<window type="dialog" id="1204">
	<defaultcontrol always="true">10</defaultcontrol>
	<coordinates>
		<system>1</system>
		<posx>0</posx>
		<posy>0</posy>
	</coordinates>
	<controls>
		
		<control type="image">
			<posx>0</posx>
			<posy>0</posy>
			<width>1280</width>
			<height>720</height>
			<texture>background.png</texture>
		</control>
		
		<control type="image">
			<posx>0</posx>
			<posy>0</posy>
			<width>1280</width>
			<height>720</height>
			<texture>credits_splatter.png</texture>
			<animation type="WindowOpen" reversible="false">
				<effect type="fade" start="0" end="100" time="1000" delay="10000" />
				<effect type="fade" start="100" end="0" time="1000" delay="129000" />
			</animation>
		</control>
		
		<control type="label">
			<posx>400</posx>
			<posy>0</posy>
			<width>640</width>
			<height>720</height>
			<label>A very special thank you for[CR]choosing Ellipsis....</label>
			<textcolor>Highlight</textcolor>
			<font>Credits_Intro</font>
			<align>left</align>
			<aligny>center</aligny>
			<animation type="WindowOpen" reversible="false">
				<effect type="fade" start="0" end="100" time="2000" />
				<effect type="fade" start="100" end="0" time="2000" delay="3000" />
			</animation>
		</control>
			
		<control type="image">
			<posx>126</posx>
			<posy>239</posy>
			<width>1027</width>
			<height>242</height>
			<texture>tbb_logo_large.png</texture>
			<animation type="WindowOpen" reversible="false">
				<effect type="zoom" start="200" end="100" center="auto" tween="sine" easing="out" time="3000" delay="5000" />
				<effect type="slide" start="0,0" end="0,-239" time="2000" delay="10000" />
				<effect type="zoom" start="100" end="10" center="auto" tween="sine" easing="in" time="2000" delay="10000" />	
				<effect type="rotatex" center="0,242" start="0" end="20" time="2000" delay="10000" />
				<effect type="fade" start="100" end="0" time="2000" delay="10000" />
			</animation>
		</control>
					
		<control type="group">	
		
			<camera x="640" y="0" />		
			<animation type="WindowOpen" reversible="false">
				<effect type="rotatex" center="0,0" start="40" end="40" />
			</animation>
			
			<control type="grouplist" id="9000">
				<animation type="WindowOpen" reversible="false">
					<effect type="slide" start="0,720" end="0,-7442" time="121000" delay="10000" />
				</animation>
				<posx>0</posx>
				<posy>0</posy>
				<width>1280</width>
				<height>7442</height>
				<itemgap>0</itemgap>
				<orientation>vertical</orientation>
				
				<control type="label">
					<width>1280</width>
					<height>80</height>
					<label>PROJECT LEAD</label>
					<textcolor>Highlight</textcolor>
					<font>Credits_Title</font>
					<align>center</align>
					<aligny>center</aligny>
				</control>
				<control type="label">
					<width>1280</width>
					<height>80</height>
					<label>BLACKBOLT</label>
					<textcolor>Text</textcolor>
					<font>Credits_Info</font>
					<align>center</align>
					<aligny>center</aligny>
				</control>
				<control type="label">
					<width>1280</width>
					<height>80</height>
					<label>-</label>
					<textcolor>Text</textcolor>
					<font>Credits_Info</font>
					<align>center</align>
					<aligny>center</aligny>
				</control>
				
				<control type="label">
					<width>1280</width>
					<height>80</height>
					<label>CODE &amp; DEVELOPMENT</label>
					<textcolor>Highlight</textcolor>
					<font>Credits_Title</font>
					<align>center</align>
					<aligny>center</aligny>
				</control>
				<control type="label">
					<width>1280</width>
					<height>80</height>
					<label>EQUINOX</label>
					<textcolor>Text</textcolor>
					<font>Credits_Info</font>
					<align>center</align>
					<aligny>center</aligny>
				</control>
				<control type="label">
					<width>1280</width>
					<height>80</height>
					<label>-</label>
					<textcolor>Text</textcolor>
					<font>Credits_Info</font>
					<align>center</align>
					<aligny>center</aligny>
				</control>

				<control type="label">
					<width>1280</width>
					<height>80</height>
					<label>BETA TESTERS</label>
					<textcolor>Highlight</textcolor>
					<font>Credits_Title</font>
					<align>center</align>
					<aligny>center</aligny>
				</control>
				<control type = "label">
					<width>1280</width>
					<height>80</height>
					<label>BLACKBOLT</label>
					<textcolor>Text</textcolor>
					<font>Credits_Info</font>
					<align>center</align>
					<aligny>center</aligny>
				</control>
				<control type = "label">
					<width>1280</width>
					<height>80</height>
					<label>EQUINOX</label>
					<textcolor>Text</textcolor>
					<font>Credits_Info</font>
					<align>center</align>
					<aligny>center</aligny>
				</control>
				<control type = "label">
					<width>1280</width>
					<height>80</height>
					<label>ROCKY5</label>
					<textcolor>Text</textcolor>
					<font>Credits_Info</font>
					<align>center</align>
					<aligny>center</aligny>
				</control>
				<control type = "label">
					<width>1280</width>
					<height>80</height>
					<label>ARCANTHUR</label>
					<textcolor>Text</textcolor>
					<font>Credits_Info</font>
					<align>center</align>
					<aligny>center</aligny>
				</control>
				<control type = "label">
					<width>1280</width>
					<height>80</height>
					<label>XBMCG33K</label>
					<textcolor>Text</textcolor>
					<font>Credits_Info</font>
					<align>center</align>
					<aligny>center</aligny>
				</control>
				<control type = "label">
					<width>1280</width>
					<height>80</height>
					<label>SETH CHEEK</label>
					<textcolor>Text</textcolor>
					<font>Credits_Info</font>
					<align>center</align>
					<aligny>center</aligny>
				</control>
				<control type = "label">
					<width>1280</width>
					<height>80</height>
					<label>DEAN ELLIOTT</label>
					<textcolor>Text</textcolor>
					<font>Credits_Info</font>
					<align>center</align>
					<aligny>center</aligny>
				</control>
				<control type = "label">
					<width>1280</width>
					<height>80</height>
					<label>BIZZEH</label>
					<textcolor>Text</textcolor>
					<font>Credits_Info</font>
					<align>center</align>
					<aligny>center</aligny>
				</control>
				<control type = "label">
					<width>1280</width>
					<height>80</height>
					<label>CHRIS SOLIMO</label>
					<textcolor>Text</textcolor>
					<font>Credits_Info</font>
					<align>center</align>
					<aligny>center</aligny>
				</control>

				
				<control type = "label">
					<width>1280</width>
					<height>80</height>
					<label>BEN SCOTT</label>
					<textcolor>Text</textcolor>
					<font>Credits_Info</font>
					<align>center</align>
					<aligny>center</aligny>
				</control>				
				<control type = "label">
					<width>1280</width>
					<height>80</height>
					<label>PIET CREEMERS</label>
					<textcolor>Text</textcolor>
					<font>Credits_Info</font>
					<align>center</align>
					<aligny>center</aligny>
				</control>
				<control type = "label">
					<width>1280</width>
					<height>80</height>
					<label>MARKUS GUNTNER</label>
					<textcolor>Text</textcolor>
					<font>Credits_Info</font>
					<align>center</align>
					<aligny>center</aligny>
				</control>
				<control type = "label">
					<width>1280</width>
					<height>80</height>
					<label>DANIEL SCHOLL</label>
					<textcolor>Text</textcolor>
					<font>Credits_Info</font>
					<align>center</align>
					<aligny>center</aligny>
				</control>
				<control type = "label">
					<width>1280</width>
					<height>80</height>
					<label>NICK GOEDHALS</label>
					<textcolor>Text</textcolor>
					<font>Credits_Info</font>
					<align>center</align>
					<aligny>center</aligny>
				</control>
				<control type = "label">
					<width>1280</width>
					<height>80</height>
					<label>LARS STEPPUTT</label>
					<textcolor>Text</textcolor>
					<font>Credits_Info</font>
					<align>center</align>
					<aligny>center</aligny>
				</control>
				<control type = "label">
					<width>1280</width>
					<height>80</height>
					<label>FRINGUELLI FABRIZIO</label>
					<textcolor>Text</textcolor>
					<font>Credits_Info</font>
					<align>center</align>
					<aligny>center</aligny>
				</control>
				<control type = "label">
					<width>1280</width>
					<height>80</height>
					<label>JEROEN CAMP</label>
					<textcolor>Text</textcolor>
					<font>Credits_Info</font>
					<align>center</align>
					<aligny>center</aligny>
				</control>
				<control type = "label">
					<width>1280</width>
					<height>80</height>
					<label>SAM VON NEEFE</label>
					<textcolor>Text</textcolor>
					<font>Credits_Info</font>
					<align>center</align>
					<aligny>center</aligny>
				</control>
				<control type = "label">
					<width>1280</width>
					<height>80</height>
					<label>PHILIPP SCHADINGER</label>
					<textcolor>Text</textcolor>
					<font>Credits_Info</font>
					<align>center</align>
					<aligny>center</aligny>
				</control>
				<control type = "label">
					<width>1280</width>
					<height>80</height>
					<label>DANIEL PAHL</label>
					<textcolor>Text</textcolor>
					<font>Credits_Info</font>
					<align>center</align>
					<aligny>center</aligny>
				</control>
				<control type = "label">
					<width>1280</width>
					<height>80</height>
					<label>DERRICK SAMUELS</label>
					<textcolor>Text</textcolor>
					<font>Credits_Info</font>
					<align>center</align>
					<aligny>center</aligny>
				</control>
				<control type = "label">
					<width>1280</width>
					<height>80</height>
					<label>MICHAL GRABOWSKI</label>
					<textcolor>Text</textcolor>
					<font>Credits_Info</font>
					<align>center</align>
					<aligny>center</aligny>
				</control>
				<control type = "label">
					<width>1280</width>
					<height>80</height>
					<label>DAVID PURPLE</label>
					<textcolor>Text</textcolor>
					<font>Credits_Info</font>
					<align>center</align>
					<aligny>center</aligny>
				</control>
				<control type = "label">
					<width>1280</width>
					<height>80</height>
					<label>ALEXIS VINCENT</label>
					<textcolor>Text</textcolor>
					<font>Credits_Info</font>
					<align>center</align>
					<aligny>center</aligny>
				</control>
				<control type = "label">
					<width>1280</width>
					<height>80</height>
					<label>JEFF SMITH</label>
					<textcolor>Text</textcolor>
					<font>Credits_Info</font>
					<align>center</align>
					<aligny>center</aligny>
				</control>
				<control type = "label">
					<width>1280</width>
					<height>80</height>
					<label>OLIVER OWEN</label>
					<textcolor>Text</textcolor>
					<font>Credits_Info</font>
					<align>center</align>
					<aligny>center</aligny>
				</control>
				<control type = "label">
					<width>1280</width>
					<height>80</height>
					<label>STEVEN WHYTE</label>
					<textcolor>Text</textcolor>
					<font>Credits_Info</font>
					<align>center</align>
					<aligny>center</aligny>
				</control>
				<control type = "label">
					<width>1280</width>
					<height>80</height>
					<label>CLIFF STEPHENS</label>
					<textcolor>Text</textcolor>
					<font>Credits_Info</font>
					<align>center</align>
					<aligny>center</aligny>
				</control>
				<control type = "label">
					<width>1280</width>
					<height>80</height>
					<label>WALID SADFI</label>
					<textcolor>Text</textcolor>
					<font>Credits_Info</font>
					<align>center</align>
					<aligny>center</aligny>
				</control>
				<control type = "label">
					<width>1280</width>
					<height>80</height>
					<label>STAVROS LABROU</label>
					<textcolor>Text</textcolor>
					<font>Credits_Info</font>
					<align>center</align>
					<aligny>center</aligny>
				</control>
				<control type = "label">
					<width>1280</width>
					<height>80</height>
					<label>BRANDON SYLVESTER</label>
					<textcolor>Text</textcolor>
					<font>Credits_Info</font>
					<align>center</align>
					<aligny>center</aligny>
				</control>
				<control type = "label">
					<width>1280</width>
					<height>80</height>
					<label>MICHAEL OSTERGAARD SOREBSEN</label>
					<textcolor>Text</textcolor>
					<font>Credits_Info</font>
					<align>center</align>
					<aligny>center</aligny>
				</control>
				<control type = "label">
					<width>1280</width>
					<height>80</height>
					<label>RYAN FLAGLER</label>
					<textcolor>Text</textcolor>
					<font>Credits_Info</font>
					<align>center</align>
					<aligny>center</aligny>
				</control>
				<control type = "label">
					<width>1280</width>
					<height>80</height>
					<label>LYNDON WEST</label>
					<textcolor>Text</textcolor>
					<font>Credits_Info</font>
					<align>center</align>
					<aligny>center</aligny>
				</control>
				<control type = "label">
					<width>1280</width>
					<height>80</height>
					<label>TYRONE PETERSEN</label>
					<textcolor>Text</textcolor>
					<font>Credits_Info</font>
					<align>center</align>
					<aligny>center</aligny>
				</control>
				<control type = "label">
					<width>1280</width>
					<height>80</height>
					<label>-</label>
					<textcolor>Text</textcolor>
					<label>KAREN WARANIS</label>
					<textcolor>Text</textcolor>
					<font>Credits_Info</font>
					<align>center</align>
					<aligny>center</aligny>
				</control>
				<control type = "label">
					<width>1280</width>
					<height>80</height>
					<label>-</label>
					<textcolor>Text</textcolor>
					<label>AONGHUS FRASER</label>
					<textcolor>Text</textcolor>
					<font>Credits_Info</font>
					<align>center</align>
					<aligny>center</aligny>
				</control>
				<control type = "label">
					<width>1280</width>
					<height>80</height>
					<label>-</label>
					<textcolor>Text</textcolor>
					<label>ALEXANDRE PILLOUD</label>
					<textcolor>Text</textcolor>
					<font>Credits_Info</font>
					<align>center</align>
					<aligny>center</aligny>
				</control>
				<control type = "label">
					<width>1280</width>
					<height>80</height>
					<label>-</label>
					<textcolor>Text</textcolor>
					<label>BOB KRATTLI</label>
					<textcolor>Text</textcolor>
					<font>Credits_Info</font>
					<align>center</align>
					<aligny>center</aligny>
				</control>
				<control type = "label">
					<width>1280</width>
					<height>80</height>
					<label>-</label>
					<textcolor>Text</textcolor>
					<label>BJARTE ROLLAND</label>
					<textcolor>Text</textcolor>
					<font>Credits_Info</font>
					<align>center</align>
					<aligny>center</aligny>
				</control>
				<control type = "label">
					<width>1280</width>
					<height>80</height>
					<label>-</label>
					<textcolor>Text</textcolor>
					<label>GEORGE WELSH</label>
					<textcolor>Text</textcolor>
					<font>Credits_Info</font>
					<align>center</align>
					<aligny>center</aligny>
				</control>
				<control type = "label">
					<width>1280</width>
					<height>80</height>
					<label>-</label>
					<textcolor>Text</textcolor>
					<label>LAURI YLIJOKI</label>
					<textcolor>Text</textcolor>
					<font>Credits_Info</font>
					<align>center</align>
					<aligny>center</aligny>
				</control>
				<control type = "label">
					<width>1280</width>
					<height>80</height>
					<label>-</label>
					<textcolor>Text</textcolor>
					<label>JAMIE SOARES SILVA</label>
					<textcolor>Text</textcolor>
					<font>Credits_Info</font>
					<align>center</align>
					<aligny>center</aligny>
				</control>
				<control type = "label">
					<width>1280</width>
					<height>80</height>
					<label>-</label>
					<textcolor>Text</textcolor>
					<label>ENRICO ACKERMANN</label>
					<textcolor>Text</textcolor>
					<font>Credits_Info</font>
					<align>center</align>
					<aligny>center</aligny>
				</control>
				<control type = "label">
					<width>1280</width>
					<height>80</height>
					<label>-</label>
					<textcolor>Text</textcolor>
					<label>CLIFF WARNER</label>
					<textcolor>Text</textcolor>
					<font>Credits_Info</font>
					<align>center</align>
					<aligny>center</aligny>
				</control>
				<control type = "label">
					<width>1280</width>
					<height>80</height>
					<label>-</label>
					<textcolor>Text</textcolor>
					<label>NICK GIBSON</label>
					<textcolor>Text</textcolor>
					<font>Credits_Info</font>
					<align>center</align>
					<aligny>center</aligny>
				</control>
				<control type = "label">
					<width>1280</width>
					<height>80</height>
					<label>-</label>
					<textcolor>Text</textcolor>
					<label>PATRICK GRUBER</label>
					<textcolor>Text</textcolor>
					<font>Credits_Info</font>
					<align>center</align>
					<aligny>center</aligny>
				</control>
				<control type = "label">
					<width>1280</width>
					<height>80</height>
					<label>-</label>
					<textcolor>Text</textcolor>
					<label>NICHOLAS WHITE</label>
					<textcolor>Text</textcolor>
					<font>Credits_Info</font>
					<align>center</align>
					<aligny>center</aligny>
				</control>
				<control type = "label">
					<width>1280</width>
					<height>80</height>
					<label>-</label>
					<textcolor>Text</textcolor>
					<label>MARKUS KAHLE</label>
					<textcolor>Text</textcolor>
					<font>Credits_Info</font>
					<align>center</align>
					<aligny>center</aligny>
				</control>
				<control type = "label">
					<width>1280</width>
					<height>80</height>
					<label>-</label>
					<textcolor>Text</textcolor>
					<label>DEAN MOILER</label>
					<textcolor>Text</textcolor>
					<font>Credits_Info</font>
					<align>center</align>
					<aligny>center</aligny>
				</control>
				<control type = "label">
					<width>1280</width>
					<height>80</height>
					<label>-</label>
					<textcolor>Text</textcolor>
					<label>ALAN HAWKINS</label>
					<textcolor>Text</textcolor>
					<font>Credits_Info</font>
					<align>center</align>
					<aligny>center</aligny>
				</control>
				<control type = "label">
					<width>1280</width>
					<height>80</height>
					<label>-</label>
					<textcolor>Text</textcolor>
					<label>BARRY WILLIAMS</label>
					<textcolor>Text</textcolor>
					<font>Credits_Info</font>
					<align>center</align>
					<aligny>center</aligny>
				</control>
				<control type = "label">
					<width>1280</width>
					<height>80</height>
					<label>-</label>
					<textcolor>Text</textcolor>
					<label>JOHAN WESSBERG</label>
					<textcolor>Text</textcolor>
					<font>Credits_Info</font>
					<align>center</align>
					<aligny>center</aligny>
				</control>
				<control type = "label">
					<width>1280</width>
					<height>80</height>
					<label>-</label>
					<textcolor>Text</textcolor>
					<label>MIKE HERTEL</label>
					<textcolor>Text</textcolor>
					<font>Credits_Info</font>
					<align>center</align>
					<aligny>center</aligny>
				</control>
				<control type = "label">
					<width>1280</width>
					<height>80</height>
					<label>-</label>
					<textcolor>Text</textcolor>
					<label>KENNY JOHANSSON</label>
					<textcolor>Text</textcolor>
					<font>Credits_Info</font>
					<align>center</align>
					<aligny>center</aligny>
				</control>
				<control type = "label">
					<width>1280</width>
					<height>80</height>
					<label>-</label>
					<textcolor>Text</textcolor>
					<label>STUART MCLEAN</label>
					<textcolor>Text</textcolor>
					<font>Credits_Info</font>
					<align>center</align>
					<aligny>center</aligny>
				</control>
				<control type = "label">
					<width>1280</width>
					<height>80</height>
					<label>-</label>
					<textcolor>Text</textcolor>
					<label>WILLIAM O'NEILL</label>
					<textcolor>Text</textcolor>
					<font>Credits_Info</font>
					<align>center</align>
					<aligny>center</aligny>
				</control>
				<control type = "label">
					<width>1280</width>
					<height>80</height>
					<label>-</label>
					<textcolor>Text</textcolor>
					<label>ROBERT SCHUELER</label>
					<textcolor>Text</textcolor>
					<font>Credits_Info</font>
					<align>center</align>
					<aligny>center</aligny>
				</control>
				<control type = "label">
					<width>1280</width>
					<height>80</height>
					<label>-</label>
					<textcolor>Text</textcolor>
					<label>STEPHAN MARX</label>
					<textcolor>Text</textcolor>
					<font>Credits_Info</font>
					<align>center</align>
					<aligny>center</aligny>
				</control>
				<control type = "label">
					<width>1280</width>
					<height>80</height>
					<label>-</label>
					<textcolor>Text</textcolor>
					<label>RICHARD DOBOSZ</label>
					<textcolor>Text</textcolor>
					<font>Credits_Info</font>
					<align>center</align>
					<aligny>center</aligny>
				</control>
				<control type = "label">
					<width>1280</width>
					<height>80</height>
					<label>-</label>
					<textcolor>Text</textcolor>
					<label>NEIL BURGOYNE</label>
					<textcolor>Text</textcolor>
					<font>Credits_Info</font>
					<align>center</align>
					<aligny>center</aligny>
				</control>
				<control type = "label">
					<width>1280</width>
					<height>80</height>
					<label>-</label>
					<textcolor>Text</textcolor>
					<font>Credits_Info</font>
					<align>center</align>
					<aligny>center</aligny>
				</control>

				<control type="label">
					<width>1280</width>
					<height>80</height>
					<label>SPECIAL THANKS</label>
					<textcolor>Highlight</textcolor>
					<font>Credits_Title</font>
					<align>center</align>
					<aligny>center</aligny>
				</control>
				<control type="label">
					<width>1280</width>
					<height>80</height>
					<label>JEZZ_X</label>
					<textcolor>Text</textcolor>
					<font>Credits_Info</font>
					<align>center</align>
					<aligny>center</aligny>
				</control>
				<control type="label">
					<width>1280</width>
					<height>80</height>
					<label>JMARSHALL</label>
					<textcolor>Text</textcolor>
					<font>Credits_Info</font>
					<align>center</align>
					<aligny>center</aligny>
				</control>
				<control type="label">
					<width>1280</width>
					<height>80</height>
					<label>THE UNI</label>
					<textcolor>Text</textcolor>
					<font>Credits_Info</font>
					<align>center</align>
					<aligny>center</aligny>
				</control>
				<control type="label">
					<width>1280</width>
					<height>80</height>
					<label>ACTIONCORP TV</label>
					<textcolor>Text</textcolor>
					<font>Credits_Info</font>
					<align>center</align>
					<aligny>center</aligny>
				</control>
				<control type="label">
					<width>1280</width>
					<height>80</height>
					<label>-</label>
					<textcolor>Text</textcolor>
					<font>Credits_Info</font>
					<align>center</align>
					<aligny>center</aligny>
				</control>
				
				<control type="label">
					<width>1280</width>
					<height>80</height>
					<label>MUSIC BY</label>
					<textcolor>Highlight</textcolor>
					<font>Credits_Title</font>
					<align>center</align>
					<aligny>center</aligny>
				</control>
				<control type="label">
					<width>1280</width>
					<height>80</height>
					<label>EQUINOX</label>
					<textcolor>Text</textcolor>
					<font>Credits_Info</font>
					<align>center</align>
					<aligny>center</aligny>
				</control>
				<control type="label">
					<width>1280</width>
					<height>80</height>
					<label>-</label>
					<textcolor>Text</textcolor>
					<font>Credits_Info</font>
					<align>center</align>
					<aligny>center</aligny>
				</control>
				<control type="label">
					<width>1280</width>
					<height>80</height>
					<label>THE FORCE BY</label>
					<textcolor>Text</textcolor>
					<font>Credits_Info</font>
					<align>center</align>
					<aligny>center</aligny>
				</control>
				<control type="label">
					<width>1280</width>
					<height>80</height>
					<label>THE DROIDS</label>
					<textcolor>Text</textcolor>
					<font>Credits_Info</font>
					<align>center</align>
					<aligny>center</aligny>
				</control>
				<control type="label">
					<width>1280</width>
					<height>80</height>
					<label>-</label>
					<textcolor>Text</textcolor>
					<font>Credits_Info</font>
					<align>center</align>
					<aligny>center</aligny>
				</control>
								
				<control type="label">
					<width>1280</width>
					<height>80</height>
					<label>VISIT US ON THE WEB:</label>
					<textcolor>Text</textcolor>
					<font>Credits_Small</font>
					<align>center</align>
					<aligny>center</aligny>
				</control>
				<control type="label">
					<width>1280</width>
					<height>80</height>
					<label>HTTP://WWW.TEAMBLACKBOLT.CO.UK</label>
					<textcolor>Text</textcolor>
					<font>Credits_Small</font>
					<align>center</align>
					<aligny>center</aligny>
				</control>
				<control type="label">
					<width>1280</width>
					<height>80</height>
					<label>-</label>
					<textcolor>Text</textcolor>
					<font>Credits_Info</font>
					<align>center</align>
					<aligny>center</aligny>
				</control>
				
				<control type="label">
					<width>1280</width>
					<height>80</height>
					<label>ALL RIGHTS RESERVED</label>
					<textcolor>Text</textcolor>
					<font>Credits_Small</font>
					<align>center</align>
					<aligny>center</aligny>
				</control>
				<control type="label">
					<width>1280</width>
					<height>80</height>
					<label>&#169; COPYRIGHT TEAM BLACKBOLT 2009</label>
					<textcolor>Text</textcolor>
					<font>Credits_Small</font>
					<align>center</align>
					<aligny>center</aligny>
				</control>
				<control type="label">
					<width>1280</width>
					<height>80</height>
					<label>-</label>
					<textcolor>Text</textcolor>
					<font>Credits_Info</font>
					<align>center</align>
					<aligny>center</aligny>
				</control>
				
				<control type="label">
					<width>1280</width>
					<height>80</height>
					<label>-</label>
					<textcolor>Text</textcolor>
					<font>Credits_Info</font>
					<align>center</align>
					<aligny>center</aligny>
				</control>
				<control type="group">
					<width>1280</width>
					<height>242</height>
					<control type="image">
						<posx>126</posx>
						<posy>0</posy>
						<width>1027</width>
						<height>242</height>
						<texture>tbb_logo_large.png</texture>
					</control>
				</control>
				<control type="label">
					<width>1280</width>
					<height>80</height>
					<label>-</label>
					<textcolor>Text</textcolor>
					<font>Credits_Info</font>
					<align>center</align>
					<aligny>center</aligny>
				</control>
				
			</control>

		</control>
		
		<control type="button" id="10">
			<onfocus>Dialog.Close(1204)</onfocus>
			<onclick>Dialog.Close(1204)</onclick>
			<texturenofocus>-</texturenofocus>
			<texturefocus>-</texturefocus>
			<animation effect="fade" start="0" end="0" time="0" delay="132000">Focus</animation>
		</control>
			
	</controls>
</window>