<window id="2001">
	<defaultcontrol always="true">5</defaultcontrol>
	<include>Fade_In_WindowOpen</include>
	<include>Fade_Out_WindowClose</include>
	<coordinates>
		<system>1</system>
		<posx>0</posx>
		<posy>0</posy>
	</coordinates>
	<controls>
	
		<include>Zoom_In_WindowOpen</include>
		<include>Zoom_Out_WindowClose</include>	
	
		<control type="image">
			<posx>0</posx>
			<posy>0</posy>
			<width>1280</width>
			<height>720</height>
			<texture>filter_keyboard_shadow.png</texture>
		</control>
		
		<control type="group">
		
			<posx>64</posx>
			<posy>35</posy>
			<width>1151</width>
			<height>708</height>
		
			<include>Zoom_In_WindowOpen</include>
			<include>Zoom_Out_WindowClose</include>
		
			<control type="image">
				<posx>0</posx>
				<posy>0</posy>
				<width>1151</width>
				<height>708</height>
				<texture>dialogs\dialog-background-verytall.png</texture>
			</control>
			
			<control type="image">
				<posx>543</posx>
				<posy>56</posy>
				<width>64</width>
				<height>64</height>
				<texture>dialogs\albuminfo-dialog-icon.png</texture>
			</control>

			<control type="label">
				<posx>0</posx>
				<posy>125</posy>
				<width>1151</width>
				<align>center</align>
				<font>Heading</font>
				<info>ListItem.Album</info>
				<textcolor>Text</textcolor>
			</control>	
			
			<control type="image">
				<posx>90</posx>
				<posy>177</posy>
				<width>226</width>
				<height>226</height>
				<aspectratio align="center" scalediffuse="false">scale</aspectratio>
				<texture diffuse="iconview-diffuse.png">$INFO[ListItem.Icon]</texture>
			</control>
			
			<control type="image">
				<posx>90</posx>
				<posy>177</posy>
				<width>226</width>
				<height>226</height>
				<texture>iconview-overlay.png</texture>
			</control>
			
			<control type="group">
				
				<visible>!Control.IsVisible(50)</visible>
		
				<control type="label">
					<posx>426</posx>
					<posy>177</posy>
					<width>90</width>
					<font>Medium_Bold</font>
					<label>$LOCALIZE[557]:</label>
					<textcolor>TextMediun</textcolor>
					<align>right</align>
				</control>	
				
				<control type="label">
					<posx>436</posx>
					<posy>177</posy>
					<width>625</width>
					<font>Medium_Bold</font>
					<label fallback="161">$INFO[ListItem.Artist]</label>
					<textcolor>Text</textcolor>
					<scroll>true</scroll>
				</control>
				
				<control type="label">
					<posx>426</posx>
					<posy>202</posy>
					<width>90</width>
					<font>Medium_Bold</font>
					<label>$LOCALIZE[515]:</label>
					<textcolor>TextMediun</textcolor>
					<align>right</align>
				</control>	
				
				<control type="label">
					<posx>436</posx>
					<posy>202</posy>
					<width>625</width>
					<font>Medium_Bold</font>
					<label fallback="161">$INFO[ListItem.Genre]</label>
					<textcolor>Text</textcolor>
					<scroll>true</scroll>
				</control>	
				
				<control type="label">
					<posx>426</posx>
					<posy>227</posy>
					<width>90</width>
					<font>Medium_Bold</font>
					<label>$LOCALIZE[563]:</label>
					<textcolor>TextMediun</textcolor>
					<align>right</align>
				</control>	
				
				<control type="label">
					<posx>436</posx>
					<posy>227</posy>
					<width>625</width>
					<font>Medium_Bold</font>
					<label fallback="161">$INFO[ListItem.Rating]</label>
					<textcolor>Text</textcolor>
					<scroll>true</scroll>
				</control>	
				
				<control type="label">
					<posx>426</posx>
					<posy>252</posy>
					<width>90</width>
					<font>Medium_Bold</font>
					<label>$LOCALIZE[175]:</label>
					<textcolor>TextMediun</textcolor>
					<align>right</align>
				</control>	
				
				<control type="label">
					<posx>436</posx>
					<posy>252</posy>
					<width>625</width>
					<font>Medium_Bold</font>
					<label fallback="161">$INFO[ListItem.Property(Album_Mood)]</label>
					<textcolor>Text</textcolor>
					<scroll>true</scroll>
				</control>	
				
				<control type="label">
					<posx>426</posx>
					<posy>277</posy>
					<width>90</width>
					<font>Medium_Bold</font>
					<label>$LOCALIZE[176]:</label>
					<textcolor>TextMediun</textcolor>
					<align>right</align>
				</control>	
				
				<control type="label">
					<posx>436</posx>
					<posy>277</posy>
					<width>625</width>
					<font>Medium_Bold</font>
					<label fallback="161">$INFO[ListItem.Property(Album_Style)]</label>
					<textcolor>Text</textcolor>
					<scroll>true</scroll>
				</control>	
				
				<control type="label">
					<posx>426</posx>
					<posy>302</posy>
					<width>90</width>
					<font>Medium_Bold</font>
					<label>$LOCALIZE[21895]:</label>
					<textcolor>TextMediun</textcolor>
					<align>right</align>
				</control>	
				
				<control type="label">
					<posx>436</posx>
					<posy>302</posy>
					<width>625</width>
					<font>Medium_Bold</font>
					<label fallback="161">$INFO[ListItem.Property(Album_Theme)]</label>
					<textcolor>Text</textcolor>
					<scroll>true</scroll>
				</control>	
				
				<control type="label">
					<posx>426</posx>
					<posy>327</posy>
					<width>90</width>
					<font>Medium_Bold</font>
					<label>$LOCALIZE[146]:</label>
					<textcolor>TextMediun</textcolor>
					<align>right</align>
				</control>	
				
				<control type="label">
					<posx>436</posx>
					<posy>327</posy>
					<width>625</width>
					<font>Medium_Bold</font>
					<label fallback="161">$INFO[ListItem.Property(Album_Type)]</label>
					<textcolor>Text</textcolor>
					<scroll>true</scroll>
				</control>	
				
				<control type="label">
					<posx>426</posx>
					<posy>352</posy>
					<width>90</width>
					<font>Medium_Bold</font>
					<label>$LOCALIZE[21899]:</label>
					<textcolor>TextMediun</textcolor>
					<align>right</align>
				</control>	
				
				<control type="label">
					<posx>436</posx>
					<posy>352</posy>
					<width>625</width>
					<font>Medium_Bold</font>
					<label fallback="161">$INFO[ListItem.Property(Album_Label)]</label>
					<textcolor>Text</textcolor>
					<scroll>true</scroll>
				</control>	
			
				<control type="label">
					<posx>426</posx>
					<posy>377</posy>
					<width>90</width>
					<font>Medium_Bold</font>
					<label>$LOCALIZE[562]:</label>
					<textcolor>TextMediun</textcolor>
					<align>right</align>
				</control>	
				
				<control type="label">
					<posx>436</posx>
					<posy>377</posy>
					<width>625</width>
					<font>Medium_Bold</font>
					<label fallback="161">$INFO[ListItem.Year]</label>
					<textcolor>Text</textcolor>
					<scroll>true</scroll>
				</control>	

				<control type="image">
					<posx>90</posx>
					<posy>430</posy>
					<width>971</width>
					<height>130</height>
					<texture border="10,10,10,10">menu\library\panel-light.png</texture>
					<colordiffuse>LibraryPanelDiffuse</colordiffuse>
				</control>
				
				<control type="textbox" id="4">
					<posx>105</posx>
					<posy>440</posy>			
					<width>941</width>
					<height>110</height>
					<font>Medium_Bold</font>
					<textcolor>Text</textcolor>
					<align>left</align>
					<autoscroll time="3000" delay="4000" repeat="5000">true</autoscroll>
				</control>
				
			</control>
							
			<control type="list" id="50">
				<posx>336</posx>
				<posy>177</posy>
				<width>676</width>
				<height>336</height>
				<onleft>200</onleft>
				<onright>60</onright>
				<onup>200</onup>
				<ondown>200</ondown>
				<pagecontrol>60</pagecontrol>
				<itemlayout width="676" height="42">
					<control type="label">
						<posx>30</posx>
						<posy>0</posy>
						<width>60</width>
						<height>42</height>
						<font>Medium_Bold</font>
						<label>($INFO[ListItem.TrackNumber])</label>
						<textcolor>TextMediun</textcolor>
						<align>center</align>
						<aligny>center</aligny>
					</control>	
					<control type="label">
						<posx>60</posx>
						<posy>0</posy>
						<width>476</width>
						<height>42</height>
						<font>Medium_Bold</font>
						<label>$INFO[ListItem.Label]</label>
						<textcolor>Text</textcolor>
						<scroll>true</scroll>
						<aligny>center</aligny>
					</control>
					<control type="label">
						<posx>666</posx>
						<posy>0</posy>
						<width>120</width>
						<height>42</height>
						<font>Medium_Bold</font>
						<label>$INFO[ListItem.Label2]</label>
						<textcolor>Text</textcolor>
						<scroll>true</scroll>
						<align>right</align>
						<aligny>center</aligny>
					</control>
				</itemlayout>
				<focusedlayout width="676" height="42">
					<control type="image">
						<posx>0</posx>
						<posy>0</posy>
						<width>676</width>
						<height>42</height>
						<texture border="4,5,6,8">controls\button_f.png</texture>
						<visible>Control.HasFocus(50)</visible>
					</control>
					<control type="label">
						<posx>30</posx>
						<posy>0</posy>
						<width>60</width>
						<height>42</height>
						<font>Medium_Bold</font>
						<label>($INFO[ListItem.TrackNumber])</label>
						<textcolor>TextMediun</textcolor>
						<align>center</align>
						<aligny>center</aligny>
					</control>	
					<control type="label">
						<posx>60</posx>
						<posy>0</posy>
						<width>476</width>
						<height>42</height>
						<font>Medium_Bold</font>
						<label>$INFO[ListItem.Label]</label>
						<textcolor>Text</textcolor>
						<scroll>true</scroll>
						<aligny>center</aligny>
					</control>
					<control type="label">
						<posx>666</posx>
						<posy>0</posy>
						<width>120</width>
						<height>42</height>
						<font>Medium_Bold</font>
						<label>$INFO[ListItem.Label2]</label>
						<textcolor>Text</textcolor>
						<scroll>true</scroll>
						<align>right</align>
						<aligny>center</aligny>
					</control>
				</focusedlayout>
			</control>
			
			<control type="group">
			
				<visible>Control.IsVisible(50)</visible>
			
				<control type="image">
					<posx>1021</posx>
					<posy>177</posy>
					<width>40</width>
					<height>40</height>
					<texture>menu\nav\nav_arrow_up_NF.png</texture>
					<animation effect="fade" time="600">Visible</animation>
					<visible>!Container(50).OnPrevious</visible>
				</control>
				<control type="image">
					<posx>1021</posx>
					<posy>177</posy>
					<width>40</width>
					<height>40</height>
					<texture>menu\nav\nav_arrow_up_FO.png</texture>
					<animation type="Hidden">
						<effect type="slide" start="0,-10" end="0" center="auto" time="300" reversible="false" />
						<effect type="fade" start="100" end="0" time="300" reversible="false" />
					</animation>
					<visible>Container(50).OnPrevious</visible>
				</control>	
							
				<control type="scrollbar" id="60">
					<posx>1036</posx>
					<posy>217</posy>
					<width>10</width>
					<height>256</height>
					<onleft>50</onleft>
					<onright>200</onright>
				</control>
				
				<control type="image">
					<posx>1021</posx>
					<posy>473</posy>
					<width>40</width>
					<height>40</height>
					<texture>menu\nav\nav_arrow_down_NF.png</texture>
					<animation effect="fade" time="600">Visible</animation>
					<visible>!Container(50).OnNext</visible>
				</control>
				<control type="image">
					<posx>1021</posx>
					<posy>473</posy>
					<width>40</width>
					<height>40</height>
					<texture>menu\nav\nav_arrow_down_FO.png</texture>
					<animation type="Hidden">
						<effect type="slide" start="0,10" end="0" center="auto" time="300" reversible="false" />
						<effect type="fade" start="100" end="0" time="300" reversible="false" />
					</animation>
					<visible>Container(50).OnNext</visible>
				</control>	
				
				<control type="label">
					<posx>346</posx>
					<posy>533</posy>
					<width>676</width>
					<font>Medium</font>
					<scroll>true</scroll>
					<label>$INFO[Container(50).NumItems] $LOCALIZE[50129] - $LOCALIZE[50130] $INFO[Container(50).CurrentPage] $LOCALIZE[20163] $INFO[Container(50).NumPages]</label>
				</control>
			
			</control>	
				
			<control type="grouplist" id="200">
				<posx>0</posx>
				<posy>585</posy>
				<width>1151</width>
				<height>46</height>
				<onleft>200</onleft>
				<onright>200</onright>
				<onup>50</onup>
				<ondown>50</ondown>
				<itemgap>10</itemgap>
				<align>center</align>
				<orientation>horizontal</orientation>
				<control type="button" id="5">
					<description>Cast/Review</description>
					<height>46</height>
					<width>186</width>
					<label>206</label>
					<align>center</align>
				</control>
				<control type="button" id="6">
					<description>Refresh</description>
					<height>46</height>
					<width>186</width>
					<label>184</label>
					<align>center</align>
				</control>
				<control type="button" id="10">
					<description>Thumb</description>
					<height>46</height>
					<width>186</width>
					<label>13405</label>
					<align>center</align>
				</control>
				<control type="button" id="12">
					<description>Get Fanart</description>
					<height>46</height>
					<width>186</width>
					<label>20413</label>
					<align>center</align>
				</control>	
			</control>
		
		</control>
		
	</controls>
</window>