<window id="104">
	<defaultcontrol>1</defaultcontrol>
	<coordinates>
		<system>1</system>
		<posx>0</posx>
		<posy>0</posy>
	</coordinates>
	<controls>

		<control type="group">
	
			<posx>1046</posx>
			<posy>0</posy>

			<animation effect="slide" start="234" end="0" time="300" tween="sine" easing="out" reversible="false">WindowOpen</animation>
			<animation effect="slide" start="0" end="234" time="300" tween="sine" easing="in" reversible="false">WindowClose</animation>

			<control type="image">
				<posx>0</posx>
				<posy>0</posy>
				<width>234</width>
				<height>53</height>
				<texture>dialogs\tab-topright-volume.png</texture>
			</control>
			
			<control type="image">
				<visible>!Player.Muted</visible>
				<posx>45</posx>
				<posy>8</posy>
				<width>23</width>
				<height>22</height>
				<texture>dialogs\volume-icon.png</texture>
				<animation effect="fade" start="0" end="100" time="150" reversible="false">Visible</animation>
				<animation effect="fade" start="100" end="0" time="150" reversible="false">Hidden</animation>
			</control>
			
			<control type="image">
				<visible>Player.Muted</visible>
				<posx>45</posx>
				<posy>8</posy>
				<width>23</width>
				<height>22</height>
				<texture>dialogs\volume-mute-icon.png</texture>
				<animation effect="fade" start="0" end="100" time="150" reversible="false">Visible</animation>
				<animation effect="fade" start="100" end="0" time="150" reversible="false">Hidden</animation>
			</control>
						
			<control type="progress" id="1">
				<description>Progressbar</description>
				<posx>79</posx>
				<posy>10</posy>
				<width>145</width>
				<height>18</height>
				<info>Player.Volume</info>
				<texturebg>dialogs\volume-slider-back.png</texturebg>
				<lefttexture>-</lefttexture>
				<midtexture>dialogs\volume-slider-full.png</midtexture>
				<righttexture>-</righttexture>
				<overlaytexture>-</overlaytexture>
				<visible>true</visible>
				<reveal>true</reveal>
			</control>

		</control>

	</controls>
</window>