<window type="dialog" id="143">
	<include>Fade_In_WindowOpen</include>
	<include>Fade_Out_WindowClose</include>
	<coordinates>
		<system>1</system>
		<posx>0</posx>
		<posy>0</posy>
	</coordinates>
	<controls>
		<control type="group">
		
			<posx>780</posx>
			<posy>575</posy>
			<width>500</width>
			<height>145</height>
			
			<include>Zoom_In_WindowOpen</include>
			<include>Zoom_Out_WindowClose</include>
				
			<control type="image">
				<posx>0</posx>
				<posy>0</posy>
				<width>500</width>
				<height>145</height>
				<texture>dialogs\dialog-background-small.png</texture>
			</control>
			<control type="label" id="401">
				<description>Song Number Label</description>
				<posx>50</posx>
				<posy>40</posy>
				<width>400</width>
				<height>20</height>
				<font>Heading</font>
				<textcolor>Highlight</textcolor>
				<align>center</align>
			</control>
			<control type="label" id="402">
				<description>Song Name Label</description>
				<posx>50</posx>
				<posy>75</posy>
				<width>400</width>
				<height>20</height>
				<font>Medium</font>
				<textcolor>Text</textcolor>
				<align>center</align>
			</control>

		</control>
		
	</controls>
</window>