<window id="132">
	<defaultcontrol>3</defaultcontrol>
	<include>Fade_In_WindowOpen</include>
	<include>Fade_Out_WindowClose</include>
	<coordinates>
		<system>1</system>
		<posx>0</posx>
		<posy>0</posy>
	</coordinates>
	<controls>
	
		<control type="image">
			<posx>0</posx>
			<posy>0</posy>
			<width>1280</width>
			<height>720</height>
			<texture>filter_keyboard_shadow.png</texture>
		</control>
		
		
		<control type="group">
			
			<include>Zoom_In_WindowOpen</include>
			<include>Zoom_Out_WindowClose</include>
		
			<control type="image">
				<description>background image</description>
				<posx>64</posx>
				<posy>45</posy>
				<width>1151</width>
				<height>631</height>
				<texture>dialogs\dialog-background-tall.png</texture>
			</control>
			
			<control type="group">
			
				<posx>125</posx>
				<posy>94</posy>
				<width>1030</width>
				<height>480</height>
			
				<control type="image">
					<description>dialog icon</description>
					<posx>473</posx>
					<posy>23</posy>
					<width>84</width>
					<height>42</height>
					<texture>dialogs\setcontent-dialog-icon.png</texture>
				</control>
				<control type="label" id="1">
					<description>heading label</description>
					<posx>0</posx>
					<posy>68</posy>
					<width>1030</width>
					<align>center</align>
					<font>Heading</font>
					<label>20333</label>
					<textcolor>Text</textcolor>
				</control>

				<control type="spincontrolex" id="3">
					<description>Content Picker</description>
					<posx>30</posx>
					<posy>120</posy>
					<width>970</width>
					<height>46</height>
					<font>Default</font>
					<texturefocus border="4,5,6,8">controls\button_f.png</texturefocus>
					<texturenofocus border="4,5,6,8">controls\button_nf.png</texturenofocus>
					<textureup>controls\sortup_nf.png</textureup>
					<texturedown>controls\sortdown_nf.png</texturedown>
					<textureupfocus>controls\sortup_f.png</textureupfocus>
					<texturedownfocus>controls\sortdown_f.png</texturedownfocus>
					<textcolor>Text</textcolor>
					<disabledcolor>DisabledText</disabledcolor>
					<textoffsetx>15</textoffsetx>
					<aligny>center</aligny>
					<reverse>yes</reverse>
					<label>20344</label>
					<onup>29</onup>
					<ondown>4</ondown>
					<onleft>3</onleft>
					<onright>3</onright>
				</control>

				<control type="list" id="4">
					<posx>30</posx>
					<posy>176</posy>
					<width>480</width>
					<height>184</height>
					<onleft>5</onleft>
					<onright>5</onright>
					<onup>3</onup>
					<ondown>6</ondown>
					<pagecontrol>-</pagecontrol>
					<scrolltime>200</scrolltime>
					<itemlayout height="46">
						<control type="image">
							<posx>0</posx>
							<posy>0</posy>
							<width>480</width>
							<height>46</height>
							<colordiffuse>FFFFFFFF</colordiffuse>
							<texture border="8">controls\button_nf.png</texture>
						</control>
						<control type="image">
							<posx>10</posx>
							<posy>4</posy>
							<width>35</width>
							<height>35</height>
							<info>ListItem.Icon</info>
						</control>
						<control type="label">
							<posx>55</posx>
							<posy>4</posy>
							<width>415</width>
							<height>35</height>
							<font>Medium_Large</font>
							<aligny>center</aligny>
							<selectedcolor>Highlight</selectedcolor>
							<textcolor>Text</textcolor>
							<align>left</align>
							<info>ListItem.Label</info>
						</control>
					</itemlayout>
					<focusedlayout height="46">
						<control type="image">
							<posx>0</posx>
							<posy>0</posy>
							<width>480</width>
							<height>46</height>
							<visible>!Control.HasFocus(4)</visible>
							<colordiffuse>FFFFFFFF</colordiffuse>
							<texture border="4,5,6,8">controls\button_nf.png</texture>
						</control>
						<control type="image">
							<posx>0</posx>
							<posy>0</posy>
							<width>480</width>
							<height>46</height>
							<visible>Control.HasFocus(4)</visible>
							<colordiffuse>FFFFFFFF</colordiffuse>
							<texture border="4,5,6,8">controls\button_f.png</texture>
						</control>
						<control type="image">
							<posx>10</posx>
							<posy>4</posy>
							<width>35</width>
							<height>35</height>
							<info>ListItem.Icon</info>
						</control>
						<control type="label">
							<posx>55</posx>
							<posy>4</posy>
							<width>415</width>
							<height>35</height>
							<font>Medium_Large</font>
							<aligny>center</aligny>
							<selectedcolor>Highlight</selectedcolor>
							<textcolor>Text</textcolor>
							<align>left</align>
							<info>ListItem.Label</info>
						</control>
					</focusedlayout>
				</control>
						
				<control type="grouplist" id="5">
					<description>control area</description>
					<posx>520</posx>
					<posy>176</posy>
					<width>480</width>
					<height>184</height>
					<itemgap>0</itemgap>
					<onup>3</onup>
					<ondown>6</ondown>
					<onleft>4</onleft>
					<onright>4</onright>
				</control>
				
				<control type="image">
					<description>scraper image</description>
					<posx>30</posx>
					<posy>391</posy>
					<width>480</width>
					<height>85</height>
					<aspectratio>keep</aspectratio>
					<info>ListItem.Icon</info>
				</control>
				
				<control type="button" id="6">
					<description>Set Content Button</description>
					<posx>642</posx>
					<posy>367</posy>
					<width>243</width>
					<height>41</height>
					<align>center</align>
					<texturenofocus border="8">controls\button_nf.png</texturenofocus>
					<texturefocus border="8">controls\button_f.png</texturefocus>
					<textcolor>Text</textcolor>
					<disabledcolor>DisabledText</disabledcolor>
					<label>5</label>
					<font>Default</font>
					<onleft>6</onleft>
					<onright>6</onright>
					<onup>5</onup>
					<ondown>28</ondown>
				</control>
				<control type="button" id="28">
					<description>OK button</description>
					<posx>640</posx>
					<posy>413</posy>
					<width>250</width>
					<height>46</height>
					<align>center</align>
					<texturenofocus border="8">dialogs\button_green_nf.png</texturenofocus>
					<texturefocus border="8">dialogs\button_green_f.png</texturefocus>
					<textcolor>Text</textcolor>
					<disabledcolor>DisabledText</disabledcolor>
					<label>186</label>
					<font>Default</font>
					<onleft>28</onleft>
					<onright>28</onright>
					<onup>6</onup>
					<ondown>29</ondown>
				</control>
				<control type="button" id="29">
					<description>Cancel button</description>
					<posx>640</posx>
					<posy>460</posy>
					<width>250</width>
					<height>46</height>
					<align>center</align>
					<texturenofocus border="8">dialogs\button_red_nf.png</texturenofocus>
					<texturefocus border="8">dialogs\button_red_f.png</texturefocus>
					<textcolor>Text</textcolor>
					<disabledcolor>DisabledText</disabledcolor>
					<label>222</label>
					<font>Default</font>
					<onleft>29</onleft>
					<onright>29</onright>
					<onup>28</onup>
					<ondown>3</ondown>
				</control>

			</control>
			
		</control>

		<control type="button" id="7">
			<description>Default Button</description>
			<posx>0</posx>
			<posy>0</posy>
			<height>46</height>
			<font>Medium_Large</font>
			<textcolor>Text</textcolor>
			<textoffsetx>15</textoffsetx>
			<texturefocus border="4,5,6,8">controls\button_f.png</texturefocus>
			<texturenofocus border="4,5,6,8">controls\button_nf.png</texturenofocus>
		</control>

		<control type="radiobutton" id="8">
			<description>Default RadioButton</description>
			<posx>0</posx>
			<posy>0</posy>
			<height>46</height>
			<textcolor>FFFFFFFF</textcolor>
			<textoffsetx>15</textoffsetx>
			<radioposx>449</radioposx>
			<font>Medium_Large</font>
			<texturefocus border="4,5,6,8">controls\button_f.png</texturefocus>
			<texturenofocus border="4,5,6,8">controls\button_nf.png</texturenofocus>
			<textureradiofocus>controls\radiobutton_f.png</textureradiofocus>
			<textureradionofocus>controls\radiobutton_nf.png</textureradionofocus>
			<pulseonselect>no</pulseonselect>
		</control>

	</controls>
</window>