<window id="113">
	<defaultcontrol>-</defaultcontrol>
	<coordinates>
		<system>1</system>
		<posx>0</posx>
		<posy>0</posy>
	</coordinates>
	<controls>
		
		<control type="group">
		
			<visible>!Window.IsActive(startup)</visible>
	
			<posx>1142</posx>
			<posy>0</posy>

			<animation effect="slide" start="138" end="0" time="300" tween="sine" easing="out" reversible="false">WindowOpen</animation>
			<animation effect="slide" start="0" end="138" time="300" tween="sine" easing="in" reversible="false">WindowClose</animation>

			<control type="image">
				<posx>0</posx>
				<posy>0</posy>
				<width>234</width>
				<height>53</height>
				<texture>dialogs\tab-topright-volume-red.png</texture>
			</control>
			
			<control type="image">
				<posx>75</posx>
				<posy>8</posy>
				<width>23</width>
				<height>22</height>
				<texture>dialogs\volume-mute-icon.png</texture>
			</control>
			
		</control>
		
	</controls>
</window>