<window type="dialog" id="134">
	<defaultcontrol always="true">450</defaultcontrol>
	<include>Fade_In_WindowOpen</include>
	<include>Fade_Out_WindowClose</include>
	<coordinates>
		<system>1</system>
		<posx>0</posx>
		<posy>0</posy>
	</coordinates>
	<controls>
	
		<control type="image">
			<posx>0</posx>
			<posy>0</posy>
			<width>1280</width>
			<height>720</height>
			<texture>filter_keyboard_shadow.png</texture>
		</control>
		
		<control type="group">
		
			<posx>195</posx>
			<posy>79</posy>
			<width>890</width>
			<height>561</height>
		
			<include>Zoom_In_WindowOpen</include>
			<include>Zoom_Out_WindowClose</include>
		
			<control type="image">
				<posx>0</posx>
				<posy>0</posy>
				<width>890</width>
				<height>561</height>
				<texture>dialogs\dialog-background-nav.png</texture>
			</control>
			
			<control type="image">
				<posx>413</posx>
				<posy>41</posy>
				<width>64</width>
				<height>64</height>
				<texture>menu\nav\icon-fav.png</texture>
			</control>
			
			<control type="label">
				<posx>0</posx>
				<posy>105</posy>
				<width>890</width>
				<align>center</align>
				<font>Heading</font>
				<label>$LOCALIZE[50029]</label>
				<textcolor>Text</textcolor>
			</control>
						
			<control type="list" id="450">
				<posx>100</posx>
				<posy>170</posy>
				<width>690</width>
				<height>312</height>
				<onleft>-</onleft>
				<onright>-</onright>
				<onup>450</onup>
				<ondown>10</ondown>
				<pagecontrol>-</pagecontrol>
				<scrolltime>200</scrolltime>
				<itemlayout height="52">
					<control type="image">
						<posx>0</posx>
						<posy>0</posy>
						<width>690</width>
						<height>52</height>
						<colordiffuse>FFFFFFFF</colordiffuse>
						<texture border="4,5,6,8">controls\button_nf.png</texture>
					</control>
					<control type="image">
						<posx>10</posx>
						<posy>7</posy>
						<width>36</width>
						<height>36</height>
						<info>ListItem.Icon</info>
					</control>
					<control type="label">
						<posx>55</posx>
						<posy>7</posy>
						<width>625</width>
						<height>35</height>
						<font>Medium_Large</font>
						<aligny>center</aligny>
						<selectedcolor>Highlight</selectedcolor>
						<textcolor>Text</textcolor>
						<align>left</align>
						<info>ListItem.Label</info>
					</control>
				</itemlayout>
				<focusedlayout height="52">
					<control type="image">
						<posx>0</posx>
						<posy>0</posy>
						<width>690</width>
						<height>52</height>
						<visible>!Control.HasFocus(450)</visible>
						<colordiffuse>FFFFFFFF</colordiffuse>
						<texture border="4,5,6,8">controls\button_nf.png</texture>
					</control>
					<control type="image">
						<posx>0</posx>
						<posy>0</posy>
						<width>690</width>
						<height>52</height>
						<visible>Control.HasFocus(450)</visible>
						<colordiffuse>FFFFFFFF</colordiffuse>
						<texture border="4,5,6,8">controls\button_f.png</texture>
					</control>
					<control type="image">
						<posx>10</posx>
						<posy>7</posy>
						<width>36</width>
						<height>36</height>
						<info>ListItem.Icon</info>
					</control>
					<control type="label">
						<posx>55</posx>
						<posy>7</posy>
						<width>625</width>
						<height>35</height>
						<font>Medium_Large</font>
						<aligny>center</aligny>
						<selectedcolor>Highlight</selectedcolor>
						<textcolor>Text</textcolor>
						<align>left</align>
						<info>ListItem.Label</info>
					</control>
				</focusedlayout>
			</control>
					
		</control>
	
	</controls>
</window>