<window id="100">
	<defaultcontrol always="true">10</defaultcontrol>
	<include>Fade_In_WindowOpen</include>
	<include>Fade_Out_WindowClose</include>
	<coordinates>
		<system>1</system>
		<posx>0</posx>
		<posy>0</posy>
	</coordinates>
	<controls>
		
		<control type="image">
			<posx>0</posx>
			<posy>0</posy>
			<width>1280</width>
			<height>720</height>
			<texture>filter_keyboard_shadow.png</texture>
		</control>
		
		<control type="group">
		
			<posx>264</posx>
			<posy>179</posy>
			<width>751</width>
			<height>362</height>
		
			<include>Zoom_In_WindowOpen</include>
			<include>Zoom_Out_WindowClose</include>
		
			<control type="image">
				<posx>0</posx>
				<posy>0</posy>
				<width>751</width>
				<height>362</height>
				<texture>dialogs\dialog-background-yesno.png</texture>
			</control>
			
			<control type="image">
				<posx>355</posx>
				<posy>47</posy>
				<width>42</width>
				<height>42</height>
				<texture>dialogs\question-dialog-icon.png</texture>
			</control>

			<control type="label" id="1">
				<description>heading label</description>
				<posx>66</posx>
				<posy>102</posy>
				<width>620</width>
				<align>center</align>
				<font>Heading</font>
				<label>-</label>
				<textcolor>Text</textcolor>
			</control>
			<control type="label" id="2">
				<description>dialog line 1</description>
				<posx>66</posx>
				<posy>155</posy>
				<width>620</width>
				<align>center</align>
				<label>-</label>
				<font>Medium</font>
			</control>
			<control type="label" id="3">
				<description>dialog line 2</description>
				<posx>66</posx>
				<posy>178</posy>
				<width>620</width>
				<align>center</align>
				<label>-</label>
				<font>Medium</font>
			</control>
			<control type="label" id="4">
				<description>dialog line 3</description>
				<posx>66</posx>
				<posy>201</posy>
				<width>620</width>
				<align>center</align>
				<label>-</label>
				<font>Medium</font>
			</control>
			
			<control type="button" id="11">
				<description>Yes button</description>
				<posx>166</posx>
				<posy>253</posy>
				<width>200</width>
				<height>48</height>
				<label>107</label>
				<font>Default</font>
				<align>center</align>
				<texturenofocus border="8">dialogs\button_green_nf.png</texturenofocus>
				<texturefocus border="8">dialogs\button_green_f.png</texturefocus>
				<textcolor>TextNegative</textcolor>
				<focusedcolor>Text</focusedcolor>
				<onleft>10</onleft>
				<onright>10</onright>
				<onup>11</onup>
				<ondown>11</ondown>
			</control>
			<control type="button" id="10">
				<description>No button</description>
				<posx>386</posx>
				<posy>253</posy>
				<width>200</width>
				<height>48</height>
				<label>106</label>
				<font>Default</font>
				<align>center</align>
				<texturenofocus border="8">dialogs\button_red_nf.png</texturenofocus>
				<texturefocus border="8">dialogs\button_red_f.png</texturefocus>
				<textcolor>TextNegative</textcolor>
				<focusedcolor>Text</focusedcolor>
				<onleft>11</onleft>
				<onright>11</onright>
				<onup>10</onup>
				<ondown>10</ondown>
			</control>
		
		</control>
			
	</controls>
</window>