<window id="103">
	<defaultcontrol always="true">65</defaultcontrol>
	<include>Fade_In_WindowOpen</include>
	<include>Fade_Out_WindowClose</include>
	<coordinates>
		<system>2</system>
		<posx>0</posx>
		<posy>0</posy>
	</coordinates>
	<controls>
		
		<control type="image">
			<posx>0</posx>
			<posy>0</posy>
			<width>1280</width>
			<height>720</height>
			<texture>filter_keyboard_shadow.png</texture>
		</control>
		
		<control type="group">

			<include>Zoom_In_WindowOpen</include>
			<include>Zoom_Out_WindowClose</include>		
				
			<control type="image">
				<posx>169</posx>
				<posy>80</posy>
				<width>942</width>
				<height>559</height>
				<texture>keyboard\keyboard_dialog_background.png</texture>
			</control>
			
			<control type="image">
				<posx>619</posx>
				<posy>160</posy>
				<width>42</width>
				<height>42</height>
				<texture>dialogs\keyboard-dialog-icon.png</texture>
			</control>
			
			<control type="label" id="311">
				<description>Heading</description>
				<posx>0</posx>
				<posy>224</posy>
				<width>1280</width>
				<font>Heading</font>
				<textcolor>Text</textcolor>
				<align>center</align>
			</control>
			
			<control type="label" id="310">
				<animation effect="fade" start="100" end="0" time="300" condition="Window.IsActive(109)">Conditional</animation>
				<description>Edit Text</description>
				<posx>0</posx>
				<posy>527</posy>
				<width>1280</width>
				<font>Keyboard_Inout</font>
				<textcolor>Highlight</textcolor>
				<align>center</align>
			</control>

			<control type="group">
			
				<posx>277</posx>
				<posy>262</posy>

				<!-- Row 1 -->
				
				<control type="button" id="400">
					<description>'Esc' button</description>
					<posx>21</posx>
					<posy>24</posy>
					<width>48</width>
					<height>48</height>
					<onleft>8</onleft>
					<onright>49</onright>
					<onup>307</onup>
					<ondown>303</ondown>
					<label>$LOCALIZE[50032]</label>
					<texturenofocus border="6,8,6,8">keyboard\button_red_nf.png</texturenofocus>
					<texturefocus border="6,8,6,8">keyboard\button_red_f.png</texturefocus>
					<align>left</align>
					<aligny>top</aligny>
					<font>Keyboard_Key_2</font>
					<textoffsetx>10</textoffsetx>
					<textoffsety>23</textoffsety>
					<textcolor>KeyboardDarkText</textcolor>
					<focusedcolor>KeyboardDarkText</focusedcolor>
					<onclick>Dialog.Close(103)</onclick>
				</control>
				
				<control type="button" id="49">
					<description>'1' button</description>
					<posx>76</posx>
					<posy>24</posy>
					<width>48</width>
					<height>48</height>
					<onleft>400</onleft>
					<onright>50</onright>
					<onup>307</onup>
					<ondown>81</ondown>
					<texturenofocus border="6,8,6,8">keyboard\button_nf.png</texturenofocus>
					<texturefocus border="6,8,6,8">keyboard\button_f.png</texturefocus>
					<align>left</align>
					<aligny>top</aligny>
					<font>Keyboard_Key_1</font>
					<textoffsetx>12</textoffsetx>
					<textoffsety>20</textoffsety>
					<textcolor>KeyboardText</textcolor>
					<focusedcolor>KeyboardHighlight</focusedcolor>
				</control>
				
				<control type="button" id="50">
					<description>'2' button</description>
					<posx>131</posx>
					<posy>24</posy>
					<width>48</width>
					<height>48</height>
					<onleft>49</onleft>
					<onright>51</onright>
					<onup>90</onup>
					<ondown>87</ondown>
					<texturenofocus border="6,8,6,8">keyboard\button_nf.png</texturenofocus>
					<texturefocus border="6,8,6,8">keyboard\button_f.png</texturefocus>
					<align>left</align>
					<aligny>top</aligny>
					<font>Keyboard_Key_1</font>
					<textoffsetx>12</textoffsetx>
					<textoffsety>20</textoffsety>
					<textcolor>KeyboardText</textcolor>
					<focusedcolor>KeyboardHighlight</focusedcolor>
				</control>
				
				<control type="button" id="51">
					<description>'3' button</description>
					<posx>186</posx>
					<posy>24</posy>
					<width>48</width>
					<height>48</height>
					<onleft>50</onleft>
					<onright>52</onright>
					<onup>88</onup>
					<ondown>69</ondown>
					<texturenofocus border="6,8,6,8">keyboard\button_nf.png</texturenofocus>
					<texturefocus border="6,8,6,8">keyboard\button_f.png</texturefocus>
					<align>left</align>
					<aligny>top</aligny>
					<font>Keyboard_Key_1</font>
					<textoffsetx>12</textoffsetx>
					<textoffsety>20</textoffsety>
					<textcolor>KeyboardText</textcolor>
					<focusedcolor>KeyboardHighlight</focusedcolor>
				</control>
				
				<control type="button" id="52">
					<description>'4' button</description>
					<posx>241</posx>
					<posy>24</posy>
					<width>48</width>
					<height>48</height>
					<onleft>51</onleft>
					<onright>53</onright>
					<onup>67</onup>
					<ondown>82</ondown>
					<texturenofocus border="6,8,6,8">keyboard\button_nf.png</texturenofocus>
					<texturefocus border="6,8,6,8">keyboard\button_f.png</texturefocus>
					<align>left</align>
					<aligny>top</aligny>
					<font>Keyboard_Key_1</font>
					<textoffsetx>12</textoffsetx>
					<textoffsety>20</textoffsety>
					<textcolor>KeyboardText</textcolor>
					<focusedcolor>KeyboardHighlight</focusedcolor>
				</control>
				
				<control type="button" id="53">
					<description>'5' button</description>
					<posx>296</posx>
					<posy>24</posy>
					<width>48</width>
					<height>48</height>
					<onleft>52</onleft>
					<onright>54</onright>
					<onup>86</onup>
					<ondown>84</ondown>
					<texturenofocus border="6,8,6,8">keyboard\button_nf.png</texturenofocus>
					<texturefocus border="6,8,6,8">keyboard\button_f.png</texturefocus>
					<align>left</align>
					<aligny>top</aligny>
					<font>Keyboard_Key_1</font>
					<textoffsetx>12</textoffsetx>
					<textoffsety>20</textoffsety>
					<textcolor>KeyboardText</textcolor>
					<focusedcolor>KeyboardHighlight</focusedcolor>
				</control>
				
				<control type="button" id="54">
					<description>'6' button</description>
					<posx>351</posx>
					<posy>24</posy>
					<width>48</width>
					<height>48</height>
					<onleft>53</onleft>
					<onright>55</onright>
					<onup>66</onup>
					<ondown>89</ondown>
					<texturenofocus border="6,8,6,8">keyboard\button_nf.png</texturenofocus>
					<texturefocus border="6,8,6,8">keyboard\button_f.png</texturefocus>
					<align>left</align>
					<aligny>top</aligny>
					<font>Keyboard_Key_1</font>
					<textoffsetx>12</textoffsetx>
					<textoffsety>20</textoffsety>
					<textcolor>KeyboardText</textcolor>
					<focusedcolor>KeyboardHighlight</focusedcolor>
				</control>
				
				<control type="button" id="55">
					<description>'7' button</description>
					<posx>406</posx>
					<posy>24</posy>
					<width>48</width>
					<height>48</height>
					<onleft>54</onleft>
					<onright>56</onright>
					<onup>78</onup>
					<ondown>85</ondown>
					<texturenofocus border="6,8,6,8">keyboard\button_nf.png</texturenofocus>
					<texturefocus border="6,8,6,8">keyboard\button_f.png</texturefocus>
					<align>left</align>
					<aligny>top</aligny>
					<font>Keyboard_Key_1</font>
					<textoffsetx>12</textoffsetx>
					<textoffsety>20</textoffsety>
					<textcolor>KeyboardText</textcolor>
					<focusedcolor>KeyboardHighlight</focusedcolor>
				</control>
				
				<control type="button" id="56">
					<description>'8' button</description>
					<posx>461</posx>
					<posy>24</posy>
					<width>48</width>
					<height>48</height>
					<onleft>55</onleft>
					<onright>57</onright>
					<onup>77</onup>
					<ondown>73</ondown>
					<texturenofocus border="6,8,6,8">keyboard\button_nf.png</texturenofocus>
					<texturefocus border="6,8,6,8">keyboard\button_f.png</texturefocus>
					<align>left</align>
					<aligny>top</aligny>
					<font>Keyboard_Key_1</font>
					<textoffsetx>12</textoffsetx>
					<textoffsety>20</textoffsety>
					<textcolor>KeyboardText</textcolor>
					<focusedcolor>KeyboardHighlight</focusedcolor>
				</control>
				
				<control type="button" id="57">
					<description>'9' button</description>
					<posx>516</posx>
					<posy>24</posy>
					<width>48</width>
					<height>48</height>
					<onleft>56</onleft>
					<onright>48</onright>
					<onup>32</onup>
					<ondown>79</ondown>
					<texturenofocus border="6,8,6,8">keyboard\button_nf.png</texturenofocus>
					<texturefocus border="6,8,6,8">keyboard\button_f.png</texturefocus>
					<align>left</align>
					<aligny>top</aligny>
					<font>Keyboard_Key_1</font>
					<textoffsetx>12</textoffsetx>
					<textoffsety>20</textoffsety>
					<textcolor>KeyboardText</textcolor>
					<focusedcolor>KeyboardHighlight</focusedcolor>
				</control>
				
				<control type="button" id="48">
					<description>'0' button</description>
					<posx>571</posx>
					<posy>24</posy>
					<width>48</width>
					<height>48</height>
					<onleft>57</onleft>
					<onright>8</onright>
					<onup>32</onup>
					<ondown>80</ondown>
					<texturenofocus border="6,8,6,8">keyboard\button_nf.png</texturenofocus>
					<texturefocus border="6,8,6,8">keyboard\button_f.png</texturefocus>
					<align>left</align>
					<aligny>top</aligny>
					<font>Keyboard_Key_1</font>
					<textoffsetx>12</textoffsetx>
					<textoffsety>20</textoffsety>
					<textcolor>KeyboardText</textcolor>
					<focusedcolor>KeyboardHighlight</focusedcolor>
				</control>
				
				<control type="button" id="8">
					<description>'Delete' button</description>
					<posx>626</posx>
					<posy>24</posy>
					<width>87</width>
					<height>48</height>
					<onleft>48</onleft>
					<onright>400</onright>
					<onup>300</onup>
					<ondown>304</ondown>
					<texturenofocus border="6,8,6,8">keyboard\button_nf.png</texturenofocus>
					<texturefocus border="6,8,6,8">keyboard\button_f.png</texturefocus>
					<align>left</align>
					<aligny>top</aligny>
					<font>Keyboard_Key_2</font>
					<textoffsetx>10</textoffsetx>
					<textoffsety>23</textoffsety>
					<textcolor>KeyboardText</textcolor>
					<focusedcolor>KeyboardHighlight</focusedcolor>
					<label>$LOCALIZE[50033]</label>
				</control>
				
				<!-- Row 2 -->
				
				<control type="togglebutton" id="303">
					<description>'Caps' button</description>
					<posx>21</posx>
					<posy>76</posy>
					<width>66</width>
					<height>48</height>
					<onleft>304</onleft>
					<onright>81</onright>
					<onup>400</onup>
					<ondown>302</ondown>
					<texturenofocus border="20,20,20,20">keyboard\button_off_nf.png</texturenofocus>
					<texturefocus border="20,20,20,20">keyboard\button_off_f.png</texturefocus>
					<alttexturenofocus border="20,20,20,20">keyboard\button_on_nf.png</alttexturenofocus>
					<alttexturefocus border="20,20,20,20">keyboard\button_on_f.png</alttexturefocus>
					<align>left</align>
					<aligny>top</aligny>
					<font>Keyboard_Key_2</font>
					<textoffsetx>10</textoffsetx>
					<textoffsety>23</textoffsety>
					<textcolor>KeyboardText</textcolor>
					<focusedcolor>KeyboardHighlight</focusedcolor>
					<label>$LOCALIZE[50034]</label>
				</control>
				
				<control type="button" id="81">
					<description>'Q' button</description>
					<posx>94</posx>
					<posy>76</posy>
					<width>48</width>
					<height>48</height>
					<onleft>303</onleft>
					<onright>87</onright>
					<onup>49</onup>
					<ondown>65</ondown>
					<texturenofocus border="6,8,6,8">keyboard\button_nf.png</texturenofocus>
					<texturefocus border="6,8,6,8">keyboard\button_f.png</texturefocus>
					<align>left</align>
					<aligny>top</aligny>
					<font>Keyboard_Key_1</font>
					<textoffsetx>12</textoffsetx>
					<textoffsety>20</textoffsety>
					<textcolor>KeyboardText</textcolor>
					<focusedcolor>KeyboardHighlight</focusedcolor>
				</control>
				
				<control type="button" id="87">
					<description>'W' button</description>
					<posx>149</posx>
					<posy>76</posy>
					<width>48</width>
					<height>48</height>
					<onleft>81</onleft>
					<onright>69</onright>
					<onup>50</onup>
					<ondown>83</ondown>
					<texturenofocus border="6,8,6,8">keyboard\button_nf.png</texturenofocus>
					<texturefocus border="6,8,6,8">keyboard\button_f.png</texturefocus>
					<align>left</align>
					<aligny>top</aligny>
					<font>Keyboard_Key_1</font>
					<textoffsetx>12</textoffsetx>
					<textoffsety>20</textoffsety>
					<textcolor>KeyboardText</textcolor>
					<focusedcolor>KeyboardHighlight</focusedcolor>
				</control>
				
				<control type="button" id="69">
					<description>'E' button</description>
					<posx>204</posx>
					<posy>76</posy>
					<width>48</width>
					<height>48</height>
					<onleft>87</onleft>
					<onright>82</onright>
					<onup>51</onup>
					<ondown>68</ondown>
					<texturenofocus border="6,8,6,8">keyboard\button_nf.png</texturenofocus>
					<texturefocus border="6,8,6,8">keyboard\button_f.png</texturefocus>
					<align>left</align>
					<aligny>top</aligny>
					<font>Keyboard_Key_1</font>
					<textoffsetx>12</textoffsetx>
					<textoffsety>20</textoffsety>
					<textcolor>KeyboardText</textcolor>
					<focusedcolor>KeyboardHighlight</focusedcolor>
				</control>
				
				<control type="button" id="82">
					<description>'R' button</description>
					<posx>259</posx>
					<posy>76</posy>
					<width>48</width>
					<height>48</height>
					<onleft>69</onleft>
					<onright>84</onright>
					<onup>52</onup>
					<ondown>70</ondown>
					<texturenofocus border="6,8,6,8">keyboard\button_nf.png</texturenofocus>
					<texturefocus border="6,8,6,8">keyboard\button_f.png</texturefocus>
					<align>left</align>
					<aligny>top</aligny>
					<font>Keyboard_Key_1</font>
					<textoffsetx>12</textoffsetx>
					<textoffsety>20</textoffsety>
					<textcolor>KeyboardText</textcolor>
					<focusedcolor>KeyboardHighlight</focusedcolor>
				</control>
				
				<control type="button" id="84">
					<description>'T' button</description>
					<posx>314</posx>
					<posy>76</posy>
					<width>48</width>
					<height>48</height>
					<onleft>82</onleft>
					<onright>89</onright>
					<onup>53</onup>
					<ondown>71</ondown>
					<texturenofocus border="6,8,6,8">keyboard\button_nf.png</texturenofocus>
					<texturefocus border="6,8,6,8">keyboard\button_f.png</texturefocus>
					<align>left</align>
					<aligny>top</aligny>
					<font>Keyboard_Key_1</font>
					<textoffsetx>12</textoffsetx>
					<textoffsety>20</textoffsety>
					<textcolor>KeyboardText</textcolor>
					<focusedcolor>KeyboardHighlight</focusedcolor>
				</control>
				
				<control type="button" id="89">
					<description>'Y' button</description>
					<posx>369</posx>
					<posy>76</posy>
					<width>48</width>
					<height>48</height>
					<onleft>84</onleft>
					<onright>85</onright>
					<onup>54</onup>
					<ondown>72</ondown>
					<texturenofocus border="6,8,6,8">keyboard\button_nf.png</texturenofocus>
					<texturefocus border="6,8,6,8">keyboard\button_f.png</texturefocus>
					<align>left</align>
					<aligny>top</aligny>
					<font>Keyboard_Key_1</font>
					<textoffsetx>12</textoffsetx>
					<textoffsety>20</textoffsety>
					<textcolor>KeyboardText</textcolor>
					<focusedcolor>KeyboardHighlight</focusedcolor>
				</control>
				
				<control type="button" id="85">
					<description>'U' button</description>
					<posx>424</posx>
					<posy>76</posy>
					<width>48</width>
					<height>48</height>
					<onleft>89</onleft>
					<onright>73</onright>
					<onup>55</onup>
					<ondown>74</ondown>
					<texturenofocus border="6,8,6,8">keyboard\button_nf.png</texturenofocus>
					<texturefocus border="6,8,6,8">keyboard\button_f.png</texturefocus>
					<align>left</align>
					<aligny>top</aligny>
					<font>Keyboard_Key_1</font>
					<textoffsetx>12</textoffsetx>
					<textoffsety>20</textoffsety>
					<textcolor>KeyboardText</textcolor>
					<focusedcolor>KeyboardHighlight</focusedcolor>
				</control>
				
				<control type="button" id="73">
					<description>'I' button</description>
					<posx>479</posx>
					<posy>76</posy>
					<width>48</width>
					<height>48</height>
					<onleft>85</onleft>
					<onright>79</onright>
					<onup>56</onup>
					<ondown>75</ondown>
					<texturenofocus border="6,8,6,8">keyboard\button_nf.png</texturenofocus>
					<texturefocus border="6,8,6,8">keyboard\button_f.png</texturefocus>
					<align>left</align>
					<aligny>top</aligny>
					<font>Keyboard_Key_1</font>
					<textoffsetx>12</textoffsetx>
					<textoffsety>20</textoffsety>
					<textcolor>KeyboardText</textcolor>
					<focusedcolor>KeyboardHighlight</focusedcolor>
				</control>
				
				<control type="button" id="79">
					<description>'O' button</description>
					<posx>534</posx>
					<posy>76</posy>
					<width>48</width>
					<height>48</height>
					<onleft>73</onleft>
					<onright>80</onright>
					<onup>57</onup>
					<ondown>76</ondown>
					<texturenofocus border="6,8,6,8">keyboard\button_nf.png</texturenofocus>
					<texturefocus border="6,8,6,8">keyboard\button_f.png</texturefocus>
					<align>left</align>
					<aligny>top</aligny>
					<font>Keyboard_Key_1</font>
					<textoffsetx>12</textoffsetx>
					<textoffsety>20</textoffsety>
					<textcolor>KeyboardText</textcolor>
					<focusedcolor>KeyboardHighlight</focusedcolor>
				</control>
				
				<control type="button" id="80">
					<description>'P' button</description>
					<posx>589</posx>
					<posy>76</posy>
					<width>48</width>
					<height>48</height>
					<onleft>79</onleft>
					<onright>304</onright>
					<onup>48</onup>
					<ondown>305</ondown>
					<texturenofocus border="6,8,6,8">keyboard\button_nf.png</texturenofocus>
					<texturefocus border="6,8,6,8">keyboard\button_f.png</texturefocus>
					<align>left</align>
					<aligny>top</aligny>
					<font>Keyboard_Key_1</font>
					<textoffsetx>12</textoffsetx>
					<textoffsety>20</textoffsety>
					<textcolor>KeyboardText</textcolor>
					<focusedcolor>KeyboardHighlight</focusedcolor>
				</control>
				
				<control type="togglebutton" id="304">
					<description>'?&amp;#@' button</description>
					<posx>644</posx>
					<posy>76</posy>
					<width>69</width>
					<height>48</height>
					<onleft>80</onleft>
					<onright>303</onright>
					<onup>8</onup>
					<ondown>306</ondown>
					<texturenofocus border="20,20,20,20">keyboard\button_off_nf.png</texturenofocus>
					<texturefocus border="20,20,20,20">keyboard\button_off_f.png</texturefocus>
					<alttexturenofocus border="20,20,20,20">keyboard\button_on_nf.png</alttexturenofocus>
					<alttexturefocus border="20,20,20,20">keyboard\button_on_f.png</alttexturefocus>
					<align>left</align>
					<aligny>top</aligny>
					<font>Keyboard_Key_2</font>
					<textoffsetx>10</textoffsetx>
					<textoffsety>23</textoffsety>
					<textcolor>KeyboardText</textcolor>
					<focusedcolor>KeyboardHighlight</focusedcolor>
					<label>?&amp;#@</label>
				</control>
				
				<!-- Row 3 -->
				
				<control type="togglebutton" id="302">
					<description>'Shift' button</description>
					<posx>21</posx>
					<posy>128</posy>
					<width>84</width>
					<height>48</height>
					<onleft>306</onleft>
					<onright>65</onright>
					<onup>303</onup>
					<ondown>307</ondown>
					<texturenofocus border="20,20,20,20">keyboard\button_off_nf.png</texturenofocus>
					<texturefocus border="20,20,20,20">keyboard\button_off_f.png</texturefocus>
					<alttexturenofocus border="20,20,20,20">keyboard\button_on_nf.png</alttexturenofocus>
					<alttexturefocus border="20,20,20,20">keyboard\button_on_f.png</alttexturefocus>
					<align>left</align>
					<aligny>top</aligny>
					<font>Keyboard_Key_2</font>
					<textoffsetx>10</textoffsetx>
					<textoffsety>23</textoffsety>
					<textcolor>KeyboardText</textcolor>
					<focusedcolor>KeyboardHighlight</focusedcolor>
					<label>$LOCALIZE[50035]</label>
				</control>
				
				<control type="button" id="65">
					<description>'A' button</description>
					<posx>112</posx>
					<posy>128</posy>
					<width>48</width>
					<height>48</height>
					<onleft>302</onleft>
					<onright>83</onright>
					<onup>81</onup>
					<ondown>90</ondown>
					<texturenofocus border="6,8,6,8">keyboard\button_nf.png</texturenofocus>
					<texturefocus border="6,8,6,8">keyboard\button_f.png</texturefocus>
					<align>left</align>
					<aligny>top</aligny>
					<font>Keyboard_Key_1</font>
					<textoffsetx>12</textoffsetx>
					<textoffsety>20</textoffsety>
					<textcolor>KeyboardText</textcolor>
					<focusedcolor>KeyboardHighlight</focusedcolor>
				</control>
				
				<control type="button" id="83">
					<description>'S' button</description>
					<posx>167</posx>
					<posy>128</posy>
					<width>48</width>
					<height>48</height>
					<onleft>65</onleft>
					<onright>68</onright>
					<onup>87</onup>
					<ondown>88</ondown>
					<texturenofocus border="6,8,6,8">keyboard\button_nf.png</texturenofocus>
					<texturefocus border="6,8,6,8">keyboard\button_f.png</texturefocus>
					<align>left</align>
					<aligny>top</aligny>
					<font>Keyboard_Key_1</font>
					<textoffsetx>12</textoffsetx>
					<textoffsety>20</textoffsety>
					<textcolor>KeyboardText</textcolor>
					<focusedcolor>KeyboardHighlight</focusedcolor>
				</control>
				
				<control type="button" id="68">
					<description>'D' button</description>
					<posx>222</posx>
					<posy>128</posy>
					<width>48</width>
					<height>48</height>
					<onleft>83</onleft>
					<onright>70</onright>
					<onup>69</onup>
					<ondown>67</ondown>
					<texturenofocus border="6,8,6,8">keyboard\button_nf.png</texturenofocus>
					<texturefocus border="6,8,6,8">keyboard\button_f.png</texturefocus>
					<align>left</align>
					<aligny>top</aligny>
					<font>Keyboard_Key_1</font>
					<textoffsetx>12</textoffsetx>
					<textoffsety>20</textoffsety>
					<textcolor>KeyboardText</textcolor>
					<focusedcolor>KeyboardHighlight</focusedcolor>
				</control>
				
				<control type="button" id="70">
					<description>'F' button</description>
					<posx>277</posx>
					<posy>128</posy>
					<width>48</width>
					<height>48</height>
					<onleft>68</onleft>
					<onright>71</onright>
					<onup>82</onup>
					<ondown>86</ondown>
					<texturenofocus border="6,8,6,8">keyboard\button_nf.png</texturenofocus>
					<texturefocus border="6,8,6,8">keyboard\button_f.png</texturefocus>
					<align>left</align>
					<aligny>top</aligny>
					<font>Keyboard_Key_1</font>
					<textoffsetx>12</textoffsetx>
					<textoffsety>20</textoffsety>
					<textcolor>KeyboardText</textcolor>
					<focusedcolor>KeyboardHighlight</focusedcolor>
				</control>
				
				<control type="button" id="71">
					<description>'G' button</description>
					<posx>332</posx>
					<posy>128</posy>
					<width>48</width>
					<height>48</height>
					<onleft>70</onleft>
					<onright>72</onright>
					<onup>84</onup>
					<ondown>66</ondown>
					<texturenofocus border="6,8,6,8">keyboard\button_nf.png</texturenofocus>
					<texturefocus border="6,8,6,8">keyboard\button_f.png</texturefocus>
					<align>left</align>
					<aligny>top</aligny>
					<font>Keyboard_Key_1</font>
					<textoffsetx>12</textoffsetx>
					<textoffsety>20</textoffsety>
					<textcolor>KeyboardText</textcolor>
					<focusedcolor>KeyboardHighlight</focusedcolor>
				</control>
				
				<control type="button" id="72">
					<description>'H' button</description>
					<posx>387</posx>
					<posy>128</posy>
					<width>48</width>
					<height>48</height>
					<onleft>71</onleft>
					<onright>74</onright>
					<onup>89</onup>
					<ondown>78</ondown>
					<texturenofocus border="6,8,6,8">keyboard\button_nf.png</texturenofocus>
					<texturefocus border="6,8,6,8">keyboard\button_f.png</texturefocus>
					<align>left</align>
					<aligny>top</aligny>
					<font>Keyboard_Key_1</font>
					<textoffsetx>12</textoffsetx>
					<textoffsety>20</textoffsety>
					<textcolor>KeyboardText</textcolor>
					<focusedcolor>KeyboardHighlight</focusedcolor>
				</control>
				
				<control type="button" id="74">
					<description>'J' button</description>
					<posx>442</posx>
					<posy>128</posy>
					<width>48</width>
					<height>48</height>
					<onleft>72</onleft>
					<onright>75</onright>
					<onup>85</onup>
					<ondown>77</ondown>
					<texturenofocus border="6,8,6,8">keyboard\button_nf.png</texturenofocus>
					<texturefocus border="6,8,6,8">keyboard\button_f.png</texturefocus>
					<align>left</align>
					<aligny>top</aligny>
					<font>Keyboard_Key_1</font>
					<textoffsetx>12</textoffsetx>
					<textoffsety>20</textoffsety>
					<textcolor>KeyboardText</textcolor>
					<focusedcolor>KeyboardHighlight</focusedcolor>
				</control>
				
				<control type="button" id="75">
					<description>'K' button</description>
					<posx>497</posx>
					<posy>128</posy>
					<width>48</width>
					<height>48</height>
					<onleft>74</onleft>
					<onright>76</onright>
					<onup>73</onup>
					<ondown>32</ondown>
					<texturenofocus border="6,8,6,8">keyboard\button_nf.png</texturenofocus>
					<texturefocus border="6,8,6,8">keyboard\button_f.png</texturefocus>
					<align>left</align>
					<aligny>top</aligny>
					<font>Keyboard_Key_1</font>
					<textoffsetx>12</textoffsetx>
					<textoffsety>20</textoffsety>
					<textcolor>KeyboardText</textcolor>
					<focusedcolor>KeyboardHighlight</focusedcolor>
				</control>
				
				<control type="button" id="76">
					<description>'L' button</description>
					<posx>552</posx>
					<posy>128</posy>
					<width>48</width>
					<height>48</height>
					<onleft>75</onleft>
					<onright>305</onright>
					<onup>79</onup>
					<ondown>32</ondown>
					<texturenofocus border="6,8,6,8">keyboard\button_nf.png</texturenofocus>
					<texturefocus border="6,8,6,8">keyboard\button_f.png</texturefocus>
					<align>left</align>
					<aligny>top</aligny>
					<font>Keyboard_Key_1</font>
					<textoffsetx>12</textoffsetx>
					<textoffsety>20</textoffsety>
					<textcolor>KeyboardText</textcolor>
					<focusedcolor>KeyboardHighlight</focusedcolor>
				</control>
				
				<control type="button" id="305">
					<description>'Previous' button</description>
					<posx>607</posx>
					<posy>128</posy>
					<width>49</width>
					<height>48</height>
					<onleft>76</onleft>
					<onright>306</onright>
					<onup>80</onup>
					<ondown>300</ondown>
					<texturenofocus border="6,8,6,8">keyboard\button_cursor_left_nf.png</texturenofocus>
					<texturefocus border="6,8,6,8">keyboard\button_cursor_left_f.png</texturefocus>
					<align>left</align>
					<aligny>top</aligny>
					<font>Keyboard_Key_1</font>
					<textoffsetx>12</textoffsetx>
					<textoffsety>20</textoffsety>
					<textcolor>KeyboardText</textcolor>
					<focusedcolor>KeyboardHighlight</focusedcolor>
					<label>-</label>
				</control>
				
				<control type="button" id="306">
					<description>'Next' button</description>
					<posx>663</posx>
					<posy>128</posy>
					<width>49</width>
					<height>48</height>
					<onleft>305</onleft>
					<onright>302</onright>
					<onup>304</onup>
					<ondown>300</ondown>
					<texturenofocus border="6,8,6,8">keyboard\button_cursor_right_nf.png</texturenofocus>
					<texturefocus border="6,8,6,8">keyboard\button_cursor_right_f.png</texturefocus>
					<align>left</align>
					<aligny>top</aligny>
					<font>Keyboard_Key_1</font>
					<textoffsetx>12</textoffsetx>
					<textoffsety>20</textoffsety>
					<textcolor>KeyboardText</textcolor>
					<focusedcolor>KeyboardHighlight</focusedcolor>
					<label>-</label>
				</control>
				
				<!-- Row 4 -->
				
				<control type="button" id="307">
					<description>'IP Address' button</description>
					<posx>21</posx>
					<posy>180</posy>
					<width>102</width>
					<height>48</height>
					<onleft>300</onleft>
					<onright>90</onright>
					<onup>302</onup>
					<ondown>400</ondown>
					<texturenofocus border="6,8,6,8">keyboard\button_nf.png</texturenofocus>
					<texturefocus border="6,8,6,8">keyboard\button_f.png</texturefocus>
					<align>left</align>
					<aligny>top</aligny>
					<font>Keyboard_Key_2</font>
					<textoffsetx>10</textoffsetx>
					<textoffsety>23</textoffsety>
					<textcolor>KeyboardText</textcolor>
					<focusedcolor>KeyboardHighlight</focusedcolor>
					<label>$LOCALIZE[50036]</label>
				</control>
				
				<control type="button" id="90">
					<description>'Z' button</description>
					<posx>130</posx>
					<posy>180</posy>
					<width>48</width>
					<height>48</height>
					<onleft>307</onleft>
					<onright>88</onright>
					<onup>65</onup>
					<ondown>50</ondown>
					<texturenofocus border="6,8,6,8">keyboard\button_nf.png</texturenofocus>
					<texturefocus border="6,8,6,8">keyboard\button_f.png</texturefocus>
					<align>left</align>
					<aligny>top</aligny>
					<font>Keyboard_Key_1</font>
					<textoffsetx>12</textoffsetx>
					<textoffsety>20</textoffsety>
					<textcolor>KeyboardText</textcolor>
					<focusedcolor>KeyboardHighlight</focusedcolor>
				</control>
				
				<control type="button" id="88">
					<description>'X' button</description>
					<posx>185</posx>
					<posy>180</posy>
					<width>48</width>
					<height>48</height>
					<onleft>90</onleft>
					<onright>67</onright>
					<onup>83</onup>
					<ondown>51</ondown>
					<texturenofocus border="6,8,6,8">keyboard\button_nf.png</texturenofocus>
					<texturefocus border="6,8,6,8">keyboard\button_f.png</texturefocus>
					<align>left</align>
					<aligny>top</aligny>
					<font>Keyboard_Key_1</font>
					<textoffsetx>12</textoffsetx>
					<textoffsety>20</textoffsety>
					<textcolor>KeyboardText</textcolor>
					<focusedcolor>KeyboardHighlight</focusedcolor>
				</control>
				
				<control type="button" id="67">
					<description>'C' button</description>
					<posx>240</posx>
					<posy>180</posy>
					<width>48</width>
					<height>48</height>
					<onleft>88</onleft>
					<onright>86</onright>
					<onup>68</onup>
					<ondown>52</ondown>
					<texturenofocus border="6,8,6,8">keyboard\button_nf.png</texturenofocus>
					<texturefocus border="6,8,6,8">keyboard\button_f.png</texturefocus>
					<align>left</align>
					<aligny>top</aligny>
					<font>Keyboard_Key_1</font>
					<textoffsetx>12</textoffsetx>
					<textoffsety>20</textoffsety>
					<textcolor>KeyboardText</textcolor>
					<focusedcolor>KeyboardHighlight</focusedcolor>
				</control>
				
				<control type="button" id="86">
					<description>'V' button</description>
					<posx>295</posx>
					<posy>180</posy>
					<width>48</width>
					<height>48</height>
					<onleft>67</onleft>
					<onright>66</onright>
					<onup>70</onup>
					<ondown>53</ondown>
					<texturenofocus border="6,8,6,8">keyboard\button_nf.png</texturenofocus>
					<texturefocus border="6,8,6,8">keyboard\button_f.png</texturefocus>
					<align>left</align>
					<aligny>top</aligny>
					<font>Keyboard_Key_1</font>
					<textoffsetx>12</textoffsetx>
					<textoffsety>20</textoffsety>
					<textcolor>KeyboardText</textcolor>
					<focusedcolor>KeyboardHighlight</focusedcolor>
				</control>
				
				<control type="button" id="66">
					<description>'B' button</description>
					<posx>350</posx>
					<posy>180</posy>
					<width>48</width>
					<height>48</height>
					<onleft>86</onleft>
					<onright>78</onright>
					<onup>71</onup>
					<ondown>54</ondown>
					<texturenofocus border="6,8,6,8">keyboard\button_nf.png</texturenofocus>
					<texturefocus border="6,8,6,8">keyboard\button_f.png</texturefocus>
					<align>left</align>
					<aligny>top</aligny>
					<font>Keyboard_Key_1</font>
					<textoffsetx>12</textoffsetx>
					<textoffsety>20</textoffsety>
					<textcolor>KeyboardText</textcolor>
					<focusedcolor>KeyboardHighlight</focusedcolor>
				</control>
				
				<control type="button" id="78">
					<description>'N' button</description>
					<posx>405</posx>
					<posy>180</posy>
					<width>48</width>
					<height>48</height>
					<onleft>66</onleft>
					<onright>77</onright>
					<onup>72</onup>
					<ondown>55</ondown>
					<texturenofocus border="6,8,6,8">keyboard\button_nf.png</texturenofocus>
					<texturefocus border="6,8,6,8">keyboard\button_f.png</texturefocus>
					<align>left</align>
					<aligny>top</aligny>
					<font>Keyboard_Key_1</font>
					<textoffsetx>12</textoffsetx>
					<textoffsety>20</textoffsety>
					<textcolor>KeyboardText</textcolor>
					<focusedcolor>KeyboardHighlight</focusedcolor>
				</control>
				
				<control type="button" id="77">
					<description>'M' button</description>
					<posx>460</posx>
					<posy>180</posy>
					<width>48</width>
					<height>48</height>
					<onleft>78</onleft>
					<onright>32</onright>
					<onup>74</onup>
					<ondown>56</ondown>
					<texturenofocus border="6,8,6,8">keyboard\button_nf.png</texturenofocus>
					<texturefocus border="6,8,6,8">keyboard\button_f.png</texturefocus>
					<align>left</align>
					<aligny>top</aligny>
					<font>Keyboard_Key_1</font>
					<textoffsetx>12</textoffsetx>
					<textoffsety>20</textoffsety>
					<textcolor>KeyboardText</textcolor>
					<focusedcolor>KeyboardHighlight</focusedcolor>
				</control>

				<control type="button" id="32">
					<description>'Space' button</description>
					<posx>515</posx>
					<posy>180</posy>
					<width>122</width>
					<height>48</height>
					<onleft>77</onleft>
					<onright>300</onright>
					<onup>75</onup>
					<ondown>57</ondown>
					<texturenofocus border="6,8,6,8">keyboard\button_nf.png</texturenofocus>
					<texturefocus border="6,8,6,8">keyboard\button_f.png</texturefocus>
					<align>left</align>
					<aligny>top</aligny>
					<font>Keyboard_Key_2</font>
					<textoffsetx>10</textoffsetx>
					<textoffsety>23</textoffsety>
					<textcolor>KeyboardText</textcolor>
					<focusedcolor>KeyboardHighlight</focusedcolor>		
					<label>$LOCALIZE[50037]</label>
				</control>
				
				<control type="button" id="300">
					<description>'Done' button</description>
					<posx>644</posx>
					<posy>180</posy>
					<width>69</width>
					<height>48</height>
					<onleft>32</onleft>
					<onright>307</onright>
					<onup>305</onup>
					<ondown>8</ondown>
					<texturenofocus border="6,8,6,8">keyboard\button_green_nf.png</texturenofocus>
					<texturefocus border="6,8,6,8">keyboard\button_green_f.png</texturefocus>
					<align>left</align>
					<aligny>top</aligny>
					<font>Keyboard_Key_2</font>
					<textoffsetx>10</textoffsetx>
					<textoffsety>23</textoffsety>
					<textcolor>KeyboardDarkText</textcolor>
					<focusedcolor>KeyboardDarkText</focusedcolor>		
					<label>$LOCALIZE[50038]</label>
				</control>
			
			</control>
		
		</control>
		
	</controls>
</window>