<window id="109">
	<defaultcontrol always="true">15</defaultcontrol>
	<include>Fade_In_WindowOpen</include>
	<include>Fade_Out_WindowClose</include>
	<coordinates>
		<system>2</system>
		<posx>0</posx>
		<posy>0</posy>
	</coordinates>
	<controls>
	
		<control type="image">
			<posx>0</posx>
			<posy>0</posy>
			<width>1280</width>
			<height>720</height>
			<texture>filter_keyboard_shadow.png</texture>
		</control>
		
		<control type="group">
		
			<include>Zoom_In_WindowOpen</include>
			<include>Zoom_Out_WindowClose</include>		
					
			<control type="image">
				<posx>399</posx>
				<posy>94</posy>
				<width>482</width>
				<height>531</height>
				<texture>keyboard\numeric_dialog_background.png</texture>
			</control>
			
			<control type="image">
				<posx>619</posx>
				<posy>170</posy>
				<width>42</width>
				<height>42</height>
				<texture>dialogs\numeric-dialog-icon.png</texture>
			</control>
					
			<control type="label" id="1">
				<description>Heading</description>
				<posx>0</posx>
				<posy>225</posy>
				<width>1280</width>
				<font>Heading_Small</font>
				<textcolor>Text</textcolor>
				<align>center</align>
				<label>12325</label>
			</control>
			
			<control type="label" id="4">
				<description>Edit Text</description>
				<posx>0</posx>
				<posy>517</posy>
				<width>1280</width>
				<label>12323</label>
				<font>Keyboard_Inout</font>
				<textcolor>Highlight</textcolor>
				<disabledcolor>DisabledText</disabledcolor>
				<align>center</align>
			</control>
										
			<control type="group">
			
				<posx>514</posx>
				<posy>260</posy>
					
				<!-- Row 1 -->
				
				<control type="button" id="11">
					<description>'1' button</description>
					<posx>21</posx>
					<posy>24</posy>
					<width>48</width>
					<height>48</height>
					<onleft>23</onleft>
					<onright>12</onright>
					<onup>20</onup>
					<ondown>14</ondown>
					<texturenofocus border="6,8,6,8">keyboard\button_nf.png</texturenofocus>
					<texturefocus border="6,8,6,8">keyboard\button_f.png</texturefocus>
					<align>left</align>
					<aligny>top</aligny>
					<font>Keyboard_Key_1</font>
					<textoffsetx>12</textoffsetx>
					<textoffsety>20</textoffsety>
					<textcolor>KeyboardText</textcolor>
					<focusedcolor>KeyboardHighlight</focusedcolor>
					<label>12311</label>
				</control>
				
				<control type="button" id="12">
					<description>'2' button</description>
					<posx>76</posx>
					<posy>24</posy>
					<width>48</width>
					<height>48</height>
					<onleft>11</onleft>
					<onright>13</onright>
					<onup>10</onup>
					<ondown>15</ondown>
					<texturenofocus border="6,8,6,8">keyboard\button_nf.png</texturenofocus>
					<texturefocus border="6,8,6,8">keyboard\button_f.png</texturefocus>
					<align>left</align>
					<aligny>top</aligny>
					<font>Keyboard_Key_1</font>
					<textoffsetx>12</textoffsetx>
					<textoffsety>20</textoffsety>
					<textcolor>KeyboardText</textcolor>
					<focusedcolor>KeyboardHighlight</focusedcolor>
					<label>12312</label>
				</control>
				
				<control type="button" id="13">
					<description>'3' button</description>
					<posx>131</posx>
					<posy>24</posy>
					<width>48</width>
					<height>48</height>
					<onleft>12</onleft>
					<onright>23</onright>
					<onup>22</onup>
					<ondown>16</ondown>
					<texturenofocus border="6,8,6,8">keyboard\button_nf.png</texturenofocus>
					<texturefocus border="6,8,6,8">keyboard\button_f.png</texturefocus>
					<align>left</align>
					<aligny>top</aligny>
					<font>Keyboard_Key_1</font>
					<textoffsetx>12</textoffsetx>
					<textoffsety>20</textoffsety>
					<textcolor>KeyboardText</textcolor>
					<focusedcolor>KeyboardHighlight</focusedcolor>
					<label>12313</label>
				</control>
				
				<!-- Row 2 -->
				
				<control type="button" id="14">
					<description>'4' button</description>
					<posx>21</posx>
					<posy>76</posy>
					<width>48</width>
					<height>48</height>
					<onleft>23</onleft>
					<onright>15</onright>
					<onup>11</onup>
					<ondown>17</ondown>
					<texturenofocus border="6,8,6,8">keyboard\button_nf.png</texturenofocus>
					<texturefocus border="6,8,6,8">keyboard\button_f.png</texturefocus>
					<align>left</align>
					<aligny>top</aligny>
					<font>Keyboard_Key_1</font>
					<textoffsetx>12</textoffsetx>
					<textoffsety>20</textoffsety>
					<textcolor>KeyboardText</textcolor>
					<focusedcolor>KeyboardHighlight</focusedcolor>
					<label>12314</label>
				</control>
				
				<control type="button" id="15">
					<description>'5' button</description>
					<posx>76</posx>
					<posy>76</posy>
					<width>48</width>
					<height>48</height>
					<onleft>14</onleft>
					<onright>16</onright>
					<onup>12</onup>
					<ondown>18</ondown>
					<texturenofocus border="6,8,6,8">keyboard\button_nf.png</texturenofocus>
					<texturefocus border="6,8,6,8">keyboard\button_f.png</texturefocus>
					<align>left</align>
					<aligny>top</aligny>
					<font>Keyboard_Key_1</font>
					<textoffsetx>12</textoffsetx>
					<textoffsety>20</textoffsety>
					<textcolor>KeyboardText</textcolor>
					<focusedcolor>KeyboardHighlight</focusedcolor>
					<label>12315</label>
				</control>
				
				<control type="button" id="16">
					<description>'6' button</description>
					<posx>131</posx>
					<posy>76</posy>
					<width>48</width>
					<height>48</height>
					<onleft>15</onleft>
					<onright>23</onright>
					<onup>13</onup>
					<ondown>19</ondown>
					<texturenofocus border="6,8,6,8">keyboard\button_nf.png</texturenofocus>
					<texturefocus border="6,8,6,8">keyboard\button_f.png</texturefocus>
					<align>left</align>
					<aligny>top</aligny>
					<font>Keyboard_Key_1</font>
					<textoffsetx>12</textoffsetx>
					<textoffsety>20</textoffsety>
					<textcolor>KeyboardText</textcolor>
					<focusedcolor>KeyboardHighlight</focusedcolor>
					<label>12316</label>
				</control>
				
				<!-- Row 3 -->
				
				<control type="button" id="17">
					<description>'7' button</description>
					<posx>21</posx>
					<posy>128</posy>
					<width>48</width>
					<height>48</height>
					<onleft>21</onleft>
					<onright>18</onright>
					<onup>14</onup>
					<ondown>20</ondown>
					<texturenofocus border="6,8,6,8">keyboard\button_nf.png</texturenofocus>
					<texturefocus border="6,8,6,8">keyboard\button_f.png</texturefocus>
					<align>left</align>
					<aligny>top</aligny>
					<font>Keyboard_Key_1</font>
					<textoffsetx>12</textoffsetx>
					<textoffsety>20</textoffsety>
					<textcolor>KeyboardText</textcolor>
					<focusedcolor>KeyboardHighlight</focusedcolor>
					<label>12317</label>
				</control>
				
				<control type="button" id="18">
					<description>'8' button</description>
					<posx>76</posx>
					<posy>128</posy>
					<width>48</width>
					<height>48</height>
					<onleft>17</onleft>
					<onright>19</onright>
					<onup>15</onup>
					<ondown>10</ondown>
					<texturenofocus border="6,8,6,8">keyboard\button_nf.png</texturenofocus>
					<texturefocus border="6,8,6,8">keyboard\button_f.png</texturefocus>
					<align>left</align>
					<aligny>top</aligny>
					<font>Keyboard_Key_1</font>
					<textoffsetx>12</textoffsetx>
					<textoffsety>20</textoffsety>
					<textcolor>KeyboardText</textcolor>
					<focusedcolor>KeyboardHighlight</focusedcolor>
					<label>12318</label>
				</control>
				
				<control type="button" id="19">
					<description>'9' button</description>
					<posx>131</posx>
					<posy>128</posy>
					<width>48</width>
					<height>48</height>
					<onleft>18</onleft>
					<onright>21</onright>
					<onup>16</onup>
					<ondown>22</ondown>
					<texturenofocus border="6,8,6,8">keyboard\button_nf.png</texturenofocus>
					<texturefocus border="6,8,6,8">keyboard\button_f.png</texturefocus>
					<align>left</align>
					<aligny>top</aligny>
					<font>Keyboard_Key_1</font>
					<textoffsetx>12</textoffsetx>
					<textoffsety>20</textoffsety>
					<textcolor>KeyboardText</textcolor>
					<focusedcolor>KeyboardHighlight</focusedcolor>
					<label>12319</label>
				</control>
				
				<!-- Row 4 -->
				
				<control type="button" id="20">
					<description>'Previous' button</description>
					<posx>21</posx>
					<posy>180</posy>
					<width>48</width>
					<height>48</height>
					<onleft>21</onleft>
					<onright>10</onright>
					<onup>17</onup>
					<ondown>11</ondown>
					<texturenofocus border="20,8,6,8">keyboard\button_cursor_left_nf.png</texturenofocus>
					<texturefocus border="20,8,6,8">keyboard\button_cursor_left_f.png</texturefocus>
					<align>left</align>
					<aligny>top</aligny>
					<font>Keyboard_Key_1</font>
					<textoffsetx>12</textoffsetx>
					<textoffsety>20</textoffsety>
					<textcolor>KeyboardText</textcolor>
					<focusedcolor>KeyboardHighlight</focusedcolor>
					<label>-</label>
				</control>
				
				<control type="button" id="10">
					<description>'0' button</description>
					<posx>76</posx>
					<posy>180</posy>
					<width>48</width>
					<height>48</height>
					<onleft>20</onleft>
					<onright>22</onright>
					<onup>18</onup>
					<ondown>12</ondown>
					<texturenofocus border="6,8,6,8">keyboard\button_nf.png</texturenofocus>
					<texturefocus border="6,8,6,8">keyboard\button_f.png</texturefocus>
					<align>left</align>
					<aligny>top</aligny>
					<font>Keyboard_Key_1</font>
					<textoffsetx>12</textoffsetx>
					<textoffsety>20</textoffsety>
					<textcolor>KeyboardText</textcolor>
					<focusedcolor>KeyboardHighlight</focusedcolor>
					<label>12310</label>
				</control>
				
				<control type="button" id="22">
					<description>'Next' button</description>
					<posx>131</posx>
					<posy>180</posy>
					<width>48</width>
					<height>48</height>
					<onleft>10</onleft>
					<onright>21</onright>
					<onup>19</onup>
					<ondown>13</ondown>
					<texturenofocus border="20,8,6,8">keyboard\button_cursor_right_nf.png</texturenofocus>
					<texturefocus border="20,8,6,8">keyboard\button_cursor_right_f.png</texturefocus>
					<align>left</align>
					<aligny>top</aligny>
					<font>Keyboard_Key_1</font>
					<textoffsetx>12</textoffsetx>
					<textoffsety>20</textoffsety>
					<textcolor>KeyboardText</textcolor>
					<focusedcolor>KeyboardHighlight</focusedcolor>
					<label>-</label>
				</control>
				
				<!-- Big Side Buttons -->
				
				<control type="button" id="23">
					<description>'Clear' button</description>
					<posx>186</posx>
					<posy>24</posy>
					<width>48</width>
					<height>100</height>
					<onleft>13</onleft>
					<onright>11</onright>
					<onup>21</onup>
					<ondown>21</ondown>
					<texturenofocus border="6,8,6,8">keyboard\button_red_nf.png</texturenofocus>
					<texturefocus border="6,8,6,8">keyboard\button_red_f.png</texturefocus>
					<align>left</align>
					<aligny>top</aligny>
					<font>Keyboard_Key_1</font>
					<textoffsetx>12</textoffsetx>
					<textoffsety>20</textoffsety>
					<textcolor>KeyboardText</textcolor>
					<focusedcolor>KeyboardHighlight</focusedcolor>
					<label>-</label>
				</control>
		
				<control type="button" id="21">
					<description>'Done' button</description>
					<posx>186</posx>
					<posy>128</posy>
					<width>48</width>
					<height>100</height>
					<onleft>19</onleft>
					<onright>17</onright>
					<onup>23</onup>
					<ondown>23</ondown>
					<texturenofocus border="6,8,6,8">keyboard\button_green_nf.png</texturenofocus>
					<texturefocus border="6,8,6,8">keyboard\button_green_f.png</texturefocus>
					<align>left</align>
					<aligny>top</aligny>
					<font>Keyboard_Key_1</font>
					<textoffsetx>12</textoffsetx>
					<textoffsety>20</textoffsety>
					<textcolor>KeyboardText</textcolor>
					<focusedcolor>KeyboardHighlight</focusedcolor>
					<label>-</label>
				</control>
		
			</control>

		</control>
		
	




	</controls>
</window>