<fonts>
	<fontset id="Default" unicode="true">
	
		<!-- General -->
		
		<font>
			<name>Heading</name>
			<filename>Ellipsis_normal.ttf</filename>
			<size>27</size>
			<style>bold</style>
		</font>
		<font>
			<name>Heading_Small</name>
			<filename>Ellipsis_normal.ttf</filename>
			<size>20</size>
			<style>bold</style>
		</font>
		<font>
			<name>Huge</name>
			<filename>Ellipsis_normal.ttf</filename>
			<size>80</size>
		</font>
		<font>
			<name>Extra_Large</name>
			<filename>Ellipsis_normal.ttf</filename>
			<size>40</size>
		</font>
		<font>
			<name>Large</name>
			<filename>Ellipsis_normal.ttf</filename>
			<size>27</size>
		</font>
		<font>
			<name>Default</name>
			<filename>Ellipsis_normal.ttf</filename>
			<size>23</size>
		</font>
		<font>
			<name>Medium_Large</name>
			<filename>Ellipsis_normal.ttf</filename>
			<size>20</size>
		</font>
		<font>
			<name>Medium_Bold</name>
			<filename>Ellipsis_normal.ttf</filename>
			<size>18</size>
			<style>bold</style>
		</font>
		<font>
			<name>Medium</name>
			<filename>Ellipsis_normal.ttf</filename>
			<size>18</size>
		</font>
		<font>
			<name>Selected_Item</name>
			<filename>Ellipsis_normal.ttf</filename>
			<size>32</size>
		</font>
		
		<!-- Credits -->
		
		<font>
			<name>Credits_Intro</name>
			<filename>Ellipsis_normal.ttf</filename>
			<size>40</size>
			<aspect>0.9</aspect>
		</font>
		
		<font>
			<name>Credits_Title</name>
			<filename>Ellipsis_demi.ttf</filename>
			<size>59</size>
			<style>bold</style>
		</font>
		
		<font>
			<name>Credits_Info</name>
			<filename>Ellipsis_light.ttf</filename>
			<size>59</size>
			<style>bold</style>
		</font>
		
		<font>
			<name>Credits_Small</name>
			<filename>Ellipsis_light.ttf</filename>
			<size>40</size>
			<style>bold</style>
		</font>

		<!-- Toast -->
		
		<font>
			<name>Toast_Heading</name>
			<filename>Ellipsis_normal.ttf</filename>
			<size>19</size>
		</font>
	 	<font>
			<name>Toast_Medium</name>
			<filename>Ellipsis_normal.ttf</filename>
			<size>15</size>
		</font>		
		
		<!-- Keyboard -->
	
		<font>
			<name>Keyboard_Inout</name>
			<filename>Ellipsis_normal.ttf</filename>
			<size>27</size>
		</font>
		<font>
			<name>Keyboard_Key_1</name>
			<filename>Ellipsis_demi.ttf</filename>
			<size>15</size>
		</font>
		<font>
			<name>Keyboard_Key_2</name>
			<filename>Ellipsis_demi.ttf</filename>
			<size>13</size>
		</font>		

		<!-- Folder Name -->
	
		<font>
			<name>Folder_Name</name>
			<filename>Ellipsis_normal.ttf</filename>
			<size>23</size>
		</font>
	
		<!-- Now Playing Widget -->
		
		<font>
			<name>Cuurently_Playing</name>
			<filename>Ellipsis_normal.ttf</filename>
			<size>23</size>
			<style>bold</style>
		</font>
		<font>
			<name>Cuurently_Playing_Info</name>
			<filename>Ellipsis_normal.ttf</filename>
			<size>18</size>
		</font>
	
		<!-- RSS -->
	
		<font>
			<name>RSS_Feed</name>
			<filename>Ellipsis_normal.ttf</filename>
			<size>20</size>
		</font>
		
		<font>
			<name>RSS_Title</name>
			<filename>Ellipsis_normal.ttf</filename>
			<size>20</size>
		</font>
		
		<!-- Snaps View -->
		
		<font>
			<name>Snaps_View_Photo_Name</name>
			<filename>Ellipsis_snaps.ttf</filename>
			<size>16</size>
			<style>bold</style>
		</font>
		
		<!-- Date & Time -->

	 	<font>
			<name>Time</name>
			<filename>Ellipsis_time.ttf</filename>
			<size>40</size>
		</font>
		<font>
			<name>Date</name>
			<filename>Ellipsis_normal.ttf</filename>
			<size>18</size>
		</font>
		
		<!-- Seek -->
		
		<font>
			<name>Seek</name>
			<filename>Ellipsis_normal.ttf</filename>
			<size>18</size>
		</font>
		
		<font>
			<name>Seek_Bold</name>
			<filename>Ellipsis_normal.ttf</filename>
			<size>18</size>
			<style>bold</style>
		</font>
		
		<!-- Library Info -->
		
		<font>
			<name>Library_Normal_14</name>
			<filename>Ellipsis_normal.ttf</filename>
			<size>14</size>
		</font>
		
		<font>
			<name>Library_Normal_18</name>
			<filename>Ellipsis_normal.ttf</filename>
			<size>18</size>
		</font>
		
		<font>
			<name>Library_Normal_20</name>
			<filename>Ellipsis_normal.ttf</filename>
			<size>20</size>
		</font>
		
		<font>
			<name>Library_Normal_22</name>
			<filename>Ellipsis_normal.ttf</filename>
			<size>24</size>
		</font>
		
		<font>
			<name>Library_Normal_24</name>
			<filename>Ellipsis_normal.ttf</filename>
			<size>24</size>
		</font>
		
		<font>
			<name>Library_Normal_25</name>
			<filename>Ellipsis_normal.ttf</filename>
			<size>25</size>
		</font>

		<font>
			<name>Library_Normal_28</name>
			<filename>Ellipsis_normal.ttf</filename>
			<size>28</size>
		</font>
		
		<font>
			<name>Library_Normal_43</name>
			<filename>Ellipsis_normal.ttf</filename>
			<size>43</size>
		</font>
		
		<font>
			<name>Library_Normal_69</name>
			<filename>Ellipsis_normal.ttf</filename>
			<size>69</size>
		</font>

		<font>
			<name>Library_Light_18</name>
			<filename>Ellipsis_light.ttf</filename>
			<size>18</size>
		</font>
		
		<font>
			<name>Library_Light_20</name>
			<filename>Ellipsis_light.ttf</filename>
			<size>20</size>
		</font>
		
		<font>
			<name>Library_Light_22</name>
			<filename>Ellipsis_light.ttf</filename>
			<size>22</size>
		</font>
		
		<font>
			<name>Library_Light_24</name>
			<filename>Ellipsis_light.ttf</filename>
			<size>24</size>
		</font>
				
		<font>
			<name>Library_Light_25</name>
			<filename>Ellipsis_light.ttf</filename>
			<size>25</size>
		</font>
		
		<font>
			<name>Library_Light_28</name>
			<filename>Ellipsis_light.ttf</filename>
			<size>28</size>
		</font>
		
		<font>
			<name>Library_Light_35</name>
			<filename>Ellipsis_light.ttf</filename>
			<size>35</size>
		</font>
		
		<font>
			<name>Library_Light_38</name>
			<filename>Ellipsis_light.ttf</filename>
			<size>38</size>
		</font>
		
		<font>
			<name>Library_Bold_22</name>
			<filename>Ellipsis_bold.ttf</filename>
			<size>22</size>
		</font>
		
		<font>
			<name>Library_Bold_24</name>
			<filename>Ellipsis_bold.ttf</filename>
			<size>24</size>
		</font>
		
		<!-- Profiles -->
		
		<font>
			<name>Profile_Heading_1</name>
			<filename>Ellipsis_bold.ttf</filename>
			<size>21</size>
		</font>
		<font>
			<name>Profile_Heading_2</name>
			<filename>Ellipsis_bold.ttf</filename>
			<size>17</size>
		</font>
		
		<font>
			<name>Profile_Large_1</name>
			<filename>Ellipsis_normal.ttf</filename>
			<size>17</size>
		</font>
		<font>
			<name>Profile_Large_2</name>
			<filename>Ellipsis_normal.ttf</filename>
			<size>13</size>
		</font>
		
		<font>
			<name>Profile_Medium_1</name>
			<filename>Ellipsis_normal.ttf</filename>
			<size>15</size>
		</font>
		<font>
			<name>Profile_Medium_2</name>
			<filename>Ellipsis_normal.ttf</filename>
			<size>12</size>
		</font>

	</fontset>
</fonts>