<includes>
	<include name="Show_Case_Vinyl_View">

		<control type="panel" id="50">
			<posx>0</posx>
			<posy>198</posy>
			<width>1280</width>
			<height>324</height>
			<onup>9000</onup>
			<ondown>ActivateWindow(1201)</ondown>
			<viewtype label="Vinyl">list</viewtype>
			<focusposition>2</focusposition>
			<orientation>horizontal</orientation>
			<scrolltime>250</scrolltime>
			<itemlayout height="324" width="256">
				<control type="label">
					<posx>0</posx>
					<posy>0</posy>
					<width>256</width>
					<height>324</height>
					<font>Default</font>
					<align>center</align>
					<info>ListItem.label</info>
					<visible>false</visible>
				</control>
			</itemlayout>
			<focusedlayout height="324" width="256">
				<control type="label">
					<posx>0</posx>
					<posy>0</posy>
					<width>256</width>
					<height>324</height>
					<font>Default</font>
					<align>center</align>
					<info>ListItem.label</info>
					<visible>false</visible>
				</control>
			</focusedlayout>
		</control>

		<control type="group">

			<posx>640</posx>
			<posy>138</posy>
			<visible>Control.IsVisible(50)</visible>

			<!-- Snaps View Scroller Icons - Counter Clockwise Mothion -->
			<control type="group" id="5301">

				<visible>Container(50).OnPrevious</visible>
				<animation effect="slide" end="0,0" time="250" reversible="false">Hidden</animation>

				<!-- Show Far Left Icon On Move Previous -->
				<control type="group">
					<posx>-936</posx>
					<posy>59</posy>
					<width>296</width>
					<height>175</height>
					<visible>!IsEmpty(Container(50).ListItemNoWrap(-2).Label)</visible>
					<control type="group">
						<posx>0</posx>
						<posy>0</posy>
						<width>296</width>
						<height>175</height>
						<visible>Container(50).OnPrevious</visible>
						<animation type="Hidden" reversible="false">
							<effect type="fade" start="0" end="100" time="250" />
							<effect type="slide" start="0,0" end="292,0" time="250" />
							<effect type="rotate" start="-6" end="4" center="148,87" time="250" />
						</animation>
						<animation effect="rotate" start="4" end="4" time="250" center="148,87" reversible="false">Visible</animation>
						<control type="image">
							<posx>53</posx>
							<posy>0</posy>
							<width>175</width>
							<height>175</height>
							<texture>record.png</texture>
						</control>
						<control type="image">
							<posx>0</posx>
							<posy>0</posy>
							<width>175</width>
							<height>175</height>
							<aspectratio align="center" scalediffuse="false">keep</aspectratio>
							<texture diffuse="record-diffuse.png" /> 
							<info>Container(50).ListItem(-2).ActualIcon</info>
							<visible>IsEmpty(Container(50).ListItem(-2).Thumb)</visible>
						</control>
						<control type="image">
							<posx>0</posx>
							<posy>0</posy>
							<width>175</width>
							<height>175</height>
							<aspectratio align="center" scalediffuse="false">scale</aspectratio>
							<texture diffuse="record-diffuse.png" /> 
							<info>Container(50).ListItem(-2).Thumb</info>
							<visible>!IsEmpty(Container(50).ListItem(-2).Thumb)</visible>
						</control>
						<control type="image">
							<posx>0</posx>
							<posy>0</posy>
							<width>175</width>
							<height>175</height>
							<texture>record-front.png</texture>
						</control>	
					</control>
				</control>

				<!-- Move Icon 1 To Icon 2 Position On Move Previous -->
				<control type="group">
					<posx>-644</posx>
					<posy>59</posy>
					<width>296</width>
					<height>175</height>
					<visible>!IsEmpty(Container(50).ListItemNoWrap(-1).Label)</visible>
					<control type="group">
						<posx>0</posx>
						<posy>0</posy>
						<width>296</width>
						<height>175</height>
						<visible>Container(50).OnPrevious</visible>		
						<animation type="Hidden" reversible="false">
							<effect type="slide" start="0,0" end="250,0" time="250" />
							<effect type="rotate" start="4" end="-6" center="148,87" time="250" />
						</animation>	
						<animation effect="rotate" start="4" end="4" time="250" center="148,87" reversible="false">Visible</animation>
						<control type="image">
							<posx>53</posx>
							<posy>0</posy>
							<width>175</width>
							<height>175</height>
							<texture>record.png</texture>
						</control>
						<control type="image">
							<posx>0</posx>
							<posy>0</posy>
							<width>175</width>
							<height>175</height>
							<aspectratio align="center" scalediffuse="false">keep</aspectratio>
							<texture diffuse="record-diffuse.png" /> 
							<info>Container(50).ListItem(-1).ActualIcon</info>
							<visible>IsEmpty(Container(50).ListItem(-1).Thumb)</visible>
						</control>
						<control type="image">
							<posx>0</posx>
							<posy>0</posy>
							<width>175</width>
							<height>175</height>
							<aspectratio align="center" scalediffuse="false">scale</aspectratio>
							<texture diffuse="record-diffuse.png" /> 
							<info>Container(50).ListItem(-1).Thumb</info>
							<visible>!IsEmpty(Container(50).ListItem(-1).Thumb)</visible>
						</control>
						<control type="image">
							<posx>0</posx>
							<posy>0</posy>
							<width>175</width>
							<height>175</height>
							<texture>record-front.png</texture>
						</control>	
					</control>
				</control>

				<!-- Move Icon 2 To Icon 3 Position On Move Previous -->
				<control type="group">
					<posx>-394</posx>
					<posy>59</posy>
					<width>296</width>
					<height>175</height>
					<control type="group">
						<posx>0</posx>
						<posy>0</posy>
						<width>296</width>
						<height>175</height>
						<visible>Container(50).OnPrevious</visible>		
						<animation type="Hidden" reversible="false">
							<effect type="zoom" start="0,0,296,175" end="224,-59,453,268" time="250" />
							<effect type="rotate" start="-6" end="3" center="148,87" time="250" />
						</animation>	
						<animation effect="rotate" start="-6" end="-6" time="250" center="148,87" reversible="false">Visible</animation>
						<control type="image">
							<posx>53</posx>
							<posy>0</posy>
							<width>175</width>
							<height>175</height>
							<texture>record.png</texture>
						</control>
						<control type="image">
							<posx>0</posx>
							<posy>0</posy>
							<width>175</width>
							<height>175</height>
							<aspectratio align="center" scalediffuse="false">keep</aspectratio>
							<texture diffuse="record-diffuse.png" /> 
							<info>Container(50).ListItem(0).ActualIcon</info>
							<visible>IsEmpty(Container(50).ListItem(0).Thumb)</visible>
						</control>
						<control type="image">
							<posx>0</posx>
							<posy>0</posy>
							<width>175</width>
							<height>175</height>
							<aspectratio align="center" scalediffuse="false">scale</aspectratio>
							<texture diffuse="record-diffuse.png" /> 
							<info>Container(50).ListItem(0).Thumb</info>
							<visible>!IsEmpty(Container(50).ListItem(0).Thumb)</visible>
						</control>
						<control type="image">
							<posx>0</posx>
							<posy>0</posy>
							<width>175</width>
							<height>175</height>
							<texture>record-front.png</texture>
						</control>	
					</control>
				</control>

				<!-- Move Icon 3 To Icon 4 Position On Move Previous -->
				<control type="group">			
					<posx>-170</posx>
					<posy>0</posy>
					<width>453</width>
					<height>268</height>
					<visible>!IsEmpty(Container(50).ListItemNoWrap(1).Label)</visible>
					<control type="group">
						<posx>0</posx>
						<posy>0</posy>
						<width>453</width>
						<height>268</height>
						<visible>Container(50).OnPrevious</visible>		
						<animation type="Hidden" reversible="false">
							<effect type="zoom" start="0,0,453,268" end="364,59,296,175" time="250" />
							<effect type="rotate" start="3" end="-7" center="226,134" time="250" />
						</animation>	
						<animation effect="rotate" start="3" end="3" time="250" center="226,134" reversible="false">Visible</animation>
						<control type="image">
							<posx>83</posx>
							<posy>0</posy>
							<width>268</width>
							<height>268</height>
							<texture>record.png</texture>
						</control>
						<control type="image">
							<posx>0</posx>
							<posy>0</posy>
							<width>268</width>
							<height>268</height>
							<aspectratio align="center" scalediffuse="false">keep</aspectratio>
							<texture diffuse="record-diffuse.png" /> 
							<info>Container(50).ListItem(1).ActualIcon</info>
							<visible>IsEmpty(Container(50).ListItem(1).Thumb)</visible>
						</control>
						<control type="image">
							<posx>0</posx>
							<posy>0</posy>
							<width>268</width>
							<height>268</height>
							<aspectratio align="center" scalediffuse="false">scale</aspectratio>
							<texture diffuse="record-diffuse.png" /> 
							<info>Container(50).ListItem(1).Thumb</info>
							<visible>!IsEmpty(Container(50).ListItem(1).Thumb)</visible>
						</control>
						<control type="image">
							<posx>0</posx>
							<posy>0</posy>
							<width>268</width>
							<height>268</height>
							<texture>record-front.png</texture>
						</control>
					</control>
				</control>

				<!-- Move Icon 4 To Icon 5 Position On Move Previous -->
				<control type="group">
					<posx>194</posx>
					<posy>59</posy>
					<width>296</width>
					<height>175</height>
					<visible>!IsEmpty(Container(50).ListItemNoWrap(2).Label)</visible>
					<control type="group">
						<posx>0</posx>
						<posy>0</posy>
						<width>296</width>
						<height>175</height>
						<visible>Container(50).OnPrevious</visible>		
						<animation type="Hidden" reversible="false">
							<effect type="slide" start="0,0" end="250,0" time="250" />
							<effect type="rotate" start="-7" end="8" center="148,87" time="250" />
						</animation>	
						<animation effect="rotate" start="-7" end="-7" time="250" center="148,87" reversible="false">Visible</animation>
						<control type="image">
							<posx>53</posx>
							<posy>0</posy>
							<width>175</width>
							<height>175</height>
							<texture>record.png</texture>
						</control>
						<control type="image">
							<posx>0</posx>
							<posy>0</posy>
							<width>175</width>
							<height>175</height>
							<aspectratio align="center" scalediffuse="false">keep</aspectratio>
							<texture diffuse="record-diffuse.png" /> 
							<info>Container(50).ListItem(2).ActualIcon</info>
							<visible>IsEmpty(Container(50).ListItem(2).Thumb)</visible>
						</control>
						<control type="image">
							<posx>0</posx>
							<posy>0</posy>
							<width>175</width>
							<height>175</height>
							<aspectratio align="center" scalediffuse="false">scale</aspectratio>
							<texture diffuse="record-diffuse.png" /> 
							<info>Container(50).ListItem(2).Thumb</info>
							<visible>!IsEmpty(Container(50).ListItem(2).Thumb)</visible>
						</control>
						<control type="image">
							<posx>0</posx>
							<posy>0</posy>
							<width>175</width>
							<height>175</height>
							<texture>record-front.png</texture>
						</control>	
					</control>
				</control>

				<!-- Hide Far Right Icon On Move Previous -->
				<control type="group">
					<posx>444</posx>
					<posy>59</posy>
					<width>296</width>
					<height>175</height>
					<visible>!IsEmpty(Container(50).ListItemNoWrap(3).Label)</visible>
					<control type="group">
						<posx>0</posx>
						<posy>0</posy>
						<width>296</width>
						<height>175</height>
						<visible>Container(50).OnPrevious</visible>		
						<animation type="Hidden" reversible="false">
							<effect type="slide" start="0,0" end="196,0" time="250" />
							<effect type="rotate" start="8" end="-2" center="148,87" time="250" />
						</animation>	
						<animation effect="rotate" start="8" end="8" time="250" center="148,87" reversible="false">Visible</animation>
						<control type="image">
							<posx>53</posx>
							<posy>0</posy>
							<width>175</width>
							<height>175</height>
							<texture>record.png</texture>
						</control>
						<control type="image">
							<posx>0</posx>
							<posy>0</posy>
							<width>175</width>
							<height>175</height>
							<aspectratio align="center" scalediffuse="false">keep</aspectratio>
							<texture diffuse="record-diffuse.png" /> 
							<info>Container(50).ListItem(3).ActualIcon</info>
							<visible>IsEmpty(Container(50).ListItem(3).Thumb)</visible>
						</control>
						<control type="image">
							<posx>0</posx>
							<posy>0</posy>
							<width>175</width>
							<height>175</height>
							<aspectratio align="center" scalediffuse="false">scale</aspectratio>
							<texture diffuse="record-diffuse.png" /> 
							<info>Container(50).ListItem(3).Thumb</info>
							<visible>!IsEmpty(Container(50).ListItem(3).Thumb)</visible>
						</control>
						<control type="image">
							<posx>0</posx>
							<posy>0</posy>
							<width>175</width>
							<height>175</height>
							<texture>record-front.png</texture>
						</control>	
					</control>
				</control>

			</control>

			<!-- Snaps View Scroller Icons - Clockwise Mothion -->
			<control type="group" id="5302">

				<visible>Container(50).OnNext</visible>
				<animation effect="slide" end="0,0" time="250" reversible="false">Hidden</animation>

				<!-- Hide Far Left Icon On Move Next -->
				<control type="group">
					<posx>-644</posx>
					<posy>59</posy>
					<width>296</width>
					<height>175</height>
					<visible>!IsEmpty(Container(50).ListItemNoWrap(-3).Label)</visible>
					<control type="group">
						<posx>0</posx>
						<posy>0</posy>
						<width>296</width>
						<height>175</height>
						<visible>Container(50).OnNext</visible>		
						<animation type="Hidden" reversible="false">
							<effect type="slide" start="0,0" end="-292,0" time="250" />
							<effect type="rotate" start="4" end="6" center="148,87" time="250" />
						</animation>	
						<animation effect="rotate" start="4" end="4" time="250" center="148,87" reversible="false">Visible</animation>
						<control type="image">
							<posx>53</posx>
							<posy>0</posy>
							<width>175</width>
							<height>175</height>
							<texture>record.png</texture>
						</control>
						<control type="image">
							<posx>0</posx>
							<posy>0</posy>
							<width>175</width>
							<height>175</height>
							<aspectratio align="center" scalediffuse="false">keep</aspectratio>
							<texture diffuse="record-diffuse.png" /> 
							<info>Container(50).ListItem(-3).ActualIcon</info>
							<visible>IsEmpty(Container(50).ListItem(-3).Thumb)</visible>
						</control>
						<control type="image">
							<posx>0</posx>
							<posy>0</posy>
							<width>175</width>
							<height>175</height>
							<aspectratio align="center" scalediffuse="false">scale</aspectratio>
							<texture diffuse="record-diffuse.png" /> 
							<info>Container(50).ListItem(-3).Thumb</info>
							<visible>!IsEmpty(Container(50).ListItem(-3).Thumb)</visible>
						</control>
						<control type="image">
							<posx>0</posx>
							<posy>0</posy>
							<width>175</width>
							<height>175</height>
							<texture>record-front.png</texture>
						</control>	
					</control>
				</control>

				<!-- Move Icon 2 To Icon 1 Position On Move Next -->
				<control type="group">
					<posx>-394</posx>
					<posy>59</posy>
					<width>296</width>
					<height>175</height>
					<visible>!IsEmpty(Container(50).ListItemNoWrap(-2).Label)</visible>
					<control type="group">
						<posx>0</posx>
						<posy>0</posy>
						<width>296</width>
						<height>175</height>
						<visible>Container(50).OnNext</visible>		
						<animation type="Hidden" reversible="false">
							<effect type="slide" start="0,0" end="-250,0" time="250" />
							<effect type="rotate" start="-6" end="4" center="148,87" time="250" />
						</animation>	
						<animation effect="rotate" start="-6" end="-6" time="250" center="148,87" reversible="false">Visible</animation>
						<control type="image">
							<posx>53</posx>
							<posy>0</posy>
							<width>175</width>
							<height>175</height>
							<texture>record.png</texture>
						</control>
						<control type="image">
							<posx>0</posx>
							<posy>0</posy>
							<width>175</width>
							<height>175</height>
							<aspectratio align="center" scalediffuse="false">keep</aspectratio>
							<texture diffuse="record-diffuse.png" /> 
							<info>Container(50).ListItem(-2).ActualIcon</info>
							<visible>IsEmpty(Container(50).ListItem(-2).Thumb)</visible>
						</control>
						<control type="image">
							<posx>0</posx>
							<posy>0</posy>
							<width>175</width>
							<height>175</height>
							<aspectratio align="center" scalediffuse="false">scale</aspectratio>
							<texture diffuse="record-diffuse.png" /> 
							<info>Container(50).ListItem(-2).Thumb</info>
							<visible>!IsEmpty(Container(50).ListItem(-2).Thumb)</visible>
						</control>
						<control type="image">
							<posx>0</posx>
							<posy>0</posy>
							<width>175</width>
							<height>175</height>
							<texture>record-front.png</texture>
						</control>	
					</control>
				</control>

				<!-- Move Icon 3 To Icon 2 Position On Move Next -->
				<control type="group">
					<posx>-170</posx>
					<posy>0</posy>
					<width>453</width>
					<height>268</height>
					<visible>!IsEmpty(Container(50).ListItemNoWrap(-1).Label)</visible>
					<control type="group">
						<posx>0</posx>
						<posy>0</posy>
						<width>453</width>
						<height>268</height>
						<visible>Container(50).OnNext</visible>		
						<animation type="Hidden" reversible="false">
							<effect type="zoom" start="0,0,453,268" end="-224,59,296,175" time="250" />
							<effect type="rotate" start="3" end="-6" center="226,134" time="250" />
						</animation>	
						<animation effect="rotate" start="3" end="3" time="250" center="226,134" reversible="false">Visible</animation>
						<control type="image">
							<posx>83</posx>
							<posy>0</posy>
							<width>268</width>
							<height>268</height>
							<texture>record.png</texture>
						</control>
						<control type="image">
							<posx>0</posx>
							<posy>0</posy>
							<width>268</width>
							<height>268</height>
							<aspectratio align="center" scalediffuse="false">keep</aspectratio>
							<texture diffuse="record-diffuse.png" /> 
							<info>Container(50).ListItem(-1).ActualIcon</info>
							<visible>IsEmpty(Container(50).ListItem(-1).Thumb)</visible>
						</control>
						<control type="image">
							<posx>0</posx>
							<posy>0</posy>
							<width>268</width>
							<height>268</height>
							<aspectratio align="center" scalediffuse="false">scale</aspectratio>
							<texture diffuse="record-diffuse.png" /> 
							<info>Container(50).ListItem(-1).Thumb</info>
							<visible>!IsEmpty(Container(50).ListItem(-1).Thumb)</visible>
						</control>
						<control type="image">
							<posx>0</posx>
							<posy>0</posy>
							<width>268</width>
							<height>268</height>
							<texture>record-front.png</texture>
						</control>
					</control>
				</control>

				<!-- Move Icon 4 To Icon 3 Position On Move Previous -->
				<control type="group">			
					<posx>194</posx>
					<posy>59</posy>
					<width>296</width>
					<height>175</height>
					<control type="group">
						<posx>0</posx>
						<posy>0</posy>
						<width>296</width>
						<height>175</height>
						<visible>Container(50).OnNext</visible>		
						<animation type="Hidden" reversible="false">
							<effect type="zoom" start="0,0,296,175" end="-364,-59,453,268" time="250" />
							<effect type="rotate" start="-7" end="3" center="148,87" time="250" />
						</animation>	
						<animation effect="rotate" start="-7" end="-7" time="250" center="148,87" reversible="false">Visible</animation>
						<control type="image">
							<posx>53</posx>
							<posy>0</posy>
							<width>175</width>
							<height>175</height>
							<texture>record.png</texture>
						</control>
						<control type="image">
							<posx>0</posx>
							<posy>0</posy>
							<width>175</width>
							<height>175</height>
							<aspectratio align="center" scalediffuse="false">keep</aspectratio>
							<texture diffuse="record-diffuse.png" /> 
							<info>Container(50).ListItem(0).ActualIcon</info>
							<visible>IsEmpty(Container(50).ListItem(0).Thumb)</visible>
						</control>
						<control type="image">
							<posx>0</posx>
							<posy>0</posy>
							<width>175</width>
							<height>175</height>
							<aspectratio align="center" scalediffuse="false">scale</aspectratio>
							<texture diffuse="record-diffuse.png" /> 
							<info>Container(50).ListItem(0).Thumb</info>
							<visible>!IsEmpty(Container(50).ListItem(0).Thumb)</visible>
						</control>
						<control type="image">
							<posx>0</posx>
							<posy>0</posy>
							<width>175</width>
							<height>175</height>
							<texture>record-front.png</texture>
						</control>	
					</control>
				</control>

				<!-- Move Icon 5 To Icon 4 Position On Move Previous -->
				<control type="group">
					<posx>444</posx>
					<posy>59</posy>
					<width>296</width>
					<height>175</height>
					<visible>!IsEmpty(Container(50).ListItemNoWrap(1).Label)</visible>
					<control type="group">
						<posx>0</posx>
						<posy>0</posy>
						<width>296</width>
						<height>175</height>
						<visible>Container(50).OnNext</visible>		
						<animation type="Hidden" reversible="false">
							<effect type="slide" start="0,0" end="-250,0" time="250" />
							<effect type="rotate" start="8" end="-7" center="148,87" time="250" />
						</animation>	
						<animation effect="rotate" start="8" end="8" time="250" center="148,87" reversible="false">Visible</animation>
						<control type="image">
							<posx>53</posx>
							<posy>0</posy>
							<width>175</width>
							<height>175</height>
							<texture>record.png</texture>
						</control>
						<control type="image">
							<posx>0</posx>
							<posy>0</posy>
							<width>175</width>
							<height>175</height>
							<aspectratio align="center" scalediffuse="false">keep</aspectratio>
							<texture diffuse="record-diffuse.png" /> 
							<info>Container(50).ListItem(1).ActualIcon</info>
							<visible>IsEmpty(Container(50).ListItem(1).Thumb)</visible>
						</control>
						<control type="image">
							<posx>0</posx>
							<posy>0</posy>
							<width>175</width>
							<height>175</height>
							<aspectratio align="center" scalediffuse="false">scale</aspectratio>
							<texture diffuse="record-diffuse.png" /> 
							<info>Container(50).ListItem(1).Thumb</info>
							<visible>!IsEmpty(Container(50).ListItem(1).Thumb)</visible>
						</control>
						<control type="image">
							<posx>0</posx>
							<posy>0</posy>
							<width>175</width>
							<height>175</height>
							<texture>record-front.png</texture>
						</control>	
					</control>
				</control>

				<!-- Show Far Right Icon On Move Next -->
				<control type="group">
					<posx>640</posx>
					<posy>59</posy>
					<width>296</width>
					<height>175</height>
					<visible>!IsEmpty(Container(50).ListItemNoWrap(2).Label)</visible>
					<control type="group">
						<posx>0</posx>
						<posy>0</posy>
						<width>296</width>
						<height>175</height>
						<visible>Container(50).OnNext</visible>	
						<animation type="Hidden" reversible="false">
							<effect type="fade" start="0" end="100" time="250" />
							<effect type="slide" start="0,0" end="-196,0" time="250" />
							<effect type="rotate" start="-2" end="8" center="148,87" time="250" />
						</animation>
						<animation effect="rotate" start="8" end="8" time="250" center="148,87" reversible="false">Visible</animation>
						<control type="image">
							<posx>53</posx>
							<posy>0</posy>
							<width>175</width>
							<height>175</height>
							<texture>record.png</texture>
						</control>
						<control type="image">
							<posx>0</posx>
							<posy>0</posy>
							<width>175</width>
							<height>175</height>
							<aspectratio align="center" scalediffuse="false">keep</aspectratio>
							<texture diffuse="record-diffuse.png" /> 
							<info>Container(50).ListItem(2).ActualIcon</info>
							<visible>IsEmpty(Container(50).ListItem(2).Thumb)</visible>
						</control>
						<control type="image">
							<posx>0</posx>
							<posy>0</posy>
							<width>175</width>
							<height>175</height>
							<aspectratio align="center" scalediffuse="false">scale</aspectratio>
							<texture diffuse="record-diffuse.png" /> 
							<info>Container(50).ListItem(2).Thumb</info>
							<visible>!IsEmpty(Container(50).ListItem(2).Thumb)</visible>
						</control>
						<control type="image">
							<posx>0</posx>
							<posy>0</posy>
							<width>175</width>
							<height>175</height>
							<texture>record-front.png</texture>
						</control>		
					</control>
				</control>

			</control>

			<!-- Snaps View Scroller Static Icons -->
			<control type="group" id="5300">

				<visible>!Control.IsVisible(5301)  + !Control.IsVisible(5302)</visible>

				<!-- Icon 1 -->
				<control type="group">
					<posx>-644</posx>
					<posy>59</posy>
					<width>296</width>
					<height>175</height>
					<visible>!IsEmpty(Container(50).ListItemNoWrap(-2).Label)</visible>
					<control type="group">
						<posx>0</posx>
						<posy>0</posy>
						<width>296</width>
						<height>175</height>
						<control type="image">
							<posx>53</posx>
							<posy>0</posy>
							<width>175</width>
							<height>175</height>
							<texture>record.png</texture>
						</control>
						<control type="image">
							<posx>0</posx>
							<posy>0</posy>
							<width>175</width>
							<height>175</height>
							<aspectratio align="center" scalediffuse="false">keep</aspectratio>
							<texture diffuse="record-diffuse.png" /> 
							<info>Container(50).ListItem(-2).ActualIcon</info>
							<visible>IsEmpty(Container(50).ListItem(-2).Thumb)</visible>
						</control>
						<control type="image">
							<posx>0</posx>
							<posy>0</posy>
							<width>175</width>
							<height>175</height>
							<aspectratio align="center" scalediffuse="false">scale</aspectratio>
							<texture diffuse="record-diffuse.png" /> 
							<info>Container(50).ListItem(-2).Thumb</info>
							<visible>!IsEmpty(Container(50).ListItem(-2).Thumb)</visible>
						</control>
						<control type="image">
							<posx>0</posx>
							<posy>0</posy>
							<width>175</width>
							<height>175</height>
							<texture>record-front.png</texture>
						</control>
						<animation type="WindowOpen" reversible="false">
							<effect type="fade" start="0" end="100" time="200" />
							<effect type="zoom" start="200" end="100" center="auto" time="200" />
							<effect type="rotate" start="-6" end="4" center="148,87" time="200" />
						</animation>
						<animation type="WindowClose" reversible="false">
							<effect type="fade" start="100" end="0" time="200" />
							<effect type="zoom" start="100" end="200" center="auto" time="200" />
							<effect type="rotate" start="4" end="-6" center="148,87" time="200" />
						</animation>
					</control>
				</control>

				<!-- Icon 2 -->
				<control type="group">
					<posx>-394</posx>
					<posy>59</posy>
					<width>296</width>
					<height>175</height>
					<visible>!IsEmpty(Container(50).ListItemNoWrap(-1).Label)</visible>
					<control type="group">
						<posx>0</posx>
						<posy>0</posy>
						<width>296</width>
						<height>175</height>
						<control type="image">
							<posx>53</posx>
							<posy>0</posy>
							<width>175</width>
							<height>175</height>
							<texture>record.png</texture>
						</control>
						<control type="image">
							<posx>0</posx>
							<posy>0</posy>
							<width>175</width>
							<height>175</height>
							<aspectratio align="center" scalediffuse="false">keep</aspectratio>
							<texture diffuse="record-diffuse.png" /> 
							<info>Container(50).ListItem(-1).ActualIcon</info>
							<visible>IsEmpty(Container(50).ListItem(-1).Thumb)</visible>
						</control>
						<control type="image">
							<posx>0</posx>
							<posy>0</posy>
							<width>175</width>
							<height>175</height>
							<aspectratio align="center" scalediffuse="false">scale</aspectratio>
							<texture diffuse="record-diffuse.png" /> 
							<info>Container(50).ListItem(-1).Thumb</info>
							<visible>!IsEmpty(Container(50).ListItem(-1).Thumb)</visible>
						</control>
						<control type="image">
							<posx>0</posx>
							<posy>0</posy>
							<width>175</width>
							<height>175</height>
							<texture>record-front.png</texture>
						</control>
						<animation type="WindowOpen" reversible="false">
							<effect type="fade" start="0" end="100" time="200" delay="100" />
							<effect type="zoom" start="200" end="100" center="auto" time="200" delay="100" />
							<effect type="rotate" start="4" end="-6" center="148,87" time="200" delay="100" />
						</animation>
						<animation type="WindowClose" reversible="false">
							<effect type="fade" start="100" end="0" time="200" delay="100" />
							<effect type="zoom" start="100" end="200" center="auto" time="200" delay="100" />
							<effect type="rotate" start="-6" end="4" center="148,87" time="200" delay="100" />
						</animation>
					</control>
				</control>

				<!-- Icon 3 -->
				<control type="group">
					<posx>-170</posx>
					<posy>0</posy>
					<width>453</width>
					<height>268</height>
					<control type="group">
						<posx>0</posx>
						<posy>0</posy>
						<width>453</width>
						<height>268</height>
						<control type="image">
							<posx>83</posx>
							<posy>0</posy>
							<width>268</width>
							<height>268</height>
							<texture>record.png</texture>
						</control>
						<control type="image">
							<posx>0</posx>
							<posy>0</posy>
							<width>268</width>
							<height>268</height>
							<aspectratio align="center" scalediffuse="false">keep</aspectratio>
							<texture diffuse="record-diffuse.png" /> 
							<info>Container(50).ListItem(0).ActualIcon</info>
							<visible>IsEmpty(Container(50).ListItem(0).Thumb)</visible>
						</control>
						<control type="image">
							<posx>0</posx>
							<posy>0</posy>
							<width>268</width>
							<height>268</height>
							<aspectratio align="center" scalediffuse="false">scale</aspectratio>
							<texture diffuse="record-diffuse.png" /> 
							<info>Container(50).ListItem(0).Thumb</info>
							<visible>!IsEmpty(Container(50).ListItem(0).Thumb)</visible>
						</control>
						<control type="image">
							<posx>0</posx>
							<posy>0</posy>
							<width>268</width>
							<height>268</height>
							<texture>record-front.png</texture>
						</control>		
						<animation type="WindowOpen" reversible="false">
							<effect type="fade" start="0" end="100" time="200" delay="200" />
							<effect type="zoom" start="200" end="100" center="auto" time="200" delay="200" />
							<effect type="rotate" start="-7" end="3" center="226,134" time="200" delay="200" />
						</animation>
						<animation type="WindowClose" reversible="false">
							<effect type="fade" start="100" end="0" time="200" delay="200" />
							<effect type="zoom" start="100" end="200" center="auto" time="200" delay="200" />
							<effect type="rotate" start="3" end="-7" center="226,134" time="200" delay="200" />
						</animation>
					</control>
				</control>

				<!-- Icon 4 -->
				<control type="group">
					<posx>194</posx>
					<posy>59</posy>
					<width>296</width>
					<height>175</height>
					<visible>!IsEmpty(Container(50).ListItemNoWrap(1).Label)</visible>
					<control type="group">
						<posx>0</posx>
						<posy>0</posy>
						<width>296</width>
						<height>175</height>
						<control type="image">
							<posx>53</posx>
							<posy>0</posy>
							<width>175</width>
							<height>175</height>
							<texture>record.png</texture>
						</control>
						<control type="image">
							<posx>0</posx>
							<posy>0</posy>
							<width>175</width>
							<height>175</height>
							<aspectratio align="center" scalediffuse="false">keep</aspectratio>
							<texture diffuse="record-diffuse.png" /> 
							<info>Container(50).ListItem(1).ActualIcon</info>
							<visible>IsEmpty(Container(50).ListItem(1).Thumb)</visible>
						</control>
						<control type="image">
							<posx>0</posx>
							<posy>0</posy>
							<width>175</width>
							<height>175</height>
							<aspectratio align="center" scalediffuse="false">scale</aspectratio>
							<texture diffuse="record-diffuse.png" /> 
							<info>Container(50).ListItem(1).Thumb</info>
							<visible>!IsEmpty(Container(50).ListItem(1).Thumb)</visible>
						</control>
						<control type="image">
							<posx>0</posx>
							<posy>0</posy>
							<width>175</width>
							<height>175</height>
							<texture>record-front.png</texture>
						</control>		
						<animation type="WindowOpen" reversible="false">
							<effect type="fade" start="0" end="100" time="200" delay="300" />
							<effect type="zoom" start="200" end="100" center="auto" time="200" delay="300" />
							<effect type="rotate" start="3" end="-7" center="148,87" time="200" delay="300" />
						</animation>
						<animation type="WindowClose" reversible="false">
							<effect type="fade" start="100" end="0" time="200" delay="300" />
							<effect type="zoom" start="100" end="200" center="auto" time="200" delay="300" />
							<effect type="rotate" start="-7" end="3" center="148,87" time="200" delay="300" />
						</animation>
					</control>
				</control>

				<!-- Icon 5 -->
				<control type="group">
					<posx>444</posx>
					<posy>59</posy>
					<width>296</width>
					<height>175</height>
					<visible>!IsEmpty(Container(50).ListItemNoWrap(2).Label)</visible>
					<control type="group">
						<posx>0</posx>
						<posy>0</posy>
						<width>296</width>
						<height>175</height>
						<control type="image">
							<posx>53</posx>
							<posy>0</posy>
							<width>175</width>
							<height>175</height>
							<texture>record.png</texture>
						</control>
						<control type="image">
							<posx>0</posx>
							<posy>0</posy>
							<width>175</width>
							<height>175</height>
							<aspectratio align="center" scalediffuse="false">keep</aspectratio>
							<texture diffuse="record-diffuse.png" /> 
							<info>Container(50).ListItem(2).ActualIcon</info>
							<visible>IsEmpty(Container(50).ListItem(2).Thumb)</visible>
						</control>
						<control type="image">
							<posx>0</posx>
							<posy>0</posy>
							<width>175</width>
							<height>175</height>
							<aspectratio align="center" scalediffuse="false">scale</aspectratio>
							<texture diffuse="record-diffuse.png" /> 
							<info>Container(50).ListItem(2).Thumb</info>
							<visible>!IsEmpty(Container(50).ListItem(2).Thumb)</visible>
						</control>
						<control type="image">
							<posx>0</posx>
							<posy>0</posy>
							<width>175</width>
							<height>175</height>
							<texture>record-front.png</texture>
						</control>						
						<animation type="WindowOpen" reversible="false">
							<effect type="fade" start="0" end="100" time="200" delay="400" />
							<effect type="zoom" start="200" end="100" center="auto" time="200" delay="400" />
							<effect type="rotate" start="-2" end="8" center="148,87" time="200" delay="400" />
						</animation>
						<animation type="WindowClose" reversible="false">
							<effect type="fade" start="100" end="0" time="200" delay="400" />
							<effect type="zoom" start="100" end="200" center="auto" time="200" delay="400" />
							<effect type="rotate" start="8" end="-2" center="148,87" time="200" delay="400" />
						</animation>
					</control>
				</control>

			</control>

		</control>
		
		<control type="group">
			<visible>Control.IsVisible(50)</visible>
			<visible>!Container.Content(Episodes) + !Container.Content(MusicVideos) + !Container.Content(Seasons) + !Container.Content(TVShows) + !Container.Content(Movies)</visible>
			<control type="image">
				<posx>62</posx>
				<posy>404</posy>
				<width>64</width>
				<height>64</height>
				<texture>menu\nav\nav_arrow_left_NF.png</texture>
				<animation effect="fade" time="600">Visible</animation>
				<visible>!Container(50).OnPrevious</visible>
			</control>
			<control type="image">
				<posx>62</posx>
				<posy>404</posy>
				<width>64</width>
				<height>64</height>
				<texture>menu\nav\nav_arrow_left_FO.png</texture>
				<animation type="Hidden">
					<effect type="slide" start="-10" end="0" center="auto" time="300" reversible="false" />
					<effect type="fade" start="100" end="0" time="300" reversible="false" />
				</animation>
				<visible>Container(50).OnPrevious</visible>
			</control>
			<control type="image">
				<posx>1155</posx>
				<posy>404</posy>
				<width>64</width>
				<height>64</height>
				<texture>menu\nav\nav_arrow_right_NF.png</texture>
				<animation effect="fade" time="600">Visible</animation>
				<visible>!Container(50).OnNext</visible>
			</control>
			<control type="image">
				<posx>1155</posx>
				<posy>404</posy>
				<width>64</width>
				<height>64</height>
				<texture>menu\nav\nav_arrow_right_FO.png</texture>
				<animation type="Hidden">
					<effect type="slide" start="10" end="0" center="auto" time="300" reversible="false" />
					<effect type="fade" start="100" end="0" time="300" reversible="false" />
				</animation>
				<visible>Container(50).OnNext</visible>
			</control>
		</control>
		
		<include>Library_Info</include>

	</include>
</includes>