<includes>
	<include name="Game_Hybrid_View">
					
		<control type="group">

			<posx>665</posx>
			<posy>176</posy>
			<visible>Control.IsVisible(56)</visible>
			
			<!-- DVD Hybrid View Icons - Counter Clockwise Mothion -->
			<control type="group" id="5601">

				<visible>Container(56).OnPrevious</visible>
				<animation effect="slide" end="0,0" time="250" reversible="false">Hidden</animation>
				
				<!-- Hide Far Right Icon On Move Previous -->
				<control type="group">
					<visible>Container(56).OnPrevious</visible>
					<visible>!IsEmpty(Container(56).ListItemNoWrap(3).Label)</visible>
					<animation type="Hidden" reversible="false">
						<effect type="fade" start="100" end="0" time="250" />
						<effect type="slide" start="0" end="128" time="250" />
					</animation>
					<posx>314</posx>
					<posy>42</posy>
					<width>193</width>
					<height>566</height>
					<control type="image">
						<posx>0</posx>
						<posy>0</posy>
						<width>193</width>
						<height>283</height>
						<aspectratio align="center" scalediffuse="false">keep</aspectratio>
						<texture diffuse="dvdbox-diffuse.png" /> 
						<info>Container(56).ListItem(3).ActualIcon</info>
						<visible>IsEmpty(Container(56).ListItem(3).Thumb)</visible>
					</control>
					<control type="image">
						<posx>0</posx>
						<posy>0</posy>
						<width>193</width>
						<height>283</height>
						<aspectratio align="center" scalediffuse="false">scale</aspectratio>
						<texture diffuse="dvdbox-diffuse.png" /> 
						<info>Container(56).ListItem(3).Thumb</info>
						<visible>!IsEmpty(Container(56).ListItem(3).Thumb)</visible>
					</control>
					<control type="image">
						<posx>0</posx>
						<posy>0</posy>
						<width>193</width>
						<height>283</height>
						<texture>dvdgamebox-overlay.png</texture>
					</control>
					<control type="image">
						<posx>0</posx>
						<posy>283</posy>
						<width>193</width>
						<height>283</height>
						<aspectratio align="center" scalediffuse="false">keep</aspectratio>
						<texture flipy="true" diffuse="dvdbox-reflect-diffuse.png" /> 
						<info>Container(56).ListItem(3).ActualIcon</info>
						<visible>IsEmpty(Container(56).ListItem(3).Thumb)</visible>
					</control>
					<control type="image">
						<posx>0</posx>
						<posy>283</posy>
						<width>193</width>
						<height>283</height>
						<aspectratio align="center" scalediffuse="false">scale</aspectratio>
						<texture flipy="true" diffuse="dvdbox-reflect-diffuse.png" /> 
						<info>Container(56).ListItem(3).Thumb</info>
						<visible>!IsEmpty(Container(56).ListItem(3).Thumb)</visible>
					</control>
					<control type="image">
						<posx>0</posx>
						<posy>283</posy>
						<width>193</width>
						<height>283</height>
						<texture flipy="true" diffuse="dvdbox-reflect-diffuse.png">dvdgamebox-overlay.png</texture>
					</control>
				</control>

				<!-- Move Icon 2 To Icon 3 Position On Move Previous -->
				<control type="group">
					<visible>Container(56).OnPrevious</visible>
					<visible>!IsEmpty(Container(56).ListItemNoWrap(2).Label)</visible>
					<animation effect="zoom" start="159,22,220,646" end="314,42,193,566" time="250" reversible="false">Hidden</animation>
					<posx>159</posx>
					<posy>22</posy>
					<width>220</width>
					<height>646</height>
					<control type="image">
						<posx>0</posx>
						<posy>0</posy>
						<width>220</width>
						<height>323</height>
						<aspectratio align="center" scalediffuse="false">keep</aspectratio>
						<texture diffuse="dvdbox-diffuse.png" /> 
						<info>Container(56).ListItem(2).ActualIcon</info>
						<visible>IsEmpty(Container(56).ListItem(2).Thumb)</visible>
					</control>
					<control type="image">
						<posx>0</posx>
						<posy>0</posy>
						<width>220</width>
						<height>323</height>
						<aspectratio align="center" scalediffuse="false">scale</aspectratio>
						<texture diffuse="dvdbox-diffuse.png" /> 
						<info>Container(56).ListItem(2).Thumb</info>
						<visible>!IsEmpty(Container(56).ListItem(2).Thumb)</visible>
					</control>
					<control type="image">
						<posx>0</posx>
						<posy>0</posy>
						<width>220</width>
						<height>323</height>
						<texture>dvdgamebox-overlay.png</texture>
					</control>
					<control type="image">
						<posx>0</posx>
						<posy>323</posy>
						<width>220</width>
						<height>323</height>
						<aspectratio align="center" scalediffuse="false">keep</aspectratio>
						<texture flipy="true" diffuse="dvdbox-reflect-diffuse.png" /> 
						<info>Container(56).ListItem(2).ActualIcon</info>
						<visible>IsEmpty(Container(56).ListItem(2).Thumb)</visible>
					</control>
					<control type="image">
						<posx>0</posx>
						<posy>323</posy>
						<width>220</width>
						<height>323</height>
						<aspectratio align="center" scalediffuse="false">scale</aspectratio>
						<texture flipy="true" diffuse="dvdbox-reflect-diffuse.png" /> 
						<info>Container(56).ListItem(2).Thumb</info>
						<visible>!IsEmpty(Container(56).ListItem(2).Thumb)</visible>
					</control>
					<control type="image">
						<posx>0</posx>
						<posy>323</posy>
						<width>220</width>
						<height>323</height>
						<texture flipy="true" diffuse="dvdbox-reflect-diffuse.png">dvdgamebox-overlay.png</texture>
					</control>
				</control>

				<!-- Move Icon 1 To Icon 2 Position On Move Previous -->
				<control type="group">
					<visible>Container(56).OnPrevious</visible>
					<visible>!IsEmpty(Container(56).ListItemNoWrap(1).Label)</visible>
					<animation effect="zoom" start="0,0,251,736" end="159,22,220,646" time="250" reversible="false">Hidden</animation>
					<posx>0</posx>
					<posy>0</posy>
					<width>251</width>
					<height>736</height>
					<control type="image">
						<posx>0</posx>
						<posy>0</posy>
						<width>251</width>
						<height>368</height>
						<aspectratio align="center" scalediffuse="false">keep</aspectratio>
						<texture diffuse="dvdbox-diffuse.png" /> 
						<info>Container(56).ListItem(1).ActualIcon</info>
						<visible>IsEmpty(Container(56).ListItem(1).Thumb)</visible>
					</control>
					<control type="image">
						<posx>0</posx>
						<posy>0</posy>
						<width>251</width>
						<height>368</height>
						<aspectratio align="center" scalediffuse="false">scale</aspectratio>
						<texture diffuse="dvdbox-diffuse.png" /> 
						<info>Container(56).ListItem(1).Thumb</info>
						<visible>!IsEmpty(Container(56).ListItem(1).Thumb)</visible>
					</control>
					<control type="image">
						<posx>0</posx>
						<posy>0</posy>
						<width>251</width>
						<height>368</height>
						<texture>dvdgamebox-overlay.png</texture>
					</control>
					<control type="image">
						<posx>0</posx>
						<posy>368</posy>
						<width>251</width>
						<height>368</height>
						<aspectratio align="center" scalediffuse="false">keep</aspectratio>
						<texture flipy="true" diffuse="dvdbox-reflect-diffuse.png" /> 
						<info>Container(56).ListItem(1).ActualIcon</info>
						<visible>IsEmpty(Container(56).ListItem(1).Thumb)</visible>
					</control>
					<control type="image">
						<posx>0</posx>
						<posy>368</posy>
						<width>251</width>
						<height>368</height>
						<aspectratio align="center" scalediffuse="false">scale</aspectratio>
						<texture flipy="true" diffuse="dvdbox-reflect-diffuse.png" /> 
						<info>Container(56).ListItem(1).Thumb</info>
						<visible>!IsEmpty(Container(56).ListItem(1).Thumb)</visible>
					</control>
					<control type="image">
						<posx>0</posx>
						<posy>368</posy>
						<width>251</width>
						<height>368</height>
						<texture flipy="true" diffuse="dvdbox-reflect-diffuse.png">dvdgamebox-overlay.png</texture>
					</control>
				</control>
				
				<!-- Show Far Left Icon On Move Previous -->
				<control type="group">
					<visible>Container(56).OnPrevious</visible>
					<animation type="Hidden" reversible="false">
						<effect type="fade" start="0" end="100" time="250" />
						<effect type="slide" start="-128" end="0" time="250" />
					</animation>
					<animation effect="fade" start="0" end="0" time="0" reversible="false">Visible</animation>
					<posx>0</posx>
					<posy>0</posy>
					<width>251</width>
					<height>736</height>
					<control type="image">
						<posx>0</posx>
						<posy>0</posy>
						<width>251</width>
						<height>368</height>
						<aspectratio align="center" scalediffuse="false">keep</aspectratio>
						<texture diffuse="dvdbox-diffuse.png" /> 
						<info>Container(56).ListItem(0).ActualIcon</info>
						<visible>IsEmpty(Container(56).ListItem(0).Thumb)</visible>
					</control>
					<control type="image">
						<posx>0</posx>
						<posy>0</posy>
						<width>251</width>
						<height>368</height>
						<aspectratio align="center" scalediffuse="false">scale</aspectratio>
						<texture diffuse="dvdbox-diffuse.png" /> 
						<info>Container(56).ListItem(0).Thumb</info>
						<visible>!IsEmpty(Container(56).ListItem(0).Thumb)</visible>
					</control>
					<control type="image">
						<posx>0</posx>
						<posy>0</posy>
						<width>251</width>
						<height>368</height>
						<texture>dvdgamebox-overlay.png</texture>
					</control>
					<control type="image">
						<posx>0</posx>
						<posy>368</posy>
						<width>251</width>
						<height>368</height>
						<aspectratio align="center" scalediffuse="false">keep</aspectratio>
						<texture flipy="true" diffuse="dvdbox-reflect-diffuse.png" /> 
						<info>Container(56).ListItem(0).ActualIcon</info>
						<visible>IsEmpty(Container(56).ListItem(0).Thumb)</visible>
					</control>
					<control type="image">
						<posx>0</posx>
						<posy>368</posy>
						<width>251</width>
						<height>368</height>
						<aspectratio align="center" scalediffuse="false">scale</aspectratio>
						<texture flipy="true" diffuse="dvdbox-reflect-diffuse.png" /> 
						<info>Container(56).ListItem(0).Thumb</info>
						<visible>!IsEmpty(Container(56).ListItem(0).Thumb)</visible>
					</control>
					<control type="image">
						<posx>0</posx>
						<posy>368</posy>
						<width>251</width>
						<height>368</height>
						<texture flipy="true" diffuse="dvdbox-reflect-diffuse.png">dvdgamebox-overlay.png</texture>
					</control>
				</control>
				
			</control>
			
			<!-- DVD Hybrid View Icons - Clockwise Mothion -->
			<control type="group" id="5602">

				<visible>Container(56).OnNext</visible>
				<animation effect="slide" end="0,0" time="250" reversible="false">Hidden</animation>
				
				<!-- Show Far Right Icon On Move Next -->
				<control type="group">
					<visible>Container(56).OnNext</visible>
					<visible>!IsEmpty(Container(56).ListItemNoWrap(2).Label)</visible>
						<animation type="Hidden" reversible="false">
						<effect type="fade" start="0" end="100" time="250" />
						<effect type="slide" start="128" end="0" time="250" />
					</animation>
					<animation effect="fade" start="0" end="0" time="0" reversible="false">Visible</animation>
					<posx>314</posx>
					<posy>42</posy>
					<width>193</width>
					<height>566</height>
					<control type="image">
						<posx>0</posx>
						<posy>0</posy>
						<width>193</width>
						<height>283</height>
						<aspectratio align="center" scalediffuse="false">keep</aspectratio>
						<texture diffuse="dvdbox-diffuse.png" /> 
						<info>Container(56).ListItem(2).ActualIcon</info>
						<visible>IsEmpty(Container(56).ListItem(2).Thumb)</visible>
					</control>
					<control type="image">
						<posx>0</posx>
						<posy>0</posy>
						<width>193</width>
						<height>283</height>
						<aspectratio align="center" scalediffuse="false">scale</aspectratio>
						<texture diffuse="dvdbox-diffuse.png" /> 
						<info>Container(56).ListItem(2).Thumb</info>
						<visible>!IsEmpty(Container(56).ListItem(2).Thumb)</visible>
					</control>
					<control type="image">
						<posx>0</posx>
						<posy>0</posy>
						<width>193</width>
						<height>283</height>
						<texture>dvdgamebox-overlay.png</texture>
					</control>
					<control type="image">
						<posx>0</posx>
						<posy>283</posy>
						<width>193</width>
						<height>283</height>
						<aspectratio align="center" scalediffuse="false">keep</aspectratio>
						<texture flipy="true" diffuse="dvdbox-reflect-diffuse.png" /> 
						<info>Container(56).ListItem(2).ActualIcon</info>
						<visible>IsEmpty(Container(56).ListItem(2).Thumb)</visible>
					</control>
					<control type="image">
						<posx>0</posx>
						<posy>283</posy>
						<width>193</width>
						<height>283</height>
						<aspectratio align="center" scalediffuse="false">scale</aspectratio>
						<texture flipy="true" diffuse="dvdbox-reflect-diffuse.png" /> 
						<info>Container(56).ListItem(2).Thumb</info>
						<visible>!IsEmpty(Container(56).ListItem(2).Thumb)</visible>
					</control>
					<control type="image">
						<posx>0</posx>
						<posy>283</posy>
						<width>193</width>
						<height>283</height>
						<texture flipy="true" diffuse="dvdbox-reflect-diffuse.png">dvdgamebox-overlay.png</texture>
					</control>
				</control>

				<!-- Move Icon 3 To Icon 2 Position On Move Next -->
				<control type="group">
					<visible>Container(56).OnNext</visible>
					<visible>!IsEmpty(Container(56).ListItemNoWrap(1).Label)</visible>
					<animation effect="zoom" start="314,42,193,566" end="159,22,220,646" time="250" reversible="false">Hidden</animation>
					<posx>314</posx>
					<posy>42</posy>
					<width>193</width>
					<height>566</height>
					<control type="image">
						<posx>0</posx>
						<posy>0</posy>
						<width>193</width>
						<height>283</height>
						<aspectratio align="center" scalediffuse="false">keep</aspectratio>
						<texture diffuse="dvdbox-diffuse.png" /> 
						<info>Container(56).ListItem(1).ActualIcon</info>
						<visible>IsEmpty(Container(56).ListItem(1).Thumb)</visible>
					</control>
					<control type="image">
						<posx>0</posx>
						<posy>0</posy>
						<width>193</width>
						<height>283</height>
						<aspectratio align="center" scalediffuse="false">scale</aspectratio>
						<texture diffuse="dvdbox-diffuse.png" /> 
						<info>Container(56).ListItem(1).Thumb</info>
						<visible>!IsEmpty(Container(56).ListItem(1).Thumb)</visible>
					</control>
					<control type="image">
						<posx>0</posx>
						<posy>0</posy>
						<width>193</width>
						<height>283</height>
						<texture>dvdgamebox-overlay.png</texture>
					</control>
					<control type="image">
						<posx>0</posx>
						<posy>283</posy>
						<width>193</width>
						<height>283</height>
						<aspectratio align="center" scalediffuse="false">keep</aspectratio>
						<texture flipy="true" diffuse="dvdbox-reflect-diffuse.png" /> 
						<info>Container(56).ListItem(1).ActualIcon</info>
						<visible>IsEmpty(Container(56).ListItem(1).Thumb)</visible>
					</control>
					<control type="image">
						<posx>0</posx>
						<posy>283</posy>
						<width>193</width>
						<height>283</height>
						<aspectratio align="center" scalediffuse="false">scale</aspectratio>
						<texture flipy="true" diffuse="dvdbox-reflect-diffuse.png" /> 
						<info>Container(56).ListItem(1).Thumb</info>
						<visible>!IsEmpty(Container(56).ListItem(1).Thumb)</visible>
					</control>
					<control type="image">
						<posx>0</posx>
						<posy>283</posy>
						<width>193</width>
						<height>283</height>
						<texture flipy="true" diffuse="dvdbox-reflect-diffuse.png">dvdgamebox-overlay.png</texture>
					</control>
				</control>
				
				<!-- Move Icon 2 To Icon 1 Position On Move Next -->
				<control type="group">
					<visible>Container(56).OnNext</visible>
					<visible>!IsEmpty(Container(56).ListItemNoWrap(0).Label)</visible>
					<animation effect="zoom" start="159,22,220,646" end="0,0,251,736" time="250" reversible="false">Hidden</animation>
					<posx>159</posx>
					<posy>22</posy>
					<width>220</width>
					<height>646</height>
					<control type="image">
						<posx>0</posx>
						<posy>0</posy>
						<width>220</width>
						<height>323</height>
						<aspectratio align="center" scalediffuse="false">keep</aspectratio>
						<texture diffuse="dvdbox-diffuse.png" /> 
						<info>Container(56).ListItem(0).ActualIcon</info>
						<visible>IsEmpty(Container(56).ListItem(0).Thumb)</visible>
					</control>
					<control type="image">
						<posx>0</posx>
						<posy>0</posy>
						<width>220</width>
						<height>323</height>
						<aspectratio align="center" scalediffuse="false">scale</aspectratio>
						<texture diffuse="dvdbox-diffuse.png" /> 
						<info>Container(56).ListItem(0).Thumb</info>
						<visible>!IsEmpty(Container(56).ListItem(0).Thumb)</visible>
					</control>
					<control type="image">
						<posx>0</posx>
						<posy>0</posy>
						<width>220</width>
						<height>323</height>
						<texture>dvdgamebox-overlay.png</texture>
					</control>
					<control type="image">
						<posx>0</posx>
						<posy>323</posy>
						<width>220</width>
						<height>323</height>
						<aspectratio align="center" scalediffuse="false">keep</aspectratio>
						<texture flipy="true" diffuse="dvdbox-reflect-diffuse.png" /> 
						<info>Container(56).ListItem(0).ActualIcon</info>
						<visible>IsEmpty(Container(56).ListItem(0).Thumb)</visible>
					</control>
					<control type="image">
						<posx>0</posx>
						<posy>323</posy>
						<width>220</width>
						<height>323</height>
						<aspectratio align="center" scalediffuse="false">scale</aspectratio>
						<texture flipy="true" diffuse="dvdbox-reflect-diffuse.png" /> 
						<info>Container(56).ListItem(0).Thumb</info>
						<visible>!IsEmpty(Container(56).ListItem(0).Thumb)</visible>
					</control>
					<control type="image">
						<posx>0</posx>
						<posy>323</posy>
						<width>220</width>
						<height>323</height>
						<texture flipy="true" diffuse="dvdbox-reflect-diffuse.png">dvdgamebox-overlay.png</texture>
					</control>
				</control>
				
				<!-- Hide Far Left Icon On Move Next -->
				<control type="group">
					<visible>Container(56).OnNext</visible>
					<animation type="Hidden" reversible="false">
						<effect type="fade" start="100" end="0" time="250" />
						<effect type="slide" start="0" end="-128" time="250" />	
					</animation>				
					<posx>0</posx>
					<posy>0</posy>
					<width>251</width>
					<height>736</height>
					<control type="image">
						<posx>0</posx>
						<posy>0</posy>
						<width>251</width>
						<height>368</height>
						<aspectratio align="center" scalediffuse="false">keep</aspectratio>
						<texture diffuse="dvdbox-diffuse.png" /> 
						<info>Container(56).ListItem(-1).ActualIcon</info>
						<visible>IsEmpty(Container(56).ListItem((-1).Thumb)</visible>
					</control>
					<control type="image">
						<posx>0</posx>
						<posy>0</posy>
						<width>251</width>
						<height>368</height>
						<aspectratio align="center" scalediffuse="false">scale</aspectratio>
						<texture diffuse="dvdbox-diffuse.png" /> 
						<info>Container(56).ListItem(-1).Thumb</info>
						<visible>!IsEmpty(Container(56).ListItem(-1).Thumb)</visible>
					</control>
					<control type="image">
						<posx>0</posx>
						<posy>0</posy>
						<width>251</width>
						<height>368</height>
						<texture>dvdgamebox-overlay.png</texture>
					</control>
					<control type="image">
						<posx>0</posx>
						<posy>368</posy>
						<width>251</width>
						<height>368</height>
						<aspectratio align="center" scalediffuse="false">keep</aspectratio>
						<texture flipy="true" diffuse="dvdbox-reflect-diffuse.png" /> 
						<info>Container(56).ListItem(-1).ActualIcon</info>
						<visible>IsEmpty(Container(56).ListItem(-1).Thumb)</visible>
					</control>
					<control type="image">
						<posx>0</posx>
						<posy>368</posy>
						<width>251</width>
						<height>368</height>
						<aspectratio align="center" scalediffuse="false">scale</aspectratio>
						<texture flipy="true" diffuse="dvdbox-reflect-diffuse.png" /> 
						<info>Container(56).ListItem(-1).Thumb</info>
						<visible>!IsEmpty(Container(56).ListItem(-1).Thumb)</visible>
					</control>
					<control type="image">
						<posx>0</posx>
						<posy>368</posy>
						<width>251</width>
						<height>368</height>
						<texture flipy="true" diffuse="dvdbox-reflect-diffuse.png">dvdgamebox-overlay.png</texture>
					</control>
				</control>
				
			</control>
			
			<!-- DVD Hybrid View Static Icons -->
			<control type="group" id="5600">

				<visible>!Control.IsVisible(5601)  + !Control.IsVisible(5602)</visible>
		
				<!-- Icon 3 -->
				<control type="group">
					<posx>314</posx>
					<posy>42</posy>
					<width>193</width>
					<height>566</height>
					<animation type="WindowOpen">
						<effect type="slide" start="-314" end="0" center="auto" time="150" delay="150" tween="elastic" easing="out" reversible="false" />
						<effect type="fade" start="0" end="100" time="150" delay="150" tween="sine" easing="out" reversible="false" />
					</animation>
					<animation type="WindowClose">
						<effect type="slide" start="0" end="-314" center="auto" time="150" tween="back" easing="in" reversible="false" />
						<effect type="fade" start="100" end="0" time="150" tween="sine" easing="in" reversible="false" />
					</animation>
					<visible>!IsEmpty(Container(56).ListItemNoWrap(2).Label)</visible>
					<control type="image">
						<posx>0</posx>
						<posy>0</posy>
						<width>193</width>
						<height>283</height>
						<aspectratio align="center" scalediffuse="false">keep</aspectratio>
						<texture diffuse="dvdbox-diffuse.png" /> 
						<info>Container(56).ListItem(2).ActualIcon</info>
						<visible>IsEmpty(Container(56).ListItem(2).Thumb)</visible>
					</control>
					<control type="image">
						<posx>0</posx>
						<posy>0</posy>
						<width>193</width>
						<height>283</height>
						<aspectratio align="center" scalediffuse="false">scale</aspectratio>
						<texture diffuse="dvdbox-diffuse.png" /> 
						<info>Container(56).ListItem(2).Thumb</info>
						<visible>!IsEmpty(Container(56).ListItem(2).Thumb)</visible>
					</control>
					<control type="image">
						<posx>0</posx>
						<posy>0</posy>
						<width>193</width>
						<height>283</height>
						<texture>dvdgamebox-overlay.png</texture>
					</control>
					<control type="image">
						<posx>0</posx>
						<posy>283</posy>
						<width>193</width>
						<height>283</height>
						<aspectratio align="center" scalediffuse="false">keep</aspectratio>
						<texture flipy="true" diffuse="dvdbox-reflect-diffuse.png" /> 
						<info>Container(56).ListItem(2).ActualIcon</info>
						<visible>IsEmpty(Container(56).ListItem(2).Thumb)</visible>
					</control>
					<control type="image">
						<posx>0</posx>
						<posy>283</posy>
						<width>193</width>
						<height>283</height>
						<aspectratio align="center" scalediffuse="false">scale</aspectratio>
						<texture flipy="true" diffuse="dvdbox-reflect-diffuse.png" /> 
						<info>Container(56).ListItem(2).Thumb</info>
						<visible>!IsEmpty(Container(56).ListItem(2).Thumb)</visible>
					</control>
					<control type="image">
						<posx>0</posx>
						<posy>283</posy>
						<width>193</width>
						<height>283</height>
						<texture flipy="true" diffuse="dvdbox-reflect-diffuse.png">dvdgamebox-overlay.png</texture>
					</control>
				</control>
				
				<!-- Icon 2 -->
				<control type="group">
					<posx>159</posx>
					<posy>22</posy>
					<width>220</width>
					<height>646</height>
					<animation type="WindowOpen">
						<effect type="slide" start="-159" end="0" center="auto" time="150" delay="150" tween="elastic" easing="out" reversible="false" />
						<effect type="fade" start="0" end="100" time="150" delay="150" tween="sine" easing="out" reversible="false" />
					</animation>
					<animation type="WindowClose">
						<effect type="slide" start="0" end="-159" center="auto" time="150" tween="back" easing="in" reversible="false" />
						<effect type="fade" start="100" end="0" time="150" tween="sine" easing="in" reversible="false" />
					</animation>
					<visible>!IsEmpty(Container(56).ListItemNoWrap(1).Label)</visible>
					<control type="image">
						<posx>0</posx>
						<posy>0</posy>
						<width>220</width>
						<height>323</height>
						<aspectratio align="center" scalediffuse="false">keep</aspectratio>
						<texture diffuse="dvdbox-diffuse.png" /> 
						<info>Container(56).ListItem(1).ActualIcon</info>
						<visible>IsEmpty(Container(56).ListItem(1).Thumb)</visible>
					</control>
					<control type="image">
						<posx>0</posx>
						<posy>0</posy>
						<width>220</width>
						<height>323</height>
						<aspectratio align="center" scalediffuse="false">scale</aspectratio>
						<texture diffuse="dvdbox-diffuse.png" /> 
						<info>Container(56).ListItem(1).Thumb</info>
						<visible>!IsEmpty(Container(56).ListItem(1).Thumb)</visible>
					</control>
					<control type="image">
						<posx>0</posx>
						<posy>0</posy>
						<width>220</width>
						<height>323</height>
						<texture>dvdgamebox-overlay.png</texture>
					</control>
					<control type="image">
						<posx>0</posx>
						<posy>323</posy>
						<width>220</width>
						<height>323</height>
						<aspectratio align="center" scalediffuse="false">keep</aspectratio>
						<texture flipy="true" diffuse="dvdbox-reflect-diffuse.png" /> 
						<info>Container(56).ListItem(1).ActualIcon</info>
						<visible>IsEmpty(Container(56).ListItem(1).Thumb)</visible>
					</control>
					<control type="image">
						<posx>0</posx>
						<posy>323</posy>
						<width>220</width>
						<height>323</height>
						<aspectratio align="center" scalediffuse="false">scale</aspectratio>
						<texture flipy="true" diffuse="dvdbox-reflect-diffuse.png" /> 
						<info>Container(56).ListItem(1).Thumb</info>
						<visible>!IsEmpty(Container(56).ListItem(1).Thumb)</visible>
					</control>
					<control type="image">
						<posx>0</posx>
						<posy>323</posy>
						<width>220</width>
						<height>323</height>
						<texture flipy="true" diffuse="dvdbox-reflect-diffuse.png">dvdgamebox-overlay.png</texture>
					</control>
				</control>
				
				<!-- Icon 1 -->
				<control type="group">
					<posx>0</posx>
					<posy>0</posy>
					<width>251</width>
					<height>566</height>
					<camera x="0" y="0" />
					<animation type="WindowOpen">
						<effect type="fade" start="0" end="100" time="150" tween="sine" easing="out" reversible="false" />
						<effect type="rotatey" start="90" end="0" center="0,0" time="150" tween="sine" easing="out" reversible="false" />
					</animation>
					<animation type="WindowClose">
						<effect type="fade" start="100" end="0" time="150" delay="150" tween="sine" easing="in" reversible="false" />
						<effect type="rotatey" start="0" end="-90" center="0,0" time="150" delay="150" tween="sine" easing="out" reversible="false" />
					</animation>
					<control type="image">
						<posx>0</posx>
						<posy>0</posy>
						<width>251</width>
						<height>368</height>
						<aspectratio align="center" scalediffuse="false">keep</aspectratio>
						<texture diffuse="dvdbox-diffuse.png" /> 
						<info>Container(56).ListItem(0).ActualIcon</info>
						<visible>IsEmpty(Container(56).ListItem(0).Thumb)</visible>
					</control>
					<control type="image">
						<posx>0</posx>
						<posy>0</posy>
						<width>251</width>
						<height>368</height>
						<aspectratio align="center" scalediffuse="false">scale</aspectratio>
						<texture diffuse="dvdbox-diffuse.png" /> 
						<info>Container(56).ListItem(0).Thumb</info>
						<visible>!IsEmpty(Container(56).ListItem(0).Thumb)</visible>
					</control>
					<control type="image">
						<posx>0</posx>
						<posy>0</posy>
						<width>251</width>
						<height>368</height>
						<texture>dvdgamebox-overlay.png</texture>
					</control>
					<control type="image">
						<posx>0</posx>
						<posy>368</posy>
						<width>251</width>
						<height>368</height>
						<aspectratio align="center" scalediffuse="false">keep</aspectratio>
						<texture flipy="true" diffuse="dvdbox-reflect-diffuse.png" /> 
						<info>Container(56).ListItem(0).ActualIcon</info>
						<visible>IsEmpty(Container(56).ListItem(0).Thumb)</visible>
					</control>
					<control type="image">
						<posx>0</posx>
						<posy>368</posy>
						<width>251</width>
						<height>368</height>
						<aspectratio align="center" scalediffuse="false">scale</aspectratio>
						<texture flipy="true" diffuse="dvdbox-reflect-diffuse.png" /> 
						<info>Container(56).ListItem(0).Thumb</info>
						<visible>!IsEmpty(Container(56).ListItem(0).Thumb)</visible>
					</control>
					<control type="image">
						<posx>0</posx>
						<posy>368</posy>
						<width>251</width>
						<height>368</height>
						<texture flipy="true" diffuse="dvdbox-reflect-diffuse.png">dvdgamebox-overlay.png</texture>
					</control>
				</control>
		
			</control>
		
		</control>
		
		<control type="panel" id="56">
			<posx>108</posx>
			<posy>176</posy>
			<width>532</width>
			<height>368</height>
			<onleft>ActivateWindow(1201)</onleft>
			<onright>ActivateWindow(1201)</onright>
			<viewtype label="Game Hybrid">list</viewtype>
			<pagecontrol>-</pagecontrol>
			<scrolltime>200</scrolltime>
			<itemlayout height="46" width="532">
				<control type="image">
					<posx>0</posx>
					<posy>0</posy>
					<width>532</width>
					<height>46</height>
					<colordiffuse>FFFFFFFF</colordiffuse>
					<texture border="4,5,6,8">controls\button_nf.png</texture>
				</control>
				<control type="image">
					<posx>10</posx>
					<posy>4</posy>
					<width>35</width>
					<height>35</height>
					<info>ListItem.Icon</info>
				</control>
				<control type="label">
					<posx>55</posx>
					<posy>4</posy>
					<width>335</width>
					<height>35</height>
					<font>Default</font>
					<aligny>center</aligny>
					<selectedcolor>Highlight</selectedcolor>
					<textcolor>Text</textcolor>
					<align>left</align>
					<info>ListItem.Label</info>
				</control>
				<control type="label">
					<posx>500</posx>
					<posy>4</posy>
					<width>120</width>
					<height>35</height>
					<font>Default</font>
					<aligny>center</aligny>
					<selectedcolor>Highlight</selectedcolor>
					<textcolor>Text</textcolor>
					<align>right</align>
					<info>ListItem.Label2</info>
				</control>
			</itemlayout>
			<focusedlayout height="46" width="532">
				<control type="image">
					<posx>0</posx>
					<posy>0</posy>
					<width>532</width>
					<height>46</height>
					<colordiffuse>FFFFFFFF</colordiffuse>
					<texture border="4,5,6,8">controls\button_nf.png</texture>
					<visible>!Control.HasFocus(56)</visible>
				</control>
				<control type="image">
					<posx>0</posx>
					<posy>0</posy>
					<width>532</width>
					<height>46</height>
					<colordiffuse>FFFFFFFF</colordiffuse>
					<texture border="4,5,6,8">controls\button_f.png</texture>
					<visible>Control.HasFocus(56)</visible>
				</control>
				<control type="image">
					<posx>10</posx>
					<posy>4</posy>
					<width>35</width>
					<height>35</height>
					<info>ListItem.Icon</info>
				</control>
				<control type="label">
					<posx>55</posx>
					<posy>4</posy>
					<width>335</width>
					<height>35</height>
					<font>Default</font>
					<aligny>center</aligny>
					<selectedcolor>Highlight</selectedcolor>
					<textcolor>Text</textcolor>
					<align>left</align>
					<info>ListItem.Label</info>
				</control>
				<control type="label">
					<posx>500</posx>
					<posy>4</posy>
					<width>120</width>
					<height>35</height>
					<font>Default</font>
					<aligny>center</aligny>
					<selectedcolor>Highlight</selectedcolor>
					<textcolor>Text</textcolor>
					<align>right</align>
					<info>ListItem.Label2</info>
				</control>
			</focusedlayout>
		</control>
		
		<control type="group">
			<posx>302</posx>
			<posy>289</posy>
			<visible>Control.IsVisible(56)</visible>
			<include>Sort_Letter</include>
		</control>	
		
		<control type="label">
			<description>Current Selection</description>
			<posx>640</posx>
			<posy>560</posy>
			<align>center</align>
			<label>$INFO[Container(56).ListItem.Label]</label>
			<font>Selected_Item</font>
			<textcolor>TextSelectedItem</textcolor>
			<shadowcolor>TextShadow</shadowcolor>
			<visible>Control.IsVisible(56) + !Window.IsActive(1201)</visible>
			<visible>!Skin.HasSetting(Disable_Icon_Labels)</visible>
			<animation effect="fade" time="300">Visible</animation>
			<animation effect="fade" time="300">Hidden</animation>
			<animation effect="fade" time="300">WindowOpen</animation>
			<animation effect="fade" time="300">WindowClose</animation>
		</control>
		
	</include>
</includes>