<includes>
	<include name="DVD_View">

		<control type="panel" id="52">
			<posx>0</posx>
			<posy>0</posy>
			<width>1280</width>
			<height>720</height>
			<onup>9000</onup>
			<ondown>ActivateWindow(1201)</ondown>
			<viewtype label="DVD">list</viewtype>
			<focusposition>2</focusposition>
			<orientation>horizontal</orientation>
			<scrolltime>250</scrolltime>
			<itemlayout height="512" width="256">
				<control type="label">
					<posx>0</posx>
					<posy>0</posy>
					<width>256</width>
					<height>512</height>
					<font>Default</font>
					<align>center</align>
					<info>ListItem.label</info>
					<visible>false</visible>
				</control>
			</itemlayout>
			<focusedlayout height="512" width="256">
				<control type="label">
					<posx>0</posx>
					<posy>0</posy>
					<width>256</width>
					<height>512</height>
					<font>Default</font>
					<align>center</align>
					<info>ListItem.label</info>
					<visible>false</visible>
				</control>
			</focusedlayout>
		</control>

		<control type="group">

			<posx>640</posx>
			<posy>203</posy>
			<visible>Control.IsVisible(52)</visible>

			<!-- DVD View Icons - Counter Clockwise Mothion -->
			<control type="group" id="5201">

				<visible>Container(52).OnPrevious</visible>
				<animation effect="slide" end="0,0" time="250" reversible="false">Hidden</animation>

				<!-- Show Far Left Icon On Move Previous -->
				<control type="group">
					<visible>Container(52).OnPrevious</visible>
					<visible>!IsEmpty(Container(52).ListItemNoWrap(-2).Label)</visible>
					<animation type="Hidden" reversible="false">
						<effect type="fade" start="0" end="100" time="250" />
						<effect type="slide" start="0,0" end="165,0" time="250" />
					</animation>
					<animation effect="fade" start="0" end="0" time="0" reversible="false">Visible</animation>
					<posx>-754</posx>
					<posy>55</posy>
					<width>114</width>
					<height>338</height>
					<control type="image">
						<posx>0</posx>
						<posy>0</posy>
						<width>114</width>
						<height>169</height>
						<aspectratio align="center" scalediffuse="false">keep</aspectratio>
						<texture diffuse="dvdbox-diffuse.png">DefaultVideo.png</texture> 
						<info>Container(52).ListItem(-2).ActualIcon</info>
						<visible>IsEmpty(Container(52).ListItem(-2).Thumb)</visible>
					</control>
					<control type="image">
						<posx>0</posx>
						<posy>0</posy>
						<width>114</width>
						<height>169</height>
						<aspectratio align="center" scalediffuse="false">scale</aspectratio>
						<texture diffuse="dvdbox-diffuse.png">DefaultVideo.png</texture> 
						<info>Container(52).ListItem(-2).Thumb</info>
						<visible>!IsEmpty(Container(52).ListItem(-2).Thumb)</visible>
					</control>
					<control type="image">
						<posx>0</posx>
						<posy>0</posy>
						<width>114</width>
						<height>169</height>
						<texture>dvdbox-overlay.png</texture>
					</control>
					<control type="image">
						<posx>0</posx>
						<posy>169</posy>
						<width>114</width>
						<height>169</height>
						<aspectratio align="center" scalediffuse="false">keep</aspectratio>
						<texture flipy="true" diffuse="dvdbox-reflect-diffuse.png" /> 
						<info>Container(52).ListItem(-2).ActualIcon</info>
						<visible>IsEmpty(Container(52).ListItem(-2).Thumb)</visible>
					</control>
					<control type="image">
						<posx>0</posx>
						<posy>169</posy>
						<width>114</width>
						<height>169</height>
						<aspectratio align="center" scalediffuse="false">scale</aspectratio>
						<texture flipy="true" diffuse="dvdbox-reflect-diffuse.png" /> 
						<info>Container(52).ListItem(-2).Thumb</info>
						<visible>!IsEmpty(Container(52).ListItem(-2).Thumb)</visible>
					</control>
					<control type="image">
						<posx>0</posx>
						<posy>169</posy>
						<width>114</width>
						<height>169</height>
						<texture flipy="true" diffuse="dvdbox-reflect-diffuse.png">dvdbox-overlay.png</texture>
					</control>
				</control>

				<!-- Move Icon 1 To Icon 2 Position On Move Previous -->
				<control type="group">
					<visible>Container(52).OnPrevious</visible>
					<visible>!IsEmpty(Container(52).ListItemNoWrap(-1).Label)</visible>
					<animation effect="zoom" start="-589,55,114,338" end="-354,50,143,422" time="250" reversible="false">Hidden</animation>
					<posx>-589</posx>
					<posy>55</posy>
					<width>114</width>
					<height>338</height>
					<control type="image">
						<posx>0</posx>
						<posy>0</posy>
						<width>114</width>
						<height>169</height>
						<aspectratio align="center" scalediffuse="false">keep</aspectratio>
						<texture diffuse="dvdbox-diffuse.png" /> 
						<info>Container(52).ListItem(-1).ActualIcon</info>
						<visible>IsEmpty(Container(52).ListItem(-1).Thumb)</visible>
					</control>
					<control type="image">
						<posx>0</posx>
						<posy>0</posy>
						<width>114</width>
						<height>169</height>
						<aspectratio align="center" scalediffuse="false">scale</aspectratio>
						<texture diffuse="dvdbox-diffuse.png" /> 
						<info>Container(52).ListItem(-1).Thumb</info>
						<visible>!IsEmpty(Container(52).ListItem(-1).Thumb)</visible>
					</control>
					<control type="image">
						<posx>0</posx>
						<posy>0</posy>
						<width>114</width>
						<height>169</height>
						<texture>dvdbox-overlay.png</texture>
					</control>
					<control type="image">
						<posx>0</posx>
						<posy>169</posy>
						<width>114</width>
						<height>169</height>
						<aspectratio align="center" scalediffuse="false">keep</aspectratio>
						<texture flipy="true" diffuse="dvdbox-reflect-diffuse.png" /> 
						<info>Container(52).ListItem(-1).ActualIcon</info>
						<visible>IsEmpty(Container(52).ListItem(-1).Thumb)</visible>
					</control>
					<control type="image">
						<posx>0</posx>
						<posy>169</posy>
						<width>114</width>
						<height>169</height>
						<aspectratio align="center" scalediffuse="false">scale</aspectratio>
						<texture flipy="true" diffuse="dvdbox-reflect-diffuse.png" /> 
						<info>Container(52).ListItem(-1).Thumb</info>
						<visible>!IsEmpty(Container(52).ListItem(-1).Thumb)</visible>
					</control>
					<control type="image">
						<posx>0</posx>
						<posy>169</posy>
						<width>114</width>
						<height>169</height>
						<texture flipy="true" diffuse="dvdbox-reflect-diffuse.png">dvdbox-overlay.png</texture>
					</control>
				</control>

				<!-- Move Icon 2 To Icon 3 Position On Move Next -->
				<control type="group">
					<visible>Container(52).OnPrevious</visible>
					<animation effect="zoom" start="-354,50,143,422" end="-114,0,229,674" time="250" reversible="false">Hidden</animation>
					<posx>-354</posx>
					<posy>50</posy>
					<width>143</width>
					<height>422</height>
					<control type="image">
						<posx>0</posx>
						<posy>0</posy>
						<width>143</width>
						<height>211</height>
						<aspectratio align="center" scalediffuse="false">keep</aspectratio>
						<texture diffuse="dvdbox-diffuse.png" /> 
						<info>Container(52).ListItem(0).ActualIcon</info>
						<visible>IsEmpty(Container(52).ListItem(0).Thumb)</visible>
					</control>
					<control type="image">
						<posx>0</posx>
						<posy>0</posy>
						<width>143</width>
						<height>211</height>
						<aspectratio align="center" scalediffuse="false">scale</aspectratio>
						<texture diffuse="dvdbox-diffuse.png" /> 
						<info>Container(52).ListItem(0).Thumb</info>
						<visible>!IsEmpty(Container(52).ListItem(0).Thumb)</visible>
					</control>
					<control type="image">
						<posx>0</posx>
						<posy>0</posy>
						<width>143</width>
						<height>211</height>
						<texture>dvdbox-overlay.png</texture>
					</control>
					<control type="image">
						<posx>0</posx>
						<posy>211</posy>
						<width>143</width>
						<height>211</height>
						<aspectratio align="center" scalediffuse="false">keep</aspectratio>
						<texture flipy="true" diffuse="dvdbox-reflect-diffuse.png" /> 
						<info>Container(52).ListItem(0).ActualIcon</info>
						<visible>IsEmpty(Container(52).ListItem(0).Thumb)</visible>
					</control>
					<control type="image">
						<posx>0</posx>
						<posy>211</posy>
						<width>143</width>
						<height>211</height>
						<aspectratio align="center" scalediffuse="false">scale</aspectratio>
						<texture flipy="true" diffuse="dvdbox-reflect-diffuse.png" /> 
						<info>Container(52).ListItem(0).Thumb</info>
						<visible>!IsEmpty(Container(52).ListItem(0).Thumb)</visible>
					</control>
					<control type="image">
						<posx>0</posx>
						<posy>211</posy>
						<width>143</width>
						<height>211</height>
						<texture flipy="true" diffuse="dvdbox-reflect-diffuse.png">dvdbox-overlay.png</texture>
					</control>
				</control>

				<!-- Move Icon 3 To Icon 4 Position On Move Previous -->
				<control type="group">
					<visible>Container(52).OnPrevious</visible>
					<visible>!IsEmpty(Container(52).ListItemNoWrap(1).Label)</visible>
					<animation effect="zoom" start="-114,0,229,674" end="220,50,143,422" time="250" reversible="false">Hidden</animation>
					<posx>-114</posx>
					<posy>0</posy>
					<width>229</width>
					<height>674</height>
					<control type="image">
						<posx>0</posx>
						<posy>0</posy>
						<width>229</width>
						<height>337</height>
						<aspectratio align="center" scalediffuse="false">keep</aspectratio>
						<texture diffuse="dvdbox-diffuse.png" /> 
						<info>Container(52).ListItem(1).ActualIcon</info>
						<visible>IsEmpty(Container(52).ListItem(1).Thumb)</visible>
					</control>
					<control type="image">
						<posx>0</posx>
						<posy>0</posy>
						<width>229</width>
						<height>337</height>
						<aspectratio align="center" scalediffuse="false">scale</aspectratio>
						<texture diffuse="dvdbox-diffuse.png" /> 
						<info>Container(52).ListItem(1).Thumb</info>
						<visible>!IsEmpty(Container(52).ListItem(1).Thumb)</visible>
					</control>
					<control type="image">
						<posx>0</posx>
						<posy>0</posy>
						<width>229</width>
						<height>337</height>
						<texture>dvdbox-overlay.png</texture>
					</control>
					<control type="image">
						<posx>0</posx>
						<posy>337</posy>
						<width>229</width>
						<height>337</height>
						<aspectratio align="center" scalediffuse="false">keep</aspectratio>
						<texture flipy="true" diffuse="dvdbox-reflect-diffuse.png" /> 
						<info>Container(52).ListItem(1).ActualIcon</info>
						<visible>IsEmpty(Container(52).ListItem(1).Thumb)</visible>
					</control>
					<control type="image">
						<posx>0</posx>
						<posy>337</posy>
						<width>229</width>
						<height>337</height>
						<aspectratio align="center" scalediffuse="false">scale</aspectratio>
						<texture flipy="true" diffuse="dvdbox-reflect-diffuse.png" /> 
						<info>Container(52).ListItem(1).Thumb</info>
						<visible>!IsEmpty(Container(52).ListItem(1).Thumb)</visible>
					</control>
					<control type="image">
						<posx>0</posx>
						<posy>337</posy>
						<width>229</width>
						<height>337</height>
						<texture flipy="true" diffuse="dvdbox-reflect-diffuse.png">dvdbox-overlay.png</texture>
					</control>
				</control>

				<!-- Move Icon 4 To Icon 5 Position On Move Previous -->
				<control type="group">
					<visible>Container(52).OnPrevious</visible>
					<visible>!IsEmpty(Container(52).ListItemNoWrap(2).Label)</visible>
					<animation effect="zoom" start="220,50,143,422" end="475,55,114,338" time="250" reversible="false">Hidden</animation>
					<posx>220</posx>
					<posy>50</posy>
					<width>143</width>
					<height>422</height>
					<control type="image">
						<posx>0</posx>
						<posy>0</posy>
						<width>143</width>
						<height>211</height>
						<aspectratio align="center" scalediffuse="false">keep</aspectratio>
						<texture diffuse="dvdbox-diffuse.png" /> 
						<info>Container(52).ListItem(2).ActualIcon</info>
						<visible>IsEmpty(Container(52).ListItem(2).Thumb)</visible>
					</control>
					<control type="image">
						<posx>0</posx>
						<posy>0</posy>
						<width>143</width>
						<height>211</height>
						<aspectratio align="center" scalediffuse="false">scale</aspectratio>
						<texture diffuse="dvdbox-diffuse.png" /> 
						<info>Container(52).ListItem(2).Thumb</info>
						<visible>!IsEmpty(Container(52).ListItem(2).Thumb)</visible>
					</control>
					<control type="image">
						<posx>0</posx>
						<posy>0</posy>
						<width>143</width>
						<height>211</height>
						<texture>dvdbox-overlay.png</texture>
					</control>
					<control type="image">
						<posx>0</posx>
						<posy>211</posy>
						<width>143</width>
						<height>211</height>
						<aspectratio align="center" scalediffuse="false">keep</aspectratio>
						<texture flipy="true" diffuse="dvdbox-reflect-diffuse.png" /> 
						<info>Container(52).ListItem(2).ActualIcon</info>
						<visible>IsEmpty(Container(52).ListItem(2).Thumb)</visible>
					</control>
					<control type="image">
						<posx>0</posx>
						<posy>211</posy>
						<width>143</width>
						<height>211</height>
						<aspectratio align="center" scalediffuse="false">scale</aspectratio>
						<texture flipy="true" diffuse="dvdbox-reflect-diffuse.png" /> 
						<info>Container(52).ListItem(2).Thumb</info>
						<visible>!IsEmpty(Container(52).ListItem(2).Thumb)</visible>
					</control>
					<control type="image">
						<posx>0</posx>
						<posy>211</posy>
						<width>143</width>
						<height>211</height>
						<texture flipy="true" diffuse="dvdbox-reflect-diffuse.png">dvdbox-overlay.png</texture>
					</control>
				</control>

				<!-- Hide Far Right Icon On Move Previous -->
				<control type="group">
					<visible>Container(52).OnPrevious</visible>
					<visible>!IsEmpty(Container(52).ListItemNoWrap(3).Label)</visible>
					<animation type="Hidden" reversible="false">
						<effect type="fade" start="100" end="0" time="250" />
						<effect type="slide" start="0,0" end="165,0" time="250" />
					</animation>
					<posx>475</posx>
					<posy>55</posy>
					<width>114</width>
					<height>338</height>
					<control type="image">
						<posx>0</posx>
						<posy>0</posy>
						<width>114</width>
						<height>169</height>
						<aspectratio align="center" scalediffuse="false">keep</aspectratio>
						<texture diffuse="dvdbox-diffuse.png" /> 
						<info>Container(52).ListItem(3).ActualIcon</info>
						<visible>IsEmpty(Container(52).ListItem(3).Thumb)</visible>
					</control>
					<control type="image">
						<posx>0</posx>
						<posy>0</posy>
						<width>114</width>
						<height>169</height>
						<aspectratio align="center" scalediffuse="false">scale</aspectratio>
						<texture diffuse="dvdbox-diffuse.png" /> 
						<info>Container(52).ListItem(3).Thumb</info>
						<visible>!IsEmpty(Container(52).ListItem(3).Thumb)</visible>
					</control>
					<control type="image">
						<posx>0</posx>
						<posy>0</posy>
						<width>114</width>
						<height>169</height>
						<texture>dvdbox-overlay.png</texture>
					</control>
					<control type="image">
						<posx>0</posx>
						<posy>169</posy>
						<width>114</width>
						<height>169</height>
						<aspectratio align="center" scalediffuse="false">keep</aspectratio>
						<texture flipy="true" diffuse="dvdbox-reflect-diffuse.png" /> 
						<info>Container(52).ListItem(3).ActualIcon</info>
						<visible>IsEmpty(Container(52).ListItem(3).Thumb)</visible>
					</control>
					<control type="image">
						<posx>0</posx>
						<posy>169</posy>
						<width>114</width>
						<height>169</height>
						<aspectratio align="center" scalediffuse="false">scale</aspectratio>
						<texture flipy="true" diffuse="dvdbox-reflect-diffuse.png" /> 
						<info>Container(52).ListItem(3).Thumb</info>
						<visible>!IsEmpty(Container(52).ListItem(3).Thumb)</visible>
					</control>
					<control type="image">
						<posx>0</posx>
						<posy>169</posy>
						<width>114</width>
						<height>169</height>
						<texture flipy="true" diffuse="dvdbox-reflect-diffuse.png">dvdbox-overlay.png</texture>
					</control>
				</control>

			</control>

			<!-- DVD View Icons - Clockwise Mothion -->
			<control type="group" id="5202">

				<visible>Container(52).OnNext</visible>
				<animation effect="slide" end="0,0" time="250" reversible="false">Hidden</animation>

				<!-- Hide Far Left Icon On Move Next -->
				<control type="group">
					<visible>Container(52).OnNext</visible>
					<visible>!IsEmpty(Container(52).ListItemNoWrap(-3).Label)</visible>
					<animation type="Hidden" reversible="false">
						<effect type="fade" start="100" end="0" time="250" />
						<effect type="slide" start="0,0" end="-165,0" time="250" />
					</animation>
					<posx>-589</posx>
					<posy>55</posy>
					<width>114</width>
					<height>338</height>
					<control type="image">
						<posx>0</posx>
						<posy>0</posy>
						<width>114</width>
						<height>169</height>
						<aspectratio align="center" scalediffuse="false">keep</aspectratio>
						<texture diffuse="dvdbox-diffuse.png" /> 
						<info>Container(52).ListItem(-3).ActualIcon</info>
						<visible>IsEmpty(Container(52).ListItem(-3).Thumb)</visible>
					</control>
					<control type="image">
						<posx>0</posx>
						<posy>0</posy>
						<width>114</width>
						<height>169</height>
						<aspectratio align="center" scalediffuse="false">scale</aspectratio>
						<texture diffuse="dvdbox-diffuse.png" /> 
						<info>Container(52).ListItem(-3).Thumb</info>
						<visible>!IsEmpty(Container(52).ListItem(-3).Thumb)</visible>
					</control>
					<control type="image">
						<posx>0</posx>
						<posy>0</posy>
						<width>114</width>
						<height>169</height>
						<texture>dvdbox-overlay.png</texture>
					</control>
					<control type="image">
						<posx>0</posx>
						<posy>169</posy>
						<width>114</width>
						<height>169</height>
						<aspectratio align="center" scalediffuse="false">keep</aspectratio>
						<texture flipy="true" diffuse="dvdbox-reflect-diffuse.png" /> 
						<info>Container(52).ListItem(-3).ActualIcon</info>
						<visible>IsEmpty(Container(52).ListItem(-3).Thumb)</visible>
					</control>
					<control type="image">
						<posx>0</posx>
						<posy>169</posy>
						<width>114</width>
						<height>169</height>
						<aspectratio align="center" scalediffuse="false">scale</aspectratio>
						<texture flipy="true" diffuse="dvdbox-reflect-diffuse.png" /> 
						<info>Container(52).ListItem(-3).Thumb</info>
						<visible>!IsEmpty(Container(52).ListItem(-3).Thumb)</visible>
					</control>
					<control type="image">
						<posx>0</posx>
						<posy>169</posy>
						<width>114</width>
						<height>169</height>
						<texture flipy="true" diffuse="dvdbox-reflect-diffuse.png">dvdbox-overlay.png</texture>
					</control>
				</control>

				<!-- Move Icon 2 To Icon 1 Position On Move Next -->
				<control type="group">
					<visible>Container(52).OnNext</visible>
					<visible>!IsEmpty(Container(52).ListItemNoWrap(-2).Label)</visible>
					<animation effect="zoom" start="-354,50,143,422" end="-589,55,114,338" time="250" reversible="false">Hidden</animation>
					<posx>-354</posx>
					<posy>50</posy>
					<width>143</width>
					<height>422</height>
					<control type="image">
						<posx>0</posx>
						<posy>0</posy>
						<width>143</width>
						<height>211</height>
						<aspectratio align="center" scalediffuse="false">keep</aspectratio>
						<texture diffuse="dvdbox-diffuse.png" /> 
						<info>Container(52).ListItem(-2).ActualIcon</info>
						<visible>IsEmpty(Container(52).ListItem(-2).Thumb)</visible>
					</control>
					<control type="image">
						<posx>0</posx>
						<posy>0</posy>
						<width>143</width>
						<height>211</height>
						<aspectratio align="center" scalediffuse="false">scale</aspectratio>
						<texture diffuse="dvdbox-diffuse.png" /> 
						<info>Container(52).ListItem(-2).Thumb</info>
						<visible>!IsEmpty(Container(52).ListItem(-2).Thumb)</visible>
					</control>
					<control type="image">
						<posx>0</posx>
						<posy>0</posy>
						<width>143</width>
						<height>211</height>
						<texture>dvdbox-overlay.png</texture>
					</control>
					<control type="image">
						<posx>0</posx>
						<posy>211</posy>
						<width>143</width>
						<height>211</height>
						<aspectratio align="center" scalediffuse="false">keep</aspectratio>
						<texture flipy="true" diffuse="dvdbox-reflect-diffuse.png" /> 
						<info>Container(52).ListItem(-2).ActualIcon</info>
						<visible>IsEmpty(Container(52).ListItem(-2).Thumb)</visible>
					</control>
					<control type="image">
						<posx>0</posx>
						<posy>211</posy>
						<width>143</width>
						<height>211</height>
						<aspectratio align="center" scalediffuse="false">scale</aspectratio>
						<texture flipy="true" diffuse="dvdbox-reflect-diffuse.png" /> 
						<info>Container(52).ListItem(-2).Thumb</info>
						<visible>!IsEmpty(Container(52).ListItem(-2).Thumb)</visible>
					</control>
					<control type="image">
						<posx>0</posx>
						<posy>211</posy>
						<width>143</width>
						<height>211</height>
						<texture flipy="true" diffuse="dvdbox-reflect-diffuse.png">dvdbox-overlay.png</texture>
					</control>
				</control>

				<!-- Move Icon 3 To Icon 2 Position On Move Next -->
				<control type="group">
					<visible>Container(52).OnNext</visible>
					<visible>!IsEmpty(Container(52).ListItemNoWrap(-1).Label)</visible>
					<animation effect="zoom" start="-114,0,229,674" end="-354,50,143,422" time="250" reversible="false">Hidden</animation>
					<posx>-114</posx>
					<posy>0</posy>
					<width>229</width>
					<height>674</height>
					<control type="image">
						<posx>0</posx>
						<posy>0</posy>
						<width>229</width>
						<height>337</height>
						<aspectratio align="center" scalediffuse="false">keep</aspectratio>
						<texture diffuse="dvdbox-diffuse.png" /> 
						<info>Container(52).ListItem(-1).ActualIcon</info>
						<visible>IsEmpty(Container(52).ListItem(-1).Thumb)</visible>
					</control>
					<control type="image">
						<posx>0</posx>
						<posy>0</posy>
						<width>229</width>
						<height>337</height>
						<aspectratio align="center" scalediffuse="false">scale</aspectratio>
						<texture diffuse="dvdbox-diffuse.png" /> 
						<info>Container(52).ListItem(-1).Thumb</info>
						<visible>!IsEmpty(Container(52).ListItem(-1).Thumb)</visible>
					</control>
					<control type="image">
						<posx>0</posx>
						<posy>0</posy>
						<width>229</width>
						<height>337</height>
						<texture>dvdbox-overlay.png</texture>
					</control>
					<control type="image">
						<posx>0</posx>
						<posy>337</posy>
						<width>229</width>
						<height>337</height>
						<aspectratio align="center" scalediffuse="false">keep</aspectratio>
						<texture flipy="true" diffuse="dvdbox-reflect-diffuse.png" /> 
						<info>Container(52).ListItem(-1).ActualIcon</info>
						<visible>IsEmpty(Container(52).ListItem(-1).Thumb)</visible>
					</control>
					<control type="image">
						<posx>0</posx>
						<posy>337</posy>
						<width>229</width>
						<height>337</height>
						<aspectratio align="center" scalediffuse="false">scale</aspectratio>
						<texture flipy="true" diffuse="dvdbox-reflect-diffuse.png" /> 
						<info>Container(52).ListItem(-1).Thumb</info>
						<visible>!IsEmpty(Container(52).ListItem(-1).Thumb)</visible>
					</control>
					<control type="image">
						<posx>0</posx>
						<posy>337</posy>
						<width>229</width>
						<height>337</height>
						<texture flipy="true" diffuse="dvdbox-reflect-diffuse.png">dvdbox-overlay.png</texture>
					</control>
				</control>

				<!-- Move Icon 4 To Icon 3 Position On Move Next -->
				<control type="group">
					<visible>Container(52).OnNext</visible>
					<animation effect="zoom" start="220,50,143,422" end="-114,0,229,674" time="250" reversible="false">Hidden</animation>
					<posx>220</posx>
					<posy>50</posy>
					<width>143</width>
					<height>422</height>
					<control type="image">
						<posx>0</posx>
						<posy>0</posy>
						<width>143</width>
						<height>211</height>
						<aspectratio align="center" scalediffuse="false">keep</aspectratio>
						<texture diffuse="dvdbox-diffuse.png" /> 
						<info>Container(52).ListItem(0).ActualIcon</info>
						<visible>IsEmpty(Container(52).ListItem(0).Thumb)</visible>
					</control>
					<control type="image">
						<posx>0</posx>
						<posy>0</posy>
						<width>143</width>
						<height>211</height>
						<aspectratio align="center" scalediffuse="false">scale</aspectratio>
						<texture diffuse="dvdbox-diffuse.png" /> 
						<info>Container(52).ListItem(0).Thumb</info>
						<visible>!IsEmpty(Container(52).ListItem(0).Thumb)</visible>
					</control>
					<control type="image">
						<posx>0</posx>
						<posy>0</posy>
						<width>143</width>
						<height>211</height>
						<texture>dvdbox-overlay.png</texture>
					</control>
					<control type="image">
						<posx>0</posx>
						<posy>211</posy>
						<width>143</width>
						<height>211</height>
						<aspectratio align="center" scalediffuse="false">keep</aspectratio>
						<texture flipy="true" diffuse="dvdbox-reflect-diffuse.png" /> 
						<info>Container(52).ListItem(0).ActualIcon</info>
						<visible>IsEmpty(Container(52).ListItem(0).Thumb)</visible>
					</control>
					<control type="image">
						<posx>0</posx>
						<posy>211</posy>
						<width>143</width>
						<height>211</height>
						<aspectratio align="center" scalediffuse="false">scale</aspectratio>
						<texture flipy="true" diffuse="dvdbox-reflect-diffuse.png" /> 
						<info>Container(52).ListItem(0).Thumb</info>
						<visible>!IsEmpty(Container(52).ListItem(0).Thumb)</visible>
					</control>
					<control type="image">
						<posx>0</posx>
						<posy>211</posy>
						<width>143</width>
						<height>211</height>
						<texture flipy="true" diffuse="dvdbox-reflect-diffuse.png">dvdbox-overlay.png</texture>
					</control>
				</control>

				<!-- Move Icon 5 To Icon 4 Position On Move Next -->
				<control type="group">
					<visible>Container(52).OnNext</visible>
					<visible>!IsEmpty(Container(52).ListItemNoWrap(1).Label)</visible>
					<animation effect="zoom" start="475,55,114,338" end="220,50,143,422" time="250" reversible="false">Hidden</animation>
					<posx>475</posx>
					<posy>55</posy>
					<width>114</width>
					<height>338</height>
					<control type="image">
						<posx>0</posx>
						<posy>0</posy>
						<width>114</width>
						<height>169</height>
						<aspectratio align="center" scalediffuse="false">keep</aspectratio>
						<texture diffuse="dvdbox-diffuse.png" /> 
						<info>Container(52).ListItem(1).ActualIcon</info>
						<visible>IsEmpty(Container(52).ListItem(1).Thumb)</visible>
					</control>
					<control type="image">
						<posx>0</posx>
						<posy>0</posy>
						<width>114</width>
						<height>169</height>
						<aspectratio align="center" scalediffuse="false">scale</aspectratio>
						<texture diffuse="dvdbox-diffuse.png" /> 
						<info>Container(52).ListItem(1).Thumb</info>
						<visible>!IsEmpty(Container(52).ListItem(1).Thumb)</visible>
					</control>
					<control type="image">
						<posx>0</posx>
						<posy>0</posy>
						<width>114</width>
						<height>169</height>
						<texture>dvdbox-overlay.png</texture>
					</control>
					<control type="image">
						<posx>0</posx>
						<posy>169</posy>
						<width>114</width>
						<height>169</height>
						<aspectratio align="center" scalediffuse="false">keep</aspectratio>
						<texture flipy="true" diffuse="dvdbox-reflect-diffuse.png" /> 
						<info>Container(52).ListItem(1).ActualIcon</info>
						<visible>IsEmpty(Container(52).ListItem(1).Thumb)</visible>
					</control>
					<control type="image">
						<posx>0</posx>
						<posy>169</posy>
						<width>114</width>
						<height>169</height>
						<aspectratio align="center" scalediffuse="false">scale</aspectratio>
						<texture flipy="true" diffuse="dvdbox-reflect-diffuse.png" /> 
						<info>Container(52).ListItem(1).Thumb</info>
						<visible>!IsEmpty(Container(52).ListItem(1).Thumb)</visible>
					</control>
					<control type="image">
						<posx>0</posx>
						<posy>169</posy>
						<width>114</width>
						<height>169</height>
						<texture flipy="true" diffuse="dvdbox-reflect-diffuse.png">dvdbox-overlay.png</texture>
					</control>
				</control>

				<!-- Show Far Right Icon On Move Next -->
				<control type="group">
					<visible>Container(52).OnNext</visible>
					<visible>!IsEmpty(Container(52).ListItemNoWrap(2).Label)</visible>
					<animation type="Hidden" reversible="false">
						<effect type="fade" start="0" end="100" time="250" />
						<effect type="slide" start="165,0" end="0,0" time="250" />
					</animation>
					<animation effect="fade" start="0" end="0" time="0" reversible="false">Visible</animation>
					<posx>475</posx>
					<posy>55</posy>
					<width>114</width>
					<height>338</height>
					<control type="image">
						<posx>0</posx>
						<posy>0</posy>
						<width>114</width>
						<height>169</height>
						<aspectratio align="center" scalediffuse="false">keep</aspectratio>
						<texture diffuse="dvdbox-diffuse.png" /> 
						<info>Container(52).ListItem(2).ActualIcon</info>
						<visible>IsEmpty(Container(52).ListItem(2).Thumb)</visible>
					</control>
					<control type="image">
						<posx>0</posx>
						<posy>0</posy>
						<width>114</width>
						<height>169</height>
						<aspectratio align="center" scalediffuse="false">scale</aspectratio>
						<texture diffuse="dvdbox-diffuse.png" /> 
						<info>Container(52).ListItem(2).Thumb</info>
						<visible>!IsEmpty(Container(52).ListItem(2).Thumb)</visible>
					</control>
					<control type="image">
						<posx>0</posx>
						<posy>0</posy>
						<width>114</width>
						<height>169</height>
						<texture>dvdbox-overlay.png</texture>
					</control>
					<control type="image">
						<posx>0</posx>
						<posy>169</posy>
						<width>114</width>
						<height>169</height>
						<aspectratio align="center" scalediffuse="false">keep</aspectratio>
						<texture flipy="true" diffuse="dvdbox-reflect-diffuse.png" /> 
						<info>Container(52).ListItem(2).ActualIcon</info>
						<visible>IsEmpty(Container(52).ListItem(2).Thumb)</visible>
					</control>
					<control type="image">
						<posx>0</posx>
						<posy>169</posy>
						<width>114</width>
						<height>169</height>
						<aspectratio align="center" scalediffuse="false">scale</aspectratio>
						<texture flipy="true" diffuse="dvdbox-reflect-diffuse.png" /> 
						<info>Container(52).ListItem(2).Thumb</info>
						<visible>!IsEmpty(Container(52).ListItem(2).Thumb)</visible>
					</control>
					<control type="image">
						<posx>0</posx>
						<posy>169</posy>
						<width>114</width>
						<height>169</height>
						<texture flipy="true" diffuse="dvdbox-reflect-diffuse.png">dvdbox-overlay.png</texture>
					</control>
				</control>

			</control>

			<!-- DVD View Static Icons -->
			<control type="group" id="5200">

				<visible>!Control.IsVisible(5201)  + !Control.IsVisible(5202)</visible>
				<animation effect="fade" time="600">WindowOpen</animation>
				<animation effect="fade" time="600">WindowClose</animation>

				<!-- Icon 1 -->
				<control type="group">
					<posx>-589</posx>
					<posy>55</posy>
					<width>114</width>
					<height>338</height>
					<visible>!IsEmpty(Container(52).ListItemNoWrap(-2).Label)</visible>
					<control type="image">
						<posx>0</posx>
						<posy>0</posy>
						<width>114</width>
						<height>169</height>
						<aspectratio align="center" scalediffuse="false">keep</aspectratio>
						<texture diffuse="dvdbox-diffuse.png" /> 
						<info>Container(52).ListItem(-2).ActualIcon</info>
						<visible>IsEmpty(Container(52).ListItem(-2).Thumb)</visible>
					</control>
					<control type="image">
						<posx>0</posx>
						<posy>0</posy>
						<width>114</width>
						<height>169</height>
						<aspectratio align="center" scalediffuse="false">scale</aspectratio>
						<texture diffuse="dvdbox-diffuse.png" /> 
						<info>Container(52).ListItem(-2).Thumb</info>
						<visible>!IsEmpty(Container(52).ListItem(-2).Thumb)</visible>
					</control>
					<control type="image">
						<posx>0</posx>
						<posy>0</posy>
						<width>114</width>
						<height>169</height>
						<texture>dvdbox-overlay.png</texture>
					</control>
					<control type="image">
						<posx>0</posx>
						<posy>169</posy>
						<width>114</width>
						<height>169</height>
						<aspectratio align="center" scalediffuse="false">keep</aspectratio>
						<texture flipy="true" diffuse="dvdbox-reflect-diffuse.png" /> 
						<info>Container(52).ListItem(-2).ActualIcon</info>
						<visible>IsEmpty(Container(52).ListItem(-2).Thumb)</visible>
					</control>
					<control type="image">
						<posx>0</posx>
						<posy>169</posy>
						<width>114</width>
						<height>169</height>
						<aspectratio align="center" scalediffuse="false">scale</aspectratio>
						<texture flipy="true" diffuse="dvdbox-reflect-diffuse.png" /> 
						<info>Container(52).ListItem(-2).Thumb</info>
						<visible>!IsEmpty(Container(52).ListItem(-2).Thumb)</visible>
					</control>
					<control type="image">
						<posx>0</posx>
						<posy>169</posy>
						<width>114</width>
						<height>169</height>
						<texture flipy="true" diffuse="dvdbox-reflect-diffuse.png">dvdbox-overlay.png</texture>
					</control>
				</control>
					
				<!-- Icon 2 -->
				<control type="group">
					<posx>-354</posx>
					<posy>50</posy>
					<width>143</width>
					<height>422</height>
					<visible>!IsEmpty(Container(52).ListItemNoWrap(-1).Label)</visible>
					<control type="image">
						<posx>0</posx>
						<posy>0</posy>
						<width>143</width>
						<height>211</height>
						<aspectratio align="center" scalediffuse="false">keep</aspectratio>
						<texture diffuse="dvdbox-diffuse.png" /> 
						<info>Container(52).ListItem(-1).ActualIcon</info>
						<visible>IsEmpty(Container(52).ListItem(-1).Thumb)</visible>
					</control>
					<control type="image">
						<posx>0</posx>
						<posy>0</posy>
						<width>143</width>
						<height>211</height>
						<aspectratio align="center" scalediffuse="false">scale</aspectratio>
						<texture diffuse="dvdbox-diffuse.png" /> 
						<info>Container(52).ListItem(-1).Thumb</info>
						<visible>!IsEmpty(Container(52).ListItem(-1).Thumb)</visible>
					</control>
					<control type="image">
						<posx>0</posx>
						<posy>0</posy>
						<width>143</width>
						<height>211</height>
						<texture>dvdbox-overlay.png</texture>
					</control>
					<control type="image">
						<posx>0</posx>
						<posy>211</posy>
						<width>143</width>
						<height>211</height>
						<aspectratio align="center" scalediffuse="false">keep</aspectratio>
						<texture flipy="true" diffuse="dvdbox-reflect-diffuse.png" /> 
						<info>Container(52).ListItem(-1).ActualIcon</info>
						<visible>IsEmpty(Container(52).ListItem(-1).Thumb)</visible>
					</control>
					<control type="image">
						<posx>0</posx>
						<posy>211</posy>
						<width>143</width>
						<height>211</height>
						<aspectratio align="center" scalediffuse="false">scale</aspectratio>
						<texture flipy="true" diffuse="dvdbox-reflect-diffuse.png" /> 
						<info>Container(52).ListItem(-1).Thumb</info>
						<visible>!IsEmpty(Container(52).ListItem(-1).Thumb)</visible>
					</control>
					<control type="image">
						<posx>0</posx>
						<posy>211</posy>
						<width>143</width>
						<height>211</height>
						<texture flipy="true" diffuse="dvdbox-reflect-diffuse.png">dvdbox-overlay.png</texture>
					</control>
				</control>

				<!-- Icon 3 -->
				<control type="group">
					<posx>-114</posx>
					<posy>0</posy>
					<width>229</width>
					<height>674</height>
					<control type="image">
						<posx>0</posx>
						<posy>0</posy>
						<width>229</width>
						<height>337</height>
						<aspectratio align="center" scalediffuse="false">keep</aspectratio>
						<texture diffuse="dvdbox-diffuse.png" /> 
						<info>Container(52).ListItem(0).ActualIcon</info>
						<visible>IsEmpty(Container(52).ListItem(0).Thumb)</visible>
					</control>
					<control type="image">
						<posx>0</posx>
						<posy>0</posy>
						<width>229</width>
						<height>337</height>
						<aspectratio align="center" scalediffuse="false">scale</aspectratio>
						<texture diffuse="dvdbox-diffuse.png" /> 
						<info>Container(52).ListItem(0).Thumb</info>
						<visible>!IsEmpty(Container(52).ListItem(0).Thumb)</visible>
					</control>
					<control type="image">
						<posx>0</posx>
						<posy>0</posy>
						<width>229</width>
						<height>337</height>
						<texture>dvdbox-overlay.png</texture>
					</control>
					<control type="image">
						<posx>0</posx>
						<posy>337</posy>
						<width>229</width>
						<height>337</height>
						<aspectratio align="center" scalediffuse="false">keep</aspectratio>
						<texture flipy="true" diffuse="dvdbox-reflect-diffuse.png" /> 
						<info>Container(52).ListItem(0).ActualIcon</info>
						<visible>IsEmpty(Container(52).ListItem(0).Thumb)</visible>
					</control>
					<control type="image">
						<posx>0</posx>
						<posy>337</posy>
						<width>229</width>
						<height>337</height>
						<aspectratio align="center" scalediffuse="false">scale</aspectratio>
						<texture flipy="true" diffuse="dvdbox-reflect-diffuse.png" /> 
						<info>Container(52).ListItem(0).Thumb</info>
						<visible>!IsEmpty(Container(52).ListItem(0).Thumb)</visible>
					</control>
					<control type="image">
						<posx>0</posx>
						<posy>337</posy>
						<width>229</width>
						<height>337</height>
						<texture flipy="true" diffuse="dvdbox-reflect-diffuse.png">dvdbox-overlay.png</texture>
					</control>
				</control>
				
				<!-- Icon 4 -->
				<control type="group">
					<posx>220</posx>
					<posy>50</posy>
					<width>143</width>
					<height>422</height>
					<visible>!IsEmpty(Container(52).ListItemNoWrap(1).Label)</visible>
					<control type="image">
						<posx>0</posx>
						<posy>0</posy>
						<width>143</width>
						<height>211</height>
						<aspectratio align="center" scalediffuse="false">keep</aspectratio>
						<texture diffuse="dvdbox-diffuse.png" /> 
						<info>Container(52).ListItem(1).ActualIcon</info>
						<visible>IsEmpty(Container(52).ListItem(1).Thumb)</visible>
					</control>
					<control type="image">
						<posx>0</posx>
						<posy>0</posy>
						<width>143</width>
						<height>211</height>
						<aspectratio align="center" scalediffuse="false">scale</aspectratio>
						<texture diffuse="dvdbox-diffuse.png" /> 
						<info>Container(52).ListItem(1).Thumb</info>
						<visible>!IsEmpty(Container(52).ListItem(1).Thumb)</visible>
					</control>
					<control type="image">
						<posx>0</posx>
						<posy>0</posy>
						<width>143</width>
						<height>211</height>
						<texture>dvdbox-overlay.png</texture>
					</control>
					<control type="image">
						<posx>0</posx>
						<posy>211</posy>
						<width>143</width>
						<height>211</height>
						<aspectratio align="center" scalediffuse="false">keep</aspectratio>
						<texture flipy="true" diffuse="dvdbox-reflect-diffuse.png" /> 
						<info>Container(52).ListItem(1).ActualIcon</info>
						<visible>IsEmpty(Container(52).ListItem(1).Thumb)</visible>
					</control>
					<control type="image">
						<posx>0</posx>
						<posy>211</posy>
						<width>143</width>
						<height>211</height>
						<aspectratio align="center" scalediffuse="false">scale</aspectratio>
						<texture flipy="true" diffuse="dvdbox-reflect-diffuse.png" /> 
						<info>Container(52).ListItem(1).Thumb</info>
						<visible>!IsEmpty(Container(52).ListItem(1).Thumb)</visible>
					</control>
					<control type="image">
						<posx>0</posx>
						<posy>211</posy>
						<width>143</width>
						<height>211</height>
						<texture flipy="true" diffuse="dvdbox-reflect-diffuse.png">dvdbox-overlay.png</texture>
					</control>
				</control>

				<!-- Icon 5 -->
				<control type="group">
					<posx>475</posx>
					<posy>55</posy>
					<width>114</width>
					<height>338</height>
					<visible>!IsEmpty(Container(52).ListItemNoWrap(2).Label)</visible>
					<control type="image">
						<posx>0</posx>
						<posy>0</posy>
						<width>114</width>
						<height>169</height>
						<aspectratio align="center" scalediffuse="false">keep</aspectratio>
						<texture diffuse="dvdbox-diffuse.png" /> 
						<info>Container(52).ListItem(2).ActualIcon</info>
						<visible>IsEmpty(Container(52).ListItem(2).Thumb)</visible>
					</control>
					<control type="image">
						<posx>0</posx>
						<posy>0</posy>
						<width>114</width>
						<height>169</height>
						<aspectratio align="center" scalediffuse="false">scale</aspectratio>
						<texture diffuse="dvdbox-diffuse.png" /> 
						<info>Container(52).ListItem(2).Thumb</info>
						<visible>!IsEmpty(Container(52).ListItem(2).Thumb)</visible>
					</control>
					<control type="image">
						<posx>0</posx>
						<posy>0</posy>
						<width>114</width>
						<height>169</height>
						<texture>dvdbox-overlay.png</texture>
					</control>
					<control type="image">
						<posx>0</posx>
						<posy>169</posy>
						<width>114</width>
						<height>169</height>
						<aspectratio align="center" scalediffuse="false">keep</aspectratio>
						<texture flipy="true" diffuse="dvdbox-reflect-diffuse.png" /> 
						<info>Container(52).ListItem(2).ActualIcon</info>
						<visible>IsEmpty(Container(52).ListItem(2).Thumb)</visible>
					</control>
					<control type="image">
						<posx>0</posx>
						<posy>169</posy>
						<width>114</width>
						<height>169</height>
						<aspectratio align="center" scalediffuse="false">scale</aspectratio>
						<texture flipy="true" diffuse="dvdbox-reflect-diffuse.png" /> 
						<info>Container(52).ListItem(2).Thumb</info>
						<visible>!IsEmpty(Container(52).ListItem(2).Thumb)</visible>
					</control>
					<control type="image">
						<posx>0</posx>
						<posy>169</posy>
						<width>114</width>
						<height>169</height>
						<texture flipy="true" diffuse="dvdbox-reflect-diffuse.png">dvdbox-overlay.png</texture>
					</control>
				</control>

			</control>
			
		</control>

		<control type="label">
			<description>Current Selection</description>
			<posx>640</posx>
			<posy>560</posy>
			<align>center</align>
			<label>$INFO[Container(52).ListItem.Label]</label>
			<font>Selected_Item</font>
			<textcolor>TextSelectedItem</textcolor>
			<shadowcolor>TextShadow</shadowcolor>
			<visible>Control.IsVisible(52) + !Window.IsActive(1201)</visible>
			<visible>!Skin.HasSetting(Disable_Icon_Labels)</visible>
			<animation effect="fade" time="300">Visible</animation>
			<animation effect="fade" time="300">Hidden</animation>
			<animation effect="fade" time="300">WindowOpen</animation>
			<animation effect="fade" time="300">WindowClose</animation>
		</control>

	</include>
</includes>