<includes>

	<include file="defaults.xml" />
	<include file="IncludeDock.xml" />
	<include file="IncludeDockOSD.xml" />
	<include file="IncludeDockIcons.xml" />
	<include file="IncludeMenu.xml" />
	<include file="IncludeCommonViewTypes.xml" />
	<include file="IncludeLibraryInfo.xml" />
	<include file="IncludeFlags.xml" />
	<include file="IncludeFileStack.xml" />
	<include file="IncludeAnims.xml" />
	<include file="Revision.xml" />
	<include file="IncludeTBBNews.xml" />

	<include name="Sort_Letter">
	    <control type="group">
			<posx>0</posx>
			<posy>0</posy>
			<width>143</width>
			<height>143</height>
			<visible>Container.Scrolling</visible>
			<animation type="Visible">
				<effect type="zoom" start="10" end="100" center="auto" time="100" tween="elastic" easing="out" reversible="false" />
				<effect type="fade" start="0" end="100" time="100" tween="sine" easing="out" reversible="false" />
			</animation>
			<animation type="Hidden">
				<effect type="zoom" start="100" end="10" center="auto" time="300" tween="back" easing="in" reversible="false" />
				<effect type="fade" start="100" end="0" time="300" tween="sine" easing="in" reversible="false" />
			</animation>
			<control type="image">
				<posx>0</posx>
				<posy>0</posy>
				<width>143</width>
				<height>143</height>
				<texture>dialogs\dialog_sort_letter.png</texture>
			</control>
			<control type="label">
				<posx>0</posx>
				<posy>0</posy>
				<width>143</width>
				<height>143</height>
				<align>center</align>
				<aligny>center</aligny>
				<label>$INFO[ListItem.SortLetter]</label>
				<textcolor>Text</textcolor>
				<font>Selected_Item</font>
			</control>
        </control>
	</include>
	
	<include name="FolderName">
		<control type="group">
			<visible>!Skin.HasSetting(Disable_Current_Folder_Section_Widget)</visible>
			<control type="image">
				<posx>32</posx>
				<posy>630</posy>
				<width>64</width>
				<height>64</height>
				<texture>current_folder.png</texture>
				<visible>!IsEmpty(Container.FolderName)</visible>
			</control>
			<control type="fadelabel">
				<posx>96</posx>
				<posy>648</posy>
				<width>475</width>
				<height>40</height>
				<label>$INFO[Container.FolderName]</label>
				<font>Folder_Name</font>
				<textcolor>Text</textcolor>
			</control>
		</control>
	</include>
	
	<include name="CurrentSection">
		<control type="group">
			<visible>!Skin.HasSetting(Disable_Current_Folder_Section_Widget)</visible>
			<control type="image">
				<posx>32</posx>
				<posy>630</posy>
				<width>64</width>
				<height>64</height>
				<texture>current_section.png</texture>
				<visible>!IsEmpty(Container.FolderPath)</visible>
			</control>
			<control type="fadelabel">
				<posx>96</posx>
				<posy>648</posy>
				<width>475</width>
				<height>40</height>
				<label>$LOCALIZE[20342]</label>
				<font>Folder_Name</font>
				<textcolor>Text</textcolor>
				<visible>Substring(Container.FolderPath,videodb://1/,left) | Substring(Container.FolderPath,videodb://1/,right)</visible>
			</control>
			<control type="fadelabel">
				<posx>96</posx>
				<posy>648</posy>
				<width>475</width>
				<height>40</height>
				<label>$LOCALIZE[50073]</label>
				<font>Folder_Name</font>
				<textcolor>Text</textcolor>
				<visible>Substring(Container.FolderPath,videodb://1/1/,left)</visible>
			</control>
			<control type="fadelabel">
				<posx>96</posx>
				<posy>648</posy>
				<width>475</width>
				<height>40</height>
				<label>$LOCALIZE[50074]</label>
				<font>Folder_Name</font>
				<textcolor>Text</textcolor>
				<visible>Substring(Container.FolderPath,videodb://1/2/,left)</visible>
			</control>
			<control type="fadelabel">
				<posx>96</posx>
				<posy>648</posy>
				<width>475</width>
				<height>40</height>
				<label>$LOCALIZE[50075]</label>
				<font>Folder_Name</font>
				<textcolor>Text</textcolor>
				<visible>Substring(Container.FolderPath,videodb://1/3/,left)</visible>
			</control>
			<control type="fadelabel">
				<posx>96</posx>
				<posy>648</posy>
				<width>475</width>
				<height>40</height>
				<label>$LOCALIZE[50076]</label>
				<font>Folder_Name</font>
				<textcolor>Text</textcolor>
				<visible>Substring(Container.FolderPath,videodb://1/4/,left)</visible>
			</control>
			<control type="fadelabel">
				<posx>96</posx>
				<posy>648</posy>
				<width>475</width>
				<height>40</height>
				<label>$LOCALIZE[50077]</label>
				<font>Folder_Name</font>
				<textcolor>Text</textcolor>
				<visible>Substring(Container.FolderPath,videodb://1/5/,left)</visible>
			</control>
			<control type="fadelabel">
				<posx>96</posx>
				<posy>648</posy>
				<width>475</width>
				<height>40</height>
				<label>$LOCALIZE[50078]</label>
				<font>Folder_Name</font>
				<textcolor>Text</textcolor>
				<visible>Substring(Container.FolderPath,videodb://1/6/,left)</visible>
			</control>
			<control type="fadelabel">
				<posx>96</posx>
				<posy>648</posy>
				<width>475</width>
				<height>40</height>
				<label>$LOCALIZE[50067]</label>
				<font>Folder_Name</font>
				<textcolor>Text</textcolor>
				<visible>Substring(Container.FolderPath,videodb://2/,left) | Substring(Container.FolderPath,videodb://2/,right)</visible>
			</control>
			<control type="fadelabel">
				<posx>96</posx>
				<posy>648</posy>
				<width>475</width>
				<height>40</height>
				<label>$LOCALIZE[50079]</label>
				<font>Folder_Name</font>
				<textcolor>Text</textcolor>
				<visible>Substring(Container.FolderPath,videodb://2/1/,left)</visible>
			</control>
			<control type="fadelabel">
				<posx>96</posx>
				<posy>648</posy>
				<width>475</width>
				<height>40</height>
				<label>$LOCALIZE[50080]</label>
				<font>Folder_Name</font>
				<textcolor>Text</textcolor>
				<visible>Substring(Container.FolderPath,videodb://2/2/,left)</visible>
			</control>
			<control type="fadelabel">
				<posx>96</posx>
				<posy>648</posy>
				<width>475</width>
				<height>40</height>
				<label>$LOCALIZE[50081]</label>
				<font>Folder_Name</font>
				<textcolor>Text</textcolor>
				<visible>Substring(Container.FolderPath,videodb://2/3/,left)</visible>
			</control>
			<control type="fadelabel">
				<posx>96</posx>
				<posy>648</posy>
				<width>475</width>
				<height>40</height>
				<label>$LOCALIZE[50082]</label>
				<font>Folder_Name</font>
				<textcolor>Text</textcolor>
				<visible>Substring(Container.FolderPath,videodb://2/4/,left)</visible>
			</control>
			<control type="fadelabel">
				<posx>96</posx>
				<posy>648</posy>
				<width>475</width>
				<height>40</height>
				<label>$LOCALIZE[50083]</label>
				<font>Folder_Name</font>
				<textcolor>Text</textcolor>
				<visible>Substring(Container.FolderPath,videodb://3/,left) | Substring(Container.FolderPath,videodb://3/,right)</visible>
			</control>
			<control type="fadelabel">
				<posx>96</posx>
				<posy>648</posy>
				<width>475</width>
				<height>40</height>
				<label>$LOCALIZE[50084]</label>
				<font>Folder_Name</font>
				<textcolor>Text</textcolor>
				<visible>Substring(Container.FolderPath,videodb://3/1/,left)</visible>
			</control>
			<control type="fadelabel">
				<posx>96</posx>
				<posy>648</posy>
				<width>475</width>
				<height>40</height>
				<label>$LOCALIZE[50085]</label>
				<font>Folder_Name</font>
				<textcolor>Text</textcolor>
				<visible>Substring(Container.FolderPath,videodb://3/2/,left)</visible>
			</control>
			<control type="fadelabel">
				<posx>96</posx>
				<posy>648</posy>
				<width>475</width>
				<height>40</height>
				<label>$LOCALIZE[50086]</label>
				<font>Folder_Name</font>
				<textcolor>Text</textcolor>
				<visible>Substring(Container.FolderPath,videodb://3/3/,left)</visible>
			</control>
			<control type="fadelabel">
				<posx>96</posx>
				<posy>648</posy>
				<width>475</width>
				<height>40</height>
				<label>$LOCALIZE[50087]</label>
				<font>Folder_Name</font>
				<textcolor>Text</textcolor>
				<visible>Substring(Container.FolderPath,videodb://3/4/,left)</visible>
			</control>
			<control type="fadelabel">
				<posx>96</posx>
				<posy>648</posy>
				<width>475</width>
				<height>40</height>
				<label>$LOCALIZE[50088]</label>
				<font>Folder_Name</font>
				<textcolor>Text</textcolor>
				<visible>Substring(Container.FolderPath,videodb://3/5/,left)</visible>
			</control>
			<control type="fadelabel">
				<posx>96</posx>
				<posy>648</posy>
				<width>475</width>
				<height>40</height>
				<label>$LOCALIZE[50089]</label>
				<font>Folder_Name</font>
				<textcolor>Text</textcolor>
				<visible>Substring(Container.FolderPath,videodb://3/6/,left)</visible>
			</control>
			<control type="fadelabel">
				<posx>96</posx>
				<posy>648</posy>
				<width>475</width>
				<height>40</height>
				<label>$LOCALIZE[50090]</label>
				<font>Folder_Name</font>
				<textcolor>Text</textcolor>
				<visible>Substring(Container.FolderPath,videodb://4/,left)</visible>
			</control>
			<control type="fadelabel">
				<posx>96</posx>
				<posy>648</posy>
				<width>475</width>
				<height>40</height>
				<label>$LOCALIZE[50091]</label>
				<font>Folder_Name</font>
				<textcolor>Text</textcolor>
				<visible>Substring(Container.FolderPath,videodb://5/,left)</visible>
			</control>
			<control type="fadelabel">
				<posx>96</posx>
				<posy>648</posy>
				<width>475</width>
				<height>40</height>
				<label>$LOCALIZE[50092]</label>
				<font>Folder_Name</font>
				<textcolor>Text</textcolor>
				<visible>Substring(Container.FolderPath,videodb://6/,left)</visible>
			</control>
			<control type="fadelabel">
				<posx>96</posx>
				<posy>648</posy>
				<width>475</width>
				<height>40</height>
				<label>$LOCALIZE[50093]</label>
				<font>Folder_Name</font>
				<textcolor>Text</textcolor>
				<visible>Substring(Container.FolderPath,musicdb://1/,left)</visible>
			</control>
			<control type="fadelabel">
				<posx>96</posx>
				<posy>648</posy>
				<width>475</width>
				<height>40</height>
				<label>$LOCALIZE[50094]</label>
				<font>Folder_Name</font>
				<textcolor>Text</textcolor>
				<visible>Substring(Container.FolderPath,musicdb://2/,left)</visible>
			</control>
			<control type="fadelabel">
				<posx>96</posx>
				<posy>648</posy>
				<width>475</width>
				<height>40</height>
				<label>$LOCALIZE[50095]</label>
				<font>Folder_Name</font>
				<textcolor>Text</textcolor>
				<visible>Substring(Container.FolderPath,musicdb://3/,left)</visible>
			</control>
			<control type="fadelabel">
				<posx>96</posx>
				<posy>648</posy>
				<width>475</width>
				<height>40</height>
				<label>$LOCALIZE[50096]</label>
				<font>Folder_Name</font>
				<textcolor>Text</textcolor>
				<visible>Substring(Container.FolderPath,musicdb://10/,left)</visible>
			</control>
			<control type="fadelabel">
				<posx>96</posx>
				<posy>648</posy>
				<width>475</width>
				<height>40</height>
				<label>$LOCALIZE[50097]</label>
				<font>Folder_Name</font>
				<textcolor>Text</textcolor>
				<visible>Substring(Container.FolderPath,musicdb://4/,left)</visible>
			</control>
			<control type="fadelabel">
				<posx>96</posx>
				<posy>648</posy>
				<width>475</width>
				<height>40</height>
				<label>$LOCALIZE[50098]</label>
				<font>Folder_Name</font>
				<textcolor>Text</textcolor>
				<visible>Substring(Container.FolderPath,musicdb://5/,left)</visible>
			</control>
			<control type="fadelabel">
				<posx>96</posx>
				<posy>648</posy>
				<width>475</width>
				<height>40</height>
				<label>$LOCALIZE[50099]</label>
				<font>Folder_Name</font>
				<textcolor>Text</textcolor>
				<visible>Substring(Container.FolderPath,musicdb://6/,left)</visible>
			</control>
			<control type="fadelabel">
				<posx>96</posx>
				<posy>648</posy>
				<width>475</width>
				<height>40</height>
				<label>$LOCALIZE[50100]</label>
				<font>Folder_Name</font>
				<textcolor>Text</textcolor>
				<visible>Substring(Container.FolderPath,musicdb://7/,left)</visible>
			</control>
			<control type="fadelabel">
				<posx>96</posx>
				<posy>648</posy>
				<width>475</width>
				<height>40</height>
				<label>$LOCALIZE[50101]</label>
				<font>Folder_Name</font>
				<textcolor>Text</textcolor>
				<visible>Substring(Container.FolderPath,musicdb://8/,left)</visible>
			</control>
			<control type="fadelabel">
				<posx>96</posx>
				<posy>648</posy>
				<width>475</width>
				<height>40</height>
				<label>$LOCALIZE[50102]</label>
				<font>Folder_Name</font>
				<textcolor>Text</textcolor>
				<visible>Substring(Container.FolderPath,musicdb://9/,left)</visible>
			</control>
		</control>
	</include>

	<include name="Now_Playing_Widget">
		<control type="group">
			<visible>!Skin.HasSetting(Disable_Now_Playing_Widget)</visible>
			
			<control type="group">
				<posx>1140</posx>
				<posy>610</posy>
				<width>130</width>
				<height>130</height>
				<visible>Player.HasAudio</visible>
				<control type="image">
					<posx>28</posx>
					<posy>0</posy>
					<width>90</width>
					<height>90</height>
					<texture>record.png</texture>
				</control>
				<control type="image">
					<posx>0</posx>
					<posy>0</posy>
					<width>90</width>
					<height>90</height>
					<aspectratio align="center" scalediffuse="false">scale</aspectratio>
					<texture diffuse="record-diffuse.png">$INFO[MusicPlayer.Cover]</texture> 
				</control>
				<control type="image">
					<posx>0</posx>
					<posy>0</posy>
					<width>90</width>
					<height>90</height>
					<texture>record-front.png</texture>
				</control>	
				<control type="image">
					<posx>28</posx>
					<posy>83</posy>
					<width>90</width>
					<height>90</height>
					<texture flipy="true" diffuse="fade.png">record.png</texture>
				</control>
				<control type="image">
					<posx>0</posx>
					<posy>83</posy>
					<width>90</width>
					<height>90</height>
					<aspectratio align="center" scalediffuse="false">scale</aspectratio>
					<texture flipy="true" diffuse="record-reflect-diffuse.png">$INFO[MusicPlayer.Cover]</texture> 
				</control>
				<control type="image">
					<posx>0</posx>
					<posy>83</posy>
					<width>90</width>
					<height>90</height>
					<texture flipy="true" diffuse="record-reflect-diffuse.png">record-front.png</texture>
				</control>	
			</control>	
			
			<control type="group">
				<posx>1140</posx>
				<posy>590</posy>
				<width>130</width>
				<height>130</height>
				<visible>Player.HasVideo</visible>
				<control type="image">
					<posx>35</posx>
					<posy>20</posy>
					<width>61</width>
					<height>90</height>
					<aspectratio align="center" scalediffuse="false">scale</aspectratio>
					<texture diffuse="dvdbox-diffuse.png">$INFO[VideoPlayer.Cover]</texture> 
				</control>
				<control type="image">
					<posx>35</posx>
					<posy>20</posy>
					<width>61</width>
					<height>90</height>
					<texture>dvdbox-overlay.png</texture>
				</control>
				<control type="image">
					<posx>35</posx>
					<posy>110</posy>
					<width>61</width>
					<height>90</height>
					<aspectratio align="center" scalediffuse="false">keep</aspectratio>
					<texture flipy="true" diffuse="dvdbox-reflect-diffuse.png">$INFO[VideoPlayer.Cover]</texture> 
				</control>
				<control type="image">
					<posx>35</posx>
					<posy>110</posy>
					<width>61</width>
					<height>90</height>
					<texture flipy="true" diffuse="dvdbox-reflect-diffuse.png">dvdbox-overlay.png</texture>
				</control>
			</control>	

			<control type="group">
				<visible>Player.HasAudio</visible>
				<control type="label">
					<posx>1130</posx>
					<posy>610</posy>
					<width>420</width>
					<align>right</align>
					<label>$INFO[MusicPlayer.Artist]</label>
					<font>Cuurently_Playing_Info</font>
					<textcolor>Text</textcolor>
					<scroll>true</scroll>
				</control>	
				<control type="label">
					<posx>1130</posx>
					<posy>631</posy>
					<width>420</width>
					<align>right</align>
					<label>$INFO[MusicPlayer.Title]</label>
					<font>Cuurently_Playing</font>
					<textcolor>Text</textcolor>
					<scroll>true</scroll>
				</control>	
				<control type="label">
					<posx>1130</posx>
					<posy>656</posy>
					<width>420</width>
					<align>right</align>
					<label>$INFO[MusicPlayer.Album]</label>
					<font>Cuurently_Playing_Info</font>
					<textcolor>Text</textcolor>
					<scroll>true</scroll>
				</control>	
			</control>
			<control type="group">
				<visible>Player.HasVideo</visible>
				<control type="label">
					<posx>1130</posx>
					<posy>610</posy>
					<width>420</width>
					<align>right</align>
					<label>$INFO[MusicPlayer.Year]</label>
					<font>Cuurently_Playing_Info</font>
					<textcolor>Text</textcolor>
					<scroll>true</scroll>
				</control>	
				<control type="label">
					<posx>1130</posx>
					<posy>631</posy>
					<width>420</width>
					<align>right</align>
					<label>$INFO[VideoPlayer.Title]</label>
					<font>Cuurently_Playing</font>
					<textcolor>Text</textcolor>
					<scroll>true</scroll>
				</control>	
				<control type="label">
					<posx>1130</posx>
					<posy>656</posy>
					<width>420</width>
					<align>right</align>
					<label>$INFO[MusicPlayer.Director]</label>
					<font>Cuurently_Playing_Info</font>
					<textcolor>Text</textcolor>
					<scroll>true</scroll>
				</control>	
			</control>
			<control type="group">
				<visible>Player.HasMedia</visible>
				<control type="label">
					<posx>1130</posx>
					<posy>678</posy>
					<width>420</width>
					<align>right</align>
					<label>$INFO[Player.Time] / $INFO[Player.Duration]</label>
					<font>Cuurently_Playing_Info</font>
					<textcolor>Text</textcolor>
					<scroll>true</scroll>
					<visible>!Player.Seeking</visible>
				</control>	
				<control type="label">
					<posx>1130</posx>
					<posy>678</posy>
					<width>420</width>
					<align>right</align>
					<label>$INFO[Player.SeekTime] / $INFO[Player.Duration]</label>
					<font>Cuurently_Playing_Info</font>
					<textcolor>Text</textcolor>
					<scroll>true</scroll>
					<visible>Player.Seeking</visible>
				</control>	
			</control>	
			
		</control>		
	</include>

	<!-- Background -->
	<include name="Background">
	
		<control type="largeimage">
			<description>Background Image</description>
			<visible>Skin.HasSetting(Disable_Fanart) | IsEmpty(ListItem.Property(Fanart_Image)) | IsEmpty(ListItem.Property(Fanart.Image)) | !Skin.HasSetting(Enable_Custom_Background)</visible>
			<posx>0</posx>
			<posy>0</posy>
			<width>1280</width>
			<height>720</height>
			<texture>Background.png</texture>
		</control>
		
		<control type="visualisation" id="9200">
			<description>Visualisation</description>
			<posx>0</posx>
			<posy>0</posy>
			<width>1280</width>
			<height>720</height>
			<visible>!Skin.HasSetting(Disable_Visualisation) + Player.HasAudio</visible>
		</control>
		
		<control type="videowindow" id="9201">
			<description>Video</description>
			<posx>0</posx>
			<posy>0</posy>
			<width>1280</width>
			<height>720</height>
			<visible>!Skin.HasSetting(Disable_Background_Video) + Player.HasVideo</visible>
		</control>
	
		<control type="group">

			<visible>!Control.IsVisible(9200) + !Control.IsVisible(9201)</visible> 
			<animation effect="fade" time="600">Visible</animation>
			<animation effect="fade" time="600">Hidden</animation>
							
			<control type="image" id="9210">
				<visible>[Skin.HasSetting(Disable_Fanart) + Skin.HasSetting(Enable_Custom_Background)] | [!Skin.HasSetting(Disable_Fanart) + Skin.HasSetting(Enable_Custom_Background) + IsEmpty(Fanart.Image) + IsEmpty(Listitem.Property(Fanart_Image))]</visible>
				<animation effect="fade" time="600">Visible</animation>
				<animation effect="fade" time="600">Hidden</animation>
				<posx>0</posx>
				<posy>0</posy>
				<width>1280</width>
				<height>720</height>
				<info>Skin.String(Custom_Background)</info>				
				<texture diffuse="background-diffuse.png" /> 
			</control>
			
			<control type="multiimage" id="9211">
				<visible>[Skin.HasSetting(Disable_Fanart) + Skin.HasSetting(Enable_Custom_Background_Folder)] | [!Skin.HasSetting(Disable_Fanart) + Skin.HasSetting(Enable_Custom_Background_Folder) + IsEmpty(Fanart.Image) + IsEmpty(Listitem.Property(Fanart_Image))]</visible>
				<animation effect="fade" time="600">Visible</animation>
				<animation effect="fade" time="600">Hidden</animation>
				<posx>0</posx>
				<posy>0</posy>
				<width>1280</width>
				<height>720</height>
				<info>Skin.String(Custom_Background_Folder)</info>
				<timeperimage>10000</timeperimage>
				<randomize>true</randomize>
				<colordiffuse>BackgroundDiffuse</colordiffuse>
			</control>
			
			<control type="image" id="9212">
				<visible>!Skin.HasSetting(Disable_Fanart) + !IsEmpty(Fanart.Image) + IsEmpty(Listitem.Property(Fanart_Image))</visible>
				<animation effect="fade" time="600">Visible</animation>
				<animation effect="fade" time="600">Hidden</animation>
				<posx>0</posx>
				<posy>0</posy>
				<width>1280</width>
				<height>720</height>
				<texture diffuse="background-diffuse.png">$INFO[Fanart.Image]</texture>
				<fadetime>600</fadetime>
			</control>
			
			<control type="image" id="9213">
				<visible>!Skin.HasSetting(Disable_Fanart) + !IsEmpty(Listitem.Property(Fanart_Image))</visible>
				<animation effect="fade" time="600">Visible</animation>
				<animation effect="fade" time="600">Hidden</animation>
				<posx>0</posx>
				<posy>0</posy>
				<width>1280</width>
				<height>720</height>
				<texture diffuse="background-diffuse.png">$INFO[ListItem.Property(Fanart_Image)]</texture>
				<fadetime>600</fadetime>
			</control>
								
			<!-- <control type="image">
				<visible>Control.IsVisible(9210) | Control.IsVisible(9211) | Control.IsVisible(9212) | Control.IsVisible(9213)</visible>			
				<animation effect="fade" time="600">Visible</animation>
				<animation effect="fade" time="600">Hidden</animation>
				<posx>0</posx>
				<posy>0</posy>
				<width>1280</width>
				<height>720</height>
				<texture>filter_custom.png</texture>
				<fadetime>600</fadetime>
			</control>	-->
			
		</control>
		
		<control type="group">
		
			<visible>Skin.HasSetting(Enable_Time_Of_Day_Background)</visible>
			<animation effect="fade" time="600">Visible</animation>
			<animation effect="fade" time="600">Hidden</animation>
		
			<control type="image">
				<posx>0</posx>
				<posy>0</posy>
				<width>1280</width>
				<height>720</height>
				<colordiffuse>ff2b2a27</colordiffuse>
				<texture>background-timeofday.png</texture>
				<animation effect="fade" time="60000">Visible</animation>
				<animation effect="fade" time="60000">Hidden</animation>
				<visible>System.Time(00:00,00:59)</visible>
			</control>
			<control type="image">
				<posx>0</posx>
				<posy>0</posy>
				<width>1280</width>
				<height>720</height>
				<colordiffuse>ff433d27</colordiffuse>
				<texture>background-timeofday.png</texture>
				<animation effect="fade" time="60000">Visible</animation>
				<animation effect="fade" time="60000">Hidden</animation>
				<visible>System.Time(01:00,01:59)</visible>
			</control>
			<control type="image">
				<posx>0</posx>
				<posy>0</posy>
				<width>1280</width>
				<height>720</height>
				<colordiffuse>ff6b5c27</colordiffuse>
				<texture>background-timeofday.png</texture>
				<animation effect="fade" time="60000">Visible</animation>
				<animation effect="fade" time="60000">Hidden</animation>
				<visible>System.Time(02:00,02:59)</visible>
			</control>
			<control type="image">
				<posx>0</posx>
				<posy>0</posy>
				<width>1280</width>
				<height>720</height>
				<colordiffuse>ff977e27</colordiffuse>
				<texture>background-timeofday.png</texture>
				<animation effect="fade" time="60000">Visible</animation>
				<animation effect="fade" time="60000">Hidden</animation>
				<visible>System.Time(03:00,03:59)</visible>
			</control>
			<control type="image">
				<posx>0</posx>
				<posy>0</posy>
				<width>1280</width>
				<height>720</height>
				<colordiffuse>ffc09f27</colordiffuse>
				<texture>background-timeofday.png</texture>
				<animation effect="fade" time="60000">Visible</animation>
				<animation effect="fade" time="60000">Hidden</animation>
				<visible>System.Time(04:00,04:59)</visible>
			</control>
			<control type="image">
				<posx>0</posx>
				<posy>0</posy>
				<width>1280</width>
				<height>720</height>
				<colordiffuse>ffdfba26</colordiffuse>
				<texture>background-timeofday.png</texture>
				<animation effect="fade" time="60000">Visible</animation>
				<animation effect="fade" time="60000">Hidden</animation>
				<visible>System.Time(05:00,05:59)</visible>
			</control>
			
			<control type="image">
				<posx>0</posx>
				<posy>0</posy>
				<width>1280</width>
				<height>720</height>
				<colordiffuse>ffecc82a</colordiffuse>
				<texture>background-timeofday.png</texture>
				<animation effect="fade" time="60000">Visible</animation>
				<animation effect="fade" time="60000">Hidden</animation>
				<visible>System.Time(06:00,06:59)</visible>
			</control>
			<control type="image">
				<posx>0</posx>
				<posy>0</posy>
				<width>1280</width>
				<height>720</height>
				<colordiffuse>ffe0ca41</colordiffuse>
				<texture>background-timeofday.png</texture>
				<animation effect="fade" time="60000">Visible</animation>
				<animation effect="fade" time="60000">Hidden</animation>
				<visible>System.Time(07:00,07:59)</visible>
			</control>
			<control type="image">
				<posx>0</posx>
				<posy>0</posy>
				<width>1280</width>
				<height>720</height>
				<colordiffuse>ffc2c863</colordiffuse>
				<texture>background-timeofday.png</texture>
				<animation effect="fade" time="60000">Visible</animation>
				<animation effect="fade" time="60000">Hidden</animation>
				<visible>System.Time(08:00,08:59)</visible>
			</control>
			<control type="image">
				<posx>0</posx>
				<posy>0</posy>
				<width>1280</width>
				<height>720</height>
				<colordiffuse>ff99c08b</colordiffuse>
				<texture>background-timeofday.png</texture>
				<animation effect="fade" time="60000">Visible</animation>
				<animation effect="fade" time="60000">Hidden</animation>
				<visible>System.Time(09:00,09:59)</visible>
			</control>
			<control type="image">
				<posx>0</posx>
				<posy>0</posy>
				<width>1280</width>
				<height>720</height>
				<colordiffuse>ff6eb2b1</colordiffuse>
				<texture>background-timeofday.png</texture>
				<animation effect="fade" time="60000">Visible</animation>
				<animation effect="fade" time="60000">Hidden</animation>
				<visible>System.Time(10:00,10:59)</visible>
			</control>
			<control type="image">
				<posx>0</posx>
				<posy>0</posy>
				<width>1280</width>
				<height>720</height>
				<colordiffuse>ff4ca3ce</colordiffuse>
				<texture>background-timeofday.png</texture>
				<animation effect="fade" time="60000">Visible</animation>
				<animation effect="fade" time="60000">Hidden</animation>
				<visible>System.Time(11:00,11:59)</visible>
			</control>
			
			<control type="image">
				<posx>0</posx>
				<posy>0</posy>
				<width>1280</width>
				<height>720</height>
				<colordiffuse>ff3993da</colordiffuse>
				<texture>background-timeofday.png</texture>
				<animation effect="fade" time="60000">Visible</animation>
				<animation effect="fade" time="60000">Hidden</animation>
				<visible>System.Time(12:00,12:59)</visible>
			</control>
			<control type="image">
				<posx>0</posx>
				<posy>0</posy>
				<width>1280</width>
				<height>720</height>
				<colordiffuse>ff4082d1</colordiffuse>
				<texture>background-timeofday.png</texture>
				<animation effect="fade" time="60000">Visible</animation>
				<animation effect="fade" time="60000">Hidden</animation>
				<visible>System.Time(13:00,13:59)</visible>
			</control>
			<control type="image">
				<posx>0</posx>
				<posy>0</posy>
				<width>1280</width>
				<height>720</height>
				<colordiffuse>ff5c6db5</colordiffuse>
				<texture>background-timeofday.png</texture>
				<animation effect="fade" time="60000">Visible</animation>
				<animation effect="fade" time="60000">Hidden</animation>
				<visible>System.Time(14:00,14:59)</visible>
			</control>
			<control type="image">
				<posx>0</posx>
				<posy>0</posy>
				<width>1280</width>
				<height>720</height>
				<colordiffuse>ff83558c</colordiffuse>
				<texture>background-timeofday.png</texture>
				<animation effect="fade" time="60000">Visible</animation>
				<animation effect="fade" time="60000">Hidden</animation>
				<visible>System.Time(15:00,15:59)</visible>
			</control>
			<control type="image">
				<posx>0</posx>
				<posy>0</posy>
				<width>1280</width>
				<height>720</height>
				<colordiffuse>ffac3d5f</colordiffuse>
				<texture>background-timeofday.png</texture>
				<animation effect="fade" time="60000">Visible</animation>
				<animation effect="fade" time="60000">Hidden</animation>
				<visible>System.Time(16:00,16:59)</visible>
			</control>
			<control type="image">
				<posx>0</posx>
				<posy>0</posy>
				<width>1280</width>
				<height>720</height>
				<colordiffuse>ffcc2736</colordiffuse>
				<texture>background-timeofday.png</texture>
				<animation effect="fade" time="60000">Visible</animation>
				<animation effect="fade" time="60000">Hidden</animation>
				<visible>System.Time(17:00,17:59)</visible>
			</control>
			
			<control type="image">
				<posx>0</posx>
				<posy>0</posy>
				<width>1280</width>
				<height>720</height>
				<colordiffuse>ffd91618</colordiffuse>
				<texture>background-timeofday.png</texture>
				<animation effect="fade" time="60000">Visible</animation>
				<animation effect="fade" time="60000">Hidden</animation>
				<visible>System.Time(18:00,18:59)</visible>
			</control>
			<control type="image">
				<posx>0</posx>
				<posy>0</posy>
				<width>1280</width>
				<height>720</height>
				<colordiffuse>ffcd0c08</colordiffuse>
				<texture>background-timeofday.png</texture>
				<animation effect="fade" time="60000">Visible</animation>
				<animation effect="fade" time="60000">Hidden</animation>
				<visible>System.Time(19:00,19:59)</visible>
			</control>
			<control type="image">
				<posx>0</posx>
				<posy>0</posy>
				<width>1280</width>
				<height>720</height>
				<colordiffuse>ffae0601</colordiffuse>
				<texture>background-timeofday.png</texture>
				<animation effect="fade" time="60000">Visible</animation>
				<animation effect="fade" time="60000">Hidden</animation>
				<visible>System.Time(20:00,20:59)</visible>
			</control>
			<control type="image">
				<posx>0</posx>
				<posy>0</posy>
				<width>1280</width>
				<height>720</height>
				<colordiffuse>ff830300</colordiffuse>
				<texture>background-timeofday.png</texture>
				<animation effect="fade" time="60000">Visible</animation>
				<animation effect="fade" time="60000">Hidden</animation>
				<visible>System.Time(21:00,21:59)</visible>
			</control>
			<control type="image">
				<posx>0</posx>
				<posy>0</posy>
				<width>1280</width>
				<height>720</height>
				<colordiffuse>ff540100</colordiffuse>
				<texture>background-timeofday.png</texture>
				<animation effect="fade" time="60000">Visible</animation>
				<animation effect="fade" time="60000">Hidden</animation>
				<visible>System.Time(22:00,22:59)</visible>
			</control>
			<control type="image">
				<posx>0</posx>
				<posy>0</posy>
				<width>1280</width>
				<height>720</height>
				<colordiffuse>ff280100</colordiffuse>
				<texture>background-timeofday.png</texture>
				<animation effect="fade" time="60000">Visible</animation>
				<animation effect="fade" time="60000">Hidden</animation>
				<visible>System.Time(23:00,23:59)</visible>
			</control>
		
		</control>
		
		<control type="multiimage">
			<visible>Skin.HasSetting(Enable_Cerberus_Background_Effect)</visible>
			<animation effect="fade" time="600">Visible</animation>
			<animation effect="fade" time="600">Hidden</animation>
			<posx>0</posx>
			<posy>0</posy>
			<width>1280</width>
			<height>720</height>
			<imagepath>cerberus</imagepath>
			<timeperimage>0</timeperimage>
			<fadetime>0</fadetime>
			<loop>yes</loop>
			<randomize>false</randomize>
		</control>
	
	</include>

	<!-- Ellipsis Visor Filter -->
	<include name="Visor_Filter_Top">
		<control type="image">
			<description>Ellipsis Visor Filter Top</description>
			<visible>!Skin.HasSetting(Disable_Visor)</visible>
			<posx>0</posx>
			<posy>-65</posy>
			<width>1280</width>
			<height>257</height>
			<texture>filter_visor_top.png</texture>
		</control>
	</include>
	<include name="Visor_Filter_Bottom">
		<control type="image">		
			<description>Ellipsis Visor Filter Bottom</description>
			<visible>!Skin.HasSetting(Disable_Visor)</visible>
			<posx>0</posx>
			<posy>526</posy>
			<width>1280</width>
			<height>273</height>
			<texture>filter_visor_bottom.png</texture>
		</control>
	</include>
	
	<include name="Visor_Fullscreen_Filter_Top">
		<control type="group">
			<control type="image">
				<description>Ellipsis Visor Filter Top</description>
				<posx>0</posx>
				<posy>-48</posy>
				<width>1280</width>
				<height>257</height>
				<texture>filter_visor_fullscreen_top.png</texture>
			</control>
		</control>
	</include>
	<include name="Visor_Fullscreen_Filter_Bottom">
		<control type="group">
			<control type="image">		
				<description>Ellipsis Visor Filter Bottom</description>
				<posx>0</posx>
				<posy>480</posy>
				<width>1280</width>
				<height>273</height>
				<texture>filter_visor_fullscreen_bottom.png</texture>
			</control>
		</control>
	</include>
	
	<include name="Visor_Filter">
		<control type="group">
			<include>Visor_Filter_Top</include>
			<include>Visor_Filter_Bottom</include>
		</control>
	</include>

	<!-- Edge Filter -->
	<include name="Edge_Filter">
		<control type="image">
			<description>Edge Filter</description>
			<visible>!Skin.HasSetting(Disable_Edge_Filter)</visible>
			<posx>0</posx>
			<posy>0</posy>
			<width>1280</width>
			<height>720</height>
			<texture>filter_edges.png</texture>
		</control>
	</include>

	<!-- Clock -->
	<include name="Clock_Date">
		<control type="label">
			<description>Date Label</description>
			<posx>640</posx>
			<posy>88</posy>
			<align>center</align>
			<label>[UPPERCASE]$INFO[system.date][/UPPERCASE]</label>
			<font>Date</font>
			<textcolor>FFEEEEEE</textcolor>
		</control>
	</include>
	
	<include name="Clock_Time">
		<control type="group">
			<posx>527</posx>
			<posy>20</posy>
			<visible>substring(system.time,M,right)</visible>
			<visible>substring(system.time,1:,left) | substring(system.time,2:,left) | substring(system.time,3:,left) | substring(system.time,4:,left) | substring(system.time,5:,left) | substring(system.time,6:,left) | substring(system.time,7:,left) | substring(system.time,8:,left) | substring(system.time,9:,left)</visible>
			<control type="image">
				<description>Clock Icon</description>
				<posx>0</posx>
				<posy>0</posy>
				<width>50</width>
				<height>50</height>
				<texture>icon_clock.png</texture>
			</control>
			<control type="label">
				<description>Time Label</description>
				<posx>65</posx>
				<posy>2</posy>
				<width>162</width>
				<height>50</height>
				<info>system.time</info>
				<font>Time</font>
				<textcolor>FFEEEEEE</textcolor>
			</control>
		</control>
		<control type="group">
			<posx>512</posx>
			<posy>20</posy>
			<visible>substring(system.time,M,right)</visible>
			<visible>!substring(system.time,1:,left)</visible>
			<visible>!substring(system.time,2:,left)</visible>
			<visible>!substring(system.time,3:,left)</visible>
			<visible>!substring(system.time,4:,left)</visible>
			<visible>!substring(system.time,5:,left)</visible>
			<visible>!substring(system.time,6:,left)</visible>
			<visible>!substring(system.time,7:,left)</visible>
			<visible>!substring(system.time,8:,left)</visible>
			<visible>!substring(system.time,9:,left)</visible>
			<control type="image">
				<description>Clock Icon</description>
				<posx>0</posx>
				<posy>0</posy>
				<width>50</width>
				<height>50</height>
				<texture>icon_clock.png</texture>
			</control>
			<control type="label">
				<description>Time Label</description>
				<posx>65</posx>
				<posy>2</posy>
				<width>190</width>
				<height>50</height>
				<info>system.time</info>
				<font>Time</font>
				<textcolor>FFEEEEEE</textcolor>
			</control>
		</control>
		<control type="group">
			<posx>564</posx>
			<posy>20</posy>
			<visible>!substring(system.time,M,right)</visible>
			<visible>substring(system.time,0:,left) | substring(system.time,1:,left) | substring(system.time,2:,left) | substring(system.time,3:,left) | substring(system.time,4:,left) | substring(system.time,5:,left) | substring(system.time,6:,left) | substring(system.time,7:,left) | substring(system.time,8:,left) | substring(system.time,9:,left)</visible>
			<control type="image">
				<description>Clock Icon</description>
				<posx>0</posx>
				<posy>0</posy>
				<width>50</width>
				<height>50</height>
				<texture>icon_clock.png</texture>
			</control>
			<control type="label">
				<description>Time Label</description>
				<posx>65</posx>
				<posy>2</posy>
				<width>88</width>
				<height>50</height>
				<info>system.time</info>
				<font>Time</font>
				<textcolor>FFEEEEEE</textcolor>
			</control>
		</control>
		<control type="group">
			<posx>549</posx>
			<posy>20</posy>
			<visible>!substring(system.time,M,right)</visible>
			<visible>!substring(system.time,0:,left)</visible>
			<visible>!substring(system.time,1:,left)</visible>
			<visible>!substring(system.time,2:,left)</visible>
			<visible>!substring(system.time,3:,left)</visible>
			<visible>!substring(system.time,4:,left)</visible>
			<visible>!substring(system.time,5:,left)</visible>
			<visible>!substring(system.time,6:,left)</visible>
			<visible>!substring(system.time,7:,left)</visible>
			<visible>!substring(system.time,8:,left)</visible>
			<visible>!substring(system.time,9:,left)</visible>
			<control type="image">
				<description>Clock Icon</description>
				<posx>0</posx>
				<posy>0</posy>
				<width>50</width>
				<height>50</height>
				<texture>icon_clock.png</texture>
			</control>					
			<control type="label">
				<description>Time Label</description>
				<posx>65</posx>
				<posy>2</posy>
				<width>116</width>
				<height>50</height>
				<info>system.time</info>
				<font>Time</font>
				<textcolor>FFEEEEEE</textcolor>
			</control>
		</control>
	</include>
	
	<include name="Clock">
		<include>Clock_Time</include>
		<include>Clock_Date</include>
	</include>
	
</includes>