<includes>

	<!-- Dock Common -->

	<include name="Dock_LayoutOSD">
		<focusposition>0</focusposition>
		<orientation>horizontal</orientation>
		<scrolltime>250</scrolltime>
		<itemlayout height="90" width="100">
			<control type="label">
				<posx>0</posx>
				<posy>0</posy>
				<width>100</width>
				<height>90</height>
				<font>Default</font>
				<align>center</align>
				<info>ListItem.label</info>
				<visible>false</visible>
			</control>
		</itemlayout>
		<focusedlayout height="90" width="100">
			<control type="label">
				<posx>0</posx>
				<posy>0</posy>
				<width>100</width>
				<height>90</height>
				<font>Default</font>
				<align>center</align>
				<info>ListItem.label</info>
				<visible>false</visible>
			</control>
		</focusedlayout>	
	</include>
	
	<include name="Dock_TabOSD">
		<control type="image">
			<posx>-278</posx>
			<posy>0</posy>
			<width>557</width>
			<height>65</height>
			<texture>dialogs\tab-osd-bottom.png</texture>
			<animation effect="slide" start="0,65" end="0" time="300" tween="sine" easing="out" reversible="false">WindowOpen</animation>
			<animation effect="slide" start="0" end="0,65" time="300" tween="sine" easing="in" reversible="false">WindowClose</animation>
		</control>
	</include>

	<include name="Dock_ElipsisOSD">
		<control type="image">
			<posx>-32</posx>
			<posy>0</posy>
			<width>64</width>
			<height>64</height>
			<texture>button_ex_idle.png</texture>
			<animation type="WindowOpen" condition="true" reversible="false">
				<effect type="zoom" start="150" center="auto" time="400" />
				<effect type="fade" end="100" time="600" />
			</animation>
			<animation type="WindowClose" condition="true" reversible="false">
				<effect type="zoom" end="150" center="auto" time="400" />
				<effect type="fade" end="0" time="600" />
			</animation>
		</control>
	</include>


	<include name="Dock_LabelOSD">

		<control type="label">
			<description>Current Selection</description>
			<posx>0</posx>
			<posy>-60</posy>
			<align>center</align>
			<label>[UPPERCASE]$INFO[Container(9500).ListItem.Label][/UPPERCASE]</label>
			<font>Selected_Item</font>
			<textcolor>TextSelectedItem</textcolor>
			<shadowcolor>TextShadow</shadowcolor>
			<visible>!Skin.HasSetting(Disable_Icon_Labels)</visible>
			<animation effect="fade" time="300">Visible</animation>
			<animation effect="fade" time="300">Hidden</animation>
			<animation effect="fade" time="300">WindowOpen</animation>
			<animation effect="fade" time="300">WindowClose</animation>
		</control>
		
	</include>

	<include name="Dock_CarouselOSD">
	
		<control type="button" id="6">
			<posx>0</posx>
			<posy>0</posy>
			<height>10</height>
			<width>10</width>
			<label>-</label>
			<visible>false</visible>
		</control>
		
		<control type="radiobutton" id="7">
			<posx>0</posx>
			<posy>0</posy>
			<height>10</height>
			<width>10</width>
			<label>-</label>
			<visible>false</visible>
		</control>
		
		<control type="radiobutton" id="14">
			<posx>0</posx>
			<posy>0</posy>
			<height>10</height>
			<width>10</width>
			<label>-</label>
			<visible>false</visible>
		</control>
		
		<control type="button" id="8">
			<posx>0</posx>
			<posy>0</posy>
			<height>10</height>
			<width>10</width>
			<label>-</label>
			<visible>false</visible>
		</control>
		
		<control type="button" id="21">
			<posx>0</posx>
			<posy>0</posy>
			<height>10</height>
			<width>10</width>
			<label>-</label>
			<visible>false</visible>
		</control>
		
		<control type="radiobutton" id="9">
			<posx>0</posx>
			<posy>0</posy>
			<height>10</height>
			<width>10</width>
			<label>-</label>
			<visible>false</visible>
		</control>
		
		<control type="togglebutton" id="4">
			<posx>0</posx>
			<posy>0</posy>
			<height>10</height>
			<width>10</width>
			<label>-</label>
			<visible>false</visible>
		</control>
		
		<control type="radiobutton" id="16">
			<posx>0</posx>
			<posy>0</posy>
			<height>10</height>
			<width>10</width>
			<label>-</label>
			<visible>false</visible>
		</control>

		<control type="radiobutton" id="17">
			<posx>0</posx>
			<posy>0</posy>
			<height>10</height>
			<width>10</width>
			<label>-</label>
			<visible>false</visible>
		</control>
				
		<control type="spincontrol" id="503">
			<posx>0</posx>
			<posy>0</posy>
			<width>10</width>
			<height>10</height>
			<label>-</label>
			<font>-</font>
			<textcolor>-</textcolor>
			<texturefocus>-</texturefocus>
			<texturenofocus>-</texturenofocus>
			<textureup>-</textureup>
			<texturedown>-</texturedown>
			<textureupfocus>-</textureupfocus>
			<texturedownfocus>-</texturedownfocus>
			<visible>false</visible>
		</control>
				
		<control type="selectbutton" id="5035">
			<description>Visualisation Select Button</description>
			<posx>0</posx>
			<posy>0</posy>
			<width>200</width>
			<height>35</height>
			<label>-</label>
			<font>Default</font>
			<textcolor>Text</textcolor>
			<texturenofocus>-</texturenofocus>
			<texturefocus>-</texturefocus>
			<texturebg>keyboard-btn-space-focus.png</texturebg>
			<onleft>500</onleft>
			<onright>500</onright>
			<onup>500</onup>
			<ondown>500</ondown>
		</control>
		
		<!-- Dock Scroller Icons - Counter Clockwise Mothion -->
		<control type="group" id="7501">

			<visible>Container(9500).OnPrevious</visible>
			<animation effect="slide" end="0,0" time="250" reversible="false">Hidden</animation>

			<!-- Show Far Left Icon On Move Next -->
			<control type="group">
				<visible>Container(9500).OnPrevious</visible>
				<animation type="Hidden" reversible="false">
					<effect type="fade" start="0" end="100" time="250" />
					<effect type="slide" start="0,0" end="66,0" time="250" />
				</animation>
				<animation effect="fade" start="0" end="0" time="0" reversible="false">Visible</animation>
				<posx>-259</posx>
				<posy>19</posy>
				<width>42</width>
				<height>42</height>
				<control type="image">
					<posx>0</posx>
					<posy>0</posy>
					<width>42</width>
					<height>42</height>
					<info>Container(9500).ListItem(-2).ActualIcon</info>
				</control>
			</control>

			<!-- Move Icon 1 To Icon 2 Position On Move Next -->
			<control type="group">
				<visible>Container(9500).OnPrevious</visible>
				<animation effect="slide" start="0,0" end="86,0" time="250" reversible="false">Hidden</animation>
				<posx>-193</posx>
				<posy>19</posy>
				<width>42</width>
				<height>42</height>
				<control type="image">
					<posx>0</posx>
					<posy>0</posy>
					<width>42</width>
					<height>42</height>
					<info>Container(9500).ListItem(-1).ActualIcon</info>
				</control>
			</control>

			<!-- Move Icon 2 To Icon 3 Position On Move Next -->
			<control type="group">
				<visible>Container(9500).OnPrevious</visible>
				<animation effect="slide" start="0,0" end="86,-8" time="250" reversible="false">Hidden</animation>
				<posx>-107</posx>
				<posy>19</posy>
				<width>42</width>
				<height>42</height>
				<control type="image">
					<posx>0</posx>
					<posy>0</posy>
					<width>42</width>
					<height>42</height>
					<info>Container(9500).ListItem(0).ActualIcon</info>
				</control>
			</control>

			<!-- Move Icon 3 To Icon 4 Position On Move Next -->
			<control type="group">
				<visible>Container(9500).OnPrevious</visible>
				<animation effect="slide" start="0,0" end="86,8" time="250" reversible="false">Hidden</animation>
				<posx>-21</posx>
				<posy>11</posy>
				<width>42</width>
				<height>42</height>
				<control type="image">
					<posx>0</posx>
					<posy>0</posy>
					<width>42</width>
					<height>42</height>
					<info>Container(9500).ListItem(1).ActualIcon</info>
				</control>
			</control>

			<!-- Move Icon 4 To Icon 5 Position On Move Next -->
			<control type="group">
				<visible>Container(9500).OnPrevious</visible>
				<animation effect="slide" start="0,0" end="86,0" time="250" reversible="false">Hidden</animation>
				<posx>65</posx>
				<posy>19</posy>
				<width>42</width>
				<height>42</height>
				<control type="image">
					<posx>0</posx>
					<posy>0</posy>
					<width>42</width>
					<height>42</height>
					<info>Container(9500).ListItem(2).ActualIcon</info>
				</control>
			</control>

			<!-- Hide Far Right Icon On Move Next -->
			<control type="group">
				<visible>Container(9500).OnPrevious</visible>
				<animation type="Hidden" reversible="false">
					<effect type="fade" start="100" end="0" time="250" />
					<effect type="slide" start="0,0" end="66,0" time="250" />
				</animation>
				<posx>151</posx>
				<posy>19</posy>
				<width>42</width>
				<height>42</height>
				<control type="image">
					<posx>0</posx>
					<posy>0</posy>
					<width>42</width>
					<height>42</height>
					<info>Container(9500).ListItem(3).ActualIcon</info>
				</control>
			</control>

		</control>

		<!-- Dock Scroller Icons - Clockwise Mothion -->
		<control type="group" id="7502">

			<visible>Container(9500).OnNext</visible>
			<animation effect="slide" end="0,0" time="250" reversible="false">Hidden</animation>

			<!-- Hide Far Left Icon On Move Next -->
			<control type="group">
				<visible>Container(9500).OnNext</visible>
				<animation type="Hidden" reversible="false">
					<effect type="fade" start="100" end="0" time="250" />
					<effect type="slide" start="0,0" end="-66,0" time="250" />
				</animation>
				<posx>-193</posx>
				<posy>19</posy>
				<width>42</width>
				<height>42</height>
				<control type="image">
					<posx>0</posx>
					<posy>0</posy>
					<width>42</width>
					<height>42</height>
					<info>Container(9500).ListItem(-3).ActualIcon</info>
				</control>
			</control>

			<!-- Move Icon 2 To Icon 1 Position On Move Next -->
			<control type="group">
				<visible>Container(9500).OnNext</visible>
				<animation effect="slide" start="0,0" end="-86,0" time="250" reversible="false">Hidden</animation>
				<posx>-107</posx>
				<posy>19</posy>
				<width>42</width>
				<height>42</height>
				<control type="image">
					<posx>0</posx>
					<posy>0</posy>
					<width>42</width>
					<height>42</height>
					<info>Container(9500).ListItem(-2).ActualIcon</info>
				</control>
			</control>

			<!-- Move Icon 3 To Icon 2 Position On Move Next -->
			<control type="group">
				<visible>Container(9500).OnNext</visible>
				<animation effect="slide" start="0,0" end="-86,8" time="250" reversible="false">Hidden</animation>
				<posx>-21</posx>
				<posy>11</posy>
				<width>42</width>
				<height>42</height>
				<control type="image">
					<posx>0</posx>
					<posy>0</posy>
					<width>42</width>
					<height>42</height>
					<info>Container(9500).ListItem(-1).ActualIcon</info>
				</control>
			</control>

			<!-- Move Icon 4 To Icon 3 Position On Move Next -->
			<control type="group">
				<visible>Container(9500).OnNext</visible>
				<animation effect="slide" start="0,0" end="-86,-8" time="250" reversible="false">Hidden</animation>
				<posx>65</posx>
				<posy>19</posy>
				<width>42</width>
				<height>42</height>
				<control type="image">
					<posx>0</posx>
					<posy>0</posy>
					<width>42</width>
					<height>42</height>
					<info>Container(9500).ListItem(0).ActualIcon</info>
				</control>
			</control>

			<!-- Move Icon 5 To Icon 4 Position On Move Next -->
			<control type="group">
				<visible>Container(9500).OnNext</visible>
				<animation effect="slide" start="0,0" end="-86,0" time="250" reversible="false">Hidden</animation>
				<posx>151</posx>
				<posy>19</posy>
				<width>42</width>
				<height>42</height>
				<control type="image">
					<posx>0</posx>
					<posy>0</posy>
					<width>42</width>
					<height>42</height>
					<info>Container(9500).ListItem(1).ActualIcon</info>
				</control>
			</control>

			<!-- Show Far Right Icon On Move Next -->
			<control type="group">
				<visible>Container(9500).OnNext</visible>
				<animation type="Hidden" reversible="false">
					<effect type="fade" start="0" end="100" time="250" />
					<effect type="slide" start="66,0" end="0,0" time="250" />
				</animation>
				<animation effect="fade" start="0" end="0" time="0" reversible="false">Visible</animation>
				<posx>151</posx>
				<posy>19</posy>
				<width>42</width>
				<height>42</height>
				<control type="image">
					<posx>0</posx>
					<posy>0</posy>
					<width>42</width>
					<height>42</height>
					<info>Container(9500).ListItem(2).ActualIcon</info>
				</control>
			</control>

		</control>

		<!-- Dock Scroller Static Icons -->
		<control type="group" id="7500">

			<visible>!Control.IsVisible(7501)  + !Control.IsVisible(7502)</visible>
			
			<animation effect="slide" start="0,65" end="0" time="300" tween="sine" easing="out" reversible="false">WindowOpen</animation>
			<animation effect="slide" start="0" end="0,65" time="300" tween="sine" easing="in" reversible="false">WindowClose</animation>

			<!-- Icon 1 -->
			<control type="group">
				<posx>-193</posx>
				<posy>19</posy>
				<width>42</width>
				<height>42</height>
				<control type="image">
					<posx>0</posx>
					<posy>0</posy>
					<width>42</width>
					<height>42</height>
					<info>Container(9500).ListItem(-2).ActualIcon</info>
				</control>
			</control>

			<!-- Icon 2 -->
			<control type="group">
				<posx>-107</posx>
				<posy>19</posy>
				<width>42</width>
				<height>42</height>
				<control type="image">
					<posx>0</posx>
					<posy>0</posy>
					<width>42</width>
					<height>42</height>
					<info>Container(9500).ListItem(-1).ActualIcon</info>
				</control>
			</control>

			<!-- Icon 3 -->
			<control type="group">
				<posx>-21</posx>
				<posy>11</posy>
				<width>42</width>
				<height>42</height>
				<control type="image">
					<posx>0</posx>
					<posy>0</posy>
					<width>42</width>
					<height>42</height>
					<info>Container(9500).ListItem(0).ActualIcon</info>
					<animation type="Conditional" condition="Control.HasFocus(9500)">
						<effect type="zoom" start="95" end="100" center="auto" time="250" />
						<effect type="fade" start="90" end="100" center="auto" time="250" />
					</animation>
				</control>
			</control>

			<!-- Icon 4 -->
			<control type="group">
				<posx>65</posx>
				<posy>19</posy>
				<width>42</width>
				<height>42</height>
				<control type="image">
					<posx>0</posx>
					<posy>0</posy>
					<width>42</width>
					<height>42</height>
					<info>Container(9500).ListItem(1).ActualIcon</info>
				</control>
			</control>

			<!-- Icon 5 -->
			<control type="group">
				<posx>151</posx>
				<posy>19</posy>
				<width>42</width>
				<height>42</height>
				<control type="image">
					<posx>0</posx>
					<posy>0</posy>
					<width>42</width>
					<height>42</height>
					<info>Container(9500).ListItem(2).ActualIcon</info>
				</control>
			</control>

		</control>

	</include>

	<include name="Dock_VideoOSD">

		<control type="group">

			<posx>640</posx>
			<posy>655</posy>

			<control type="wraplist" id="9500">
				<posx>0</posx>
				<posy>0</posy>
				<height>90</height>
				<width>900</width>
				<onup>Dialog.Close(2901)</onup>
				<ondown>9500</ondown>
				<include>Dock_LayoutOSD</include>
				<content>
					<include>Dock_Play</include>
					<include>Dock_FastForward</include>
					<include>Dock_SkipForward</include>
					<include>Dock_Record</include>
					<include>Dock_Random</include>
					<include>Dock_Repeat</include>
					<include>Dock_DVD_Menu</include>
					<include>Dock_Bookmark</include>
					<include>Dock_Audio</include>
					<include>Dock_Video</include>
					<include>Dock_SkipBack</include>
					<include>Dock_Rewind</include>
					<include>Dock_Stop</include>
				</content>
			</control>

			<include>Dock_TabOSD</include>
			<include>Dock_ElipsisOSD</include>
			<include>Dock_CarouselOSD</include>
			<include>Dock_LabelOSD</include>

		</control>

	</include>
	
	<include name="Dock_MusicOSD">

		<control type="group">

			<posx>640</posx>
			<posy>655</posy>

			<control type="wraplist" id="9500">
				<posx>0</posx>
				<posy>0</posy>
				<height>90</height>
				<width>900</width>
				<onup>Dialog.Close(2901)</onup>
				<ondown>9500</ondown>
				<include>Dock_LayoutOSD</include>
				<content>
					<include>Dock_Play</include>
					<include>Dock_FastForward</include>
					<include>Dock_SkipForward</include>
					<include>Dock_Record</include>	
					<include>Dock_Random</include>
					<include>Dock_Repeat</include>					
					<include>Dock_Playlist</include>					
					<include>Dock_Visualisation</include>
					<include>Dock_Visualisation_Settings</include>
					<include>Dock_Visualisation_Presets</include>
					<include>Dock_SkipBack</include>
					<include>Dock_Rewind</include>
					<include>Dock_Stop</include>
				</content>
			</control>

			<include>Dock_TabOSD</include>
			<include>Dock_ElipsisOSD</include>
			<include>Dock_CarouselOSD</include>
			<include>Dock_LabelOSD</include>

		</control>

	</include>

</includes>
	