<includes>

	<!-- Dock Common -->

	<include name="Dock_Layout">
		<focusposition>0</focusposition>
		<orientation>horizontal</orientation>
		<scrolltime>250</scrolltime>
		<itemlayout height="90" width="100">
			<control type="label">
				<posx>0</posx>
				<posy>0</posy>
				<width>100</width>
				<height>90</height>
				<font>Default</font>
				<align>center</align>
				<info>ListItem.label</info>
				<visible>false</visible>
			</control>
		</itemlayout>
		<focusedlayout height="90" width="100">
			<control type="label">
				<posx>0</posx>
				<posy>0</posy>
				<width>100</width>
				<height>90</height>
				<font>Default</font>
				<align>center</align>
				<info>ListItem.label</info>
				<visible>false</visible>
			</control>
		</focusedlayout>	
	</include>

	<include name="Dock_Elipsis">
		<control type="image">
			<posx>-45</posx>
			<posy>0</posy>
			<width>90</width>
			<height>90</height>
			<texture>button_ex_idle.png</texture>
			<animation type="WindowOpen" condition="true" reversible="false">
				<effect type="zoom" start="150" center="auto" time="400" />
				<effect type="fade" end="100" time="600" />
			</animation>
			<animation type="WindowClose" condition="true" reversible="false">
				<effect type="zoom" end="150" center="auto" time="400" />
				<effect type="fade" end="0" time="600" />
			</animation>
		</control>
	</include>

	<include name="Dock_Elipsis_With_Reflection">
		<include>Dock_Elipsis</include>
		<control type="group">
			<animation effect="fade" time="600">WindowOpen</animation>
			<animation effect="fade" time="600">WindowClose</animation>
			<control type="image">
				<posx>-30</posx>
				<posy>15</posy>
				<width>60</width>
				<height>60</height>
				<texture>dock\icons\login-screen-on.png</texture>
				<visible>Window.IsVisible(LoginScreen)</visible>
			</control>
			<control type="image">
				<posx>-30</posx>
				<posy>15</posy>
				<width>60</width>
				<height>60</height>
				<texture>dock\icons\home.png</texture>
				<visible>Window.IsVisible(Home)</visible>
			</control>
			<control type="image">
				<posx>-30</posx>
				<posy>15</posy>
				<width>60</width>
				<height>60</height>
				<texture>dock\icons\settings.png</texture>
				<visible>Window.IsVisible(ContentSettings)</visible>
			</control>
			<control type="image">
				<posx>-30</posx>
				<posy>15</posy>
				<width>60</width>
				<height>60</height>
				<texture>dock\icons\scripts.png</texture>
				<visible>Window.IsVisible(Scripts)</visible>
			</control>
			<control type="image">
				<posx>-30</posx>
				<posy>15</posy>
				<width>60</width>
				<height>60</height>
				<texture>dock\icons\music.png</texture>
				<visible>Window.IsVisible(MusicFiles)</visible>
			</control>
			<control type="image">
				<posx>-30</posx>
				<posy>15</posy>
				<width>60</width>
				<height>60</height>
				<texture>dock\icons\videos.png</texture>
				<visible>Window.IsVisible(VideoFiles)</visible>			
			</control>
			<control type="image">
				<posx>-30</posx>
				<posy>15</posy>
				<width>60</width>
				<height>60</height>
				<texture>dock\icons\systeminfo.png</texture>
				<visible>Window.IsVisible(SystemInfo)</visible>			
			</control>

			<control type="image">
				<posx>-30</posx>
				<posy>15</posy>
				<width>60</width>
				<height>60</height>
				<texture>dock\icons\movies.png</texture>
				<visible>Window.IsVisible(videolibrary)</visible>		
				<visible>Substring(Container.FolderPath,videodb://1/,left) | Substring(Container.FolderPath,videodb://4/,left)</visible>			
			</control>
			<control type="image">
				<posx>-30</posx>
				<posy>15</posy>
				<width>60</width>
				<height>60</height>
				<texture>dock\icons\tv_shows.png</texture>
				<visible>Window.IsVisible(videolibrary)</visible>		
				<visible>Substring(Container.FolderPath,videodb://2/,left) | Substring(Container.FolderPath,videodb://5/,left)</visible>			
			</control>
			<control type="image">
				<posx>-30</posx>
				<posy>15</posy>
				<width>60</width>
				<height>60</height>
				<texture>dock\icons\music-videos.png</texture>
				<visible>Window.IsVisible(videolibrary)</visible>		
				<visible>Substring(Container.FolderPath,videodb://3/,left) | Substring(Container.FolderPath,videodb://6/,left)</visible>					
			</control>
			<control type="image">
				<posx>-30</posx>
				<posy>15</posy>
				<width>60</width>
				<height>60</height>
				<texture>dock\icons\pictures.png</texture>
				<visible>Window.IsVisible(Pictures)</visible>		
			</control>
			<control type="image">
				<posx>-30</posx>
				<posy>15</posy>
				<width>60</width>
				<height>60</height>
				<texture>dock\icons\games.png</texture>
				<visible>Window.IsVisible(MyPrograms)</visible>		
			</control>
			<control type="image">
				<posx>-30</posx>
				<posy>15</posy>
				<width>60</width>
				<height>60</height>
				<texture>dock\icons\files.png</texture>
				<visible>Window.IsVisible(MyFiles)</visible>		
			</control>
			<control type="image">
				<posx>-30</posx>
				<posy>15</posy>
				<width>60</width>
				<height>60</height>
				<texture>dock\icons\weather.png</texture>
				<visible>Window.IsVisible(Weather)</visible>	
			</control>
			<control type="image">
				<posx>-30</posx>
				<posy>15</posy>
				<width>60</width>
				<height>60</height>
				<texture>dock\icons\settings.png</texture>
				<visible>Window.IsVisible(Settings)</visible>
			</control>
			<control type="image">
				<posx>-30</posx>
				<posy>15</posy>
				<width>60</width>
				<height>60</height>
				<texture>dock\icons\videos-settings.png</texture>
				<visible>Window.IsVisible(MyVideosSettings)</visible>
			</control>
			<control type="image">
				<posx>-30</posx>
				<posy>15</posy>
				<width>60</width>
				<height>60</height>
				<texture>dock\icons\music-settings.png</texture>
				<visible>Window.IsVisible(MyMusicSettings)</visible>
			</control>
			<control type="image">
				<posx>-30</posx>
				<posy>15</posy>
				<width>60</width>
				<height>60</height>
				<texture>dock\icons\pictures-settings.png</texture>
				<visible>Window.IsVisible(MyPicturesSettings)</visible>
			</control>
			<control type="image">
				<posx>-30</posx>
				<posy>15</posy>
				<width>60</width>
				<height>60</height>
				<texture>dock\icons\profiles-settings.png</texture>
				<visible>Window.IsVisible(Profiles)</visible>
			</control>
			<control type="image">
				<posx>-30</posx>
				<posy>15</posy>
				<width>60</width>
				<height>60</height>
				<texture>dock\icons\weather-settings.png</texture>
				<visible>Window.IsVisible(MyWeatherSettings)</visible>
			</control>
			<control type="image">
				<posx>-30</posx>
				<posy>15</posy>
				<width>60</width>
				<height>60</height>
				<texture>dock\icons\network-settings.png</texture>
				<visible>Window.IsVisible(NetworkSettings)</visible>
			</control>
			<control type="image">
				<posx>-30</posx>
				<posy>15</posy>
				<width>60</width>
				<height>60</height>
				<texture>dock\icons\system-settings.png</texture>
				<visible>Window.IsVisible(SystemSettings)</visible>
			</control>
			<control type="image">
				<posx>-30</posx>
				<posy>15</posy>
				<width>60</width>
				<height>60</height>
				<texture>dock\icons\appearance-settings.png</texture>
				<visible>Window.IsVisible(AppearanceSettings)</visible>
			</control>
			<control type="image">
				<posx>-30</posx>
				<posy>15</posy>
				<width>60</width>
				<height>60</height>
				<texture>dock\icons\skin-settings.png</texture>
				<visible>Window.IsVisible(1111)</visible>
			</control>
		</control>
		<control type="image">
			<posx>-45</posx>
			<posy>80</posy>
			<width>90</width>
			<height>90</height>
			<texture flipy="true" diffuse="fade.png">button_ex_idle.png</texture>
			<animation effect="fade" time="600">WindowOpen</animation>
			<animation effect="fade" time="600">WindowClose</animation>
		</control>
	</include>

	<include name="Dock_Shadow">
		<control type="image">
			<posx>-640</posx>
			<posy>-620</posy>
			<width>1280</width>
			<height>720</height>
			<texture>filter_dockshadow.png</texture>
			<animation effect="fade" time="200">WindowOpen</animation>
			<animation effect="fade" time="200">WindowClose</animation>
			<visible>!Window.IsActive(FullScreenVideo)</visible>
		</control>
	</include>
	
	<include name="Dock_Label">

		<control type="label">
			<description>Current Selection</description>
			<posx>0</posx>
			<posy>-60</posy>
			<align>center</align>
			<label>[UPPERCASE]$INFO[Container(9500).ListItem.Label][/UPPERCASE]</label>
			<font>Selected_Item</font>
			<textcolor>TextSelectedItem</textcolor>
			<shadowcolor>TextShadow</shadowcolor>
			<visible>!Window.IsActive(123) + !Window.IsActive(124) + !Window.IsActive(125)</visible> 
			<visible>!Container(9500).HasFocus(31000) + !Container(9500).HasFocus(31001)</visible> 
			<visible>!Skin.HasSetting(Disable_Icon_Labels)</visible>
			<animation effect="fade" time="300">Visible</animation>
			<animation effect="fade" time="300">Hidden</animation>
			<animation effect="fade" time="300">WindowOpen</animation>
			<animation effect="fade" time="300">WindowClose</animation>
		</control>
		
		<control type="label">
			<description>Current Selection - View As</description>
			<posx>0</posx>
			<posy>-60</posy>
			<align>center</align>
			<label>[UPPERCASE]$INFO[Container.Viewmode,View: ][/UPPERCASE]</label>
			<font>Selected_Item</font>
			<textcolor>TextSelectedItem</textcolor>
			<shadowcolor>TextShadow</shadowcolor>
			<visible>Container(9500).HasFocus(31000)</visible> 
			<visible>!Skin.HasSetting(Disable_Icon_Labels)</visible>
			<animation effect="fade" time="300">Visible</animation>
			<animation effect="fade" time="300">Hidden</animation>
			<animation effect="fade" time="300">WindowOpen</animation>
			<animation effect="fade" time="300">WindowClose</animation>
		</control>
		
		<control type="label">
			<description>Current Selection - Sort As</description>
			<posx>0</posx>
			<posy>-60</posy>
			<align>center</align>
			<label>[UPPERCASE]$INFO[Container.Sortmethod,Sort by: ][/UPPERCASE]</label>
			<font>Selected_Item</font>
			<textcolor>TextSelectedItem</textcolor>
			<shadowcolor>TextShadow</shadowcolor>
			<visible>Container(9500).HasFocus(31001)</visible> 
			<visible>!Skin.HasSetting(Disable_Icon_Labels)</visible>
			<animation effect="fade" time="300">Visible</animation>
			<animation effect="fade" time="300">Hidden</animation>
			<animation effect="fade" time="300">WindowOpen</animation>
			<animation effect="fade" time="300">WindowClose</animation>
		</control>
		
	</include>
	
	<include name="Dock_Carousel">
	
		<control type="button" id="6">
			<posx>0</posx>
			<posy>0</posy>
			<height>10</height>
			<width>10</width>
			<label>-</label>
			<visible>false</visible>
		</control>
		
		<control type="radiobutton" id="7">
			<posx>0</posx>
			<posy>0</posy>
			<height>10</height>
			<width>10</width>
			<label>-</label>
			<visible>false</visible>
		</control>
		
		<control type="radiobutton" id="14">
			<posx>0</posx>
			<posy>0</posy>
			<height>10</height>
			<width>10</width>
			<label>-</label>
			<visible>false</visible>
		</control>
		
		<control type="button" id="8">
			<posx>0</posx>
			<posy>0</posy>
			<height>10</height>
			<width>10</width>
			<label>-</label>
			<visible>false</visible>
		</control>
		
		<control type="button" id="21">
			<posx>0</posx>
			<posy>0</posy>
			<height>10</height>
			<width>10</width>
			<label>-</label>
			<visible>false</visible>
		</control>
		
		<control type="radiobutton" id="9">
			<posx>0</posx>
			<posy>0</posy>
			<height>10</height>
			<width>10</width>
			<label>-</label>
			<visible>false</visible>
		</control>
		
		<control type="togglebutton" id="4">
			<posx>0</posx>
			<posy>0</posy>
			<height>10</height>
			<width>10</width>
			<label>-</label>
			<visible>false</visible>
		</control>
		
		<control type="radiobutton" id="16">
			<posx>0</posx>
			<posy>0</posy>
			<height>10</height>
			<width>10</width>
			<label>-</label>
			<visible>false</visible>
		</control>

		<control type="radiobutton" id="17">
			<posx>0</posx>
			<posy>0</posy>
			<height>10</height>
			<width>10</width>
			<label>-</label>
			<visible>false</visible>
		</control>
				
		<control type="spincontrol" id="503">
			<posx>0</posx>
			<posy>0</posy>
			<width>10</width>
			<height>10</height>
			<label>-</label>
			<font>-</font>
			<textcolor>-</textcolor>
			<texturefocus>-</texturefocus>
			<texturenofocus>-</texturenofocus>
			<textureup>-</textureup>
			<texturedown>-</texturedown>
			<textureupfocus>-</textureupfocus>
			<texturedownfocus>-</texturedownfocus>
			<visible>false</visible>
		</control>
				
		<control type="selectbutton" id="5035">
			<description>Visualisation Select Button</description>
			<posx>0</posx>
			<posy>0</posy>
			<width>200</width>
			<height>35</height>
			<label>-</label>
			<font>Default</font>
			<textcolor>Text</textcolor>
			<texturenofocus>-</texturenofocus>
			<texturefocus>-</texturefocus>
			<texturebg>keyboard-btn-space-focus.png</texturebg>
			<onleft>500</onleft>
			<onright>500</onright>
			<onup>500</onup>
			<ondown>500</ondown>
		</control>
		
		<control type="group">

			<posx>0</posx>
			<posy>15</posy>

			<!-- Dock Scroller Icons - Counter Clockwise Mothion -->
			<control type="group" id="7501">

				<visible>Container(9500).OnPrevious</visible>
				<animation effect="slide" end="0,0" time="250" reversible="false">Hidden</animation>

				<!-- Show Far Left Icon On Move Next -->
				<control type="group">
					<visible>Container(9500).OnPrevious</visible>
					<animation type="Hidden" reversible="false">
						<effect type="fade" start="0" end="60" time="250" />
						<effect type="slide" start="0,0" end="172,0" time="250" />
					</animation>
					<animation effect="fade" start="0" end="0" time="0" reversible="false">Visible</animation>
					<posx>-562</posx>
					<posy>15</posy>
					<width>60</width>
					<height>60</height>
					<control type="image">
						<posx>0</posx>
						<posy>0</posy>
						<width>60</width>
						<height>60</height>
						<info>Container(9500).ListItem(-2).ActualIcon</info>
					</control>
				</control>

				<!-- Move Icon 1 To Icon 2 Position On Move Next -->
				<control type="group">
					<visible>Container(9500).OnPrevious</visible>
					<animation effect="slide" start="0,0" end="180,0" time="250" reversible="false">Hidden</animation>
					<posx>-390</posx>
					<posy>15</posy>
					<width>60</width>
					<height>60</height>
					<control type="image">
						<posx>0</posx>
						<posy>0</posy>
						<width>60</width>
						<height>60</height>
						<info>Container(9500).ListItem(-1).ActualIcon</info>
					</control>
				</control>

				<!-- Move Icon 2 To Icon 3 Position On Move Next -->
				<control type="group">
					<visible>Container(9500).OnPrevious</visible>
					<animation effect="slide" start="0,0" end="180,-15" time="250" reversible="false">Hidden</animation>
					<posx>-210</posx>
					<posy>15</posy>
					<width>60</width>
					<height>60</height>
					<control type="image">
						<posx>0</posx>
						<posy>0</posy>
						<width>60</width>
						<height>60</height>
						<info>Container(9500).ListItem(0).ActualIcon</info>
					</control>
				</control>

				<!-- Move Icon 3 To Icon 4 Position On Move Next -->
				<control type="group">
					<visible>Container(9500).OnPrevious</visible>
					<animation effect="slide" start="0,0" end="180,15" time="250" reversible="false">Hidden</animation>
					<posx>-30</posx>
					<posy>0</posy>
					<width>60</width>
					<height>60</height>
					<control type="image">
						<posx>0</posx>
						<posy>0</posy>
						<width>60</width>
						<height>60</height>
						<info>Container(9500).ListItem(1).ActualIcon</info>
					</control>
				</control>

				<!-- Move Icon 4 To Icon 5 Position On Move Next -->
				<control type="group">
					<visible>Container(9500).OnPrevious</visible>
					<animation effect="slide" start="0,0" end="180,0" time="250" reversible="false">Hidden</animation>
					<posx>150</posx>
					<posy>15</posy>
					<width>60</width>
					<height>60</height>
					<control type="image">
						<posx>0</posx>
						<posy>0</posy>
						<width>60</width>
						<height>60</height>
						<info>Container(9500).ListItem(2).ActualIcon</info>
					</control>
				</control>

				<!-- Hide Far Right Icon On Move Next -->
				<control type="group">
					<visible>Container(9500).OnPrevious</visible>
					<animation type="Hidden" reversible="false">
						<effect type="fade" start="60" end="0" time="250" />
						<effect type="slide" start="0,0" end="172,0" time="250" />
					</animation>
					<posx>330</posx>
					<posy>15</posy>
					<width>60</width>
					<height>60</height>
					<control type="image">
						<posx>0</posx>
						<posy>0</posy>
						<width>60</width>
						<height>60</height>
						<info>Container(9500).ListItem(3).ActualIcon</info>
					</control>
				</control>

			</control>

			<!-- Dock Scroller Icons - Clockwise Mothion -->
			<control type="group" id="7502">

				<visible>Container(9500).OnNext</visible>
				<animation effect="slide" end="0,0" time="250" reversible="false">Hidden</animation>

				<!-- Hide Far Left Icon On Move Next -->
				<control type="group">
					<visible>Container(9500).OnNext</visible>
					<animation type="Hidden" reversible="false">
						<effect type="fade" start="60" end="0" time="250" />
						<effect type="slide" start="0,0" end="-172,0" time="250" />
					</animation>
					<posx>-390</posx>
					<posy>15</posy>
					<width>60</width>
					<height>60</height>
					<control type="image">
						<posx>0</posx>
						<posy>0</posy>
						<width>60</width>
						<height>60</height>
						<info>Container(9500).ListItem(-3).ActualIcon</info>
					</control>
				</control>

				<!-- Move Icon 2 To Icon 1 Position On Move Next -->
				<control type="group">
					<visible>Container(9500).OnNext</visible>
					<animation effect="slide" start="0,0" end="-180,0" time="250" reversible="false">Hidden</animation>
					<posx>-210</posx>
					<posy>15</posy>
					<width>60</width>
					<height>60</height>
					<control type="image">
						<posx>0</posx>
						<posy>0</posy>
						<width>60</width>
						<height>60</height>
						<info>Container(9500).ListItem(-2).ActualIcon</info>
					</control>
				</control>

				<!-- Move Icon 3 To Icon 2 Position On Move Next -->
				<control type="group">
					<visible>Container(9500).OnNext</visible>
					<animation effect="slide" start="0,0" end="-180,15" time="250" reversible="false">Hidden</animation>
					<posx>-30</posx>
					<posy>0</posy>
					<width>60</width>
					<height>60</height>
					<control type="image">
						<posx>0</posx>
						<posy>0</posy>
						<width>60</width>
						<height>60</height>
						<info>Container(9500).ListItem(-1).ActualIcon</info>
					</control>
				</control>

				<!-- Move Icon 4 To Icon 3 Position On Move Next -->
				<control type="group">
					<visible>Container(9500).OnNext</visible>
					<animation effect="slide" start="0,0" end="-180,-15" time="250" reversible="false">Hidden</animation>
					<posx>150</posx>
					<posy>15</posy>
					<width>60</width>
					<height>60</height>
					<control type="image">
						<posx>0</posx>
						<posy>0</posy>
						<width>60</width>
						<height>60</height>
						<info>Container(9500).ListItem(0).ActualIcon</info>
					</control>
				</control>

				<!-- Move Icon 5 To Icon 4 Position On Move Next -->
				<control type="group">
					<visible>Container(9500).OnNext</visible>
					<animation effect="slide" start="0,0" end="-180,0" time="250" reversible="false">Hidden</animation>
					<posx>330</posx>
					<posy>15</posy>
					<width>60</width>
					<height>60</height>
					<control type="image">
						<posx>0</posx>
						<posy>0</posy>
						<width>60</width>
						<height>60</height>
						<info>Container(9500).ListItem(1).ActualIcon</info>
					</control>
				</control>

				<!-- Show Far Right Icon On Move Next -->
				<control type="group">
					<visible>Container(9500).OnNext</visible>
					<animation type="Hidden" reversible="false">
						<effect type="fade" start="0" end="60" time="250" />
						<effect type="slide" start="172,0" end="0,0" time="250" />
					</animation>
					<animation effect="fade" start="0" end="0" time="0" reversible="false">Visible</animation>
					<posx>330</posx>
					<posy>15</posy>
					<width>60</width>
					<height>60</height>
					<control type="image">
						<posx>0</posx>
						<posy>0</posy>
						<width>60</width>
						<height>60</height>
						<info>Container(9500).ListItem(2).ActualIcon</info>
					</control>
				</control>

			</control>

			<!-- Dock Scroller Static Icons -->
			<control type="group" id="7500">

				<visible>!Control.IsVisible(7501)  + !Control.IsVisible(7502)</visible>
				
				<animation type="WindowOpen">
					<effect type="slide" start="0,85" time="300" tween="elastic" easing="out" reversible="false" />
					<effect type="fade" start="0" end="100" time="300" tween="sine" easing="out" reversible="false" />
				</animation>
				<animation type="WindowClose">
					<effect type="slide" end="0,85" time="300" tween="back" easing="in" reversible="false" />
					<effect type="fade" start="100" end="0" time="300" tween="sine" easing="in" reversible="false" />
				</animation>

				<!-- Icon 1 -->
				<control type="group">
					<posx>-390</posx>
					<posy>15</posy>
					<width>60</width>
					<height>60</height>
					<control type="image">
						<posx>0</posx>
						<posy>0</posy>
						<width>60</width>
						<height>60</height>
						<info>Container(9500).ListItem(-2).ActualIcon</info>
					</control>
				</control>

				<!-- Icon 2 -->
				<control type="group">
					<posx>-210</posx>
					<posy>15</posy>
					<width>60</width>
					<height>60</height>
					<control type="image">
						<posx>0</posx>
						<posy>0</posy>
						<width>60</width>
						<height>60</height>
						<info>Container(9500).ListItem(-1).ActualIcon</info>
					</control>
				</control>

				<!-- Icon 3 -->
				<control type="group">
					<posx>-30</posx>
					<posy>0</posy>
					<width>60</width>
					<height>60</height>
					<control type="image">
						<posx>0</posx>
						<posy>0</posy>
						<width>60</width>
						<height>60</height>
						<info>Container(9500).ListItem(0).ActualIcon</info>
						<animation type="Conditional" condition="Control.HasFocus(9500)">
							<effect type="zoom" start="95" end="100" center="auto" time="250" />
							<effect type="fade" start="90" end="100" center="auto" time="250" />
						</animation>
					</control>
				</control>

				<!-- Icon 4 -->
				<control type="group">
					<posx>150</posx>
					<posy>15</posy>
					<width>60</width>
					<height>60</height>
					<control type="image">
						<posx>0</posx>
						<posy>0</posy>
						<width>60</width>
						<height>60</height>
						<info>Container(9500).ListItem(1).ActualIcon</info>
					</control>
				</control>

				<!-- Icon 5 -->
				<control type="group">
					<posx>330</posx>
					<posy>15</posy>
					<width>60</width>
					<height>60</height>
					<control type="image">
						<posx>0</posx>
						<posy>0</posy>
						<width>60</width>
						<height>60</height>
						<info>Container(9500).ListItem(2).ActualIcon</info>
					</control>
				</control>

			</control>

		</control>

	</include>

	<include name="Dock_Home">

		<control type="group">

			<posx>640</posx>
			<posy>620</posy>

			<control type="wraplist" id="9500">
				<posx>0</posx>
				<posy>635</posy>
				<height>90</height>
				<width>900</width>
				<onup>Dialog.Close(1200)</onup>
				<ondown>2</ondown>
				<include>Dock_Layout</include>
				<content>
					<include>Dock_Logout</include>
					<include>Dock_Exit</include>
					<include>Dock_Power_Options_1200</include>
					<include>Dock_Nav_1200</include>
					<include>Dock_System_Info</include>
					<include>Dock_Favourites</include>
				</content>
			</control>

			<include>Dock_Shadow</include>
			<include>Dock_Elipsis</include>
			<include>Dock_Carousel</include>
			<include>Dock_Label</include>

		</control>

	</include>

	<include name="Dock_Content">

		<control type="group">

			<posx>640</posx>
			<posy>620</posy>

			<control type="wraplist" id="9500">
				<posx>0</posx>
				<posy>0</posy>
				<height>90</height>
				<width>900</width>
				<onup>Dialog.Close(1201)</onup>
				<ondown>9500</ondown>
				<include>Dock_Layout</include>
				<content>
					<include>Dock_ViewAs</include>
					<include>Dock_SortAs</include>
					<include>Dock_SortDirection</include>
					<include>Dock_VideoLibrary</include>
					<include>Dock_MusicLibrary</include>
					<include>Dock_Watched</include>
					<include>Dock_Search</include>
					<include>Dock_Filter</include>
					<include>Dock_PartyMode</include>
					<include>Dock_Flatten</include>
					<include>Dock_UnlockSources</include>
					<include>Dock_Stack</include>
					<include>Dock_Slideshow</include>
					<include>Dock_SlideshowRecursive</include>
					<include>Dock_Randomize</include>					
					<include>Dock_Random</include>
					<include>Dock_Repeat</include>
					<include>Dock_Playlist_Save_1201</include>
					<include>Dock_Playlist_Clear_Music</include>
					<include>Dock_Playlist_Clear_Video</include>
					<include>Dock_LastFM_Love</include>
					<include>Dock_LastFM_Hate</include>
					<include>Dock_Power_Options_1201</include>
					<include>Dock_Nav_1201</include>
				</content>
			</control>

			<include>Dock_Shadow</include>
			<include>Dock_Elipsis</include>
			<include>Dock_Carousel</include>
			<include>Dock_Label</include>

		</control>

	</include>
	
	<include name="Dock_Weather">

		<control type="group">

			<posx>640</posx>
			<posy>620</posy>

			<control type="wraplist" id="9500">
				<posx>0</posx>
				<posy>0</posy>
				<height>90</height>
				<width>900</width>
				<onup>Dialog.Close(1202)</onup>
				<ondown>9500</ondown>
				<include>Dock_Layout</include>
				<content>
					<include>Dock_Weather_Location</include>
					<include>Dock_Weather_Refresh</include>
					<include>Dock_Weather_Settings</include>
					<include>Dock_Power_Options_1202</include>
					<include>Dock_Nav_1202</include>
				</content>
			</control>

			<include>Dock_Shadow</include>
			<include>Dock_Elipsis</include>
			<include>Dock_Carousel</include>
			<include>Dock_Label</include>

		</control>

	</include>
	
	<include name="Dock_MusicPlaylist">

		<control type="group">

			<posx>640</posx>
			<posy>620</posy>

			<control type="wraplist" id="9500">
				<posx>0</posx>
				<posy>0</posy>
				<height>90</height>
				<width>900</width>
				<onup>Dialog.Close(1203)</onup>
				<ondown>9500</ondown>
				<include>Dock_Layout</include>
				<content>
					<include>Dock_Playlist_Open</include>
					<include>Dock_Playlist_Save</include>
					<include>Dock_Playlist_Clear</include>
					<include>Dock_Power_Options_1203</include>
					<include>Dock_Nav_1203</include>
				</content>
			</control>

			<include>Dock_Shadow</include>
			<include>Dock_Elipsis</include>
			<include>Dock_Carousel</include>
			<include>Dock_Label</include>

		</control>

	</include>

</includes>
	