<window id="1">
	<defaultcontrol always="true">50</defaultcontrol>
	<allowoverlay>no</allowoverlay>
	<views>50,54,56,57,58</views>
	<controls>
	
		<include>Background</include>
		
		<!-- Elipsis Visor -->
		<include>Visor_Filter</include>

		<!-- Edge Filter -->
		<include>Edge_Filter</include>
		
		<include>Program_Views</include>

		<!-- Clock -->
		<include>Clock</include>
		
		<!-- Folder Name -->
		<include>FolderName</include>
		
		<!-- Now Playing Widget -->
		<include>Now_Playing_Widget</include>
		
		<!-- Elipsis Button -->
		<control type="group">
			<posx>640</posx>
			<posy>620</posy>
			<include>Dock_Elipsis_With_Reflection</include>
		</control>

	</controls>
</window>