<window id="2600">
	<defaultcontrol always="true">9000</defaultcontrol>
	<allowoverlay>no</allowoverlay>
	<controls>
	
		<!-- Backgrounds -->
		<include>Background</include>
		
		<!-- Elipsis Visor -->
		<include>Visor_Filter</include>
		
		<control type="button" id="9000">
			<posx>0</posx>
			<posy>0</posy>
			<onup>ActivateWindow(1202)</onup>
			<ondown>ActivateWindow(1202)</ondown>
			<onleft>ActivateWindow(1202)</onleft>
			<onright>ActivateWindow(1202)</onright>
			<texturenofocus>-</texturenofocus>
			<texturefocus>-</texturefocus>
		</control>

		<control type="spincontrol" id="3">
			<description>weather location select</description>
			<posx>0</posx>
			<posy>-100</posy>
			<width>10</width>
			<height>10</height>
			<font>-</font>
			<texturefocus>-</texturefocus>
			<texturenofocus>-</texturenofocus>
			<textureup>-</textureup>
			<texturedown>-</texturedown>
			<textureupfocus>-</textureupfocus>
			<texturedownfocus>-</texturedownfocus>
		</control>

		<control type="group">
		
			<include>Fade_In_WindowOpen</include>
			<include>Fade_Out_WindowClose</include>		
					
			<control type="group">
			
				<include>Zoom_In_WindowOpen</include>
				<include>Zoom_Out_WindowClose</include>			

				<posx>361</posx>
				<posy>115</posy>
				<width>557</width>
				<height>228</height>
			
				<control type="image">
					<posx>0</posx>
					<posy>0</posy>
					<width>557</width>
					<height>228</height>
					<texture>controls\weather-dash-top.png</texture>
				</control>
								
				<control type="label">
					<posx>130</posx>
					<posy>40</posy>
					<height>30</height>
					<font>Heading</font>
					<align>right</align>
					<aligny>center</aligny>
					<textcolor>Text</textcolor>
					<label>$LOCALIZE[50105]</label>
				</control>
				<control type="label">
					<description>update time label</description>
					<posx>140</posx>
					<posy>40</posy>
					<height>30</height>
					<font>Large</font>
					<align>left</align>
					<aligny>center</aligny>
					<info>Window.Property(Updated)</info>
					<textcolor>Text</textcolor>
				</control>
				
				<control type="label">
					<description>current feels like label</description>
					<posx>130</posx>
					<posy>92</posy>
					<height>20</height>
					<font>Medium</font>
					<align>right</align>
					<aligny>center</aligny>
					<label>$LOCALIZE[402] :</label>
					<textcolor>TextMediun</textcolor>
				</control>
				<control type="label">
					<description>current feels like value</description>
					<posx>140</posx>
					<posy>92</posy>
					<height>20</height>
					<font>Medium</font>
					<align>left</align>
					<aligny>center</aligny>
					<label>$INFO[Window.Property(Current.FeelsLike)]$INFO[System.TemperatureUnits]</label>
					<textcolor>Text</textcolor>
				</control>
			
				<control type="label">
					<description>current dew label</description>
					<posx>130</posx>
					<posy>112</posy>
					<height>20</height>
					<font>Medium</font>
					<align>right</align>
					<aligny>center</aligny>
					<label>$LOCALIZE[405] :</label>
					<textcolor>TextMediun</textcolor>
				</control>
				<control type="label">
					<description>current dew value</description>
					<posx>140</posx>
					<posy>112</posy>
					<height>20</height>
					<font>Medium</font>
					<align>left</align>
					<aligny>center</aligny>
					<label>$INFO[Window.Property(Current.DewPoint)]$INFO[System.TemperatureUnits]</label>
					<textcolor>Text</textcolor>
				</control>
				
				<control type="label">
					<description>current humidity label</description>
					<posx>130</posx>
					<posy>132</posy>
					<height>20</height>
					<font>Medium</font>
					<align>right</align>
					<aligny>center</aligny>
					<label>$LOCALIZE[406] :</label>
					<textcolor>TextMediun</textcolor>
				</control>
				<control type="label">
					<description>current humidity value</description>
					<posx>140</posx>
					<posy>132</posy>
					<height>20</height>
					<font>Medium</font>
					<align>left</align>
					<aligny>center</aligny>
					<info>Window.Property(Current.Humidity)</info>
					<textcolor>Text</textcolor>
				</control>
				
				<control type="label">
					<description>current uv label</description>
					<posx>130</posx>
					<posy>152</posy>
					<height>20</height>
					<font>Medium</font>
					<align>right</align>
					<aligny>center</aligny>
					<label>$LOCALIZE[403] :</label>
					<textcolor>TextMediun</textcolor>
				</control>
				<control type="label">
					<description>current uv value</description>
					<posx>140</posx>
					<posy>152</posy>
					<height>20</height>
					<font>Medium</font>
					<align>left</align>
					<aligny>center</aligny>
					<info>Window.Property(Current.UVIndex)</info>
					<textcolor>Text</textcolor>
				</control>
				
				<control type="label">
					<description>current wind label</description>
					<posx>130</posx>
					<posy>172</posy>
					<height>20</height>
					<font>Medium</font>
					<align>right</align>
					<aligny>center</aligny>
					<label>$LOCALIZE[404] :</label>
					<textcolor>TextMediun</textcolor>
				</control>
				<control type="label">
					<description>current wind value</description>
					<posx>140</posx>
					<posy>172</posy>
					<height>20</height>
					<font>Medium</font>
					<align>left</align>
					<aligny>center</aligny>
					<info>Window.Property(Current.Wind)</info>
					<textcolor>Text</textcolor>
				</control>
				
				<control type="image">
					<description>current weather icon</description>
					<posx>390</posx>
					<posy>30</posy>
					<height>135</height>
					<width>135</width>
					<info>Window.Property(Current.ConditionIcon)</info>
					<aspectratio>keep</aspectratio>
				</control>
				
				<control type="label">
					<description>current condition label</description>
					<posx>525</posx>
					<posy>170</posy>
					<wrapmultiline>true</wrapmultiline>
					<info>Window.Property(Current.Condition)</info>
					<font>Medium_Large</font>
					<align>right</align>
					<textcolor>Text</textcolor>
				</control>
				
				<control type="label">
					<description>current temp value</description>
					<posx>190</posx>
					<posy>110</posy>
					<width>190</width>
					<height>35</height>
					<font>Extra_Large</font>
					<align>center</align>
					<aligny>center</aligny>
					<label>$INFO[Window.Property(Current.Temperature)]$INFO[System.TemperatureUnits]</label>
					<textcolor>Highlight</textcolor>
					<shadowcolor>TextShadow</shadowcolor>
				</control>

			</control>
					
			<control type="label">
				<include>Zoom_In_WindowOpen</include>
				<include>Zoom_Out_WindowClose</include>				
				<description>weather location select label</description>
				<posx>0</posx>
				<posy>328</posy>
				<width>1280</width>
				<height>50</height>
				<font>Extra_Large</font>
				<align>center</align>
				<aligny>center</aligny>
				<textcolor>Text</textcolor>
				<shadowcolor>TextShadow</shadowcolor>
				<info>weather.Location</info>
			</control>
					
			<control type="group">
			
				<include>Zoom_In_WindowOpen</include>
				<include>Zoom_Out_WindowClose</include>
						
				<posx>159</posx>
				<posy>365</posy>
				<width>961</width>
				<height>246</height>
				
				<control type="image">
					<posx>0</posx>
					<posy>0</posy>
					<width>961</width>
					<height>246</height>
					<texture>controls\weather-dash-bottom.png</texture>				
				</control>
				
				<control type="group">
					
					<posx>30</posx>
					<posy>30</posy>
				
					<control type="label">
						<description>day label</description>
						<posx>0</posx>
						<posy>0</posy>
						<width>200</width>
						<info>Window.Property(Day0.Title)</info>
						<font>Heading</font>
						<align>center</align>
						<textcolor>Text</textcolor>
					</control>
					<control type="image">
						<description>day icon</description>
						<posx>110</posx>
						<posy>45</posy>
						<height>90</height>
						<width>90</width>
						<info>Window.Property(Day0.OutlookIcon)</info>
						<aspectratio align="center">keep</aspectratio>
					</control>
					
					<control type="label">
						<description>high label</description>
						<posx>50</posx>
						<posy>55</posy>
						<height>20</height>
						<font>Medium</font>
						<align>right</align>
						<aligny>center</aligny>
						<label>$LOCALIZE[393] :</label>
						<textcolor>TextMediun</textcolor>
						<visible>Weather.IsFetched</visible>
					</control>
					<control type="label" id="32">
						<description>high value</description>
						<posx>60</posx>
						<posy>55</posy>
						<height>20</height>
						<font>Medium</font>
						<align>left</align>
						<aligny>center</aligny>
						<label>$INFO[Window.Property(Day0.HighTemp)]$INFO[System.TemperatureUnits]</label>
						<textcolor>Text</textcolor>
					</control>
					
					<control type="label">
						<description>low label</description>
						<posx>50</posx>
						<posy>100</posy>
						<height>20</height>
						<font>Medium</font>
						<align>right</align>
						<aligny>center</aligny>
						<label>$LOCALIZE[391] :</label>
						<textcolor>TextMediun</textcolor>
						<visible>Weather.IsFetched</visible>
					</control>
					<control type="label" id="32">
						<description>low value</description>
						<posx>60</posx>
						<posy>100</posy>
						<height>20</height>
						<font>Medium</font>
						<align>left</align>
						<aligny>center</aligny>
						<label>$INFO[Window.Property(Day0.LowTemp)]$INFO[System.TemperatureUnits]</label>
						<textcolor>Text</textcolor>
					</control>
					
					<control type="label">
						<description>conditions label</description>
						<posx>0</posx>
						<posy>145</posy>
						<width>200</width>
						<info>Window.Property(Day0.Outlook)</info>
						<font>Medium_Large</font>
						<align>center</align>
						<textcolor>Text</textcolor>
					</control>
							
				</control>
				
				<control type="group">
					
					<posx>263</posx>
					<posy>30</posy>
				
					<control type="label">
						<description>day label</description>
						<posx>0</posx>
						<posy>0</posy>
						<width>200</width>
						<info>Window.Property(Day1.Title)</info>
						<font>Heading</font>
						<align>center</align>
						<textcolor>Text</textcolor>
					</control>
					
					<control type="image">
						<description>day icon</description>
						<posx>110</posx>
						<posy>45</posy>
						<height>90</height>
						<width>90</width>
						<info>Window.Property(Day1.OutlookIcon)</info>
						<aspectratio align="center">keep</aspectratio>
					</control>
					
					<control type="label">
						<description>high label</description>
						<posx>50</posx>
						<posy>55</posy>
						<height>20</height>
						<font>Medium</font>
						<align>right</align>
						<aligny>center</aligny>
						<label>$LOCALIZE[393] :</label>
						<textcolor>TextMediun</textcolor>
						<visible>Weather.IsFetched</visible>
					</control>
					<control type="label" id="32">
						<description>high value</description>
						<posx>60</posx>
						<posy>55</posy>
						<height>20</height>
						<font>Medium</font>
						<align>left</align>
						<aligny>center</aligny>
						<label>$INFO[Window.Property(Day1.HighTemp)]$INFO[System.TemperatureUnits]</label>
						<textcolor>Text</textcolor>
					</control>
					
					<control type="label">
						<description>low label</description>
						<posx>50</posx>
						<posy>100</posy>
						<height>20</height>
						<font>Medium</font>
						<align>right</align>
						<aligny>center</aligny>
						<label>$LOCALIZE[391] :</label>
						<textcolor>TextMediun</textcolor>
						<visible>Weather.IsFetched</visible>
					</control>
					<control type="label" id="32">
						<description>low value</description>
						<posx>60</posx>
						<posy>100</posy>
						<height>20</height>
						<font>Medium</font>
						<align>left</align>
						<aligny>center</aligny>
						<label>$INFO[Window.Property(Day1.LowTemp)]$INFO[System.TemperatureUnits]</label>
						<textcolor>Text</textcolor>
					</control>
					
					<control type="label">
						<description>conditions label</description>
						<posx>0</posx>
						<posy>155</posy>
						<width>200</width>
						<info>Window.Property(Day1.Outlook)</info>
						<font>Medium_Large</font>
						<align>center</align>
						<textcolor>Text</textcolor>
					</control>
							
				</control>
							
				<control type="group">
					
					<posx>496</posx>
					<posy>30</posy>
				
					<control type="label">
						<description>day label</description>
						<posx>0</posx>
						<posy>0</posy>
						<width>200</width>
						<info>Window.Property(Day2.Title)</info>
						<font>Heading</font>
						<align>center</align>
						<textcolor>Text</textcolor>
					</control>

					<control type="image">
						<description>day icon</description>
						<posx>110</posx>
						<posy>45</posy>
						<height>90</height>
						<width>90</width>
						<info>Window.Property(Day2.OutlookIcon)</info>
						<aspectratio align="center">keep</aspectratio>
					</control>
					
					<control type="label">
						<description>high label</description>
						<posx>50</posx>
						<posy>55</posy>
						<height>20</height>
						<font>Medium</font>
						<align>right</align>
						<aligny>center</aligny>
						<label>$LOCALIZE[393] :</label>
						<textcolor>TextMediun</textcolor>
						<visible>Weather.IsFetched</visible>
					</control>
					<control type="label" id="32">
						<description>high value</description>
						<posx>60</posx>
						<posy>55</posy>
						<height>20</height>
						<font>Medium</font>
						<align>left</align>
						<aligny>center</aligny>
						<label>$INFO[Window.Property(Day2.HighTemp)]$INFO[System.TemperatureUnits]</label>
						<textcolor>Text</textcolor>
					</control>
					
					<control type="label">
						<description>low label</description>
						<posx>50</posx>
						<posy>100</posy>
						<height>20</height>
						<font>Medium</font>
						<align>right</align>
						<aligny>center</aligny>
						<label>$LOCALIZE[391] :</label>
						<textcolor>TextMediun</textcolor>
						<visible>Weather.IsFetched</visible>
					</control>
					<control type="label" id="32">
						<description>low value</description>
						<posx>60</posx>
						<posy>100</posy>
						<height>20</height>
						<font>Medium</font>
						<align>left</align>
						<aligny>center</aligny>
						<label>$INFO[Window.Property(Day2.LowTemp)]$INFO[System.TemperatureUnits]</label>
						<textcolor>Text</textcolor>
					</control>
					
					<control type="label">
						<description>conditions label</description>
						<posx>0</posx>
						<posy>155</posy>
						<width>200</width>
						<info>Window.Property(Day2.Outlook)</info>
						<font>Medium_Large</font>
						<align>center</align>
						<textcolor>Text</textcolor>
					</control>
							
				</control>
				
				<control type="group">
					
					<posx>729</posx>
					<posy>30</posy>
				
					<control type="label">
						<description>day label</description>
						<posx>0</posx>
						<posy>0</posy>
						<width>200</width>
						<info>Window.Property(Day3.Title)</info>
						<font>Heading</font>
						<align>center</align>
						<textcolor>Text</textcolor>
					</control>

					<control type="image">
						<description>day icon</description>
						<posx>110</posx>
						<posy>45</posy>
						<height>90</height>
						<width>90</width>
						<info>Window.Property(Day3.OutlookIcon)</info>
						<aspectratio align="center">keep</aspectratio>
					</control>
					
					<control type="label">
						<description>high label</description>
						<posx>50</posx>
						<posy>55</posy>
						<height>20</height>
						<font>Medium</font>
						<align>right</align>
						<aligny>center</aligny>
						<label>$LOCALIZE[393] :</label>
						<textcolor>TextMediun</textcolor>
						<visible>Weather.IsFetched</visible>
					</control>
					<control type="label" id="32">
						<description>high value</description>
						<posx>60</posx>
						<posy>55</posy>
						<height>20</height>
						<font>Medium</font>
						<align>left</align>
						<aligny>center</aligny>
						<label>$INFO[Window.Property(Day3.HighTemp)]$INFO[System.TemperatureUnits]</label>
						<textcolor>Text</textcolor>
					</control>
					
					<control type="label">
						<description>low label</description>
						<posx>50</posx>
						<posy>100</posy>
						<height>20</height>
						<font>Medium</font>
						<align>right</align>
						<aligny>center</aligny>
						<label>$LOCALIZE[391] :</label>
						<textcolor>TextMediun</textcolor>
						<visible>Weather.IsFetched</visible>
					</control>
					<control type="label" id="32">
						<description>low value</description>
						<posx>60</posx>
						<posy>100</posy>
						<height>20</height>
						<font>Medium</font>
						<align>left</align>
						<aligny>center</aligny>
						<label>$INFO[Window.Property(Day3.LowTemp)]$INFO[System.TemperatureUnits]</label>
						<textcolor>Text</textcolor>
					</control>
					
					<control type="label">
						<description>conditions label</description>
						<posx>0</posx>
						<posy>145</posy>
						<width>200</width>
						<info>Window.Property(Day3.Outlook)</info>
						<font>Medium_Large</font>
						<align>center</align>
						<textcolor>Text</textcolor>
					</control>
							
				</control>
				
			</control>
			
		</control>

		<!-- Edge Filter -->
		<include>Edge_Filter</include>

		<!-- Clock -->
		<include>Clock</include>
		
		<!-- Now Playing Widget -->
		<include>Now_Playing_Widget</include>

		<!-- Elipsis Button -->
		<control type="group">
			<posx>640</posx>
			<posy>620</posy>
			<include>Dock_Elipsis_With_Reflection</include>
		</control>

	</controls>
</window>