<window id="130">
	<defaultcontrol>5</defaultcontrol>
	<include>Fade_In_WindowOpen</include>
	<include>Fade_Out_WindowClose</include>
	<coordinates>
		<system>1</system>
		<posx>0</posx>
		<posy>0</posy>
	</coordinates>
	<controls>
	
		<control type="image">
			<posx>0</posx>
			<posy>0</posy>
			<width>1280</width>
			<height>720</height>
			<texture>filter_keyboard_shadow.png</texture>
		</control>
		
		<control type="group">
		
			<posx>64</posx>
			<posy>44</posy>
			<width>936</width>
			<height>577</height>
		
			<include>Zoom_In_WindowOpen</include>
			<include>Zoom_Out_WindowClose</include>
		
			<control type="image">
				<posx>0</posx>
				<posy>0</posy>
				<width>1151</width>
				<height>631</height>
				<texture>dialogs\dialog-background-tall.png</texture>
			</control>
			
			<control type="image">
				<posx>543</posx>
				<posy>75</posy>
				<width>64</width>
				<height>64</height>
				<texture>dialogs\profilesettings-dialog-icon.png</texture>
			</control>
						
			<control type="label" id="1">
				<description>heading label</description>
				<posx>0</posx>
				<posy>145</posy>
				<width>1151</width>
				<height>20</height>
				<font>Heading</font>
				<textcolor>Text</textcolor>
				<align>center</align>
				<label>[UPPERCASE]$LOCALIZE[20067][/UPPERCASE]</label>
			</control>

			<control type="group">
				<posx>810</posx>
				<posy>195</posy>
				<width>190</width>
				<height>190</height>
				<control type="image" id="2">
					<posx>0</posx>
					<posy>0</posy>
					<width>190</width>
					<height>190</height>
					<aspectratio align="center" scalediffuse="false">scale</aspectratio>
					<texture diffuse="iconview-diffuse.png">unknown-user.png</texture>
				</control>
				<control type="image">
					<posx>0</posx>
					<posy>0</posy>
					<width>190</width>
					<height>190</height>
					<texture>iconview-overlay.png</texture>
				</control>
				<control type="image">
					<posx>0</posx>
					<posy>190</posy>
					<width>190</width>
					<height>190</height>
					<aspectratio align="center" scalediffuse="false">scale</aspectratio>
					<texture flipy="true" diffuse="iconview-reflect-diffuse.png">$INFO[Control.GetLabel(2)]</texture>
				</control>
				<control type="image">
					<posx>0</posx>
					<posy>190</posy>
					<width>190</width>
					<height>190</height>
					<texture flipy="true" diffuse="iconview-reflect-diffuse.png">iconview-overlay.png</texture>
				</control>
			</control>
			
			<control type="label" id="1000">
				<description>profile name label</description>
				<posx>750</posx>
				<posy>400</posy>
				<width>310</width>
				<font>Extra_Large</font>
				<textcolor>Text</textcolor>
				<align>center</align>
				<scroll>true</scroll>
			</control>
			
			<control type="grouplist" id="5">
				<description>control area</description>
				<posx>100</posx>
				<posy>190</posy>
				<width>620</width>
				<height>276</height>
				<itemgap>0</itemgap>
				<onleft>28</onleft>
				<onright>28</onright>
				<onup>28</onup>
				<ondown>28</ondown>
			</control>

			<control type="button" id="7">
				<posx>0</posx>
				<posy>0</posy>
				<height>46</height>
				<font>Default</font>
				<textcolor>Text</textcolor>
				<textoffsetx>15</textoffsetx>
				<texturefocus border="4,5,6,8">controls\button_f.png</texturefocus>
				<texturenofocus border="4,5,6,8">controls\button_nf.png</texturenofocus>
			</control>
			
			<control type="radiobutton" id="8">
				<posx>0</posx>
				<posy>0</posy>
				<height>46</height>					
				<textcolor>Text</textcolor>
				<textoffsetx>15</textoffsetx>
				<radioposx>589</radioposx>
				<font>Default</font>
				<texturefocus border="4,5,6,8">controls\button_f.png</texturefocus>
				<texturenofocus border="4,5,6,8">controls\button_nf.png</texturenofocus>
				<textureradiofocus>controls\radiobutton_f.png</textureradiofocus>
				<textureradionofocus>controls\radiobutton_nf.png</textureradionofocus>
			</control>
		
			<control type="spincontrolex" id="9">
				<posx>0</posx>
				<posy>0</posy>
				<height>46</height>
				<font>Default</font>
				<texturefocus border="4,5,6,8">controls\button_f.png</texturefocus>
				<texturenofocus border="4,5,6,8">controls\button_nf.png</texturenofocus>
				<textureup>controls\sortup_nf.png</textureup>
				<texturedown>controls\sortdown_nf.png</texturedown>
				<textureupfocus>controls\sortup_f.png</textureupfocus>
				<texturedownfocus>controls\sortdown_f.png</texturedownfocus>
				<textcolor>Text</textcolor>
				<disabledcolor>DisabledText</disabledcolor>
				<textoffsetx>15</textoffsetx>
				<aligny>center</aligny>
				<reverse>yes</reverse>
			</control>
		
			<control type="sliderex" id="10">
				<posx>0</posx>
				<posy>0</posy>
				<height>46</height>
				<texturefocus border="4,5,6,8">controls\button_f.png</texturefocus>
				<texturenofocus border="4,5,6,8">controls\button_nf.png</texturenofocus>
				<sliderwidth>150</sliderwidth>
				<sliderheight>32</sliderheight>
				<texturesliderbar>controls\slider_back.png</texturesliderbar>
				<textureslidernib>controls\slider_nib.png</textureslidernib>
				<textureslidernibfocus>controls\slider_nib_focus.png</textureslidernibfocus>
				<font>Medium</font>
				<textcolor>Text</textcolor>
				<disabledcolor>DisabledText</disabledcolor>
				<aligny>top</aligny>
				<textoffsetx>15</textoffsetx>
				<textoffsety>9</textoffsety>
			</control>

			<control type="button" id="28">
				<description>OK button</description>
				<posx>315</posx>
				<posy>490</posy>
				<width>250</width>
				<height>46</height>
				<align>center</align>
				<texturenofocus border="8">dialogs\button_green_nf.png</texturenofocus>
				<texturefocus border="8">dialogs\button_green_f.png</texturefocus>
				<textcolor>Text</textcolor>
				<disabledcolor>DisabledText</disabledcolor>
				<label>186</label>
				<font>Default</font>
				<onleft>29</onleft>
				<onright>29</onright>
				<onup>5</onup>
				<ondown>5</ondown>
			</control>
			
			<control type="button" id="29">
				<description>Cancel button</description>
				<posx>585</posx>
				<posy>490</posy>
				<width>250</width>
				<height>46</height>
				<align>center</align>
				<texturenofocus border="8">dialogs\button_red_nf.png</texturenofocus>
				<texturefocus border="8">dialogs\button_red_f.png</texturefocus>
				<textcolor>Text</textcolor>
				<disabledcolor>DisabledText</disabledcolor>
				<label>222</label>
				<font>Default</font>
				<onleft>28</onleft>
				<onright>28</onright>
				<onup>5</onup>
				<ondown>5</ondown>
			</control>
	
		</control>

	</controls>
</window>