<window id="7">
	<defaultcontrol>95</defaultcontrol>
	<allowoverlay>no</allowoverlay>
	<controls>
	
		<!-- Backgrounds -->
		<include>Background</include>

		<control type="grouplist" id="9000">
			<description>button area</description>
			<posx>0</posx>
			<posy>135</posy>
			<width>1280</width>
			<height>50</height>
			<itemgap>6</itemgap>
			<onleft>9000</onleft>
			<onright>9000</onright>
			<onup>9000</onup>
			<ondown>9000</ondown>
			<align>center</align>
			<orientation>horizontal</orientation>
			<control type="button" id="95">
				<description>Hidden Tab 1 Control</description>
				<posx>0</posx>
				<posy>0</posy>
				<width>60</width>
				<height>50</height>
				<label>-</label>
				<align>center</align>
				<textcolor>-</textcolor>
				<texturefocus>-</texturefocus>
				<texturenofocus>-</texturenofocus>
				<onfocus>SendClick(95)</onfocus>
			</control>
			<control type="button" id="94">
				<description>Hidden Tab 2 Control</description>
				<posx>0</posx>
				<posy>0</posy>
				<width>60</width>
				<height>50</height>
				<label>-</label>
				<align>center</align>
				<textcolor>-</textcolor>
				<texturefocus>-</texturefocus>
				<texturenofocus>-</texturenofocus>
				<onfocus>SendClick(94)</onfocus>
			</control>
			<control type="button" id="92">
				<description>Hidden Tab 3 Control</description>
				<posx>0</posx>
				<posy>0</posy>
				<width>60</width>
				<height>50</height>
				<label>-</label>
				<align>center</align>
				<textcolor>-</textcolor>
				<texturefocus>-</texturefocus>
				<texturenofocus>-</texturenofocus>
				<onfocus>SendClick(92)</onfocus>
				<visible>System.Platform.Xbox</visible>
			</control>
			<control type="button" id="93">
				<description>Hidden Tab 4 Control</description>
				<posx>0</posx>
				<posy>0</posy>
				<width>60</width>
				<height>50</height>
				<label>-</label>
				<align>center</align>
				<textcolor>-</textcolor>
				<texturefocus>-</texturefocus>
				<texturenofocus>-</texturenofocus>
				<onfocus>SendClick(93)</onfocus>
				<visible>System.Platform.Xbox</visible>
			</control>
			<control type="button" id="96">
				<description>Hidden Tab 5 Control</description>
				<posx>0</posx>
				<posy>0</posy>
				<width>60</width>
				<height>50</height>
				<label>-</label>
				<align>center</align>
				<textcolor>-</textcolor>
				<texturefocus>-</texturefocus>
				<texturenofocus>-</texturenofocus>
				<onfocus>SendClick(96)</onfocus>
			</control>
			<control type="button" id="97">
				<description>Hidden Tab 6 Control</description>
				<posx>0</posx>
				<posy>0</posy>
				<width>60</width>
				<height>50</height>
				<label>-</label>
				<align>center</align>
				<textcolor>-</textcolor>
				<texturefocus>-</texturefocus>
				<texturenofocus>-</texturenofocus>
				<onfocus>SendClick(97)</onfocus>
			</control>
			<control type="button" id="98">
				<description>Hidden Tab 7 Control</description>
				<posx>0</posx>
				<posy>0</posy>
				<width>60</width>
				<height>50</height>
				<label>-</label>
				<align>center</align>
				<textcolor>-</textcolor>
				<texturefocus>-</texturefocus>
				<texturenofocus>-</texturenofocus>
				<onfocus>SendClick(98)</onfocus>
			</control>
		</control>
		
		<control type="group">
		
			<posx>640</posx>
			<posy>135</posy>
		
			<control type="group">				
				<visible>System.Platform.Xbox</visible>
				<control type="image">
					<posx>-228</posx>
					<posy>0</posy>
					<width>60</width>
					<height>50</height>
					<texture>settings\tabs\sysinfo_default_nf.png</texture>
					<visible>!ControlGroup(9000).HasFocus(95)</visible>
				</control>
				<control type="image">
					<posx>-162</posx>
					<posy>0</posy>
					<width>60</width>
					<height>50</height>
					<texture>settings\tabs\sysinfo_storage_nf.png</texture>
					<visible>!ControlGroup(9000).HasFocus(94)</visible>
				</control>
				<control type="image">
					<posx>-96</posx>
					<posy>0</posy>
					<width>60</width>
					<height>50</height>
					<texture>settings\tabs\sysinfo_hdd_nf.png</texture>
					<visible>!ControlGroup(9000).HasFocus(92)</visible>
				</control>
				<control type="image">
					<posx>-30</posx>
					<posy>0</posy>
					<width>60</width>
					<height>50</height>
					<texture>settings\tabs\sysinfo_dvd_nf.png</texture>
					<visible>!ControlGroup(9000).HasFocus(93)</visible>
				</control>
				<control type="image">
					<posx>36</posx>
					<posy>0</posy>
					<width>60</width>
					<height>50</height>
					<texture>settings\tabs\sysinfo_network_nf.png</texture>
					<visible>!ControlGroup(9000).HasFocus(96)</visible>
				</control>
				<control type="image">
					<posx>102</posx>
					<posy>0</posy>
					<width>60</width>
					<height>50</height>
					<texture>settings\tabs\sysinfo_video_nf.png</texture>
					<visible>!ControlGroup(9000).HasFocus(97)</visible>
				</control>
				<control type="image">
					<posx>168</posx>
					<posy>0</posy>
					<width>60</width>
					<height>50</height>
					<texture>settings\tabs\sysinfo_hardware_nf.png</texture>
					<visible>!ControlGroup(9000).HasFocus(98)</visible>
				</control>
				<control type="image">
					<posx>-228</posx>
					<posy>0</posy>
					<width>60</width>
					<height>50</height>
					<texture>settings\tabs\sysinfo_default_fo.png</texture>
					<visible>ControlGroup(9000).HasFocus(95)</visible>
					<animation type="Conditional" condition="!ControlGroup(9001).HasFocus">
						<effect type="zoom" start="-228,0,60,50" end="-230,-2,64,54" time="200" />
					</animation>
				</control>
				<control type="image">
					<posx>-162</posx>
					<posy>0</posy>
					<width>60</width>
					<height>50</height>
					<texture>settings\tabs\sysinfo_storage_fo.png</texture>
					<visible>ControlGroup(9000).HasFocus(94)</visible>
					<animation type="Conditional" condition="!ControlGroup(9001).HasFocus">
						<effect type="zoom" start="-162,0,60,50" end="-164,-2,64,54" time="200" />
					</animation>
				</control>
				<control type="image">
					<posx>-96</posx>
					<posy>0</posy>
					<width>60</width>
					<height>50</height>
					<texture>settings\tabs\sysinfo_hdd_fo.png</texture>
					<visible>ControlGroup(9000).HasFocus(92)</visible>
					<animation type="Conditional" condition="!ControlGroup(9001).HasFocus">
						<effect type="zoom" start="-96,0,60,50" end="-98,-2,64,54" time="200" />
					</animation>
				</control>
				<control type="image">
					<posx>-30</posx>
					<posy>0</posy>
					<width>60</width>
					<height>50</height>
					<texture>settings\tabs\sysinfo_dvd_fo.png</texture>
					<visible>ControlGroup(9000).HasFocus(93)</visible>
					<animation type="Conditional" condition="!ControlGroup(9001).HasFocus">
						<effect type="zoom" start="-30,0,60,50" end="-32,-2,64,54" time="200" />
					</animation>
				</control>
				<control type="image">
					<posx>36</posx>
					<posy>0</posy>
					<width>60</width>
					<height>50</height>
					<texture>settings\tabs\sysinfo_network_fo.png</texture>
					<visible>ControlGroup(9000).HasFocus(96)</visible>
					<animation type="Conditional" condition="!ControlGroup(9001).HasFocus">
						<effect type="zoom" start="36,0,60,50" end="34,-2,64,54" time="200" />
					</animation>
				</control>
				<control type="image">
					<posx>102</posx>
					<posy>0</posy>
					<width>60</width>
					<height>50</height>
					<texture>settings\tabs\sysinfo_video_fo.png</texture>
					<visible>ControlGroup(9000).HasFocus(97)</visible>
					<animation type="Conditional" condition="!ControlGroup(9001).HasFocus">
						<effect type="zoom" start="102,0,60,50" end="100,-2,64,54" time="200" />
					</animation>
				</control>
				<control type="image">
					<posx>168</posx>
					<posy>0</posy>
					<width>60</width>
					<height>50</height>
					<texture>settings\tabs\sysinfo_hardware_fo.png</texture>
					<visible>ControlGroup(9000).HasFocus(98)</visible>
					<animation type="Conditional" condition="!ControlGroup(9001).HasFocus">
						<effect type="zoom" start="168,0,60,50" end="166,-2,64,54" time="200" />
					</animation>
				</control>
			</control>
			
			<control type="group">				
				<visible>!System.Platform.Xbox</visible>
				<control type="image">
					<posx>-162</posx>
					<posy>0</posy>
					<width>60</width>
					<height>50</height>
					<texture>settings\tabs\sysinfo_default_nf.png</texture>
					<visible>!ControlGroup(9000).HasFocus(95)</visible>
				</control>
				<control type="image">
					<posx>-96</posx>
					<posy>0</posy>
					<width>60</width>
					<height>50</height>
					<texture>settings\tabs\sysinfo_storage_nf.png</texture>
					<visible>!ControlGroup(9000).HasFocus(94)</visible>
				</control>
				<control type="image">
					<posx>-30</posx>
					<posy>0</posy>
					<width>60</width>
					<height>50</height>
					<texture>settings\tabs\sysinfo_network_nf.png</texture>
					<visible>!ControlGroup(9000).HasFocus(96)</visible>
				</control>
				<control type="image">
					<posx>36</posx>
					<posy>0</posy>
					<width>60</width>
					<height>50</height>
					<texture>settings\tabs\sysinfo_video_nf.png</texture>
					<visible>!ControlGroup(9000).HasFocus(97)</visible>
				</control>
				<control type="image">
					<posx>102</posx>
					<posy>0</posy>
					<width>60</width>
					<height>50</height>
					<texture>settings\tabs\sysinfo_hardware_nf.png</texture>
					<visible>!ControlGroup(9000).HasFocus(98)</visible>
				</control>
				<control type="image">
					<posx>-162</posx>
					<posy>0</posy>
					<width>60</width>
					<height>50</height>
					<texture>settings\tabs\sysinfo_default_fo.png</texture>
					<visible>ControlGroup(9000).HasFocus(95)</visible>
					<animation type="Conditional" condition="!ControlGroup(9001).HasFocus">
						<effect type="zoom" start="-162,0,60,50" end="-164,-2,64,54" time="200" />
					</animation>
				</control>
				<control type="image">
					<posx>-96</posx>
					<posy>0</posy>
					<width>60</width>
					<height>50</height>
					<texture>settings\tabs\sysinfo_storage_fo.png</texture>
					<visible>ControlGroup(9000).HasFocus(94)</visible>
					<animation type="Conditional" condition="!ControlGroup(9001).HasFocus">
						<effect type="zoom" start="-96,0,60,50" end="-98,-2,64,54" time="200" />
					</animation>
				</control>
				<control type="image">
					<posx>-30</posx>
					<posy>0</posy>
					<width>60</width>
					<height>50</height>
					<texture>settings\tabs\sysinfo_network_fo.png</texture>
					<visible>ControlGroup(9000).HasFocus(96)</visible>
					<animation type="Conditional" condition="!ControlGroup(9001).HasFocus">
						<effect type="zoom" start="-30,0,60,50" end="-32,-2,64,54" time="200" />
					</animation>
				</control>
				<control type="image">
					<posx>36</posx>
					<posy>0</posy>
					<width>60</width>
					<height>50</height>
					<texture>settings\tabs\sysinfo_video_fo.png</texture>
					<visible>ControlGroup(9000).HasFocus(97)</visible>
					<animation type="Conditional" condition="!ControlGroup(9001).HasFocus">
						<effect type="zoom" start="36,0,60,50" end="34,-2,64,54" time="200" />
					</animation>
				</control>
				<control type="image">
					<posx>102</posx>
					<posy>0</posy>
					<width>60</width>
					<height>50</height>
					<texture>settings\tabs\sysinfo_hardware_fo.png</texture>
					<visible>ControlGroup(9000).HasFocus(98)</visible>
					<animation type="Conditional" condition="!ControlGroup(9001).HasFocus">
						<effect type="zoom" start="102,0,60,50" end="100,-2,64,54" time="200" />
					</animation>
				</control>
			</control>
			
		</control>
		
		<control type="group">
			<posx>185</posx>
			<posy>200</posy>
			<control type="label" id="2">
				<description>Label 2</description>
				<posx>0</posx>
				<posy>0</posy>
				<width>910</width>
				<label>-</label>
				<font>Default</font>
			</control>
			<control type="label" id="3">
				<description>Label 3</description>
				<posx>0</posx>
				<posy>30</posy>
				<width>910</width>
				<label>-</label>
				<font>Default</font>
			</control>
			<control type="label" id="4">
				<description>Label 4</description>
				<posx>0</posx>
				<posy>60</posy>
				<width>910</width>
				<label>-</label>
				<font>Default</font>
			</control>
			<control type="label" id="5">
				<description>Label 5</description>
				<posx>0</posx>
				<posy>90</posy>
				<width>910</width>
				<label>-</label>
				<font>Default</font>
			</control>
			<control type="label" id="6">
				<description>Label 6</description>
				<posx>0</posx>
				<posy>120</posy>
				<width>910</width>
				<label>-</label>
				<font>Default</font>
			</control>
			<control type="label" id="7">
				<description>Label 7</description>
				<posx>0</posx>
				<posy>150</posy>
				<width>910</width>
				<label>-</label>
				<font>Default</font>
			</control>
			<control type="label" id="8">
				<description>Label 8</description>
				<posx>0</posx>
				<posy>180</posy>
				<width>910</width>
				<label>-</label>
				<font>Default</font>
			</control>
			<control type="label" id="9">
				<description>Label 9</description>
				<posx>0</posx>
				<posy>210</posy>
				<width>910</width>
				<label>-</label>
				<font>Default</font>
			</control>
			<control type="label" id="10">
				<description>Label 10</description>
				<posx>0</posx>
				<posy>240</posy>
				<width>910</width>
				<label>-</label>
				<font>Default</font>
			</control>
			<control type="label" id="11">
				<description>Label 11</description>
				<posx>0</posx>
				<posy>270</posy>
				<width>910</width>
				<label>-</label>
				<font>Default</font>
			</control>
		</control>
		
		<control type="label" id="52">
			<description>XBMC XBE BUILD Version</description>
			<posx>640</posx>
			<posy>520</posy>
			<label>144</label>
			<textcolor>Text</textcolor>
			<font>Default</font>
			<align>center</align>
		</control>

		<control type="label">
			<description>Current Selection</description>
			<posx>640</posx>
			<posy>560</posy>
			<font>Selected_Item</font>
			<align>center</align>
			<textcolor>TextSelectedItem</textcolor>
			<shadowcolor>TextShadow</shadowcolor>
			<label>$LOCALIZE[50120]</label>
			<visible>!Skin.HasSetting(Disable_Icon_Labels)</visible>
		</control>

		<control type="image">
			<posx>454</posx>
			<posy>479</posy>
			<width>372</width>
			<height>372</height>
			<texture>settings-big-cog.png</texture> 
			<aspectratio>keep</aspectratio>
			<animation type="Conditional" reversible="false" condition="ControlGroup(9000).HasFocus(95)">
				<effect type="rotate" start="0" end="-45" center="auto" time="200" />
			</animation>
			<animation type="Conditional" reversible="false" condition="ControlGroup(9000).HasFocus(94)">
				<effect type="rotate" start="0" end="-45" center="auto" time="200" />
			</animation>
			<animation type="Conditional" reversible="false" condition="ControlGroup(9000).HasFocus(92)">
				<effect type="rotate" start="0" end="-45" center="auto" time="200" />
			</animation>
			<animation type="Conditional" reversible="false" condition="ControlGroup(9000).HasFocus(93)">
				<effect type="rotate" start="0" end="-45" center="auto" time="200" />
			</animation>
			<animation type="Conditional" reversible="false" condition="ControlGroup(9000).HasFocus(96)">
				<effect type="rotate" start="0" end="-45" center="auto" time="200" />
			</animation>
			<animation type="Conditional" reversible="false" condition="ControlGroup(9000).HasFocus(97)">
				<effect type="rotate" start="0" end="-45" center="auto" time="200" />
			</animation>
			<animation type="Conditional" reversible="false" condition="ControlGroup(9000).HasFocus(98)">
				<effect type="rotate" start="0" end="-45" center="auto" time="200" />
			</animation>
		</control>
				
		<!-- Elipsis Visor -->
		<include>Visor_Filter</include>

		<!-- Edge Filter -->
		<include>Edge_Filter</include>

		<!-- Clock -->
		<include>Clock</include>

		<!-- Now Playing Widget -->
		<include>Now_Playing_Widget</include>

		<!-- Elipsis Button -->
		<control type="group">
			<posx>640</posx>
			<posy>620</posy>
			<include>Dock_Elipsis_With_Reflection</include>
		</control>

	</controls>
</window>
	
	
	
	
	
	
	
	
	
	
	



