<window>
	<defaultcontrol always="true">10</defaultcontrol>
	<allowoverlay>no</allowoverlay>
	<controls>
	
		<control type="group">
		
			<visible>!Skin.HasSetting(Disable_Intro)</visible>
	
			<control type="multiimage">
				<posx>0</posx>
				<posy>0</posy>
				<width>1280</width>
				<height>720</height>
				<imagepath>cerberus</imagepath>
				<timeperimage>10</timeperimage>
				<fadetime>0</fadetime>
				<loop>yes</loop>
				<randomize>false</randomize>
				<include>Fade_In_WindowOpen</include>
				<include>Fade_Out_WindowClose</include>
			</control>
			
			<control type="group">
				<animation effect="fade" start="0" end="0" time="250" reversible="false">WindowClose</animation>	
				<control type="image">
					<posx>185</posx>
					<posy>460</posy>
					<width>392</width>
					<height>175</height>
					<texture>intro\intro_tbblogo.png</texture>
					<animation type="WindowOpen" reversible="false">
						<effect type="fade" start="0" end="100" time="1000" />
						<effect type="fade" start="100" end="0" time="5000" delay="2000" />
					</animation>
				</control>
				<control type="image">
					<posx>565</posx>
					<posy>525</posy>
					<width>225</width>
					<height>61</height>
					<texture>intro\intro_presents.png</texture>
					<animation type="WindowOpen" reversible="false">
						<effect type="fade" start="0" end="100" time="1000" delay="3000" />
						<effect type="fade" start="100" end="0" time="5000" delay="5000" />
					</animation>
				</control>
				<control type="image">
					<posx>800</posx>
					<posy>490</posy>
					<width>337</width>
					<height>120</height>
					<texture>intro\intro_skinlogo.png</texture>
					<animation type="WindowOpen" reversible="false">
						<effect type="fade" start="0" end="100" time="1000" delay="6000" />
						<effect type="fade" start="100" end="0" time="6000" delay="6000" />
					</animation>	
				</control>
			</control>

			<control type="label">
				<description>Skip Into</description>
				<posx>50</posx>
				<posy>660</posy>
				<width>290</width>
				<height>20</height>
				<align>left</align>
				<font>Default</font>
				<label>$LOCALIZE[50122]</label>
				<textcolor>ff333333</textcolor>
				<animation type="Conditional" condition="true" reversible="false" pulse="true">
					<effect type="fade" start="100" end="50" time="1000" />
				</animation>
				<animation effect="fade" start="100" end="0" time="250" reversible="false">WindowClose</animation>	
			</control>

			<control type="button" id="10">
				<description>trigger</description>
				<onfocus>ReplaceWindow(Home)</onfocus>
				<onclick>ReplaceWindow(Home)</onclick>
				<texturenofocus>-</texturenofocus>
				<texturefocus>-</texturefocus>
				<animation effect="fade" start="0" end="0" time="12000">Focus</animation>
			</control>
			
		</control>

		<control type="button" id="10">
			<description>trigger</description>
			<onfocus>ReplaceWindow(Home)</onfocus>
			<onclick>ReplaceWindow(Home)</onclick>
			<texturenofocus>-</texturenofocus>
			<texturefocus>-</texturefocus>
			<visible>Skin.HasSetting(Disable_Intro)</visible>
		</control>
		
	</controls>
</window>