<window id="123">
	<defaultcontrol always="true">5</defaultcontrol>
	<include>Fade_In_WindowOpen</include>
	<include>Fade_Out_WindowClose</include>
	<coordinates>
		<system>2</system>
		<posx>0</posx>
		<posy>0</posy>
	</coordinates>
	<controls>
	
		<control type="group">
	
			<animation effect="fade" start="100" end="0" time="200" condition="Window.IsVisible(SliderDialog)">conditional</animation>
			<include>Zoom_In_WindowOpen</include>
			<include>Zoom_Out_WindowClose</include>
	
			<control type="group">
					
				<posx>271</posx>
				<posy>119</posy>
			
				<control type="image">
					<description>background image</description>
					<posx>0</posx>
					<posy>0</posy>
					<width>738</width>
					<height>505</height>
					<texture>dialogs\video-osd-dialogbackground.png</texture>
				</control>
				<control type="image">
					<posx>324</posx>
					<posy>5</posy>
					<width>90</width>
					<height>90</height>
					<texture>menu\osd\osd-video-icon.png</texture>
					<visible>Window.IsActive(osdvideosettings)</visible>	
				</control>
				<control type="image">
					<posx>324</posx>
					<posy>5</posy>
					<width>90</width>
					<height>90</height>
					<texture>menu\osd\osd-audio-icon.png</texture>
					<visible>Window.IsActive(osdaudiosettings)</visible>	
				</control>
					
				<control type="grouplist" id="5">
					<description>control area</description>
					<posx>46</posx>
					<posy>90</posy>
					<width>646</width>
					<height>352</height>
					<itemgap>0</itemgap>
					<pagecontrol>-</pagecontrol>
					<onleft>5</onleft>
					<onright>5</onright>
					<onup>5</onup>
					<ondown>5</ondown>
				</control>
				
				<control type="button" id="7">
					<description>Default Button</description>
					<posx>0</posx>
					<posy>0</posy>
					<height>44</height>
					<font>Medium</font>
					<textcolor>Text</textcolor>
					<textoffsetx>15</textoffsetx>
					<texturefocus border="4,5,6,8">controls\button_f.png</texturefocus>
					<texturenofocus border="4,5,6,8">controls\button_nf.png</texturenofocus>
				</control>
				<control type="radiobutton" id="8">
					<posx>0</posx>
					<posy>0</posy>
					<height>44</height>
					<font>Medium</font>
					<textcolor>Text</textcolor>
					<textoffsetx>15</textoffsetx>
					<radioposx>615</radioposx>
					<texturefocus border="4,5,6,8">controls\button_f.png</texturefocus>
					<texturenofocus border="4,5,6,8">controls\button_nf.png</texturenofocus>
					<textureradiofocus>controls\radiobutton_f.png</textureradiofocus>
					<textureradionofocus>controls\radiobutton_nf.png</textureradionofocus>
				</control>
				<control type="spincontrolex" id="9">
					<description>Default SpinControlex</description>
					<posx>0</posx>
					<posy>0</posy>
					<height>44</height>
					<font>Medium</font>
					<texturefocus border="4,5,6,8">controls\button_f.png</texturefocus>
					<texturenofocus border="4,5,6,8">controls\button_nf.png</texturenofocus>
					<textureup>controls\sortup_nf.png</textureup>
					<texturedown>controls\sortdown_nf.png</texturedown>
					<textureupfocus>controls\sortup_f.png</textureupfocus>
					<texturedownfocus>controls\sortdown_f.png</texturedownfocus>
					<textcolor>Text</textcolor>
					<disabledcolor>DisabledText</disabledcolor>
					<textoffsetx>15</textoffsetx>
					<aligny>center</aligny>
					<reverse>yes</reverse>
				</control>
				<control type="sliderex" id="10">
					<description>Default Slider</description>
					<posx>0</posx>
					<height>44</height>
					<texturefocus border="4,5,6,8">controls\button_f.png</texturefocus>
					<texturenofocus border="4,5,6,8">controls\button_nf.png</texturenofocus>
					<sliderwidth>150</sliderwidth>
					<sliderheight>32</sliderheight>
					<texturesliderbar>controls\slider_back.png</texturesliderbar>
					<textureslidernib>controls\slider_nib.png</textureslidernib>
					<textureslidernibfocus>controls\slider_nib_focus.png</textureslidernibfocus>
					<font>Medium</font>
					<textcolor>Text</textcolor>
					<disabledcolor>DisabledText</disabledcolor>
					<aligny>top</aligny>
					<textoffsetx>15</textoffsetx>
					<textoffsety>9</textoffsety>
				</control>
				
			</control>

		</control>
			
	</controls>
</window>