<window id="2901">
	<defaultcontrol always="true">9500</defaultcontrol>
	<coordinates>
		<system>1</system>
		<posx>0</posx>
		<posy>0</posy>
	</coordinates>
	<controls>
		<control type="group">
			<animation effect="fade" start="100" end="0" time="300" condition="Window.IsVisible(SliderDialog)">conditional</animation>
			<animation effect="fade" time="600">WindowOpen</animation>
			<animation effect="fade" time="600">WindowClose</animation>
			<include>Dock_VideoOSD</include>
		</control>
	</controls>
</window>