<window id="125">
	<include>Fade_In_WindowOpen</include>
	<include>Fade_Out_WindowClose</include>
	<defaultcontrol>2</defaultcontrol>
	<coordinates>
		<system>1</system>
		<posx>0</posx>
		<posy>0</posy>
	</coordinates>
	<controls>

		<control type="image">
			<posx>0</posx>
			<posy>0</posy>
			<width>1280</width>
			<height>720</height>
			<texture>filter_keyboard_shadow.png</texture>
		</control>
		
		<control type="group">
			
			<include>Zoom_In_WindowOpen</include>
			<include>Zoom_Out_WindowClose</include>
		
			<control type="image">
				<description>background image</description>
				<posx>271</posx>
				<posy>107</posy>
				<width>738</width>
				<height>505</height>
				<texture>dialogs\video-osd-dialogbackground.png</texture>
			</control>
			
			<control type="group">
			
				<posx>271</posx>
				<posy>107</posy>
				
				<control type="label">
					<description>heading label</description>
					<posx>0</posx>
					<posy>30</posy>
					<width>738</width>
					<align>center</align>
					<font>Heading</font>
					<label>[UPPERCASE]$LOCALIZE[298][/UPPERCASE]$INFO[Container(11).NumItems, - , ITEMS]</label>
					<textcolor>Text</textcolor>
				</control>	
				
				<control type="image">
					<posx>30</posx>
					<posy>186</posy>
					<width>64</width>
					<height>64</height>
					<texture>menu\nav\nav_arrow_left_NF.png</texture>
					<animation effect="fade" time="600">Visible</animation>
					<visible>!Container(11).OnPrevious</visible>
				</control>
				<control type="image">
					<posx>30</posx>
					<posy>186</posy>
					<width>64</width>
					<height>64</height>
					<texture>menu\nav\nav_arrow_left_FO.png</texture>
					<animation type="Hidden">
						<effect type="slide" start="-10" end="0" center="auto" time="300" reversible="false" />
						<effect type="fade" start="100" end="0" time="300" reversible="false" />
					</animation>
					<visible>Container(11).OnPrevious</visible>
				</control>
				<control type="image">
					<posx>644</posx>
					<posy>186</posy>
					<width>64</width>
					<height>64</height>
					<texture>menu\nav\nav_arrow_right_NF.png</texture>
					<animation effect="fade" time="600">Visible</animation>
					<visible>!Container(11).OnNext</visible>
				</control>
				<control type="image">
					<posx>644</posx>
					<posy>186</posy>
					<width>64</width>
					<height>64</height>
					<texture>menu\nav\nav_arrow_right_FO.png</texture>
					<animation type="Hidden">
						<effect type="slide" start="10" end="0" center="auto" time="300" reversible="false" />
						<effect type="fade" start="100" end="0" time="300" reversible="false" />
					</animation>
					<visible>Container(11).OnNext</visible>
				</control>

				<control type="panel" id="11">
					<posx>106</posx>
					<posy>70</posy>
					<width>526</width>
					<height>306</height>
					<onleft>11</onleft>
					<onright>11</onright>
					<ondown>200</ondown>
					<onup>200</onup>
					<scrolltime>200</scrolltime>
					<viewtype label="536">icon</viewtype>
					<pagecontrol>-</pagecontrol>
					<orientation>horizontal</orientation>
					<itemlayout width="286" height="153">
						<control type="image">
							<posx>0</posx>
							<posy>0</posy>
							<width>238</width>
							<height>143</height>
							<texture border="4,5,6,8">controls\button_nf.png</texture>
						</control>
						<control type="image">
							<posx>17</posx>
							<posy>7</posy>
							<width>204</width>
							<height>112</height>
							<info>ListItem.Icon</info>
						</control>
						<control type="label">
							<posx>119</posx>
							<posy>113</posy>
							<width>238</width>
							<height>20</height>
							<font>Medium</font>
							<align>center</align>
							<info>ListItem.Label</info>
						</control>
					</itemlayout>
					<focusedlayout width="286" height="153">
						<control type="image">
							<posx>0</posx>
							<posy>0</posy>
							<width>238</width>
							<height>143</height>
							<texture border="4,5,6,8">controls\button_f.png</texture>
						</control>
						<control type="image">
							<posx>17</posx>
							<posy>7</posy>
							<width>204</width>
							<height>112</height>
							<info>ListItem.Icon</info>
						</control>
						<control type="label">
							<posx>119</posx>
							<posy>113</posy>
							<width>238</width>
							<height>20</height>
							<font>Medium</font>
							<align>center</align>
							<info>ListItem.Label</info>
						</control>
					</focusedlayout>
				</control>
			
				<control type="grouplist" id="200">
					<posx>0</posx>
					<posy>395</posy>
					<width>738</width>
					<height>46</height>
					<onleft>200</onleft>
					<onright>200</onright>
					<onup>11</onup>
					<ondown>11</ondown>
					<itemgap>10</itemgap>
					<align>center</align>
					<orientation>horizontal</orientation>					
					<control type="button" id="2">
						<description>Create Bookmark button</description>
						<width>220</width>
						<height>46</height>
						<label>294</label>
						<font>Medium_Large</font>
						<align>center</align>
						<onleft>4</onleft>
						<onright>3</onright>
						<ondown>11</ondown>
						<onup>11</onup>
					</control>
					<control type="button" id="3">
						<description>Clear Bookmark button</description>
						<width>220</width>
						<height>46</height>
						<label>296</label>
						<font>Medium_Large</font>
						<align>center</align>
						<onleft>2</onleft>
						<onright>4</onright>
						<ondown>11</ondown>
						<onup>11</onup>
					</control>
					<control type="button" id="4">
						<description>Episode Bookmark button</description>
						<width>220</width>
						<height>46</height>
						<label>20406</label>
						<font>Medium_Large</font>
						<align>center</align>
						<onleft>3</onleft>
						<onright>2</onright>
						<ondown>11</ondown>
						<onup>11</onup>
						<visible>videoplayer.content(episodes)</visible>
					</control>
				</control>
			
			</control>
			
		</control>
	
	</controls>
	
</window>