<window id="122">
	<include>Fade_In_WindowOpen</include>
	<include>Fade_Out_WindowClose</include>
	<defaultcontrol>2</defaultcontrol>
	<coordinates>
		<system>1</system>
		<posx>0</posx>
		<posy>0</posy>
	</coordinates>
	<controls>

		<control type="image">
			<posx>0</posx>
			<posy>0</posy>
			<width>1280</width>
			<height>720</height>
			<texture>filter_keyboard_shadow.png</texture>
		</control>
		
		<control type="group">
			
			<include>Zoom_In_WindowOpen</include>
			<include>Zoom_Out_WindowClose</include>
		
			<control type="image">
				<description>background image</description>
				<posx>271</posx>
				<posy>107</posy>
				<width>738</width>
				<height>505</height>
				<texture>dialogs\video-osd-dialogbackground.png</texture>
			</control>
			
			<control type="group">
			
				<posx>335</posx>
				<posy>151</posy>
				<width>610</width>
				<height>378</height>
			
				<control type="image">
					<description>dialog icon</description>
					<posx>260</posx>
					<posy>5</posy>
					<width>90</width>
					<height>90</height>
					<texture>menu\osd\osd-vis-presets.png</texture>
				</control>
				
				<control type="label" id="3">
					<description>heading label</description>
					<posx>0</posx>
					<posy>100</posy>
					<width>610</width>
					<align>center</align>
					<font>Heading</font>
					<label>-</label>
					<textcolor>Text</textcolor>
				</control>		
								
				<control type="label" id="4">
					<description>No Presets at all label</description>
					<posx>15</posx>
					<posy>160</posy>
					<width>580</width>
					<height>184</height>
					<label>13389</label>
					<align>center</align>
					<aligny>center</aligny>
					<font>Medium</font>
					<textcolor>Text</textcolor>
				</control>
				
				<control type="list" id="2">
					<posx>15</posx>
					<posy>160</posy>
					<width>580</width>
					<height>230</height>
					<onleft>2</onleft>
					<onright>2</onright>
					<onup>2</onup>
					<ondown>2</ondown>
					<pagecontrol>-</pagecontrol>
					<scrolltime>200</scrolltime>
					<itemlayout height="46">
						<control type="image">
							<posx>0</posx>
							<posy>0</posy>
							<width>580</width>
							<height>46</height>
							<colordiffuse>FFFFFFFF</colordiffuse>
							<texture border="8">controls\button_nf.png</texture>
						</control>
						<control type="label">
							<posx>10</posx>
							<posy>4</posy>
							<width>560</width>
							<height>35</height>
							<font>Medium</font>
							<aligny>center</aligny>
							<selectedcolor>Highlight</selectedcolor>
							<textcolor>Text</textcolor>
							<align>left</align>
							<info>ListItem.Label</info>
						</control>
					</itemlayout>
					<focusedlayout height="46">
						<control type="image">
							<posx>0</posx>
							<posy>0</posy>
							<width>580</width>
							<height>46</height>
							<colordiffuse>FFFFFFFF</colordiffuse>
							<visible>!Control.HasFocus(2)</visible>
							<texture border="8">controls\button_nf.png</texture>
						</control>
						<control type="image">
							<posx>0</posx>
							<posy>0</posy>
							<width>580</width>
							<height>46</height>
							<colordiffuse>FFFFFFFF</colordiffuse>
							<visible>Control.HasFocus(2)</visible>
							<texture border="8">controls\button_f.png</texture>
						</control>
						<control type="label">
							<posx>10</posx>
							<posy>4</posy>
							<width>560</width>
							<height>35</height>
							<font>Medium</font>
							<aligny>center</aligny>
							<selectedcolor>Highlight</selectedcolor>
							<textcolor>Text</textcolor>
							<align>left</align>
							<info>ListItem.Label</info>
						</control>
					</focusedlayout>
				</control>
			
			</control>
		
		</control>
	
	</controls>
	
</window>