<fonts>
	<fontset id="Default" unicode="true">
		<font>
			<name>font13</name>
			<filename>TCM.ttf</filename>
			<size>32</size>
		</font>
		<font>
			<name>font14</name>
			<filename>TCM.ttf</filename>
			<size>33</size>
			<style>bold</style>
		</font>
		<font>
			<name>font14_NoBold</name>
			<filename>TCM.ttf</filename>
			<size>33</size>
		</font>
		<font>
			<name>font16</name>
			<filename>TCM.ttf</filename>
			<size>36</size>
			<bold>true</bold>
		</font>
		<font>
			<name>font18</name>
			<filename>TCM.ttf</filename>
			<size>38</size>
		</font>
		<font>
			<name>font20</name>
			<filename>TCM.ttf</filename>
			<size>42</size>
		</font>
		<font>
			<name>font22</name>
			<filename>TCM.ttf</filename>
			<size>44</size>
		</font>
	</fontset>
	<fontset id="Default_Big" unicode="true">
		<font>
			<name>font13</name>
			<filename>TCM.ttf</filename>
			<size>34</size>
		</font>
		<font>
			<name>font14</name>
			<filename>TCM.ttf</filename>
			<size>35</size>
			<style>bold</style>
		</font>
		<font>
			<name>font14_NoBold</name>
			<filename>TCM.ttf</filename>
			<size>35</size>
		</font>
		<font>
			<name>font16</name>
			<filename>TCM.ttf</filename>
			<size>38</size>
			<bold>true</bold>
		</font>
		<font>
			<name>font18</name>
			<filename>TCM.ttf</filename>
			<size>40</size>
		</font>
		<font>
			<name>font20</name>
			<filename>TCM.ttf</filename>
			<size>44</size>
		</font>
		<font>
			<name>font22</name>
			<filename>TCM.ttf</filename>
			<size>46</size>
		</font>
	</fontset>
	<fontset id="Arial" unicode="true">
		<font>
			<name>font13</name>
			<filename>Arial.ttf</filename>
			<size>32</size>
		</font>
		<font>
			<name>font14</name>
			<filename>Arial.ttf</filename>
			<size>33</size>
			<style>bold</style>
		</font>
		<font>
			<name>font14_NoBold</name>
			<filename>Arial.ttf</filename>
			<size>33</size>
		</font>
		<font>
			<name>font16</name>
			<filename>Arial.ttf</filename>
			<size>36</size>
			<bold>true</bold>
		</font>
		<font>
			<name>font18</name>
			<filename>Arial.ttf</filename>
			<size>38</size>
		</font>
		<font>
			<name>font20</name>
			<filename>Arial.ttf</filename>
			<size>42</size>
		</font>
		<font>
			<name>font22</name>
			<filename>Arial.ttf</filename>
			<size>44</size>
		</font>
	</fontset>
</fonts>