<skin>
  <defaultresolution>720p</defaultresolution>
  <defaultresolutionwide>720p</defaultresolutionwide>
  <version>2.11</version>
  <skinversion>v1.60</skinversion>
  <zoom>1</zoom>
  <effectslowdown>0.8</effectslowdown>

  <credits>
    <skinname>MediaStream</skinname>
    <name>Project Managers [Mike Beecham, grrowl]; Designers [Mike Beecham, JustMeD]; Coders [skunkm0nkee, manturafs, Wir3d, timdog82001, Jmarshall]; Python [Blittan]; and Testers [Aenima99x]</name>
    <name>Team Razorfish would also like to thank the following people for their support and input .. [Emilio, SyphOn, Mntz, EsOsO, Broads, Reginald]"</name>
    <name>the XBMC team for making this all possible and giving us the engine to make this skin</name>
    <name>the xbmc.org and xbox-scene forums for the support, help, and insight</name>
    <name>...and everybody else who recognize the power of xbmc and like this skin</name>
  </credits>
</skin>