<window>
	<id>59</id>
	<allowoverlay>no</allowoverlay>
	<defaultcontrol>50</defaultcontrol>
	<controls>

	<control>
		<description>Icon Holder</description>
		<type>image</type>
		<posx>44</posx>
		<posy>323</posy>
		<width>127</width>
		<height>185</height>
		<texture>keyboard-numeric-bg.png</texture>
	</control>

	
	<control>
		<description>Description label</description>
		<label>GameSave Manager</label>
		<include>description</include>
	</control>

	</controls>
</window>