<window id="10140">
	<defaultcontrol>2</defaultcontrol>
	<allowoverlay>no</allowoverlay>
	<include>dialogeffect</include>
	
	<controls>
		


		<control type="image">
		<description>background</description>
		<posx>0</posx>
		<posy>0</posy>
		<width>720</width>
		<height>576</height>
		<texture>black.png</texture>
		<aspectratio>stretch</aspectratio>
		<animation effect="fade" time="2000">WindowOpen</animation>
		<animation effect="fade" time="200">WindowClose</animation>
	</control>
	


<control type="image">
		<description>backgorund</description>
		<posx>0</posx>
		<posy>0</posy>
		<width>720</width>
		<height>576</height>
		<texture>BlackGloss.png</texture>
		<aspectratio>stretch</aspectratio>
		<animation effect="slide" time="600" start="650,0" end="0,0" acceleration="-1">WindowOpen</animation>
		<animation effect="slide" time="600" start="0,0" end="730,0" acceleration="-1">WindowClose</animation>
	</control>

		
	<control type="group">
	<animation effect="slide" time="600" start="650,0" end="0,0" acceleration="-1">WindowOpen</animation>
	<animation effect="slide" time="600" start="0,0" end="730,0" acceleration="-1">WindowClose</animation>
     <posy>50</posy>
		<control type="label" id="20">
			<description>dialog Heading</description>
			<posx>75</posx>
			<posy>83</posy>
			<label></label>
			<font>special13</font>
			<textcolor>white</textcolor>
		</control>

		<control type="grouplist" id="2">
            
			<description>control area</description>
			<posx>75</posx>
			<posy>120</posy>
			<width>580</width>
			<height>300</height>
			<itemgap>0</itemgap>
			<pagecontrol>-</pagecontrol>
			<onleft>9000</onleft>
			<onright>9000</onright>
			<onup>9000</onup>
			<ondown>11</ondown>
		</control>

		<control type="button" id="3">
			<description>Default Button</description>
			<posx>530</posx>
			<posy>150</posy>
			<font>font13</font>
			<textcolor>white</textcolor>
			<textoffsetx>7</textoffsetx>
			<texturefocus>input-focus.png</texturefocus>
			<texturenofocus>-</texturenofocus>
		</control>

		<control type="radiobutton" id="4">
			<description>Default RadioButton</description>
			<posx>530</posx>
			<posy>150</posy>
			<font>font13</font>
			<textcolor>white</textcolor>
			<texturefocus>input-focus.png</texturefocus>
			<texturenofocus>-</texturenofocus>
			<textoffsetx>7</textoffsetx>
			<textureradiofocus>settings-check-box.png</textureradiofocus>
			<textureradionofocus> settings-check-boxNF.png</textureradionofocus>
		</control>

		<control type="spincontrolex" id="5">
			<description>Default SpinControlex</description>
			<posx>530</posx>
			<posy>150</posy>
			<width>300</width>
			<texturefocus>input-focus.png</texturefocus>
			<texturenofocus>-</texturenofocus>
			<textureup>scroll-up.png</textureup>
			<texturedown>scroll-down.png</texturedown>
			<textureupfocus>scroll-up-focus.png</textureupfocus>
			<texturedownfocus>scroll-down-focus.png</texturedownfocus>
			<font>font13</font>
			<textcolor>white</textcolor>
			<disabledcolor>disabled</disabledcolor>
			<textoffsetx>7</textoffsetx>
			<aligny>center</aligny>
			<reverse>yes</reverse>
		</control>

		<control type="image" id="6">
			<description>separator image</description>
			<width>350</width>
			<height>5</height>
			<texture>separator.png</texture>
		</control>	
		</control>
		
		
		<control type="group">
	<animation effect="slide" time="600" start="650,0" end="0,0" acceleration="-1">WindowOpen</animation>
	<animation effect="slide" time="600" start="0,0" end="730,0" acceleration="-1">WindowClose</animation>

		<control type="group" id="9000">
			
			<control type="button" id="10">
            <description>ok</description>
            <posx>560</posx>
			<posy>430</posy>
			<width>90</width>
            <height>32</height>
            <align>center</align>
             <label>186</label>
             <texturenofocus>keyboard-btn-backspace.png</texturenofocus>
				<texturefocus>keyboard-btn-backspace-focus.png</texturefocus>
				<onleft>11</onleft>
				<onright>12</onright>
                 <onup>2</onup>
                 <ondown>2</ondown>
				 </control>
			
			
			<control type="button" id="11">
				<description>cancel</description>
				<posx>460</posx>
				<posy>430</posy>
				<width>90</width>
				<height>32</height>
				<align>center</align>
				<label>222</label>
				<texturenofocus>keyboard-btn-backspace.png</texturenofocus>
				<texturefocus>keyboard-btn-backspace-focus.png</texturefocus>
				<onleft>12</onleft>
				<onright>10</onright>
				<onup>2</onup>
				<ondown>2</ondown>
			</control>
		
            <control type="button" id="12">
				<description>default</description>
				<posx>360</posx>
				<posy>430</posy>
				<width>90</width>
				<height>32</height>
				<align>center</align>
				<label>409</label>
				<texturenofocus>keyboard-btn-backspace.png</texturenofocus>
				<texturefocus>keyboard-btn-backspace-focus.png</texturefocus>
				<onleft>10</onleft>
				<onright>11</onright>
				<onup>2</onup>
				<ondown>2</ondown>
			</control>
		

		</control>
          </control>
		
		
	</controls>
</window>