<window id="139">
	<defaultcontrol>5</defaultcontrol>
	<coordinates>
		<system>1</system>
		<posx>125</posx>
		<posy>75.5</posy>
	</coordinates>
	<include>dialogeffect</include>
	<controls>
		
		
		<control type="image" id="0">
			<description>background image</description>
			<posx>0</posx>
			<posy>0</posy>
			<width>470</width>
			<height>425</height>
			<texture diffuse="mask menu.png">background2.png</texture>
			<colordiffuse>ccffffff</colordiffuse>
			<animation effect="fade" start="70" end="70" time="0" condition="Window.IsVisible(slideshow)">Conditional</animation>
		</control>

		<control type="label" id="1">
			<description>heading label</description>
			<posx>-125</posx>
			<posy>10</posy>
			<width>720</width>
			<align>center</align>
			<font>Heading-M</font>
			<label>$LOCALIZE[13406]</label>
            <textcolor>white</textcolor>
		</control>

		<control type="list" id="5">
			<posx>9</posx>
			<posy>60</posy>
			<width>453</width>
			<height>341</height>
			<onleft>90</onleft>
			<onright>90</onright>
			<onup>5</onup>
			<ondown>5</ondown>
			<pagecontrol>90</pagecontrol>
			<scrolltime>200</scrolltime>
			<itemlayout height="31">
				
				<control type="label">
					<posx>5</posx>
					<posy>0</posy>
					<width>443</width>
					<height>29</height>
					<font>font13</font>
					<aligny>center</aligny>
					<align>left</align>
					<info>ListItem.Label</info>
				</control>
				<control type="label">
					<posx>205</posx>
					<posy>0</posy>
					<width>243</width>
					<height>29</height>
					<font>font13</font>
					<aligny>center</aligny>
					<align>left</align>
					<info>ListItem.Label2</info>
				</control>
			</itemlayout>
			<focusedlayout height="31">
				<control type="image">
					<posx>0</posx>
					<posy>0</posy>
					<width>453</width>
					<height>29</height>
					<texture>input-nofocus.png</texture>
					<visible>!Control.hasfocus(5)</visible>
				</control>
				<control type="image">
					<posx>0</posx>
					<posy>0</posy>
					<width>453</width>
					<height>29</height>
					<texture>input-focus.png</texture>
					<visible>Control.hasfocus(5)</visible>
				</control>
				<control type="label">
					<posx>5</posx>
					<posy>0</posy>
					<width>443</width>
					<height>29</height>
					<font>font13</font>
					<aligny>center</aligny>
					<align>left</align>
					<info>ListItem.Label</info>
				</control>
				<control type="label">
					<posx>205</posx>
					<posy>0</posy>
					<width>243</width>
					<height>29</height>
					<font>font13</font>
					<aligny>center</aligny>
					<align>left</align>
					<info>ListItem.Label2</info>
				</control>
			</focusedlayout>
		</control>
		
		
	</controls>
</window>