<window id="2003">
	<defaultcontrol>450</defaultcontrol>
	
	<allowoverlay>no</allowoverlay>
	<include>dialog-effect</include> 
	<controls>



	<control type="image">
		<description>Black Panel</description>
		<posx>0</posx>
		<posy>200</posy>
		<width>720</width>
		<height>230</height>
		<texture>nothing.png</texture>
		
		</control>



<control type="image">
		<posx>-720</posx>
		<posy>190</posy>
		<width>720</width>
		<height>230</height>
		<texture>sub-background2.png</texture>
	<animation effect="slide" end="720,0" delay="50" time="400">WindowOpen</animation>
	</control>


	<control type="wraplist" id="450">
		<viewtype label="535">list</viewtype>
		<posx>1440</posx>
		<posy>235</posy>
<animation effect="slide" end="-1440,0" delay="50" time="400">WindowOpen</animation>
		<width>720</width>
		<height>205</height>
		<scrolltime>250</scrolltime>
		<focusposition>4</focusposition>
		<orientation>horizontal</orientation>
		
		<onleft>450</onleft>
		<onright>450</onright>
		<onup>450</onup>
		<ondown>450</ondown>

        	
		<itemlayout height="60" width="70">
			<control type="image">
				<posx>12</posx>
				<posy>50</posy>
				<width>45</width>
				<height>45</height>
				<texture>button-cd-nofocus.png</texture>
			</control>
			
		</itemlayout>
		<focusedlayout height="160" width="160">
			<control type="image">
				<posx>25</posx>
				<posy>0</posy>
				<width>120</width>
				<height>120</height>
				<texture>button-cd-focus.png</texture>
			</control>
			
			<control type="label">
				<posx>85</posx>
				<posy>110</posy>
				<width>400</width>
				<height>22</height>
				<font>special14</font>
				<include>selectedcolor</include>
				<align>center</align>
				<info>ListItem.Label</info>
			</control>
		</focusedlayout>
	</control>
	
	

	</controls>
</window>