<window>
	<id>107</id>
	<defaultcontrol>402</defaultcontrol>
	<animation effect="fade" time="400">WindowOpen</animation>
	<animation effect="fade" time="400">WindowClose</animation>
	<coordinates>
	<system>1</system>
	<posx>30</posx>
	<posy>10</posy>
	</coordinates>
	
	<controls>

	<control>
		<description>Popup Seek Dialog Background</description>
		<type>image</type>
		<id>23</id>
		<posx>130</posx>
		<posy>0</posy>
		<width>400</width>
		<height>88</height>
		<texture border="17,13,9,19">keyboard-panel.png</texture>
		</control>

	
	<control type="label" id="401">
			<description>Caption Label</description>
			<posx>150</posx>
			<posy>13</posy>
			<font>font12</font>
			<align>left</align>
			<width>370</width>
			<height>20</height>
		</control>


	<control type="label" id="402">
			<description>Current Directory Label</description>
			<posx>150</posx>
			<posy>33</posy>
			<width>370</width>
			<haspath>yes</haspath>
			<font>font10</font>
		</control>


<control type="image" id="1">
			<description>Popup Music Scan Dialog Background</description>
			<posx>130</posx>
			<posy>0</posy>
			<width>400</width>
			<height>88</height>
			<texture border="17,13,9,19">glass panel2.png</texture>
		</control>

	
	</controls>
</window>

