<window id="135">
	<defaultcontrol>10</defaultcontrol>
	<allowoverlay>yes</allowoverlay>
	<include>dialogeffect</include>
	<coordinates>
		<system>1</system>
		<posx>0</posx>
		<posy>0</posy>
	</coordinates>
	<controls>

<control type="group">
<animation effect="slide" time="600" start="650,0" end="0,0" acceleration="-1" condition="!Skin.HasSetting(animated)">WindowOpen</animation>
<animation effect="slide" time="600" start="0,0" end="730,0" acceleration="-1" condition="!Skin.HasSetting(animated)">WindowClose</animation>

<control type="image">
		<description>backgorund</description>
		<posx>-2</posx>
		<posy>0</posy>
		<width>726</width>
		<height>578</height>
		<texture>blackgloss.png</texture>
		<aspectratio>stretch</aspectratio>
		</control>

		<control type="image">
			<description>Album Cover image</description>
			<posx>430</posx>
			<posy>100</posy>
			<width>250</width>
			<height>250</height>
			<aspectratio aligny="bottom">keep</aspectratio>
			<info>ListItem.Icon</info>
			<include>dialog-effect</include>
		</control>


		<control type="image">
   			<description>Cover reflection</description>
   			<posx>430</posx>
   			<posy>350</posy>
   			<width>250</width>
   			<height>250</height>
			<aspectratio aligny="top">keep</aspectratio>
   			<texture flipy="true" diffuse="Thumb_Mask.png" /> 
   			<info>ListItem.Icon</info>
			<include>dialog-effect</include>
  		</control> 









		<control type="label">
			<description>Song Title value</description>
			<posx>100</posx>
			<posy>130</posy>
			<width>455</width>
			<font>special12</font>
			<scroll>true</scroll>
			<info>ListItem.Title</info>
			<include>dialog-effect</include>
		</control>
		<control type="label">
			<description>Artist Title</description>
			<posx>100</posx>
			<posy>165</posy>
			<width>300</width>
			<font>font12</font>
			<scroll>true</scroll>
			<label>$LOCALIZE[557]:</label>
			<include>dialog-effect</include>
		</control>
		<control type="label">
			<description>Artist value</description>
			<posx>180</posx>
			<posy>165</posy>
			<width>365</width>
			<font>font12</font>
			<info>ListItem.Artist</info>
			<include>dialog-effect</include>
		</control>
		<control type="label">
			<description>Album Title</description>
			<posx>100</posx>
			<posy>190</posy>
			<width>300</width>
			<font>font12</font>
			<label>$LOCALIZE[558]:</label>
			<include>dialog-effect</include>
		</control>
		<control type="label">
			<description>Album value</description>
			<posx>180</posx>
			<posy>190</posy>
			<width>365</width>
			<info>ListItem.Album</info>
			<font>font12</font>
			<scroll>true</scroll>
			<include>dialog-effect</include>
		</control>
		<control type="label">
			<description>Genre</description>
			<posx>100</posx>
			<posy>215</posy>
			<label>$LOCALIZE[515]:</label>
			<font>font12</font>
			<include>dialog-effect</include>
		</control>
		<control type="label">
			<description>Genre value</description>
			<posx>180</posx>
			<posy>215</posy>
			<width>365</width>
			<info>ListItem.Genre</info>
			<font>font12</font>
			<scroll>true</scroll>
			<include>dialog-effect</include>
		</control>
		<control type="label">
			<description>Year</description>
			<posx>100</posx>
			<posy>240</posy>
			<label>$LOCALIZE[562]:</label>
			<font>font12</font>
			<include>dialog-effect</include>
		</control>
		<control type="label">
			<description>year value</description>
			<posx>180</posx>
			<posy>240</posy>
			<width>210</width>
			<info>ListItem.Year</info>
			<font>font12</font>
			<scroll>true</scroll>
			<include>dialog-effect</include>
		</control>
		<control type="label">
			<description>Track Number</description>
			<posx>100</posx>
			<posy>265</posy>
			<label>$LOCALIZE[554]:</label>
			<font>font12</font>
			<include>dialog-effect</include>
		</control>
		<control type="label">
			<description>Track Number value</description>
			<posx>180</posx>
			<posy>265</posy>
			<width>210</width>
			<info>ListItem.TrackNumber</info>
			<font>font12</font>
			<scroll>true</scroll>
			<include>dialog-effect</include>
		</control>
		<control type="label">
			<description>Rating</description>
			<posx>100</posx>
			<posy>290</posy>
			<label>$LOCALIZE[563]:</label>
			<font>font12</font>
			<include>dialog-effect</include>
		</control>
		<control type="image">
			<description>Rating value</description>
			<posx>160</posx>
			<posy>292</posy>
			<width>110</width>
			<height>20</height>
			<info>ListItem.Rating</info>
			<include>dialog-effect</include>
		</control>
		<control type="label">
			<description>Comment</description>
			<posx>100</posx>
			<posy>315</posy>
			<label>$LOCALIZE[569]:</label>
			<font>font12</font>
			<include>dialog-effect</include>
		</control>
		<control type="textbox">
			<description>Comment value</description>
			<posx>180</posx>
			<posy>315</posy>
			<width>210</width>
			<height>100</height>
			<font>font12</font>
			<pagecontrol>999999999</pagecontrol>
			<info>ListItem.Comment</info>
			<include>dialog-effect</include>
		</control>
		<control type="button" id="14">
			<description>Decrease Rating</description>
			<posx>275</posx>
			<posy>295</posy>
			<width>18</width>
			<height>16</height>
			<onclick>DecreaseRating</onclick>
			<texturenofocus>scroll-down.png</texturenofocus>
			<texturefocus>scroll-down-focus.png</texturefocus>
			<onleft>15</onleft>
			<onright>15</onright>
			<ondown>10</ondown>
			<onup>10</onup>
			<include>dialog-effect</include>
		</control>
		<control type="button" id="15">
			<description>Increase Rating</description>
			<posx>295</posx>
			<posy>295</posy>
			<width>18</width>
			<height>16</height>
			<onclick>IncreaseRating</onclick>
			<texturenofocus>scroll-up.png</texturenofocus>
			<texturefocus>scroll-up-focus.png</texturefocus>
			<onleft>14</onleft>
			<onright>14</onright>
			<ondown>10</ondown>
			<onup>10</onup>
			<include>dialog-effect</include>
		</control>
		
		<control type="button" id ="13">
			<description>Get Thumb button</description>
			<posx>20</posx>
			<posy>470</posy>
			<width>165</width>
		    <height>35</height>
			<label>13405</label>
			<font>font10</font>
			<align>center</align>
			<texturenofocus>button-nofocus.png</texturenofocus>
			<texturefocus>button-focus.png</texturefocus>
			<onleft>11</onleft>
			<onright>12</onright>
			<onup>14</onup>
			<ondown>14</ondown>
			<include>dialog-effect</include>
		</control>

		<control type="button" id="12">
			<description>Album Info button</description>
			<posx>190</posx>
			<posy>470</posy>
			<width>165</width>
		    <height>35</height>
			<label>10523</label>
			<font>font10</font>
			<align>center</align>
			<texturenofocus>button-nofocus.png</texturenofocus>
			<texturefocus>button-focus.png</texturefocus>
			<onleft>13</onleft>
			<onright>10</onright>
			<onup>14</onup>
			<ondown>14</ondown>
			<include>dialog-effect</include>
		</control>

		<control type="button" id ="10">
			<description>Yes button</description>
			<posx>360</posx>
			<posy>470</posy>
			<width>165</width>
		    <height>35</height>
			<label>186</label>
			<font>font10</font>
			<align>center</align>
			<texturenofocus>button-nofocus.png</texturenofocus>
			<texturefocus>button-focus.png</texturefocus>
			<onleft>12</onleft>
			<onright>11</onright>
			<onup>14</onup>
			<ondown>14</ondown>
			<include>dialog-effect</include>
		</control>
		<control type="button" id="11">
			<description>No button</description>
			<posx>530</posx>
			<posy>470</posy>
			<width>165</width>
		    <height>35</height>
			<label>222</label>
			<font>font10</font>
			<align>center</align>
			<texturenofocus>button-nofocus.png</texturenofocus>
			<texturefocus>button-focus.png</texturefocus>
			<onleft>10</onleft>
			<onright>13</onright>
			<onup>14</onup>
			<ondown>14</ondown>
			<include>dialog-effect</include>
		</control>
<include>Music-Info</include>

</control>

	</controls>
</window>