<window>
	<id>103</id>
	<defaultcontrol>300</defaultcontrol>
	<include>dialog-effect</include> 
	<controls>

<control type="image">
    <description>Background shadow</description>
    <posx>0</posx>
    <posy>0</posy>
    <width>720</width>
    <height>576</height>
    <texture>black.png</texture>
	<colordiffuse>99ffffff</colordiffuse>
    </control>
 
	
<control type="group">
<animation effect="slide" time="600" start="0,576" end="0,0" acceleration="-1" condition="!Skin.HasSetting(animated)">WindowOpen</animation>
<animation effect="slide" time="600" start="0,0" end="0,576" acceleration="-1" condition="!Skin.HasSetting(animated)">WindowClose</animation>


	<control>
		<description>Keyboard Dialog Background</description>
		<type>image</type>
		<posx>130</posx>
		<posy>190</posy>
		<width>452</width>
		<height>245</height>
		<texture>Plot panel.png</texture>
		<colordiffuse>bbffffff</colordiffuse>
	</control>


	<control>
		<description>dialog Heading</description>
		<type>label</type>
		<id>311</id>
		<posx>160</posx>
		<posy>203</posy>
		<font>font12</font>
		<width>400</width>
		<height>16</height>
		<align>center</align>
	</control>

	<control>
		<description>Edit Text</description>
		<type>label</type>
		<id>310</id>
		<posx>0</posx>
		<posy>227</posy>
		<width>720</width>
		<height>16</height>
		<font>special13</font>
		<align>center</align>
	</control>

	
	<control>
		<description>DONE button</description>
		<type>button</type>
		<id>300</id>
		<posx>150</posx>
		<posy>255</posy>
		<width>120</width>
		<height>30</height>
		<label>Done</label>
		<onleft>57</onleft>
		<onright>48</onright>
		<onup>307</onup>
		<ondown>302</ondown>
		<texturenofocus>keyboard-btn-done.png</texturenofocus>
		<texturefocus>keyboard-btn-done-focus.png</texturefocus>
		<align>center</align>
		<aligny>center</aligny>
		<font>special13</font>
		<colordiffuse>99ffffff</colordiffuse>
	</control>

	<control>
		<description>'0' button</description>
		<type>button</type>
		<id>48</id>
		<posx>270</posx>
		<posy>255</posy>
		<width>30</width>
		<height>30</height>
		<onleft>300</onleft>
		<onright>49</onright>
		<onup>32</onup>
		<ondown>65</ondown>
		<texturenofocus>keyboard-btn.png</texturenofocus>
		<texturefocus>keyboard-btn-focus.png</texturefocus>
		<align>center</align>
		<aligny>center</aligny>
		<font>special13</font>
		<colordiffuse>99ffffff</colordiffuse>
	</control>

	<control>
		<description>'1' button</description>
		<type>button</type>
		<id>49</id>
		<posx>300</posx>
		<posy>255</posy>
		<width>30</width>
		<height>30</height>
		<onleft>48</onleft>
		<onright>50</onright>
		<onup>32</onup>
		<ondown>66</ondown>
		<texturenofocus>keyboard-btn.png</texturenofocus>
		<texturefocus>keyboard-btn-focus.png</texturefocus>
		<align>center</align>
		<aligny>center</aligny>
		<font>special13</font>
		<colordiffuse>99ffffff</colordiffuse>
	</control>

	<control>
		<description>'2' button</description>
		<type>button</type>
		<id>50</id>
		<posx>330</posx>
		<posy>255</posy>
		<width>30</width>
		<height>30</height>
		<onleft>49</onleft>
		<onright>51</onright>
		<onup>32</onup>
		<ondown>67</ondown>
		<texturenofocus>keyboard-btn.png</texturenofocus>
		<texturefocus>keyboard-btn-focus.png</texturefocus>
		<align>center</align>
		<aligny>center</aligny>
		<font>special13</font>
		<colordiffuse>99ffffff</colordiffuse>
	</control>

	<control>
		<description>'3' button</description>
		<type>button</type>
		<id>51</id>
		<posx>360</posx>
		<posy>255</posy>
		<width>30</width>
		<height>30</height>
		<onleft>50</onleft>
		<onright>52</onright>
		<onup>32</onup>
		<ondown>68</ondown>
		<texturenofocus>keyboard-btn.png</texturenofocus>
		<texturefocus>keyboard-btn-focus.png</texturefocus>
		<align>center</align>
		<aligny>center</aligny>
		<font>special13</font>
		<colordiffuse>99ffffff</colordiffuse>
	</control>

	<control>
		<description>'4' button</description>
		<type>button</type>
		<id>52</id>
		<posx>390</posx>
		<posy>255</posy>
		<width>30</width>
		<height>30</height>
		<onleft>51</onleft>
		<onright>53</onright>
		<onup>32</onup>
		<ondown>69</ondown>
		<texturenofocus>keyboard-btn.png</texturenofocus>
		<texturefocus>keyboard-btn-focus.png</texturefocus>
		<align>center</align>
		<aligny>center</aligny>
		<font>special13</font>
		<colordiffuse>99ffffff</colordiffuse>
	</control>

	<control>
		<description>'5' button</description>
		<type>button</type>
		<id>53</id>
		<posx>420</posx>
		<posy>255</posy>
		<width>30</width>
		<height>30</height>
		<onleft>52</onleft>
		<onright>54</onright>
		<onup>32</onup>
		<ondown>70</ondown>
		<texturenofocus>keyboard-btn.png</texturenofocus>
		<texturefocus>keyboard-btn-focus.png</texturefocus>
		<align>center</align>
		<aligny>center</aligny>
		<font>special13</font>
		<colordiffuse>99ffffff</colordiffuse>
	</control>

	<control>
		<description>'6' button</description>
		<type>button</type>
		<id>54</id>
		<posx>450</posx>
		<posy>255</posy>
		<width>30</width>
		<height>30</height>
		<onleft>53</onleft>
		<onright>55</onright>
		<onup>305</onup>
		<ondown>71</ondown>
		<texturenofocus>keyboard-btn.png</texturenofocus>
		<texturefocus>keyboard-btn-focus.png</texturefocus>
		<align>center</align>
		<aligny>center</aligny>
		<font>special13</font>
		<colordiffuse>99ffffff</colordiffuse>
	</control>

	<control>
		<description>'7' button</description>
		<type>button</type>
		<id>55</id>
		<posx>480</posx>
		<posy>255</posy>
		<width>30</width>
		<height>30</height>
		<onleft>54</onleft>
		<onright>56</onright>
		<onup>305</onup>
		<ondown>72</ondown>
		<texturenofocus>keyboard-btn.png</texturenofocus>
		<texturefocus>keyboard-btn-focus.png</texturefocus>
		<align>center</align>
		<aligny>center</aligny>
		<font>special13</font>
		<colordiffuse>99ffffff</colordiffuse>
	</control>

	<control>
		<description>'8' button</description>
		<type>button</type>
		<id>56</id>
		<posx>510</posx>
		<posy>255</posy>
		<width>30</width>
		<height>30</height>
		<onleft>55</onleft>
		<onright>57</onright>
		<onup>306</onup>
		<ondown>73</ondown>
		<texturenofocus>keyboard-btn.png</texturenofocus>
		<texturefocus>keyboard-btn-focus.png</texturefocus>
		<align>center</align>
		<aligny>center</aligny>
		<font>special13</font>
		<colordiffuse>99ffffff</colordiffuse>
	</control>

	<control>
		<description>'9' button</description>
		<type>button</type>
		<id>57</id>
		<posx>540</posx>
		<posy>255</posy>
		<width>30</width>
		<height>30</height>
		<onleft>56</onleft>
		<onright>300</onright>
		<onup>306</onup>
		<ondown>74</ondown>
		<texturenofocus>keyboard-btn-topright.png</texturenofocus>
		<texturefocus>keyboard-btn-topright-focus.png</texturefocus>
		<align>center</align>
		<aligny>center</aligny>
		<font>special13</font>
		<colordiffuse>99ffffff</colordiffuse>
	</control>

	<control>
		<description>SHIFT button</description>
		<type>togglebutton</type>
		<id>302</id>
		<posx>150</posx>
		<posy>285</posy>
		<width>120</width>
		<height>30</height>
		<label>Shift</label>
		<onleft>74</onleft>
		<onright>65</onright>
		<onup>300</onup>
		<ondown>303</ondown>
		<alttexturenofocus>keyboard-btn-mid.png</alttexturenofocus>
		<alttexturefocus>keyboard-btn-mid-focus.png</alttexturefocus>
		<texturenofocus>keyboard-btn-mid-sel.png</texturenofocus>
		<texturefocus>keyboard-btn-mid-sel-focus.png</texturefocus>
		<align>center</align>
		<aligny>center</aligny>
		<font>special13</font>
		<colordiffuse>99ffffff</colordiffuse>
	</control>

	<control>
		<description>'A' button</description>
		<type>button</type>
		<id>65</id>
		<posx>270</posx>
		<posy>285</posy>
		<width>30</width>
		<height>30</height>
		<onleft>302</onleft>
		<onright>66</onright>
		<onup>48</onup>
		<ondown>75</ondown>
		<texturenofocus>keyboard-btn.png</texturenofocus>
		<texturefocus>keyboard-btn-focus.png</texturefocus>
		<align>center</align>
		<aligny>center</aligny>
		<font>special13</font>
		<colordiffuse>99ffffff</colordiffuse>
	</control>

	<control>
		<description>'B' button</description>
		<type>button</type>
		<id>66</id>
		<posx>300</posx>
		<posy>285</posy>
		<width>30</width>
		<height>30</height>
		<onleft>65</onleft>
		<onright>67</onright>
		<onup>49</onup>
		<ondown>76</ondown>
		<texturenofocus>keyboard-btn.png</texturenofocus>
		<texturefocus>keyboard-btn-focus.png</texturefocus>
		<align>center</align>
		<aligny>center</aligny>
		<font>special13</font>
		<colordiffuse>99ffffff</colordiffuse>
	</control>

	<control>
		<description>'C' button</description>
		<type>button</type>
		<id>67</id>
		<posx>330</posx>
		<posy>285</posy>
		<width>30</width>
		<height>30</height>
		<onleft>66</onleft>
		<onright>68</onright>
		<onup>50</onup>
		<ondown>77</ondown>
		<texturenofocus>keyboard-btn.png</texturenofocus>
		<texturefocus>keyboard-btn-focus.png</texturefocus>
		<align>center</align>
		<aligny>center</aligny>
		<font>special13</font>
		<colordiffuse>99ffffff</colordiffuse>
	</control>

	<control>
		<description>'D' button</description>
		<type>button</type>
		<id>68</id>
		<posx>360</posx>
		<posy>285</posy>
		<width>30</width>
		<height>30</height>
		<onleft>67</onleft>
		<onright>69</onright>
		<onup>51</onup>
		<ondown>78</ondown>
		<texturenofocus>keyboard-btn.png</texturenofocus>
		<texturefocus>keyboard-btn-focus.png</texturefocus>
		<align>center</align>
		<aligny>center</aligny>
		<font>special13</font>
		<colordiffuse>99ffffff</colordiffuse>
	</control>

	<control>
		<description>'E' button</description>
		<type>button</type>
		<id>69</id>
		<posx>390</posx>
		<posy>285</posy>
		<width>30</width>
		<height>30</height>
		<onleft>68</onleft>
		<onright>70</onright>
		<onup>52</onup>
		<ondown>79</ondown>
		<texturenofocus>keyboard-btn.png</texturenofocus>
		<texturefocus>keyboard-btn-focus.png</texturefocus>
		<align>center</align>
		<aligny>center</aligny>
		<font>special13</font>
		<colordiffuse>99ffffff</colordiffuse>
	</control>

	<control>
		<description>'F' button</description>
		<type>button</type>
		<id>70</id>
		<posx>420</posx>
		<posy>285</posy>
		<width>30</width>
		<height>30</height>
		<onleft>69</onleft>
		<onright>71</onright>
		<onup>53</onup>
		<ondown>80</ondown>
		<texturenofocus>keyboard-btn.png</texturenofocus>
		<texturefocus>keyboard-btn-focus.png</texturefocus>
		<align>center</align>
		<aligny>center</aligny>
		<font>special13</font>
		<colordiffuse>99ffffff</colordiffuse>
	</control>

	<control>
		<description>'G' button</description>
		<type>button</type>
		<id>71</id>
		<posx>450</posx>
		<posy>285</posy>
		<width>30</width>
		<height>30</height>
		<onleft>70</onleft>
		<onright>72</onright>
		<onup>54</onup>
		<ondown>81</ondown>
		<texturenofocus>keyboard-btn.png</texturenofocus>
		<texturefocus>keyboard-btn-focus.png</texturefocus>
		<align>center</align>
		<aligny>center</aligny>
		<font>special13</font>
		<colordiffuse>99ffffff</colordiffuse>
	</control>

	<control>
		<description>'H' button</description>
		<type>button</type>
		<id>72</id>
		<posx>480</posx>
		<posy>285</posy>
		<width>30</width>
		<height>30</height>
		<onleft>71</onleft>
		<onright>73</onright>
		<onup>55</onup>
		<ondown>82</ondown>
		<texturenofocus>keyboard-btn.png</texturenofocus>
		<texturefocus>keyboard-btn-focus.png</texturefocus>
		<align>center</align>
		<aligny>center</aligny>
		<font>special13</font>
		<colordiffuse>99ffffff</colordiffuse>
	</control>

	<control>
		<description>'I' button</description>
		<type>button</type>
		<id>73</id>
		<posx>510</posx>
		<posy>285</posy>
		<width>30</width>
		<height>30</height>
		<onleft>72</onleft>
		<onright>74</onright>
		<onup>56</onup>
		<ondown>83</ondown>
		<texturenofocus>keyboard-btn.png</texturenofocus>
		<texturefocus>keyboard-btn-focus.png</texturefocus>
		<align>center</align>
		<aligny>center</aligny>
		<font>special13</font>
		<colordiffuse>99ffffff</colordiffuse>
	</control>

	<control>
		<description>'J' button</description>
		<type>button</type>
		<id>74</id>
		<posx>540</posx>
		<posy>285</posy>
		<width>30</width>
		<height>30</height>
		<onleft>73</onleft>
		<onright>302</onright>
		<onup>57</onup>
		<ondown>84</ondown>
		<texturenofocus>keyboard-btn.png</texturenofocus>
		<texturefocus>keyboard-btn-focus.png</texturefocus>
		<align>center</align>
		<aligny>center</aligny>
		<font>special13</font>
		<colordiffuse>99ffffff</colordiffuse>
	</control>

	<control>
		<description>CAPS LOCK button</description>
		<type>togglebutton</type>
		<id>303</id>
		<posx>150</posx>
		<posy>315</posy>
		<width>120</width>
		<height>30</height>
		<label>Caps Lock</label>
		<onleft>84</onleft>
		<onright>75</onright>
		<onup>302</onup>
		<ondown>304</ondown>
		<alttexturenofocus>keyboard-btn-mid.png</alttexturenofocus>
		<alttexturefocus>keyboard-btn-mid-focus.png</alttexturefocus>
		<texturenofocus>keyboard-btn-mid-sel.png</texturenofocus>
		<texturefocus>keyboard-btn-mid-sel-focus.png</texturefocus>
		<align>center</align>
		<aligny>center</aligny>
		<font>special13</font>
		<colordiffuse>99ffffff</colordiffuse>
	</control>

	<control>
		<description>'K' button</description>
		<type>button</type>
		<id>75</id>
		<posx>270</posx>
		<posy>315</posy>
		<width>30</width>
		<height>30</height>
		<onleft>303</onleft>
		<onright>76</onright>
		<onup>65</onup>
		<ondown>85</ondown>
		<texturenofocus>keyboard-btn.png</texturenofocus>
		<texturefocus>keyboard-btn-focus.png</texturefocus>
		<align>center</align>
		<aligny>center</aligny>
		<font>special13</font>
		<colordiffuse>99ffffff</colordiffuse>
	</control>

	<control>
		<description>'L' button</description>
		<type>button</type>
		<id>76</id>
		<posx>300</posx>
		<posy>315</posy>
		<width>30</width>
		<height>30</height>
		<onleft>75</onleft>
		<onright>77</onright>
		<onup>66</onup>
		<ondown>86</ondown>
		<texturenofocus>keyboard-btn.png</texturenofocus>
		<texturefocus>keyboard-btn-focus.png</texturefocus>
		<align>center</align>
		<aligny>center</aligny>
		<font>special13</font>
		<colordiffuse>99ffffff</colordiffuse>
	</control>

	<control>
		<description>'M' button</description>
		<type>button</type>
		<id>77</id>
		<posx>330</posx>
		<posy>315</posy>
		<width>30</width>
		<height>30</height>
		<onleft>76</onleft>
		<onright>78</onright>
		<onup>67</onup>
		<ondown>87</ondown>
		<texturenofocus>keyboard-btn.png</texturenofocus>
		<texturefocus>keyboard-btn-focus.png</texturefocus>
		<align>center</align>
		<aligny>center</aligny>
		<font>special13</font>
		<colordiffuse>99ffffff</colordiffuse>
	</control>

	<control>
		<description>'N' button</description>
		<type>button</type>
		<id>78</id>
		<posx>360</posx>
		<posy>315</posy>
		<width>30</width>
		<height>30</height>
		<onleft>77</onleft>
		<onright>79</onright>
		<onup>68</onup>
		<ondown>88</ondown>
		<texturenofocus>keyboard-btn.png</texturenofocus>
		<texturefocus>keyboard-btn-focus.png</texturefocus>
		<align>center</align>
		<aligny>center</aligny>
		<font>special13</font>
		<colordiffuse>99ffffff</colordiffuse>
	</control>

	<control>
		<description>'O' button</description>
		<type>button</type>
		<id>79</id>
		<posx>390</posx>
		<posy>315</posy>
		<width>30</width>
		<height>30</height>
		<onleft>78</onleft>
		<onright>80</onright>
		<onup>69</onup>
		<ondown>89</ondown>
		<texturenofocus>keyboard-btn.png</texturenofocus>
		<texturefocus>keyboard-btn-focus.png</texturefocus>
		<align>center</align>
		<aligny>center</aligny>
		<font>special13</font>
		<colordiffuse>99ffffff</colordiffuse>
	</control>

	<control>
		<description>'P' button</description>
		<type>button</type>
		<id>80</id>
		<posx>420</posx>
		<posy>315</posy>
		<width>30</width>
		<height>30</height>
		<onleft>79</onleft>
		<onright>81</onright>
		<onup>70</onup>
		<ondown>90</ondown>
		<texturenofocus>keyboard-btn.png</texturenofocus>
		<texturefocus>keyboard-btn-focus.png</texturefocus>
		<align>center</align>
		<aligny>center</aligny>
		<font>special13</font>
		<colordiffuse>99ffffff</colordiffuse>
	</control>

	<control>
		<description>'Q' button</description>
		<type>button</type>
		<id>81</id>
		<posx>450</posx>
		<posy>315</posy>
		<width>30</width>
		<height>30</height>
		<onleft>80</onleft>
		<onright>82</onright>
		<onup>71</onup>
		<ondown>8</ondown>
		<texturenofocus>keyboard-btn.png</texturenofocus>
		<texturefocus>keyboard-btn-focus.png</texturefocus>
		<align>center</align>
		<aligny>center</aligny>
		<font>special13</font>
		<colordiffuse>99ffffff</colordiffuse>
	</control>

	<control>
		<description>'R' button</description>
		<type>button</type>
		<id>82</id>
		<posx>480</posx>
		<posy>315</posy>
		<width>30</width>
		<height>30</height>
		<onleft>81</onleft>
		<onright>83</onright>
		<onup>72</onup>
		<ondown>8</ondown>
		<texturenofocus>keyboard-btn.png</texturenofocus>
		<texturefocus>keyboard-btn-focus.png</texturefocus>
		<align>center</align>
		<aligny>center</aligny>
		<font>special13</font>
		<colordiffuse>99ffffff</colordiffuse>
	</control>

	<control>
		<description>'S' button</description>
		<type>button</type>
		<id>83</id>
		<posx>510</posx>
		<posy>315</posy>
		<width>30</width>
		<height>30</height>
		<onleft>82</onleft>
		<onright>84</onright>
		<onup>73</onup>
		<ondown>8</ondown>
		<texturenofocus>keyboard-btn.png</texturenofocus>
		<texturefocus>keyboard-btn-focus.png</texturefocus>
		<align>center</align>
		<aligny>center</aligny>
		<font>special13</font>
		<colordiffuse>99ffffff</colordiffuse>
	</control>

	<control>
		<description>'T' button</description>
		<type>button</type>
		<id>84</id>
		<posx>540</posx>
		<posy>315</posy>
		<width>30</width>
		<height>30</height>
		<onleft>83</onleft>
		<onright>303</onright>
		<onup>74</onup>
		<ondown>8</ondown>
		<texturenofocus>keyboard-btn.png</texturenofocus>
		<texturefocus>keyboard-btn-focus.png</texturefocus>
		<align>center</align>
		<aligny>center</aligny>
		<font>special13</font>
		<colordiffuse>99ffffff</colordiffuse>
	</control>

	<control>
		<description>Symbols button</description>
		<type>togglebutton</type>
		<id>304</id>
		<posx>150</posx>
		<posy>345</posy>
		<width>120</width>
		<height>30</height>
		<label>Symbols</label>
		<onleft>8</onleft>
		<onright>85</onright>
		<onup>303</onup>
		<ondown>307</ondown>
		<alttexturenofocus>keyboard-btn-mid.png</alttexturenofocus>
		<alttexturefocus>keyboard-btn-mid-focus.png</alttexturefocus>
		<texturenofocus>keyboard-btn-mid-sel.png</texturenofocus>
		<texturefocus>keyboard-btn-mid-sel-focus.png</texturefocus>
		<align>center</align>
		<aligny>center</aligny>
		<font>special13</font>
		<colordiffuse>99ffffff</colordiffuse>
	</control>

	<control>
		<description>'U' button</description>
		<type>button</type>
		<id>85</id>
		<posx>270</posx>
		<posy>345</posy>
		<width>30</width>
		<height>30</height>
		<onleft>304</onleft>
		<onright>86</onright>
		<onup>75</onup>
		<ondown>32</ondown>
		<texturenofocus>keyboard-btn.png</texturenofocus>
		<texturefocus>keyboard-btn-focus.png</texturefocus>
		<align>center</align>
		<aligny>center</aligny>
		<font>special13</font>
		<colordiffuse>99ffffff</colordiffuse>
	</control>

	<control>
		<description>'V' button</description>
		<type>button</type>
		<id>86</id>
		<posx>300</posx>
		<posy>345</posy>
		<width>30</width>
		<height>30</height>
		<onleft>85</onleft>
		<onright>87</onright>
		<onup>76</onup>
		<ondown>32</ondown>
		<texturenofocus>keyboard-btn.png</texturenofocus>
		<texturefocus>keyboard-btn-focus.png</texturefocus>
		<align>center</align>
		<aligny>center</aligny>
		<font>special13</font>
		<colordiffuse>99ffffff</colordiffuse>
	</control>

	<control>
		<description>'W' button</description>
		<type>button</type>
		<id>87</id>
		<posx>330</posx>
		<posy>345</posy>
		<width>30</width>
		<height>30</height>
		<onleft>86</onleft>
		<onright>88</onright>
		<onup>77</onup>
		<ondown>32</ondown>
		<texturenofocus>keyboard-btn.png</texturenofocus>
		<texturefocus>keyboard-btn-focus.png</texturefocus>
		<align>center</align>
		<aligny>center</aligny>
		<font>special13</font>
		<colordiffuse>99ffffff</colordiffuse>
	</control>

	<control>
		<description>'X' button</description>
		<type>button</type>
		<id>88</id>
		<posx>360</posx>
		<posy>345</posy>
		<width>30</width>
		<height>30</height>
		<onleft>87</onleft>
		<onright>89</onright>
		<onup>78</onup>
		<ondown>32</ondown>
		<texturenofocus>keyboard-btn.png</texturenofocus>
		<texturefocus>keyboard-btn-focus.png</texturefocus>
		<align>center</align>
		<aligny>center</aligny>
		<font>special13</font>
		<colordiffuse>99ffffff</colordiffuse>
	</control>

	<control>
		<description>'Y' button</description>
		<type>button</type>
		<id>89</id>
		<posx>390</posx>
		<posy>345</posy>
		<width>30</width>
		<height>30</height>
		<onleft>88</onleft>
		<onright>90</onright>
		<onup>79</onup>
		<ondown>32</ondown>
		<texturenofocus>keyboard-btn.png</texturenofocus>
		<texturefocus>keyboard-btn-focus.png</texturefocus>
		<align>center</align>
		<aligny>center</aligny>
		<font>special13</font>
		<colordiffuse>99ffffff</colordiffuse>
	</control>

	<control>
		<description>'Z' button</description>
		<type>button</type>
		<id>90</id>
		<posx>420</posx>
		<posy>345</posy>
		<width>30</width>
		<height>30</height>
		<onleft>89</onleft>
		<onright>8</onright>
		<onup>80</onup>
		<ondown>32</ondown>
		<texturenofocus>keyboard-btn.png</texturenofocus>
		<texturefocus>keyboard-btn-focus.png</texturefocus>
		<align>center</align>
		<aligny>center</aligny>
		<font>special13</font>
		<colordiffuse>99ffffff</colordiffuse>
	</control>

	<control>
		<description>BACKSPACE button</description>
		<type>button</type>
		<id>8</id>
		<posx>450</posx>
		<posy>345</posy>
		<width>120</width>
		<height>30</height>
		<label>Backspace</label>
		<onleft>90</onleft>
		<onright>304</onright>
		<onup>81</onup>
		<ondown>305</ondown>
		<texturenofocus>keyboard-btn-backspace.png</texturenofocus>
		<texturefocus>keyboard-btn-backspace-focus.png</texturefocus>
		<align>center</align>
		<aligny>center</aligny>
		<font>special13</font>
		<colordiffuse>99ffffff</colordiffuse>
	</control>

	<control>
		<description>IP Input button</description>
		<type>button</type>
		<id>307</id>
		<posx>150</posx>
		<posy>375</posy>
		<width>120</width>
		<height>30</height>
		<texturenofocus>keyboard-btn-dummyleft.png</texturenofocus>
		<texturefocus>keyboard-btn-dummyleft-focus.png</texturefocus>
		<label>1006</label>
		<font>special13</font>
		<align>center</align>
		<aligny>center</aligny>
		<onleft>306</onleft>
		<onright>32</onright>
		<onup>304</onup>
		<ondown>300</ondown>
		<colordiffuse>99ffffff</colordiffuse>
	</control>

	<control>
		<description>SPACE button</description>
		<type>button</type>
		<id>32</id>
		<posx>270</posx>
		<posy>375</posy>
		<width>180</width>
		<height>30</height>
		<label>Space</label>
		<onleft>307</onleft>
		<onright>305</onright>
		<onup>85</onup>
		<ondown>48</ondown>
		<texturenofocus>keyboard-btn-space.png</texturenofocus>
		<texturefocus>keyboard-btn-space-focus.png</texturefocus>
		<align>center</align>
		<aligny>center</aligny>
		<font>special13</font>
		<colordiffuse>99ffffff</colordiffuse>
	</control>

	<control>
		<description>Previous Button</description>
		<type>button</type>
		<id>305</id>
		<posx>450</posx>
		<posy>375</posy>
		<width>60</width>
		<height>30</height>
		<onleft>32</onleft>
		<onright>306</onright>
		<onup>8</onup>
		<ondown>54</ondown>
		<texturenofocus>keyboard-btn-prev.png</texturenofocus>
		<texturefocus>keyboard-btn-prev-focus.png</texturefocus>
		<colordiffuse>99ffffff</colordiffuse>
	</control>

	<control>
		<description>Next Button</description>
		<type>button</type>
		<id>306</id>
		<posx>510</posx>
		<posy>375</posy>
		<width>60</width>
		<height>30</height>
		<onleft>305</onleft>
		<onright>307</onright>
		<onup>8</onup>
		<ondown>56</ondown>
		<texturenofocus>keyboard-btn-next.png</texturenofocus>
		<texturefocus>keyboard-btn-next-focus.png</texturefocus>
		<colordiffuse>99ffffff</colordiffuse>
	</control>

	</control>
	
	</controls>
</window>

