<window>
	<id>2004</id>
	<defaultcontrol>5</defaultcontrol>
	<allowoverlay>yes</allowoverlay>
	<zorder>true</zorder>
	<include>dialog-effect</include> 
	<controls>

		<control>
		<description>textarea</description>
		<type>textbox</type>
		<id>5</id>
		<posx>220</posx>
		<posy>120</posy>
		<width>470</width>
		<height>425</height>
		<include>slideright</include>
	</control>
	
	<control>
		<description>Description label</description>
		<label>262</label>
		<include>description</include>
	</control>

	</controls>
</window>