<window id="136">
<animation effect="fade" time="100">WindowOpen</animation>
<animation effect="fade" time="200">WindowClose</animation>
<controls>


<control type="image">
<description>background image</description>
<posx>0</posx>
<posy>0</posy>
<width>725</width>
<height>580</height>
<texture>black.png</texture>
</control>

<control type="image">
<description>background image</description>
<posx>0</posx>
<posy>0</posy>
<width>725</width>
<height>580</height>
<texture>Dark Mask.png</texture>
</control>

<control type="multiimage">
<description>Busy animation</description>
<posx>285</posx>
<posy>213</posy>
<width>150</width>
<height>150</height>
<imagepath>busy</imagepath>
<timeperimage>100</timeperimage>
<fadetime>0</fadetime>
<aspectratio>keep</aspectratio>
</control>


<control type="label">
<posx>0</posx>
<posy>180</posy>
<width>720</width>
<height>50</height>
<align>center</align>
<font>font18</font>
<textcolor>white</textcolor>
<label>$LOCALIZE[20186]...</label>
</control>

</controls>

</window>