<window>
	<id>106</id>
	<defaultcontrol>1000</defaultcontrol>
	<include>dialog-effect</include>
	<coordinates>
	<system>1</system>
	<origin x="235" y="120">true</origin>
	</coordinates>
	<controls>



	<control>
		<description>Profile Background -3</description>
		<type>image</type>
		<id>1</id>
		<posx>-235</posx>
		<posy>-120</posy>
		<width>720</width>
		<height>576</height>
		<texture>black.png</texture>
	</control>
	
<control>
		<description>Profile Background -3</description>
		<type>image</type>
		<id>1</id>
		<posx>0</posx>
		<posy>-53</posy>
		<width>250</width>
		<height>450</height>
		<texture diffuse="mask3.png">background2.png</texture>
        <colordiffuse>99ffffff</colordiffuse>
	</control>

	
	<control>
		<description>Heading Label</description>
		<type>label</type>
		<posx>0</posx>
		<posy>-35</posy>
		<width>250</width>
		<align>center</align>
		<font>special14</font>
		<textcolor>white</textcolor>
		<label>Context Menu</label>
	</control>

	<control>
		<description>Button Template</description>
		<type>button</type>
		<id>1000</id>
		<posx>7</posx>
		<posy>0</posy>
		<width>236</width>
		<height>26</height>
		<align>center</align>
		<texturefocus>input-focus.png</texturefocus>
		<texturenofocus></texturenofocus>
	</control>

	<control>
		<description>Profile Background -3</description>
		<type>image</type>
		<id>1</id>
		<posx>0</posx>
		<posy>-53</posy>
		<width>250</width>
		<height>450</height>
		<texture>mask4.png</texture>
		<colordiffuse>99ffffff</colordiffuse>
        </control>

	</controls>
</window>