<window>
	<id>129</id>
	<defaultcontrol>10</defaultcontrol>

	<coordinates>
	<system>1</system>
	<posx>150</posx>
	<posy>150</posy>
	</coordinates>
	<animation effect="fade" time="400">WindowOpen</animation>
	<animation effect="fade" time="400">WindowClose</animation>
	<controls>




<control type="group">
<animation effect="slide" time="600" start="0,576" end="0,0" acceleration="-1" condition="!Skin.HasSetting(animated)">WindowOpen</animation>
<animation effect="slide" time="600" start="0,0" end="0,576" acceleration="-1" condition="!Skin.HasSetting(animated)">WindowClose</animation>

	<control>
		<description>background image</description>
		<type>image</type>
		<posx>-5</posx>
		<posy>-10</posy>
		<width>425</width>
		<height>355</height>
		<texture>Plot panel.png</texture>
		<colordiffuse>ffffffff</colordiffuse>
	</control>

	

	<control>
		<description>Heading Label</description>
		<type>label</type>
		<id>2</id>
		<posx>10</posx>
		<posy>2</posy>
		<width>320</width>
		<align>left</align>
		<font>font12</font>
		<textcolor>red</textcolor>
		<label>-</label>
	</control>

	<control>
		<description>path label</description>
		<type>label</type>
		<id>0</id>
		<posx>10</posx>
		<posy>35</posy>
		<width>420</width>
		<align>left</align>
		<font>font12</font>
		<label>1021</label>
	</control>

	<control type="list" id="10">
<viewtype label="535">list</viewtype>
<posx>10</posx>
<posy>60</posy>
<width>320</width>
<height>150</height>
<onleft>11</onleft>
<onright>11</onright>
<onup>12</onup>
<ondown>12</ondown>
<pagecontrol>90</pagecontrol>

<itemlayout height="30">

<control type="image">
<posx>0</posx>
<posy>0</posy>
<width>320</width>
<height>30</height>
<texture>input-focus.png</texture>
</control>


<control type="label">
<posx>5</posx>
<posy>0</posy>
<width>310</width>
<height>30</height>
<font>font12</font>
<aligny>center</aligny>
<textcolor>grey</textcolor>
<include>selectedcolor</include>
<info>ListItem.Label</info>
</control>
</itemlayout>

<focusedlayout height="30">

<control type="image">
<posx>0</posx>
<posy>0</posy>
<width>320</width>
<height>30</height>
<texture>input-focus.png</texture>
</control>
<control type="image">
<posx>0</posx>
<posy>0</posy>
<width>320</width>
<height>30</height>
<texture>input-focus.png</texture>
</control>
<control type="image">
<posx>0</posx>
<posy>0</posy>
<width>320</width>
<height>30</height>
<texture>input-focus.png</texture>
</control>

<control type="label">
<posx>5</posx>
<posy>0</posy>
<width>310</width>
<height>30</height>
<font>font12</font>
<aligny>center</aligny>
<textcolor>white</textcolor>
<include>selectedcolor</include>
<scroll>true</scroll>
<scrolltime>100</scrolltime>
<info>ListItem.Label</info>
</control>

</focusedlayout>
</control>

	<control type="group">
	<control>
		<description>Browse Button</description>
		<type>button</type>
		<id>11</id>
		<posx>340</posx>
		<posy>60</posy>
		<width>70</width>
		<height>30</height>
		<font>font12</font>
		<textoffsetx>12</textoffsetx>
		<label>1024</label>
		<align>center</align>
		<aligny>center</aligny>
		<texturenofocus>keyboard-btn-backspace.png</texturenofocus>
		<texturefocus>keyboard-btn-backspace-focus.png</texturefocus>
		<onup>18</onup>
		<onleft>10</onleft>
		<onright>10</onright>
		<ondown>13</ondown>
	</control>

	<control>
		<description>Add Path Button</description>
		<type>button</type>
		<id>13</id>
		<posx>340</posx>
		<posy>90</posy>
		<width>70</width>
		<height>30</height>
		<font>font12</font>
		<textoffsetx>12</textoffsetx>
		<label>15019</label>
		<align>center</align>
		<aligny>center</aligny>
		<texturenofocus>keyboard-btn-backspace.png</texturenofocus>
		<texturefocus>keyboard-btn-backspace-focus.png</texturefocus>
		<onup>11</onup>
		<onleft>10</onleft>
		<onright>10</onright>
		<ondown>14</ondown>
	</control>

	<control>
		<description>Remove Path Button</description>
		<type>button</type>
		<id>14</id>
		<posx>340</posx>
		<posy>120</posy>
		<width>70</width>
		<height>30</height>
		<font>font12</font>
		<textoffsetx>12</textoffsetx>
		<label>1210</label>
		<align>center</align>
		<aligny>center</aligny>
		<texturenofocus>keyboard-btn-backspace.png</texturenofocus>
		<texturefocus>keyboard-btn-backspace-focus.png</texturefocus>
		<onup>13</onup>
		<onleft>10</onleft>
		<onright>10</onright>
		<ondown>12</ondown>
	</control>
	</control>

	<control>
		<description>Name Label</description>
		<type>label</type>
		<id>0</id>
		<posx>10</posx>
		<posy>220</posy>
		<width>200</width>
		<font>font12</font>
		<label>1022</label>
	</control>

	<control>
		<description>Name Button</description>
		<type>button</type>
		<id>12</id>
		<posx>10</posx>
		<posy>245</posy>
		<width>400</width>
		<height>31</height>
		<font>font12</font>
		<textoffsetx>12</textoffsetx>
		<textwidth>380</textwidth>
		<aligny>center</aligny>
		<texturefocus>input-focus.png</texturefocus>
		<texturenofocus>-</texturenofocus>
		<label>-</label>
		<onup>14</onup>
		<onleft>12</onleft>
		<onright>12</onright>
		<ondown>18</ondown>
	</control>

	<control>
		<description>Ok Button</description>
		<type>button</type>
		<id>18</id>
		<posx>10</posx>
		<posy>285</posy>
		<width>190</width>
		<height>31</height>
		<font>font12</font>
		<textoffsetx>12</textoffsetx>
		<align>center</align>
		<aligny>center</aligny>
		<texturefocus>button-focus.png</texturefocus>
		<texturenofocus>button-nofocus.png</texturenofocus>
		<label>186</label>
		<onup>12</onup>
		<onleft>19</onleft>
		<onright>19</onright>
		<ondown>19</ondown>
	</control>

	<control>
		<description>Cancel Button</description>
		<type>button</type>
		<id>19</id>
		<posx>220</posx>
		<posy>285</posy>
		<width>190</width>
		<height>31</height>
		<font>font12</font>
		<textoffsetx>12</textoffsetx>
		<align>center</align>
		<aligny>center</aligny>
		<texturefocus>button-focus.png</texturefocus>
		<texturenofocus>button-nofocus.png</texturenofocus>
		<label>222</label>
		<onup>12</onup>
		<onleft>18</onleft>
		<onright>18</onright>
		<ondown>10</ondown>
	</control>

	</control>

	<control>
		<description>background image</description>
		<type>image</type>
		<posx>-5</posx>
		<posy>-10</posy>
		<width>425</width>
		<height>355</height>
		<texture>Plot panel.png</texture>
		<visible>Window.IsActive(103)</visible>
     	</control>

	</controls>
</window>

