<window>
	<id>101</id>
	<defaultcontrol>20</defaultcontrol>
	<controls>

	<coordinates>
		<system>1</system>
	</coordinates>


<control type="image" id="1">
			<description>Scan Dialog Background</description>
			<posx>164</posx>
			<posy>15</posy>
			<width>391</width>
			<height>88</height>
			<texture diffuse="mask wide.png">background2.png</texture>
			<colordiffuse>99ffffff</colordiffuse>
		</control>


    
<control type="label" id="1">
			<description>dialog Heading</description>
            <posx>174</posx>
			<posy>23</posy>
			<label>-</label>
			<font>font12</font>
			<textcolor>DDced8da</textcolor>
		</control>


		<control type="label" id="2">
			<description>Caption Label</description>
			<posx>174</posx>
			<posy>43</posy>
			<font>font12</font>
			<align>left</align>
			<width>370</width>
			<height>20</height>
			<label>0</label>
			<textcolor>DDced8da</textcolor>
		</control>

		
			<control type="label" id="4">
			<description>dialog line 3</description>
			<posx>174</posx>
			<posy>63</posy>
			<haspath>yes</haspath>
			<label>-</label>
			<font>font10</font>
			<textcolor>DDced8da</textcolor>
		</control>





	<control>
		<description>progress control</description>
		<type>progress</type>
		<id>20</id>
		<posx>174</posx>
			<posy>82</posy>
			<width>370</width>
			<height>10</height>
		<texturebg>progress_back.png</texturebg>
		<lefttexture>progress_left.png</lefttexture>
		<midtexture>progress_mid-blue2.png</midtexture>
		<righttexture>progress_right.png</righttexture>
		<overlaytexture></overlaytexture>
		<colordiffuse>99ffffff</colordiffuse>
	</control>


	<control>
		<description>Media Progressbar overlay</description>
		<type>image</type>
		<posx>174</posx>
		<posy>82</posy>
		<width>370</width>
		<height>10</height>
		<texture>progress_over_home.png</texture>
		<colordiffuse>white</colordiffuse>
	</control>

	<control type="image" id="1">
			<description>Scan Dialog Background</description>
			<posx>164</posx>
			<posy>15</posy>
			<width>391</width>
			<height>88</height>
			<texture>mask glass wide.png</texture>
			<colordiffuse>99ffffff</colordiffuse>
			</control>

	

	</controls>
</window>


