<window id="121">
	<defaultcontrol>2</defaultcontrol>
	<coordinates>
	<system>1</system>
	<origin x="10" y="95">true</origin>
	</coordinates>
	<controls>

	<control type="image" id="1">
		<description>background image</description>
		<posx>0</posx>
		<posy>25</posy>
		<width>420</width>
		<height>320</height>
		<texture>black.png</texture>
	</control>

	<control type="image" id="12">
		<description>background image</description>
		<type>image</type>
		<posx>0</posx>
		<posy>0</posy>
		<width>420</width>
		<height>26</height>
		<texture>background2.png</texture>
		<colordiffuse>bbffffff</colordiffuse>
	</control>

	<control type="label" id="2">
		<description>Settings Label</description>
		<posx>0</posx>
		<posy>2</posy>
		<width>420</width>
		<align>center</align>
		<font>font12</font>
	</control>

	<control type="label" id="3">
		<description>No Settings Label</description>
		<posx>0</posx>
		<posy>170</posy>
		<width>420</width>
		<align>center</align>
		<label>13390</label>
		<font>font12</font>
	</control>

	
	<control type="spincontrol" id="60">
		<description>Next page button</description>
		<posx>390</posx>
		<posy>5</posy>
		<subtype>page</subtype>
		<font>font10</font>
		<onleft>5</onleft>
		<onright>28</onright>
		<ondown>5</ondown>
		<onup>28</onup>
		<showonepage>false</showonepage>
		<visible>false</visible>
	</control>

	<control type="grouplist" id="5">
		<description>control area</description>
		<posx>0</posx>
		<posy>30</posy>
		<width>420</width>
		<height>310</height>
		<itemgap>0</itemgap>
		<pagecontrol>60</pagecontrol>
		<onleft>60</onleft>
		<onright>60</onright>
		<onup>5</onup>
		<ondown>5</ondown>
	</control>

	<control type="button" id="7">
		<description>Default Button</description>
		<posx>530</posx>
		<posy>150</posy>
		<height>31</height>
		<font>font12</font>
		<textoffsetx>12</textoffsetx>
		<aligny>center</aligny>
		<texturefocus>input-focus.png</texturefocus>
		<colordiffuse>bbffffff</colordiffuse>
		<texturenofocus>-</texturenofocus>
	</control>

	<control type="radiobutton" id="8">
		<description>Default RadioButton</description>
		<posx>530</posx>
		<posy>150</posy>
		<height>31</height>
		<font>font12</font>
		<texturefocus>input-focus.png</texturefocus>
		<texturenofocus>-</texturenofocus>
		<colordiffuse>bbffffff</colordiffuse>
		<textoffsetx>12</textoffsetx>
		<aligny>center</aligny>
		<textureradiofocus>settings-check-box.png</textureradiofocus>
		<textureradionofocus>settings-check-boxNF.png</textureradionofocus>
	</control>

	<control type="spincontrolex" id="9">
		<description>Default SpinControlex</description>
		<posx>530</posx>
		<posy>150</posy>
		<height>31</height>
		<width>300</width>
		<texturefocus>input-focus.png</texturefocus>
		<texturenofocus>-</texturenofocus>
		<colordiffuse>bbffffff</colordiffuse>
		<textureup>scroll-up.png</textureup>
		<texturedown>scroll-down.png</texturedown>
		<textureupFocus>scroll-up-focus.png</textureupFocus>
		<texturedownFocus>scroll-down-focus.png</texturedownFocus>
		<font>font12</font>
		<textcolor>white</textcolor>
		<colordiffuse>white</colordiffuse>
		<disabledcolor>60d0d0d0</disabledcolor>
		<textoffsetx>12</textoffsetx>
		<aligny>center</aligny>
		<reverse>yes</reverse>
	</control>

	<control type="image" id="11">
		<description>separator image</description>
		<width>350</width>
		<height>5</height>
		<texture>separatorOSD.png</texture>
	</control>

	</controls>
</window>