<window>
	<id>500</id>
	<defaultcontrol>50</defaultcontrol>
	<animation effect="fade" time="200">WindowClose</animation> 
	<allowoverlay>no</allowoverlay>
	<controls>



<control>
		<description>Panel Image</description>
		<type>image</type>
		<posx>0</posx>
		<posy>0</posy>
		<width>720</width>
		<height>576</height>
		<texture>background2.png</texture>
		<visible>!Skin.HasSetting(Background)</visible>
		</control>



<control>
		<description>Background</description>
		<type>image</type>
		<posx>0</posx>
		<posy>0</posy>
		<width>720</width>
		<height>576</height>
		<texture>BlacknWhite.png</texture>
		<visible>!Skin.HasSetting(Background)</visible>
		<animation effect="fade" time="600">WindowOpen</animation>
	    <animation effect="fade" time="200">WindowClose</animation> 
        </control>


<control type="multiimage">
		<posx>0</posx>
		<posy>0</posy>
		<width>720</width>
		<height>576</height>
		<imagepath>Menus</imagepath>
		<info>Skin.String(CustomMenu)</info>
		<timeperimage>5000</timeperimage>
		<fadetime>2000</fadetime>
        <randomize>true</randomize>
		<visible>!Skin.HasSetting(CustomMenu)</visible>
		<visible>Skin.HasSetting(Background)</visible>
		<animation effect="fade" time="200">WindowOpen</animation>
        <animation effect="fade" time="300">WindowClose</animation>
        <animation effect="fade" time="200">Visible</animation>
        <animation effect="fade" delay = "200" time="800">Hidden</animation>
		</control>




		<control type="multiimage">
		<posx>0</posx>
		<posy>0</posy>
		<width>720</width>
		<height>576</height>
		<imagepath>-</imagepath>
		<info>Skin.String(CustomMenuFolder)</info>
		<timeperimage>5000</timeperimage>
		<fadetime>2000</fadetime>
        <randomize>true</randomize>
		<visible>!Skin.HasSetting(CustomMenuFolder)</visible>
		<visible>Skin.HasSetting(Background)</visible>
		<animation effect="fade" time="200">WindowOpen</animation>
        <animation effect="fade" time="300">WindowClose</animation>
        <animation effect="fade" time="200">Visible</animation>
        <animation effect="fade" delay = "200" time="800">Hidden</animation>
		</control>
	
<include>listcontrol</include>

<include>List 2</include>

<include>List 3</include>

<include>Square Big Icons</include>	
 
<include>Square Small Icons</include>

<include>JukeboxLibWrap</include>

<include>CD Wrap</include>	

<include>CD Case Wrap</include>

<include>CD Case Wrap2</include>


<control type="label">
	<posx>20</posx>
	<posy>30</posy>
	<align>left</align>
	<aligny>center</aligny>
	<font>Heading-M</font>
	<textcolor>white</textcolor>
	<visible>!Skin.HasSetting(menulabels)</visible>
	<animation effect="fade" time="200">WindowOpen</animation>
	<animation effect="fade" time="200">WindowClose</animation>
    <label>20011</label>
</control>
	
	
 <control type="label">
    <description>Album label</description>
    <posx>60</posx>
    <posy>340</posy>
    <width>310</width>
    <height>200</height>
    <label>$INFO[ListItem.Album]</label>
    <scroll>true</scroll>
    <font>font12</font>
    <textcolor>white</textcolor>
	<visible>Control.IsVisible(50) + System.IdleTime(2)</visible>
   </control>

   <control type="label">
    <description>Artist label</description>
    <posx>60</posx>
    <posy>370</posy>
    <width>200</width>
    <height>200</height>
    <label>557</label>
    <font>font11</font>
    <textcolor>white</textcolor>
	<alignx>left</alignx>
    <textcolor>FF9E9E9E</textcolor>
    <visible>Control.IsVisible(50) + System.IdleTime(2)</visible>
   </control>

   <control type="label">
    <description>Artist value</description>
    <posx>310</posx>
    <posy>370</posy>
    <align>right</align>
	<width>200</width>
    <height>200</height>
    <label>$INFO[ListItem.Artist]</label>
    <scroll>true</scroll>
    <font>font11</font>
    <textcolor>white</textcolor>
	<visible>Control.IsVisible(50) + System.IdleTime(2)</visible>
   </control>

   <control type="label">
    <description>Genre label</description>
    <posx>60</posx>
    <posy>390</posy>
    <width>200</width>
    <height>200</height>
    <label>515</label>
    <font>font11</font>
    <textcolor>white</textcolor>
	<alignx>right</alignx>
    <textcolor>FF9E9E9E</textcolor>
    <visible>Control.IsVisible(50) + System.IdleTime(2)</visible>
   </control>

   <control type="label">
    <description>Genre value</description>
    <posx>310</posx>
    <posy>390</posy>
	<align>right</align>
    <width>200</width>
    <height>200</height>
    <label>$INFO[ListItem.Genre]</label>
    <scroll>true</scroll>
    <font>font11</font>
    <textcolor>white</textcolor>
	<visible>Control.IsVisible(50) + System.IdleTime(2)</visible>
   </control>

   <control type="label">
    <description>Year label</description>
    <posx>60</posx>
    <posy>410</posy>
    <width>200</width>
    <height>200</height>
    <label>562</label>
    <font>font11</font>
    <textcolor>white</textcolor>
	<alignx>right</alignx>
    <textcolor>FF9E9E9E</textcolor>
    <visible>Control.IsVisible(50) + System.IdleTime(2)</visible>
   </control>

   <control type="label">
    <description>Year label</description>
    <posx>310</posx>
    <posy>410</posy>
	<align>right</align>
    <width>200</width>
    <height>200</height>
    <label>$INFO[ListItem.Year]</label>
    <font>font11</font>
    <textcolor>white</textcolor>
	<visible>Control.IsVisible(50) + System.IdleTime(2)</visible>
   </control>


   <control type="image">
    <description>seperator</description>
    <posx>60</posx>
    <posy>360</posy>
    <width>250</width>
    <height>10</height>
    <texture>separator.png</texture>
    <visible>Control.IsVisible(50) + System.IdleTime(2)</visible>
   </control>

   <control type="image">
    <description>seperator</description>
    <posx>60</posx>
    <posy>445</posy>
    <width>250</width>
    <height>10</height>
    <texture>separator.png</texture>
    <visible>Control.IsVisible(50) + System.IdleTime(2)</visible>
   </control>

    

   <control type="image">
    <description>list item icon</description>
    <posx>15</posx>
    <posy>90</posy>
    <width>365</width>
    <height>365</height>
    <texture>Case1.png</texture>
    <visible>Control.IsVisible(50)</visible>
    <animation effect="zoom" end="50,80,242,235" time="150" condition="Control.IsVisible(50) + System.IdleTime(2)">Conditional</animation>
     </control>
   
   <control type="image">
    <description>list item icon</description>
    <posx>60</posx>
    <posy>105</posy>
    <width>303</width>
    <height>333</height>
    <info>ListItem.Icon</info>
    <visible>Control.IsVisible(50)</visible>
    <animation effect="zoom" end="79,90,202,213" time="150" condition="Control.IsVisible(50) + System.IdleTime(2)">Conditional</animation>
   </control>


 <control type="image">
    <description>list item icon</description>
    <posx>17</posx>
    <posy>87</posy>
    <width>357</width>
    <height>367</height>
    <texture>Case2.png</texture>
    <visible>Control.IsVisible(50)</visible>
    <animation effect="zoom" end="51,78,228,235" time="150" condition="Control.IsVisible(50) + System.IdleTime(2)">Conditional</animation>
    </control>
   
   

	

	

   <control type="image">
    <description>Background shadow</description>
    <posx>0</posx>
    <posy>0</posy>
    <width>720</width>
    <height>576</height>
    <texture>black.png</texture>
    <visible allowhiddenfocus="true">![Window.Next(Home) | Control.HasFocus(50) | Control.HasFocus(51) | Control.HasFocus(52) | Control.HasFocus(53) | Control.HasFocus(54) | Control.HasFocus(55) | Control.HasFocus(57) | Control.HasFocus(23) | Control.HasFocus(24) | Control.HasFocus(56) | Control.HasFocus(59) | Control.HasFocus(90) | Control.HasFocus(58)]</visible>
   </control>

<control type="group">
  <posx>10</posx>
  <posy>-10</posy>


   <control type="image">
    <description>Button Background</description>
    <posx>240</posx>
    <posy>105</posy>
    <width>255</width>
    <height>365</height>
    <texture>button-menu-background.png</texture>
    <visible allowhiddenfocus="true">![Window.Next(Home) | Control.HasFocus(50) | Control.HasFocus(51) | Control.HasFocus(52) | Control.HasFocus(53) | Control.HasFocus(54) | Control.HasFocus(55) | Control.HasFocus(57) | Control.HasFocus(23) | Control.HasFocus(24) | Control.HasFocus(56) | Control.HasFocus(58) | Control.HasFocus(59) | Control.HasFocus(90)]</visible>
   </control>

 <control type="button" id="2">
    <description>View As Icons button</description>
    <posx>241</posx>
    <posy>185</posy>
    <width>222</width>
    <height>45</height>
    <font>font12</font>
    <textcolor>white</textcolor>
	<label>100</label>
    <textoffsetx>10</textoffsetx>
    <aligny>center</aligny>
    <texturefocus>input-focus.png</texturefocus>
    <texturenofocus>-</texturenofocus>
    <onleft>50</onleft>
    <onright>50</onright>
    <onup>22</onup>
    <ondown>28</ondown>
    <visible allowhiddenfocus="true">![Window.Next(Home) | Control.HasFocus(50) | Control.HasFocus(51) | Control.HasFocus(52) | Control.HasFocus(53) | Control.HasFocus(54) | Control.HasFocus(55) | Control.HasFocus(57) | Control.HasFocus(23) | Control.HasFocus(24) | Control.HasFocus(56) | Control.HasFocus(58) | Control.HasFocus(59) | Control.HasFocus(90)]</visible>
   </control>

    <control type="radiobutton" id="28">
    <description>Randomize button</description>
    <posx>241</posx>
    <posy>230</posy>
    <width>222</width>
    <height>45</height>
    <font>font12</font>
    <textcolor>white</textcolor>
	<label>13319</label>
    <label>194</label>
    <textoffsetx>10</textoffsetx>
    <texturefocus>input-focus.png</texturefocus>
    <texturenofocus>-</texturenofocus>
    <onleft>50</onleft>
    <onright>50</onright>
    <onup>2</onup>
    <ondown>26</ondown>
    <visible allowhiddenfocus="true">![Window.Next(Home) | Control.HasFocus(50) | Control.HasFocus(51) | Control.HasFocus(52) | Control.HasFocus(53) | Control.HasFocus(54) | Control.HasFocus(55) | Control.HasFocus(57) | Control.HasFocus(23) | Control.HasFocus(24)  | Control.HasFocus(56) | Control.HasFocus(58) | Control.HasFocus(59) | Control.HasFocus(90)]</visible>
   </control>

    <control type="button" id="26">
    <description>Repeat button</description>
    <posx>241</posx>
    <posy>275</posy>
    <width>222</width>
    <height>45</height>
    <font>font12</font>
    <textcolor>white</textcolor>
	<textoffsetx>10</textoffsetx>
    <texturefocus>input-focus.png</texturefocus>
    <texturenofocus>-</texturenofocus>
	<label></label>
    <onleft>50</onleft>
    <onright>50</onright>
    <onup>28</onup>
    <ondown>21</ondown>
    <visible allowhiddenfocus="true">![Window.Next(Home) | Control.HasFocus(50) | Control.HasFocus(51) | Control.HasFocus(52) | Control.HasFocus(53) | Control.HasFocus(54) | Control.HasFocus(55) | Control.HasFocus(57) | Control.HasFocus(23) | Control.HasFocus(24)  | Control.HasFocus(56) | Control.HasFocus(58) | Control.HasFocus(59) | Control.HasFocus(90)]</visible>
   </control>

   <control type="button" id="21">
    <description>Save button</description>
    <posx>241</posx>
    <posy>320</posy>
    <width>222</width>
    <height>45</height>
    <font>font12</font>
    <textcolor>white</textcolor>
	<label>190</label>
    <textoffsetx>10</textoffsetx>
    <texturefocus>input-focus.png</texturefocus>
    <texturenofocus>-</texturenofocus>
    <onleft>50</onleft>
    <onright>50</onright>
    <onup>26</onup>
    <ondown>22</ondown>
    <visible allowhiddenfocus="true">![Window.Next(Home) | Control.HasFocus(50) | Control.HasFocus(51) | Control.HasFocus(52) | Control.HasFocus(53) | Control.HasFocus(54) | Control.HasFocus(55) | Control.HasFocus(57) | Control.HasFocus(23) | Control.HasFocus(24)  | Control.HasFocus(56) | Control.HasFocus(58) | Control.HasFocus(59) | Control.HasFocus(90)]</visible>
   </control>

   <control type="button" id="22">
    <description>Clear button</description>
    <posx>241</posx>
    <posy>365</posy>
    <width>222</width>
    <height>45</height>
    <font>font12</font>
    <textcolor>white</textcolor>
	<label>192</label>
    <textoffsetx>10</textoffsetx>
    <texturefocus>input-focus.png</texturefocus>
    <texturenofocus>-</texturenofocus>
    <onleft>50</onleft>
    <onright>50</onright>
    <onup>21</onup>
    <ondown>2</ondown>
    <visible allowhiddenfocus="true">![Window.Next(Home) | Control.HasFocus(50) | Control.HasFocus(51) | Control.HasFocus(52) | Control.HasFocus(53) | Control.HasFocus(54) | Control.HasFocus(55) | Control.HasFocus(57) | Control.HasFocus(23) | Control.HasFocus(24)  | Control.HasFocus(56) | Control.HasFocus(58) | Control.HasFocus(59) | Control.HasFocus(90)]</visible>
   </control>


  </control>
	
	
<include>Music-Info4:3</include>
<include>Alpha Scroll Label</include>
	</controls>
</window>