<window>
	<id>501</id>
	<defaultcontrol>50</defaultcontrol>
	<animation effect="fade" time="200">WindowClose</animation> 
	<allowoverlay>yes</allowoverlay>
	<controls>

	<control>
		<description>Panel Image</description>
		<type>image</type>
		<posx>0</posx>
		<posy>0</posy>
		<width>720</width>
		<height>576</height>
		<texture>background2.png</texture>
		<visible>!Skin.HasSetting(Background)</visible>
		</control>



<control>
		<description>Background</description>
		<type>image</type>
		<posx>0</posx>
		<posy>0</posy>
		<width>720</width>
		<height>576</height>
		<texture>BlacknWhite.png</texture>
		<visible>!Skin.HasSetting(Background)</visible>
		<animation effect="fade" time="600">WindowOpen</animation>
	    <animation effect="fade" time="200">WindowClose</animation> 
        </control>

<control type="multiimage">
		<posx>0</posx>
		<posy>0</posy>
		<width>720</width>
		<height>576</height>
		<imagepath>Menus</imagepath>
		<info>Skin.String(CustomMenu)</info>
		<timeperimage>5000</timeperimage>
		<fadetime>2000</fadetime>
        <randomize>true</randomize>
		<visible>!Skin.HasSetting(CustomMenu)</visible>
		<visible>Skin.HasSetting(Background)</visible>
		<animation effect="fade" time="200">WindowOpen</animation>
        <animation effect="fade" time="300">WindowClose</animation>
        <animation effect="fade" time="200">Visible</animation>
        <animation effect="fade" delay = "200" time="800">Hidden</animation>
		</control>




		<control type="multiimage">
		<posx>0</posx>
		<posy>0</posy>
		<width>720</width>
		<height>576</height>
		<imagepath>-</imagepath>
		<info>Skin.String(CustomMenuFolder)</info>
		<timeperimage>5000</timeperimage>
		<fadetime>2000</fadetime>
        <randomize>true</randomize>
		<visible>!Skin.HasSetting(CustomMenuFolder)</visible>
		<visible>Skin.HasSetting(Background)</visible>
		<animation effect="fade" time="200">WindowOpen</animation>
        <animation effect="fade" time="300">WindowClose</animation>
        <animation effect="fade" time="200">Visible</animation>
        <animation effect="fade" delay = "200" time="800">Hidden</animation>
		</control>


<include>listcontrol</include>

<include>List 2</include>

<include>List 3</include>

<include>Square Big Icons</include>	
 
<include>Square Small Icons</include>

<include>JukeboxWrap</include>

<include>CD Wrap</include>	

<include>CD Case Wrap</include>

<include>CD Case Wrap2</include>


	<control type="image">
    <description>list item icon</description>
    <posx>15</posx>
    <posy>90</posy>
    <width>365</width>
    <height>365</height>
    <texture>Case1.png</texture>
    <visible>Control.IsVisible(50)</visible>
     </control>
   
   <control type="image">
    <description>list item icon</description>
    <posx>60</posx>
    <posy>105</posy>
    <width>303</width>
    <height>333</height>
    <info>ListItem.Icon</info>
    <visible>Control.IsVisible(50)</visible>
     </control>


 <control type="image">
    <description>list item icon</description>
    <posx>17</posx>
    <posy>87</posy>
    <width>357</width>
    <height>367</height>
    <texture>Case2.png</texture>
    <visible>Control.IsVisible(50)</visible>
     </control>
   




		
	<control>
		<description>Description label</description>
		<label>2</label>
		<include>description</include>
	</control>



   <control type="image">
    <description>Background shadow</description>
    <posx>0</posx>
    <posy>0</posy>
    <width>720</width>
    <height>576</height>
    <texture>black.png</texture>
    <visible allowhiddenfocus="true">![Window.Next(Home) | Control.HasFocus(50) | Control.HasFocus(51) | Control.HasFocus(52) | Control.HasFocus(53) | Control.HasFocus(54) | Control.HasFocus(55) | Control.HasFocus(57) | Control.HasFocus(23) | Control.HasFocus(24) | Control.HasFocus(56) | Control.HasFocus(58) | Control.HasFocus(59)  | Control.HasFocus(90)]</visible>
   </control>

<control type="group">
  <posx>10</posx>
  <posy>-10</posy>


   <control type="image">
    <description>Button Background</description>
    <posx>240</posx>
    <posy>105</posy>
    <width>255</width>
    <height>365</height>
    <texture>button-menu-background.png</texture>
    <visible allowhiddenfocus="true">![Window.Next(Home) | Control.HasFocus(50) | Control.HasFocus(51) | Control.HasFocus(52) | Control.HasFocus(53) | Control.HasFocus(54) | Control.HasFocus(55) | Control.HasFocus(57) | Control.HasFocus(23) | Control.HasFocus(24) | Control.HasFocus(56) | Control.HasFocus(58) | Control.HasFocus(59) | Control.HasFocus(90)]</visible>
   </control>

   <control type="button" id="2">
    <description>View As Icons button</description>
    <posx>241</posx>
    <posy>185</posy>
    <width>222</width>
    <height>45</height>
    <font>font12</font>
    <textcolor>white</textcolor>
	<label>100</label>
    <textoffsetx>10</textoffsetx>
    <aligny>center</aligny>
    <texturefocus>input-focus.png</texturefocus>
    <texturenofocus>-</texturenofocus>
    <onleft>50</onleft>
    <onright>50</onright>
    <onup>5</onup>
    <ondown>3</ondown>
    <visible allowhiddenfocus="true">![Window.Next(Home) | Control.HasFocus(50) | Control.HasFocus(51) | Control.HasFocus(52) | Control.HasFocus(53) | Control.HasFocus(54) | Control.HasFocus(55) | Control.HasFocus(57) | Control.HasFocus(23) | Control.HasFocus(24) | Control.HasFocus(56) | Control.HasFocus(58) | Control.HasFocus(59)  | Control.HasFocus(90)]</visible>
   </control>

   <control type="button" id="3">
    <description>Sort by button</description>
    <posx>241</posx>
    <posy>230</posy>
    <width>222</width>
    <height>45</height>
    <font>font12</font>
    <textcolor>white</textcolor>
	<label>103</label>
    <textoffsetx>10</textoffsetx>
    <texturefocus>input-focus.png</texturefocus>
    <texturenofocus>-</texturenofocus>
    <onleft>50</onleft>
    <onright>4</onright>
    <onup>2</onup>
    <ondown>5</ondown>
    <visible allowhiddenfocus="true">![Window.Next(Home) | Control.HasFocus(50) | Control.HasFocus(51) | Control.HasFocus(52) | Control.HasFocus(53) | Control.HasFocus(54) | Control.HasFocus(55) | Control.HasFocus(57) | Control.HasFocus(23) | Control.HasFocus(24) | Control.HasFocus(56) | Control.HasFocus(58) | Control.HasFocus(59)  | Control.HasFocus(90)]</visible>
   </control>

   <control type="togglebutton" id="4">
    <description>Sort asc</description>
    <posx>420</posx>
    <posy>245</posy>
    <label>-</label>
    <textcolor>white</textcolor>
	<texturefocus>input-focus.png</texturefocus>
    <texturenofocus>-</texturenofocus>
	<onleft>3</onleft>
    <onright>50</onright>
    <onup>2</onup>
    <ondown>5</ondown>
    <visible allowhiddenfocus="true">![Window.Next(Home) | Control.HasFocus(50) | Control.HasFocus(51) | Control.HasFocus(52) | Control.HasFocus(53) | Control.HasFocus(54) | Control.HasFocus(55) | Control.HasFocus(57) | Control.HasFocus(23) | Control.HasFocus(24) | Control.HasFocus(56) | Control.HasFocus(58) | Control.HasFocus(59)  | Control.HasFocus(90)]</visible>
   </control>

   <control type="radiobutton" id="5">
    <description>Library button</description>
    <posx>241</posx>
    <posy>275</posy>
    <width>222</width>
    <height>45</height>
    <font>font12</font>
    <textcolor>white</textcolor>
	<textoffsetx>10</textoffsetx>
    <texturefocus>input-focus.png</texturefocus>
    <texturenofocus>-</texturenofocus>
	<label>$LOCALIZE[14022] $LOCALIZE[456]</label>
    <onclick>ReplaceWindow(mymusiclibrary)</onclick>
    <selected>Window.IsVisible(mymuciclibrary)</selected>
    <onleft>50</onleft>
    <onright>50</onright>
    <onup>3</onup>
    <ondown>2</ondown>
    <visible allowhiddenfocus="true">![Window.Next(Home) | Control.HasFocus(50) | Control.HasFocus(51) | Control.HasFocus(52) | Control.HasFocus(53) | Control.HasFocus(54) | Control.HasFocus(55) | Control.HasFocus(57) | Control.HasFocus(23) | Control.HasFocus(24) | Control.HasFocus(56) | Control.HasFocus(58) | Control.HasFocus(59)  | Control.HasFocus(90)]</visible>
   </control>

  </control>
<include>Music-Info4:3</include>
<include>Alpha Scroll Label</include>
	</controls>
</window>