<window>
	<id>34</id>
	<defaultcontrol>2</defaultcontrol>
	
	<allowoverlay>no</allowoverlay>
	<controls>
<control>
		<description>Panel Image</description>
		<type>image</type>
		<posx>0</posx>
		<posy>0</posy>
		<width>720</width>
		<height>576</height>
		<texture>background2.png</texture>
		<visible>!Skin.HasSetting(Background)</visible>
		</control>





<control type="multiimage">
		<posx>0</posx>
		<posy>0</posy>
		<width>720</width>
		<height>576</height>
		<imagepath>Menus</imagepath>
		<info>Skin.String(CustomMenu)</info>
		<timeperimage>5000</timeperimage>
		<fadetime>2000</fadetime>
        <randomize>true</randomize>
		<visible>!Skin.HasSetting(CustomMenu)</visible>
		<visible>Skin.HasSetting(Background)</visible>
		<animation effect="fade" time="200">WindowOpen</animation>
        <animation effect="fade" time="300">WindowClose</animation>
        <animation effect="fade" time="200">Visible</animation>
        <animation effect="fade" delay = "200" time="800">Hidden</animation>
		</control>




		<control type="multiimage">
		<posx>0</posx>
		<posy>0</posy>
		<width>720</width>
		<height>576</height>
		<imagepath>-</imagepath>
		<info>Skin.String(CustomMenuFolder)</info>
		<timeperimage>5000</timeperimage>
		<fadetime>2000</fadetime>
        <randomize>true</randomize>
		<visible>!Skin.HasSetting(CustomMenuFolder)</visible>
		<visible>Skin.HasSetting(Background)</visible>
		<animation effect="fade" time="200">WindowOpen</animation>
        <animation effect="fade" time="300">WindowClose</animation>
        <animation effect="fade" time="200">Visible</animation>
        <animation effect="fade" delay = "200" time="800">Hidden</animation>
		</control>

<control>
		<description>Background</description>
		<type>image</type>
		<posx>0</posx>
		<posy>0</posy>
		<width>720</width>
		<height>576</height>
		<texture>Movies.png</texture>
		<animation effect="fade" time="1200">Windowopen</animation>
		<visible>!Skin.HasSetting(Background)</visible>
	    </control>



<control type="image">
    <description>Background image</description>
    <posx>-80</posx>
    <posy>0</posy>
    <width>720</width>
    <height>576</height>
    <texture>Left Curtain.png</texture>
    <animation effect="fade" time="300">WindowOpen</animation>
	<animation effect="slide" end="-320,0" delay="0" time="700">Windowclose</animation>
	<visible>!Skin.HasSetting(Background)</visible>
   </control>

<control type="image">
    <description>Background image</description>
    <posx>80</posx>
    <posy>0</posy>
    <width>720</width>
    <height>576</height>
    <texture>right Curtain.png</texture>
    <animation effect="fade" time="700">WindowOpen</animation>
	<animation effect="slide" end="720,0" delay="0" time="1400">Windowclose</animation>
	<visible>!Skin.HasSetting(Background)</visible>
   </control>

	
<control>
<description>Panel Image</description>
<type>image</type>
<posx>65</posx>
<posy>75</posy>
<width>590</width>
<height>465</height>
<texture>black.png</texture>
<animation effect="fade" time="200">WindowOpen</animation>
<animation effect="fade" time="200">WindowClose</animation> 
</control>

<control>
<description>Panel Image</description>
<type>image</type>
<posx>65</posx>
<posy>75</posy>
<width>590</width>
<height>465</height>
<texture>edge.png</texture>
<animation effect="fade" time="200">WindowOpen</animation>
<animation effect="fade" time="200">WindowClose</animation> 
</control>

<control type="image">
<description>header</description>
<posx>65</posx>
<posy>75</posy>
<width>590</width>
<height>38</height>
<texture>input-focus.png</texture>
<colordiffuse>ffffffff</colordiffuse>
<animation effect="fade" time="200">WindowOpen</animation>
<animation effect="fade" time="200">WindowClose</animation> 
</control>



<control type="image">
				<posx>0</posx>
				<posy>6</posy>
				<width>720</width>
				<height>52</height>
				<texture>homebutton-horizontal-nofocus.png</texture>
				<animation effect="fade" time="200">WindowOpen</animation>
                <animation effect="fade" time="200">WindowClose</animation>
				</control>






<control>
		<description>Description label</description>
		<font>Heading-M</font>
	    <textcolor>white</textcolor>
		<label>5</label>
		<include>description</include>
		<animation effect="fade" time="200">WindowOpen</animation>
        <animation effect="fade" time="300">WindowClose</animation>
	</control>



	<control type="radiobutton" id="4">
		<description>Enable Login Screen</description>
		<posx>70</posx>
		<posy>78</posy>
		<height>30</height>
		<width>110</width>
		<label>20096</label>
		<font>font64</font>
		<onup>2</onup>
		<ondown>2</ondown>
		<colordiffuse>99ffffff</colordiffuse>
		<animation effect="fade" time="200">WindowOpen</animation>
        <animation effect="fade" time="300">WindowClose</animation>
		</control>


	<control type="fadelabel" id="3">
		<description>Last Loaded</description>
		<type>fadelabel</type>
		<id>3</id>
		<posx>115</posx>
		<posy>525</posy>
		<width>656</width>
		<label>-</label>
		<font>font64</font>
		<textcolor>white</textcolor>
		<animation effect="fade" time="200">WindowOpen</animation>
        <animation effect="fade" time="300">WindowClose</animation>
		</control>

	<control type="list" id="2">
	<animation effect="fade" time="200">WindowOpen</animation>
        <animation effect="fade" time="300">WindowClose</animation>
		<posx>69</posx>
		<posy>160</posy>
		<width>705</width>
		<height>370</height>
		<onleft>4</onleft>
		<onright>90</onright>
		<onup>4</onup>
		<ondown>4</ondown>
		<pagecontrol>90</pagecontrol>
		<visible>!Window.IsActive(126)</visible>
		<itemlayout height="40">
			<control type="image">
				<posx>5</posx>
				<posy>12</posy>
				<width>16</width>
				<height>16</height>
				<info>ListItem.Icon</info>
				<texture>defaultfolderbig.png</texture>
			</control>
			<control type="label">
				<posx>25</posx>
				<posy>12</posy>
				<width>245</width>
				<height>16</height>
				<font>font64</font>
				<textcolor>white</textcolor>
				<info>ListItem.Label</info>
			</control>
			<control type="label">
				<posx>280</posx>
				<posy>12</posy>
				<width>160</width>
				<height>16</height>
				<font>font64</font>
				<align>right</align>
				<textcolor>white</textcolor>
				<include>selectedcolor</include>
				<info>ListItem.Label2</info>
			</control>
		</itemlayout>
		<focusedlayout height="40">
			<control type="image">
				<posx>0</posx>
				<posy>0</posy>
				<width>300</width>
				<height>40</height>
				<texture>input-focus.png</texture>
				<visible>Control.HasFocus(2)</visible>
			</control>
			
			<control type="image">
				<posx>5</posx>
				<posy>12</posy>
				<width>16</width>
				<height>16</height>
				<info>ListItem.Icon</info>
				<texture>defaultfolderbig.png</texture>
			</control>
			<control type="label">
				<posx>25</posx>
				<posy>12</posy>
				<width>245</width>
				<height>16</height>
				<font>font64</font>
				<textcolor>white</textcolor>
				<scroll>true</scroll>
				<info>ListItem.Label</info>
			</control>
			<control type="label">
				<posx>280</posx>
				<posy>12</posy>
				<width>160</width>
				<height>16</height>
				<font>font64</font>
				<align>right</align>
				<textcolor>white</textcolor>
				<include>selectedcolor</include>
				<info>ListItem.Label2</info>
			</control>

			<control type="image">
<description>list item icon</description>
<posx>320</posx>
<posy>0</posy>
<width>240</width>
<height>240</height>
<info>ListItem.Icon</info>
<aspectratio>keep</aspectratio>
<visible>Control.HasFocus(2)</visible>
</control>

		</focusedlayout>



	</control>


           


<control type="label">
	<posx>0</posx>
	<posy>11</posy>
	<align>center</align>
	<aligny>center</aligny>
	<width>720</width>
	<height>42</height>
	<font>special16</font>
	<textcolor>white</textcolor>
	<visible>!Skin.HasSetting(menulabels)</visible>
	<animation effect="fade" time="200">WindowOpen</animation>
	<animation effect="fade" time="200">WindowClose</animation>
    <label>13200</label>
</control>

<include>Music-Info</include>

	</controls>
</window>