<window id="7">
<defaultcontrol>95</defaultcontrol>
<allowoverlay>no</allowoverlay>
<controls>

<control type="group">
<animation effect="slide" time="600" start="650,0" end="0,0" acceleration="-1" condition="!Skin.HasSetting(animated)">WindowOpen</animation>
<animation effect="slide" time="600" start="0,0" end="730,0" acceleration="-1" condition="!Skin.HasSetting(animated)">WindowClose</animation>

<control type="group">

<control>
<description>Background</description>
<type>image</type>
<posx>0</posx>
<posy>0</posy>
<width>720</width>
<height>576</height>
<texture>BlackGloss.png</texture>
<animation effect="fade" time="200">WindowOpen</animation>
<animation effect="fade" time="200">WindowClose</animation>
</control>

<control type="grouplist" id="9000">
<posx>20</posx>
<posy>470</posy>
<width>680</width>
<itemgap>5</itemgap>
<onup>9000</onup>
<ondown>9000</ondown>
<orientation>horizontal</orientation>
<control type="button" id="95">
<description>Button Default Values</description>
<label>13278</label>
<align>center</align>
<aligny>center</aligny>
<width>132</width>
</control>

<control type="button" id="94">
<description>Button Storage</description>
<label>13277</label>
<width>132</width>
<align>center</align>
<aligny>center</aligny>
</control>

<control type="button" id="92">
<description>Button HDD</description>
<label>13275</label>
<visible>System.Platform.Xbox</visible>
<align>center</align>
<aligny>center</aligny>
<width>132</width>
</control>

<control type="button" id="93">
<description>Button DVD</description>
<label>13276</label>
<visible>System.Platform.Xbox</visible>
<align>center</align>
<aligny>center</aligny>
<width>132</width>
</control>

<control type="button" id="96">
<description>Button Network</description>
<label>13279</label>
<align>center</align>
<aligny>center</aligny>
<width>132</width>
</control>

<control type="button" id="97">
<description>Button Video</description>
<label>13280</label>
<align>center</align>
<aligny>center</aligny>
<width>132</width>
</control>

<control type="button" id="98">
<description>Button Hardware</description>
<label>13281</label>
<align>center</align>
<aligny>center</aligny>
<width>132</width>
</control>

</control>
</control>

<control type="group">
<control type="label" id="40">
<description>fake filter text label</description>
<posx>20</posx>
<posy>80</posy>
<width>520</width>
<height>30</height>
<align>left</align>
<aligny>center</aligny>
<label>-</label>
<font>Heading-M</font>
</control>

<control type="group">
<posx>0</posx>
<posy>125</posy>
<control type="label" id="2">
<description>Label 2</description>
<posx>20</posx>
<posy>0</posy>
<width>520</width>
<label>-</label>
<font>font12</font>
<align>left</align>
<aligny>center</aligny>
</control>
<control type="label" id="3">
<description>Label 3</description>
<posx>20</posx>
<posy>37</posy>
<width>520</width>
<label>-</label>
<font>font12</font>
<align>left</align>
<aligny>center</aligny>
</control>
<control type="label" id="4">
<description>Label 4</description>
<posx>20</posx>
<posy>70</posy>
<width>520</width>
<label>-</label>
<font>font12</font>
<align>left</align>
<aligny>center</aligny>
</control>
<control type="label" id="5">
<description>Label 5</description>
<posx>20</posx>
<posy>105</posy>
<width>520</width>
<label>-</label>
<font>font12</font>
<align>left</align>
<aligny>center</aligny>
</control>
<control type="label" id="6">
<description>Label 6</description>
<posx>20</posx>
<posy>140</posy>
<width>520</width>
<label>-</label>
<font>font12</font>
<align>left</align>
<aligny>center</aligny>
</control>
<control type="label" id="7">
<description>Label 7</description>
<posx>20</posx>
<posy>175</posy>
<width>520</width>
<label>-</label>
<font>font12</font>
<align>left</align>
<aligny>center</aligny>
</control>
<control type="label" id="8">
<description>Label 8</description>
<posx>20</posx>
<posy>210</posy>
<width>520</width>
<label>-</label>
<font>font12</font>
<align>left</align>
<aligny>center</aligny>
</control>
<control type="label" id="9">
<description>Label 9</description>
<posx>20</posx>
<posy>245</posy>
<width>520</width>
<label>-</label>
<font>font12</font>
<align>left</align>
<aligny>center</aligny>
</control>
<control type="label" id="10">
<description>Label 10</description>
<posx>20</posx>
<posy>280</posy>
<width>520</width>
<label>-</label>
<font>font12</font>
<align>left</align>
<aligny>center</aligny>
</control>
<control type="label" id="11">
<description>Label 11</description>
<posx>20</posx>
<posy>315</posy>
<width>520</width>
<label>-</label>
<font>font12</font>
<align>left</align>
<aligny>center</aligny>
</control>
<control type="label" id="52">
<description>XBMC XBE BUILD Version</description>
<posx>20</posx>
<posy>350</posy>
<width>520</width>
<label>144</label>
<textcolor>White</textcolor>
<shadowcolor>black</shadowcolor>
<font>font12</font>
<align>left</align>
<aligny>center</aligny>
</control>
</control>
</control>




</control>


</controls>
</window>