<window>
	<id>125</id>
	<defaultcontrol>2</defaultcontrol>
	<include>dialog-effect</include> 
	<coordinates>
	<system>1</system>
	<origin x="10" y="95">true</origin>
	</coordinates>
	<controls>

	<control>
		<description>Background Image</description>
		<type>image</type>
		<posx>2.5</posx>
		<posy>25</posy>
		<width>415</width>
		<height>320</height>
		<texture>black.png</texture>
	</control>

	<control>
		<description>Background Header Image</description>
		<type>image</type>
		<posx>2.5</posx>
		<posy>-5</posy>
		<width>415</width>
		<height>31</height>
		<texture>background2.png</texture>
		<colordiffuse>bbffffff</colordiffuse>
	</control>

	<control>
		<description>Settings Label</description>
		<type>label</type>
		<posx>2.5</posx>
		<posy>2</posy>
		<label>13398</label>
		<width>415</width>
		<align>center</align>
		<font>font12</font>
	</control>

	<control>
		<description>Create Bookmark Button</description>
		<type>button</type>
		<id>2</id>
		<posx>10</posx>
		<posy>30</posy>
		<width>198</width>
		<height>31</height>
		<font>font12</font>
		<textoffsetx>12</textoffsetx>
		<texture></texture>
		<colordiffuse>bbffffff</colordiffuse>
		<aligny>center</aligny>
		<align>center</align>
		<label>294</label>
		<onleft>3</onleft>
		<onright>3</onright>
		<ondown>11</ondown>
		<onup>11</onup>
	</control>

	<control>
		<description>Clear Bookmarks Button</description>
		<type>button</type>
		<id>3</id>
		<posx>212</posx>
		<posy>30</posy>
		<width>198</width>
		<height>31</height>
		<font>font12</font>
		<texture></texture>
		<colordiffuse>bbffffff</colordiffuse>
		<aligny>center</aligny>
		<align>center</align>
		<label>296</label>
		<onleft>2</onleft>
		<onright>2</onright>
		<ondown>11</ondown>
		<onup>11</onup>
	</control>

<control type="panel" id="11">
			<posx>10</posx>
			<posy>65</posy>
			<width>400</width>
			<height>270</height>
			<onleft>2</onleft>
			<onright>3</onright>
			<ondown>2</ondown>
			<onup>2</onup>
			<scrolltime>200</scrolltime>
			<viewtype label="536">icon</viewtype>
			<pagecontrol>-</pagecontrol>
			
			<itemlayout height="90" width="133.33">
			
				<control type="image">
					<posx>1</posx>
					<posy>1</posy>
					<width>131.33</width>
					<height>88</height>
					<texture border="5">input-nofocus.png</texture>
				</control>

				<control type="image">
					<posx>6</posx>
					<posy>6</posy>
					<width>121.33</width>
					<height>78</height>
					<info>ListItem.icon</info>
					</control>

				<control type="label">
					<posx>66.665</posx>
					<posy>71</posy>
					<width>121.33</width>
					<height>10</height>
					<font>font12</font>
					<selectedcolor>white</selectedcolor>
					<align>center</align>
					<info>ListItem.Label</info>
				</control>

			</itemlayout>

			<focusedlayout height="90" width="133.33">
				<control type="image">
					<posx>1</posx>
					<posy>1</posy>
					<width>131.33</width>
					<height>88</height>
					<texture border="5">input-focus.png</texture>
				</control>

				<control type="image">
					<posx>6</posx>
					<posy>6</posy>
					<width>121.33</width>
					<height>78</height>
					<info>ListItem.icon</info>
					</control>
					
				<control type="label">
					<posx>66.665</posx>
					<posy>71</posy>
					<width>121.33</width>
					<height>10</height>
					<font>font12</font>
					<selectedcolor>white</selectedcolor>
					<align>center</align>
					<info>ListItem.Label</info>
				</control>

			</focusedlayout>

		</control>


	</controls>
</window>