<window id="129">
  <defaultcontrol>10</defaultcontrol>

  <controls>

    <control type="group">
      <include>SelectionDialogPos</include>

      <include>SelectionDialogBG</include>

      <control type="group">
        <posx>10</posx>
        <posy>14</posy>

        <control type="label" id="2">
          <description>Heading</description>
          <include>SelectionDialogTitle</include>
        </control>
  
        <control type="group">
          <include>SelectionDialogControlsPos</include>
  
          <control type="label" id="412">
            <description>Path Label</description>
            <width>SelectionDialogShortTextWidth</width>
            <label>$LOCALIZE[1021]</label>
            <include>SelectionDialogCaption</include>
          </control>
      
          <control type="list" id="10">
            <posx>0</posx>
            <posy>28</posy>
            <width>SelectionDialogShortTextWidth</width>
            <height>100</height>
            <onleft>12</onleft>
            <onright>9000</onright>
            <onup>10</onup>
            <ondown>12</ondown>
            <scrolltime>200</scrolltime>
      
            <itemlayout height="28">
              <control type="label">
                <posx>4</posx>
                <width>SelectionDialogShortTextWidth</width>
                <info>ListItem.Label</info>
                <textcolor>Unfocused</textcolor>
              </control>
            </itemlayout>
  
            <focusedlayout height="28">
              <control type="label">
                <posx>4</posx>
                <width>SelectionDialogShortTextWidth</width>
                <info>ListItem.Label</info>
                <textcolor>Unfocused</textcolor>
                <visible>!Control.HasFocus(10)</visible>
              </control>
              <control type="label">
                <posx>4</posx>
                <width>SelectionDialogShortTextWidth</width>
                <info>ListItem.Label</info>
                <textcolor>Focused</textcolor>
                <visible>Control.HasFocus(10)</visible>
              </control>
              <control type="image">
                <posx>-4</posx>
                <width>SelectionDialogShortTextWidth</width>
                <height>28</height>
                <texture flipx="true">HomeBladeSubFO2.png</texture>
                <visible>Control.HasFocus(10)</visible>
              </control>
            </focusedlayout>
          </control>
          
          <control type="grouplist" id="9000">
            <posx>SelectionDialogButtonPosX</posx>
            <posy>-6</posy>
            <onleft>10</onleft>
            <orientation>vertical</orientation>
            <itemgap>8</itemgap>
  
            <control type="button" id="11">
              <description>Browse Button</description>
              <label>$LOCALIZE[1024]</label>
            </control>

            <control type="button" id="13">
              <description>Add Button</description>
              <label>$LOCALIZE[15019]</label>
            </control>

            <control type="button" id="14">
              <description>Remove Button</description>
              <label>$LOCALIZE[1210]</label>
            </control>
          </control>
  
          <control type="group">
            <posy>150</posy>
  
            <control type="label" id="0">
              <description>Name Label</description>
              <width>SelectionDialogTextWidth</width>
              <label>$LOCALIZE[1022]</label>
              <include>SelectionDialogCaption</include>
            </control>
  
            <control type="button" id="12">
              <description>Name Info</description>
              <posx>-4</posx>
              <posy>20</posy>
              <width>SelectionDialogTextWidth</width>
              <onup>10</onup>
              <ondown>100</ondown>
              <onright>9000</onright>
              <include>DialogTextControl</include>
            </control>
          </control>
  
          <control type="grouplist" id="100">
            <include>MediaSourceBottomBtnsDims</include>
            <onup>12</onup>
            <onright>9000</onright>
            <orientation>horizontal</orientation>
            <itemgap>10</itemgap>

            <control type="button" id="20">
              <description>Content Button</description>
              <width>MediaSourceSetContentBtnWidth</width>
              <label>$LOCALIZE[20333]</label>
            </control>

            <control type="button" id="18">
              <description>Ok Button</description>
              <label>$LOCALIZE[186]</label>
            </control>

            <control type="button" id="19">
              <description>Cancel Button</description>
              <label>$LOCALIZE[222]</label>
            </control>
          </control>
        </control>
      </control>
    </control>
  </controls>
</window>
