<window id="129">
  <defaultcontrol always="true">22</defaultcontrol>

  <controls>

    <control type="group">
      <posx>720</posx>
      <posy>-10</posy>
      <animation effect="slide" time="300" tween="circle" easing="out" start="600,-500" end="0,0">WindowOpen</animation>
      <animation effect="slide" time="300" tween="circle" easing="out" start="600,-500" end="0,0">Visible</animation>
      <animation effect="slide" time="200" tween="circle" easing="in" start="0,0" end="600,-500">WindowClose</animation>
      <animation effect="slide" time="200" tween="circle" easing="in" start="0,0" end="600,-500">Hidden</animation>
      <visible>!Window.IsVisible(SmartPlaylistRule.xml)</visible>

      <control type="image">
        <description>Dialog Background</description>
        <width>570</width>
        <height>440</height>
        <include>OverlayDarkArea</include>
      </control>

      <control type="group">
        <posx>10</posx>
        <posy>24</posy>

        <control type="label" id="1000">
          <description>Heading</description>
          <width>SmartPlaylistTextWidth</width>
          <label>$LOCALIZE[21432]</label>
          <include>SelectionDialogTitle</include>
        </control>

        <control type="group">
          <posy>38</posy>

          <control type="spincontrolex" id="22">
            <description>Set Playlist type</description>
            <width>SmartPlaylistTextWidth</width>
            <onright>22</onright>
            <onleft>22</onleft>
            <onup>9001</onup>
            <ondown>12</ondown>
            <align>left</align>
            <include>DialogTextControl</include>
          </control>

          <control type="group">
            <posx>0</posx>
            <posy>32</posy>

            <control type="label" id="0">
              <description>Name Label</description>
              <posx>10</posx>
              <width>SmartPlaylistTextWidth</width>
              <label>21433</label>
              <include>DialogTextControl</include>
            </control>

            <control type="button" id="12">
              <description>Name Button</description>
              <posy>22</posy>
              <width>SmartPlaylistTextWidth</width>
              <textoffsetx>14</textoffsetx>
              <onup>22</onup>
              <onleft>12</onleft>
              <onright>12</onright>
              <ondown>10</ondown>
              <disabledcolor>Unfocused</disabledcolor>
              <include>DialogTextControl</include>
            </control>

            <control type="label">
              <description>Rules label</description>
              <posx>10</posx>
              <posy>64</posy>
              <width>SmartPlaylistTextWidth</width>
              <label>21434</label>
              <include>DialogTextControl</include>
            </control>

            <control type="group">
              <posy>90</posy>

              <control type="list" id="10">
                <description>Rules List Control</description>
                <width>380</width>
                <height>102</height>
                <onup>12</onup>
                <onleft>9000</onleft>
                <onright>9000</onright>
                <ondown>16</ondown>

                <itemlayout width="380" height="34">
                  <control type="label">
                    <posx>14</posx>
                    <width>380</width>
                    <height>34</height>
                    <info>ListItem.Label</info>
                    <aligny>center</aligny>
                    <include>DialogTextColors</include>
                  </control>
                </itemlayout>

                <focusedlayout width="380" height="34">
                  <control type="label">
                    <posx>14</posx>
                    <width>380</width>
                    <height>34</height>
                    <info>ListItem.Label</info>
                    <aligny>center</aligny>
                    <textcolor>Unfocused</textcolor>
                    <visible>!Control.HasFocus(10)</visible>
                  </control>

                  <control type="image">
                    <posy>2</posy>
                    <width>380</width>
                    <height>34</height>
                    <texture border="3">black_rounded.png</texture>
                    <visible>Control.HasFocus(10)</visible>
                  </control>
                  <control type="label">
                    <posx>14</posx>
                    <width>380</width>
                    <height>34</height>
                    <info>ListItem.Label</info>
                    <aligny>center</aligny>
                    <textcolor>Focused</textcolor>
                    <visible>Control.HasFocus(10)</visible>
                  </control>
                </focusedlayout>
              </control>

              <control type="group" id="9000">
                <posx>396</posx>

                <control type="button" id="13">
                  <description>Add Rule Button</description>
                  <label>15019</label>
                  <onup>17</onup>
                  <onleft>10</onleft>
                  <onright>10</onright>
                  <ondown>14</ondown>
                </control>

                <control type="button" id="14">
                  <description>Remove Rule Button</description>
                  <posy>32</posy>
                  <label>1210</label>
                  <onup>13</onup>
                  <onleft>10</onleft>
                  <onright>10</onright>
                  <ondown>15</ondown>
                </control>

                <control type="button" id="15">
                  <description>Edit Rule Button</description>
                  <posy>64</posy>
                  <label>21435</label>
                  <onup>14</onup>
                  <onleft>10</onleft>
                  <onright>10</onright>
                  <ondown>16</ondown>
                </control>
              </control>

              <control type="group">
                <posy>114</posy>

                <control type="spincontrolex" id="16">
                  <description>Rule Matching</description>
                  <width>SmartPlaylistTextWidth</width>
                  <label>21424</label>
                  <onright>16</onright>
                  <onleft>16</onleft>
                  <onup>10</onup>
                  <ondown>17</ondown>
                  <disabledcolor>Unfocused</disabledcolor>
                  <include>DialogTextControl</include>
                </control>

                <control type="spincontrolex" id="17">
                  <description>Limit</description>
                  <posy>32</posy>
                  <width>SmartPlaylistTextWidth</width>
                  <label>21427</label>
                  <onright>17</onright>
                  <onleft>17</onleft>
                  <onup>16</onup>
                  <ondown>18</ondown>
                  <include>DialogTextControl</include>
                </control>

                <control type="spincontrolex" id="18">
                  <description>Sort By</description>
                  <posy>64</posy>
                  <width>350</width>
                  <label>21429</label>
                  <onright>19</onright>
                  <onleft>19</onleft>
                  <onup>17</onup>
                  <ondown>9001</ondown>
                  <include>DialogTextControl</include>
                </control>

                <control type="radiobutton" id="19">
                  <description>Sort Direction</description>
                  <posx>360</posx>
                  <posy>64</posy>
                  <width>170</width>
                  <height>32</height>
                  <aligny>center</aligny>
                  <label>21431</label>
                  <altlabel>21430</altlabel>
                  <onright>18</onright>
                  <onleft>18</onleft>
                  <onup>17</onup>
                  <ondown>9001</ondown>
                  <include>DialogTextControl</include>
                </control>
              </control>
            </control>
          </control>
        </control>
      </control>

      <control type="group" id="9001">
        <posy>400</posy>
        <posx>140</posx>

        <control type="button" id="20">
          <description>Ok Button</description>
          <label>186</label>
          <onup>18</onup>
          <onleft>21</onleft>
          <onright>21</onright>
          <ondown>22</ondown>
        </control>

        <control type="button" id="21">
          <description>Cancel Button</description>
          <posx>150</posx>
          <label>222</label>
          <onup>18</onup>
          <onleft>20</onleft>
          <onright>20</onright>
          <ondown>22</ondown>
        </control>
      </control>
    </control>

  </controls>
</window>
