<includes>
	<default type="image">
		<posx>0</posx>
		<posy>0</posy>
		<texture>-</texture>
		<colorkey>0</colorkey>
		<include>controldefaults</include>
	</default>
	<default type="label">
		<posx>80</posx>
		<posy>60</posy>
		<label>6</label>
		<font>font13</font>
		<include>textcolorblack</include>
	</default>
	<default type="button">
		<posx>300</posx>
		<posy>200</posy>
		<width>150</width>
		<height>33</height>
		<align>center</align>
		<include>controldefaults</include>
		<font>font14</font>
	</default>
	<default type="togglebutton">
		<posx>185</posx>
		<posy>167</posy>
		<width>10</width>
		<height>12</height>
		<texturefocus>scroll-up-focus.gif</texturefocus>
		<texturenofocus>toggle-up.png</texturenofocus>
		<alttexturefocus>scroll-down-focus.gif</alttexturefocus>
		<alttexturenofocus>toggle-down.png</alttexturenofocus>
		<label>-</label>
		<font>font13</font>
		<include>controldefaults</include>
		<disabledcolor>60ffffff</disabledcolor>
	</default>
	<default type="listcontrol">
		<posx>211</posx>
		<posy>121</posy>
		<width>445</width>
		<height>425</height>
		<spinwidth>18</spinwidth>
		<spinheight>16</spinheight>
		<spinposx>419</spinposx>
		<spinposy>404</spinposy>
		<spincolor>ffffffff</spincolor>
		<spinfont>font10</spinfont>
		<textureup>scroll-up.png</textureup>
		<texturedown>scroll-down.png</texturedown>
		<textureupfocus>scroll-up-focus.png</textureupfocus>
		<texturedownfocus>scroll-down-focus.png</texturedownfocus>
		<texturefocus>list-focus.png</texturefocus>
		<texturenofocus>list-nofocus.png</texturenofocus>
		<image>icon-folder.png</image>
		<textureheight>26</textureheight>
		<font>font13</font>
		<include>listselectedcolor</include>
		<textcolor2>ff000000</textcolor2>
		<include>controldefaults</include>
		<suffix>|</suffix>
		<textxoff>3</textxoff>
		<textxoff2>0</textxoff2>
		<aligny>center</aligny>
	</default>
	<default type="listcontrolex">
		<posx>222</posx>
		<posy>190</posy>
		<width>440</width>
		<height>260</height>
		<spinwidth>18</spinwidth>
		<spinheight>16</spinheight>
		<spinposx>718</spinposx>
		<spinposy>235</spinposy>
		<spincolor>ffffffff</spincolor>
		<spinfont>font10</spinfont>
		<textureup>scroll-up.png</textureup>
		<texturedown>scroll-down.png</texturedown>
		<textureupfocus>scroll-up-focus.png</textureupfocus>
		<texturedownfocus>scroll-down-focus.png</texturedownfocus>
		<texturefocus>list-focus.png</texturefocus>
		<texturenofocus>list-nofocus.png</texturenofocus>
		<textureheight>26</textureheight>
		<image>defaultFolderBig.png</image>
		<font>font12</font>
		<selectedcolor>d0ffffff</selectedcolor>
		<include>controldefaults</include>
		<suffix>|</suffix>
		<aligny>center</aligny>
	</default>
	<default type="thumbnailpanel">
		<posx>210</posx>
		<posy>125</posy>
		<width>520</width>
		<height>395</height>
		<spinwidth>18</spinwidth>
		<spinheight>16</spinheight>
		<spincolor>ffffffff</spincolor>
		<spinfont>font10</spinfont>
		<spinposx>415</spinposx>
		<spinposy>405</spinposy>
		<textureup>scroll-up.png</textureup>
		<texturedown>scroll-down.png</texturedown>
		<textureupfocus>scroll-up-focus.png</textureupfocus>
		<texturedownfocus>scroll-down-focus.png</texturedownfocus>
		<itemwidth>110</itemwidth>
		<itemheight>130</itemheight>
		<texturewidth>92</texturewidth>
		<textureheight>100</textureheight>
		<thumbwidth>82</thumbwidth>
		<thumbheight>90</thumbheight>
		<thumbposx>5</thumbposx>
		<thumbposy>5</thumbposy>
		<imagefolder>folder-nofocus.png</imagefolder>
		<imagefolderfocus>folder-focus.png</imagefolderfocus>
		<font>font13</font>
		<selectedcolor>FFffffff</selectedcolor>
		<include>controldefaults</include>
		<texturewidthbig>134</texturewidthbig>
		<textureheightbig>144</textureheightbig>
		<itemwidthbig>148</itemwidthbig>
		<itemheightbig>195</itemheightbig>
		<thumbwidthbig>120</thumbwidthbig>
		<thumbheightbig>133</thumbheightbig>
		<thumbposxbig>7</thumbposxbig>
		<thumbposybig>5</thumbposybig>
		<suffix>-</suffix>
	</default>
	<default type="fadelabel">
		<posx>55</posx>
		<posy>530</posy>
		<width>180</width>
		<align>left</align>
		<font>font13</font>
		<include>textcolorwhite</include>
	</default>
	<default type="textbox">
		<posx>220</posx>
		<posy>220</posy>
		<width>410</width>
		<height>215</height>
		<spinwidth>18</spinwidth>
		<spinheight>16</spinheight>
		<spinposx>410</spinposx>
		<spinposy>305</spinposy>
		<spincolor>ffffffff</spincolor>
		<spinfont>font10</spinfont>
		<textureup>scroll-up.png</textureup>
		<texturedown>scroll-down.png</texturedown>
		<textureupfocus>scroll-up-focus.png</textureupfocus>
		<texturedownfocus>scroll-down-focus.png</texturedownfocus>
		<image>icon-folder.png</image>
		<font>font13</font>
		<include>controldefaults</include>
	</default>
	<default type="progress">
		<posx>100</posx>
		<posy>325</posy>
		<texturebg>progress_back.png</texturebg>
		<lefttexture>progress_left.png</lefttexture>
		<midtexture>progress_mid.png</midtexture>
		<righttexture>progress_right.png</righttexture>
		<overlaytexture>progress_over.png</overlaytexture>
	</default>
	<default type="spincontrol">
		<posx>330</posx>
		<posy>126</posy>
		<textureup>scroll-up.png</textureup>
		<texturedown>scroll-down.png</texturedown>
		<textureupfocus>scroll-up-focus.png</textureupfocus>
		<texturedownfocus>scroll-down-focus.png</texturedownfocus>
		<align>right</align>
		<width>18</width>
		<height>16</height>
		<font>font13</font>
		<include>textcolorwhite</include>
		<disabledcolor>60ffffff</disabledcolor>
		<subtype>text</subtype>
		<textoffsetx>-5</textoffsetx>
		<textoffsety>0</textoffsety>
		<aligny>-</aligny>
	</default>
	<default type="spincontrolex">
		<posx>530</posx>
		<posy>150</posy>
		<width>300</width>
		<height>33</height>
		<spinwidth>18</spinwidth>
		<spinheight>16</spinheight>
		<texturefocus>list-focus.png</texturefocus>
		<texturenofocus>-</texturenofocus>
		<textureup>scroll-up.png</textureup>
		<texturedown>scroll-down.png</texturedown>
		<textureupfocus>scroll-up-focus.png</textureupfocus>
		<texturedownfocus>scroll-down-focus.png</texturedownfocus>
		<font>font13</font>
		<include>controldefaults</include>
		<disabledcolor>60d0d0d0</disabledcolor>
		<textoffsetx>7</textoffsetx>
		<aligny>center</aligny>
		<reverse>true</reverse>
	</default>
	<default type="checkmark">
		<posx>208</posx>
		<posy>166</posy>
		<include>textcolorwhite</include>
		<disabledcolor>60ffffff</disabledcolor>
		<font>font13</font>
		<label>167</label>
		<texturecheckmark>check-box.png</texturecheckmark>
		<texturecheckmarknofocus>check-boxNF.png</texturecheckmarknofocus>
		<markwidth>16</markwidth>
		<markheight>20</markheight>
		<align>left</align>
		<shadow>no</shadow>
	</default>
	<default type="radiobutton">
		<posx>50</posx>
		<posy>268</posy>
		<width>160</width>
		<height>35</height>
		<textureradiofocus>radiobutton-focus.png</textureradiofocus>
		<textureradionofocus>radiobutton-nofocus.png</textureradionofocus>
		<texturefocus>button-focus.png</texturefocus>
		<texturenofocus>button-nofocus.png</texturenofocus>
		<label>215</label>
		<font>font13</font>
		<include>controldefaults</include>
		<disabledcolor>60ffffff</disabledcolor>
		<textoffsetx>17</textoffsetx>
		<aligny>center</aligny>
	</default>
	<default type="selectbutton">
		<posx>60</posx>
		<posy>192</posy>
		<width>150</width>
		<height>35</height>
		<label>132</label>
		<font>font13</font>
		<texturefocus>button-focus.png</texturefocus>
		<texturenofocus>button-nofocus.png</texturenofocus>
		<texturebg>button-focus.png</texturebg>
		<textureleft>select-left.gif</textureleft>
		<textureleftfocus>select-left-focus.png</textureleftfocus>
		<textureright>select-right.gif</textureright>
		<texturerightfocus>select-right-focus.png</texturerightfocus>
		<font>font13</font>
		<include>controldefaults</include>
		<disabledcolor>60ffffff</disabledcolor>
		<onleft>50</onleft>
		<onright>50</onright>
		<onup>3</onup>
		<ondown>7</ondown>
		<textoffsetx>17</textoffsetx>
		<aligny>center</aligny>
	</default>
	<default type="slider">
		<controloffsetx>75</controloffsetx>
		<controloffsety>0</controloffsety>
	</default>
	<default type="mover">
		<posx>60</posx>
		<posy>192</posy>
		<texturefocus>button-focus.png</texturefocus>
		<texturenofocus>button-nofocus.png</texturenofocus>
	</default>
	<default type="resize">
		<posx>60</posx>
		<posy>192</posy>
		<texturefocus>button-focus.png</texturefocus>
		<texturenofocus>button-nofocus.png</texturenofocus>
	</default>
</includes>