<window type="buttonMenu" id="111">
	<defaultcontrol always="true">3112</defaultcontrol>
	<controls>
		<control type="image">
			<posx>0</posx>
			<posy>0</posy>
			<width>720</width>
			<height>576</height>
			<texture>background-blackbase.png</texture>
			<animation effect="fade" time="200">WindowOpen</animation>
			<animation effect="fade" time="700">WindowClose</animation>
		</control>
		<control type="label" id="1">
			<description>description label</description>
			<posx>50</posx>
			<posy>25</posy>
			<align>left</align>
			<include>menulabel</include>
			<font>font32</font>
			<include>textcolorwhite</include>
			<include>homebuttonanimation</include>
		</control>
		<control type="image">
			<description>Shutdown bar</description>
			<posx>220</posx>
			<posy>425</posy>
			<width>450</width>
			<height>58</height>
			<texture>shutdown-bar.png</texture>
			<include>homebuttonanimation</include>
		</control>
		<control type="image">
			<description>Controller</description>
			<posx>10</posx>
			<posy>375</posy>
			<width>199</width>
			<height>263</height>
			<texture>shutdown-controller.png</texture>
			<include>homebuttonanimation</include>
		</control>
		<control type="image">
			<description>Right Up Arrow</description>
			<posx>140</posx>
			<posy>123</posy>
			<width>92</width>
			<height>55</height>
			<texture>shutdown-arrowup.png</texture>
			<visible>Control.HasFocus(3112) | Control.HasFocus(3200) | Control.HasFocus(3201) | Control.HasFocus(3202) | Control.HasFocus(3203) | Control.HasFocus(3204)</visible>
			<include>homebuttonanimation</include>
		</control>
		<control type="image">
			<description>Right Down Arrow</description>
			<posx>140</posx>
			<posy>340</posy>
			<width>92</width>
			<height>55</height>
			<texture>shutdown-arrowdown.png</texture>
			<visible>Control.HasFocus(3112) | Control.HasFocus(3200) | Control.HasFocus(3201) | Control.HasFocus(3202) | Control.HasFocus(3203) | Control.HasFocus(3204)</visible>
			<include>homebuttonanimation</include>
		</control>
		<control type="image">
			<description>Left Up Arrow</description>
			<posx>490</posx>
			<posy>123</posy>
			<width>92</width>
			<height>55</height>
			<texture>shutdown-arrowup.png</texture>
			<visible>Control.HasFocus(3114) | Control.HasFocus(3115)</visible>
			<include>homebuttonanimation</include>
		</control>
		<control type="image">
			<description>Left Down Arrow</description>
			<posx>490</posx>
			<posy>340</posy>
			<width>92</width>
			<height>55</height>
			<texture>shutdown-arrowdown.png</texture>
			<visible>Control.HasFocus(3114) | Control.HasFocus(3115)</visible>
			<include>homebuttonanimation</include>
		</control>
		
		<control type="group" id="9006">
			<control type="button" id="3112">
				<description>Shutdown button</description>
				<posx>25</posx>
				<posy>185</posy>
				<width>325</width>
				<height>150</height>
    				<texturenofocus>button-big-nofocus.png</texturenofocus>
		    		<texturefocus>button-big-focus.png</texturefocus>
				<onclick>XBMC.ShutDown()</onclick>
				<pulseonselect>no</pulseonselect>
				<onleft>3113</onleft>
				<onright>3114</onright>
				<onup>3200</onup>
				<ondown>3204</ondown>
				<font>special24</font>
				<label>13005</label>
				<aligny>center</aligny>
				<include>textcolorblack</include>
				<include>shutdownmenu</include>
			</control>
			<control type="button" id="3200">
				<description>30min ShutdownTimer button</description>
				<posx>25</posx>
				<posy>185</posy>
				<width>325</width>
				<height>150</height>
    				<texturefocus>button-big-focus.png</texturefocus>
				<texturenofocus>-</texturenofocus>
				<onclick>XBMC.AlarmClock(shutdowntimer,XBMC.ShutDown(),30)</onclick>
				<pulseonselect>no</pulseonselect>
				<onleft>3113</onleft>
				<onright>3114</onright>
				<onup>3201</onup>
				<ondown>3112</ondown>
				<font>special24</font>
				<label>20147</label>
				<aligny>center</aligny>
				<include>textcolorblack</include>
				<include>shutdownmenu</include>
				<visible allowhiddenfocus="true">Control.HasFocus(3200)</visible>
			</control>
			<control type="button" id="3201">
				<description>60min ShutdownTimer button</description>
				<posx>25</posx>
				<posy>185</posy>
				<width>325</width>
				<height>150</height>
    				<texturefocus>button-big-focus.png</texturefocus>
				<texturenofocus>-</texturenofocus>
				<onclick>XBMC.AlarmClock(shutdowntimer,XBMC.ShutDown(),60)</onclick>
				<pulseonselect>no</pulseonselect>
				<onleft>3113</onleft>
				<onright>3114</onright>
				<onup>3202</onup>
				<ondown>3200</ondown>
				<font>special24</font>
				<label>20148</label>
				<aligny>center</aligny>
				<include>textcolorblack</include>
				<include>shutdownmenu</include>
				<visible allowhiddenfocus="true">Control.HasFocus(3201)</visible>
			</control>
			<control type="button" id="3202">
				<description>120min ShutdownTimer button</description>
				<posx>25</posx>
				<posy>185</posy>
				<width>325</width>
				<height>150</height>
    				<texturefocus>button-big-focus.png</texturefocus>
				<texturenofocus>-</texturenofocus>
				<onclick>XBMC.AlarmClock(shutdowntimer,XBMC.ShutDown(),120)</onclick>
				<pulseonselect>no</pulseonselect>
				<onleft>3113</onleft>
				<onright>3114</onright>
				<onup>3203</onup>
				<ondown>3201</ondown>
				<font>special24</font>
				<label>20149</label>
				<aligny>center</aligny>
				<include>textcolorblack</include>
				<include>shutdownmenu</include>
				<visible allowhiddenfocus="true">Control.HasFocus(3202)</visible>
			</control>
			<control type="button" id="3203">
				<description>Custom ShutdownTimer button</description>
				<posx>25</posx>
				<posy>185</posy>
				<width>325</width>
				<height>150</height>
    				<texturefocus>button-big-focus.png</texturefocus>
				<texturenofocus>-</texturenofocus>
				<onclick>XBMC.AlarmClock(shutdowntimer,XBMC.ShutDown())</onclick>
				<pulseonselect>no</pulseonselect>
				<onleft>3113</onleft>
				<onright>3114</onright>
				<onup>3204</onup>
				<ondown>3202</ondown>
				<font>special24</font>
				<label>20150</label>
				<aligny>center</aligny>
				<include>textcolorblack</include>
				<include>shutdownmenu</include>
				<visible allowhiddenfocus="true">Control.HasFocus(3203)</visible>
			</control>
			<control type="button" id="3204">
				<description>Cancel ShutdownTimer button</description>
				<posx>25</posx>
				<posy>185</posy>
				<width>325</width>
				<height>150</height>
    				<texturefocus>button-big-focus.png</texturefocus>
				<texturenofocus>-</texturenofocus>
				<onclick>XBMC.CancelAlarm(shutdowntimer)</onclick>
				<pulseonselect>no</pulseonselect>
				<onleft>3113</onleft>
				<onright>3114</onright>
				<onup>3112</onup>
				<ondown>3203</ondown>
				<font>-</font>
				<label>20151</label>
				<aligny>center</aligny>
				<include>textcolorblack</include>
				<include>shutdownmenu</include>
				<visible>System.HasAlarm(shutdowntimer)</visible>
			</control>
			<control type="label" id="3204">
				<description>Cancel ShutdownTimer label</description>
				<posx>25</posx>
				<posy>185</posy>
				<width>325</width>
				<height>150</height>
				<align>center</align>
				<aligny>center</aligny>
				<pulseonselect>no</pulseonselect>
				<font>special24</font>
				<label>20151</label>
				<include>textcolorblack</include>
				<include>shutdownmenu</include>
				<visible>Control.HasFocus(3204)</visible>
				<wrapmultiline>true</wrapmultiline>
			</control>
			
			<control type="button" id="3114">
				<description>Reboot button</description>
				<posx>370</posx>
				<posy>185</posy>
				<width>325</width>
				<height>150</height>
    				<texturenofocus>button-big-nofocus.png</texturenofocus>
    				<texturefocus>button-big-focus.png</texturefocus>
				<onclick>XBMC.Reset()</onclick>
				<pulseonselect>no</pulseonselect>
				<onleft>3112</onleft>
				<onright>3113</onright>
				<onup>3115</onup>
				<ondown>3115</ondown>
				<font>special24</font>
				<label>13313</label>
				<aligny>center</aligny>
				<include>textcolorblack</include>
				<include>shutdownmenu</include>
			</control>
			<control type="button" id="3115">
				<description>Restart XBMC button</description>
				<posx>370</posx>
				<posy>185</posy>
				<width>325</width>
				<height>150</height>
    				<texturefocus>button-big-focus.png</texturefocus>
				<texturenofocus>-</texturenofocus>
				<onclick>XBMC.RestartApp()</onclick>
				<pulseonselect>no</pulseonselect>
				<onleft>3112</onleft>
				<onright>3113</onright>
				<onup>3114</onup>
				<ondown>3114</ondown>
				<font>special24</font>
				<label>$LOCALIZE[13313] XBMC</label>
				<aligny>center</aligny>
				<include>textcolorblack</include>
				<include>shutdownmenu</include>
				<visible allowhiddenfocus="true">Control.HasFocus(3115)</visible>
			</control>
		</control>

<!--- Bar Buttons -->

		<control type="group" id="9000">
			<control type="button" id="3113">
				<description>System Info button</description>
				<visible>System.LoggedOn</visible>
				<posx>235</posx>
				<posy>435</posy>
				<width>93</width>
				<height>37</height>
				<texturefocus>shutdown-info-fo.png</texturefocus>
				<texturenofocus>shutdown-info-nf.png</texturenofocus>
				<onclick>XBMC.ActivateWindow(7)</onclick>
				<pulseonselect>no</pulseonselect>
				<onleft>9009</onleft>
				<onright>3110</onright>
				<onup>9006</onup>
				<ondown>9006</ondown>
				<font>font12</font>
				<aligny>center</aligny>
				<align>left</align>
				<textoffsetx>30</textoffsetx>
				<include>info</include>
				<include>shutdownmenu</include>
			</control>
			<control type="button" id="3110">
				<description>Dashboard button</description>
				<visible>System.LoggedOn</visible>
				<posx>328</posx>
				<posy>435</posy>
				<width>93</width>
				<height>37</height>
				<texturefocus>shutdown-dash-fo.png</texturefocus>
				<texturenofocus>shutdown-dash-nf.png</texturenofocus>
				<onclick>XBMC.Dashboard()</onclick>
				<pulseonselect>no</pulseonselect>
				<onleft>3113</onleft>
				<onright>3117</onright>
				<onup>9006</onup>
				<ondown>9006</ondown>
				<font>font12</font>
				<aligny>center</aligny>
				<align>left</align>
				<textoffsetx>30</textoffsetx>
				<include>dash</include>
				<include>shutdownmenu</include>
			</control>
			<control type="image" id="3116">
				<description>Profile button disabled</description>
				<visible>System.LoggedOn + !System.HasLoginScreen</visible>
				<posx>421</posx>
				<posy>435</posy>
				<width>93</width>
				<height>37</height>
				<texture>shutdown-profile-dis.png</texture>
				<include>shutdownmenu</include>
			</control>
			<control type="label" id="3116">
				<description>Profile button disabled label</description>
				<visible>System.LoggedOn + !System.HasLoginScreen</visible>
				<posx>452</posx>
				<posy>445</posy>
				<width>150</width>
				<height>37</height>
				<include>login</include>
				<font>font12</font>
				<include>textcolorgrey</include>
				<include>shutdownmenu</include>
			</control>
			<control type="button" id="3117">
				<description>Profile LogOff</description>
				<visible>System.LoggedOn + System.HasLoginScreen</visible>
				<posx>421</posx>
				<posy>435</posy>
				<width>93</width>
				<height>37</height>
				<texturefocus>shutdown-profile-fo.png</texturefocus>
				<texturenofocus>shutdown-profile-nf.png</texturenofocus>
				<onclick>dialog.close(all,true)</onclick>
				<onclick>system.logoff</onclick>
				<pulseonselect>no</pulseonselect>
				<onleft>3110</onleft>
				<onright>3116</onright>
				<onup>9006</onup>
				<ondown>9006</ondown>
				<font>font12</font>
				<aligny>center</aligny>
				<align>left</align>
				<textoffsetx>30</textoffsetx>
				<label>$LOCALIZE[20126]</label>
				<include>shutdownmenu</include>
			</control>
			<control type="togglebutton" id="3116">
				<description>Master mode button</description>
				<visible>System.LoggedOn</visible>
				<posx>514</posx>
				<posy>435</posy>
				<width>93</width>
				<height>37</height>
				<label>20045</label>
				<altlabel>20046</altlabel>
				<texturefocus>shutdown-lock-fo.png</texturefocus>
				<texturenofocus>shutdown-lock-nf.png</texturenofocus>
				<usealttexture>System.IsMaster</usealttexture>
				<alttexturefocus>shutdown-lock-fo.png</alttexturefocus>
				<alttexturenofocus>shutdown-lock-nf.png</alttexturenofocus>
				<onclick>xbmc.mastermode</onclick>
				<pulseonselect>no</pulseonselect>
				<onleft>3117</onleft>
				<onright>9009</onright>
				<onup>9006</onup>
				<ondown>9006</ondown>
				<font>font12</font>
				<aligny>center</aligny>
				<align>left</align>
				<textoffsetx>30</textoffsetx>
				<include>shutdownmenu</include>
			</control>
  			<control type="button" id="9009">
    				<description>Back</description>
				<visible>System.LoggedOn</visible>
    				<posx>500</posx>
    				<posy>15</posy>
    				<width>200</width>
    				<height>60</height>
    				<include>backlabel</include>
    				<font>font28</font>
    				<align>center</align>
    				<aligny>center</aligny>
    				<include>textcolorblack</include>
    				<onclick>ActivateWindow(1110)</onclick>
    				<onleft>3116</onleft>
    				<onright>3113</onright>
    				<onup>9006</onup>
    				<ondown>9006</ondown>
    				<texturefocus>button-big-focus.png</texturefocus>
    				<texturenofocus>button-big-nofocus.png</texturenofocus>
  				<include>homebuttonanimation</include>
			</control>

		<!--- Logon Screen -->
			<control type="button" id="3110">
				<description>Dashboard button</description>
				<visible>!System.Loggedon</visible>
				<posx>90</posx>
				<posy>5</posy>
				<width>60</width>
				<height>65</height>
				<texturefocus>sub-exit-focus.gif</texturefocus>
				<texturenofocus>sub-exit-nofocus.png</texturenofocus>
				<onclick>XBMC.Dashboard()</onclick>
				<onclick>dialog.close(shutdownmenu,true)</onclick>
				<pulseonselect>no</pulseonselect>
				<onleft>3114</onleft>
				<onright>3112</onright>
				<onup>3110</onup>
				<ondown>3110</ondown>
				<font>-</font>
				<label>13006</label>
				<include>shutdownmenu</include>
			</control>
			<control type="button" id="3112">
				<description>Shutdown button</description>
				<visible>!System.Loggedon</visible>
				<posx>150</posx>
				<posy>5</posy>
				<width>60</width>
				<height>65</height>
				<texturefocus>sub-shutdown-focus.gif</texturefocus>
				<texturenofocus>sub-shutdown-nofocus.png</texturenofocus>
				<onclick>XBMC.ShutDown()</onclick>
				<onclick>dialog.close(all,true)</onclick>
				<pulseonselect>no</pulseonselect>
				<onleft>3110</onleft>
				<onright>3114</onright>
				<onup>3112</onup>
				<ondown>3112</ondown>
				<font>-</font>
				<label>13005</label>
				<include>shutdownmenu</include>
			</control>
			<control type="button" id="3114">
				<description>Reboot button</description>
				<visible>!System.Loggedon</visible>
				<posx>210</posx>
				<posy>5</posy>
				<width>60</width>
				<height>65</height>
				<texturefocus>-</texturefocus>
				<texturenofocus>sub-reboot-nofocus.png</texturenofocus>
				<onclick>XBMC.Reset()</onclick>
				<onclick>dialog.close(all,true)</onclick>
				<pulseonselect>no</pulseonselect>
				<onleft>3112</onleft>
				<onright>3110</onright>
				<onup>3115</onup>
				<ondown>3115</ondown>
				<font>-</font>
				<label>13313</label>
				<include>shutdownmenu</include>
			</control>
			<control type="button" id="3115">
				<description>Restart XBMC button</description>
				<visible>!System.Loggedon</visible>
				<posx>210</posx>
				<posy>5</posy>
				<width>60</width>
				<height>65</height>
				<texturefocus>-</texturefocus>
				<texturenofocus>-</texturenofocus>
				<onclick>XBMC.RestartApp()</onclick>
				<onclick>dialog.close(all,true)</onclick>
				<pulseonselect>no</pulseonselect>
				<onleft>3112</onleft>
				<onright>3110</onright>
				<onup>3114</onup>
				<ondown>3114</ondown>
				<font>-</font>
				<label>$LOCALIZE[13313] XBMC</label>
				<include>shutdownmenu</include>
			</control>
			<control type="image">
				<description>Restart focus image</description>
				<posx>210</posx>
				<posy>5</posy>
				<width>60</width>
				<height>65</height>
				<texture>sub-reboot-focus.gif</texture>
				<include>shutdownmenu</include>
				<visible>!System.LoggedOn</visible>
				<visible>[Control.HasFocus(3114) | Control.HasFocus(3115)]</visible>
			</control>
		</control>
		
		<control type="label">
			<description>Label control</description>
			<posx>220</posx>
			<posy>475</posy>
			<width>450</width>
			<height>20</height>
			<label>$LOCALIZE[20125] $INFO[system.profilename]</label>
			<align>center</align>
			<font>special12</font>
			<include>shutdownmenu</include>
			<include>textcolorwhite</include>
			<visible>system.hasloginscreen + System.Loggedon</visible>
		</control>
	</controls>
</window>