<window id="2001">
	<defaultcontrol>5</defaultcontrol>
	<allowoverlay>no</allowoverlay>
	<animation effect="fade" time="1000" condition="!Skin.HasSetting(animated)">WindowOpen</animation>
	<animation effect="fade" time="1000" condition="!Skin.HasSetting(animated)">WindowClose</animation>
	<controls>
		<control type="image" id="1">
			<description>background image</description>
			<posx>0</posx>
			<posy>0</posy>
			<width>720</width>
			<height>576</height>
			<texture>background-music.png</texture>
		</control>
		<control type="image" id="0">
			<description>contentpanel slice</description>
			<posx>160</posx>
			<posy>108</posy>
			<width>64</width>
			<height>468</height>
			<texture>contentpanel_left.png</texture>
		</control>
		<control type="image" id="0">
			<description>contentpanel slice</description>
			<posx>224</posx>
			<posy>108</posy>
			<width>500</width>
			<height>468</height>
			<texture>contentpanel.png</texture>
		</control>
		<control type="label" id="1">
			<description>xbox media center label</description>
			<posx>200</posx>
			<posy>63</posy>
			<align>right</align>
			<label>xbox media center</label>
			<font>special12</font>
		</control>
		<control type="label" id="1">
			<description>description label</description>
			<posx>207</posx>
			<posy>63</posy>
			<align>left</align>
			<label>10523</label>
			<font>special13</font>
		</control>
		<control type="fadelabel" id="21">
			<description>Artist value</description>
			<posx>415</posx>
			<posy>120</posy>
			<width>240</width>
			<label>-</label>
			<font>special12</font>
		</control>
		<control type="fadelabel" id="20">
			<description>Album value</description>
			<posx>415</posx>
			<posy>145</posy>
			<width>240</width>
			<label>-</label>
			<font>special13</font>
		</control>
		<control type="label" id="1">
			<description>Year</description>
			<posx>415</posx>
			<posy>180</posy>
			<label>201</label>
			<font>font12</font>
		</control>
		<control type="label" id="1">
			<description>Rating</description>
			<posx>415</posx>
			<posy>205</posy>
			<label>173</label>
			<font>font12</font>
		</control>
		<control type="label" id="1">
			<description>Genre</description>
			<posx>415</posx>
			<posy>230</posy>
			<label>174</label>
			<font>font12</font>
		</control>
		<control type="label" id="1">
			<description>Tones</description>
			<posx>415</posx>
			<posy>255</posy>
			<label>175</label>
			<font>font12</font>
		</control>
		<control type="label" id="1">
			<description>Styles</description>
			<posx>415</posx>
			<posy>280</posy>
			<label>176</label>
			<font>font12</font>
		</control>
		<control type="fadelabel" id="22">
			<description>year value</description>
			<width>150</width>
			<posx>505</posx>
			<posy>180</posy>
			<label>-</label>
			<font>font12</font>
		</control>
		<control type="fadelabel" id="23">
			<description>Rating value</description>
			<width>150</width>
			<posx>505</posx>
			<posy>205</posy>
			<label>-</label>
			<font>font12</font>
		</control>
		<control type="fadelabel" id="24">
			<description>Genre value</description>
			<width>150</width>
			<posx>505</posx>
			<posy>230</posy>
			<label>-</label>
			<font>font12</font>
		</control>
		<control type="fadelabel" id="25">
			<description>Tones value</description>
			<posx>505</posx>
			<posy>255</posy>
			<width>150</width>
			<label>-</label>
			<font>font12</font>
		</control>
		<control type="fadelabel" id="26">
			<description>Styles value</description>
			<width>150</width>
			<posx>505</posx>
			<posy>280</posy>
			<label>-</label>
			<font>font12</font>
		</control>
		<control type="image" id="3">
			<description>start logo</description>
			<posx>220</posx>
			<posy>120</posy>
			<width>180</width>
			<height>180</height>
			<aspectratio>keep</aspectratio>
			<texture>-</texture>
		</control>
		<control type="textbox" id="4">
			<description>textarea</description>
			<posx>220</posx>
			<posy>320</posy>
			<onleft>5</onleft>
			<onright>5</onright>
			<onup>5</onup>
			<ondown>5</ondown>
			<spinposx>410</spinposx>
			<spinposy>205</spinposy>
		</control>
		<control type="button" id="5">
			<description>Tracks/Review</description>
			<posx>50</posx>
			<posy>120</posy>
			<label>182</label>
			<onleft>4</onleft>
			<onright>4</onright>
			<onup>10</onup>
			<ondown>6</ondown>
			<font>font13</font>
		</control>
		<control type="button" id="6">
			<description>Refresh</description>
			<posx>50</posx>
			<posy>157</posy>
			<label>184</label>
			<font>font13</font>
			<onleft>4</onleft>
			<onright>4</onright>
			<onup>5</onup>
			<ondown>10</ondown>
		</control>
		<control type="button" id="10">
			<description>Get Thumb</description>
			<posx>50</posx>
			<posy>194</posy>
			<label>13405</label>
			<font>font13</font>
			<onleft>4</onleft>
			<onright>4</onright>
			<onup>6</onup>
			<ondown>5</ondown>
		</control>
		<control type="group">
		<visible>Player.HasAudio</visible>
			<control type="image" id="0">
				<description>music rectangle</description>
				<posx>60</posx>
				<posy>381</posy>
				<width>110</width>
				<height>120</height>
				<texture>blue_rectangle_music.png</texture>
				<include>mediaoverlay</include>
			</control>
			<control type="image" id="0">
				<description>music logo</description>
				<posx>65</posx>
				<posy>387</posy>
				<width>100</width>
				<height>109</height>
				<texture>defaultAlbumCover.png</texture>
				<info>MusicPlayer.Cover</info>
				<include>mediaoverlay</include>
			</control>
			<control type="label" id="0">
				<description>play time label</description>
				<posx>65</posx>
				<posy>500</posy>
				<label>-</label>
				<info>MusicPlayer.Time</info>
				<align>left</align>
				<font>font13</font>
				<include>mediaoverlay</include>
			</control>
			<control type="fadelabel" id="0">
				<description>album/artist/genre etc info label</description>
				<width>130</width>
				<posx>65</posx>
				<posy>525</posy>
				<font>font10</font>
				<label>$INFO[MusicPlayer.Artist]$INFO[MusicPlayer.Title, | ]$INFO[MusicPlayer.Album, | ]$INFO[MusicPlayer.Year, | ]</label>
				<include>mediaoverlay</include>
			</control>
		</control>
		<control type="group">
		<visible>Player.HasVideo</visible>
			<control type="image" id="0">
				<description>video rectangle</description>
				<posx>60</posx>
				<posy>380</posy>
				<width>140</width>
				<height>118</height>
				<texture>blue_rectangle_video.png</texture>
				<include>mediaoverlay</include>
			</control>
			<control type="videowindow" id="1">
				<description>video preview window</description>
				<posx>65</posx>
				<posy>385</posy>
				<width>130</width>
				<height>107</height>
				<visible>!Window.Next(Home)</visible>
				<animation effect="fade" time="1" delay="500">WindowOpen</animation>
				<animation effect="fade" time="1" delay="0">VisibleChange</animation>
			</control>
			<control type="label" id="0">
				<description>play time label</description>
				<posx>65</posx>
				<posy>500</posy>
				<label>-</label>
				<info>VideoPlayer.Time</info>
				<align>left</align>
				<font>font13</font>
				<include>mediaoverlay</include>
			</control>
			<control type="fadelabel" id="0">
				<description>album/artist/genre etc info label</description>
				<width>130</width>
				<posx>65</posx>
				<posy>525</posy>
				<font>font10</font>
				<label>$INFO[VideoPlayer.Title]$INFO[VideoPlayer.Year, | ]$INFO[VideoPlayer.Director, | ]$INFO[VideoPlayer.Genre, | ]</label>
				<include>mediaoverlay</include>
			</control>
		</control>
	</controls>
</window>