﻿<window id="100">
	<defaultcontrol always="true">10</defaultcontrol>
	<include>dialogeffect</include>
	<controls>
		<control type="image" id="0">
			<posx>165</posx>
			<posy>205</posy>
			<width>390</width>
			<height>190</height>
			<texture>dialog-panel.png</texture>
		</control>
		<control type="label" id="1">
			<description>dialog Heading</description>
			<posx>190</posx>
			<posy>218</posy>
			<label>-</label>
			<font>special13</font>
			<textcolor>DDced8da</textcolor>
		</control>
		<control type="label" id="2">
			<description>dialog line 1</description>
			<posx>190</posx>
			<posy>260</posy>
			<label>-</label>
			<font>font10</font>
		</control>
		<control type="label" id="3">
			<description>dialog line 2</description>
			<posx>190</posx>
			<posy>280</posy>
			<label>-</label>
			<font>font10</font>
		</control>
		<control type="label" id="4">
			<description>dialog line 3</description>
			<posx>190</posx>
			<posy>300</posy>
			<label>-</label>
			<font>font10</font>
		</control>
		<control type="button" id="10">
			<description>No button</description>
			<posx>362</posx>
			<posy>330</posy>
			<width>90</width>
			<height>32</height>
			<label>106</label>
			<font>font10</font>
			<align>center</align>
			<texturenofocus>keyboard-btn-backspace.png</texturenofocus>
			<texturefocus>keyboard-btn-backspace-focus.png</texturefocus>
			<onleft>11</onleft>
			<onright>11</onright>
			<onup>10</onup>
			<ondown>10</ondown>
		</control>
		<control type="button" id="11">
			<description>Yes button</description>
			<posx>268</posx>
			<posy>330</posy>
			<width>90</width>
			<height>32</height>
			<label>107</label>
			<font>font10</font>
			<align>center</align>
			<texturenofocus>keyboard-btn-backspace.png</texturenofocus>
			<texturefocus>keyboard-btn-backspace-focus.png</texturefocus>
			<onleft>10</onleft>
			<onright>10</onright>
			<onup>11</onup>
			<ondown>11</ondown>
		</control>
	</controls>
</window>