<window id="3">
	<defaultcontrol>20</defaultcontrol>
	<allowoverlay>no</allowoverlay>
	<controls>
		<control type="image" id="1">
			<description>background image</description>
			<posx>0</posx>
			<posy>0</posy>
			<width>720</width>
			<height>576</height>
			<texture>background-blackbase.png</texture>
		</control>
		<control type="image" id="1">
			<description>background middle overlay</description>
			<posx>0</posx>
			<posy>85</posy>
			<width>720</width>
			<height>367</height>
			<texture>background-greylines.png</texture>
		</control>
		<control type="image" id="1">
			<description>white tab image 1</description>
			<posx>25</posx>
			<posy>48</posy>
			<width>400</width>
			<height>33</height>
			<texture>background-tab-grey.png</texture>
		</control>
		<control type="image" id="1">
			<description>white tab image 2</description>
			<posx>65</posx>
			<posy>40</posy>
			<width>400</width>
			<height>41</height>
			<texture>background-tab-white.png</texture>
		</control>
		<control type="image" id="1">
			<description>data tab image</description>
			<posx>38</posx>
			<posy>56</posy>
			<width>20</width>
			<height>20</height>
			<texture>icon-data2.png</texture>
		</control>
		<control type="image" id="1">
			<description>file tab image</description>
			<posx>78</posx>
			<posy>47</posy>
			<width>30</width>
			<height>30</height>
			<texture>icon-data2.png</texture>
		</control>
		<control type="label" id="1">
			<description>white tab label 1</description>
			<posx>125</posx>
			<posy>43</posy>
			<font>font28</font>
			<height>41</height>
			<include>textcolorblack</include>
			<include>filelabel</include>
			<align>left</align>
		</control>
		<control type="group">
			<include>contentpanelslide</include>
			
			<control type="image">
				<description>filemanager List Sel Left</description>
				<posx>30</posx>
				<posy>87</posy>
				<width>330</width>
				<height>30</height>
				<texture>button-big.png</texture>
				<visible>Control.HasFocus(20)</visible>
			</control>
			<control type="image">
				<description>filemanager List Overlay Left</description>
				<posx>30</posx>
				<posy>115</posy>
				<width>325</width>
				<height>310</height>
				<texture>button-metal.png</texture>
			</control>
			<control type="fadelabel" id="101">
				<description>current Directory text label left</description>
				<align>left</align>
				<posx>49</posx>
				<posy>85</posy>
				<width>300</width>
				<font>font20</font>
				<include>textcolorblack</include>
			</control>
			<control type="label" id="12">
				<description>number of files in left list text label</description>
				<posx>350</posx>
				<posy>428</posy>
				<label>-</label>
				<font>font13</font>
				<align>right</align>
				<include>textcolorblack</include>
				<include>contentpanelslide</include>
			</control>
			<control type="listcontrol" id="20">
				<description>Left File list</description>
				<include>listselectedcolor</include>
				<posx>50</posx>
				<posy>130</posy>
				<width>285</width>
				<height>320</height>
				<texturefocus>input-focus.png</texturefocus>
				<texturenofocus>-</texturenofocus>
				<onleft>25</onleft>
				<onright>21</onright>
				<onup>20</onup>
				<ondown>20</ondown>
				<font>special12</font>
				<textyoff>-3</textyoff>
				<textyoff2>-3</textyoff2>
				<include>textcolorblack</include>
			</control>
			
			
			<control type="image">
				<description>filemanager List Sel Right</description>
				<posx>360</posx>
				<posy>87</posy>
				<width>330</width>
				<height>30</height>
				<texture>button-big.png</texture>
				<visible>Control.HasFocus(21)</visible>
			</control>
			<control type="fadelabel" id="102">
				<description>current Directory text label right</description>
				<align>left</align>
				<posx>380</posx>
				<posy>85</posy>
				<width>300</width>
				<font>font20</font>
				<include>textcolorblack</include>
			</control>
			<control type="label" id="13">
				<description>number of files in right list text label</description>
				<posx>681</posx>
				<posy>428</posy>
				<label>-</label>
				<align>right</align>
				<font>font13</font>
				<include>textcolorblack</include>
			</control>
			<control type="listcontrol" id="21">
				<description>Right File list</description>
				<include>listselectedcolor</include>
				<posx>381</posx>
				<posy>132</posy>
				<width>285</width>
				<height>320</height>
				<texturefocus>input-focus.png</texturefocus>
				<texturenofocus>-</texturenofocus>
				<onleft>20</onleft>
				<onright>25</onright>
				<onup>21</onup>
				<ondown>21</ondown>
				<font>special12</font>
				<textyoff>-3</textyoff>
				<textyoff2>-3</textyoff2>
				<include>textcolorblack</include>
			</control>
			<control type="image">
				<description>filemanager List Overlay Right</description>
				<posx>361</posx>
				<posy>115</posy>
				<width>325</width>
				<height>310</height>
				<texture>button-glass.png</texture>
			</control>
		</control>
		<control type="group">
			<animation effect="slide" time="500" start="-600,0" end="0,0" acceleration="-1.1" condition="!Skin.HasSetting(animated)">WindowOpen</animation>
			<animation effect="slide" time="300" start="0,0" end="-600,0" acceleration="1.1" condition="!Skin.HasSetting(animated)">WindowClose</animation>
			<control type="label">
				<description>free space label</description>
				<posx>480</posx>
				<posy>465</posy>
				<width>200</width>
				<label>$INFO[System.Freespace(C)]</label>
				<include>textcolorwhite</include>
				<font>font20</font>
				<align>left</align>
			</control>
			<control type="label">
				<description>free space label</description>
				<posx>480</posx>
				<posy>490</posy>
				<width>200</width>
				<label>$INFO[System.Freespace(E)]</label>
				<include>textcolorwhite</include>
				<font>font20</font>
				<align>left</align>
			</control>
			<control type="label">
				<description>free space label</description>
				<posx>480</posx>
				<posy>515</posy>
				<width>142</width>
				<label>$INFO[System.Freespace(F)]</label>
				<include>textcolorwhite</include>
				<font>font20</font>
				<align>left</align>
				<visible>System.HasDriveF</visible>
			</control>
			<control type="label">
				<description>free space label</description>
				<posx>480</posx>
				<posy>540</posy>
				<width>142</width>
				<label>$INFO[System.Freespace(G)]</label>
				<include>textcolorwhite</include>
				<font>font20</font>
				<align>left</align>
				<visible>System.HasDriveG</visible>
			</control>
		</control>
				
		<control type="button" id="25">
  		<description>Back</description>
  		<posx>35</posx>
  		<posy>465</posy>
  		<width>316</width>
  		<height>79</height>
  		<include>backlabel</include>
  		<font>font28</font>
  		<align>center</align>
  		<aligny>center</aligny>
  		<include>textcolorblack</include>
  		<onclick>ActivateWindow(1111)</onclick>
  		<onleft>20</onleft>
  		<onright>21</onright>
  		<onup>20</onup>
  		<ondown>20</ondown>
  		<texturefocus>button-big-focus.png</texturefocus>
  		<texturenofocus>button-big-nofocus.png</texturenofocus>
			<include>homebuttonanimation</include>
		</control>
		<control type="image" id="0">
			<description>bg preview</description>
			<posx>0</posx>
			<posy>0</posy>
			<width>720</width>
			<height>576</height>
			<include>windowswitchtransition</include>
		</control>
	</controls>
</window>