<fonts>
	<fontset id="Default" unicode="true">
		<font>
			<name>font101</name>
			<filename>normal.ttf</filename>
			<size>14</size>
		</font>
		<font>
			<name>font10</name>
			<filename>normal.ttf</filename>
			<size>14</size>
		</font>
		<font>
			<name>bold10</name>
			<filename>normal.ttf</filename>
			<size>14</size>
			<style>bold</style>
		</font>
		<font>
			<name>font12</name>
			<filename>normal.ttf</filename>
			<size>14</size>
		</font>
		<font>
			<name>font13</name>
			<filename>normal.ttf</filename>
			<size>15</size>
		</font>
		<font>
			<name>bold13</name>
			<filename>normal.ttf</filename>
			<size>15</size>
			<style>bold</style>
		</font>
		<font>
			<name>font20</name>
			<filename>normal.ttf</filename>
			<size>20</size>
		</font>
		<font>
			<name>font24</name>
			<filename>normal.ttf</filename>
			<size>24</size>
		</font>
		<font>
			<name>font28</name>
			<filename>normal.ttf</filename>
			<size>28</size>
		</font>
		<font>
			<name>font32</name>
			<filename>normal.ttf</filename>
			<size>32</size>
			<style>bold</style>
		</font>
		<font>
			<name>special12</name>
			<filename>normal.ttf</filename>
			<size>16</size>
		</font>
		<font>
			<name>special13</name>
			<filename>normal.ttf</filename>
			<size>16</size>
			<style>bold</style>
		</font>
		<font>
			<name>special20</name>
			<filename>normal.ttf</filename>
			<size>20</size>
			<style>bold</style>
		</font>
		<font>
			<name>special24</name>
			<filename>normal.ttf</filename>
			<size>24</size>
			<style>bold</style>
		</font>
		<font>
			<name>xii14</name>
			<filename>normal.ttf</filename>
			<size>14</size>
		</font>
		<font>
			<name>xii15</name>
			<filename>xii.ttf</filename>
			<size>16</size>
		</font>
		<font>
			<name>xii16</name>
			<filename>xii.ttf</filename>
			<size>16</size>
			<style>bold</style>
		</font>
		<font>
			<name>xii36</name>
			<filename>xii.ttf</filename>
			<size>36</size>
			<style>bold</style>
		</font>
		<font>
			<name>xii48</name>
			<filename>xii.ttf</filename>
			<size>48</size>
			<style>bold</style>
		</font>
		<font>
			<name>bold20</name>
			<filename>xii-medium.ttf</filename>
			<size>20</size>
			<style>bold</style>
		</font>
	</fontset>
</fonts>