<includes>
	<include file="Defaults.xml" />
  <include file="FontColors.xml" /> 
	<include file="CommonViewTypes.xml" />
  <include file="Translate.xml" />
	
	<include name="homebuttonfocus">
		<animation effect="fade" time="200">VisibleChange</animation>
	</include>
	<include name="homebuttonanimation">
		<animation effect="fade" time="300">WindowOpen</animation>
		<animation effect="fade" time="200">WindowClose</animation>
	</include>
	<include name="contentpanelslide">
		<animation effect="slide" time="500" start="600,0" end="0,0" acceleration="-1" condition="!Skin.HasSetting(animated)">WindowOpen</animation>
		<animation effect="slide" time="300" start="0,0" end="600,0" acceleration="1.1" condition="!Skin.HasSetting(animated)">WindowClose</animation>
	</include>
	<include name="buttonpanelslide">
		<animation effect="slide" time="500" start="-250,0" end="0,0" acceleration="-1.1" condition="!Skin.HasSetting(animated)">WindowOpen</animation>
		<animation effect="slide" time="300" start="0,0" end="-250,0" acceleration="1.1" condition="!Skin.HasSetting(animated)">WindowClose</animation>
	</include>
	<include name="windowswitchtransition">
		<texture>home-background.png</texture>
		<visible>Window.Next(0) | Window.Previous(0)</visible>
		<animation effect="fade" start="0" end="0" time="1">VisibleChange</animation>
		<animation effect="fade" start="100" end="0" time="500" condition="Window.Previous(0)">WindowOpen</animation>
		<animation effect="fade" start="0" end="100" time="300" condition="Window.Next(0)">WindowClose</animation>
	</include>
	<include name="homemediainfo">
		<visible>!Skin.HasSetting(homepageMusicinfo)</visible>
		<visible>Player.HasAudio + ![Control.HasFocus(9) + !Skin.HasSetting(homepageSysteminfo)] + ![Control.HasFocus(6) + !Skin.HasSetting(homepageDriveinfo1)] + ![Control.HasFocus(6) + Skin.HasSetting(homepageDriveinfo2)] + ![Control.HasFocus(7) + system.hasnetwork + !Skin.HasSetting(homepageWeatherinfo)]</visible>
		<animation effect="fade" time="200">VisibleChange</animation>
		<animation effect="slide" time="500" start="600,0" end="0,0" acceleration="-1.1" delay="0" condition="!Skin.HasSetting(animated)">WindowOpen</animation>
		<animation effect="slide" time="500" start="0,0" end="600,0" acceleration="-1.3" delay="0" condition="!Skin.HasSetting(animated)">WindowClose</animation>
	</include>
	<include name="homestatsinfo">
		<animation effect="fade" time="200">VisibleChange</animation>
		<animation effect="slide" time="500" start="600,0" end="0,0" acceleration="-1.1" delay="0" condition="!Skin.HasSetting(animated)">WindowOpen</animation>
		<animation effect="slide" time="500" start="0,0" end="600,0" acceleration="-1.3" delay="0" condition="!Skin.HasSetting(animated)">WindowClose</animation>
	</include>
	<include name="homemisc">
		<animation effect="fade" time="1000">VisibleChange</animation>
		<animation effect="fade" time="200" condition="!Skin.HasSetting(animated)">WindowOpen</animation>
		<animation effect="fade" time="200" condition="!Skin.HasSetting(animated)">WindowClose</animation>
	</include>
	<include name="homevideoinfo">
		<visible>!Skin.HasSetting(homepageVideoinfo)</visible>
		<visible>Player.HasVideo + ![Control.HasFocus(9) + !Skin.HasSetting(homepageSysteminfo)] + ![Control.HasFocus(6) + !Skin.HasSetting(homepageDriveinfo1)] + ![Control.HasFocus(6) + Skin.HasSetting(homepageDriveinfo2)] + ![Control.HasFocus(7) + system.hasnetwork + !Skin.HasSetting(homepageWeatherinfo)]</visible>
		<animation effect="fade" time="200">VisibleChange</animation>
		<animation effect="slide" time="500" start="600,0" end="0,0" acceleration="-1.1" delay="0" condition="!Skin.HasSetting(animated)">WindowOpen</animation>
		<animation effect="slide" time="500" start="0,0" end="600,0" acceleration="-1.3" delay="0" condition="!Skin.HasSetting(animated)">WindowClose</animation>
	</include>
	<include name="mediaoverlay">
		<visible>!Window.Next(Home)</visible>
		<animation effect="fade" time="650">WindowOpen</animation>
		<animation effect="fade" time="300">VisibleChange</animation>
	</include>
	<include name="dialogeffect">
		<animation effect="fade" time="200">WindowOpen</animation>
		<animation effect="fade" time="200">WindowClose</animation>
	</include>
	<include name="shutdownmenu">
		<animation effect="zoom" start="600" center="175,288" time="700" condition="!Skin.HasSetting(animated)">WindowOpen</animation>
		<animation effect="slide" end="0,-600" acceleration="2" time="700" condition="!Skin.HasSetting(animated)">WindowClose</animation>
	</include>
	<include name="contentpanel">
		<control type="image" id="0">
			<description>contentpanel slice</description>
			<posx>160</posx>
			<posy>108</posy>
			<width>64</width>
			<height>468</height>
			<texture>contentpanel_left.png</texture>
			<include>contentpanelslide</include>
		</control>
		<control type="image" id="0">
			<description>contentpanel slice</description>
			<posx>224</posx>
			<posy>108</posy>
			<width>500</width>
			<height>468</height>
			<texture>contentpanel.png</texture>
			<include>contentpanelslide</include>
		</control>
	</include>
</includes>
