<window id="502">
	<defaultcontrol>51</defaultcontrol>
	<allowoverlay>yes</allowoverlay>
	<controls>
		<control type="image" id="1">
			<description>background image</description>
			<posx>0</posx>
			<posy>0</posy>
			<width>720</width>
			<height>576</height>
			<texture>background-submenu.png</texture>
		</control>
		<control type="label" id="1">
			<description>description label</description>
			<posx>50</posx>
			<posy>25</posy>
			<align>left</align>
			<label>2</label>
			<font>font32</font>
			<include>textcolorblack</include>
		</control>
		<control type="image" id="1">
			<description>Control box image</description>
			<posx>100</posx>
			<posy>89</posy>
			<width>490</width>
			<height>393</height>
			<texture>box-blue.png</texture>
			<visible>!Control.IsVisible(60) | Skin.HasSetting(UseScrollbars)</visible>
		</control>
		<control type="image" id="1">
			<description>Control box image</description>
			<posx>100</posx>
			<posy>89</posy>
			<width>525</width>
			<height>393</height>
			<texture>box-blue.png</texture>
			<visible>Control.IsVisible(60) + !Skin.HasSetting(UseScrollbars)</visible>
		</control>
		
		<control type="label" id="1">
			<description>Time label</description>
			<posx>360</posx>
			<posy>490</posy>
			<align>center</align>
			<info>System.Time</info>
			<font>font28</font>
			<include>textcolorblue</include>
			<include>contentpanelslide</include> 
		</control>
		<control type="label" id="12">
			<description>number of files text label</description>
			<posx>360</posx>
			<posy>525</posy>
			<align>center</align>
			<label>-</label>
			<font>font20</font>
			<include>textcolorblack</include>
			<include>contentpanelslide</include>
		</control>
<!--		<control>
			<description>Database text label</description>
			<type>label</type>
			<id>15</id>
			<align>left</align>
			<posx>207</posx>
			<posy>83</posy>
			<label>132</label>
			<font>font10</font>
		</control> 
-->
		
		<control type="group" id="9000">
			<include>buttonpanelslide</include>
			<control type="button" id="2">
				<description>View As Icons button</description>
				<posx>635</posx>
				<posy>5</posy>
				<width>80</width>
				<height>80</height>
				<onleft>3</onleft>
				<onright>9009</onright>
				<onup>50</onup>
				<ondown>50</ondown>
				<label>-</label>
				<pulseonselect>false</pulseonselect>
    		<texturefocus>button-viewas-focus.png</texturefocus>
    		<texturenofocus>button-viewas-nofocus.png</texturenofocus>
				<textcolor>00ffffff</textcolor>
				<align>center</align>
				<textxoff>5</textxoff>
				<textyoff>50</textyoff>
			</control>
  		<control type="label" id="2">
  			<description>List label no focus</description>
  			<posx>673</posx>
  			<posy>55</posy>
  			<align>center</align>
  			<include>500</include>
  			<font>font14</font>
  			<include>textcolorblue</include>
  			<include>contentpanelslide</include>
  			<visible>Control.IsVisible(50) + !Control.HasFocus(2)</visible>
  		</control>
  		<control type="label" id="2">
  			<description>List label focus</description>
  			<posx>673</posx>
  			<posy>55</posy>
  			<align>center</align>
  			<include>500</include>
  			<font>font14</font>
  			<include>textcolorwhite</include>
  			<include>contentpanelslide</include>
  			<visible>Control.IsVisible(50) + Control.HasFocus(2)</visible>
  		</control>
  		<control type="label" id="2">
  			<description>List 2 label nofocus</description>
  			<posx>673</posx>
  			<posy>55</posy>
  			<align>center</align>
  			<include>501</include>
  			<font>font14</font>
  			<include>textcolorblue</include>
  			<include>contentpanelslide</include>
  			<visible>Control.IsVisible(51) + !Control.HasFocus(2)</visible>
  		</control>
  		<control type="label" id="2">
  			<description>List 2 label focus</description>
  			<posx>673</posx>
  			<posy>55</posy>
  			<align>center</align>
  			<include>501</include>
  			<font>font14</font>
  			<include>textcolorwhite</include>
  			<include>contentpanelslide</include>
  			<visible>Control.IsVisible(51) + Control.HasFocus(2)</visible>
  		</control>
  		<control type="label" id="2">
  			<description>Icon label nofocus</description>
  			<posx>673</posx>
  			<posy>55</posy>
  			<align>center</align>
  			<include>502</include>
  			<font>font14</font>
  			<include>textcolorblue</include>
  			<include>contentpanelslide</include>
  			<visible>Control.IsVisible(52) + !Control.HasFocus(2)</visible>
  		</control>
  		<control type="label" id="2">
  			<description>Icon label focus</description>
  			<posx>673</posx>
  			<posy>55</posy>
  			<align>center</align>
  			<include>502</include>
  			<font>font14</font>
  			<include>textcolorwhite</include>
  			<include>contentpanelslide</include>
  			<visible>Control.IsVisible(52) + Control.HasFocus(2)</visible>
  		</control>
  		<control type="label" id="2">
  			<description>Icon 2 label nofocus</description>
  			<posx>673</posx>
  			<posy>55</posy>
  			<align>center</align>
  			<include>503</include>
  			<font>font14</font>
  			<include>textcolorblue</include>
  			<include>contentpanelslide</include>
  			<visible>Control.IsVisible(53) + !Control.HasFocus(2)</visible>
  		</control>
  		<control type="label" id="2">
  			<description>Icon 2 label focus</description>
  			<posx>673</posx>
  			<posy>55</posy>
  			<align>center</align>
  			<include>503</include>
  			<font>font14</font>
  			<include>textcolorwhite</include>
  			<include>contentpanelslide</include>
  			<visible>Control.IsVisible(53) + Control.HasFocus(2)</visible>
  		</control>
  		<control type="label" id="2">
  			<description>Wide label nofocus</description>
  			<posx>673</posx>
  			<posy>55</posy>
  			<align>center</align>
  			<include>504</include>
  			<font>font14</font>
  			<include>textcolorblue</include>
  			<include>contentpanelslide</include>
  			<visible>Control.IsVisible(55) + !Control.HasFocus(2)</visible>
  		</control>
  		<control type="label" id="2">
  			<description>Wide label focus</description>
  			<posx>673</posx>
  			<posy>55</posy>
  			<align>center</align>
  			<include>504</include>
  			<font>font14</font>
  			<include>textcolorwhite</include>
  			<include>contentpanelslide</include>
  			<visible>Control.IsVisible(55) + Control.HasFocus(2)</visible>
  		</control>
  		<control type="label" id="2">
  			<description>Wide 2 label nofocus</description>
  			<posx>673</posx>
  			<posy>55</posy>
  			<align>center</align>
  			<include>505</include>
  			<font>font14</font>
  			<include>textcolorblue</include>
  			<include>contentpanelslide</include>
  			<visible>Control.IsVisible(56) + !Control.HasFocus(2)</visible>
  		</control>
  		<control type="label" id="2">
  			<description>Wide 2 label focus</description>
  			<posx>673</posx>
  			<posy>55</posy>
  			<align>center</align>
  			<include>505</include>
  			<font>font14</font>
  			<include>textcolorwhite</include>
  			<include>contentpanelslide</include>
  			<visible>Control.IsVisible(56) + Control.HasFocus(2)</visible>
  		</control>
  		<control type="label" id="2">
  			<description>Wrap label nofocus</description>
  			<posx>673</posx>
  			<posy>55</posy>
  			<align>center</align>
  			<include>506</include>
  			<font>font14</font>
  			<include>textcolorblue</include>
  			<include>contentpanelslide</include>
  			<visible>Control.IsVisible(57) + !Control.HasFocus(2)</visible>
  		</control>
  		<control type="label" id="2">
  			<description>Wrap label focus</description>
  			<posx>673</posx>
  			<posy>55</posy>
  			<align>center</align>
  			<include>506</include>
  			<font>font14</font>
  			<include>textcolorwhite</include>
  			<include>contentpanelslide</include>
  			<visible>Control.IsVisible(57) + Control.HasFocus(2)</visible>
  		</control>
			<control type="button" id="3">
				<description>Sort by button</description>
				<posx>555</posx>
				<posy>5</posy>
				<width>80</width>
				<height>80</height>
				<onleft>99</onleft>
				<onright>2</onright>
				<onup>4</onup>
				<ondown>50</ondown>
				<label>-</label>
				<pulseonselect>false</pulseonselect>
				<wrapmultiline>true</wrapmultiline> 
    		<texturefocus>button-tile-focus.png</texturefocus>
    		<texturenofocus>button-tile-nofocus.png</texturenofocus>
				<textcolor>00ffffff</textcolor>
				<align>center</align>
				<textxoff>5</textxoff>
				<textyoff>50</textyoff>
			</control>
  		<control type="label" id="3">
  			<description>Sort label nofocus</description>
  			<posx>593</posx>
  			<posy>55</posy>
  			<align>center</align>
  			<include>510</include>
  			<font>font14</font>
  			<include>textcolorblue</include>
  			<include>contentpanelslide</include>
  			<visible>!Control.HasFocus(3)</visible>
  		</control>
  		<control type="label" id="3">
  			<description>Sort label focus</description>
  			<posx>593</posx>
  			<posy>55</posy>
  			<align>center</align>
  			<include>510</include>
  			<font>font14</font>
  			<include>textcolorwhite</include>
  			<include>contentpanelslide</include>
  			<visible>Control.HasFocus(3)</visible>
  		</control>
			<control type="togglebutton" id="4">
				<description>Sort asc</description>
				<posx>575</posx>
				<posy>15</posy>
				<label>-</label>
				<width>40</width>
				<height>40</height>
				<onleft>99</onleft>
				<onright>2</onright>
				<onup>3</onup>
				<ondown>3</ondown>
    		<texturefocus>button-sorta-focus.png</texturefocus>
    		<texturenofocus>button-sorta-nofocus.png</texturenofocus>
    		<alttexturefocus>button-sortd-focus.png</alttexturefocus>
    		<alttexturenofocus>button-sortd-nofocus.png</alttexturenofocus>
			</control>
			<control type="radiobutton" id="99">
				<description>Library button</description>
				<posx>475</posx>
				<posy>5</posy>
				<width>80</width>
				<height>80</height>
				<label>$LOCALIZE[14022]</label>
				<font>font13</font>
				<onclick>ReplaceWindow(mymusicfiles)</onclick>
				<onclick>SetFocus(99)</onclick>
				<onleft>17</onleft>
				<onright>3</onright>
				<onup>50</onup>
				<ondown>50</ondown>
				<pulseonselect>false</pulseonselect>
    		<texturefocus>button-library-focus.png</texturefocus>
    		<texturenofocus>button-library-nofocus.png</texturenofocus>
      	<textureradiofocus>-</textureradiofocus>
      	<textureradionofocus>-</textureradionofocus>
      	<selected>Window.IsVisible(mymusiclibrary)</selected>
				<textcolor>00ffffff</textcolor>
				<align>center</align>
				<aligny>top</aligny>
				<textxoff>5</textxoff>
				<textyoff>50</textyoff>
			</control>
  		<control type="label" id="99">
  			<description>Library label nofocus</description>
  			<posx>513</posx>
  			<posy>55</posy>
  			<align>center</align>
  			<label>14022</label>
  			<font>font14</font>
  			<include>textcolorblue</include>
  			<include>contentpanelslide</include>
  			<visible>!Control.HasFocus(99)</visible>
  		</control>
  		<control type="label" id="99">
  			<description>Library label focus</description>
  			<posx>513</posx>
  			<posy>55</posy>
  			<align>center</align>
  			<label>14022</label>
  			<font>font14</font>
  			<include>textcolorwhite</include>
  			<include>contentpanelslide</include>
  			<visible>Control.HasFocus(99)</visible>
  		</control>
			<control type="button" id="17">
				<description>Show Button</description>
				<posx>395</posx>
				<posy>5</posy>
				<width>80</width>
				<height>80</height>
				<label>-</label>
				<onleft>8</onleft>
				<onright>99</onright>
				<onup>50</onup>
				<ondown>50</ondown>
				<pulseonselect>false</pulseonselect>
    		<texturefocus>button-show-focus.png</texturefocus>
    		<texturenofocus>button-show-nofocus.png</texturenofocus>
				<textcolor>00ffffff</textcolor>
				<align>center</align>
				<aligny>top</aligny>
				<textxoff>5</textxoff>
				<textyoff>50</textyoff>
			</control>
  		<control type="label" id="17">
  			<description>Show label nofocus</description>
  			<posx>433</posx>
  			<posy>55</posy>
  			<align>center</align>
  			<include>512</include>
  			<font>font14</font>
  			<include>textcolorblue</include>
  			<include>contentpanelslide</include>
  			<visible>!Control.HasFocus(17)</visible>
  		</control>
  		<control type="label" id="17">
  			<description>Show label focus</description>
  			<posx>433</posx>
  			<posy>55</posy>
  			<align>center</align>
  			<include>512</include>
  			<font>font14</font>
  			<include>textcolorwhite</include>
  			<include>contentpanelslide</include>
  			<visible>Control.HasFocus(17)</visible>
  		</control>
			<control type="button" id="8">
				<description>Search</description>
				<posx>315</posx>
				<posy>5</posy>
				<width>80</width>
				<height>80</height>
				<label>137</label>
				<onleft>16</onleft>
				<onright>17</onright>
				<onup>50</onup>
				<ondown>50</ondown>
				<pulseonselect>false</pulseonselect>
    		<texturefocus>button-search-focus.png</texturefocus>
    		<texturenofocus>button-search-nofocus.png</texturenofocus>
				<textcolor>00ffffff</textcolor>
				<align>center</align>
				<aligny>top</aligny>
				<textxoff>5</textxoff>
				<textyoff>50</textyoff>
			</control>
  		<control type="label" id="8">
  			<description>Search label nofocus</description>
  			<posx>353</posx>
  			<posy>55</posy>
  			<align>center</align>
  			<include>514</include>
  			<font>font14</font>
  			<include>textcolorblue</include>
  			<include>contentpanelslide</include>
  			<visible>!Control.HasFocus(8)</visible>
  		</control>
  		<control type="label" id="8">
  			<description>Search label focus</description>
  			<posx>353</posx>
  			<posy>55</posy>
  			<align>center</align>
  			<include>514</include>
  			<font>font14</font>
  			<include>textcolorwhite</include>
  			<include>contentpanelslide</include>
  			<visible>Control.HasFocus(8)</visible>
  		</control>
			<control type="button" id="16">
				<description>Party mode button</description>
				<posx>235</posx>
				<posy>5</posy>
				<width>80</width>
				<height>80</height>
				<label>589</label>
				<onleft>9009</onleft>
				<onright>8</onright>
				<onup>50</onup>
				<ondown>50</ondown>
				<pulseonselect>false</pulseonselect>
    		<texturefocus>button-party-focus.png</texturefocus>
    		<texturenofocus>button-party-nofocus.png</texturenofocus>
				<textcolor>00ffffff</textcolor>
				<align>center</align>
				<aligny>top</aligny>
				<textxoff>5</textxoff>
				<textyoff>50</textyoff>
			</control>
  		<control type="label" id="16">
  			<description>Party label nofocus</description>
  			<posx>273</posx>
  			<posy>55</posy>
  			<align>center</align>
  			<include>516</include>
  			<font>font14</font>
  			<include>textcolorblue</include>
  			<include>contentpanelslide</include>
  			<visible>!Control.HasFocus(16)</visible>
  		</control>
  		<control type="label" id="16">
  			<description>Party label focus</description>
  			<posx>273</posx>
  			<posy>55</posy>
  			<align>center</align>
  			<include>516</include>
  			<font>font14</font>
  			<include>textcolorwhite</include>
  			<include>contentpanelslide</include>
  			<visible>Control.HasFocus(16)</visible>
  		</control>		
  		<control type="button" id="9009">
    		<description>Back</description>
    		<posx>35</posx>
    		<posy>490</posy>
    		<width>200</width>
    		<height>65</height>
    		<include>backlabel</include>
    		<font>font24</font>
    		<align>center</align>
    		<aligny>center</aligny>
    		<include>textcolorblack</include>
    		<onclick>ActivateWindow(Home)</onclick>
    		<onleft>2</onleft>
    		<onright>9</onright>
    		<onup>50</onup>
    		<ondown>50</ondown>
    		<texturefocus>button-white-focus.png</texturefocus>
    		<texturenofocus>button-white-nofocus.png</texturenofocus>
			  <include>buttonpanelslide</include>
  		</control>
		</control>
		<include>MusicViewCommons</include>
		<include>MusicViewCommons_BigList</include>
		<include>AllViewCommonThumbSmall</include>
		<include>AllViewCommonThumbLarge</include>
		<include>WideIcon_Small</include>
		<include>WideIcon_Big</include>
		<include>AllViewCommonPageControls</include>
		
		<control type="image" id="1">
			<description>Slider Up image</description>
			<posx>588</posx>
			<posy>92</posy>
			<width>35</width>
			<height>35</height>
			<texture>slider_up.png</texture>
			<visible>!Skin.HasSetting(UseScrollbars) + Control.IsVisible(60)</visible>
		</control>
		<control type="image" id="1">
			<description>Slider Down image</description>
			<posx>588</posx>
			<posy>444</posy>
			<width>35</width>
			<height>35</height>
			<texture>slider_down.png</texture>
			<visible>!Skin.HasSetting(UseScrollbars) + Control.IsVisible(60)</visible>
		</control>
		
		<control type="image" id="0">
			<description>bg preview</description>
			<posx>0</posx>
			<posy>0</posy>
			<width>720</width>
			<height>576</height>
			<include>windowswitchtransition</include>
		</control>
	</controls>
</window>