<window id="2">
	<defaultcontrol>50</defaultcontrol>
	<allowoverlay>yes</allowoverlay>
	<controls>
		<control type="image" id="1">
			<description>background image</description>
			<posx>0</posx>
			<posy>0</posy>
			<width>720</width>
			<height>576</height>
			<texture>background-submenu.png</texture>
		</control>
		<control type="label" id="1">
			<description>description label</description>
			<posx>50</posx>
			<posy>25</posy>
			<align>left</align>
			<label>1</label>
			<font>font32</font>
			<include>textcolorblack</include>
		</control>
		<control type="image" id="1">
			<description>Control box image</description>
			<posx>100</posx>
			<posy>89</posy>
			<width>490</width>
			<height>393</height>
			<texture>box-blue.png</texture>
			<visible>!Control.IsVisible(60) | Skin.HasSetting(UseScrollbars)</visible>
		</control>
		<control type="image" id="1">
			<description>Control box image</description>
			<posx>100</posx>
			<posy>89</posy>
			<width>525</width>
			<height>393</height>
			<texture>box-blue.png</texture>
			<visible>Control.IsVisible(60) + !Skin.HasSetting(UseScrollbars)</visible>
		</control>
		
		<control type="label" id="1">
			<description>Time label</description>
			<posx>360</posx>
			<posy>490</posy>
			<align>center</align>
			<info>System.Time</info>
			<font>font28</font>
			<include>textcolorblue</include>
			<include>contentpanelslide</include> 
		</control>
		<control type="label" id="12">
			<description>number of files text label</description>
			<posx>360</posx>
			<posy>525</posy>
			<align>center</align>
			<label>-</label>
			<font>font20</font>
			<include>textcolorblack</include>
			<include>contentpanelslide</include>
		</control>
		
		<control type="group" id="9000">
			<include>buttonpanelslide</include>
			<control type="button" id="2">
				<description>View As Icons button</description>
				<posx>635</posx>
				<posy>5</posy>
				<width>80</width>
				<height>80</height>
				<onleft>3</onleft>
				<onright>9009</onright>
				<onup>50</onup>
				<ondown>50</ondown>
				<label>-</label>
				<pulseonselect>false</pulseonselect>
    				<texturefocus>button-viewas-focus.png</texturefocus>
    				<texturenofocus>button-viewas-nofocus.png</texturenofocus>
				<textcolor>00ffffff</textcolor>
				<align>center</align>
				<textxoff>5</textxoff>
				<textyoff>50</textyoff>
			</control>
  		<control type="label" id="99">
  			<description>List label no focus</description>
  			<posx>673</posx>
  			<posy>55</posy>
  			<align>center</align>
  			<include>500</include>
  			<font>font14</font>
  			<include>textcolorblue</include>
  			<include>contentpanelslide</include>
  			<visible>Control.IsVisible(50) + !Control.HasFocus(2)</visible>
  		</control>
  		<control type="label" id="99">
  			<description>List label focus</description>
  			<posx>673</posx>
  			<posy>55</posy>
  			<align>center</align>
  			<include>500</include>
  			<font>font14</font>
  			<include>textcolorwhite</include>
  			<include>contentpanelslide</include>
  			<visible>Control.IsVisible(50) + Control.HasFocus(2)</visible>
  		</control>
  		<control type="label" id="99">
  			<description>List 2 label nofocus</description>
  			<posx>673</posx>
  			<posy>55</posy>
  			<align>center</align>
  			<include>501</include>
  			<font>font14</font>
  			<include>textcolorblue</include>
  			<include>contentpanelslide</include>
  			<visible>Control.IsVisible(51) + !Control.HasFocus(2)</visible>
  		</control>
  		<control type="label" id="99">
  			<description>List 2 label focus</description>
  			<posx>673</posx>
  			<posy>55</posy>
  			<align>center</align>
  			<include>501</include>
  			<font>font14</font>
  			<include>textcolorwhite</include>
  			<include>contentpanelslide</include>
  			<visible>Control.IsVisible(51) + Control.HasFocus(2)</visible>
  		</control>
  		<control type="label" id="99">
  			<description>Icon label nofocus</description>
  			<posx>673</posx>
  			<posy>55</posy>
  			<align>center</align>
  			<include>502</include>
  			<font>font14</font>
  			<include>textcolorblue</include>
  			<include>contentpanelslide</include>
  			<visible>Control.IsVisible(52) + !Control.HasFocus(2)</visible>
  		</control>
  		<control type="label" id="99">
  			<description>Icon label focus</description>
  			<posx>673</posx>
  			<posy>55</posy>
  			<align>center</align>
  			<include>502</include>
  			<font>font14</font>
  			<include>textcolorwhite</include>
  			<include>contentpanelslide</include>
  			<visible>Control.IsVisible(52) + Control.HasFocus(2)</visible>
  		</control>
  		<control type="label" id="99">
  			<description>Icon 2 label nofocus</description>
  			<posx>673</posx>
  			<posy>55</posy>
  			<align>center</align>
  			<include>503</include>
  			<font>font14</font>
  			<include>textcolorblue</include>
  			<include>contentpanelslide</include>
  			<visible>Control.IsVisible(53) + !Control.HasFocus(2)</visible>
  		</control>
  		<control type="label" id="99">
  			<description>Icon 2 label focus</description>
  			<posx>673</posx>
  			<posy>55</posy>
  			<align>center</align>
  			<include>503</include>
  			<font>font14</font>
  			<include>textcolorwhite</include>
  			<include>contentpanelslide</include>
  			<visible>Control.IsVisible(53) + Control.HasFocus(2)</visible>
  		</control>
  		<control type="label" id="99">
  			<description>Wide label nofocus</description>
  			<posx>673</posx>
  			<posy>55</posy>
  			<align>center</align>
  			<include>504</include>
  			<font>font14</font>
  			<include>textcolorblue</include>
  			<include>contentpanelslide</include>
  			<visible>Control.IsVisible(55) + !Control.HasFocus(2)</visible>
  		</control>
  		<control type="label" id="99">
  			<description>Wide label focus</description>
  			<posx>673</posx>
  			<posy>55</posy>
  			<align>center</align>
  			<include>504</include>
  			<font>font14</font>
  			<include>textcolorwhite</include>
  			<include>contentpanelslide</include>
  			<visible>Control.IsVisible(55) + Control.HasFocus(2)</visible>
  		</control>
  		<control type="label" id="99">
  			<description>Wide 2 label nofocus</description>
  			<posx>673</posx>
  			<posy>55</posy>
  			<align>center</align>
  			<include>505</include>
  			<font>font14</font>
  			<include>textcolorblue</include>
  			<include>contentpanelslide</include>
  			<visible>Control.IsVisible(56) + !Control.HasFocus(2)</visible>
  		</control>
  		<control type="label" id="99">
  			<description>Wide 2 label focus</description>
  			<posx>673</posx>
  			<posy>55</posy>
  			<align>center</align>
  			<include>505</include>
  			<font>font14</font>
  			<include>textcolorwhite</include>
  			<include>contentpanelslide</include>
  			<visible>Control.IsVisible(56) + Control.HasFocus(2)</visible>
  		</control>
  		<control type="label" id="99">
  			<description>Wrap label nofocus</description>
  			<posx>673</posx>
  			<posy>55</posy>
  			<align>center</align>
  			<include>506</include>
  			<font>font14</font>
  			<include>textcolorblue</include>
  			<include>contentpanelslide</include>
  			<visible>Control.IsVisible(57) + !Control.HasFocus(2)</visible>
  		</control>
  		<control type="label" id="99">
  			<description>Wrap label focus</description>
  			<posx>673</posx>
  			<posy>55</posy>
  			<align>center</align>
  			<include>506</include>
  			<font>font14</font>
  			<include>textcolorwhite</include>
  			<include>contentpanelslide</include>
  			<visible>Control.IsVisible(57) + Control.HasFocus(2)</visible>
  		</control>
			<control type="button" id="3">
				<description>Sort by button</description>
				<posx>555</posx>
				<posy>5</posy>
				<width>80</width>
				<height>80</height>
				<onleft>6</onleft>
				<onright>2</onright>
				<onup>4</onup>
				<ondown>50</ondown>
				<label>-</label>
				<pulseonselect>false</pulseonselect>
				<wrapmultiline>true</wrapmultiline> 
    				<texturefocus>button-tile-focus.png</texturefocus>
    				<texturenofocus>button-tile-nofocus.png</texturenofocus>
				<textcolor>00ffffff</textcolor>
				<align>center</align>
				<textxoff>5</textxoff>
				<textyoff>50</textyoff>
			</control>
  		<control type="label" id="99">
  			<description>Sort label nofocus</description>
  			<posx>593</posx>
  			<posy>55</posy>
  			<align>center</align>
  			<include>510</include>
  			<font>font14</font>
  			<include>textcolorblue</include>
  			<include>contentpanelslide</include>
  			<visible>!Control.HasFocus(3)</visible>
  		</control>
  		<control type="label" id="99">
  			<description>Sort label focus</description>
  			<posx>593</posx>
  			<posy>55</posy>
  			<align>center</align>
  			<include>510</include>
  			<font>font14</font>
  			<include>textcolorwhite</include>
  			<include>contentpanelslide</include>
  			<visible>Control.HasFocus(3)</visible>
  		</control>
			<control type="togglebutton" id="4">
				<description>Sort asc</description>
				<posx>575</posx>
				<posy>15</posy>
				<label>-</label>
				<width>40</width>
				<height>40</height>
				<onleft>6</onleft>
				<onright>2</onright>
				<onup>3</onup>
				<ondown>3</ondown>
    		<texturefocus>button-sorta-focus.png</texturefocus>
    		<texturenofocus>button-sorta-nofocus.png</texturenofocus>
    		<alttexturefocus>button-sortd-focus.png</alttexturefocus>
    		<alttexturenofocus>button-sortd-nofocus.png</alttexturenofocus>
			</control>
			<control type="button" id="6">
				<description>Slideshow button</description>
				<posx>475</posx>
				<posy>5</posy>
				<width>80</width>
				<height>80</height>
				<label>108</label>
				<font>font13</font>
				<onleft>7</onleft>
				<onright>3</onright>
				<onup>50</onup>
				<ondown>50</ondown>
				<pulseonselect>false</pulseonselect>
    		<texturefocus>button-slide-focus.png</texturefocus>
    		<texturenofocus>button-slide-nofocus.png</texturenofocus>
				<textcolor>00ffffff</textcolor>
				<align>center</align>
				<aligny>top</aligny>
				<textxoff>5</textxoff>
				<textyoff>50</textyoff>
			</control>
  		<control type="label" id="6">
  			<description>Slideshow label nofocus</description>
  			<posx>513</posx>
  			<posy>55</posy>
  			<align>center</align>
  			<label>108</label>
  			<font>font14</font>
  			<include>textcolorblue</include>
  			<include>contentpanelslide</include>
  			<visible>!Control.HasFocus(6)</visible>
  		</control>
  		<control type="label" id="6">
  			<description>Slideshow label focus</description>
  			<posx>513</posx>
  			<posy>55</posy>
  			<align>center</align>
  			<label>108</label>
  			<font>font14</font>
  			<include>textcolorwhite</include>
  			<include>contentpanelslide</include>
  			<visible>Control.HasFocus(6)</visible>
  		</control>
			<control type="button" id="7">
				<description>R Slideshow Button</description>
				<posx>395</posx>
				<posy>5</posy>
				<width>80</width>
				<height>80</height>
				<label>-</label>
				<onleft>9</onleft>
				<onright>6</onright>
				<onup>50</onup>
				<ondown>50</ondown>
				<pulseonselect>false</pulseonselect>
    		<texturefocus>button-rslide-focus.png</texturefocus>
    		<texturenofocus>button-rslide-nofocus.png</texturenofocus>
				<textcolor>00ffffff</textcolor>
				<align>center</align>
				<aligny>top</aligny>
				<textxoff>5</textxoff>
				<textyoff>50</textyoff>
			</control>
  		<control type="label" id="7">
  			<description>R Slideshow label nofocus</description>
  			<posx>433</posx>
  			<posy>55</posy>
  			<align>center</align>
  			<label>361</label>
  			<font>font14</font>
  			<include>textcolorblue</include>
  			<include>contentpanelslide</include>
  			<visible>!Control.HasFocus(7)</visible>
  		</control>
  		<control type="label" id="7">
  			<description>R Slideshow label focus</description>
  			<posx>433</posx>
  			<posy>55</posy>
  			<align>center</align>
  			<label>361</label>
  			<font>font14</font>
  			<include>textcolorwhite</include>
  			<include>contentpanelslide</include>
  			<visible>Control.HasFocus(7)</visible>
  		</control>
			<control type="button" id="9">
				<description>Randomize</description>
				<posx>315</posx>
				<posy>5</posy>
				<width>80</width>
				<height>80</height>
				<label>13319</label>
				<onleft>2</onleft>
				<onright>7</onright>
				<onup>50</onup>
				<ondown>50</ondown>
				<pulseonselect>false</pulseonselect>
    		<texturefocus>button-random-focus.png</texturefocus>
    		<texturenofocus>button-random-nofocus.png</texturenofocus>
				<textcolor>00ffffff</textcolor>
				<align>center</align>
				<aligny>top</aligny>
				<textxoff>5</textxoff>
				<textyoff>50</textyoff>
			</control>
  		<control type="label" id="9">
  			<description>Randomize label nofocus</description>
  			<posx>353</posx>
  			<posy>55</posy>
  			<align>center</align>
  			<label>13319</label>
  			<font>font14</font>
  			<include>textcolorblue</include>
  			<include>contentpanelslide</include>
  			<visible>!Control.HasFocus(9)</visible>
  		</control>
  		<control type="label" id="9">
  			<description>Radomize label focus</description>
  			<posx>353</posx>
  			<posy>55</posy>
  			<align>center</align>
  			<label>13319</label>
  			<font>font14</font>
  			<include>textcolorwhite</include>
  			<include>contentpanelslide</include>
  			<visible>Control.HasFocus(9)</visible>
  		</control>
  		<control type="button" id="9009">
    		<description>Back</description>
    		<posx>35</posx>
    		<posy>490</posy>
    		<width>200</width>
    		<height>65</height>
    		<include>backlabel</include>
    		<font>font24</font>
    		<align>center</align>
    		<aligny>center</aligny>
    		<include>textcolorblack</include>
    		<onclick>ActivateWindow(Home)</onclick>
    		<onleft>2</onleft>
    		<onright>7</onright>
    		<onup>50</onup>
    		<ondown>50</ondown>
    		<texturefocus>button-white-focus.png</texturefocus>
    		<texturenofocus>button-white-nofocus.png</texturenofocus>
			  <include>buttonpanelslide</include>
  		</control>
		</control>
		
		<include>OldListViewCommons</include>
		<include>ProgramsViewCommons</include>
		<include>AllViewCommonPageControls</include>
		<include>AllViewCommonThumbSmall</include>
		<include>AllViewCommonThumbLarge</include>

		<control type="image" id="1">
			<description>Slider Up image</description>
			<posx>588</posx>
			<posy>92</posy>
			<width>35</width>
			<height>35</height>
			<texture>slider_up.png</texture>
			<visible>!Skin.HasSetting(UseScrollbars) + Control.IsVisible(60)</visible>
		</control>
		<control type="image" id="1">
			<description>Slider Down image</description>
			<posx>588</posx>
			<posy>444</posy>
			<width>35</width>
			<height>35</height>
			<texture>slider_down.png</texture>
			<visible>!Skin.HasSetting(UseScrollbars) + Control.IsVisible(60)</visible>
		</control>

		<control type="image" id="0">
			<description>bg preview</description>
			<posx>0</posx>
			<posy>0</posy>
			<width>720</width>
			<height>576</height>
			<include>windowswitchtransition</include>
		</control>
	</controls>
</window>