<window id="12">
	<defaultcontrol>2</defaultcontrol>
	<allowoverlay>yes</allowoverlay>
	<controls>
		<control type="image" id="1">
			<description>background image</description>
			<posx>0</posx>
			<posy>0</posy>
			<width>720</width>
			<height>576</height>
			<texture>background-blackbase.png</texture>
		</control>
		<control type="image" id="1">
			<description>background middle overlay</description>
			<posx>0</posx>
			<posy>85</posy>
			<width>720</width>
			<height>367</height>
			<texture>background-black2.png</texture>
		</control>
		<control type="image" id="1">
			<description>white tab image 1</description>
			<posx>25</posx>
			<posy>48</posy>
			<width>400</width>
			<height>33</height>
			<texture>background-tab-grey.png</texture>
		</control>
		<control type="image" id="1">
			<description>white tab image 2</description>
			<posx>65</posx>
			<posy>40</posy>
			<width>400</width>
			<height>41</height>
			<texture>background-tab-white.png</texture>
		</control>
		
		<control id="2" type="label">
  		<description>white tab label 1</description>
    	<posx>75</posx> 
    	<posy>43</posy>
			<height>41</height>
    	<align>left</align> 
			<font>font28</font>
			<include>textcolorblack</include>
		</control>
		
    <control type="image">
      <description>Left Fading button</description>
      <posx>125</posx>
      <posy>92</posy>
      <width>150</width>
      <height>33</height>
      <texture diffuse="fade2.png">button-long-nofocus.png</texture>
     </control>
		
    <control type="image">
      <description>Left Arrow</description>
      <posx>177</posx>
      <posy>97</posy>
      <width>25</width>
      <height>25</height>
      <texture>scroll-left.png</texture>
     </control>
		
    <control type="image">
      <description>Middle button Focus</description>
      <posx>285</posx>
      <posy>92</posy>
      <width>150</width>
      <height>33</height>
      <texture>button-long-focus.png</texture>
			<visible>!ControlGroup(5).HasFocus(0) | !Control.HasFocus(25)</visible>
     </control>
		
    <control type="image">
      <description>Middle button</description>
      <posx>285</posx>
      <posy>92</posy>
      <width>150</width>
      <height>33</height>
      <texture>button-long-nofocus.png</texture>
			<visible>ControlGroup(5).HasFocus(0) | Control.HasFocus(25)</visible>
     </control>
		
    <control type="image">
      <description>Right Fading button</description>
      <posx>445</posx>
      <posy>92</posy>
      <width>150</width>
      <height>33</height>
      <texture diffuse="fade1.png">button-long-nofocus.png</texture>
     </control>
		
    <control type="image">
      <description>Right Arrow</description>
      <posx>518</posx>
      <posy>97</posy>
      <width>25</width>
      <height>25</height>
      <texture>scroll-right.png</texture>
     </control>
	
		<control type="grouplist" id="3">
			<description>button area</description>
			<posx>285</posx>
			<posy>90</posy>
			<width>150</width>
			<height>300</height>
			<orientation>horizontal</orientation>
			<onleft>3</onleft>
			<onright>3</onright>
			<onup>3</onup>
			<ondown>5</ondown>
			<scrollspeed>2</scrollspeed>
		</control>
		
		<control type="button" id="10">
			<description>Default Category Button</description>
			<posx>208</posx>
			<posy>145</posy>
			<label>224</label>
			<font>special12</font>
			<aligny>center</aligny>
			<include>textcolorblack</include>
			<texturefocus>-</texturefocus>
			<texturenofocus>-</texturenofocus>
		</control>
		
		<control type="grouplist" id="5">
			<description>control area</description>
			<posx>145</posx>
			<posy>130</posy>
			<width>445</width>
			<height>320</height>
			<itemgap>0</itemgap>
			<pagecontrol>90</pagecontrol>
			<include>contentpanelslide</include>
			<onleft>3</onleft>
			<onright>60</onright>
			<onup>3</onup>
			<ondown>25</ondown>
		</control>
		
		<control type="button" id="7">
			<description>Default Button</description>
			<posx>530</posx>
			<posy>145</posy>
			<font>special12</font>
			<textoffsetx>7</textoffsetx>
			<texturefocus>list-focus.png</texturefocus>
			<texturenofocus>-</texturenofocus>
		</control>
		<control type="radiobutton" id="8">
			<description>Default RadioButton</description>
			<posx>530</posx>
			<posy>145</posy>
			<font>special12</font>
			<texturefocus>list-focus.png</texturefocus>
			<texturenofocus>-</texturenofocus>
			<textoffsetx>7</textoffsetx>
			<textureradiofocus>settings-check-box.png</textureradiofocus>
			<textureradionofocus> settings-check-boxNF.png</textureradionofocus>
		</control>
		<control type="spincontrolex" id="9">
			<description>Default SpinControlex</description>
			<posx>530</posx>
			<posy>145</posy>
			<width>300</width>
			<texturefocus>list-focus.png</texturefocus>
			<texturenofocus>-</texturenofocus>
			<textureup>scroll-up.png</textureup>
			<texturedown>scroll-down.png</texturedown>
			<textureupfocus>scroll-up-focus.png</textureupfocus>
			<texturedownfocus>scroll-down-focus.png</texturedownfocus>
			<font>special12</font>
			<include>textcolorwhite</include>
			<disabledcolor>60d0d0d0</disabledcolor>
			<textoffsetx>7</textoffsetx>
			<aligny>center</aligny>
			<reverse>false</reverse>
		</control>
		<control type="image" id="11">
			<description>separator image</description>
			<width>350</width>
			<height>5</height>
			<texture>separator.png</texture>
		</control>
		<control type="spincontrol" id="90">
			<description>Next page button</description>
			<posx>590</posx>
			<posy>500</posy>
			<subtype>page</subtype>
			<font>font20</font>
			<onleft>5</onleft>
			<onright>3</onright>
			<ondown>60</ondown>
			<onup>5</onup>
			<include>contentpanelslide</include>
			<showonepage>true</showonepage>
			<textureup>-</textureup>
			<texturedown>-</texturedown>
		</control>
		
		<control type="button" id="25">
  		<description>Back</description>
  		<posx>35</posx>
  		<posy>465</posy>
  		<width>316</width>
  		<height>79</height>
  		<include>backlabel</include>
  		<font>font28</font>
  		<align>center</align>
  		<aligny>center</aligny>
  		<include>textcolorblack</include>
  		<onclick>ActivateWindow(1110)</onclick>
  		<onleft>14</onleft>
  		<onright>14</onright>
  		<onup>5</onup>
  		<ondown>25</ondown>
  		<texturefocus>button-big-focus.png</texturefocus>
  		<texturenofocus>button-big-nofocus.png</texturenofocus>
			<include>homebuttonanimation</include>
		</control>
		<control type="image" id="0">
			<description>bg preview</description>
			<posx>0</posx>
			<posy>0</posy>
			<width>720</width>
			<height>576</height>
			<include>windowswitchtransition</include>
		</control>
	</controls>
</window>