<window id="2005">
 <defaultcontrol>13</defaultcontrol>
	<controls>
		<!-- codec infos -->
		<control type="image" id="0">
			<description>media info background image</description>
			<posx>-10</posx>
			<posy>40</posy>
			<width>740</width>
			<height>90</height>
			<texture>osd_menu_bg.png</texture>
		</control>
		<control type="label" id="10">
			<description>row 1 label</description>
			<posx>70</posx>
			<posy>50</posy>
			<label>-</label>
			<align>left</align>
			<font>font12</font>
		</control>
		<control type="label" id="11">
			<description>row 2 label</description>
			<posx>70</posx>
			<posy>75</posy>
			<label>-</label>
			<align>left</align>
			<font>font12</font>
		</control>
		<control type="label" id="12">
			<description>row 3 label</description>
			<posx>70</posx>
			<posy>100</posy>
			<label>-</label>
			<align>left</align>
			<font>font12</font>
		</control>
		
		<!-- buffering dialog -->
		<control type="label" id="24">
			<description>buffering label</description>
			<posx>210</posx>
			<posy>520</posy>
			<label>15107</label>
			<width>291</width>
			<align>center</align>
			<font>font12</font>
			<include>textcolorwhite</include>
		</control>

		<!-- media infos -->
		<control type="image" id="1">
			<description>media info background image</description>
			<posx>-10</posx>
			<posy>435</posy>
			<width>740</width>
			<height>100</height>
			<texture>osd_menu_bg.png</texture>
			<visible>Player.ShowInfo</visible>
		</control>
		<control type="image" id="1">
			<description>cover image</description>
			<posx>75</posx>
			<posy>435</posy>
			<width>100</width>
			<height>100</height>
			<info>videoplayer.cover</info>
			<aspectratio>keep</aspectratio>
			<visible>player.ShowInfo</visible>
		</control>
	  	<control type="label" id="1">
			<description>current_event_name</description>
			<width>385</width>
			<posx>180</posx>
			<posy>438</posy>
			<info>videoplayer.title</info>
			<align>left</align>
			<scroll>true</scroll>
			<font>special13</font>
			<visible>Player.ShowInfo</visible>
		</control>
	  	<control type="label" id="2">
			<description>current_event_description</description>
			<width>430</width>
			<posx>180</posx>
			<posy>465</posy>
			<info>videoplayer.genre</info>
			<align>left</align>
			<scroll>true</scroll>
			<font>font12</font>
			<visible>Player.ShowInfo</visible>
		</control>
	  	<control type="label" id="3">
			<description>current_event_details</description>
			<width>430</width>
			<posx>180</posx>
			<posy>487</posy>
			<info>videoplayer.director</info>
			<align>left</align>
			<scroll>true</scroll>
			<font>font12</font>
			<visible>Player.ShowInfo</visible>
		</control>
		<control type="label" id="4">
			<description>current_event_duration</description>
			<width>430</width>
			<posx>180</posx>
			<posy>508</posy>
			<info>videoplayer.duration</info>
			<align>left</align>
			<scroll>true</scroll>
			<font>font12</font>
			<visible>Player.ShowInfo</visible>
		</control>
		<control type="label" id="5">
			<description>Time Label</description>
			<width>200</width>
			<posx>610</posx>
			<posy>438</posy>
			<align>right</align>
			<font>special13</font>
			<info>System.Time</info>
			<visible>Player.ShowInfo</visible>
		</control>
	</controls>
</window>