<colors>
	<color name="button-text">FFFFFFFF</color>
	<color name="black-text">FF000000</color>
	<color name="grey-text">FFABABAB</color>
	<color name="rss-headline-text">ffffffff</color>
	<color name="rss-title-text">ff0066cc</color>
	<color name="info-text">ff0066cc</color>
	<color name="listselectedtext">ff0066cc</color>
	<color name="listselectedcolor">ff0066cc</color>
	<color name="kai-text-alpha">55FFFFFF</color>
	<color name="kai-text">FFFF0000</color>
	<color name="disabled-text">FFFFFFFF</color>
	<color name="osd-nf">77FFFFFF</color>
	<color name="recording-nf">77EE0000</color>
	<color name="recording">FFEE0000</color>
	<color name="shutdown-text">FFFFFFFF</color>
</colors>