<window id="1111">
	<defaultcontrol>9000</defaultcontrol>
	<allowoverlay>no</allowoverlay>
	<controls>
	
		<!-- Backgrounds -->
		<include>Background</include>
		
		<control type="grouplist" id="9000">
			<description>button area</description>
			<posx>440</posx>
			<posy>130</posy>
			<width>400</width>
			<height>30</height>
			<itemgap>0</itemgap>
			<onleft>9000</onleft>
			<onright>9000</onright>
			<onup>9000</onup>
			<ondown>9001</ondown>
			<orientation>horizontal</orientation>
			<control type="button" id="30">
				<description>Hidden Tab 1 Control</description>
				<posx>0</posx>
				<posy>0</posy>
				<width>60</width>
				<height>50</height>
				<label>-</label>
				<align>center</align>
				<textcolor>-</textcolor>
				<texturefocus>-</texturefocus>
				<texturenofocus>-</texturenofocus>
			</control>
			<control type="button" id="31">
				<description>Hidden Tab 2 Control</description>
				<posx>0</posx>
				<posy>0</posy>
				<width>60</width>
				<height>50</height>
				<label>-</label>
				<align>center</align>
				<textcolor>-</textcolor>
				<texturefocus>-</texturefocus>
				<texturenofocus>-</texturenofocus>
			</control>
			<control type="button" id="32">
				<description>Hidden Tab 3 Control</description>
				<posx>0</posx>
				<posy>0</posy>
				<width>60</width>
				<height>50</height>
				<label>-</label>
				<align>center</align>
				<textcolor>-</textcolor>
				<texturefocus>-</texturefocus>
				<texturenofocus>-</texturenofocus>
			</control>
			<control type="button" id="33">
				<description>Hidden Tab 3 Control</description>
				<posx>0</posx>
				<posy>0</posy>
				<width>60</width>
				<height>50</height>
				<label>-</label>
				<align>center</align>
				<textcolor>-</textcolor>
				<texturefocus>-</texturefocus>
				<texturenofocus>-</texturenofocus>
			</control>
		</control>
		
		<control type="group">
			<posx>640</posx>
			<posy>135</posy>
		
			<control type="group">
				<control type="image">
					<posx>-129</posx>
					<posy>0</posy>
					<width>60</width>
					<height>50</height>
					<texture>settings\tabs\skinsettings_visuals_nf.png</texture>
					<visible>!ControlGroup(9000).HasFocus(30)</visible>
				</control>
				<control type="image">
					<posx>-63</posx>
					<posy>0</posy>
					<width>60</width>
					<height>50</height>
					<texture>settings\tabs\skinsettings_customs_nf.png</texture>
					<visible>!ControlGroup(9000).HasFocus(31)</visible>
				</control>
				<control type="image">
					<posx>3</posx>
					<posy>0</posy>
					<width>60</width>
					<height>50</height>
					<texture>settings\tabs\skinsettings_homepage_nf.png</texture>
					<visible>!ControlGroup(9000).HasFocus(32)</visible>
				</control>
				<control type="image">
					<posx>69</posx>
					<posy>0</posy>
					<width>60</width>
					<height>50</height>
					<texture>settings\tabs\skinsettings_debug_nf.png</texture>
					<visible>!ControlGroup(9000).HasFocus(33)</visible>
				</control>
				<control type="image">
					<posx>-129</posx>
					<posy>0</posy>
					<width>60</width>
					<height>50</height>
					<texture>settings\tabs\skinsettings_visuals_f.png</texture>
					<visible>ControlGroup(9000).HasFocus(30)</visible>
					<animation type="Conditional" condition="!ControlGroup(9001).HasFocus">
						<effect type="zoom" start="-129,0,60,50" end="-131,-2,64,54" time="200" />
					</animation>
				</control>
				<control type="image">
					<posx>-63</posx>
					<posy>0</posy>
					<width>60</width>
					<height>50</height>
					<texture>settings\tabs\skinsettings_customs_f.png</texture>
					<visible>ControlGroup(9000).HasFocus(31)</visible>
					<animation type="Conditional" condition="!ControlGroup(9001).HasFocus">
						<effect type="zoom" start="-63,0,60,50" end="-65,-2,64,54" time="200" />
					</animation>
				</control>
				<control type="image">
					<posx>3</posx>
					<posy>0</posy>
					<width>60</width>
					<height>50</height>
					<texture>settings\tabs\skinsettings_homepage_f.png</texture>
					<visible>ControlGroup(9000).HasFocus(32)</visible>
					<animation type="Conditional" condition="!ControlGroup(9001).HasFocus">
						<effect type="zoom" start="3,0,60,50" end="1,-2,64,54" time="200" />
					</animation>
				</control>
				<control type="image">
					<posx>69</posx>
					<posy>0</posy>
					<width>60</width>
					<height>50</height>
					<texture>settings\tabs\skinsettings_debug_f.png</texture>
					<visible>ControlGroup(9000).HasFocus(33)</visible>
					<animation type="Conditional" condition="!ControlGroup(9001).HasFocus">
						<effect type="zoom" start="69,0,60,50" end="67,-2,64,54" time="200" />
					</animation>
				</control>
			</control>
			
		</control>
		
		<control type="grouplist" id="9001">
		
			<posx>108</posx>
			<posy>199</posy>
			<width>1064</width>
			<height>322</height>
			<itemgap>0</itemgap>
			<pagecontrol>-</pagecontrol>
			<onleft>9000</onleft>
			<onright>9000</onright>
			<onup>9001</onup>
			<ondown>9001</ondown>
			
			<control type="radiobutton" id="100">
				<visible>ControlGroup(9000).HasFocus(30)</visible>
				<label>$LOCALIZE[50000]</label>
				<posx>0</posx>
				<posy>0</posy>
				<width>1064</width>
				<height>46</height>					
				<textoffsetx>15</textoffsetx>
				<radioposx>1033</radioposx>
				<font>Default</font>
				<texturefocus border="4,5,6,8">controls\button_f.png</texturefocus>
				<texturenofocus>-</texturenofocus>
				<textureradiofocus>controls\radiobutton_f.png</textureradiofocus>
				<textureradionofocus>controls\radiobutton_nf.png</textureradionofocus>
				<onclick>Skin.ToggleSetting(Disable_Intro)</onclick>
				<selected>Skin.HasSetting(Disable_Intro)</selected>
				<pulseonselect>false</pulseonselect>
			</control>
			
			<control type="radiobutton" id="101">
				<visible>ControlGroup(9000).HasFocus(30)</visible>
				<label>$LOCALIZE[50145]</label>
				<posx>0</posx>
				<posy>0</posy>
				<width>1064</width>
				<height>46</height>					
				<textoffsetx>15</textoffsetx>
				<radioposx>1033</radioposx>
				<font>Default</font>
				<texturefocus border="4,5,6,8">controls\button_f.png</texturefocus>
				<texturenofocus>-</texturenofocus>
				<textureradiofocus>controls\radiobutton_f.png</textureradiofocus>
				<textureradionofocus>controls\radiobutton_nf.png</textureradionofocus>
				<onclick>Skin.ToggleSetting(Disable_Clock_Animation)</onclick>
				<selected>Skin.HasSetting(Disable_Clock_Animation)</selected>
				<pulseonselect>false</pulseonselect>
			</control>
			
			<control type="radiobutton" id="102">
				<visible>ControlGroup(9000).HasFocus(30)</visible>
				<label>$LOCALIZE[50146]</label>
				<posx>0</posx>
				<posy>0</posy>
				<width>1064</width>
				<height>46</height>					
				<textoffsetx>15</textoffsetx>
				<radioposx>1033</radioposx>
				<font>Default</font>
				<texturefocus border="4,5,6,8">controls\button_f.png</texturefocus>
				<texturenofocus>-</texturenofocus>
				<textureradiofocus>controls\radiobutton_f.png</textureradiofocus>
				<textureradionofocus>controls\radiobutton_nf.png</textureradionofocus>
				<onclick>Skin.ToggleSetting(Disable_Clock_Second_Hand)</onclick>
				<selected>Skin.HasSetting(Disable_Clock_Second_Hand)</selected>
				<enable>!Skin.HasSetting(Disable_Clock_Animation)</enable>
				<pulseonselect>false</pulseonselect>
			</control>

			<control type="radiobutton" id="103">
				<visible>ControlGroup(9000).HasFocus(30)</visible>
				<label>$LOCALIZE[50001]</label>
				<posx>0</posx>
				<posy>0</posy>
				<width>1064</width>
				<height>46</height>					
				<textoffsetx>15</textoffsetx>
				<radioposx>1033</radioposx>
				<font>Default</font>
				<texturefocus border="4,5,6,8">controls\button_f.png</texturefocus>
				<texturenofocus>-</texturenofocus>
				<textureradiofocus>controls\radiobutton_f.png</textureradiofocus>
				<textureradionofocus>controls\radiobutton_nf.png</textureradionofocus>
				<onclick>Skin.ToggleSetting(Enable_Cerberus_Background_Effect)</onclick>
				<selected>Skin.HasSetting(Enable_Cerberus_Background_Effect)</selected>
				<pulseonselect>false</pulseonselect>
			</control>
			
			<control type="radiobutton" id="104">
				<visible>ControlGroup(9000).HasFocus(30)</visible>
				<label>$LOCALIZE[50002]</label>
				<posx>0</posx>
				<posy>0</posy>
				<width>1064</width>
				<height>46</height>					
				<textoffsetx>15</textoffsetx>
				<radioposx>1033</radioposx>
				<font>Default</font>
				<texturefocus border="4,5,6,8">controls\button_f.png</texturefocus>
				<texturenofocus>-</texturenofocus>
				<textureradiofocus>controls\radiobutton_f.png</textureradiofocus>
				<textureradionofocus>controls\radiobutton_nf.png</textureradionofocus>
				<onclick>Skin.ToggleSetting(Disable_Fanart)</onclick>
				<selected>Skin.HasSetting(Disable_Fanart)</selected>
				<pulseonselect>false</pulseonselect>
			</control>
			
			<control type="radiobutton" id="105">
				<visible>ControlGroup(9000).HasFocus(30)</visible>
				<label>$LOCALIZE[50003]</label>
				<posx>0</posx>
				<posy>0</posy>
				<width>1064</width>
				<height>46</height>					
				<textoffsetx>15</textoffsetx>
				<radioposx>1033</radioposx>
				<font>Default</font>
				<texturefocus border="4,5,6,8">controls\button_f.png</texturefocus>
				<texturenofocus>-</texturenofocus>
				<textureradiofocus>controls\radiobutton_f.png</textureradiofocus>
				<textureradionofocus>controls\radiobutton_nf.png</textureradionofocus>
				<onclick>Skin.ToggleSetting(Disable_Visualisation)</onclick>
				<selected>Skin.HasSetting(Disable_Visualisation)</selected>
				<pulseonselect>false</pulseonselect>
			</control>
			
			<control type="radiobutton" id="106">
				<visible>ControlGroup(9000).HasFocus(30)</visible>
				<label>$LOCALIZE[50004]</label>
				<posx>0</posx>
				<posy>0</posy>
				<width>1064</width>
				<height>46</height>					
				<textoffsetx>15</textoffsetx>
				<radioposx>1033</radioposx>
				<font>Default</font>
				<texturefocus border="4,5,6,8">controls\button_f.png</texturefocus>
				<texturenofocus>-</texturenofocus>
				<textureradiofocus>controls\radiobutton_f.png</textureradiofocus>
				<textureradionofocus>controls\radiobutton_nf.png</textureradionofocus>
				<onclick>Skin.ToggleSetting(Disable_Background_Video)</onclick>
				<selected>Skin.HasSetting(Disable_Background_Video)</selected>
				<pulseonselect>false</pulseonselect>
			</control>
			
			<control type="radiobutton" id="107">
				<visible>ControlGroup(9000).HasFocus(30)</visible>
				<label>$LOCALIZE[50005]</label>
				<posx>0</posx>
				<posy>0</posy>
				<width>1064</width>
				<height>46</height>					
				<textoffsetx>15</textoffsetx>
				<radioposx>1033</radioposx>
				<font>Default</font>
				<texturefocus border="4,5,6,8">controls\button_f.png</texturefocus>
				<texturenofocus>-</texturenofocus>
				<textureradiofocus>controls\radiobutton_f.png</textureradiofocus>
				<textureradionofocus>controls\radiobutton_nf.png</textureradionofocus>
				<onclick>Skin.ToggleSetting(Disable_Visor)</onclick>
				<selected>Skin.HasSetting(Disable_Visor)</selected>
				<pulseonselect>false</pulseonselect>
			</control>
			
			<control type="radiobutton" id="108">
				<visible>ControlGroup(9000).HasFocus(30)</visible>
				<label>$LOCALIZE[50006]</label>
				<posx>0</posx>
				<posy>0</posy>
				<width>1064</width>
				<height>46</height>					
				<textoffsetx>15</textoffsetx>
				<radioposx>1033</radioposx>
				<font>Default</font>
				<texturefocus border="4,5,6,8">controls\button_f.png</texturefocus>
				<texturenofocus>-</texturenofocus>
				<textureradiofocus>controls\radiobutton_f.png</textureradiofocus>
				<textureradionofocus>controls\radiobutton_nf.png</textureradionofocus>
				<onclick>Skin.ToggleSetting(Disable_Edge_Filter)</onclick>
				<selected>Skin.HasSetting(Disable_Edge_Filter)</selected>
				<pulseonselect>false</pulseonselect>
			</control>
			
			<control type="radiobutton" id="109">
				<visible>ControlGroup(9000).HasFocus(30)</visible>
				<label>$LOCALIZE[50007]</label>
				<posx>0</posx>
				<posy>0</posy>
				<width>1064</width>
				<height>46</height>					
				<textoffsetx>15</textoffsetx>
				<radioposx>1033</radioposx>
				<font>Default</font>
				<texturefocus border="4,5,6,8">controls\button_f.png</texturefocus>
				<texturenofocus>-</texturenofocus>
				<textureradiofocus>controls\radiobutton_f.png</textureradiofocus>
				<textureradionofocus>controls\radiobutton_nf.png</textureradionofocus>
				<onclick>Skin.ToggleSetting(Disable_Icon_Labels)</onclick>
				<selected>Skin.HasSetting(Disable_Icon_Labels)</selected>
				<pulseonselect>false</pulseonselect>
			</control>
			
			<control type="radiobutton" id="110">
				<visible>ControlGroup(9000).HasFocus(30)</visible>
				<label>$LOCALIZE[50008]</label>
				<posx>0</posx>
				<posy>0</posy>
				<width>1064</width>
				<height>46</height>					
				<textoffsetx>15</textoffsetx>
				<radioposx>1033</radioposx>
				<font>Default</font>
				<texturefocus border="4,5,6,8">controls\button_f.png</texturefocus>
				<texturenofocus>-</texturenofocus>
				<textureradiofocus>controls\radiobutton_f.png</textureradiofocus>
				<textureradionofocus>controls\radiobutton_nf.png</textureradionofocus>
				<onclick>Skin.ToggleSetting(Disable_Current_Folder_Section_Widget)</onclick>
				<selected>Skin.HasSetting(Disable_Current_Folder_Section_Widget)</selected>
				<pulseonselect>false</pulseonselect>
			</control>
			
			<control type="radiobutton" id="111">
				<visible>ControlGroup(9000).HasFocus(30)</visible>
				<label>$LOCALIZE[50009]</label>
				<posx>0</posx>
				<posy>0</posy>
				<width>1064</width>
				<height>46</height>					
				<textoffsetx>15</textoffsetx>
				<radioposx>1033</radioposx>
				<font>Default</font>
				<texturefocus border="4,5,6,8">controls\button_f.png</texturefocus>
				<texturenofocus>-</texturenofocus>
				<textureradiofocus>controls\radiobutton_f.png</textureradiofocus>
				<textureradionofocus>controls\radiobutton_nf.png</textureradionofocus>
				<onclick>Skin.ToggleSetting(Disable_Unwatched_Overlay)</onclick>
				<selected>Skin.HasSetting(Disable_Unwatched_Overlay)</selected>
				<pulseonselect>false</pulseonselect>
			</control>
			
			<control type="radiobutton" id="112">
				<visible>ControlGroup(9000).HasFocus(30)</visible>
				<label>$LOCALIZE[50131]</label>
				<posx>0</posx>
				<posy>0</posy>
				<width>1064</width>
				<height>46</height>					
				<textoffsetx>15</textoffsetx>
				<radioposx>1033</radioposx>
				<font>Default</font>
				<texturefocus border="4,5,6,8">controls\button_f.png</texturefocus>
				<texturenofocus>-</texturenofocus>
				<textureradiofocus>controls\radiobutton_f.png</textureradiofocus>
				<textureradionofocus>controls\radiobutton_nf.png</textureradionofocus>
				<onclick>Skin.ToggleSetting(Enable_SubtitleScript)</onclick>
				<selected>Skin.HasSetting(Enable_SubtitleScript)</selected>
				<pulseonselect>false</pulseonselect>
			</control>
			
			<control type="button" id="113">
				<visible>ControlGroup(9000).HasFocus(30)</visible>
				<label>- $LOCALIZE[15311]</label>
				<label2>$INFO[Skin.String(Path_SubtitleScript)]</label2>
				<posx>0</posx>
				<posy>0</posy>
				<width>1064</width>
				<height>46</height>
				<font>Default</font>
				<textoffsetx>15</textoffsetx>
				<texturefocus border="4,5,6,8">controls\button_f.png</texturefocus>
				<texturenofocus>-</texturenofocus>
				<onclick>Skin.SetFile(Path_SubtitleScript,.py)</onclick>
				<enable>Skin.HasSetting(Enable_SubtitleScript)</enable>
				<pulseonselect>false</pulseonselect>
			</control>
			
			<control type="radiobutton" id="200">
				<visible>ControlGroup(9000).HasFocus(31)</visible>
				<label>$LOCALIZE[33070]</label>
				<posx>0</posx>
				<posy>0</posy>
				<width>1064</width>
				<height>46</height>					
				<textoffsetx>15</textoffsetx>
				<radioposx>1033</radioposx>
				<font>Default</font>
				<texturefocus border="4,5,6,8">controls\button_f.png</texturefocus>
				<texturenofocus>-</texturenofocus>
				<textureradiofocus>controls\radiobutton_f.png</textureradiofocus>
				<textureradionofocus>controls\radiobutton_nf.png</textureradionofocus>
				<onclick>Skin.ToggleSetting(Enable_Custom_Background)</onclick>
				<onclick>Skin.Reset(Enable_Custom_Background_Folder)</onclick>
				<onclick>Skin.Reset(Enable_Time_Of_Day_Background)</onclick>
				<selected>Skin.HasSetting(Enable_Custom_Background)</selected>
				<pulseonselect>false</pulseonselect>
			</control>
						
			<control type="button" id="201">
				<visible>ControlGroup(9000).HasFocus(31)</visible>
				<label>$LOCALIZE[50010]</label>
				<label2>$INFO[Skin.String(Custom_Background)]</label2>
				<posx>0</posx>
				<posy>0</posy>
				<width>1064</width>
				<height>46</height>
				<font>Default</font>
				<textoffsetx>15</textoffsetx>
				<texturefocus border="4,5,6,8">controls\button_f.png</texturefocus>
				<texturenofocus>-</texturenofocus>
				<onclick>Skin.SetImage(Custom_Background)</onclick>
				<enable>Skin.HasSetting(Enable_Custom_Background)</enable>
				<pulseonselect>false</pulseonselect>
			</control>
			
			<control type="radiobutton" id="202">
				<visible>ControlGroup(9000).HasFocus(31)</visible>
				<label>$LOCALIZE[50011]</label>
				<posx>0</posx>
				<posy>0</posy>
				<width>1064</width>
				<height>46</height>					
				<textoffsetx>15</textoffsetx>
				<radioposx>1033</radioposx>
				<font>Default</font>
				<texturefocus border="4,5,6,8">controls\button_f.png</texturefocus>
				<texturenofocus>-</texturenofocus>
				<textureradiofocus>controls\radiobutton_f.png</textureradiofocus>
				<textureradionofocus>controls\radiobutton_nf.png</textureradionofocus>
				<onclick>Skin.ToggleSetting(Enable_Custom_Background_Folder)</onclick>
				<onclick>Skin.Reset(Enable_Custom_Background)</onclick>
				<onclick>Skin.Reset(Enable_Time_Of_Day_Background)</onclick>
				<selected>Skin.HasSetting(Enable_Custom_Background_Folder)</selected>
				<pulseonselect>false</pulseonselect>
			</control>
			
			<control type="button" id="203">
				<visible>ControlGroup(9000).HasFocus(31)</visible>
				<label>- $LOCALIZE[15311]</label>
				<label2>$INFO[Skin.String(Custom_Background_Folder)]</label2>
				<posx>0</posx>
				<posy>0</posy>
				<width>1064</width>
				<height>46</height>
				<font>Default</font>
				<textoffsetx>15</textoffsetx>
				<texturefocus border="4,5,6,8">controls\button_f.png</texturefocus>
				<texturenofocus>-</texturenofocus>
				<onclick>Skin.SetPath(Custom_Background_Folder)</onclick>
				<enable>Skin.HasSetting(Enable_Custom_Background_Folder)</enable>
				<pulseonselect>false</pulseonselect>
			</control>
			
			<control type="radiobutton" id="204">
				<visible>ControlGroup(9000).HasFocus(31)</visible>
				<label>$LOCALIZE[50123]</label>
				<posx>0</posx>
				<posy>0</posy>
				<width>1064</width>
				<height>46</height>					
				<textoffsetx>15</textoffsetx>
				<radioposx>1033</radioposx>
				<font>Default</font>
				<texturefocus border="4,5,6,8">controls\button_f.png</texturefocus>
				<texturenofocus>-</texturenofocus>
				<textureradiofocus>controls\radiobutton_f.png</textureradiofocus>
				<textureradionofocus>controls\radiobutton_nf.png</textureradionofocus>
				<onclick>Skin.ToggleSetting(Enable_Time_Of_Day_Background)</onclick>
				<onclick>Skin.Reset(Enable_Custom_Background)</onclick>
				<onclick>Skin.Reset(Enable_Custom_Background_Folder)</onclick>
				<selected>Skin.HasSetting(Enable_Time_Of_Day_Background)</selected>
				<pulseonselect>false</pulseonselect>
			</control>
					
			<control type="radiobutton" id="301">
				<visible>ControlGroup(9000).HasFocus(32)</visible>
				<label>$LOCALIZE[50012]</label>
				<posx>0</posx>
				<posy>0</posy>
				<width>1064</width>
				<height>46</height>					
				<textoffsetx>15</textoffsetx>
				<radioposx>1033</radioposx>
				<font>Default</font>
				<texturefocus border="4,5,6,8">controls\button_f.png</texturefocus>
				<texturenofocus>-</texturenofocus>
				<textureradiofocus>controls\radiobutton_f.png</textureradiofocus>
				<textureradionofocus>controls\radiobutton_nf.png</textureradionofocus>
				<onclick>Skin.ToggleSetting(Disable_Videos_Home_Icon)</onclick>
				<selected>Skin.HasSetting(Disable_Videos_Home_Icon)</selected>
				<pulseonselect>false</pulseonselect>
			</control>
			
			<control type="radiobutton" id="302">
				<visible>ControlGroup(9000).HasFocus(32)</visible>
				<label>$LOCALIZE[50013]</label>
				<posx>0</posx>
				<posy>0</posy>
				<width>1064</width>
				<height>46</height>					
				<textoffsetx>15</textoffsetx>
				<radioposx>1033</radioposx>
				<font>Default</font>
				<texturefocus border="4,5,6,8">controls\button_f.png</texturefocus>
				<texturenofocus>-</texturenofocus>
				<textureradiofocus>controls\radiobutton_f.png</textureradiofocus>
				<textureradionofocus>controls\radiobutton_nf.png</textureradionofocus>
				<onclick>Skin.ToggleSetting(Disable_Play_DVD_Home_Icon)</onclick>
				<selected>Skin.HasSetting(Disable_Play_DVD_Home_Icon)</selected>
				<pulseonselect>false</pulseonselect>
			</control>
			
			<control type="radiobutton" id="303">
				<visible>ControlGroup(9000).HasFocus(32)</visible>
				<label>$LOCALIZE[50014]</label>
				<posx>0</posx>
				<posy>0</posy>
				<width>1064</width>
				<height>46</height>					
				<textoffsetx>15</textoffsetx>
				<radioposx>1033</radioposx>
				<font>Default</font>
				<texturefocus border="4,5,6,8">controls\button_f.png</texturefocus>
				<texturenofocus>-</texturenofocus>
				<textureradiofocus>controls\radiobutton_f.png</textureradiofocus>
				<textureradionofocus>controls\radiobutton_nf.png</textureradionofocus>
				<onclick>Skin.ToggleSetting(Disable_Tv_Library_Home_Icon)</onclick>
				<selected>Skin.HasSetting(Disable_Tv_Library_Home_Icon)</selected>
				<pulseonselect>false</pulseonselect>
			</control>
			
			<control type="radiobutton" id="304">
				<visible>ControlGroup(9000).HasFocus(32)</visible>
				<label>$LOCALIZE[50015]</label>
				<posx>0</posx>
				<posy>0</posy>
				<width>1064</width>
				<height>46</height>					
				<textoffsetx>15</textoffsetx>
				<radioposx>1033</radioposx>
				<font>Default</font>
				<texturefocus border="4,5,6,8">controls\button_f.png</texturefocus>
				<texturenofocus>-</texturenofocus>
				<textureradiofocus>controls\radiobutton_f.png</textureradiofocus>
				<textureradionofocus>controls\radiobutton_nf.png</textureradionofocus>
				<onclick>Skin.ToggleSetting(Disable_Movie_Library_Home_Icon)</onclick>
				<selected>Skin.HasSetting(Disable_Movie_Library_Home_Icon)</selected>
				<pulseonselect>false</pulseonselect>
			</control>
			
			<control type="radiobutton" id="305">
				<visible>ControlGroup(9000).HasFocus(32)</visible>
				<label>$LOCALIZE[50016]</label>
				<posx>0</posx>
				<posy>0</posy>
				<width>1064</width>
				<height>46</height>					
				<textoffsetx>15</textoffsetx>
				<radioposx>1033</radioposx>
				<font>Default</font>
				<texturefocus border="4,5,6,8">controls\button_f.png</texturefocus>
				<texturenofocus>-</texturenofocus>
				<textureradiofocus>controls\radiobutton_f.png</textureradiofocus>
				<textureradionofocus>controls\radiobutton_nf.png</textureradionofocus>
				<onclick>Skin.ToggleSetting(Disable_Music_Video_Library_Home_Icon)</onclick>
				<selected>Skin.HasSetting(Disable_Music_Video_Library_Home_Icon)</selected>
				<pulseonselect>false</pulseonselect>
			</control>
			
			<control type="radiobutton" id="306">
				<visible>ControlGroup(9000).HasFocus(32)</visible>
				<label>$LOCALIZE[50017]</label>
				<posx>0</posx>
				<posy>0</posy>
				<width>1064</width>
				<height>46</height>					
				<textoffsetx>15</textoffsetx>
				<radioposx>1033</radioposx>
				<font>Default</font>
				<texturefocus border="4,5,6,8">controls\button_f.png</texturefocus>
				<texturenofocus>-</texturenofocus>
				<textureradiofocus>controls\radiobutton_f.png</textureradiofocus>
				<textureradionofocus>controls\radiobutton_nf.png</textureradionofocus>
				<onclick>Skin.ToggleSetting(Disable_Pictures_Home_Icon)</onclick>
				<selected>Skin.HasSetting(Disable_Pictures_Home_Icon)</selected>
				<pulseonselect>false</pulseonselect>
			</control>
			
			<control type="radiobutton" id="307">
				<visible>ControlGroup(9000).HasFocus(32)</visible>
				<label>$LOCALIZE[50018]</label>
				<posx>0</posx>
				<posy>0</posy>
				<width>1064</width>
				<height>46</height>					
				<textoffsetx>15</textoffsetx>
				<radioposx>1033</radioposx>
				<font>Default</font>
				<texturefocus border="4,5,6,8">controls\button_f.png</texturefocus>
				<texturenofocus>-</texturenofocus>
				<textureradiofocus>controls\radiobutton_f.png</textureradiofocus>
				<textureradionofocus>controls\radiobutton_nf.png</textureradionofocus>
				<onclick>Skin.ToggleSetting(Disable_Programs_Home_Icon)</onclick>
				<selected>Skin.HasSetting(Disable_Programs_Home_Icon)</selected>
				<pulseonselect>false</pulseonselect>
			</control>
			
			<control type="radiobutton" id="308">
				<visible>ControlGroup(9000).HasFocus(32)</visible>
				<label>$LOCALIZE[50019]</label>
				<posx>0</posx>
				<posy>0</posy>
				<width>1064</width>
				<height>46</height>					
				<textoffsetx>15</textoffsetx>
				<radioposx>1033</radioposx>
				<font>Default</font>
				<texturefocus border="4,5,6,8">controls\button_f.png</texturefocus>
				<texturenofocus>-</texturenofocus>
				<textureradiofocus>controls\radiobutton_f.png</textureradiofocus>
				<textureradionofocus>controls\radiobutton_nf.png</textureradionofocus>
				<onclick>Skin.ToggleSetting(Disable_File_Manager_Home_Icon)</onclick>
				<selected>Skin.HasSetting(Disable_File_Manager_Home_Icon)</selected>
				<pulseonselect>false</pulseonselect>
			</control>
			
			<control type="radiobutton" id="309">
				<visible>ControlGroup(9000).HasFocus(32)</visible>
				<label>$LOCALIZE[50020]</label>
				<posx>0</posx>
				<posy>0</posy>
				<width>1064</width>
				<height>46</height>					
				<textoffsetx>15</textoffsetx>
				<radioposx>1033</radioposx>
				<font>Default</font>
				<texturefocus border="4,5,6,8">controls\button_f.png</texturefocus>
				<texturenofocus>-</texturenofocus>
				<textureradiofocus>controls\radiobutton_f.png</textureradiofocus>
				<textureradionofocus>controls\radiobutton_nf.png</textureradionofocus>
				<onclick>Skin.ToggleSetting(Disable_Weather_Home_Icon)</onclick>
				<selected>Skin.HasSetting(Disable_Weather_Home_Icon)</selected>
				<pulseonselect>false</pulseonselect>
			</control>
			
			<control type="radiobutton" id="310">
				<visible>ControlGroup(9000).HasFocus(32)</visible>
				<label>$LOCALIZE[50021]</label>
				<posx>0</posx>
				<posy>0</posy>
				<width>1064</width>
				<height>46</height>					
				<textoffsetx>15</textoffsetx>
				<radioposx>1033</radioposx>
				<font>Default</font>
				<texturefocus border="4,5,6,8">controls\button_f.png</texturefocus>
				<texturenofocus>-</texturenofocus>
				<textureradiofocus>controls\radiobutton_f.png</textureradiofocus>
				<textureradionofocus>controls\radiobutton_nf.png</textureradionofocus>
				<onclick>Skin.ToggleSetting(Disable_Scripts_Home_Icon)</onclick>
				<selected>Skin.HasSetting(Disable_Scripts_Home_Icon)</selected>
				<pulseonselect>false</pulseonselect>
			</control>
			
			<control type="radiobutton" id="311">
				<visible>ControlGroup(9000).HasFocus(32)</visible>
				<label>$LOCALIZE[50022]</label>
				<posx>0</posx>
				<posy>0</posy>
				<width>1064</width>
				<height>46</height>					
				<textoffsetx>15</textoffsetx>
				<radioposx>1033</radioposx>
				<font>Default</font>
				<texturefocus border="4,5,6,8">controls\button_f.png</texturefocus>
				<texturenofocus>-</texturenofocus>
				<textureradiofocus>controls\radiobutton_f.png</textureradiofocus>
				<textureradionofocus>controls\radiobutton_nf.png</textureradionofocus>
				<onclick>Skin.ToggleSetting(Disable_Music_Home_Icon)</onclick>
				<selected>Skin.HasSetting(Disable_Music_Home_Icon)</selected>
				<pulseonselect>false</pulseonselect>
			</control>
			
			<control type="radiobutton" id="312">
				<visible>ControlGroup(9000).HasFocus(32)</visible>
				<label>$LOCALIZE[50023]</label>
				<posx>0</posx>
				<posy>0</posy>
				<width>1064</width>
				<height>46</height>					
				<textoffsetx>15</textoffsetx>
				<radioposx>1033</radioposx>
				<font>Default</font>
				<texturefocus border="4,5,6,8">controls\button_f.png</texturefocus>
				<texturenofocus>-</texturenofocus>
				<textureradiofocus>controls\radiobutton_f.png</textureradiofocus>
				<textureradionofocus>controls\radiobutton_nf.png</textureradionofocus>
				<onclick>Skin.ToggleSetting(Disable_Now_Playing_Widget)</onclick>
				<selected>Skin.HasSetting(Disable_Now_Playing_Widget)</selected>
				<pulseonselect>false</pulseonselect>
			</control>
			
			<control type="radiobutton" id="401">
				<visible>ControlGroup(9000).HasFocus(33)</visible>
				<label>$LOCALIZE[50147]</label>
				<posx>0</posx>
				<posy>0</posy>
				<width>1064</width>
				<height>46</height>					
				<textoffsetx>15</textoffsetx>
				<radioposx>1033</radioposx>
				<font>Default</font>
				<texturefocus border="4,5,6,8">controls\button_f.png</texturefocus>
				<texturenofocus>-</texturenofocus>
				<textureradiofocus>controls\radiobutton_f.png</textureradiofocus>
				<textureradionofocus>controls\radiobutton_nf.png</textureradionofocus>
				<onclick>Skin.ToggleSetting(Enable_Debug_Grid_Overlay)</onclick>
				<selected>Skin.HasSetting(Enable_Debug_Grid_Overlay)</selected>
				<pulseonselect>false</pulseonselect>
			</control>
			
			<control type="radiobutton" id="402">
				<visible>ControlGroup(9000).HasFocus(33)</visible>
				<label>$LOCALIZE[50148]</label>
				<posx>0</posx>
				<posy>0</posy>
				<width>1064</width>
				<height>46</height>					
				<textoffsetx>15</textoffsetx>
				<radioposx>1033</radioposx>
				<font>Default</font>
				<texturefocus border="4,5,6,8">controls\button_f.png</texturefocus>
				<texturenofocus>-</texturenofocus>
				<textureradiofocus>controls\radiobutton_f.png</textureradiofocus>
				<textureradionofocus>controls\radiobutton_nf.png</textureradionofocus>
				<onclick>Skin.ToggleSetting(Enable_Debug_Info)</onclick>
				<selected>Skin.HasSetting(Enable_Debug_Info)</selected>
				<pulseonselect>false</pulseonselect>
			</control>
						
		</control>
		
		<control type="group">
		
			<visible>!Skin.HasSetting(Disable_Icon_Labels)</visible>
			
			<animation effect="fade" time="300">Visible</animation>
			<animation effect="fade" time="300">Hidden</animation>
			<animation effect="fade" time="300">WindowOpen</animation>
			<animation effect="fade" time="300">WindowClose</animation>
		
			<control type="image">
				<posx>337</posx>
				<posy>560</posy>
				<width>605</width>
				<height>48</height>
				<texture>filter_iconlabel.png</texture>
			</control>
			
			<control type="label">
				<description>Current Selection</description>
				<posx>0</posx>
				<posy>560</posy>
				<width>1280</width>
				<height>48</height>
				<font>Selected_Item</font>
				<align>center</align>
				<aligny>center</aligny>
				<textcolor>TextSelectedItem</textcolor>
				<shadowcolor>TextShadow</shadowcolor>
				<label>$LOCALIZE[50024]</label>
			</control>
			
		</control>

		<control type="image">
			<posx>454</posx>
			<posy>479</posy>
			<width>372</width>
			<height>372</height>
			<texture>settings-big-cog.png</texture>
			<aspectratio>keep</aspectratio>			
			<animation type="Conditional" reversible="false" condition="ControlGroup(9000).HasFocus(30)">
				<effect type="rotate" start="0" end="-45" center="auto" time="200" />
			</animation>
			<animation type="Conditional" reversible="false" condition="ControlGroup(9000).HasFocus(31)">
				<effect type="rotate" start="0" end="-45" center="auto" time="200" />
			</animation>
			<animation type="Conditional" reversible="false" condition="ControlGroup(9000).HasFocus(32)">
				<effect type="rotate" start="0" end="-45" center="auto" time="200" />
			</animation>
		</control>
				
		<!-- Elipsis Visor -->
		<include>Visor_Filter</include>

		<!-- Edge Filter -->
		<include>Edge_Filter</include>

		<!-- Clock -->
		<include>Clock</include>

		<!-- Now Playing Widget -->
		<include>Now_Playing_Widget</include>

		<!-- Elipsis Button -->
		<control type="group">
			<posx>640</posx>
			<posy>620</posy>
			<include>Dock_Elipsis_With_Reflection</include>
		</control>

		<include>Debug</include>

	</controls>
</window>