<window id="101">
	<defaultcontrol>10</defaultcontrol>
	<include>Fade_In_WindowOpen</include>
	<include>Fade_Out_WindowClose</include>
	<coordinates>
		<system>1</system>
		<posx>0</posx>
		<posy>0</posy>
	</coordinates>
	<controls>
	
		<control type="image">
			<posx>0</posx>
			<posy>0</posy>
			<width>1280</width>
			<height>720</height>
			<texture>filter_keyboard_shadow.png</texture>
		</control>
		
		<control type="group">
		
			<posx>264</posx>
			<posy>179</posy>
			<width>751</width>
			<height>362</height>
		
			<include>Zoom_In_WindowOpen</include>
			<include>Zoom_Out_WindowClose</include>
		
			<control type="image">
				<posx>0</posx>
				<posy>0</posy>
				<width>751</width>
				<height>362</height>
				<texture>dialogs\dialog-background-yesno.png</texture>
			</control>
			
			<control type="image">
				<posx>334</posx>
				<posy>56</posy>
				<width>84</width>
				<height>24</height>
				<texture>dialogs\progress-dialog-icon.png</texture>
			</control>
			
			<control type="label" id="1">
				<description>heading label</description>
				<posx>0</posx>
				<posy>0</posy>
				<width>0</width>
				<height>0</height>
				<font>-</font>
				<visible>false</visible>
			</control>
			<control type="label">
				<description>heading label</description>
				<posx>66</posx>
				<posy>92</posy>
				<width>620</width>
				<align>center</align>
				<font>Heading</font>
				<label>$INFO[Control.GetLabel(1)] $INFO[System.Progressbar,- ,%]</label>
				<textcolor>Text</textcolor>
			</control>
			<control type="label" id="2">
				<description>dialog line 1</description>
				<posx>66</posx>
				<posy>140</posy>
				<width>620</width>
				<align>center</align>
				<label>-</label>
				<font>Medium</font>
			</control>
			<control type="label" id="3">
				<description>dialog line 2</description>
				<posx>66</posx>
				<posy>163</posy>
				<width>620</width>
				<align>center</align>
				<label>-</label>
				<font>Medium</font>
			</control>
			<control type="label" id="4">
				<description>dialog line 3</description>
				<posx>66</posx>
				<posy>186</posy>
				<width>620</width>
				<align>center</align>
				<label>-</label>
				<font>Medium</font>
			</control>
			
			<control type="progress">
				<description>Progressbar</description>
				<posx>140</posx>
				<posy>225</posy>
				<width>472</width>
				<height>17</height>
				<texturebg>controls\progressbar_back.png</texturebg>
				<lefttexture>-</lefttexture>
				<midtexture>controls\progressbar_full.png</midtexture>
				<righttexture>-</righttexture>
				<overlaytexture>-</overlaytexture>
				<reveal>true</reveal>
				<info>System.Progressbar</info>
			</control>
					
			<control type="button" id="10">
				<description>Cancel button</description>
				<posx>275</posx>
				<posy>258</posy>
				<width>200</width>
				<height>46</height>
				<label>222</label>
				<font>Default</font>
				<align>center</align>
				<texturenofocus border="8">controls\button_red_nf.png</texturenofocus>
				<texturefocus border="8">controls\button_red_f.png</texturefocus>
				<textcolor>TextNegative</textcolor>
				<focusedcolor>Text</focusedcolor>
				<onleft>10</onleft>
				<onright>10</onright>
				<onup>10</onup>
				<ondown>10</ondown>
			</control>
		
		</control>
	
		<include>Debug</include>

	</controls>
</window>