<window id="2003">
	<defaultcontrol always="true">200</defaultcontrol>
	<include>Fade_In_WindowOpen</include>
	<include>Fade_Out_WindowClose</include>
	<coordinates>
		<system>1</system>
		<posx>0</posx>
		<posy>0</posy>
	</coordinates>
	<controls>
	
		<control type="image">
			<posx>0</posx>
			<posy>0</posy>
			<width>1280</width>
			<height>720</height>
			<texture>filter_keyboard_shadow.png</texture>
		</control>
		
		<control type="group">
			
			<include>Zoom_In_WindowOpen</include>
			<include>Zoom_Out_WindowClose</include>
		
			<control type="group">
			
				<posx>64</posx>
				<posy>35</posy>
				
				<control type="image">
					<description>background image</description>
					<posx>0</posx>
					<posy>0</posy>
					<width>1151</width>
					<height>708</height>
					<texture>dialogs\dialog-background-verytall.png</texture>
				</control>

				<control type="group">
				
					<visible>Container.Content(Movies)</visible>

					<control type="group">
						<posx>112</posx>
						<posy>74</posy>
						<control type="image">
							<posx>0</posx>
							<posy>0</posy>
							<width>300</width>
							<height>441</height>
							<aspectratio align="center" scalediffuse="false">keep</aspectratio>
							<texture diffuse="dvdbox-diffuse.png" /> 
							<info>ListItem.ActualIcon</info>
							<visible>IsEmpty(ListItem.Thumb)</visible>
						</control>
						<control type="image">
							<posx>0</posx>
							<posy>0</posy>
							<width>300</width>
							<height>441</height>
							<aspectratio align="center" scalediffuse="false">scale</aspectratio>
							<texture diffuse="dvdbox-diffuse.png" /> 
							<info>ListItem.Thumb</info>
							<visible>!IsEmpty(ListItem.Thumb)</visible>
						</control>
						<control type="image">
							<posx>0</posx>
							<posy>0</posy>
							<width>300</width>
							<height>441</height>
							<texture>overlays\dvd\$INFO[ListItem.Overlay]</texture>
							<visible>!Skin.HasSetting(Disable_Unwatched_Overlay)</visible>
						</control>
						<control type="image">
							<posx>0</posx>
							<posy>0</posy>
							<width>300</width>
							<height>441</height>
							<texture>dvdbox-overlay.png</texture>
						</control>
					</control>
					
					<control type="image">
						<posx>679</posx>
						<posy>70</posy>
						<width>144</width>
						<height>23</height>
						<texture>$INFO[ListItem.StarRating]</texture>
					</control>
					
					<control type="label">
						<posx>463</posx>
						<posy>116</posy>				
						<width>576</width>
						<height>35</height>
						<font>Library_Light_35</font>
						<textcolor>Text</textcolor>
						<label>[B]$INFO[ListItem.Title][/B]$INFO[ListItem.Year, (,)]</label>
						<align>center</align>
						<scroll>true</scroll>
					</control>	
					
					<control type="label">
						<posx>463</posx>
						<posy>180</posy>				
						<width>376</width>
						<height>35</height>
						<font>Library_Light_20</font>
						<textcolor>Text</textcolor>
						<label>[B][UPPERCASE]$INFO[ListItem.Director][/UPPERCASE][/B]</label>
						<scroll>true</scroll>
					</control>		
	
					<control type="label">
						<posx>1039</posx>
						<posy>180</posy>				
						<width>200</width>
						<height>35</height>
						<font>Library_Light_20</font>
						<textcolor>Text</textcolor>
						<label>[B]$INFO[ListItem.Label2][/B]</label>
						<align>right</align>
						<scroll>true</scroll>
					</control>		
					
					<control type="grouplist">
						<posx>463</posx>
						<posy>490</posy>
						<width>576</width>
						<height>30</height>
						<itemgap>10</itemgap>
						<align>center</align>
						<orientation>horizontal</orientation>
						<include>MediaFlags</include>
					</control>

				</control>
				
				<control type="group">
				
					<visible>Container.Content(TVShows)</visible>
					
					<control type="group">
						<posx>112</posx>
						<posy>74</posy>
						<control type="image">
							<posx>0</posx>
							<posy>0</posy>
							<width>300</width>
							<height>441</height>
							<aspectratio align="center" scalediffuse="false">keep</aspectratio>
							<texture diffuse="dvdbox-diffuse.png" /> 
							<info>ListItem.ActualIcon</info>
							<visible>IsEmpty(ListItem.Thumb)</visible>
						</control>
						<control type="image">
							<posx>0</posx>
							<posy>0</posy>
							<width>300</width>
							<height>441</height>
							<aspectratio align="center" scalediffuse="false">scale</aspectratio>
							<texture diffuse="dvdbox-diffuse.png" /> 
							<info>ListItem.Thumb</info>
							<visible>!IsEmpty(ListItem.Thumb)</visible>
						</control>
						<control type="image">
							<posx>0</posx>
							<posy>0</posy>
							<width>300</width>
							<height>441</height>
							<texture>overlays\dvd\$INFO[ListItem.Overlay]</texture>
							<visible>!Skin.HasSetting(Disable_Unwatched_Overlay)</visible>
						</control>
						<control type="image">
							<posx>0</posx>
							<posy>0</posy>
							<width>300</width>
							<height>441</height>
							<texture>dvdbox-overlay.png</texture>
						</control>
					</control>
										
					<control type="image">
						<posx>679</posx>
						<posy>70</posy>
						<width>144</width>
						<height>23</height>
						<texture>$INFO[ListItem.StarRating]</texture>
					</control>
					
					<control type="label">
						<posx>463</posx>
						<posy>116</posy>				
						<width>576</width>
						<height>35</height>
						<font>Library_Light_35</font>
						<textcolor>Text</textcolor>
						<label>[B]$INFO[ListItem.TVShowTitle]$INFO[ListItem.Season, - ][/B]</label>
						<align>center</align>
						<scroll>true</scroll>
					</control>	
					
					<control type="label">
						<posx>463</posx>
						<posy>180</posy>				
						<width>576</width>
						<height>35</height>
						<font>Library_Normal_24</font>
						<textcolor>Text</textcolor>
						<label>$INFO[ListItem.Property(WatchedEpisodes)]$INFO[ListItem.Episode, of , EPISODES WATCHED]</label>
						<align>center</align>
						<scroll>true</scroll>
					</control>		
					
					<control type="grouplist">
						<posx>463</posx>
						<posy>490</posy>
						<width>576</width>
						<height>30</height>
						<itemgap>10</itemgap>
						<align>center</align>
						<orientation>horizontal</orientation>
						<include>MediaFlags</include>
					</control>
				
				</control>
				
				<control type="group">
				
					<visible>Container.Content(Episodes)</visible>
					
					<control type="group">
						<posx>112</posx>
						<posy>238</posy>
						<control type="image">
							<posx>0</posx>
							<posy>0</posy>
							<width>298</width>
							<height>168</height>
							<aspectratio align="center" scalediffuse="false">keep</aspectratio>
							<texture diffuse="episode-diffuse.png" /> 
							<info>ListItem.ActualIcon</info>
							<visible>IsEmpty(ListItem.Thumb)</visible>
						</control>
						<control type="image">
							<posx>0</posx>
							<posy>0</posy>
							<width>298</width>
							<height>168</height>
							<aspectratio align="center" scalediffuse="false">scale</aspectratio>
							<texture diffuse="episode-diffuse.png" /> 
							<info>ListItem.Thumb</info>
							<visible>!IsEmpty(ListItem.Thumb)</visible>
						</control>
						<control type="image">
							<posx>0</posx>
							<posy>0</posy>
							<width>298</width>
							<height>168</height>
							<texture>overlays\wide\$INFO[ListItem.Overlay]</texture>
							<visible>!Skin.HasSetting(Disable_Unwatched_Overlay)</visible>
						</control>
						<control type="image">
							<posx>0</posx>
							<posy>0</posy>
							<width>298</width>
							<height>168</height>
							<texture>episode-overlay.png</texture>
						</control>
					</control>

					<control type="image">
						<posx>503</posx>
						<posy>70</posy>
						<width>144</width>
						<height>23</height>
						<texture>$INFO[ListItem.StarRating]</texture>
					</control>
					
					<control type="label">
						<posx>112</posx>
						<posy>116</posy>				
						<width>927</width>
						<height>35</height>
						<font>Library_Light_35</font>
						<textcolor>Text</textcolor>
						<label>[B]$INFO[ListItem.TVShowTitle]$INFO[ListItem.Season, - Season ][/B]</label>
						<align>center</align>
						<scroll>true</scroll>
					</control>	
					
					<control type="label">
						<posx>112</posx>
						<posy>172</posy>				
						<width>927</width>
						<height>35</height>
						<font>Library_Light_28</font>
						<textcolor>Text</textcolor>
						<label>[B]$INFO[ListItem.Episode,,. ][/B]$INFO[ListItem.Title]</label>
						<scroll>true</scroll>
					</control>		
					
					<control type="label">
						<posx>1039</posx>
						<posy>180</posy>				
						<width>200</width>
						<height>35</height>
						<font>Library_Light_20</font>
						<textcolor>Text</textcolor>
						<label>[B]$INFO[ListItem.Label2][/B]</label>
						<align>right</align>
						<scroll>true</scroll>
					</control>	
					
					<control type="label">
						<posx>112</posx>
						<posy>440</posy>				
						<width>298</width>
						<height>35</height>
						<font>Library_Light_20</font>
						<textcolor>Text</textcolor>
						<label>[B]$INFO[ListItem.Date,AIRED ][/B]</label>
					</control>	
					
					<control type="grouplist">
						<posx>112</posx>
						<posy>490</posy>
						<width>927</width>
						<height>30</height>
						<itemgap>10</itemgap>
						<align>center</align>
						<orientation>horizontal</orientation>
						<include>MediaFlags</include>
					</control>

				</control>
				
				<control type="group">
				
					<visible>Container.Content(MusicVideos)</visible>
					
					<control type="group">
						<posx>112</posx>
						<posy>238</posy>
						<control type="image">
							<posx>0</posx>
							<posy>0</posy>
							<width>298</width>
							<height>168</height>
							<aspectratio align="center" scalediffuse="false">keep</aspectratio>
							<texture diffuse="episode-diffuse.png" /> 
							<info>ListItem.ActualIcon</info>
							<visible>IsEmpty(ListItem.Thumb)</visible>
						</control>
						<control type="image">
							<posx>0</posx>
							<posy>0</posy>
							<width>298</width>
							<height>168</height>
							<aspectratio align="center" scalediffuse="false">scale</aspectratio>
							<texture diffuse="episode-diffuse.png" /> 
							<info>ListItem.Thumb</info>
							<visible>!IsEmpty(ListItem.Thumb)</visible>
						</control>
						<control type="image">
							<posx>0</posx>
							<posy>0</posy>
							<width>298</width>
							<height>168</height>
							<texture>overlays\wide\$INFO[ListItem.Overlay]</texture>
							<visible>!Skin.HasSetting(Disable_Unwatched_Overlay)</visible>
						</control>
						<control type="image">
							<posx>0</posx>
							<posy>0</posy>
							<width>298</width>
							<height>168</height>
							<texture>episode-overlay.png</texture>
						</control>
					</control>
					
					<control type="label">
						<posx>112</posx>
						<posy>70</posy>				
						<width>927</width>
						<height>35</height>
						<font>Library_Light_35</font>
						<textcolor>Text</textcolor>
						<label>[B]$INFO[ListItem.Title]$INFO[ListItem.Duration, - (,)][/B]</label>
						<align>center</align>
						<scroll>true</scroll>
					</control>	
					
					<control type="label">
						<posx>112</posx>
						<posy>125</posy>				
						<width>927</width>
						<height>35</height>
						<font>Library_Light_28</font>
						<textcolor>Text</textcolor>
						<label>[B]$INFO[ListItem.Artist][/B]</label>
						<align>center</align>
						<scroll>true</scroll>
					</control>		
					
					<control type="label">
						<posx>112</posx>
						<posy>172</posy>				
						<width>927</width>
						<height>35</height>
						<font>Library_Light_28</font>
						<textcolor>Text</textcolor>
						<label>[B]$INFO[ListItem.Album][/B]$INFO[ListItem.Year, (,)]</label>
						<align>center</align>
						<scroll>true</scroll>
					</control>	
					
					<control type="fadelabel">
						<posx>112</posx>
						<posy>420</posy>				
						<width>298</width>
						<height>35</height>
						<font>Library_Light_20</font>
						<textcolor>Text</textcolor>
						<label>[B]$INFO[ListItem.Studio][/B]</label>
						<scroll>true</scroll>
					</control>	
					
					<control type="grouplist">
						<posx>112</posx>
						<posy>490</posy>
						<width>927</width>
						<height>30</height>
						<itemgap>10</itemgap>
						<align>center</align>
						<orientation>horizontal</orientation>
						<include>MediaFlags</include>
					</control>
				
				</control>
				
				<control type="group">
					<visible>!Control.IsVisible(50)</visible>
					<control type="image">
						<posx>463</posx>
						<posy>222</posy>
						<width>576</width>
						<height>240</height>
						<texture border="10,10,10,10">menu\library\panel-light.png</texture>
						<colordiffuse>LibraryPanelDiffuse</colordiffuse>
					</control>
					<control type="textbox">
						<posx>484</posx>
						<posy>241</posy>				
						<width>538</width>
						<height>197</height>
						<font>Library_Normal_20</font>
						<textcolor>Text</textcolor>
						<label>$INFO[ListItem.Plot]</label>
						<align>left</align>
						<autoscroll time="3000" delay="4000" repeat="5000">true</autoscroll>
					</control>
				</control>
									
				<control type="panel" id="50">
					<posx>463</posx>
					<posy>227</posy>	
					<width>576</width>
					<height>230</height>
					<onleft>200</onleft>
					<onright>200</onright>
					<onup>200</onup>
					<ondown>200</ondown>
					<viewtype label="">list</viewtype>
					<pagecontrol>-</pagecontrol>
					<scrolltime>200</scrolltime>
					<itemlayout height="46" width="576">
						<control type="image">
							<posx>0</posx>
							<posy>0</posy>
							<width>576</width>
							<height>46</height>
							<texture border="4,5,6,8">controls\button_nf.png</texture>
						</control>
						<control type="image">
							<posx>10</posx>
							<posy>4</posy>
							<width>35</width>
							<height>35</height>
							<info>ListItem.Icon</info>
						</control>
						<control type="label">
							<posx>55</posx>
							<posy>4</posy>
							<width>511</width>
							<height>35</height>
							<font>Default</font>
							<aligny>center</aligny>
							<selectedcolor>Highlight</selectedcolor>
							<textcolor>Text</textcolor>
							<align>left</align>
							<info>ListItem.Label</info>
						</control>
					</itemlayout>
					<focusedlayout height="46" width="576">
						<control type="image">
							<posx>0</posx>
							<posy>0</posy>
							<width>576</width>
							<height>46</height>
							<texture border="4,5,6,8">controls\button_nf.png</texture>
							<visible>!Control.HasFocus(50)</visible>
						</control>
						<control type="image">
							<posx>0</posx>
							<posy>0</posy>
							<width>576</width>
							<height>46</height>
							<texture border="4,5,6,8">controls\button_f.png</texture>
							<visible>Control.HasFocus(50)</visible>
						</control>
						<control type="image">
							<posx>10</posx>
							<posy>4</posy>
							<width>35</width>
							<height>35</height>
							<info>ListItem.Icon</info>
						</control>
						<control type="label">
							<posx>55</posx>
							<posy>4</posy>
							<width>511</width>
							<height>35</height>
							<font>Default</font>
							<aligny>center</aligny>
							<selectedcolor>Highlight</selectedcolor>
							<textcolor>Text</textcolor>
							<align>left</align>
							<info>ListItem.Label</info>
						</control>
					</focusedlayout>
				</control>

				<control type="grouplist" id="200">
					<posx>0</posx>
					<posy>560</posy>
					<width>1151</width>
					<height>46</height>
					<onleft>200</onleft>
					<onright>200</onright>
					<onup>50</onup>
					<ondown>50</ondown>
					<itemgap>10</itemgap>
					<align>center</align>
					<orientation>horizontal</orientation>
					<control type="togglebutton" id="8">
						<description>Play/Browse</description>
						<height>46</height>
						<width>160</width>
						<label>208</label>
						<altlabel>1024</altlabel>
						<align>center</align>
					</control>
					<control type="button" id="11">
						<description>Trailer</description>
						<height>46</height>
						<width>160</width>
						<label>20410</label>
						<align>center</align>
						<enable>!IsEmpty(ListItem.Trailer)</enable>
					</control>
					<control type="button" id="5">
						<description>Cast</description>
						<height>46</height>
						<width>160</width>
						<label>206</label>
						<align>center</align>
					</control>
					<control type="button" id="10">
						<description>Thumb</description>
						<height>46</height>
						<width>160</width>
						<label>13405</label>
						<align>center</align>
					</control>
					<control type="button" id="12">
						<description>Fanart</description>
						<height>46</height>
						<width>160</width>
						<label>20413</label>
						<align>center</align>
					</control>
					<control type="button" id="6">
						<description>Refresh</description>
						<height>46</height>
						<width>160</width>
						<label>184</label>
						<align>center</align>
					</control>
				</control>

			</control>		
			
		</control>

		<include>Debug</include>

	</controls>
</window>
		