<window id="112">
	<defaultcontrol>402</defaultcontrol>
	<include>Fade_In_WindowOpen</include>
	<include>Fade_Out_WindowClose</include>
	<coordinates>
		<system>1</system>
		<posx>0</posx>
		<posy>0</posy>
	</coordinates>
	<controls>
	
		<control type="group">
				
			<posx>0</posx>
			<posy>609</posy>
			<width>393</width>
			<height>111</height>
			
			<animation effect="slide" start="-393" end="0" time="300" tween="sine" easing="out" reversible="false">WindowOpen</animation>
			<animation effect="slide" start="0" end="-393" time="300" tween="sine" easing="in" reversible="false">WindowClose</animation>
			<animation effect="slide" end="-393,0" time="200" condition="Window.IsVisible(FullscreenVideo) | Window.IsVisible(Visualisation)">conditional</animation>
		
			<control type="image">
				<posx>-16</posx>
				<posy>0</posy>
				<width>409</width>
				<height>111</height>
				<texture>dialogs\toast-background.png</texture>
			</control>
			<control type="image">
				<description>avatar</description>
				<posx>10</posx>
				<posy>59</posy>
				<width>46</width>
				<height>43</height>
				<texture>dialogs\toast-scan-music.png</texture>
			</control>
			<control type="label" id="401">
				<description>Caption Label</description>
				<posx>55</posx>
				<posy>55</posy>
				<width>260</width>
				<label>-</label>
				<font>Toast_Medium</font>
				<align>left</align>
				<textcolor>TextNegative</textcolor>
				<scroll>true</scroll>
			</control>
			<control type="label" id="402">
				<description>Description</description>
				<posx>55</posx>
				<posy>70</posy>
				<width>260</width>
				<label>-</label>
				<font>Toast_Medium</font>
				<align>left</align>
				<textcolor>TextNegative</textcolor>
				<scroll>true</scroll>
			</control>
			<control type="progress" id="403">
				<description>Progressbar</description>
				<posx>55</posx>
				<posy>90</posy>
				<width>260</width>
				<height>10</height>
				<texturebg>controls\toast-progress-empty.png</texturebg>
				<lefttexture>-</lefttexture>
				<midtexture>controls\toast-progress-full.png</midtexture>
				<righttexture>-</righttexture>
				<overlaytexture>-</overlaytexture>
				<reveal>true</reveal>
			</control>
		</control>

		<include>Debug</include>

	</controls>
</window>