<window id="139">	
	<defaultcontrol always="true">5</defaultcontrol>
	<include>Fade_In_WindowOpen</include>
	<include>Fade_Out_WindowClose</include>
	<coordinates>
		<system>1</system>
		<posx>0</posx>
		<posy>0</posy>
	</coordinates>
	<controls>
	
		<include>Zoom_In_WindowOpen</include>
		<include>Zoom_Out_WindowClose</include>	
	
		<control type="image">
			<posx>0</posx>
			<posy>0</posy>
			<width>1280</width>
			<height>720</height>
			<texture>filter_keyboard_shadow.png</texture>
		</control>
		
		<control type="group">
		
			<posx>195</posx>
			<posy>110</posy>
			<width>890</width>
			<height>561</height>
		
			<include>Zoom_In_WindowOpen</include>
			<include>Zoom_Out_WindowClose</include>

			<control type="image">
				<posx>0</posx>
				<posy>0</posy>
				<width>890</width>
				<height>561</height>
				<texture>dialogs\dialog-background-nav.png</texture>
			</control>
			
			<control type="image">
				<posx>413</posx>
				<posy>46</posy>
				<width>64</width>
				<height>64</height>
				<texture>dialogs\picinfo-dialog-icon.png</texture>
			</control>
			
			<control type="label">
				<posx>0</posx>
				<posy>115</posy>
				<width>890</width>
				<align>center</align>
				<font>Heading</font>
				<label>13406</label>
				<textcolor>Text</textcolor>
			</control>	
			
			<control type="image">
				<posx>60</posx>
				<posy>187</posy>
				<width>256</width>
				<height>256</height>
				<aspectratio align="center" scalediffuse="false">scale</aspectratio>
				<texture diffuse="iconview-diffuse.png">$INFO[ListItem.Icon]</texture>
			</control>
			
			<control type="image">
				<posx>60</posx>
				<posy>187</posy>
				<width>256</width>
				<height>256</height>
				<texture>iconview-overlay.png</texture>
			</control>
			
			<control type="list" id="5">
				<posx>336</posx>
				<posy>168</posy>
				<width>460</width>
				<height>294</height>
				<onleft>60</onleft>
				<onright>60</onright>
				<onup>5</onup>
				<ondown>5</ondown>
				<pagecontrol>60</pagecontrol>
				<itemlayout width="460" height="42">
					<control type="label">
						<posx>10</posx>
						<posy>0</posy>
						<width>440</width>
						<height>42</height>
						<aligny>center</aligny>
						<label>[COLOR=TextMediun]$INFO[ListItem.Label]:[/COLOR] $INFO[ListItem.Label2]</label>
						<selectedcolor>Text</selectedcolor>
						<font>Medium_Bold</font>
					</control>
				</itemlayout>
				<focusedlayout width="460" height="42">
					<control type="image">
						<posx>0</posx>
						<posy>0</posy>
						<width>460</width>
						<height>42</height>
						<texture border="4,5,6,8">controls\button_f.png</texture>
						<visible>Control.HasFocus(5)</visible>
					</control>
					<control type="label">
						<posx>10</posx>
						<posy>0</posy>
						<width>440</width>
						<height>42</height>
						<aligny>center</aligny>
						<label>[COLOR=TextMediun]$INFO[ListItem.Label]:[/COLOR] $INFO[ListItem.Label2]</label>
						<selectedcolor>Text</selectedcolor>
						<font>Medium_Bold</font>
					</control>
				</focusedlayout>
			</control>
			
			<control type="image">
				<posx>805</posx>
				<posy>168</posy>
				<width>40</width>
				<height>40</height>
				<texture>menu\nav\nav_arrow_up_END.png</texture>
				<animation effect="fade" time="600">Visible</animation>
				<animation effect="fade" time="600">Hidden</animation>
				<animation effect="fade" start="50" end="100" time="200" tween="sine" pulse="true" condition="true">Conditional</animation>
				<visible>!Container(5).HasPrevious</visible>
			</control>
			<control type="image">
				<posx>805</posx>
				<posy>168</posy>
				<width>40</width>
				<height>40</height>
				<texture>menu\nav\nav_arrow_up_NF.png</texture>
				<animation effect="fade" time="600">Visible</animation>
				<visible>!Container(5).OnPrevious</visible>
				<visible>Container(5).HasPrevious</visible>
			</control>
			<control type="image">
				<posx>805</posx>
				<posy>168</posy>
				<width>40</width>
				<height>40</height>
				<texture>menu\nav\nav_arrow_up_FO.png</texture>
				<animation type="Hidden">
					<effect type="slide" start="0,-10" end="0" center="auto" time="300" reversible="false" />
					<effect type="fade" start="100" end="0" time="300" reversible="false" />
				</animation>
				<visible>Container(5).OnPrevious</visible>
				<visible>Container(5).HasPrevious</visible>
			</control>	
						
			<control type="scrollbar" id="60">
				<posx>820</posx>
				<posy>208</posy>
				<width>10</width>
				<height>214</height>
				<onleft>5</onleft>
				<onright>5</onright>
			</control>
			
			<control type="image">
				<posx>805</posx>
				<posy>422</posy>
				<width>40</width>
				<height>40</height>
				<texture>menu\nav\nav_arrow_down_END.png</texture>
				<animation effect="fade" time="600">Visible</animation>
				<animation effect="fade" time="600">Hidden</animation>
				<animation effect="fade" start="50" end="100" time="200" tween="sine" pulse="true" condition="true">Conditional</animation>
				<visible>!Container(5).HasNext</visible>
			</control>
			<control type="image">
				<posx>805</posx>
				<posy>422</posy>
				<width>40</width>
				<height>40</height>
				<texture>menu\nav\nav_arrow_down_NF.png</texture>
				<animation effect="fade" time="600">Visible</animation>
				<visible>!Container(5).OnNext</visible>
				<visible>Container(5).HasNext</visible>
			</control>
			<control type="image">
				<posx>805</posx>
				<posy>422</posy>
				<width>40</width>
				<height>40</height>
				<texture>menu\nav\nav_arrow_down_FO.png</texture>
				<animation type="Hidden">
					<effect type="slide" start="0,10" end="0" center="auto" time="300" reversible="false" />
					<effect type="fade" start="100" end="0" time="300" reversible="false" />
				</animation>
				<visible>Container(5).OnNext</visible>
				<visible>Container(5).HasNext</visible>
			</control>			
			
			<control type="label">
				<posx>346</posx>
				<posy>482</posy>
				<width>460</width>
				<font>Medium</font>
				<scroll>true</scroll>
				<label>$INFO[Container(5).NumItems] $LOCALIZE[50129] - $LOCALIZE[50130] $INFO[Container(5).CurrentPage] $LOCALIZE[20163] $INFO[Container(5).NumPages]</label>
			</control>
			
		</control>
		
		<include>Debug</include>

	</controls>
</window>