<window id="128">
	<defaultcontrol always="true">10</defaultcontrol>
	<include>Fade_In_WindowOpen</include>
	<include>Fade_Out_WindowClose</include>
	<coordinates>
		<system>1</system>
		<posx>0</posx>
		<posy>0</posy>
	</coordinates>
	<controls>

		<control type="image">
			<posx>0</posx>
			<posy>0</posy>
			<width>1280</width>
			<height>720</height>
			<texture>filter_keyboard_shadow.png</texture>
		</control>
		
		<control type="group">
		
			<posx>195</posx>
			<posy>110</posy>
			<width>890</width>
			<height>561</height>
		
			<include>Zoom_In_WindowOpen</include>
			<include>Zoom_Out_WindowClose</include>

			<control type="image">
				<posx>0</posx>
				<posy>0</posy>
				<width>890</width>
				<height>561</height>
				<texture>dialogs\dialog-background-nav.png</texture>
			</control>
			
			<control type="image">
				<posx>413</posx>
				<posy>41</posy>
				<width>64</width>
				<height>64</height>
				<texture>dialogs\network-setup-dialog-icon.png</texture>
			</control>
			
			<control type="label" id="2">
				<posx>0</posx>
				<posy>105</posy>
				<width>890</width>
				<align>center</align>
				<font>Heading</font>
				<label>1007</label>
				<textcolor>Text</textcolor>
			</control>	
			
			<control type="spincontrolex" id="10">
				<posx>60</posx>
				<posy>150</posy>
				<width>770</width>
				<height>46</height>
				<label>1008</label>
				<onup>18</onup>
				<ondown>11</ondown>
				<onleft>10</onleft>
				<onright>10</onright>
			</control>
			
			<control type="button" id="11">
				<description>Server Address Button</description>
				<posx>60</posx>
				<posy>200</posy>
				<width>615</width>
				<height>46</height>
				<label>-</label>
				<onup>10</onup>
				<onleft>12</onleft>
				<onright>12</onright>
				<ondown>16</ondown>
			</control>
			<control type="button" id="12">
				<description>Server Browse Button</description>
				<posx>680</posx>
				<posy>200</posy>
				<width>150</width>
				<height>46</height>
				<align>center</align>				
				<label>1024</label>
				<onup>10</onup>
				<onleft>11</onleft>
				<onright>11</onright>
				<ondown>16</ondown>
			</control>
			
			<control type="button" id="16">
				<description>Remote path Button</description>
				<posx>60</posx>
				<posy>250</posy>
				<width>770</width>
				<height>46</height>
				<label>-</label>
				<onup>11</onup>
				<onleft>16</onleft>
				<onright>16</onright>
				<ondown>13</ondown>
			</control>
			
			<control type="button" id="13">
				<description>Port Button</description>
				<posx>60</posx>
				<posy>300</posy>
				<width>770</width>
				<height>46</height>
				<label>1013</label>
				<onup>16</onup>
				<onleft>13</onleft>
				<onright>13</onright>
				<ondown>14</ondown>
			</control>
			
			<control type="button" id="14">
				<description>Username Button</description>
				<posx>60</posx>
				<posy>350</posy>
				<width>770</width>
				<height>46</height>
				<label>1014</label>
				<onup>13</onup>
				<onleft>14</onleft>
				<onright>14</onright>
				<ondown>15</ondown>
			</control>
			
			<control type="button" id="15">
				<description>Password Button</description>
				<posx>60</posx>
				<posy>400</posy>
				<width>770</width>
				<height>46</height>
				<label>15052</label>
				<onup>14</onup>
				<onleft>15</onleft>
				<onright>15</onright>
				<ondown>18</ondown>
			</control>
			
			<control type="button" id="18">
				<description>OK button</description>
				<posx>320</posx>
				<posy>470</posy>
				<width>250</width>
				<height>46</height>
				<align>center</align>
				<texturenofocus border="8">controls\button_green_nf.png</texturenofocus>
				<texturefocus border="8">controls\button_green_f.png</texturefocus>
				<textcolor>Text</textcolor>
				<disabledcolor>DisabledText</disabledcolor>
				<label>186</label>
				<font>Default</font>
				<onup>15</onup>
				<onleft>19</onleft>
				<onright>19</onright>
				<ondown>10</ondown>
			</control>
			
		</control>
		
		<include>Debug</include>

	</controls>
</window>