<window id="107">
	<include>Fade_In_WindowOpen</include>
	<include>Fade_Out_WindowClose</include>
	<coordinates>
		<system>1</system>
		<posx>0</posx>
		<posy>0</posy>
	</coordinates>
	<controls>
		
		<control type="group">
				
			<posx>0</posx>
			<posy>609</posy>
			<width>353</width>
			<height>111</height>
			
			<animation effect="slide" start="-353" end="0" time="300" tween="sine" easing="out" reversible="false">WindowOpen</animation>
			<animation effect="slide" start="0" end="-353" time="300" tween="sine" easing="in" reversible="false">WindowClose</animation>
		
			<control type="image">
				<posx>0</posx>
				<posy>0</posy>
				<width>353</width>
				<height>111</height>
				<texture>dialogs\toast-background.png</texture>
			</control>
			<control type="image" id="400">
				<description>avatar</description>
				<animation type="Conditional" condition="true" pulse="true">
					<effect type="fade" start="75" end="100" center="auto" time="1000" />
				</animation>
				<posx>10</posx>
				<posy>50</posy>
				<width>60</width>
				<height>60</height>
				<texture>dialogs\dialog-icon-popup.png</texture>
			</control>
			<control type="fadelabel" id="401">
				<description>Caption Label</description>
				<posx>80</posx>
				<posy>55</posy>
				<width>230</width>
				<label>-</label>
				<font>Toast_Heading</font>
				<align>left</align>
				<textcolor>TextNegative</textcolor>
			</control>
			<control type="fadelabel" id="402">
				<description>Description</description>
				<posx>80</posx>
				<posy>82</posy>
				<width>230</width>
				<label>-</label>
				<font>Toast_Medium</font>
				<align>left</align>
				<textcolor>TextNegative</textcolor>
			</control>
		</control>
		
		<include>Debug</include>

	</controls>
</window>