<window id="115">
	<defaultcontrol>1</defaultcontrol>
	<coordinates>
		<system>1</system>
		<posx>0</posx>
		<posy>0</posy>
	</coordinates>
	<visible>Player.Seeking | Player.DisplayAfterSeek | Player.Paused | Player.Forwarding | Player.Rewinding | Player.Recording</visible>
	<controls>

		<control type="group">
	
			<posx>547</posx>
			<posy>39</posy>
			
			<animation effect="slide" start="0,-78" end="0" time="300" tween="sine" easing="out" reversible="false">WindowOpen</animation>
			<animation effect="slide" start="0" end="0,-78" time="300" tween="sine" easing="in" reversible="false">WindowClose</animation>
			<animation effect="slide" start="0,-78" end="0" time="300" tween="sine" easing="out" reversible="false" condition="Control.IsVisible(176)">Conditional</animation>
			<animation effect="slide" start="0" end="0,-78" time="300" tween="sine" easing="in" reversible="false" condition="!Control.IsVisible(176)">Conditional</animation>
			
			<control type="image">
				<posx>0</posx>
				<posy>0</posy>
				<width>186</width>
				<height>39</height>
				<texture>dialogs\tab-seek-sub.png</texture>
			</control>
			
			<control type="label">
				<posx>0</posx>
				<posy>3</posy>
				<width>186</width>
				<height>39</height>
				<font>Seek</font>
				<textcolor>TextSeek</textcolor>
				<align>center</align>
				<label>$INFO[Player.Chapter,$LOCALIZE[21396] ]$INFO[Player.Chaptercount, of ]</label>
				<visible>Player.ChapterCount</visible>
			</control>
			
		</control>

		<control type="group">
	
			<posx>366</posx>
			<posy>0</posy>
			
			<animation effect="slide" start="0,-53" end="0" time="300" tween="sine" easing="out" reversible="false">WindowOpen</animation>
			<animation effect="slide" start="0" end="0,-53" time="300" tween="sine" easing="in" reversible="false">WindowClose</animation>
			<animation effect="slide" start="0,-53" end="0" time="300" tween="sine" easing="out" reversible="false" condition="Control.IsVisible(175)">Conditional</animation>
			<animation effect="slide" start="0" end="0,-53" time="300" tween="sine" easing="in" reversible="false" condition="!Control.IsVisible(175)">Conditional</animation>

			<control type="image">
				<posx>0</posx>
				<posy>0</posy>
				<width>548</width>
				<height>53</height>
				<texture>dialogs\tab-seek-main.png</texture>
			</control>
			
			<control type="progress" id="24">
				<description>Progressbar</description>
				<posx>115</posx>
				<posy>13</posy>
				<width>318</width>
				<height>11</height>
				<info>Player.Progress</info>
				<texturebg>controls\progress_back.png</texturebg>
				<lefttexture>controls\progress_left.png</lefttexture>
				<midtexture>controls\progress_middle.png</midtexture>
				<righttexture>controls\progress_right</righttexture>
				<overlaytexture>-</overlaytexture>
			</control>
				
			<control type="slider" id="401">
				<description>Seek Slider</description>
				<posx>115</posx>
				<posy>24</posy>
				<width>318</width>
				<height>9</height>
				<texturesliderbar>controls\progress_transparent.png</texturesliderbar>
				<textureslidernib>controls\progress_nib.png</textureslidernib>
				<textureslidernibfocus>controls\progress_nib.png</textureslidernibfocus>
				<info>Player.Progress</info>
				<onup>1</onup>
				<ondown>1</ondown>
				<onleft>1</onleft>
				<onright>1</onright>
			</control>

			<control type="label" id="22">
				<description>Elapsed Time Label</description>
				<posx>30</posx>
				<posy>4</posy>
				<width>85</width>
				<height>40</height>
				<font>Seek</font>
				<textcolor>TextSeek</textcolor>
				<align>center</align>
				<label>$INFO[Player.Time]</label>
				<visible>!Player.Seeking</visible>
			</control>
				
			<control type="label" id="22">
				<description>Seek Time Label</description>
				<posx>30</posx>
				<posy>4</posy>
				<width>85</width>
				<height>40</height>
				<font>Seek</font>
				<textcolor>TextSeek</textcolor>
				<align>center</align>
				<label>$INFO[Player.SeekTime]</label>
				<visible>Player.Seeking</visible>
			</control>

			<control type="label" id="23">
				<description>Elapsed Time Label</description>
				<posx>433</posx>
				<posy>4</posy>
				<width>85</width>
				<height>40</height>		
				<font>Seek</font>
				<textcolor>TextSeek</textcolor>
				<align>center</align>
				<label>$INFO[Player.Duration]</label>
				<visible>!Player.Seeking</visible>
			</control>
							
		</control>
				
		<control type="group">
	
			<posx>-96</posx>
			<posy>0</posy>

			<animation effect="slide" start="-138" end="0" time="300" tween="sine" easing="out" reversible="false">WindowOpen</animation>
			<animation effect="slide" start="0" end="-138" time="300" tween="sine" easing="in" reversible="false">WindowClose</animation>
			<animation effect="slide" start="-138" end="0" time="300" tween="sine" easing="out" reversible="false" condition="Control.IsVisible(175)">Conditional</animation>
			<animation effect="slide" start="0" end="-138" time="300" tween="sine" easing="in" reversible="false" condition="!Control.IsVisible(175)">Conditional</animation>
			<animation effect="slide" start="0" end="96" time="300" tween="sine" easing="out" reversible="false" condition="Player.Caching">Conditional</animation>
			<animation effect="slide" start="96" end="" time="300" tween="sine" easing="in" reversible="false" condition="!Player.Caching">Conditional</animation>
			
			<control type="image">
				<posx>0</posx>
				<posy>0</posy>
				<width>234</width>
				<height>53</height>
				<texture>dialogs\tab-topleft.png</texture>
				<animation effect="fade" start="0" end="100" time="150" reversible="false">Visible</animation>
				<animation effect="fade" start="100" end="0" time="150" reversible="false">Hidden</animation>
				<visible>![[Player.Paused + !Player.Caching] + !Player.Seeking]</visible>
			</control>

			<control type="image">
				<posx>0</posx>
				<posy>0</posy>
				<width>234</width>
				<height>53</height>
				<texture>dialogs\tab-topleft-red.png</texture>
				<animation effect="fade" start="0" end="100" time="150" reversible="false">Visible</animation>
				<animation effect="fade" start="100" end="0" time="150" reversible="false">Hidden</animation>
				<visible>[Player.Paused + !Player.Caching] + !Player.Seeking</visible>
			</control>
			
			<control type="group">
				<visible>Player.Caching</visible>
				<animation effect="fade" start="0" end="100" time="150" reversible="false">Visible</animation>
				<animation effect="fade" start="100" end="0" time="150" reversible="false">Hidden</animation>
				<control type="image">
					<posx>10</posx>
					<posy>8</posy>
					<width>28</width>
					<height>26</height>
					<texture>cache_icon.png</texture>
				</control>
				<control type="progress">
					<description>Progressbar</description>
					<posx>50</posx>
					<posy>15</posy>
					<width>138</width>
					<height>11</height>
					<info>Player.CacheLevel</info>
					<texturebg>controls\cache-slider-bkgd.png</texturebg>
					<lefttexture>-</lefttexture>
					<midtexture>controls\cache-slider-full.png</midtexture>
					<righttexture>-</righttexture>
					<overlaytexture>-</overlaytexture>
					<reveal>true</reveal>
				</control>				
			</control>
			
			<control type="group">
				<visible>!Player.Caching</visible>
				<animation effect="fade" start="0" end="100" time="150" reversible="false">Visible</animation>
				<animation effect="fade" start="100" end="0" time="150" reversible="false">Hidden</animation>
				<control type="image">
					<posx>96</posx>
					<posy>0</posy>
					<width>138</width>
					<height>53</height>
					<visible>Player.Seeking</visible>
					<texture>video_seek.png</texture>
				</control>
				<control type="image">
					<posx>96</posx>
					<posy>0</posy>
					<width>138</width>
					<height>53</height>
					<visible>Player.Playing + !Player.Seeking + !Player.Recording</visible>
					<texture>video_play.png</texture>
				</control>
				<control type="image">
					<posx>96</posx>
					<posy>0</posy>
					<width>138</width>
					<height>53</height>
					<visible>Player.Recording</visible>
					<texture>video_record.png</texture>
					<animation effect="fade" start="100" end="50" pulse="true" time="2000" reversible="false" tween="sine" easing="inout" condition="true">Conditional</animation>
				</control>				
				<control type="image">
					<posx>96</posx>
					<posy>0</posy>
					<width>138</width>
					<height>53</height>
					<visible>Player.Paused + !Player.Seeking</visible>
					<texture>video_pause.png</texture>
					<animation effect="fade" start="100" end="50" pulse="true" time="2000" reversible="false" tween="sine" easing="inout" condition="true">Conditional</animation>
				</control>
				<control type="image">
					<posx>96</posx>
					<posy>0</posy>
					<width>138</width>
					<height>53</height>
					<visible>Player.Forwarding2x + !Player.Seeking</visible>
					<texture>video-2x.png</texture>
				</control>
				<control type="image">
					<posx>96</posx>
					<posy>0</posy>
					<width>138</width>
					<height>53</height>
					<visible>Player.Rewinding2x + !Player.Seeking</visible>
					<texture>video-2xr.png</texture>
				</control>
				<control type="image">
					<posx>96</posx>
					<posy>0</posy>
					<width>138</width>
					<height>53</height>
					<visible>Player.Forwarding4x + !Player.Seeking</visible>
					<texture>video-4x.png</texture>
				</control>
				<control type="image">
					<posx>96</posx>
					<posy>0</posy>
					<width>138</width>
					<height>53</height>
					<visible>Player.Rewinding4x + !Player.Seeking</visible>
					<texture>video-4xr.png</texture>
				</control>
				<control type="image">
					<posx>96</posx>
					<posy>0</posy>
					<width>138</width>
					<height>53</height>
					<visible>Player.Forwarding8x + !Player.Seeking</visible>
					<texture>video-8x.png</texture>
				</control>
				<control type="image">
					<posx>96</posx>
					<posy>0</posy>
					<width>138</width>
					<height>53</height>
					<visible>Player.Rewinding8x + !Player.Seeking</visible>
					<texture>video-8xr.png</texture>
				</control>
				<control type="image">
					<posx>96</posx>
					<posy>0</posy>
					<width>138</width>
					<height>53</height>
					<visible>Player.Forwarding16x + !Player.Seeking</visible>
					<texture>video-16x.png</texture>
				</control>
				<control type="image">
					<posx>96</posx>
					<posy>0</posy>
					<width>138</width>
					<height>53</height>
					<visible>Player.Rewinding16x + !Player.Seeking</visible>
					<texture>video-16xr.png</texture>
				</control>
				<control type="image">
					<posx>96</posx>
					<posy>0</posy>
					<width>138</width>
					<height>53</height>
					<visible>Player.Forwarding32x + !Player.Seeking</visible>
					<texture>video-32x.png</texture>
				</control>
				<control type="image">
					<posx>96</posx>
					<posy>0</posy>
					<width>138</width>
					<height>53</height>
					<visible>Player.Rewinding32x + !Player.Seeking</visible>
					<texture>video-32xr.png</texture>
				</control>
			</control>
				
		</control>		

		<control type="group" id="175">	
			<description>Fake group</description>
			<visible>Window.IsActive(FullScreenVideo) | Window.IsActive(visualisation)</visible>
		</control>
		
		<control type="group" id="176">	
			<description>Fake group</description>
			<visible>Window.IsActive(FullScreenVideo) | Window.IsActive(visualisation)</visible>
			<visible>Player.ChapterCount</visible>
		</control>

		<include>Debug</include>

	</controls>
</window>