<window type="dialog" id="142">
	<defaultcontrol always="true">1</defaultcontrol>
	<include>Fade_In_WindowOpen</include>
	<include>Fade_Out_WindowClose</include>
	<coordinates>
		<system>1</system>
		<posx>0</posx>
		<posy>0</posy>
	</coordinates>
	<controls>
	
		<control type="group">
		
			<visible>VideoPlayer.Content(Movies)</visible>

			<include>Zoom_In_WindowOpen</include>
			<include>Zoom_Out_WindowClose</include>	
			
			<posx>263</posx>
			<posy>376</posy>

			<control type="image">
				<posx>0</posx>
				<posy>0</posy>
				<width>708</width>
				<height>178</height>
				<texture border="15,15,15,15">menu\fullscreen\info-popup-panel-white.png</texture>
				<colordiffuse>InfoPanelDiffuse</colordiffuse>
			</control>

			<control type="image">
				<posx>18</posx>
				<posy>10</posy>
				<width>108</width>
				<height>158</height>
				<aspectratio align="center" scalediffuse="false">scale</aspectratio>
				<texture diffuse="dvdbox-diffuse.png" /> 
				<info>VideoPlayer.Cover</info>
			</control>

			<control type="image">
				<posx>18</posx>
				<posy>10</posy>
				<width>108</width>
				<height>158</height>
				<texture>dvdbox-overlay.png</texture>
			</control>
			
			<control type="label">
				<posx>144</posx>
				<posy>20</posy>
				<width>554</width>
				<height>30</height>
				<font>Library_Light_28</font>
				<textcolor>TextNegative</textcolor>
				<label>[B]$INFO[VideoPlayer.Title][/B]$INFO[VideoPlayer.Year, (,)]</label>
				<scroll>true</scroll>
			</control>
			
			<control type="textbox">
				<posx>144</posx>
				<posy>60</posy>
				<width>554</width>
				<height>70</height>
				<font>Library_Normal_18</font>
				<textcolor>TextNegative</textcolor>
				<label>$INFO[VideoPlayer.Plot]</label>
				<autoscroll time="3000" delay="4000" repeat="5000">true</autoscroll>
			</control>
			
			<control type="label">
				<posx>144</posx>
				<posy>140</posy>
				<width>554</width>
				<height>30</height>
				<font>Library_Bold_22</font>
				<textcolor>TextNegative</textcolor>
				<label>$LOCALIZE[50127] $INFO[Player.FinishTime]</label>
			</control>

		</control>
	
		<control type="group">
		
			<visible>VideoPlayer.Content(Episodes)</visible>
			
			<include>Zoom_In_WindowOpen</include>
			<include>Zoom_Out_WindowClose</include>	

			<posx>183</posx>
			<posy>376</posy>

			<control type="image">
				<posx>0</posx>
				<posy>0</posy>
				<width>860</width>
				<height>178</height>
				<texture border="15,15,15,15">menu\fullscreen\info-popup-panel-white.png</texture>
				<colordiffuse>InfoPanelDiffuse</colordiffuse>
			</control>
			
			<control type="image">
				<posx>10</posx>
				<posy>10</posy>
				<width>281</width>
				<height>158</height>
				<aspectratio align="center" scalediffuse="false">scale</aspectratio>
				<texture diffuse="episode-diffuse.png" /> 
				<info>VideoPlayer.Cover</info>
			</control>
			
			<control type="image">
				<posx>10</posx>
				<posy>10</posy>
				<width>281</width>
				<height>158</height>
				<texture>episode-overlay.png</texture>
			</control>
			
			<control type="label">
				<posx>311</posx>
				<posy>20</posy>
				<width>539</width>
				<height>30</height>
				<font>Library_Light_28</font>
				<textcolor>TextNegative</textcolor>
				<label>[B]$INFO[VideoPlayer.TVShowTitle][/B]$INFO[VideoPlayer.Year, (,)][B]$INFO[VideoPlayer.Title, ][/B]</label>
				<scroll>true</scroll>
			</control>
			
			<control type="textbox">
				<posx>311</posx>
				<posy>60</posy>
				<width>539</width>
				<height>70</height>
				<font>Library_Normal_18</font>
				<textcolor>TextNegative</textcolor>
				<label>$INFO[VideoPlayer.Plot]</label>
				<autoscroll time="3000" delay="4000" repeat="5000">true</autoscroll>
			</control>
			
			<control type="label">
				<posx>311</posx>
				<posy>140</posy>
				<width>539</width>
				<height>30</height>
				<font>Library_Bold_22</font>
				<textcolor>TextNegative</textcolor>
				<label>$INFO[VideoPlayer.Season,$LOCALIZE[20373] ]$INFO[VideoPlayer.Episode, $LOCALIZE[20359] ]</label>
			</control>
			
			<control type="label">
				<posx>850</posx>
				<posy>140</posy>
				<width>539</width>
				<height>30</height>
				<font>Library_Bold_22</font>
				<textcolor>TextNegative</textcolor>
				<label>$LOCALIZE[50127] $INFO[Player.FinishTime]</label>
				<align>right</align>
			</control>

		</control>
				
		<control type="group">
		
			<visible>VideoPlayer.Content(MusicVideos)</visible>
			
			<include>Zoom_In_WindowOpen</include>
			<include>Zoom_Out_WindowClose</include>	

			<posx>234</posx>
			<posy>376</posy>

			<control type="image">
				<posx>0</posx>
				<posy>0</posy>
				<width>812</width>
				<height>178</height>
				<texture border="15,15,15,15">menu\fullscreen\info-popup-panel-white.png</texture>
				<colordiffuse>InfoPanelDiffuse</colordiffuse>
			</control>
			
			<control type="image">
				<posx>10</posx>
				<posy>10</posy>
				<width>211</width>
				<height>158</height>
				<aspectratio align="center" scalediffuse="false">scale</aspectratio>
				<texture diffuse="musicvideo-diffuse.png" /> 
				<info>VideoPlayer.Cover</info>
			</control>
			
			<control type="image">
				<posx>10</posx>
				<posy>10</posy>
				<width>211</width>
				<height>158</height>
				<texture>musicvideo-overlay.png</texture>
			</control>
			
			<control type="label">
				<posx>241</posx>
				<posy>20</posy>
				<width>561</width>
				<height>30</height>
				<font>Library_Bold_24</font>
				<textcolor>TextNegative</textcolor>
				<label>$INFO[VideoPlayer.Title]</label>
				<scroll>true</scroll>
			</control>
			
			<control type="label">
				<posx>241</posx>
				<posy>56</posy>
				<width>561</width>
				<height>30</height>
				<font>Library_Normal_24</font>
				<textcolor>TextNegative</textcolor>
				<label>$INFO[VideoPlayer.Artist]</label>
				<scroll>true</scroll>
			</control>

			<control type="label">
				<posx>241</posx>
				<posy>90</posy>
				<width>561</width>
				<height>30</height>
				<font>Library_Light_24</font>
				<textcolor>TextNegative</textcolor>
				<label>$INFO[VideoPlayer.Album]$INFO[VideoPlayer.Year, (,)]</label>
				<scroll>true</scroll>
			</control>
			
			<control type="label">
				<posx>241</posx>
				<posy>140</posy>
				<width>561</width>
				<height>30</height>
				<font>Library_Bold_22</font>
				<textcolor>TextNegative</textcolor>
				<label>$LOCALIZE[50127] $INFO[Player.FinishTime]</label>
			</control>

		</control>

		<include>Debug</include>

	</controls>
</window>