<window id="145">
	<defaultcontrol>11</defaultcontrol>
	<include>Fade_In_WindowOpen</include>
	<include>Fade_Out_WindowClose</include>
	<coordinates>
		<system>1</system>
		<posx>390</posx>
		<posy>575</posy>
	</coordinates>
	<controls>
	
		<control type="group">
		
			<posx>0</posx>
			<posy>0</posy>
			<width>500</width>
			<height>145</height>
				
			<include>Zoom_In_WindowOpen</include>
			<include>Zoom_Out_WindowClose</include>
		
			<control type="image">
				<posx>0</posx>
				<posy>0</posy>
				<width>500</width>
				<height>145</height>
				<texture>dialogs\dialog-background-small.png</texture>
			</control>
			<control type="label" id="10">
				<description>Dialog header</description>
				<posx>60</posx>
				<posy>45</posy>
				<width>290</width>
				<height>20</height>
				<align>left</align>
				<font>Medium</font>
				<textcolor>Text</textcolor>
			</control>
			<control type="label" id="12">
				<description>Slider Value</description>
				<posx>440</posx>
				<posy>45</posy>
				<width>290</width>
				<height>20</height>
				<align>right</align>
				<font>Medium</font>
				<textcolor>Text</textcolor>
			</control>
			<control type="slider" id="11">
				<description>Slider</description>
				<posx>50</posx>
				<posy>65</posy>
				<width>400</width>
				<height>32</height>
				<aligny>top</aligny>
				<texturefocus>-</texturefocus>
				<texturenofocus>-</texturenofocus>
				<sliderwidth>400</sliderwidth>
				<sliderheight>32</sliderheight>
				<texturesliderbar>controls\slider_large_back.png</texturesliderbar>
				<textureslidernib>controls\slider_nib.png</textureslidernib>
				<textureslidernibfocus>controls\slider_nib_focus.png</textureslidernibfocus>
				<onup>11</onup>
				<ondown>11</ondown>
				<onleft>11</onleft>
				<onright>11</onright>
			</control>
			
		</control>
		
		<include>Debug</include>

	</controls>
</window>
