<window id="2008">
	<defaultcontrol>450</defaultcontrol>
	<include>Fade_In_WindowOpen</include>
	<include>Fade_Out_WindowClose</include>
	<coordinates>
		<system>1</system>
		<posx>0</posx>
		<posy>0</posy>
	</coordinates>
	<controls>
	
		<control type="image">
			<posx>0</posx>
			<posy>0</posy>
			<width>1280</width>
			<height>720</height>
			<texture>filter_keyboard_shadow.png</texture>
		</control>
		
		<control type="group">
		
			<posx>264</posx>
			<posy>179</posy>
			<width>751</width>
			<height>362</height>
			
			<include>Zoom_In_WindowOpen</include>
			<include>Zoom_Out_WindowClose</include>
		
			<control type="image">
				<posx>0</posx>
				<posy>0</posy>
				<width>751</width>
				<height>362</height>
				<texture>dialogs\dialog-background-yesno.png</texture>
			</control>
			
			<control type="image">
				<posx>355</posx>
				<posy>47</posy>
				<width>42</width>
				<height>42</height>
				<texture>dialogs\file-stacking-dialog-icon.png</texture>
			</control>
			
			<control type="label">
				<description>heading label</description>
				<posx>66</posx>
				<posy>102</posy>
				<width>620</width>
				<align>center</align>
				<font>Heading</font>
				<label>$INFO[ListItem.Label]</label>
				<textcolor>Highlight</textcolor>
			</control>
			
			<control type="label">
				<posx>66</posx>
				<posy>150</posy>
				<width>620</width>
				<align>center</align>
				<label>$LOCALIZE[50030]</label>
				<font>Default</font>
			</control>
								
			<include>File_Stack</include>
			
			<control type="label">
				<posx>0</posx>
				<posy>300</posy>
				<width>751</width>
				<align>center</align>
				<font>Default</font>
				<label>$INFO[Container(450).ListItem(0).Label] $LOCALIZE[50031] $INFO[Container(450).NumItems]</label>
			</control>
		
		</control>
	
		<include>Debug</include>

	</controls>
</window>
		
		

		