<window type="dialog" id="143">
	<include>Fade_In_WindowOpen</include>
	<include>Fade_Out_WindowClose</include>
	<coordinates>
		<system>1</system>
		<posx>0</posx>
		<posy>0</posy>
	</coordinates>
	<controls>
	
		<control type="image">
			<posx>0</posx>
			<posy>0</posy>
			<width>1280</width>
			<height>720</height>
			<texture>filter_keyboard_shadow.png</texture>
		</control>
	
		<control type="group">
			
			<posx>368</posx>
			<posy>199</posy>
			<width>544</width>
			<height>321</height>
			
			<include>Zoom_In_WindowOpen</include>
			<include>Zoom_Out_WindowClose</include>
				
			<control type="image">
				<posx>0</posx>
				<posy>0</posy>
				<width>544</width>
				<height>321</height>
				<texture>dialogs\dialog-karaoke-large.png</texture>
			</control>
			
			<control type="image">
				<posx>251</posx>
				<posy>47</posy>
				<width>42</width>
				<height>42</height>
				<texture>dialogs\karaoke-dialog-icon.png</texture>
			</control>

			<control type="label" id="1">
				<description>heading label</description>
				<posx>50</posx>
				<posy>102</posy>
				<width>444</width>
				<height>20</height>
				<font>Heading</font>
				<textcolor>Text</textcolor>
				<align>center</align>
				<label>22039</label>
			</control>
			
			<control type="label" id="401">
				<description>Song Number Label</description>
				<posx>50</posx>
				<posy>155</posy>
				<width>444</width>
				<height>20</height>
				<font>Large</font>
				<textcolor>Highlight</textcolor>
				<align>center</align>
			</control>
			<control type="label" id="402">
				<description>Song Name Label</description>
				<posx>50</posx>
				<posy>210</posy>
				<width>444</width>
				<height>20</height>
				<font>Medium</font>
				<textcolor>Text</textcolor>
				<align>center</align>
			</control>
			
		</control>
		
		<include>Debug</include>

	</controls>
</window>
