<window id="10140">
	<defaultcontrol always="true">2</defaultcontrol>
	<include>Fade_In_WindowOpen</include>
	<include>Fade_Out_WindowClose</include>
	<coordinates>
		<system>1</system>
		<posx>0</posx>
		<posy>0</posy>
	</coordinates>
	<controls>
	
		<control type="image">
			<posx>0</posx>
			<posy>0</posy>
			<width>1280</width>
			<height>720</height>
			<texture>filter_keyboard_shadow.png</texture>
		</control>
		
		<control type="group">
		
			<posx>64</posx>
			<posy>44</posy>
			<width>1151</width>
			<height>631</height>
		
			<include>Zoom_In_WindowOpen</include>
			<include>Zoom_Out_WindowClose</include>
			
			<control type="image">
				<posx>0</posx>
				<posy>0</posy>
				<width>1151</width>
				<height>631</height>
				<texture>dialogs\dialog-background-tall.png</texture>
			</control>
			
			<control type="image">
				<posx>543</posx>
				<posy>75</posy>
				<width>64</width>
				<height>64</height>
				<height>6</height>
				<texture>dialogs\plugin-settings-dialog-icon.png</texture>
			</control>
			
			<control type="label" id="20">
				<description>heading label</description>
				<posx>0</posx>
				<posy>145</posy>
				<width>1151</width>
				<height>20</height>
				<font>Heading</font>
				<textcolor>Text</textcolor>
				<align>center</align>
				<label>-</label>
			</control>
			
			<control type="grouplist" id="2">
				<description>control area</description>
				<posx>100</posx>
				<posy>190</posy>
				<width>951</width>
				<height>276</height>
				<itemgap>0</itemgap>
				<onleft>10</onleft>
				<onright>10</onright>
				<onup>10</onup>
				<ondown>10</ondown>
			</control>
			
			<control type="button" id="3">
				<posx>0</posx>
				<posy>0</posy>
				<height>46</height>
				<font>Default</font>
				<textcolor>Text</textcolor>
				<textoffsetx>15</textoffsetx>
				<texturefocus border="4,5,6,8">controls\button_f.png</texturefocus>
				<texturenofocus border="4,5,6,8">controls\button_nf.png</texturenofocus>
			</control>
			
			<control type="radiobutton" id="4">
				<posx>0</posx>
				<posy>0</posy>
				<height>46</height>					
				<textcolor>Text</textcolor>
				<textoffsetx>15</textoffsetx>
				<radioposx>920</radioposx>
				<font>Default</font>
				<texturefocus border="4,5,6,8">controls\button_f.png</texturefocus>
				<texturenofocus border="4,5,6,8">controls\button_nf.png</texturenofocus>
				<textureradiofocus>controls\radiobutton_f.png</textureradiofocus>
				<textureradionofocus>controls\radiobutton_nf.png</textureradionofocus>
			</control>
		
			<control type="spincontrolex" id="5">
				<posx>0</posx>
				<posy>0</posy>
				<height>46</height>
				<font>Default</font>
				<texturefocus border="4,5,6,8">controls\button_f.png</texturefocus>
				<texturenofocus border="4,5,6,8">controls\button_nf.png</texturenofocus>
				<textureup>controls\sortup_nf.png</textureup>
				<texturedown>controls\sortdown_nf.png</texturedown>
				<textureupfocus>controls\sortup_f.png</textureupfocus>
				<texturedownfocus>controls\sortdown_f.png</texturedownfocus>
				<textcolor>Text</textcolor>
				<disabledcolor>DisabledText</disabledcolor>
				<textoffsetx>15</textoffsetx>
				<aligny>center</aligny>
				<reverse>yes</reverse>
			</control>
			
			<control type="image" id="6">
				<description>Default Seperator</description>
				<height>46</height>
				<texture>-</texture>
			</control>
			
			<control type="label" id="7">
				<description>Separator label</description>
				<label />
				<height>46</height>
				<font>Medium</font>
				<align>center</align>
				<aligny>center</aligny>
				<textcolor>Text</textcolor>
			</control>
			
			<control type="button" id="10">
				<description>OK button</description>
				<posx>190</posx>
				<posy>490</posy>
				<width>250</width>
				<height>46</height>
				<align>center</align>
				<texturenofocus border="8">controls\button_green_nf.png</texturenofocus>
				<texturefocus border="8">controls\button_green_f.png</texturefocus>
				<textcolor>Text</textcolor>
				<disabledcolor>DisabledText</disabledcolor>
				<label>186</label>
				<font>Default</font>
				<onleft>12</onleft>
				<onright>11</onright>
				<onup>2</onup>
				<ondown>2</ondown>
			</control>
			
			<control type="button" id="11">
				<description>Cancel button</description>
				<posx>450</posx>
				<posy>490</posy>
				<width>250</width>
				<height>46</height>
				<align>center</align>
				<texturenofocus border="8">controls\button_red_nf.png</texturenofocus>
				<texturefocus border="8">controls\button_red_f.png</texturefocus>
				<textcolor>Text</textcolor>
				<disabledcolor>DisabledText</disabledcolor>
				<label>222</label>
				<font>Default</font>
				<onleft>10</onleft>
				<onright>12</onright>
				<onup>2</onup>
				<ondown>2</ondown>
			</control>
			
			<control type="button" id="12">
				<description>Defaults button</description>
				<posx>710</posx>
				<posy>490</posy>
				<width>250</width>
				<height>46</height>
				<align>center</align>
				<label>409</label>
				<texturenofocus border="8">controls\button_nf.png</texturenofocus>
				<texturefocus border="8">controls\button_f.png</texturefocus>
				<textcolor>Text</textcolor>
				<disabledcolor>DisabledText</disabledcolor>
				<font>Default</font>
				<onleft>11</onleft>
				<onright>10</onright>
				<onup>2</onup>
				<ondown>2</ondown>
			</control>
						
		</control>
				
		<include>Debug</include>

	</controls>
</window>