<window id="110">
	<include>Fade_In_WindowOpen</include>
	<include>Fade_Out_WindowClose</include>
	<coordinates>
		<system>1</system>
		<posx>0</posx>
		<posy>0</posy>
	</coordinates>
	<controls>
	
		<control type="image">
			<posx>0</posx>
			<posy>0</posy>
			<width>1280</width>
			<height>720</height>
			<texture>filter_keyboard_shadow.png</texture>
		</control>
	
		<control type="group">
		
			<posx>378</posx>
			<posy>198</posy>
			<width>523</width>
			<height>323</height>
		
			<include>Zoom_In_WindowOpen</include>
			<include>Zoom_Out_WindowClose</include>
		
			<control type="image">
				<posx>0</posx>
				<posy>0</posy>
				<width>523</width>
				<height>323</height>
				<texture>dialogs\dialog-background-busy.png</texture>
			</control>
			
			<control type="image">
				<posx>240</posx>
				<posy>47</posy>
				<width>42</width>
				<height>42</height>
				<texture>dialogs\gamepad-dialog-icon.png</texture>
			</control>

			<control type="label" id="1">
				<description>heading label</description>
				<posx>50</posx>
				<posy>102</posy>
				<width>423</width>
				<height>20</height>
				<font>Heading</font>
				<textcolor>Text</textcolor>
				<align>center</align>
				<label>13406</label>
			</control>
			
			<control type="label" id="2">
				<description>dialog line 1</description>
				<posx>50</posx>
				<posy>150</posy>
				<width>423</width>
				<label>-</label>
				<textcolor>Text</textcolor>
				<align>center</align>
				<font>Medium</font>
			</control>
			
			<control type="label" id="3">
				<description>dialog line 2</description>
				<posx>50</posx>
				<posy>180</posy>
				<width>423</width>
				<label>-</label>
				<textcolor>Text</textcolor>
				<align>center</align>
				<font>Medium</font>
			</control>
			
			<control type="label" id="4">
				<description>dialog line 3</description>
				<posx>50</posx>
				<posy>230</posy>
				<width>423</width>
				<label>-</label>
				<textcolor>Highlight</textcolor>
				<align>center</align>
				<font>Default</font>
			</control>
			
		</control>
		
		<include>Debug</include>

	</controls>
</window>