<window id="106">
	<defaultcontrol>1000</defaultcontrol>
	<animation type="WindowOpen">
		<effect type="fade" start="0" end="100" time="150" delay="50" />
		<effect type="zoom" start="90" end="100" center="0,454" time="200" />
	</animation>
	<animation type="WindowClose">
		<effect type="fade" start="100" end="0" time="150" delay="50" />
		<effect type="zoom" start="100" end="90" center="0,454" time="200" />
	</animation>
	<coordinates>
		<system>1</system>
		<posx>0</posx>
		<posy>0</posy>
	</coordinates>
	<controls>
	
		<control type="image" id="997">
			<description>background top image</description>
			<posx>0</posx>
			<posy>-116</posy>
			<width>454</width>
			<height>116</height>
			<texture>dialogs\context_top.png</texture>
		</control>
		<control type="image" id="999">
			<description>background image</description>
			<posx>0</posx>
			<posy>0</posy>
			<width>454</width>
			<texture>dialogs\context_middle.png</texture>
		</control>
		<control type="image" id="998">
			<description>background bottom image</description>
			<posx>0</posx>
			<width>454</width>
			<height>60</height>
			<texture>dialogs\context_bottom.png</texture>
		</control>
		<control type="button" id="1000">
			<description>button template</description>
			<posx>62</posx>
			<posy>0</posy>
			<width>330</width>
			<height>41</height>
			<align>center</align>
			<font>Medium</font>
			<textcolor>Text</textcolor>
			<disabledcolor>DisabledText</disabledcolor>
			<texturefocus border="4,5,6,8">controls\button_f.png</texturefocus>
			<texturenofocus border="4,5,6,8">controls\button_nf.png</texturenofocus>
		</control>

		<include>Debug</include>

	</controls>
</window>