<window id="3">
	<defaultcontrol>20</defaultcontrol>
	<allowoverlay>no</allowoverlay>
	<controls>
	
	
		<include>Background</include>
		
		<!-- Elipsis Visor -->
		<include>Visor_Filter</include>

		<!-- Edge Filter -->
		<include>Edge_Filter</include>

		<!-- Clock -->
		<include>Clock</include>	

		<!-- Elipsis Button -->
		<control type="group">
			<posx>640</posx>
			<posy>620</posy>
			<include>Dock_Elipsis_With_Reflection</include>
		</control>

		<control type="image">
			<posx>0</posx>
			<posy>0</posy>
			<width>1280</width>
			<height>720</height>
			<texture>filter_keyboard_shadow.png</texture>
		</control>

		<control type="group">
		
			<posx>-1280</posx>
			<posy>0</posy>

			<animation type="Conditional" condition="Control.HasFocus(20)" reversible="false">
				<effect type="fade" start="0" end="100" tween="sine" easing="in" time="300" />
				<effect type="slide" start="0" end="1280" tween="bounce" easing="out" time="300" />
			</animation>
			
			<animation type="Conditional" condition="!Control.HasFocus(20)" reversible="false">
				<effect type="fade" start="100" end="0" tween="sine" easing="out" time="300" />
				<effect type="slide" start="1280" end="0" tween="sine" easing="out" time="300" />
			</animation>
			
			<control type="image">
				<description>background image</description>
				<posx>50</posx>
				<posy>23</posy>
				<width>1181</width>
				<height>674</height>
				<texture>menu\filemanager\filemanager_panel_a.png</texture>
			</control>
			
			<control type="group">
			
				<posx>125</posx>
				<posy>90</posy>
				<width>1030</width>
				<height>460</height>
				
				<control type="fadelabel" id="101">
					<description>current directory text label left</description>
					<align>left</align>
					<posx>30</posx>
					<posy>0</posy>
					<width>970</width>
					<font>Heading</font>
					<textcolor>Text</textcolor>
				</control>
				
				<control type="label" id="12">
					<description>number of files in left list text label</description>
					<posx>40</posx>
					<posy>505</posy>
					<label>-</label>
					<font>Medium</font>
					<textcolor>Highlight</textcolor>
				</control>
				
				<control type="list" id="20">				
					<posx>30</posx>
					<posy>40</posy>
					<width>970</width>
					<height>460</height>
					<onleft>20</onleft>
					<onright>21</onright>
					<onup>20</onup>
					<ondown>20</ondown>
					<pagecontrol>-</pagecontrol>
					<scrolltime>200</scrolltime>
					<itemlayout height="46">
						<control type="image">
							<posx>0</posx>
							<posy>0</posy>
							<width>970</width>
							<height>46</height>
							<texture border="4,5,6,8">controls\button_nf.png</texture>
						</control>
						<control type="image">
							<posx>10</posx>
							<posy>4</posy>
							<width>35</width>
							<height>35</height>
							<info>ListItem.Icon</info>
						</control>
						<control type="label">
							<posx>55</posx>
							<posy>4</posy>
							<width>773</width>
							<height>35</height>
							<font>Default</font>
							<aligny>center</aligny>
							<selectedcolor>Highlight</selectedcolor>
							<textcolor>Text</textcolor>
							<align>left</align>
							<info>ListItem.Label</info>
						</control>
						<control type="label">
							<posx>938</posx>
							<posy>4</posy>
							<width>120</width>
							<height>35</height>
							<font>Default</font>
							<aligny>center</aligny>
							<selectedcolor>Highlight</selectedcolor>
							<textcolor>Text</textcolor>
							<align>right</align>
							<info>ListItem.Label2</info>
						</control>
					</itemlayout>
					<focusedlayout height="46">
						<control type="image">
							<posx>0</posx>
							<posy>0</posy>
							<width>970</width>
							<height>46</height>
							<texture border="4,5,6,8">controls\button_nf.png</texture>
							<visible>!Control.HasFocus(20)</visible>
						</control>
						<control type="image">
							<posx>0</posx>
							<posy>0</posy>
							<width>970</width>
							<height>46</height>
							<texture border="4,5,6,8">controls\button_f.png</texture>
							<visible>Control.HasFocus(20)</visible>
						</control>
						<control type="image">
							<posx>10</posx>
							<posy>4</posy>
							<width>35</width>
							<height>35</height>
							<info>ListItem.Icon</info>
						</control>
						<control type="label">
							<posx>55</posx>
							<posy>4</posy>
							<width>773</width>
							<height>35</height>
							<font>Default</font>
							<aligny>center</aligny>
							<selectedcolor>Highlight</selectedcolor>
							<textcolor>Text</textcolor>
							<align>left</align>
							<info>ListItem.Label</info>
						</control>
						<control type="label">
							<posx>938</posx>
							<posy>4</posy>
							<width>120</width>
							<height>35</height>
							<font>Default</font>
							<aligny>center</aligny>
							<selectedcolor>Highlight</selectedcolor>
							<textcolor>Text</textcolor>
							<align>right</align>
							<info>ListItem.Label2</info>
						</control>
					</focusedlayout>
				</control>
				
			</control>
			
			<control type="image">
				<description>tab right</description>
				<posx>1120</posx>
				<posy>470</posy>
				<width>108</width>
				<height>77</height>
				<texture>menu\filemanager\filemanager_tab_right.png</texture>
				<animation type="Conditional" condition="true" reversible="false" pulse="true">
					<effect type="slide" start="0" end="5" tween="sine" easing="inout" time="600" />
				</animation>
			</control>
			
		</control>
			
		<control type="group">
		
			<posx>1280</posx>
			<posy>0</posy>
						
			<animation type="Conditional" condition="!Control.HasFocus(20)" reversible="false">
				<effect type="fade" start="0" end="100" tween="sine" easing="in" time="300" />
				<effect type="slide" start="0" end="-1280" tween="bounce" easing="out" time="300" />
			</animation>
			
			<animation type="Conditional" condition="Control.HasFocus(20)" reversible="false">
				<effect type="fade" start="100" end="0" tween="sine" easing="out" time="300" />
				<effect type="slide" start="-1280" end="0" tween="sine" easing="out" time="300" />
			</animation>

			<control type="image">
				<description>background image</description>
				<posx>50</posx>
				<posy>23</posy>
				<width>1181</width>
				<height>674</height>
				<texture>menu\filemanager\filemanager_panel_b.png</texture>
			</control>
					
			<control type="group">
			
				<posx>125</posx>
				<posy>90</posy>
				<width>1030</width>
				<height>460</height>
				
				<control type="fadelabel" id="102">
					<description>current directory text label right</description>
					<align>left</align>
					<posx>30</posx>
					<posy>0</posy>
					<width>970</width>
					<font>Heading</font>
					<textcolor>Text</textcolor>
				</control>
				
				<control type="label" id="13">
					<description>number of files in right list text label</description>
					<posx>40</posx>
					<posy>505</posy>
					<label>-</label>
					<font>Medium</font>
					<textcolor>Highlight</textcolor>
				</control>
		
				<control type="list" id="21">
					<posx>30</posx>
					<posy>40</posy>
					<width>970</width>
					<height>460</height>
					<onleft>20</onleft>
					<onright>21</onright>
					<onup>21</onup>
					<ondown>21</ondown>
					<pagecontrol>-</pagecontrol>
					<scrolltime>200</scrolltime>
					<itemlayout height="46">
						<control type="image">
							<posx>0</posx>
							<posy>0</posy>
							<width>970</width>
							<height>46</height>
							<texture border="4,5,6,8">controls\button_nf.png</texture>
						</control>
						<control type="image">
							<posx>10</posx>
							<posy>4</posy>
							<width>35</width>
							<height>35</height>
							<info>ListItem.Icon</info>
						</control>
						<control type="label">
							<posx>55</posx>
							<posy>4</posy>
							<width>795</width>
							<height>35</height>
							<font>Default</font>
							<aligny>center</aligny>
							<selectedcolor>Highlight</selectedcolor>
							<textcolor>Text</textcolor>
							<align>left</align>
							<info>ListItem.Label</info>
						</control>
						<control type="label">
							<posx>960</posx>
							<posy>4</posy>
							<width>120</width>
							<height>35</height>
							<font>Default</font>
							<aligny>center</aligny>
							<selectedcolor>Highlight</selectedcolor>
							<textcolor>Text</textcolor>
							<align>right</align>
							<info>ListItem.Label2</info>
						</control>
					</itemlayout>
					<focusedlayout height="46">
						<control type="image">
							<posx>0</posx>
							<posy>0</posy>
							<width>970</width>
							<height>46</height>
							<texture border="4,5,6,8">controls\button_nf.png</texture>
							<visible>!Control.HasFocus(21)</visible>
						</control>
						<control type="image">
							<posx>0</posx>
							<posy>0</posy>
							<width>970</width>
							<height>46</height>
							<texture border="4,5,6,8">controls\button_f.png</texture>
							<visible>Control.HasFocus(21)</visible>
						</control>
						<control type="image">
							<posx>10</posx>
							<posy>4</posy>
							<width>35</width>
							<height>35</height>
							<info>ListItem.Icon</info>
						</control>
						<control type="label">
							<posx>55</posx>
							<posy>4</posy>
							<width>795</width>
							<height>35</height>
							<font>Default</font>
							<aligny>center</aligny>
							<selectedcolor>Highlight</selectedcolor>
							<textcolor>Text</textcolor>
							<align>left</align>
							<info>ListItem.Label</info>
						</control>
						<control type="label">
							<posx>960</posx>
							<posy>4</posy>
							<width>120</width>
							<height>35</height>
							<font>Default</font>
							<aligny>center</aligny>
							<selectedcolor>Highlight</selectedcolor>
							<textcolor>Text</textcolor>
							<align>right</align>
							<info>ListItem.Label2</info>
						</control>
					</focusedlayout>
				</control>

			</control>
			
			<control type="image">
				<description>tab left</description>
				<posx>52</posx>
				<posy>470</posy>
				<width>108</width>
				<height>77</height>
				<texture>menu\filemanager\filemanager_tab_left.png</texture>
				<animation type="Conditional" condition="true" reversible="false" pulse="true">
					<effect type="slide" start="0" end="-5" tween="sine" easing="inout" time="600" />
				</animation>
			</control>

		</control>
		
		<include>Debug</include>

	</controls>
</window>