<includes>
	<include name="Show_Case_View">

		<control type="list" id="50">
			<posx>0</posx>
			<posy>0</posy>
			<width>1280</width>
			<height>720</height>
			<onup>9000</onup>
			<ondown>ActivateWindow(1201)</ondown>
			<viewtype label="50137">list</viewtype>
			<focusposition>2</focusposition>
			<orientation>horizontal</orientation>
			<scrolltime>250</scrolltime>
			<itemlayout height="512" width="256">
				<control type="label">
					<posx>0</posx>
					<posy>0</posy>
					<width>256</width>
					<height>512</height>
					<font>Default</font>
					<align>center</align>
					<info>ListItem.label</info>
					<visible>false</visible>
				</control>
			</itemlayout>
			<focusedlayout height="512" width="256">
				<control type="label">
					<posx>0</posx>
					<posy>0</posy>
					<width>256</width>
					<height>512</height>
					<font>Default</font>
					<align>center</align>
					<info>ListItem.label</info>
					<visible>false</visible>
				</control>
			</focusedlayout>
		</control>

		<!-- Show Case View Icons -->
		<control type="group">

			<posx>640</posx>
			<posy>140</posy>
			<visible>Control.IsVisible(50)</visible>
			<visible>!Container.Content(Episodes) + !Container.Content(MusicVideos)</visible>

			<!-- Show Case View Icons - Counter Clockwise Mothion -->
			<control type="group" id="15001">

				<visible>Container(50).OnPrevious</visible>
				<animation effect="slide" end="0,0" time="250" reversible="false">Hidden</animation>

				<!-- Show Far Left Icon On Move Previous -->
				<control type="group">
					<visible>Container(50).OnPrevious</visible>
					<visible>!IsEmpty(Container(50).ListItemNoWrap(-3).Label)</visible>
					<animation type="Hidden" reversible="false">
						<effect type="fade" start="0" end="100" time="250" />
						<effect type="slide" start="0,0" end="149,0" time="250" />
					</animation>
					<animation effect="fade" start="0" end="0" time="0" reversible="false">Visible</animation>
					<posx>-749</posx>
					<posy>54</posy>
					<width>109</width>
					<height>320</height>
					<control type="image">
						<posx>0</posx>
						<posy>0</posy>
						<width>109</width>
						<height>160</height>
						<aspectratio align="center" scalediffuse="false">keep</aspectratio>
						<texture diffuse="dvdbox-diffuse.png" /> 
						<info>Container(50).ListItem(-3).ActualIcon</info>
						<visible>IsEmpty(Container(50).ListItem(-3).Thumb)</visible>
					</control>
					<control type="image">
						<posx>0</posx>
						<posy>0</posy>
						<width>109</width>
						<height>160</height>
						<aspectratio align="center" scalediffuse="false">scale</aspectratio>
						<texture diffuse="dvdbox-diffuse.png" /> 
						<info>Container(50).ListItem(-3).Thumb</info>
						<visible>!IsEmpty(Container(50).ListItem(-3).Thumb)</visible>
					</control>
					<control type="image">
						<posx>0</posx>
						<posy>0</posy>
						<width>109</width>
						<height>160</height>
						<texture>overlays\dvd\$INFO[Container(50).ListItem(-3).Overlay]</texture>
						<visible>!Skin.HasSetting(Disable_Unwatched_Overlay)</visible>
					</control>
					<control type="image">
						<posx>0</posx>
						<posy>0</posy>
						<width>109</width>
						<height>160</height>
						<texture>dvdbox-overlay.png</texture>
					</control>
					<control type="image">
						<posx>0</posx>
						<posy>160</posy>
						<width>109</width>
						<height>160</height>
						<aspectratio align="center" scalediffuse="false">keep</aspectratio>
						<texture flipy="true" diffuse="dvdbox-reflect-diffuse.png" /> 
						<info>Container(50).ListItem(-3).ActualIcon</info>
						<visible>IsEmpty(Container(50).ListItem(-3).Thumb)</visible>
					</control>
					<control type="image">
						<posx>0</posx>
						<posy>160</posy>
						<width>109</width>
						<height>160</height>
						<aspectratio align="center" scalediffuse="false">scale</aspectratio>
						<texture flipy="true" diffuse="dvdbox-reflect-diffuse.png" /> 
						<info>Container(50).ListItem(-3).Thumb</info>
						<visible>!IsEmpty(Container(50).ListItem(-3).Thumb)</visible>
					</control>
					<control type="image">
						<posx>0</posx>
						<posy>160</posy>
						<width>109</width>
						<height>160</height>
						<texture flipy="true" diffuse="dvdbox-reflect-diffuse.png">dvdbox-overlay.png</texture>
					</control>
				</control>

				<!-- Move Icon 1 To Icon 2 Position On Move Previous -->
				<control type="group">
					<visible>Container(50).OnPrevious</visible>
					<visible>!IsEmpty(Container(50).ListItemNoWrap(-2).Label)</visible>
					<animation effect="zoom" start="-600,54,109,320" end="-452,38,131,384" time="250" reversible="false">Hidden</animation>
					<posx>-600</posx>
					<posy>54</posy>
					<width>109</width>
					<height>320</height>
					<control type="image">
						<posx>0</posx>
						<posy>0</posy>
						<width>109</width>
						<height>160</height>
						<aspectratio align="center" scalediffuse="false">keep</aspectratio>
						<texture diffuse="dvdbox-diffuse.png" /> 
						<info>Container(50).ListItem(-2).ActualIcon</info>
						<visible>IsEmpty(Container(50).ListItem(-2).Thumb)</visible>
					</control>
					<control type="image">
						<posx>0</posx>
						<posy>0</posy>
						<width>109</width>
						<height>160</height>
						<aspectratio align="center" scalediffuse="false">scale</aspectratio>
						<texture diffuse="dvdbox-diffuse.png" /> 
						<info>Container(50).ListItem(-2).Thumb</info>
						<visible>!IsEmpty(Container(50).ListItem(-2).Thumb)</visible>
					</control>
					<control type="image">
						<posx>0</posx>
						<posy>0</posy>
						<width>109</width>
						<height>160</height>
						<texture>overlays\dvd\$INFO[Container(50).ListItem(-2).Overlay]</texture>
						<visible>!Skin.HasSetting(Disable_Unwatched_Overlay)</visible>
					</control>
					<control type="image">
						<posx>0</posx>
						<posy>0</posy>
						<width>109</width>
						<height>160</height>
						<texture>dvdbox-overlay.png</texture>
					</control>
					<control type="image">
						<posx>0</posx>
						<posy>160</posy>
						<width>109</width>
						<height>160</height>
						<aspectratio align="center" scalediffuse="false">keep</aspectratio>
						<texture flipy="true" diffuse="dvdbox-reflect-diffuse.png" /> 
						<info>Container(50).ListItem(-2).ActualIcon</info>
						<visible>IsEmpty(Container(50).ListItem(-2).Thumb)</visible>
					</control>
					<control type="image">
						<posx>0</posx>
						<posy>160</posy>
						<width>109</width>
						<height>160</height>
						<aspectratio align="center" scalediffuse="false">scale</aspectratio>
						<texture flipy="true" diffuse="dvdbox-reflect-diffuse.png" /> 
						<info>Container(50).ListItem(-2).Thumb</info>
						<visible>!IsEmpty(Container(50).ListItem(-2).Thumb)</visible>
					</control>
					<control type="image">
						<posx>0</posx>
						<posy>160</posy>
						<width>109</width>
						<height>160</height>
						<texture flipy="true" diffuse="dvdbox-reflect-diffuse.png">dvdbox-overlay.png</texture>
					</control>
				</control>

				<!-- Move Icon 2 To Icon 3 Position On Move Next -->
				<control type="group">
					<visible>Container(50).OnPrevious</visible>
					<animation effect="zoom" start="-452,38,131,384" end="-282,22,152,448" time="250" reversible="false">Hidden</animation>
					<posx>-452</posx>
					<posy>38</posy>
					<width>131</width>
					<height>384</height>
					<visible>!IsEmpty(Container(50).ListItemNoWrap(-1).Label)</visible>
					<control type="image">
						<posx>0</posx>
						<posy>0</posy>
						<width>131</width>
						<height>192</height>
						<aspectratio align="center" scalediffuse="false">keep</aspectratio>
						<texture diffuse="dvdbox-diffuse.png" /> 
						<info>Container(50).ListItem(-1).ActualIcon</info>
						<visible>IsEmpty(Container(50).ListItem(-1).Thumb)</visible>
					</control>
					<control type="image">
						<posx>0</posx>
						<posy>0</posy>
						<width>131</width>
						<height>192</height>
						<aspectratio align="center" scalediffuse="false">scale</aspectratio>
						<texture diffuse="dvdbox-diffuse.png" /> 
						<info>Container(50).ListItem(-1).Thumb</info>
						<visible>!IsEmpty(Container(50).ListItem(-1).Thumb)</visible>
					</control>
					<control type="image">
						<posx>0</posx>
						<posy>0</posy>
						<width>131</width>
						<height>192</height>
						<texture>overlays\dvd\$INFO[Container(50).ListItem(-1).Overlay]</texture>
						<visible>!Skin.HasSetting(Disable_Unwatched_Overlay)</visible>
					</control>
					<control type="image">
						<posx>0</posx>
						<posy>0</posy>
						<width>131</width>
						<height>192</height>
						<texture>dvdbox-overlay.png</texture>
					</control>
					<control type="image">
						<posx>0</posx>
						<posy>192</posy>
						<width>131</width>
						<height>192</height>
						<aspectratio align="center" scalediffuse="false">keep</aspectratio>
						<texture flipy="true" diffuse="dvdbox-reflect-diffuse.png" /> 
						<info>Container(50).ListItem(-1).ActualIcon</info>
						<visible>IsEmpty(Container(50).ListItem(-1).Thumb)</visible>
					</control>
					<control type="image">
						<posx>0</posx>
						<posy>192</posy>
						<width>131</width>
						<height>192</height>
						<aspectratio align="center" scalediffuse="false">scale</aspectratio>
						<texture flipy="true" diffuse="dvdbox-reflect-diffuse.png" /> 
						<info>Container(50).ListItem(-1).Thumb</info>
						<visible>!IsEmpty(Container(50).ListItem(-1).Thumb)</visible>
					</control>
					<control type="image">
						<posx>0</posx>
						<posy>192</posy>
						<width>131</width>
						<height>192</height>
						<texture flipy="true" diffuse="dvdbox-reflect-diffuse.png">dvdbox-overlay.png</texture>
					</control>
				</control>

				<!-- Move Icon 3 To Icon 4 Position On Move Previous -->
				<control type="group">
					<visible>Container(50).OnPrevious</visible>
					<animation effect="zoom" start="-282,22,152,448" end="-91,0,183,538" time="250" reversible="false">Hidden</animation>
					<posx>-282</posx>
					<posy>22</posy>
					<width>152</width>
					<height>448</height>
					<control type="image">
						<posx>0</posx>
						<posy>0</posy>
						<width>152</width>
						<height>224</height>
						<aspectratio align="center" scalediffuse="false">keep</aspectratio>
						<texture diffuse="dvdbox-diffuse.png" /> 
						<info>Container(50).ListItem(0).ActualIcon</info>
						<visible>IsEmpty(Container(50).ListItem(0).Thumb)</visible>
					</control>
					<control type="image">
						<posx>0</posx>
						<posy>0</posy>
						<width>152</width>
						<height>224</height>
						<aspectratio align="center" scalediffuse="false">scale</aspectratio>
						<texture diffuse="dvdbox-diffuse.png" /> 
						<info>Container(50).ListItem(0).Thumb</info>
						<visible>!IsEmpty(Container(50).ListItem(0).Thumb)</visible>
					</control>
					<control type="image">
						<posx>0</posx>
						<posy>0</posy>
						<width>152</width>
						<height>224</height>
						<texture>overlays\dvd\$INFO[Container(50).ListItem(0).Overlay]</texture>
						<visible>!Skin.HasSetting(Disable_Unwatched_Overlay)</visible>
					</control>
					<control type="image">
						<posx>0</posx>
						<posy>0</posy>
						<width>152</width>
						<height>224</height>
						<texture>dvdbox-overlay.png</texture>
					</control>
					<control type="image">
						<posx>0</posx>
						<posy>224</posy>
						<width>152</width>
						<height>224</height>
						<aspectratio align="center" scalediffuse="false">keep</aspectratio>
						<texture flipy="true" diffuse="dvdbox-reflect-diffuse.png" /> 
						<info>Container(50).ListItem(0).ActualIcon</info>
						<visible>IsEmpty(Container(50).ListItem(0).Thumb)</visible>
					</control>
					<control type="image">
						<posx>0</posx>
						<posy>224</posy>
						<width>152</width>
						<height>224</height>
						<aspectratio align="center" scalediffuse="false">scale</aspectratio>
						<texture flipy="true" diffuse="dvdbox-reflect-diffuse.png" /> 
						<info>Container(50).ListItem(0).Thumb</info>
						<visible>!IsEmpty(Container(50).ListItem(0).Thumb)</visible>
					</control>
					<control type="image">
						<posx>0</posx>
						<posy>224</posy>
						<width>152</width>
						<height>224</height>
						<texture flipy="true" diffuse="dvdbox-reflect-diffuse.png">dvdbox-overlay.png</texture>
					</control>
				</control>
				
				<!-- Move Icon 4 To Icon 5 Position On Move Previous -->
				<control type="group">
					<visible>Container(50).OnPrevious</visible>
					<visible>!IsEmpty(Container(50).ListItemNoWrap(1).Label)</visible>
					<animation effect="zoom" start="-91,0,183,538" end="131,22,152,448" time="250" reversible="false">Hidden</animation>
					<posx>-91</posx>
					<posy>0</posy>
					<width>183</width>
					<height>538</height>
					<control type="image">
						<posx>0</posx>
						<posy>0</posy>
						<width>183</width>
						<height>269</height>
						<aspectratio align="center" scalediffuse="false">keep</aspectratio>
						<texture diffuse="dvdbox-diffuse.png" /> 
						<info>Container(50).ListItem(1).ActualIcon</info>
						<visible>IsEmpty(Container(50).ListItem(1).Thumb)</visible>
					</control>
					<control type="image">
						<posx>0</posx>
						<posy>0</posy>
						<width>183</width>
						<height>269</height>
						<aspectratio align="center" scalediffuse="false">scale</aspectratio>
						<texture diffuse="dvdbox-diffuse.png" /> 
						<info>Container(50).ListItem(1).Thumb</info>
						<visible>!IsEmpty(Container(50).ListItem(1).Thumb)</visible>
					</control>
					<control type="image">
						<posx>0</posx>
						<posy>0</posy>
						<width>183</width>
						<height>269</height>
						<texture>overlays\dvd\$INFO[Container(50).ListItem(1).Overlay]</texture>
						<visible>!Skin.HasSetting(Disable_Unwatched_Overlay)</visible>
					</control>
					<control type="image">
						<posx>0</posx>
						<posy>0</posy>
						<width>183</width>
						<height>269</height>
						<texture>dvdbox-overlay.png</texture>
					</control>
					<control type="image">
						<posx>0</posx>
						<posy>269</posy>
						<width>183</width>
						<height>269</height>
						<aspectratio align="center" scalediffuse="false">keep</aspectratio>
						<texture flipy="true" diffuse="dvdbox-reflect-diffuse.png" /> 
						<info>Container(50).ListItem(1).ActualIcon</info>
						<visible>IsEmpty(Container(50).ListItem(1).Thumb)</visible>
					</control>
					<control type="image">
						<posx>0</posx>
						<posy>269</posy>
						<width>183</width>
						<height>269</height>
						<aspectratio align="center" scalediffuse="false">scale</aspectratio>
						<texture flipy="true" diffuse="dvdbox-reflect-diffuse.png" /> 
						<info>Container(50).ListItem(1).Thumb</info>
						<visible>!IsEmpty(Container(50).ListItem(1).Thumb)</visible>
					</control>
					<control type="image">
						<posx>0</posx>
						<posy>269</posy>
						<width>183</width>
						<height>269</height>
						<texture flipy="true" diffuse="dvdbox-reflect-diffuse.png">dvdbox-overlay.png</texture>
					</control>
				</control>

				<!-- Move Icon 5 To Icon 6 Position On Move Previous -->
				<control type="group">
					<visible>Container(50).OnPrevious</visible>
					<visible>!IsEmpty(Container(50).ListItemNoWrap(2).Label)</visible>
					<animation effect="zoom" start="131,22,152,448" end="322,38,131,384" time="250" reversible="false">Hidden</animation>
					<posx>131</posx>
					<posy>22</posy>
					<width>152</width>
					<height>448</height>
					<control type="image">
						<posx>0</posx>
						<posy>0</posy>
						<width>152</width>
						<height>224</height>
						<aspectratio align="center" scalediffuse="false">keep</aspectratio>
						<texture diffuse="dvdbox-diffuse.png" /> 
						<info>Container(50).ListItem(2).ActualIcon</info>
						<visible>IsEmpty(Container(50).ListItem(2).Thumb)</visible>
					</control>
					<control type="image">
						<posx>0</posx>
						<posy>0</posy>
						<width>152</width>
						<height>224</height>
						<aspectratio align="center" scalediffuse="false">scale</aspectratio>
						<texture diffuse="dvdbox-diffuse.png" /> 
						<info>Container(50).ListItem(2).Thumb</info>
						<visible>!IsEmpty(Container(50).ListItem(2).Thumb)</visible>
					</control>
					<control type="image">
						<posx>0</posx>
						<posy>0</posy>
						<width>152</width>
						<height>224</height>
						<texture>overlays\dvd\$INFO[Container(50).ListItem(2).Overlay]</texture>
						<visible>!Skin.HasSetting(Disable_Unwatched_Overlay)</visible>
					</control>
					<control type="image">
						<posx>0</posx>
						<posy>0</posy>
						<width>152</width>
						<height>224</height>
						<texture>dvdbox-overlay.png</texture>
					</control>
					<control type="image">
						<posx>0</posx>
						<posy>224</posy>
						<width>152</width>
						<height>224</height>
						<aspectratio align="center" scalediffuse="false">keep</aspectratio>
						<texture flipy="true" diffuse="dvdbox-reflect-diffuse.png" /> 
						<info>Container(50).ListItem(2).ActualIcon</info>
						<visible>IsEmpty(Container(50).ListItem(2).Thumb)</visible>
					</control>
					<control type="image">
						<posx>0</posx>
						<posy>224</posy>
						<width>152</width>
						<height>224</height>
						<aspectratio align="center" scalediffuse="false">scale</aspectratio>
						<texture flipy="true" diffuse="dvdbox-reflect-diffuse.png" /> 
						<info>Container(50).ListItem(2).Thumb</info>
						<visible>!IsEmpty(Container(50).ListItem(2).Thumb)</visible>
					</control>
					<control type="image">
						<posx>0</posx>
						<posy>224</posy>
						<width>152</width>
						<height>224</height>
						<texture flipy="true" diffuse="dvdbox-reflect-diffuse.png">dvdbox-overlay.png</texture>
					</control>
				</control>
				
				<!-- Move Icon 6 To Icon 7 Position On Move Previous -->
				<control type="group">
					<visible>Container(50).OnPrevious</visible>
					<visible>!IsEmpty(Container(50).ListItemNoWrap(3).Label)</visible>
					<animation effect="zoom" start="322,38,131,384" end="492,54,109,320" time="250" reversible="false">Hidden</animation>
					<posx>322</posx>
					<posy>38</posy>
					<width>131</width>
					<height>384</height>
					<control type="image">
						<posx>0</posx>
						<posy>0</posy>
						<width>131</width>
						<height>192</height>
						<aspectratio align="center" scalediffuse="false">keep</aspectratio>
						<texture diffuse="dvdbox-diffuse.png" /> 
						<info>Container(50).ListItem(3).ActualIcon</info>
						<visible>IsEmpty(Container(50).ListItem(3).Thumb)</visible>
					</control>
					<control type="image">
						<posx>0</posx>
						<posy>0</posy>
						<width>131</width>
						<height>192</height>
						<aspectratio align="center" scalediffuse="false">scale</aspectratio>
						<texture diffuse="dvdbox-diffuse.png" /> 
						<info>Container(50).ListItem(3).Thumb</info>
						<visible>!IsEmpty(Container(50).ListItem(3).Thumb)</visible>
					</control>
					<control type="image">
						<posx>0</posx>
						<posy>0</posy>
						<width>131</width>
						<height>192</height>
						<texture>overlays\dvd\$INFO[Container(50).ListItem(3).Overlay]</texture>
						<visible>!Skin.HasSetting(Disable_Unwatched_Overlay)</visible>
					</control>
					<control type="image">
						<posx>0</posx>
						<posy>0</posy>
						<width>131</width>
						<height>192</height>
						<texture>dvdbox-overlay.png</texture>
					</control>
					<control type="image">
						<posx>0</posx>
						<posy>192</posy>
						<width>131</width>
						<height>192</height>
						<aspectratio align="center" scalediffuse="false">keep</aspectratio>
						<texture flipy="true" diffuse="dvdbox-reflect-diffuse.png" /> 
						<info>Container(50).ListItem(3).ActualIcon</info>
						<visible>IsEmpty(Container(50).ListItem(3).Thumb)</visible>
					</control>
					<control type="image">
						<posx>0</posx>
						<posy>192</posy>
						<width>131</width>
						<height>192</height>
						<aspectratio align="center" scalediffuse="false">scale</aspectratio>
						<texture flipy="true" diffuse="dvdbox-reflect-diffuse.png" /> 
						<info>Container(50).ListItem(3).Thumb</info>
						<visible>!IsEmpty(Container(50).ListItem(3).Thumb)</visible>
					</control>
					<control type="image">
						<posx>0</posx>
						<posy>192</posy>
						<width>131</width>
						<height>192</height>
						<texture flipy="true" diffuse="dvdbox-reflect-diffuse.png">dvdbox-overlay.png</texture>
					</control>
				</control>

				<!-- Hide Far Right Icon On Move Previous -->
				<control type="group">
					<visible>Container(50).OnPrevious</visible>
					<visible>!IsEmpty(Container(50).ListItemNoWrap(4).Label)</visible>
					<animation type="Hidden" reversible="false">
						<effect type="fade" start="100" end="0" time="250" />
						<effect type="slide" start="0,0" end="148,0" time="250" />
					</animation>
					<posx>492</posx>
					<posy>54</posy>
					<width>109</width>
					<height>320</height>
					<control type="image">
						<posx>0</posx>
						<posy>0</posy>
						<width>109</width>
						<height>160</height>
						<aspectratio align="center" scalediffuse="false">keep</aspectratio>
						<texture diffuse="dvdbox-diffuse.png" /> 
						<info>Container(50).ListItem(4).ActualIcon</info>
						<visible>IsEmpty(Container(50).ListItem(4).Thumb)</visible>
					</control>
					<control type="image">
						<posx>0</posx>
						<posy>0</posy>
						<width>109</width>
						<height>160</height>
						<aspectratio align="center" scalediffuse="false">scale</aspectratio>
						<texture diffuse="dvdbox-diffuse.png" /> 
						<info>Container(50).ListItem(4).Thumb</info>
						<visible>!IsEmpty(Container(50).ListItem(4).Thumb)</visible>
					</control>
					<control type="image">
						<posx>0</posx>
						<posy>0</posy>
						<width>109</width>
						<height>160</height>
						<texture>overlays\dvd\$INFO[Container(50).ListItem(4).Overlay]</texture>
						<visible>!Skin.HasSetting(Disable_Unwatched_Overlay)</visible>
					</control>
					<control type="image">
						<posx>0</posx>
						<posy>0</posy>
						<width>109</width>
						<height>160</height>
						<texture>dvdbox-overlay.png</texture>
					</control>
					<control type="image">
						<posx>0</posx>
						<posy>160</posy>
						<width>109</width>
						<height>160</height>
						<aspectratio align="center" scalediffuse="false">keep</aspectratio>
						<texture flipy="true" diffuse="dvdbox-reflect-diffuse.png" /> 
						<info>Container(50).ListItem(4).ActualIcon</info>
						<visible>IsEmpty(Container(50).ListItem(4).Thumb)</visible>
					</control>
					<control type="image">
						<posx>0</posx>
						<posy>160</posy>
						<width>109</width>
						<height>160</height>
						<aspectratio align="center" scalediffuse="false">scale</aspectratio>
						<texture flipy="true" diffuse="dvdbox-reflect-diffuse.png" /> 
						<info>Container(50).ListItem(4).Thumb</info>
						<visible>!IsEmpty(Container(50).ListItem(4).Thumb)</visible>
					</control>
					<control type="image">
						<posx>0</posx>
						<posy>160</posy>
						<width>109</width>
						<height>160</height>
						<texture flipy="true" diffuse="dvdbox-reflect-diffuse.png">dvdbox-overlay.png</texture>
					</control>
				</control>

			</control>

			<!-- Show Case View Icons - Clockwise Mothion -->
			<control type="group" id="15002">

				<visible>Container(50).OnNext</visible>
				<animation effect="slide" end="0,0" time="250" reversible="false">Hidden</animation>

				<!-- Hide Far Left Icon On Move Next -->
				<control type="group">
					<visible>Container(50).OnNext</visible>
					<visible>!IsEmpty(Container(50).ListItemNoWrap(-4).Label)</visible>
					<animation type="Hidden" reversible="false">
						<effect type="fade" start="100" end="0" time="250" />
						<effect type="slide" start="0,0" end="-149,0" time="250" />
					</animation>
					<posx>-600</posx>
					<posy>54</posy>
					<width>109</width>
					<height>320</height>
					<control type="image">
						<posx>0</posx>
						<posy>0</posy>
						<width>109</width>
						<height>160</height>
						<aspectratio align="center" scalediffuse="false">keep</aspectratio>
						<texture diffuse="dvdbox-diffuse.png" /> 
						<info>Container(50).ListItem(-4).ActualIcon</info>
						<visible>IsEmpty(Container(50).ListItem(-4).Thumb)</visible>
					</control>
					<control type="image">
						<posx>0</posx>
						<posy>0</posy>
						<width>109</width>
						<height>160</height>
						<aspectratio align="center" scalediffuse="false">scale</aspectratio>
						<texture diffuse="dvdbox-diffuse.png" /> 
						<info>Container(50).ListItem(-4).Thumb</info>
						<visible>!IsEmpty(Container(50).ListItem(-4).Thumb)</visible>
					</control>
					<control type="image">
						<posx>0</posx>
						<posy>0</posy>
						<width>109</width>
						<height>160</height>
						<texture>overlays\dvd\$INFO[Container(50).ListItem(-4).Overlay]</texture>
						<visible>!Skin.HasSetting(Disable_Unwatched_Overlay)</visible>
					</control>
					<control type="image">
						<posx>0</posx>
						<posy>0</posy>
						<width>109</width>
						<height>160</height>
						<texture>dvdbox-overlay.png</texture>
					</control>
					<control type="image">
						<posx>0</posx>
						<posy>160</posy>
						<width>109</width>
						<height>160</height>
						<aspectratio align="center" scalediffuse="false">keep</aspectratio>
						<texture flipy="true" diffuse="dvdbox-reflect-diffuse.png" /> 
						<info>Container(50).ListItem(-4).ActualIcon</info>
						<visible>IsEmpty(Container(50).ListItem(-4).Thumb)</visible>
					</control>
					<control type="image">
						<posx>0</posx>
						<posy>160</posy>
						<width>109</width>
						<height>160</height>
						<aspectratio align="center" scalediffuse="false">scale</aspectratio>
						<texture flipy="true" diffuse="dvdbox-reflect-diffuse.png" /> 
						<info>Container(50).ListItem(-4).Thumb</info>
						<visible>!IsEmpty(Container(50).ListItem(-4).Thumb)</visible>
					</control>
					<control type="image">
						<posx>0</posx>
						<posy>160</posy>
						<width>109</width>
						<height>160</height>
						<texture flipy="true" diffuse="dvdbox-reflect-diffuse.png">dvdbox-overlay.png</texture>
					</control>
				</control>
				
				<!-- Move Icon 2 To Icon 1 Position On Move Next -->
				<control type="group">
					<visible>Container(50).OnNext</visible>
					<visible>!IsEmpty(Container(50).ListItemNoWrap(-3).Label)</visible>
					<animation effect="zoom" start="-452,38,131,384" end="-600,54,109,320" time="250" reversible="false">Hidden</animation>
					<posx>-452</posx>
					<posy>38</posy>
					<width>131</width>
					<height>384</height>
					<control type="image">
						<posx>0</posx>
						<posy>0</posy>
						<width>131</width>
						<height>192</height>
						<aspectratio align="center" scalediffuse="false">keep</aspectratio>
						<texture diffuse="dvdbox-diffuse.png" /> 
						<info>Container(50).ListItem(-3).ActualIcon</info>
						<visible>IsEmpty(Container(50).ListItem(-3).Thumb)</visible>
					</control>
					<control type="image">
						<posx>0</posx>
						<posy>0</posy>
						<width>131</width>
						<height>192</height>
						<aspectratio align="center" scalediffuse="false">scale</aspectratio>
						<texture diffuse="dvdbox-diffuse.png" /> 
						<info>Container(50).ListItem(-3).Thumb</info>
						<visible>!IsEmpty(Container(50).ListItem(-3).Thumb)</visible>
					</control>
					<control type="image">
						<posx>0</posx>
						<posy>0</posy>
						<width>131</width>
						<height>192</height>
						<texture>overlays\dvd\$INFO[Container(50).ListItem(-3).Overlay]</texture>
						<visible>!Skin.HasSetting(Disable_Unwatched_Overlay)</visible>
					</control>
					<control type="image">
						<posx>0</posx>
						<posy>0</posy>
						<width>131</width>
						<height>192</height>
						<texture>dvdbox-overlay.png</texture>
					</control>
					<control type="image">
						<posx>0</posx>
						<posy>192</posy>
						<width>131</width>
						<height>192</height>
						<aspectratio align="center" scalediffuse="false">keep</aspectratio>
						<texture flipy="true" diffuse="dvdbox-reflect-diffuse.png" /> 
						<info>Container(50).ListItem(-3).ActualIcon</info>
						<visible>IsEmpty(Container(50).ListItem(-3).Thumb)</visible>
					</control>
					<control type="image">
						<posx>0</posx>
						<posy>192</posy>
						<width>131</width>
						<height>192</height>
						<aspectratio align="center" scalediffuse="false">scale</aspectratio>
						<texture flipy="true" diffuse="dvdbox-reflect-diffuse.png" /> 
						<info>Container(50).ListItem(-3).Thumb</info>
						<visible>!IsEmpty(Container(50).ListItem(-3).Thumb)</visible>
					</control>
					<control type="image">
						<posx>0</posx>
						<posy>192</posy>
						<width>131</width>
						<height>192</height>
						<texture flipy="true" diffuse="dvdbox-reflect-diffuse.png">dvdbox-overlay.png</texture>
					</control>
				</control>
				
				<!-- Move Icon 3 To Icon 2 Position On Move Next -->
				<control type="group">
					<visible>Container(50).OnNext</visible>
					<animation effect="zoom" start="-282,22,152,448" end="-452,38,131,384" time="250" reversible="false">Hidden</animation>
					<posx>-282</posx>
					<posy>22</posy>
					<width>152</width>
					<height>448</height>
					<visible>!IsEmpty(Container(50).ListItemNoWrap(-2).Label)</visible>
					<control type="image">
						<posx>0</posx>
						<posy>0</posy>
						<width>152</width>
						<height>224</height>
						<aspectratio align="center" scalediffuse="false">keep</aspectratio>
						<texture diffuse="dvdbox-diffuse.png" /> 
						<info>Container(50).ListItem(-2).ActualIcon</info>
						<visible>IsEmpty(Container(50).ListItem(-2).Thumb)</visible>
					</control>
					<control type="image">
						<posx>0</posx>
						<posy>0</posy>
						<width>152</width>
						<height>224</height>
						<aspectratio align="center" scalediffuse="false">scale</aspectratio>
						<texture diffuse="dvdbox-diffuse.png" /> 
						<info>Container(50).ListItem(-2).Thumb</info>
						<visible>!IsEmpty(Container(50).ListItem(-2).Thumb)</visible>
					</control>
					<control type="image">
						<posx>0</posx>
						<posy>0</posy>
						<width>152</width>
						<height>224</height>
						<texture>overlays\dvd\$INFO[Container(50).ListItem(-2).Overlay]</texture>
						<visible>!Skin.HasSetting(Disable_Unwatched_Overlay)</visible>
					</control>
					<control type="image">
						<posx>0</posx>
						<posy>0</posy>
						<width>152</width>
						<height>224</height>
						<texture>dvdbox-overlay.png</texture>
					</control>
					<control type="image">
						<posx>0</posx>
						<posy>224</posy>
						<width>152</width>
						<height>224</height>
						<aspectratio align="center" scalediffuse="false">keep</aspectratio>
						<texture flipy="true" diffuse="dvdbox-reflect-diffuse.png" /> 
						<info>Container(50).ListItem(-2).ActualIcon</info>
						<visible>IsEmpty(Container(50).ListItem(-2).Thumb)</visible>
					</control>
					<control type="image">
						<posx>0</posx>
						<posy>224</posy>
						<width>152</width>
						<height>224</height>
						<aspectratio align="center" scalediffuse="false">scale</aspectratio>
						<texture flipy="true" diffuse="dvdbox-reflect-diffuse.png" /> 
						<info>Container(50).ListItem(-2).Thumb</info>
						<visible>!IsEmpty(Container(50).ListItem(-2).Thumb)</visible>
					</control>
					<control type="image">
						<posx>0</posx>
						<posy>224</posy>
						<width>152</width>
						<height>224</height>
						<texture flipy="true" diffuse="dvdbox-reflect-diffuse.png">dvdbox-overlay.png</texture>
					</control>
				</control>

				<!-- Move Icon 4 To Icon 3 Position On Move Next -->
				<control type="group">
					<visible>Container(50).OnNext</visible>
					<visible>!IsEmpty(Container(50).ListItemNoWrap(-1).Label)</visible>
					<animation effect="zoom" start="-91,0,183,538" end="-282,22,152,448" time="250" reversible="false">Hidden</animation>
					<posx>-91</posx>
					<posy>0</posy>
					<width>183</width>
					<height>538</height>
					<control type="image">
						<posx>0</posx>
						<posy>0</posy>
						<width>183</width>
						<height>269</height>
						<aspectratio align="center" scalediffuse="false">keep</aspectratio>
						<texture diffuse="dvdbox-diffuse.png" /> 
						<info>Container(50).ListItem(-1).ActualIcon</info>
						<visible>IsEmpty(Container(50).ListItem(-1).Thumb)</visible>
					</control>
					<control type="image">
						<posx>0</posx>
						<posy>0</posy>
						<width>183</width>
						<height>269</height>
						<aspectratio align="center" scalediffuse="false">scale</aspectratio>
						<texture diffuse="dvdbox-diffuse.png" /> 
						<info>Container(50).ListItem(-1).Thumb</info>
						<visible>!IsEmpty(Container(50).ListItem(-1).Thumb)</visible>
					</control>
					<control type="image">
						<posx>0</posx>
						<posy>0</posy>
						<width>183</width>
						<height>269</height>
						<texture>overlays\dvd\$INFO[Container(50).ListItem(-1).Overlay]</texture>
						<visible>!Skin.HasSetting(Disable_Unwatched_Overlay)</visible>
					</control>
					<control type="image">
						<posx>0</posx>
						<posy>0</posy>
						<width>183</width>
						<height>269</height>
						<texture>dvdbox-overlay.png</texture>
					</control>
					<control type="image">
						<posx>0</posx>
						<posy>269</posy>
						<width>183</width>
						<height>269</height>
						<aspectratio align="center" scalediffuse="false">keep</aspectratio>
						<texture flipy="true" diffuse="dvdbox-reflect-diffuse.png" /> 
						<info>Container(50).ListItem(-1).ActualIcon</info>
						<visible>IsEmpty(Container(50).ListItem(-1).Thumb)</visible>
					</control>
					<control type="image">
						<posx>0</posx>
						<posy>269</posy>
						<width>183</width>
						<height>269</height>
						<aspectratio align="center" scalediffuse="false">scale</aspectratio>
						<texture flipy="true" diffuse="dvdbox-reflect-diffuse.png" /> 
						<info>Container(50).ListItem(-1).Thumb</info>
						<visible>!IsEmpty(Container(50).ListItem(-1).Thumb)</visible>
					</control>
					<control type="image">
						<posx>0</posx>
						<posy>269</posy>
						<width>183</width>
						<height>269</height>
						<texture flipy="true" diffuse="dvdbox-reflect-diffuse.png">dvdbox-overlay.png</texture>
					</control>
				</control>

				<!-- Move Icon 5 To Icon 4 Position On Move Next -->
				<control type="group">
					<visible>Container(50).OnNext</visible>
					<animation effect="zoom" start="131,22,152,448" end="-91,0,183,538" time="250" reversible="false">Hidden</animation>
					<posx>131</posx>
					<posy>22</posy>
					<width>152</width>
					<height>448</height>
					<control type="image">
						<posx>0</posx>
						<posy>0</posy>
						<width>152</width>
						<height>224</height>
						<aspectratio align="center" scalediffuse="false">keep</aspectratio>
						<texture diffuse="dvdbox-diffuse.png" /> 
						<info>Container(50).ListItem(0).ActualIcon</info>
						<visible>IsEmpty(Container(50).ListItem(0).Thumb)</visible>
					</control>
					<control type="image">
						<posx>0</posx>
						<posy>0</posy>
						<width>152</width>
						<height>224</height>
						<aspectratio align="center" scalediffuse="false">scale</aspectratio>
						<texture diffuse="dvdbox-diffuse.png" /> 
						<info>Container(50).ListItem(0).Thumb</info>
						<visible>!IsEmpty(Container(50).ListItem(0).Thumb)</visible>
					</control>
					<control type="image">
						<posx>0</posx>
						<posy>0</posy>
						<width>152</width>
						<height>224</height>
						<texture>overlays\dvd\$INFO[Container(50).ListItem(0).Overlay]</texture>
						<visible>!Skin.HasSetting(Disable_Unwatched_Overlay)</visible>
					</control>
					<control type="image">
						<posx>0</posx>
						<posy>0</posy>
						<width>152</width>
						<height>224</height>
						<texture>dvdbox-overlay.png</texture>
					</control>
					<control type="image">
						<posx>0</posx>
						<posy>224</posy>
						<width>152</width>
						<height>224</height>
						<aspectratio align="center" scalediffuse="false">keep</aspectratio>
						<texture flipy="true" diffuse="dvdbox-reflect-diffuse.png" /> 
						<info>Container(50).ListItem(0).ActualIcon</info>
						<visible>IsEmpty(Container(50).ListItem(0).Thumb)</visible>
					</control>
					<control type="image">
						<posx>0</posx>
						<posy>224</posy>
						<width>152</width>
						<height>224</height>
						<aspectratio align="center" scalediffuse="false">scale</aspectratio>
						<texture flipy="true" diffuse="dvdbox-reflect-diffuse.png" /> 
						<info>Container(50).ListItem(0).Thumb</info>
						<visible>!IsEmpty(Container(50).ListItem(0).Thumb)</visible>
					</control>
					<control type="image">
						<posx>0</posx>
						<posy>224</posy>
						<width>152</width>
						<height>224</height>
						<texture flipy="true" diffuse="dvdbox-reflect-diffuse.png">dvdbox-overlay.png</texture>
					</control>
				</control>

				<!-- Move Icon 6 To Icon 5 Position On Move Next -->
				<control type="group">
					<visible>Container(50).OnNext</visible>
					<visible>!IsEmpty(Container(50).ListItemNoWrap(1).Label)</visible>
					<animation effect="zoom" start="322,38,131,384" end="131,22,152,448" time="250" reversible="false">Hidden</animation>
					<posx>322</posx>
					<posy>38</posy>
					<width>131</width>
					<height>384</height>
					<control type="image">
						<posx>0</posx>
						<posy>0</posy>
						<width>131</width>
						<height>192</height>
						<aspectratio align="center" scalediffuse="false">keep</aspectratio>
						<texture diffuse="dvdbox-diffuse.png" /> 
						<info>Container(50).ListItem(1).ActualIcon</info>
						<visible>IsEmpty(Container(50).ListItem(1).Thumb)</visible>
					</control>
					<control type="image">
						<posx>0</posx>
						<posy>0</posy>
						<width>131</width>
						<height>192</height>
						<aspectratio align="center" scalediffuse="false">scale</aspectratio>
						<texture diffuse="dvdbox-diffuse.png" /> 
						<info>Container(50).ListItem(1).Thumb</info>
						<visible>!IsEmpty(Container(50).ListItem(1).Thumb)</visible>
					</control>
					<control type="image">
						<posx>0</posx>
						<posy>0</posy>
						<width>131</width>
						<height>192</height>
						<texture>overlays\dvd\$INFO[Container(50).ListItem(1).Overlay]</texture>
						<visible>!Skin.HasSetting(Disable_Unwatched_Overlay)</visible>
					</control>
					<control type="image">
						<posx>0</posx>
						<posy>0</posy>
						<width>131</width>
						<height>192</height>
						<texture>dvdbox-overlay.png</texture>
					</control>
					<control type="image">
						<posx>0</posx>
						<posy>192</posy>
						<width>131</width>
						<height>192</height>
						<aspectratio align="center" scalediffuse="false">keep</aspectratio>
						<texture flipy="true" diffuse="dvdbox-reflect-diffuse.png" /> 
						<info>Container(50).ListItem(1).ActualIcon</info>
						<visible>IsEmpty(Container(50).ListItem(1).Thumb)</visible>
					</control>
					<control type="image">
						<posx>0</posx>
						<posy>192</posy>
						<width>131</width>
						<height>192</height>
						<aspectratio align="center" scalediffuse="false">scale</aspectratio>
						<texture flipy="true" diffuse="dvdbox-reflect-diffuse.png" /> 
						<info>Container(50).ListItem(1).Thumb</info>
						<visible>!IsEmpty(Container(50).ListItem(1).Thumb)</visible>
					</control>
					<control type="image">
						<posx>0</posx>
						<posy>192</posy>
						<width>131</width>
						<height>192</height>
						<texture flipy="true" diffuse="dvdbox-reflect-diffuse.png">dvdbox-overlay.png</texture>
					</control>
				</control>
				
				<!-- Move Icon 7 To Icon 6 Position On Move Next -->
				<control type="group">
					<visible>Container(50).OnNext</visible>
					<visible>!IsEmpty(Container(50).ListItemNoWrap(2).Label)</visible>
					<animation effect="zoom" start="492,54,109,320" end="322,38,131,384" time="250" reversible="false">Hidden</animation>
					<posx>492</posx>
					<posy>54</posy>
					<width>109</width>
					<height>320</height>
					<control type="image">
						<posx>0</posx>
						<posy>0</posy>
						<width>109</width>
						<height>160</height>
						<aspectratio align="center" scalediffuse="false">keep</aspectratio>
						<texture diffuse="dvdbox-diffuse.png" /> 
						<info>Container(50).ListItem(2).ActualIcon</info>
						<visible>IsEmpty(Container(50).ListItem(2).Thumb)</visible>
					</control>
					<control type="image">
						<posx>0</posx>
						<posy>0</posy>
						<width>109</width>
						<height>160</height>
						<aspectratio align="center" scalediffuse="false">scale</aspectratio>
						<texture diffuse="dvdbox-diffuse.png" /> 
						<info>Container(50).ListItem(2).Thumb</info>
						<visible>!IsEmpty(Container(50).ListItem(2).Thumb)</visible>
					</control>
					<control type="image">
						<posx>0</posx>
						<posy>0</posy>
						<width>109</width>
						<height>160</height>
						<texture>overlays\dvd\$INFO[Container(50).ListItem(2).Overlay]</texture>
						<visible>!Skin.HasSetting(Disable_Unwatched_Overlay)</visible>
					</control>
					<control type="image">
						<posx>0</posx>
						<posy>0</posy>
						<width>109</width>
						<height>160</height>
						<texture>dvdbox-overlay.png</texture>
					</control>
					<control type="image">
						<posx>0</posx>
						<posy>160</posy>
						<width>109</width>
						<height>160</height>
						<aspectratio align="center" scalediffuse="false">keep</aspectratio>
						<texture flipy="true" diffuse="dvdbox-reflect-diffuse.png" /> 
						<info>Container(50).ListItem(2).ActualIcon</info>
						<visible>IsEmpty(Container(50).ListItem(2).Thumb)</visible>
					</control>
					<control type="image">
						<posx>0</posx>
						<posy>160</posy>
						<width>109</width>
						<height>160</height>
						<aspectratio align="center" scalediffuse="false">scale</aspectratio>
						<texture flipy="true" diffuse="dvdbox-reflect-diffuse.png" /> 
						<info>Container(50).ListItem(2).Thumb</info>
						<visible>!IsEmpty(Container(50).ListItem(2).Thumb)</visible>
					</control>
					<control type="image">
						<posx>0</posx>
						<posy>160</posy>
						<width>109</width>
						<height>160</height>
						<texture flipy="true" diffuse="dvdbox-reflect-diffuse.png">dvdbox-overlay.png</texture>
					</control>
				</control>

				<!-- Show Far Right Icon On Move Next -->
				<control type="group">
					<visible>Container(50).OnNext</visible>
					<visible>!IsEmpty(Container(50).ListItemNoWrap(3).Label)</visible>
					<animation type="Hidden" reversible="false">
						<effect type="fade" start="0" end="100" time="250" />
						<effect type="slide" start="148,0" end="0,0" time="250" />
					</animation>
					<animation effect="fade" start="0" end="0" time="0" reversible="false">Visible</animation>
					<posx>492</posx>
					<posy>54</posy>
					<width>109</width>
					<height>320</height>
					<control type="image">
						<posx>0</posx>
						<posy>0</posy>
						<width>109</width>
						<height>160</height>
						<aspectratio align="center" scalediffuse="false">keep</aspectratio>
						<texture diffuse="dvdbox-diffuse.png" /> 
						<info>Container(50).ListItem(3).ActualIcon</info>
						<visible>IsEmpty(Container(50).ListItem(3).Thumb)</visible>
					</control>
					<control type="image">
						<posx>0</posx>
						<posy>0</posy>
						<width>109</width>
						<height>160</height>
						<aspectratio align="center" scalediffuse="false">scale</aspectratio>
						<texture diffuse="dvdbox-diffuse.png" /> 
						<info>Container(50).ListItem(3).Thumb</info>
						<visible>!IsEmpty(Container(50).ListItem(3).Thumb)</visible>
					</control>
					<control type="image">
						<posx>0</posx>
						<posy>0</posy>
						<width>109</width>
						<height>160</height>
						<texture>overlays\dvd\$INFO[Container(50).ListItem(3).Overlay]</texture>
						<visible>!Skin.HasSetting(Disable_Unwatched_Overlay)</visible>
					</control>
					<control type="image">
						<posx>0</posx>
						<posy>0</posy>
						<width>109</width>
						<height>160</height>
						<texture>dvdbox-overlay.png</texture>
					</control>
					<control type="image">
						<posx>0</posx>
						<posy>160</posy>
						<width>109</width>
						<height>160</height>
						<aspectratio align="center" scalediffuse="false">keep</aspectratio>
						<texture flipy="true" diffuse="dvdbox-reflect-diffuse.png" /> 
						<info>Container(50).ListItem(3).ActualIcon</info>
						<visible>IsEmpty(Container(50).ListItem(3).Thumb)</visible>
					</control>
					<control type="image">
						<posx>0</posx>
						<posy>160</posy>
						<width>109</width>
						<height>160</height>
						<aspectratio align="center" scalediffuse="false">scale</aspectratio>
						<texture flipy="true" diffuse="dvdbox-reflect-diffuse.png" /> 
						<info>Container(50).ListItem(3).Thumb</info>
						<visible>!IsEmpty(Container(50).ListItem(3).Thumb)</visible>
					</control>
					<control type="image">
						<posx>0</posx>
						<posy>160</posy>
						<width>109</width>
						<height>160</height>
						<texture flipy="true" diffuse="dvdbox-reflect-diffuse.png">dvdbox-overlay.png</texture>
					</control>
				</control>

			</control>

			<!-- Show Case View Static Icons -->
			<control type="group" id="15000">

				<visible>!Control.IsVisible(15001)  + !Control.IsVisible(15002)</visible>
				<animation effect="fade" time="600">WindowOpen</animation>
				<animation effect="fade" time="600">WindowClose</animation>
				
				<!-- Icon 1 -->
				<control type="group">
					<posx>-600</posx>
					<posy>54</posy>
					<width>109</width>
					<height>320</height>
					<visible>!IsEmpty(Container(50).ListItemNoWrap(-3).Label)</visible>
					<control type="image">
						<posx>0</posx>
						<posy>0</posy>
						<width>109</width>
						<height>160</height>
						<aspectratio align="center" scalediffuse="false">keep</aspectratio>
						<texture diffuse="dvdbox-diffuse.png" /> 
						<info>Container(50).ListItem(-3).ActualIcon</info>
						<visible>IsEmpty(Container(50).ListItem(-3).Thumb)</visible>
					</control>
					<control type="image">
						<posx>0</posx>
						<posy>0</posy>
						<width>109</width>
						<height>160</height>
						<aspectratio align="center" scalediffuse="false">scale</aspectratio>
						<texture diffuse="dvdbox-diffuse.png" /> 
						<info>Container(50).ListItem(-3).Thumb</info>
						<visible>!IsEmpty(Container(50).ListItem(-3).Thumb)</visible>
					</control>
					<control type="image">
						<posx>0</posx>
						<posy>0</posy>
						<width>109</width>
						<height>160</height>
						<texture>overlays\dvd\$INFO[Container(50).ListItem(-3).Overlay]</texture>
						<visible>!Skin.HasSetting(Disable_Unwatched_Overlay)</visible>
					</control>
					<control type="image">
						<posx>0</posx>
						<posy>0</posy>
						<width>109</width>
						<height>160</height>
						<texture>dvdbox-overlay.png</texture>
					</control>
					<control type="image">
						<posx>0</posx>
						<posy>160</posy>
						<width>109</width>
						<height>160</height>
						<aspectratio align="center" scalediffuse="false">keep</aspectratio>
						<texture flipy="true" diffuse="dvdbox-reflect-diffuse.png" /> 
						<info>Container(50).ListItem(-3).ActualIcon</info>
						<visible>IsEmpty(Container(50).ListItem(-3).Thumb)</visible>
					</control>
					<control type="image">
						<posx>0</posx>
						<posy>160</posy>
						<width>109</width>
						<height>160</height>
						<aspectratio align="center" scalediffuse="false">scale</aspectratio>
						<texture flipy="true" diffuse="dvdbox-reflect-diffuse.png" /> 
						<info>Container(50).ListItem(-3).Thumb</info>
						<visible>!IsEmpty(Container(50).ListItem(-3).Thumb)</visible>
					</control>
					<control type="image">
						<posx>0</posx>
						<posy>160</posy>
						<width>109</width>
						<height>160</height>
						<texture flipy="true" diffuse="dvdbox-reflect-diffuse.png">dvdbox-overlay.png</texture>
					</control>
				</control>

				<!-- Icon 2 -->
				<control type="group">
					<posx>-452</posx>
					<posy>38</posy>
					<width>131</width>
					<height>384</height>
					<visible>!IsEmpty(Container(50).ListItemNoWrap(-2).Label)</visible>
					<control type="image">
						<posx>0</posx>
						<posy>0</posy>
						<width>131</width>
						<height>192</height>
						<aspectratio align="center" scalediffuse="false">keep</aspectratio>
						<texture diffuse="dvdbox-diffuse.png" /> 
						<info>Container(50).ListItem(-2).ActualIcon</info>
						<visible>IsEmpty(Container(50).ListItem(-2).Thumb)</visible>
					</control>
					<control type="image">
						<posx>0</posx>
						<posy>0</posy>
						<width>131</width>
						<height>192</height>
						<aspectratio align="center" scalediffuse="false">scale</aspectratio>
						<texture diffuse="dvdbox-diffuse.png" /> 
						<info>Container(50).ListItem(-2).Thumb</info>
						<visible>!IsEmpty(Container(50).ListItem(-2).Thumb)</visible>
					</control>
					<control type="image">
						<posx>0</posx>
						<posy>0</posy>
						<width>131</width>
						<height>192</height>
						<texture>overlays\dvd\$INFO[Container(50).ListItem(-2).Overlay]</texture>
						<visible>!Skin.HasSetting(Disable_Unwatched_Overlay)</visible>
					</control>
					<control type="image">
						<posx>0</posx>
						<posy>0</posy>
						<width>131</width>
						<height>192</height>
						<texture>dvdbox-overlay.png</texture>
					</control>
					<control type="image">
						<posx>0</posx>
						<posy>192</posy>
						<width>131</width>
						<height>192</height>
						<aspectratio align="center" scalediffuse="false">keep</aspectratio>
						<texture flipy="true" diffuse="dvdbox-reflect-diffuse.png" /> 
						<info>Container(50).ListItem(-2).ActualIcon</info>
						<visible>IsEmpty(Container(50).ListItem(-2).Thumb)</visible>
					</control>
					<control type="image">
						<posx>0</posx>
						<posy>192</posy>
						<width>131</width>
						<height>192</height>
						<aspectratio align="center" scalediffuse="false">scale</aspectratio>
						<texture flipy="true" diffuse="dvdbox-reflect-diffuse.png" /> 
						<info>Container(50).ListItem(-2).Thumb</info>
						<visible>!IsEmpty(Container(50).ListItem(-2).Thumb)</visible>
					</control>
					<control type="image">
						<posx>0</posx>
						<posy>192</posy>
						<width>131</width>
						<height>192</height>
						<texture flipy="true" diffuse="dvdbox-reflect-diffuse.png">dvdbox-overlay.png</texture>
					</control>
				</control>

				<!-- Icon 3 -->
				<control type="group">
					<posx>-282</posx>
					<posy>22</posy>
					<width>152</width>
					<height>448</height>
					<visible>!IsEmpty(Container(50).ListItemNoWrap(-1).Label)</visible>
					<control type="image">
						<posx>0</posx>
						<posy>0</posy>
						<width>152</width>
						<height>224</height>
						<aspectratio align="center" scalediffuse="false">keep</aspectratio>
						<texture diffuse="dvdbox-diffuse.png" /> 
						<info>Container(50).ListItem(-1).ActualIcon</info>
						<visible>IsEmpty(Container(50).ListItem(-1).Thumb)</visible>
					</control>
					<control type="image">
						<posx>0</posx>
						<posy>0</posy>
						<width>152</width>
						<height>224</height>
						<aspectratio align="center" scalediffuse="false">scale</aspectratio>
						<texture diffuse="dvdbox-diffuse.png" /> 
						<info>Container(50).ListItem(-1).Thumb</info>
						<visible>!IsEmpty(Container(50).ListItem(-1).Thumb)</visible>
					</control>
					<control type="image">
						<posx>0</posx>
						<posy>0</posy>
						<width>152</width>
						<height>224</height>
						<texture>overlays\dvd\$INFO[Container(50).ListItem(-1).Overlay]</texture>
						<visible>!Skin.HasSetting(Disable_Unwatched_Overlay)</visible>
					</control>
					<control type="image">
						<posx>0</posx>
						<posy>0</posy>
						<width>152</width>
						<height>224</height>
						<texture>dvdbox-overlay.png</texture>
					</control>
					<control type="image">
						<posx>0</posx>
						<posy>224</posy>
						<width>152</width>
						<height>224</height>
						<aspectratio align="center" scalediffuse="false">keep</aspectratio>
						<texture flipy="true" diffuse="dvdbox-reflect-diffuse.png" /> 
						<info>Container(50).ListItem(-1).ActualIcon</info>
						<visible>IsEmpty(Container(50).ListItem(-1).Thumb)</visible>
					</control>
					<control type="image">
						<posx>0</posx>
						<posy>224</posy>
						<width>152</width>
						<height>224</height>
						<aspectratio align="center" scalediffuse="false">scale</aspectratio>
						<texture flipy="true" diffuse="dvdbox-reflect-diffuse.png" /> 
						<info>Container(50).ListItem(-1).Thumb</info>
						<visible>!IsEmpty(Container(50).ListItem(-1).Thumb)</visible>
					</control>
					<control type="image">
						<posx>0</posx>
						<posy>224</posy>
						<width>152</width>
						<height>224</height>
						<texture flipy="true" diffuse="dvdbox-reflect-diffuse.png">dvdbox-overlay.png</texture>
					</control>
				</control>
				
				<!-- Icon 4 -->
				<control type="group">
					<posx>-91</posx>
					<posy>0</posy>
					<width>183</width>
					<height>538</height>
					<control type="image">
						<posx>0</posx>
						<posy>0</posy>
						<width>183</width>
						<height>269</height>
						<aspectratio align="center" scalediffuse="false">keep</aspectratio>
						<texture diffuse="dvdbox-diffuse.png" /> 
						<info>Container(50).ListItem(0).ActualIcon</info>
						<visible>IsEmpty(Container(50).ListItem(0).Thumb)</visible>
					</control>
					<control type="image">
						<posx>0</posx>
						<posy>0</posy>
						<width>183</width>
						<height>269</height>
						<aspectratio align="center" scalediffuse="false">scale</aspectratio>
						<texture diffuse="dvdbox-diffuse.png" /> 
						<info>Container(50).ListItem(0).Thumb</info>
						<visible>!IsEmpty(Container(50).ListItem(0).Thumb)</visible>
					</control>
					<control type="image">
						<posx>0</posx>
						<posy>0</posy>
						<width>183</width>
						<height>269</height>
						<texture>overlays\dvd\$INFO[Container(50).ListItem(0).Overlay]</texture>
						<visible>!Skin.HasSetting(Disable_Unwatched_Overlay)</visible>
					</control>
					<control type="image">
						<posx>0</posx>
						<posy>0</posy>
						<width>183</width>
						<height>269</height>
						<texture>dvdbox-overlay.png</texture>
					</control>
					<control type="image">
						<posx>0</posx>
						<posy>269</posy>
						<width>183</width>
						<height>269</height>
						<aspectratio align="center" scalediffuse="false">keep</aspectratio>
						<texture flipy="true" diffuse="dvdbox-reflect-diffuse.png" /> 
						<info>Container(50).ListItem(0).ActualIcon</info>
						<visible>IsEmpty(Container(50).ListItem(0).Thumb)</visible>
					</control>
					<control type="image">
						<posx>0</posx>
						<posy>269</posy>
						<width>183</width>
						<height>269</height>
						<aspectratio align="center" scalediffuse="false">scale</aspectratio>
						<texture flipy="true" diffuse="dvdbox-reflect-diffuse.png" /> 
						<info>Container(50).ListItem(0).Thumb</info>
						<visible>!IsEmpty(Container(50).ListItem(0).Thumb)</visible>
					</control>
					<control type="image">
						<posx>0</posx>
						<posy>269</posy>
						<width>183</width>
						<height>269</height>
						<texture flipy="true" diffuse="dvdbox-reflect-diffuse.png">dvdbox-overlay.png</texture>
					</control>
				</control>
				
				<!-- Icon 5 -->
				<control type="group">
					<posx>131</posx>
					<posy>22</posy>
					<width>152</width>
					<height>448</height>
					<visible>!IsEmpty(Container(50).ListItemNoWrap(1).Label)</visible>
					<control type="image">
						<posx>0</posx>
						<posy>0</posy>
						<width>152</width>
						<height>224</height>
						<aspectratio align="center" scalediffuse="false">keep</aspectratio>
						<texture diffuse="dvdbox-diffuse.png" /> 
						<info>Container(50).ListItem(1).ActualIcon</info>
						<visible>IsEmpty(Container(50).ListItem(1).Thumb)</visible>
					</control>
					<control type="image">
						<posx>0</posx>
						<posy>0</posy>
						<width>152</width>
						<height>224</height>
						<aspectratio align="center" scalediffuse="false">scale</aspectratio>
						<texture diffuse="dvdbox-diffuse.png" /> 
						<info>Container(50).ListItem(1).Thumb</info>
						<visible>!IsEmpty(Container(50).ListItem(1).Thumb)</visible>
					</control>
					<control type="image">
						<posx>0</posx>
						<posy>0</posy>
						<width>152</width>
						<height>224</height>
						<texture>$INFO[Container(50).ListItem(1).Overlay]</texture>
					</control>
					<control type="image">
						<posx>0</posx>
						<posy>0</posy>
						<width>152</width>
						<height>224</height>
						<texture>overlays\dvd\$INFO[Container(50).ListItem(1).Overlay]</texture>
						<visible>!Skin.HasSetting(Disable_Unwatched_Overlay)</visible>
					</control>
					<control type="image">
						<posx>0</posx>
						<posy>0</posy>
						<width>152</width>
						<height>224</height>
						<texture>dvdbox-overlay.png</texture>
					</control>
					<control type="image">
						<posx>0</posx>
						<posy>224</posy>
						<width>152</width>
						<height>224</height>
						<aspectratio align="center" scalediffuse="false">keep</aspectratio>
						<texture flipy="true" diffuse="dvdbox-reflect-diffuse.png" /> 
						<info>Container(50).ListItem(1).ActualIcon</info>
						<visible>IsEmpty(Container(50).ListItem(1).Thumb)</visible>
					</control>
					<control type="image">
						<posx>0</posx>
						<posy>224</posy>
						<width>152</width>
						<height>224</height>
						<aspectratio align="center" scalediffuse="false">scale</aspectratio>
						<texture flipy="true" diffuse="dvdbox-reflect-diffuse.png" /> 
						<info>Container(50).ListItem(1).Thumb</info>
						<visible>!IsEmpty(Container(50).ListItem(1).Thumb)</visible>
					</control>
					<control type="image">
						<posx>0</posx>
						<posy>224</posy>
						<width>152</width>
						<height>224</height>
						<texture flipy="true" diffuse="dvdbox-reflect-diffuse.png">dvdbox-overlay.png</texture>
					</control>
				</control>

				<!-- Icon 6 -->
				<control type="group">
					<posx>322</posx>
					<posy>38</posy>
					<width>131</width>
					<height>384</height>
					<visible>!IsEmpty(Container(50).ListItemNoWrap(2).Label)</visible>
					<control type="image">
						<posx>0</posx>
						<posy>0</posy>
						<width>131</width>
						<height>192</height>
						<aspectratio align="center" scalediffuse="false">keep</aspectratio>
						<texture diffuse="dvdbox-diffuse.png" /> 
						<info>Container(50).ListItem(2).ActualIcon</info>
						<visible>IsEmpty(Container(50).ListItem(2).Thumb)</visible>
					</control>
					<control type="image">
						<posx>0</posx>
						<posy>0</posy>
						<width>131</width>
						<height>192</height>
						<aspectratio align="center" scalediffuse="false">scale</aspectratio>
						<texture diffuse="dvdbox-diffuse.png" /> 
						<info>Container(50).ListItem(2).Thumb</info>
						<visible>!IsEmpty(Container(50).ListItem(2).Thumb)</visible>
					</control>
					<control type="image">
						<posx>0</posx>
						<posy>0</posy>
						<width>131</width>
						<height>192</height>
						<texture>overlays\dvd\$INFO[Container(50).ListItem(2).Overlay]</texture>
						<visible>!Skin.HasSetting(Disable_Unwatched_Overlay)</visible>
					</control>
					<control type="image">
						<posx>0</posx>
						<posy>0</posy>
						<width>131</width>
						<height>192</height>
						<texture>dvdbox-overlay.png</texture>
					</control>
					<control type="image">
						<posx>0</posx>
						<posy>192</posy>
						<width>131</width>
						<height>192</height>
						<aspectratio align="center" scalediffuse="false">keep</aspectratio>
						<texture flipy="true" diffuse="dvdbox-reflect-diffuse.png" /> 
						<info>Container(50).ListItem(2).ActualIcon</info>
						<visible>IsEmpty(Container(50).ListItem(2).Thumb)</visible>
					</control>
					<control type="image">
						<posx>0</posx>
						<posy>192</posy>
						<width>131</width>
						<height>192</height>
						<aspectratio align="center" scalediffuse="false">scale</aspectratio>
						<texture flipy="true" diffuse="dvdbox-reflect-diffuse.png" /> 
						<info>Container(50).ListItem(2).Thumb</info>
						<visible>!IsEmpty(Container(50).ListItem(2).Thumb)</visible>
					</control>
					<control type="image">
						<posx>0</posx>
						<posy>192</posy>
						<width>131</width>
						<height>192</height>
						<texture flipy="true" diffuse="dvdbox-reflect-diffuse.png">dvdbox-overlay.png</texture>
					</control>
				</control>

				<!-- Icon 7 -->
				<control type="group">
					<posx>492</posx>
					<posy>54</posy>
					<width>109</width>
					<height>320</height>
					<visible>!IsEmpty(Container(50).ListItemNoWrap(3).Label)</visible>
					<control type="image">
						<posx>0</posx>
						<posy>0</posy>
						<width>109</width>
						<height>160</height>
						<aspectratio align="center" scalediffuse="false">keep</aspectratio>
						<texture diffuse="dvdbox-diffuse.png" /> 
						<info>Container(50).ListItem(3).ActualIcon</info>
						<visible>IsEmpty(Container(50).ListItem(3).Thumb)</visible>
					</control>
					<control type="image">
						<posx>0</posx>
						<posy>0</posy>
						<width>109</width>
						<height>160</height>
						<aspectratio align="center" scalediffuse="false">scale</aspectratio>
						<texture diffuse="dvdbox-diffuse.png" /> 
						<info>Container(50).ListItem(3).Thumb</info>
						<visible>!IsEmpty(Container(50).ListItem(3).Thumb)</visible>
					</control>
					<control type="image">
						<posx>0</posx>
						<posy>0</posy>
						<width>109</width>
						<height>160</height>
						<texture>overlays\dvd\$INFO[Container(50).ListItem(3).Overlay]</texture>
						<visible>!Skin.HasSetting(Disable_Unwatched_Overlay)</visible>
					</control>
					<control type="image">
						<posx>0</posx>
						<posy>0</posy>
						<width>109</width>
						<height>160</height>
						<texture>dvdbox-overlay.png</texture>
					</control>
					<control type="image">
						<posx>0</posx>
						<posy>160</posy>
						<width>109</width>
						<height>160</height>
						<aspectratio align="center" scalediffuse="false">keep</aspectratio>
						<texture flipy="true" diffuse="dvdbox-reflect-diffuse.png" /> 
						<info>Container(50).ListItem(3).ActualIcon</info>
						<visible>IsEmpty(Container(50).ListItem(3).Thumb)</visible>
					</control>
					<control type="image">
						<posx>0</posx>
						<posy>160</posy>
						<width>109</width>
						<height>160</height>
						<aspectratio align="center" scalediffuse="false">scale</aspectratio>
						<texture flipy="true" diffuse="dvdbox-reflect-diffuse.png" /> 
						<info>Container(50).ListItem(3).Thumb</info>
						<visible>!IsEmpty(Container(50).ListItem(3).Thumb)</visible>
					</control>
					<control type="image">
						<posx>0</posx>
						<posy>160</posy>
						<width>109</width>
						<height>160</height>
						<texture flipy="true" diffuse="dvdbox-reflect-diffuse.png">dvdbox-overlay.png</texture>
					</control>
				</control>
				
			</control>
			
		</control>

		<!-- Show Case View Wide Icons -->
		<control type="group">

			<posx>0</posx>
			<posy>0</posy>
			<visible>Control.IsVisible(50)</visible>
			<visible>Container.Content(Episodes) | Container.Content(MusicVideos)</visible>
			
			<!-- Show Case View Wide Icons - Counter Clockwise Mothion -->
			<control type="group" id="25001">

				<visible>Container(50).OnPrevious</visible>
				<animation effect="slide" end="0,0" time="250" reversible="false">Hidden</animation>

				<!-- Show Far Left Icon On Move Previous -->
				<control type="group">
					<visible>Container(50).OnPrevious</visible>
					<visible>!IsEmpty(Container(50).ListItemNoWrap(-1).Label)</visible>
					<animation type="Hidden" reversible="false">
						<effect type="fade" start="0" end="100" time="250" />
						<effect type="slide" start="0,0" end="361,0" time="250" />
					</animation>
					<animation effect="fade" start="0" end="0" time="0" reversible="false">Visible</animation>
					<posx>-284</posx>
					<posy>168</posy>
					<width>284</width>
					<height>160</height>
					<control type="image">
						<posx>0</posx>
						<posy>0</posy>
						<width>284</width>
						<height>160</height>
						<aspectratio align="center" scalediffuse="false">keep</aspectratio>
						<texture diffuse="episode-diffuse.png" /> 
						<info>Container(50).ListItem(-1).ActualIcon</info>
						<visible>IsEmpty(Container(50).ListItem(-1).Thumb)</visible>
					</control>
					<control type="image">
						<posx>0</posx>
						<posy>0</posy>
						<width>284</width>
						<height>160</height>
						<aspectratio align="center" scalediffuse="false">scale</aspectratio>
						<texture diffuse="episode-diffuse.png" /> 
						<info>Container(50).ListItem(-1).Thumb</info>
						<visible>!IsEmpty(Container(50).ListItem(-1).Thumb)</visible>
					</control>
					<control type="image">
						<posx>0</posx>
						<posy>0</posy>
						<width>284</width>
						<height>160</height>
						<texture>overlays\wide\$INFO[Container(50).ListItem(-1).Overlay]</texture>
						<visible>!Skin.HasSetting(Disable_Unwatched_Overlay)</visible>
					</control>
					<control type="image">
						<posx>0</posx>
						<posy>0</posy>
						<width>284</width>
						<height>160</height>
						<texture>episode-overlay.png</texture>
					</control>
					<control type="image">
						<posx>0</posx>
						<posy>160</posy>
						<width>284</width>
						<height>160</height>
						<aspectratio align="center" scalediffuse="false">keep</aspectratio>
						<texture flipy="true" diffuse="episode-reflect-diffuse.png" /> 
						<info>Container(50).ListItem(-1).ActualIcon</info>
						<visible>IsEmpty(Container(50).ListItem(-1).Thumb)</visible>
					</control>
					<control type="image">
						<posx>0</posx>
						<posy>160</posy>
						<width>284</width>
						<height>160</height>
						<aspectratio align="center" scalediffuse="false">scale</aspectratio>
						<texture flipy="true" diffuse="episode-reflect-diffuse.png" /> 
						<info>Container(50).ListItem(-1).Thumb</info>
						<visible>!IsEmpty(Container(50).ListItem(-1).Thumb)</visible>
					</control>
					<control type="image">
						<posx>0</posx>
						<posy>160</posy>
						<width>284</width>
						<height>160</height>
						<texture flipy="true" diffuse="episode-reflect-diffuse.png">episode-overlay.png</texture>
					</control>
				</control>

				<!-- Move Icon 1 To Icon 2 Position On Move Previous -->
				<control type="group">
					<visible>Container(50).OnPrevious</visible>
					<animation effect="zoom" start="77,168,284,160" end="440,135,400,226" time="250" reversible="false">Hidden</animation>
					<posx>77</posx>
					<posy>168</posy>
					<width>284</width>
					<height>160</height>
					<control type="image">
						<posx>0</posx>
						<posy>0</posy>
						<width>284</width>
						<height>160</height>
						<aspectratio align="center" scalediffuse="false">keep</aspectratio>
						<texture diffuse="episode-diffuse.png" /> 
						<info>Container(50).ListItem(0).ActualIcon</info>
						<visible>IsEmpty(Container(50).ListItem(0).Thumb)</visible>
					</control>
					<control type="image">
						<posx>0</posx>
						<posy>0</posy>
						<width>284</width>
						<height>160</height>
						<aspectratio align="center" scalediffuse="false">scale</aspectratio>
						<texture diffuse="episode-diffuse.png" /> 
						<info>Container(50).ListItem(0).Thumb</info>
						<visible>!IsEmpty(Container(50).ListItem(0).Thumb)</visible>
					</control>
					<control type="image">
						<posx>0</posx>
						<posy>0</posy>
						<width>284</width>
						<height>160</height>
						<texture>overlays\wide\$INFO[Container(50).ListItem(0).Overlay]</texture>
						<visible>!Skin.HasSetting(Disable_Unwatched_Overlay)</visible>
					</control>
					<control type="image">
						<posx>0</posx>
						<posy>0</posy>
						<width>284</width>
						<height>160</height>
						<texture>episode-overlay.png</texture>
					</control>
					<control type="image">
						<posx>0</posx>
						<posy>160</posy>
						<width>284</width>
						<height>160</height>
						<aspectratio align="center" scalediffuse="false">keep</aspectratio>
						<texture flipy="true" diffuse="episode-reflect-diffuse.png" /> 
						<info>Container(50).ListItem(0).ActualIcon</info>
						<visible>IsEmpty(Container(50).ListItem(0).Thumb)</visible>
					</control>
					<control type="image">
						<posx>0</posx>
						<posy>160</posy>
						<width>284</width>
						<height>160</height>
						<aspectratio align="center" scalediffuse="false">scale</aspectratio>
						<texture flipy="true" diffuse="episode-reflect-diffuse.png" /> 
						<info>Container(50).ListItem(0).Thumb</info>
						<visible>!IsEmpty(Container(50).ListItem(0).Thumb)</visible>
					</control>
					<control type="image">
						<posx>0</posx>
						<posy>160</posy>
						<width>284</width>
						<height>160</height>
						<texture flipy="true" diffuse="episode-reflect-diffuse.png">episode-overlay.png</texture>
					</control>
				</control>
				
				<!-- Move Icon 2 To Icon 3 Position On Move Previous -->
				<control type="group">
					<visible>Container(50).OnPrevious</visible>
					<visible>!IsEmpty(Container(50).ListItemNoWrap(1).Label)</visible>
					<animation effect="zoom" start="440,135,400,226" end="917,168,284,160" time="250" reversible="false">Hidden</animation>
					<posx>440</posx>
					<posy>135</posy>
					<width>400</width>
					<height>226</height>
					<control type="image">
						<posx>0</posx>
						<posy>0</posy>
						<width>400</width>
						<height>226</height>
						<aspectratio align="center" scalediffuse="false">keep</aspectratio>
						<texture diffuse="episode-diffuse.png" /> 
						<info>Container(50).ListItem(1).ActualIcon</info>
						<visible>IsEmpty(Container(50).ListItem(1).Thumb)</visible>
					</control>
					<control type="image">
						<posx>0</posx>
						<posy>0</posy>
						<width>400</width>
						<height>226</height>
						<aspectratio align="center" scalediffuse="false">scale</aspectratio>
						<texture diffuse="episode-diffuse.png" /> 
						<info>Container(50).ListItem(1).Thumb</info>
						<visible>!IsEmpty(Container(50).ListItem(1).Thumb)</visible>
					</control>
					<control type="image">
						<posx>0</posx>
						<posy>0</posy>
						<width>400</width>
						<height>226</height>
						<texture>overlays\wide\$INFO[Container(50).ListItem(1).Overlay]</texture>
						<visible>!Skin.HasSetting(Disable_Unwatched_Overlay)</visible>
					</control>
					<control type="image">
						<posx>0</posx>
						<posy>0</posy>
						<width>400</width>
						<height>226</height>
						<texture>episode-overlay.png</texture>
					</control>
					<control type="image">
						<posx>0</posx>
						<posy>226</posy>
						<width>400</width>
						<height>226</height>
						<aspectratio align="center" scalediffuse="false">keep</aspectratio>
						<texture flipy="true" diffuse="episode-reflect-diffuse.png" /> 
						<info>Container(50).ListItem(1).ActualIcon</info>
						<visible>IsEmpty(Container(50).ListItem(1).Thumb)</visible>
					</control>
					<control type="image">
						<posx>0</posx>
						<posy>226</posy>
						<width>400</width>
						<height>226</height>
						<aspectratio align="center" scalediffuse="false">scale</aspectratio>
						<texture flipy="true" diffuse="episode-reflect-diffuse.png" /> 
						<info>Container(50).ListItem(1).Thumb</info>
						<visible>!IsEmpty(Container(50).ListItem(1).Thumb)</visible>
					</control>
					<control type="image">
						<posx>0</posx>
						<posy>226</posy>
						<width>400</width>
						<height>226</height>
						<texture flipy="true" diffuse="episode-reflect-diffuse.png">episode-overlay.png</texture>
					</control>
				</control>

				<!-- Hide Far Right Icon On Move Previous -->
				<control type="group">
					<visible>Container(50).OnPrevious</visible>
					<visible>!IsEmpty(Container(50).ListItemNoWrap(2).Label)</visible>
					<animation type="Hidden" reversible="false">
						<effect type="fade" start="100" end="0" time="250" />
						<effect type="slide" start="0,0" end="363,0" time="250" />
					</animation>
					<posx>917</posx>
					<posy>168</posy>
					<width>284</width>
					<height>160</height>
					<control type="image">
						<posx>0</posx>
						<posy>0</posy>
						<width>284</width>
						<height>160</height>
						<aspectratio align="center" scalediffuse="false">keep</aspectratio>
						<texture diffuse="episode-diffuse.png" /> 
						<info>Container(50).ListItem(2).ActualIcon</info>
						<visible>IsEmpty(Container(50).ListItem(2).Thumb)</visible>
					</control>
					<control type="image">
						<posx>0</posx>
						<posy>0</posy>
						<width>284</width>
						<height>160</height>
						<aspectratio align="center" scalediffuse="false">scale</aspectratio>
						<texture diffuse="episode-diffuse.png" /> 
						<info>Container(50).ListItem(2).Thumb</info>
						<visible>!IsEmpty(Container(50).ListItem(2).Thumb)</visible>
					</control>
					<control type="image">
						<posx>0</posx>
						<posy>0</posy>
						<width>284</width>
						<height>160</height>
						<texture>overlays\wide\$INFO[Container(50).ListItem(2).Overlay]</texture>
						<visible>!Skin.HasSetting(Disable_Unwatched_Overlay)</visible>
					</control>
					<control type="image">
						<posx>0</posx>
						<posy>0</posy>
						<width>284</width>
						<height>160</height>
						<texture>episode-overlay.png</texture>
					</control>
					<control type="image">
						<posx>0</posx>
						<posy>160</posy>
						<width>284</width>
						<height>160</height>
						<aspectratio align="center" scalediffuse="false">keep</aspectratio>
						<texture flipy="true" diffuse="episode-reflect-diffuse.png" /> 
						<info>Container(50).ListItem(2).ActualIcon</info>
						<visible>IsEmpty(Container(50).ListItem(2).Thumb)</visible>
					</control>
					<control type="image">
						<posx>0</posx>
						<posy>160</posy>
						<width>284</width>
						<height>160</height>
						<aspectratio align="center" scalediffuse="false">scale</aspectratio>
						<texture flipy="true" diffuse="episode-reflect-diffuse.png" /> 
						<info>Container(50).ListItem(2).Thumb</info>
						<visible>!IsEmpty(Container(50).ListItem(2).Thumb)</visible>
					</control>
					<control type="image">
						<posx>0</posx>
						<posy>160</posy>
						<width>284</width>
						<height>160</height>
						<texture flipy="true" diffuse="episode-reflect-diffuse.png">episode-overlay.png</texture>
					</control>
				</control>

			</control>

			<!-- Show Case View Wide Icons - Clockwise Mothion -->
			<control type="group" id="25002">

				<visible>Container(50).OnNext</visible>
				<animation effect="slide" end="0,0" time="250" reversible="false">Hidden</animation>

				<!-- Hide Far Left Icon On Move Next -->
				<control type="group">
					<visible>Container(50).OnNext</visible>
					<visible>!IsEmpty(Container(50).ListItemNoWrap(-2).Label)</visible>
					<animation type="Hidden" reversible="false">
						<effect type="fade" start="100" end="0" time="250" />
						<effect type="slide" start="0,0" end="-361,0" time="250" />
					</animation>
					<posx>77</posx>
					<posy>168</posy>
					<width>284</width>
					<height>160</height>
					<control type="image">
						<posx>0</posx>
						<posy>0</posy>
						<width>284</width>
						<height>160</height>
						<aspectratio align="center" scalediffuse="false">keep</aspectratio>
						<texture diffuse="episode-diffuse.png" /> 
						<info>Container(50).ListItem(-2).ActualIcon</info>
						<visible>IsEmpty(Container(50).ListItem(-2).Thumb)</visible>
					</control>
					<control type="image">
						<posx>0</posx>
						<posy>0</posy>
						<width>284</width>
						<height>160</height>
						<aspectratio align="center" scalediffuse="false">scale</aspectratio>
						<texture diffuse="episode-diffuse.png" /> 
						<info>Container(50).ListItem(-2).Thumb</info>
						<visible>!IsEmpty(Container(50).ListItem(-2).Thumb)</visible>
					</control>
					<control type="image">
						<posx>0</posx>
						<posy>0</posy>
						<width>284</width>
						<height>160</height>
						<texture>overlays\wide\$INFO[Container(50).ListItem(-2).Overlay]</texture>
						<visible>!Skin.HasSetting(Disable_Unwatched_Overlay)</visible>
					</control>
					<control type="image">
						<posx>0</posx>
						<posy>0</posy>
						<width>284</width>
						<height>160</height>
						<texture>episode-overlay.png</texture>
					</control>
					<control type="image">
						<posx>0</posx>
						<posy>160</posy>
						<width>284</width>
						<height>160</height>
						<aspectratio align="center" scalediffuse="false">keep</aspectratio>
						<texture flipy="true" diffuse="episode-reflect-diffuse.png" /> 
						<info>Container(50).ListItem(-2).ActualIcon</info>
						<visible>IsEmpty(Container(50).ListItem(-2).Thumb)</visible>
					</control>
					<control type="image">
						<posx>0</posx>
						<posy>160</posy>
						<width>284</width>
						<height>160</height>
						<aspectratio align="center" scalediffuse="false">scale</aspectratio>
						<texture flipy="true" diffuse="episode-reflect-diffuse.png" /> 
						<info>Container(50).ListItem(-2).Thumb</info>
						<visible>!IsEmpty(Container(50).ListItem(-2).Thumb)</visible>
					</control>
					<control type="image">
						<posx>0</posx>
						<posy>160</posy>
						<width>284</width>
						<height>160</height>
						<texture flipy="true" diffuse="episode-reflect-diffuse.png">episode-overlay.png</texture>
					</control>
				</control>

				<!-- Move Icon 2 To Icon 1 Position On Move Next -->
				<control type="group">
					<visible>Container(50).OnNext</visible>
					<visible>!IsEmpty(Container(50).ListItemNoWrap(-1).Label)</visible>
					<animation effect="zoom" start="440,135,400,226" end="77,168,284,160" time="250" reversible="false">Hidden</animation>
					<posx>440</posx>
					<posy>135</posy>
					<width>400</width>
					<height>226</height>
					<control type="image">
						<posx>0</posx>
						<posy>0</posy>
						<width>400</width>
						<height>226</height>
						<aspectratio align="center" scalediffuse="false">keep</aspectratio>
						<texture diffuse="episode-diffuse.png" /> 
						<info>Container(50).ListItem(-1).ActualIcon</info>
						<visible>IsEmpty(Container(50).ListItem(-1).Thumb)</visible>
					</control>
					<control type="image">
						<posx>0</posx>
						<posy>0</posy>
						<width>400</width>
						<height>226</height>
						<aspectratio align="center" scalediffuse="false">scale</aspectratio>
						<texture diffuse="episode-diffuse.png" /> 
						<info>Container(50).ListItem(-1).Thumb</info>
						<visible>!IsEmpty(Container(50).ListItem(-1).Thumb)</visible>
					</control>
					<control type="image">
						<posx>0</posx>
						<posy>0</posy>
						<width>400</width>
						<height>226</height>
						<texture>overlays\wide\$INFO[Container(50).ListItem(-1).Overlay]</texture>
						<visible>!Skin.HasSetting(Disable_Unwatched_Overlay)</visible>
					</control>
					<control type="image">
						<posx>0</posx>
						<posy>0</posy>
						<width>400</width>
						<height>226</height>
						<texture>episode-overlay.png</texture>
					</control>
					<control type="image">
						<posx>0</posx>
						<posy>226</posy>
						<width>400</width>
						<height>226</height>
						<aspectratio align="center" scalediffuse="false">keep</aspectratio>
						<texture flipy="true" diffuse="episode-reflect-diffuse.png" /> 
						<info>Container(50).ListItem(-1).ActualIcon</info>
						<visible>IsEmpty(Container(50).ListItem(-1).Thumb)</visible>
					</control>
					<control type="image">
						<posx>0</posx>
						<posy>226</posy>
						<width>400</width>
						<height>226</height>
						<aspectratio align="center" scalediffuse="false">scale</aspectratio>
						<texture flipy="true" diffuse="episode-reflect-diffuse.png" /> 
						<info>Container(50).ListItem(-1).Thumb</info>
						<visible>!IsEmpty(Container(50).ListItem(-1).Thumb)</visible>
					</control>
					<control type="image">
						<posx>0</posx>
						<posy>226</posy>
						<width>400</width>
						<height>226</height>
						<texture flipy="true" diffuse="episode-reflect-diffuse.png">episode-overlay.png</texture>
					</control>
				</control>
				
				<!-- Move Icon 3 To Icon 2 Position On Move Next -->
				<control type="group">
					<visible>Container(50).OnNext</visible>
					<visible>!IsEmpty(Container(50).ListItemNoWrap(0).Label)</visible>
					<animation effect="zoom" start="917,168,284,160" end="440,135,400,226" time="250" reversible="false">Hidden</animation>
					<posx>917</posx>
					<posy>168</posy>
					<width>284</width>
					<height>160</height>
					<control type="image">
						<posx>0</posx>
						<posy>0</posy>
						<width>284</width>
						<height>160</height>
						<aspectratio align="center" scalediffuse="false">keep</aspectratio>
						<texture diffuse="episode-diffuse.png" /> 
						<info>Container(50).ListItem(0).ActualIcon</info>
						<visible>IsEmpty(Container(50).ListItem(0).Thumb)</visible>
					</control>
					<control type="image">
						<posx>0</posx>
						<posy>0</posy>
						<width>284</width>
						<height>160</height>
						<aspectratio align="center" scalediffuse="false">scale</aspectratio>
						<texture diffuse="episode-diffuse.png" /> 
						<info>Container(50).ListItem(0).Thumb</info>
						<visible>!IsEmpty(Container(50).ListItem(0).Thumb)</visible>
					</control>
					<control type="image">
						<posx>0</posx>
						<posy>0</posy>
						<width>284</width>
						<height>160</height>
						<texture>overlays\wide\$INFO[Container(50).ListItem(0).Overlay]</texture>
						<visible>!Skin.HasSetting(Disable_Unwatched_Overlay)</visible>
					</control>
					<control type="image">
						<posx>0</posx>
						<posy>0</posy>
						<width>284</width>
						<height>160</height>
						<texture>episode-overlay.png</texture>
					</control>
					<control type="image">
						<posx>0</posx>
						<posy>160</posy>
						<width>284</width>
						<height>160</height>
						<aspectratio align="center" scalediffuse="false">keep</aspectratio>
						<texture flipy="true" diffuse="episode-reflect-diffuse.png" /> 
						<info>Container(50).ListItem(0).ActualIcon</info>
						<visible>IsEmpty(Container(50).ListItem(0).Thumb)</visible>
					</control>
					<control type="image">
						<posx>0</posx>
						<posy>160</posy>
						<width>284</width>
						<height>160</height>
						<aspectratio align="center" scalediffuse="false">scale</aspectratio>
						<texture flipy="true" diffuse="episode-reflect-diffuse.png" /> 
						<info>Container(50).ListItem(0).Thumb</info>
						<visible>!IsEmpty(Container(50).ListItem(0).Thumb)</visible>
					</control>
					<control type="image">
						<posx>0</posx>
						<posy>160</posy>
						<width>284</width>
						<height>160</height>
						<texture flipy="true" diffuse="episode-reflect-diffuse.png">episode-overlay.png</texture>
					</control>
				</control>

				<!-- Show Far Right Icon On Move Next -->
				<control type="group">
					<visible>Container(50).OnNext</visible>
					<visible>!IsEmpty(Container(50).ListItemNoWrap(1).Label)</visible>
					<animation type="Hidden" reversible="false">
						<effect type="fade" start="0" end="100" time="250" />
						<effect type="slide" start="363,0" end="0,0" time="250" />
					</animation>
					<animation effect="fade" start="0" end="0" time="0" reversible="false">Visible</animation>
					<posx>917</posx>
					<posy>168</posy>
					<width>284</width>
					<height>160</height>
					<control type="image">
						<posx>0</posx>
						<posy>0</posy>
						<width>284</width>
						<height>160</height>
						<aspectratio align="center" scalediffuse="false">keep</aspectratio>
						<texture diffuse="episode-diffuse.png" /> 
						<info>Container(50).ListItem(1).ActualIcon</info>
						<visible>IsEmpty(Container(50).ListItem(1).Thumb)</visible>
					</control>
					<control type="image">
						<posx>0</posx>
						<posy>0</posy>
						<width>284</width>
						<height>160</height>
						<aspectratio align="center" scalediffuse="false">scale</aspectratio>
						<texture diffuse="episode-diffuse.png" /> 
						<info>Container(50).ListItem(1).Thumb</info>
						<visible>!IsEmpty(Container(50).ListItem(1).Thumb)</visible>
					</control>
					<control type="image">
						<posx>0</posx>
						<posy>0</posy>
						<width>284</width>
						<height>160</height>
						<texture>overlays\wide\$INFO[Container(50).ListItem(1).Overlay]</texture>
						<visible>!Skin.HasSetting(Disable_Unwatched_Overlay)</visible>
					</control>
					<control type="image">
						<posx>0</posx>
						<posy>0</posy>
						<width>284</width>
						<height>160</height>
						<texture>episode-overlay.png</texture>
					</control>
					<control type="image">
						<posx>0</posx>
						<posy>160</posy>
						<width>284</width>
						<height>160</height>
						<aspectratio align="center" scalediffuse="false">keep</aspectratio>
						<texture flipy="true" diffuse="episode-reflect-diffuse.png" /> 
						<info>Container(50).ListItem(1).ActualIcon</info>
						<visible>IsEmpty(Container(50).ListItem(1).Thumb)</visible>
					</control>
					<control type="image">
						<posx>0</posx>
						<posy>160</posy>
						<width>284</width>
						<height>160</height>
						<aspectratio align="center" scalediffuse="false">scale</aspectratio>
						<texture flipy="true" diffuse="episode-reflect-diffuse.png" /> 
						<info>Container(50).ListItem(1).Thumb</info>
						<visible>!IsEmpty(Container(50).ListItem(1).Thumb)</visible>
					</control>
					<control type="image">
						<posx>0</posx>
						<posy>160</posy>
						<width>284</width>
						<height>160</height>
						<texture flipy="true" diffuse="episode-reflect-diffuse.png">episode-overlay.png</texture>
					</control>
				</control>

			</control>

			<!-- Show Case View Wide Static Icons -->
			<control type="group" id="25000">

				<visible>!Control.IsVisible(25001)  + !Control.IsVisible(25002)</visible>
				<animation effect="fade" time="600">WindowOpen</animation>
				<animation effect="fade" time="600">WindowClose</animation>
				
				<!-- Icon 1 -->
				<control type="group">
					<posx>77</posx>
					<posy>168</posy>
					<width>284</width>
					<height>160</height>
					<visible>!IsEmpty(Container(50).ListItemNoWrap(-1).Label)</visible>
					<control type="image">
						<posx>0</posx>
						<posy>0</posy>
						<width>284</width>
						<height>160</height>
						<aspectratio align="center" scalediffuse="false">keep</aspectratio>
						<texture diffuse="episode-diffuse.png" /> 
						<info>Container(50).ListItem(-1).ActualIcon</info>
						<visible>IsEmpty(Container(50).ListItem(-1).Thumb)</visible>
					</control>
					<control type="image">
						<posx>0</posx>
						<posy>0</posy>
						<width>284</width>
						<height>160</height>
						<aspectratio align="center" scalediffuse="false">scale</aspectratio>
						<texture diffuse="episode-diffuse.png" /> 
						<info>Container(50).ListItem(-1).Thumb</info>
						<visible>!IsEmpty(Container(50).ListItem(-1).Thumb)</visible>
					</control>
					<control type="image">
						<posx>0</posx>
						<posy>0</posy>
						<width>284</width>
						<height>160</height>
						<texture>overlays\wide\$INFO[Container(50).ListItem(-1).Overlay]</texture>
						<visible>!Skin.HasSetting(Disable_Unwatched_Overlay)</visible>
					</control>
					<control type="image">
						<posx>0</posx>
						<posy>0</posy>
						<width>284</width>
						<height>160</height>
						<texture>episode-overlay.png</texture>
					</control>
					<control type="image">
						<posx>0</posx>
						<posy>160</posy>
						<width>284</width>
						<height>160</height>
						<aspectratio align="center" scalediffuse="false">keep</aspectratio>
						<texture flipy="true" diffuse="episode-reflect-diffuse.png" /> 
						<info>Container(50).ListItem(-1).ActualIcon</info>
						<visible>IsEmpty(Container(50).ListItem(-1).Thumb)</visible>
					</control>
					<control type="image">
						<posx>0</posx>
						<posy>160</posy>
						<width>284</width>
						<height>160</height>
						<aspectratio align="center" scalediffuse="false">scale</aspectratio>
						<texture flipy="true" diffuse="episode-reflect-diffuse.png" /> 
						<info>Container(50).ListItem(-1).Thumb</info>
						<visible>!IsEmpty(Container(50).ListItem(-1).Thumb)</visible>
					</control>
					<control type="image">
						<posx>0</posx>
						<posy>160</posy>
						<width>284</width>
						<height>160</height>
						<texture flipy="true" diffuse="episode-reflect-diffuse.png">episode-overlay.png</texture>
					</control>
				</control>
				
				<!-- Icon 2 -->
				<control type="group">
					<posx>440</posx>
					<posy>135</posy>
					<width>400</width>
					<height>226</height>
					<control type="image">
						<posx>0</posx>
						<posy>0</posy>
						<width>400</width>
						<height>226</height>
						<aspectratio align="center" scalediffuse="false">keep</aspectratio>
						<texture diffuse="episode-diffuse.png" /> 
						<info>Container(50).ListItem(0).ActualIcon</info>
						<visible>IsEmpty(Container(50).ListItem(0).Thumb)</visible>
					</control>
					<control type="image">
						<posx>0</posx>
						<posy>0</posy>
						<width>400</width>
						<height>226</height>
						<aspectratio align="center" scalediffuse="false">scale</aspectratio>
						<texture diffuse="episode-diffuse.png" /> 
						<info>Container(50).ListItem(0).Thumb</info>
						<visible>!IsEmpty(Container(50).ListItem(0).Thumb)</visible>
					</control>
					<control type="image">
						<posx>0</posx>
						<posy>0</posy>
						<width>400</width>
						<height>226</height>
						<texture>overlays\wide\$INFO[Container(50).ListItem(0).Overlay]</texture>
						<visible>!Skin.HasSetting(Disable_Unwatched_Overlay)</visible>
					</control>
					<control type="image">
						<posx>0</posx>
						<posy>0</posy>
						<width>400</width>
						<height>226</height>
						<texture>episode-overlay.png</texture>
					</control>
					<control type="image">
						<posx>0</posx>
						<posy>226</posy>
						<width>400</width>
						<height>226</height>
						<aspectratio align="center" scalediffuse="false">keep</aspectratio>
						<texture flipy="true" diffuse="episode-reflect-diffuse.png" /> 
						<info>Container(50).ListItem(0).ActualIcon</info>
						<visible>IsEmpty(Container(50).ListItem(0).Thumb)</visible>
					</control>
					<control type="image">
						<posx>0</posx>
						<posy>226</posy>
						<width>400</width>
						<height>226</height>
						<aspectratio align="center" scalediffuse="false">scale</aspectratio>
						<texture flipy="true" diffuse="episode-reflect-diffuse.png" /> 
						<info>Container(50).ListItem(0).Thumb</info>
						<visible>!IsEmpty(Container(50).ListItem(0).Thumb)</visible>
					</control>
					<control type="image">
						<posx>0</posx>
						<posy>226</posy>
						<width>400</width>
						<height>226</height>
						<texture flipy="true" diffuse="episode-reflect-diffuse.png">episode-overlay.png</texture>
					</control>
				</control>

				<!-- Icon 3 -->
				<control type="group">
					<posx>917</posx>
					<posy>168</posy>
					<width>284</width>
					<height>160</height>
					<visible>!IsEmpty(Container(50).ListItemNoWrap(1).Label)</visible>
					<control type="image">
						<posx>0</posx>
						<posy>0</posy>
						<width>284</width>
						<height>160</height>
						<aspectratio align="center" scalediffuse="false">keep</aspectratio>
						<texture diffuse="episode-diffuse.png" /> 
						<info>Container(50).ListItem(1).ActualIcon</info>
						<visible>IsEmpty(Container(50).ListItem(1).Thumb)</visible>
					</control>
					<control type="image">
						<posx>0</posx>
						<posy>0</posy>
						<width>284</width>
						<height>160</height>
						<aspectratio align="center" scalediffuse="false">scale</aspectratio>
						<texture diffuse="episode-diffuse.png" /> 
						<info>Container(50).ListItem(1).Thumb</info>
						<visible>!IsEmpty(Container(50).ListItem(1).Thumb)</visible>
					</control>
					<control type="image">
						<posx>0</posx>
						<posy>0</posy>
						<width>284</width>
						<height>160</height>
						<texture>overlays\wide\$INFO[Container(50).ListItem(1).Overlay]</texture>
						<visible>!Skin.HasSetting(Disable_Unwatched_Overlay)</visible>
					</control>
					<control type="image">
						<posx>0</posx>
						<posy>0</posy>
						<width>284</width>
						<height>160</height>
						<texture>episode-overlay.png</texture>
					</control>
					<control type="image">
						<posx>0</posx>
						<posy>160</posy>
						<width>284</width>
						<height>160</height>
						<aspectratio align="center" scalediffuse="false">keep</aspectratio>
						<texture flipy="true" diffuse="episode-reflect-diffuse.png" /> 
						<info>Container(50).ListItem(1).ActualIcon</info>
						<visible>IsEmpty(Container(50).ListItem(1).Thumb)</visible>
					</control>
					<control type="image">
						<posx>0</posx>
						<posy>160</posy>
						<width>284</width>
						<height>160</height>
						<aspectratio align="center" scalediffuse="false">scale</aspectratio>
						<texture flipy="true" diffuse="episode-reflect-diffuse.png" /> 
						<info>Container(50).ListItem(1).Thumb</info>
						<visible>!IsEmpty(Container(50).ListItem(1).Thumb)</visible>
					</control>
					<control type="image">
						<posx>0</posx>
						<posy>160</posy>
						<width>284</width>
						<height>160</height>
						<texture flipy="true" diffuse="episode-reflect-diffuse.png">episode-overlay.png</texture>
					</control>
				</control>
				
			</control>
			
		</control>
		
		<control type="group">
			<visible>Control.IsVisible(50)</visible>
			<control type="image">
				<posx>63</posx>
				<posy>364</posy>
				<width>64</width>
				<height>64</height>
				<texture>menu\nav\nav_arrow_left_NF.png</texture>
				<animation effect="fade" time="600">Visible</animation>
				<visible>!Container(50).OnPrevious</visible>
			</control>
			<control type="image">
				<posx>63</posx>
				<posy>364</posy>
				<width>64</width>
				<height>64</height>
				<texture>menu\nav\nav_arrow_left_FO.png</texture>
				<animation type="Hidden">
					<effect type="slide" start="-10" end="0" center="auto" time="300" reversible="false" />
					<effect type="fade" start="100" end="0" time="300" reversible="false" />
				</animation>
				<visible>Container(50).OnPrevious</visible>
			</control>
			<control type="image">
				<posx>1154</posx>
				<posy>364</posy>
				<width>64</width>
				<height>64</height>
				<texture>menu\nav\nav_arrow_right_NF.png</texture>
				<animation effect="fade" time="600">Visible</animation>
				<visible>!Container(50).OnNext</visible>
			</control>
			<control type="image">
				<posx>1154</posx>
				<posy>364</posy>
				<width>64</width>
				<height>64</height>
				<texture>menu\nav\nav_arrow_right_FO.png</texture>
				<animation type="Hidden">
					<effect type="slide" start="10" end="0" center="auto" time="300" reversible="false" />
					<effect type="fade" start="100" end="0" time="300" reversible="false" />
				</animation>
				<visible>Container(50).OnNext</visible>
			</control>
		</control>
		
		<include>Library_Info</include>

	</include>
</includes>