<includes>
	<include name="Show_Case_Hybrid_View">
			
		<!-- Show Case Hybrid View -->
		<control type="group">

			<posx>614</posx>
			<posy>140</posy>
			<visible>Control.IsVisible(51)</visible>
			<visible>!Container.Content(Episodes) + !Container.Content(MusicVideos)</visible>
			
			<!-- Show Case Hybrid View Icons - Counter Clockwise Mothion -->
			<control type="group" id="15101">

				<visible>Container(51).OnPrevious</visible>
				<animation effect="slide" end="0,0" time="250" reversible="false">Hidden</animation>
				
				<!-- Hide Far Right Icon On Move Previous -->
				<control type="group">
					<visible>Container(51).OnPrevious</visible>
					<visible>!IsEmpty(Container(51).ListItemNoWrap(4).Label)</visible>
					<animation type="Hidden" reversible="false">
						<effect type="fade" start="100" end="0" time="250" />
						<effect type="slide" start="0" end="128" time="250" />
					</animation>
					<posx>494</posx>
					<posy>90</posy>
					<width>142</width>
					<height>418</height>
					<control type="image">
						<posx>0</posx>
						<posy>0</posy>
						<width>142</width>
						<height>209</height>
						<aspectratio align="center" scalediffuse="false">keep</aspectratio>
						<texture diffuse="dvdbox-diffuse.png" /> 
						<info>Container(51).ListItem(4).ActualIcon</info>
						<visible>IsEmpty(Container(51).ListItem(4).Thumb)</visible>
					</control>
					<control type="image">
						<posx>0</posx>
						<posy>0</posy>
						<width>142</width>
						<height>209</height>
						<aspectratio align="center" scalediffuse="false">scale</aspectratio>
						<texture diffuse="dvdbox-diffuse.png" /> 
						<info>Container(51).ListItem(4).Thumb</info>
						<visible>!IsEmpty(Container(51).ListItem(4).Thumb)</visible>
					</control>
					<control type="image">
						<posx>0</posx>
						<posy>0</posy>
						<width>142</width>
						<height>209</height>
						<texture>overlays\dvd\$INFO[Container(51).ListItem(4).Overlay]</texture>
						<visible>!Skin.HasSetting(Disable_Unwatched_Overlay)</visible>
					</control>
					<control type="image">
						<posx>0</posx>
						<posy>0</posy>
						<width>142</width>
						<height>209</height>
						<texture>dvdbox-overlay.png</texture>
					</control>
					<control type="image">
						<posx>0</posx>
						<posy>209</posy>
						<width>142</width>
						<height>209</height>
						<aspectratio align="center" scalediffuse="false">keep</aspectratio>
						<texture flipy="true" diffuse="dvdbox-reflect-diffuse.png" /> 
						<info>Container(51).ListItem(4).ActualIcon</info>
						<visible>IsEmpty(Container(51).ListItem(4).Thumb)</visible>
					</control>
					<control type="image">
						<posx>0</posx>
						<posy>209</posy>
						<width>142</width>
						<height>209</height>
						<aspectratio align="center" scalediffuse="false">scale</aspectratio>
						<texture flipy="true" diffuse="dvdbox-reflect-diffuse.png" /> 
						<info>Container(51).ListItem(4).Thumb</info>
						<visible>!IsEmpty(Container(51).ListItem(4).Thumb)</visible>
					</control>
					<control type="image">
						<posx>0</posx>
						<posy>209</posy>
						<width>142</width>
						<height>209</height>
						<texture flipy="true" diffuse="dvdbox-reflect-diffuse.png">dvdbox-overlay.png</texture>
					</control>
				</control>

				<!-- Move Icon 3 To Icon 4 Position On Move Previous -->
				<control type="group">
					<visible>Container(51).OnPrevious</visible>
					<visible>!IsEmpty(Container(51).ListItemNoWrap(3).Label)</visible>
					<animation effect="zoom" start="357,66,175,514" end="494,90,142,418" time="250" reversible="false">Hidden</animation>
					<posx>357</posx>
					<posy>66</posy>
					<width>175</width>
					<height>514</height>
					<control type="image">
						<posx>0</posx>
						<posy>0</posy>
						<width>175</width>
						<height>257</height>
						<aspectratio align="center" scalediffuse="false">keep</aspectratio>
						<texture diffuse="dvdbox-diffuse.png" /> 
						<info>Container(51).ListItem(3).ActualIcon</info>
						<visible>IsEmpty(Container(51).ListItem(3).Thumb)</visible>
					</control>
					<control type="image">
						<posx>0</posx>
						<posy>0</posy>
						<width>175</width>
						<height>257</height>
						<aspectratio align="center" scalediffuse="false">scale</aspectratio>
						<texture diffuse="dvdbox-diffuse.png" /> 
						<info>Container(51).ListItem(3).Thumb</info>
						<visible>!IsEmpty(Container(51).ListItem(3).Thumb)</visible>
					</control>
					<control type="image">
						<posx>0</posx>
						<posy>0</posy>
						<width>175</width>
						<height>257</height>
						<texture>overlays\dvd\$INFO[Container(51).ListItem(3).Overlay]</texture>
						<visible>!Skin.HasSetting(Disable_Unwatched_Overlay)</visible>
					</control>
					<control type="image">
						<posx>0</posx>
						<posy>0</posy>
						<width>175</width>
						<height>257</height>
						<texture>dvdbox-overlay.png</texture>
					</control>
					<control type="image">
						<posx>0</posx>
						<posy>257</posy>
						<width>175</width>
						<height>257</height>
						<aspectratio align="center" scalediffuse="false">keep</aspectratio>
						<texture flipy="true" diffuse="dvdbox-reflect-diffuse.png" /> 
						<info>Container(51).ListItem(3).ActualIcon</info>
						<visible>IsEmpty(Container(51).ListItem(3).Thumb)</visible>
					</control>
					<control type="image">
						<posx>0</posx>
						<posy>257</posy>
						<width>175</width>
						<height>257</height>
						<aspectratio align="center" scalediffuse="false">scale</aspectratio>
						<texture flipy="true" diffuse="dvdbox-reflect-diffuse.png" /> 
						<info>Container(51).ListItem(3).Thumb</info>
						<visible>!IsEmpty(Container(51).ListItem(3).Thumb)</visible>
					</control>
					<control type="image">
						<posx>0</posx>
						<posy>257</posy>
						<width>175</width>
						<height>257</height>
						<texture flipy="true" diffuse="dvdbox-reflect-diffuse.png">dvdbox-overlay.png</texture>
					</control>
				</control>

				<!-- Move Icon 2 To Icon 3 Position On Move Previous -->
				<control type="group">
					<visible>Container(51).OnPrevious</visible>
					<visible>!IsEmpty(Container(51).ListItemNoWrap(2).Label)</visible>
					<animation effect="zoom" start="192,37,216,632" end="357,66,175,514" time="250" reversible="false">Hidden</animation>
					<posx>192</posx>
					<posy>37</posy>
					<width>216</width>
					<height>632</height>
					<control type="image">
						<posx>0</posx>
						<posy>0</posy>
						<width>216</width>
						<height>316</height>
						<aspectratio align="center" scalediffuse="false">keep</aspectratio>
						<texture diffuse="dvdbox-diffuse.png" /> 
						<info>Container(51).ListItem(2).ActualIcon</info>
						<visible>IsEmpty(Container(51).ListItem(2).Thumb)</visible>
					</control>
					<control type="image">
						<posx>0</posx>
						<posy>0</posy>
						<width>216</width>
						<height>316</height>
						<aspectratio align="center" scalediffuse="false">scale</aspectratio>
						<texture diffuse="dvdbox-diffuse.png" /> 
						<info>Container(51).ListItem(2).Thumb</info>
						<visible>!IsEmpty(Container(51).ListItem(2).Thumb)</visible>
					</control>
					<control type="image">
						<posx>0</posx>
						<posy>0</posy>
						<width>216</width>
						<height>316</height>
						<texture>overlays\dvd\$INFO[Container(51).ListItem(2).Overlay]</texture>
						<visible>!Skin.HasSetting(Disable_Unwatched_Overlay)</visible>
					</control>
					<control type="image">
						<posx>0</posx>
						<posy>0</posy>
						<width>216</width>
						<height>316</height>
						<texture>dvdbox-overlay.png</texture>
					</control>
					<control type="image">
						<posx>0</posx>
						<posy>316</posy>
						<width>216</width>
						<height>316</height>
						<aspectratio align="center" scalediffuse="false">keep</aspectratio>
						<texture flipy="true" diffuse="dvdbox-reflect-diffuse.png" /> 
						<info>Container(51).ListItem(2).ActualIcon</info>
						<visible>IsEmpty(Container(51).ListItem(2).Thumb)</visible>
					</control>
					<control type="image">
						<posx>0</posx>
						<posy>316</posy>
						<width>216</width>
						<height>316</height>
						<aspectratio align="center" scalediffuse="false">scale</aspectratio>
						<texture flipy="true" diffuse="dvdbox-reflect-diffuse.png" /> 
						<info>Container(51).ListItem(2).Thumb</info>
						<visible>!IsEmpty(Container(51).ListItem(2).Thumb)</visible>
					</control>
					<control type="image">
						<posx>0</posx>
						<posy>316</posy>
						<width>216</width>
						<height>316</height>
						<texture flipy="true" diffuse="dvdbox-reflect-diffuse.png">dvdbox-overlay.png</texture>
					</control>
				</control>

				<!-- Move Icon 1 To Icon 2 Position On Move Previous -->
				<control type="group">
					<visible>Container(51).OnPrevious</visible>
					<visible>!IsEmpty(Container(51).ListItemNoWrap(1).Label)</visible>
					<animation effect="zoom" start="0,0,266,780" end="192,37,216,632" time="250" reversible="false">Hidden</animation>
					<posx>0</posx>
					<posy>0</posy>
					<width>266</width>
					<height>780</height>
					<control type="image">
						<posx>0</posx>
						<posy>0</posy>
						<width>266</width>
						<height>390</height>
						<aspectratio align="center" scalediffuse="false">keep</aspectratio>
						<texture diffuse="dvdbox-diffuse.png" /> 
						<info>Container(51).ListItem(1).ActualIcon</info>
						<visible>IsEmpty(Container(51).ListItem(1).Thumb)</visible>
					</control>
					<control type="image">
						<posx>0</posx>
						<posy>0</posy>
						<width>266</width>
						<height>390</height>
						<aspectratio align="center" scalediffuse="false">scale</aspectratio>
						<texture diffuse="dvdbox-diffuse.png" /> 
						<info>Container(51).ListItem(1).Thumb</info>
						<visible>!IsEmpty(Container(51).ListItem(1).Thumb)</visible>
					</control>
					<control type="image">
						<posx>0</posx>
						<posy>0</posy>
						<width>266</width>
						<height>390</height>
						<texture>overlays\dvd\$INFO[Container(51).ListItem(1).Overlay]</texture>
						<visible>!Skin.HasSetting(Disable_Unwatched_Overlay)</visible>
					</control>
					<control type="image">
						<posx>0</posx>
						<posy>0</posy>
						<width>266</width>
						<height>390</height>
						<texture>dvdbox-overlay.png</texture>
					</control>
					<control type="image">
						<posx>0</posx>
						<posy>390</posy>
						<width>266</width>
						<height>390</height>
						<aspectratio align="center" scalediffuse="false">keep</aspectratio>
						<texture flipy="true" diffuse="dvdbox-reflect-diffuse.png" /> 
						<info>Container(51).ListItem(1).ActualIcon</info>
						<visible>IsEmpty(Container(51).ListItem(1).Thumb)</visible>
					</control>
					<control type="image">
						<posx>0</posx>
						<posy>390</posy>
						<width>266</width>
						<height>390</height>
						<aspectratio align="center" scalediffuse="false">scale</aspectratio>
						<texture flipy="true" diffuse="dvdbox-reflect-diffuse.png" /> 
						<info>Container(51).ListItem(1).Thumb</info>
						<visible>!IsEmpty(Container(51).ListItem(1).Thumb)</visible>
					</control>
					<control type="image">
						<posx>0</posx>
						<posy>390</posy>
						<width>266</width>
						<height>390</height>
						<texture flipy="true" diffuse="dvdbox-reflect-diffuse.png">dvdbox-overlay.png</texture>
					</control>
				</control>
				
				<!-- Show Far Left Icon On Move Previous -->
				<control type="group">
					<visible>Container(51).OnPrevious</visible>
					<animation type="Hidden" reversible="false">
						<effect type="fade" start="0" end="100" time="250" />
						<effect type="slide" start="-128" end="0" time="250" />
					</animation>
					<animation effect="fade" start="0" end="0" time="0" reversible="false">Visible</animation>
					<posx>0</posx>
					<posy>0</posy>
					<width>266</width>
					<height>780</height>
					<control type="image">
						<posx>0</posx>
						<posy>0</posy>
						<width>266</width>
						<height>390</height>
						<aspectratio align="center" scalediffuse="false">keep</aspectratio>
						<texture diffuse="dvdbox-diffuse.png" /> 
						<info>Container(51).ListItem(0).ActualIcon</info>
						<visible>IsEmpty(Container(51).ListItem(0).Thumb)</visible>
					</control>
					<control type="image">
						<posx>0</posx>
						<posy>0</posy>
						<width>266</width>
						<height>390</height>
						<aspectratio align="center" scalediffuse="false">scale</aspectratio>
						<texture diffuse="dvdbox-diffuse.png" /> 
						<info>Container(51).ListItem(0).Thumb</info>
						<visible>!IsEmpty(Container(51).ListItem(0).Thumb)</visible>
					</control>
					<control type="image">
						<posx>0</posx>
						<posy>0</posy>
						<width>266</width>
						<height>390</height>
						<texture>overlays\dvd\$INFO[Container(51).ListItem(0).Overlay]</texture>
						<visible>!Skin.HasSetting(Disable_Unwatched_Overlay)</visible>
					</control>
					<control type="image">
						<posx>0</posx>
						<posy>0</posy>
						<width>266</width>
						<height>390</height>
						<texture>dvdbox-overlay.png</texture>
					</control>
					<control type="image">
						<posx>0</posx>
						<posy>390</posy>
						<width>266</width>
						<height>390</height>
						<aspectratio align="center" scalediffuse="false">keep</aspectratio>
						<texture flipy="true" diffuse="dvdbox-reflect-diffuse.png" /> 
						<info>Container(51).ListItem(0).ActualIcon</info>
						<visible>IsEmpty(Container(51).ListItem(0).Thumb)</visible>
					</control>
					<control type="image">
						<posx>0</posx>
						<posy>390</posy>
						<width>266</width>
						<height>390</height>
						<aspectratio align="center" scalediffuse="false">scale</aspectratio>
						<texture flipy="true" diffuse="dvdbox-reflect-diffuse.png" /> 
						<info>Container(51).ListItem(0).Thumb</info>
						<visible>!IsEmpty(Container(51).ListItem(0).Thumb)</visible>
					</control>
					<control type="image">
						<posx>0</posx>
						<posy>390</posy>
						<width>266</width>
						<height>390</height>
						<texture flipy="true" diffuse="dvdbox-reflect-diffuse.png">dvdbox-overlay.png</texture>
					</control>
				</control>
				
			</control>
			
			<!-- Show Case Hybrid View Icons - Clockwise Mothion -->
			<control type="group" id="15102">

				<visible>Container(51).OnNext</visible>
				<animation effect="slide" end="0,0" time="250" reversible="false">Hidden</animation>
				
				<!-- Show Far Right Icon On Move Next -->
				<control type="group">
					<visible>Container(51).OnNext</visible>
					<visible>!IsEmpty(Container(51).ListItemNoWrap(3).Label)</visible>
					<animation type="Hidden" reversible="false">
						<effect type="fade" start="0" end="100" time="250" />
						<effect type="slide" start="128" end="0" time="250" />
					</animation>
					<animation effect="fade" start="0" end="0" time="0" reversible="false">Visible</animation>
					<posx>494</posx>
					<posy>90</posy>
					<width>142</width>
					<height>418</height>
					<control type="image">
						<posx>0</posx>
						<posy>0</posy>
						<width>142</width>
						<height>209</height>
						<aspectratio align="center" scalediffuse="false">keep</aspectratio>
						<texture diffuse="dvdbox-diffuse.png" /> 
						<info>Container(51).ListItem(3).ActualIcon</info>
						<visible>IsEmpty(Container(51).ListItem(3).Thumb)</visible>
					</control>
					<control type="image">
						<posx>0</posx>
						<posy>0</posy>
						<width>142</width>
						<height>209</height>
						<aspectratio align="center" scalediffuse="false">scale</aspectratio>
						<texture diffuse="dvdbox-diffuse.png" /> 
						<info>Container(51).ListItem(3).Thumb</info>
						<visible>!IsEmpty(Container(51).ListItem(3).Thumb)</visible>
					</control>
					<control type="image">
						<posx>0</posx>
						<posy>0</posy>
						<width>142</width>
						<height>209</height>
						<texture>overlays\dvd\$INFO[Container(51).ListItem(3).Overlay]</texture>
						<visible>!Skin.HasSetting(Disable_Unwatched_Overlay)</visible>
					</control>
					<control type="image">
						<posx>0</posx>
						<posy>0</posy>
						<width>142</width>
						<height>209</height>
						<texture>dvdbox-overlay.png</texture>
					</control>
					<control type="image">
						<posx>0</posx>
						<posy>209</posy>
						<width>142</width>
						<height>209</height>
						<aspectratio align="center" scalediffuse="false">keep</aspectratio>
						<texture flipy="true" diffuse="dvdbox-reflect-diffuse.png" /> 
						<info>Container(51).ListItem(3).ActualIcon</info>
						<visible>IsEmpty(Container(51).ListItem(3).Thumb)</visible>
					</control>
					<control type="image">
						<posx>0</posx>
						<posy>209</posy>
						<width>142</width>
						<height>209</height>
						<aspectratio align="center" scalediffuse="false">scale</aspectratio>
						<texture flipy="true" diffuse="dvdbox-reflect-diffuse.png" /> 
						<info>Container(51).ListItem(3).Thumb</info>
						<visible>!IsEmpty(Container(51).ListItem(3).Thumb)</visible>
					</control>
					<control type="image">
						<posx>0</posx>
						<posy>209</posy>
						<width>142</width>
						<height>209</height>
						<texture flipy="true" diffuse="dvdbox-reflect-diffuse.png">dvdbox-overlay.png</texture>
					</control>
				</control>
				
				<!-- Move Icon 4 To Icon 3 Position On Move Next -->
				<control type="group">
					<visible>Container(51).OnNext</visible>
					<visible>!IsEmpty(Container(51).ListItemNoWrap(2).Label)</visible>
					<animation effect="zoom" start="494,90,142,418" end="357,66,175,514" time="250" reversible="false">Hidden</animation>
					<posx>494</posx>
					<posy>90</posy>
					<width>142</width>
					<height>418</height>
					<control type="image">
						<posx>0</posx>
						<posy>0</posy>
						<width>142</width>
						<height>209</height>
						<aspectratio align="center" scalediffuse="false">keep</aspectratio>
						<texture diffuse="dvdbox-diffuse.png" /> 
						<info>Container(51).ListItem(2).ActualIcon</info>
						<visible>IsEmpty(Container(51).ListItem(2).Thumb)</visible>
					</control>
					<control type="image">
						<posx>0</posx>
						<posy>0</posy>
						<width>142</width>
						<height>209</height>
						<aspectratio align="center" scalediffuse="false">scale</aspectratio>
						<texture diffuse="dvdbox-diffuse.png" /> 
						<info>Container(51).ListItem(2).Thumb</info>
						<visible>!IsEmpty(Container(51).ListItem(2).Thumb)</visible>
					</control>
					<control type="image">
						<posx>0</posx>
						<posy>0</posy>
						<width>142</width>
						<height>209</height>
						<texture>overlays\dvd\$INFO[Container(51).ListItem(2).Overlay]</texture>
						<visible>!Skin.HasSetting(Disable_Unwatched_Overlay)</visible>
					</control>
					<control type="image">
						<posx>0</posx>
						<posy>0</posy>
						<width>142</width>
						<height>209</height>
						<texture>dvdbox-overlay.png</texture>
					</control>
					<control type="image">
						<posx>0</posx>
						<posy>209</posy>
						<width>142</width>
						<height>209</height>
						<aspectratio align="center" scalediffuse="false">keep</aspectratio>
						<texture flipy="true" diffuse="dvdbox-reflect-diffuse.png" /> 
						<info>Container(51).ListItem(2).ActualIcon</info>
						<visible>IsEmpty(Container(51).ListItem(2).Thumb)</visible>
					</control>
					<control type="image">
						<posx>0</posx>
						<posy>209</posy>
						<width>142</width>
						<height>209</height>
						<aspectratio align="center" scalediffuse="false">scale</aspectratio>
						<texture flipy="true" diffuse="dvdbox-reflect-diffuse.png" /> 
						<info>Container(51).ListItem(2).Thumb</info>
						<visible>!IsEmpty(Container(51).ListItem(2).Thumb)</visible>
					</control>
					<control type="image">
						<posx>0</posx>
						<posy>209</posy>
						<width>142</width>
						<height>209</height>
						<texture flipy="true" diffuse="dvdbox-reflect-diffuse.png">dvdbox-overlay.png</texture>
					</control>
				</control>			

				<!-- Move Icon 3 To Icon 2 Position On Move Next -->
				<control type="group">
					<visible>Container(51).OnNext</visible>
					<visible>!IsEmpty(Container(51).ListItemNoWrap(1).Label)</visible>
					<animation effect="zoom" start="357,66,175,514" end="192,37,216,632" time="250" reversible="false">Hidden</animation>
					<posx>357</posx>
					<posy>66</posy>
					<width>175</width>
					<height>514</height>
					<control type="image">
						<posx>0</posx>
						<posy>0</posy>
						<width>175</width>
						<height>257</height>
						<aspectratio align="center" scalediffuse="false">keep</aspectratio>
						<texture diffuse="dvdbox-diffuse.png" /> 
						<info>Container(51).ListItem(1).ActualIcon</info>
						<visible>IsEmpty(Container(51).ListItem(1).Thumb)</visible>
					</control>
					<control type="image">
						<posx>0</posx>
						<posy>0</posy>
						<width>175</width>
						<height>257</height>
						<aspectratio align="center" scalediffuse="false">scale</aspectratio>
						<texture diffuse="dvdbox-diffuse.png" /> 
						<info>Container(51).ListItem(1).Thumb</info>
						<visible>!IsEmpty(Container(51).ListItem(1).Thumb)</visible>
					</control>
					<control type="image">
						<posx>0</posx>
						<posy>0</posy>
						<width>175</width>
						<height>257</height>
						<texture>overlays\dvd\$INFO[Container(51).ListItem(1).Overlay]</texture>
						<visible>!Skin.HasSetting(Disable_Unwatched_Overlay)</visible>
					</control>
					<control type="image">
						<posx>0</posx>
						<posy>0</posy>
						<width>175</width>
						<height>257</height>
						<texture>dvdbox-overlay.png</texture>
					</control>
					<control type="image">
						<posx>0</posx>
						<posy>257</posy>
						<width>175</width>
						<height>257</height>
						<aspectratio align="center" scalediffuse="false">keep</aspectratio>
						<texture flipy="true" diffuse="dvdbox-reflect-diffuse.png" /> 
						<info>Container(51).ListItem(1).ActualIcon</info>
						<visible>IsEmpty(Container(51).ListItem(1).Thumb)</visible>
					</control>
					<control type="image">
						<posx>0</posx>
						<posy>257</posy>
						<width>175</width>
						<height>257</height>
						<aspectratio align="center" scalediffuse="false">scale</aspectratio>
						<texture flipy="true" diffuse="dvdbox-reflect-diffuse.png" /> 
						<info>Container(51).ListItem(1).Thumb</info>
						<visible>!IsEmpty(Container(51).ListItem(1).Thumb)</visible>
					</control>
					<control type="image">
						<posx>0</posx>
						<posy>257</posy>
						<width>175</width>
						<height>257</height>
						<texture flipy="true" diffuse="dvdbox-reflect-diffuse.png">dvdbox-overlay.png</texture>
					</control>
				</control>
				
				<!-- Move Icon 2 To Icon 1 Position On Move Next -->
				<control type="group">
					<visible>Container(51).OnNext</visible>
					<visible>!IsEmpty(Container(51).ListItemNoWrap(0).Label)</visible>
					<animation effect="zoom" start="192,37,216,632" end="0,0,266,780" time="250" reversible="false">Hidden</animation>
					<posx>192</posx>
					<posy>37</posy>
					<width>216</width>
					<height>632</height>
					<control type="image">
						<posx>0</posx>
						<posy>0</posy>
						<width>216</width>
						<height>316</height>
						<aspectratio align="center" scalediffuse="false">keep</aspectratio>
						<texture diffuse="dvdbox-diffuse.png" /> 
						<info>Container(51).ListItem(0).ActualIcon</info>
						<visible>IsEmpty(Container(51).ListItem(0).Thumb)</visible>
					</control>
					<control type="image">
						<posx>0</posx>
						<posy>0</posy>
						<width>216</width>
						<height>316</height>
						<aspectratio align="center" scalediffuse="false">scale</aspectratio>
						<texture diffuse="dvdbox-diffuse.png" /> 
						<info>Container(51).ListItem(0).Thumb</info>
						<visible>!IsEmpty(Container(51).ListItem(0).Thumb)</visible>
					</control>
					<control type="image">
						<posx>0</posx>
						<posy>0</posy>
						<width>216</width>
						<height>316</height>
						<texture>overlays\dvd\$INFO[Container(51).ListItem(0).Overlay]</texture>
						<visible>!Skin.HasSetting(Disable_Unwatched_Overlay)</visible>
					</control>
					<control type="image">
						<posx>0</posx>
						<posy>0</posy>
						<width>216</width>
						<height>316</height>
						<texture>dvdbox-overlay.png</texture>
					</control>
					<control type="image">
						<posx>0</posx>
						<posy>316</posy>
						<width>216</width>
						<height>316</height>
						<aspectratio align="center" scalediffuse="false">keep</aspectratio>
						<texture flipy="true" diffuse="dvdbox-reflect-diffuse.png" /> 
						<info>Container(51).ListItem(0).ActualIcon</info>
						<visible>IsEmpty(Container(51).ListItem(0).Thumb)</visible>
					</control>
					<control type="image">
						<posx>0</posx>
						<posy>316</posy>
						<width>216</width>
						<height>316</height>
						<aspectratio align="center" scalediffuse="false">scale</aspectratio>
						<texture flipy="true" diffuse="dvdbox-reflect-diffuse.png" /> 
						<info>Container(51).ListItem(0).Thumb</info>
						<visible>!IsEmpty(Container(51).ListItem(0).Thumb)</visible>
					</control>
					<control type="image">
						<posx>0</posx>
						<posy>316</posy>
						<width>216</width>
						<height>316</height>
						<texture flipy="true" diffuse="dvdbox-reflect-diffuse.png">dvdbox-overlay.png</texture>
					</control>
				</control>
				
				<!-- Hide Far Left Icon On Move Next -->
				<control type="group">
					<visible>Container(51).OnNext</visible>
					<animation type="Hidden" reversible="false">
						<effect type="fade" start="100" end="0" time="250" />
						<effect type="slide" start="0" end="-128" time="250" />	
					</animation>				
					<posx>0</posx>
					<posy>0</posy>
					<width>266</width>
					<height>780</height>
					<control type="image">
						<posx>0</posx>
						<posy>0</posy>
						<width>266</width>
						<height>390</height>
						<aspectratio align="center" scalediffuse="false">keep</aspectratio>
						<texture diffuse="dvdbox-diffuse.png" /> 
						<info>Container(51).ListItem(-1).ActualIcon</info>
						<visible>IsEmpty(Container(51).ListItem(-1).Thumb)</visible>
					</control>
					<control type="image">
						<posx>0</posx>
						<posy>0</posy>
						<width>266</width>
						<height>390</height>
						<aspectratio align="center" scalediffuse="false">scale</aspectratio>
						<texture diffuse="dvdbox-diffuse.png" /> 
						<info>Container(51).ListItem(-1).Thumb</info>
						<visible>!IsEmpty(Container(51).ListItem(-1).Thumb)</visible>
					</control>
					<control type="image">
						<posx>0</posx>
						<posy>0</posy>
						<width>266</width>
						<height>390</height>
						<texture>overlays\dvd\$INFO[Container(51).ListItem(-1).Overlay]</texture>
						<visible>!Skin.HasSetting(Disable_Unwatched_Overlay)</visible>
					</control>
					<control type="image">
						<posx>0</posx>
						<posy>0</posy>
						<width>266</width>
						<height>390</height>
						<texture>dvdbox-overlay.png</texture>
					</control>
					<control type="image">
						<posx>0</posx>
						<posy>390</posy>
						<width>266</width>
						<height>390</height>
						<aspectratio align="center" scalediffuse="false">keep</aspectratio>
						<texture flipy="true" diffuse="dvdbox-reflect-diffuse.png" /> 
						<info>Container(51).ListItem(-1).ActualIcon</info>
						<visible>IsEmpty(Container(51).ListItem(-1).Thumb)</visible>
					</control>
					<control type="image">
						<posx>0</posx>
						<posy>390</posy>
						<width>266</width>
						<height>390</height>
						<aspectratio align="center" scalediffuse="false">scale</aspectratio>
						<texture flipy="true" diffuse="dvdbox-reflect-diffuse.png" /> 
						<info>Container(51).ListItem(-1).Thumb</info>
						<visible>!IsEmpty(Container(51).ListItem(-1).Thumb)</visible>
					</control>
					<control type="image">
						<posx>0</posx>
						<posy>390</posy>
						<width>266</width>
						<height>390</height>
						<texture flipy="true" diffuse="dvdbox-reflect-diffuse.png">dvdbox-overlay.png</texture>
					</control>
				</control>
				
			</control>
			
			<!-- Show Case Hybrid View Static Icons -->
			<control type="group" id="15100">

				<visible>!Control.IsVisible(15101)  + !Control.IsVisible(15102)</visible>
		
				<!-- Icon 4 -->
				<control type="group">
					<posx>494</posx>
					<posy>90</posy>
					<width>142</width>
					<height>418</height>
					<animation type="WindowOpen">
						<effect type="slide" start="-494" end="0" center="auto" time="150" delay="150" tween="elastic" easing="out" reversible="false" />
						<effect type="fade" start="0" end="100" time="150" delay="150" tween="sine" easing="out" reversible="false" />
					</animation>
					<animation type="WindowClose">
						<effect type="slide" start="0" end="-494" center="auto" time="150" tween="back" easing="in" reversible="false" />
						<effect type="fade" start="100" end="0" time="150" tween="sine" easing="in" reversible="false" />
					</animation>
					<visible>!IsEmpty(Container(51).ListItemNoWrap(3).Label)</visible>
					<control type="image">
						<posx>0</posx>
						<posy>0</posy>
						<width>142</width>
						<height>209</height>
						<aspectratio align="center" scalediffuse="false">keep</aspectratio>
						<texture diffuse="dvdbox-diffuse.png" /> 
						<info>Container(51).ListItem(3).ActualIcon</info>
						<visible>IsEmpty(Container(51).ListItem(3).Thumb)</visible>
					</control>
					<control type="image">
						<posx>0</posx>
						<posy>0</posy>
						<width>142</width>
						<height>209</height>
						<aspectratio align="center" scalediffuse="false">scale</aspectratio>
						<texture diffuse="dvdbox-diffuse.png" /> 
						<info>Container(51).ListItem(3).Thumb</info>
						<visible>!IsEmpty(Container(51).ListItem(3).Thumb)</visible>
					</control>
					<control type="image">
						<posx>0</posx>
						<posy>0</posy>
						<width>142</width>
						<height>209</height>
						<texture>overlays\dvd\$INFO[Container(51).ListItem(3).Overlay]</texture>
						<visible>!Skin.HasSetting(Disable_Unwatched_Overlay)</visible>
					</control>
					<control type="image">
						<posx>0</posx>
						<posy>0</posy>
						<width>142</width>
						<height>209</height>
						<texture>dvdbox-overlay.png</texture>
					</control>
					<control type="image">
						<posx>0</posx>
						<posy>209</posy>
						<width>142</width>
						<height>209</height>
						<aspectratio align="center" scalediffuse="false">keep</aspectratio>
						<texture flipy="true" diffuse="dvdbox-reflect-diffuse.png" /> 
						<info>Container(51).ListItem(3).ActualIcon</info>
						<visible>IsEmpty(Container(51).ListItem(3).Thumb)</visible>
					</control>
					<control type="image">
						<posx>0</posx>
						<posy>209</posy>
						<width>142</width>
						<height>209</height>
						<aspectratio align="center" scalediffuse="false">scale</aspectratio>
						<texture flipy="true" diffuse="dvdbox-reflect-diffuse.png" /> 
						<info>Container(51).ListItem(3).Thumb</info>
						<visible>!IsEmpty(Container(51).ListItem(3).Thumb)</visible>
					</control>
					<control type="image">
						<posx>0</posx>
						<posy>209</posy>
						<width>142</width>
						<height>209</height>
						<texture flipy="true" diffuse="dvdbox-reflect-diffuse.png">dvdbox-overlay.png</texture>
					</control>
				</control>
				
				<!-- Icon 3 -->
				<control type="group">
					<posx>357</posx>
					<posy>66</posy>
					<width>175</width>
					<height>514</height>
					<animation type="WindowOpen">
						<effect type="slide" start="-357" end="0" center="auto" time="150" delay="150" tween="elastic" easing="out" reversible="false" />
						<effect type="fade" start="0" end="100" time="150" delay="150" tween="sine" easing="out" reversible="false" />
					</animation>
					<animation type="WindowClose">
						<effect type="slide" start="0" end="-357" center="auto" time="150" tween="back" easing="in" reversible="false" />
						<effect type="fade" start="100" end="0" time="150" tween="sine" easing="in" reversible="false" />
					</animation>
					<visible>!IsEmpty(Container(51).ListItemNoWrap(2).Label)</visible>
					<control type="image">
						<posx>0</posx>
						<posy>0</posy>
						<width>175</width>
						<height>257</height>
						<aspectratio align="center" scalediffuse="false">keep</aspectratio>
						<texture diffuse="dvdbox-diffuse.png" /> 
						<info>Container(51).ListItem(2).ActualIcon</info>
						<visible>IsEmpty(Container(51).ListItem(2).Thumb)</visible>
					</control>
					<control type="image">
						<posx>0</posx>
						<posy>0</posy>
						<width>175</width>
						<height>257</height>
						<aspectratio align="center" scalediffuse="false">scale</aspectratio>
						<texture diffuse="dvdbox-diffuse.png" /> 
						<info>Container(51).ListItem(2).Thumb</info>
						<visible>!IsEmpty(Container(51).ListItem(2).Thumb)</visible>
					</control>
					<control type="image">
						<posx>0</posx>
						<posy>0</posy>
						<width>175</width>
						<height>257</height>
						<texture>overlays\dvd\$INFO[Container(51).ListItem(2).Overlay]</texture>
						<visible>!Skin.HasSetting(Disable_Unwatched_Overlay)</visible>
					</control>
					<control type="image">
						<posx>0</posx>
						<posy>0</posy>
						<width>175</width>
						<height>257</height>
						<texture>dvdbox-overlay.png</texture>
					</control>
					<control type="image">
						<posx>0</posx>
						<posy>257</posy>
						<width>175</width>
						<height>257</height>
						<aspectratio align="center" scalediffuse="false">keep</aspectratio>
						<texture flipy="true" diffuse="dvdbox-reflect-diffuse.png" /> 
						<info>Container(51).ListItem(2).ActualIcon</info>
						<visible>IsEmpty(Container(51).ListItem(2).Thumb)</visible>
					</control>
					<control type="image">
						<posx>0</posx>
						<posy>257</posy>
						<width>175</width>
						<height>257</height>
						<aspectratio align="center" scalediffuse="false">scale</aspectratio>
						<texture flipy="true" diffuse="dvdbox-reflect-diffuse.png" /> 
						<info>Container(51).ListItem(2).Thumb</info>
						<visible>!IsEmpty(Container(51).ListItem(2).Thumb)</visible>
					</control>
					<control type="image">
						<posx>0</posx>
						<posy>257</posy>
						<width>175</width>
						<height>257</height>
						<texture flipy="true" diffuse="dvdbox-reflect-diffuse.png">dvdbox-overlay.png</texture>
					</control>
				</control>
				
				<!-- Icon 2 -->
				<control type="group">
					<posx>192</posx>
					<posy>37</posy>
					<width>216</width>
					<height>632</height>
					<animation type="WindowOpen">
						<effect type="slide" start="-192" end="0" center="auto" time="150" delay="150" tween="elastic" easing="out" reversible="false" />
						<effect type="fade" start="0" end="100" time="150" delay="150" tween="sine" easing="out" reversible="false" />
					</animation>
					<animation type="WindowClose">
						<effect type="slide" start="0" end="-192" center="auto" time="150" tween="back" easing="in" reversible="false" />
						<effect type="fade" start="100" end="0" time="150" tween="sine" easing="in" reversible="false" />
					</animation>
					<visible>!IsEmpty(Container(51).ListItemNoWrap(1).Label)</visible>
					<control type="image">
						<posx>0</posx>
						<posy>0</posy>
						<width>216</width>
						<height>316</height>
						<aspectratio align="center" scalediffuse="false">keep</aspectratio>
						<texture diffuse="dvdbox-diffuse.png" /> 
						<info>Container(51).ListItem(1).ActualIcon</info>
						<visible>IsEmpty(Container(51).ListItem(1).Thumb)</visible>
					</control>
					<control type="image">
						<posx>0</posx>
						<posy>0</posy>
						<width>216</width>
						<height>316</height>
						<aspectratio align="center" scalediffuse="false">scale</aspectratio>
						<texture diffuse="dvdbox-diffuse.png" /> 
						<info>Container(51).ListItem(1).Thumb</info>
						<visible>!IsEmpty(Container(51).ListItem(1).Thumb)</visible>
					</control>
					<control type="image">
						<posx>0</posx>
						<posy>0</posy>
						<width>216</width>
						<height>316</height>
						<texture>overlays\dvd\$INFO[Container(51).ListItem(1).Overlay]</texture>
						<visible>!Skin.HasSetting(Disable_Unwatched_Overlay)</visible>
					</control>
					<control type="image">
						<posx>0</posx>
						<posy>0</posy>
						<width>216</width>
						<height>316</height>
						<texture>dvdbox-overlay.png</texture>
					</control>
					<control type="image">
						<posx>0</posx>
						<posy>316</posy>
						<width>216</width>
						<height>316</height>
						<aspectratio align="center" scalediffuse="false">keep</aspectratio>
						<texture flipy="true" diffuse="dvdbox-reflect-diffuse.png" /> 
						<info>Container(51).ListItem(1).ActualIcon</info>
						<visible>IsEmpty(Container(51).ListItem(1).Thumb)</visible>
					</control>
					<control type="image">
						<posx>0</posx>
						<posy>316</posy>
						<width>216</width>
						<height>316</height>
						<aspectratio align="center" scalediffuse="false">scale</aspectratio>
						<texture flipy="true" diffuse="dvdbox-reflect-diffuse.png" /> 
						<info>Container(51).ListItem(1).Thumb</info>
						<visible>!IsEmpty(Container(51).ListItem(1).Thumb)</visible>
					</control>
					<control type="image">
						<posx>0</posx>
						<posy>316</posy>
						<width>216</width>
						<height>316</height>
						<texture flipy="true" diffuse="dvdbox-reflect-diffuse.png">dvdbox-overlay.png</texture>
					</control>
				</control>
				
				<!-- Icon 1 -->
				<control type="group">
					<posx>0</posx>
					<posy>0</posy>
					<width>266</width>
					<height>780</height>
					<camera x="0" y="0" />
					<animation type="WindowOpen">
						<effect type="fade" start="0" end="100" time="150" tween="sine" easing="out" reversible="false" />
						<effect type="rotatey" start="90" end="0" center="0,0" time="150" tween="sine" easing="out" reversible="false" />
					</animation>
					<animation type="WindowClose">
						<effect type="fade" start="100" end="0" time="150" delay="150" tween="sine" easing="in" reversible="false" />
						<effect type="rotatey" start="0" end="-90" center="0,0" time="150" delay="150" tween="sine" easing="out" reversible="false" />
					</animation>
					<control type="image">
						<posx>0</posx>
						<posy>0</posy>
						<width>266</width>
						<height>390</height>
						<aspectratio align="center" scalediffuse="false">keep</aspectratio>
						<texture diffuse="dvdbox-diffuse.png" /> 
						<info>Container(51).ListItem(0).ActualIcon</info>
						<visible>IsEmpty(Container(51).ListItem(0).Thumb)</visible>
					</control>
					<control type="image">
						<posx>0</posx>
						<posy>0</posy>
						<width>266</width>
						<height>390</height>
						<aspectratio align="center" scalediffuse="false">scale</aspectratio>
						<texture diffuse="dvdbox-diffuse.png" /> 
						<info>Container(51).ListItem(0).Thumb</info>
						<visible>!IsEmpty(Container(51).ListItem(0).Thumb)</visible>
					</control>
					<control type="image">
						<posx>0</posx>
						<posy>0</posy>
						<width>266</width>
						<height>390</height>
						<texture>overlays\dvd\$INFO[Container(51).ListItem(0).Overlay]</texture>
						<visible>!Skin.HasSetting(Disable_Unwatched_Overlay)</visible>
					</control>
					<control type="image">
						<posx>0</posx>
						<posy>0</posy>
						<width>266</width>
						<height>390</height>
						<texture>dvdbox-overlay.png</texture>
					</control>
					<control type="image">
						<posx>0</posx>
						<posy>390</posy>
						<width>266</width>
						<height>390</height>
						<aspectratio align="center" scalediffuse="false">keep</aspectratio>
						<texture flipy="true" diffuse="dvdbox-reflect-diffuse.png" /> 
						<info>Container(51).ListItem(0).ActualIcon</info>
						<visible>IsEmpty(Container(51).ListItem(0).Thumb)</visible>
					</control>
					<control type="image">
						<posx>0</posx>
						<posy>390</posy>
						<width>266</width>
						<height>390</height>
						<aspectratio align="center" scalediffuse="false">scale</aspectratio>
						<texture flipy="true" diffuse="dvdbox-reflect-diffuse.png" /> 
						<info>Container(51).ListItem(0).Thumb</info>
						<visible>!IsEmpty(Container(51).ListItem(0).Thumb)</visible>
					</control>
					<control type="image">
						<posx>0</posx>
						<posy>390</posy>
						<width>266</width>
						<height>390</height>
						<texture flipy="true" diffuse="dvdbox-reflect-diffuse.png">dvdbox-overlay.png</texture>
					</control>
				</control>
		
			</control>
		
		</control>
		
		<!-- Show Case Hybrid View Wide -->
		<control type="group">

			<posx>0</posx>
			<posy>0</posy>
			<visible>Control.IsVisible(52)</visible>
			<visible>Container.Content(Episodes) | Container.Content(MusicVideos)</visible>
			
			<!-- Show Case Hybrid View Wide Icons - Counter Clockwise Mothion -->
			<control type="group" id="25101">

				<visible>Container(52).OnPrevious</visible>
				<animation effect="slide" end="0,0" time="250" reversible="false">Hidden</animation>
				
				<!-- Show Far Top Icon On Move Previous -->
				<control type="group">
					<visible>Container(52).OnPrevious</visible>
					<visible>!IsEmpty(Container(52).ListItemNoWrap(-1).Label)</visible>
					<animation type="Hidden" reversible="false">
						<effect type="fade" start="0" end="100" time="250" />
					</animation>				
					<animation effect="fade" start="0" end="0" time="0" reversible="false">Visible</animation>
					<posx>800</posx>
					<posy>188</posy>
					<width>284</width>
					<height>160</height>
					<control type="image">
						<posx>0</posx>
						<posy>0</posy>
						<width>284</width>
						<height>160</height>
						<aspectratio align="center" scalediffuse="false">keep</aspectratio>
						<texture diffuse="episode-diffuse.png" /> 
						<info>Container(52).ListItem(-1).ActualIcon</info>
						<visible>IsEmpty(Container(52).ListItem(-1).Thumb)</visible>
					</control>
					<control type="image">
						<posx>0</posx>
						<posy>0</posy>
						<width>284</width>
						<height>160</height>
						<aspectratio align="center" scalediffuse="false">scale</aspectratio>
						<texture diffuse="episode-diffuse.png" /> 
						<info>Container(52).ListItem(-1).Thumb</info>
						<visible>!IsEmpty(Container(52).ListItem(-1).Thumb)</visible>
					</control>
					<control type="image">
						<posx>0</posx>
						<posy>0</posy>
						<width>284</width>
						<height>160</height>
						<texture>overlays\wide\$INFO[Container(52).ListItem(-1).Overlay]</texture>
						<visible>!Skin.HasSetting(Disable_Unwatched_Overlay)</visible>
					</control>
					<control type="image">
						<posx>0</posx>
						<posy>0</posy>
						<width>284</width>
						<height>160</height>
						<texture>episode-overlay.png</texture>
					</control>
				</control>
				
				<!-- Hide Far Bottom Icon On Move Previous -->
				<control type="group">
					<visible>Container(52).OnPrevious</visible>
					<visible>!IsEmpty(Container(52).ListItemNoWrap(2).Label)</visible>
					<animation type="Hidden" reversible="false">
						<effect type="fade" start="0" end="100" time="250" />
					</animation>
					<posx>800</posx>
					<posy>373</posy>
					<width>284</width>
					<height>160</height>
					<control type="image">
						<posx>0</posx>
						<posy>0</posy>
						<width>284</width>
						<height>160</height>
						<aspectratio align="center" scalediffuse="false">keep</aspectratio>
						<texture diffuse="episode-diffuse.png" /> 
						<info>Container(52).ListItem(2).ActualIcon</info>
						<visible>IsEmpty(Container(52).ListItem(2).Thumb)</visible>
					</control>
					<control type="image">
						<posx>0</posx>
						<posy>0</posy>
						<width>284</width>
						<height>160</height>
						<aspectratio align="center" scalediffuse="false">scale</aspectratio>
						<texture diffuse="episode-diffuse.png" /> 
						<info>Container(52).ListItem(2).Thumb</info>
						<visible>!IsEmpty(Container(52).ListItem(2).Thumb)</visible>
					</control>
					<control type="image">
						<posx>0</posx>
						<posy>0</posy>
						<width>284</width>
						<height>160</height>
						<texture>overlays\wide\$INFO[Container(52).ListItem(2).Overlay]</texture>
						<visible>!Skin.HasSetting(Disable_Unwatched_Overlay)</visible>
					</control>
					<control type="image">
						<posx>0</posx>
						<posy>0</posy>
						<width>284</width>
						<height>160</height>
						<texture>episode-overlay.png</texture>
					</control>
				</control>			
				
				<!-- Move Icon 2 To Icon 3 Position On Move Previous -->
				<control type="group">
					<visible>Container(52).OnPrevious</visible>
					<visible>!IsEmpty(Container(52).ListItemNoWrap(1).Label)</visible>
					<animation type="Hidden" reversible="false">
						<effect type="zoom" start="742,248,400,226" end="800,474,284,160" time="125" />
						<effect type="slide" start="0,0" end="0,-100" time="125" tween="sine" easing="out" delay="125" />
					</animation>
					<posx>742</posx>
					<posy>248</posy>
					<width>400</width>
					<height>226</height>
					<control type="image">
						<posx>0</posx>
						<posy>0</posy>
						<width>400</width>
						<height>226</height>
						<aspectratio align="center" scalediffuse="false">keep</aspectratio>
						<texture diffuse="episode-diffuse.png" /> 
						<info>Container(52).ListItem(1).ActualIcon</info>
						<visible>IsEmpty(Container(52).ListItem(1).Thumb)</visible>
					</control>
					<control type="image">
						<posx>0</posx>
						<posy>0</posy>
						<width>400</width>
						<height>226</height>
						<aspectratio align="center" scalediffuse="false">scale</aspectratio>
						<texture diffuse="episode-diffuse.png" /> 
						<info>Container(52).ListItem(1).Thumb</info>
						<visible>!IsEmpty(Container(52).ListItem(1).Thumb)</visible>
					</control>
					<control type="image">
						<posx>0</posx>
						<posy>0</posy>
						<width>400</width>
						<height>226</height>
						<texture>overlays\wide\$INFO[Container(52).ListItem(1).Overlay]</texture>
						<visible>!Skin.HasSetting(Disable_Unwatched_Overlay)</visible>
					</control>
					<control type="image">
						<posx>0</posx>
						<posy>0</posy>
						<width>400</width>
						<height>226</height>
						<texture>episode-overlay.png</texture>
					</control>
				</control>

				<!-- Move Icon 1 To Icon 2 Position On Move Previous -->
				<control type="group">
					<visible>Container(52).OnPrevious</visible>
					<visible>!IsEmpty(Container(52).ListItemNoWrap(0).Label)</visible>
					<animation effect="zoom" start="800,188,284,160" end="742,248,400,226" time="250" reversible="false">Hidden</animation>
					<posx>800</posx>
					<posy>188</posy>
					<width>284</width>
					<height>160</height>
					<control type="image">
						<posx>0</posx>
						<posy>0</posy>
						<width>284</width>
						<height>160</height>
						<aspectratio align="center" scalediffuse="false">keep</aspectratio>
						<texture diffuse="episode-diffuse.png" /> 
						<info>Container(52).ListItem(0).ActualIcon</info>
						<visible>IsEmpty(Container(52).ListItem(0).Thumb)</visible>
					</control>
					<control type="image">
						<posx>0</posx>
						<posy>0</posy>
						<width>284</width>
						<height>160</height>
						<aspectratio align="center" scalediffuse="false">scale</aspectratio>
						<texture diffuse="episode-diffuse.png" /> 
						<info>Container(52).ListItem(0).Thumb</info>
						<visible>!IsEmpty(Container(52).ListItem(0).Thumb)</visible>
					</control>
					<control type="image">
						<posx>0</posx>
						<posy>0</posy>
						<width>284</width>
						<height>160</height>
						<texture>overlays\wide\$INFO[Container(52).ListItem(0).Overlay]</texture>
						<visible>!Skin.HasSetting(Disable_Unwatched_Overlay)</visible>
					</control>
					<control type="image">
						<posx>0</posx>
						<posy>0</posy>
						<width>284</width>
						<height>160</height>
						<texture>episode-overlay.png</texture>
					</control>
				</control>
				
			</control>
			
			<!-- Show Case Hybrid View Wide Icons - Clockwise Mothion -->
			<control type="group" id="25102">

				<visible>Container(52).OnNext</visible>
				<animation effect="slide" end="0,0" time="250" reversible="false">Hidden</animation>
								
				<!-- Hide Far Top Icon On Move Next -->
				<control type="group">
					<visible>Container(52).OnNext</visible>
					<visible>!IsEmpty(Container(52).ListItemNoWrap(-2).Label)</visible>
					<animation type="Hidden" reversible="false">
						<effect type="fade" start="100" end="0" time="250" />
					</animation>				
					<posx>800</posx>
					<posy>188</posy>
					<width>284</width>
					<height>160</height>
					<control type="image">
						<posx>0</posx>
						<posy>0</posy>
						<width>284</width>
						<height>160</height>
						<aspectratio align="center" scalediffuse="false">keep</aspectratio>
						<texture diffuse="episode-diffuse.png" /> 
						<info>Container(52).ListItem(-2).ActualIcon</info>
						<visible>IsEmpty(Container(52).ListItem(-2).Thumb)</visible>
					</control>
					<control type="image">
						<posx>0</posx>
						<posy>0</posy>
						<width>284</width>
						<height>160</height>
						<aspectratio align="center" scalediffuse="false">scale</aspectratio>
						<texture diffuse="episode-diffuse.png" /> 
						<info>Container(52).ListItem(-2).Thumb</info>
						<visible>!IsEmpty(Container(52).ListItem(-2).Thumb)</visible>
					</control>
					<control type="image">
						<posx>0</posx>
						<posy>0</posy>
						<width>284</width>
						<height>160</height>
						<texture>overlays\wide\$INFO[Container(52).ListItem(-2).Overlay]</texture>
						<visible>!Skin.HasSetting(Disable_Unwatched_Overlay)</visible>
					</control>
					<control type="image">
						<posx>0</posx>
						<posy>0</posy>
						<width>284</width>
						<height>160</height>
						<texture>episode-overlay.png</texture>
					</control>
				</control>
				
				<!-- Show Far Bottom Icon On Move Next -->
				<control type="group">
					<visible>Container(52).OnNext</visible>
					<visible>!IsEmpty(Container(52).ListItemNoWrap(1).Label)</visible>
					<animation type="Hidden" reversible="false">
						<effect type="fade" start="0" end="100" time="250" />
					</animation>
					<animation effect="fade" start="0" end="0" time="0" reversible="false">Visible</animation>
					<posx>800</posx>
					<posy>373</posy>
					<width>284</width>
					<height>160</height>
					<control type="image">
						<posx>0</posx>
						<posy>0</posy>
						<width>284</width>
						<height>160</height>
						<aspectratio align="center" scalediffuse="false">keep</aspectratio>
						<texture diffuse="episode-diffuse.png" /> 
						<info>Container(52).ListItem(1).ActualIcon</info>
						<visible>IsEmpty(Container(52).ListItem(1).Thumb)</visible>
					</control>
					<control type="image">
						<posx>0</posx>
						<posy>0</posy>
						<width>284</width>
						<height>160</height>
						<aspectratio align="center" scalediffuse="false">scale</aspectratio>
						<texture diffuse="episode-diffuse.png" /> 
						<info>Container(52).ListItem(1).Thumb</info>
						<visible>!IsEmpty(Container(52).ListItem(1).Thumb)</visible>
					</control>
					<control type="image">
						<posx>0</posx>
						<posy>0</posy>
						<width>284</width>
						<height>160</height>
						<texture>overlays\wide\$INFO[Container(52).ListItem(1).Overlay]</texture>
						<visible>!Skin.HasSetting(Disable_Unwatched_Overlay)</visible>
					</control>
					<control type="image">
						<posx>0</posx>
						<posy>0</posy>
						<width>284</width>
						<height>160</height>
						<texture>episode-overlay.png</texture>
					</control>
				</control>
								
				<!-- Move Icon 2 To Icon 1 Position On Move Next -->
				<control type="group">
					<visible>Container(52).OnNext</visible>
					<visible>!IsEmpty(Container(52).ListItemNoWrap(-1).Label)</visible>				
					<animation type="Hidden" reversible="false">
						<effect type="zoom" start="742,248,400,226" end="800,88,284,160" time="125" />
						<effect type="slide" start="0,0" end="0,100" time="125" tween="sine" easing="out" delay="125" />
					</animation>
					<posx>742</posx>
					<posy>248</posy>
					<width>400</width>
					<height>226</height>
					<control type="image">
						<posx>0</posx>
						<posy>0</posy>
						<width>400</width>
						<height>226</height>
						<aspectratio align="center" scalediffuse="false">keep</aspectratio>
						<texture diffuse="episode-diffuse.png" /> 
						<info>Container(52).ListItem(-1).ActualIcon</info>
						<visible>IsEmpty(Container(52).ListItem(-1).Thumb)</visible>
					</control>
					<control type="image">
						<posx>0</posx>
						<posy>0</posy>
						<width>400</width>
						<height>226</height>
						<aspectratio align="center" scalediffuse="false">scale</aspectratio>
						<texture diffuse="episode-diffuse.png" /> 
						<info>Container(52).ListItem(-1).Thumb</info>
						<visible>!IsEmpty(Container(52).ListItem(-1).Thumb)</visible>
					</control>
					<control type="image">
						<posx>0</posx>
						<posy>0</posy>
						<width>400</width>
						<height>226</height>
						<texture>overlays\wide\$INFO[Container(52).ListItem(-1).Overlay]</texture>
						<visible>!Skin.HasSetting(Disable_Unwatched_Overlay)</visible>
					</control>
					<control type="image">
						<posx>0</posx>
						<posy>0</posy>
						<width>400</width>
						<height>226</height>
						<texture>episode-overlay.png</texture>
					</control>
				</control>			
				
				<!-- Move Icon 3 To Icon 2 Position On Move Next -->
				<control type="group">
					<visible>Container(52).OnNext</visible>				
					<animation effect="zoom" start="800,373,284,160" end="742,248,400,226" time="250" reversible="false">Hidden</animation>
					<posx>800</posx>
					<posy>373</posy>
					<width>284</width>
					<height>160</height>
					<control type="image">
						<posx>0</posx>
						<posy>0</posy>
						<width>284</width>
						<height>160</height>
						<aspectratio align="center" scalediffuse="false">keep</aspectratio>
						<texture diffuse="episode-diffuse.png" /> 
						<info>Container(52).ListItem(0).ActualIcon</info>
						<visible>IsEmpty(Container(52).ListItem(0).Thumb)</visible>
					</control>
					<control type="image">
						<posx>0</posx>
						<posy>0</posy>
						<width>284</width>
						<height>160</height>
						<aspectratio align="center" scalediffuse="false">scale</aspectratio>
						<texture diffuse="episode-diffuse.png" /> 
						<info>Container(52).ListItem(0).Thumb</info>
						<visible>!IsEmpty(Container(52).ListItem(0).Thumb)</visible>
					</control>
					<control type="image">
						<posx>0</posx>
						<posy>0</posy>
						<width>284</width>
						<height>160</height>
						<texture>overlays\wide\$INFO[Container(52).ListItem(0).Overlay]</texture>
						<visible>!Skin.HasSetting(Disable_Unwatched_Overlay)</visible>
					</control>
					<control type="image">
						<posx>0</posx>
						<posy>0</posy>
						<width>284</width>
						<height>160</height>
						<texture>episode-overlay.png</texture>
					</control>
				</control>			
				
			</control>
			
			<!-- Show Case Hybrid View Wide Static Icons -->
			<control type="group" id="25100">

				<visible>!Control.IsVisible(25101)  + !Control.IsVisible(25102)</visible>
		
				<!-- Icon 1 -->
				<control type="group">
					<posx>800</posx>
					<posy>188</posy>
					<width>284</width>
					<height>160</height>
					<control type="group">
						<animation type="WindowOpen" reversible="false">
							<effect type="slide" start="0,99" end="0" center="auto" time="150" delay="150" tween="elastic" easing="out" />
							<effect type="fade" start="0" end="100" time="150" delay="150" tween="sine" easing="out" />
						</animation>
						<animation type="WindowClose" reversible="false">
							<effect type="slide" start="0" end="0,99" center="auto" time="150" tween="back" easing="in" />
							<effect type="fade" start="100" end="0" time="150" tween="sine" easing="in" />
						</animation>
						<visible>!IsEmpty(Container(52).ListItemNoWrap(-1).Label)</visible>
						<control type="image">
							<posx>0</posx>
							<posy>0</posy>
							<width>284</width>
							<height>160</height>
							<aspectratio align="center" scalediffuse="false">keep</aspectratio>
							<texture diffuse="episode-diffuse.png" /> 
							<info>Container(52).ListItem(-1).ActualIcon</info>
							<visible>IsEmpty(Container(52).ListItem(-1).Thumb)</visible>
						</control>
						<control type="image">
							<posx>0</posx>
							<posy>0</posy>
							<width>284</width>
							<height>160</height>
							<aspectratio align="center" scalediffuse="false">scale</aspectratio>
							<texture diffuse="episode-diffuse.png" /> 
							<info>Container(52).ListItem(-1).Thumb</info>
							<visible>!IsEmpty(Container(52).ListItem(-1).Thumb)</visible>
						</control>
						<control type="image">
							<posx>0</posx>
							<posy>0</posy>
							<width>284</width>
							<height>160</height>
							<texture>overlays\wide\$INFO[Container(52).ListItem(-1).Overlay]</texture>
							<visible>!Skin.HasSetting(Disable_Unwatched_Overlay)</visible>
						</control>
						<control type="image">
							<posx>0</posx>
							<posy>0</posy>
							<width>284</width>
							<height>160</height>
							<texture>episode-overlay.png</texture>
						</control>
					</control>
				</control>
				
				<!-- Icon 3 -->
				<control type="group">
					<posx>800</posx>
					<posy>373</posy>
					<width>284</width>
					<height>160</height>
					<visible>!IsEmpty(Container(52).ListItemNoWrap(1).Label)</visible>
					<control type="group">
						<animation type="WindowOpen" reversible="false">
							<effect type="slide" start="0,-99" end="0" center="auto" time="150" delay="150" tween="elastic" easing="out" />
							<effect type="fade" start="0" end="100" time="150" delay="150" tween="sine" easing="out" />
						</animation>
						<animation type="WindowClose" reversible="false">
							<effect type="slide" start="0" end="-99,0" center="auto" time="150" tween="back" easing="in" />
							<effect type="fade" start="100" end="0" time="150" tween="sine" easing="in" />
						</animation>
						<control type="image">
							<posx>0</posx>
							<posy>0</posy>
							<width>284</width>
							<height>160</height>
							<aspectratio align="center" scalediffuse="false">keep</aspectratio>
							<texture diffuse="episode-diffuse.png" /> 
							<info>Container(52).ListItem(1).ActualIcon</info>
							<visible>IsEmpty(Container(52).ListItem(1).Thumb)</visible>
						</control>
						<control type="image">
							<posx>0</posx>
							<posy>0</posy>
							<width>284</width>
							<height>160</height>
							<aspectratio align="center" scalediffuse="false">scale</aspectratio>
							<texture diffuse="episode-diffuse.png" /> 
							<info>Container(52).ListItem(1).Thumb</info>
							<visible>!IsEmpty(Container(52).ListItem(1).Thumb)</visible>
						</control>
						<control type="image">
							<posx>0</posx>
							<posy>0</posy>
							<width>284</width>
							<height>160</height>
							<texture>overlays\wide\$INFO[Container(52).ListItem(1).Overlay]</texture>
							<visible>!Skin.HasSetting(Disable_Unwatched_Overlay)</visible>
						</control>
						<control type="image">
							<posx>0</posx>
							<posy>0</posy>
							<width>284</width>
							<height>160</height>
							<texture>episode-overlay.png</texture>
						</control>
					</control>
				</control>
				
				<!-- Icon 2 -->
				<control type="group">
					<posx>742</posx>
					<posy>248</posy>
					<width>400</width>
					<height>226</height>
					<control type="group">
						<camera x="0" y="0" />
						<animation type="WindowOpen" reversible="false">
							<effect type="fade" start="0" end="100" time="150" tween="sine" easing="out" />
							<effect type="rotatey" start="90" end="0" center="0,0" time="150" tween="sine" easing="out" />
						</animation>
						<animation type="WindowClose" reversible="false">
							<effect type="fade" start="100" end="0" time="150" delay="150" tween="sine" easing="in" />
							<effect type="rotatey" start="0" end="-90" center="0,0" time="150" delay="150" tween="sine" easing="out" />
						</animation>
						<control type="image">
							<posx>0</posx>
							<posy>0</posy>
							<width>400</width>
							<height>226</height>
							<aspectratio align="center" scalediffuse="false">keep</aspectratio>
							<texture diffuse="episode-diffuse.png" /> 
							<info>Container(52).ListItem(0).ActualIcon</info>
							<visible>IsEmpty(Container(52).ListItem(0).Thumb)</visible>
						</control>
						<control type="image">
							<posx>0</posx>
							<posy>0</posy>
							<width>400</width>
							<height>226</height>
							<aspectratio align="center" scalediffuse="false">scale</aspectratio>
							<texture diffuse="episode-diffuse.png" /> 
							<info>Container(52).ListItem(0).Thumb</info>
							<visible>!IsEmpty(Container(52).ListItem(0).Thumb)</visible>
						</control>
						<control type="image">
							<posx>0</posx>
							<posy>0</posy>
							<width>400</width>
							<height>226</height>
							<texture>overlays\wide\$INFO[Container(52).ListItem(0).Overlay]</texture>
							<visible>!Skin.HasSetting(Disable_Unwatched_Overlay)</visible>
						</control>
						<control type="image">
							<posx>0</posx>
							<posy>0</posy>
							<width>400</width>
							<height>226</height>
							<texture>episode-overlay.png</texture>
						</control>
					</control>
				</control>
				
			</control>
		
		</control>
					
		<control type="list" id="51">
			<posx>614</posx>
			<posy>160</posy>
			<width>656</width>
			<height>390</height>
			<visible>!Container.Content(Episodes) + !Container.Content(MusicVideos)</visible>
			<onup>ActivateWindow(1201)</onup>
			<ondown>ActivateWindow(1201)</ondown>
			<orientation>horizontal</orientation>
			<viewtype label="50136">list</viewtype>
			<pagecontrol>-</pagecontrol>
			<scrolltime>200</scrolltime>
			<itemlayout height="390" width="164">
			</itemlayout>
			<focusedlayout height="390" width="164">
			</focusedlayout>
		</control>

		<control type="wraplist" id="52">
			<posx>614</posx>
			<posy>160</posy>
			<width>656</width>
			<height>390</height>
			<visible>Container.Content(Episodes) | Container.Content(MusicVideos)</visible>
			<onleft>ActivateWindow(1201)</onleft>
			<onright>ActivateWindow(1201)</onright>
			<onup>52</onup>
			<ondown>52</ondown>
			<viewtype label="50136">list</viewtype>
			<pagecontrol>-</pagecontrol>
			<scrolltime>200</scrolltime>
			<itemlayout height="390" width="164">
			</itemlayout>
			<focusedlayout height="390" width="164">
			</focusedlayout>
		</control>

		<control type="group">
			<visible>Control.IsVisible(51)</visible>
			<visible>!Container.Content(TVShows) + !Container.Content(Seasons) + !Container.Content(Movies)</visible>
			<control type="image">
				<posx>1079</posx>
				<posy>127</posy>
				<width>64</width>
				<height>64</height>
				<texture>menu\nav\nav_arrow_left_NF.png</texture>
				<animation effect="fade" time="600">Visible</animation>
				<visible>!Container(51).OnPrevious</visible>
			</control>
			<control type="image">
				<posx>1079</posx>
				<posy>127</posy>
				<width>64</width>
				<height>64</height>
				<texture>menu\nav\nav_arrow_left_FO.png</texture>
				<animation type="Hidden">
					<effect type="slide" start="-10" end="0" center="auto" time="300" reversible="false" />
					<effect type="fade" start="100" end="0" time="300" reversible="false" />
				</animation>
				<visible>Container(51).OnPrevious</visible>
			</control>
			<control type="image">
				<posx>1079</posx>
				<posy>480</posy>
				<width>64</width>
				<height>64</height>
				<texture>menu\nav\nav_arrow_right_NF.png</texture>
				<animation effect="fade" time="600">Visible</animation>
				<visible>!Container(51).OnNext</visible>
			</control>
			<control type="image">
				<posx>1079</posx>
				<posy>480</posy>
				<width>64</width>
				<height>64</height>
				<texture>menu\nav\nav_arrow_right_FO.png</texture>
				<animation type="Hidden">
					<effect type="slide" start="10" end="0" center="auto" time="300" reversible="false" />
					<effect type="fade" start="100" end="0" time="300" reversible="false" />
				</animation>
				<visible>Container(51).OnNext</visible>
			</control>
		</control>

		<control type="group">
			<visible>Control.IsVisible(51)</visible>
			<visible>Container.Content(TVShows) + Container.Content(Seasons) + Container.Content(Movies)</visible>
			<control type="image">
				<posx>62</posx>
				<posy>404</posy>
				<width>64</width>
				<height>64</height>
				<texture>menu\nav\nav_arrow_left_NF.png</texture>
				<animation effect="fade" time="600">Visible</animation>
				<visible>!Container(51).OnPrevious</visible>
			</control>
			<control type="image">
				<posx>62</posx>
				<posy>404</posy>
				<width>64</width>
				<height>64</height>
				<texture>menu\nav\nav_arrow_left_FO.png</texture>
				<animation type="Hidden">
					<effect type="slide" start="-10" end="0" center="auto" time="300" reversible="false" />
					<effect type="fade" start="100" end="0" time="300" reversible="false" />
				</animation>
				<visible>Container(51).OnPrevious</visible>
			</control>
			<control type="image">
				<posx>1155</posx>
				<posy>404</posy>
				<width>64</width>
				<height>64</height>
				<texture>menu\nav\nav_arrow_right_NF.png</texture>
				<animation effect="fade" time="600">Visible</animation>
				<visible>!Container(51).OnNext</visible>
			</control>
			<control type="image">
				<posx>1155</posx>
				<posy>404</posy>
				<width>64</width>
				<height>64</height>
				<texture>menu\nav\nav_arrow_right_FO.png</texture>
				<animation type="Hidden">
					<effect type="slide" start="10" end="0" center="auto" time="300" reversible="false" />
					<effect type="fade" start="100" end="0" time="300" reversible="false" />
				</animation>
				<visible>Container(51).OnNext</visible>
			</control>
		</control>
		
		<control type="group">
			<visible>Control.IsVisible(52)</visible>
			<visible>Container.Content(Episodes) | Container.Content(MusicVideos)</visible>
			<control type="image">
				<posx>1182</posx>
				<posy>226</posy>
				<width>64</width>
				<height>64</height>
				<texture>menu\nav\nav_arrow_up_NF.png</texture>
				<animation effect="fade" time="600">Visible</animation>
				<visible>!Container(52).OnPrevious</visible>
			</control>
			<control type="image">
				<posx>1182</posx>
				<posy>226</posy>
				<width>64</width>
				<height>64</height>
				<texture>menu\nav\nav_arrow_up_FO.png</texture>
				<animation type="Hidden">
					<effect type="slide" start="0,-10" end="0" center="auto" time="300" reversible="false" />
					<effect type="fade" start="100" end="0" time="300" reversible="false" />
				</animation>
				<visible>Container(52).OnPrevious</visible>
			</control>
			<control type="image">
				<posx>1182</posx>
				<posy>433</posy>
				<width>64</width>
				<height>64</height>
				<texture>menu\nav\nav_arrow_down_NF.png</texture>
				<animation effect="fade" time="600">Visible</animation>
				<visible>!Container(52).OnNext</visible>
			</control>
			<control type="image">
				<posx>1182</posx>
				<posy>433</posy>
				<width>64</width>
				<height>64</height>
				<texture>menu\nav\nav_arrow_down_FO.png</texture>
				<animation type="Hidden">
					<effect type="slide" start="0,10" end="0" center="auto" time="300" reversible="false" />
					<effect type="fade" start="100" end="0" time="300" reversible="false" />
				</animation>
				<visible>Container(52).OnNext</visible>
			</control>
		</control>
		
		<control type="group">
		
			<visible>Container.Content(Movies) | Container.Content(TVShows)</visible>
			<visible>Control.IsVisible(51) + !Window.IsActive(1201)</visible>
			<visible>!Skin.HasSetting(Disable_Icon_Labels)</visible>
			<visible>!IsEmpty(ListItem.Title)</visible>
			<animation effect="fade" time="300">Visible</animation>
			<animation effect="fade" time="300">Hidden</animation>
			<animation effect="fade" time="300">WindowOpen</animation>
			<animation effect="fade" time="300">WindowClose</animation>
			
			<control type="image">
				<posx>337</posx>
				<posy>560</posy>
				<width>605</width>
				<height>48</height>
				<texture>filter_iconlabel.png</texture>
			</control>
			
			<control type="label">
				<description>Current Selection</description>
				<posx>0</posx>
				<posy>560</posy>
				<width>1280</width>
				<height>48</height>
				<align>center</align>
				<aligny>center</aligny>
				<label>$INFO[ListItem.Title]$INFO[ListItem.Year, (,)]</label>
				<font>Selected_Item</font>
				<textcolor>TextSelectedItem</textcolor>
				<shadowcolor>TextShadow</shadowcolor>
			</control>
		
		</control>
		
		<include>Library_Info</include>
		
	</include>
</includes>