<includes>

	<include name="Library_Info">
	
		<control type="group">
			
			<!-- Show Case Views -->
		
			<control type="group">
			
				<visible>Control.IsVisible(50)</visible>

				<control type="group">
				
					<visible>Container.Content(Episodes)</visible>
	
					<posx>363</posx>
					<posy>384</posy>
					
					<control type="image">
						<posx>0</posx>
						<posy>0</posy>
						<width>553</width>
						<height>232</height>
						<texture border="10,10,10,10">menu\library\panel.png</texture>
						<colordiffuse>LibraryPanelDiffuse</colordiffuse>
					</control>
					
					<control type="group">
					
						<visible>IsEmpty(ListItem.Title)</visible>
						
						<control type="label">
							<posx>19</posx>
							<posy>0</posy>				
							<width>515</width>
							<height>232</height>
							<font>Library_Light_25</font>
							<textcolor>Text</textcolor>
							<label>[B]$INFO[ListItem.Label][/B]</label>
							<align>center</align>
							<aligny>center</aligny>
							<scroll>true</scroll>
						</control>
						
					</control>
					
					<control type="group">
					
						<visible>!IsEmpty(ListItem.Title)</visible>
											
						<control type="label">
							<description>Episode And Title</description>
							<posx>19</posx>
							<posy>10</posy>				
							<width>515</width>
							<height>35</height>
							<font>Library_Light_25</font>
							<textcolor>Text</textcolor>
							<label>[B]$INFO[ListItem.Episode,,. ][/B]$INFO[ListItem.Title]</label>
							<align>center</align>
							<scroll>true</scroll>
						</control>
				
						<control type="label">
							<description>Aired</description>
							<posx>19</posx>
							<posy>47</posy>				
							<width>515</width>
							<height>35</height>
							<font>Library_Light_20</font>
							<textcolor>Text</textcolor>
							<label>$INFO[ListItem.Date,Aired: ]</label>
							<align>center</align>
							<scroll>true</scroll>
						</control>
						
						<control type="textbox">
							<posx>19</posx>
							<posy>75</posy>				
							<width>515</width>
							<height>72</height>
							<font>Library_Normal_20</font>
							<textcolor>Text</textcolor>
							<label>$INFO[ListItem.Plot]</label>
							<align>left</align>
							<autoscroll>False</autoscroll>
						</control>
						
						<control type="image">
							<posx>19</posx>
							<posy>158</posy>
							<width>144</width>
							<height>23</height>
							<texture>$INFO[ListItem.StarRating]</texture>
						</control>
						
						<control type="label">
							<posx>500</posx>
							<posy>159</posy>				
							<width>429</width>
							<height>20</height>
							<font>Library_Normal_14</font>
							<textcolor>Text</textcolor>
							<label>$LOCALIZE[50065]</label>
							<align>right</align>
							<aligny>bottom</aligny>
						</control>
						
						<control type="image">
							<posx>510</posx>
							<posy>158</posy>
							<width>22</width>
							<height>22</height>
							<texture>menu\library\info-icon.png</texture>
						</control>
						
						<control type="grouplist">
							<posx>0</posx>
							<posy>192</posy>
							<width>553</width>
							<height>30</height>
							<itemgap>10</itemgap>
							<align>center</align>
							<orientation>horizontal</orientation>
							<include>MediaFlags</include>
						</control>
						
					</control>
					
				</control>	
				
				<control type="group">
				
					<visible>Container.Content(Seasons)</visible>
	
					<posx>398</posx>
					<posy>423</posy>
					
					<control type="image">
						<posx>0</posx>
						<posy>0</posy>
						<width>484</width>
						<height>194</height>
						<texture border="10,10,10,10">menu\library\panel.png</texture>
						<colordiffuse>LibraryPanelDiffuse</colordiffuse>
					</control>
					
					<control type="group">
					
						<visible>IsEmpty(ListItem.Title)</visible>
						
						<control type="label">
							<posx>19</posx>
							<posy>0</posy>				
							<width>446</width>
							<height>194</height>
							<font>Library_Light_25</font>
							<textcolor>Text</textcolor>
							<label>[B]$INFO[ListItem.Label][/B]</label>
							<align>center</align>
							<aligny>center</aligny>
							<scroll>true</scroll>
						</control>
						
					</control>
					
					<control type="group">
					
						<visible>!IsEmpty(ListItem.Title)</visible>
															
						<control type="label">
							<description>TV Show</description>
							<posx>19</posx>
							<posy>24</posy>				
							<width>446</width>
							<height>35</height>
							<font>Library_Light_28</font>
							<textcolor>Text</textcolor>
							<label>[B]$INFO[ListItem.TVShowTitle][/B]</label>
							<align>center</align>
							<scroll>true</scroll>
						</control>		
										
						<control type="label">
							<description>Season</description>
							<posx>19</posx>
							<posy>70</posy>				
							<width>446</width>
							<height>35</height>
							<font>Library_Normal_43</font>
							<textcolor>Text</textcolor>
							<label>[B]$INFO[ListItem.Label][/B]</label>
							<align>center</align>
							<scroll>true</scroll>
						</control>
						
						<control type="label">
							<description>Watched</description>
							<posx>19</posx>
							<posy>134</posy>				
							<width>446</width>
							<height>35</height>
							<font>Library_Normal_24</font>
							<textcolor>Text</textcolor>
							<label>$INFO[ListItem.Property(WatchedEpisodes)]$INFO[ListItem.Episode, of , EPISODES WATCHED]</label>
							<align>center</align>
							<scroll>true</scroll>
						</control>										

						<control type="grouplist">
							<posx>0</posx>
							<posy>152</posy>
							<width>553</width>
							<height>30</height>
							<itemgap>10</itemgap>
							<align>center</align>
							<orientation>horizontal</orientation>
							<include>MediaFlags</include>
						</control>
						
					</control>
					
				</control>	
				
				<control type="group">
				
					<visible>Container.Content(TVShows)</visible>
	
					<posx>398</posx>
					<posy>423</posy>
					
					<control type="image">
						<posx>0</posx>
						<posy>0</posy>
						<width>484</width>
						<height>194</height>
						<texture border="10,10,10,10">menu\library\panel.png</texture>
						<colordiffuse>LibraryPanelDiffuse</colordiffuse>
					</control>
					
					<control type="group">
					
						<visible>IsEmpty(ListItem.Title)</visible>
						
						<control type="label">
							<posx>19</posx>
							<posy>0</posy>				
							<width>446</width>
							<height>194</height>
							<font>Library_Light_25</font>
							<textcolor>Text</textcolor>
							<label>[B]$INFO[ListItem.Label][/B]</label>
							<align>center</align>
							<aligny>center</aligny>
							<scroll>true</scroll>
						</control>
						
					</control>
					
					<control type="group">
					
						<visible>!IsEmpty(ListItem.Title)</visible>
					
						<control type="image">
							<posx>170</posx>
							<posy>10</posy>
							<width>144</width>
							<height>23</height>
							<texture>$INFO[ListItem.StarRating]</texture>
						</control>
															
						<control type="label">
							<description>TV Show</description>
							<posx>19</posx>
							<posy>43</posy>				
							<width>446</width>
							<height>35</height>
							<font>Library_Light_35</font>
							<textcolor>Text</textcolor>
							<label>[B]$INFO[ListItem.TVShowTitle][/B]</label>
							<align>center</align>
							<scroll>true</scroll>
						</control>		
																
						<control type="label">
							<description>Watched</description>
							<posx>19</posx>
							<posy>100</posy>				
							<width>446</width>
							<height>35</height>
							<font>Library_Normal_22</font>
							<textcolor>Text</textcolor>
							<label>$INFO[ListItem.Property(WatchedEpisodes)]$INFO[ListItem.Episode, of , EPISODES WATCHED]</label>
							<align>center</align>
							<scroll>true</scroll>
						</control>										

						<control type="grouplist">
							<posx>0</posx>
							<posy>152</posy>
							<width>484</width>
							<height>30</height>
							<itemgap>10</itemgap>
							<align>center</align>
							<orientation>horizontal</orientation>
							<include>MediaFlags</include>
						</control>
						
					</control>
					
				</control>	
				
				<control type="group">
				
					<visible>Container.Content(Movies)</visible>
	
					<posx>398</posx>
					<posy>423</posy>
					
					<control type="image">
						<posx>0</posx>
						<posy>0</posy>
						<width>484</width>
						<height>194</height>
						<texture border="10,10,10,10">menu\library\panel.png</texture>
						<colordiffuse>LibraryPanelDiffuse</colordiffuse>
					</control>
					
					<control type="group">
					
						<visible>IsEmpty(ListItem.Title)</visible>
						
						<control type="label">
							<posx>19</posx>
							<posy>0</posy>				
							<width>446</width>
							<height>194</height>
							<font>Library_Light_25</font>
							<textcolor>Text</textcolor>
							<label>[B]$INFO[ListItem.Label][/B]</label>
							<align>center</align>
							<aligny>center</aligny>
							<scroll>true</scroll>
						</control>
						
					</control>
					
					<control type="group">
					
						<visible>!IsEmpty(ListItem.Title)</visible>
					
						<control type="image">
							<posx>170</posx>
							<posy>14</posy>
							<width>144</width>
							<height>23</height>
							<texture>$INFO[ListItem.StarRating]</texture>
						</control>
															
						<control type="label">
							<posx>19</posx>
							<posy>52</posy>				
							<width>446</width>
							<height>28</height>
							<font>Library_Light_28</font>
							<textcolor>Text</textcolor>
							<label>[B]$INFO[ListItem.Title][/B]$INFO[ListItem.Year, (,)]</label>
							<align>center</align>
							<scroll>true</scroll>
						</control>		
																
						<control type="label">
							<posx>19</posx>
							<posy>99</posy>				
							<width>446</width>
							<height>35</height>
							<font>Library_Light_20</font>
							<textcolor>Text</textcolor>
							<label>[UPPERCASE]$INFO[ListItem.Director][/UPPERCASE]</label>
							<align>center</align>
							<scroll>true</scroll>
						</control>										

						<control type="grouplist">
							<posx>0</posx>
							<posy>149</posy>
							<width>484</width>
							<height>30</height>
							<itemgap>10</itemgap>
							<align>center</align>
							<orientation>horizontal</orientation>
							<include>MediaFlags</include>
						</control>
						
					</control>
					
				</control>	
				
				<control type="group">
				
					<visible>Container.Content(MusicVideos)</visible>
	
					<posx>398</posx>
					<posy>423</posy>
					
					<control type="image">
						<posx>0</posx>
						<posy>0</posy>
						<width>484</width>
						<height>194</height>
						<texture border="10,10,10,10">menu\library\panel.png</texture>
						<colordiffuse>LibraryPanelDiffuse</colordiffuse>
					</control>
					
					<control type="group">
					
						<visible>IsEmpty(ListItem.Title)</visible>
						
						<control type="label">
							<posx>19</posx>
							<posy>0</posy>				
							<width>446</width>
							<height>194</height>
							<font>Library_Light_25</font>
							<textcolor>Text</textcolor>
							<label>[B]$INFO[ListItem.Label][/B]</label>
							<align>center</align>
							<aligny>center</aligny>
							<scroll>true</scroll>
						</control>
						
					</control>
					
					<control type="group">
					
						<visible>!IsEmpty(ListItem.Title)</visible>
																				
						<control type="label">
							<posx>19</posx>
							<posy>10</posy>				
							<width>446</width>
							<height>35</height>
							<font>Library_Light_35</font>
							<textcolor>Text</textcolor>
							<label>[B]$INFO[ListItem.Title][/B]$INFO[ListItem.Duration, - (,)]</label>
							<align>center</align>
							<scroll>true</scroll>
						</control>		
														
						<control type="label">
							<posx>19</posx>
							<posy>58</posy>				
							<width>446</width>
							<height>35</height>
							<font>Library_Light_25</font>
							<textcolor>Text</textcolor>
							<label>[B]$INFO[ListItem.Artist][/B]</label>
							<align>center</align>
							<scroll>true</scroll>
						</control>		
						
						<control type="label">
							<posx>19</posx>
							<posy>100</posy>				
							<width>446</width>
							<height>35</height>
							<font>Library_Light_25</font>
							<textcolor>Text</textcolor>
							<label>[B]$INFO[ListItem.Album][/B]$INFO[ListItem.Year, (,)]</label>
							<align>center</align>
							<scroll>true</scroll>
						</control>	

						<control type="grouplist">
							<posx>0</posx>
							<posy>146</posy>
							<width>484</width>
							<height>30</height>
							<itemgap>10</itemgap>
							<align>center</align>
							<orientation>horizontal</orientation>
							<include>MediaFlags</include>
						</control>
						
					</control>
					
				</control>
												
				<control type="group">
				
					<visible>Control.IsVisible(50)</visible>
					<visible>!Container.Content(MusicVideos) + !Container.Content(TVShows) + !Container.Content(Seasons) + !Container.Content(Movies) + !Container.Content(Episodes)</visible>
	
					<posx>363</posx>
					<posy>423</posy>
					
					<control type="image">
						<posx>0</posx>
						<posy>0</posy>
						<width>553</width>
						<height>194</height>
						<texture border="10,10,10,10">menu\library\panel.png</texture>
						<colordiffuse>LibraryPanelDiffuse</colordiffuse>
					</control>
					
					<control type="group">
					
						<visible>IsEmpty(ListItem.Title)</visible>
						
						<control type="label">
							<posx>19</posx>
							<posy>0</posy>				
							<width>515</width>
							<height>194</height>
							<font>Library_Light_25</font>
							<textcolor>Text</textcolor>
							<label>[B]$INFO[ListItem.Label][/B]</label>
							<align>center</align>
							<aligny>center</aligny>
							<scroll>true</scroll>
						</control>
						
					</control>
					
					<control type="group">
					
						<visible>!IsEmpty(ListItem.Title)</visible>
																				
						<control type="label">
							<posx>19</posx>
							<posy>15</posy>				
							<width>515</width>
							<height>35</height>
							<font>Library_Light_35</font>
							<textcolor>Text</textcolor>
							<label>[B]$INFO[ListItem.Title][/B]$INFO[ListItem.Label2, - (,)]</label>
							<align>center</align>
							<scroll>true</scroll>
						</control>		
														
						<control type="label">
							<posx>19</posx>
							<posy>63</posy>				
							<width>515</width>
							<height>35</height>
							<font>Library_Light_25</font>
							<textcolor>Text</textcolor>
							<label>[B]$INFO[ListItem.Artist][/B]</label>
							<align>center</align>
							<scroll>true</scroll>
						</control>		
						
						<control type="label">
							<posx>19</posx>
							<posy>105</posy>				
							<width>515</width>
							<height>35</height>
							<font>Library_Light_25</font>
							<textcolor>Text</textcolor>
							<label>$INFO[ListItem.Album]$INFO[ListItem.Year, (,)]</label>
							<align>center</align>
							<scroll>true</scroll>
						</control>	
						
						<control type="label">
							<posx>19</posx>
							<posy>145</posy>				
							<width>515</width>
							<height>35</height>
							<font>Library_Light_25</font>
							<textcolor>Text</textcolor>
							<label>[B]$INFO[ListItem.Genre][/B]</label>
							<align>center</align>
							<scroll>true</scroll>
						</control>		

					</control>
					
				</control>	
				
			</control>
			
			<!-- Show Case Hybrid Views -->
			
			<control type="group">
								
				<control type="group">
				
					<visible>Control.IsVisible(52)</visible>
					<visible>Container.Content(Episodes)</visible>
				
					<posx>44</posx>
					<posy>185</posy>
					
					<control type="image">
						<posx>0</posx>
						<posy>0</posy>
						<width>624</width>
						<height>352</height>
						<texture border="10,10,10,10">menu\library\panel.png</texture>
						<colordiffuse>LibraryPanelDiffuse</colordiffuse>
					</control>
					
					<control type="group">
					
						<visible>IsEmpty(ListItem.Title)</visible>
						
						<control type="label">
							<posx>19</posx>
							<posy>0</posy>				
							<width>586</width>
							<height>352</height>
							<font>Library_Light_25</font>
							<textcolor>Text</textcolor>
							<label>[B]$INFO[ListItem.Label][/B]</label>
							<align>center</align>
							<aligny>center</aligny>
							<scroll>true</scroll>
						</control>
						
					</control>
					
					<control type="group">
					
						<visible>!IsEmpty(ListItem.Title)</visible>
					
						<control type="image">
							<posx>240</posx>
							<posy>14</posy>
							<width>144</width>
							<height>23</height>
							<texture>$INFO[ListItem.StarRating]</texture>
						</control>
						
						<control type="label">
							<description>Episode And Title</description>
							<posx>19</posx>
							<posy>53</posy>				
							<width>586</width>
							<height>35</height>
							<font>Library_Light_25</font>
							<textcolor>Text</textcolor>
							<label>[B]$INFO[ListItem.Episode,,. ][/B]$INFO[ListItem.Title]</label>
							<align>center</align>
							<scroll>true</scroll>
						</control>
				
						<control type="label">
							<description>Aired</description>
							<posx>19</posx>
							<posy>99</posy>				
							<width>586</width>
							<height>35</height>
							<font>Library_Light_18</font>
							<textcolor>Text</textcolor>
							<label>$INFO[ListItem.Date,Aired: ]</label>
							<align>center</align>
							<scroll>true</scroll>
						</control>
						
						<control type="textbox">
							<posx>19</posx>
							<posy>132</posy>				
							<width>586</width>
							<height>120</height>
							<font>Library_Normal_20</font>
							<textcolor>Text</textcolor>
							<label>$INFO[ListItem.Plot]</label>
							<align>left</align>
							<autoscroll>False</autoscroll>
						</control>
						
						<control type="label">
							<posx>581</posx>
							<posy>268</posy>				
							<width>429</width>
							<height>20</height>
							<font>Library_Normal_14</font>
							<textcolor>Text</textcolor>
							<label>$LOCALIZE[50065]</label>
							<align>right</align>
							<aligny>bottom</aligny>
						</control>
						
						<control type="image">
							<posx>586</posx>
							<posy>266</posy>
							<width>22</width>
							<height>22</height>
							<texture>menu\library\info-icon.png</texture>
						</control>
						
						<control type="grouplist">
							<posx>0</posx>
							<posy>303</posy>
							<width>624</width>
							<height>30</height>
							<itemgap>10</itemgap>
							<align>center</align>
							<orientation>horizontal</orientation>
							<include>MediaFlags</include>
						</control>
						
					</control>
					
				</control>	
					
				<control type="group">
				
					<visible>Control.IsVisible(51)</visible>
					<visible>Container.Content(Movies)</visible>
				
					<posx>83</posx>
					<posy>159</posy>
					
					<control type="image">
						<posx>0</posx>
						<posy>0</posy>
						<width>484</width>
						<height>354</height>
						<texture border="10,10,10,10">menu\library\panel.png</texture>
						<colordiffuse>LibraryPanelDiffuse</colordiffuse>
					</control>
					
					<control type="group">
					
						<visible>IsEmpty(ListItem.Title)</visible>
						
						<control type="label">
							<posx>19</posx>
							<posy>0</posy>				
							<width>446</width>
							<height>354</height>
							<font>Library_Light_25</font>
							<textcolor>Text</textcolor>
							<label>[B]$INFO[ListItem.Label][/B]</label>
							<align>center</align>
							<aligny>center</aligny>
							<scroll>true</scroll>
						</control>
						
					</control>
					
					<control type="group">
					
						<visible>!IsEmpty(ListItem.Title)</visible>
					
						<control type="image">
							<posx>170</posx>
							<posy>22</posy>
							<width>144</width>
							<height>23</height>
							<texture>$INFO[ListItem.StarRating]</texture>
						</control>
						
						<control type="label">
							<description>Title And Year</description>
							<posx>19</posx>
							<posy>59</posy>				
							<width>446</width>
							<height>35</height>
							<font>Library_Light_25</font>
							<textcolor>Text</textcolor>
							<label>[B]$INFO[ListItem.Title][/B]$INFO[ListItem.Year, (,)]</label>
							<align>center</align>
							<scroll>true</scroll>
						</control>
					
						<control type="label">
							<description>Director</description>
							<posx>19</posx>
							<posy>100</posy>				
							<width>446</width>
							<height>35</height>
							<font>Library_Light_20</font>
							<textcolor>Text</textcolor>
							<label>[UPPERCASE]$INFO[ListItem.Director][/UPPERCASE]</label>
							<align>center</align>
							<scroll>true</scroll>
						</control>
						
						<control type="textbox">
							<posx>19</posx>
							<posy>132</posy>				
							<width>446</width>
							<height>120</height>
							<font>Library_Normal_20</font>
							<textcolor>Text</textcolor>
							<label>$INFO[ListItem.Plot]</label>
							<align>left</align>
							<autoscroll>False</autoscroll>
						</control>
						
						<control type="label">
							<posx>441</posx>
							<posy>269</posy>				
							<width>429</width>
							<height>20</height>
							<font>Library_Normal_14</font>
							<textcolor>Text</textcolor>
							<label>$LOCALIZE[50065]</label>
							<align>right</align>
							<aligny>bottom</aligny>
						</control>
						
						<control type="image">
							<posx>446</posx>
							<posy>267</posy>
							<width>22</width>
							<height>22</height>
							<texture>menu\library\info-icon.png</texture>
						</control>
						
						<control type="grouplist">
							<posx>0</posx>
							<posy>300</posy>
							<width>446</width>
							<height>30</height>
							<itemgap>10</itemgap>
							<align>center</align>
							<orientation>horizontal</orientation>
							<include>MediaFlags</include>
						</control>
								
					</control>

				</control>
								
				<control type="group">
				
					<visible>Control.IsVisible(51)</visible>
					<visible>Container.Content(Seasons)</visible>
	
					<posx>83</posx>
					<posy>159</posy>
					
					<control type="image">
						<posx>0</posx>
						<posy>0</posy>
						<width>484</width>
						<height>354</height>
						<texture border="10,10,10,10">menu\library\panel.png</texture>
						<colordiffuse>LibraryPanelDiffuse</colordiffuse>
					</control>
					
					<control type="group">
					
						<visible>IsEmpty(ListItem.Title)</visible>
						
						<control type="label">
							<posx>19</posx>
							<posy>0</posy>				
							<width>446</width>
							<height>354</height>
							<font>Library_Light_25</font>
							<textcolor>Text</textcolor>
							<label>[B]$INFO[ListItem.Label][/B]</label>
							<align>center</align>
							<aligny>center</aligny>
							<scroll>true</scroll>
						</control>
						
					</control>
					
					<control type="group">
					
						<visible>!IsEmpty(ListItem.Title)</visible>
															
						<control type="label">
							<description>TV Show</description>
							<posx>19</posx>
							<posy>65</posy>				
							<width>446</width>
							<height>35</height>
							<font>Library_Light_28</font>
							<textcolor>Text</textcolor>
							<label>[B]$INFO[ListItem.TVShowTitle][/B]</label>
							<align>center</align>
							<scroll>true</scroll>
						</control>		
										
						<control type="label">
							<description>Season</description>
							<posx>19</posx>
							<posy>133</posy>				
							<width>446</width>
							<height>35</height>
							<font>Library_Normal_69</font>
							<textcolor>Text</textcolor>
							<label>[B]$INFO[ListItem.Label][/B]</label>
							<align>center</align>
							<scroll>true</scroll>
						</control>
						
						<control type="label">
							<description>Watched</description>
							<posx>19</posx>
							<posy>256</posy>				
							<width>446</width>
							<height>35</height>
							<font>Library_Normal_24</font>
							<textcolor>Text</textcolor>
							<label>$INFO[ListItem.Property(WatchedEpisodes)]$INFO[ListItem.Episode, of , EPISODES WATCHED]</label>
							<align>center</align>
							<scroll>true</scroll>
						</control>										

						<control type="grouplist">
							<posx>0</posx>
							<posy>310</posy>
							<width>553</width>
							<height>30</height>
							<itemgap>10</itemgap>
							<align>center</align>
							<orientation>horizontal</orientation>
							<include>MediaFlags</include>
						</control>
						
					</control>
					
				</control>	
				
				<control type="group">
				
					<visible>Control.IsVisible(51)</visible>
					<visible>Container.Content(TVShows)</visible>
	
					<posx>83</posx>
					<posy>159</posy>
					
					<control type="image">
						<posx>0</posx>
						<posy>0</posy>
						<width>484</width>
						<height>354</height>
						<texture border="10,10,10,10">menu\library\panel.png</texture>
						<colordiffuse>LibraryPanelDiffuse</colordiffuse>
					</control>
					
					<control type="group">
					
						<visible>IsEmpty(ListItem.Title)</visible>
						
						<control type="label">
							<posx>19</posx>
							<posy>0</posy>				
							<width>446</width>
							<height>354</height>
							<font>Library_Light_25</font>
							<textcolor>Text</textcolor>
							<label>[B]$INFO[ListItem.Label][/B]</label>
							<align>center</align>
							<aligny>center</aligny>
							<scroll>true</scroll>
						</control>
						
					</control>
					
					<control type="group">
					
						<visible>!IsEmpty(ListItem.Title)</visible>
					
						<control type="image">
							<posx>170</posx>
							<posy>22</posy>
							<width>144</width>
							<height>23</height>
							<texture>$INFO[ListItem.StarRating]</texture>
						</control>
															
						<control type="label">
							<description>TV Show</description>
							<posx>19</posx>
							<posy>60</posy>				
							<width>446</width>
							<height>35</height>
							<font>Library_Light_25</font>
							<textcolor>Text</textcolor>
							<label>[B]$INFO[ListItem.TVShowTitle][/B]</label>
							<align>center</align>
							<scroll>true</scroll>
						</control>		
																
						<control type="label">
							<description>Watched</description>
							<posx>19</posx>
							<posy>110</posy>				
							<width>446</width>
							<height>35</height>
							<font>Library_Normal_18</font>
							<textcolor>Text</textcolor>
							<label>$INFO[ListItem.Property(WatchedEpisodes)]$INFO[ListItem.Episode, of , EPISODES WATCHED]</label>
							<align>center</align>
							<scroll>true</scroll>
						</control>				
						
						<control type="textbox">
							<posx>19</posx>
							<posy>144</posy>				
							<width>446</width>
							<height>98</height>
							<font>Library_Normal_20</font>
							<textcolor>Text</textcolor>
							<label>$INFO[ListItem.Plot]</label>
							<align>left</align>
							<autoscroll>False</autoscroll>
						</control>

						<control type="label">
							<posx>441</posx>
							<posy>269</posy>				
							<width>429</width>
							<height>20</height>
							<font>Library_Normal_14</font>
							<textcolor>Text</textcolor>
							<label>$LOCALIZE[50065]</label>
							<align>right</align>
							<aligny>bottom</aligny>
						</control>
						
						<control type="image">
							<posx>446</posx>
							<posy>267</posy>
							<width>22</width>
							<height>22</height>
							<texture>menu\library\info-icon.png</texture>
						</control>

						<control type="grouplist">
							<posx>0</posx>
							<posy>306</posy>
							<width>484</width>
							<height>30</height>
							<itemgap>10</itemgap>
							<align>center</align>
							<orientation>horizontal</orientation>
							<include>MediaFlags</include>
						</control>
						
					</control>
					
				</control>	
				
				<control type="group">
				
					<visible>Control.IsVisible(52)</visible>
					<visible>Container.Content(MusicVideos)</visible>
	
					<posx>44</posx>
					<posy>185</posy>
					
					<control type="image">
						<posx>0</posx>
						<posy>0</posy>
						<width>624</width>
						<height>352</height>
						<texture border="10,10,10,10">menu\library\panel.png</texture>
						<colordiffuse>LibraryPanelDiffuse</colordiffuse>
					</control>
					
					<control type="group">
					
						<visible>IsEmpty(ListItem.Title)</visible>
						
						<control type="label">
							<posx>19</posx>
							<posy>0</posy>				
							<width>586</width>
							<height>354</height>
							<font>Library_Light_25</font>
							<textcolor>Text</textcolor>
							<label>[B]$INFO[ListItem.Label][/B]</label>
							<align>center</align>
							<aligny>center</aligny>
							<scroll>true</scroll>
						</control>
						
					</control>
					
					<control type="group">
					
						<visible>!IsEmpty(ListItem.Title)</visible>
					
						<control type="label">
							<posx>19</posx>
							<posy>29</posy>				
							<width>586</width>
							<height>35</height>
							<font>Library_Light_35</font>
							<textcolor>Text</textcolor>
							<label>$INFO[ListItem.Title]$INFO[ListItem.Duration, - (,)]</label>
							<align>center</align>
							<scroll>true</scroll>
						</control>		
														
						<control type="label">
							<posx>19</posx>
							<posy>96</posy>				
							<width>586</width>
							<height>35</height>
							<font>Library_Normal_28</font>
							<textcolor>Text</textcolor>
							<label>[B]$INFO[ListItem.Artist][/B]</label>
							<align>center</align>
							<scroll>true</scroll>
						</control>		
						
						<control type="label">
							<posx>19</posx>
							<posy>152</posy>				
							<width>586</width>
							<height>35</height>
							<font>Library_Normal_28</font>
							<textcolor>Text</textcolor>
							<label>[B]$INFO[ListItem.Album][/B]$INFO[ListItem.Year, (,)]</label>
							<align>center</align>
							<scroll>true</scroll>
						</control>	
						
						<control type="label">
							<posx>19</posx>
							<posy>215</posy>				
							<width>586</width>
							<height>35</height>
							<font>Library_Light_24</font>
							<textcolor>Text</textcolor>
							<label>[B]$INFO[ListItem.Studio][/B]</label>
							<align>center</align>
							<scroll>true</scroll>
						</control>	

						<control type="label">
							<posx>581</posx>
							<posy>263</posy>				
							<width>429</width>
							<height>20</height>
							<font>Library_Normal_14</font>
							<textcolor>Text</textcolor>
							<label>$LOCALIZE[50065]</label>
							<align>right</align>
							<aligny>bottom</aligny>
						</control>
						
						<control type="image">
							<posx>586</posx>
							<posy>261</posy>
							<width>22</width>
							<height>22</height>
							<texture>menu\library\info-icon.png</texture>
						</control>

						<control type="grouplist">
							<posx>0</posx>
							<posy>303</posy>
							<width>624</width>
							<height>30</height>
							<itemgap>10</itemgap>
							<align>center</align>
							<orientation>horizontal</orientation>
							<include>MediaFlags</include>
						</control>
						
					</control>
					
				</control>	
					
				<control type="group">
				
					<visible>Control.IsVisible(51)</visible>
					<visible>!Container.Content(TVShows) + !Container.Content(Seasons) + !Container.Content(Movies)</visible>
	
					<posx>83</posx>
					<posy>159</posy>
					
					<control type="image">
						<posx>0</posx>
						<posy>0</posy>
						<width>484</width>
						<height>354</height>
						<texture border="10,10,10,10">menu\library\panel.png</texture>
						<colordiffuse>LibraryPanelDiffuse</colordiffuse>
					</control>
					
					<control type="group">
					
						<visible>IsEmpty(ListItem.Title)</visible>
						
						<control type="label">
							<posx>19</posx>
							<posy>0</posy>				
							<width>446</width>
							<height>354</height>
							<font>Library_Light_25</font>
							<textcolor>Text</textcolor>
							<label>[B]$INFO[ListItem.Label][/B]</label>
							<align>center</align>
							<aligny>center</aligny>
							<scroll>true</scroll>
						</control>
						
					</control>
									
				</control>	
			
			</control>
						
		</control>
	
	</include>
	
</includes>