<includes>
	<include name="File_Stack">
	
		<control type="panel" id="450">
			<posx>0</posx>
			<posy>0</posy>
			<width>1280</width>
			<height>720</height>
			<onup>9000</onup>
			<ondown>ActivateWindow(1201)</ondown>
			<viewtype label="50133">list</viewtype>
			<focusposition>4</focusposition>
			<orientation>horizontal</orientation>
			<scrolltime>250</scrolltime>
			<itemlayout height="512" width="256">
				<control type="label">
					<posx>0</posx>
					<posy>0</posy>
					<width>256</width>
					<height>512</height>
					<font>Default</font>
					<align>center</align>
					<info>ListItem.label</info>
					<visible>false</visible>
				</control>
			</itemlayout>
			<focusedlayout height="512" width="256">
				<control type="label">
					<posx>0</posx>
					<posy>0</posy>
					<width>256</width>
					<height>512</height>
					<font>Default</font>
					<align>center</align>
					<info>ListItem.label</info>
					<visible>false</visible>
				</control>
			</focusedlayout>
		</control>

		<control type="group">

			<posx>375</posx>
			<posy>190</posy>
			<visible>Control.IsVisible(450)</visible>

			<!-- File Stacking Icons - Counter Clockwise Mothion -->
			<control type="group" id="4501">

				<visible>Container(450).OnPrevious</visible>
				<animation effect="slide" end="0,0" time="250" reversible="false">Hidden</animation>
				
				<!-- Show Far Left Icon On Move Previous -->
				<control type="group">
					<visible>Container(450).OnPrevious</visible>
					<visible>!IsEmpty(Container(450).ListItemNoWrap(-5).Label)</visible>
					<animation type="Hidden" reversible="false">
						<effect type="fade" start="0" end="100" time="250" />
						<effect type="slide" start="0,0" end="57,0" time="250" />
					</animation>
					<animation effect="fade" start="0" end="0" time="0" reversible="false">Visible</animation>
					<control type="image">
						<posx>-321</posx>
						<posy>12</posy>
						<width>57</width>
						<height>76</height>
						<texture>dialogs\stacked-select-FO.png</texture>
					</control>
				</control>
				
				<!-- Move Icon 1 To Icon 2 Position On Move Previous -->
				<control type="group">
					<visible>Container(450).OnPrevious</visible>
					<visible>!IsEmpty(Container(450).ListItemNoWrap(-4).Label)</visible>
					<animation type="Hidden" reversible="false">
						<effect type="slide" start="0,0" end="57,0" time="250" />
					</animation>
					<control type="image">
						<posx>-264</posx>
						<posy>12</posy>
						<width>57</width>
						<height>76</height>
						<texture>dialogs\stacked-select-FO.png</texture>
					</control>
				</control>

				<!-- Move Icon 2 To Icon 3 Position On Move Previous -->
				<control type="group">
					<visible>Container(450).OnPrevious</visible>
					<visible>!IsEmpty(Container(450).ListItemNoWrap(-3).Label)</visible>
					<animation type="Hidden" reversible="false">
						<effect type="slide" start="0,0" end="57,0" time="250" />
					</animation>
					<control type="image">
						<posx>-207</posx>
						<posy>12</posy>
						<width>57</width>
						<height>76</height>
						<texture>dialogs\stacked-select-FO.png</texture>
					</control>
				</control>

				<!-- Move Icon 3 To Icon 4 Position On Move Previous -->
				<control type="group">
					<visible>Container(450).OnPrevious</visible>
					<visible>!IsEmpty(Container(450).ListItemNoWrap(-2).Label)</visible>
					<animation type="Hidden" reversible="false">
						<effect type="slide" start="0,0" end="57,0" time="250" />
					</animation>
					<control type="image">
						<posx>-150</posx>
						<posy>12</posy>
						<width>57</width>
						<height>76</height>
						<texture>dialogs\stacked-select-FO.png</texture>
					</control>
				</control>
				
				<!-- Move Icon 4 To Icon 5 Position On Move Previous -->
				<control type="group">
					<visible>Container(450).OnPrevious</visible>
					<visible>!IsEmpty(Container(450).ListItemNoWrap(-1).Label)</visible>
					<posx>-93</posx>
					<posy>12</posy>
					<width>57</width>
					<height>76</height>
					<animation type="Hidden" reversible="false">
						<effect type="fade" start="0" end="100" time="250" />
						<effect type="zoom" start="-93,12,57,76" end="-36,0,73,100" time="250" />
					</animation>
					<control type="image">
						<posx>0</posx>
						<posy>0</posy>
						<width>57</width>
						<height>76</height>
						<texture>dialogs\stacked-select-FO.png</texture>
					</control>
				</control>
				
				<!-- Move Icon 5 To Icon 6 Position On Move Previous -->
				<control type="group">
					<visible>Container(450).OnPrevious</visible>
					<visible>!IsEmpty(Container(450).ListItemNoWrap(0).Label)</visible>
					<posx>-36</posx>
					<posy>0</posy>
					<width>73</width>
					<height>100</height>
					<animation type="Hidden" reversible="false">
						<effect type="fade" start="0" end="100" time="250" />
						<effect type="zoom" start="-36,0,73,100" end="37,12,57,76" time="250" />
					</animation>
					<control type="image">
						<posx>0</posx>
						<posy>0</posy>
						<width>73</width>
						<height>100</height>
						<texture>dialogs\stacked-select-FO.png</texture>
					</control>
				</control>
				
				<!-- Move Icon 6 To Icon 7 Position On Move Previous -->
				<control type="group">
					<visible>Container(450).OnPrevious</visible>
					<visible>!IsEmpty(Container(450).ListItemNoWrap(1).Label)</visible>
					<animation type="Hidden" reversible="false">
						<effect type="slide" start="0,0" end="57,0" time="250" />
					</animation>
					<control type="image">
						<posx>37</posx>
						<posy>12</posy>
						<width>57</width>
						<height>76</height>
						<texture>dialogs\stacked-select-FO.png</texture>
					</control>
				</control>
				
				<!-- Move Icon 7 To Icon 8 Position On Move Previous -->
				<control type="group">
					<visible>Container(450).OnPrevious</visible>
					<visible>!IsEmpty(Container(450).ListItemNoWrap(2).Label)</visible>
					<animation type="Hidden" reversible="false">
						<effect type="slide" start="0,0" end="57,0" time="250" />
					</animation>
					<control type="image">
						<posx>94</posx>
						<posy>12</posy>
						<width>57</width>
						<height>76</height>
						<texture>dialogs\stacked-select-FO.png</texture>
					</control>
				</control>
				
				<!-- Move Icon 8 To Icon 9 Position On Move Previous -->
				<control type="group">
					<visible>Container(450).OnPrevious</visible>
					<visible>!IsEmpty(Container(450).ListItemNoWrap(3).Label)</visible>
					<animation type="Hidden" reversible="false">
						<effect type="slide" start="0,0" end="57,0" time="250" />
					</animation>
					<control type="image">
						<posx>151</posx>
						<posy>12</posy>
						<width>57</width>
						<height>76</height>
						<texture>dialogs\stacked-select-FO.png</texture>
					</control>
				</control>

				<!-- Hide Far Right Icon On Move Previous -->
				<control type="group">
					<visible>Container(450).OnPrevious</visible>
					<visible>!IsEmpty(Container(450).ListItemNoWrap(4).Label)</visible>
					<animation type="Hidden" reversible="false">
						<effect type="fade" start="100" end="0" time="250" />
						<effect type="slide" start="0,0" end="57,0" time="250" />
					</animation>
					<control type="image">
						<posx>208</posx>
						<posy>12</posy>
						<width>57</width>
						<height>76</height>
						<texture>dialogs\stacked-select-FO.png</texture>
					</control>
				</control>


			</control>

			<!-- File Stacking Icons - Clockwise Mothion -->
			<control type="group" id="4502">

				<visible>Container(450).OnNext</visible>
				<animation effect="slide" end="0,0" time="250" reversible="false">Hidden</animation>

				<!-- Hide Far Left Icon On Move Next -->
				<control type="group">
					<visible>Container(450).OnNext</visible>
					<visible>!IsEmpty(Container(450).ListItemNoWrap(-5).Label)</visible>
					<animation type="Hidden" reversible="false">
						<effect type="fade" start="100" end="0" time="250" />
						<effect type="slide" start="0,0" end="-57,0" time="250" />
					</animation>
					<control type="image">
						<posx>-264</posx>
						<posy>12</posy>
						<width>57</width>
						<height>76</height>
						<texture>dialogs\stacked-select-FO.png</texture>
					</control>
				</control>

				<!-- Move Icon 2 To Icon 1 Position On Move Next -->
				<control type="group">
					<visible>Container(450).OnNext</visible>
					<visible>!IsEmpty(Container(450).ListItemNoWrap(-4).Label)</visible>
					<animation type="Hidden" reversible="false">
						<effect type="slide" start="0,0" end="-57,0" time="250" />
					</animation>
					<control type="image">
						<posx>-207</posx>
						<posy>12</posy>
						<width>57</width>
						<height>76</height>
						<texture>dialogs\stacked-select-FO.png</texture>
					</control>
				</control>
				
				<!-- Move Icon 3 To Icon 2 Position On Move Next -->
				<control type="group">
					<visible>Container(450).OnNext</visible>
					<visible>!IsEmpty(Container(450).ListItemNoWrap(-3).Label)</visible>
					<animation type="Hidden" reversible="false">
						<effect type="slide" start="0,0" end="-57,0" time="250" />
					</animation>
					<control type="image">
						<posx>-150</posx>
						<posy>12</posy>
						<width>57</width>
						<height>76</height>
						<texture>dialogs\stacked-select-FO.png</texture>
					</control>
				</control>
				
				<!-- Move Icon 4 To Icon 3 Position On Move Next -->
				<control type="group">
					<visible>Container(450).OnNext</visible>
					<visible>!IsEmpty(Container(450).ListItemNoWrap(-2).Label)</visible>
					<animation type="Hidden" reversible="false">
						<effect type="slide" start="0,0" end="-57,0" time="250" />
					</animation>
					<control type="image">
						<posx>-93</posx>
						<posy>12</posy>
						<width>57</width>
						<height>76</height>
						<texture>dialogs\stacked-select-FO.png</texture>
					</control>
				</control>
				
				<!-- Move Icon 5 To Icon 4 Position On Move Next -->
				<control type="group">
					<visible>Container(450).OnNext</visible>
					<visible>!IsEmpty(Container(450).ListItemNoWrap(-1).Label)</visible>
					<posx>-36</posx>
					<posy>0</posy>
					<width>73</width>
					<height>100</height>
					<animation type="Hidden" reversible="false">
						<effect type="fade" start="0" end="100" time="250" />
						<effect type="zoom" start="-36,0,73,100" end="-93,12,57,76" time="250" />
					</animation>
					<control type="image">
						<posx>0</posx>
						<posy>0</posy>
						<width>73</width>
						<height>100</height>
						<texture>dialogs\stacked-select-FO.png</texture>
					</control>
				</control>
							
				<!-- Move Icon 6 To Icon 5 Position On Move Next -->
				<control type="group">
					<visible>Container(450).OnNext</visible>
					<visible>!IsEmpty(Container(450).ListItemNoWrap(0).Label)</visible>
					<posx>37</posx>
					<posy>12</posy>
					<width>57</width>
					<height>76</height>
					<animation type="Hidden" reversible="false">
						<effect type="fade" start="100" end="0" time="250" />
						<effect type="zoom" start="37,12,57,76" end="-36,0,73,100" time="250" />
					</animation>
					<control type="image">
						<posx>0</posx>
						<posy>0</posy>
						<width>57</width>
						<height>76</height>
						<texture>dialogs\stacked-select-FO.png</texture>
					</control>
				</control>
				
				<!-- Move Icon 7 To Icon 6 Position On Move Next -->
				<control type="group">
					<visible>Container(450).OnNext</visible>
					<visible>!IsEmpty(Container(450).ListItemNoWrap(1).Label)</visible>
					<animation type="Hidden" reversible="false">
						<effect type="slide" start="0,0" end="-57,0" time="250" />
					</animation>
					<control type="image">
						<posx>94</posx>
						<posy>12</posy>
						<width>57</width>
						<height>76</height>
						<texture>dialogs\stacked-select-FO.png</texture>
					</control>
				</control>
				
				<!-- Move Icon 8 To Icon 7 Position On Move Next -->
				<control type="group">
					<visible>Container(450).OnNext</visible>
					<visible>!IsEmpty(Container(450).ListItemNoWrap(2).Label)</visible>
					<animation type="Hidden" reversible="false">
						<effect type="slide" start="0,0" end="-57,0" time="250" />
					</animation>
					<control type="image">
						<posx>151</posx>
						<posy>12</posy>
						<width>57</width>
						<height>76</height>
						<texture>dialogs\stacked-select-FO.png</texture>
					</control>
				</control>

				<!-- Move Icon 9 To Icon 8 Position On Move Next -->
				<control type="group">
					<visible>Container(450).OnNext</visible>
					<visible>!IsEmpty(Container(450).ListItemNoWrap(3).Label)</visible>
					<animation type="Hidden" reversible="false">
						<effect type="slide" start="0,0" end="-57,0" time="250" />
					</animation>
					<control type="image">
						<posx>208</posx>
						<posy>12</posy>
						<width>57</width>
						<height>76</height>
						<texture>dialogs\stacked-select-FO.png</texture>
					</control>
				</control>

				<!-- Show Far Right Icon On Move Next -->
				<control type="group">
					<visible>Container(450).OnNext</visible>
					<visible>!IsEmpty(Container(450).ListItemNoWrap(4).Label)</visible>
					<animation type="Hidden" reversible="false">
						<effect type="fade" start="0" end="100" time="250" />
						<effect type="slide" start="57,0" end="0,0" time="250" />
					</animation>
					<animation effect="fade" start="0" end="0" time="0" reversible="false">Visible</animation>
					<control type="image">
						<posx>208</posx>
						<posy>12</posy>
						<width>57</width>
						<height>76</height>
						<texture>dialogs\stacked-select-FO.png</texture>
					</control>
				</control>
				
			</control>

			<!-- File Stacking Static Icons -->
			<control type="group" id="4500">

				<visible>!Control.IsVisible(4501) + !Control.IsVisible(4502)</visible>
				<animation effect="fade" time="600">WindowOpen</animation>
				<animation effect="fade" time="600">WindowClose</animation>
				
				<!-- Icon 1 -->
				<control type="image">
					<posx>-264</posx>
					<posy>12</posy>
					<width>57</width>
					<height>76</height>
					<texture>dialogs\stacked-select-FO.png</texture>
					<visible>!IsEmpty(Container(450).ListItemNoWrap(-4).Label)</visible>
				</control>
							
				<!-- Icon 2 -->							
				<control type="image">
					<posx>-207</posx>
					<posy>12</posy>
					<width>57</width>
					<height>76</height>
					<texture>dialogs\stacked-select-FO.png</texture>
					<visible>!IsEmpty(Container(450).ListItemNoWrap(-3).Label)</visible>
				</control>
				
				<!-- Icon 3 -->
				<control type="image">
					<posx>-150</posx>
					<posy>12</posy>
					<width>57</width>
					<height>76</height>
					<texture>dialogs\stacked-select-FO.png</texture>
					<visible>!IsEmpty(Container(450).ListItemNoWrap(-2).Label)</visible>
				</control>
				
				<!-- Icon 4 -->
				<control type="image">
					<posx>-93</posx>
					<posy>12</posy>
					<width>57</width>
					<height>76</height>
					<texture>dialogs\stacked-select-FO.png</texture>
					<visible>!IsEmpty(Container(450).ListItemNoWrap(-1).Label)</visible>
				</control>
				
				<!-- Icon 5 -->
				<control type="image">
					<posx>-36</posx>
					<posy>0</posy>
					<width>73</width>
					<height>100</height>
					<texture>dialogs\stacked-select-FO.png</texture>
				</control>
								
				<!-- Icon 6 -->
				<control type="image">
					<posx>37</posx>
					<posy>12</posy>
					<width>57</width>
					<height>76</height>
					<texture>dialogs\stacked-select-FO.png</texture>
					<visible>!IsEmpty(Container(450).ListItemNoWrap(1).Label)</visible>
				</control>
				
				<!-- Icon 7 -->
				<control type="image">
					<posx>94</posx>
					<posy>12</posy>
					<width>57</width>
					<height>76</height>
					<texture>dialogs\stacked-select-FO.png</texture>
					<visible>!IsEmpty(Container(450).ListItemNoWrap(2).Label)</visible>
				</control>
				
				<!-- Icon 8 -->
				<control type="image">
					<posx>151</posx>
					<posy>12</posy>
					<width>57</width>
					<height>76</height>
					<texture>dialogs\stacked-select-FO.png</texture>
					<visible>!IsEmpty(Container(450).ListItemNoWrap(3).Label)</visible>
				</control>

				<!-- Icon 9 -->
				<control type="image">
					<posx>208</posx>
					<posy>12</posy>
					<width>57</width>
					<height>76</height>
					<texture>dialogs\stacked-select-FO.png</texture>
					<visible>!IsEmpty(Container(450).ListItemNoWrap(4).Label)</visible>
				</control>

			</control>
			
		</control>

	</include>
</includes>