<includes>
	<include name="Profiles_View">
	
		<control type="list" id="2">
			<posx>0</posx>
			<posy>198</posy>
			<width>1280</width>
			<height>324</height>
			<onup>2</onup>
			<ondown>4</ondown>
			<viewtype label="Profiles">list</viewtype>
			<focusposition>2</focusposition>
			<orientation>horizontal</orientation>
			<scrolltime>250</scrolltime>
			<itemlayout height="324" width="256">
				<control type="label">
					<posx>0</posx>
					<posy>0</posy>
					<width>256</width>
					<height>324</height>
					<font>Default</font>
					<align>center</align>
					<info>ListItem.label</info>
					<visible>false</visible>
				</control>
			</itemlayout>
			<focusedlayout height="324" width="256">
				<control type="label">
					<posx>0</posx>
					<posy>0</posy>
					<width>256</width>
					<height>324</height>
					<font>Default</font>
					<align>center</align>
					<info>ListItem.label</info>
					<visible>false</visible>
				</control>
			</focusedlayout>
		</control>

		<control type="group">

			<posx>640</posx>
			<posy>240</posy>
			<visible>Control.IsVisible(2)</visible>

			<!-- Profiles View Scroller Icons - Counter Clockwise Motion -->
			<control type="group" id="7001">

				<visible>Container(2).OnPrevious</visible>
				<animation effect="slide" end="0,0" time="250" reversible="false">Hidden</animation>

				<!-- Show Far Left Icon On Move Previous -->
				<control type="group">
					<posx>-533</posx>
					<posy>23</posy>
					<width>260</width>
					<height>168</height>
					<visible>!IsEmpty(Container(2).ListItemNoWrap(-1).Label)</visible>
					<control type="group">
						<posx>0</posx>
						<posy>0</posy>
						<width>260</width>
						<height>168</height>
						<visible>Container(2).OnPrevious</visible>
						<animation type="Hidden" reversible="false">
							<effect type="slide" start="-367,0" end="0,0" time="250" />
							<effect type="rotate" start="25" end="25" center="130,84" time="250" />
						</animation>
						<animation type="Visible" reversible="false">
							<effect type="slide" start="-367,0" end="-367,0" time="250" />
							<effect type="rotate" start="25" end="25" center="130,84" time="250" />
						</animation>
						<control type="image">
							<posx>0</posx>
							<posy>0</posy>
							<width>260</width>
							<height>168</height>
							<texture>settings-profiles-card.png</texture>
						</control>
						<control type="image">
							<posx>24</posx>
							<posy>36</posy>
							<width>74</width>
							<height>94</height>
							<texture>unknown-user.png</texture>
							<info>Container(2).ListItem(-1).Icon</info>
						</control>
						<control type="image">
							<posx>20</posx>
							<posy>32</posy>
							<width>82</width>
							<height>102</height>
							<texture>settings-profiles-gloss.png</texture>
						</control>
						<control type="label">
							<posx>113</posx>
							<posy>32</posy>
							<width>126</width>
							<height>25</height>
							<align>left</align>
							<info>Container(2).ListItem(-1).Label</info>
							<font>Profile_Heading_2</font>
							<textcolor>FF000000</textcolor>
							<scroll>true</scroll>
						</control>	
						<control type="label">
							<posx>113</posx>
							<posy>63</posy>
							<width>126</width>
							<height>25</height>
							<align>left</align>
							<label>$LOCALIZE[50071]</label>
							<font>Profile_Medium_2</font>
							<textcolor>FF000000</textcolor>
						</control>	
						<control type="label">
							<posx>113</posx>
							<posy>79</posy>
							<width>126</width>
							<height>25</height>
							<align>left</align>
							<info>Container(2).ListItem(-1).Label2</info>
							<font>Profile_Large_2</font>
							<textcolor>FF000000</textcolor>
						</control>	
					</control>
				</control>
				
				<!-- Show Far Left Icon On Move Previous - Reflection -->
				<control type="group">
					<posx>-533</posx>
					<posy>-191</posy>
					<width>260</width>
					<height>168</height>
					<visible>!IsEmpty(Container(2).ListItemNoWrap(-1).Label)</visible>
					<control type="group">
						<posx>0</posx>
						<posy>0</posy>
						<width>260</width>
						<height>168</height>
						<visible>Container(2).OnPrevious</visible>
						<animation type="Hidden" reversible="false">
							<effect type="slide" start="-367,0" end="0,0" time="250" />
							<effect type="rotate" start="25" end="25" center="130,84" time="250" />
						</animation>
						<animation type="Visible" reversible="false">
							<effect type="slide" start="-367,0" end="-367,0" time="250" />
							<effect type="rotate" start="25" end="25" center="130,84" time="250" />
						</animation>
						<control type="image">
							<posx>0</posx>
							<posy>0</posy>
							<width>260</width>
							<height>168</height>
							<texture diffuse="fade.png">settings-profiles-card.png</texture>
						</control>
						<control type="image">
							<posx>24</posx>
							<posy>36</posy>
							<width>74</width>
							<height>94</height>
							<texture diffuse="fade.png">settings-profiles-photos.png</texture>
							<info>Container(2).ListItem(-1).Icon</info>
						</control>
						<control type="image">
							<posx>20</posx>
							<posy>32</posy>
							<width>82</width>
							<height>102</height>
							<texture diffuse="fade.png">settings-profiles-gloss.png</texture>
						</control>
						<control type="label">
							<posx>113</posx>
							<posy>32</posy>
							<width>126</width>
							<height>25</height>
							<align>left</align>
							<info>Container(2).ListItem(-1).Label</info>
							<font>Profile_Heading_2</font>
							<textcolor>FF000000</textcolor>
							<scroll>true</scroll>
						</control>	
						<control type="label">
							<posx>113</posx>
							<posy>63</posy>
							<width>126</width>
							<height>25</height>
							<align>left</align>
							<label>$LOCALIZE[50071]</label>
							<font>Profile_Medium_2</font>
							<textcolor>FF000000</textcolor>
						</control>	
						<control type="label">
							<posx>113</posx>
							<posy>79</posy>
							<width>126</width>
							<height>25</height>
							<align>left</align>
							<info>Container(2).ListItem(-1).Label2</info>
							<font>Profile_Large_2</font>
							<textcolor>FF000000</textcolor>
						</control>	
					</control>
					<animation effect="rotatex" center="130" start="-180" end="-180" time="0" condition="true">Conditional</animation>
				</control>

				<!-- Move Icon 1 To Icon 2 Position On Move Previous -->
				<control type="group">
					<posx>-533</posx>
					<posy>23</posy>
					<width>260</width>
					<height>168</height>
					<control type="group">
						<posx>0</posx>
						<posy>0</posy>
						<width>260</width>
						<height>168</height>
						<visible>Container(2).OnPrevious</visible>		
						<animation type="Hidden" reversible="false">
							<effect type="zoom" start="0,0,260,168" end="368,-23,330,214" time="250" />
							<effect type="rotate" start="25" end="25" center="130,84" time="250" />
						</animation>	
						<animation effect="rotate" start="25" end="25" time="250" center="130,84" reversible="false">Visible</animation>	
						<control type="image">
							<posx>0</posx>
							<posy>0</posy>
							<width>260</width>
							<height>168</height>
							<texture>settings-profiles-card.png</texture>
						</control>
						<control type="image">
							<posx>24</posx>
							<posy>36</posy>
							<width>74</width>
							<height>94</height>
							<texture>unknown-user.png</texture>
							<info>Container(2).ListItem(0).Icon</info>
						</control>
						<control type="image">
							<posx>20</posx>
							<posy>32</posy>
							<width>82</width>
							<height>102</height>
							<texture>settings-profiles-gloss.png</texture>
						</control>
						<control type="label">
							<posx>113</posx>
							<posy>32</posy>
							<width>126</width>
							<height>25</height>
							<align>left</align>
							<info>Container(2).ListItem(0).Label</info>
							<font>Profile_Heading_2</font>
							<textcolor>FF000000</textcolor>
							<scroll>true</scroll>
						</control>	
						<control type="label">
							<posx>113</posx>
							<posy>63</posy>
							<width>126</width>
							<height>25</height>
							<align>left</align>
							<label>$LOCALIZE[50071]</label>
							<font>Profile_Medium_2</font>
							<textcolor>FF000000</textcolor>
						</control>	
						<control type="label">
							<posx>113</posx>
							<posy>79</posy>
							<width>126</width>
							<height>25</height>
							<align>left</align>
							<info>Container(2).ListItem(0).Label2</info>
							<font>Profile_Large_2</font>
							<textcolor>FF000000</textcolor>
						</control>	
					</control>
				</control>
				
				<!-- Move Icon 1 To Icon 2 Position On Move Previous - Reflection -->
				<control type="group">
					<posx>-533</posx>
					<posy>-191</posy>
					<width>260</width>
					<height>168</height>
					<control type="group">
						<posx>0</posx>
						<posy>0</posy>
						<width>260</width>
						<height>168</height>
						<visible>Container(2).OnPrevious</visible>		
						<animation type="Hidden" reversible="false">
							<effect type="zoom" start="0,0,260,168" end="368,-92,330,214" time="250" />
							<effect type="rotate" start="25" end="25" center="130,84" time="250" />
						</animation>	
						<animation effect="rotate" start="25" end="25" time="250" center="130,84" reversible="false">Visible</animation>	
						<control type="image">
							<posx>0</posx>
							<posy>0</posy>
							<width>260</width>
							<height>168</height>
							<texture diffuse="fade.png">settings-profiles-card.png</texture>
						</control>
						<control type="image">
							<posx>24</posx>
							<posy>36</posy>
							<width>74</width>
							<height>94</height>
							<texture diffuse="fade.png">unknown-user.png</texture>
							<info>Container(2).ListItem(0).Icon</info>
						</control>
						<control type="image">
							<posx>20</posx>
							<posy>32</posy>
							<width>82</width>
							<height>102</height>
							<texture diffuse="fade.png">settings-profiles-gloss.png</texture>
						</control>
						<control type="label">
							<posx>113</posx>
							<posy>32</posy>
							<width>126</width>
							<height>25</height>
							<align>left</align>
							<info>Container(2).ListItem(0).Label</info>
							<font>Profile_Heading_2</font>
							<textcolor>FF000000</textcolor>
							<scroll>true</scroll>
						</control>	
						<control type="label">
							<posx>113</posx>
							<posy>63</posy>
							<width>126</width>
							<height>25</height>
							<align>left</align>
							<label>$LOCALIZE[50071]</label>
							<font>Profile_Medium_2</font>
							<textcolor>FF000000</textcolor>
						</control>	
						<control type="label">
							<posx>113</posx>
							<posy>79</posy>
							<width>126</width>
							<height>25</height>
							<align>left</align>
							<info>Container(2).ListItem(0).Label2</info>
							<font>Profile_Large_2</font>
							<textcolor>FF000000</textcolor>
						</control>	
					</control>
					<animation effect="rotatex" center="130" start="-180" end="-180" time="0" condition="true">Conditional</animation>
				</control>

				<!-- Move Icon 2 To Icon 3 Position On Move Previous -->
				<control type="group">
					<posx>-165</posx>
					<posy>0</posy>
					<width>330</width>
					<height>214</height>
					<visible>!IsEmpty(Container(2).ListItemNoWrap(1).Label)</visible>
					<control type="group">
						<posx>0</posx>
						<posy>0</posy>
						<width>330</width>
						<height>214</height>
						<visible>Container(2).OnPrevious</visible>	
						<animation type="Hidden" reversible="false">
							<effect type="zoom" start="0,0,330,214" end="438,23,260,168" time="250" />
							<effect type="rotate" start="25" end="25" center="165,107" time="250" />
						</animation>	
						<animation effect="rotate" start="25" end="25" time="250" center="165,107" reversible="false">Visible</animation>	
						<control type="image">
							<posx>0</posx>
							<posy>0</posy>
							<width>330</width>
							<height>214</height>
							<texture>settings-profiles-card.png</texture>
						</control>
						<control type="image">
							<posx>30</posx>
							<posy>45</posy>
							<width>94</width>
							<height>120</height>
							<texture>unknown-user.png</texture>
							<info>Container(2).ListItem(1).Icon</info>
						</control>
						<control type="image">
							<posx>25</posx>
							<posy>40</posy>
							<width>104</width>
							<height>130</height>
							<texture>settings-profiles-gloss.png</texture>
						</control>
						<control type="label">
							<posx>144</posx>
							<posy>40</posy>
							<width>160</width>
							<height>25</height>
							<align>left</align>
							<info>Container(2).ListItem(1).Label</info>
							<font>Profile_Heading_1</font>
							<textcolor>FF000000</textcolor>
							<scroll>true</scroll>
						</control>	
						<control type="label">
							<posx>144</posx>
							<posy>80</posy>
							<width>160</width>
							<height>25</height>
							<align>left</align>
							<label>$LOCALIZE[50071]</label>
							<font>Profile_Medium_1</font>
							<textcolor>FF000000</textcolor>
						</control>	
						<control type="label">
							<posx>144</posx>
							<posy>100</posy>
							<width>160</width>
							<height>25</height>
							<align>left</align>
							<info>Container(2).ListItem(1).Label2</info>
							<font>Profile_Large_1</font>
							<textcolor>FF000000</textcolor>
						</control>	
					</control>
				</control>
				
				<!-- Move Icon 2 To Icon 3 Position On Move Previous - Reflection-->
				<control type="group">
					<posx>-165</posx>
					<posy>-214</posy>
					<width>330</width>
					<height>214</height>
					<visible>!IsEmpty(Container(2).ListItemNoWrap(1).Label)</visible>
					<control type="group">
						<posx>0</posx>
						<posy>0</posy>
						<width>330</width>
						<height>214</height>
						<visible>Container(2).OnPrevious</visible>	
						<animation type="Hidden" reversible="false">
							<effect type="zoom" start="0,0,330,214" end="438,92,260,168" time="250" />
							<effect type="rotate" start="25" end="25" center="165,107" time="250" />
						</animation>	
						<animation effect="rotate" start="25" end="25" time="250" center="165,107" reversible="false">Visible</animation>	
						<control type="image">
							<posx>0</posx>
							<posy>0</posy>
							<width>330</width>
							<height>214</height>
							<texture diffuse="fade.png">settings-profiles-card.png</texture>
						</control>
						<control type="image">
							<posx>30</posx>
							<posy>45</posy>
							<width>94</width>
							<height>120</height>
							<texture diffuse="fade.png">unknown-user.png</texture>
							<info>Container(2).ListItem(1).Icon</info>
						</control>
						<control type="image">
							<posx>25</posx>
							<posy>40</posy>
							<width>104</width>
							<height>130</height>
							<texture diffuse="fade.png">settings-profiles-gloss.png</texture>
						</control>
						<control type="label">
							<posx>144</posx>
							<posy>40</posy>
							<width>160</width>
							<height>25</height>
							<align>left</align>
							<info>Container(2).ListItem(1).Label</info>
							<font>Profile_Heading_1</font>
							<textcolor>FF000000</textcolor>
							<scroll>true</scroll>
						</control>	
						<control type="label">
							<posx>144</posx>
							<posy>80</posy>
							<width>160</width>
							<height>25</height>
							<align>left</align>
							<label>$LOCALIZE[50071]</label>
							<font>Profile_Medium_1</font>
							<textcolor>FF000000</textcolor>
						</control>	
						<control type="label">
							<posx>144</posx>
							<posy>100</posy>
							<width>160</width>
							<height>25</height>
							<align>left</align>
							<info>Container(2).ListItem(1).Label2</info>
							<font>Profile_Large_1</font>
							<textcolor>FF000000</textcolor>
						</control>	
					</control>
					<animation effect="rotatex" center="165" start="-180" end="-180" time="0" condition="true">Conditional</animation>
				</control>
				
				<!-- Hide Far Right Icon On Move Previous -->
				<control type="group">
					<posx>273</posx>
					<posy>23</posy>
					<width>260</width>
					<height>168</height>
					<visible>!IsEmpty(Container(2).ListItemNoWrap(2).Label)</visible>
					<control type="group">
						<posx>0</posx>
						<posy>0</posy>
						<width>260</width>
						<height>168</height>
						<visible>Container(2).OnPrevious</visible>		
						<animation type="Hidden" reversible="false">
							<effect type="slide" start="0,0" end="367,0" time="250" />
							<effect type="rotate" start="25" end="25" center="130,84" time="250" />
						</animation>	
						<animation effect="rotate" start="25" end="25" time="250" center="130,84" reversible="false">Visible</animation>			
						<control type="image">
							<posx>0</posx>
							<posy>0</posy>
							<width>260</width>
							<height>168</height>
							<texture>settings-profiles-card.png</texture>
						</control>
						<control type="image">
							<posx>24</posx>
							<posy>36</posy>
							<width>74</width>
							<height>94</height>
							<texture>unknown-user.png</texture>
							<info>Container(2).ListItem(2).Icon</info>
						</control>
						<control type="image">
							<posx>20</posx>
							<posy>32</posy>
							<width>82</width>
							<height>102</height>
							<texture>settings-profiles-gloss.png</texture>
						</control>
						<control type="label">
							<posx>113</posx>
							<posy>32</posy>
							<width>126</width>
							<height>25</height>
							<align>left</align>
							<info>Container(2).ListItem(2).Label</info>
							<font>Profile_Heading_2</font>
							<textcolor>FF000000</textcolor>
							<scroll>true</scroll>
						</control>	
						<control type="label">
							<posx>113</posx>
							<posy>63</posy>
							<width>126</width>
							<height>25</height>
							<align>left</align>
							<label>$LOCALIZE[50071]</label>
							<font>Profile_Medium_2</font>
							<textcolor>FF000000</textcolor>
						</control>	
						<control type="label">
							<posx>113</posx>
							<posy>79</posy>
							<width>126</width>
							<height>25</height>
							<align>left</align>
							<info>Container(2).ListItem(2).Label2</info>
							<font>Profile_Large_2</font>
							<textcolor>FF000000</textcolor>
						</control>	
					</control>
				</control>
				
				<!-- Hide Far Right Icon On Move Previous - Reflection -->
				<control type="group">
					<posx>273</posx>
					<posy>-191</posy>
					<width>260</width>
					<height>168</height>
					<visible>!IsEmpty(Container(2).ListItemNoWrap(2).Label)</visible>
					<control type="group">
						<posx>0</posx>
						<posy>0</posy>
						<width>260</width>
						<height>168</height>
						<visible>Container(2).OnPrevious</visible>		
						<animation type="Hidden" reversible="false">
							<effect type="slide" start="0,0" end="367,0" time="250" />
							<effect type="rotate" start="25" end="25" center="130,84" time="250" />
						</animation>	
						<animation effect="rotate" start="25" end="25" time="250" center="130,84" reversible="false">Visible</animation>			
						<control type="image">
							<posx>0</posx>
							<posy>0</posy>
							<width>260</width>
							<height>168</height>
							<texture diffuse="fade.png">settings-profiles-card.png</texture>
						</control>
						<control type="image">
							<posx>24</posx>
							<posy>36</posy>
							<width>74</width>
							<height>94</height>
							<texture diffuse="fade.png">unknown-user.png</texture>
							<info>Container(2).ListItem(2).Icon</info>
						</control>
						<control type="image">
							<posx>20</posx>
							<posy>32</posy>
							<width>82</width>
							<height>102</height>
							<texture diffuse="fade.png">settings-profiles-gloss.png</texture>
						</control>
						<control type="label">
							<posx>113</posx>
							<posy>32</posy>
							<width>126</width>
							<height>25</height>
							<align>left</align>
							<info>Container(2).ListItem(2).Label</info>
							<font>Profile_Heading_2</font>
							<textcolor>FF000000</textcolor>
							<scroll>true</scroll>
						</control>	
						<control type="label">
							<posx>113</posx>
							<posy>63</posy>
							<width>126</width>
							<height>25</height>
							<align>left</align>
							<label>$LOCALIZE[50071]</label>
							<font>Profile_Medium_2</font>
							<textcolor>FF000000</textcolor>
						</control>	
						<control type="label">
							<posx>113</posx>
							<posy>79</posy>
							<width>126</width>
							<height>25</height>
							<align>left</align>
							<info>Container(2).ListItem(2).Label2</info>
							<font>Profile_Large_2</font>
							<textcolor>FF000000</textcolor>
						</control>	
					</control>
					<animation effect="rotatex" center="130" start="-180" end="-180" time="0" condition="true">Conditional</animation>
				</control>

			</control>

			<!-- Profiles View Scroller Icons - Clockwise Mothion -->
			<control type="group" id="7002">

				<visible>Container(2).OnNext</visible>
				<animation effect="slide" end="0,0" time="250" reversible="false">Hidden</animation>

				<!-- Hide Far Left Icon On Move Next -->
				<control type="group">
					<posx>-533</posx>
					<posy>23</posy>
					<width>260</width>
					<height>168</height>
					<visible>!IsEmpty(Container(2).ListItemNoWrap(-2).Label)</visible>
					<control type="group">
						<posx>0</posx>
						<posy>0</posy>
						<width>260</width>
						<height>168</height>
						<visible>Container(2).OnNext</visible>		
						<animation type="Hidden" reversible="false">
							<effect type="slide" start="0,0" end="-367,0" time="250" />
							<effect type="rotate" start="25" end="25" center="130,84" time="250" />
						</animation>	
						<animation effect="rotate" start="25" end="25" time="250" center="130,84" reversible="false">Visible</animation>
						<control type="image">
							<posx>0</posx>
							<posy>0</posy>
							<width>260</width>
							<height>168</height>
							<texture>settings-profiles-card.png</texture>
						</control>
						<control type="image">
							<posx>24</posx>
							<posy>36</posy>
							<width>74</width>
							<height>94</height>
							<texture>unknown-user.png</texture>
							<info>Container(2).ListItem(-2).Icon</info>
						</control>
						<control type="image">
							<posx>20</posx>
							<posy>32</posy>
							<width>82</width>
							<height>102</height>
							<texture>settings-profiles-gloss.png</texture>
						</control>
						<control type="label">
							<posx>113</posx>
							<posy>32</posy>
							<width>126</width>
							<height>25</height>
							<align>left</align>
							<info>Container(2).ListItem(-2).Label</info>
							<font>Profile_Heading_2</font>
							<textcolor>FF000000</textcolor>
							<scroll>true</scroll>
						</control>	
						<control type="label">
							<posx>113</posx>
							<posy>63</posy>
							<width>126</width>
							<height>25</height>
							<align>left</align>
							<label>$LOCALIZE[50071]</label>
							<font>Profile_Medium_2</font>
							<textcolor>FF000000</textcolor>
						</control>	
						<control type="label">
							<posx>113</posx>
							<posy>79</posy>
							<width>126</width>
							<height>25</height>
							<align>left</align>
							<info>Container(2).ListItem(-2).Label2</info>
							<font>Profile_Large_2</font>
							<textcolor>FF000000</textcolor>
						</control>	
					</control>
				</control>
				
				<!-- Hide Far Left Icon On Move Next - Reflection -->
				<control type="group">
					<posx>-533</posx>
					<posy>-191</posy>
					<width>260</width>
					<height>168</height>
					<visible>!IsEmpty(Container(2).ListItemNoWrap(-2).Label)</visible>
					<control type="group">
						<posx>0</posx>
						<posy>0</posy>
						<width>260</width>
						<height>168</height>
						<visible>Container(2).OnNext</visible>		
						<animation type="Hidden" reversible="false">
							<effect type="slide" start="0,0" end="-367,0" time="250" />
							<effect type="rotate" start="25" end="25" center="130,84" time="250" />
						</animation>	
						<animation effect="rotate" start="25" end="25" time="250" center="130,84" reversible="false">Visible</animation>
						<control type="image">
							<posx>0</posx>
							<posy>0</posy>
							<width>260</width>
							<height>168</height>
							<texture diffuse="fade.png">settings-profiles-card.png</texture>
						</control>
						<control type="image">
							<posx>24</posx>
							<posy>36</posy>
							<width>74</width>
							<height>94</height>
							<texture diffuse="fade.png">unknown-user.png</texture>
							<info>Container(2).ListItem(-2).Icon</info>
						</control>
						<control type="image">
							<posx>20</posx>
							<posy>32</posy>
							<width>82</width>
							<height>102</height>
							<texture diffuse="fade.png">settings-profiles-gloss.png</texture>
						</control>
						<control type="label">
							<posx>113</posx>
							<posy>32</posy>
							<width>126</width>
							<height>25</height>
							<align>left</align>
							<info>Container(2).ListItem(-2).Label</info>
							<font>Profile_Heading_2</font>
							<textcolor>00000000</textcolor>
							<scroll>true</scroll>
						</control>	
						<control type="label">
							<posx>113</posx>
							<posy>63</posy>
							<width>126</width>
							<height>25</height>
							<align>left</align>
							<label>$LOCALIZE[50071]</label>
							<font>Profile_Medium_2</font>
							<textcolor>40000000</textcolor>
						</control>	
						<control type="label">
							<posx>113</posx>
							<posy>79</posy>
							<width>126</width>
							<height>25</height>
							<align>left</align>
							<info>Container(2).ListItem(-2).Label2</info>
							<font>Profile_Large_2</font>
							<textcolor>80000000</textcolor>
						</control>
					</control>
					<animation effect="rotatex" center="130" start="-180" end="-180" time="0" condition="true">Conditional</animation>
				</control>

				<!-- Move Icon 2 To Icon 1 Position On Move Next -->
				<control type="group">			
					<posx>-165</posx>
					<posy>0</posy>
					<width>330</width>
					<height>214</height>	
					<visible>!IsEmpty(Container(2).ListItemNoWrap(-1).Label)</visible>
					<control type="group">
						<posx>0</posx>
						<posy>0</posy>
						<width>330</width>
						<height>214</height>	
						<visible>Container(2).OnNext</visible>		
						<animation type="Hidden" reversible="false">
							<effect type="zoom" start="0,0,330,214" end="-369,23,260,168" time="250" />
							<effect type="rotate" start="25" end="25" center="165,107" time="250" />
						</animation>	
						<animation effect="rotate" start="25" end="25" time="250" center="165,107" reversible="false">Visible</animation>
						<control type="image">
							<posx>0</posx>
							<posy>0</posy>
							<width>330</width>
							<height>214</height>
							<texture>settings-profiles-card.png</texture>
						</control>
						<control type="image">
							<posx>30</posx>
							<posy>45</posy>
							<width>94</width>
							<height>120</height>
							<texture>unknown-user.png</texture>
							<info>Container(2).ListItem(-1).Icon</info>
						</control>
						<control type="image">
							<posx>25</posx>
							<posy>40</posy>
							<width>104</width>
							<height>130</height>
							<texture>settings-profiles-gloss.png</texture>
						</control>
						<control type="label">
							<posx>144</posx>
							<posy>40</posy>
							<width>160</width>
							<height>25</height>
							<align>left</align>
							<info>Container(2).ListItem(-1).Label</info>
							<font>Profile_Heading_1</font>
							<textcolor>FF000000</textcolor>
							<scroll>true</scroll>
						</control>	
						<control type="label">
							<posx>144</posx>
							<posy>80</posy>
							<width>160</width>
							<height>25</height>
							<align>left</align>
							<label>$LOCALIZE[50071]</label>
							<font>Profile_Medium_1</font>
							<textcolor>FF000000</textcolor>
						</control>	
						<control type="label">
							<posx>144</posx>
							<posy>100</posy>
							<width>160</width>
							<height>25</height>
							<align>left</align>
							<info>Container(2).ListItem(-1).Label2</info>
							<font>Profile_Large_1</font>
							<textcolor>FF000000</textcolor>
						</control>	
					</control>
				</control>
				
				<!-- Move Icon 2 To Icon 1 Position On Move Next - Reflection -->
				<control type="group">			
					<posx>-165</posx>
					<posy>-214</posy>
					<width>330</width>
					<height>214</height>	
					<visible>!IsEmpty(Container(2).ListItemNoWrap(-1).Label)</visible>
					<control type="group">
						<posx>0</posx>
						<posy>0</posy>
						<width>330</width>
						<height>214</height>	
						<visible>Container(2).OnNext</visible>		
						<animation type="Hidden" reversible="false">
							<effect type="zoom" start="0,0,330,214" end="-369,92,260,168" time="250" />
							<effect type="rotate" start="25" end="25" center="165,107" time="250" />
						</animation>	
						<animation effect="rotate" start="25" end="25" time="250" center="165,107" reversible="false">Visible</animation>
						<control type="image">
							<posx>0</posx>
							<posy>0</posy>
							<width>330</width>
							<height>214</height>
							<texture diffuse="fade.png">settings-profiles-card.png</texture>
						</control>
						<control type="image">
							<posx>30</posx>
							<posy>45</posy>
							<width>94</width>
							<height>120</height>
							<texture diffuse="fade.png">unknown-user.png</texture>
							<info>Container(2).ListItem(-1).Icon</info>
						</control>
						<control type="image">
							<posx>25</posx>
							<posy>40</posy>
							<width>104</width>
							<height>130</height>
							<texture diffuse="fade.png">settings-profiles-gloss.png</texture>
						</control>
						<control type="label">
							<posx>144</posx>
							<posy>40</posy>
							<width>160</width>
							<height>25</height>
							<align>left</align>
							<info>Container(2).ListItem(-1).Label</info>
							<font>Profile_Heading_1</font>
							<textcolor>00000000</textcolor>
							<scroll>true</scroll>
						</control>	
						<control type="label">
							<posx>144</posx>
							<posy>80</posy>
							<width>160</width>
							<height>25</height>
							<align>left</align>
							<label>$LOCALIZE[50071]</label>
							<font>Profile_Medium_1</font>
							<textcolor>40000000</textcolor>
						</control>	
						<control type="label">
							<posx>144</posx>
							<posy>100</posy>
							<width>160</width>
							<height>25</height>
							<align>left</align>
							<info>Container(2).ListItem(-1).Label2</info>
							<font>Profile_Large_1</font>
							<textcolor>80000000</textcolor>
						</control>	
					</control>
					<animation effect="rotatex" center="165" start="-180" end="-180" time="0" condition="true">Conditional</animation>
				</control>

				<!-- Move Icon 3 To Icon 2 Position On Move Previous -->
				<control type="group">			
					<posx>273</posx>
					<posy>23</posy>
					<width>260</width>
					<height>168</height>					
					<control type="group">
						<posx>0</posx>
						<posy>0</posy>
						<width>260</width>
						<height>168</height>
						<visible>Container(2).OnNext</visible>		
						<animation type="Hidden" reversible="false">
							<effect type="zoom" start="0,0,260,168" end="-438,-23,320,214" time="250" />
							<effect type="rotate" start="25" end="25" center="130,84" time="250" />
						</animation>	
						<animation effect="rotate" start="25" end="25" time="250" center="130,84" reversible="false">Visible</animation>
						<control type="image">
							<posx>0</posx>
							<posy>0</posy>
							<width>260</width>
							<height>168</height>
							<texture>settings-profiles-card.png</texture>
						</control>
						<control type="image">
							<posx>24</posx>
							<posy>36</posy>
							<width>74</width>
							<height>94</height>
							<texture>unknown-user.png</texture>
							<info>Container(2).ListItem(0).Icon</info>
						</control>
						<control type="image">
							<posx>20</posx>
							<posy>32</posy>
							<width>82</width>
							<height>102</height>
							<texture>settings-profiles-gloss.png</texture>
						</control>
						<control type="label">
							<posx>113</posx>
							<posy>32</posy>
							<width>126</width>
							<height>25</height>
							<align>left</align>
							<info>Container(2).ListItem(0).Label</info>
							<font>Profile_Heading_2</font>
							<textcolor>FF000000</textcolor>
							<scroll>true</scroll>
						</control>	
						<control type="label">
							<posx>113</posx>
							<posy>63</posy>
							<width>126</width>
							<height>25</height>
							<align>left</align>
							<label>$LOCALIZE[50071]</label>
							<font>Profile_Medium_2</font>
							<textcolor>FF000000</textcolor>
						</control>	
						<control type="label">
							<posx>113</posx>
							<posy>79</posy>
							<width>126</width>
							<height>25</height>
							<align>left</align>
							<info>Container(2).ListItem(0).Label2</info>
							<font>Profile_Large_2</font>
							<textcolor>FF000000</textcolor>
						</control>	
					</control>
				</control>
				
				<!-- Move Icon 3 To Icon 2 Position On Move Previous - Reflection -->
				<control type="group">			
					<posx>273</posx>
					<posy>-191</posy>
					<width>260</width>
					<height>168</height>					
					<control type="group">
						<posx>0</posx>
						<posy>0</posy>
						<width>260</width>
						<height>168</height>
						<visible>Container(2).OnNext</visible>		
						<animation type="Hidden" reversible="false">
							<effect type="zoom" start="0,0,260,168" end="-438,-92,320,214" time="250" />
							<effect type="rotate" start="25" end="25" center="130,84" time="250" />
						</animation>	
						<animation effect="rotate" start="25" end="25" time="250" center="130,84" reversible="false">Visible</animation>
						<control type="image">
							<posx>0</posx>
							<posy>0</posy>
							<width>260</width>
							<height>168</height>
							<texture diffuse="fade.png">settings-profiles-card.png</texture>
						</control>
						<control type="image">
							<posx>24</posx>
							<posy>36</posy>
							<width>74</width>
							<height>94</height>
							<texture diffuse="fade.png">unknown-user.png</texture>
							<info>Container(2).ListItem(0).Icon</info>
						</control>
						<control type="image">
							<posx>20</posx>
							<posy>32</posy>
							<width>82</width>
							<height>102</height>
							<texture diffuse="fade.png">settings-profiles-gloss.png</texture>
						</control>
						<control type="label">
							<posx>113</posx>
							<posy>32</posy>
							<width>126</width>
							<height>25</height>
							<align>left</align>
							<info>Container(2).ListItem(0).Label</info>
							<font>Profile_Heading_2</font>
							<textcolor>00000000</textcolor>
							<scroll>true</scroll>
						</control>	
						<control type="label">
							<posx>113</posx>
							<posy>63</posy>
							<width>126</width>
							<height>25</height>
							<align>left</align>
							<label>$LOCALIZE[50071]</label>
							<font>Profile_Medium_2</font>
							<textcolor>40000000</textcolor>
						</control>	
						<control type="label">
							<posx>113</posx>
							<posy>79</posy>
							<width>126</width>
							<height>25</height>
							<align>left</align>
							<info>Container(2).ListItem(0).Label2</info>
							<font>Profile_Large_2</font>
							<textcolor>80000000</textcolor>
						</control>	
					</control>
					<animation effect="rotatex" center="130" start="-180" end="-180" time="0" condition="true">Conditional</animation>
				</control>

				<!-- Show Far Right Icon On Move Next -->
				<control type="group">
					<posx>640</posx>
					<posy>23</posy>
					<width>260</width>
					<height>168</height>
					<visible>!IsEmpty(Container(2).ListItemNoWrap(1).Label)</visible>
					<control type="group">
						<posx>0</posx>
						<posy>0</posy>
						<width>260</width>
						<height>168</height>
						<visible>Container(2).OnNext</visible>	
						<animation type="Hidden" reversible="false">
							<effect type="slide" start="0,0" end="-367,0" time="250" />
							<effect type="rotate" start="25" end="25" center="130,84" time="250" />
						</animation>
						<animation effect="rotate" start="25" end="25" time="250" center="130,84" reversible="false">Visible</animation>
						<control type="image">
							<posx>0</posx>
							<posy>0</posy>
							<width>260</width>
							<height>168</height>
							<texture>settings-profiles-card.png</texture>
						</control>
						<control type="image">
							<posx>24</posx>
							<posy>36</posy>
							<width>74</width>
							<height>94</height>
							<texture>unknown-user.png</texture>
							<info>Container(2).ListItem(1).Icon</info>
						</control>
						<control type="image">
							<posx>20</posx>
							<posy>32</posy>
							<width>82</width>
							<height>102</height>
							<texture>settings-profiles-gloss.png</texture>
						</control>
						<control type="label">
							<posx>113</posx>
							<posy>32</posy>
							<width>126</width>
							<height>25</height>
							<align>left</align>
							<info>Container(2).ListItem(1).Label</info>
							<font>Profile_Heading_2</font>
							<textcolor>FF000000</textcolor>
							<scroll>true</scroll>
						</control>	
						<control type="label">
							<posx>113</posx>
							<posy>63</posy>
							<width>126</width>
							<height>25</height>
							<align>left</align>
							<label>$LOCALIZE[50071]</label>
							<font>Profile_Medium_2</font>
							<textcolor>FF000000</textcolor>
						</control>	
						<control type="label">
							<posx>113</posx>
							<posy>79</posy>
							<width>126</width>
							<height>25</height>
							<align>left</align>
							<info>Container(2).ListItem(1).Label2</info>
							<font>Profile_Large_2</font>
							<textcolor>FF000000</textcolor>
						</control>
					</control>
				</control>
				
				<!-- Show Far Right Icon On Move Next - Reflection -->
				<control type="group">
					<posx>640</posx>
					<posy>-191</posy>
					<width>260</width>
					<height>168</height>
					<visible>!IsEmpty(Container(2).ListItemNoWrap(1).Label)</visible>
					<control type="group">
						<posx>0</posx>
						<posy>0</posy>
						<width>260</width>
						<height>168</height>
						<visible>Container(2).OnNext</visible>	
						<animation type="Hidden" reversible="false">
							<effect type="slide" start="0,0" end="-367,0" time="250" />
							<effect type="rotate" start="25" end="25" center="130,84" time="250" />
						</animation>
						<animation effect="rotate" start="25" end="25" time="250" center="130,84" reversible="false">Visible</animation>
						<control type="image">
							<posx>0</posx>
							<posy>0</posy>
							<width>260</width>
							<height>168</height>
							<texture diffuse="fade.png">settings-profiles-card.png</texture>
						</control>
						<control type="image">
							<posx>24</posx>
							<posy>36</posy>
							<width>74</width>
							<height>94</height>
							<texture diffuse="fade.png">unknown-user.png</texture>
							<info>Container(2).ListItem(1).Icon</info>
						</control>
						<control type="image">
							<posx>20</posx>
							<posy>32</posy>
							<width>82</width>
							<height>102</height>
							<texture diffuse="fade.png">settings-profiles-gloss.png</texture>
						</control>
						<control type="label">
							<posx>113</posx>
							<posy>32</posy>
							<width>126</width>
							<height>25</height>
							<align>left</align>
							<info>Container(2).ListItem(1).Label</info>
							<font>Profile_Heading_2</font>
							<textcolor>00000000</textcolor>
							<scroll>true</scroll>
						</control>	
						<control type="label">
							<posx>113</posx>
							<posy>63</posy>
							<width>126</width>
							<height>25</height>
							<align>left</align>
							<label>$LOCALIZE[50071]</label>
							<font>Profile_Medium_2</font>
							<textcolor>40000000</textcolor>
						</control>	
						<control type="label">
							<posx>113</posx>
							<posy>79</posy>
							<width>126</width>
							<height>25</height>
							<align>left</align>
							<info>Container(2).ListItem(1).Label2</info>
							<font>Profile_Large_2</font>
							<textcolor>80000000</textcolor>
						</control>	
					</control>
					<animation effect="rotatex" center="130" start="-180" end="-180" time="0" condition="true">Conditional</animation>
				</control>

			</control>

			<!-- Profiles View Scroller Static Icons -->
			<control type="group" id="7000">

				<!-- Icon 1 -->
				<control type="group">
					<posx>-533</posx>
					<posy>23</posy>
					<width>260</width>
					<height>168</height>
					<visible>!IsEmpty(Container(2).ListItemNoWrap(-1).Label)</visible>
					<control type="group">
						<posx>0</posx>
						<posy>0</posy>
						<width>260</width>
						<height>168</height>
						<control type="image">
							<posx>0</posx>
							<posy>0</posy>
							<width>260</width>
							<height>168</height>
							<texture>settings-profiles-card.png</texture>
						</control>
						<control type="image">
							<posx>24</posx>
							<posy>36</posy>
							<width>74</width>
							<height>94</height>
							<texture>unknown-user.png</texture>
							<info>Container(2).ListItem(-1).Icon</info>
						</control>
						<control type="image">
							<posx>20</posx>
							<posy>32</posy>
							<width>82</width>
							<height>102</height>
							<texture>settings-profiles-gloss.png</texture>
						</control>
						<control type="label">
							<posx>113</posx>
							<posy>32</posy>
							<width>126</width>
							<height>25</height>
							<align>left</align>
							<info>Container(2).ListItem(-1).Label</info>
							<font>Profile_Heading_2</font>
							<textcolor>FF000000</textcolor>
							<scroll>true</scroll>
						</control>	
						<control type="label">
							<posx>113</posx>
							<posy>63</posy>
							<width>126</width>
							<height>25</height>
							<align>left</align>
							<label>$LOCALIZE[50071]</label>
							<font>Profile_Medium_2</font>
							<textcolor>FF000000</textcolor>
						</control>	
						<control type="label">
							<posx>113</posx>
							<posy>79</posy>
							<width>126</width>
							<height>25</height>
							<align>left</align>
							<info>Container(2).ListItem(-1).Label2</info>
							<font>Profile_Large_2</font>
							<textcolor>FF000000</textcolor>
						</control>	
						<visible>!Control.IsVisible(7001)  + !Control.IsVisible(7002)</visible>		
						<animation type="WindowOpen" reversible="false">
							<effect type="fade" start="0" end="100" time="200" delay="300" />
							<effect type="zoom" start="200" end="100" center="auto" time="200" delay="300" />
							<effect type="rotate" start="25" end="25" center="130,84" time="200" delay="300" />
						</animation>
						<animation type="WindowClose" reversible="false">
							<effect type="fade" start="100" end="0" time="200" delay="100" />
							<effect type="zoom" start="100" end="200" center="auto" time="200" delay="100" />
							<effect type="rotate" start="25" end="25" center="130,84" time="200" delay="100" />
						</animation>
					</control>
				</control>
				
				<!-- Icon 1 Reflection -->
				<control type="group">
					<posx>-533</posx>
					<posy>-191</posy>
					<width>260</width>
					<height>168</height>
					<visible>!IsEmpty(Container(2).ListItemNoWrap(-1).Label)</visible>
					<control type="group">
						<posx>0</posx>
						<posy>0</posy>
						<width>260</width>
						<height>168</height>
						<control type="image">
							<posx>0</posx>
							<posy>0</posy>
							<width>260</width>
							<height>168</height>
							<texture diffuse="fade.png">settings-profiles-card.png</texture>
						</control>
						<control type="image">
							<posx>24</posx>
							<posy>36</posy>
							<width>74</width>
							<height>94</height>
							<texture diffuse="fade.png">unknown-user.png</texture>
							<info>Container(2).ListItem(-1).Icon</info>
						</control>
						<control type="image">
							<posx>20</posx>
							<posy>32</posy>
							<width>82</width>
							<height>102</height>
							<texture diffuse="fade.png">settings-profiles-gloss.png</texture>
						</control>
						<control type="label">
							<posx>113</posx>
							<posy>32</posy>
							<width>126</width>
							<height>25</height>
							<align>left</align>
							<info>Container(2).ListItem(-1).Label</info>
							<font>Profile_Heading_2</font>
							<textcolor>00000000</textcolor>
							<scroll>true</scroll>
						</control>	
						<control type="label">
							<posx>113</posx>
							<posy>63</posy>
							<width>126</width>
							<height>25</height>
							<align>left</align>
							<label>$LOCALIZE[50071]</label>
							<font>Profile_Medium_2</font>
							<textcolor>40000000</textcolor>
						</control>	
						<control type="label">
							<posx>113</posx>
							<posy>79</posy>
							<width>126</width>
							<height>25</height>
							<align>left</align>
							<info>Container(2).ListItem(-1).Label2</info>
							<font>Profile_Large_2</font>
							<textcolor>80000000</textcolor>
						</control>	
						<visible>!Control.IsVisible(7001)  + !Control.IsVisible(7002)</visible>		
						<animation type="WindowOpen" reversible="false">
							<effect type="fade" start="0" end="100" time="200" delay="300" />
							<effect type="zoom" start="200" end="100" center="auto" time="200" delay="300" />
							<effect type="rotate" start="25" end="25" center="130,84" time="200" delay="300" />
						</animation>
						<animation type="WindowClose" reversible="false">
							<effect type="fade" start="100" end="0" time="200" delay="100" />
							<effect type="zoom" start="100" end="200" center="auto" time="200" delay="100" />
							<effect type="rotate" start="25" end="25" center="130,84" time="200" delay="100" />
						</animation>
					</control>
					<animation effect="rotatex" center="130" start="-180" end="-180" time="0" condition="true">Conditional</animation>
				</control>

				<!-- Icon 2 -->
				<control type="group">
					<posx>-165</posx>
					<posy>0</posy>
					<width>330</width>
					<height>214</height>
					<control type="group">
						<posx>0</posx>
						<posy>0</posy>
						<width>330</width>
						<height>214</height>
						<control type="image">
							<posx>0</posx>
							<posy>0</posy>
							<width>330</width>
							<height>214</height>
							<texture>settings-profiles-card.png</texture>
						</control>
						<control type="image">
							<posx>30</posx>
							<posy>45</posy>
							<width>94</width>
							<height>120</height>
							<texture>unknown-user.png</texture>
							<info>Container(2).ListItem(0).Icon</info>
						</control>
						<control type="image">
							<posx>25</posx>
							<posy>40</posy>
							<width>104</width>
							<height>130</height>
							<texture>settings-profiles-gloss.png</texture>
						</control>
						<control type="label">
							<posx>144</posx>
							<posy>40</posy>
							<width>160</width>
							<height>25</height>
							<align>left</align>
							<info>Container(2).ListItem(0).Label</info>
							<font>Profile_Heading_1</font>
							<textcolor>FF000000</textcolor>
							<scroll>true</scroll>
						</control>	
						<control type="label">
							<posx>144</posx>
							<posy>80</posy>
							<width>160</width>
							<height>25</height>
							<align>left</align>
							<label>$LOCALIZE[50071]</label>
							<font>Profile_Medium_1</font>
							<textcolor>FF000000</textcolor>
						</control>	
						<control type="label">
							<posx>144</posx>
							<posy>100</posy>
							<width>160</width>
							<height>25</height>
							<align>left</align>
							<info>Container(2).ListItem(0).Label2</info>
							<font>Profile_Large_1</font>
							<textcolor>FF000000</textcolor>
						</control>	
						<visible>!Control.IsVisible(7001)  + !Control.IsVisible(7002)</visible>		
						<animation type="WindowOpen" reversible="false">
							<effect type="fade" start="0" end="100" time="200" delay="300" />
							<effect type="zoom" start="200" end="100" center="auto" time="200" delay="300" />
							<effect type="rotate" start="25" end="25" center="165,107" time="200" delay="300" />
						</animation>
						<animation type="WindowClose" reversible="false">
							<effect type="fade" start="100" end="0" time="200" delay="200" />
							<effect type="zoom" start="100" end="200" center="auto" time="200" delay="200" />
							<effect type="rotate" start="25" end="25" center="165,107" time="200" delay="200" />
						</animation>
						
						<animations type="Conditional" condition="Control.HasFocus(2)">
							<effects type="zoom" start="95" end="100" center="auto" time="250" />
							<effect type="fade" start="75" end="100" center="auto" time="250" />
						</animations>
						
					</control>
					

					
				</control>
				
				<!-- Icon 2 Reflection -->
				<control type="group">
					<posx>-165</posx>
					<posy>-214</posy>
					<width>330</width>
					<height>214</height>
					<control type="group">
						<posx>0</posx>
						<posy>0</posy>
						<width>330</width>
						<height>214</height>
						<control type="image">
							<posx>0</posx>
							<posy>0</posy>
							<width>330</width>
							<height>214</height>
							<texture diffuse="fade.png">settings-profiles-card.png</texture>
						</control>
						<control type="image">
							<posx>30</posx>
							<posy>45</posy>
							<width>94</width>
							<height>120</height>
							<texture diffuse="fade.png">unknown-user.png</texture>
							<info>Container(2).ListItem(0).Icon</info>
						</control>
						<control type="image">
							<posx>25</posx>
							<posy>40</posy>
							<width>104</width>
							<height>130</height>
							<texture diffuse="fade.png">settings-profiles-gloss.png</texture>
						</control>
						<control type="label">
							<posx>144</posx>
							<posy>40</posy>
							<width>160</width>
							<height>25</height>
							<align>left</align>
							<info>Container(2).ListItem(0).Label</info>
							<font>Profile_Heading_1</font>
							<textcolor>00000000</textcolor>
							<scroll>true</scroll>
						</control>	
						<control type="label">
							<posx>144</posx>
							<posy>80</posy>
							<width>160</width>
							<height>25</height>
							<align>left</align>
							<label>$LOCALIZE[50071]</label>
							<font>Profile_Medium_1</font>
							<textcolor>40000000</textcolor>
						</control>	
						<control type="label">
							<posx>144</posx>
							<posy>100</posy>
							<width>160</width>
							<height>25</height>
							<align>left</align>
							<info>Container(2).ListItem(0).Label2</info>
							<font>Profile_Large_1</font>
							<textcolor>80000000</textcolor>
						</control>	
						<visible>!Control.IsVisible(7001)  + !Control.IsVisible(7002)</visible>		
						<animation type="WindowOpen" reversible="false">
							<effect type="fade" start="0" end="100" time="200" delay="300" />
							<effect type="zoom" start="200" end="100" center="auto" time="200" delay="300" />
							<effect type="rotate" start="25" end="25" center="165,107" time="200" delay="300" />
						</animation>
						<animation type="WindowClose" reversible="false">
							<effect type="fade" start="100" end="0" time="200" delay="200" />
							<effect type="zoom" start="100" end="200" center="auto" time="200" delay="200" />
							<effect type="rotate" start="25" end="25" center="165,107" time="200" delay="200" />
						</animation>
						
						<animations type="Conditional" condition="Control.HasFocus(2)">
							<effects type="zoom" start="95" end="100" center="auto" time="250" />
							<effect type="fade" start="75" end="100" center="auto" time="250" />
						</animations>
						
					</control>
					<animation effect="rotatex" center="165" start="-180" end="-180" time="0" condition="true">Conditional</animation>
				</control>

				<!-- Icon 3 -->
				<control type="group">
					<posx>273</posx>
					<posy>23</posy>
					<width>260</width>
					<height>168</height>
					<visible>!IsEmpty(Container(2).ListItemNoWrap(1).Label)</visible>
					<control type="group">
						<posx>0</posx>
						<posy>0</posy>
						<width>260</width>
						<height>168</height>
						<control type="image">
							<posx>0</posx>
							<posy>0</posy>
							<width>260</width>
							<height>168</height>
							<texture>settings-profiles-card.png</texture>
						</control>
						<control type="image">
							<posx>24</posx>
							<posy>36</posy>
							<width>74</width>
							<height>94</height>
							<texture>unknown-user.png</texture>
							<info>Container(2).ListItem(1).Icon</info>
						</control>
						<control type="image">
							<posx>20</posx>
							<posy>32</posy>
							<width>82</width>
							<height>102</height>
							<texture>settings-profiles-gloss.png</texture>
						</control>
						<control type="label">
							<posx>113</posx>
							<posy>32</posy>
							<width>126</width>
							<height>25</height>
							<align>left</align>
							<info>Container(2).ListItem(1).Label</info>
							<font>Profile_Heading_2</font>
							<textcolor>FF000000</textcolor>
							<scroll>true</scroll>
						</control>	
						<control type="label">
							<posx>113</posx>
							<posy>63</posy>
							<width>126</width>
							<height>25</height>
							<align>left</align>
							<label>$LOCALIZE[50071]</label>
							<font>Profile_Medium_2</font>
							<textcolor>FF000000</textcolor>
						</control>	
						<control type="label">
							<posx>113</posx>
							<posy>79</posy>
							<width>126</width>
							<height>25</height>
							<align>left</align>
							<info>Container(2).ListItem(1).Label2</info>
							<font>Profile_Large_2</font>
							<textcolor>FF000000</textcolor>
						</control>	
						<visible>!Control.IsVisible(7001)  + !Control.IsVisible(7002)</visible>		
						<animation type="WindowOpen" reversible="false">
							<effect type="fade" start="0" end="100" time="200" delay="300" />
							<effect type="zoom" start="200" end="100" center="auto" time="200" delay="300" />
							<effect type="rotate" start="25" end="25" center="130,84" time="200" delay="300" />
						</animation>
						<animation type="WindowClose" reversible="false">
							<effect type="fade" start="100" end="0" time="200" delay="300" />
							<effect type="zoom" start="100" end="200" center="auto" time="200" delay="300" />
							<effect type="rotate" start="25" end="25" center="130,84" time="200" delay="300" />
						</animation>
					</control>
				</control>
				
				<!-- Icon 3 Reflection -->
				<control type="group">
					<posx>273</posx>
					<posy>-191</posy>
					<width>260</width>
					<height>168</height>
					<visible>!IsEmpty(Container(2).ListItemNoWrap(1).Label)</visible>
					<control type="group">
						<posx>0</posx>
						<posy>0</posy>
						<width>260</width>
						<height>168</height>
						<control type="image">
							<posx>0</posx>
							<posy>0</posy>
							<width>260</width>
							<height>168</height>
							<texture diffuse="fade.png">settings-profiles-card.png</texture>
						</control>
						<control type="image">
							<posx>24</posx>
							<posy>36</posy>
							<width>74</width>
							<height>94</height>
							<texture diffuse="fade.png">unknown-user.png</texture>
							<info>Container(2).ListItem(1).Icon</info>
						</control>
						<control type="image">
							<posx>20</posx>
							<posy>32</posy>
							<width>82</width>
							<height>102</height>
							<texture diffuse="fade.png">settings-profiles-gloss.png</texture>
						</control>
						<control type="label">
							<posx>113</posx>
							<posy>32</posy>
							<width>126</width>
							<height>25</height>
							<align>left</align>
							<info>Container(2).ListItem(1).Label</info>
							<font>Profile_Heading_2</font>
							<textcolor>00000000</textcolor>
							<scroll>true</scroll>
						</control>	
						<control type="label">
							<posx>113</posx>
							<posy>63</posy>
							<width>126</width>
							<height>25</height>
							<align>left</align>
							<label>$LOCALIZE[50071]</label>
							<font>Profile_Medium_2</font>
							<textcolor>40000000</textcolor>
						</control>	
						<control type="label">
							<posx>113</posx>
							<posy>79</posy>
							<width>126</width>
							<height>25</height>
							<align>left</align>
							<info>Container(2).ListItem(1).Label2</info>
							<font>Profile_Large_2</font>
							<textcolor>80000000</textcolor>
						</control>
						<visible>!Control.IsVisible(7001)  + !Control.IsVisible(7002)</visible>								
						<animation type="WindowOpen" reversible="false">
							<effect type="fade" start="0" end="100" time="200" delay="300" />
							<effect type="zoom" start="200" end="100" center="auto" time="200" delay="300" />
							<effect type="rotate" start="25" end="25" center="130,84" time="200" delay="300" />
						</animation>
						<animation type="WindowClose" reversible="false">
							<effect type="fade" start="100" end="0" time="200" delay="300" />
							<effect type="zoom" start="100" end="200" center="auto" time="200" delay="300" />
							<effect type="rotate" start="25" end="25" center="130,84" time="200" delay="300" />
						</animation>
					</control>
					<animation effect="rotatex" center="130" start="-180" end="-180" time="0" condition="true">Conditional</animation>
				</control>

			</control>
			
			<control type="group">		
			
				<visible>!Control.HasFocus(4)</visible>
				<visible>!Skin.HasSetting(Disable_Icon_Labels)</visible>	
			
				<animation effect="fade" time="300">Visible</animation>
				<animation effect="fade" time="300">Hidden</animation>
				<animation effect="fade" time="300">WindowOpen</animation>
				<animation effect="fade" time="300">WindowClose</animation>
			
				<control type="image">
					<posx>-303</posx>
					<posy>320</posy>
					<width>605</width>
					<height>48</height>
					<texture>filter_iconlabel.png</texture>
				</control>

				<control type="label">
					<description>Current Selection</description>
					<posx>-640</posx>
					<posy>320</posy>
					<width>1280</width>
					<height>48</height>
					<align>center</align>
					<aligny>center</aligny>
					<label>$LOCALIZE[50072]</label>
					<font>Selected_Item</font>
					<textcolor>TextSelectedItem</textcolor>
					<shadowcolor>TextShadow</shadowcolor>
				</control>
			
			</control>
						
		</control>
	
	</include>
</includes>