<includes>
	<include name="Login_View">
					
		<control type="group">

			<posx>665</posx>
			<posy>234</posy>
			
			<!-- Login View Icons - Counter Clockwise Mothion -->
			<control type="group" id="5201">

				<visible>Container(52).OnPrevious</visible>
				<animation effect="slide" end="0,0" time="250" reversible="false">Hidden</animation>
				
				<!-- Hide Far Right Icon On Move Previous -->
				<control type="group">
					<visible>Container(52).OnPrevious</visible>
					<visible>!IsEmpty(Container(52).ListItemNoWrap(3).Label)</visible>
					<animation type="Hidden" reversible="false">
						<effect type="fade" start="100" end="0" time="250" />
						<effect type="slide" start="0" end="128" time="250" />
					</animation>
					<posx>314</posx>
					<posy>29</posy>
					<width>193</width>
					<height>386</height>
					<control type="image">
						<posx>0</posx>
						<posy>0</posy>
						<width>193</width>
						<height>193</height>
						<aspectratio align="center" scalediffuse="false">scale</aspectratio>
						<texture diffuse="iconview-diffuse.png">$INFO[Container(52).ListItem(3).Icon]</texture>
					</control>
					<control type="image">
						<posx>0</posx>
						<posy>0</posy>
						<width>193</width>
						<height>193</height>
						<texture>iconview-overlay.png</texture>
					</control>
					<control type="image">
						<posx>0</posx>
						<posy>193</posy>
						<width>193</width>
						<height>193</height>
						<aspectratio align="center" scalediffuse="false">scale</aspectratio>
						<texture flipy="true" diffuse="iconview-reflect-diffuse.png">$INFO[Container(52).ListItem(3).Icon]</texture>
					</control>
					<control type="image">
						<posx>0</posx>
						<posy>193</posy>
						<width>193</width>
						<height>193</height>
						<texture flipy="true" diffuse="iconview-reflect-diffuse.png">iconview-overlay.png</texture>
					</control>
				</control>

				<!-- Move Icon 2 To Icon 3 Position On Move Previous -->
				<control type="group">
					<visible>Container(52).OnPrevious</visible>
					<visible>!IsEmpty(Container(52).ListItemNoWrap(2).Label)</visible>
					<animation effect="zoom" start="159,15,220,440" end="314,29,193,386" time="250" reversible="false">Hidden</animation>
					<posx>159</posx>
					<posy>15</posy>
					<width>220</width>
					<height>440</height>
					<control type="image">
						<posx>0</posx>
						<posy>0</posy>
						<width>220</width>
						<height>220</height>
						<aspectratio align="center" scalediffuse="false">scale</aspectratio>
						<texture diffuse="iconview-diffuse.png">$INFO[Container(52).ListItem(2).Icon]</texture>
					</control>
					<control type="image">
						<posx>0</posx>
						<posy>0</posy>
						<width>220</width>
						<height>220</height>
						<texture>iconview-overlay.png</texture>
					</control>
					<control type="image">
						<posx>0</posx>
						<posy>220</posy>
						<width>220</width>
						<height>220</height>
						<aspectratio align="center" scalediffuse="false">scale</aspectratio>
						<texture flipy="true" diffuse="iconview-reflect-diffuse.png">$INFO[Container(52).ListItem(2).Icon]</texture>
					</control>
					<control type="image">
						<posx>0</posx>
						<posy>220</posy>
						<width>220</width>
						<height>220</height>
						<texture flipy="true" diffuse="iconview-reflect-diffuse.png">iconview-overlay.png</texture>
					</control>
				</control>

				<!-- Move Icon 1 To Icon 2 Position On Move Previous -->
				<control type="group">
					<visible>Container(52).OnPrevious</visible>
					<visible>!IsEmpty(Container(52).ListItemNoWrap(1).Label)</visible>
					<animation effect="zoom" start="0,0,251,502" end="159,15,220,440" time="250" reversible="false">Hidden</animation>
					<posx>0</posx>
					<posy>0</posy>
					<width>251</width>
					<height>502</height>
					<control type="image">
						<posx>0</posx>
						<posy>0</posy>
						<width>251</width>
						<height>251</height>
						<aspectratio align="center" scalediffuse="false">scale</aspectratio>
						<texture diffuse="iconview-diffuse.png">$INFO[Container(52).ListItem(1).Icon]</texture>
					</control>
					<control type="image">
						<posx>0</posx>
						<posy>0</posy>
						<width>251</width>
						<height>251</height>
						<texture>iconview-overlay.png</texture>
					</control>
					<control type="image">
						<posx>0</posx>
						<posy>251</posy>
						<width>251</width>
						<height>251</height>
						<aspectratio align="center" scalediffuse="false">scale</aspectratio>
						<texture flipy="true" diffuse="iconview-reflect-diffuse.png">$INFO[Container(52).ListItem(1).Icon]</texture>
					</control>
					<control type="image">
						<posx>0</posx>
						<posy>251</posy>
						<width>251</width>
						<height>251</height>
						<texture flipy="true" diffuse="iconview-reflect-diffuse.png">iconview-overlay.png</texture>
					</control>
				</control>
				
				<!-- Show Far Left Icon On Move Previous -->
				<control type="group">
					<visible>Container(52).OnPrevious</visible>
					<animation type="Hidden" reversible="false">
						<effect type="fade" start="0" end="100" time="250" />
						<effect type="slide" start="-128" end="0" time="250" />
					</animation>
					<animation effect="fade" start="0" end="0" time="0" reversible="false">Visible</animation>
					<posx>0</posx>
					<posy>0</posy>
					<width>251</width>
					<height>502</height>
					<control type="image">
						<posx>0</posx>
						<posy>0</posy>
						<width>251</width>
						<height>251</height>
						<aspectratio align="center" scalediffuse="false">scale</aspectratio>
						<texture diffuse="iconview-diffuse.png">$INFO[Container(52).ListItem(0).Icon]</texture>
					</control>
					<control type="image">
						<posx>0</posx>
						<posy>0</posy>
						<width>251</width>
						<height>251</height>
						<texture>iconview-overlay.png</texture>
					</control>
					<control type="image">
						<posx>0</posx>
						<posy>251</posy>
						<width>251</width>
						<height>251</height>
						<aspectratio align="center" scalediffuse="false">scale</aspectratio>
						<texture flipy="true" diffuse="iconview-reflect-diffuse.png">$INFO[Container(52).ListItem(0).Icon]</texture>
					</control>
					<control type="image">
						<posx>0</posx>
						<posy>251</posy>
						<width>251</width>
						<height>251</height>
						<texture flipy="true" diffuse="iconview-reflect-diffuse.png">iconview-overlay.png</texture>
					</control>
				</control>
				
			</control>
			
			<!-- Login View Icons - Clockwise Mothion -->
			<control type="group" id="5202">

				<visible>Container(52).OnNext</visible>
				<animation effect="slide" end="0,0" time="250" reversible="false">Hidden</animation>
				
				<!-- Show Far Right Icon On Move Next -->
				<control type="group">
					<visible>Container(52).OnNext</visible>
					<visible>!IsEmpty(Container(52).ListItemNoWrap(2).Label)</visible>
					<animation type="Hidden" reversible="false">
						<effect type="fade" start="0" end="100" time="250" />
						<effect type="slide" start="128" end="0" time="250" />
					</animation>
					<animation effect="fade" start="0" end="0" time="0" reversible="false">Visible</animation>
					<posx>314</posx>
					<posy>29</posy>
					<width>193</width>
					<height>386</height>
					<control type="image">
						<posx>0</posx>
						<posy>0</posy>
						<width>193</width>
						<height>193</height>
						<aspectratio align="center" scalediffuse="false">scale</aspectratio>
						<texture diffuse="iconview-diffuse.png">$INFO[Container(52).ListItem(2).Icon]</texture>
					</control>
					<control type="image">
						<posx>0</posx>
						<posy>0</posy>
						<width>193</width>
						<height>193</height>
						<texture>iconview-overlay.png</texture>
					</control>
					<control type="image">
						<posx>0</posx>
						<posy>193</posy>
						<width>193</width>
						<height>193</height>
						<aspectratio align="center" scalediffuse="false">scale</aspectratio>
						<texture flipy="true" diffuse="iconview-reflect-diffuse.png">$INFO[Container(52).ListItem(2).Icon]</texture>
					</control>
					<control type="image">
						<posx>0</posx>
						<posy>193</posy>
						<width>193</width>
						<height>193</height>
						<texture flipy="true" diffuse="iconview-reflect-diffuse.png">iconview-overlay.png</texture>
					</control>
				</control>

				<!-- Move Icon 3 To Icon 2 Position On Move Next -->
				<control type="group">
					<visible>Container(52).OnNext</visible>
					<visible>!IsEmpty(Container(52).ListItemNoWrap(1).Label)</visible>
					<animation effect="zoom" start="314,29,193,386" end="159,15,220,440" time="250" reversible="false">Hidden</animation>
					<posx>314</posx>
					<posy>29</posy>
					<width>193</width>
					<height>386</height>
					<control type="image">
						<posx>0</posx>
						<posy>0</posy>
						<width>193</width>
						<height>193</height>
						<aspectratio align="center" scalediffuse="false">scale</aspectratio>
						<texture diffuse="iconview-diffuse.png">$INFO[Container(52).ListItem(1).Icon]</texture>
					</control>
					<control type="image">
						<posx>0</posx>
						<posy>0</posy>
						<width>193</width>
						<height>193</height>
						<texture>iconview-overlay.png</texture>
					</control>
					<control type="image">
						<posx>0</posx>
						<posy>193</posy>
						<width>193</width>
						<height>193</height>
						<aspectratio align="center" scalediffuse="false">scale</aspectratio>
						<texture flipy="true" diffuse="iconview-reflect-diffuse.png">$INFO[Container(52).ListItem(1).Icon]</texture>
					</control>
					<control type="image">
						<posx>0</posx>
						<posy>193</posy>
						<width>193</width>
						<height>193</height>
						<texture flipy="true" diffuse="iconview-reflect-diffuse.png">iconview-overlay.png</texture>
					</control>
				</control>
				
				<!-- Move Icon 2 To Icon 1 Position On Move Next -->
				<control type="group">
					<visible>Container(52).OnNext</visible>
					<visible>!IsEmpty(Container(52).ListItemNoWrap(0).Label)</visible>
					<animation effect="zoom" start="159,15,220,440" end="0,0,251,502" time="250" reversible="false">Hidden</animation>
					<posx>159</posx>
					<posy>15</posy>
					<width>220</width>
					<height>440</height>
					<control type="image">
						<posx>0</posx>
						<posy>0</posy>
						<width>220</width>
						<height>220</height>
						<aspectratio align="center" scalediffuse="false">scale</aspectratio>
						<texture diffuse="iconview-diffuse.png">$INFO[Container(52).ListItem(0).Icon]</texture>
					</control>
					<control type="image">
						<posx>0</posx>
						<posy>0</posy>
						<width>220</width>
						<height>220</height>
						<texture>iconview-overlay.png</texture>
					</control>
					<control type="image">
						<posx>0</posx>
						<posy>220</posy>
						<width>220</width>
						<height>220</height>
						<aspectratio align="center" scalediffuse="false">scale</aspectratio>
						<texture flipy="true" diffuse="iconview-reflect-diffuse.png">$INFO[Container(52).ListItem(0).Icon]</texture>
					</control>
					<control type="image">
						<posx>0</posx>
						<posy>220</posy>
						<width>220</width>
						<height>220</height>
						<texture flipy="true" diffuse="iconview-reflect-diffuse.png">iconview-overlay.png</texture>
					</control>
				</control>
				
				<!-- Hide Far Left Icon On Move Next -->
				<control type="group">
					<visible>Container(52).OnNext</visible>
					<animation type="Hidden" reversible="false">
						<effect type="fade" start="100" end="0" time="250" />
						<effect type="slide" start="0" end="-128" time="250" />	
					</animation>				
					<posx>0</posx>
					<posy>0</posy>
					<width>251</width>
					<height>502</height>
					<control type="image">
						<posx>0</posx>
						<posy>0</posy>
						<width>251</width>
						<height>251</height>
						<aspectratio align="center" scalediffuse="false">scale</aspectratio>
						<texture diffuse="iconview-diffuse.png">$INFO[Container(52).ListItem(-1).Icon]</texture>
					</control>
					<control type="image">
						<posx>0</posx>
						<posy>0</posy>
						<width>251</width>
						<height>251</height>
						<texture>iconview-overlay.png</texture>
					</control>
					<control type="image">
						<posx>0</posx>
						<posy>251</posy>
						<width>251</width>
						<height>251</height>
						<aspectratio align="center" scalediffuse="false">scale</aspectratio>
						<texture flipy="true" diffuse="iconview-reflect-diffuse.png">$INFO[Container(52).ListItem(-1).Icon]</texture>
					</control>
					<control type="image">
						<posx>0</posx>
						<posy>251</posy>
						<width>251</width>
						<height>251</height>
						<texture flipy="true" diffuse="iconview-reflect-diffuse.png">iconview-overlay.png</texture>
					</control>
				</control>
				
			</control>
			
			<!-- Login View Static Icons -->
			<control type="group" id="5200">

				<visible>!Control.IsVisible(5201)  + !Control.IsVisible(5202)</visible>
		
				<!-- Icon 3 -->
				<control type="group">
					<posx>314</posx>
					<posy>29</posy>
					<width>193</width>
					<height>386</height>
					<animation type="WindowOpen">
						<effect type="slide" start="-314" end="0" center="auto" time="150" delay="150" tween="elastic" easing="out" reversible="false" />
						<effect type="fade" start="0" end="100" time="150" delay="150" tween="sine" easing="out" reversible="false" />
					</animation>
					<animation type="WindowClose">
						<effect type="slide" start="0" end="-314" center="auto" time="150" tween="back" easing="in" reversible="false" />
						<effect type="fade" start="100" end="0" time="150" tween="sine" easing="in" reversible="false" />
					</animation>
					<visible>!IsEmpty(Container(52).ListItemNoWrap(2).Label)</visible>
					<control type="image">
						<posx>0</posx>
						<posy>0</posy>
						<width>193</width>
						<height>193</height>
						<aspectratio align="center" scalediffuse="false">scale</aspectratio>
						<texture diffuse="iconview-diffuse.png">$INFO[Container(52).ListItem(2).Icon]</texture>
					</control>
					<control type="image">
						<posx>0</posx>
						<posy>0</posy>
						<width>193</width>
						<height>193</height>
						<texture>iconview-overlay.png</texture>
					</control>
					<control type="image">
						<posx>0</posx>
						<posy>193</posy>
						<width>193</width>
						<height>193</height>
						<aspectratio align="center" scalediffuse="false">scale</aspectratio>
						<texture flipy="true" diffuse="iconview-reflect-diffuse.png">$INFO[Container(52).ListItem(2).Icon]</texture>
					</control>
					<control type="image">
						<posx>0</posx>
						<posy>193</posy>
						<width>193</width>
						<height>193</height>
						<texture flipy="true" diffuse="iconview-reflect-diffuse.png">iconview-overlay.png</texture>
					</control>
				</control>
				
				<!-- Icon 2 -->
				<control type="group">
					<posx>159</posx>
					<posy>15</posy>
					<width>220</width>
					<height>440</height>
					<animation type="WindowOpen">
						<effect type="slide" start="-159" end="0" center="auto" time="150" delay="150" tween="elastic" easing="out" reversible="false" />
						<effect type="fade" start="0" end="100" time="150" delay="150" tween="sine" easing="out" reversible="false" />
					</animation>
					<animation type="WindowClose">
						<effect type="slide" start="0" end="-159" center="auto" time="150" tween="back" easing="in" reversible="false" />
						<effect type="fade" start="100" end="0" time="150" tween="sine" easing="in" reversible="false" />
					</animation>
					<visible>!IsEmpty(Container(52).ListItemNoWrap(1).Label)</visible>
					<control type="image">
						<posx>0</posx>
						<posy>0</posy>
						<width>220</width>
						<height>220</height>
						<aspectratio align="center" scalediffuse="false">scale</aspectratio>
						<texture diffuse="iconview-diffuse.png">$INFO[Container(52).ListItem(1).Icon]</texture>
					</control>
					<control type="image">
						<posx>0</posx>
						<posy>0</posy>
						<width>220</width>
						<height>220</height>
						<texture>iconview-overlay.png</texture>
					</control>
					<control type="image">
						<posx>0</posx>
						<posy>220</posy>
						<width>220</width>
						<height>220</height>
						<aspectratio align="center" scalediffuse="false">scale</aspectratio>
						<texture flipy="true" diffuse="iconview-reflect-diffuse.png">$INFO[Container(52).ListItem(1).Icon]</texture>
					</control>
					<control type="image">
						<posx>0</posx>
						<posy>220</posy>
						<width>220</width>
						<height>220</height>
						<texture flipy="true" diffuse="iconview-reflect-diffuse.png">iconview-overlay.png</texture>
					</control>
				</control>
				
				<!-- Icon 1 -->
				<control type="group">
					<posx>0</posx>
					<posy>0</posy>
					<width>251</width>
					<height>502</height>
					<camera x="0" y="0" />
					<animation type="WindowOpen">
						<effect type="fade" start="0" end="100" time="150" tween="sine" easing="out" reversible="false" />
						<effect type="rotatey" start="90" end="0" center="0,0" time="150" tween="sine" easing="out" reversible="false" />
					</animation>
					<animation type="WindowClose">
						<effect type="fade" start="100" end="0" time="150" delay="150" tween="sine" easing="in" reversible="false" />
						<effect type="rotatey" start="0" end="-90" center="0,0" time="150" delay="150" tween="sine" easing="out" reversible="false" />
					</animation>
					<control type="image">
						<posx>0</posx>
						<posy>0</posy>
						<width>251</width>
						<height>251</height>
						<aspectratio align="center" scalediffuse="false">scale</aspectratio>
						<texture diffuse="iconview-diffuse.png">$INFO[Container(52).ListItem(0).Icon]</texture>
					</control>
					<control type="image">
						<posx>0</posx>
						<posy>0</posy>
						<width>251</width>
						<height>251</height>
						<texture>iconview-overlay.png</texture>
					</control>
					<control type="image">
						<posx>0</posx>
						<posy>251</posy>
						<width>251</width>
						<height>251</height>
						<aspectratio align="center" scalediffuse="false">scale</aspectratio>
						<texture flipy="true" diffuse="iconview-reflect-diffuse.png">$INFO[Container(52).ListItem(0).Icon]</texture>
					</control>
					<control type="image">
						<posx>0</posx>
						<posy>251</posy>
						<width>251</width>
						<height>251</height>
						<texture flipy="true" diffuse="iconview-reflect-diffuse.png">iconview-overlay.png</texture>
					</control>
				</control>
		
			</control>
				
		</control>
		
		<control type="fixedlist" id="52">
			<posx>108</posx>
			<posy>340</posy>
			<width>532</width>
			<height>150</height>
			<onleft>-</onleft>
			<onright>-</onright>
			<onup>-</onup>
			<ondown>ActivateWindow(1200)</ondown>
			<viewtype label="50135">list</viewtype>
			<orientation>horizontal</orientation>
			<pagecontrol>-</pagecontrol>
			<scrolltime>0</scrolltime>
			<itemlayout height="150" width="532">
				<control type="label">
					<posx>532</posx>
					<posy>0</posy>
					<width>532</width>
					<height>120</height>
					<font>Huge</font>
					<selectedcolor>Highlight</selectedcolor>
					<shadowcolor>TextShadow</shadowcolor>
					<textcolor>Text</textcolor>
					<align>right</align>
					<info>ListItem.Label</info>
				</control>
				<control type="label">
					<posx>532</posx>
					<posy>110</posy>
					<width>532</width>
					<height>40</height>
					<font>Default</font>
					<selectedcolor>Highlight</selectedcolor>
					<shadowcolor>TextShadow</shadowcolor>
					<textcolor>Text</textcolor>
					<align>right</align>
					<info>ListItem.Label2</info>
				</control>
			</itemlayout>
			<focusedlayout height="150" width="532">
				<control type="label">
					<posx>532</posx>
					<posy>0</posy>
					<width>532</width>
					<height>120</height>
					<font>Huge</font>
					<selectedcolor>Highlight</selectedcolor>
					<shadowcolor>TextShadow</shadowcolor>
					<textcolor>Text</textcolor>
					<align>right</align>
					<info>ListItem.Label</info>
				</control>
				<control type="label">
					<posx>532</posx>
					<posy>110</posy>
					<width>532</width>
					<height>40</height>
					<font>Default</font>
					<selectedcolor>Highlight</selectedcolor>
					<shadowcolor>TextShadow</shadowcolor>
					<textcolor>Text</textcolor>
					<align>right</align>
					<info>ListItem.Label2</info>
				</control>
			</focusedlayout>
		</control>
		
	</include>
</includes>