<includes>

	<!-- Menu Common -->

	<include name="Menu_Layout">
		<focusposition>0</focusposition>
		<orientation>horizontal</orientation>
		<scrolltime>250</scrolltime>
		<itemlayout height="512" width="256">
			<control type="label">
				<posx>0</posx>
				<posy>0</posy>
				<width>170</width>
				<height>512</height>
				<font>Default</font>
				<align>center</align>
				<info>ListItem.label</info>
				<visible>false</visible>
			</control>
		</itemlayout>
		<focusedlayout height="512" width="256">
			<control type="label">
				<posx>0</posx>
				<posy>0</posy>
				<width>256</width>
				<height>512</height>
				<font>Default</font>
				<align>center</align>
				<info>ListItem.label</info>
				<visible>false</visible>
			</control>
		</focusedlayout>
	</include>

	<include name="Menu_Label">
	
		<control type="group">
		
			<visible>!Window.IsActive(1200)</visible>
			<visible>!Skin.HasSetting(Disable_Icon_Labels)</visible>

			<animation effect="fade" time="300">Visible</animation>
			<animation effect="fade" time="300">Hidden</animation>
			<animation effect="fade" time="300">WindowOpen</animation>
			<animation effect="fade" time="300">WindowClose</animation>
		
			<control type="image">
				<posx>-303</posx>
				<posy>340</posy>
				<width>605</width>
				<height>48</height>
				<texture>filter_iconlabel.png</texture>
			</control>
		
			<control type="label">
				<description>Current Selection</description>
				<posx>-640</posx>
				<posy>340</posy>
				<width>1280</width>
				<height>48</height>
				<align>center</align>
				<aligny>center</aligny>
				<label>[UPPERCASE]$INFO[Container(9000).ListItem.Label][/UPPERCASE]</label>
				<font>Selected_Item</font>
				<textcolor>TextSelectedItem</textcolor>
				<shadowcolor>TextShadow</shadowcolor>
			</control>
			
		</control>

	</include>

	<!-- Menu Standard Items -->

	<include name="Menu_Scripts">
		<item>
			<visible>!Skin.HasSetting(Disable_Scripts_Home_Icon)</visible>
			<icon>icon_home_scripts.png</icon>
			<label>247</label>
			<onclick>ActivateWindow(scripts)</onclick>
		</item>
	</include>

	<include name="Menu_Music">
		<item>
			<visible>!Skin.HasSetting(Disable_Music_Home_Icon)</visible>
			<icon>icon_home_music.png</icon>
			<label>1211</label>
			<onclick>ActivateWindow(MyMusic)</onclick>
		</item>
	</include>

	<include name="Menu_Videos">
		<item>
			<visible>!Skin.HasSetting(Disable_Videos_Home_Icon)</visible>
			<icon>icon_home_videos.png</icon>
			<label>1212</label>
			<onclick>ActivateWindow(MyVideoFiles)</onclick>
		</item>
	</include>
	
	<include name="Menu_Play_DVD">
		<item>
			<visible>!Skin.HasSetting(Disable_Play_DVD_Home_Icon)</visible>
			<icon>icon_home_disc.png</icon>
			<label>$LOCALIZE[50066]</label>
			<onclick>PlayDVD</onclick>
			<visible>System.HasMediaDVD</visible>
		</item>
	</include>
	
	<include name="Menu_Tv_Library">
		<item>
			<visible>!Skin.HasSetting(Disable_Tv_Library_Home_Icon)</visible>
			<visible>Library.HasContent(TVShows)</visible>
			<icon>icon_home_tv_library.png</icon>
			<label>$LOCALIZE[50067]</label>
			<onclick>ActivateWindow(VideoLibrary,tvshowtitles)</onclick>
		</item>
	</include>
	
	<include name="Menu_Movie_Library">
		<item>
			<visible>!Skin.HasSetting(Disable_Movie_Library_Home_Icon)</visible>
			<visible>Library.HasContent(Movies)</visible>
			<icon>icon_home_movie_library.png</icon>
			<label>$LOCALIZE[20342]</label>
			<onclick>ActivateWindow(VideoLibrary,movietitles)</onclick>
		</item>
	</include>
	
	<include name="Menu_Music_Video_Library">
		<item>
			<visible>!Skin.HasSetting(Disable_Music_Video_Library_Home_Icon)</visible>
			<visible>Library.HasContent(MusicVideos)</visible>
			<icon>icon_home_musicvideo_library.png</icon>
			<label>$LOCALIZE[50068]</label>
			<onclick>ActivateWindow(VideoLibrary,musicvideotitles)</onclick>
		</item>
	</include>

	<include name="Menu_Pictures">
		<item>
			<visible>!Skin.HasSetting(Disable_Pictures_Home_Icon)</visible>
			<icon>icon_home_pictures.png</icon>
			<label>1213</label>
			<onclick>ActivateWindow(MyPictures)</onclick>
		</item>
	</include>

	<include name="Menu_Games">
		<item>
			<visible>!Skin.HasSetting(Disable_Programs_Home_Icon)</visible>
			<icon>icon_home_games.png</icon>
			<label>0</label>
			<onclick>ActivateWindow(MyPrograms)</onclick>
			<visible>!System.Platform.Linux</visible>
		</item>
	</include>

	<include name="Menu_FileManager">
		<item>
			<visible>!Skin.HasSetting(Disable_File_Manager_Home_Icon)</visible>
			<icon>icon_home_filemanager.png</icon>
			<label>7</label>
			<onclick>ActivateWindow(MyFiles)</onclick>
		</item>
	</include>

	<include name="Menu_Weather">
		<item>
			<visible>!Skin.HasSetting(Disable_Weather_Home_Icon)</visible>
			<icon>icon_home_weather.png</icon>
			<label>8</label>
			<onclick>ActivateWindow(Weather)</onclick>
		</item>
	</include>

	<include name="Menu_Settings">
		<item>
			<icon>icon_home_settings.png</icon>
			<label>5</label>
			<onclick>ActivateWindow(Settings)</onclick>
		</item>
	</include>
	
	<!-- Settings Items -->
	
	<include name="Settings_Videos">
		<item>
			<icon>menu\settings\videos.png</icon>
			<label>10017</label>
			<onclick>ActivateWindow(MyVideosSettings)</onclick>
		</item>
	</include>
	
	<include name="Settings_Music">
		<item>
			<icon>menu\settings\music.png</icon>
			<label>10015</label>
			<onclick>ActivateWindow(MyMusicSettings)</onclick>
		</item>
	</include>
	
	<include name="Settings_Pictures">
		<item>
			<icon>menu\settings\pictures.png</icon>
			<label>10012</label>
			<onclick>ActivateWindow(MyPicturesSettings)</onclick>
		</item>
	</include>
		
	<include name="Settings_Profiles">
		<item>
			<icon>menu\settings\profiles.png</icon>
			<label>10034</label>
			<onclick>ActivateWindow(Profiles)</onclick>
		</item>
	</include>
	
	<include name="Settings_Weather">
		<item>
			<icon>menu\settings\weather.png</icon>
			<label>10014</label>
			<onclick>ActivateWindow(MyWeatherSettings)</onclick>
		</item>
	</include>

	<include name="Settings_Network">
		<item>
			<icon>menu\settings\network.png</icon>
			<label>10018</label>
			<onclick>ActivateWindow(NetworkSettings)</onclick>
		</item>
	</include>
	
	<include name="Settings_System">
		<item>
			<icon>menu\settings\system.png</icon>
			<label>10016</label>
			<onclick>ActivateWindow(SystemSettings)</onclick>
		</item>
	</include>
	
	<include name="Settings_Appearance">
		<item>
			<icon>menu\settings\appearance.png</icon>
			<label>10019</label>
			<onclick>ActivateWindow(AppearanceSettings)</onclick>
		</item>
	</include>
	
	<include name="Settings_Skin">
		<item>
			<icon>menu\settings\skin.png</icon>
			<label>$LOCALIZE[50069]</label>
			<onclick>ActivateWindow(1111)</onclick>
		</item>
	</include>
	
	<include name="Settings_System_Info">
		<item>
			<icon>menu\settings\sys_info.png</icon>
			<label>$LOCALIZE[50070]</label>
			<onclick>ActivateWindow(SystemInfo)</onclick>
		</item>
	</include>
	
	<include name="Menu_Icons">

		<control type="group">

			<posx>0</posx>
			<posy>0</posy>

			<!-- Home Scroller Icons - Counter Clockwise Mothion -->
			<control type="group" id="7001">

				<visible>Container(9000).OnPrevious</visible>
				<animation effect="slide" end="0,0" time="250" reversible="false">Hidden</animation>

				<!-- Show Far Left Icon On Move Previous -->
				<control type="group">
					<visible>Container(9000).OnPrevious</visible>
					<animation type="Hidden" reversible="false">
						<effect type="fade" start="0" end="100" time="250" />
						<effect type="slide" start="0,0" end="172,0" time="250" />
					</animation>
					<animation effect="fade" start="0" end="0" time="0" reversible="false">Visible</animation>
					<posx>-768</posx>
					<posy>55</posy>
					<width>128</width>
					<height>256</height>
					<control type="image">
						<posx>0</posx>
						<posy>0</posy>
						<width>128</width>
						<height>128</height>
						<info>Container(9000).ListItem(-2).ActualIcon</info>
					</control>
					<control type="image">
						<posx>0</posx>
						<posy>128</posy>
						<width>128</width>
						<height>128</height>
						<texture flipy="true" diffuse="fade.png" /> 
						<info>Container(9000).ListItem(-2).ActualIcon</info>
					</control>
				</control>

				<!-- Move Icon 1 To Icon 2 Position On Move Previous -->
				<control type="group">
					<visible>Container(9000).OnPrevious</visible>
					<animation effect="zoom" start="-596,55,128,256" end="-362,50,160,320" time="250" reversible="false">Hidden</animation>
					<posx>-596</posx>
					<posy>55</posy>
					<width>128</width>
					<height>256</height>
					<control type="image">
						<posx>0</posx>
						<posy>0</posy>
						<width>128</width>
						<height>128</height>
						<info>Container(9000).ListItem(-1).ActualIcon</info>
					</control>
					<control type="image">
						<posx>0</posx>
						<posy>128</posy>
						<width>128</width>
						<height>128</height>
						<texture flipy="true" diffuse="fade.png" /> 
						<info>Container(9000).ListItem(-1).ActualIcon</info>
					</control>
				</control>

				<!-- Move Icon 2 To Icon 3 Position On Move Next -->
				<control type="group">
					<visible>Container(9000).OnPrevious</visible>
					<animation effect="zoom" start="-362,50,160,320" end="-128,0,256,512" time="250" reversible="false">Hidden</animation>
					<posx>-362</posx>
					<posy>50</posy>
					<width>160</width>
					<height>320</height>
					<control type="image">
						<posx>0</posx>
						<posy>0</posy>
						<width>160</width>
						<height>160</height>
						<info>Container(9000).ListItem(0).ActualIcon</info>
					</control>
					<control type="image">
						<posx>0</posx>
						<posy>160</posy>
						<width>160</width>
						<height>160</height>
						<texture flipy="true" diffuse="fade.png" /> 
						<info>Container(9000).ListItem(0).ActualIcon</info>
					</control>
				</control>

				<!-- Move Icon 3 To Icon 4 Position On Move Previous -->
				<control type="group">
					<visible>Container(9000).OnPrevious</visible>
					<animation effect="zoom" start="-128,0,256,512" end="212,50,160,320" time="250" reversible="false">Hidden</animation>
					<posx>-128</posx>
					<posy>0</posy>
					<width>256</width>
					<height>512</height>
					<control type="image">
						<posx>0</posx>
						<posy>0</posy>
						<width>256</width>
						<height>256</height>
						<info>Container(9000).ListItem(1).ActualIcon</info>
					</control>
					<control type="image">
						<posx>0</posx>
						<posy>256</posy>
						<width>256</width>
						<height>256</height>
						<texture flipy="true" diffuse="fade.png" /> 
						<info>Container(9000).ListItem(1).ActualIcon</info>
					</control>
				</control>

				<!-- Move Icon 4 To Icon 5 Position On Move Previous -->
				<control type="group">
					<visible>Container(9000).OnPrevious</visible>
					<animation effect="zoom" start="212,50,160,320" end="468,55,128,256" time="250" reversible="false">Hidden</animation>
					<posx>212</posx>
					<posy>50</posy>
					<width>160</width>
					<height>320</height>
					<control type="image">
						<posx>0</posx>
						<posy>0</posy>
						<width>160</width>
						<height>160</height>
						<info>Container(9000).ListItem(2).ActualIcon</info>
					</control>
					<control type="image">
						<posx>0</posx>
						<posy>160</posy>
						<width>160</width>
						<height>160</height>
						<texture flipy="true" diffuse="fade.png" /> 
						<info>Container(9000).ListItem(2).ActualIcon</info>
					</control>
				</control>

				<!-- Hide Far Right Icon On Move Previous -->
				<control type="group">
					<visible>Container(9000).OnPrevious</visible>
					<animation type="Hidden" reversible="false">
						<effect type="fade" start="100" end="0" time="250" />
						<effect type="slide" start="0,0" end="172,0" time="250" />
					</animation>
					<posx>468</posx>
					<posy>55</posy>
					<width>128</width>
					<height>256</height>
					<control type="image">
						<posx>0</posx>
						<posy>0</posy>
						<width>128</width>
						<height>128</height>
						<info>Container(9000).ListItem(3).ActualIcon</info>
					</control>
					<control type="image">
						<posx>0</posx>
						<posy>128</posy>
						<width>128</width>
						<height>128</height>
						<texture flipy="true" diffuse="fade.png" /> 
						<info>Container(9000).ListItem(3).ActualIcon</info>
					</control>
				</control>

			</control>

			<!-- Home Scroller Icons - Clockwise Mothion -->
			<control type="group" id="7002">

				<visible>Container(9000).OnNext</visible>
				<animation effect="slide" end="0,0" time="250" reversible="false">Hidden</animation>

				<!-- Hide Far Left Icon On Move Next -->
				<control type="group">
					<visible>Container(9000).OnNext</visible>
					<animation type="Hidden" reversible="false">
						<effect type="fade" start="100" end="0" time="250" />
						<effect type="slide" start="0,0" end="-172,0" time="250" />
					</animation>
					<posx>-596</posx>
					<posy>55</posy>
					<width>128</width>
					<height>256</height>
					<control type="image">
						<posx>0</posx>
						<posy>0</posy>
						<width>128</width>
						<height>128</height>
						<info>Container(9000).ListItem(-3).ActualIcon</info>
					</control>
					<control type="image">
						<posx>0</posx>
						<posy>128</posy>
						<width>128</width>
						<height>128</height>
						<texture flipy="true" diffuse="fade.png" /> 
						<info>Container(9000).ListItem(-3).ActualIcon</info>
					</control>
				</control>

				<!-- Move Icon 2 To Icon 1 Position On Move Next -->
				<control type="group">
					<visible>Container(9000).OnNext</visible>
					<animation effect="zoom" start="-362,50,160,320" end="-596,55,128,256" time="250" reversible="false">Hidden</animation>
					<posx>-362</posx>
					<posy>50</posy>
					<width>160</width>
					<height>320</height>
					<control type="image">
						<posx>0</posx>
						<posy>0</posy>
						<width>160</width>
						<height>160</height>
						<info>Container(9000).ListItem(-2).ActualIcon</info>
					</control>
					<control type="image">
						<posx>0</posx>
						<posy>160</posy>
						<width>160</width>
						<height>160</height>
						<texture flipy="true" diffuse="fade.png" /> 
						<info>Container(9000).ListItem(-2).ActualIcon</info>
					</control>
				</control>

				<!-- Move Icon 3 To Icon 2 Position On Move Next -->
				<control type="group">
					<visible>Container(9000).OnNext</visible>
					<animation effect="zoom" start="-128,0,256,512" end="-362,50,160,320" time="250" reversible="false">Hidden</animation>
					<posx>-128</posx>
					<posy>0</posy>
					<width>256</width>
					<height>512</height>
					<control type="image">
						<posx>0</posx>
						<posy>0</posy>
						<width>256</width>
						<height>256</height>
						<info>Container(9000).ListItem(-1).ActualIcon</info>
					</control>
					<control type="image">
						<posx>0</posx>
						<posy>256</posy>
						<width>256</width>
						<height>256</height>
						<texture flipy="true" diffuse="fade.png" /> 
						<info>Container(9000).ListItem(-1).ActualIcon</info>
					</control>
				</control>

				<!-- Move Icon 4 To Icon 3 Position On Move Next -->
				<control type="group">
					<visible>Container(9000).OnNext</visible>
					<animation effect="zoom" start="212,50,160,320" end="-128,0,256,512" time="250" reversible="false">Hidden</animation>
					<posx>212</posx>
					<posy>50</posy>
					<width>160</width>
					<height>320</height>
					<control type="image">
						<posx>0</posx>
						<posy>0</posy>
						<width>160</width>
						<height>160</height>
						<info>Container(9000).ListItem(0).ActualIcon</info>
					</control>
					<control type="image">
						<posx>0</posx>
						<posy>160</posy>
						<width>160</width>
						<height>160</height>
						<texture flipy="true" diffuse="fade.png" /> 
						<info>Container(9000).ListItem(0).ActualIcon</info>
					</control>
				</control>

				<!-- Move Icon 5 To Icon 4 Position On Move Next -->
				<control type="group">
					<visible>Container(9000).OnNext</visible>
					<animation effect="zoom" start="468,55,128,256" end="212,50,160,320" time="250" reversible="false">Hidden</animation>
					<posx>468</posx>
					<posy>55</posy>
					<width>128</width>
					<height>256</height>
					<control type="image">
						<posx>0</posx>
						<posy>0</posy>
						<width>128</width>
						<height>128</height>
						<info>Container(9000).ListItem(1).ActualIcon</info>
					</control>
					<control type="image">
						<posx>0</posx>
						<posy>128</posy>
						<width>128</width>
						<height>128</height>
						<texture flipy="true" diffuse="fade.png" /> 
						<info>Container(9000).ListItem(1).ActualIcon</info>
					</control>
				</control>

				<!-- Show Far Right Icon On Move Next -->
				<control type="group">
					<visible>Container(9000).OnNext</visible>
					<animation type="Hidden" reversible="false">
						<effect type="fade" start="0" end="100" time="250" />
						<effect type="slide" start="172,0" end="0,0" time="250" />
					</animation>
					<animation effect="fade" start="0" end="0" time="0" reversible="false">Visible</animation>
					<posx>468</posx>
					<posy>55</posy>
					<width>128</width>
					<height>256</height>
					<control type="image">
						<posx>0</posx>
						<posy>0</posy>
						<width>128</width>
						<height>128</height>
						<info>Container(9000).ListItem(2).ActualIcon</info>
					</control>
					<control type="image">
						<posx>0</posx>
						<posy>128</posy>
						<width>128</width>
						<height>128</height>
						<texture flipy="true" diffuse="fade.png" /> 
						<info>Container(9000).ListItem(2).ActualIcon</info>
					</control>
				</control>

			</control>

			<!-- Home Scroller Static Icons -->
			<control type="group" id="7000">

				<animation effect="fade" time="600">WindowOpen</animation>
				<animation effect="fade" time="600">WindowClose</animation>

				<!-- Icon 1 -->
				<control type="group">
					<posx>-596</posx>
					<posy>55</posy>
					<width>128</width>
					<height>256</height>
					<visible>!Control.IsVisible(7001)  + !Control.IsVisible(7002)</visible>
					<control type="image">
						<posx>0</posx>
						<posy>0</posy>
						<width>128</width>
						<height>128</height>
						<info>Container(9000).ListItem(-2).ActualIcon</info>
					</control>
					<control type="image">
						<posx>0</posx>
						<posy>128</posy>
						<width>128</width>
						<height>128</height>
						<texture flipy="true" diffuse="fade.png" /> 
						<info>Container(9000).ListItem(-2).ActualIcon</info>
					</control>
				</control>

				<!-- Icon 2 -->
				<control type="group">
					<posx>-362</posx>
					<posy>50</posy>
					<width>160</width>
					<height>320</height>
					<visible>!Control.IsVisible(7001)  + !Control.IsVisible(7002)</visible>
					<control type="image">
						<posx>0</posx>
						<posy>0</posy>
						<width>160</width>
						<height>160</height>
						<info>Container(9000).ListItem(-1).ActualIcon</info>
					</control>
					<control type="image">
						<posx>0</posx>
						<posy>160</posy>
						<width>160</width>
						<height>160</height>
						<texture flipy="true" diffuse="fade.png" /> 
						<info>Container(9000).ListItem(-1).ActualIcon</info>
					</control>
				</control>

				<!-- Icon 3 -->
				<control type="group">
					<posx>-128</posx>
					<posy>0</posy>
					<width>256</width>
					<height>512</height>
					<control type="image">
						<posx>0</posx>
						<posy>0</posy>
						<width>256</width>
						<height>256</height>
						<info>Container(9000).ListItem(0).ActualIcon</info>
						<visible>!Control.IsVisible(7001)  + !Control.IsVisible(7002)</visible>		
						<animation type="Conditional" condition="Control.HasFocus(9000)">
							<effects type="zoom" start="95" end="100" center="auto" time="250" />
							<effect type="fade" start="75" end="100" center="auto" time="250" />
						</animation>						
					</control>
					<control type="image">
						<posx>0</posx>
						<posy>256</posy>
						<width>256</width>
						<height>256</height>
						<texture flipy="true" diffuse="fade.png" /> 
						<info>Container(9000).ListItem(0).ActualIcon</info>
						<visible>!Control.IsVisible(7001)  + !Control.IsVisible(7002)</visible>
						<animation type="Conditional" condition="Control.HasFocus(9000)">
							<effects type="zoom" start="95" end="100" center="auto" time="250" />
							<effect type="fade" start="75" end="100" center="auto" time="250" />
						</animation>
					</control>
				</control>
				
				<!-- Icon 4 -->
				<control type="group">
					<posx>212</posx>
					<posy>50</posy>
					<width>160</width>
					<height>320</height>
					<visible>!Control.IsVisible(7001)  + !Control.IsVisible(7002)</visible>
					<control type="image">
						<posx>0</posx>
						<posy>0</posy>
						<width>160</width>
						<height>160</height>
						<info>Container(9000).ListItem(1).ActualIcon</info>
					</control>
					<control type="image">
						<posx>0</posx>
						<posy>160</posy>
						<width>160</width>
						<height>160</height>
						<texture flipy="true" diffuse="fade.png" /> 
						<info>Container(9000).ListItem(1).ActualIcon</info>
					</control>
				</control>

				<!-- Icon 5 -->
				<control type="group">
					<posx>468</posx>
					<posy>55</posy>
					<width>128</width>
					<height>256</height>
					<visible>!Control.IsVisible(7001)  + !Control.IsVisible(7002)</visible>
					<control type="image">
						<posx>0</posx>
						<posy>0</posy>
						<width>128</width>
						<height>128</height>
						<info>Container(9000).ListItem(2).ActualIcon</info>
					</control>
					<control type="image">
						<posx>0</posx>
						<posy>128</posy>
						<width>128</width>
						<height>128</height>
						<texture flipy="true" diffuse="fade.png" /> 
						<info>Container(9000).ListItem(2).ActualIcon</info>
					</control>
				</control>

			</control>

		</control>

	</include>

	<include name="Menu_Home">

		<control type="group">

			<posx>640</posx>
			<posy>220</posy>

			<control type="wraplist" id="9000">
				<posx>-640</posx>
				<posy>0</posy>
				<height>256</height>
				<width>1280</width>
				<ondown>ActivateWindow(1200)</ondown>
				<include>Menu_Layout</include>
				<content>
					<include>Menu_Videos</include>
					<include>Menu_Movie_Library</include>
					<include>Menu_Tv_Library</include>					
					<include>Menu_Music_Video_Library</include>
					<include>Menu_Play_DVD</include>
					<include>Menu_Pictures</include>
					<include>Menu_Games</include>
					<include>Menu_FileManager</include>
					<include>Menu_Weather</include>
					<include>Menu_Settings</include>
					<include>Menu_Scripts</include>
					<include>Menu_Music</include>
				</content>
			</control>

			<include>Menu_Icons</include>
			<include>Menu_Label</include>

		</control>

	</include>
	
	<include name="Menu_Config">

		<control type="group">

			<posx>640</posx>
			<posy>220</posy>
			
			<control type="wraplist" id="9000">
				<posx>-640</posx>
				<posy>0</posy>
				<height>256</height>
				<width>1280</width>
				<ondown>ActivateWindow(1200)</ondown>
				<include>Menu_Layout</include>
				<content>
					<include>Settings_Videos</include>
					<include>Settings_Music</include>
					<include>Settings_Pictures</include>
					<include>Settings_Profiles</include>
					<include>Settings_Weather</include>
					<include>Settings_Network</include>
					<include>Settings_System</include>
					<include>Settings_Appearance</include>
					<include>Settings_Skin</include>
					<include>Settings_System_Info</include>
				</content>
			</control>

			<include>Menu_Icons</include>
			<include>Menu_Label</include>

		</control>
		
	</include>

</includes>
	