<includes>
	<include name="Debug">
	
		<!-- Grid -->
		<control type="image">
			<include>FullscreenDimentions</include>
			<texture>overlays/debug/debuggrid.png</texture>
			<colordiffuse>FFFF0033</colordiffuse>
			<visible>Skin.HasSetting(Enable_Debug_Grid_Overlay)</visible>
		</control>
		
		<control type="group">
			<visible>Skin.HasSetting(Enable_Debug_Info)</visible>
			<control type="image">
				<posx>10</posx>
				<posy>10</posy>
				<width>1260</width>
				<height>40</height>
				<texture border="10,10,10,10">menu\library\panel.png</texture>
			</control>
			<control type="label">
				<posx>20</posx>
				<posy>10</posy>
				<width>1280</width>
				<height>40</height>
				<font>Medium</font>
				<aligny>center</aligny>
				<label>$INFO[Window.Property(xmlfile),$LOCALIZE[50149] , / ]$INFO[System.CurrentWindow,$LOCALIZE[50152] , / ]$INFO[System.FPS,$LOCALIZE[50150] , / ]$INFO[System.FreeMemory,$LOCALIZE[50151] ]</label>
			</control>
		</control>
		
	</include>
</includes>