<includes>

	<include name="Dock_Play">
		<item>
			<icon>dock\icons\pause.png</icon>
			<label>$LOCALIZE[50039]</label>
			<onclick>XBMC.PlayerControl(Play)</onclick>
			<visible>!Player.Paused</visible>
		</item>
		<item>
			<icon>dock\icons\play.png</icon>
			<label>$LOCALIZE[208]</label>
			<onclick>XBMC.PlayerControl(Play)</onclick>
			<visible>Player.Paused</visible>
		</item>
	</include>

	<include name="Dock_FastForward">
		<item>
			<icon>dock\icons\fastforward.png</icon>
			<label>$LOCALIZE[50040]</label>
			<onclick>XBMC.PlayerControl(Forward)</onclick>
		</item>
	</include>

	<include name="Dock_SkipForward">
		<item>
			<icon>dock\icons\skipforward.png</icon>
			<label>$LOCALIZE[50041]</label>
			<onclick>XBMC.PlayerControl(Next)</onclick>
		</item>
	</include>

	<include name="Dock_Record">
		<item>
			<icon>dock\icons\record.png</icon>
			<label>$LOCALIZE[264]</label>
			<onclick>XBMC.PlayerControl(record)</onclick>
			<visible>Player.CanRecord + !Player.Recording</visible>
		</item>
		<item>
			<icon>dock\icons\record-off.png</icon>
			<label>$LOCALIZE[50042]</label>
			<onclick>XBMC.PlayerControl(record)</onclick>
			<visible>Player.CanRecord + Player.Recording</visible>
		</item>
	</include>

	<include name="Dock_DVD_Menu">
		<item>
			<icon>dock\icons\dvd.png</icon>
			<label>$LOCALIZE[50043]</label>
			<onclick>XBMC.PlayerControl(ShowVideoMenu)</onclick>
			<visible>VideoPlayer.HasMenu</visible>
		</item>
	</include>

	<include name="Dock_Audio">
		<item>
			<icon>dock\icons\audio.png</icon>
			<label>$LOCALIZE[292]</label>
			<onclick>XBMC.ActivateWindow(osdaudiosettings)</onclick>
		</item>
	</include>

	<include name="Dock_Video">
		<item>
			<icon>dock\icons\video.png</icon>
			<label>$LOCALIZE[1212]</label>
			<onclick>XBMC.ActivateWindow(osdvideosettings)</onclick>
		</item>
	</include>
	
	<include name="Dock_Subtitle">
		<item>
			<icon>dock\icons\subtitle.png</icon>
			<label>$LOCALIZE[462]</label>
			<onclick>RunScript($INFO[Skin.String(Path_SubtitleScript)])</onclick>
			<visible>Skin.HasSetting(Enable_SubtitleScript)</visible>
		</item>
	</include>
	
	<include name="Dock_Visualisation">
		<item>
			<icon>dock\icons\vis.png</icon>
			<label>$LOCALIZE[50044]$INFO[visualisation.name]</label>
			<onclick>Control.Message(503,moveup)</onclick>
			<onclick>SetFocus(9500)</onclick>
		</item>
	</include>
	
	<include name="Dock_Visualisation_Settings">
		<item>
			<icon>dock\icons\vis-setting.png</icon>
			<label>$LOCALIZE[50045]</label>
			<onclick>XBMC.ActivateWindow(visualisationsettings)</onclick>
		</item>
	</include>
	
	<include name="Dock_Visualisation_Presets">
		<item>
			<icon>dock\icons\vis-presets.png</icon>
			<label>$LOCALIZE[50046]</label>
			<onclick>XBMC.ActivateWindow(visualisationpresetlist)</onclick>
		</item>
	</include>

	<include name="Dock_SkipBack">
		<item>
			<icon>dock\icons\skipback.png</icon>
			<label>$LOCALIZE[50047]</label>
			<onclick>XBMC.PlayerControl(Previous)</onclick>
		</item>
	</include>

	<include name="Dock_Rewind">
		<item>
			<icon>dock\icons\rewind.png</icon>
			<label>$LOCALIZE[50048]</label>
			<onclick>XBMC.PlayerControl(Rewind)</onclick>
		</item>
	</include>

	<include name="Dock_Stop">
		<item>
			<icon>dock\icons\stop.png</icon>
			<label>$LOCALIZE[50049]</label>
			<onclick>XBMC.PlayerControl(Stop)</onclick>
			<visible>Player.Playing | Player.Paused | Player.Forwarding | Player.Rewinding</visible>
		</item>
	</include>
	
	<!-- Dock Content Items -->
	
	<include name="Dock_LastFM_Love">
		<item>
			<icon>dock\icons\love.png</icon>
			<label>$LOCALIZE[50050]</label>
			<onclick>XBMC.LastFM.Love</onclick>
			<onclick>Dialog.Close(1201)</onclick>
			<visible>LastFM.RadioPlaying</visible>
		</item>
	</include>
	
	<include name="Dock_LastFM_Hate">
		<item>
			<icon>dock\icons\hate.png</icon>
			<label>$LOCALIZE[50051]</label>
			<onclick>XBMC.LastFM.Ban</onclick>
			<onclick>Dialog.Close(1201)</onclick>
			<visible>LastFM.RadioPlaying</visible>
		</item>
	</include>
	
	<include name="Dock_Bookmark">
		<item>
			<icon>dock\icons\bookmark.png</icon>
			<label>$LOCALIZE[50052]</label>
			<onclick>XBMC.ActivateWindow(VideoBookmarks)</onclick>
			<visible>Window.IsVisible(MyVideoOSD)</visible>
		</item>
	</include>
	
	<include name="Dock_Random">
		<item>
			<icon>dock\icons\random-on.png</icon>
			<label>$LOCALIZE[590]$LOCALIZE[50053]</label>
			<onclick>XBMC.PlayerControl(Random)</onclick>
			<visible>Playlist.IsRandom</visible>
			<visible>Window.IsVisible(VideoPlaylist) | Window.IsVisible(MusicPlaylist)</visible>
		</item>
		<item>
			<icon>dock\icons\random-off.png</icon>
			<label>$LOCALIZE[590]: $LOCALIZE[591]</label>
			<onclick>XBMC.PlayerControl(Random)</onclick>
			<visible>!Playlist.IsRandom</visible>
			<visible>Window.IsVisible(VideoPlaylist) | Window.IsVisible(MusicPlaylist)</visible>
		</item>
	</include>
	
	<include name="Dock_Repeat">
		<item>
			<icon>dock\icons\repeat-off.png</icon>
			<label>$LOCALIZE[595]</label>
			<onclick>XBMC.PlayerControl(Repeat)</onclick>
			<visible>!Playlist.IsRepeat + !Playlist.IsRepeatOne</visible>
			<visible>Window.IsVisible(VideoPlaylist) | Window.IsVisible(MusicPlaylist)</visible>
		</item>
		<item>
			<icon>dock\icons\repeat-all.png</icon>
			<label>$LOCALIZE[597]</label>
			<onclick>XBMC.PlayerControl(Repeat)</onclick>
			<visible>Playlist.IsRepeat</visible>
			<visible>Window.IsVisible(VideoPlaylist) | Window.IsVisible(MusicPlaylist)</visible>
		</item>
		<item>
			<icon>dock\icons\repeat-one.png</icon>
			<label>$LOCALIZE[596]</label>
			<onclick>XBMC.PlayerControl(Repeat)</onclick>
			<visible>Playlist.IsRepeatOne</visible>
			<visible>Window.IsVisible(VideoPlaylist) | Window.IsVisible(MusicPlaylist)</visible>
		</item>
	</include>
	
	<include name="Dock_Slideshow">
		<item>
			<icon>dock\icons\slideshow.png</icon>
			<label>$LOCALIZE[108]</label>
			<onclick>SendClick(6)</onclick>
			<onclick>Dialog.Close(1201)</onclick>
			<visible>Container.HasFiles</visible>
			<visible>Window.IsVisible(Pictures)</visible>
		</item>
	</include>
	
	<include name="Dock_SlideshowRecursive">
		<item>
			<icon>dock\icons\slideshow_r.png</icon>
			<label>$LOCALIZE[13318]</label>
			<onclick>SendClick(7)</onclick>
			<onclick>Dialog.Close(1201)</onclick>
			<visible>Container.HasFolders</visible>
			<visible>Window.IsVisible(Pictures)</visible>
		</item>
	</include>
	
	<include name="Dock_Randomize">
		<item>
			<icon>dock\icons\random-on.png</icon>
			<label>$LOCALIZE[590]$LOCALIZE[50053]</label>
			<onclick>SendClick(9)</onclick>
			<visible>System.GetBool(Slideshow.Shuffle)</visible>
			<visible>Window.IsVisible(Pictures)</visible>
		</item>
		<item>
			<icon>dock\icons\random-off.png</icon>
			<label>$LOCALIZE[590]$LOCALIZE[50054]</label>
			<onclick>SendClick(9)</onclick>
			<visible>!System.GetBool(Slideshow.Shuffle)</visible>
			<visible>Window.IsVisible(Pictures)</visible>
		</item>
	</include>

	<include name="Dock_ViewAs">
		<item id="31000">
			<icon>dock\icons\viewas.png</icon>
			<label />
			<onclick>Container.NextViewMode</onclick>
			<onclick>SetFocus(9500)</onclick>
		</item>
	</include>
	
	<include name="Dock_SortAs">
		<item id="31001">
			<icon>dock\icons\sortas.png</icon>
			<label />
			<onclick>Container.NextSortMethod</onclick>
			<onclick>SetFocus(9500)</onclick>
			<visible>!Window.IsVisible(VideoPlaylist) + !Window.IsVisible(MusicPlaylist)</visible>
		</item>
	</include>

	<include name="Dock_SortDirection">
		<item id="31002">
			<icon>dock\icons\sort-direction-asc.png</icon>
			<label>$LOCALIZE[580]</label>
			<onclick>SendClick(4)</onclick>
			<visible>container.sortdirection(ascending)</visible>
		</item>
		<item id="31002">
			<icon>dock\icons\sort-direction-des.png</icon>
			<label>$LOCALIZE[580]</label>
			<onclick>SendClick(4)</onclick>
			<visible>container.sortdirection(descending)</visible>
		</item>
	</include>
	
	<include name="Dock_VideoLibrary">
		<item>
			<icon>dock\icons\library.png</icon>
			<label>$LOCALIZE[50055]</label>
			<onclick>ReplaceWindow(videolibrary)</onclick>
			<onclick>Dialog.Close(1201)</onclick>
			<visible>Window.IsVisible(videofiles)</visible>
			<visible>Library.HasContent(Video)</visible>
			<visible>System.GetBool(videolibrary.enabled)</visible>
		</item>
		<item>
			<icon>dock\icons\files-view.png</icon>
			<label>$LOCALIZE[50056]</label>
			<onclick>ReplaceWindow(videofiles)</onclick>
			<onclick>Dialog.Close(1201)</onclick>
			<visible>Window.IsVisible(videolibrary)</visible>
		</item>
	</include>
	
	<include name="Dock_Watched">
		<item>
			<icon>dock\icons\new-icon-off.png</icon>
			<label>$LOCALIZE[50057]</label>
			<onclick>SendClick(14)</onclick>
			<visible>!System.Setting(HideWatched)</visible>
			<visible>Window.IsVisible(videolibrary)</visible>
		</item>
		<item>
			<icon>dock\icons\new-icon-on.png</icon>
			<label>$LOCALIZE[50058]</label>
			<onclick>SendClick(14)</onclick>
			<visible>System.Setting(HideWatched)</visible>
			<visible>Window.IsVisible(videolibrary)</visible>
		</item>
	</include>
	
	<include name="Dock_MusicLibrary">
		<item>
			<icon>dock\icons\library.png</icon>
			<label>$LOCALIZE[50055]</label>
			<onclick>ReplaceWindow(musiclibrary)</onclick>
			<onclick>Dialog.Close(1201)</onclick>
			<visible>Window.IsVisible(musicfiles)</visible>
			<visible>Library.HasContent(Music)</visible>
			<visible>System.GetBool(musiclibrary.enabled)</visible>
		</item>
		<item>
			<icon>dock\icons\files-view.png</icon>
			<label>$LOCALIZE[50056]</label>
			<onclick>ReplaceWindow(musicfiles)</onclick>
			<onclick>Dialog.Close(1201)</onclick>
			<visible>Window.IsVisible(musiclibrary)</visible>
		</item>
	</include>
	
	<include name="Dock_Stack">
		<item>
			<icon>dock\icons\stack-on.png</icon>
			<label>$LOCALIZE[50059]</label>
			<onclick>SendClick(7)</onclick>
			<visible>Container.IsStacked</visible>
			<visible>Window.IsVisible(videofiles)</visible>
		</item>
		<item>
			<icon>dock\icons\stack-off.png</icon>
			<label>$LOCALIZE[50060]</label>
			<onclick>SendClick(7)</onclick>
			<visible>!Container.IsStacked</visible>
			<visible>Window.IsVisible(videofiles)</visible>
		</item>
	</include>
	
	<include name="Dock_Search">
		<item>
			<icon>dock\icons\search.png</icon>
			<label>$LOCALIZE[137]: $INFO[Window(musiclibrary).Property(search)]</label>
			<onclick>SendClick(8)</onclick>
			<onclick>Dialog.Close(1201)</onclick>
			<visible>Window.IsVisible(musiclibrary)</visible>
		</item>
		<item>
			<icon>dock\icons\search.png</icon>
			<label>$LOCALIZE[137]</label>
			<onclick>SendClick(8)</onclick>
			<onclick>Dialog.Close(1201)</onclick>
			<visible>Window.IsVisible(videolibrary)</visible>
		</item>
	</include>
	
	<include name="Dock_Filter">
		<item>
			<icon>dock\icons\filter-on.png</icon>
			<label>Filter: On - $INFO[Window(musiclibrary).Property(filter)]</label>
			<onclick>SendClick(19)</onclick>
			<visible>!IsEmpty(Window(musiclibrary).Property(filter))</visible>
			<visible>Window.IsVisible(musiclibrary)</visible>
		</item>
		<item>
			<icon>dock\icons\filter-on.png</icon>
			<label>Filter: On - $INFO[Window(videolibrary).Property(filter)]</label>
			<onclick>SendClick(19)</onclick>
			<visible>!IsEmpty(Window(videolibrary).Property(filter))</visible>
			<visible>Window.IsVisible(videolibrary)</visible>
		</item>
		<item>
			<icon>dock\icons\filter-off.png</icon>
			<label>Filter: Off</label>
			<onclick>SendClick(19)</onclick>
			<visible>IsEmpty(Window(musiclibrary).Property(filter))</visible>
			<visible>Window.IsVisible(musiclibrary)</visible>
		</item>
		<item>
			<icon>dock\icons\filter-off.png</icon>
			<label>Filter: Off</label>
			<onclick>SendClick(19)</onclick>
			<visible>IsEmpty(Window(videolibrary).Property(filter))</visible>
			<visible>Window.IsVisible(videolibrary)</visible>
		</item>
	</include>
	
	<include name="Dock_PartyMode">
		<item>
			<icon>dock\icons\party-mode-on.png</icon>
			<label>$LOCALIZE[50126]$LOCALIZE[50053]</label>
			<onclick>playercontrol(stop)</onclick>
			<onclick>Dialog.Close(1201)</onclick>
			<visible>musicpartymode.enabled</visible>
			<visible>Window.IsVisible(musiclibrary) | Window.IsVisible(videolibrary)</visible>
		</item>
		<item>
			<icon>dock\icons\party-mode-off.png</icon>
			<label>$LOCALIZE[50126]$LOCALIZE[50054]</label>
			<onclick>playercontrol(partymode(music))</onclick>
			<onclick>Dialog.Close(1201)</onclick>
			<visible>!musicpartymode.enabled</visible>
			<visible>Window.IsVisible(musiclibrary)</visible>
		</item>
		<item>
			<icon>dock\icons\party-mode-off.png</icon>
			<label>$LOCALIZE[50126]$LOCALIZE[50054]</label>
			<onclick>playercontrol(partymode(video))</onclick>
			<onclick>Dialog.Close(1201)</onclick>
			<visible>!musicpartymode.enabled</visible>
			<visible>Window.IsVisible(videolibrary)</visible>
		</item>
	</include>
	
	<include name="Dock_Flatten">
		<item>
			<icon>dock\icons\flatten-on.png</icon>
			<label>$LOCALIZE[50124]</label>
			<onclick>SendClick(17)</onclick>
			<visible>substring(Window(videolibrary).Property(flattened),1)</visible>
			<visible>Window.IsVisible(videolibrary)</visible>
		</item>		
		<item>
			<icon>dock\icons\flatten-off.png</icon>
			<label>$LOCALIZE[50125]</label>
			<onclick>SendClick(17)</onclick>
			<visible>!substring(Window(videolibrary).Property(flattened),1)</visible>
			<visible>Window.IsVisible(videolibrary)</visible>
		</item>
	</include>
	
	<include name="Dock_UnlockSources">
		<item>
			<icon>dock\icons\sources_locked.png</icon>
			<label>$LOCALIZE[20336]$LOCALIZE[50053]</label>
			<onclick>xbmc.mastermode</onclick>
			<visible>system.haslocks</visible>				
			<visible>system.ismaster</visible>
			<visible>Window.IsVisible(videolibrary) | Window.IsVisible(musiclibrary)</visible>
		</item>
		<item>
			<icon>dock\icons\sources_unlocked.png</icon>
			<label>$LOCALIZE[20336]$LOCALIZE[50054]</label>
			<onclick>xbmc.mastermode</onclick>
			<visible>system.haslocks</visible>				
			<visible>!system.ismaster</visible>
			<visible>Window.IsVisible(videolibrary) | Window.IsVisible(musiclibrary)</visible>
		</item>
	</include>
	
	<include name="Dock_Refresh">
		<item>
			<icon>dock\icons\refresh.png</icon>
			<label>$LOCALIZE[184]</label>
			<onclick>Container(9500).Refresh</onclick>
		</item>
	</include>
	
	<!-- Dock Weather Items -->
	
	<include name="Dock_Weather_Location">
		<item>
			<icon>dock\icons\weather-location.png</icon>
			<label>$LOCALIZE[50061]</label>
			<onclick>Control.Message(3,moveup)</onclick>
		</item>
	</include>
		
	<include name="Dock_Weather_Refresh">
		<item>
			<icon>dock\icons\weather-refresh.png</icon>
			<label>$LOCALIZE[184]</label>
			<onclick>SendClick(2)</onclick>
		</item>
	</include>
	
	<include name="Dock_Weather_Settings">
		<item>
			<icon>dock\icons\weather-settings.png</icon>
			<label>$LOCALIZE[10004]</label>
			<onclick>ActivateWindow(MyWeatherSettings)</onclick>
			<onclick>Dialog.Close(1202)</onclick>
		</item>
	</include>
	
	<!-- Dock Playlist Items -->
	<include name="Dock_Playlist_Open">
		<item>
			<icon>dock\icons\playlist-open.png</icon>
			<label>21385</label>
			<onclick>SendClick(6)</onclick>
			<onclick>Dialog.Close(1203)</onclick>
		</item>
	</include>
	
	<include name="Dock_Playlist_Save">
		<item>
			<icon>dock\icons\playlist-save.png</icon>
			<label>190</label>
			<onclick>SendClick(7)</onclick>
			<onclick>Dialog.Close(1203)</onclick>
		</item>
	</include>
	
	<include name="Dock_Playlist_Save_1201">
		<item>
			<icon>dock\icons\playlist-save.png</icon>
			<label>190</label>
			<onclick>SendClick(21)</onclick>
			<onclick>Dialog.Close(1201)</onclick>
			<visible>Window.IsVisible(VideoPlaylist) | Window.IsVisible(MusicPlaylist)</visible>
		</item>
	</include>
	
	<include name="Dock_Playlist_Clear">
		<item>
			<icon>dock\icons\playlist-clear.png</icon>
			<label>192</label>
			<onclick>SendClick(8)</onclick>
			<onclick>Dialog.Close(1203)</onclick>
		</item>
	</include>
	
	<include name="Dock_Playlist_Clear_Music">
		<item>
			<icon>dock\icons\playlist-clear.png</icon>
			<label>192</label>
			<onclick>ReplaceWindow(music)</onclick>
			<onclick>Dialog.Close(1201)</onclick>
			<visible>Window.IsVisible(MusicPlaylist)</visible>
		</item>
	</include>
	
	<include name="Dock_Playlist_Clear_Video">
		<item>
			<icon>dock\icons\playlist-clear.png</icon>
			<label>192</label>
			<onclick>ReplaceWindow(music)</onclick>
			<onclick>Dialog.Close(1201)</onclick>
			<visible>Window.IsVisible(VideoPlaylist)</visible>
		</item>
	</include>
	
	<!-- Dock Home Items -->
	
	<include name="Dock_Logout">
		<item>
			<icon>dock\icons\logout.png</icon>
			<label>20126</label>
			<onclick>system.logoff</onclick>
			<visible>System.HasLoginScreen</visible>
			<visible>System.Loggedon</visible>
		</item>	
	</include>
	
	<include name="Dock_Exit">
		<item>
			<icon>dock\icons\dashboard.png</icon>
			<label>$LOCALIZE[13006]</label>
			<onclick>XBMC.Quit()</onclick>
			<visible>!Window.IsVisible(LoginScreen)</visible>
			<visible>System.Platform.Xbox </visible>
		</item>
		<item>
			<icon>dock\icons\dashboard.png</icon>
			<label>$LOCALIZE[13012] $LOCALIZE[50027]</label>
			<onclick>XBMC.Quit()</onclick>
			<visible>!Window.IsVisible(LoginScreen)</visible>
			<visible>!System.Platform.Xbox </visible>
		</item>
	</include>
	
	<include name="Dock_Power_Options_1200">
		<item>
			<icon>dock\icons\power.png</icon>
			<label>$LOCALIZE[50062]</label>
			<onclick>XBMC.ActivateWindow(ShutdownMenu)</onclick>
			<onclick>Dialog.Close(1200)</onclick>
		</item>
	</include>
	
	<include name="Dock_Power_Options_1201">
		<item>
			<icon>dock\icons\power.png</icon>
			<label>$LOCALIZE[50062]</label>
			<onclick>XBMC.ActivateWindow(ShutdownMenu)</onclick>
			<onclick>Dialog.Close(1201)</onclick>
		</item>
	</include>
	
	<include name="Dock_Power_Options_1202">
		<item>
			<icon>dock\icons\power.png</icon>
			<label>$LOCALIZE[50062]</label>
			<onclick>XBMC.ActivateWindow(ShutdownMenu)</onclick>
			<onclick>Dialog.Close(1202)</onclick>
		</item>
	</include>
	
	<include name="Dock_Power_Options_1203">
		<item>
			<icon>dock\icons\power.png</icon>
			<label>$LOCALIZE[50062]</label>
			<onclick>XBMC.ActivateWindow(ShutdownMenu)</onclick>
			<onclick>Dialog.Close(1203)</onclick>
		</item>
	</include>
	
	<include name="Dock_Now_Playing_1200">
		<item>
			<icon>dock\icons\nowplaying.png</icon>
			<label>$LOCALIZE[50144]</label>
			<onclick>FullScreen</onclick>
			<onclick>Dialog.Close(1200)</onclick>
			<visible>Player.HasMedia + !VideoPlayer.IsFullscreen</visible>
		</item>
	</include>
	
	<include name="Dock_Now_Playing_1201">
		<item>
			<icon>dock\icons\nowplaying.png</icon>
			<label>$LOCALIZE[50144]</label>
			<onclick>FullScreen</onclick>
			<onclick>Dialog.Close(1201)</onclick>
			<visible>Player.HasMedia + !VideoPlayer.IsFullscreen</visible>
		</item>
	</include>
	
	<include name="Dock_Now_Playing_1202">
		<item>
			<icon>dock\icons\nowplaying.png</icon>
			<label>$LOCALIZE[50144]</label>
			<onclick>FullScreen</onclick>
			<onclick>Dialog.Close(1202)</onclick>
			<visible>Player.HasMedia + !VideoPlayer.IsFullscreen</visible>
		</item>
	</include>
	
	<include name="Dock_Now_Playing_1203">
		<item>
			<icon>dock\icons\nowplaying.png</icon>
			<label>$LOCALIZE[50144]</label>
			<onclick>FullScreen</onclick>
			<onclick>Dialog.Close(1203)</onclick>
			<visible>Player.HasMedia + !VideoPlayer.IsFullscreen</visible>
		</item>
	</include>
	
	<include name="Dock_Nav_1200">
		<item>
			<icon>dock\icons\nav.png</icon>
			<label>$LOCALIZE[50063]</label>
			<onclick>XBMC.ActivateWindow(PlayerControls)</onclick>
			<onclick>Dialog.Close(1200)</onclick>
			<visible>!Window.IsVisible(LoginScreen)</visible>
		</item>
	</include>
	
	<include name="Dock_Nav_1201">
		<item>
			<icon>dock\icons\nav.png</icon>
			<label>$LOCALIZE[50063]</label>
			<onclick>XBMC.ActivateWindow(PlayerControls)</onclick>
			<onclick>Dialog.Close(1201)</onclick>
		</item>
	</include>
	
	<include name="Dock_Nav_1202">
		<item>
			<icon>dock\icons\nav.png</icon>
			<label>$LOCALIZE[50063]</label>
			<onclick>XBMC.ActivateWindow(PlayerControls)</onclick>
			<onclick>Dialog.Close(1202)</onclick>
		</item>
	</include>
	
	<include name="Dock_Nav_1203">
		<item>
			<icon>dock\icons\nav.png</icon>
			<label>$LOCALIZE[50063]</label>
			<onclick>XBMC.ActivateWindow(PlayerControls)</onclick>
			<onclick>Dialog.Close(1203)</onclick>
		</item>
	</include>
	
	<include name="Dock_System_Info">
		<item>
			<icon>dock\icons\systeminfo.png</icon>
			<label>$LOCALIZE[50064]</label>
			<onclick>XBMC.ActivateWindow(systeminfo)</onclick>
			<onclick>Dialog.Close(1200)</onclick>
			<visible>!Window.IsVisible(LoginScreen)</visible>
		</item>
	</include>
	
	<include name="Dock_Favourites">
		<item>
			<icon>dock\icons\favourites.png</icon>
			<label>1036</label>
			<onclick>XBMC.ActivateWindow(Favourites)</onclick>
			<onclick>Dialog.Close(1200)</onclick>
			<visible>!Window.IsVisible(LoginScreen)</visible>
		</item>
	</include>
	
</includes>