<window id="29">
	<defaultcontrol always="true">52</defaultcontrol>
	<allowoverlay>no</allowoverlay>
	<controls>
	
		<include>Background</include>
		
		<!-- Edge Filter -->
		<include>Edge_Filter</include>
		
		<include>Login_View</include>

		<!-- Clock -->
		<include>Clock</include>
		
		<!-- Elipsis Button -->
		<control type="group">
			<posx>640</posx>
			<posy>620</posy>
			<include>Dock_Elipsis_With_Reflection</include>
		</control>
				
		<include>Debug</include>

	</controls>
</window>