<window id="121">
	<include>Fade_In_WindowOpen</include>
	<include>Fade_Out_WindowClose</include>
	<defaultcontrol>2</defaultcontrol>
	<coordinates>
		<system>1</system>
		<posx>0</posx>
		<posy>0</posy>
	</coordinates>
	<controls>

		<control type="image">
			<posx>0</posx>
			<posy>0</posy>
			<width>1280</width>
			<height>720</height>
			<texture>filter_keyboard_shadow.png</texture>
		</control>
		
		<control type="group">
			
			<include>Zoom_In_WindowOpen</include>
			<include>Zoom_Out_WindowClose</include>
		
			<control type="image">
				<description>background image</description>
				<posx>271</posx>
				<posy>107</posy>
				<width>738</width>
				<height>505</height>
				<texture>dialogs\video-osd-dialogbackground.png</texture>
			</control>
			
			<control type="group">
			
				<posx>335</posx>
				<posy>151</posy>
				<width>610</width>
				<height>378</height>
						
				<control type="image">
					<description>dialog icon</description>
					<posx>260</posx>
					<posy>5</posy>
					<width>90</width>
					<height>90</height>
					<texture>menu\osd\osd-vis-setting.png</texture>
				</control>
				
				<control type="label" id="2">
					<description>heading label</description>
					<posx>0</posx>
					<posy>100</posy>
					<width>610</width>
					<align>center</align>
					<font>Heading</font>
					<label>-</label>
					<textcolor>Text</textcolor>
				</control>		
								
				<control type="label" id="3">
					<description>No Presets at all label</description>
					<posx>15</posx>
					<posy>160</posy>
					<width>580</width>
					<height>184</height>
					<label>13389</label>
					<align>center</align>
					<aligny>center</aligny>
					<font>Medium</font>
					<textcolor>Text</textcolor>
				</control>
				
				<control type="grouplist" id="5">
					<posx>15</posx>
					<posy>160</posy>
					<width>580</width>
					<height>230</height>
					<pagecontrol>-</pagecontrol>
					<itemgap>0</itemgap>
					<onleft>5</onleft>
					<onright>5</onright>
					<onup>5</onup>
					<ondown>5</ondown>
				</control>
						
				<control type="button" id="7">
					<posx>0</posx>
					<posy>0</posy>
					<width>580</width>
					<height>46</height>
					<font>Default</font>
					<textcolor>Text</textcolor>
					<textoffsetx>15</textoffsetx>
					<texturefocus border="4,5,6,8">controls\button_f.png</texturefocus>
					<texturenofocus border="4,5,6,8">controls\button_nf.png</texturenofocus>
				</control>
				
				<control type="radiobutton" id="8">
					<posx>0</posx>
					<posy>0</posy>
					<width>580</width>
					<height>46</height>					
					<textcolor>Text</textcolor>
					<textoffsetx>15</textoffsetx>
					<radioposx>549</radioposx>
					<font>Default</font>
					<texturefocus border="4,5,6,8">controls\button_f.png</texturefocus>
					<texturenofocus border="4,5,6,8">controls\button_nf.png</texturenofocus>
					<textureradiofocus>controls\radiobutton_f.png</textureradiofocus>
					<textureradionofocus>controls\radiobutton_nf.png</textureradionofocus>
				</control>
				
				<control type="spincontrolex" id="9">
					<posx>0</posx>
					<posy>0</posy>
					<width>580</width>
					<height>46</height>
					<font>Default</font>
					<texturefocus border="4,5,6,8">controls\button_f.png</texturefocus>
					<texturenofocus border="4,5,6,8">controls\button_nf.png</texturenofocus>
					<textureup>controls\sortup_nf.png</textureup>
					<texturedown>controls\sortdown_nf.png</texturedown>
					<textureupfocus>controls\sortup_f.png</textureupfocus>
					<texturedownfocus>controls\sortdown_f.png</texturedownfocus>
					<textcolor>Text</textcolor>
					<disabledcolor>DisabledText</disabledcolor>
					<textoffsetx>15</textoffsetx>
					<aligny>center</aligny>
					<reverse>yes</reverse>
				</control>
				
			</control>
		
		</control>
	
		<include>Debug</include>

	</controls>
	
</window>








		
		

