<window id="35">
	<defaultcontrol always="true">200</defaultcontrol>
	<include>Fade_In_WindowOpen</include>
	<include>Fade_Out_WindowClose</include>
	<coordinates>
		<system>1</system>
		<posx>0</posx>
		<posy>0</posy>
	</coordinates>
	<controls>
	
		<control type="image">
			<posx>0</posx>
			<posy>0</posy>
			<width>1280</width>
			<height>720</height>
			<texture>filter_keyboard_shadow.png</texture>
		</control>
		
		<control type="label">
			<posx>0</posx>
			<posy>0</posy>				
			<width>1280</width>
			<height>720</height>
			<font>Extra_Large</font>
			<textcolor>Highlight</textcolor>
			<label>$LOCALIZE[50025]</label>
			<align>center</align>
			<aligny>center</aligny>
		</control>	
		
		<include>Debug</include>

	</controls>
</window>