<window id="503">
	<defaultcontrol always="true">50</defaultcontrol>
	<allowoverlay>no</allowoverlay>
	<controls>
	
		<!-- Backgrounds -->
		<include>Background</include>
		
		<!-- Elipsis Visor -->
		<include>Visor_Filter</include>
		
		<control type="group">
		
			<include>Fade_In_WindowOpen</include>
			<include>Fade_Out_WindowClose</include>
		
			<control type="group">
		
				<include>Zoom_In_WindowOpen</include>
				<include>Zoom_Out_WindowClose</include>				
		
				<posx>8</posx>
				<posy>126</posy>
				<width>533</width>
				<height>482</height>
		
				<control type="image">
					<posx>0</posx>
					<posy>0</posy>
					<width>533</width>
					<height>482</height>
					<texture>dialogs\dialog-playlist-left.png</texture>
				</control>
				
				<control type="label">
					<description>Files directory text label left</description>
					<align>right</align>
					<posx>502</posx>
					<posy>40</posy>
					<width>470</width>
					<label>1211</label>
					<font>Large</font>
					<textcolor>Highlight</textcolor>
				</control>
								
				<control type="list" id="50">
					<posx>32</posx>
					<posy>82</posy>
					<width>470</width>
					<height>322</height>
					<onleft>ActivateWindow(1203)</onleft>
					<onright>100</onright>
					<onup>50</onup>
					<ondown>50</ondown>
					<pagecontrol>-</pagecontrol>
					<scrolltime>200</scrolltime>
					<itemlayout height="46">
						<control type="image">
							<posx>0</posx>
							<posy>0</posy>
							<width>470</width>
							<height>46</height>
							<texture border="4,5,6,8">controls\button_nf.png</texture>
						</control>
						<control type="image">
							<posx>10</posx>
							<posy>4</posy>
							<width>35</width>
							<height>35</height>
							<info>ListItem.Icon</info>
						</control>
						<control type="label">
							<posx>55</posx>
							<posy>4</posy>
							<width>295</width>
							<height>35</height>
							<font>Default</font>
							<aligny>center</aligny>
							<selectedcolor>Highlight</selectedcolor>
							<textcolor>Text</textcolor>
							<align>left</align>
							<info>ListItem.Label</info>
						</control>
						<control type="label">
							<posx>460</posx>
							<posy>4</posy>
							<width>120</width>
							<height>35</height>
							<font>Default</font>
							<aligny>center</aligny>
							<selectedcolor>Highlight</selectedcolor>
							<textcolor>Text</textcolor>
							<align>right</align>
							<info>ListItem.Label2</info>
						</control>
					</itemlayout>
					<focusedlayout height="46" width="470">
						<control type="image">
							<posx>0</posx>
							<posy>0</posy>
							<width>470</width>
							<height>46</height>
							<texture border="4,5,6,8">controls\button_nf.png</texture>
							<visible>!Control.HasFocus(50)</visible>
						</control>
						<control type="image">
							<posx>0</posx>
							<posy>0</posy>
							<width>470</width>
							<height>46</height>
							<texture border="4,5,6,8">controls\button_f.png</texture>
							<visible>Control.HasFocus(50)</visible>
						</control>
						<control type="image">
							<posx>10</posx>
							<posy>4</posy>
							<width>35</width>
							<height>35</height>
							<info>ListItem.Icon</info>
						</control>
						<control type="label">
							<posx>55</posx>
							<posy>4</posy>
							<width>295</width>
							<height>35</height>
							<font>Default</font>
							<aligny>center</aligny>
							<selectedcolor>Highlight</selectedcolor>
							<textcolor>Text</textcolor>
							<align>left</align>
							<info>ListItem.Label</info>
						</control>
						<control type="label">
							<posx>460</posx>
							<posy>4</posy>
							<width>120</width>
							<height>35</height>
							<font>Default</font>
							<aligny>center</aligny>
							<selectedcolor>Highlight</selectedcolor>
							<textcolor>Text</textcolor>
							<align>right</align>
							<info>ListItem.Label2</info>
						</control>
					</focusedlayout>
				</control>
				
				<control type="label">
					<description>number of files in left list text label</description>
					<align>right</align>
					<posx>502</posx>
					<posy>415</posy>
					<width>470</width>
					<label>($INFO[Container(50).NumItems]$LOCALIZE[50104]$INFO[Container(50).CurrentPage]/$INFO[Container(50).NumPages])</label>
					<font>Medium</font>
					<textcolor>Text</textcolor>
				</control>
				
			</control>
			
			<control type="group">
				<include>Zoom_In_WindowOpen</include>
				<include>Zoom_Out_WindowClose</include>			
				<control type="group">
					<visible>Control.HasFocus(50)</visible>
					<control type="image">
						<posx>544</posx>
						<posy>160</posy>
						<width>192</width>
						<height>192</height>
						<aspectratio align="center" scalediffuse="false">scale</aspectratio>
						<texture diffuse="iconview-diffuse.png">$INFO[Container(50).ListItem.Icon]</texture> 
					</control>
					<control type="label">
						<posx>544</posx>
						<posy>380</posy>
						<width>192</width>
						<height>20</height>
						<font>Medium</font>
						<align>center</align>
						<textcolor>Text</textcolor>
						<label>$INFO[Container(50).ListItem.Title]</label>
						<scroll>true</scroll>
					</control>
					<control type="label">
						<posx>544</posx>
						<posy>410</posy>
						<width>192</width>
						<height>20</height>
						<font>Heading_Small</font>
						<align>center</align>
						<textcolor>Text</textcolor>
						<label>$INFO[Container(50).ListItem.Artist]</label>
						<scroll>true</scroll>
					</control>
					<control type="label">
						<posx>544</posx>
						<posy>440</posy>
						<width>192</width>
						<height>20</height>
						<font>Medium</font>
						<align>center</align>
						<textcolor>Text</textcolor>
						<label>$INFO[Container(50).ListItem.Album]</label>
						<scroll>true</scroll>
					</control>
					<control type="label">
						<posx>544</posx>
						<posy>470</posy>
						<width>192</width>
						<height>20</height>
						<font>Medium</font>
						<align>center</align>
						<textcolor>Text</textcolor>
						<label>$INFO[Container(50).ListItem.Duration]</label>
						<scroll>true</scroll>
					</control>
					<control type="label">
						<posx>544</posx>
						<posy>500</posy>
						<width>192</width>
						<height>20</height>
						<font>Medium</font>
						<align>center</align>
						<textcolor>Text</textcolor>
						<label>$INFO[Container(50).ListItem.TrackNumber]</label>
						<scroll>true</scroll>
					</control>
					<control type="label">
						<posx>544</posx>
						<posy>530</posy>
						<width>192</width>
						<height>20</height>
						<font>Medium</font>
						<align>center</align>
						<textcolor>Text</textcolor>
						<label>$INFO[Container(50).ListItem.Genre]</label>
						<scroll>true</scroll>
					</control>
				</control>
				<control type="group">
					<visible>Control.HasFocus(100)</visible>
					<control type="image">
						<posx>544</posx>
						<posy>160</posy>
						<width>192</width>
						<height>192</height>
						<aspectratio align="center" scalediffuse="false">scale</aspectratio>
						<texture diffuse="iconview-diffuse.png">$INFO[Container(100).ListItem.Icon]</texture> 
					</control>
					<control type="label">
						<posx>544</posx>
						<posy>380</posy>
						<width>192</width>
						<height>20</height>
						<font>Medium</font>
						<align>center</align>
						<textcolor>Text</textcolor>
						<label>$INFO[Container(100).ListItem.Title]</label>
						<scroll>true</scroll>
					</control>
					<control type="label">
						<posx>544</posx>
						<posy>410</posy>
						<width>192</width>
						<height>20</height>
						<font>Heading_Small</font>
						<align>center</align>
						<textcolor>Text</textcolor>
						<label>$INFO[Container(100).ListItem.Artist]</label>
						<scroll>true</scroll>
					</control>
					<control type="label">
						<posx>544</posx>
						<posy>440</posy>
						<width>192</width>
						<height>20</height>
						<font>Medium</font>
						<align>center</align>
						<textcolor>Text</textcolor>
						<label>$INFO[Container(100).ListItem.Album]</label>
						<scroll>true</scroll>
					</control>
					<control type="label">
						<posx>544</posx>
						<posy>470</posy>
						<width>192</width>
						<height>20</height>
						<font>Medium</font>
						<align>center</align>
						<textcolor>Text</textcolor>
						<label>$INFO[Container(100).ListItem.Duration]</label>
						<scroll>true</scroll>
					</control>
					<control type="label">
						<posx>544</posx>
						<posy>500</posy>
						<width>192</width>
						<height>20</height>
						<font>Medium</font>
						<align>center</align>
						<textcolor>Text</textcolor>
						<label>$INFO[Container(100).ListItem.TrackNumber]</label>
						<scroll>true</scroll>
					</control>
					<control type="label">
						<posx>544</posx>
						<posy>530</posy>
						<width>192</width>
						<height>20</height>
						<font>Medium</font>
						<align>center</align>
						<textcolor>Text</textcolor>
						<label>$INFO[Container(100).ListItem.Genre]</label>
						<scroll>true</scroll>
					</control>
				</control>
				<control type="image">
					<posx>544</posx>
					<posy>160</posy>
					<width>192</width>
					<height>192</height>
					<texture>iconview-overlay.png</texture>
				</control>
			</control>
			
			<control type="group">
			
				<include>Zoom_In_WindowOpen</include>
				<include>Zoom_Out_WindowClose</include>				
			
				<posx>739</posx>
				<posy>126</posy>
				<width>533</width>
				<height>482</height>
			
				<control type="image">
					<posx>0</posx>
					<posy>0</posy>
					<width>533</width>
					<height>482</height>
					<texture>dialogs\dialog-playlist-right.png</texture>
				</control>
				
				<control type="label">
					<description>Playlist directory text label right</description>
					<align>left</align>
					<posx>32</posx>
					<posy>40</posy>
					<width>470</width>
					<label>559</label>
					<font>Large</font>
					<textcolor>Highlight</textcolor>
				</control>
					
				<control type="list" id="100">
					<posx>32</posx>
					<posy>82</posy>
					<width>470</width>
					<height>322</height>
					<onleft>50</onleft>
					<onright>ActivateWindow(1203)</onright>
					<onup>100</onup>
					<ondown>100</ondown>
					<pagecontrol>-</pagecontrol>
					<scrolltime>200</scrolltime>
					<itemlayout height="46">
						<control type="image">
							<posx>0</posx>
							<posy>0</posy>
							<width>470</width>
							<height>46</height>
							<texture border="4,5,6,8">controls\button_nf.png</texture>
						</control>
						<control type="image">
							<posx>10</posx>
							<posy>4</posy>
							<width>35</width>
							<height>35</height>
							<info>ListItem.Icon</info>
						</control>
						<control type="label">
							<posx>55</posx>
							<posy>4</posy>
							<width>295</width>
							<height>35</height>
							<font>Default</font>
							<aligny>center</aligny>
							<selectedcolor>Highlight</selectedcolor>
							<textcolor>Text</textcolor>
							<align>left</align>
							<info>ListItem.Label</info>
						</control>
						<control type="label">
							<posx>460</posx>
							<posy>4</posy>
							<width>120</width>
							<height>35</height>
							<font>Default</font>
							<aligny>center</aligny>
							<selectedcolor>Highlight</selectedcolor>
							<textcolor>Text</textcolor>
							<align>right</align>
							<info>ListItem.Label2</info>
						</control>
					</itemlayout>
					<focusedlayout height="46">
						<control type="image">
							<posx>0</posx>
							<posy>0</posy>
							<width>470</width>
							<height>46</height>
							<texture border="4,5,6,8">controls\button_nf.png</texture>
							<visible>!Control.HasFocus(100)</visible>
						</control>
						<control type="image">
							<posx>0</posx>
							<posy>0</posy>
							<width>470</width>
							<height>46</height>
							<texture border="4,5,6,8">controls\button_f.png</texture>
							<visible>Control.HasFocus(100)</visible>
						</control>
						<control type="image">
							<posx>10</posx>
							<posy>4</posy>
							<width>35</width>
							<height>35</height>
							<info>ListItem.Icon</info>
						</control>
						<control type="label">
							<posx>55</posx>
							<posy>4</posy>
							<width>295</width>
							<height>35</height>
							<font>Default</font>
							<aligny>center</aligny>
							<selectedcolor>Highlight</selectedcolor>
							<textcolor>Text</textcolor>
							<align>left</align>
							<info>ListItem.Label</info>
						</control>
						<control type="label">
							<posx>460</posx>
							<posy>4</posy>
							<width>120</width>
							<height>35</height>
							<font>Default</font>
							<aligny>center</aligny>
							<selectedcolor>Highlight</selectedcolor>
							<textcolor>Text</textcolor>
							<align>right</align>
							<info>ListItem.Label2</info>
						</control>
					</focusedlayout>
				</control>
				
				<control type="label">
					<description>number of files in right list text label</description>
					<align>left</align>
					<posx>32</posx>
					<posy>415</posy>
					<width>470</width>
					<label>($INFO[Container(100).NumItems]$LOCALIZE[50104]$INFO[Container(100).CurrentPage]/$INFO[Container(100).NumPages])</label>
					<font>Medium</font>
					<textcolor>Text</textcolor>
				</control>
			
			</control>

		</control>
		
		<!-- Edge Filter -->
		<include>Edge_Filter</include>

		<!-- Clock -->
		<include>Clock</include>
		
		<!-- Now Playing Widget -->
		<include>Now_Playing_Widget</include>

		<!-- Elipsis Button -->
		<control type="group">
			<posx>640</posx>
			<posy>620</posy>
			<include>Dock_Elipsis_With_Reflection</include>
		</control>
		
		<include>Debug</include>

	</controls>
</window>