<window id="25">
	<defaultcontrol always="true">50</defaultcontrol>
	<allowoverlay>no</allowoverlay>
	<views>50,51,52</views>
	<controls>
	
		<include>Background</include>
		
		<!-- Elipsis Visor -->
		<include>Visor_Filter</include>

		<!-- Edge Filter -->
		<include>Edge_Filter</include>

		<include>Video_Library_Views</include>
		
		<!-- Clock -->
		<include>Clock</include>
		
		<!-- Folder Name -->
		<include>CurrentSection</include>
		
		<!-- Now Playing Widget -->
		<include>Now_Playing_Widget</include>
		
		<!-- Elipsis Button -->
		<control type="group">
			<posx>640</posx>
			<posy>620</posy>
			<include>Dock_Elipsis_With_Reflection</include>
		</control>
		
		<control type="radiobutton" id="19">
			<posx>0</posx>
			<posy>0</posy>
			<height>10</height>
			<width>10</width>
			<label>-</label>
			<visible>false</visible>
		</control>
		
		<include>Debug</include>

	</controls>
</window>