<window id="12">
	<defaultcontrol>3</defaultcontrol>
	<allowoverlay>no</allowoverlay>
	<controls>

		<!-- Backgrounds -->
		<include>Background</include>

		<control type="grouplist" id="3">
			<description>button area</description>
			<posx>440</posx>
			<posy>130</posy>
			<width>400</width>
			<height>30</height>
			<itemgap>0</itemgap>
			<onleft>3</onleft>
			<onright>3</onright>
			<onup>3</onup>
			<ondown>5</ondown>
			<orientation>horizontal</orientation>
		</control>
		<control type="button" id="10">
			<description>Default Category Button</description>
			<posx>0</posx>
			<posy>0</posy>
			<width>400</width>
			<height>46</height>
			<label>-</label>
			<align>center</align>
			<textcolor>-</textcolor>
			<disabledcolor>-</disabledcolor>
			<texturefocus>-</texturefocus>
			<texturenofocus>-</texturenofocus>
		</control>
		
		<control type="grouplist" id="5">
			<description>control area</description>
			<posx>108</posx>
			<posy>199</posy>
			<width>1064</width>
			<height>322</height>
			<itemgap>0</itemgap>
			<pagecontrol>-</pagecontrol>
			<onleft>3</onleft>
			<onright>3</onright>
			<onup>5</onup>
			<ondown>5</ondown>
		</control>
		<control type="button" id="7">
			<description>Default Button</description>
			<posx>0</posx>
			<posy>0</posy>
			<height>46</height>
			<font>Default</font>
			<textcolor>Text</textcolor>
			<textoffsetx>15</textoffsetx>
			<texturefocus border="4,5,6,8">controls\button_f.png</texturefocus>
			<texturenofocus>-</texturenofocus>
		</control>
		<control type="radiobutton" id="8">
			<description>Default RadioButton</description>
			<posx>0</posx>
			<posy>0</posy>
			<height>46</height>
			<textoffsetx>15</textoffsetx>
			<radioposx>1033</radioposx>
			<font>Default</font>
			<texturefocus border="4,5,6,8">controls\button_f.png</texturefocus>
			<texturenofocus>-</texturenofocus>
			<textureradiofocus>controls\radiobutton_f.png</textureradiofocus>
			<textureradionofocus>controls\radiobutton_nf.png</textureradionofocus>
			<pulseonselect>no</pulseonselect>
		</control>
		<control type="spincontrolex" id="9">
			<description>Default SpinControlex</description>
			<posx>0</posx>
			<posy>0</posy>
			<height>46</height>
			<font>Default</font>
			<texturefocus border="4,5,6,8">controls\button_f.png</texturefocus>
			<texturenofocus>-</texturenofocus>
			<textureup>controls\sortup_nf.png</textureup>
			<texturedown>controls\sortdown_nf.png</texturedown>
			<textureupfocus>controls\sortup_f.png</textureupfocus>
			<texturedownfocus>controls\sortdown_f.png</texturedownfocus>
			<textcolor>Text</textcolor>
			<disabledcolor>DisabledText</disabledcolor>
			<textoffsetx>15</textoffsetx>
			<aligny>center</aligny>
			<reverse>yes</reverse>
		</control>

		<control type="label" id="2">
			<description>Fake Label so we can pass it value down to the one below</description>
			<posx>0</posx>
			<posy>0</posy>
			<width>0</width>
			<height>0</height>
			<font>-</font>
			<visible>false</visible>
		</control>
		
		
		<control type="group">
		
			<visible>!Skin.HasSetting(Disable_Icon_Labels)</visible>
			
			<animation effect="fade" time="300">Visible</animation>
			<animation effect="fade" time="300">Hidden</animation>
			<animation effect="fade" time="300">WindowOpen</animation>
			<animation effect="fade" time="300">WindowClose</animation>
		
			<control type="image">
				<posx>337</posx>
				<posy>560</posy>
				<width>605</width>
				<height>48</height>
				<texture>filter_iconlabel.png</texture>
			</control>
			
			<control type="label">
				<description>Current Selection</description>
				<posx>0</posx>
				<posy>560</posy>
				<width>1280</width>
				<height>48</height>
				<font>Selected_Item</font>
				<align>center</align>
				<aligny>center</aligny>
				<textcolor>TextSelectedItem</textcolor>
				<shadowcolor>TextShadow</shadowcolor>
				<label>[UPPERCASE]$LOCALIZE[5] - $INFO[Control.GetLabel(2)][/UPPERCASE]</label>
			</control>
			
		</control>

		<control type="group">
			<posx>640</posx>
			<posy>135</posy>
			
			<control type="group">
				<visible>Window.IsVisible(VideosSettings)</visible>
				<control type="image">
					<posx>-195</posx>
					<posy>0</posy>
					<width>60</width>
					<height>50</height>
					<texture>settings\tabs\videos_library_nf.png</texture>
					<visible>!ControlGroup(3).HasFocus(-100)</visible>
				</control>
				<control type="image">
					<posx>-129</posx>
					<posy>0</posy>
					<width>60</width>
					<height>50</height>
					<texture>settings\tabs\videos_general_nf.png</texture>
					<visible>!ControlGroup(3).HasFocus(-99)</visible>
				</control>
				<control type="image">
					<posx>-63</posx>
					<posy>0</posy>
					<width>60</width>
					<height>50</height>
					<texture>settings\tabs\videos_folder_nf.png</texture>
					<visible>!ControlGroup(3).HasFocus(-98)</visible>
				</control>
				<control type="image">
					<posx>3</posx>
					<posy>0</posy>
					<width>60</width>
					<height>50</height>
					<texture>settings\tabs\videos_subtitles_nf.png</texture>
					<visible>!ControlGroup(3).HasFocus(-97)</visible>
				</control>
				<control type="image">
					<posx>69</posx>
					<posy>0</posy>
					<width>60</width>
					<height>50</height>
					<texture>settings\tabs\videos_dvd_nf.png</texture>
					<visible>!ControlGroup(3).HasFocus(-96)</visible>
				</control>
				<control type="image">
					<posx>135</posx>
					<posy>0</posy>
					<width>60</width>
					<height>50</height>
					<texture>settings\tabs\videos_scrapers_nf.png</texture>
					<visible>!ControlGroup(3).HasFocus(-95)</visible>
				</control>
				<control type="image">
					<posx>-195</posx>
					<posy>0</posy>
					<width>60</width>
					<height>50</height>
					<texture>settings\tabs\videos_library_f.png</texture>
					<visible>ControlGroup(3).HasFocus(-100)</visible>
					<animation type="Conditional" condition="!ControlGroup(5).HasFocus">
						<effect type="zoom" start="-195,0,60,50" end="-197,-2,64,54" time="200" />
					</animation>
				</control>
				<control type="image">
					<posx>-129</posx>
					<posy>0</posy>
					<width>60</width>
					<height>50</height>
					<texture>settings\tabs\videos_general_f.png</texture>
					<visible>ControlGroup(3).HasFocus(-99)</visible>
					<animation type="Conditional" condition="!ControlGroup(5).HasFocus">
						<effect type="zoom" start="-129,0,60,50" end="-131,-2,64,54" time="200" />
					</animation>
				</control>
				<control type="image">
					<posx>-63</posx>
					<posy>0</posy>
					<width>60</width>
					<height>50</height>
					<texture>settings\tabs\videos_folder_f.png</texture>
					<visible>ControlGroup(3).HasFocus(-98)</visible>
					<animation type="Conditional" condition="!ControlGroup(5).HasFocus">
						<effect type="zoom" start="-63,0,60,50" end="-65,-2,64,54" time="200" />
					</animation>
				</control>
				<control type="image">
					<posx>3</posx>
					<posy>0</posy>
					<width>60</width>
					<height>50</height>
					<texture>settings\tabs\videos_subtitles_f.png</texture>
					<visible>ControlGroup(3).HasFocus(-97)</visible>
					<animation type="Conditional" condition="!ControlGroup(5).HasFocus">
						<effect type="zoom" start="3,0,60,50" end="1,-2,64,54" time="200" />
					</animation>
				</control>
				<control type="image">
					<posx>69</posx>
					<posy>0</posy>
					<width>60</width>
					<height>50</height>
					<texture>settings\tabs\videos_dvd_f.png</texture>
					<visible>ControlGroup(3).HasFocus(-96)</visible>
					<animation type="Conditional" condition="!ControlGroup(5).HasFocus">
						<effect type="zoom" start="69,0,60,50" end="67,-2,64,54" time="200" />
					</animation>
				</control>
				<control type="image">
					<posx>135</posx>
					<posy>0</posy>
					<width>60</width>
					<height>50</height>
					<texture>settings\tabs\videos_scrapers_f.png</texture>
					<visible>ControlGroup(3).HasFocus(-95)</visible>
					<animation type="Conditional" condition="!ControlGroup(5).HasFocus">
						<effect type="zoom" start="135,0,60,50" end="133,-2,64,54" time="200" />
					</animation>
				</control>
			</control>
			
			<control type="group">
				<visible>Window.IsVisible(MusicSettings)</visible>
				<control type="image">
					<posx>-195</posx>
					<posy>0</posy>
					<width>60</width>
					<height>50</height>
					<texture>settings\tabs\music_library_nf.png</texture>
					<visible>!ControlGroup(3).HasFocus(-100)</visible>
				</control>
				<control type="image">
					<posx>-129</posx>
					<posy>0</posy>
					<width>60</width>
					<height>50</height>
					<texture>settings\tabs\music_player_nf.png</texture>
					<visible>!ControlGroup(3).HasFocus(-99)</visible>
				</control>
				<control type="image">
					<posx>-63</posx>
					<posy>0</posy>
					<width>60</width>
					<height>50</height>
					<texture>settings\tabs\music_files_nf.png</texture>
					<visible>!ControlGroup(3).HasFocus(-98)</visible>
				</control>
				<control type="image">
					<posx>3</posx>
					<posy>0</posy>
					<width>60</width>
					<height>50</height>
					<texture>settings\tabs\music_lastfm_nf.png</texture>
					<visible>!ControlGroup(3).HasFocus(-97)</visible>
				</control>
				<control type="image">
					<posx>69</posx>
					<posy>0</posy>
					<width>60</width>
					<height>50</height>
					<texture>settings\tabs\music_cdripping_nf.png</texture>
					<visible>!ControlGroup(3).HasFocus(-96)</visible>
				</control>
				<control type="image">
					<posx>135</posx>
					<posy>0</posy>
					<width>60</width>
					<height>50</height>
					<texture>settings\tabs\music_karaoke_nf.png</texture>
					<visible>!ControlGroup(3).HasFocus(-95)</visible>
				</control>
				<control type="image">
					<posx>-195</posx>
					<posy>0</posy>
					<width>60</width>
					<height>50</height>
					<texture>settings\tabs\music_library_f.png</texture>
					<visible>ControlGroup(3).HasFocus(-100)</visible>
					<animation type="Conditional" condition="!ControlGroup(5).HasFocus">
						<effect type="zoom" start="-195,0,60,50" end="-197,-2,64,54" time="200" />
					</animation>
				</control>
				<control type="image">
					<posx>-129</posx>
					<posy>0</posy>
					<width>60</width>
					<height>50</height>
					<texture>settings\tabs\music_player_f.png</texture>
					<visible>ControlGroup(3).HasFocus(-99)</visible>
					<animation type="Conditional" condition="!ControlGroup(5).HasFocus">
						<effect type="zoom" start="-129,0,60,50" end="-131,-2,64,54" time="200" />
					</animation>
				</control>
				<control type="image">
					<posx>-63</posx>
					<posy>0</posy>
					<width>60</width>
					<height>50</height>
					<texture>settings\tabs\music_files_f.png</texture>
					<visible>ControlGroup(3).HasFocus(-98)</visible>
					<animation type="Conditional" condition="!ControlGroup(5).HasFocus">
						<effect type="zoom" start="-63,0,60,50" end="-65,-2,64,54" time="200" />
					</animation>
				</control>
				<control type="image">
					<posx>3</posx>
					<posy>0</posy>
					<width>60</width>
					<height>50</height>
					<texture>settings\tabs\music_lastfm_f.png</texture>
					<visible>ControlGroup(3).HasFocus(-97)</visible>
					<animation type="Conditional" condition="!ControlGroup(5).HasFocus">
						<effect type="zoom" start="3,0,60,50" end="1,-2,64,54" time="200" />
					</animation>
				</control>
				<control type="image">
					<posx>69</posx>
					<posy>0</posy>
					<width>60</width>
					<height>50</height>
					<texture>settings\tabs\music_cdripping_f.png</texture>
					<visible>ControlGroup(3).HasFocus(-96)</visible>
					<animation type="Conditional" condition="!ControlGroup(5).HasFocus">
						<effect type="zoom" start="69,0,60,50" end="67,-2,64,54" time="200" />
					</animation>
				</control>
				<control type="image">
					<posx>135</posx>
					<posy>0</posy>
					<width>60</width>
					<height>50</height>
					<texture>settings\tabs\music_karaoke_f.png</texture>
					<visible>ControlGroup(3).HasFocus(-95)</visible>
					<animation type="Conditional" condition="!ControlGroup(5).HasFocus">
						<effect type="zoom" start="135,0,60,50" end="133,-2,64,54" time="200" />
					</animation>
				</control>
			</control>
			
			<control type="group">
				<visible>Window.IsVisible(PicturesSettings)</visible>
				<control type="image">
					<posx>-63</posx>
					<posy>0</posy>
					<width>60</width>
					<height>50</height>
					<texture>settings\tabs\pictures_files_nf.png</texture>
					<visible>!ControlGroup(3).HasFocus(-100)</visible>
				</control>
				<control type="image">
					<posx>3</posx>
					<posy>0</posy>
					<width>60</width>
					<height>50</height>
					<texture>settings\tabs\pictures_slideshow_nf.png</texture>
					<visible>!ControlGroup(3).HasFocus(-99)</visible>
				</control>
				<control type="image">
					<posx>-63</posx>
					<posy>0</posy>
					<width>60</width>
					<height>50</height>
					<texture>settings\tabs\pictures_files_f.png</texture>
					<visible>ControlGroup(3).HasFocus(-100)</visible>
					<animation type="Conditional" condition="!ControlGroup(5).HasFocus">
						<effect type="zoom" start="-63,0,60,50" end="-65,-2,64,54" time="200" />
					</animation>
				</control>
				<control type="image">
					<posx>3</posx>
					<posy>0</posy>
					<width>60</width>
					<height>50</height>
					<texture>settings\tabs\pictures_slideshow_f.png</texture>
					<visible>ControlGroup(3).HasFocus(-99)</visible>
					<animation type="Conditional" condition="!ControlGroup(5).HasFocus">
						<effect type="zoom" start="3,0,60,50" end="1,-2,64,54" time="200" />
					</animation>
				</control>
			</control>
			
			<control type="group">
				<visible>Window.IsVisible(WeatherSettings)</visible>
				<control type="image">
					<posx>-30</posx>
					<posy>0</posy>
					<width>60</width>
					<height>50</height>
					<texture>settings\tabs\weather_general_nf.png</texture>
					<visible>!ControlGroup(3).HasFocus(-100)</visible>
				</control>
				<control type="image">
					<posx>-30</posx>
					<posy>0</posy>
					<width>60</width>
					<height>50</height>
					<texture>settings\tabs\weather_general_f.png</texture>
					<visible>ControlGroup(3).HasFocus(-100)</visible>
					<animation type="Conditional" condition="!ControlGroup(5).HasFocus">
						<effect type="zoom" start="-30,0,60,50" end="-32,-2,64,54" time="200" />
					</animation>
				</control>
			</control>
			
			<control type="group">
				<visible>Window.IsVisible(NetworkSettings)</visible>
				<visible>!System.Linux</visible>
				<control type="image">
					<posx>-63</posx>
					<posy>0</posy>
					<width>60</width>
					<height>50</height>
					<texture>settings\tabs\network_services_nf.png</texture>
					<visible>!ControlGroup(3).HasFocus(-100)</visible>
				</control>
				<control type="image">
					<posx>3</posx>
					<posy>0</posy>
					<width>60</width>
					<height>50</height>
					<texture>settings\tabs\network_internet_nf.png</texture>
					<visible>!ControlGroup(3).HasFocus(-99)</visible>
				</control>
				<control type="image">
					<posx>-63</posx>
					<posy>0</posy>
					<width>60</width>
					<height>50</height>
					<texture>settings\tabs\network_services_f.png</texture>
					<visible>ControlGroup(3).HasFocus(-100)</visible>
					<animation type="Conditional" condition="!ControlGroup(5).HasFocus">
						<effect type="zoom" start="-63,0,60,50" end="-65,-2,64,54" time="200" />
					</animation>
				</control>
				<control type="image">
					<posx>3</posx>
					<posy>0</posy>
					<width>60</width>
					<height>50</height>
					<texture>settings\tabs\network_internet_f.png</texture>
					<visible>ControlGroup(3).HasFocus(-99)</visible>
					<animation type="Conditional" condition="!ControlGroup(5).HasFocus">
						<effect type="zoom" start="3,0,60,50" end="1,-2,64,54" time="200" />
					</animation>
				</control>
			</control>
			
			<control type="group">
				<visible>Window.IsVisible(NetworkSettings)</visible>
				<visible>System.Linux</visible>
				<control type="image">
					<posx>-96</posx>
					<posy>0</posy>
					<width>60</width>
					<height>50</height>
					<texture>settings\tabs\network_services_nf.png</texture>
					<visible>!ControlGroup(3).HasFocus(-100)</visible>
				</control>
				<control type="image">
					<posx>-30</posx>
					<posy>0</posy>
					<width>60</width>
					<height>50</height>
					<texture>settings\tabs\network_smbclient_nf.png</texture>
					<visible>!ControlGroup(3).HasFocus(-99)</visible>
				</control>
				<control type="image">
					<posx>36</posx>
					<posy>0</posy>
					<width>60</width>
					<height>50</height>
					<texture>settings\tabs\network_internet_nf.png</texture>
					<visible>!ControlGroup(3).HasFocus(-98)</visible>
				</control>
				<control type="image">
					<posx>-96</posx>
					<posy>0</posy>
					<width>60</width>
					<height>50</height>
					<texture>settings\tabs\network_services_f.png</texture>
					<visible>ControlGroup(3).HasFocus(-100)</visible>
					<animation type="Conditional" condition="!ControlGroup(5).HasFocus">
						<effect type="zoom" start="-96,0,60,50" end="-98,-2,64,54" time="200" />
					</animation>
				</control>
				<control type="image">
					<posx>-30</posx>
					<posy>0</posy>
					<width>60</width>
					<height>50</height>
					<texture>settings\tabs\network_smbclient_f.png</texture>
					<visible>ControlGroup(3).HasFocus(-99)</visible>
					<animation type="Conditional" condition="!ControlGroup(5).HasFocus">
						<effect type="zoom" start="-30,0,60,50" end="-32,-2,64,54" time="200" />
					</animation>
				</control>
				<control type="image">
					<posx>36</posx>
					<posy>0</posy>
					<width>60</width>
					<height>50</height>
					<texture>settings\tabs\network_internet_f.png</texture>
					<visible>ControlGroup(3).HasFocus(-98)</visible>
					<animation type="Conditional" condition="!ControlGroup(5).HasFocus">
						<effect type="zoom" start="36,0,60,50" end="34,-2,64,54" time="200" />
					</animation>
				</control>
			</control>
			
			<control type="group">
				<visible>Window.IsVisible(SystemSettings)</visible>
				<control type="image">
					<posx>-195</posx>
					<posy>0</posy>
					<width>60</width>
					<height>50</height>
					<texture>settings\tabs\system_videooutput_nf.png</texture>
					<visible>!ControlGroup(3).HasFocus(-100)</visible>
				</control>
				<control type="image">
					<posx>-129</posx>
					<posy>0</posy>
					<width>60</width>
					<height>50</height>
					<texture>settings\tabs\system_audiooutput_nf.png</texture>
					<visible>!ControlGroup(3).HasFocus(-99)</visible>
				</control>
				<control type="image">
					<posx>-63</posx>
					<posy>0</posy>
					<width>60</width>
					<height>50</height>
					<texture>settings\tabs\system_input_nf.png</texture>
					<visible>!ControlGroup(3).HasFocus(-98)</visible>
				</control>
				<control type="image">
					<posx>3</posx>
					<posy>0</posy>
					<width>60</width>
					<height>50</height>
					<texture>settings\tabs\system_power_nf.png</texture>
					<visible>!ControlGroup(3).HasFocus(-97)</visible>
				</control>
				<control type="image">
					<posx>69</posx>
					<posy>0</posy>
					<width>60</width>
					<height>50</height>
					<texture>settings\tabs\system_debug_nf.png</texture>
					<visible>!ControlGroup(3).HasFocus(-96)</visible>
				</control>
				<control type="image">
					<posx>135</posx>
					<posy>0</posy>
					<width>60</width>
					<height>50</height>
					<texture>settings\tabs\system_masterlock_nf.png</texture>
					<visible>!ControlGroup(3).HasFocus(-95)</visible>
				</control>
				<control type="image">
					<posx>-195</posx>
					<posy>0</posy>
					<width>60</width>
					<height>50</height>
					<texture>settings\tabs\system_videooutput_f.png</texture>
					<visible>ControlGroup(3).HasFocus(-100)</visible>
					<animation type="Conditional" condition="!ControlGroup(5).HasFocus">
						<effect type="zoom" start="-195,0,60,50" end="-197,-2,64,54" time="200" />
					</animation>
				</control>
				<control type="image">
					<posx>-129</posx>
					<posy>0</posy>
					<width>60</width>
					<height>50</height>
					<texture>settings\tabs\system_audiooutput_f.png</texture>
					<visible>ControlGroup(3).HasFocus(-99)</visible>
					<animation type="Conditional" condition="!ControlGroup(5).HasFocus">
						<effect type="zoom" start="-129,0,60,50" end="-131,-2,64,54" time="200" />
					</animation>
				</control>
				<control type="image">
					<posx>-63</posx>
					<posy>0</posy>
					<width>60</width>
					<height>50</height>
					<texture>settings\tabs\system_input_f.png</texture>
					<visible>ControlGroup(3).HasFocus(-98)</visible>
					<animation type="Conditional" condition="!ControlGroup(5).HasFocus">
						<effect type="zoom" start="-63,0,60,50" end="-65,-2,64,54" time="200" />
					</animation>
				</control>
				<control type="image">
					<posx>3</posx>
					<posy>0</posy>
					<width>60</width>
					<height>50</height>
					<texture>settings\tabs\system_power_f.png</texture>
					<visible>ControlGroup(3).HasFocus(-97)</visible>
					<animation type="Conditional" condition="!ControlGroup(5).HasFocus">
						<effect type="zoom" start="3,0,60,50" end="1,-2,64,54" time="200" />
					</animation>
				</control>
				<control type="image">
					<posx>69</posx>
					<posy>0</posy>
					<width>60</width>
					<height>50</height>
					<texture>settings\tabs\system_debug_f.png</texture>
					<visible>ControlGroup(3).HasFocus(-96)</visible>
					<animation type="Conditional" condition="!ControlGroup(5).HasFocus">
						<effect type="zoom" start="69,0,60,50" end="67,-2,64,54" time="200" />
					</animation>
				</control>
				<control type="image">
					<posx>135</posx>
					<posy>0</posy>
					<width>60</width>
					<height>50</height>
					<texture>settings\tabs\system_masterlock_f.png</texture>
					<visible>ControlGroup(3).HasFocus(-95)</visible>
					<animation type="Conditional" condition="!ControlGroup(5).HasFocus">
						<effect type="zoom" start="135,0,60,50" end="133,-2,64,54" time="200" />
					</animation>
				</control>
			</control>
			
			<control type="group">
				<visible>Window.IsVisible(AppearanceSettings)</visible>
				<control type="image">
					<posx>-129</posx>
					<posy>0</posy>
					<width>60</width>
					<height>50</height>
					<texture>settings\tabs\appearance_lookandfeel_nf.png</texture>
					<visible>!ControlGroup(3).HasFocus(-100)</visible>
				</control>
				<control type="image">
					<posx>-63</posx>
					<posy>0</posy>
					<width>60</width>
					<height>50</height>
					<texture>settings\tabs\appearance_region_nf.png</texture>
					<visible>!ControlGroup(3).HasFocus(-99)</visible>
				</control>
				<control type="image">
					<posx>3</posx>
					<posy>0</posy>
					<width>60</width>
					<height>50</height>
					<texture>settings\tabs\appearance_files_nf.png</texture>
					<visible>!ControlGroup(3).HasFocus(-98)</visible>
				</control>
				<control type="image">
					<posx>69</posx>
					<posy>0</posy>
					<width>60</width>
					<height>50</height>
					<texture>settings\tabs\appearance_screensaver_nf.png</texture>
					<visible>!ControlGroup(3).HasFocus(-97)</visible>
				</control>
				<control type="image">
					<posx>-129</posx>
					<posy>0</posy>
					<width>60</width>
					<height>50</height>
					<texture>settings\tabs\appearance_lookandfeel_f.png</texture>
					<visible>ControlGroup(3).HasFocus(-100)</visible>
					<animation type="Conditional" condition="!ControlGroup(5).HasFocus">
						<effect type="zoom" start="-129,0,60,50" end="-131,-2,64,54" time="200" />
					</animation>
				</control>
				<control type="image">
					<posx>-63</posx>
					<posy>0</posy>
					<width>60</width>
					<height>50</height>
					<texture>settings\tabs\appearance_region_f.png</texture>
					<visible>ControlGroup(3).HasFocus(-99)</visible>
					<animation type="Conditional" condition="!ControlGroup(5).HasFocus">
						<effect type="zoom" start="-63,0,60,50" end="-65,-2,64,54" time="200" />
					</animation>
				</control>
				<control type="image">
					<posx>3</posx>
					<posy>0</posy>
					<width>60</width>
					<height>50</height>
					<texture>settings\tabs\appearance_files_f.png</texture>
					<visible>ControlGroup(3).HasFocus(-98)</visible>
					<animation type="Conditional" condition="!ControlGroup(5).HasFocus">
						<effect type="zoom" start="3,0,60,50" end="1,-2,64,54" time="200" />
					</animation>
				</control>
				<control type="image">
					<posx>69</posx>
					<posy>0</posy>
					<width>60</width>
					<height>50</height>
					<texture>settings\tabs\appearance_screensaver_f.png</texture>
					<visible>ControlGroup(3).HasFocus(-97)</visible>
					<animation type="Conditional" condition="!ControlGroup(5).HasFocus">
						<effect type="zoom" start="69,0,60,50" end="67,-2,64,54" time="200" />
					</animation>
				</control>
			</control>
			
		</control>
		
		<control type="image">
			<posx>454</posx>
			<posy>479</posy>
			<width>372</width>
			<height>372</height>
			<texture>settings-big-cog.png</texture> 
			<aspectratio>keep</aspectratio>
			<animation type="Conditional" reversible="false" condition="ControlGroup(3).HasFocus(-100)">
				<effect type="rotate" start="0" end="-45" center="auto" time="200" />
			</animation>
			<animation type="Conditional" reversible="false" condition="ControlGroup(3).HasFocus(-99)">
				<effect type="rotate" start="0" end="-45" center="auto" time="200" />
			</animation>
			<animation type="Conditional" reversible="false" condition="ControlGroup(3).HasFocus(-98)">
				<effect type="rotate" start="0" end="-45" center="auto" time="200" />
			</animation>
			<animation type="Conditional" reversible="false" condition="ControlGroup(3).HasFocus(-97)">
				<effect type="rotate" start="0" end="-45" center="auto" time="200" />
			</animation>
			<animation type="Conditional" reversible="false" condition="ControlGroup(3).HasFocus(-96)">
				<effect type="rotate" start="0" end="-45" center="auto" time="200" />
			</animation>
			<animation type="Conditional" reversible="false" condition="ControlGroup(3).HasFocus(-95)">
				<effect type="rotate" start="0" end="-45" center="auto" time="200" />
			</animation>
			<animation type="Conditional" reversible="false" condition="ControlGroup(3).HasFocus(-94)">
				<effect type="rotate" start="0" end="-45" center="auto" time="200" />
			</animation>
		</control>

		<!-- Elipsis Visor -->
		<include>Visor_Filter</include>

		<!-- Edge Filter -->
		<include>Edge_Filter</include>

		<!-- Clock -->
		<include>Clock</include>

		<!-- Now Playing Widget -->
		<include>Now_Playing_Widget</include>

		<!-- Elipsis Button -->
		<control type="group">
			<posx>640</posx>
			<posy>620</posy>
			<include>Dock_Elipsis_With_Reflection</include>
		</control>

		<include>Debug</include>

	</controls>
</window>