<window type="dialog" id="129">
	<defaultcontrol always="true">15</defaultcontrol>
	<allowoverlay>no</allowoverlay>
	<include>Fade_In_WindowOpen</include>
	<include>Fade_Out_WindowClose</include>
	<coordinates>
		<system>1</system>
		<posx>0</posx>
		<posy>0</posy>
	</coordinates>
	<controls>
	
		<control type="image">
			<posx>0</posx>
			<posy>0</posy>
			<width>1280</width>
			<height>720</height>
			<texture>filter_keyboard_shadow.png</texture>
		</control>
		
		<control type="group">
			
			<include>Zoom_In_WindowOpen</include>
			<include>Zoom_Out_WindowClose</include>
		
			<control type="image">
				<description>background image</description>
				<posx>183</posx>
				<posy>147</posy>
				<width>913</width>
				<height>426</height>
				<texture>dialogs\dialog-background-medium.png</texture>
			</control>
			
			<control type="group">
			
				<posx>183</posx>
				<posy>147</posy>
					
				<control type="image">
					<description>dialog icon</description>
					<posx>435</posx>
					<posy>72</posy>
					<width>42</width>
					<height>42</height>
					<texture>dialogs\smart-rule-dialog-icon.png</texture>
				</control>
				
				<control type="label">
					<description>heading label</description>
					<posx>80</posx>
					<posy>117</posy>
					<width>753</width>
					<align>center</align>
					<font>Heading</font>
					<label>[UPPERCASE]$LOCALIZE[21421][/UPPERCASE]</label>
					<textcolor>Text</textcolor>
				</control>

				<control type="label">
					<description>Rule match label</description>
					<posx>80</posx>
					<posy>160</posy>
					<width>753</width>
					<align>center</align>
					<font>Default</font>
					<label>$LOCALIZE[21422]:</label>
					<textcolor>Text</textcolor>
				</control>

				<control type="spincontrolex" id="15">
					<description>Rule Field</description>
					<posx>80</posx>
					<posy>200</posy>
					<width>371</width>
					<height>46</height>
					<font>Default</font>
					<onright>16</onright>
					<onleft>16</onleft>
					<onup>18</onup>
					<ondown>17</ondown>
				</control>
				
				<control type="spincontrolex" id="16">
					<description>Rule operator</description>
					<posx>462</posx>
					<posy>200</posy>
					<width>371</width>
					<height>46</height>
					<font>Default</font>
					<onright>15</onright>
					<onleft>15</onleft>
					<onup>19</onup>
					<ondown>20</ondown>
				</control>
				
				<control type="button" id="17">
					<description>Value Button</description>
					<posx>80</posx>
					<posy>251</posy>
					<width>543</width>
					<height>46</height>
					<font>Default</font>
					<aligny>center</aligny>
					<label>-</label>
					<onleft>20</onleft>
					<onright>20</onright>
					<onup>15</onup>
					<ondown>18</ondown>
				</control>
				
				<control type="button" id="20">
					<description>Browse Button</description>
					<posx>633</posx>
					<posy>251</posy>
					<width>200</width>
					<height>46</height>
					<align>center</align>
					<aligny>center</aligny>
					<label>1024</label>
					<onleft>17</onleft>
					<onright>17</onright>
					<onup>16</onup>
					<ondown>19</ondown>
				</control>
				
				<control type="button" id="18">
					<description>OK button</description>
					<posx>251</posx>
					<posy>320</posy>
					<width>200</width>
					<height>46</height>
					<align>center</align>
					<texturenofocus border="8">controls\button_green_nf.png</texturenofocus>
					<texturefocus border="8">controls\button_green_f.png</texturefocus>
					<textcolor>Text</textcolor>
					<disabledcolor>DisabledText</disabledcolor>
					<label>186</label>
					<font>Default</font>
					<onleft>19</onleft>
					<onright>19</onright>
					<onup>17</onup>
					<ondown>15</ondown>
				</control>
				
				<control type="button" id="19">
					<description>Cancel button</description>
					<posx>461</posx>
					<posy>320</posy>
					<width>200</width>
					<height>46</height>
					<align>center</align>
					<texturenofocus border="8">controls\button_red_nf.png</texturenofocus>
					<texturefocus border="8">controls\button_red_f.png</texturefocus>
					<textcolor>Text</textcolor>
					<disabledcolor>DisabledText</disabledcolor>
					<label>222</label>
					<font>Default</font>
					<onleft>18</onleft>
					<onright>18</onright>
					<onup>20</onup>
					<ondown>16</ondown>
				</control>
			
			</control>
		
		</control>
		
		<include>Debug</include>

	</controls>
</window>






