<fonts>
  <fontset id="Default" unicode="true">

    <font>
      <name>font13</name>
      <filename>Prototype.ttf</filename>
      <size>34</size>
    </font>

    <font>
      <name>font14</name>
      <filename>Prototype.ttf</filename>
      <size>42</size>
    </font>

    <font>
      <name>font15</name>
      <filename>Prototype.ttf</filename>
      <size>32</size>
    </font>

    <font>
      <name>font10</name>
      <filename>Prototype.ttf</filename>
      <size>30</size>
    </font>

    <font>
      <name>font12</name>
      <filename>Prototype.ttf</filename>
      <size>32</size>
    </font>

    <font>
      <name>fontKB</name>
      <filename>Prototype.ttf</filename>
      <size>32</size>
    </font>

    <font>
      <name>font101</name>
      <filename>Prototype.ttf</filename>
      <size>31</size>
    </font>

  </fontset>

</fonts>

