<window id="2002">
	<defaultcontrol>10</defaultcontrol>
	<include>dialog-effect</include>
	<controls>

	<control type="image">
		<description>Black Background</description>
		<posx>0</posx>
		<posy>0</posy>
		<width>720</width>
		<height>576</height>
		<texture>black.png</texture>
		<include>black</include>
	</control>

	<control type="image" id="0">
		<posx>147</posx>
		<posy>225</posy>
		<width>436</width>
		<height>170</height>
		<texture>dialog-popup.png</texture>
	</control>

	<control type="label" id="1">
		<description>dialog Heading</description>
		<type>label</type>
		<id>1</id>
		<posx>190</posx>
		<posy>226</posy>
		<label>0</label>
		<font>font13</font>
		<textcolor>FFB2D4F5</textcolor>
	</control>

	<control type="label" id="2">
		<description>dialog line 1</description>
		<posx>190</posx>
		<posy>260</posy>
		<label>0</label>
		<font>font10</font>
		<textcolor>FF000000</textcolor>
	</control>

	<control type="label" id="3">
		<description>dialog line 2</description>
		<posx>190</posx>
		<posy>280</posy>
		<label>0</label>
		<font>font10</font>
		<textcolor>FF000000</textcolor>
	</control>

	<control type="label" id="4">
		<description>dialog line 3</description>
		<posx>190</posx>
		<posy>300</posy>
		<label>0</label>
		<font>font10</font>
		<textcolor>FF000000</textcolor>
	</control>

	<control type="button" id="10">
		<description>OK button</description>
		<posx>315</posx>
		<posy>310</posy>
		<width>90</width>
		<height>32</height>
		<texturefocus>list-focus.png</texturefocus>
		<label>186</label>
		<font>font10</font>
		<onleft>10</onleft>
		<align>center</align>
		<onright>10</onright>
		<onup>10</onup>
		<ondown>10</ondown>
	</control>

	</controls>
</window>