<window id="109">
	<defaultcontrol>21</defaultcontrol>
	<include>dialog-effect</include> 
	<controls>

	<control type="image">
		<description>Black Background</description>
		<posx>0</posx>
		<posy>0</posy>
		<width>720</width>
		<height>576</height>
		<texture>black.png</texture>
		<include>black</include>
	</control>

	<control type="image" id="0">
		<posx>-10</posx>
		<posy>150</posy>
		<width>740</width>
		<height>87</height>
		<texture>sub-background2.png</texture>
	</control>

	<control type="label" id="1">
		<description>Heading Text</description>
		<posx>160</posx>
		<posy>163</posy>
		<font>fontKB</font>
		<width>400</width>
		<height>16</height>
		<align>center</align>
		<label>12325</label>
	</control>

	<control type="label" id="4">
		<description>Edit Text</description>
		<posx>160</posx>
		<posy>187</posy>
		<width>400</width>
		<height>16</height>
		<label>12323</label>
		<textcolor>FF247de3</textcolor>
		<disabledcolor>FFFFFFFF</disabledcolor>
		<font>fontKB</font>
		<align>center</align>
	</control>

	<control type="image" id="0">
		<posx>304</posx>
		<posy>249</posy>
		<width>105</width>
		<height>140</height>
		<texture>keyboard-numeric-bg.png</texture>
	</control>

	<control type="button" id="11">
		<description>1 button</description>  
		<posx>315</posx> 
		<posy>255</posy> 
		<width>30</width> 
		<height>30</height>
		<texturenofocus>keyboard-btn.png</texturenofocus>
		<texturefocus>keyboard-btn-focus.png</texturefocus> 
		<label>12311</label> 
		<onleft>13</onleft> 
		<onright>12</onright> 
		<onup>20</onup> 
		<ondown>14</ondown> 
	</control>

	<control type="button" id="12">
		<description>2 button</description> 
		<posx>345</posx> 
		<posy>255</posy> 
		<width>30</width> 
		<height>30</height>
		<texturenofocus>keyboard-btn.png</texturenofocus>
		<texturefocus>keyboard-btn-focus.png</texturefocus> 
		<label>12312</label> 
		<onleft>11</onleft> 
		<onright>13</onright> 
		<onup>10</onup> 
		<ondown>15</ondown> 
	</control>
 
	<control type="button" id="13">
		<description>3 button</description> 
		<posx>375</posx> 
		<posy>255</posy> 
		<width>30</width> 
		<height>30</height>
		<texturenofocus>keyboard-btn.png</texturenofocus>
		<texturefocus>keyboard-btn-focus.png</texturefocus> 
		<label>12313</label> 
		<onleft>12</onleft> 
		<onright>11</onright> 
		<onup>21</onup> 
		<ondown>16</ondown> 
	</control>

	<control type="button" id="14">
		<description>4 button</description> 
		<posx>315</posx> 
		<posy>285</posy> 
		<width>30</width> 
		<height>30</height>
		<texturenofocus>keyboard-btn.png</texturenofocus>
		<texturefocus>keyboard-btn-focus.png</texturefocus> 
		<label>12314</label> 
		<onleft>16</onleft> 
		<onright>15</onright> 
		<onup>11</onup> 
		<ondown>17</ondown> 
	</control>

	<control type="button" id="15">
		<description>5 button</description> 
		<posx>345</posx> 
		<posy>285</posy> 
		<width>30</width> 
		<height>30</height>
		<texturenofocus>keyboard-btn.png</texturenofocus>
		<texturefocus>keyboard-btn-focus.png</texturefocus> 
		<label>12315</label> 
		<onleft>14</onleft> 
		<onright>16</onright> 
		<onup>12</onup> 
		<ondown>18</ondown> 
	</control>

	<control type="button" id="16">
		<description>6 button</description> 
		<posx>375</posx> 
		<posy>285</posy> 
		<width>30</width> 
		<height>30</height>
		<texturenofocus>keyboard-btn.png</texturenofocus>
		<texturefocus>keyboard-btn-focus.png</texturefocus> 
		<label>12316</label> 
		<onleft>15</onleft> 
		<onright>14</onright> 
		<onup>13</onup> 
		<ondown>19</ondown> 
	</control>

	<control type="button" id="17">
		<description>7 button</description> 
		<posx>315</posx> 
		<posy>315</posy> 
		<width>30</width> 
		<height>30</height>
		<texturenofocus>keyboard-btn.png</texturenofocus>
		<texturefocus>keyboard-btn-focus.png</texturefocus> 
		<label>12317</label> 
		<onleft>19</onleft> 
		<onright>18</onright> 
		<onup>14</onup> 
		<ondown>20</ondown> 
	</control>

	<control type="button" id="18">
		<description>8 button</description> 
		<posx>345</posx> 
		<posy>315</posy> 
		<width>30</width> 
		<height>30</height>
		<texturenofocus>keyboard-btn.png</texturenofocus>
		<texturefocus>keyboard-btn-focus.png</texturefocus> 
		<label>12318</label> 
		<onleft>17</onleft> 
		<onright>19</onright> 
		<onup>15</onup> 
		<ondown>10</ondown> 
	</control>

	<control type="button" id="19">
		<description>9 button</description> 
		<posx>375</posx> 
		<posy>315</posy> 
		<width>30</width> 
		<height>30</height>
		<texturenofocus>keyboard-btn.png</texturenofocus>
		<texturefocus>keyboard-btn-focus.png</texturefocus> 
		<label>12319</label> 
		<onleft>18</onleft> 
		<onright>17</onright> 
		<onup>16</onup> 
		<ondown>21</ondown> 
	</control>

	<control type="button" id="20">
		<description>C button</description> 
		<posx>315</posx> 
		<posy>345</posy> 
		<width>30</width> 
		<height>30</height>
		<texturenofocus>keyboard-btn.png</texturenofocus>
		<texturefocus>keyboard-btn-focus.png</texturefocus> 
		<label>C</label> 
		<onleft>21</onleft> 
		<onright>10</onright> 
		<onup>17</onup> 
		<ondown>11</ondown> 
	</control>

	<control type="button" id="10">
		<description>0 button</description> 
		<posx>345</posx> 
		<posy>345</posy> 
		<width>30</width> 
		<height>30</height>
		<texturenofocus>keyboard-btn.png</texturenofocus>
		<texturefocus>keyboard-btn-focus.png</texturefocus> 
		<label>12310</label> 
		<onleft>20</onleft> 
		<onright>21</onright> 
		<onup>18</onup> 
		<ondown>12</ondown> 
	</control>

	<control type="button" id="21">
		<description>OK button</description> 
		<posx>375</posx> 
		<posy>345</posy> 
		<width>30</width> 
		<height>30</height>
		<texturenofocus>keyboard-btn.png</texturenofocus>
		<texturefocus>keyboard-btn-focus.png</texturefocus> 
		<label>E</label> 
		<onleft>10</onleft> 
		<onright>20</onright> 
		<onup>19</onup> 
		<ondown>13</ondown> 
	</control>

	</controls>
</window>