<window id="2008">
	<defaultcontrol>1</defaultcontrol>
	<controls>

	<control type="button" id="1">
		<description>CD1</description>
		<posx>660</posx>
		<posy>30</posy>
		<width>64</width>
		<height>64</height>
		<label>-</label>
		<texturefocus>button-cd-focus.png</texturefocus>
		<texturenofocus>button-cd-nofocus.png</texturenofocus>
		<onleft>20</onleft>
		<onright>2</onright>
	</control>

	<control type="button" id="2">
		<description>CD2</description>
		<posx>660</posx>
		<posy>30</posy>
		<width>64</width>
		<height>64</height>
		<label>-</label>
		<texturefocus>button-cd-focus.png</texturefocus>
		<texturenofocus>button-cd-nofocus.png</texturenofocus>
		<onright>3</onright>
		<onleft>1</onleft>
	</control>

	<control type="button" id="3">
		<description>CD3</description>
		<posx>660</posx>
		<posy>30</posy>
		<width>64</width>
		<height>64</height>
		<label>-</label>
		<texturefocus>button-cd-focus.png</texturefocus>
		<texturenofocus>button-cd-nofocus.png</texturenofocus>
		<onright>4</onright>
		<onleft>2</onleft>
	</control>

	<control type="button" id="4">
		<description>CD4</description>
		<posx>660</posx>
		<posy>30</posy>
		<width>64</width>
		<height>64</height>
		<label>-</label>
		<texturefocus>button-cd-focus.png</texturefocus>
		<texturenofocus>button-cd-nofocus.png</texturenofocus>
		<onright>5</onright>
		<onleft>3</onleft>
	</control>

	<control type="button" id="5">
		<description>CD5</description>
		<posx>660</posx>
		<posy>30</posy>
		<width>64</width>
		<height>64</height>
		<label>-</label>
		<texturefocus>button-cd-focus.png</texturefocus>
		<texturenofocus>button-cd-nofocus.png</texturenofocus>
		<onright>6</onright>
		<onleft>4</onleft>
	</control>

	<control type="button" id="6">
		<description>CD6</description>
		<posx>660</posx>
		<posy>30</posy>
		<width>64</width>
		<height>64</height>
		<label>-</label>
		<texturefocus>button-cd-focus.png</texturefocus>
		<texturenofocus>button-cd-nofocus.png</texturenofocus>
		<onright>7</onright>
		<onleft>5</onleft>
	</control>

	<control type="button" id="7">
		<description>CD7</description>
		<posx>660</posx>
		<posy>30</posy>
		<width>64</width>
		<height>64</height>
		<label>-</label>
		<texturefocus>button-cd-focus.png</texturefocus>
		<texturenofocus>button-cd-nofocus.png</texturenofocus>
		<onright>8</onright>
		<onleft>6</onleft>
	</control>

	<control type="button" id="8">
		<description>CD8</description>
		<posx>660</posx>
		<posy>30</posy>
		<width>64</width>
		<height>64</height>
		<label>-</label>
		<texturefocus>button-cd-focus.png</texturefocus>
		<texturenofocus>button-cd-nofocus.png</texturenofocus>
		<onright>9</onright>
		<onleft>7</onleft>
	</control>

	<control type="button" id="9">
		<description>CD9</description>
		<posx>660</posx>
		<posy>30</posy>
		<width>64</width>
		<height>64</height>
		<label>-</label>
		<texturefocus>button-cd-focus.png</texturefocus>
		<texturenofocus>button-cd-nofocus.png</texturenofocus>
		<onright>10</onright>
		<onleft>8</onleft>
	</control>

	<control type="button" id="10">
		<description>CD10</description>
		<posx>660</posx>
		<posy>30</posy>
		<width>64</width>
		<height>64</height>
		<label>-</label>
		<texturefocus>button-cd-focus.png</texturefocus>
		<texturenofocus>button-cd-nofocus.png</texturenofocus>
		<onright>11</onright>
		<onleft>9</onleft>
	</control>

	<control type="button" id="11">
		<description>CD11</description>
		<posx>660</posx>
		<posy>30</posy>
		<width>64</width>
		<height>64</height>
		<label>-</label>
		<texturefocus>button-cd-focus.png</texturefocus>
		<texturenofocus>button-cd-nofocus.png</texturenofocus>
		<onright>12</onright>
		<onleft>10</onleft>
	</control>

	<control type="button" id="12">
		<description>CD12</description>
		<posx>660</posx>
		<posy>30</posy>
		<width>64</width>
		<height>64</height>
		<label>-</label>
		<texturefocus>button-cd-focus.png</texturefocus>
		<texturenofocus>button-cd-nofocus.png</texturenofocus>
		<onright>13</onright>
		<onleft>11</onleft>
	</control>

	<control type="button" id="13">
		<description>CD13</description>
		<posx>660</posx>
		<posy>30</posy>
		<width>64</width>
		<height>64</height>
		<label>-</label>
		<texturefocus>button-cd-focus.png</texturefocus>
		<texturenofocus>button-cd-nofocus.png</texturenofocus>
		<onright>14</onright>
		<onleft>12</onleft>
	</control>

	<control type="button" id="14">
		<description>CD14</description>
		<posx>660</posx>
		<posy>30</posy>
		<width>64</width>
		<height>64</height>
		<label>-</label>
		<texturefocus>button-cd-focus.png</texturefocus>
		<texturenofocus>button-cd-nofocus.png</texturenofocus>
		<onright>15</onright>
		<onleft>13</onleft>
	</control>

	<control type="button" id="15">
		<description>CD15</description>
		<posx>660</posx>
		<posy>30</posy>
		<width>64</width>
		<height>64</height>
		<label>-</label>
		<texturefocus>button-cd-focus.png</texturefocus>
		<texturenofocus>button-cd-nofocus.png</texturenofocus>
		<onright>16</onright>
		<onleft>14</onleft>
	</control>

	<control type="button" id="16">
		<description>CD16</description>
		<posx>660</posx>
		<posy>30</posy>
		<width>64</width>
		<height>64</height>
		<label>-</label>
		<texturefocus>button-cd-focus.png</texturefocus>
		<texturenofocus>button-cd-nofocus.png</texturenofocus>
		<onright>17</onright>
		<onleft>15</onleft>
	</control>

	<control type="button" id="17">
		<description>CD17</description>
		<posx>660</posx>
		<posy>30</posy>
		<width>64</width>
		<height>64</height>
		<label>-</label>
		<texturefocus>button-cd-focus.png</texturefocus>
		<texturenofocus>button-cd-nofocus.png</texturenofocus>
		<onright>18</onright>
		<onleft>16</onleft>
	</control>

	<control type="button" id="18">
		<description>CD18</description>
		<posx>660</posx>
		<posy>30</posy>
		<width>64</width>
		<height>64</height>
		<label>-</label>
		<texturefocus>button-cd-focus.png</texturefocus>
		<texturenofocus>button-cd-nofocus.png</texturenofocus>
		<onright>19</onright>
		<onleft>17</onleft>
	</control>

	<control type="button" id="19">
		<description>CD19</description>
		<posx>660</posx>
		<posy>30</posy>
		<width>64</width>
		<height>64</height>
		<label>-</label>
		<texturefocus>button-cd-focus.png</texturefocus>
		<texturenofocus>button-cd-nofocus.png</texturenofocus>
		<onright>20</onright>
		<onleft>18</onleft>
	</control>

	<control type="button" id="20">
		<description>CD20</description>
		<posx>660</posx>
		<posy>30</posy>
		<width>64</width>
		<height>64</height>
		<label>-</label>
		<texturefocus>button-cd-focus.png</texturefocus>
		<texturenofocus>button-cd-nofocus.png</texturenofocus>
		<onright>1</onright>
		<onleft>19</onleft>
	</control>

	</controls>
</window>
