<window id="115">
	<defaultcontrol>1</defaultcontrol>
	<include>dialog-effect</include>
	<visible>Player.Seeking | Player.DisplayAfterSeek | Window.IsActive(VideoOSD) | Window.IsActive(MusicOSD) | Player.Paused | Player.Forwarding | Player.Rewinding</visible>
	<controls>

	<!-- Playstate Images -->

	<control type="image" id="0">
		<description>pause image</description>
		<align>right</align>
		<posx>410</posx>
		<posy>35</posy>
		<height>60</height>
		<width>115</width>
		<visible>Player.Paused</visible>
		<texture>video-pause.png</texture>
		<colorkey>0</colorkey>
		<colordiffuse>ffffffff</colordiffuse>
	</control>

	<control type="image" id="0">
		<description>2x image</description>
		<align>right</align>
		<posx>410</posx>
		<posy>35</posy>
		<height>60</height>
		<width>115</width>
		<visible>Player.Forwarding2x</visible>
		<texture>video-2x.png</texture>
		<colorkey>0</colorkey>
		<colordiffuse>ffffffff</colordiffuse>
	</control>

	<control type="image" id="0">
		<description>4x image</description>
		<align>right</align>
		<posx>410</posx>
		<posy>35</posy>
		<height>60</height>
		<width>115</width>
		<visible>Player.Forwarding4x</visible>
		<texture>video-4x.png</texture>
		<colorkey>0</colorkey>
		<colordiffuse>ffffffff</colordiffuse>
	</control>

	<control type="image" id="0">
		<description>8x image</description>
		<align>right</align>
		<posx>410</posx>
		<posy>35</posy>
		<height>60</height>
		<width>115</width>
		<visible>Player.Forwarding8x</visible>
		<texture>video-8x.png</texture>
		<colorkey>0</colorkey>
		<colordiffuse>ffffffff</colordiffuse>
	</control>

	<control type="image" id="0">
		<description>16x image</description>
		<align>right</align>
		<posx>410</posx>
		<posy>35</posy>
		<height>60</height>
		<width>115</width>
		<visible>Player.Forwarding16x</visible>
		<texture>video-16x.png</texture>
		<colorkey>0</colorkey>
		<colordiffuse>ffffffff</colordiffuse>
	</control>

	<control type="image" id="0">
		<description>32x image</description>
		<align>right</align>
		<posx>410</posx>
		<posy>35</posy>
		<height>60</height>
		<width>115</width>
		<visible>Player.Forwarding32x</visible>
		<texture>video-32x.png</texture>
		<colorkey>0</colorkey>
		<colordiffuse>ffffffff</colordiffuse>
	</control>

	<control type="image" id="0">
		<description>-2x image</description>
		<align>right</align>
		<posx>410</posx>
		<posy>35</posy>
		<height>60</height>
		<width>115</width>
		<visible>Player.Rewinding2x</visible>
		<texture>video-2xr.png</texture>
		<colorkey>0</colorkey>
		<colordiffuse>ffffffff</colordiffuse>
	</control>

	<control type="image" id="0">
		<description>-4x image</description>
		<align>right</align>
		<posx>410</posx>
		<posy>35</posy>
		<height>60</height>
		<width>115</width>
		<visible>Player.Rewinding4x</visible>
		<texture>video-4xr.png</texture>
		<colorkey>0</colorkey>
		<colordiffuse>ffffffff</colordiffuse>
	</control>

	<control type="image" id="0">
		<description>-8x image</description>
		<align>right</align>
		<posx>410</posx>
		<posy>35</posy>
		<height>60</height>
		<width>115</width>
		<visible>Player.Rewinding8x</visible>
		<texture>video-8xr.png</texture>
		<colorkey>0</colorkey>
		<colordiffuse>ffffffff</colordiffuse>
	</control>

	<control type="image" id="0">
		<description>-16x image</description>
		<align>right</align>
		<posx>410</posx>
		<posy>35</posy>
		<height>60</height>
		<width>115</width>
		<visible>Player.Rewinding16x</visible>
		<texture>video-16xr.png</texture>
		<colorkey>0</colorkey>
		<colordiffuse>ffffffff</colordiffuse>
	</control>

	<control type="image" id="0">
		<description>-32x image</description>
		<align>right</align>
		<posx>410</posx>
		<posy>35</posy>
		<height>60</height>
		<width>115</width>
		<visible>Player.Rewinding32x</visible>
		<texture>video-32xr.png</texture>
		<colorkey>0</colorkey>
		<colordiffuse>ffffffff</colordiffuse>
	</control>

	<!-- Progressbar Dialog -->

	<control type="image" id="23">
		<description>Popup Seek Dialog Background</description>
		<posx>474</posx>
		<posy>42</posy>
		<width>184</width>
		<height>75</height>
		<texture>voulume-panel-bg.png</texture>
	</control>

	<control type="label" id="22">
		<description>Elapsed VideoTime Label</description>
		<posx>563</posx>
		<posy>60</posy>
		<font>font10</font>
		<align>right</align>
		<info>VideoPlayer.Time</info>
		<width>100</width>
		<height>16</height>
		<visible>!Player.Seeking + Player.HasVideo</visible>
	</control>

	<control type="label" id="22">
		<description>Elapsed MusicTime Label</description>
		<posx>563</posx>
		<posy>60</posy>
		<font>font10</font>
		<align>right</align>
		<info>MusicPlayer.Time</info>
		<width>100</width>
		<height>16</height>
		<visible>!Player.Seeking + Player.HasAudio</visible>
	</control>

	<control type="label" id="22">
		<description>Seek Time Label</description>
		<posx>563</posx>
		<posy>60</posy>
		<font>font10</font>
		<align>right</align>
		<info>Player.SeekTime</info>
		<width>100</width>
		<height>16</height>
		<visible>Player.Seeking</visible>
	</control>

	<control type="label" id="22">
		<description>suffix label</description>
		<posx>568</posx>
		<posy>60</posy>
		<label>/</label>
		<align>left</align>
		<font>font10</font>
	</control>

	<control type="label" id="999">
		<description>VideoDuration Label</description>
		<posx>577</posx>
		<posy>60</posy>
		<info>VideoPlayer.Duration</info>
		<visible>Player.HasVideo</visible>
		<font>font10</font>
		<align>left</align>
		<width>100</width>
		<height>16</height>
	</control>

	<control type="label" id="999">
		<description>MusicDuration Label</description>
		<posx>577</posx>
		<posy>60</posy>
		<info>MusicPlayer.Duration</info>
		<visible>Player.HasAudio</visible>
		<font>font10</font>
		<align>left</align>
		<width>100</width>
		<height>16</height>
	</control>

	<control type="progress" id="23">
		<description>Progressbar</description>
		<posx>506</posx>
		<posy>83</posy>
		<width>128</width>
		<height>5</height>
		<info>Player.Progress</info>
		<texturebg>progress_back.png</texturebg>
		<lefttexture>progress_left.png</lefttexture>
		<midtexture>progress_mid.png</midtexture>
		<righttexture>progress_right.png</righttexture>
		<overlaytexture>-</overlaytexture>
	</control>

	<control type="slider" id="401">
		<description>Seek Slider</description>
		<posx>506</posx>
		<posy>82</posy>
		<width>128</width>
		<height>6</height>
		<texturesliderbar>seekslider.png</texturesliderbar>
		<textureslidernib>slider_nibFO.png</textureslidernib>
		<textureslidernibfocus>slider_nibFO.png</textureslidernibfocus>
		<onup>1</onup>
		<ondown>1</ondown>
		<onleft>1</onleft>
		<onright>1</onright>
	</control>

	</controls>
</window>