<window id="132">
	<defaultcontrol>3</defaultcontrol>
	<include>dialog-effect-special</include> 
	<coordinates>
	<system>1</system>
	<posx>0</posx>
	<posy>0</posy>
	</coordinates>
	<controls>

	<control type="image" id="1">
		<description>filemanager background image</description>
		<width>720</width>
		<height>576</height>
		<texture>trainerpanel_bg.png</texture>
	</control>

	<control type="image" id="1">
		<description>background image</description>
		<posx>250</posx>
		<posy>70</posy>
		<width>218</width>
		<height>40</height>
		<texture>header-content.png</texture>
		<aspectratio>keep</aspectratio>
	</control>

	<control type="image">
		<description>scraper image</description>
		<posx>100</posx>
		<posy>170</posy>
		<width>120</width>
		<height>120</height>
		<info>ListItem.Icon</info>
		<aspectratio>keep</aspectratio>
	</control>

	<control type="label" id="1000">
		<description>directory contains label</description>
		<posx>110</posx>
		<posy>123</posy>
		<width>280</width>
		<align>left</align>
		<font>special13</font>
		<textcolor>FFffffff</textcolor>
		<label>$LOCALIZE[ 20344 ]</label>
	</control>

	<control type="spincontrolex" id="3">
		<description>directory content select spincontrol</description>
		<posx>100</posx>
		<posy>120</posy>
		<width>520</width>
		<height>32</height>
		<font>special13</font>
		<reverse>yes</reverse>
		<align>left</align>
		<texturefocus>list-focus.png</texturefocus>
		<texturenofocus>-</texturenofocus>
		<onup>28</onup>
		<ondown>4</ondown>
		<onleft>3</onleft>
		<onright>3</onright>
		<disabledcolor>FFffffff</disabledcolor>
		<textoffsetx>12</textoffsetx>
		<textoffsety>0</textoffsety>
		<aligny>center</aligny>
		<subtype>text</subtype>
	</control>

	<control type="list" id="4">
		<posx>230</posx>
		<posy>170</posy>
		<width>390</width>
		<height>120</height>
		<onup>3</onup>
		<ondown>30</ondown>
		<onleft>3</onleft>
		<onright>30</onright>
		<scrolltime>200</scrolltime>
		<itemlayout height="35">
			<control type="image">
				<posx>0</posx>
				<posy>0</posy>
				<width>390</width>
				<height>29</height>
				<texture>input-nofocus.png</texture>
			</control>
			<control type="image">
				<posx>3</posx>
				<posy>3</posy>
				<width>23</width>
				<height>23</height>
				<info>ListItem.Icon</info>
			</control>
			<control type="label">
				<posx>32</posx>
				<posy>5</posy>
				<width>210</width>
				<height>23</height>
				<font>font13</font>
				<include>selectedcolor</include>
				<align>left</align>
				<info>ListItem.Label</info>
			</control>
		</itemlayout>
		<focusedlayout height="35">
			<control type="image">
				<posx>0</posx>
				<posy>0</posy>
				<width>390</width>
				<height>29</height>
				<texture>input-focus.png</texture>
			</control>
			<control type="image">
				<posx>3</posx>
				<posy>3</posy>
				<width>23</width>
				<height>23</height>
				<info>ListItem.Icon</info>
			</control>
			<control type="label">
				<posx>32</posx>
				<posy>5</posy>
				<width>210</width>
				<height>23</height>
				<font>font13</font>
				<include>selectedcolor</include>
				<align>left</align>
				<info>ListItem.Label</info>
			</control>
		</focusedlayout>
	</control>

	<control type="grouplist" id="5">
		<description>control area</description>
		<posx>100</posx>
		<posy>305</posy>
		<width>520</width>
		<height>125</height>
		<itemgap>2</itemgap>
		<onup>4</onup>
		<ondown>28</ondown>
		<onleft>5</onleft>
		<onright>5</onright>
	</control>

	<control type="button" id="7">
		<description>Default Button</description>
		<posx>530</posx>
		<posy>150</posy>
		<height>29</height>
		<font>font12</font>
		<textoffsetx>12</textoffsetx>
		<aligny>center</aligny>
		<texturefocus>list-focus.png</texturefocus>
		<texturenofocus>-</texturenofocus>
	</control>

	<control type="radiobutton" id="8">
		<description>Default RadioButton</description>
		<posx>530</posx>
		<posy>150</posy>
		<height>31</height>
		<font>font12</font>
		<texturefocus>list-focus.png</texturefocus>
		<texturenofocus>-</texturenofocus>
		<textoffsetx>12</textoffsetx>
		<aligny>center</aligny>
		<textureradiofocus>settings-check-box.png</textureradiofocus>
		<textureradionofocus>settings-check-boxNF.png</textureradionofocus>
	</control>

	<control type="image" id="11">
		<description>separator image</description>
		<width>505</width>
		<height>5</height>
		<texture>SeparatorOSD.png</texture>
	</control>

	<control type="button" id="28">
		<description>OK button</description>
		<posx>423</posx>
		<posy>470</posy>
		<width>90</width>
		<height>32</height>
		<align>center</align>
		<label>186</label>
		<font>font10</font>
		<texturefocus>btn-focus.png</texturefocus>
		<texturenofocus>btn-nofocus.png</texturenofocus>
		<onleft>3</onleft>
		<onright>29</onright>
		<onup>3</onup>
		<ondown>3</ondown>
	</control>

	<control type="button" id="29">
		<description>Cancel button</description>
		<posx>518</posx>
		<posy>470</posy>
		<width>90</width>
		<height>32</height>
		<align>center</align>
		<label>222</label>
		<font>font10</font>
		<texturefocus>btn-focus.png</texturefocus>
		<texturenofocus>btn-nofocus.png</texturenofocus>
		<onleft>28</onleft>
		<onright>3</onright>
		<onup>3</onup>
		<ondown>3</ondown>
	</control>

	<control type="image" id="1">
		<description>background image</description>
		<width>720</width>
		<height>576</height>
		<texture>trainerpanel.png</texture>
	</control>

	</controls>
</window>