<window id="3">
	<defaultcontrol>20</defaultcontrol>
	<allowoverlay>no</allowoverlay>
	<type>dialog</type>
	<coordinates>
	<system>1</system>
	<posx>0</posx>
	<posy>0</posy>
	</coordinates>
	<controls>
	<include>background</include>

	<control type="image">
		<description>filemanager background image 1</description>
		<width>720</width>
		<height>576</height>
		<texture>filemanager_bg.png</texture>
		<include>dialog-effect-special</include>
	</control>
	<control type="image">
		<description>filemanager background image 2</description>
		<width>720</width>
		<height>576</height>
		<texture>filemanager_bg.png</texture>
		<visible>Player.HasAudio</visible>
		<include>dialog-effect-special</include>
	</control>

	<control type="fadelabel" id="101">
		<description>current Directory text label left</description>
		<align>left</align>
		<posx>90</posx>
		<posy>65</posy>
		<width>270</width>
		<font>font13</font>
		<textcolor>D0FFFFFF</textcolor>
		<include>dialog-effect-special</include>
	</control>

	<control type="fadelabel" id="102">
		<description>current Directory text label right</description>
		<align>left</align>
		<posx>380</posx>
		<posy>65</posy>
		<width>270</width>
		<font>font13</font>
		<textcolor>D0FFFFFF</textcolor>
		<include>dialog-effect-special</include>
	</control>

	<control type="label" id="12">
		<description>number of files in left list text label</description>
		<posx>90</posx>
		<posy>484</posy>
		<label>-</label>
		<font>font13</font>
		<textcolor>D0FFFFFF</textcolor>
		<include>dialog-effect-special</include>
	</control>

	<control type="label" id="13">
		<description>number of files in right list text label</description>
		<posx>380</posx>
		<posy>484</posy>
		<label>-</label>
		<font>font13</font>
		<textcolor>D0FFFFFF</textcolor>
		<include>dialog-effect-special</include>
	</control>

	<control type="listcontrol" id="20">
		<description>Left File list</description>
		<selectedcolor>FFFF9600</selectedcolor>
		<posx>74</posx>
		<posy>102</posy>
		<width>290</width>
		<height>400</height>
		<onleft>21</onleft>
		<onright>21</onright>
		<onup>20</onup>
		<ondown>20</ondown>
		<include>dialog-effect-special</include>
	</control>

	<control type="listcontrol" id="21">
		<description>Right File list</description>
		<selectedcolor>FFFF9600</selectedcolor>
		<posx>364</posx>
		<posy>102</posy>
		<width>290</width>
		<height>400</height>
		<onleft>20</onleft>
		<onright>20</onright>
		<onup>21</onup>
		<ondown>21</ondown>
		<include>dialog-effect-special</include>
	</control>

	<control type="image" id="1">
		<description>filemanager background image</description>
		<width>720</width>
		<height>576</height>
		<texture>filemanager.png</texture>
		<include>dialog-effect-special</include>
	</control>

	</controls>
</window>