<window id="2006">
	<defaultcontrol>2</defaultcontrol>
	<allowoverlay>no</allowoverlay>
	<controls>

	<control type="visualisation" id="2">
		<description>visualisation</description>
		<posx>0</posx>
		<posy>0</posy>
		<width>720</width>
		<height>576</height>
	</control>

	<!-- Codec & Viz Infos -->

	<control type="image" id="0">
	<description>preset background image</description>
		<posx>-10</posx>
		<posy>40</posy>
		<width>740</width>
		<height>65</height>
		<texture>osd_menu_bg.png</texture>
		<include>media-info</include>
		<visible>Player.ShowCodec</visible>
	</control>

	<control type="label" id="0">
		<description>Codecinfo</description>
		<width>600</width>
		<posx>75</posx>
		<posy>50</posy>
		<label>Audio | $INFO[musicplayer.Codec,Codec: ,]$INFO[musicplayer.Bitrate, - Bitrate: ,kbps]$INFO[musicplayer.bitspersample, - Bits:,bit]$INFO[musicplayer.Samplerate, - Freq.: ,kHz] $INFO[musicplayer.Channels, - Channels: ]</label>
		<align>left</align>
		<font>font12</font>
		<include>media-info</include>
		<visible>Player.ShowCodec</visible>
	</control>

	<control type="label" id="0">
		<description>Presets label</description>
		<posx>75</posx>
		<posy>75</posy>
		<width>560</width>
		<label>Visual | fps: $INFO[System.FPS] - </label>
		<font>font12</font>
		<align>left</align>
		<include>media-info</include>
		<visible>Player.ShowCodec</visible>
	</control>

	<control type="label" id="0">
		<description>Presets label</description>
		<posx>225</posx>
		<posy>75</posy>
		<width>420</width>
		<label>$INFO[Visualisation.Name]$INFO[Visualisation.Preset, - ]</label>
		<font>font12</font>
		<align>left</align>
		<include>media-info</include>
		<visible>Player.ShowCodec</visible>
	</control>

	<control type="image" id="0">
		<description>Preset locked image</description>
		<posx>210</posx>
		<posy>76</posy>
		<width>12</width>
		<height>15</height>
		<texture>arenaitem-private.png</texture>
		<include>media-info</include>
		<visible>Visualisation.Locked + Player.ShowCodec</visible>
	</control>

	<!-- Media Infos -->

	<control type="image" id="1">
		<description>media info background image</description>
		<posx>-10</posx>
		<posy>455</posy>
		<width>740</width>
		<height>100</height>
		<texture>osd_menu_bg.png</texture>
		<include>media-info</include>
		<visible>Player.ShowInfo</visible>
	</control>

	<control type="image" id="1">
		<description>cover image</description>
		<posx>75</posx>
		<posy>455</posy>
		<width>100</width>
		<height>100</height>
		<info>MusicPlayer.Cover</info>
		<aspectratio>keep</aspectratio>
		<include>media-info</include>
		<visible>Player.ShowInfo</visible>
	</control>

	<control type="label" id="1">
		<description>Artist label</description>
		<width>445</width>
		<posx>180</posx>
		<posy>458</posy>
		<info>MusicPlayer.Artist</info>
		<align>left</align>
		<font>font12</font>
		<include>media-info</include>
		<visible>Player.ShowInfo</visible>
	</control>

	<control type="label" id="1">
		<description>Title label</description>
		<width>430</width>
		<posx>180</posx>
		<posy>479</posy>
		<info>MusicPlayer.Title</info>
		<align>left</align>
		<font>font13</font>
		<include>media-info</include>
		<visible>Player.ShowInfo</visible>
	</control>

	<control type="label" id="1">
		<description>Album label</description>
		<width>430</width>
		<posx>180</posx>
		<posy>507</posy>
		<info>MusicPlayer.Album</info>
		<align>left</align>
		<font>font10</font>
		<include>media-info</include>
		<visible>Player.ShowInfo</visible>
	</control>

	<control type="label" id="1">
		<description>time label</description>
		<width>430</width>
		<posx>180</posx>
		<posy>528</posy>
		<label>$INFO[musicplayer.Time]$INFO[musicplayer.Duration, / ]</label>
		<align>left</align>
		<font>font10</font>
		<include>media-info</include>
		<visible>Player.ShowInfo</visible>
	</control>

	<control type="label" id="1">
		<description>Playlist</description>
		<width>100</width>
		<posx>660</posx>
		<posy>528</posy>
		<label>$INFO[musicplayer.Playlistposition,$LOCALIZE[554] ]$INFO[musicplayer.Playlistlength, / ]</label>
		<align>right</align>
		<font>font10</font>
		<include>media-info</include>
		<visible>Player.ShowInfo</visible>
	</control>

	</controls>
</window>