<window id="502">
	<defaultcontrol>50</defaultcontrol>
	<allowoverlay>yes</allowoverlay>
	<controls>
	<include>background</include>

	<control type="image" id="1">
		<description>background image</description>
		<posx>478</posx>
		<posy>280</posy>
		<width>240</width>
		<height>270</height>
		<texture>bg-mymusic.png</texture>
		<include>common-icons</include>
	</control>

	<control type="image" id="1">
		<description>music logo</description>
		<posx>55</posx>
		<posy>50</posy>
		<height>54</height>
		<texture>background-mymusic.png</texture>
		<include>slide-left</include>
		<aspectratio align="left">keep</aspectratio>
	</control>

	<control type="label" id="12">
		<description>number of files text label</description>
		<posx>210</posx>
		<posy>525</posy>
		<label>-</label>
		<font>font13</font>
		<textcolor>d0ffffff</textcolor>
		<include>slide-right</include>
	</control>

	<control type="label" id="14">
		<description>database text label</description>
		<align>right</align>
		<posx>660</posx>
		<posy>85</posy>
		<label>15101</label>
		<font>font14</font>
		<textcolor>FFB2D4F5</textcolor>
		<include>slide-right</include>
	</control>

	<control type="label" id="15">
		<description>filter text label</description>
		<align>right</align>
		<posx>660</posx>
		<posy>55</posy>
		<label>132</label>
		<font>font14</font>
		<textcolor>FFB2D4F5</textcolor>
		<include>slide-right</include>
	</control>

	<control type="group">
		<control type="button" id="2">
			<description>View As Icons button</description>
			<posx>60</posx>
			<posy>120</posy>
			<label>100</label>
			<font>font13</font>
			<onleft>50</onleft>
			<onright>50</onright>
			<onup>16</onup>
			<ondown>3</ondown>
			<include>slide-left</include>
		</control>
		<control type="button" id="3">
			<description>Sort by button</description>
			<posx>60</posx>
			<posy>157</posy>
			<label>103</label>
			<font>font13</font>
			<onleft>50</onleft>
			<onright>4</onright>
			<onup>2</onup>
			<ondown>5</ondown>
			<include>slide-left</include>
		</control>
		<control type="togglebutton" id="4">
			<description>Sort asc</description>
			<label>-</label>
			<onleft>3</onleft>
			<onright>50</onright>
			<onup>4</onup>
			<ondown>4</ondown>
			<include>slide-left</include>
		</control>
		<control type="button" id="5">
			<description>My Music</description>
			<posx>60</posx>
			<posy>194</posy>
			<label>3</label>
			<onclick>XBMC.ReplaceWindow(mymusicfiles)</onclick>
			<font>font13</font>
			<onleft>50</onleft>
			<onright>50</onright>
			<onup>3</onup>
			<ondown>17</ondown>
			<include>slide-left</include>
		</control>
		<control type="button" id="17">
			<description>Allmusic</description>
			<posx>60</posx>
			<posy>231</posy>
			<label>Allmusic</label>
			<onleft>50</onleft>
			<onright>50</onright>
			<onup>5</onup>
			<ondown>16</ondown>
			<include>slide-left</include>
		</control>
		<control type="radiobutton" id="16">
			<description>Party Mode button</description>
			<posx>60</posx>
			<posy>268</posy>
			<label>589</label>
			<onleft>50</onleft>
			<onright>50</onright>
			<onup>17</onup>
			<ondown>2</ondown>
			<include>slide-left</include>
		</control>
	</control>

	<control type="image">
		<description>ListItems Icons</description>
		<posx>67</posx>
		<posy>375</posy>
		<width>120</width>
		<height>120</height>
		<texture>defaultAlbumCover.png</texture>
		<info>ListItem.Icon</info>
		<include>listitem-icon</include>
		<include>slide-left</include>
	</control>
	<include>Common_List</include>

	<control type="listcontrol" id="52">
		<description>big listcontrol</description>
		<posy>121</posy>
		<height>430</height>
		<spinwidth>16</spinwidth>
		<spinheight>16</spinheight>
		<spincolor>ddffffff</spincolor>
		<spinposx>630</spinposx>
		<spinposy>527</spinposy>
		<textureup>scroll-up.png</textureup>
		<texturedown>scroll-down.png</texturedown>
		<textureupfocus>scroll-up-focus.gif</textureupfocus>
		<texturedownfocus>scroll-down-focus.gif</texturedownfocus>
		<texturefocus>blue-rectangle.png</texturefocus>
		<texturenofocus>blue-rectangleNF.png</texturenofocus>
		<font>font14</font>
		<font2>font13</font2>
		<selectedcolor>FFFFffff</selectedcolor>
		<textcolor>0xd0ffffff</textcolor>
		<selectedcolor2>0xFFFFffff</selectedcolor2>
		<textcolor2>0xd0ffffff</textcolor2>
		<colordiffuse>ffffffff</colordiffuse>
		<suffix>|</suffix>
		<textxoff>10</textxoff>
		<textyoff>10</textyoff>
		<textxoff2>445</textxoff2>
		<textyoff2>94</textyoff2>
		<aligny>top</aligny>
		<itemwidth>100</itemwidth>
		<itemheight>110</itemheight>
		<spacebetweenitems>10</spacebetweenitems>
		<textureheight>120</textureheight>
		<onleft>2</onleft>
		<onright>2</onright>
		<onup>52</onup>
		<ondown>52</ondown>
		<include>slide-right</include>
	</control>

	</controls>
</window>