<window id="2">
	<defaultcontrol>50</defaultcontrol>
	<allowoverlay>yes</allowoverlay>
	<controls>
	<include>background</include>

	<control type="image" id="1">
		<description>background image</description>
		<posx>453</posx>
		<posy>310</posy>
		<width>218</width>
		<height>240</height>
		<texture>16x9bg-mypictures.png</texture>
		<include>common-icons</include>
	</control>

	<control type="image" id="1">
		<description>Pictures logo</description>
		<posx>55</posx>
		<posy>43</posy>
		<height>70</height>
		<texture>background-mypictures.png</texture>
		<include>slide-left</include>
		<aspectratio align="left">keep</aspectratio>
	</control>

	<control type="label" id="12">
		<description>number of files text label</description>
		<posx>210</posx>
		<posy>525</posy>
		<label>-</label>
		<font>font13</font>
		<textcolor>d0ffffff</textcolor>
		<include>slide-right</include>
	</control>

	<control type="label" id="1">
		<description>my pictures text label</description>
		<align>right</align>
		<posx>660</posx>
		<posy>85</posy>
		<label>1</label>
		<font>font14</font>
		<textcolor>d0ffffff</textcolor>
		<include>slide-right</include>
	</control>

	<control type="group">
		<control type="button" id="2">
			<description>View As Icons button</description>
			<posx>60</posx>
			<posy>120</posy>
			<label>100</label>
			<font>font13</font>
			<onleft>50</onleft>
			<onright>50</onright>
			<onup>7</onup>
			<ondown>3</ondown>
			<include>slide-left</include>
		</control>
		<control type="button" id="3">
			<description>Sort by button</description>
			<posx>60</posx>
			<posy>157</posy>
			<label>103</label>
			<font>font13</font>
			<onleft>50</onleft>
			<onright>4</onright>
			<onup>2</onup>
			<ondown>6</ondown>
			<include>slide-left</include>
		</control>
		<control type="togglebutton" id="4">
			<description>Sort asc</description>
			<label>-</label>
			<onleft>3</onleft>
			<onright>50</onright>
			<onup>4</onup>
			<ondown>4</ondown>
			<include>slide-left</include>
		</control>
		<control type="button" id="6">
			<description>SlideShow button</description>
			<posx>60</posx>
			<posy>194</posy>
			<label>108</label>
			<font>font13</font>
			<onleft>50</onleft>
			<onright>50</onright>
			<onup>3</onup>
			<ondown>7</ondown>
			<include>slide-left</include>
		</control>
		<control type="button" id="7">
			<description>recursive slideshow</description>
			<posx>60</posx>
			<posy>231</posy>
			<label>361</label>
			<font>font13</font>
			<onleft>50</onleft>
			<onright>50</onright>
			<onup>6</onup>
			<ondown>2</ondown>
			<include>slide-left</include>
		</control>
	</control>
	
	<control type="image">
		<description>ListItems Icons</description>
		<posx>67</posx>
		<posy>375</posy>
		<width>120</width>
		<height>120</height>
		<info>ListItem.Icon</info>
		<include>listitem-icon</include>
		<include>slide-left</include>
	</control>
	<include>Common_List</include>

	</controls>
</window>