<window id="28">
	<defaultcontrol>50</defaultcontrol>
	<allowoverlay>yes</allowoverlay>
	<controls>
	<include>background</include>

	<control type="image" id="1">
		<description>background image</description>
		<posx>453</posx>
		<posy>310</posy>
		<width>218</width>
		<height>240</height>
		<texture>16x9bg-myvideos.png</texture>
		<include>common-icons</include>
	</control>

	<control type="image" id="1">
		<description>my video logo</description>
		<posx>55</posx>
		<posy>35</posy>
		<height>69</height>
		<texture>background-myvideos.png</texture>
		<include>slide-left</include>
		<aspectratio align="left">keep</aspectratio>
	</control>

	<control type="label" id="12">
		<description>number of files text label</description>
		<posx>210</posx>
		<posy>525</posy>
		<label>-</label>
		<font>font13</font>
		<textcolor>d0ffffff</textcolor>
		<include>slide-right</include>
	</control>

	<control type="label" id="14">
		<description>playlist text label</description>
		<align>right</align> 
		<posx>660</posx> 
		<posy>85</posy>
		<label>136</label>
		<font>font14</font>
		<textcolor>d0ffffff</textcolor>
		<include>slide-right</include>
	</control>

	<control type="group">
		<control type="button" id="2">
			<description>View As Icons button</description>
			<posx>60</posx>
			<posy>120</posy>
			<label>100</label>
			<font>font13</font>
			<onleft>50</onleft>
			<onright>50</onright>
			<onup>22</onup>
			<ondown>20</ondown>
			<include>slide-left</include>
		</control>
		<control type="radiobutton" id="20">
			<description>Shuffle button</description>
			<posx>60</posx>
			<posy>157</posy>
			<label>191</label>
			<onleft>50</onleft>
			<onright>50</onright>
			<onup>2</onup>
			<ondown>26</ondown>
			<include>slide-left</include>
		</control>
		<control type="radiobutton" id="26">
			<description>Repeat button</description>
			<posx>60</posx>
			<posy>194</posy>
			<label>486</label>
			<onleft>50</onleft>
			<onright>50</onright>
			<onup>20</onup>
			<ondown>27</ondown>
			<include>slide-left</include>
		</control>
		<control type="radiobutton" id="27">
			<description>Repeat one button</description>
			<posx>60</posx>
			<posy>231</posy>
			<label>487</label>
			<onleft>50</onleft>
			<onright>50</onright>
			<onup>26</onup>
			<ondown>21</ondown>
			<include>slide-left</include>
		</control>
		<control type="button" id="21">
			<description>Save button</description>
			<posx>60</posx>
			<posy>268</posy>
			<label>190</label>
			<font>font13</font>
			<onup>27</onup>
			<onleft>50</onleft>
			<onright>50</onright>
			<include>slide-left</include>
		</control>
		<control type="button" id="22">
			<description>Clear button</description>
			<type>button</type>
			<id>22</id>
			<posx>60</posx>
			<posy>305</posy>
			<label>192</label>
			<font>font13</font>
			<onleft>50</onleft>
			<onright>50</onright>
			<ondown>2</ondown>
			<include>slide-left</include>
		</control>
	</control>

	<control type="image">
		<description>ListItems Icons</description>
		<posx>67</posx>
		<posy>375</posy>
		<width>120</width>
		<height>120</height>
		<texture>defaultDVDCover.png</texture>
		<info>ListItem.Icon</info>
		<include>listitem-icon</include>
		<include>slide-left</include>
	</control>
	<include>Common_List</include>

	</controls>
</window>