<window id="25">
	<defaultcontrol>50</defaultcontrol>
	<allowoverlay>yes</allowoverlay>
	<controls>
	<include>background</include>

	<control type="image" id="1">
		<description>background image</description>
		<posx>453</posx>
		<posy>310</posy>
		<width>218</width>
		<height>240</height>
		<texture>16x9bg-myvideos.png</texture>
		<include>common-icons</include>
	</control>

	<control type="image" id="1">
		<description>my video logo</description>
		<posx>55</posx>
		<posy>35</posy>
		<height>69</height>
		<texture>background-myvideos.png</texture>
		<include>slide-left</include>
		<aspectratio align="left">keep</aspectratio>
	</control>

	<control type="label" id="12">
		<description>number of files text label</description>
		<posx>210</posx>
		<posy>525</posy>
		<label>-</label>
		<font>font13</font>
		<textcolor>d0ffffff</textcolor>
		<include>slide-right</include>
	</control>

	<control type="label" id="1">
		<description>database text label</description>
		<align>right</align> 
		<posx>660</posx> 
		<posy>85</posy>
		<label>20314</label>
		<font>font14</font>
		<textcolor>d0ffffff</textcolor>
		<include>slide-right</include>
	</control>

	<control type="label" id="100">
		<description>genre text label</description>
		<font>font14</font>
		<align>right</align>
		<posx>660</posx>
		<posy>55</posy>
		<label>3</label>
		<textcolor>FFB2D4F5</textcolor>
		<include>slide-right</include>
	</control>

	<control type="group">
		<control type="button" id="2">
			<description>View As Icons button</description>
			<posx>60</posx>
			<posy>120</posy>
			<label>100</label>
			<onleft>50</onleft>
			<onright>50</onright>
			<onup>9</onup>
			<ondown>3</ondown>
			<include>slide-left</include>
		</control>
		<control type="button" id="3">
			<description>Sort by button</description>
			<posx>60</posx>
			<posy>157</posy>
			<label>103</label>
			<onleft>50</onleft>
			<onright>4</onright>
			<onup>2</onup>
			<ondown>5</ondown>
			<include>slide-left</include>
		</control>
		<control type="togglebutton" id="4">
			<description>Sort asc</description>
			<label>-</label>
			<onleft>3</onleft>
			<onright>50</onright>
			<onup>2</onup>
			<ondown>2</ondown>
			<include>slide-left</include>
		</control>
		<control type="button" id="5">
			<description>MyVideos</description>
			<posx>60</posx>
			<posy>194</posy>
			<label>3</label>
			<onclick>XBMC.ReplaceWindow(myvideofiles)</onclick>
			<onleft>50</onleft>
			<onright>50</onright>
			<onup>3</onup>
			<ondown>6</ondown>
			<include>slide-left</include>
		</control>
		<control type="button" id="6">
			<description>Play DVD</description>
			<posx>60</posx>
			<posy>231</posy>
			<label>341</label>
			<onleft>50</onleft>
			<onright>50</onright>
			<onup>5</onup>
			<ondown>9</ondown>
			<include>slide-left</include>
		</control>
		<control type="button" id="9">
			<description>IMDB</description>
			<posx>60</posx>
			<posy>268</posy>
			<label>368</label>
			<onleft>50</onleft>
			<onright>50</onright>
			<onup>6</onup>
			<ondown>2</ondown>
			<include>slide-left</include>
		</control>
	</control>

	<control type="image">
		<description>ListItems Icons</description>
		<posx>67</posx>
		<posy>375</posy>
		<width>120</width>
		<height>120</height>
		<texture>defaultDVDCover.png</texture>
		<info>ListItem.Icon</info>
		<include>listitem-icon</include>
		<include>slide-left</include>
	</control>
	<include>Common_List</include>

	</controls>
</window>