<window id="2600">
	<defaultcontrol>2</defaultcontrol>
	<allowoverlay>yes</allowoverlay>
	<controls>
	<include>background</include>

	<control type="label" id="1">
		<description>Weather text label</description>
		<align>right</align> 
		<posx>660</posx> 
		<posy>85</posy>
		<label>8</label>
		<font>font14</font>
		<textcolor>d0ffffff</textcolor>
		<include>slide-right</include>
	</control>

	<control type="button" id="2">
		<description>Refresh Button</description>
		<posx>60</posx>
		<posy>60</posy>
		<width>135</width>
		<height>35</height>
		<texturenofocus>button-nofocus.jpg</texturenofocus>
		<label>184</label>
		<font>font13</font>
		<onleft>3</onleft>
		<onright>3</onright>
		<onup>3</onup>
		<ondown>3</ondown>
		<align>center</align>
		<include>slide-left</include>
	</control>

	<control type="image" id="1">
		<description>bg panel image</description>
		<posx>202</posx>
		<posy>127</posy>
		<width>500</width>
		<height>180</height>
		<texture>blue_rectangle_weather.png</texture>
		<include>slide-right</include>
	</control>

	<control type="image" id="1">
		<description>bg panel image</description>
		<posx>202</posx>
		<posy>315</posy>
		<width>115</width>
		<height>310</height>
		<texture>blue_rectangle_weather.png</texture>
		<include>slide-right</include>
	</control>

	<control type="image" id="1">
		<description>bg panel image</description>
		<posx>326</posx>
		<posy>315</posy>
		<width>115</width>
		<height>300</height>
		<texture>blue_rectangle_weather.png</texture>
		<include>slide-right</include>
	</control>

	<control type="image" id="1">
		<description>bg panel image</description>
		<posx>450</posx>
		<posy>315</posy>
		<width>115</width>
		<height>300</height>
		<texture>blue_rectangle_weather.png</texture>
		<include>slide-right</include>
	</control>

	<control type="image" id="1">
		<description>bg panel image</description>
		<posx>574</posx>
		<posy>315</posy>
		<width>115</width>
		<height>300</height>
		<texture>blue_rectangle_weather.png</texture>
		<include>slide-right</include>
	</control>

	<control type="spincontrol" id="3">
		<description>weather location select</description>
		<align>left</align>
		<width>15</width>
		<height>15</height>
		<posx>217</posx>
		<posy>60</posy>
		<font>font18</font>
		<reverse>yes</reverse>
		<onup>2</onup>
		<ondown>2</ondown>
		<onleft>2</onleft>
		<onright>2</onright>
		<textoffsety>-12</textoffsety>
		<disabledcolor>ddffffff</disabledcolor>
		<include>slide-right</include>
	</control>

	<control type="label" id="223">
		<description>current temp static label</description>
		<posx>210</posx>
		<posy>140</posy>
		<label>Temp</label>
		<font>font14</font>
		<textcolor>FFFFFFFF</textcolor>
		<include>slide-right</include>
	</control>

	<control type="label" id="224">
		<description>current feels like static label</description>
		<posx>210</posx>
		<posy>165</posy>
		<label>-</label>
		<font>font13</font>
		<textcolor>FFFFFFFF</textcolor>
		<include>slide-right</include>
	</control>

	<control type="label" id="225">
		<description>current UV Index static label</description>
		<posx>210</posx>
		<posy>240</posy>
		<label>-</label>
		<font>font13</font>
		<textcolor>FFFFFFFF</textcolor>
		<include>slide-right</include>
	</control>

	<control type="label" id="226">
		<description>current wind static label</description>
		<posx>210</posx>
		<posy>265</posy>
		<label>-</label>
		<font>font13</font>
		<textcolor>FFFFFFFF</textcolor>
		<include>slide-right</include>
	</control>

	<control type="label" id="227">
		<description>current dew static label</description>
		<posx>210</posx>
		<posy>190</posy>
		<label>-</label>
		<font>font13</font>
		<textcolor>FFFFFFFF</textcolor>
		<include>slide-right</include>
	</control>

	<control type="label" id="228">
		<description>current humidity static label</description>
		<posx>210</posx>
		<posy>215</posy>
		<label>-</label>
		<font>font13</font>
		<textcolor>FFFFFFFF</textcolor>
		<include>slide-right</include>
	</control>

	<control type="label" id="11">
		<description>update time label</description>
		<posx>210</posx>
		<posy>93</posy>
		<label>-</label>
		<font>font13</font>
		<textcolor>FFFFFFFF</textcolor>
		<include>slide-right</include>
	</control>

	<control type="image" id="21">
		<description>current weather icon</description>
		<posx>530</posx>
		<posy>140</posy>
		<height>128</height>
		<width>128</width>
		<texture>background-myweather.png</texture>
		<include>slide-right</include>
	</control>

	<control type="label" id="22">
		<description>current condition label</description>
		<posx>445</posx>
		<posy>140</posy>
		<width>50</width>
		<width>120</width>
		<wrapmultiline>true</wrapmultiline>
		<label>-</label>
		<font>font10</font>
		<textcolor>FFFFFFFF</textcolor>
		<include>slide-right</include>
	</control>

	<control type="label" id="23">
		<description>current temp label</description>
		<posx>335</posx>
		<posy>140</posy>
		<label>-</label>
		<font>font13</font>
		<textcolor>FFFFFFFF</textcolor>
		<include>slide-right</include>
	</control>

	<control type="label" id="24">
		<description>current feels like label</description>
		<posx>335</posx>
		<posy>165</posy>
		<label>-</label>
		<font>font13</font>
		<textcolor>FFFFFFFF</textcolor>
		<include>slide-right</include>
	</control>

	<control type="label" id="25">
		<description>current UV Index label</description>
		<posx>335</posx>
		<posy>240</posy>
		<label>-</label>
		<font>font13</font>
		<textcolor>FFFFFFFF</textcolor>
		<include>slide-right</include>
	</control>

	<control type="label" id="26">
		<description>current wind label</description>
		<posx>335</posx>
		<posy>265</posy>
		<label>-</label>
		<font>font13</font>
		<textcolor>FFFFFFFF</textcolor>
		<include>slide-right</include>
	</control>

	<control type="label" id="27">
		<description>current dew label</description>
		<posx>335</posx>
		<posy>190</posy>
		<label>-</label>
		<font>font13</font>
		<textcolor>FFFFFFFF</textcolor>
		<include>slide-right</include>
	</control>

	<control type="label" id="28">
		<description>current humidity label</description>
		<posx>335</posx>
		<posy>215</posy>
		<label>-</label>
		<font>font13</font>
		<textcolor>FFFFFFFF</textcolor>
		<include>slide-right</include>
	</control>

	<control type="label" id="31">
		<description>day 0 label</description>
		<posx>210</posx>
		<posy>320</posy>
		<label>-</label>
		<font>font13</font>
		<textcolor>FFFFFFFF</textcolor>
		<include>slide-right</include>
	</control>

	<control type="label" id="32">
		<description>day 0 Hi label</description>
		<posx>210</posx>
		<posy>348</posy>
		<label>-</label>
		<font>font10</font>
		<textcolor>FFFFFFFF</textcolor>
		<include>slide-right</include>
	</control>

	<control type="label" id="33">
		<description>day 0 low label</description>
		<posx>210</posx>
		<posy>370</posy>
		<label>-</label>
		<font>font10</font>
		<textcolor>FFFFFFFF</textcolor>
		<include>slide-right</include>
	</control>

	<control type="label" id="34">
		<description>day 0 general weather label</description>
		<posx>210</posx>
		<posy>480</posy>
		<width>120</width>
		<wrapmultiline>true</wrapmultiline>
		<label>-</label>
		<font>font10</font>
		<textcolor>FFFFFFFF</textcolor>
		<include>slide-right</include>
	</control>

	<control type="image" id="35">
		<description>day 0 icon</description>
		<posx>210</posx>
		<posy>400</posy>
		<height>64</height>
		<width>64</width>
		<texture>background-myweather.png</texture>
		<include>slide-right</include>
	</control>

	<control type="label" id="41">
		<description>day 1 label</description>
		<posx>335</posx>
		<posy>320</posy>
		<label>-</label>
		<font>font13</font>
		<textcolor>FFFFFFFF</textcolor>
		<include>slide-right</include>
	</control>

	<control type="label" id="42">
		<description>day 1 Hi label</description>
		<posx>335</posx>
		<posy>348</posy>
		<label>-</label>
		<font>font10</font>
		<textcolor>FFFFFFFF</textcolor>
		<include>slide-right</include>
	</control>

	<control type="label" id="43">
		<description>day 1 low label</description>
		<posx>335</posx>
		<posy>370</posy>
		<label>-</label>
		<font>font10</font>
		<textcolor>FFFFFFFF</textcolor>
		<include>slide-right</include>
	</control>

	<control type="label" id="44">
		<description>day 1 general weather label</description>
		<posx>335</posx>
		<posy>480</posy>
		<width>120</width>
		<wrapmultiline>true</wrapmultiline>
		<label>-</label>
		<font>font10</font>
		<textcolor>FFFFFFFF</textcolor>
		<include>slide-right</include>
	</control>

	<control type="image" id="45">
		<description>day 1 icon</description>
		<posx>335</posx>
		<posy>400</posy>
		<height>64</height>
		<width>64</width>
		<texture>background-myweather.png</texture>
		<include>slide-right</include>
	</control>

	<control type="label" id="51">
		<description>day 2 label</description>
		<posx>460</posx>
		<posy>320</posy>
		<label>-</label>
		<font>font13</font>
		<textcolor>FFFFFFFF</textcolor>
		<include>slide-right</include>
	</control>

	<control type="label" id="52">
		<description>day 2 Hi label</description>
		<posx>460</posx>
		<posy>348</posy>
		<label>-</label>
		<font>font10</font>
		<textcolor>FFFFFFFF</textcolor>
		<include>slide-right</include>
	</control>

	<control type="label" id="53">
		<description>day 2 low label</description>
		<posx>460</posx>
		<posy>370</posy>
		<label>-</label>
		<font>font10</font>
		<textcolor>FFFFFFFF</textcolor>
		<include>slide-right</include>
	</control>

	<control type="label" id="54">
		<description>day 2 general weather label</description>
		<posx>460</posx>
		<posy>480</posy>
		<width>120</width>
		<wrapmultiline>true</wrapmultiline>
		<label>-</label>
		<font>font10</font>
		<textcolor>FFFFFFFF</textcolor>
		<include>slide-right</include>
	</control>

	<control type="image" id="55">
		<description>day 2 icon</description>
		<posx>460</posx>
		<posy>400</posy>
		<height>64</height>
		<width>64</width>
		<texture>background-myweather.png</texture>
		<include>slide-right</include>
	</control>

	<control type="label" id="61">
		<description>day 3 label</description>
		<posx>585</posx>
		<posy>320</posy>
		<label>-</label>
		<font>font13</font>
		<textcolor>FFFFFFFF</textcolor>
		<include>slide-right</include>
	</control>

	<control type="label" id="62">
		<description>day 3 Hi label</description>
		<posx>585</posx>
		<posy>348</posy>
		<label>-</label>
		<font>font10</font>
		<textcolor>FFFFFFFF</textcolor>
		<include>slide-right</include>
	</control>

	<control type="label" id="63">
		<description>day 3 low label</description>
		<posx>585</posx>
		<posy>370</posy>
		<label>-</label>
		<font>font10</font>
		<textcolor>FFFFFFFF</textcolor>
		<include>slide-right</include>
	</control>

	<control type="label" id="64">
		<description>day 3 general weather label</description>
		<posx>585</posx>
		<posy>480</posy>
		<width>120</width>
		<wrapmultiline>true</wrapmultiline>
		<label>-</label>
		<font>font10</font>
		<textcolor>FFFFFFFF</textcolor>
		<include>slide-right</include>
	</control>

	<control type="image" id="65">
		<description>day 3 icon</description>
		<posx>585</posx>
		<posy>400</posy>
		<height>64</height>
		<width>64</width>
		<texture>background-myweather.png</texture>
		<include>slide-right</include>
	</control>

	</controls>
</window>