<window id="12">
	<defaultcontrol>2</defaultcontrol>
	<allowoverlay>yes</allowoverlay>
	<controls>
	<include>background</include>

	<control type="image" id="1">
		<description>background image</description>
		<posx>453</posx>
		<posy>310</posy>
		<width>218</width>
		<height>240</height>
		<texture>16x9bg-settings.png</texture>
		<include>common-icons</include>
	</control>

	<control type="image" id="1">
		<description>settings logo</description>
		<posx>55</posx>
		<posy>35</posy>
		<height>75</height>
		<texture>background-settings.png</texture>
		<include>slide-left</include>
		<aspectratio align="left">keep</aspectratio>
	</control>

	<control type="label" id="2">
		<description>Settings Label</description>
		<align>right</align>
		<posx>660</posx>
		<posy>85</posy>
		<label>-</label>
		<font>font04</font>
		<textcolor>D0FFFFFF</textcolor>
		<include>slide-right</include>
	</control>

	<control type="image" id="1">
		<description>divider image</description>
		<posx>210</posx>
		<posy>100</posy>
		<width>2</width>
		<height>450</height>
		<texture>settings-divider.png</texture>
		<include>slide-left</include>
	</control>

	<control type="grouplist" id="3">
		<description>button area</description>
		<posx>60</posx>
		<posy>120</posy>
		<width>180</width>
		<height>300</height>
		<texture>-</texture>
		<onleft>5</onleft>
		<onright>5</onright>
		<include>slide-left</include>
	</control>

	<control type="image" id="4">
		<description>button gap</description>
		<width>350</width>
		<height>38</height>
		<texture>-</texture>
	</control>

	<control type="grouplist" id="5">
		<description>control area</description>
		<posx>225</posx>
		<posy>121</posy>
		<width>430</width>
		<height>300</height>
		<texture>-</texture>
		<onleft>3</onleft>
		<onright>3</onright>
		<include>slide-right</include>
	</control>

	<control type="image" id="6">
		<description>control gap</description>
		<width>350</width>
		<height>38</height>
		<texture>-</texture>
	</control>

	<control type="button" id="7">
		<description>Default Button</description>
		<posx>530</posx>
		<posy>150</posy>
		<font>font13</font>
		<texturefocus>list-focus.png</texturefocus>
		<texturenofocus>-</texturenofocus>
	</control>

	<control type="radiobutton" id="8">
		<description>Default RadioButton</description>
		<posx>530</posx>
		<posy>150</posy>
		<font>font13</font>
		<texturefocus>list-focus.png</texturefocus>
		<texturenofocus>-</texturenofocus>
		<textureRadiofocus>settings-check-box.png</textureRadiofocus>
		<textureRadionofocus>settings-check-boxNF.png</textureRadionofocus>
	</control>

	<control type="spincontrolex" id="9">
		<description>Default SpinControlex</description>
		<posx>530</posx>
		<posy>150</posy>
		<width>300</width>
		<texturefocus>list-focus.png</texturefocus>
		<texturenofocus>-</texturenofocus>
		<textureup>scroll-up.png</textureup>
		<texturedown>scroll-down.png</texturedown>
		<textureupfocus>scroll-up-focus.gif</textureupfocus>
		<texturedownfocus>scroll-down-focus.gif</texturedownfocus>
		<font>font13</font>
		<textcolor>ddffffff</textcolor>
		<colordiffuse>ffffffff</colordiffuse>
		<disabledcolor>60d0d0d0</disabledcolor>
		<textoffsetx>7</textoffsetx>
		<aligny>center</aligny>
		<reverse>yes</reverse>
	</control>

	<control type="button" id="10">
		<description>Default Category Button</description>
		<posx>208</posx>
		<posy>150</posy>
		<label>224</label>
		<font>font13</font>
		<align>right</align>
		<texturefocus>homebutton-focus.png</texturefocus>
		<texturenofocus>-</texturenofocus>
	</control>

	</controls>
</window>