<window id="11">
	<defaultcontrol>8</defaultcontrol>
	<controls>

	<control type="videowindow" id="20">
		<description>videowindow</description>
		<posx>0</posx>
		<posy>0</posy>
		<width>720</width>
		<height>576</height>
	</control>

	<control type="mover" id="8">
		<description>top left mover</description>
		<posx>0</posx>
		<posy>0</posy>
		<texturefocus>calibrate-topleft-focus.png</texturefocus>
		<texturenofocus>calibrate-topleft.png</texturenofocus>
	</control>

	<control type="mover" id="9">
		<description>right bottom mover</description>
		<posx>700</posx>
		<posy>500</posy>
		<texturefocus>calibrate-bottomright-focus.png</texturefocus>
		<texturenofocus>calibrate-bottomright.png</texturenofocus>
	</control>

	<control type="mover" id="10">
		<description>subtitle position mover</description>
		<posx>200</posx>
		<posy>500</posy>
		<texturefocus>calibrate-subtitles-focus.png</texturefocus>
		<texturenofocus>calibrate-subtitles.png</texturenofocus>
	</control>

	<control type="resize" id="11">
		<description>pixel aspect ratio box</description>
		<posx>0</posx>
		<posy>270</posy>
		<width>288</width>
		<height>288</height>
		<texturefocus>calibrate-pixelratio-focus.png</texturefocus>
		<texturenofocus>calibrate-pixelratio.png</texturenofocus>
	</control>

	<control type="mover" id="12">
		<description>OSD Y Offset mover</description>
		<posx>200</posx>
		<posy>500</posy>
		<texturefocus>calibrate-subtitles-focus.png</texturefocus>
		<texturenofocus>calibrate-subtitles.png</texturenofocus>
		<colorkey>FFFF00FF</colorkey>
		<colordiffuse>FFFFFFFF</colordiffuse>
	</control>

	<control type="image" id="1">
		<description>rectangle image</description>
		<posx>0</posx>
		<posy>256</posy>
		<width>720</width>
		<height>57</height>
		<texture>bluebar.png</texture>
	</control>

	<control type="label" id="2">
		<description>coordinates label</description>
		<posx>55</posx>
		<posy>260</posy>
		<label>-</label>
		<font>font14</font>
		<textcolor>FFFFFFFF</textcolor>
	</control>

	<control type="label" id="3">
		<description>help information</description>
		<type>label</type>
		<id>3</id>
		<posx>55</posx>
		<posy>280</posy>
		<label>-</label>
		<font>font14</font>
		<textcolor>FFFFFFFF</textcolor>
	</control>

	</controls>
</window>