<window id="2901">
	<defaultcontrol>213</defaultcontrol>
	<animation effect="fade" time="200">WindowOpen</animation>
	<animation effect="fade" time="200">WindowClose</animation>
	<controls>

	<control type="button" id="208">
		<description>DVD menu button</description>
		<posx>55</posx>
		<posy>339</posy>
		<width>128</width>
		<height>128</height>
		<texturefocus>osd_button_dvdmenu.png</texturefocus>
		<texturenofocus>osd_button_dvdmenuNF.png</texturenofocus>
		<label>-</label>
		<font>-</font>
		<onleft>210</onleft>
		<onright>918</onright>
		<onup>918</onup>
		<ondown>210</ondown>
		<onclick>XBMC.PlayerControl(ShowVideoMenu)</onclick>
		<visible>VideoPlayer.HasMenu</visible>
	</control>

	<control type="button" id="209">
		<description>DVD menu button 2</description>
		<posx>55</posx>
		<posy>339</posy>
		<width>128</width>
		<height>128</height>
		<texturefocus>osd_button_dvdmenu2.png</texturefocus>
		<texturenofocus>-</texturenofocus>
		<label>-</label>
		<font>-</font>
		<onleft>211</onleft>
		<onright>921</onright>
		<onup>921</onup>
		<ondown>211</ondown>
		<onclick>XBMC.PlayerControl(ShowVideoMenu)</onclick>
		<visible>VideoPlayer.HasMenu</visible>
	</control>

	<control type="image" id="1">
		<description>Panel</description>
		<posx>80</posx>
		<posy>330</posy>
		<height>223</height>
		<width>180</width>
		<texture>osd_panel.png</texture>
		<visible>yes</visible>
	</control>

	<control type="button" id="210">
		<description>Skip Bwd</description>
		<posx>101</posx>
		<posy>424</posy>
		<width>38</width>
		<height>45</height>
		<texturefocus>osd_button_skip_minusSELFO.png</texturefocus>
		<texturenofocus>-</texturenofocus>
		<onclick>XBMC.PlayerControl(Previous)</onclick>
		<label>-</label>
		<font>-</font>
		<onleft>215</onleft>
		<onright>211</onright>
		<onup>208</onup>
		<ondown>919</ondown>
	</control>

	<control type="togglebutton" id="211">
		<description>Rewind</description>
		<posx>131</posx>
		<posy>420</posy>
		<width>34</width>
		<height>42</height>
		<texturefocus>osd_button_rewFO.png</texturefocus>
		<texturenofocus>-</texturenofocus>
		<usealttexture>Player.Rewinding</usealttexture>
		<alttexturefocus>osd_button_rewSELFO.png</alttexturefocus>
		<alttexturenofocus>osd_button_rewSELNF.png</alttexturenofocus>
		<label>-</label>
		<font>-</font>
		<onleft>210</onleft>
		<onright>213</onright>
		<onup>209</onup>
		<ondown>920</ondown>
		<onclick>XBMC.PlayerControl(Rewind)</onclick>
	</control>

	<!-- <control type="button" id="212">
		<description>Stop</description>
		<posx>142</posx>
		<posy>435</posy>
		<width>31</width>
		<height>36</height>
		<texturefocus>osd_button_stopFO.png</texturefocus>
		<texturenofocus>-</texturenofocus>
		<label>-</label>
		<font>-</font>
		<onleft>216</onleft>
		<onright>213</onright>
		<onup>212</onup>
		<ondown>918</ondown>
	</control> -->

	<control type="togglebutton" id="213">
		<description>Play</description>
		<posx>156</posx>
		<posy>404</posy>
		<width>52</width>
		<height>58</height>
		<texturefocus>osd_button_pauseFO.png</texturefocus>
		<texturenofocus>osd_button_pauseNF.png</texturenofocus>
		<usealttexture>Player.Paused | Player.Forwarding | Player.Rewinding</usealttexture>
		<alttexturefocus>osd_button_playFO.png</alttexturefocus>
		<alttexturenofocus>osd_button_playNF.png</alttexturenofocus>
		<label>-</label>
		<font>-</font>
		<onleft>211</onleft>
		<onright>214</onright>
		<onup>921</onup>
		<ondown>920</ondown>
		<onclick>XBMC.PlayerControl(Play)</onclick>
	</control>

	<control type="togglebutton" id="214">
		<description>Fast Forward</description>
		<posx>199</posx>
		<posy>405</posy>
		<width>32</width>
		<height>42</height>
		<texturefocus>osd_button_ffFO.png</texturefocus>
		<texturenofocus>-</texturenofocus>
		<usealttexture>Player.Forwarding</usealttexture>
		<alttexturefocus>osd_button_ffSELFO.png</alttexturefocus>
		<alttexturenofocus>osd_button_ffSELNF.png</alttexturenofocus>
		<label>-</label>
		<font>-</font>
		<onleft>213</onleft>
		<onright>215</onright>
		<onup>921</onup>
		<ondown>920</ondown>
		<onclick>XBMC.PlayerControl(Forward)</onclick>
	</control>

	<control type="button" id="215">
		<description>Skip Fwd</description>
		<posx>222</posx>
		<posy>400</posy>
		<width>33</width>
		<height>40</height>
		<texturefocus>osd_button_skip_plusSELFO.png</texturefocus>
		<texturenofocus>-</texturenofocus>
		<onclick>XBMC.PlayerControl(Next)</onclick>
		<label>-</label>
		<font>-</font>
		<onleft>214</onleft>
		<onright>210</onright>
		<onup>918</onup>
		<ondown>919</ondown>
	</control>

	<!-- <control type="togglebutton" id="216">
		<description>Mute</description>
		<posx>93</posx>
		<posy>406</posy>
		<width>30</width>
		<height>34</height>
		<alttexturefocus>osd_button_volumeFO.png</alttexturefocus>
		<alttexturenofocus>-</alttexturenofocus>
		<texturefocus>osd_button_volumeSELFO.png</texturefocus>
		<texturenofocus>osd_button_volumeSELNF.png</texturenofocus>
		<label>-</label>
		<font>-</font>
		<onleft>214</onleft>
		<onright>212</onright>
		<onup>216</onup>
		<ondown>919</ondown>
	</control> -->

	<control type="button" id="918">
		<description>playlist buton</description>
		<posx>150</posx>
		<posy>346</posy>
		<width>38</width>
		<height>38</height>
		<texturefocus>osd_button_playlistFO.png</texturefocus>
		<texturenofocus>-</texturenofocus>
		<onclick>XBMC.ActivateWindow(28)</onclick>
		<label>-</label>
		<font>-</font>
		<onleft>208</onleft>
		<onright>215</onright>
		<onup>919</onup>
		<ondown>921</ondown>
	</control>

	<control type="togglebutton" id="921">
		<description>Audio Menu</description>
		<posx>156</posx>
		<posy>376</posy>
		<width>39</width>
		<height>36</height>
		<texturefocus>osd_button_audioFO.png</texturefocus>
		<texturenofocus>-</texturenofocus>
		<usealttexture>Window.IsActive(124) | Window.IsActive(123)</usealttexture>
		<alttexturefocus>osd_button_audioSELNF.png</alttexturefocus>
		<alttexturenofocus>-</alttexturenofocus>
		<onclick>XBMC.ActivateWindow(124)</onclick>
		<label>-</label>
		<font>-</font>
		<onleft>209</onleft>
		<onright>214</onright>
		<onup>918</onup>
		<ondown>213</ondown>
	</control>

	<control type="togglebutton" id="920">
		<description>Video Menu</description>
		<posx>171</posx>
		<posy>456</posy>
		<width>41</width>
		<height>37</height>
		<texturefocus>osd_button_videoFO.png</texturefocus>
		<texturenofocus>-</texturenofocus>
		<usealttexture>Window.IsActive(123)</usealttexture>
		<alttexturefocus>osd_button_videoSELNF.png</alttexturefocus>
		<alttexturenofocus>-</alttexturenofocus>
		<onclick>XBMC.ActivateWindow(123)</onclick>
		<label>-</label>
		<font>-</font>
		<onleft>211</onleft>
		<onright>214</onright>
		<onup>213</onup>
		<ondown>919</ondown>
	</control>

	<control type="togglebutton" id="919">
		<description>Bookmarks Menu</description>
		<posx>176</posx>
		<posy>486</posy>
		<width>43</width>
		<height>43</height>
		<texturefocus>osd_button_bookmarkFO.png</texturefocus>
		<texturenofocus>-</texturenofocus>
		<usealttexture>Window.IsActive(125)</usealttexture>
		<alttexturefocus>osd_button_bookmarkSELNF.png</alttexturefocus>
		<alttexturenofocus>-</alttexturenofocus>
		<onclick>XBMC.ActivateWindow(125)</onclick>
		<label>-</label>
		<font>-</font>
		<onleft>210</onleft>
		<onright>215</onright>
		<onup>920</onup>
		<ondown>918</ondown>
	</control>

	</controls>
</window>