<window id="125">
	<defaultcontrol>2</defaultcontrol>
	<coordinates>
	<system>1</system>
	<posx>232</posx>
	<posy>140</posy>
	</coordinates>
	<controls>

	<control type="image" id="1">
		<description>background image</description>
		<posx>-25</posx>
		<posy>-11</posy>
		<width>446</width>
		<height>405</height>
		<texture>osd_menu_bg.png</texture>
		<colordiffuse>AAFFFFFF</colordiffuse>
	</control>

	<control type="label" id="0">
		<description>Settings Label</description>
		<posx>0</posx>
		<posy>2</posy>
		<width>420</width>
		<align>left</align>
		<font>special13</font>
		<label>13398</label>
		<textcolor>DDced8da</textcolor>
	</control>

	<control type="button" id="2">
		<description>Create Bookmark button</description>
		<posx>0</posx>
		<posy>320</posy>
		<width>197</width>
		<height>31</height>
		<font>font10</font>
		<textoffsetx>12</textoffsetx>
		<aligny>center</aligny>
		<align>center</align>
		<label>294</label>
		<onleft>3</onleft>
		<onright>3</onright>
		<ondown>11</ondown>
		<onup>11</onup>
		<texturenofocus>keyboard-btn-space.png</texturenofocus>
		<texturefocus>keyboard-btn-space-focus2.png</texturefocus>
	</control>

	<control type="button" id="3">
		<description>Clear Bookmarks button</description>
		<posx>208</posx>
		<posy>320</posy>
		<width>197</width>
		<height>31</height>
		<font>font10</font>
		<aligny>center</aligny>
		<align>center</align>
		<label>296</label>
		<onleft>2</onleft>
		<onright>2</onright>
		<ondown>11</ondown>
		<onup>11</onup>
		<texturenofocus>keyboard-btn-space.png</texturenofocus>
		<texturefocus>keyboard-btn-space-focus2.png</texturefocus>
	</control>

	<control type="thumbnailpanel" id="11">
		<description>Bookmarks thumbnail panel</description>
		<posx>0</posx>
		<posy>50</posy>
		<width>400</width>
		<height>300</height>
		<spinposx>350</spinposx>
		<spinposy>230</spinposy>
		<itemwidth>100</itemwidth> 
		<itemheight>110</itemheight>
		<texturewidth>90</texturewidth>
		<textureheight>80</textureheight>
		<thumbwidth>80</thumbwidth>
		<thumbheight>70</thumbheight>
		<thumbposx>5</thumbposx>
		<thumbposy>5</thumbposy>
		<onleft>2</onleft>
		<onright>3</onright>
		<ondown>2</ondown>
		<onup>2</onup>
	</control>

	</controls>
</window>