<window type="dialog" id="134">
	<defaultcontrol>450</defaultcontrol>
	<include>Fade_Dialog_OpenClose_Animation</include>
	<coordinates>
		<system>1</system>
		<posx>140</posx>
		<posy>140</posy>
	</coordinates>
	<controls>
		<control type="group">
			<posx>-50</posx>
			<posy>-50</posy>
			<include>Dialog_Background</include>
		</control>
		<control type="group">
			<include>Dialog_Content_Animation</include>
			<control type="label">
				<description>Heading Label</description>
				<posx>10</posx>
				<posy>0</posy>
				<width>420</width>
				<align>left</align>
				<label>1036</label>
				<font>font14</font>
				<textcolor>yellow</textcolor>
				<shadowcolor>black</shadowcolor>
			</control>
			<control type="list" id="450">
				<posx>5</posx>
				<posy>35</posy>
				<width>435</width>
				<height>289</height>
				<onleft>90</onleft>
				<onright>90</onright>
				<onup>450</onup>
				<ondown>450</ondown>
				<viewtype label="535">list</viewtype>
				<scrolltime>200</scrolltime>
				<pagecontrol>90</pagecontrol>
				<itemlayout height="32">
					<control type="image">
						<width>435</width>
						<height>30</height>
						<posx>0</posx>
						<posy>1</posy>
						<texture>list-nofocus.png</texture>
					</control>
					<control type="image">
						<posx>5</posx>
						<posy>4</posy>
						<width>22</width>
						<height>22</height>
						<info>ListItem.Icon</info>
					</control>
					<control type="label">
						<posx>35</posx>
						<posy>4</posy>
						<width>390</width>
						<height>22</height>
						<font>font13</font>
						<align>left</align>
						<textcolor>white</textcolor>
						<selectedcolor>green</selectedcolor>
						<info>ListItem.Label</info>
					</control>
				</itemlayout>
				<focusedlayout height="32">
					<control type="image">
						<width>435</width>
						<height>30</height>
						<posx>0</posx>
						<posy>1</posy>
						<texture>list-focus.png</texture>
						<visible>Control.HasFocus(450)</visible>
					</control>
					<control type="image">
						<width>435</width>
						<height>30</height>
						<posx>0</posx>
						<posy>1</posy>
						<texture>list-nofocus.png</texture>
						<visible>!Control.HasFocus(450)</visible>
					</control>
					<control type="image">
						<posx>5</posx>
						<posy>4</posy>
						<width>22</width>
						<height>22</height>
						<info>ListItem.Icon</info>
					</control>
					<control type="label">
						<posx>35</posx>
						<posy>4</posy>
						<width>390</width>
						<height>22</height>
						<font>font13</font>
						<align>left</align>
						<textcolor>white</textcolor>
						<selectedcolor>green</selectedcolor>
						<info>ListItem.Label</info>
					</control>
				</focusedlayout>
			</control>
			<control type="button">
				<posx>445</posx>
				<posy>35</posy>
				<include>Scrollbar_Width</include>
				<height>20</height>
				<onclick>PageUp(90)</onclick>
				<texturefocus>scrollbar_uparrow.png</texturefocus>
				<texturenofocus>scrollbar_uparrow.png</texturenofocus>
			</control>
			<control type="button">
				<posx>445</posx>
				<posy>302</posy>
				<include>Scrollbar_Width</include>
				<height>20</height>
				<onclick>PageDown(90)</onclick>
				<texturefocus>scrollbar_downarrow.png</texturefocus>
				<texturenofocus>scrollbar_downarrow.png</texturenofocus>
			</control>
			<control type="scrollbar" id="90">
				<posx>445</posx>
				<posy>55</posy>
				<include>Scrollbar_Width</include>
				<height>248</height>
				<texturesliderbackground border="2,0,2,0">scrollbar_background.png</texturesliderbackground>
				<texturesliderbar border="2,6,2,6">scrollbar_nofocus.png</texturesliderbar>
				<texturesliderbarfocus border="2,5,2,5">scrollbar_focus.png</texturesliderbarfocus>
				<textureslidernib>-</textureslidernib>
				<textureslidernibfocus>-</textureslidernibfocus>
				<onleft>450</onleft>
				<onright>450</onright>
				<onup>90</onup>
				<ondown>90</ondown>
				<showonepage>true</showonepage>
				<orientation>vertical</orientation>
			</control>
		</control>
	</controls>
</window>