<window id="10140">
	<defaultcontrol>2</defaultcontrol>
	<include>Fade_Dialog_OpenClose_Animation</include>
	<coordinates>
		<system>1</system>
		<posx>140</posx>
		<posy>140</posy>
	</coordinates>
	<controls>
		<control type="group">
			<posx>-50</posx>
			<posy>-50</posy>
			<include>Dialog_Background</include>
		</control>
		<control type="group">
			<include>Dialog_Content_Animation</include>
			<control type="label" id="20">
				<description>Heading Label</description>
				<posx>10</posx>
				<posy>0</posy>
				<width>420</width>
				<align>left</align>
				<label>-</label>
				<font>font14</font>
				<textcolor>yellow</textcolor>
				<shadowcolor>black</shadowcolor>
			</control>
			<control type="grouplist" id="2">
				<description>control area</description>
				<posx>5</posx>
				<posy>35</posy>
				<width>435</width>
				<height>255</height>
				<itemgap>3</itemgap>
				<pagecontrol>90</pagecontrol>
				<onleft>10</onleft>
				<onright>90</onright>
				<ondown>10</ondown>
				<onup>10</onup>
			</control>
			<control type="button" id="12">
				<description>Defaults Button</description>
				<posx>55</posx>
				<posy>305</posy>
				<width>100</width>
				<align>center</align>
				<aligny>center</aligny>
				<label>409</label>
				<onup>2</onup>
				<onleft>11</onleft>
				<onright>10</onright>
				<ondown>2</ondown>
			</control>
			<control type="button" id="10">
				<description>Ok Button</description>
				<posx>185</posx>
				<posy>305</posy>
				<width>100</width>
				<align>center</align>
				<aligny>center</aligny>
				<label>186</label>
				<onup>2</onup>
				<onleft>12</onleft>
				<onright>11</onright>
				<ondown>2</ondown>
			</control>
			<control type="button" id="11">
				<description>Cancel Button</description>
				<posx>315</posx>
				<posy>305</posy>
				<width>100</width>
				<align>center</align>
				<aligny>center</aligny>
				<label>222</label>
				<onup>2</onup>
				<onleft>10</onleft>
				<onright>12</onright>
				<ondown>2</ondown>
			</control>
			<control type="button">
				<posx>445</posx>
				<posy>35</posy>
				<include>Scrollbar_Width</include>
				<height>20</height>
				<onclick>PageUp(90)</onclick>
				<texturefocus>scrollbar_uparrow.png</texturefocus>
				<texturenofocus>scrollbar_uparrow.png</texturenofocus>
			</control>
			<control type="button">
				<posx>445</posx>
				<posy>270</posy>
				<include>Scrollbar_Width</include>
				<height>20</height>
				<onclick>PageDown(90)</onclick>
				<texturefocus>scrollbar_downarrow.png</texturefocus>
				<texturenofocus>scrollbar_downarrow.png</texturenofocus>
			</control>
			<control type="scrollbar" id="90">
				<posx>445</posx>
				<posy>55</posy>
				<include>Scrollbar_Width</include>
				<height>215</height>
				<texturesliderbackground border="2,0,2,0">scrollbar_background.png</texturesliderbackground>
				<texturesliderbar border="2,6,2,6">scrollbar_nofocus.png</texturesliderbar>
				<texturesliderbarfocus border="2,5,2,5">scrollbar_focus.png</texturesliderbarfocus>
				<textureslidernib>-</textureslidernib>
				<textureslidernibfocus>-</textureslidernibfocus>
				<onleft>2</onleft>
				<onright>10</onright>
				<onup>90</onup>
				<ondown>90</ondown>
				<showonepage>true</showonepage>
				<orientation>vertical</orientation>
			</control>
		</control>
		<control type="button" id="3">
			<description>Default Button</description>
			<posx>530</posx>
			<posy>150</posy>
			<height>31</height>
			<font>font12</font>
			<textoffsetx>12</textoffsetx>
			<aligny>center</aligny>
			<texturefocus>list-focus.png</texturefocus>
			<texturenofocus>list-nofocus.png</texturenofocus>
		</control>
		<control type="radiobutton" id="4">
			<description>Default RadioButton</description>
			<posx>530</posx>
			<posy>150</posy>
			<height>31</height>
			<font>font12</font>
			<texturefocus>list-focus.png</texturefocus>
			<texturenofocus>list-nofocus.png</texturenofocus>
			<textoffsetx>12</textoffsetx>
			<aligny>center</aligny>
			<textureradiofocus>settings-check-box.png</textureradiofocus>
			<textureradionofocus>settings-check-boxNF.png</textureradionofocus>
		</control>
		<control type="spincontrolex" id="5">
			<description>Default SpinControlex</description>
			<posx>530</posx>
			<posy>150</posy>
			<height>31</height>
			<width>300</width>
			<texturefocus>list-focus.png</texturefocus>
			<texturenofocus>list-nofocus.png</texturenofocus>
			<textureup>scroll-up.png</textureup>
			<texturedown>scroll-down.png</texturedown>
			<textureupfocus>scroll-up-focus.png</textureupfocus>
			<texturedownfocus>scroll-down-focus.png</texturedownfocus>
			<font>font12</font>
			<textoffsetx>12</textoffsetx>
			<aligny>center</aligny>
			<reverse>yes</reverse>
		</control>
		<control type="image" id="6">
			<description>separator image</description>
			<width>350</width>
			<height>5</height>
			<texture>kai-divider.png</texture>
		</control>
	</controls>
</window>