<window id="102">
	<defaultcontrol>30</defaultcontrol>
	<include>Fade_Dialog_OpenClose_Animation</include>
	<coordinates>
		<system>1</system>
		<posx>140</posx>
		<posy>140</posy>
	</coordinates>
	<controls>
		<control type="group">
			<posx>-50</posx>
			<posy>-50</posy>
			<include>Dialog_Background</include>
		</control>
		<control type="group">
			<include>Dialog_Content_Animation</include>
			<control type="label" id="1">
				<description>Heading Label</description>
				<posx>10</posx>
				<posy>-2</posy>
				<width>420</width>
				<align>left</align>
				<label>15054</label>
				<font>font14</font>
				<textcolor>yellow</textcolor>
				<shadowcolor>black</shadowcolor>
			</control>
			<control type="label" id="3104">
				<description>Choose Game</description>
				<posx>10</posx>
				<posy>35</posy>
				<width>420</width>
				<font>font12</font>
				<label>15055</label>
				<textcolor>yellow</textcolor>
				<shadowcolor>black</shadowcolor>
			</control>
			<control type="spincontrolex" id="30">
				<description>games spin control</description>
				<posx>5</posx>
				<posy>60</posy>
				<width>460</width>
				<height>32</height>
				<texturefocus>list-focus.png</texturefocus>
				<texturenofocus>list-nofocus.png</texturenofocus>
				<textureup>scroll-up.png</textureup>
				<texturedown>scroll-down.png</texturedown>
				<textureupfocus>scroll-up-focus.png</textureupfocus>
				<texturedownfocus>scroll-down-focus.png</texturedownfocus>
				<font>font13</font>
				<label>-</label>
				<textcolor>white</textcolor>
				<disabledcolor>60d0d0d0</disabledcolor>
				<textoffsetx>10</textoffsetx>
				<aligny>center</aligny>
				<alignx>right</alignx>
				<reverse>yes</reverse>
				<onleft>30</onleft>
				<onright>30</onright>
				<onup>10</onup>
				<ondown>20</ondown>
			</control>
			<control type="label" id="4">
				<description>Enter message</description>
				<posx>10</posx>
				<posy>95</posy>
				<width>420</width>
				<font>font12</font>
				<label>15056</label>
				<textcolor>yellow</textcolor>
				<shadowcolor>black</shadowcolor>
			</control>
			<control type="button" id="20">
				<description>message Button</description>
				<posx>5</posx>
				<posy>120</posy>
				<width>460</width>
				<texturefocus>list-focus.png</texturefocus>
				<texturenofocus>list-nofocus.png</texturenofocus>
				<textoffsetx>12</textoffsetx>
				<textwidth>380</textwidth>
				<aligny>center</aligny>
				<label>15060</label>
				<onleft>20</onleft>
				<onright>20</onright>
				<onup>30</onup>
				<ondown>10</ondown>
			</control>
			<control type="button" id="10">
				<description>Ok Button</description>
				<posx>120</posx>
				<posy>305</posy>
				<width>100</width>
				<align>center</align>
				<aligny>center</aligny>
				<label>15057</label>
				<onleft>10</onleft>
				<onright>11</onright>
				<onup>20</onup>
				<ondown>30</ondown>
			</control>
			<control type="button" id="11">
				<description>Cancel Button</description>
				<posx>250</posx>
				<posy>305</posy>
				<width>100</width>
				<align>center</align>
				<aligny>center</aligny>
				<label>222</label>
				<onleft>10</onleft>
				<onright>11</onright>
				<onup>20</onup>
				<ondown>30</ondown>
			</control>
		</control>
	</controls>
</window>