<window id="129">
	<defaultcontrol>10</defaultcontrol>
	<include>Fade_Dialog_OpenClose_Animation</include>
	<coordinates>
		<system>1</system>
		<posx>140</posx>
		<posy>140</posy>
	</coordinates>
	<controls>
		<control type="group">
			<posx>-50</posx>
			<posy>-50</posy>
			<include>Dialog_Background</include>
		</control>
		<control type="group">
			<include>Dialog_Content_Animation</include>
			<control type="label" id="2">
				<description>Heading Label</description>
				<posx>10</posx>
				<posy>-2</posy>
				<width>420</width>
				<align>left</align>
				<label>-</label>
				<font>font14</font>
				<textcolor>yellow</textcolor>
				<shadowcolor>black</shadowcolor>
			</control>
			<control type="label" id="0">
				<description>path label</description>
				<posx>5</posx>
				<posy>35</posy>
				<width>420</width>
				<align>left</align>
				<font>font12</font>
				<label>1021</label>
			</control>
			<control type="listcontrol" id="10">
				<description>Path List Control</description>
				<posx>5</posx>
				<posy>60</posy>
				<width>365</width>
				<height>200</height>
				<font>font12</font>
				<textureheight>32</textureheight>
				<spacebetweenitems>5</spacebetweenitems>
				<textxoff>-15</textxoff>
				<font2>-</font2>
				<onup>18</onup>
				<onleft>11</onleft>
				<onright>11</onright>
				<ondown>12</ondown>
			</control>
			<control type="group">
				<control type="button" id="11">
					<description>Browse Button</description>
					<posx>375</posx>
					<posy>60</posy>
					<width>90</width>
					<font>font12</font>
					<textoffsetx>12</textoffsetx>
					<label>1024</label>
					<align>center</align>
					<aligny>center</aligny>
					<onup>18</onup>
					<onleft>10</onleft>
					<onright>10</onright>
					<ondown>13</ondown>
				</control>
				<control type="button" id="13">
					<description>Add Path Button</description>
					<posx>375</posx>
					<posy>100</posy>
					<width>90</width>
					<font>font12</font>
					<textoffsetx>12</textoffsetx>
					<label>15019</label>
					<align>center</align>
					<aligny>center</aligny>
					<onup>11</onup>
					<onleft>10</onleft>
					<onright>10</onright>
					<ondown>14</ondown>
				</control>
				<control type="button" id="14">
					<description>Remove Path Button</description>
					<posx>375</posx>
					<posy>140</posy>
					<width>90</width>
					<font>font12</font>
					<textoffsetx>12</textoffsetx>
					<label>1210</label>
					<align>center</align>
					<aligny>center</aligny>
					<onup>13</onup>
					<onleft>10</onleft>
					<onright>10</onright>
					<ondown>12</ondown>
				</control>
			</control>
			<control type="label" id="0">
				<description>Name Label</description>
				<posx>5</posx>
				<posy>235</posy>
				<width>420</width>
				<font>font12</font>
				<label>1022</label>
			</control>
			<control type="button" id="12">
				<description>Name Button</description>
				<posx>5</posx>
				<posy>260</posy>
				<width>460</width>
				<font>font12</font>
				<texturefocus>list-focus.png</texturefocus>
				<texturenofocus>list-nofocus.png</texturenofocus>
				<textoffsetx>12</textoffsetx>
				<textwidth>380</textwidth>
				<aligny>center</aligny>
				<label>-</label>
				<onup>10</onup>
				<onleft>12</onleft>
				<onright>19</onright>
				<ondown>18</ondown>
			</control>
			<control type="button" id="18">
				<description>Ok Button</description>
				<posx>120</posx>
				<posy>305</posy>
				<width>100</width>
				<align>center</align>
				<aligny>center</aligny>
				<label>186</label>
				<onup>12</onup>
				<onleft>19</onleft>
				<onright>19</onright>
				<ondown>10</ondown>
			</control>
			<control type="button" id="19">
				<description>Cancel Button</description>
				<posx>250</posx>
				<posy>305</posy>
				<width>100</width>
				<align>center</align>
				<aligny>center</aligny>
				<label>222</label>
				<onup>12</onup>
				<onleft>18</onleft>
				<onright>18</onright>
				<ondown>10</ondown>
			</control>
		</control>
	</controls>
</window>