﻿<window id="2004">
	<defaultcontrol>5</defaultcontrol>
	<allowoverlay>no</allowoverlay>
	<include>Fade_Dialog_OpenClose_Animation</include>
	<controls>
		<control type="image" id="1">
			<description>Black Back</description>
			<posx>0</posx>
			<posy>0</posy>
			<width>720</width>
			<height>576</height>
			<texture>black.png</texture>
		</control>
		<control type="image" id="1">
			<description>background image</description>
			<posx>0</posx>
			<posy>0</posy>
			<width>720</width>
			<height>576</height>
			<texture>background.png</texture>
		</control>
		<include>XBMC_Logo_Image</include>
		<control type="label" id="10">
			<description>Window Heading</description>
			<posx>240</posx>
			<posy>70</posy>
			<width>450</width>
			<label>262</label>
			<font>font14</font>
			<textcolor>yellow</textcolor>
			<shadowcolor>black</shadowcolor>
		</control>
		<control type="textbox" id="5">
			<description>textarea</description>
			<posx>40</posx>
			<posy>100</posy>
			<width>640</width>
			<height>450</height>
			<spinposx>530</spinposx>
			<spinposy>440</spinposy>
		</control>
	</controls>
</window>