<window id="2002">
	<defaultcontrol>10</defaultcontrol>
	<include>Fade_Dialog_OpenClose_Animation</include>
	<coordinates>
		<system>1</system>
		<posx>150</posx>
		<posy>180</posy>
	</coordinates>
	<controls>
		<control type="image" id="0">
			<posx>0</posx>
			<posy>5</posy>
			<width>440</width>
			<height>175</height>
			<texture>dialog-popup.png</texture>
		</control>
		<control type="label" id="1">
			<description>dialog heading</description>
			<posx>20</posx>
			<posy>10</posy>
			<width>300</width>
			<label>0</label>
			<font>font14</font>
			<textcolor>black</textcolor>
		</control>
		<control type="label" id="2">
			<description>dialog line 1</description>
			<posx>20</posx>
			<posy>50</posy>
			<label>0</label>
			<font>font13</font>
			<textcolor>black</textcolor>
		</control>
		<control type="label" id="3">
			<description>dialog line 2</description>
			<posx>20</posx>
			<posy>75</posy>
			<label>0</label>
			<font>font13</font>
			<textcolor>black</textcolor>
		</control>
		<control type="label" id="4">
			<description>dialog line 3</description>
			<posx>20</posx>
			<posy>100</posy>
			<label>0</label>
			<font>font13</font>
			<textcolor>black</textcolor>
		</control>
		<control type="button" id="10">
			<description>OK button</description>
			<posx>170</posx>
			<posy>135</posy>
			<width>100</width>
			<height>32</height>
			<label>186</label>
			<align>center</align>
			<onleft>10</onleft>
			<onright>10</onright>
			<onup>10</onup>
			<ondown>10</ondown>
		</control>
	</controls>
</window>