<window id="135">
	<defaultcontrol>10</defaultcontrol>
	<allowoverlay>no</allowoverlay>
	<include>Fade_Dialog_OpenClose_Animation</include>
	<coordinates>
		<system>1</system>
		<posx>140</posx>
		<posy>140</posy>
	</coordinates>
	<controls>
		<control type="group">
			<posx>-50</posx>
			<posy>-50</posy>
			<include>Dialog_Background</include>
		</control>
		<control type="group">
			<include>Dialog_Content_Animation</include>
			<control type="image">
				<description>Album Cover image</description>
				<posx>320</posx>
				<posy>140</posy>
				<width>150</width>
				<height>150</height>
				<aspectratio>keep</aspectratio>
				<info>ListItem.Icon</info>
			</control>
			<control type="label">
				<description>Heading Label</description>
				<posx>10</posx>
				<posy>0</posy>
				<width>420</width>
				<align>left</align>
				<label>658</label>
				<font>font14</font>
				<textcolor>yellow</textcolor>
				<shadowcolor>black</shadowcolor>
			</control>
			<control type="fadelabel">
				<description>Song Title value</description>
				<posx>10</posx>
				<posy>30</posy>
				<width>420</width>
				<font>font13</font>
				<info>ListItem.Title</info>
			</control>
			<control type="label">
				<description>Artist Title</description>
				<posx>20</posx>
				<posy>65</posy>
				<width>300</width>
				<font>font13</font>
				<label>171</label>
			</control>
			<control type="fadelabel">
				<description>Artist value</description>
				<posx>110</posx>
				<posy>65</posy>
				<width>355</width>
				<font>font13</font>
				<info>ListItem.Artist</info>
			</control>
			<control type="label">
				<description>Album Title</description>
				<posx>20</posx>
				<posy>90</posy>
				<width>300</width>
				<font>font13</font>
				<label>170</label>
			</control>
			<control type="fadelabel">
				<description>Album value</description>
				<posx>110</posx>
				<posy>90</posy>
				<width>355</width>
				<info>ListItem.Album</info>
				<font>font13</font>
			</control>
			<control type="label">
				<description>Genre</description>
				<posx>20</posx>
				<posy>115</posy>
				<label>174</label>
				<font>font13</font>
			</control>
			<control type="fadelabel">
				<description>Genre value</description>
				<posx>110</posx>
				<posy>115</posy>
				<width>355</width>
				<info>ListItem.Genre</info>
				<font>font13</font>
			</control>
			<control type="label">
				<description>Year</description>
				<posx>20</posx>
				<posy>140</posy>
				<label>201</label>
				<font>font13</font>
			</control>
			<control type="fadelabel">
				<description>year value</description>
				<posx>110</posx>
				<posy>140</posy>
				<width>210</width>
				<info>ListItem.Year</info>
				<font>font13</font>
			</control>
			<control type="label">
				<description>Track Number</description>
				<posx>20</posx>
				<posy>165</posy>
				<label>$LOCALIZE[435] :</label>
				<font>font13</font>
			</control>
			<control type="fadelabel">
				<description>Track Number value</description>
				<posx>110</posx>
				<posy>165</posy>
				<width>210</width>
				<info>ListItem.TrackNumber</info>
				<font>font13</font>
			</control>
			<control type="label">
				<description>Rating</description>
				<posx>20</posx>
				<posy>190</posy>
				<label>173</label>
				<font>font13</font>
			</control>
			<control type="image">
				<description>Rating value</description>
				<posx>110</posx>
				<posy>192</posy>
				<width>100</width>
				<height>20</height>
				<info>ListItem.Rating</info>
			</control>
			<control type="label">
				<description>Comment</description>
				<posx>20</posx>
				<posy>215</posy>
				<label>659</label>
				<font>font13</font>
			</control>
			<control type="textbox">
				<description>Comment value</description>
				<posx>110</posx>
				<posy>215</posy>
				<width>210</width>
				<height>80</height>
				<font>font13</font>
				<pagecontrol>999999999</pagecontrol>
				<info>ListItem.Comment</info>
			</control>
			<control type="button" id="14">
				<description>Decrease Rating</description>
				<posx>220</posx>
				<posy>195</posy>
				<width>18</width>
				<height>16</height>
				<onclick>DecreaseRating</onclick>
				<texturenofocus>scroll-down.png</texturenofocus>
				<texturefocus>scroll-down-focus.png</texturefocus>
				<onleft>15</onleft>
				<onright>15</onright>
				<ondown>10</ondown>
				<onup>10</onup>
			</control>
			<control type="button" id="15">
				<description>Increase Rating</description>
				<posx>235</posx>
				<posy>195</posy>
				<width>18</width>
				<height>16</height>
				<onclick>IncreaseRating</onclick>
				<texturenofocus>scroll-up.png</texturenofocus>
				<texturefocus>scroll-up-focus.png</texturefocus>
				<onleft>14</onleft>
				<onright>14</onright>
				<ondown>10</ondown>
				<onup>10</onup>
			</control>
			<control type="button" id ="13">
				<description>Get Thumb button</description>
				<posx>20</posx>
				<posy>305</posy>
				<width>90</width>
				<label>13405</label>
				<font>font10</font>
				<align>center</align>
				<onleft>11</onleft>
				<onright>12</onright>
				<onup>14</onup>
				<ondown>14</ondown>
			</control>
			<control type="button" id="12">
				<description>Album Info button</description>
				<posx>120</posx>
				<posy>305</posy>
				<width>90</width>
				<label>10523</label>
				<font>font10</font>
				<align>center</align>
				<onleft>13</onleft>
				<onright>10</onright>
				<onup>14</onup>
				<ondown>14</ondown>
			</control>
			<control type="button" id ="10">
				<description>OK button</description>
				<posx>260</posx>
				<posy>305</posy>
				<width>90</width>
				<label>186</label>
				<font>font10</font>
				<align>center</align>
				<onleft>12</onleft>
				<onright>11</onright>
				<onup>14</onup>
				<ondown>14</ondown>
			</control>
			<control type="button" id="11">
				<description>Cancel button</description>
				<posx>360</posx>
				<posy>305</posy>
				<width>90</width>
				<label>222</label>
				<font>font10</font>
				<align>center</align>
				<onleft>10</onleft>
				<onright>13</onright>
				<onup>14</onup>
				<ondown>14</ondown>
			</control>
		</control>
	</controls>
</window>