﻿<window id="106">
	<defaultcontrol>1000</defaultcontrol>
	<include>Fade_Dialog_OpenClose_Animation</include>
	<coordinates>
		<system>1</system>
		<posx>0</posx>
		<posy>0</posy>
	</coordinates>
	<controls>
		<control type="image" id="997">
			<description>background top image</description>
			<posx>5</posx>
			<posy>-30</posy>
			<width>250</width>
			<height>31</height>
			<texture>dialog-context-top.png</texture>
		</control>
		<control type="image" id="999">
			<description>background image</description>
			<posx>5</posx>
			<posy>0</posy>
			<width>250</width>
			<texture>dialog-context-middle.png</texture>
		</control>
		<control type="image" id="998">
			<description>background bottom image</description>
			<posx>5</posx>
			<width>250</width>
			<height>37</height>
			<texture>dialog-context-bottom.png</texture>
		</control>
		<control type="button" id="1000">
			<description>button template</description>
			<posx>22</posx>
			<posy>15</posy>
			<width>220</width>
			<height>28</height>
			<font>font12</font>
			<align>center</align>
		</control>
	</controls>
</window>