<window id="502">
	<defaultcontrol>50</defaultcontrol>
	<allowoverlay>yes</allowoverlay>
	<controls>
		<control type="visualisation">
			<description>visualisation</description>
			<posx>0</posx>
			<posy>0</posy>
			<width>720</width>
			<height>576</height>
			<visible>Skin.HasSetting(VisBackground)</visible>
		</control>
		<control type="image">
			<description>background image</description>
			<posx>0</posx>
			<posy>0</posy>
			<width>720</width>
			<height>576</height>
			<texture>background.png</texture>
		</control>
		<include>IPodGirl_Image</include>
		<include>XBMC_Logo_Image</include>
		<control type="label">
			<description>my Music text label</description>
			<posx>242</posx>
			<posy>70</posy>
			<label>10516</label>
			<font>font14</font>
			<textcolor>yellow</textcolor>
			<shadowcolor>black</shadowcolor>
			<include>Slide_From_Left_Animation</include>
		</control>
		<control type="label" id="15">
			<description>filter text label</description>
			<align>right</align>
			<posx>660</posx>
			<posy>70</posy>
			<label>-</label>
			<font>font14</font>
			<textcolor>yellow</textcolor>
			<shadowcolor>black</shadowcolor>
			<include>Slide_From_Right_Animation</include>
		</control>
		<control type="label" id="12">
			<description>number of files text label</description>
			<posx>225</posx>
			<posy>525</posy>
			<label>-</label>
			<font>font13</font>
			<textcolor>yellow</textcolor>
			<include>Slide_From_Right_Animation</include>
		</control>
		<!-- -->
		<control type="group" id="9000">
			<include>Slide_From_Left_Animation</include>
			<posx>45</posx>
			<control type="image">
				<description>panel</description>
				<posx>0</posx>
				<posy>115</posy>
				<height>250</height>
				<width>150</width>
				<texture>panel.png</texture>
			</control>
			<control type="image">
				<description>Middle panel Bar</description>
				<posx>0</posx>
				<posy>190</posy>
				<height>20</height>
				<width>150</width>
				<texture>middle-bar.png</texture>
			</control>
			<control type="button" id="2">
				<description>view as icons button</description>
				<posx>5</posx>
				<posy>120</posy>
				<label>100</label>
				<font>font13</font>
				<onleft>50</onleft>
				<onright>50</onright>
				<onup>16</onup>
				<ondown>3</ondown>
				<texturenofocus>-</texturenofocus>
			</control>
			<control type="button" id="3">
				<description>sort by button</description>
				<posx>5</posx>
				<posy>157</posy>
				<label>103</label>
				<font>font13</font>
				<onleft>50</onleft>
				<onright>4</onright>
				<onup>2</onup>
				<ondown>99</ondown>
				<texturenofocus>-</texturenofocus>
			</control>
			<control type="togglebutton" id="4">
				<description>sort asc</description>
				<label>-</label>
				<posx>130</posx>
				<posy>167</posy>
				<onleft>3</onleft>
				<onright>50</onright>
				<onup>4</onup>
				<ondown>99</ondown>
			</control>
			<control type="radiobutton" id="99">
				<description>Library button</description>
				<posx>5</posx>
				<posy>214</posy>
				<label>$LOCALIZE[14022] $LOCALIZE[456]</label>
				<font>font13</font>
				<onclick>ReplaceWindow(mymusicfiles)</onclick>
				<onclick>SetFocus(99)</onclick>
				<selected>Window.IsVisible(mymusiclibrary)</selected>
				<texturenofocus>-</texturenofocus>
				<onleft>50</onleft>
				<onright>50</onright>
				<onup>3</onup>
				<ondown>8</ondown>
			</control>
			<control type="button" id="8">
				<description>search button</description>
				<posx>5</posx>
				<posy>251</posy>
				<label>137</label>
				<font>font13</font>
				<onleft>50</onleft>
				<onright>50</onright>
				<onup>99</onup>
				<ondown>19</ondown>
				<texturenofocus>-</texturenofocus>
			</control>
			<control type="radiobutton" id="19">
				<description>Filter button</description>
				<posx>5</posx>
				<posy>288</posy>
				<label>587</label>
				<onleft>50</onleft>
				<onright>50</onright>
				<onup>8</onup>
				<ondown>16</ondown>
				<texturenofocus>-</texturenofocus>
			</control>
			<control type="radiobutton" id="16">
				<description>Partymode button</description>
				<posx>5</posx>
				<posy>325</posy>
				<label>589</label>
				<onleft>50</onleft>
				<onright>50</onright>
				<onup>19</onup>
				<ondown>2</ondown>
				<texturenofocus>-</texturenofocus>
			</control>
		</control>
		<include>ListItemIcon</include>
		<include>OldCommonListView</include>
		<include>MusicCommonListView</include>
		<include>3D_Cover_View</include>
		<include>AllViewCommonThumbLarge</include>
		<include>AllViewCommonThumbSmall</include>
		<include>MusicViewLibrary_BigList</include>
		<include>AllCommonPageControls</include>
	</controls>
</window>