<window id="500">
	<defaultcontrol>50</defaultcontrol>
	<allowoverlay>yes</allowoverlay>
	<controls>
		<control type="visualisation">
			<description>visualisation</description>
			<posx>0</posx>
			<posy>0</posy>
			<width>720</width>
			<height>576</height>
			<visible>Skin.HasSetting(VisBackground)</visible>
		</control>
		<control type="image">
			<description>background image</description>
			<posx>0</posx>
			<posy>0</posy>
			<width>720</width>
			<height>576</height>
			<texture>background.png</texture>
		</control>
		<include>IPodGirl_Image</include>
		<include>XBMC_Logo_Image</include>
		<control type="label">
			<description>my Music text label</description>
			<posx>242</posx>
			<posy>70</posy>
			<label>10517</label>
			<font>font14</font>
			<textcolor>yellow</textcolor>
			<shadowcolor>black</shadowcolor>
			<include>Slide_From_Left_Animation</include>
		</control>
		<control type="label" id="12">
			<description>number of files text label</description>
			<posx>225</posx>
			<posy>525</posy>
			<label>-</label>
			<font>font13</font>
			<textcolor>yellow</textcolor>
			<include>Slide_From_Right_Animation</include>
		</control>
		<!-- -->
		<control type="group" id="9000">
			<include>Slide_From_Left_Animation</include>
			<posx>45</posx>
			<control type="image">
				<description>panel</description>
				<posx>0</posx>
				<posy>115</posy>
				<height>250</height>
				<width>150</width>
				<texture>panel.png</texture>
			</control>
			<control type="image">
				<description>Middle panel Bar</description>
				<posx>0</posx>
				<posy>153</posy>
				<height>20</height>
				<width>150</width>
				<texture>middle-bar.png</texture>
			</control>
			<control type="button" id="2">
				<description>view as icons button</description>
				<posx>5</posx>
				<posy>120</posy>
				<label>100</label>
				<font>font13</font>
				<onleft>50</onleft>
				<onright>50</onright>
				<onup>22</onup>
				<ondown>20</ondown>
				<texturenofocus>-</texturenofocus>
			</control>
			<control type="radiobutton" id="20">
				<description>shuffle button</description>
				<posx>5</posx>
				<posy>177</posy>
				<label>191</label>
				<onleft>50</onleft>
				<onright>50</onright>
				<onup>2</onup>
				<ondown>26</ondown>
				<texturenofocus>-</texturenofocus>
			</control>
			<control type="button" id="26">
				<description>repeat button</description>
				<posx>5</posx>
				<posy>214</posy>
				<label>-</label>
				<onleft>50</onleft>
				<onright>50</onright>
				<onup>20</onup>
				<ondown>21</ondown>
				<texturenofocus>-</texturenofocus>
			</control>
			<control type="button" id="21">
				<description>save button</description>
				<posx>5</posx>
				<posy>251</posy>
				<label>190</label>
				<font>font13</font>
				<onup>26</onup>
				<ondown>22</ondown>
				<onleft>50</onleft>
				<onright>50</onright>
				<texturenofocus>-</texturenofocus>
			</control>
			<control type="button" id="22">
				<description>clear button</description>
				<posx>5</posx>
				<posy>288</posy>
				<label>192</label>
				<font>font13</font>
				<onleft>50</onleft>
				<onright>50</onright>
				<onup>21</onup>
				<ondown>2</ondown>
				<texturenofocus>-</texturenofocus>
			</control>
		</control>
		<include>ListItemIcon</include>
		<include>OldCommonListView</include>
		<include>MusicCommonListView</include>
		<include>3D_Cover_View</include>
		<include>AllViewCommonThumbLarge</include>
		<include>AllViewCommonThumbSmall</include>
		<include>AllCommonPageControls</include>
	</controls>
</window>