<window id="12">
	<defaultcontrol>2</defaultcontrol>
	<allowoverlay>yes</allowoverlay>
	<controls>
		<control type="visualisation">
			<description>visualisation</description>
			<posx>0</posx>
			<posy>0</posy>
			<width>720</width>
			<height>576</height>
			<visible>Skin.HasSetting(VisBackground)</visible>
		</control>
		<control type="image">
			<description>background image</description>
			<posx>0</posx>
			<posy>0</posy>
			<width>720</width>
			<height>576</height>
			<texture>background.png</texture>
		</control>
		<control type="image">
			<posx>460</posx>
			<posy>350</posy>
			<height>320</height>
			<width>300</width>
			<colordiffuse>55FFFFFF</colordiffuse>
			<texture>home-settings.png</texture>
			<include>Fade_Window_OpenClose_Animation</include>
		</control>
		<include>XBMC_Logo_Image</include>
		<control type="label">
			<description>Settings text label</description>
			<posx>242</posx>
			<posy>70</posy>
			<label>5</label>
			<font>font14</font>
			<textcolor>yellow</textcolor>
			<shadowcolor>black</shadowcolor>
			<include>Slide_From_Left_Animation</include>
		</control>
		<control type="label" id="2">
			<description>filter text label</description>
			<align>right</align>
			<posx>660</posx>
			<posy>70</posy>
			<label>-</label>
			<font>font14</font>
			<textcolor>yellow</textcolor>
			<shadowcolor>black</shadowcolor>
			<include>Slide_From_Right_Animation</include>
		</control>
		<control type="group">
			<posx>45</posx>
			<include>Slide_From_Left_Animation</include>
			<control type="image">
				<description>panel</description>
				<posx>0</posx>
				<posy>115</posy>
				<height>250</height>
				<width>150</width>
				<texture>panel.png</texture>
			</control>
			<control type="image">
				<description>Middle panel Bar</description>
				<posx>0</posx>
				<posy>110</posy>
				<height>20</height>
				<width>150</width>
				<texture>middle-bar.png</texture>
			</control>
			<control type="grouplist" id="3">
				<description>button area</description>
				<posx>5</posx>
				<posy>130</posy>
				<width>180</width>
				<height>300</height>
				<itemgap>0</itemgap>
				<onleft>5</onleft>
				<onright>5</onright>
				<onup>3</onup>
				<ondown>3</ondown>
			</control>
		</control>
		<control type="button" id="10">
			<description>default category button</description>
			<posx>208</posx>
			<posy>150</posy>
			<label>224</label>
			<font>font13</font>
			<texturenofocus>-</texturenofocus>
		</control>
		<control type="grouplist" id="5">
			<description>control area</description>
			<posx>200</posx>
			<posy>121</posy>
			<width>465</width>
			<height>425</height>
			<itemgap>2</itemgap>
			<onleft>3</onleft>
			<onright>3</onright>
			<onup>5</onup>
			<ondown>5</ondown>
			<include>Slide_From_Right_Animation</include>
		</control>
		<control type="button" id="7">
			<description>default button</description>
			<posx>530</posx>
			<posy>150</posy>
			<font>font12</font>
			<height>32</height>
			<textoffsetx>10</textoffsetx>
			<texturefocus>list-focus.png</texturefocus>
			<texturenofocus>list-nofocus.png</texturenofocus>
		</control>
		<control type="radiobutton" id="8">
			<description>default radiobutton</description>
			<posx>530</posx>
			<posy>150</posy>
			<height>32</height>
			<font>font12</font>
			<textoffsetx>10</textoffsetx>
			<texturefocus>list-focus.png</texturefocus>
			<texturenofocus>list-nofocus.png</texturenofocus>
			<textureradiofocus>settings-check-box.png</textureradiofocus>
			<textureradionofocus>settings-check-boxnf.png</textureradionofocus>
		</control>
		<control type="spincontrolex" id="9">
			<description>default spincontrolex</description>
			<posx>530</posx>
			<posy>150</posy>
			<width>300</width>
			<height>32</height>
			<texturefocus>list-focus.png</texturefocus>
			<texturenofocus>list-nofocus.png</texturenofocus>
			<textureup>scroll-up.png</textureup>
			<texturedown>scroll-down.png</texturedown>
			<textureupfocus>scroll-up-focus.png</textureupfocus>
			<texturedownfocus>scroll-down-focus.png</texturedownfocus>
			<font>font12</font>
			<textcolor>white</textcolor>
			<colordiffuse>ffffffff</colordiffuse>
			<disabledcolor>60d0d0d0</disabledcolor>
			<textoffsetx>10</textoffsetx>
			<aligny>center</aligny>
			<reverse>yes</reverse>
		</control>
	</controls>
</window>