<window id="129">
	<defaultcontrol>15</defaultcontrol>
	<include>Fade_Dialog_OpenClose_Animation</include>
	<coordinates>
		<system>1</system>
		<posx>0</posx>
		<posy>238</posy>
	</coordinates>
	<controls>
		<control type="image">
			<description>Dialog Text Area</description>
			<posx>-10</posx>
			<posy>-10</posy>
			<width>740</width>
			<height>120</height>
			<colordiffuse>DDFFFFFF</colordiffuse>
			<texture border="5">dialog_middle.png</texture>
			<animation effect="zoom" time="100" start="-10,55,740,10" end="-10,-10,740,120" delay="0" condition="!Skin.HasSetting(animated)">WindowOpen</animation>
		</control>
		<control type="group" id="9001">
			<include>Dialog_Content_Animation</include>
			<control type="label" id="0">
				<description>Rule match label</description>
				<posx>120</posx>
				<posy>8</posy>
				<align>center</align>
				<aligny>center</aligny>
				<width>480</width>
				<font>font14</font>
				<textcolor>yellow</textcolor>
				<shadowcolor>black</shadowcolor>
				<label>21422</label>
			</control>
			<control type="spincontrolex" id="15">
				<description>Rule Field</description>
				<posx>30</posx>
				<posy>30</posy>
				<height>32</height>
				<width>180</width>
				<font>font12</font>
				<texturefocus>button-focus.png</texturefocus>
				<texturenofocus>button-nofocus.png</texturenofocus>
				<onright>16</onright>
				<onleft>16</onleft>
				<onup>9000</onup>
				<ondown>9000</ondown>
			</control>
			<control type="spincontrolex" id="16">
				<description>Rule operator</description>
				<posx>215</posx>
				<posy>30</posy>
				<width>180</width>
				<height>32</height>
				<font>font12</font>
				<texturefocus>button-focus.png</texturefocus>
				<texturenofocus>button-nofocus.png</texturenofocus>
				<font>font12</font>
				<onright>17</onright>
				<onleft>15</onleft>
				<onup>9000</onup>
				<ondown>9000</ondown>
			</control>
			<control type="button" id="17">
				<description>Value Button</description>
				<posx>400</posx>
				<posy>30</posy>
				<width>290</width>
				<height>32</height>
				<font>font12</font>
				<textoffsetx>12</textoffsetx>
				<textwidth>380</textwidth>
				<aligny>center</aligny>
				<texturefocus>button-focus.png</texturefocus>
				<texturenofocus>button-nofocus.png</texturenofocus>
				<label>-</label>
				<onup>9000</onup>
				<onleft>16</onleft>
				<onright>15</onright>
				<ondown>9000</ondown>
			</control>
		</control>
		<control type="group" id="9000">
			<include>Dialog_Content_Animation</include>
			<control type="button" id="18">
				<description>Ok Button</description>
				<posx>215</posx>
				<posy>70</posy>
				<align>center</align>
				<label>186</label>
				<onup>9001</onup>
				<onleft>19</onleft>
				<onright>19</onright>
				<ondown>9001</ondown>
			</control>
			<control type="button" id="19">
				<description>Cancel Button</description>
				<posx>365</posx>
				<posy>70</posy>
				<align>center</align>
				<label>222</label>
				<onup>9001</onup>
				<onleft>18</onleft>
				<onright>18</onright>
				<ondown>9001</ondown>
			</control>
		</control>
1	</controls>
</window>