<window id="123">
	<defaultcontrol>2</defaultcontrol>
	<include>Fade_Dialog_OpenClose_Animation</include>
	<coordinates>
		<system>1</system>
		<posx>20</posx>
		<posy>60</posy>
	</coordinates>
	<controls>
		<control type="image" id="1">
			<description>Dialog Header</description>
			<posx>0</posx>
			<posy>0</posy>
			<width>315</width>
			<height>180</height>
			<texture>dialog_top.png</texture>
		</control>
		<control type="image" id="1">
			<description>Dialog Text Area</description>
			<posx>40</posx>
			<posy>40</posy>
			<width>450</width>
			<height>380</height>
			<texture>dialog_middle.png</texture>
			<colordiffuse>BBFFFFFF</colordiffuse>
		</control>
		<control type="label" id="2">
			<description>Settings Label</description>
			<posx>70</posx>
			<posy>45</posy>
			<width>420</width>
			<align>left</align>
			<font>font12</font>
			<textcolor>yellow</textcolor>
			<shadowcolor>black</shadowcolor>
		</control>
		<control type="label" id="3">
			<description>No Settings Label</description>
			<posx>70</posx>
			<posy>45</posy>
			<width>408</width>
			<align>center</align>
			<label>13390</label>
			<font>font12</font>
			<textcolor>yellow</textcolor>
			<shadowcolor>black</shadowcolor>
		</control>
		<control type="spincontrol" id="60">
			<description>Next page button</description>
			<posx>420</posx>
			<posy>395</posy>
			<subtype>page</subtype>
			<font>font12</font>
			<onleft>60</onleft>
			<onright>60</onright>
			<ondown>2</ondown>
		</control>
		<control type="grouplist" id="5">
			<description>control area</description>
			<posx>50</posx>
			<posy>70</posy>
			<width>430</width>
			<height>320</height>
			<itemgap>2</itemgap>
			<pagecontrol>60</pagecontrol>
			<onleft>60</onleft>
			<onright>60</onright>
			<onup>5</onup>
			<ondown>5</ondown>
		</control>
		<control type="button" id="7">
			<description>Default Button</description>
			<posx>530</posx>
			<posy>150</posy>
			<height>25</height>
			<font>font10</font>
			<textoffsetx>12</textoffsetx>
			<aligny>center</aligny>
			<texturefocus>list-focus.png</texturefocus>
			<texturenofocus>-</texturenofocus>
		</control>
		<control type="radiobutton" id="8">
			<description>Default RadioButton</description>
			<posx>530</posx>
			<posy>150</posy>
			<height>25</height>
			<font>font10</font>
			<texturefocus>list-focus.png</texturefocus>
			<texturenofocus>-</texturenofocus>
			<textoffsetx>12</textoffsetx>
			<aligny>center</aligny>
			<textureradiofocus>settings-check-box.png</textureradiofocus>
			<textureradionofocus>settings-check-boxNF.png</textureradionofocus>
		</control>
		<control type="spincontrolex" id="9">
			<description>Default SpinControlex</description>
			<posx>530</posx>
			<posy>150</posy>
			<height>25</height>
			<width>300</width>
			<texturefocus>list-focus.png</texturefocus>
			<texturenofocus>-</texturenofocus>
			<textureup>scroll-up.png</textureup>
			<texturedown>scroll-down.png</texturedown>
			<textureupfocus>scroll-up-focus.png</textureupfocus>
			<texturedownfocus>scroll-down-focus.png</texturedownfocus>
			<font>font10</font>
			<textoffsetx>12</textoffsetx>
			<aligny>center</aligny>
			<reverse>yes</reverse>
		</control>
		<control type="sliderex" id="10">
			<description>Default Slider</description>
			<posx>530</posx>
			<posy>150</posy>
			<height>25</height>
			<width>200</width>
			<textcolor>white</textcolor>
			<disabledcolor>60d0d0d0</disabledcolor>
			<texturefocus>list-focus.png</texturefocus>
			<texturenofocus>-</texturenofocus>
			<sliderwidth>100</sliderwidth>
			<sliderheight>12</sliderheight>
			<texturesliderbar>osd_slider_bg.png</texturesliderbar>
			<textureslidernib>osd-osd_slider_nibfo.png</textureslidernib>
			<textureslidernibfocus>osd-osd_slider_nibfo.png</textureslidernibfocus>
			<font>font10</font>
			<textoffsetx>12</textoffsetx>
		</control>
		<control type="image" id="11">
			<description>separator image</description>
			<width>350</width>
			<height>5</height>
			<texture>kai-divider.png</texture>
		</control>
	</controls>
</window>