﻿<window id="125">
	<defaultcontrol>2</defaultcontrol>
	<include>Fade_Dialog_OpenClose_Animation</include>
	<coordinates>
		<system>1</system>
		<posx>20</posx>
		<posy>60</posy>
	</coordinates>
	<controls>
		<control type="image" id="1">
			<description>Dialog Header</description>
			<posx>0</posx>
			<posy>0</posy>
			<width>315</width>
			<height>180</height>
			<texture>dialog_top.png</texture>
		</control>
		<control type="image" id="1">
			<description>Dialog Text Area</description>
			<posx>40</posx>
			<posy>40</posy>
			<width>450</width>
			<height>390</height>
			<texture>dialog_middle.png</texture>
			<colordiffuse>BBFFFFFF</colordiffuse>
		</control>
		<control type="label" id="0">
			<description>Settings Label</description>
			<posx>70</posx>
			<posy>45</posy>
			<width>420</width>
			<label>13398</label>
			<font>font14</font>
			<textcolor>yellow</textcolor>
			<shadowcolor>black</shadowcolor>
		</control>
		<control type="button" id="2">
			<description>Create Bookmark button</description>
			<posx>60</posx>
			<posy>385</posy>
			<width>197</width>
			<height>31</height>
			<font>font12</font>
			<textoffsetx>12</textoffsetx>
			<aligny>center</aligny>
			<align>center</align>
			<label>294</label>
			<onleft>3</onleft>
			<onright>3</onright>
			<ondown>11</ondown>
			<onup>11</onup>
		</control>
		<control type="button" id="3">
			<description>Clear Bookmarks button</description>
			<posx>275</posx>
			<posy>385</posy>
			<width>197</width>
			<height>31</height>
			<font>font12</font>
			<aligny>center</aligny>
			<align>center</align>
			<label>296</label>
			<onleft>2</onleft>
			<onright>2</onright>
			<ondown>11</ondown>
			<onup>11</onup>
		</control>
		<control type="thumbnailpanel" id="11">
			<description>Bookmarks thumbnail panel</description>
			<posx>55</posx>
			<posy>70</posy>
			<width>430</width>
			<height>310</height>
			<spinposx>375</spinposx>
			<spinposy>290</spinposy>
			<itemwidth>140</itemwidth>
			<itemheight>140</itemheight>
			<texturewidth>120</texturewidth>
			<textureheight>120</textureheight>
			<thumbwidth>110</thumbwidth>
			<thumbheight>110</thumbheight>
			<thumbposx>5</thumbposx>
			<thumbposy>5</thumbposy>
			<onleft>2</onleft>
			<onright>3</onright>
			<ondown>2</ondown>
			<onup>2</onup>
		</control>
	</controls>
</window>