<includes>
	<include name="3D_Cover_View">
		<control type="list" id="57">
			<posx>203</posx>
			<posy>290</posy>
			<width>455</width>
			<height>224</height>
			<onleft>9000</onleft>
			<onright>92</onright>
			<onup>57</onup>
			<ondown>57</ondown>
			<viewtype label="3D $LOCALIZE[535]">list</viewtype>
			<scrolltime>200</scrolltime>
			<pagecontrol>92</pagecontrol>
			<include>Slide_From_Right_Animation</include>
			<itemlayout height="32">
				<control type="image">
					<width>455</width>
					<height>30</height>
					<posx>0</posx>
					<posy>1</posy>
					<texture>list-nofocus.png</texture>
				</control>
				<control type="image">
					<posx>5</posx>
					<posy>4</posy>
					<width>18</width>
					<height>22</height>
					<info>ListItem.Icon</info>
				</control>
				<control type="label">
					<posx>31</posx>
					<posy>4</posy>
					<width>370</width>
					<height>22</height>
					<font>font13</font>
					<align>left</align>
					<textcolor>white</textcolor>
					<selectedcolor>green</selectedcolor>
					<info>ListItem.Label</info>
					<visible>!Container.Sort(SongRating)</visible>
				</control>
				<control type="label">
					<posx>445</posx>
					<posy>4</posy>
					<width>300</width>
					<height>22</height>
					<font>font13</font>
					<align>right</align>
					<textcolor>white</textcolor>
					<selectedcolor>green</selectedcolor>
					<info>ListItem.Label2</info>
					<visible>!Container.Sort(SongRating)</visible>
				</control>
				<control type="label">
					<posx>31</posx>
					<posy>4</posy>
					<width>335</width>
					<height>22</height>
					<font>font13</font>
					<align>left</align>
					<textcolor>white</textcolor>
					<selectedcolor>green</selectedcolor>
					<info>ListItem.Label</info>
					<visible>Container.Sort(SongRating)</visible>
				</control>
				<control type="image">
					<description>Song Rating Image</description>
					<posx>365</posx>
					<posy>5</posy>
					<height>21</height>
					<width>84</width>
					<info>listitem.rating</info>
					<aspectratio>stretch</aspectratio>
					<texture flipx="true" /> 
					<visible>Container.Sort(SongRating)</visible>
				</control>
			</itemlayout>
			<focusedlayout height="32">
				<control type="image">
					<width>455</width>
					<height>30</height>
					<posx>0</posx>
					<posy>1</posy>
					<texture>list-focus.png</texture>
					<visible>Control.HasFocus(57)</visible>
				</control>
				<control type="image">
					<width>455</width>
					<height>30</height>
					<posx>0</posx>
					<posy>1</posy>
					<texture>list-nofocus.png</texture>
					<visible>!Control.HasFocus(57)</visible>
				</control>
				<control type="image">
					<posx>5</posx>
					<posy>4</posy>
					<width>18</width>
					<height>22</height>
					<info>ListItem.Icon</info>
				</control>
				<control type="label">
					<posx>31</posx>
					<posy>4</posy>
					<width>370</width>
					<height>22</height>
					<font>font13</font>
					<align>left</align>
					<textcolor>white</textcolor>
					<selectedcolor>green</selectedcolor>
					<info>ListItem.Label</info>
					<visible>!Container.Sort(SongRating)</visible>
				</control>
				<control type="label">
					<posx>445</posx>
					<posy>4</posy>
					<width>300</width>
					<height>22</height>
					<font>font13</font>
					<align>right</align>
					<textcolor>white</textcolor>
					<selectedcolor>green</selectedcolor>
					<info>ListItem.Label2</info>
					<visible>!Container.Sort(SongRating)</visible>
				</control>
				<control type="label">
					<posx>31</posx>
					<posy>4</posy>
					<width>335</width>
					<height>22</height>
					<font>font13</font>
					<align>left</align>
					<textcolor>white</textcolor>
					<selectedcolor>green</selectedcolor>
					<info>ListItem.Label</info>
					<visible>Container.Sort(SongRating)</visible>
				</control>
				<control type="image">
					<description>Song Rating Image</description>
					<posx>365</posx>
					<posy>5</posy>
					<height>21</height>
					<width>84</width>
					<info>listitem.rating</info>
					<aspectratio>stretch</aspectratio>
					<texture flipx="true" /> 
					<visible>Container.Sort(SongRating)</visible>
				</control>
			</focusedlayout>
		</control>
		<control type="group">
			<include>Slide_From_Right_Animation</include>
			<control type="button">
				<posx>664</posx>
				<posy>290</posy>
				<width>16</width>
				<height>20</height>
				<onclick>PageUp(92)</onclick>
				<texturefocus>scrollbar_uparrow.png</texturefocus>
				<texturenofocus>scrollbar_uparrow.png</texturenofocus>
				<visible>Control.IsVisible(92)</visible>
			</control>
			<control type="button">
				<posx>664</posx>
				<posy>494</posy>
				<width>16</width>
				<height>20</height>
				<onclick>PageDown(92)</onclick>
				<texturefocus>scrollbar_downarrow.png</texturefocus>
				<texturenofocus>scrollbar_downarrow.png</texturenofocus>
				<visible>Control.IsVisible(92)</visible>
			</control>
			<control type="scrollbar" id="92">
				<posx>664</posx>
				<posy>310</posy>
				<width>16</width>
				<height>184</height>
				<texturesliderbackground border="2,0,2,0">scrollbar_background.png</texturesliderbackground>
				<texturesliderbar border="2,6,2,6">scrollbar_nofocus.png</texturesliderbar>
				<texturesliderbarfocus border="2,5,2,5">scrollbar_focus.png</texturesliderbarfocus>
				<textureslidernib>-</textureslidernib>
				<textureslidernibfocus>-</textureslidernibfocus>
				<onleft>50</onleft>
				<onright>9000</onright>
				<onup>90</onup>
				<ondown>90</ondown>
				<showonepage>false</showonepage>
				<orientation>vertical</orientation>
				<visible>Control.IsVisible(57)</visible>
			</control>
		</control>
		<control type="group" id="4001">
			<posx>165</posx>
			<posy>100</posy>
			<camera x="440" y="175" />
			<visible>Control.IsVisible(57) + Container.OnNext</visible>
			<include>Slide_From_Right_Animation</include>
                        <animation effect="slide" end="-36,0" time="200" reversible="false">Hidden</animation>
			<control type="group">
				<posx>30</posx>
				<posy>0</posy>
				<width>150</width>
				<visible>Container.OnNext</visible>
				<animation effect="fade" start="100" end="0" time="100" reversible="false">Hidden</animation>
				<animation effect="rotatey" center="30" start="-60" end="-60" time="0" condition="true">Conditional</animation>
				<control type="image">
					<posx>15</posx>
					<posy>0</posy>
					<width>120</width>
					<height>150</height>
					<texture border="10">default_icon_back.png</texture>
				</control>
				<control type="image">
					<posx>26</posx>
					<posy>10</posy>
					<width>98</width>
					<height>130</height>
					<aspectratio>keep</aspectratio>
					<info>Container.ListItem(-5).Icon</info>
				</control>
				<control type="image">
					<posx>15</posx>
					<posy>142</posy>
					<width>120</width>
					<height>150</height>
					<texture flipy="true" diffuse="diffuse_mirror.png" border="10">default_icon_back.png</texture>
				</control>
				<control type="image">
					<posx>26</posx>
					<posy>153</posy>
					<width>98</width>
					<height>130</height>
					<texture flipy="true" diffuse="diffuse_mirror.png" /> 
					<aspectratio>keep</aspectratio>
					<info>Container.ListItem(-5).Icon</info>
				</control>
			</control>
			<control type="group">
				<posx>66</posx>
				<posy>0</posy>
				<width>150</width>
				<animation effect="rotatey" center="66" start="-60" end="-60" time="0" condition="true">Conditional</animation>
				<control type="image">
					<posx>15</posx>
					<posy>0</posy>
					<width>120</width>
					<height>150</height>
					<texture border="10">default_icon_back.png</texture>
				</control>
				<control type="image">
					<posx>26</posx>
					<posy>10</posy>
					<width>98</width>
					<height>130</height>
					<aspectratio>keep</aspectratio>
					<info>Container.ListItem(-4).Icon</info>
				</control>
				<control type="image">
					<posx>15</posx>
					<posy>142</posy>
					<width>120</width>
					<height>150</height>
					<texture flipy="true" diffuse="diffuse_mirror.png" border="10">default_icon_back.png</texture>
				</control>
				<control type="image">
					<posx>26</posx>
					<posy>153</posy>
					<width>98</width>
					<height>130</height>
					<texture flipy="true" diffuse="diffuse_mirror.png" /> 
					<aspectratio>keep</aspectratio>
					<info>Container.ListItem(-4).Icon</info>
				</control>
			</control>
			<control type="group">
				<posx>102</posx>
				<posy>0</posy>
				<width>150</width>
				<animation effect="rotatey" center="102" start="-60" end="-60" time="0" condition="true">Conditional</animation>
				<control type="image">
					<posx>15</posx>
					<posy>0</posy>
					<width>120</width>
					<height>150</height>
					<texture border="10">default_icon_back.png</texture>
				</control>
				<control type="image">
					<posx>26</posx>
					<posy>10</posy>
					<width>98</width>
					<height>130</height>
					<aspectratio>keep</aspectratio>
					<info>Container.ListItem(-3).Icon</info>
				</control>
				<control type="image">
					<posx>15</posx>
					<posy>142</posy>
					<width>120</width>
					<height>150</height>
					<texture flipy="true" diffuse="diffuse_mirror.png" border="10">default_icon_back.png</texture>
				</control>
				<control type="image">
					<posx>26</posx>
					<posy>153</posy>
					<width>98</width>
					<height>130</height>
					<texture flipy="true" diffuse="diffuse_mirror.png" /> 
					<aspectratio>keep</aspectratio>
					<info>Container.ListItem(-3).Icon</info>
				</control>
			</control>
			<control type="group">
				<posx>138</posx>
				<posy>0</posy>
				<width>150</width>
				<animation effect="rotatey" center="138" start="-60" end="-60" time="0" condition="true">Conditional</animation>
				<control type="image">
					<posx>15</posx>
					<posy>0</posy>
					<width>120</width>
					<height>150</height>
					<texture border="10">default_icon_back.png</texture>
				</control>
				<control type="image">
					<posx>26</posx>
					<posy>10</posy>
					<width>98</width>
					<height>130</height>
					<aspectratio>keep</aspectratio>
					<info>Container.ListItem(-2).Icon</info>
				</control>
				<control type="image">
					<posx>15</posx>
					<posy>142</posy>
					<width>120</width>
					<height>150</height>
					<texture flipy="true" diffuse="diffuse_mirror.png" border="10">default_icon_back.png</texture>
				</control>
				<control type="image">
					<posx>26</posx>
					<posy>153</posy>
					<width>98</width>
					<height>130</height>
					<texture flipy="true" diffuse="diffuse_mirror.png" /> 
					<aspectratio>keep</aspectratio>
					<info>Container.ListItem(-2).Icon</info>
				</control>
			</control>
			<control type="group">
				<posx>406</posx>
				<posy>0</posy>
				<width>150</width>
				<visible>!Container.OnNext</visible>
				<animation effect="fade" start="0" end="100" delay="100" time="100" reversible="false">Visible</animation>
				<animation effect="rotatey" center="556" start="60" end="60" time="0" condition="true">Conditional</animation>
				<control type="image">
					<posx>15</posx>
					<posy>0</posy>
					<width>120</width>
					<height>150</height>
					<texture border="10">default_icon_back.png</texture>
				</control>
				<control type="image">
					<posx>26</posx>
					<posy>10</posy>
					<width>98</width>
					<height>130</height>
					<aspectratio>keep</aspectratio>
					<info>Container.ListItem(4).Icon</info>
				</control>
				<control type="image">
					<posx>15</posx>
					<posy>142</posy>
					<width>120</width>
					<height>150</height>
					<texture flipy="true" diffuse="diffuse_mirror.png" border="10">default_icon_back.png</texture>
				</control>
				<control type="image">
					<posx>26</posx>
					<posy>153</posy>
					<width>98</width>
					<height>130</height>
					<texture flipy="true" diffuse="diffuse_mirror.png" /> 
					<aspectratio>keep</aspectratio>
					<info>Container.ListItem(4).Icon</info>
				</control>
			</control>
			<control type="group">
				<posx>370</posx>
				<posy>0</posy>
				<width>150</width>
				<animation effect="rotatey" center="520" start="60" end="60" time="0" condition="true">Conditional</animation>
				<control type="image">
					<posx>15</posx>
					<posy>0</posy>
					<width>120</width>
					<height>150</height>
					<texture border="10">default_icon_back.png</texture>
				</control>
				<control type="image">
					<posx>26</posx>
					<posy>10</posy>
					<width>98</width>
					<height>130</height>
					<aspectratio>keep</aspectratio>
					<info>Container.ListItem(3).Icon</info>
				</control>
				<control type="image">
					<posx>15</posx>
					<posy>142</posy>
					<width>120</width>
					<height>150</height>
					<texture flipy="true" diffuse="diffuse_mirror.png" border="10">default_icon_back.png</texture>
				</control>
				<control type="image">
					<posx>26</posx>
					<posy>153</posy>
					<width>98</width>
					<height>130</height>
					<texture flipy="true" diffuse="diffuse_mirror.png" /> 
					<aspectratio>keep</aspectratio>
					<info>Container.ListItem(3).Icon</info>
				</control>
			</control>
			<control type="group">
				<posx>334</posx>
				<posy>0</posy>
				<width>150</width>
				<animation effect="rotatey" center="484" start="60" end="60" time="0" condition="true">Conditional</animation>
				<control type="image">
					<posx>15</posx>
					<posy>0</posy>
					<width>120</width>
					<height>150</height>
					<texture border="10">default_icon_back.png</texture>
				</control>
				<control type="image">
					<posx>26</posx>
					<posy>10</posy>
					<width>98</width>
					<height>130</height>
					<aspectratio>keep</aspectratio>
					<info>Container.ListItem(2).Icon</info>
				</control>
				<control type="image">
					<posx>15</posx>
					<posy>142</posy>
					<width>120</width>
					<height>150</height>
					<texture flipy="true" diffuse="diffuse_mirror.png" border="10">default_icon_back.png</texture>
				</control>
				<control type="image">
					<posx>26</posx>
					<posy>153</posy>
					<width>98</width>
					<height>130</height>
					<texture flipy="true" diffuse="diffuse_mirror.png" /> 
					<aspectratio>keep</aspectratio>
					<info>Container.ListItem(2).Icon</info>
				</control>
			</control>
			<control type="group">
				<posx>298</posx>
				<posy>0</posy>
				<width>150</width>
				<animation effect="rotatey" center="448" start="60" end="60" time="0" condition="true">Conditional</animation>
				<control type="image">
					<posx>15</posx>
					<posy>0</posy>
					<width>120</width>
					<height>150</height>
					<texture border="10">default_icon_back.png</texture>
				</control>
				<control type="image">
					<posx>26</posx>
					<posy>10</posy>
					<width>98</width>
					<height>130</height>
					<aspectratio>keep</aspectratio>
					<info>Container.ListItem(1).Icon</info>
				</control>
				<control type="image">
					<posx>15</posx>
					<posy>142</posy>
					<width>120</width>
					<height>150</height>
					<texture flipy="true" diffuse="diffuse_mirror.png" border="10">default_icon_back.png</texture>
				</control>
				<control type="image">
					<posx>26</posx>
					<posy>153</posy>
					<width>98</width>
					<height>130</height>
					<texture flipy="true" diffuse="diffuse_mirror.png" /> 
					<aspectratio>keep</aspectratio>
					<info>Container.ListItem(1).Icon</info>
				</control>
			</control>
			<control type="group">
				<visible>Control.IsVisible(57) + Container.OnNext</visible>
				<animation effect="slide" end="-26,0" time="200" reversible="false">Hidden</animation>
				<control type="group">
					<posx>262</posx>
					<posy>0</posy>
					<width>150</width>
					<visible>Container.OnNext</visible>
					<animation effect="rotatey" center="412" start="0" end="-60" time="200" reversible="false">Hidden</animation>
					<animation effect="rotatey" center="412" start="60" end="60" time="0" condition="true">Conditional</animation>
					<control type="image">
						<posx>15</posx>
						<posy>0</posy>
						<width>120</width>
						<height>150</height>
						<texture border="10">default_icon_back.png</texture>
					</control>
					<control type="image">
						<posx>26</posx>
						<posy>10</posy>
						<width>98</width>
						<height>130</height>
						<aspectratio>keep</aspectratio>
						<info>Container.ListItem(0).Icon</info>
					</control>
					<control type="image">
						<posx>15</posx>
						<posy>142</posy>
						<width>120</width>
						<height>150</height>
						<texture flipy="true" diffuse="diffuse_mirror.png" border="10">default_icon_back.png</texture>
					</control>
					<control type="image">
						<posx>26</posx>
						<posy>153</posy>
						<width>98</width>
						<height>130</height>
						<texture flipy="true" diffuse="diffuse_mirror.png" /> 
						<aspectratio>keep</aspectratio>
						<info>Container.ListItem(0).Icon</info>
					</control>
				</control>
				<control type="group">
					<posx>200</posx>
					<posy>0</posy>
					<width>150</width>
					<visible>Container.OnNext</visible>
					<animation effect="rotatey" center="200" start="0" end="-60" time="200" reversible="false">Hidden</animation>
					<control type="image">
						<posx>15</posx>
						<posy>0</posy>
						<width>120</width>
						<height>150</height>
						<texture border="10">default_icon_back.png</texture>
					</control>
					<control type="image">
						<posx>26</posx>
						<posy>10</posy>
						<width>98</width>
						<height>130</height>
						<aspectratio>keep</aspectratio>
						<info>Container.ListItem(-1).Icon</info>
					</control>
					<control type="image">
						<posx>15</posx>
						<posy>142</posy>
						<width>120</width>
						<height>150</height>
						<texture flipy="true" diffuse="diffuse_mirror.png" border="10">default_icon_back.png</texture>
					</control>
					<control type="image">
						<posx>26</posx>
						<posy>153</posy>
						<width>98</width>
						<height>130</height>
						<texture flipy="true" diffuse="diffuse_mirror.png" /> 
						<aspectratio>keep</aspectratio>
						<info>Container.ListItem(-1).Icon</info>
					</control>
				</control>
			</control>
		</control>
		<control type="group" id="4002">
			<posx>165</posx>
			<posy>100</posy>
			<camera x="440" y="175" />
			<visible>Control.IsVisible(57) + Container.OnPrevious</visible>
			<include>Slide_From_Right_Animation</include>
		        <animation effect="slide" end="36,0" time="200" reversible="false">Hidden</animation>
			<control type="group">
				<posx>-6</posx>
				<posy>0</posy>
				<width>150</width>
				<visible>!Container.OnPrevious</visible>
				<animation effect="fade" start="0" end="100" delay="100" time="100" reversible="false">Visible</animation>
				<animation effect="rotatey" center="-6" start="-60" end="-60" time="0" condition="true">Conditional</animation>
				<control type="image">
					<posx>15</posx>
					<posy>0</posy>
					<width>120</width>
					<height>150</height>
					<texture border="10">default_icon_back.png</texture>
				</control>
				<control type="image">
					<posx>26</posx>
					<posy>10</posy>
					<width>98</width>
					<height>130</height>
					<aspectratio>keep</aspectratio>
					<info>Container.ListItem(-4).Icon</info>
				</control>
				<control type="image">
					<posx>15</posx>
					<posy>142</posy>
					<width>120</width>
					<height>150</height>
					<texture flipy="true" diffuse="diffuse_mirror.png" border="10">default_icon_back.png</texture>
				</control>
				<control type="image">
					<posx>26</posx>
					<posy>153</posy>
					<width>98</width>
					<height>130</height>
					<texture flipy="true" diffuse="diffuse_mirror.png" /> 
					<aspectratio>keep</aspectratio>
					<info>Container.ListItem(-4).Icon</info>
				</control>
			</control>
			<control type="group">
				<posx>30</posx>
				<posy>0</posy>
				<width>150</width>
				<animation effect="rotatey" center="30" start="-60" end="-60" time="0" condition="true">Conditional</animation>
				<control type="image">
					<posx>15</posx>
					<posy>0</posy>
					<width>120</width>
					<height>150</height>
					<texture border="10">default_icon_back.png</texture>
				</control>
				<control type="image">
					<posx>26</posx>
					<posy>10</posy>
					<width>98</width>
					<height>130</height>
					<aspectratio>keep</aspectratio>
					<info>Container.ListItem(-3).Icon</info>
				</control>
				<control type="image">
					<posx>15</posx>
					<posy>142</posy>
					<width>120</width>
					<height>150</height>
					<texture flipy="true" diffuse="diffuse_mirror.png" border="10">default_icon_back.png</texture>
				</control>
				<control type="image">
					<posx>26</posx>
					<posy>153</posy>
					<width>98</width>
					<height>130</height>
					<texture flipy="true" diffuse="diffuse_mirror.png" /> 
					<aspectratio>keep</aspectratio>
					<info>Container.ListItem(-3).Icon</info>
				</control>
			</control>
			<control type="group">
				<posx>66</posx>
				<posy>0</posy>
				<width>150</width>
				<animation effect="rotatey" center="66" start="-60" end="-60" time="0" condition="true">Conditional</animation>
				<control type="image">
					<posx>15</posx>
					<posy>0</posy>
					<width>120</width>
					<height>150</height>
					<texture border="10">default_icon_back.png</texture>
				</control>
				<control type="image">
					<posx>26</posx>
					<posy>10</posy>
					<width>98</width>
					<height>130</height>
					<aspectratio>keep</aspectratio>
					<info>Container.ListItem(-2).Icon</info>
				</control>
				<control type="image">
					<posx>15</posx>
					<posy>142</posy>
					<width>120</width>
					<height>150</height>
					<texture flipy="true" diffuse="diffuse_mirror.png" border="10">default_icon_back.png</texture>
				</control>
				<control type="image">
					<posx>26</posx>
					<posy>153</posy>
					<width>98</width>
					<height>130</height>
					<texture flipy="true" diffuse="diffuse_mirror.png" /> 
					<aspectratio>keep</aspectratio>
					<info>Container.ListItem(-2).Icon</info>
				</control>
			</control>
			<control type="group">
				<posx>102</posx>
				<posy>0</posy>
				<width>150</width>
				<animation effect="rotatey" center="102" start="-60" end="-60" time="0" condition="true">Conditional</animation>
				<control type="image">
					<posx>15</posx>
					<posy>0</posy>
					<width>120</width>
					<height>150</height>
					<texture border="10">default_icon_back.png</texture>
				</control>
				<control type="image">
					<posx>26</posx>
					<posy>10</posy>
					<width>98</width>
					<height>130</height>
					<aspectratio>keep</aspectratio>
					<info>Container.ListItem(-1).Icon</info>
				</control>
				<control type="image">
					<posx>15</posx>
					<posy>142</posy>
					<width>120</width>
					<height>150</height>
					<texture flipy="true" diffuse="diffuse_mirror.png" border="10">default_icon_back.png</texture>
				</control>
				<control type="image">
					<posx>26</posx>
					<posy>153</posy>
					<width>98</width>
					<height>130</height>
					<texture flipy="true" diffuse="diffuse_mirror.png" /> 
					<aspectratio>keep</aspectratio>
					<info>Container.ListItem(-1).Icon</info>
				</control>
			</control>
			<control type="group">
				<posx>370</posx>
				<posy>0</posy>
				<width>150</width>
				<visible>Container.OnPrevious</visible>
				<animation effect="fade" start="100" end="0" time="100" reversible="false">Hidden</animation>
				<animation effect="rotatey" center="520" start="60" end="60" time="0" condition="true">Conditional</animation>
				<control type="image">
					<posx>15</posx>
					<posy>0</posy>
					<width>120</width>
					<height>150</height>
					<texture border="10">default_icon_back.png</texture>
				</control>
				<control type="image">
					<posx>26</posx>
					<posy>10</posy>
					<width>98</width>
					<height>130</height>
					<aspectratio>keep</aspectratio>
					<info>Container.ListItem(5).Icon</info>
				</control>
				<control type="image">
					<posx>15</posx>
					<posy>142</posy>
					<width>120</width>
					<height>150</height>
					<texture flipy="true" diffuse="diffuse_mirror.png" border="10">default_icon_back.png</texture>
				</control>
				<control type="image">
					<posx>26</posx>
					<posy>153</posy>
					<width>98</width>
					<height>130</height>
					<texture flipy="true" diffuse="diffuse_mirror.png" /> 
					<aspectratio>keep</aspectratio>
					<info>Container.ListItem(5).Icon</info>
				</control>
			</control>
			<control type="group">
				<posx>334</posx>
				<posy>0</posy>
				<width>150</width>
				<animation effect="rotatey" center="484" start="60" end="60" time="0" condition="true">Conditional</animation>
				<control type="image">
					<posx>15</posx>
					<posy>0</posy>
					<width>120</width>
					<height>150</height>
					<texture border="10">default_icon_back.png</texture>
				</control>
				<control type="image">
					<posx>26</posx>
					<posy>10</posy>
					<width>98</width>
					<height>130</height>
					<aspectratio>keep</aspectratio>
					<info>Container.ListItem(4).Icon</info>
				</control>
				<control type="image">
					<posx>15</posx>
					<posy>142</posy>
					<width>120</width>
					<height>150</height>
					<texture flipy="true" diffuse="diffuse_mirror.png" border="10">default_icon_back.png</texture>
				</control>
				<control type="image">
					<posx>26</posx>
					<posy>153</posy>
					<width>98</width>
					<height>130</height>
					<texture flipy="true" diffuse="diffuse_mirror.png" /> 
					<aspectratio>keep</aspectratio>
					<info>Container.ListItem(4).Icon</info>
				</control>
			</control>
			<control type="group">
				<posx>298</posx>
				<posy>0</posy>
				<width>150</width>
				<animation effect="rotatey" center="448" start="60" end="60" time="0" condition="true">Conditional</animation>
				<control type="image">
					<posx>15</posx>
					<posy>0</posy>
					<width>120</width>
					<height>150</height>
					<texture border="10">default_icon_back.png</texture>
				</control>
				<control type="image">
					<posx>26</posx>
					<posy>10</posy>
					<width>98</width>
					<height>130</height>
					<aspectratio>keep</aspectratio>
					<info>Container.ListItem(3).Icon</info>
				</control>
				<control type="image">
					<posx>15</posx>
					<posy>142</posy>
					<width>120</width>
					<height>150</height>
					<texture flipy="true" diffuse="diffuse_mirror.png" border="10">default_icon_back.png</texture>
				</control>
				<control type="image">
					<posx>26</posx>
					<posy>153</posy>
					<width>98</width>
					<height>130</height>
					<texture flipy="true" diffuse="diffuse_mirror.png" /> 
					<aspectratio>keep</aspectratio>
					<info>Container.ListItem(3).Icon</info>
				</control>
			</control>
			<control type="group">
				<posx>262</posx>
				<posy>0</posy>
				<width>150</width>
				<animation effect="rotatey" center="412" start="60" end="60" time="0" condition="true">Conditional</animation>
				<control type="image">
					<posx>15</posx>
					<posy>0</posy>
					<width>120</width>
					<height>150</height>
					<texture border="10">default_icon_back.png</texture>
				</control>
				<control type="image">
					<posx>26</posx>
					<posy>10</posy>
					<width>98</width>
					<height>130</height>
					<aspectratio>keep</aspectratio>
					<info>Container.ListItem(2).Icon</info>
				</control>
				<control type="image">
					<posx>15</posx>
					<posy>142</posy>
					<width>120</width>
					<height>150</height>
					<texture flipy="true" diffuse="diffuse_mirror.png" border="10">default_icon_back.png</texture>
				</control>
				<control type="image">
					<posx>26</posx>
					<posy>153</posy>
					<width>98</width>
					<height>130</height>
					<texture flipy="true" diffuse="diffuse_mirror.png" /> 
					<aspectratio>keep</aspectratio>
					<info>Container.ListItem(2).Icon</info>
				</control>
			</control>
			<control type="group">
				<visible>Control.IsVisible(57) + Container.OnPrevious</visible>
				<animation effect="slide" end="26" time="200" reversible="false">Hidden</animation>
				<control type="group">
					<posx>200</posx>
					<posy>0</posy>
					<width>150</width>
					<visible>Container.OnPrevious</visible>
					<animation effect="rotatey" center="350" start="0" end="60" time="200" reversible="false">Hidden</animation>
					<control type="image">
						<posx>15</posx>
						<posy>0</posy>
						<width>120</width>
						<height>150</height>
						<texture border="10">default_icon_back.png</texture>
					</control>
					<control type="image">
						<posx>26</posx>
						<posy>10</posy>
						<width>98</width>
						<height>130</height>
						<aspectratio>keep</aspectratio>
						<info>Container.ListItem(1).Icon</info>
					</control>
					<control type="image">
						<posx>15</posx>
						<posy>142</posy>
						<width>120</width>
						<height>150</height>
						<texture flipy="true" diffuse="diffuse_mirror.png" border="10">default_icon_back.png</texture>
					</control>
					<control type="image">
						<posx>26</posx>
						<posy>153</posy>
						<width>98</width>
						<height>130</height>
						<texture flipy="true" diffuse="diffuse_mirror.png" /> 
						<aspectratio>keep</aspectratio>
						<info>Container.ListItem(1).Icon</info>
					</control>
				</control>
				<control type="group">
					<posx>138</posx>
					<posy>0</posy>
					<width>150</width>
					<visible>Container.OnPrevious</visible>
					<animation effect="rotatey" center="138" start="0" end="60" time="200" reversible="false">Hidden</animation>
					<animation effect="rotatey" center="138" start="-60" end="-60" time="0" condition="true">Conditional</animation>
					<control type="image">
						<posx>15</posx>
						<posy>0</posy>
						<width>120</width>
						<height>150</height>
						<texture border="10">default_icon_back.png</texture>
					</control>
					<control type="image">
						<posx>26</posx>
						<posy>10</posy>
						<width>98</width>
						<height>130</height>
						<aspectratio>keep</aspectratio>
						<info>Container.ListItem(0).Icon</info>
					</control>
					<control type="image">
						<posx>15</posx>
						<posy>142</posy>
						<width>120</width>
						<height>150</height>
						<texture flipy="true" diffuse="diffuse_mirror.png" border="10">default_icon_back.png</texture>
					</control>
					<control type="image">
						<posx>26</posx>
						<posy>153</posy>
						<width>98</width>
						<height>130</height>
						<texture flipy="true" diffuse="diffuse_mirror.png" /> 
						<aspectratio>keep</aspectratio>
						<info>Container.ListItem(0).Icon</info>
					</control>
				</control>
			</control>
		</control>
		<control type="group" id="4000">
			<posx>165</posx>
			<posy>100</posy>
			<camera x="440" y="175" />
			<include>Slide_From_Right_Animation</include>
			<visible>Control.IsVisible(57) + !Control.IsVisible(4001)  + !Control.IsVisible(4002)</visible>
			<control type="group">
				<posx>30</posx>
				<posy>0</posy>
				<width>150</width>
				<animation effect="rotatey" center="30" start="-60" end="-60" time="0" condition="true">Conditional</animation>
				<control type="image">
					<posx>15</posx>
					<posy>0</posy>
					<width>120</width>
					<height>150</height>
					<texture border="10">default_icon_back.png</texture>
				</control>
				<control type="image">
					<posx>26</posx>
					<posy>10</posy>
					<width>98</width>
					<height>130</height>
					<aspectratio>keep</aspectratio>
					<info>Container.ListItem(-4).Icon</info>
				</control>
				<control type="image">
					<posx>15</posx>
					<posy>142</posy>
					<width>120</width>
					<height>150</height>
					<texture flipy="true" diffuse="diffuse_mirror.png" border="10">default_icon_back.png</texture>
				</control>
				<control type="image">
					<posx>26</posx>
					<posy>153</posy>
					<width>98</width>
					<height>130</height>
					<texture flipy="true" diffuse="diffuse_mirror.png" /> 
					<aspectratio>keep</aspectratio>
					<info>Container.ListItem(-4).Icon</info>
				</control>
			</control>
			<control type="group">
				<posx>66</posx>
				<posy>0</posy>
				<width>150</width>
				<animation effect="rotatey" center="66" start="-60" end="-60" time="0" condition="true">Conditional</animation>
				<control type="image">
					<posx>15</posx>
					<posy>0</posy>
					<width>120</width>
					<height>150</height>
					<texture border="10">default_icon_back.png</texture>
				</control>
				<control type="image">
					<posx>26</posx>
					<posy>10</posy>
					<width>98</width>
					<height>130</height>
					<aspectratio>keep</aspectratio>
					<info>Container.ListItem(-3).Icon</info>
				</control>
				<control type="image">
					<posx>15</posx>
					<posy>142</posy>
					<width>120</width>
					<height>150</height>
					<texture flipy="true" diffuse="diffuse_mirror.png" border="10">default_icon_back.png</texture>
				</control>
				<control type="image">
					<posx>26</posx>
					<posy>153</posy>
					<width>98</width>
					<height>130</height>
					<texture flipy="true" diffuse="diffuse_mirror.png" /> 
					<aspectratio>keep</aspectratio>
					<info>Container.ListItem(-3).Icon</info>
				</control>
			</control>
			<control type="group">
				<posx>102</posx>
				<posy>0</posy>
				<width>150</width>
				<animation effect="rotatey" center="102" start="-60" end="-60" time="0" condition="true">Conditional</animation>
				<control type="image">
					<posx>15</posx>
					<posy>0</posy>
					<width>120</width>
					<height>150</height>
					<texture border="10">default_icon_back.png</texture>
				</control>
				<control type="image">
					<posx>26</posx>
					<posy>10</posy>
					<width>98</width>
					<height>130</height>
					<aspectratio>keep</aspectratio>
					<info>Container.ListItem(-2).Icon</info>
				</control>
				<control type="image">
					<posx>15</posx>
					<posy>142</posy>
					<width>120</width>
					<height>150</height>
					<texture flipy="true" diffuse="diffuse_mirror.png" border="10">default_icon_back.png</texture>
				</control>
				<control type="image">
					<posx>26</posx>
					<posy>153</posy>
					<width>98</width>
					<height>130</height>
					<texture flipy="true" diffuse="diffuse_mirror.png" /> 
					<aspectratio>keep</aspectratio>
					<info>Container.ListItem(-2).Icon</info>
				</control>
			</control>
			<control type="group">
				<posx>138</posx>
				<posy>0</posy>
				<width>150</width>
				<animation effect="rotatey" center="138" start="-60" end="-60" time="0" condition="true">Conditional</animation>
				<control type="image">
					<posx>15</posx>
					<posy>0</posy>
					<width>120</width>
					<height>150</height>
					<texture border="10">default_icon_back.png</texture>
				</control>
				<control type="image">
					<posx>26</posx>
					<posy>10</posy>
					<width>98</width>
					<height>130</height>
					<aspectratio>keep</aspectratio>
					<info>Container.ListItem(-1).Icon</info>
				</control>
				<control type="image">
					<posx>15</posx>
					<posy>142</posy>
					<width>120</width>
					<height>150</height>
					<texture flipy="true" diffuse="diffuse_mirror.png" border="10">default_icon_back.png</texture>
				</control>
				<control type="image">
					<posx>26</posx>
					<posy>153</posy>
					<width>98</width>
					<height>130</height>
					<texture flipy="true" diffuse="diffuse_mirror.png" /> 
					<aspectratio>keep</aspectratio>
					<info>Container.ListItem(-1).Icon</info>
				</control>
			</control>
			<control type="group">
				<posx>370</posx>
				<posy>0</posy>
				<width>150</width>
				<animation effect="rotatey" center="520" start="60" end="60" time="0" condition="true">Conditional</animation>
				<control type="image">
					<posx>15</posx>
					<posy>0</posy>
					<width>120</width>
					<height>150</height>
					<texture border="10">default_icon_back.png</texture>
				</control>
				<control type="image">
					<posx>26</posx>
					<posy>10</posy>
					<width>98</width>
					<height>130</height>
					<aspectratio>keep</aspectratio>
					<info>Container.ListItem(4).Icon</info>
				</control>
				<control type="image">
					<posx>15</posx>
					<posy>142</posy>
					<width>120</width>
					<height>150</height>
					<texture flipy="true" diffuse="diffuse_mirror.png" border="10">default_icon_back.png</texture>
				</control>
				<control type="image">
					<posx>26</posx>
					<posy>153</posy>
					<width>98</width>
					<height>130</height>
					<texture flipy="true" diffuse="diffuse_mirror.png" /> 
					<aspectratio>keep</aspectratio>
					<info>Container.ListItem(4).Icon</info>
				</control>
			</control>
			<control type="group">
				<posx>334</posx>
				<posy>0</posy>
				<width>150</width>
				<animation effect="rotatey" center="484" start="60" end="60" time="0" condition="true">Conditional</animation>
				<control type="image">
					<posx>15</posx>
					<posy>0</posy>
					<width>120</width>
					<height>150</height>
					<texture border="10">default_icon_back.png</texture>
				</control>
				<control type="image">
					<posx>26</posx>
					<posy>10</posy>
					<width>98</width>
					<height>130</height>
					<aspectratio>keep</aspectratio>
					<info>Container.ListItem(3).Icon</info>
				</control>
				<control type="image">
					<posx>15</posx>
					<posy>142</posy>
					<width>120</width>
					<height>150</height>
					<texture flipy="true" diffuse="diffuse_mirror.png" border="10">default_icon_back.png</texture>
				</control>
				<control type="image">
					<posx>26</posx>
					<posy>153</posy>
					<width>98</width>
					<height>130</height>
					<texture flipy="true" diffuse="diffuse_mirror.png" /> 
					<aspectratio>keep</aspectratio>
					<info>Container.ListItem(3).Icon</info>
				</control>
			</control>
			<control type="group">
				<posx>298</posx>
				<posy>0</posy>
				<width>150</width>
				<animation effect="rotatey" center="448" start="60" end="60" time="0" condition="true">Conditional</animation>
				<control type="image">
					<posx>15</posx>
					<posy>0</posy>
					<width>120</width>
					<height>150</height>
					<texture border="10">default_icon_back.png</texture>
				</control>
				<control type="image">
					<posx>26</posx>
					<posy>10</posy>
					<width>98</width>
					<height>130</height>
					<aspectratio>keep</aspectratio>
					<info>Container.ListItem(2).Icon</info>
				</control>
				<control type="image">
					<posx>15</posx>
					<posy>142</posy>
					<width>120</width>
					<height>150</height>
					<texture flipy="true" diffuse="diffuse_mirror.png" border="10">default_icon_back.png</texture>
				</control>
				<control type="image">
					<posx>26</posx>
					<posy>153</posy>
					<width>98</width>
					<height>130</height>
					<texture flipy="true" diffuse="diffuse_mirror.png" /> 
					<aspectratio>keep</aspectratio>
					<info>Container.ListItem(2).Icon</info>
				</control>
			</control>
			<control type="group">
				<posx>262</posx>
				<posy>0</posy>
				<width>150</width>
				<animation effect="rotatey" center="412" start="60" end="60" time="0" condition="true">Conditional</animation>
				<control type="image">
					<posx>15</posx>
					<posy>0</posy>
					<width>120</width>
					<height>150</height>
					<texture border="10">default_icon_back.png</texture>
				</control>
				<control type="image">
					<posx>26</posx>
					<posy>10</posy>
					<width>98</width>
					<height>130</height>
					<aspectratio>keep</aspectratio>
					<info>Container.ListItem(1).Icon</info>
				</control>
				<control type="image">
					<posx>15</posx>
					<posy>142</posy>
					<width>120</width>
					<height>150</height>
					<texture flipy="true" diffuse="diffuse_mirror.png" border="10">default_icon_back.png</texture>
				</control>
				<control type="image">
					<posx>26</posx>
					<posy>153</posy>
					<width>98</width>
					<height>130</height>
					<texture flipy="true" diffuse="diffuse_mirror.png" /> 
					<aspectratio>keep</aspectratio>
					<info>Container.ListItem(1).Icon</info>
				</control>
			</control>
			<control type="group">
				<posx>200</posx>
				<posy>0</posy>
				<width>150</width>
				<control type="image">
					<posx>15</posx>
					<posy>0</posy>
					<width>120</width>
					<height>150</height>
					<texture border="10">default_icon_back.png</texture>
				</control>
				<control type="image">
					<posx>26</posx>
					<posy>10</posy>
					<width>98</width>
					<height>130</height>
					<aspectratio>keep</aspectratio>
					<info>Container.ListItem(0).Icon</info>
				</control>
				<control type="image">
					<posx>15</posx>
					<posy>142</posy>
					<width>120</width>
					<height>150</height>
					<texture flipy="true" diffuse="diffuse_mirror.png" border="10">default_icon_back.png</texture>
				</control>
				<control type="image">
					<posx>26</posx>
					<posy>153</posy>
					<width>98</width>
					<height>130</height>
					<texture flipy="true" diffuse="diffuse_mirror.png" /> 
					<aspectratio>keep</aspectratio>
					<info>Container.ListItem(0).Icon</info>
				</control>
			</control>
		</control>
		<control type="label">
			<posx>210</posx>
			<posy>255</posy>
			<width>465</width>
			<height>22</height>
			<aligny>center</aligny>
			<align>center</align>
			<info>ListItem.Label</info>
			<font>font14</font>
			<textcolor>yellow</textcolor>
			<visible>Control.IsVisible(57)</visible>
			<include>Slide_From_Right_Animation</include>
		</control>
	</include>
</includes>
