<includes>
	<include name="OldCommonListView">
		<control type="list" id="50">
			<posx>203</posx>
			<posy>121</posy>
			<width>455</width>
			<height>384</height>
			<onleft>9000</onleft>
			<onright>90</onright>
			<onup>50</onup>
			<ondown>50</ondown>
			<viewtype label="535">list</viewtype>
			<scrolltime>200</scrolltime>
			<pagecontrol>90</pagecontrol>
			<include>Slide_From_Right_Animation</include>
			<itemlayout height="32">
				<control type="image">
					<width>455</width>
					<height>30</height>
					<posx>0</posx>
					<posy>1</posy>
					<texture>list-nofocus.png</texture>
				</control>
				<control type="image">
					<posx>5</posx>
					<posy>4</posy>
					<width>18</width>
					<height>22</height>
					<info>ListItem.Icon</info>
				</control>
				<control type="label">
					<posx>31</posx>
					<posy>4</posy>
					<width>370</width>
					<height>22</height>
					<font>font13</font>
					<align>left</align>
					<textcolor>white</textcolor>
					<selectedcolor>green</selectedcolor>
					<info>ListItem.Label</info>
					<visible>!Container.Sort(SongRating)</visible>
				</control>
				<control type="label">
					<posx>445</posx>
					<posy>4</posy>
					<width>300</width>
					<height>22</height>
					<font>font13</font>
					<align>right</align>
					<textcolor>white</textcolor>
					<selectedcolor>green</selectedcolor>
					<info>ListItem.Label2</info>
					<visible>!Container.Sort(SongRating)</visible>
				</control>
				<control type="label">
					<posx>31</posx>
					<posy>4</posy>
					<width>335</width>
					<height>22</height>
					<font>font13</font>
					<align>left</align>
					<textcolor>white</textcolor>
					<selectedcolor>green</selectedcolor>
					<info>ListItem.Label</info>
					<visible>Container.Sort(SongRating)</visible>
				</control>
				<control type="image">
					<description>Song Rating Image</description>
					<posx>365</posx>
					<posy>5</posy>
					<height>21</height>
					<width>84</width>
					<info>listitem.rating</info>
					<aspectratio>stretch</aspectratio>
					<texture flipx="true" /> 
					<visible>Container.Sort(SongRating)</visible>
				</control>
			</itemlayout>
			<focusedlayout height="32">
				<control type="image">
					<width>455</width>
					<height>30</height>
					<posx>0</posx>
					<posy>1</posy>
					<texture>list-focus.png</texture>
					<visible>Control.HasFocus(50)</visible>
				</control>
				<control type="image">
					<width>455</width>
					<height>30</height>
					<posx>0</posx>
					<posy>1</posy>
					<texture>list-nofocus.png</texture>
					<visible>!Control.HasFocus(50)</visible>
				</control>
				<control type="image">
					<posx>5</posx>
					<posy>4</posy>
					<width>18</width>
					<height>22</height>
					<info>ListItem.Icon</info>
				</control>
				<control type="label">
					<posx>31</posx>
					<posy>4</posy>
					<width>370</width>
					<height>22</height>
					<font>font13</font>
					<align>left</align>
					<textcolor>white</textcolor>
					<selectedcolor>green</selectedcolor>
					<info>ListItem.Label</info>
					<visible>!Container.Sort(SongRating)</visible>
				</control>
				<control type="label">
					<posx>445</posx>
					<posy>4</posy>
					<width>300</width>
					<height>22</height>
					<font>font13</font>
					<align>right</align>
					<textcolor>white</textcolor>
					<selectedcolor>green</selectedcolor>
					<info>ListItem.Label2</info>
					<visible>!Container.Sort(SongRating)</visible>
				</control>
				<control type="label">
					<posx>31</posx>
					<posy>4</posy>
					<width>335</width>
					<height>22</height>
					<font>font13</font>
					<align>left</align>
					<textcolor>white</textcolor>
					<selectedcolor>green</selectedcolor>
					<info>ListItem.Label</info>
					<visible>Container.Sort(SongRating)</visible>
				</control>
				<control type="image">
					<description>Song Rating Image</description>
					<posx>365</posx>
					<posy>5</posy>
					<height>21</height>
					<width>84</width>
					<info>listitem.rating</info>
					<aspectratio>stretch</aspectratio>
					<texture flipx="true" /> 
					<visible>Container.Sort(SongRating)</visible>
				</control>
			</focusedlayout>
		</control>
	</include>
	<include name="ProgramsCommonListView">
		<control type="list" id="51">
			<posx>203</posx>
			<posy>121</posy>
			<width>455</width>
			<height>384</height>
			<onleft>9000</onleft>
			<onright>90</onright>
			<onup>51</onup>
			<ondown>51</ondown>
			<viewtype label="$LOCALIZE[535] 2">list</viewtype>
			<scrolltime>200</scrolltime>
			<pagecontrol>90</pagecontrol>
			<include>Slide_From_Right_Animation</include>
			<itemlayout height="32">
				<control type="image">
					<width>455</width>
					<height>30</height>
					<posx>0</posx>
					<posy>1</posy>
					<texture>list-nofocus.png</texture>
				</control>
				<control type="image">
					<posx>5</posx>
					<posy>4</posy>
					<width>18</width>
					<height>22</height>
					<info>ListItem.Icon</info>
				</control>
				<control type="label">
					<posx>31</posx>
					<posy>4</posy>
					<width>370</width>
					<height>22</height>
					<font>font13</font>
					<align>left</align>
					<textcolor>white</textcolor>
					<selectedcolor>green</selectedcolor>
					<info>ListItem.Label</info>
				</control>
				<control type="label">
					<posx>445</posx>
					<posy>4</posy>
					<width>300</width>
					<height>22</height>
					<font>font13</font>
					<align>right</align>
					<textcolor>white</textcolor>
					<selectedcolor>green</selectedcolor>
					<info>ListItem.Label2</info>
				</control>
			</itemlayout>
			<focusedlayout height="63">
				<control type="image">
					<width>455</width>
					<height>60</height>
					<posx>0</posx>
					<posy>1</posy>
					<texture>list-focus.png</texture>
					<visible>Control.HasFocus(51)</visible>
				</control>
				<control type="image">
					<width>455</width>
					<height>60</height>
					<posx>0</posx>
					<posy>1</posy>
					<texture>list-nofocus.png</texture>
					<visible>!Control.HasFocus(51)</visible>
				</control>
				<control type="image">
					<posx>10</posx>
					<posy>4</posy>
					<width>44</width>
					<height>54</height>
					<info>ListItem.Icon</info>
				</control>
				<control type="image">
					<posx>60</posx>
					<posy>30</posy>
					<width>28</width>
					<height>28</height>
					<info>ListItem.Overlay</info>
				</control>
				<control type="label">
					<posx>60</posx>
					<posy>6</posy>
					<width>380</width>
					<height>16</height>
					<font>font14</font>
					<textcolor>white</textcolor>
					<selectedcolor>green</selectedcolor>
					<scroll>true</scroll>
					<info>ListItem.Label</info>
				</control>
				<control type="label">
					<posx>445</posx>
					<posy>32</posy>
					<width>300</width>
					<height>16</height>
					<font>font13</font>
					<textcolor>white</textcolor>
					<selectedcolor>green</selectedcolor>
					<align>right</align>
					<info>ListItem.Label2</info>
				</control>
			</focusedlayout>
		</control>
	</include>
	<include name="MusicCommonListView">
		<control type="list" id="51">
			<posx>203</posx>
			<posy>121</posy>
			<width>455</width>
			<height>384</height>
			<onleft>9000</onleft>
			<onright>90</onright>
			<onup>51</onup>
			<ondown>51</ondown>
			<viewtype label="$LOCALIZE[535] 2">list</viewtype>
			<scrolltime>200</scrolltime>
			<pagecontrol>90</pagecontrol>
			<include>Slide_From_Right_Animation</include>
			<itemlayout height="32">
				<control type="image">
					<width>455</width>
					<height>30</height>
					<posx>0</posx>
					<posy>1</posy>
					<texture>list-nofocus.png</texture>
				</control>
				<control type="image">
					<posx>5</posx>
					<posy>4</posy>
					<width>18</width>
					<height>22</height>
					<info>ListItem.Icon</info>
				</control>
				<control type="label">
					<posx>31</posx>
					<posy>4</posy>
					<width>370</width>
					<height>22</height>
					<font>font13</font>
					<align>left</align>
					<textcolor>white</textcolor>
					<selectedcolor>green</selectedcolor>
					<info>ListItem.Label</info>
					<visible>!Container.Sort(SongRating)</visible>
				</control>
				<control type="label">
					<posx>445</posx>
					<posy>4</posy>
					<width>300</width>
					<height>22</height>
					<font>font13</font>
					<align>right</align>
					<textcolor>white</textcolor>
					<selectedcolor>green</selectedcolor>
					<info>ListItem.Label2</info>
					<visible>!Container.Sort(SongRating)</visible>
				</control>
				<control type="label">
					<posx>31</posx>
					<posy>4</posy>
					<width>335</width>
					<height>22</height>
					<font>font13</font>
					<align>left</align>
					<textcolor>white</textcolor>
					<selectedcolor>green</selectedcolor>
					<info>ListItem.Label</info>
					<visible>Container.Sort(SongRating)</visible>
				</control>
				<control type="image">
					<description>Song Rating Image</description>
					<posx>365</posx>
					<posy>5</posy>
					<height>21</height>
					<width>84</width>
					<info>listitem.rating</info>
					<aspectratio>stretch</aspectratio>
					<texture flipx="true" /> 
					<visible>Container.Sort(SongRating)</visible>
				</control>
			</itemlayout>
			<focusedlayout height="63">
				<control type="image">
					<width>455</width>
					<height>60</height>
					<posx>0</posx>
					<posy>1</posy>
					<texture>list-focus.png</texture>
					<visible>Control.HasFocus(51)</visible>
				</control>
				<control type="image">
					<width>455</width>
					<height>60</height>
					<posx>0</posx>
					<posy>1</posy>
					<texture>list-nofocus.png</texture>
					<visible>!Control.HasFocus(51)</visible>
				</control>
				<control type="image">
					<posx>10</posx>
					<posy>4</posy>
					<width>44</width>
					<height>54</height>
					<info>ListItem.Icon</info>
				</control>
				<control type="label">
					<posx>60</posx>
					<posy>6</posy>
					<width>380</width>
					<height>16</height>
					<font>font14</font>
					<aligy>center</aligy>
					<textcolor>white</textcolor>
					<selectedcolor>green</selectedcolor>
					<scroll>true</scroll>
					<info>ListItem.Label</info>
				</control>
				<control type="label">
					<posx>60</posx>
					<posy>35</posy>
					<width>360</width>
					<height>16</height>
					<font>font13</font>
					<aligy>center</aligy>
					<textcolor>white</textcolor>
					<selectedcolor>green</selectedcolor>
					<scroll>true</scroll>
					<label>$INFO[ListItem.Album] $INFO[ListItem.Year,- ]</label>
					<visible>!Container.Sort(SongRating)</visible>
				</control>
				<control type="label">
					<posx>445</posx>
					<posy>35</posy>
					<width>300</width>
					<height>16</height>
					<font>font13</font>
					<aligy>center</aligy>
					<textcolor>white</textcolor>
					<selectedcolor>green</selectedcolor>
					<align>right</align>
					<info>ListItem.Label2</info>
					<visible>!Container.Sort(SongRating)</visible>
				</control>
				<control type="label">
					<posx>60</posx>
					<posy>35</posy>
					<width>300</width>
					<height>16</height>
					<font>font13</font>
					<aligy>center</aligy>
					<textcolor>white</textcolor>
					<selectedcolor>green</selectedcolor>
					<scroll>true</scroll>
					<label>$INFO[ListItem.Album] $INFO[ListItem.Year,- ]</label>
					<visible>Container.Sort(SongRating)</visible>
				</control>
				<control type="image">
					<description>Song Rating Image</description>
					<posx>365</posx>
					<posy>35</posy>
					<height>21</height>
					<width>84</width>
					<info>listitem.rating</info>
					<aspectratio>stretch</aspectratio>
					<texture flipx="true" /> 
					<visible>Container.Sort(SongRating)</visible>
				</control>
			</focusedlayout>
		</control>
	</include>
	<include name="VideoCommonListView">
		<control type="list" id="51">
			<posx>203</posx>
			<posy>121</posy>
			<width>455</width>
			<height>384</height>
			<onleft>9000</onleft>
			<onright>90</onright>
			<onup>51</onup>
			<ondown>51</ondown>
			<viewtype label="$LOCALIZE[535] 2">list</viewtype>
			<scrolltime>200</scrolltime>
			<pagecontrol>90</pagecontrol>
			<include>Slide_From_Right_Animation</include>
			<itemlayout height="32">
				<control type="image">
					<width>455</width>
					<height>30</height>
					<posx>0</posx>
					<posy>1</posy>
					<texture>list-nofocus.png</texture>
				</control>
				<control type="image">
					<posx>5</posx>
					<posy>4</posy>
					<width>18</width>
					<height>22</height>
					<info>ListItem.Icon</info>
				</control>
				<control type="label">
					<posx>31</posx>
					<posy>4</posy>
					<width>370</width>
					<height>22</height>
					<font>font13</font>
					<align>left</align>
					<aligy>center</aligy>
					<textcolor>white</textcolor>
					<selectedcolor>green</selectedcolor>
					<info>ListItem.Label</info>
				</control>
				<control type="label">
					<posx>445</posx>
					<posy>4</posy>
					<width>300</width>
					<height>22</height>
					<font>font13</font>
					<align>right</align>
					<aligy>center</aligy>
					<textcolor>white</textcolor>
					<selectedcolor>green</selectedcolor>
					<info>ListItem.Label2</info>
				</control>
			</itemlayout>
			<focusedlayout height="63">
				<control type="image">
					<width>455</width>
					<height>60</height>
					<posx>0</posx>
					<posy>1</posy>
					<texture>list-focus.png</texture>
					<visible>Control.HasFocus(51)</visible>
				</control>
				<control type="image">
					<width>455</width>
					<height>60</height>
					<posx>0</posx>
					<posy>1</posy>
					<texture>list-nofocus.png</texture>
					<visible>!Control.HasFocus(51)</visible>
				</control>
				<control type="image">
					<posx>10</posx>
					<posy>4</posy>
					<width>44</width>
					<height>54</height>
					<info>ListItem.Icon</info>
				</control>
				<control type="label">
					<posx>60</posx>
					<posy>6</posy>
					<width>380</width>
					<height>16</height>
					<font>font14</font>
					<aligy>center</aligy>
					<textcolor>white</textcolor>
					<selectedcolor>green</selectedcolor>
					<scroll>true</scroll>
					<info>ListItem.Label</info>
				</control>
				<control type="label">
					<posx>60</posx>
					<posy>35</posy>
					<width>360</width>
					<height>16</height>
					<font>font13</font>
					<aligy>center</aligy>
					<textcolor>white</textcolor>
					<selectedcolor>green</selectedcolor>
					<scroll>true</scroll>
					<label> $INFO[ListItem.Year,, - ]$INFO[ListItem.Genre]</label>
				</control>
				<control type="label">
					<posx>445</posx>
					<posy>35</posy>
					<width>300</width>
					<height>16</height>
					<font>font13</font>
					<aligy>center</aligy>
					<textcolor>white</textcolor>
					<selectedcolor>green</selectedcolor>
					<align>right</align>
					<info>ListItem.Label2</info>
				</control>
			</focusedlayout>
		</control>
	</include>
	<include name="VideoViewCommons_BigList">
		<control type="list" id="58">
			<posx>203</posx>
			<posy>121</posy>
			<width>455</width>
			<height>390</height>
			<onleft>9000</onleft>
			<onright>90</onright>
			<onup>58</onup>
			<ondown>58</ondown>
			<viewtype label="537">biglist</viewtype>
			<scrolltime>200</scrolltime>
			<pagecontrol>90</pagecontrol>
			<include>Slide_From_Right_Animation</include>
			<itemlayout height="130">
				<control type="image">
					<width>455</width>
					<height>120</height>
					<posx>0</posx>
					<posy>0</posy>
					<texture>blue-rectangleNF.png</texture>
				</control>
				<control type="image">
					<posx>5</posx>
					<posy>8</posy>
					<width>64</width>
					<height>104</height>
					<info>ListItem.Icon</info>
				</control>
				<control type="image">
					<posx>70</posx>
					<posy>80</posy>
					<width>32</width>
					<height>32</height>
					<info>ListItem.Overlay</info>
				</control>
				<control type="label">
					<posx>80</posx>
					<posy>7</posy>
					<width>350</width>
					<height>16</height>
					<font>font14</font>
					<selectedcolor>green</selectedcolor>
					<scroll>true</scroll>
					<info>ListItem.Label</info>
				</control>
				<control type="label">
					<posx>80</posx>
					<posy>35</posy>
					<width>350</width>
					<height>16</height>
					<font>font13</font>
					<selectedcolor>green</selectedcolor>
					<scroll>true</scroll>
					<label>$INFO[ListItem.Year ,$LOCALIZE[562]: ]</label>
				</control>
				<control type="label">
					<posx>80</posx>
					<posy>60</posy>
					<width>350</width>
					<height>16</height>
					<font>font13</font>
					<scroll>true</scroll>
					<selectedcolor>green</selectedcolor>
					<label>$INFO[ListItem.Genre]</label>
				</control>
				<control type="label">
					<posx>440</posx>
					<posy>90</posy>
					<width>350</width>
					<height>16</height>
					<font>font13</font>
					<align>right</align>
					<selectedcolor>green</selectedcolor>
					<label>$LOCALIZE[563]: $INFO[ListItem.Rating]</label>
				</control>
			</itemlayout>
			<focusedlayout height="130">
				<control type="image">
					<width>455</width>
					<height>120</height>
					<posx>0</posx>
					<posy>0</posy>
					<texture>blue-rectangle.png</texture>
					<visible>Control.HasFocus(58)</visible>
				</control>
				<control type="image">
					<width>455</width>
					<height>120</height>
					<posx>0</posx>
					<posy>0</posy>
					<texture>blue-rectangleNF.png</texture>
					<visible>!Control.HasFocus(58)</visible>
				</control>
				<control type="image">
					<posx>5</posx>
					<posy>8</posy>
					<width>64</width>
					<height>104</height>
					<info>ListItem.Icon</info>
				</control>
				<control type="image">
					<posx>70</posx>
					<posy>80</posy>
					<width>32</width>
					<height>32</height>
					<info>ListItem.Overlay</info>
				</control>
				<control type="label">
					<posx>80</posx>
					<posy>7</posy>
					<width>350</width>
					<height>16</height>
					<font>font14</font>
					<selectedcolor>green</selectedcolor>
					<scroll>true</scroll>
					<info>ListItem.Label</info>
				</control>
				<control type="label">
					<posx>80</posx>
					<posy>35</posy>
					<width>350</width>
					<height>16</height>
					<font>font13</font>
					<selectedcolor>green</selectedcolor>
					<scroll>true</scroll>
					<label>$INFO[ListItem.Year ,$LOCALIZE[562]: ]</label>
				</control>
				<control type="label">
					<posx>80</posx>
					<posy>60</posy>
					<width>350</width>
					<height>16</height>
					<font>font13</font>
					<scroll>true</scroll>
					<selectedcolor>green</selectedcolor>
					<label>$INFO[ListItem.Genre]</label>
				</control>
				<control type="label">
					<posx>440</posx>
					<posy>90</posy>
					<width>350</width>
					<height>16</height>
					<font>font13</font>
					<align>right</align>
					<selectedcolor>green</selectedcolor>
					<label>$LOCALIZE[563]: $INFO[ListItem.Rating]</label>
				</control>
			</focusedlayout>
		</control>
	</include>
	<include name="MusicViewCommon_BigList">
		<control type="list" id="58">
			<posx>203</posx>
			<posy>121</posy>
			<width>455</width>
			<height>390</height>
			<onleft>9000</onleft>
			<onright>90</onright>
			<onup>58</onup>
			<ondown>58</ondown>
			<viewtype label="537">biglist</viewtype>
			<scrolltime>200</scrolltime>
			<pagecontrol>90</pagecontrol>
			<include>Slide_From_Right_Animation</include>
			<itemlayout height="130">
				<control type="image">
					<width>455</width>
					<height>120</height>
					<posx>0</posx>
					<posy>0</posy>
					<texture>blue-rectangleNF.png</texture>
				</control>
				<control type="image">
					<posx>10</posx>
					<posy>8</posy>
					<width>80</width>
					<height>104</height>
					<info>ListItem.Icon</info>
				</control>
				<control type="image">
					<posx>70</posx>
					<posy>80</posy>
					<width>26</width>
					<height>32</height>
					<info>ListItem.Overlay</info>
				</control>
				<control type="label">
					<posx>100</posx>
					<posy>7</posy>
					<width>330</width>
					<height>16</height>
					<font>font14</font>
					<selectedcolor>green</selectedcolor>
					<scroll>true</scroll>
					<info>ListItem.Label</info>
				</control>
				<control type="label">
					<posx>100</posx>
					<posy>35</posy>
					<width>330</width>
					<height>16</height>
					<font>font13</font>
					<aligy>center</aligy>
					<textcolor>white</textcolor>
					<selectedcolor>green</selectedcolor>
					<scroll>true</scroll>
					<label>$INFO[ListItem.Album]</label>
				</control>
				<control type="label">
					<posx>100</posx>
					<posy>62</posy>
					<width>330</width>
					<height>16</height>
					<font>font13</font>
					<scroll>true</scroll>
					<selectedcolor>green</selectedcolor>
					<label>$INFO[ListItem.Genre,$LOCALIZE[515]: ]</label>
				</control>
				<control type="label">
					<posx>100</posx>
					<posy>90</posy>
					<width>330</width>
					<height>16</height>
					<font>font13</font>
					<aligy>center</aligy>
					<textcolor>white</textcolor>
					<selectedcolor>green</selectedcolor>
					<scroll>true</scroll>
					<label>$INFO[ListItem.Year,$LOCALIZE[562]: ]</label>
				</control>
				<control type="label">
					<posx>440</posx>
					<posy>90</posy>
					<width>310</width>
					<height>16</height>
					<font>font13</font>
					<align>right</align>
					<selectedcolor>green</selectedcolor>
					<info>ListItem.Label2</info>
				</control>
			</itemlayout>
			<focusedlayout height="130">
				<control type="image">
					<width>455</width>
					<height>120</height>
					<posx>0</posx>
					<posy>0</posy>
					<texture>blue-rectangle.png</texture>
					<visible>Control.HasFocus(58)</visible>
				</control>
				<control type="image">
					<width>455</width>
					<height>120</height>
					<posx>0</posx>
					<posy>0</posy>
					<texture>blue-rectangleNF.png</texture>
					<visible>!Control.HasFocus(58)</visible>
				</control>
				<control type="image">
					<posx>10</posx>
					<posy>8</posy>
					<width>80</width>
					<height>104</height>
					<info>ListItem.Icon</info>
				</control>
				<control type="image">
					<posx>70</posx>
					<posy>80</posy>
					<width>26</width>
					<height>32</height>
					<info>ListItem.Overlay</info>
				</control>
				<control type="label">
					<posx>100</posx>
					<posy>7</posy>
					<width>330</width>
					<height>16</height>
					<font>font14</font>
					<selectedcolor>green</selectedcolor>
					<scroll>true</scroll>
					<info>ListItem.Label</info>
				</control>
				<control type="label">
					<posx>100</posx>
					<posy>35</posy>
					<width>330</width>
					<height>16</height>
					<font>font13</font>
					<aligy>center</aligy>
					<textcolor>white</textcolor>
					<selectedcolor>green</selectedcolor>
					<scroll>true</scroll>
					<label>$INFO[ListItem.Album]</label>
				</control>
				<control type="label">
					<posx>100</posx>
					<posy>62</posy>
					<width>330</width>
					<height>16</height>
					<font>font13</font>
					<scroll>true</scroll>
					<selectedcolor>green</selectedcolor>
					<label>$INFO[ListItem.Genre,$LOCALIZE[515]: ]</label>
				</control>
				<control type="label">
					<posx>100</posx>
					<posy>90</posy>
					<width>330</width>
					<height>16</height>
					<font>font13</font>
					<aligy>center</aligy>
					<textcolor>white</textcolor>
					<selectedcolor>green</selectedcolor>
					<scroll>true</scroll>
					<label>$INFO[ListItem.Year,$LOCALIZE[562]: ]</label>
				</control>
				<control type="label">
					<posx>440</posx>
					<posy>90</posy>
					<width>310</width>
					<height>16</height>
					<font>font13</font>
					<align>right</align>
					<selectedcolor>green</selectedcolor>
					<info>ListItem.Label2</info>
				</control>
			</focusedlayout>
		</control>
	</include>
	<include name="MusicViewLibrary_BigList">
		<control type="list" id="58">
			<posx>203</posx>
			<posy>121</posy>
			<width>455</width>
			<height>390</height>
			<onleft>9000</onleft>
			<onright>90</onright>
			<onup>58</onup>
			<ondown>58</ondown>
			<viewtype label="537">biglist</viewtype>
			<scrolltime>200</scrolltime>
			<pagecontrol>90</pagecontrol>
			<include>Slide_From_Right_Animation</include>
			<itemlayout height="130">
				<control type="image">
					<width>455</width>
					<height>120</height>
					<posx>0</posx>
					<posy>0</posy>
					<texture>blue-rectangleNF.png</texture>
				</control>
				<control type="image">
					<posx>10</posx>
					<posy>8</posy>
					<width>80</width>
					<height>104</height>
					<info>ListItem.Icon</info>
				</control>
				<control type="image">
					<posx>70</posx>
					<posy>80</posy>
					<width>26</width>
					<height>32</height>
					<info>ListItem.Overlay</info>
				</control>
				<control type="label">
					<posx>100</posx>
					<posy>7</posy>
					<width>330</width>
					<height>16</height>
					<font>font14</font>
					<selectedcolor>green</selectedcolor>
					<scroll>true</scroll>
					<info>ListItem.Label</info>
				</control>
				<control type="label">
					<posx>100</posx>
					<posy>35</posy>
					<width>330</width>
					<height>16</height>
					<font>font13</font>
					<scroll>true</scroll>
					<selectedcolor>green</selectedcolor>
					<label>$INFO[ListItem.Genre,$LOCALIZE[515]: ]</label>
				</control>
				<control type="label">
					<posx>440</posx>
					<posy>90</posy>
					<width>310</width>
					<height>16</height>
					<font>font13</font>
					<align>right</align>
					<selectedcolor>green</selectedcolor>
					<info>ListItem.Label2</info>
					<visible>!Container.Sort(SongRating)</visible>
				</control>
				<control type="image">
					<description>Song Rating Image</description>
					<posx>365</posx>
					<posy>90</posy>
					<height>21</height>
					<width>84</width>
					<info>listitem.rating</info>
					<aspectratio>stretch</aspectratio>
					<texture flipx="true" /> 
					<visible>Container.Sort(SongRating)</visible>
				</control>
			</itemlayout>
			<focusedlayout height="130">
				<control type="image">
					<width>455</width>
					<height>120</height>
					<posx>0</posx>
					<posy>0</posy>
					<texture>blue-rectangle.png</texture>
					<visible>Control.HasFocus(58)</visible>
				</control>
				<control type="image">
					<width>455</width>
					<height>120</height>
					<posx>0</posx>
					<posy>0</posy>
					<texture>blue-rectangleNF.png</texture>
					<visible>!Control.HasFocus(58)</visible>
				</control>
				<control type="image">
					<posx>10</posx>
					<posy>8</posy>
					<width>80</width>
					<height>104</height>
					<info>ListItem.Icon</info>
				</control>
				<control type="image">
					<posx>70</posx>
					<posy>80</posy>
					<width>26</width>
					<height>32</height>
					<info>ListItem.Overlay</info>
				</control>
				<control type="label">
					<posx>100</posx>
					<posy>7</posy>
					<width>330</width>
					<height>16</height>
					<font>font14</font>
					<selectedcolor>green</selectedcolor>
					<scroll>true</scroll>
					<info>ListItem.Label</info>
				</control>
				<control type="label">
					<posx>100</posx>
					<posy>35</posy>
					<width>330</width>
					<height>16</height>
					<font>font13</font>
					<scroll>true</scroll>
					<selectedcolor>green</selectedcolor>
					<label>$INFO[ListItem.Genre,$LOCALIZE[515]: ]</label>
				</control>
				<control type="label">
					<posx>440</posx>
					<posy>90</posy>
					<width>310</width>
					<height>16</height>
					<font>font13</font>
					<align>right</align>
					<selectedcolor>green</selectedcolor>
					<info>ListItem.Label2</info>
					<visible>!Container.Sort(SongRating)</visible>
				</control>
				<control type="image">
					<description>Song Rating Image</description>
					<posx>365</posx>
					<posy>90</posy>
					<height>21</height>
					<width>84</width>
					<info>listitem.rating</info>
					<aspectratio>stretch</aspectratio>
					<texture flipx="true" /> 
					<visible>Container.Sort(SongRating)</visible>
				</control>
			</focusedlayout>
		</control>
	</include>
	<include name="AllViewCommonThumbSmall">
		<control type="panel" id="52">
			<posx>203</posx>
			<posy>120</posy>
			<width>470</width>
			<height>390</height>
			<onleft>9000</onleft>
			<onright>90</onright>
			<onup>52</onup>
			<ondown>52</ondown>
			<viewtype label="536">icon</viewtype>
			<scrolltime>200</scrolltime>
			<pagecontrol>90</pagecontrol>
			<include>Slide_From_Right_Animation</include>
			<itemlayout height="130" width="92">
				<control type="image">
					<width>80</width>
					<height>100</height>
					<posx>5</posx>
					<posy>5</posy>
					<texture>folder-nofocus.png</texture>
				</control>
				<control type="image">
					<posx>9</posx>
					<posy>10</posy>
					<width>72</width>
					<height>90</height>
					<info>ListItem.Icon</info>
				</control>
				<control type="image">
					<posx>60</posx>
					<posy>75</posy>
					<width>23</width>
					<height>28</height>
					<info>ListItem.Overlay</info>
					<visible>![Skin.HasSetting(WatchedOverlays) + Window.IsActive(myvideolibrary)]</visible>
				</control>
				<control type="label">
					<posx>45</posx>
					<posy>105</posy>
					<width>80</width>
					<height>22</height>
					<font>font13</font>
					<selectedcolor>green</selectedcolor>
					<align>center</align>
					<info>ListItem.Label</info>
				</control>
			</itemlayout>
			<focusedlayout  height="130" width="92">
				<control type="image">
					<width>80</width>
					<height>100</height>
					<posx>5</posx>
					<posy>5</posy>
					<texture>folder-focus.png</texture>
					<animation effect="zoom" end="0,0,88,110" time="100">focus</animation>
				</control>
				<control type="image">
					<posx>9</posx>
					<posy>10</posy>
					<width>72</width>
					<height>90</height>
					<info>ListItem.Icon</info>
					<animation effect="zoom" end="5,5,80,100" time="100">focus</animation>
				</control>
				<control type="image">
					<posx>60</posx>
					<posy>75</posy>
					<width>23</width>
					<height>28</height>
					<info>ListItem.Overlay</info>
					<animation effect="slide" end="4,5" time="100">focus</animation>
					<visible>![Skin.HasSetting(WatchedOverlays) + Window.IsActive(myvideolibrary)]</visible>
				</control>
				<control type="label">
					<posx>45</posx>
					<posy>108</posy>
					<width>80</width>
					<height>22</height>
					<font>font13</font>
					<selectedcolor>green</selectedcolor>
					<align>center</align>
					<info>ListItem.Label</info>
				</control>
			</focusedlayout>
		</control>
	</include>
	<include name="AllViewCommonThumbLarge">
		<control type="panel" id="53">
			<posx>198</posx>
			<posy>120</posy>
			<width>470</width>
			<height>400</height>
			<onleft>9000</onleft>
			<onright>90</onright>
			<onup>53</onup>
			<ondown>53</ondown>
			<viewtype label="538">bigicon</viewtype>
			<scrolltime>200</scrolltime>
			<pagecontrol>90</pagecontrol>
			<include>Slide_From_Right_Animation</include>
			<itemlayout height="200" width="115">
				<control type="image">
					<width>112</width>
					<height>140</height>
					<posx>5</posx>
					<posy>5</posy>
					<texture>folder-nofocus.png</texture>
				</control>
				<control type="image">
					<posx>10</posx>
					<posy>10</posy>
					<width>104</width>
					<height>130</height>
					<info>ListItem.Icon</info>
				</control>
				<control type="image">
					<posx>90</posx>
					<posy>110</posy>
					<width>26</width>
					<height>30</height>
					<info>ListItem.Overlay</info>
					<visible>![Skin.HasSetting(WatchedOverlays) + Window.IsActive(myvideolibrary)]</visible>
				</control>
				<control type="label">
					<posx>61</posx>
					<posy>150</posy>
					<width>112</width>
					<height>22</height>
					<font>font13</font>
					<selectedcolor>green</selectedcolor>
					<align>center</align>
					<info>ListItem.Label</info>
				</control>
			</itemlayout>
			<focusedlayout height="200" width="115">
				<control type="image">
					<width>112</width>
					<height>140</height>
					<posx>5</posx>
					<posy>5</posy>
					<texture>folder-focus.png</texture>
					<animation effect="zoom" end="0,0,120,150" time="100">focus</animation>
				</control>
				<control type="image">
					<posx>10</posx>
					<posy>10</posy>
					<width>104</width>
					<height>130</height>
					<info>ListItem.Icon</info>
					<animation effect="zoom" end="5,5,112,140" time="100">focus</animation>
				</control>
				<control type="image">
					<posx>90</posx>
					<posy>110</posy>
					<width>26</width>
					<height>30</height>
					<info>ListItem.Overlay</info>
					<animation effect="slide" end="4,5" time="100">focus</animation>
					<visible>![Skin.HasSetting(WatchedOverlays) + Window.IsActive(myvideolibrary)]</visible>
				</control>
				<control type="label">
					<posx>61</posx>
					<posy>153</posy>
					<width>112</width>
					<height>22</height>
					<font>font13</font>
					<selectedcolor>green</selectedcolor>
					<align>center</align>
					<info>ListItem.Label</info>
				</control>
			</focusedlayout>
		</control>
	</include>
	<include name="MusicCoverViewLarge">
		<control type="group" id="3001">
			<posy>175</posy>
			<camera x="360" y="288" />
			<visible>Control.IsVisible(54) + Container.OnNext</visible>
                        <animation effect="slide" end="-50,0" time="200" reversible="false">Hidden</animation>
			<control type="image">
				<posx>0</posx>
				<posy>0</posy>
				<width>200</width>
				<height>250</height>
				<info>Container.ListItem(-5).Icon</info>
				<animation effect="rotatey" center="-40" start="-60" end="-60" time="0" condition="true">Conditional</animation>
			</control>
			<control type="image">
				<posx>50</posx>
				<posy>0</posy>
				<width>200</width>
				<height>250</height>
				<info>Container.ListItem(-4).Icon</info>
				<animation effect="rotatey" center="10" start="-60" end="-60" time="0" condition="true">Conditional</animation>
			</control>
			<control type="image">
				<posx>100</posx>
				<posy>0</posy>
				<width>200</width>
				<height>250</height>
				<info>Container.ListItem(-3).Icon</info>
				<animation effect="rotatey" center="60" start="-60" end="-60" time="0" condition="true">Conditional</animation>
			</control>
			<control type="image">
				<posx>150</posx>
				<posy>0</posy>
				<width>200</width>
				<height>250</height>
				<info>Container.ListItem(-2).Icon</info>
				<animation effect="rotatey" center="110" start="-60" end="-60" time="0" condition="true">Conditional</animation>
			</control>
			<control type="image">
				<posx>570</posx>
				<posy>0</posy>
				<width>200</width>
				<height>250</height>
				<info>Container.ListItem(4).Icon</info>
				<animation effect="rotatey" center="810" start="60" end="60" time="0" condition="true">Conditional</animation>
			</control>
			<control type="image">
				<posx>520</posx>
				<posy>0</posy>
				<width>200</width>
				<height>250</height>
				<info>Container.ListItem(3).Icon</info>
				<animation effect="rotatey" center="760" start="60" end="60" time="0" condition="true">Conditional</animation>
			</control>
			<control type="image">
				<posx>470</posx>
				<posy>0</posy>
				<width>200</width>
				<height>250</height>
				<info>Container.ListItem(2).Icon</info>
				<animation effect="rotatey" center="710" start="60" end="60" time="0" condition="true">Conditional</animation>
			</control>
			<control type="image">
				<posx>420</posx>
				<posy>0</posy>
				<width>200</width>
				<height>250</height>
				<info>Container.ListItem(1).Icon</info>
				<animation effect="rotatey" center="660" start="60" end="60" time="0" condition="true">Conditional</animation>
			</control>
			<control type="group">
				<visible>Control.IsVisible(54) + Container.OnNext</visible>
				<animation effect="slide" end="-60,0" time="200" reversible="false">Hidden</animation>
				<control type="image">
					<posx>260</posx>
					<posy>0</posy>
					<width>200</width>
					<height>250</height>
					<info>Container.ListItem(-1).Icon</info>
					<visible>Container.OnNext</visible>
					<animation effect="rotatey" center="220" start="0" end="-60" time="200" reversible="false">Hidden</animation>
				</control>
				<control type="image">
					<posx>370</posx>
					<posy>0</posy>
					<width>200</width>
					<height>250</height>
					<info>Container.ListItem(0).Icon</info>
					<visible>Container.OnNext</visible>
					<animation effect="rotatey" center="610" start="0" end="-60" time="200" reversible="false">Hidden</animation>
					<animation effect="rotatey" center="610" start="60" end="60" time="200" condition="true">Conditional</animation>
				</control>
			</control>
		</control>
		<control type="group" id="3002">
			<posy>175</posy>
			<camera x="360" y="288" />
			<visible>Control.IsVisible(54) + Container.OnPrevious</visible>
                        <animation effect="slide" end="50,0" time="200" reversible="false">Hidden</animation>
			<control type="image">
				<posx>-50</posx>
				<posy>0</posy>
				<width>200</width>
				<height>250</height>
				<info>Container.ListItem(-4).Icon</info>
				<animation effect="rotatey" center="-90" start="-60" end="-60" time="0" condition="true">Conditional</animation>
			</control>
			<control type="image">
				<posx>0</posx>
				<posy>0</posy>
				<width>200</width>
				<height>250</height>
				<info>Container.ListItem(-3).Icon</info>
				<animation effect="rotatey" center="-40" start="-60" end="-60" time="0" condition="true">Conditional</animation>
			</control>
			<control type="image">
				<posx>50</posx>
				<posy>0</posy>
				<width>200</width>
				<height>250</height>
				<info>Container.ListItem(-2).Icon</info>
				<animation effect="rotatey" center="10" start="-60" end="-60" time="0" condition="true">Conditional</animation>
			</control>
			<control type="image">
				<posx>100</posx>
				<posy>0</posy>
				<width>200</width>
				<height>250</height>
				<info>Container.ListItem(-1).Icon</info>
				<animation effect="rotatey" center="60" start="-60" end="-60" time="0" condition="true">Conditional</animation>
			</control>
			<control type="image">
				<posx>520</posx>
				<posy>0</posy>
				<width>200</width>
				<height>250</height>
				<info>Container.ListItem(5).Icon</info>
				<animation effect="rotatey" center="760" start="60" end="60" time="0" condition="true">Conditional</animation>
			</control>
			<control type="image">
				<posx>470</posx>
				<posy>0</posy>
				<width>200</width>
				<height>250</height>
				<info>Container.ListItem(4).Icon</info>
				<animation effect="rotatey" center="710" start="60" end="60" time="0" condition="true">Conditional</animation>
			</control>
			<control type="image">
				<posx>420</posx>
				<posy>0</posy>
				<width>200</width>
				<height>250</height>
				<info>Container.ListItem(3).Icon</info>
				<animation effect="rotatey" center="660" start="60" end="60" time="0" condition="true">Conditional</animation>
			</control>
			<control type="image">
				<posx>370</posx>
				<posy>0</posy>
				<width>200</width>
				<height>250</height>
				<info>Container.ListItem(2).Icon</info>
				<animation effect="rotatey" center="610" start="60" end="60" time="0" condition="true">Conditional</animation>
			</control>
			<control type="group">
				<visible>Control.IsVisible(54) + Container.OnPrevious</visible>
				<animation effect="slide" end="60,0" time="200" reversible="false">Hidden</animation>
				<control type="image">
					<posx>260</posx>
					<posy>0</posy>
					<width>200</width>
					<height>250</height>
					<info>Container.ListItem(1).Icon</info>
					<visible>Container.OnPrevious</visible>
					<animation effect="rotatey" center="500" start="0" end="60" time="200" reversible="false">Hidden</animation>
				</control>
				<control type="image">
					<posx>150</posx>
					<posy>0</posy>
					<width>200</width>
					<height>250</height>
					<info>Container.ListItem(0).Icon</info>
					<visible>Container.OnPrevious</visible>
					<animation effect="rotatey" center="110" start="0" end="60" time="200" reversible="false">Hidden</animation>
					<animation effect="rotatey" center="110" start="-60" end="-60" time="0" condition="true">Conditional</animation>
				</control>
			</control>
		</control>
		<control type="group" id="3000">
			<posy>175</posy>
			<camera x="360" y="288" />
			<visible>Control.IsVisible(54) + !Control.IsVisible(3001)  + !Control.IsVisible(3002)</visible>
			<control type="image">
				<posx>0</posx>
				<posy>0</posy>
				<width>200</width>
				<height>250</height>
				<info>Container.ListItem(-4).Icon</info>
				<animation effect="rotatey" center="-40" start="-60" end="-60" time="0" condition="true">Conditional</animation>
			</control>
			<control type="image">
				<posx>50</posx>
				<posy>0</posy>
				<width>200</width>
				<height>250</height>
				<info>Container.ListItem(-3).Icon</info>
				<animation effect="rotatey" center="10" start="-60" end="-60" time="0" condition="true">Conditional</animation>
			</control>
			<control type="image">
				<posx>100</posx>
				<posy>0</posy>
				<width>200</width>
				<height>250</height>
				<info>Container.ListItem(-2).Icon</info>
				<animation effect="rotatey" center="60" start="-60" end="-60" time="0" condition="true">Conditional</animation>
			</control>
			<control type="image">
				<posx>150</posx>
				<posy>0</posy>
				<width>200</width>
				<height>250</height>
				<info>Container.ListItem(-1).Icon</info>
				<animation effect="rotatey" center="110" start="-60" end="-60" time="0" condition="true">Conditional</animation>
			</control>
			<control type="image">
				<posx>520</posx>
				<posy>0</posy>
				<width>200</width>
				<height>250</height>
				<info>Container.ListItem(4).Icon</info>
				<animation effect="rotatey" center="760" start="60" end="60" time="0" condition="true">Conditional</animation>
			</control>
			<control type="image">
				<posx>470</posx>
				<posy>0</posy>
				<width>200</width>
				<height>250</height>
				<info>Container.ListItem(3).Icon</info>
				<animation effect="rotatey" center="710" start="60" end="60" time="0" condition="true">Conditional</animation>
			</control>
			<control type="image">
				<posx>420</posx>
				<posy>0</posy>
				<width>200</width>
				<height>250</height>
				<info>Container.ListItem(2).Icon</info>
				<animation effect="rotatey" center="660" start="60" end="60" time="0" condition="true">Conditional</animation>
			</control>
			<control type="image">
				<posx>370</posx>
				<posy>0</posy>
				<width>200</width>
				<height>250</height>
				<info>Container.ListItem(1).Icon</info>
				<animation effect="rotatey" center="610" start="60" end="60" time="0" condition="true">Conditional</animation>
			</control>

			<control type="image">
				<posx>260</posx>
				<posy>0</posy>
				<width>200</width>
				<height>250</height>
				<aspectratio>stretch</aspectratio>
				<visible>!Contol.HasFocus(54)</visible>
				<info>Container.ListItem(0).Icon</info>
			</control>
		</control>
		<control type="button">
			<posx>45</posx>
			<posy>435</posy>
			<width>16</width>
			<height>20</height>
			<onclick>PageUp(91)</onclick>
			<texturefocus>scrollbar_leftarrow.png</texturefocus>
			<texturenofocus>scrollbar_leftarrow.png</texturenofocus>
			<visible>Control.IsVisible(91)</visible>
		</control>
		<control type="button">
			<posx>659</posx>
			<posy>435</posy>
			<width>16</width>
			<height>20</height>
			<onclick>PageDown(91)</onclick>
			<texturefocus>scrollbar_rightarrow.png</texturefocus>
			<texturenofocus>scrollbar_rightarrow.png</texturenofocus>
			<visible>Control.IsVisible(91)</visible>
		</control>
		<control type="scrollbar" id="91">
			<posx>61</posx>
			<posy>435</posy>
			<width>598</width>
			<height>20</height>
			<texturesliderbackground border="2,2,2,2">scrollbar_background_horz.png</texturesliderbackground>
			<texturesliderbar border="6,2,6,2">scrollbar_nofocus_horz.png</texturesliderbar>
			<texturesliderbarfocus border="6,2,6,2">scrollbar_focus_horz.png</texturesliderbarfocus>
			<textureslidernib>-</textureslidernib>
			<textureslidernibfocus>-</textureslidernibfocus>
			<onleft>91</onleft>
			<onright>91</onright>
			<onup>54</onup>
			<ondown>9000</ondown>
			<showonepage>true</showonepage>
			<orientation>Horizontal</orientation>
			<visible>Control.IsVisible(54)</visible>
		</control>
		<control type="wraplist" id="54">
			<posx>-40</posx>
			<posy>175</posy>
			<width>760</width>
			<height>250</height>
			<onleft>54</onleft>
			<onright>54</onright>
			<onup>9000</onup>
			<ondown>91</ondown>
			<scrolltime>0</scrolltime>
			<viewtype label="Wrap List">wraplist</viewtype>
			<pagecontrol>91</pagecontrol> 
			<focusposition>3</focusposition>
			<orientation>horizontal</orientation>
			<include>Fade_Window_OpenClose_Animation</include>
			<itemlayout height="250" width="100">
			</itemlayout>
			<focusedlayout height="250"  width="200">
				<control type="image">
					<posx>0</posx>
					<posy>0</posy>
					<width>200</width>
					<height>250</height>
					<info>ListItem.Icon</info>
					<visible>!Control.IsVisible(3001)  + !Control.IsVisible(3002)</visible>
					<aspectratio>stretch</aspectratio>
				</control>
			</focusedlayout>
		</control>
		<control type="label">
			<posx>360</posx>
			<posy>465</posy>
			<height>16</height>
			<font>font14</font>
			<textcolor>yellow</textcolor>
			<selectedcolor>green</selectedcolor>
			<align>center</align>
			<scroll>true</scroll>
			<info>ListItem.Label</info>
			<visible>Control.IsVisible(54)</visible>
			<include>Fade_Window_OpenClose_Animation</include>
		</control>
		<control type="label">
			<posx>360</posx>
			<posy>495</posy>
			<height>16</height>
			<font>font13</font>
			<textcolor>white</textcolor>
			<selectedcolor>green</selectedcolor>
			<align>center</align>
			<scroll>true</scroll>
			<info>ListItem.Album</info>
			<visible>Control.IsVisible(54)</visible>
			<include>Fade_Window_OpenClose_Animation</include>
		</control>
	</include>
	<include name="VideoDVDViewLarge">
		<control type="panel" id="54">
			<posx>200</posx>
			<posy>80</posy>
			<width>465</width>
			<height>480</height>
			<onleft>9000</onleft>
			<onright>90</onright>
			<onup>54</onup>
			<ondown>54</ondown>
			<viewtype label="446">bigicon</viewtype>
			<scrolltime>200</scrolltime>
			<pagecontrol>90</pagecontrol>
			<include>Slide_From_Right_Animation</include>
			<itemlayout height="240" width="115">
				<control type="image">
					<width>108</width>
					<height>202</height>
					<posx>4</posx>
					<posy>5</posy>
					<texture border="10">folder-nofocus.png</texture>
				</control>
				<control type="image">
					<posx>8</posx>
					<posy>10</posy>
					<width>100</width>
					<height>190</height>
					<info>ListItem.Icon</info>
				</control>
				<control type="image">
					<posx>80</posx>
					<posy>170</posy>
					<width>32</width>
					<height>32</height>
					<info>ListItem.Overlay</info>
					<visible>![Skin.HasSetting(WatchedOverlays) + Window.IsActive(myvideolibrary)]</visible>
				</control>
				<control type="label">
					<posx>57</posx>
					<posy>206</posy>
					<width>108</width>
					<height>22</height>
					<font>font13</font>
					<selectedcolor>green</selectedcolor>
					<align>center</align>
					<info>ListItem.Label</info>
				</control>
			</itemlayout>
			<focusedlayout height="240" width="115">
				<control type="image">
					<width>108</width>
					<height>202</height>
					<posx>4</posx>
					<posy>5</posy>
					<texture border="10">folder-focus.png</texture>
					<animation effect="zoom" end="0,0,116,212" time="100">focus</animation>
				</control>
				<control type="image">
					<posx>8</posx>
					<posy>10</posy>
					<width>100</width>
					<height>190</height>
					<info>ListItem.Icon</info>
					<animation effect="zoom" end="5,5,108,200" time="100">focus</animation>
				</control>
				<control type="image">
					<posx>80</posx>
					<posy>170</posy>
					<width>32</width>
					<height>32</height>
					<info>ListItem.Overlay</info>
					<animation effect="slide" end="4,5" time="100">focus</animation>
					<visible>![Skin.HasSetting(WatchedOverlays) + Window.IsActive(myvideolibrary)]</visible>
				</control>
				<control type="label">
					<posx>57</posx>
					<posy>209</posy>
					<width>108</width>
					<height>22</height>
					<font>font13</font>
					<selectedcolor>green</selectedcolor>
					<align>center</align>
					<info>ListItem.Label</info>
				</control>
			</focusedlayout>
		</control>
	</include>
	<include name="VideoDVDWrapView">
		<control type="wraplist" id="55">
			<posx>200</posx>
			<posy>100</posy>
			<width>510</width>
			<height>455</height>
			<onleft>56</onleft>
			<onright>56</onright>
			<onup>9000</onup>
			<ondown>9000</ondown>
			<scrolltime>200</scrolltime>
			<viewtype label="DVD Wrap">wraplist</viewtype>
			<pagecontrol>-</pagecontrol>
			<orientation>horizontal</orientation>
			<focusposition>3</focusposition>
			<include>Slide_From_Right_Animation</include>
			<itemlayout height="300" width="104">
				<control type="image">
					<posx>-8</posx>
					<posy>70</posy>
					<width>100</width>
					<height>200</height>
					<info>ListItem.Icon</info>
					<aspectratio aligny="bottom">keep</aspectratio>
				</control>
				<control type="image">
					<posx>-8</posx>
					<posy>270</posy>
					<width>100</width>
					<height>200</height>
					<info>ListItem.Icon</info>
					<texture flipy="true" diffuse="diffuse_mirror2.png" /> 
					<aspectratio aligny="top">keep</aspectratio>
				</control>
				<control type="image">
					<posx>60</posx>
					<posy>245</posy>
					<width>32</width>
					<height>32</height>
					<info>ListItem.Overlay</info>
					<visible>![Skin.HasSetting(WatchedOverlays) + Window.IsActive(myvideolibrary)]</visible>
				</control>
			</itemlayout>
			<focusedlayout height="300" width="120">
				<control type="image">
					<posx>0</posx>
					<posy>70</posy>
					<width>100</width>
					<height>200</height>
					<info>ListItem.Icon</info>
					<aspectratio aligny="bottom">keep</aspectratio>
					<animation effect="zoom" end="-25,0,150,300" time="150">focus</animation>
				</control>
				<control type="image">
					<posx>0</posx>
					<posy>270</posy>
					<width>100</width>
					<height>200</height>
					<info>ListItem.Icon</info>
					<texture flipy="true" diffuse="diffuse_mirror2.png" /> 
					<aspectratio aligny="top">keep</aspectratio>
					<animation effect="zoom" end="-25,300,150,300" time="150">focus</animation>
				</control>
				<control type="image">
					<posx>60</posx>
					<posy>205</posy>
					<width>32</width>
					<height>32</height>
					<info>ListItem.Overlay</info>
					<animation effect="slide" end="30,20" time="100">focus</animation>
					<visible>![Skin.HasSetting(WatchedOverlays) + Window.IsActive(myvideolibrary)]</visible>
				</control>
			</focusedlayout>
		</control>
		<control type="label">
			<posx>220</posx>
			<posy>415</posy>
			<width>430</width>
			<height>16</height>
			<font>special13</font>
			<scroll>true</scroll>
			<info>ListItem.Label</info>
			<textcolor>yellow</textcolor>
			<visible>Control.IsVisible(55)</visible>
			<include>Slide_From_Right_Animation</include>
		</control>
		<control type="label">
			<posx>220</posx>
			<posy>442</posy>
			<width>430</width>
			<height>16</height>
			<font>font13</font>
			<textcolor>white</textcolor>
			<scroll>true</scroll>
			<label>$INFO[ListItem.Size ,$LOCALIZE[553]: ]</label>
			<visible>Control.IsVisible(55) + !Window.IsVisible(25)</visible>
			<include>Slide_From_Right_Animation</include>
		</control>
		<control type="label">
			<posx>220</posx>
			<posy>467</posy>
			<width>430</width>
			<height>16</height>
			<font>font13</font>
			<textcolor>white</textcolor>
			<scroll>true</scroll>
			<label>$INFO[ListItem.Date ,$LOCALIZE[552]: ]</label>
			<visible>Control.IsVisible(55) + !Window.IsVisible(25)</visible>
			<include>Slide_From_Right_Animation</include>
		</control>
		<control type="label">
			<posx>220</posx>
			<posy>440</posy>
			<width>430</width>
			<height>16</height>
			<font>font13</font>
			<textcolor>white</textcolor>
			<scroll>true</scroll>
			<label>$INFO[ListItem.Director ,$LOCALIZE[20339]: ]</label>
			<visible>Control.IsVisible(55) + Window.IsVisible(25)</visible>
			<include>Slide_From_Right_Animation</include>
		</control>
		<control type="label">
			<posx>220</posx>
			<posy>460</posy>
			<width>340</width>
			<height>16</height>
			<font>font13</font>
			<textcolor>white</textcolor>
			<scroll>true</scroll>
			<label>$INFO[ListItem.Genre ,$LOCALIZE[515]: ]</label>
			<visible>Control.IsVisible(55) + Window.IsVisible(25)</visible>
			<include>Slide_From_Right_Animation</include>
		</control>
		<control type="label">
			<posx>220</posx>
			<posy>480</posy>
			<width>350</width>
			<height>16</height>
			<font>font13</font>
			<textcolor>white</textcolor>
			<scroll>true</scroll>
			<label>$INFO[ListItem.Year ,$LOCALIZE[562]: ]</label>
			<visible>Control.IsVisible(55) + Window.IsVisible(25)</visible>
			<include>Slide_From_Right_Animation</include>
		</control>
		<control type="label">
			<posx>650</posx>
			<posy>480</posy>
			<width>300</width>
			<height>16</height>
			<font>font13</font>
			<textcolor>white</textcolor>
			<scroll>true</scroll>
			<align>right</align>
			<label>$INFO[ListItem.Rating ,IMDB $LOCALIZE[563]: ]</label>
			<visible>Control.IsVisible(55) + Window.IsVisible(25)</visible>
			<include>Slide_From_Right_Animation</include>
		</control>
	</include>
	<include name="WideIcon_Small">
		<control type="panel" id="56">
			<posx>203</posx>
			<posy>118</posy>
			<width>460</width>
			<height>400</height>
			<onleft>9000</onleft>
			<onright>90</onright>
			<onup>56</onup>
			<ondown>56</ondown>
			<viewtype label="539">wide</viewtype>
			<scrolltime>200</scrolltime>
			<pagecontrol>90</pagecontrol>
			<include>Slide_From_Right_Animation</include>
			<itemlayout height="100" width="230">
				<control type="image">
					<width>225</width>
					<height>95</height>
					<posx>0</posx>
					<posy>0</posy>
					<texture border="10,10,10,15">WideIconNF.png</texture>
				</control>
				<control type="image">
					<posx>5</posx>
					<posy>4</posy>
					<width>215</width>
					<height>70</height>
					<info>ListItem.Icon</info>
				</control>
				<control type="label">
					<posx>8</posx>
					<posy>71</posy>
					<width>200</width>
					<height>16</height>
					<font>font13</font>
					<selectedcolor>green</selectedcolor>
					<scroll>true</scroll>
					<info>ListItem.Label</info>
				</control>
				<control type="image">
					<posx>195</posx>
					<posy>55</posy>
					<width>26</width>
					<height>32</height>
					<info>ListItem.Overlay</info>
				</control>
			</itemlayout>
			<focusedlayout height="100" width="230">
				<control type="image">
					<width>225</width>
					<height>95</height>
					<posx>0</posx>
					<posy>0</posy>
					<texture border="10,10,10,15">WideIcon.png</texture>
				</control>
				<control type="image">
					<posx>5</posx>
					<posy>4</posy>
					<width>215</width>
					<height>70</height>
					<info>ListItem.Icon</info>
				</control>
				<control type="label">
					<posx>8</posx>
					<posy>71</posy>
					<width>200</width>
					<height>16</height>
					<font>font13</font>
					<selectedcolor>green</selectedcolor>
					<scroll>true</scroll>
					<info>ListItem.Label</info>
				</control>
				<control type="image">
					<posx>195</posx>
					<posy>55</posy>
					<width>26</width>
					<height>32</height>
					<info>ListItem.Overlay</info>
				</control>
			</focusedlayout>
		</control>
	</include>
	<include name="WideIcon_Big">
		<control type="list" id="57">
			<posx>205</posx>
			<posy>110</posy>
			<width>460</width>
			<height>405</height>
			<onleft>9000</onleft>
			<onright>90</onright>
			<onup>57</onup>
			<ondown>57</ondown>
			<viewtype label="540">bigwide</viewtype>
			<scrolltime>200</scrolltime>
			<pagecontrol>90</pagecontrol>
			<include>Slide_From_Right_Animation</include>
			<itemlayout height="135">
				<control type="image">
					<width>450</width>
					<height>133</height>
					<posx>0</posx>
					<posy>0</posy>
					<texture border="10,10,10,15">WideIconNF.png</texture>
				</control>
				<control type="image">
					<posx>5</posx>
					<posy>5</posy>
					<width>440</width>
					<height>100</height>
					<info>ListItem.Icon</info>
				</control>
				<control type="image">
					<posx>410</posx>
					<posy>80</posy>
					<width>32</width>
					<height>32</height>
					<info>ListItem.Overlay</info>
				</control>
				<control type="label">
					<posx>10</posx>
					<posy>108</posy>
					<width>410</width>
					<height>16</height>
					<font>font13</font>
					<selectedcolor>green</selectedcolor>
					<scroll>true</scroll>
					<info>ListItem.Label</info>
				</control>
				<control type="label">
					<posx>440</posx>
					<posy>108</posy>
					<width>350</width>
					<height>16</height>
					<font>font13</font>
					<align>right</align>
					<selectedcolor>green</selectedcolor>
					<info>ListItem.Label2</info>
				</control>
			</itemlayout>
			<focusedlayout height="135">
				<control type="image">
					<width>450</width>
					<height>133</height>
					<posx>0</posx>
					<posy>0</posy>
					<texture border="10,10,10,15">WideIcon.png</texture>
					<visible>Control.HasFocus(57)</visible>
				</control>
				<control type="image">
					<width>450</width>
					<height>133</height>
					<posx>0</posx>
					<posy>0</posy>
					<texture border="10,10,10,15">WideIconNF.png</texture>
					<visible>!Control.HasFocus(57)</visible>
				</control>
				<control type="image">
					<posx>5</posx>
					<posy>5</posy>
					<width>440</width>
					<height>100</height>
					<info>ListItem.Icon</info>
				</control>
				<control type="image">
					<posx>410</posx>
					<posy>80</posy>
					<width>32</width>
					<height>32</height>
					<info>ListItem.Overlay</info>
				</control>
				<control type="label">
					<posx>10</posx>
					<posy>108</posy>
					<width>410</width>
					<height>16</height>
					<font>font13</font>
					<selectedcolor>green</selectedcolor>
					<info>ListItem.Label</info>
				</control>
				<control type="label">
					<posx>440</posx>
					<posy>108</posy>
					<width>350</width>
					<height>16</height>
					<font>font13</font>
					<align>right</align>
					<selectedcolor>green</selectedcolor>
					<info>ListItem.Label2</info>
				</control>
			</focusedlayout>
		</control>
	</include>
	<include name="VideoLibrary_WideIcon_Small">
		<control type="list" id="56">
			<posx>200</posx>
			<posy>120</posy>
			<width>230</width>
			<height>400</height>
			<onleft>9000</onleft>
			<onright>91</onright>
			<onup>56</onup>
			<ondown>56</ondown>
			<viewtype label="$LOCALIZE[20060]">wide</viewtype>
			<scrolltime>200</scrolltime>
			<pagecontrol>91</pagecontrol>
			<include>Slide_From_Right_Animation</include>
			<itemlayout height="100" width="230">
				<control type="image">
					<width>225</width>
					<height>90</height>
					<posx>0</posx>
					<posy>0</posy>
					<texture border="10,10,10,15">WideIconNF.png</texture>
				</control>
				<control type="image">
					<posx>5</posx>
					<posy>3</posy>
					<width>215</width>
					<height>65</height>
					<info>ListItem.Icon</info>
					<visible>container.content(tvshows)</visible>
				</control>
				<control type="label">
					<posx>8</posx>
					<posy>69</posy>
					<width>200</width>
					<height>16</height>
					<font>font13</font>
					<selectedcolor>green</selectedcolor>
					<scroll>true</scroll>
					<aligny>center</aligny>
					<info>ListItem.Label</info>
				</control>
				<control type="image">
					<posx>190</posx>
					<posy>55</posy>
					<width>32</width>
					<height>32</height>
					<info>ListItem.Overlay</info>
				</control>
				<control type="image">
					<posx>5</posx>
					<posy>3</posy>
					<width>70</width>
					<height>65</height>
					<info>ListItem.Icon</info>
					<visible>!container.content(tvshows)</visible>
				</control>
				<control type="label">
					<posx>80</posx>
					<posy>10</posy>
					<width>145</width>
					<height>16</height>
					<font>font12</font>
					<textcolor>grey</textcolor>
					<selectedcolor>green</selectedcolor>
					<scroll>true</scroll>
					<label>$INFO[ListItem.Year ,$LOCALIZE[562]: ]</label>
					<aligny>center</aligny>
					<visible>container.content(movies)</visible>
				</control>
				<control type="label">
					<posx>80</posx>
					<posy>35</posy>
					<width>145</width>
					<height>16</height>
					<font>font12</font>
					<textcolor>grey</textcolor>
					<selectedcolor>green</selectedcolor>
					<scroll>true</scroll>
					<label>$INFO[ListItem.Rating ,$LOCALIZE[563]: ]</label>
					<aligny>center</aligny>
					<visible>container.content(movies)</visible>
				</control>
				<control type="label">
					<posx>80</posx>
					<posy>10</posy>
					<width>145</width>
					<height>16</height>
					<font>font12</font>
					<textcolor>grey</textcolor>
					<selectedcolor>green</selectedcolor>
					<scroll>true</scroll>
					<label>$INFO[ListItem.Season ,Season : ]</label>
					<aligny>center</aligny>
					<visible>container.content(episodes)</visible>
				</control>
				<control type="label">
					<posx>80</posx>
					<posy>35</posy>
					<width>145</width>
					<height>16</height>
					<font>font12</font>
					<textcolor>grey</textcolor>
					<selectedcolor>green</selectedcolor>
					<scroll>true</scroll>
					<label>$INFO[ListItem.episode ,$LOCALIZE[20359] : ]</label>
					<aligny>center</aligny>
					<visible>container.content(episodes)</visible>
				</control>
			</itemlayout>
			<focusedlayout height="100" width="230">
				<control type="image">
					<width>225</width>
					<height>90</height>
					<posx>0</posx>
					<posy>0</posy>
					<visible>!Control.HasFocus(56)</visible>
					<texture border="10,10,10,15">WideIconNF.png</texture>
				</control>
				<control type="image">
					<width>225</width>
					<height>90</height>
					<posx>0</posx>
					<posy>0</posy>
					<visible>Control.HasFocus(56)</visible>
					<texture border="10,10,10,15">WideIcon.png</texture>
				</control>
				<control type="image">
					<posx>5</posx>
					<posy>3</posy>
					<width>215</width>
					<height>65</height>
					<info>ListItem.Icon</info>
					<visible>container.content(tvshows)</visible>
				</control>
				<control type="image">
					<posx>5</posx>
					<posy>3</posy>
					<width>215</width>
					<height>65</height>
					<info>ListItem.Icon</info>
					<visible>container.content(tvshows)</visible>
				</control>
				<control type="label">
					<posx>8</posx>
					<posy>69</posy>
					<width>200</width>
					<height>16</height>
					<font>font13</font>
					<selectedcolor>green</selectedcolor>
					<scroll>true</scroll>
					<aligny>center</aligny>
					<info>ListItem.Label</info>
				</control>
				<control type="image">
					<posx>190</posx>
					<posy>55</posy>
					<width>32</width>
					<height>32</height>
					<info>ListItem.Overlay</info>
				</control>
				<control type="image">
					<posx>5</posx>
					<posy>3</posy>
					<width>70</width>
					<height>65</height>
					<info>ListItem.Icon</info>
					<visible>!container.content(tvshows)</visible>
				</control>
				<control type="label">
					<posx>80</posx>
					<posy>10</posy>
					<width>145</width>
					<height>16</height>
					<font>font13</font>
					<textcolor>grey</textcolor>
					<selectedcolor>green</selectedcolor>
					<scroll>true</scroll>
					<label>$INFO[ListItem.Year ,$LOCALIZE[562]: ]</label>
					<aligny>center</aligny>
					<visible>container.content(movies)</visible>
				</control>
				<control type="label">
					<posx>80</posx>
					<posy>35</posy>
					<width>145</width>
					<height>16</height>
					<font>font13</font>
					<textcolor>grey</textcolor>
					<selectedcolor>green</selectedcolor>
					<scroll>true</scroll>
					<label>$INFO[ListItem.Rating ,$LOCALIZE[563]: ]</label>
					<aligny>center</aligny>
					<visible>container.content(movies)</visible>
				</control>
				<control type="label">
					<posx>80</posx>
					<posy>10</posy>
					<width>145</width>
					<height>16</height>
					<font>font12</font>
					<textcolor>grey</textcolor>
					<selectedcolor>green</selectedcolor>
					<scroll>true</scroll>
					<label>$INFO[ListItem.Season ,Season : ]</label>
					<aligny>center</aligny>
					<visible>container.content(episodes)</visible>
				</control>
				<control type="label">
					<posx>80</posx>
					<posy>35</posy>
					<width>145</width>
					<height>16</height>
					<font>font12</font>
					<textcolor>grey</textcolor>
					<selectedcolor>green</selectedcolor>
					<scroll>true</scroll>
					<label>$INFO[ListItem.episode ,$LOCALIZE[20359] : ]</label>
					<aligny>center</aligny>
					<visible>container.content(episodes)</visible>
				</control>
			</focusedlayout>
		</control>
		<control type="image" id="1">
			<posx>445</posx>
			<posy>95</posy>
			<width>215</width>
			<height>435</height>
			<texture>setback.png</texture>
			<include>Slide_From_Right_Animation</include>
			<visible>Control.IsVisible(56)</visible>
		</control>
		<control type="label">
			<posx>460</posx>
			<posy>125</posy>
			<width>173</width>
			<height>424</height>
			<font>font13</font>
			<scroll>true</scroll>
			<label>$INFO[ListItem.Label]</label>
			<include>Slide_From_Right_Animation</include>
			<visible>Control.IsVisible(56)</visible>
		</control>
		<control type="label">
			<posx>460</posx>
			<posy>150</posy>
			<width>173</width>
			<height>424</height>
			<font>font12</font>
			<label>$INFO[ListItem.Season ,Season ] $INFO[ListItem.episode,$LOCALIZE[20359] ]</label>
			<include>Slide_From_Right_Animation</include>
			<visible>Control.IsVisible(56) + container.content(episodes)</visible>
		</control>
		<control type="label">
			<posx>460</posx>
			<posy>150</posy>
			<width>173</width>
			<height>424</height>
			<font>font13</font>
			<label>$INFO[ListItem.episode,$LOCALIZE[20360] ]</label>
			<include>Slide_From_Right_Animation</include>
			<visible>Control.IsVisible(56) + container.content(tvshows)</visible>
		</control>
		<control type="label">
			<posx>460</posx>
			<posy>150</posy>
			<width>173</width>
			<height>424</height>
			<font>font13</font>
			<label>$INFO[ListItem.genre]</label>
			<scroll>true</scroll>
			<include>Slide_From_Right_Animation</include>
			<visible>Control.IsVisible(56) + container.content(movies)</visible>
		</control>
		<control type="textbox">
			<posx>460</posx>
			<posy>178</posy>
			<width>175</width>
			<height>320</height>
			<font>font12</font>
			<pagecontrol>92</pagecontrol>
			<label>$INFO[ListItem.Plot]</label>
			<include>Slide_From_Right_Animation</include>
			<visible>Control.IsVisible(56)</visible>
		</control>
		<control type="group">
			<visible>Control.IsVisible(56)</visible>
			<include>Slide_From_Right_Animation</include>
			<control type="image">
				<posx>430</posx>
				<posy>120</posy>
				<width>16</width>
				<height>20</height>
				<texture>scrollbar_uparrow.png</texture>
				<visible>Control.IsVisible(91)</visible>
			</control>
			<control type="image">
				<posx>430</posx>
				<posy>484</posy>
				<width>16</width>
				<height>20</height>
				<texture>scrollbar_downarrow.png</texture>
				<visible>Control.IsVisible(91)</visible>
			</control>
			<control type="scrollbar" id="91">
				<posx>430</posx>
				<posy>140</posy>
				<width>16</width>
				<height>344</height>
				<texturesliderbackground border="2,0,2,0">scrollbar_background.png</texturesliderbackground>
				<texturesliderbar border="2,6,2,6">scrollbar_nofocus.png</texturesliderbar>
				<texturesliderbarfocus border="2,5,2,5">scrollbar_focus.png</texturesliderbarfocus>
				<textureslidernib>-</textureslidernib>
				<textureslidernibfocus>-</textureslidernibfocus>
				<onleft>50</onleft>
				<onright>92</onright>
				<onup>91</onup>
				<ondown>91</ondown>
				<showonepage>false</showonepage>
				<orientation>vertical</orientation>
			</control>
		</control>
		<control type="group">
			<visible>Control.IsVisible(56)</visible>
			<include>Slide_From_Right_Animation</include>
			<control type="image">
				<posx>664</posx>
				<posy>120</posy>
				<width>16</width>
				<height>20</height>
				<texture>scrollbar_uparrow.png</texture>
				<visible>Control.IsVisible(92)</visible>
			</control>
			<control type="image">
				<posx>664</posx>
				<posy>484</posy>
				<width>16</width>
				<height>20</height>
				<texture>scrollbar_downarrow.png</texture>
				<visible>Control.IsVisible(92)</visible>
			</control>
			<control type="scrollbar" id="92">
				<posx>664</posx>
				<posy>140</posy>
				<width>16</width>
				<height>344</height>
				<texturesliderbackground border="2,0,2,0">scrollbar_background.png</texturesliderbackground>
				<texturesliderbar border="2,6,2,6">scrollbar_nofocus.png</texturesliderbar>
				<texturesliderbarfocus border="2,5,2,5">scrollbar_focus.png</texturesliderbarfocus>
				<textureslidernib>-</textureslidernib>
				<textureslidernibfocus>-</textureslidernibfocus>
				<onleft>91</onleft>
				<onright>9000</onright>
				<onup>92</onup>
				<ondown>92</ondown>
				<showonepage>false</showonepage>
				<orientation>vertical</orientation>
			</control>
		</control>
	</include>
	<include name="GameSave_ListView">
		<control type="fixedlist" id="50">
			<posx>195</posx>
			<posy>0</posy>
			<width>480</width>
			<height>576</height>
			<onleft>9000</onleft>
			<onright>9000</onright>
			<onup>20000</onup>
			<ondown>20000</ondown>
			<viewtype label="535">list</viewtype>
			<scrolltime>200</scrolltime>
			<pagecontrol>-</pagecontrol>
			<include>Slide_From_Right_Animation</include>
			<focusposition>1</focusposition>
			<itemlayout height="105">
				<control type="image">
					<width>384</width>
					<height>128</height>
					<posx>0</posx>
					<posy>-15</posy>
					<texture>Gamesave_List.png</texture>
				</control>
				<control type="image">
					<posx>12</posx>
					<posy>4</posy>
					<width>70</width>
					<height>96</height>
					<aspectratio>stretch</aspectratio>
					<colordiffuse>55FFFFFF</colordiffuse>
					<texture diffuse="GameSave_Diffuse.png" /> 
					<info>ListItem.Icon</info>
				</control>
				<control type="label">
					<posx>90</posx>
					<posy>15</posy>
					<width>260</width>
					<height>22</height>
					<font>font14</font>
					<align>left</align>
					<textcolor>white</textcolor>
					<selectedcolor>green</selectedcolor>
					<info>ListItem.Label</info>
				</control>
				<control type="label">
					<posx>350</posx>
					<posy>70</posy>
					<width>260</width>
					<height>22</height>
					<font>font12</font>
					<align>right</align>
					<textcolor>white</textcolor>
					<selectedcolor>green</selectedcolor>
					<info>ListItem.Label2</info>
				</control>
			</itemlayout>
			<focusedlayout height="105">
				<control type="image">
					<width>384</width>
					<height>128</height>
					<posx>0</posx>
					<posy>-15</posy>
					<texture>Gamesave_List_Focus.png</texture>
					<visible>Control.HasFocus(50)</visible>
				</control>
				<control type="image">
					<width>384</width>
					<height>128</height>
					<posx>0</posx>
					<posy>-15</posy>
					<texture>Gamesave_List_Focus.png</texture>
					<visible>!Control.HasFocus(50)</visible>
				</control>
				<control type="image">
					<posx>12</posx>
					<posy>4</posy>
					<width>70</width>
					<height>96</height>
					<aspectratio>stretch</aspectratio>
					<texture diffuse="GameSave_Diffuse.png" /> 
					<info>ListItem.Icon</info>
				</control>
				<control type="label">
					<posx>90</posx>
					<posy>15</posy>
					<width>260</width>
					<height>22</height>
					<font>font14</font>
					<align>left</align>
					<textcolor>white</textcolor>
					<selectedcolor>green</selectedcolor>
					<info>ListItem.Label</info>
				</control>
				<control type="label">
					<posx>350</posx>
					<posy>70</posy>
					<width>260</width>
					<height>22</height>
					<font>font12</font>
					<align>right</align>
					<textcolor>white</textcolor>
					<selectedcolor>green</selectedcolor>
					<info>ListItem.Label2</info>
				</control>
			</focusedlayout>
		</control>
	</include>
	<include name="AllCommonPageControls">
		<control type="group">
			<include>Slide_From_Right_Animation</include>
			<control type="button">
				<posx>664</posx>
				<posy>120</posy>
				<width>16</width>
				<height>20</height>
				<onclick>PageUp(90)</onclick>
				<texturefocus>scrollbar_uparrow.png</texturefocus>
				<texturenofocus>scrollbar_uparrow.png</texturenofocus>
				<visible>Control.IsVisible(90)</visible>
			</control>
			<control type="button">
				<posx>664</posx>
				<posy>484</posy>
				<width>16</width>
				<height>20</height>
				<onclick>PageDown(90)</onclick>
				<texturefocus>scrollbar_downarrow.png</texturefocus>
				<texturenofocus>scrollbar_downarrow.png</texturenofocus>
				<visible>Control.IsVisible(90)</visible>
			</control>
			<control type="scrollbar" id="90">
				<posx>664</posx>
				<posy>140</posy>
				<width>16</width>
				<height>344</height>
				<texturesliderbackground border="2,0,2,0">scrollbar_background.png</texturesliderbackground>
				<texturesliderbar border="2,6,2,6">scrollbar_nofocus.png</texturesliderbar>
				<texturesliderbarfocus border="2,5,2,5">scrollbar_focus.png</texturesliderbarfocus>
				<textureslidernib>-</textureslidernib>
				<textureslidernibfocus>-</textureslidernibfocus>
				<onleft>50</onleft>
				<onright>9000</onright>
				<onup>90</onup>
				<ondown>90</ondown>
				<showonepage>false</showonepage>
				<orientation>vertical</orientation>
				<visible>![Window.IsVisible(501) + Control.IsVisible(54)] + ![Window.IsVisible(myvideofiles) + Control.IsVisible(55)] + ![Window.IsVisible(myvideolibrary) + Control.IsVisible(55)] + ![Window.IsVisible(myvideolibrary) + Control.IsVisible(56)]</visible>
				<visible>![Window.IsActive(mymusicfiles) + Control.IsVisible(57)]</visible>
				<visible>![Window.IsActive(mymusiclibrary) + Control.IsVisible(57)]</visible>
				<visible>![Window.IsActive(mymusicplaylist) + Control.IsVisible(57)]</visible>
			</control>
		</control>
	</include>
</includes>
