<window id="126">
	<defaultcontrol alwyays="true">450</defaultcontrol>
	<allowoverlay>no</allowoverlay>
	<include>Fade_Dialog_OpenClose_Animation</include>
	<coordinates>
		<system>1</system>
		<posx>140</posx>
		<posy>140</posy>
	</coordinates>
	<controls>
		<control type="group">
			<posx>-50</posx>
			<posy>-50</posy>
			<include>Dialog_Background</include>
		</control>
		<control type="group">
			<include>Dialog_Content_Animation</include>
			<control type="label" id="411">
				<description>Heading Label</description>
				<posx>10</posx>
				<posy>0</posy>
				<width>420</width>
				<align>left</align>
				<label>1023</label>
				<font>font14</font>
				<textcolor>yellow</textcolor>
				<shadowcolor>black</shadowcolor>
			</control>
			<control type="label" id="412">
				<description>path label</description>
				<posx>5</posx>
				<posy>35</posy>
				<width>420</width>
				<haspath>true</haspath>
				<font>font12</font>
				<label>1021</label>
			</control>
			<control type="listcontrol" id="450">
				<description>listcontrol</description>
				<posx>5</posx>
				<posy>65</posy>
				<width>365</width>
				<height>290</height>
				<onleft>413</onleft>
				<onright>413</onright>
				<onup>450</onup>
				<ondown>450</ondown>
			</control>
			<control type="thumbnailpanel" id="451">
				<description>thumbnailpanel</description>
				<posx>5</posx>
				<posy>60</posy>
				<width>365</width>
				<height>290</height>
				<itemwidth>90</itemwidth>
				<itemheight>135</itemheight>
				<texturewidth>77</texturewidth>
				<textureheight>90</textureheight>
				<thumbwidth>68</thumbwidth>
				<thumbheight>80</thumbheight>
				<onleft>413</onleft>
				<onright>413</onright>
				<onup>451</onup>
				<ondown>451</ondown>
			</control>
			<control type="group">
				<control type="button" id="413">
					<description>OK button</description>
					<posx>375</posx>
					<posy>65</posy>
					<width>90</width>
					<font>font12</font>
					<align>center</align>
					<label>186</label>
					<onleft>450</onleft>
					<onright>414</onright>
					<onup>415</onup>
					<ondown>414</ondown>
				</control>
				<control type="button" id="414">
					<description>Cancel button</description>
					<posx>375</posx>
					<posy>105</posy>
					<width>90</width>
					<font>font12</font>
					<align>center</align>
					<label>222</label>
					<onleft>450</onleft>
					<onright>450</onright>
					<onup>413</onup>
					<ondown>415</ondown>
				</control>
				<control type="button" id="415">
					<description>Create folder button</description>
					<posx>375</posx>
					<posy>145</posy>
					<width>90</width>
					<font>font12</font>
					<align>center</align>
					<label>119</label>
					<onleft>450</onleft>
					<onright>450</onright>
					<onup>414</onup>
					<ondown>413</ondown>
				</control>
			</control>
		</control>
	</controls>
</window>