﻿<window id="3">
	<defaultcontrol>20</defaultcontrol>
	<allowoverlay>no</allowoverlay>
	<controls>
		<control type="visualisation">
			<description>visualisation</description>
			<posx>0</posx>
			<posy>0</posy>
			<width>720</width>
			<height>576</height>
			<visible>Skin.HasSetting(VisBackground)</visible>
		</control>
		<control type="image" id="1">
			<description>background image</description>
			<width>720</width>
			<height>576</height>
			<texture>background.png</texture>
		</control>
		<control type="fadelabel" id="101">
			<description>current directory text label left</description>
			<align>left</align>
			<posx>90</posx>
			<posy>65</posy>
			<width>270</width>
			<font>font13</font>
			<textcolor>green</textcolor>
			<include>Slide_From_Right_Animation</include>
		</control>
		<control type="fadelabel" id="102">
			<description>current directory text label right</description>
			<align>left</align>
			<posx>380</posx>
			<posy>65</posy>
			<width>270</width>
			<font>font13</font>
			<textcolor>green</textcolor>
			<include>Slide_From_Right_Animation</include>
		</control>
		<control type="label" id="12">
			<description>number of files in left list text label</description>
			<posx>90</posx>
			<posy>484</posy>
			<label>-</label>
			<font>font13</font>
			<textcolor>green</textcolor>
			<include>Slide_From_Right_Animation</include>
		</control>
		<control type="label" id="13">
			<description>number of files in right list text label</description>
			<posx>380</posx>
			<posy>484</posy>
			<label>-</label>
			<font>font13</font>
			<textcolor>green</textcolor>
			<include>Slide_From_Right_Animation</include>
		</control>
		<control type="listcontrol" id="20">
			<description>left file list</description>
			<selectedcolor>green</selectedcolor>
			<posx>80</posx>
			<posy>102</posy>
			<width>280</width>
			<height>400</height>
			<onleft>21</onleft>
			<onright>21</onright>
			<onup>20</onup>
			<ondown>20</ondown>
			<include>Slide_From_Right_Animation</include>
		</control>
		<control type="listcontrol" id="21">
			<description>right file list</description>
			<selectedcolor>green</selectedcolor>
			<posx>368</posx>
			<posy>102</posy>
			<width>280</width>
			<height>400</height>
			<onleft>20</onleft>
			<onright>20</onright>
			<onup>21</onup>
			<ondown>21</ondown>
			<include>Slide_From_Right_Animation</include>
		</control>
		<control type="image" id="1">
			<description>filemanager background image</description>
			<width>720</width>
			<height>576</height>
			<texture>filemanager.png</texture>
			<include>Slide_From_Right_Animation</include>
		</control>
	</controls>
</window>