<colors>

	<!-- Organized -->

	<color name="InfoPaneHeaderColor">ff0072bc</color>
	<color name="InfoPaneDetailsColor">ffffffff</color>
	
	<color name="MediaInfoHeaderColor">ff0072bc</color>
	<color name="MediaInfoDetailsColor">ffffffff</color>
	
	<color name="InfoDialogHeaderColor">ff0072bc</color>
	<color name="InfoDialogDetailsColor">ff626262</color>
	
	<color name="ListLabelUnfocusedColor">ffffffff</color>
	<color name="ListLabelFocusedColor">ffffffff</color>
	<color name="ListLabel2UnfocusedColor">ff0072bc</color>
	<color name="ListLabel2FocusedColor">ff0072bc</color>
	
	<color name="ButtonColor">ffbcbcbc</color>
	<color name="ButtonFocusColor">ffffffff</color>
	
	<color name="MenuBarLabelUnfocusedColor">ff626262</color>
	<color name="MenuBarLabelFocusColor">ffffffff</color>
	
	<color name="MenuItemColor">ffffffff</color>
	<color name="MenuItemFocusColor">ffffffff</color>
	
	<color name="SelectedColor">ff0072bc</color>
	<color name="DisabledColor">ff5f5f5f</color>

	<color name="Gray">ff626262</color>
	<color name="BreadCrumbColor">ff5F5F5F</color>
	<color name="BreadCrumbColor2">ff6F6F6F</color>
	<color name="ScreenCalibrationColor">ffffffff</color>
	<color name="DialogTitleColor">ff0072bc</color>
	<color name="TopBarStatusColor">ff626262</color>
	<color name="TopBarStatusColor2">ff0072bc</color>
	<color name="LoginScreenInfoSeparatorColor">ff6F6F6F</color>
	<color name="PartyModeLabelColor">ffed6464</color>
	<color name="ProgressLabelColor">ffffffff</color>
	
	<!-- Original Mess -->
	
	

	
	<color name="SelectedColor2">fff77a1d</color>
	<color name="DisabledColor">ff5f5f5f</color>
	<color name="MediaInfoHeadColor">ff0072bc</color>
	<color name="MediaInfoHeadColor2">ff0072bc</color>
	<color name="MediaInfoItemColor">ff0072bc</color>
	<color name="MediaInfoItemColor2">ffdbdbdb</color>
	<color name="MediaInfoContentColor">ffffffff</color>
	
	<!-- Named Colors -->
	
	<color name="White">ffffffff</color>
	<color name="Grey">ff626262</color>
	<color name="ThemeColor">ff0072bc</color>  <!--This is the main theme color, blue in original Rapier -->
	<color name="DefaultColor">ffffffff</color>
	<color name="ShadowColor">ff000000</color>
	<color name="ThemeColor2">ff98DAFA</color>  <!--Slightly lighter colour than theme color default light blue -->
	
	
</colors>