<colors>

	<!-- Organized -->

	<color name="InfoPaneHeaderColor">ffc8e074</color>
	<color name="InfoPaneDetailsColor">ffffffff</color>
	
	<color name="MediaInfoHeaderColor">ffc8e074</color>
	<color name="MediaInfoDetailsColor">ffffffff</color>
	
	<color name="InfoDialogHeaderColor">ffc8e074</color>
	<color name="InfoDialogDetailsColor">ff626262</color>
	
	<color name="ListLabelUnfocusedColor">ffffffff</color>
	<color name="ListLabelFocusedColor">ffffffff</color>
	<color name="ListLabel2UnfocusedColor">ffc8e074</color>
	<color name="ListLabel2FocusedColor">ffc8e074</color>
	
	<color name="ButtonColor">ffbcbcbc</color>
	<color name="ButtonFocusColor">ffffffff</color>
	
	<color name="MenuBarLabelUnfocusedColor">ff626262</color>
	<color name="MenuBarLabelFocusColor">ffffffff</color>
	
	<color name="MenuItemColor">ffffffff</color>
	<color name="MenuItemFocusColor">ffffffff</color>
	
	<color name="SelectedColor">ffc8e074</color>
	<color name="DisabledColor">ff5f5f5f</color>

	<color name="Gray">ff626262</color>
	<color name="BreadCrumbColor">ff5F5F5F</color>
	<color name="BreadCrumbColor2">ff6F6F6F</color>
	<color name="ScreenCalibrationColor">ffffffff</color>
	<color name="DialogTitleColor">ffc8e074</color>
	<color name="TopBarStatusColor">ff626262</color>
	<color name="TopBarStatusColor2">ffc8e074</color>
	<color name="LoginScreenInfoSeparatorColor">ff6F6F6F</color>
	<color name="PartyModeLabelColor">ffed6464</color>
	<color name="ProgressLabelColor">ffffffff</color>
	
	<!-- Original Mess -->
	
	
	<color name="SelectedColor2">fff77a1d</color>
	<color name="DisabledColor">ff5f5f5f</color>
	<color name="MediaInfoHeadColor">ffc8e074</color>
	<color name="MediaInfoHeadColor2">ffc8e074</color>
	<color name="MediaInfoItemColor">ffc8e074</color>
	<color name="MediaInfoItemColor2">ffdbdbdb</color>
	<color name="MediaInfoContentColor">ffffffff</color>
	
	<!-- Named Colors -->
	
	<color name="White">ffffffff</color>
	<color name="Grey">ff626262</color>
	<color name="ThemeColor">ffc8e074</color>  <!--This is the main theme color, blue in original Rapier -->
	<color name="DefaultColor">ffffffff</color>
	<color name="ShadowColor">ff000000</color>
	<color name="ThemeColor2">ffe1f7c9</color>  <!--Slightly lighter colour than theme color default light blue -->
</colors>