<window id="1112">
	<defaultcontrol>199</defaultcontrol>
	<controls>
		<include>CommonBackground</include>
		<include>Slider_Glow_Common</include>
		<control type="grouplist" id="50">
			<posx>20</posx>
			<posy>120</posy>
			<width>680</width>
			<height>400</height>
			<pagecontrol>90</pagecontrol>
			<onup>50</onup>
			<ondown>50</ondown>
			<onleft>9002</onleft>
			<onright>9002</onright>
			<control type="radiobutton" id="199">
				<description>No Title Bar Text radiobutton</description>
				<posx>-</posx>
				<posy>-</posy>
				<width>680</width>
				<height>32</height>
				<label>31018</label>
				<font>font18</font>
				<align>left</align>
				<texturefocus>list-focus.png</texturefocus>
				<texturenofocus>-</texturenofocus>
				<textureradiofocus>settings-check-box.png</textureradiofocus>
				<textureradionofocus>settings-check-boxnf.png</textureradionofocus>
				<onclick>Skin.ToggleSetting(No_Title_Text)</onclick>
				<selected>Skin.HasSetting(No_Title_Text)</selected>
			</control>
			<control type="image" id="1001">
				<description>Divider image</description>
				<posx>-</posx>
				<posy>-</posy>
				<width>680</width>
				<height>5</height>
				<texture>kai-divider.png</texture>
			</control>
			<control type="radiobutton" id="200">
				<description>Sidebar CLock radiobutton</description>
				<posx>-</posx>
				<posy>-</posy>
				<width>680</width>
				<height>32</height>
				<label>31008</label>
				<font>font18</font>
				<align>left</align>
				<texturefocus>list-focus.png</texturefocus>
				<texturenofocus>-</texturenofocus>
				<textureradiofocus>settings-check-box.png</textureradiofocus>
				<textureradionofocus>settings-check-boxnf.png</textureradionofocus>
				<onclick>Skin.ToggleSetting(SidebarClock)</onclick>
				<selected>!Skin.HasSetting(SidebarClock)</selected>
			</control>
			<control type="radiobutton" id="201">
				<description>Sidebar Weather radiobutton</description>
				<posx>-</posx>
				<posy>-</posy>
				<width>680</width>
				<height>32</height>
				<label>31007</label>
				<font>font18</font>
				<align>left</align>
				<texturefocus>list-focus.png</texturefocus>
				<texturenofocus>-</texturenofocus>
				<textureradiofocus>settings-check-box.png</textureradiofocus>
				<textureradionofocus>settings-check-boxnf.png</textureradionofocus>
				<onclick>Skin.ToggleSetting(SidebarWeather)</onclick>
				<selected>!Skin.HasSetting(SidebarWeather)</selected>
			</control>
			<control type="radiobutton" id="198">
				<description>Homescreen Weather radiobutton</description>
				<posx>-</posx>
				<posy>-</posy>
				<width>680</width>
				<height>32</height>
				<label>31006</label>
				<font>font18</font>
				<align>left</align>
				<texturefocus>list-focus.png</texturefocus>
				<texturenofocus>-</texturenofocus>
				<textureradiofocus>settings-check-box.png</textureradiofocus>
				<textureradionofocus>settings-check-boxnf.png</textureradionofocus>
				<onclick>Skin.ToggleSetting(HomeWeather)</onclick>
				<selected>Skin.HasSetting(HomeWeather)</selected>
			</control>
			<control type="image" id="1002">
				<description>Divider image</description>
				<posx>-</posx>
				<posy>-</posy>
				<width>680</width>
				<height>5</height>
				<texture>kai-divider.png</texture>
			</control>
			<control type="radiobutton" id="197">
				<description>No Rss in home during media radiobutton</description>
				<posx>-</posx>
				<posy>-</posy>
				<width>680</width>
				<height>32</height>
				<label>31005</label>
				<font>font18</font>
				<align>left</align>
				<texturefocus>list-focus.png</texturefocus>
				<texturenofocus>-</texturenofocus>
				<textureradiofocus>settings-check-box.png</textureradiofocus>
				<textureradionofocus>settings-check-boxnf.png</textureradionofocus>
				<onclick>Skin.ToggleSetting(HomeRSS)</onclick>
				<selected>Skin.HasSetting(HomeRSS)</selected>
			</control>
			<control type="radiobutton" id="202">
				<description>Background_Video radiobutton</description>
				<posx>-</posx>
				<posy>-</posy>
				<width>680</width>
				<height>32</height>
				<label>31009</label>
				<font>font18</font>
				<align>left</align>
				<texturefocus>list-focus.png</texturefocus>
				<texturenofocus>-</texturenofocus>
				<textureradiofocus>settings-check-box.png</textureradiofocus>
				<textureradionofocus>settings-check-boxnf.png</textureradionofocus>
				<onclick>Skin.ToggleSetting(Background_Video)</onclick>
				<selected>Skin.HasSetting(Background_Video)</selected>
			</control>
			<control type="radiobutton" id="203">
				<description>Background_Vis radiobutton</description>
				<posx>-</posx>
				<posy>-</posy>
				<width>680</width>
				<height>32</height>
				<label>31010</label>
				<font>font18</font>
				<align>left</align>
				<texturefocus>list-focus.png</texturefocus>
				<texturenofocus>-</texturenofocus>
				<textureradiofocus>settings-check-box.png</textureradiofocus>
				<textureradionofocus>settings-check-boxnf.png</textureradionofocus>
				<onclick>Skin.ToggleSetting(Background_Vis)</onclick>
				<selected>Skin.HasSetting(Background_Vis)</selected>
			</control>
			<control type="image" id="1003">
				<description>Divider image</description>
				<posx>-</posx>
				<posy>-</posy>
				<width>680</width>
				<height>5</height>
				<texture>kai-divider.png</texture>
			</control>
			<control type="radiobutton" id="204">
				<description>Wide Icon Overlay radiobutton</description>
				<posx>-</posx>
				<posy>-</posy>
				<width>680</width>
				<height>32</height>
				<label>31011</label>
				<font>font18</font>
				<align>left</align>
				<texturefocus>list-focus.png</texturefocus>
				<texturenofocus>-</texturenofocus>
				<textureradiofocus>settings-check-box.png</textureradiofocus>
				<textureradionofocus>settings-check-boxnf.png</textureradionofocus>
				<onclick>Skin.ToggleSetting(No_Wide_Overlay)</onclick>
				<selected>Skin.HasSetting(No_Wide_Overlay)</selected>
			</control>
			<control type="radiobutton" id="205">
				<description>Object Count radiobutton</description>
				<posx>-</posx>
				<posy>-</posy>
				<width>680</width>
				<height>32</height>
				<label>31019</label>
				<font>font18</font>
				<align>left</align>
				<texturefocus>list-focus.png</texturefocus>
				<texturenofocus>-</texturenofocus>
				<textureradiofocus>settings-check-box.png</textureradiofocus>
				<textureradionofocus>settings-check-boxnf.png</textureradionofocus>
				<onclick>Skin.ToggleSetting(Show_Object_Count)</onclick>
				<selected>!Skin.HasSetting(Show_Object_Count)</selected>
			</control>
			<control type="button" id="225">
				<description>Choose Custom Background button</description>
				<posx>-</posx>
				<posy>-</posy>
				<width>680</width>
				<height>32</height>
				<label>31016</label>
				<font>font18</font>
				<align>left</align>
				<texturefocus>list-focus.png</texturefocus>
				<texturenofocus>-</texturenofocus>
				<textureradiofocus>settings-check-box.png</textureradiofocus>
				<textureradionofocus>settings-check-boxnf.png</textureradionofocus>
				<onclick>Skin.SetImage(Custom_Background)</onclick>
			</control>
			<control type="button" id="226">
				<description>Reset Custom Background</description>
				<posx>-</posx>
				<posy>-</posy>
				<width>680</width>
				<height>32</height>
				<label>31017</label>
				<font>font18</font>
				<align>left</align>
				<texturefocus>list-focus.png</texturefocus>
				<texturenofocus>-</texturenofocus>
				<onclick>Skin.Reset(Custom_Background)</onclick>
				<visible>Skin.String(Custom_Background)</visible>
			</control>
			<control type="image" id="1004">
				<description>Divider image</description>
				<posx>-</posx>
				<posy>-</posy>
				<width>680</width>
				<height>5</height>
				<texture>kai-divider.png</texture>
			</control>
			<control type="radiobutton" id="227">
				<description>Startup Playlist radiobutton</description>
				<posx>-</posx>
				<posy>-</posy>
				<width>680</width>
				<height>32</height>
				<label>31013</label>
				<font>font18</font>
				<align>left</align>
				<texturefocus>list-focus.png</texturefocus>
				<texturenofocus>-</texturenofocus>
				<textureradiofocus>settings-check-box.png</textureradiofocus>
				<textureradionofocus>settings-check-boxnf.png</textureradionofocus>
				<onclick>Skin.ToggleSetting(Startup_Playlist)</onclick>
				<selected>Skin.HasSetting(Startup_Playlist)</selected>
			</control>
			<control type="button" id="228">
				<description>Choose Playlist</description>
				<posx>-</posx>
				<posy>-</posy>
				<width>680</width>
				<height>32</height>
				<label>31014</label>
				<font>font18</font>
				<align>left</align>
				<texturefocus>list-focus.png</texturefocus>
				<texturenofocus>-</texturenofocus>
				<onclick>Skin.SetFile(Startup_Playlist,.m3u,Q:\UserData\playlists\music)</onclick>
				<visible>Skin.HasSetting(Startup_Playlist)</visible>
			</control>
			<control type="image" id="1005">
				<description>Divider image</description>
				<posx>-</posx>
				<posy>-</posy>
				<width>680</width>
				<height>5</height>
				<texture>kai-divider.png</texture>
			</control>
		</control>
		<include>AllCommonPageControls</include>
		<control type="group" id="9000">
			<description>Sidebar group</description>
			<posx>-160</posx>
			<control type="image">
				<description>Sidebar Back image</description>
				<posx>-145</posx>
				<posy>0</posy>
				<width>425</width>
				<height>577</height>
				<texture>Side_Slideout.png</texture>
			</control>
		</control>
		<control type="image">
			<description>Top Bar BACK</description>
			<posx>165</posx>
			<posy>0</posy>
			<width>560</width>
			<height>105</height>
			<texture>TBSettings.png</texture>
		</control>
		<control type="image">
			<description>Top Bar FRONT</description>
			<posx>0</posx>
			<posy>0</posy>
			<width>720</width>
			<height>116</height>
			<texture>Topbar_Front.png</texture>
		</control>
		<control type="label">
			<description>Main Title text label</description>
			<align>center</align>
			<posx>360</posx>
			<posy>35</posy>
			<label>20077</label>
			<font>font20</font>
			<visible>!Skin.HasSetting(No_Title_Text)</visible>
		</control>
	</controls>
</window>             