<includes>
	<default type="image">
		<posx>0</posx>
		<posy>0</posy>
		<texture>-</texture>
	</default>
	<default type="label">
		<posx>80</posx>
		<posy>60</posy>
		<label>-</label>
		<font>font16</font>
		<include>textcolor-white</include>
	</default>
	<default type="spinbutton">
		<posx>310</posx>
		<posy>200</posy>
		<width>22</width>
		<height>44</height>
		<texturedownfocus>spinbutton4.png</texturedownfocus>
		<textureupfocus>spinbutton3.png</textureupfocus>
		<texturefocus>spinbutton2.png</texturefocus>
		<texturenofocus>spinbutton1.png</texturenofocus>
		<font>font16</font>
		<include>textcolor-grey</include>
		<colordiffuse>ffffffff</colordiffuse>
		<include>textcolor-disabled</include>
	</default>
	<default type="button">
		<posx>0</posx>
		<posy>200</posy>
		<width>170</width>
		<height>35</height>
		<texturefocus>button-focus.png</texturefocus>
		<texturenofocus>-</texturenofocus>
		<font>font16</font>
		<include>textcolor-white</include>
		<include>focustextcolor-blue</include>
		<include>textcolor-disabled</include>
		<textoffsetx>30</textoffsetx>
		<align>right</align>
		<aligny>center</aligny>
	</default>
	<default type="togglebutton">
		<posx>150</posx>
		<posy>165</posy>
		<width>15</width>
		<height>15</height>
		<texturefocus>Arrow_Up_Focus.png</texturefocus>
		<texturenofocus>Arrow_Up.png</texturenofocus>
		<alttexturefocus>Arrow_Down_Focus.png</alttexturefocus>
		<alttexturenofocus>Arrow_Down.png</alttexturenofocus>
		<label>-</label>
		<font>font16</font>
		<include>textcolor-white</include>
		<include>focustextcolor-blue</include>
		<include>textcolor-disabled</include>
	</default>
	<default type="selectbutton">
		<posx>20</posx>
		<posy>192</posy>
		<width>150</width>
		<height>35</height>
		<label>132</label>
		<texturefocus>button-focus.png</texturefocus>
		<texturenofocus>-</texturenofocus>
		<textureleft>Arrow2_Left.png</textureleft>
		<textureleftfocus>Arrow2_Left_Focus.png</textureleftfocus>
		<textureright>Arrow2_Right.png</textureright>
		<texturerightfocus>Arrow2_Right_Focus.png</texturerightfocus>
		<font>font16</font>
		<include>textcolor-grey</include>
		<include>focustextcolor-blue</include>
		<include>textcolor-disabled</include>
		<textoffsetx>30</textoffsetx>
		<align>right</align>
		<aligny>center</aligny>
	</default>
	<default type="listcontrol">
		<posx>40</posx>
		<posy>110</posy>
		<width>680</width>
		<height>345</height>
		<spinwidth>15</spinwidth>
		<spinheight>15</spinheight>
		<spinposx>620</spinposx>
		<spinposy>327</spinposy>
		<include>textcolor-spincontrol</include>
		<textureup>Arrow_Up.png</textureup>
		<texturedown>Arrow_Down.png</texturedown>
		<textureupfocus>Arrow_Up_Focus.png</textureupfocus>
		<texturedownfocus>Arrow_Down_Focus.png</texturedownfocus>
		<texturefocus>ListItem_Focus.png</texturefocus>
		<texturenofocus>-</texturenofocus>
		<image>icon-folder.png</image>
		<itemwidth>30</itemwidth>
		<textureheight>30</textureheight>
		<spacebetweenitems>0</spacebetweenitems>
		<font>font18</font>
		<include>textcolor-selected</include>
		<include>textcolor-grey</include>
		<textcolor2>ddffffff</textcolor2>
		<colordiffuse>ffffffff</colordiffuse>
		<suffix> |</suffix>
		<imageposx>35</imageposx>
		<textxoff>5</textxoff>
		<textxoff2>650</textxoff2>
		<aligny>center</aligny>
	</default>
	<default type="listcontrolex">
		<posx>70</posx>
		<posy>110</posy>
		<width>650</width>
		<height>345</height>
		<spinwidth>15</spinwidth>
		<spinheight>15</spinheight>
		<spinposx>620</spinposx>
		<spinposy>327</spinposy>
		<include>textcolor-spincontrol</include>
		<textureup>Arrow_Up.png</textureup>
		<texturedown>Arrow_Down.png</texturedown>
		<textureupfocus>Arrow_Up_Focus.png</textureupfocus>
		<texturedownfocus>Arrow_Down_Focus.png</texturedownfocus>
		<texturefocus>ListItem_Focus.png</texturefocus>
		<texturenofocus>-</texturenofocus>
		<itemwidth>30</itemwidth>
		<textureheight>30</textureheight>
		<spacebetweenitems>0</spacebetweenitems>
		<font>font18</font>
		<include>textcolor-selected</include>
		<include>textcolor-white</include>
		<colordiffuse>ffffffff</colordiffuse>
		<suffix> |</suffix>
		<aligny>center</aligny>
	</default>
	<default type="thumbnailpanel">
		<posx>70</posx>
		<posy>120</posy>
		<width>675</width>
		<height>425</height>
		<spinwidth>15</spinwidth>
		<spinheight>15</spinheight>
		<include>textcolor-spincontrol</include>
		<spinposx>415</spinposx>
		<spinposy>405</spinposy>
		<textureup>Arrow_Up.png</textureup>
		<texturedown>Arrow_Down.png</texturedown>
		<textureupfocus>Arrow_Up_Focus.png</textureupfocus>
		<texturedownfocus>Arrow_Down_Focus.png</texturedownfocus>
		<itemwidth>115</itemwidth>
		<itemheight>130</itemheight>
		<texturewidth>92</texturewidth>
		<textureheight>100</textureheight>
		<thumbwidth>82</thumbwidth>
		<thumbheight>90</thumbheight>
		<thumbposx>5</thumbposx>
		<thumbposy>5</thumbposy>
		<imagefolder>folder-nofocus.png</imagefolder>
		<imagefolderfocus>folder-focus.png</imagefolderfocus>
		<font>font16</font>
		<include>textcolor-selected</include>
		<include>textcolor-white</include>
		<colordiffuse>ffffffff</colordiffuse>
		<texturewidthbig>134</texturewidthbig>
		<textureheightbig>143</textureheightbig>
		<itemwidthbig>151</itemwidthbig>
		<itemheightbig>200</itemheightbig>
		<thumbwidthbig>120</thumbwidthbig>
		<thumbheightbig>133</thumbheightbig>
		<thumbposxbig>7</thumbposxbig>
		<thumbposybig>5</thumbposybig>
		<suffix>-</suffix>
	</default>
	<default type="fadelabel">
		<posx>55</posx>
		<posy>530</posy>
		<width>180</width>
		<align>left</align>
		<font>font18</font>
		<include>textcolor-white</include>
	</default>
	<default type="textbox">
		<posx>220</posx>
		<posy>220</posy>
		<width>410</width>
		<height>270</height>
		<spinwidth>16</spinwidth>
		<spinheight>16</spinheight>
		<spinposx>420</spinposx>
		<spinposy>300</spinposy>
		<include>textcolor-spincontrol</include>
		<textureup>scroll-up.png</textureup>
		<texturedown>scroll-down.png</texturedown>
		<textureupfocus>scroll-up-focus.gif</textureupfocus>
		<texturedownfocus>scroll-down-focus.gif</texturedownfocus>
		<image>icon-folder.png</image>
		<font>font16</font>
		<include>textcolor-white</include>
		<colordiffuse>ffffffff</colordiffuse>
	</default>
	<default type="progress" id="20">
		<posx>100</posx>
		<posy>325</posy>
		<texturebg>progress_back.png</texturebg>
		<lefttexture>-</lefttexture>
		<midtexture>progress_mid.png</midtexture>
		<righttexture>-</righttexture>
		<overlaytexture>progress_over.png</overlaytexture>
	</default>
	<default type="spincontrol" id="2">
		<posx>330</posx>
		<posy>126</posy>
		<textureup>Arrow_Up.png</textureup>
		<texturedown>Arrow_Down.png</texturedown>
		<textureupfocus>Arrow_Up_Focus.png</textureupfocus>
		<texturedownfocus>Arrow_Down_Focus.png</texturedownfocus>
		<align>right</align>
		<width>15</width>
		<height>15</height>
		<font>font18</font>
		<reverse>yes</reverse>
		<include>textcolor-blue</include>
		<include>textcolor-disabled</include>
		<subtype>text</subtype>
		<textoffsetx>-5</textoffsetx>
		<textoffsety>0</textoffsety>
		<aligny>-</aligny>
	</default>
	<default type="spincontrolex">
		<posx>530</posx>
		<posy>150</posy>
		<width>300</width>
		<height>35</height>
		<spinwidth>15</spinwidth>
		<spinheight>15</spinheight>
		<texturefocus>list-focus.png</texturefocus>
		<texturenofocus>-</texturenofocus>
		<textureup>Arrow_Up.png</textureup>
		<texturedown>Arrow_Down.png</texturedown>
		<textureupfocus>Arrow_Up_Focus.png</textureupfocus>
		<texturedownfocus>Arrow_Down_Focus.png</texturedownfocus>
		<font>font16</font>
		<include>textcolor-white</include>
		<include>textcolor-disabled</include>
		<textoffsetx>7</textoffsetx>
		<aligny>center</aligny>
		<reverse>yes</reverse>
	</default>
	<default type="checkmark">
		<posx>208</posx>
		<posy>166</posy>
		<include>textcolor-disabled</include>
		<include>textcolor-white</include>
		<font>font13</font>
		<label>167</label>
		<texturecheckmark>radiobutton-focus.png</texturecheckmark>
		<texturecheckmarknofocus>radiobutton-nofocus.png</texturecheckmarknofocus>
		<markwidth>16</markwidth>
		<markheight>20</markheight>
		<align>left</align>
		<shadow>no</shadow>
	</default>
	<default type="radiobutton">
		<posx>0</posx>
		<posy>200</posy>
		<width>170</width>
		<height>35</height>
		<textureradiofocus>radiobutton-focus.png</textureradiofocus>
		<textureradionofocus>radiobutton-nofocus.png</textureradionofocus>
		<texturefocus>button-focus.png</texturefocus>
		<texturenofocus>-</texturenofocus>
		<label>215</label>
		<font>font16</font>
		<include>textcolor-white</include>
		<include>focustextcolor-blue</include>
		<include>textcolor-disabled</include>
		<textoffsetx>30</textoffsetx>
		<align>left</align>
		<aligny>center</aligny>
	</default>
	<default type="slider">
		<controloffsetx>75</controloffsetx>
		<controloffsety>0</controloffsety>
	</default>
	<default type="mover">
		<posx>60</posx>
		<posy>192</posy>
		<texturefocus>button-focus.png</texturefocus>
		<texturenofocus>-</texturenofocus>
	</default>
	<default type="resize">
		<posx>60</posx>
		<posy>192</posy>
		<texturefocus>button-focus.png</texturefocus>
		<texturenofocus>-</texturenofocus>
	</default>
</includes>