<window id="106">
	<defaultcontrol>1000</defaultcontrol>
	<include>Fade_Dialog_OpenClose_Animation</include>
	<coordinates>
		<system>1</system>
		<posx>0</posx>
		<posy>0</posy>
	</coordinates>
	<controls>
		<control type="image" id="997">
			<description>background top image</description>
			<posx>0</posx>
			<posy>-35</posy>
			<width>288</width>
			<height>35</height>
			<texture>Context_Top.png</texture>
		</control>
		<control type="image" id="999">
			<description>background image</description>
			<posx>0</posx>
			<posy>0</posy>
			<width>288</width>
			<texture>Context_Menu.png</texture>
		</control>
		<control type="image" id="998">
			<description>background bottom image</description>
			<posx>0</posx>
			<width>288</width>
			<height>35</height>
			<texture>Context_Bottom.png</texture>
		</control>
		<control type="button" id="1000">
			<description>button template</description>
			<posx>20</posx>
			<posy>0</posy>
			<width>258</width>
			<height>28</height>
			<font>font18</font>
			<focuscolor></focuscolor>
			<texturefocus>context-focus.png</texturefocus>
			<texturenofocus></texturenofocus>
			<align>center</align>
		</control>
	</controls>
</window>