<window id="128">
	<defaultcontrol>10</defaultcontrol>
	<include>Fade_Dialog_OpenClose_Animation</include>
	<coordinates>
		<system>1</system>
		<posx>100</posx>
		<posy>135</posy>
	</coordinates>
	<controls>
		<control type="group">
			<visible>!Window.IsActive(VirtualKeyboard)</visible>
			<animation effect="fade" start="100" end="0" time="200" condition="!Skin.HasSetting(animated)">Hidden</animation>
			<animation effect="fade" start="0" end="100" time="200" condition="!Skin.HasSetting(animated)">Visible</animation>
			<control type="image">
				<posx>-300</posx>
				<posy>-300</posy>
				<width>1320</width>
				<height>1176</height>
				<texture>black.png</texture>
			</control>
			<control type="image">
				<posx>-300</posx>
				<posy>-300</posy>
				<width>1320</width>
				<height>1176</height>
				<texture>black.png</texture>
			</control>
			<control type="image">
				<description>Dialog Background</description>
				<posx>0</posx>
				<posy>0</posy>
				<width>520</width>
				<height>300</height>
				<texture border="0,35,0,10">Dialog.png</texture>
			</control>
			<control type="label" id="2">
				<description>Title Label</description>
				<posx>60</posx>
				<posy>0</posy>
				<width>400</width>
				<align>center</align>
				<font>font22</font>
				<label>1007</label>
			</control>
			<control type="spincontrolex" id="10">
				<description>Protocol SpinControl</description>
				<posx>20</posx>
				<posy>35</posy>
				<height>32</height>
				<width>480</width>
				<texturefocus>Dialog_Button_Focus.png</texturefocus>
				<texturenofocus>Dialog_Button_NoFocus.png</texturenofocus>
				<textureup>scroll-up.png</textureup>
				<texturedown>scroll-down.png</texturedown>
				<textureupfocus>scroll-up-focus.png</textureupfocus>
				<texturedownfocus>scroll-down-focus.png</texturedownfocus>
				<align>left</align>
				<aligny>center</aligny>
				<textoffsetx>30</textoffsetx>
				<reverse>yes</reverse>
				<label>1008</label>
				<onup>18</onup>
				<ondown>11</ondown>
				<onleft>10</onleft>
				<onright>10</onright>
			</control>
			<control type="button" id="11">
				<description>Server Address Button</description>
				<posx>20</posx>
				<posy>70</posy>
				<width>390</width>
				<height>32</height>
				<align>left</align>
				<aligny>center</aligny>
				<texturefocus>Dialog_Button_Focus.png</texturefocus>
				<texturenofocus>Dialog_Button_NoFocus.png</texturenofocus>
				<label>-</label>
				<onup>10</onup>
				<onleft>12</onleft>
				<onright>12</onright>
				<ondown>16</ondown>
			</control>
			<control type="button" id="12">
				<description>Server Browse Button</description>
				<posx>400</posx>
				<posy>70</posy>
				<width>80</width>
				<height>32</height>
				<label>1024</label>
				<align>left</align>
				<aligny>center</aligny>
				<texturefocus>Dialog_Button_Focus.png</texturefocus>
				<texturenofocus>Dialog_Button_NoFocus.png</texturenofocus>
				<onup>10</onup>
				<onleft>11</onleft>
				<onright>11</onright>
				<ondown>16</ondown>
			</control>
			<control type="button" id="16">
				<description>Remote path Button</description>
				<posx>20</posx>
				<posy>105</posy>
				<width>480</width>
				<height>32</height>
				<align>left</align>
				<aligny>center</aligny>
				<texturefocus>Dialog_Button_Focus.png</texturefocus>
				<texturenofocus>Dialog_Button_NoFocus.png</texturenofocus>
				<label>-</label>
				<onup>11</onup>
				<onleft>16</onleft>
				<onright>16</onright>
				<ondown>13</ondown>
			</control>
			<control type="button" id="13">
				<description>Port Button</description>
				<posx>20</posx>
				<posy>140</posy>
				<width>480</width>
				<height>32</height>
				<align>left</align>
				<aligny>center</aligny>
				<texturefocus>Dialog_Button_Focus.png</texturefocus>
				<texturenofocus>Dialog_Button_NoFocus.png</texturenofocus>
				<label>1013</label>
				<onup>16</onup>
				<onleft>13</onleft>
				<onright>13</onright>
				<ondown>14</ondown>
			</control>
			<control type="button" id="14">
				<description>Username Button</description>
				<posx>20</posx>
				<posy>175</posy>
				<width>480</width>
				<height>32</height>
				<align>left</align>
				<aligny>center</aligny>
				<texturefocus>Dialog_Button_Focus.png</texturefocus>
				<texturenofocus>Dialog_Button_NoFocus.png</texturenofocus>
				<label>1014</label>
				<onup>13</onup>
				<onleft>14</onleft>
				<onright>14</onright>
				<ondown>15</ondown>
			</control>
			<control type="button" id="15">
				<description>Password Button</description>
				<posx>20</posx>
				<posy>210</posy>
				<width>480</width>
				<height>32</height>
				<align>left</align>
				<aligny>center</aligny>
				<texturefocus>Dialog_Button_Focus.png</texturefocus>
				<texturenofocus>Dialog_Button_NoFocus.png</texturenofocus>
				<label>15052</label>
				<onup>14</onup>
				<onleft>15</onleft>
				<onright>15</onright>
				<ondown>18</ondown>
			</control>
			<control type="button" id="18">
				<description>Ok Button</description>
				<posx>120</posx>
				<posy>260</posy>
				<height>25</height>
				<width>130</width>
				<align>center</align>
				<aligny>center</aligny>
				<label>186</label>
				<texturefocus>Dialog_Button_Focus.png</texturefocus>
				<texturenofocus>Dialog_Button_NoFocus.png</texturenofocus>
				<onup>15</onup>
				<onleft>19</onleft>
				<onright>19</onright>
				<ondown>10</ondown>
			</control>
			<control type="button" id="19">
				<description>Cancel Button</description>
				<posx>250</posx>
				<posy>260</posy>
				<height>25</height>
				<width>130</width>
				<align>center</align>
				<aligny>center</aligny>
				<label>222</label>
				<texturefocus>Dialog_Button_Focus.png</texturefocus>
				<texturenofocus>Dialog_Button_NoFocus.png</texturenofocus>
				<onup>15</onup>
				<onleft>18</onleft>
				<onright>18</onright>
				<ondown>10</ondown>
			</control>
		</control>
	</controls>
</window>