<window id="2001">
	<defaultcontrol>90</defaultcontrol>
	<allowoverlay>no</allowoverlay>
	<include>Fade_Window_OpenClose_Animation</include>
	<controls>
		<include>CommonBackground_FullscreenDialogs</include>
		<control type="group">
			<include>Fade_List_FocusUnfocus_Animation</include>
			<control type="label">
				<description>artist</description>
				<posx>70</posx>
				<posy>110</posy>
				<label>$LOCALIZE[557]:</label>
			</control>
			<control type="label">
				<description>date of release</description>
				<posx>70</posx>
				<posy>135</posy>
				<label>$LOCALIZE[562]:</label>
			</control>
			<control type="label">
				<description>rating</description>
				<posx>70</posx>
				<posy>160</posy>
				<label>$LOCALIZE[563]:</label>
			</control>
			<control type="label">
				<description>genre</description>
				<posx>70</posx>
				<posy>185</posy>
				<label>$LOCALIZE[515]:</label>
			</control>
			<control type="label">
				<description>tones</description>
				<posx>70</posx>
				<posy>210</posy>
				<label>$LOCALIZE[175]:</label>
			</control>
			<control type="label">
				<description>styles</description>
				<posx>70</posx>
				<posy>235</posy>
				<label>$LOCALIZE[176]:</label>
			</control>
			<control type="label" id="21">
				<description>artist value</description>
				<posx>190</posx>
				<posy>110</posy>
				<width>290</width>
				<label>-</label>
			</control>
			<control type="label" id="22">
				<description>date of release value</description>
				<posx>190</posx>
				<posy>135</posy>
				<width>290</width>
				<label>-</label>
			</control>
			<control type="label" id="23">
				<description>rating value</description>
				<posx>190</posx>
				<posy>160</posy>
				<width>290</width>
				<label>-</label>
			</control>
			<control type="label" id="24">
				<description>genre value</description>
				<posx>190</posx>
				<posy>185</posy>
				<width>290</width>
				<label>-</label>
			</control>
			<control type="fadelabel" id="25">
				<description>tones value</description>
				<posx>190</posx>
				<posy>210</posy>
				<width>290</width>
				<label>-</label>
			</control>
			<control type="fadelabel" id="26">
				<description>styles value</description>
				<posx>190</posx>
				<posy>235</posy>
				<width>290</width>
				<label>-</label>
			</control>
			<control type="image" id="3">
				<description>Cover Image</description>
				<posx>490</posx>
				<posy>130</posy>
				<width>200</width>
				<height>300</height>
				<texture>-</texture>
				<aspectratio>keep</aspectratio>
			</control>
			<control type="textbox" id="4">
				<description>textarea</description>
				<posx>70</posx>
				<posy>280</posy>
				<width>390</width>
				<height>270</height>
				<pagecontrol>90</pagecontrol>
				<onleft>5</onleft>
				<onright>90</onright>
				<onup>5</onup>
				<ondown>5</ondown>
			</control>
			<control type="group" id="9002">
				<posx>590</posx>
				<posy>510</posy>
				<control type="image">
					<description>Scroller Highlight</description>
					<posx>-100</posx>
					<posy>-25</posy>
					<width>200</width>
					<height>60</height>
					<texture>Scroller_Focus.png</texture>
				</control>
				<control type="spincontrol" id="90">
					<posx>10</posx>
					<posy>0</posy>
					<subtype>page</subtype>
					<showonepage>true</showonepage>
					<onleft>9000</onleft>
					<onright>9000</onright>
					<onup>50</onup>
					<ondown>50</ondown>
				</control>
			</control>
		</control>
		<control type="group" id="9000">
			<description>Sidebar group</description>
			<posx>-160</posx>
			<animation effect="slide" time="100" start="160,0">unfocus</animation>
			<animation effect="slide" time="100" end="160,0">focus</animation>
			<control type="image">
				<description>Sidebar Glow image</description>
				<posx>200</posx>
				<posy>0</posy>
				<width>77</width>
				<height>577</height>
				<texture>BlueGlow.png</texture>
			</control>
			<control type="image">
				<description>Sidebar Back image</description>
				<posx>-145</posx>
				<posy>0</posy>
				<width>425</width>
				<height>577</height>
				<texture>Side_Slideout.png</texture>
			</control>
			<control type="button" id="5">
				<description>Tracks - Description button</description>
				<posy>120</posy>
				<label>182</label>
				<texturefocus>-</texturefocus>
				<texturenofocus>-</texturenofocus>
				<font>font20</font>
				<onleft>5</onleft>
				<onright>90</onright>
				<onup>10</onup>
				<ondown>6</ondown>
			</control>
			<control type="button" id="6">
				<description>refresh</description>
				<posy>150</posy>
				<label>184</label>
				<texturefocus>-</texturefocus>
				<texturenofocus>-</texturenofocus>
				<font>font20</font>
				<onleft>6</onleft>
				<onright>90</onright>
				<onup>5</onup>
				<ondown>10</ondown>
			</control>
			<control type="button" id="10">
				<description>Get Thumb</description>
				<posy>180</posy>
				<label>13405</label>
				<texturefocus>-</texturefocus>
				<texturenofocus>-</texturenofocus>
				<onleft>10</onleft>
				<onright>90</onright>
				<onup>6</onup>
				<ondown>5</ondown>
			</control>
			<include>SlideBarClock</include>
			<include>SlideBarWeather</include>
		</control>
		<control type="image">
			<description>Top Bar BACK</description>
			<posx>165</posx>
			<posy>0</posy>
			<width>560</width>
			<height>105</height>
			<texture>TBVideos.png</texture>
		</control>
		<control type="image">
			<description>folder image</description>
			<posx>0</posx>
			<posy>0</posy>
			<width>720</width>
			<height>106</height>
			<aspectratio align="right">keep</aspectratio>
			<info>container.folderthumb</info>
		</control>
		<control type="image">
			<description>Top Bar FRONT</description>
			<posx>0</posx>
			<posy>0</posy>
			<width>720</width>
			<height>116</height>
			<texture>Topbar_Front.png</texture>
		</control>
		<control type="label" id="20">
			<description>Main Heading text label</description>
			<align>center</align>
			<posx>360</posx>
			<posy>35</posy>
			<label>3</label>
			<font>font20</font>
		</control>
	</controls>
</window>