<window id="10140">
	<defaultcontrol>2</defaultcontrol>
	<include>Fade_Dialog_OpenClose_Animation</include>
	<coordinates>
		<system>1</system>
		<posx>100</posx>
		<posy>115</posy>
	</coordinates>
	<controls>
		<control type="image" id="0">
			<posx>-300</posx>
			<posy>-300</posy>
			<width>1320</width>
			<height>1176</height>
			<texture>black.png</texture>
		</control>
		<control type="image" id="0">
			<description>Dialog Background</description>
			<posx>0</posx>
			<posy>0</posy>
			<width>520</width>
			<height>320</height>
			<texture border="0,35,0,10">Dialog.png</texture>
		</control>
		<control type="label" id="20">
			<description>Title Label</description>
			<posx>60</posx>
			<posy>0</posy>
			<width>400</width>
			<align>center</align>
			<font>font22</font>
		</control>
		<control type="group" id="9002">
			<posx>410</posx>
			<posy>260</posy>
			<control type="spincontrol" id="90">
				<posx>10</posx>
				<posy>0</posy>
				<subtype>page</subtype>
				<showonepage>false</showonepage>
				<onleft>2</onleft>
				<onright>10</onright>
				<onup>2</onup>
				<ondown>10</ondown>
			</control>
		</control>
		<control type="grouplist" id="2">
			<description>control area</description>
			<posx>60</posx>
			<posy>35</posy>
			<width>400</width>
			<height>220</height>
			<itemgap>-5</itemgap>
			<pagecontrol>90</pagecontrol>
			<onleft>10</onleft>
			<onright>90</onright>
			<onup>10</onup>
			<ondown>10</ondown>
		</control>
		<control type="button" id="12">
			<description>Defaults Button</description>
			<posx>55</posx>
			<posy>280</posy>
			<height>25</height>
			<width>130</width>
			<align>center</align>
			<aligny>center</aligny>
			<label>409</label>
			<texturefocus>Dialog_Button_Focus.png</texturefocus>
			<texturenofocus>Dialog_Button_NoFocus.png</texturenofocus>
			<onup>2</onup>
			<onleft>11</onleft>
			<onright>10</onright>
			<ondown>2</ondown>
		</control>
		<control type="button" id="10">
			<description>Ok Button</description>
			<posx>185</posx>
			<posy>280</posy>
			<height>25</height>
			<width>130</width>
			<align>center</align>
			<aligny>center</aligny>
			<label>186</label>
			<texturefocus>Dialog_Button_Focus.png</texturefocus>
			<texturenofocus>Dialog_Button_NoFocus.png</texturenofocus>
			<onup>2</onup>
			<onleft>12</onleft>
			<onright>11</onright>
			<ondown>2</ondown>
		</control>
		<control type="button" id="11">
			<description>Cancel Button</description>
			<posx>315</posx>
			<posy>280</posy>
			<height>25</height>
			<width>130</width>
			<align>center</align>
			<aligny>center</aligny>
			<label>222</label>
			<texturefocus>Dialog_Button_Focus.png</texturefocus>
			<texturenofocus>Dialog_Button_NoFocus.png</texturenofocus>
			<onup>2</onup>
			<onleft>10</onleft>
			<onright>12</onright>
			<ondown>2</ondown>
		</control>
		<control type="button" id="3">
			<description>default button</description>
			<textoffsetx>10</textoffsetx>
			<focusedcolor>-</focusedcolor>
			<texturefocus>dialog-focus.png</texturefocus>
			<texturenofocus>dialog-nofocus.png</texturenofocus>
		</control>
		<control type="radiobutton" id="4">
			<description>default radiobutton</description>
			<posx>530</posx>
			<posy>150</posy>
			<align>left</align>
			<focusedcolor>-</focusedcolor>
			<textoffsetx>10</textoffsetx>
			<texturefocus>dialog-focus.png</texturefocus>
			<texturenofocus>dialog-nofocus.png</texturenofocus>
			<textureradiofocus>settings-check-box.png</textureradiofocus>
			<textureradionofocus>settings-check-boxnf.png</textureradionofocus>
		</control>
		<control type="spincontrolex" id="5">
			<description>default spincontrolex</description>
			<posx>530</posx>
			<posy>150</posy>
			<width>300</width>
			<texturefocus>ListItem_Focus.png</texturefocus>
			<texturenofocus>-</texturenofocus>
			<textureup>Arrow_Up.png</textureup>
			<texturedown>Arrow_Down.png</texturedown>
			<textureupfocus>Arrow_Up_Focus.png</textureupfocus>
			<texturedownfocus>Arrow_Down_Focus.png</texturedownfocus>
			<include>textcolor-disabled</include>
			<textoffsetx>10</textoffsetx>
			<reverse>yes</reverse>
		</control>
		<control type="image" id="6">
			<description>separator image</description>
			<width>350</width>
			<height>5</height>
			<texture>kai-divider.png</texture>
		</control>
	</controls>
</window>