<window type="dialog" id="134">
	<defaultcontrol always="true">450</defaultcontrol>
	<animation effect="fade" start="100" end="1" time="100" delay="200">WindowClose</animation>
	<controls>
		<control type="image" id="1">
			<posx>240</posx>
			<posy>20</posy>
			<width>250</width>
			<height>260</height>
			<texture border="10">FavoritesDialog.png</texture>
			<animation effect="zoom" time="150" delay="0" start="365,20,1,260" end="240,20,250,260">WindowOpen</animation>
			<animation effect="zoom" time="150" delay="100" end="365,20,1,260" start="240,20,250,260">WindowClose</animation>
		</control>
		<control type="list" id="450">
			<posx>240</posx>
			<posy>50</posy>
			<width>250</width>
			<height>210</height>
			<font>-</font>
			<onleft>450</onleft>
			<onright>450</onright>
			<onup>450</onup>
			<ondown>450</ondown>
			<animation effect="fade" start="0" end="100" time="100" delay="150">WindowOpen</animation>				
			<animation effect="fade" start="100" end="0" time="100" delay="0">WindowClose</animation>
			<itemlayout height="30">
				<control type="label">
					<posx>125</posx>
					<posy>0</posy>
					<width>200</width>
					<height>30</height>
					<aligny>center</aligny>
					<align>center</align>
					<info>ListItem.Label</info>
				</control>
			</itemlayout>
			<focusedlayout height="30">
				<control type="image">
					<posx>0</posx>
					<posy>0</posy>
					<width>250</width>
					<height>30</height>
					<texture>Home_Select.png</texture>
				</control>
				<control type="label">
					<posx>125</posx>
					<posy>0</posy>
					<width>200</width>
					<height>30</height>
					<aligny>center</aligny>
					<align>center</align>
					<info>ListItem.Label</info>
				</control>
			</focusedlayout>
		</control>
		<control type="image">
			<description>List Item Icon</description>
			<posx>311</posx>
			<posy>318</posy>
			<width>100</width>
			<height>99</height>
			<aspectratio>keep</aspectratio>
			<info>ListItem.Icon</info>
			<animation effect="fade" start="0" end="0" time="100" delay="0">WindowClose</animation>
		</control>
		<control type="image">
			<description>Main Home Button</description>
			<posx>253</posx>
			<posy>295</posy>
			<width>215</width>
			<height>145</height>
			<texture>home_button.png</texture>
			<animation effect="fade" start="0" end="0" time="100" delay="0">WindowClose</animation>
		</control>
	</controls>
</window>