<window id="136">
	<animation effect="fade" time="100">WindowOpen</animation>
	<animation effect="fade" time="200">WindowClose</animation>
	<coordinates>
		<system>1</system>
		<posx>245</posx>
		<posy>259</posy>
	</coordinates>
	<controls>
		<control type="image">
			<description>background image</description>
			<posx>0</posx>
			<posy>0</posy>
			<width>230</width>
			<height>58</height>
			<texture border="4">busy_bg.png</texture>
		</control>
		<control type="multiimage">
			<description>Busy animation</description>
			<posx>10</posx>
			<posy>5</posy>
			<width>48</width>
			<height>48</height>
			<imagepath>busy</imagepath>
			<timeperimage>100</timeperimage>
			<fadetime>0</fadetime>
		</control>
		<control type="label">
			<description>Busy label2</description>
			<width>160</width>
			<posx>65</posx>
			<posy>29</posy>
			<aligny>center</aligny>
			<label>$LOCALIZE[20186]...</label>
			<font>font20</font>
		</control>
	</controls>
</window>