<window id="121">
	<defaultcontrol>2</defaultcontrol>
	<include>Fade_Dialog_OpenClose_Animation</include>
	<coordinates>
		<system>1</system>
		<posx>100</posx>
		<posy>115</posy>
	</coordinates>
	<controls>
		<control type="image">
			<posx>-300</posx>
			<posy>-300</posy>
			<width>1320</width>
			<height>1176</height>
			<colordiffuse>BBFFFFFF</colordiffuse>
			<texture>black.png</texture>
		</control>
		<control type="image">
			<description>Dialog Background</description>
			<posx>0</posx>
			<posy>0</posy>
			<width>520</width>
			<height>320</height>
			<texture border="0,35,0,10">Dialog.png</texture>
		</control>
		<control type="label" id="2">
			<description>Title Label</description>
			<posx>60</posx>
			<posy>0</posy>
			<width>400</width>
			<align>center</align>
			<font>font22</font>
		</control>
		<control type="label" id="3">
			<description>No Presets Label</description>
			<posx>60</posx>
			<posy>40</posy>
			<label>13389</label>
			<width>400</width>
			<align>center</align>
			<font>font22</font>
		</control>
		<control type="grouplist" id="5">
			<description>control area</description>
			<posx>60</posx>
			<posy>35</posy>
			<width>400</width>
			<height>290</height>
			<itemgap>-5</itemgap>
			<pagecontrol>90</pagecontrol>
			<onleft>90</onleft>
			<onright>90</onright>
			<onup>5</onup>
			<ondown>5</ondown>
		</control>
		<control type="group" id="9002">
			<posx>410</posx>
			<posy>260</posy>
			<control type="spincontrol" id="90">
				<posx>10</posx>
				<posy>0</posy>
				<subtype>page</subtype>
				<showonepage>false</showonepage>
				<onleft>5</onleft>
				<onright>28</onright>
				<onup>5</onup>
				<ondown>28</ondown>
			</control>
		</control>
		<control type="button" id="7">
			<description>default button</description>
			<textoffsetx>10</textoffsetx>
			<focusedcolor>-</focusedcolor>
			<texturefocus>dialog-focus.png</texturefocus>
			<texturenofocus>dialog-nofocus.png</texturenofocus>
		</control>
		<control type="radiobutton" id="8">
			<description>default radiobutton</description>
			<posx>530</posx>
			<posy>150</posy>
			<align>left</align>
			<textoffsetx>10</textoffsetx>
			<texturefocus>dialog-focus.png</texturefocus>
			<texturenofocus>dialog-nofocus.png</texturenofocus>
			<textureradiofocus>settings-check-box.png</textureradiofocus>
			<textureradionofocus>settings-check-boxnf.png</textureradionofocus>
		</control>
		<control type="spincontrolex" id="9">
			<description>default spincontrolex</description>
			<posx>530</posx>
			<posy>150</posy>
			<width>300</width>
			<texturefocus>dialog-focus.png</texturefocus>
			<texturenofocus>dialog-nofocus.png</texturenofocus>
			<textureup>Arrow_Up.png</textureup>
			<texturedown>Arrow_Down.png</texturedown>
			<textureupfocus>Arrow_Up_Focus.png</textureupfocus>
			<texturedownfocus>Arrow_Down_Focus.png</texturedownfocus>
			<include>textcolor-disabled</include>
			<textoffsetx>10</textoffsetx>
			<reverse>yes</reverse>
		</control>
	</controls>
</window>