<window id="500">
	<defaultcontrol>50</defaultcontrol>
	<allowoverlay>no</allowoverlay>
	<controls>
		<include>CommonBackground</include>
		<include>Slider_Glow_Common</include>
		<control type="group">
			<include>Fade_List_FocusUnfocus_Animation</include>
			<include>CommonListView</include>
			<include>MusicListView2</include>
			<include>MusicListView3</include>
			<include>CommonThumbSmall</include>
			<include>CommonThumbBig</include>
			<include>MusicCoverWrapView</include>
		</control>
		<include>AllCommonPageControls</include>
		<control type="group" id="9000">
			<description>Sidebar group</description>
			<posx>-160</posx>
			<animation effect="slide" time="100" start="160,0">unfocus</animation>
			<animation effect="slide" time="100" end="160,0">focus</animation>
			<control type="image">
				<description>Sidebar Back image</description>
				<posx>-145</posx>
				<posy>0</posy>
				<width>425</width>
				<height>577</height>
				<texture>Side_Slideout.png</texture>
			</control>
			<control type="button" id="2">
				<description>view as icons button</description>
				<posy>120</posy>
				<label>100</label>
				<texturefocus>-</texturefocus>
				<texturenofocus>-</texturenofocus>
				<font>font20</font>
				<onleft>50</onleft>
				<onright>50</onright>
				<onup>5</onup>
				<ondown>20</ondown>
			</control>
			<control type="radiobutton" id="20">
				<description>Shuffle button</description>
				<posy>150</posy>
				<label>191</label>
				<include>focustextcolor-blue</include>
				<textoffsetx>30</textoffsetx>
				<align>right</align>
				<texturefocus>-</texturefocus>
				<texturenofocus>-</texturenofocus>
				<font>font20</font>
				<onleft>50</onleft>
				<onright>50</onright>
				<onup>2</onup>
				<ondown>26</ondown>
			</control>
			<control type="button" id="26">
				<description>Repeat button</description>
				<posy>180</posy>
				<label>-</label>
				<texturefocus>-</texturefocus>
				<texturenofocus>-</texturenofocus>
				<font>font20</font>
				<onleft>50</onleft>
				<onright>50</onright>
				<onup>20</onup>
				<ondown>21</ondown>
			</control>
			<control type="button" id="21">
				<description>Save button</description>
				<posy>210</posy>
				<label>190</label>
				<texturefocus>-</texturefocus>
				<texturenofocus>-</texturenofocus>
				<font>font20</font>
				<onleft>50</onleft>
				<onright>50</onright>
				<onup>26</onup>
				<ondown>22</ondown>
			</control>
			<control type="button" id="22">
				<description>Clear button</description>
				<posy>240</posy>
				<label>192</label>
				<texturefocus>-</texturefocus>
				<texturenofocus>-</texturenofocus>
				<font>font20</font>
				<onleft>50</onleft>
				<onright>50</onright>
				<onup>21</onup>
				<ondown>2</ondown>
			</control>
			<include>SlideBarClock</include>
			<include>SlideBarWeather</include>
		</control>
		<control type="image">
			<description>Top Back image</description>
			<posx>0</posx>
			<posy>0</posy>
			<width>720</width>
			<height>105</height>
			<texture>TBMusic.png</texture>
		</control>
		<control type="image">
			<description>Top Bar FRONT</description>
			<posx>0</posx>
			<posy>0</posy>
			<width>720</width>
			<height>116</height>
			<texture>Topbar_Front.png</texture>
		</control>
		<control type="label">
			<description>Main Heading text label</description>
			<align>center</align>
			<posx>360</posx>
			<posy>35</posy>
			<label>10517</label>
			<font>font20</font>
			<visible>!Skin.HasSetting(No_Title_Text)</visible>
		</control>
		<include>MusicNowPlayingDisplay</include>
		<include>Number_of_Files_Count</include>
	</controls>
</window>