<window id="502">
	<defaultcontrol>50</defaultcontrol>
	<allowoverlay>no</allowoverlay>
	<controls>
		<include>CommonBackground</include>
		<include>Slider_Glow_Common</include>
		<control type="group">
			<include>Fade_List_FocusUnfocus_Animation</include>
			<include>CommonListView</include>
			<include>MusicListView2</include>
			<include>MusicListView3</include>
			<include>CommonThumbSmall</include>
			<include>CommonThumbBig</include>
			<include>MusicCoverWrapView</include>
		</control>
		<include>AllCommonPageControls</include>
		<control type="group" id="9000">
			<description>Sidebar group</description>
			<posx>-160</posx>
			<animation effect="slide" time="100" start="160,0">unfocus</animation>
			<animation effect="slide" time="100" end="160,0">focus</animation>
			<control type="image">
				<description>Sidebar Back image</description>
				<posx>-145</posx>
				<posy>0</posy>
				<width>425</width>
				<height>577</height>
				<texture>Side_Slideout.png</texture>
			</control>
			<control type="button" id="2">
				<description>view as icons button</description>
				<posy>120</posy>
				<label>100</label>
				<texturefocus>-</texturefocus>
				<texturenofocus>-</texturenofocus>
				<font>font20</font>
				<onleft>50</onleft>
				<onright>50</onright>
				<onup>16</onup>
				<ondown>3</ondown>
			</control>
			<control type="button" id="3">
				<description>sort by button</description>
				<posy>150</posy>
				<label>103</label>
				<texturefocus>-</texturefocus>
				<texturenofocus>-</texturenofocus>
				<font>font20</font>
				<onleft>50</onleft>
				<onright>4</onright>
				<onup>2</onup>
				<ondown>99</ondown>
			</control>
			<control type="togglebutton" id="4">
				<description>sort asc</description>
				<label>-</label>
				<onleft>3</onleft>
				<onright>50</onright>
				<onup>2</onup>
				<ondown>99</ondown>
			</control>
			<control type="radiobutton" id="99">
				<description>Library button</description>
				<posx>0</posx>
				<posy>180</posy>
				<label>$LOCALIZE[14022] $LOCALIZE[456]</label>
				<font>font20</font>
				<align>right</align>
				<onclick>ReplaceWindow(mymusicfiles)</onclick>
				<onclick>SetFocus(99)</onclick>
				<selected>Window.IsVisible(mymusiclibrary)</selected>
				<texturefocus>-</texturefocus>
				<texturenofocus>-</texturenofocus>
				<onleft>50</onleft>
				<onright>50</onright>
				<onup>3</onup>
				<ondown>8</ondown>
			</control>
			<control type="button" id="8">
				<description>search button</description>
				<posy>210</posy>
				<label>137</label>
				<texturefocus>-</texturefocus>
				<texturenofocus>-</texturenofocus>
				<font>font20</font>
				<onleft>50</onleft>
				<onright>50</onright>
				<onup>99</onup>
				<ondown>17</ondown>
			</control>
			<control type="button" id="17">
				<description>AllMusic button</description>
				<posy>240</posy>
				<label>Allmusic</label>
				<texturefocus>-</texturefocus>
				<texturenofocus>-</texturenofocus>
				<font>font20</font>
				<onleft>50</onleft>
				<onright>50</onright>
				<onup>8</onup>
				<ondown>19</ondown>
			</control>
			<control type="radiobutton" id="19">
				<description>Filter button</description>
				<posy>270</posy>
				<label>587</label>
				<align>right</align>
				<texturefocus>-</texturefocus>
				<texturenofocus>-</texturenofocus>
				<font>font20</font>
				<onleft>50</onleft>
				<onright>50</onright>
				<onup>17</onup>
				<ondown>16</ondown>
			</control>
			<control type="radiobutton" id="16">
				<description>Partymode button</description>
				<posy>300</posy>
				<label>589</label>
				<align>right</align>
				<texturefocus>-</texturefocus>
				<texturenofocus>-</texturenofocus>
				<font>font20</font>
				<onleft>50</onleft>
				<onright>50</onright>
				<onup>19</onup>
				<ondown>2</ondown>
			</control>
			<include>SlideBarClock</include>
			<include>SlideBarWeather</include>
		</control>
		<control type="image">
			<description>Top Back image</description>
			<posx>0</posx>
			<posy>0</posy>
			<width>720</width>
			<height>105</height>
			<texture>TBMusic.png</texture>
		</control>
		<control type="image">
			<description>Top Bar FRONT</description>
			<posx>0</posx>
			<posy>0</posy>
			<width>720</width>
			<height>116</height>
			<texture>Topbar_Front.png</texture>
		</control>
		<control type="label">
			<description>Main Heading text label</description>
			<align>center</align>
			<posx>360</posx>
			<posy>35</posy>
			<label>10516</label>
			<font>font20</font>
			<visible>!Skin.HasSetting(No_Title_Text)</visible>
		</control>
		<include>MusicNowPlayingDisplay</include>
		<include>Number_of_Files_Count</include>
	</controls>
</window>