<window id="2">
	<defaultcontrol>50</defaultcontrol>
	<allowoverlay>no</allowoverlay>
	<controls>
		<include>CommonBackground</include>
		<include>Slider_Glow_Common</include>
		<control type="group">
			<include>Fade_List_FocusUnfocus_Animation</include>
\			<include>CommonListView</include>
			<include>CommonListView2</include>
			<include>CommonThumbSmall</include>
			<include>CommonThumbBig</include>
			<include>PictureThumbSmall2</include>
		</control>
		<include>AllCommonPageControls</include>
		<control type="group" id="9000">
			<description>Sidebar group</description>
			<posx>-160</posx>
			<animation effect="slide" time="100" start="160,0">unfocus</animation>
			<animation effect="slide" time="100" end="160,0">focus</animation>
			<control type="image">
				<description>Sidebar Back image</description>
				<posx>-145</posx>
				<posy>0</posy>
				<width>425</width>
				<height>577</height>
				<texture>Side_Slideout.png</texture>
			</control>
			<control type="button" id="2">
				<description>view as icons button</description>
				<posy>120</posy>
				<label>100</label>
				<texturefocus>-</texturefocus>
				<texturenofocus>-</texturenofocus>
				<font>font20</font>
				<onleft>50</onleft>
				<onright>50</onright>
				<onup>9</onup>
				<ondown>3</ondown>
			</control>
			<control type="button" id="3">
				<description>sort by button</description>
				<posy>150</posy>
				<label>103</label>
				<texturefocus>-</texturefocus>
				<texturenofocus>-</texturenofocus>
				<font>font20</font>
				<onleft>50</onleft>
				<onright>4</onright>
				<onup>2</onup>
				<ondown>6</ondown>
			</control>
			<control type="togglebutton" id="4">
				<description>sort asc</description>
				<label>-</label>
				<onleft>3</onleft>
				<onright>50</onright>
				<onup>2</onup>
				<ondown>6</ondown>
			</control>
			<control type="button" id="6">
				<description>slideshow button</description>
				<posy>180</posy>
				<label>108</label>
				<texturefocus>-</texturefocus>
				<texturenofocus>-</texturenofocus>
				<font>font20</font>
				<onleft>50</onleft>
				<onright>50</onright>
				<onup>3</onup>
				<ondown>7</ondown>
			</control>
			<control type="button" id="7">
				<description>recursive slideshow</description>
				<posy>210</posy>
				<label>361</label>
				<texturefocus>-</texturefocus>
				<texturenofocus>-</texturenofocus>
				<font>font20</font>
				<onleft>50</onleft>
				<onright>50</onright>
				<onup>6</onup>
				<ondown>9</ondown>
			</control>
			<control type="radiobutton" id="9">
				<description>randomize button</description>
				<posy>240</posy>
				<label>13319</label>
				<texturefocus>-</texturefocus>
				<texturenofocus>-</texturenofocus>
				<align>right</align>
				<font>font20</font>
				<onleft>50</onleft>
				<onright>50</onright>
				<onup>7</onup>
				<ondown>2</ondown>
			</control>
			<include>SlideBarClock</include>
			<include>SlideBarWeather</include>
		</control>
		<control type="image">
			<description>Top Back image</description>
			<posx>0</posx>
			<posy>0</posy>
			<width>720</width>
			<height>105</height>
			<texture>TBPictures.png</texture>
		</control>
		<control type="image">
			<description>Top Bar FRONT</description>
			<posx>0</posx>
			<posy>0</posy>
			<width>720</width>
			<height>116</height>
			<texture>Topbar_Front.png</texture>
		</control>
		<control type="label">
			<description>Main Heading text label</description>
			<align>center</align>
			<posx>360</posx>
			<posy>35</posy>
			<label>1</label>
			<font>font20</font>
			<visible>!Skin.HasSetting(No_Title_Text)</visible>
		</control>
		<include>MusicNowPlayingDisplay</include>
		<include>Number_of_Files_Count</include>
	</controls>
</window>