<includes>
	<default type="image">
		<posx>0</posx>
		<posy>0</posy>
		<texture>-</texture>
		<colorkey>0</colorkey>
		<colordiffuse>ffffffff</colordiffuse>
	</default>
	<default type="label">
		<posx>80</posx>
		<posy>60</posy>
		<label>-</label>
		<font>font13</font>
		<textcolor>main-text</textcolor>
	</default>
	<default type="spinbutton">
		<posx>300</posx>
		<posy>200</posy>
		<width>22</width>
		<height>44</height>
		<textureup>scroll-up.png</textureup>
		<texturedown>scroll-down.png</texturedown>
		<textureupfocus>scroll-up-focus.png</textureupfocus>
		<texturedownfocus>scroll-down-focus.png</texturedownfocus>
		<font>font13</font>
		<textoffsetx>10</textoffsetx>
		<colordiffuse>object-color</colordiffuse>
		<spincolor>spin-color</spincolor>
		<focusedcolor>button-focus-text</focusedcolor>
		<textcolor>button-nofocus-text</textcolor>
		<disabledcolor>disabled-text</disabledcolor>
	</default>
	<default type="button">
		<posx>300</posx>
		<posy>200</posy>
		<width>170</width>
		<height>42</height>
		<texturefocus>button.png</texturefocus>
		<texturenofocus>button.png</texturenofocus>
		<font>font13</font>
		<focusedcolor>button-focus-text</focusedcolor>
		<textcolor>button-nofocus-text</textcolor>
		<disabledcolor>disabled-text</disabledcolor>
		<textoffsetx>10</textoffsetx>
		<aligny>center</aligny>
	</default>
	<default type="togglebutton">
		<posx>185</posx>
		<posy>167</posy>
		<width>15</width>
		<height>15</height>
		<texturefocus>scroll-up-focus.png</texturefocus>
		<texturenofocus>scroll-up.png</texturenofocus>
		<alttexturefocus>scroll-down-focus.png</alttexturefocus>
		<alttexturenofocus>scroll-down.png</alttexturenofocus>
		<label>-</label>
		<font>font13</font>
		<colordiffuse>object-color</colordiffuse>
		<focusedcolor>button-focus-text</focusedcolor>
		<textcolor>button-nofocus-text</textcolor>
		<disabledcolor>disabled-text</disabledcolor>
	</default>
	<default type="listcontrol">
		<posx>211</posx>
		<posy>121</posy>
		<width>445</width>
		<height>425</height>
		<spinwidth>16</spinwidth>
		<spinheight>16</spinheight>
		<spinposx>415</spinposx>
		<spinposy>405</spinposy>
		<spincolor>spin-color</spincolor>
		<textureup>scroll-up.png</textureup>
		<texturedown>scroll-down.png</texturedown>
		<textureupfocus>scroll-up-focus.png</textureupfocus>
		<texturedownfocus>scroll-down-focus.png</texturedownfocus>
		<texturefocus>line.png</texturefocus>
		<texturenofocus>-</texturenofocus>
		<image>icon-folder.png</image>
		<textureheight>34</textureheight>
		<font>font13</font>
		<selectedcolor>selected-text</selectedcolor>
		<textcolor>main-text</textcolor>
		<include>button-focus-text2</include>
		<colordiffuse>ffffffff</colordiffuse>
		<suffix> |</suffix>
		<textxoff>3</textxoff>
		<textxoff2>0</textxoff2>
		<aligny>center</aligny>
	</default>
	<default type="listcontrolex">
		<posx>211</posx>
		<posy>121</posy>
		<width>445</width>
		<height>425</height>
		<spinwidth>16</spinwidth>
		<spinheight>16</spinheight>
		<spinposx>415</spinposx>
		<spinposy>405</spinposy>
		<spincolor>spin-color</spincolor>
		<textureup>scroll-up.png</textureup>
		<texturedown>scroll-down.png</texturedown>
		<textureupfocus>scroll-up-focus.png</textureupfocus>
		<texturedownfocus>scroll-down-focus.png</texturedownfocus>
		<texturefocus>line.png</texturefocus>
		<texturenofocus>-</texturenofocus>
		<image>icon-folder.png</image>
		<textureheight>34</textureheight>
		<font>font13</font>
		<selectedcolor>selected-text</selectedcolor>
		<textcolor>main-text</textcolor>
		<include>button-focus-text2</include>
		<colordiffuse>ffffffff</colordiffuse>
		<suffix> |</suffix>
		<textxoff>3</textxoff>
		<textxoff2>0</textxoff2>
		<aligny>center</aligny>
	</default>
	<default type="thumbnailpanel">
		<posx>211</posx>
		<posy>121</posy>
		<width>520</width>
		<height>430</height>
		<spinwidth>16</spinwidth>
		<spinheight>16</spinheight>
		<spincolor>spin-color</spincolor>
		<spinposx>415</spinposx>
		<spinposy>405</spinposy>
		<textureup>scroll-up.png</textureup>
		<texturedown>scroll-down.png</texturedown>
		<textureupfocus>scroll-up-focus.png</textureupfocus>
		<texturedownfocus>scroll-down-focus.png</texturedownfocus>
		<itemwidth>115</itemwidth>
		<itemheight>130</itemheight>
		<texturewidth>92</texturewidth>
		<textureheight>100</textureheight>
		<thumbwidth>82</thumbwidth>
		<thumbheight>90</thumbheight>
		<thumbposx>5</thumbposx>
		<thumbposy>5</thumbposy>
		<imagefolder>-</imagefolder>
		<imagefolderfocus>thumb-focus.png</imagefolderfocus>
		<font>font10</font>
		<selectedcolor>selected-text</selectedcolor>
		<focusedcolor>button-focus-text</focusedcolor>
		<texturewidthbig>134</texturewidthbig>
		<textureheightbig>143</textureheightbig>
		<itemwidthbig>151</itemwidthbig>
		<itemheightbig>200</itemheightbig>
		<thumbwidthbig>120</thumbwidthbig>
		<thumbheightbig>133</thumbheightbig>
		<thumbposxbig>7</thumbposxbig>
		<thumbposybig>5</thumbposybig>
		<suffix>-</suffix>
	</default>
	<default type="fadelabel">
		<posx>55</posx>
		<posy>530</posy>
		<width>180</width>
		<align>left</align>
		<font>font13</font>
		<textcolor>main-text</textcolor>
	</default>
	<default type="textbox">
		<posx>220</posx>
		<posy>330</posy>
		<width>470</width>
		<height>210</height>
		<spinwidth>16</spinwidth>
		<spinheight>16</spinheight>
		<spinposx>480</spinposx>
		<spinposy>205</spinposy>
		<textureup>scroll-up.png</textureup>
		<texturedown>scroll-down.png</texturedown>
		<textureupfocus>scroll-up-focus.png</textureupfocus>
		<texturedownfocus>scroll-down-focus.png</texturedownfocus>
		<image>icon-folder.png</image>
		<font>font13</font>
		<textcolor>main-text</textcolor>
		<spincolor>spin-color</spincolor>
		<colordiffuse>ffFF0000</colordiffuse>
	</default>
	<default type="progress">
		<posx>100</posx>
		<posy>325</posy>
		<texturebg>progress-background.png</texturebg>
		<lefttexture>progress-left.png</lefttexture>
		<midtexture>progress-middle.png</midtexture>
		<righttexture>progress-right.png</righttexture>
		<overlaytexture>-</overlaytexture>
		<colordiffuse>object-color</colordiffuse>
	</default>
	<default type="spincontrol">
		<posx>330</posx>
		<posy>126</posy>
		<textureup>scroll-up.png</textureup>
		<texturedown>scroll-down.png</texturedown>
		<textureupfocus>scroll-up-focus.png</textureupfocus>
		<texturedownfocus>scroll-down-focus.png</texturedownfocus>
		<align>right</align>
		<width>15</width>
		<height>20</height>
		<font>font13</font>
		<reverse>yes</reverse>
		<textcolor>main-text</textcolor>
		<disabledcolor>disabled-text</disabledcolor>
		<colordiffuse>object-color</colordiffuse>
		<spincolor>spin-color</spincolor>
		<subtype>text</subtype>
	</default>
	<default type="spincontrolex">
		<posx>530</posx>
		<posy>150</posy>
		<width>300</width>
		<height>33</height>
		<spinwidth>15</spinwidth>
		<spinheight>20</spinheight>
		<texturefocus>line.png</texturefocus>
		<texturenofocus>-</texturenofocus>
		<textureup>scroll-up.png</textureup>
		<texturedown>scroll-down.png</texturedown>
		<textureupfocus>scroll-up-focus.png</textureupfocus>
		<texturedownfocus>scroll-down-focus.png</texturedownfocus>
		<font>font13</font>
		<textoffsetx>10</textoffsetx>
		<textcolor>main-text</textcolor>
		<disabledcolor>disabled-text</disabledcolor>
		<colordiffuse>object-color</colordiffuse>
		<spincolor>spin-color</spincolor>
		<reverse>yes</reverse>
	</default>
	<default type="checkmark">
		<posx>208</posx>
		<posy>166</posy>
		<focusedcolor>button-focus-text</focusedcolor>
		<textcolor>button-nofocus-text</textcolor>
		<disabledcolor>disabled-text</disabledcolor>
		<font>font13</font>
		<label>167</label>
		<texturecheckmark>checkbox-fo.png</texturecheckmark>
		<texturecheckmarknofocus>checkbox-nf.png</texturecheckmarknofocus>
		<markwidth>16</markwidth>
		<markheight>20</markheight>
		<align>left</align>
		<shadow>no</shadow>
	</default>
	<default type="radiobutton">
		<posx>50</posx>
		<posy>268</posy>
		<width>170</width>
		<height>42</height>
		<textureradiofocus>checkbox-fo.png</textureradiofocus>
		<textureradionofocus>checkbox-nf.png</textureradionofocus>
		<texturefocus>button.png</texturefocus>
		<texturenofocus>button.png</texturenofocus>
		<label>215</label>
		<font>font13</font>
		<textoffsetx>10</textoffsetx>
		<focusedcolor>button-focus-text</focusedcolor>
		<textcolor>button-nofocus-text</textcolor>
		<disabledcolor>disabled-text</disabledcolor>
		<aligny>center</aligny>
		<colordiffuse>object-color</colordiffuse>
	</default>
	<default type="selectbutton">
		<posx>60</posx>
		<posy>192</posy>
		<width>140</width>
		<height>35</height>
		<label>132</label>
		<font>font13</font>
		<texturefocus>button-focus.png</texturefocus>
		<texturenofocus>button-nofocus.png</texturenofocus>
		<texturebg>button-nofocus.png</texturebg>
		<textureleft>scroll-left.png</textureleft>
		<textureleftfocus>scroll-left-focus.png</textureleftfocus>
		<textureright>scroll-right.png</textureright>
		<texturerightfocus>scroll-right-focus.png</texturerightfocus>
		<font>font13</font>
		<textoffsetx>10</textoffsetx>
		<colordiffuse>object-color</colordiffuse>
		<focusedcolor>button-focus-text</focusedcolor>
		<textcolor>button-nofocus-text</textcolor>
		<disabledcolor>disabled-text</disabledcolor>
		<onleft>50</onleft>
		<onright>50</onright>
		<onup>3</onup>
		<ondown>7</ondown>
		<aligny>center</aligny>
	</default>
	<default type="slider">
		<controloffsetx>75</controloffsetx>
		<controloffsety>0</controloffsety>
	</default>
	<default type="mover">
		<posx>60</posx>
		<posy>192</posy>
		<texturefocus>button-focus.png</texturefocus>
		<texturenofocus>button-nofocus.png</texturenofocus>
		<colordiffuse>object-color</colordiffuse>
	</default>
	<default type="resize">
		<posx>60</posx>
		<posy>192</posy>
		<texturefocus>button-focus.png</texturefocus>
		<texturenofocus>button-nofocus.png</texturenofocus>
		<colordiffuse>object-color</colordiffuse>
	</default>
</includes>