<window id="2002">
	<defaultcontrol>10</defaultcontrol>
	<controls>
		<include>Dialog-Container</include>
		<control type="group">
			<include>media-slide</include>
			<control type="label" id="1">
				<description>dialog heading</description>
				<posx>5</posx>
				<posy>120</posy>
				<label>0</label>
				<font>font14</font>
				<textcolor>main-text</textcolor>
			</control>
			<control type="label" id="2">
				<description>dialog line 1</description>
				<posx>5</posx>
				<posy>170</posy>
				<width>385</width>
				<wrapmultiline>true</wrapmultiline>
				<label>0</label>
				<font>font13</font>
				<textcolor>main-text</textcolor>
			</control>
			<control type="label" id="3">
				<description>dialog line 2</description>
				<posx>5</posx>
				<posy>230</posy>
				<width>385</width>
				<label>0</label>
				<font>font13</font>
				<textcolor>main-text</textcolor>
			</control>
			<control type="label" id="4">
				<description>dialog line 3</description>
				<posx>5</posx>
				<posy>260</posy>
				<label>0</label>
				<font>font14</font>
				<textcolor>main-text</textcolor>
			</control>
			<control type="button" id="10">
				<description>OK button</description>
				<posx>5</posx>
				<posy>435</posy>
				<width>100</width>
				<label>186</label>
				<align>center</align>
				<onleft>10</onleft>
				<onright>10</onright>
				<onup>10</onup>
				<ondown>10</ondown>
			</control>
		</control>
		<include>Dialog-Shutters</include>
	</controls>
</window>