<window id="129">
	<defaultcontrol>10</defaultcontrol>
	<controls>
		<include>Dialog-Container</include>
		<control type="group">
			<include>dialog-slide</include>
			<control type="label" id="2">
				<description>Heading Label</description>
				<posx>5</posx>
				<posy>110</posy>
				<width>365</width>
				<align>left</align>
				<label>-</label>
				<font>font14</font>
				<textcolor>main-text</textcolor>
			</control>
			<control type="label" id="0">
				<description>path label</description>
				<posx>5</posx>
				<posy>140</posy>
				<width>365</width>
				<align>left</align>
				<font>font12</font>
				<label>1021</label>
				<scroll>true</scroll>
				<textcolor>button-nofocus-text</textcolor>
			</control>
			<control type="list" id="10">
				<posx>5</posx>
				<posy>180</posy>
				<width>240</width>
				<height>160</height>
				<onleft>11</onleft>
				<onright>11</onright>
				<onup>18</onup>
				<ondown>12</ondown>
				<scrolltime>200</scrolltime>
				<itemlayout height="32">
					<control type="label">
						<posx>0</posx>
						<posy>0</posy>
						<width>240</width>
						<height>30</height>
						<font>font13</font>
						<align>left</align>
						<scroll>true</scroll>
						<aligny>center</aligny>
						<textcolor>button-nofocus-text</textcolor>
						<info>ListItem.Label</info>
					</control>
				</itemlayout>
				<focusedlayout height="32">
					<control type="image">
						<posx>0</posx>
						<posy>0</posy>
						<width>240</width>
						<height>30</height>
						<texture>line.png</texture>
						<colordiffuse>object-color</colordiffuse>
						<visible>Control.HasFocus(10)</visible>
					</control>
					<control type="label">
						<posx>0</posx>
						<posy>0</posy>
						<width>240</width>
						<height>30</height>
						<font>font13</font>
						<align>left</align>
						<scroll>true</scroll>
						<aligny>center</aligny>
						<textcolor>main-text</textcolor>
						<selectedcolor>selected-text</selectedcolor>
						<info>ListItem.Label</info>
					</control>
				</focusedlayout>
			</control>
			<control type="button" id="11">
				<description>Browse Button</description>
				<posx>285</posx>
				<posy>190</posy>
				<width>90</width>
				<font>font12</font>
				<textoffsetx>12</textoffsetx>
				<label>1024</label>
				<align>center</align>
				<aligny>center</aligny>
				<onup>18</onup>
				<onleft>10</onleft>
				<onright>10</onright>
				<ondown>13</ondown>
			</control>
			<control type="button" id="13">
				<description>Add Path Button</description>
				<posx>285</posx>
				<posy>235</posy>
				<width>90</width>
				<font>font12</font>
				<textoffsetx>12</textoffsetx>
				<label>15019</label>
				<align>center</align>
				<aligny>center</aligny>
				<onup>11</onup>
				<onleft>10</onleft>
				<onright>10</onright>
				<ondown>14</ondown>
			</control>
			<control type="button" id="14">
				<description>Remove Path Button</description>
				<posx>285</posx>
				<posy>280</posy>
				<width>90</width>
				<font>font12</font>
				<textoffsetx>12</textoffsetx>
				<label>1210</label>
				<align>center</align>
				<aligny>center</aligny>
				<onup>13</onup>
				<onleft>10</onleft>
				<onright>10</onright>
				<ondown>12</ondown>
			</control>
			<control type="label" id="0">
				<description>Name Label</description>
				<posx>5</posx>
				<posy>360</posy>
				<width>420</width>
				<font>font12</font>
				<label>1022</label>
			</control>
			<control type="button" id="12">
				<description>Name Button</description>
				<posx>5</posx>
				<posy>395</posy>
				<width>365</width>
				<font>font12</font>
				<texturefocus>-</texturefocus>
				<texturenofocus>-</texturenofocus>
				<textoffsetx>0</textoffsetx>
				<textwidth>365</textwidth>
				<aligny>center</aligny>
				<label>-</label>
				<onup>10</onup>
				<onleft>12</onleft>
				<onright>19</onright>
				<ondown>18</ondown>
			</control>
			<control type="image">
				<description>Name Button Line</description>
				<posx>5</posx>
				<posy>398</posy>
				<width>365</width>
				<height>30</height>
				<texture>line.png</texture>
				<colordiffuse>object-color</colordiffuse>
				<visible>Control.HasFocus(12)</visible>
			</control>
			<control type="button" id="18">
				<description>Ok Button</description>
				<posx>5</posx>
				<posy>435</posy>
				<width>100</width>
				<align>center</align>
				<aligny>center</aligny>
				<label>186</label>
				<onup>12</onup>
				<onleft>19</onleft>
				<onright>19</onright>
				<ondown>10</ondown>
			</control>
			<control type="button" id="19">
				<description>Cancel Button</description>
				<posx>115</posx>
				<posy>435</posy>
				<width>100</width>
				<align>center</align>
				<aligny>center</aligny>
				<label>222</label>
				<onup>12</onup>
				<onleft>18</onleft>
				<onright>18</onright>
				<ondown>10</ondown>
			</control>
		</control>
		<include>Dialog-Shutters</include>
	</controls>
</window>