﻿<window id="109">
	<defaultcontrol>21</defaultcontrol>
	<controls>
		<include>Container</include>
		<control type="group">
			<include>media-slide</include>
			<control type="label" id="4">
				<description>dialog line</description>
  				<posx>5</posx> 
  				<posy>110</posy> 
  				<width>365</width>
				<label>-</label>
				<font>font14</font>
				<textcolor>main-text</textcolor>
				<disabledcolor>disabled-text</disabledcolor>
				<include>media-slide</include>
			</control>
			<control type="button" id="11">
				<description>1 button</description>
				<posx>10</posx>
				<posy>170</posy>
				<width>50</width>
				<height>50</height>
				<texturenofocus>osd-button.png</texturenofocus>
				<texturefocus>osd-button.png</texturefocus>
				<label>12311</label>
				<align>center</align>
				<aligny>center</aligny>
				<onleft>13</onleft>
				<onright>12</onright>
				<onup>20</onup>
				<ondown>14</ondown>
			</control>
			<control type="button" id="12">
				<description>2 button</description>
				<posx>60</posx>
				<posy>170</posy>
				<width>50</width>
				<height>50</height>
				<texturenofocus>osd-button.png</texturenofocus>
				<texturefocus>osd-button.png</texturefocus>
				<label>12312</label>
				<align>center</align>
				<aligny>center</aligny>
				<onleft>11</onleft>
				<onright>13</onright>
				<onup>10</onup>
				<ondown>15</ondown>
			</control>
			<control type="button" id="13">
				<description>3 button</description>
				<posx>110</posx>
				<posy>170</posy>
				<width>50</width>
				<height>50</height>
				<texturenofocus>osd-button.png</texturenofocus>
				<texturefocus>osd-button.png</texturefocus>
				<label>12313</label>
				<align>center</align>
				<aligny>center</aligny>
				<onleft>12</onleft>
				<onright>11</onright>
				<onup>21</onup>
				<ondown>16</ondown>
			</control>
			<control type="button" id="14">
				<description>4 button</description>
				<posx>10</posx>
				<posy>220</posy>
				<width>50</width>
				<height>50</height>
				<texturenofocus>osd-button.png</texturenofocus>
				<texturefocus>osd-button.png</texturefocus>
				<label>12314</label>
				<align>center</align>
				<aligny>center</aligny>
				<onleft>16</onleft>
				<onright>15</onright>
				<onup>11</onup>
				<ondown>17</ondown>
			</control>
			<control type="button" id="15">
				<description>5 button</description>
				<posx>60</posx>
				<posy>220</posy>
				<width>50</width>
				<height>50</height>
				<texturenofocus>osd-button.png</texturenofocus>
				<texturefocus>osd-button.png</texturefocus>
				<label>12315</label>
				<align>center</align>
				<aligny>center</aligny>
				<onleft>14</onleft>
				<onright>16</onright>
				<onup>12</onup>
				<ondown>18</ondown>
			</control>
			<control type="button" id="16">
				<description>6 button</description>
				<posx>110</posx>
				<posy>220</posy>
				<width>50</width>
				<height>50</height>
				<texturenofocus>osd-button.png</texturenofocus>
				<texturefocus>osd-button.png</texturefocus>
				<label>12316</label>
				<align>center</align>
				<aligny>center</aligny>
				<onleft>15</onleft>
				<onright>14</onright>
				<onup>13</onup>
				<ondown>19</ondown>
			</control>
			<control type="button" id="17">
				<description>7 button</description>
				<posx>10</posx>
				<posy>270</posy>
				<width>50</width>
				<height>50</height>
				<texturenofocus>osd-button.png</texturenofocus>
				<texturefocus>osd-button.png</texturefocus>
				<label>12317</label>
				<align>center</align>
				<aligny>center</aligny>
				<onleft>19</onleft>
				<onright>18</onright>
				<onup>14</onup>
				<ondown>20</ondown>
			</control>
			<control type="button" id="18">
				<description>8 button</description>
				<posx>60</posx>
				<posy>270</posy>
				<width>50</width>
				<height>50</height>
				<texturenofocus>osd-button.png</texturenofocus>
				<texturefocus>osd-button.png</texturefocus>
				<label>12318</label>
				<align>center</align>
				<aligny>center</aligny>
				<onleft>17</onleft>
				<onright>19</onright>
				<onup>15</onup>
				<ondown>10</ondown>
			</control>
			<control type="button" id="19">
				<description>9 button</description>
				<posx>110</posx>
				<posy>270</posy>
				<width>50</width>
				<height>50</height>
				<texturenofocus>osd-button.png</texturenofocus>
				<texturefocus>osd-button.png</texturefocus>
				<label>12319</label>
				<align>center</align>
				<aligny>center</aligny>
				<onleft>18</onleft>
				<onright>17</onright>
				<onup>16</onup>
				<ondown>21</ondown>
			</control>
			<control type="button" id="20">
				<description>c button</description>
				<posx>10</posx>
				<posy>320</posy>
				<width>50</width>
				<height>50</height>
				<texturenofocus>osd-button.png</texturenofocus>
				<texturefocus>osd-button.png</texturefocus>
				<label>CE</label>
				<align>center</align>
				<aligny>center</aligny>
				<onleft>21</onleft>
				<onright>10</onright>
				<onup>17</onup>
				<ondown>11</ondown>
			</control>
			<control type="button" id="10">
				<description>0 button</description>
				<posx>60</posx>
				<posy>320</posy>
				<width>50</width>
				<height>50</height>
				<texturenofocus>osd-button.png</texturenofocus>
				<texturefocus>osd-button.png</texturefocus>
				<label>12310</label>
				<align>center</align>
				<aligny>center</aligny>
				<onleft>20</onleft>
				<onright>21</onright>
				<onup>18</onup>
				<ondown>12</ondown>
			</control>
			<control type="button" id="21">
				<description>ok button</description>
				<posx>110</posx>
				<posy>320</posy>
				<width>50</width>
				<height>50</height>
				<texturenofocus>osd-button.png</texturenofocus>
				<texturefocus>osd-button.png</texturefocus>
				<label>OK</label>
				<align>center</align>
				<aligny>center</aligny>
				<onleft>10</onleft>
				<onright>20</onright>
				<onup>19</onup>
				<ondown>13</ondown>
			</control>
		</control>
		<include>Dialog-Shutters</include>
	</controls>
</window>