<window id="128">
	<defaultcontrol>10</defaultcontrol>
	<controls>
		<include>Dialog-Container</include>
		<control type="group">
			<include>dialog-slide</include>
			<control type="label" id="2">
				<description>Heading Label</description>
				<posx>5</posx>
				<posy>110</posy>
				<width>365</width>
				<align>left</align>
				<label>1007</label>
				<font>font14</font>
				<textcolor>main-text</textcolor>
			</control>
			<control type="spincontrolex" id="10">
				<description>Protocol SpinControl</description>
				<posx>5</posx>
				<posy>180</posy>
				<height>41</height>
				<width>365</width>
				<texturefocus>-</texturefocus>
				<texturenofocus>-</texturenofocus>
				<textureup>scroll-up.png</textureup>
				<texturedown>scroll-down.png</texturedown>
				<textureupfocus>scroll-up-focus.png</textureupfocus>
				<texturedownfocus>scroll-down-focus.png</texturedownfocus>
				<font>font12</font>
				<focusedcolor>button-focus-text</focusedcolor>
				<textcolor>button-nofocus-text</textcolor>
				<disabledcolor>disabled-text</disabledcolor>
				<textoffsetx>0</textoffsetx>
				<aligny>center</aligny>
				<reverse>yes</reverse>
				<label>1008</label>
				<onup>18</onup>
				<ondown>11</ondown>
				<onleft>10</onleft>
				<onright>10</onright>
			</control>
			<control type="image">
				<description>Protocol Spincontrol Line</description>
				<posx>5</posx>
				<posy>183</posy>
				<width>365</width>
				<height>30</height>
				<texture>line.png</texture>
				<colordiffuse>object-color</colordiffuse>
				<visible>Control.HasFocus(10)</visible>
			</control>
			<control type="button" id="11">
				<description>Server Address Button</description>
				<posx>5</posx>
				<posy>275</posy>
				<width>280</width>
				<height>32</height>
				<font>font12</font>
				<textoffsetx>0</textoffsetx>
				<aligny>center</aligny>
				<texturefocus>-</texturefocus>
				<texturenofocus>-</texturenofocus>
				<label>-</label>
				<scroll>true</scroll>
				<onup>10</onup>
				<onleft>12</onleft>
				<onright>12</onright>
				<ondown>16</ondown>
			</control>
			<control type="image">
				<description>Server Address Button Line</description>
				<posx>5</posx>
				<posy>278</posy>
				<width>280</width>
				<height>30</height>
				<texture>line.png</texture>
				<colordiffuse>object-color</colordiffuse>
				<visible>Control.HasFocus(11)</visible>
			</control>
			<control type="button" id="12">
				<description>Server Browse Button</description>
				<posx>285</posx>
				<posy>275</posy>
				<width>90</width>
				<font>font12</font>
				<textoffsetx>0</textoffsetx>
				<label>1024</label>
				<align>center</align>
				<aligny>center</aligny>
				<onup>10</onup>
				<onleft>11</onleft>
				<onright>11</onright>
				<ondown>16</ondown>
			</control>
			<control type="button" id="16">
				<description>Remote path Button</description>
				<posx>5</posx>
				<posy>305</posy>
				<width>365</width>
				<height>32</height>
				<font>font12</font>
				<textoffsetx>0</textoffsetx>
				<aligny>center</aligny>
				<texturefocus>-</texturefocus>
				<texturenofocus>-</texturenofocus>
				<label>-</label>
				<onup>11</onup>
				<onleft>16</onleft>
				<onright>16</onright>
				<ondown>13</ondown>
			</control>
			<control type="image">
				<description>Remote path Button Line</description>
				<posx>5</posx>
				<posy>308</posy>
				<width>365</width>
				<height>30</height>
				<texture>line.png</texture>
				<colordiffuse>object-color</colordiffuse>
				<visible>Control.HasFocus(16)</visible>
			</control>
			<control type="button" id="13">
				<description>Port Button</description>
				<posx>5</posx>
				<posy>335</posy>
				<width>365</width>
				<font>font12</font>
				<textoffsetx>0</textoffsetx>
				<aligny>center</aligny>
				<texturefocus>-</texturefocus>
				<texturenofocus>-</texturenofocus>
				<label>1013</label>
				<onup>16</onup>
				<onleft>13</onleft>
				<onright>13</onright>
				<ondown>14</ondown>
			</control>
			<control type="image">
				<description>Port Button Line</description>
				<posx>5</posx>
				<posy>338</posy>
				<width>365</width>
				<height>30</height>
				<texture>line.png</texture>
				<colordiffuse>object-color</colordiffuse>
				<visible>Control.HasFocus(13)</visible>
			</control>
			<control type="button" id="14">
				<description>Username Button</description>
				<posx>5</posx>
				<posy>365</posy>
				<width>365</width>
				<font>font12</font>
				<textoffsetx>0</textoffsetx>
				<aligny>center</aligny>
				<texturefocus>-</texturefocus>
				<texturenofocus>-</texturenofocus>
				<label>1014</label>
				<onup>13</onup>
				<onleft>14</onleft>
				<onright>14</onright>
				<ondown>15</ondown>
			</control>
			<control type="image">
				<description>Username Button Line</description>
				<posx>5</posx>
				<posy>368</posy>
				<width>365</width>
				<height>30</height>
				<texture>line.png</texture>
				<colordiffuse>object-color</colordiffuse>
				<visible>Control.HasFocus(14)</visible>
			</control>
			<control type="button" id="15">
				<description>Password Button</description>
				<posx>5</posx>
				<posy>395</posy>
				<width>365</width>
				<font>font12</font>
				<textoffsetx>0</textoffsetx>
				<aligny>center</aligny>
				<texturefocus>-</texturefocus>
				<texturenofocus>-</texturenofocus>
				<label>15052</label>
				<onup>14</onup>
				<onleft>15</onleft>
				<onright>15</onright>
				<ondown>18</ondown>
			</control>
			<control type="image">
				<description>Password Button Line</description>
				<posx>5</posx>
				<posy>398</posy>
				<width>365</width>
				<height>30</height>
				<texture>line.png</texture>
				<colordiffuse>object-color</colordiffuse>
				<visible>Control.HasFocus(15)</visible>
			</control>
			<control type="button" id="18">
				<description>Ok Button</description>
				<posx>5</posx>
				<posy>435</posy>
				<width>100</width>
				<align>center</align>
				<aligny>center</aligny>
				<label>186</label>
				<onup>15</onup>
				<onleft>19</onleft>
				<onright>19</onright>
				<ondown>10</ondown>
			</control>
			<control type="button" id="19">
				<description>Cancel Button</description>
				<posx>115</posx>
				<posy>435</posy>
				<width>100</width>
				<align>center</align>
				<aligny>center</aligny>
				<label>222</label>
				<onup>15</onup>
				<onleft>18</onleft>
				<onright>18</onright>
				<ondown>10</ondown>
			</control>
		</control>
		<include>Dialog-Shutters</include>
	</controls>
</window>