<fonts>
	<fontset id="Default" unicode="true">
		<font>
			<name>font10</name>
			<filename>Daville.ttf</filename>
			<size>12</size>
		</font>
		<font>
			<name>font12</name>
			<filename>Daville.ttf</filename>
			<size>14</size>
		</font>
		<font>
			<name>font13</name>
			<filename>Daville.ttf</filename>
			<size>15</size>
		</font>
		<font>
			<name>font14</name>
			<filename>Daville.ttf</filename>
			<size>18</size>
		</font>
		<font>
			<name>font15</name>
			<filename>Daville.ttf</filename>
			<size>13</size>
		</font>
		<font>
			<name>font30</name>
			<filename>Daville.ttf</filename>
			<size>27</size>
		</font>
		<font>
			<name>home</name>
			<filename>HomeLabels.ttf</filename>
			<size>45</size>
		</font>
	</fontset>
</fonts>