<window id="131">
	<defaultcontrol>1</defaultcontrol>
	<visible>Window.IsActive(131)</visible>
	<controls>
		<control type="group">
			<control type="spincontrol" id="60">
				<description>Next page button</description>
				<posx>420</posx>
				<posy>295</posy>
				<subtype>page</subtype>
				<showonepage>false</showonepage>
				<font>font12</font>
				<onleft>5</onleft>
				<onright>5</onright>
				<onup>28</onup>
				<ondown>28</ondown>
			</control>
			<control type="grouplist" id="5">
				<description>control area</description>
				<posx>200</posx>
				<posy>110</posy>
				<width>500</width>
				<height>354</height>
				<pagecontrol>60</pagecontrol>
				<onleft>60</onleft>
				<onright>60</onright>
				<onup>28</onup>
				<ondown>28</ondown>
			</control>
			<control type="button" id="28">
				<description>Ok Button</description>
				<posx>5</posx>
				<posy>110</posy>
				<width>160</width>
				<aligny>center</aligny>
				<label>186</label>
				<onup>30</onup>
				<onleft>29</onleft>
				<onright>29</onright>
				<ondown>30</ondown>
			</control>
			<control type="button" id="29">
				<description>Cancel Button</description>
				<posx>5</posx>
				<posy>147</posy>
				<width>160</width>
				<aligny>center</aligny>
				<label>222</label>
				<onup>30</onup>
				<onleft>28</onleft>
				<onright>28</onright>
				<ondown>30</ondown>
			</control>
		</control>
		<control type="button" id="7">
			<description>Default Button</description>
			<posx>530</posx>
			<posy>150</posy>
			<height>34</height>
			<font>font13</font>
			<textoffsetx>10</textoffsetx>
			<aligny>center</aligny>
			<colordiffuse>object-color</colordiffuse>
			<texturefocus>line.png</texturefocus>
			<texturenofocus>-</texturenofocus>
		</control>
		<control type="radiobutton" id="8">
			<description>Default RadioButton</description>
			<posx>530</posx>
			<posy>150</posy>
			<height>30</height>
			<font>font13</font>
			<texturefocus>line.png</texturefocus>
			<texturenofocus>-</texturenofocus>
			<textoffsetx>10</textoffsetx>
			<aligny>center</aligny>
			<colordiffuse>object-color</colordiffuse>
			<textureradiofocus>checkbox-fo.png</textureradiofocus>
			<textureradionofocus>checkbox-nf.png</textureradionofocus>
		</control>
		<control type="spincontrolex" id="9">
			<description>Default SpinControlex</description>
			<posx>530</posx>
			<posy>150</posy>
			<height>31</height>
			<width>300</width>
			<texturefocus>line.png</texturefocus>
			<texturenofocus>-</texturenofocus>
			<textureup>scroll-up.png</textureup>
			<texturedown>scroll-down.png</texturedown>
			<textureupfocus>scroll-up-focus.png</textureupfocus>
			<texturedownfocus>scroll-down-focus.png</texturedownfocus>
			<font>font12</font>
			<textcolor>main-text</textcolor>
			<textoffsetx>10</textoffsetx>
			<aligny>center</aligny>
			<reverse>yes</reverse>
		</control>
		<control type="sliderex" id="10">
			<description>Default Slider</description>
			<posx>530</posx>
			<posy>150</posy>
			<height>31</height>
			<width>200</width>
			<textcolor>main-text</textcolor>
			<disabledcolor>disabled-text</disabledcolor>
			<texturefocus>line.png</texturefocus>
			<texturenofocus>-</texturenofocus>
			<sliderwidth>100</sliderwidth>
			<sliderheight>12</sliderheight>
			<texturesliderbar>osd_slider_bg.png</texturesliderbar>
			<textureslidernib>osd-osd_slider_nibfo.png</textureslidernib>
			<textureslidernibfocus>osd-osd_slider_nibfo.png</textureslidernibfocus>
			<font>font10</font>
			<textoffsetx>12</textoffsetx>
		</control>
	</controls>
</window>