<window id="35">
	<defaultcontrol always="true">50</defaultcontrol>
	<allowoverlay>yes</allowoverlay>
	<controls>
		<include>Background</include>
		<include>CommonLists</include>
		<include>CommonIcons</include>
		<include>CommonWraps</include>
		<include>WideIcons</include>
		<control type="group" id="420">
			<include>View-as</include>
			<control type="button" id="2">
				<description>view as icons button</description>
				<posx>5</posx>
				<posy>110</posy>
				<label>100</label>
				<onleft>50</onleft>
				<onright>50</onright>
				<onup>3</onup>
				<ondown>3</ondown>
			</control>
			<control type="button" id="3">
				<description>sort by button</description>
				<posx>5</posx>
				<posy>147</posy>
				<label>103</label>
				<onleft>50</onleft>
				<onright>4</onright>
				<onup>2</onup>
				<ondown>2</ondown>
			</control>
			<control type="togglebutton" id="4">
				<description>sort asc</description>
				<label>-</label>
				<posx>122</posx>
				<posy>163</posy>
				<onleft>3</onleft>
				<onright>50</onright>
				<onup>2</onup>
				<ondown>2</ondown>
			</control>
		</control>
		<include>Shutters</include>
	</controls>
</window>