<window id="2">
	<defaultcontrol always="true">50</defaultcontrol>
	<allowoverlay>yes</allowoverlay>
	<controls>
		<include>Background</include>
		<include>CommonLists</include>
		<include>CommonIcons</include>
		<include>CommonWraps</include>
		<include>WideIcons</include>
		<include>Scrollbar</include>
		<control type="group" id="420">
			<include>View-as</include>
			<control type="button" id="2">
				<description>view as icons button</description>
				<posx>5</posx>
				<posy>110</posy>
				<label>100</label>
				<onleft>50</onleft>
				<onright>50</onright>
				<onup>9</onup>
				<ondown>3</ondown>
			</control>
			<control type="button" id="3">
				<description>sort by button</description>
				<posx>5</posx>
				<posy>147</posy>
				<label>103</label>
				<onleft>50</onleft>
				<onright>4</onright>
				<onup>2</onup>
				<ondown>6</ondown>
			</control>
			<control type="togglebutton" id="4">
				<description>sort asc</description>
				<label>-</label>
				<posx>112</posx>
				<posy>163</posy>
				<onleft>3</onleft>
				<onright>50</onright>
				<onup>2</onup>
				<ondown>6</ondown>
			</control>
			<control type="button" id="6">
				<description>slideshow button</description>
				<posx>5</posx>
				<posy>184</posy>
				<label>108</label>
				<onleft>50</onleft>
				<onright>50</onright>
				<onup>3</onup>
				<ondown>7</ondown>
			</control>
			<control type="button" id="7">
				<description>recursive slideshow</description>
				<posx>5</posx>
				<posy>221</posy>
				<label>361</label>
				<onleft>50</onleft>
				<onright>50</onright>
				<onup>6</onup>
				<ondown>9</ondown>
			</control>
			<control type="image">
				<description>randomize "button"</description>
				<posx>5</posx>
				<posy>258</posy>
				<width>170</width>
				<height>42</height>
				<texture>button.png</texture>
				<animation effect="fade" start ="100" end="75" time="1200" pulse="true" condition="Control.HasFocus(9)">Conditional</animation>
			</control>
			<control type="radiobutton" id="9">
				<description>randomize button</description>
				<posx>5</posx>
				<posy>258</posy>
				<label>13319</label>
				<texturefocus>-</texturefocus>
				<texturenofocus>-</texturenofocus>
				<onleft>50</onleft>
				<onright>50</onright>
				<onup>7</onup>
				<ondown>2</ondown>
			</control>
		</control>
		<include>Shutters</include>
	</controls>
</window>