<window id="130">
	<defaultcontrol>1</defaultcontrol>
	<allowoverlay>yes</allowoverlay>
	<controls>
		<control type="group">
			<control type="image" id="2">
				<description>profile image</description>
				<posx>17</posx>
				<posy>307</posy>
				<width>120</width>
				<height>120</height>
				<texture>unknown-user.png</texture>
			</control>
			<control type="label" id="1000">
				<description>profile name label</description>
				<posx>5</posx>
				<posy>247</posy>
				<width>160</width>
				<align>left</align>
				<font>fontl13</font>
				<scroll>true</scroll>
			</control>
			<control type="label" id="1001">
				<description>profile directory label</description>
				<posx>5</posx>
				<posy>267</posy>
				<width>160</width>
				<align>left</align>
				<font>fontl12</font>
				<textcolor>main-text</textcolor>
			</control>
			<control type="grouplist" id="5">
				<description>control area</description>
				<posx>200</posx>
				<posy>110</posy>
				<width>500</width>
				<height>376</height>
				<onleft>28</onleft>
				<onright>28</onright>
				<onup>30</onup>
				<ondown>30</ondown>
				<visible>!Window.IsActive(131)</visible>
			</control>
			<control type="button" id="28">
				<description>Ok Button</description>
				<posx>5</posx>
				<posy>110</posy>
				<label>186</label>
				<onup>29</onup>
				<ondown>29</ondown>
				<onleft>30</onleft>
				<onright>30</onright>
				<visible>!Window.IsActive(131)</visible>
			</control>
			<control type="button" id="29">
				<description>Cancel Button</description>
				<posx>5</posx>
				<posy>147</posy>
				<label>222</label>
				<onup>28</onup>
				<ondown>28</ondown>
				<onleft>30</onleft>
				<onright>30</onright>
				<visible>!Window.IsActive(131)</visible>
			</control>
		</control>
		<control type="button" id="7">
			<description>Default Button</description>
			<posx>530</posx>
			<posy>150</posy>
			<width>500</width>
			<height>30</height>
			<textoffsetx>0</textoffsetx>
			<texturefocus>line.png</texturefocus>
			<texturenofocus>-</texturenofocus>
			<colordiffuse>object-color</colordiffuse>
		</control>
		<control type="radiobutton" id="8">
			<description>Default RadioButton</description>
			<posx>50</posx>
			<posy>268</posy>
			<width>160</width>
			<height>42</height>
			<textureradiofocus>checkbox-fo.png</textureradiofocus>
			<textureradionofocus>checkbox-nf.png</textureradionofocus>
			<texturefocus>button.png</texturefocus>
			<texturenofocus>button.png</texturenofocus>
			<font>font13</font>
			<textoffsetx>10</textoffsetx>
			<focusedcolor>button-focus-text</focusedcolor>
			<textcolor>button-nofocus-text</textcolor>
			<disabledcolor>disabled-text</disabledcolor>
			<aligny>center</aligny>
		</control>
	</controls>
</window>