﻿<window id="7">
	<defaultcontrol>95</defaultcontrol>
	<allowoverlay>yes</allowoverlay>
	<controls>
		<include>Background</include>
		<include>Container</include>
		<control type="group">
			<include>media-slide</include>
			<control type="button" id="95">
				<description>Button Default Values</description>
				<posx>5</posx>
				<posy>110</posy>
				<label>13278</label>
				<onleft>95</onleft>
				<onright>95</onright>
				<onup>98</onup>
				<ondown>94</ondown>
			</control>
			<control type="button" id="94">
				<description>Button Storage</description>
				<posx>5</posx>
				<posy>147</posy>
				<label>13277</label>
				<onleft>94</onleft>
				<onright>94</onright>
				<onup>95</onup>
				<ondown>92</ondown>
			</control>
			<control type="button" id="92">
				<description>Button HDD</description>
				<posx>5</posx>
				<posy>184</posy>
				<label>13275</label>
				<onleft>92</onleft>
				<onright>92</onright>
				<onup>94</onup>
				<ondown>93</ondown>
			</control>
			<control type="button" id="93">
				<description>Button DVD</description>
				<posx>5</posx>
				<posy>221</posy>
				<label>13276</label>
				<onleft>93</onleft>
				<onright>93</onright>
				<onup>92</onup>
				<ondown>96</ondown>
			</control>
			<control type="button" id="96">
				<description>Button Network</description>
				<posx>5</posx>
				<posy>258</posy>
				<label>13279</label>
				<onleft>96</onleft>
				<onright>96</onright>
				<onup>93</onup>
				<ondown>97</ondown>
			</control>
			<control type="button" id="97">
				<description>Button VIDEO</description>
				<posx>5</posx>
				<posy>295</posy>
				<label>13280</label>
				<onleft>97</onleft>
				<onright>97</onright>
				<onup>96</onup>
				<ondown>98</ondown>
			</control>
			<control type="button" id="98">
				<description>Button XBOX Hardware</description>
				<posx>5</posx>
				<posy>332</posy>
				<label>13281</label>
				<onleft>98</onleft>
				<onright>98</onright>
				<onup>97</onup>
				<ondown>95</ondown>
			</control>
		</control>
		<control type="label" id="2">
			<description>Label 2</description>
			<posx>200</posx>
			<posy>110</posy>
			<width>500</width>
			<label>13282</label>
			<font>font13</font>
		</control>
		<control type="label" id="3">
			<description>Label 3</description>
			<posx>200</posx>
			<posy>130</posy>
			<width>500</width>
			<label>13282</label>
			<font>font13</font>
		</control>
		<control type="label" id="4">
			<description>Label 4</description>
			<posx>200</posx>
			<posy>150</posy>
			<width>500</width>
			<label>13282</label>
			<font>font13</font>
		</control>
		<control type="label" id="5">
			<description>Label 5</description>
			<posx>200</posx>
			<posy>170</posy>
			<width>500</width>
			<label>13282</label>
			<font>font13</font>
		</control>
		<control type="label" id="6">
			<description>Label 6</description>
			<posx>200</posx>
			<posy>190</posy>
			<width>500</width>
			<label>13282</label>
			<font>font13</font>
		</control>
		<control type="label" id="7">
			<description>Label 7</description>
			<posx>200</posx>
			<posy>210</posy>
			<width>500</width>
			<label>13282</label>
			<font>font13</font>
		</control>
		<control type="label" id="8">
			<description>Label 8</description>
			<posx>200</posx>
			<posy>230</posy>
			<width>500</width>
			<label>13282</label>
			<font>font13</font>
		</control>
		<control type="label" id="9">
			<description>Label 9</description>
			<posx>200</posx>
			<posy>250</posy>
			<width>500</width>
			<label>13282</label>
			<font>font13</font>
		</control>
		<control type="label" id="10">
			<description>Label 10</description>
			<posx>200</posx>
			<posy>270</posy>
			<width>500</width>
			<label>13282</label>
			<font>font13</font>
		</control>
		<control type="label" id="11">
			<description>Label 11</description>
			<posx>200</posx>
			<posy>290</posy>
			<width>500</width>
			<label>13282</label>
			<font>font13</font>
		</control>
		<control type="label" id="50">
			<description>Current Time</description>
			<posx>200</posx>
			<posy>390</posy>
			<label>143</label>
			<font>font13</font>
		</control>
		<control type="label" id="52">
			<description>XBMC XBE BUILD Version</description>
			<posx>200</posx>
			<posy>410</posy>
			<label>144</label>
			<font>font13</font>
		</control>
		<control type="label" id="53">
			<description>Mplayer DLL Version</description>
			<posx>200</posx>
			<posy>430</posy>
			<label>144</label>
			<font>font13</font>
		</control>
		<include>Shutters</include>
	</controls>
</window>