<window id="129">
	<defaultcontrol>15</defaultcontrol>
	<coordinates>
		<system>1</system>
		<posx>420</posx>
		<posy>130</posy>
	</coordinates>
	<controls>
<!-- Start Menu Background -->
		<control type="image" id="1">
			<description>background top image</description>
			<posx>0</posx>
			<posy>0</posy>
			<width>200</width>
			<height>30</height>
			<colordiffuse>9FFFFFFF</colordiffuse>
			<texture>dialog-context-end.png</texture>
		</control>
		<control type="image">
			<description>background image</description>
			<posx>0</posx>
			<posy>30</posy>
			<width>200</width>
			<height>240</height>
			<colordiffuse>9FFFFFFF</colordiffuse>
			<texture>dialog-context-middle.png</texture>
		</control>
		<control type="image">
			<description>background bottom image</description>
			<posx>0</posx>
			<posy>260</posy>
			<width>200</width>
			<height>30</height>
			<colordiffuse>9FFFFFFF</colordiffuse>
			<texture flipy="true">dialog-context-end.png</texture>
		</control>
<!-- End Menu Background -->
		<control type="label" id="0">
			<description>Rule match label</description>
			<posx>10</posx>
			<posy>10</posy>
			<width>180</width>
			<font>font12</font>
			<label>21422</label>
			<align>center</align>
		</control>
		<control type="group" id="9001">
			<control type="spincontrolex" id="15">
				<description>Rule Field</description>
				<posx>10</posx>
				<posy>45</posy>
				<width>180</width>
				<font>font12</font>
				<alignx>left</alignx>
				<onright>15</onright>
				<onleft>15</onleft>
				<onup>9000</onup>
				<ondown>16</ondown>
			</control>
			<control type="spincontrolex" id="16">
				<description>Rule operator</description>
				<posx>10</posx>
				<posy>79</posy>
				<width>180</width>
				<font>font12</font>
				<onright>16</onright>
				<onleft>16</onleft>
				<onup>15</onup>
				<ondown>17</ondown>
			</control>
		</control>
		<control type="button" id="17">
			<description>Value Button</description>
			<posx>10</posx>
			<posy>113</posy>
			<width>180</width>
			<height>32</height>
			<font>font12</font>
			<textwidth>200</textwidth>
			<aligny>center</aligny>
			<texturefocus></texturefocus>
			<texturenofocus>-</texturenofocus>
			<label>-</label>
			<onup>16</onup>
			<onleft>17</onleft>
			<onright>17</onright>
			<ondown>9000</ondown>
		</control>
		<control type="image">
			<posx>5</posx>
			<posy>147</posy>
			<width>190</width>
			<height>5</height>
			<texture>line-horizontal.png</texture>
			<colordiffuse>object-color</colordiffuse>
			<visible>Control.HasFocus(17)</visible>
		</control>
		<control type="image">
			<posx>5</posx>
			<posy>147</posy>
			<width>190</width>
			<height>5</height>
			<texture>line-horizontal.png</texture>
			<include>button-nf-color</include>
			<visible>!Control.HasFocus(17)</visible>
		</control>
		<control type="group" id="9000">
			<control type="button" id="18">
				<description>Ok Button</description>
				<posx>10</posx>
				<posy>253</posy>
				<width>90</width>
				<height>32</height>
				<font>font12</font>
				<textoffsetx>12</textoffsetx>
				<align>center</align>
				<aligny>center</aligny>
				<label>186</label>
				<onup>17</onup>
				<onleft>19</onleft>
				<onright>19</onright>
				<ondown>9001</ondown>
			</control>
			<control type="button" id="19">
				<description>Cancel Button</description>
				<posx>100</posx>
				<posy>253</posy>
				<width>90</width>
				<height>32</height>
				<font>font12</font>
				<textoffsetx>12</textoffsetx>
				<align>center</align>
				<aligny>center</aligny>
				<label>222</label>
				<onup>17</onup>
				<onleft>18</onleft>
				<onright>18</onright>
				<ondown>9001</ondown>
			</control>
		</control>
	</controls>
</window>