<window id="127">
	<defaultcontrol>1</defaultcontrol>
	<visible>Window.IsActive(127)</visible>
	<controls>
		<include>Dialog-Container</include>
		<control type="group">
			<include>dialog-slide</include>
			<control type="label" id="2">
				<description>Heading Label</description>
				<posx>5</posx>
				<posy>110</posy>
				<width>365</width>
				<align>left</align>
				<label>-</label>
				<font>font14</font>
				<textcolor>main-text</textcolor>
			</control>
			<control type="label" id="3">
				<description>No Settings Label</description>
				<posx>5</posx>
				<posy>110</posy>
				<width>365</width>
				<align>left</align>
				<label>12016</label>
				<font>font14</font>
				<textcolor>main-text</textcolor>
			</control>
			<control type="grouplist" id="5">
				<description>control area</description>
				<posx>5</posx>
				<posy>140</posy>
				<width>365</width>
				<height>296</height>
				<itemgap>3</itemgap>
				<onleft>28</onleft>
				<onright>90</onright>
				<ondown>28</ondown>
				<onup>28</onup>
			</control>
			<control type="button" id="28">
				<description>Ok Button</description>
				<posx>5</posx>
				<posy>435</posy>
				<width>100</width>
				<texturefocus>button.png</texturefocus>
				<texturenofocus>button.png</texturenofocus>
				<align>center</align>
				<aligny>center</aligny>
				<label>186</label>
				<onup>5</onup>
				<onleft>29</onleft>
				<onright>29</onright>
				<ondown>5</ondown>
			</control>
			<control type="button" id="29">
				<description>Cancel Button</description>
				<posx>115</posx>
				<posy>435</posy>
				<width>100</width>
				<texturefocus>button.png</texturefocus>
				<texturenofocus>button.png</texturenofocus>
				<align>center</align>
				<aligny>center</aligny>
				<label>222</label>
				<onup>5</onup>
				<onleft>28</onleft>
				<onright>28</onright>
				<ondown>5</ondown>
			</control>
		</control>
		<control type="button" id="7">
			<description>Default Button</description>
			<posx>530</posx>
			<posy>150</posy>
			<height>34</height>
			<font>font13</font>
			<textoffsetx>10</textoffsetx>
			<aligny>center</aligny>
			<texturefocus>line.png</texturefocus>
			<texturenofocus>-</texturenofocus>
		</control>
		<control type="radiobutton" id="8">
			<description>Default RadioButton</description>
			<posx>530</posx>
			<posy>150</posy>
			<height>30</height>
			<font>font13</font>
			<texturefocus>line.png</texturefocus>
			<texturenofocus>-</texturenofocus>
			<textoffsetx>10</textoffsetx>
			<aligny>center</aligny>
			<colordiffuse>object-color</colordiffuse>
			<textureradiofocus>checkbox-fo.png</textureradiofocus>
			<textureradionofocus>checkbox-nf.png</textureradionofocus>
		</control>
		<control type="spincontrolex" id="9">
			<description>Default SpinControlex</description>
			<posx>530</posx>
			<posy>150</posy>
			<height>31</height>
			<width>300</width>
			<texturefocus>line.png</texturefocus>
			<texturenofocus>-</texturenofocus>
			<textureup>scroll-up.png</textureup>
			<texturedown>scroll-down.png</texturedown>
			<textureupfocus>scroll-up-focus.png</textureupfocus>
			<texturedownfocus>scroll-down-focus.png</texturedownfocus>
			<font>font12</font>
			<textcolor>main-text</textcolor>
			<textoffsetx>10</textoffsetx>
			<aligny>center</aligny>
			<reverse>yes</reverse>
		</control>
		<control type="sliderex" id="10">
			<description>Default Slider</description>
			<posx>530</posx>
			<posy>150</posy>
			<height>31</height>
			<width>200</width>
			<textcolor>main-text</textcolor>
			<disabledcolor>disabled-text</disabledcolor>
			<texturefocus>line.png</texturefocus>
			<texturenofocus>-</texturenofocus>
			<sliderwidth>100</sliderwidth>
			<sliderheight>12</sliderheight>
			<texturesliderbar>osd_slider_bg.png</texturesliderbar>
			<textureslidernib>osd-osd_slider_nibfo.png</textureslidernib>
			<textureslidernibfocus>osd-osd_slider_nibfo.png</textureslidernibfocus>
			<font>font10</font>
			<textoffsetx>12</textoffsetx>
		</control>
		<include>Dialog-Shutters</include>
	</controls>
</window>