﻿<window id="123">
	<defaultcontrol>5</defaultcontrol>
	<coordinates>
		<system>1</system>
		<posx>10</posx>
		<posy>5</posy>
	</coordinates>
	<controls>
<!-- Start Menu Background -->
		<control type="image">
			<description>background top image</description>
			<posx>0</posx>
			<posy>90</posy>
			<width>390</width>
			<height>30</height>
			<colordiffuse>9FFFFFFF</colordiffuse>
			<texture>dialog-context-end.png</texture>
		</control>
		<control type="image">
			<description>background image</description>
			<posx>0</posx>
			<posy>120</posy>
			<width>390</width>
			<height>330</height>
			<colordiffuse>9FFFFFFF</colordiffuse>
			<texture>dialog-context-middle.png</texture>
		</control>
		<control type="image">
			<description>background bottom image</description>
			<posx>0</posx>
			<posy>450</posy>
			<width>390</width>
			<height>30</height>
			<colordiffuse>9FFFFFFF</colordiffuse>
			<texture flipy="true">dialog-context-end.png</texture>
		</control>
<!-- End Menu Background -->
		<control type="label" id="2">
			<description>Video Settings Label</description>
			<posx>20</posx>
			<posy>110</posy>
			<width>420</width>
			<align>left</align>
			<font>font13</font>
			<textcolor>main-text</textcolor>
		</control>
		<control type="label" id="3">
			<description>No Video Settings Label</description>
			<posx>10</posx>
			<posy>110</posy>
			<width>420</width>
			<align>left</align>
			<label>13390</label>
			<font>font13</font>
			<textcolor>main-text</textcolor>
		</control>
		<control type="grouplist" id="5">
			<description>control area</description>
			<posx>10</posx>
			<posy>145</posy>
			<width>370</width>
			<height>320</height>
			<itemgap>2</itemgap>
			<onleft>5</onleft>
			<onright>5</onright>
			<onup>5</onup>
			<ondown>5</ondown>
		</control>
		<control type="button" id="7">
			<description>Default Button</description>
			<posx>530</posx>
			<posy>150</posy>
			<height>30</height>
			<font>font10</font>
			<textcolor>main-text</textcolor>
			<textoffsetx>10</textoffsetx>
			<aligny>center</aligny>
			<texturefocus>line.png</texturefocus>
			<texturenofocus>-</texturenofocus>
			<colordiffuse>object-color</colordiffuse>
		</control>
		<control type="radiobutton" id="8">
			<description>Default RadioButton</description>
			<posx>530</posx>
			<posy>150</posy>
			<height>30</height>
			<font>font10</font>
			<textcolor>main-text</textcolor>
			<textoffsetx>10</textoffsetx>
			<aligny>center</aligny>
			<texturefocus>line.png</texturefocus>
			<texturenofocus>-</texturenofocus>
			<colordiffuse>object-color</colordiffuse>
			<textureradiofocus>settings-check-box.png</textureradiofocus>
			<textureradionofocus>settings-check-boxNF.png</textureradionofocus>
		</control>
		<control type="spincontrolex" id="9">
			<description>Default SpinControlex</description>
			<posx>530</posx>
			<posy>150</posy>
			<height>30</height>
			<width>300</width>
			<texturefocus>line.png</texturefocus>
			<texturenofocus>-</texturenofocus>
			<textureup>scroll-up.png</textureup>
			<texturedown>scroll-down.png</texturedown>
			<textureupfocus>scroll-up-focus.png</textureupfocus>
			<texturedownfocus>scroll-down-focus.png</texturedownfocus>
			<font>font10</font>
			<textcolor>main-text</textcolor>
			<textoffsetx>10</textoffsetx>
			<aligny>center</aligny>
			<reverse>yes</reverse>
			<colordiffuse>object-color</colordiffuse>
		</control>
		<control type="sliderex" id="10">
			<description>Default Slider</description>
			<posx>530</posx>
			<posy>150</posy>
			<height>25</height>
			<width>200</width>
			<textcolor>main-text</textcolor>
			<disabledcolor>disabled-text</disabledcolor>
			<texturefocus>line.png</texturefocus>
			<texturenofocus>-</texturenofocus>
			<sliderwidth>100</sliderwidth>
			<sliderheight>12</sliderheight>
			<texturesliderbar>osd_slider_bg.png</texturesliderbar>
			<textureslidernib>osd-osd_slider_nibfo.png</textureslidernib>
			<textureslidernibfocus>osd-osd_slider_nibfo.png</textureslidernibfocus>
			<font>font10</font>
			<textoffsetx>10</textoffsetx>
			<colordiffuse>object-color</colordiffuse>
		</control>
	</controls>
</window>