<window id="136">
  <coordinates>
  	<system>1</system>
  	<posx>0</posx>
  	<posy>0</posy>
  </coordinates>

  <controls>

    <control type="image">
      <description>Background Overlay</description>
      <include>FullScreenBGImageDims</include>
      <aspectratio>stretch</aspectratio>
      <texture>BlackTransparent.png</texture>
      <colordiffuse>99cccccc</colordiffuse>
      <include>DialogFade</include>
    </control>

    <control type="group">
      <posx>940</posx>
      <posy>660</posy>
      <include>DialogSlideUp</include>

      <control type="image">
        <description>Panel background</description>
        <width>249</width>
        <height>61</height>
        <include>InfoMessagePanelBG</include>
      </control>

      <control type="label">
        <description>Please Wait label</description>
        <posx>8</posx>
        <posy>15</posy>
        <width>237</width>
        <font>TitleCapsFont</font>
        <align>center</align>
        <label>$LOCALIZE[20186]</label>
      </control>
    </control>

  </controls>
</window>