<window id="107">
  <coordinates>
  	<system>1</system>
  	<posx>0</posx>
  	<posy>0</posy>
  </coordinates>
  	
  <controls>

    <control type="image">
      <description>Background Overlay</description>
      <include>FullScreenBGImageDims</include>
      <aspectratio>stretch</aspectratio>
      <texture>BlackTransparent.png</texture>
      <colordiffuse>99cccccc</colordiffuse>
      <include>DialogFade</include>
    </control>

    <control type="group">
      <posx>940</posx>
      <posy>630</posy>
      <include>DialogSlideUp</include>

      <control type="image">
        <description>Panel background</description>
        <width>309</width>
        <height>91</height>
        <include>InfoMessagePanelBG</include>
      </control>

<!--
      <control type="image" id="400">
        <description>Avatar</description>
        <posx>700</posx>
        <posy>10</posy>
        <width>48</width>
        <height>48</height>
        <align>right</align>
        <texture>BuddyOnline.png</texture>
        <colordiffuse>FFFFFF</colordiffuse>
      </control>
-->

      <control type="label" id="401">
        <description>Caption</description>
        <posx>8</posx>
        <posy>15</posy>
        <width>ToastDialogTextWidth</width>
        <height>24</height>
        <font>MediumSmallTitleCapsFont</font>
        <label>-</label>
        <align>center</align>
        <texturefocus>-</texturefocus>
        <texturenofocus>-</texturenofocus>
      </control>

      <control type="label" id="402">
        <description>Description</description>
        <posx>8</posx>
        <posy>45</posy>
        <width>ToastDialogTextWidth</width>
        <height>20</height>
        <font>SmallTitleCapsFont</font>
        <label>-</label>
        <align>center</align>
        <texturefocus>-</texturefocus>
        <texturenofocus>-</texturenofocus>
      </control>
    </control>

  </controls>
</window>
