﻿<window id="108">
	<defaultcontrol>3101</defaultcontrol>

  <include>DialogFade</include>

  <controls>
		<control type="label" id="3100">
			<description>Dialog Caption</description>
			<posx>190</posx>
			<posy>191</posy>
			<label>15049</label>
		</control>

		<control type="checkmark" id="3101">
			<description>Hosting type checkmark</description>
			<posx>190</posx>
			<posy>230</posy>
			<label>15050</label>
			<onleft>3101</onleft>
			<onright>3101</onright>
			<onup>3108</onup>
			<ondown>3103</ondown>
		</control>

		<control type="label" id="3102">
			<description>Player Limit label</description>
			<posx>190</posx>
			<posy>267</posy>
			<label>15051</label>
		</control>

		<control type="spincontrol" id="3103">
			<description>Player Limit spin control</description>
			<posx>360</posx>
			<posy>267</posy>
			<onleft>3103</onleft>
			<onright>3103</onright>
			<onup>3101</onup>
			<ondown>3105</ondown>
			<reverse>yes</reverse>
		</control>

		<control type="label" id="3104">
			<description>Password label</description>
			<posx>190</posx>
			<posy>303</posy>
			<label>15052</label>
		</control>

		<control type="button" id="3105">
			<description>Password button</description>
			<posx>300</posx>
			<posy>298</posy>
			<onleft>3105</onleft>
			<onright>3105</onright>
			<onup>3103</onup>
			<ondown>3107</ondown>
			<width>240</width>
			<height>32</height>
			<label>-</label>
			<aligny>center</aligny>
			<texturefocus>input-focus.png</texturefocus>
			<texturenofocus>-</texturenofocus>
		</control>

		<control type="label" id="3106">
			<description>Description label</description>
			<posx>190</posx>
			<posy>338</posy>
			<label>15053</label>
		</control>

		<control type="button" id="3107">
			<description>Description button</description>
			<posx>300</posx>
			<posy>333</posy>
			<onleft>3107</onleft>
			<onright>3107</onright>
			<onup>3105</onup>
			<ondown>3108</ondown>
			<width>240</width>
			<height>32</height>
			<label>-</label>
			<aligny>center</aligny>
			<texturefocus>input-focus.png</texturefocus>
			<texturenofocus>-</texturenofocus>
		</control>

		<control type="button" id="3108">
			<description>OK button</description>
			<posx>383</posx>
			<posy>380</posy>
			<width>77</width>
			<height>32</height>
			<label>186</label>
			<align>center</align>
			<texturenofocus>keyboard-btn-backspace.png</texturenofocus>
			<texturefocus>keyboard-btn-backspace-focus.png</texturefocus>
			<onleft>3108</onleft>
			<onright>3109</onright>
			<onup>3107</onup>
			<ondown>3101</ondown>
		</control>

		<control type="button" id="3109">
			<description>Cancel button</description>
			<posx>463</posx>
			<posy>380</posy>
			<width>77</width>
			<height>32</height>
			<label>222</label>
			<align>center</align>
			<texturenofocus>keyboard-btn-backspace.png</texturenofocus>
			<texturefocus>keyboard-btn-backspace-focus.png</texturefocus>
			<onleft>3108</onleft>
			<onright>3109</onright>
			<onup>3107</onup>
			<ondown>3101</ondown>
		</control>

	</controls>
</window>