<window id="145">
  <defaultcontrol>11</defaultcontrol>

  <controls>
    <control type="group">
      <posx>430</posx>
      <posy>655</posy>
      <animation effect="slide" time="300" tween="circle" easing="out" start="0,120" end="0,0">WindowOpen</animation>
      <animation effect="slide" time="300" tween="circle" easing="out" start="0,120" end="0,0">Visible</animation>
      <animation effect="slide" time="200" tween="circle" easing="in" start="0,0" end="0,120">WindowClose</animation>
      <animation effect="slide" time="200" tween="circle" easing="in" start="0,0" end="0,120">Hidden</animation>

      <control type="image">
        <posx>-20</posx>
        <posy>-10</posy>
        <width>420</width>
        <height>85</height>
        <include>InfoMessagePanelBG</include>
      </control>

      <control type="label" id="10">
        <description>Title</description>
        <posy>3</posy>
        <width>180</width>
        <font>MediumSmallTitleCapsFont</font>
      </control>

      <control type="label" id="12">
        <description>Slider Value</description>
        <posx>380</posx>
        <width>180</width>
        <align>right</align>
      </control>

      <control type="slider" id="11">
        <description>Slider</description>
        <posy>32</posy>
        <width>380</width>
        <onup>11</onup>
        <ondown>11</ondown>
        <onleft>11</onleft>
        <onright>11</onright>
        <texturesliderbar>SliderBackground2.png</texturesliderbar>
      </control>
    </control>

  </controls>
</window>
