<window id="0">
  <defaultcontrol always="true">299</defaultcontrol>
  <allowoverlay>no</allowoverlay>

  <controls>
    <control type="videowindow">
      <description>Video Preview Window</description>
      <include>FullScreenBGImage</include>
    </control>
    <control type="image">
      <texture>Black.png</texture>
      <animation effect="fade" start="100" end="0" time="600">WindowOpen</animation>
      <animation effect="fade" start="0" end="100" time="600">WindowClose</animation>
      <visible>Player.HasVideo</visible>
      <include>FullScreenBGImage</include>
    </control>

<!-- Backgrounds -->
    <control type="group" id="200">
      <visible>!Player.HasVideo</visible>

      <control type="group">
        <control type="multiimage">
          <description>Default Background image</description>
          <visible>!Skin.HasSetting(EnableCustomBGHome)</visible>
          <info>Container(300).ListItem.ActualIcon</info>
          <include>FullScreenBGImage</include>
        </control>
      </control>

      <control type="group">
        <control type="multiimage">
          <description>Default or Custom Background image</description>
          <visible>Skin.HasSetting(EnableCustomBGHome)</visible>
          <info>Container(300).ListItem.Icon</info>
          <include>FullScreenBGImage</include>
        </control>
      </control>

      <include>HomeRightOverlay</include>
    </control>

<!-- SubMenus -->
    <control type="group" id="500">
      <animation effect="fade" start="0" end="100" time="1000" delay="500">WindowOpen</animation>
      <animation type="WindowClose" condition="![Window.Next(SettingsCategory.xml) | Window.Next(1001) | Window.Next(7) | Window.Next(34)]">
        <effect type="fade" time="300" />
        <effect type="slide" time="200" end="-220,0" />
      </animation>
      <animation effect="fade" time="0" condition="[Window.Next(SettingsCategory.xml) | Window.Next(1001) | Window.Next(7) | Window.Next(34)]">WindowClose</animation>
      <animation effect="fade" time="400" delay="200">Unfocus</animation>
      <animation effect="slide" end="-440,0" time="0" condition="true">Conditional</animation>

      <control type="group" id="301">
        <posx>534</posx>
        <posy>331</posy>
        <animation effect="slide" tween="back" end="220,0" time="400" condition="ControlGroup(301).HasFocus()">Conditional</animation>

        <include>HomeSubMenuBackground</include>

        <include>HomeSubMenuIcon</include>

        <control type="list" id="401">
          <description>Video Side Menu</description>
          <onup>401</onup>
          <ondown>401</ondown>
          <onright>301</onright>
          <visible>[Container(300).HasFocus(1) | Control.HasFocus(401)] + ![Container(300).OnNext | Container(300).OnPrevious]</visible>
          <include>HomeSideMenu</include>

          <focusedlayout width="HomeSideMenuItemWidth" height="HomeSideMenuItemHeight">
            <control type="image">
              <include>HomeSideMenuNFBGImage</include>
            </control>
            <control type="label">
              <include>HomeSideMenuNFBGLabel</include>
            </control>
            <control type="image">
              <include>HomeSideMenuFOBGImage</include>
              <animation effect="slide" start="0,202" end="0,0" time="500" reversible="false" tween="quadratic" easing="out" condition="Container(401).OnNext + Container(401).Position(0)">focus</animation>
              <animation effect="slide" start="0,-43" end="0,0" time="400" reversible="false" tween="quadratic" easing="out" condition="Container(401).OnNext + !Container(401).Position(0)">focus</animation>
              <animation effect="slide" start="0,-202" end="0,0" time="500" reversible="false" tween="quadratic" easing="out" condition="Container(401).OnPrevious + Container(401).Position(5)">focus</animation>
              <animation effect="slide" start="0,43" end="0,0" time="400" reversible="false"  tween="quadratic" easing="out" condition="Container(401).OnPrevious + !Container(401).Position(5)">focus</animation>
            </control>
            <control type="label">
              <include>HomeSideMenuFOBGLabel</include>
              <animation effect="fade" start="0" end="100" time="200" delay="300" reversible="false" condition="Container(401).OnNext">focus</animation>
              <animation effect="fade" start="0" end="100" time="200" delay="300" reversible="false" condition="Container(401).OnPrevious">focus</animation>
            </control>
          </focusedlayout>

          <content>
            <item id="1">
              <description>Browse Button</description>
              <label> $LOCALIZE[31000] </label>
              <onclick>XBMC.ActivateWindow(24)</onclick>
            </item>
            <item id="2">
              <description>Movies Button</description>
              <label> $LOCALIZE[31111] </label>
              <onclick>XBMC.ActivateWindow(24,Movies)</onclick>
            </item>
            <item id="3">
              <description>TV Shows Button</description>
              <label> $LOCALIZE[31112] </label>
              <onclick>XBMC.ActivateWindow(24,tvshows)</onclick>
            </item>
            <item id="4">
              <description>Clips Button</description>
              <label> $LOCALIZE[31113] </label>
              <onclick>XBMC.ActivateWindow(24,Clips)</onclick>
            </item>
            <item id="5">
              <description>Playlists</description>
              <label> $LOCALIZE[136] </label>
              <onclick>XBMC.ActivateWindow(24,Playlists)</onclick>
            </item>
            <item id="6">
              <description>Settings Button</description>
              <label> $LOCALIZE[31060] </label>
              <onclick>XBMC.ActivateWindow(17)</onclick>
            </item>
          </content>
        </control>

        <control type="list" id="402">
          <description>Music Side Menu</description>
          <onup>402</onup>
          <ondown>402</ondown>
          <onright>301</onright>
          <visible>[Container(300).HasFocus(2) | Control.HasFocus(402)] + ![Container(300).OnNext | Container(300).OnPrevious]</visible>
          <include>HomeSideMenu</include>

          <focusedlayout width="HomeSideMenuItemWidth" height="HomeSideMenuItemHeight">
            <control type="image">
              <include>HomeSideMenuNFBGImage</include>
            </control>
            <control type="label">
              <include>HomeSideMenuNFBGLabel</include>
            </control>
            <control type="image">
              <include>HomeSideMenuFOBGImage</include>
              <animation effect="slide" start="0,116" end="0,0" time="500" reversible="false" tween="quadratic" easing="out" condition="Container(402).OnNext + Container(402).Position(0)">focus</animation>
              <animation effect="slide" start="0,-43" end="0,0" time="400" reversible="false" tween="quadratic" easing="out" condition="Container(402).OnNext + !Container(402).Position(0)">focus</animation>
              <animation effect="slide" start="0,-116" end="0,0" time="500" reversible="false" tween="quadratic" easing="out" condition="Container(402).OnPrevious + Container(402).Position(3)">focus</animation>
              <animation effect="slide" start="0,43" end="0,0" time="400" reversible="false"  tween="quadratic" easing="out" condition="Container(402).OnPrevious + !Container(402).Position(3)">focus</animation>
            </control>
            <control type="label">
              <include>HomeSideMenuFOBGLabel</include>
              <animation effect="fade" start="0" end="100" time="200" delay="300" reversible="false" condition="Container(402).OnNext">focus</animation>
              <animation effect="fade" start="0" end="100" time="200" delay="300" reversible="false" condition="Container(402).OnPrevious">focus</animation>
            </control>
           </focusedlayout>

          <content>
            <item id="1">
              <description>Browse Button</description>
              <label> $LOCALIZE[31000] </label>
              <onclick>XBMC.ActivateWindow(5)</onclick>
            </item>
            <item id="2">
              <description>Playlists</description>
              <label> $LOCALIZE[136] </label>
              <onclick>XBMC.ActivateWindow(501,Playlists)</onclick>
            </item>
            <item id="3">
              <description>Music Videos</description>
              <label> $LOCALIZE[20389] </label>
              <onclick>XBMC.ActivateWindow(MyVideoLibrary,musicvideos,return)</onclick>
            </item>
            <item id="4">
              <description>Settings Button</description>
              <label> $LOCALIZE[31060] </label>
              <onclick>XBMC.ActivateWindow(15)</onclick>
            </item>
          </content>
        </control>

        <control type="list" id="403">
          <description>Pictures Side Menu</description>
          <onup>403</onup>
          <ondown>403</ondown>
          <onright>301</onright>
          <visible>[Container(300).HasFocus(3) | Control.HasFocus(403)] + ![Container(300).OnNext | Container(300).OnPrevious]</visible>
          <include>HomeSideMenu</include>

          <focusedlayout width="HomeSideMenuItemWidth" height="HomeSideMenuItemHeight">
            <control type="image">
              <include>HomeSideMenuNFBGImage</include>
            </control>
            <control type="label">
              <include>HomeSideMenuNFBGLabel</include>
            </control>
            <control type="image">
              <include>HomeSideMenuFOBGImage</include>
              <animation effect="slide" start="0,30" end="0,0" time="500" reversible="false" tween="quadratic" easing="out" condition="Container(403).OnNext + Container(403).Position(0)">focus</animation>
              <animation effect="slide" start="0,-43" end="0,0" time="400" reversible="false" tween="quadratic" easing="out" condition="Container(403).OnNext + !Container(403).Position(0)">focus</animation>
              <animation effect="slide" start="0,-73" end="0,0" time="500" reversible="false" tween="quadratic" easing="out" condition="Container(403).OnPrevious + Container(403).Position(1)">focus</animation>
              <animation effect="slide" start="0,30" end="0,0" time="400" reversible="false"  tween="quadratic" easing="out" condition="Container(403).OnPrevious + !Container(403).Position(1)">focus</animation>
            </control>
            <control type="label">
              <include>HomeSideMenuFOBGLabel</include>
              <animation effect="fade" start="0" end="100" time="200" delay="300" reversible="false" condition="Container(403).OnNext">focus</animation>
              <animation effect="fade" start="0" end="100" time="200" delay="300" reversible="false" condition="Container(403).OnPrevious">focus</animation>
            </control>
           </focusedlayout>

          <content>
            <item id="1">
              <description>Browse Button</description>
              <label> $LOCALIZE[31000] </label>
              <onclick>XBMC.ActivateWindow(2)</onclick>
            </item>
            <item id="2">
              <description>Settings Button</description>
              <label> $LOCALIZE[31060] </label>
              <onclick>XBMC.ActivateWindow(12)</onclick>
            </item>
          </content>
        </control>
  
        <control type="list" id="404">
          <description>Programs Side Menu</description>
          <onup>404</onup>
          <ondown>404</ondown>
          <onright>301</onright>
          <visible>[Container(300).HasFocus(4) | Control.HasFocus(404)] + ![Container(300).OnNext | Container(300).OnPrevious]</visible>
          <include>HomeSideMenu</include>

          <focusedlayout width="HomeSideMenuItemWidth" height="HomeSideMenuItemHeight">
            <control type="image">
              <include>HomeSideMenuNFBGImage</include>
            </control>
            <control type="label">
              <include>HomeSideMenuNFBGLabel</include>
            </control>
            <control type="image">
              <include>HomeSideMenuFOBGImage</include>
              <animation effect="slide" start="0,159" end="0,0" time="500" reversible="false" tween="quadratic" easing="out" condition="Container(404).OnNext + Container(404).Position(0)">focus</animation>
              <animation effect="slide" start="0,-43" end="0,0" time="400" reversible="false" tween="quadratic" easing="out" condition="Container(404).OnNext + !Container(404).Position(0)">focus</animation>
              <animation effect="slide" start="0,-159" end="0,0" time="500" reversible="false" tween="quadratic" easing="out" condition="Container(404).OnPrevious + Container(404).Position(4)">focus</animation>
              <animation effect="slide" start="0,43" end="0,0" time="400" reversible="false"  tween="quadratic" easing="out" condition="Container(404).OnPrevious + !Container(404).Position(4)">focus</animation>
            </control>
            <control type="label">
              <include>HomeSideMenuFOBGLabel</include>
              <animation effect="fade" start="0" end="100" time="200" delay="300" reversible="false" condition="Container(404).OnNext">focus</animation>
              <animation effect="fade" start="0" end="100" time="200" delay="300" reversible="false" condition="Container(404).OnPrevious">focus</animation>
            </control>
           </focusedlayout>

          <content>
            <item id="1">
              <description>Browse Button</description>
              <label> $LOCALIZE[31000] </label>
              <onclick>XBMC.ActivateWindow(1)</onclick>
            </item>
            <item id="2">
              <description>Games Button</description>
              <label> $LOCALIZE[31051] </label>
              <onclick>XBMC.ActivateWindow(1,Games)</onclick>
            </item>
            <item id="3">
              <description>Emulators Button</description>
              <label> $LOCALIZE[31052] </label>
              <onclick>XBMC.ActivateWindow(1,Emus)</onclick>
            </item>
            <item id="4">
              <description>Apps Button</description>
              <label> $LOCALIZE[31053] </label>
              <onclick>XBMC.ActivateWindow(1,Apps)</onclick>
            </item>
            <item id="5">
              <description>Settings Button</description>
              <label> $LOCALIZE[31060] </label>
              <onclick>XBMC.ActivateWindow(13)</onclick>
            </item>
          </content>
        </control>
  
        <control type="list" id="405">
          <description>Weather Side Menu</description>
          <onup>405</onup>
          <ondown>405</ondown>
          <onright>301</onright>
          <visible>[Container(300).HasFocus(5) | Control.HasFocus(405)] + ![Container(300).OnNext | Container(300).OnPrevious]</visible>
          <include>HomeSideMenu</include>

          <focusedlayout width="HomeSideMenuItemWidth" height="HomeSideMenuItemHeight">
            <control type="image">
              <include>HomeSideMenuNFBGImage</include>
            </control>
            <control type="label">
              <include>HomeSideMenuNFBGLabel</include>
            </control>
            <control type="image">
              <include>HomeSideMenuFOBGImage</include>
              <animation effect="slide" start="0,30" end="0,0" time="500" reversible="false" tween="quadratic" easing="out" condition="Container(405).OnNext + Container(405).Position(0)">focus</animation>
              <animation effect="slide" start="0,-43" end="0,0" time="400" reversible="false" tween="quadratic" easing="out" condition="Container(405).OnNext + !Container(405).Position(0)">focus</animation>
              <animation effect="slide" start="0,-73" end="0,0" time="500" reversible="false" tween="quadratic" easing="out" condition="Container(405).OnPrevious + Container(405).Position(1)">focus</animation>
              <animation effect="slide" start="0,30" end="0,0" time="400" reversible="false"  tween="quadratic" easing="out" condition="Container(405).OnPrevious + !Container(405).Position(1)">focus</animation>
            </control>
            <control type="label">
              <include>HomeSideMenuFOBGLabel</include>
              <animation effect="fade" start="0" end="100" time="200" delay="300" reversible="false" condition="Container(405).OnNext">focus</animation>
              <animation effect="fade" start="0" end="100" time="200" delay="300" reversible="false" condition="Container(405).OnPrevious">focus</animation>
            </control>
           </focusedlayout>

          <content>
            <item id="1">
              <description>Check Button</description>
              <label> $LOCALIZE[31015] </label>
              <onclick>XBMC.ActivateWindow(2600)</onclick>
            </item>
            <item id="2">
              <description>Settings Button</description>
              <label> $LOCALIZE[31060] </label>
              <onclick>XBMC.ActivateWindow(14)</onclick>
            </item>
          </content>
        </control>
  
        <control type="list" id="406">
          <description>System Side Menu</description>
          <onup>406</onup>
          <ondown>406</ondown>
          <onright>301</onright>
          <visible>[Container(300).HasFocus(6) | Control.HasFocus(406) | Control.HasFocus(506)] + ![Container(300).OnNext | Container(300).OnPrevious]</visible>
          <include>HomeSideMenu</include>

          <focusedlayout width="HomeSideMenuItemWidth" height="HomeSideMenuItemHeight">
            <control type="image">
              <include>HomeSideMenuNFBGImage</include>
            </control>
            <control type="label">
              <include>HomeSideMenuNFBGLabel</include>
            </control>
            <control type="image">
              <include>HomeSideMenuFOBGImage</include>
              <animation effect="slide" start="0,245" end="0,0" time="500" reversible="false" tween="quadratic" easing="out" condition="Container(406).OnNext + Container(406).Position(0)">focus</animation>
              <animation effect="slide" start="0,-43" end="0,0" time="400" reversible="false" tween="quadratic" easing="out" condition="Container(406).OnNext + !Container(406).Position(0)">focus</animation>
              <animation effect="slide" start="0,-245" end="0,0" time="500" reversible="false" tween="quadratic" easing="out" condition="Container(406).OnPrevious + Container(406).Position(6)">focus</animation>
              <animation effect="slide" start="0,43" end="0,0" time="400" reversible="false"  tween="quadratic" easing="out" condition="Container(406).OnPrevious + !Container(406).Position(6)">focus</animation>
            </control>
            <control type="label">
              <include>HomeSideMenuFOBGLabel</include>
              <animation effect="fade" start="0" end="100" time="200" delay="300" reversible="false" condition="Container(406).OnNext">focus</animation>
              <animation effect="fade" start="0" end="100" time="200" delay="300" reversible="false" condition="Container(406).OnPrevious">focus</animation>
            </control>
           </focusedlayout>

          <content>
            <item id="1">
              <description>Settings Button</description>
              <label> $LOCALIZE[31060] </label>
              <onclick>SetFocus(506)</onclick>
            </item>
            <item id="2">
              <description>Scripts Button</description>
              <label> $LOCALIZE[31061] </label>
              <onclick>XBMC.ActivateWindow(20)</onclick>
            </item>
            <item id="3">
              <description>My Files Button</description>
              <label> $LOCALIZE[31062] </label>
              <onclick>XBMC.ActivateWindow(3)</onclick>
            </item>
            <item id="4">
              <description>My Favorites Button</description>
              <label> $LOCALIZE[31063] </label>
              <onclick>SetFocus(300)</onclick>
              <onclick>XBMC.ActivateWindow(Favourites)</onclick>
            </item>
            <item id="9">
              <description>Profiles Settings Button</description>
              <label> $LOCALIZE[31064] </label>
              <onclick>XBMC.ActivateWindow(34)</onclick>
            </item>
            <item id="5">
              <description>Info Button</description>
              <label> $LOCALIZE[31065] </label>
              <onclick>XBMC.ActivateWindow(7)</onclick>
            </item>
            <item id="6">
              <description>Credits Button</description>
              <label> $LOCALIZE[31800] </label>
              <onclick>XBMC.ActivateWindow(4)</onclick>
            </item>
          </content>
        </control>

        <control type="list" id="407">
          <description>Power Side Menu</description>
          <onup>407</onup>
          <ondown>407</ondown>
          <onright>301</onright>
          <visible>[Container(300).HasFocus(7) | Control.HasFocus(407)] + ![Container(300).OnNext | Container(300).OnPrevious]</visible>
          <include>HomeSideMenu</include>

          <focusedlayout width="HomeSideMenuItemWidth" height="HomeSideMenuItemHeight">
            <control type="image">
              <include>HomeSideMenuNFBGImage</include>
            </control>
            <control type="label">
              <include>HomeSideMenuNFBGLabel</include>
            </control>
            <control type="image">
              <include>HomeSideMenuFOBGImage</include>
              <animation effect="slide" start="0,245" end="0,0" time="500" reversible="false" tween="quadratic" easing="out" condition="Container(407).OnNext + Container(407).Position(0)">focus</animation>
              <animation effect="slide" start="0,-43" end="0,0" time="400" reversible="false" tween="quadratic" easing="out" condition="Container(407).OnNext + !Container(407).Position(0)">focus</animation>
              <animation effect="slide" start="0,-159" end="0,0" time="500" reversible="false" tween="quadratic" easing="out" condition="Container(407).OnPrevious + [Container(407).Position(4) + System.Platform.Xbox + !System.HasLoginScreen]">focus</animation>
              <animation effect="slide" start="0,-202" end="0,0" time="500" reversible="false" tween="quadratic" easing="out" condition="Container(407).OnPrevious + [Container(407).Position(5) + System.Platform.Xbox + System.HasLoginScreen]">focus</animation>
              <animation effect="slide" start="0,-202" end="0,0" time="500" reversible="false" tween="quadratic" easing="out" condition="Container(407).OnPrevious + [Container(407).Position(5) + !System.Platform.Xbox + !System.HasLoginScreen]">focus</animation>
              <animation effect="slide" start="0,-245" end="0,0" time="500" reversible="false" tween="quadratic" easing="out" condition="Container(407).OnPrevious + [Container(407).Position(6) + !System.Platform.Xbox + System.HasLoginScreen]">focus</animation>
              <animation effect="slide" start="0,43" end="0,0" time="400" reversible="false"  tween="quadratic" easing="out" condition="Container(407).OnPrevious + ![[Container(407).Position(4) + System.Platform.Xbox + !System.HasLoginScreen] | [Container(407).Position(5) + System.Platform.Xbox + System.HasLoginScreen] | [Container(407).Position(5) + !System.Platform.Xbox + !System.HasLoginScreen] | [Container(407).Position(6) + !System.Platform.Xbox + System.HasLoginScreen]]">focus</animation>
            </control>
            <control type="label">
              <include>HomeSideMenuFOBGLabel</include>
              <animation effect="fade" start="0" end="100" time="200" delay="300" reversible="false" condition="Container(407).OnNext">focus</animation>
              <animation effect="fade" start="0" end="100" time="200" delay="300" reversible="false" condition="Container(407).OnPrevious">focus</animation>
            </control>
           </focusedlayout>

          <content>
            <item id="1">
              <description>Shutdown Button</description>
              <label> $LOCALIZE[31071] </label>
              <onclick>XBMC.Shutdown()</onclick>
            </item>
            <item id="2">
              <description>Restart Button</description>
              <label> $LOCALIZE[31072] </label>
              <onclick>XBMC.Reset()</onclick>
            </item>
            <item id="3">
              <description>Reload Button</description>
              <label> $LOCALIZE[31073] </label>
              <onclick>XBMC.RestartApp()</onclick>
            </item>
            <item id="4">
              <description>Refresh Button</description>
              <label> $LOCALIZE[31075] </label>
              <onclick>XBMC.ReloadSkin()</onclick>
            </item>
            <item id="5">
              <description>Dashboard Button</description>
              <label> $LOCALIZE[31074] </label>
              <onclick>XBMC.Dashboard()</onclick>
              <visible>System.Platform.Xbox</visible>
            </item>
            <item id="6">
              <description>Suspend</description>
              <label> $LOCALIZE[13011] </label>
              <onclick>XBMC.Suspend()</onclick>
              <visible>!System.Platform.Xbox</visible>
            </item>
            <item id="7">
              <description>Hibernate</description>
              <label> $LOCALIZE[13010] </label>
              <onclick>XBMC.Hibernate()</onclick>
              <visible>!System.Platform.Xbox</visible>
            </item>
            <item id="8">
              <description>Logout Button</description>
              <label> $LOCALIZE[20126] </label>
              <onclick>System.LogOff</onclick>
              <visible>System.HasLoginScreen</visible>
            </item>
          </content>
        </control>

        <control type="list" id="408">
          <description>TV Shows Side Menu</description>
          <onup>408</onup>
          <ondown>408</ondown>
          <onright>461</onright>
          <visible>[Container(300).HasFocus(8) | Control.HasFocus(408)] + ![Container(300).OnNext | Container(300).OnPrevious]</visible>
          <include>HomeSideMenu</include>

          <focusedlayout width="HomeSideMenuItemWidth" height="HomeSideMenuItemHeight">
            <control type="image">
              <include>HomeSideMenuNFBGImage</include>
            </control>
            <control type="label">
              <include>HomeSideMenuNFBGLabel</include>
            </control>
            <control type="image">
              <include>HomeSideMenuFOBGImage</include>
              <animation effect="slide" start="0,202" end="0,0" time="500" reversible="false" tween="quadratic" easing="out" condition="Container(408).OnNext + Container(408).Position(0)">focus</animation>
              <animation effect="slide" start="0,-43" end="0,0" time="400" reversible="false" tween="quadratic" easing="out" condition="Container(408).OnNext + !Container(408).Position(0)">focus</animation>
              <animation effect="slide" start="0,-202" end="0,0" time="500" reversible="false" tween="quadratic" easing="out" condition="Container(408).OnPrevious + Container(408).Position(5)">focus</animation>
              <animation effect="slide" start="0,43" end="0,0" time="400" reversible="false"  tween="quadratic" easing="out" condition="Container(408).OnPrevious + !Container(408).Position(5)">focus</animation>
            </control>
            <control type="label">
              <include>HomeSideMenuFOBGLabel</include>
              <animation effect="fade" start="0" end="100" time="200" delay="300" reversible="false" condition="Container(408).OnNext">focus</animation>
              <animation effect="fade" start="0" end="100" time="200" delay="300" reversible="false" condition="Container(408).OnPrevious">focus</animation>
            </control>
           </focusedlayout>

          <content>
<!--
            <item id="1">
              <description>Browse Button</description>
              <label> $LOCALIZE[31000] </label>
              <onclick>XBMC.ActivateWindow(24)</onclick>
            </item>
-->
            <item id="2">
              <description>By Genre</description>
              <label> $LOCALIZE[31044] $LOCALIZE[515] </label>
              <onclick>XBMC.ActivateWindow(MyVideoLibrary,tvshowgenres,return)</onclick>
            </item>
            <item id="3">
              <description>By Year</description>
              <label> $LOCALIZE[31044] $LOCALIZE[345] </label>
              <onclick>XBMC.ActivateWindow(MyVideoLibrary,tvshowyears,return)</onclick>
            </item>
            <item id="4">
              <description>By Actor</description>
              <label> $LOCALIZE[31044] $LOCALIZE[20337] </label>
              <onclick>XBMC.ActivateWindow(MyVideoLibrary,tvshowactors,return)</onclick>
            </item>
            <item id="5">
              <description>Recently Added</description>
              <label> $LOCALIZE[31045] </label>
              <onclick>XBMC.ActivateWindow(MyVideoLibrary,recentlyaddedepisodes,return)</onclick>
            </item>
            <item id="6">
              <description>Video Plugins</description>
              <label> $LOCALIZE[1037] </label>
              <onclick>XBMC.ActivateWindow(MyVideoLibrary,plugins,return)</onclick>
            </item>
            <item id="7">
              <description>Settings Button</description>
              <label> $LOCALIZE[31060] </label>
              <onclick>XBMC.ActivateWindow(17)</onclick>
            </item>
          </content>
        </control>

        <control type="list" id="409">
          <description>Movies Side Menu</description>
          <onup>409</onup>
          <ondown>409</ondown>
          <onright>460</onright>
          <visible>[Container(300).HasFocus(9) | Control.HasFocus(409)] + ![Container(300).OnNext | Container(300).OnPrevious]</visible>
          <include>HomeSideMenu</include>

          <focusedlayout width="HomeSideMenuItemWidth" height="HomeSideMenuItemHeight">
            <control type="image">
              <include>HomeSideMenuNFBGImage</include>
            </control>
            <control type="label">
              <include>HomeSideMenuNFBGLabel</include>
            </control>
            <control type="image">
              <include>HomeSideMenuFOBGImage</include>
              <animation effect="slide" start="0,288" end="0,0" time="500" reversible="false" tween="quadratic" easing="out" condition="Container(409).OnNext + Container(409).Position(0)">focus</animation>
              <animation effect="slide" start="0,-43" end="0,0" time="400" reversible="false" tween="quadratic" easing="out" condition="Container(409).OnNext + !Container(409).Position(0)">focus</animation>
              <animation effect="slide" start="0,-288" end="0,0" time="500" reversible="false" tween="quadratic" easing="out" condition="Container(409).OnPrevious + Container(409).Position(7)">focus</animation>
              <animation effect="slide" start="0,43" end="0,0" time="400" reversible="false"  tween="quadratic" easing="out" condition="Container(409).OnPrevious + !Container(409).Position(7)">focus</animation>
            </control>
            <control type="label">
              <include>HomeSideMenuFOBGLabel</include>
              <animation effect="fade" start="0" end="100" time="200" delay="300" reversible="false" condition="Container(409).OnNext">focus</animation>
              <animation effect="fade" start="0" end="100" time="200" delay="300" reversible="false" condition="Container(409).OnPrevious">focus</animation>
            </control>
           </focusedlayout>

          <content>
<!--
            <item id="1">
              <description>Browse Button</description>
              <label> $LOCALIZE[31000] </label>
              <onclick>XBMC.ActivateWindow(24)</onclick>
            </item>
-->
            <item id="2">
              <description>By Genre</description>
              <label> $LOCALIZE[31044] $LOCALIZE[515] </label>
              <onclick>XBMC.ActivateWindow(MyVideoLibrary,moviegenres,return)</onclick>
            </item>
            <item id="3">
              <description>By Year</description>
              <label> $LOCALIZE[31044] $LOCALIZE[345] </label>
              <onclick>XBMC.ActivateWindow(MyVideoLibrary,movieyears,return)</onclick>
            </item>
            <item id="4">
              <description>By Actor</description>
              <label> $LOCALIZE[31044] $LOCALIZE[20337] </label>
              <onclick>XBMC.ActivateWindow(MyVideoLibrary,movieactors,return)</onclick>
            </item>
            <item id="5">
              <description>By Director</description>
              <label> $LOCALIZE[31044] $LOCALIZE[20339] </label>
              <onclick>XBMC.ActivateWindow(MyVideoLibrary,moviedirectors,return)</onclick>
            </item>
            <item id="6">
              <description>By Studio</description>
              <label> $LOCALIZE[31044] $LOCALIZE[572] </label>
              <onclick>XBMC.ActivateWindow(MyVideoLibrary,moviestudios,return)</onclick>
            </item>
            <item id="7">
              <description>Recently Added</description>
              <label> $LOCALIZE[31045] </label>
              <onclick>XBMC.ActivateWindow(MyVideoLibrary,recentlyaddedmovies,return)</onclick>
            </item>
            <item id="8">
              <description>Video Plugins</description>
              <label> $LOCALIZE[1037] </label>
              <onclick>XBMC.ActivateWindow(MyVideoLibrary,plugins,return)</onclick>
            </item>
            <item id="9">
              <description>Settings Button</description>
              <label> $LOCALIZE[31060] </label>
              <onclick>XBMC.ActivateWindow(17)</onclick>
            </item>
          </content>
        </control>
      </control>

<!--Sub Submenu -->
      <control type="group" id="302">
        <posx>534</posx>
        <posy>331</posy>
        <animation effect="slide" tween="back" end="220,0" time="400" delay="300" condition="ControlGroup(302).HasFocus()">Conditional</animation>
        <animation effect="fade" time="500" delay="100">Focus</animation>
        <animation effect="fade" time="200">Unfocus</animation>
        <visible allowhiddenfocus="true">Control.HasFocus(506)</visible>
        <include>HomeSubMenuBackground</include>

        <include>HomeSubMenuIcon</include>

        <control type="list" id="506">
          <description>Settings Sub Side Menu</description>
          <onup>506</onup>
          <ondown>506</ondown>
          <onleft>301</onleft>
          <onright>506</onright>
          <scrolltime>200</scrolltime>
          <visible allowhiddenfocus="true">Control.HasFocus(506)</visible>
          <include>HomeSideMenuDims</include>
          <include>HomeSlideLeft</include>

          <itemlayout width="HomeSideMenuItemWidth" height="HomeSideMenuItemHeight">
            <control type="image">
              <include>HomeSideMenuNFBGImage</include>
            </control>
            <control type="label">
              <include>HomeSideMenuNFBGLabel</include>
            </control>
          </itemlayout>

          <focusedlayout width="HomeSideMenuItemWidth" height="HomeSideMenuItemHeight">
            <control type="image">
              <include>HomeSideMenuNFBGImage</include>
            </control>
            <control type="label">
              <include>HomeSideMenuNFBGLabel</include>
            </control>
            <control type="image">
              <include>HomeSideMenuFOBGImage</include>
              <animation effect="slide" start="0,288" end="0,0" time="500" reversible="false" tween="quadratic" easing="out" condition="Container(506).OnNext + Container(506).Position(0)">focus</animation>
              <animation effect="slide" start="0,-43" end="0,0" time="400" reversible="false" tween="quadratic" easing="out" condition="Container(506).OnNext + !Container(506).Position(0)">focus</animation>
              <animation effect="slide" start="0,-288" end="0,0" time="500" reversible="false" tween="quadratic" easing="out" condition="Container(506).OnPrevious + Container(506).Position(7)">focus</animation>
              <animation effect="slide" start="0,43" end="0,0" time="400" reversible="false"  tween="quadratic" easing="out" condition="Container(506).OnPrevious + !Container(506).Position(7)">focus</animation>
            </control>
            <control type="label">
              <include>HomeSideMenuFOBGLabel</include>
              <animation effect="fade" start="0" end="100" time="200" delay="300" reversible="false" condition="Container(506).OnNext">focus</animation>
              <animation effect="fade" start="0" end="100" time="200" delay="300" reversible="false" condition="Container(506).OnPrevious">focus</animation>
            </control>
          </focusedlayout>

          <content>
            <item id="8">
              <description>Skin Settings Button</description>
              <label> $LOCALIZE[31603] </label>
              <onclick>XBMC.ActivateWindow(1001)</onclick>
            </item>
            <item id="7">
              <description>Appearance Settings Button</description>
              <label> $LOCALIZE[31601] </label>
              <onclick>XBMC.ActivateWindow(19)</onclick>
            </item>
            <item id="1">
              <description>Video Settings Button</description>
              <label> $LOCALIZE[31001] </label>
              <onclick>XBMC.ActivateWindow(17)</onclick>
            </item>
            <item id="2">
              <description>Music Settings Button</description>
              <label> $LOCALIZE[31002] </label>
             <onclick>XBMC.ActivateWindow(15)</onclick>
            </item>
            <item id="3">
             <description>Pictures Settings Button</description>
              <label> $LOCALIZE[31003] </label>
              <onclick>XBMC.ActivateWindow(12)</onclick>
            </item>
            <item id="4">
              <description>Programs Settings Button</description>
              <label> $LOCALIZE[31004] </label>
              <onclick>XBMC.ActivateWindow(13)</onclick>
            </item>
            <item id="5">
              <description>System Settings Button</description>
              <label> $LOCALIZE[31006] </label>
              <onclick>XBMC.ActivateWindow(16)</onclick>
            </item>
            <item id="6">
              <description>Network Settings Button</description>
              <label> $LOCALIZE[31602] </label>
              <onclick>XBMC.ActivateWindow(18)</onclick>
            </item>
          </content>
        </control>
      </control>
    </control>

    <control type="group">
      <animation effect="slide" end="-440,0" time="0" condition="true">Conditional</animation>
      <animation effect="slide" end="-180,0" time="100" condition="[Window.Next(SettingsCategory.xml) | Window.Next(1001) | Window.Next(7) | Window.Next(34)]">Conditional</animation>

<!-- Settings Panel -->
      <control type="group">
        <visible>Window.Next(SettingsCategory.xml) | Window.Next(1001) | Window.Next(7) | Window.Next(34)</visible>
        <animation type="Visible" condition="Window.Next(SettingsCategory.xml) | Window.Next(1001) | Window.Next(7) | Window.Next(34)">
          <effect type="zoom" tween="back" center="0,0" start="0,100" end="100,100" time="800"  delay="100" />
        </animation>

        <control type="image">
          <description>Submenu Background Image</description>
          <visible>Window.Next(SettingsCategory.xml) | Window.Next(1001) | Window.Next(7) | Window.Next(34)</visible>
          <posx>1450</posx>
          <posy>0</posy>
          <width>224</width>
          <height>720</height>
          <include>HomeBladeSubTexture</include>
        </control>

        <control type="image">
          <visible>Window.Next(SettingsCategory.xml) | Window.Next(1001) | Window.Next(7) | Window.Next(34)</visible>
          <posx>710</posx>
          <posy>0</posy>
          <width>740</width>
          <height>720</height>
          <include>SettingsCentreBladeBG</include>
        </control>

        <control type="group">
          <visible>Window.Next(SettingsCategory.xml) | Window.Next(1001) | Window.Next(7) | Window.Next(34)</visible>

          <control type="image">
            <description>Submenu Background Image</description>
            <posx>710</posx>
            <posy>0</posy>
            <width>750</width>
            <height>720</height>
            <include>HomeBladeSubTexture</include>
          </control>
        </control>
      </control>

      <control type="image">
        <description>Background Image Left Blade</description>
        <posx>0</posx>
        <posy>0</posy>
        <width>846</width>
        <height>720</height>
        <texture border="0,0,500,0">HomeBladeLeft.png</texture>
        <include>HomeBladeSlideLeft</include>
      </control>

<!-- Main Menu -->
      <control type="group">
        <include>HomeSlideLeft</include>

        <control type="wraplist" id="300">
          <description>Home Main Menu</description>
          <posx>0</posx>
          <posy>69</posy>
          <width>829</width>
          <height>700</height>
          <onup>300</onup>
          <ondown>300</ondown>
          <onleft>Skin.ToggleSetting(HideNowPlayingMusicInfo)</onleft>
          <onright>301</onright>
          <focusposition>2</focusposition>
          <scrolltime>200</scrolltime>
          <visible allowhiddenfocus="true">Control.HasFocus(300)</visible>
          <animation effect="fade" start="0" end="100" time="500">Visible</animation>
          <animation effect="fade" start="0" end="100" time="300">WindowOpen</animation>
  
          <itemlayout width="600" height="140">
            <control type="label">
              <posx>802</posx>
              <posy>20</posy>
              <width>600</width>
              <height>0</height>
              <info>ListItem.Label</info>
              <align>right</align>
              <aligny>center</aligny>
              <font>MediumLargeTitleCapsFont</font>
              <textcolor>HomeMain2</textcolor>
              <shadowcolor>HomeShadow</shadowcolor>
            </control>
          </itemlayout>
    
          <focusedlayout width="600" height="140">
            <control type="label">
              <include>HomeMainMenuFOLabel</include>
            </control>
            <control type="label">
              <include>HomeMainMenuFOCaption</include>
            </control>
          </focusedlayout>
    
          <content>
            <item id="7">
              <description>Power Button</description>
              <label> $LOCALIZE[31007] </label>
              <label2> $LOCALIZE[31017] </label2>
              <thumb>$INFO[Skin.String(CustomPowerBGFolder)]</thumb>
              <icon>HomeBGPower.png</icon>
              <onclick>XBMC.ActivateWindow(ShutdownMenu)</onclick>
            </item>
            <item id="6">
              <description>My System Menu</description>
              <label> $LOCALIZE[31006] </label>
              <label2> $LOCALIZE[31016] </label2>
              <thumb>$INFO[Skin.String(CustomSystemBGFolder)]</thumb>
              <icon>HomeBGSystem.png</icon>
              <onclick>SetFocus(506)</onclick>
            </item>
            <item id="5">
              <description>My Weather Button</description>
              <label> $LOCALIZE[31005] </label>
              <label2> $LOCALIZE[31043] </label2>
              <thumb>$INFO[Skin.String(CustomWeatherBGFolder)]</thumb>
              <icon>HomeBGWeather.png</icon>
              <onclick>XBMC.ActivateWindow(2600)</onclick>
              <visible>!Skin.HasSetting(HideWeather) + !Skin.HasSetting(ShowWeatherFanart)</visible>
              <visible>System.HasNetwork</visible>
            </item>
            <item id="5">
              <description>My Weather Button</description>
              <label> $LOCALIZE[31005] </label>
              <label2> $LOCALIZE[31043] </label2>
              <thumb>$INFO[Skin.String(CustomWeatherBGFolder)]$INFO[Weather.FanartCode]</thumb>
              <icon>HomeBGWeather.png</icon>
              <onclick>XBMC.ActivateWindow(2600)</onclick>
              <visible>!Skin.HasSetting(HideWeather) + Skin.HasSetting(ShowWeatherFanart)</visible>
              <visible>System.HasNetwork</visible>
            </item>
            <item id="1">
              <description>My Videos Button</description>
              <label> $LOCALIZE[31001] </label>
              <label2> $LOCALIZE[31011] </label2>
              <thumb>$INFO[Skin.String(CustomVideosBGFolder)]</thumb>
              <icon>HomeBGVideos.png</icon>
              <visible>!Skin.HasSetting(HideVideos)</visible>
              <onclick>XBMC.ActivateWindow(24)</onclick>
            </item>
            <item id="9">
              <description>My Movies Button</description>
              <label> $LOCALIZE[31111] </label>
              <label2> $LOCALIZE[31011] </label2>
              <thumb>$INFO[Skin.String(CustomMoviesBGFolder)]</thumb>
              <icon>HomeBGMovies.png</icon>
              <visible>!Skin.HasSetting(HideMovies)</visible>
              <onclick>XBMC.ActivateWindow(MyVideoLibrary,movietitles,return)</onclick>
            </item>
            <item id="8">
              <description>My TV Shows Button</description>
              <label> $LOCALIZE[31008] </label>
              <label2> $LOCALIZE[31011] </label2>
              <thumb>$INFO[Skin.String(CustomTvShowsBGFolder)]</thumb>
              <icon>HomeBGTvShows.png</icon>
              <visible>!Skin.HasSetting(HideTVShows)</visible>
              <onclick>XBMC.ActivateWindow(MyVideoLibrary,tvshowtitles,return)</onclick>
            </item>
            <item id="2">
              <description>My Music Button</description>
              <label> $LOCALIZE[31002] </label>
              <label2> $LOCALIZE[31012] </label2>
              <thumb>$INFO[Skin.String(CustomMusicBGFolder)]</thumb>
              <icon>HomeBGMusic.png</icon>
              <visible>!Skin.HasSetting(HideMusic)</visible>
              <onclick>XBMC.ActivateWindow(5)</onclick>
            </item>
            <item id="3">
              <description>My Pics Button</description>
              <label> $LOCALIZE[31003] </label>
              <label2> $LOCALIZE[31013] </label2>
              <icon>HomeBGPictures.png</icon>
              <visible>!Skin.HasSetting(HidePictures)</visible>
              <onclick>XBMC.ActivateWindow(2)</onclick>
            </item>
            <item id="4">
              <description>My Programs Menu</description>
              <label> $LOCALIZE[31004] </label>
              <label2> $LOCALIZE[31014] </label2>
              <thumb>$INFO[Skin.String(CustomProgramsBGFolder)]</thumb>
              <icon>HomeBGPrograms.png</icon>
              <visible>!Skin.HasSetting(HidePrograms)</visible>
              <onclick>XBMC.ActivateWindow(1)</onclick>
            </item>
            <item id="10">
              <description>DVD Button</description>
              <label>DVD</label>
              <label2> $LOCALIZE[31019] </label2>
              <thumb>$INFO[Skin.String(CustomDVDBGFolder)]</thumb>
              <icon>HomeBGDVD.png</icon>
              <visible>System.HasMediadvd + !Skin.HasSetting(HideDVD)</visible>
              <onclick>XBMC.PlayDVD</onclick>
            </item>
          </content>
        </control>
    
        <control type="group">
          <posy>349</posy>

          <control type="label">
            <info>Container(300).ListItem(0).Label</info>
            <include>HomeMainMenuFOLabel</include>
            <include>HomeMainMenuOverFade</include>
          </control>
          <control type="label">
            <info>Container(300).ListItem(0).Label2</info>
            <include>HomeMainMenuFOCaption</include>
            <include>HomeMainMenuOverFade</include>
          </control>
        </control>

        <control type="image">
          <posx>582</posx>
          <posy>0</posy>
          <width>246</width>
          <height>720</height>
          <texture diffuse="HomeMenuDiffuse.png">HomeBladeLeftMenuOverlay.png</texture>
        </control>
      </control>
    </control>


<!-- Current Weather -->
		<control type="group">
      <description>Current Weather Summary</description>
      <posx>990</posx>
      <posy>11</posy>
			<visible>Skin.HasSetting(ShowWeatherOnHome) + Weather.IsFetched</visible>
      <animation effect="slide" tween="cubic" start="820,-100" time="700" delay="90">WindowOpen</animation>
      <animation effect="slide" tween="circle" easing="inout" end="820,-100" delay="300" time="800">WindowClose</animation>

      <control type="image">
        <description>Dialog Background</description>
        <posx>-16</posx>
        <posy>-27</posy>
        <width>330</width>
        <height>92</height>
        <include>DialogBGTexture</include>
      </control>

      <control type="group">
				<posy>7</posy>

  			<control type="label">
  				<description>Weather Conditions</description>
  				<posx>HomeWeatherTextWidth</posx>
  				<width>HomeWeatherTextWidth</width>
  				<align>right</align>
  				<font>SmallTitleCapsFont</font>
  				<label>$INFO[Weather.Conditions]</label>
  			</control>

  			<control type="label">
  				<description>Weather Conditions</description>
  				<posx>HomeWeatherTextWidth</posx>
  				<posy>16</posy>
  				<width>HomeWeatherTextWidth</width>
  				<align>right</align>
  				<label>$INFO[Weather.Temperature]</label>
  			</control>
			</control>

			<control type="image">
				<description>Weather image</description>
        <posx>226</posx>
        <width>HomeWeatherImageSize</width>
        <height>HomeWeatherImageSize</height>
				<aspectratio>keep</aspectratio>
				<colordiffuse>ccbbbbbb</colordiffuse>
				<info>Weather.Conditions</info>
        <visible>!Skin.HasSetting(ShowAnimatedWeather)</visible>
			</control>

      <control type="multiimage">
        <description>Animated Weather image</description>
        <posx>226</posx>
        <width>HomeWeatherImageSize</width>
        <height>HomeWeatherImageSize</height>
        <aspectratio>keep</aspectratio>
        <imagepath>$INFO[Skin.String(CustomWeatherBGFolder)]\icon\$INFO[Weather.FanartCode]</imagepath>
        <timeperimage>100</timeperimage>
        <randomize>false</randomize>
        <fadetime>0</fadetime>
        <visible>Skin.HasSetting(ShowAnimatedWeather)</visible>
      </control>
		</control>

<!-- Latest Media -->
    <control type="button" id="299">
      <description>Run Recently added</description>
      <posx>-20</posx>
      <posy>-20</posy>
      <width>1</width>
      <height>1</height>
      <label>-</label>
      <font>-</font>
      <onfocus>RunScript(special://skin/scripts/latest/latest.py,unplayed=True)</onfocus>
      <onfocus>SetFocus(300)</onfocus>
      <texturenofocus>-</texturenofocus>
      <texturefocus>-</texturefocus>
      <visible>!Skin.HasSetting(HideLatestVideos)</visible>
    </control>
    <control type="button" id="299">
      <description>Run Recently added</description>
      <posx>-20</posx>
      <posy>-20</posy>
      <width>1</width>
      <height>1</height>
      <label>-</label>
      <font>-</font>
      <onfocus>SetFocus(300)</onfocus>
      <texturenofocus>-</texturenofocus>
      <texturefocus>-</texturefocus>
      <visible>Skin.HasSetting(HideLatestVideos)</visible>
    </control>

    <control type="group">
      <posx>1040</posx>
      <posy>180</posy>
      <visible>!Skin.HasSetting(HideLatestVideos)</visible>

      <control type="group" id="460">
        <description>Latest Movies</description>
        <visible>!IsEmpty(Window.Property(LatestMovie.1.Title))</visible>
        <visible>Container(300).HasFocus(9)</visible>
        <include>LatestMediaSlideAnim</include>

        <include>LatestMediaBG</include>

        <control type="label">
          <font>SmallTitleCapsFont</font>
          <textcolor>Selected</textcolor>
          <label>$LOCALIZE[31047] $LOCALIZE[342]</label>
        </control>

        <control type="list" id="450">
          <onup>450</onup>
          <ondown>450</ondown>
          <include>LatestMediaList</include>

          <itemlayout width="236" height="38">
            <control type="label">
              <posx>4</posx>
              <width>228</width>
              <font>SmallTitleCapsFont</font>
              <info>ListItem.Label</info>
              <textcolor>Unfocused</textcolor>
            </control>
            <control type="label">
              <posx>4</posx>
              <posy>16</posy>
              <width>228</width>
              <font>SmallDefaultCapsFont</font>
              <info>ListItem.Label2</info>
              <textcolor>Unfocused</textcolor>
            </control>
          </itemlayout>

          <focusedlayout width="236" height="46">
            <control type="image">
              <include>LatestMediaItemFocusBG</include>
              <visible>Control.HasFocus(450)</visible>
            </control>
            <control type="label">
              <posx>4</posx>
              <width>228</width>
              <font>MediumTitleCapsFont</font>
              <info>ListItem.Label</info>
              <textcolor>Unfocused</textcolor>
              <animation effect="fade" start="100" end="0" time="100" delay="200" reversible="false">Focus</animation>
            </control>
            <control type="label">
              <posx>4</posx>
              <posy>18</posy>
              <width>228</width>
              <font>MediumSmallDefaultCapsFont</font>
              <info>ListItem.Label2</info>
              <textcolor>Unfocused</textcolor>
              <animation effect="fade" start="100" end="0" time="100" delay="200" reversible="false">Focus</animation>
            </control>
            <control type="label">
              <posx>4</posx>
              <width>228</width>
              <font>MediumTitleCapsFont</font>
              <info>ListItem.Label</info>
              <animation effect="fade" start="0" end="100" time="100" delay="200" reversible="false" condition="[Container(450).OnNext | Container(450).OnPrevious]">Focus</animation>
            </control>
            <control type="label">
              <posx>4</posx>
              <posy>18</posy>
              <width>228</width>
              <font>MediumSmallDefaultCapsFont</font>
              <info>ListItem.Label2</info>
              <animation effect="fade" start="0" end="100" time="100" delay="200" reversible="false" condition="[Container(450).OnNext | Container(450).OnPrevious]">Focus</animation>
            </control>
          </focusedlayout>

          <content>
            <item id="1">
              <label>$INFO[Window.Property(LatestMovie.1.Title)]</label>
              <label2>$INFO[Window.Property(LatestMovie.1.Year)]$INFO[Window.Property(LatestMovie.1.RunningTime), (,)]</label2>
              <onclick>PlayMedia($INFO[Window.Property(LatestMovie.1.Path)])</onclick>
              <thumb>$INFO[Window.Property(LatestMovie.1.Fanart)]</thumb>
              <visible>!IsEmpty(Window.Property(LatestMovie.1.Title))</visible>
            </item>
            <item id="2">
              <label>$INFO[Window.Property(LatestMovie.2.Title)]</label>
              <label2>$INFO[Window.Property(LatestMovie.2.Year)]$INFO[Window.Property(LatestMovie.2.RunningTime), (,)]</label2>
              <onclick>PlayMedia($INFO[Window.Property(LatestMovie.2.Path)])</onclick>
              <thumb>$INFO[Window.Property(LatestMovie.2.Fanart)]</thumb>
              <visible>!IsEmpty(Window.Property(LatestMovie.2.Title))</visible>
            </item>
            <item id="3">
              <label>$INFO[Window.Property(LatestMovie.3.Title)]</label>
              <label2>$INFO[Window.Property(LatestMovie.3.Year)]$INFO[Window.Property(LatestMovie.3.RunningTime), (,)]</label2>
              <onclick>PlayMedia($INFO[Window.Property(LatestMovie.3.Path)])</onclick>
              <thumb>$INFO[Window.Property(LatestMovie.3.Fanart)]</thumb>
              <visible>!IsEmpty(Window.Property(LatestMovie.3.Title))</visible>
            </item>
            <item id="4">
              <label>$INFO[Window.Property(LatestMovie.4.Title)]</label>
              <label2>$INFO[Window.Property(LatestMovie.4.Year)]$INFO[Window.Property(LatestMovie.4.RunningTime), (,)]</label2>
              <onclick>PlayMedia($INFO[Window.Property(LatestMovie.4.Path)])</onclick>
              <thumb>$INFO[Window.Property(LatestMovie.4.Fanart)]</thumb>
              <visible>!IsEmpty(Window.Property(LatestMovie.4.Title))</visible>
            </item>
          </content>
        </control>

        <control type="image">
          <info>Container(450).ListItem.Thumb</info>
          <include>LatestMediaThumb</include>
        </control>
      </control>

      <control type="group" id="461">
        <description>Latest Episodes</description>
        <visible>!IsEmpty(Window.Property(LatestEpisode.1.EpisodeTitle))</visible>
        <visible>Container(300).HasFocus(8)</visible>
        <include>LatestMediaSlideAnim</include>

        <include>LatestMediaBG</include>

        <control type="label">
          <font>SmallTitleCapsFont</font>
          <textcolor>Selected</textcolor>
          <label>$LOCALIZE[31047] $LOCALIZE[20360]</label>
        </control>

        <control type="list" id="451">
          <height>160</height>
          <onup>451</onup>
          <ondown>451</ondown>
          <include>LatestMediaList</include>

          <itemlayout width="236" height="38">
            <control type="label">
              <posx>4</posx>
              <width>228</width>
              <font>SmallTitleCapsFont</font>
              <textcolor>Unfocused</textcolor>
              <info>ListItem.Label2</info>
            </control>
            <control type="label">
              <posx>4</posx>
              <width>228</width>
              <posy>14</posy>
              <font>SmallDefaultCapsFont</font>
              <textcolor>Unfocused</textcolor>
              <info>ListItem.Label</info>
            </control>
          </itemlayout>

          <focusedlayout width="236" height="46">
            <control type="image">
              <include>LatestMediaItemFocusBG</include>
              <visible>Control.HasFocus(451)</visible>
            </control>
            <control type="label">
              <posx>4</posx>
              <posy>2</posy>
              <width>228</width>
              <font>MediumSmallTitleCapsFont</font>
              <textcolor>Unfocused</textcolor>
              <info>ListItem.Label2</info>
              <animation effect="fade" start="100" end="0" time="100" delay="200" reversible="false">Focus</animation>
            </control>
            <control type="label">
              <posx>4</posx>
              <posy>16</posy>
              <width>228</width>
              <font>MediumDefaultCapsFont</font>
              <textcolor>Unfocused</textcolor>
              <info>ListItem.Label</info>
              <animation effect="fade" start="100" end="0" time="100" delay="200" reversible="false">Focus</animation>
            </control>
            <control type="label">
              <posx>4</posx>
              <posy>2</posy>
              <width>228</width>
              <font>MediumSmallTitleCapsFont</font>
              <info>ListItem.Label2</info>
              <animation effect="fade" start="0" end="100" time="100" delay="200" reversible="false" condition="[Container(451).OnNext | Container(451).OnPrevious]">Focus</animation>
            </control>
            <control type="label">
              <posx>4</posx>
              <posy>16</posy>
              <width>228</width>
              <font>MediumDefaultCapsFont</font>
              <info>ListItem.Label</info>
              <animation effect="fade" start="0" end="100" time="100" delay="200" reversible="false" condition="[Container(451).OnNext | Container(451).OnPrevious]">Focus</animation>
            </control>
          </focusedlayout>

          <content>
            <item id="1">
              <label>$INFO[Window.Property(LatestEpisode.1.EpisodeNo)] - $INFO[Window.Property(LatestEpisode.1.EpisodeTitle)]</label>
              <label2>$INFO[Window.Property(LatestEpisode.1.ShowTitle)]</label2>
              <onclick>PlayMedia($INFO[Window.Property(LatestEpisode.1.Path)])</onclick>
              <thumb>$INFO[Window.Property(LatestEpisode.1.Thumb)]</thumb>
              <visible>!IsEmpty(Window.Property(LatestEpisode.1.EpisodeTitle))</visible>
            </item>
            <item id="2">
              <label>$INFO[Window.Property(LatestEpisode.2.EpisodeNo)] - $INFO[Window.Property(LatestEpisode.2.EpisodeTitle)]</label>
              <label2>$INFO[Window.Property(LatestEpisode.2.ShowTitle)]</label2>
              <onclick>PlayMedia($INFO[Window.Property(LatestEpisode.2.Path)])</onclick>
              <thumb>$INFO[Window.Property(LatestEpisode.2.Thumb)]</thumb>
              <visible>!IsEmpty(Window.Property(LatestEpisode.2.EpisodeTitle))</visible>
            </item>
            <item id="3">
              <label>$INFO[Window.Property(LatestEpisode.3.EpisodeNo)] - $INFO[Window.Property(LatestEpisode.3.EpisodeTitle)]</label>
              <label2>$INFO[Window.Property(LatestEpisode.3.ShowTitle)]</label2>
              <onclick>PlayMedia($INFO[Window.Property(LatestEpisode.3.Path)])</onclick>
              <thumb>$INFO[Window.Property(LatestEpisode.3.Thumb)]</thumb>
              <visible>!IsEmpty(Window.Property(LatestEpisode.3.EpisodeTitle))</visible>
            </item>
            <item id="4">
              <label>$INFO[Window.Property(LatestEpisode.4.EpisodeNo)] - $INFO[Window.Property(LatestEpisode.4.EpisodeTitle)]</label>
              <label2>$INFO[Window.Property(LatestEpisode.4.ShowTitle)]</label2>
              <onclick>PlayMedia($INFO[Window.Property(LatestEpisode.4.Path)])</onclick>
              <thumb>$INFO[Window.Property(LatestEpisode.4.Thumb)]</thumb>
              <visible>!IsEmpty(Window.Property(LatestEpisode.4.EpisodeTitle))</visible>
            </item>
          </content>
        </control>

        <control type="image">
          <info>Container(451).ListItem.Thumb</info>
          <include>LatestMediaThumb</include>
        </control>
      </control>
    </control>

    <control type="group">
      <description>RSS</description>
      <posx>75</posx>
      <posy>678</posy>
      <visible>System.GetBool(LookAndFeel.EnableRSSFeeds) + System.HasNetwork</visible>
      <animation type="WindowOpen">
        <effect type="slide" start="0,50" time="700" delay="100" />
        <effect type="fade" time="700" delay="500" />
      </animation>
      <animation type="WindowClose">
        <effect type="slide" end="0,50" time="300" />
        <effect type="fade" time="100" delay="100" />
      </animation>

      <control type="image">
        <description>RSS Background</description>
        <width>1253</width>
        <height>43</height>
        <texture border="30,30,0,0">HomeRSS.png</texture>
      </control>

      <control type="rss">
        <description>Rss Feed</description>
        <posx>30</posx>
        <posy>10</posy>
        <width>1210</width>
        <font>MediumTitleCapsFont</font>
        <urlset>1</urlset>
        <textcolor>Highlighted</textcolor>
        <headlinecolor>Focused</headlinecolor>
        <titlecolor>Highlighted</titlecolor>
        <animation effect="fade" time="700" delay="300">WindowOpen</animation>
        <animation effect="fade" time="100">WindowClose</animation>
      </control>

      <control type="group">
        <description>Fades for RSS text</description>
        <posy>4</posy>

        <control type="image">
          <description>Left hand fade for RSS</description>
          <posx>29</posx>
          <width>40</width>
          <height>40</height>
          <texture>BlackGradient.png</texture>
        </control>

        <control type="image">
          <description>Right hand fade for RSS</description>
          <posx>1168</posx>
          <width>40</width>
          <height>40</height>
          <texture flipx="true">BlackGradient.png</texture>
        </control>
      </control>
    </control>

<!-- Music Now Playing -->
    <include>MusicNowPlayingIndicators</include>

    <control type="group">
      <posx>0</posx>
      <posy>540</posy>
      <visible>Player.HasAudio + !Skin.HasSetting(HomeAudioNowPlaying)</visible>
      <include>HomeSlideLeft</include>

      <include>MusicNowPlaying</include>
    </control>

    <include>Clock</include>

  </controls>
</window>

