<window id="131">
	<defaultcontrol always="true">5</defaultcontrol>
	<allowoverlay>no</allowoverlay>

  <controls>

		<include>Background</include>

		<control type="image">
			<description>Overlay for right of screen</description>
			<posx>1045</posx>
			<width>235</width>
			<height>720</height>
			<texture>HomeRightOverlay.png</texture>
		</control>

		<!-- Submenu blade -->

		<control type="group">
			<posx>754</posx>
			<posy>351</posy>
			<control type="image">
				<description>Submenu Background Image</description>
				<posx>44</posx>
				<posy>-351</posy>
				<include>HomeSubMenuBlade</include>
			</control>

			<include>HomeSubMenuIcon</include>

			<control type="radiobutton" id="4">
				<description>default_radio_button</description>
				<posx>70</posx>
				<width>218</width>
				<height>43</height>
				<textcolor>HomeSubNoFocus</textcolor>
				<focusedcolor>Focused</focusedcolor>
				<disabledcolor>Unfocused</disabledcolor>
				<textoffsetx>45</textoffsetx>
				<include>MenuItemNFTextureNF</include>
				<include>MenuItemNFTextureFO</include>
				<font>HomeSubMenuFont</font>
				<align>center</align>
				<aligny>center</aligny>
				<radioposx>178</radioposx>
				<label>$LOCALIZE[20096]</label>
				<onleft>-</onleft>
				<onright>-</onright>
				<onup>-</onup>
				<ondown>2</ondown>
			</control>

		</control>

		<!-- Main control area -->

		<control type="image">
			<include>SettingsCentreBladeBG</include>
		</control>
		<control type="image">
			<description>Submenu Background Image</description>
			<include>SettingsCentreBlade</include>
		</control>

		<control type="group">
			<description>Control Area</description>
			<posx>105</posx>
			<posy>150</posy>
			<width>750</width>

			<control type="grouplist" id="5">
				<description>control_area</description>
				<posx>105</posx>
				<posy>65</posy>
				<width>625</width>
				<height>400</height>
				<onup>-</onup>
				<ondown>28</ondown>
				<onleft>-</onleft>
				<onright>-</onright>
				<itemgap>0</itemgap>
			</control>
			<control type="button" id="7">
				<description>default_button</description>
				<posx>0</posx>
				<posy>-10</posy>
				<width>600</width>
				<height>43</height>
				<include>MenuItemNFTextureNF</include>
				<texturefocus aspectratio="stretch">MenuItemFO.png</texturefocus>
				<textcolor>Unfocused</textcolor>
				<focusedcolor>Focused</focusedcolor>
				<disabledcolor>Unfocused</disabledcolor>
				<font>MediumDefaultFont</font>
				<textoffsetx>45</textoffsetx>
				<align>left</align>
				<aligny>center</aligny>
			</control>
			<control type="radiobutton" id="8">
				<description>default_radio_button</description>
				<width>600</width>
				<height>43</height>
				<textcolor>Unfocused</textcolor>
				<focusedcolor>Focused</focusedcolor>
				<disabledcolor>Unfocused</disabledcolor>
				<textoffsetx>45</textoffsetx>
				<include>MenuItemNFTextureNF</include>
				<texturefocus aspectratio="stretch">MenuItemFO.png</texturefocus>
				<font>MediumDefaultFont</font>
				<aligny>center</aligny>
				<radioposx>560</radioposx>
			</control>
			<control type="spincontrolex" id="9">
				<description>default_spincontrol</description>
				<width>600</width>
				<height>43</height>
				<textcolor>Unfocused</textcolor>
				<focusedcolor>Focused</focusedcolor>
				<disabledcolor>Unfocused</disabledcolor>
				<textoffsetx>45</textoffsetx>
				<include>MenuItemNFTextureNF</include>
				<texturefocus aspectratio="stretch">MenuItemFO.png</texturefocus>
				<font>MediumDefaultFont</font>
				<aligny>center</aligny>
				<align>left</align>
			</control>
			<control type="sliderex" id="10">
				<description>slider</description>
			</control>

			<control type="button" id="28">
				<description>ok button</description>
				<posx>105</posx>
				<posy>390</posy>
				<width>600</width>
				<height>43</height>
				<onup>5</onup>
				<ondown>29</ondown>
				<onleft>-</onleft>
				<onright>-</onright>
				<include>MenuItemNFTextureNF</include>
				<texturefocus aspectratio="stretch">MenuItemFO.png</texturefocus>
				<textcolor>Unfocused</textcolor>
				<focusedcolor>Focused</focusedcolor>
				<disabledcolor>Unfocused</disabledcolor>
				<font>MediumDefaultFont</font>
				<textoffsetx>45</textoffsetx>
				<align>left</align>
				<aligny>center</aligny>
				<label>$LOCALIZE[186]</label>
			</control>
			<control type="button" id="29">
				<description>cancel button</description>
				<posx>105</posx>
				<posy>433</posy>
				<width>600</width>
				<height>43</height>
				<onup>28</onup>
				<ondown>-</ondown>
				<onleft>-</onleft>
				<onright>-</onright>
				<include>MenuItemNFTextureNF</include>
				<texturefocus aspectratio="stretch">MenuItemFO.png</texturefocus>
				<textcolor>Unfocused</textcolor>
				<focusedcolor>Focused</focusedcolor>
				<disabledcolor>Unfocused</disabledcolor>
				<font>MediumDefaultFont</font>
				<textoffsetx>45</textoffsetx>
				<align>left</align>
				<aligny>center</aligny>
				<label>$LOCALIZE[222]</label>
			</control>
		</control>

		<control type="label">
			<description>Title label</description>
			<posx>780</posx>
			<posy>100</posy>
			<width>700</width>
			<scroll>true</scroll>
			<align>right</align>
			<label>$LOCALIZE[31901]</label>
			<font>XLargeDefaultCapsFont</font>
			<textcolor>Focused</textcolor>
		</control>
		<control type="label">
			<description>Title label2</description>
			<posx>780</posx>
			<posy>130</posy>
			<width>700</width>
			<scroll>true</scroll>
			<align>right</align>
			<label>$LOCALIZE[31902]</label>
			<font>XXXLargeTitleCapsFont</font>
			<textcolor>Focused</textcolor>
		</control>

		<!-- Blades -->

		<control type="group" id="1000">

			<control type="image">
				<description>Background Image Left Blade</description>
				<posx>-620</posx>
				<posy>0</posy>
				<width>846</width>
				<height>720</height>
				<texture border="0,0,500,0">HomeBladeLeft.png</texture>
			</control>

		</control>

		<!-- Widgets -->

		<control type="group">
			<posx>0</posx>
			<posy>0</posy>
			<include>Clock</include>
		</control>

	</controls>
</window>
