<window id="2">
  <defaultcontrol>50</defaultcontrol>
  <allowoverlay>yes</allowoverlay>

  <controls>

    <include>Background</include>

    <include>List</include>
    <include condition="!Skin.HasSetting(PicturesPictures)">Pictures</include>
    <include condition="!Skin.HasSetting(ImageStreamPictures)">ImageStream</include>
    <include condition="!Skin.HasSetting(WallStreamPictures)">WallStream</include>
    <include condition="!Skin.HasSetting(CoverflowPictures)">Coverflow</include>


    <control type="group">
      <include>TopOverlayTitlePos</include>

      <include>TopOverlayFirstTitleAreaBG</include>

      <control type="label">
        <description>Pictures label</description>
        <include>TopOverlayFirstTitleAreaText</include>
        <label>$LOCALIZE[1]</label>
      </control>
    </control>

    <include>Clock</include>
    <include condition="!Skin.HasSetting(HideOptionsMenu)">OptionsMenu</include>
    <include>MediaCount</include>
    <include>MusicNowPlayingIndicators</include>

  </controls>
</window>
