<window id="6">
  <defaultcontrol>50</defaultcontrol>
  <allowoverlay>yes</allowoverlay>

  <controls>

    <include>Background</include>

    <!-- -->
    <include>List</include>
    <include>InfoList</include>
    <include>PanelStream</include>
    <include>Coverflow</include>
    <include>WallStream</include>
    <!-- -->

    <control type="group">
      <include>TopOverlayTitlePos</include>
      <visible>!Control.IsVisible(53) | !Container(53).Row(0)</visible>

      <include>TopOverlayFirstTitleAreaBG</include>

      <control type="label">
        <description>Video Playlist label</description>
        <include>TopOverlayFirstTitleAreaText</include>
        <label>$LOCALIZE[31001] $LOCALIZE[559]</label>
      </control>
    </control>

    <control type="group">
      <visible>!Control.IsVisible(53) | !Container(53).Row(0)</visible>
      <include>Clock</include>
      <include>MusicNowPlayingIndicators</include>
    </control>

    <control type="group">
      <visible>!Control.IsVisible(53) | ![Container(53).Position(22) | Container(53).Position(23)]</visible>
      <include>MediaCount</include>
    </control>

    <include condition="!Skin.HasSetting(HideOptionsMenu)">OptionsMenu</include>

  </controls>
</window>
