<window id="2007">
  <defaultcontrol>2</defaultcontrol>

  <controls>
    <control type="image" id="13">
      <description>pause image</description>
      <align>right</align>
      <posx>1220</posx>
      <posy>12</posy>
      <height>48</height>
      <width>48</width>
      <visible>no</visible>
      <texture>OSDPauseFO.png</texture>
      <colorkey>0</colorkey>
    </control>

    <control type="group">
      <posx>0</posx>
      <posy>74</posy>
      <visible>Player.ShowInfo + Player.HasMedia + Player.HasAudio + !Skin.HasSetting(HomeAudioNowPlaying)</visible>
      <include>MusicNowPlayingSlideLeft</include>

      <include>MusicNowPlaying</include>
    </control>

  </controls>
</window>
