<includes>
  
	<include name="list">
		<control type="list" id="50">
			<posx>170</posx>
			<posy>40</posy>
			<width>500</width>
			<height>480</height>
			<onleft>9000</onleft>
			<onright>9000</onright>
			<onup>50</onup>
			<ondown>50</ondown>
			<viewtype label="list">list</viewtype>
			<scrolltime>200</scrolltime>
      <itemlayout height="32">
        <control type="image">
          <width>500</width>
          <height>30</height>
          <texture>ButtonNF.png</texture>
        </control>
        <control type="image">
          <posy>2</posy>
          <width>26</width>
          <height>26</height>
          <info>ListItem.Icon</info>
        </control>
        <control type="label">
          <posx>30</posx>
          <width>465</width>
          <height>30</height>
          <info>ListItem.Label</info>
          <textcolor>White</textcolor>
          <scroll>false</scroll>
        </control>
      </itemlayout>
      <focusedlayout height="32">
        <control type="image">
          <width>500</width>
          <height>30</height>
          <texture>ButtonFo.png</texture>
        </control>
        <control type="image">
          <posy>2</posy>
          <width>26</width>
          <height>26</height>
          <info>ListItem.Icon</info>
        </control>
        <control type="label">
          <posx>30</posx>
          <width>465</width>
          <height>30</height>
          <textcolor>White</textcolor>
          <info>ListItem.Label</info>
        </control>
      </focusedlayout>
		</control>
	</include>
  
</includes>
