<window id="10140">
<defaultcontrol always="true">2</defaultcontrol>
<allowoverlay>no</allowoverlay>

<coordinates>
  <system>1</system>
  <posx>100</posx>
  <posy>80</posy>
</coordinates>
  
<controls>
    
<include>DialogBack</include>

  <control type="label">
	  <include>DialogID</include>
	  <label>DialogPluginSettings.xml</label>
  </control>
    
	<control type="label" id="20">
		<description>Header Label</description>
		<posx>10</posx>
		<posy>40</posy>
		<width>500</width>
		<label>-</label>
	</control>
		
	<control type="grouplist" id="2">
		<description>Control Area</description>
		<posx>10</posx>
		<posy>72</posy>
		<width>500</width>
		<height>275</height>
		<itemgap>2</itemgap>
		<onleft>9000</onleft>
		<onright>60</onright>
		<onup>9000</onup>
		<ondown>9000</ondown>
	</control>
	<control type="button" id="3">
		<description>Default Button</description>
    <align>left</align>
		<textoffsetx>5</textoffsetx>
	</control>
	<control type="radiobutton" id="4">
		<description>Default RadioButton</description>
    <align>left</align>
	</control>
	<control type="spincontrolex" id="5">
		<description>Default SpinControlex</description>
    <align>left</align>
	</control>
	<control type="image" id="6">
		<description>separator image</description>
		<height>30</height>
    <width>500</width>
    <aspectratio>stretch</aspectratio>
		<texture>-</texture>
	</control>
	
	<control type="group" id="9000">
		<control type="button" id="10">
      <posx>40</posx>
      <posy>390</posy>
			<description>Ok</description>
			<label>$LOCALIZE[186]</label>
      <texturefocus border="1">ButtonFo.png</texturefocus>
      <texturenofocus border="1">ButtonNF.png</texturenofocus>
			<onleft>12</onleft>
			<onright>11</onright>
			<onup>2</onup>
			<ondown>2</ondown>
		</control>
		<control type="button" id="11">
			<description>Cancel</description>
      <posx>200</posx>
      <posy>390</posy>
			<label>$LOCALIZE[222]</label>
      <texturefocus border="1">ButtonFo.png</texturefocus>
      <texturenofocus border="1">ButtonNF.png</texturenofocus>
			<onleft>10</onleft>
			<onright>12</onright>
			<onup>2</onup>
			<ondown>2</ondown>
		</control>
		<control type="button" id="12">
			<description>Default</description>
      <posx>360</posx>
      <posy>390</posy>
			<label>$LOCALIZE[409]</label>
      <texturefocus border="1">ButtonFo.png</texturefocus>
      <texturenofocus border="1">ButtonNF.png</texturenofocus>
			<onleft>11</onleft>
			<onright>10</onright>
			<onup>2</onup>
			<ondown>2</ondown>
		</control>
	</control>
  
</controls>
</window>
