﻿<window id="2002">
<defaultcontrol always="true">11</defaultcontrol>

<coordinates>
  <system>1</system>
  <posx>100</posx>
  <posy>80</posy>
</coordinates>

<controls>

  <include>DialogBack</include>

  <control type="label">
    <include>DialogID</include>
    <label>DialogOk.xml</label>
  </control>

  <control type="label" id="1">
    <description>heading</description>
    <posx>10</posx>
    <posy>40</posy>
    <width>500</width>
    <label>-</label>
  </control>

  <control type="label" id="2">
    <description>Line 1</description>
    <posx>10</posx>
    <posy>72</posy>
    <width>500</width>
    <label>-</label>
  </control>
  <control type="label" id="3">
    <description>Line 2</description>
    <posx>10</posx>
    <posy>104</posy>
    <width>500</width>
    <label>-</label>
  </control>
  <control type="label" id="4">
    <description>Line 3</description>
    <posx>10</posx>
    <posy>136</posy>
    <width>500</width>
    <label>-</label>
  </control>

  <control type="button" id="11">
    <description>Yes</description>
    <posx>190</posx>
    <posy>390</posy>
    <label>$LOCALIZE[186]</label>
    <texturefocus border="1">ButtonFo.png</texturefocus>
    <texturenofocus border="1">ButtonNF.png</texturenofocus>
    <onleft>10</onleft>
    <onright>10</onright>
    <onup>11</onup>
    <ondown>11</ondown>
  </control>
  
</controls>
  
</window>