<window id="107">
<defaultcontrol>402</defaultcontrol>
  
<coordinates>
  <system>1</system>
  <posx>100</posx>
  <posy>80</posy>
</coordinates>

<controls>

  <include>DialogBack</include>

  <control type="label">
    <include>DialogID</include>
    <label>DialogKaiToast.xml</label>
  </control>

  <control type="label" id="401">
    <description>heading</description>
    <posx>10</posx>
    <posy>40</posy>
    <width>500</width>
    <label>-</label>
  </control>

  <control type="label" id="402">
    <description>Line 1</description>
    <posx>10</posx>
    <posy>72</posy>
    <width>500</width>
    <label>-</label>
  </control>
  
</controls>
  
</window>