<window id="2004">
<defaultcontrol>2</defaultcontrol>
  
<coordinates>
  <system>1</system>
  <posx>100</posx>
  <posy>80</posy>
</coordinates>

<controls>

  <include>DialogBack</include>

  <control type="label">
    <include>DialogID</include>
    <label>MusicOverlay.xml</label>
  </control>
  
  <control type="visualisation" id="1">
    <posx>320</posx>
    <posy>90</posy>
    <width>390</width>
    <height>390</height>
    <visible>Window.IsActive(0)</visible>
  </control>
  
	<control type="label" id="0">
		<description>Play Time</description>
		<posx>10</posx>
		<posy>40</posy>
		<label>-</label>
		<info>musicplayer.time</info>
	</control>
	<control type="label" id="0">
		<description>Album Info</description>
		<posx>10</posx>
		<posy>72</posy>
    <width>500</width>
		<label>$INFO[MusicPlayer.Artist]$INFO[MusicPlayer.Title, | ]$INFO[MusicPlayer.Album, | ]$INFO[MusicPlayer.DiscNumber, - $LOCALIZE[427]]$INFO[MusicPlayer.Year, | ]</label>
		<scroll>true</scroll>
	</control>
  
</controls>
  
</window>