<window id="500">
<defaultcontrol>50</defaultcontrol>
<allowoverlay>yes</allowoverlay>
  
<controls>

  <control type="label">
    <include>WindowID</include>
    <label>MyMusicPlaylist.xml</label>
  </control>
  
	<control type="grouplist" id="9000">
		<posx>10</posx>
		<posy>40</posy>
		<width>150</width>
    <height>480</height>
		<itemgap>2</itemgap>
    <onleft>50</onleft>
    <onright>50</onright>
		<onup>9000</onup>
    <ondown>9000</ondown>
		<orientation>vertical</orientation>
		<control type="button" id="2">
			<description>View</description>
      <width>150</width>
      <textcolor>White</textcolor>
      <texturefocus border="1">ButtonFo.png</texturefocus>
      <texturenofocus border="1">ButtonNF.png</texturenofocus>
		</control>
    <control type="radiobutton" id="20">
      <description>shuffle</description>
      <label>$LOCALIZE[191]</label>
      <width>150</width>
      <textcolor>White</textcolor>
      <texturefocus border="1">ButtonFo.png</texturefocus>
      <texturenofocus border="1">ButtonNF.png</texturenofocus>
    </control>
    <control type="radiobutton" id="28">
      <description>randomize</description>
      <label>$LOCALIZE[13319]</label>
      <width>150</width>
      <textcolor>White</textcolor>
      <texturefocus border="1">ButtonFo.png</texturefocus>
      <texturenofocus border="1">ButtonNF.png</texturenofocus>
    </control>
    <control type="button" id="26">
      <description>repeat</description>
      <label>-</label>
      <width>150</width>
      <textcolor>White</textcolor>
      <texturefocus border="1">ButtonFo.png</texturefocus>
      <texturenofocus border="1">ButtonNF.png</texturenofocus>
    </control>
    <control type="button" id="21">
      <description>save</description>
      <label>$LOCALIZE[190]</label>
      <width>150</width>
      <textcolor>White</textcolor>
      <texturefocus border="1">ButtonFo.png</texturefocus>
      <texturenofocus border="1">ButtonNF.png</texturenofocus>
    </control>
    <control type="button" id="22">
      <description>clear</description>
      <label>$LOCALIZE[192]</label>
      <width>150</width>
      <textcolor>White</textcolor>
      <texturefocus border="1">ButtonFo.png</texturefocus>
      <texturenofocus border="1">ButtonNF.png</texturenofocus>
    </control>
	</control>
    
<include>list</include>
    
</controls>
  
</window>