<!-- !!!!!!!!!!  DONT TRANSLATE THE TEXT $INFO[System.FreeSpace(E)] IN INCLUDE 1006 !!!!!!!!! -->

<includes>
	<include name="1000"><label>Play</label></include>
	<include name="1001"><label>Next</label></include>
	<include name="1002"><label>Reset Settings</label></include>
	<include name="1003"><label>Busy...</label></include>
	<include name="1004"><label>Prev</label></include>
	<include name="1005"><label>Forwarding 2x</label></include>
	<include name="1006"><label>Forwarding 4x</label></include>
	<include name="1007"><label>Forwarding 8x</label></include>
	<include name="1008"><label>Forwarding 16x</label></include>
	<include name="1009"><label>Forwarding 32x</label></include>
	<include name="1010"><label>Rewind 2x</label></include>
	<include name="1011"><label>Rewind 4x</label></include>
	<include name="1012"><label>Rewind 8x</label></include>
	<include name="1013"><label>Rewind 16x</label></include>
	<include name="1014"><label>Rewind 32x</label></include>
	<include name="1015"><label>C</label></include>
	<include name="1016"><label>E</label></include>
	<include name="1017"><label>Skip Bwd</label></include>
	<include name="1018"><label>Skip Fwd</label></include>
	<include name="1019"><label>Rewind</label></include>
	<include name="1020"><label>Forward</label></include>
	<include name="1021"><label>Pause</label></include>
	<include name="1022"><label>Resume</label></include>
	<include name="1023"><label>Back</label></include>
	<include name="1024"><label>Stop</label></include>

	<include name="2000"><label>custom_settings.xml</label></include>
	<include name="2001"><label>dialogbusy.xml</label></include>
	<include name="2002"><label>dialogcontextmenu.xml</label></include>
	<include name="2003"><label>dialogfavourites.xml</label></include>
	<include name="2004"><label>dialogkaitoast.xml</label></include>
	<include name="2005"><label>dialogkeyboard.xml</label></include>
	<include name="2006"><label>dialogmediasource.xml</label></include>
	<include name="2007"><label>dialogmutebug.xml</label></include>
	<include name="2008"><label>dialogok.xml</label></include>
	<include name="2009"><label>dialogprogress.xml</label></include>
	<include name="2010"><label>dialogseekbar.xml</label></include>
	<include name="2011"><label>dialogvideoinfo.xml</label></include>
	<include name="2012"><label>dialogvolumebar.xml</label></include>
	<include name="2013"><label>dialogyesno.xml</label></include>
	<include name="2014"><label>filebrowser.xml</label></include>
	<include name="2015"><label>filemanager.xml</label></include>
	<include name="2016"><label>myscripts.xml</label></include>
	<include name="2017"><label>myvideo.xml</label></include>
	<include name="2018"><label>myvideonav.xml</label></include>
	<include name="2019"><label>myvideoplaylist.xml</label></include>
	<include name="2020"><label>myweather.xml</label></include>
	<include name="2021"><label>settings.xml</label></include>
	<include name="2022"><label>settingscategory.xml</label></include>
	<include name="2024"><label>myprograms.xml</label></include>
	<include name="2025"><label>mygamesaves.xml</label></include>
	<include name="2026"><label>mypics.xml</label></include>
	<include name="2027"><label>dialogbuttonmenu.xml</label></include>
	<include name="2028"><label>dialogfilestacking.xml</label></include>
	<include name="2029"><label>dialogcontentsettings.xml</label></include>
	<include name="2030"><label>dialognumeric.xml</label></include>
	<include name="2031"><label>dialogscriptinfo.xml</label></include>
	<include name="2032"><label>dialogpictureinfo.xml</label></include>
	<include name="2033"><label>profilesettings.xml</label></include>
	<include name="2034"><label>settingsprofile.xml</label></include>
	<include name="2035"><label>locksettings.xml</label></include>
	<include name="2036"><label>loginscreen.xml</label></include>
	<include name="2037"><label>playercontrols.xml</label></include>
	<include name="2038"><label>dialoghost.xml</label></include>
	<include name="2039"><label>dialognetworksetup.xml</label></include>
	<include name="2040"><label>settingssysteminfo.xml</label></include>
	<include name="2041"><label>settingsscreencalibration.xml</label></include>
	<include name="2042"><label>videoosdsettings.xml</label></include>
	<include name="2043"><label>videoosdbookmarks.xml</label></include>
	<include name="2044"><label>dialogselect.xml</label></include>
	<include name="2045"><label>trainersettings.xml</label></include>
	<include name="2046"><label>mymusicplaylist.xml</label></include>
	<include name="2047"><label>mymusicnav.xml</label></include>
	<include name="2048"><label>mymusicsongs.xml</label></include>
	<include name="2049"><label>dialogmusicscan.xml</label></include>
	<include name="2050"><label>mybuddies.xml</label></include>
	<include name="2051"><label>dialoginvite.xml</label></include>
	<include name="2052"><label>musicoverlay.xml</label></include>
	<include name="2053"><label>videooverlay.xml</label></include>
	<include name="2054"><label>dialogsonginfo.xml</label></include>
	<include name="2055"><label>musicosd.xml</label></include>
	<include name="2056"><label>dialoggamepad.xml</label></include>
	<include name="2057"><label>visualisationpresetlist.xml</label></include>

	<include name="3000"><label>Videos</label></include>
	<include name="3001"><label>Music</label></include>
	<include name="3002"><label>Pictures</label></include>
	<include name="3003"><label>Programs</label></include>
	<include name="3004"><label>Favorites</label></include>
	<include name="3005"><label>Scripts</label></include>
	<include name="3006"><label>Weather</label></include>
	<include name="3007"><label>Files</label></include>
	<include name="3008"><label>Settings</label></include>
	<include name="3009"><label>Refresh</label></include>
</includes>