<window id="125">
<defaultcontrol always="true">1</defaultcontrol>
  
<coordinates>
  <system>1</system>
  <posx>100</posx>
  <posy>80</posy>
</coordinates>
  
<controls>
    
<include>DialogBack</include>

  <control type="label">
	  <include>DialogID</include>
	  <label>VideoOSDBookmarks.xml</label>
  </control>
  
	<control type="grouplist" id="1">
    <posx>360</posx>
    <posy>40</posy>
		<height>62</height>
		<itemgap>2</itemgap>
		<orientation>vertical</orientation>
		<onup>1</onup>
		<ondown>1</ondown>
    <onleft>11</onleft>
    <onright>11</onright>
		<control type="button" id="2">
			<description>Create</description>
			<label>$LOCALIZE[294]</label>
      <texturefocus border="1">ButtonFo.png</texturefocus>
      <texturenofocus border="1">ButtonNF.png</texturenofocus>
		</control>
		<control type="button" id="3">
			<description>Clear</description>
			<label>$LOCALIZE[296]</label>
      <texturefocus border="1">ButtonFo.png</texturefocus>
      <texturenofocus border="1">ButtonNF.png</texturenofocus>
		</control>
	</control>
  
	<control type="thumbnailpanel" id="11">
		<description>Bookmarks Panel</description>
		<posx>10</posx>
		<posy>40</posy>
		<width>400</width>
		<height>350</height>
		<itemwidth>100</itemwidth>
		<itemheight>110</itemheight>
		<texturewidth>90</texturewidth>
		<textureheight>80</textureheight>
		<thumbwidth>80</thumbwidth>
		<thumbheight>70</thumbheight>
		<thumbposx>5</thumbposx>
		<thumbposy>5</thumbposy>
		<onleft>2</onleft>
		<onright>11</onright>
		<ondown>11</ondown>
		<onup>11</onup>
		<imagefolder>-</imagefolder>
		<imagefolderfocus>button_overlay.png</imagefolderfocus>
	</control>
</controls>
  
</window>
