<window type="dialog" id="3013">
	<defaultcontrol always="true">110</defaultcontrol>
	<allowoverlay>no</allowoverlay>
	
	<coordinates>
		<system>1</system>
		<origin x="0" y="572">true</origin>
	</coordinates>
	
	<controls>
		<control type="group">
			<include>HomeSubMenuBarImage</include>
			<include>HomeSubMenuBarOpenCloseAnim</include>
			
			<control type="group">
				<posx>10</posx>
				<include>HomeSubMenuSlideAnim</include>
				
				<control type="list" id="110">
					<description>Music Menu Bar</description>
					<width>1260</width>
					<height>34</height>
					<ondown>Dialog.Close(3013)</ondown>
					<orientation>horizontal</orientation>
					<include>HomeSubMenuOpenCloseAnim</include>
					<itemlayout width="180">
						<control type="label">
							<posx>90</posx>
							<width>176</width>
							<height>34</height>
							<font>MenuBarButtonFont</font>
							<textcolor>ButtonColor</textcolor>
							<align>center</align>
							<aligny>center</aligny>
							<label>[UPPERCASE]$INFO[ListItem.Label][/UPPERCASE]</label>
						</control>		
					</itemlayout>
					<focusedlayout width="180">
						<control type="image">
							<posy>-1</posy>
							<width>180</width>
							<height>36</height>
							<texture border="0,0,0,2">button-submenu-focus.png</texture>
							<include>HomeSubMenuFocusAnim</include>
						</control>
						<control type="label">
							<posx>90</posx>
							<width>176</width>
							<height>34</height>
							<font>MenuBarButtonFont</font>
							<textcolor>ButtonFocusColor</textcolor>
							<align>center</align>
							<aligny>center</aligny>
							<label>[UPPERCASE]$INFO[ListItem.Label][/UPPERCASE]</label>
						</control>
					</focusedlayout>
					<content>
						<item id="1">
							<description>Files</description>
							<label>$LOCALIZE[1214]</label>
							<onclick>Dialog.Close(3013)</onclick>
							<onclick>ActivateWindow(MusicFiles)</onclick>
							<visible>!Skin.HasSetting(CustomizeMusicSubMenuItem1)</visible>
						</item>
						<item id="1">
							<description>Custom Item</description>
							<label>$INFO[Skin.String(MusicSubMenuItem1CustomLabel)]</label>
							<onclick>Dialog.Close(3013)</onclick>
							<onclick>ActivateWindow(MusicFiles,$INFO[Skin.String(MusicSubMenuItem1CustomParam)],Return)</onclick>
							<visible>Skin.HasSetting(CustomizeMusicSubMenuItem1) + !Skin.HasSetting(MusicSubMenuItem1CustomLibParam) + !IsEmpty(Skin.String(MusicSubMenuItem1CustomLabel))</visible>
						</item>
						<item id="1">
							<description>Custom Item</description>
							<label>$INFO[Skin.String(MusicSubMenuItem1CustomLabel)]</label>
							<onclick>Dialog.Close(3013)</onclick>
							<onclick>ActivateWindow(MusicLibrary,$INFO[Skin.String(MusicSubMenuItem1CustomParam)],Return)</onclick>
							<visible>Skin.HasSetting(CustomizeMusicSubMenuItem1) + Skin.HasSetting(MusicSubMenuItem1CustomLibParam) + !IsEmpty(Skin.String(MusicSubMenuItem1CustomLabel))</visible>
						</item>
						<item id="2">
							<description>Library</description>
							<label>$LOCALIZE[14022]</label>
							<onclick>Dialog.Close(3013)</onclick>
							<onclick>ActivateWindow(MusicLibrary)</onclick>
							<visible>!Skin.HasSetting(CustomizeMusicSubMenuItem2)</visible>
						</item>
						<item id="2">
							<description>Custom Item</description>
							<label>$INFO[Skin.String(MusicSubMenuItem2CustomLabel)]</label>
							<onclick>Dialog.Close(3013)</onclick>
							<onclick>ActivateWindow(MusicFiles,$INFO[Skin.String(MusicSubMenuItem2CustomParam)],Return)</onclick>
							<visible>Skin.HasSetting(CustomizeMusicSubMenuItem2) + !Skin.HasSetting(MusicSubMenuItem2CustomLibParam) + !IsEmpty(Skin.String(MusicSubMenuItem2CustomLabel))</visible>
						</item>
						<item id="2">
							<description>Custom Item</description>
							<label>$INFO[Skin.String(MusicSubMenuItem2CustomLabel)]</label>
							<onclick>Dialog.Close(3013)</onclick>
							<onclick>ActivateWindow(MusicLibrary,$INFO[Skin.String(MusicSubMenuItem2CustomParam)],Return)</onclick>
							<visible>Skin.HasSetting(CustomizeMusicSubMenuItem2) + Skin.HasSetting(MusicSubMenuItem2CustomLibParam) + !IsEmpty(Skin.String(MusicSubMenuItem2CustomLabel))</visible>
						</item>
						<item id="3">
							<description>Music Videos</description>
							<label>$LOCALIZE[20389]</label>
							<onclick>Dialog.Close(3013)</onclick>
							<onclick>ActivateWindow(VideoLibrary,MusicVideoTitles,Return)</onclick>
							<visible>!Skin.HasSetting(CustomizeMusicSubMenuItem3)</visible>
						</item>
						<item id="3">
							<description>Custom Item</description>
							<label>$INFO[Skin.String(MusicSubMenuItem3CustomLabel)]</label>
							<onclick>Dialog.Close(3013)</onclick>
							<onclick>ActivateWindow(MusicFiles,$INFO[Skin.String(MusicSubMenuItem3CustomParam)],Return)</onclick>
							<visible>Skin.HasSetting(CustomizeMusicSubMenuItem3) + !Skin.HasSetting(MusicSubMenuItem3CustomLibParam) + !IsEmpty(Skin.String(MusicSubMenuItem3CustomLabel))</visible>
						</item>
						<item id="3">
							<description>Custom Item</description>
							<label>$INFO[Skin.String(MusicSubMenuItem3CustomLabel)]</label>
							<onclick>Dialog.Close(3013)</onclick>
							<onclick>ActivateWindow(MusicLibrary,$INFO[Skin.String(MusicSubMenuItem3CustomParam)],Return)</onclick>
							<visible>Skin.HasSetting(CustomizeMusicSubMenuItem3) + Skin.HasSetting(MusicSubMenuItem3CustomLibParam) + !IsEmpty(Skin.String(MusicSubMenuItem3CustomLabel))</visible>
						</item>
						<item id="4">
							<description>Recently Added Albums</description>
							<label>$LOCALIZE[31303]</label>
							<onclick>Dialog.Close(3013)</onclick>
							<onclick>ActivateWindow(MusicLibrary,RecentlyAddedAlbums,Return)</onclick>
							<visible>!Skin.HasSetting(CustomizeMusicSubMenuItem4)</visible>
						</item>
						<item id="4">
							<description>Custom Item</description>
							<label>$INFO[Skin.String(MusicSubMenuItem4CustomLabel)]</label>
							<onclick>Dialog.Close(3013)</onclick>
							<onclick>ActivateWindow(MusicFiles,$INFO[Skin.String(MusicSubMenuItem4CustomParam)],Return)</onclick>
							<visible>Skin.HasSetting(CustomizeMusicSubMenuItem4) + !Skin.HasSetting(MusicSubMenuItem4CustomLibParam) + !IsEmpty(Skin.String(MusicSubMenuItem4CustomLabel))</visible>
						</item>
						<item id="4">
							<description>Custom Item</description>
							<label>$INFO[Skin.String(MusicSubMenuItem4CustomLabel)]</label>
							<onclick>Dialog.Close(3013)</onclick>
							<onclick>ActivateWindow(MusicLibrary,$INFO[Skin.String(MusicSubMenuItem4CustomParam)],Return)</onclick>
							<visible>Skin.HasSetting(CustomizeMusicSubMenuItem4) + Skin.HasSetting(MusicSubMenuItem4CustomLibParam) + !IsEmpty(Skin.String(MusicSubMenuItem4CustomLabel))</visible>
						</item>
						<item id="5">
							<description>Playlists</description>
							<label>$LOCALIZE[136]</label>
							<onclick>Dialog.Close(3013)</onclick>
							<onclick>ActivateWindow(MusicLibrary,Playlists,Return)</onclick>
							<visible>!Skin.HasSetting(CustomizeMusicSubMenuItem5)</visible>
						</item>
						<item id="5">
							<description>Custom Item</description>
							<label>$INFO[Skin.String(MusicSubMenuItem5CustomLabel)]</label>
							<onclick>Dialog.Close(3013)</onclick>
							<onclick>ActivateWindow(MusicFiles,$INFO[Skin.String(MusicSubMenuItem5CustomParam)],Return)</onclick>
							<visible>Skin.HasSetting(CustomizeMusicSubMenuItem5) + !Skin.HasSetting(MusicSubMenuItem5CustomLibParam) + !IsEmpty(Skin.String(MusicSubMenuItem5CustomLabel))</visible>
						</item>
						<item id="5">
							<description>Custom Item</description>
							<label>$INFO[Skin.String(MusicSubMenuItem5CustomLabel)]</label>
							<onclick>Dialog.Close(3013)</onclick>
							<onclick>ActivateWindow(MusicLibrary,$INFO[Skin.String(MusicSubMenuItem5CustomParam)],Return)</onclick>
							<visible>Skin.HasSetting(CustomizeMusicSubMenuItem5) + Skin.HasSetting(MusicSubMenuItem5CustomLibParam) + !IsEmpty(Skin.String(MusicSubMenuItem5CustomLabel))</visible>
						</item>
						<item id="6">
							<description>Party Mode</description>
							<label>$LOCALIZE[589]</label>
							<onclick>Dialog.Close(3013)</onclick>
							<onclick>PlayerControl(PartyMode(Music))</onclick>	
							<visible>!Skin.HasSetting(CustomizeMusicSubMenuItem6)</visible>
						</item>
						<item id="6">
							<description>Custom Item</description>
							<label>$INFO[Skin.String(MusicSubMenuItem6CustomLabel)]</label>
							<onclick>Dialog.Close(3013)</onclick>
							<onclick>ActivateWindow(MusicFiles,$INFO[Skin.String(MusicSubMenuItem6CustomParam)],Return)</onclick>
							<visible>Skin.HasSetting(CustomizeMusicSubMenuItem6) + !Skin.HasSetting(MusicSubMenuItem6CustomLibParam) + !IsEmpty(Skin.String(MusicSubMenuItem6CustomLabel))</visible>
						</item>
						<item id="6">
							<description>Custom Item</description>
							<label>$INFO[Skin.String(MusicSubMenuItem6CustomLabel)]</label>
							<onclick>Dialog.Close(3013)</onclick>
							<onclick>ActivateWindow(MusicLibrary,$INFO[Skin.String(MusicSubMenuItem6CustomParam)],Return)</onclick>
							<visible>Skin.HasSetting(CustomizeMusicSubMenuItem6) + Skin.HasSetting(MusicSubMenuItem6CustomLibParam) + !IsEmpty(Skin.String(MusicSubMenuItem6CustomLabel))</visible>
						</item>
						<item id="7">
							<description>Custom Item</description>
							<label>$INFO[Skin.String(MusicSubMenuItem7CustomLabel)]</label>
							<onclick>Dialog.Close(3013)</onclick>
							<onclick>ActivateWindow(MusicFiles,$INFO[Skin.String(MusicSubMenuItem7CustomParam)],Return)</onclick>
							<visible>Skin.HasSetting(CustomizeMusicSubMenuItem7) + !Skin.HasSetting(MusicSubMenuItem7CustomLibParam) + !IsEmpty(Skin.String(MusicSubMenuItem7CustomLabel))</visible>
						</item>
						<item id="7">
							<description>Custom Item</description>
							<label>$INFO[Skin.String(MusicSubMenuItem7CustomLabel)]</label>
							<onclick>Dialog.Close(3013)</onclick>
							<onclick>ActivateWindow(MusicLibrary,$INFO[Skin.String(MusicSubMenuItem7CustomParam)],Return)</onclick>
							<visible>Skin.HasSetting(CustomizeMusicSubMenuItem7) + Skin.HasSetting(MusicSubMenuItem7CustomLibParam) + !IsEmpty(Skin.String(MusicSubMenuItem7CustomLabel))</visible>
						</item>
					</content>						
				</control>
			</control>
		</control>
		
		<control type="group">	
			<description>Bottom Bar Area</description>	
			<posy>34</posy>	
			<include>HomeSubMenuCoverTopImage</include>		
			<include>HomeSubMenuCoverTopOverlay</include>
			
			<control type="image">
				<Description>Music Category Focus</Description>
				<include>HomeMenuCategoryFocusPos2</include>
				<include>HomeMenuCategoryFocusDim</include>
				<texture>special://skin/images/homecategories/focus/$INFO[System.Language]-music-text-focus.png</texture>
				<include>HomeMenuCategoryFocusAnim2</include>
			</control>	
		</control>
	</controls>
</window>