<window type="dialog" id="3005">
	<defaultcontrol always="true">200</defaultcontrol>
	<allowoverlay>no</allowoverlay>
	
	<controls>
		<control type="grouplist" id="200">
			<description>Video Library Search</description>
			<posx>730</posx>
			<posy>75</posy>
			<width>193</width>
			<itemgap>0</itemgap>
			<orientation>vertical</orientation>
			<visible>Window.IsActive(VideoLibrary)</visible>
			<include>MenuOpenCloseAnim</include>
			<control type="image">
				<include>MenuBarItemTopBorder</include>
			</control>
			<control type="button" id="1">
				<description>Library</description>
				<include>MenuBarItemBtn</include>
				<label>$LOCALIZE[14022]...</label>
				<onclick>Dialog.Close(3005)</onclick>
				<onclick>SendClick(VideoLibrary,8)</onclick>
			</control>
			<control type="button" id="2">
				<description>IMDB</description>
				<include>MenuBarItemBtn</include>
				<label>$LOCALIZE[368]...</label>
				<onclick>Dialog.Close(3005)</onclick>
				<onclick>SendClick(VideoLibrary,9)</onclick>
			</control>
			<control type="image">
				<include>MenuBarItemBottomBorder</include>
			</control>
		</control>
		
		<control type="grouplist" id="200">
			<description>Music Library Search</description>
			<posx>730</posx>
			<posy>75</posy>
			<width>193</width>
			<itemgap>0</itemgap>
			<orientation>vertical</orientation>
			<visible>Window.IsActive(MusicLibrary)</visible>
			<include>MenuOpenCloseAnim</include>
			<control type="image">
				<include>MenuBarItemTopBorder</include>
			</control>
			<control type="button" id="1">
				<description>Library</description>
				<include>MenuBarItemBtn</include>
				<label>$LOCALIZE[14022]...</label>
				<onclick>Dialog.Close(3005)</onclick>
				<onclick>SendClick(MusicLibrary,8)</onclick>
			</control>
			<control type="button" id="2">
				<description>CDDB</description>
				<include>MenuBarItemBtn</include>
				<label>$LOCALIZE[255]...</label>
				<onclick>Dialog.Close(3005)</onclick>
				<onclick>SendClick(MusicLibrary,17)</onclick>
			</control>
			<control type="image">
				<include>MenuBarItemBottomBorder</include>
			</control>
		</control>	
	</controls>
</window>