<window type="dialog" id="3011">
	<defaultcontrol always="true">110</defaultcontrol>
	<allowoverlay>no</allowoverlay>
	
	<coordinates>
		<system>1</system>
		<origin x="0" y="572">true</origin>
	</coordinates>
	
	<controls>
		<control type="group">
			<include>HomeSubMenuBarImage</include>
			<include>HomeSubMenuBarOpenCloseAnim</include>
			
			<control type="group">
				<posx>10</posx>
				<include>HomeSubMenuSlideAnim</include>
				
				<control type="list" id="110">
					<description>Pictures Menu Bar</description>
					<width>1260</width>
					<height>34</height>
					<ondown>Dialog.Close(3011)</ondown>
					<orientation>horizontal</orientation>
					<include>HomeSubMenuOpenCloseAnim</include>
					<itemlayout width="180">
						<control type="label">
							<posx>90</posx>
							<width>176</width>
							<height>34</height>
							<font>MenuBarButtonFont</font>
							<textcolor>ButtonColor</textcolor>
							<align>center</align>
							<aligny>center</aligny>
							<label>[UPPERCASE]$INFO[ListItem.Label][/UPPERCASE]</label>
						</control>		
					</itemlayout>
					<focusedlayout width="180">
						<control type="image">
							<posy>-1</posy>
							<width>180</width>
							<height>36</height>
							<texture border="0,0,0,2">button-submenu-focus.png</texture>
							<include>HomeSubMenuFocusAnim</include>
						</control>
						<control type="label">
							<posx>90</posx>
							<width>176</width>
							<height>34</height>
							<font>MenuBarButtonFont</font>
							<textcolor>ButtonFocusColor</textcolor>
							<align>center</align>
							<aligny>center</aligny>
							<label>[UPPERCASE]$INFO[ListItem.Label][/UPPERCASE]</label>
						</control>					
					</focusedlayout>
					<content>
						<item id="1">
							<description>Files</description>
							<label>$LOCALIZE[1214]</label>
							<onclick>Dialog.Close(3011)</onclick>
							<onclick>ActivateWindow(Pictures)</onclick>
							<visible>!Skin.HasSetting(CustomizePicturesSubMenuItem1)</visible>	
						</item>
						<item id="1">
							<description>Custom Item</description>
							<label>$INFO[Skin.String(PicturesSubMenuItem1CustomLabel)]</label>
							<onclick>Dialog.Close(3011)</onclick>
							<onclick>ActivateWindow(Pictures,$INFO[Skin.String(PicturesSubMenuItem1CustomParam)],Return)</onclick>
							<visible>Skin.HasSetting(CustomizePicturesSubMenuItem1) + !IsEmpty(Skin.String(PicturesSubMenuItem1CustomLabel))</visible>
						</item>
						<item id="2">
							<description>Backgrounds</description>
							<label>$LOCALIZE[31307]</label>
							<onclick>Dialog.Close(3011)</onclick>
							<onclick>ActivateWindow(Pictures,Backgrounds,Return)</onclick>
							<visible>!Skin.HasSetting(CustomizePicturesSubMenuItem2)</visible>	
						</item>
						<item id="2">
							<description>Custom Item</description>
							<label>$INFO[Skin.String(PicturesSubMenuItem2CustomLabel)]</label>
							<onclick>Dialog.Close(3011)</onclick>
							<onclick>ActivateWindow(Pictures,$INFO[Skin.String(PicturesSubMenuItem2CustomParam)],Return)</onclick>
							<visible>Skin.HasSetting(CustomizePicturesSubMenuItem2) + !IsEmpty(Skin.String(PicturesSubMenuItem2CustomLabel))</visible>
						</item>
						<item id="3">
							<description>Comics</description>
							<label>$LOCALIZE[31308]</label>
							<onclick>Dialog.Close(3011)</onclick>
							<onclick>ActivateWindow(Pictures,Comics,Return)</onclick>
							<visible>!Skin.HasSetting(CustomizePicturesSubMenuItem3)</visible>	
						</item>
						<item id="3">
							<description>Custom Item</description>
							<label>$INFO[Skin.String(PicturesSubMenuItem3CustomLabel)]</label>
							<onclick>Dialog.Close(3011)</onclick>
							<onclick>ActivateWindow(Pictures,$INFO[Skin.String(PicturesSubMenuItem3CustomParam)],Return)</onclick>
							<visible>Skin.HasSetting(CustomizePicturesSubMenuItem3) + !IsEmpty(Skin.String(PicturesSubMenuItem3CustomLabel))</visible>
						</item>
						<item id="4">
							<description>Custom Item</description>
							<label>$INFO[Skin.String(PicturesSubMenuItem4CustomLabel)]</label>
							<onclick>Dialog.Close(3011)</onclick>
							<onclick>ActivateWindow(Pictures,$INFO[Skin.String(PicturesSubMenuItem4CustomParam)],Return)</onclick>
							<visible>Skin.HasSetting(CustomizePicturesSubMenuItem4) + !IsEmpty(Skin.String(PicturesSubMenuItem4CustomLabel))</visible>
						</item>
						<item id="5">
							<description>Custom Item</description>
							<label>$INFO[Skin.String(PicturesSubMenuItem5CustomLabel)]</label>
							<onclick>Dialog.Close(3011)</onclick>
							<onclick>ActivateWindow(Pictures,$INFO[Skin.String(PicturesSubMenuItem5CustomParam)],Return)</onclick>
							<visible>Skin.HasSetting(CustomizePicturesSubMenuItem5) + !IsEmpty(Skin.String(PicturesSubMenuItem5CustomLabel))</visible>
						</item>
						<item id="6">
							<description>Custom Item</description>
							<label>$INFO[Skin.String(PicturesSubMenuItem6CustomLabel)]</label>
							<onclick>Dialog.Close(3011)</onclick>
							<onclick>ActivateWindow(Pictures,$INFO[Skin.String(PicturesSubMenuItem6CustomParam)],Return)</onclick>
							<visible>Skin.HasSetting(CustomizePicturesSubMenuItem6) + !IsEmpty(Skin.String(PicturesSubMenuItem6CustomLabel))</visible>
						</item>
						<item id="7">
							<description>Custom Item</description>
							<label>$INFO[Skin.String(PicturesSubMenuItem7CustomLabel)]</label>
							<onclick>Dialog.Close(3011)</onclick>
							<onclick>ActivateWindow(Pictures,$INFO[Skin.String(PicturesSubMenuItem7CustomParam)],Return)</onclick>
							<visible>Skin.HasSetting(CustomizePicturesSubMenuItem7) + !IsEmpty(Skin.String(PicturesSubMenuItem7CustomLabel))</visible>
						</item>
					</content>						
				</control>
			</control>
		</control>
		
		<control type="group">	
			<description>Bottom Bar Area</description>	
			<posy>34</posy>	
			<include>HomeSubMenuCoverTopImage</include>		
			<include>HomeSubMenuCoverTopOverlay</include>
			
			<control type="image">
				<Description>Pictures Category Focus</Description>
				<include>HomeMenuCategoryFocusPos2</include>
				<include>HomeMenuCategoryFocusDim</include>
				<texture>special://skin/images/homecategories/focus/$INFO[System.Language]-pictures-text-focus.png</texture>
				<include>HomeMenuCategoryFocusAnim2</include>
			</control>	
		</control>
	</controls>
</window>