<window type="dialog" id="134">
	<defaultcontrol always="true">450</defaultcontrol>
	<allowoverlay>no</allowoverlay>
	<include>DialogOpenCloseAnim</include>
	
	<coordinates>
		<system>1</system>
		<origin x="300" y="120">Window.IsActive(Home)</origin>
		<origin x="300" y="150">true</origin>
	</coordinates>

	<controls>	
		<include>FavouritesDialogBox</include>

		<control type="label" id="2">
			<include>DialogTitle</include>
			<label>$LOCALIZE[1036]</label>
		</control>
		
		<control type="group">		
			<posx>DialogMarginOffsetX</posx>
			<posy>DialogMarginOffsetY</posy>
			
			<control type="image">
				<description>Paths Background</description>
				<width>320</width>
				<height>325</height>
				<texture border="5">button-nofocus.png</texture>
			</control>
			
			<control type="list" id="450">
				<description>Paths</description>
				<posx>5</posx>
				<posy>5</posy>
				<width>310</width>
				<height>315</height>
				<pagecontrol>101</pagecontrol>		
				<onup>450</onup>
				<ondown>450</ondown>
				<onright>101</onright>
				<itemlayout height="35">
					<control type="image">
						<posx>5</posx>
						<posy>6</posy>
						<width>23</width>
						<height>23</height>
						<info>ListItem.Icon</info>
					</control>
					<control type="label">
						<posx>35</posx>
						<width>270</width>
						<height>35</height>
						<font>DefaultFont</font>
						<textcolor>DefaultColor</textcolor>
						<aligny>center</aligny>
						<info>ListItem.Label</info>
					</control>
				</itemlayout>
				<focusedlayout height="35">
					<control type="image">
						<width>310</width>
						<height>35</height>
						<texture border="5">button-focus.png</texture>
						<visible>Control.HasFocus(450)</visible>
					</control>
					<control type="image">
						<width>310</width>
						<height>35</height>
						<texture border="5">button-alt-focus.png</texture>
						<visible>!Control.HasFocus(450)</visible>
					</control>
					<control type="image">
						<posx>5</posx>
						<posy>6</posy>
						<width>23</width>
						<height>23</height>
						<info>ListItem.Icon</info>
					</control>
					<control type="label">
						<posx>35</posx>
						<width>270</width>
						<height>35</height>
						<font>DefaultFont</font>
						<textcolor>SelectedColor</textcolor>
						<aligny>center</aligny>
						<info>ListItem.Label</info>
					</control>
				</focusedlayout>
			</control>	
			
			<control type="image">
				<description>Thumbnail</description>
				<posx>340</posx>
				<posy>20</posy>
				<width>260</width>
				<height>295</height>
				<info>ListItem.Icon</info>
				<aspectratio align="center">keep</aspectratio>
			</control>
		</control>

		<control type="spincontrol" id="101">
			<description>Next Page</description>
			<posx>602</posx>
			<posy>408</posy>
			<align>right</align>
			<onup>450</onup>
		</control>							
	</controls>	
</window>