<window id="2002">
	<defaultcontrol always="true">10</defaultcontrol>
	<allowoverlay>no</allowoverlay>
	<include>DialogOpenCloseAnim</include>
	
	<coordinates>
		<system>1</system>
		<origin x="390" y="180">true</origin>
	</coordinates>
	
	<controls>		
		<include>ProgressDialogBox</include>

		<control type="label" id="1">
			<include>DialogTitle2</include>
		</control>
		
		<control type="grouplist">
			<posx>DialogMarginOffsetX</posx>
			<posy>65</posy>
			<width>420</width>
			<itemgap>35</itemgap>
			<control type="label" id="2">
				<description>Dialog Line 1</description>
				<width>420</width>	
				<font>DefaultFont</font>
				<textcolor>DefaultColor</textcolor>
				<align>center</align>
				<scroll>yes</scroll>
			</control>
			<control type="label" id="3">
				<description>Dialog Line 2</description>
				<width>420</width>	
				<font>DefaultFont</font>
				<textcolor>DefaultColor</textcolor>
				<align>center</align>
				<scroll>yes</scroll>
			</control>
			<control type="label" id="4">
				<description>Dialog Line 3</description>
				<width>420</width>	
				<font>DefaultFont</font>
				<textcolor>DefaultColor</textcolor>
				<align>center</align>
				<scroll>yes</scroll>
			</control>
		</control>

		<control type="button" id="10">
			<description>OK</description>
			<posx>165</posx>
			<posy>174</posy>
			<include>DialogMenuBarBtn</include>
			<label>$LOCALIZE[186]</label>
		</control>
	</controls>	
</window>