<window id="110">
	<defaultcontrol>0</defaultcontrol>
	<allowoverlay>no</allowoverlay>
	<include>DialogOpenCloseAnim</include>
	
	<coordinates>
		<system>1</system>
		<origin x="390" y="180">true</origin>
	</coordinates>
	
	<controls>
		<include>GamepadDialogBox</include>
		
		<control type="label" id="1">
			<include>DialogTitle2</include>
			<label>$LOCALIZE[13406]</label>
		</control>
		
		<control type="grouplist">
			<posx>DialogMarginOffsetX</posx>
			<posy>DialogMarginOffsetY</posy>
			<width>420</width>
			<itemgap>35</itemgap>
			<control type="label" id="2">
				<description>Line 1</description>
				<posy>DialogMarginOffsetY</posy>
				<width>420</width>
				<font>DefaultFont</font>
				<textcolor>DefaultColor</textcolor>
				<align>center</align>
				<scroll>yes</scroll>
			</control>		
			<control type="label" id="3">
				<description>Line 2</description>
				<posy>100</posy>
				<width>420</width>
				<font>DefaultFont</font>
				<textcolor>DefaultColor</textcolor>
				<align>center</align>
				<scroll>yes</scroll>
			</control>			
			<control type="label" id="4">
				<description>Line 3</description>
				<posy>100</posy>
				<width>420</width>
				<font>DefaultFont</font>
				<textcolor>DefaultColor</textcolor>
				<align>center</align>
				<scroll>yes</scroll>
			</control>
		</control>
	</controls>
</window>