<window type="dialog" id="143">
	<include>DialogOpenCloseAnim</include>
	
	<coordinates>
		<system>1</system>
		<origin x="390" y="200">true</origin>
	</coordinates>
	
	<controls>
		<include>KaraokeSongSelectorDialogBox</include>
		
		<control type="label" id="1">
			<include>DialogTitle2</include>
			<label>$LOCALIZE[22039]</label>
		</control>
		
		<control type="grouplist">
			<posx>DialogMarginOffsetX</posx>
			<posy>65</posy>
			<width>420</width>
			<itemgap>35</itemgap>
			<control type="label" id="401">
				<description>Song Number</description>
				<width>420</width>	
				<font>KaraokeFont</font>
				<textcolor>DefaultColor4</textcolor>
				<align>center</align>
			</control>
			<control type="label" id="402">
				<description>Song Name</description>
				<width>420</width>	
				<font>KaraokeFont2</font>
				<textcolor>DefaultColor</textcolor>
				<align>center</align>
				<scroll>yes</scroll>
			</control>
		</control>
	</controls>
</window>
