<window id="132">
	<defaultcontrol always="true">3</defaultcontrol>
	<allowoverlay>no</allowoverlay>
	<include>DialogOpenCloseAnim</include>
	
	<coordinates>
		<system>1</system>
		<origin x="300" y="120">true</origin>
	</coordinates>

	<controls>
		<control type="group">
			<include>ContentSettingsDialogBox</include>
			<animation effect="fade" start="100" end="0" time="250" condition="Window.IsActive(PluginSettings)">Conditional</animation>		
			
			<control type="label" id="1">
				<include>DialogTitle</include>
				<label>$LOCALIZE[20333]</label>			
			</control>

			<control type="group">			
				<posx>DialogMarginOffsetX</posx>
				<posy>DialogMarginOffsetY</posy>						
				
				<control type="spincontrolex" id="3">
					<description>Content Picker</description>
					<width>600</width>
					<height>35</height>
					<ondown>4</ondown>
					<onleft>9001</onleft>
					<onright>9001</onright>
				</control>	

				<control type="label">
					<description>Directory Contains</description>
					<posx>5</posx>
					<posy>17</posy>
					<width>400</width>
					<font>DefaultFont</font>
					<textcolor>DefaultColor</textcolor>
					<aligny>center</aligny>
					<label>$LOCALIZE[20344]</label>
				</control>		

				<control type="image">
					<description>Scrapers Background</description>
					<posy>37</posy>
					<width>600</width>
					<height>150</height>
					<texture border="5">button-nofocus.png</texture>
				</control>
			
				<control type="list" id="4">
					<description>Scrapers</description>
					<posx>5</posx>
					<posy>42</posy>
					<width>300</width>
					<height>140</height>
					<onup>3</onup>
					<onleft>5</onleft>
					<onright>9001</onright>
					<ondown>5</ondown>
					<itemlayout height="35">
						<control type="image">
							<posx>5</posx>
							<posy>6</posy>
							<width>23</width>
							<height>23</height>
							<info>ListItem.Icon</info>
						</control>
						<control type="label">
							<posx>35</posx>
							<width>290</width>
							<height>35</height>
							<font>DefaultFont</font>
							<textcolor>DefaultColor</textcolor>
							<aligny>center</aligny>
							<info>ListItem.Label</info>
						</control>
					</itemlayout>
					<focusedlayout height="35">
						<control type="image">
							<width>300</width>
							<height>35</height>
							<texture border="5">button-focus.png</texture>
							<visible>Control.HasFocus(4)</visible>
						</control>
						<control type="image">
							<posx>5</posx>
							<posy>6</posy>
							<width>23</width>
							<height>23</height>
							<info>ListItem.Icon</info>
						</control>
						<control type="label">
							<posx>35</posx>
							<width>290</width>
							<height>35</height>
							<font>DefaultFont</font>
							<textcolor>SelectedColor</textcolor>
							<aligny>center</aligny>
							<info>ListItem.Label</info>
						</control>
					</focusedlayout>
				</control>
			
				<control type="image">
					<description>Scraper Thumbnail</description>
					<posx>330</posx>
					<posy>42</posy>
					<width>260</width>
					<height>140</height>
					<info>ListItem.Icon</info>
					<aspectratio align="center">keep</aspectratio>
				</control>			
				
				<control type="grouplist" id="5">
					<posy>189</posy>
					<width>600</width>
					<height>195</height>
					<itemgap>2</itemgap>
					<onup>4</onup>
					<ondown>9001</ondown>
					<onleft>9001</onleft>
					<onright>9001</onright>
				</control>
			
				<control type="button" id="7">
					<description>Default Button</description>
					<width>600</width>
					<font>DefaultFont</font>
					<textcolor>DefaultColor</textcolor>
					<align>left</align>
				</control>
			
				<control type="radiobutton" id="8">
					<description>Default RadioButton</description>
					<width>600</width>
					<font>DefaultFont</font>
					<textcolor>DefaultColor</textcolor>
				</control>			
			</control>
			
			<control type="grouplist" id="9001">	
				<description>Dialog Button Area</description>			
				<posx>82</posx>
				<posy>444</posy>
				<itemgap>0</itemgap>
				<orientation>horizontal</orientation>
				<onup>5</onup>
				<control type="button" id="28">
					<description>OK</description>
					<include>DialogMenuBarBtn</include>
					<label>$LOCALIZE[186]</label>			
				</control>			
				<control type="button" id="29">
					<description>Cancel</description>
					<posx>170</posx>
					<include>DialogMenuBarBtn</include>
					<label>$LOCALIZE[222]</label>		
				</control>			
				<control type="button" id="6">
					<description>Settings</description>
					<posx>340</posx>
					<include>DialogMenuBarBtn</include>
					<label>$LOCALIZE[5]</label>
				</control>		
			</control>	
		</control>
	</controls>	
</window>