<fonts>
	<fontset id="Default" unicode="true">
		<!-- Common -->
	 	<font>
			<name>font13</name>
			<filename>RapierReg.ttf</filename>
			<size>18</size>
		</font>
	 	<font>
			<name>font18</name>
			<filename>RapierReg.ttf</filename>
			<size>18</size>
		</font>
		<font>
			<name>HeadFont</name>
			<filename>RapierRegCaps.ttf</filename>
			<size>17</size>
		</font>			
		<font>
			<name>HeadFont2</name>
			<filename>RapierRegCaps.ttf</filename>
			<size>16</size>
		</font>		
		<font>
			<name>DefaultFont</name>
			<filename>RapierReg.ttf</filename>
			<size>18</size>
		</font>		
		<font>
			<name>DefaultFont2</name>
			<filename>RapierReg.ttf</filename>
			<size>17</size>
		</font>
		<font>
			<name>IconFont</name>
			<filename>RapierBol.ttf</filename>
			<size>17</size>
		</font>
		<font>
			<name>BigIconFont</name>
			<filename>RapierBol.ttf</filename>
			<size>18</size>
		</font>		
		<font>
			<name>ListFont</name>
			<filename>RapierBol.ttf</filename>
			<size>18</size>
		</font>
		<font>
			<name>ListFont2</name>
			<filename>RapierBol.ttf</filename>
			<size>15</size>
		</font>		
		<!-- Top Bar -->
		<font>
			<name>TimeFont</name>
			<filename>RapierBolCaps2.ttf</filename>
			<size>26</size>
		</font>		
		<font>
			<name>VolumeFont</name>
			<filename>RapierBolCaps2.ttf</filename>
			<size>16</size>
		</font>		
		<font>
			<name>ScanContentFont</name>
			<filename>RapierBolCaps2.ttf</filename>
			<size>13</size>
		</font>		
		<font>
			<name>ScanContentFont2</name>
			<filename>RapierBolCaps.ttf</filename>
			<size>13</size>
		</font>
		<font>
			<name>BreadCrumbFont</name>
			<filename>RapierBolCaps2.ttf</filename>
			<size>26</size>
		</font>		
		<!-- Menu Bar -->
		<font>
			<name>MenuBarButtonFont</name>
			<filename>RapierBolCaps2.ttf</filename>
			<size>13</size>
		</font>	
		<font>
			<name>MenuItemFont</name>
			<filename>RapierBolCaps.ttf</filename>
			<size>15</size>
		</font>
		<!-- Fullscreen Media Information -->
		<font>
			<name>FSMediaInfoFont</name>
			<filename>RapierReg.ttf</filename>
			<size>18</size>
		</font>
		<font>
			<name>FSMediaInfoHeadFont</name>
			<filename>RapierBolCaps2.ttf</filename>
			<size>24</size>
		</font>
		<font>
			<name>FSMediaInfoHeadFont2</name>
			<filename>RapierBolCaps.ttf</filename>
			<size>15</size>
		</font>
		<font>
			<name>FSMediaInfoCatFont</name>
			<filename>RapierBolCaps.ttf</filename>
			<size>17</size>
		</font>
		<font>
			<name>FSMediaInfoCatValueFont</name>
			<filename>RapierBol.ttf</filename>
			<size>18</size>
		</font>
		<!-- Media Information Labels -->
		<font>
			<name>MediaInfoFont</name>
			<filename>RapierBolCaps.ttf</filename>
			<size>15</size>
		</font>
		<font>
			<name>MediaInfoFont2</name>
			<filename>RapierReg.ttf</filename>
			<size>18</size>
		</font>		
		<font>
			<name>MediaInfoHeadFont</name>
			<filename>RapierBolCaps2.ttf</filename>
			<size>16</size>
		</font>		
		<font>
			<name>MediaInfoHeadFont2</name>
			<filename>RapierBolCaps.ttf</filename>
			<size>14</size>
		</font>
		<font>
			<name>MediaInfoAltHeadFont2</name>
			<filename>RapierBolCaps2.ttf</filename>
			<size>13</size>
		</font>		
		<font>
			<name>MediaInfoCatFont</name>
			<filename>RapierBolCaps.ttf</filename>
			<size>16</size>
		</font>
		<font>
			<name>MediaInfoCatValueFont</name>
			<filename>RapierBol.ttf</filename>
			<size>17</size>
		</font>	
		<!-- Fullscreen Player -->	
		<font>
			<name>SeekBarMediaInfoFont</name>
			<filename>RapierBolCaps.ttf</filename>
			<size>14</size>
		</font>
		<font>
			<name>SeekBarMediaInfoHeadFont</name>
			<filename>RapierBolCaps2.ttf</filename>
			<size>24</size>
		</font>
		<font>
			<name>SeekBarMediaInfoHeadFont2</name>
			<filename>RapierBolCaps.ttf</filename>
			<size>15</size>
		</font>
		<font>
			<name>SeekBarMediaInfoProgressFont</name>
			<filename>RapierBolCaps.ttf</filename>
			<size>15</size>
		</font>
		<font>
			<name>SliderDialogFont</name>
			<filename>RapierBolCaps2.ttf</filename>
			<size>18</size>
		</font>	
		<font>
			<name>OpenSubtitlesSearchFont</name>
			<filename>RapierBolCaps2.ttf</filename>
			<size>15</size>
		</font>			
		<!-- Bottom Info Pane -->
		<font>
			<name>InfoPaneFont</name>
			<filename>RapierBolCaps2.ttf</filename>
			<size>22</size>
		</font>		
		<font>
			<name>InfoPaneFont2</name>
			<filename>RapierBolCaps2.ttf</filename>
			<size>16</size>
		</font>	
		<!-- Weather Window -->
		<font>
			<name>WeatherWeekDayFont</name>
			<filename>RapierBolCaps2.ttf</filename>
			<size>20</size>
		</font>		
		<font>
			<name>WeatherCurrentConditionFont</name>
			<filename>RapierBolCaps2.ttf</filename>
			<size>22</size>
		</font>
		<font>
			<name>WeatherReadingsFont</name>
			<filename>RapierBolCaps.ttf</filename>
			<size>15</size>
		</font>
		<!-- Other -->
		<font>
			<name>DialogHeadFont</name>
			<filename>RapierBolCaps2.ttf</filename>
			<size>18</size>
		</font>		
		<font>
			<name>ButtonFont</name>
			<filename>RapierBolCaps2.ttf</filename>
			<size>13</size>
		</font>
		<font>
			<name>ProfileNameFont</name>
			<filename>RapierBolCaps2.ttf</filename>
			<size>24</size>
		</font>
		<font>
			<name>SettingsCatFont</name>
			<filename>RapierBolCaps2.ttf</filename>
			<size>16</size>
		</font>	
		<font>
			<name>SettingsContentFont</name>
			<filename>RapierBolCaps2.ttf</filename>
			<size>14</size>
		</font>
		<font>
			<name>SettingsContentFont2</name>
			<filename>RapierBolCaps2.ttf</filename>
			<size>13</size>
		</font>
		<font>
			<name>SettingsContentNoteFont</name>
			<filename>RapierRegCaps.ttf</filename>
			<size>13</size>
		</font>	
		<font>
			<name>ScreenCalibrationFont</name>
			<filename>RapierBolCaps2.ttf</filename>
			<size>20</size>
		</font>	
		<font>
			<name>SortLetterFont</name>
			<filename>RapierBolCaps2.ttf</filename>
			<size>20</size>
		</font>
		<font>
			<name>KaraokeFont</name>
			<filename>RapierBolCaps2.ttf</filename>
			<size>20</size>
		</font>
		<font>
			<name>KaraokeFont2</name>
			<filename>RapierBolCaps2.ttf</filename>
			<size>17</size>
		</font>
		<font>
			<name>DatabasePathFont</name>
			<filename>RapierBolCaps2.ttf</filename>
			<size>20</size>
		</font>
		<font>
			<name>SpinControlFont</name>
			<filename>RapierBolCaps.ttf</filename>
			<size>17</size>
		</font>
		<font>
			<name>RSSFont</name>
			<filename>RapierRegCaps.ttf</filename>
			<size>17</size>
		</font>		
		<font>
			<name>CreditsHeadFont</name>
			<filename>RapierBolCaps2.ttf</filename>
			<size>40</size>
		</font>		
		<font>
			<name>CreditsHeadFont2</name>
			<filename>RapierBolCaps2.ttf</filename>
			<size>18</size>
		</font>
		<font>
			<name>CreditsContentHeadFont</name>
			<filename>RapierBolCaps.ttf</filename>
			<size>18</size>
		</font>
		<font>
			<name>CreditsContentFont</name>
			<filename>RapierBol.ttf</filename>
			<size>18</size>
		</font>
	</fontset>
</fonts>