<includes>
	<include file="Defaults.xml"/>
	<include file="Views.xml"/>
	<include file="ViewsCommon.xml"/>
	<include file="ViewsMusic.xml"/>
	<include file="ViewsMovies.xml"/>
	<include file="ViewsTVShows.xml"/>
	<include file="includes_Home.xml"/>
	<include file="includes_InfoPane.xml"/>
	<include file="includes_MenuBar.xml"/>
	<include file="includes_BreadCrumbs.xml"/>
	<include file="includes_Animations.xml"/>
	<include file="includes_Dialogs.xml"/>
	<include file="includes_Backgrounds.xml"/>
	<include file="includes_MediaFlags.xml"/>
	<include file="includes_Scrollbars.xml"/>
	<include file="includes_SkinSettingsGeneral.xml"/>
	<include file="includes_SkinSettingsHome.xml"/>
	<include file="includes_SkinSettingsMedia.xml"/>
	<include file="includes_SkinSettingsBackgrounds.xml"/>
	<include file="includes_SkinSettingsScripts.xml"/>
	
	<constant name="ScreenWidth">1280</constant>
	<constant name="ScreenHeight">720</constant>
	<constant name="DialogMarginOffsetX">40</constant>
	<constant name="DialogHeadingOffsetY">27</constant>
	<constant name="DialogMarginOffsetY">59</constant>
	<constant name="MenuBarOffsetY">43</constant>
	<constant name="BottomPaneOffsetY">646</constant>
	<constant name="BackgroundCrossfadeTime">600</constant>
	<constant name="IconCrossfadeTime">400</constant>
	<constant name="FanartCrossfadeTime">600</constant>
	<constant name="MediaFlagsCrossfadeTime">400</constant>
	<constant name="SortLetterOffsetY">331</constant>

	<include name="ScreenSize">
		<width>ScreenWidth</width>
		<height>ScreenHeight</height>
	</include>
	
	<include name="BackgroundSize">
		<width>ScreenWidth</width>
		<height>676</height>
	</include>
	
	<include name="TopBarBackgroundColor2">
		<colordiffuse>ffBFBFBF</colordiffuse>
	</include>
	
	<include name="TopBarBackgroundColor3">
		<colordiffuse>ff3F3F3F</colordiffuse>
	</include>
	
	<include name="TopBarBackgroundColor4">
		<colordiffuse>ff454A4F</colordiffuse>
	</include>
	
	<include name="TopBarImage">
		<control type="image">
			<width>ScreenWidth</width>
			<height>53</height>
			<texture border="0,0,0,7">special://skin/images/skin/top-bar-background.png</texture>
			<include condition="Skin.String(TopBarColor,2)">TopBarBackgroundColor2</include>
			<include condition="Skin.String(TopBarColor,3)">TopBarBackgroundColor3</include>
			<include condition="Skin.String(TopBarColor,4)">TopBarBackgroundColor4</include>
		</control>
	</include>

	<include name="ViewsDialogPopUpScreenDim">
		<control type="image">
			<include>ScreenSize</include>
			<texture>background-dim.png</texture>
			<animation effect="fade" start="0" end="40" time="450">Visible</animation>
			<animation effect="fade" start="40" end="0" time="450">Hidden</animation>
			<visible>!Skin.HasSetting(DoNotDimViewsScreen)</visible>
			<visible>Window.IsActive(3002) | Window.IsActive(3003) | Window.IsActive(3004) | Window.IsActive(3005) | Window.IsActive(3017)
			| Window.IsActive(ContextMenu) | Window.IsActive(MediaSource) | Window.IsActive(ContentSettings) | Window.IsActive(ShutdownMenu) 
			| Window.IsActive(NumericInput) | Window.IsActive(PlayerControls) | Window.IsActive(Favourites)</visible>
		</control>
	</include>
	
	<include name="DialogPopUpScreenDim">
		<control type="image">
			<include>ScreenSize</include>
			<texture>background-dim.png</texture>
			<animation effect="fade" start="0" end="40" time="450">Visible</animation>
			<animation effect="fade" start="40" end="0" time="450">Hidden</animation>
			<visible>!Skin.HasSetting(DoNotDimScreen)</visible>
			<visible>Window.IsActive(ShutdownMenu) | Window.IsActive(NumericInput) | Window.IsActive(LockSettings) | Window.IsActive(PlayerControls) | Window.IsActive(Favourites)</visible>
		</control>
	</include>
	
	<include name="BottomPaneImage2">
		<control type="image">
			<width>ScreenWidth</width>
			<height>74</height>
			<texture border="0,6,0,0">bottom-info-background.png</texture>
			<aspectratio>stretch</aspectratio>
			<include>ControlAreaBackgroundFadeAnim</include>
		</control>	
	</include>
	
	<include name="BottomPaneOverlay">
		<control type="image">
			<posy>6</posy>
			<width>ScreenWidth</width>
			<height>68</height>
			<texture>bottom-bar-overlay.png</texture>
			<include>BottomPaneOverlayFadeAnim</include>
		</control>	
	</include>
	
	<include name="BottomPaneTopHighlightImage">
		<control type="image">
			<posy>-14</posy>
			<width>ScreenWidth</width>
			<height>14</height>
			<texture>bottom-bar-top.png</texture>
			<visible>!Skin.HasSetting(HideHomeBottomPaneWhiteHighlight)</visible>
			<include>BottomPaneTopHighlightFadeAnim</include>
		</control>			
	</include>

	<include name="PlayerControlsPaneImage">
		<include>BottomPaneImage2</include>
		<include>BottomPaneOverlay</include>
	</include>

	<include name="LoginScreenPaneImage">	
		<control type="image">
			<width>ScreenWidth</width>
			<height>50</height>
			<texture border="0,6,0,0">bottom-info-background.png</texture>
			<include>BottomPaneFadeAnim</include>
		</control>	
		
		<control type="image">
			 <posy>6</posy>
			 <width>ScreenWidth</width>
			 <height>50</height>
			 <texture>bottom-bar-overlay.png</texture>
			 <include>BottomPaneOverlayFadeAnim</include>
		</control>	
	</include>

	<include name="LoginScreenPaneDetails">
		<control type="label">
			<posy>28</posy>
			<posx>10</posx>
			<font>HeadFont</font>
			<textcolor>DefaultColor</textcolor>
			<aligny>center</aligny>
			<label>$INFO[System.Date] [COLOR=LoginScreenInfoSeparatorColor]|[/COLOR] $INFO[System.Time] [COLOR=LoginScreenInfoSeparatorColor]|[/COLOR] [COLOR=DefaultColor4]$INFO[ListItem.Label2][/COLOR]</label>
		</control>
		
		<control type="grouplist" id="213">
			<posx>1155</posx>
			<posy>11</posy>
			<orientation>horizontal</orientation>
			<onup>52</onup>
			<onleft>213</onleft>
			<onright>213</onright>
			<control type="button" id="101">
				<description>Quit</description>
				<width>35</width>
				<height>35</height>
				<texturefocus>osd-exit-focus.png</texturefocus>
				<texturenofocus>osd-exit-nofocus.png</texturenofocus>
				<pulseonselect>false</pulseonselect>
				<onclick>Quit()</onclick>
			</control>
			<control type="button" id="102">
				<description>Reboot</description>
				<width>35</width>
				<height>35</height>
				<texturefocus>osd-reboot-focus.png</texturefocus>
				<texturenofocus>osd-reboot-nofocus.png</texturenofocus>
				<pulseonselect>false</pulseonselect>
				<onclick>Reset()</onclick>
			</control>	
			<control type="button" id="103">
				<description>Shutdown</description>
				<width>35</width>
				<height>35</height>
				<texturefocus>osd-shutdown-focus.png</texturefocus>
				<texturenofocus>osd-shutdown-nofocus.png</texturenofocus>
				<pulseonselect>false</pulseonselect>
				<onclick>Shutdown()</onclick>
			</control>	
		</control>
	</include>

	<include name="InfoViewCatLabel">
	   <width>180</width>
	   <font>MediaInfoCatFont</font>
	   <textcolor>MediaInfoItemColor</textcolor>
	   <shadowcolor>ShadowColor</shadowcolor>  
	</include>
	
	<include name="InfoViewCatValueLabel">	
		<width>430</width>
		<font>MediaInfoCatValueFont</font>
		<textcolor>MediaInfoItemColor2</textcolor>
		<shadowcolor>ShadowColor</shadowcolor>	
		<scroll>yes</scroll>
	</include>
	
	<include name="MovieListInfoViewCatLabel">
	   <width>160</width>
	   <font>MediaInfoCatFont</font>
	   <textcolor>MediaInfoItemColor</textcolor>
	   <shadowcolor>ShadowColor</shadowcolor>   
	</include>
	
	<include name="MovieListInfoViewCatValueLabel">	
		<width>305</width>
		<font>MediaInfoCatValueFont</font>
		<textcolor>MediaInfoItemColor2</textcolor>
		<shadowcolor>ShadowColor</shadowcolor>
		<scroll>yes</scroll>
	</include>
	
	<include name="MusicListInfoViewCatLabel">
	   <width>120</width>
	   <font>MediaInfoCatFont</font>
	   <textcolor>MediaInfoItemColor</textcolor>
	   <shadowcolor>ShadowColor</shadowcolor>   
	</include>
	
	<include name="MusicListInfoViewCatValueLabel">	
		<width>259</width>
		<font>MediaInfoCatValueFont</font>
		<textcolor>MediaInfoItemColor2</textcolor>
		<shadowcolor>ShadowColor</shadowcolor>	
		<scroll>yes</scroll>
	</include>
	
	<include name="TVShowsListInfoViewCatLabel">
	   <width>120</width>
	   <font>MediaInfoCatFont</font>
	   <textcolor>MediaInfoItemColor</textcolor>
	   <shadowcolor>ShadowColor</shadowcolor>   
	</include>
	
	<include name="TVShowsListInfoViewCatValueLabel">	
		<width>130</width>
		<font>MediaInfoCatValueFont</font>
		<textcolor>MediaInfoItemColor2</textcolor>
		<shadowcolor>ShadowColor</shadowcolor>	
		<scroll>yes</scroll>
	</include>
	
	<include name="TVShowsPosterListInfoViewCatLabel">
	   <width>160</width>
	   <font>MediaInfoCatFont</font>
	   <textcolor>MediaInfoItemColor</textcolor>
	   <shadowcolor>ShadowColor</shadowcolor>   
	</include>
	
	<include name="TVShowsPosterListInfoViewCatValueLabel">	
		<width>305</width>
		<font>MediaInfoCatValueFont</font>
		<textcolor>MediaInfoItemColor2</textcolor>
		<shadowcolor>ShadowColor</shadowcolor>
		<scroll>yes</scroll>
	</include>
	
	<include name="ListInfoView2CatLabel">
		<font>MediaInfoAltHeadFont2</font>
		<textcolor>DefaultColor</textcolor>
		<shadowcolor>ShadowColor</shadowcolor>
		<aligny>center</aligny>
	</include>
	
	<include name="MediaInfoCatLabel">	
		<width>130</width>
		<font>MediaInfoCatFont</font>
		<textcolor>MediaInfoItemColor2</textcolor>		
	</include>
	
	<include name="MediaInfoCatValueLabel">	
		<width>510</width>
		<font>MediaInfoCatValueFont</font>
		<textcolor>MediaInfoItemColor2</textcolor>
		<scroll>yes</scroll>		
	</include>

	<include name="ContextMenuBtn">
		<width>280</width>
		<textwidth>270</textwidth>
		<scroll>yes</scroll>
	</include>
	
	<include name="ShutdownContextMenuBtn">
		<width>280</width>
		<textwidth>230</textwidth>
		<scroll>yes</scroll>
	</include>
	
	<include name="SettingsCatBtn">
		<width>250</width>
		<font>SettingsCatFont</font>
		<textcolor>DefaultColor4</textcolor>
		<shadowcolor>ShadowColor</shadowcolor>
		<align>left</align>
		<texturefocus border="5">button-focus.png</texturefocus>
		<texturenofocus border="5">-</texturenofocus>
		<pulseonselect>false</pulseonselect>
	</include>
	
	<include name="SettingsCatInactive">
		<width>250</width>
		<height>35</height>
		<texture border="5">button-focus.png</texture>
		<include>SettingsCatInactiveDimAnim</include>
	</include>
	
	<include name="SettingsContentBtn">
		<width>800</width>
		<height>38</height>
		<font>SettingsContentFont</font>
		<textcolor>DefaultColor</textcolor>
		<shadowcolor>ShadowColor</shadowcolor>
		<align>left</align>
		<texturefocus border="5">button-settings-focus.png</texturefocus>
		<texturenofocus border="5">button-settings-nofocus.png</texturenofocus>
		<alttexturefocus border="5">button-settings-focus.png</alttexturefocus>
		<alttexturenofocus border="5">button-settings-nofocus.png</alttexturenofocus>
	</include>

	<include name="SettingsContentSmallBtn">
		<width>800</width>
		<height>38</height>
		<font>SettingsContentFont2</font>
		<textcolor>SettingsContentColor</textcolor>
		<shadowcolor>ShadowColor</shadowcolor>
		<align>left</align>
		<texturefocus border="58,2,10,0">button-subitem-focus.png</texturefocus>
		<texturenofocus border="53,2,3,0">button-subitem-nofocus.png</texturenofocus>
		<alttexturefocus border="58,2,10,0">button-subitem-focus.png</alttexturefocus>
		<alttexturenofocus border="53,2,3,0">button-subitem-nofocus.png</alttexturenofocus>
	</include>
	
	<include name="SettingsContentSmallBlankBtn">
		<width>800</width>
		<height>38</height>
		<font>SettingsContentNoteFont</font>
		<textcolor>SettingsContentColor</textcolor>
		<disabledcolor>SettingsContentNoteColor</disabledcolor>
		<shadowcolor>ShadowColor</shadowcolor>
		<align>left</align>
		<texturefocus border="10,2,3,0">button-subitem-blank.png</texturefocus>
		<texturenofocus border="10,2,3,0">button-subitem-blank.png</texturenofocus>
		<alttexturefocus border="10,2,3,0">button-subitem-blank.png</alttexturefocus>
		<alttexturenofocus border="10,2,3,0">button-subitem-blank.png</alttexturenofocus>
	</include>
	
	<include name="SettingsContentSmallerBtn">
		<width>800</width>
		<height>38</height>
		<font>SettingsContentFont2</font>
		<textcolor>SettingsContentColor</textcolor>
		<shadowcolor>ShadowColor</shadowcolor>
		<align>left</align>
		<texturefocus border="68,2,10,0">button-subitem-focus2.png</texturefocus>
		<texturenofocus border="63,2,3,0">button-subitem-nofocus2.png</texturenofocus>
		<alttexturefocus border="68,2,10,0">button-subitem-focus2.png</alttexturefocus>
		<alttexturenofocus border="63,2,3,0">button-subitem-nofocus2.png</alttexturenofocus>
	</include>
	
	<include name="SettingsContentRadioBtn">
		<width>800</width>
		<height>38</height>
		<font>SettingsContentFont</font>
		<textcolor>DefaultColor</textcolor>
		<shadowcolor>ShadowColor</shadowcolor>
		<align>left</align>
		<textureradiofocus>arrow-scroll-down-nofocus.png</textureradiofocus>
		<textureradionofocus>arrow-scroll-up-nofocus.png</textureradionofocus>
		<texturefocus border="5">button-settings-focus.png</texturefocus>
		<texturenofocus border="5">button-settings-nofocus.png</texturenofocus>
	</include>
	
	<include name="KeyboardSmallBtn">	
		<width>48</width>
	    <height>48</height>
	    <font>DefaultFont</font>
		<texturefocus border="5">file-stacking.png</texturefocus>		
	</include>
	
	<include name="KeyboardBigBtn">	
		<width>98</width>
	    <height>48</height>	
		<texturefocus border="5">file-stacking.png</texturefocus>		
	</include>

	<include name="SystemTray">	
		<control type="group" id="600">
			<posx>1028</posx>
			<posy>4</posy>
			<defaultcontrol always="true">345</defaultcontrol>
	
			<control type="image">			
				<width>239</width>
				<height>35</height>
				<texture border="8">special://skin/images/skin/top-bar-status-background.png</texture>
				<visible>!Control.HasFocus(345) + !Control.HasFocus(346)</visible>
			</control>	
	
			<control type="image">
				<width>239</width>
				<height>35</height>
				<texture border="8">special://skin/images/skin/top-bar-status-background.png</texture>
				<visible>Control.HasFocus(345) | Control.HasFocus(346)</visible>
				<include>SystemTrayPulseAnim</include>
			</control>
		
			<control type="label">
				<description>Time</description>
				<posx>10</posx>
				<posy>16</posy>
				<width>140</width>
				<font>TimeFont</font>
				<textcolor>TopBarStatusColor</textcolor>
				<aligny>center</aligny>
				<label>$INFO[System.Time]</label>
			</control>
			
			<control type="button" id="344">
				<description>Play Disc</description>
				<posx>147</posx>
				<posy>4</posy>
				<width>27</width>
				<height>27</height>
				<texturefocus>top-bar-play-disc-focus.png</texturefocus>
				<texturenofocus>top-bar-play-disc-nofocus.png</texturenofocus>
				<aspectratio>keep</aspectratio>
				<onclick>PlayDVD()</onclick>
				<pulseonselect>false</pulseonselect>
				<visible>System.HasMediaDVD</visible>
				<onup>-</onup>
				<ondown>850</ondown>
				<onleft>458</onleft>
				<onright>346</onright>
				<include>SystemTrayButtonFocusAnim</include>
				<include>SystemTrayPlayDiscIconFadeAnim</include>
			</control>
			
			<control type="button" id="346">
				<description>Eject Drive</description>
				<posx>175</posx>
				<posy>4</posy>
				<width>27</width>
				<height>27</height>
				<texturefocus>top-bar-eject-focus.png</texturefocus>
				<texturenofocus>top-bar-eject-nofocus.png</texturenofocus>
				<aspectratio>keep</aspectratio>
				<onclick>EjectTray()</onclick>
				<pulseonselect>false</pulseonselect>
				<onup>-</onup>
				<ondown>850</ondown>
				<onleft>344</onleft>
				<onright>345</onright>
				<include>SystemTrayButtonFocusAnim</include>
				<include>SystemTrayEjectIconFadeAnim</include>
			</control>
			
			<control type="button" id="345">
				<description>Shutdown</description>
				<posx>203</posx>
				<posy>4</posy>
				<width>27</width>
				<height>27</height>
				<texturefocus>top-bar-power-focus.png</texturefocus>
				<texturenofocus>top-bar-power-nofocus.png</texturenofocus>
				<aspectratio>keep</aspectratio>
				<onclick>ActivateWindow(ShutdownMenu)</onclick>
				<pulseonselect>false</pulseonselect>
				<onup>-</onup>
				<ondown>850</ondown>
				<onleft>346</onleft>
				<onright>-</onright>
				<include>SystemTrayButtonFocusAnim</include>
				<include>SystemTrayShutdownIconFadeAnim</include>
			</control>
		</control>
	</include>
	
	<include name="MenuBarRSSFeeds">
		<control type="rss">
			<description>RSS Feeds</description>
			<posy>5</posy>
			<width>ScreenWidth</width>
			<font>RSSFont</font>
			<urlset>1</urlset>
			<textcolor>DefaultColor</textcolor>
			<titlecolor>DefaultColor3</titlecolor>
			<headlinecolor>DefaultColor4</headlinecolor>
		</control>
	</include>

	<include name="NowPlaying">
		<control type="group">	
			<posy>105</posy>
			<visible>Player.HasVideo + !Skin.HasSetting(HideNowPlayingVideos)</visible>
			
			<control type="image">
				<width>490</width>
				<height>170</height>
				<texture border="25">item-focus-background.png</texture>
			</control>
		
			<control type="group">
				<posy>15</posy>
				<posx>125</posx>
				
				<control type="image">
					<description>Cover</description>
					<posx>-102</posx>
					<posy>5</posy>
					<width>90</width>
					<height>130</height>
					<info>VideoPlayer.cover</info>
					<aspectratio>keep</aspectratio>
				</control>
				
				<control type="label">
					<description>Title/Year</description>
					<posy>5</posy>
					<width>342</width>
					<font>MediaInfoHeadFont</font>
					<textcolor>MediaInfoHeadColor</textcolor>
					<shadowcolor>ShadowColor</shadowcolor>
					<label>$INFO[VideoPlayer.Title] $INFO[VideoPlayer.Year,(,)]</label>
					<scroll>yes</scroll>
				</control>
				
				<control type="label">
					<description>Genre</description>
					<posy>25</posy>
					<width>342</width>
					<font>MediaInfoHeadFont2</font>
					<textcolor>MediaInfoHeadColor2</textcolor>
					<shadowcolor>ShadowColor</shadowcolor>
					<label>$INFO[VideoPlayer.Genre]</label>
				</control>
				
				<control type="label">
					<description>Elapsed/Duration Time</description>
					<posy>78</posy>
					<width>342</width>
					<font>MediaInfoHeadFont</font>
					<textcolor>MediaInfoItemColor2</textcolor>
					<shadowcolor>ShadowColor</shadowcolor>
					<aligny>center</aligny>
					<label>$INFO[Player.Time] / $INFO[Player.Duration]</label>
					<visible>!Player.Seeking</visible>
				</control>	
			</control>
		</control>
		
		<control type="group">
			<posy>105</posy>
			<visible>Player.HasAudio + !Skin.HasSetting(HideNowPlayingMusic)</visible>
			
			<control type="image">
				<width>490</width>
				<height>170</height>
				<texture border="25">item-focus-background.png</texture>
			</control>
			
			<control type="group">
				<posy>15</posy>
				<posx>165</posx>
				
				<control type="image">
					<description>Cover</description>
					<posx>-142</posx>
					<posy>5</posy>
					<width>130</width>
					<height>130</height>
					<info>MusicPlayer.cover</info>
					<aspectratio>keep</aspectratio>
				</control>
			
				<control type="label">
					<description>Title/Year</description>
					<posy>5</posy>
					<width>302</width>
					<font>MediaInfoHeadFont</font>
					<textcolor>MediaInfoHeadColor</textcolor>
					<shadowcolor>ShadowColor</shadowcolor>
					<label>$INFO[MusicPlayer.Title] $INFO[MusicPlayer.Year,(,)]</label>
					<scroll>yes</scroll>
				</control>
				
				<control type="label">
					<description>Artist/Album</description>
					<posy>25</posy>
					<width>302</width>
					<font>MediaInfoHeadFont2</font>
					<textcolor>MediaInfoHeadColor2</textcolor>
					<shadowcolor>ShadowColor</shadowcolor>
					<label>$INFO[MusicPlayer.Artist] $INFO[MusicPlayer.Album,| ,]</label>
				</control>
				
				<control type="label">
					<description>Elapsed/Duration Time</description>
					<posy>78</posy>
					<width>302</width>
					<font>MediaInfoHeadFont</font>
					<textcolor>MediaInfoItemColor2</textcolor>
					<shadowcolor>ShadowColor</shadowcolor>
					<aligny>center</aligny>
					<label>$INFO[MusicPlayer.Time] / $INFO[Player.Duration]</label>
				</control>
				
				<control type="label">
					<description>Next Track</description>
					<posy>112</posy>
					<width>302</width>
					<font>MediaInfoHeadFont2</font>
					<textcolor>MediaInfoItemColor2</textcolor>
					<shadowcolor>ShadowColor</shadowcolor>
					<aligny>bottom</aligny>
					<label>$LOCALIZE[209]: $INFO[MusicPlayer.offset(1).Artist,, - ]$INFO[MusicPlayer.offset(1).Title]</label>
				</control>
			</control>
		</control>
	</include>

	<include name="PLSongInfoLabel">
		<posx>100</posx>
		<width>200</width>
		<height>10</height>
		<font>MediaInfoFont</font>
		<textcolor>MediaInfoItemColor</textcolor>
		<shadowcolor>ShadowColor</shadowcolor>
		<align>center</align>
	</include>
	
	<include name="PLSongInfoLabel2">
		<posx>100</posx>
		<width>200</width>
		<height>40</height>
		<font>MediaInfoFont</font>
		<textcolor>MediaInfoItemColor2</textcolor>
		<shadowcolor>ShadowColor</shadowcolor>
		<align>center</align>
	</include>
	
	<include name="RewindSpeedLabels">
		<control type="label">
			<description>Rewind 2X</description>
			<posx>564</posx>
			<posy>100</posy>
			<font>SeekBarMediaInfoProgressFont</font>
			<textcolor>ProgressColor</textcolor>
			<shadowcolor>ShadowColor</shadowcolor>
			<align>center</align>
			<label>$LOCALIZE[31201] 2X</label>
			<visible>Player.Rewinding2x + !Player.Seeking</visible>
		</control>
		
		<control type="label">
			<description>Rewind 4X</description>
			<posx>564</posx>
			<posy>100</posy>
			<font>SeekBarMediaInfoProgressFont</font>
			<textcolor>ProgressColor</textcolor>
			<shadowcolor>ShadowColor</shadowcolor>
			<align>center</align>
			<label>$LOCALIZE[31201] 4X</label>
			<visible>Player.Rewinding4x + !Player.Seeking</visible>
		</control>
		
		<control type="label">
			<description>Rewind 8X</description>
			<posx>564</posx>
			<posy>100</posy>
			<font>SeekBarMediaInfoProgressFont</font>
			<textcolor>ProgressColor</textcolor>
			<shadowcolor>ShadowColor</shadowcolor>
			<align>center</align>
			<label>$LOCALIZE[31201] 8X</label>
			<visible>Player.Rewinding8x + !Player.Seeking</visible>
		</control>
		
		<control type="label">
			<description>Rewind 16X</description>
			<posx>564</posx>
			<posy>100</posy>
			<font>SeekBarMediaInfoProgressFont</font>
			<textcolor>ProgressColor</textcolor>
			<shadowcolor>ShadowColor</shadowcolor>
			<align>center</align>
			<label>$LOCALIZE[31201] 16X</label>
			<visible>Player.Rewinding16x + !Player.Seeking</visible>
		</control>
		
		<control type="label">
			<description>Rewind 32X</description>
			<posx>564</posx>
			<posy>100</posy>
			<font>SeekBarMediaInfoProgressFont</font>
			<textcolor>ProgressColor</textcolor>
			<shadowcolor>ShadowColor</shadowcolor>
			<align>center</align>
			<label>$LOCALIZE[31201] 32X</label>
			<visible>Player.Rewinding32x + !Player.Seeking</visible>
		</control>
	</include>
	
	<include name="FastForwardSpeedLabels">
		<control type="label">
			<description>Fast Forward 2X</description>
			<posx>564</posx>
			<posy>100</posy>
			<font>SeekBarMediaInfoProgressFont</font>
			<textcolor>ProgressColor</textcolor>
			<shadowcolor>ShadowColor</shadowcolor>
			<align>center</align>
			<label>$LOCALIZE[31200] 2X</label>
			<visible>Player.Forwarding2x + !Player.Seeking</visible>
		</control>
		
		<control type="label">
			<description>Fast Forward 4X</description>
			<posx>564</posx>
			<posy>100</posy>
			<font>SeekBarMediaInfoProgressFont</font>
			<textcolor>ProgressColor</textcolor>
			<shadowcolor>ShadowColor</shadowcolor>
			<align>center</align>
			<label>$LOCALIZE[31200] 4X</label>
			<visible>Player.Forwarding4x + !Player.Seeking</visible>
		</control>
		
		<control type="label">
			<description>Fast Forward 8X</description>
			<posx>564</posx>
			<posy>100</posy>
			<font>SeekBarMediaInfoProgressFont</font>
			<textcolor>ProgressColor</textcolor>
			<shadowcolor>ShadowColor</shadowcolor>
			<align>center</align>
			<label>$LOCALIZE[31200] 8X</label>
			<visible>Player.Forwarding8x + !Player.Seeking</visible>
		</control>
		
		<control type="label">
			<description>Fast Forward 16X</description>
			<posx>564</posx>
			<posy>100</posy>
			<font>SeekBarMediaInfoProgressFont</font>
			<textcolor>ProgressColor</textcolor>
			<shadowcolor>ShadowColor</shadowcolor>
			<align>center</align>
			<label>$LOCALIZE[31200] 16X</label>
			<visible>Player.Forwarding16x + !Player.Seeking</visible>
		</control>
		
		<control type="label">
			<description>Fast Forward 32X</description>
			<posx>564</posx>
			<posy>100</posy>
			<font>SeekBarMediaInfoProgressFont</font>
			<textcolor>ProgressColor</textcolor>
			<shadowcolor>ShadowColor</shadowcolor>
			<align>center</align>
			<label>$LOCALIZE[31200] 32X</label>
			<visible>Player.Forwarding32x + !Player.Seeking</visible>
		</control>
	</include>
	
	<include name="FileManagerDividerPaneImage">
		<control type="image">
			<posy>-1</posy>
			<posx>535</posx>
			<width>210</width>
			<height>588</height>
			<texture border="2">filemanger-divider-pane.png</texture>
		</control>
	</include>

	<include name="PreviousUp">
		<width>28</width>
		<height>28</height>
		<texture>arrow-scroll-up-focus2.png</texture>
	</include>
	
	<include name="NextDown">
		<width>28</width>
		<height>28</height>
		<texture flipy="true">arrow-scroll-up-focus2.png</texture>
	</include>
	
	<include name="FSMediaInfoBackground">
		<control type="image">
			<width>ScreenWidth</width>
			<height>146</height>
			<texture border="0,0,0,6">fullscreen-info-background.png</texture>
			<animation effect="fade" end="76" condition="true">Conditional</animation>
		</control>
	</include>
	
	<include name="ListMediaControlAreaBackground">
		<control type="image">
			<posy>329</posy>
			<width>ScreenWidth</width>
			<height>326</height>
			<texture border="0,15,0,15">control-area-background.png</texture>
			<include>ControlAreaBackgroundFadeAnim</include>
		</control>
		
		<control type="image">
			 <posy>334</posy>
			 <width>ScreenWidth</width>
			 <height>316</height>
			 <texture>bottom-bar-overlay.png</texture>
			 <animation effect="fade" end="50" condition="true">Conditional</animation> 
		</control>	
	</include>
	
	<include name="FullControlAreaBackground">
		<control type="image">
			 <posy>MenuBarOffsetY</posy>
			 <width>ScreenWidth</width>
			 <height>676</height>		
			 <texture>control-area-background2.png</texture>
			 <include>MediaViewOpenCloseAnim</include>
		</control>
	</include>
	
	<include name="CustomImagePreview">
		<posx>100</posx>
		<posy>384</posy>
		<width>240</width>
		<height>200</height>
		<aspectratio aligny="middle">keep</aspectratio>
	</include>
	
	<include name="MediaPlayingNotification">
		<control type="group">
			<posx>983</posx>
			<posy>4</posy>
			<visible>Player.HasMedia</visible>
			<include>MediaPlayingNotificationOpenCloseAnim</include>
			<include>MediaPlayingNotificationShiftAnim</include>
			<include>MediaPlayingNotificationShiftAnim2</include>
			<include>MediaPlayingNotificationShiftAnim3</include>

			<control type="image">
				<width>40</width>
				<height>35</height>
				<texture border="8">special://skin/images/skin/top-bar-status-background.png</texture>
			</control>

			<control type="image">
				<posx>8</posx>
				<posy>5</posy>
				<width>25</width>
				<height>25</height>
				<texture>defaultaudio.png.png</texture>
				<visible>Player.HasAudio</visible>
				<include>MediaPlayingPulseAnim</include>
			</control>

			<control type="image">
				<posx>8</posx>
				<posy>5</posy>
				<width>25</width>
				<height>25</height>
				<texture>defaultvideo.png.png</texture>
				<visible>Player.HasVideo</visible>
				<include>MediaPlayingPulseAnim</include>
			</control>		
		</control>
	</include>
	
	<include name="WeatherNotification">
		<control type="group" id="456">
			<posx>923</posx>
			<posy>4</posy>
			<visible>[[Skin.HasSetting(ShowWeatherNotification) + Window.IsActive(Home)] | [Skin.HasSetting(ShowWeatherNotification) + !Window.IsActive(Home) + Skin.HasSetting(ApplyAllWeatherNotification)]]
			+ !Window.IsActive(133) + !Window.IsActive(112) + !Window.IsActive(VolumeBar) + !Window.IsActive(MuteBug) + !Player.HasMedia</visible>
			<include>WeatherNotificationOpenCloseAnim</include>
			
			<control type="button" id="458">
				<width>100</width>
				<height>35</height>
				<texturefocus border="8">special://skin/images/skin/top-bar-status-background.png</texturefocus>
				<texturenofocus border="8">special://skin/images/skin/top-bar-status-background.png</texturenofocus>
				<onclick>ActivateWindow(MyWeather)</onclick>
				<ondown>850</ondown>
				<onright>344</onright>
			</control>
			
			<control type="image" id="457">
				<posx>8</posx>
				<posy>4</posy>
				<width>27</width>
				<height>27</height>
				<texture>$INFO[Weather.Conditions]</texture>
				<aspectratio>keep</aspectratio>
			</control>
			
			<control type="label">
				<posx>92</posx>
				<posy>17</posy>
				<width>55</width>
				<font>VolumeFont</font>
				<textcolor>TopBarStatusColor</textcolor>
				<align>right</align>
				<aligny>center</aligny>
				<label>$INFO[Weather.Temperature]</label>
				<visible>!Control.HasFocus(458)</visible>
			</control>
			
			<control type="label">
				<posx>92</posx>
				<posy>17</posy>
				<width>55</width>
				<font>VolumeFont</font>
				<textcolor>TopBarStatusColor2</textcolor>
				<align>right</align>
				<aligny>center</aligny>
				<label>$INFO[Weather.Temperature]</label>
				<visible>Control.HasFocus(458)</visible>
			</control>
		</control>
	</include>
	
	<include name="SortLetterNotification">
		<visible>Container.Scrolling</visible>
		<animation effect="slide" start="-60,0" time="150" tween="cubic" easing="out">Visible</animation>
		<animation effect="slide" end="-60,0" time="150" delay="1000" tween="cubic" easing="out">Hidden</animation>
	
		<control type="image">
			<posx>-25</posx>
			<width>80</width>
			<height>80</height>
			<texture border="25">item-focus-background.png</texture>
		</control>
		
		<control type="label">
			<posx>-25</posx>
			<posy>38</posy>
			<width>80</width>
			<font>SortLetterFont</font>
			<textcolor>DefaultColor3</textcolor>
			<shadowcolor>ShadowColor</shadowcolor>
			<align>center</align>
			<aligny>center</aligny>
			<label>$INFO[ListItem.SortLetter]</label>
		</control>
	</include>
</includes>