<window id="131">
	<defaultcontrol always="true">5</defaultcontrol>
	<allowoverlay>no</allowoverlay>
	<include>DialogOpenCloseAnim</include>
	
	<coordinates>
		<system>1</system>
		<origin x="300" y="150">true</origin>
	</coordinates>
	
	<controls>
		<control type="group">
			<include>LockSettingsDialogBox</include>
			<animation effect="fade" start="100" end="30" time="250" condition="Window.IsActive(ContextMenu) | Window.IsActive(NumericInput) | Window.IsActive(OKDialog)">Conditional</animation>	
			<animation effect="fade" start="100" end="0" time="250" condition="Window.IsActive(VirtualKeyboard)">Conditional</animation>
			
			<control type="label">
				<include>DialogTitle</include>
				<label>$LOCALIZE[20043]</label>
			</control>
			
			<control type="group">			
				<posx>DialogMarginOffsetX</posx>
				<posy>DialogMarginOffsetY</posy>
				
				<control type="grouplist" id="5">
					<description>Control Area</description>
					<width>600</width>
					<height>285</height>
					<itemgap>5</itemgap>
					<onleft>9001</onleft>
					<onright>9001</onright>
				</control>
				
				<control type="button" id="7">
					<description>Default Button</description>
					<width>600</width>
					<font>DefaultFont</font>
					<textcolor>DefaultColor</textcolor>
					<align>left</align>
				</control>
			
				<control type="radiobutton" id="8">
					<description>Default RadioButton</description>
					<width>600</width>
					<font>DefaultFont</font>
					<textcolor>DefaultColor</textcolor>
				</control>
				
				<control type="spincontrolex" id="9">
					<description>Default SpinControlex</description>
					<width>600</width>
					<font>DefaultFont</font>
					<textcolor>DefaultColor</textcolor>		
				</control>			
			</control>
			
			<control type="image" id="11">
				<description>Separator</description>
				<width>600</width>
				<height>5</height>
				<texture>-</texture>
			</control>
			
			<control type="grouplist" id="9001">		
				<description>Dialog Button Area</description>			
				<posx>170</posx>
				<posy>357</posy>
				<itemgap>0</itemgap>
				<orientation>horizontal</orientation>
				<onup>2</onup>
				<control type="button" id="28">
					<description>OK</description>
					<include>DialogMenuBarBtn</include>
					<label>$LOCALIZE[186]</label>
				</control>			
				<control type="button" id="29">
					<description>Cancel</description>
					<posx>170</posx>
					<include>DialogMenuBarBtn</include>
					<label>$LOCALIZE[222]</label>
				</control>			
			</control>
		</control>
	</controls>
</window>