<window id="1">
	<defaultcontrol always="true">500</defaultcontrol>
	<allowoverlay>yes</allowoverlay>
	<views>50,51,52</views>
	
	<controls>
		<control type="group">	
			<include>BackgroundPrograms</include>
			<include>BackgroundNoContent</include>
			<include>BackgroundVideoPlaying</include>
			<include>BackgroundMusicPlaying</include>
			<include>BackgroundOpenCloseAnim</include>
		</control>

		<control type="group">     
			<include>IconView</include> <!-- 50 -->
			<include>BigIconView</include> <!-- 51 -->
			<include>ListView</include> <!-- 52 -->
		</control>
		
		<control type="group" id="505">		
			<description>Menu Bar Area</description>			
			<posy>MenuBarOffsetY</posy>		
			<include>MenuBarImage</include>
			<include>DefaultMenuBar</include>
			<include>MenuBarOpenCloseAnim</include>	
		</control>
		
		<control type="group">	
			<description>Top Bar Area</description>		
			<include>TopBarImage</include>
			<include>SystemTray</include>
			<include>BreadCrumbPrograms</include>
			<include>WeatherNotification</include>
			<include>MediaPlayingNotification</include>
		</control>
	</controls>		
</window>