<window id="25">
	<defaultcontrol always="true">500</defaultcontrol>
	<allowoverlay>yes</allowoverlay>
	<previouswindow>Home</previouswindow>
	<views>50,51,52,54,55,56,57,53,58,66,61,65,68,59,69</views>
	
	<controls>
		<control type="group">		
			<include>BackgroundMovies</include>
			<include>BackgroundTVShows</include>
			<include>BackgroundNoContent</include>
			<include>BackgroundFanart</include>
			<include>BackgroundVideoPlaying</include>
			<include>BackgroundMusicPlaying</include>
			<include>BackgroundOpenCloseAnim</include>
		</control>

		<control type="group">
			<include>IconView</include> <!-- 50 -->
			<include>BigIconView</include> <!-- 51 -->
			<include>ListView</include> <!-- 52 -->
			<include>DVDThumbnailView</include> <!-- 54 -->
			<include>MoviesWideIconView</include> <!-- 55 -->
			<include>TVShowsWideIconView</include> <!-- 56 -->
			<include>EpisodesWideIconView</include> <!-- 57 -->
			<include>MoviesWrapListInfoView</include> <!-- 53 -->
			<include>MoviesListInfoView</include> <!-- 58 -->
			<include>MoviesListInfoView2</include> <!-- 66 -->
			<include>TVShowsListInfoView</include> <!-- 61 -->
			<include>TVShowsListInfoView2</include> <!-- 65 -->
			<include>EpisodesListInfoView2</include> <!-- 68 -->
			<include>MoviesFanartView</include> <!-- 59 -->
			<include>MoviesWallView</include> <!-- 69 -->
		</control>
		
		<control type="group" id="505">		
			<description>Menu Bar Area</description>			
			<posy>MenuBarOffsetY</posy>		
			<visible>!Window.IsActive(MovieInformation)</visible>
			<include>MenuBarImage</include>
			<include>DefaultMenuBar</include>
			<include>MenuBarOpenCloseAnim</include>
		</control>
		
		<control type="group">	
			<description>Top Bar Area</description>		
			<include>TopBarImage</include>
			<include>SystemTray</include>	
			<include>BreadCrumbVideoLibrary</include>
			<include>WeatherNotification</include>
			<include>MediaPlayingNotification</include>
		</control>
	</controls>		
</window>