<window id="2600">
	<defaultcontrol always="true">3</defaultcontrol>
	<allowoverlay>yes</allowoverlay>
	
	<controls>
		<control type="group"> 	
    		<include>BackgroundGeneral</include>
			<include>BackgroundVideoPlaying</include>
			<include>BackgroundMusicPlaying</include>
			<include>BackgroundOpenCloseAnim</include>
		</control>

		<control type="group">		
			<posx>92</posx>
			<posy>120</posy>
			<include>ControlsOpenCloseAnim</include>
			
			<control type="image">
				<posx>-10</posx>
				<width>305</width>
				<height>485</height>
				<texture border="25">item-focus-background.png</texture>
				<animation effect="fade" end="60" condition="true">Conditional</animation>
			</control>

			<control type="label">
				<description>Weather Location</description>
				<posx>10</posx>
				<posy>20</posy>
				<width>265</width>
				<font>WeatherWeekDayFont</font>
				<textcolor>DefaultColor3</textcolor>
				<shadowcolor>ShadowColor</shadowcolor>
				<align>center</align>
				<label>$LOCALIZE[143]</label>			
			</control>
			
			<control type="grouplist">
				<posx>0</posx>
				<posy>80</posy>
				<width>134</width>
				<itemgap>0</itemgap>
				<usecontrolcoords>true</usecontrolcoords>
				<orientation>vertical</orientation>
					<control type="label">
					<description>Current Temp</description>
					<posx>134</posx>
					<width>134</width>
					<height>35</height>
					<align>right</align>
					<font>WeatherReadingsFont</font>
					<textcolor>DefaultColor2</textcolor>	
					<shadowcolor>ShadowColor</shadowcolor>
					<label>$LOCALIZE[401]</label>
				</control>
				<control type="label">
					<description>Current Feels Like</description>
					<posx>134</posx>
					<width>134</width>
					<height>35</height>
					<align>right</align>
					<font>WeatherReadingsFont</font>
					<textcolor>DefaultColor2</textcolor>
					<shadowcolor>ShadowColor</shadowcolor>	
					<label>$LOCALIZE[402]</label>
				</control>
				<control type="label">
					<description>Current Dew Point</description>
					<posx>134</posx>
					<width>134</width>
					<height>35</height>
					<align>right</align>
					<font>WeatherReadingsFont</font>
					<textcolor>DefaultColor2</textcolor>
					<shadowcolor>ShadowColor</shadowcolor>
					<label>$LOCALIZE[405]</label>
				</control>
				<control type="label">
					<description>Current Humidity</description>
					<posx>134</posx>
					<width>134</width>
					<height>35</height>
					<align>right</align>
					<font>WeatherReadingsFont</font>
					<textcolor>DefaultColor2</textcolor>
					<shadowcolor>ShadowColor</shadowcolor>
					<label>$LOCALIZE[406]</label>		
				</control>
				<control type="label">
					<description>Current UV Index</description>
					<posx>134</posx>
					<width>134</width>
					<height>35</height>
					<align>right</align>
					<font>WeatherReadingsFont</font>
					<textcolor>DefaultColor2</textcolor>
					<shadowcolor>ShadowColor</shadowcolor>
					<label>$LOCALIZE[403]</label>		
				</control>
				<control type="label">
					<description>Current Wind</description>
					<posx>134</posx>
					<width>134</width>
					<height>35</height>
					<align>right</align>
					<font>WeatherReadingsFont</font>
					<textcolor>DefaultColor2</textcolor>
					<shadowcolor>ShadowColor</shadowcolor>
					<label>$LOCALIZE[404]</label>		
				</control>
			</control>
			
			<control type="grouplist">
				<posx>152</posx>
				<posy>80</posy>
				<width>150</width>
				<itemgap>0</itemgap>
				<orientation>vertical</orientation>
				<control type="label" id="23">
					<description>Current Temp Value</description>
					<width>134</width>
					<height>35</height>
					<font>WeatherReadingsFont</font>
					<textcolor>DefaultColor2</textcolor>
					<shadowcolor>ShadowColor</shadowcolor>
					<scroll>yes</scroll>
				</control>
				<control type="label" id="24">
					<description>Current Feels Like Value</description>
					<width>134</width>
					<height>35</height>
					<font>WeatherReadingsFont</font>
					<textcolor>DefaultColor2</textcolor>
					<shadowcolor>ShadowColor</shadowcolor>
					<scroll>yes</scroll>
				</control>
				<control type="label" id="27">
					<description>Current Dew Point Value</description>
					<width>134</width>
					<height>35</height>
					<font>WeatherReadingsFont</font>
					<textcolor>DefaultColor2</textcolor>
					<shadowcolor>ShadowColor</shadowcolor>
					<scroll>yes</scroll>	
				</control>
				<control type="label" id="28">
					<description>Current Humidity Value</description>
					<width>134</width>
					<height>35</height>
					<font>WeatherReadingsFont</font>
					<textcolor>DefaultColor2</textcolor>
					<shadowcolor>ShadowColor</shadowcolor>
					<scroll>yes</scroll>
				</control>
				<control type="label" id="25">
					<description>Current UV Index Value</description>
					<width>134</width>
					<height>35</height>
					<font>WeatherReadingsFont</font>
					<textcolor>DefaultColor2</textcolor>
					<shadowcolor>ShadowColor</shadowcolor>
					<scroll>yes</scroll>
				</control>
				<control type="label" id="26">
					<description>Current Wind Value</description>
					<width>100</width>
					<height>35</height>
					<font>WeatherReadingsFont</font>
					<textcolor>DefaultColor2</textcolor>
					<shadowcolor>ShadowColor</shadowcolor>	
					<wrapmultiline>true</wrapmultiline>
				</control>
			</control>
			
			<control type="image" id="21">
				<description>Current Weather</description>
				<posx>62</posx>
				<posy>310</posy>
				<width>160</width>
				<height>100</height>
				<aspectratio>keep</aspectratio>
			</control>
			
			<control type="label" id="22">
				<description>Current Condition</description>
				<posx>10</posx>
				<posy>420</posy>
				<width>265</width>
				<font>WeatherCurrentConditionFont</font>
				<textcolor>DefaultColor</textcolor>
				<shadowcolor>ShadowColor</shadowcolor>
				<align>center</align>		
			</control>		
		</control>

		<control type="group">	
			<posx>400</posx>
			<posy>120</posy>
			<include>ControlsOpenCloseAnim</include>
			
			<control type="image">
				<posx>-11</posx>
				<width>809</width>
				<height>320</height>
				<texture border="25">item-focus-background.png</texture>
				<animation effect="fade" end="60" condition="true">Conditional</animation>
			</control>
			
			<control type="group">
				<control type="label" id="31">
					<description>Day 0</description>
					<posx>10</posx>
					<posy>20</posy>
					<width>160</width>
					<font>WeatherWeekDayFont</font>
					<textcolor>DefaultColor3</textcolor>
					<shadowcolor>ShadowColor</shadowcolor>
					<align>center</align>		
				</control>
				
				<control type="label">
					<description>High</description>
					<posx>81</posx>
					<posy>80</posy>
					<width>80</width>
					<align>right</align>
					<font>WeatherReadingsFont</font>
					<textcolor>DefaultColor2</textcolor>
					<shadowcolor>ShadowColor</shadowcolor>
					<label>$LOCALIZE[393]</label>
					<visible>Weather.IsFetched</visible>
				</control>
				
				<control type="label" id="32">
					<description>High Value</description>
					<posx>99</posx>
					<posy>80</posy>
					<width>80</width>
					<font>WeatherReadingsFont</font>
					<textcolor>DefaultColor2</textcolor>
					<shadowcolor>ShadowColor</shadowcolor>
				</control>
				
				<control type="label">
					<description>Low</description>
					<posx>81</posx>
					<posy>115</posy>
					<width>80</width>
					<align>right</align>
					<font>WeatherReadingsFont</font>
					<textcolor>DefaultColor2</textcolor>
					<shadowcolor>ShadowColor</shadowcolor>
					<label>$LOCALIZE[391]</label>
					<visible>Weather.IsFetched</visible>
				</control>
				
				<control type="label" id="33">
					<description>Low Value</description>
					<posx>99</posx>
					<posy>115</posy>
					<width>80</width>
					<font>WeatherReadingsFont</font>
					<textcolor>DefaultColor2</textcolor>
					<shadowcolor>ShadowColor</shadowcolor>
				</control>
				
				<control type="image" id="35">
					<description>Day</description>
					<posx>10</posx>
					<posy>160</posy>
					<width>160</width>
					<height>100</height>
					<aspectratio>keep</aspectratio>
				</control>
				
				<control type="label" id="34">
					<description>Condition</description>
					<posx>10</posx>
					<posy>270</posy>
					<width>160</width>
					<font>WeatherReadingsFont</font>
					<textcolor>DefaultColor</textcolor>
					<shadowcolor>ShadowColor</shadowcolor>
					<align>center</align>		
				</control>		
			</control>
			
			<control type="group">	
				<posx>203</posx>

				<control type="label" id="41">
					<description>Day 1</description>
					<posx>10</posx>
					<posy>20</posy>
					<width>160</width>
					<font>WeatherWeekDayFont</font>
					<textcolor>DefaultColor3</textcolor>
					<shadowcolor>ShadowColor</shadowcolor>
					<align>center</align>		
				</control>
				
				<control type="label">
					<description>High</description>
					<posx>81</posx>
					<posy>80</posy>
					<width>80</width>
					<align>right</align>
					<font>WeatherReadingsFont</font>
					<textcolor>DefaultColor2</textcolor>
					<shadowcolor>ShadowColor</shadowcolor>
					<label>$LOCALIZE[393]</label>
					<visible>Weather.IsFetched</visible>
				</control>
				
				<control type="label" id="42">
					<description>High Value</description>
					<posx>99</posx>
					<posy>80</posy>
					<width>80</width>
					<font>WeatherReadingsFont</font>
					<textcolor>DefaultColor2</textcolor>
					<shadowcolor>ShadowColor</shadowcolor>
				</control>
				
				<control type="label">
					<description>Low</description>
					<posx>81</posx>
					<posy>115</posy>
					<width>80</width>
					<align>right</align>
					<font>WeatherReadingsFont</font>
					<textcolor>DefaultColor2</textcolor>
					<shadowcolor>ShadowColor</shadowcolor>
					<label>$LOCALIZE[391]</label>
					<visible>Weather.IsFetched</visible>
				</control>
				
				<control type="label" id="43">
					<description>Low Value</description>
					<posx>99</posx>
					<posy>115</posy>
					<width>80</width>
					<font>WeatherReadingsFont</font>
					<textcolor>DefaultColor2</textcolor>
					<shadowcolor>ShadowColor</shadowcolor>
				</control>
				
				<control type="image" id="45">
					<description>Day</description>
					<posx>10</posx>
					<posy>160</posy>
					<width>160</width>
					<height>100</height>
					<aspectratio>keep</aspectratio>
				</control>
				
				<control type="label" id="44">
					<description>Condition</description>
					<posx>10</posx>
					<posy>270</posy>
					<width>160</width>
					<font>WeatherReadingsFont</font>
					<textcolor>DefaultColor</textcolor>
					<shadowcolor>ShadowColor</shadowcolor>
					<align>center</align>		
				</control>		
			</control>
			
			<control type="group">
				<posx>406</posx>

				<control type="label" id="51">
					<description>Day 2</description>
					<posx>10</posx>
					<posy>20</posy>
					<width>160</width>
					<font>WeatherWeekDayFont</font>
					<textcolor>DefaultColor3</textcolor>
					<shadowcolor>ShadowColor</shadowcolor>
					<align>center</align>		
				</control>
				
				<control type="label">
					<description>High</description>
					<posx>81</posx>
					<posy>80</posy>
					<width>80</width>
					<align>right</align>
					<font>WeatherReadingsFont</font>
					<textcolor>DefaultColor2</textcolor>
					<shadowcolor>ShadowColor</shadowcolor>
					<label>$LOCALIZE[393]</label>
					<visible>Weather.IsFetched</visible>
				</control>
				
				<control type="label" id="52">
					<description>High Value</description>
					<posx>99</posx>
					<posy>80</posy>
					<width>80</width>
					<font>WeatherReadingsFont</font>
					<textcolor>DefaultColor2</textcolor>
					<shadowcolor>ShadowColor</shadowcolor>
				</control>
				
				<control type="label">
					<description>Low</description>
					<posx>81</posx>
					<posy>115</posy>
					<width>80</width>
					<align>right</align>
					<font>WeatherReadingsFont</font>
					<textcolor>DefaultColor2</textcolor>
					<shadowcolor>ShadowColor</shadowcolor>
					<label>$LOCALIZE[391]</label>
					<visible>Weather.IsFetched</visible>
				</control>
				
				<control type="label" id="53">
					<description>Low Value</description>
					<posx>99</posx>
					<posy>115</posy>
					<width>80</width>
					<font>WeatherReadingsFont</font>
					<textcolor>DefaultColor2</textcolor>
					<shadowcolor>ShadowColor</shadowcolor>
				</control>
				
				<control type="image" id="55">
					<description>Day</description>
					<posx>10</posx>
					<posy>160</posy>
					<width>160</width>
					<height>100</height>
					<aspectratio>keep</aspectratio>
				</control>
				
				<control type="label" id="54">
					<description>Condition</description>
					<posx>10</posx>
					<posy>270</posy>
					<width>160</width>
					<font>WeatherReadingsFont</font>
					<textcolor>DefaultColor</textcolor>
					<shadowcolor>ShadowColor</shadowcolor>
					<align>center</align>		
				</control>
			</control>
			
			<control type="group">	
				<posx>609</posx>

				<control type="label" id="61">
					<description>Day 3</description>
					<posx>10</posx>
					<posy>20</posy>
					<width>160</width>
					<font>WeatherWeekDayFont</font>
					<textcolor>DefaultColor3</textcolor>
					<shadowcolor>ShadowColor</shadowcolor>
					<align>center</align>		
				</control>
				
				<control type="label">
					<description>High</description>
					<posx>81</posx>
					<posy>80</posy>
					<width>80</width>
					<align>right</align>
					<font>WeatherReadingsFont</font>
					<textcolor>DefaultColor2</textcolor>
					<shadowcolor>ShadowColor</shadowcolor>
					<label>$LOCALIZE[393]</label>
					<visible>Weather.IsFetched</visible>
				</control>
				
				<control type="label" id="62">
					<description>High Value</description>
					<posx>99</posx>
					<posy>80</posy>
					<width>80</width>
					<font>WeatherReadingsFont</font>
					<textcolor>DefaultColor2</textcolor>
					<shadowcolor>ShadowColor</shadowcolor>
				</control>
				
				<control type="label">
					<description>Low</description>
					<posx>81</posx>
					<posy>115</posy>
					<width>80</width>
					<align>right</align>
					<font>WeatherReadingsFont</font>
					<textcolor>DefaultColor2</textcolor>
					<shadowcolor>ShadowColor</shadowcolor>
					<label>$LOCALIZE[391]</label>
					<visible>Weather.IsFetched</visible>
				</control>
				
				<control type="label" id="63">
					<description>Low Value</description>
					<posx>99</posx>
					<posy>115</posy>
					<width>80</width>
					<font>WeatherReadingsFont</font>
					<textcolor>DefaultColor2</textcolor>
					<shadowcolor>ShadowColor</shadowcolor>
				</control>
				
				<control type="image" id="65">
					<description>Day</description>
					<posx>10</posx>
					<posy>160</posy>
					<width>160</width>
					<height>100</height>
					<aspectratio>keep</aspectratio>
				</control>
				
				<control type="label" id="64">
					<description>Condition</description>
					<posx>10</posx>
					<posy>270</posy>
					<width>160</width>
					<font>WeatherReadingsFont</font>
					<textcolor>DefaultColor</textcolor>
					<shadowcolor>ShadowColor</shadowcolor>
					<align>center</align>		
				</control>			
			</control>
		</control>

		<include>DialogPopUpScreenDim</include>
		
		<control type="group">	
			<description>Menu Bar Area</description>
			<posy>MenuBarOffsetY</posy>		
			<include>MenuBarImage</include>
			<include>MyWeatherMenuBar</include>
			<include>MenuBarOpenCloseAnim2</include>
		</control>
		
		<control type="group">	
			<description>Top Bar Area</description>		
			<include>TopBarImage</include>
			<include>SystemTray</include>
			<include>BreadCrumbWeather</include>
			<include>MediaPlayingNotification</include>
		</control>
		
		<control type="group">
			<description>Bottom Bar Area</description>
			<posy>BottomPaneOffsetY</posy>	
			<include>InfoPaneImage</include>
			<include>InfoPaneWeatherDetails</include>
		</control>
	</controls>	
</window>