<window id="130">
	<defaultcontrol>1</defaultcontrol>
	<allowoverlay>no</allowoverlay>
	<include>DialogOpenCloseAnim</include>
	
	<coordinates>
		<system>1</system>
		<origin x="300" y="120">true</origin>
	</coordinates>
	
	<controls>
		<include>ProfileSettingsDialogBox</include>
		<animation effect="fade" start="100" end="0" time="250" condition="Window.IsActive(FileBrowser) | Window.IsActive(VirtualKeyboard)">Conditional</animation>
		
		<control type="label">
			<include>DialogTitle</include>
			<label>$LOCALIZE[20067]</label>
		</control>
		
		<control type="group">			
			<posx>DialogMarginOffsetX</posx>
			<posy>DialogMarginOffsetY</posy>
			
			<control type="image">
				<description>Profile Background</description>
				<width>600</width>
				<height>110</height>
				<texture border="5">button-nofocus.png</texture>
			</control>
					
			<control type="image" id="2">
				<description>Profile Cover</description>
				<posx>20</posx>
				<posy>5</posy>
				<width>100</width>
				<height>100</height>
				<texture>unknown-user.png</texture>
				<aspectratio>stretch</aspectratio>
			</control>
			
			<control type="label" id="1000">
				<description>Profile Name Value</description>
				<posx>140</posx>
				<posy>25</posy>
				<width>460</width>
				<font>ProfileNameFont</font>
				<textcolor>DefaultColor4</textcolor>
				<scroll>yes</scroll>
			</control>
			
			<control type="label" id="1001">
				<description>Profile Directory Value</description>
				<posx>140</posx>
				<posy>55</posy>
				<width>460</width>
				<font>HeadFont2</font>
				<textcolor>DefaultColor2</textcolor>
				<scroll>yes</scroll>
				<onleft>9001</onleft>
				<onright>9001</onright>
			</control>
			
			<control type="grouplist" id="5">
				<description>Control Area</description>
				<posy>115</posy>
				<width>600</width>
				<height>350</height>
				<itemgap>5</itemgap>
				<onleft>9001</onleft>
				<onright>9001</onright>
				<ondown>9001</ondown>
			</control>
			
			<control type="button" id="7">
				<description>Default Button</description>
				<width>600</width>
				<font>DefaultFont</font>
				<textcolor>DefaultColor</textcolor>
				<align>left</align>
			</control>
		
			<control type="radiobutton" id="8">
				<description>Default RadioButton</description>
				<width>600</width>
				<font>DefaultFont</font>
				<textcolor>DefaultColor</textcolor>
			</control>
			
			<control type="spincontrolex" id="9">
				<description>Default SpinControlex</description>
				<width>600</width>
				<font>DefaultFont</font>
				<textcolor>DefaultColor</textcolor>		
			</control>	

			<control type="sliderex" id="10">
				<description>Default Sliderex</description>
				<width>600</width>
				<font>DefaultFont</font>
				<textcolor>DefaultColor</textcolor>	
			</control>
		</control>
		
		<control type="grouplist" id="9001">		
			<description>Dialog Button Area</description>			
			<posx>170</posx>
			<posy>422</posy>
			<itemgap>0</itemgap>
			<orientation>horizontal</orientation>
			<onup>5</onup>
			<control type="button" id="28">
				<description>OK</description>
				<include>DialogMenuBarBtn</include>
				<label>$LOCALIZE[186]</label>
			</control>			
			<control type="button" id="29">
				<description>Cancel</description>
				<posx>170</posx>
				<include>DialogMenuBarBtn</include>
				<label>$LOCALIZE[222]</label>
			</control>				
		</control>		
	</controls>
</window>