<window type="window" id="7">
	<defaultcontrol always="true">850</defaultcontrol>
	<allowoverlay>yes</allowoverlay>

	<controls>
		<control type="group">					
    		<include>BackgroundSystem</include>
			<include>BackgroundVideoPlaying</include>
			<include>BackgroundMusicPlaying</include>   
			<include>FullControlAreaBackground</include>
			<include>BackgroundOpenCloseAnim</include>
		</control>
		
		<control type="grouplist" id="850">
			<description>Category Area</description>
			<posx>95</posx>
			<posy>142</posy>
			<onup>850</onup>
			<ondown>850</ondown>
			<onleft>600</onleft>
			<include>ControlsOpenCloseAnim</include>
			<control type="button" id="95">
				<Description>Summary</Description>
				<include>SettingsCatBtn</include>
				<label>$LOCALIZE[20037]</label>
			</control>
			<control type="button" id="94">
				<Description>Storage</Description>
				<posy>37</posy>
				<include>SettingsCatBtn</include>
				<label>$LOCALIZE[13277]</label>	
			</control>
			<control type="button" id="92">
				<Description>HDD</Description>
				<posy>37</posy>
				<include>SettingsCatBtn</include>
				<label>$LOCALIZE[13275]</label>
				<visible>System.Platform.Xbox</visible>
			</control>
			<control type="button" id="93">
				<Description>DVD</Description>
				<posy>37</posy>
				<include>SettingsCatBtn</include>
				<label>$LOCALIZE[13276]</label>	
				<visible>System.Platform.Xbox</visible>
			</control>
			<control type="button" id="96">
				<Description>Network</Description>
				<posy>74</posy>
				<include>SettingsCatBtn</include>
				<label>$LOCALIZE[13279]</label>	
			</control>				
			<control type="button" id="97">
				<Description>Video</Description>
				<posy>111</posy>
				<include>SettingsCatBtn</include>
				<label>$LOCALIZE[13280]</label>
			</control>
			<control type="button" id="98">
				<Description>Hardware</Description>
				<posy>148</posy>
				<include>SettingsCatBtn</include>
				<label>$LOCALIZE[13281]</label>
			</control>
		</control>
		
		<control type="grouplist" id="900">		
			<description>General Content Area</description>
			<posx>385</posx>
			<posy>140</posy>
			<width>800</width>
			<height>456</height>
			<itemgap>0</itemgap>
			<orientation>vertical</orientation>	
			<onup>900</onup>
			<ondown>900</ondown>
			<onleft>850</onleft>
			<control type="button" id="2">
				<include>SettingsContentBtn</include>
			</control>
			<control type="button" id="3">
				<include>SettingsContentBtn</include>
			</control>
			<control type="button" id="4">
				<include>SettingsContentBtn</include>
			</control>
			<control type="button" id="5">
				<include>SettingsContentBtn</include>
			</control>
			<control type="button" id="6">
				<include>SettingsContentBtn</include>
			</control>
			<control type="button" id="7">
				<include>SettingsContentBtn</include>
			</control>
			<control type="button" id="8">
				<include>SettingsContentBtn</include>
			</control>
			<control type="button" id="9">
				<include>SettingsContentBtn</include>
			</control>
			<control type="button" id="10">
				<include>SettingsContentBtn</include>
			</control>
			<control type="button" id="11">
				<include>SettingsContentBtn</include>
			</control>
		</control>
		
		<include>DialogPopUpScreenDim</include>
		
		<control type="group">	
			<description>Top Bar Area</description>		
			<include>TopBarImage</include>
			<include>SystemTray</include>
			<include>BreadCrumbSystemInfo</include>
			<include>WeatherNotification</include>
			<include>MediaPlayingNotification</include>
		</control>
		
		<control type="group">
			<description>Bottom Bar Area</description>
			<posy>BottomPaneOffsetY</posy>	
			<include>InfoPaneImage</include>
			<include>InfoPaneSystemInfoDetails</include>
		</control>
	</controls>
</window>