<window id="129">
	<defaultcontrol always="true">22</defaultcontrol>
	<allowoverlay>no</allowoverlay>
	<include>DialogOpenCloseAnim</include>
	
	<coordinates>
		<system>1</system>
		<origin x="300" y="120">true</origin>
	</coordinates>
	
	<controls>
		<control type="group">	
			<include>SmartPlaylistEditorDialogBox</include>
			<animation effect="fade" start="100" end="0" time="250" condition="Window.IsActive(VirtualKeyboard) | Window.IsActive(SmartPlaylistRule)">Conditional</animation>

			<control type="label" id="2">
				<include>DialogTitle</include>
				<label>$LOCALIZE[21432]</label>
			</control>
			
			<control type="group">		
				<posx>DialogMarginOffsetX</posx>
				<posy>DialogMarginOffsetY</posy>
				
				<control type="spincontrolex" id="22">
					<description>Set Playlist Type</description>
					<width>600</width>
					<label>$LOCALIZE[467]</label>
					<onup>-</onup>
					<ondown>12</ondown>
					<onleft>9001</onleft>
					<onright>9001</onright>
				</control>	
				
				<control type="label">
					<description>Playlist Name</description>
					<posy>55</posy>
					<width>600</width>
					<font>HeadFont2</font>
					<textcolor>DefaultColor2</textcolor>
					<aligny>center</aligny>
					<label>$LOCALIZE[21433]</label>	
				</control>
				
				<control type="edit" id="12">
					<description>Playlist Name Input</description>
					<posy>70</posy>
					<width>600</width>	
					<height>35</height>
					<textwidth>590</textwidth>
					<onup>22</onup>
					<ondown>247</ondown>
					<onleft>9001</onleft>
					<onright>9001</onright>
				</control>	
				
				<control type="label">
					<description>Rules</description>
					<posy>125</posy>
					<width>600</width>
					<font>HeadFont2</font>
					<textcolor>DefaultColor2</textcolor>
					<aligny>center</aligny>
					<label>$LOCALIZE[21434]</label>	
				</control>
				
				<control type="group" id="247">
					<control type="image">
						<description>Rules Background</description>
						<posy>140</posy>
						<width>475</width>
						<height>115</height>
						<texture border="5">button-nofocus.png</texture>
					</control>
					
					<control type="list" id="10">
						<description>Rules</description>
						<posx>5</posx>
						<posy>145</posy>
						<width>465</width>
						<height>105</height>
						<onup>12</onup>
						<ondown>16</ondown>
						<onleft>9001</onleft>
						<onright>9000</onright>
						<itemlayout height="35">
							<control type="label">
								<posx>5</posx>
								<width>455</width>
								<height>35</height>
								<font>DefaultFont</font>
								<textcolor>DefaultColor</textcolor>
								<aligny>center</aligny>
								<info>ListItem.Label</info>
							</control>
						</itemlayout>
						<focusedlayout height="35">
							<control type="image">
								<width>465</width>
								<height>35</height>
								<texture border="5">button-focus.png</texture>
								<visible>Control.HasFocus(10)</visible>
							</control>
							<control type="label">
								<posx>5</posx>
								<width>455</width>
								<height>35</height>
								<font>DefaultFont</font>
								<textcolor>SelectedColor</textcolor>
								<aligny>center</aligny>
								<info>ListItem.Label</info>
							</control>
						</focusedlayout>
					</control>	

					<control type="grouplist" id="9000">			
						<posx>480</posx>
						<posy>140</posy>
						<itemgap>5</itemgap>
						<onup>12</onup>
						<ondown>245</ondown>
						<onleft>10</onleft>
						<onright>9001</onright>
						<control type="button" id="13">
							<description>Add Rule</description>
							<include>DialogBtn</include>
							<label>$LOCALIZE[15019]</label>		    
						</control>			
						<control type="button" id="14">
							<description>Add Path</description>
							<include>DialogBtn</include>
							<label>$LOCALIZE[1210]</label>	
						</control>				
						<control type="button" id="15">
							<description>Remove Path</description>
							<include>DialogBtn</include>
							<label>$LOCALIZE[21435]</label>
						</control>				
					</control>
				</control>
				
				<control type="group" id="245">
					<control type="label">
						<description>Items Must Match</description>
						<posy>275</posy>
						<width>297</width>
						<font>HeadFont2</font>
						<textcolor>DefaultColor2</textcolor>
						<aligny>center</aligny>
						<label>$LOCALIZE[21424]</label>	
					</control>
					
					<control type="spincontrolex" id="16">
						<description>Items Must Match Value</description>
						<posy>290</posy>
						<width>297</width>
						<label>-</label>
						<onup>247</onup>
						<ondown>246</ondown>
						<onleft>9001</onleft>
						<onright>17</onright>
					</control>	
					
					<control type="label">
						<description>Limit To</description>
						<posx>302</posx>
						<posy>275</posy>
						<width>297</width>
						<font>HeadFont2</font>
						<textcolor>DefaultColor2</textcolor>
						<aligny>center</aligny>
						<label>$LOCALIZE[21427]</label>	
					</control>
					
					<control type="spincontrolex" id="17">
						<description>Limit To Value</description>
						<posx>302</posx>
						<posy>290</posy>
						<width>298</width>
						<label>-</label>
						<onup>247</onup>
						<ondown>246</ondown>
						<onleft>16</onleft>
						<onright>9001</onright>
					</control>	
				</control>
								
				<control type="group" id="246">
					<control type="label">
						<description>Order By</description>
						<posy>345</posy>
						<width>475</width>
						<font>HeadFont2</font>
						<textcolor>DefaultColor2</textcolor>
						<aligny>center</aligny>
						<label>$LOCALIZE[21429]</label>	
					</control>
				
					<control type="spincontrolex" id="18">
						<description>Order By Value</description>
						<posy>360</posy>
						<width>475</width>
						<label>-</label>
						<onup>245</onup>
						<ondown>9001</ondown>
						<onleft>9001</onleft>
						<onright>19</onright>
					</control>

					<control type="togglebutton" id="19">
						<description>Order Direction Toggle</description>
						<posx>480</posx>
						<posy>360</posy>
						<include>DialogBtn</include>
						<label>$LOCALIZE[15019]</label>	
						<onup>245</onup>
						<ondown>9001</ondown>
						<onleft>18</onleft>
						<onright>9001</onright>		    
					</control>
				</control>
			</control>
		
			<control type="grouplist" id="9001">			
				<description>Dialog Button Area</description>	
				<posx>170</posx>
				<posy>467</posy>
				<itemgap>0</itemgap>
				<orientation>horizontal</orientation>
				<onup>246</onup>
				<control type="button" id="20">
					<description>OK</description>
					<include>DialogMenuBarBtn</include>
					<label>$LOCALIZE[186]</label>
				</control>			
				<control type="button" id="21">
					<description>Cancel</description>
					<include>DialogMenuBarBtn</include>
					<label>$LOCALIZE[222]</label>
				</control>
			</control>	
		</control>		
	</controls>	
</window>