<window id="129">
	<defaultcontrol always="true">15</defaultcontrol>
	<allowoverlay>no</allowoverlay>
	<include>DialogOpenCloseAnim</include>
	
	<coordinates>
		<system>1</system>
		<origin x="300" y="200">true</origin>
	</coordinates>
	
	<controls>
		<control type="group">
			<include>SmartPlaylistRuleDialogBox</include>
			<animation effect="fade" start="100" end="0" time="250" condition="Window.IsActive(VirtualKeyboard)">Conditional</animation>
			
			<control type="label" id="2">
				<include>DialogTitle</include>
				<label>$LOCALIZE[21421]</label>
			</control>
			
			<control type="group">		
				<posx>DialogMarginOffsetX</posx>
				<posy>DialogMarginOffsetY</posy>
				
				<control type="label">
					<posy>5</posy>
					<width>600</width>
					<font>HeadFont2</font>
					<textcolor>DefaultColor2</textcolor>
					<aligny>center</aligny>
					<label>$LOCALIZE[21422]</label>
				</control>
				
				<control type="group" id="289">
					<control type="spincontrolex" id="15">
						<description>Rule Field</description>
						<posy>20</posy>
						<width>297</width>
						<onup>-</onup>
						<ondown>290</ondown>
						<onleft>9001</onleft>
						<onright>16</onright>
					</control>	
					
					<control type="spincontrolex" id="16">
						<description>Items Must Match</description>
						<posx>302</posx>
						<posy>20</posy>
						<width>298</width>
						<onup>-</onup>
						<ondown>290</ondown>
						<onleft>15</onleft>
						<onright>9001</onright>
					</control>
				</control>
				
				<control type="group" id="290">
					<control type="button" id="17">
						<description>Rule Value</description>
						<posy>60</posy>
						<width>475</width>	
						<font>DefaultFont</font>
						<textcolor>DefaultColor</textcolor>
						<align>left</align>
						<onup>289</onup>
						<ondown>9001</ondown>
						<onleft>9001</onleft>
						<onright>20</onright>
					</control>	

					<control type="button" id="20">
						<description>Server Browse</description>
						<posx>480</posx>
						<posy>60</posy>
						<include>DialogBtn</include>
						<label>$LOCALIZE[1024]</label>
						<onup>289</onup>
						<ondown>9001</ondown>
						<onleft>17</onleft>
						<onright>9001</onright>
					</control>			
				</control>
			</control>
			
			<control type="grouplist" id="9001">			
				<description>Dialog Button Area</description>				
				<posx>170</posx>
				<posy>167</posy>
				<itemgap>0</itemgap>
				<orientation>horizontal</orientation>	
				<onup>290</onup>
				<control type="button" id="18">
					<description>OK</description>
					<include>DialogMenuBarBtn</include>
					<label>$LOCALIZE[186]</label>
				</control>			
				<control type="button" id="19">
					<description>Cancel</description>
					<posx>170</posx>
					<include>DialogMenuBarBtn</include>
					<label>$LOCALIZE[222]</label>
				</control>
			</control>
		</control>
	</controls>
</window>