<window id="125">
	<defaultcontrol always="true">11</defaultcontrol>
	<include>DialogOpenCloseAnim</include>
	
	<coordinates>
		<system>1</system>
		<posx>30</posx>
		<posy>70</posy>
	</coordinates>
	
	<controls>
		<include>PlayerDialogBox</include>

		<control type="label">
			<include>FullscreenDialogTitle</include>
			<label>$LOCALIZE[298]</label>
		</control>
		
		<control type="panel" id="11">
  			<posx>DialogMarginOffsetX</posx>
  			<posy>DialogMarginOffsetY</posy>
  			<width>410</width>
  			<height>411</height>
			<pagecontrol>101</pagecontrol>
			<onup>11</onup>
			<ondown>11</ondown>
			<onleft>9001</onleft>
			<onright>101</onright>
  			<itemlayout width="200" height="137">
  				<control type="image">
  					<posx>9</posx>
  					<posy>0</posy>
  					<width>190</width>
  					<height>120</height>
					<bordertexture border="5">item-noshadow-background.png</bordertexture>
					<bordersize>4</bordersize>
					<info>ListItem.Icon</info>
					<animation effect="fade" end="50" condition="true">Conditional</animation>
  				</control>
  				<control type="label">
  					<posx>99</posx>
  					<posy>119</posy>
  					<width>190</width>
  					<height>22</height>
					<font>DefaultFont</font>
					<textcolor>DefaultColor</textcolor>
  					<align>center</align>	
  					<info>ListItem.Label</info>  					
  				</control>
  			</itemlayout>
  			<focusedlayout width="200" height="137">
  				<control type="image">
  					<posx>9</posx>
  					<posy>0</posy>
  					<width>190</width>
  					<height>120</height>
  					<bordertexture border="5">item-noshadow-background2.png</bordertexture>
					<bordersize>4</bordersize>
					<info>ListItem.Icon</info>
  				</control>
  				<control type="label">
  					<posx>99</posx>
  					<posy>119</posy>
  					<width>190</width>
  					<height>22</height>
					<font>DefaultFont</font>
					<textcolor>SelectedColor</textcolor>
  					<align>center</align>	
  					<info>ListItem.Label</info>  					
  				</control>
  			</focusedlayout>
		</control>
	
		<control type="grouplist" id="9001">	
			<posx>75</posx>	
			<posy>477</posy>
			<orientation>horizontal</orientation>
			<onup>11</onup>
			<onleft>101</onleft>
			<onright>101</onright>
			<control type="button" id="2">
				<description>Create Bookmark</description>
				<include>DialogMenuBarBtn</include>
				<label>$LOCALIZE[294]</label>	
			</control>		
			<control type="button" id="3">
				<description>Clear Bookmarks</description>
				<include>DialogMenuBarBtn</include>
				<label>$LOCALIZE[296]</label>
			</control>	
		</control>
	</controls>	
</window>