<window id="2005">
	<defaultcontrol>-</defaultcontrol>
	
	<controls>
		<control type="group">
			<include>FSMediaInfoBackground</include>
		
			<control type="grouplist">
				<posx>10</posx>
				<posy>10</posy>
				<itemgap>40</itemgap>
				<control type="label" id="10">
					<description>Row 1</description>
					<width>1260</width>
					<font>HeadFont</font>
					<textcolor>DefaultColor</textcolor>
					<shadowcolor>ShadowColor</shadowcolor>
				</control>
				<control type="label" id="11">
					<description>Row 2</description>
					<width>1260</width>
					<font>HeadFont</font>
					<textcolor>DefaultColor</textcolor>
					<shadowcolor>ShadowColor</shadowcolor>
				</control>
				<control type="label" id="12">
					<description>Row 3</description>
					<width>1260</width>
					<font>HeadFont</font>
					<textcolor>DefaultColor</textcolor>
					<shadowcolor>ShadowColor</shadowcolor>
				</control>
			</control>
		</control>
	</controls>
</window>