<window id="0">
	<defaultcontrol always="true">9000</defaultcontrol>
	<allowoverlay>no</allowoverlay>
	<controls>
		<include>CommonBackground</include>
		<control type="image">
			<posx>0</posx>
			<posy>90r</posy>
			<width>1280</width>
			<height>90</height>
			<texture>floor.png</texture>
			<animation effect="fade" time="250" condition="Window.Previous(Home)">WindowOpen</animation>
			<animation effect="fade" time="250" condition="Window.Next(Home)">WindowClose</animation>
		</control>
		<control type="image">
			<description>LOGO</description>
			<posx>0</posx>
			<posy>5</posy>
			<width>170</width>
			<height>100</height>
			<aspectratio aligny="top" align="left">keep</aspectratio>
			<texture>xbmc-logo.png</texture>
			<include>VisibleFadeEffect</include>
			<include>Window_OpenClose_Animation</include>
			<visible>!Skin.HasSetting(homepageWeatherinfo)</visible>
		</control>
		<!-- Music Info -->
		<control type="group">
			<posx>0</posx>
			<posy>60</posy>
			<visible>Player.HasAudio + !Skin.HasSetting(homepageMusicinfo)</visible>
			<include>VisibleFadeEffect</include>
			<include>Window_OpenClose_Animation</include>
			<control type="image">
				<description>Cover image</description>
				<posx>20</posx>
				<posy>45</posy>
				<width>130</width>
				<height>295</height>
				<aspectratio aligny="bottom">keep</aspectratio>
				<texture>$INFO[MusicPlayer.Cover]</texture>
				<bordertexture border="8">ThumbBorder.png</bordertexture>
				<bordersize>5</bordersize>
			</control>
			<control type="label">
				<description>Album Label</description>
				<posx>170</posx>
				<posy>265</posy>
				<height>25</height>
				<width>1000</width>
				<label>$INFO[MusicPlayer.Artist,, - ]$INFO[MusicPlayer.Album]$INFO[musicplayer.discnumber, - $LOCALIZE[427]:]</label>
				<align>left</align>
				<aligny>center</aligny>
				<font>font12</font>
				<textcolor>white</textcolor>
				<shadowcolor>black</shadowcolor>
			</control>
			<control type="label">
				<description>Title label</description>
				<posx>170</posx>
				<posy>285</posy>
				<height>30</height>
				<width>1000</width>
				<label>$INFO[MusicPlayer.Title]</label>
				<align>left</align>
				<aligny>center</aligny>
				<font>font13_title</font>
				<textcolor>white</textcolor>
				<shadowcolor>black</shadowcolor>
			</control>
			<control type="label">
				<description>Time Label</description>
				<posx>170</posx>
				<posy>310</posy>
				<height>30</height>
				<width>300</width>
				<label>$INFO[Player.Time]$INFO[Player.Duration,[COLOR=blue] / [/COLOR]]</label>
				<align>left</align>
				<aligny>center</aligny>
				<font>font12</font>
				<textcolor>white</textcolor>
				<shadowcolor>black</shadowcolor>
			</control>
		</control>
		<!-- Video Info -->
		<control type="group">
			<posx>0</posx>
			<posy>50</posy>
			<visible>Player.HasVideo + !Skin.HasSetting(homepageVideoinfo)</visible>
			<include>VisibleFadeEffect</include>
			<include>Window_OpenClose_Animation</include>
			<control type="group">
				<visible>!VideoPlayer.Content(Movies) + !VideoPlayer.Content(Episodes)</visible>
				<control type="image">
					<description>Cover image</description>
					<posx>20</posx>
					<posy>45</posy>
					<width>120</width>
					<height>300</height>
					<aspectratio aligny="bottom">keep</aspectratio>
					<texture>$INFO[VideoPlayer.Cover]</texture>
					<bordertexture border="8">ThumbBorder.png</bordertexture>
					<bordersize>5</bordersize>
				</control>
				<control type="label">
					<description>Title label</description>
					<posx>160</posx>
					<posy>285</posy>
					<height>30</height>
					<width>1000</width>
					<label>$INFO[VideoPlayer.Title]</label>
					<align>left</align>
					<aligny>center</aligny>
					<font>font13_title</font>
					<textcolor>white</textcolor>
					<shadowcolor>black</shadowcolor>
				</control>
				<control type="label">
					<description>Time Label</description>
					<posx>160</posx>
					<posy>310</posy>
					<height>30</height>
					<width>300</width>
					<label>$INFO[Player.Time]$INFO[Player.Duration,[COLOR=blue] / [/COLOR]]</label>
					<align>left</align>
					<aligny>center</aligny>
					<font>font12</font>
					<textcolor>white</textcolor>
					<shadowcolor>black</shadowcolor>
				</control>
			</control>
			<control type="group">
				<visible>VideoPlayer.Content(Movies)</visible>
				<control type="image">
					<description>Cover image</description>
					<posx>20</posx>
					<posy>45</posy>
					<width>120</width>
					<height>300</height>
					<aspectratio aligny="bottom">keep</aspectratio>
					<texture>$INFO[VideoPlayer.Cover]</texture>
					<bordertexture border="8">ThumbBorder.png</bordertexture>
					<bordersize>5</bordersize>
				</control>
				<control type="label">
					<description>Studio label</description>
					<posx>160</posx>
					<posy>265</posy>
					<height>25</height>
					<width>1000</width>
					<label>$INFO[VideoPlayer.Studio]</label>
					<align>left</align>
					<aligny>center</aligny>
					<font>font12</font>
					<textcolor>white</textcolor>
					<shadowcolor>black</shadowcolor>
				</control>
				<control type="label">
					<description>Title label</description>
					<posx>160</posx>
					<posy>285</posy>
					<height>30</height>
					<width>1000</width>
					<label>$INFO[VideoPlayer.Title]$INFO[VideoPlayer.Year,[COLOR=grey] (,)[/COLOR]]</label>
					<align>left</align>
					<aligny>center</aligny>
					<font>font13_title</font>
					<textcolor>white</textcolor>
					<shadowcolor>black</shadowcolor>
				</control>
				<control type="label">
					<description>Time Label</description>
					<posx>160</posx>
					<posy>310</posy>
					<height>30</height>
					<width>300</width>
					<label>$INFO[Player.Time]$INFO[Player.Duration,[COLOR=blue] / [/COLOR]]</label>
					<align>left</align>
					<aligny>center</aligny>
					<font>font12</font>
					<textcolor>white</textcolor>
					<shadowcolor>black</shadowcolor>
				</control>
			</control>
			<control type="group">
				<visible>VideoPlayer.Content(Episodes)</visible>
				<control type="image">
					<description>Cover image</description>
					<posx>20</posx>
					<posy>225</posy>
					<width>180</width>
					<height>120</height>
					<aspectratio>scale</aspectratio>
					<texture>$INFO[VideoPlayer.Cover]</texture>
					<bordertexture border="8">ThumbBorder.png</bordertexture>
					<bordersize>5</bordersize>
				</control>
				<control type="label">
					<description>TV Show Season Ep Label</description>
					<posx>210</posx>
					<posy>265</posy>
					<height>25</height>
					<width>1000</width>
					<label>$INFO[VideoPlayer.TVShowTitle] ($LOCALIZE[20373] $INFO[VideoPlayer.Season] - $LOCALIZE[20359] $INFO[VideoPlayer.episode])</label>
					<align>left</align>
					<aligny>center</aligny>
					<font>font12</font>
					<textcolor>white</textcolor>
					<shadowcolor>black</shadowcolor>
				</control>
				<control type="label">
					<description>Title label</description>
					<posx>210</posx>
					<posy>285</posy>
					<height>30</height>
					<width>1000</width>
					<label>$INFO[VideoPlayer.Title]</label>
					<align>left</align>
					<aligny>center</aligny>
					<font>font13_title</font>
					<textcolor>white</textcolor>
					<shadowcolor>black</shadowcolor>
				</control>
				<control type="label">
					<description>Time Label</description>
					<posx>210</posx>
					<posy>310</posy>
					<height>30</height>
					<width>300</width>
					<label>$INFO[Player.Time]$INFO[Player.Duration,[COLOR=blue] / [/COLOR]]</label>
					<align>left</align>
					<aligny>center</aligny>
					<font>font12</font>
					<textcolor>white</textcolor>
					<shadowcolor>black</shadowcolor>
				</control>
			</control>
		</control>
		<include condition="!Skin.HasSetting(HomepageHideRecentlyAddedVideo) | !Skin.HasSetting(HomepageHideRecentlyAddedAlbums)">HomeRecentlyAddedInfo</include>
		<control type="button" id="9003">
			<description>Hidden Button to pass through navigation when recently added is disabled</description>
			<posx>-20</posx>
			<posy>-20</posy>
			<width>1</width>
			<height>1</height>
			<label>-</label>
			<font>-</font>
			<texturefocus>-</texturefocus>
			<texturenofocus>-</texturenofocus>
			<onleft>-</onleft>
			<onright>-</onright>
			<onup>20</onup>
			<ondown>608</ondown>
			<visible>false</visible>
		</control>
		<include>CurrentlyPlayingMediaControls</include> <!-- Global Search and Currently Playing Media Control -->
		<control type="button" id="610">
			<description>Fake Button to pass through navigation when media isn't playing</description>
			<posx>-20</posx>
			<posy>-20</posy>
			<width>1</width>
			<height>1</height>
			<label>-</label>
			<font>-</font>
			<texturefocus>-</texturefocus>
			<texturenofocus>-</texturenofocus>
			<onfocus>SetFocus(608)</onfocus>
			<visible>!Player.HasMedia</visible>
		</control>
		<control type="button" id="610">
			<description>Fake Button to pass through navigation when media is playing</description>
			<posx>-20</posx>
			<posy>-20</posy>
			<width>1</width>
			<height>1</height>
			<label>-</label>
			<font>-</font>
			<texturefocus>-</texturefocus>
			<texturenofocus>-</texturenofocus>
			<onfocus>SetFocus(603)</onfocus>
			<visible>Player.HasMedia</visible>
		</control>
		<control type="group">
			<posy>400</posy>
			<animation type="WindowOpen" reversible="false">
				<effect type="zoom" start="80" end="100" center="640,360" easing="out" tween="back" time="300" />
				<effect type="fade" start="0" end="100" time="300" />
			</animation>
			<animation type="WindowClose" reversible="false">
				<effect type="zoom" start="100" end="80" center="640,360" easing="in" tween="back" time="300" />
				<effect type="fade" start="100" end="0" time="300" />
			</animation>
			<control type="group" id="9001">
				<posx>0</posx>
				<posy>70</posy>
				<onup>9000</onup>
				<ondown>9002</ondown>
				<control type="grouplist" id="9010">
					<include>HomeSubMenuCommonValues</include>
					<onleft>9010</onleft>
					<onright>9010</onright>
					<visible>Container(9000).HasFocus(2)</visible>
					<include>HomeSubMenuVideos</include> <!-- Buttons for the grouplist -->
				</control>
				<control type="grouplist" id="9016">
					<include>HomeSubMenuCommonValues</include>
					<onleft>9016</onleft>
					<onright>9016</onright>
					<visible>Container(9000).HasFocus(10)</visible>
					<include>HomeSubMenuMovies</include> <!-- Buttons for the grouplist -->
				</control>
				<control type="grouplist" id="9017">
					<include>HomeSubMenuCommonValues</include>
					<onleft>9017</onleft>
					<onright>9017</onright>
					<visible>Container(9000).HasFocus(11)</visible>
					<include>HomeSubMenuTVShows</include> <!-- Buttons for the grouplist -->
				</control>
				<control type="grouplist" id="9011">
					<include>HomeSubMenuCommonValues</include>
					<onleft>9011</onleft>
					<onright>9011</onright>
					<visible>Container(9000).HasFocus(3)</visible>
					<include>HomeSubMenuMusic</include> <!-- Buttons for the grouplist -->
				</control>
				<control type="grouplist" id="9018">
					<include>HomeSubMenuCommonValues</include>
					<onleft>9018</onleft>
					<onright>9018</onright>
					<visible>Container(9000).HasFocus(1)</visible>
					<include>HomeSubMenuPrograms</include> <!-- Buttons for the grouplist -->
				</control>
				<control type="grouplist" id="9012">
					<include>HomeSubMenuCommonValues</include>
					<onleft>9012</onleft>
					<onright>9012</onright>
					<visible>Container(9000).HasFocus(5)</visible>
					<include>HomeSubMenuSystem</include> <!-- Buttons for the grouplist -->
				</control>
				<control type="grouplist" id="9013">
					<include>HomeSubMenuCommonValues</include>
					<onleft>9013</onleft>
					<onright>9013</onright>
					<visible>Container(9000).HasFocus(6)</visible>
					<include>HomeSubMenuPlayDisc</include> <!-- Buttons for the grouplist -->
				</control>
				<control type="grouplist" id="9014">
					<include>HomeSubMenuCommonValues</include>
					<onleft>9013</onleft>
					<onright>9013</onright>
					<visible>Container(9000).HasFocus(4)</visible>
					<include>HomeSubMenuPictures</include> <!-- Buttons for the grouplist -->
				</control>
			</control>
			<control type="image">
				<posx>-100</posx>
				<posy>0</posy>
				<width>1480</width>
				<height>75</height>
				<texture border="0,6,0,6">HomeBack.png</texture>
			</control>
			<control type="image">
				<posx>0</posx>
				<posy>5</posy>
				<width>1280</width>
				<height>6</height>
				<texture>HomeOverlay1.png</texture>
			</control>
			<control type="fixedlist" id="9000">
				<posx>-110</posx>
				<posy>5</posy>
				<width>1500</width>
				<height>60</height>
				<onleft>9000</onleft>
				<onright>9000</onright>
				<onup>610</onup>
				<ondown>9001</ondown>
				<pagecontrol>-</pagecontrol>
				<scrolltime>300</scrolltime>
				<focusposition>2</focusposition>
				<movement>1</movement>
				<orientation>Horizontal</orientation>
				<itemlayout height="60" width="300">
					<control type="image">
						<posx>0</posx>
						<posy>4</posy>
						<width>1</width>
						<height>52</height>
						<texture>HomeSeperator.png</texture>
					</control>
					<control type="image">
						<posx>299</posx>
						<posy>4</posy>
						<width>1</width>
						<height>52</height>
						<texture>HomeSeperator.png</texture>
					</control>
					<control type="label">
						<posx>150</posx>
						<posy>0</posy>
						<width>290</width>
						<height>60</height>
						<font>font_MainMenu</font>
						<textcolor>grey3</textcolor>
						<align>center</align>
						<aligny>center</aligny>
						<label>$INFO[ListItem.Label]</label>
					</control>
				</itemlayout>
				<focusedlayout height="60" width="300">
					<control type="image">
						<posx>0</posx>
						<posy>4</posy>
						<width>1</width>
						<height>52</height>
						<texture>HomeSeperator.png</texture>
					</control>
					<control type="image">
						<posx>299</posx>
						<posy>4</posy>
						<width>1</width>
						<height>52</height>
						<texture>HomeSeperator.png</texture>
					</control>
					<control type="label">
						<posx>150</posx>
						<posy>0</posy>
						<width>290</width>
						<height>60</height>
						<font>font_MainMenu</font>
						<textcolor>grey3</textcolor>
						<align>center</align>
						<aligny>center</aligny>
						<label>$INFO[ListItem.Label]</label>
					</control>
					<control type="label">
						<posx>150</posx>
						<posy>0</posy>
						<width>290</width>
						<height>60</height>
						<font>font_MainMenu</font>
						<textcolor>blue</textcolor>
						<align>center</align>
						<aligny>center</aligny>
						<label>$INFO[ListItem.Label]</label>
						<visible>Control.HasFocus(9000)</visible>
						<include>VisibleFadeEffect</include>
					</control>
				</focusedlayout>
				<content>
					<item id="7">
						<label>8</label>
						<onclick>ActivateWindow(Weather)</onclick>
						<icon>-</icon>
						<thumb>-</thumb>
						<visible>!Skin.HasSetting(HomeMenuNoWeatherButton)</visible>
					</item>
					<item id="4">
						<label>1</label>
						<onclick>ActivateWindow(Pictures)</onclick>
						<icon>-</icon>
						<thumb>-</thumb>
						<visible>!Skin.HasSetting(HomeMenuNoPicturesButton)</visible>
					</item>
					<item id="2">
						<label>3</label>
						<onclick>ActivateWindow(Videos,root)</onclick>
						<icon>-</icon>
						<thumb>-</thumb>
						<visible>!Skin.HasSetting(HomeMenuNoVideosButton)</visible>
					</item>
					<item id="10">
						<label>20342</label>
						<onclick>ActivateWindow(VideoLibrary,Movies,return)</onclick>
						<icon>-</icon>
						<thumb>-</thumb>
						<visible>!Skin.HasSetting(HomeMenuNoMoviesButton) + Library.HasContent(Movies)</visible>
					</item>
					<item id="11">
						<label>20343</label>
						<onclick>ActivateWindow(VideoLibrary,TvShows,return)</onclick>
						<icon>-</icon>
						<thumb>-</thumb>
						<visible>!Skin.HasSetting(HomeMenuNoTVShowsButton) + Library.HasContent(TVShows)</visible>
					</item>
					<item id="3">
						<label>2</label>
						<onclick>ActivateWindow(Music,root)</onclick>
						<icon>-</icon>
						<thumb>-</thumb>
						<visible>!Skin.HasSetting(HomeMenuNoMusicButton)</visible>
					</item>
					<item id="1">
						<label>0</label>
						<onclick>ActivateWindow(Programs)</onclick>
						<icon>-</icon>
						<thumb>-</thumb>
						<visible>!Skin.HasSetting(HomeMenuNoProgramsButton)</visible>
					</item>
					<item id="6">
						<label>341</label>
						<onclick>XBMC.PlayDVD()</onclick>
						<icon>-</icon>
						<thumb>-</thumb>
						<visible>System.HasMediaDVD</visible>
					</item>
					<item id="5">
						<label>13000</label>
						<onclick>ActivateWindow(Settings)</onclick>
						<icon>-</icon>
						<thumb>-</thumb>
					</item>
				</content>
			</control>
			<control type="image">
				<posx>0</posx>
				<posy>6</posy>
				<width>128</width>
				<height>50</height>
				<texture>SideFade.png</texture>
			</control>
			<control type="image">
				<posx>128r</posx>
				<posy>6</posy>
				<width>128</width>
				<height>60</height>
				<texture flipx="true">SideFade.png</texture>
			</control>
		</control>
		<control type="button" id="9002">
			<description>Hidden Button to pass through navigation when Plugin is not set</description>
			<posx>-20</posx>
			<posy>-20</posy>
			<width>1</width>
			<height>1</height>
			<label>-</label>
			<font>-</font>
			<texturefocus>-</texturefocus>
			<texturenofocus>-</texturenofocus>
			<onleft>-</onleft>
			<onright>-</onright>
			<onup>-</onup>
			<ondown>-</ondown>
			<visible>false</visible>
		</control>
		<control type="group" id="9002">
			<onup>9001</onup>
			<ondown>20</ondown>
			<control type="fixedlist" id="700">
				<animation effect="slide" start="0,0" end="-91,0" time="0" condition="StringCompare(Container(700).NumItems,2) | StringCompare(Container(700).NumItems,4)">conditional</animation>
				<visible>Container(9000).HasFocus(2) | Container(9000).HasFocus(10) | Container(9000).HasFocus(11)</visible>
				<visible>!IsEmpty(Skin.String(HomeVideosButton1)) | !IsEmpty(Skin.String(HomeVideosButton2)) | !IsEmpty(Skin.String(HomeVideosButton3)) | !IsEmpty(Skin.String(HomeVideosButton4)) | !IsEmpty(Skin.String(HomeVideosButton5))</visible>
				<onleft>700</onleft>
				<onright>700</onright>
				<onup>9001</onup>
				<ondown>20</ondown>
				<include>HomeAddonsCommonLayout</include>
				<content>
					<include>HomeAddonItemsVideos</include>
				</content>
			</control>
			<control type="fixedlist" id="703">
				<animation effect="slide" start="0,0" end="-91,0" time="0" condition="StringCompare(Container(703).NumItems,2) | StringCompare(Container(703).NumItems,4)">conditional</animation>
				<visible>Container(9000).HasFocus(3)</visible>
				<visible>!IsEmpty(Skin.String(HomeMusicButton1)) | !IsEmpty(Skin.String(HomeMusicButton2)) | !IsEmpty(Skin.String(HomeMusicButton3)) | !IsEmpty(Skin.String(HomeMusicButton4)) | !IsEmpty(Skin.String(HomeMusicButton5))</visible>
				<onleft>703</onleft>
				<onright>703</onright>
				<onup>9001</onup>
				<ondown>20</ondown>
				<include>HomeAddonsCommonLayout</include>
				<content>
					<include>HomeAddonItemsMusic</include>
				</content>
			</control>
			<control type="fixedlist" id="704">
				<animation effect="slide" start="0,0" end="-91,0" time="0" condition="StringCompare(Container(704).NumItems,2) | StringCompare(Container(704).NumItems,4)">conditional</animation>
				<visible>Container(9000).HasFocus(4)</visible>
				<visible>!IsEmpty(Skin.String(HomePictureButton1)) | !IsEmpty(Skin.String(HomePictureButton2)) | !IsEmpty(Skin.String(HomePictureButton3)) | !IsEmpty(Skin.String(HomePictureButton4)) | !IsEmpty(Skin.String(HomePictureButton5))</visible>
				<onleft>704</onleft>
				<onright>704</onright>
				<onup>9001</onup>
				<ondown>20</ondown>
				<include>HomeAddonsCommonLayout</include>
				<content>
					<include>HomeAddonItemsPictures</include>
				</content>
			</control>
			<control type="fixedlist" id="705">
				<animation effect="slide" start="0,0" end="-91,0" time="0" condition="StringCompare(Container(705).NumItems,2) | StringCompare(Container(705).NumItems,4)">conditional</animation>
				<visible>Container(9000).HasFocus(1)</visible>
				<visible>!IsEmpty(Skin.String(HomeProgramButton1)) | !IsEmpty(Skin.String(HomeProgramButton2)) | !IsEmpty(Skin.String(HomeProgramButton3)) | !IsEmpty(Skin.String(HomeProgramButton4)) | !IsEmpty(Skin.String(HomeProgramButton5))</visible>
				<onleft>705</onleft>
				<onright>705</onright>
				<onup>9001</onup>
				<ondown>20</ondown>
				<include>HomeAddonsCommonLayout</include>
				<content>
					<include>HomeAddonItemsPrograms</include>
				</content>
			</control>
		</control>
		<control type="group">
			<posx>0</posx>
			<posy>33r</posy>
			<visible>system.getbool(lookandfeel.enablerssfeeds)</visible>
			<include>Window_OpenClose_Animation</include>
			<control type="rss">
				<description>RSS feed</description>
				<posx>100</posx>
				<posy>0</posy>
				<height>30</height>
				<width>1145</width>
				<font>font12</font>
				<urlset>1</urlset>
				<textcolor>blue</textcolor>
				<titlecolor>blue</titlecolor>
				<headlinecolor>white</headlinecolor>
			</control>
			<control type="image">
				<description>RSS background</description>
				<posx>1250</posx>
				<posy>2</posy>
				<width>24</width>
				<height>24</height>
				<texture>icon-rss.png</texture>
			</control>
		</control>
		<control type="group" id="10">
			<posx>20</posx>
			<posy>55r</posy>
			<include>Window_OpenClose_Animation</include>
			<control type="button" id="20">
				<description>Power push button</description>
				<posx>55</posx>
				<posy>0</posy>
				<width>45</width>
				<height>45</height>
				<label>31003</label>
				<font>-</font>
				<aligny>-</aligny>
				<onclick>ActivateWindow(ShutdownMenu)</onclick>
				<texturefocus border="5">floor_buttonFO.png</texturefocus>
				<texturenofocus border="5">floor_button.png</texturenofocus>
				<onleft>21</onleft>
				<onright>21</onright>
				<onup>9002</onup>
				<ondown>9003</ondown>
			</control>
			<control type="image">
				<description>Power Icon</description>
				<posx>60</posx>
				<posy>5</posy>
				<width>35</width>
				<height>35</height>
				<aspectratio>keep</aspectratio>
				<texture>icon_power.png</texture>
			</control>
			<control type="button" id="21">
				<description>Favourites push button</description>
				<posx>0</posx>
				<posy>0</posy>
				<width>45</width>
				<height>45</height>
				<label>1036</label>
				<font>-</font>
				<aligny>-</aligny>
				<onclick>ActivateWindow(Favourites)</onclick>
				<texturefocus border="5">floor_buttonFO.png</texturefocus>
				<texturenofocus border="5">floor_button.png</texturenofocus>
				<onleft>20</onleft>
				<onright>20</onright>
				<onup>9002</onup>
				<ondown>9003</ondown>
			</control>
			<control type="image">
				<description>Favourites Icon</description>
				<posx>5</posx>
				<posy>5</posy>
				<width>35</width>
				<height>35</height>
				<aspectratio>keep</aspectratio>
				<texture>icon_favourites.png</texture>
			</control>
		</control>
		<control type="group">
			<posx>20</posx>
			<posy>0</posy>
			<visible>Skin.HasSetting(homepageWeatherinfo)</visible>
			<include>Window_OpenClose_Animation</include>
			<control type="image">
				<description>Weather image</description>
				<posx>0</posx>
				<posy>0</posy>
				<width>60</width>
				<height>60</height>
				<aspectratio>keep</aspectratio>
				<texture>$INFO[Weather.Conditions]</texture>
			</control>
			<control type="label">
				<description>Location label</description>
				<posx>65</posx>
				<posy>5</posy>
				<width>500</width>
				<height>15</height>
				<align>left</align>
				<aligny>center</aligny>
				<font>font10</font>
				<textcolor>white</textcolor>
				<shadowcolor>black</shadowcolor>
				<label>$INFO[Window(Weather).Property(Location)]</label>
			</control>
			<control type="grouplist">
				<posx>65</posx>
				<posy>20</posy>
				<width>1000</width>
				<height>30</height>
				<orientation>horizontal</orientation>
				<align>left</align>
				<itemgap>0</itemgap>
				<control type="label">
					<description>Temp label</description>
					<width min="0" max="300">auto</width>
					<height>30</height>
					<align>left</align>
					<aligny>center</aligny>
					<font>font28_title</font>
					<textcolor>white</textcolor>
					<shadowcolor>black</shadowcolor>
					<label>[B]$INFO[Window(Weather).Property(Current.Temperature)][/B]</label>
				</control>
				<control type="label">
					<description>Temp Units</description>
					<width min="0" max="100">auto</width>
					<height>22</height>
					<font>font10</font>
					<aligny>center</aligny>
					<label>$INFO[System.TemperatureUnits]</label>
					<textcolor>white</textcolor>
					<shadowcolor>black</shadowcolor>
					<visible>!IsEmpty(Window(Weather).Property(Current.Temperature))</visible>
				</control>
				<control type="label">
					<description>Conditions Label</description>
					<width>500</width>
					<height>22</height>
					<font>font10</font>
					<aligny>center</aligny>
					<label>$INFO[Window(Weather).Property(Current.Condition),  ]</label>
					<textcolor>grey2</textcolor>
					<shadowcolor>black</shadowcolor>
				</control>
			</control>
		</control>
		<include>Clock</include>
		<control type="label">
			<description>Date label</description>
			<posx>20r</posx>
			<posy>35</posy>
			<width>200</width>
			<height>15</height>
			<align>right</align>
			<aligny>center</aligny>
			<font>font10</font>
			<textcolor>white</textcolor>
			<shadowcolor>black</shadowcolor>
			<label>$INFO[System.Date]</label>
			<include>Window_OpenClose_Animation</include>
			<animation effect="slide" start="0,0" end="-40,0" time="100" condition="Window.IsVisible(Mutebug)">conditional</animation>
		</control>
	</controls>	
</window>