<includes>
	<include name="HomeSubMenuVideos">
		<control type="image" id="90101">
			<width>35</width>
			<height>35</height>
			<texture border="0,0,0,3" flipx="true">HomeSubEnd.png</texture>
		</control>
		<control type="button" id="90102">
			<include>ButtonHomeSubCommonValues</include>
			<label>342</label>
			<onclick>ActivateWindow(VideoLibrary,MovieTitles,return)</onclick>
			<visible>Library.HasContent(Movies) + Skin.HasSetting(HomeMenuNoMoviesButton)</visible>
		</control>
		<control type="button" id="90103">
			<include>ButtonHomeSubCommonValues</include>
			<label>20343</label>
			<onclick>ActivateWindow(VideoLibrary,TvShowTitles,return)</onclick>
			<visible>Library.HasContent(TVShows) + Skin.HasSetting(HomeMenuNoTVShowsButton)</visible>
		</control>
		<control type="button" id="90104">
			<include>ButtonHomeSubCommonValues</include>
			<label>20389</label>
			<onclick>ActivateWindow(VideoLibrary,MusicVideoTitles,return)</onclick>
			<visible>Library.HasContent(MusicVideos)</visible>
		</control>
		<control type="button" id="90105">
			<include>ButtonHomeSubCommonValues</include>
			<label>744</label>
			<onclick>ActivateWindow(VideoFiles,root)</onclick>
		</control>
		<control type="button" id="90106">
			<include>ButtonHomeSubCommonValues</include>
			<label>14022</label>
			<onclick>ActivateWindow(VideoLibrary,root)</onclick>
			<visible>Library.HasContent(Video)</visible>
		</control>
		<control type="button" id="90107">
			<include>ButtonHomeSubCommonValues</include>
			<label>31251</label>
			<onclick>ActivateWindow(VideoLibrary,Plugins,return)</onclick>
			<visible>Library.HasContent(Video)</visible>
		</control>
		<control type="button" id="90108">
			<include>ButtonHomeSubCommonValues</include>
			<label>31251</label>
			<onclick>ActivateWindow(VideoFiles,Plugins,return)</onclick>
			<visible>!Library.HasContent(Video)</visible>
		</control>
		<control type="image" id="90109">
			<width>35</width>
			<height>35</height>
			<texture border="0,0,0,3">HomeSubEnd.png</texture>
		</control>
	</include>
	<include name="HomeSubMenuMovies">
		<control type="image" id="90161">
			<width>35</width>
			<height>35</height>
			<texture border="0,0,0,3" flipx="true">HomeSubEnd.png</texture>
		</control>
		<control type="button" id="90162">
			<include>ButtonHomeSubCommonValues</include>
			<label>31328</label>
			<onclick>ActivateWindow(VideoLibrary,RecentlyAddedMovies,return)</onclick>
		</control>
		<control type="button" id="90163">
			<include>ButtonHomeSubCommonValues</include>
			<label>20434</label>
			<onclick>ActivateWindow(VideoLibrary,MovieSets,return)</onclick>
			<visible>Library.HasContent(MovieSets)</visible>
		</control>
		<control type="button" id="90164">
			<include>ButtonHomeSubCommonValues</include>
			<label>369</label>
			<onclick>ActivateWindow(VideoLibrary,MovieTitles,return)</onclick>
		</control>
		<control type="button" id="90165">
			<include>ButtonHomeSubCommonValues</include>
			<label>135</label>
			<onclick>ActivateWindow(VideoLibrary,MovieGenres,return)</onclick>
		</control>
		<control type="button" id="90166">
			<include>ButtonHomeSubCommonValues</include>
			<label>652</label>
			<onclick>ActivateWindow(VideoLibrary,MovieYears,return)</onclick>
		</control>
		<control type="button" id="90167">
			<include>ButtonHomeSubCommonValues</include>
			<label>344</label>
			<onclick>ActivateWindow(VideoLibrary,MovieActors,return)</onclick>
		</control>
		<control type="image" id="90168">
			<width>35</width>
			<height>35</height>
			<texture border="0,0,0,3">HomeSubEnd.png</texture>
		</control>
	</include>
	<include name="HomeSubMenuTVShows">
		<control type="image" id="90171">
			<width>35</width>
			<height>35</height>
			<texture border="0,0,0,3" flipx="true">HomeSubEnd.png</texture>
		</control>
		<control type="button" id="90172">
			<include>ButtonHomeSubCommonValues</include>
			<label>31328</label>
			<onclick>ActivateWindow(VideoLibrary,RecentlyAddedEpisodes,return)</onclick>
		</control>
		<control type="button" id="90173">
			<include>ButtonHomeSubCommonValues</include>
			<label>369</label>
			<onclick>ActivateWindow(VideoLibrary,TVShowTitles,return)</onclick>
		</control>
		<control type="button" id="90174">
			<include>ButtonHomeSubCommonValues</include>
			<label>135</label>
			<onclick>ActivateWindow(VideoLibrary,TVShowGenres,return)</onclick>
		</control>
		<control type="button" id="90175">
			<include>ButtonHomeSubCommonValues</include>
			<label>652</label>
			<onclick>ActivateWindow(VideoLibrary,TVShowYears,return)</onclick>
		</control>
		<control type="button" id="90176">
			<include>ButtonHomeSubCommonValues</include>
			<label>344</label>
			<onclick>ActivateWindow(VideoLibrary,TVShowActors,return)</onclick>
		</control>
		<control type="image" id="90177">
			<width>35</width>
			<height>35</height>
			<texture border="0,0,0,3">HomeSubEnd.png</texture>
		</control>
	</include>
	<include name="HomeSubMenuPrograms">
		<control type="image" id="90181">
			<width>35</width>
			<height>35</height>
			<texture border="0,0,0,3" flipx="true">HomeSubEnd.png</texture>
		</control>
		<control type="button" id="90182">
			<include>ButtonHomeSubCommonValues</include>
			<label>31271</label>
			<onclick>ActivateWindow(Programs,Apps,return)</onclick>
		</control>
		<control type="button" id="90183">
			<include>ButtonHomeSubCommonValues</include>
			<label>15016</label>
			<onclick>ActivateWindow(Programs,Games,return)</onclick>
		</control>
		<control type="button" id="90184">
			<include>ButtonHomeSubCommonValues</include>
			<label>31272</label>
			<onclick>ActivateWindow(Programs,Emulators,return)</onclick>
		</control>
		<control type="button" id="90185">
			<include>ButtonHomeSubCommonValues</include>
			<label>247</label>
			<onclick>ActivateWindow(Scripts,return)</onclick>
		</control>
		<control type="button" id="90186">
			<include>ButtonHomeSubCommonValues</include>
			<label>31251</label>
			<onclick>ActivateWindow(Programs,Plugins,return)</onclick>
		</control>
		<control type="image" id="90188">
			<width>35</width>
			<height>35</height>
			<texture border="0,0,0,3">HomeSubEnd.png</texture>
		</control>
	</include>	
	<include name="HomeSubMenuMusic">
		<control type="image" id="90111">
			<width>35</width>
			<height>35</height>
			<texture border="0,0,0,3" flipx="true">HomeSubEnd.png</texture>
		</control>
		<control type="button" id="90112">
			<include>ButtonHomeSubCommonValues</include>
			<label>133</label>
			<onclick>ActivateWindow(MusicLibrary,Artists,return)</onclick>
			<visible>Library.HasContent(Music)</visible>
		</control>
		<control type="button" id="90113">
			<include>ButtonHomeSubCommonValues</include>
			<label>132</label>
			<onclick>ActivateWindow(MusicLibrary,Albums,return)</onclick>
			<visible>Library.HasContent(Music)</visible>
		</control>
		<control type="button" id="90114">
			<include>ButtonHomeSubCommonValues</include>
			<label>134</label>
			<onclick>ActivateWindow(MusicLibrary,Songs,return)</onclick>
			<visible>Library.HasContent(Music)</visible>
		</control>
		<control type="button" id="90115">
			<include>ButtonHomeSubCommonValues</include>
			<label>744</label>
			<onclick>ActivateWindow(MusicFiles,root)</onclick>
		</control>
		<control type="button" id="90116">
			<include>ButtonHomeSubCommonValues</include>
			<label>14022</label>
			<onclick>ActivateWindow(MusicLibrary,root)</onclick>
			<visible>Library.HasContent(Music)</visible>
		</control>
		<control type="button" id="90117">
			<include>ButtonHomeSubCommonValues</include>
			<label>31251</label>
			<onclick>ActivateWindow(MusicLibrary,Plugins,return)</onclick>
			<visible>Library.HasContent(Music)</visible>
		</control>
		<control type="button" id="90118">
			<include>ButtonHomeSubCommonValues</include>
			<label>31251</label>
			<onclick>ActivateWindow(MusicFiles,Plugins,return)</onclick>
			<visible>!Library.HasContent(Music)</visible>
		</control>
		<control type="image" id="90119">
			<width>35</width>
			<height>35</height>
			<texture border="0,0,0,3">HomeSubEnd.png</texture>
		</control>
	</include>
	<include name="HomeSubMenuSystem">
		<control type="image" id="90121">
			<width>35</width>
			<height>35</height>
			<texture border="0,0,0,3" flipx="true">HomeSubEnd.png</texture>
		</control>
		<control type="button" id="90122">
			<include>ButtonHomeSubCommonValues</include>
			<label>5</label>
			<onclick>ActivateWindow(Settings)</onclick>
		</control>
		<control type="button" id="90123">
			<include>ButtonHomeSubCommonValues</include>
			<label>7</label>
			<onclick>ActivateWindow(FileManager)</onclick>
		</control>
		<control type="button" id="90124">
			<include>ButtonHomeSubCommonValues</include>
			<label>13200</label>
			<onclick>ActivateWindow(Profiles)</onclick>
		</control>
		<control type="button" id="90125">
			<include>ButtonHomeSubCommonValues</include>
			<label>130</label>
			<onclick>ActivateWindow(SystemInfo)</onclick>
		</control>
		<control type="image" id="90126">
			<width>35</width>
			<height>35</height>
			<texture border="0,0,0,3">HomeSubEnd.png</texture>
		</control>
	</include>
	<include name="HomeSubMenuPlayDisc">
		<control type="image" id="90131">
			<width>35</width>
			<height>35</height>
			<texture border="0,0,0,3" flipx="true">HomeSubEnd.png</texture>
		</control>
		<control type="button" id="90132">
			<include>ButtonHomeSubCommonValues</include>
			<label>13391</label>
			<onclick>SetFocus(9000)</onclick>
			<onclick>EjectTray()</onclick>
		</control>
		<control type="image" id="90126">
			<width>35</width>
			<height>35</height>
			<texture border="0,0,0,3">HomeSubEnd.png</texture>
		</control>
	</include>
	<include name="HomeSubMenuPictures">
		<control type="image" id="90141">
			<width>35</width>
			<height>35</height>
			<texture border="0,0,0,3" flipx="true">HomeSubEnd.png</texture>
		</control>
		<control type="button" id="90142">
			<include>ButtonHomeSubCommonValues</include>
			<label>31251</label>
			<onclick>ActivateWindow(Pictures,Plugins,return)</onclick>
		</control>
		<control type="image" id="90146">
			<width>35</width>
			<height>35</height>
			<texture border="0,0,0,3">HomeSubEnd.png</texture>
		</control>
	</include>
	<include name="HomeAddonItemsVideos">
		<item>
			<label>$INFO[Skin.String(HomeVideosButton1)]</label>
			<onclick>ActivateWindow(24,plugin://video/$INFO[Skin.String(HomeVideosButton1)])</onclick>
			<icon>special://xbmc/plugins/video/$INFO[Skin.String(HomeVideosButton1)]/default.tbn</icon>
			<thumb>-</thumb>
			<visible>!IsEmpty(Skin.String(HomeVideosButton1))</visible>
		</item>
		<item>
			<label>$INFO[Skin.String(HomeVideosButton2)]</label>
			<onclick>ActivateWindow(24,plugin://video/$INFO[Skin.String(HomeVideosButton2)])</onclick>
			<icon>special://xbmc/plugins/video/$INFO[Skin.String(HomeVideosButton2)]/default.tbn</icon>
			<thumb>-</thumb>
			<visible>!IsEmpty(Skin.String(HomeVideosButton2))</visible>
		</item>
		<item>
			<label>$INFO[Skin.String(HomeVideosButton3)]</label>
			<onclick>ActivateWindow(24,plugin://video/$INFO[Skin.String(HomeVideosButton3)])</onclick>
			<icon>special://xbmc/plugins/video/$INFO[Skin.String(HomeVideosButton3)]/default.tbn</icon>
			<thumb>-</thumb>
			<visible>!IsEmpty(Skin.String(HomeVideosButton3))</visible>
		</item>
		<item>
			<label>$INFO[Skin.String(HomeVideosButton4)]</label>
			<onclick>ActivateWindow(24,plugin://video/$INFO[Skin.String(HomeVideosButton4)])</onclick>
			<icon>special://xbmc/plugins/video/$INFO[Skin.String(HomeVideosButton4)]/default.tbn</icon>
			<thumb>-</thumb>
			<visible>!IsEmpty(Skin.String(HomeVideosButton4))</visible>
		</item>
		<item>
			<label>$INFO[Skin.String(HomeVideosButton5)]</label>
			<onclick>ActivateWindow(24,plugin://video/$INFO[Skin.String(HomeVideosButton5)])</onclick>
			<icon>special://xbmc/plugins/video/$INFO[Skin.String(HomeVideosButton5)]/default.tbn</icon>
			<thumb>-</thumb>
			<visible>!IsEmpty(Skin.String(HomeVideosButton5))</visible>
		</item>
	</include>
	<include name="HomeAddonItemsMusic">
		<item>
			<label>$INFO[Skin.String(HomeMusicButton1)]</label>
			<onclick>ActivateWindow(501,plugin://music/$INFO[Skin.String(HomeMusicButton1)])</onclick>
			<icon>special://xbmc/plugins/music/$INFO[Skin.String(HomeMusicButton1)]/default.tbn</icon>
			<thumb>-</thumb>
			<visible>!IsEmpty(Skin.String(HomeMusicButton1))</visible>
		</item>
		<item>
			<label>$INFO[Skin.String(HomeMusicButton2)]</label>
			<onclick>ActivateWindow(501,plugin://music/$INFO[Skin.String(HomeMusicButton2)])</onclick>
			<icon>special://xbmc/plugins/music/$INFO[Skin.String(HomeMusicButton2)]/default.tbn</icon>
			<thumb>-</thumb>
			<visible>!IsEmpty(Skin.String(HomeMusicButton2))</visible>
		</item>
		<item>
			<label>$INFO[Skin.String(HomeMusicButton3)]</label>
			<onclick>ActivateWindow(501,plugin://music/$INFO[Skin.String(HomeMusicButton3)])</onclick>
			<icon>special://xbmc/plugins/music/$INFO[Skin.String(HomeMusicButton3)]/default.tbn</icon>
			<thumb>-</thumb>
			<visible>!IsEmpty(Skin.String(HomeMusicButton3))</visible>
		</item>
		<item>
			<label>$INFO[Skin.String(HomeMusicButton4)]</label>
			<onclick>ActivateWindow(501,plugin://music/$INFO[Skin.String(HomeMusicButton4)])</onclick>
			<icon>special://xbmc/plugins/music/$INFO[Skin.String(HomeMusicButton4)]/default.tbn</icon>
			<thumb>-</thumb>
			<visible>!IsEmpty(Skin.String(HomeMusicButton4))</visible>
		</item>
		<item>
			<label>$INFO[Skin.String(HomeMusicButton5)]</label>
			<onclick>ActivateWindow(501,plugin://music/$INFO[Skin.String(HomeMusicButton5)])</onclick>
			<icon>special://xbmc/plugins/music/$INFO[Skin.String(HomeMusicButton5)]/default.tbn</icon>
			<thumb>-</thumb>
			<visible>!IsEmpty(Skin.String(HomeMusicButton5))</visible>
		</item>
	</include>
	<include name="HomeAddonItemsPictures">
		<item>
			<label>$INFO[Skin.String(HomePictureButton1)]</label>
			<onclick>ActivateWindow(2,plugin://pictures/$INFO[Skin.String(HomePictureButton1)])</onclick>
			<icon>special://xbmc/plugins/pictures/$INFO[Skin.String(HomePictureButton1)]/default.tbn</icon>
			<thumb>-</thumb>
			<visible>!IsEmpty(Skin.String(HomePictureButton1))</visible>
		</item>
		<item>
			<label>$INFO[Skin.String(HomePictureButton2)]</label>
			<onclick>ActivateWindow(2,plugin://pictures/$INFO[Skin.String(HomePictureButton2)])</onclick>
			<icon>special://xbmc/plugins/pictures/$INFO[Skin.String(HomePictureButton2)]/default.tbn</icon>
			<thumb>-</thumb>
			<visible>!IsEmpty(Skin.String(HomePictureButton2))</visible>
		</item>
		<item>
			<label>$INFO[Skin.String(HomePictureButton3)]</label>
			<onclick>ActivateWindow(2,plugin://pictures/$INFO[Skin.String(HomePictureButton3)])</onclick>
			<icon>special://xbmc/plugins/pictures/$INFO[Skin.String(HomePictureButton3)]/default.tbn</icon>
			<thumb>-</thumb>
			<visible>!IsEmpty(Skin.String(HomePictureButton3))</visible>
		</item>
		<item>
			<label>$INFO[Skin.String(HomePictureButton4)]</label>
			<onclick>ActivateWindow(2,plugin://pictures/$INFO[Skin.String(HomePictureButton4)])</onclick>
			<icon>special://xbmc/plugins/pictures/$INFO[Skin.String(HomePictureButton4)]/default.tbn</icon>
			<thumb>-</thumb>
			<visible>!IsEmpty(Skin.String(HomePictureButton4))</visible>
		</item>
		<item>
			<label>$INFO[Skin.String(HomePictureButton5)]</label>
			<onclick>ActivateWindow(2,plugin://pictures/$INFO[Skin.String(HomePictureButton5)])</onclick>
			<icon>special://xbmc/plugins/pictures/$INFO[Skin.String(HomePictureButton5)]/default.tbn</icon>
			<thumb>-</thumb>
			<visible>!IsEmpty(Skin.String(HomePictureButton5))</visible>
		</item>
	</include>
	<include name="HomeAddonItemsPrograms">
		<item>
			<label>$INFO[Skin.String(HomeProgramButton1)]</label>
			<onclick>ActivateWindow(1,plugin://programs/$INFO[Skin.String(HomeProgramButton1)])</onclick>
			<icon>special://xbmc/plugins/programs/$INFO[Skin.String(HomeProgramButton1)]/default.tbn</icon>
			<thumb>-</thumb>
			<visible>!IsEmpty(Skin.String(HomeProgramButton1))</visible>
		</item>
		<item>
			<label>$INFO[Skin.String(HomeProgramButton2)]</label>
			<onclick>ActivateWindow(1,plugin://programs/$INFO[Skin.String(HomeProgramButton2)])</onclick>
			<icon>special://xbmc/plugins/programs/$INFO[Skin.String(HomeProgramButton2)]/default.tbn</icon>
			<thumb>-</thumb>
			<visible>!IsEmpty(Skin.String(HomeProgramButton2))</visible>
		</item>
		<item>
			<label>$INFO[Skin.String(HomeProgramButton3)]</label>
			<onclick>ActivateWindow(1,plugin://programs/$INFO[Skin.String(HomeProgramButton3)])</onclick>
			<icon>special://xbmc/plugins/programs/$INFO[Skin.String(HomeProgramButton3)]/default.tbn</icon>
			<thumb>-</thumb>
			<visible>!IsEmpty(Skin.String(HomeProgramButton3))</visible>
		</item>
		<item>
			<label>$INFO[Skin.String(HomeProgramButton4)]</label>
			<onclick>ActivateWindow(1,plugin://programs/$INFO[Skin.String(HomeProgramButton4)])</onclick>
			<icon>special://xbmc/plugins/programs/$INFO[Skin.String(ProgramButton4)]/default.tbn</icon>
			<thumb>-</thumb>
			<visible>!IsEmpty(Skin.String(HomeProgramButton4))</visible>
		</item>
		<item>
			<label>$INFO[Skin.String(HomeProgramButton5)]</label>
			<onclick>ActivateWindow(1,plugin://programs/$INFO[Skin.String(HomeProgramButton5)])</onclick>
			<icon>special://xbmc/plugins/programs/$INFO[Skin.String(HomeProgramButton5)]/default.tbn</icon>
			<thumb>-</thumb>
			<visible>!IsEmpty(Skin.String(HomeProgramButton5))</visible>
		</item>
	</include>
	<include name="CurrentlyPlayingMediaControls">
		<control type="group">
			<description>Controls for currently playing media</description>
			<posx>545r</posx>
			<posy>370</posy>
			<animation effect="slide" start="0,0" end="365,0" time="300" condition="!Player.HasMedia">conditional</animation>
			<animation type="WindowOpen" reversible="false">
				<effect type="zoom" start="80" end="100" center="640,360" easing="out" tween="back" time="300" />
				<effect type="fade" start="0" end="100" time="300" />
			</animation>
			<animation type="WindowClose" reversible="false">
				<effect type="zoom" start="100" end="80" center="640,360" easing="in" tween="back" time="300" />
				<effect type="fade" start="100" end="0" time="300" />
			</animation>
			<control type="image">
				<description>Background End image</description>
				<posx>0</posx>
				<posy>0</posy>
				<width>35</width>
				<height>35</height>
				<colordiffuse>CCFFFFFF</colordiffuse>
				<texture flipy="true" border="0,5,0,0" flipx="true">HomeSubEnd.png</texture>
			</control>
			<control type="radiobutton" id="608">
				<colordiffuse>CCFFFFFF</colordiffuse>
				<description>Content Search</description>
				<posx>35</posx>
				<posy>0</posy>
				<height>35</height>
				<width>145</width>
				<textwidth>150</textwidth>
				<textoffsetx>10</textoffsetx>
				<align>left</align>
				<aligny>center</aligny>
				<font>font12</font>
				<textcolor>grey2</textcolor>
				<focusedcolor>white</focusedcolor>
				<texturefocus flipy="true" border="5">HomeSubFO.png</texturefocus>
				<texturenofocus flipy="true" border="5">HomeSubNF.png</texturenofocus>
				<pulseonselect>false</pulseonselect>
				<label>137</label>
				<onclick>XBMC.RunScript(special://skin/scripts/content.search.py)</onclick>
				<textureradiofocus>icon_search.png</textureradiofocus>
				<textureradionofocus>icon_search.png</textureradionofocus>
				<onleft>607</onleft>
				<onright>601</onright>
				<onup>9003</onup>
				<ondown>9000</ondown>
			</control>
			<control type="group" id="600">
				<posx>180</posx>
				<onup>9003</onup>
				<ondown>9000</ondown>
				<defaultcontrol>-</defaultcontrol>
				<enable>Player.HasMedia</enable>
				<control type="image">
					<description>Background image</description>
					<posx>0</posx>
					<posy>0</posy>
					<width>205</width>
					<height>35</height>
					<texture flipy="true" border="0,5,0,0">HomeSubNF.png</texture>
					<colordiffuse>CCFFFFFF</colordiffuse>
				</control>
				<control type="button" id="601">
					<posx>10</posx>
					<posy>2</posy>
					<width>30</width>
					<height>30</height>
					<label>-</label>
					<texturefocus>OSDPrevTrackFO.png</texturefocus>
					<texturenofocus>OSDPrevTrackNF.png</texturenofocus>
					<onleft>608</onleft>
					<onright>602</onright>
					<onup>9003</onup>
					<ondown>9000</ondown>
					<onclick>XBMC.PlayerControl(Previous)</onclick>
				</control>
				<control type="button" id="602">
					<posx>40</posx>
					<posy>2</posy>
					<width>30</width>
					<height>30</height>
					<label>-</label>
					<texturefocus>OSDRewindFO.png</texturefocus>
					<texturenofocus>OSDRewindNF.png</texturenofocus>
					<onleft>601</onleft>
					<onright>603</onright>
					<onup>9003</onup>
					<ondown>9000</ondown>
					<onclick>XBMC.PlayerControl(Rewind)</onclick>
				</control>
				<control type="togglebutton" id="603">
					<posx>70</posx>
					<posy>2</posy>
					<width>30</width>
					<height>30</height>
					<label>-</label>
					<texturefocus>OSDPauseFO.png</texturefocus>
					<texturenofocus>OSDPauseNF.png</texturenofocus>
					<usealttexture>Player.Paused | Player.Forwarding | Player.Rewinding</usealttexture>
					<alttexturefocus>OSDPlayFO.png</alttexturefocus>
					<alttexturenofocus>OSDPlayNF.png</alttexturenofocus>
					<onleft>602</onleft>
					<onright>604</onright>
					<onup>9003</onup>
					<ondown>9000</ondown>
					<onclick>XBMC.PlayerControl(Play)</onclick>
				</control>
				<control type="button" id="604">
					<posx>100</posx>
					<posy>2</posy>
					<width>30</width>
					<height>30</height>
					<label>-</label>
					<texturefocus>OSDStopFO.png</texturefocus>
					<texturenofocus>OSDStopNF.png</texturenofocus>
					<onleft>603</onleft>
					<onright>605</onright>
					<onup>9003</onup>
					<ondown>9000</ondown>
					<onclick>down</onclick>
					<onclick>XBMC.PlayerControl(Stop)</onclick>
				</control>
				<control type="button" id="605">
					<posx>130</posx>
					<posy>2</posy>
					<width>30</width>
					<height>30</height>
					<label>-</label>
					<texturefocus>OSDForwardFO.png</texturefocus>
					<texturenofocus>OSDForwardNF.png</texturenofocus>
					<onleft>604</onleft>
					<onright>606</onright>
					<onup>9003</onup>
					<ondown>9000</ondown>
					<onclick>XBMC.PlayerControl(Forward)</onclick>
				</control>
				<control type="button" id="606">
					<posx>160</posx>
					<posy>2</posy>
					<width>30</width>
					<height>30</height>
					<label>-</label>
					<texturefocus>OSDNextTrackFO.png</texturefocus>
					<texturenofocus>OSDNextTrackNF.png</texturenofocus>
					<onleft>605</onleft>
					<onright>607</onright>
					<onup>9003</onup>
					<ondown>9000</ondown>
					<onclick>XBMC.PlayerControl(Next)</onclick>
				</control>
			</control>
			<control type="radiobutton" id="607">
				<colordiffuse>CCFFFFFF</colordiffuse>
				<description>Go to fullscreen Playback</description>
				<posx>385</posx>
				<posy>0</posy>
				<height>35</height>
				<width>160</width>
				<textwidth>150</textwidth>
				<textoffsetx>10</textoffsetx>
				<align>left</align>
				<aligny>center</aligny>
				<font>font12</font>
				<textcolor>grey2</textcolor>
				<focusedcolor>white</focusedcolor>
				<texturefocus flipy="true" border="5">HomeSubFO.png</texturefocus>
				<texturenofocus flipy="true" border="5">HomeSubNF.png</texturenofocus>
				<pulseonselect>false</pulseonselect>
				<label>31008</label>
				<onclick>fullscreen</onclick>
				<textureradiofocus>GoFullscreen.png</textureradiofocus>
				<textureradionofocus>GoFullscreen.png</textureradionofocus>
				<onleft>606</onleft>
				<onright>608</onright>
				<onup>9003</onup>
				<ondown>9000</ondown>
				<enable>Player.HasMedia</enable>
			</control>
		</control>
	</include>
</includes>