<window id="6">
	<defaultcontrol always="true">50</defaultcontrol>
	<allowoverlay>no</allowoverlay>
	<views>50,51,500,501,508,504,503,505,511</views>

<!--
<onload condition="Skin.HasSetting(ActivateTvTunes)">XBMC.RunScript(special://scripts/TvTunes/default.py,backend=True&amp;loop=False)</onload>
-->
	
	<controls>
		<include>CommonBackground</include>
		<include>ContentPanelBackgrounds</include>
		<control type="group">
			<include>Window_OpenClose_Animation</include>		
			<include>CommonRootView</include> <!-- view id = 50 -->
			<include>FullWidthList</include> <!-- view id = 51 -->
			<include>ThumbnailView</include> <!-- view id = 500 -->
			<include>PosterWrapView</include> <!-- view id = 501 -->
			<include>PosterWrapView2_Fanart</include> <!-- view id = 508 -->
			<include>MediaListView3</include> <!-- view id = 503 -->
			<include>MediaListView2</include> <!-- view id = 504 -->
			<include>WideIconView</include> <!-- view id = 505 -->
			<include>MusicVideoInfoListView</include> <!-- view id = 511 -->
		</control>
		<include>CommonPageCount</include>
		<include>CommonNowPlaying</include>
		<include>MainWindowMouseButtons</include>
		<include>BehindDialogFadeOut</include>
		<include>ScrollOffsetLabel</include>
		<control type="image">
			<description>Section header image</description>
			<posx>20</posx>
			<posy>3</posy>
			<width>35</width>
			<height>35</height>
			<aspectratio>keep</aspectratio>
			<texture>icon_video.png</texture>
		</control>
		<control type="grouplist">
			<posx>65</posx>
			<posy>5</posy>
			<width>1000</width>
			<height>30</height>
			<orientation>horizontal</orientation>
			<align>left</align>
			<itemgap>5</itemgap>
			<control type="label">
				<include>WindowTitleCommons</include>
				<label>$LOCALIZE[31021]</label>
			</control>
			<control type="label">
				<include>WindowTitleCommons</include>
				<label>[COLOR=blue] - [/COLOR]$INFO[Container.FolderName]</label>
				<visible>!IsEmpty(Container.FolderName)</visible>
			</control>
		</control>
		<control type="group">
			<posx>-250</posx>
			<include>SideBladeLeft</include>
			<control type="grouplist" id="9000">
				<posx>0</posx>
				<posy>110</posy>
				<width>250</width>
				<height>600</height>
				<onleft>9000</onleft>
				<onright>50</onright>
				<onup>9000</onup>
				<ondown>9000</ondown>
				<onback>50</onback>
				<itemgap>0</itemgap>
				<control type="label" id="200">
					<width>250</width>
					<height>35</height>
					<font>font12</font>
					<label>31006</label>
					<textcolor>blue</textcolor>
					<align>center</align>
					<aligny>center</aligny>
				</control>
				<control type="button" id="2">
					<description>View As button</description>
					<textwidth>235</textwidth>
					<include>ButtonCommonValues</include>
					<label>-</label>
				</control>
				<control type="button" id="3">
					<description>Sort by button</description>
					<include>ButtonCommonValues</include>
					<label>103</label>
				</control>
				<control type="togglebutton" id="4">
					<description>Sort asc</description>
					<include>ButtonCommonValues</include>
					<alttexturefocus border="5">button-focus.png</alttexturefocus>
					<alttexturenofocus>-</alttexturenofocus>
					<label>31051</label>
					<altlabel>31050</altlabel>
					<usealttexture>Container.SortDirection(Ascending)</usealttexture>
				</control>
				<control type="radiobutton" id="99">
					<description>Library button</description>
					<label>$LOCALIZE[29800]</label>
					<onclick>ReplaceWindow(VideoLibrary)</onclick>
					<selected>Window.IsVisible(VideoLibrary)</selected>
					<include>ButtonCommonValues</include>
					<enable>Library.HasContent(Video)</enable>
				</control>
				<control type="edit" id="19">
					<description>Filter</description>
					<textwidth>230</textwidth>
					<include>ButtonCommonValues</include>
					<label>587</label>
				</control>
				<control type="radiobutton" id="100">
					<description>Show Info Toggle</description>
					<textwidth>170</textwidth>
					<include>ButtonCommonValues</include>
					<label>31005</label>
					<onclick>Skin.ToggleSetting(View508HideInfo)</onclick>
					<selected>Skin.HasSetting(View508HideInfo)</selected>
					<visible>Control.IsVisible(508)</visible>
				</control>
				<control type="label" id="201">
					<width>250</width>
					<height>35</height>
					<font>font12</font>
					<label>31026</label>
					<textcolor>blue</textcolor>
					<align>center</align>
					<aligny>center</aligny>
				</control>
				<control type="radiobutton" id="14">
					<description>Watched Toggle</description>
					<textwidth>170</textwidth>
					<include>ButtonCommonValues</include>
					<label>20367</label>
				</control>
				<control type="button" id="8">
					<description>Search</description>
					<include>ButtonCommonValues</include>
					<label>137</label>
				</control>
				<control type="radiobutton" id="7">
					<description>Stack Toggle</description>
					<textwidth>170</textwidth>
					<include>ButtonCommonValues</include>
					<label>346</label>
				</control>
				<control type="radiobutton" id="17">
					<description>Flatten</description>
					<textwidth>170</textwidth>
					<include>ButtonCommonValues</include>
					<label>20411</label>
				</control>
				<control type="radiobutton" id="16">
					<description>PartyMode</description>
					<label>589</label>
					<include>ButtonCommonValues</include>
					<visible>Container.Content(MusicVideos)</visible>
				</control>
				<control type="radiobutton" id="11">
					<description>Unlock Shares</description>
					<textwidth>170</textwidth>
					<include>ButtonCommonValues</include>
					<label>20336</label>
					<onclick>xbmc.mastermode</onclick>
					<selected>system.ismaster</selected>
					<visible>system.haslocks</visible>
				</control>
				<include>CommonNowPlaying_Controls</include>
			</control>
		</control>
		<include>Clock</include>
	</controls>
</window>