<window>
	<defaultcontrol>1001</defaultcontrol>
	<include>dialogeffect</include>
	<coordinates>
		<system>0</system>
		<posx>130</posx>
		<posy>0</posy>
	</coordinates>
	<controls>
		<control type="image" id="997">
			<description>background top image</description>
			<posx>0</posx>
			<posy>-50</posy>
			<width>370</width>
			<height>50</height>
			<texture border="45,45,45,0">DialogContextTop.png</texture>
		</control>
		<control type="image" id="998">
			<description>background image</description>
			<posx>0</posx>
			<posy>0</posy>
			<width>370</width>
			<texture border="45,0,45,0">DialogContextMiddle.png</texture>
		</control>
		<control type="image" id="999">
			<description>background bottom image</description>
			<posx>0</posx>
			<width>370</width>
			<height>50</height>
			<texture border="45,0,45,49">DialogContextBottom.png</texture>
		</control>
		<!-- ** Required ** Do not change <description> or <type> -->
		<control type="button" id="1001">
			<description>Context Menu Button1</description>
			<posx>34</posx>
			<posy>-</posy>
			<width>297</width>
			<height>38</height>
			<font>fontContextMenu</font>
			<align>center</align>
			<textcolor>grey2</textcolor>
			<focusedcolor>white</focusedcolor>
			<texturefocus border="5">button-focus.png</texturefocus>
			<texturenofocus>-</texturenofocus>
			<onleft>1001</onleft>
			<onright>1001</onright>
			<onup>1008</onup>
			<ondown>1002</ondown>
		</control>
		<control type="button" id="1002">
			<description>Context Menu Button2</description>
			<posx>34</posx>
			<posy>-</posy>
			<width>297</width>
			<height>38</height>
			<font>fontContextMenu</font>
			<align>center</align>
			<textcolor>grey2</textcolor>
			<focusedcolor>white</focusedcolor>
			<texturefocus border="5">button-focus.png</texturefocus>
			<texturenofocus>-</texturenofocus>
			<onleft>1002</onleft>
			<onright>1002</onright>
			<onup>1001</onup>
			<ondown>1003</ondown>
		</control>
		<control type="button" id="1003">
			<description>Context Menu Button3</description>
			<posx>34</posx>
			<posy>-</posy>
			<width>297</width>
			<height>38</height>
			<font>fontContextMenu</font>
			<align>center</align>
			<textcolor>grey2</textcolor>
			<focusedcolor>white</focusedcolor>
			<texturefocus border="5">button-focus.png</texturefocus>
			<texturenofocus>-</texturenofocus>
			<onleft>1003</onleft>
			<onright>1003</onright>
			<onup>1002</onup>
			<ondown>1004</ondown>
		</control>
		<control type="button" id="1004">
			<description>Context Menu Button4</description>
			<posx>34</posx>
			<posy>-</posy>
			<width>297</width>
			<height>38</height>
			<font>fontContextMenu</font>
			<align>center</align>
			<textcolor>grey2</textcolor>
			<focusedcolor>white</focusedcolor>
			<texturefocus border="5">button-focus.png</texturefocus>
			<texturenofocus>-</texturenofocus>
			<onleft>1004</onleft>
			<onright>1004</onright>
			<onup>1003</onup>
			<ondown>1005</ondown>
		</control>
		<control type="button" id="1005">
			<description>Context Menu Button5</description>
			<posx>34</posx>
			<posy>-</posy>
			<width>297</width>
			<height>38</height>
			<font>fontContextMenu</font>
			<align>center</align>
			<textcolor>grey2</textcolor>
			<focusedcolor>white</focusedcolor>
			<texturefocus border="5">button-focus.png</texturefocus>
			<texturenofocus>-</texturenofocus>
			<onleft>1005</onleft>
			<onright>1005</onright>
			<onup>1004</onup>
			<ondown>1006</ondown>
		</control>
		<control type="button" id="1006">
			<description>Context Menu Button6</description>
			<posx>34</posx>
			<posy>-</posy>
			<width>297</width>
			<height>38</height>
			<font>fontContextMenu</font>
			<align>center</align>
			<textcolor>grey2</textcolor>
			<focusedcolor>white</focusedcolor>
			<texturefocus border="5">button-focus.png</texturefocus>
			<texturenofocus>-</texturenofocus>
			<onleft>1006</onleft>
			<onright>1006</onright>
			<onup>1005</onup>
			<ondown>1007</ondown>
		</control>
		<control type="button" id="1007">
			<description>Context Menu Button7</description>
			<posx>34</posx>
			<posy>-</posy>
			<width>297</width>
			<height>38</height>
			<font>fontContextMenu</font>
			<align>center</align>
			<textcolor>grey2</textcolor>
			<focusedcolor>white</focusedcolor>
			<texturefocus border="5">button-focus.png</texturefocus>
			<texturenofocus>-</texturenofocus>
			<onleft>1007</onleft>
			<onright>1007</onright>
			<onup>1006</onup>
			<ondown>1008</ondown>
		</control>
		<control type="button" id="1008">
			<description>Context Menu Button8</description>
			<posx>34</posx>
			<posy>-</posy>
			<width>297</width>
			<height>38</height>
			<font>fontContextMenu</font>
			<align>center</align>
			<textcolor>grey2</textcolor>
			<focusedcolor>white</focusedcolor>
			<texturefocus border="5">button-focus.png</texturefocus>
			<texturenofocus>-</texturenofocus>
			<onleft>1008</onleft>
			<onright>1008</onright>
			<onup>1007</onup>
			<ondown>1001</ondown>
		</control>
	</controls>
</window>