﻿<fonts>
	<fontset id="Default" unicode="false">
		<font>
			<name>font101</name>
			<filename>common-font10.xpr</filename>
		</font>
		<font>
			<name>font10</name>
			<filename>common-font10.xpr</filename>
		</font>
		<font>
			<name>font12</name>
			<filename>common-font12.xpr</filename>
		</font>
		<font>
			<name>font13</name>
			<filename>common-font13.xpr</filename>
		</font>
		<font>
			<name>special12</name>
			<filename>special-normal.xpr</filename>
		</font>
		<font>
			<name>special13</name>
			<filename>special-bold.xpr</filename>
		</font>
	</fontset>
	<fontset id="Arial TTF" unicode="true">
		<font>
			<name>font101</name>
			<filename>Arial.ttf</filename>
			<size>13</size>
			<style>bold</style>
		</font>
		<font>
			<name>font10</name>
			<filename>Arial.ttf</filename>
			<size>13</size>
			<style>bold</style>
		</font>
		<font>
			<name>font12</name>
			<filename>Arial.ttf</filename>
			<size>14</size>
			<style>bold</style>
		</font>
		<font>
			<name>font13</name>
			<filename>Arial.ttf</filename>
			<size>15</size>
			<style>bold</style>
		</font>
		<font>
			<name>special12</name>
			<filename>Arial.ttf</filename>
			<size>16</size>
		</font>
		<font>
			<name>special13</name>
			<filename>Arial.ttf</filename>
			<size>16</size>
			<style>bold</style>
		</font>
	</fontset>
</fonts>