<window id="0">
	<defaultcontrol>2</defaultcontrol>
	<allowoverlay>no</allowoverlay>
	<controls>
		<!-- backgrounds -->
		<control type="group">
			<visible>!Player.HasMedia | Skin.HasSetting(HomeViewToggle)</visible>
			<animation effect="fade" time="200">VisibleChange</animation>
			<control type="multiimage">
				<posx>182</posx>
				<posy>105</posy>
				<width>538</width>
				<height>362</height>
				<imagepath>16x9home-myprograms</imagepath>
				<timeperimage>5000</timeperimage>
				<fadetime>2000</fadetime>
				<visible>ControlGroup(9001).HasFocus(2)</visible>
			</control>
			<control type="multiimage">
				<posx>182</posx>
				<posy>105</posy>
				<width>538</width>
				<height>362</height>
				<imagepath>16x9home-myfiles</imagepath>
				<timeperimage>5000</timeperimage>
				<fadetime>2000</fadetime>
				<visible>ControlGroup(9001).HasFocus(6)</visible>
			</control>
			<control type="multiimage">
				<posx>182</posx>
				<posy>105</posy>
				<width>538</width>
				<height>362</height>
				<imagepath>16x9home-mymusic</imagepath>
				<timeperimage>5000</timeperimage>
				<fadetime>2000</fadetime>
				<visible>ControlGroup(9001).HasFocus(3)</visible>
			</control>
			<control type="multiimage">
				<posx>182</posx>
				<posy>105</posy>
				<width>538</width>
				<height>362</height>
				<imagepath>16x9home-mypictures</imagepath>
				<timeperimage>5000</timeperimage>
				<fadetime>2000</fadetime>
				<visible>ControlGroup(9001).HasFocus(4)</visible>
			</control>
			<control type="multiimage">
				<posx>182</posx>
				<posy>105</posy>
				<width>538</width>
				<height>362</height>
				<imagepath>16x9home-myvideos</imagepath>
				<timeperimage>5000</timeperimage>
				<fadetime>2000</fadetime>
				<visible>ControlGroup(9001).HasFocus(5)</visible>
			</control>
			<control type="multiimage">
				<posx>182</posx>
				<posy>105</posy>
				<width>538</width>
				<height>362</height>
				<imagepath>16x9home-myweather</imagepath>
				<timeperimage>5000</timeperimage>
				<fadetime>2000</fadetime>
				<visible>ControlGroup(9001).HasFocus(7)</visible>
			</control>
			<control type="multiimage">
				<posx>182</posx>
				<posy>105</posy>
				<width>538</width>
				<height>362</height>
				<imagepath>16x9home-settings</imagepath>
				<timeperimage>5000</timeperimage>
				<fadetime>2000</fadetime>
				<visible>ControlGroup(9001).HasFocus(9)</visible>
			</control>
		</control>
		<control type="visualisation">
			<posx>182</posx>
			<posy>105</posy>
			<width>538</width>
			<height>372</height>
			<visible>!Skin.HasSetting(HomeViewToggle)</visible>
		</control>
		<control type="videowindow" id="1">
			<description>video preview window</description>
			<posx>180</posx>
			<posy>60</posy>
			<width>580</width>
			<height>455</height>
			<visible>!Skin.HasSetting(HomeViewToggle)</visible>
		</control>
		<!-- main background overlay with scanlines and logo-->
		<control type="image">
			<description>background image</description>
			<posx>0</posx>
			<posy>0</posy>
			<width>720</width>
			<height>576</height>
			<texture>16x9home2.png</texture>
		</control>
		<control type="image">
			<description>background image</description>
			<posx>64</posx>
			<posy>31</posy>
			<width>265</width>
			<height>167</height>
			<texture>logo.png</texture>
			<animation effect="slide" time="500" start="0,-300" end="0,0" acceleration="-1.1" delay="0" condition="!Skin.HasSetting(animated)">WindowOpen</animation>
			<animation effect="slide" time="500" start="0,0" end="0,-300" acceleration="1.3" delay="0" condition="!Skin.HasSetting(animated)">WindowClose</animation>
		</control>
		<!-- media infos (video) -->
		<control type="image" id="1">
			<description>video gradient</description>
			<posx>315</posx>
			<posy>338</posy>
			<width>400</width>
			<height>99</height>
			<texture>gradient.png</texture>
			<include>homevideoinfo</include>
		</control>
		<control type="videowindow" id="1">
			<description>video preview window</description>
			<posx>525</posx>
			<posy>338</posy>
			<width>116</width>
			<height>99</height>
			<include>homevideoinfo</include>
		</control>
		<control type="label" id="1">
			<description>Director label</description>
			<width>235</width>
			<posx>514</posx>
			<posy>340</posy>
			<info>VideoPlayer.Director</info>
			<align>right</align>
			<font>special12</font>
			<include>homevideoinfo</include>
		</control>
		<control type="label" id="1">
			<description>Video Title label</description>
			<width>235</width>
			<posx>514</posx>
			<posy>365</posy>
			<info>VideoPlayer.Title</info>
			<align>right</align>
			<font>special13</font>
			<scroll>true</scroll>
			<include>homevideoinfo</include>
		</control>
		<control type="label" id="1">
			<description>Genre label</description>
			<width>235</width>
			<posx>514</posx>
			<posy>395</posy>
			<info>VideoPlayer.Genre</info>
			<align>right</align>
			<font>font10</font>
			<include>homevideoinfo</include>
		</control>
		<control type="label" id="1">
			<description>Time label</description>
			<width>235</width>
			<posx>514</posx>
			<posy>415</posy>
			<label>$INFO[VideoPlayer.Time]$INFO[VideoPlayer.Duration, / ]</label>
			<align>right</align>
			<font>font10</font>
			<include>homevideoinfo</include>
		</control>
		<!-- media infos (music) -->
		<control type="image" id="1">
			<description>music gradient</description>
			<posx>315</posx>
			<posy>338</posy>
			<width>400</width>
			<height>99</height>
			<texture>gradient.png</texture>
			<include>homemediainfo</include>
		</control>
		<control type="image" id="1">
			<description>cover image</description>
			<posx>566</posx>
			<posy>338</posy>
			<width>75</width>
			<height>99</height>
			<info>MusicPlayer.Cover</info>
			<include>homemediainfo</include>
		</control>
		<control type="label" id="1">
			<description>Artist label</description>
			<width>255</width>
			<posx>555</posx>
			<posy>340</posy>
			<info>MusicPlayer.Artist</info>
			<align>right</align>
			<font>special12</font>
			<include>homemediainfo</include>
		</control>
		<control type="label" id="1">
			<description>Title label</description>
			<width>255</width>
			<posx>555</posx>
			<posy>365</posy>
			<info>MusicPlayer.Title</info>
			<align>right</align>
			<font>special13</font>
			<include>homemediainfo</include>
		</control>
		<control type="label" id="1">
			<description>Album label</description>
			<width>255</width>
			<posx>555</posx>
			<posy>395</posy>
			<info>MusicPlayer.Album</info>
			<align>right</align>
			<font>font10</font>
			<include>homemediainfo</include>
		</control>
		<control type="label" id="1">
			<description>Time label</description>
			<width>255</width>
			<posx>555</posx>
			<posy>415</posy>
			<label>$INFO[MusicPlayer.Time]$INFO[MusicPlayer.Duration, / ]</label>
			<align>right</align>
			<font>font10</font>
			<include>homemediainfo</include>
		</control>
		<!-- Drive Space Info C: E: F:-->
		<control type="group" id="1">
			<visible>Control.HasFocus(6) + !Skin.HasSetting(homepageDriveinfo1)</visible>
			<include>homestatsinfo</include>
			<control type="image">
				<description>free space gradient</description>
				<posx>315</posx>
				<posy>338</posy>
				<width>400</width>
				<height>99</height>
				<texture>gradient.png</texture>
			</control>
			<control type="image">
				<description>drive image</description>
				<posx>566</posx>
				<posy>338</posy>
				<width>75</width>
				<height>99</height>
				<texture>homeinfo-bgdrive.png</texture>
			</control>
			<control type="label">
				<description>Freespace label</description>
				<width>255</width>
				<posx>555</posx>
				<posy>340</posy>
				<label>$LOCALIZE[20089]</label>
				<align>right</align>
				<font>special12</font>
			</control>
			<control type="label">
				<description>freespace f:</description>
				<width>255</width>
				<posx>555</posx>
				<posy>365</posy>
				<info>System.Freespace(F)</info>
				<align>right</align>
				<font>special13</font>
			</control>
			<control type="label" id="1">
				<description>freespace c:</description>
				<width>255</width>
				<posx>555</posx>
				<posy>395</posy>
				<info>System.Freespace(C)</info>
				<align>right</align>
				<font>font10</font>
			</control>
			<control type="label" id="1">
				<description>freespace e:</description>
				<width>255</width>
				<posx>555</posx>
				<posy>415</posy>
				<info>System.Freespace(E)</info>
				<align>right</align>
				<font>font10</font>
			</control>
		</control>
		<!-- Drive Space Info E: F: G:-->
		<control type="group">
			<visible>Control.HasFocus(6) + Skin.HasSetting(homepageDriveinfo2)</visible>
			<include>homestatsinfo</include>
			<control type="image">
				<description>free space gradient</description>
				<posx>315</posx>
				<posy>338</posy>
				<width>400</width>
				<height>99</height>
				<texture>gradient.png</texture>
			</control>
			<control type="image">
				<description>drive image</description>
				<posx>566</posx>
				<posy>338</posy>
				<width>75</width>
				<height>99</height>
				<texture>homeinfo-bgdrive.png</texture>
			</control>
			<control type="label">
				<description>Freespace label</description>
				<width>255</width>
				<posx>555</posx>
				<posy>340</posy>
				<label>$LOCALIZE[20089]</label>
				<align>right</align>
				<font>special12</font>
			</control>
			<control type="label">
				<description>freespace f:</description>
				<width>255</width>
				<posx>555</posx>
				<posy>365</posy>
				<info>System.Freespace(F)</info>
				<align>right</align>
				<font>special13</font>
			</control>
			<control type="label">
				<description>freespace e:</description>
				<width>255</width>
				<posx>555</posx>
				<posy>395</posy>
				<info>System.Freespace(E)</info>
				<align>right</align>
				<font>font10</font>
			</control>
			<control type="label">
				<description>freespace g:</description>
				<width>255</width>
				<posx>555</posx>
				<posy>415</posy>
				<info>System.Freespace(G)</info>
				<align>right</align>
				<font>font10</font>
			</control>
		</control>
		<!-- System Info -->
		<control type="group">
			<visible>Control.HasFocus(9) + !Skin.HasSetting(homepageSysteminfo)</visible>
			<include>homestatsinfo</include>
			<control type="image">
				<description>system info gradient</description>
				<posx>315</posx>
				<posy>338</posy>
				<width>400</width>
				<height>99</height>
				<texture>gradient.png</texture>
			</control>
			<control type="image">
				<description>settings image</description>
				<posx>566</posx>
				<posy>338</posy>
				<width>75</width>
				<height>99</height>
				<texture>homeinfo-system.png</texture>
			</control>
			<control type="label">
				<description>Settings label</description>
				<width>255</width>
				<posx>555</posx>
				<posy>340</posy>
				<label>10511</label>
				<align>right</align>
				<font>special12</font>
			</control>
			<control type="label">
				<description>Ip Address label</description>
				<width>255</width>
				<posx>555</posx>
				<posy>365</posy>
        <label>$LOCALIZE[150]: $INFO[Network.IPAddress]</label>
        <align>right</align>
				<font>special13</font>
			</control>
			<control type="label">
				<description>CPU Temperature Label</description>
				<width>255</width>
				<posx>555</posx>
				<posy>395</posy>
				<label>$LOCALIZE[22011] $INFO[System.CPUTemperature]</label>
				<align>right</align>
				<font>font10</font>
			</control>
			<control type="label">
				<description>GPU Temperature Label</description>
				<width>255</width>
				<posx>555</posx>
				<posy>415</posy>
				<label>$LOCALIZE[22010] $INFO[System.GPUTemperature]</label>
				<align>right</align>
				<font>font10</font>
			</control>
		</control>
		<!-- weather Info -->
		<control type="group">
			<visible>Control.HasFocus(7) + Weather.IsFetched + !Skin.HasSetting(homepageWeatherinfo)</visible>
			<include>homestatsinfo</include>
			<control type="image">
				<description>weather gradient</description>
				<posx>315</posx>
				<posy>338</posy>
				<width>400</width>
				<height>99</height>
				<texture>gradient.png</texture>
			</control>
			<control type="image">
				<description>Weather image bg</description>
				<posx>566</posx>
				<posy>338</posy>
				<width>75</width>
				<height>99</height>
				<texture>homeinfo-bg.png</texture>
			</control>
			<control type="image">
				<description>Weather image</description>
				<posx>580</posx>
				<posy>351</posy>
				<width>49</width>
				<height>73</height>
				<info>Weather.Conditions</info>
			</control>
			<control type="image">
				<description>Weather image overlay</description>
				<posx>566</posx>
				<posy>338</posy>
				<width>75</width>
				<height>99</height>
				<texture>homeinfo-overlay.png</texture>
			</control>
			<control type="label">
				<description>weather label</description>
				<width>255</width>
				<posx>555</posx>
				<posy>340</posy>
				<label>20088</label>
				<align>right</align>
				<font>special12</font>
			</control>
			<control type="label">
				<description>location label</description>
				<width>255</width>
				<posx>555</posx>
				<posy>365</posy>
				<info>Weather.Location</info>
				<align>right</align>
				<font>special13</font>
			</control>
			<control type="label">
				<description>conditions Label</description>
				<width>255</width>
				<posx>558</posx>
				<posy>395</posy>
				<label>$INFO[Weather.Conditions]</label>
				<align>right</align>
				<font>font10</font>
			</control>
			<control type="label">
				<description>temp Label</description>
				<width>255</width>
				<posx>555</posx>
				<posy>415</posy>
				<label>$LOCALIZE[143] $INFO[Weather.Temperature]</label>
				<align>right</align>
				<font>font10</font>
			</control>
		</control>
		<!-- main buttons -->
		<control type="group" id="9001">
			<control type="group" id="9002">
				<animation effect="fade" time="1000" start="0" end="100" delay="400">VisibleChange</animation>
				<animation effect="slide" time="200" end="-600,0" acceleration="1.3" delay="0" condition="!Skin.HasSetting(animated)">WindowClose</animation>
				<animation effect="slide" time="500" start="-600,0" acceleration="-1.1" delay="0" condition="!Skin.HasSetting(animated)">WindowOpen</animation>
				<control type="image" id="0">
					<posx>77</posx>
					<posy>429</posy>
					<width>15</width>
					<height>17</height>
					<texture>homebutton-small.png</texture>
				</control>
				<control type="image" id="0">
					<posx>191</posx>
					<posy>429</posy>
					<width>15</width>
					<height>17</height>
					<texture>homebutton-small.png</texture>
				</control>
				<control type="button" id="9">
					<description>Settings normal push button</description>
					<posx>80</posx>
					<posy>432</posy>
					<width>9</width>
					<height>8</height>
					<label>5</label>
					<font>font10</font>
					<onclick>ActivateWindow(4)</onclick>
					<onleft>98</onleft>
					<onright>6</onright>
					<onup>7</onup>
					<ondown>2</ondown>
					<texturefocus>home-focus.gif</texturefocus>
					<texturenofocus>-</texturenofocus>
					<textoffsetx>20</textoffsetx>
				</control>
				<control type="button" id="6">
					<description>My Files normal push button</description>
					<posx>194</posx>
					<posy>432</posy>
					<width>9</width>
					<height>8</height>
					<label>7</label>
					<onclick>ActivateWindow(MyFiles)</onclick>
					<font>font10</font>
					<onleft>9</onleft>
					<onright>96</onright>
					<onup>7</onup>
					<ondown>2</ondown>
					<texturefocus>home-focus.gif</texturefocus>
					<texturenofocus>-</texturenofocus>
					<textoffsetx>20</textoffsetx>
				</control>
			</control>
			<control type="image">
				<description>background image</description>
				<posx>37</posx>
				<posy>207</posy>
				<width>307</width>
				<height>236</height>
				<texture>home_buttons.png</texture>
				<include>homebuttonanimation</include>
			</control>
			<control type="button" id="2">
				<description>My Programs normal push button</description>
				<posx>91</posx>
				<posy>231</posy>
				<width>14</width>
				<height>12</height>
				<label>0</label>
				<font>special13</font>
				<onclick>ActivateWindow(MyPrograms)</onclick>
				<onleft>98</onleft>
				<onright>96</onright>
				<onup>9</onup>
				<ondown>4</ondown>
				<texturefocus>home-focus.gif</texturefocus>
				<texturenofocus>-</texturenofocus>
				<textoffsetx>30</textoffsetx>
				<include>homebuttonanimation</include>
			</control>
			<control type="button" id="4">
				<description>My Pictures normal push button</description>
				<posx>91</posx>
				<posy>270</posy>
				<width>14</width>
				<height>12</height>
				<label>1</label>
				<onclick>ActivateWindow(MyPictures)</onclick>
				<font>special13</font>
				<onleft>98</onleft>
				<onright>96</onright>
				<onup>2</onup>
				<ondown>5</ondown>
				<texturefocus>home-focus.gif</texturefocus>
				<texturenofocus>-</texturenofocus>
				<textoffsetx>30</textoffsetx>
				<include>homebuttonanimation</include>
			</control>
			<control type="button" id="5">
				<description>My Videos normal push button</description>
				<posx>91</posx>
				<posy>309</posy>
				<width>14</width>
				<height>12</height>
				<label>3</label>
				<font>special13</font>
				<onclick>ActivateWindow(MyVideos)</onclick>
				<onleft>98</onleft>
				<onright>96</onright>
				<onup>4</onup>
				<ondown>3</ondown>
				<texturefocus>home-focus.gif</texturefocus>
				<texturenofocus>-</texturenofocus>
				<textoffsetx>30</textoffsetx>
				<include>homebuttonanimation</include>
			</control>
			<control type="button" id="3">
				<description>My Music normal push button</description>
				<posx>91</posx>
				<posy>348</posy>
				<width>14</width>
				<height>12</height>
				<label>2</label>
				<onclick>ActivateWindow(MyMusic)</onclick>
				<font>special13</font>
				<onleft>98</onleft>
				<onright>96</onright>
				<onup>5</onup>
				<ondown>7</ondown>
				<texturefocus>home-focus.gif</texturefocus>
				<texturenofocus>-</texturenofocus>
				<textoffsetx>30</textoffsetx>
				<include>homebuttonanimation</include>
			</control>
			<control type="button" id="7">
				<description>My Weather normal push button</description>
				<posx>91</posx>
				<posy>387</posy>
				<width>14</width>
				<height>12</height>
				<label>8</label>
				<font>special13</font>
				<onclick>ActivateWindow(Weather)</onclick>
				<onleft>98</onleft>
				<onright>96</onright>
				<onup>3</onup>
				<ondown>9</ondown>
				<texturefocus>home-focus.gif</texturefocus>
				<texturenofocus>-</texturenofocus>
				<textoffsetx>30</textoffsetx>
				<include>homebuttonanimation</include>
			</control>
		</control>
		<!-- labels -->
		<control type="group">
			<animation effect="fade" time="1000">VisibleChange</animation>
			<animation effect="slide" time="500" start="600,0" end="0,0" acceleration="-1.1" delay="0" condition="!Skin.HasSetting(animated)">WindowOpen</animation>
			<animation effect="slide" time="500" start="0,0" end="600,0" acceleration="1.3" delay="0" condition="!Skin.HasSetting(animated)">WindowClose</animation>
			<control type="label">
				<description>date label</description>
				<posx>582</posx>
				<posy>75</posy>
				<label>date</label>
				<info>System.Date</info>
				<align>right</align>
				<font>special12</font>
			</control>
			<control type="label">
				<description>suffix label</description>
				<posx>592</posx>
				<posy>73</posy>
				<label>|</label>
				<align>left</align>
				<font>special12</font>
				<include>textcolorgrey</include>
			</control>
			<control type="label">
				<description>time label</description>
				<posx>602</posx>
				<posy>75</posy>
				<label>time</label>
				<info>System.Time</info>
				<align>left</align>
				<font>special12</font>
				<include>textcolorgrey</include>
			</control>
		</control>
		<control type="rss" id="1">
			<description>rss feed</description>
			<posx>0</posx>
			<posy>470</posy>
			<width>720</width>
			<font>font13</font>
			<urlset>1</urlset>
			<titlecolor>ffD2FF00</titlecolor>
			<headlinecolor>DDced8da</headlinecolor>
			<textcolor>ffD2FF00</textcolor>
			<visible>!Player.HasVideo</visible>
			<visible>!Player.HasAudio | Skin.HasSetting(NoAudioRSS)</visible>
			<include>homemisc</include>
		</control>
		<!-- sub-buttons -->
		<control type="button" id="95">
			<description>dvd-rom launch button</description>
			<posx>525</posx>
			<posy>501</posy>
			<width>30</width>
			<height>37</height>
			<label>-</label>
			<texturefocus>home-dvd-l.gif</texturefocus>
			<texturenofocus>home-dvd-l.png</texturenofocus>
			<font>font12</font>
			<textoffsetx>26</textoffsetx>
			<visible>System.HasMediaDVD + System.KaiConnected</visible>
			<include>homemisc</include>
			<onclick>XBMC.PlayDVD()</onclick>
			<onleft>96</onleft>
			<onright>97</onright>
			<onup>9001</onup>
			<ondown>9001</ondown>
		</control>
		<control type="button" id="96">
			<description>dvd-rom launch button 2</description>
			<posx>555</posx>
			<posy>501</posy>
			<width>30</width>
			<height>37</height>
			<label>-</label>
			<texturefocus>home-dvd-r.gif</texturefocus>
			<texturenofocus>home-dvd-r.png</texturenofocus>
			<font>font12</font>
			<textoffsetx>26</textoffsetx>
			<visible>System.HasMediaDVD + !System.KaiConnected</visible>
			<include>homemisc</include>
			<onclick>XBMC.PlayDVD()</onclick>
			<onleft>9001</onleft>
			<onright>95</onright>
			<onup>9001</onup>
			<ondown>9001</ondown>
		</control>
		<control type="button" id="97">
			<description>xlink kai conditional button</description>
			<posx>555</posx>
			<posy>501</posy>
			<width>30</width>
			<height>37</height>
			<label>-</label>
			<texturefocus>home-kai.gif</texturefocus>
			<texturenofocus>home-kai.png</texturenofocus>
			<onclick>ActivateWindow(XlinkKai)</onclick>
			<onleft>95</onleft>
			<onright>100</onright>
			<onup>9001</onup>
			<ondown>9001</ondown>
			<visible>System.KaiConnected</visible>
			<include>homemisc</include>
		</control>
		<control type="button" id="100">
			<description>submenu button</description>
			<posx>585</posx>
			<posy>501</posy>
			<width>30</width>
			<height>37</height>
			<onclick>ActivateWindow(SubMenu)</onclick>
			<texturefocus>home-sub.gif</texturefocus>
			<texturenofocus>home-sub.png</texturenofocus>
			<label>-</label>
			<onleft>97</onleft>
			<onright>98</onright>
			<onup>9001</onup>
			<ondown>9001</ondown>
			<include>homemisc</include>
		</control>
		<control type="button" id="98">
			<description>submenu button</description>
			<posx>615</posx>
			<posy>501</posy>
			<width>30</width>
			<height>37</height>
			<onclick>ActivateWindow(ShutdownMenu)</onclick>
			<texturefocus>home-power.gif</texturefocus>
			<texturenofocus>home-power.png</texturenofocus>
			<label>-</label>
			<onleft>100</onleft>
			<onright>9001</onright>
			<onup>9001</onup>
			<ondown>9001</ondown>
			<include>homemisc</include>
		</control>
		<control type="image">
			<description>bg preview</description>
			<posx>0</posx>
			<posy>0</posy>
			<width>720</width>
			<height>576</height>
			<texture>background-plain.png</texture>
			<visible>!Skin.HasSetting(animated)</visible>
			<animation effect="fade" start="100" end="0" time="300" condition="!Skin.HasSetting(animated)">WindowOpen</animation>
			<animation effect="fade" start="0" end="100" time="300" condition="!Skin.HasSetting(animated)">WindowClose</animation>
		</control>
	</controls>
</window>