<includes>
	<include name="OldListViewCommons">

<!--
				<control type="image">
            				<posx>200</posx>
            				<posy>-050</posy>
           				 <width>25</width>
            				<height>40</height>
	    				<aspectratio>stretch</aspectratio>
					<include>contentpanelslide</include>
					<info>Container.ListItem(-1).Icon</info>
					<animation effect="slide" end="0,60" time="100" >Hidden</animation>
					<visible>Container.OnPrevious</visible>
				</control>
				<control type="image">
            				<posx>200</posx>
            				<posy>30</posy>
           				 <width>25</width>
            				<height>40</height>
	    				<aspectratio>stretch</aspectratio>
					<include>contentpanelslide</include>
					<info>Container.ListItem(0).Icon</info>
					<animation effect="slide" end="0,200" time="100" >Hidden</animation>
					<visible>Container.OnPrevious</visible>
				</control>
				<control type="image">
            				<posx>200</posx>
            				<posy>30</posy>
           				 <width>25</width>
            				<height>40</height>
	    				<aspectratio>stretch</aspectratio>
					<include>contentpanelslide</include>
					<info>Container.ListItem(-1).Icon</info>
					<animation effect="fade" time="200">Visible</animation>
					<visible>!Container.OnNext + !Container.OnPrevious</visible>
				</control>
				<control type="image">
            				<posx>200</posx>
            				<posy>230</posy>
           				 <width>25</width>
            				<height>40</height>
	    				<aspectratio>stretch</aspectratio>
					<info>Container.ListItem(-1).Icon</info>
					<include>contentpanelslide</include>
					<animation effect="slide" end="0,-200" time="100" >Hidden</animation>
					<visible>Container.OnNext</visible>
				</control>
				<control type="image">
            				<posx>200</posx>
            				<posy>30</posy>
           				 <width>25</width>
            				<height>40</height>
	    				<aspectratio>stretch</aspectratio>
					<info>Container.ListItem(-1).Icon</info>
					<include>contentpanelslide</include>
					<animation effect="slide" end="0,-60" time="100" >Hidden</animation>
					<visible>Container.OnNext</visible>
				</control>




				<control type="label">
					<posx>270</posx>
					<posy>-55</posy>
					<width>360</width>
					<height>22</height>
					<font>font13</font>
					<aligny>center</aligny>
					<align>left</align>
					<info>Container.ListItem(-1).Label</info>
					<include>contentpanelslide</include>
					<animation effect="slide" end="0,60" time="100" >Hidden</animation>
					<visible>Container.OnPrevious</visible>
				</control>
				<control type="label">
					<posx>270</posx>
					<posy>35</posy>
					<width>360</width>
					<height>22</height>
					<font>font13</font>
					<aligny>center</aligny>
					<align>left</align>
					<info>Container.ListItem(0).Label</info>
					<include>contentpanelslide</include>
					<animation effect="slide" end="0,200" time="100" >Hidden</animation>
					<visible>Container.OnPrevious</visible>
				</control>
				<control type="label">
					<posx>270</posx>
					<posy>35</posy>
					<width>360</width>
					<height>22</height>
					<font>font13</font>
					<aligny>center</aligny>
					<align>left</align>
					<info>Container.ListItem(-1).Label</info>
					<include>contentpanelslide</include>
					<animation effect="fade" time="200">Visible</animation>
					<visible>!Container.OnNext + !Container.OnPrevious</visible>
				</control>
				<control type="label">
					<posx>270</posx>
					<posy>235</posy>
					<width>360</width>
					<height>22</height>
					<font>font13</font>
					<aligny>center</aligny>
					<align>left</align>
					<info>Container.ListItem(-1).Label</info>
					<include>contentpanelslide</include>
					<animation effect="slide" end="0,-200" time="100" >Hidden</animation>
					<visible>Container.OnNext</visible>
				</control>

-->
		<control type="fixedlist" id="50">
			<posx>188</posx>
			<posy>45</posy>
			<width>485</width>
			<height>505</height>
			<onleft>511</onleft>
			<onright>512</onright>
			<onup>50</onup>
			<ondown>50</ondown>
			<viewtype label="535">list</viewtype>
			<pagecontrol>60</pagecontrol>
			<scrolltime>200</scrolltime>
			<focusposition>1</focusposition>
			<include>contentpanelslide</include>
			<itemlayout height="55">
				<control type="image">
            				<posx>15</posx>
            				<posy>0</posy>
           				 <width>25</width>
            				<height>40</height>
	    			<!--	<aspectratio>stretch</aspectratio> -->
					<info>ListItem.Icon</info>
				</control>
				<control type="label">
					<posx>80</posx>
					<posy>10</posy>
					<width>360</width>
					<height>22</height>
					<font>font13</font>
					<aligny>center</aligny>
					<align>left</align>
					<info>ListItem.Label</info>
				</control>
			</itemlayout>
			<focusedlayout height="230">
				<control type="image">
            				<posx>2</posx>
            				<posy>140</posy>
            				<width>45</width> 
            				<height>75</height>
	    			<!--	<aspectratio>stretch</aspectratio> -->
					<info>ListItem.Icon</info>
				</control>
				<control type="label">
					<posx>80</posx>
					<posy>165</posy>
					<width>360</width>
					<height>22</height>
					<font>special13</font>
					<aligny>center</aligny>
					<align>left</align>
					<info>ListItem.Label</info>
					<animation effect="fade" start="50" time="600" pulse="true">Focus</animation>
				</control>
				<control type="label">
					<posx>79</posx>
					<posy>165</posy>
					<width>360</width>
					<height>22</height>
					<font>special13</font>
					<aligny>center</aligny>
					<align>left</align>
					<info>ListItem.Label</info>
					<animation effect="fade" start="5" time="600" pulse="true"condition="Control.HasFocus(50)">Conditional</animation>
				</control>
				<control type="label">
					<posx>81</posx>
					<posy>165</posy>
					<width>360</width>
					<height>22</height>
					<font>special13</font>
					<aligny>center</aligny>
					<align>left</align>
					<info>ListItem.Label</info>
					<animation effect="fade" start="5" time="600" pulse="true"condition="Control.HasFocus(50)">Conditional</animation>
				</control>
				<control type="label">
					<posx>80</posx>
					<posy>164</posy>
					<width>360</width>
					<height>22</height>
					<font>special13</font>
					<aligny>center</aligny>
					<align>left</align>
					<info>ListItem.Label</info>
					<animation effect="fade" start="5" time="600" pulse="true"condition="Control.HasFocus(50)">Conditional</animation>
				</control>
				<control type="label">
					<posx>80</posx>
					<posy>166</posy>
					<width>360</width>
					<height>22</height>
					<font>special13</font>
					<aligny>center</aligny>
					<align>left</align>
					<info>ListItem.Label</info>
					<shadowcolor>ff000000</shadowcolor>
					<animation effect="fade" start="5" time="600" pulse="true"condition="Control.HasFocus(50)">Conditional</animation>
				</control>

				<control type="label">
					<posx>80</posx>
					<posy>185</posy>
					<width>360</width>
					<height>22</height>
					<font>special13</font>
					<aligny>center</aligny>
					<align>left</align>
					<info>listitem.duration</info>
					<shadowcolor>ff000000</shadowcolor>
				</control>


			</focusedlayout>
		</control>
	</include>

</includes>