<includes>
	<include file="defaults.xml" />
	<include file="CommonViewTypes.xml" />

	<include name="controldefaults">
		<textcolor>white</textcolor>
		<colordiffuse>white</colordiffuse>
	</include>
	<include name="homebuttonanimation">
		<animation effect="fade" time="500" delay="400">VisibleChange</animation>
		<animation effect="rotate" time="300" start="-120" end="0" center="-20,-60" acceleration="-1.1" delay="0" condition="!Skin.HasSetting(animated)">WindowOpen</animation>
		<animation effect="rotate" time="300" start="0" end="-120" center="-20,-60" acceleration="1.3" delay="0" condition="!Skin.HasSetting(animated)">WindowClose</animation>
	</include>
	<include name="contentpanelslide">
<!--		<animation effect="slide" time="300" start="600,0" end="0,0" acceleration="-1" condition="!Skin.HasSetting(animated)">WindowOpen</animation>
		<animation effect="slide" time="200" start="0,0" end="600,0" acceleration="1.1" condition="!Skin.HasSetting(animated)">WindowClose</animation>
-->	</include>
	<include name="buttonpanelslide">
		<animation effect="slide" time="300" start="-300,0" end="0,0" acceleration="-1.1" condition="!Skin.HasSetting(animated)">WindowOpen</animation>
		<animation effect="slide" time="200" start="0,0" end="-300,0" acceleration="1.1" condition="!Skin.HasSetting(animated)">WindowClose</animation>
	</include>
	<include name="windowswitchtransition">
		<control type="group">
			<visible>!Skin.HasSetting(animated) + !Window.Previous(2999)</visible>
			<animation effect="fade" start="0" end="0" time="1">VisibleChange</animation>
			<animation effect="fade" start="100" end="0" time="300" condition="!Skin.HasSetting(animated)">WindowOpen</animation>
			<animation effect="fade" start="0" end="100" time="200" condition="!Skin.HasSetting(animated)">WindowClose</animation>
			<control type="image">
				<description>background image</description>
				<posx>0</posx>
				<posy>0</posy>
				<width>720</width>
				<height>88</height>
				<texture>background-plain.png</texture>
			</control>
			<control type="image">
				<description>background image</description>
				<posx>0</posx>
				<posy>88</posy>
				<width>720</width>
				<height>488</height>
				<texture>background-bottom.png</texture>
			</control>
		</control>
	</include>
	<include name="homemediainfo">
		<visible>Player.HasAudio + !Skin.HasSetting(homepageMusicinfo)</visible>
		<animation effect="fade" time="200">VisibleChange</animation>
		<animation effect="slide" time="500" start="600,0" end="0,0" acceleration="-1.1" delay="0" condition="!Skin.HasSetting(animated)">WindowOpen</animation>
		<animation effect="slide" time="500" start="0,0" end="600,0" acceleration="-1.3" delay="0" condition="!Skin.HasSetting(animated)">WindowClose</animation>
	</include>
	<include name="homevideoinfo">
		<visible>Player.HasVideo + !Skin.HasSetting(homepageVideoinfo)</visible>
		<animation effect="fade" time="200">VisibleChange</animation>
		<animation effect="slide" time="500" start="600,0" end="0,0" acceleration="-1.1" delay="0" condition="!Skin.HasSetting(animated)">WindowOpen</animation>
		<animation effect="slide" time="500" start="0,0" end="600,0" acceleration="-1.3" delay="0" condition="!Skin.HasSetting(animated)">WindowClose</animation>
	</include>
	<include name="homestatsinfo">
		<animation effect="fade" time="200">VisibleChange</animation>
		<animation effect="slide" time="0" start="0,0" end="0,-250" condition="[Player.HasAudio + !Skin.HasSetting(homepageMusicinfo)] | [Player.HasVideo + !Skin.HasSetting(homepageVideoinfo)]">Conditional</animation>
		<animation effect="slide" time="500" start="600,0" end="0,0" acceleration="-1.1" delay="0" condition="!Skin.HasSetting(animated)">WindowOpen</animation>
		<animation effect="slide" time="500" start="0,0" end="600,0" acceleration="-1.3" delay="0" condition="!Skin.HasSetting(animated)">WindowClose</animation>
	</include>
	<include name="homemisc">
		<animation effect="fade" time="1000">VisibleChange</animation>
		<animation effect="fade" time="200" condition="!Skin.HasSetting(animated)">WindowOpen</animation>
		<animation effect="fade" time="200" condition="!Skin.HasSetting(animated)">WindowClose</animation>
	</include>
	<include name="mediaoverlay">
		<visible>!Window.Next(Home)</visible>
		<animation effect="fade" time="300">WindowOpen</animation>
		<animation effect="fade" time="300">VisibleChange</animation>
	</include>
	<include name="dialogeffect">
		<animation effect="fade" time="200">WindowOpen</animation>
		<animation effect="fade" time="200">WindowClose</animation>
	</include>
	<include name="shutdownmenu">
		<animation effect="zoom" start="600" center="175,288" time="700" condition="!Skin.HasSetting(animated)">WindowOpen</animation>
		<animation effect="slide" end="0,-600" acceleration="2" time="700" condition="!Skin.HasSetting(animated)">WindowClose</animation>
	</include>
	<include name="contentpanel">
	<!--	<control type="image" id="0">
			<description>contentpanel slice</description>
			<posx>140</posx>
			<posy>88</posy>
			<width>64</width>
			<height>510</height>
			<texture>contentpanel_left.png</texture>
			<include>contentpanelslide</include>
		</control>
		<control type="image" id="0">
			<description>contentpanel slice</description>
			<posx>3</posx>
			<posy>88</posy>
			<width>516</width>
			<height>510</height>
			<texture>contentpanel.png</texture>
			<include>contentpanelslide</include>
		</control>
-->	</include>

	<include name="labelfade">
		<animation effect="fade" start="100" end="0" time="100">WindowClose</animation>
		<animation effect="fade" start="00" end="100" time="100">WindowOpen</animation>
	</include>

	<include name="iconfade">
		<animation effect="fade" start="50" end="10" time="200">WindowOpen</animation>
		<animation effect="fade" start="10" end="50" time="200">WindowClose</animation>
	</include>

	<include name="slideback">
<!--		<animation effect="slide" time="190" start="172,0" end="0,0" acceleration="-1.1">WindowOpen</animation>
		<animation effect="slide" time="190" start="0,0" end="180,0" acceleration="-1.1">WindowClose</animation>
-->	</include>

	<include name="settingsslide">
		<animation effect="slide" time="190" start="172,0" end="0,0" acceleration="-1.1">WindowOpen</animation>
		<animation effect="slide" time="190" start="0,0" end="175,0" acceleration="-1.1">WindowClose</animation>
	</include>


	<include name="settingsmainslide">
		<animation effect="slide" time="190" start="172,0" end="0,0" acceleration="-1.1">WindowOpen</animation>
		<animation effect="slide" time="190" start="0,0" end="172,0" acceleration="-1.1">WindowClose</animation>
	</include>

	<include name="settingssubslide">
		<animation effect="slide" time="190" start="-250,0" end="0,0" acceleration="-1.1">WindowOpen</animation>
		<animation effect="slide" time="190" start="0,0" end="-250,0" acceleration="-1.1">WindowClose</animation>
	</include>

	<include name="settingssubslide2">
		<animation effect="slide" time="130" start="-350,0" end="0,0" acceleration="-1.1">WindowOpen</animation>
		<animation effect="slide" time="130" start="0,0" end="-350,0" acceleration="-1.1">WindowClose</animation>
	</include>

	<include name="negsettingssubslide">
		<animation effect="slide" time="190" start="-600,0" end="0,0" acceleration="-1.1">WindowClose</animation>
		<animation effect="slide" time="190" start="0,0" end="-600,0" acceleration="-1.1">WindowOpen</animation>
	</include>

	<include name="settingpanelslide">
		<animation effect="slide" time="200" start="700,0" end="0,0" acceleration="-1">WindowOpen</animation>
		<animation effect="slide" time="200" start="0,0" end="700,0" acceleration="1.1">WindowClose</animation>
	</include>

	<include name="panelslidedown">
		<animation effect="slide" time="300" start="0,0" end="0,600" acceleration="-1">WindowClose</animation>
		<animation effect="slide" time="200" start="0,600" end="0,0" acceleration="1.1">WindowOpen</animation>
	</include>
	<include name="panelslideup">
		<animation effect="slide" time="300" start="0,-600" end="0,0" acceleration="-1">WindowOpen</animation>
		<animation effect="slide" time="200" start="0,0" end="0,-600" acceleration="1.1">WindowClose</animation>
	</include>

	<include name="background-image">
		<control type="image">
			<description>background image</description>
			<posx>0</posx>
			<posy>0</posy>
			<width>720</width>
			<height>576</height>
			<texture>xmb5.jpg</texture>
			<colordiffuse>backg</colordiffuse>
			<visible>!Skin.HasSetting(use-custom-background)</visible>
		</control>
		<control type="image">
			<description>custom background</description>
			<posx>0</posx>
			<posy>0</posy>
			<width>720</width>
			<height>576</height>
			<info>Skin.String(custom-background)</info>
			<colordiffuse>D1FFFFFF</colordiffuse>
			<visible>Skin.HasSetting(use-custom-background)</visible>
		</control>
		<control type="visualisation">
			<posx>0</posx>
			<posy>0</posy>
			<width>720</width>
			<height>576</height>
		</control>
		<control type="image">
			<description>smoke image</description>
			<posx>0</posx>
			<posy>0</posy>
			<width>720</width>
			<height>576</height>
			<texture>wallpaper_test.png</texture>
			<colordiffuse>backg</colordiffuse>
			<visible>!Skin.HasSetting(smoke-off)</visible>
		</control>
	</include>

	<include name="background2">
		<control type="image">
			<description>background image</description>
			<posx>0</posx>
			<posy>0</posy>
			<width>720</width>
			<height>576</height>
			<texture>xmb5.jpg</texture>
			<colordiffuse>backg</colordiffuse>
			<visible>!Skin.HasSetting(use-custom-background)</visible>
		</control>
		<control type="image">
			<description>custom background</description>
			<posx>0</posx>
			<posy>0</posy>
			<width>720</width>
			<height>576</height>
			<info>Skin.String(custom-background)</info>
			<colordiffuse>D1FFFFFF</colordiffuse>
			<visible>Skin.HasSetting(use-custom-background)</visible>
		</control>
		<control type="visualisation">
			<posx>0</posx>
			<posy>0</posy>
			<width>720</width>
			<height>576</height>
	    <colordiffuse>grey4</colordiffuse>
		</control>
		<control type="image">
			<description>smoke image</description>
			<posx>0</posx>
			<posy>0</posy>
			<width>720</width>
			<height>576</height>
			<texture>wallpaper_test.png</texture>
			<colordiffuse>backg</colordiffuse>
			<visible>!Skin.HasSetting(smoke-off)</visible>
		<animation effect="slide" time="300" start="0,0" end="-1500,0" acceleration="-1">WindowOpen</animation>
		<animation effect="slide" time="200" start="1500,0" end="0,0" acceleration="1.1">WindowClose</animation>
		</control>
	</include>

	<include name="OSD-Label">
            <posx>165</posx>
            <posy>500</posy>
            <width>175</width>
            <height>40</height>
            <font>font13</font>
            <aligny>center</aligny>
            <align>center</align>
	</include>

	<include name="keyboard-buttons">
		<font>font12</font>
		<align>right</align>
		<aligny>center</aligny>
		<textoffsetx>3</textoffsetx>
		<textoffsety>0</textoffsety>
		<textcolor>df000000</textcolor>
	</include>

	<include name="keyboard-buttons2">
		<font>font8</font>
		<align>right</align>
		<aligny>top</aligny>
		<textoffsetx>3</textoffsetx>
		<textoffsety>8</textoffsety>
		<textcolor>df000000</textcolor>
	</include>

	<include name="keyboard-buttons3">
		<font>font8</font>
		<align>right</align>
		<aligny>top</aligny>
		<textoffsetx>3</textoffsetx>
		<textoffsety>8</textoffsety>
		<textcolor>df000000</textcolor>
	</include>
</includes>
