<window id="2">
	<defaultcontrol>50</defaultcontrol>
	<allowoverlay>yes</allowoverlay>
	<controls>
		<!-- background 16x9 -->

<include>background-image</include>

        <control type="image">
            <posx>50</posx>
            <posy>133</posy>
            <width>35</width>
            <height>50</height>
	    <aspectratio>stretch</aspectratio>
            <texture>bmx-users.png</texture>
	    <colordiffuse>grey2</colordiffuse>
        </control>

        <control type="image">
            <posx>120</posx>
            <posy>133</posy>
            <width>35</width>
            <height>50</height>
	    <aspectratio>stretch</aspectratio>
            <texture>bmx-settings.png</texture>
	    <colordiffuse>grey2</colordiffuse>
        </control>

       <control type="label">
            <posx>178</posx>
            <posy>167</posy>
            <width>70</width>
            <height>40</height>
            <font>font12</font>
            <aligny>center</aligny>
            <align>center</align>
	    <label>1</label>
        </control>

        <control type="image">
            <posx>190</posx>
            <posy>125</posy>
            <width>45</width>
            <height>60</height>
	    <aspectratio>stretch</aspectratio>
            <texture>bmx-pictures-glow.png</texture>
        </control>

        <control type="image">
            <posx>260</posx>
            <posy>133</posy>
            <width>35</width>
            <height>50</height>
	    <aspectratio>stretch</aspectratio>
            <texture>bmx-music.png</texture>
	    <colordiffuse>grey2</colordiffuse>
        </control>

        <control type="image">
            <posx>330</posx>
            <posy>133</posy>
            <width>35</width>
            <height>50</height>
	    <aspectratio>stretch</aspectratio>
            <texture>bmx-video.png</texture>
	    <colordiffuse>grey2</colordiffuse>
        </control>

        <control type="image">
            <posx>400</posx>
            <posy>133</posy>
            <width>35</width>
            <height>50</height>
	    <aspectratio>stretch</aspectratio>
            <texture>bmx-game.png</texture>
	    <colordiffuse>grey2</colordiffuse>
        </control>

        <control type="image">
            <posx>470</posx>
            <posy>133</posy>
            <width>35</width>
            <height>50</height>
	    <aspectratio>stretch</aspectratio>
            <texture>bmx-network.png</texture>
	    <colordiffuse>grey2</colordiffuse>
        </control>

        <control type="image">
            <posx>540</posx>
            <posy>133</posy>
            <width>35</width>
            <height>50</height>
	    <aspectratio>stretch</aspectratio>
            <texture>bmx-friends.png</texture>
	    <colordiffuse>grey2</colordiffuse>
        </control>

        <control type="image">
            <posx>610</posx>
            <posy>133</posy>
            <width>35</width>
            <height>50</height>
	    <aspectratio>stretch</aspectratio>
            <texture>bmx-scripts.png</texture>
	    <colordiffuse>grey2</colordiffuse>
        </control>
<!--

		<control type="group" id="9000">
			<posx>20</posx>
			<posy>-20</posy>
			<include>buttonpanelslide</include>
			<control type="button" id="2">
				<description>View As Icons button</description>
				<posx>0</posx>
				<posy>120</posy>
				<label>100</label>
				<onleft>50</onleft>
				<onright>50</onright>
				<onup>33</onup>
				<ondown>3</ondown>
			</control>
			<control type="button" id="3">
				<description>Sort by button</description>
				<posx>0</posx>
				<posy>157</posy>
				<label>103</label>
				<onleft>50</onleft>
				<onright>4</onright>
				<onup>2</onup>
				<ondown>99</ondown>
			</control>
			<control type="togglebutton" id="4">
				<description>Sort asc</description>
				<label>-</label>
				<onleft>3</onleft>
				<onright>50</onright>
				<onup>2</onup>
				<ondown>99</ondown>
			</control>
			<control type="radiobutton" id="99">
				<description>Library button</description>
				<posx>0</posx>
				<posy>194</posy>
				<label>$LOCALIZE[14022] $LOCALIZE[456]</label>
				<font>font13</font>
				<onclick>ReplaceWindow(myvideolibrary)</onclick>
				<onclick>SetFocus(99)</onclick>
				<selected>Window.IsVisible(myvideolibrary)</selected>
				<onleft>50</onleft>
				<onright>50</onright>
				<onup>3</onup>
				<ondown>7</ondown>
			</control>
			<control type="radiobutton" id="7">
				<description>Stacking</description>
				<posx>0</posx>
				<posy>231</posy>
				<label>346</label>
				<onleft>50</onleft>
				<onright>50</onright>
				<onup>99</onup>
				<ondown>31</ondown>
			</control>
		</control>




		<include>AllViewCommonThumbSmall</include>
		<include>AllViewCommonThumbLarge</include>
		<include>VideoDVDThumbLarge</include>
		<include>VideoDVDWrapView</include>
		<include>WideIcon_Small</include>
		<include>WideIcon_Big</include>
		<include>AllViewCommonPageControls</include>
		<include>windowswitchtransition</include>
		<include>VideoViewCommons</include>
-->



		<include>OldListViewCommons</include>




   <control type="button" id="512">
	<description>power button</description>
	<posx>665</posx>
	<posy>500</posy>
	<width>46</width>
	<height>64</height>
	<label>-</label>
	<font>font14</font>
      <onfocus>SetFocus(300)</onfocus>
      <onfocus>ReplaceWindow(home)</onfocus>
	<texturefocus>-</texturefocus>
	<texturenofocus>-</texturenofocus>
   </control>










	</controls>
</window>