<colors>
	<color name="shadow-grey">a0dadada</color>
	<color name="shadow-black">FF000000</color>
	<color name="shadow-white">FF000000</color>

	<color name="TextcolorGrey">FFff8000</color>
	<color name="TextcolorDarkGrey">FFff8000</color>
	<color name="TextcolorWhite">FFFF8000</color>
	<color name="TextcolorBlack">FFFF8000</color>
	<color name="TextcolorDisabled1">60000000</color>
	<color name="TextcolorDisabled2">60d0d0d0</color>
	<color name="listselectedcolor">FFFFFFFF</color>
</colors>
