<colors>
	<color name="shadow-grey">a0dadada</color>
	<color name="shadow-black">FFffffff</color>
	<color name="shadow-white">FFffffff</color>

	<color name="TextcolorGrey">FF5DFC0A</color>
	<color name="TextcolorDarkGrey">FF5DFC0A</color>
	<color name="TextcolorWhite">FF5DFC0A</color>
	<color name="TextcolorBlack">FF5DFC0A</color>
	<color name="TextcolorDisabled1">60000000</color>
	<color name="TextcolorDisabled2">60d0d0d0</color>
	<color name="listselectedcolor">FFFFFFFF</color>
</colors>
