<colors>
	<color name="shadow-grey">a0dadada</color>
	<color name="shadow-black">FFffffff</color>
	<color name="shadow-white">FFffffff</color>

	<color name="TextcolorGrey">FFA020F0</color>
	<color name="TextcolorDarkGrey">FFA020F0</color>
	<color name="TextcolorWhite">FFA020F0</color>
	<color name="TextcolorBlack">FFA020F0</color>
	<color name="TextcolorDisabled1">60000000</color>
	<color name="TextcolorDisabled2">60d0d0d0</color>
	<color name="listselectedcolor">FFFFFFFF</color>
</colors>
