<colors>
	<color name="shadow-grey">a0dadada</color>
	<color name="shadow-black">FFffffff</color>
	<color name="shadow-white">FFffffff</color>

	<color name="TextcolorGrey">FFF6A8B6</color>
	<color name="TextcolorDarkGrey">FFF6A8B6</color>
	<color name="TextcolorWhite">FFF6A8B6</color>
	<color name="TextcolorBlack">FFF6A8B6</color>
	<color name="TextcolorDisabled1">60000000</color>
	<color name="TextcolorDisabled2">60d0d0d0</color>
	<color name="listselectedcolor">FFFFFFFF</color>
</colors>