<colors>
	<color name="shadow-grey">a0dadada</color>
	<color name="shadow-black">FF000000</color>
	<color name="shadow-white">a0dadada</color>

	<color name="TextcolorGrey">FF888888</color>
	<color name="TextcolorDarkGrey">FF353535</color>
	<color name="TextcolorWhite">FFFFFFFF</color>
	<color name="TextcolorBlack">FF000000</color>
	<color name="TextcolorDisabled1">60000000</color>
	<color name="TextcolorDisabled2">60d0d0d0</color>
	<color name="listselectedcolor">FFFFFFFF</color>
</colors>