<colors>
	<color name="shadow-grey">00000000</color>
	<color name="shadow-black">00000000</color>
	<color name="shadow-white">00000000</color>

	<color name="TextcolorGrey">FF888888</color>
	<color name="TextcolorDarkGrey">FFffffff</color>
	<color name="TextcolorWhite">FFFFFFFF</color>
	<color name="TextcolorBlack">FFffffff</color>
	<color name="TextcolorDisabled1">60000000</color>
	<color name="TextcolorDisabled2">60d0d0d0</color>
	<color name="listselectedcolor">FFFFFFFF</color>
</colors>

