<window id="104">
	<zorder>1</zorder>
	<coordinates>
	<system>1</system>
	<posx>0</posx>
	<posy>0</posy>
	</coordinates>
	<include>Animation_DialogPopup</include>
	<controls>

	<control type="group">
		<include>Dialogs_Group</include>
		<include>Dialogs_Tablet</include>

		<control type="progress" id="20">
			<include>Dialogs_Progress</include>
			<info>Player.Volume</info>			
		</control>

		<include>Dialogs_VolumeIcon</include>	

		<control type="label" id="1">
			<include>Dialogs_Label2</include>
			<label>31707</label>
		</control>
	
		<control type="label">
			<include>Dialogs_Label3</include>
			<label>$INFO[Player.Volume]</label>
		</control>

	</control>


	</controls>
</window>