<window id="107">
	<zorder>1</zorder>
	<coordinates>
	<system>1</system>
	<posx>0</posx>
	<posy>0</posy>
	</coordinates>
	<include>Animation_DialogPopup</include>
	<controls>

	<control type="group">
		<include>Dialogs_Group</include>
		<include>Dialogs_Tablet</include>
		<include>Dialogs_Exclam</include>		

		<control type="label" id="401">
			<include>Dialogs_Label2</include>		
		</control>

		<control type="label" id="402">
			<include>Dialogs_Label3</include>
		</control>

	</control>

	</controls>
</window>
