<window type="dialog" id="2003">
	<defaultcontrol>8</defaultcontrol>
	<zorder>2</zorder>
	<coordinates>
		<system>1</system>
		<posx>0</posx>
		<posy>0</posy>
	</coordinates>
	<include>Animation_CommonFade</include>
	<controls>
		<control type="image">
			<include>FullscreenDimensions</include>
			<texture>common/darkgrey.png</texture>
		</control>

		<control type="image">
			<description>background image</description>
			<posx>486</posx>
			<posy>0</posy>
			<width>795</width>
			<height>720</height>
			<texture>info/info_rightpanelbottom.png</texture>
			<animation effect="slide" time="0" start="22,0" end="22,0" condition="Container.Content(episodes)">Conditional</animation>
		</control>

		<control type="largeimage">
			<posx>254</posx>
			<posy>0</posy>
			<width>1280</width>
			<height>720</height>
			<fadetime>500</fadetime>
			<texture>$INFO[listitem.property(fanart_image)]</texture>
			<visible>!IsEmpty(listitem.property(fanart_image)) + !Skin.HasSetting(noinfofanart)</visible>
		</control>

		<control type="image">
			<posx>0</posx>
			<posy>0</posy>
			<width>510</width>
			<height>720</height>
			<texture>common/darkgrey.png</texture>
			<visible>Container.Content(episodes)</visible>
		</control>

		<control type="image">
			<posx>0</posx>
			<posy>83</posy>
			<width>510</width>
			<height>637</height>
			<texture>info/musicinfogradient.png</texture>
			<visible>Container.Content(episodes)</visible>
		</control>

		<control type="group">

			<posx>55</posx>
			<animation effect="rotatey" time="0" start="-20" end="-20" center="20,0" condition="true">Conditional</animation>
			<animation effect="slide" start="430" end="0" time="700" tween="cubic" easing="out" delay="400">WindowOpen</animation>
			<visible>Container.Content(episodes)</visible>
			<control type="image">
				<description>Cover image</description>
				<width>370</width>
				<height>400</height>
				<posy>160</posy>
				<texture>$INFO[listitem.thumb]</texture>
				<bordertexture border="-77">info/musicinfoshadow.png</bordertexture>
				<aspectratio>stretch</aspectratio>
			</control>

			<control type="image">
				<description>Cover image</description>
				<posy>560</posy>
				<width>370</width>
				<height>400</height>
				<texture flipy="true" diffuse="common/Thumb_Mask6.png">$INFO[listitem.thumb]</texture>
				<aspectratio>stretch</aspectratio>
			</control>

		</control>

		<control type="image">
			<description>Cover image</description>
			<posx>0</posx>
			<posy>0</posy>
			<width>486</width>
			<height>720</height>
			<texture>info/movieinfogradient.png</texture>
			<aspectratio>stretch</aspectratio>
			<visible>!Skin.HasSetting(videotv)</visible>
		</control>

		<control type="largeimage">
			<description>Cover image</description>
			<posx>0</posx>
			<posy>0</posy>
			<width>486</width>
			<height>720</height>
			<texture>$INFO[listitem.thumb]</texture>
			<aspectratio>stretch</aspectratio>
		</control>

		<control type="largeimage">
			<description>Cover image</description>
			<posx>0</posx>
			<posy>0</posy>
			<width>486</width>
			<height>720</height>
			<texture>$INFO[listitem.path]movie.tbn</texture>
			<aspectratio>stretch</aspectratio>
			<fadetime>500</fadetime>
			<visible>!Skin.HasSetting(videotv)</visible>
		</control>

		<control type="largeimage">
			<description>Cover image</description>
			<posx>0</posx>
			<posy>0</posy>
			<width>486</width>
			<height>720</height>
			<texture>$INFO[listitem.path]poster.jpg</texture>
			<aspectratio>stretch</aspectratio>
			<fadetime>500</fadetime>
			<visible>Skin.HasSetting(videotv)</visible>
		</control>

		<control type="largeimage">
			<description>Cover image</description>
			<posx>0</posx>
			<posy>0</posy>
			<width>486</width>
			<height>720</height>
			<texture>$INFO[listitem.path]-big.png</texture>
			<aspectratio>stretch</aspectratio>
			<fadetime>500</fadetime>
			<visible>!Skin.HasSetting(videotv)</visible>
		</control>

		<control type="image">
			<description>background image</description>
			<posx>486</posx>
			<posy>0</posy>
			<width>795</width>
			<height>720</height>
			<texture>info/info_rightpaneltop.png</texture>
		</control>

		<!-- Movie info -->
		<control type="group">

			<posx>550</posx>
			<posy>45</posy>
			<width>695</width>
			<height>569</height>
			<visible>Container.Content(movies)</visible>
			<control type="image">
				<description>background image</description>
				<posx>0</posx>
				<posy>60</posy>
				<width>695</width>
				<height>569</height>
				<texture>info/info_panellines_movie.png</texture>
				<animation effect="fade" start="70" end="70" time="0" condition="Skin.HasSetting(lite)">Conditional</animation>
			</control>

			<control type="image">
				<include>Objects_FSInfoCertificate</include>
				<texture>flags/mpaa_restricted.png</texture>
				<visible>substring(listitem.mpaa,Rated R)</visible>
			</control>

			<control type="image">
				<include>Objects_FSInfoCertificate</include>
				<texture>flags/mpaa_pg13.png</texture>
				<visible>substring(listitem.mpaa,Rated PG-13)</visible>
			</control>

			<control type="image">
				<include>Objects_FSInfoCertificate</include>
				<texture>flags/mpaa_pg.png</texture>
				<visible>substring(listitem.mpaa,Rated PG) + !substring(listitem.mpaa,Rated PG-13)</visible>
			</control>

			<control type="image">
				<include>Objects_FSInfoCertificate</include>
				<texture>flags/mpaa_nc17.png</texture>
				<visible>substring(listitem.mpaa,Rated NC)</visible>
			</control>

			<control type="image">
				<include>Objects_FSInfoCertificate</include>
				<texture>flags/mpaa_g.png</texture>
				<visible>substring(listitem.mpaa,Rated G)</visible>
			</control>

			<control type="image">
				<include>Objects_FSInfoCertificate</include>
				<texture>flags/bbfc_u.png</texture>
				<visible>substring(listitem.mpaa,UK:u)</visible>
			</control>

			<control type="image">
				<include>Objects_FSInfoCertificate</include>
				<texture>flags/bbfc_pg.png</texture>
				<visible>substring(listitem.mpaa,UK:pg)</visible>
			</control>

			<control type="image">
				<include>Objects_FSInfoCertificate</include>
				<texture>flags/bbfc_12.png</texture>
				<visible>substring(listitem.mpaa,UK:12)</visible>
			</control>

			<control type="image">
				<include>Objects_FSInfoCertificate</include>
				<texture>flags/bbfc_15.png</texture>
				<visible>substring(listitem.mpaa,UK:15)</visible>
			</control>

			<control type="image">
				<include>Objects_FSInfoCertificate</include>
				<texture>flags/bbfc_18.png</texture>
				<visible>substring(listitem.mpaa,UK:18)</visible>
			</control>

			<control type="image">
				<include>Objects_FSInfoCertificate</include>
				<texture>flags/bbfc_18.png</texture>
				<visible>substring(listitem.mpaa,UK:X)</visible>
			</control>

			<control type="label">
				<description>Movie title</description>
				<posx>0</posx>
				<posy>0</posy>
				<width>700</width>
				<font>Font_FSInfoTitle</font>
				<label>$INFO[ListItem.Title]</label>
				<include>Colour_OffWhite</include>
			</control>

			<control type="label">
				<description>Movie year</description>
				<posx>181</posx>
				<posy>58</posy>
				<align>center</align>
				<include>Objects_FSInfoYear</include>
			</control>

			<control type="label">
				<description>Genre</description>
				<posx>310</posx>
				<posy>58</posy>
				<width>370</width>
				<include>Objects_FSInfoGenre</include>
			</control>

			<control type="label">
				<description>Directed by:</description>
				<posy>113</posy>
				<include>Objects_FSInfoLabel</include>
				<label>31402</label>
			</control>

			<control type="label">
				<description>Written by:</description>
				<posy>141</posy>
				<include>Objects_FSInfoLabel</include>
				<label>31401</label>
			</control>

			<control type="label">
				<description>Duration:</description>
				<posy>169</posy>
				<include>Objects_FSInfoLabel</include>
				<label>31434</label>
			</control>

			<control type="label">
				<description>Starring:</description>
				<posy>197</posy>
				<include>Objects_FSInfoLabel</include>
				<label>31405</label>
			</control>

			<control type="label">
				<description>Director</description>
				<posy>113</posy>
				<include>Objects_FSInfoValue</include>
				<label fallback="31425">$INFO[ListItem.Director]</label>
			</control>

			<control type="label">
				<description>Writer</description>
				<posy>142</posy>
				<include>Objects_FSInfoValue</include>
				<label fallback="31425">$INFO[ListItem.Writer]</label>
			</control>

			<control type="label">
				<description>Writer</description>
				<posy>170</posy>
				<include>Objects_FSInfoValue</include>
				<label fallback="31425">$INFO[ListItem.Duration]</label>
			</control>

			<control type="textbox">
				<description>Cast</description>
				<posx>120</posx>
				<posy>203</posy>
				<width>500</width>
				<height>110</height>
				<align>left</align>
				<font>Font_FSInfoData</font>
				<label fallback="31435">$INFO[ListItem.CastAndRole]</label>
				<include>Colour_OffWhite</include>
			</control>

			<control type="grouplist" id="9000">
				<include>Objects_FSInfoMenu</include>
				<animation effect="slide" start="0,27" end="0,27" time="0" condition="true">Conditional</animation>
				<control type="button" id="8">
					<label>31411</label>
					<include>Objects_FSInfoButton</include>
				</control>

				<control type="button" id="6">
					<label>31410</label>
					<include>Objects_FSInfoButton</include>
					<visible>!Skin.HasSetting(kiosk)</visible>
				</control>

				<control type="button" id="10">
					<label>31418</label>
					<include>Objects_FSInfoButton</include>
					<visible>!Skin.HasSetting(kiosk)</visible>
				</control>

				<control type="button" id="12">
					<label>31412</label>
					<include>Objects_FSInfoButton</include>
					<visible>!Skin.HasSetting(kiosk)</visible>
				</control>

				<control type="button" id="11">
					<label>31409</label>
					<include>Objects_FSInfoButton</include>
					<visible>!IsEmpty(ListItem.Trailer)</visible>
				</control>

			</control>

			<control type="textbox">
				<description>Plot</description>
				<posx>3</posx>
				<posy>356</posy>
				<width>630</width>
				<height>212</height>
				<align>left</align>
				<font>Font_FSInfoPlot</font>
				<label fallback="31414">$INFO[ListItem.Plot]</label>
				<autoscroll delay="15000" time="1000" repeat="10000">Skin.HasSetting(allowscroll)</autoscroll>
				<include>Colour_OffWhite</include>
			</control>

			<control type="label">
				<description>IMDB:</description>
				<posx>3</posx>
				<posy>583</posy>
				<width>110</width>
				<height>29</height>
				<align>left</align>
				<font>Font_FSIMDB</font>
				<label>31408</label>
				<include>Colour_Grey</include>
				<visible>false</visible>
			</control>

			<include>Furniture_MovieInfoMediaFlags</include>
			<control type="label">
				<description>IMDB rating</description>
				<posx>60</posx>
				<posy>570</posy>
				<width>110</width>
				<height>29</height>
				<align>left</align>
				<font>Font_FSIMDBData</font>
				<label>[UPPERCASE]$INFO[ListItem.Rating][/UPPERCASE]</label>
				<include>Colour_OffWhite</include>
				<visible>false</visible>
			</control>

			<control type="image">
				<description>IMDB rating</description>
				<posx>411</posx>
				<posy>589</posy>
				<width>151</width>
				<height>30</height>
				<info>ListItem.StarRating</info>
				<visible>Skin.HasSetting(inforatings)</visible>
				<colordiffuse>FF7c7c7c</colordiffuse>
				<animation effect="slide" start="-58,0" end="-58,0" time="0" condition="Control.IsVisible(91) + Control.IsVisible(92) + !Control.IsVisible(93) + Control.IsVisible(94)">Conditional</animation>
				<animation effect="slide" start="-323,0" end="-323,0" time="0" condition="!Control.IsVisible(91) + !Control.IsVisible(92) + !Control.IsVisible(93) + Control.IsVisible(94)">Conditional</animation>
				<animation effect="slide" start="-302,0" end="-302,0" time="0" condition="Control.IsVisible(91) + !Control.IsVisible(92) + !Control.IsVisible(93) + !Control.IsVisible(94)">Conditional</animation>
				<animation effect="slide" start="-150,0" end="-150,0" time="0" condition="Control.IsVisible(91) + Control.IsVisible(92) + !Control.IsVisible(93) + !Control.IsVisible(94)">Conditional</animation>
				<animation effect="slide" start="-260,0" end="-260,0" time="0" condition="!Control.IsVisible(91) + Control.IsVisible(92) + !Control.IsVisible(93) + !Control.IsVisible(94)">Conditional</animation>
				<animation effect="slide" start="-88,0" end="-88,0" time="0" condition="Control.IsVisible(91) + Control.IsVisible(92) + Control.IsVisible(93) + !Control.IsVisible(94)">Conditional</animation>
				<animation effect="slide" start="-108,0" end="-108,0" time="0" condition="!Control.IsVisible(91) + Control.IsVisible(92) + Control.IsVisible(93) + Control.IsVisible(94)">Conditional</animation>
				<animation effect="slide" start="-200,0" end="-200,0" time="0" condition="!Control.IsVisible(91) + Control.IsVisible(92) + Control.IsVisible(93) + !Control.IsVisible(94)">Conditional</animation>
				<animation effect="slide" start="-407,0" end="-407,0" time="0" condition="![Control.IsVisible(91) | Control.IsVisible(92) | Control.IsVisible(93) | Control.IsVisible(94)]">Conditional</animation>
				<animation effect="slide" start="-261,0" end="-261,0" time="0" condition="!Control.IsVisible(91) + !Control.IsVisible(92) + Control.IsVisible(93) + Control.IsVisible(94)">Conditional</animation>
				<animation effect="slide" start="-148,0" end="-148,0" time="0" condition="Control.IsVisible(91) + !Control.IsVisible(92) + Control.IsVisible(93) + Control.IsVisible(94)">Conditional</animation>
				<animation effect="slide" start="-350,0" end="-350,0" time="0" condition="!Control.IsVisible(91) + !Control.IsVisible(92) + Control.IsVisible(93) + !Control.IsVisible(94)">Conditional</animation>
				<animation effect="slide" start="-238,0" end="-238,0" time="0" condition="Control.IsVisible(91) + !Control.IsVisible(92) + Control.IsVisible(93) + !Control.IsVisible(94)">Conditional</animation>
				<animation effect="slide" start="-177,0" end="-177,0" time="0" condition="!Control.IsVisible(91) + Control.IsVisible(92) + !Control.IsVisible(93) + Control.IsVisible(94)">Conditional</animation>
			</control>

		</control>

		<!-- TV info -->
		<control type="group">

			<posx>550</posx>
			<posy>45</posy>
			<width>695</width>
			<height>569</height>
			<visible>Container.Content(tvshows)</visible>
			<control type="image">
				<description>background image</description>
				<posx>0</posx>
				<posy>60</posy>
				<width>695</width>
				<height>569</height>
				<texture>info/info_tv_panellines.png</texture>
				<visible>Container.Content(tvshows)</visible>
				<animation effect="fade" start="70" end="70" time="0" condition="Skin.HasSetting(lite)">Conditional</animation>
			</control>

			<control type="label">
				<description>Movie title</description>
				<posx>0</posx>
				<posy>0</posy>
				<width>700</width>
				<font>Font_FSInfoTitle</font>
				<label>$INFO[ListItem.Title]</label>
				<include>Colour_OffWhite</include>
			</control>

			<control type="label">
				<description>Movie year</description>
				<posx>0</posx>
				<posy>58</posy>
				<align>left</align>
				<include>Objects_FSInfoYear</include>
			</control>

			<control type="label">
				<description>Genre</description>
				<posx>120</posx>
				<posy>58</posy>
				<width>370</width>
				<include>Objects_FSInfoGenre</include>
			</control>

			<control type="label">
				<description>Premiered:</description>
				<posy>112</posy>
				<label>31407</label>
				<include>Objects_FSInfoLabel</include>
			</control>

			<control type="label">
				<description>Written by:</description>
				<posy>141</posy>
				<label>31406</label>
				<include>Objects_FSInfoLabel</include>
			</control>

			<control type="label">
				<description>Starring:</description>
				<posy>170</posy>
				<label>31405</label>
				<include>Objects_FSInfoLabel</include>
			</control>

			<control type="label">
				<description>Director</description>
				<posy>112</posy>
				<label fallback="31425">$INFO[ListItem.Premiered]</label>
				<include>Objects_FSInfoValue</include>
			</control>

			<control type="label">
				<description>Writer</description>
				<posy>141</posy>
				<label fallback="31425">$INFO[ListItem.Episode]</label>
				<include>Objects_FSInfoValue</include>
			</control>

			<control type="textbox">
				<description>Cast</description>
				<posx>120</posx>
				<posy>173</posy>
				<width>500</width>
				<height>110</height>
				<align>left</align>
				<font>Font_FSInfoData</font>
				<label fallback="31435">$INFO[ListItem.CastAndRole]</label>
				<include>Colour_OffWhite</include>
			</control>

			<control type="grouplist" id="9000">
				<include>Objects_FSInfoMenu</include>
				<control type="button" id="8">
					<label>31411</label>
					<include>Objects_FSInfoButton</include>
				</control>

				<control type="button" id="6">
					<label>31410</label>
					<include>Objects_FSInfoButton</include>
					<visible>!Skin.HasSetting(kiosk)</visible>
				</control>

				<control type="button" id="10">
					<label>31418</label>
					<include>Objects_FSInfoButton</include>
					<visible>!Skin.HasSetting(kiosk)</visible>
				</control>

				<control type="button" id="12">
					<label>31412</label>
					<include>Objects_FSInfoButton</include>
					<visible>!Skin.HasSetting(kiosk)</visible>
				</control>

				<control type="button" id="11">
					<label>31409</label>
					<include>Objects_FSInfoButton</include>
					<visible>!IsEmpty(ListItem.Trailer)</visible>
				</control>

			</control>

			<control type="textbox">
				<description>Plot</description>
				<posx>3</posx>
				<posy>330</posy>
				<width>630</width>
				<height>212</height>
				<align>left</align>
				<font>Font_FSInfoPlot</font>
				<autoscroll delay="15000" time="1000" repeat="10000">Skin.HasSetting(allowscroll)</autoscroll>
				<label fallback="31414">$INFO[ListItem.Plot]</label>
				<include>Colour_OffWhite</include>
			</control>

			<control type="label">
				<description>IMDB:</description>
				<posx>3</posx>
				<posy>583</posy>
				<width>110</width>
				<height>29</height>
				<align>left</align>
				<font>Font_FSIMDB</font>
				<label>31417</label>
				<include>Colour_Grey</include>
			</control>

			<control type="label">
				<description>IMDB rating</description>
				<posx>76</posx>
				<posy>570</posy>
				<width>110</width>
				<height>29</height>
				<align>left</align>
				<font>Font_FSIMDBData</font>
				<label>[UPPERCASE]$INFO[ListItem.Rating][/UPPERCASE]</label>
				<include>Colour_OffWhite</include>
				<visible>Skin.HasSetting(movieratingtext)</visible>
			</control>

			<control type="image">
				<description>IMDB rating</description>
				<posx>76</posx>
				<posy>573</posy>
				<width>201</width>
				<height>43</height>
				<info>ListItem.StarRating</info>
				<visible>!Skin.HasSetting(movieratingtext)</visible>
			</control>

		</control>

		<!-- Episode info -->
		<control type="group">

			<posx>550</posx>
			<posy>45</posy>
			<width>695</width>
			<height>569</height>
			<visible>Container.Content(episodes)</visible>
			<control type="image">
				<description>background image</description>
				<posx>0</posx>
				<posy>60</posy>
				<width>695</width>
				<height>569</height>
				<texture>info/info_tv_panellines.png</texture>
				<animation effect="fade" start="70" end="70" time="0" condition="Skin.HasSetting(lite)">Conditional</animation>
			</control>

			<control type="label">
				<description>Movie title</description>
				<posx>0</posx>
				<posy>0</posy>
				<width>700</width>
				<font>Font_FSInfoTitle</font>
				<label>$INFO[ListItem.Title]</label>
				<include>Colour_OffWhite</include>
			</control>

			<control type="label">
				<description>Movie year</description>
				<posx>0</posx>
				<posy>58</posy>
				<align>left</align>
				<include>Objects_FSInfoYear</include>
			</control>

			<control type="label">
				<description>Genre</description>
				<posx>120</posx>
				<posy>58</posy>
				<width>370</width>
				<align>left</align>
				<aligny>center</aligny>
				<font>Font_FSInfoGenre</font>
				<label fallback="31425">[UPPERCASE]$LOCALIZE[31432] $INFO[ListItem.Season], $LOCALIZE[31433] $INFO[ListItem.Episode][/UPPERCASE]</label>
				<include>Colour_Grey</include>
				<height>56</height>
			</control>

			<control type="label">
				<description>Director:</description>
				<posy>112</posy>
				<label>31402</label>
				<include>Objects_FSInfoLabel</include>
			</control>

			<control type="label">
				<description>Writer:</description>
				<posy>141</posy>
				<label>31401</label>
				<include>Objects_FSInfoLabel</include>
			</control>

			<control type="label">
				<description>Starring:</description>
				<posy>170</posy>
				<label>31405</label>
				<include>Objects_FSInfoLabel</include>
			</control>

			<control type="label">
				<description>Director value</description>
				<posy>112</posy>
				<label fallback="31425">$INFO[ListItem.Director]</label>
				<include>Objects_FSInfoValue</include>
			</control>

			<control type="label">
				<description>Writer value</description>
				<posy>141</posy>
				<label fallback="31425">$INFO[ListItem.Writer]</label>
				<include>Objects_FSInfoValue</include>
			</control>

			<control type="textbox">
				<description>Cast</description>
				<posx>120</posx>
				<posy>173</posy>
				<width>500</width>
				<height>110</height>
				<align>left</align>
				<font>Font_FSInfoData</font>
				<label fallback="31435">$INFO[ListItem.CastAndRole]</label>
				<include>Colour_OffWhite</include>
			</control>

			<control type="grouplist" id="9000">
				<include>Objects_FSInfoMenu</include>
				<control type="button" id="8">
					<label>31411</label>
					<include>Objects_FSInfoButton</include>
				</control>

				<control type="button" id="6">
					<label>31410</label>
					<include>Objects_FSInfoButton</include>
					<visible>!Skin.HasSetting(kiosk)</visible>
				</control>

				<control type="button" id="10">
					<label>31418</label>
					<include>Objects_FSInfoButton</include>
				</control>

			</control>

			<control type="textbox">
				<description>Plot</description>
				<posx>3</posx>
				<posy>330</posy>
				<width>630</width>
				<height>212</height>
				<align>left</align>
				<font>Font_FSInfoPlot</font>
				<autoscroll delay="15000" time="1000" repeat="10000">Skin.HasSetting(allowscroll)</autoscroll>
				<label fallback="31414">$INFO[ListItem.Plot]</label>
				<include>Colour_OffWhite</include>
			</control>

			<control type="label">
				<description>IMDB:</description>
				<posx>3</posx>
				<posy>583</posy>
				<width>110</width>
				<height>29</height>
				<align>left</align>
				<font>Font_FSIMDB</font>
				<label>31417</label>
				<include>Colour_Grey</include>
			</control>

			<control type="label">
				<description>IMDB rating</description>
				<posx>76</posx>
				<posy>570</posy>
				<width>110</width>
				<height>29</height>
				<align>left</align>
				<font>Font_FSIMDBData</font>
				<label>[UPPERCASE]$INFO[ListItem.Rating][/UPPERCASE]</label>
				<include>Colour_OffWhite</include>
				<visible>Skin.HasSetting(movieratingtext)</visible>
			</control>

			<control type="image">
				<description>IMDB rating</description>
				<posx>76</posx>
				<posy>573</posy>
				<width>201</width>
				<height>43</height>
				<info>ListItem.StarRating</info>
				<visible>!Skin.HasSetting(movieratingtext)</visible>
			</control>

		</control>

		<!--<include>Background_ContextBlack</include>-->
	</controls>
</window>