<includes>
	<include name="Furniture_EpisodeMediaFlagsVars">
		<posy>655</posy>
		<width>110</width>
		<height>72</height>
		<include>Animation_CommonFade</include>
		<include>Animation_HideShowcase</include>
		<include>Animation_HideMultiplex</include>
		<visible>Control.IsVisible(57) | Control.IsVisible(52) | Control.IsVisible(552)</visible>
		<include condition="!Skin.HasSetting(darkfloor)">ShowcaseMediaFlagLightShade</include>
		<include condition="Skin.HasSetting(darkfloor)">ShowcaseMediaFlagNightShade</include>
	</include>
	<include name="ShowcaseMediaFlagLightShade">
		<colordiffuse>74000000</colordiffuse>
	</include>
	<include name="ShowcaseMediaFlagNightShade">
		<colordiffuse>FFe1e1e1</colordiffuse>
	</include>
	<include name="Furniture_ShowcaseMediaFlagsVars">
		<posy>647</posy>
		<width>110</width>
		<height>72</height>
		<include>Animation_CommonFade</include>
		<include>Animation_HideShowcase</include>
		<include>Animation_HideMultiplex</include>
		<visible>Control.IsVisible(57) | Control.IsVisible(52) | Control.IsVisible(552)</visible>
		<include condition="!Skin.HasSetting(darkfloor)">ShowcaseMediaFlagLightShade</include>
		<include condition="Skin.HasSetting(darkfloor)">ShowcaseMediaFlagNightShade</include>
	</include>
	<include name="Furniture_ListMediaFlagsVars">
		<include condition="Skin.HasSetting(dvdcase)">Furniture_ListMediaFlagsXPos</include>
		<posy>630</posy>
		<width>90</width>
		<height>59</height>
		<include>Animation_CommonFade</include>
		<include>Animation_HideShowcase</include>
		<include>Animation_HideMultiplex</include>
		<visible>Control.IsVisible(50) | Control.IsVisible(550)</visible>
		<include condition="!Skin.HasSetting(darkfloor)">ShowcaseMediaFlagLightShade</include>
		<include condition="Skin.HasSetting(darkfloor)">ShowcaseMediaFlagNightShade</include>
	</include>
	<include name="Furniture_PanelMediaFlagsVars">
		<posy>454</posy>
		<width>90</width>
		<height>59</height>
		<include>Animation_CommonFade</include>
		<visible>Control.IsVisible(52) | Control.IsVisible(552) | Control.IsVisible(53)</visible>
	</include>
	<include name="Furniture_ShowcaseMediaFlagsBlack">
		<posy>647</posy>
		<width>110</width>
		<height>72</height>
		<include>Animation_CommonFade</include>
		<include>Animation_HideShowcase</include>
		<include>Animation_HideMultiplex</include>
		<include>Conditions_ShowcaseIsVisible</include>
	</include>
	<include name="Furniture_MovieInfoFlagSource">
		<posx>4</posx>
		<posy>589</posy>
		<width>93</width>
		<height>30</height>
		<colordiffuse>FF7c7c7c</colordiffuse>
	</include>
	<include name="Furniture_MovieInfoFlagSound">
		<posx>115</posx>
		<posy>589</posy>
		<width>131</width>
		<height>30</height>
		<colordiffuse>FF7c7c7c</colordiffuse>
		<animation effect="slide" start="-148,0" end="-148,0" time="0" condition="Control.IsVisible(91) + !Control.IsVisible(92)">Conditional</animation>
		<animation effect="slide" start="-111,0" end="-111,0" time="0" condition="!Control.IsVisible(91)">Conditional</animation>
	</include>
	<include name="Furniture_MovieInfoFlagSubs">
		<posx>263</posx>
		<posy>589</posy>
		<width>39</width>
		<height>30</height>
		<colordiffuse>FF7c7c7c</colordiffuse>
		<animation effect="slide" start="-111,0" end="-111,0" time="0" condition="!Control.IsVisible(91) + Control.IsVisible(92)">Conditional</animation>
		<animation effect="slide" start="-259,0" end="-259,0" time="0" condition="!Control.IsVisible(91) + !Control.IsVisible(92)">Conditional</animation>
		<animation effect="slide" start="-148,0" end="-148,0" time="0" condition="Control.IsVisible(91) + !Control.IsVisible(92)">Conditional</animation>
	</include>
	<include name="Furniture_MovieInfoFlagRes">
		<posx>325</posx>
		<posy>589</posy>
		<width>67</width>
		<height>30</height>
		<colordiffuse>FF7c7c7c</colordiffuse>
		<animation effect="slide" start="-210,0" end="-210,0" time="0" condition="Control.IsVisible(91) + !Control.IsVisible(92) + !Control.IsVisible(93)">Conditional</animation>
		<animation effect="slide" start="-147,0" end="-147,0" time="0" condition="Control.IsVisible(91) + !Control.IsVisible(92) + Control.IsVisible(93)">Conditional</animation>
		<animation effect="slide" start="-260,0" end="-260,0" time="0" condition="!Control.IsVisible(91) + !Control.IsVisible(92) + Control.IsVisible(93)">Conditional</animation>
		<animation effect="slide" start="-110,0" end="-110,0" time="0" condition="!Control.IsVisible(91) + Control.IsVisible(92) + Control.IsVisible(93)">Conditional</animation>
		<animation effect="slide" start="-173,0" end="-173,0" time="0" condition="!Control.IsVisible(91) + Control.IsVisible(92) + !Control.IsVisible(93)">Conditional</animation>
		<animation effect="slide" start="-59,0" end="-59,0" time="0" condition="Control.IsVisible(91) + Control.IsVisible(92) + !Control.IsVisible(93)">Conditional</animation>
		<animation effect="slide" start="-321,0" end="-321,0" time="0" condition="!Control.IsVisible(91) + !Control.IsVisible(92) + !Control.IsVisible(93) + Control.IsVisible(94)">Conditional</animation>
	</include>
	<include name="Furniture_FlagUpright">
		<posy>581</posy>
		<width>1</width>
		<height>47</height>
		<texture>info/info_flagupright.png</texture>
		<animation effect="fade" start="70" end="70" time="0" condition="Skin.HasSetting(lite)">Conditional</animation>
	</include>
	<include name="Furniture_MovieInfoMediaFlags">
		<control type="image">
			<posx>104</posx>
			<include>Furniture_FlagUpright</include>
			<visible>Control.IsVisible(91) + [Control.IsVisible(92) | Control.IsVisible(93) | Control.IsVisible(94) | Skin.HasSetting(inforatings)]</visible>
		</control>
		<control type="image">
			<posx>253</posx>
			<include>Furniture_FlagUpright</include>
			<visible>Control.IsVisible(92) + [Control.IsVisible(93) | Control.IsVisible(94) | Skin.HasSetting(inforatings)]</visible>
			<animation effect="slide" start="-111,0" end="-111,0" time="0" condition="!Control.IsVisible(91)">Conditional</animation>
		</control>
		<control type="image">
			<posx>313</posx>
			<include>Furniture_FlagUpright</include>
			<visible>Control.IsVisible(93) + [Control.IsVisible(94) | Skin.HasSetting(inforatings)]</visible>
			<animation effect="slide" start="-110,0" end="-110,0" time="0" condition="!Control.IsVisible(91) + Control.IsVisible(92) + Control.IsVisible(93)">Conditional</animation>
			<animation effect="slide" start="-259,0" end="-259,0" time="0" condition="!Control.IsVisible(91) + !Control.IsVisible(92)">Conditional</animation>
			<animation effect="slide" start="-148,0" end="-148,0" time="0" condition="Control.IsVisible(91) + !Control.IsVisible(92)">Conditional</animation>
		</control>
		<control type="image">
			<posx>403</posx>
			<include>Furniture_FlagUpright</include>
			<visible>Control.IsVisible(94) + Skin.HasSetting(inforatings)</visible>
			<animation effect="slide" start="-110,0" end="-110,0" time="0" condition="!Control.IsVisible(91) + Control.IsVisible(92) + Control.IsVisible(93)">Conditional</animation>
			<animation effect="slide" start="-259,0" end="-259,0" time="0" condition="!Control.IsVisible(91) + !Control.IsVisible(92)">Conditional</animation>
			<animation effect="slide" start="-148,0" end="-148,0" time="0" condition="Control.IsVisible(91) + !Control.IsVisible(92) + Control.IsVisible(93)">Conditional</animation>
			<animation effect="slide" start="-58,0" end="-58,0" time="0" condition="Control.IsVisible(91) + Control.IsVisible(92) + !Control.IsVisible(93)">Conditional</animation>
			<animation effect="slide" start="-64,0" end="-64,0" time="0" condition="!Control.IsVisible(91) + !Control.IsVisible(92) + !Control.IsVisible(93)">Conditional</animation>
			<animation effect="slide" start="-212,0" end="-212,0" time="0" condition="Control.IsVisible(91) + !Control.IsVisible(92) + !Control.IsVisible(93)">Conditional</animation>
			<animation effect="slide" start="-175,0" end="-175,0" time="0" condition="!Control.IsVisible(91) + Control.IsVisible(92) + !Control.IsVisible(93)">Conditional</animation>
		</control>
		<control type="image" id="91">
			<include>Furniture_MovieInfoFlagSource</include>
			<texture>$INFO[ListItem.VideoCodec,flags/info/,.png]</texture>
			<visible>!substring(listitem.filename,hdtv) + !substring(listitem.filename,dvd) + !substring(listitem.filename,bluray) + !substring(listitem.filename,blu-ray) + !substring(listitem.filename,bdrip) + !substring(listitem.filename,.iso,Right) + !substring(listitem.filename,.ifo,Right)</visible>
		</control>
		<control type="image" id="91">
			<include>Furniture_MovieInfoFlagSource</include>
			<texture>flags/info/hdtv.png</texture>
			<visible>substring(listitem.filename,hdtv)</visible>
		</control>
		<control type="image" id="91">
			<include>Furniture_MovieInfoFlagSource</include>
			<texture>flags/info/hddvd.png</texture>
			<visible>substring(listitem.filename,hddvd) | substring(listitem.filename,hd-dvd)</visible>
		</control>
		<control type="image" id="91">
			<include>Furniture_MovieInfoFlagSource</include>
			<texture>flags/info/bluray.png</texture>
			<visible>substring(listitem.filename,bluray) | substring(listitem.filename,blu-ray) | substring(listitem.filename,bdrip)</visible>
		</control>
		<control type="image" id="91">
			<include>Furniture_MovieInfoFlagSource</include>
			<texture>flags/info/dvd.png</texture>
			<visible>[substring(listitem.filename,dvd) + !substring(listitem.filename,hddvd) + !substring(listitem.filename,hd-dvd)] | substring(listitem.filename,.iso,Right) | substring(listitem.filename,.ifo,Right)</visible>
		</control>
		<control type="image" id="92">
			<include>Furniture_MovieInfoFlagSound</include>
			<texture>flags/info/dd51.png</texture>
			<visible>substring(ListItem.AudioChannels,6) + substring(ListItem.AudioCodec,ac3)</visible>
		</control>
		<control type="image" id="92">
			<include>Furniture_MovieInfoFlagSound</include>
			<texture>flags/info/dd71.png</texture>
			<visible>substring(ListItem.AudioChannels,8) + substring(ListItem.AudioCodec,ac3)</visible>
		</control>
		<control type="image" id="92">
			<include>Furniture_MovieInfoFlagSound</include>
			<texture>flags/info/dts51.png</texture>
			<visible>substring(ListItem.AudioChannels,6) + substring(ListItem.AudioCodec,dca)</visible>
		</control>
		<control type="image" id="92">
			<include>Furniture_MovieInfoFlagSound</include>
			<texture>flags/info/dts71.png</texture>
			<visible>substring(ListItem.AudioChannels,8) + substring(ListItem.AudioCodec,dca)</visible>
		</control>
		<control type="image" id="92">
			<include>Furniture_MovieInfoFlagSound</include>
			<texture>flags/info/dolby20.png</texture>
			<visible>substring(ListItem.AudioChannels,2)</visible>
		</control>
		<control type="image" id="92">
			<include>Furniture_MovieInfoFlagSound</include>
			<texture>flags/info/mono.png</texture>
			<visible>substring(ListItem.AudioChannels,1)</visible>
		</control>
		<control type="image" id="93">
			<include>Furniture_MovieInfoFlagSubs</include>
			<texture>flags/info/cc.png</texture>
			<visible>!IsEmpty(ListItem.SubtitleLanguage)</visible>
		</control>
		<control type="image" id="94">
			<include>Furniture_MovieInfoFlagRes</include>
			<texture>$INFO[ListItem.VideoResolution,flags/info/,.png]</texture>
		</control>
	</include>
	<include name="Furniture_ListMediaFlags">
		<visible>[Control.IsVisible(50) | Control.IsVisible(550)] + [Container.Content(movies) | Container.Content(episodes) | Container.Content(tvshows) | Container.Content(seasons)] + !Skin.HasSetting(nomediaflags)</visible>
		<include>Animation_CommonFade</include>
		<control type="group">
			<posx>1105</posx>
			<control type="image" id="187">
				<include>Furniture_ListMediaFlagsVars</include>
				<texture>$INFO[ListItem.VideoResolution,flags/,.png]</texture>
			</control>
		</control>
		<control type="group">
			<posx>981</posx>
			<control type="image" id="188">
				<include>Furniture_ListMediaFlagsVars</include>
				<texture>$INFO[ListItem.AudioCodec,flags/,.png]</texture>
			</control>
			<control type="image" id="188">
				<include>Furniture_ListMediaFlagsVars</include>
				<texture>$INFO[ListItem.AudioChannels,flags/,ch.png]</texture>
			</control>
		</control>
		<control type="group">
			<posx>855</posx>
			<control type="image" id="189">
				<include>Furniture_ListMediaFlagsVars</include>
				<texture>$INFO[ListItem.VideoCodec,flags/,.png]</texture>
				<visible>!substring(listitem.filename,hdtv) + !substring(listitem.filename,dvd) + !substring(listitem.filename,bluray) + !substring(listitem.filename,blu-ray) + !substring(listitem.filename,bdrip) + !substring(listitem.filename,.iso,Right) + !substring(listitem.filename,.ifo,Right)</visible>
			</control>
			<control type="image" id="189">
				<include>Furniture_ListMediaFlagsVars</include>
				<texture>flags/hdtv.png</texture>
				<visible>substring(listitem.filename,hdtv)</visible>
			</control>
			<control type="image" id="189">
				<include>Furniture_ListMediaFlagsVars</include>
				<texture>flags/hddvd.png</texture>
				<visible>substring(listitem.filename,hddvd) | substring(listitem.filename,hd-dvd)</visible>
			</control>
			<control type="image" id="189">
				<include>Furniture_ListMediaFlagsVars</include>
				<texture>flags/bluray.png</texture>
				<visible>substring(listitem.filename,bluray) | substring(listitem.filename,blu-ray) | substring(listitem.filename,bdrip)</visible>
			</control>
			<control type="image" id="189">
				<include>Furniture_ListMediaFlagsVars</include>
				<texture>flags/dvd.png</texture>
				<visible>[substring(listitem.filename,dvd) + !substring(listitem.filename,hddvd) + !substring(listitem.filename,hd-dvd)] | substring(listitem.filename,.iso,Right) | substring(listitem.filename,.ifo,Right)</visible>
			</control>
			<control type="image" id="189">
				<include>Furniture_ListMediaFlagsVars</include>
				<texture>flags/dvb.png</texture>
				<visible>substring(listitem.filename,dvb)</visible>
			</control>
		</control>
	</include>
	<include name="Furniture_ShowcaseMediaFlags">
		<control type="group">
			<visible>Window.IsActive(25) + [Control.IsVisible(57) | [[Control.IsVisible(52) | Control.IsVisible(552)] + !Skin.HasSetting(oldmultiplex)]] + !Skin.HasSetting(nomediaflags) + Container.Content(movies) + ![Control.HasFocus(60) | Control.HasFocus(94)]</visible>
			<include>Animation_CommonFade</include>
			<control type="image">
				<posx>0</posx>
				<posy>569</posy>
				<width>298</width>
				<height>151</height>
				<texture>showcase/flagshade.png</texture>
				<include>Animation_HideShowcase</include>
				<visible>!Skin.HasSetting(darkfloor)</visible>
			</control>
			<control type="image">
				<posx>982</posx>
				<posy>569</posy>
				<width>298</width>
				<height>151</height>
				<texture flipx="true">showcase/flagshade.png</texture>
				<include>Animation_HideShowcase</include>
				<visible>!Skin.HasSetting(darkfloor)</visible>
			</control>
		</control>
		<control type="group">
			<visible>Window.IsActive(25) + [Control.IsVisible(57) | [[Control.IsVisible(52) | Control.IsVisible(552)] + !Skin.HasSetting(oldmultiplex)]] + !Skin.HasSetting(nomediaflags) + Container.Content(movies) + ![Control.HasFocus(60) | Control.HasFocus(94)]</visible>
			<include>Animation_CommonFade</include>
			<control type="group">
				<posx>80</posx>
				<control type="image">
					<include>Furniture_ShowcaseMediaFlagsVars</include>
					<texture>flags/default.png</texture>
					<visible>!Control.IsVisible(81) + !Skin.HasSetting(nodefaultflags)</visible>
				</control>
				<control type="image" id="81">
					<include>Furniture_ShowcaseMediaFlagsVars</include>
					<texture>$INFO[listitem.studio,flags/studios/,.png]</texture>
				</control>
			</control>
			<control type="group">
				<posx>975</posx>
				<control type="image">
					<include>Furniture_ShowcaseMediaFlagsVars</include>
					<texture>flags/defaultscreen.png</texture>
					<visible>!Control.IsVisible(83) + !Skin.HasSetting(nodefaultflags)</visible>
				</control>
				<control type="image" id="83">
					<include>Furniture_ShowcaseMediaFlagsVars</include>
					<texture>$INFO[ListItem.VideoResolution,flags/,.png]</texture>
				</control>
			</control>
			<control type="group">
				<posx>1085</posx>
				<control type="image">
					<include>Furniture_ShowcaseMediaFlagsVars</include>
					<texture>$INFO[ListItem.AudioChannels,flags/,ch.png]</texture>
				</control>
				<control type="image">
					<include>Furniture_ShowcaseMediaFlagsVars</include>
					<texture>$INFO[ListItem.AudioCodec,flags/,.png]</texture>
				</control>
			</control>
			<control type="group">
				<posx>190</posx>
				<control type="image" id="82">
					<include>Furniture_ShowcaseMediaFlagsVars</include>
					<texture>$INFO[ListItem.VideoCodec,flags/,.png]</texture>
					<visible>!substring(listitem.filename,hdtv) + !substring(listitem.filename,dvd) + !substring(listitem.filename,bluray) + !substring(listitem.filename,blu-ray) + !substring(listitem.filename,bdrip) + !substring(listitem.filename,.iso,Right) + !substring(listitem.filename,.ifo,Right)</visible>
				</control>
				<control type="image" id="82">
					<include>Furniture_ShowcaseMediaFlagsVars</include>
					<texture>flags/hdtv.png</texture>
					<visible>substring(listitem.filename,hdtv)</visible>
				</control>
				<control type="image" id="82">
					<include>Furniture_ShowcaseMediaFlagsVars</include>
					<texture>flags/hddvd.png</texture>
					<visible>substring(listitem.filename,hddvd) | substring(listitem.filename,hd-dvd)</visible>
				</control>
				<control type="image" id="82">
					<include>Furniture_ShowcaseMediaFlagsVars</include>
					<texture>flags/bluray.png</texture>
					<visible>substring(listitem.filename,bluray) | substring(listitem.filename,blu-ray) | substring(listitem.filename,bdrip)</visible>
				</control>
				<control type="image" id="82">
					<include>Furniture_ShowcaseMediaFlagsVars</include>
					<texture>flags/dvd.png</texture>
					<visible>[substring(listitem.filename,dvd) + !substring(listitem.filename,hddvd) + !substring(listitem.filename,hd-dvd)] | substring(listitem.filename,.iso,Right) | substring(listitem.filename,.ifo,Right)</visible>
				</control>
				<control type="image" id="82">
					<include>Furniture_ShowcaseMediaFlagsVars</include>
					<texture>flags/dvb.png</texture>
					<visible>substring(listitem.filename,dvb)</visible>
				</control>
			</control>
		</control>
	</include>
	<include name="Furniture_MultiplexMediaFlags">
		<control type="group">
			<visible>Window.IsActive(25) + [Control.IsVisible(52) | Control.IsVisible(552)] + !Skin.HasSetting(nomediaflags) + [Container.Content(movies) | Container.Content(episodes)]</visible>
			<include>Animation_CommonFade</include>
			<include>Animation_HideMultiplex</include>
			<control type="group">
				<posx>60</posx>
				<control type="image">
					<include>Furniture_PanelMediaFlagsVars</include>
					<texture>flags/default.png</texture>
					<visible>!Control.IsVisible(91) + !Skin.HasSetting(nodefaultflags)</visible>
				</control>
				<control type="image" id="91">
					<include>Furniture_PanelMediaFlagsVars</include>
					<texture>$INFO[listitem.studio,flags/studios/,.png]</texture>
				</control>
			</control>
			<control type="group">
				<posx>1005</posx>
				<control type="image">
					<include>Furniture_PanelMediaFlagsVars</include>
					<texture>flags/defaultscreen.png</texture>
					<visible>!Control.IsVisible(93) + !Skin.HasSetting(nodefaultflags)</visible>
				</control>
				<control type="image" id="93">
					<include>Furniture_PanelMediaFlagsVars</include>
					<texture>$INFO[ListItem.VideoResolution,flags/,.png]</texture>
				</control>
			</control>
			<control type="group">
				<posx>1115</posx>
				<control type="image">
					<include>Furniture_PanelMediaFlagsVars</include>
					<texture>$INFO[ListItem.AudioChannels,flags/,ch.png]</texture>
				</control>
				<control type="image">
					<include>Furniture_PanelMediaFlagsVars</include>
					<texture>$INFO[ListItem.AudioCodec,flags/,.png]</texture>
				</control>
			</control>
			<control type="group">
				<posx>170</posx>
				<control type="image">
					<include>Furniture_PanelMediaFlagsVars</include>
					<texture>flags/defaultsource.png</texture>
					<visible>!Control.IsVisible(92) + !Skin.HasSetting(nodefaultflags)</visible>
				</control>
				<control type="image" id="92">
					<include>Furniture_PanelMediaFlagsVars</include>
					<texture>$INFO[ListItem.VideoCodec,flags/,.png]</texture>
				</control>
			</control>
		</control>
	</include>
	<include name="Furniture_EpisodeMediaFlags">
		<control type="group">
			<visible>Window.IsActive(25) + [Control.IsVisible(57) | [[Control.IsVisible(52) | Control.IsVisible(552)] + !Skin.HasSetting(oldmultiplex)]] + !Skin.HasSetting(nomediaflags) + Container.Content(movies) + ![Control.HasFocus(60) | Control.HasFocus(94)]</visible>
			<include>Animation_CommonFade</include>
			<control type="image">
				<posx>0</posx>
				<posy>569</posy>
				<width>298</width>
				<height>151</height>
				<texture>showcase/flagshade.png</texture>
				<include>Animation_HideShowcase</include>
				<visible>!Skin.HasSetting(darkfloor)</visible>
			</control>
			<control type="image">
				<posx>982</posx>
				<posy>569</posy>
				<width>298</width>
				<height>151</height>
				<texture flipx="true">showcase/flagshade.png</texture>
				<include>Animation_HideShowcase</include>
				<visible>!Skin.HasSetting(darkfloor)</visible>
			</control>
		</control>
		<control type="group">
			<visible>Window.IsActive(25) + [Control.IsVisible(57) | [[Control.IsVisible(52) | Control.IsVisible(552)] + !Skin.HasSetting(oldmultiplex)]] + !Skin.HasSetting(nomediaflags) + Container.Content(episodes) + ![Control.HasFocus(60) | Control.HasFocus(94)]</visible>
			<include>Animation_CommonFade</include>
			<control type="group">
				<posx>80</posx>
				<control type="image" id="81">
					<include>Furniture_EpisodeMediaFlagsVars</include>
					<texture fallback="flags/sdtv.png">$INFO[ListItem.Studio,flags/studios/,.png]</texture>
					<visible>[substring(ListItem.VideoResolution,480) | substring(ListItem.VideoResolution,540)] + !substring(listitem.filename,dvd) + !substring(listitem.filename,bluray) + !substring(listitem.filename,blu-ray) + !substring(listitem.filename,bdrip) + !substring(listitem.filename,.iso,Right) + !substring(listitem.filename,.ifo,Right)</visible>
				</control>
				<control type="image" id="81">
					<include>Furniture_EpisodeMediaFlagsVars</include>
					<texture fallback="flags/hdtv.png">$INFO[ListItem.Studio,flags/studios/,_hd.png]</texture>
					<visible>[substring(ListItem.VideoResolution,720) | substring(ListItem.VideoResolution,1080)] + !substring(listitem.filename,dvd) + !substring(listitem.filename,bluray) + !substring(listitem.filename,blu-ray) + !substring(listitem.filename,bdrip) + !substring(listitem.filename,.iso,Right) + !substring(listitem.filename,.ifo,Right)</visible>
				</control>
				<control type="image" id="81">
					<include>Furniture_EpisodeMediaFlagsVars</include>
					<texture>flags/hddvd.png</texture>
					<visible>substring(listitem.filename,hddvd) | substring(listitem.filename,hd-dvd)</visible>
				</control>
				<control type="image" id="81">
					<include>Furniture_EpisodeMediaFlagsVars</include>
					<texture>flags/bluray.png</texture>
					<visible>substring(listitem.filename,bluray) | substring(listitem.filename,blu-ray) | substring(listitem.filename,bdrip)</visible>
				</control>
				<control type="image" id="81">
					<include>Furniture_EpisodeMediaFlagsVars</include>
					<texture>flags/dvd.png</texture>
					<visible>[substring(listitem.filename,dvd) + !substring(listitem.filename,hddvd) + !substring(listitem.filename,hd-dvd)] | substring(listitem.filename,.iso,Right) | substring(listitem.filename,.ifo,Right)</visible>
				</control>
				<control type="image" id="81">
					<include>Furniture_EpisodeMediaFlagsVars</include>
					<texture>flags/dvb.png</texture>
					<visible>substring(listitem.filename,dvb)</visible>
				</control>
			</control>
			<control type="group">
				<posx>190</posx>
				<control type="image">
					<include>Furniture_EpisodeMediaFlagsVars</include>
					<texture>flags/defaultsource.png</texture>
					<visible>!Control.IsVisible(92) + !Skin.HasSetting(nodefaultflags)</visible>
				</control>
				<control type="image" id="92">
					<include>Furniture_EpisodeMediaFlagsVars</include>
					<texture>$INFO[ListItem.VideoCodec,flags/,.png]</texture>
				</control>
			</control>
			<control type="group">
				<posx>975</posx>
				<control type="image">
					<include>Furniture_EpisodeMediaFlagsVars</include>
					<texture>flags/defaultscreen.png</texture>
					<visible>!Control.IsVisible(93) + !Skin.HasSetting(nodefaultflags)</visible>
				</control>
				<control type="image" id="93">
					<include>Furniture_EpisodeMediaFlagsVars</include>
					<texture>$INFO[ListItem.VideoResolution,flags/,.png]</texture>
				</control>
			</control>
			<control type="group">
				<posx>1085</posx>
				<control type="image">
					<include>Furniture_EpisodeMediaFlagsVars</include>
					<texture>$INFO[ListItem.AudioChannels,flags/,ch.png]</texture>
				</control>
				<control type="image">
					<include>Furniture_EpisodeMediaFlagsVars</include>
					<texture>$INFO[ListItem.AudioCodec,flags/,.png]</texture>
				</control>
			</control>
		</control>
	</include>
	<include name="Furniture_WallMediaFlagsVars">
		<visible>Window.IsActive(25) + Control.IsVisible(53) + !Skin.HasSetting(nomediaflags) + Container.Content(movies)</visible>
		<include>Animation_CommonFade</include>
		<include>Animation_WindowFade200</include>
		<animation effect="slide" start="0,12" end="0,12" time="0" condition="Skin.HasSetting(smallmoviewall) + [Window.IsActive(1) | Window.IsActive(24) | Window.IsActive(25)] + !Container.Content(episodes)">Conditional</animation>
		<animation effect="fade" start="50" end="50" time="0" condition="true">Conditional</animation>
		<posy>193</posy>
		<control type="group">
			<posx>85</posx>
			<control type="image">
				<include>Furniture_PanelMediaFlagsVars</include>
				<texture>flags/default.png</texture>
				<visible>!Control.IsVisible(91) + !Skin.HasSetting(nodefaultflags)</visible>
			</control>
			<control type="image" id="91">
				<include>Furniture_PanelMediaFlagsVars</include>
				<texture>$INFO[Container(53).ListItem.studio,flags/studios/,.png]</texture>
			</control>
		</control>
		<control type="group">
			<posx>305</posx>
			<control type="image">
				<include>Furniture_PanelMediaFlagsVars</include>
				<texture>flags/defaultscreen.png</texture>
				<visible>!Control.IsVisible(93) + !Skin.HasSetting(nodefaultflags)</visible>
			</control>
			<control type="image" id="93">
				<include>Furniture_PanelMediaFlagsVars</include>
				<texture>$INFO[Container(53).ListItem.VideoResolution,flags/,.png]</texture>
			</control>
		</control>
		<control type="group">
			<posx>415</posx>
			<control type="image">
				<include>Furniture_PanelMediaFlagsVars</include>
				<texture>$INFO[Container(53).ListItem.AudioChannels,flags/,ch.png]</texture>
			</control>
			<control type="image">
				<include>Furniture_PanelMediaFlagsVars</include>
				<texture>$INFO[Container(53).ListItem.AudioCodec,flags/,.png]</texture>
			</control>
		</control>
		<control type="group">
			<posx>195</posx>
			<control type="image">
				<include>Furniture_PanelMediaFlagsVars</include>
				<texture>flags/defaultsource.png</texture>
				<visible>!Control.IsVisible(92) + !Skin.HasSetting(nodefaultflags)</visible>
			</control>
			<control type="image" id="92">
				<include>Furniture_PanelMediaFlagsVars</include>
				<texture>$INFO[Container(53).ListItem.VideoCodec,flags/,.png]</texture>
			</control>
		</control>
	</include>
	<include name="Furniture_WallMediaFlags">
		<control type="group">
			<include>Furniture_WallMediaFlagsVars</include>
			<visible>[!Skin.HasSetting(smallmoviewall) + [Container(53).Column(0) | Container(53).Column(1) | Container(53).Column(2) | Container(53).Column(3)]] | [Skin.HasSetting(smallmoviewall) + [Container(53).Column(0) | Container(53).Column(1) | Container(53).Column(2) | Container(53).Column(3) | Container(53).Column(4)]]</visible>
		</control>
		<control type="group">
			<posx>688</posx>
			<include>Furniture_WallMediaFlagsVars</include>
			<visible>[!Skin.HasSetting(smallmoviewall) + [Container(53).Column(4) | Container(53).Column(5) | Container(53).Column(6) | Container(53).Column(7) | Container(53).Column(8)]] | [Skin.HasSetting(smallmoviewall) + [Container(53).Column(5) | Container(53).Column(6) | Container(53).Column(7) | Container(53).Column(8) | Container(53).Column(9) | Container(53).Column(10)]] </visible>
		</control>
	</include>
</includes>