<window id="2">
	<defaultcontrol>50</defaultcontrol>
	<allowoverlay>yes</allowoverlay>
	<views>550,50,51,57,53</views>
	<controls>
		<control type="image" id="101">
			<posx>0</posx>
			<posy>0</posy>
			<width>0</width>
			<height>0</height>
			<texture>-</texture>
			<visible>!Skin.HasSetting(nopicturefanart) + [Control.HasFocus(57) | Control.HasFocus(60) | Control.HasFocus(94)] + [!Container(57).OnNext + !Container(57).OnPrevious]</visible>
			<animation effect="fade" start="0" end="100" time="150" delay="3000">Visible</animation>
		</control>

		<control type="image" id="105">
			<posx>0</posx>
			<posy>0</posy>
			<width>0</width>
			<height>0</height>
			<texture>-</texture>
			<visible>Control.HasFocus(51) + !Skin.HasSetting(nostripshowhide) + !Control.IsVisible(66) + Control.IsVisible(668) + [!Container(51).OnNext + !Container(51).OnPrevious]</visible>
			<animation effect="fade" start="0" end="100" time="150" delay="3000">Visible</animation>
		</control>

		<control type="image">
			<include>FullscreenDimensions</include>
			<texture>stripshow/stripshow_bg.png</texture>
			<visible>Control.IsVisible(51)</visible>
			<include>Animation_CommonFade</include>
		</control>

		<control type="multiimage">
			<include>BackgroundVarsGlobal</include>
			<include>BackgroundVarsPictures</include>
			<visible>!Control.IsVisible(668)</visible>
		</control>

		<control type="image">
			<include>FullscreenDimensions</include>
			<texture>windows/fanart_back.png</texture>
			<visible>!Skin.HasSetting(nopicturefanart) + !Control.IsVisible(53) + !Control.IsVisible(50) + !IsEmpty(listitem.filenameandpath)</visible>
			<visible>substring(listitem.filenameandpath,jpg) | substring(listitem.filenameandpath,bmp) | substring(listitem.filenameandpath,png) | substring(listitem.filenameandpath,tif)</visible>
			<animation effect="fade" end="0" time="200">WindowClose</animation>
			<animation effect="fade" start="0" end="100" time="400">VisibleChange</animation>
		</control>

		<control type="largeimage" id="71">
			<include>FullscreenDimensions</include>
			<visible>!Skin.HasSetting(nopicturefanart) + !Control.IsVisible(53) + !Control.IsVisible(50) + !IsEmpty(listitem.filenameandpath)</visible>
			<visible>substring(listitem.filenameandpath,jpg) | substring(listitem.filenameandpath,bmp) | substring(listitem.filenameandpath,png) | substring(listitem.filenameandpath,tif)</visible>
			<animation effect="fade" end="0" time="200">WindowClose</animation>
			<animation effect="fade" start="0" end="100" time="400">VisibleChange</animation>
			<texture>$INFO[listitem.filenameandpath]</texture>
			<fadetime>400</fadetime>
			<aspectratio align="top">keep</aspectratio>
		</control>

		<control type="largeimage" id="668">
			<include>FullscreenDimensions</include>
			<texture>$INFO[listitem.filenameandpath]</texture>
			<fadetime>400</fadetime>
			<aspectratio align="top">keep</aspectratio>
			<visible>Control.IsVisible(51) + [substring(listitem.filenameandpath,jpg) | substring(listitem.filenameandpath,bmp) | substring(listitem.filenameandpath,png) | substring(listitem.filenameandpath,tif) | substring(listitem.filenameandpath,ico) | substring(listitem.filenameandpath,pcx) | substring(listitem.filenameandpath,tga)]</visible>
			<include>Animation_CommonFade</include>
		</control>

		<include>Furniture_WallBackground</include>
		<control type="group">

			<include>FullscreenDimensions</include>
			<include>Animation_OpenCloseZoom</include>
			<include>Furniture_Time</include>
			<include>Furniture_MediaPanel</include>
			<include>Viewtype_Wall</include>
			<include>Viewtype_StripShow</include>
			<include>Viewtype_Showcase</include>
			<include>Viewtype_List</include>
			<include>Viewtype_List_Slim</include>
			<include>Objects_ShowcaseMenuPanel</include>
			<include>Furniture_WallTime</include>
			<include>Furniture_WallRSS</include>
			<control type="group" id="7000">
				<control type="label">
					<label>31031</label>
					<include>Objects_MediaLabel</include>
				</control>

				<control type="image">
					<include>Objects_MediaLogo</include>
					<texture>windows/logo_pics.png</texture>
				</control>

				<control type="grouplist" id="77">
					<include>Animation_MediaMenuSlide</include>
					<include>Objects_MediaMenuGroup</include>
					<control type="button" id="2">
						<label>$LOCALIZE[31050] $INFO[Container.ViewMode]</label>
						<include>Objects_MediaMenuButton</include>
					</control>

					<include>Objects_FlattenFlowButton</include>
					<control type="button" id="3">
						<label>103</label>
						<include>Objects_MediaMenuButton</include>
					</control>

					<control type="togglebutton" id="941">
						<include>Objects_MediaMenuButton</include>
						<label>$LOCALIZE[31076]: $LOCALIZE[31074]</label>
						<altlabel>$LOCALIZE[31076]: $LOCALIZE[31073]</altlabel>
						<usealttexture>!Skin.HasSetting(stripshowmax)</usealttexture>
						<onclick>Skin.ToggleSetting(stripshowmax)</onclick>
						<onclick>XBMC.ReloadSkin</onclick>
						<visible>Control.IsVisible(51)</visible>
					</control>

					<control type="togglebutton" id="942">
						<include>Objects_MediaMenuButton</include>
						<label>$LOCALIZE[31079]: $LOCALIZE[31078]</label>
						<altlabel>$LOCALIZE[31079]: $LOCALIZE[31077]</altlabel>
						<usealttexture>!Skin.HasSetting(nostripshowhide)</usealttexture>
						<onclick>Skin.ToggleSetting(nostripshowhide)</onclick>
						<visible>Control.IsVisible(51)</visible>
					</control>

					<control type="togglebutton" id="901">
						<include>Objects_MediaMenuButton</include>
						<include>Objects_FanartToggleStrings</include>
						<usealttexture>Skin.HasSetting(nopicturefanart)</usealttexture>
						<onclick>Skin.SetBool(nopicturefanart)</onclick>
						<altclick>Skin.Reset(nopicturefanart)</altclick>
						<visible>Window.IsActive(2) + Control.IsVisible(57)</visible>
					</control>

					<include>Objects_WallGridButton</include>
					<include>Objects_WallBackdropButton</include>
					<control type="button" id="6">
						<label>108</label>
						<include>Objects_MediaMenuButton</include>
					</control>

					<control type="togglebutton" id="9">
						<label>$LOCALIZE[31051]: $LOCALIZE[31078]</label>
						<altlabel>$LOCALIZE[31051]: $LOCALIZE[31077]</altlabel>
						<include>Objects_MediaMenuButton</include>
					</control>

					<control type="togglebutton" id="996">
						<include>Objects_MediaMenuButton</include>
						<label>$LOCALIZE[31042]</label>
						<altlabel>$LOCALIZE[31043]</altlabel>
						<usealttexture>Skin.HasSetting(darkstripshow)</usealttexture>
						<onclick>Skin.ToggleSetting(darkstripshow)</onclick>
						<onclick>XBMC.ReloadSkin</onclick>
						<visible>Control.IsVisible(51)</visible>
					</control>

					<include>Objects_PicturesSetupButton</include>
					<include>Objects_MediaDebugButtons</include>
				</control>

			</control>

		</control>

		<include>Furniture_DarkGradient</include>
		<!--<include>Background_ContextBlack</include>-->
		<include condition="Skin.HasSetting(debug)">Furniture_Debug</include>
	</controls>
</window>