<window id="1">
	<defaultcontrol>50</defaultcontrol>
	<allowoverlay>yes</allowoverlay>
	<views>550,50,57,53</views>
	<controls>
		<control type="multiimage">
			<include>BackgroundVarsGlobal</include>
			<include>BackgroundVarsGames</include>
		</control>

		<include>Furniture_WallBackground</include>
		<control type="group">

			<include>FullscreenDimensions</include>
			<include>Animation_OpenCloseZoom</include>
			<include>Furniture_Time</include>
			<include>Furniture_MediaPanel</include>
			<include>Objects_ShowcaseMenuPanel</include>
			<include>Viewtype_Wall</include>
			<include>Furniture_WallTime</include>
			<include>Furniture_WallRSS</include>
			<control type="group" id="7000">
				<control type="image">
					<posx>44</posx>
					<posy>12</posy>
					<width>57</width>
					<height>32</height>
					<include>Animation_MediaMenuSlide</include>
					<texture>windows/logo_games.png</texture>
				</control>

				<control type="label">
					<label>31030</label>
					<include>Objects_MediaLabel</include>
				</control>

				<control type="grouplist" id="7000">
					<include>Animation_MediaMenuSlide</include>
					<include>Objects_MediaMenuGroup</include>
					<control type="button" id="2">
						<label>$LOCALIZE[31050] $INFO[Container.ViewMode]</label>
						<include>Objects_MediaMenuButton</include>
					</control>

					<include>Objects_FlattenFlowButton</include>
					<control type="button" id="3">
						<label>103</label>
						<include>Objects_MediaMenuButton</include>
					</control>

					<control type="togglebutton" id="941">
						<include>Objects_MediaMenuButton</include>
						<label>$LOCALIZE[31059]</label>
						<altlabel>$LOCALIZE[31056]</altlabel>
						<usealttexture>Skin.HasSetting(listgamessquare)</usealttexture>
						<onclick>Skin.SetBool(listgamessquare)</onclick>
						<altclick>Skin.Reset(listgamessquare)</altclick>
						<visible>Control.IsVisible(50)</visible>
					</control>

					<include>Objects_ThumbsButton</include>
					<include>Objects_WallGridButton</include>
					<include>Objects_WallBackdropButton</include>
					<include>Objects_ProgramsSetupButton</include>
					<include>Objects_MediaDebugButtons</include>
				</control>

			</control>

			<include>Viewtype_List_Slim</include>
			<include>Viewtype_List</include>
			<include>Viewtype_Showcase</include>
		</control>

		<include>Furniture_DarkGradient</include>
		<!--<include>Background_ContextBlack</include>-->
		<include condition="Skin.HasSetting(debug)">Furniture_Debug</include>
	</controls>
</window>