<window>
	<id>6</id>
	<defaultcontrol>50</defaultcontrol>
	<allowoverlay>yes</allowoverlay>
	<views>550,50,52,53,57</views>
	<controls>
		<control type="multiimage">
			<include>BackgroundVarsGlobal</include>
			<include>BackgroundVarsVideo</include>
		</control>

		<control type="largeimage">
			<include>FullscreenDimensions</include>
			<visible>[Control.IsVisible(50) | Control.IsVisible(57) | Control.IsVisible(52) | Control.IsVisible(552) | Control.IsVisible(550) | Control.IsVisible(551)] + [Window.IsActive(24) + !Skin.HasSetting(novideofanart)] + !IsEmpty(listitem.property(fanart_image))</visible>
			<fadetime>400</fadetime>
			<texture>$INFO[listitem.property(fanart_image)]</texture>
			<include>Animation_FanartFade</include>
		</control>

		<include>Furniture_WallBackground</include>
		<control type="group">

			<include>FullscreenDimensions</include>
			<include>Animation_OpenCloseZoom</include>
			<include>Furniture_Time</include>
			<include>Furniture_MediaPanel</include>
			<include>Objects_ShowcaseMenuPanel</include>
			<include>Viewtype_Wall</include>
			<include>Furniture_WallTime</include>
			<include>Furniture_WallRSS</include>
			<control type="group" id="7000">
				<control type="image">
					<include>Objects_MediaLogo</include>
					<texture>windows/logo_movies.png</texture>
				</control>

				<control type="label">
					<label>31034</label>
					<include>Objects_MediaLabel</include>
				</control>

				<control type="grouplist" id="7000">
					<include>Animation_MediaMenuSlide</include>
					<include>Objects_MediaMenuGroup</include>
					<control type="button" id="2">
						<label>$LOCALIZE[31050] $INFO[Container.ViewMode]</label>
						<include>Objects_MediaMenuButton</include>
					</control>

					<include>Objects_FlattenFlowButton</include>
					<control type="button" id="3">
						<label>103</label>
						<include>Objects_MediaMenuButton</include>
					</control>

					<control type="togglebutton" id="941">
						<include>Objects_MediaMenuButton</include>
						<label>$LOCALIZE[31059]</label>
						<altlabel>$LOCALIZE[31056]</altlabel>
						<usealttexture>Skin.HasSetting(listvideosquare)</usealttexture>
						<onclick>Skin.SetBool(listvideosquare)</onclick>
						<altclick>Skin.Reset(listvideosquare)</altclick>
						<visible>Control.IsVisible(50) | Control.IsVisible(550) | Control.IsVisible(551)</visible>
					</control>
					
					<control type="togglebutton" id="901">
						<include>Objects_MediaMenuButton</include>
						<include>Objects_FanartToggleStrings</include>
						<usealttexture>Skin.HasSetting(novideofanart)</usealttexture>
						<onclick>Skin.SetBool(novideofanart)</onclick>
						<altclick>Skin.Reset(novideofanart)</altclick>
						<visible>Window.IsActive(24) + [Control.IsVisible(50) | Control.IsVisible(550) | Control.IsVisible(551) | Control.IsVisible(57) | Control.IsVisible(52) | Control.IsVisible(552)]</visible>
					</control>
					
					<include>Objects_PanelDensityButton</include>
					<include>Objects_WallGridButton</include>
					<include>Objects_WallBackdropButton</include>
					<control type="togglebutton" id="7">
						<label>$LOCALIZE[31055]: $LOCALIZE[31077]</label>
						<altlabel>$LOCALIZE[31055]: $LOCALIZE[31078]</altlabel>
						<include>Objects_MediaMenuButton</include>
					</control>

					<include>Objects_VideoSetupButton</include>
					<include>Objects_MediaDebugButtons</include>
				</control>

			</control>

			<include>Viewtype_List_Slim</include>
			<include>Viewtype_List</include>
			<include>Viewtype_Showcase</include>
		</control>

		<include>Furniture_DarkGradient</include>
		<!--<include>Background_ContextBlack</include>-->
		<include condition="Skin.HasSetting(debug)">Furniture_Debug</include>
	</controls>
</window>