<includes>

	<include name="CoverflowVisible">
		<visible>Control.IsVisible(55)</visible>
	</include>

	<include name="MusicFlowGroupVars">
		<posx>-245</posx>
		<posy>190</posy>
		<width>1770</width>
		<height>350</height>			
	</include>

	<include name="MovieFlowGroupVars">
		<posx>-83</posx>
		<posy>187</posy>
		<width>1546</width>
		<height>350</height>			
	</include>
	
<!-- Movie Flow Variables: Main thumbs -->

	<include name="MovieFlowThumbDimensions">
	    <posx>49</posx>
	    <posy>9</posy>
	    <width>173</width>
	    <height>254</height>
    </include>
  
	<include name="MovieFlowThumb">
	    <include>MovieFlowThumbDimensions</include>
		<align>center</align>
		<texture diffuse="thumbs/movieposter_mask.png">defaultvideobig.png</texture>
	    <aspectratio scalediffuse="false">scale</aspectratio>
		<visible>!Control.HasFocus(85)</visible>
	</include>
  
	<include name="MovieFlowThumbMain">
	    <include>MovieFlowThumbDimensions</include>
		<align>center</align>
		<texture diffuse="thumbs/movieposter_mask.png">defaultvideobig.png</texture>
	    <aspectratio scalediffuse="false">scale</aspectratio>
	</include>

<!-- Movie Flow Variables: Thumb glass overlays -->
	
	<include name="MovieFlowGlassOverlayDimensions">
	    <posx>17</posx>
	    <posy>-25</posy>
	    <width>236</width>
	    <height>320</height>
	</include>

	<include name="MovieFlowGlassOverlay">
	    <include>MovieFlowThumbDimensions</include>
	    <bordertexture border="-16">thumbs/poster_shadow.png</bordertexture>
	    <texture>thumbs/poster_glass_noedge.png</texture>
	</include>
	  
	<include name="MovieFlowGlassOverlayAngled">
	    <include>MovieFlowThumbDimensions</include>
	    <bordertexture border="-16">thumbs/poster_shadow.png</bordertexture>
	    <texture>thumbs/poster_glass_noedge.png</texture>
	</include>
	
	<include name="MovieFlowOverlay">
	    <include>MovieFlowThumbDimensions</include>
		<colordiffuse>4e000000</colordiffuse>
		<texture>-</texture>
	    <aspectratio scalediffuse="false">scale</aspectratio>
		<visible>!Control.HasFocus(55)</visible>
		<include>Animation_CommonFade</include>
	</include>

<!-- Music Flow Variables: Main thumbs -->
	
	<include name="MusicFlowThumbDimensions">
	    <posx>18</posx>
	    <posy>18</posy>
	    <width>234</width>
	    <height>234</height>
	</include>
	
	<include name="MusicFlowThumb">
	    <include>MusicFlowThumbDimensions</include>
		<texture diffuse="thumbs/cdcover_mask.png">defaultaudiobig.png</texture>
	    <aspectratio scalediffuse="false">scale</aspectratio>
	</include>
	
	<include name="MusicFlowFolderBack">
		<control type="image">
			<include>MusicFlowThumbDimensions</include>
			<texture diffuse="thumbs/cdcover_mask.png">defaultpictureback.png</texture>
			<aspectratio scalediffuse="false">scale</aspectratio>
			<visible>Window.IsActive(2) + Skin.HasSetting(solidpictureback)</visible>
		</control>
	</include>	

	<include name="MusicFlowThumbMain">
	    <include>MusicFlowThumbDimensions</include>
		<texture diffuse="thumbs/cdcover_mask.png">defaultaudiobig.png</texture>
	    <aspectratio scalediffuse="false">scale</aspectratio>
	</include>

<!-- Music Flow Variables: Thumb glass overlays -->

	<include name="MusicFlowGlassOverlayDimensions">
	    <posx>-14</posx>
	    <posy>-14</posy>
	    <width>298</width>
	    <height>298</height>
	</include>
	
	<include name="MusicFlowGlassOverlayDimensionsAA">
	    <posx>-14</posx>
	    <posy>-15</posy>
	    <width>298</width>
	    <height>300</height>
	</include>
	
	<include name="MusicFlowGlassOverlayMain">
	    <include>MusicFlowThumbDimensions</include>
	    <bordertexture border="-18">thumbs/cd_shadow.png</bordertexture>
	    <texture>thumbs/cd_glass_noedge.png</texture>
	</include>  

	<include name="MusicFlowGlassOverlay">
	    <include>MusicFlowThumbDimensions</include>
	    <bordertexture border="-18">thumbs/cd_shadow.png</bordertexture>
	    <texture>thumbs/cd_glass_noedge.png</texture>
	    <texture>cdcover_frame.png</texture>
	</include>  
	  
	<include name="MusicFlowGlassOverlayAngled">
	    <include>MusicFlowThumbDimensions</include>
	    <bordertexture border="-18">thumbs/cd_shadow.png</bordertexture>
	    <texture>thumbs/cd_glass_noedge.png</texture>
	</include>

<!-- Music Flow Variables: Icon labels -->
	
	<include name="MusicFlowOverlay">
	    <include>MusicFlowThumbDimensions</include>
		<colordiffuse>4e000000</colordiffuse>
		<texture>-</texture>
	    <aspectratio scalediffuse="false">scale</aspectratio>
		<visible>!Control.HasFocus(55)</visible>
	</include>
  
<!-- Common Flow labels -->

	<include name="FlowLabelVars">
	    <posx>0</posx>	
	    <width>1280</width>
	    <align>center</align>
	    <aligny>center</aligny>
	</include>

	<include name="FlowMainLabel">
		<include>FlowLabelVars</include>
	    <posy>563</posy>
	    <font>Font_FlowMainLabel</font>
		<textcolor>9b3cd2fd</textcolor>
	</include>

	<include name="FlowDetailLabel">
		<include>FlowLabelVars</include>
	    <posy>587</posy>
	    <font>Font_FlowSubLabel</font>
		<textcolor>d0FFFFFF</textcolor>
	</include>
	
<!-- Music Flow objects -->	

	<include name="CoverflowSquare">
	    <control type="group" id="8001">
	        <posy>190</posy>
	        <visible>Control.IsVisible(55) + Container.OnNext + ![Skin.HasSetting(flattenflow) | Container.Content(episodes)]</visible>
	        <animation effect="slide" end="-100,0" time="250" reversible="false">Hidden</animation>
	        <control type="group">
	            <posx>50</posx>
	            <visible>Container.OnNext</visible>
	            <animation effect="fade" start="100" end="0" time="250" reversible="false">Hidden</animation>
	            <animation effect="rotatey" center="-50" start="-65" end="-65" time="0" condition="true">Conditional</animation>
	            <control type="group">
					<include>MusicFlowFolderBack</include>
	                <control type="image">
	                    <include>MusicFlowThumb</include>
	                    <info>Container(55).ListItem(-6).Icon</info>
	                </control>
	                <control type="image">
	                    <description>Glass overlay</description>
	                    <include>MusicFlowGlassOverlayAngled</include>
	                </control>
	                <control type="image">
	                    <description>Black overlay</description>
	                    <include>MusicFlowOverlay</include>
	                </control>
	            </control>
	        </control>
	        <control type="group">
	            <posx>150</posx>
	            <animation effect="rotatey" center="50" start="-65" end="-65" time="0" condition="true">Conditional</animation>
	            <control type="group">
					<include>MusicFlowFolderBack</include>				
	                <control type="image">
	                    <include>MusicFlowThumb</include>
	                    <info>Container(55).ListItem(-5).Icon</info>
	                </control>
	                <control type="image">
	                    <description>Glass overlay</description>
	                    <include>MusicFlowGlassOverlayAngled</include>
	                </control>
	                <control type="image">
	                    <description>Black overlay</description>
	                    <include>MusicFlowOverlay</include>
	                </control>
	            </control>
	        </control>
	        <control type="group">
	            <posx>250</posx>
	            <animation effect="rotatey" center="150" start="-65" end="-65" time="0" condition="true">Conditional</animation>
	            <control type="group">
					<include>MusicFlowFolderBack</include>				
	                <control type="image">
	                    <include>MusicFlowThumb</include>
	                    <info>Container(55).ListItem(-4).Icon</info>
	                </control>
	                <control type="image">
	                    <description>Glass overlay</description>
	                    <include>MusicFlowGlassOverlayAngled</include>
	                </control>
	                <control type="image">
	                    <description>Black overlay</description>
	                    <include>MusicFlowOverlay</include>
	                </control>
	            </control>
	        </control>
	        <control type="group">
	            <posx>350</posx>
	            <animation effect="rotatey" center="250" start="-65" end="-65" time="0" condition="true">Conditional</animation>
	            <control type="group">
					<include>MusicFlowFolderBack</include>				
	                <control type="image">
	                    <include>MusicFlowThumb</include>
	                    <info>Container(55).ListItem(-3).Icon</info>
	                </control>
	                <control type="image">
	                    <description>Glass overlay</description>
	                    <include>MusicFlowGlassOverlayAngled</include>
	                </control>
	                <control type="image">
	                    <description>Black overlay</description>
	                    <include>MusicFlowOverlay</include>
	                </control>
	            </control>
	        </control>
	        <control type="group">
	            <posx>450</posx>
	            <animation effect="rotatey" center="350" start="-65" end="-65" time="0" condition="true">Conditional</animation>
	            <control type="group">
					<include>MusicFlowFolderBack</include>				
	                <control type="image">
	                    <include>MusicFlowThumb</include>
	                    <info>Container(55).ListItem(-2).Icon</info>
	                </control>
	                <control type="image">
	                    <description>Glass overlay</description>
	                    <include>MusicFlowGlassOverlayAngled</include>
	                </control>
	                <control type="image">
	                    <description>Black overlay</description>
	                    <include>MusicFlowOverlay</include>
	                </control>
	            </control>
	        </control>
	        <control type="group">
	            <posx>1060</posx>
	            <visible>!Container.OnNext</visible>
	            <animation effect="fade" start="0" end="100" delay="0" time="250" reversible="false">Visible</animation>
	            <animation effect="rotatey" center="1430" start="65" end="65" time="0" condition="true">Conditional</animation>
	            <control type="group">
					<include>MusicFlowFolderBack</include>				
	                <control type="image">
	                    <include>MusicFlowThumb</include>
	                    <info>Container(55).ListItem(5).Icon</info>
	                </control>
	                <control type="image">
	                    <description>Glass overlay</description>
	                    <include>MusicFlowGlassOverlayAngled</include>
	                </control>
	                <control type="image">
	                    <description>Black overlay</description>
	                    <include>MusicFlowOverlay</include>
	                </control>
	            </control>
	        </control>
	        <control type="group">
	            <posx>960</posx>
	            <animation effect="rotatey" center="1330" start="65" end="65" time="0" condition="true">Conditional</animation>
	            <control type="group">
					<include>MusicFlowFolderBack</include>				
	                <control type="image">
	                    <include>MusicFlowThumb</include>
	                    <info>Container(55).ListItem(4).Icon</info>
	                </control>
	                <control type="image">
	                    <description>Glass overlay</description>
	                    <include>MusicFlowGlassOverlayAngled</include>
	                </control>
	                <control type="image">
	                    <description>Black overlay</description>
	                    <include>MusicFlowOverlay</include>
	                </control>
	            </control>
	        </control>
	        <control type="group">
	            <posx>860</posx>
	            <animation effect="rotatey" center="1230" start="65" end="65" time="0" condition="true">Conditional</animation>
	            <control type="group">
					<include>MusicFlowFolderBack</include>				
	                <control type="image">
	                    <include>MusicFlowThumb</include>
	                    <info>Container(55).ListItem(3).Icon</info>
	                </control>
	                <control type="image">
	                    <description>Glass overlay</description>
	                    <include>MusicFlowGlassOverlayAngled</include>
	                </control>
	                <control type="image">
	                    <description>Black overlay</description>
	                    <include>MusicFlowOverlay</include>
	                </control>
	            </control>
	        </control>
	        <control type="group">
	            <posx>760</posx>
	            <animation effect="rotatey" center="1130" start="65" end="65" time="0" condition="true">Conditional</animation>
	            <control type="group">
					<include>MusicFlowFolderBack</include>				
	                <control type="image">
	                    <include>MusicFlowThumb</include>
	                    <info>Container(55).ListItem(2).Icon</info>
	                </control>
	                <control type="image">
	                    <description>Glass overlay</description>
	                    <include>MusicFlowGlassOverlayAngled</include>
	                </control>
	                <control type="image">
	                    <description>Black overlay</description>
	                    <include>MusicFlowOverlay</include>
	                </control>
	            </control>
	        </control>
	        <control type="group">
	            <posx>660</posx>
	            <animation effect="rotatey" center="1030" start="65" end="65" time="0" condition="true">Conditional</animation>
	            <control type="group">
					<include>MusicFlowFolderBack</include>				
	                <control type="image">
	                    <include>MusicFlowThumb</include>
	                    <info>Container(55).ListItem(1).Icon</info>
	                </control>
	                <control type="image">
	                    <description>Glass overlay</description>
	                    <include>MusicFlowGlassOverlayAngled</include>
	                </control>
	                <control type="image">
	                    <description>Black overlay</description>
	                    <include>MusicFlowOverlay</include>
	                </control>
	            </control>
	        </control>
	        <control type="group">
	            <visible>Container.OnNext</visible>
	            <animation effect="slide" end="45,0" time="250" reversible="false">Hidden</animation>
	            <control type="group">
	                <posx>560</posx>
	                <visible>Container.OnNext</visible>
	                <animation effect="rotatey" center="930" start="0" end="-65" time="250" reversible="false" tween="quadratic" easing="in">Hidden</animation>
	                <animation effect="rotatey" center="930" start="65" end="65" time="0" condition="true">Conditional</animation>
	                <control type="group">
					<include>MusicFlowFolderBack</include>					
	                    <control type="image">
	                        <include>MusicFlowThumb</include>
	                        <info>Container(55).ListItem(0).Icon</info>
	                    </control>
	                    <control type="image">
	                        <description>Glass overlay</description>
	                        <include>MusicFlowGlassOverlayAngled</include>
	                    </control>
	                    <control type="image">
	                        <description>Black overlay</description>
	                        <include>MusicFlowOverlay</include>
	                    </control>
	                </control>
	            </control>
	            <control type="group">
	                <posx>505</posx>
	                <visible>Container.OnNext</visible>
	                <animation effect="rotatey" center="405" start="0" end="-65" time="250" reversible="false" tween="quadratic" easing="out">Hidden</animation>
	                <control type="group">
					<include>MusicFlowFolderBack</include>					
	                    <control type="image">
	                        <include>MusicFlowThumb</include>
	                        <info>Container(55).ListItem(-1).Icon</info>
	                    </control>
	                    <control type="image">
	                        <description>Glass overlay</description>
	                        <include>MusicFlowGlassOverlayAngled</include>
	                    </control>
	                    <control type="image">
	                        <description>Black overlay</description>
	                        <include>MusicFlowOverlay</include>
	                    </control>
	                </control>
	            </control>
	        </control>
	    </control>
	    <control type="group" id="8002">
	        <posy>190</posy>
	        <visible>Control.IsVisible(55) + Container.OnPrevious + ![Skin.HasSetting(flattenflow) | Container.Content(episodes)]</visible>
	        <animation effect="slide" end="100,0" time="250" reversible="false">Hidden</animation>
	        <control type="group">
	            <posx>960</posx>
	            <visible>Container.OnPrevious</visible>
	            <animation effect="fade" start="100" end="0" time="250" reversible="false">Hidden</animation>
	            <animation effect="rotatey" center="1330" start="65" end="65" time="0" condition="true">Conditional</animation>
	            <control type="group">
					<include>MusicFlowFolderBack</include>				
	                <control type="image">
	                    <include>MusicFlowThumb</include>
	                    <info>Container(55).ListItem(6).Icon</info>
	                </control>
	                <control type="image">
	                    <description>Glass overlay</description>
	                    <include>MusicFlowGlassOverlayAngled</include>
	                </control>
	                <control type="image">
	                    <description>Black overlay</description>
	                    <include>MusicFlowOverlay</include>
	                </control>
	            </control>
	        </control>
	        <control type="group">
	            <posx>860</posx>
	            <animation effect="rotatey" center="1230" start="65" end="65" time="0" condition="true">Conditional</animation>
	            <control type="group">
					<include>MusicFlowFolderBack</include>				
	                <control type="image">
	                    <include>MusicFlowThumb</include>
	                    <info>Container(55).ListItem(5).Icon</info>
	                </control>
	                <control type="image">
	                    <description>Glass overlay</description>
	                    <include>MusicFlowGlassOverlayAngled</include>
	                </control>
	                <control type="image">
	                    <description>Black overlay</description>
	                    <include>MusicFlowOverlay</include>
	                </control>
	            </control>
	        </control>
	        <control type="group">
	            <posx>760</posx>
	            <animation effect="rotatey" center="1130" start="65" end="65" time="0" condition="true">Conditional</animation>
	            <control type="group">
					<include>MusicFlowFolderBack</include>				
	                <control type="image">
	                    <include>MusicFlowThumb</include>
	                    <info>Container(55).ListItem(4).Icon</info>
	                </control>
	                <control type="image">
	                    <description>Glass overlay</description>
	                    <include>MusicFlowGlassOverlayAngled</include>
	                </control>
	                <control type="image">
	                    <description>Black overlay</description>
	                    <include>MusicFlowOverlay</include>
	                </control>
	            </control>
	        </control>
	        <control type="group">
	            <posx>660</posx>
	            <animation effect="rotatey" center="1030" start="65" end="65" time="0" condition="true">Conditional</animation>
	            <control type="group">
					<include>MusicFlowFolderBack</include>				
	                <control type="image">
	                    <include>MusicFlowThumb</include>
	                    <info>Container(55).ListItem(3).Icon</info>
	                </control>
	                <control type="image">
	                    <description>Glass overlay</description>
	                    <include>MusicFlowGlassOverlayAngled</include>
	                </control>
	                <control type="image">
	                    <description>Black overlay</description>
	                    <include>MusicFlowOverlay</include>
	                </control>
	            </control>
	        </control>
	        <control type="group">
	            <posx>560</posx>
	            <animation effect="rotatey" center="930" start="65" end="65" time="0" condition="true">Conditional</animation>
	            <control type="group">
					<include>MusicFlowFolderBack</include>				
	                <control type="image">
	                    <include>MusicFlowThumb</include>
	                    <info>Container(55).ListItem(2).Icon</info>
	                </control>
	                <control type="image">
	                    <description>Glass overlay</description>
	                    <include>MusicFlowGlassOverlayAngled</include>
	                </control>
	                <control type="image">
	                    <description>Black overlay</description>
	                    <include>MusicFlowOverlay</include>
	                </control>
	            </control>
	        </control>
	        <control type="group">
	            <posx>-50</posx>
	            <visible>!Container.OnPrevious</visible>
	            <animation effect="fade" start="0" end="100" time="250" reversible="false">Visible</animation>
	            <animation effect="rotatey" center="-150" start="-65" end="-65" time="0" condition="true">Conditional</animation>
	            <control type="group">
					<include>MusicFlowFolderBack</include>				
	                <control type="image">
	                    <include>MusicFlowThumb</include>
	                    <info>Container(55).ListItem(-5).Icon</info>
	                </control>
	                <control type="image">
	                    <description>Glass overlay</description>
	                    <include>MusicFlowGlassOverlayAngled</include>
	                </control>
	                <control type="image">
	                    <description>Black overlay</description>
	                    <include>MusicFlowOverlay</include>
	                </control>
	            </control>
	        </control>
	        <control type="group">
	            <posx>50</posx>
	            <animation effect="rotatey" center="-50" start="-65" end="-65" time="0" condition="true">Conditional</animation>
	            <control type="group">
					<include>MusicFlowFolderBack</include>				
	                <control type="image">
	                    <include>MusicFlowThumb</include>
	                    <info>Container(55).ListItem(-4).Icon</info>
	                </control>
	                <control type="image">
	                    <description>Glass overlay</description>
	                    <include>MusicFlowGlassOverlayAngled</include>
	                </control>
	                <control type="image">
	                    <description>Black overlay</description>
	                    <include>MusicFlowOverlay</include>
	                </control>
	            </control>
	        </control>
	        <control type="group">
	            <posx>150</posx>
	            <animation effect="rotatey" center="50" start="-65" end="-65" time="0" condition="true">Conditional</animation>
	            <control type="group">
					<include>MusicFlowFolderBack</include>				
	                <control type="image">
	                    <include>MusicFlowThumb</include>
	                    <info>Container(55).ListItem(-3).Icon</info>
	                </control>
	                <control type="image">
	                    <description>Glass overlay</description>
	                    <include>MusicFlowGlassOverlayAngled</include>
	                </control>
	                <control type="image">
	                    <description>Black overlay</description>
	                    <include>MusicFlowOverlay</include>
	                </control>
	            </control>
	        </control>
	        <control type="group">
	            <posx>250</posx>
	            <animation effect="rotatey" center="150" start="-65" end="-65" time="0" condition="true">Conditional</animation>
	            <control type="group">
					<include>MusicFlowFolderBack</include>				
	                <control type="image">
	                    <include>MusicFlowThumb</include>
	                    <info>Container(55).ListItem(-2).Icon</info>
	                </control>
	                <control type="image">
	                    <description>Glass overlay</description>
	                    <include>MusicFlowGlassOverlayAngled</include>
	                </control>
	                <control type="image">
	                    <description>Black overlay</description>
	                    <include>MusicFlowOverlay</include>
	                </control>
	            </control>
	        </control>
	        <control type="group">
	            <posx>350</posx>
	            <animation effect="rotatey" center="250" start="-65" end="-65" time="0" condition="true">Conditional</animation>
	            <control type="group">
					<include>MusicFlowFolderBack</include>				
	                <control type="image">
	                    <include>MusicFlowThumb</include>
	                    <info>Container(55).ListItem(-1).Icon</info>
	                </control>
	                <control type="image">
	                    <description>Glass overlay</description>
	                    <include>MusicFlowGlassOverlayAngled</include>
	                </control>
	                <control type="image">
	                    <description>Black overlay</description>
	                    <include>MusicFlowOverlay</include>
	                </control>
	            </control>
	        </control>
	        <control type="group">
	            <visible>Container.OnPrevious</visible>
	            <animation effect="slide" end="-45,0" time="250" reversible="false">Hidden</animation>
	            <control type="group">
	                <posx>450</posx>
	                <visible>Container.OnPrevious</visible>
	                <animation effect="rotatey" center="350" start="0" end="65" time="250" reversible="false" tween="quadratic" easing="in">Hidden</animation>
	                <animation effect="rotatey" center="350" start="-65" end="-65" time="0" condition="true">Conditional</animation>
	                <control type="group">
					<include>MusicFlowFolderBack</include>					
	                    <control type="image">
	                        <include>MusicFlowThumb</include>
	                        <info>Container(55).ListItem(0).Icon</info>
	                    </control>
	                    <control type="image">
	                        <description>Glass overlay</description>
	                        <include>MusicFlowGlassOverlayAngled</include>
	                    </control>
	                    <control type="image">
	                        <description>Black overlay</description>
	                        <include>MusicFlowOverlay</include>
	                    </control>
	                </control>
	            </control>
	            <control type="group">
	                <posx>505</posx>
	                <visible>Container.OnPrevious</visible>
	                <animation effect="rotatey" center="875" start="0" end="65" time="250" reversible="false" tween="quadratic" easing="out">Hidden</animation>
	                <control type="group">
					<include>MusicFlowFolderBack</include>					
	                    <control type="image">
	                        <include>MusicFlowThumb</include>
	                        <info>Container(55).ListItem(1).Icon</info>
	                    </control>
	                    <control type="image">
	                        <description>Glass overlay</description>
	                        <include>MusicFlowGlassOverlayAngled</include>
	                    </control>
	                    <control type="image">
	                        <description>Black overlay</description>
	                        <include>MusicFlowOverlay</include>
	                    </control>
	                </control>
	            </control>
	        </control>
	    </control>
		<control type="button" id="971">
			<texture>-</texture>
			<visible>![Skin.HasSetting(flattenflow) | Container.Content(episodes)]</visible>
			<animation effect="fade" start="100" end="0" time="800">Hidden</animation>
		</control>
	    <control type="group" id="8000">
	        <posy>190</posy>
	        <visible>Control.IsVisible(55) + !Control.IsVisible(8001) + !Control.IsVisible(8002) + [Control.IsVisible(971) + !Container.Content(episodes)]</visible>
	        <control type="group">
	            <posx>50</posx>
	            <animation effect="rotatey" center="-50" start="-65" end="-65" time="0" condition="true">Conditional</animation>
                <animation type="Conditional" condition="Skin.HasSetting(flattenflow)">
					<effect type="rotatey" center="-50" start="0" end="65" time="800" tween="cubic" easing="inout" />
					<effect type="slide" start="0" end="-795" time="800" tween="cubic" easing="inout" />
				</animation>				
	            <control type="group">
					<include>MusicFlowFolderBack</include>				
	                <control type="image">
	                    <include>MusicFlowThumb</include>
	                    <info>Container(55).ListItem(-5).Icon</info>
	                </control>
	                <control type="image">
	                    <description>Glass overlay</description>
	                    <include>MusicFlowGlassOverlayAngled</include>
	                </control>
	                <control type="image">
	                    <description>Black overlay</description>
	                    <include>MusicFlowOverlay</include>
	                </control>
	            </control>
	        </control>
	        <control type="group">
	            <posx>150</posx>
	            <animation effect="rotatey" center="50" start="-65" end="-65" time="0" condition="true">Conditional</animation>
                <animation type="Conditional" condition="Skin.HasSetting(flattenflow)">
					<effect type="rotatey" center="50" start="0" end="65" time="800" tween="cubic" easing="inout" />
					<effect type="slide" start="0" end="-645" time="800" tween="cubic" easing="inout" />
				</animation>						
	            <control type="group">
					<include>MusicFlowFolderBack</include>				
	                <control type="image">
	                    <include>MusicFlowThumb</include>
	                    <info>Container(55).ListItem(-4).Icon</info>
	                </control>
	                <control type="image">
	                    <description>Glass overlay</description>
	                    <include>MusicFlowGlassOverlayAngled</include>
	                </control>
	                <control type="image">
	                    <description>Black overlay</description>
	                    <include>MusicFlowOverlay</include>
	                </control>
	            </control>
	        </control>
	        <control type="group">
	            <posx>250</posx>
	            <animation effect="rotatey" center="150" start="-65" end="-65" time="0" condition="true">Conditional</animation>
                <animation type="Conditional" condition="Skin.HasSetting(flattenflow)">
					<effect type="rotatey" center="150" start="0" end="65" time="800" tween="cubic" easing="inout" />
					<effect type="slide" start="0" end="-495" time="800" tween="cubic" easing="inout" />
				</animation>				
	            <control type="group">
					<include>MusicFlowFolderBack</include>				
	                <control type="image">
	                    <include>MusicFlowThumb</include>
	                    <info>Container(55).ListItem(-3).Icon</info>
	                </control>
	                <control type="image">
	                    <description>Glass overlay</description>
	                    <include>MusicFlowGlassOverlayAngled</include>
	                </control>
	                <control type="image">
	                    <description>Black overlay</description>
	                    <include>MusicFlowOverlay</include>
	                </control>
	            </control>
	        </control>
	        <control type="group">
	            <posx>350</posx>
	            <animation effect="rotatey" center="250" start="-65" end="-65" time="0" condition="true">Conditional</animation>
                <animation type="Conditional" condition="Skin.HasSetting(flattenflow)">
					<effect type="rotatey" center="250" start="0" end="65" time="800" tween="cubic" easing="inout" />
					<effect type="slide" start="0" end="-345" time="800" tween="cubic" easing="inout" />
				</animation>					
	            <control type="group">
					<include>MusicFlowFolderBack</include>				
	                <control type="image">
	                    <include>MusicFlowThumb</include>
	                    <info>Container(55).ListItem(-2).Icon</info>
	                </control>
	                <control type="image">
	                    <description>Glass overlay</description>
	                    <include>MusicFlowGlassOverlayAngled</include>
	                </control>
	                <control type="image">
	                    <description>Black overlay</description>
	                    <include>MusicFlowOverlay</include>
	                </control>
	            </control>
	        </control>
	        <control type="group">
	            <posx>450</posx>
	            <animation effect="rotatey" center="350" start="-65" end="-65" time="0" condition="true">Conditional</animation>
                <animation type="Conditional" condition="Skin.HasSetting(flattenflow)">
					<effect type="rotatey" center="350" start="0" end="65" time="800" tween="cubic" easing="inout" />
					<effect type="slide" start="0" end="-195" time="800" tween="cubic" easing="inout" />
				</animation>				
	            <control type="group">
					<include>MusicFlowFolderBack</include>				
	                <control type="image">
	                    <include>MusicFlowThumb</include>
	                    <info>Container(55).ListItem(-1).Icon</info>
	                </control>
	                <control type="image">
	                    <description>Glass overlay</description>
	                    <include>MusicFlowGlassOverlayAngled</include>
	                </control>
	                <control type="image">
	                    <description>Black overlay</description>
	                    <include>MusicFlowOverlay</include>
	                </control>
	            </control>
	        </control>
	        <control type="group">
	            <posx>960</posx>
	            <animation effect="rotatey" center="1330" start="65" end="65" time="0" condition="true">Conditional</animation>
                <animation type="Conditional" condition="Skin.HasSetting(flattenflow)">
					<effect type="rotatey" center="1330" start="0" end="-65" time="800" tween="cubic" easing="inout" />
					<effect type="slide" start="0" end="795" time="800" tween="cubic" easing="inout" />
				</animation>				
	            <control type="group">
					<include>MusicFlowFolderBack</include>				
	                <control type="image">
	                    <include>MusicFlowThumb</include>
	                    <info>Container(55).ListItem(5).Icon</info>
	                </control>
	                <control type="image">
	                    <description>Glass overlay</description>
	                    <include>MusicFlowGlassOverlayAngled</include>
	                </control>
	                <control type="image">
	                    <description>Black overlay</description>
	                    <include>MusicFlowOverlay</include>
	                </control>
	            </control>
	        </control>
	        <control type="group">
	            <posx>860</posx>
	            <animation effect="rotatey" center="1230" start="65" end="65" time="0" condition="true">Conditional</animation>
                <animation type="Conditional" condition="Skin.HasSetting(flattenflow)">
					<effect type="rotatey" center="1230" start="0" end="-65" time="800" tween="cubic" easing="inout" />
					<effect type="slide" start="0" end="645" time="800" tween="cubic" easing="inout" />
				</animation>				
	            <control type="group">
					<include>MusicFlowFolderBack</include>				
	                <control type="image">
	                    <include>MusicFlowThumb</include>
	                    <info>Container(55).ListItem(4).Icon</info>
	                </control>
	                <control type="image">
	                    <description>Glass overlay</description>
	                    <include>MusicFlowGlassOverlayAngled</include>
	                </control>
	                <control type="image">
	                    <description>Black overlay</description>
	                    <include>MusicFlowOverlay</include>
	                </control>
	            </control>
	        </control>
	        <control type="group">
	            <posx>760</posx>
	            <animation effect="rotatey" center="1130" start="65" end="65" time="0" condition="true">Conditional</animation>
                <animation type="Conditional" condition="Skin.HasSetting(flattenflow)">
					<effect type="rotatey" center="1130" start="0" end="-65" time="800" tween="cubic" easing="inout" />
					<effect type="slide" start="0" end="495" time="800" tween="cubic" easing="inout" />
				</animation>				
	            <control type="group">
					<include>MusicFlowFolderBack</include>				
	                <control type="image">
	                    <include>MusicFlowThumb</include>
	                    <info>Container(55).ListItem(3).Icon</info>
	                </control>
	                <control type="image">
	                    <description>Glass overlay</description>
	                    <include>MusicFlowGlassOverlayAngled</include>
	                </control>
	                <control type="image">
	                    <description>Black overlay</description>
	                    <include>MusicFlowOverlay</include>
	                </control>
	            </control>
	        </control>
	        <control type="group">
	            <posx>660</posx>
	            <animation effect="rotatey" center="1030" start="65" end="65" time="0" condition="true">Conditional</animation>
                <animation type="Conditional" condition="Skin.HasSetting(flattenflow)">
					<effect type="rotatey" center="1030" start="0" end="-65" time="800" tween="cubic" easing="inout" />
					<effect type="slide" start="0" end="345" time="800" tween="cubic" easing="inout" />
				</animation>					
	            <control type="group">
					<include>MusicFlowFolderBack</include>				
	                <control type="image">
	                    <include>MusicFlowThumb</include>
	                    <info>Container(55).ListItem(2).Icon</info>
	                </control>
	                <control type="image">
	                    <description>Glass overlay</description>
	                    <include>MusicFlowGlassOverlayAngled</include>
	                </control>
	                <control type="image">
	                    <description>Black overlay</description>
	                    <include>MusicFlowOverlay</include>
	                </control>
	            </control>
	        </control>
	        <control type="group">
	            <posx>560</posx>
	            <animation effect="rotatey" center="930" start="65" end="65" time="0" condition="true">Conditional</animation>
                <animation type="Conditional" condition="Skin.HasSetting(flattenflow)">
					<effect type="rotatey" center="930" start="0" end="-65" time="800" tween="cubic" easing="inout" />
					<effect type="slide" start="0" end="195" time="800" tween="cubic" easing="inout" />
				</animation>				
	            <control type="group">
					<include>MusicFlowFolderBack</include>				
	                <control type="image">
	                    <include>MusicFlowThumb</include>
	                    <info>Container(55).ListItem(1).Icon</info>
	                </control>
	                <control type="image">
	                    <description>Glass overlay</description>
	                    <include>MusicFlowGlassOverlayAngled</include>
	                </control>
	                <control type="image">
	                    <description>Black overlay</description>
	                    <include>MusicFlowOverlay</include>
	                </control>
	            </control>
	        </control>
	        <control type="group">
	            <posx>505</posx>
	            <control type="group">
					<include>MusicFlowFolderBack</include>				
	                <control type="image">
	                    <include>MusicFlowThumbMain</include>
	                    <info>Container(55).ListItem(0).Icon</info>
	                </control>
	                <control type="image">
	                    <description>Glass overlay</description>
	                    <include>MusicFlowGlassOverlayMain</include>
	                </control>
	                <control type="image">
	                    <description>Black overlay</description>
	                    <include>MusicFlowOverlay</include>
	                </control>
	            </control>
	        </control>
	    </control>
	</include>
	
<!-- Movie Flow objects -->
	
	<include name="CoverflowMovies">
	    <control type="group" id="9001">
	        <posy>187</posy>
	        <visible>Control.IsVisible(55) + Container.OnNext + !Skin.HasSetting(flattenflow)</visible>
	        <animation effect="slide" end="-90,0" time="250" reversible="false">Hidden</animation>
	        <control type="group">
	            <posx>10</posx>
	            <visible>Container.OnNext</visible>
	            <animation effect="fade" start="100" end="0" time="250" reversible="false">Hidden</animation>
	            <animation effect="rotatey" center="-90" start="-55" end="-55" time="0" condition="true">Conditional</animation>
	            <control type="group">
                    <control type="image">
	                    <include>MovieFlowThumb</include>
	                    <info>Container(55).ListItem(-7).Icon</info>
	                </control>
	                <control type="image">
	                    <description>Glass overlay</description>
	                    <include>MovieFlowGlassOverlayAngled</include>
	                </control>
	                <control type="image">
	                    <description>Black overlay</description>
	                    <include>MovieFlowOverlay</include>
	                </control>
	            </control>
	        </control>
	        <control type="group">
	            <posx>100</posx>
	            <animation effect="rotatey" center="0" start="-55" end="-55" time="0" condition="true">Conditional</animation>
	            <control type="group">
                    <control type="image">
	                    <include>MovieFlowThumb</include>
	                    <info>Container(55).ListItem(-6).Icon</info>
	                </control>
	                <control type="image">
	                    <description>Glass overlay</description>
	                    <include>MovieFlowGlassOverlayAngled</include>
	                </control>
	                <control type="image">
	                    <description>Black overlay</description>
	                    <include>MovieFlowOverlay</include>
	                </control>
	            </control>
	        </control>
	        <control type="group">
	            <posx>190</posx>
	            <animation effect="rotatey" center="90" start="-55" end="-55" time="0" condition="true">Conditional</animation>
	            <control type="group">
                    <control type="image">
	                    <include>MovieFlowThumb</include>
	                    <info>Container(55).ListItem(-5).Icon</info>
	                </control>
	                <control type="image">
	                    <description>Glass overlay</description>
	                    <include>MovieFlowGlassOverlayAngled</include>
	                </control>
	                <control type="image">
	                    <description>Black overlay</description>
	                    <include>MovieFlowOverlay</include>
	                </control>
	            </control>
	        </control>
	        <control type="group">
	            <posx>280</posx>
	            <animation effect="rotatey" center="180" start="-55" end="-55" time="0" condition="true">Conditional</animation>
	            <control type="group">
                    <control type="image">
	                    <include>MovieFlowThumb</include>
	                    <info>Container(55).ListItem(-4).Icon</info>
	                </control>
	                <control type="image">
	                    <description>Glass overlay</description>
	                    <include>MovieFlowGlassOverlayAngled</include>
	                </control>
	                <control type="image">
	                    <description>Black overlay</description>
	                    <include>MovieFlowOverlay</include>
	                </control>
	            </control>
	        </control>
	        <control type="group">
	            <posx>370</posx>
	            <animation effect="rotatey" center="270" start="-55" end="-55" time="0" condition="true">Conditional</animation>
	            <control type="group">
                    <control type="image">
	                    <include>MovieFlowThumb</include>
	                    <info>Container(55).ListItem(-3).Icon</info>
	                </control>
	                <control type="image">
	                    <description>Glass overlay</description>
	                    <include>MovieFlowGlassOverlayAngled</include>
	                </control>
	                <control type="image">
	                    <description>Black overlay</description>
	                    <include>MovieFlowOverlay</include>
	                </control>
	            </control>
	        </control>
	        <control type="group">
	            <posx>460</posx>
	            <animation effect="rotatey" center="360" start="-55" end="-55" time="0" condition="true">Conditional</animation>
	            <control type="group">
                    <control type="image">
	                    <include>MovieFlowThumb</include>
	                    <info>Container(55).ListItem(-2).Icon</info>
	                </control>
	                <control type="image">
	                    <description>Glass overlay</description>
	                    <include>MovieFlowGlassOverlayAngled</include>
	                </control>
	                <control type="image">
	                    <description>Black overlay</description>
	                    <include>MovieFlowOverlay</include>
	                </control>
	            </control>
	        </control>
	        <control type="group">
	            <posx>1090</posx>
	            <visible>!Container.OnNext</visible>
	            <animation effect="fade" start="0" end="100" delay="0" time="250" reversible="false">Visible</animation>
	            <animation effect="rotatey" center="1470" start="55" end="55" time="0" condition="true">Conditional</animation>
	            <control type="group">
                    <control type="image">
	                    <include>MovieFlowThumb</include>
	                    <info>Container(55).ListItem(6).Icon</info>
	                </control>
	                <control type="image">
	                    <description>Glass overlay</description>
	                    <include>MovieFlowGlassOverlayAngled</include>
	                </control>
	                <control type="image">
	                    <description>Black overlay</description>
	                    <include>MovieFlowOverlay</include>
	                </control>
	            </control>
	        </control>
	        <control type="group">
	            <posx>1000</posx>
	            <animation effect="rotatey" center="1380" start="55" end="55" time="0" condition="true">Conditional</animation>
	            <control type="group">
                    <control type="image">
	                    <include>MovieFlowThumb</include>
	                    <info>Container(55).ListItem(5).Icon</info>
	                </control>
	                <control type="image">
	                    <description>Glass overlay</description>
	                    <include>MovieFlowGlassOverlayAngled</include>
	                </control>
	                <control type="image">
	                    <description>Black overlay</description>
	                    <include>MovieFlowOverlay</include>
	                </control>
	            </control>
	        </control>
	        <control type="group">
	            <posx>910</posx>
	            <animation effect="rotatey" center="1290" start="55" end="55" time="0" condition="true">Conditional</animation>
	            <control type="group">
                    <control type="image">
	                    <include>MovieFlowThumb</include>
	                    <info>Container(55).ListItem(4).Icon</info>
	                </control>
	                <control type="image">
	                    <description>Glass overlay</description>
	                    <include>MovieFlowGlassOverlayAngled</include>
	                </control>
	                <control type="image">
	                    <description>Black overlay</description>
	                    <include>MovieFlowOverlay</include>
	                </control>
	            </control>
	        </control>
	        <control type="group">
	            <posx>820</posx>
	            <animation effect="rotatey" center="1200" start="55" end="55" time="0" condition="true">Conditional</animation>
	            <control type="group">
                    <control type="image">
	                    <include>MovieFlowThumb</include>
	                    <info>Container(55).ListItem(3).Icon</info>
	                </control>
	                <control type="image">
	                    <description>Glass overlay</description>
	                    <include>MovieFlowGlassOverlayAngled</include>
	                </control>
	                <control type="image">
	                    <description>Black overlay</description>
	                    <include>MovieFlowOverlay</include>
	                </control>
	            </control>
	        </control>
	        <control type="group">
	            <posx>730</posx>
	            <animation effect="rotatey" center="1110" start="55" end="55" time="0" condition="true">Conditional</animation>
	            <control type="group">
                    <control type="image">
	                    <include>MovieFlowThumb</include>
	                    <info>Container(55).ListItem(2).Icon</info>
	                </control>
	                <control type="image">
	                    <description>Glass overlay</description>
	                    <include>MovieFlowGlassOverlayAngled</include>
	                </control>
	                <control type="image">
	                    <description>Black overlay</description>
	                    <include>MovieFlowOverlay</include>
	                </control>
	            </control>
	        </control>
	        <control type="group">
	            <posx>640</posx>
	            <animation effect="rotatey" center="1020" start="55" end="55" time="0" condition="true">Conditional</animation>
	            <control type="group">
                    <control type="image">
	                    <include>MovieFlowThumb</include>
	                    <info>Container(55).ListItem(1).Icon</info>
	                </control>
	                <control type="image">
	                    <description>Glass overlay</description>
	                    <include>MovieFlowGlassOverlayAngled</include>
	                </control>
	                <control type="image">
	                    <description>Black overlay</description>
	                    <include>MovieFlowOverlay</include>
	                </control>
	            </control>
	        </control>
	        <control type="group">
	            <visible>Container.OnNext</visible>
	            <animation effect="slide" end="50,0" time="250" reversible="false">Hidden</animation>
	            <control type="group">
	                <posx>550</posx>
	                <visible>Container.OnNext</visible>
	                <animation effect="rotatey" center="930" start="0" end="-55" time="250" reversible="false" tween="quadratic" easing="in">Hidden</animation>
	                <animation effect="rotatey" center="930" start="55" end="55" time="0" condition="true">Conditional</animation>
	                <control type="group">
                    <control type="image">
	                        <include>MovieFlowThumb</include>
	                        <info>Container(55).ListItem(0).Icon</info>
	                    </control>
	                    <control type="image">
	                        <description>Glass overlay</description>
	                        <include>MovieFlowGlassOverlayAngled</include>
	                    </control>
	                    <control type="image">
	                        <description>Black overlay</description>
	                        <include>MovieFlowOverlay</include>
	                    </control>
	                </control>
	            </control>
	            <control type="group">
	                <posx>505</posx>
	                <visible>Container.OnNext</visible>
	                <animation effect="rotatey" center="405" start="0" end="-55" time="250" reversible="false" tween="quadratic" easing="out">Hidden</animation>
	                <control type="group">
                    <control type="image">
	                        <include>MovieFlowThumb</include>
	                        <info>Container(55).ListItem(-1).Icon</info>
	                    </control>
	                    <control type="image">
	                        <description>Glass overlay</description>
	                        <include>MovieFlowGlassOverlayAngled</include>
	                    </control>
	                    <control type="image">
	                        <description>Black overlay</description>
	                        <include>MovieFlowOverlay</include>
	                    </control>
	                </control>
	            </control>
	        </control>
	    </control>
	    <control type="group" id="9002">
	        <posy>187</posy>
	        <visible>Control.IsVisible(55) + Container.OnPrevious + !Skin.HasSetting(flattenflow)</visible>
	        <animation effect="slide" end="90,0" time="250" reversible="false">Hidden</animation>
	        <control type="group">
	            <posx>1000</posx>
	            <visible>Container.OnPrevious</visible>
	            <animation effect="fade" start="100" end="0" time="250" reversible="false">Hidden</animation>
	            <animation effect="rotatey" center="1380" start="55" end="55" time="0" condition="true">Conditional</animation>
	            <control type="group">
                    <control type="image">
	                    <include>MovieFlowThumb</include>
	                    <info>Container(55).ListItem(7).Icon</info>
	                </control>
	                <control type="image">
	                    <description>Glass overlay</description>
	                    <include>MovieFlowGlassOverlayAngled</include>
	                </control>
	                <control type="image">
	                    <description>Black overlay</description>
	                    <include>MovieFlowOverlay</include>
	                </control>
	            </control>
	        </control>
	        <control type="group">
	            <posx>910</posx>
	            <animation effect="rotatey" center="1290" start="55" end="55" time="0" condition="true">Conditional</animation>
	            <control type="group">
                    <control type="image">
	                    <include>MovieFlowThumb</include>
	                    <info>Container(55).ListItem(6).Icon</info>
	                </control>
	                <control type="image">
	                    <description>Glass overlay</description>
	                    <include>MovieFlowGlassOverlayAngled</include>
	                </control>
	                <control type="image">
	                    <description>Black overlay</description>
	                    <include>MovieFlowOverlay</include>
	                </control>
	            </control>
	        </control>
	        <control type="group">
	            <posx>820</posx>
	            <animation effect="rotatey" center="1200" start="55" end="55" time="0" condition="true">Conditional</animation>
	            <control type="group">
                    <control type="image">
	                    <include>MovieFlowThumb</include>
	                    <info>Container(55).ListItem(5).Icon</info>
	                </control>
	                <control type="image">
	                    <description>Glass overlay</description>
	                    <include>MovieFlowGlassOverlayAngled</include>
	                </control>
	                <control type="image">
	                    <description>Black overlay</description>
	                    <include>MovieFlowOverlay</include>
	                </control>
	            </control>
	        </control>
	        <control type="group">
	            <posx>730</posx>
	            <animation effect="rotatey" center="1110" start="55" end="55" time="0" condition="true">Conditional</animation>
	            <control type="group">
                    <control type="image">
	                    <include>MovieFlowThumb</include>
	                    <info>Container(55).ListItem(4).Icon</info>
	                </control>
	                <control type="image">
	                    <description>Glass overlay</description>
	                    <include>MovieFlowGlassOverlayAngled</include>
	                </control>
	                <control type="image">
	                    <description>Black overlay</description>
	                    <include>MovieFlowOverlay</include>
	                </control>
	            </control>
	        </control>
	        <control type="group">
	            <posx>640</posx>
	            <animation effect="rotatey" center="1020" start="55" end="55" time="0" condition="true">Conditional</animation>
	            <control type="group">
                    <control type="image">
	                    <include>MovieFlowThumb</include>
	                    <info>Container(55).ListItem(3).Icon</info>
	                </control>
	                <control type="image">
	                    <description>Glass overlay</description>
	                    <include>MovieFlowGlassOverlayAngled</include>
	                </control>
	                <control type="image">
	                    <description>Black overlay</description>
	                    <include>MovieFlowOverlay</include>
	                </control>
	            </control>
	        </control>
	        <control type="group">
	            <posx>550</posx>
	            <animation effect="rotatey" center="930" start="55" end="55" time="0" condition="true">Conditional</animation>
	            <control type="group">
                    <control type="image">
	                    <include>MovieFlowThumb</include>
	                    <info>Container(55).ListItem(2).Icon</info>
	                </control>
	                <control type="image">
	                    <description>Glass overlay</description>
	                    <include>MovieFlowGlassOverlayAngled</include>
	                </control>
	                <control type="image">
	                    <description>Black overlay</description>
	                    <include>MovieFlowOverlay</include>
	                </control>
	            </control>
	        </control>
	        <control type="group">
	            <posx>-80</posx>
	            <visible>!Container.OnPrevious</visible>
	            <animation effect="fade" start="0" end="100" time="250" reversible="false">Visible</animation>
	            <animation effect="rotatey" center="-180" start="-55" end="-55" time="0" condition="true">Conditional</animation>
	            <control type="group">
                    <control type="image">
	                    <include>MovieFlowThumb</include>
	                    <info>Container(55).ListItem(-6).Icon</info>
	                </control>
	                <control type="image">
	                    <description>Glass overlay</description>
	                    <include>MovieFlowGlassOverlayAngled</include>
	                </control>
	                <control type="image">
	                    <description>Black overlay</description>
	                    <include>MovieFlowOverlay</include>
	                </control>
	            </control>
	        </control>
	        <control type="group">
	            <posx>10</posx>
	            <animation effect="rotatey" center="-90" start="-55" end="-55" time="0" condition="true">Conditional</animation>
	            <control type="group">
                    <control type="image">
	                    <include>MovieFlowThumb</include>
	                    <info>Container(55).ListItem(-5).Icon</info>
	                </control>
	                <control type="image">
	                    <description>Glass overlay</description>
	                    <include>MovieFlowGlassOverlayAngled</include>
	                </control>
	                <control type="image">
	                    <description>Black overlay</description>
	                    <include>MovieFlowOverlay</include>
	                </control>
	            </control>
	        </control>
	        <control type="group">
	            <posx>100</posx>
	            <animation effect="rotatey" center="0" start="-55" end="-55" time="0" condition="true">Conditional</animation>
	            <control type="group">
                    <control type="image">
	                    <include>MovieFlowThumb</include>
	                    <info>Container(55).ListItem(-4).Icon</info>
	                </control>
	                <control type="image">
	                    <description>Glass overlay</description>
	                    <include>MovieFlowGlassOverlayAngled</include>
	                </control>
	                <control type="image">
	                    <description>Black overlay</description>
	                    <include>MovieFlowOverlay</include>
	                </control>
	            </control>
	        </control>
	        <control type="group">
	            <posx>190</posx>
	            <animation effect="rotatey" center="90" start="-55" end="-55" time="0" condition="true">Conditional</animation>
	            <control type="group">
                    <control type="image">
	                    <include>MovieFlowThumb</include>
	                    <info>Container(55).ListItem(-3).Icon</info>
	                </control>
	                <control type="image">
	                    <description>Glass overlay</description>
	                    <include>MovieFlowGlassOverlayAngled</include>
	                </control>
	                <control type="image">
	                    <description>Black overlay</description>
	                    <include>MovieFlowOverlay</include>
	                </control>
	            </control>
	        </control>
	        <control type="group">
	            <posx>280</posx>
	            <animation effect="rotatey" center="180" start="-55" end="-55" time="0" condition="true">Conditional</animation>
	            <control type="group">
                    <control type="image">
	                    <include>MovieFlowThumb</include>
	                    <info>Container(55).ListItem(-2).Icon</info>
	                </control>
	                <control type="image">
	                    <description>Glass overlay</description>
	                    <include>MovieFlowGlassOverlayAngled</include>
	                </control>
	                <control type="image">
	                    <description>Black overlay</description>
	                    <include>MovieFlowOverlay</include>
	                </control>
	            </control>
	        </control>
	        <control type="group">
	            <posx>370</posx>
	            <animation effect="rotatey" center="270" start="-55" end="-55" time="0" condition="true">Conditional</animation>
	            <control type="group">
                    <control type="image">
	                    <include>MovieFlowThumb</include>
	                    <info>Container(55).ListItem(-1).Icon</info>
	                </control>
	                <control type="image">
	                    <description>Glass overlay</description>
	                    <include>MovieFlowGlassOverlayAngled</include>
	                </control>
	                <control type="image">
	                    <description>Black overlay</description>
	                    <include>MovieFlowOverlay</include>
	                </control>
	            </control>
	        </control>
	        <control type="group">
	            <visible>Container.OnPrevious</visible>
	            <animation effect="slide" end="-50,0" time="250" reversible="false">Hidden</animation>
	            <control type="group">
	                <posx>460</posx>
	                <visible>Container.OnPrevious</visible>
	                <animation effect="rotatey" center="360" start="0" end="55" time="250" reversible="false" tween="quadratic" easing="in">Hidden</animation>
	                <animation effect="rotatey" center="360" start="-55" end="-55" time="0" condition="true">Conditional</animation>
	                <control type="group">
                    <control type="image">
	                        <include>MovieFlowThumb</include>
	                        <info>Container(55).ListItem(0).Icon</info>
	                    </control>
	                    <control type="image">
	                        <description>Glass overlay</description>
	                        <include>MovieFlowGlassOverlay</include>
	                    </control>
	                    <control type="image">
	                        <description>Black overlay</description>
	                        <include>MovieFlowOverlay</include>
	                    </control>
	                </control>
	            </control>
	            <control type="group">
	                <posx>505</posx>
	                <visible>Container.OnPrevious</visible>
	                <animation effect="rotatey" center="885" start="0" end="55" time="250" reversible="false" tween="quadratic" easing="out">Hidden</animation>
	                <control type="group">
                    <control type="image">
	                        <include>MovieFlowThumb</include>
	                        <info>Container(55).ListItem(1).Icon</info>
	                    </control>
	                    <control type="image">
	                        <description>Glass overlay</description>
	                        <include>MovieFlowGlassOverlay</include>
	                    </control>
	                    <control type="image">
	                        <description>Black overlay</description>
	                        <include>MovieFlowOverlay</include>
	                    </control>
	                </control>
	            </control>
	        </control>
	    </control>
		<control type="button" id="962">
			<texture>-</texture>
			<visible>!Skin.HasSetting(flattenflow)</visible>
			<animation effect="fade" start="100" end="0" time="800">Hidden</animation>
		</control>
	    <control type="group" id="9000">
	        <posy>187</posy>
	        <visible>Control.IsVisible(55) + !Control.IsVisible(9001) + !Control.IsVisible(9002) + Control.IsVisible(962)</visible>
	        <control type="group">
	            <posx>10</posx>
	            <animation effect="rotatey" center="-90" start="-55" end="-55" time="0" condition="true">Conditional</animation>
                <animation type="Conditional" condition="Skin.HasSetting(flattenflow)">
					<effect type="rotatey" center="-90" start="0" end="55" time="800" tween="cubic" easing="inout" />
					<effect type="slide" start="0" end="-685" time="800" tween="cubic" easing="inout" />
				</animation>
	            <control type="group">
                    <control type="image">
	                    <include>MovieFlowThumb</include>
	                    <info>Container(55).ListItem(-6).Icon</info>
	                </control>
	                <control type="image">
	                    <description>Glass overlay</description>
	                    <include>MovieFlowGlassOverlayAngled</include>
	                </control>
	                <control type="image">
	                    <description>Black overlay</description>
	                    <include>MovieFlowOverlay</include>
	                </control>
	            </control>
	        </control>
	        <control type="group">
	            <posx>100</posx>
	            <animation effect="rotatey" center="0" start="-55" end="-55" time="0" condition="true">Conditional</animation>
                <animation type="Conditional" condition="Skin.HasSetting(flattenflow)">
					<effect type="rotatey" center="0" start="0" end="55" time="800" tween="cubic" easing="inout" />
					<effect type="slide" start="0" end="-577" time="800" tween="cubic" easing="inout" />
				</animation>
	            <control type="group">
                    <control type="image">
	                    <include>MovieFlowThumb</include>
	                    <info>Container(55).ListItem(-5).Icon</info>
	                </control>
	                <control type="image">
	                    <description>Glass overlay</description>
	                    <include>MovieFlowGlassOverlayAngled</include>
	                </control>
	                <control type="image">
	                    <description>Black overlay</description>
	                    <include>MovieFlowOverlay</include>
	                </control>
	            </control>
	        </control>
	        <control type="group">
	            <posx>190</posx>
	            <animation effect="rotatey" center="90" start="-55" end="-55" time="0" condition="true">Conditional</animation>
                <animation type="Conditional" condition="Skin.HasSetting(flattenflow)">
					<effect type="rotatey" center="90" start="0" end="55" time="800" tween="cubic" easing="inout" />
					<effect type="slide" start="0" end="-469" time="800" tween="cubic" easing="inout" />
				</animation>
	            <control type="group">
                    <control type="image">
	                    <include>MovieFlowThumb</include>
	                    <info>Container(55).ListItem(-4).Icon</info>
	                </control>
	                <control type="image">
	                    <description>Glass overlay</description>
	                    <include>MovieFlowGlassOverlayAngled</include>
	                </control>
	                <control type="image">
	                    <description>Black overlay</description>
	                    <include>MovieFlowOverlay</include>
	                </control>
	            </control>
	        </control>
	        <control type="group">
	            <posx>280</posx>
	            <animation effect="rotatey" center="180" start="-55" end="-55" time="0" condition="true">Conditional</animation>
                <animation type="Conditional" condition="Skin.HasSetting(flattenflow)">
					<effect type="rotatey" center="180" start="0" end="55" time="800" tween="cubic" easing="inout" />
					<effect type="slide" start="0" end="-362" time="800" tween="cubic" easing="inout" />
				</animation>
	            <control type="group">
                    <control type="image">
	                    <include>MovieFlowThumb</include>
	                    <info>Container(55).ListItem(-3).Icon</info>
	                </control>
	                <control type="image">
	                    <description>Glass overlay</description>
	                    <include>MovieFlowGlassOverlayAngled</include>
	                </control>
	                <control type="image">
	                    <description>Black overlay</description>
	                    <include>MovieFlowOverlay</include>
	                </control>
	            </control>
	        </control>
	        <control type="group">
	            <posx>370</posx>
	            <animation effect="rotatey" center="270" start="-55" end="-55" time="0" condition="true">Conditional</animation>
                <animation type="Conditional" condition="Skin.HasSetting(flattenflow)">
					<effect type="rotatey" center="270" start="0" end="55" time="800" tween="cubic" easing="inout" />
					<effect type="slide" start="0" end="-256" time="800" tween="cubic" easing="inout" />
				</animation>
	            <control type="group">
                    <control type="image">
	                    <include>MovieFlowThumb</include>
	                    <info>Container(55).ListItem(-2).Icon</info>
	                </control>
	                <control type="image">
	                    <description>Glass overlay</description>
	                    <include>MovieFlowGlassOverlayAngled</include>
	                </control>
	                <control type="image">
	                    <description>Black overlay</description>
	                    <include>MovieFlowOverlay</include>
	                </control>
	            </control>
	        </control>
	        <control type="group">
	            <posx>460</posx>
	            <animation effect="rotatey" center="360" start="-55" end="-55" time="0" condition="true">Conditional</animation>
                <animation type="Conditional" condition="Skin.HasSetting(flattenflow)">
					<effect type="rotatey" center="360" start="0" end="55" time="800" tween="cubic" easing="inout" />
					<effect type="slide" start="0" end="-151" time="800" tween="cubic" easing="inout" />
				</animation>
	            <control type="group">
                    <control type="image">
	                    <include>MovieFlowThumb</include>
	                    <info>Container(55).ListItem(-1).Icon</info>
	                </control>
	                <control type="image">
	                    <description>Glass overlay</description>
	                    <include>MovieFlowGlassOverlayAngled</include>
	                </control>
	                <control type="image">
	                    <description>Black overlay</description>
	                    <include>MovieFlowOverlay</include>
	                </control>
	            </control>
	        </control>
	        <control type="group">
	            <posx>1000</posx>
	            <animation effect="rotatey" center="1380" start="55" end="55" time="0" condition="true">Conditional</animation>
                <animation type="Conditional" condition="Skin.HasSetting(flattenflow)">
					<effect type="rotatey" center="1380" start="0" end="-55" time="800" tween="cubic" easing="inout" />
					<effect type="slide" start="0" end="685" time="800" tween="cubic" easing="inout" />
				</animation>
	            <control type="group">
                    <control type="image">
	                    <include>MovieFlowThumb</include>
	                    <info>Container(55).ListItem(6).Icon</info>
	                </control>
	                <control type="image">
	                    <description>Glass overlay</description>
	                    <include>MovieFlowGlassOverlayAngled</include>
	                </control>
	                <control type="image">
	                    <description>Black overlay</description>
	                    <include>MovieFlowOverlay</include>
	                </control>
	            </control>
	        </control>
	        <control type="group">
	            <posx>910</posx>
	            <animation effect="rotatey" center="1290" start="55" end="55" time="0" condition="true">Conditional</animation>
                <animation type="Conditional" condition="Skin.HasSetting(flattenflow)">
					<effect type="rotatey" center="1290" start="0" end="-55" time="800" tween="cubic" easing="inout" />
					<effect type="slide" start="0" end="577" time="800" tween="cubic" easing="inout" />
				</animation>
	            <control type="group">
                    <control type="image">
	                    <include>MovieFlowThumb</include>
	                    <info>Container(55).ListItem(5).Icon</info>
	                </control>
	                <control type="image">
	                    <description>Glass overlay</description>
	                    <include>MovieFlowGlassOverlayAngled</include>
	                </control>
	                <control type="image">
	                    <description>Black overlay</description>
	                    <include>MovieFlowOverlay</include>
	                </control>
	            </control>
	        </control>
	        <control type="group">
	            <posx>820</posx>
	            <animation effect="rotatey" center="1200" start="55" end="55" time="0" condition="true">Conditional</animation>
                <animation type="Conditional" condition="Skin.HasSetting(flattenflow)">
					<effect type="rotatey" center="1200" start="0" end="-55" time="800" tween="cubic" easing="inout" />
					<effect type="slide" start="0" end="469" time="800" tween="cubic" easing="inout" />
				</animation>
	            <control type="group">
                    <control type="image">
	                    <include>MovieFlowThumb</include>
	                    <info>Container(55).ListItem(4).Icon</info>
	                </control>
	                <control type="image">
	                    <description>Glass overlay</description>
	                    <include>MovieFlowGlassOverlayAngled</include>
	                </control>
	                <control type="image">
	                    <description>Black overlay</description>
	                    <include>MovieFlowOverlay</include>
	                </control>
	            </control>
	        </control>
	        <control type="group">
	            <posx>730</posx>
	            <animation effect="rotatey" center="1110" start="55" end="55" time="0" condition="true">Conditional</animation>
                <animation type="Conditional" condition="Skin.HasSetting(flattenflow)">
					<effect type="rotatey" center="1110" start="0" end="-55" time="800" tween="cubic" easing="inout" />
					<effect type="slide" start="0" end="362" time="800" tween="cubic" easing="inout" />
				</animation>
	            <control type="group">
                    <control type="image">
	                    <include>MovieFlowThumb</include>
	                    <info>Container(55).ListItem(3).Icon</info>
	                </control>
	                <control type="image">
	                    <description>Glass overlay</description>
	                    <include>MovieFlowGlassOverlayAngled</include>
	                </control>
	                <control type="image">
	                    <description>Black overlay</description>
	                    <include>MovieFlowOverlay</include>
	                </control>
	            </control>
	        </control>
	        <control type="group">
	            <posx>640</posx>
	            <animation effect="rotatey" center="1020" start="55" end="55" time="0" condition="true">Conditional</animation>
                <animation type="Conditional" condition="Skin.HasSetting(flattenflow)">
					<effect type="rotatey" center="1020" start="0" end="-55" time="800" tween="cubic" easing="inout" />
					<effect type="slide" start="0" end="256" time="800" tween="cubic" easing="inout" />
				</animation>
	            <control type="group">
                    <control type="image">
	                    <include>MovieFlowThumb</include>
	                    <info>Container(55).ListItem(2).Icon</info>
	                </control>
	                <control type="image">
	                    <description>Glass overlay</description>
	                    <include>MovieFlowGlassOverlayAngled</include>
	                </control>
	                <control type="image">
	                    <description>Black overlay</description>
	                    <include>MovieFlowOverlay</include>
	                </control>
	            </control>
	        </control>
	        <control type="group">
	            <posx>550</posx>
	            <animation effect="rotatey" center="930" start="55" end="55" time="0" condition="true">Conditional</animation>
                <animation type="Conditional" condition="Skin.HasSetting(flattenflow)">
					<effect type="rotatey" center="930" start="0" end="-55" time="800" tween="cubic" easing="inout" />
					<effect type="slide" start="0" end="151" time="800" tween="cubic" easing="inout" />
				</animation>
	            <control type="group">
                    <control type="image">
	                    <include>MovieFlowThumb</include>
	                    <info>Container(55).ListItem(1).Icon</info>
	                </control>
	                <control type="image">
	                    <description>Glass overlay</description>
	                    <include>MovieFlowGlassOverlayAngled</include>
	                </control>
	                <control type="image">
	                    <description>Black overlay</description>
	                    <include>MovieFlowOverlay</include>
	                </control>
	            </control>
	        </control>
	        <control type="group">
	            <posx>505</posx>
	            <control type="group">
                    <control type="image">
	                    <include>MovieFlowThumbMain</include>
	                    <info>Container(55).ListItem(0).Icon</info>
	                </control>
	                <control type="image">
	                    <description>Glass overlay</description>
	                    <include>MovieFlowGlassOverlay</include>
	                </control>
	                <control type="image">
	                    <description>Black overlay</description>
	                    <include>MovieFlowOverlay</include>
	                </control>
	            </control>
	        </control>
	    </control>
	</include>


	
	<include name="Viewtype_Coverflow">
	    <control type="group">
	        <visible>Window.IsActive(28) | Window.IsActive(24) | [Window.IsActive(25) + !Container.Content(episodes)] | Window.IsActive(1)</visible>
	        <include>CoverflowMovies</include>
	    </control>
	    <control type="group">
	        <visible>Window.IsActive(20) | Window.IsActive(500) | Window.IsActive(502) | Window.IsActive(501) | Window.IsActive(2) | Container.Content(episodes)</visible>
	        <include>CoverflowSquare</include>
	    </control>
	    <control type="group">
	        <include>CoverflowVisible</include>
	        <control type="wraplist" id="55">
				<include condition="!Container.Content(episodes) + [Window.IsActive(28) | Window.IsActive(24) | Window.IsActive(25) | Window.IsActive(1)]">MovieFlowGroupVars</include>
				<include condition="Window.IsActive(20) | Window.IsActive(500) | Window.IsActive(502) | Window.IsActive(501) | Window.IsActive(2)">MusicFlowGroupVars</include>
	            <onleft>55</onleft>
	            <onright>55</onright>
	            <onup>900</onup>
	            <ondown>60</ondown>
	            <viewtype label="Panel">list</viewtype>
	            <pagecontrol>60</pagecontrol>
	            <orientation>horizontal</orientation>
	            <scrolltime>250</scrolltime>
	            <focusposition>3</focusposition>
				<visible>!Container.Content(episodes)</visible>				
                <itemlayout height="350" width="196" condition="Window.IsActive(28) | Window.IsActive(24) | [Window.IsActive(25) + !Container.Content(episodes)] | Window.IsActive(1)">
                    <control type="image">
                        <include>MovieFlowThumbMain</include>
                        <info>ListItem.Icon</info>
						<visible>!Skin.HasSetting(alternativerender) + Skin.HasSetting(flattenflow) + !Control.IsVisible(9000)</visible>
                    </control>
                    <control type="image">
                        <include>MovieFlowThumbMain</include>
                        <info>ListItem.Icon</info>
						<visible>Skin.HasSetting(alternativerender) + Skin.HasSetting(flattenflow) + !Control.IsVisible(9000)</visible>
                    </control>
                    <control type="image">
                        <description>Glass overlay</description>
                        <include>MovieFlowGlassOverlay</include>
						<visible>!Skin.HasSetting(alternativerender) + Skin.HasSetting(flattenflow) + !Control.IsVisible(9000)</visible>
                    </control>
				</itemlayout>
                <focusedlayout height="350" width="196"	condition="Window.IsActive(28) | Window.IsActive(24) | [Window.IsActive(25) + !Container.Content(episodes)] | Window.IsActive(1)">
                    <control type="image">
                        <include>MovieFlowThumbMain</include>
                        <info>ListItem.Icon</info>
						<visible>!Skin.HasSetting(alternativerender) + Skin.HasSetting(flattenflow) + !Control.IsVisible(9000)</visible>
						<animation effect="zoom" start="100" end="110" center="135,130" time="400" easing="out" reversible="false" tween="cubic">Focus</animation>
						<animation effect="zoom" start="110" end="100" center="135,130" time="400" easing="out" reversible="false" tween="cubic" condition="!Control.HasFocus(55) + Skin.HasSetting(flattenflow)">Unfocus</animation>
                    </control>
                    <control type="image">
                        <include>MovieFlowThumbMain</include>
                        <info>ListItem.Icon</info>
						<visible>Skin.HasSetting(alternativerender) + Skin.HasSetting(flattenflow) + !Control.IsVisible(9000)</visible>
						<animation effect="zoom" start="100" end="110" center="135,130" time="400" easing="out" reversible="false" tween="cubic">Focus</animation>
						<animation effect="zoom" start="110" end="100" center="135,130" time="400" easing="out" reversible="false" tween="cubic" condition="!Control.HasFocus(55) + Skin.HasSetting(flattenflow)">Unfocus</animation>						
                    </control>
                    <control type="image">
                        <description>Glass overlay</description>
                        <include>MovieFlowGlassOverlay</include>
						<visible>Skin.HasSetting(flattenflow) + !Control.IsVisible(9000)</visible>
						<animation effect="zoom" start="100" end="110" center="135,130" time="400" easing="out" reversible="false" tween="cubic">Focus</animation>
						<animation effect="zoom" start="110" end="100" center="135,130" time="400" easing="out" reversible="false" tween="cubic" condition="!Control.HasFocus(55) + Skin.HasSetting(flattenflow)">Unfocus</animation>						
                    </control>
				</focusedlayout>
                <itemlayout height="350" width="250" condition="Window.IsActive(20) | Window.IsActive(500) | Window.IsActive(502) | Window.IsActive(501) | Window.IsActive(2)">
                    <control type="image">
                        <include>MusicFlowThumbMain</include>
                        <info>ListItem.Icon</info>
						<visible>[[Skin.HasSetting(flattenflow) + !Control.IsVisible(971)] | Container.Content(episodes)]</visible>
                    </control>
                    <control type="image">
                        <description>Glass overlay</description>
                        <include>MusicFlowGlassOverlay</include>
						<visible>[[Skin.HasSetting(flattenflow) + !Control.IsVisible(971)] | Container.Content(episodes)]</visible>
                    </control>
                    <control type="image">
                        <description>Black overlay</description>
                        <include>MusicFlowOverlay</include>
						<visible>[[Skin.HasSetting(flattenflow) + !Control.IsVisible(971)] | Container.Content(episodes)] + !Control.HasFocus(55)</visible>
                    </control>
				</itemlayout>
                <focusedlayout height="350" width="250" condition="Window.IsActive(20) | Window.IsActive(500) | Window.IsActive(502) | Window.IsActive(501) | Window.IsActive(2)">
                    <control type="image">
                        <include>MusicFlowThumbMain</include>
                        <info>ListItem.Icon</info>
						<visible>[[Skin.HasSetting(flattenflow) + !Control.IsVisible(971)] | Container.Content(episodes)]</visible>
						<animation effect="zoom" start="100" end="110" center="135,160" time="400" easing="out" reversible="false" tween="cubic">Focus</animation>
						<animation effect="zoom" start="110" end="100" center="135,160" time="400" easing="out" reversible="false" tween="cubic" condition="!Control.HasFocus(57) + [Skin.HasSetting(flattenflow) | Container.Content(episodes)]">Unfocus</animation>						
                    </control>
                    <control type="image">
                        <description>Glass overlay</description>
                        <include>MusicFlowGlassOverlay</include>
						<visible>[[Skin.HasSetting(flattenflow) + !Control.IsVisible(971)] | Container.Content(episodes)]</visible>
						<animation effect="zoom" start="100" end="110" center="135,160" time="400" easing="out" reversible="false" tween="cubic">Focus</animation>
						<animation effect="zoom" start="110" end="100" center="135,160" time="400" easing="out" reversible="false" tween="cubic" condition="!Control.HasFocus(57) + [Skin.HasSetting(flattenflow) | Container.Content(episodes)]">Unfocus</animation>						
                    </control>
                    <control type="image">
                        <description>Black overlay</description>
                        <include>MusicFlowOverlay</include>
						<visible>[[Skin.HasSetting(flattenflow) + !Control.IsVisible(971)] | Container.Content(episodes)] + !Control.HasFocus(55)</visible>
						<animation effect="zoom" start="100" end="110" center="135,160" time="400" easing="out" reversible="false" tween="cubic">Focus</animation>
						<animation effect="zoom" start="110" end="100" center="135,160" time="400" easing="out" reversible="false" tween="cubic" condition="!Control.HasFocus(57) + [Skin.HasSetting(flattenflow) | Container.Content(episodes)]">Unfocus</animation>						
                    </control>
				</focusedlayout>				
	        </control>

	        <control type="scrollbar" id="60">
	            <posx>67</posx>
	            <posy>485</posy>
	            <width>1147</width>
	            <height>41</height>
	            <visible>Control.IsVisible(55)</visible>
	            <texturesliderbackground>windows/scrollbarbackwide_nofocus.png</texturesliderbackground>
	            <texturesliderbar>-</texturesliderbar>
	            <texturesliderbarfocus>-</texturesliderbarfocus>
	            <textureslidernib>windows/scrollbarnub-nofocus.png</textureslidernib>
	            <textureslidernibfocus>windows/scrollbarnub-focus.png</textureslidernibfocus>
	            <pulseonselect></pulseonselect>
	            <orientation>horizontal</orientation>
	            <showonepage>false</showonepage>
	            <onup>55</onup>
	            <ondown>55</ondown>
	            <onleft>60</onleft>
	            <onright>60</onright>
	            <include>Animation_CommonFade</include>
	        </control>
			
			<include>Furniture_PanelMediaFlags</include>			
			
	        <control type="group">
	            <include>Animation_CommonFade</include>
                <control type="fadelabel">
                    <label>31609</label>
                    <label>31610</label>					
					<scrollout>false</scrollout>
					<pauseatend>3000</pauseatend>
					<scroll>false</scroll>
                    <include>FlowMainLabel</include>
					<visible>Window.IsActive(25) + stringcompare(container(55).numitems,0)</visible>
	                <animation effect="slide" start="0,10" end="0,10" time="0" condition="true">Conditional</animation>					
                </control>
                <control type="fadelabel">
                    <label>31609</label>
                    <label>31611</label>					
					<scrollout>false</scrollout>
					<pauseatend>3000</pauseatend>
					<scroll>false</scroll>
                    <include>FlowMainLabel</include>
					<visible>Window.IsActive(502) + stringcompare(container(55).numitems,0)</visible>
	                <animation effect="slide" start="0,10" end="0,10" time="0" condition="true">Conditional</animation>					
                </control>						
	            <control type="label">
	                <description>Title</description>
	                <label>[UPPERCASE]$INFO[ListItem.Label][/UPPERCASE]</label>
	                <include>FlowMainLabel</include>
	                <animation effect="slide" start="0,0" end="0,10" time="200" condition="IsEmpty(Control.GetLabel(75))">Conditional</animation>
	            </control>
	            <control type="label" id="75">
	                <description>Detail</description>
	                <label>$INFO[ListItem.Label2]</label>
	                <include>FlowDetailLabel</include>
	                <visible>Window.IsActive(501) | Window.IsActive(24)</visible>
	            </control>
	            <control type="label" id="75">
	                <description>Artist</description>
	                <info>ListItem.Artist</info>
	                <include>FlowDetailLabel</include>
	                <visible>Container.Content(albums)</visible>
	            </control>
	            <control type="label" id="75">
	                <description>Album and Artist</description>
	                <label>$INFO[ListItem.Album,, -] $INFO[ListItem.Artist]</label>
	                <include>FlowDetailLabel</include>
	                <visible>Container.Content(songs)</visible>
	            </control>
	            <control type="label" id="75">
	                <description>Detail</description>
	                <info>ListItem.Year</info>
	                <include>FlowDetailLabel</include>
	                <visible>Container.Content(movies)</visible>
	            </control>
	            <control type="label" id="75">
	                <description>Detail</description>
	                <label>$INFO[ListItem.Episode] EPISODES</label>
	                <include>FlowDetailLabel</include>
	                <visible>Container.Content(tvshows) + !IsEmpty(ListItem.Episode)</visible>
	            </control>
	            <control type="label" id="75">
	                <description>Detail</description>
	                <label>$INFO[ListItem.TVShowTitle]</label>
	                <include>FlowDetailLabel</include>
	                <visible>Container.Content(seasons)</visible>
	            </control>
	            <control type="label" id="75">
	                <description>Detail</description>
	                <label>$LOCALIZE[31062] $INFO[ListItem.Season], $LOCALIZE[31063] $INFO[ListItem.Episode]</label>
	                <include>FlowDetailLabel</include>
	                <visible>Container.Content(episodes) + !IsEmpty(ListItem.Episode)</visible>
	            </control>
	            <control type="label" id="75">
	                <description>Detail</description>
	                <label fallback="416">$INFO[ListItem.PictureResolution]</label>
	                <include>FlowDetailLabel</include>
	                <visible>Window.IsActive(2) + !IsEmpty(ListItem.Label2)</visible>
	            </control>
	            <control type="image">
	                <include>FlowDetailLabel</include>
	                <include>StarRatingImage</include>
	                <visible>![Container.Content(albums) | Container.Content(songs)] + !IsEmpty(ListItem.Rating)</visible>
	            </control>
	        </control>
	    </control>
	    <control type="group">
	        <include>CoverflowVisible</include>
	    </control>

	</include>

</includes>
