<window type="dialog" id="1111">
	<defaultcontrol>9000</defaultcontrol>
	<coordinates>
		<system>1</system>
		<posx>315</posx>
		<posy>100</posy>
	</coordinates>
	<include>dialogeffect</include>
	<controls>
		<control type="image">
			<description>background image</description>
			<posx>0</posx>
			<posy>0</posy>
			<width>650</width>
			<height>520</height>
			<texture border="40">DialogBack.png</texture>
		</control>
		<control type="image">
			<description>background image</description>
			<posx>0</posx>
			<posy>0</posy>
			<width>650</width>
			<height>520</height>
			<texture border="40">DialogFront.png</texture>
		</control>
		<control type="label" id="2">
			<description>heading label</description>
			<posx>40</posx>
			<posy>40</posy>
			<width>570</width>
			<height>30</height>
			<align>center</align>
			<aligny>center</aligny>
			<font>font18</font>
			<label>20077</label>
			<textcolor>white</textcolor>
		</control>
		<control type="image">
			<posx>40</posx>
			<posy>75</posy>
			<width>570</width>
			<height>8</height>
			<texture>StreakBlueFull.png</texture>
		</control>
		<control type="grouplist" id="9000">
			<posx>40</posx>
			<posy>90</posy>
			<width>570</width>
			<height>400</height>
			<itemgap>5</itemgap>
			<pagecontrol>-</pagecontrol>
			<onleft>-</onleft>
			<onright>-</onright>
			<onup>9000</onup>
			<ondown>9000</ondown>
			<control type="radiobutton" id="1">
				<posx>0</posx>
				<posy>0</posy>
				<width>570</width>
				<height>30</height>
				<font>font12</font>
				<label>31100</label>
				<textcolor>grey2</textcolor>
				<focusedcolor>white</focusedcolor>
				<texturefocus border="5">button-focus.png</texturefocus>
				<texturenofocus border="5">button-nofocus.png</texturenofocus>
				<onclick>Skin.ToggleSetting(Grey_Overlay)</onclick>
				<selected>!Skin.HasSetting(Grey_Overlay)</selected>
			</control>
			<control type="radiobutton" id="2">
				<posx>0</posx>
				<posy>0</posy>
				<width>570</width>
				<height>30</height>
				<font>font12</font>
				<label>31101</label>
				<textcolor>grey2</textcolor>
				<focusedcolor>white</focusedcolor>
				<texturefocus border="5">button-focus.png</texturefocus>
				<texturenofocus border="5">button-nofocus.png</texturenofocus>
				<onclick>Skin.ToggleSetting(Back_Video)</onclick>
				<selected>!Skin.HasSetting(Back_Video)</selected>
			</control>
			<control type="radiobutton" id="3">
				<posx>0</posx>
				<posy>0</posy>
				<width>570</width>
				<height>30</height>
				<font>font12</font>
				<label>31102</label>
				<textcolor>grey2</textcolor>
				<focusedcolor>white</focusedcolor>
				<texturefocus border="5">button-focus.png</texturefocus>
				<texturenofocus border="5">button-nofocus.png</texturenofocus>
				<onclick>Skin.ToggleSetting(Back_Vis)</onclick>
				<selected>!Skin.HasSetting(Back_Vis)</selected>
			</control>
			<control type="image" id="100">
				<width>570</width>
				<height>8</height>
				<texture>StreakBlueFull.png</texture>
			</control>
			<control type="radiobutton" id="4">
				<posx>0</posx>
				<posy>0</posy>
				<width>570</width>
				<height>30</height>
				<font>font12</font>
				<label>31103</label>
				<textcolor>grey2</textcolor>
				<focusedcolor>white</focusedcolor>
				<texturefocus border="5">button-focus.png</texturefocus>
				<texturenofocus border="5">button-nofocus.png</texturenofocus>
				<onclick>Skin.ToggleSetting(No_HomeBacks)</onclick>
				<selected>!Skin.HasSetting(No_HomeBacks)</selected>
			</control>
			<control type="radiobutton" id="5">
				<posx>0</posx>
				<posy>0</posy>
				<width>570</width>
				<height>30</height>
				<font>font12</font>
				<label>31105</label>
				<textcolor>grey2</textcolor>
				<focusedcolor>white</focusedcolor>
				<texturefocus border="5">button-focus.png</texturefocus>
				<texturenofocus border="5">button-nofocus.png</texturenofocus>
				<onclick>Skin.ToggleSetting(No_Settings_In_Home)</onclick>
				<selected>Skin.HasSetting(No_Settings_In_Home)</selected>
			</control>
			<control type="radiobutton" id="6">
				<posx>0</posx>
				<posy>0</posy>
				<width>570</width>
				<height>30</height>
				<font>font12</font>
				<label>31106</label>
				<textcolor>grey2</textcolor>
				<focusedcolor>white</focusedcolor>
				<texturefocus border="5">button-focus.png</texturefocus>
				<texturenofocus border="5">button-nofocus.png</texturenofocus>
				<onclick>Skin.ToggleSetting(No_Weather_In_Home)</onclick>
				<selected>!Skin.HasSetting(No_Weather_In_Home)</selected>
			</control>
			<control type="image" id="101">
				<width>570</width>
				<height>8</height>
				<texture>StreakBlueFull.png</texture>
			</control>
			<control type="radiobutton" id="10">
				<posx>0</posx>
				<posy>0</posy>
				<width>570</width>
				<height>30</height>
				<font>font12</font>
				<label>31104</label>
				<textcolor>grey2</textcolor>
				<focusedcolor>white</focusedcolor>
				<texturefocus border="5">button-focus.png</texturefocus>
				<texturenofocus border="5">button-nofocus.png</texturenofocus>
				<onclick>Skin.ToggleSetting(No_PageCounts)</onclick>
				<selected>Skin.HasSetting(No_PageCounts)</selected>
			</control>
			<control type="radiobutton" id="11">
				<posx>0</posx>
				<posy>0</posy>
				<width>570</width>
				<height>30</height>
				<font>font12</font>
				<label>31107</label>
				<textcolor>grey2</textcolor>
				<focusedcolor>white</focusedcolor>
				<texturefocus border="5">button-focus.png</texturefocus>
				<texturenofocus border="5">button-nofocus.png</texturenofocus>
				<onclick>Skin.ToggleSetting(LockSideMenus)</onclick>
				<selected>Skin.HasSetting(LockSideMenus)</selected>
			</control>
		</control>
	</controls>
</window>