<window id="10140">
	<defaultcontrol>2</defaultcontrol>
	<coordinates>
		<system>1</system>
		<posx>240</posx>
		<posy>55</posy>
	</coordinates>
	<include>dialogeffect</include>
	<controls>
		<control type="image">
			<description>background image</description>
			<posx>0</posx>
			<posy>0</posy>
			<width>800</width>
			<height>610</height>
			<texture border="40">DialogBack.png</texture>
		</control>
		<control type="image">
			<description>background image</description>
			<posx>0</posx>
			<posy>0</posy>
			<width>800</width>
			<height>610</height>
			<texture border="40">DialogFront.png</texture>
		</control>
		<control type="label" id="20">
			<description>heading label</description>
			<posx>40</posx>
			<posy>40</posy>
			<width>720</width>
			<height>30</height>
			<align>center</align>
			<aligny>center</aligny>
			<font>font18</font>
			<label>-</label>
			<textcolor>white</textcolor>
		</control>
		<control type="image">
			<posx>40</posx>
			<posy>75</posy>
			<width>720</width>
			<height>8</height>
			<texture>StreakBlueFull.png</texture>
		</control>
		<control type="grouplist" id="2">
			<description>control area</description>
			<posx>40</posx>
			<posy>85</posy>
			<width>720</width>
			<height>420</height>
			<itemgap>5</itemgap>
			<onup>2</onup>
			<ondown>2</ondown>
			<onleft>10</onleft>
			<onright>10</onright>
		</control>
		<control type="button" id="3">
			<description>Default Button</description>
			<height>35</height>
			<font>font12</font>
			<texturefocus border="5">button-focus.png</texturefocus>
			<texturenofocus border="5">button-nofocus.png</texturenofocus>
		</control>
		<control type="radiobutton" id="4">
			<description>Default RadioButton</description>
			<height>35</height>
			<font>font12</font>
			<texturefocus border="5">button-focus.png</texturefocus>
			<texturenofocus border="5">button-nofocus.png</texturenofocus>
		</control>
		<control type="spincontrolex" id="5">
			<description>Default spincontrolex</description>
			<height>35</height>
			<texturefocus border="5">button-focus.png</texturefocus>
			<texturenofocus border="5">button-nofocus.png</texturenofocus>
			<font>font12</font>
			<aligny>center</aligny>
			<reverse>yes</reverse>
		</control>
		<control type="image" id="6">
			<description>Default Seperator</description>
			<height>8</height>
			<texture>StreakBlueFull.png</texture>
		</control>
		<control type="group" id="9001">
			<control type="button" id="10">
				<description>OK Button</description>
				<posx>300</posx>
				<posy>525</posy>
				<width>200</width>
				<height>35</height>
				<align>center</align>
				<aligny>center</aligny>
				<texturenofocus>button-nofocus.png</texturenofocus>
				<texturefocus>button-focus.png</texturefocus>
				<label>186</label>
				<onleft>12</onleft>
				<onright>11</onright>
				<onup>2</onup>
				<ondown>2</ondown>
			</control>
			<control type="button" id="11">
				<description>Cancel Button</description>
				<posx>510</posx>
				<posy>525</posy>
				<width>200</width>
				<height>35</height>
				<align>center</align>
				<aligny>center</aligny>
				<texturenofocus>button-nofocus.png</texturenofocus>
				<texturefocus>button-focus.png</texturefocus>
				<label>222</label>
				<onleft>10</onleft>
				<onright>12</onright>
				<onup>2</onup>
				<ondown>2</ondown>
			</control>
			<control type="button" id="12">
				<description>Defaults Button</description>
				<posx>90</posx>
				<posy>525</posy>
				<width>200</width>
				<height>35</height>
				<align>center</align>
				<aligny>center</aligny>
				<texturenofocus>button-nofocus.png</texturenofocus>
				<texturefocus>button-focus.png</texturefocus>
				<label>409</label>
				<onleft>11</onleft>
				<onright>10</onright>
				<onup>2</onup>
				<ondown>2</ondown>
			</control>
		</control>
	</controls>
</window>
