<window id="107">
	<include>dialogeffect</include>
	<coordinates>
		<system>1</system>
		<posx>20</posx>
		<posy>10</posy>
	</coordinates>
	<controls>
		<control type="group">
		<animation effect="slide" end="0,-150" time="200" condition="Window.IsVisible(FullscreenVideo) | Window.IsVisible(Visualisation)">conditional</animation>
			<control type="image">
				<posx>0</posx>
				<posy>0</posy>
				<width>400</width>
				<height>60</height>
				<texture border="10">barground2.png</texture>
			</control>
			<control type="image" id="400">
				<description>avatar</description>
				<posx>10</posx>
				<posy>10</posy>
				<width>40</width>
				<height>40</height>
				<aspectratio>keep</aspectratio>
				<texture>NoCover_2.png</texture>
			</control>
			<control type="label" id="401">
				<description>Line 1 Label</description>
				<posx>60</posx>
				<posy>10</posy>
				<width>330</width>
				<height>18</height>
				<font>font12</font>
				<textcolor>blue</textcolor>
				<align>left</align>
				<aligny>center</aligny>
			</control>
			<control type="label" id="402">
				<description>Line 2 Label</description>
				<posx>60</posx>
				<posy>32</posy>
				<width>330</width>
				<height>20</height>
				<font>font10</font>
				<align>left</align>
				<aligny>center</aligny>
			</control>
		</control>
	</controls>
</window>