<window id="2001">
	<defaultcontrol always="true">5</defaultcontrol>
	<allowoverlay>no</allowoverlay>
	<include>dialogeffect</include>
	<controls>
		<include>CommonBackgroundFullScreenDialog</include>
		<control type="image">
			<posx>0</posx>
			<posy>0</posy>
			<width>450</width>
			<height>450</height>
			<texture border="40">DialogBack.png</texture>
		</control>
		<control type="image">
			<posx>0</posx>
			<posy>0</posy>
			<width>450</width>
			<height>450</height>
			<texture border="40">DialogFront.png</texture>
		</control>
		<control type="image">
			<posx>420</posx>
			<posy>0</posy>
			<width>860</width>
			<height>450</height>
			<texture border="40">DialogBack.png</texture>
		</control>
		<control type="image">
			<posx>420</posx>
			<posy>0</posy>
			<width>860</width>
			<height>450</height>
			<texture border="40">DialogFront.png</texture>
		</control>
		<control type="image">
			<description>Cover image</description>
			<posx>40</posx>
			<posy>40</posy>
			<width>370</width>
			<height>370</height>
			<info>Listitem.Icon</info>
			<aspectratio>keep</aspectratio>
		</control>
		<control type="image">
			<posx>460</posx>
			<posy>80</posy>
			<width>780</width>
			<height>8</height>
			<texture>StreakBlueFull.png</texture>
		</control>
		<control type="group">
			<visible>Container.Content(Albums)</visible>
			<control type="label">
				<description>Album Title value</description>
				<posx>460</posx>
				<posy>40</posy>
				<width>780</width>
				<height>30</height>
				<align>center</align>
				<aligny>center</aligny>
				<textcolor>white</textcolor>
				<shadowcolor>black</shadowcolor>
				<label>[B][UPPERCASE]$INFO[Listitem.ALBUM][/UPPERCASE][/B]</label>
				<font>font18</font>
			</control>
			<control type="list" id="49">
				<posx>460</posx>
				<posy>100</posy>
				<width>780</width>
				<height>300</height>
				<onleft>9000</onleft>
				<onright>9000</onright>
				<onup>61</onup>
				<ondown>9000</ondown>
				<pagecontrol>-</pagecontrol>
				<scrolltime>200</scrolltime>
				<itemlayout height="30">
					<control type="label">
						<posx>10</posx>
						<posy>0</posy>
						<width>160</width>
						<height>30</height>
						<font>font12</font>
						<align>left</align>
						<aligny>center</aligny>
						<textcolor>blue</textcolor>
						<selectedcolor>white</selectedcolor>
						<info>ListItem.Label</info>
					</control>
					<control type="label">
						<posx>175</posx>
						<posy>0</posy>
						<width>600</width>
						<height>30</height>
						<font>font12</font>
						<align>left</align>
						<aligny>center</aligny>
						<textcolor>white</textcolor>
						<selectedcolor>white</selectedcolor>
						<info>ListItem.Label2</info>
					</control>
				</itemlayout>
				<focusedlayout height="30">
					<control type="image">
						<posx>0</posx>
						<posy>0</posy>
						<width>780</width>
						<height>30</height>
						<visible>Control.HasFocus(49)</visible>
						<texture border="5">button-focus.png</texture>
					</control>
					<control type="label">
						<posx>10</posx>
						<posy>0</posy>
						<width>160</width>
						<height>30</height>
						<font>font12</font>
						<align>left</align>
						<aligny>center</aligny>
						<textcolor>blue</textcolor>
						<selectedcolor>white</selectedcolor>
						<info>ListItem.Label</info>
					</control>
					<control type="label">
						<posx>175</posx>
						<posy>0</posy>
						<width>600</width>
						<height>30</height>
						<font>font12</font>
						<align>left</align>
						<aligny>center</aligny>
						<textcolor>white</textcolor>
						<selectedcolor>white</selectedcolor>
						<info>ListItem.Label2</info>
					</control>
				</focusedlayout>
				<content>
					<item>
						<label>$LOCALIZE[557]:</label>
						<label2>$INFO[ListItem.Artist]</label2>
						<onclick>-</onclick>
						<visible>!IsEmpty(ListItem.Artist)</visible>
					</item>
					<item>
						<label>$LOCALIZE[515]:</label>
						<label2>$INFO[ListItem.Genre]</label2>
						<onclick>-</onclick>
						<visible>!IsEmpty(ListItem.Genre)</visible>
					</item>
					<item>
						<label>$LOCALIZE[563]:</label>
						<label2>$INFO[ListItem.Rating]</label2>
						<onclick>-</onclick>
						<visible>!IsEmpty(ListItem.Rating)</visible>
					</item>
					<item>
						<label>$LOCALIZE[175]:</label>
						<label2>$INFO[ListItem.Property(AlbumMoods)]</label2>
						<onclick>-</onclick>
						<visible>!IsEmpty(ListItem.Property(AlbumMoods))</visible>
					</item>
					<item>
						<label>$LOCALIZE[176]:</label>
						<label2>$INFO[ListItem.Property(AlbumStyles)]</label2>
						<onclick>-</onclick>
						<visible>!IsEmpty(ListItem.Property(AlbumStyles))</visible>
					</item>
					<item>
						<label>$LOCALIZE[21895]:</label>
						<label2>$INFO[ListItem.Property(AlbumThemes)]</label2>
						<onclick>-</onclick>
						<visible>!IsEmpty(ListItem.Property(AlbumThemes))</visible>
					</item>
					<item>
						<label>146</label>
						<label2>$INFO[ListItem.Property(AlbumType)]</label2>
						<onclick>-</onclick>
						<visible>!IsEmpty(ListItem.Property(AlbumType))</visible>
					</item>
					<item>
						<label>$LOCALIZE[562]:</label>
						<label2>$INFO[ListItem.Year]</label2>
						<onclick>-</onclick>
						<visible>!IsEmpty(ListItem.Year)</visible>
					</item>
				</content>
			</control>
		</control>
		<control type="group">
			<visible>Container.Content(Artists)</visible>
			<control type="label">
				<description>Artists Title value</description>
				<posx>460</posx>
				<posy>40</posy>
				<width>780</width>
				<height>30</height>
				<align>center</align>
				<aligny>center</aligny>
				<textcolor>white</textcolor>
				<shadowcolor>black</shadowcolor>
				<label>[B][UPPERCASE]$INFO[Listitem.Artist][/UPPERCASE][/B]</label>
				<font>font18</font>
			</control>
			<control type="list" id="49">
				<posx>460</posx>
				<posy>100</posy>
				<width>780</width>
				<height>300</height>
				<onleft>9000</onleft>
				<onright>9000</onright>
				<onup>61</onup>
				<ondown>9000</ondown>
				<pagecontrol>-</pagecontrol>
				<scrolltime>200</scrolltime>
				<itemlayout height="30">
					<control type="label">
						<posx>10</posx>
						<posy>0</posy>
						<width>160</width>
						<height>30</height>
						<font>font12</font>
						<align>left</align>
						<aligny>center</aligny>
						<textcolor>blue</textcolor>
						<selectedcolor>white</selectedcolor>
						<info>ListItem.Label</info>
					</control>
					<control type="label">
						<posx>175</posx>
						<posy>0</posy>
						<width>600</width>
						<height>30</height>
						<font>font12</font>
						<align>left</align>
						<aligny>center</aligny>
						<textcolor>white</textcolor>
						<selectedcolor>white</selectedcolor>
						<info>ListItem.Label2</info>
					</control>
				</itemlayout>
				<focusedlayout height="30">
					<control type="image">
						<posx>0</posx>
						<posy>0</posy>
						<width>780</width>
						<height>30</height>
						<visible>Control.HasFocus(49)</visible>
						<texture border="5">button-focus.png</texture>
					</control>
					<control type="label">
						<posx>10</posx>
						<posy>0</posy>
						<width>160</width>
						<height>30</height>
						<font>font12</font>
						<align>left</align>
						<aligny>center</aligny>
						<textcolor>blue</textcolor>
						<selectedcolor>white</selectedcolor>
						<info>ListItem.Label</info>
					</control>
					<control type="label">
						<posx>175</posx>
						<posy>0</posy>
						<width>600</width>
						<height>30</height>
						<font>font12</font>
						<align>left</align>
						<aligny>center</aligny>
						<textcolor>white</textcolor>
						<selectedcolor>white</selectedcolor>
						<info>ListItem.Label2</info>
					</control>
				</focusedlayout>
				<content>
					<item>
						<label>$LOCALIZE[21893]:</label>
						<label2>$INFO[ListItem.Property(Born)]</label2>
						<onclick>-</onclick>
						<visible>!IsEmpty(ListItem.Property(Born))</visible>
					</item>
					<item>
						<label>$LOCALIZE[21894]:</label>
						<label2>$INFO[ListItem.Property(Formed)]</label2>
						<onclick>-</onclick>
						<visible>!IsEmpty(ListItem.Property(Formed))</visible>
					</item>
					<item>
						<label>$LOCALIZE[515]:</label>
						<label2>$INFO[ListItem.Genre]</label2>
						<onclick>-</onclick>
						<visible>!IsEmpty(ListItem.Genre)</visible>
					</item>
					<item>
						<label>$LOCALIZE[175]:</label>
						<label2>$INFO[ListItem.Property(Moods)]</label2>
						<onclick>-</onclick>
						<visible>!IsEmpty(ListItem.Property(Moods))</visible>
					</item>
					<item>
						<label>$LOCALIZE[176]:</label>
						<label2>$INFO[ListItem.Property(Styles)]</label2>
						<onclick>-</onclick>
						<visible>!IsEmpty(ListItem.Property(Styles))</visible>
					</item>
					<item>
						<label>$LOCALIZE[21892]:</label>
						<label2>$INFO[ListItem.Property(Instruments)]</label2>
						<onclick>-</onclick>
						<visible>!IsEmpty(ListItem.Property(Instruments))</visible>
					</item>
					<item>
						<label>$LOCALIZE[21897]:</label>
						<label2>$INFO[ListItem.Property(Died)]</label2>
						<onclick>-</onclick>
						<visible>!IsEmpty(ListItem.Property(Died))</visible>
					</item>
					<item>
						<label>$LOCALIZE[21896]:</label>
						<label2>$INFO[ListItem.Disbanded]</label2>
						<onclick>-</onclick>
						<visible>!IsEmpty(ListItem.Disbanded)</visible>
					</item>
					<item>
						<label>$LOCALIZE[21898]:</label>
						<label2>$INFO[ListItem.YearsActive]</label2>
						<onclick>-</onclick>
						<visible>!IsEmpty(ListItem.YearsActive)</visible>
					</item>
				</content>
			</control>
		</control>
		<control type="image">
			<posx>0</posx>
			<posy>510</posy>
			<width>1280</width>
			<height>210</height>
			<texture border="40">DialogBack.png</texture>
		</control>
		<control type="image">
			<posx>0</posx>
			<posy>510</posy>
			<width>1280</width>
			<height>210</height>
			<texture border="40">DialogFront.png</texture>
		</control>
		<control type="textbox" id="4">
			<description>textarea</description>
			<posx>40</posx>
			<posy>550</posy>
			<width>1200</width>
			<height>105</height>
			<font>font11</font>
			<align>justify</align>
			<textcolor>white</textcolor>
			<shadowcolor>black</shadowcolor>
			<onleft>5</onleft>
			<onright>50</onright>
			<onup>5</onup>
			<ondown>50</ondown>
			<visible>!Control.IsVisible(50)</visible>
			<pagecontrol>61</pagecontrol>
			<autoscroll time="3000" delay="4000" repeat="5000">!Control.HasFocus(61) + !Skin.HasSetting(AutoScroll)</autoscroll>
		</control>
		<control type="panel" id="50">
			<posx>40</posx>
			<posy>550</posy>
			<width>1200</width>
			<height>105</height>
			<onleft>9000</onleft>
			<onright>61</onright>
			<onup>9000</onup>
			<ondown>61</ondown>
			<viewtype label="">list</viewtype>
			<pagecontrol>61</pagecontrol>
			<scrolltime>200</scrolltime>
			<orientation>vertical</orientation>
			<itemlayout condition="Container.Content(Albums)" height="35" width="600">
				<control type="image">
					<posx>0</posx>
					<posy>0</posy>
					<width>598</width>
					<height>33</height>
					<texture border="5">button-nofocus.png</texture>
				</control>
				<control type="label">
					<posx>10</posx>
					<posy>0</posy>
					<width>578</width>
					<height>33</height>
					<font>font12</font>
					<align>left</align>
					<aligny>center</aligny>
					<selectedcolor>white</selectedcolor>
					<label>($INFO[ListItem.TrackNumber]) - $INFO[ListItem.Label]</label>
				</control>
				<control type="label">
					<posx>588</posx>
					<posy>0</posy>
					<width>2008</width>
					<height>33</height>
					<font>font12</font>
					<align>right</align>
					<aligny>center</aligny>
					<selectedcolor>white</selectedcolor>
					<label>$INFO[ListItem.Duration]</label>
				</control>
			</itemlayout>
			<focusedlayout condition="Container.Content(Albums)" height="35" width="600">
				<control type="image">
					<posx>0</posx>
					<posy>0</posy>
					<width>598</width>
					<height>33</height>
					<visible>!Control.HasFocus(50)</visible>
					<texture border="5">button-nofocus.png</texture>
				</control>
				<control type="image">
					<posx>0</posx>
					<posy>0</posy>
					<width>598</width>
					<height>33</height>
					<visible>Control.HasFocus(50)</visible>
					<texture border="5">button-focus.png</texture>
				</control>
				<control type="label">
					<posx>10</posx>
					<posy>0</posy>
					<width>578</width>
					<height>33</height>
					<font>font12</font>
					<align>left</align>
					<aligny>center</aligny>
					<selectedcolor>white</selectedcolor>
					<label>($INFO[ListItem.TrackNumber]) - $INFO[ListItem.Label]</label>
				</control>
				<control type="label">
					<posx>588</posx>
					<posy>0</posy>
					<width>2008</width>
					<height>33</height>
					<font>font12</font>
					<align>right</align>
					<aligny>center</aligny>
					<selectedcolor>white</selectedcolor>
					<label>$INFO[ListItem.Duration]</label>
				</control>
			</focusedlayout>
			<itemlayout condition="Container.Content(Artists)" height="35" width="540">
				<control type="image">
					<posx>0</posx>
					<posy>0</posy>
					<width>538</width>
					<height>33</height>
					<texture border="5">button-nofocus.png</texture>
				</control>
				<control type="label">
					<posx>10</posx>
					<posy>0</posy>
					<width>518</width>
					<height>33</height>
					<font>font12</font>
					<align>left</align>
					<aligny>center</aligny>
					<selectedcolor>white</selectedcolor>
					<info>ListItem.Label</info>
				</control>
			</itemlayout>
			<focusedlayout condition="Container.Content(Artists)" height="35" width="540">
				<control type="image">
					<posx>0</posx>
					<posy>0</posy>
					<width>538</width>
					<height>33</height>
					<visible>!Control.HasFocus(50)</visible>
					<texture border="5">button-nofocus.png</texture>
				</control>
				<control type="image">
					<posx>0</posx>
					<posy>0</posy>
					<width>538</width>
					<height>33</height>
					<visible>Control.HasFocus(50)</visible>
					<texture border="5">button-focus.png</texture>
				</control>
				<control type="label">
					<posx>10</posx>
					<posy>0</posy>
					<width>518</width>
					<height>33</height>
					<font>font12</font>
					<align>left</align>
					<aligny>center</aligny>
					<selectedcolor>white</selectedcolor>
					<info>ListItem.Label</info>
				</control>
			</focusedlayout>
		</control>
		<control type="image">
			<description>Album image</description>
			<posx>1130</posx>
			<posy>550</posy>
			<width>110</width>
			<height>130</height>
			<texture>$INFO[Container(50).Listitem.Icon]</texture>
			<aspectratio>keep</aspectratio>
			<visible>Control.IsVisible(50) + Container.Content(Artists)</visible>
		</control>
		<control type="group">
			<posx>90r</posx>
			<posy>660</posy>
			<control type="spincontrol" id="61">
				<description>Next page button</description>
				<posx>0</posx>
				<posy>0</posy>
				<subtype>page</subtype>
				<font>font12b</font>
				<onleft>50</onleft>
				<onright>49</onright>
				<ondown>49</ondown>
				<onup>50</onup>
				<textcolor>white</textcolor>
				<showonepage>true</showonepage>
				<animation effect="slide" time="0" end="-120,0" condition="Control.IsVisible(50) + Container.Content(Artists)">Conditional</animation>
			</control>
		</control>
		<control type="group" id="9001">
			<control type="image">
				<posx>300</posx>
				<posy>420</posy>
				<width>680</width>
				<height>120</height>
				<texture border="40">DialogBack.png</texture>
			</control>
			<control type="image">
				<posx>300</posx>
				<posy>420</posy>
				<width>680</width>
				<height>120</height>
				<texture border="40">DialogFront.png</texture>
			</control>
			<control type="group" id="9000">
				<posx>340</posx>
				<posy>462</posy>
				<control type="button" id="5">
					<description>Cast/Review</description>
					<posx>0</posx>
					<posy>0</posy>
					<include>ButtonInfoDialogsCommonValues</include>
					<label>206</label>
					<onleft>10</onleft>
					<onright>6</onright>
					<onup>49</onup>
					<ondown>50</ondown>
				</control>
				<control type="button" id="6">
					<description>Refresh</description>
					<posx>200</posx>
					<posy>0</posy>
					<include>ButtonInfoDialogsCommonValues</include>
					<label>184</label>
					<onleft>5</onleft>
					<onright>10</onright>
					<onup>49</onup>
					<ondown>50</ondown>
				</control>
				<control type="button" id="10">
					<description>Get Thumb</description>
					<posx>400</posx>
					<posy>0</posy>
					<include>ButtonInfoDialogsCommonValues</include>
					<label>13405</label>
					<onleft>6</onleft>
					<onright>5</onright>
					<onup>49</onup>
					<ondown>50</ondown>
				</control>
			</control>
		</control>
	</controls>
</window>