<window id="103">
	<defaultcontrol always="true">69</defaultcontrol>
	<include>dialogeffect</include>
	<coordinates>
		<system>2</system>
		<posx>445</posx>
		<posy>165</posy>
	</coordinates>
	<controls>
		<control type="image">
			<posx>-115</posx>
			<posy>-50</posy>
			<width>600</width>
			<height>40</height>
			<texture border="5">KeyboardFilenameBackground.png</texture>
		</control>
		<control type="label" id="311">
			<description>dialog Heading</description>
			<posx>-445</posx>
			<posy>-70</posy>
			<width>1280</width>
			<font>font11</font>
			<textcolor>blue</textcolor>
			<shadowcolor>black</shadowcolor>
			<align>center</align>
		</control>
		<control type="label" id="310">
			<description>Edit Text</description>
			<posx>-445</posx>
			<posy>-50</posy>
			<width>1280</width>
			<height>40</height>
			<font>font13</font>
			<align>center</align>
			<aligny>center</aligny>
		</control>
		<control type="group">
			<posx>70</posx>
			<posy>0</posy>
			<control type="image">
				<posx>0</posx>
				<posy>0</posy>
				<width>329</width>
				<height>323</height>
				<texture>KeyboardInner.png</texture>
			</control>
			<control type="button" id="48">
				<description>'0' button</description>
				<posx>0</posx>
				<posy>28</posy>
				<width>50</width>
				<height>50</height>
				<onleft>303</onleft>
				<onright>49</onright>
				<onup>300</onup>
				<ondown>54</ondown>
				<texturenofocus>-</texturenofocus>
				<texturefocus>KeyboardFocusLetters.png</texturefocus>
				<align>center</align>
				<aligny>center</aligny>
				<font>font13Keyboard</font>
			</control>
			<control type="button" id="49">
				<description>'1' button</description>
				<posx>50</posx>
				<posy>28</posy>
				<width>50</width>
				<height>50</height>
				<onleft>48</onleft>
				<onright>50</onright>
				<onup>300</onup>
				<ondown>55</ondown>
				<texturenofocus>-</texturenofocus>
				<texturefocus>KeyboardFocusLetters.png</texturefocus>
				<align>center</align>
				<aligny>center</aligny>
				<font>font13Keyboard</font>
			</control>
			<control type="button" id="50">
				<description>'2' button</description>
				<posx>100</posx>
				<posy>28</posy>
				<width>50</width>
				<height>50</height>
				<onleft>49</onleft>
				<onright>51</onright>
				<onup>32</onup>
				<ondown>56</ondown>
				<texturenofocus>-</texturenofocus>
				<texturefocus>KeyboardFocusLetters.png</texturefocus>
				<align>center</align>
				<aligny>center</aligny>
				<font>font13Keyboard</font>
			</control>
			<control type="button" id="51">
				<description>'3' button</description>
				<posx>150</posx>
				<posy>28</posy>
				<width>50</width>
				<height>50</height>
				<onleft>50</onleft>
				<onright>52</onright>
				<onup>32</onup>
				<ondown>57</ondown>
				<texturenofocus>-</texturenofocus>
				<texturefocus>KeyboardFocusLetters.png</texturefocus>
				<align>center</align>
				<aligny>center</aligny>
				<font>font13Keyboard</font>
			</control>
			<control type="button" id="52">
				<description>'4' button</description>
				<posx>200</posx>
				<posy>28</posy>
				<width>50</width>
				<height>50</height>
				<onleft>51</onleft>
				<onright>53</onright>
				<onup>305</onup>
				<ondown>65</ondown>
				<texturenofocus>-</texturenofocus>
				<texturefocus>KeyboardFocusLetters.png</texturefocus>
				<align>center</align>
				<aligny>center</aligny>
				<font>font13Keyboard</font>
			</control>
			<control type="button" id="53">
				<description>'5' button</description>
				<posx>250</posx>
				<posy>28</posy>
				<width>50</width>
				<height>50</height>
				<onleft>52</onleft>
				<onright>54</onright>
				<onup>306</onup>
				<ondown>66</ondown>
				<texturenofocus>-</texturenofocus>
				<texturefocus>KeyboardFocusLetters.png</texturefocus>
				<align>center</align>
				<aligny>center</aligny>
				<font>font13Keyboard</font>
			</control>
			<control type="button" id="54">
				<description>'6' button</description>
				<posx>0</posx>
				<posy>78</posy>
				<width>50</width>
				<height>50</height>
				<onleft>302</onleft>
				<onright>55</onright>
				<onup>48</onup>
				<ondown>67</ondown>
				<texturenofocus>-</texturenofocus>
				<texturefocus>KeyboardFocusLetters.png</texturefocus>
				<align>center</align>
				<aligny>center</aligny>
				<font>font13Keyboard</font>
			</control>
			<control type="button" id="55">
				<description>'7' button</description>
				<posx>50</posx>
				<posy>78</posy>
				<width>50</width>
				<height>50</height>
				<onleft>54</onleft>
				<onright>56</onright>
				<onup>49</onup>
				<ondown>68</ondown>
				<texturenofocus>-</texturenofocus>
				<texturefocus>KeyboardFocusLetters.png</texturefocus>
				<align>center</align>
				<aligny>center</aligny>
				<font>font13Keyboard</font>
			</control>
			<control type="button" id="56">
				<description>'8' button</description>
				<posx>100</posx>
				<posy>78</posy>
				<width>50</width>
				<height>50</height>
				<onleft>55</onleft>
				<onright>57</onright>
				<onup>50</onup>
				<ondown>69</ondown>
				<texturenofocus>-</texturenofocus>
				<texturefocus>KeyboardFocusLetters.png</texturefocus>
				<align>center</align>
				<aligny>center</aligny>
				<font>font13Keyboard</font>
			</control>
			<control type="button" id="57">
				<description>'9' button</description>
				<posx>150</posx>
				<posy>78</posy>
				<width>50</width>
				<height>50</height>
				<onleft>56</onleft>
				<onright>65</onright>
				<onup>51</onup>
				<ondown>70</ondown>
				<texturenofocus>-</texturenofocus>
				<texturefocus>KeyboardFocusLetters.png</texturefocus>
				<align>center</align>
				<aligny>center</aligny>
				<font>font13Keyboard</font>
			</control>
			<control type="button" id="65">
				<description>'A' button</description>
				<posx>200</posx>
				<posy>78</posy>
				<width>50</width>
				<height>50</height>
				<onleft>57</onleft>
				<onright>66</onright>
				<onup>52</onup>
				<ondown>71</ondown>
				<texturenofocus>-</texturenofocus>
				<texturefocus>KeyboardFocusLetters.png</texturefocus>
				<align>center</align>
				<aligny>center</aligny>
				<font>font13Keyboard</font>
			</control>
			<control type="button" id="66">
				<description>'B' button</description>
				<posx>250</posx>
				<posy>78</posy>
				<width>50</width>
				<height>50</height>
				<onleft>65</onleft>
				<onright>302</onright>
				<onup>53</onup>
				<ondown>72</ondown>
				<texturenofocus>-</texturenofocus>
				<texturefocus>KeyboardFocusLetters.png</texturefocus>
				<align>center</align>
				<aligny>center</aligny>
				<font>font13Keyboard</font>
			</control>
			<control type="button" id="67">
				<description>'C' button</description>
				<posx>0</posx>
				<posy>128</posy>
				<width>50</width>
				<height>50</height>
				<onleft>304</onleft>
				<onright>68</onright>
				<onup>54</onup>
				<ondown>73</ondown>
				<texturenofocus>-</texturenofocus>
				<texturefocus>KeyboardFocusLetters.png</texturefocus>
				<align>center</align>
				<aligny>center</aligny>
				<font>font13Keyboard</font>
			</control>
			<control type="button" id="68">
				<description>'D' button</description>
				<posx>50</posx>
				<posy>128</posy>
				<width>50</width>
				<height>50</height>
				<onleft>67</onleft>
				<onright>69</onright>
				<onup>55</onup>
				<ondown>74</ondown>
				<texturenofocus>-</texturenofocus>
				<texturefocus>KeyboardFocusLetters.png</texturefocus>
				<align>center</align>
				<aligny>center</aligny>
				<font>font13Keyboard</font>
			</control>
			<control type="button" id="69">
				<description>'E' button</description>
				<posx>100</posx>
				<posy>128</posy>
				<width>50</width>
				<height>50</height>
				<onleft>68</onleft>
				<onright>70</onright>
				<onup>56</onup>
				<ondown>75</ondown>
				<texturenofocus>-</texturenofocus>
				<texturefocus>KeyboardFocusLetters.png</texturefocus>
				<align>center</align>
				<aligny>center</aligny>
				<font>font13Keyboard</font>
			</control>
			<control type="button" id="70">
				<description>'F' button</description>
				<posx>150</posx>
				<posy>128</posy>
				<width>50</width>
				<height>50</height>
				<onleft>69</onleft>
				<onright>71</onright>
				<onup>57</onup>
				<ondown>76</ondown>
				<texturenofocus>-</texturenofocus>
				<texturefocus>KeyboardFocusLetters.png</texturefocus>
				<align>center</align>
				<aligny>center</aligny>
				<font>font13Keyboard</font>
			</control>
			<control type="button" id="71">
				<description>'G' button</description>
				<posx>200</posx>
				<posy>128</posy>
				<width>50</width>
				<height>50</height>
				<onleft>70</onleft>
				<onright>72</onright>
				<onup>65</onup>
				<ondown>77</ondown>
				<texturenofocus>-</texturenofocus>
				<texturefocus>KeyboardFocusLetters.png</texturefocus>
				<align>center</align>
				<aligny>center</aligny>
				<font>font13Keyboard</font>
			</control>
			<control type="button" id="72">
				<description>'H' button</description>
				<posx>250</posx>
				<posy>128</posy>
				<width>50</width>
				<height>50</height>
				<onleft>71</onleft>
				<onright>73</onright>
				<onup>66</onup>
				<ondown>78</ondown>
				<texturenofocus>-</texturenofocus>
				<texturefocus>KeyboardFocusLetters.png</texturefocus>
				<align>center</align>
				<aligny>center</aligny>
				<font>font13Keyboard</font>
			</control>
			<control type="button" id="73">
				<description>'I' button</description>
				<posx>0</posx>
				<posy>178</posy>
				<width>50</width>
				<height>50</height>
				<onleft>307</onleft>
				<onright>74</onright>
				<onup>67</onup>
				<ondown>79</ondown>
				<texturenofocus>-</texturenofocus>
				<texturefocus>KeyboardFocusLetters.png</texturefocus>
				<align>center</align>
				<aligny>center</aligny>
				<font>font13Keyboard</font>
			</control>
			<control type="button" id="74">
				<description>'J' button</description>
				<posx>50</posx>
				<posy>178</posy>
				<width>50</width>
				<height>50</height>
				<onleft>73</onleft>
				<onright>75</onright>
				<onup>68</onup>
				<ondown>80</ondown>
				<texturenofocus>-</texturenofocus>
				<texturefocus>KeyboardFocusLetters.png</texturefocus>
				<align>center</align>
				<aligny>center</aligny>
				<font>font13Keyboard</font>
			</control>
			<control type="button" id="75">
				<description>'K' button</description>
				<posx>100</posx>
				<posy>178</posy>
				<width>50</width>
				<height>50</height>
				<onleft>74</onleft>
				<onright>76</onright>
				<onup>69</onup>
				<ondown>81</ondown>
				<texturenofocus>-</texturenofocus>
				<texturefocus>KeyboardFocusLetters.png</texturefocus>
				<align>center</align>
				<aligny>center</aligny>
				<font>font13Keyboard</font>
			</control>
			<control type="button" id="76">
				<description>'L' button</description>
				<posx>150</posx>
				<posy>178</posy>
				<width>50</width>
				<height>50</height>
				<onleft>75</onleft>
				<onright>77</onright>
				<onup>70</onup>
				<ondown>82</ondown>
				<texturenofocus>-</texturenofocus>
				<texturefocus>KeyboardFocusLetters.png</texturefocus>
				<align>center</align>
				<aligny>center</aligny>
				<font>font13Keyboard</font>
			</control>
			<control type="button" id="77">
				<description>'M' button</description>
				<posx>200</posx>
				<posy>178</posy>
				<width>50</width>
				<height>50</height>
				<onleft>76</onleft>
				<onright>78</onright>
				<onup>71</onup>
				<ondown>83</ondown>
				<texturenofocus>-</texturenofocus>
				<texturefocus>KeyboardFocusLetters.png</texturefocus>
				<align>center</align>
				<aligny>center</aligny>
				<font>font13Keyboard</font>
			</control>
			<control type="button" id="78">
				<description>'N' button</description>
				<posx>250</posx>
				<posy>178</posy>
				<width>50</width>
				<height>50</height>
				<onleft>77</onleft>
				<onright>307</onright>
				<onup>72</onup>
				<ondown>84</ondown>
				<texturenofocus>-</texturenofocus>
				<texturefocus>KeyboardFocusLetters.png</texturefocus>
				<align>center</align>
				<aligny>center</aligny>
				<font>font13Keyboard</font>
			</control>
			<control type="button" id="79">
				<description>'O' button</description>
				<posx>0</posx>
				<posy>228</posy>
				<width>50</width>
				<height>50</height>
				<onleft>8</onleft>
				<onright>80</onright>
				<onup>73</onup>
				<ondown>85</ondown>
				<texturenofocus>-</texturenofocus>
				<texturefocus>KeyboardFocusLetters.png</texturefocus>
				<align>center</align>
				<aligny>center</aligny>
				<font>font13Keyboard</font>
			</control>
			<control type="button" id="80">
				<description>'P' button</description>
				<posx>50</posx>
				<posy>228</posy>
				<width>50</width>
				<height>50</height>
				<onleft>79</onleft>
				<onright>81</onright>
				<onup>74</onup>
				<ondown>86</ondown>
				<texturenofocus>-</texturenofocus>
				<texturefocus>KeyboardFocusLetters.png</texturefocus>
				<align>center</align>
				<aligny>center</aligny>
				<font>font13Keyboard</font>
			</control>
			<control type="button" id="81">
				<description>'Q' button</description>
				<posx>100</posx>
				<posy>228</posy>
				<width>50</width>
				<height>50</height>
				<onleft>80</onleft>
				<onright>82</onright>
				<onup>75</onup>
				<ondown>87</ondown>
				<texturenofocus>-</texturenofocus>
				<texturefocus>KeyboardFocusLetters.png</texturefocus>
				<align>center</align>
				<aligny>center</aligny>
				<font>font13Keyboard</font>
			</control>
			<control type="button" id="82">
				<description>'R' button</description>
				<posx>150</posx>
				<posy>228</posy>
				<width>50</width>
				<height>50</height>
				<onleft>81</onleft>
				<onright>83</onright>
				<onup>76</onup>
				<ondown>88</ondown>
				<texturenofocus>-</texturenofocus>
				<texturefocus>KeyboardFocusLetters.png</texturefocus>
				<align>center</align>
				<aligny>center</aligny>
				<font>font13Keyboard</font>
			</control>
			<control type="button" id="83">
				<description>'S' button</description>
				<posx>200</posx>
				<posy>228</posy>
				<width>50</width>
				<height>50</height>
				<onleft>82</onleft>
				<onright>84</onright>
				<onup>77</onup>
				<ondown>89</ondown>
				<texturenofocus>-</texturenofocus>
				<texturefocus>KeyboardFocusLetters.png</texturefocus>
				<align>center</align>
				<aligny>center</aligny>
				<font>font13Keyboard</font>
			</control>
			<control type="button" id="84">
				<description>'T' button</description>
				<posx>250</posx>
				<posy>228</posy>
				<width>50</width>
				<height>50</height>
				<onleft>83</onleft>
				<onright>38</onright>
				<onup>78</onup>
				<ondown>90</ondown>
				<texturenofocus>-</texturenofocus>
				<texturefocus>KeyboardFocusLetters.png</texturefocus>
				<align>center</align>
				<aligny>center</aligny>
				<font>font13Keyboard</font>
			</control>
			<control type="button" id="85">
				<description>'U' button</description>
				<posx>0</posx>
				<posy>278</posy>
				<width>50</width>
				<height>50</height>
				<onleft>300</onleft>
				<onright>86</onright>
				<onup>79</onup>
				<ondown>300</ondown>
				<texturenofocus>-</texturenofocus>
				<texturefocus>KeyboardFocusLetters.png</texturefocus>
				<align>center</align>
				<aligny>center</aligny>
				<font>font13Keyboard</font>
			</control>
			<control type="button" id="86">
				<description>'V' button</description>
				<posx>50</posx>
				<posy>278</posy>
				<width>50</width>
				<height>50</height>
				<onleft>85</onleft>
				<onright>87</onright>
				<onup>80</onup>
				<ondown>300</ondown>
				<texturenofocus>-</texturenofocus>
				<texturefocus>KeyboardFocusLetters.png</texturefocus>
				<align>center</align>
				<aligny>center</aligny>
				<font>font13Keyboard</font>
			</control>
			<control type="button" id="87">
				<description>'W' button</description>
				<posx>100</posx>
				<posy>278</posy>
				<width>50</width>
				<height>50</height>
				<onleft>86</onleft>
				<onright>88</onright>
				<onup>81</onup>
				<ondown>32</ondown>
				<texturenofocus>-</texturenofocus>
				<texturefocus>KeyboardFocusLetters.png</texturefocus>
				<align>center</align>
				<aligny>center</aligny>
				<font>font13Keyboard</font>
			</control>
			<control type="button" id="88">
				<description>'X' button</description>
				<posx>150</posx>
				<posy>278</posy>
				<width>50</width>
				<height>50</height>
				<onleft>87</onleft>
				<onright>89</onright>
				<onup>82</onup>
				<ondown>32</ondown>
				<texturenofocus>-</texturenofocus>
				<texturefocus>KeyboardFocusLetters.png</texturefocus>
				<align>center</align>
				<aligny>center</aligny>
				<font>font13Keyboard</font>
			</control>
			<control type="button" id="89">
				<description>'Y' button</description>
				<posx>200</posx>
				<posy>278</posy>
				<width>50</width>
				<height>50</height>
				<onleft>88</onleft>
				<onright>90</onright>
				<onup>83</onup>
				<ondown>305</ondown>
				<texturenofocus>-</texturenofocus>
				<texturefocus>KeyboardFocusLetters.png</texturefocus>
				<align>center</align>
				<aligny>center</aligny>
				<font>font13Keyboard</font>
			</control>
			<control type="button" id="90">
				<description>'Z' button</description>
				<posx>250</posx>
				<posy>278</posy>
				<width>50</width>
				<height>50</height>
				<onleft>89</onleft>
				<onright>300</onright>
				<onup>84</onup>
				<ondown>306</ondown>
				<texturenofocus>-</texturenofocus>
				<texturefocus>KeyboardFocusLetters.png</texturefocus>
				<align>center</align>
				<aligny>center</aligny>
				<font>font13Keyboard</font>
			</control>
		</control>
		<control type="image">
			<posx>0</posx>
			<posy>3</posy>
			<width>370</width>
			<height>388</height>
			<texture>KeyboardOuter.png</texture>
		</control>
		<control type="group">
			<posx>5</posx>
			<posy>0</posy>
			<control type="togglebutton" id="303">
				<description>CAPS LOCK button</description>
				<posx>0</posx>
				<posy>30</posy>
				<width>60</width>
				<height>50</height>
				<onleft>53</onleft>
				<onright>48</onright>
				<onup>300</onup>
				<ondown>302</ondown>
				<label>AB</label>
				<texturenofocus>-</texturenofocus>
				<texturefocus>KeyboardFocusSidesLeft.png</texturefocus>
				<alttexturenofocus>button-focus2.png</alttexturenofocus>
				<alttexturefocus>button-focus.png</alttexturefocus>
				<align>center</align>
				<aligny>center</aligny>
				<font>font11</font>
				<shadowcolor>black</shadowcolor>
			</control>
			<control type="togglebutton" id="302">
				<description>SHIFT button</description>
				<posx>0</posx>
				<posy>80</posy>
				<width>60</width>
				<height>50</height>
				<onleft>66</onleft>
				<onright>54</onright>
				<onup>303</onup>
				<ondown>304</ondown>
				<label>Ab</label>
				<texturenofocus>-</texturenofocus>
				<texturefocus>KeyboardFocusSidesLeft.png</texturefocus>
				<alttexturenofocus>button-focus2.png</alttexturenofocus>
				<alttexturefocus>button-focus.png</alttexturefocus>
				<align>center</align>
				<aligny>center</aligny>
				<font>font11</font>
				<shadowcolor>black</shadowcolor>
			</control>
			<control type="togglebutton" id="304">
				<description>Symbols button</description>
				<posx>0</posx>
				<posy>130</posy>
				<width>60</width>
				<height>50</height>
				<onleft>72</onleft>
				<onright>67</onright>
				<onup>302</onup>
				<ondown>307</ondown>
				<label>Sym</label>
				<texturenofocus>-</texturenofocus>
				<texturefocus>KeyboardFocusSidesLeft.png</texturefocus>
				<alttexturenofocus>button-focus2.png</alttexturenofocus>
				<alttexturefocus>button-focus.png</alttexturefocus>
				<align>center</align>
				<aligny>center</aligny>
				<font>font11</font>
				<shadowcolor>black</shadowcolor>
			</control>
			<control type="button" id="307">
				<description>IP Input button</description>
				<posx>0</posx>
				<posy>180</posy>
				<width>60</width>
				<height>50</height>
				<onleft>78</onleft>
				<onright>73</onright>
				<onup>304</onup>
				<ondown>8</ondown>
				<texturenofocus>-</texturenofocus>
				<texturefocus>KeyboardFocusSidesLeft.png</texturefocus>
				<label>IP</label>
				<align>center</align>
				<aligny>center</aligny>
				<font>font11</font>
				<shadowcolor>black</shadowcolor>
			</control>
			<control type="button" id="8">
				<description>BACKSPACE button</description>
				<posx>0</posx>
				<posy>230</posy>
				<width>60</width>
				<height>50</height>
				<onleft>84</onleft>
				<onright>79</onright>
				<onup>307</onup>
				<ondown>300</ondown>
				<label>back</label>
				<texturenofocus>-</texturenofocus>
				<texturefocus>KeyboardFocusSidesLeft.png</texturefocus>
				<align>center</align>
				<aligny>center</aligny>
				<font>font11</font>
				<shadowcolor>black</shadowcolor>
			</control>
			<control type="button" id="300">
				<description>DONE button</description>
				<posx>0</posx>
				<posy>325</posy>
				<width>160</width>
				<height>55</height>
				<label>20177</label>
				<onleft>306</onleft>
				<onright>32</onright>
				<onup>8</onup>
				<ondown>303</ondown>
				<texturenofocus>-</texturenofocus>
				<texturefocus>KeyboardFocusSidesBottom.png</texturefocus>
				<align>center</align>
				<aligny>center</aligny>
				<font>font11</font>
				<shadowcolor>black</shadowcolor>
			</control>
			<control type="button" id="32">
				<description>SPACE button</description>
				<posx>158</posx>
				<posy>325</posy>
				<width>100</width>
				<height>55</height>
				<onleft>300</onleft>
				<onright>305</onright>
				<onup>87</onup>
				<ondown>50</ondown>
				<label>20182</label>
				<texturenofocus>-</texturenofocus>
				<texturefocus>KeyboardFocusSidesBottom.png</texturefocus>
				<align>center</align>
				<aligny>center</aligny>
				<font>font11</font>
				<shadowcolor>black</shadowcolor>
			</control>
			<control type="button" id="305">
				<description>previous button</description>
				<posx>258</posx>
				<posy>325</posy>
				<width>50</width>
				<height>55</height>
				<label>&lt;</label>
				<align>center</align>
				<aligny>center</aligny>
				<onleft>32</onleft>
				<onright>306</onright>
				<onup>89</onup>
				<ondown>52</ondown>
				<texturenofocus>-</texturenofocus>
				<texturefocus>KeyboardFocusSidesBottom.png</texturefocus>
				<font>font25</font>
			</control>
			<control type="button" id="306">
				<description>next button</description>
				<posx>308</posx>
				<posy>325</posy>
				<width>55</width>
				<height>55</height>
				<label>&gt;</label>
				<align>center</align>
				<aligny>center</aligny>
				<onleft>305</onleft>
				<onright>300</onright>
				<onup>90</onup>
				<ondown>53</ondown>
				<texturenofocus>-</texturenofocus>
				<texturefocus>KeyboardFocusSidesBottom.png</texturefocus>
				<font>font25</font>
			</control>
		</control>
	</controls>
</window>