<window id="136">
	<animation effect="fade" time="100">WindowOpen</animation>
	<animation effect="fade" time="200">WindowClose</animation>
	<coordinates>
		<system>1</system>
		<posx>1200</posx>
		<posy>20</posy>
	</coordinates>
	<controls>
		<control type="image">
			<description>background image</description>
			<posx>0</posx>
			<posy>0</posy>
			<width>60</width>
			<height>60</height>
			<texture border="10">barground2.png</texture>
		</control>
		<control type="multiimage">
			<description>Busy animation</description>
			<posx>10</posx>
			<posy>10</posy>
			<width>40</width>
			<height>40</height>
			<imagepath>busy</imagepath>
			<timeperimage>100</timeperimage>
			<fadetime>0</fadetime>
		</control>
	</controls>
</window>