<window id="3">
	<defaultcontrol>20</defaultcontrol>
	<allowoverlay>no</allowoverlay>
	<controls>
		<include>CommonBackground</include>
		<control type="group">
			<include>Window_OpenClose_Animation</include>
			<control type="image">
				<description>background image</description>
				<posx>50</posx>
				<posy>60</posy>
				<width>590</width>
				<height>600</height>
				<texture border="40">DialogBack.png</texture>
			</control>
			<control type="image">
				<description>background image</description>
				<posx>50</posx>
				<posy>60</posy>
				<width>590</width>
				<height>600</height>
				<texture border="40">DialogFront.png</texture>
			</control>
			<control type="label" id="101">
				<description>current directory text label left</description>
				<posx>75</posx>
				<posy>45</posy>
				<width>540</width>
				<height>30</height>
				<font>font18</font>
				<textcolor>white</textcolor>
				<shadowcolor>black</shadowcolor>
				<scroll>true</scroll>
				<align>left</align>
				<aligny>center</aligny>
			</control>
			<control type="list" id="20">
				<posx>100</posx>
				<posy>105</posy>
				<width>490</width>
				<height>510</height>
				<onleft>30</onleft>
				<onright>21</onright>
				<onup>20</onup>
				<ondown>20</ondown>
				<pagecontrol>30</pagecontrol>
				<scrolltime>200</scrolltime>
				<itemlayout height="30">
					<control type="image">
						<posx>0</posx>
						<posy>2</posy>
						<width>25</width>
						<height>25</height>
						<info>ListItem.Icon</info>
					</control>
					<control type="label">
						<posx>47</posx>
						<posy>0</posy>
						<width>425</width>
						<height>30</height>
						<font>font12</font>
						<aligny>center</aligny>
						<selectedcolor>blue</selectedcolor>
						<textcolor>grey</textcolor>
						<align>left</align>
						<info>ListItem.Label</info>
					</control>
					<control type="label">
						<posx>470</posx>
						<posy>0</posy>
						<width>200</width>
						<height>30</height>
						<font>font12</font>
						<aligny>center</aligny>
						<selectedcolor>blue</selectedcolor>
						<textcolor>grey</textcolor>
						<align>right</align>
						<info>ListItem.Label2</info>
					</control>
				</itemlayout>
				<focusedlayout height="30">
					<control type="image">
						<posx>0</posx>
						<posy>2</posy>
						<width>25</width>
						<height>25</height>
						<info>ListItem.Icon</info>
					</control>
					<control type="image">
						<posx>27</posx>
						<posy>7</posy>
						<width>16</width>
						<height>16</height>
						<colordiffuse></colordiffuse>
						<texture>Dot.png</texture>
						<visible>Control.HasFocus(20)</visible>
					</control>
					<control type="label">
						<posx>47</posx>
						<posy>0</posy>
						<width>425</width>
						<height>30</height>
						<font>font12</font>
						<aligny>center</aligny>
						<selectedcolor>blue</selectedcolor>
						<textcolor>white</textcolor>
						<align>left</align>
						<info>ListItem.Label</info>
					</control>
					<control type="label">
						<posx>470</posx>
						<posy>0</posy>
						<width>200</width>
						<height>30</height>
						<font>font12</font>
						<aligny>center</aligny>
						<selectedcolor>blue</selectedcolor>
						<textcolor>white</textcolor>
						<align>right</align>
						<info>ListItem.Label2</info>
					</control>
					<control type="image">
						<posx>475</posx>
						<posy>7</posy>
						<width>16</width>
						<height>16</height>
						<colordiffuse></colordiffuse>
						<texture>Dot.png</texture>
						<visible>Control.HasFocus(20)</visible>
					</control>
				</focusedlayout>
			</control>
			<control type="group">
				<posx>75</posx>
				<posy>640</posy>
				<control type="spincontrol" id="30">
					<description>Next page button</description>
					<posx>0</posx>
					<posy>5</posy>
					<subtype>page</subtype>
					<font>-</font>
					<onleft>31</onleft>
					<onright>20</onright>
					<ondown>20</ondown>
					<onup>20</onup>
					<textcolor>white</textcolor>
					<showonepage>true</showonepage>
				</control>
				<control type="label">
					<description>number of files/pages in left list text label</description>
					<posx>50</posx>
					<posy>0</posy>
					<width>562</width>
					<font>font12b</font>
					<align>left</align>
					<scroll>true</scroll>
					<textcolor>white</textcolor>
					<shadowcolor>black</shadowcolor>
					<label>($INFO[Container(20).NumItems]) $LOCALIZE[31025] - $LOCALIZE[31024] ($INFO[Container(20).CurrentPage]/$INFO[Container(20).NumPages])</label>
				</control>
			</control>
			<control type="image">
				<description>background image</description>
				<posx>640</posx>
				<posy>60</posy>
				<width>590</width>
				<height>600</height>
				<texture border="40">DialogBack.png</texture>
			</control>
			<control type="image">
				<description>background image</description>
				<posx>640</posx>
				<posy>60</posy>
				<width>590</width>
				<height>600</height>
				<texture border="40">DialogFront.png</texture>
			</control>
			<control type="label" id="102">
				<description>current directory text label right</description>
				<posx>75r</posx>
				<posy>45</posy>
				<width>540</width>
				<height>30</height>
				<font>font18</font>
				<textcolor>white</textcolor>
				<scroll>true</scroll>
				<align>right</align>
				<aligny>center</aligny>
			</control>
			<control type="list" id="21">
				<posx>695</posx>
				<posy>105</posy>
				<width>490</width>
				<height>510</height>
				<onleft>20</onleft>
				<onright>31</onright>
				<onup>21</onup>
				<ondown>21</ondown>
				<pagecontrol>31</pagecontrol>
				<scrolltime>200</scrolltime>
				<itemlayout height="30">
					<control type="image">
						<posx>0</posx>
						<posy>2</posy>
						<width>25</width>
						<height>25</height>
						<info>ListItem.Icon</info>
					</control>
					<control type="label">
						<posx>47</posx>
						<posy>0</posy>
						<width>425</width>
						<height>30</height>
						<font>font12</font>
						<aligny>center</aligny>
						<selectedcolor>blue</selectedcolor>
						<textcolor>grey</textcolor>
						<align>left</align>
						<info>ListItem.Label</info>
					</control>
					<control type="label">
						<posx>470</posx>
						<posy>0</posy>
						<width>200</width>
						<height>30</height>
						<font>font12</font>
						<aligny>center</aligny>
						<selectedcolor>blue</selectedcolor>
						<textcolor>grey</textcolor>
						<align>right</align>
						<info>ListItem.Label2</info>
					</control>
				</itemlayout>
				<focusedlayout height="30">
					<control type="image">
						<posx>0</posx>
						<posy>2</posy>
						<width>25</width>
						<height>25</height>
						<info>ListItem.Icon</info>
					</control>
					<control type="image">
						<posx>27</posx>
						<posy>7</posy>
						<width>16</width>
						<height>16</height>
						<colordiffuse></colordiffuse>
						<texture>Dot.png</texture>
						<visible>Control.HasFocus(21)</visible>
					</control>
					<control type="label">
						<posx>47</posx>
						<posy>0</posy>
						<width>425</width>
						<height>30</height>
						<font>font12</font>
						<aligny>center</aligny>
						<selectedcolor>blue</selectedcolor>
						<textcolor>white</textcolor>
						<align>left</align>
						<info>ListItem.Label</info>
					</control>
					<control type="label">
						<posx>470</posx>
						<posy>0</posy>
						<width>200</width>
						<height>30</height>
						<font>font12</font>
						<aligny>center</aligny>
						<selectedcolor>blue</selectedcolor>
						<textcolor>white</textcolor>
						<align>right</align>
						<info>ListItem.Label2</info>
					</control>
					<control type="image">
						<posx>475</posx>
						<posy>7</posy>
						<width>16</width>
						<height>16</height>
						<colordiffuse></colordiffuse>
						<texture>Dot.png</texture>
						<visible>Control.HasFocus(21)</visible>
					</control>
				</focusedlayout>
			</control>
			<control type="group">
				<posx>75r</posx>
				<posy>640</posy>
				<control type="spincontrol" id="31">
					<description>Next page button</description>
					<posx>-40</posx>
					<posy>5</posy>
					<subtype>page</subtype>
					<font>-</font>
					<onleft>21</onleft>
					<onright>30</onright>
					<ondown>21</ondown>
					<onup>21</onup>
					<textcolor>white</textcolor>
					<showonepage>true</showonepage>
				</control>
				<control type="label">
					<description>number of files/pages in right list text label</description>
					<posx>-50</posx>
					<posy>0</posy>
					<width>562</width>
					<font>font12b</font>
					<align>right</align>
					<scroll>true</scroll>
					<textcolor>white</textcolor>
					<shadowcolor>black</shadowcolor>
					<label>($INFO[Container(21).NumItems]) $LOCALIZE[31025] - $LOCALIZE[31024] ($INFO[Container(21).CurrentPage]/$INFO[Container(21).NumPages])</label>
				</control>
			</control>
		</control>
	</controls>
</window>