<window id="502">
	<defaultcontrol always="true">50</defaultcontrol>
	<allowoverlay>no</allowoverlay>
	<controls>
		<include>CommonBackground</include>
		<control type="group">
			<include>Window_OpenClose_Animation</include>
			<include>MusicLibraryRootView</include>
			<include>MusicLibraryCoverView</include>
			<include>CommonFilesFileView</include>
			<control type="group" id="9000">
				<include>SideMenuVisibleCommons</include>
				<animation effect="slide" time="0" end="-150,-50" condition="Control.IsVisible(53) | Control.IsVisible(54)">Conditional</animation>
				<animation effect="slide" time="0" end="-180,0" condition="Control.IsVisible(52)">Conditional</animation>
				<posx>465</posx>
				<posy>152</posy>
				<control type="image">
					<posx>0</posx>
					<posy>0</posy>
					<width>350</width>
					<height>415</height>
					<texture border="40">MenuBack.png</texture>
				</control>
				<control type="image">
					<posx>0</posx>
					<posy>0</posy>
					<width>350</width>
					<height>415</height>
					<texture border="40">MenuFront.png</texture>
				</control>
				<control type="button" id="2">
					<description>View As button</description>
					<posx>40</posx>
					<posy>50</posy>
					<include>ButtonCommonValues</include>
					<label>-</label>
					<onleft>50</onleft>
					<onright>50</onright>
					<onup>16</onup>
					<ondown>3</ondown>
				</control>
				<control type="button" id="3">
					<description>Sort by button</description>
					<posx>40</posx>
					<posy>80</posy>
					<include>ButtonCommonValues</include>
					<label>103</label>
					<onleft>50</onleft>
					<onright>4</onright>
					<onup>2</onup>
					<ondown>99</ondown>
				</control>
				<control type="togglebutton" id="4">
					<description>Sort asc</description>
					<posx>284</posx>
					<posy>88</posy>
					<label>-</label>
					<onleft>3</onleft>
					<onright>50</onright>
					<onup>2</onup>
					<ondown>99</ondown>
				</control>
				<control type="radiobutton" id="99">
					<description>Library button</description>
					<posx>40</posx>
					<posy>110</posy>
					<label>$LOCALIZE[14022] $LOCALIZE[456]</label>
					<onclick>ReplaceWindow(mymusicfiles)</onclick>
					<selected>Window.IsVisible(mymusiclibrary)</selected>
					<include>ButtonCommonValues</include>
					<onleft>50</onleft>
					<onright>50</onright>
					<onup>3</onup>
					<ondown>8</ondown>
				</control>
				<control type="button" id="8">
					<description>Search</description>
					<posx>40</posx>
					<posy>140</posy>
					<include>ButtonCommonValues</include>
					<label>137</label>
					<onleft>50</onleft>
					<onright>50</onright>
					<onup>99</onup>
					<ondown>19</ondown>
				</control>
				<control type="radiobutton" id="19">
					<description>Filter</description>
					<posx>40</posx>
					<posy>170</posy>
					<include>ButtonCommonValues</include>
					<label>587</label>
					<onleft>50</onleft>
					<onright>50</onright>
					<onup>8</onup>
					<ondown>16</ondown>
				</control>
				<control type="radiobutton" id="16">
					<description>PartyMode</description>
					<posx>40</posx>
					<posy>200</posy>
					<include>ButtonCommonValues</include>
					<label>589</label>
					<onleft>50</onleft>
					<onright>50</onright>
					<onup>19</onup>
					<ondown>2</ondown>
				</control>
				<control type="image">
					<posx>35</posx>
					<posy>325</posy>
					<width>278</width>
					<height>55</height>
					<texture>PV2LogoSmall.png</texture>
				</control>
			</control>
		</control>
	</controls>
</window>