<window id="25">
	<defaultcontrol always="true">50</defaultcontrol>
	<allowoverlay>no</allowoverlay>
	<controls>
		<include>CommonBackground</include>
		<control type="group">
			<include>Window_OpenClose_Animation</include>
			<include>LibraryRootView</include>
			<include>LibraryDVDView</include>
			<include>LibraryTVShowView</include>
<!--			<include>CommonWideIconSmallView</include>  -->
			<include>LibraryTVSeasonView</include>
			<include>LibraryTVEpisodeView1</include>
			<control type="group" id="9000">
				<include>SideMenuVisibleCommons</include>
				<animation effect="slide" time="0" end="-150,-50" condition="Control.IsVisible(53) | Control.IsVisible(54)">Conditional</animation>
				<animation effect="slide" time="0" end="-180,0" condition="Control.IsVisible(52)">Conditional</animation>
				<posx>465</posx>
				<posy>152</posy>
				<control type="image">
					<posx>0</posx>
					<posy>0</posy>
					<width>350</width>
					<height>415</height>
					<texture border="40">MenuBack.png</texture>
				</control>
				<control type="image">
					<posx>0</posx>
					<posy>0</posy>
					<width>350</width>
					<height>415</height>
					<texture border="40">MenuFront.png</texture>
				</control>
				<control type="button" id="2">
					<description>View As button</description>
					<posx>40</posx>
					<posy>50</posy>
					<include>ButtonCommonValues</include>
					<label>-</label>
					<onleft>50</onleft>
					<onright>50</onright>
					<onup>11</onup>
					<ondown>3</ondown>
				</control>
				<control type="button" id="3">
					<description>Sort by button</description>
					<posx>40</posx>
					<posy>80</posy>
					<include>ButtonCommonValues</include>
					<label>103</label>
					<onleft>50</onleft>
					<onright>4</onright>
					<onup>2</onup>
					<ondown>99</ondown>
				</control>
				<control type="togglebutton" id="4">
					<description>Sort asc</description>
					<posx>284</posx>
					<posy>88</posy>
					<label>-</label>
					<onleft>3</onleft>
					<onright>50</onright>
					<onup>2</onup>
					<ondown>99</ondown>
				</control>
				<control type="radiobutton" id="99">
					<description>Library button</description>
					<posx>40</posx>
					<posy>110</posy>
					<label>$LOCALIZE[14022] $LOCALIZE[456]</label>
					<onclick>ReplaceWindow(myvideofiles)</onclick>
					<selected>Window.IsVisible(myvideolibrary)</selected>
					<include>ButtonCommonValues</include>
					<onleft>50</onleft>
					<onright>50</onright>
					<onup>3</onup>
					<ondown>14</ondown>
				</control>
				<control type="radiobutton" id="14">
					<description>Watched Toggle</description>
					<posx>40</posx>
					<posy>140</posy>
					<include>ButtonCommonValues</include>
					<label>20367</label>
					<onleft>50</onleft>
					<onright>50</onright>
					<onup>99</onup>
					<ondown>8</ondown>
				</control>
				<control type="button" id="8">
					<description>Search</description>
					<posx>40</posx>
					<posy>170</posy>
					<include>ButtonCommonValues</include>
					<label>137</label>
					<onleft>50</onleft>
					<onright>50</onright>
					<onup>14</onup>
					<ondown>19</ondown>
				</control>
				<control type="radiobutton" id="19">
					<description>Filter</description>
					<posx>40</posx>
					<posy>200</posy>
					<include>ButtonCommonValues</include>
					<label>587</label>
					<onleft>50</onleft>
					<onright>50</onright>
					<onup>8</onup>
					<ondown>16</ondown>
				</control>
				<control type="radiobutton" id="16">
					<description>PartyMode</description>
					<posx>40</posx>
					<posy>230</posy>
					<include>ButtonCommonValues</include>
					<label>589</label>
					<onleft>50</onleft>
					<onright>50</onright>
					<onup>19</onup>
					<ondown>17</ondown>
				</control>
				<control type="radiobutton" id="17">
					<description>Flatten</description>
					<posx>40</posx>
					<posy>260</posy>
					<include>ButtonCommonValues</include>
					<label>20411</label>
					<onleft>50</onleft>
					<onright>50</onright>
					<onup>16</onup>
					<ondown>11</ondown>
				</control>
				<control type="radiobutton" id="11">
					<description>Unlock Shares</description>
					<posx>40</posx>
					<posy>290</posy>
					<include>ButtonCommonValues</include>
					<label>20336</label>
					<onleft>50</onleft>
					<onright>50</onright>
					<onup>17</onup>
					<ondown>2</ondown>
					<pulseonselect>no</pulseonselect>
					<onclick>xbmc.mastermode</onclick>
					<selected>system.ismaster</selected>
					<visible>system.haslocks</visible>
				</control>
				<control type="image">
					<posx>35</posx>
					<posy>325</posy>
					<width>278</width>
					<height>55</height>
					<texture fallback="PV2LogoSmall.png">$INFO[Container.TVShowThumb]</texture>
				</control>
			</control>
		</control>
	</controls>
</window>
