<window id="6">
	<defaultcontrol always="true">50</defaultcontrol>
	<allowoverlay>no</allowoverlay>
	<controls>
		<include>CommonBackground</include>
		<control type="group">
			<include>Window_OpenClose_Animation</include>
			<include>CommonRootView</include>
			<include>CommonFilesFileView</include>
			<include>CommonFilesFileView2</include>
			<include>VideoFilesDVDView</include>
			<include>CommonWideIconView</include>
			<include>CommonWideIconSmallView</include> 
			<control type="label">
				<posx>285</posx>
				<posy>140</posy>
				<width>705</width>
				<height>30</height>
				<font>font18</font>
				<textcolor>white</textcolor>
				<scroll>true</scroll>
				<align>center</align>
				<aligny>center</aligny>
				<label>$LOCALIZE[31998][B]$LOCALIZE[31021][/B]$LOCALIZE[31999]</label>
				<visible>Control.IsVisible(50)</visible>
			</control>
			<control type="group" id="9000">
				<include>SideMenuVisibleCommons</include>
				<posx>465</posx>
				<posy>152</posy>
				<control type="image">
					<posx>0</posx>
					<posy>0</posy>
					<width>350</width>
					<height>415</height>
					<texture border="40">MenuBack.png</texture>
				</control>
				<control type="image">
					<posx>0</posx>
					<posy>0</posy>
					<width>350</width>
					<height>415</height>
					<texture border="40">MenuFront.png</texture>
				</control>
				<control type="button" id="2">
					<description>View As button</description>
					<posx>40</posx>
					<posy>50</posy>
					<include>ButtonCommonValues</include>
					<label>-</label>
					<onleft>50</onleft>
					<onright>50</onright>
					<onup>7</onup>
					<ondown>3</ondown>
				</control>
				<control type="button" id="3">
					<description>Sort by button</description>
					<posx>40</posx>
					<posy>80</posy>
					<include>ButtonCommonValues</include>
					<label>103</label>
					<onleft>50</onleft>
					<onright>4</onright>
					<onup>2</onup>
					<ondown>99</ondown>
				</control>
				<control type="togglebutton" id="4">
					<description>Sort asc</description>
					<posx>284</posx>
					<posy>88</posy>
					<label>-</label>
					<onleft>3</onleft>
					<onright>50</onright>
					<onup>2</onup>
					<ondown>99</ondown>
				</control>
				<control type="radiobutton" id="99">
					<description>Library button</description>
					<posx>40</posx>
					<posy>110</posy>
					<label>$LOCALIZE[14022] $LOCALIZE[456]</label>
					<onclick>ReplaceWindow(myvideolibrary)</onclick>
					<selected>Window.IsVisible(myvideolibrary)</selected>
					<include>ButtonCommonValues</include>
					<onleft>50</onleft>
					<onright>50</onright>
					<onup>3</onup>
					<ondown>7</ondown>
				</control>
				<control type="radiobutton" id="7">
					<description>Stack Toggle</description>
					<posx>40</posx>
					<posy>140</posy>
					<include>ButtonCommonValues</include>
					<label>346</label>
					<onleft>50</onleft>
					<onright>50</onright>
					<onup>99</onup>
					<ondown>2</ondown>
				</control>
				<control type="image">
					<posx>35</posx>
					<posy>325</posy>
					<width>278</width>
					<height>55</height>
					<texture>PV2LogoSmall.png</texture>
				</control>
			</control>
		</control>
	</controls>
</window>