<window id="7">
	<defaultcontrol>95</defaultcontrol>
	<allowoverlay>no</allowoverlay>
	<controls>
		<include>CommonBackground</include>
		<control type="group">
			<include>Window_OpenClose_Animation</include>
			<control type="image">
				<posx>0</posx>
				<posy>0</posy>
				<width>410</width>
				<height>720</height>
				<texture>DVDViewLeft.png</texture>
				<include>OverlayMediaPlayingFadeEffect</include>
			</control>
			<control type="label">
				<posx>10</posx>
				<posy>20</posy>
				<width>315</width>
				<height>30</height>
				<font>font18</font>
				<textcolor>white</textcolor>
				<scroll>true</scroll>
				<align>center</align>
				<aligny>center</aligny>
				<label>$LOCALIZE[31998][B]$LOCALIZE[130][/B]$LOCALIZE[31999]</label>
			</control>
			<control type="label" id="40">
				<description>filter text label</description>
				<posx>10</posx>
				<posy>60</posy>
				<width>315</width>
				<height>30</height>
				<align>center</align>
				<aligny>center</aligny>
				<font>font18</font>
			</control>
			<control type="image">
				<posx>10</posx>
				<posy>100</posy>
				<width>315</width>
				<height>8</height>
				<texture>StreakBlueFull.png</texture>
			</control>
			<control type="image">
				<posx>370</posx>
				<posy>70</posy>
				<width>870</width>
				<height>580</height>
				<texture border="40">MenuBack.png</texture>
			</control>
			<control type="image">
				<posx>370</posx>
				<posy>70</posy>
				<width>870</width>
				<height>580</height>
				<texture border="40">MenuFront.png</texture>
			</control>
			<control type="group">
				<posx>20</posx>
				<posy>140</posy>
				<control type="button" id="95">
					<description>Button Default Values</description>
					<posx>0</posx>
					<posy>0</posy>
					<height>25</height>
					<width>300</width>
					<align>center</align>
					<font>font12</font>
					<textcolor>grey2</textcolor>
					<focusedcolor>white</focusedcolor>
					<texturefocus>-</texturefocus>
					<texturenofocus>-</texturenofocus>
					<label>13278</label>
					<onleft>95</onleft>
					<onright>95</onright>
					<onup>98</onup>
					<ondown>94</ondown>
				</control>
				<control type="button" id="94">
					<description>Button Storage</description>
					<posx>0</posx>
					<posy>30</posy>
					<height>25</height>
					<width>300</width>
					<align>center</align>
					<font>font12</font>
					<textcolor>grey2</textcolor>
					<focusedcolor>white</focusedcolor>
					<texturefocus>-</texturefocus>
					<texturenofocus>-</texturenofocus>
					<label>13277</label>
					<onleft>94</onleft>
					<onright>94</onright>
					<onup>95</onup>
					<ondown>92</ondown>
				</control>
				<control type="button" id="92">
					<description>Button HDD</description>
					<posx>0</posx>
					<posy>60</posy>
					<height>25</height>
					<width>300</width>
					<align>center</align>
					<font>font12</font>
					<textcolor>grey2</textcolor>
					<focusedcolor>white</focusedcolor>
					<texturefocus>-</texturefocus>
					<texturenofocus>-</texturenofocus>
					<label>13275</label>
					<onleft>92</onleft>
					<onright>92</onright>
					<onup>94</onup>
					<ondown>93</ondown>
				</control>
				<control type="button" id="93">
					<description>Button DVD</description>
					<posx>0</posx>
					<posy>90</posy>
					<height>25</height>
					<width>300</width>
					<align>center</align>
					<font>font12</font>
					<textcolor>grey2</textcolor>
					<focusedcolor>white</focusedcolor>
					<texturefocus>-</texturefocus>
					<texturenofocus>-</texturenofocus>
					<label>13276</label>
					<onleft>93</onleft>
					<onright>93</onright>
					<onup>92</onup>
					<ondown>96</ondown>
				</control>
				<control type="button" id="96">
					<description>Button Network</description>
					<posx>0</posx>
					<posy>120</posy>
					<height>25</height>
					<width>300</width>
					<align>center</align>
					<font>font12</font>
					<textcolor>grey2</textcolor>
					<focusedcolor>white</focusedcolor>
					<texturefocus>-</texturefocus>
					<texturenofocus>-</texturenofocus>
					<label>13279</label>
					<onleft>96</onleft>
					<onright>96</onright>
					<onup>93</onup>
					<ondown>97</ondown>
				</control>
				<control type="button" id="97">
					<description>Button Video</description>
					<posx>0</posx>
					<posy>150</posy>
					<height>25</height>
					<width>300</width>
					<align>center</align>
					<font>font12</font>
					<textcolor>grey2</textcolor>
					<focusedcolor>white</focusedcolor>
					<texturefocus>-</texturefocus>
					<texturenofocus>-</texturenofocus>
					<label>13280</label>
					<onleft>97</onleft>
					<onright>97</onright>
					<onup>96</onup>
					<ondown>98</ondown>
				</control>
				<control type="button" id="98">
					<description>Button Hardware</description>
					<posx>0</posx>
					<posy>180</posy>
					<height>25</height>
					<width>300</width>
					<align>center</align>
					<font>font12</font>
					<textcolor>grey2</textcolor>
					<focusedcolor>white</focusedcolor>
					<texturefocus>-</texturefocus>
					<texturenofocus>-</texturenofocus>
					<label>13281</label>
					<onleft>98</onleft>
					<onright>98</onright>
					<onup>97</onup>
					<ondown>95</ondown>
				</control>
			</control>
			<control type="group">
				<posx>410</posx>
				<posy>135</posy>
				<control type="label" id="2">
					<description>Label 2</description>
					<posx>0</posx>
					<posy>0</posy>
					<width>790</width>
					<label>-</label>
					<font>font12</font>
				</control>
				<control type="label" id="3">
					<description>Label 3</description>
					<posx>0</posx>
					<posy>37</posy>
					<width>790</width>
					<label>-</label>
					<font>font12</font>
				</control>
				<control type="label" id="4">
					<description>Label 4</description>
					<posx>0</posx>
					<posy>70</posy>
					<width>790</width>
					<label>-</label>
					<font>font12</font>
				</control>
				<control type="label" id="5">
					<description>Label 5</description>
					<posx>0</posx>
					<posy>105</posy>
					<width>790</width>
					<label>-</label>
					<font>font12</font>
				</control>
				<control type="label" id="6">
					<description>Label 6</description>
					<posx>0</posx>
					<posy>140</posy>
					<width>790</width>
					<label>-</label>
					<font>font12</font>
				</control>
				<control type="label" id="7">
					<description>Label 7</description>
					<posx>0</posx>
					<posy>175</posy>
					<width>790</width>
					<label>-</label>
					<font>font12</font>
				</control>
				<control type="label" id="8">
					<description>Label 8</description>
					<posx>0</posx>
					<posy>210</posy>
					<width>790</width>
					<label>-</label>
					<font>font12</font>
				</control>
				<control type="label" id="9">
					<description>Label 9</description>
					<posx>0</posx>
					<posy>245</posy>
					<width>790</width>
					<label>-</label>
					<font>font12</font>
				</control>
				<control type="label" id="10">
					<description>Label 10</description>
					<posx>0</posx>
					<posy>280</posy>
					<width>790</width>
					<label>-</label>
					<font>font12</font>
				</control>
				<control type="label" id="11">
					<description>Label 11</description>
					<posx>0</posx>
					<posy>315</posy>
					<width>790</width>
					<label>-</label>
					<font>font12</font>
				</control>
				<control type="label" id="52">
					<description>XBMC XBE BUILD Version</description>
					<posx>0</posx>
					<posy>370</posy>
					<width>790</width>
					<label>144</label>
					<textcolor>blue</textcolor>
					<shadowcolor>black</shadowcolor>
					<font>font12</font>
				</control>
				<control type="label" id="53">
					<description>Mplayer DLL Version</description>
					<posx>0</posx>
					<posy>410</posy>
					<width>790</width>
					<label>144</label>
					<textcolor>blue</textcolor>
					<shadowcolor>black</shadowcolor>
					<font>font12</font>
				</control>
			</control>
		</control>
	</controls>
</window>