<window id="12">
	<defaultcontrol>3</defaultcontrol>
	<allowoverlay>no</allowoverlay>
	<controls>
		<include>CommonBackground</include>
		<control type="group">
			<include>Window_OpenClose_Animation</include>
			<control type="image">
				<posx>0</posx>
				<posy>0</posy>
				<width>410</width>
				<height>720</height>
				<texture>DVDViewLeft.png</texture>
				<include>OverlayMediaPlayingFadeEffect</include>
			</control>
			<control type="label">
				<posx>10</posx>
				<posy>20</posy>
				<width>315</width>
				<height>30</height>
				<font>font18</font>
				<textcolor>white</textcolor>
				<scroll>true</scroll>
				<align>center</align>
				<aligny>center</aligny>
				<label>[UPPERCASE][B]$LOCALIZE[5][/B][/UPPERCASE]</label>
			</control>
			<control type="image">
				<posx>10</posx>
				<posy>60</posy>
				<width>315</width>
				<height>8</height>
				<texture>StreakBlueFull.png</texture>
			</control>
			<control type="image">
				<posx>370</posx>
				<posy>70</posy>
				<width>870</width>
				<height>580</height>
				<texture border="40">MenuBack.png</texture>
			</control>
			<control type="image">
				<posx>370</posx>
				<posy>70</posy>
				<width>870</width>
				<height>580</height>
				<texture border="40">MenuFront.png</texture>
			</control>
			<control type="grouplist" id="3">
				<description>button area</description>
				<posx>20</posx>
				<posy>100</posy>
				<width>300</width>
				<height>455</height>
				<itemgap>5</itemgap>
				<onleft>5</onleft>
				<onright>5</onright>
				<onup>3</onup>
				<ondown>3</ondown>
			</control>
			<control type="grouplist" id="5">
				<description>control area</description>
				<posx>410</posx>
				<posy>135</posy>
				<width>790</width>
				<height>450</height>
				<itemgap>5</itemgap>
				<pagecontrol>-</pagecontrol>
				<onleft>3</onleft>
				<onright>90</onright>
				<onup>5</onup>
				<ondown>5</ondown>
			</control>
		</control>
		<control type="button" id="10">
			<description>Default Category Button</description>
			<posx>10</posx>
			<posy>50</posy>
			<height>25</height>
			<width>300</width>
			<label>-</label>
			<align>center</align>
			<font>font12</font>
			<textcolor>grey2</textcolor>
			<focusedcolor>white</focusedcolor>
			<texturefocus>-</texturefocus>
			<texturenofocus>-</texturenofocus>
		</control>
		<control type="button" id="7">
			<description>Default Button</description>
			<posx>0</posx>
			<posy>0</posy>
			<height>30</height>
			<font>font12</font>
			<textcolor>grey2</textcolor>
			<focusedcolor>white</focusedcolor>
			<textoffsetx>20</textoffsetx>
			<texturefocus border="16,0,0,0">Dot_Settings.png</texturefocus>
			<texturenofocus>-</texturenofocus>
		</control>
		<control type="radiobutton" id="8">
			<description>Default RadioButton</description>
			<posx>0</posx>
			<posy>0</posy>
			<height>30</height>
			<font>font12</font>
			<textcolor>grey2</textcolor>
			<focusedcolor>white</focusedcolor>
			<textoffsetx>20</textoffsetx>
			<texturefocus border="16,0,0,0">Dot_Settings.png</texturefocus>
			<texturenofocus>-</texturenofocus>
			<radioposx>755</radioposx>
		</control>
		<control type="spincontrolex" id="9">
			<description>Default SpinControlex</description>
			<posx>0</posx>
			<posy>0</posy>
			<height>30</height>
			<font>font12</font>
			<textcolor>grey2</textcolor>
			<focusedcolor>white</focusedcolor>
			<textoffsetx>20</textoffsetx>
			<texturefocus border="16,0,0,0">Dot_Settings.png</texturefocus>
			<texturenofocus>-</texturenofocus>
			<aligny>center</aligny>
			<reverse>yes</reverse>
		</control>
	</controls>
</window>