<window id="129">
	<defaultcontrol always="true">9001</defaultcontrol>
	<allowoverlay>no</allowoverlay>
	<coordinates>
		<system>1</system>
		<posx>240</posx>
		<posy>232</posy>
	</coordinates>
	<include>dialogeffect</include>
	<controls>
		<control type="image">
			<description>background image</description>
			<posx>0</posx>
			<posy>0</posy>
			<width>800</width>
			<height>295</height>
			<texture border="40">DialogBack.png</texture>
		</control>
		<control type="image">
			<description>background image</description>
			<posx>0</posx>
			<posy>0</posy>
			<width>800</width>
			<height>295</height>
			<texture border="40">Dialogfront.png</texture>
		</control>
		<control type="label">
			<description>heading label</description>
			<posx>40</posx>
			<posy>40</posy>
			<width>720</width>
			<height>30</height>
			<align>center</align>
			<aligny>center</aligny>
			<font>font18</font>
			<label>21421</label>
			<textcolor>white</textcolor>
		</control>
		<control type="image">
			<posx>40</posx>
			<posy>75</posy>
			<width>720</width>
			<height>8</height>
			<texture>StreakBlueFull.png</texture>
		</control>
		<control type="label" id="0">
			<description>Rule match label</description>
			<posx>40</posx>
			<posy>85</posy>
			<width>720</width>
			<height>35</height>
			<align>center</align>
			<aligny>center</aligny>
			<font>font12</font>
			<label>21422</label>
		</control>
		<control type="group" id="9001">
			<control type="spincontrolex" id="15">
				<description>Rule Field</description>
				<posx>40</posx>
				<posy>125</posy>
				<width>355</width>
				<height>35</height>
				<font>font12</font>
				<texturefocus border="5">button-focus.png</texturefocus>
				<texturenofocus border="5">button-nofocus.png</texturenofocus>
				<onright>16</onright>
				<onleft>16</onleft>
				<onup>9000</onup>
				<ondown>17</ondown>
			</control>
			<control type="spincontrolex" id="16">
				<description>Rule operator</description>
				<posx>405</posx>
				<posy>125</posy>
				<width>355</width>
				<height>35</height>
				<font>font12</font>
				<texturefocus border="5">button-focus.png</texturefocus>
				<texturenofocus border="5">button-nofocus.png</texturenofocus>
				<onright>15</onright>
				<onleft>15</onleft>
				<onup>9000</onup>
				<ondown>17</ondown>
			</control>
		</control>
		<control type="button" id="17">
			<description>Value Button</description>
			<posx>40</posx>
			<posy>165</posy>
			<width>565</width>
			<height>35</height>
			<font>font12</font>
			<textoffsetx>12</textoffsetx>
			<textwidth>255</textwidth>
			<aligny>center</aligny>
			<texturefocus border="5">button-focus.png</texturefocus>
			<texturenofocus border="5">button-nofocus.png</texturenofocus>
			<label>-</label>
			<onup>9001</onup>
			<onleft>20</onleft>
			<onright>20</onright>
			<ondown>9000</ondown>
		</control>
		<control type="button" id="20">
			<description>Browse Button</description>
			<posx>610</posx>
			<posy>165</posy>
			<width>150</width>
			<height>35</height>
			<align>center</align>
			<aligny>center</aligny>
			<texturefocus border="5">button-focus.png</texturefocus>
			<texturenofocus border="5">button-nofocus.png</texturenofocus>
			<label>1024</label>
			<font>font12</font>
			<onup>9001</onup>
			<onleft>17</onleft>
			<onright>17</onright>
			<ondown>9000</ondown>
		</control>
		<control type="group" id="9000">
			<control type="button" id="18">
				<description>Ok Button</description>
				<posx>195</posx>
				<posy>210</posy>
				<width>200</width>
				<height>35</height>
				<align>center</align>
				<aligny>center</aligny>
				<texturefocus border="5">button-focus.png</texturefocus>
				<texturenofocus border="5">button-nofocus.png</texturenofocus>
				<label>186</label>
				<onup>17</onup>
				<onleft>19</onleft>
				<onright>19</onright>
				<ondown>9001</ondown>
			</control>
			<control type="button" id="19">
				<description>Cancel Button</description>
				<posx>405</posx>
				<posy>210</posy>
				<width>200</width>
				<height>35</height>
				<align>center</align>
				<aligny>center</aligny>
				<texturefocus border="5">button-focus.png</texturefocus>
				<texturenofocus border="5">button-nofocus.png</texturenofocus>
				<label>222</label>
				<onup>17</onup>
				<onleft>18</onleft>
				<onright>19</onright>
				<ondown>9001</ondown>
			</control>
		</control>
	</controls>
</window>