<window type="dialog" id="2901">
	<defaultcontrol>213</defaultcontrol>
	<include>dialogeffect</include>
	<coordinates>
		<system>1</system>
		<posx>30</posx>
		<posy>320</posy>
	</coordinates>
	<controls>
		<control type="button" id="208">
			<description>REC button</description>
			<posx>10</posx>
			<posy>40</posy>
			<width>128</width>
			<height>128</height>
			<texturefocus>osd_button_rec.png</texturefocus>
			<texturenofocus>osd_button_recNF.png</texturenofocus>
			<label>-</label>
			<font>-</font>
			<onleft>210</onleft>
			<onright>918</onright>
			<onup>918</onup>
			<ondown>210</ondown>
			<onclick>XBMC.PlayerControl(record)</onclick>
			<visible>!VideoPlayer.HasMenu + Player.CanRecord</visible>
		</control>
		<control type="button" id="209">
			<description>REC button 2</description>
			<posx>10</posx>
			<posy>40</posy>
			<width>128</width>
			<height>128</height>
			<texturefocus>-</texturefocus>
			<texturenofocus>osd_button_rec2.png</texturenofocus>
			<label>-</label>
			<font>-</font>
			<onleft>211</onleft>
			<onright>921</onright>
			<onup>921</onup>
			<ondown>211</ondown>
			<onclick>XBMC.PlayerControl(record)</onclick>
			<visible>!VideoPlayer.HasMenu + Player.CanRecord + Player.Recording</visible>
		</control>
		<control type="button" id="208">
			<description>DVD menu button</description>
			<posx>10</posx>
			<posy>40</posy>
			<width>128</width>
			<height>128</height>
			<texturefocus>osd_button_dvdmenu.png</texturefocus>
			<texturenofocus>osd_button_dvdmenuNF.png</texturenofocus>
			<label>-</label>
			<font>-</font>
			<onleft>210</onleft>
			<onright>918</onright>
			<onup>918</onup>
			<ondown>210</ondown>
			<onclick>XBMC.PlayerControl(ShowVideoMenu)</onclick>
			<visible>VideoPlayer.HasMenu</visible>
		</control>
		<control type="button" id="209">
			<description>DVD menu button 2</description>
			<posx>10</posx>
			<posy>40</posy>
			<width>128</width>
			<height>128</height>
			<texturefocus>osd_button_dvdmenu2.png</texturefocus>
			<texturenofocus>-</texturenofocus>
			<label>-</label>
			<font>-</font>
			<onleft>211</onleft>
			<onright>921</onright>
			<onup>921</onup>
			<ondown>211</ondown>
			<onclick>XBMC.PlayerControl(ShowVideoMenu)</onclick>
			<visible>VideoPlayer.HasMenu</visible>
		</control>
		<control type="image" id="1">
			<description>Panel</description>
			<posx>0</posx>
			<posy>0</posy>
			<height>379</height>
			<width>373</width>
			<texture>osd_panel.png</texture>
			<visible>yes</visible>
		</control>
		<control type="button" id="210">
			<description>Skip Bwd</description>
			<posx>32</posx>
			<posy>158</posy>
			<width>77</width>
			<height>79</height>
			<texturefocus>osd_button_skip_minusFO.png</texturefocus>
			<texturenofocus>-</texturenofocus>
			<onclick>XBMC.PlayerControl(Previous)</onclick>
			<label>-</label>
			<font>-</font>
			<onleft>215</onleft>
			<onright>211</onright>
			<onup>208</onup>
			<ondown>919</ondown>
		</control>
		<control type="togglebutton" id="211">
			<description>Rewind</description>
			<posx>95</posx>
			<posy>149</posy>
			<width>71</width>
			<height>79</height>
			<texturefocus>osd_button_rewFO.png</texturefocus>
			<texturenofocus>-</texturenofocus>
			<usealttexture>Player.Rewinding</usealttexture>
			<alttexturefocus>osd_button_rewFO.png</alttexturefocus>
			<alttexturenofocus>osd_button_rewSELNF.png</alttexturenofocus>
			<label>-</label>
			<font>-</font>
			<onleft>210</onleft>
			<onright>213</onright>
			<onup>209</onup>
			<ondown>920</ondown>
			<onclick>XBMC.PlayerControl(Rewind)</onclick>
		</control>
		<control type="togglebutton" id="213">
			<description>Play</description>
			<posx>153</posx>
			<posy>123</posy>
			<width>100</width>
			<height>98</height>
			<texturefocus>osd_button_pauseFO.png</texturefocus>
			<texturenofocus>osd_button_pauseNF.png</texturenofocus>
			<usealttexture>Player.Paused | Player.Forwarding | Player.Rewinding</usealttexture>
			<alttexturefocus>osd_button_playFO.png</alttexturefocus>
			<alttexturenofocus>osd_button_playNF.png</alttexturenofocus>
			<label>-</label>
			<font>-</font>
			<onleft>211</onleft>
			<onright>214</onright>
			<onup>921</onup>
			<ondown>920</ondown>
			<onclick>XBMC.PlayerControl(Play)</onclick>
		</control>
		<control type="togglebutton" id="214">
			<description>Fast Forward</description>
			<posx>241</posx>
			<posy>122</posy>
			<width>64</width>
			<height>75</height>
			<texturefocus>osd_button_ffFO.png</texturefocus>
			<texturenofocus>-</texturenofocus>
			<usealttexture>Player.Forwarding</usealttexture>
			<alttexturefocus>osd_button_ffFO.png</alttexturefocus>
			<alttexturenofocus>osd_button_ffSELNF.png</alttexturenofocus>
			<label>-</label>
			<font>-</font>
			<onleft>213</onleft>
			<onright>215</onright>
			<onup>921</onup>
			<ondown>920</ondown>
			<onclick>XBMC.PlayerControl(Forward)</onclick>
		</control>
		<control type="button" id="215">
			<description>Skip Fwd</description>
			<posx>287</posx>
			<posy>112</posy>
			<width>71</width>
			<height>72</height>
			<texturefocus>osd_button_skip_plusFO.png</texturefocus>
			<texturenofocus>-</texturenofocus>
			<onclick>XBMC.PlayerControl(Next)</onclick>
			<label>-</label>
			<font>-</font>
			<onleft>214</onleft>
			<onright>210</onright>
			<onup>918</onup>
			<ondown>919</ondown>
		</control>
		<control type="button" id="918">
			<description>playlist buton</description>
			<posx>138</posx>
			<posy>16</posy>
			<width>74</width>
			<height>64</height>
			<texturefocus>osd_button_playlistFO.png</texturefocus>
			<texturenofocus>-</texturenofocus>
			<onclick>XBMC.ActivateWindow(28)</onclick>
			<label>-</label>
			<font>-</font>
			<onleft>208</onleft>
			<onright>215</onright>
			<onup>919</onup>
			<ondown>921</ondown>
		</control>
		<control type="togglebutton" id="921">
			<description>Audio Menu</description>
			<posx>147</posx>
			<posy>71</posy>
			<width>76</width>
			<height>61</height>
			<texturefocus>osd_button_audioFO.png</texturefocus>
			<texturenofocus>-</texturenofocus>
			<usealttexture>Window.IsActive(124) | Window.IsActive(123)</usealttexture>
			<alttexturefocus>osd_button_audioSELNF.png</alttexturefocus>
			<alttexturenofocus>-</alttexturenofocus>
			<onclick>XBMC.ActivateWindow(124)</onclick>
			<label>-</label>
			<font>-</font>
			<onleft>209</onleft>
			<onright>214</onright>
			<onup>918</onup>
			<ondown>213</ondown>
		</control>
		<control type="togglebutton" id="920">
			<description>Video Menu</description>
			<posx>180</posx>
			<posy>214</posy>
			<width>84</width>
			<height>69</height>
			<texturefocus>osd_button_videoFO.png</texturefocus>
			<texturenofocus>-</texturenofocus>
			<usealttexture>Window.IsActive(123)</usealttexture>
			<alttexturefocus>osd_button_videoSELNF.png</alttexturefocus>
			<alttexturenofocus>-</alttexturenofocus>
			<onclick>XBMC.ActivateWindow(123)</onclick>
			<label>-</label>
			<font>-</font>
			<onleft>211</onleft>
			<onright>214</onright>
			<onup>213</onup>
			<ondown>919</ondown>
		</control>
		<control type="togglebutton" id="919">
			<description>Bookmarks Menu</description>
			<posx>195</posx>
			<posy>268</posy>
			<width>84</width>
			<height>78</height>
			<texturefocus>osd_button_bookmarkFO.png</texturefocus>
			<texturenofocus>-</texturenofocus>
			<usealttexture>Window.IsActive(125)</usealttexture>
			<alttexturefocus>osd_button_bookmarkSELNF.png</alttexturefocus>
			<alttexturenofocus>-</alttexturenofocus>
			<onclick>XBMC.ActivateWindow(125)</onclick>
			<label>-</label>
			<font>-</font>
			<onleft>210</onleft>
			<onright>215</onright>
			<onup>920</onup>
			<ondown>918</ondown>
		</control>
	</controls>
</window>