<fonts>
	<fontset id="Default" unicode="true">
		<font>
			<name>font101</name>
			<filename>normal.ttf</filename>
			<size>11</size>
     	<aspect>1.2</aspect>
		</font>
		<font>
			<name>font10</name>
			<filename>normal.ttf</filename>
			<size>11</size>
     	<aspect>1.2</aspect>
		</font>
		<font>
			<name>font12</name>
			<filename>normal.ttf</filename>
			<size>12</size>
     	<aspect>1.2</aspect>
		</font>
		<font>
			<name>font13</name>
			<filename>normal.ttf</filename>
			<size>13</size>
     	<aspect>1.2</aspect>
		</font>
		<font>
			<name>bold13</name>
			<filename>normal.ttf</filename>
			<size>13</size>
			<style>bold</style>
     	<aspect>1.2</aspect>
		</font>
		<font>
			<name>font20</name>
			<filename>normal.ttf</filename>
			<size>18</size>
     	<aspect>1.2</aspect>
		</font>
		<font>
			<name>font24</name>
			<filename>normal.ttf</filename>
			<size>22</size>
     	<aspect>1.2</aspect>
		</font>
		<font>
			<name>font28</name>
			<filename>normal.ttf</filename>
			<size>23</size>
     	<aspect>1.2</aspect>
		</font>
		<font>
			<name>font32</name>
			<filename>normal.ttf</filename>
			<size>30</size>
			<style>bold</style>
     	<aspect>1.2</aspect>
		</font>
		<font>
			<name>special12</name>
			<filename>normal.ttf</filename>
			<size>14</size>
     	<aspect>1.2</aspect>
		</font>
		<font>
			<name>special13</name>
			<filename>normal.ttf</filename>
			<size>14</size>
			<style>bold</style>
     	<aspect>1.2</aspect>
		</font>
		<font>
			<name>special20</name>
			<filename>normal.ttf</filename>
			<size>18</size>
			<style>bold</style>
     	<aspect>1.2</aspect>
		</font>
		<font>
			<name>special24</name>
			<filename>normal.ttf</filename>
			<size>22</size>
			<style>bold</style>
     	<aspect>1.2</aspect>
		</font>
		<font>
			<name>xii14</name>
			<filename>normal.ttf</filename>
			<size>12</size>
     	<aspect>1.2</aspect>
		</font>
		<font>
			<name>xii15</name>
			<filename>xii.ttf</filename>
			<size>13</size>
     	<aspect>1.2</aspect>
		</font>
		<font>
			<name>xii16</name>
			<filename>xii.ttf</filename>
			<size>14</size>
			<style>bold</style>
     	<aspect>1.2</aspect>
		</font>
		<font>
			<name>xii36</name>
			<filename>xii.ttf</filename>
			<size>34</size>
			<style>bold</style>
     	<aspect>1.2</aspect>
		</font>
		<font>
			<name>xii48</name>
			<filename>xii.ttf</filename>
			<size>46</size>
			<style>bold</style>
     	<aspect>1.2</aspect>
		</font>
		<font>
			<name>bold20</name>
			<filename>xii-medium.ttf</filename>
			<size>18</size>
			<style>bold</style>
     	<aspect>1.2</aspect>
		</font>
	</fontset>
</fonts>