<fonts>
	<fontset id="Default" unicode="true">
		<font>
			<name>font30</name>
			<filename>Prototype.ttf</filename>
			<size>27</size>
		</font>
		<font>
			<name>font13</name>
			<filename>Prototype.ttf</filename>
			<size>15</size>
		</font>
		<font>
			<name>font14</name>
			<filename>Prototype.ttf</filename>
			<size>18</size>
		</font>
		<font>
			<name>font15</name>
			<filename>Prototype.ttf</filename>
			<size>13</size>
		</font>
		<font>
			<name>font10</name>
			<filename>Prototype.ttf</filename>
			<size>12</size>
		</font>
		<font>
			<name>font12</name>
			<filename>Prototype.ttf</filename>
			<size>14</size>
		</font>
		<font>
			<name>fontKB</name>
			<filename>Prototype.ttf</filename>
			<size>14</size>
		</font>
		<font>
			<name>font101</name>
			<filename>Prototype.ttf</filename>
			<size>12</size>
		</font>
		<font>
			<name>fontSO</name>
			<filename>Birdman.ttf</filename>
			<size>15</size>
		</font>
		<font>
			<name>fontSH</name>
			<filename>Birdman.ttf</filename>
			<size>44</size>
		</font>
	</fontset>
	<fontset id="Arial" unicode="true">
		<font>
			<name>font30</name>
			<filename>Arial.ttf</filename>
			<size>27</size>
		</font>
		<font>
			<name>font13</name>
			<filename>Arial.ttf</filename>
			<size>15</size>
		</font>
		<font>
			<name>font14</name>
			<filename>Arial.ttf</filename>
			<size>18</size>
		</font>
		<font>
			<name>font15</name>
			<filename>Arial.ttf</filename>
			<size>13</size>
		</font>
		<font>
			<name>font10</name>
			<filename>Arial.ttf</filename>
			<size>12</size>
		</font>
		<font>
			<name>font12</name>
			<filename>Arial.ttf</filename>
			<size>14</size>
		</font>
		<font>
			<name>fontKB</name>
			<filename>Arial.ttf</filename>
			<size>14</size>
		</font>
		<font>
			<name>font101</name>
			<filename>Arial.ttf</filename>
			<size>12</size>
		</font>
		<font>
			<name>fontSO</name>
			<filename>Arial.ttf</filename>
			<size>14</size>
			<style>bold</style>
		</font>
		<font>
			<name>fontSH</name>
			<filename>Arial.ttf</filename>
			<size>44</size>
		</font>
	</fontset>
</fonts>