<fonts>

	<fontset id="Default" unicode="true">
	
		<font>
			<name>rss</name>
			<filename>FrancophilSans.ttf</filename>
			<size>30</size>
		</font>
		<font>
			<name>scrollbar</name>
			<filename>FrancophilSans.ttf</filename>
			<size>24</size>
		</font>
		<font>
			<name>keyboard</name>
			<filename>FrancophilSans.ttf</filename>
			<size>30</size>
			<style>bold</style>
		</font>
		<font>
			<name>dialog</name>
			<filename>FrancophilSans.ttf</filename>
			<size>19</size>
			<style>bold</style>
		</font>
		<font>
			<name>dialog-header</name>
			<filename>FrancophilSans.ttf</filename>
			<size>19</size>
			<style>bold</style>
		</font>
		<font>
			<name>info</name>
			<filename>FrancophilSans.ttf</filename>
			<size>28</size>
		</font>
		<font>
			<name>context</name>
			<filename>FrancophilSans.ttf</filename>
			<size>24</size>
		</font>
		<font>
			<name>dialog-header</name>
			<filename>FrancophilSans.ttf</filename>
			<size>24</size>
			<style>bold</style>
		</font>
		<font>
			<name>button</name>
			<filename>FrancophilSans.ttf</filename>
			<size>19</size>
			<style>bold</style>
		</font>
		<font>
			<name>extralarge</name>
			<filename>Cacophony.ttf</filename>
			<size>128</size>
		</font>
		<font>
			<name>menu</name>
			<filename>Cacophony.ttf</filename>
			<size>48</size>
			<style>bold</style>
		</font>
		<font>
			<name>content</name>
			<filename>FrancophilSans.ttf</filename>
			<size>30</size>
		</font>
		<font>
			<name>content-small</name>
			<filename>FrancophilSans.ttf</filename>
			<size>24</size>
		</font>
		<font>
			<name>listitem</name>
			<filename>FrancophilSans.ttf</filename>
			<size>30</size>
		</font>
		<font>
			<name>listitem-small</name>
			<filename>FrancophilSans.ttf</filename>
			<size>24</size>
		</font>
		<font>
			<name>listitem-header</name>
			<filename>FrancophilSans.ttf</filename>
			<size>24</size>
		</font>
		<font>
			<name>album</name>
			<filename>FrancophilSans.ttf</filename>
			<size>36</size>
		</font>
		<font>
			<name>videoosd</name>
			<filename>FrancophilSans.ttf</filename>
			<size>32</size>
		</font>
		<font>
			<name>musicosd</name>
			<filename>FrancophilSans.ttf</filename>
			<size>36</size>
		</font>
		<font>
			<name>musicosd-header</name>
			<filename>FrancophilSans.ttf</filename>
			<size>36</size>
		</font>
		<font>
			<name>header</name>
			<filename>FrancophilSans.ttf</filename>
			<size>38</size>
			<style>bold</style>
		</font>
		<font>
			<name>settings</name>
			<filename>FrancophilSans.ttf</filename>
			<size>26</size>
		</font>
		<font>
			<name>sidebar</name>
			<filename>FrancophilSans.ttf</filename>
			<size>34</size>
			<style>bold</style>
		</font>
		<font>
			<name>weather</name>
			<filename>FrancophilSans.ttf</filename>
			<size>30</size>
		</font>
		<font>
			<name>weather-lg</name>
			<filename>FrancophilSans.ttf</filename>
			<size>48</size>
		</font>
		<font>
			<name>video</name>
			<filename>FrancophilSans.ttf</filename>
			<size>36</size>
		</font>
	
		<font>
			<name>mint</name>
			<filename>FrancophilSans.ttf</filename>
			<size>30</size>
		</font>
		<font>
			<name>mint-18b</name>
			<filename>Cacophony.ttf</filename>
			<size>24</size>
		</font>
		<font>
			<name>mint-24b</name>
			<filename>Cacophony.ttf</filename>
			<size>32</size>
			<style>bold</style>
		</font>
		<font>
			<name>mint-32b</name>
			<filename>Cacophony.ttf</filename>
			<size>48</size>
			<style>bold</style>
		</font>
		
	</fontset>

</fonts>