<!-- TODO -->
<window id="129">

	<defaultcontrol always="true">12</defaultcontrol>
	
	<coordinates>
		<system>1</system>
		<posx>110</posx>
		<posy>100</posy>
	</coordinates>
	
	<controls>
	
		<!-- background -->
		<control type="image">
			<texture border="12">bg-dialog.png</texture>
			<width>446</width>
			<height>406</height>
			<posx>-25</posx>
			<posy>-11</posy>
			<colordiffuse>dialog</colordiffuse>
		</control>
		<!-- heading -->
		<control type="label">
			<label>21432</label>
			<width>280</width>
			<posx>10</posx>
			<posy>8</posy>
			<font>dialog</font>
			<textcolor>type-dialog-header</textcolor>
		</control>
		<control type="label" id="0">
			<description>Name Label</description>
			<posx>10</posx>
			<posy>30</posy>
			<width>420</width>
			<font>dialog</font>
			<textcolor>type-dialog-dark</textcolor>
			<label>21433</label>
		</control>
		<control type="button" id="12">
			<description>Name Button</description>
			<posx>10</posx>
			<posy>55</posy>
			<width>480</width>
			<height>32</height>
			<textoffsetx>12</textoffsetx>
			<textwidth>380</textwidth>
			<label>-</label>
			<onup>9001</onup>
			<onleft>12</onleft>
			<onright>12</onright>
			<ondown>10</ondown>
		</control>
		<control type="label">
			<description>rules label</description>
			<posx>10</posx>
			<posy>95</posy>
			<width>420</width>
			<font>dialog</font>
			<textcolor>type-dialog-dark</textcolor>
			<label>21434</label>
		</control>
		<control type="list" id="10">
			<description>Rules List Control</description>
			<posx>10</posx>
			<posy>120</posy>
			<width>370</width>
			<height>102</height>
			<onup>12</onup>
			<onleft>9000</onleft>
			<onright>9000</onright>
			<ondown>16</ondown>
			<itemlayout width="370" height="34">
				<control type="image">
					<posx>0</posx>
					<posy>0</posy>
					<width>370</width>
					<height>32</height>
					<texture>input-nofocus.png</texture>
				</control>
				<control type="label">
					<posx>10</posx>
					<posy>0</posy>
					<width>350</width>
					<height>32</height>
					<info>ListItem.Label</info>
			<font>dialog</font>
			<textcolor>type-dialog-dark</textcolor>
				</control>
			</itemlayout>
			<focusedlayout width="370" height="34">
				<control type="image">
					<posx>0</posx>
					<posy>0</posy>
					<width>370</width>
					<height>32</height>
					<texture>input-focus.png</texture>
					<visible>Control.HasFocus(10)</visible>
				</control>
				<control type="image">
					<posx>0</posx>
					<posy>0</posy>
					<width>370</width>
					<height>32</height>
					<texture>input-nofocus.png</texture>
					<visible>!Control.HasFocus(10)</visible>
				</control>
				<control type="label">
					<posx>10</posx>
					<posy>0</posy>
					<width>350</width>
					<height>32</height>
					<info>ListItem.Label</info>
			<font>dialog</font>
			<textcolor>type-dialog</textcolor>
				</control>
			</focusedlayout>
		</control>
		<control type="group" id="9000">
			<control type="button" id="13">
				<description>Add Rule Button</description>
				<posx>390</posx>
				<posy>120</posy>
				<height>32</height>
				<width>100</width>
				<textoffsetx>12</textoffsetx>
				<label>15019</label>
				<onup>17</onup>
				<onleft>10</onleft>
				<onright>10</onright>
				<ondown>14</ondown>
			</control>
			<control type="button" id="14">
				<description>Remove Rule Button</description>
				<posx>390</posx>
				<posy>154</posy>
				<height>32</height>
				<width>100</width>
				<textoffsetx>12</textoffsetx>
				<label>1210</label>
				<onup>13</onup>
				<onleft>10</onleft>
				<onright>10</onright>
				<ondown>15</ondown>
			</control>
			<control type="button" id="15">
				<description>Edit Rule Button</description>
				<posx>390</posx>
				<posy>188</posy>
				<height>32</height>
				<width>100</width>
				<textoffsetx>12</textoffsetx>
				<label>21435</label>
				<onup>14</onup>
				<onleft>10</onleft>
				<onright>10</onright>
				<ondown>16</ondown>
			</control>
		</control>
		
		<control type="spincontrolex" id="16">
			<posx>10</posx>
			<posy>230</posy>
			<width>480</width>
			<label>21424</label>
			<onright>16</onright>
			<onleft>16</onleft>
			<onup>10</onup>
			<ondown>17</ondown>
		</control>
		
		<control type="spincontrolex" id="17">
			<posx>10</posx>
			<posy>270</posy>
			<width>480</width>
			<label>21427</label>
			<onright>17</onright>
			<onleft>17</onleft>
			<onup>16</onup>
			<ondown>18</ondown>
		</control>

		<control type="spincontrolex" id="18">
			<posx>10</posx>
			<posy>310</posy>
			<width>350</width>
			<label>21429</label>
			<onright>19</onright>
			<onleft>19</onleft>
			<onup>17</onup>
			<ondown>9001</ondown>
		</control>

		<control type="togglebutton" id="19">
			<posx>370</posx>
			<posy>310</posy>
			<width>120</width>
			<height>32</height>
			<textoffsetx>8</textoffsetx>
			<label>21431</label>
			<altlabel>21430</altlabel>
			<onright>18</onright>
			<onleft>18</onleft>
			<onup>17</onup>
			<ondown>9001</ondown>
		</control>
		<control type="group" id="9001">
			<control type="button" id="20">
				<description>Ok Button</description>
				<posx>290</posx>
				<posy>355</posy>
				<width>90</width>
				<height>32</height>
				<textoffsetx>12</textoffsetx>
				<label>186</label>
				<onup>18</onup>
				<onleft>22</onleft>
				<onright>21</onright>
				<ondown>12</ondown>
			</control>
			<control type="button" id="21">
				<description>Cancel Button</description>
				<posx>390</posx>
				<posy>355</posy>
				<width>90</width>
				<height>32</height>
				<textoffsetx>12</textoffsetx>
				<label>222</label>
				<onup>18</onup>
				<onleft>20</onleft>
				<onright>20</onright>
				<ondown>12</ondown>
			</control>
			<control type="spincontrolex" id="22">
				<posx>10</posx>
				<posy>355</posy>
				<width>280</width>
				<label>467</label>
				<onright>20</onright>
				<onleft>21</onleft>
				<onup>18</onup>
				<ondown>10</ondown>
			</control>

		</control>
		
	</controls>
	
</window>