<!-- TODO -->
<window id="129">

	<defaultcontrol>15</defaultcontrol>
	
	<coordinates>
		<system>1</system>
		<posx>165</posx>
		<posy>200</posy>
	</coordinates>
	
	<controls>
	
		<!-- background -->
		<control type="image">
			<texture border="12">bg-dialog.png</texture>
			<width>446</width>
			<height>406</height>
			<posx>-25</posx>
			<posy>-11</posy>
			<colordiffuse>dialog</colordiffuse>
		</control>
		<!-- heading -->
		<control type="label">
			<label>21421</label>
			<width>280</width>
			<posx>10</posx>
			<posy>8</posy>
			<font>dialog</font>
			<textcolor>type-dialog-header</textcolor>
		</control>
		<control type="label" id="0">
			<description>Rule match label</description>
			<posx>20</posx>
			<posy>40</posy>
			<width>480</width>
			<font>dialog</font>
			<textcolor>type-dialog-dark</textcolor>
			<label>21422</label>
		</control>
		<control type="group" id="9001">
			<control type="spincontrolex" id="15">
				<description>Rule Field</description>
				<posx>20</posx>
				<posy>65</posy>
				<width>175</width>
				<onright>16</onright>
				<onleft>16</onleft>
				<onup>9000</onup>
				<ondown>17</ondown>
			</control>
			<control type="spincontrolex" id="16">
				<description>Rule operator</description>
				<posx>200</posx>
				<posy>65</posy>
				<width>180</width>
				<onright>15</onright>
				<onleft>15</onleft>
				<onup>9000</onup>
				<ondown>17</ondown>
			</control>
		</control>
		<control type="button" id="17">
			<description>Value Button</description>
			<posx>20</posx>
			<posy>105</posy>
			<width>265</width>
			<height>32</height>
			<textoffsetx>12</textoffsetx>
			<textwidth>255</textwidth>
			<onup>9001</onup>
			<onleft>20</onleft>
			<onright>20</onright>
			<ondown>9000</ondown>
		</control>
		<control type="button" id="20">
			<description>Browse Button</description>
			<posx>290</posx>
			<posy>105</posy>
			<width>90</width>
			<height>32</height>
			<textoffsetx>12</textoffsetx>
			<label>1024</label>
			<onup>9001</onup>
			<onleft>17</onleft>
			<onright>17</onright>
			<ondown>9000</ondown>
		</control>
		<control type="group" id="9000">
			<control type="button" id="18">
				<description>Ok Button</description>
				<posx>180</posx>
				<posy>145</posy>
				<width>90</width>
				<height>32</height>
				<textoffsetx>12</textoffsetx>
				<label>186</label>
				<onup>17</onup>
				<onleft>19</onleft>
				<onright>19</onright>
				<ondown>9001</ondown>
			</control>
			<control type="button" id="19">
				<description>Cancel Button</description>
				<posx>280</posx>
				<posy>145</posy>
				<width>90</width>
				<height>32</height>
				<textoffsetx>12</textoffsetx>
				<label>222</label>
				<onup>17</onup>
				<onleft>18</onleft>
				<onright>19</onright>
				<ondown>9001</ondown>
			</control>
		</control>
		
	</controls>
	
</window>
