<!-- video on screen display (start button) (play,ff,rw,mute,audio/video options,etc..) -->
<window id="2901">
	
	<defaultcontrol>4</defaultcontrol>
	
	<controls>

		<!-- controls -->
		<control type="group">
		
			<posx>20</posx>
			<posy>620</posy>
			
			<animation effect="slide" start="-614,0" end="0,0" time="300">WindowOpen</animation>
			<animation effect="slide" start="0,0" end="-614,0" time="300">WindowClose</animation>
			
			<!-- background -->
			<control type="image">
				<texture border="12">bg-dialog.png</texture>
				<width>768</width>
				<height>80</height>
				<colordiffuse>dialog</colordiffuse>
			</control>
			
			<control type="group">
				<posy>20</posy>
			<!-- previous button -->
			<control type="button" id="1">
				<width>48</width>
				<height>40</height>
				<posx>16</posx>
				
				<texturefocus>osd-prev.png</texturefocus>
				<texturenofocus>osd-prev-nf.png</texturenofocus>
				
				<onleft>13</onleft>
				<onright>2</onright>
				<onclick>XBMC.PlayerControl(Previous)</onclick>
			</control>
			<!-- rewind button -->
			<control type="button" id="2">
				<width>48</width>
				<height>40</height>
				<posx>72</posx>
				
				<texturefocus>osd-rw.png</texturefocus>
				<texturenofocus>osd-rw-nf.png</texturenofocus>
				
				<onleft>1</onleft>
				<onright>3</onright>
				<onclick>XBMC.PlayerControl(Rewind)</onclick>
			</control>
			<!-- stop button -->
			<control type="button" id="3">
				<width>44</width>
				<height>40</height>
				<posx>136</posx>
				
				<texturefocus>osd-stop.png</texturefocus>
				<texturenofocus>osd-stop-nf.png</texturenofocus>
				
				<onleft>2</onleft>
				<onright>4</onright>
				
				<onclick>XBMC.PlayerControl(Stop)</onclick>
			</control>
			<!-- play/pause button -->
			<control type="togglebutton" id="4">
				<visible>!Player.Forwarding + !Player.Rewinding</visible>
				
				<width>48</width>
				<height>40</height>
				<posx>192</posx>
				
				<texturefocus>osd-pause.png</texturefocus>
				<texturenofocus>osd-pause-nf.png</texturenofocus>
				<usealttexture>Player.Paused</usealttexture>
				<alttexturefocus>osd-play.png</alttexturefocus>
				<alttexturenofocus>osd-play-nf.png</alttexturenofocus>
				
				<onleft>3</onleft>
				<onright>5</onright>
				
				<onclick>XBMC.PlayerControl(Play)</onclick>
			</control>
			<control type="button" id="5">
				<visible>Player.Forwarding | Player.Rewinding</visible>
			
				<width>48</width>
				<height>40</height>
				<posx>192</posx>
				
				<texturefocus>osd-play.png</texturefocus>
				<texturenofocus>osd-play-nf.png</texturenofocus>
				
				<onleft>4</onleft>
				<onright>6</onright>
				
				<onclick>XBMC.PlayerControl(Play)</onclick>
			</control>
			<!-- fast forward button-->
			<control type="button" id="6">
				<width>48</width>
				<height>40</height>
				<posx>252</posx>
				
				<texturefocus>osd-ff.png</texturefocus>
				<texturenofocus>osd-ff-nf.png</texturenofocus>
				
				<onleft>5</onleft>
				<onright>7</onright>
				<onclick>XBMC.PlayerControl(Forward)</onclick>
			</control>
			<!-- next button -->
			<control type="button" id="7">
				<width>48</width>
				<height>40</height>
				<posx>308</posx>
				
				<texturefocus>osd-next.png</texturefocus>
				<texturenofocus>osd-next-nf.png</texturenofocus>
				
				<onleft>6</onleft>
				<onright>8</onright>
			    <onup>1</onup>
			    <ondown>1</ondown>
				<onclick>XBMC.PlayerControl(Next)</onclick>
			</control>
			</control>
			<control type="group">
				<posx>404</posx>
				<posy>16</posy>
			<!-- dvd menu -->
			<control type="image">
				<visible>!VideoPlayer.HasMenu</visible>
				<texture>osd-dvd-nf.png</texture>
				<width>52</width>
				<height>52</height>
				<posx>16</posx>
				<colordiffuse>disabled</colordiffuse>				
			</control>
			<control type="button" id="8">
				<visible>VideoPlayer.HasMenu</visible>
				<width>52</width>
				<height>52</height>
				<posx>16</posx>
				
				<texturefocus>osd-dvd.png</texturefocus>
				<texturenofocus>osd-dvd-nf.png</texturenofocus>
				
			    <onleft>7</onleft>
			    <onright>9</onright>
			    <onclick>XBMC.PlayerControl(ShowVideoMenu)</onclick>
			</control>
			<!-- bookmarks -->
			<control type="button" id="9">
				<width>54</width>
				<height>54</height>
				<posx>76</posx>
				<posy>-6</posy>
				
				<texturefocus>osd-bookmarks.png</texturefocus>
				<texturenofocus>osd-bookmarks-nf.png</texturenofocus>
				
			    <onleft>8</onleft>
			    <onright>10</onright>
			    <onclick>XBMC.ActivateWindow(125)</onclick>
			</control>
			<!-- mute button -->
			<control type="togglebutton" id="10">
				<width>54</width>
				<height>54</height>
				<posx>138</posx>
				<posy>-4</posy>
				
				<texturefocus>osd-nomute.png</texturefocus>
				<texturenofocus>osd-nomute-nf.png</texturenofocus>
				<usealttexture>Player.Muted</usealttexture>
				<alttexturefocus>osd-mute.png</alttexturefocus>
				<alttexturenofocus>osd-mute-nf.png</alttexturenofocus>
				
				<onleft>9</onleft>
				<onright>11</onright>
				
				<onclick>Mute</onclick>
			</control>
			<!-- video settings button -->
			<control type="button" id="11">
				<width>48</width>
				<height>48</height>
				<posx>202</posx>
				
				<texturefocus>osd-video.png</texturefocus>
				<texturenofocus>osd-video-nf.png</texturenofocus>
				
				<onleft>10</onleft>
				<onright>12</onright>
				<onclick>XBMC.ActivateWindow(123)</onclick>
			</control>
			<!-- audio settings button -->
			<control type="button" id="12">
				<width>52</width>
				<height>52</height>
				<posx>262</posx>
				<posy>-2</posy>
				
				<texturefocus>osd-audio.png</texturefocus>
				<texturenofocus>osd-audio-nf.png</texturenofocus>
				
				<onleft>11</onleft>
				<onright>13</onright>
				<onclick>XBMC.ActivateWindow(124)</onclick>
			</control>
			<!-- video info button -->
			<control type="button" id="13">
				<width>48</width>
				<height>48</height>
				<posx>310</posx>
				
				<texturefocus>osd-info.png</texturefocus>
				<texturenofocus>osd-info-nf.png</texturenofocus>
				
				<onleft>12</onleft>
				<onright>1</onright>
				<onclick>ActivateWindow(movieinformation)</onclick>
			</control>
		</control>
		</control>

	</controls>
	
</window>