<!-- 
USE: For displaying categories. A folder containing other folders.
-->
<includes>
	<include name="ViewPanel">
			
		<control type="group">
				
			<visible>Control.IsVisible(52)</visible>
			<posx>40</posx>
			<posy>80</posy>
			
			<!-- background -->
			<control type="image">
				<texture>container-back-nf.png</texture>
				<width>1150</width>
				<height>590</height>
			</control>

			<!-- list container -->
			<control type="panel" id="52">
			
				<viewtype label="Panel">icon</viewtype>
				<width>1180</width>
				<height>580</height>
				<posx>10</posx>
				<posy>10</posy>
				<onup>52</onup>
				<ondown>52</ondown>
				<onleft>9000</onleft>
				<onright>60</onright>
				<pagecontrol>60</pagecontrol>
				
				<itemlayout height="118" width="382">
					<control type="image">
						<texture border="8">listitem-back-nf.png</texture>
						<width>367</width>
						<height>98</height>
					</control>
					<control type="image">
						<texture>$INFO[ListItem.Icon]</texture>
						<width>78</width>
						<height>78</height>
						<posx>10</posx>
						<posy>10</posy>
						<colordiffuse>dimmed</colordiffuse>
						<aspectratio>keep</aspectratio>
					</control>
					<control type="label">
						<label>$INFO[ListItem.Label]</label>
						<width>247</width>
						<height>78</height>
						<posx>105</posx>
						<posy>10</posy>
						<font>listitem</font>
						<textcolor>type-listitem-dark</textcolor>
						<wrapmultiline>true</wrapmultiline>
					</control>
				</itemlayout>
				<focusedlayout height="118" width="382">
					<control type="image">
						<visible>Control.HasFocus(20)</visible>
						<texture border="8">listitem-back.png</texture>
						<width>367</width>
						<height>98</height>
					</control>
					<control type="image">
						<visible>!Control.HasFocus(20)</visible>
						<texture border="8">listitem-back-nf.png</texture>
						<width>367</width>
						<height>98</height>
					</control>
					<control type="image">
						<texture aligny="bottom">$INFO[ListItem.Icon]</texture>
						<width>78</width>
						<height>78</height>
						<posx>10</posx>
						<posy>10</posy>
						<aspectratio>keep</aspectratio>
					</control>
					<control type="label">
						<label>$INFO[ListItem.Label]</label>
						<width>247</width>
						<height>78</height>
						<posx>105</posx>
						<posy>10</posy>
						<font>listitem</font>
						<textcolor>type-listitem</textcolor>
						<wrapmultiline>true</wrapmultiline>
					</control>
				</focusedlayout>
			</control>
			
			<!-- scrollbar -->
			<control type="group">
				<posx>1170</posx>
				<control type="image">
					<texture>container-back-nf.png</texture>
					<width>30</width>
					<height>590</height>
				</control>
				<control type="scrollbar" id="60">
					<width>30</width>
					<height>590</height>
					<onleft>50</onleft>
					<onright>9000</onright>
					<showonepage>false</showonepage>
				</control>
			</control>
			
			<!-- container info -->
			<control type="group">
				<posy>590</posy>
				<!-- number of files -->
				<control type="label" id="12">
					<width>670</width>
					<height>40</height>
					<font>content-small</font>
					<textcolor>type-header-dark</textcolor>
				</control>
				<!-- current page / number of pages -->
				<control type="label">
					<label>$INFO[Container().CurrentPage,, / ]$INFO[Container().NumPages]</label>
					<width>670</width>
					<height>40</height>
					<posx>1200</posx>
					<font>content-small</font>
					<textcolor>type-header-dark</textcolor>
					<align>right</align>
				</control>
			</control>
			
		</control>
				
	</include>
</includes>