<fonts>
	<fontset id="Default" unicode="true">
		<font>
			<name>font10</name>
			<filename>Daville.ttf</filename>
			<size>20</size>
		</font>
		<font>
			<name>font12</name>
			<filename>Daville.ttf</filename>
			<size>22</size>
		</font>
		<font>
			<name>font13</name>
			<filename>Daville.ttf</filename>
			<size>23</size>
		</font>
		<font>
			<name>font14</name>
			<filename>Daville.ttf</filename>
			<size>27</size>
		</font>
		<font>
			<name>font15</name>
			<filename>Daville.ttf</filename>
			<size>22</size>
		</font>
		<font>
			<name>font30</name>
			<filename>Daville.ttf</filename>
			<size>38</size>
		</font>
		<font>
			<name>home</name>
			<filename>HomeLabels.ttf</filename>
			<size>87</size>
		</font>
	</fontset>
</fonts>