<window id="139">
	<defaultcontrol>5</defaultcontrol>
	<coordinates>
		<system>1</system>
		<posx>110</posx>
		<posy>110</posy>
	</coordinates>
	<include>dialogeffect</include>
	<controls>
		<control type="image" id="0">
			<posx>-110</posx>
			<posy>-110</posy>
			<width>720</width>
			<height>576</height>
			<texture>black.png</texture>
			<visible>!Window.IsVisible(slideshow)</visible>
			<animation effect="fade" time="2000">WindowOpen</animation>
		</control>
		<control type="image" id="0">
			<description>background image</description>
			<posx>-15</posx>
			<posy>-15</posy>
			<width>520</width>
			<height>420</height>
			<texture>dialog-panel2.png</texture>
			<animation effect="fade" start="70" end="70" time="0" condition="Window.IsVisible(slideshow)">Conditional</animation>
		</control>
		<control type="label" id="1">
			<description>heading label</description>
			<posx>20</posx>
			<posy>10</posy>
			<width>420</width>
			<align>left</align>
			<font>special13</font>
			<label>13406</label>
			<textcolor>dialogheader</textcolor>
		</control>
		<control type="list" id="5">
			<posx>12</posx>
			<posy>45</posy>
			<width>453</width>
			<height>310</height>
			<onleft>60</onleft>
			<onright>60</onright>
			<onup>5</onup>
			<ondown>5</ondown>
			<pagecontrol>60</pagecontrol>
			<scrolltime>200</scrolltime>
			<itemlayout height="31">
				<control type="image">
					<posx>0</posx>
					<posy>0</posy>
					<width>453</width>
					<height>29</height>
					<texture>input-nofocus.png</texture>
				</control>
				<control type="label">
					<posx>5</posx>
					<posy>0</posy>
					<width>443</width>
					<height>29</height>
					<font>font13</font>
					<aligny>center</aligny>
					<selectedcolor>green</selectedcolor>
					<align>left</align>
					<info>ListItem.Label</info>
				</control>
				<control type="label">
					<posx>205</posx>
					<posy>0</posy>
					<width>243</width>
					<height>29</height>
					<font>font13</font>
					<aligny>center</aligny>
					<selectedcolor>green</selectedcolor>
					<align>left</align>
					<info>ListItem.Label2</info>
				</control>
			</itemlayout>
			<focusedlayout height="31">
				<control type="image">
					<posx>0</posx>
					<posy>0</posy>
					<width>453</width>
					<height>29</height>
					<texture>input-nofocus.png</texture>
					<visible>!Control.hasfocus(5)</visible>
				</control>
				<control type="image">
					<posx>0</posx>
					<posy>0</posy>
					<width>453</width>
					<height>29</height>
					<texture>input-focus.png</texture>
					<visible>Control.hasfocus(5)</visible>
				</control>
				<control type="label">
					<posx>5</posx>
					<posy>0</posy>
					<width>443</width>
					<height>29</height>
					<font>font13</font>
					<aligny>center</aligny>
					<selectedcolor>green</selectedcolor>
					<align>left</align>
					<info>ListItem.Label</info>
				</control>
				<control type="label">
					<posx>205</posx>
					<posy>0</posy>
					<width>243</width>
					<height>29</height>
					<font>font13</font>
					<aligny>center</aligny>
					<selectedcolor>green</selectedcolor>
					<align>left</align>
					<info>ListItem.Label2</info>
				</control>
			</focusedlayout>
		</control>
		<control type="button">
			<posx>470</posx>
			<posy>45</posy>
			<include>scrollbar_width</include>
			<height>20</height>
			<colordiffuse>99FFFFFF</colordiffuse>
			<onclick>PageUp(60)</onclick>
			<texturefocus border="4">scrollbar_arrow_up_focus.png</texturefocus>
			<texturenofocus border="4">scrollbar_arrow_up.png</texturenofocus>
			<visible>Control.IsVisible(60)</visible>
		</control>
		<control type="button">
			<posx>470</posx>
			<posy>334</posy>
			<include>scrollbar_width</include>
			<height>20</height>
			<colordiffuse>99FFFFFF</colordiffuse>
			<onclick>PageDown(60)</onclick>
			<texturefocus border="4">scrollbar_arrow_down_focus.png</texturefocus>
			<texturenofocus border="4">scrollbar_arrow_down.png</texturenofocus>
			<visible>Control.IsVisible(60)</visible>
		</control>
		<control type="scrollbar" id="60">
			<posx>470</posx>
			<posy>65</posy>
			<include>scrollbar_width</include>
			<height>269</height>
			<colordiffuse>99FFFFFF</colordiffuse>
			<texturesliderbackground border="4">scrollbar_background.png</texturesliderbackground>
			<texturesliderbar border="4">scrollbar_bar.png</texturesliderbar>
			<texturesliderbarfocus border="4">scrollbar_bar_focus.png</texturesliderbarfocus>
			<textureslidernib>-</textureslidernib>
			<textureslidernibfocus>-</textureslidernibfocus>
			<onleft>5</onleft>
			<onright>5</onright>
			<showonepage>false</showonepage>
			<orientation>vertical</orientation>
		</control>
	</controls>
</window>