<window id="7">
	<defaultcontrol>9000</defaultcontrol>
	<allowoverlay>yes</allowoverlay>
	<controls>
		<control type="image">
			<description>background image</description>
			<posx>0</posx>
			<posy>0</posy>
			<width>720</width>
			<height>88</height>
			<texture>background-settings.png</texture>
		</control>
		<control type="image">
			<description>background image</description>
			<posx>0</posx>
			<posy>88</posy>
			<width>720</width>
			<height>488</height>
			<texture>background-bottom.png</texture>
		</control>
		<control type="label" id="1">
			<description>xbox media center label</description>
			<posx>200</posx>
			<posy>43</posy>
			<align>right</align>
			<label>xbox media center</label>
			<font>special12</font>
			<textcolor>white</textcolor>
		</control>
		<control type="label" id="1">
			<description>description label</description>
			<posx>207</posx>
			<posy>43</posy>
			<align>left</align>
			<label>10007</label>
			<font>special13</font>
			<textcolor>white</textcolor>
		</control>
		<include>contentpanel</include>
		<control type="grouplist" id="9000">
			<posx>20</posx>
			<posy>100</posy>
			<onup>9000</onup>
			<ondown>9000</ondown>
			<include>buttonpanelslide</include>
			<control type="button" id="100">
				<description>Button Default Values</description>
				<posx>-</posx>
				<posy>-</posy>
				<label>128</label>
				<font>font13</font>
				<align>Left</align>
			</control>
			<control type="button" id="101">
				<description>Button Storage</description>
				<posx>-</posx>
				<posy>-</posy>
				<label>13277</label>
				<font>font13</font>
				<align>Left</align>
			</control>
			<control type="button" id="102">
				<description>Button HDD</description>
				<posx>-</posx>
				<posy>-</posy>
				<label>13275</label>
				<font>font13</font>
				<align>Left</align>
			</control>
			<control type="button" id="103">
				<description>Button DVD</description>
				<posx>-</posx>
				<posy>-</posy>
				<label>13276</label>
				<font>font13</font>
				<align>Left</align>
			</control>
			<control type="button" id="104">
				<description>Button Network</description>
				<posx>-</posx>
				<posy>-</posy>
				<label>13279</label>
				<font>font13</font>
				<align>Left</align>
			</control>
			<control type="button" id="105">
				<description>Button VIDEO</description>
				<posx>-</posx>
				<posy>-</posy>
				<label>13280</label>
				<font>font13</font>
				<align>Left</align>
			</control>
			<control type="button" id="106">
				<description>Button XBOX Hardware</description>
				<posx>-</posx>
				<posy>-</posy>
				<label>13281</label>
				<font>font13</font>
				<align>Left</align>
			</control>
		</control>
		<control type="group">
			<description>Default Contents</description>
			<include>contentpanelslide</include>
			<visible>ControlGroup(9000).HasFocus(100)</visible>
			<control type="label">
				<description>Section Label</description>
				<posx>190</posx>
				<posy>100</posy>
				<font>font13</font>
				<label>20154</label>
			</control>
			<control type="label">
				<description>Label 2</description>
				<posx>190</posx>
				<posy>130</posy>
        <label>$LOCALIZE[13271] $INFO[system.cpuusage]</label>
        <font>font13</font>
				<textcolor>grey</textcolor>
			</control>
			<control type="progress">
				<description>bar diagram cpu usage</description>
				<info>bar.cpuusage</info>
				<visible>true</visible>
				<posx>190</posx>
				<posy>158</posy>
				<width>490</width>
				<height>9</height>
				<texturebg>progress_back.png</texturebg>
				<lefttexture>-</lefttexture>
				<midtexture>progress_mid.png</midtexture>
				<righttexture>-</righttexture>
				<overlaytexture>-</overlaytexture>
			</control>
			<control type="label">
				<description>Label 3</description>
				<posx>190</posx>
				<posy>173</posy>
				<label>$LOCALIZE[139] $LOCALIZE[22011] $INFO[system.cputemperature]  -  $LOCALIZE[22010] $INFO[system.gputemperature]</label>
				<font>font13</font>
				<textcolor>grey</textcolor>
			</control>
			<control type="label">
				<description>Label 4</description>
				<posx>190</posx>
				<posy>201</posy>
				<label>$LOCALIZE[13300]: $INFO[system.fanspeed]</label>
				<font>font13</font>
				<textcolor>grey</textcolor>
			</control>
			<control type="label">
				<description>Label 5</description>
				<posx>190</posx>
				<posy>229</posy>
				<label>$LOCALIZE[158] : $INFO[system.freememory]</label>
				<font>font13</font>
				<textcolor>grey</textcolor>
			</control>
			<control type="label">
				<description>Label 5</description>
				<posx>680</posx>
				<posy>229</posy>
				<align>right</align>
				<label>$LOCALIZE[20161] : $INFO[system.memory(total)]</label>
				<font>font13</font>
				<textcolor>grey</textcolor>
			</control>
			<control type="progress">
				<description>bar diagram free memory</description>
				<info>bar.freememory</info>
				<visible>true</visible>
				<posx>190</posx>
				<posy>257</posy>
				<width>490</width>
				<height>9</height>
				<texturebg>progress_back.png</texturebg>
				<lefttexture>-</lefttexture>
				<midtexture>progress_mid.png</midtexture>
				<righttexture>-</righttexture>
				<overlaytexture>-</overlaytexture>
			</control>
			<control type="label">
				<description>Label 6</description>
				<posx>190</posx>
				<posy>272</posy>
        <label>$LOCALIZE[150]: $INFO[Network.IPAddress]</label>
        <font>font13</font>
				<textcolor>grey</textcolor>
			</control>
			<control type="label">
				<description>Label 7</description>
				<posx>190</posx>
				<posy>300</posy>
				<label>$INFO[system.screenresolution]</label>
				<font>font13</font>
				<textcolor>grey</textcolor>
			</control>
			<control type="label">
				<description>Label 8</description>
				<posx>190</posx>
				<posy>328</posy>
				<label>$LOCALIZE[13283] $INFO[system.kernelversion]</label>
				<font>font13</font>
				<textcolor>grey</textcolor>
			</control>
			<control type="label">
				<description>Label 9</description>
				<posx>190</posx>
				<posy>356</posy>
				<label>$LOCALIZE[12390]: $INFO[system.uptime]</label>
				<font>font13</font>
				<textcolor>grey</textcolor>
			</control>
			<control type="label">
				<description>Label 10</description>
				<posx>190</posx>
				<posy>384</posy>
				<label>$LOCALIZE[12394]: $INFO[system.totaluptime]</label>
				<font>font13</font>
				<textcolor>grey</textcolor>
			</control>
		</control>
		<control type="group">
			<description>Storage Contents</description>
			<include>contentpanelslide</include>
			<visible>ControlGroup(9000).HasFocus(101)</visible>
			<control type="label">
				<description>Section Label</description>
				<posx>190</posx>
				<posy>100</posy>
				<font>font13</font>
				<label>20155</label>
			</control>
			<control type="label">
				<description>Label 2</description>
				<posx>190</posx>
				<posy>130</posy>
				<label>$INFO[system.dvdtraystate]</label>
				<font>font13</font>
				<textcolor>grey</textcolor>
			</control>
			<control type="label">
				<description>Label 3</description>
				<posx>190</posx>
				<posy>158</posy>
				<label>$INFO[system.freespace(c)]</label>
				<font>font13</font>
				<textcolor>grey</textcolor>
			</control>
			<control type="label">
				<description>Label 3</description>
				<posx>680</posx>
				<posy>158</posy>
				<align>right</align>
				<label>$INFO[system.totalspace(c)]</label>
				<font>font13</font>
				<textcolor>grey</textcolor>
			</control>
			<control type="progress">
				<description>bar Free Space c:</description>
				<info>bar.freespace(c)</info>
				<visible>true</visible>
				<posx>190</posx>
				<posy>184</posy>
				<width>490</width>
				<height>9</height>
				<texturebg>progress_back.png</texturebg>
				<lefttexture>-</lefttexture>
				<midtexture>progress_mid.png</midtexture>
				<righttexture>-</righttexture>
				<overlaytexture>-</overlaytexture>
			</control>
			<control type="label">
				<description>Label 4</description>
				<posx>190</posx>
				<posy>196</posy>
				<label>$INFO[system.freespace(e)]</label>
				<font>font13</font>
				<textcolor>grey</textcolor>
			</control>
			<control type="label">
				<description>Label 4</description>
				<posx>680</posx>
				<posy>196</posy>
				<align>right</align>
				<label>$INFO[system.totalspace(e)]</label>
				<font>font13</font>
				<textcolor>grey</textcolor>
			</control>
			<control type="progress">
				<description>bar Free Space e:</description>
				<info>bar.freespace(e)</info>
				<visible>true</visible>
				<posx>190</posx>
				<posy>222</posy>
				<width>490</width>
				<height>9</height>
				<texturebg>progress_back.png</texturebg>
				<lefttexture>-</lefttexture>
				<midtexture>progress_mid.png</midtexture>
				<righttexture>-</righttexture>
				<overlaytexture>-</overlaytexture>
			</control>
			<control type="group">
				<visible>System.HasDriveF</visible>
				<control type="label">
					<description>Label 5</description>
					<posx>190</posx>
					<posy>234</posy>
					<label>$INFO[system.freespace(f)]</label>
					<font>font13</font>
					<textcolor>grey</textcolor>
				</control>
				<control type="label">
					<description>Label 5</description>
					<posx>680</posx>
					<posy>234</posy>
					<align>right</align>
					<label>$INFO[system.totalspace(f)]</label>
					<font>font13</font>
					<textcolor>grey</textcolor>
				</control>
				<control type="progress">
					<description>bar Free Space f:</description>
					<info>bar.freespace(f)</info>
					<visible>true</visible>
					<posx>190</posx>
					<posy>260</posy>
					<width>490</width>
					<height>9</height>
					<texturebg>progress_back.png</texturebg>
					<lefttexture>-</lefttexture>
					<midtexture>progress_mid.png</midtexture>
					<righttexture>-</righttexture>
					<overlaytexture>-</overlaytexture>
				</control>
			</control>
			<control type="group">
				<visible>System.HasDriveG</visible>
				<control type="label">
					<description>Label 6</description>
					<posx>190</posx>
					<posy>272</posy>
					<label>$INFO[system.freespace(g)]</label>
					<font>font13</font>
					<textcolor>grey</textcolor>
				</control>
				<control type="label">
					<description>Label 10</description>
					<posx>680</posx>
					<posy>272</posy>
					<align>right</align>
					<label>$INFO[system.totalspace(g)]</label>
					<font>font13</font>
					<textcolor>grey</textcolor>
				</control>
				<control type="progress">
					<description>bar Free Space g:</description>
					<info>bar.freespace(g)</info>
					<visible>true</visible>
					<posx>190</posx>
					<posy>298</posy>
					<width>490</width>
					<height>9</height>
					<texturebg>progress_back.png</texturebg>
					<lefttexture>-</lefttexture>
					<midtexture>progress_mid.png</midtexture>
					<righttexture>-</righttexture>
					<overlaytexture>-</overlaytexture>
				</control>
			</control>
			<control type="group">
				<animation effect="slide" time="0" end="0,-38" condition="!System.HasDriveF">conditional</animation>
				<animation effect="slide" time="0" end="0,-38" condition="!System.HasDriveG">conditional</animation>
				<control type="label">
					<description>Label 7</description>
					<posx>190</posx>
					<posy>310</posy>
					<label>$INFO[system.freespace(x)]</label>
					<font>font13</font>
					<textcolor>grey</textcolor>
				</control>
				<control type="label">
					<description>Label 8</description>
					<posx>190</posx>
					<posy>338</posy>
					<label>$INFO[system.freespace(y)]</label>
					<font>font13</font>
					<textcolor>grey</textcolor>
				</control>
				<control type="label">
					<description>Label 9</description>
					<posx>190</posx>
					<posy>366</posy>
					<label>$INFO[system.freespace(z)]</label>
					<font>font13</font>
					<textcolor>grey</textcolor>
				</control>
				<control type="label">
					<description>Label 10</description>
					<posx>190</posx>
					<posy>394</posy>
					<label>$LOCALIZE[20161]: $INFO[system.freespace]</label>
					<font>font13</font>
					<textcolor>grey</textcolor>
				</control>
				<control type="label">
					<description>Label 10</description>
					<posx>680</posx>
					<posy>394</posy>
					<align>right</align>
					<label>$LOCALIZE[20161]: $INFO[system.totalspace]</label>
					<font>font13</font>
					<textcolor>grey</textcolor>
				</control>
				<control type="progress">
					<description>bar Free Space Total</description>
					<info>bar.freespace</info>
					<visible>true</visible>
					<posx>190</posx>
					<posy>420</posy>
					<width>490</width>
					<height>9</height>
					<texturebg>progress_back.png</texturebg>
					<lefttexture>-</lefttexture>
					<midtexture>progress_mid.png</midtexture>
					<righttexture>-</righttexture>
					<overlaytexture>-</overlaytexture>
				</control>
			</control>
		</control>
		<control type="group">
			<description>HardDisk Contents</description>
			<include>contentpanelslide</include>
			<visible>ControlGroup(9000).HasFocus(102)</visible>
			<control type="label">
				<description>Section Label</description>
				<posx>190</posx>
				<posy>100</posy>
				<font>font13</font>
				<label>20156</label>
			</control>
			<control type="label">
				<description>Label 2</description>
				<posx>190</posx>
				<posy>130</posy>
				<label>$INFO[system.hddinfomodel]</label>
				<font>font13</font>
				<textcolor>grey</textcolor>
			</control>
			<control type="label">
				<description>Label 3</description>
				<posx>190</posx>
				<posy>158</posy>
				<label>$INFO[system.hddinfoserial]</label>
				<font>font13</font>
				<textcolor>grey</textcolor>
			</control>
			<control type="label">
				<description>Label 4</description>
				<posx>190</posx>
				<posy>186</posy>
				<label>$INFO[system.hddinfofirmware]</label>
				<font>font13</font>
				<textcolor>grey</textcolor>
			</control>
			<control type="label">
				<description>Label 5</description>
				<posx>190</posx>
				<posy>214</posy>
				<label>$INFO[system.hddinfopw]</label>
				<font>font13</font>
				<textcolor>grey</textcolor>
			</control>
			<control type="label">
				<description>Label 6</description>
				<posx>190</posx>
				<posy>242</posy>
				<label>$INFO[system.hddinfolockstate]</label>
				<font>font13</font>
				<textcolor>grey</textcolor>
			</control>
			<control type="label">
				<description>Label 7</description>
				<posx>190</posx>
				<posy>270</posy>
				<label>$INFO[system.hddlockkey]</label>
				<font>font13</font>
				<textcolor>grey</textcolor>
			</control>
			<control type="label">
				<description>Label 8</description>
				<posx>190</posx>
				<posy>298</posy>
				<label>$INFO[system.hddbootdate]</label>
				<font>font13</font>
				<textcolor>grey</textcolor>
			</control>
			<control type="label">
				<description>Label 9</description>
				<posx>190</posx>
				<posy>326</posy>
				<label>$INFO[system.hddcyclecount]</label>
				<font>font13</font>
				<textcolor>grey</textcolor>
			</control>
			<control type="label">
				<description>Label 10</description>
				<posx>190</posx>
				<posy>354</posy>
				<label>$INFO[system.hddtemperature]</label>
				<font>font13</font>
				<textcolor>grey</textcolor>
			</control>
		</control>
		<control type="group">
			<description>DVD-ROM Contents</description>
			<include>contentpanelslide</include>
			<visible>ControlGroup(9000).HasFocus(103)</visible>
			<control type="label">
				<description>Section Label</description>
				<posx>190</posx>
				<posy>100</posy>
				<font>font13</font>
				<label>20157</label>
			</control>
			<control type="label">
				<description>Label 2</description>
				<posx>190</posx>
				<posy>130</posy>
				<label>$INFO[system.dvdinfomodel]</label>
				<font>font13</font>
				<textcolor>grey</textcolor>
			</control>
			<control type="label">
				<description>Label 3</description>
				<posx>190</posx>
				<posy>158</posy>
				<label>$INFO[system.dvdinfofirmware]</label>
				<font>font13</font>
				<textcolor>grey</textcolor>
			</control>
			<control type="label">
				<description>Label 4</description>
				<posx>190</posx>
				<posy>186</posy>
				<label>$INFO[system.dvdzone]</label>
				<font>font13</font>
				<textcolor>grey</textcolor>
			</control>
			<control type="label">
				<description>Label 5</description>
				<posx>190</posx>
				<posy>214</posy>
				<label>$INFO[system.dvdtraystate]</label>
				<font>font13</font>
				<textcolor>grey</textcolor>
			</control>
		</control>
		<control type="group">
			<description>Network Contents</description>
			<include>contentpanelslide</include>
			<visible>ControlGroup(9000).HasFocus(104)</visible>
			<control type="label">
				<description>Section Label</description>
				<posx>190</posx>
				<posy>100</posy>
				<font>font13</font>
				<label>20158</label>
			</control>
			<control type="label">
				<description>Label 2</description>
				<posx>190</posx>
				<posy>130</posy>
				<label>$INFO[network.isdhcp]</label>
				<font>font13</font>
				<textcolor>grey</textcolor>
			</control>
			<control type="label">
				<description>Label 3</description>
				<posx>190</posx>
				<posy>158</posy>
				<label>$INFO[network.linkstate]</label>
				<font>font13</font>
				<textcolor>grey</textcolor>
			</control>
			<control type="label">
				<description>Label 4</description>
				<posx>190</posx>
				<posy>186</posy>
				<label>$INFO[network.macadress]</label>
				<font>font13</font>
				<textcolor>grey</textcolor>
			</control>
			<control type="label">
				<description>Label 5</description>
				<posx>190</posx>
				<posy>214</posy>
        <label>$LOCALIZE[150]: $INFO[Network.IPAddress]</label>
        <font>font13</font>
				<textcolor>grey</textcolor>
			</control>
			<control type="label">
				<description>Label 6</description>
				<posx>190</posx>
				<posy>242</posy>
				<label>$INFO[network.subetadress]</label>
				<font>font13</font>
				<textcolor>grey</textcolor>
			</control>
			<control type="label">
				<description>Label 7</description>
				<posx>190</posx>
				<posy>270</posy>
				<label>$LOCALIZE[13160]: $INFO[network.gatewayadress]</label>
				<font>font13</font>
				<textcolor>grey</textcolor>
			</control>
			<control type="label">
				<description>Label 8</description>
				<posx>190</posx>
				<posy>298</posy>
				<label>$LOCALIZE[13161]: $INFO[network.dns1adress]</label>
				<font>font13</font>
				<textcolor>grey</textcolor>
			</control>
			<control type="label">
				<description>Label 9</description>
				<posx>190</posx>
				<posy>326</posy>
				<label>$LOCALIZE[20307]: $INFO[network.dns2adress]</label>
				<font>font13</font>
				<textcolor>grey</textcolor>
			</control>
			<control type="label">
				<description>Label 10</description>
				<posx>190</posx>
				<posy>354</posy>
				<label>$LOCALIZE[13295] $INFO[system.internetstate]</label>
				<font>font13</font>
				<textcolor>grey</textcolor>
			</control>
		</control>
		<control type="group">
			<description>Video Contents</description>
			<include>contentpanelslide</include>
			<visible>ControlGroup(9000).HasFocus(105)</visible>
			<control type="label">
				<description>Section Label</description>
				<posx>190</posx>
				<posy>100</posy>
				<font>font13</font>
				<label>20159</label>
			</control>
			<control type="label">
				<description>Label 2</description>
				<posx>190</posx>
				<posy>130</posy>
				<label>$INFO[system.videoencoderinfo]</label>
				<font>font13</font>
				<textcolor>grey</textcolor>
			</control>
			<control type="label">
				<description>Label 3</description>
				<posx>190</posx>
				<posy>158</posy>
				<label>$INFO[system.screenresolution]</label>
				<font>font13</font>
				<textcolor>grey</textcolor>
			</control>
			<control type="label">
				<description>Label 4</description>
				<posx>190</posx>
				<posy>186</posy>
				<label>$INFO[system.avpackinfo]</label>
				<font>font13</font>
				<textcolor>grey</textcolor>
			</control>
			<control type="label">
				<description>Label 5</description>
				<posx>190</posx>
				<posy>214</posy>
				<label>$INFO[system.xberegion]</label>
				<font>font13</font>
				<textcolor>grey</textcolor>
			</control>
		</control>
		<control type="group">
			<description>Hardware Contents</description>
			<include>contentpanelslide</include>
			<visible>ControlGroup(9000).HasFocus(106)</visible>
			<control type="label">
				<description>Section Label</description>
				<posx>190</posx>
				<posy>100</posy>
				<font>font13</font>
				<label>20160</label>
			</control>
			<control type="label">
				<description>Label 2</description>
				<posx>190</posx>
				<posy>130</posy>
				<label>$INFO[system.xboxversion]</label>
				<font>font13</font>
				<textcolor>grey</textcolor>
			</control>
			<control type="label">
				<description>Label 3</description>
				<posx>190</posx>
				<posy>158</posy>
				<label>$INFO[system.xboxserial]</label>
				<font>font13</font>
				<textcolor>grey</textcolor>
			</control>
			<control type="label">
				<description>Label 4</description>
				<posx>190</posx>
				<posy>186</posy>
				<label>$LOCALIZE[13284] $INFO[system.cpufrequency]</label>
				<font>font13</font>
				<textcolor>grey</textcolor>
			</control>
			<control type="label">
				<description>Label 5</description>
				<posx>190</posx>
				<posy>214</posy>
				<label>$INFO[system.modchip]</label>
				<font>font13</font>
				<textcolor>grey</textcolor>
			</control>
			<control type="label">
				<description>Label 6</description>
				<posx>190</posx>
				<posy>242</posy>
				<label>$INFO[system.bios]</label>
				<font>font13</font>
				<textcolor>grey</textcolor>
			</control>
			<control type="label">
				<description>Label 7</description>
				<posx>190</posx>
				<posy>270</posy>
				<label>$INFO[system.xboxproduceinfo]</label>
				<font>font13</font>
				<textcolor>grey</textcolor>
			</control>
			<control type="label">
				<description>Label 8</description>
				<posx>190</posx>
				<posy>298</posy>
				<label>$INFO[system.controllerport(1)]</label>
				<font>font13</font>
				<textcolor>grey</textcolor>
			</control>
			<control type="label">
				<description>Label 9</description>
				<posx>190</posx>
				<posy>326</posy>
				<label>$INFO[system.controllerport(2)]</label>
				<font>font13</font>
				<textcolor>grey</textcolor>
			</control>
			<control type="label">
				<description>Label 10</description>
				<posx>190</posx>
				<posy>354</posy>
				<label>$INFO[system.controllerport(3)]</label>
				<font>font13</font>
				<textcolor>grey</textcolor>
			</control>
			<control type="label">
				<description>Label 11</description>
				<posx>190</posx>
				<posy>382</posy>
				<label>$INFO[system.controllerport(4)]</label>
				<font>font13</font>
				<textcolor>grey</textcolor>
			</control>
		</control>
		<control type="group">
			<description>Misc Values</description>
			<include>contentpanelslide</include>
			<control type="label" id="50">
				<description>Current Time</description>
				<posx>190</posx>
				<posy>445</posy>
				<label>143</label>
				<font>font12</font>
				<textcolor>grey</textcolor>
			</control>
			<control type="label" id="52">
				<description>XBMC XBE BUILD Version</description>
				<posx>190</posx>
				<posy>470</posy>
				<label>144</label>
				<font>font12</font>
				<textcolor>grey</textcolor>
			</control>
			<control type="label" id="53">
				<description>Mplayer DLL Version</description>
				<posx>190</posx>
				<posy>495</posy>
				<label>144</label>
				<font>font12</font>
				<textcolor>grey</textcolor>
			</control>
		</control>
	</controls>
</window>