<window id="2005">
 <defaultcontrol>-</defaultcontrol>
	<controls>
		<!-- codec infos -->
		<control type="image" id="0">
			<description>media info background image</description>
			<posx>-10</posx>
			<posy>40</posy>
			<width>740</width>
			<height>90</height>
			<texture>osd_menu_bg.png</texture>
		</control>
		<control type="label" id="10">
			<description>row 1 label</description>
			<posx>50</posx>
			<posy>50</posy>
			<label>-</label>
			<align>left</align>
			<font>font12</font>
		</control>
		<control type="label" id="11">
			<description>row 2 label</description>
			<posx>50</posx>
			<posy>75</posy>
			<label>-</label>
			<align>left</align>
			<font>font12</font>
		</control>
		<control type="label" id="12">
			<description>row 3 label</description>
			<posx>50</posx>
			<posy>100</posy>
			<label>-</label>
			<align>left</align>
			<font>font12</font>
		</control>
		
		<!-- buffering dialog -->
		<control type="label" id="24">
			<description>buffering label</description>
			<posx>210</posx>
			<posy>520</posy>
			<label>15107</label>
			<width>291</width>
			<align>center</align>
			<font>font12</font>
			<textcolor>white</textcolor>
		</control>

		<control type="group" id="1">
			<posx>-10</posx>
			<posy>410</posy>
			<visible>Player.ShowInfo</visible>
			<control type="image" id="1">
				<description>media info background image</description>
				<posx>0</posx>
				<posy>0</posy>
				<width>740</width>
				<height>120</height>
				<texture>osd_menu_bg.png</texture>
			</control>
			<control type="image" id="1">
				<description>cover image</description>
				<posx>50</posx>
				<posy>0</posy>
				<width>100</width>
				<height>120</height>
				<info>videoplayer.cover</info>
				<aspectratio>keep</aspectratio>
			</control>
			<control type="label" id="1">
				<description>Current System Time label</description>
				<width>100</width>
				<posx>680</posx>
				<posy>5</posy>
				<info>System.Time</info>
				<align>right</align>
				<textcolor>green</textcolor>
				<font>special13</font>
			</control>
			<control type="group" id="1">
				<visible>!videoplayer.content(episodes)</visible>
				<control type="label" id="1">
					<description>current_event_name</description>
					<width>420</width>
					<posx>160</posx>
					<posy>5</posy>
					<info>VideoPlayer.Title</info>
					<align>left</align>
					<font>special13</font>
				</control>
				<control type="label" id="1">
					<description>NonTV current_event_description</description>
					<width>520</width>
					<posx>160</posx>
					<posy>30</posy>
					<info>VideoPlayer.Genre</info>
					<align>left</align>
					<font>special12</font>
				</control>
				<control type="label" id="1">
					<description>NonTV current_event_details</description>
					<width>520</width>
					<posx>160</posx>
					<posy>60</posy>
					<info>VideoPlayer.Director</info>
					<align>left</align>
					<font>font10</font>
				</control>
			</control>
			<control type="group" id="1">
				<visible>videoplayer.content(episodes)</visible>
				<control type="label" id="1">
					<description>current_event_name</description>
					<width>420</width>
					<posx>160</posx>
					<posy>5</posy>
					<info>VideoPlayer.tvshowtitle</info>
					<align>left</align>
					<font>special12</font>
				</control>
				<control type="label" id="1">
					<description>TV current_event_description</description>
					<width>520</width>
					<posx>160</posx>
					<posy>30</posy>
					<info>VideoPlayer.Title</info>
					<align>left</align>
					<font>special13</font>
				</control>
				<control type="label" id="1">
					<description>TV current_event_details</description>
					<width>520</width>
					<posx>160</posx>
					<posy>60</posy>
					<label>$LOCALIZE[20373] $INFO[VideoPlayer.Season] - $LOCALIZE[20359] $INFO[VideoPlayer.episode]</label>
					<align>left</align>
					<font>font10</font>
				</control>
			</control>
			<control type="label" id="1">
				<description>time label</description>
				<width>520</width>
				<posx>160</posx>
				<posy>80</posy>
				<label>$INFO[VideoPlayer.Time]$INFO[Player.Duration, / ]</label>
				<align>left</align>
				<font>font10</font>
			</control>
			<control type="label" id="1">
				<description>Chapter Pos No</description>
				<width>200</width>
				<posx>680</posx>
				<posy>80</posy>
				<label>$INFO[player.chapter,$LOCALIZE[21396] ]$INFO[player.chaptercount, / ]</label>
				<visible>player.chaptercount</visible>
				<align>right</align>
				<font>font10</font>
			</control>
			<control type="progress" id="1">
				<description>Progressbar</description>
				<posx>160</posx>
				<posy>105</posy>
				<width>520</width>
				<height>5</height>
				<info>Player.Progress</info>
				<texturebg>progress_back.png</texturebg>
				<lefttexture>progress_left.png</lefttexture>
				<midtexture>progress_mid.png</midtexture>
				<righttexture>progress_right.png</righttexture>
				<overlaytexture>-</overlaytexture>
				<visible>true</visible>
			</control>
		</control>
	</controls>
</window>