<window id="123">
	<defaultcontrol>2</defaultcontrol>
	<animation effect="fade" time="400">WindowOpen</animation>
	<animation effect="fade" time="400">WindowClose</animation>
	<coordinates>
		<system>1</system>
		<posx>232</posx>
		<posy>140</posy>
	</coordinates>
	<controls>
		<control type="image" id="1">
			<description>background image</description>
			<posx>-25</posx>
			<posy>-11</posy>
			<width>446</width>
			<height>405</height>
			<texture>dialog-panel2.png</texture>
			<colordiffuse>AAFFFFFF</colordiffuse>
		</control>
		<control type="label" id="2">
			<description>Settings Label</description>
			<posx>0</posx>
			<posy>2</posy>
			<width>420</width>
			<align>left</align>
			<font>special13</font>
			<textcolor>dialogheader</textcolor>
		</control>
		<control type="label" id="3">
			<description>No Settings Label</description>
			<posx>0</posx>
			<posy>170</posy>
			<width>408</width>
			<align>center</align>
			<label>13390</label>
			<font>font12</font>
		</control>
		<control type="spincontrol" id="60">
			<description>Next page button</description>
			<posx>371</posx>
			<posy>8</posy>
			<subtype>page</subtype>
			<font>font12</font>
			<onleft>5</onleft>
			<onright>28</onright>
			<ondown>5</ondown>
			<onup>28</onup>
			<include>homemisc</include>
			<showonepage>false</showonepage>
		</control>
		<control type="grouplist" id="5">
			<description>control area</description>
			<posx>-1</posx>
			<posy>40</posy>
			<width>408</width>
			<height>310</height>
			<itemgap>0</itemgap>
			<pagecontrol>60</pagecontrol>
			<include>homemisc</include>
			<onleft>28</onleft>
			<onright>60</onright>
			<onup>5</onup>
			<ondown>5</ondown>
		</control>
		<control type="button" id="7">
			<description>Default Button</description>
			<posx>530</posx>
			<posy>150</posy>
			<height>31</height>
			<font>font12</font>
			<textoffsetx>12</textoffsetx>
			<aligny>center</aligny>
			<texturefocus>list-focus.png</texturefocus>
			<texturenofocus>-</texturenofocus>
		</control>
		<control type="radiobutton" id="8">
			<description>Default RadioButton</description>
			<posx>530</posx>
			<posy>150</posy>
			<height>31</height>
			<font>font12</font>
			<texturefocus>list-focus.png</texturefocus>
			<texturenofocus>-</texturenofocus>
			<textoffsetx>12</textoffsetx>
			<aligny>center</aligny>
			<textureradiofocus>settings-check-box.png</textureradiofocus>
			<textureradionofocus>settings-check-boxNF.png</textureradionofocus>
		</control>
		<control type="spincontrolex" id="9">
			<description>Default SpinControlex</description>
			<posx>530</posx>
			<posy>150</posy>
			<height>31</height>
			<width>300</width>
			<texturefocus>list-focus.png</texturefocus>
			<texturenofocus>-</texturenofocus>
			<textureup>scroll-up.png</textureup>
			<texturedown>scroll-down.png</texturedown>
			<textureupfocus>scroll-up-focus.png</textureupfocus>
			<texturedownfocus>scroll-down-focus.png</texturedownfocus>
			<font>font12</font>
			<textcolor>white</textcolor>
			<disabledcolor>disabled</disabledcolor>
			<textoffsetx>12</textoffsetx>
			<aligny>center</aligny>
			<reverse>yes</reverse>
		</control>
		<control type="sliderex" id="10">
			<description>Default Slider</description>
			<posx>530</posx>
			<posy>150</posy>
			<height>31</height>
			<width>300</width>
			<texturefocus>list-focus.png</texturefocus>
			<texturenofocus>-</texturenofocus>
			<sliderwidth>100</sliderwidth>
			<sliderheight>20</sliderheight>
			<texturesliderbar>osd_slider_bg.png</texturesliderbar>
			<textureslidernib>osd_slider_nibNF.png</textureslidernib>
			<textureslidernibfocus>osd_slider_nibFO.png</textureslidernibfocus>
			<font>font12</font>
			<textcolor>white</textcolor>
			<disabledcolor>disabled</disabledcolor>
			<textoffsetx>12</textoffsetx>
		</control>
		<control type="image" id="11">
			<description>separator image</description>
			<width>350</width>
			<height>5</height>
			<texture>separatorOSD.png</texture>
		</control>
	</controls>
</window>