<window id="2801">
 <defaultcontrol>213</defaultcontrol>
 <animation effect="fade" start="0" time="300">WindowOpen</animation>
 <animation effect="fade" end="0" time="300">WindowClose</animation>

 <coordinates>
  <system>1</system>
  <posx>112</posx>
  <posy>491</posy>
 </coordinates>

 <controls>

  <control type="image">
   <description>Panel</description>
   <posx>-17</posx>
   <posy>-8</posy>
   <height>106</height>
   <width>496</width>
   <texture>osd-panel.png</texture>
  </control>

<!-- Start OSD Text Without DVD Menu Option -->

  <control type="label">
   <description>back text nf</description>
   <posx>2</posx>
   <posy>28</posy>
   <font>font11</font>
   <include>net-back</include>
   <include>osd-nf</include>
  </control>

  <control type="label">
   <description>back text fo</description>
   <posx>2</posx>
   <posy>28</posy>
   <font>font11</font>
   <include>button-text</include>
   <include>net-back</include>
   <visible>Control.HasFocus(210)</visible>
  </control>

  <control type="label">
   <description>stop text nf</description>
   <posx>44</posx>
   <posy>28</posy>
   <font>font11</font>
   <include>net-stop</include>
   <include>osd-nf</include>
  </control>

  <control type="label">
   <description>stop text fo</description>
   <posx>44</posx>
   <posy>28</posy>
   <font>font11</font>
   <include>button-text</include>
   <include>net-stop</include>
   <visible>Control.HasFocus(211)</visible>
  </control>

  <control type="label">
   <description>forward text nf</description>
   <posx>88</posx>
   <posy>28</posy>
   <font>font11</font>
   <include>net-fwd</include>
   <include>osd-nf</include>
  </control>

  <control type="label">
   <description>forward text fo</description>
   <posx>88</posx>
   <posy>28</posy>
   <font>font11</font>
   <include>button-text</include>
   <include>net-fwd</include>
   <visible>Control.HasFocus(215)</visible>
  </control>

  <control type="label">
   <description>reload text nf</description>
   <posx>160</posx>
   <posy>28</posy>
   <font>font11</font>
   <include>net-reload</include>
   <include>osd-nf</include>
  </control>

  <control type="label">
   <description>reload text fo</description>
   <posx>160</posx>
   <posy>28</posy>
   <font>font11</font>
   <include>button-text</include>
   <include>net-reload</include>
   <visible>Control.HasFocus(214)</visible>
  </control>

  <control type="label">
   <description>url text nf</description>
   <posx>220</posx>
   <posy>28</posy>
   <font>font11</font>
   <include>net-url</include>
   <include>osd-nf</include>
  </control>

  <control type="label">
   <description>url text fo</description>
   <posx>220</posx>
   <posy>28</posy>
   <font>font11</font>
   <include>button-text</include>
   <include>net-url</include>
   <visible>Control.HasFocus(213)</visible>
  </control>

  <control type="label">
   <description>history text nf</description>
   <posx>254</posx>
   <posy>28</posy>
   <font>font11</font>
   <include>osd-nf</include>
   <include>net-history</include>
  </control>

  <control type="label">
   <description>history text fo</description>
   <posx>254</posx>
   <posy>28</posy>
   <font>font11</font>
   <include>button-text</include>
   <include>net-history</include>
   <visible>Control.HasFocus(500)</visible>
  </control>

  <control type="label">
   <description>settings text nf</description>
   <posx>315</posx>
   <posy>28</posy>
   <font>font11</font>
   <include>osd-nf</include>
   <include>net-settings</include>
  </control>

  <control type="label">
   <description>settings text fo</description>
   <posx>315</posx>
   <posy>28</posy>
   <font>font11</font>
   <include>button-text</include>
   <include>net-settings</include>
   <visible>Control.HasFocus(219)</visible>
  </control>

  <control type="label">
   <description>bookmarks text nf</description>
   <posx>385</posx>
   <posy>28</posy>
   <font>font11</font>
   <include>osd-nf</include>
   <include>net-bookmarks</include>
  </control>

  <control type="label">
   <description>bookmarks text fo</description>
   <posx>385</posx>
   <posy>28</posy>
   <font>font11</font>
   <include>button-text</include>
   <include>net-bookmarks</include>
   <visible>Control.HasFocus(220)</visible>
  </control>

<!-- End OSD Text -->

  <control type="button" id="210">
   <description>Back</description>
   <posx>23</posx>
   <posy>26</posy>
   <width>45</width>
   <height>50</height>
   <texturefocus></texturefocus>
   <texturenofocus></texturenofocus>
   <onclick>XBMC.WebBrowserControl(Back)</onclick>
   <textoffsetx>0</textoffsetx>
   <textoffsety>0</textoffsety>
   <include>button-text</include>
   <include>skipback</include>
   <font>-</font>
   <onleft>220</onleft>
   <onright>211</onright>
   <onup>210</onup>
   <ondown>210</ondown>
  </control>

  <control type="button" id="211">
   <description>stop</description>
   <posx>58</posx>
   <posy>26</posy>
   <width>45</width>
   <height>50</height>
   <texturefocus></texturefocus>
   <texturenofocus></texturenofocus>
   <label>-</label>
   <font>-</font>
   <onleft>210</onleft>
   <onright>215</onright>
   <onup>211</onup>
   <ondown>211</ondown>
   <onclick>XBMC.WebBrowserControl(Stop)</onclick>
  </control>
  
  <control type="button" id="215">
   <description>Forward</description>
   <posx>163</posx>
   <posy>26</posy>
   <width>45</width>
   <height>50</height>
   <texturefocus></texturefocus>
   <texturenofocus></texturenofocus>
   <onclick>XBMC.WebBrowserControl(Forward)</onclick>
   <label>-</label>
   <font>-</font>
   <onleft>211</onleft>
   <onright>214</onright>
   <onup>215</onup>
   <ondown>215</ondown>
  </control>


  <control type="button" id="214">
   <description>Reload</description>
   <posx>128</posx>
   <posy>26</posy>
   <width>45</width>
   <height>50</height>
   <texturefocus></texturefocus>
   <texturenofocus></texturenofocus>
   <label>-</label>
   <font>-</font>
   <onleft>215</onleft>
   <onright>213</onright>
   <onup>214</onup>
   <ondown>214</ondown>
   <onclick>XBMC.WebBrowserControl(Reload)</onclick>
  </control>

  <control type="button" id="213">
   <description>url</description>
   <posx>93</posx>
   <posy>28</posy>
   <texturefocus></texturefocus>
   <texturenofocus></texturenofocus>
   <include>button-text</include>
   <font>font11</font>
   <onleft>214</onleft>
   <onright>500</onright>
   <onup>213</onup>
   <ondown>213</ondown>
   <onclick>XBMC.WebBrowserControl(GotoURL)</onclick>
  </control>

  <control type="button" id="500">
   <description>History</description>
   <posx>198</posx>
   <posy>26</posy>
   <width>45</width>
   <height>50</height>
   <texturefocus></texturefocus>
   <texturenofocus></texturenofocus>
   <onclick>XBMC.ActivateWindow(2804)</onclick>
   <label>-</label>
   <font>-</font>
   <onleft>213</onleft>
   <onright>219</onright>
   <onup>500</onup>
   <ondown>500</ondown>
  </control>

  <control type="button" id="219">
   <description>Settings</description>
   <posx>233</posx>
   <posy>26</posy>
   <width>45</width>
   <height>50</height>
   <texturefocus></texturefocus>
   <texturenofocus></texturenofocus>
   <onclick>XBMC.ActivateWindow(2802)</onclick>
   <label>-</label>
   <font>-</font>
   <onleft>500</onleft>
   <onright>220</onright>
   <onup>219</onup>
   <ondown>219</ondown>
  </control>

  <control type="button" id="220">
   <description>bookmarks</description>
   <posx>233</posx>
   <posy>26</posy>
   <width>45</width>
   <height>50</height>
   <texturefocus></texturefocus>
   <texturenofocus></texturenofocus>
   <onclick>XBMC.ActivateWindow(2803)</onclick>
   <label>-</label>
   <font>-</font>
   <onleft>219</onleft>
   <onright>210</onright>
   <onup>220</onup>
   <ondown>220</ondown>
  </control>

        </controls>
</window>
