<window id="2803">
        <defaultcontrol>2</defaultcontrol>
        <coordinates>
          <system>1</system>
          <posx>250</posx>
          <posy>116</posy>
        </coordinates>
        <animation effect="fade" time="200">WindowOpen</animation>
        <animation effect="fade" time="200">WindowClose</animation>
        <controls>
                <control type="image">
                        <description>background image</description>
                        <posx>-25</posx>
                        <posy>-11</posy>
                        <width>447</width>
                        <height>310</height>
                        <texture>button-menu-background.png</texture>
                        <colordiffuse>CCFFFFFF</colordiffuse>
                </control>
                <control type="label">
                        <description>Bookmarks Label</description>
                        <posx>0</posx>
                        <posy>2</posy>
                        <label>20402</label>
                        <width>420</width>
                        <align>left</align>
                        <font>special13</font>
                        <textcolor>DDced8da</textcolor>
                </control>
                <control type="button" id="2">
                        <description>Create Bookmark button</description>
                        <posx>10</posx>
                        <posy>35</posy>
                        <width>195</width>
                        <height>31</height>
                        <font>font12</font>
                        <textoffsetx>12</textoffsetx>
                        <alignY>center</alignY>
                        <align>center</align>
                        <label>20403</label>
                        <onleft>11</onleft>
                        <onright>3</onright>
                        <ondown>11</ondown>
                        <onup>11</onup>
                        <texturenofocus>-</texturenofocus>
                        <texturefocus>default-button.png</texturefocus>
                </control>
                <control type="button" id="3">
                        <description>New folder button</description>
                        <posx>210</posx>
                        <posy>35</posy>
                        <width>195</width>
                        <height>31</height>
                        <font>font12</font>
                        <alignY>center</alignY>
                        <align>center</align>
                        <label>20404</label>
                        <onleft>2</onleft>
                        <onright>11</onright>
                        <ondown>11</ondown>
                        <onup>11</onup>
                        <texturenofocus>-</texturenofocus>
                        <texturefocus>default-button.png</texturefocus>
                </control>
                <control type="listcontrol" id="11">
                        <description>Bookmark list</description>
                        <posx>5</posx>
                        <posy>80</posy>
                        <width>403</width>
                        <height>200</height>
                        <!-- <spinposx>360</spinposx>
                        <spinposy>170</spinposy> -->
                        <selectedcolor>FFD2FF00</selectedcolor>
      <font>font12</font>
      <textcolor>DDced8da</textcolor>
                        <onleft>3</onleft>
                        <onright>2</onright>
                        <onup>2</onup>
                        <ondown>2</ondown>
                </control>
        </controls>
</window>