<window id="2802">
        <defaultcontrol>501</defaultcontrol>
        <coordinates>
          <system>1</system>
          <posx>250</posx>
          <posy>116</posy>
        </coordinates>
        <animation effect="fade" time="200">WindowOpen</animation>
        <animation effect="fade" time="200">WindowClose</animation>
        <controls>
                <control type="image" id="1">
                        <description>background image</description>
                        <posx>-25</posx>
                        <posy>-11</posy>
                        <width>447</width>
                        <height>310</height>
                        <texture>button-menu-background.png</texture>
                        <colordiffuse>CCFFFFFF</colordiffuse>
                </control>
                <control type="label" id="0">
                        <description>Settings Label</description>
                        <posx>0</posx>
                        <posy>2</posy>
                        <label>12802</label>
                        <width>420</width>
                        <font>special13</font>
                        <textcolor>DDced8da</textcolor>
                </control>
		<control type="label" id="3">
			<description>No Settings Label</description>
			<posx>0</posx>
			<posy>170</posy>
			<width>408</width>
			<align>center</align>
			<label>13390</label>
			<font>font12</font>
		</control>
		<control type="spincontrol" id="60">
			<description>Next page button</description>
			<posx>371</posx>
			<posy>8</posy>
			<subtype>page</subtype>
			<font>font12</font>
			<onleft>5</onleft>
			<onright>28</onright>
			<ondown>5</ondown>
			<onup>28</onup>
			<showonepage>false</showonepage>
		</control>
		<control type="grouplist" id="5">
			<description>control area</description>
			<posx>-1</posx>
			<posy>40</posy>
			<width>408</width>
			<height>215</height>
			<itemgap>0</itemgap>
			<pagecontrol>60</pagecontrol>
                        <font>special13</font>
                        <textcolor>DDced8da</textcolor>
			<onleft>28</onleft>
			<onright>60</onright>
			<onup>5</onup>
			<ondown>5</ondown>
		</control>
		<control type="button" id="7">
			<description>Default Button</description>
			<posx>530</posx>
			<posy>150</posy>
			<height>31</height>
			<font>font12</font>
			<textoffsetx>12</textoffsetx>
			<aligny>center</aligny>
			<texturefocus>default-button.png</texturefocus>
			<texturenofocus>-</texturenofocus>
		</control>
		<control type="radiobutton" id="8">
			<description>Default RadioButton</description>
			<posx>530</posx>
			<posy>150</posy>
			<height>31</height>
			<font>font12</font>
			<texturefocus>default-button.png</texturefocus>
			<texturenofocus>-</texturenofocus>
			<textoffsetx>12</textoffsetx>
			<aligny>center</aligny>
			<textureradiofocus>settings-check-box.png</textureradiofocus>
			<textureradionofocus>settings-check-boxNF.png</textureradionofocus>
		</control>
		<control type="spincontrolex" id="9">
			<description>Default SpinControlex</description>
			<posx>530</posx>
			<posy>150</posy>
			<height>31</height>
			<width>300</width>
			<texturefocus>default-button.png</texturefocus>
			<texturenofocus>-</texturenofocus>
			<textureup>scroll-up.png</textureup>
			<texturedown>scroll-down.png</texturedown>
			<textureupfocus>scroll-up-focus.png</textureupfocus>
			<texturedownfocus>scroll-down-focus.png</texturedownfocus>
			<font>font12</font>
                        <textcolor>DDced8da</textcolor>
			<disabledcolor>60d0d0d0</disabledcolor>
			<textoffsetx>12</textoffsetx>
			<aligny>center</aligny>
			<reverse>yes</reverse>
		</control>
		<control type="sliderex" id="10">
			<description>Default Slider</description>
			<posx>530</posx>
			<posy>150</posy>
			<height>31</height>
			<width>300</width>
			<texturefocus>default-button.png</texturefocus>
			<texturenofocus>-</texturenofocus>
			<sliderwidth>100</sliderwidth>
			<sliderheight>20</sliderheight>
			<texturesliderbar>osd_slider_bg.png</texturesliderbar>
			<textureslidernib>osd_slider_nibNF.png</textureslidernib>
			<textureslidernibfocus>osd_slider_nibFO.png</textureslidernibfocus>
                        <font>special13</font>
                        <textcolor>DDced8da</textcolor>
			<disabledcolor>60d0d0d0</disabledcolor>
			<textoffsetx>12</textoffsetx>
		</control>
		<control type="image" id="11">
			<description>separator image</description>
			<width>350</width>
			<height>5</height>
			<texture>separatorOSD.png</texture>
		</control>
        </controls>
</window>