<window>

	<id>1112</id>
	<defaultcontrol>200</defaultcontrol>
	<type>dialog</type>
	<coordinates>
		<system>1</system>
		<posx>85</posx>
		<posy>135</posy>
	</coordinates>

	<controls>
		<control>
			<description>Dialog Header</description>
			<type>image</type>
			<id>1</id>
			<posx>0</posx>
			<posy>0</posy>
			<width>315</width>
			<height>180</height>
			<texture>dialog_top.png</texture>
		</control>

		<control>
			<description>Dialog Text Area</description>
			<type>image</type>
			<id>1</id>
			<posx>40</posx>
			<posy>40</posy>
			<width>500</width>
			<height>220</height>
			<texture>dialog_middle.png</texture>
		</control>

		<control>
			<description>Dialog Footer</description>
			<type>image</type>
			<id>1</id>
			<posx>262</posx>
			<posy>140</posy>
			<width>310</width>
			<height>160</height>
			<texture>dialog_bottom.png</texture>
		</control>

  	<controlgroup id="2">

	    <control>
	      <description>Change Font Colors button</description>
	      <type>button</type>
	      <id>200</id>
	      <posx>53</posx>
	      <posy>52</posy>
	      <width>474</width>
              <height>32</height>
	      <include>1000</include>
	      <font>font13</font>
	      <texturefocus>list-focus.png</texturefocus>
	      <texturenofocus>list-nofocus.png</texturenofocus>
	      <onclick>XBMC.RunScript(Q:\skin\Blackbolt Classic\extras\colorme.py)</onclick>
	      <onleft>200</onleft>
	      <onright>200</onright>
	      <onup>203</onup>
	      <ondown>201</ondown>
	    </control>

	    <control>
	      <description>Disable Animation radiobutton</description>
	      <type>radiobutton</type>
	      <id>201</id>
	      <posx>53</posx>
	      <posy>89</posy>
	      <width>474</width>
              <height>32</height>
	      <include>1001</include>
	      <font>font13</font>
	      <texturefocus>list-focus.png</texturefocus>
	      <texturenofocus>list-nofocus.png</texturenofocus>
	      <textureradiofocus>settings-check-box.png</textureradiofocus>
	      <textureradionofocus>settings-check-boxnf.png</textureradionofocus>
	      <onclick>Skin.ToggleSetting(Animated)</onclick>
	      <selected>Skin.HasSetting(Animated)</selected>
	      <onleft>201</onleft>
	      <onright>201</onright>
	      <onup>200</onup>
	      <ondown>202</ondown>
	    </control>

	    <control>
	      <description>Vis Background radiobutton</description>
	      <type>radiobutton</type>
	      <id>202</id>
	      <posx>53</posx>
	      <posy>126</posy>
	      <width>474</width>
              <height>32</height>
	      <include>1002</include>
	      <font>font13</font>
	      <texturefocus>list-focus.png</texturefocus>
	      <texturenofocus>list-nofocus.png</texturenofocus>
	      <textureradiofocus>settings-check-box.png</textureradiofocus>
	      <textureradionofocus>settings-check-boxnf.png</textureradionofocus>
	      <onclick>Skin.ToggleSetting(VisBackground)</onclick>
	      <selected>Skin.HasSetting(VisBackground)</selected>
	      <onleft>202</onleft>
	      <onright>202</onright>
	      <onup>201</onup>
	      <ondown>203</ondown>
	    </control>

	    <control>
	      <description>List item icon radiobutton</description>
	      <type>radiobutton</type>
	      <id>203</id>
	      <posx>53</posx>
	      <posy>163</posy>
	      <width>474</width>
              <height>32</height>
	      <include>1003</include>
	      <font>font13</font>
	      <texturefocus>list-focus.png</texturefocus>
	      <texturenofocus>list-nofocus.png</texturenofocus>
	      <textureradiofocus>settings-check-box.png</textureradiofocus>
	      <textureradionofocus>settings-check-boxnf.png</textureradionofocus>
	      <onclick>Skin.ToggleSetting(UseListItemIcon)</onclick>
	      <selected>Skin.HasSetting(UseListItemIcon)</selected>
	      <onleft>203</onleft>
	      <onright>203</onright>
	      <onup>202</onup>
	      <ondown>200</ondown>
	    </control>

  	</controlgroup>


	</controls>

</window>