 <window>
  <id>109</id> 
  <defaultcontrol>21</defaultcontrol> 
 <include>Fade_Dialog_OpenClose_Animation</include>

 <coordinates>
  <system>0</system>
  <posx>245</posx>
  <posy>168</posy>
 </coordinates>

 <controls>

  <control>
   <type>image</type>
   <id>0</id>
   <posx>-5</posx>
   <posy>0</posy>
   <width>230</width>
   <height>240</height>
   <texture>keyboard_numeric_back.png</texture>
  </control>

<!--  <control>
  <description>dialog heading</description> 
  <type>label</type> 
  <id>1</id> 
  <posx>35</posx> 
  <posy>0</posy> 
  <width>340</width> 
  <label>12325</label> 
  <font>font12</font> 
  <include>textcolor-green</include>
  </control>
-->
 <control>
  <description>dialog line</description> 
  <type>label</type> 
  <id>4</id> 
  <posx>35</posx> 
  <posy>22</posy> 
  <width>180</width> 
  <label>-</label> 
  <font>font13</font> 
  <include>textcolor-white</include> 
  <disabledcolor>FF9fca4f</disabledcolor>
 </control>

 <control>
  <description>1 button</description> 
  <type>button</type> 
  <id>11</id> 
  <posx>40</posx> 
  <posy>65</posy> 
  <width>30</width> 
  <height>30</height>
  <texturenofocus>keyboard-btn.png</texturenofocus>
  <texturefocus>keyboard-btn-focus.png</texturefocus> 
  <label>12311</label> 
   <align>center</align>
   <aligny>center</aligny>
   <font>font13</font>
   <include>textcolor-green</include>
  <onleft>13</onleft> 
  <onright>12</onright> 
  <onup>20</onup> 
  <ondown>14</ondown> 
 </control>

 <control>
  <description>2 button</description> 
  <type>button</type> 
  <id>12</id> 
  <posx>75</posx> 
  <posy>65</posy> 
  <width>30</width> 
  <height>30</height>
  <texturenofocus>keyboard-btn.png</texturenofocus>
  <texturefocus>keyboard-btn-focus.png</texturefocus> 
  <label>12312</label> 
   <align>center</align>
   <aligny>center</aligny>
   <font>font13</font>
   <include>textcolor-green</include>
  <onleft>11</onleft> 
  <onright>13</onright> 
  <onup>10</onup> 
  <ondown>15</ondown> 
 </control>

 <control>
  <description>3 button</description> 
  <type>button</type> 
  <id>13</id> 
  <posx>110</posx> 
  <posy>65</posy> 
  <width>30</width> 
  <height>30</height>
  <texturenofocus>keyboard-btn.png</texturenofocus>
  <texturefocus>keyboard-btn-focus.png</texturefocus> 
  <label>12313</label> 
   <align>center</align>
   <aligny>center</aligny>
   <font>font13</font>
   <include>textcolor-green</include>
  <onleft>12</onleft> 
  <onright>11</onright> 
  <onup>21</onup> 
  <ondown>16</ondown> 
 </control>

 <control>
  <description>4 button</description> 
  <type>button</type> 
  <id>14</id> 
  <posx>40</posx> 
  <posy>100</posy> 
  <width>30</width> 
  <height>30</height>
  <texturenofocus>keyboard-btn.png</texturenofocus>
  <texturefocus>keyboard-btn-focus.png</texturefocus> 
  <label>12314</label> 
   <align>center</align>
   <aligny>center</aligny>
   <font>font13</font>
   <include>textcolor-green</include>
  <onleft>16</onleft> 
  <onright>15</onright> 
  <onup>11</onup> 
  <ondown>17</ondown> 
 </control>

 <control>
  <description>5 button</description> 
  <type>button</type> 
  <id>15</id> 
  <posx>75</posx> 
  <posy>100</posy> 
  <width>30</width> 
  <height>30</height>
  <texturenofocus>keyboard-btn.png</texturenofocus>
  <texturefocus>keyboard-btn-focus.png</texturefocus> 
  <label>12315</label> 
   <align>center</align>
   <aligny>center</aligny>
   <font>font13</font>
   <include>textcolor-green</include>
  <onleft>14</onleft> 
  <onright>16</onright> 
  <onup>12</onup> 
  <ondown>18</ondown> 
 </control>

 <control>
  <description>6 button</description> 
  <type>button</type> 
  <id>16</id> 
  <posx>110</posx> 
  <posy>100</posy> 
  <width>30</width> 
  <height>30</height>
  <texturenofocus>keyboard-btn.png</texturenofocus>
  <texturefocus>keyboard-btn-focus.png</texturefocus> 
  <label>12316</label> 
   <align>center</align>
   <aligny>center</aligny>
   <font>font13</font>
   <include>textcolor-green</include>
  <onleft>15</onleft> 
  <onright>14</onright> 
  <onup>13</onup> 
  <ondown>19</ondown> 
 </control>

 <control>
  <description>7 button</description> 
  <type>button</type> 
  <id>17</id> 
  <posx>40</posx> 
  <posy>135</posy> 
  <width>30</width> 
  <height>30</height>
  <texturenofocus>keyboard-btn.png</texturenofocus>
  <texturefocus>keyboard-btn-focus.png</texturefocus> 
  <label>12317</label> 
   <align>center</align>
   <aligny>center</aligny>
   <font>font13</font>
   <include>textcolor-green</include>
  <onleft>19</onleft> 
  <onright>18</onright> 
  <onup>14</onup> 
  <ondown>20</ondown> 
 </control>

 <control>
  <description>8 button</description> 
  <type>button</type> 
  <id>18</id> 
  <posx>75</posx> 
  <posy>135</posy> 
  <width>30</width> 
  <height>30</height>
  <texturenofocus>keyboard-btn.png</texturenofocus>
  <texturefocus>keyboard-btn-focus.png</texturefocus> 
  <label>12318</label> 
   <align>center</align>
   <aligny>center</aligny>
   <font>font13</font>
   <include>textcolor-green</include>
  <onleft>17</onleft> 
  <onright>19</onright> 
  <onup>15</onup> 
  <ondown>10</ondown> 
 </control>

 <control>
  <description>9 button</description> 
  <type>button</type> 
  <id>19</id> 
  <posx>110</posx> 
  <posy>135</posy> 
  <width>30</width> 
  <height>30</height>
  <texturenofocus>keyboard-btn.png</texturenofocus>
  <texturefocus>keyboard-btn-focus.png</texturefocus> 
  <label>12319</label> 
   <align>center</align>
   <aligny>center</aligny>
   <font>font13</font>
   <include>textcolor-green</include>
  <onleft>18</onleft> 
  <onright>17</onright> 
  <onup>16</onup> 
  <ondown>21</ondown> 
 </control>

 <control>
  <description>c button</description> 
  <type>button</type> 
  <id>20</id> 
  <posx>40</posx> 
  <posy>170</posy> 
  <width>30</width> 
  <height>30</height>
  <texturenofocus>keyboard-btn.png</texturenofocus>
  <texturefocus>keyboard-btn-focus.png</texturefocus> 
  <label>c</label> 
   <align>center</align>
   <aligny>center</aligny>
   <font>font13</font>
   <include>textcolor-green</include>
  <onleft>21</onleft> 
  <onright>10</onright> 
  <onup>17</onup> 
  <ondown>11</ondown> 
 </control>

 <control>
  <description>0 button</description> 
  <type>button</type> 
  <id>10</id> 
  <posx>75</posx> 
  <posy>170</posy> 
  <width>30</width> 
  <height>30</height>
  <texturenofocus>keyboard-btn.png</texturenofocus>
  <texturefocus>keyboard-btn-focus.png</texturefocus> 
  <label>12310</label> 
   <align>center</align>
   <aligny>center</aligny>
   <font>font13</font>
   <include>textcolor-green</include>
  <onleft>20</onleft> 
  <onright>21</onright> 
  <onup>18</onup> 
  <ondown>12</ondown> 
 </control>

 <control>
  <description>ok button</description> 
  <type>button</type> 
  <id>21</id> 
  <posx>110</posx> 
  <posy>170</posy> 
  <width>30</width> 
  <height>30</height>
  <texturenofocus>keyboard-btn.png</texturenofocus>
  <texturefocus>keyboard-btn-focus.png</texturefocus> 
  <label>e</label> 
   <align>center</align>
   <aligny>center</aligny>
   <font>font13</font>
   <include>textcolor-green</include>
  <onleft>10</onleft> 
  <onright>20</onright> 
  <onup>19</onup> 
  <ondown>13</ondown> 
 </control>

</controls>

</window>