<window>
  <id>105</id>

  <!--  change the defaultcontrol id to have another button focussed when  !-->
  <!--  you bring the panel up.                                            !-->
  <!--  (look for this tag: <id>1123</id> on the button u want to focus)   !-->

        <defaultcontrol>1109</defaultcontrol>
        <type>buttonmenu</type>
        <coordinates>
          <system>1</system>
          <posx>500</posx>
          <posy>60</posy>
        </coordinates>
        <include>Fade_Dialog_OpenClose_Animation</include>

        <controls>
          <control>
            <type>image</type>
            <id>0</id>
            <posx>10</posx>
            <posy>15</posy>
            <width>160</width>
            <height>440</height>
            <texture>subpanel.png</texture>
          </control>

  <!--  to add another button to the submenu, just put in your hyperlink,  !-->
  <!--  give it the desired label and set visible to yes!                  !-->
  <!--  to link direct to a script,xbe/audio/video file use (eg):          !-->
  <!--  <onclick>f:\emulators\scummvmx\default.xbe</onclick>               !-->
  <!--  to link to a xbmc screen use                                       !-->
  <!--  <onclick>xbmc.activatewindow('id here')</onclick>                  !-->

                <control>
                  <description>submenu button</description>	<visible>no</visible>
                  <type>button</type>				<onclick>q:\scripts\-.py</onclick>
                  <id>1123</id>					<label>-</label>
                  <posx>30</posx>
                  <posy>110</posy>
                  <width>110</width>
                  <height>20</height>
                  <font>font101</font>
                  <onleft>1123</onleft>
                  <onright>1123</onright>
                  <onup>1109</onup>
                  <ondown>1122</ondown>
                  <align>center</align>
                  <textoffsety>-1</textoffsety>
                </control>

                <control>
                  <description>submenu button</description>	<visible>no</visible>
                  <type>button</type>				<onclick>q:\scripts\-.py</onclick>
                  <id>1122</id>					<label>-</label>
                  <posx>30</posx>
                  <posy>130</posy>
                  <width>110</width>
                  <height>20</height>
                  <font>font101</font>
                  <onleft>1122</onleft>
                  <onright>1122</onright>
                  <onup>1123</onup>
                  <ondown>1121</ondown>
                  <align>center</align>
                  <textoffsety>-1</textoffsety>
                </control>

                <control>
                  <description>submenu button</description>	<visible>no</visible>
                  <type>button</type>				<onclick>q:\scripts\-.py</onclick>
                  <id>1121</id>					<label>-</label>
                  <posx>30</posx>
                  <posy>150</posy>
                  <width>110</width>
                  <height>20</height>
                  <font>font101</font>
                  <onleft>1121</onleft>
                  <onright>1121</onright>
                  <onup>1122</onup>
                  <ondown>1120</ondown>
                  <align>center</align>
                  <textoffsety>-1</textoffsety>
                </control>

                <control>
                  <description>submenu button</description>	<visible>no</visible>
                  <type>button</type>				<onclick>q:\scripts\-.py</onclick>
                  <id>1120</id>					<label>-</label>
                  <posx>30</posx>
                  <posy>170</posy>
                  <width>110</width>
                  <height>20</height>
                  <font>font101</font>
                  <onleft>1120</onleft>
                  <onright>1120</onright>
                  <onup>1121</onup>
                  <ondown>1119</ondown>
                  <align>center</align>
                  <textoffsety>0</textoffsety>
                </control>

                <control>
                  <description>submenu button</description>	<visible>no</visible>
                  <type>button</type>				<onclick>q:\scripts\-.py</onclick>
                  <id>1119</id>					<label>-</label>
                  <posx>30</posx>
                  <posy>190</posy>
                  <width>110</width>
                  <height>20</height>
                  <font>font101</font>
                  <onleft>1119</onleft>
                  <onright>1119</onright>
                  <onup>1120</onup>
                  <ondown>1118</ondown>
                  <align>center</align>
                  <textoffsety>0</textoffsety>
                </control>

                <control>
                  <description>submenu button</description>	<visible>no</visible>
                  <type>button</type>				<onclick>q:\scripts\-.py</onclick>
                  <id>1118</id>					<label>-</label>
                  <posx>30</posx>
                  <posy>210</posy>
                  <width>110</width>
                  <height>20</height>
                  <font>font101</font>
                  <onleft>1118</onleft>
                  <onright>1118</onright>
                  <onup>1119</onup>
                  <ondown>1117</ondown>
                  <align>center</align>
                  <textoffsety>0</textoffsety>
                </control>

                <control>
                  <description>submenu button</description>	<visible>no</visible>
                  <type>button</type>				<onclick>q:\scripts\-.py</onclick>
                  <id>1117</id>					<label>-</label>
                  <posx>30</posx>
                  <posy>230</posy>
                  <width>110</width>
                  <height>20</height>
                  <font>font101</font>
                  <onleft>1117</onleft>
                  <onright>1117</onright>
                  <onup>1118</onup>
                  <ondown>1116</ondown>
                  <align>center</align>
                  <textoffsety>0</textoffsety>
                </control>

                <control>
                  <description>submenu button</description>	<visible>no</visible>
                  <type>button</type>				<onclick>q:\scripts\-.py</onclick>
                  <id>1116</id>					<label>-</label>
                  <posx>30</posx>
                  <posy>250</posy>
                  <width>110</width>
                  <height>20</height>
                  <font>font101</font>
                  <onleft>1116</onleft>
                  <onright>1116</onright>
                  <onup>1117</onup>
                  <ondown>1115</ondown>
                  <align>center</align>
                  <textoffsety>0</textoffsety>
                </control>

                <control>
                  <description>submenu button</description>	<visible>no</visible>
                  <type>button</type>				<onclick>q:\scripts\-.py</onclick>
                  <id>1115</id>					<label>-</label>
                  <posx>30</posx>
                  <posy>270</posy>
                  <width>110</width>
                  <height>20</height>
                  <font>font101</font>
                  <onleft>1115</onleft>
                  <onright>1115</onright>
                  <onup>1116</onup>
                  <ondown>1114</ondown>
                  <align>center</align>
                  <textoffsety>0</textoffsety>
                </control>

                <control>
                  <description>submenu button</description>	<visible>no</visible>
                  <type>button</type>				<onclick>q:\scripts\-.py</onclick>
                  <id>1114</id>					<label>-</label>
                  <posx>30</posx>
                  <posy>290</posy>
                  <width>110</width>
                  <height>20</height>
                  <font>font101</font>
                  <onleft>1114</onleft>
                  <onright>1114</onright>
                  <onup>1115</onup>
                  <ondown>1113</ondown>
                  <align>center</align>
                  <textoffsety>0</textoffsety>
                </control>


                <control>
                  <description>submenu button</description>	<visible>no</visible>
                  <type>button</type>				<onclick>q:\scripts\-.py</onclick>
                  <id>1113</id>					<label>-</label>
                  <posx>30</posx>
                  <posy>310</posy>
                  <width>110</width>
                  <height>20</height>
                  <label>13200</label>
                  <font>font101</font>
                  <onleft>1113</onleft>
                  <onright>1113</onright>
                  <onup>1114</onup>
                  <ondown>1112</ondown>
                  <align>center</align>
                  <textoffsety>0</textoffsety>
                </control>

                <control>
                  <description>scripts button</description>	<visible>no</visible>
                  <type>button</type>				<onclick>q:\scripts\-.py</onclick>
                  <id>1112</id>					<label>-</label>
                  <posx>30</posx>
                  <posy>330</posy>
                  <width>110</width>
                  <height>20</height>
                  <font>font101</font>
                  <onleft>1112</onleft>
                  <onright>1112</onright>
                  <onup>1113</onup>
                  <ondown>1111</ondown>
                  <align>center</align>
                  <textoffsety>0</textoffsety>
                </control>

                <control>
                  <description>scripts button</description>	<visible>no</visible>
                  <type>button</type>		  			<onclick>-</onclick>
                  <id>1111</id>                				<label>247</label>
                  <posx>30</posx>
                  <posy>350</posy>
                  <width>110</width>
                  <height>20</height>
                  <font>font101</font>
                  <onleft>1111</onleft>
                  <onright>1111</onright>
                  <onup>1112</onup>
                  <ondown>1110</ondown>
                  <align>center</align>
                  <textoffsety>0</textoffsety>
                </control>

<!---            Dont touch the ones below here             -->
<!---            Dont touch the ones below here             -->
<!---            Dont touch the ones below here             -->

                <control>
                  <description>scripts window button</description>	<visible>yes</visible>
                  <type>button</type>				<onclick>xbmc.activatewindow(20)</onclick>
                  <id>1110</id>					<label>247</label>
                  <posx>30</posx>
                  <posy>370</posy>
                  <width>110</width>
                  <height>20</height>
                  <font>font101</font>
                  <onleft>1112</onleft>
                  <onright>1112</onright>
                  <onup>1111</onup>
                  <ondown>1109</ondown>
                  <align>center</align>
                  <textoffsety>0</textoffsety>
                </control>

                <control>
                  <description>Eject Tray button</description>	<visible>yes</visible>
                  <type>button</type>				<onclick>XBMC.EjectTray()</onclick>
                  <id>1109</id>					<label>13391</label>
                  <posx>30</posx>
                  <posy>390</posy>
                  <width>110</width>
                  <height>20</height>
                  <font>font101</font>
                  <onleft>1109</onleft>
                  <onright>1109</onright>
                  <onup>1110</onup>
                  <ondown>1123</ondown>
                  <align>center</align>
                  <textoffsety>0</textoffsety>
                </control>

              </controls>

            </window>

