<window>
  <id>2003</id>
  <defaultcontrol>5</defaultcontrol>
  <allowoverlay>no</allowoverlay>
  <include>Fade_Dialog_OpenClose_Animation</include>

  <controls>
    <control>
      <description>Black Back</description>
      <type>image</type>
      <id>1</id>
      <posx>0</posx>
      <posy>0</posy>
      <width>720</width>
      <height>576</height>
      <texture>black.png</texture>
    </control>

    <control>
      <description>background image</description>
      <type>image</type>
      <id>1</id>
      <posx>0</posx>
      <posy>0</posy>
      <width>720</width>
      <height>576</height>
      <texture>background.png</texture>
    </control>

    <include>XBMC_Logo_Image</include>

    <control>
      <description>movie title value</description>
      <type>label</type>
      <id>20</id>
      <posx>240</posx> 
      <posy>70</posy>
      <width>450</width>
      <label>-</label>
      <font>font14</font>
      <include>textcolor-yellow</include>
      <include>shadow-black</include>
    </control>

      <control>
        <description>Cover Back</description>
        <type>image</type>
        <id>0</id>
        <posx>60</posx>
        <posy>115</posy>
        <width>140</width>
        <height>200</height>
        <texture>Panel.png</texture>
      </control>

    <control>
      <description>CD Cover Image</description>
      <type>image</type>
      <id>3</id>
      <posx>70</posx>
      <posy>125</posy>
      <width>120</width>
      <height>180</height>
      <texture>-</texture>
      <aspectratio>keep</aspectratio>
    </control>

    <control>
      <description>director txt</description>
      <type>label</type>
      <id>1</id>
      <posx>220</posx>
      <posy>115</posy>
      <label>199</label>
      <font>font13</font>
      <include>textcolor-white</include>
    </control>

    <control>
      <description>writing credits txt</description>
      <type>label</type>
      <id>1</id>
      <posx>220</posx>
      <posy>140</posy>
      <label>200</label>
      <font>font13</font>
      <include>textcolor-white</include>
    </control>

    <control>
      <description>genre txt</description>
      <type>label</type>
      <id>1</id>
      <posx>220</posx>
      <posy>165</posy>
      <label>174</label>
      <font>font13</font>
      <include>textcolor-white</include>
    </control>

    <control>
      <description>year</description>
      <type>label</type>
      <id>1</id>
      <posx>220</posx>
      <posy>190</posy>
      <label>201</label>
      <font>font13</font>
      <include>textcolor-white</include>
    </control>

    <control>
      <description>tagline txt</description>
      <type>label</type>
      <id>1</id>
      <posx>220</posx>
      <posy>215</posy>
      <label>202</label>
      <font>font13</font>
      <include>textcolor-white</include>
    </control>

    <control>
      <description>plotoutline txt</description>
      <type>label</type>
      <id>1</id>
      <posx>220</posx>
      <posy>240</posy>
      <label>203</label>
      <font>font13</font>
      <include>textcolor-white</include>
    </control>

    <control>
      <description>rating txt</description>
      <type>label</type>
      <id>1</id>
      <posx>220</posx>
      <posy>265</posy>
      <label>204</label>
      <font>font13</font>
      <include>textcolor-white</include>
    </control>

    <control>
      <description>runtime txt</description>
      <type>label</type>
      <id>1</id>
      <posx>220</posx>
      <posy>290</posy>
      <label>2050</label>
      <font>font13</font>
      <include>textcolor-white</include>
    </control>

    <control>
      <description>director value</description>
      <type>label</type>
      <id>21</id>
      <posx>340</posx>
      <posy>115</posy>
      <width>340</width>
      <label>-</label>
      <font>font13</font>
      <include>textcolor-green</include>
    </control>

    <control>
      <description>writing credits value</description>
      <type>label</type>
      <id>22</id>
      <posx>340</posx>
      <posy>140</posy>
      <width>340</width>
      <label>-</label>
      <font>font13</font>
      <include>textcolor-green</include>
    </control>

    <control>
      <description>genre value</description>
      <type>label</type>
      <id>23</id>
      <posx>340</posx>
      <posy>165</posy>
      <width>340</width>
      <label>-</label>
      <font>font13</font>
      <include>textcolor-green</include>
    </control>

    <control>
      <description>year value</description>
      <type>label</type>
      <id>24</id>
      <posx>340</posx>
      <posy>190</posy>
      <width>340</width>
      <label>-</label>
      <font>font13</font>
      <include>textcolor-green</include>
    </control>

    <control>
      <description>tagline value</description>
      <type>fadelabel</type>
      <id>25</id>
      <posx>340</posx>
      <posy>215</posy>
      <width>340</width>
      <label>-</label>
      <font>font13</font>
      <include>textcolor-green</include>
    </control>

    <control>
      <description>plotoutline value</description>
      <type>fadelabel</type>
      <id>26</id>
      <posx>340</posx>
      <posy>240</posy>
      <width>340</width>
      <label>-</label>
      <font>font13</font>
      <include>textcolor-green</include>
    </control>

    <control>
      <description>rating and votes value</description>
      <type>label</type>
      <id>30</id>
      <posx>340</posx>
      <posy>265</posy>
      <width>340</width>
      <label>-</label>
      <font>font13</font>
      <include>textcolor-green</include>
    </control>

    <control>
      <description>runtime value</description>
      <type>label</type>
      <id>31</id>
      <posx>340</posx>
      <posy>290</posy>
      <width>340</width>
      <label>-</label>
      <font>font13</font>
      <include>textcolor-green</include>
    </control>

	<control>
		<description>textarea</description>
		<type>textbox</type>
		<id>4</id>
		<onleft>5</onleft>
		<onright>50</onright>
		<onup>5</onup>
		<ondown>5</ondown>
	</control>


	<control>
		<description>cast listcontrol</description>
		<type>listcontrol</type>
		<id>50</id>
		<posx>220</posx>
		<posy>330</posy>
		<width>470</width>
		<height>210</height>
		<spinposx>420</spinposx>
		<spinposy>210</spinposy>
		<onleft>5</onleft>
		<onright>4</onright>
		<onup>5</onup>
		<ondown>8</ondown>
	</control>

	<control>
		<description>tracks/review</description>
		<type>button</type>
		<id>5</id>
		<posx>65</posx>
		<posy>330</posy>
		<label>206</label>
		<font>font12</font>
		<onleft>4</onleft>
		<onright>4</onright>
		<onup>10</onup>
		<ondown>6</ondown>
		<align>center</align>
	</control>

	<control>
		<description>refresh</description>
		<type>button</type>
		<id>6</id>
		<posx>65</posx>
		<posy>365</posy>
		<label>184</label>
		<font>font12</font>
		<onleft>4</onleft>
		<onright>4</onright>
		<onup>5</onup>
		<ondown>10</ondown>
		<align>center</align>
	</control>

	<control>
		<description>Get Thumb</description>
		<type>button</type>
		<id>10</id>
		<posx>65</posx>
		<posy>400</posy>
		<label>13405</label>
		<font>font13</font>
		<onleft>4</onleft>
		<onright>4</onright>
		<onup>6</onup>
		<ondown>5</ondown>
		<align>center</align>
	</control>

  </controls>

</window>

