<window>
  <id>2004</id>
  <defaultcontrol>5</defaultcontrol>
  <allowoverlay>no</allowoverlay>
 <include>Fade_Dialog_OpenClose_Animation</include>

  <controls>

    <control>
      <description>Black Back</description>
      <type>image</type>
      <id>1</id>
      <posx>0</posx>
      <posy>0</posy>
      <width>720</width>
      <height>576</height>
      <texture>black.png</texture>
    </control>

    <control>
      <description>background image</description>
      <type>image</type>
      <id>1</id>
      <posx>0</posx>
      <posy>0</posy>
      <width>720</width>
      <height>576</height>
      <texture>background.png</texture>
    </control>

    <include>XBMC_Logo_Image</include>

    <control>
      <description>Window Heading</description>
      <type>label</type>
      <id>10</id>
      <posx>240</posx> 
      <posy>70</posy>
      <width>450</width>
      <label>262</label>
      <font>font14</font>
      <include>textcolor-yellow</include>
      <include>shadow-black</include>
    </control>

    <control>
      <description>textarea</description>
      <type>textbox</type>
      <id>5</id>
      <posx>40</posx>
      <posy>100</posy>
      <width>640</width>
      <height>450</height>
      <spinposx>530</spinposx>
      <spinposy>440</spinposy>
    </control>

  </controls>

</window>

