<window>
  <id>104</id>
  <defaultcontrol>1</defaultcontrol>
  <include>Slide_From_Right_Animation</include>
  <coordinates>
    <system>1</system>
    <posx>470</posx>
    <posy>490</posy>
  </coordinates>

  <controls>
    <control>
      <description>popup volume dialog background</description>
      <type>image</type>
      <id>0</id>
      <posx>0</posx>
      <posy>0</posy>
      <width>256</width>
      <height>64</height>
      <texture>voulume-panel-bg.png</texture>
    </control>

    <control>
      <description>volume slider</description>
      <type>slider</type>
      <id>1</id>
      <posx>115</posx>
      <posy>18</posy>
      <width>110</width>
      <height>25</height>
      <texturesliderbar>osd-osd_slider_volume_bg.png</texturesliderbar>
      <textureslidernib>osd-osd_slider_nibfo.png</textureslidernib>
      <textureslidernibfocus>osd-osd_slider_nibfo.png</textureslidernibfocus>
      <info>Player.Volume</info>
      <onup>1</onup>
      <ondown>1</ondown>
      <onleft>1</onleft>
      <onright>1</onright>
    </control>

    <control>
      <description>volume label</description>
      <type>label</type>
      <id>0</id>
      <posx>103</posx>
      <posy>20</posy>
      <font>font10</font>
      <align>right</align>
      <info>Player.Volume</info>
      <width>70</width>
      <height>16</height>
      <include>textcolor-green2</include>
    </control>

  </controls>

</window>

