<window>

 <id>128</id>
 <defaultcontrol>10</defaultcontrol>
 <include>Fade_Dialog_OpenClose_Animation</include>

 <coordinates>
  <system>1</system>
  <posx>140</posx>
  <posy>160</posy>
 </coordinates>

 <controls>

		<control>
			<description>Dialog Header</description>
			<type>image</type>
			<id>1</id>
			<posx>-50</posx>
			<posy>-50</posy>
			<width>315</width>
			<height>180</height>
			<texture>dialog_top.png</texture>
			<visible>!Window.IsActive(129)</visible>
		</control>

		<control>
			<description>Dialog Text Area</description>
			<type>image</type>
			<id>1</id>
			<posx>-10</posx>
			<posy>-10</posy>
			<width>490</width>
			<height>310</height>
			<texture>dialog_middle.png</texture>
		</control>

		<control>
			<description>Dialog Footer</description>
			<type>image</type>
			<id>1</id>
			<posx>202</posx>
			<posy>180</posy>
			<width>310</width>
			<height>160</height>
			<texture>dialog_bottom.png</texture>
			<visible>!Window.IsActive(129)</visible>
		</control>


  <control>
   <description>Heading Label</description>
   <type>label</type>
   <id>2</id>
   <posx>10</posx>
   <posy>-2</posy>
   <width>420</width>
   <label>1007</label>
   <font>font14</font>
   <include>textcolor-yellow</include>
   <include>shadow-black</include>
  </control>

  <control>
   <description>Protocol SpinControl</description>
   <type>spincontrolex</type>
   <id>10</id>
   <posx>5</posx>
   <posy>35</posy>
   <height>32</height>
   <width>460</width>
   <texturefocus>list-focus.png</texturefocus>
   <texturenofocus>list-nofocus.png</texturenofocus>
   <textureup>scroll-up.png</textureup>
   <texturedown>scroll-down.png</texturedown>
   <textureupfocus>scroll-up-focus.png</textureupfocus>
   <texturedownfocus>scroll-down-focus.png</texturedownfocus>
   <font>font12</font>
   <include>textcolorwhite</include>
   <disabledcolor>60d0d0d0</disabledcolor>
   <textoffsetx>12</textoffsetx>
   <aligny>center</aligny>
   <reverse>yes</reverse>
   <label>1008</label>
   <onup>18</onup>
   <ondown>11</ondown>
   <onleft>10</onleft>
   <onright>10</onright>
  </control>

  <control>
   <description>Server Address Button</description>
   <type>button</type>
   <id>11</id>
   <posx>5</posx>
   <posy>70</posy>
   <width>365</width>
   <height>32</height>
   <font>font12</font>
   <textoffsetx>12</textoffsetx>
   <aligny>center</aligny>
   <texturefocus>list-focus.png</texturefocus>
   <texturenofocus>list-nofocus.png</texturenofocus>
   <label>-</label>
   <onup>10</onup>
   <onleft>12</onleft>
   <onright>12</onright>
   <ondown>16</ondown>
  </control>

  <control>
   <description>Server Browse Button</description>
   <type>button</type>
   <id>12</id>
   <posx>375</posx>
   <posy>70</posy>
   <width>90</width>
   <height>32</height>
   <font>font12</font>
   <textoffsetx>12</textoffsetx>
   <label>1024</label>
   <align>center</align>
   <aligny>center</aligny>
   <onup>10</onup>
   <onleft>11</onleft>
   <onright>11</onright>
   <ondown>16</ondown>
  </control>

  <control>
   <description>Remote path Button</description>
   <type>button</type>
   <id>16</id>
   <posx>5</posx>
   <posy>105</posy>
   <width>460</width>
   <height>32</height>
   <font>font12</font>
   <textoffsetx>12</textoffsetx>
   <aligny>center</aligny>
   <texturefocus>list-focus.png</texturefocus>
   <texturenofocus>list-nofocus.png</texturenofocus>
   <label>-</label>
   <onup>11</onup>
   <onleft>16</onleft>
   <onright>16</onright>
   <ondown>13</ondown>
  </control>

  <control>
   <description>Port Button</description>
   <type>button</type>
   <id>13</id>
   <posx>5</posx>
   <posy>140</posy>
   <width>460</width>
   <height>32</height>
   <font>font12</font>
   <textoffsetx>12</textoffsetx>
   <aligny>center</aligny>
   <texturefocus>list-focus.png</texturefocus>
   <texturenofocus>list-nofocus.png</texturenofocus>
   <label>1013</label>
   <onup>16</onup>
   <onleft>13</onleft>
   <onright>13</onright>
   <ondown>14</ondown>
  </control>

  <control>
   <description>Username Button</description>
   <type>button</type>
   <id>14</id>
   <posx>5</posx>
   <posy>175</posy>
   <width>460</width>
   <height>32</height>
   <font>font12</font>
   <textoffsetx>12</textoffsetx>
   <aligny>center</aligny>
   <texturefocus>list-focus.png</texturefocus>
   <texturenofocus>list-nofocus.png</texturenofocus>
   <label>1014</label>
   <onup>13</onup>
   <onleft>14</onleft>
   <onright>14</onright>
   <ondown>15</ondown>
  </control>

  <control>
   <description>Password Button</description>
   <type>button</type>
   <id>15</id>
   <posx>5</posx>
   <posy>210</posy>
   <width>460</width>
   <height>32</height>
   <font>font12</font>
   <textoffsetx>12</textoffsetx>
   <aligny>center</aligny>
   <texturefocus>list-focus.png</texturefocus>
   <texturenofocus>list-nofocus.png</texturenofocus>
   <label>15052</label>
   <onup>14</onup>
   <onleft>15</onleft>
   <onright>15</onright>
   <ondown>18</ondown>
  </control>

  <control>
   <description>Ok Button</description>
   <type>button</type>
   <id>18</id>
   <posx>120</posx>
   <posy>255</posy>
   <width>100</width>
   <font>font12</font>
   <align>center</align>
   <aligny>center</aligny>
   <label>186</label>
   <onup>15</onup>
   <onleft>19</onleft>
   <onright>19</onright>
   <ondown>10</ondown>
  </control>

  <control>
   <description>Cancel Button</description>
   <type>button</type>
   <id>19</id>
   <posx>250</posx>
   <posy>255</posy>
   <width>100</width>
   <font>font12</font>
   <align>center</align>
   <aligny>center</aligny>
   <label>222</label>
   <onup>15</onup>
   <onleft>18</onleft>
   <onright>18</onright>
   <ondown>10</ondown>
  </control>

 </controls>

</window>

