<window>
  <id>2000</id>
  <defaultcontrol>3</defaultcontrol>

 <coordinates>
  <system>1</system>
  <posx>140</posx>
  <posy>160</posy>
 </coordinates>

 <controls>

		<control>
			<description>Dialog Header</description>
			<type>image</type>
			<id>0</id>
			<posx>-50</posx>
			<posy>-50</posy>
			<width>315</width>
			<height>180</height>
			<texture>dialog_top.png</texture>
		</control>

		<control>
			<description>Dialog Text Area</description>
			<type>image</type>
			<id>0</id>
			<posx>-10</posx>
			<posy>-10</posy>
			<width>490</width>
			<height>310</height>
			<texture>dialog_middle.png</texture>
		</control>

		<control>
			<description>Dialog Footer</description>
			<type>image</type>
			<id>0</id>
			<posx>202</posx>
			<posy>180</posy>
			<width>310</width>
			<height>160</height>
			<texture>dialog_bottom.png</texture>
		</control>

  <control>
   <description>Heading Label</description>
   <type>label</type>
   <id>1</id>
   <posx>10</posx>
   <posy>-2</posy>
   <width>420</width>
   <align>left</align>
   <label>181</label>
   <font>font14</font>
   <include>textcolor-yellow</include>
   <include>shadow-black</include>
  </control>

    <control>
      <description>listcontrol</description>
      <type>listcontrol</type>
      <id>3</id>
      <posx>5</posx>
      <posy>40</posy>
      <width>460</width>
      <height>260</height>
      <spinposx>415</spinposx>
      <spinposy>230</spinposy>
      <onleft>5</onleft>
      <onright>5</onright>
      <onup>5</onup>
      <ondown>5</ondown>
    </control>

    <control>
      <description>imdb Button</description>
      <type>button</type>
      <id>5</id>
      <posx>365</posx>
      <posy>0</posy>
      <width>100</width>
      <align>center</align>
      <label>368</label>
      <onleft>3</onleft>
      <onright>3</onright>
      <onup>3</onup>
      <ondown>3</ondown>
    </control>

  </controls>

</window>

