<window>
  <id>108</id>
  <defaultcontrol>3101</defaultcontrol>
  <include>Fade_Dialog_OpenClose_Animation</include>

 <coordinates>
  <system>1</system>
  <posx>140</posx>
  <posy>160</posy>
 </coordinates>

 <controls>

		<control>
			<description>Dialog Header</description>
			<type>image</type>
			<id>0</id>
			<posx>-50</posx>
			<posy>-50</posy>
			<width>315</width>
			<height>180</height>
			<texture>dialog_top.png</texture>
		</control>

		<control>
			<description>Dialog Text Area</description>
			<type>image</type>
			<id>0</id>
			<posx>-10</posx>
			<posy>-10</posy>
			<width>490</width>
			<height>310</height>
			<texture>dialog_middle.png</texture>
		</control>

		<control>
			<description>Dialog Footer</description>
			<type>image</type>
			<id>0</id>
			<posx>202</posx>
			<posy>180</posy>
			<width>310</width>
			<height>160</height>
			<texture>dialog_bottom.png</texture>
		</control>

  <control>
   <description>Heading Label</description>
   <type>label</type>
   <id>3100</id>
   <posx>10</posx>
   <posy>-2</posy>
   <width>420</width>
   <align>left</align>
   <label>15049</label>
   <font>font14</font>
   <include>textcolor-yellow</include>
   <include>shadow-black</include>
  </control>

    <control>
      <description>hosting type radiobutton</description>
      <type>radiobutton</type>
      <id>3101</id>
      <posx>5</posx>
      <posy>35</posy>
      <height>32</height>
      <width>460</width>
      <textoffsetx>10</textoffsetx>
      <texturefocus>list-focus.png</texturefocus>
      <texturenofocus>list-nofocus.png</texturenofocus>
      <textureradiofocus>settings-check-box.png</textureradiofocus>
      <textureradionofocus>settings-check-boxnf.png</textureradionofocus>
      <label>15050</label>
      <onleft>3101</onleft>
      <onright>3101</onright>
      <onup>3108</onup>
      <ondown>3103</ondown>
    </control>

    <control>
      <description>default spincontrolex</description>
      <type>spincontrolex</type>
      <id>3103</id>
      <posx>5</posx>
      <posy>72</posy>
      <width>460</width>
      <height>32</height>
      <texturefocus>list-focus.png</texturefocus>
      <texturenofocus>list-nofocus.png</texturenofocus>
      <textureup>scroll-up.png</textureup>
      <texturedown>scroll-down.png</texturedown>
      <textureupfocus>scroll-up-focus.png</textureupfocus>
      <texturedownfocus>scroll-down-focus.png</texturedownfocus>
      <font>font13</font>
      <label>15051</label>
      <include>textcolor-white</include>
      <colordiffuse>ffffffff</colordiffuse>
      <disabledcolor>60d0d0d0</disabledcolor>
      <textoffsetx>10</textoffsetx>
      <aligny>center</aligny>
      <reverse>yes</reverse>
      <onleft>3103</onleft>
      <onright>3103</onright>
      <onup>3101</onup>
      <ondown>3105</ondown>
    </control>

  <control>
   <description>Password Label</description>
   <type>label</type>
   <id>3104</id>
   <posx>10</posx>
   <posy>113</posy>
   <width>420</width>
   <font>font12</font>
   <label>15052</label>
   <include>textcolor-yellow</include>
   <include>shadow-black</include>
  </control>

  <control>
   <description>Password Button</description>
   <type>button</type>
   <id>3105</id>
   <posx>5</posx>
   <posy>140</posy>
   <width>460</width>
   <font>font12</font>
   <texturefocus>list-focus.png</texturefocus>
   <texturenofocus>list-nofocus.png</texturenofocus>
   <textoffsetx>12</textoffsetx>
   <textwidth>380</textwidth>
   <aligny>center</aligny>
   <label>-</label>
      <onleft>3105</onleft>
      <onright>3105</onright>
      <onup>3103</onup>
      <ondown>3107</ondown>
  </control>

  <control>
   <description>Description Label</description>
   <type>label</type>
   <id>3106</id>
   <posx>10</posx>
   <posy>187</posy>
   <width>420</width>
   <font>font12</font>
   <label>15053</label>
   <include>textcolor-yellow</include>
   <include>shadow-black</include>
  </control>

  <control>
   <description>Description Button</description>
   <type>button</type>
   <id>3107</id>
   <posx>5</posx>
   <posy>214</posy>
   <width>460</width>
   <font>font12</font>
   <texturefocus>list-focus.png</texturefocus>
   <texturenofocus>list-nofocus.png</texturenofocus>
   <textoffsetx>12</textoffsetx>
   <textwidth>380</textwidth>
   <aligny>center</aligny>
   <label>-</label>
      <onleft>3107</onleft>
      <onright>3107</onright>
      <onup>3105</onup>
      <ondown>3108</ondown>
  </control>

  <control>
   <description>Ok Button</description>
   <type>button</type>
   <id>3108</id>
   <posx>120</posx>
   <posy>255</posy>
   <width>100</width>
   <align>center</align>
   <aligny>center</aligny>
   <label>186</label>
      <onleft>3108</onleft>
      <onright>3109</onright>
      <onup>3107</onup>
      <ondown>3101</ondown>
  </control>

  <control>
   <description>Cancel Button</description>
   <type>button</type>
   <id>3109</id>
   <posx>250</posx>
   <posy>255</posy>
   <width>100</width>
   <align>center</align>
   <aligny>center</aligny>
   <label>222</label>
      <onleft>3108</onleft>
      <onright>3109</onright>
      <onup>3107</onup>
      <ondown>3101</ondown>
  </control>

  </controls>

</window>

