<window>
  <id>111</id>
  <defaultcontrol>3112</defaultcontrol>
  <type>buttonmenu</type>
  <include>Fade_Dialog_OpenClose_Animation</include>
  <coordinates>
    <system>1</system>
      <posx>60</posx>
      <posy>230</posy>
  </coordinates>

  <controls>

<!-- With master lock -->
  <controlgroup>
    <control>
      <type>image</type>
      <id>0</id>
      <posx>0</posx>
      <posy>5</posy>
      <width>600</width>
      <height>86</height>
      <texture>Button_Bar.png</texture>
    </control>

    <control>
      <description>dashboard button</description>
      <type>button</type>
      <id>3110</id>
      <posx>60</posx>
      <posy>25</posy>
      <width>40</width>
      <height>38</height>
      <texturefocus>button_bar_dashFO.png</texturefocus>
      <texturenofocus>button_bar_dashNF.png</texturenofocus>
      <onclick>xbmc.dashboard()</onclick>
      <onleft>3116</onleft>
      <onright>3111</onright>
      <onup>3110</onup>
      <ondown>3110</ondown>
      <font>-</font>
      <label>13006</label>
    </control>

    <control>
      <description>reboot button</description>
      <type>button</type>
      <id>3111</id>
      <posx>105</posx>
      <posy>25</posy>
      <width>40</width>
      <height>38</height>
      <texturefocus>button_bar_restartFO.png</texturefocus>
      <texturenofocus>button_bar_restartNF.png</texturenofocus>
      <onclick>XBMC.Reset()</onclick>
      <onleft>3110</onleft>
      <onright>3112</onright>
      <onup>3111</onup>
      <ondown>3111</ondown>
      <font>-</font>
      <label>13313</label>
    </control>

    <control>
      <description>shutdown button</description>
      <type>button</type>
      <id>3112</id>
      <posx>150</posx>
      <posy>25</posy>
      <width>40</width>
      <height>38</height>
      <texturefocus>button_bar_shutdownFO.png</texturefocus>
      <texturenofocus>button_bar_shutdownNF.png</texturenofocus>
      <onclick>xbmc.shutdown()</onclick>
      <onleft>3111</onleft>
      <onright>3113</onright>
      <onup>3115</onup>
      <ondown>3115</ondown>
      <font>-</font>
      <label>13005</label>
    </control>

   <control>
      <description>Restart XBMC button</description>
      <type>button</type>
      <id>3115</id>
      <posx>150</posx>
      <posy>25</posy>
      <width>40</width>
      <height>38</height>
      <texturefocus>button_bar_shutdownFO.png</texturefocus>
      <texturenofocus>-</texturenofocus>
      <onclick>xbmc.RestartApp()</onclick>
      <onleft>3111</onleft>
      <onright>3113</onright>
      <onup>3112</onup>
      <ondown>3112</ondown>
      <font>-</font>
      <label>$LOCALIZE[13313] XBMC</label>
    </control>

    <control>
      <description>system info button</description>
      <type>button</type>
      <id>3113</id>
      <posx>195</posx>
      <posy>25</posy>
      <width>40</width>
      <height>38</height>
      <texturefocus>button_bar_infoFO.png</texturefocus>
      <texturenofocus>button_bar_infoNF.png</texturenofocus>
      <onclick>XBMC.ActivateWindow(7)</onclick>
      <onleft>3112</onleft>
      <onright>3114</onright>
      <onup>3113</onup>
      <ondown>3113</ondown>
      <font>-</font>
      <label>130</label>
    </control>

   <control>
    <description>Enter master mode / Leave master mode</description>
    <type>togglebutton</type>
    <id>3114</id>
    <posx>240</posx>
    <posy>25</posy>
    <width>40</width>
    <height>38</height>
    <label>20045</label>
    <altlabel>20046</altlabel>
    <texturefocus>button_bar_lockedFO.png</texturefocus>
    <texturenofocus>button_bar_lockedNF.png</texturenofocus>
    <usealttexture>System.IsMaster</usealttexture>
    <alttexturefocus>button_bar_unlockedFO.png</alttexturefocus>
    <alttexturenofocus>button_bar_unlockedNF.png</alttexturenofocus>
    <onclick>xbmc.mastermode</onclick>
    <pulseonselect>no</pulseonselect>
    <onleft>3113</onleft>
    <onright>3116</onright>
    <onup>3114</onup>
    <ondown>3114</ondown>
    <font>-</font>
    <visible>System.LoggedOn + System.HasLocks</visible>
   </control>

    <control>
      <description> Log off button</description>
      <type>button</type>
      <id>3116</id>
      <posx>285</posx>
      <posy>25</posy>
      <width>40</width>
      <height>38</height>
      <texturefocus>button_bar_logoffFO.png</texturefocus>
      <texturenofocus>button_bar_logoffNF.png</texturenofocus>
      <onclick>system.logoff</onclick>
      <onleft>3114</onleft>
      <onright>3110</onright>
      <onup>3116</onup>
      <ondown>3116</ondown>
      <font>-</font>
      <label>20126</label>
      <visible>System.LoggedOn + System.HasLoginScreen</visible>
    </control>

  </controlgroup>

    <control>
      <description>label control</description>
      <type>label</type>
      <id>3100</id>
      <posx>352</posx>
      <posy>28</posy>
      <width>322</width>
      <height>20</height>
      <font>font14</font>
      <include>textcolor-green2</include>
    </control>

  </controls>

</window>

