<window>
  <id>2002</id>
  <defaultcontrol>10</defaultcontrol>
 <include>Fade_Dialog_OpenClose_Animation</include>

 <coordinates>
  <system>1</system>
  <posx>150</posx>
  <posy>180</posy>
 </coordinates>

  <controls>

    <control>
      <type>image</type>
      <id>0</id>
      <posx>0</posx>
      <posy>5</posy>
      <width>440</width>
      <height>175</height>
      <texture>dialog-popup.png</texture>
    </control>

    <control>
      <description>dialog heading</description>
      <type>label</type>
      <id>1</id>
      <posx>20</posx>
      <posy>10</posy>
      <label>0</label>
      <font>font14</font>
      <include>textcolor-black</include>
    </control>

    <control>
      <description>dialog line 1</description>
      <type>label</type>
      <id>2</id>
      <posx>20</posx>
      <posy>50</posy>
      <label>0</label>
      <font>font13</font>
      <include>textcolor-black</include>
    </control>

    <control>
      <description>dialog line 2</description>
      <type>label</type>
      <id>3</id>
      <posx>20</posx>
      <posy>75</posy>
      <label>0</label>
      <font>font13</font>
      <include>textcolor-black</include>
    </control>

    <control>
      <description>dialog line 3</description>
      <type>label</type>
      <id>4</id>
      <posx>20</posx>
      <posy>100</posy>
      <label>0</label>
      <font>font13</font>
      <include>textcolor-black</include>
    </control>

    <control>
      <description>OK button</description>
      <type>button</type>
      <id>10</id>
      <posx>170</posx>
      <posy>135</posy>
      <width>100</width>
      <height>32</height>
      <label>186</label>
      <align>center</align>
      <onleft>10</onleft>
      <onright>10</onright>
      <onup>10</onup>
      <ondown>10</ondown>
    </control>


  </controls>

</window>

