<window>

 <id>126</id>
 <defaultcontrol alwyays="true">450</defaultcontrol>
 <allowoverlay>no</allowoverlay>
 <include>Fade_Dialog_OpenClose_Animation</include>

 <coordinates>
  <system>1</system>
  <posx>140</posx>
  <posy>160</posy>
 </coordinates>

 <controls>


		<control>
			<description>Dialog Header</description>
			<type>image</type>
			<id>1</id>
			<posx>-50</posx>
			<posy>-50</posy>
			<width>315</width>
			<height>180</height>
			<texture>dialog_top.png</texture>
			<visible>!Window.IsActive(129)</visible>
		</control>

		<control>
			<description>Dialog Text Area</description>
			<type>image</type>
			<id>1</id>
			<posx>-10</posx>
			<posy>-10</posy>
			<width>490</width>
			<height>310</height>
			<texture>dialog_middle.png</texture>
		</control>

		<control>
			<description>Dialog Footer</description>
			<type>image</type>
			<id>1</id>
			<posx>202</posx>
			<posy>180</posy>
			<width>310</width>
			<height>160</height>
			<texture>dialog_bottom.png</texture>
			<visible>!Window.IsActive(129)</visible>
		</control>



  <control>
   <description>Heading Label</description>
   <type>label</type>
   <id>411</id>
   <posx>10</posx>
   <posy>-2</posy>
   <width>420</width>
   <align>left</align>
   <label>1023</label>
   <font>font14</font>
   <include>textcolor-yellow</include>
   <include>shadow-black</include>
  </control>

  <control>
   <description>path label</description>
   <type>label</type>
   <id>412</id>
   <posx>5</posx>
   <posy>35</posy>
   <width>420</width>
   <haspath>true</haspath>
   <font>font12</font>
   <label>1021</label>
  </control>

  <control>
   <description>listcontrol</description>
   <type>listcontrol</type>
   <id>450</id>
   <posx>5</posx>
   <posy>60</posy>
   <width>365</width>
   <height>260</height>
   <onleft>413</onleft>
   <onright>413</onright>
   <onup>413</onup>
   <ondown>413</ondown>
  </control>

  <control>
   <description>thumbnailpanel</description>
   <type>thumbnailpanel</type>
   <id>451</id>
   <posx>5</posx>
   <posy>60</posy>
   <width>365</width>
   <height>260</height>
    <itemwidth>120</itemwidth>
    <itemheight>120</itemheight>
    <texturewidth>92</texturewidth>
    <textureheight>90</textureheight>
    <thumbwidth>82</thumbwidth>
    <thumbheight>80</thumbheight>
   <onleft>413</onleft>
   <onright>413</onright>
   <onup>413</onup>
   <ondown>413</ondown>
  </control>

  <controlgroup>

   <control>
    <description>OK button</description>
    <type>button</type>
    <id>413</id>
    <posx>375</posx>
    <posy>60</posy>
    <width>90</width>
    <font>font12</font>
    <align>center</align>
    <label>186</label>
    <onleft>450</onleft>
    <onright>414</onright>
    <onup>415</onup>
    <ondown>414</ondown>
   </control>

   <control>
    <description>Cancel button</description>
    <type>button</type>
    <id>414</id>
    <posx>375</posx>
    <posy>100</posy>
    <width>90</width>
    <font>font12</font>
    <align>center</align>
    <label>222</label>
    <onleft>450</onleft>
    <onright>450</onright>
    <onup>413</onup>
    <ondown>415</ondown>
   </control>

   <control>
    <description>Create folder button</description>
    <type>button</type>
    <id>415</id>
    <posx>375</posx>
    <posy>140</posy>
    <width>90</width>
    <font>font12</font>
    <align>center</align>
    <label>119</label>
    <onleft>450</onleft>
    <onright>450</onright>
    <onup>414</onup>
    <ondown>413</ondown>
  </control>

  </controlgroup>

 </controls>

</window>

