<window>
  <id>2006</id>
  <defaultcontrol>2</defaultcontrol>
  <allowoverlay>no</allowoverlay>
  <controls>
    <control>
      <description>visualisation</description>
      <type>visualisation</type>
      <id>2</id>
      <posx>0</posx>
      <posy>0</posy>
      <width>720</width>
      <height>576</height>
    </control>

 <!-- codec & viz infos -->

    <control>
      <description>bar image</description>
      <type>image</type>
      <id>0</id>
      <posx>40</posx>
      <posy>40</posy>
      <width>640</width>
      <height>65</height>
      <colordiffuse>AAffffff</colordiffuse>
      <texture>blue-rectangleNF.png</texture>
      <animation effect="fade" time="300">VisibleChange</animation>
      <visible>Player.ShowCodec</visible>
    </control>

  <control>
   <description>Codecinfo</description>
   <type>label</type>
   <id>0</id>
   <width>600</width>
   <posx>75</posx>
   <posy>50</posy>
   <label>Audio | $INFO[musicplayer.Codec,Codec:,]$INFO[musicplayer.Bitrate, - Bitrate:,kbps]$INFO[musicplayer.bitspersample, - Bits:,bit]$INFO[musicplayer.Samplerate, - Freq.: ,kHz]$INFO[musicplayer.Channels, - Channels: ]</label>
   <align>left</align>
   <font>font12</font>
   <visible>Player.ShowCodec</visible>
   <animation effect="fade" time="300">VisibleChange</animation>
  </control>

  <control>
   <description>Presets label</description>
   <type>label</type>
   <id>0</id>
   <posx>75</posx>
   <posy>75</posy>
   <width>560</width>
   <label>Visuals | fps: $INFO[System.FPS] -</label>
   <font>font12</font>
   <align>left</align>
   <visible>Player.ShowCodec</visible>
   <animation effect="fade" time="300">VisibleChange</animation>
  </control>

  <control>
   <description>Presets label</description>
   <type>label</type>
   <id>0</id>
   <posx>265</posx>
   <posy>75</posy>
   <width>420</width>
   <label>$INFO[Visualisation.Name]$INFO[Visualisation.Preset, - ]</label>
   <font>font12</font>
   <align>left</align>
   <visible>Player.ShowCodec</visible>
   <animation effect="fade" time="300">VisibleChange</animation>
  </control>

  <control>
   <type>image</type>
   <description>Preset locked image</description>
   <id>0</id>
   <posx>240</posx>
   <posy>78</posy>
   <width>18</width>
   <height>18</height>
   <visible>Visualisation.Locked + Player.ShowCodec</visible>
   <animation effect="fade" time="300">VisibleChange</animation>
   <texture>arenaitem-private.png</texture>
  </control>

 <!-- media infos -->

  <control>
   <description>media info background image</description>
   <type>image</type>
   <id>1</id>
   <posx>40</posx>
   <posy>430</posy>
   <width>640</width>
   <height>110</height>
   <visible>Player.ShowInfo</visible>
   <animation effect="fade" time="1000">VisibleChange</animation>
   <colordiffuse>AAffffff</colordiffuse>
   <texture>blue-rectangleNF.png</texture>
  </control>

	<control>
		<description>CD Cover Image</description>
		<type>image</type>
		<id>1</id>
		<posx>45</posx>
		<posy>435</posy>
		<width>100</width>
		<height>100</height>
		<info>MusicPlayer.Cover</info>
		<aspectratio>keep</aspectratio>
		<visible>Player.ShowInfo</visible>
		<animation effect="fade" time="1000">VisibleChange</animation>
	</control>

  <control>
   <description>Artist label</description>
   <type>label</type>
   <id>1</id>
   <width>445</width>
   <posx>175</posx>
   <posy>438</posy>
   <info>MusicPlayer.Artist</info>
   <visible>Player.ShowInfo</visible>
   <animation effect="fade" time="1000">VisibleChange</animation>
   <align>left</align>
   <font>font13</font>
  </control>

  <control>
   <description>Title label</description>
   <type>label</type>
   <id>1</id>
   <width>430</width>
   <posx>175</posx>
   <posy>459</posy>
   <info>MusicPlayer.Title</info>
   <include>textcolor-yellow</include>
   <visible>Player.ShowInfo</visible>
   <animation effect="fade" time="1000">VisibleChange</animation>
   <align>left</align>
   <font>font14</font>
  </control>

  <control>
   <description>Album label</description>
   <type>label</type>
   <id>1</id>
   <width>430</width>
   <posx>175</posx>
   <posy>487</posy>
   <info>MusicPlayer.Album</info>
   <visible>Player.ShowInfo</visible>
   <animation effect="fade" time="1000">VisibleChange</animation>
   <align>left</align>
   <font>font12</font>
  </control>

  <control>
   <description>time label</description>
   <type>label</type>
   <id>1</id>
   <width>430</width>
   <posx>175</posx>
   <posy>508</posy>
   <label>$INFO[musicplayer.Time]$INFO[musicplayer.Duration, / ]</label>
   <visible>Player.ShowInfo</visible>
   <animation effect="fade" time="1000">VisibleChange</animation>
   <align>left</align>
   <font>font12</font>
  </control>

  <control>
   <description>Playlist Pos No</description>
   <type>label</type>
   <id>1</id>
   <width>200</width>
   <posx>660</posx>
   <posy>508</posy>
   <label>$INFO[musicplayer.Playlistposition,$LOCALIZE[435] ]$INFO[musicplayer.Playlistlength, / ]</label>
   <visible>Player.ShowInfo + !MusicPartyMode.Enabled</visible>
   <animation effect="fade" time="1000">VisibleChange</animation>
   <align>right</align>
   <font>font12</font>
  </control>

  <control>
   <description>PartyMode Enabled</description>
   <type>label</type>
   <id>1</id>
   <width>200</width>
   <posx>660</posx>
   <posy>508</posy>
   <label>589</label>
   <visible>Player.ShowInfo + MusicPartyMode.Enabled</visible>
   <animation effect="fade" time="1000">VisibleChange</animation>
   <align>right</align>
   <font>font12</font>
  </control>


  </controls>

</window>

