<window>
  <id>500</id>
  <defaultcontrol>2</defaultcontrol>
  <allowoverlay>yes</allowoverlay>
  <controls>

    <control>
      <description>visualisation</description>
      <type>visualisation</type>
      <posx>0</posx>
      <posy>0</posy>
      <width>720</width>
      <height>576</height>
      <visible>Skin.HasSetting(VisBackground)</visible>
    </control>

    <control>
      <description>background image</description>
      <type>image</type>
      <posx>0</posx>
      <posy>0</posy>
      <width>720</width>
      <height>576</height>
      <texture>background.png</texture>
    </control>

    <include>IPodGirl_Image</include>
    <include>XBMC_Logo_Image</include>

    <control>
      <description>my Music text label</description>
      <type>label</type>
      <posx>242</posx> 
      <posy>70</posy>
      <label>10517</label>
      <font>font14</font>
      <include>textcolor-yellow</include>
      <include>shadow-black</include>
      <include>Slide_From_Left_Animation</include>
    </control>

    <control>
      <description>number of files text label</description>
      <type>label</type>
      <id>12</id>
      <posx>225</posx>
      <posy>525</posy>
      <label>-</label>
      <font>font13</font>
      <include>textcolor-yellow</include>
      <include>Slide_From_Right_Animation</include>
    </control>

    <control>
      <description>panel</description>
      <type>image</type>
      <posx>55</posx>
      <posy>115</posy>
      <height>250</height>
      <width>150</width>
      <texture>panel.png</texture>
      <include>Slide_From_Left_Animation</include>
    </control>

    <control>
      <description>Middle panel Bar</description>
      <type>image</type>
      <posx>55</posx>
      <posy>153</posy>
      <height>20</height>
      <width>150</width>
      <texture>middle-bar.png</texture>
      <include>Slide_From_Left_Animation</include>
    </control>


<!-------------------------->


    <controlgroup>
      <control>
        <description>view as icons button</description>
        <type>button</type>
        <id>2</id>
        <posx>60</posx>
        <posy>120</posy>
        <label>100</label>
        <font>font13</font>
        <onleft>50</onleft>
        <onright>50</onright>
        <onup>22</onup>
        <ondown>20</ondown>
        <texturenofocus>-</texturenofocus>
        <include>Slide_From_Left_Animation</include>
      </control>

      <control>
        <description>shuffle button</description>
        <type>radiobutton</type>
        <id>20</id>
        <posx>60</posx>
        <posy>177</posy>
        <label>191</label>
        <onleft>50</onleft>
        <onright>50</onright>
        <onup>2</onup>
        <ondown>28</ondown>
        <texturenofocus>-</texturenofocus>
        <include>Slide_From_Left_Animation</include>
      </control>

      <control>
        <description>Randomize button</description>
        <type>radiobutton</type>
        <id>28</id>
        <posx>60</posx>
        <posy>214</posy>
        <label>13319</label>
        <onleft>50</onleft>
        <onright>50</onright>
        <onup>20</onup>
        <ondown>26</ondown>
        <texturenofocus>-</texturenofocus>
        <include>Slide_From_Left_Animation</include>
      </control>

      <control>
        <description>repeat button</description>
        <type>button</type>
        <id>26</id>
        <posx>60</posx>
        <posy>251</posy>
        <label>-</label>
        <onleft>50</onleft>
        <onright>50</onright>
        <onup>28</onup>
        <ondown>21</ondown>
        <texturenofocus>-</texturenofocus>
        <include>Slide_From_Left_Animation</include>
      </control>

      <control>
        <description>save button</description>
        <type>button</type>
        <id>21</id>
        <posx>60</posx>
        <posy>288</posy>
        <label>190</label>
        <font>font13</font>
        <onup>26</onup>
        <ondown>22</ondown>
        <onleft>50</onleft>
        <onright>50</onright>
        <texturenofocus>-</texturenofocus>
        <include>Slide_From_Left_Animation</include>
      </control>

      <control>
        <description>clear button</description>
        <type>button</type>
        <id>22</id>
        <posx>60</posx>
        <posy>325</posy>
        <label>192</label>
        <font>font13</font>
        <onleft>50</onleft>
        <onright>50</onright>
        <onup>21</onup>
        <ondown>2</ondown>
        <texturenofocus>-</texturenofocus>
        <include>Slide_From_Left_Animation</include>
      </control>

    </controlgroup>

    <control>
      <description>apps listcontrol</description>
      <type>listcontrol</type>
      <id>50</id>
      <onleft>2</onleft>
      <onright>2</onright>
      <onup>50</onup>
      <ondown>50</ondown>
      <include>Slide_From_Right_Animation</include>
    </control>

    <control>
      <description>thumbnailpanel</description>
      <type>thumbnailpanel</type>
      <id>51</id>
      <onleft>2</onleft>
      <onright>2</onright>
      <onup>51</onup>
      <ondown>51</ondown>
      <include>Slide_From_Right_Animation</include>
    </control>

    <include>ListItemIcon</include>

  </controls>

</window>

