<window>
  <id>502</id>
  <defaultcontrol>2</defaultcontrol>
  <allowoverlay>yes</allowoverlay>
  <controls>

    <control>
      <description>visualisation</description>
      <type>visualisation</type>
      <posx>0</posx>
      <posy>0</posy>
      <width>720</width>
      <height>576</height>
      <visible>Skin.HasSetting(VisBackground)</visible>
    </control>

    <control>
      <description>background image</description>
      <type>image</type>
      <posx>0</posx>
      <posy>0</posy>
      <width>720</width>
      <height>576</height>
      <texture>background.png</texture>
    </control>

    <include>IPodGirl_Image</include>
    <include>XBMC_Logo_Image</include>

    <control>
      <description>my Music text label</description>
      <type>label</type>
      <posx>242</posx> 
      <posy>70</posy>
      <label>10516</label>
      <font>font14</font>
      <include>textcolor-yellow</include>
      <include>shadow-black</include>
      <include>Slide_From_Left_Animation</include>
    </control>

    <control>
      <description>filter text label</description>
      <type>label</type>
      <id>15</id>
      <align>right</align>
      <posx>660</posx>
      <posy>70</posy>
      <label>-</label>
      <font>font14</font>
      <include>textcolor-yellow</include>
      <include>shadow-black</include>
      <include>Slide_From_Right_Animation</include>
    </control>

    <control>
      <description>number of files text label</description>
      <type>label</type>
      <id>12</id>
      <posx>225</posx>
      <posy>525</posy>
      <label>-</label>
      <font>font13</font>
      <include>textcolor-yellow</include>
      <include>Slide_From_Right_Animation</include>
    </control>

    <control>
      <description>panel</description>
      <type>image</type>
      <posx>55</posx>
      <posy>115</posy>
      <height>250</height>
      <width>150</width>
      <texture>panel.png</texture>
      <include>Slide_From_Left_Animation</include>
    </control>

    <control>
      <description>Middle panel Bar</description>
      <type>image</type>
      <posx>55</posx>
      <posy>190</posy>
      <height>20</height>
      <width>150</width>
      <texture>middle-bar.png</texture>
      <include>Slide_From_Left_Animation</include>
    </control>


<!-------------------------->


    <controlgroup>
      <control>
        <description>view as icons button</description>
        <type>button</type>
        <id>2</id>
        <posx>60</posx>
        <posy>120</posy>
        <label>100</label>
        <font>font13</font>
        <onleft>50</onleft>
        <onright>50</onright>
        <onup>16</onup>
        <ondown>3</ondown>
        <texturenofocus>-</texturenofocus>
        <include>Slide_From_Left_Animation</include>
      </control>

      <control>
        <description>sort by button</description>
        <type>button</type>
        <id>3</id>
        <posx>60</posx>
        <posy>157</posy>
        <label>103</label>
        <font>font13</font>
        <onleft>50</onleft>
        <onright>4</onright>
        <onup>2</onup>
        <ondown>5</ondown>
        <texturenofocus>-</texturenofocus>
        <include>Slide_From_Left_Animation</include>
      </control>

      <control>
        <description>sort asc</description>
        <type>togglebutton</type>
        <id>4</id>
        <label>-</label>
        <onleft>3</onleft>
        <onright>50</onright>
        <onup>4</onup>
        <ondown>5</ondown>
        <include>Slide_From_Left_Animation</include>
      </control>

      <control>
        <description>albums/artists/songs/genres button</description>
        <type>selectbutton</type>
        <id>5</id>
        <posx>60</posx>
        <posy>214</posy>
        <label>457</label>
        <font>font13</font>
        <onleft>50</onleft>
        <onright>50</onright>
        <onup>3</onup>
        <ondown>8</ondown>
        <texturenofocus>-</texturenofocus>
        <include>Slide_From_Left_Animation</include>
      </control>

      <control>
        <description>search button</description>
        <type>button</type>
        <id>8</id>
        <posx>60</posx>
        <posy>251</posy>
        <label>137</label>
        <font>font13</font>
        <onleft>50</onleft>
        <onright>50</onright>
        <onup>5</onup>
        <ondown>17</ondown>
        <texturenofocus>-</texturenofocus>
        <include>Slide_From_Left_Animation</include>
      </control>

      <control>
        <description>AllMusic button</description>
        <type>button</type>
        <id>17</id>
        <posx>60</posx>
        <posy>288</posy>
        <label>Allmusic</label>
        <onleft>50</onleft>
        <onright>50</onright>
        <onup>8</onup>
        <ondown>16</ondown>
        <texturenofocus>-</texturenofocus>
        <include>Slide_From_Left_Animation</include>
      </control>

      <control>
        <description>Partymode button</description>
        <type>radiobutton</type>
        <id>16</id>
        <posx>60</posx>
        <posy>325</posy>
        <label>589</label>
        <onleft>50</onleft>
        <onright>50</onright>
        <onup>17</onup>
        <ondown>2</ondown>
        <texturenofocus>-</texturenofocus>
        <include>Slide_From_Left_Animation</include>
      </control>

    </controlgroup>

    <control>
      <description>apps listcontrol</description>
      <type>listcontrol</type>
      <id>50</id>
      <onleft>2</onleft>
      <onright>2</onright>
      <onup>50</onup>
      <ondown>50</ondown>
      <include>Slide_From_Right_Animation</include>
    </control>

    <control>
      <description>thumbnailpanel</description>
      <type>thumbnailpanel</type>
      <id>51</id>
      <onleft>2</onleft>
      <onright>2</onright>
      <onup>51</onup>
      <ondown>51</ondown>
      <include>Slide_From_Right_Animation</include>
    </control>

    <control>
      <description>big listcontrol</description>
      <type>listcontrol</type>
      <id>52</id>
      <posy>121</posy>
      <height>430</height>
      <spinwidth>16</spinwidth>
      <spinheight>16</spinheight>
      <include>textcolor-spincontrol</include>
      <spinposx>415</spinposx>
      <spinposy>405</spinposy>
      <textureup>scroll-up.png</textureup>
      <texturedown>scroll-down.png</texturedown>
      <textureupfocus>scroll-up-focus.png</textureupfocus>
      <texturedownfocus>scroll-down-focus.png</texturedownfocus>
      <texturefocus>blue-rectangle.png</texturefocus>
      <texturenofocus>blue-rectanglenf.png</texturenofocus>
      <font>font14</font>
      <font2>font13</font2>
      <include>textcolor-selected</include>
      <include>textcolor-white</include>
      <include>textcolor-selected2</include>
      <include>textcolor2-white</include>
      <colordiffuse>ffffffff</colordiffuse>
      <suffix>|</suffix>
      <textxoff>10</textxoff>
      <textyoff>10</textyoff>
      <textxoff2>430</textxoff2>
      <textyoff2>90</textyoff2>
      <aligny>top</aligny>
      <itemwidth>100</itemwidth>
      <itemheight>102</itemheight>
      <spacebetweenitems>10</spacebetweenitems>
      <textureheight>120</textureheight>
      <onleft>2</onleft>
      <onright>2</onright>
      <onup>52</onup>
      <ondown>52</ondown>
      <include>Slide_From_Right_Animation</include>
    </control>

    <include>ListItemIcon</include>

  </controls>

</window>

