<window>
  <id>1</id>
  <defaultcontrol>2</defaultcontrol>
  <allowoverlay>yes</allowoverlay>
  <controls>
    <control>
      <description>visualisation</description>
      <type>visualisation</type>
      <posx>0</posx>
      <posy>0</posy>
      <width>720</width>
      <height>576</height>
      <visible>Skin.HasSetting(VisBackground)</visible>
    </control>

    <control>
      <description>background image</description>
      <type>image</type>
      <posx>0</posx>
      <posy>0</posy>
      <width>720</width>
      <height>576</height>
      <texture>background.png</texture>
    </control>

    <include>Controller_Image</include>
    <include>MasterChief_Image</include>
    <include>XBMC_Logo_Image</include>

    <control>
      <description>my programs text label</description>
      <type>label</type>
      <posx>242</posx> 
      <posy>70</posy>
      <label>0</label>
      <font>font14</font>
      <include>textcolor-yellow</include>
      <include>shadow-black</include>
      <include>Slide_From_Left_Animation</include>
    </control>

    <control>
      <description>number of files text label</description>
      <type>label</type>
      <id>12</id>
      <posx>225</posx>
      <posy>525</posy>
      <label>-</label>
      <font>font13</font>
      <include>textcolor-yellow</include>
      <include>Slide_From_Right_Animation</include>
    </control>

    <control>
      <description>panel</description>
      <type>image</type>
      <posx>55</posx>
      <posy>115</posy>
      <height>250</height>
      <width>150</width>
      <texture>panel.png</texture>
      <include>Slide_From_Left_Animation</include>
    </control>

    <control>
      <description>Middle panel Bar</description>
      <type>image</type>
      <posx>55</posx>
      <posy>190</posy>
      <height>20</height>
      <width>150</width>
      <texture>middle-bar.png</texture>
      <include>Slide_From_Left_Animation</include>
    </control>

    <controlgroup>
      <control>
        <description>view as icons button</description>
        <type>button</type>
        <id>2</id>
        <posx>60</posx>
        <posy>120</posy>
        <label>100</label>
        <onleft>50</onleft>
        <onright>50</onright>
        <onup>99</onup>
        <ondown>3</ondown>
        <texturenofocus>-</texturenofocus>
        <include>Slide_From_Left_Animation</include>
      </control>

      <control>
        <description>sort by button</description>
        <type>button</type>
        <id>3</id>
        <posx>60</posx>
        <posy>157</posy>
        <label>103</label>
        <onleft>50</onleft>
        <onright>4</onright>
        <onup>2</onup>
        <ondown>99</ondown>
        <texturenofocus>-</texturenofocus>
        <include>Slide_From_Left_Animation</include>
      </control>

      <control>
        <description>sort asc</description>
        <type>togglebutton</type>
        <id>4</id>
        <label>-</label>
        <onleft>3</onleft>
        <onright>50</onright>
        <onup>2</onup>
        <ondown>99</ondown>
        <include>Slide_From_Left_Animation</include>
      </control>

      <control>
        <description>online gaming button</description>
        <type>button</type>
        <id>99</id>
        <posx>60</posx>
        <posy>215</posy>
        <label>998</label>
        <onclick>ActivateWindow(2700)</onclick>
        <onleft>50</onleft>
        <onright>50</onright>
        <onup>3</onup>
        <ondown>2</ondown>
        <texturenofocus>-</texturenofocus>
        <include>Slide_From_Left_Animation</include>
      </control>

    </controlgroup>

    <control>
      <description>apps listcontrol</description>
      <type>listcontrol</type>
      <id>50</id>
      <onleft>2</onleft>
      <onright>2</onright>
      <onup>50</onup>
      <ondown>50</ondown>
      <include>Slide_From_Right_Animation</include>
    </control>

    <control>
      <description>thumbnailpanel</description>
      <type>thumbnailpanel</type>
      <id>51</id>
      <onleft>2</onleft>
      <onright>2</onright>
      <onup>51</onup>
      <ondown>51</ondown>
      <include>Slide_From_Right_Animation</include>
    </control>

    <include>ListItemIcon</include>

  </controls>

</window>

