<window>
  <id>114</id>
  <defaultcontrol>211</defaultcontrol>
  <type>buttonmenu</type>
  <include>Slide_From_Right_Animation</include>

  <coordinates>
    <system>1</system>
    <posx>470</posx>
    <posy>490</posy>
  </coordinates>

  <controls>
    <control>
      <description>popup volume dialog background</description>
      <type>image</type>
      <id>0</id>
      <posx>0</posx>
      <posy>0</posy>
      <width>256</width>
      <height>64</height>
      <texture>voulume-panel-bg.png</texture>
    </control>

    <control>
      <description>Stop button</description>
      <type>button</type>
      <id>210</id>
      <posx>49</posx>
      <posy>17</posy>
      <width>25</width>
      <height>25</height>
      <texturefocus>osd_button_stopFO.png</texturefocus>
      <texturenofocus>osd_button_stopNF.png</texturenofocus>
      <onclick>XBMC.PlayerControl(Stop)</onclick>
      <onleft>215</onleft>
      <onright>211</onright>
      <onup>210</onup>
      <ondown>210</ondown>
      <font>-</font>
      <label>-</label>
    </control>

    <control>
      <description>Play / Pause button</description>
      <type>togglebutton</type>
      <id>211</id>
      <posx>77</posx>
      <posy>17</posy>
      <width>25</width>
      <height>25</height>
      <texturefocus>osd_button_playFO.png</texturefocus>
      <texturenofocus>osd_button_playNF.png</texturenofocus>
      <alttexturefocus>osd_button_pauseFO.png</alttexturefocus>
      <alttexturenofocus>osd_button_pauseNF.png</alttexturenofocus>
      <onclick>XBMC.PlayerControl(Play)</onclick>
      <onleft>210</onleft>
      <onright>212</onright>
      <onup>211</onup>
      <ondown>211</ondown>
      <font>-</font>
      <label>-</label>
    </control>

    <control>
      <description>Prev Track button</description>
      <type>button</type>
      <id>212</id>
      <posx>105</posx>
      <posy>17</posy>
      <width>25</width>
      <height>25</height>
      <texturefocus>osd_button_prevFO.png</texturefocus>
      <texturenofocus>osd_button_prevNF.png</texturenofocus>
      <onclick>XBMC.PlayerControl(Previous)</onclick>
      <onleft>211</onleft>
      <onright>213</onright>
      <onup>212</onup>
      <ondown>212</ondown>
      <font>-</font>
      <label>-</label>
    </control>

    <control>
      <description>Next Track button</description>
      <type>button</type>
      <id>213</id>
      <posx>133</posx>
      <posy>17</posy>
      <width>25</width>
      <height>25</height>
      <texturefocus>osd_button_nextFO.png</texturefocus>
      <texturenofocus>osd_button_nextNF.png</texturenofocus>
      <onclick>XBMC.PlayerControl(Next)</onclick>
      <onleft>212</onleft>
      <onright>214</onright>
      <onup>213</onup>
      <ondown>213</ondown>
      <font>-</font>
      <label>-</label>
    </control>

    <control>
      <description>Rewind button</description>
      <type>button</type>
      <id>214</id>
      <posx>161</posx>
      <posy>17</posy>
      <width>25</width>
      <height>25</height>
      <texturefocus>osd_button_rwFO.png</texturefocus>
      <texturenofocus>osd_button_rwNF.png</texturenofocus>
      <onclick>XBMC.PlayerControl(Rewind)</onclick>
      <onleft>213</onleft>
      <onright>215</onright>
      <onup>214</onup>
      <ondown>214</ondown>
      <font>-</font>
      <label>-</label>
    </control>

    <control>
      <description> Fast Forward button</description>
      <type>button</type>
      <id>215</id>
      <posx>189</posx>
      <posy>17</posy>
      <width>25</width>
      <height>25</height>
      <texturefocus>osd_button_ffFO.png</texturefocus>
      <texturenofocus>osd_button_ffNF.png</texturenofocus>
      <onclick>XBMC.PlayerControl(Forward)</onclick>
      <onleft>214</onleft>
      <onright>210</onright>
      <onup>215</onup>
      <ondown>215</ondown>
      <font>-</font>
      <label>-</label>
    </control>

  </controls>

</window>