<window>
  <id>105</id>
  <defaultcontrol>1</defaultcontrol>
  <coordinates>
    <system>1</system>
    <posx>0</posx>
    <posy>0</posy>
  </coordinates>

  <controls>
    <control>
      <description>pointer image</description>
      <type>image</type>
      <id>1</id>
      <posx>0</posx>
      <posy>0</posy>
      <width>30</width>
      <height>30</height>
      <texture>pointer-nofocus.png</texture>
    </control>

    <control>
      <description>pointer focus image</description>
      <type>image</type>
      <id>2</id>
      <posx>0</posx>
      <posy>0</posy>
      <width>30</width>
      <height>30</height>
      <texture>pointer-focus.png</texture>
    </control>

    <control>
      <description>pointer drag image</description>
      <type>image</type>
      <id>3</id>
      <posx>-15</posx>
      <posy>-15</posy>
      <width>30</width>
      <height>30</height>
      <texture>calibrate-pixelratio-focus.png</texture>
    </control>

    <control>
      <description>pointer click image</description>
      <type>image</type>
      <id>4</id>
      <posx>0</posx>
      <posy>0</posy>
      <width>30</width>
      <height>30</height>
      <texture>calibrate-topleft-focus.png</texture>
    </control>

  </controls>

</window>

