<window>
  <id>130</id>
  <defaultcontrol>1</defaultcontrol>
  <coordinates>
    <system>1</system>
    <posx>140</posx>
    <posy>160</posy>
  </coordinates>
  <include>Fade_Dialog_OpenClose_Animation</include>
  <visible>Window.IsActive(130)</visible>

  <controls>

		<control>
			<description>Dialog Header</description>
			<type>image</type>
			<id>0</id>
			<posx>-50</posx>
			<posy>-60</posy>
			<width>315</width>
			<height>180</height>
			<texture>dialog_top.png</texture>
		</control>

		<control>
			<description>Dialog Text Area</description>
			<type>image</type>
			<id>0</id>
			<posx>-10</posx>
			<posy>-20</posy>
			<width>490</width>
			<height>330</height>
			<texture>dialog_middle.png</texture>
		</control>

		<control>
			<description>Dialog Footer</description>
			<type>image</type>
			<id>0</id>
			<posx>202</posx>
			<posy>190</posy>
			<width>310</width>
			<height>160</height>
			<texture>dialog_bottom.png</texture>
		</control>


    <control>
      <description>profile image bACK</description>
      <type>image</type>
      <id>0</id>
      <posx>5</posx>
      <posy>-10</posy>
      <width>460</width>
      <height>120</height>
      <align>left</align>
      <font>font12</font>
      <texture>blue-rectanglenf.png</texture>
    </control>

    <control>
      <description>profile image</description>
      <type>image</type>
      <id>2</id>
      <posx>15</posx>
      <posy>0</posy>
      <width>100</width>
      <height>100</height>
      <align>left</align>
      <font>font12</font>
      <texture>unknown-user.png</texture>
    </control>

    <control>
      <description>profile name label</description>
      <type>label</type>
      <id>0</id>
      <posx>130</posx>
      <posy>05</posy>
      <width>310</width>
      <align>left</align>
      <font>special13</font>
      <include>textcolor-yellow</include>
      <label>$LOCALIZE[ 20093 ]</label>
   </control>
  

    <control>
      <description>profile name label</description>
      <type>label</type>
      <id>1000</id>
      <posx>130</posx>
      <posy>25</posy>
      <width>310</width>
      <align>left</align>
      <font>special13</font>
    </control>

    <control>
      <description>profile Directory label</description>
      <type>label</type>
      <id>0</id>
      <posx>130</posx>
      <posy>55</posy>
      <width>310</width>
      <align>left</align>
      <font>special13</font>
      <include>textcolor-yellow</include>
      <label>$LOCALIZE[ 20070 ]</label>
   </control>


    <control>
      <description>profile directory label</description>
      <type>label</type>
      <id>1001</id>
      <posx>130</posx>
      <posy>75</posy>
      <width>310</width>
      <align>left</align>
      <font>special13</font>
    </control>
    
    <control>
      <description>Next page button</description>
      <type>spincontrol</type>
      <id>60</id>
      <posx>420</posx>
      <posy>245</posy>
      <subtype>int</subtype>
      <font>font12</font>
      <onleft>60</onleft>
      <onright>60</onright>
      <ondown>2</ondown>
    </control>

    <control>
      <description>control area</description>
      <type>image</type>
      <id>5</id>
      <posx>5</posx>
      <posy>120</posy>
      <width>460</width>
      <height>125</height>
      <texture>-</texture>
    </control>

    <control>
      <description>control gap</description>
      <type>image</type>
      <id>6</id>
      <width>445</width>
      <height>37</height>
      <texture>-</texture>
    </control>

    <control>
      <description>Default Button</description>
      <type>button</type>
      <id>7</id>
      <posx>530</posx>
      <posy>150</posy>
      <textoffsetx>12</textoffsetx>
      <aligny>center</aligny>
      <texturefocus>list-focus.png</texturefocus>
      <texturenofocus>list-nofocus.png</texturenofocus>
    </control>

    <control>
      <description>Default RadioButton</description>
      <type>radiobutton</type>
      <id>8</id>
      <posx>530</posx>
      <posy>150</posy>
      <texturefocus>list-focus.png</texturefocus>
      <texturenofocus>list-nofocus.png</texturenofocus>
      <textoffsetx>12</textoffsetx>
      <aligny>center</aligny>
      <textureradiofocus>settings-check-box.png</textureradiofocus>
      <textureradionofocus>settings-check-boxNF.png</textureradionofocus>
    </control>

    <control>
      <description>Default SpinControlex</description>
      <type>spincontrolex</type>
      <id>9</id>
      <posx>530</posx>
      <posy>150</posy>
      <width>300</width>
      <texturefocus>list-focus.png</texturefocus>
      <texturenofocus>list-nofocus.png</texturenofocus>
      <textureup>scroll-up.png</textureup>
      <texturedown>scroll-down.png</texturedown>
      <textureupfocus>scroll-up-focus.png</textureupfocus>
      <texturedownfocus>scroll-down-focus.png</texturedownfocus>
      <textoffsetx>12</textoffsetx>
      <aligny>center</aligny>
      <reverse>yes</reverse>
    </control>

  <control>
   <description>Default Slider</description>
   <type>sliderex</type>
   <id>10</id>
   <posx>530</posx>
   <posy>150</posy>
   <height>25</height>
   <width>200</width>
   <include>textcolor-white</include>
   <disabledcolor>60d0d0d0</disabledcolor>
   <texturefocus>list-focus.png</texturefocus>
   <texturenofocus>-</texturenofocus>
   <sliderwidth>100</sliderwidth>
   <sliderheight>12</sliderheight>
   <texturesliderbar>osd_slider_bg.png</texturesliderbar>
   <textureslidernib>osd-osd_slider_nibfo.png</textureslidernib>
   <textureslidernibfocus>osd-osd_slider_nibfo.png</textureslidernibfocus>
   <font>font10</font>
   <textoffsetx>12</textoffsetx>
  </control>

    <control>
      <description>separator image</description>
      <type>image</type>
      <id>11</id>
      <width>350</width>
      <height>5</height>
      <texture>separatorOSD.png</texture>
    </control>

  <control>
   <description>Ok Button</description>
   <type>button</type>
   <id>28</id>
   <posx>120</posx>
   <posy>265</posy>
   <width>100</width>
   <align>center</align>
   <aligny>center</aligny>
   <label>186</label>
   <onup>30</onup>
   <onleft>29</onleft>
   <onright>29</onright>
   <ondown>30</ondown>
  </control>

  <control>
   <description>Cancel Button</description>
   <type>button</type>
   <id>29</id>
   <posx>250</posx>
   <posy>265</posy>
   <width>100</width>
   <align>center</align>
   <aligny>center</aligny>
   <label>222</label>
   <onup>30</onup>
   <onleft>28</onleft>
   <onright>28</onright>
   <ondown>30</ondown>
  </control>

  </controls>

</window>

