<window>

 <id>10</id>
 <defaultcontrol>2</defaultcontrol>
 <allowoverlay>yes</allowoverlay>

 <controls>

    <control>
      <description>background image</description>
      <type>image</type>
      <id>1</id>
      <posx>0</posx>
      <posy>0</posy>
      <width>720</width>
      <height>576</height>
      <texture>background.png</texture>
      <colorkey>0</colorkey>
      <colordiffuse>ffffffff</colordiffuse>
    </control>

  <control>
   <description>top left mover</description>
   <type>mover</type>
   <id>8</id>
   <posx>0</posx>
   <posy>0</posy>
   <texturefocus>calibrate-topleft-focus.png</texturefocus>
   <texturenofocus>calibrate-topleft.png</texturenofocus>
  </control>

  <control>
   <description>right bottom mover</description>
   <type>mover</type>
   <id>9</id>
   <posx>700</posx>
   <posy>500</posy>
   <texturefocus>calibrate-bottomright-focus.png</texturefocus>
   <texturenofocus>calibrate-bottomright.png</texturenofocus>
  </control>

  <control>
   <description>coordinates label</description>
   <type>label</type>
   <id>3</id>
   <posx>0</posx>
   <posy>275</posy>
   <width>720</width>
   <label>5</label>
   <align>center</align>
   <font>font13</font>
  </control>

 </controls>

</window>

