<window>
  <id>7</id>
  <defaultcontrol>95</defaultcontrol>
  <allowoverlay>no</allowoverlay>
  <controls>
    <control>
      <description>visualisation</description>
      <type>visualisation</type>
      <posx>0</posx>
      <posy>0</posy>
      <width>720</width>
      <height>576</height>
      <visible>Skin.HasSetting(VisBackground)</visible>
    </control>

    <control>
      <description>background image</description>
      <type>image</type>
      <posx>0</posx>
      <posy>0</posy>
      <width>720</width>
      <height>576</height>
      <texture>background.png</texture>
    </control>

    <control>
      <type>image</type>
      <posx>460</posx>
      <posy>250</posy>
      <height>320</height>
      <width>300</width>
      <colordiffuse>55FFFFFF</colordiffuse>
      <texture>home-settings.png</texture>
      <include>Fade_Window_OpenClose_Animation</include>
    </control>

    <include>XBMC_Logo_Image</include>

    <control>
      <description>Settings text label</description>
      <type>label</type>
      <posx>242</posx> 
      <posy>70</posy>
      <label>130</label>
      <font>font14</font>
      <include>textcolor-yellow</include>
      <include>shadow-black</include>
      <include>Slide_From_Left_Animation</include>
    </control>

    <control>
      <description>filter text label</description>
      <type>label</type>
      <id>40</id>
      <align>right</align>
      <posx>660</posx>
      <posy>70</posy>
      <label>-</label>
      <font>font14</font>
      <include>textcolor-yellow</include>
      <include>shadow-black</include>
      <include>Slide_From_Right_Animation</include>
    </control>

    <control>
      <description>panel</description>
      <type>image</type>
      <posx>55</posx>
      <posy>115</posy>
      <height>275</height>
      <width>150</width>
      <texture>panel.png</texture>
      <include>Slide_From_Left_Animation</include>
    </control>

    <control>
      <description>Middle panel Bar</description>
      <type>image</type>
      <posx>55</posx>
      <posy>110</posy>
      <height>20</height>
      <width>150</width>
      <texture>middle-bar.png</texture>
      <include>Slide_From_Left_Animation</include>
    </control>

  <controlgroup>

   <control>
    <description>Button Default Values</description>
    <type>button</type>
    <id>95</id>
    <posx>60</posx>
    <posy>130</posy>
    <label>13278</label>
    <onleft>95</onleft>
    <onright>95</onright>
    <onup>98</onup>
    <ondown>94</ondown>
    <texturenofocus>-</texturenofocus>
      <include>Slide_From_Left_Animation</include>
   </control>

   <control>
    <description>Button Storage</description>
    <type>button</type>
    <id>94</id>
    <posx>60</posx>
    <posy>167</posy>
    <label>13277</label>
    <onleft>94</onleft>
    <onright>94</onright>
    <onup>95</onup>
    <ondown>92</ondown>
    <texturenofocus>-</texturenofocus>
      <include>Slide_From_Left_Animation</include>
   </control>

   <control>
    <description>Button HDD</description>
    <type>button</type>
    <id>92</id>
    <posx>60</posx>
    <posy>204</posy>
    <label>13275</label>
    <onleft>92</onleft>
    <onright>92</onright>
    <onup>94</onup>
    <ondown>93</ondown>
    <texturenofocus>-</texturenofocus>
      <include>Slide_From_Left_Animation</include>
   </control>

   <control>
    <description>Button DVD</description>
    <type>button</type>
    <id>93</id>
    <posx>60</posx>
    <posy>241</posy>
    <label>13276</label>
    <onleft>93</onleft>
    <onright>93</onright>
    <onup>92</onup>
    <ondown>96</ondown>
    <texturenofocus>-</texturenofocus>
      <include>Slide_From_Left_Animation</include>
   </control>

   <control>
    <description>Button Network</description>
    <type>button</type>
    <id>96</id>
    <posx>60</posx>
    <posy>278</posy>
    <label>13279</label>
    <onleft>96</onleft>
    <onright>96</onright>
    <onup>93</onup>
    <ondown>97</ondown>
    <texturenofocus>-</texturenofocus>
      <include>Slide_From_Left_Animation</include>
   </control>

   <control>
    <description>Button VIDEO</description>
    <type>button</type>
    <id>97</id>
    <posx>60</posx>
    <posy>315</posy>
    <label>13280</label>
    <onleft>97</onleft>
    <onright>97</onright>
    <onup>96</onup>
    <ondown>98</ondown>
    <texturenofocus>-</texturenofocus>
      <include>Slide_From_Left_Animation</include>
   </control>

   <control>
    <description>Button XBOX Hardware</description>
    <type>button</type>
    <id>98</id>
    <posx>60</posx>
    <posy>352</posy>
    <label>13281</label>
    <onleft>98</onleft>
    <onright>98</onright>
    <onup>97</onup>
    <ondown>95</ondown>
    <texturenofocus>-</texturenofocus>
      <include>Slide_From_Left_Animation</include>
   </control>

  </controlgroup>

  <control>
   <description>Label 2</description>
   <type>label</type>
   <id>2</id>
   <posx>220</posx>
   <posy>120</posy>
   <label>13282</label>
   <font>font13</font>
   <include>Slide_From_Right_Animation</include>
  </control>

  <control>
   <description>Label 3</description>
   <type>label</type>
   <id>3</id>
   <posx>220</posx>
   <posy>150</posy>
   <label>13282</label>
   <font>font13</font>
   <include>Slide_From_Right_Animation</include>
  </control>

  <control>
   <description>Label 4</description>
   <type>label</type>
   <id>4</id>
   <posx>220</posx>
   <posy>180</posy>
   <label>13282</label>
   <font>font13</font>
   <include>Slide_From_Right_Animation</include>
  </control>

  <control>
   <description>Label 5</description>
   <type>label</type>
   <id>5</id>
   <posx>220</posx>
   <posy>210</posy>
   <label>13282</label>
   <font>font13</font>
   <include>Slide_From_Right_Animation</include>
  </control>

  <control>
   <description>Label 6</description>
   <type>label</type>
   <id>6</id>
   <posx>220</posx>
   <posy>240</posy>
   <label>13282</label>
   <font>font13</font>
   <include>Slide_From_Right_Animation</include>
  </control>

  <control>
   <description>Label 7</description>
   <type>label</type>
   <id>7</id>
   <posx>220</posx>
   <posy>270</posy>
   <label>13282</label>
   <font>font13</font>
   <include>Slide_From_Right_Animation</include>
  </control>

  <control>
   <description>Label 8</description>
   <type>label</type>
   <id>8</id>
   <posx>220</posx>
   <posy>300</posy>
   <label>13282</label>
   <font>font13</font>
   <include>Slide_From_Right_Animation</include>
  </control>

  <control>
   <description>Label 9</description>
   <type>label</type>
   <id>9</id>
   <posx>220</posx>
   <posy>330</posy>
   <label>13282</label>
   <font>font13</font>
   <include>Slide_From_Right_Animation</include>
  </control>

  <control>
   <description>Label 10</description>
   <type>label</type>
   <id>10</id>
   <posx>220</posx>
   <posy>360</posy>
   <label>13282</label>
   <font>font13</font>
   <include>Slide_From_Right_Animation</include>
  </control>

  <control>
   <description>Label 11</description>
   <type>label</type>
   <id>11</id>
   <posx>220</posx>
   <posy>390</posy>
   <label>13282</label>
   <font>font13</font>
   <include>Slide_From_Right_Animation</include>
  </control>

    <control>
      <description>panel</description>
      <type>image</type>
      <posx>55</posx>
      <posy>450</posy>
      <height>110</height>
      <width>610</width>
      <texture>panel.png</texture>
      <include>Slide_From_Right_Animation</include>
    </control>

  <control>
   <description>Current Time</description>
   <type>label</type>
   <id>50</id>
   <posx>65</posx>
   <posy>460</posy>
   <label>143</label>
   <font>font13</font>
   <include>Slide_From_Right_Animation</include>
  </control>

  <control>
   <description>XBMC XBE BUILD Version</description>
   <type>label</type>
   <id>52</id>
   <posx>65</posx>
   <posy>490</posy>
   <label>144</label>
   <font>font13</font>
   <include>Slide_From_Right_Animation</include>
  </control>

  <control>
   <description>Mplayer DLL Version</description>
   <type>label</type>
   <id>53</id>
   <posx>65</posx>
   <posy>520</posy>
   <label>144</label>
   <font>font13</font>
   <include>Slide_From_Right_Animation</include>
  </control>

  </controls>

</window>

