<window>
  <id>11</id>
  <defaultcontrol>8</defaultcontrol>
  <allowoverlay>no</allowoverlay>
  <controls>
    <control>
      <description>videowindow</description>
      <type>videowindow</type>
      <id>20</id>
      <posx>0</posx>
      <posy>0</posy>
      <width>720</width>
      <height>576</height>
    </control>

    <control>
      <description>top left mover</description>
      <type>mover</type>
      <id>8</id>
      <posx>0</posx>
      <posy>0</posy>
      <texturefocus>calibrate-topleft-focus.png</texturefocus>
      <texturenofocus>calibrate-topleft.png</texturenofocus>
    </control>

    <control>
      <description>right bottom mover</description>
      <type>mover</type>
      <id>9</id>
      <posx>700</posx>
      <posy>500</posy>
      <texturefocus>calibrate-bottomright-focus.png</texturefocus>
      <texturenofocus>calibrate-bottomright.png</texturenofocus>
    </control>

    <control>
      <description>subtitle position mover</description>
      <type>mover</type>
      <id>10</id>
      <posx>200</posx>
      <posy>500</posy>
      <texturefocus>calibrate-subtitles-focus.png</texturefocus>
      <texturenofocus>calibrate-subtitles.png</texturenofocus>
    </control>

    <control>
      <description>pixel aspect ratio box</description>
      <type>resize</type>
      <id>11</id>
      <posx>0</posx>
      <posy>270</posy>
      <width>288</width>
      <height>288</height>
      <texturefocus>calibrate-pixelratio-focus.png</texturefocus>
      <texturenofocus>calibrate-pixelratio.png</texturenofocus>
    </control>

    <control>
      <description>osd y offset mover</description>
      <type>mover</type>
      <id>12</id>
      <posx>200</posx>
      <posy>500</posy>
      <texturefocus>calibrate-subtitles-focus.png</texturefocus>
      <texturenofocus>calibrate-subtitles.png</texturenofocus>
      <colorkey>ffff00ff</colorkey>
      <colordiffuse>ffffffff</colordiffuse>
    </control>

    <control>
      <description>rectangle image</description>
      <type>image</type>
      <id>1</id>
      <posx>-20</posx>
      <posy>258</posy>
      <width>760</width>
      <height>57</height>
      <colordiffuse>ddffffff</colordiffuse>
      <texture>blue-rectangleNF.png</texture>
    </control>

    <control>
      <description>coordinates label</description>
      <type>label</type>
      <id>2</id>
      <posx>130</posx>
      <posy>260</posy>
      <label>-</label>
      <font>font14</font>
      <include>textcolor-white</include>
    </control>

    <control>
      <description>help information</description>
      <type>label</type>
      <id>3</id>
      <posx>130</posx>
      <posy>280</posy>
      <label>-</label>
      <font>font14</font>
      <include>textcolor-white</include>
    </control>

  </controls>

</window>

