<window>
  <id>34</id>
  <defaultcontrol>2</defaultcontrol>
  <allowoverlay>yes</allowoverlay>
  <controls>

    <control>
      <description>visualisation</description>
      <type>visualisation</type>
      <posx>0</posx>
      <posy>0</posy>
      <width>720</width>
      <height>576</height>
      <visible>Skin.HasSetting(VisBackground)</visible>
    </control>

    <control>
      <description>background image</description>
      <type>image</type>
      <posx>0</posx>
      <posy>0</posy>
      <width>720</width>
      <height>576</height>
      <texture>background.png</texture>
    </control>

    <control>
      <type>image</type>
      <posx>460</posx>
      <posy>350</posy>
      <height>320</height>
      <width>300</width>
      <colordiffuse>55FFFFFF</colordiffuse>
      <texture>home-settings.png</texture>
      <include>Fade_Window_OpenClose_Animation</include>
    </control>

    <include>XBMC_Logo_Image</include>

    <control>
      <description>my programs text label</description>
      <type>label</type>
      <posx>242</posx> 
      <posy>70</posy>
      <label>13200</label>
      <font>font14</font>
      <include>textcolor-yellow</include>
      <include>shadow-black</include>
      <include>Slide_From_Left_Animation</include>
    </control>

    <control>
      <description>panel</description>
      <type>image</type>
      <posx>55</posx>
      <posy>115</posy>
      <height>250</height>
      <width>150</width>
      <texture>panel.png</texture>
      <include>Slide_From_Left_Animation</include>
    </control>

    <control>
      <description>Middle panel Bar</description>
      <type>image</type>
      <posx>55</posx>
      <posy>190</posy>
      <height>20</height>
      <width>150</width>
      <texture>middle-bar.png</texture>
      <include>Slide_From_Left_Animation</include>
    </control>

      <control>
        <description>use logon</description>
        <type>radiobutton</type>
        <id>4</id>
        <posx>60</posx>
        <posy>120</posy>
        <label>20096</label>
        <onleft>2</onleft>
        <onright>2</onright>
        <onup>4</onup>
        <ondown>4</ondown>
        <texturenofocus>-</texturenofocus>
        <include>Slide_From_Left_Animation</include>
      </control>

    <control>
      <description>last loaded</description>
      <type>fadelabel</type>
      <id>3</id>
      <posx>210</posx>
      <posy>525</posy>
      <width>656</width>
      <label>$LOCALIZE[13204] $INFO[system.profilename]</label>
      <font>font13</font>
      <include>textcolor-green</include>
      <include>Slide_From_Right_Animation</include>
    </control>

    <control>
      <description>listcontrol</description>
      <type>listcontrol</type>
      <id>2</id>
      <onleft>4</onleft>
      <onright>4</onright>
      <onup>2</onup>
      <ondown>2</ondown>
      <include>Slide_From_Right_Animation</include>
    </control>

  </controls>

</window>

