<window>
  <id>12</id>
  <defaultcontrol>2</defaultcontrol>
  <allowoverlay>yes</allowoverlay>
  <controls>

    <control>
      <description>visualisation</description>
      <type>visualisation</type>
      <posx>0</posx>
      <posy>0</posy>
      <width>720</width>
      <height>576</height>
      <visible>Skin.HasSetting(VisBackground)</visible>
    </control>

    <control>
      <description>background image</description>
      <type>image</type>
      <posx>0</posx>
      <posy>0</posy>
      <width>720</width>
      <height>576</height>
      <texture>background.png</texture>
    </control>

    <control>
      <type>image</type>
      <posx>460</posx>
      <posy>350</posy>
      <height>320</height>
      <width>300</width>
      <colordiffuse>55FFFFFF</colordiffuse>
      <texture>home-settings.png</texture>
      <include>Fade_Window_OpenClose_Animation</include>
    </control>

    <include>XBMC_Logo_Image</include>

    <control>
      <description>Settings text label</description>
      <type>label</type>
      <posx>242</posx> 
      <posy>70</posy>
      <label>5</label>
      <font>font14</font>
      <include>textcolor-yellow</include>
      <include>shadow-black</include>
      <include>Slide_From_Left_Animation</include>
    </control>

    <control>
      <description>filter text label</description>
      <type>label</type>
      <id>2</id>
      <align>right</align>
      <posx>660</posx>
      <posy>70</posy>
      <label>-</label>
      <font>font14</font>
      <include>textcolor-yellow</include>
      <include>shadow-black</include>
      <include>Slide_From_Right_Animation</include>
    </control>

    <control>
      <description>panel</description>
      <type>image</type>
      <posx>55</posx>
      <posy>115</posy>
      <height>250</height>
      <width>150</width>
      <texture>panel.png</texture>
      <include>Slide_From_Left_Animation</include>
    </control>

    <control>
      <description>Middle panel Bar</description>
      <type>image</type>
      <posx>55</posx>
      <posy>110</posy>
      <height>20</height>
      <width>150</width>
      <texture>middle-bar.png</texture>
      <include>Slide_From_Left_Animation</include>
    </control>

    <control>
      <description>button area</description>
      <type>image</type>
      <id>3</id>
      <posx>60</posx>
      <posy>130</posy>
      <width>180</width>
      <height>300</height>
      <texture>-</texture>
      <include>Slide_From_Left_Animation</include>
    </control>

    <control>
      <description>button gap</description>
      <type>image</type>
      <id>4</id>
      <width>350</width>
      <height>35</height>
      <texture>-</texture>
    </control>

    <control>
      <description>control area</description>
      <type>image</type>
      <id>5</id>
      <posx>211</posx>
      <posy>121</posy>
      <width>445</width>
      <height>300</height>
      <texture>-</texture>
      <include>Slide_From_Right_Animation</include>
    </control>

    <control>
      <description>control gap</description>
      <type>image</type>
      <id>6</id>
      <width>350</width>
      <height>35</height>
      <texture>-</texture>
      <include>Slide_From_Right_Animation</include>
    </control>

    <control>
      <description>default button</description>
      <type>button</type>
      <id>7</id>
      <posx>530</posx>
      <posy>150</posy>
      <font>font12</font>
      <height>32</height>
      <textoffsetx>10</textoffsetx>
      <texturefocus>list-focus.png</texturefocus>
      <texturenofocus>list-nofocus.png</texturenofocus>
      <include>Slide_From_Right_Animation</include>
    </control>

    <control>
      <description>default radiobutton</description>
      <type>radiobutton</type>
      <id>8</id>
      <posx>530</posx>
      <posy>150</posy>
      <height>32</height>
      <font>font12</font>
      <textoffsetx>10</textoffsetx>
      <texturefocus>list-focus.png</texturefocus>
      <texturenofocus>list-nofocus.png</texturenofocus>
      <textureradiofocus>settings-check-box.png</textureradiofocus>
      <textureradionofocus>settings-check-boxnf.png</textureradionofocus>
      <include>Slide_From_Right_Animation</include>
    </control>

    <control>
      <description>default spincontrolex</description>
      <type>spincontrolex</type>
      <id>9</id>
      <posx>530</posx>
      <posy>150</posy>
      <width>300</width>
      <height>32</height>
      <texturefocus>list-focus.png</texturefocus>
      <texturenofocus>list-nofocus.png</texturenofocus>
      <textureup>scroll-up.png</textureup>
      <texturedown>scroll-down.png</texturedown>
      <textureupfocus>scroll-up-focus.png</textureupfocus>
      <texturedownfocus>scroll-down-focus.png</texturedownfocus>
      <font>font12</font>
      <include>textcolor-white</include>
      <colordiffuse>ffffffff</colordiffuse>
      <disabledcolor>60d0d0d0</disabledcolor>
      <textoffsetx>10</textoffsetx>
      <aligny>center</aligny>
      <reverse>yes</reverse>
      <include>Slide_From_Right_Animation</include>
    </control>

    <control>
      <description>default category button</description>
      <type>button</type>
      <id>10</id>
      <posx>208</posx>
      <posy>150</posy>
      <label>224</label>
      <font>font13</font>
      <include>Slide_From_Left_Animation</include>
      <texturenofocus>-</texturenofocus>
    </control>

  </controls>

</window>

