<window>
  <id>2007</id>
  <defaultcontrol>2</defaultcontrol>
  <controls>
    <control>
      <description>bar image</description>
      <type>image</type>
      <id>1</id>
      <posx>-20</posx>
      <posy>55</posy>
      <width>760</width>
      <height>50</height>
      <texture>blue-rectangleNF.png</texture>
      <colordiffuse>DDffffff</colordiffuse>
      <visible>Player.ShowCodec</visible>
    </control>

    <control>
      <description>row 1 label</description>
      <type>label</type>
      <id>10</id>
      <posx>100</posx>
      <posy>60</posy>
      <label>-</label>
      <align>left</align>
      <font>font13</font>
      <include>textcolor-white</include>
      <visible>Player.ShowCodec</visible>
    </control>

    <control>
      <description>row 2 label</description>
      <type>label</type>
      <id>11</id>
      <posx>100</posx>
      <posy>80</posy>
      <label>-</label>
      <align>left</align>
      <font>font13</font>
      <include>textcolor-white</include>
      <visible>Player.ShowCodec</visible>
    </control>

    <control>
      <description>row 2 extra label</description>
      <type>label</type>
      <id>12</id>
      <posx>250</posx>
      <posy>80</posy>
      <label>-</label>
      <align>left</align>
      <font>font13</font>
      <include>textcolor-white</include>
      <visible>Player.ShowCodec</visible>
    </control>

    <control>
      <description>pause image</description>
      <type>image</type>
      <id>13</id>
      <align>right</align>
      <posx>580</posx>
      <posy>25</posy>
      <height>64</height>
      <width>128</width>
      <visible>no</visible>
      <texture>video-pause.png</texture>
      <colordiffuse>ffffffff</colordiffuse>
      <visible>Player.ShowCodec</visible>
    </control>

  </controls>

</window>

