<window>
  <id>2005</id>
  <defaultcontrol>13</defaultcontrol>
  <controls>
    <control>
      <description>bar image</description>
      <type>image</type>
      <id>0</id>
      <posx>0</posx>
      <posy>25</posy>
      <width>720</width>
      <height>75</height>
      <texture>blue-rectangleNF.png</texture>
      <colordiffuse>AAffffff</colordiffuse>
    </control>

    <control>
      <description>row 1 label</description>
      <type>label</type>
      <id>10</id>
      <posx>70</posx>
      <posy>32</posy>
      <label>-</label>
      <align>left</align>
      <font>font13</font>
      <include>textcolor-white</include>
    </control>

    <control>
      <description>row 2 label</description>
      <type>label</type>
      <id>11</id>
      <posx>70</posx>
      <posy>52</posy>
      <label>-</label>
      <align>left</align>
      <font>font13</font>
      <include>textcolor-white</include>
    </control>

    <control>
      <description>row 3 label</description>
      <type>label</type>
      <id>12</id>
      <posx>70</posx>
      <posy>72</posy>
      <label>-</label>
      <align>left</align>
      <font>font13</font>
      <include>textcolor-white</include>
      <visible>no</visible>
    </control>

        
  </controls>

</window>

