<window>
  <id>2004</id>
  <defaultcontrol>2</defaultcontrol>
  <include>Fade_Window_OpenClose_Animation</include>

  <controls>
      <control>
        <description>Icon Back</description>
        <type>image</type>
        <id>0</id>
        <posx>55</posx>
        <posy>370</posy>
        <width>150</width>
        <height>150</height>
        <texture>Panel.png</texture>
      </control>
    
      <control>
        <description>video preview window</description>
        <type>videowindow</type>
        <posx>65</posx>
        <posy>380</posy>
        <width>130</width>
        <height>115</height>
      </control>

    <control>
      <description>play time label</description>
      <type>label</type>
      <id>0</id>
      <posx>130</posx>
      <posy>496</posy>
      <align>center</align>
      <label>$INFO[videoplayer.Time]$INFO[videoplayer.Duration, / ]</label>
      <align>left</align>
      <font>font101</font>
      <include>textcolor-green</include>
    </control>

    <control>
      <description>album/artist/genre etc info label</description>
      <type>fadelabel</type>
      <width>130</width>
      <posx>65</posx>
      <posy>525</posy>
      <label>$INFO[VideoPlayer.Title]$INFO[VideoPlayer.Director, | ]</label>
      <font>font13</font>
      <include>textcolor-green</include>
    </control>

  </controls>

</window>

