<window>

 <id>123</id>
 <defaultcontrol>2</defaultcontrol>
  <include>Fade_Dialog_OpenClose_Animation</include>

 <coordinates>
  <system>1</system>
  <posx>20</posx>
  <posy>60</posy>
 </coordinates>

 <controls>

		<control>
			<description>Dialog Header</description>
			<type>image</type>
			<id>1</id>
			<posx>0</posx>
			<posy>0</posy>
			<width>315</width>
			<height>180</height>
			<texture>dialog_top.png</texture>
		</control>

		<control>
			<description>Dialog Text Area</description>
			<type>image</type>
			<id>1</id>
			<posx>40</posx>
			<posy>40</posy>
			<width>450</width>
			<height>380</height>
			<texture>dialog_middle.png</texture>
			<colordiffuse>BBFFFFFF</colordiffuse>
		</control>

  <control>
   <description>Settings Label</description>
   <type>label</type>
   <id>2</id>
   <posx>70</posx>
   <posy>45</posy>
   <width>420</width>
   <align>left</align>
   <font>font12</font>
   <include>textcolor-yellow</include>
   <include>shadow-black</include>
  </control>

  <control>
   <description>No Settings Label</description>
   <type>label</type>
   <id>3</id>
   <posx>70</posx>
   <posy>45</posy>
   <width>408</width>
   <align>center</align>
   <label>13390</label>
   <font>font12</font>
   <include>textcolor-yellow</include>
   <include>shadow-black</include>
  </control>

  <control>
   <description>Next page button</description>
   <type>spincontrol</type>
   <id>60</id>
   <posx>420</posx>
   <posy>395</posy>
   <subtype>int</subtype>
   <font>font12</font>
   <onleft>60</onleft>
   <onright>60</onright>
   <ondown>2</ondown>
  </control>

  <control>
   <description>control area</description>
   <type>image</type>
   <id>5</id>
   <posx>50</posx>
   <posy>70</posy>
   <width>430</width>
   <height>320</height>
   <texture>-</texture>
  </control>

  <control>
   <description>control gap</description>
   <type>image</type>
   <id>6</id>
   <width>350</width>
   <height>31</height>
   <texture>-</texture>
  </control>

  <control>
   <description>Default Button</description>
   <type>button</type>
   <id>7</id>
   <posx>530</posx>
   <posy>150</posy>
   <height>25</height>
   <font>font10</font>
   <textoffsetx>12</textoffsetx>
   <aligny>center</aligny>
   <texturefocus>list-focus.png</texturefocus>
   <texturenofocus>-</texturenofocus>
  </control>

  <control>
   <description>Default RadioButton</description>
   <type>radiobutton</type>
   <id>8</id>
   <posx>530</posx>
   <posy>150</posy>
   <height>25</height>
   <font>font10</font>
   <texturefocus>list-focus.png</texturefocus>
   <texturenofocus>-</texturenofocus>
   <textoffsetx>12</textoffsetx>
   <aligny>center</aligny>
   <textureradiofocus>settings-check-box.png</textureradiofocus>
   <textureradionofocus>settings-check-boxNF.png</textureradionofocus>
  </control>

  <control>
   <description>Default SpinControlex</description>
   <type>spincontrolex</type>
   <id>9</id>
   <posx>530</posx>
   <posy>150</posy>
   <height>25</height>
   <width>300</width>
   <texturefocus>list-focus.png</texturefocus>
   <texturenofocus>-</texturenofocus>
   <textureup>scroll-up.png</textureup>
   <texturedown>scroll-down.png</texturedown>
   <textureupfocus>scroll-up-focus.png</textureupfocus>
   <texturedownfocus>scroll-down-focus.png</texturedownfocus>
   <font>font10</font>
   <textoffsetx>12</textoffsetx>
   <aligny>center</aligny>
   <reverse>yes</reverse>
  </control>

  <control>
   <description>Default Slider</description>
   <type>sliderex</type>
   <id>10</id>
   <posx>530</posx>
   <posy>150</posy>
   <height>25</height>
   <width>200</width>
   <include>textcolor-white</include>
   <disabledcolor>60d0d0d0</disabledcolor>
   <texturefocus>list-focus.png</texturefocus>
   <texturenofocus>-</texturenofocus>
   <sliderwidth>100</sliderwidth>
   <sliderheight>12</sliderheight>
   <texturesliderbar>osd_slider_bg.png</texturesliderbar>
   <textureslidernib>osd-osd_slider_nibfo.png</textureslidernib>
   <textureslidernibfocus>osd-osd_slider_nibfo.png</textureslidernibfocus>
   <font>font10</font>
   <textoffsetx>12</textoffsetx>
  </control>

  <control>
   <description>separator image</description>
   <type>image</type>
   <id>11</id>
   <width>350</width>
   <height>5</height>
   <texture>kai-divider.png</texture>
  </control>

 </controls>

</window>

