<window>
  <id>2901</id>
  <defaultcontrol>211</defaultcontrol>
  <include>Fade_Dialog_OpenClose_Animation</include>
  <coordinates>
    <system>1</system>
      <posx>60</posx>
      <posy>480</posy>
  </coordinates>

  <controls>
    <control>
      <description>panel</description>
      <type>image</type>
      <id>1</id>
      <posx>0</posx>
      <posy>5</posy>
      <width>600</width>
      <height>86</height>
      <texture>osd_panel.png</texture>
      <visible>yes</visible>
    </control>

    <control>
      <description>Stop button</description>
      <type>button</type>
      <id>210</id>
      <posx>60</posx>
      <posy>25</posy>
      <width>40</width>
      <height>38</height>
      <texturefocus>osd_button_stopFO.png</texturefocus>
      <texturenofocus>osd_button_stopNF.png</texturenofocus>
      <onclick>XBMC.PlayerControl(Stop)</onclick>
      <onleft>219</onleft>
      <onright>211</onright>
      <onup>210</onup>
      <ondown>210</ondown>
      <font>-</font>
      <label>-</label>
    </control>

    <control>
      <description>Play / Pause button</description>
      <type>togglebutton</type>
      <id>211</id>
      <posx>105</posx>
      <posy>25</posy>
      <width>40</width>
      <height>38</height>
      <texturefocus>osd_button_playFO.png</texturefocus>
      <texturenofocus>osd_button_playNF.png</texturenofocus>
      <alttexturefocus>osd_button_pauseFO.png</alttexturefocus>
      <alttexturenofocus>osd_button_pauseNF.png</alttexturenofocus>
      <onclick>XBMC.PlayerControl(Play)</onclick>
      <onleft>210</onleft>
      <onright>212</onright>
      <onup>211</onup>
      <ondown>211</ondown>
      <font>-</font>
      <label>-</label>
    </control>

    <control>
      <description>Prev Track button</description>
      <type>button</type>
      <id>212</id>
      <posx>150</posx>
      <posy>25</posy>
      <width>40</width>
      <height>38</height>
      <texturefocus>osd_button_prevFO.png</texturefocus>
      <texturenofocus>osd_button_prevNF.png</texturenofocus>
      <onclick>XBMC.PlayerControl(Previous)</onclick>
      <onleft>211</onleft>
      <onright>213</onright>
      <onup>212</onup>
      <ondown>212</ondown>
      <font>-</font>
      <label>-</label>
    </control>

    <control>
      <description>Next Track button</description>
      <type>button</type>
      <id>213</id>
      <posx>195</posx>
      <posy>25</posy>
      <width>40</width>
      <height>38</height>
      <texturefocus>osd_button_nextFO.png</texturefocus>
      <texturenofocus>osd_button_nextNF.png</texturenofocus>
      <onclick>XBMC.PlayerControl(Next)</onclick>
      <onleft>212</onleft>
      <onright>214</onright>
      <onup>213</onup>
      <ondown>213</ondown>
      <font>-</font>
      <label>-</label>
    </control>

    <control>
      <description>Rewind button</description>
      <type>button</type>
      <id>214</id>
      <posx>240</posx>
      <posy>25</posy>
      <width>40</width>
      <height>38</height>
      <texturefocus>osd_button_rwFO.png</texturefocus>
      <texturenofocus>osd_button_rwNF.png</texturenofocus>
      <onclick>XBMC.PlayerControl(Rewind)</onclick>
      <onleft>213</onleft>
      <onright>215</onright>
      <onup>214</onup>
      <ondown>214</ondown>
      <font>-</font>
      <label>-</label>
    </control>

    <control>
      <description> Fast Forward button</description>
      <type>button</type>
      <id>215</id>
      <posx>285</posx>
      <posy>25</posy>
      <width>40</width>
      <height>38</height>
      <texturefocus>osd_button_ffFO.png</texturefocus>
      <texturenofocus>osd_button_ffNF.png</texturenofocus>
      <onclick>XBMC.PlayerControl(Forward)</onclick>
      <onleft>214</onleft>
      <onright>216</onright>
      <onup>215</onup>
      <ondown>215</ondown>
      <font>-</font>
      <label>-</label>
    </control>

    <control>
      <description>Audio Settings button</description>
      <type>button</type>
      <id>216</id>
      <posx>365</posx>
      <posy>25</posy>
      <width>40</width>
      <height>38</height>
      <texturefocus>osd_button_audioFO.png</texturefocus>
      <texturenofocus>osd_button_audioNF.png</texturenofocus>
      <onclick>XBMC.ActivateWindow(124)</onclick>
      <onleft>215</onleft>
      <onright>217</onright>
      <onup>216</onup>
      <ondown>216</ondown>
      <font>-</font>
      <label>-</label>
    </control>

    <control>
      <description>Video Settings button</description>
      <type>button</type>
      <id>217</id>
      <posx>410</posx>
      <posy>25</posy>
      <width>40</width>
      <height>38</height>
      <texturefocus>osd_button_videoFO.png</texturefocus>
      <texturenofocus>osd_button_videoNF.png</texturenofocus>
      <onclick>XBMC.ActivateWindow(123)</onclick>
      <onleft>216</onleft>
      <onright>218</onright>
      <onup>217</onup>
      <ondown>217</ondown>
      <font>-</font>
      <label>-</label>
    </control>

    <control>
      <description>BookMarks button</description>
      <type>button</type>
      <id>218</id>
      <posx>455</posx>
      <posy>25</posy>
      <width>40</width>
      <height>38</height>
      <texturefocus>osd_button_bookmarksFO.png</texturefocus>
      <texturenofocus>osd_button_bookmarksNF.png</texturenofocus>
      <onclick>XBMC.ActivateWindow(125)</onclick>
      <onleft>217</onleft>
      <onright>219</onright>
      <onup>218</onup>
      <ondown>218</ondown>
      <font>-</font>
      <label>-</label>
    </control>

    <control>
      <description>DVD Menu button</description>
      <type>button</type>
      <id>219</id>
      <posx>500</posx>
      <posy>25</posy>
      <width>40</width>
      <height>38</height>
      <texturefocus>osd_button_dvdFO.png</texturefocus>
      <texturenofocus>osd_button_dvdNF.png</texturenofocus>
      <onclick>XBMC.PlayerControl(ShowVideoMenu)</onclick>
      <onleft>218</onleft>
      <onright>210</onright>
      <onup>219</onup>
      <ondown>218</ondown>
      <font>-</font>
      <label>-</label>
    </control>

  </controls>

</window>

