<window>

 <id>122</id>
 <defaultcontrol>2</defaultcontrol>
  <include>Fade_Dialog_OpenClose_Animation</include>

 <coordinates>
  <system>1</system>
  <posx>20</posx>
  <posy>60</posy>
 </coordinates>

 <controls>

		<control>
			<description>Dialog Header</description>
			<type>image</type>
			<id>1</id>
			<posx>0</posx>
			<posy>0</posy>
			<width>315</width>
			<height>180</height>
			<texture>dialog_top.png</texture>
		</control>

		<control>
			<description>Dialog Text Area</description>
			<type>image</type>
			<id>1</id>
			<posx>40</posx>
			<posy>40</posy>
			<width>450</width>
			<height>380</height>
			<texture>dialog_middle.png</texture>
		</control>

  <control>
   <description>Settings Label</description>
   <type>label</type>
   <id>2</id>
   <posx>70</posx>
   <posy>45</posy>
   <width>420</width>
   <font>font12</font>
   <label>-</label>
   <include>textcolor-yellow</include>
   <include>shadow-black</include>
  </control>

  <control>
   <description>No Settings Label</description>
   <type>label</type>
   <id>3</id>
   <posx>70</posx>
   <posy>45</posy>
   <width>408</width>
   <label>-</label>
   <font>font12</font>
   <include>textcolor-yellow</include>
   <include>shadow-black</include>
  </control>

  <control>
   <description>Preset List</description>
   <type>listcontrol</type>
   <id>2</id>
   <posx>50</posx>
   <posy>70</posy>
   <width>430</width>
   <height>340</height>
   <spinposx>390</spinposx>
   <spinposy>320</spinposy>
   <include>textcolor-selected</include>
   <font>font12</font>
   <textoffsetx>-15</textoffsetx>
   <textureheight>29</textureheight>
   <onleft>2</onleft>
   <onright>2</onright>
   <onup>2</onup>
   <ondown>2</ondown>
  </control>

 </controls>

</window>

