<window id="56">
	<defaultcontrol always="true">11</defaultcontrol>
	<allowoverlay>yes</allowoverlay>
	<controls>
		<control type="image">
			<description>background image</description>
			<posx>0</posx>
			<posy>0</posy>
			<width>720</width>
			<height>88</height>
			<texture>background-settings.png</texture>
		</control>
		<control type="image">
			<description>background image</description>
			<posx>0</posx>
			<posy>88</posy>
			<width>720</width>
			<height>488</height>
			<texture>background-bottom.png</texture>
		</control>
		<control type="label" id="1">
			<description>XBMC label</description>
			<posx>200</posx>
			<posy>43</posy>
			<align>right</align>
			<label>9</label>
			<font>special12</font>
		</control>
		<control type="label" id="1">
			<description>description label</description>
			<posx>207</posx>
			<posy>43</posy>
			<align>left</align>
			<label>10507</label>
			<font>special13</font>
		</control>
		<include>contentpanel</include>
		<control type="group" id="9001">
			<posx>20</posx>
			<posy>100</posy>
			<include>buttonpanelslide</include>
			<control type="button" id="11">
				<description>General Settings</description>
				<posx>0</posx>
				<posy>0</posy>
				<label>128</label>
				<onfocus>Skin.SetString(SkinSettings,1)</onfocus>
				<onleft>9002</onleft>
				<onright>9002</onright>
				<onup>20</onup>
				<ondown>12</ondown>
			</control>
			<control type="button" id="12">
				<description>Home Settings</description>
				<posx>0</posx>
				<posy>37</posy>
				<label>513</label>
				<onfocus>Skin.SetString(SkinSettings,2)</onfocus>
				<onleft>9003</onleft>
				<onright>9003</onright>
				<onup>11</onup>
				<ondown>14</ondown>
			</control>
			<control type="button" id="14">
				<description>Custom Settings</description>
				<posx>0</posx>
				<posy>74</posy>
				<label>20190</label>
				<onfocus>Skin.SetString(SkinSettings,3)</onfocus>
				<onleft>9005</onleft>
				<onright>9005</onright>
				<onup>12</onup>
				<ondown>20</ondown>
			</control>
			<control type="group">
				<description>LastFM Love Hate Stuff</description>
				<posx>0</posx>
				<posy>111</posy>
				<visible>LastFM.RadioPlaying</visible>
				<control type="image">
					<description>Unfocus Background</description>
					<posx>0</posx>
					<posy>0</posy>
					<width>160</width>
					<height>33</height>
					<texture>button-nofocus.png</texture>
					<visible>!Control.HasFocus(20) + !Control.HasFocus(21)</visible>
				</control>
				<control type="image">
					<description>Focus Background</description>
					<posx>0</posx>
					<posy>0</posy>
					<width>160</width>
					<height>33</height>
					<texture>button-focus.png</texture>
					<visible>Control.HasFocus(20) | Control.HasFocus(21)</visible>
					<animation effect="fade" start="100" end="70" time="900" pulse="true" condition="Control.HasFocus(20) | Control.HasFocus(21)">conditional</animation>
				</control>
				<control type="label">
					<description>LastFM Label</description>
					<posx>17</posx>
					<posy>0</posy>
					<width>80</width>
					<height>33</height>
					<aligny>center</aligny>
					<label>15200</label>
				</control>
				<control type="button" id="20">
					<description>Love button</description>
					<posx>105</posx>
					<posy>7</posy>
					<height>20</height>
					<width>20</width>
					<font>font13</font>
					<texturefocus>Love-focus.png</texturefocus>
					<texturenofocus>Love.png</texturenofocus>
					<onclick>XBMC.LastFM.Love</onclick>
					<aspectratio align="right">keep</aspectratio>
					<pulseonselect>false</pulseonselect>
					<animation effect="zoom" start="100" end="120" center="auto" time="100">focus</animation>
					<onleft>50</onleft>
					<onright>21</onright>
					<onup>14</onup>
					<ondown>11</ondown>
				</control>
				<control type="button" id="21">
					<description>Hate button</description>
					<posx>130</posx>
					<posy>7</posy>
					<height>20</height>
					<width>20</width>
					<texturefocus>Ban-focus.png</texturefocus>
					<texturenofocus>Ban.png</texturenofocus>
					<onclick>XBMC.LastFM.Ban</onclick>
					<aspectratio align="right">keep</aspectratio>
					<pulseonselect>false</pulseonselect>
					<animation effect="zoom" start="100" end="120" center="auto" time="100">focus</animation>
					<onleft>20</onleft>
					<onright>50</onright>
					<onup>14</onup>
					<ondown>11</ondown>
				</control>
			</control>
		</control>
		<!-- Global Options -->
		<control type="group">
			<include>contentpanelslide</include>
			<control type="grouplist" id="9002">
				<posx>190</posx>
				<posy>100</posy>
				<onleft>9001</onleft>
				<onright>9001</onright>
				<onup>9002</onup>
				<ondown>9002</ondown>
				<visible>Skin.String(SkinSettings,1)</visible>
				<control type="radiobutton" id="120">
					<description>enable animations</description>
					<width>485</width>
					<label>20079</label>
					<onclick>Skin.ToggleSetting(animated)</onclick>
					<selected>!Skin.HasSetting(animated)</selected>
					<textoffsetx>7</textoffsetx>
					<texturefocus>list-focus.png</texturefocus>
					<texturenofocus>-</texturenofocus>
				</control>
				<control type="radiobutton" id="121">
					<description>enable tween animations</description>
					<width>485</width>
					<label>21399</label>
					<onclick>Skin.ToggleSetting(tween_animated)</onclick>
					<selected>Skin.HasSetting(tween_animated)</selected>
					<textoffsetx>7</textoffsetx>
					<texturefocus>list-focus.png</texturefocus>
					<texturenofocus>-</texturenofocus>
					<enable>!Skin.HasSetting(animated)</enable>
				</control>
				<control type="image" id="122">
					<width>510</width>
					<height>10</height>
					<texture>separator.png</texture>
				</control>
				<control type="radiobutton" id="124">
					<description>QWERTY Keyboard Button</description>
					<width>485</width>
					<label>$LOCALIZE[29801]</label>
					<onclick>Skin.ToggleSetting(QWERTYKeys)</onclick>
					<selected>Skin.HasSetting(QWERTYKeys)</selected>
					<textoffsetx>7</textoffsetx>
					<texturefocus>list-focus.png</texturefocus>
					<texturenofocus>-</texturenofocus>
				</control>
				<control type="radiobutton" id="125">
					<description>make watched filtering a toggle in video library Button</description>
					<width>485</width>
					<label>21384</label>
					<onclick>Skin.ToggleSetting(watched_filtering_toggle)</onclick>
					<selected>Skin.HasSetting(watched_filtering_toggle)</selected>
					<textoffsetx>7</textoffsetx>
					<texturefocus>list-focus.png</texturefocus>
					<texturenofocus>-</texturenofocus>
				</control>
				<control type="image" id="126">
					<width>510</width>
					<height>10</height>
					<texture>separator.png</texture>
				</control>
				<control type="radiobutton" id="127">
					<description>Enable Playlist Toggle</description>
					<width>485</width>
					<label>21398</label>
					<onclick>Skin.ToggleSetting(Use_Startup_Playlist)</onclick>
					<selected>Skin.HasSetting(Use_Startup_Playlist)</selected>
					<textoffsetx>7</textoffsetx>
					<texturefocus>list-focus.png</texturefocus>
					<texturenofocus>-</texturenofocus>
				</control>
				<control type="button" id="128">
					<description>Startup Playlist Path</description>
					<width>485</width>
					<label>15311</label>
					<label2>$INFO[Skin.String(Startup_Playlist_Path)]</label2>
					<onclick>Skin.SetFile(Startup_Playlist_Path,.m3u,Q:\UserData\playlists\music\)</onclick>
					<textoffsetx>7</textoffsetx>
					<texturefocus>list-focus.png</texturefocus>
					<texturenofocus>-</texturenofocus>
					<enable>Skin.HasSetting(Use_Startup_Playlist)</enable>
				</control>
				<control type="image" id="129">
					<width>510</width>
					<height>10</height>
					<texture>separator.png</texture>
				</control>
				<control type="radiobutton" id="130">
					<description>Enable Custom Background Toggle</description>
					<width>485</width>
					<label>21389</label>
					<onclick>Skin.ToggleSetting(Use_Custom_Background)</onclick>
					<selected>Skin.HasSetting(Use_Custom_Background)</selected>
					<textoffsetx>7</textoffsetx>
					<texturefocus>list-focus.png</texturefocus>
					<texturenofocus>-</texturenofocus>
				</control>
				<control type="button" id="131">
					<description>Custom_Background Path</description>
					<width>485</width>
					<label>15311</label>
					<label2>$INFO[Skin.String(Custom_Background)]</label2>
					<onclick>Skin.SetImage(Custom_Background)</onclick>
					<textoffsetx>7</textoffsetx>
					<texturefocus>list-focus.png</texturefocus>
					<texturenofocus>-</texturenofocus>
					<enable>Skin.HasSetting(Use_Custom_Background)</enable>
					<onup>130</onup>
					<ondown>120</ondown>
				</control>
				<control type="image" id="132">
					<width>510</width>
					<height>10</height>
					<texture>separator.png</texture>
				</control>
			</control>
			<!-- Homescreen Options -->
			<control type="grouplist" id="9003">
				<posx>190</posx>
				<posy>100</posy>
				<width>485</width>
				<onleft>9001</onleft>
				<onright>9001</onright>
				<onup>9003</onup>
				<ondown>9003</ondown>
				<visible>Skin.String(SkinSettings,2)</visible>
				<control type="radiobutton" id="37">
					<description>Show Programs on Non Xbox Platforms</description>
					<width>485</width>
					<label>20082</label>
					<onclick>Skin.ToggleSetting(ProgramsInHome)</onclick>
					<selected>Skin.HasSetting(ProgramsInHome)</selected>
					<textoffsetx>7</textoffsetx>
					<texturefocus>list-focus.png</texturefocus>
					<texturenofocus>-</texturenofocus>
					<visible>!System.Platform.Xbox</visible>
				</control>
				<control type="radiobutton" id="30">
					<description>enable RSS</description>
					<width>485</width>
					<label>20080</label>
					<onclick>Skin.ToggleSetting(NoAudioRSS)</onclick>
					<selected>!Skin.HasSetting(NoAudioRSS)</selected>
					<textoffsetx>7</textoffsetx>
					<texturefocus>list-focus.png</texturefocus>
					<texturenofocus>-</texturenofocus>
				</control>
				<control type="radiobutton" id="31">
					<description>enable video info</description>
					<width>485</width>
					<label>20176</label>
					<onclick>Skin.ToggleSetting(homepageVideoinfo)</onclick>
					<selected>!Skin.HasSetting(homepageVideoinfo)</selected>
					<textoffsetx>7</textoffsetx>
					<texturefocus>list-focus.png</texturefocus>
					<texturenofocus>-</texturenofocus>
				</control>
				<control type="radiobutton" id="32">
					<description>enable music info</description>
					<width>485</width>
					<label>20083</label>
					<onclick>Skin.ToggleSetting(homepageMusicinfo)</onclick>
					<selected>!Skin.HasSetting(homepageMusicinfo)</selected>
					<textoffsetx>7</textoffsetx>
					<texturefocus>list-focus.png</texturefocus>
					<texturenofocus>-</texturenofocus>
				</control>
				<control type="radiobutton" id="33">
					<description>enable weather info</description>
					<width>485</width>
					<label>20084</label>
					<onclick>Skin.ToggleSetting(homepageWeatherinfo)</onclick>
					<selected>!Skin.HasSetting(homepageWeatherinfo)</selected>
					<textoffsetx>7</textoffsetx>
					<texturefocus>list-focus.png</texturefocus>
					<texturenofocus>-</texturenofocus>
				</control>
				<control type="radiobutton" id="34">
					<description>enable System info</description>
					<width>485</width>
					<label>20085</label>
					<onclick>Skin.ToggleSetting(homepageSysteminfo)</onclick>
					<selected>!Skin.HasSetting(homepageSysteminfo)</selected>
					<textoffsetx>7</textoffsetx>
					<texturefocus>list-focus.png</texturefocus>
					<texturenofocus>-</texturenofocus>
				</control>
				<control type="radiobutton" id="35">
					<description>enable homepage drive stats C: E: F:</description>
					<width>485</width>
					<label>20086</label>
					<visible>System.Platform.XBOX</visible>
					<selected>!Skin.HasSetting(homepageDriveinfo1)</selected>
					<onclick>Skin.ToggleSetting(homepageDriveinfo1)</onclick>
					<onclick>Skin.ResetSetting(homepageDriveinfo2)</onclick>
					<textoffsetx>7</textoffsetx>
					<texturefocus>list-focus.png</texturefocus>
					<texturenofocus>-</texturenofocus>
					<enable>!Skin.HasSetting(homepageDriveinfo2)</enable>
					<visible>System.Platform.xbox</visible>
				</control>
				<control type="radiobutton" id="36">
					<description>enable homepage drive stats E: F: G:</description>
					<width>485</width>
					<label>20087</label>
					<visible>System.Platform.XBOX</visible>
					<selected>Skin.HasSetting(homepageDriveinfo2)</selected>
					<onclick>Skin.ToggleSetting(homepageDriveinfo2)</onclick>
					<onclick>Skin.ResetSetting(homepageDriveinfo1)</onclick>
					<textoffsetx>7</textoffsetx>
					<texturefocus>list-focus.png</texturefocus>
					<texturenofocus>-</texturenofocus>
					<enable>Skin.HasSetting(homepageDriveinfo1)</enable>
					<visible>System.Platform.xbox</visible>
				</control>
			</control>
			<!-- Custom Options -->
			<control type="grouplist" id="9005">
				<posx>190</posx>
				<posy>100</posy>
				<width>485</width>
				<onleft>9001</onleft>
				<onright>9001</onright>
				<onup>9005</onup>
				<ondown>9005</ondown>
				<visible>Skin.String(SkinSettings,3)</visible>
				<control type="radiobutton" id="80">
					<description>enable Autoscroll</description>
					<width>485</width>
					<label>20189</label>
					<onclick>Skin.ToggleSetting(AutoScroll)</onclick>
					<selected>Skin.HasSetting(AutoScroll)</selected>
					<textoffsetx>7</textoffsetx>
					<texturefocus>list-focus.png</texturefocus>
					<texturenofocus>-</texturenofocus>
				</control>
				<control type="radiobutton" id="81">
					<description>enable Fanart</description>
					<width>485</width>
					<label>20414</label>
					<onclick>Skin.ToggleSetting(ShowFanart)</onclick>
					<selected>Skin.HasSetting(ShowFanart)</selected>
					<textoffsetx>7</textoffsetx>
					<texturefocus>list-focus.png</texturefocus>
					<texturenofocus>-</texturenofocus>
				</control>
				<control type="radiobutton" id="82">
					<description>enable Tv Posters</description>
					<width>485</width>
					<label>20185</label>
					<onclick>Skin.ToggleSetting(UseTVPosters)</onclick>
					<selected>Skin.HasSetting(UseTVPosters)</selected>
					<textoffsetx>7</textoffsetx>
					<texturefocus>list-focus.png</texturefocus>
					<texturenofocus>-</texturenofocus>
				</control>
			</control>
		</control>
		<include>windowswitchtransition</include>
	</controls>
</window>
