<window id="2003">
	<defaultcontrol always="true">5</defaultcontrol>
	<allowoverlay>yes</allowoverlay>
	<include>dialogeffect</include>
	<controls>
		<control type="image">
			<posx>0</posx>
			<posy>0</posy>
			<width>720</width>
			<height>576</height>
			<texture>black.png</texture>
			<animation effect="fade" time="2000">WindowOpen</animation>
		</control>
		<control type="image">
			<description>background image</description>
			<posx>25</posx>
			<posy>35</posy>
			<width>670</width>
			<height>535</height>
			<texture border="20,10,10,30">dialog-panel2.png</texture>
		</control>
		<control type="group">
			<control type="label" id="1">
				<description>description label</description>
				<posx>55</posx>
				<posy>55</posy>
				<width>625</width>
				<align>left</align>
				<label>$LOCALIZE[10524] [COLOR=green]-[/COLOR] ($INFO[listitem.title])</label>
				<font>special13</font>
				<visible>!container.content(tvshows) + !container.content(episodes) + !container.content(musicvideos)</visible>
			</control>
			<control type="image">
				<description>Cover image</description>
				<posx>55</posx>
				<posy>95</posy>
				<width>135</width>
				<height>239</height>
				<texture>$INFO[ListItem.Icon]</texture>
				<aspectratio>keep</aspectratio>
				<visible>!container.content(tvshows) + !container.content(episodes) + !container.content(musicvideos)</visible>
			</control>
			<control type="label" id="1">
				<description>Studio txt</description>
				<posx>200</posx>
				<posy>95</posy>
				<width>105</width>
				<label>$LOCALIZE[572]:</label>
				<font>font11</font>
				<visible>!container.content(tvshows) + !container.content(episodes) + !container.content(musicvideos)</visible>
			</control>
			<control type="label" id="1">
				<description>Director txt</description>
				<posx>200</posx>
				<posy>115</posy>
				<width>105</width>
				<label>$LOCALIZE[20339]:</label>
				<font>font11</font>
				<visible>!container.content(tvshows) + !container.content(episodes) + !container.content(musicvideos)</visible>
			</control>
			<control type="label" id="1">
				<description>Writing Credits txt</description>
				<posx>200</posx>
				<posy>135</posy>
				<width>105</width>
				<label>$LOCALIZE[20417]:</label>
				<font>font11</font>
				<visible>!container.content(tvshows) + !container.content(episodes) + !container.content(musicvideos)</visible>
			</control>
			<control type="label" id="1">
				<description>Genre txt</description>
				<posx>200</posx>
				<posy>155</posy>
				<width>105</width>
				<label>$LOCALIZE[515]:</label>
				<font>font11</font>
				<visible>!container.content(tvshows) + !container.content(episodes) + !container.content(musicvideos)</visible>
			</control>
			<control type="label" id="1">
				<description>Year</description>
				<posx>200</posx>
				<posy>175</posy>
				<width>105</width>
				<label>$LOCALIZE[562]:</label>
				<font>font11</font>
				<visible>!container.content(tvshows) + !container.content(episodes) + !container.content(musicvideos)</visible>
			</control>
			<control type="label" id="1">
				<description>TagLine txt</description>
				<posx>200</posx>
				<posy>195</posy>
				<width>105</width>
				<label>$LOCALIZE[202]:</label>
				<font>font11</font>
				<visible>!container.content(tvshows) + !container.content(episodes) + !container.content(musicvideos)</visible>
			</control>
			<control type="label" id="1">
				<description>PlotOutline txt</description>
				<posx>200</posx>
				<posy>215</posy>
				<width>105</width>
				<label>$LOCALIZE[203]:</label>
				<font>font11</font>
				<visible>!container.content(tvshows) + !container.content(episodes) + !container.content(musicvideos)</visible>
			</control>
			<control type="label" id="1">
				<description>Rating txt</description>
				<posx>200</posx>
				<posy>235</posy>
				<width>105</width>
				<label>$LOCALIZE[563]:</label>
				<font>font11</font>
				<visible>!container.content(tvshows) + !container.content(episodes) + !container.content(musicvideos)</visible>
			</control>
			<control type="label" id="1">
				<description>Runtime txt</description>
				<posx>200</posx>
				<posy>255</posy>
				<width>105</width>
				<label>$LOCALIZE[2050]:</label>
				<font>font11</font>
				<visible>!container.content(tvshows) + !container.content(episodes) + !container.content(musicvideos)</visible>
			</control>
			<control type="label" id="1">
				<description>MPPA Rating txt</description>
				<posx>200</posx>
				<posy>275</posy>
				<width>105</width>
				<label>$LOCALIZE[20074]:</label>
				<font>font11</font>
				<visible>!container.content(tvshows) + !container.content(episodes) + !container.content(musicvideos)</visible>
			</control>
			<control type="label" id="1">
				<description>Original File Path Label </description>
				<posx>200</posx>
				<posy>295</posy>
				<width>105</width>
				<label>$LOCALIZE[15311]</label>
				<font>font11</font>
				<visible>!container.content(tvshows) + !container.content(episodes) + !container.content(musicvideos)</visible>
				<scroll>true</scroll>
			</control>
			<control type="label" id="1">
				<description>Top 250 Text</description>
				<posx>200</posx>
				<posy>315</posy>
				<width>105</width>
				<label>$LOCALIZE[13409]:</label>
				<font>font11</font>
				<visible>!IsEmpty(listitem.top250) + !container.content(tvshows) + !container.content(episodes) + !container.content(musicvideos)</visible>
				<scroll>true</scroll>
			</control>
			<control type="label" id="36">
				<description>Studio value</description>
				<posx>310</posx>
				<posy>95</posy>
				<width>361</width>
				<label>-</label>
				<font>font11</font>
				<visible>!container.content(tvshows) + !container.content(episodes) + !container.content(musicvideos)</visible>
				<scroll>true</scroll>
			</control>
			<control type="label" id="21">
				<description>Director value</description>
				<posx>310</posx>
				<posy>115</posy>
				<width>361</width>
				<label>-</label>
				<font>font11</font>
				<visible>!container.content(tvshows) + !container.content(episodes) + !container.content(musicvideos)</visible>
				<scroll>true</scroll>
			</control>
			<control type="label" id="22">
				<description>Writing Credits value</description>
				<posx>310</posx>
				<posy>135</posy>
				<width>361</width>
				<label>-</label>
				<font>font11</font>
				<visible>!container.content(tvshows) + !container.content(episodes) + !container.content(musicvideos)</visible>
				<scroll>true</scroll>
			</control>
			<control type="label" id="23">
				<description>Genre value</description>
				<posx>310</posx>
				<posy>155</posy>
				<width>361</width>
				<label>-</label>
				<font>font11</font>
				<visible>!container.content(tvshows) + !container.content(episodes) + !container.content(musicvideos)</visible>
				<scroll>true</scroll>
			</control>
			<control type="label" id="24">
				<description>Year value</description>
				<posx>310</posx>
				<posy>175</posy>
				<width>361</width>
				<label>-</label>
				<font>font11</font>
				<visible>!container.content(tvshows) + !container.content(episodes) + !container.content(musicvideos)</visible>
				<scroll>true</scroll>
			</control>
			<control type="label" id="25">
				<description>TagLine value</description>
				<posx>310</posx>
				<posy>195</posy>
				<width>361</width>
				<label>-</label>
				<font>font11</font>
				<visible>!container.content(tvshows) + !container.content(episodes) + !container.content(musicvideos)</visible>
				<scroll>true</scroll>
			</control>
			<control type="label" id="26">
				<description>PlotOutline value</description>
				<posx>310</posx>
				<posy>215</posy>
				<width>361</width>
				<height>17</height>
				<label>-</label>
				<font>font11</font>
				<visible>!container.content(tvshows) + !container.content(episodes) + !container.content(musicvideos)</visible>
				<scroll>true</scroll>
			</control>
			<control type="label" id="30">
				<description>Rating and votes value</description>
				<posx>310</posx>
				<posy>235</posy>
				<width>361</width>
				<label>-</label>
				<font>font11</font>
				<visible>!container.content(tvshows) + !container.content(episodes) + !container.content(musicvideos)</visible>
				<scroll>true</scroll>
			</control>
			<control type="label" id="31">
				<description>Runtime value</description>
				<posx>310</posx>
				<posy>255</posy>
				<width>361</width>
				<label>-</label>
				<font>font11</font>
				<visible>!container.content(tvshows) + !container.content(episodes) + !container.content(musicvideos)</visible>
				<scroll>true</scroll>
			</control>
			<control type="label" id="32">
				<description>MPPA Rating value</description>
				<posx>310</posx>
				<posy>275</posy>
				<width>361</width>
				<label>-</label>
				<font>font11</font>
				<visible>!container.content(tvshows) + !container.content(episodes) + !container.content(musicvideos)</visible>
				<scroll>true</scroll>
			</control>
			<control type="label" id="1">
				<description>Original File Path Value</description>
				<posx>310</posx>
				<posy>295</posy>
				<width>361</width>
				<label>$INFO[listitem.FilenameAndPath]</label>
				<font>font11</font>
				<visible>!container.content(tvshows) + !container.content(episodes) + !container.content(musicvideos)</visible>
				<scroll>true</scroll>
			</control>
			<control type="label" id="1">
				<description>Top 250 Value</description>
				<posx>310</posx>
				<posy>315</posy>
				<width>361</width>
				<label>$INFO[listitem.top250,#, $LOCALIZE[13408]]</label>
				<font>font11</font>
				<visible>!IsEmpty(listitem.top250) + !container.content(tvshows) + !container.content(episodes) + !container.content(musicvideos)</visible>
				<scroll>true</scroll>
			</control>
		</control>
		<control type="group">
			<control type="label" id="1">
				<description>description label</description>
				<posx>55</posx>
				<posy>55</posy>
				<align>left</align>
				<label>20351</label>
				<font>special13</font>
				<visible>container.content(tvshows)</visible>
			</control>
			<control type="image">
				<description>TV Show Banner image</description>
				<posx>60</posx>
				<posy>100</posy>
				<width>615</width>
				<height>115</height>
				<texture>$INFO[ListItem.Icon]</texture>
				<aspectratio aligny="bottom">keep</aspectratio>
				<visible>container.content(tvshows)</visible>
			</control>
			<control type="image">
				<description>TV Show Banner reflection</description>
				<posx>60</posx>
				<posy>215</posy>
				<width>615</width>
				<height>115</height>
				<aspectratio aligny="top">keep</aspectratio>
				<info>ListItem.Icon</info>
				<texture flipy="true" diffuse="diffuse_mirror.png" /> 
				<visible>container.content(tvshows)</visible>
			</control>
			<control type="label" id="20">
				<description>TV Show Title value</description>
				<posx>60</posx>
				<posy>215</posy>
				<width>615</width>
				<label>-</label>
				<font>special13</font>
				<visible>container.content(tvshows)</visible>
				<scroll>true</scroll>
			</control>
			<control type="label" id="1">
				<description>Episodes txt</description>
				<posx>60</posx>
				<posy>243</posy>
				<width>90</width>
				<label>$LOCALIZE[20360]:</label>
				<font>font13</font>
				<visible>container.content(tvshows)</visible>
			</control>
			<control type="label" id="1">
				<description>Episodes Value</description>
				<posx>170</posx>
				<posy>243</posy>
				<width>550</width>
				<label>$INFO[listitem.episode] [COLOR=grey] ($INFO[ListItem.Property(WatchedEpisodes),, $LOCALIZE[16102]] - $INFO[ListItem.Property(UnWatchedEpisodes), , $LOCALIZE[16101]])[/COLOR]</label>
				<font>font13</font>
				<visible>container.content(tvshows)</visible>
				<scroll>true</scroll>
			</control>
			<control type="label" id="1">
				<description>First Aired txt</description>
				<posx>60</posx>
				<posy>266</posy>
				<width>90</width>
				<label>$LOCALIZE[20416]:</label>
				<font>font13</font>
				<visible>container.content(tvshows)</visible>
				<scroll>true</scroll>
			</control>
			<control type="label">
				<description>First Aired Value</description>
				<posx>170</posx>
				<posy>266</posy>
				<width>550</width>
				<label>$INFO[ListItem.Premiered]</label>
				<font>font13</font>
				<visible>container.content(tvshows)</visible>
				<scroll>true</scroll>
			</control>
			<control type="label" id="1">
				<description>Genre txt</description>
				<posx>60</posx>
				<posy>289</posy>
				<width>90</width>
				<label>$LOCALIZE[515]:</label>
				<font>font13</font>
				<visible>container.content(tvshows)</visible>
			</control>
			<control type="label" id="23">
				<description>Genre value</description>
				<posx>170</posx>
				<posy>289</posy>
				<width>550</width>
				<label></label>
				<font>font13</font>
				<visible>container.content(tvshows)</visible>
				<scroll>true</scroll>
			</control>
			<control type="label" id="1">
				<description>Path txt</description>
				<posx>60</posx>
				<posy>312</posy>
				<width>90</width>
				<label>$LOCALIZE[15311]</label>
				<font>font13</font>
				<visible>container.content(tvshows)</visible>
			</control>
			<control type="label">
				<description>Path value</description>
				<posx>170</posx>
				<posy>312</posy>
				<width>550</width>
				<label></label>
				<font>font13</font>
				<info>ListItem.Path</info>
				<visible>container.content(tvshows)</visible>
				<scroll>true</scroll>
			</control>
		</control>
		<control type="group">
			<control type="label" id="1">
				<description>description label</description>
				<posx>55</posx>
				<posy>55</posy>
				<align>left</align>
				<label>20352</label>
				<font>special13</font>
				<visible>container.content(episodes)</visible>
			</control>
			<control type="image">
				<description>Cover image</description>
				<posx>55</posx>
				<posy>110</posy>
				<width>135</width>
				<height>140</height>
				<info>ListItem.Icon</info>
				<aspectratio align="left" aligny="bottom">keep</aspectratio>
				<visible>container.content(episodes)</visible>
			</control>
			<control type="image">
				<description>Cover image reflection</description>
				<posx>55</posx>
				<posy>250</posy>
				<width>135</width>
				<height>140</height>
				<aspectratio align="left" aligny="top">keep</aspectratio>
				<info>ListItem.Icon</info>
				<texture flipy="true" diffuse="diffuse_mirror.png" /> 
				<visible>container.content(episodes)</visible>
			</control>
			<control type="label" id="1">
				<description>Tv ShowTitle value</description>
				<posx>200</posx>
				<posy>100</posy>
				<width>330</width>
				<info>ListItem.tvshowtitle</info>
				<font>special13</font>
				<visible>container.content(episodes)</visible>
				<scroll>true</scroll>
			</control>
			<control type="label" id="20">
				<description>Title value</description>
				<posx>200</posx>
				<posy>130</posy>
				<width>330</width>
				<label>-</label>
				<font>special13</font>
				<visible>container.content(episodes)</visible>
				<scroll>true</scroll>
			</control>
			<control type="label" id="1">
				<description>Episode txt</description>
				<posx>200</posx>
				<posy>165</posy>
				<width>90</width>
				<label>$LOCALIZE[20359]:</label>
				<font>font12</font>
				<visible>container.content(episodes)</visible>
			</control>
			<control type="label" id="1">
				<description>Season txt</description>
				<posx>200</posx>
				<posy>185</posy>
				<width>90</width>
				<label>$LOCALIZE[20373]:</label>
				<font>font12</font>
				<visible>container.content(episodes)</visible>
			</control>
			<control type="label" id="1">
				<description>Director txt</description>
				<posx>200</posx>
				<posy>205</posy>
				<width>90</width>
				<label>$LOCALIZE[20339]:</label>
				<font>font12</font>
				<visible>container.content(episodes)</visible>
			</control>
			<control type="label" id="1">
				<description>Writing Credits txt</description>
				<posx>200</posx>
				<posy>225</posy>
				<width>90</width>
				<label>$LOCALIZE[20417]:</label>
				<font>font12</font>
				<visible>container.content(episodes)</visible>
			</control>
			<control type="label" id="1">
				<description>Genre txt</description>
				<posx>200</posx>
				<posy>245</posy>
				<width>90</width>
				<label>$LOCALIZE[515]:</label>
				<font>font12</font>
				<visible>container.content(episodes)</visible>
			</control>
			<control type="label" id="1">
				<description>First Aired</description>
				<posx>200</posx>
				<posy>265</posy>
				<width>90</width>
				<label>$LOCALIZE[20416]:</label>
				<font>font12</font>
				<visible>container.content(episodes)</visible>
			</control>
			<control type="label" id="1">
				<description>Rating txt</description>
				<posx>200</posx>
				<posy>285</posy>
				<width>90</width>
				<label>$LOCALIZE[563]:</label>
				<font>font12</font>
				<visible>container.content(episodes)</visible>
			</control>
			<control type="label" id="1">
				<description>Path txt</description>
				<posx>200</posx>
				<posy>305</posy>
				<width>90</width>
				<label>$LOCALIZE[15311]</label>
				<font>font12</font>
				<visible>container.content(episodes)</visible>
			</control>
			<control type="label" id="1">
				<description>Episode value</description>
				<posx>300</posx>
				<posy>168</posy>
				<width>375</width>
				<info>Listitem.Episode</info>
				<font>font12</font>
				<visible>container.content(episodes)</visible>
				<scroll>true</scroll>
			</control>
			<control type="label" id="1">
				<description>Sesson value</description>
				<posx>300</posx>
				<posy>185</posy>
				<width>375</width>
				<info>Listitem.Season</info>
				<font>font12</font>
				<visible>container.content(episodes)</visible>
				<scroll>true</scroll>
			</control>
			<control type="label" id="21">
				<description>Director value</description>
				<posx>300</posx>
				<posy>205</posy>
				<width>375</width>
				<label>-</label>
				<font>font12</font>
				<visible>container.content(episodes)</visible>
				<scroll>true</scroll>
			</control>
			<control type="label" id="22">
				<description>Writing Credits value</description>
				<posx>300</posx>
				<posy>225</posy>
				<width>375</width>
				<label>-</label>
				<font>font12</font>
				<visible>container.content(episodes)</visible>
				<scroll>true</scroll>
			</control>
			<control type="label" id="23">
				<description>Genre value</description>
				<posx>300</posx>
				<posy>245</posy>
				<width>375</width>
				<label>-</label>
				<font>font12</font>
				<visible>container.content(episodes)</visible>
				<scroll>true</scroll>
			</control>
			<control type="label">
				<description>First Aired value</description>
				<posx>300</posx>
				<posy>265</posy>
				<width>375</width>
				<label>$INFO[ListItem.Premiered]</label>
				<font>font12</font>
				<visible>container.content(episodes)</visible>
				<scroll>true</scroll>
			</control>
			<control type="label" id="30">
				<description>Rating and votes value</description>
				<posx>300</posx>
				<posy>285</posy>
				<width>375</width>
				<label>-</label>
				<font>font12</font>
				<visible>container.content(episodes)</visible>
				<scroll>true</scroll>
			</control>
			<control type="label">
				<description>File Path value</description>
				<posx>300</posx>
				<posy>305</posy>
				<width>375</width>
				<info>Listitem.FilenameAndPath</info>
				<font>font12</font>
				<visible>container.content(episodes)</visible>
				<scroll>true</scroll>
			</control>
		</control>
		<control type="group">
			<control type="label" id="1">
				<description>description label</description>
				<posx>55</posx>
				<posy>55</posy>
				<align>left</align>
				<label>20391</label>
				<font>special13</font>
				<visible>container.content(musicvideos)</visible>
			</control>
			<control type="image">
				<description>Cover image</description>
				<posx>55</posx>
				<posy>100</posy>
				<width>135</width>
				<height>232</height>
				<aspectratio>keep</aspectratio>
				<info align="left">ListItem.Icon</info>
				<visible>container.content(musicvideos)</visible>
			</control>
			<control type="label" id="1">
				<description>Title value</description>
				<posx>200</posx>
				<posy>110</posy>
				<width>330</width>
				<info>Listitem.Title</info>
				<font>special13</font>
				<visible>container.content(musicvideos)</visible>
				<scroll>true</scroll>
			</control>
			<control type="label" id="1">
				<description>Artist txt</description>
				<posx>200</posx>
				<posy>160</posy>
				<width>90</width>
				<label>$LOCALIZE[557]:</label>
				<font>font12</font>
				<visible>container.content(musicvideos)</visible>
			</control>
			<control type="label" id="1">
				<description>Album txt</description>
				<posx>200</posx>
				<posy>185</posy>
				<width>90</width>
				<label>$LOCALIZE[558]:</label>
				<font>font12</font>
				<visible>container.content(musicvideos)</visible>
			</control>
			<control type="label" id="1">
				<description>Genre txt</description>
				<posx>200</posx>
				<posy>210</posy>
				<width>90</width>
				<label>$LOCALIZE[515]:</label>
				<font>font12</font>
				<visible>container.content(musicvideos)</visible>
			</control>
			<control type="label" id="1">
				<description>Year txt</description>
				<posx>200</posx>
				<posy>235</posy>
				<width>90</width>
				<label>$LOCALIZE[562]:</label>
				<font>font12</font>
				<visible>container.content(musicvideos)</visible>
			</control>
			<control type="label" id="1">
				<description>Runtime txt</description>
				<posx>200</posx>
				<posy>260</posy>
				<width>90</width>
				<label>$LOCALIZE[2050]:</label>
				<font>font12</font>
				<visible>container.content(musicvideos)</visible>
			</control>
			<control type="label" id="1">
				<description>Director Text</description>
				<posx>200</posx>
				<posy>285</posy>
				<width>90</width>
				<label>$LOCALIZE[20339]:</label>
				<font>font12</font>
				<visible>container.content(musicvideos)</visible>
			</control>
			<control type="label" id="1">
				<description>Studio txt</description>
				<posx>200</posx>
				<posy>310</posy>
				<width>90</width>
				<label>$LOCALIZE[572]:</label>
				<font>font12</font>
				<visible>container.content(musicvideos)</visible>
			</control>
			<control type="label" id="1">
				<description>Artist value</description>
				<posx>300</posx>
				<posy>160</posy>
				<width>375</width>
				<info>Listitem.Artist</info>
				<font>font12</font>
				<visible>container.content(musicvideos)</visible>
				<scroll>true</scroll>
			</control>
			<control type="label" id="1">
				<description>Album value</description>
				<posx>300</posx>
				<posy>185</posy>
				<width>375</width>
				<info>Listitem.Album</info>
				<font>font12</font>
				<visible>container.content(musicvideos)</visible>
				<scroll>true</scroll>
			</control>
			<control type="label" id="1">
				<description>Genre value</description>
				<posx>300</posx>
				<posy>210</posy>
				<width>375</width>
				<info>Listitem.Genre</info>
				<font>font12</font>
				<visible>container.content(musicvideos)</visible>
				<scroll>true</scroll>
			</control>
			<control type="label" id="1">
				<description>Year value</description>
				<posx>300</posx>
				<posy>235</posy>
				<width>375</width>
				<info>Listitem.Year</info>
				<font>font12</font>
				<visible>container.content(musicvideos)</visible>
				<scroll>true</scroll>
			</control>
			<control type="label" id="1">
				<description>Runtime value</description>
				<posx>300</posx>
				<posy>260</posy>
				<width>375</width>
				<info>Listitem.Duration</info>
				<font>font12</font>
				<visible>container.content(musicvideos)</visible>
				<scroll>true</scroll>
			</control>
			<control type="label" id="1">
				<description>Director value</description>
				<posx>300</posx>
				<posy>285</posy>
				<width>375</width>
				<info>Listitem.Director</info>
				<font>font12</font>
				<visible>container.content(musicvideos)</visible>
				<scroll>true</scroll>
			</control>
			<control type="label" id="1">
				<description>Studio value</description>
				<posx>300</posx>
				<posy>310</posy>
				<width>375</width>
				<info>Listitem.Studio</info>
				<font>font12</font>
				<visible>container.content(musicvideos)</visible>
				<scroll>true</scroll>
			</control>
		</control>
		<control type="group" id="9000">
			<posy>350</posy>
			<control type="button" id ="5">
				<description>Plot/Cast</description>
				<posx>55</posx>
				<posy>0</posy>
				<width>135</width>
				<height>29</height>
				<label>206</label>
				<font>font10</font>
				<align>center</align>
				<texturenofocus border="5">keyboard-btn-space.png</texturenofocus>
				<texturefocus border="5">keyboard-btn-space-focus2.png</texturefocus>
				<onleft>50</onleft>
				<onright>4</onright>
				<onup>11</onup>
				<ondown>8</ondown>
			</control>
			<control type="togglebutton" id ="8">
				<description>Play/Browse to Show</description>
				<posx>55</posx>
				<posy>30</posy>
				<width>135</width>
				<height>29</height>
				<label>208</label>
				<font>font10</font>
				<align>center</align>
				<aligny>center</aligny>
				<texturenofocus border="5">keyboard-btn-space.png</texturenofocus>
				<texturefocus border="5">keyboard-btn-space-focus2.png</texturefocus>
				<alttexturenofocus border="5">keyboard-btn-space.png</alttexturenofocus>
				<alttexturefocus border="5">keyboard-btn-space-focus2.png</alttexturefocus>
				<altlabel>1024</altlabel>
				<usealttexture>Container.Content(TVShows)</usealttexture>
				<onleft>4</onleft>
				<onright>4</onright>
				<onup>5</onup>
				<ondown>9</ondown>
			</control>
			<control type="button" id ="9">
				<description>Resume</description>
				<posx>55</posx>
				<posy>60</posy>
				<width>135</width>
				<height>29</height>
				<label>13404</label>
				<font>font10</font>
				<align>center</align>
				<texturenofocus border="5">keyboard-btn-space.png</texturenofocus>
				<texturefocus border="5">keyboard-btn-space-focus2.png</texturefocus>
				<onleft>4</onleft>
				<onright>4</onright>
				<onup>8</onup>
				<ondown>6</ondown>
				<visible>!Container.Content(TVShows)</visible>
			</control>
			<control type="button" id ="6">
				<description>Refresh</description>
				<posx>55</posx>
				<posy>90</posy>
				<width>135</width>
				<height>29</height>
				<label>184</label>
				<font>font10</font>
				<align>center</align>
				<texturenofocus border="5">keyboard-btn-space.png</texturenofocus>
				<texturefocus border="5">keyboard-btn-space-focus2.png</texturefocus>
				<onleft>4</onleft>
				<onright>4</onright>
				<onup>9</onup>
				<ondown>10</ondown>
				<animation effect="slide" start="0,0" end="0,-30" time="0" condition="Container.Content(TVShows)">conditional</animation>
			</control>
			<control type="button" id ="10">
				<description>Get Thumb</description>
				<posx>55</posx>
				<posy>120</posy>
				<width>135</width>
				<height>29</height>
				<label>13405</label>
				<font>font10</font>
				<align>center</align>
				<texturenofocus border="5">keyboard-btn-space.png</texturenofocus>
				<texturefocus border="5">keyboard-btn-space-focus2.png</texturefocus>
				<onleft>4</onleft>
				<onright>4</onright>
				<onup>6</onup>
				<ondown>12</ondown>
				<animation effect="slide" start="0,0" end="0,-30" time="0" condition="Container.Content(TVShows)">conditional</animation>
			</control>
			<control type="button" id ="12">
				<description>Get Fanart</description>
				<posx>55</posx>
				<posy>120</posy>
				<width>135</width>
				<height>29</height>
				<label>20413</label>
				<font>font10</font>
				<align>center</align>
				<texturenofocus border="5">keyboard-btn-space.png</texturenofocus>
				<texturefocus border="5">keyboard-btn-space-focus2.png</texturefocus>
				<onleft>4</onleft>
				<onright>4</onright>
				<onup>10</onup>
				<ondown>11</ondown>
				<visible>Container.Content(TVShows)</visible>
			</control>
			<control type="button" id ="11">
				<description>Trailer</description>
				<posx>55</posx>
				<posy>150</posy>
				<width>135</width>
				<height>29</height>
				<label>20410</label>
				<font>font10</font>
				<align>center</align>
				<texturenofocus border="5">keyboard-btn-space.png</texturenofocus>
				<texturefocus border="5">keyboard-btn-space-focus2.png</texturefocus>
				<onleft>4</onleft>
				<onright>4</onright>
				<onup>12</onup>
				<ondown>5</ondown>
				<visible>!IsEmpty(ListItem.Trailer)</visible>
			</control>
		</control>
		<control type="image">
			<posx>190</posx>
			<posy>337</posy>
			<width>500</width>
			<height>10</height>
			<texture>separator.png</texture>
		</control>
		<control type="list" id="50">
			<description>Cast List Container</description>
			<posx>200</posx>
			<posy>350</posy>
			<width>350</width>
			<height>175</height>
			<onleft>9000</onleft>
			<onright>61</onright>
			<onup>50</onup>
			<ondown>50</ondown>
			<orientation>vertical</orientation>
			<pagecontrol>61</pagecontrol>
			<scrolltime>200</scrolltime>
			<itemlayout width="250" height="29">
				<control type="image">
					<posx>0</posx>
					<posy>3</posy>
					<width>22</width>
					<height>22</height>
					<texture>DefaultActorBig.png</texture>
					<info>ListItem.Icon</info>
				</control>
				<control type="label">
					<posx>30</posx>
					<posy>3</posy>
					<width>320</width>
					<height>22</height>
					<font>font13</font>
					<aligny>center</aligny>
					<selectedcolor>green</selectedcolor>
					<align>left</align>
					<info>ListItem.Label</info>
				</control>
			</itemlayout>
			<focusedlayout height="29" width="250">
				<control type="image">
					<width>350</width>
					<height>29</height>
					<posx>0</posx>
					<posy>0</posy>
					<visible>Control.HasFocus(50)</visible>
					<texture>list-focus.png</texture>
				</control>
				<control type="image">
					<posx>0</posx>
					<posy>3</posy>
					<width>22</width>
					<height>22</height>
					<texture>DefaultActorBig.png</texture>
					<info>ListItem.Icon</info>
				</control>
				<control type="label">
					<posx>30</posx>
					<posy>3</posy>
					<width>320</width>
					<height>22</height>
					<font>font13</font>
					<aligny>center</aligny>
					<selectedcolor>green</selectedcolor>
					<align>left</align>
					<info>ListItem.Label</info>
				</control>
			</focusedlayout>
		</control>
		<control type="group">
			<visible>Control.IsVisible(50)</visible>
			<animation effect="slide" start="0,0" end="25,0" time="0" condition="!Control.IsVisible(61)">conditional</animation>
			<control type="image">
				<description>Actor background image</description>
				<posx>555</posx>
				<posy>345</posy>
				<width>105</width>
				<height>180</height>
				<aspectratio>stretch</aspectratio>
				<texture>homeinfo-bg.png</texture>
			</control>
			<control type="image">
				<description>Actor image</description>
				<posx>565</posx>
				<posy>370</posy>
				<width>85</width>
				<height>130</height>
				<info>Container(50).ListItem.Icon</info>
				<aspectratio aligny="center">keep</aspectratio>
				<align>center</align>
			</control>
		</control>
		<control type="textbox" id="4">
			<description>Textbox when scrollbar is visible</description>
			<posx>200</posx>
			<posy>350</posy>
			<width>455</width>
			<height>170</height>
			<onleft>5</onleft>
			<onright>50</onright>
			<onup>5</onup>
			<ondown>5</ondown>
			<pagecontrol>61</pagecontrol>
			<visible>Control.IsVisible(61) + !Control.IsVisible(50)</visible>
			<include>autoscrollmedium</include>
		</control>
		<control type="textbox" id="4">
			<description>Textbox when scrollbar is NOT visible</description>
			<posx>200</posx>
			<posy>350</posy>
			<width>471</width>
			<height>170</height>
			<onleft>5</onleft>
			<onright>50</onright>
			<onup>5</onup>
			<ondown>5</ondown>
			<pagecontrol>61</pagecontrol>
			<visible>!Control.IsVisible(61) + !Control.IsVisible(50)</visible>
			<include>autoscrollmedium</include>
		</control>
		<control type="button">
			<posx>665</posx>
			<posy>350</posy>
			<include>scrollbar_width</include>
			<height>20</height>
			<onclick>PageUp(61)</onclick>
			<texturefocus border="4">scrollbar_arrow_up_focus.png</texturefocus>
			<texturenofocus border="4">scrollbar_arrow_up.png</texturenofocus>
			<visible>Control.IsVisible(61)</visible>
		</control>
		<control type="button">
			<posx>665</posx>
			<posy>500</posy>
			<include>scrollbar_width</include>
			<height>20</height>
			<onclick>PageDown(61)</onclick>
			<texturefocus border="4">scrollbar_arrow_down_focus.png</texturefocus>
			<texturenofocus border="4">scrollbar_arrow_down.png</texturenofocus>
			<visible>Control.IsVisible(61)</visible>
		</control>
		<control type="scrollbar" id="61">
			<posx>665</posx>
			<posy>370</posy>
			<include>scrollbar_width</include>
			<height>130</height>
			<texturesliderbackground border="4">scrollbar_background.png</texturesliderbackground>
			<texturesliderbar border="4">scrollbar_bar.png</texturesliderbar>
			<texturesliderbarfocus border="4">scrollbar_bar_focus.png</texturesliderbarfocus>
			<textureslidernib>-</textureslidernib>
			<textureslidernibfocus>-</textureslidernibfocus>
			<onleft>50</onleft>
			<onright>9000</onright>
			<showonepage>false</showonepage>
			<orientation>vertical</orientation>
		</control>
	</controls>
</window>