<window id="2001">
	<defaultcontrol>5</defaultcontrol>
	<allowoverlay>yes</allowoverlay>
	<include>dialogeffect</include>
	<controls>
		<control type="image" id="0">
			<posx>0</posx>
			<posy>0</posy>
			<width>720</width>
			<height>576</height>
			<texture>black.png</texture>
			<animation effect="fade" time="2000">WindowOpen</animation>
		</control>
		<control type="image" id="1">
			<description>background image</description>
			<posx>25</posx>
			<posy>35</posy>
			<width>670</width>
			<height>535</height>
			<texture>dialog-panel2.png</texture>
		</control>
		<control type="image">
			<description>Artist,Album Cover image</description>
			<posx>55</posx>
			<posy>95</posy>
			<width>135</width>
			<height>230</height>
			<aspectratio aligny="top">keep</aspectratio>
			<info>ListItem.Thumb</info>
		</control>
		<control type="image">
			<posx>55</posx>
			<posy>340</posy>
			<width>625</width>
			<height>5</height>
			<texture>separator.png</texture>
		</control>
		<control type="group">
			<visible>container.content(albums)</visible>
			<control type="label" id="1">
				<description>description label</description>
				<posx>55</posx>
				<posy>55</posy>
				<align>left</align>
				<label>10523</label>
				<font>special13</font>
			</control>
			<control type="label">
				<description>Artist</description>
				<posx>200</posx>
				<posy>123</posy>
				<label>$LOCALIZE[557]:</label>
				<width>90</width>
				<font>font11</font>
			</control>
			<control type="label">
				<description>Year</description>
				<posx>200</posx>
				<posy>143</posy>
				<label>$LOCALIZE[562]:</label>
				<width>90</width>
				<font>font11</font>
			</control>
			<control type="label">
				<description>Rating</description>
				<posx>200</posx>
				<posy>163</posy>
				<label>$LOCALIZE[563]:</label>
				<width>90</width>
				<font>font11</font>
			</control>
			<control type="label">
				<description>Genre</description>
				<posx>200</posx>
				<posy>183</posy>
				<width>90</width>
				<label>$LOCALIZE[515]:</label>
				<font>font11</font>
			</control>
			<control type="label">
				<description>Moods</description>
				<posx>200</posx>
				<posy>203</posy>
				<width>90</width>
				<label>$LOCALIZE[175]:</label>
				<font>font11</font>
			</control>
			<control type="label">
				<description>Styles</description>
				<posx>200</posx>
				<posy>223</posy>
				<width>90</width>
				<label>$LOCALIZE[176]:</label>
				<font>font11</font>
			</control>
			<control type="label">
				<description>Themes</description>
				<posx>200</posx>
				<posy>243</posy>
				<width>90</width>
				<label>$LOCALIZE[21895]:</label>
				<font>font11</font>
			</control>
			<control type="label">
				<description>Label</description>
				<posx>200</posx>
				<posy>263</posy>
				<width>90</width>
				<label>$LOCALIZE[21899]:</label>
				<font>font11</font>
			</control>
			<control type="label">
				<description>Type</description>
				<posx>200</posx>
				<posy>283</posy>
				<width>90</width>
				<label>146</label>
				<font>font11</font>
			</control>
			<control type="label">
				<description>Album value</description>
				<posx>200</posx>
				<posy>95</posy>
				<width>300</width>
				<label fallback="416">$INFO[ListItem.Album]</label>
				<font>font11</font>
				<scroll>true</scroll>
			</control>
			<control type="label">
				<description>Artist value</description>
				<width>375</width>
				<posx>310</posx>
				<posy>123</posy>
				<label fallback="416">$INFO[ListItem.Artist]</label>
				<font>font11</font>
				<scroll>true</scroll>
			</control>
			<control type="label">
				<description>year value</description>
				<width>375</width>
				<posx>310</posx>
				<posy>143</posy>
				<label fallback="416">$INFO[ListItem.Year]</label>
				<font>font11</font>
				<scroll>true</scroll>
			</control>
			<control type="label">
				<description>Rating value</description>
				<width>375</width>
				<posx>310</posx>
				<posy>163</posy>
				<label fallback="416">$INFO[ListItem.Rating]</label>
				<font>font11</font>
				<scroll>true</scroll>
			</control>
			<control type="label">
				<description>Genre value</description>
				<width>375</width>
				<posx>310</posx>
				<posy>183</posy>
				<label fallback="416">$INFO[ListItem.Genre]</label>
				<font>font11</font>
				<scroll>true</scroll>
			</control>
			<control type="label">
				<description>Moods value</description>
				<posx>310</posx>
				<posy>203</posy>
				<width>375</width>
				<label fallback="416">$INFO[ListItem.Property(Album_Mood)]</label>
				<font>font11</font>
				<scroll>true</scroll>
			</control>
			<control type="label">
				<description>Styles value</description>
				<width>375</width>
				<posx>310</posx>
				<posy>223</posy>
				<label fallback="416">$INFO[ListItem.Property(Album_Style)]</label>
				<font>font11</font>
				<scroll>true</scroll>
			</control>
			<control type="label">
				<description>Themes value</description>
				<width>375</width>
				<posx>310</posx>
				<posy>243</posy>
				<label fallback="416">$INFO[ListItem.Property(Album_Theme)]</label>
				<font>font11</font>
				<scroll>true</scroll>
			</control>
			<control type="label">
				<description>Label value</description>
				<width>375</width>
				<posx>310</posx>
				<posy>263</posy>
				<label fallback="416">$INFO[ListItem.Property(Album_Label)]</label>
				<font>font11</font>
				<scroll>true</scroll>
			</control>
			<control type="label">
				<description>Type value</description>
				<width>375</width>
				<posx>310</posx>
				<posy>283</posy>
				<label fallback="416">$INFO[ListItem.Property(Album_Type)]</label>
				<font>font11</font>
				<scroll>true</scroll>
			</control>
			<control type="textbox" id="4">
				<description>textarea</description>
				<posx>200</posx>
				<posy>350</posy>
				<width>455</width>
				<height>170</height>
				<onleft>9000</onleft>
				<onright>61</onright>
				<onup>5</onup>
				<ondown>5</ondown>
				<pagecontrol>61</pagecontrol>
				<visible>!Control.IsVisible(50)</visible>
				<include>autoscrollmedium</include>
			</control>
		</control>
		<control type="group">
			<visible>container.content(artists)</visible>
			<control type="label">
				<description>description label</description>
				<posx>55</posx>
				<posy>55</posy>
				<align>left</align>
				<label>21891</label>
				<font>special13</font>
			</control>
			<control type="label">
				<description>Artist value</description>
				<posx>200</posx>
				<posy>95</posy>
				<width>300</width>
				<info>ListItem.Artist</info>
				<font>font11</font>
				<scroll>true</scroll>
			</control>
			<control type="label">
				<description>Artist Not Available value</description>
				<posx>200</posx>
				<posy>95</posy>
				<width>300</width>
				<label>416</label>
				<font>font11</font>
				<scroll>true</scroll>
				<visible>IsEmpty(ListItem.Artist)</visible>
			</control>
			<control type="label">
				<description>Born</description>
				<posx>200</posx>
				<posy>123</posy>
				<label>$LOCALIZE[21893]:</label>
				<width>90</width>
				<font>font11</font>
				<visible>!IsEmpty(ListItem.Property(Artist_Born))</visible>
			</control>
			<control type="label">
				<description>Formed</description>
				<posx>200</posx>
				<posy>123</posy>
				<label>$LOCALIZE[21894]:</label>
				<width>90</width>
				<font>font11</font>
				<visible>!IsEmpty(ListItem.Property(Artist_Formed))</visible>
			</control>
			<control type="label">
				<description>Born/Formed</description>
				<posx>200</posx>
				<posy>123</posy>
				<label>$LOCALIZE[21900]:</label>
				<width>90</width>
				<font>font11</font>
				<visible>IsEmpty(ListItem.Property(Artist_Born)) + IsEmpty(ListItem.Property(Artist_Formed))</visible>
			</control>
			<control type="label">
				<description>Genre</description>
				<posx>200</posx>
				<posy>143</posy>
				<label>$LOCALIZE[515]:</label>
				<width>90</width>
				<font>font11</font>
			</control>
			<control type="label">
				<description>Styles</description>
				<posx>200</posx>
				<posy>163</posy>
				<label>$LOCALIZE[176]:</label>
				<width>90</width>
				<font>font11</font>
			</control>
			<control type="label">
				<description>Moods</description>
				<posx>200</posx>
				<posy>183</posy>
				<width>90</width>
				<label>$LOCALIZE[175]:</label>
				<font>font11</font>
			</control>
			<control type="label">
				<description>Instruments</description>
				<posx>200</posx>
				<posy>203</posy>
				<width>90</width>
				<label>$LOCALIZE[21892]:</label>
				<font>font11</font>
			</control>
			<control type="label">
				<description>Died</description>
				<posx>200</posx>
				<posy>223</posy>
				<width>90</width>
				<label>$LOCALIZE[21897]:</label>
				<font>font11</font>
			</control>
			<control type="label">
				<description>Disbanded</description>
				<posx>200</posx>
				<posy>243</posy>
				<width>90</width>
				<label>$LOCALIZE[21896]:</label>
				<font>font11</font>
			</control>
			<control type="label">
				<description>Years Active</description>
				<posx>200</posx>
				<posy>263</posy>
				<width>90</width>
				<label>$LOCALIZE[21898]:</label>
				<font>font11</font>
			</control>
			<control type="label">
				<description>Born, Formed value</description>
				<width>375</width>
				<posx>310</posx>
				<posy>123</posy>
				<label fallback="416">$INFO[ListItem.Property(Artist_Born)]$INFO[ListItem.Property(Artist_Formed)]</label>
				<font>font11</font>
				<scroll>true</scroll>
			</control>
			<control type="label">
				<description>Genre value</description>
				<width>375</width>
				<posx>310</posx>
				<posy>143</posy>
				<label fallback="416">$INFO[ListItem.Genre]</label>
				<font>font11</font>
				<scroll>true</scroll>
			</control>
			<control type="label">
				<description>Styles value</description>
				<width>375</width>
				<posx>310</posx>
				<posy>163</posy>
				<label fallback="416">$INFO[ListItem.Property(Artist_Style)]</label>
				<font>font11</font>
				<scroll>true</scroll>
			</control>
			<control type="label">
				<description>Moods value</description>
				<width>375</width>
				<posx>310</posx>
				<posy>183</posy>
				<label fallback="416">$INFO[ListItem.Property(Artist_Mood)]</label>
				<font>font11</font>
				<scroll>true</scroll>
			</control>
			<control type="label">
				<description>Instruments value</description>
				<posx>310</posx>
				<posy>203</posy>
				<width>375</width>
				<label fallback="416">$INFO[ListItem.Property(Artist_Instrument)]</label>
				<font>font11</font>
				<scroll>true</scroll>
			</control>
			<control type="label">
				<description>Died value</description>
				<posx>310</posx>
				<posy>223</posy>
				<width>375</width>
				<label fallback="416">$INFO[ListItem.Property(Artist_Died)]</label>
				<font>font11</font>
				<scroll>true</scroll>
			</control>
			<control type="label">
				<description>Disbanded value</description>
				<posx>310</posx>
				<posy>243</posy>
				<width>375</width>
				<label fallback="416">$INFO[ListItem.Property(Artist_Disbanded)]</label>
				<font>font11</font>
				<scroll>true</scroll>
			</control>
			<control type="label">
				<description>Years Active value</description>
				<posx>310</posx>
				<posy>263</posy>
				<width>375</width>
				<label fallback="416">$INFO[ListItem.Property(Artist_YearsActive)]</label>
				<font>font11</font>
				<scroll>true</scroll>
			</control>
			<control type="textbox" id="4">
				<description>textarea</description>
				<posx>200</posx>
				<posy>350</posy>
				<width>455</width>
				<height>170</height>
				<onleft>9000</onleft>
				<onright>61</onright>
				<onup>5</onup>
				<ondown>5</ondown>
				<pagecontrol>61</pagecontrol>
				<visible>!Control.IsVisible(50)</visible>
				<include>autoscrollmedium</include>
			</control>
		</control>
		<control type="group" id="9000">
			<control type="button" id="5">
				<description>Tracks/Review(Albums) or Discography/Biography(Artists)</description>
				<posx>55</posx>
				<posy>350</posy>
				<width>135</width>
				<height>32</height>
				<label>182</label>
				<font>font10</font>
				<align>center</align>
				<texturenofocus>keyboard-btn-backspace.png</texturenofocus>
				<texturefocus>keyboard-btn-backspace-focus.png</texturefocus>
				<onleft>61</onleft>
				<onright>50</onright>
				<onup>12</onup>
				<ondown>6</ondown>
			</control>
			<control type="button" id="6">
				<description>Refresh</description>
				<posx>55</posx>
				<posy>385</posy>
				<width>135</width>
				<height>32</height>
				<label>184</label>
				<font>font10</font>
				<align>center</align>
				<texturenofocus>keyboard-btn-backspace.png</texturenofocus>
				<texturefocus>keyboard-btn-backspace-focus.png</texturefocus>
				<onleft>61</onleft>
				<onright>50</onright>
				<onup>5</onup>
				<ondown>10</ondown>
			</control>
			<control type="button" id="10">
				<description>GetThumb</description>
				<posx>55</posx>
				<posy>420</posy>
				<width>135</width>
				<height>32</height>
				<label>13405</label>
				<font>font10</font>
				<align>center</align>
				<texturenofocus>keyboard-btn-backspace.png</texturenofocus>
				<texturefocus>keyboard-btn-backspace-focus.png</texturefocus>
				<onleft>61</onleft>
				<onright>50</onright>
				<onup>6</onup>
				<ondown>12</ondown>
			</control>
			<control type="button" id="12">
				<description>Get Fanart</description>
				<posx>55</posx>
				<posy>455</posy>
				<width>135</width>
				<height>32</height>
				<label>20413</label>
				<font>font10</font>
				<align>center</align>
				<texturenofocus>keyboard-btn-backspace.png</texturenofocus>
				<texturefocus>keyboard-btn-backspace-focus.png</texturefocus>
				<onleft>61</onleft>
				<onright>50</onright>
				<onup>10</onup>
				<ondown>5</ondown>
			</control>
		</control>
		<control type="list" id="50">
			<description>Track List Container</description>
			<posx>200</posx>
			<posy>350</posy>
			<width>455</width>
			<height>175</height>
			<onleft>9000</onleft>
			<onright>61</onright>
			<onup>50</onup>
			<ondown>50</ondown>
			<orientation>vertical</orientation>
			<pagecontrol>61</pagecontrol>
			<scrolltime>200</scrolltime>
			<itemlayout width="250" height="29">
				<control type="image">
					<posx>5</posx>
					<posy>3</posy>
					<width>17</width>
					<height>22</height>
					<info>ListItem.Icon</info>
					<aspectratio align="left">keep</aspectratio>
					<visible>container.content(artists)</visible>
				</control>
				<control type="label">
					<posx>5</posx>
					<posy>3</posy>
					<width>320</width>
					<height>22</height>
					<font>font13</font>
					<aligny>center</aligny>
					<selectedcolor>green</selectedcolor>
					<align>left</align>
					<label>$INFO[ListItem.TrackNumber] - $INFO[ListItem.Label]</label>
					<visible>container.content(albums)</visible>
				</control>
				<control type="label">
					<posx>30</posx>
					<posy>3</posy>
					<width>320</width>
					<height>22</height>
					<font>font13</font>
					<aligny>center</aligny>
					<selectedcolor>green</selectedcolor>
					<align>left</align>
					<label>$INFO[ListItem.Label]</label>
					<visible>container.content(artists)</visible>
				</control>
				<control type="label">
					<posx>450</posx>
					<posy>3</posy>
					<width>100</width>
					<height>22</height>
					<font>font13</font>
					<aligny>center</aligny>
					<selectedcolor>green</selectedcolor>
					<align>right</align>
					<label>$INFO[ListItem.Duration]</label>
					<visible>container.content(albums)</visible>
				</control>
				<control type="label">
					<posx>450</posx>
					<posy>3</posy>
					<width>100</width>
					<height>22</height>
					<font>font13</font>
					<aligny>center</aligny>
					<selectedcolor>green</selectedcolor>
					<align>right</align>
					<label>$INFO[ListItem.Label2]</label>
					<visible>container.content(artists)</visible>
				</control>
			</itemlayout>
			<focusedlayout height="29" width="250">
				<control type="image">
					<width>455</width>
					<height>29</height>
					<posx>0</posx>
					<posy>0</posy>
					<visible>Control.HasFocus(50)</visible>
					<texture>list-focus.png</texture>
				</control>
				<control type="image">
					<posx>5</posx>
					<posy>3</posy>
					<width>17</width>
					<height>22</height>
					<info>ListItem.Icon</info>
					<aspectratio align="left">keep</aspectratio>
					<visible>container.content(artists)</visible>
				</control>
				<control type="label">
					<posx>5</posx>
					<posy>3</posy>
					<width>320</width>
					<height>22</height>
					<font>font13</font>
					<aligny>center</aligny>
					<selectedcolor>green</selectedcolor>
					<align>left</align>
					<label>$INFO[ListItem.TrackNumber] - $INFO[ListItem.Label]</label>
					<visible>container.content(albums)</visible>
				</control>
				<control type="label">
					<posx>30</posx>
					<posy>3</posy>
					<width>320</width>
					<height>22</height>
					<font>font13</font>
					<aligny>center</aligny>
					<selectedcolor>green</selectedcolor>
					<align>left</align>
					<label>$INFO[ListItem.Label]</label>
					<visible>container.content(artists)</visible>
				</control>
				<control type="label">
					<posx>450</posx>
					<posy>3</posy>
					<width>100</width>
					<height>22</height>
					<font>font13</font>
					<aligny>center</aligny>
					<selectedcolor>green</selectedcolor>
					<align>right</align>
					<label>$INFO[ListItem.Duration]</label>
					<visible>container.content(albums)</visible>
				</control>
				<control type="label">
					<posx>450</posx>
					<posy>3</posy>
					<width>100</width>
					<height>22</height>
					<font>font13</font>
					<aligny>center</aligny>
					<selectedcolor>green</selectedcolor>
					<align>right</align>
					<label>$INFO[ListItem.Label2]</label>
					<visible>container.content(artists)</visible>
				</control>
			</focusedlayout>
		</control>
		<control type="button">
			<posx>665</posx>
			<posy>350</posy>
			<include>scrollbar_width</include>
			<height>20</height>
			<onclick>PageUp(61)</onclick>
			<texturefocus border="4">scrollbar_arrow_up_focus.png</texturefocus>
			<texturenofocus border="4">scrollbar_arrow_up.png</texturenofocus>
			<visible>Control.IsVisible(61)</visible>
		</control>
		<control type="button">
			<posx>665</posx>
			<posy>500</posy>
			<include>scrollbar_width</include>
			<height>20</height>
			<onclick>PageDown(61)</onclick>
			<texturefocus border="4">scrollbar_arrow_down_focus.png</texturefocus>
			<texturenofocus border="4">scrollbar_arrow_down.png</texturenofocus>
			<visible>Control.IsVisible(61)</visible>
		</control>
		<control type="scrollbar" id="61">
			<posx>665</posx>
			<posy>370</posy>
			<include>scrollbar_width</include>
			<height>130</height>
			<texturesliderbackground border="4">scrollbar_background.png</texturesliderbackground>
			<texturesliderbar border="4">scrollbar_bar.png</texturesliderbar>
			<texturesliderbarfocus border="4">scrollbar_bar_focus.png</texturesliderbarfocus>
			<textureslidernib>-</textureslidernib>
			<textureslidernibfocus>-</textureslidernibfocus>
			<onleft>50</onleft>
			<onright>9000</onright>
			<showonepage>false</showonepage>
			<orientation>vertical</orientation>
		</control>
	</controls>
</window>
