<window id="145">
	<defaultcontrol>11</defaultcontrol>
	<include>dialogeffect</include>
	<coordinates>
		<system>1</system>
		<posx>235</posx>
		<posy>450</posy>
	</coordinates>
	<controls>
		<control type="image">
			<posx>0</posx>
			<posy>0</posy>
			<width>245</width>
			<height>85</height>
			<texture border="16,13,10,19">voulume-panel-bg.png</texture>
		</control>
		<control type="label" id="10">
			<description>Dialog header</description>
			<posx>25</posx>
			<posy>18</posy>
			<width>110</width>
			<height>20</height>
			<align>left</align>
			<aligny>center</aligny>
			<font>font10</font>
			<textcolor>white</textcolor>
		</control>
		<control type="label" id="12">
			<description>Slider Value</description>
			<posx>225</posx>
			<posy>18</posy>
			<width>110</width>
			<height>20</height>
			<align>right</align>
			<aligny>center</aligny>
			<font>font10</font>
			<textcolor>white</textcolor>
		</control>
		<control type="slider" id="11">
			<description>Slider</description>
			<posx>25</posx>
			<posy>43</posy>
			<width>200</width>
			<height>15</height>
			<texturesliderbar>osd_slider_bg_2.png</texturesliderbar>
			<textureslidernib>osd_slider_nibNF.png</textureslidernib>
			<textureslidernibfocus>osd_slider_nibFO.png</textureslidernibfocus>
			<onup>11</onup>
			<ondown>11</ondown>
			<onleft>11</onleft>
			<onright>11</onright>
		</control>
	</controls>
</window>
