<window id="121">
	<defaultcontrol>2</defaultcontrol>
	<include>dialogeffect</include>
	<coordinates>
		<system>1</system>
		<posx>220</posx>
		<posy>110</posy>
	</coordinates>
	<controls>
		<control type="image" id="1">
			<description>background image</description>
			<posx>-25</posx>
			<posy>-11</posy>
			<width>480</width>
			<height>410</height>
			<texture>dialog-panel2.png</texture>
			<colordiffuse>AAFFFFFF</colordiffuse>
		</control>
		<control type="label" id="2">
			<description>Settings Label</description>
			<posx>0</posx>
			<posy>2</posy>
			<width>420</width>
			<align>left</align>
			<font>special13</font>
			<textcolor>dialogheader</textcolor>
		</control>
		<control type="label" id="3">
			<description>No Settings Label</description>
			<posx>0</posx>
			<posy>170</posy>
			<width>408</width>
			<align>center</align>
			<label>13390</label>
			<font>font12</font>
		</control>
		<control type="spincontrol" id="60">
			<description>Next page button</description>
			<posx>400</posx>
			<posy>8</posy>
			<subtype>page</subtype>
			<font>font12</font>
			<onleft>5</onleft>
			<onright>28</onright>
			<ondown>5</ondown>
			<onup>5</onup>
			<showonepage>false</showonepage>
		</control>
		<control type="grouplist" id="5">
			<description>control area</description>
			<posx>-1</posx>
			<posy>40</posy>
			<width>438</width>
			<height>310</height>
			<itemgap>0</itemgap>
			<pagecontrol>60</pagecontrol>
			<onleft>28</onleft>
			<onright>60</onright>
			<onup>5</onup>
			<ondown>5</ondown>
		</control>
		<control type="button" id="7">
			<description>Default Button</description>
			<posx>530</posx>
			<posy>150</posy>
			<height>31</height>
			<font>font12</font>
			<textoffsetx>12</textoffsetx>
			<aligny>center</aligny>
			<texturefocus>list-focus.png</texturefocus>
			<texturenofocus>-</texturenofocus>
		</control>
		<control type="radiobutton" id="8">
			<description>Default RadioButton</description>
			<posx>530</posx>
			<posy>150</posy>
			<height>31</height>
			<font>font12</font>
			<texturefocus>list-focus.png</texturefocus>
			<texturenofocus>-</texturenofocus>
			<textoffsetx>12</textoffsetx>
			<aligny>center</aligny>
			<textureradioon>settings-check-box.png</textureradioon>
			<textureradiooff>settings-check-boxNF.png</textureradiooff>
		</control>
		<control type="spincontrolex" id="9">
			<description>Default SpinControlex</description>
			<posx>530</posx>
			<posy>150</posy>
			<height>31</height>
			<width>300</width>
			<texturefocus>list-focus.png</texturefocus>
			<texturenofocus>-</texturenofocus>
			<textureup>scroll-up.png</textureup>
			<texturedown>scroll-down.png</texturedown>
			<textureupfocus>scroll-up-focus.png</textureupfocus>
			<texturedownfocus>scroll-down-focus.png</texturedownfocus>
			<font>font12</font>
			<textcolor>white</textcolor>
			<disabledcolor>disabled</disabledcolor>
			<textoffsetx>12</textoffsetx>
			<aligny>center</aligny>
			<reverse>yes</reverse>
		</control>
	</controls>
</window>
