<window id="503">
	<defaultcontrol>50</defaultcontrol>
	<allowoverlay>no</allowoverlay>
	<controls>
		<control type="image">
			<description>background image</description>
			<posx>0</posx>
			<posy>0</posy>
			<width>720</width>
			<height>88</height>
			<texture>background-music.png</texture>
		</control>
		<control type="image">
			<description>background image</description>
			<posx>0</posx>
			<posy>88</posy>
			<width>720</width>
			<height>488</height>
			<texture>background-bottom.png</texture>
		</control>
		<control type="label">
			<description>XBMC label</description>
			<posx>200</posx>
			<posy>43</posy>
			<align>right</align>
			<label>9</label>
			<font>special12</font>
		</control>
		<control type="label">
			<description>description label</description>
			<posx>207</posx>
			<posy>43</posy>
			<align>left</align>
			<label>10503</label>
			<font>special13</font>
		</control>
		<control type="image">
			<description>contentpanel slice</description>
			<posx>80</posx>
			<posy>88</posy>
			<width>64</width>
			<height>510</height>
			<texture>contentpanel_left.png</texture>
			<include>contentpanelslide</include>
		</control>
		<control type="image">
			<description>contentpanel slice</description>
			<posx>144</posx>
			<posy>88</posy>
			<width>576</width>
			<height>510</height>
			<texture>contentpanel.png</texture>
			<include>contentpanelslide</include>
		</control>
		<control type="image" id="0">
			<description>contentpanel slice Custom background</description>
			<posx>120</posx>
			<posy>88</posy>
			<width>600</width>
			<height>449</height>
			<aspectratio scalediffuse="false">scale</aspectratio>
			<texture diffuse="Content_Panel_Diffuse.png" />
			<info>Skin.String(Custom_Background)</info>
			<include>contentpanelslide</include>
			<visible>Skin.HasSetting(Use_Custom_Background)</visible>
		</control>
		<control type="label" id="12">
			<description>number of files text label</description>
			<posx>140</posx>
			<posy>540</posy>
			<align>left</align>
			<label>-</label>
			<font>font10</font>
			<include>contentpanelslide</include>
		</control>
		<control type="label" id="101">
			<description>number of songs in playlist text label</description>
			<posx>430</posx>
			<posy>540</posy>
			<align>left</align>
			<label>-</label>
			<font>font10</font>
			<include>contentpanelslide</include>
		</control>
		<control type="group" id="9000">
			<posx>20</posx>
			<posy>100</posy>
			<include>buttonpanelslide</include>
			<control type="button" id="6">
				<description>Open Button</description>
				<posx>0</posx>
				<posy>0</posy>
				<width>100</width>
				<label>21385</label>
				<font>font13</font>
				<onleft>100</onleft>
				<onright>50</onright>
				<onup>8</onup>
				<ondown>7</ondown>
			</control>
			<control type="button" id="7">
				<description>Save Button</description>
				<posx>0</posx>
				<posy>37</posy>
				<width>100</width>
				<label>190</label>
				<font>font13</font>
				<onleft>100</onleft>
				<onright>50</onright>
				<onup>6</onup>
				<ondown>8</ondown>
			</control>
			<control type="button" id="8">
				<description>Clear button</description>
				<posx>0</posx>
				<posy>74</posy>
				<width>100</width>
				<label>192</label>
				<font>font13</font>
				<onleft>100</onleft>
				<onright>50</onright>
				<onup>7</onup>
				<ondown>6</ondown>
			</control>
		</control>
		<control type="group">
			<include>contentpanelslide</include>
			<control type="label" id="1">
				<description>description label</description>
				<posx>140</posx>
				<posy>89</posy>
				<align>left</align>
				<label>1211</label>
				<font>special13</font>
			</control>
			<control type="image">
				<description>filemanager List Sel Left</description>
				<posx>130</posx>
				<posy>115</posy>
				<width>280</width>
				<height>404</height>
				<texture>filemanager_Panel_Sel.png</texture>
				<visible>Control.HasFocus(50)</visible>
			</control>
			<control type="image">
				<description>filemanager List Sel Left</description>
				<posx>130</posx>
				<posy>115</posy>
				<width>280</width>
				<height>404</height>
				<colordiffuse>55000000</colordiffuse>
				<texture>filemanager_Panel_Sel.png</texture>
				<visible>!Control.HasFocus(50)</visible>
			</control>
			<control type="list" id="50">
				<description>left File list</description>
				<posx>135</posx>
				<posy>120</posy>
				<width>270</width>
				<height>394</height>
				<onleft>9000</onleft>
				<onright>100</onright>
				<onup>50</onup>
				<ondown>50</ondown>
				<itemlayout height="29">
					<control type="image">
						<posx>5</posx>
						<posy>3</posy>
						<width>22</width>
						<height>22</height>
						<info>ListItem.Icon</info>
					</control>
					<control type="label">
						<posx>30</posx>
						<posy>4</posy>
						<width>230</width>
						<height>22</height>
						<font>font13</font>
						<selectedcolor>green</selectedcolor>
						<align>left</align>
						<info>ListItem.Label</info>
					</control>
					<control type="label">
						<posx>265</posx>
						<posy>4</posy>
						<width>120</width>
						<height>22</height>
						<font>font13</font>
						<selectedcolor>green</selectedcolor>
						<textcolor>grey</textcolor>
						<align>right</align>
						<info>ListItem.Label2</info>
					</control>
				</itemlayout>
				<focusedlayout height="29">
					<control type="image">
						<width>270</width>
						<height>29</height>
						<posx>0</posx>
						<posy>0</posy>
						<visible>Control.HasFocus(50)</visible>
						<texture>input-focus.png</texture>
					</control>
					<control type="image">
						<posx>5</posx>
						<posy>3</posy>
						<width>22</width>
						<height>22</height>
						<info>ListItem.Icon</info>
					</control>
					<control type="label">
						<posx>30</posx>
						<posy>4</posy>
						<width>230</width>
						<height>22</height>
						<font>font13</font>
						<selectedcolor>green</selectedcolor>
						<align>left</align>
						<info>ListItem.Label</info>
					</control>
					<control type="label">
						<posx>265</posx>
						<posy>4</posy>
						<width>120</width>
						<height>22</height>	
						<font>font13</font>
						<selectedcolor>green</selectedcolor>
						<textcolor>grey</textcolor>
						<align>right</align>
						<info>ListItem.Label2</info>
					</control>
				</focusedlayout>
			</control>
			<control type="label" id="1">
				<description>description label</description>
				<posx>430</posx>
				<posy>89</posy>
				<align>left</align>
				<label>559</label>
				<font>special13</font>
			</control>
			<control type="image">
				<description>filemanager List Sel Right</description>
				<posx>420</posx>
				<posy>115</posy>
				<width>280</width>
				<height>404</height>
				<texture>filemanager_Panel_Sel.png</texture>
				<visible>Control.HasFocus(100)</visible>
			</control>
			<control type="image">
				<description>filemanager List Sel Right</description>
				<posx>420</posx>
				<posy>115</posy>
				<width>280</width>
				<height>404</height>
				<colordiffuse>55000000</colordiffuse>
				<texture>filemanager_Panel_Sel.png</texture>
				<visible>!Control.HasFocus(100)</visible>
			</control>
			<control type="list" id="100">
				<description>Playlist</description>
				<posx>425</posx>
				<posy>120</posy>
				<width>270</width>
				<height>394</height>
				<onleft>50</onleft>
				<onright>9000</onright>
				<onup>100</onup>
				<ondown>100</ondown>
				<itemlayout height="29">
					<control type="image">
						<posx>5</posx>
						<posy>3</posy>
						<width>22</width>
						<height>22</height>
						<info>ListItem.Icon</info>
					</control>
					<control type="label">
						<posx>30</posx>
						<posy>4</posy>
						<width>230</width>
						<height>22</height>
						<font>font13</font>
						<selectedcolor>green</selectedcolor>
						<align>left</align>
						<info>ListItem.Label</info>
					</control>
					<control type="label">
						<posx>265</posx>
						<posy>4</posy>
						<width>120</width>
						<height>22</height>
						<font>font13</font>
						<selectedcolor>green</selectedcolor>
						<textcolor>grey</textcolor>
						<align>right</align>
						<info>ListItem.Label2</info>
					</control>
				</itemlayout>
				<focusedlayout height="29">
					<control type="image">
						<width>270</width>
						<height>29</height>
						<posx>0</posx>
						<posy>0</posy>
						<visible>Control.HasFocus(100)</visible>
						<texture>input-focus.png</texture>
					</control>
					<control type="image">
						<posx>5</posx>
						<posy>3</posy>
						<width>22</width>
						<height>22</height>
						<info>ListItem.Icon</info>
					</control>
					<control type="label">
						<posx>30</posx>
						<posy>4</posy>
						<width>230</width>
						<height>22</height>
						<font>font13</font>
						<selectedcolor>green</selectedcolor>
						<align>left</align>
						<info>ListItem.Label</info>
					</control>
					<control type="label">
						<posx>265</posx>
						<posy>4</posy>
						<width>120</width>
						<height>22</height>	
						<font>font13</font>
						<selectedcolor>green</selectedcolor>
						<textcolor>grey</textcolor>
						<align>right</align>
						<info>ListItem.Label2</info>
					</control>
				</focusedlayout>
			</control>
		</control>
		<include>windowswitchtransition</include>
	</controls>
</window>
