<window id="502">
	<defaultcontrol>50</defaultcontrol>
	<allowoverlay>yes</allowoverlay>
	<controls>
		<control type="image">
			<description>background image</description>
			<posx>0</posx>
			<posy>0</posy>
			<width>720</width>
			<height>88</height>
			<texture>background-music.png</texture>
		</control>
		<control type="image">
			<description>background image</description>
			<posx>0</posx>
			<posy>88</posy>
			<width>720</width>
			<height>488</height>
			<texture>background-bottom.png</texture>
		</control>
		<control type="label">
			<description>XBMC label</description>
			<posx>200</posx>
			<posy>43</posy>
			<align>right</align>
			<label>9</label>
			<font>special12</font>
		</control>
		<control type="label">
			<description>description label</description>
			<posx>207</posx>
			<posy>43</posy>
			<align>left</align>
			<label>10516</label>
			<font>special13</font>
			<visible>IsEmpty(Container.PluginName)</visible>
		</control>
		<control type="label">
			<description>description label</description>
			<posx>207</posx>
			<posy>43</posy>
			<align>left</align>
			<info>Container.PluginName</info>
			<font>special13</font>
			<visible>!IsEmpty(Container.PluginName)</visible>
		</control>
		<control type="label">
			<description>Category Label</description>
			<posx>670</posx>
			<posy>43</posy>
			<align>right</align>
			<info>Container.Property(PluginCategory)</info>
			<font>special13</font>
			<visible>!IsEmpty(Container.Property(PluginCategory))</visible>
		</control>
		<include>contentpanel</include>
		<control type="label" id="12">
			<description>number of files text label</description>
			<posx>545</posx>
			<posy>540</posy>
			<align>right</align>
			<label>-</label>
			<font>font10</font>
			<include>contentpanelslide</include>
		</control>
		<control type="image" id="1000">
			<description>Fanart background</description>
			<posx>180</posx>
			<posy>88</posy>
			<width>540</width>
			<height>449</height>
			<aspectratio scalediffuse="false">scale</aspectratio>
			<texture diffuse="Content_Panel_Diffuse.png" />
			<info>Fanart.Image</info>
			<include>contentpanelslide</include>
			<visible>!IsEmpty(Fanart.Image) + Skin.HasSetting(ShowFanart)</visible>
		</control>
		<control type="group" id="9000">
			<posx>20</posx>
			<posy>100</posy>
			<include>buttonpanelslide</include>
			<control type="button" id="2">
				<description>View As Icons button</description>
				<posx>0</posx>
				<posy>0</posy>
				<label>100</label>
				<font>font13</font>
				<onleft>50</onleft>
				<onright>50</onright>
				<onup>20</onup>
				<ondown>3</ondown>
			</control>
			<control type="button" id="3">
				<description>Sort by button</description>
				<posx>0</posx>
				<posy>37</posy>
				<label>103</label>
				<font>font13</font>
				<onleft>50</onleft>
				<onright>4</onright>
				<onup>2</onup>
				<ondown>99</ondown>
			</control>
			<control type="togglebutton" id="4">
				<description>Sort asc</description>
				<posx>140</posx>
				<posy>48</posy>
				<label>-</label>
				<onleft>3</onleft>
				<onright>50</onright>
				<onup>2</onup>
				<ondown>99</ondown>
			</control>
			<control type="radiobutton" id="99">
				<description>Library button</description>
				<posx>0</posx>
				<posy>74</posy>
				<label>$LOCALIZE[29800]</label>
				<font>font13</font>
				<onclick>ReplaceWindow(mymusicfiles)</onclick>
				<onclick>SetFocus(99)</onclick>
				<selected>Window.IsVisible(mymusiclibrary)</selected>
				<onleft>50</onleft>
				<onright>50</onright>
				<onup>3</onup>
				<ondown>8</ondown>
			</control>
			<control type="edit" id="8">
				<description>Search button</description>
				<posx>0</posx>
				<posy>111</posy>
				<width>160</width>
				<height>33</height>
				<texturefocus>button-focus.png</texturefocus>
				<texturenofocus>button-nofocus.png</texturenofocus>
				<font>font13</font>
				<textcolor>white</textcolor>
				<disabledcolor>disabled</disabledcolor>
				<textoffsetx>17</textoffsetx>
				<aligny>center</aligny>
				<label>137</label>
				<onleft>50</onleft>
				<onright>50</onright>
				<onup>99</onup>
				<ondown>19</ondown>
			</control>
			<control type="radiobutton" id="19">
				<description>Filter button</description>
				<posx>0</posx>
				<posy>148</posy>
				<label>587</label>
				<onleft>50</onleft>
				<onright>50</onright>
				<onup>8</onup>
				<ondown>16</ondown>
			</control>
			<control type="radiobutton" id="16">
				<description>Party Mode button</description>
				<posx>0</posx>
				<posy>185</posy>
				<label>589</label>
				<onleft>50</onleft>
				<onright>50</onright>
				<onup>19</onup>
				<ondown>20</ondown>
			</control>
			<control type="group">
				<description>LastFM Love Hate Stuff</description>
				<posx>0</posx>
				<posy>222</posy>
				<visible>LastFM.RadioPlaying</visible>
				<control type="image">
					<description>Unfocus Background</description>
					<posx>0</posx>
					<posy>0</posy>
					<width>160</width>
					<height>33</height>
					<texture>button-nofocus.png</texture>
					<visible>!Control.HasFocus(20) + !Control.HasFocus(21)</visible>
				</control>
				<control type="image">
					<description>Focus Background</description>
					<posx>0</posx>
					<posy>0</posy>
					<width>160</width>
					<height>33</height>
					<texture>button-focus.png</texture>
					<visible>Control.HasFocus(20) | Control.HasFocus(21)</visible>
					<animation effect="fade" start="100" end="70" time="900" pulse="true" condition="Control.HasFocus(20) | Control.HasFocus(21)">conditional</animation>
				</control>
				<control type="label">
					<description>LastFM Label</description>
					<posx>17</posx>
					<posy>0</posy>
					<width>80</width>
					<height>33</height>
					<aligny>center</aligny>
					<label>15200</label>
				</control>
				<control type="button" id="20">
					<description>Love button</description>
					<posx>105</posx>
					<posy>7</posy>
					<height>20</height>
					<width>20</width>
					<font>font13</font>
					<texturefocus>Love-focus.png</texturefocus>
					<texturenofocus>Love.png</texturenofocus>
					<onclick>XBMC.LastFM.Love</onclick>
					<aspectratio align="right">keep</aspectratio>
					<pulseonselect>false</pulseonselect>
					<animation effect="zoom" start="100" end="120" center="auto" time="100">focus</animation>
					<onleft>50</onleft>
					<onright>21</onright>
					<onup>16</onup>
					<ondown>2</ondown>
				</control>
				<control type="button" id="21">
					<description>Hate button</description>
					<posx>130</posx>
					<posy>7</posy>
					<height>20</height>
					<width>20</width>
					<texturefocus>Ban-focus.png</texturefocus>
					<texturenofocus>Ban.png</texturenofocus>
					<onclick>XBMC.LastFM.Ban</onclick>
					<aspectratio align="right">keep</aspectratio>
					<pulseonselect>false</pulseonselect>
					<animation effect="zoom" start="100" end="120" center="auto" time="100">focus</animation>
					<onleft>20</onleft>
					<onright>50</onright>
					<onup>16</onup>
					<ondown>2</ondown>
				</control>
			</control>
		</control>
		<control type="label" id="18">
			<description>No Info Scanned Label</description>
			<posx>190</posx>
			<posy>200</posy>
			<width>485</width>
			<height>150</height>
			<font>Special13</font>
			<label>-</label>
			<align>center</align>
			<aligny>center</aligny>
			<include>contentpanelslide</include>
		</control>
		<include>OldListViewCommons</include>
		<include>MusicLibraryMediaInfo</include>
		<include>MusicLibrarySongInfo</include>
		<include>3D_Cover_View</include>
		<include>AllViewCommonThumbSmall</include>
		<include>AllViewCommonThumbLarge</include>
		<include>MusicCoverThumbView</include>
		<include>MusicCoverWrapView</include>
		<include>MusicViewCommons_BigList</include>
		<include>AllViewCommonPageControls</include>
		<include>ScrollOffsetLabel</include>
		<include>windowswitchtransition</include>
	</controls>
</window>
