<window id="28">
	<defaultcontrol>50</defaultcontrol>
	<allowoverlay>yes</allowoverlay>
	<controls>
		<control type="image">
			<description>background image</description>
			<posx>0</posx>
			<posy>0</posy>
			<width>720</width>
			<height>88</height>
			<texture>background-videos.png</texture>
		</control>
		<control type="image">
			<description>background image</description>
			<posx>0</posx>
			<posy>88</posy>
			<width>720</width>
			<height>488</height>
			<texture>background-bottom.png</texture>
		</control>
		<control type="label">
			<description>XBMC label</description>
			<posx>200</posx>
			<posy>43</posy>
			<align>right</align>
			<label>9</label>
			<font>special12</font>
		</control>
		<control type="label">
			<description>description label</description>
			<posx>207</posx>
			<posy>43</posy>
			<align>left</align>
			<label>10522</label>
			<font>special13</font>
		</control>
		<include>contentpanel</include>
		<control type="label" id="12">
			<description>number of files text label</description>
			<posx>545</posx>
			<posy>540</posy>
			<align>right</align>
			<label>-</label>
			<font>font10</font>
			<include>contentpanelslide</include>
		</control>
		<control type="group" id="9000">
			<posx>20</posx>
			<posy>100</posy>
			<include>buttonpanelslide</include>
			<control type="button" id="2">
				<description>View As Icons button</description>
				<posx>0</posx>
				<posy>0</posy>
				<label>100</label>
				<font>font13</font>
				<onleft>50</onleft>
				<onright>50</onright>
				<onup>22</onup>
				<ondown>20</ondown>
			</control>
			<control type="radiobutton" id="20">
				<description>Shuffle button</description>
				<posx>0</posx>
				<posy>37</posy>
				<label>191</label>
				<onleft>50</onleft>
				<onright>50</onright>
				<onup>2</onup>
				<ondown>26</ondown>
			</control>
			<control type="button" id="26">
				<description>Repeat button</description>
				<posx>0</posx>
				<posy>74</posy>
				<onleft>50</onleft>
				<onright>50</onright>
				<onup>20</onup>
				<ondown>21</ondown>
			</control>
			<control type="button" id="21">
				<description>Save button</description>
				<posx>0</posx>
				<posy>111</posy>
				<label>190</label>
				<font>font13</font>
				<onleft>50</onleft>
				<onright>50</onright>
				<onup>26</onup>
				<ondown>22</ondown>
			</control>
			<control type="button" id="22">
				<description>Clear button</description>
				<posx>0</posx>
				<posy>148</posy>
				<label>192</label>
				<font>font13</font>
				<onleft>50</onleft>
				<onright>50</onright>
				<onup>21</onup>
				<ondown>2</ondown>
			</control>
		</control>
		<include>OldListViewCommons</include>
		<include>VideoViewCommons</include>
		<include>AllViewCommonThumbSmall</include>
		<include>AllViewCommonThumbLarge</include>
		<include>AllViewCommonPageControls</include>
		<include>ScrollOffsetLabel</include>
		<include>windowswitchtransition</include>
	</controls>
</window>
