<window id="25">
	<defaultcontrol>50</defaultcontrol>
	<allowoverlay>yes</allowoverlay>
	<controls>
		<control type="image">
			<description>background image</description>
			<posx>0</posx>
			<posy>0</posy>
			<width>720</width>
			<height>88</height>
			<texture>background-videos.png</texture>
		</control>
		<control type="image">
			<description>background image</description>
			<posx>0</posx>
			<posy>88</posy>
			<width>720</width>
			<height>488</height>
			<texture>background-bottom.png</texture>
		</control>
		<control type="image">
			<description>folder image</description>
			<posx>20</posx>
			<posy>0</posy>
			<width>720</width>
			<height>86</height>
			<aspectratio align="left">keep</aspectratio>
			<texture diffuse="Wide_Icon_Diffuse.png" />
			<info>Container.TVShowThumb</info>
			<visible>!Skin.HasSetting(UseTVPosters)</visible>
		</control>
		<control type="group">
			<visible>IsEmpty(Container.TVShowThumb) | Skin.HasSetting(UseTVPosters)</visible>
			<control type="label">
				<description>XBMC label</description>
				<posx>200</posx>
				<posy>43</posy>
				<align>right</align>
				<label>9</label>
				<font>special12</font>
			</control>
			<control type="label">
				<description>description label</description>
				<posx>207</posx>
				<posy>43</posy>
				<align>left</align>
				<label>$LOCALIZE[20314]</label>
				<font>special13</font>
				<visible>IsEmpty(Container.PluginName) + !container.content(tvshows) + !container.content(movies) + !container.content(musicvideos)</visible>
			</control>
			<control type="label">
				<description>description label</description>
				<posx>207</posx>
				<posy>43</posy>
				<align>left</align>
				<label>$LOCALIZE[20314] - $LOCALIZE[20343]</label>
				<font>special13</font>
				<visible>IsEmpty(Container.PluginName) + container.content(tvshows)</visible>
			</control>
			<control type="label">
				<description>description label</description>
				<posx>207</posx>
				<posy>43</posy>
				<align>left</align>
				<label>$LOCALIZE[20314] - $LOCALIZE[342]</label>
				<font>special13</font>
				<visible>IsEmpty(Container.PluginName) + container.content(movies)</visible>
			</control>
			<control type="label">
				<description>description label</description>
				<posx>207</posx>
				<posy>43</posy>
				<align>left</align>
				<label>$LOCALIZE[20314] - $LOCALIZE[20389]</label>
				<font>special13</font>
				<visible>IsEmpty(Container.PluginName) + container.content(musicvideos)</visible>
			</control>
			<control type="label">
				<description>description label</description>
				<posx>207</posx>
				<posy>43</posy>
				<align>left</align>
				<info>Container.PluginName</info>
				<font>special13</font>
				<visible>!IsEmpty(Container.PluginName)</visible>
			</control>
			<control type="label">
				<description>Category Label</description>
				<posx>670</posx>
				<posy>43</posy>
				<align>right</align>
				<info>Container.Property(PluginCategory)</info>
				<font>special13</font>
				<visible>!IsEmpty(Container.Property(PluginCategory))</visible>
			</control>
		</control>
		<include>contentpanel</include>
		<control type="image" id="1000">
			<description>Fanart background</description>
			<posx>180</posx>
			<posy>88</posy>
			<width>540</width>
			<height>449</height>
			<aspectratio scalediffuse="false">scale</aspectratio>
			<texture diffuse="Content_Panel_Diffuse.png" />
			<info>Fanart.Image</info>
			<include>contentpanelslide</include>
			<visible>!IsEmpty(Fanart.Image) + Skin.HasSetting(ShowFanart)</visible>
		</control>
		<control type="label" id="12">
			<description>number of files text label</description>
			<posx>545</posx>
			<posy>540</posy>
			<align>right</align>
			<label>-</label>
			<font>font10</font>
			<include>contentpanelslide</include>
		</control>
		<control type="group" id="9000">
			<posx>20</posx>
			<posy>100</posy>
			<include>buttonpanelslide</include>
			<control type="button" id="2">
				<description>View As Icons button</description>
				<posx>0</posx>
				<posy>0</posy>
				<label>100</label>
				<onleft>50</onleft>
				<onright>50</onright>
				<onup>20</onup>
				<ondown>3</ondown>
			</control>
			<control type="button" id="3">
				<description>Sort by button</description>
				<posx>0</posx>
				<posy>37</posy>
				<label>103</label>
				<onleft>50</onleft>
				<onright>4</onright>
				<onup>2</onup>
				<ondown>99</ondown>
			</control>
			<control type="togglebutton" id="4">
				<description>Sort asc</description>
				<label>-</label>
				<posx>140</posx>
				<posy>48</posy>
				<onleft>3</onleft>
				<onright>50</onright>
				<onup>2</onup>
				<ondown>99</ondown>
			</control>
			<control type="radiobutton" id="99">
				<description>Library button</description>
				<posx>0</posx>
				<posy>74</posy>
				<label>$LOCALIZE[29800]</label>
				<font>font13</font>
				<onclick>ReplaceWindow(myvideofiles)</onclick>
				<onclick>SetFocus(99)</onclick>
				<selected>Window.IsVisible(myvideolibrary)</selected>
				<onleft>50</onleft>
				<onright>50</onright>
				<onup>3</onup>
				<ondown>10</ondown>
			</control>
			<control type="button" id="10">
				<description>Show Button</description>
				<posx>0</posx>
				<posy>111</posy>
				<label>-</label>
				<onleft>50</onleft>
				<onright>50</onright>
				<onup>99</onup>
				<ondown>14</ondown>
				<visible>!Skin.HasSetting(watched_filtering_toggle)</visible>
			</control>
			<control type="radiobutton" id="14">
				<description>Watched Toggle Button</description>
				<posx>0</posx>
				<posy>111</posy>
				<label>20367</label>
				<onleft>50</onleft>
				<onright>50</onright>
				<onup>10</onup>
				<ondown>8</ondown>
				<visible>Skin.HasSetting(watched_filtering_toggle)</visible>
			</control>
			<control type="button" id="8">
				<description>Search</description>
				<posx>0</posx>
				<posy>148</posy>
				<label>137</label>
				<onleft>50</onleft>
				<onright>50</onright>
				<onup>14</onup>
				<ondown>19</ondown>
			</control>
 
			<control type="radiobutton" id="19">
				<description>Filter</description>
				<posx>0</posx>
				<posy>185</posy>
				<label>587</label>
				<onleft>50</onleft>
				<onright>50</onright>
				<onup>8</onup>
				<ondown>16</ondown>
			</control>
			<control type="radiobutton" id="16">
				<description>Party Mode button</description>
				<posx>0</posx>
				<posy>222</posy>
				<label>589</label>
				<onleft>50</onleft>
				<onright>50</onright>
				<onup>19</onup>
				<ondown>17</ondown>
			</control>
			<control type="radiobutton" id="17">
				<description>Flatten Library button</description>
				<posx>0</posx>
				<posy>259</posy>
				<label>20411</label>
				<onleft>50</onleft>
				<onright>50</onright>
				<onup>16</onup>
				<ondown>11</ondown>
			</control>
                        <control type="radiobutton" id="11">
				<description>Unlock Shares</description>
				<posx>0</posx>
				<posy>296</posy>
				<label>20336</label>
				<onleft>50</onleft>
				<onright>50</onright>
				<onclick>xbmc.mastermode</onclick>
				<selected>system.ismaster</selected>
				<visible>system.haslocks</visible>
				<onup>17</onup>
				<ondown>20</ondown>
			</control>
			<control type="group">
				<description>LastFM Love Hate Stuff</description>
				<posx>0</posx>
				<posy>333</posy>
				<visible>LastFM.RadioPlaying</visible>
				<animation effect="slide" start="0,0" end="0,-37" time="0" condition="!system.haslocks">conditional</animation>
				<control type="image">
					<description>Unfocus Background</description>
					<posx>0</posx>
					<posy>0</posy>
					<width>160</width>
					<height>33</height>
					<texture>button-nofocus.png</texture>
					<visible>!Control.HasFocus(20) + !Control.HasFocus(21)</visible>
				</control>
				<control type="image">
					<description>Focus Background</description>
					<posx>0</posx>
					<posy>0</posy>
					<width>160</width>
					<height>33</height>
					<texture>button-focus.png</texture>
					<visible>Control.HasFocus(20) | Control.HasFocus(21)</visible>
					<animation effect="fade" start="100" end="70" time="900" pulse="true" condition="Control.HasFocus(20) | Control.HasFocus(21)">conditional</animation>
				</control>
				<control type="label">
					<description>LastFM Label</description>
					<posx>17</posx>
					<posy>0</posy>
					<width>80</width>
					<height>33</height>
					<aligny>center</aligny>
					<label>15200</label>
				</control>
				<control type="button" id="20">
					<description>Love button</description>
					<posx>105</posx>
					<posy>7</posy>
					<height>20</height>
					<width>20</width>
					<font>font13</font>
					<texturefocus>Love-focus.png</texturefocus>
					<texturenofocus>Love.png</texturenofocus>
					<onclick>XBMC.LastFM.Love</onclick>
					<aspectratio align="right">keep</aspectratio>
					<pulseonselect>false</pulseonselect>
					<animation effect="zoom" start="100" end="120" center="auto" time="100">focus</animation>
					<onleft>50</onleft>
					<onright>21</onright>
					<onup>11</onup>
					<ondown>2</ondown>
				</control>
				<control type="button" id="21">
					<description>Hate button</description>
					<posx>130</posx>
					<posy>7</posy>
					<height>20</height>
					<width>20</width>
					<texturefocus>Ban-focus.png</texturefocus>
					<texturenofocus>Ban.png</texturenofocus>
					<onclick>XBMC.LastFM.Ban</onclick>
					<aspectratio align="right">keep</aspectratio>
					<pulseonselect>false</pulseonselect>
					<animation effect="zoom" start="100" end="120" center="auto" time="100">focus</animation>
					<onleft>20</onleft>
					<onright>50</onright>
					<onup>11</onup>
					<ondown>2</ondown>
				</control>
			</control>
		</control>
		<control type="label" id="18">
			<description>No Info Scanned Label</description>
			<posx>190</posx>
			<posy>200</posy>
			<width>485</width>
			<height>150</height>
			<font>Special13</font>
			<label>-</label>
			<align>center</align>
			<aligny>center</aligny>
			<include>contentpanelslide</include>
		</control>
		<include>OldListViewCommons</include>
		<include>VideoLibraryList2View</include>
		<include>VideoLibrarySeasonView</include>
		<include>VideoLibraryWideIcon_Small</include>
		<include>AllViewCommonThumbSmall</include>
		<include>AllViewCommonThumbLarge</include>
		<include>VideoDVDThumbLarge</include>
		<include>VideoDVDWrapView</include>
		<include>VideoLibrary_BigList</include>
		<include>AllViewCommonPageControls</include>
		<include>ScrollOffsetLabel</include>
		<include>windowswitchtransition</include>
	</controls>
</window>


