<window id="2600">
	<defaultcontrol>2</defaultcontrol>
	<allowoverlay>yes</allowoverlay>
	<controls>
		<control type="image">
			<description>background image</description>
			<posx>0</posx>
			<posy>0</posy>
			<width>720</width>
			<height>88</height>
			<texture>background-weather.png</texture>
		</control>
		<control type="image">
			<description>background image</description>
			<posx>0</posx>
			<posy>88</posy>
			<width>720</width>
			<height>488</height>
			<texture>background-bottom.png</texture>
		</control>
		<control type="label">
			<description>XBMC label</description>
			<posx>200</posx>
			<posy>43</posy>
			<align>right</align>
			<label>9</label>
			<font>special12</font>
		</control>
		<control type="label">
			<description>description label</description>
			<posx>207</posx>
			<posy>43</posy>
			<align>left</align>
			<label>10508</label>
			<font>special13</font>
		</control>
		<include>contentpanel</include>
		<control type="group" id="9000">
			<posx>20</posx>
			<posy>100</posy>
			<include>buttonpanelslide</include>
			<control type="button" id="2">
				<description>Refresh Button</description>
				<posx>0</posx>
				<posy>0</posy>
				<label>184</label>
				<onleft>3</onleft>
				<onright>3</onright>
				<onup>70</onup>
				<ondown>4</ondown>
			</control>
			<control type="button" id="4">
				<description>Settings Button</description>
				<posx>0</posx>
				<posy>37</posy>
				<label>5</label>
				<onleft>3</onleft>
				<onright>3</onright>
				<onup>2</onup>
				<ondown>70</ondown>
				<onclick>ActivateWindow(MyWeatherSettings)</onclick>
			</control>
			<control type="image" id="101">
				<description>logo image</description>
				<posx>35</posx>
				<posy>120</posy>
				<width>86</width>
				<height>65</height>
				<aspectratio>keep</aspectratio>
				<texture>TWClogo_64px.png</texture>
			</control>
			<control type="group">
				<description>LastFM Love Hate Stuff</description>
				<posx>0</posx>
				<posy>74</posy>
				<visible>LastFM.RadioPlaying</visible>
				<control type="image">
					<description>Unfocus Background</description>
					<posx>0</posx>
					<posy>0</posy>
					<width>160</width>
					<height>33</height>
					<texture>button-nofocus.png</texture>
					<visible>!Control.HasFocus(70) + !Control.HasFocus(71)</visible>
				</control>
				<control type="image">
					<description>Focus Background</description>
					<posx>0</posx>
					<posy>0</posy>
					<width>160</width>
					<height>33</height>
					<texture>button-focus.png</texture>
					<visible>Control.HasFocus(70) | Control.HasFocus(71)</visible>
					<animation effect="fade" start="100" end="70" time="900" pulse="true" condition="Control.HasFocus(70) | Control.HasFocus(71)">conditional</animation>
				</control>
				<control type="label">
					<description>LastFM Label</description>
					<posx>17</posx>
					<posy>0</posy>
					<width>80</width>
					<height>33</height>
					<aligny>center</aligny>
					<label>15200</label>
				</control>
				<control type="button" id="70">
					<description>Love button</description>
					<posx>105</posx>
					<posy>7</posy>
					<height>20</height>
					<width>20</width>
					<font>font13</font>
					<texturefocus>Love-focus.png</texturefocus>
					<texturenofocus>Love.png</texturenofocus>
					<onclick>XBMC.LastFM.Love</onclick>
					<aspectratio align="right">keep</aspectratio>
					<pulseonselect>false</pulseonselect>
					<animation effect="zoom" start="100" end="120" center="auto" time="100">focus</animation>
					<onleft>3</onleft>
					<onright>71</onright>
					<onup>4</onup>
					<ondown>2</ondown>
				</control>
				<control type="button" id="71">
					<description>Hate button</description>
					<posx>130</posx>
					<posy>7</posy>
					<height>20</height>
					<width>20</width>
					<texturefocus>Ban-focus.png</texturefocus>
					<texturenofocus>Ban.png</texturenofocus>
					<onclick>XBMC.LastFM.Ban</onclick>
					<aspectratio align="right">keep</aspectratio>
					<pulseonselect>false</pulseonselect>
					<animation effect="zoom" start="100" end="120" center="auto" time="100">focus</animation>
					<onleft>70</onleft>
					<onright>3</onright>
					<onup>4</onup>
					<ondown>2</ondown>
				</control>
			</control>
		</control>
		<control type="group">
			<posx>-20</posx>
			<posy>-25</posy>
			<control type="image" id="1">
				<description>logo image</description>
				<posx>210</posx>
				<posy>120</posy>
				<width>515</width>
				<height>180</height>
				<texture>blue_rectangle_weather.png</texture>
				<include>contentpanelslide</include>
			</control>
			<control type="image">
				<description>logo image</description>
				<posx>210</posx>
				<posy>120</posy>
				<width>515</width>
				<height>33</height>
				<texture>button-nofocus.png</texture>
				<include>contentpanelslide</include>
			</control>
			<control type="spincontrol" id="3">
				<description>weather location select spincontrol</description>
				<align>right</align>
				<width>17</width>
				<height>17</height>
				<posx>216</posx>
				<posy>128</posy>
				<font>-</font>
				<reverse>yes</reverse>
				<onup>2</onup>
				<ondown>2</ondown>
				<onleft>2</onleft>
				<onright>2</onright>
				<disabledcolor>disabled</disabledcolor>
				<textoffsetx>0</textoffsetx>
				<textoffsety>0</textoffsety>
				<aligny>center</aligny>
				<include>contentpanelslide</include>
			</control>
			<control type="label" id="0">
				<description>weather location select label</description>
				<align>left</align>
				<width>350</width>
				<height>15</height>
				<posx>256</posx>
				<posy>127</posy>
				<font>font13</font>
				<reverse>yes</reverse>
				<disabledcolor>disabled</disabledcolor>
				<textoffsetx>0</textoffsetx>
				<textoffsety>0</textoffsety>
				<aligny>center</aligny>
				<include>contentpanelslide</include>
				<info>Weather.Location</info>
			</control>
			<control type="label">
				<description>update time label</description>
				<align>right</align>
				<posx>700</posx>
				<posy>127</posy>
				<info>Window.Property(Updated)</info>
				<font>font10</font>
				<include>contentpanelslide</include>
			</control>
			<control type="label" id="223">
				<description>current temp static label</description>
				<posx>221</posx>
				<posy>168</posy>
				<label>Temp</label>
				<font>font10</font>
				<include>contentpanelslide</include>
			</control>
			<control type="label" id="224">
				<description>current feels like static label</description>
				<posx>221</posx>
				<posy>188</posy>
				<label>-</label>
				<font>font10</font>
				<include>contentpanelslide</include>
			</control>
			<control type="label" id="225">
				<description>current UV Index static label</description>
				<posx>221</posx>
				<posy>248</posy>
				<label>-</label>
				<font>font10</font>
				<include>contentpanelslide</include>
			</control>
			<control type="label" id="226">
				<description>current wind static label</description>
				<posx>221</posx>
				<posy>268</posy>
				<label>-</label>
				<font>font10</font>
				<include>contentpanelslide</include>
			</control>
			<control type="label" id="227">
				<description>current dew static label</description>
				<posx>221</posx>
				<posy>208</posy>
				<label>-</label>
				<font>font10</font>
				<include>contentpanelslide</include>
			</control>
			<control type="label" id="228">
				<description>current humidity static label</description>
				<posx>221</posx>
				<posy>228</posy>
				<label>-</label>
				<font>font10</font>
				<include>contentpanelslide</include>
			</control>
			<control type="image">
				<description>current weather icon</description>
				<posx>570</posx>
				<posy>163</posy>
				<height>128</height>
				<width>128</width>
				<info>Window.Property(Current.ConditionIcon)</info>
				<include>contentpanelslide</include>
				<aspectratio>keep</aspectratio>
			</control>
			<control type="label">
				<description>current condition label</description>
				<align>right</align>
				<posx>550</posx>
				<posy>178</posy>
				<width>120</width>
				<wrapmultiline>true</wrapmultiline>
				<info>Window.Property(Current.Condition)</info>
				<font>font10</font>
				<include>contentpanelslide</include>
			</control>
			<control type="label">
				<description>current temp label</description>
				<posx>335</posx>
				<posy>168</posy>
				<label>$INFO[Window.Property(Current.Temperature)]$INFO[System.TemperatureUnits]</label>
				<font>font10</font>
				<include>contentpanelslide</include>
			</control>
			<control type="label">
				<description>current feels like label</description>
				<posx>335</posx>
				<posy>188</posy>
				<label>$INFO[Window.Property(Current.FeelsLike)]$INFO[System.TemperatureUnits]</label>
				<font>font10</font>
				<include>contentpanelslide</include>
			</control>
			<control type="label">
				<description>current UV Index label</description>
				<posx>335</posx>
				<posy>248</posy>
				<info>Window.Property(Current.UVIndex)</info>
				<font>font10</font>
				<include>contentpanelslide</include>
			</control>
			<control type="label">
				<description>current wind label</description>
				<posx>335</posx>
				<posy>268</posy>
				<info>Window.Property(Current.Wind)</info>
				<font>font10</font>
				<include>contentpanelslide</include>
			</control>
			<control type="label">
				<description>current dew label</description>
				<posx>335</posx>
				<posy>208</posy>
				<label>$INFO[Window.Property(Current.DewPoint)]$INFO[System.TemperatureUnits]</label>
				<font>font10</font>
				<include>contentpanelslide</include>
			</control>
			<control type="label">
				<description>current humidity label</description>
				<posx>335</posx>
				<posy>228</posy>
				<info>Window.Property(Current.Humidity)</info>
				<font>font10</font>
				<include>contentpanelslide</include>
			</control>
		</control>
		<control type="group">
			<description>day 0</description>
			<posx>190</posx>
			<posy>280</posy>
			<include>contentpanelslide</include>
			<control type="image">
				<description>Section Background</description>
				<posx>0</posx>
				<posy>28</posy>
				<width>255</width>
				<height>90</height>
				<texture>blue_rectangle_weather.png</texture>
			</control>
			<control type="image">
				<posx>0</posx>
				<posy>0</posy>
				<height>28</height>
				<width>255</width>
				<texture>button-nofocus.png</texture>
			</control>
			<control type="label">
				<description>day 0 label</description>
				<posx>15</posx>
				<posy>0</posy>
				<height>28</height>
				<width>240</width>
				<info>Window.Property(Day0.Title)</info>
				<aligny>center</aligny>
				<font>font10</font>
			</control>
			<control type="image">
				<description>day icon</description>
				<posx>10</posx>
				<posy>30</posy>
				<height>80</height>
				<width>80</width>
				<info>Window.Property(Day0.OutlookIcon)</info>
				<aspectratio>keep</aspectratio>
			</control>
			<control type="label">
				<description>high label</description>
				<posx>100</posx>
				<posy>30</posy>
				<label>$LOCALIZE[393] :</label>
				<font>font12</font>
				<visible>Weather.IsFetched</visible>
			</control>
			<control type="label">
				<description>high value</description>
				<posx>160</posx>
				<posy>30</posy>
				<label>$INFO[Window.Property(Day0.HighTemp)]$INFO[System.TemperatureUnits]</label>
				<font>font12</font>
			</control>
			<control type="label">
				<description>low label</description>
				<posx>100</posx>
				<posy>50</posy>
				<label>$LOCALIZE[391] :</label>
				<font>font12</font>
				<visible>Weather.IsFetched</visible>
			</control>
			<control type="label">
				<description>low value</description>
				<posx>160</posx>
				<posy>50</posy>
				<label>$INFO[Window.Property(Day0.LowTemp)]$INFO[System.TemperatureUnits]</label>
				<font>font12</font>
			</control>
			<control type="label">
				<description>conditions label</description>
				<posx>100</posx>
				<posy>70</posy>
				<width>150</width>
				<wrapmultiline>true</wrapmultiline>
				<info>Window.Property(Day0.Outlook)</info>
				<font>font12</font>
			</control>
		</control>
		<control type="group">
			<description>day 1</description>
			<posx>450</posx>
			<posy>280</posy>
			<include>contentpanelslide</include>
			<control type="image">
				<description>Section Background</description>
				<posx>0</posx>
				<posy>28</posy>
				<width>255</width>
				<height>90</height>
				<texture>blue_rectangle_weather.png</texture>
			</control>
			<control type="image">
				<posx>0</posx>
				<posy>0</posy>
				<height>28</height>
				<width>255</width>
				<texture>button-nofocus.png</texture>
			</control>
			<control type="label">
				<description>day 1 label</description>
				<posx>15</posx>
				<posy>0</posy>
				<height>28</height>
				<width>240</width>
				<info>Window.Property(Day1.Title)</info>
				<aligny>center</aligny>
				<font>font10</font>
			</control>
			<control type="image">
				<description>day icon</description>
				<posx>10</posx>
				<posy>30</posy>
				<height>80</height>
				<width>80</width>
				<info>Window.Property(Day1.OutlookIcon)</info>
				<aspectratio>keep</aspectratio>
			</control>
			<control type="label">
				<description>high label</description>
				<posx>100</posx>
				<posy>30</posy>
				<label>$LOCALIZE[393] :</label>
				<font>font12</font>
				<visible>Weather.IsFetched</visible>
			</control>
			<control type="label">
				<description>high value</description>
				<posx>160</posx>
				<posy>30</posy>
				<label>$INFO[Window.Property(Day1.HighTemp)]$INFO[System.TemperatureUnits]</label>
				<font>font12</font>
			</control>
			<control type="label">
				<description>low label</description>
				<posx>100</posx>
				<posy>50</posy>
				<label>$LOCALIZE[391] :</label>
				<font>font12</font>
				<visible>Weather.IsFetched</visible>
			</control>
			<control type="label">
				<description>low value</description>
				<posx>160</posx>
				<posy>50</posy>
				<label>$INFO[Window.Property(Day1.LowTemp)]$INFO[System.TemperatureUnits]</label>
				<font>font12</font>
			</control>
			<control type="label">
				<description>conditions label</description>
				<posx>100</posx>
				<posy>70</posy>
				<width>150</width>
				<wrapmultiline>true</wrapmultiline>
				<info>Window.Property(Day1.Outlook)</info>
				<font>font12</font>
			</control>
		</control>
		<control type="group">
			<description>day 2</description>
			<posx>190</posx>
			<posy>405</posy>
			<include>contentpanelslide</include>
			<control type="image">
				<description>Section Background</description>
				<posx>0</posx>
				<posy>28</posy>
				<width>255</width>
				<height>90</height>
				<texture>blue_rectangle_weather.png</texture>
			</control>
			<control type="image">
				<posx>0</posx>
				<posy>0</posy>
				<height>28</height>
				<width>255</width>
				<texture>button-nofocus.png</texture>
			</control>
			<control type="label">
				<description>day 2 label</description>
				<posx>15</posx>
				<posy>0</posy>
				<height>28</height>
				<width>240</width>
				<info>Window.Property(Day2.Title)</info>
				<aligny>center</aligny>
				<font>font10</font>
			</control>
			<control type="image">
				<description>day icon</description>
				<posx>10</posx>
				<posy>30</posy>
				<height>80</height>
				<width>80</width>
				<info>Window.Property(Day2.OutlookIcon)</info>
				<aspectratio>keep</aspectratio>
			</control>
			<control type="label">
				<description>high label</description>
				<posx>100</posx>
				<posy>30</posy>
				<label>$LOCALIZE[393] :</label>
				<font>font12</font>
				<visible>Weather.IsFetched</visible>
			</control>
			<control type="label">
				<description>high value</description>
				<posx>160</posx>
				<posy>30</posy>
				<label>$INFO[Window.Property(Day2.HighTemp)]$INFO[System.TemperatureUnits]</label>
				<font>font12</font>
			</control>
			<control type="label">
				<description>low label</description>
				<posx>100</posx>
				<posy>50</posy>
				<label>$LOCALIZE[391] :</label>
				<font>font12</font>
				<visible>Weather.IsFetched</visible>
			</control>
			<control type="label">
				<description>low value</description>
				<posx>160</posx>
				<posy>50</posy>
				<label>$INFO[Window.Property(Day2.LowTemp)]$INFO[System.TemperatureUnits]</label>
				<font>font12</font>
			</control>
			<control type="label">
				<description>conditions label</description>
				<posx>100</posx>
				<posy>70</posy>
				<width>150</width>
				<wrapmultiline>true</wrapmultiline>
				<info>Window.Property(Day2.Outlook)</info>
				<font>font12</font>
			</control>
		</control>
		<control type="group">
			<description>day 3</description>
			<posx>450</posx>
			<posy>405</posy>
			<include>contentpanelslide</include>
			<control type="image">
				<description>Section Background</description>
				<posx>0</posx>
				<posy>28</posy>
				<width>255</width>
				<height>90</height>
				<texture>blue_rectangle_weather.png</texture>
			</control>
			<control type="image">
				<posx>0</posx>
				<posy>0</posy>
				<height>28</height>
				<width>255</width>
				<texture>button-nofocus.png</texture>
			</control>
			<control type="label">
				<description>day 3 label</description>
				<posx>15</posx>
				<posy>0</posy>
				<height>28</height>
				<width>240</width>
				<info>Window.Property(Day3.Title)</info>
				<aligny>center</aligny>
				<font>font10</font>
			</control>
			<control type="image">
				<description>day icon</description>
				<posx>10</posx>
				<posy>30</posy>
				<height>80</height>
				<width>80</width>
				<info>Window.Property(Day3.OutlookIcon)</info>
				<aspectratio>keep</aspectratio>
			</control>
			<control type="label">
				<description>high label</description>
				<posx>100</posx>
				<posy>30</posy>
				<label>$LOCALIZE[393] :</label>
				<font>font12</font>
				<visible>Weather.IsFetched</visible>
			</control>
			<control type="label">
				<description>high value</description>
				<posx>160</posx>
				<posy>30</posy>
				<label>$INFO[Window.Property(Day3.HighTemp)]$INFO[System.TemperatureUnits]</label>
				<font>font12</font>
			</control>
			<control type="label">
				<description>low label</description>
				<posx>100</posx>
				<posy>50</posy>
				<label>$LOCALIZE[391] :</label>
				<font>font12</font>
				<visible>Weather.IsFetched</visible>
			</control>
			<control type="label">
				<description>low value</description>
				<posx>160</posx>
				<posy>50</posy>
				<label>$INFO[Window.Property(Day3.LowTemp)]$INFO[System.TemperatureUnits]</label>
				<font>font12</font>
			</control>
			<control type="label">
				<description>conditions label</description>
				<posx>100</posx>
				<posy>70</posy>
				<width>150</width>
				<wrapmultiline>true</wrapmultiline>
				<info>Window.Property(Day3.Outlook)</info>
				<font>font12</font>
			</control>
		</control>
		<include>windowswitchtransition</include>
	</controls>
</window>
