<window type="dialog" id="114">
	<defaultcontrol always="true">402</defaultcontrol>
	<include>dialogeffect</include>
	<visible>Player.HasMedia + Window.IsActive(PlayerControls) + !Window.IsActive(FullscreenVideo)</visible>
	<coordinates>
		<system>1</system>
		<posx>20</posx>
		<posy>491</posy>
	</coordinates>
	<controls>
		<control type="image">
			<posx>0</posx>
			<posy>0</posy>
			<width>156</width>
			<height>26</height>
			<texture>music-bg.png</texture>
		</control>
		<control type="button" id="400">
			<posx>0</posx>
			<posy>0</posy>
			<width>26</width>
			<height>26</height>
			<label>-</label>
			<texturefocus>music-skipminus-focus.png</texturefocus>
			<texturenofocus>music-skipminus-nofocus.png</texturenofocus>
			<onleft>404</onleft>
			<onright>401</onright>
			<onup>400</onup>
			<ondown>400</ondown>
			<onclick>XBMC.PlayerControl(Previous)</onclick>
		</control>
		<control type="button" id="401">
			<posx>26</posx>
			<posy>0</posy>
			<width>26</width>
			<height>26</height>
			<label>-</label>
			<texturefocus>music-stop-focus.png</texturefocus>
			<texturenofocus>music-stop-nofocus.png</texturenofocus>
			<onleft>400</onleft>
			<onright>402</onright>
			<onup>401</onup>
			<ondown>401</ondown>
			<onclick>XBMC.PlayerControl(Stop)</onclick>
		</control>
		<control type="togglebutton" id="402">
			<posx>52</posx>
			<posy>0</posy>
			<width>26</width>
			<height>26</height>
			<label>-</label>
			<texturefocus>music-pause-focus.png</texturefocus>
			<texturenofocus>music-pause-nofocus.png</texturenofocus>
			<usealttexture>Player.Paused</usealttexture>
			<alttexturefocus>music-play-focus.png</alttexturefocus>
			<alttexturenofocus>music-play-nofocus.png</alttexturenofocus>
			<onleft>401</onleft>
			<onright>403</onright>
			<onup>402</onup>
			<ondown>402</ondown>
			<onclick>XBMC.PlayerControl(Play)</onclick>
		</control>
		<control type="button" id="403">
			<posx>78</posx>
			<posy>0</posy>
			<width>26</width>
			<height>26</height>
			<label>-</label>
			<texturefocus>music-skipplus-focus.png</texturefocus>
			<texturenofocus>music-skipplus-nofocus.png</texturenofocus>
			<onleft>402</onleft>
			<onright>405</onright>
			<onup>403</onup>
			<ondown>403</ondown>
			<onclick>XBMC.PlayerControl(Next)</onclick>
		</control>
		<control type="button" id="405">
			<posx>104</posx>
			<posy>0</posy>
			<width>26</width>
			<height>26</height>
			<label>-</label>
			<texturefocus>-</texturefocus>
			<texturenofocus>-</texturenofocus>
			<onclick>XBMC.PlayerControl(Repeat)</onclick>
			<onleft>403</onleft>
			<onright>404</onright>
			<onup>405</onup>
			<ondown>405</ondown>
		</control>
		<control type="image">
			<posx>104</posx>
			<posy>0</posy>
			<width>26</width>
			<height>26</height>
			<texture>music-repeat-off-nofocus.png</texture>
			<visible>!Playlist.IsRepeat + !Playlist.IsRepeatOne</visible>
			<visible>!Control.HasFocus(405)</visible>
		</control>
		<control type="image">
			<posx>104</posx>
			<posy>0</posy>
			<width>26</width>
			<height>26</height>
			<texture>music-repeat-off-focus.png</texture>
			<visible>!Playlist.IsRepeat + !Playlist.IsRepeatOne</visible>
			<visible>Control.HasFocus(405)</visible>
		</control>
		<control type="image">
			<posx>104</posx>
			<posy>0</posy>
			<width>26</width>
			<height>26</height>
			<texture>music-repeat-one-nofocus.png</texture>
			<visible>Playlist.IsRepeatOne</visible>
			<visible>!Control.HasFocus(405)</visible>
		</control>
		<control type="image">
			<posx>104</posx>
			<posy>0</posy>
			<width>26</width>
			<height>26</height>
			<texture>music-repeat-one-focus.png</texture>
			<visible>Playlist.IsRepeatOne</visible>
			<visible>Control.HasFocus(405)</visible>
		</control>
		<control type="image">
			<posx>104</posx>
			<posy>0</posy>
			<width>26</width>
			<height>26</height>
			<texture>music-repeat-all-nofocus.png</texture>
			<visible>Playlist.IsRepeat</visible>
			<visible>!Control.HasFocus(405)</visible>
		</control>
		<control type="image">
			<posx>104</posx>
			<posy>0</posy>
			<width>26</width>
			<height>26</height>
			<texture>music-repeat-all-focus.png</texture>
			<visible>Playlist.IsRepeat</visible>
			<visible>Control.HasFocus(405)</visible>
		</control>
		<control type="togglebutton" id="404">
			<posx>130</posx>
			<posy>0</posy>
			<width>26</width>
			<height>26</height>
			<label>-</label>
			<texturefocus>music-random-off-focus.png</texturefocus>
			<texturenofocus>music-random-off-nofocus.png</texturenofocus>
			<usealttexture>Playlist.IsRandom</usealttexture>
			<alttexturefocus>music-random-on-focus.png</alttexturefocus>
			<alttexturenofocus>music-random-on-nofocus.png</alttexturenofocus>
			<onclick>XBMC.PlayerControl(Random)</onclick>
			<onleft>405</onleft>
			<onright>400</onright>
			<onup>404</onup>
			<ondown>404</ondown>
		</control>
	</controls>
</window>