<window id="12">
	<defaultcontrol>2</defaultcontrol>
	<allowoverlay>no</allowoverlay>
	<controls>
		<control type="image">
			<description>background image</description>
			<posx>0</posx>
			<posy>0</posy>
			<width>720</width>
			<height>88</height>
			<texture>background-settings.png</texture>
		</control>
		<control type="image">
			<description>background image</description>
			<posx>0</posx>
			<posy>88</posy>
			<width>720</width>
			<height>488</height>
			<texture>background-bottom.png</texture>
		</control>
		<control type="label">
			<description>XBMC label</description>
			<posx>200</posx>
			<posy>43</posy>
			<align>right</align>
			<label>9</label>
			<font>special12</font>
		</control>
		<control type="label">
			<description>description label</description>
			<posx>207</posx>
			<posy>43</posy>
			<align>left</align>
			<label>10507</label>
			<font>special13</font>
		</control>
		<include>contentpanel</include>
		<control type="grouplist" id="3">
			<description>button area</description>
			<posx>20</posx>
			<posy>100</posy>
			<width>160</width>
			<height>300</height>
			<include>buttonpanelslide</include>
			<onleft>5</onleft>
			<onright>5</onright>
			<onup>3</onup>
			<ondown>3</ondown>
		</control>
		<control type="button" id="10">
			<description>Default Category Button</description>
			<posx>208</posx>
			<posy>150</posy>
			<label>224</label>
			<font>font13</font>
			<align>left</align>
			<texturefocus>button-focus.png</texturefocus>
			<texturenofocus>button-nofocus.png</texturenofocus>
		</control>
		<control type="grouplist" id="5">
			<description>control area</description>
			<posx>190</posx>
			<posy>100</posy>
			<width>485</width>
			<height>425</height>
			<itemgap>0</itemgap>
			<pagecontrol>90</pagecontrol>
			<include>contentpanelslide</include>
			<onleft>3</onleft>
			<onright>90</onright>
			<onup>5</onup>
			<ondown>5</ondown>
		</control>
		<control type="button" id="7">
			<description>Default Button</description>
			<posx>530</posx>
			<posy>150</posy>
			<font>font13</font>
			<textoffsetx>7</textoffsetx>
			<texturefocus>list-focus.png</texturefocus>
			<texturenofocus>-</texturenofocus>
		</control>
		<control type="radiobutton" id="8">
			<description>Default RadioButton</description>
			<posx>530</posx>
			<posy>150</posy>
			<font>font13</font>
			<texturefocus>list-focus.png</texturefocus>
			<texturenofocus>-</texturenofocus>
			<textoffsetx>7</textoffsetx>
			<textureradiofocus>settings-check-box.png</textureradiofocus>
			<textureradionofocus> settings-check-boxNF.png</textureradionofocus>
		</control>
		<control type="spincontrolex" id="9">
			<description>Default SpinControlex</description>
			<posx>530</posx>
			<posy>150</posy>
			<width>300</width>
			<texturefocus>list-focus.png</texturefocus>
			<texturenofocus>-</texturenofocus>
			<textureup>scroll-up.png</textureup>
			<texturedown>scroll-down.png</texturedown>
			<textureupfocus>scroll-up-focus.png</textureupfocus>
			<texturedownfocus>scroll-down-focus.png</texturedownfocus>
			<font>font13</font>
			<textcolor>white</textcolor>
			<disabledcolor>disabled</disabledcolor>
			<textoffsetx>7</textoffsetx>
			<aligny>center</aligny>
			<reverse>yes</reverse>
		</control>
		<control type="image" id="11">
			<description>separator image</description>
			<width>350</width>
			<height>5</height>
			<texture>separator.png</texture>
		</control>
		<control type="group">
			<include>contentpanelslide</include>
		<control type="button">
			<posx>680</posx>
			<posy>100</posy>
			<include>scrollbar_width</include>
			<height>20</height>
			<onclick>PageUp(90)</onclick>
			<texturefocus border="4">scrollbar_arrow_up_focus.png</texturefocus>
			<texturenofocus border="4">scrollbar_arrow_up.png</texturenofocus>
			<visible>Control.IsVisible(90)</visible>
		</control>
		<control type="button">
			<posx>680</posx>
			<posy>500</posy>
			<include>scrollbar_width</include>
			<height>20</height>
			<onclick>PageDown(90)</onclick>
			<texturefocus border="4">scrollbar_arrow_down_focus.png</texturefocus>
			<texturenofocus border="4">scrollbar_arrow_down.png</texturenofocus>
			<visible>Control.IsVisible(90)</visible>
		</control>
		<control type="scrollbar" id="90">
			<posx>680</posx>
			<posy>120</posy>
			<include>scrollbar_width</include>
			<height>380</height>
			<texturesliderbackground border="4">scrollbar_background.png</texturesliderbackground>
			<texturesliderbar border="4">scrollbar_bar.png</texturesliderbar>
			<texturesliderbarfocus border="4">scrollbar_bar_focus.png</texturesliderbarfocus>
			<textureslidernib>-</textureslidernib>
			<textureslidernibfocus>-</textureslidernibfocus>
			<onleft>5</onleft>
			<onright>3</onright>
			<showonepage>false</showonepage>
			<orientation>vertical</orientation>
		</control>
		</control>
		<include>windowswitchtransition</include>
	</controls>
</window>
