<window id="129">
	<defaultcontrol>10</defaultcontrol>
	<zorder>1</zorder>
	<coordinates>
	<system>1</system>
	<posx>0</posx>
	<posy>0</posy>
	</coordinates>
	<include>common-fade</include>
	<controls>

	<control type="image">
		<description>Black Panel</description>
		<posx>63</posx>
		<posy>190</posy>
		<width>595</width>
		<height>220</height>
		<texture>Black.png</texture>
		<include>Zoom-ShutDownMenu</include>
	</control>

	<control type="label" id="0">
		<description>path Label</description>
		<posx>160</posx>
		<posy>210</posy>
		<width>420</width>
		<align>center</align>
		<font>font12</font>
		<shadowcolor>black</shadowcolor>
		<label>1021</label>
		<include>DialogInfo</include>
	</control>

	<control type="button" id="10">
		<description>Path Button</description>
		<posx>200</posx>
		<posy>240</posy>
		<width>320</width>
		<height>32</height>
		<font>font12</font>
		<textoffsetx>12</textoffsetx>
		<textwidth>300</textwidth>
		<texturefocus>Input-Focus.png</texturefocus>
		<texturenofocus>Input-NoFocus.png</texturenofocus>
		<aligny>center</aligny>
		<label>-</label>
		<shadowcolor>black</shadowcolor>
		<onup>18</onup>
		<onleft>11</onleft>
		<onright>11</onright>
		<ondown>12</ondown>
		<include>DialogInfo</include>
	</control>

	<control type="button" id="11">
		<description>Browse Button</description>
		<posx>510</posx>
		<posy>240</posy>
		<width>77</width>
		<height>32</height>
		<font>font12</font>
		<textoffsetx>12</textoffsetx>
		<label>1024</label>
		<shadowcolor>black</shadowcolor>
		<align>center</align>
		<aligny>center</aligny>
		<texturefocus>-</texturefocus>
		<texturenofocus>-</texturenofocus>
		<onup>18</onup>
		<onleft>10</onleft>
		<onright>10</onright>
		<ondown>12</ondown>
		<include>focusedcolor</include>
		<include>DialogInfo</include>
	</control>

	<control type="label" id="0">
		<description>Name Label</description>
		<posx>160</posx>
		<posy>310</posy>
		<width>420</width>
		<align>center</align>
		<font>font12</font>
		<shadowcolor>black</shadowcolor>
		<label>1022</label>
		<include>DialogInfo</include>
	</control>

	<control type="button" id="12">
		<description>Name Button</description>
		<posx>200</posx>
		<posy>340</posy>
		<width>320</width>
		<height>32</height>
		<font>font12</font>
		<textoffsetx>12</textoffsetx>
		<textwidth>380</textwidth>
		<texturefocus>Input-Focus.png</texturefocus>
		<texturenofocus>Input-NoFocus.png</texturenofocus>
		<aligny>center</aligny>
		<label>-</label>
		<shadowcolor>black</shadowcolor>
		<onup>10</onup>
		<onleft>12</onleft>
		<onright>12</onright>
		<ondown>19</ondown>
		<include>DialogInfo</include>
	</control>

	<control type="button" id="18">
		<description>Ok Button</description>
		<posx>480</posx>
		<posy>500</posy>
		<width>80</width>
		<height>32</height>
		<label>186</label>
		<shadowcolor>black</shadowcolor>
		<texturefocus>Button-Home2.png</texturefocus>
		<texturenofocus>Button-List.png</texturenofocus>
		<align>center</align>
		<aligny>center</aligny>
		<onup>12</onup>
		<onleft>19</onleft>
		<onright>19</onright>
		<ondown>10</ondown>
		<include>DialogInfo</include>
		<include>Home-Visible</include>
	</control>

	<control type="button" id="19">
		<description>Cancel Button</description>
		<posx>570</posx>
		<posy>500</posy>
		<width>80</width>
		<height>32</height>
		<label>222</label>
		<shadowcolor>black</shadowcolor>
		<texturefocus>Button-Home2.png</texturefocus>
		<texturenofocus>Button-List.png</texturenofocus>
		<align>center</align>
		<aligny>center</aligny>
		<onup>12</onup>
		<onleft>18</onleft>
		<onright>18</onright>
		<ondown>10</ondown>
		<include>DialogInfo</include>
		<include>Home-Visible</include>
	</control>
	<include>Black-Special</include>
	<include>Lines-Special</include>

	<control type="label" id="2">
		<description>Heading Label</description>
		<posx>160</posx>
		<posy>145</posy>
		<width>400</width>
		<height>16</height>
		<align>center</align>
		<label>-</label>
		<font>special16</font>
		<include>dialogheadingcolor</include>
		<include>Zoom-ShutDownMenu</include>
	</control>

	<include>Black-Overlay</include>
	</controls>
</window>