<window type="dialog" id="131">
	<defaultcontrol>5</defaultcontrol>
	<zorder>1</zorder>
	<coordinates>
	<system>1</system>
	<posx>0</posx>
	<posy>0</posy>
	</coordinates>
	<include>common-fade</include>
	<controls>

	<control>
		<description>Title Label</description>
		<label>20068</label>
		<include>Window-Title-NoFX</include>
	</control>

	<control type="image">
		<description>Black Panel</description>
		<posx>63</posx>
		<posy>115</posy>
		<width>595</width>
		<height>372</height>
		<texture>Black.png</texture>
	</control>
	<control type="label" id="3">
		<description>No Settings Label</description>
		<posx>0</posx>
		<posy>170</posy>
		<width>408</width>
		<align>center</align>
		<label>12016</label>
		<font>font12</font>
		<shadowcolor>black</shadowcolor>
	</control>
	<control type="grouplist" id="5">
		<description>control area</description>
		<posx>69</posx>
		<posy>120</posy>
		<width>585</width>
		<height>325</height>
		<texture>-</texture>
		<onleft>28</onleft>
		<onright>28</onright>
		<onup>28</onup>
		<ondown>28</ondown>
	</control>
	<control type="image" id="6">
		<description>control gap</description>
		<width>350</width>
		<height>38</height>
		<texture>-</texture>
	</control>
	<control type="button" id="7">
		<description>Default Button</description>
		<posx>530</posx>
		<posy>150</posy>
		<height>33</height>
		<font>font13</font>
		<shadowcolor>black</shadowcolor>
		<aligny>center</aligny>
		<texturefocus>Button-List.png</texturefocus>
		<texturenofocus>-</texturenofocus>
	</control>
	<control type="radiobutton" id="8">
		<description>Default RadioButton</description>
		<posx>530</posx>
		<posy>150</posy>
		<height>33</height>
		<font>font13</font>
		<shadowcolor>black</shadowcolor>
		<texturefocus>Button-List.png</texturefocus>
		<texturenofocus>-</texturenofocus>
		<aligny>center</aligny>
		<textureradiofocus>settings-check-box.png</textureradiofocus>
		<textureradionofocus>settings-check-boxNF.png</textureradionofocus>
	</control>
	<control type="spincontrolex" id="9">
		<description>Default SpinControlex</description>
		<posx>530</posx>
		<posy>150</posy>
		<height>31</height>
		<width>300</width>
		<texturefocus>Button-List.png</texturefocus>
		<texturenofocus>-</texturenofocus>
		<textureup>scroll-up.png</textureup>
		<texturedown>scroll-down.png</texturedown>
		<textureupfocus>scroll-up-focus.png</textureupfocus>
		<texturedownfocus>scroll-down-focus.png</texturedownfocus>
		<font>font12</font>
		<shadowcolor>black</shadowcolor>
		<disabledcolor>disabled</disabledcolor>
		<textoffsetx>12</textoffsetx>
		<aligny>center</aligny>
		<reverse>yes</reverse>
	</control>
	<control type="sliderex" id="10">
		<description>Default Slider</description>
		<posx>1530</posx>
		<posy>150</posy>
		<height>31</height>
		<width>300</width>
		<texturefocus>Button-List.png</texturefocus>
		<texturenofocus>-</texturenofocus>
		<sliderwidth>100</sliderwidth>
		<sliderheight>20</sliderheight>
		<texturesliderbar>osd_slider_bg.png</texturesliderbar>
		<textureslidernib>osd_slider_nibNF.png</textureslidernib>
		<textureslidernibfocus>osd_slider_nibFO.png</textureslidernibfocus>
		<font>font12</font>
		<include>textcolorwhite</include>
		<disabledcolor>60d0d0d0</disabledcolor>
		<textoffsetx>12</textoffsetx>
	</control>
	<control type="image" id="11">
		<description>separator image</description>
		<width>350</width>
		<height>2</height>
		<texture>Separator.png</texture>
	</control>
	<control type="spincontrol" id="60">
		<description>Next page button</description>
		<posx>620</posx>
		<posy>460</posy>
		<subtype>int</subtype>
		<font>font13</font>
		<shadowcolor>black</shadowcolor>
		<onleft>60</onleft>
		<onright>60</onright>
		<ondown>2</ondown>
	</control>
	<control type="button" id="28">
		<description>OK button</description>
		<posx>480</posx>
		<posy>500</posy>
		<width>80</width>
		<label>186</label>
		<shadowcolor>black</shadowcolor>
		<texturefocus>Button-Home2.png</texturefocus>
		<texturenofocus>Button-List.png</texturenofocus>
		<align>center</align>
		<onleft>29</onleft>
		<onright>29</onright>
		<onup>5</onup>
		<ondown>5</ondown>
		<visible>!Window.IsActive(PlayerControls)</visible>
		<include>common-effect</include>
	</control>
	<control type="button" id="29">
		<description>Cancel button</description>
		<posx>570</posx>
		<posy>500</posy>
		<width>80</width>
		<label>222</label>
		<shadowcolor>black</shadowcolor>
		<texturefocus>Button-Home2.png</texturefocus>
		<texturenofocus>Button-List.png</texturenofocus>
		<align>center</align>
		<onleft>28</onleft>
		<onright>28</onright>
		<onup>5</onup>
		<ondown>5</ondown>
		<visible>!Window.IsActive(PlayerControls)</visible>
		<include>common-effect</include>
	</control>

	<include>Black-Overlay</include>
	</controls>
</window>