<window id="2006">
	<allowoverlay>no</allowoverlay>
	<controls>

	<control type="visualisation" id="2">
		<description>visualisation</description>
		<posx>0</posx>
		<posy>0</posy>
		<width>720</width>
		<height>576</height>
	</control>
	<control type="image" id="1">
		<description>Black Panel</description>
		<posx>63</posx>
		<posy>190</posy>
		<width>595</width>
		<height>220</height>
		<texture>Black.png</texture>
		<include>common-FX</include>
		<visible>Player.ShowInfo + !Window.IsActive(115)</visible>
	</control>
	<control type="image" id="1">
		<posx>63</posx>
		<posy>106</posy>
		<width>595</width>
		<height>80</height>
		<texture>Panel_Top.png</texture>
		<include>common-FX</include>
		<visible>Player.ShowInfo + !Window.IsActive(115)</visible>
	</control>
	<control type="image" id="1">
		<posx>63</posx>
		<posy>414</posy>
		<width>595</width>
		<height>80</height>
		<texture>Panel_Bottom.png</texture>
		<include>common-FX</include>
		<visible>Player.ShowInfo + !Window.IsActive(115)</visible>
	</control>
	<control type="image" id="1">
		<posx>0</posx>
		<posy>100</posy>
		<width>720</width>
		<height>101</height>
		<texture>Background-Overlay-TopLine.png</texture>
		<colordiffuse>FFffffff</colordiffuse>
		<include>common-FX</include>
		<visible>Player.ShowInfo + !Window.IsActive(115)</visible>
	</control>
	<control type="image" id="1">
		<posx>0</posx>
		<posy>400</posy>
		<width>720</width>
		<height>101</height>
		<texture>Background-Overlay-BottomLine.png</texture>
		<colordiffuse>FFffffff</colordiffuse>
		<include>common-FX</include>
		<visible>Player.ShowInfo + !Window.IsActive(115)</visible>
	</control>
	<control type="label" id="1">
		<description>dialog Heading</description>
		<posx>160</posx>
		<posy>145</posy>
		<width>400</width>
		<height>16</height>
		<align>center</align>
		<label>20060</label>
		<font>special16</font>
		<include>dialogheadingcolor</include>
		<include>common-FX</include>
		<visible>Player.ShowInfo + !Window.IsActive(115)</visible>
	</control>

	<!-- === Codec & Vis Infos ==================== -->

	<control type="image" id="0">
		<posx>-10</posx>
		<posy>40</posy>
		<width>740</width>
		<height>65</height>
		<texture>Black.png</texture>
		<include>common-fade</include>
		<visible>Player.ShowCodec</visible>
	</control>
	<control type="label" id="0">
		<description>Codecinfo</description>
		<width>600</width>
		<posx>75</posx>
		<posy>50</posy>
		<font>font12</font>
		<label>Audio | $INFO[musicplayer.Codec,Codec: ,]$INFO[musicplayer.Bitrate, - Bitrate: ,kbps]$INFO[musicplayer.bitspersample, - Bits:,bit]$INFO[musicplayer.Samplerate, - Freq.: ,kHz] $INFO[musicplayer.Channels, - Channels: ]</label>
		<shadowcolor>black</shadowcolor>
		<align>left</align>
		<include>common-fade</include>
		<visible>Player.ShowCodec</visible>
	</control>
	<control type="label" id="0">
		<description>Presets label</description>
		<posx>75</posx>
		<posy>75</posy>
		<width>560</width>
		<font>font12</font>
		<label>Visual | fps: $INFO[System.FPS] - </label>
		<shadowcolor>black</shadowcolor>
		<align>left</align>
		<include>common-fade</include>
		<visible>Player.ShowCodec</visible>
	</control>
	<control type="label" id="0">
		<description>Presets label</description>
		<posx>225</posx>
		<posy>75</posy>
		<width>420</width>
		<font>font12</font>
		<label>$INFO[Visualisation.Name]$INFO[Visualisation.Preset, - ]</label>
		<shadowcolor>black</shadowcolor>
		<align>left</align>
		<include>common-fade</include>
		<visible>Player.ShowCodec</visible>
	</control>
	<control type="image" id="0">
		<description>Preset locked image</description>
		<posx>210</posx>
		<posy>76</posy>
		<width>16</width>
		<height>16</height>
		<texture>defaultlocked.png</texture>
		<include>common-fade</include>
		<visible>Visualisation.Locked + Player.ShowCodec</visible>
	</control>

	<!-- === Media Content ======================== -->

	<control type="image" id="1">
		<description>Cover Image</description>
		<posx>80</posx>
		<posy>200</posy>
		<width>200</width>
		<height>200</height>
		<texture>defaultalbumcover.png</texture>
		<info>MusicPlayer.Cover</info>
		<include>common-FX</include>
		<visible>Player.ShowInfo + !Window.IsActive(115)</visible>
	</control>
	<control type="image" id="1">
		<description>Cover Overlay</description>
		<posx>60</posx>
		<posy>190</posy>
		<width>230</width>
		<height>225</height>
		<texture>Case.png</texture>
		<include>common-FX</include>
		<visible>Player.ShowInfo + !Window.IsActive(115)</visible>
	</control>
	<control type="label" id="1">
		<description>Artist</description>
		<posx>290</posx>
		<posy>200</posy>
		<width>350</width>
		<font>special14</font>
		<label>$LOCALIZE[557]: $INFO[MusicPlayer.Artist]</label>
		<shadowcolor>black</shadowcolor>
		<include>common-FX</include>
		<visible>Player.ShowInfo + !Window.IsActive(115)</visible>
	</control>
	<control type="label" id="1">
		<description>Title</description>
		<posx>290</posx>
		<posy>240</posy>
		<width>350</width>
		<font>mediainfo</font>
		<label>$LOCALIZE[369]: $INFO[MusicPlayer.Title]</label>
		<shadowcolor>black</shadowcolor>
		<include>common-FX</include>
		<visible>Player.ShowInfo + !Window.IsActive(115)</visible>
	</control>
	<control type="label" id="1">
		<description>Album</description>
		<posx>290</posx>
		<posy>260</posy>
		<width>350</width>
		<font>mediainfo</font>
		<label>$LOCALIZE[558]: $INFO[MusicPlayer.Album]</label>
		<shadowcolor>black</shadowcolor>
		<include>common-FX</include>
		<visible>Player.ShowInfo + !Window.IsActive(115)</visible>
	</control>
	<control type="label" id="1">
		<description>Year</description>
		<posx>290</posx>
		<posy>280</posy>
		<width>350</width>
		<font>mediainfo</font>
		<label>$LOCALIZE[562]:  $INFO[MusicPlayer.Year]</label>
		<shadowcolor>black</shadowcolor>
		<include>common-FX</include>
		<visible>Player.ShowInfo + !Window.IsActive(115)</visible>
	</control>
	<control type="label" id="1">
		<description>Play Time</description>
		<posx>290</posx>
		<posy>300</posy>
		<font>mediainfo</font>
		<label>$LOCALIZE[142] $INFO[MusicPlayer.Time]  / $INFO[Player.TimeRemaining]</label>
		<shadowcolor>black</shadowcolor>
		<include>common-FX</include>
		<visible>Player.ShowInfo + !Window.IsActive(115)</visible>
	</control>
	<control type="label" id="1">
		<description>Duration</description>
		<posx>290</posx>
		<posy>320</posy>
		<font>mediainfo</font>
		<label>$LOCALIZE[180]:  $INFO[MusicPlayer.Duration]</label>
		<shadowcolor>black</shadowcolor>
		<include>common-FX</include>
		<visible>Player.ShowInfo + !Window.IsActive(115)</visible>
	</control>
	<control type="label" id="1">
		<description>BitRate</description>
		<posx>290</posx>
		<posy>340</posy>
		<font>mediainfo</font>
		<label>BitRate:  $INFO[MusicPlayer.BitRate] kbit</label>
		<shadowcolor>black</shadowcolor>
		<include>common-FX</include>
		<visible>Player.ShowInfo + !Window.IsActive(115)</visible>
	</control>
	<control type="progress" id="1">
		<description>Progressbar</description>
		<posx>288</posx>
		<posy>380</posy>
		<width>350</width>
		<height>8</height>
		<info>Player.Progress</info>
		<lefttexture>Progress-Left.png</lefttexture>
		<midtexture>Progress-Mid.png</midtexture>
		<righttexture>Progress-Right.png</righttexture>
		<overlaytexture border="10,0,10,0">Progress-Overlay.png</overlaytexture>
		<include>common-FX</include>
		<visible>Player.ShowInfo + !Window.IsActive(115)</visible>
	</control>

	</controls>
</window>