<window id="2700">
	 <defaultcontrol>3080</defaultcontrol>
	 <allowoverlay>yes</allowoverlay>
	<controls>
	<include>Background</include>
	<include>Black-Panel</include>
	<include>Menu-Time</include>

	<control>
		<description>Title Label</description>
		<label>10509</label>
		<include>Window-Title</include>
	</control>

	<control type="listcontrolex" id="3031">
		<description>Arena List</description>
		<width>428</width>
		<onleft>3012</onleft>
		<onright>3031</onright>
		<onup>3031</onup>
		<ondown>3031</ondown>
	</control>
	<control type="button" id="3080">
		<description>friends tab</description>
		<posx>58</posx>
		<posy>80</posy>
		<height>30</height>
		<width>110</width>
		<label>15010</label>
		<texturefocus>Button-Menu.png</texturefocus>
		<texturenofocus>Button-Menu-NoFocus.png</texturenofocus>
		<font>menubutton</font>
		<align>center</align>
		<aligny>center</aligny>
		<include>focusedcolor</include>
		<include>FX-Button</include>
	</control>
	<control type="button" id="3081">
		<description>games tab</description>
		<posx>168</posx>
		<posy>80</posy>
		<height>30</height>
		<width>110</width>
		<label>15016</label>
		<texturefocus>Button-Menu.png</texturefocus>
		<texturenofocus>Button-Menu-NoFocus.png</texturenofocus>
		<font>menubutton</font>
		<align>center</align>
		<aligny>center</aligny>
		<include>focusedcolor</include>
		<include>FX-Button</include>
	</control>
	<control type="button" id="3082">
		<description>arenas tab</description>
		<posx>278</posx>
		<posy>80</posy>
		<height>30</height>
		<width>110</width>
		<label>15021</label>
		<texturefocus>Button-Menu.png</texturefocus>
		<texturenofocus>Button-Menu-NoFocus.png</texturenofocus>
		<font>menubutton</font>
		<align>center</align>
		<aligny>center</aligny>
		<include>focusedcolor</include>
		<include>FX-Button</include>
	</control>
	<control type="button" id="3083">
		<description>chat tab</description>
		<posx>388</posx>
		<posy>80</posy>
		<height>30</height>
		<width>110</width>
		<label>15026</label>
		<texturefocus>Button-Menu.png</texturefocus>
		<texturenofocus>Button-Menu-NoFocus.png</texturenofocus>
		<font>menubutton</font>
		<align>center</align>
		<aligny>center</aligny>
		<include>focusedcolor</include>
		<include>FX-Button</include>
	</control>

	<control type="button" id="3012">
		<description>Mode Button</description>
		<posx>67</posx>
		<posy>120</posy>
		<onleft>3012</onleft>
		<onright>3031</onright>
		<onup>3015</onup>
		<ondown>3013</ondown>
		<include>common-fade</include>
	</control>
	<control type="button" id="3013">
		<description>Join (Friends)</description>
		<posx>67</posx>
		<posy>157</posy>
		<onleft>3013</onleft>
		<onright>3031</onright>
		<onup>3012</onup>
		<ondown>3016</ondown>
		<include>common-fade</include>
	</control>
	<control type="button" id="3016">
		<description>Speex (Friends)</description>
		<posx>67</posx>
		<posy>194</posy>
		<onleft>3016</onleft>
		<onright>3031</onright>
		<onup>3013</onup>
		<ondown>3014</ondown>
		<include>common-fade</include>
	</control>
	<control type="button" id="3014">
		<description>Invite (Friends)</description>
		<posx>67</posx>
		<posy>231</posy>
		<onleft>3014</onleft>
		<onright>3031</onright>
		<onup>3016</onup>
		<ondown>3015</ondown>
		<include>common-fade</include>
	</control>
	<control type="button" id="3015">
		<description>Remove (Friends)</description>
		<posx>67</posx>
		<posy>268</posy>
		<onleft>3015</onleft>
		<onright>3031</onright>
		<onup>3014</onup>
		<ondown>3012</ondown>
		<include>common-fade</include>
	</control>
	<control type="image" id="3076">
		<description>Chat Panel</description>
		<posx>213</posx>
		<posy>96</posy>
		<width>505</width>
		<height>452</height>
		<texture>panel2.png</texture>
		<include>common-fade</include>
	</control>
	<control type="console" id="3074">
		<description>Console control</description>
		<posx>239</posx>
		<posy>194</posy>
		<width>390</width>
		<height>265</height>
		<font>font12</font>
		<include>textcolorlightgrey</include>
		<!-- normal  (pen0) -->
		<textcolor2>FFF2B466</textcolor2>
		<!-- action  (pen1) -->
		<titlecolor>FFA4FFAE</titlecolor>
		<!-- system  (pen2) -->
		<selectedcolor>FFF3FB6B</selectedcolor>
		<!-- private (pen3) -->
		<onleft>3074</onleft>
		<onright>3074</onright>
		<onup>3074</onup>
		<ondown>3074</ondown>
		<include>common-fade</include>
	</control>
	<control type="edit" id="3075">
		<description>Edit control</description>
		<posx>239</posx>
		<posy>463</posy>
		<width>390</width>
		<label>-</label>
		<font>font12</font>
		<include>common-fade</include>
	</control>
	<control type="button" id="3036">
		<description>Keyboard (chat)</description>
		<posx>67</posx>
		<posy>157</posy>
		<onleft>3036</onleft>
		<onright>3036</onright>
		<onup>3012</onup>
		<ondown>3012</ondown>
		<include>common-fade</include>
	</control>
	<control type="button" id="3033">
		<description>Play (Arenas)</description>
		<posx>67</posx>
		<posy>157</posy>
		<onleft>3033</onleft>
		<onright>3031</onright>
		<onup>3012</onup>
		<ondown>3035</ondown>
		<include>common-fade</include>
	</control>
	<control type="button" id="3035">
		<description>Host (Arenas)</description>
		<posx>67</posx>
		<posy>194</posy>
		<onleft>3035</onleft>
		<onright>3031</onright>
		<onup>3033</onup>
		<ondown>3034</ondown>
		<include>common-fade</include>
	</control>
	<control type="button" id="3034">
		<description>Add (Arenas)</description>
		<posx>67</posx>
		<posy>231</posy>
		<onleft>3034</onleft>
		<onright>3031</onright>
		<onup>3035</onup>
		<ondown>3012</ondown>
		<include>common-fade</include>
	</control>
	<control type="image" id="3064">
		<description>My avatar icon</description>
		<posx>79</posx>
		<posy>345</posy>
		<width>61</width>
		<height>61</height>
		<texture>buddyitem-default-avatar.png</texture>
		<colorkey>FFFF00FF</colorkey>
		<colordiffuse>BBFFFFFF</colordiffuse>
		<include>common-fade</include>
	</control>
	<control type="button" id="3051">
		<description>Username</description>
		<posx>63</posx>
		<posy>418</posy>
		<width>122</width>
		<align>center</align>
		<label>-</label>
		<font>font10</font>
		<texturefocus>-</texturefocus>
		<texturenofocus>-</texturenofocus>
		<include>common-fade</include>
	</control>
	<control type="button" id="3052">
		<description>Arena Name</description>
		<posx>267</posx>
		<posy>153</posy>
		<width>340</width>
		<label>-</label>
		<font>font10</font>
		<align>center</align>
		<texturefocus>-</texturefocus>
		<texturenofocus>-</texturenofocus>
		<include>common-fade</include>
	</control>
	<control type="image" id="3060">
		<description>Buddy (offline) icon</description>
		<posx>288</posx>
		<posy>440</posy>
		<width>59</width>
		<height>59</height>
		<texture>buddy-offline.png</texture>
		<colorkey>FFFF00FF</colorkey>
		<colordiffuse>AAFFFFFF</colordiffuse>
		<include>common-fade</include>
	</control>
	<control type="image" id="3061">
		<description>Buddy (online) icon</description>
		<posx>288</posx>
		<posy>440</posy>
		<width>59</width>
		<height>59</height>
		<texture>buddy-online.png</texture>
		<colorkey>FFFF00FF</colorkey>
		<colordiffuse>BBFFFFFF</colordiffuse>
		<include>common-fade</include>
	</control>
	<control type="image" id="3062">
		<description>Opponent icon</description>
		<posx>288</posx>
		<posy>440</posy>
		<width>59</width>
		<height>59</height>
		<texture>opponent.png</texture>
		<colorkey>FFFF00FF</colorkey>
		<colordiffuse>BBFFFFFF</colordiffuse>
		<include>common-fade</include>
	</control>
	<control type="image" id="3063">
		<description>Arena icon</description>
		<posx>288</posx>
		<posy>440</posy>
		<width>59</width>
		<height>59</height>
		<texture>arena.png</texture>
		<colorkey>FFFF00FF</colorkey>
		<colordiffuse>BBFFFFFF</colordiffuse>
		<include>common-fade</include>
	</control>
	<control type="fadelabel" id="3070">
		<description>Buddy Name</description>
		<posx>368</posx>
		<posy>445</posy>
		<width>212</width>
		<label>-</label>
		<font>font13</font>
		<include>common-fade</include>
	</control>
	<control type="fadelabel" id="3071">
		<description>Buddy Status</description>
		<posx>368</posx>
		<posy>472</posy>
		<width>212</width>
		<label>-</label>
		<font>font10</font>
		<include>common-fade</include>
	</control>
	<control type="label" id="3072">
		<description>Buddy Invitation Status</description>
		<posx>360</posx>
		<posy>500</posy>
		<width>50</width>
		<label>-</label>
		<font>font13</font>
		<include>common-fade</include>
	</control>
	<control type="label" id="3073">
		<description>Player Count</description>
		<posx>596</posx>
		<posy>180</posy>
		<label>-</label>
		<font>font13</font>
		<include>common-fade</include>
	</control>

	<include>Black-Overlay</include>
	<include>Lines</include>
	</controls>
</window>