<window id="20">
	<defaultcontrol>50</defaultcontrol>
	<allowoverlay>yes</allowoverlay>
	<controls>
	<include>Background</include>
	<include>Black-Panel</include>
	<include>Menu-Time</include>
	<include>Window-Files</include>

	<control>
		<description>Title Label</description>
		<label>247</label>
		<include>Window-Title</include>
	</control>

	<control type="group">
		<control type="button" id="2">
			<description>View As button</description>
			<posx>58</posx>
			<posy>80</posy>
			<height>30</height>
			<width>110</width>
			<label>100</label>
			<texturefocus>Button-Menu.png</texturefocus>
			<texturenofocus>Button-Menu-NoFocus.png</texturenofocus>
			<font>menubutton</font>
			<shadowcolor>black</shadowcolor>
			<onleft>3</onleft>
			<onright>3</onright>
			<onup>51</onup>
			<ondown>51</ondown>
			<include>focusedcolor</include>
			<include>FX-Button</include>
		</control>
		<control type="button" id="3">
			<description>Sort by button</description>
			<posx>168</posx>
			<posy>80</posy>
			<height>30</height>
			<width>110</width>
			<label>103</label>
			<texturefocus>Button-Menu.png</texturefocus>
			<texturenofocus>Button-Menu-NoFocus.png</texturenofocus>
			<font>menubutton</font>
			<shadowcolor>black</shadowcolor>
			<onleft>2</onleft>
			<onright>4</onright>
			<onup>51</onup>
			<ondown>51</ondown>
			<include>focusedcolor</include>
			<include>FX-Button</include>
		</control>
		<control type="togglebutton" id="4">
			<description>Sort asc</description>
			<posx>265</posx>
			<posy>90</posy>
			<label>-</label>
			<onleft>3</onleft>
			<onright>2</onright>
			<onup>51</onup>
			<ondown>51</ondown>
			<include>FX-Button</include>
		</control>
	</control>

	<include>Common_List</include>
	<include>Common_List_X</include>
	<include>Common_BigList</include>
	<include>Common_Icon</include>
	<include>Common_Icon2</include>
	<include>Common_BigIcon</include>
	<include>Common_BigIcon2</include>
	<include>Common_3D_Cover_I</include>

	<include>Black-Overlay</include>
	<include>Lines</include>
	</controls>
</window>