<window id="28">
	<defaultcontrol>50</defaultcontrol>
	<allowoverlay>yes</allowoverlay>
	<controls>
	<include>Background</include>
	<include>Black-Panel</include>
	<include>Menu-Time</include>
	<include>Window-Files</include>

	<control>
		<description>Title Label</description>
		<label>136</label>
		<include>Window-Title</include>
	</control>

	<control type="group">
		<control type="button" id="2">
			<description>View As button</description>
			<posx>58</posx>
			<posy>80</posy>
			<height>30</height>
			<width>110</width>
			<label>100</label>
			<texturefocus>Button-Menu.png</texturefocus>
			<texturenofocus>Button-Menu-NoFocus.png</texturenofocus>
			<font>menubutton</font>
			<shadowcolor>black</shadowcolor>
			<onleft>22</onleft>
			<onright>20</onright>
			<onup>51</onup>
			<ondown>51</ondown>
			<include>focusedcolor</include>
			<include>FX-Button</include>
		</control>
		<control type="radiobutton" id="20">
			<description>Shuffle button</description>
			<posx>168</posx>
			<posy>80</posy>
			<height>30</height>
			<width>110</width>
			<label>191</label>
			<texturefocus>Button-Menu.png</texturefocus>
			<texturenofocus>Button-Menu-NoFocus.png</texturenofocus>
			<font>menubutton</font>
			<shadowcolor>black</shadowcolor>
			<onleft>2</onleft>
			<onright>26</onright>
			<onup>51</onup>
			<ondown>51</ondown>
			<include>focusedcolor</include>
			<include>FX-Button</include>
		</control>
		<control type="button" id="26">
			<description>Repeat button</description>
			<posx>278</posx>
			<posy>80</posy>
			<height>30</height>
			<width>110</width>
			<texturefocus>Button-Menu.png</texturefocus>
			<texturenofocus>Button-Menu-NoFocus.png</texturenofocus>
			<font>menubutton</font>
			<shadowcolor>black</shadowcolor>
			<onleft>20</onleft>
			<onright>21</onright>
			<onup>51</onup>
			<ondown>51</ondown>
			<include>focusedcolor</include>
			<include>FX-Button</include>
		</control>
		<control type="button" id="21">
			<description>Save button</description>
			<posx>388</posx>
			<posy>80</posy>
			<height>30</height>
			<width>110</width>
			<label>190</label>
			<texturefocus>Button-Menu.png</texturefocus>
			<texturenofocus>Button-Menu-NoFocus.png</texturenofocus>
			<font>menubutton</font>
			<shadowcolor>black</shadowcolor>
			<onleft>26</onleft>
			<onright>22</onright>
			<onup>51</onup>
			<ondown>51</ondown>
			<include>focusedcolor</include>
			<include>FX-Button</include>
		</control>
		<control type="button" id="22">
			<description>Clear button</description>
			<posx>498</posx>
			<posy>80</posy>
			<height>30</height>
			<width>110</width>
			<label>192</label>
			<texturefocus>Button-Menu.png</texturefocus>
			<texturenofocus>Button-Menu-NoFocus.png</texturenofocus>
			<font>menubutton</font>
			<shadowcolor>black</shadowcolor>
			<onleft>21</onleft>
			<onright>2</onright>
			<onup>51</onup>
			<ondown>51</ondown>
			<include>focusedcolor</include>
			<include>FX-Button</include>
		</control>
	</control>

	<include>Common_List</include>
	<include>Common_List_X</include>
	<include>Common_BigList</include>
	<include>Common_Icon</include>
	<include>Common_Icon2</include>
	<include>Common_BigIcon</include>
	<include>Common_BigIcon2</include>
	<include>Common_3D_Cover_I</include>

	<include>Black-Overlay</include>
	<include>Lines</include>
	</controls>
</window>