<window id="7">
	<defaultcontrol>9000</defaultcontrol>
	<allowoverlay>yes</allowoverlay>
	<controls>
	<include>Background</include>
	<include>Black-Panel</include>
	<include>Menu-Time</include>

	<control>
		<description>Title Label</description>
		<label>130</label>
		<include>Window-Title</include>
	</control>

	<control type="grouplist" id="9000">
		<buttongap>0</buttongap>
		<posx>58</posx>
		<posy>80</posy>
		<width>550</width>
		<height>30</height>
		<scrollspeed>2</scrollspeed>
		<orientation>horizontal</orientation>
		<onup>9000</onup>
		<ondown>9000</ondown>
		<include>FX-Button</include>
		<control type="button" id="100">
			<description>Button Default Values</description>
			<height>30</height>
			<width>110</width>
			<label>13278</label>
			<texturefocus>Button-Menu.png</texturefocus>
			<texturenofocus>Button-Menu-NoFocus.png</texturenofocus>
			<font>menubutton</font>
			<shadowcolor>black</shadowcolor>
			<align>Left</align>
			<include>focusedcolor</include>
		</control>
		<control type="button" id="101">
			<description>Button Storage</description>
			<height>30</height>
			<width>110</width>
			<label>13277</label>
			<texturefocus>Button-Menu.png</texturefocus>
			<texturenofocus>Button-Menu-NoFocus.png</texturenofocus>
			<font>menubutton</font>
			<shadowcolor>black</shadowcolor>
			<align>Left</align>
			<include>focusedcolor</include>
		</control>
		<control type="button" id="102">
			<description>Button HDD</description>
			<height>30</height>
			<width>110</width>
			<label>13275</label>
			<texturefocus>Button-Menu.png</texturefocus>
			<texturenofocus>Button-Menu-NoFocus.png</texturenofocus>
			<font>menubutton</font>
			<shadowcolor>black</shadowcolor>
			<align>Left</align>
			<include>focusedcolor</include>
		</control>
		<control type="button" id="103">
			<description>Button DVD</description>
			<height>30</height>
			<width>110</width>
			<label>13276</label>
			<texturefocus>Button-Menu.png</texturefocus>
			<texturenofocus>Button-Menu-NoFocus.png</texturenofocus>
			<font>menubutton</font>
			<shadowcolor>black</shadowcolor>
			<align>Left</align>
			<include>focusedcolor</include>
		</control>
		<control type="button" id="104">
			<description>Button Network</description>
			<height>30</height>
			<width>110</width>
			<label>13279</label>
			<texturefocus>Button-Menu.png</texturefocus>
			<texturenofocus>Button-Menu-NoFocus.png</texturenofocus>
			<font>menubutton</font>
			<shadowcolor>black</shadowcolor>
			<align>Left</align>
			<include>focusedcolor</include>
		</control>
		<control type="button" id="105">
			<description>Button VIDEO</description>
			<height>30</height>
			<width>110</width>
			<label>13280</label>
			<texturefocus>Button-Menu.png</texturefocus>
			<texturenofocus>Button-Menu-NoFocus.png</texturenofocus>
			<font>menubutton</font>
			<shadowcolor>black</shadowcolor>
			<align>Left</align>
			<include>focusedcolor</include>
		</control>
		<control type="button" id="106">
			<description>Button XBOX Hardware</description>
			<height>30</height>
			<width>110</width>
			<label>13281</label>
			<texturefocus>Button-Menu.png</texturefocus>
			<texturenofocus>Button-Menu-NoFocus.png</texturenofocus>
			<font>menubutton</font>
			<shadowcolor>black</shadowcolor>
			<align>Left</align>
			<include>focusedcolor</include>
		</control>
	</control>

	<control type="group">
		<description>Default Contents</description>
		<include>common-fade-quick</include>
		<visible>ControlGroup(9000).HasFocus(100)</visible>
		<control type="label">
			<description>Section Label</description>
			<posx>70</posx>
			<posy>115</posy>
			<font>font13</font>
			<label>20154</label>
			<shadowcolor>black</shadowcolor>
		</control>
		<control type="label">
			<description>Label 2</description>
			<posx>70</posx>
			<posy>145</posy>
			<label>$LOCALIZE[13271] $INFO[system.cpuusage]</label>
			<font>font13</font>
			<shadowcolor>black</shadowcolor>
		</control>
		<control type="progress">
			<description>bar diagram cpu usage</description>
			<info>bar.cpuusage</info>
			<visible>true</visible>
			<posx>70</posx>
			<posy>173</posy>
			<width>490</width>
			<height>9</height>
			<lefttexture>-</lefttexture>
			<midtexture>Progress-Mid.png</midtexture>
			<righttexture>-</righttexture>
			<overlaytexture border="10,0,10,0">Progress-Overlay.png</overlaytexture>
		</control>
		<control type="label">
			<description>Label 3</description>
			<posx>70</posx>
			<posy>188</posy>
			<label>$LOCALIZE[139] $LOCALIZE[22011] $INFO[system.cputemperature]  -  $LOCALIZE[22010] $INFO[system.gputemperature]</label>
			<font>font13</font>
			<shadowcolor>black</shadowcolor>
		</control>
		<control type="label">
			<description>Label 4</description>
			<posx>70</posx>
			<posy>216</posy>
			<label>$LOCALIZE[13300]: $INFO[system.fanspeed]</label>
			<font>font13</font>
			<shadowcolor>black</shadowcolor>
		</control>
		<control type="label">
			<description>Label 5</description>
			<posx>70</posx>
			<posy>248</posy>
			<label>$LOCALIZE[158] : $LOCALIZE[20161]: $INFO[system.freememory]</label>
			<font>font13</font>
			<shadowcolor>black</shadowcolor>
		</control>
		<control type="label">
			<description>Label 5</description>
			<posx>560</posx>
			<posy>248</posy>
			<align>right</align>
			<label>$LOCALIZE[20161] : $INFO[system.memory(total)]</label>
			<font>font13</font>
			<shadowcolor>black</shadowcolor>
		</control>
		<control type="progress">
			<description>bar diagram free memory</description>
			<info>bar.freememory</info>
			<visible>true</visible>
			<posx>70</posx>
			<posy>272</posy>
			<width>490</width>
			<height>9</height>
			<lefttexture>-</lefttexture>
			<midtexture>Progress-Mid.png</midtexture>
			<righttexture>-</righttexture>
			<overlaytexture border="10,0,10,0">Progress-Overlay.png</overlaytexture>
		</control>
		<control type="label">
			<description>Label 6</description>
			<posx>70</posx>
			<posy>282</posy>
			<label>$LOCALIZE[150]: $INFO[Network.IPAddress]</label>
			<font>font13</font>
			<shadowcolor>black</shadowcolor>
		</control>
		<control type="label">
			<description>Label 7</description>
			<posx>70</posx>
			<posy>315</posy>
			<label>$LOCALIZE[13287] $INFO[system.screenresolution]</label>
			<font>font13</font>
			<shadowcolor>black</shadowcolor>
		</control>
		<control type="label">
			<description>Label 8</description>
			<posx>70</posx>
			<posy>343</posy>
			<label>$LOCALIZE[13283] $INFO[system.kernelversion]</label>
			<font>font13</font>
			<shadowcolor>black</shadowcolor>
		</control>
		<control type="label">
			<description>Label 9</description>
			<posx>70</posx>
			<posy>371</posy>
			<label>$LOCALIZE[12390]: $INFO[system.uptime]</label>
			<font>font13</font>
			<shadowcolor>black</shadowcolor>
		</control>
		<control type="label">
			<description>Label 10</description>
			<posx>70</posx>
			<posy>399</posy>
			<label>$LOCALIZE[12394]: $INFO[system.totaluptime]</label>
			<font>font13</font>
			<shadowcolor>black</shadowcolor>
		</control>
	</control>

	<control type="group">
		<description>Storage Contents</description>
		<include>common-fade-quick</include>
		<visible>ControlGroup(9000).HasFocus(101)</visible>
		<control type="label">
			<description>Section Label</description>
			<posx>70</posx>
			<posy>115</posy>
			<font>font13</font>
			<label>20155</label>
			<shadowcolor>black</shadowcolor>
		</control>
		<control type="label">
			<description>Label 2</description>
			<posx>70</posx>
			<posy>145</posy>
			<label>$INFO[system.dvdtraystate]</label>
			<font>font13</font>
			<shadowcolor>black</shadowcolor>
		</control>
		<control type="label">
			<description>Label 3</description>
			<posx>70</posx>
			<posy>173</posy>
			<label>$INFO[system.freespace(c)]</label>
			<font>font13</font>
			<shadowcolor>black</shadowcolor>
		</control>
		<control type="label">
			<description>Label 3</description>
			<posx>560</posx>
			<posy>173</posy>
			<align>right</align>
			<label>$INFO[system.totalspace(c)]</label>
			<font>font13</font>
			<shadowcolor>black</shadowcolor>
		</control>
		<control type="progress">
			<description>bar Free Space c:</description>
			<info>bar.freespace(c)</info>
			<visible>true</visible>
			<posx>70</posx>
			<posy>199</posy>
			<width>490</width>
			<height>9</height>
			<lefttexture>-</lefttexture>
			<midtexture>Progress-Mid.png</midtexture>
			<righttexture>-</righttexture>
			<overlaytexture border="10,0,10,0">Progress-Overlay.png</overlaytexture>
		</control>
		<control type="label">
			<description>Label 4</description>
			<posx>70</posx>
			<posy>211</posy>
			<label>$INFO[system.freespace(e)]</label>
			<font>font13</font>
			<shadowcolor>black</shadowcolor>
		</control>
		<control type="label">
			<description>Label 4</description>
			<posx>560</posx>
			<posy>211</posy>
			<align>right</align>
			<label>$INFO[system.totalspace(e)]</label>
			<font>font13</font>
			<shadowcolor>black</shadowcolor>
		</control>
		<control type="progress">
			<description>bar Free Space e:</description>
			<info>bar.freespace(e)</info>
			<visible>true</visible>
			<posx>70</posx>
			<posy>237</posy>
			<width>490</width>
			<height>9</height>
			<lefttexture>-</lefttexture>
			<midtexture>Progress-Mid.png</midtexture>
			<righttexture>-</righttexture>
			<overlaytexture border="10,0,10,0">Progress-Overlay.png</overlaytexture>
		</control>
		<control type="group">
			<visible>System.HasDriveF</visible>
			<control type="label">
				<description>Label 5</description>
				<posx>70</posx>
				<posy>249</posy>
				<label>$INFO[system.freespace(f)]</label>
				<font>font13</font>
				<shadowcolor>black</shadowcolor>
			</control>
			<control type="label">
				<description>Label 5</description>
				<posx>560</posx>
				<posy>249</posy>
				<align>right</align>
				<label>$INFO[system.totalspace(f)]</label>
				<font>font13</font>
				<shadowcolor>black</shadowcolor>
			</control>
			<control type="progress">
				<description>bar Free Space f:</description>
				<info>bar.freespace(f)</info>
				<visible>true</visible>
				<posx>70</posx>
				<posy>275</posy>
				<width>490</width>
				<height>9</height>
				<lefttexture>-</lefttexture>
				<midtexture>Progress-Mid.png</midtexture>
				<righttexture>-</righttexture>
				<overlaytexture border="10,0,10,0">Progress-Overlay.png</overlaytexture>
			</control>
		</control>
		<control type="group">
			<visible>System.HasDriveG</visible>
			<control type="label">
				<description>Label 6</description>
				<posx>70</posx>
				<posy>287</posy>
				<label>$INFO[system.freespace(g)]</label>
				<font>font13</font>
				<shadowcolor>black</shadowcolor>
			</control>
			<control type="label">
				<description>Label 10</description>
				<posx>560</posx>
				<posy>287</posy>
				<align>right</align>
				<label>$INFO[system.totalspace(g)]</label>
				<font>font13</font>
				<shadowcolor>black</shadowcolor>
			</control>
			<control type="progress">
				<description>bar Free Space g:</description>
				<info>bar.freespace(g)</info>
				<visible>true</visible>
				<posx>70</posx>
				<posy>313</posy>
				<width>490</width>
				<height>9</height>
				<lefttexture>-</lefttexture>
				<midtexture>Progress-Mid.png</midtexture>
				<righttexture>-</righttexture>
				<overlaytexture border="10,0,10,0">Progress-Overlay.png</overlaytexture>
			</control>
		</control>
		<control type="group">
			<animation effect="slide" time="0" end="0,-38" condition="!System.HasDriveF">conditional</animation>
			<animation effect="slide" time="0" end="0,-38" condition="!System.HasDriveG">conditional</animation>
			<control type="label">
				<description>Label 7</description>
				<posx>70</posx>
				<posy>325</posy>
				<label>$INFO[system.freespace(x)]</label>
				<font>font13</font>
				<shadowcolor>black</shadowcolor>
			</control>
			<control type="label">
				<description>Label 8</description>
				<posx>70</posx>
				<posy>353</posy>
				<label>$INFO[system.freespace(y)]</label>
				<font>font13</font>
				<shadowcolor>black</shadowcolor>
			</control>
			<control type="label">
				<description>Label 9</description>
				<posx>70</posx>
				<posy>381</posy>
				<label>$INFO[system.freespace(z)]</label>
				<font>font13</font>
				<shadowcolor>black</shadowcolor>
			</control>
			<control type="label">
				<description>Label 10</description>
				<posx>70</posx>
				<posy>409</posy>
				<label>$INFO[system.freespace]</label>
				<font>font13</font>
				<shadowcolor>black</shadowcolor>
			</control>
			<control type="label">
				<description>Label 10</description>
				<posx>560</posx>
				<posy>409</posy>
				<align>right</align>
				<label>$LOCALIZE[20161]: $INFO[system.totalspace]</label>
				<font>font13</font>
				<shadowcolor>black</shadowcolor>
			</control>
			<control type="progress">
				<description>bar Free Space Total</description>
				<info>bar.freespace</info>
				<visible>true</visible>
				<posx>70</posx>
				<posy>435</posy>
				<width>490</width>
				<height>9</height>
				<lefttexture>-</lefttexture>
				<midtexture>Progress-Mid.png</midtexture>
				<righttexture>-</righttexture>
				<overlaytexture border="10,0,10,0">Progress-Overlay.png</overlaytexture>
			</control>
		</control>
	</control>

	<control type="group">
		<description>HardDisk Contents</description>
		<include>common-fade-quick</include>
		<visible>ControlGroup(9000).HasFocus(102)</visible>
		<control type="label">
			<description>Section Label</description>
			<posx>70</posx>
			<posy>115</posy>
			<font>font13</font>
			<label>20156</label>
			<shadowcolor>black</shadowcolor>
		</control>
		<control type="label">
			<description>Label 2</description>
			<posx>70</posx>
			<posy>145</posy>
			<label>$INFO[system.hddinfomodel]</label>
			<font>font13</font>
			<shadowcolor>black</shadowcolor>
		</control>
		<control type="label">
			<description>Label 3</description>
			<posx>70</posx>
			<posy>173</posy>
			<label>$INFO[system.hddinfoserial]</label>
			<font>font13</font>
			<shadowcolor>black</shadowcolor>
		</control>
		<control type="label">
			<description>Label 4</description>
			<posx>70</posx>
			<posy>201</posy>
			<label>$INFO[system.hddinfofirmware]</label>
			<font>font13</font>
			<shadowcolor>black</shadowcolor>
		</control>
		<control type="label">
			<description>Label 5</description>
			<posx>70</posx>
			<posy>229</posy>
			<label>$INFO[system.hddinfopw]</label>
			<font>font13</font>
			<shadowcolor>black</shadowcolor>
		</control>
		<control type="label">
			<description>Label 6</description>
			<posx>70</posx>
			<posy>257</posy>
			<label>$INFO[system.hddinfolockstate]</label>
			<font>font13</font>
			<shadowcolor>black</shadowcolor>
		</control>
		<control type="label">
			<description>Label 7</description>
			<posx>70</posx>
			<posy>285</posy>
			<label>$INFO[system.hddlockkey]</label>
			<font>font13</font>
			<shadowcolor>black</shadowcolor>
		</control>
		<control type="label">
			<description>Label 8</description>
			<posx>70</posx>
			<posy>313</posy>
			<label>$INFO[system.hddbootdate]</label>
			<font>font13</font>
			<shadowcolor>black</shadowcolor>
		</control>
		<control type="label">
			<description>Label 9</description>
			<posx>70</posx>
			<posy>341</posy>
			<label>$INFO[system.hddcyclecount]</label>
			<font>font13</font>
			<shadowcolor>black</shadowcolor>
		</control>
		<control type="label">
			<description>Label 10</description>
			<posx>70</posx>
			<posy>369</posy>
			<label>$INFO[system.hddtemperature]</label>
			<font>font13</font>
			<shadowcolor>black</shadowcolor>
		</control>
	</control>

	<control type="group">
		<description>DVD-ROM Contents</description>
		<include>common-fade-quick</include>
		<visible>ControlGroup(9000).HasFocus(103)</visible>
		<control type="label">
			<description>Section Label</description>
			<posx>70</posx>
			<posy>115</posy>
			<font>font13</font>
			<label>20157</label>
			<shadowcolor>black</shadowcolor>
		</control>
		<control type="label">
			<description>Label 2</description>
			<posx>70</posx>
			<posy>145</posy>
			<label>$INFO[system.dvdinfomodel]</label>
			<font>font13</font>
			<shadowcolor>black</shadowcolor>
		</control>
		<control type="label">
			<description>Label 3</description>
			<posx>70</posx>
			<posy>173</posy>
			<label>$INFO[system.dvdinfofirmware]</label>
			<font>font13</font>
			<shadowcolor>black</shadowcolor>
		</control>
		<control type="label">
			<description>Label 4</description>
			<posx>70</posx>
			<posy>201</posy>
			<label>$INFO[system.dvdzone]</label>
			<font>font13</font>
			<shadowcolor>black</shadowcolor>
		</control>
		<control type="label">
			<description>Label 5</description>
			<posx>70</posx>
			<posy>229</posy>
			<label>$INFO[system.dvdtraystate]</label>
			<font>font13</font>
			<shadowcolor>black</shadowcolor>
		</control>
	</control>

	<control type="group">
		<description>Network Contents</description>
		<include>common-fade-quick</include>
			<visible>ControlGroup(9000).HasFocus(104)</visible>
		<control type="label">
			<description>Section Label</description>
			<posx>70</posx>
			<posy>115</posy>
			<font>font13</font>
			<label>20158</label>
			<shadowcolor>black</shadowcolor>
		</control>
		<control type="label">
			<description>Label 2</description>
			<posx>70</posx>
			<posy>145</posy>
			<label>$INFO[network.isdhcp]</label>
			<font>font13</font>
			<shadowcolor>black</shadowcolor>
		</control>
		<control type="label">
			<description>Label 3</description>
			<posx>70</posx>
			<posy>173</posy>
			<label>$INFO[network.linkstate]</label>
			<font>font13</font>
			<shadowcolor>black</shadowcolor>
		</control>
		<control type="label">
			<description>Label 4</description>
			<posx>70</posx>
			<posy>201</posy>
			<label>$INFO[network.macadress]</label>
			<font>font13</font>
			<shadowcolor>black</shadowcolor>
		</control>
		<control type="label">
			<description>Label 5</description>
			<posx>70</posx>
			<posy>229</posy>
			<label>$LOCALIZE[150]: $INFO[network.ipaddress]</label>
			<font>font13</font>
			<shadowcolor>black</shadowcolor>
		</control>
		<control type="label">
			<description>Label 6</description>
			<posx>70</posx>
			<posy>257</posy>
			<label>$INFO[network.subetadress]</label>
			<font>font13</font>
			<shadowcolor>black</shadowcolor>
		</control>
		<control type="label">
			<description>Label 7</description>
			<posx>70</posx>
			<posy>285</posy>
			<label>$LOCALIZE[13160]: $INFO[network.gatewayadress]</label>
			<font>font13</font>
			<shadowcolor>black</shadowcolor>
		</control>
		<control type="label">
			<description>Label 8</description>
			<posx>70</posx>
			<posy>313</posy>
			<label>$LOCALIZE[13161]: $INFO[network.dns1adress]</label>
			<font>font13</font>
			<shadowcolor>black</shadowcolor>
		</control>
		<control type="label">
			<description>Label 9</description>
			<posx>70</posx>
			<posy>341</posy>
			<label>$LOCALIZE[20307]: $INFO[network.dns2adress]</label>
			<font>font13</font>
			<shadowcolor>black</shadowcolor>
		</control>
		<control type="label">
			<description>Label 10</description>
			<posx>70</posx>
			<posy>368</posy>
			<label>$LOCALIZE[13295] $INFO[system.internetstate]</label>
			<font>font13</font>
			<shadowcolor>black</shadowcolor>
		</control>
	</control>

	<control type="group">
		<description>Video Contents</description>
		<include>common-fade-quick</include>
		<visible>ControlGroup(9000).HasFocus(105)</visible>
		<control type="label">
			<description>Section Label</description>
			<posx>70</posx>
			<posy>115</posy>
			<font>font13</font>
			<label>20159</label>
			<shadowcolor>black</shadowcolor>
		</control>
		<control type="label">
			<description>Label 2</description>
			<posx>70</posx>
			<posy>145</posy>
			<label>$INFO[system.videoencoderinfo]</label>
			<font>font13</font>
			<shadowcolor>black</shadowcolor>
		</control>
		<control type="label">
			<description>Label 3</description>
			<posx>70</posx>
			<posy>173</posy>
			<label>$LOCALIZE[13287] $INFO[system.screenresolution]</label>
			<font>font13</font>
			<shadowcolor>black</shadowcolor>
		</control>
		<control type="label">
			<description>Label 4</description>
			<posx>70</posx>
			<posy>201</posy>
			<label>$INFO[system.avpackinfo]</label>
			<font>font13</font>
			<shadowcolor>black</shadowcolor>
		</control>
		<control type="label">
			<description>Label 5</description>
			<posx>70</posx>
			<posy>229</posy>
			<label>$INFO[system.xberegion]</label>
			<font>font13</font>
			<shadowcolor>black</shadowcolor>
		</control>
	</control>

	<control type="group">
		<description>Hardware Contents</description>
		<include>common-fade-quick</include>
		<visible>ControlGroup(9000).HasFocus(106)</visible>
		<control type="label">
			<description>Section Label</description>
			<posx>70</posx>
			<posy>115</posy>
			<font>font13</font>
			<label>20160</label>
			<shadowcolor>black</shadowcolor>
		</control>
		<control type="label">
			<description>Label 2</description>
			<posx>70</posx>
			<posy>145</posy>
			<label>$INFO[system.xboxversion]</label>
			<font>font13</font>
			<shadowcolor>black</shadowcolor>
		</control>
		<control type="label">
			<description>Label 3</description>
			<posx>70</posx>
			<posy>173</posy>
			<label>$INFO[system.xboxserial]</label>
			<font>font13</font>
			<shadowcolor>black</shadowcolor>
		</control>
		<control type="label">
			<description>Label 4</description>
			<posx>70</posx>
			<posy>201</posy>
			<label>$LOCALIZE[13284] $INFO[system.cpufrequency]</label>
			<font>font13</font>
			<shadowcolor>black</shadowcolor>
		</control>
		<control type="label">
			<description>Label 5</description>
			<posx>70</posx>
			<posy>229</posy>
			<label>$INFO[system.modchip]</label>
			<font>font13</font>
			<shadowcolor>black</shadowcolor>
		</control>
		<control type="label">
			<description>Label 6</description>
			<posx>70</posx>
			<posy>257</posy>
			<label>$INFO[system.bios]</label>
			<font>font13</font>
			<shadowcolor>black</shadowcolor>
		</control>
		<control type="label">
			<description>Label 7</description>
			<posx>70</posx>
			<posy>285</posy>
			<label>$INFO[system.xboxproduceinfo]</label>
			<font>font13</font>
			<shadowcolor>black</shadowcolor>
		</control>
		<control type="label">
			<description>Label 8</description>
			<posx>70</posx>
			<posy>313</posy>
			<label>$INFO[system.controllerport(1)]</label>
			<font>font13</font>
			<shadowcolor>black</shadowcolor>
		</control>
		<control type="label">
			<description>Label 9</description>
			<posx>70</posx>
			<posy>341</posy>
			<label>$INFO[system.controllerport(2)]</label>
			<font>font13</font>
			<shadowcolor>black</shadowcolor>
		</control>
		<control type="label">
			<description>Label 10</description>
			<posx>70</posx>
			<posy>369</posy>
			<label>$INFO[system.controllerport(3)]</label>
			<font>font13</font>
			<shadowcolor>black</shadowcolor>
		</control>
		<control type="label">
			<description>Label 11</description>
			<posx>70</posx>
			<posy>397</posy>
			<label>$INFO[system.controllerport(4)]</label>
			<font>font13</font>
			<shadowcolor>black</shadowcolor>
		</control>
	</control>

	<control type="group">
		<description>Misc Values</description>
		<include>common-fade-quick</include>
		<control type="label" id="50">
			<description>Current Time</description>
			<posx>70</posx>
			<posy>465</posy>
			<label>143</label>
			<align>left</align>
			<font>font10</font>
			<shadowcolor>black</shadowcolor>
		</control>
		<control type="label" id="52">
			<description>XBMC XBE BUILD Version</description>
			<posx>360</posx>
			<posy>465</posy>
			<label>144</label>
			<align>center</align>
			<font>font10</font>
			<shadowcolor>black</shadowcolor>
		</control>
		<control type="label" id="53">
			<description>Mplayer DLL Version</description>
			<posx>650</posx>
			<posy>465</posy>
			<label>144</label>
			<align>right</align>
			<font>font10</font>
			<shadowcolor>black</shadowcolor>
		</control>
	</control>

	<control type="image" id="11">
		<description>separator image</description>
		<posx>70</posx>
		<posy>140</posy>
		<width>580</width>
		<height>2</height>
		<texture border="10,0,10,0">Settings-Divider.png</texture>
		<colordiffuse>80ffffff</colordiffuse>
		<include>common-fade-quick</include>
	</control>
	<control type="image" id="11">
		<description>separator image</description>
		<posx>70</posx>
		<posy>460</posy>
		<width>580</width>
		<height>2</height>
		<texture border="10,0,10,0">Settings-Divider.png</texture>
		<colordiffuse>80ffffff</colordiffuse>
		<include>common-fade-quick</include>
	</control>

	<include>Black-Overlay</include>
	<include>Lines</include>
	</controls>
</window>