<window id="125">
	<defaultcontrol>2</defaultcontrol>
	<coordinates>
	<system>1</system>
	<posx>0</posx>
	<posy>0</posy>
	</coordinates>
	<controls>
	<include>Black-Panel</include>

	<control type="label" id="0">
		<description>Settings Label</description>
		<posx>150</posx>
		<posy>60</posy>
		<width>420</width>
		<label>13398</label>
		<align>center</align>
		<font>special16</font>
		<shadowcolor>black</shadowcolor>
		<include>common-FX</include>
	</control>
	<control type="button" id="2">
		<description>Create Bookmark button</description>
		<posx>0</posx>
		<posy>320</posy>
		<width>197</width>
		<height>31</height>
		<font>font10</font>
		<textoffsetx>12</textoffsetx>
		<texturefocus>Button-Home.png</texturefocus>
		<texturenofocus>Button-List.png</texturenofocus>
		<aligny>center</aligny>
		<align>center</align>
		<label>294</label>
		<onleft>3</onleft>
		<onright>3</onright>
		<ondown>11</ondown>
		<onup>11</onup>
		<include>common-FX</include>
	</control>
	<control type="button" id="3">
		<description>Clear Bookmarks button</description>
		<posx>208</posx>
		<posy>320</posy>
		<width>197</width>
		<height>31</height>
		<font>font10</font>
		<texturefocus>Button-Home.png</texturefocus>
		<texturenofocus>Button-List.png</texturenofocus>
		<aligny>center</aligny>
		<align>center</align>
		<label>296</label>
		<onleft>2</onleft>
		<onright>2</onright>
		<ondown>11</ondown>
		<onup>11</onup>
		<include>common-FX</include>
	</control>
	<control type="thumbnailpanel" id="11">
		<description>Bookmarks thumbnail panel</description>
		<posx>0</posx>
		<posy>50</posy>
		<width>400</width>
		<height>300</height>
		<spinposx>350</spinposx>
		<spinposy>230</spinposy>
		<itemwidth>100</itemwidth> 
		<itemheight>110</itemheight>
		<texturewidth>90</texturewidth>
		<textureheight>80</textureheight>
		<thumbwidth>80</thumbwidth>
		<thumbheight>70</thumbheight>
		<thumbposx>5</thumbposx>
		<thumbposy>5</thumbposy>
		<onleft>2</onleft>
		<onright>3</onright>
		<ondown>2</ondown>
		<onup>2</onup>
		<include>common-FX</include>
	</control>

	<include>Lines</include>
	</controls>
</window>