<window>
	<id>123</id>
	<defaultcontrol>2</defaultcontrol>
	<coordinates>
	<system>1</system>
	<posx>0</posx>
	<posy>0</posy>
	</coordinates>
	<controls>
	<include>Black-Panel</include>

	<control type="label" id="2">
		<description>settings label</description>
		<posx>150</posx>
		<posy>60</posy>
		<width>420</width>
		<font>special16</font>
		<shadowcolor>black</shadowcolor>
		<align>center</align>
		<include>common-FX</include>
	</control>
	<control type="label" id="3">
		<description>no settings label</description>
		<posx>0</posx>
		<posy>170</posy>
		<width>408</width>
		<font>font12</font>
		<label>13390</label>
		<shadowcolor>black</shadowcolor>
		<align>center</align>
		<include>common-FX</include>
	</control>
	<control type="spincontrol" id="60">
		<description>next page button</description>
		<posx>371</posx>
		<posy>8</posy>
		<subtype>int</subtype>
		<font>font12</font>
		<onleft>60</onleft>
		<onright>60</onright>
		<ondown>2</ondown>
		<include>common-FX</include>
	</control>
	<control type="image" id="5">
		<description>control area</description>
		<posx>70</posx>
		<posy>120</posy>
		<width>570</width>
		<height>360</height>
		<texture>-</texture>
		<include>common-FX</include>
	</control>
	<control type="image" id="6">
		<description>control gap</description>
		<width>350</width>
		<height>31</height>
		<texture>-</texture>
		<include>common-FX</include>
	</control>
	<control type="button" id="7">
		<description>default button</description>
		<posx>530</posx>
		<posy>150</posy>
		<height>29</height>
		<font>font12</font>
		<textoffsetx>12</textoffsetx>
		<aligny>center</aligny>
		<texturefocus>Button-List.png</texturefocus>
		<texturenofocus>-</texturenofocus>
		<include>common-FX</include>
	</control>
	<control type="radiobutton" id="8">
		<description>default radiobutton</description>
		<posx>530</posx>
		<posy>150</posy>
		<height>31</height>
		<font>font12</font>
		<texturefocus>Button-List.png</texturefocus>
		<texturenofocus>-</texturenofocus>
		<textoffsetx>12</textoffsetx>
		<aligny>center</aligny>
		<textureradiofocus>settings-check-box.png</textureradiofocus>
		<textureradionofocus>settings-check-boxNF.png</textureradionofocus>
		<include>common-FX</include>
	</control>
	<control type="spincontrolex" id="9">
		<description>default spincontrolex</description>
		<posx>530</posx>
		<posy>150</posy>
		<height>31</height>
		<width>300</width>
		<texturefocus>Button-List.png</texturefocus>
		<texturenofocus>-</texturenofocus>
		<textureup>scroll-up.png</textureup>
		<texturedown>scroll-down.png</texturedown>
		<textureupfocus>scroll-up-focus.png</textureupfocus>
		<texturedownfocus>scroll-down-focus.png</texturedownfocus>
		<font>font12</font>
		<include>textcolorwhite</include>
		<disabledcolor>60d0d0d0</disabledcolor>
		<textoffsetx>12</textoffsetx>
		<aligny>center</aligny>
		<reverse>yes</reverse>
		<include>common-FX</include>
	</control>
	<control type="sliderex" id="10">
		<description>default slider</description>
		<posx>530</posx>
		<posy>150</posy>
		<height>31</height>
		<width>300</width>
		<texturefocus>Button-List.png</texturefocus>
		<texturenofocus>-</texturenofocus>
		<sliderwidth>100</sliderwidth>
		<sliderheight>20</sliderheight>
		<texturesliderbar>Progress-Back.png</texturesliderbar>
		<textureslidernib>osd_slider_nibnf.png</textureslidernib>
		<textureslidernibfocus>osd_slider_nibfo.png</textureslidernibfocus>
		<font>font12</font>
		<include>textcolorwhite</include>
		<disabledcolor>60d0d0d0</disabledcolor>
		<textoffsetx>12</textoffsetx>
		<include>common-FX</include>
	</control>
	<control type="image" id="11">
		<description>separator image</description>
		<width>350</width>
		<height>5</height>
		<texture>SeparatorOSD.png</texture>
		<include>common-FX</include>
	</control>

	<include>Lines</include>
	</controls>
</window>