<window id="122">
	<defaultcontrol>2</defaultcontrol>
	<coordinates>
	<system>1</system>
	<posx>0</posx>
	<posy>0</posy>
	</coordinates>
	<controls>
	<include>Black-Panel</include>

	<control type="label" id="3">
		<description>Presets Label</description>
		<posx>150</posx>
		<posy>60</posy>
		<width>420</width>
		<font>special16</font>
		<shadowcolor>black</shadowcolor>
		<align>center</align>
		<include>common-FX</include>
	</control>
	<control type="label" id="4">
		<description>No Presets Label</description>
		<posx>150</posx>
		<posy>260</posy>
		<width>420</width>
		<label>13389</label>
		<shadowcolor>black</shadowcolor>
		<align>center</align>
		<include>common-FX</include>
	</control>
	<control type="list" id="2">
		<description>Preset List</description>
		<posx>70</posx>
		<posy>120</posy>
		<width>570</width>
		<height>360</height>
		<onleft>90</onleft>
		<onright>90</onright>
		<onup>2</onup>
		<ondown>2</ondown>
		<pagecontrol>90</pagecontrol>
		<include>common-FX</include>
		<itemlayout height="27">
			<control type="label">
				<posx>5</posx>
				<posy>2</posy>
				<width>400</width>
				<height>16</height>
				<font>font13</font>
				<textcolor>white2</textcolor>
				<shadowcolor>black2</shadowcolor>
				<include>selectedcolor</include>
				<info>ListItem.Label</info>
				<colordiffuse>70ffffff</colordiffuse>
			</control>
		</itemlayout>
		<focusedlayout height="40">
			<control type="image">
				<width>569</width>
				<height>40</height>
				<posx>0</posx>
				<posy>0</posy>
				<texture border="50,0,50,0">Button-List-Fade-Focus.png</texture>
			</control>
			<control type="label">
				<posx>5</posx>
				<posy>8</posy>
				<width>370</width>
				<height>16</height>
				<font>font18</font>
				<textcolor>white</textcolor>
				<shadowcolor>black</shadowcolor>
				<include>selectedcolor</include>
				<scroll>true</scroll>
				<scrolltime>300</scrolltime>
				<info>ListItem.Label</info>
			</control>
 		</focusedlayout>
	</control>
	<control type="scrollbar" id="90">
		<posx>638</posx>
		<posy>115</posy>
		<width>20</width>
		<height>372</height>
		<texturesliderbackground>scrollbar_background.png</texturesliderbackground>
		<texturesliderbar border="3">scrollbar_bar.png</texturesliderbar>
		<texturesliderbarfocus border="3">scrollbar_bar_focus.png</texturesliderbarfocus>
		<textureslidernib>scrollbar_nib.png</textureslidernib>
		<textureslidernibfocus>scrollbar_nib_focus.png</textureslidernibfocus>
		<onleft>2</onleft>
		<onright>2</onright>
		<onup>2</onup>
		<ondown>2</ondown>
		<orientation>vertical</orientation>
		<include>FX-Button</include>
	</control>

	<include>Lines</include>
	</controls>
</window>