<fonts>
	<fontset id="Default" unicode="true">
		<font>
			<name>font13</name>
			<filename>TCM.ttf</filename>
			<size>19</size>
		</font>
		<font>
			<name>font14</name>
			<filename>TCM.ttf</filename>
			<size>20</size>
			<style>bold</style>
		</font>
		<font>
			<name>font14_NoBold</name>
			<filename>TCM.ttf</filename>
			<size>20</size>
		</font>
		<font>
			<name>font16</name>
			<filename>TCM.ttf</filename>
			<size>23</size>
			<bold>true</bold>
		</font>
		<font>
			<name>font18</name>
			<filename>TCM.ttf</filename>
			<size>25</size>
		</font>
		<font>
			<name>font20</name>
			<filename>TCM.ttf</filename>
			<size>28</size>
		</font>
		<font>
			<name>font22</name>
			<filename>TCM.ttf</filename>
			<size>30</size>
		</font>
	</fontset>
	<fontset id="Default_Big" unicode="true">
		<font>
			<name>font13</name>
			<filename>TCM.ttf</filename>
			<size>21</size>
		</font>
		<font>
			<name>font14</name>
			<filename>TCM.ttf</filename>
			<size>22</size>
			<style>bold</style>
		</font>
		<font>
			<name>font14_NoBold</name>
			<filename>TCM.ttf</filename>
			<size>22</size>
		</font>
		<font>
			<name>font16</name>
			<filename>TCM.ttf</filename>
			<size>25</size>
			<bold>true</bold>
		</font>
		<font>
			<name>font18</name>
			<filename>TCM.ttf</filename>
			<size>27</size>
		</font>
		<font>
			<name>font20</name>
			<filename>TCM.ttf</filename>
			<size>30</size>
		</font>
		<font>
			<name>font22</name>
			<filename>TCM.ttf</filename>
			<size>32</size>
		</font>
	</fontset>
	<fontset id="Arial" unicode="true">
		<font>
			<name>font13</name>
			<filename>Arial.ttf</filename>
			<size>19</size>
		</font>
		<font>
			<name>font14</name>
			<filename>Arial.ttf</filename>
			<size>20</size>
			<style>bold</style>
		</font>
		<font>
			<name>font14_NoBold</name>
			<filename>Arial.ttf</filename>
			<size>20</size>
		</font>
		<font>
			<name>font16</name>
			<filename>Arial.ttf</filename>
			<size>23</size>
			<bold>true</bold>
		</font>
		<font>
			<name>font18</name>
			<filename>Arial.ttf</filename>
			<size>25</size>
		</font>
		<font>
			<name>font20</name>
			<filename>Arial.ttf</filename>
			<size>28</size>
		</font>
		<font>
			<name>font22</name>
			<filename>Arial.ttf</filename>
			<size>30</size>
		</font>
	</fontset>
</fonts>