<window id="135">
	<defaultcontrol>10</defaultcontrol>
	<allowoverlay>no</allowoverlay>
	<include>common-fade</include>
	<coordinates>
		<system>1</system>
		<posx>0</posx>
		<posy>0</posy>
	</coordinates>
	<controls>
		<control type="image">
			<posx>63</posx>
			<posy>115</posy>
			<width>595</width>
			<height>372</height>
			<texture>Black.png</texture>
			<include>MenuBG</include>
			<visible>!Skin.HasSetting(Black-Panel)</visible>
		</control>

		<control type="image">
			<description>Album Cover image</description>
			<posx>99</posx>
			<posy>143</posy>
			<width>140</width>
			<height>200</height>
			<aspectratio aligny="bottom">stretch</aspectratio>
			<info>ListItem.Icon</info>
		</control>
		<control type="image">
			<description>Cover Overlay</description>
			<posx>73</posx>
			<posy>134</posy>
			<width>177</width>
			<height>228</height>
			<texture>Case.png</texture>
		</control>
		<control type="image">
			<description>Album Cover image</description>
			<posx>99</posx>
			<posy>350</posy>
			<width>140</width>
			<height>200</height>
			<texture flipy="true" diffuse="Thumb_Mask.png" /> 
			<aspectratio aligny="bottom">stretch</aspectratio>
			<info>ListItem.Icon</info>
		</control>
		<control type="image">
			<description>Cover Overlay</description>
			<posx>73</posx>
			<posy>332</posy>
			<width>177</width>
			<height>228</height>
			<texture flipy="true" diffuse="Thumb_Mask.png">Case.png</texture>
		</control>

		<control type="fadelabel">
			<description>Song Title value</description>
			<posx>260</posx>
			<posy>140</posy>
			<width>400</width>
			<font>special14</font>
			<shadowcolor>black</shadowcolor>
			<info>ListItem.Title</info>
		</control>
		<control type="label">
			<description>Artist Title</description>
			<posx>260</posx>
			<posy>175</posy>
			<width>300</width>
			<label>$LOCALIZE[557]:</label>
			<font>font14</font>
			<textcolor>white3</textcolor>
			<shadowcolor>black</shadowcolor>
		</control>
		<control type="fadelabel">
			<description>Artist value</description>
			<posx>360</posx>
			<posy>175</posy>
			<width>300</width>
			<info>ListItem.Artist</info>
			<font>font14</font>
			<textcolor>white2</textcolor>
			<shadowcolor>black</shadowcolor>
		</control>
		<control type="label">
			<description>Album Title</description>
			<posx>260</posx>
			<posy>200</posy>
			<width>300</width>
			<label>$LOCALIZE[558]:</label>
			<font>font14</font>
			<textcolor>white3</textcolor>
			<shadowcolor>black</shadowcolor>
		</control>
		<control type="fadelabel">
			<description>Album value</description>
			<posx>360</posx>
			<posy>200</posy>
			<width>300</width>
			<info>ListItem.Album</info>
			<font>font14</font>
			<textcolor>white2</textcolor>
			<shadowcolor>black</shadowcolor>
		</control>
		<control type="label">
			<description>Genre</description>
			<posx>260</posx>
			<posy>225</posy>
			<label>$LOCALIZE[515]:</label>
			<font>font14</font>
			<textcolor>white3</textcolor>
			<shadowcolor>black</shadowcolor>
		</control>
		<control type="fadelabel">
			<description>Genre value</description>
			<posx>360</posx>
			<posy>225</posy>
			<width>300</width>
			<info>ListItem.Genre</info>
			<font>font14</font>
			<textcolor>white2</textcolor>
			<shadowcolor>black</shadowcolor>
		</control>
		<control type="label">
			<description>Year</description>
			<posx>260</posx>
			<posy>250</posy>
			<label>$LOCALIZE[562]:</label>
			<font>font14</font>
			<textcolor>white3</textcolor>
			<shadowcolor>black</shadowcolor>
		</control>
		<control type="fadelabel">
			<description>year value</description>
			<posx>360</posx>
			<posy>250</posy>
			<width>210</width>
			<info>ListItem.Year</info>
			<font>font14</font>
			<textcolor>white2</textcolor>
			<shadowcolor>black</shadowcolor>
		</control>
		<control type="label">
			<description>Track Number</description>
			<posx>260</posx>
			<posy>275</posy>
			<label>$LOCALIZE[554] :</label>
			<font>font14</font>
			<textcolor>white3</textcolor>
			<shadowcolor>black</shadowcolor>
		</control>
		<control type="fadelabel">
			<description>Track Number value</description>
			<posx>360</posx>
			<posy>275</posy>
			<width>210</width>
			<font>font14</font>
			<info>ListItem.TrackNumber</info>
			<textcolor>white2</textcolor>
			<shadowcolor>black</shadowcolor>
		</control>
		<control type="label">
			<description>Bitrate</description>
			<posx>260</posx>
			<posy>300</posy>
			<label>Bitrate :</label>
			<font>font14</font>
			<textcolor>white3</textcolor>
			<shadowcolor>black</shadowcolor>
		</control>
		<control type="fadelabel">
			<description>Bitrate value</description>
			<posx>360</posx>
			<posy>300</posy>
			<width>210</width>
			<label>$INFO[MusicPlayer.BitRate] kbit</label>
			<font>font14</font>
			<textcolor>white2</textcolor>
			<shadowcolor>black</shadowcolor>
		</control>
		<control type="label">
			<description>Rating</description>
			<posx>260</posx>
			<posy>325</posy>
			<label>$LOCALIZE[563]:</label>
			<font>font14</font>
			<textcolor>white3</textcolor>
			<shadowcolor>black</shadowcolor>
		</control>
		<control type="image">
			<description>Rating value</description>
			<posx>340</posx>
			<posy>327</posy>
			<width>100</width>
			<height>20</height>
			<info>ListItem.Rating</info>
			<textcolor>white2</textcolor>
			<shadowcolor>black</shadowcolor>
		</control>
		<control type="button" id="8">
			<description>Decrease Rating</description>
			<posx>450</posx>
			<posy>330</posy>
			<width>18</width>
			<height>16</height>
			<texturenofocus>scroll-down.png</texturenofocus>
			<texturefocus>scroll-down-focus.png</texturefocus>
			<onleft>9</onleft>
			<onright>9</onright>
			<onup>10</onup>
			<ondown>10</ondown>
			<onclick>DecreaseRating</onclick>
		</control>
		<control type="button" id="9">
			<description>Increase Rating</description>
			<posx>468</posx>
			<posy>330</posy>
			<width>18</width>
			<height>16</height>
			<texturenofocus>scroll-up.png</texturenofocus>
			<texturefocus>scroll-up-focus.png</texturefocus>
			<onleft>8</onleft>
			<onright>8</onright>
			<onup>10</onup>
			<ondown>10</ondown>
			<onclick>IncreaseRating</onclick>
		</control>

		<control type="button" id ="13">
			<description>Get Thumb button</description>
			<posy>440</posy>
			<posx>255</posx>
			<width>90</width>
			<height>32</height>
			<label>13405</label>
			<font>font10</font>
			<shadowcolor>black</shadowcolor>
			<align>center</align>
			<texturefocus>Button-Home2.png</texturefocus>
			<texturenofocus>Button-List-Fade-NoFocus.png</texturenofocus>
			<onleft>11</onleft>
			<onright>12</onright>
			<onup>9</onup>
			<ondown>8</ondown>
		</control>
		<control type="button" id="12">
			<description>Album Info button</description>
			<posy>440</posy>
			<posx>355</posx>
			<width>90</width>
			<height>32</height>
			<label>10523</label>
			<font>font10</font>
			<shadowcolor>black</shadowcolor>
			<align>center</align>
			<texturefocus>Button-Home2.png</texturefocus>
			<texturenofocus>Button-List-Fade-NoFocus.png</texturenofocus>
			<onleft>13</onleft>
			<onright>10</onright>
			<onup>9</onup>
			<ondown>8</ondown>
		</control>
		<control type="button" id="10">
			<description>OK button</description>
			<posy>440</posy>
			<posx>455</posx>
			<width>90</width>
			<height>32</height>
			<label>186</label>
			<font>font10</font>
			<shadowcolor>black</shadowcolor>
			<align>center</align>
			<texturefocus>Button-Home2.png</texturefocus>
			<texturenofocus>Button-List-Fade-NoFocus.png</texturenofocus>
			<onleft>12</onleft>
			<onright>11</onright>
			<onup>9</onup>
			<ondown>8</ondown>
		</control>
		<control type="button" id="11">
			<description>Cancel button</description>
			<posy>440</posy>
			<posx>555</posx>
			<width>90</width>
			<height>32</height>
			<label>222</label>
			<font>font10</font>
			<shadowcolor>black</shadowcolor>
			<align>center</align>
			<texturefocus>Button-Home2.png</texturefocus>
			<texturenofocus>Button-List-Fade-NoFocus.png</texturenofocus>
			<onleft>10</onleft>
			<onright>13</onright>
			<onup>9</onup>
			<ondown>8</ondown>
		</control>

	</controls>
	<include>Black-Overlay</include>
</window>