<window id="2004">
	<zorder>3</zorder>
	<include>MediaOverlay</include>
	<include>Music_Overlay</include>
	<controls>

	<control type="image">
		<description>Black Panel</description>
		<posx>63</posx>
		<posy>190</posy>
		<width>595</width>
		<height>220</height>
		<texture>Black.png</texture>
	</control>
	<control type="image">
		<posx>63</posx>
		<posy>106</posy>
		<width>595</width>
		<height>80</height>
		<texture>Panel_Top.png</texture>
	</control>
	<control type="image">
		<posx>63</posx>
		<posy>414</posy>
		<width>595</width>
		<height>80</height>
		<texture>Panel_Bottom.png</texture>
	</control>
	<control type="image">
		<posx>0</posx>
		<posy>100</posy>
		<width>720</width>
		<height>101</height>
		<texture>Background-Overlay-TopLine.png</texture>
		<colordiffuse>FFffffff</colordiffuse>
	</control>
	<control type="image">
		<posx>0</posx>
		<posy>400</posy>
		<width>720</width>
		<height>101</height>
		<texture>Background-Overlay-BottomLine.png</texture>
		<colordiffuse>FFffffff</colordiffuse>
	</control>
	<control type="label">
		<description>dialog Heading</description>
		<posx>160</posx>
		<posy>145</posy>
		<width>400</width>
		<height>16</height>
		<align>center</align>
		<label>13350</label>
		<font>special16</font>
		<include>dialogheadingcolor</include>
	</control>

	<!-- === Actual Media Content ================= -->

	<control type="image">
		<description>Cover Image</description>
		<posx>83</posx>
		<posy>200</posy>
		<width>150</width>
		<height>200</height>
		<texture>defaultalbumcover.png</texture>
		<info>MusicPlayer.Cover</info>
	</control>
	<control type="image">
		<description>Cover Overlay</description>
		<posx>60</posx>
		<posy>192</posy>
		<width>180</width>
		<height>225</height>
		<texture>Case.png</texture>
	</control>
	<control type="label">
		<description>Artist</description>
		<posx>240</posx>
		<posy>200</posy>
		<width>290</width>
		<font>special15</font>
		<textcolor>white</textcolor>
		<shadowcolor>black</shadowcolor>
		<label>$LOCALIZE[557]: $INFO[MusicPlayer.Artist]</label>
	</control>
	<control type="label">
		<description>Title</description>
		<posx>240</posx>
		<posy>240</posy>
		<width>390</width>
		<font>mediainfo</font>
		<textcolor>white</textcolor>
		<shadowcolor>black</shadowcolor>
		<label>$LOCALIZE[369]: $INFO[MusicPlayer.Title]</label>
	</control>
	<control type="label">
		<description>Album</description>
		<posx>240</posx>
		<posy>260</posy>
		<width>390</width>
		<font>mediainfo</font>
		<textcolor>white</textcolor>
		<shadowcolor>black</shadowcolor>
		<label>$LOCALIZE[558]: $INFO[MusicPlayer.Album]</label>
	</control>
	<control type="label">
		<description>Year</description>
		<posx>240</posx>
		<posy>280</posy>
		<width>390</width>
		<font>mediainfo</font>
		<textcolor>white</textcolor>
		<shadowcolor>black</shadowcolor>
		<label>$LOCALIZE[562]:  $INFO[MusicPlayer.Year]</label>
	</control>
	<control type="label">
		<description>Play Time</description>
		<posx>240</posx>
		<posy>300</posy>
		<font>mediainfo</font>
		<textcolor>white</textcolor>
		<shadowcolor>black</shadowcolor>
		<label>$LOCALIZE[142] $INFO[MusicPlayer.Time]  / $INFO[Player.TimeRemaining]</label>
	</control>
	<control type="label">
		<description>Duration</description>
		<posx>240</posx>
		<posy>320</posy>
		<font>mediainfo</font>
		<textcolor>white</textcolor>
		<shadowcolor>black</shadowcolor>
		<label>$LOCALIZE[180]:  $INFO[MusicPlayer.Duration]</label>
	</control>
	<control type="label">
		<description>BitRate</description>
		<posx>240</posx>
		<posy>340</posy>
		<font>mediainfo</font>
		<textcolor>white</textcolor>
		<shadowcolor>black</shadowcolor>
		<label>$LOCALIZE[623]: $INFO[MusicPlayer.BitRate] kbit</label>
	</control>
	<control type="progress">
		<description>Progressbar</description>
		<posx>240</posx>
		<posy>380</posy>
		<width>390</width>
		<height>8</height>
		<info>Player.Progress</info>
		<lefttexture>Progress-Left.png</lefttexture>
		<midtexture>Progress-Mid.png</midtexture>
		<righttexture>Progress-Right.png</righttexture>
		<overlaytexture border="10,0,10,0">Progress-Overlay.png</overlaytexture>
	</control>
	<control type="image">
		<description>Song Rating Image</description>
		<posx>510</posx>
		<posy>203</posy>
		<height>21</height>
		<width>121</width>
		<info>musicplayer.rating</info>
		<aspectratio>stretch</aspectratio>
		<texture flipx="false" /> 
	</control>

	</controls>
</window>