<includes>
	<default type="image">
		<posx>0</posx>
		<posy>0</posy>
		<texture>-</texture>
		<colorkey>0</colorkey>
		<colordiffuse>ffffffff</colordiffuse>
	</default>
	<default type="label">
		<posx>80</posx>
		<posy>60</posy>
		<label>-</label>
		<font>font13</font>
		<textcolor>button-text</textcolor>
	</default>
	<default type="spinbutton">
		<posx>300</posx>
		<posy>200</posy>
		<width>22</width>
		<height>40</height>
		<texturedownfocus>spinbutton4.png</texturedownfocus>
		<textureupfocus>spinbutton3.png</textureupfocus>
		<texturefocus>spinbutton2.png</texturefocus>
		<texturenofocus>spinbutton1.png</texturenofocus>
		<font>font13</font>
		<textcolor>button-text</textcolor>
		<disabledcolor>60d0d0d0</disabledcolor>
		<pulseonselect>false</pulseonselect>
	</default>
	<default type="button">
		<posx>300</posx>
		<posy>200</posy>
		<width>285</width>
		<height>40</height>
		<texturefocus>default-button.png</texturefocus>
		<texturenofocus>-</texturenofocus>
		<font>font13</font>
		<textcolor>button-text</textcolor>
		<disabledcolor>60d0d0d0</disabledcolor>
		<textoffsetx>22</textoffsetx>
		<aligny>center</aligny>
		<pulseonselect>false</pulseonselect>
	</default>
	<default type="togglebutton">
		<posx>185</posx>
		<posy>167</posy>
		<width>15</width>
		<height>15</height>
		<texturefocus>scroll-up-focus.png</texturefocus>
		<texturenofocus>scroll-up.png</texturenofocus>
		<alttexturefocus>scroll-down-focus.png</alttexturefocus>
		<alttexturenofocus>scroll-down.png</alttexturenofocus>
		<label>-</label>
		<font>font13</font>
		<textcolor>button-text</textcolor>
		<colordiffuse>ffffffff</colordiffuse>
		<disabledcolor>60d0d0d0</disabledcolor>
		<aligny>center</aligny>
		<pulseonselect>false</pulseonselect>
	</default>
	<default type="listcontrol">
		<posx>50</posx>
		<posy>65</posy>
		<width>390</width>
		<height>450</height>
		<spinwidth>16</spinwidth>
		<spinheight>16</spinheight>
		<spinposx>25</spinposx>
		<spinposy>455</spinposy>
		<include></include>
		<textureup>scroll-up.png</textureup>
		<texturedown>scroll-down.png</texturedown>
		<textureupfocus>scroll-up-focus.png</textureupfocus>
		<texturedownfocus>scroll-down-focus.png</texturedownfocus>
		<texturefocus>default-button.png</texturefocus>
		<texturenofocus>-</texturenofocus>
		<image>icon-folder.png</image>
		<textureheight>35</textureheight>
		<font>font13</font>
		<selectedcolor>listselectedtext</selectedcolor>
		<textcolor>button-text</textcolor>
		<colordiffuse>ffffffff</colordiffuse>
		<suffix> |</suffix>
		<textxoff>5</textxoff>
		<textxoff2>35</textxoff2>
		<aligny>center</aligny>
	</default>
	<default type="listcontrolex">
		<posx>50</posx>
		<posy>65</posy>
		<width>390</width>
		<height>450</height>
		<spinwidth>16</spinwidth>
		<spinheight>16</spinheight>
		<spinposx>25</spinposx>
		<spinposy>455</spinposy>
		<include>textcolor-spincontrol</include>
		<textureup>scroll-up.png</textureup>
		<texturedown>scroll-down.png</texturedown>
		<textureupfocus>scroll-up-focus.png</textureupfocus>
		<texturedownfocus>scroll-down-focus.png</texturedownfocus>
		<texturefocus>default-button.png</texturefocus>
		<texturenofocus>-</texturenofocus>
		<textureheight>30</textureheight>
		<image>defaultfolderbig.png</image>
		<font>font13</font>
		<selectedcolor>listselectedtext</selectedcolor>
		<textcolor>button-text</textcolor>
		<textxoff>3</textxoff>
		<suffix> |</suffix>
		<aligny>center</aligny>
	</default>
	<default type="thumbnailpanel">
		<posx>50</posx>
		<posy>65</posy>
		<width>390</width>
		<height>450</height>
		<include></include>
		<textureup>scroll-up.png</textureup>
		<texturedown>scroll-down.png</texturedown>
		<textureupfocus>scroll-up-focus.png</textureupfocus>
		<texturedownfocus>scroll-down-focus.png</texturedownfocus>
		<itemwidth>115</itemwidth>
		<itemheight>130</itemheight>
		<texturewidth>92</texturewidth>
		<textureheight>100</textureheight>
		<thumbwidth>82</thumbwidth>
		<thumbheight>90</thumbheight>
		<thumbposx>5</thumbposx>
		<thumbposy>5</thumbposy>
		<imagefolder>-</imagefolder>
		<imagefolderfocus>folder-focus.png</imagefolderfocus>
		<font>font10</font>
		<selectedcolor>listselectedtext</selectedcolor>
		<textcolor>button-text</textcolor>
		<texturewidthbig>134</texturewidthbig>
		<textureheightbig>143</textureheightbig>
		<itemwidthbig>151</itemwidthbig>
		<itemheightbig>200</itemheightbig>
		<thumbwidthbig>120</thumbwidthbig>
		<thumbheightbig>133</thumbheightbig>
		<thumbposxbig>7</thumbposxbig>
		<thumbposybig>5</thumbposybig>
		<suffix>-</suffix>
		<onright>2</onright>
	</default>
	<default type="fadelabel">
		<posx>55</posx>
		<posy>530</posy>
		<width>180</width>
		<align>left</align>
		<font>font12</font>
		<textcolor>button-text</textcolor>
	</default>
	<default type="textbox">
		<posx>220</posx>
		<posy>330</posy>
		<width>470</width>
		<height>210</height>
		<spinwidth>16</spinwidth>
		<spinheight>16</spinheight>
		<spinposx>420</spinposx>
		<spinposy>210</spinposy>
		<include></include>
		<textureup>scroll-up.png</textureup>
		<texturedown>scroll-down.png</texturedown>
		<textureupfocus>scroll-up-focus.png</textureupfocus>
		<texturedownfocus>scroll-down-focus.png</texturedownfocus>
		<image>icon-folder.png</image>
		<font>font13</font>
		<textcolor>button-text</textcolor>
		<colordiffuse>ffffffff</colordiffuse>
	</default>
	<default type="progress">
		<posx>100</posx>
		<posy>325</posy>
		<texturebg>progress_back.png</texturebg>
		<lefttexture>progress_left.png</lefttexture>
		<midtexture>progress_mid.png</midtexture>
		<righttexture>progress_right.png</righttexture>
		<overlaytexture>progress_over.png</overlaytexture>
	</default>
	<default type="spincontrol">
		<posx>330</posx>
		<posy>126</posy>
		<textureup>scroll-up.png</textureup>
		<texturedown>scroll-down.png</texturedown>
		<textureupfocus>scroll-up-focus.png</textureupfocus>
		<texturedownfocus>scroll-down-focus.png</texturedownfocus>
		<align>right</align>
		<width>15</width>
		<height>20</height>
		<font>font14</font>
		<reverse>yes</reverse>
		<textcolor>button-text</textcolor>
		<disabledcolor>60d0d0d0</disabledcolor>
		<subtype>text</subtype>
		<textoffsetx>-5</textoffsetx>
		<textoffsety>0</textoffsety>
		<aligny>-</aligny>
		<pulseonselect>false</pulseonselect>
	</default>
	<default type="spincontrolex">
		<posx>530</posx>
		<posy>150</posy>
		<width>300</width>
		<height>33</height>
		<spinwidth>15</spinwidth>
		<spinheight>20</spinheight>
		<texturefocus>default-button.png</texturefocus>
		<texturenofocus>-</texturenofocus>
		<textureup>scroll-up.png</textureup>
		<texturedown>scroll-down.png</texturedown>
		<textureupfocus>scroll-up-focus.png</textureupfocus>
		<texturedownfocus>scroll-down-focus.png</texturedownfocus>
		<font>font14</font>
		<textcolor>button-text</textcolor>
		<colordiffuse>ffffffff</colordiffuse>
		<disabledcolor>60d0d0d0</disabledcolor>
		<textoffsetx>10</textoffsetx>
		<aligny>center</aligny>
		<reverse>yes</reverse>
		<pulseonselect>false</pulseonselect>
	</default>
	<default type="checkmark">
		<posx>208</posx>
		<posy>166</posy>
		<textcolor>button-text</textcolor>
		<disabledcolor>80d0d0d0</disabledcolor>
		<textcolor>button-text</textcolor>
		<font>font13</font>
		<label>167</label>
		<texturecheckmark>check-box.png</texturecheckmark>
		<texturecheckmarknofocus>check-boxnf.png</texturecheckmarknofocus>
		<markwidth>16</markwidth>
		<markheight>20</markheight>
		<align>left</align>
		<shadow>no</shadow>
	</default>
	<default type="radiobutton">
		<posx>50</posx>
		<posy>268</posy>
		<width>285</width>
		<height>40</height>
		<textureradiofocus>check-box.png</textureradiofocus>
		<textureradionofocus>check-boxnf.png</textureradionofocus>
		<texturefocus>default-button.png</texturefocus>
		<texturenofocus>-</texturenofocus>
		<label>215</label>
		<font>font12</font>
		<textcolor>button-text</textcolor>
		<colordiffuse>ffffffff</colordiffuse>
		<disabledcolor>60d0d0d0</disabledcolor>
		<textoffsetx>22</textoffsetx>
		<aligny>center</aligny>
		<pulseonselect>false</pulseonselect>
	</default>
	<default type="selectbutton">
		<posx>60</posx>
		<posy>192</posy>
		<width>205</width>
		<height>40</height>
		<label>132</label>
		<font>font13</font>
		<texturefocus>default-button.png</texturefocus>
		<texturenofocus>-</texturenofocus>
		<texturebg>button-menu-background.png</texturebg>
		<textureleft>scroll-left.png</textureleft>
		<textureleftfocus>scroll-left-focus.png</textureleftfocus>
		<textureright>scroll-right.png</textureright>
		<texturerightfocus>scroll-right-focus.png</texturerightfocus>
		<font>font12</font>
		<textcolor>button-text</textcolor>
		<colordiffuse>ffffffff</colordiffuse>
		<disabledcolor>60d0d0d0</disabledcolor>
		<onleft>50</onleft>
		<onright>50</onright>
		<onup>3</onup>
		<ondown>7</ondown>
		<textoffsetx>22</textoffsetx>
		<aligny>center</aligny>
		<pulseonselect>false</pulseonselect>
	</default>
	<default type="slider">
		<controloffsetx>75</controloffsetx>
		<controloffsety>0</controloffsety>
	</default>
	<default type="mover">
		<posx>60</posx>
		<posy>192</posy>
		<texturefocus>default-button.png</texturefocus>
		<texturenofocus>-</texturenofocus>
	</default>
	<default type="resize">
		<posx>60</posx>
		<posy>192</posy>
		<texturefocus>default-button.png</texturefocus>
		<texturenofocus>-</texturenofocus>
	</default>
</includes>
