﻿<window id="112">
	<defaultcontrol>402</defaultcontrol>
	<animation effect="slide" start="0,-400" time="300">WindowOpen</animation>
	<animation effect="slide" end="0,-400" time="300">WindowClose</animation>
	<coordinates>
		<system>1</system>
		<posx>50</posx>
		<posy>27</posy>
	</coordinates>
	<controls>
		<control type="image">
			<description>top</description>
			<posx>0</posx>
			<posy>0</posy>
			<width>400</width>
			<height>30</height>
			<texture>context2-top.png</texture>
		</control>
		<control type="image">
			<description>middle</description>
			<posx>0</posx>
			<posy>30</posy>
			<width>400</width>
			<height>30</height>
			<texture>context2-middle.png</texture>
		</control>
		<control type="image">
			<description>bottom</description>
			<posx>0</posx>
			<posy>60</posy>
			<width>400</width>
			<height>30</height>
			<texture>context2-bottom.png</texture>
		</control>
		<control type="label" id="401">
			<description>Caption Label</description>
			<posx>27</posx>
			<posy>5</posy>
			<font>font12</font>
			<textcolor>button-text</textcolor>
			<align>left</align>
			<width>291</width>
			<height>20</height>
		</control>
		<control type="label" id="402">
			<description>Current Directory Label</description>
			<posx>27</posx>
			<posy>25</posy>
			<width>291</width>
			<haspath>yes</haspath>
			<font>font10</font>
			<textcolor>button-text</textcolor>
			<onleft>402</onleft>
			<onright>402</onright>
			<onup>402</onup>
			<ondown>402</ondown>
		</control>
		<control type="progress" id="403">
			<description>progress control</description>
			<posx>27</posx>
			<posy>55</posy>
			<width>291</width>
			<height>15</height>
			<texturebg>progressbar-background-blue-alpha.png</texturebg>
			<lefttexture>progress-left.png</lefttexture>
			<midtexture>progress-middle.png</midtexture>
			<righttexture>progress-right.png</righttexture>
			<overlaytexture>-</overlaytexture>
		</control>
	</controls>
</window>