<window id="10140">
	<defaultcontrol>2</defaultcontrol>
	<include>shutdown-ani</include>
	<coordinates>
		<system>1</system>
		<posx>95</posx>
		<posy>110</posy>
	</coordinates>
	<controls>
		<control type="image">
			<description>top</description>
			<posx>-15</posx>
			<posy>-15</posy>
			<width>546</width>
			<height>30</height>
			<texture>context2-top.png</texture>
		</control>
		<control type="image">
			<description>middle</description>
			<posx>-15</posx>
			<posy>15</posy>
			<width>546</width>
			<height>280</height>
			<texture>context2-middle.png</texture>
		</control>
		<control type="image">
			<description>bottom</description>
			<posx>-15</posx>
			<posy>295</posy>
			<width>546</width>
			<height>30</height>
			<texture>context2-bottom.png</texture>
		</control>
		<control type="label" id="20">
			<description>Settings Label</description>
			<posx>0</posx>
			<posy>2</posy>
			<width>420</width>
			<align>left</align>
			<font>special13</font>
			<textcolor>button-text</textcolor>
			<visible>true</visible>
		</control>
		<control type="spincontrol" id="60">
			<description>Next page button</description>
			<posx>450</posx>
			<posy>35</posy>
			<subtype>page</subtype>
			<showonepage>false</showonepage>
			<font>font12</font>
			<align>left</align>
			<onleft>5</onleft>
			<onright>9000</onright>
			<ondown>9000</ondown>
			<onup>28</onup>
		</control>
		<control type="grouplist" id="2">
			<description>control area</description>
			<posx>-1</posx>
			<posy>30</posy>
			<width>408</width>
			<height>355</height>
			<pagecontrol>60</pagecontrol>
			<itemgap>-2</itemgap>
			<onleft>9000</onleft>
			<onright>60</onright>
			<onup>2</onup>
			<ondown>2</ondown>
		</control>
		<control type="button" id="3">
			<description>Default Button</description>
			<posx>530</posx>
			<posy>150</posy>
			<height>40</height>
			<width>375</width>
			<font>font13</font>
			<textoffsetx>7</textoffsetx>
			<texturefocus>default-button.png</texturefocus>
			<texturenofocus>-</texturenofocus>
			<textcolor>button-text</textcolor>
			<aligny>center</aligny>
		</control>
		<control type="radiobutton" id="4">
			<description>Default RadioButton</description>
			<posx>530</posx>
			<posy>150</posy>
			<width>375</width>
			<height>40</height>
			<font>font13</font>
			<texturewidth>450</texturewidth>
			<texturefocus>default-button.png</texturefocus>
			<texturenofocus>-</texturenofocus>
			<textoffsetx>7</textoffsetx>
			<textureradiofocus>check-box.png</textureradiofocus>
			<textureradionofocus>check-boxNF.png</textureradionofocus>
			<textcolor>button-text</textcolor>
			<aligny>center</aligny>
		</control>
		<control type="spincontrolex" id="5">
			<description>Default SpinControlex</description>
			<posx>530</posx>
			<posy>150</posy>
			<width>300</width>
			<height>40</height>
			<texturefocus>default-button.png</texturefocus>
			<texturenofocus>-</texturenofocus>
			<textureup>scroll-up.png</textureup>
			<texturedown>scroll-down.png</texturedown>
			<textureupfocus>scroll-up-focus.png</textureupfocus>
			<texturedownfocus>scroll-down-focus.png</texturedownfocus>
			<font>font13</font>
			<disabledcolor>60d0d0d0</disabledcolor>
			<textoffsetx>7</textoffsetx>
			<aligny>center</aligny>
			<reverse>yes</reverse>
			<textcolor>button-text</textcolor>
		</control>
		<control type="image" id="6">
			<description>separator image</description>
			<width>350</width>
			<height>0</height>
			<colordiffuse>00000000</colordiffuse>
			<texture>-</texture>
		</control>
		<control type="group" id="9000">
			<control type="button" id="10">
				<description>OK button</description>
				<posx>420</posx>
				<posy>65</posy>
				<width>95</width>
				<height>45</height>
				<align>center</align>
				<label>186</label>
				<texturenofocus>button2-alpha.png</texturenofocus>
				<texturefocus>button2.png</texturefocus>
				<onleft>2</onleft>
				<onright>2</onright>
				<onup>12</onup>
				<ondown>11</ondown>
				<textcolor>button-text</textcolor>
			</control>
			<control type="button" id="11">
				<description>Cancel button</description>
				<posx>420</posx>
				<posy>110</posy>
				<width>95</width>
				<height>45</height>
				<align>center</align>
				<label>222</label>
				<texturenofocus>button2-alpha.png</texturenofocus>
				<texturefocus>button2.png</texturefocus>
				<onleft>2</onleft>
				<onright>2</onright>
				<onup>10</onup>
				<ondown>12</ondown>
				<textcolor>button-text</textcolor>
			</control>
			<control type="button" id="12">
				<description>Defaults button</description>
				<posx>420</posx>
				<posy>155</posy>
				<width>95</width>
				<height>45</height>
				<align>center</align>
				<label>409</label>
				<texturenofocus>button2-alpha.png</texturenofocus>
				<texturefocus>button2.png</texturefocus>
				<onleft>2</onleft>
				<onright>2</onright>
				<onup>11</onup>
				<ondown>10</ondown>
				<textcolor>button-text</textcolor>
			</control>
		</control>
	</controls>
</window>