﻿<window id="129">
	<defaultcontrol>10</defaultcontrol>
	<animation effect="fade" start="100" end="50" time="300">WindowClose</animation>
	<animation effect="fade" start="50" end="100" time="300">WindowOpen</animation>

	<coordinates>
		<system>1</system>
		<posx>155</posx>
		<posy>164</posy>
	</coordinates>
	<controls>
		<control type="image">
			<description>top</description>
			<posx>-5</posx>
			<posy>-20</posy>
			<width>420</width>
			<height>30</height>
			<texture>context2-top.png</texture>
		</control>
		<control type="image">
			<description>middle</description>
			<posx>-5</posx>
			<posy>10</posy>
			<width>420</width>
			<height>270</height>
			<texture>context2-middle.png</texture>
		</control>
		<control type="image">
			<description>bottom</description>
			<posx>-5</posx>
			<posy>280</posy>
			<width>420</width>
			<height>30</height>
			<texture>context2-bottom.png</texture>
		</control>
		<control type="label" id="2">
			<description>Heading Label</description>
			<posx>10</posx>
			<posy>-2</posy>
			<width>420</width>
			<align>left</align>
			<label>-</label>
			<font>font12</font>
			<textcolor>button-text</textcolor>
		</control>
		<control type="label">
			<description>path label</description>
			<posx>10</posx>
			<posy>35</posy>
			<width>420</width>
			<align>left</align>
			<font>font12</font>
			<label>1021</label>
			<textcolor>button-text</textcolor>
		</control>
		<control type="listcontrol" id="10">
			<description>Path List Control</description>
			<posx>10</posx>
			<posy>60</posy>
			<width>320</width>
			<height>150</height>
			<font>font12</font>
			<textoffsetx>8</textoffsetx>
			<aligny>center</aligny>
			<texturefocus>default-button.png</texturefocus>
			<texturenofocus>-</texturenofocus>
			<textureheight>35</textureheight>
			<spacebetweenitems>8</spacebetweenitems>
			<itemwidth>0</itemwidth>
			<textxoff>0</textxoff>
			<font2>-</font2>
			<onup>18</onup>
			<onleft>11</onleft>
			<onright>11</onright>
			<ondown>12</ondown>
			<textcolor>button-text</textcolor>
			<selectedcolor>listselectedtext</selectedcolor>
		</control>
		<control type="group">
			<control type="button" id="11">
				<description>Browse Button</description>
				<posx>333</posx>
				<posy>60</posy>
				<width>77</width>
				<height>32</height>
				<font>font12</font>
				<textoffsetx>12</textoffsetx>
				<label>1024</label>
				<align>center</align>
				<aligny>center</aligny>
				<texturenofocus>button2-alpha.png</texturenofocus>
				<texturefocus>button2.png</texturefocus>
				<onup>18</onup>
				<onleft>10</onleft>
				<onright>10</onright>
				<ondown>13</ondown>
				<textcolor>button-text</textcolor>
			</control>
			<control type="button" id="13">
				<description>Add Path Button</description>
				<posx>333</posx>
				<posy>100</posy>
				<width>77</width>
				<height>32</height>
				<font>font12</font>
				<textoffsetx>12</textoffsetx>
				<label>15019</label>
				<align>center</align>
				<aligny>center</aligny>
				<texturenofocus>button2-alpha.png</texturenofocus>
				<texturefocus>button2.png</texturefocus>
				<onup>11</onup>
				<onleft>10</onleft>
				<onright>10</onright>
				<ondown>14</ondown>
				<textcolor>button-text</textcolor>
			</control>
			<control type="button" id="14">
				<description>Remove Path Button</description>
				<posx>333</posx>
				<posy>140</posy>
				<width>77</width>
				<height>32</height>
				<font>font12</font>
				<textoffsetx>12</textoffsetx>
				<label>1210</label>
				<align>center</align>
				<aligny>center</aligny>
				<texturenofocus>button2-alpha.png</texturenofocus>
				<texturefocus>button2.png</texturefocus>
				<onup>13</onup>
				<onleft>10</onleft>
				<onright>10</onright>
				<ondown>12</ondown>
				<textcolor>button-text</textcolor>
			</control>
		</control>
		<control type="label">
			<description>Name Label</description>
			<posx>10</posx>
			<posy>185</posy>
			<width>420</width>
			<font>font12</font>
			<label>1022</label>
			<textcolor>button-text</textcolor>
		</control>
		<control type="button" id="12">
			<description>Name Button</description>
			<posx>10</posx>
			<posy>210</posy>
			<width>400</width>
			<height>32</height>
			<font>font12</font>
			<textoffsetx>12</textoffsetx>
			<textwidth>380</textwidth>
			<aligny>center</aligny>
			<texturenofocus>-</texturenofocus>
			<texturefocus>default-button.png</texturefocus>
			<label>-</label>
			<onup>10</onup>
			<onleft>12</onleft>
			<onright>19</onright>
			<ondown>18</ondown>
			<textcolor>button-text</textcolor>
		</control>
		<control type="button" id="20">
			<description>Set Content Button</description>
			<posx>163</posx>
			<posy>255</posy>
			<width>77</width>
			<height>32</height>
			<font>font12</font>
			<textoffsetx>12</textoffsetx>
			<align>center</align>
			<aligny>center</aligny>
			<texturenofocus>button2-alpha.png</texturenofocus>
			<texturefocus>button2.png</texturefocus>
			<label>20333</label>
			<onup>12</onup>
			<onleft>19</onleft>
			<onright>18</onright>
			<ondown>10</ondown>
		</control>
		<control type="button" id="18">
			<description>Ok Button</description>
			<posx>243</posx>
			<posy>255</posy>
			<width>77</width>
			<height>32</height>
			<font>font12</font>
			<textoffsetx>12</textoffsetx>
			<align>center</align>
			<aligny>center</aligny>
			<texturenofocus>button2-alpha.png</texturenofocus>
			<texturefocus>button2.png</texturefocus>
			<label>186</label>
			<onup>12</onup>
			<onleft>20</onleft>
			<onright>19</onright>
			<ondown>10</ondown>
			<textcolor>button-text</textcolor>
		</control>
		<control type="button" id="19">
			<description>Cancel Button</description>
			<posx>323</posx>
			<posy>255</posy>
			<width>77</width>
			<height>32</height>
			<font>font12</font>
			<textoffsetx>12</textoffsetx>
			<align>center</align>
			<aligny>center</aligny>
			<texturenofocus>button2-alpha.png</texturenofocus>
			<texturefocus>button2.png</texturefocus>
			<label>222</label>
			<onup>12</onup>
			<onleft>18</onleft>
			<onright>20</onright>
			<ondown>10</ondown>
			<textcolor>button-text</textcolor>
		</control>
	</controls>
</window>