﻿<window id="101">
	<defaultcontrol>10</defaultcontrol>
	<include>shutdown-ani</include>
	<controls>
		<control type="image">
			<description>top</description>
			<posx>165</posx>
			<posy>205</posy>
			<width>400</width>
			<height>30</height>
			<texture>context2-top.png</texture>
		</control>
		<control type="image">
			<description>middle</description>
			<posx>165</posx>
			<posy>235</posy>
			<width>400</width>
			<height>130</height>
			<texture>context2-middle.png</texture>
		</control>
		<control type="image">
			<description>bottom</description>
			<posx>165</posx>
			<posy>365</posy>
			<width>400</width>
			<height>30</height>
			<texture>context2-bottom.png</texture>
		</control>
		<control type="label" id="1">
			<description>dialog Heading</description>
			<posx>190</posx>
			<posy>218</posy>
			<label>-</label>
			<font>font12</font>
			<textcolor>grey-text</textcolor>
		</control>
		<control type="label" id="2">
			<description>dialog line 1</description>
			<posx>190</posx>
			<posy>260</posy>
			<haspath>yes</haspath>
			<label>-</label>
			<font>font10</font>
		</control>
		<control type="label" id="3">
			<description>dialog line 2</description>
			<posx>190</posx>
			<posy>280</posy>
			<haspath>yes</haspath>
			<label>-</label>
			<font>font10</font>
		</control>
		<control type="label" id="4">
			<description>dialog line 3</description>
			<posx>190</posx>
			<posy>300</posy>
			<haspath>yes</haspath>
			<label>-</label>
			<font>font10</font>
		</control>
		<control type="progress" id="20">
			<description>progress control</description>
			<posx>190</posx>
			<posy>346</posy>
			<width>261</width>
			<height>13</height>
			<texturebg>progressbar-background-blue-alpha.png</texturebg>
			<lefttexture>progress-left.png</lefttexture>
			<midtexture>progress-middle.png</midtexture>
			<righttexture>progress-right.png</righttexture>
			<overlaytexture>-</overlaytexture>
		</control>
		<control type="button" id="10">
			<description>Cancel button</description>
			<posx>463</posx>
			<posy>335</posy>
			<width>77</width>
			<height>32</height>
			<label>222</label>
			<font>font10</font>
			<texturenofocus>button2-alpha.png</texturenofocus>
			<texturefocus>button2.png</texturefocus>
			<onleft>10</onleft>
			<align>center</align>
			<onright>10</onright>
			<onup>10</onup>
			<ondown>10</ondown>
		</control>
	</controls>
</window>