﻿<window id="2004">
	<defaultcontrol>5</defaultcontrol>
	<include>shutdown-ani</include>
	<controls>
		<control type="image" id="1">
			<description>background image</description>
			<posx>5</posx>
			<posy>0</posy>
			<width>400</width>
			<height>576</height>
			<texture>button-menu-background.png</texture>
		</control>
		<control type="label" id="1">
			<description>description label</description>
			<posx>20</posx>
			<posy>10</posy>
			<align>left</align>
			<label>262</label>
			<font>special13</font>
		</control>
		<control type="textbox" id="5">
			<description>textarea</description>
			<posx>12</posx>
			<posy>60</posy>
			<width>376</width>
			<height>510</height>
			<font>font12</font>
			<textcolor>button-text</textcolor>
			<spinposx>360</spinposx>
			<spinposy>485</spinposy>
		</control>
	</controls>
</window>