﻿<window id="3">
	<defaultcontrol always="true">20</defaultcontrol>
	<allowoverlay>no</allowoverlay>
	<previouswindow>ShutdownMenu</previouswindow>
	<controls>
		<include>background</include>

		<control type="list" id="20">
			<posx>14</posx>
			<posy>41</posy>
			<width>321</width>
			<height>464</height>
			<onleft>100</onleft>
			<onright>99</onright>
			<onup>20</onup>
			<ondown>20</ondown>
			<scrolltime>1</scrolltime>
			<pagecontrol>99</pagecontrol>
			<itemlayout height="38">
				<control type="label">
					<posx>10</posx>
					<posy>0</posy>
					<width>201</width>
					<height>38</height>
					<font>font12</font>
					<align>left</align>
					<aligny>center</aligny>
					<textcolor>button-text</textcolor>
					<selectedcolor>listselectedtext</selectedcolor>
					<info>ListItem.Label</info>
				</control>
				<control type="label">
					<posx>311</posx>
					<posy>0</posy>
					<width>100</width>
					<height>38</height>
					<font>font12</font>
					<align>right</align>
					<aligny>center</aligny>
					<textcolor>button-text</textcolor>
					<selectedcolor>listselectedtext</selectedcolor>
					<info>ListItem.Label2</info>
				</control>
			</itemlayout>
			<focusedlayout height="38">
				<control type="image">
					<width>321</width>
					<height>38</height>
					<posx>0</posx>
					<posy>0</posy>
					<texture>default-button.png</texture>
					<visible>Control.HasFocus(20) | Control.HasFocus(99)</visible>
				</control>
				<control type="image">
					<width>321</width>
					<height>38</height>
					<posx>0</posx>
					<posy>0</posy>
					<texture>default-button-alpha.png</texture>
					<visible>Control.HasFocus(21) | Control.HasFocus(100)</visible>
				</control>
				<control type="label">
					<posx>10</posx>
					<posy>0</posy>
					<width>201</width>
					<height>38</height>
					<font>font12</font>
					<align>left</align>
					<aligny>center</aligny>
					<textcolor>button-text</textcolor>
					<selectedcolor>listselectedtext</selectedcolor>
					<scroll>true</scroll>
					<info>ListItem.Label</info>
					<textoffsetx>10</textoffsetx>
				</control>
				<control type="label">
					<posx>311</posx>
					<posy>0</posy>
					<width>100</width>
					<height>38</height>
					<font>font12</font>
					<align>right</align>
					<aligny>center</aligny>
					<textcolor>button-text</textcolor>
					<selectedcolor>listselectedtext</selectedcolor>
					<info>ListItem.Label2</info>
				</control>
			</focusedlayout>
		</control>
	<!-- Left List Scrollbar -->
		<control type="button">
			<posx>335</posx>
			<posy>41</posy>
			<width>17</width>
			<height>17</height>
			<onclick>PageUp(99)</onclick>
			<texturefocus>scrollbar-arrow-up.png</texturefocus>
			<texturenofocus>scrollbar-arrow-up-nofocus.png</texturenofocus>
		</control>
		<control type="button">
			<posx>335</posx>
			<posy>487</posy>
			<width>17</width>
			<height>17</height>
			<onclick>PageDown(99)</onclick>
			<texturefocus>scrollbar-arrow-down.png</texturefocus>
			<texturenofocus>scrollbar-arrow-down-nofocus.png</texturenofocus>
		</control>
		<control type="scrollbar" id="99">
			<posx>335</posx>
			<posy>58</posy>
			<width>17</width>
			<height>429</height>
			<texturesliderbackground>scrollbar_background.png</texturesliderbackground>
			<texturesliderbar>scrollbar_bar.png</texturesliderbar>
			<texturesliderbarfocus>scrollbar_bar_focus.png</texturesliderbarfocus>
			<textureslidernib>-</textureslidernib>
			<textureslidernibfocus>-</textureslidernibfocus>
			<onleft>20</onleft>
			<onright>21</onright>
			<showonepage>false</showonepage>
			<orientation>vertical</orientation>
		</control>

		<control type="list" id="21">
			<posx>368</posx>
			<posy>41</posy>
			<width>321</width>
			<height>464</height>
			<onleft>99</onleft>
			<onright>100</onright>
			<onup>21</onup>
			<ondown>21</ondown>
			<scrolltime>1</scrolltime>
			<pagecontrol>100</pagecontrol>
			<itemlayout height="38">
				<control type="label">
					<posx>10</posx>
					<posy>0</posy>
					<width>201</width>
					<height>38</height>
					<font>font12</font>
					<align>left</align>
					<aligny>center</aligny>
					<textcolor>button-text</textcolor>
					<selectedcolor>listselectedtext</selectedcolor>
					<info>ListItem.Label</info>
				</control>
				<control type="label">
					<posx>311</posx>
					<posy>0</posy>
					<width>100</width>
					<height>38</height>
					<font>font12</font>
					<align>right</align>
					<aligny>center</aligny>
					<textcolor>button-text</textcolor>
					<selectedcolor>listselectedtext</selectedcolor>
					<info>ListItem.Label2</info>
				</control>
			</itemlayout>
			<focusedlayout height="38">
				<control type="image">
					<width>321</width>
					<height>38</height>
					<posx>0</posx>
					<posy>0</posy>
					<texture>default-button.png</texture>
					<visible>Control.HasFocus(21) | Control.HasFocus(100)</visible>
				</control>
				<control type="image">
					<width>321</width>
					<height>38</height>
					<posx>0</posx>
					<posy>0</posy>
					<texture>default-button-alpha.png</texture>
					<visible>Control.HasFocus(20) | Control.HasFocus(99)</visible>
				</control>
				<control type="label">
					<posx>10</posx>
					<posy>0</posy>
					<width>201</width>
					<height>38</height>
					<font>font12</font>
					<align>left</align>
					<aligny>center</aligny>
					<textcolor>button-text</textcolor>
					<selectedcolor>listselectedtext</selectedcolor>
					<scroll>true</scroll>
					<info>ListItem.Label</info>
					<textoffsetx>10</textoffsetx>
				</control>
				<control type="label">
					<posx>311</posx>
					<posy>0</posy>
					<width>100</width>
					<height>38</height>
					<font>font12</font>
					<align>right</align>
					<aligny>center</aligny>
					<textcolor>button-text</textcolor>
					<selectedcolor>listselectedtext</selectedcolor>
					<info>ListItem.Label2</info>
				</control>
			</focusedlayout>
		</control>
	<!-- Right List Scrollbar -->
		<control type="button">
			<posx>689</posx>
			<posy>41</posy>
			<width>17</width>
			<height>17</height>
			<onclick>PageUp(100)</onclick>
			<texturefocus>scrollbar-arrow-up.png</texturefocus>
			<texturenofocus>scrollbar-arrow-up-nofocus.png</texturenofocus>
		</control>
		<control type="button">
			<posx>689</posx>
			<posy>487</posy>
			<width>17</width>
			<height>17</height>
			<onclick>PageDown(100)</onclick>
			<texturefocus>scrollbar-arrow-down.png</texturefocus>
			<texturenofocus>scrollbar-arrow-down-nofocus.png</texturenofocus>
		</control>
		<control type="scrollbar" id="100">
			<posx>689</posx>
			<posy>58</posy>
			<width>17</width>
			<height>429</height>
			<texturesliderbackground>scrollbar_background.png</texturesliderbackground>
			<texturesliderbar>scrollbar_bar.png</texturesliderbar>
			<texturesliderbarfocus>scrollbar_bar_focus.png</texturesliderbarfocus>
			<textureslidernib>-</textureslidernib>
			<textureslidernibfocus>-</textureslidernibfocus>
			<onleft>21</onleft>
			<onright>20</onright>
			<showonepage>false</showonepage>
			<orientation>vertical</orientation>
		</control>

		<control type="fadelabel" id="101">
			<description>current Directory text label left</description>
			<align>left</align>
			<posx>20</posx>
			<posy>18</posy>
			<width>325</width>
			<font>font12</font>
		</control>

		<control type="fadelabel" id="102">
			<description>current Directory text label right</description>
			<align>left</align>
			<posx>375</posx>
			<posy>18</posy>
			<width>325</width>
			<font>font12</font>
		</control>
		<control type="label" id="12">
			<description>number of files in left list text label</description>
			<align>left</align>
			<posx>20</posx>
			<posy>507</posy>
			<width>325</width>
			<label>-</label>
			<font>font12</font>
		</control>
		<control type="label" id="13">
			<description>number of files in left list text label</description>
			<align>left</align>
			<posx>375</posx>
			<posy>507</posy>
			<width>325</width>
			<label>-</label>
			<font>font12</font>
		</control>

		<control type="image">
			<description>left filemanager separator top</description>
			<posx>13</posx>
			<posy>38</posy>
			<width>339</width>
			<height>3</height>
			<texture>white-block.png</texture>
		</control>
		<control type="image">
			<description>left filemanager separator bottom</description>
			<posx>13</posx>
			<posy>505</posy>
			<width>339</width>
			<height>3</height>
			<texture>white-block.png</texture>
		</control>
		<control type="image">
			<description>left filemanager background top</description>
			<posx>10</posx>
			<posy>10</posy>
			<width>345</width>
			<height>30</height>
			<texture>context-top.png</texture>
		</control>
		<control type="image">
			<description>left filemanager background middle</description>
			<posx>10</posx>
			<posy>40</posy>
			<width>345</width>
			<height>466</height>
			<texture>context-middle.png</texture>
		</control>
		<control type="image">
			<description>left filemanager background bottom</description>
			<posx>10</posx>
			<posy>506</posy>
			<width>345</width>
			<height>30</height>
			<texture>context-bottom.png</texture>
		</control>

		<control type="image">
			<description>right filemanager separator top</description>
			<posx>368</posx>
			<posy>38</posy>
			<width>339</width>
			<height>3</height>
			<texture>white-block.png</texture>
		</control>
		<control type="image">
			<description>right filemanager separator bottom</description>
			<posx>368</posx>
			<posy>505</posy>
			<width>339</width>
			<height>3</height>
			<texture>white-block.png</texture>
		</control>
		<control type="image">
			<description>right filemanager background top</description>
			<posx>365</posx>
			<posy>10</posy>
			<width>345</width>
			<height>30</height>
			<texture>context-top.png</texture>
		</control>
		<control type="image">
			<description>right filemanager background middle</description>
			<posx>365</posx>
			<posy>40</posy>
			<width>345</width>
			<height>466</height>
			<texture>context-middle.png</texture>
		</control>
		<control type="image">
			<description>right filemanager background bottom</description>
			<posx>365</posx>
			<posy>506</posy>
			<width>345</width>
			<height>30</height>
			<texture>context-bottom.png</texture>
		</control>

		<control type="rss">
			<description>rss feed</description>
			<posx>0</posx>
			<posy>546</posy>
			<width>720</width>
			<font>font11</font>
			<urlset>1</urlset>
			<textcolor>info-text</textcolor>
			<titlecolor>rss-title-text</titlecolor>
			<headlinecolor>rss-headline-text</headlinecolor>
		</control>
	</controls>
</window>