﻿<window id="131">
	<defaultcontrol>5</defaultcontrol>
	<coordinates>
		<system>1</system>
		<posx>161</posx>
		<posy>132</posy>
	</coordinates>
	<visible>Window.IsActive(131)</visible>
	<controls>
		<control type="image">
			<posx>-300</posx>
			<posy>-300</posy>
			<width>1300</width>
			<height>1300</height>
			<texture>black.png</texture>
			<visible>!Window.IsActive(130)</visible>
		</control>
		<control type="image">
			<description>background image</description>
			<posx>-25</posx>
			<posy>-11</posy>
			<width>446</width>
			<height>406</height>
			<texture>button-menu-background.png</texture>
		</control>
		<control type="label" id="2">
			<description>Settings Label</description>
			<posx>0</posx>
			<posy>2</posy>
			<width>420</width>
			<align>left</align>
			<font>special13</font>
			<textcolor>DDced8da</textcolor>
		</control>
		<control type="label" id="3">
			<description>No Settings Label</description>
			<posx>0</posx>
			<posy>170</posy>
			<width>408</width>
			<align>center</align>
			<label>12016</label>
			<font>font12</font>
			<textcolor>button-text</textcolor>
		</control>
		<control type="spincontrol" id="60">
			<description>Next page button</description>
			<posx>371</posx>
			<posy>8</posy>
			<subtype>int</subtype>
			<font>font12</font>
			<onleft>60</onleft>
			<onright>60</onright>
			<ondown>2</ondown>
			<textcolor>button-text</textcolor>
		</control>
		<control type="image" id="5">
			<description>control area</description>
			<posx>-1</posx>
			<posy>40</posy>
			<width>408</width>
			<height>325</height>
			<texture>-</texture>
		</control>
		<control type="image" id="6">
			<description>control gap</description>
			<width>350</width>
			<height>31</height>
			<texture>-</texture>
		</control>
		<control type="button" id="7">
			<description>Default Button</description>
			<posx>530</posx>
			<posy>150</posy>
			<width>235</width>
			<height>45</height>
			<font>font12</font>
			<textoffsetx>10</textoffsetx>
			<aligny>center</aligny>
			<texturefocus>default-button.png</texturefocus>
			<texturenofocus>-</texturenofocus>
			<textcolor>button-text</textcolor>
		</control>
		<control type="radiobutton" id="8">
			<description>Default RadioButton</description>
			<posx>530</posx>
			<posy>150</posy>
			<height>45</height>
			<font>font12</font>
			<texturefocus>default-button.png</texturefocus>
			<texturenofocus>-</texturenofocus>
			<textoffsetx>10</textoffsetx>
			<aligny>center</aligny>
			<textureradiofocus>settings-check-box.png</textureradiofocus>
			<textureradionofocus>settings-check-boxNF.png</textureradionofocus>
			<textcolor>button-text</textcolor>
		</control>
		<control type="spincontrolex" id="9">
			<description>Default SpinControlex</description>
			<posx>530</posx>
			<posy>150</posy>
			<height>31</height>
			<width>300</width>
			<texturefocus>default-button.png</texturefocus>
			<texturenofocus>-</texturenofocus>
			<textureup>scroll-up.png</textureup>
			<texturedown>scroll-down.png</texturedown>
			<textureupfocus>scroll-up-focus.png</textureupfocus>
			<texturedownfocus>scroll-down-focus.png</texturedownfocus>
			<font>font12</font>
			<disabledcolor>60d0d0d0</disabledcolor>
			<textoffsetx>12</textoffsetx>
			<aligny>center</aligny>
			<reverse>yes</reverse>
			<textcolor>button-text</textcolor>
		</control>
		<control type="sliderex" id="10">
			<description>Default Slider</description>
			<posx>1530</posx>
			<posy>150</posy>
			<height>31</height>
			<width>300</width>
			<texturefocus>default-button.png</texturefocus>
			<texturenofocus>-</texturenofocus>
			<sliderwidth>100</sliderwidth>
			<sliderheight>20</sliderheight>
			<texturesliderbar>osd_slider_bg.png</texturesliderbar>
			<textureslidernib>osd_slider_nibNF.png</textureslidernib>
			<textureslidernibfocus>osd_slider_nibFO.png</textureslidernibfocus>
			<font>font12</font>
			<disabledcolor>60d0d0d0</disabledcolor>
			<textoffsetx>12</textoffsetx>
			<textcolor>button-text</textcolor>
		</control>
		<control type="button" id="28">
			<description>OK button</description>
			<posx>223</posx>
			<posy>325</posy>
			<width>90</width>
			<height>32</height>
			<align>center</align>
			<label>186</label>
			<font>font10</font>
			<texturenofocus>-</texturenofocus>
			<texturefocus>default-button.png</texturefocus>
			<onleft>30</onleft>
			<onright>29</onright>
			<onup>30</onup>
			<ondown>30</ondown>
			<textcolor>button-text</textcolor>
		</control>
		<control type="button" id="29">
			<description>Cancel button</description>
			<posx>318</posx>
			<posy>325</posy>
			<width>90</width>
			<height>32</height>
			<align>center</align>
			<label>222</label>
			<font>font10</font>
			<texturenofocus>-</texturenofocus>
			<texturefocus>default-button.png</texturefocus>
			<onleft>28</onleft>
			<onright>30</onright>
			<onup>30</onup>
			<ondown>30</ondown>
			<textcolor>button-text</textcolor>
		</control>
	</controls>
</window>