<window id="35">
	<defaultcontrol always="true">50</defaultcontrol>
	<allowoverlay>yes</allowoverlay>
	<previouswindow>ShutdownMenu</previouswindow>
	<controls>
		<include>background</include>

		<include>ListView-Icon</include>
		<control type="image">
			<description>list item overlay</description>
			<posx>310</posx>
			<posy>405</posy>
			<width>50</width>
			<height>50</height>
			<info>ListItem.Overlay</info>
			<visible>Control.IsVisible(50)</visible>
		</control>
		<control type="image">
			<description>list item overlay reflection</description>
			<posx>310</posx>
			<posy>455</posy>
			<width>50</width>
			<height>50</height>
			<info>ListItem.Overlay</info>
			<texture flipy="true" diffuse="fade.png">-</texture>
			<visible>Control.IsVisible(50)</visible>
		</control>
		<control type="label">
			<description>list id label</description>
			<posx>120</posx>
			<posy>420</posy>
			<width>200</width>
			<height>200</height>
			<info>ListItem.Label2</info>
			<textcolor>button-text</textcolor>
			<visible>Control.IsVisible(50)</visible>
		</control>
		<include>ListView</include>
		<include>List2</include>
		<include>PageControl</include>
		<control type="group">
			<visible>!Skin.HasSetting(view-as-lock)</visible>
			<control type="image">
				<description>Background shadow</description>
				<posx>0</posx>
				<posy>0</posy>
				<width>720</width>
				<height>576</height>
				<texture>black.png</texture>
				<include>View-as</include>
			</control>
			<control type="image">
				<description>button background top image</description>
				<posx>260</posx>
				<posy>178</posy>
				<width>225</width>
				<height>2</height>
				<texture>dialog-context-end.png</texture>
				<include>button-fade</include>
				<include>View-as</include>
			</control>
			<control type="image">
				<description>button background image</description>
				<posx>260</posx>
				<posy>180</posy>
				<width>225</width>
				<height>90</height>
				<texture>dialog-context-middle.png</texture>
				<include>button-fade</include>
				<include>View-as</include>
			</control>
			<control type="image">
				<description>button background bottom image</description>
				<posx>260</posx>
				<posy>270</posy>
				<width>225</width>
				<height>2</height>
				<texture>dialog-context-end.png</texture>
				<include>button-fade</include>
				<include>View-as</include>
			</control>
			<control type="button" id="2">
				<description>View As Icons button</description>
				<posx>262</posx>
				<posy>180</posy>
				<width>220</width>
				<height>45</height>
				<font>font12</font>
				<label>100</label>
				<textoffsetx>10</textoffsetx>
				<aligny>center</aligny>
				<texturefocus>default-button.png</texturefocus>
				<texturenofocus>-</texturenofocus>
				<onleft>50</onleft>
				<onright>50</onright>
				<onup>3</onup>
				<ondown>3</ondown>
				<textcolor>button-text</textcolor>
				<include>View-as</include>
			</control>
			<control type="button" id="3">
				<description>Sort by button</description>
				<posx>262</posx>
				<posy>225</posy>
				<width>220</width>
				<height>45</height>
				<font>font12</font>
				<label>103</label>
				<textoffsetx>10</textoffsetx>
				<texturefocus>default-button.png</texturefocus>
				<texturenofocus>-</texturenofocus>
				<onleft>50</onleft>
				<onright>4</onright>
				<onup>2</onup>
				<ondown>2</ondown>
				<textcolor>button-text</textcolor>
				<include>View-as</include>
			</control>
			<control type="togglebutton" id="4">
				<description>Sort asc</description>
				<posx>440</posx>
				<posy>240</posy>
				<label>-</label>
				<onleft>3</onleft>
				<onright>50</onright>
				<onup>2</onup>
				<ondown>2</ondown>
				<include>View-as</include>
			</control>
		</control>
	</controls>
</window> 