﻿<window id="502">
	<defaultcontrol always="true">50</defaultcontrol>
	<allowoverlay>yes</allowoverlay>
	<previouswindow>ShutdownMenu</previouswindow>
	<controls>
		<include>background</include>
		<include>#files</include>
		<!-- Album Info -->
		<control type="group">
			<animation effect="fade" start="0" delay="100">Visible</animation>
			<visible>!Window.IsActive(ShutdownMenu) + Control.IsVisible(50) + System.IdleTime(2) + Container.Content(Albums)</visible>
			<control type="label">
				<description>Album label</description>
				<posx>45</posx>
				<posy>320</posy>
				<width>310</width>
				<height>200</height>
				<label>$INFO[ListItem.Artist]</label>
				<scroll>true</scroll>
				<font>font11</font>
				<textcolor>button-text</textcolor>
			</control>
			<control type="image">
				<description>seperator</description>
				<posx>45</posx>
				<posy>340</posy>
				<width>310</width>
				<height>5</height>
				<texture>separator.png</texture>
			</control>
			<control type="label">
				<description>Artist label</description>
				<posx>95</posx>
				<posy>345</posy>
				<width>80</width>
				<label>$LOCALIZE[557]:</label>
				<font>font10</font>
				<align>right</align>
				<textcolor>grey-text</textcolor>
			</control>
			<control type="label">
				<description>Artist value</description>
				<posx>98</posx>
				<posy>345</posy>
				<width>255</width>
				<label fallback="416">$INFO[ListItem.Artist]</label>
				<scroll>true</scroll>
				<font>font10</font>
				<textcolor>button-text</textcolor>
			</control>
			<control type="label">
				<description>Genre label</description>
				<posx>95</posx>
				<posy>360</posy>
				<width>80</width>
				<label>$LOCALIZE[515]:</label>
				<font>font10</font>
				<align>right</align>
				<textcolor>grey-text</textcolor>
			</control>
			<control type="label">
				<description>Genre value</description>
				<posx>98</posx>
				<posy>360</posy>
				<width>255</width>
				<label fallback="416">$INFO[ListItem.Genre]</label>
				<scroll>true</scroll>
				<font>font10</font>
				<textcolor>button-text</textcolor>
			</control>
			<control type="label">
				<description>Year label</description>
				<posx>95</posx>
				<posy>375</posy>
				<width>80</width>
				<label>$LOCALIZE[345]:</label>
				<font>font10</font>
				<align>right</align>
				<textcolor>grey-text</textcolor>
			</control>
			<control type="label">
				<description>Year value</description>
				<posx>98</posx>
				<posy>375</posy>
				<width>255</width>
				<label fallback="416">$INFO[ListItem.Year]</label>
				<font>font10</font>
				<textcolor>button-text</textcolor>
			</control>
			<control type="image">
				<description>seperator</description>
				<posx>45</posx>
				<posy>395</posy>
				<width>310</width>
				<height>5</height>
				<texture>separator.png</texture>
			</control>
			<control type="textbox">
				<description>Album Review</description>
				<posx>45</posx>
				<posy>405</posy>
				<width>310</width>
				<height>110</height>
				<font>font10</font>
				<include>AutoScroll2x</include>
				<label fallback="416">$INFO[ListItem.Property(Description)]</label>
			</control>
			<control type="image">
				<description>seperator</description>
				<posx>45</posx>
				<posy>520</posy>
				<width>310</width>
				<height>5</height>
				<texture>separator.png</texture>
			</control>
		</control>
		<!-- Artist Info -->
		<control type="group">
			<animation effect="fade" start="0" delay="100">Visible</animation>
			<visible>!Window.IsActive(ShutdownMenu) + Control.IsVisible(50) + System.IdleTime(2) + Container.Content(Artists)</visible>
			<control type="label">
				<description>Artists label</description>
				<posx>45</posx>
				<posy>320</posy>
				<width>310</width>
				<height>200</height>
				<label>$INFO[ListItem.Artist]</label>
				<scroll>true</scroll>
				<font>font11</font>
				<textcolor>button-text</textcolor>
			</control>
			<control type="image">
				<description>seperator</description>
				<posx>45</posx>
				<posy>340</posy>
				<width>310</width>
				<height>5</height>
				<texture>separator.png</texture>
			</control>
			<control type="textbox">
				<description>Album Review</description>
				<posx>45</posx>
				<posy>345</posy>
				<width>310</width>
				<height>170</height>
				<font>font10</font>
				<include>AutoScroll2x</include>
				<label fallback="416">$INFO[ListItem.Property(Description)]</label>
			</control>
			<control type="image">
				<description>seperator</description>
				<posx>45</posx>
				<posy>520</posy>
				<width>310</width>
				<height>5</height>
				<texture>separator.png</texture>
			</control>
		</control>
		<include>ListView</include>
		<include>List2</include>
		<include>BigListView</include>
		<include>IconView</include>
		<include>BigIconView</include>
		<include>WrapView</include>
		<include>AlbumCoverflow</include>
		<include>PageControl</include>
		<control type="group" id="9001">
			<include>Slide-In</include>
			<control type="group" id="9000">
				<posx>11</posx>
				<posy>0</posy>
				<control type="button" id="2">
					<description>View As Icons button</description>
					<posy>5</posy>
					<label>100</label>
					<onleft>50</onleft>
					<onright>50</onright>
					<onup>16</onup>
					<ondown>3</ondown>
					<include>Media-Button</include>
				</control>
				<control type="button" id="3">
					<description>Sort by button</description>
					<posy>50</posy>
					<label>103</label>
					<onleft>50</onleft>
					<onright>4</onright>
					<onup>2</onup>
					<ondown>5</ondown>
					<include>Media-Button</include>
				</control>
				<control type="togglebutton" id="4">
					<description>Sort asc</description>
					<posx>177</posx>
					<posy>65</posy>
					<label>-</label>
					<onleft>3</onleft>
					<onright>50</onright>
					<onup>2</onup>
					<ondown>5</ondown>
				</control>
				<control type="radiobutton" id="5">
					<description>Library button</description>
					<posy>95</posy>
					<label>$LOCALIZE[14022] $LOCALIZE[456]</label>
					<onclick>ReplaceWindow(mymusicfiles)</onclick>
					<selected>Window.IsVisible(mymusiclibrary)</selected>
					<onleft>50</onleft>
					<onright>50</onright>
					<onup>3</onup>
					<ondown>8</ondown>
					<include>Media-Button</include>
				</control>
				<control type="button" id="8">
					<description>Search button</description>
					<posy>140</posy>
					<label>137</label>
					<onleft>50</onleft>
					<onright>50</onright>
					<onup>5</onup>
					<ondown>17</ondown>
					<include>Media-Button</include>
				</control>
				<control type="button" id="17">
					<description>CDDB Button</description>
					<posy>185</posy>
					<label>31014</label>
					<onleft>50</onleft>
					<onright>50</onright>
					<onup>8</onup>
					<ondown>16</ondown>
					<include>Media-Button</include>
				</control>
				<control type="radiobutton" id="16">
					<description>Party Mode button</description>
					<posy>230</posy>
					<label>589</label>
					<onleft>50</onleft>
					<onright>50</onright>
					<onup>17</onup>
					<ondown>2</ondown>
					<include>Media-Button</include>
				</control>
				<include>Media-Info</include>
			</control>
		</control>
	</controls>
</window>