<window id="130">
	<defaultcontrol>1</defaultcontrol>
	<coordinates>
		<system>1</system>
		<posx>190</posx>
		<posy>25</posy>
	</coordinates>
	<controls>
		<control type="image">
			<description>top</description>
			<posx>0</posx>
			<posy>0</posy>
			<width>400</width>
			<height>30</height>
			<texture>context2-top.png</texture>
		</control>
		<control type="image">
			<description>middle</description>
			<posx>0</posx>
			<posy>30</posy>
			<width>400</width>
			<height>430</height>
			<texture>context2-middle.png</texture>
		</control>
		<control type="image">
			<description>bottom</description>
			<posx>0</posx>
			<posy>460</posy>
			<width>400</width>
			<height>30</height>
			<texture>context2-bottom.png</texture>
		</control>

		<control type="label" id="1000">
			<description>Profile Name</description>
			<posx>0</posx>
			<posy>5</posy>
			<width>400</width>
			<height>30</height>
			<align>center</align>
			<aligny>center</aligny>
			<font>font12</font>
			<textcolor>button-text</textcolor>
		</control>
		<control type="image">
			<posx>4</posx>
			<posy>30</posy>
			<width>392</width>
			<height>5</height>
			<texture>separator.png</texture>
		</control>
		<control type="image" id="2">
			<description>profile image</description>
			<posx>125</posx>
			<posy>45</posy>
			<width>150</width>
			<height>150</height>
			<align>center</align>
			<aspectratio>keep</aspectratio>
			<texture>unknown-user.png</texture>
		</control>

		<control type="label">
			<description>profile directory label</description>
			<posx>200</posx>
			<posy>195</posy>
			<width>196</width>
			<align>right</align>
			<font>font10</font>
			<textcolor>grey-text</textcolor>
			<label>$LOCALIZE[20070]-</label>
		</control>
		<control type="label" id="1001">
			<description>profile directory Value</description>
			<posx>200</posx>
			<posy>195</posy>
			<width>196</width>
			<align>left</align>
			<font>font10</font>
			<textcolor>grey-text</textcolor>
		</control>
		<control type="image">
			<posx>4</posx>
			<posy>215</posy>
			<width>392</width>
			<height>5</height>
			<texture>separator.png</texture>
		</control>
		<control type="grouplist" id="5">
			<description>control area</description>
			<posx>4</posx>
			<posy>220</posy>
			<width>392</width>
			<height>222</height>
			<itemgap>0</itemgap>
			<pagecontrol>60</pagecontrol>
			<onleft>28</onleft>
			<onright>60</onright>
			<onup>28</onup>
			<ondown>28</ondown>
		</control>
		<control type="image">
			<posx>4</posx>
			<posy>430</posy>
			<width>392</width>
			<height>5</height>
			<texture>separator.png</texture>
		</control>
		<control type="button" id="7">
			<description>Default Button</description>
			<height>35</height>
			<font>font12</font>
			<textcolor>button-text</textcolor>
			<textoffsetx>10</textoffsetx>
			<texturefocus>default-button.png</texturefocus>
			<texturenofocus></texturenofocus>
		</control>
		<control type="radiobutton" id="8">
			<description>Default RadioButton</description>
			<height>35</height>
			<font>font12</font>
			<textcolor>button-text</textcolor>
			<texturefocus>default-button.png</texturefocus>
			<texturenofocus></texturenofocus>
		</control>
		<control type="spincontrolex" id="9">
			<description>Default spincontrolex</description>
			<height>35</height>
			<texturefocus>default-button.png</texturefocus>
			<texturenofocus></texturenofocus>
			<font>font12</font>
			<textcolor>button-text</textcolor>
			<reverse>yes</reverse>
		</control>
		<control type="sliderex" id="10">
			<description>Default Slider</description>
			<height>35</height>
			<texturefocus>default-button.png</texturefocus>
			<texturenofocus></texturenofocus>
			<font>font12</font>
			<textcolor>button-text</textcolor>
		</control>
		<control type="image" id="11">
			<description>Default Seperator</description>
			<height>5</height>
			<texture>separator.png</texture>
		</control>
		<control type="button" id="28">
			<description>Ok Button</description>
			<posx>75</posx>
			<posy>440</posy>
			<width>100</width>
			<height>35</height>
			<align>center</align>
			<aligny>center</aligny>
			<texturefocus>button2.png</texturefocus>
			<texturenofocus>button2-alpha.png</texturenofocus>
			<label>186</label>
			<onleft>29</onleft>
			<onright>29</onright>
			<onup>5</onup>
			<ondown>5</ondown>
		</control>
		<control type="button" id="29">
			<description>Cancel Button</description>
			<posx>225</posx>
			<posy>440</posy>
			<width>100</width>
			<height>35</height>
			<align>center</align>
			<aligny>center</aligny>
			<texturefocus>button2.png</texturefocus>
			<texturenofocus>button2-alpha.png</texturenofocus>
			<label>222</label>
			<onleft>28</onleft>
			<onright>28</onright>
			<onup>5</onup>
			<ondown>5</ondown>
		</control>
	</controls>
</window>