﻿<window>
	<defaultcontrol>201</defaultcontrol>
	<include>button-fade</include>
	<coordinates>
		<system>1</system>
		<posx>162</posx>
		<posy>96</posy>
	</coordinates>
	<controls>
		<control type="image" id="1">
			<description>backdrop</description>
			<posx>-162</posx>
			<posy>-96</posy>
			<width>720</width>
			<height>576</height>
			<texture>black.png</texture>
		</control>
		<control type="image" id="1">
			<posx>-45</posx>
			<posy>-11</posy>
			<width>486</width>
			<height>406</height>
			<texture>button-menu-background.png</texture>
		</control>
		<!-- labels -->
		<!-- ** Required ** Do not change id or type -->
		<control type="label" id="20">
			<description>Title Label</description>
			<posx>-10</posx>
			<posy>6</posy>
			<width>280</width>
			<align>left</align>
			<font>font13</font>
			<textcolor>button-text</textcolor>
			<label>-</label>
		</control>
		<!-- ** Required ** Do not change id or type -->
		<control type="label" id="30">
			<description>Version Label</description>
			<posx>420</posx>
			<posy>6</posy>
			<width>150</width>
			<align>right</align>
			<font>font13</font>
			<textcolor>button-text</textcolor>
			<label>-</label>
		</control>
		<!-- ** Required ** Do not change id or type -->
		<control type="spincontrol" id="900">
			<description>page label</description>
			<posx>438</posx>
			<posy>338</posy>
			<subtype>page</subtype>
			<font>font12</font>
			<textcolor>button-text</textcolor>
			<texturefocus>-</texturefocus>
			<texturenofocus>-</texturenofocus>
			<textureup>-</textureup>
			<textureupfocus>-</textureupfocus>
			<texturedown>-</texturedown>
			<texturedownfocus>-</texturedownfocus>
			<showonepage>true</showonepage>
		</control>
		<!-- ** Required ** Do not change id's or type's -->
		<control type="grouplist" id="9000">
			<posx>-20</posx>
			<posy>60</posy>
			<width>350</width>
			<height>286</height>
			<itemgap>2</itemgap>
			<pagecontrol>900</pagecontrol>
			<control type="group">
				<height>30</height>
				<control type="button" id="201">
					<description>Setting1 Button</description>
					<posx>0</posx>
					<posy>0</posy>
					<width>350</width>
					<height>30</height>
					<align>left</align>
					<aligny>center</aligny>
					<label>-</label>
					<font>font13</font>
					<textcolor>button-text</textcolor>
					<textoffsetx>10</textoffsetx>
					<texturefocus>default-button.png</texturefocus>
					<texturenofocus>-</texturenofocus>
					<disabledcolor>disabled-text</disabledcolor>
					<onleft>2000</onleft>
					<onright>2000</onright>
					<onup>211</onup>
					<ondown>202</ondown>
				</control>
				<control type="button" id="221">
					<description>Setting1 Value</description>
					<posx>0</posx>
					<posy>0</posy>
					<width>350</width>
					<height>30</height>
					<align>right</align>
					<aligny>center</aligny>
					<label>-</label>
					<font>font13</font>
					<textcolor>button-text</textcolor>
					<textoffsetx>10</textoffsetx>
					<texturefocus>-</texturefocus>
					<texturenofocus>-</texturenofocus>
					<disabledcolor>disabled-text</disabledcolor>
				</control>
			</control>
			<control type="group">
				<height>30</height>
				<control type="button" id="202">
					<description>Setting2 Button</description>
					<posx>0</posx>
					<posy>0</posy>
					<width>350</width>
					<height>30</height>
					<align>left</align>
					<aligny>center</aligny>
					<label>-</label>
					<font>font13</font>
					<textcolor>button-text</textcolor>
					<textoffsetx>10</textoffsetx>
					<texturefocus>default-button.png</texturefocus>
					<texturenofocus>-</texturenofocus>
					<disabledcolor>disabled-text</disabledcolor>
					<onleft>2000</onleft>
					<onright>2000</onright>
					<onup>201</onup>
					<ondown>203</ondown>
				</control>
				<control type="checkmark" id="222">
					<description>Setting2 Value</description>
					<posx>320</posx>
					<posy>5</posy>
					<width>50</width>
					<height>30</height>
					<align>left</align>
					<label>-</label>
					<font>font13</font>
					<textcolor>button-text</textcolor>
					<texturecheckmark>default-settings-check-box.png</texturecheckmark>
					<texturecheckmarknofocus>default-settings-check-boxNF.png</texturecheckmarknofocus>
					<markwidth>16</markwidth>
					<markheight>20</markheight>
					<disabledcolor>disabled-text</disabledcolor>
				</control>
			</control>
			<control type="group">
				<height>30</height>
				<control type="button" id="203">
					<description>Setting3 Button</description>
					<posx>0</posx>
					<posy>0</posy>
					<width>350</width>
					<height>30</height>
					<align>left</align>
					<aligny>center</aligny>
					<label>-</label>
					<font>font13</font>
					<textcolor>button-text</textcolor>
					<textoffsetx>10</textoffsetx>
					<texturefocus>default-button.png</texturefocus>
					<texturenofocus>-</texturenofocus>
					<disabledcolor>disabled-text</disabledcolor>
					<onleft>2000</onleft>
					<onright>2000</onright>
					<onup>202</onup>
					<ondown>204</ondown>
				</control>
				<control type="button" id="223">
					<description>Setting3 Value</description>
					<posx>0</posx>
					<posy>0</posy>
					<width>350</width>
					<height>30</height>
					<align>right</align>
					<aligny>center</aligny>
					<label>-</label>
					<font>font13</font>
					<textwidth>200</textwidth>
					<textcolor>button-text</textcolor>
					<textoffsetx>10</textoffsetx>
					<texturefocus>-</texturefocus>
					<texturenofocus>-</texturenofocus>
					<disabledcolor>disabled-text</disabledcolor>
				</control>
			</control>
			<control type="group">
				<height>30</height>
				<control type="button" id="204">
					<description>Setting4 Button</description>
					<posx>0</posx>
					<posy>0</posy>
					<width>350</width>
					<height>30</height>
					<align>left</align>
					<aligny>center</aligny>
					<label>-</label>
					<font>font13</font>
					<textcolor>button-text</textcolor>
					<textoffsetx>10</textoffsetx>
					<texturefocus>default-button.png</texturefocus>
					<texturenofocus>-</texturenofocus>
					<disabledcolor>disabled-text</disabledcolor>
					<onleft>2000</onleft>
					<onright>2000</onright>
					<onup>203</onup>
					<ondown>205</ondown>
				</control>
				<control type="checkmark" id="224">
					<description>Setting4 Value</description>
					<posx>320</posx>
					<posy>5</posy>
					<width>50</width>
					<height>30</height>
					<align>left</align>
					<label>-</label>
					<font>font13</font>
					<textcolor>button-text</textcolor>
					<texturecheckmark>default-settings-check-box.png</texturecheckmark>
					<texturecheckmarknofocus>default-settings-check-boxNF.png</texturecheckmarknofocus>
					<markwidth>16</markwidth>
					<markheight>20</markheight>
					<disabledcolor>disabled-text</disabledcolor>
				</control>
			</control>
			<control type="group">
				<height>30</height>
				<control type="button" id="205">
					<description>Setting5 Button</description>
					<posx>0</posx>
					<posy>0</posy>
					<width>350</width>
					<height>30</height>
					<align>left</align>
					<aligny>center</aligny>
					<label>-</label>
					<font>font13</font>
					<textcolor>button-text</textcolor>
					<textoffsetx>10</textoffsetx>
					<texturefocus>default-button.png</texturefocus>
					<texturenofocus>-</texturenofocus>
					<disabledcolor>disabled-text</disabledcolor>
					<onleft>2000</onleft>
					<onright>2000</onright>
					<onup>204</onup>
					<ondown>206</ondown>
				</control>
				<control type="checkmark" id="225">
					<description>Setting5 Value</description>
					<posx>320</posx>
					<posy>5</posy>
					<width>50</width>
					<height>30</height>
					<align>left</align>
					<label>-</label>
					<font>font13</font>
					<textcolor>button-text</textcolor>
					<texturecheckmark>default-settings-check-box.png</texturecheckmark>
					<texturecheckmarknofocus>default-settings-check-boxNF.png</texturecheckmarknofocus>
					<markwidth>16</markwidth>
					<markheight>20</markheight>
					<disabledcolor>disabled-text</disabledcolor>
				</control>
			</control>
			<control type="group">
				<visible>false</visible>
				<height>30</height>
				<control type="button" id="206">
					<description>Setting6 Button</description>
					<posx>0</posx>
					<posy>0</posy>
					<width>350</width>
					<height>30</height>
					<align>left</align>
					<aligny>center</aligny>
					<label>-</label>
					<font>font13</font>
					<textcolor>button-text</textcolor>
					<textoffsetx>10</textoffsetx>
					<texturefocus>default-button.png</texturefocus>
					<texturenofocus>-</texturenofocus>
					<disabledcolor>disabled-text</disabledcolor>
					<onleft>2000</onleft>
					<onright>2000</onright>
					<onup>205</onup>
					<ondown>207</ondown>
				</control>
				<control type="button" id="226">
					<description>Setting6 Value</description>
					<posx>0</posx>
					<posy>0</posy>
					<width>350</width>
					<height>30</height>
					<align>right</align>
					<aligny>center</aligny>
					<label>-</label>
					<font>font13</font>
					<textcolor>button-text</textcolor>
					<textoffsetx>10</textoffsetx>
					<texturefocus>-</texturefocus>
					<texturenofocus>-</texturenofocus>
					<disabledcolor>disabled-text</disabledcolor>
				</control>
			</control>
			<control type="group">
				<visible>false</visible>
				<height>30</height>
				<control type="button" id="207">
					<description>Setting7 Button</description>
					<posx>0</posx>
					<posy>0</posy>
					<width>350</width>
					<height>30</height>
					<align>left</align>
					<aligny>center</aligny>
					<label>-</label>
					<font>font13</font>
					<textcolor>button-text</textcolor>
					<textoffsetx>10</textoffsetx>
					<texturefocus>default-button.png</texturefocus>
					<texturenofocus>-</texturenofocus>
					<disabledcolor>disabled-text</disabledcolor>
					<onleft>2000</onleft>
					<onright>2000</onright>
					<onup>206</onup>
					<ondown>208</ondown>
				</control>
				<control type="button" id="227">
					<description>Setting7 Value</description>
					<posx>0</posx>
					<posy>0</posy>
					<width>350</width>
					<height>30</height>
					<align>right</align>
					<aligny>center</aligny>
					<label>-</label>
					<font>font13</font>
					<textcolor>button-text</textcolor>
					<textoffsetx>10</textoffsetx>
					<texturefocus>-</texturefocus>
					<texturenofocus>-</texturenofocus>
					<disabledcolor>disabled-text</disabledcolor>
				</control>
			</control>
			<control type="group">
				<visible>false</visible>
				<height>30</height>
				<control type="button" id="208">
					<description>Setting8 Button</description>
					<posx>0</posx>
					<posy>0</posy>
					<width>350</width>
					<height>30</height>
					<align>left</align>
					<aligny>center</aligny>
					<label>-</label>
					<font>font13</font>
					<textcolor>button-text</textcolor>
					<textoffsetx>10</textoffsetx>
					<texturefocus>default-button.png</texturefocus>
					<texturenofocus>-</texturenofocus>
					<disabledcolor>disabled-text</disabledcolor>
					<onleft>2000</onleft>
					<onright>2000</onright>
					<onup>207</onup>
					<ondown>209</ondown>
				</control>
				<control type="button" id="228">
					<description>Setting8 Value</description>
					<posx>0</posx>
					<posy>0</posy>
					<width>350</width>
					<height>30</height>
					<align>right</align>
					<aligny>center</aligny>
					<label>-</label>
					<font>font13</font>
					<textcolor>button-text</textcolor>
					<textoffsetx>10</textoffsetx>
					<texturefocus>-</texturefocus>
					<texturenofocus>-</texturenofocus>
					<disabledcolor>disabled-text</disabledcolor>
				</control>
			</control>
			<control type="group">
				<visible>false</visible>
				<height>30</height>
				<control type="button" id="209">
					<description>Setting9 Button</description>
					<posx>0</posx>
					<posy>0</posy>
					<width>350</width>
					<height>30</height>
					<align>left</align>
					<aligny>center</aligny>
					<label>-</label>
					<font>font13</font>
					<textcolor>button-text</textcolor>
					<textoffsetx>10</textoffsetx>
					<texturefocus>default-button.png</texturefocus>
					<texturenofocus>-</texturenofocus>
					<disabledcolor>disabled-text</disabledcolor>
					<onleft>2000</onleft>
					<onright>2000</onright>
					<onup>208</onup>
					<ondown>210</ondown>
				</control>
				<control type="button" id="229">
					<description>Setting9 Value</description>
					<posx>0</posx>
					<posy>0</posy>
					<width>350</width>
					<height>30</height>
					<align>right</align>
					<aligny>center</aligny>
					<label>-</label>
					<font>font13</font>
					<textcolor>button-text</textcolor>
					<textoffsetx>10</textoffsetx>
					<texturefocus>-</texturefocus>
					<texturenofocus>-</texturenofocus>
					<disabledcolor>disabled-text</disabledcolor>
				</control>
			</control>
			<control type="group">
				<visible>false</visible>
				<height>30</height>
				<control type="button" id="210">
					<description>Setting10 Button</description>
					<width>350</width>
					<height>30</height>
					<posx>0</posx>
					<posy>0</posy>
					<align>left</align>
					<aligny>center</aligny>
					<label>-</label>
					<font>font13</font>
					<textcolor>button-text</textcolor>
					<textoffsetx>10</textoffsetx>
					<texturefocus>default-button.png</texturefocus>
					<texturenofocus>-</texturenofocus>
					<disabledcolor>disabled-text</disabledcolor>
					<onleft>2000</onleft>
					<onright>2000</onright>
					<onup>209</onup>
					<ondown>211</ondown>
				</control>
				<control type="button" id="230">
					<description>Setting10 Value</description>
					<width>350</width>
					<height>30</height>
					<posx>0</posx>
					<posy>0</posy>
					<align>right</align>
					<aligny>center</aligny>
					<label>-</label>
					<font>font13</font>
					<textcolor>button-text</textcolor>
					<textoffsetx>10</textoffsetx>
					<texturefocus>-</texturefocus>
					<texturenofocus>-</texturenofocus>
					<disabledcolor>disabled-text</disabledcolor>
				</control>
			</control>
			<control type="group">
				<visible>false</visible>
				<height>30</height>
				<control type="button" id="211">
					<description>Setting11 Button</description>
					<posx>0</posx>
					<posy>0</posy>
					<width>350</width>
					<height>30</height>
					<align>left</align>
					<aligny>center</aligny>
					<label>-</label>
					<font>font13</font>
					<textcolor>button-text</textcolor>
					<textoffsetx>10</textoffsetx>
					<texturefocus>default-button.png</texturefocus>
					<texturenofocus>-</texturenofocus>
					<disabledcolor>disabled-text</disabledcolor>
					<onleft>2000</onleft>
					<onright>2000</onright>
					<onup>210</onup>
					<ondown>201</ondown>
				</control>
				<control type="checkmark" id="231">
					<description>Setting11 Value</description>
					<posx>320</posx>
					<posy>5</posy>
					<width>50</width>
					<height>30</height>
					<align>left</align>
					<label>-</label>
					<font>font13</font>
					<textcolor>button-text</textcolor>
					<texturecheckmark>default-settings-check-box.png</texturecheckmark>
					<texturecheckmarknofocus>default-settings-check-boxNF.png</texturecheckmarknofocus>
					<markwidth>16</markwidth>
					<markheight>20</markheight>
					<disabledcolor>00d0d0d0</disabledcolor>
				</control>
			</control>
		</control>
		<!-- ** Required ** Do not change id's or type's -->
		<control type="group" id="2000">
			<animation effect="fade" time="200">WindowOpen</animation>
			<animation effect="fade" time="200">WindowClose</animation>
			<control type="button" id="250">
				<description>Ok Button</description>
				<posx>340</posx>
				<posy>60</posy>
				<width>90</width>
				<height>32</height>
				<align>center</align>
				<aligny>center</aligny>
				<label>-</label>
				<font>font10</font>
				<textcolor>button-text</textcolor>
				<textcolor>60ffffff</textcolor>
				<textoffsetx>17</textoffsetx>
				<texturenofocus>-</texturenofocus>
				<texturefocus>default-button.png</texturefocus>
				<onleft>9000</onleft>
				<onright>9000</onright>
				<onup>253</onup>
				<ondown>251</ondown>
			</control>
			<control type="button" id="251">
				<description>Cancel Button</description>
				<posx>340</posx>
				<posy>95</posy>
				<width>90</width>
				<height>32</height>
				<align>center</align>
				<aligny>center</aligny>
				<label>-</label>
				<font>font10</font>
				<textcolor>button-text</textcolor>
				<textoffsetx>17</textoffsetx>
				<texturenofocus>-</texturenofocus>
				<texturefocus>default-button.png</texturefocus>
				<onleft>9000</onleft>
				<onright>9000</onright>
				<onup>250</onup>
				<ondown>252</ondown>
			</control>
			<control type="button" id="252">
				<description>Update Button</description>
				<posx>340</posx>
				<posy>130</posy>
				<width>90</width>
				<height>32</height>
				<align>center</align>
				<aligny>center</aligny>
				<label>-</label>
				<font>font10</font>
				<textcolor>button-text</textcolor>
				<disabledcolor>60ffffff</disabledcolor>
				<textoffsetx>17</textoffsetx>
				<texturenofocus>-</texturenofocus>
				<texturefocus>default-button.png</texturefocus>
				<onleft>9000</onleft>
				<onright>9000</onright>
				<onup>251</onup>
				<ondown>253</ondown>
				<enable>System.InternetState</enable>
			</control>
			<control type="button" id="253">
				<description>Credits Button</description>
				<posx>340</posx>
				<posy>165</posy>
				<width>90</width>
				<height>32</height>
				<align>center</align>
				<aligny>center</aligny>
				<label>-</label>
				<font>font10</font>
				<textcolor>button-text</textcolor>
				<disabledcolor>60ffffff</disabledcolor>
				<textoffsetx>17</textoffsetx>
				<texturenofocus>-</texturenofocus>
				<texturefocus>default-button.png</texturefocus>
				<onleft>9000</onleft>
				<onright>9000</onright>
				<onup>252</onup>
				<ondown>250</ondown>
			</control>
		</control>
	</controls>
</window>