<window id="12">
	<defaultcontrol>2</defaultcontrol>
	<previouswindow>ShutdownMenu</previouswindow>
	<allowoverlay>yes</allowoverlay>
	<controls>
		<include>background</include>
		<include>Fake-Overlay</include>

		<control type="grouplist" id="3">
			<description>button area</description>
			<posx>600</posx>
			<posy>10</posy>
			<width>110</width>
			<height>556</height>
			<itemgap>3</itemgap>
			<onleft>5</onleft>
			<onright>5</onright>
			<onup>3</onup>
			<ondown>3</ondown>
		</control>
		<control type="grouplist" id="5">
			<description>control area</description>
			<posx>10</posx>
			<posy>10</posy>
			<width>555</width>
			<height>556</height>
			<itemgap>0</itemgap>
			<onleft>3</onleft>
			<onright>3</onright>
			<onup>5</onup>
			<ondown>5</ondown>
		</control>
		<control type="button" id="7">
			<description>Default Button</description>
			<posx>530</posx>
			<posy>150</posy>
			<height>40</height>
			<font>font12</font>
			<textoffsetx>10</textoffsetx>
			<texturefocus>button.png</texturefocus>
			<texturenofocus>-</texturenofocus>
			<textcolor>button-text</textcolor>
			<disabledcolor>disabled-text</disabledcolor>
		</control>
		<control type="radiobutton" id="8">
			<description>Default RadioButton</description>
			<posx>530</posx>
			<posy>150</posy>
			<width>225</width>
			<height>40</height>
			<font>font12</font>
			<textcolor>button-text</textcolor>
			<disabledcolor>disabled-text</disabledcolor>
			<texturefocus>button.png</texturefocus>
			<texturenofocus>-</texturenofocus>
			<textoffsetx>10</textoffsetx>
			<textoffsetx2>20</textoffsetx2>
			<textureradiofocus>check-box.png</textureradiofocus>
			<textureradionofocus>check-boxNF.png</textureradionofocus>
		</control>
		<control type="spincontrolex" id="9">
			<description>Default SpinControlex</description>
			<posx>530</posx>
			<posy>150</posy>
			<width>300</width>
			<height>40</height>
			<texturefocus>button.png</texturefocus>
			<texturenofocus>-</texturenofocus>
			<textureup>scroll-up.png</textureup>
			<texturedown>scroll-down.png</texturedown>
			<textureupfocus>scroll-up-focus.png</textureupfocus>
			<texturedownfocus>scroll-down-focus.png</texturedownfocus>
			<font>font12</font>
			<textcolor>button-text</textcolor>
			<disabledcolor>disabled-text</disabledcolor>
			<textoffsetx>10</textoffsetx>
			<aligny>center</aligny>
			<reverse>yes</reverse>
			<textcolor>button-text</textcolor>
		</control>
		<control type="button" id="10">
			<description>Default Category Button</description>
			<posx>190</posx>
			<posy>150</posy>
			<width>100</width>
			<height>32</height>
			<label>224</label>
			<font>font12</font>
			<textcolor>button-text</textcolor>
			<disabledcolor>disabled-text</disabledcolor>
			<align>center</align>
			<textoffsetx></textoffsetx>
			<texturefocus>button2.png</texturefocus>
			<texturenofocus>button2-alpha.png</texturenofocus>
		</control>
	</controls>
</window> 