<window id="7">
	<defaultcontrol always="true">421</defaultcontrol>
	<allowoverlay>yes</allowoverlay>
	<previouswindow>ShutdownMenu</previouswindow>
	<controls>
		<include>background</include>
		<include>Fake-Overlay</include>

		<control type="label" id="40">
			<description>Section Label</description>
			<posx>400</posx>
			<posy>120</posy>
			<font>font13</font>
			<label>139</label>
			<textcolor>button-text</textcolor>
		</control>
		<control type="label" id="2">
			<description>Label 2</description>
			<width>310</width>
			<posx>400</posx>
			<posy>150</posy>
			<label>13282</label>
			<font>font13</font>
			<scroll>true</scroll>
			<textcolor>button-text</textcolor>
		</control>
		<control type="label" id="3">
			<description>Label 3</description>
			<width>310</width>
			<posx>400</posx>
			<posy>178</posy>
			<label>13282</label>
			<font>font13</font>
			<scroll>true</scroll>
			<textcolor>button-text</textcolor>
		</control>
		<control type="label" id="4">
			<description>Label 4</description>
			<width>310</width>
			<posx>400</posx>
			<posy>206</posy>
			<label>13282</label>
			<font>font13</font>
			<scroll>true</scroll>
			<textcolor>button-text</textcolor>
		</control>
		<control type="label" id="5">
			<description>Label 5</description>
			<width>310</width>
			<posx>400</posx>
			<posy>234</posy>
			<label>13282</label>
			<font>font13</font>
			<scroll>true</scroll>
			<textcolor>button-text</textcolor>
		</control>
		<control type="label" id="6">
			<description>Label 6</description>
			<width>310</width>
			<posx>400</posx>
			<posy>262</posy>
			<label>13282</label>
			<font>font13</font>
			<scroll>true</scroll>
			<textcolor>button-text</textcolor>
		</control>
		<control type="label" id="7">
			<description>Label 7</description>
			<width>310</width>
			<posx>400</posx>
			<posy>290</posy>
			<label>13282</label>
			<font>font13</font>
			<align>left</align>
			<width>310</width>
			<scroll>true</scroll>
			<textcolor>button-text</textcolor>
		</control>
		<control type="label" id="8">
			<description>Label 8</description>
			<width>310</width>
			<posx>400</posx>
			<posy>318</posy>
			<label>13282</label>
			<width>310</width>
			<font>font13</font>
			<scroll>true</scroll>
			<textcolor>button-text</textcolor>
		</control>
		<control type="label" id="9">
			<description>Label 9</description>
			<width>310</width>
			<posx>400</posx>
			<posy>346</posy>
			<label>13282</label>
			<align>left</align>
			<font>font13</font>
			<scroll>true</scroll>
			<textcolor>button-text</textcolor>
		</control>
		<control type="label" id="10">
			<description>Label 10</description>
			<width>310</width>
			<posx>400</posx>
			<posy>374</posy>
			<label>13282</label>
			<font>font13</font>
			<scroll>true</scroll>
			<textcolor>button-text</textcolor>
		</control>
		<control type="label" id="11">
			<description>Label 11</description>
			<width>310</width>
			<posx>400</posx>
			<posy>402</posy>
			<label>13282</label>
			<font>font13</font>
			<scroll>true</scroll>
			<textcolor>button-text</textcolor>
		</control>
		<!-- control type="label" id="12">
   <description>Label 12</description>
   <width>310</width>
   <posx>400</posx>
   <posy>425</posy>
   <label>13282</label>
   <font>font13</font>
   <scroll>true</scroll>
   <textcolor>button-text</textcolor>
  </control -->
		<!-- Add fav values here! -->
		<!-- control type="label" id="1">
   <description>TEST Label</description>
   <posx>400</posx>
   <posy>426</posy>
   <label>$LOCALIZE[150]: $INFO[Network.IPAddress]</label>
   <align>left</align>
   <font>font13</font>
   <textcolor>button-text</textcolor>
  </control -->
		<control type="label" id="50">
			<description>Current Time</description>
			<posx>10</posx>
			<posy>495</posy>
			<label>143</label>
			<font>font13</font>
			<textcolor>button-text</textcolor>
		</control>
		<!-- control type="label" id="51">
   <description>XBMC Version</description>
   <posx>10</posx>
   <posy>472</posy>
   <label>144</label>
   <font>font13</font>
   <textcolor>button-text</textcolor>
  </control -->
		<control type="label" id="52">
			<description>XBMC XBE BUILD Version</description>
			<posx>10</posx>
			<posy>515</posy>
			<label>144</label>
			<font>font13</font>
			<textcolor>button-text</textcolor>
		</control>
		<control type="label" id="53">
			<description>Mplayer DLL Version</description>
			<posx>10</posx>
			<posy>535</posy>
			<label>144</label>
			<font>font13</font>
			<textcolor>button-text</textcolor>
		</control>
		<control type="button" id="421">
			<description>invisible button to take default focus off controlgroup</description>
			<posx>0</posx>
			<posy>0</posy>
			<height>0</height>
			<width>0</width>
			<onleft>420</onleft>
			<onright>420</onright>
			<onup>420</onup>
			<ondown>420</ondown>
			<texturefocus>-</texturefocus>
			<texturenofocus>-</texturenofocus>
		</control>
		<control type="group" id="420">
			<control type="image">
				<description>Background shadow</description>
				<posx>0</posx>
				<posy>0</posy>
				<width>720</width>
				<height>576</height>
				<texture>black.png</texture>
				<include>button-fade</include>
				<visible allowhiddenfocus="true">!Control.HasFocus(421)</visible>
			</control>
			<control type="image">
				<description>Button Background</description>
				<posx>260</posx>
				<posy>170</posy>
				<width>225</width>
				<height>335</height>
				<texture>button-menu-background.png</texture>
				<include>button-fade</include>
				<visible allowhiddenfocus="true">!Control.HasFocus(421)</visible>
			</control>
			<control type="button" id="95">
				<description>Button Default Values</description>
				<posx>270</posx>
				<posy>180</posy>
				<width>205</width>
				<height>45</height>
				<label>13278</label>
				<font>font13</font>
				<textoffsetx>10</textoffsetx>
				<align>center</align>
				<onleft>421</onleft>
				<onright>421</onright>
				<onup>98</onup>
				<ondown>94</ondown>
				<textcolor>button-text</textcolor>
				<visible allowhiddenfocus="true">!Control.HasFocus(421)</visible>
				<include>button-fade</include>
				<onclick>SetFocus(421)</onclick>
			</control>
			<control type="button" id="94">
				<description>Button Storage</description>
				<posx>270</posx>
				<posy>225</posy>
				<width>205</width>
				<height>45</height>
				<font>font13</font>
				<textoffsetx>10</textoffsetx>
				<label>13277</label>
				<align>center</align>
				<onleft>421</onleft>
				<onright>421</onright>
				<onup>95</onup>
				<ondown>92</ondown>
				<textcolor>button-text</textcolor>
				<visible allowhiddenfocus="true">!Control.HasFocus(421)</visible>
				<include>button-fade</include>
				<onclick>SetFocus(421)</onclick>
			</control>
			<control type="button" id="92">
				<description>Button HDD</description>
				<posx>270</posx>
				<posy>270</posy>
				<width>205</width>
				<height>45</height>
				<font>font13</font>
				<label>13275</label>
				<textoffsetx>10</textoffsetx>
				<align>center</align>
				<onleft>421</onleft>
				<onright>421</onright>
				<onup>94</onup>
				<ondown>93</ondown>
				<textcolor>button-text</textcolor>
				<visible allowhiddenfocus="true">!Control.HasFocus(421)</visible>
				<include>button-fade</include>
				<onclick>SetFocus(421)</onclick>
			</control>
			<control type="button" id="93">
				<description>Button DVD</description>
				<posx>270</posx>
				<posy>315</posy>
				<width>205</width>
				<height>45</height>
				<font>font13</font>
				<textoffsetx>10</textoffsetx>
				<label>13276</label>
				<align>center</align>
				<onleft>421</onleft>
				<onright>421</onright>
				<onup>92</onup>
				<ondown>96</ondown>
				<textcolor>button-text</textcolor>
				<visible allowhiddenfocus="true">!Control.HasFocus(421)</visible>
				<include>button-fade</include>
				<onclick>SetFocus(421)</onclick>
			</control>
			<control type="button" id="96">
				<description>Button Network</description>
				<posx>270</posx>
				<posy>360</posy>
				<width>205</width>
				<height>45</height>
				<font>font13</font>
				<textoffsetx>10</textoffsetx>
				<label>13279</label>
				<align>center</align>
				<onleft>421</onleft>
				<onright>421</onright>
				<onup>93</onup>
				<ondown>97</ondown>
				<textcolor>button-text</textcolor>
				<visible allowhiddenfocus="true">!Control.HasFocus(421)</visible>
				<include>button-fade</include>
				<onclick>SetFocus(421)</onclick>
			</control>
			<control type="button" id="97">
				<description>Button VIDEO</description>
				<posx>270</posx>
				<posy>405</posy>
				<width>205</width>
				<height>45</height>
				<font>font13</font>
				<textoffsetx>10</textoffsetx>
				<label>13280</label>
				<align>center</align>
				<onleft>421</onleft>
				<onright>421</onright>
				<onup>96</onup>
				<ondown>98</ondown>
				<textcolor>button-text</textcolor>
				<visible allowhiddenfocus="true">!Control.HasFocus(421)</visible>
				<include>button-fade</include>
				<onclick>SetFocus(421)</onclick>
			</control>
			<control type="button" id="98">
				<description>Button XBOX Hardware</description>
				<posx>270</posx>
				<posy>450</posy>
				<width>205</width>
				<height>45</height>
				<font>font13</font>
				<textoffsetx>10</textoffsetx>
				<label>13281</label>
				<align>center</align>
				<onleft>421</onleft>
				<onright>421</onright>
				<onup>97</onup>
				<ondown>95</ondown>
				<textcolor>button-text</textcolor>
				<visible allowhiddenfocus="true">!Control.HasFocus(421)</visible>
				<include>button-fade</include>
				<onclick>SetFocus(421)</onclick>
			</control>
		</control>
	</controls>
</window> 