<window id="129">
	<defaultcontrol always="true">12</defaultcontrol>
	<coordinates>
		<system>1</system>
		<posx>110</posx>
		<posy>100</posy>
	</coordinates>
	<include>button-fade</include>
	<controls>
		<control type="image" id="0">
			<posx>-110</posx>
			<posy>-100</posy>
			<width>720</width>
			<height>576</height>
			<texture>black.png</texture>
		</control>
		<control type="image" id="0">
			<description>background image</description>
			<posx>-15</posx>
			<posy>-15</posy>
			<width>520</width>
			<height>440</height>
			<texture>button-menu-background.png</texture>
		</control>
		<control type="label">
			<description>heading label</description>
			<posx>20</posx>
			<posy>-2</posy>
			<width>420</width>
			<align>left</align>
			<font>special13</font>
			<label>21432</label>
			<textcolor>button-text</textcolor>
		</control>
		<control type="label">
			<description>Name Label</description>
			<posx>10</posx>
			<posy>30</posy>
			<width>420</width>
			<font>font12</font>
			<label>21433</label>
			<textcolor>button-text</textcolor>
		</control>
		<control type="button" id="12">
			<description>Name Button</description>
			<posx>10</posx>
			<posy>55</posy>
			<width>480</width>
			<height>32</height>
			<font>font12</font>
			<textoffsetx>12</textoffsetx>
			<textwidth>380</textwidth>
			<aligny>center</aligny>
			<texturefocus>default-button.png</texturefocus>
			<texturenofocus>-</texturenofocus>
			<label>-</label>
			<onup>9001</onup>
			<onleft>12</onleft>
			<onright>12</onright>
			<ondown>10</ondown>
		</control>
		<control type="label">
			<description>rules label</description>
			<posx>10</posx>
			<posy>95</posy>
			<width>420</width>
			<align>left</align>
			<font>font12</font>
			<label>21434</label>
		</control>
		<control type="list" id="10">
			<description>Rules List Control</description>
			<posx>10</posx>
			<posy>120</posy>
			<width>370</width>
			<height>102</height>
			<onup>12</onup>
			<onleft>9000</onleft>
			<onright>9000</onright>
			<ondown>16</ondown>
			<itemlayout width="370" height="39">
				<control type="image">
					<posx>0</posx>
					<posy>0</posy>
					<width>370</width>
					<height>37</height>
					<texture>-</texture>
				</control>
				<control type="label">
					<posx>10</posx>
					<posy>0</posy>
					<width>350</width>
					<height>37</height>
					<aligny>center</aligny>
					<info>ListItem.Label</info>
					<selectedcolor>listselectedcolor</selectedcolor>
					<font>font12</font>
				</control>
			</itemlayout>
			<focusedlayout width="370" height="39">
				<control type="image">
					<posx>0</posx>
					<posy>0</posy>
					<width>370</width>
					<height>37</height>
					<texture>default-button.png</texture>
					<visible>Control.HasFocus(10)</visible>
				</control>
				<control type="label">
					<posx>10</posx>
					<posy>0</posy>
					<width>350</width>
					<height>37</height>
					<aligny>center</aligny>
					<info>ListItem.Label</info>
					<selectedcolor>listselectedcolor</selectedcolor>
					<font>font12</font>
				</control>
			</focusedlayout>
		</control>
		<control type="group" id="9000">
			<control type="button" id="13">
				<description>Add Rule Button</description>
				<posx>390</posx>
				<posy>120</posy>
				<height>32</height>
				<width>100</width>
				<font>font12</font>
				<textoffsetx>12</textoffsetx>
				<label>15019</label>
				<align>center</align>
				<aligny>center</aligny>
				<texturenofocus>-</texturenofocus>
				<texturefocus>default-button.png</texturefocus>
				<onup>17</onup>
				<onleft>10</onleft>
				<onright>10</onright>
				<ondown>14</ondown>
			</control>
			<control type="button" id="14">
				<description>Remove Rule Button</description>
				<posx>390</posx>
				<posy>154</posy>
				<height>32</height>
				<width>100</width>
				<font>font12</font>
				<textoffsetx>12</textoffsetx>
				<label>1210</label>
				<align>center</align>
				<aligny>center</aligny>
				<texturenofocus>-</texturenofocus>
				<texturefocus>default-button.png</texturefocus>
				<onup>13</onup>
				<onleft>10</onleft>
				<onright>10</onright>
				<ondown>15</ondown>
			</control>
			<control type="button" id="15">
				<description>Edit Rule Button</description>
				<posx>390</posx>
				<posy>188</posy>
				<height>32</height>
				<width>100</width>
				<font>font12</font>
				<textoffsetx>12</textoffsetx>
				<label>21435</label>
				<align>center</align>
				<aligny>center</aligny>
				<texturenofocus>-</texturenofocus>
				<texturefocus>default-button.png</texturefocus>
				<onup>14</onup>
				<onleft>10</onleft>
				<onright>10</onright>
				<ondown>16</ondown>
			</control>
		</control>
		
		<control type="spincontrolex" id="16">
			<posx>10</posx>
			<posy>230</posy>
			<width>480</width>
			<label>21424</label>
			<font>font12</font>
			<texturefocus>default-button.png</texturefocus>
			<texturenofocus  border="3">-</texturenofocus>
			<onright>16</onright>
			<onleft>16</onleft>
			<onup>10</onup>
			<ondown>17</ondown>
		</control>
		
		<control type="spincontrolex" id="17">
			<posx>10</posx>
			<posy>270</posy>
			<width>480</width>
			<label>21427</label>
			<font>font12</font>
			<texturefocus>default-button.png</texturefocus>
			<texturenofocus  border="3">-</texturenofocus>
			<onright>17</onright>
			<onleft>17</onleft>
			<onup>16</onup>
			<ondown>18</ondown>
		</control>

		<control type="spincontrolex" id="18">
			<posx>10</posx>
			<posy>310</posy>
			<width>350</width>
			<label>21429</label>
			<font>font12</font>
			<texturefocus>default-button.png</texturefocus>
			<texturenofocus  border="3">-</texturenofocus>
			<onright>19</onright>
			<onleft>19</onleft>
			<onup>17</onup>
			<ondown>9001</ondown>
		</control>

		<control type="togglebutton" id="19">
			<posx>370</posx>
			<posy>310</posy>
			<width>120</width>
			<height>32</height>
			<font>font12</font>
			<textoffsetx>8</textoffsetx>
			<aligny>center</aligny>
			<texturefocus>default-button.png</texturefocus>
			<texturenofocus  border="3">-</texturenofocus>
			<alttexturefocus>default-button.png</alttexturefocus>
			<alttexturenofocus  border="3">-</alttexturenofocus>
			<label>21431</label>
			<altlabel>21430</altlabel>
			<onright>18</onright>
			<onleft>18</onleft>
			<onup>17</onup>
			<ondown>9001</ondown>
		</control>
		<control type="group" id="9001">
			<control type="button" id="20">
				<description>Ok Button</description>
				<posx>290</posx>
				<posy>355</posy>
				<width>90</width>
				<height>32</height>
				<font>font12</font>
				<textoffsetx>12</textoffsetx>
				<align>center</align>
				<aligny>center</aligny>
				<texturenofocus>-</texturenofocus>
				<texturefocus>default-button.png</texturefocus>
				<label>186</label>
				<onup>18</onup>
				<onleft>21</onleft>
				<onright>21</onright>
				<ondown>12</ondown>
			</control>
			<control type="button" id="21">
				<description>Cancel Button</description>
				<posx>390</posx>
				<posy>355</posy>
				<width>90</width>
				<height>32</height>
				<font>font12</font>
				<textoffsetx>12</textoffsetx>
				<align>center</align>
				<aligny>center</aligny>
				<texturenofocus>-</texturenofocus>
				<texturefocus>default-button.png</texturefocus>
				<label>222</label>
				<onup>18</onup>
				<onleft>20</onleft>
				<onright>20</onright>
				<ondown>12</ondown>
			</control>
		</control>
	</controls>
</window>