<window id="127">
	<defaultcontrol>1</defaultcontrol>
	<visible>Window.IsActive(127)</visible>
	<include>shutdown-ani</include>
	<coordinates>
		<system>1</system>
		<posx>95</posx>
		<posy>110</posy>
	</coordinates>
	<controls>
		<control type="image" id="1">
			<description>background image</description>
			<posx>-15</posx>
			<posy>-15</posy>
			<width>560</width>
			<height>420</height>
			<texture border="15">button-menu-background.png</texture>
		</control>
		<control type="label" id="2">
			<description>Settings Label</description>
			<posx>0</posx>
			<posy>2</posy>
			<width>420</width>
			<align>left</align>
			<font>special13</font>
			<textcolor>button-text</textcolor>
			<visible>false</visible>
		</control>
		<control type="label" id="3">
			<description>No Settings Label</description>
			<posx>0</posx>
			<posy>170</posy>
			<width>408</width>
			<align>center</align>
			<label>12016</label>
			<font>font12</font>
			<textcolor>button-text</textcolor>
			<visible>false</visible>
		</control>
		<control type="spincontrol" id="60">
			<description>Next page button</description>
			<posx>450</posx>
			<posy>15</posy>
			<subtype>page</subtype>
			<showonepage>false</showonepage>
			<font>font12</font>
			<align>left</align>
			<onleft>5</onleft>
			<onright>28</onright>
			<ondown>28</ondown>
			<onup>28</onup>
		</control>
		<control type="grouplist" id="5">
			<description>control area</description>
			<posx>-1</posx>
			<posy>10</posy>
			<width>408</width>
			<height>375</height>
			<pagecontrol>60</pagecontrol>
			<itemgap>-5</itemgap>
			<onleft>28</onleft>
			<onright>60</onright>
			<onup>5</onup>
			<ondown>5</ondown>
		</control>
		<control type="button" id="7">
			<description>Default Button</description>
			<posx>530</posx>
			<posy>150</posy>
			<height>40</height>
			<width>375</width>
			<font>font13</font>
			<textoffsetx>7</textoffsetx>
			<texturefocus>default-button.png</texturefocus>
			<texturenofocus>-</texturenofocus>
			<textcolor>button-text</textcolor>
			<aligny>center</aligny>
		</control>
		<control type="radiobutton" id="8">
			<description>Default RadioButton</description>
			<posx>530</posx>
			<posy>150</posy>
			<width>375</width>
			<height>40</height>
			<font>font13</font>
			<texturewidth>450</texturewidth>
			<texturefocus>default-button.png</texturefocus>
			<texturenofocus>-</texturenofocus>
			<textoffsetx>7</textoffsetx>
			<textureradiofocus>check-box.png</textureradiofocus>
			<textureradionofocus>check-boxNF.png</textureradionofocus>
			<textcolor>button-text</textcolor>
			<aligny>center</aligny>
		</control>
		<control type="spincontrolex" id="9">
			<description>Default SpinControlex</description>
			<posx>530</posx>
			<posy>150</posy>
			<width>300</width>
			<height>40</height>
			<texturefocus>default-button.png</texturefocus>
			<texturenofocus>-</texturenofocus>
			<textureup>scroll-up.png</textureup>
			<texturedown>scroll-down.png</texturedown>
			<textureupfocus>scroll-up-focus.png</textureupfocus>
			<texturedownfocus>scroll-down-focus.png</texturedownfocus>
			<font>font13</font>
			<disabledcolor>60d0d0d0</disabledcolor>
			<textoffsetx>7</textoffsetx>
			<aligny>center</aligny>
			<reverse>yes</reverse>
			<textcolor>button-text</textcolor>
		</control>
		<control type="sliderex" id="10">
			<description>Default Slider</description>
			<posx>-</posx>
			<posy>-</posy>
			<height>-</height>
			<width>-</width>
			<texturefocus>-</texturefocus>
			<texturenofocus>-</texturenofocus>
			<sliderwidth>100</sliderwidth>
			<sliderheight>20</sliderheight>
			<texturesliderbar>-</texturesliderbar>
			<textureslidernib>-</textureslidernib>
			<textureslidernibfocus>-</textureslidernibfocus>
			<font>font12</font>
			<include></include>
			<disabledcolor>-</disabledcolor>
			<textoffsetx>12</textoffsetx>
		</control>
		<control type="button" id="28">
			<description>OK button</description>
			<posx>440</posx>
			<posy>65</posy>
			<width>95</width>
			<height>45</height>
			<align>center</align>
			<label>186</label>
			<font>font10</font>
			<texturenofocus>-</texturenofocus>
			<texturefocus border="10">default-button.png</texturefocus>
			<onleft>5</onleft>
			<onright>5</onright>
			<onup>29</onup>
			<ondown>29</ondown>
			<textcolor>button-text</textcolor>
		</control>
		<control type="button" id="29">
			<description>Cancel button</description>
			<posx>440</posx>
			<posy>105</posy>
			<width>95</width>
			<height>45</height>
			<align>center</align>
			<label>222</label>
			<font>font10</font>
			<texturenofocus>-</texturenofocus>
			<texturefocus border="10">default-button.png</texturefocus>
			<onleft>5</onleft>
			<onright>5</onright>
			<onup>28</onup>
			<ondown>28</ondown>
			<textcolor>button-text</textcolor>
		</control>
	</controls>
</window>