<window id="123">
	<defaultcontrol>2</defaultcontrol>
	<animation effect="fade" time="400">WindowOpen</animation>
	<animation effect="fade" time="400">WindowClose</animation>
	<coordinates>
		<system>1</system>
		<posx>282</posx>
		<posy>20</posy>
	</coordinates>
	<controls>
		<control type="image">
			<description>background image</description>
			<posx>-10</posx>
			<posy>-10</posy>
			<width>426</width>
			<height>475</height>
			<texture border="20">button-menu-background.png</texture>
		</control>
		<control type="label" id="2">
			<description>Settings Label</description>
			<posx>0</posx>
			<posy>2</posy>
			<width>420</width>
			<align>left</align>
			<font>font12</font>
			<textcolor>button-text</textcolor>
		</control>
		<control type="label" id="3">
			<description>No Settings Label</description>
			<posx>0</posx>
			<posy>170</posy>
			<width>408</width>
			<align>center</align>
			<label>13390</label>
			<font>font12</font>
			<textcolor>button-text</textcolor>
		</control>
		<control type="spincontrol" id="60">
			<description>Next page button</description>
			<posx>371</posx>
			<posy>8</posy>
			<subtype>int</subtype>
			<font>font12</font>
			<onleft>60</onleft>
			<onright>60</onright>
			<ondown>2</ondown>
		</control>
		<control type="grouplist" id="5">
			<description>control area</description>
			<posx>-1</posx>
			<posy>40</posy>
			<width>408</width>
			<height>395</height>
			<texture>-</texture>
			<itemgap>0</itemgap>
			<pagecontrol>-</pagecontrol>
			<onleft>5</onleft>
			<onright>5</onright>
			<onup>5</onup>
			<ondown>5</ondown>
		</control>
		<control type="button" id="7">
			<description>Default Button</description>
			<posx>530</posx>
			<posy>150</posy>
			<height>37</height>
			<font>font12</font>
			<textoffsetx>10</textoffsetx>
			<aligny>center</aligny>
			<texturefocus>default-button.png</texturefocus>
			<texturenofocus>-</texturenofocus>
			<textcolor>button-text</textcolor>
		</control>
		<control type="radiobutton" id="8">
			<description>Default RadioButton</description>
			<posx>530</posx>
			<posy>150</posy>
			<height>37</height>
			<font>font12</font>
			<texturefocus>default-button.png</texturefocus>
			<texturenofocus>-</texturenofocus>
			<textoffsetx>10</textoffsetx>
			<aligny>center</aligny>
			<textureradiofocus>check-box.png</textureradiofocus>
			<textureradionofocus>check-boxNF.png</textureradionofocus>
			<textcolor>button-text</textcolor>
		</control>
		<control type="spincontrolex" id="9">
			<description>Default SpinControlex</description>
			<posx>530</posx>
			<posy>150</posy>
			<height>37</height>
			<width>300</width>
			<texturefocus>default-button.png</texturefocus>
			<texturenofocus>-</texturenofocus>
			<textureup>scroll-up.png</textureup>
			<texturedown>scroll-down.png</texturedown>
			<textureupfocus>scroll-up-focus.png</textureupfocus>
			<texturedownfocus>scroll-down-focus.png</texturedownfocus>
			<font>font12</font>
			<textcolor>button-text</textcolor>
			<selectedcolor>listselectedtext</selectedcolor>
			<textoffsetx>10</textoffsetx>
			<aligny>center</aligny>
			<reverse>yes</reverse>
		</control>
		<control type="sliderex" id="10">
			<description>Default Slider</description>
			<posx>530</posx>
			<posy>150</posy>
			<height>37</height>
			<width>300</width>
			<textcolor>button-text</textcolor>
			<texturefocus>default-button.png</texturefocus>
			<texturenofocus>-</texturenofocus>
			<sliderwidth>100</sliderwidth>
			<sliderheight>20</sliderheight>
			<texturesliderbar>osd_slider_bg.png</texturesliderbar>
			<textureslidernib>osd_slider_nibNF.png</textureslidernib>
			<textureslidernibfocus>osd_slider_nibFO.png</textureslidernibfocus>
			<font>font12</font>
			<disabledcolor>60d0d0d0</disabledcolor>
			<textoffsetx>10</textoffsetx>
		</control>
	</controls>
</window>