<?xml version="1.0" encoding="UTF-8"?>
<addoninfo>
    <!-- (required) guuid: unique identifier of this addon
    guuids can be generated online at sites such as http://www.famkruithof.net/uuid/uuidgen -->
    <guid>2d743aa0-5c82-11df-a08a-0800200c9a66</guid>

    <!-- (required) type:
    1:  visualization
    2:  skin
    3:  pvrdll
    4:  script
    5:  scraper
    6:  screensaver
    7:  plugin-pvr
    8:  plugin-video
    9:  plugin-music
    10: plugin-program
    11: plugin-pictures
    12: plugin-weather -->
    <type>2</type>

    <!-- (required) Title -->
    <title>MediaStream Lite</title>

    <!-- (required) Major.minor.build -->
    <version>2.0 Lite</version>

    <!-- (required) author name & email.  at least one author name is required -->
    <authors>
        <author name="Team Razorfish" email="" />
    </authors>

    <!-- (required) Short description of addon. -->
    <summary>MediaStream Lite v2.0 Lite</summary>

    <!-- Longer description of addon.  Usage instructions should go here if required. -->
    <description></description>

    <!-- user defined tags e.g. <tags><tag>Example</tag></tags> -->
    <tags>
        <tag></tag>
    </tags>

    <!-- minimum revision of xbmc your addon will run on.  Leave blank all for revisions-->
    <minrevision></minrevision>

    <!--patforms compatible with your addon.   xbox, osx, windows, linux, or all -->
    <platforms>
        <platform>all</platform>
    </platforms>

    <!-- (optional) The License the addon is released under.-->
    <license>GPL</license>
</addoninfo>
