<fonts>
	<fontset id="Default" unicode="true">
		<font>
			<name>font10</name>
			<filename>Arial.ttf</filename>
			<size>12</size>
			<aspect>1.1</aspect>
		</font>
		<font>
			<name>font12</name>
			<filename>Arial.ttf</filename>
			<size>14</size>
			<aspect>1.1</aspect>
		</font>
		<font>
			<name>font13</name>
			<filename>Arial.ttf</filename>
			<size>17</size>
			<aspect>1.1</aspect>
		</font>
		<font>
			<name>font13b</name>
			<filename>Arial.ttf</filename>
			<size>17</size>
			<style>bold</style>
			<aspect>1.1</aspect>
		</font>
		<font>
			<name>font16</name>
			<filename>Arial.ttf</filename>
			<size>21</size>
			<aspect>1.1</aspect>
		</font>
		<font>
			<name>font16b</name>
			<filename>Arial.ttf</filename>
			<size>21</size>
			<style>bold</style>
			<aspect>1.1</aspect>
		</font>
		<font>
			<name>font30</name>
			<filename>Arial.ttf</filename>
			<size>24</size>
			<style>bold</style>
			<aspect>1.1</aspect>
		</font>
		<font>
			<name>font40</name>
			<filename>Arial.ttf</filename>
			<size>28</size>
			<style>bold</style>
			<aspect>1.1</aspect>
		</font>
	</fontset>
</fonts>