<includes>
    <include name="TWC.ButtonCommon">
        <height>70</height>
        <width>241</width>
        <textoffsetx>0</textoffsetx>
        <align>right</align>
        <aligny>top</aligny>
        <textoffsety>2</textoffsety>
        <font>font30_title</font>
        <textcolor>grey2</textcolor>
        <focusedcolor>white</focusedcolor>
		<disabledcolor>grey3</disabledcolor>
        <texturefocus border="5">MenuItemFO.png</texturefocus>
        <texturenofocus border="5">MenuItemNF.png</texturenofocus>
        <pulseonselect>false</pulseonselect>
    </include>
    <include name="TWC.ButtonXLabelCommon">
        <textoffsety>3</textoffsety>
        <font>font13caps</font>
        <focusedcolor>grey2</focusedcolor>
        <texturefocus>-</texturefocus>
        <texturenofocus>-</texturenofocus>
        <include>TWC.ButtonCommon</include>
    </include>
    <include name="TWC.ScrollbarCommon">
        <posx>630</posx>
        <posy>50</posy>
        <width>25</width>
        <height>465</height>
        <texturesliderbackground border="0,14,0,14">ScrollBarV.png</texturesliderbackground>
        <texturesliderbar border="0,14,0,14">ScrollBarV_bar.png</texturesliderbar>
        <texturesliderbarfocus border="0,14,0,14">ScrollBarV_bar_focus.png</texturesliderbarfocus>
        <textureslidernib>ScrollBarNib.png</textureslidernib>
        <textureslidernibfocus>ScrollBarNib.png</textureslidernibfocus>
        <showonepage>true</showonepage>
        <orientation>vertical</orientation>
    </include>
    <include name="TWC.LoadingLabelCommon">
        <posx>5</posx>
        <posy>265</posy>
        <width>800</width>
        <height>80</height>
        <font>font30_title</font>
        <align>center</align>
        <aligny>center</aligny>
        <textcolor>grey2</textcolor>
        <shadowcolor>black</shadowcolor>
        <wrapmultiline>true</wrapmultiline>
        <animation effect="fade" reversible="true" time="300">VisibleChange</animation>
    </include>
    <include name="TWC.LoadingLabel">
        <label>$LOCALIZE[410]</label>
        <visible>!IsTrue(Window.Property(Weather.IsFetched)) + !StringCompare(Window.Property(Weather.IsFetched),error)</visible>
        <include>TWC.LoadingLabelCommon</include>
    </include>
    <include name="TWC.LoadingFailedLabel">
        <label>$LOCALIZE[412]</label>
        <visible>StringCompare(Window.Property(Weather.IsFetched),error)</visible>
        <include>TWC.LoadingLabelCommon</include>
    </include>
</includes>
