<includes>

<!-- Common Stuff -->
<!-- ============ -->
  <include name="ClockBGDims">
    <width>193</width>
    <height>32</height>
  </include>

  <include name="LargeClockBGDims">
    <width>220</width>
    <height>37</height>
  </include>

  <include name="MediaCountPos">
    <posx>1032</posx>
    <posy>683</posy>
  </include>

  <include name="MediaCountBGDims">
    <posx>1</posx>
    <posy>1</posy>
    <width>240</width>
    <height>28</height>
  </include>

  <include name="MediaCountNumberPos">
    <posx>214</posx>
  </include>

  <include name="VolumeImageDims">
    <width>63</width>
    <height>47</height>
  </include>

  <include name="VolumeLabelDims">
    <posx>62</posx>
    <posy>12</posy>
    <width>120</width>
  </include>

  <constant name="ContextMenuWidth">445</constant>

<!-- Backgrounds -->
  <include name="FullScreenBGImageDims">
    <posx>-213</posx>
    <posy>0</posy>
    <width>1706</width>
    <height>720</height>
  </include>

  <include name="FullScreenOverlayDims">
    <posx>0</posx>
    <posy>0</posy>
    <width>1280</width>
    <height>720</height>
  </include>

<!-- Music Now Playing -->
  <include name="MusicOverlayNowPlayingDims">
    <posx>0</posx>
    <posy>74</posy>
  </include>

  <include name="MusicNowPlayingBGDims">
    <posx>0</posx>
    <posy>-14</posy>
    <include>ProgressDialogBGDims</include>
  </include>

  <include name="MusicNowPlayingCoverDims">
    <posx>-8</posx>
    <posy>-8</posy>
    <width>174</width>
    <height>130</height>
  </include>

  <include name="MusicNowPlayingTextDims">
    <posx>168</posx>
  </include>

  <constant name="MusicNPTextWidth">486</constant>
  <constant name="MusicNPHomeLeftTextWidth">MusicNPTextWidth</constant>

  <include name="MusicNextPrevTextDims">
    <posy>86</posy>
    <include>MusicNowPlayingTextDims</include>
  </include>

  <constant name="MusicNextPrevTextTextWidth">488</constant>

<!-- Home screen -->
<!-- =========== -->
  <include name="MusicNowPlayingHomeSlideAnim">
    <animation effect="slide" start="0,0" end="596,0" time="0" condition="Window.IsActive(Home) + !Skin.HasSetting(ShowHomeNPOnLeft)">Conditional</animation>
  </include>

  <include name="HomeSubMenuBladeDims">
    <width>318</width>
    <height>720</height>
  </include>

  <include name="HomeSubMenuGroupDims">
    <posx>472</posx>
    <posy>331</posy>
    <animation effect="slide" tween="back" end="282,0" time="400" condition="ControlGroup(301).HasFocus()">Conditional</animation>
  </include>

  <include name="HomeSubMenuIconDims">
    <posx>150</posx>
    <posy>-66</posy>
    <width>183</width>
    <height>56</height>
  </include>

  <constant name="HomeSideMenuItemWidth">400</constant>

  <include name="HomeSideMenuDims">
    <width>391</width>
    <height>500</height>
  </include>

  <include name="HomeSideMenuNFBGImageDims">
    <posx>4</posx>
    <posy>0</posy>
    <width>349</width>
  </include>

  <include name="HomeSideMenuNFBGLabelDims">
    <posx>106</posx>
    <posy>0</posy>
    <width>280</width>
  </include>

  <include name="HomeSideMenuFOBGImageDims">
    <posx>-4</posx>
    <posy>1</posy>
    <width>359</width>
    <height>44</height>
  </include>

  <include name="HomeSubSubMenuGroupDims">
    <posx>534</posx>
    <posy>331</posy>
    <animation effect="slide" tween="back" end="220,0" time="400" delay="300" condition="ControlGroup(302).HasFocus()">Conditional</animation>
  </include>

  <include name="HomeWeatherSummaryPos">
    <posx>886</posx>
    <posy>11</posy>
  </include>

  <include name="HomeWeatherSummaryBGDims">
    <posx>-16</posx>
    <posy>-17</posy>
    <width>414</width>
    <height>94</height>
  </include>

  <constant name="HomeWeatherTextWidth">324</constant>

  <include name="HomeWeatherSummaryImgDims">
    <posx>330</posx>
    <width>50</width>
    <height>50</height>
  </include>

<!-- Dialogs -->
<!-- ======= -->
  <include name="DialogButtonDims">
    <width>140</width>
  </include>

<!-- Busy Dialog -->
  <include name="BusyDialogPos">
    <posx>900</posx>
    <posy>660</posy>
  </include>

  <include name="BusyDialogBGDims">
    <width>332</width>
    <height>61</height>
  </include>

  <include name="BusyDialogLabelDims">
    <posx>8</posx>
    <posy>15</posy>
    <width>319</width>
    <font>TitleCapsFont</font>
  </include>

<!-- Kai Toast Dialog -->
  <include name="ToastDialogPos">
    <posx>888</posx>
    <posy>630</posy>
  </include>

  <include name="ToastDialogBGDims">
    <width>412</width>
    <height>91</height>
  </include>

  <constant name="ToastDialogTextWidth">400</constant>

  <include name="ToastDialogCaptionDims">
    <posx>8</posx>
    <posy>15</posy>
    <width>ToastDialogTextWidth</width>
    <height>24</height>
    <font>MediumSmallTitleCapsFont</font>
  </include>

  <include name="ToastDialogDescriptionDims">
    <posx>8</posx>
    <posy>45</posy>
    <width>ToastDialogTextWidth</width>
    <height>20</height>
    <font>SmallTitleCapsFont</font>
  </include>

<!-- Progress Dialogs -->
  <include name="ProgressDialogPos">
    <posx>590</posx>
    <posy>58</posy>
  </include>

  <constant name="ProgressDialogTextWidth">642</constant>
  <constant name="ProgressDialogProgressWidth">652</constant>

  <include name="ProgressDialogBGDims">
    <width>690</width>
    <height>152</height>
  </include>

  <include name="ProgressDialogCenterPos">
    <posx>295</posx>
    <posy>284</posy>
  </include>

  <include name="ProgressDialogHeadingPos">
    <posx>24</posx>
    <posy>20</posy>
  </include>

  <include name="ProgressDialogCancelBtnDims">
    <posx>530</posx>
    <width>112</width>
  </include>

<!-- Confirmation Dialogs -->
  <include name="DialogYesNoButtonPos">
    <posy>ConfirmDialogButtonYPos</posy>
    <posx>149</posx>
  </include>

  <constant name="DialogYesNoButtonWidth">174</constant>

  <include name="DialogYesNoYesBtnDims">
    <posx>182</posx>
    <width>DialogYesNoButtonWidth</width>
  </include>

  <include name="DialogOkBtnDims">
    <posx>251</posx>
  </include>

<!-- Selection Dialogs -->
  <include name="SelectionDialogPos">
    <posx>197</posx>
    <posy>180</posy>
  </include>

  <include name="SelectionDialogBGDims">
    <width>886</width>
    <height>360</height>
  </include>

  <constant name="SelectionDialogTextWidth">846</constant>
  <constant name="SelectionDialogShortTextWidth">712</constant>

  <constant name="MediaSourceLocationButtonsGroupPosX">708</constant>
  <constant name="MediaSourceDialogButtonWidth">170</constant>

  <include name="MediaSourceBottomBtnsDims">
    <posx>120</posx>
    <posy>232</posy>
  </include>

  <constant name="MediaSourceSetContentBtnWidth">272</constant>

<!-- Network Setup -->
  <include name="NetworkSetupBrowseBtnDims">
    <posx>706</posx>
    <width>140</width>
  </include>

  <include name="NetworkSetupBottomBtnsDims">
    <posx>288</posx>
    <posy>136</posy>
  </include>

<!-- Info Dialogs -->
  <include name="InfoDialogPos">
    <posx>42</posx>
    <posy>61</posy>
  </include>

  <include name="InfoDialogBGDims">
    <posx>-1</posx>
    <posy>-2</posy>
    <width>1200</width>
    <height>604</height>
  </include>

  <constant name="InfoDialogTitleXOffset">606</constant>

  <include name="InfoDialogTitleDims">
    <posy>23</posy>
    <width>570</width>
  </include>

  <constant name="InfoDialogLargeThumbPosX">40</constant>
  <constant name="InfoDialogLargeThumbWidth">526</constant>
  <constant name="InfoDialogLargeThumbTextWidth">510</constant>

  <constant name="InfoDialogTopButtonsPosY">64</constant>

  <include name="DialogTopButtonDims">
    <width>94</width>
    <font>SmallDefaultCapsFont</font>
    <textoffsety>0</textoffsety>
  </include>

  <include name="VideoInfoButtonDims">
    <width>86</width>
  </include>

  <constant name="MoviesInfoPlotCastBtnPosX">62</constant>
  <constant name="MoviesInfoRefreshBtnPosX">146</constant>
  <constant name="MoviesInfoThumbBtnPosX">240</constant>
  <constant name="MoviesInfoTrailerBtnPosX">332</constant>
  <constant name="MoviesInfoFanartBtnPosX">424</constant>

  <constant name="TVShowInfoRefreshBtnPosX">100</constant>
  <constant name="TVShowInfoThumbBtnPosX">222</constant>
  <constant name="TVShowInfoTrailerBtnPosX">318</constant>
  <constant name="TVShowInfoFanartBtnPosX">420</constant>

  <constant name="EpisodesInfoPlotCastBtnPosX">122</constant>
  <constant name="EpisodesInfoRefreshBtnPosX">262</constant>
  <constant name="EpisodesInfoThumbBtnPosX">406</constant>

  <include name="TVShowInfoEpsDetailsPos">
    <posx>-122</posx>
    <posy>156</posy>
  </include>

  <include name="TVShowInfoEpsLabelDims">
    <posx>406</posx>
    <posy>12</posy>
    <width>130</width>
  </include>

  <include name="MediaInfoWideValueDims">
    <width>400</width>
  </include>

  <constant name="InfoDialogTextboxWidth">546</constant>

  <include name="VideoInfoPlotDims">
    <width>InfoDialogTextboxWidth</width>
    <height>238</height>
  </include>

  <include name="MoviesInfoStarRatingDims">
    <posx>430</posx>
  </include>

  <include name="NonMoviesInfoStarRatingDims">
    <posx>350</posx>
  </include>

  <include name="VideoInfoCastThumbDims">
    <posx>4</posx>
    <posy>0</posy>
    <width>104</width>
    <height>234</height>
  </include>

  <include name="MusicInfoTopButtonDims">
    <width>168</width>
  </include>

  <include name="MusicInfoReviewDims">
    <width>InfoDialogTextboxWidth</width>
    <height>246</height>
  </include>

  <constant name="MusicInfoListWidth">500</constant>

  <include name="MusicInfoListDims">
    <width>MusicInfoListWidth</width>
    <height>256</height>
  </include>

  <include name="MusicInfoListItemIconDims">
    <posx>0</posx>
    <posy>3</posy>
    <width>29</width>
    <height>22</height>
  </include>

  <include name="MusicInfoListItemLabelDims">
    <posx>36</posx>
    <posy>3</posy>
    <width>380</width>
    <height>22</height>
  </include>

  <include name="MusicInfoListItemDetailDims">
    <posx>MusicInfoListWidth</posx>
    <posy>3</posy>
    <width>86</width>
    <height>22</height>
  </include>

  <include name="MusicInfoListScrollbarDims">
    <posx>520</posx>
    <posy>-4</posy>
    <height>266</height>
  </include>

  <constant name="SongInfoToButtonPosX">10</constant>

  <include name="SongInfoRatingImageDims">
    <width>101</width>
    <height>20</height>
  </include>

  <constant name="SongInfoDecreaseRatingPosX">288</constant>
  <constant name="SongInfoIncreaseRatingPosX">272</constant>

  <include name="SetContentDirectoryContentDims">
    <posx>280</posx>
    <posy>InfoDialogTopButtonsPosY</posy>
    <textoffsetx>-176</textoffsetx>
    <textoffsety>-2</textoffsety>
    <font>DefaultCapsFont</font>
    <spinwidth>21</spinwidth>
    <spinheight>16</spinheight>
  </include>

  <include name="SetContentDirectoryListDims">
    <posx>90</posx>
    <posy>100</posy>
    <width>400</width>
    <height>272</height>
  </include>

  <constant name="SetContentGroupListWidth">550</constant>
  <constant name="SetContentGroupButtonWidth">500</constant>

  <include name="SetContentButtonsGroupDims">
    <posx>38</posx>
    <posy>528</posy>
    <itemgap>24</itemgap>
  </include>

<!-- Button Menu -->
  <include name="ButtonMenuOverlayDims">
    <posy>90</posy>
    <width>186</width>
    <height>140</height>
  </include>

  <constant name="ButtonMenuButtonWidth">174</constant>

  <include name="ButtonMenuButtonDims">
    <posy>100</posy>
    <width>ButtonMenuButtonWidth</width>
    <height>128</height>
  </include>

  <include name="ButtonMenuSleepArrowDims">
    <posx>621</posx>
    <posy>225</posy>
    <width>27</width>
    <height>20</height>
  </include>

<!-- Favourites -->
  <include name="FavouritesDialogPos">
    <posx>946</posx>
    <posy>0</posy>
  </include>

  <include name="FavouritesBGDims">
    <posx>-38</posx>
    <posy>0</posy>
    <width>374</width>
    <height>720</height>
  </include>

  <constant name="FavouriteTextWidth">344</constant>

  <include name="FavouritesDialogContextMenuPos">
    <posx>940</posx>
    <posy>-60</posy>
  </include>

  <include name="FavouritesDialogContextBtnDims">
    <posx>930</posx>
    <posy>0</posy>
    <width>428</width>
    <height>42</height>
  </include>

<!-- Settings Screen -->
<!-- =============== -->
  <include name="SettingsSubBladeDims">
    <posx>904</posx>
    <posy>351</posy>
  </include>

  <include name="SettingsCentreBladeBGDims">
    <posx>210</posx>
    <posy>0</posy>
    <width>738</width>
    <height>720</height>
  </include>

  <include name="SettingsCentreBladeDims">
    <posx>210</posx>
    <posy>0</posy>
    <width>780</width>
    <height>720</height>
  </include>

  <include name="SettingsOptionsAreaDims">
    <posx>100</posx>
    <posy>150</posy>
    <width>900</width>
  </include>

  <include name="SettingsUpperTitleDims">
    <posx>830</posx>
    <posy>-50</posy>
    <width>850</width>
  </include>

  <include name="SettingsLowerTitleDims">
    <posx>795</posx>
    <posy>-20</posy>
    <width>850</width>
  </include>

  <include name="SettingsCatLeftArrowDims">
    <posx>925</posx>
    <posy>149</posy>
    <width>21</width>
    <height>16</height>
    <animation effect="rotate" center="925,149" start="-90" end="-90" time="0" condition="true">Conditional</animation>
  </include>

  <include name="SettingsCatRightArrowDims">
    <posx>965</posx>
    <posy>135</posy>
    <width>21</width>
    <height>16</height>
    <animation effect="rotate" center="965,164" start="90" end="90" time="0" condition="true">Conditional</animation>
  </include>

  <include name="SettingsCategoryMenuListDims">
    <posx>248</posx>
    <posy>134</posy>
    <width>750</width>
    <height>100</height>
  </include>

  <constant name="SettingsCategoryTextWidth">650</constant>

  <include name="SettingsCatListDims">
    <posx>105</posx>
    <posy>65</posy>
    <width>775</width>
    <height>400</height>
  </include>

  <include name="SettingsCatBtnDims">
    <posx>0</posx>
    <posy>-10</posy>
    <width>750</width>
    <height>43</height>
    <textoffsetx>45</textoffsetx>
  </include>

  <include name="SettingsCatRadioBtnDims">
    <width>750</width>
    <height>43</height>
    <textoffsetx>45</textoffsetx>
    <radioposx>710</radioposx>
  </include>

  <include name="SettingsCatSpinCtlDims">
    <width>750</width>
    <height>43</height>
    <textoffsetx>45</textoffsetx>
  </include>

  <include name="GeneralSkinOptionDims">
    <width>773</width>
    <height>43</height>
    <textoffsetx>45</textoffsetx>
    <radioposx>710</radioposx>
  </include>

  <include name="SettingsOptionsScrollbarDims">
    <posx>852</posx>
    <posy>65</posy>
    <height>400</height>
  </include>

  <include name="SettingsSideMenuDims">
    <posx>72</posx>
    <width>281</width>
    <height>500</height>
  </include>

  <constant name="SettingsCategoryBtnWidth">282</constant>

  <include name="SettingsCategoryButtonDims">
    <width>SettingsCategoryBtnWidth</width>
    <height>43</height>
  </include>

  <include name="SettingTransSubBladeDims">
    <posx>1600</posx>
    <posy>0</posy>
    <width>286</width>
    <height>720</height>
  </include>

  <include name="SettingTransCentreBladeBGDims">
    <posx>710</posx>
    <posy>0</posy>
    <width>890</width>
    <height>720</height>
  </include>

  <include name="SettingTransCentreBladeDims">
    <posx>710</posx>
    <posy>0</posy>
    <width>900</width>
    <height>720</height>
  </include>

  <include name="InfoDialogBGDims">
    <posx>-1</posx>
    <posy>-2</posy>
    <width>1000</width>
    <height>604</height>
  </include>

  <include name="CustomSettingsListDims">
    <posx>105</posx>
    <posy>65</posy>
    <width>775</width>
    <height>400</height>
  </include>

<!-- Options Menu -->
<!-- ============ -->
  <include name="OptionsMenuPos">
    <posx>944</posx>
    <posy>0</posy>
  </include>

  <include name="OptionsMenuBGDims">
    <width>374</width>
    <height>720</height>
  </include>

  <include name="OptionsMenuUIDims">
    <posx>324</posx>
    <posy>50</posy>
  </include>

  <include name="OMViewLargeThumbDims">
    <width>574</width>
    <height>235</height>
  </include>

  <include name="OMViewThumbDims">
    <width>298</width>
    <height>130</height>
  </include>

  <constant name="OMTextWidth">316</constant>

<!-- Video OSD -->
<!-- ========= -->
  <include name="VideoOSDDims">
    <posx>492</posx>
    <posy>510</posy>
  </include>

  <constant name="VideOSDControlButtonWidth">65</constant>

  <include name="VideOSDControlButtonDims">
    <width>VideOSDControlButtonWidth</width>
    <height>49</height>
  </include>

  <constant name="VideoOSDPlayerControlsSeparatorWidth">88</constant>

  <include name="VideoOSDBkmkBtnsGroupDims">
    <posx>200</posx>
    <posy>212</posy>
    <height>30</height>
    <itemgap>20</itemgap>
  </include>

  <constant name="VideoOSDBkmkBtnWidth">280</constant>

  <constant name="VideoOSDBkmkThumbAreaWidth">190</constant>
  <constant name="VideoOSDBkmkThumbImageWidth">178</constant>

  <include name="VideoOSDSettingsPos">
    <posx>734</posx>
    <posy>10</posy>
  </include>

  <include name="VideoOSDSettingsBGDims">
    <posx>-28</posx>
    <posy>-10</posy>
    <width>586</width>
    <height>720</height>
  </include>

  <constant name="VideoOSDSettingsTextWidth">526</constant>

  <include name="VideoOSDSettingsSpinControlDims">
    <posx>270</posx>
    <posy>150</posy>
    <width>446</width>
    <textoffsetx>10</textoffsetx>
    <textoffsety>0</textoffsety>
  </include>

<!-- Common Views -->
<!-- ============ -->

<!-- Info List -->
  <include name="InfoListNoThumbDims">
    <posy>38</posy>
    <width>260</width>
    <font>LargeTitleCapsFont</font>
  </include>

<!-- Panel Stream -->
  <include name="PanelStreamImageDims">
    <posx>10</posx>
    <posy>26</posy>
    <width>166</width>
    <height>236</height>
  </include>

  <include name="PanelStreamImageFocusAnim">
    <animation effect="zoom" tween="quadratic" end="-2,12,190,266" time="200" delay="100">Focus</animation>
    <animation effect="zoom" tween="quadratic" start="2,-12,190,266" end="0,0,166,236" time="200">Unfocus</animation>
  </include>

  <include name="PanelStreamNoThumbDims">
    <posx>95</posx>
    <posy>84</posy>
    <width>150</width>
    <font>MediumSmallTitleCapsFont</font>
  </include>

  <include name="PanelStreamNoThumbFocusAnim">
    <animation type="focus">
      <effect type="zoom" tween="quadratic" start="100" end="118" time="300" delay="100"/>
      <effect type="slide" tween="quadratic" start="0,0" end="0,-2" time="300" delay="100"/>
      <effect type="fade" start="70" end="100" time="300" delay="100"/>
    </animation>
    <animation type="unfocus">
      <effect type="zoom" tween="quadratic" start="118" end="100" time="200"/>
      <effect type="slide" tween="quadratic" start="0,-2" end="0,0" time="200"/>
      <effect type="fade" start="100" end="70" time="200"/>
    </animation>
  </include>

  <include name="PanelStreamEpisodeImageDims">
    <width>236</width>
    <height>148</height>
  </include>

  <include name="PanelStreamEpisodeImageFocusAnim">
    <animation effect="zoom" tween="quadratic" end="-5,20,266,168" time="200" delay="100">Focus</animation>
    <animation effect="zoom" tween="quadratic" start="-15,-6,266,168" end="0,0,236,148" time="200">Unfocus</animation>
  </include>

  <include name="PanelStreamEpisodeNoThumbDims">
    <posx>82</posx>
    <posy>92</posy>
    <width>150</width>
    <font>SmallTinyTitleCapsFont</font>
  </include>

  <include name="PanelStreamAlbumImageDims">
    <width>180</width>
    <height>180</height>
  </include>

  <include name="PanelStreamAlbumImageFocusAnim">
    <animation effect="zoom" tween="quadratic" start="0,0,180,180" end="-21,-23,202,202" time="200" delay="100">Focus</animation>
    <animation effect="zoom" tween="quadratic" start="-21,-23,202,202" end="0,0,180,180" time="200">Unfocus</animation>
  </include>

  <include name="PanelStreamAlbumNoThumbDims">
    <posx>102</posx>
    <posy>68</posy>
    <width>150</width>
    <font>SmallTitleCapsFont</font>
  </include>

<!-- Wall Stream -->
  <constant name="WallStreamPosterWidth">213</constant>

  <include name="WallStreamPosterSlideAnim">
    <animation effect="slide" end="29,0" time="0" reversible="false" condition="Container.Column(0)">Conditional</animation>
    <animation effect="slide" end="0,42" time="0" reversible="false" condition="Container.Row(0)">Conditional</animation>
    <animation effect="slide" end="0,-11" time="0" reversible="false" condition="Container.Row(2)">Conditional</animation>
    <animation effect="slide" end="-29,0" time="0" reversible="false" condition="Container.Column(5)">Conditional</animation>
  </include>

  <include name="WallStreamPosterFocusDims">
    <posx>-8</posx>
    <posy>-8</posy>
    <width>235</width>
    <height>246</height>
  </include>

  <include name="WallStreamPosterOverlayFocusDims">
    <width>200</width>
    <height>140</height>
  </include>

  <include name="WallStreamPosterZoomAnim">
    <animation effect="zoom" tween="quadratic" end="-56,-54,320,338" time="300" delay="100" reversible="false">Focus</animation>
  </include>

  <include name="WallStreamPosterOverlayZoomAnim">
    <animation effect="zoom" tween="quadratic" end="-45,-42,293,200" time="300" delay="100" reversible="false">Focus</animation>
  </include>

  <include name="WallStreamGenericFirstRowInfo">
    <control type="group">
      <posx>276</posx>
      <visible>Container(53).Position(0)</visible>
      <include>WallStreamFadeAnim</include>
      <include>WallStreamInfo</include>
    </control>

    <control type="group">
      <posx>458</posx>
      <visible>Container(53).Position(1)</visible>
      <include>WallStreamFadeAnim</include>
      <include>WallStreamInfo</include>
    </control>

    <control type="group">
      <posx>672</posx>
      <visible>Container(53).Position(2)</visible>
      <include>WallStreamFadeAnim</include>
      <include>WallStreamInfo</include>
    </control>

    <control type="group">
      <posx>76</posx>
      <visible>Container(53).Position(3)</visible>
      <include>WallStreamFadeAnim</include>
      <include>WallStreamInfo</include>
    </control>

    <control type="group">
      <posx>292</posx>
      <visible>Container(53).Position(4)</visible>
      <include>WallStreamFadeAnim</include>
      <include>WallStreamInfo</include>
    </control>

    <control type="group">
      <posx>474</posx>
      <visible>Container(53).Position(5)</visible>
      <include>WallStreamFadeAnim</include>
      <include>WallStreamInfo</include>
    </control>
  </include>

  <include name="WallStreamGenericSecondRowInfo">
    <control type="group">
      <posx>276</posx>
      <visible>Container(53).Position(6)</visible>
      <include>WallStreamFadeAnim</include>
      <include>WallStreamInfo</include>
    </control>

    <control type="group">
      <posx>458</posx>
      <visible>Container(53).Position(7)</visible>
      <include>WallStreamFadeAnim</include>
      <include>WallStreamInfo</include>
    </control>

    <control type="group">
      <posx>672</posx>
      <visible>Container(53).Position(8)</visible>
      <include>WallStreamFadeAnim</include>
      <include>WallStreamInfo</include>
    </control>

    <control type="group">
      <posx>76</posx>
      <visible>Container(53).Position(9)</visible>
      <include>WallStreamFadeAnim</include>
      <include>WallStreamInfo</include>
    </control>

    <control type="group">
      <posx>292</posx>
      <visible>Container(53).Position(10)</visible>
      <include>WallStreamFadeAnim</include>
      <include>WallStreamInfo</include>
    </control>

    <control type="group">
      <posx>474</posx>
      <visible>Container(53).Position(11)</visible>
      <include>WallStreamFadeAnim</include>
      <include>WallStreamInfo</include>
    </control>
  </include>

  <include name="WallStreamGenericThirdRowInfo">
    <control type="group">
      <posx>276</posx>
      <visible>Container(53).Position(12)</visible>
      <include>WallStreamFadeAnim</include>
      <include>WallStreamInfo</include>
    </control>

    <control type="group">
      <posx>458</posx>
      <visible>Container(53).Position(13)</visible>
      <include>WallStreamFadeAnim</include>
      <include>WallStreamInfo</include>
    </control>

    <control type="group">
      <posx>672</posx>
      <visible>Container(53).Position(14)</visible>
      <include>WallStreamFadeAnim</include>
      <include>WallStreamInfo</include>
    </control>

    <control type="group">
      <posx>76</posx>
      <visible>Container(53).Position(15)</visible>
      <include>WallStreamFadeAnim</include>
      <include>WallStreamInfo</include>
    </control>

    <control type="group">
      <posx>292</posx>
      <visible>Container(53).Position(16)</visible>
      <include>WallStreamFadeAnim</include>
      <include>WallStreamInfo</include>
    </control>

    <control type="group">
      <posx>474</posx>
      <visible>Container(53).Position(17)</visible>
      <include>WallStreamFadeAnim</include>
      <include>WallStreamInfo</include>
    </control>
  </include>

  <constant name="WallStreamCoverWidth">213</constant>

  <include name="WallStreamAlbumCoverSlideAnim">
    <animation effect="slide" end="29,0" time="0" delay="100" reversible="false" condition="Container.Column(0)">Conditional</animation>
    <animation effect="slide" end="0,29" time="0" delay="100" reversible="false" condition="Container.Row(0)">Conditional</animation>
    <animation effect="slide" end="-29,0" time="0" delay="100" reversible="false" condition="Container.Column(5)">Conditional</animation>
  </include>

  <include name="WallStreamAlbumCoverFocusDims">
    <posx>-8</posx>
    <posy>-8</posy>
    <width>235</width>
    <height>176</height>
  </include>

  <include name="WallStreamAlbumOverlayFocusDims">
    <width>160</width>
    <height>120</height>
  </include>

  <include name="WallStreamAlbumCoverZoomAnim">
    <animation effect="zoom" tween="quadratic" end="-60,-40,320,240" time="300" delay="100" reversible="false">Focus</animation>
  </include>

  <include name="WallStreamAlbumOverlayZoomAnim">
    <animation effect="zoom" tween="quadratic" end="-50,-28,219,164" time="300" delay="100" reversible="false">Focus</animation>
  </include>

  <include name="WallStreamMusicFirstRowInfo">
    <control type="group">
      <posx>271</posx>
      <visible>Container(53).Position(0)</visible>
      <include>WallStreamFadeAnim</include>
      <include>WallStreamMusicInfo</include>
    </control>

    <control type="group">
      <posx>452</posx>
      <visible>Container(53).Position(1)</visible>
      <include>WallStreamFadeAnim</include>
      <include>WallStreamMusicInfo</include>
    </control>

    <control type="group">
      <posx>666</posx>
      <visible>Container(53).Position(2)</visible>
      <include>WallStreamFadeAnim</include>
      <include>WallStreamMusicInfo</include>
    </control>

    <control type="group">
      <posx>74</posx>
      <visible>Container(53).Position(3)</visible>
      <include>WallStreamFadeAnim</include>
      <include>WallStreamMusicInfo</include>
    </control>

    <control type="group">
      <posx>284</posx>
      <visible>Container(53).Position(4)</visible>
      <include>WallStreamFadeAnim</include>
      <include>WallStreamMusicInfo</include>
    </control>

    <control type="group">
      <posx>470</posx>
      <visible>Container(53).Position(5)</visible>
      <include>WallStreamFadeAnim</include>
      <include>WallStreamMusicInfo</include>
    </control>
  </include>

  <include name="WallStreamMusicSecondRowInfo">
    <control type="group">
      <posx>271</posx>
      <visible>Container(53).Position(6)</visible>
      <include>WallStreamFadeAnim</include>
      <include>WallStreamMusicInfo</include>
    </control>

    <control type="group">
      <posx>452</posx>
      <visible>Container(53).Position(7)</visible>
      <include>WallStreamFadeAnim</include>
      <include>WallStreamMusicInfo</include>
    </control>

    <control type="group">
      <posx>666</posx>
      <visible>Container(53).Position(8)</visible>
      <include>WallStreamFadeAnim</include>
      <include>WallStreamMusicInfo</include>
    </control>

    <control type="group">
      <posx>74</posx>
      <visible>Container(53).Position(9)</visible>
      <include>WallStreamFadeAnim</include>
      <include>WallStreamMusicInfo</include>
    </control>

    <control type="group">
      <posx>284</posx>
      <visible>Container(53).Position(10)</visible>
      <include>WallStreamFadeAnim</include>
      <include>WallStreamMusicInfo</include>
    </control>

    <control type="group">
      <posx>470</posx>
      <visible>Container(53).Position(11)</visible>
      <include>WallStreamFadeAnim</include>
      <include>WallStreamMusicInfo</include>
    </control>
  </include>

  <include name="WallStreamMusicThirdRowInfo">
    <control type="group">
      <posx>271</posx>
      <visible>Container(53).Position(12)</visible>
      <include>WallStreamFadeAnim</include>
      <include>WallStreamMusicInfo</include>
    </control>

    <control type="group">
      <posx>452</posx>
      <visible>Container(53).Position(13)</visible>
      <include>WallStreamFadeAnim</include>
      <include>WallStreamMusicInfo</include>
    </control>

    <control type="group">
      <posx>666</posx>
      <visible>Container(53).Position(14)</visible>
      <include>WallStreamFadeAnim</include>
      <include>WallStreamMusicInfo</include>
    </control>

    <control type="group">
      <posx>74</posx>
      <visible>Container(53).Position(15)</visible>
      <include>WallStreamFadeAnim</include>
      <include>WallStreamMusicInfo</include>
    </control>

    <control type="group">
      <posx>284</posx>
      <visible>Container(53).Position(16)</visible>
      <include>WallStreamFadeAnim</include>
      <include>WallStreamMusicInfo</include>
    </control>

    <control type="group">
      <posx>470</posx>
      <visible>Container(53).Position(17)</visible>
      <include>WallStreamFadeAnim</include>
      <include>WallStreamMusicInfo</include>
    </control>
  </include>

  <include name="WallStreamMusicFourthRowInfo">
    <control type="group">
      <posx>271</posx>
      <visible>Container(53).Position(18)</visible>
      <include>WallStreamFadeAnim</include>
      <include>WallStreamMusicInfo</include>
    </control>

    <control type="group">
      <posx>452</posx>
      <visible>Container(53).Position(19)</visible>
      <include>WallStreamFadeAnim</include>
      <include>WallStreamMusicInfo</include>
    </control>

    <control type="group">
      <posx>666</posx>
      <visible>Container(53).Position(20)</visible>
      <include>WallStreamFadeAnim</include>
      <include>WallStreamMusicInfo</include>
    </control>

    <control type="group">
      <posx>74</posx>
      <visible>Container(53).Position(21)</visible>
      <include>WallStreamFadeAnim</include>
      <include>WallStreamMusicInfo</include>
    </control>

    <control type="group">
      <posx>284</posx>
      <visible>Container(53).Position(22)</visible>
      <include>WallStreamFadeAnim</include>
      <include>WallStreamMusicInfo</include>
    </control>

    <control type="group">
      <posx>470</posx>
      <visible>Container(53).Position(23)</visible>
      <include>WallStreamFadeAnim</include>
      <include>WallStreamMusicInfo</include>
    </control>
  </include>

  <constant name="WallStreamEpThumbWidth">427</constant>

  <include name="WallStreamEpThumbSlideAnim">
    <animation effect="slide" end="32,0" time="0" delay="100" reversible="false" condition="Container.Column(0)">Conditional</animation>
    <animation effect="slide" end="0,16" time="0" delay="100" reversible="false" condition="Container.Row(0)">Conditional</animation>
    <animation effect="slide" end="-32,0" time="0" delay="100" reversible="false" condition="Container.Column(2)">Conditional</animation>
    <animation effect="slide" end="0,-16" time="0" delay="100" reversible="false" condition="Container.Row(3)">Conditional</animation>
  </include>

  <include name="WallStreamEpThumbFocusDims">
    <posx>-8</posx>
    <posy>-8</posy>
    <width>459</width>
    <height>196</height>
  </include>

  <include name="WallStreamEpThumbOverlayFocusDims">
    <width>320</width>
    <height>135</height>
  </include>

  <include name="WallStreamEpThumbZoomAnim">
    <animation effect="zoom" tween="quadratic" end="-40,-24,534,232" time="300" delay="100" reversible="false">Focus</animation>
  </include>

  <include name="WallStreamEpThumbOverlayZoomAnim">
    <animation effect="zoom" tween="quadratic" end="-32,-14,368,155" time="300" delay="100" reversible="false">Focus</animation>
  </include>

  <include name="WallStreamEpisodesFirstRowInfo">
    <control type="group">
      <posx>510</posx>
      <visible>Container(53).Position(0)</visible>
      <include>WallStreamFadeAnim</include>
      <include>WallStreamEpisodeInfo</include>
    </control>

    <control type="group">
      <posx>760</posx>
      <visible>Container(53).Position(1)</visible>
      <include>WallStreamFadeAnim</include>
      <include>WallStreamEpisodeInfo</include>
    </control>

    <control type="group">
      <posx>274</posx>
      <visible>Container(53).Position(2)</visible>
      <include>WallStreamFadeAnim</include>
      <include>WallStreamEpisodeInfo</include>
    </control>
  </include>

  <include name="WallStreamEpisodesSecondRowInfo">
    <control type="group">
      <posx>510</posx>
      <visible>Container(53).Position(3)</visible>
      <include>WallStreamFadeAnim</include>
      <include>WallStreamEpisodeInfo</include>
    </control>

    <control type="group">
      <posx>760</posx>
      <visible>Container(53).Position(4)</visible>
      <include>WallStreamFadeAnim</include>
      <include>WallStreamEpisodeInfo</include>
    </control>

    <control type="group">
      <posx>274</posx>
      <visible>Container(53).Position(5)</visible>
      <include>WallStreamFadeAnim</include>
      <include>WallStreamEpisodeInfo</include>
    </control>
  </include>

  <include name="WallStreamEpisodesThirdRowInfo">
    <control type="group">
      <posx>510</posx>
      <visible>Container(53).Position(6)</visible>
      <include>WallStreamFadeAnim</include>
      <include>WallStreamEpisodeInfo</include>
    </control>

    <control type="group">
      <posx>760</posx>
      <visible>Container(53).Position(7)</visible>
      <include>WallStreamFadeAnim</include>
      <include>WallStreamEpisodeInfo</include>
    </control>

    <control type="group">
      <posx>274</posx>
      <visible>Container(53).Position(28)</visible>
      <include>WallStreamFadeAnim</include>
      <include>WallStreamEpisodeInfo</include>
    </control>
  </include>

  <include name="WallStreamEpisodesFourthRowInfo">
    <control type="group">
      <posx>510</posx>
      <visible>Container(53).Position(9)</visible>
      <include>WallStreamFadeAnim</include>
      <include>WallStreamEpisodeInfo</include>
    </control>

    <control type="group">
      <posx>760</posx>
      <visible>Container(53).Position(10)</visible>
      <include>WallStreamFadeAnim</include>
      <include>WallStreamEpisodeInfo</include>
    </control>

    <control type="group">
      <posx>274</posx>
      <visible>Container(53).Position(11)</visible>
      <include>WallStreamFadeAnim</include>
      <include>WallStreamEpisodeInfo</include>
    </control>
  </include>

<!-- Video Views -->
<!-- =========== -->
  <include name="TopOverlayTitleAreaTextDims">
    <posy>5</posy>
    <height>29</height>
  </include>

  <include name="TopOverlayFirstTitleAreaBGDims">
    <posx>20</posx>
    <width>519</width>
  </include>
  
  <include name="TopOverlayFirstTitleAreaTextDims">
    <posx>518</posx>
    <width>469</width>
  </include>

  <include name="TopOverlaySecondTitleAreaBGDims">
    <posx>400</posx>
    <width>381</width>
  </include>

  <include name="TopOverlaySecondTitleAreaTextDims">
    <posx>752</posx>
    <width>187</width>
  </include>

  <include name="MediaInfoCaptionDims">
    <posx>0</posx>
    <posy>2</posy>
    <width>145</width>
    <height>24</height>
  </include>

  <include name="MediaInfoValueDims">
    <posx>153</posx>
    <width>240</width>
    <height>24</height>
  </include>

  <include name="StarRatingImageDims">
    <posy>1</posy>
    <width>133</width>
    <height>18</height>
  </include>

  <include name="StarRatingDetailsPos">
    <posx>300</posx>
  </include>

  <include name="WtchUnwtchOverlayBGDims">
    <width>32</width>
    <height>30</height>
  </include>

  <include name="WtchUnwtchOverlayDims">
    <posx>7</posx>
    <posy>4</posy>
    <width>23</width>
    <height>16</height>
  </include>

  <include name="MediaItemDetailInfoDims">
    <posx>436</posx>
    <width>165</width>
    <height>42</height>
  </include>

<!-- TV Wide -->
  <include name="TVWideIconDims">
    <posx>-6</posx>
    <width>568</width>
    <height>86</height>
  </include>

  <include name="TVWideIconOverlayDims">
    <posx>3</posx>
    <posy>8</posy>
    <width>180</width>
    <height>72</height>
  </include>

  <include name="TVWidePlotDims">
    <posy>328</posy>
    <width>540</width>
    <height>178</height>
  </include>

  <constant name="TVWideInfoValueWidth">400</constant>

  <include name="TVWideStarRatingImgDims">
    <posx>345</posx>
  </include>

  <constant name="TVViewListWidth">853</constant>

  <include name="TVUnwatchedEpisodesDetailsDims">
    <posx>581</posx>
    <width>200</width>
    <height>42</height>
  </include>

  <include name="TVUnwatchedEpisodesDetailsImageDims">
    <posx>591</posx>
    <posy>15</posy>
    <width>21</width>
    <height>16</height>
  </include>

<!-- TV Seasons -->
  <include name="TVSeasonsThumbPos">
    <posx>850</posx>
    <posy>250</posy>
  </include>

  <include name="TVSeasonsSeasonThumbDims">
    <width>272</width>
    <height>347</height>
  </include>

  <include name="TVSeasonsSeasonThumbRflctnDims">
    <posx>6</posx>
    <posy>342</posy>
    <width>260</width>
    <height>335</height>
  </include>

  <include name="TVSeasonsListAnim">
    <animation effect="slide" end="-516,90" time="0" condition="Container.Content(seasons)">Conditional</animation>
  </include>

  <include name="TVSeasonsItemBGDims">
    <width>730</width>
  </include>

  <include name="TVSeasonsItemFocusBGDims">
    <width>685</width>
  </include>

  <include name="TVSeasonsItemDetailBGDims">
    <width>300</width>
  </include>

  <include name="TVWatchedEpisodesDetailsDims">
    <posx>643</posx>
  </include>

  <include name="TVWatchedEpisodesDetailsImageDims">
    <posx>651</posx>
  </include>
  
<!-- TV Episodes -->
  <include name="TVEpisodesSeasonThumbPos">
    <posx>290</posx>
    <posy>400</posy>
  </include>

  <include name="TVEpisodesSeasonEpThumbDims">
    <posx>-9</posx>
    <posy>13</posy>
    <width>451</width>
    <height>186</height>
  </include>

  <include name="TVEpisodesSeasonNoThumbDims">
    <posy>92</posy>
    <width>219</width>
  </include>

  <include name="TVEpisodesSeasonEpThumbOverlayDims">
    <posx>0</posx>
    <posy>23</posy>
    <width>219</width>
    <height>87</height>
  </include>

  <include name="TVEpisodesSeasonEpThumbBGDims">
    <posx>0</posx>
    <posy>190</posy>
    <width>433</width>
    <height>300</height>
  </include>

  <include name="TVEpisodesSeasonEpThumbRflctnDims">
    <posx>0</posx>
    <posy>190</posy>
    <width>433</width>
    <height>168</height>
  </include>

  <include name="TVEpisodesEpThumbDims">
    <posx>-8</posx>
    <posy>-8</posy>
    <width>370</width>
    <height>162</height>
  </include>

  <include name="TVEpisodesNoThumbDims">
    <posy>63</posy>
    <width>164</width>
  </include>

  <include name="TVEpisodesWtchUnwtchOverlayDims">
    <posx>322</posx>
    <posy>41</posy>
  </include>

  <include name="TVEpisodesEpThumbRflctnDims">
    <posx>0</posx>
    <posy>146</posy>
    <width>354</width>
    <height>146</height>
  </include>

  <include name="TVEpisodesDetailValueDims">
    <posx>124</posx>
    <width>218</width>
  </include>

  <include name="TVEpisodesStarRatingDims">
    <posx>106</posx>
    <posy>24</posy>
  </include>

  <include name="TVEpsiodesWriterPos">
    <posx>-370</posx>
    <posy>48</posy>
  </include>

  <include name="TVEpisodesWideValueDims">
    <width>588</width>
  </include>

  <include name="TVEpisodesPlotDims">
    <posy>238</posy>
    <width>676</width>
    <height>144</height>
  </include>

  <include name="TVEpisodeItemOverlayDims">
    <posx>430</posx>
    <posy>10</posy>
    <width>21</width>
    <height>25</height>
  </include>

  <include name="TVEpisodeItemDateDims">
    <posx>460</posx>
    <width>100</width>
    <height>42</height>
  </include>

<!-- Media Preview -->
  <include name="MediaPreviewTrailerIndicDims">
    <posx>670</posx>
    <posy>-18</posy>
    <width>32</width>
  </include>

  <include name="MediaPreviewPosterDims">
    <width>288</width>
    <height>317</height>
  </include>

  <include name="MediaPreviewPosterNoThumbDims">
    <posy>44</posy>
    <width>288</width>
  </include>
  
  <include name="MediaPreviewThumbDims">
    <posx>18</posx>
    <posy>34</posy>
    <width>106</width>
    <height>117</height>
  </include>

  <include name="MediaPreviewEpThumbDims">
    <posx>18</posx>
    <posy>34</posy>
    <width>226</width>
    <height>156</height>
    <aspectratio>keep</aspectratio>
  </include>

  <include name="MediaPreviewThumbAnim">
    <animation type="focus">
      <effect type="zoom" tween="quadratic" end="6,15,130,140" time="300" delay="100"/>
    </animation>
    <animation type="unfocus">
      <effect type="zoom" tween="quadratic" start="-6,-15,130,140" end="0,0,106,117" time="200"/>
    </animation>
  </include>

  <include name="MediaPreviewEpThumbAnim">
    <animation type="focus">
      <effect type="zoom" tween="quadratic" end="2,21,256,180" time="300" delay="100"/>
    </animation>
    <animation type="unfocus">
      <effect type="zoom" tween="quadratic" start="-2,-21,256,180" end="0,0,226,156" time="200"/>
    </animation>
  </include>

  <include name="MediaPreviewThumbNoThumbDims">
    <posx>71</posx>
    <posy>48</posy>
    <width>106</width>
    <font>SmallTinyTitleCapsFont</font>
  </include>

  <include name="MediaPreviewThumbNoThumbAnim">
    <animation type="focus">
      <effect type="zoom" tween="quadratic" start="100" end="120" time="300" delay="100"/>
      <effect type="slide" tween="quadratic" start="0,0" end="0,-16" time="300" delay="100"/>
    </animation>
<!--
    <animation effect="zoom" tween="quadratic" end="71,36,130,12" time="300" delay="100">Focus</animation>
-->
  </include>

  <include name="MediaPreviewThumbRflctnDims">
    <posy>146</posy>
  </include>

  <include name="MediaPreviewThumbRflctnAnim">
    <animation type="focus">
      <effect type="zoom" tween="quadratic" end="6,150,130,140" time="300" delay="100"/>
    </animation>
    <animation type="unfocus">
      <effect type="zoom" tween="quadratic" start="-6,-150,130,140" end="0,0,106,117" time="200"/>
    </animation>
  </include>

  <include name="MediaPreviewThumbBorderDims">
    <posx>9</posx>
    <posy>25</posy>
    <width>124</width>
    <height>132</height>
    <animation type="focus">
      <effect type="zoom" tween="quadratic" end="-5,5,152,162" time="300" delay="100"/>
    </animation>
    <animation type="unfocus">
      <effect type="zoom" tween="quadratic" start="5,-5,152,162" end="0,0,124,132" time="200"/>
      <effect type="fade" start="100" end="0" time="200"/>
    </animation>
  </include>
  
  <include name="MediaPreviewAnimThumbDims">
    <posx>0</posx>
    <posy>34</posy>
    <width>53</width>
    <height>78</height>
  </include>

  <include name="MediaPreviewAnimThumbAnim">
    <animation type="focus" reversible="false">
      <effect type="zoom" tween="quadratic" end="-985,400,243,300" time="800"/>
      <effect type="rotate" center="20,50" end="360" time="600"/>
    </animation>
    <animation type="unfocus">
      <effect type="zoom" tween="quadratic" start="-930,270,243,300" end="0,0,53,78" time="1000" delay="300"/>
      <effect type="rotate" center="50,50" end="360" time="850" delay="400"/>
    </animation>
  </include>

<!-- Showcase -->
  <include name="ShowcaseListDims">
    <posx>-155</posx>
    <posy>155</posy>
    <width>1480</width>
    <height>720</height>
  </include>

  <constant name="ShowcaseItemHeight">237</constant>

  <constant name="ShowcaseFocusHeight">257</constant>

  <include name="ShowcaseNoThumbLabelDims">
    <posx>115</posx>
    <posy>55</posy>
    <width>238</width>
    <font>MediumLargeTitleCapsFont</font>
  </include>

<!-- Music Views -->
<!-- =========== -->

<!-- Albums -->
  <include name="MusicAlbumNFCoverDims">
    <posx>133</posx>
    <posy>0</posy>
    <width>77</width>
    <height>58</height>
  </include>

  <include name="MusicAlbumFocusCoverDims">
    <posx>150</posx>
    <posy>25</posy>
    <width>83</width>
    <height>62</height>
    <animation effect="zoom" tween="quadratic" end="54,-4,166,124" time="MusicAlbumFocusZoomTime" delay="MusicAlbumFocusZoomDelay" reversible="false">Focus</animation>
  </include>

  <include name="MusicAlbumNoThumbLabelDims">
    <posx>181</posx>
    <posy>10</posy>
    <width>67</width>
    <height>16</height>
    <font>TinyTitleCapsFont</font>
  </include>

  <include name="MusicAlbumFocusNoThumbLabelDims">
    <posy>35</posy>
    <include>MusicAlbumNoThumbLabelDims</include>
    <animation effect="zoom" tween="quadratic" end="138,18,116,28" time="MusicAlbumFocusZoomTime" delay="MusicAlbumFocusZoomDelay" reversible="false">Focus</animation>
  </include>

  <include name="MusicAlbumsCoverOverlayDims">
    <posx>150</posx>
    <posy>4</posy>
    <width>40</width>
    <height>30</height>
  </include>

  <include name="MusicAlbumsFocusCoverOverlayDims">
    <posx>150</posx>
    <posy>30</posy>
    <width>40</width>
    <height>30</height>
    <animation effect="zoom" tween="quadratic" end="66,8,80,60" time="MusicAlbumFocusZoomTime" delay="MusicAlbumFocusZoomDelay" reversible="false">Focus</animation>
  </include>

  <include name="MusicAlbumLargeCoverDims">
    <posx>-6</posx>
    <posy>20</posy>
    <width>328</width>
    <height>246</height>
  </include>

  <include name="MusicAlbumsDetailsArtistPos">
    <posy>274</posy>
  </include>

  <constant name="MusicAlbumDetailInfoHeight">54</constant>

  <include name="MusicAlbumDetailInfoCaptionDims">
    <width>298</width>
  </include>

  <include name="MusicAlbumDetailInfoValueDims">
    <posx>0</posx>
    <posy>22</posy>
    <width>298</width>
  </include>

<!-- Songs -->
  <include name="MusicSongsCoverDims">
    <posx>-8</posx>
    <posy>-8</posy>
    <width>364</width>
    <height>273</height>
  </include>

  <include name="MusicSongsCoverOverlayDims">
    <posx>1</posx>
    <posy>1</posy>
    <width>170</width>
    <height>128</height>
  </include>

  <include name="MusicSongsCoverRflctnDims">
    <posy>257</posy>
    <width>348</width>
    <height>257</height>
  </include>

  <include name="MusicSongsNoThumbDims">
    <posx>0</posx>
    <posy>32</posy>
    <width>348</width>
  </include>

<!-- Coverflow -->
  <include name="CoverflowThumbDims">
    <posx>-68</posx>
    <posy>-8</posy>
    <width>496</width>
    <height>386</height>
  </include>

  <include name="CoverflowThumbReflectionDims">
    <posx>-60</posx>
    <posy>370</posy>
    <width>480</width>
    <height>370</height>
  </include>

  <include name="CoverflowThumbBackdropDims">
    <include>CoverflowThumbReflectionDims</include>
  </include>

  <include name="CoverflowMusicThumbDims">
    <posx>-68</posx>
    <posy>-8</posy>
    <width>496</width>
    <height>366</height>
  </include>

  <include name="CoverflowMusicThumbReflectionDims">
    <posx>0</posx>
    <posy>350</posy>
    <width>480</width>
    <height>350</height>
  </include>

  <include name="CoverflowMusicThumbBackdropDims">
    <include>CoverflowThumbReflectionDims</include>
  </include>

  <include name="CoverflowGlassOverlayDims">
    <posx>-59</posx>
    <posy>1</posy>
    <width>310</width>
    <height>300</height>
  </include>

  <include name="CoverflowLeftShadowOverlayDims">
    <width>338</width>
  </include>

  <include name="CoverflowRightShadowOverlayDims">
    <posx>942</posx>
    <include>CoverflowLeftShadowOverlayDims</include>
  </include>

<!-- Music Vis -->
<!-- ========= -->
  <include name="MusicVisSlideAnim">
    <animation type="WindowOpen" reversible="true" condition="!Window.IsVisible(script-XBMC_Lyrics-main.xml)">
      <effect type="fade" time="1000" />
      <effect type="slide" tween="cubic" start="-420,0" end="0,0" time="700" />
    </animation>
    <animation type="WindowClose" reversible="true">
      <effect type="fade" start="100" end="0" time="100" />
    </animation>
    <animation type="Visible" reversible="true" condition="!Window.IsVisible(script-XBMC_Lyrics-main.xml)">
      <effect type="fade" time="1000" />
      <effect type="slide" tween="cubic" start="-420,0" end="0,0" time="700" />
    </animation>
    <animation type="Hidden" reversible="true" condition="!Window.IsVisible(script-XBMC_Lyrics-main.xml)">
      <effect type="fade" time="300" />
      <effect type="slide" tween="cubic" start="0,0" end="-420,0" time="700" />
    </animation>
    <animation type="Conditional" reversible="true" condition="Window.IsActive(script-XBMC_Lyrics-main.xml)">
      <effect type="fade" start="100" end="0" time="1000" />
      <effect type="slide" tween="cubic" start="0,0" end="540,0" time="700" delay="90" />
    </animation>
    <animation type="Conditional" reversible="true" condition="Window.Previous(script-XBMC_Lyrics-main.xml)">
      <effect type="fade" start="0" end="100" time="0" />
      <effect type="slide" tween="cubic" start="540,0" end="0,0" time="700" delay="90" />
    </animation>
  </include>

  <include name="MusicVisBGDims">
    <posx>0</posx>
    <posy>0</posy>
    <width>503</width>
    <height>720</height>
  </include>

  <constant name="MusicVisLabelWidth">450</constant>

  <include name="MusicVisAlbumCoverImgDims">
    <width>MusicVisLabelWidth</width>
    <height>250</height>
  </include>

  <include name="MusicVisAlbumCoverDims">
    <posx>20</posx>
    <posy>20</posy>
    <include>MusicVisAlbumCoverImgDims</include>
  </include>

  <include name="MusicVisAlbumCoverRflctnDims">
    <posx>20</posx>
    <posy>269</posy>
    <include>MusicVisAlbumCoverImgDims</include>
  </include>

  <include name="MusicVisLabelDims">
    <posx>20</posx>
    <width>MusicVisLabelWidth</width>
  </include>
  
  <constant name="MusicVisRatingXoffset">118</constant>

  <include name="MusicVisVertButtonBGDims">
    <posx>-52</posx>
    <width>341</width>
    <height>32</height>
  </include>

  <include name="MusicVisLyricsLabelDims">
    <posx>220</posx>
    <posy>564</posy>
  </include>

  <include name="MusicVisControlsDims">
    <posx>0</posx>
    <posy>590</posy>
    <width>300</width>
    <height>MusicVisControlBtnHeight</height>
  </include>

  <constant name="MusicVisControlBtnWidth">60</constant>
  <constant name="MusicVisControlBtnHeight">45</constant>

  <include name="MusicVisControlBtnDims">
    <width>MusicVisControlBtnWidth</width>
    <height>MusicVisControlBtnHeight</height>
  </include>

  <include name="MusicVisExtraControlsDims">
    <posx>37</posx>
    <posy>627</posy>
    <width>300</width>
    <height>40</height>
  </include>

  <include name="MusicVisExtraBtnDims">
    <width>51</width>
    <height>38</height>
  </include>

  <include name="MusicVisBottomOSDTextDims">
    <width>356</width>
  </include>

  <include name="MusicVisHorizControlsDims">
    <posx>556</posx>
    <posy>560</posy>
    <width>1280</width>
    <height>56</height>
  </include>

  <include name="MusicBottomVisSelLeftArrowDims">
    <posx>915</posx>
    <posy>578</posy>
    <width>21</width>
    <height>16</height>
    <animation effect="rotate" center="915,578" start="-90" end="-90" time="0" condition="true">Conditional</animation>
  </include>

  <include name="MusicBottomVisSelectBtnDims">
    <posx>970</posx>
    <posy>575</posy>
    <width>225</width>
  </include>

  <include name="MusicBottomVisSelRightArrowDims">
    <posx>1270</posx>
    <posy>578</posy>
    <width>21</width>
    <height>16</height>
    <animation effect="rotate" center="1270,578" start="-90" end="-90" time="0" condition="true">Conditional</animation>
  </include>

</includes>
