<fonts>
	<fontset id="Default" unicode="true">
		<font>
			<name>font10</name>
			<filename>Arial.ttf</filename>
			<size>30</size>
		</font>
		<font>
			<name>font12</name>
			<filename>Arial.ttf</filename>
			<size>32</size>
		</font>
		<font>
			<name>font13</name>
			<filename>Arial.ttf</filename>
			<size>35</size>
		</font>
		<font>
			<name>font13b</name>
			<filename>Arial.ttf</filename>
			<size>35</size>
			<style>bold</style>
		</font>
		<font>
			<name>font16</name>
			<filename>Arial.ttf</filename>
			<size>39</size>
		</font>
		<font>
			<name>font16thin</name>
			<filename>Arial.ttf</filename>
			<size>39</size>
			<aspect>0.9</aspect>
		</font>
		<font>
			<name>font16b</name>
			<filename>Arial.ttf</filename>
			<size>39</size>
			<style>bold</style>
		</font>
		<font>
			<name>font30</name>
			<filename>Arial.ttf</filename>
			<size>44</size>
			<style>bold</style>
		</font>
		<font>
			<name>font40</name>
			<filename>Arial.ttf</filename>
			<size>60</size>
			<style>bold</style>
		</font>
	</fontset>
</fonts>