<window>
  <id>106</id>
  <defaultcontrol>1000</defaultcontrol>
  <include>Fade_Dialog_OpenClose_Animation</include>
  <coordinates>
    <system>1</system>
    <posx>0</posx>
    <posy>0</posy>
  </coordinates>

  <controls>
    <control>
      <description>background top image</description>
      <type>image</type>
      <id>997</id>
      <posx>5</posx>
      <posy>-30</posy>
      <width>200</width>
      <height>31</height>
      <texture>dialog-context-top.png</texture>
    </control>

    <control>
      <description>background image</description>
      <type>image</type>
      <id>999</id>
      <posx>5</posx>
      <posy>0</posy>
      <width>200</width>
      <texture>dialog-context-middle.png</texture>
    </control>

    <control>
      <description>background bottom image</description>
      <type>image</type>
      <id>998</id>
      <posx>5</posx>
      <width>200</width>
      <height>37</height>
      <texture>dialog-context-bottom.png</texture>
    </control>

    <control>
      <description>button template</description>
      <type>button</type>
      <id>1000</id>
      <posx>20</posx>
      <posy>15</posy>
      <width>176</width>
      <height>28</height>
      <font>font12</font>
      <align>center</align>
    </control>

  </controls>

</window>

