<window>
  <id>2008</id>
  <defaultcontrol>1</defaultcontrol>
  <controls>
    <control>
      <description>cd1</description>
      <type>button</type>
      <id>1</id>
      <posx>660</posx>
      <posy>30</posy>
      <width>52</width>
      <height>64</height>
      <label>-</label>
      <texturefocus>button-cd-focus.png</texturefocus>
      <texturenofocus>button-cd-nofocus.png</texturenofocus>
      <onleft>20</onleft>
      <onright>2</onright>
    </control>

    <control>
      <description>cd2</description>
      <type>button</type>
      <id>2</id>
      <posx>660</posx>
      <posy>30</posy>
      <width>52</width>
      <height>64</height>
      <label>-</label>
      <texturefocus>button-cd-focus.png</texturefocus>
      <texturenofocus>button-cd-nofocus.png</texturenofocus>
      <onright>3</onright>
      <onleft>1</onleft>
    </control>

    <control>
      <description>cd3</description>
      <type>button</type>
      <id>3</id>
      <posx>660</posx>
      <posy>30</posy>
      <width>52</width>
      <height>64</height>
      <label>-</label>
      <texturefocus>button-cd-focus.png</texturefocus>
      <texturenofocus>button-cd-nofocus.png</texturenofocus>
      <onright>4</onright>
      <onleft>2</onleft>
    </control>

    <control>
      <description>cd4</description>
      <type>button</type>
      <id>4</id>
      <posx>660</posx>
      <posy>30</posy>
      <width>52</width>
      <height>64</height>
      <label>-</label>
      <texturefocus>button-cd-focus.png</texturefocus>
      <texturenofocus>button-cd-nofocus.png</texturenofocus>
      <onright>5</onright>
      <onleft>3</onleft>
    </control>

    <control>
      <description>cd5</description>
      <type>button</type>
      <id>5</id>
      <posx>660</posx>
      <posy>30</posy>
      <width>52</width>
      <height>64</height>
      <label>-</label>
      <texturefocus>button-cd-focus.png</texturefocus>
      <texturenofocus>button-cd-nofocus.png</texturenofocus>
      <onright>6</onright>
      <onleft>4</onleft>
    </control>

    <control>
      <description>cd6</description>
      <type>button</type>
      <id>6</id>
      <posx>660</posx>
      <posy>30</posy>
      <width>52</width>
      <height>64</height>
      <label>-</label>
      <texturefocus>button-cd-focus.png</texturefocus>
      <texturenofocus>button-cd-nofocus.png</texturenofocus>
      <onright>7</onright>
      <onleft>5</onleft>
    </control>

    <control>
      <description>cd7</description>
      <type>button</type>
      <id>7</id>
      <posx>660</posx>
      <posy>30</posy>
      <width>52</width>
      <height>64</height>
      <label>-</label>
      <texturefocus>button-cd-focus.png</texturefocus>
      <texturenofocus>button-cd-nofocus.png</texturenofocus>
      <onright>8</onright>
      <onleft>6</onleft>
    </control>

    <control>
      <description>cd8</description>
      <type>button</type>
      <id>8</id>
      <posx>660</posx>
      <posy>30</posy>
      <width>52</width>
      <height>64</height>
      <label>-</label>
      <texturefocus>button-cd-focus.png</texturefocus>
      <texturenofocus>button-cd-nofocus.png</texturenofocus>
      <onright>9</onright>
      <onleft>7</onleft>
    </control>

    <control>
      <description>cd9</description>
      <type>button</type>
      <id>9</id>
      <posx>660</posx>
      <posy>30</posy>
      <width>52</width>
      <height>64</height>
      <label>-</label>
      <texturefocus>button-cd-focus.png</texturefocus>
      <texturenofocus>button-cd-nofocus.png</texturenofocus>
      <onright>10</onright>
      <onleft>8</onleft>
    </control>

    <control>
      <description>cd10</description>
      <type>button</type>
      <id>10</id>
      <posx>660</posx>
      <posy>30</posy>
      <width>52</width>
      <height>64</height>
      <label>-</label>
      <texturefocus>button-cd-focus.png</texturefocus>
      <texturenofocus>button-cd-nofocus.png</texturenofocus>
      <onright>11</onright>
      <onleft>9</onleft>
    </control>

    <control>
      <description>cd11</description>
      <type>button</type>
      <id>11</id>
      <posx>660</posx>
      <posy>30</posy>
      <width>52</width>
      <height>64</height>
      <label>-</label>
      <texturefocus>button-cd-focus.png</texturefocus>
      <texturenofocus>button-cd-nofocus.png</texturenofocus>
      <onright>12</onright>
      <onleft>10</onleft>
    </control>

    <control>
      <description>cd12</description>
      <type>button</type>
      <id>12</id>
      <posx>660</posx>
      <posy>30</posy>
      <width>52</width>
      <height>64</height>
      <label>-</label>
      <texturefocus>button-cd-focus.png</texturefocus>
      <texturenofocus>button-cd-nofocus.png</texturenofocus>
      <onright>13</onright>
      <onleft>11</onleft>
    </control>

    <control>
      <description>cd13</description>
      <type>button</type>
      <id>13</id>
      <posx>660</posx>
      <posy>30</posy>
      <width>52</width>
      <height>64</height>
      <label>-</label>
      <texturefocus>button-cd-focus.png</texturefocus>
      <texturenofocus>button-cd-nofocus.png</texturenofocus>
      <onright>14</onright>
      <onleft>12</onleft>
    </control>

    <control>
      <description>cd14</description>
      <type>button</type>
      <id>14</id>
      <posx>660</posx>
      <posy>30</posy>
      <width>52</width>
      <height>64</height>
      <label>-</label>
      <texturefocus>button-cd-focus.png</texturefocus>
      <texturenofocus>button-cd-nofocus.png</texturenofocus>
      <onright>15</onright>
      <onleft>13</onleft>
    </control>

    <control>
      <description>cd15</description>
      <type>button</type>
      <id>15</id>
      <posx>660</posx>
      <posy>30</posy>
      <width>52</width>
      <height>64</height>
      <label>-</label>
      <texturefocus>button-cd-focus.png</texturefocus>
      <texturenofocus>button-cd-nofocus.png</texturenofocus>
      <onright>16</onright>
      <onleft>14</onleft>
    </control>

    <control>
      <description>cd16</description>
      <type>button</type>
      <id>16</id>
      <posx>660</posx>
      <posy>30</posy>
      <width>52</width>
      <height>64</height>
      <label>-</label>
      <texturefocus>button-cd-focus.png</texturefocus>
      <texturenofocus>button-cd-nofocus.png</texturenofocus>
      <onright>17</onright>
      <onleft>15</onleft>
    </control>

    <control>
      <description>cd17</description>
      <type>button</type>
      <id>17</id>
      <posx>660</posx>
      <posy>30</posy>
      <width>52</width>
      <height>64</height>
      <label>-</label>
      <texturefocus>button-cd-focus.png</texturefocus>
      <texturenofocus>button-cd-nofocus.png</texturenofocus>
      <onright>18</onright>
      <onleft>16</onleft>
    </control>

    <control>
      <description>cd18</description>
      <type>button</type>
      <id>18</id>
      <posx>660</posx>
      <posy>30</posy>
      <width>52</width>
      <height>64</height>
      <label>-</label>
      <texturefocus>button-cd-focus.png</texturefocus>
      <texturenofocus>button-cd-nofocus.png</texturenofocus>
      <onright>19</onright>
      <onleft>17</onleft>
    </control>

    <control>
      <description>cd19</description>
      <type>button</type>
      <id>19</id>
      <posx>660</posx>
      <posy>30</posy>
      <width>52</width>
      <height>64</height>
      <label>-</label>
      <texturefocus>button-cd-focus.png</texturefocus>
      <texturenofocus>button-cd-nofocus.png</texturenofocus>
      <onright>20</onright>
      <onleft>18</onleft>
    </control>

    <control>
      <description>cd20</description>
      <type>button</type>
      <id>20</id>
      <posx>660</posx>
      <posy>30</posy>
      <width>52</width>
      <height>64</height>
      <label>-</label>
      <texturefocus>button-cd-focus.png</texturefocus>
      <texturenofocus>button-cd-nofocus.png</texturenofocus>
      <onright>1</onright>
      <onleft>19</onleft>
    </control>

  </controls>

</window>

