<window>
  <id>2001</id>
  <defaultcontrol>5</defaultcontrol>
  <allowoverlay>no</allowoverlay>
  <include>Fade_Dialog_OpenClose_Animation</include>
  <controls>
    <control>
      <description>Black Back</description>
      <type>image</type>
      <id>1</id>
      <posx>0</posx>
      <posy>0</posy>
      <width>720</width>
      <height>576</height>
      <texture>black.png</texture>
    </control>

    <control>
      <description>background image</description>
      <type>image</type>
      <id>1</id>
      <posx>0</posx>
      <posy>0</posy>
      <width>720</width>
      <height>576</height>
      <texture>background.png</texture>
    </control>

    <include>XBMC_Logo_Image</include>

    <control>
      <description>album Artist</description>
      <type>label</type>
      <id>21</id>
      <posx>240</posx> 
      <posy>40</posy>
      <width>450</width>
      <label>-</label>
      <font>font14</font>
      <include>textcolor-yellow</include>
      <include>shadow-black</include>
    </control>

    <control>
      <description>album Label</description>
      <type>label</type>
      <id>20</id>
      <posx>240</posx> 
      <posy>70</posy>
      <width>450</width>
      <label>-</label>
      <font>font14</font>
      <include>textcolor-yellow</include>
      <include>shadow-black</include>
    </control>

      <control>
        <description>Cover Back</description>
        <type>image</type>
        <id>0</id>
        <posx>60</posx>
        <posy>115</posy>
        <width>160</width>
        <height>200</height>
        <texture>Panel.png</texture>
      </control>

    <control>
      <description>CD Cover Image</description>
      <type>image</type>
      <id>3</id>
      <posx>68</posx>
      <posy>125</posy>
      <width>144</width>
      <height>180</height>
      <texture>-</texture>
    </control>

    <control>
      <description>date of release</description>
      <type>label</type>
      <id>1</id>
      <posx>230</posx>
      <posy>140</posy>
      <label>201</label>
      <font>font13</font>
      <include>textcolor-white</include>
    </control>

    <control>
      <description>rating</description>
      <type>label</type>
      <id>1</id>
      <posx>230</posx>
      <posy>170</posy>
      <label>173</label>
      <font>font13</font>
      <include>textcolor-white</include>
    </control>

    <control>
      <description>genre</description>
      <type>label</type>
      <id>1</id>
      <posx>230</posx>
      <posy>200</posy>
      <label>174</label>
      <font>font13</font>
      <include>textcolor-white</include>
    </control>

    <control>
      <description>tones</description>
      <type>label</type>
      <id>1</id>
      <posx>230</posx>
      <posy>230</posy>
      <label>175</label>
      <font>font13</font>
      <include>textcolor-white</include>
    </control>

    <control>
      <description>styles</description>
      <type>label</type>
      <id>1</id>
      <posx>230</posx>
      <posy>260</posy>
      <label>176</label>
      <font>font13</font>
      <include>textcolor-white</include>
    </control>

    <control>
      <description>date of release value</description>
      <type>label</type>
      <id>22</id>
      <posx>340</posx>
      <posy>140</posy>
      <width>350</width>
      <label>-</label>
      <font>font13</font>
      <include>textcolor-green</include>
    </control>

    <control>
      <description>rating value</description>
      <type>label</type>
      <id>23</id>
      <posx>340</posx>
      <posy>170</posy>
      <width>350</width>
      <label>-</label>
      <font>font13</font>
      <include>textcolor-green</include>
    </control>

    <control>
      <description>genre value</description>
      <type>label</type>
      <id>24</id>
      <posx>340</posx>
      <posy>200</posy>
      <width>350</width>
      <label>-</label>
      <font>font13</font>
      <include>textcolor-green</include>
    </control>

    <control>
      <description>tones value</description>
      <type>fadelabel</type>
      <id>25</id>
      <posx>340</posx>
      <posy>230</posy>
      <width>350</width>
      <label>-</label>
      <font>font13</font>
      <include>textcolor-green</include>
    </control>

    <control>
      <description>styles value</description>
      <type>label</type>
      <id>26</id>
      <posx>340</posx>
      <posy>260</posy>
      <width>350</width>
      <label>-</label>
      <font>font13</font>
      <include>textcolor-green</include>
    </control>

	<control>
		<description>textarea</description>
		<type>textbox</type>
		<id>4</id>
		<onleft>5</onleft>
		<onright>5</onright>
		<onup>5</onup>
		<ondown>5</ondown>
	</control>

	<control>
		<description>tracks/review</description>
		<type>button</type>
		<id>5</id>
		<posx>65</posx>
		<posy>330</posy>
		<label>182</label>
		<onleft>4</onleft>
		<onright>4</onright>
		<onup>10</onup>
		<ondown>6</ondown>
		<align>center</align>
	</control>

	<control>
		<description>refresh</description>
		<type>button</type>
		<id>6</id>
		<posx>65</posx>
		<posy>365</posy>
		<label>184</label>
		<onleft>4</onleft>
		<onright>4</onright>
		<onup>5</onup>
		<ondown>10</ondown>
		<align>center</align>
	</control>

	<control>
		<description>Get Thumb</description>
		<type>button</type>
		<id>10</id>
		<posx>65</posx>
		<posy>400</posy>
		<label>13405</label>
		<font>font13</font>
		<onleft>4</onleft>
		<onright>4</onright>
		<onup>6</onup>
		<ondown>5</ondown>
		<align>center</align>
	</control>

  </controls>

</window>

