<window>
  <id>3</id>
  <defaultcontrol>20</defaultcontrol>
  <allowoverlay>no</allowoverlay>
  <controls>

    <control>
      <description>visualisation</description>
      <type>visualisation</type>
      <posx>0</posx>
      <posy>0</posy>
      <width>720</width>
      <height>576</height>
      <visible>Skin.HasSetting(VisBackground)</visible>
    </control>

    <control>
      <description>background image</description>
      <type>image</type>
      <id>1</id>
      <width>720</width>
      <height>576</height>
      <texture>background.png</texture>
    </control>

    <control>
      <description>current directory text label left</description>
      <type>fadelabel</type>
      <id>101</id>
      <align>left</align>
      <posx>90</posx>
      <posy>65</posy>
      <width>270</width>
      <font>font13</font>
      <include>textcolor-green</include>
      <include>Slide_From_Right_Animation</include>
    </control>

    <control>
      <description>current directory text label right</description>
      <type>fadelabel</type>
      <id>102</id>
      <align>left</align>
      <posx>380</posx>
      <posy>65</posy>
      <width>270</width>
      <font>font13</font>
      <include>textcolor-green</include>
      <include>Slide_From_Right_Animation</include>
    </control>

    <control>
      <description>number of files in left list text label</description>
      <type>label</type>
      <id>12</id>
      <posx>90</posx>
      <posy>484</posy>
      <label>-</label>
      <font>font13</font>
      <include>textcolor-green</include>
      <include>Slide_From_Right_Animation</include>
    </control>

    <control>
      <description>number of files in right list text label</description>
      <type>label</type>
      <id>13</id>
      <posx>380</posx>
      <posy>484</posy>
      <label>-</label>
      <font>font13</font>
      <include>textcolor-green</include>
      <include>Slide_From_Right_Animation</include>
    </control>

    <control>
      <description>left file list</description>
      <type>listcontrol</type>
      <id>20</id>
      <include>textcolor-selected</include>
      <posx>80</posx>
      <posy>102</posy>
      <width>280</width>
      <height>400</height>
      <onleft>21</onleft>
      <onright>21</onright>
      <onup>20</onup>
      <ondown>20</ondown>
      <include>Slide_From_Right_Animation</include>
    </control>

    <control>
      <description>right file list</description>
      <type>listcontrol</type>
      <id>21</id>
      <include>textcolor-selected</include>
      <posx>368</posx>
      <posy>102</posy>
      <width>280</width>
      <height>400</height>
      <onleft>20</onleft>
      <onright>20</onright>
      <onup>21</onup>
      <ondown>21</ondown>
      <include>Slide_From_Right_Animation</include>
    </control>

    <control>
      <description>filemanager background image</description>
      <type>image</type>
      <id>1</id>
      <width>720</width>
      <height>576</height>
      <texture>filemanager.png</texture>
      <include>Slide_From_Right_Animation</include>
    </control>

  </controls>

</window>

