<includes>

<!-- Begin Translate section  -->
	<include name="1000"><label>Change Font Colors to Match skin Theme</label></include>
	<include name="1001"><label>Disable Skin Animation</label></include>
	<include name="1002"><label>Use Visualisation for Background</label></include>
	<include name="1003"><label>Show big icon in list View Mode</label></include>
<!-- End Translate section  -->


<!-- Begin Font Colors for Skin -->
	<include name="shadow-black"><shadowcolor>FF000000</shadowcolor></include> <!-- hrmm -->
	<include name="textcolor-white"><textcolor>DDFFFFFF</textcolor></include> <!-- hrmm -->
	<include name="textcolor2-white"><textcolor2>D0FFFFFF</textcolor2></include> <!-- hrmm -->
	<include name="textcolor-black"><textcolor>FF000000</textcolor></include> <!-- hrmm -->
	<include name="textcolor-yellow"><textcolor>FFE7FF00</textcolor></include> <!-- hrmm -->
	<include name="textcolor-green"><textcolor>FF9FCA4F</textcolor></include> <!-- hrmm -->
	<include name="textcolor-green2"><textcolor>FF80C234</textcolor></include> <!-- hrmm -->
	<include name="textcolor-selected"><selectedcolor>FF9FCA4F</selectedcolor></include> <!-- hrmm -->
	<include name="textcolor-selected2"><selectedcolor2>FF9FCA4F</selectedcolor2></include> <!-- hrmm -->
	<include name="textcolor-spincontrol"><spincolor>FFE7FF00</spincolor></include> <!-- hrmm -->
	<include name="textcolor-rsstitle"><titlecolor>FF9FCA4F</titlecolor></include> <!-- hrmm -->
	<include name="textcolor-rssheadline"><headlinecolor>FF80C234</headlinecolor></include> <!-- hrmm -->
<!-- End Font Colors for Skin -->


  <include name="ListItemIcon">
      <control>
        <description>Icon Back</description>
        <type>image</type>
        <id>0</id>
        <posx>55</posx>
        <posy>370</posy>
        <width>150</width>
        <height>150</height>
        <texture>Panel.png</texture>
        <visible>Skin.HasSetting(UseListItemIcon) + Control.HasFocus(50) + !Player.HasMedia</visible>
        <animation effect="fade" start="0" end="100" time="200" condition="!Skin.HasSetting(animated)">VisibleChange</animation>
        <include>Slide_From_Left_Animation</include>
      </control>
    
      <control>
        <description>list icon</description>
        <type>image</type>
        <id>0</id>
        <posx>65</posx>
        <posy>380</posy>
        <width>130</width>
        <height>130</height>
        <info>Listitem.Icon</info>
        <aspectratio>keep</aspectratio>
        <visible>Skin.HasSetting(UseListItemIcon) + Control.HasFocus(50) + !Player.HasMedia</visible>
        <animation effect="fade" start="0" end="100" time="200" condition="!Skin.HasSetting(animated)">VisibleChange</animation>
        <include>Slide_From_Left_Animation</include>
      </control>
  </include>

  <include name="Slide_From_Left_Animation">
   <animation effect="slide" time="300" start="-720,0" end="0,0" acceleration="-1.1" delay="0" condition="!Skin.HasSetting(animated)">WindowOpen</animation>
   <animation effect="slide" time="300" start="0,0" end="-720,0" acceleration="1.3" delay="0" condition="!Skin.HasSetting(animated)">WindowClose</animation>
  </include>

  <include name="Slide_From_Right_Animation">
   <animation effect="slide" time="300" start="720,0" end="0,0" acceleration="-1.1" delay="0" condition="!Skin.HasSetting(animated)">WindowOpen</animation>
   <animation effect="slide" time="300" start="0,0" end="720,0" acceleration="1.3" delay="0" condition="!Skin.HasSetting(animated)">WindowClose</animation>
  </include>

  <include name="Fade_Window_OpenClose_Animation">
   <animation effect="fade" start="100" end="0" time="300" condition="!Skin.HasSetting(animated)">WindowClose</animation>
   <animation effect="fade" start="0" end="100" time="300" condition="!Skin.HasSetting(animated)">WindowOpen</animation>
  </include>

  <include name="Fade_Dialog_OpenClose_Animation">
   <animation effect="fade" start="100" end="0" time="200" condition="!Skin.HasSetting(animated)">WindowClose</animation>
   <animation effect="fade" start="0" end="100" time="200" condition="!Skin.HasSetting(animated)">WindowOpen</animation>
  </include>

  <include name="XBMC_Logo_Image">
    <control>
      <description>xbmc logo</description>
      <type>image</type>
      <posx>70</posx>
      <posy>20</posy>
      <width>130</width>
      <height>90</height>
      <texture>xbmc.png</texture>
      <include>Slide_From_Left_Animation</include>
    </control>
  </include>

  <include name="Anakin_Image">
    <control>
      <type>image</type>
      <posx>458</posx>
      <posy>190</posy>
      <height>386</height>
      <width>232</width>
      <texture>anakin.png</texture>
      <include>Fade_Window_OpenClose_Animation</include>
    </control>
  </include>

  <include name="MasterChief_Image">
    <control>
      <type>image</type>
      <id>1</id>
      <posx>397</posx>
      <posy>30</posy>
      <height>272</height>
      <width>328</width>
      <texture>master.png</texture>
      <include>Fade_Window_OpenClose_Animation</include>
    </control>
  </include>

  <include name="Controller_Image">
    <control>
      <type>image</type>
      <posx>338</posx>
      <posy>310</posy>
      <height>220</height>
      <width>384</width>
      <texture>myprogs-bkgd.png</texture>
      <include>Fade_Window_OpenClose_Animation</include>
    </control>
  </include>

  <include name="Pictures_Image">
    <control>
      <type>image</type>
      <posx>338</posx>
      <posy>310</posy>
      <height>220</height>
      <width>384</width>
      <texture>mypics-bkgd.png</texture>
      <include>Fade_Window_OpenClose_Animation</include>
    </control>
  </include>

  <include name="IPodGirl_Image">
    <control>
      <type>image</type>
      <posx>338</posx>
      <posy>310</posy>
      <height>220</height>
      <width>384</width>
      <texture>sexyipodgirl.png</texture>
      <include>Fade_Window_OpenClose_Animation</include>
    </control>
  </include>

  <include name="SplinterCell_Image">
    <control>
      <description>Back Overlay bg</description>
      <type>image</type>
      <id>1</id>
      <posx>360</posx>
      <posy>0</posy>
      <height>381</height>
      <width>260</width>
      <texture>splintercell.png</texture>
      <include>Fade_Window_OpenClose_Animation</include>
    </control>
  </include>

</includes>
