<window>
<id>29</id>
  <defaultcontrol always="true">52</defaultcontrol>
  <allowoverlay>no</allowoverlay>
  <coordinates>
   <system>1</system>
   <posx>0</posx>
   <posy>0</posy>
 </coordinates>
  <controls>

    <control>
      <description>background image</description>
      <type>image</type>
      <id>1</id>
      <posx>0</posx>
      <posy>0</posy>
      <width>720</width>
      <height>576</height>
      <texture>background.png</texture>
      <colorkey>0</colorkey>
    </control>

		<control>
			<description>Dialog Header</description>
			<type>image</type>
			<id>1</id>
			<posx>90</posx>
			<posy>50</posy>
			<width>315</width>
			<height>180</height>
			<texture>dialog_top.png</texture>
		</control>

		<control>
			<description>Dialog Text Area</description>
			<type>image</type>
			<id>1</id>
			<posx>130</posx>
			<posy>90</posy>
			<width>475</width>
			<height>400</height>
			<texture>dialog_middle.png</texture>
		</control>

		<control>
			<description>Dialog Footer</description>
			<type>image</type>
			<id>1</id>
			<posx>327</posx>
			<posy>370</posy>
			<width>310</width>
			<height>160</height>
			<texture>dialog_bottom.png</texture>
		</control>



    <control>
      <description>Heading Label</description>
      <type>label</type>
      <id>2</id>
      <posx>90</posx>
      <posy>15</posy>
      <width>420</width>
      <align>left</align>
      <label>-</label>
      <font>font14</font>
      <include>textcolor-yellow</include>
    </control>

    <control>
      <description>Profile Amount Label</description>
      <type>label</type>
      <id>3</id>
      <posx>590</posx>
      <posy>60</posy>
      <align>right</align>
      <width>420</width>
      <label>Profiles : 1/3</label>
      <font>font14</font>
      <include>textcolor-yellow</include>
    </control>

    <control>
      <description>big listcontrol</description>
      <type>listcontrol</type>
      <id>52</id>
      <posx>145</posx>
      <posy>100</posy>
      <height>430</height>
      <spinwidth>16</spinwidth>
      <spinheight>16</spinheight>
      <include>textcolor-spincontrol</include>
      <spinposx>40</spinposx>
      <spinposy>400</spinposy>
      <textureup>scroll-up.png</textureup>
      <texturedown>scroll-down.png</texturedown>
      <textureupfocus>scroll-up-focus.png</textureupfocus>
      <texturedownfocus>scroll-down-focus.png</texturedownfocus>
      <texturefocus>blue-rectangle.png</texturefocus>
      <texturenofocus>blue-rectanglenf.png</texturenofocus>
      <font>font14</font>
      <font2>font13</font2>
      <include>textcolor-selected</include>
      <include>textcolor-white</include>
      <include>textcolor-selected2</include>
      <include>textcolor2-white</include>
      <suffix>|</suffix>
      <textxoff>10</textxoff>
      <textyoff>10</textyoff>
      <textxoff2>430</textxoff2>
      <textyoff2>90</textyoff2>
      <aligny>top</aligny>
      <itemwidth>80</itemwidth>
      <itemheight>102</itemheight>
      <spacebetweenitems>10</spacebetweenitems>
      <textureheight>120</textureheight>
      <onleft>52</onleft>
      <onright>101</onright>
      <onup>52</onup>
      <ondown>52</ondown>
    </control>

    <control>
      <description>shutdown button</description>
      <type>button</type>
      <id>101</id>
      <posx>615</posx>
      <posy>520</posy>
      <width>102</width>
      <height>35</height>
      <label>13005</label>
      <aligny>-</aligny>
      <textoffsetx>30</textoffsetx>
      <textoffsety>20</textoffsety>
      <include>textcolor-green</include>
      <font>font10</font>
      <texturefocus>home-side-button-FO.png</texturefocus>
      <texturenofocus>home-side-button-NF.png</texturenofocus>
      <onclick>xbmc.activatewindow(111)</onclick>
      <onleft>52</onleft>
      <onright>101</onright>
      <onup>52</onup>
      <ondown>101</ondown>
      <include>Slide_From_Right_Animation</include>
    </control>

  </controls>

</window>

