<window>
  <id>2600</id>
  <defaultcontrol>2</defaultcontrol>
  <allowoverlay>no</allowoverlay>
  <controls>

    <control>
      <description>visualisation</description>
      <type>visualisation</type>
      <posx>0</posx>
      <posy>0</posy>
      <width>720</width>
      <height>576</height>
      <visible>Skin.HasSetting(VisBackground)</visible>
    </control>

    <control>
      <description>background image</description>
      <type>image</type>
      <id>1</id>
      <posx>0</posx>
      <posy>0</posy>
      <width>720</width>
      <height>576</height>
      <texture>background.png</texture>
    </control>

    <include>XBMC_Logo_Image</include>

    <control>
      <description>panel</description>
      <type>image</type>
      <posx>45</posx>
      <posy>115</posy>
      <height>250</height>
      <width>150</width>
      <texture>panel.png</texture>
      <include>Slide_From_Left_Animation</include>
    </control>

    <control>
      <description>Middle panel Bar</description>
      <type>image</type>
      <posx>45</posx>
      <posy>190</posy>
      <height>20</height>
      <width>150</width>
      <texture>middle-bar.png</texture>
      <include>Slide_From_Left_Animation</include>
    </control>

    <control>
      <description>refresh button</description>
      <type>button</type>
      <id>2</id>
      <posx>50</posx>
      <posy>120</posy>
      <label>184</label>
      <onleft>3</onleft>
      <onright>3</onright>
      <onup>4</onup>
      <ondown>4</ondown>
      <texturenofocus>-</texturenofocus>
      <include>Slide_From_Left_Animation</include>
    </control>

    <control>
      <description>Settings button</description>
      <type>button</type>
      <id>4</id>
      <posx>50</posx>
      <posy>157</posy>
      <label>5</label>
      <onleft>3</onleft>
      <onright>3</onright>
      <onup>2</onup>
      <ondown>2</ondown>
      <onclick>ActivateWindow(MyWeatherSettings)</onclick>
      <texturenofocus>-</texturenofocus>
      <include>Slide_From_Left_Animation</include>
    </control>

    <control>
      <description>logo image</description>
      <type>image</type>
      <id>180</id>
      <posx>75</posx>
      <posy>260</posy>
      <width>86</width>
      <height>86</height>
      <texture>twclogo_64px.png</texture>
      <include>Slide_From_Left_Animation</include>
    </control>

    <control>
      <description>logo image</description>
      <type>image</type>
      <id>1</id>
      <posx>202</posx>
      <posy>115</posy>
      <width>500</width>
      <height>185</height>
      <texture>panel.png</texture>
      <include>Fade_Window_OpenClose_Animation</include>
    </control>

    <control>
      <description>logo image</description>
      <type>image</type>
      <id>1</id>
      <posx>202</posx>
      <posy>305</posy>
      <width>115</width>
      <height>310</height>
      <texture>panel.png</texture>
      <include>Fade_Window_OpenClose_Animation</include>
    </control>

    <control>
      <description>logo image</description>
      <type>image</type>
      <id>1</id>
      <posx>326</posx>
      <posy>305</posy>
      <width>115</width>
      <height>300</height>
      <texture>panel.png</texture>
      <include>Fade_Window_OpenClose_Animation</include>
    </control>

    <control>
      <description>logo image</description>
      <type>image</type>
      <id>1</id>
      <posx>450</posx>
      <posy>305</posy>
      <width>115</width>
      <height>300</height>
      <texture>panel.png</texture>
      <include>Fade_Window_OpenClose_Animation</include>
    </control>

    <control>
      <description>logo image</description>
      <type>image</type>
      <id>1</id>
      <posx>574</posx>
      <posy>305</posy>
      <width>115</width>
      <height>300</height>
      <texture>panel.png</texture>
      <include>Fade_Window_OpenClose_Animation</include>
    </control>

    <control>
      <description>weather location select</description>
      <type>spincontrol</type>
      <align>left</align>
      <width>15</width>
      <height>15</height>
      <id>3</id>
      <posx>217</posx>
      <posy>60</posy>
      <font>-</font>
      <reverse>yes</reverse>
      <onup>2</onup>
      <ondown>2</ondown>
      <onleft>2</onleft>
      <onright>2</onright>
      <textoffsety>-12</textoffsety>
      <disabledcolor>ddffffff</disabledcolor>
      <include>Fade_Window_OpenClose_Animation</include>
    </control>

	<control>
		<description>weather location select label</description>
		<type>label</type>
		<align>left</align>
		<width>350</width>
		<height>15</height>
		<posx>256</posx>
		<posy>60</posy>
		<font>font14</font>
		<include>textcolor-yellow</include>
		<include>shadow-black</include>
		<aligny>center</aligny>
		<info>Weather.Location</info>
		<include>Fade_Window_OpenClose_Animation</include>
	</control>

    <control>
      <description>update time label</description>
      <type>label</type>
      <id>11</id>
      <posx>210</posx>
      <posy>83</posy>
      <label>-</label>
      <font>font14</font>
      <include>textcolor-yellow</include>
      <include>shadow-black</include>
      <include>Fade_Window_OpenClose_Animation</include>
    </control>

    <control>
      <description>current temp static label</description>
      <type>label</type>
      <id>223</id>
      <posx>210</posx>
      <posy>120</posy>
      <label>temp</label>
      <font>font13</font>
      <include>textcolor-yellow</include>
      <include>shadow-black</include>
      <include>Fade_Window_OpenClose_Animation</include>
    </control>

    <control>
      <description>current feels like static label</description>
      <type>label</type>
      <id>224</id>
      <posx>210</posx>
      <posy>150</posy>
      <label>-</label>
      <font>font13</font>
      <include>textcolor-yellow</include>
      <include>shadow-black</include>
      <include>Fade_Window_OpenClose_Animation</include>
    </control>

    <control>
      <description>current dew static label</description>
      <type>label</type>
      <id>227</id>
      <posx>210</posx>
      <posy>180</posy>
      <label>-</label>
      <font>font13</font>
      <include>textcolor-yellow</include>
      <include>shadow-black</include>
      <include>Fade_Window_OpenClose_Animation</include>
    </control>

    <control>
      <description>current humidity static label</description>
      <type>label</type>
      <id>228</id>
      <posx>210</posx>
      <posy>210</posy>
      <label>-</label>
      <font>font13</font>
      <include>textcolor-yellow</include>
      <include>shadow-black</include>
      <include>Fade_Window_OpenClose_Animation</include>
    </control>

    <control>
      <description>current uv index static label</description>
      <type>label</type>
      <id>225</id>
      <posx>210</posx>
      <posy>240</posy>
      <label>-</label>
      <font>font13</font>
      <include>textcolor-yellow</include>
      <include>shadow-black</include>
      <include>Fade_Window_OpenClose_Animation</include>
    </control>

    <control>
      <description>current wind static label</description>
      <type>label</type>
      <id>226</id>
      <posx>210</posx>
      <posy>270</posy>
      <label>-</label>
      <font>font13</font>
      <include>textcolor-yellow</include>
      <include>shadow-black</include>
      <include>Fade_Window_OpenClose_Animation</include>
    </control>

    <control>
      <description>current weather icon</description>
      <type>image</type>
      <id>21</id>
      <posx>555</posx>
      <posy>130</posy>
      <height>153</height>
      <width>128</width>
      <texture>background-myweather.png</texture>
      <include>Fade_Window_OpenClose_Animation</include>
    </control>

    <control>
      <description>current condition label</description>
      <type>label</type>
      <id>22</id>
      <posx>425</posx>
      <posy>120</posy>
      <width>120</width>
      <wrapmultiline>true</wrapmultiline>
      <label>-</label>
      <font>font12</font>
      <include>textcolor-yellow</include>
      <include>shadow-black</include>
      <include>Fade_Window_OpenClose_Animation</include>
    </control>

    <control>
      <description>current temp label</description>
      <type>label</type>
      <id>23</id>
      <posx>335</posx>
      <posy>120</posy>
      <label>-</label>
      <font>font13</font>
      <include>textcolor-white</include>
      <include>Fade_Window_OpenClose_Animation</include>
    </control>

    <control>
      <description>current feels like label</description>
      <type>label</type>
      <id>24</id>
      <posx>335</posx>
      <posy>150</posy>
      <label>-</label>
      <font>font13</font>
      <include>textcolor-white</include>
      <include>Fade_Window_OpenClose_Animation</include>
    </control>

    <control>
      <description>current dew label</description>
      <type>label</type>
      <id>27</id>
      <posx>335</posx>
      <posy>180</posy>
      <label>-</label>
      <font>font13</font>
      <include>textcolor-white</include>
      <include>Fade_Window_OpenClose_Animation</include>
    </control>

    <control>
      <description>current humidity label</description>
      <type>label</type>
      <id>28</id>
      <posx>335</posx>
      <posy>210</posy>
      <label>-</label>
      <font>font13</font>
      <include>textcolor-white</include>
      <include>Fade_Window_OpenClose_Animation</include>
    </control>

    <control>
      <description>current uv index label</description>
      <type>label</type>
      <id>25</id>
      <posx>335</posx>
      <posy>240</posy>
      <label>-</label>
      <font>font13</font>
      <include>textcolor-white</include>
      <include>Fade_Window_OpenClose_Animation</include>
    </control>

    <control>
      <description>current wind label</description>
      <type>label</type>
      <id>26</id>
      <posx>335</posx>
      <posy>270</posy>
      <label>-</label>
      <font>font13</font>
      <include>textcolor-white</include>
      <include>Fade_Window_OpenClose_Animation</include>
    </control>

    <control>
      <description>day 0 label</description>
      <type>label</type>
      <id>31</id>
      <posx>210</posx>
      <posy>315</posy>
      <label>-</label>
      <font>font13</font>
      <include>textcolor-yellow</include>
      <include>shadow-black</include>
      <include>Fade_Window_OpenClose_Animation</include>
    </control>

    <control>
      <description>day 0 hi label</description>
      <type>label</type>
      <id>32</id>
      <posx>210</posx>
      <posy>348</posy>
      <label>-</label>
      <font>font12</font>
      <include>textcolor-white</include>
      <include>Fade_Window_OpenClose_Animation</include>
    </control>

    <control>
      <description>day 0 low label</description>
      <type>label</type>
      <id>33</id>
      <posx>210</posx>
      <posy>370</posy>
      <label>-</label>
      <font>font12</font>
      <include>textcolor-white</include>
      <include>Fade_Window_OpenClose_Animation</include>
    </control>

    <control>
      <description>day 0 general weather label</description>
      <type>label</type>
      <id>34</id>
      <posx>210</posx>
      <posy>480</posy>
      <width>100</width>
      <wrapmultiline>true</wrapmultiline>
      <label>-</label>
      <font>font12</font>
      <include>textcolor-white</include>
      <include>Fade_Window_OpenClose_Animation</include>
    </control>

    <control>
      <description>day 0 icon</description>
      <type>image</type>
      <id>35</id>
      <posx>220</posx>
      <posy>400</posy>
      <height>76</height>
      <width>64</width>
      <texture>background-myweather.png</texture>
      <colorkey>ffff00ff</colorkey>
      <colordiffuse>ffffffff</colordiffuse>
      <include>Fade_Window_OpenClose_Animation</include>
    </control>

    <control>
      <description>day 1 label</description>
      <type>label</type>
      <id>41</id>
      <posx>335</posx>
      <posy>315</posy>
      <label>-</label>
      <font>font13</font>
      <include>textcolor-yellow</include>
      <include>shadow-black</include>
      <include>Fade_Window_OpenClose_Animation</include>
    </control>

    <control>
      <description>day 1 hi label</description>
      <type>label</type>
      <id>42</id>
      <posx>335</posx>
      <posy>348</posy>
      <label>-</label>
      <font>font12</font>
      <include>textcolor-white</include>
      <include>Fade_Window_OpenClose_Animation</include>
    </control>

    <control>
      <description>day 1 low label</description>
      <type>label</type>
      <id>43</id>
      <posx>335</posx>
      <posy>370</posy>
      <label>-</label>
      <font>font12</font>
      <include>textcolor-white</include>
      <include>Fade_Window_OpenClose_Animation</include>
    </control>

    <control>
      <description>day 1 general weather label</description>
      <type>label</type>
      <id>44</id>
      <posx>335</posx>
      <posy>480</posy>
      <width>100</width>
      <wrapmultiline>true</wrapmultiline>
      <label>-</label>
      <font>font12</font>
      <include>textcolor-white</include>
      <include>Fade_Window_OpenClose_Animation</include>
    </control>

    <control>
      <description>day 1 icon</description>
      <type>image</type>
      <id>45</id>
      <posx>345</posx>
      <posy>400</posy>
      <height>76</height>
      <width>64</width>
      <texture>background-myweather.png</texture>
      <colorkey>ffff00ff</colorkey>
      <colordiffuse>ffffffff</colordiffuse>
      <include>Fade_Window_OpenClose_Animation</include>
    </control>

    <control>
      <description>day 2 label</description>
      <type>label</type>
      <id>51</id>
      <posx>460</posx>
      <posy>315</posy>
      <label>-</label>
      <font>font13</font>
      <include>textcolor-yellow</include>
      <include>shadow-black</include>
      <include>Fade_Window_OpenClose_Animation</include>
    </control>

    <control>
      <description>day 2 hi label</description>
      <type>label</type>
      <id>52</id>
      <posx>460</posx>
      <posy>348</posy>
      <label>-</label>
      <font>font12</font>
      <include>textcolor-white</include>
      <include>Fade_Window_OpenClose_Animation</include>
    </control>

    <control>
      <description>day 2 low label</description>
      <type>label</type>
      <id>53</id>
      <posx>460</posx>
      <posy>370</posy>
      <label>-</label>
      <font>font12</font>
      <include>textcolor-white</include>
      <include>Fade_Window_OpenClose_Animation</include>
    </control>

    <control>
      <description>day 2 general weather label</description>
      <type>label</type>
      <id>54</id>
      <posx>460</posx>
      <posy>480</posy>
      <width>100</width>
      <wrapmultiline>true</wrapmultiline>
      <label>-</label>
      <font>font12</font>
      <include>textcolor-white</include>
      <include>Fade_Window_OpenClose_Animation</include>
    </control>

    <control>
      <description>day 2 icon</description>
      <type>image</type>
      <id>55</id>
      <posx>470</posx>
      <posy>400</posy>
      <height>76</height>
      <width>64</width>
      <texture>background-myweather.png</texture>
      <colorkey>ffff00ff</colorkey>
      <colordiffuse>ffffffff</colordiffuse>
      <include>Fade_Window_OpenClose_Animation</include>
    </control>

    <control>
      <description>day 3 label</description>
      <type>label</type>
      <id>61</id>
      <posx>585</posx>
      <posy>315</posy>
      <label>-</label>
      <font>font13</font>
      <include>textcolor-yellow</include>
      <include>shadow-black</include>
      <include>Fade_Window_OpenClose_Animation</include>
    </control>

    <control>
      <description>day 3 hi label</description>
      <type>label</type>
      <id>62</id>
      <posx>585</posx>
      <posy>348</posy>
      <label>-</label>
      <font>font12</font>
      <include>textcolor-white</include>
      <include>Fade_Window_OpenClose_Animation</include>
    </control>

    <control>
      <description>day 3 low label</description>
      <type>label</type>
      <id>63</id>
      <posx>585</posx>
      <posy>370</posy>
      <label>-</label>
      <font>font12</font>
      <include>textcolor-white</include>
      <include>Fade_Window_OpenClose_Animation</include>
    </control>

    <control>
      <description>day 3 general weather label</description>
      <type>label</type>
      <id>64</id>
      <posx>585</posx>
      <posy>480</posy>
      <width>100</width>
      <wrapmultiline>true</wrapmultiline>
      <label>-</label>
      <font>font12</font>
      <include>textcolor-white</include>
      <include>Fade_Window_OpenClose_Animation</include>
    </control>

    <control>
      <description>day 3 icon</description>
      <type>image</type>
      <id>65</id>
      <posx>595</posx>
      <posy>400</posy>
      <height>76</height>
      <width>64</width>
      <texture>background-myweather.png</texture>
      <colorkey>ffff00ff</colorkey>
      <colordiffuse>ffffffff</colordiffuse>
      <include>Fade_Window_OpenClose_Animation</include>
    </control>

  </controls>

</window>

