<controls>
  <control>
    <description>default image</description>
    <type>image</type>
    <id>1</id>
    <posx>0</posx>
    <posy>0</posy>
    <texture>-</texture>
    <colorkey>0</colorkey>
    <colordiffuse>ffffffff</colordiffuse>
  </control>

  <control>
    <description>default label</description>
    <type>label</type>
    <id>1</id>
    <posx>80</posx>
    <posy>60</posy>
    <label>6</label>
    <font>font13</font>
    <include>textcolor-white</include>
  </control>

  <control>
    <description>default spinbutton</description>
    <type>spinbutton</type>
    <id>1</id>
    <posx>300</posx>
    <posy>200</posy>
    <width>22</width>
    <height>44</height>
    <texturedownfocus>spinbutton4.png</texturedownfocus>
    <textureupfocus>spinbutton3.png</textureupfocus>
    <texturefocus>spinbutton2.png</texturefocus>
    <texturenofocus>spinbutton1.png</texturenofocus>
    <font>font13</font>
    <include>textcolor-green</include>
    <disabledcolor>60d0d0d0</disabledcolor>
  </control>

  <control>
    <description>default button</description>
    <type>button</type>
    <id>1</id>
    <posx>300</posx>
    <posy>200</posy>
    <width>140</width>
    <height>33</height>
    <texturefocus>button-focus.png</texturefocus>
    <texturenofocus>button-nofocus.png</texturenofocus>
    <font>font13</font>
    <include>textcolor-white</include>
    <include>shadow-black</include>
    <disabledcolor>60d0d0d0</disabledcolor>
    <textoffsetx>7</textoffsetx>
    <aligny>center</aligny>
  </control>

  <control>
    <description>default togglebutton</description>
    <type>togglebutton</type>
    <id>4</id>
    <posx>185</posx>
    <posy>167</posy>
    <width>10</width>
    <height>12</height>
    <texturefocus>scroll-up-focus.png</texturefocus>
    <texturenofocus>scroll-up.png</texturenofocus>
    <alttexturefocus>scroll-down-focus.png</alttexturefocus>
    <alttexturenofocus>scroll-down.png</alttexturenofocus>
    <label>-</label>
    <font>font13</font>
    <include>textcolor-white</include>
    <colordiffuse>ffffffff</colordiffuse>
    <disabledcolor>60d0d0d0</disabledcolor>
  </control>

  <control>
    <description>default listcontrol</description>
    <type>listcontrol</type>
    <id>10</id>
    <posx>211</posx>
    <posy>121</posy>
    <width>455</width>
    <height>425</height>
    <spinwidth>16</spinwidth>
    <spinheight>16</spinheight>
    <spinposx>415</spinposx>
    <spinposy>405</spinposy>
    <include>textcolor-spincontrol</include>
    <textureup>scroll-up.png</textureup>
    <texturedown>scroll-down.png</texturedown>
    <textureupfocus>scroll-up-focus.png</textureupfocus>
    <texturedownfocus>scroll-down-focus.png</texturedownfocus>
    <texturefocus>list-focus.png</texturefocus>
    <texturenofocus>list-nofocus.png</texturenofocus>
    <image>icon-folder.png</image>
    <textureheight>30</textureheight>
    <font>font13</font>
    <include>textcolor-selected</include>
    <include>textcolor-white</include>
    <include>textcolor2-white</include>
    <colordiffuse>ffffffff</colordiffuse>
    <suffix> |</suffix>
    <textxoff>3</textxoff>
    <textxoff2>0</textxoff2>
    <aligny>center</aligny>
  </control>

  <control>
    <description>default listcontrolex</description>
    <type>listcontrolex</type>
    <id>10</id>
    <posx>211</posx>
    <posy>121</posy>
    <width>440</width>
    <height>260</height>
    <spinwidth>16</spinwidth>
    <spinheight>16</spinheight>
    <spinposx>415</spinposx>
    <spinposy>405</spinposy>
    <include>textcolor-spincontrol</include>
    <textureup>scroll-up.png</textureup>
    <texturedown>scroll-down.png</texturedown>
    <textureupfocus>scroll-up-focus.png</textureupfocus>
    <texturedownfocus>scroll-down-focus.png</texturedownfocus>
    <texturefocus>list-focus.png</texturefocus>
    <texturenofocus>list-nofocus.png</texturenofocus>
    <textureheight>30</textureheight>
    <image>defaultfolderbig.png</image>
    <font>font13</font>
    <include>textcolor-selected</include>
    <include>textcolor-white</include>
    <include>textcolor2-white</include>
    <textxoff>3</textxoff>
    <suffix> |</suffix>
    <aligny>center</aligny>
  </control>

  <control>
    <description>default ram (recently added media) control</description>
    <type>ram</type>
    <id>20</id>
    <posx>45</posx>
    <posy>145</posy>
    <width>600</width>
    <height>400</height>
    <font>font12</font>
    <font2>font12</font2>
    <titlecolor>ddffffff</titlecolor>
    <include>textcolor-white</include>
    <include>textcolor-selected</include>
    <textspacey>6</textspacey>
    <gfxthumbwidth>150</gfxthumbwidth>
    <gfxthumbheight>217</gfxthumbheight>
    <gfxthumbspacex>60</gfxthumbspacex>
    <gfxthumbspacey>0</gfxthumbspacey>
    <gfxthumbdefault>ram_blank.png</gfxthumbdefault>
    <onleft>20</onleft>
    <onright>20</onright>
    <onup>20</onup>
    <ondown>20</ondown>
  </control>

  <control>
    <description>default thumbnail panel</description>
    <type>thumbnailpanel</type>
    <id>11</id>
    <posx>211</posx>
    <posy>121</posy>
    <width>520</width>
    <height>430</height>
    <spinwidth>16</spinwidth>
    <spinheight>16</spinheight>
    <include>textcolor-spincontrol</include>
    <spinposx>415</spinposx>
    <spinposy>405</spinposy>
    <textureup>scroll-up.png</textureup>
    <texturedown>scroll-down.png</texturedown>
    <textureupfocus>scroll-up-focus.png</textureupfocus>
    <texturedownfocus>scroll-down-focus.png</texturedownfocus>
    <itemwidth>92</itemwidth>
    <itemheight>130</itemheight>
    <texturewidth>73</texturewidth>
    <textureheight>100</textureheight>
    <thumbwidth>65</thumbwidth>
    <thumbheight>90</thumbheight>
    <thumbposx>4</thumbposx>
    <thumbposy>5</thumbposy>
    <imagefolder>folder-nofocus.png</imagefolder>
    <imagefolderfocus>folder-focus.png</imagefolderfocus>
    <font>font10</font>
    <include>textcolor-selected</include>
    <include>textcolor-white</include>
    <texturewidthbig>107</texturewidthbig>
    <textureheightbig>143</textureheightbig>
    <itemwidthbig>120</itemwidthbig>
    <itemheightbig>200</itemheightbig>
    <thumbwidthbig>96</thumbwidthbig>
    <thumbheightbig>133</thumbheightbig>
    <thumbposxbig>5</thumbposxbig>
    <thumbposybig>5</thumbposybig>
    <suffix>-</suffix>
  </control>

  <control>
    <description>default fadelabel</description>
    <type>fadelabel</type>
    <id>5</id>
    <posx>55</posx>
    <posy>530</posy>
    <width>180</width>
    <align>left</align>
    <font>font13</font>
    <include>textcolor-green</include>
  </control>

  <control>
    <description>default textarea</description>
    <type>textbox</type>
    <id>4</id>
    <posx>220</posx>
    <posy>330</posy>
    <width>470</width>
    <height>210</height>
    <spinwidth>16</spinwidth>
    <spinheight>16</spinheight>
    <spinposx>420</spinposx>
    <spinposy>210</spinposy>
    <include>textcolor-spincontrol</include>
    <textureup>scroll-up.png</textureup>
    <texturedown>scroll-down.png</texturedown>
    <textureupfocus>scroll-up-focus.png</textureupfocus>
    <texturedownfocus>scroll-down-focus.png</texturedownfocus>
    <image>icon-folder.png</image>
    <font>font13</font>
    <textcolor>0xFF9fca4f</textcolor>
    <colordiffuse>ffffffff</colordiffuse>
  </control>

  <control>
    <description>default progress control </description>
    <type>progress</type>
    <id>20</id>
    <posx>100</posx>
    <posy>325</posy>
    <texturebg>progress_back.png</texturebg>
    <lefttexture>progress_left.png</lefttexture>
    <midtexture>progress_mid.png</midtexture>
    <righttexture>progress_right.png</righttexture>
    <overlaytexture>progress_over.png</overlaytexture>
    <visible>no</visible>
  </control>

  <control>
    <description>default spin control</description>
    <type>spincontrol</type>
    <id>2</id>
    <posx>330</posx>
    <posy>126</posy>
    <textureup>scroll-up.png</textureup>
    <texturedown>scroll-down.png</texturedown>
    <textureupfocus>scroll-up-focus.png</textureupfocus>
    <texturedownfocus>scroll-down-focus.png</texturedownfocus>
    <align>right</align>
    <width>15</width>
    <height>20</height>
    <font>font14</font>
    <reverse>yes</reverse>
    <include>textcolor-white</include>
    <disabledcolor>60d0d0d0</disabledcolor>
    <subtype>text</subtype>
    <textoffsetx>-5</textoffsetx>
    <textoffsety>0</textoffsety>
    <aligny>-</aligny>
  </control>

  <control>
    <description>default spincontrolex</description>
    <type>spincontrolex</type>
    <id>1</id>
    <posx>530</posx>
    <posy>150</posy>
    <width>300</width>
    <height>33</height>
    <spinwidth>15</spinwidth>
    <spinheight>20</spinheight>
    <texturefocus>list-focus.png</texturefocus>
    <texturenofocus>-</texturenofocus>
    <textureup>scroll-up.png</textureup>
    <texturedown>scroll-down.png</texturedown>
    <textureupfocus>scroll-up-focus.png</textureupfocus>
    <texturedownfocus>scroll-down-focus.png</texturedownfocus>
    <font>font14</font>
    <include>textcolor-white</include>
    <colordiffuse>ffffffff</colordiffuse>
    <disabledcolor>60d0d0d0</disabledcolor>
    <textoffsetx>7</textoffsetx>
    <aligny>center</aligny>
    <reverse>yes</reverse>
  </control>

  <control>
    <description>default checkmark</description>
    <type>checkmark</type>
    <id>4</id>
    <posx>208</posx>
    <posy>166</posy>
    <include>textcolor-white</include>
    <disabledcolor>80d0d0d0</disabledcolor>
    <include>textcolor-white</include>
    <font>font13</font>
    <label>167</label>
    <texturecheckmark>check-box.png</texturecheckmark>
    <texturecheckmarknofocus>check-boxnf.png</texturecheckmarknofocus>
    <markwidth>16</markwidth>
    <markheight>20</markheight>
    <align>left</align>
    <shadow>no</shadow>
  </control>

  <control>
    <description>default radio button</description>
    <type>radiobutton</type>
    <id>4</id>
    <posx>50</posx>
    <posy>268</posy>
    <width>140</width>
    <height>35</height>
    <textureradiofocus>radiobutton-focus.png</textureradiofocus>
    <textureradionofocus>radiobutton-nofocus.png</textureradionofocus>
    <texturefocus>button-focus.png</texturefocus>
    <texturenofocus>button-nofocus.png</texturenofocus>
    <label>215</label>
    <font>font13</font>
    <include>textcolor-white</include>
    <colordiffuse>ffffffff</colordiffuse>
    <disabledcolor>60d0d0d0</disabledcolor>
    <textoffsetx>7</textoffsetx>
    <aligny>center</aligny>
  </control>

  <control>
    <description>default select button</description>
    <type>selectbutton</type>
    <id>6</id>
    <posx>60</posx>
    <posy>192</posy>
    <width>140</width>
    <height>35</height>
    <label>132</label>
    <font>font13</font>
    <texturefocus>button-focus.png</texturefocus>
    <texturenofocus>button-nofocus.png</texturenofocus>
    <texturebg>button-nofocus.png</texturebg>
    <textureleft>scroll-left.png</textureleft>
    <textureleftfocus>scroll-left-focus.png</textureleftfocus>
    <textureright>scroll-right.png</textureright>
    <texturerightfocus>scroll-right-focus.png</texturerightfocus>
    <font>font13</font>
    <include>textcolor-white</include>
    <colordiffuse>ffffffff</colordiffuse>
    <disabledcolor>60d0d0d0</disabledcolor>
    <onleft>50</onleft>
    <onright>50</onright>
    <onup>3</onup>
    <ondown>7</ondown>
    <textoffsetx>7</textoffsetx>
    <aligny>center</aligny>
  </control>

  <control>
    <description>default slider control</description>
    <type>slider</type>
    <id>1</id>
    <controloffsetx>75</controloffsetx>
    <controloffsety>0</controloffsety>
  </control>

  <control>
    <description>default mover control</description>
    <type>mover</type>
    <id>1</id>
    <posx>60</posx>
    <posy>192</posy>
    <texturefocus>button-focus.png</texturefocus>
    <texturenofocus>button-nofocus.png</texturenofocus>
  </control>

  <control>
    <description>default resize control</description>
    <type>resize</type>
    <id>1</id>
    <posx>60</posx>
    <posy>192</posy>
    <texturefocus>button-focus.png</texturefocus>
    <texturenofocus>button-nofocus.png</texturenofocus>
  </control>

</controls>

