<window id="2003">
	<defaultcontrol>5</defaultcontrol>
	<allowoverlay>no</allowoverlay>
	<include>Fade_Dialog_OpenClose_Animation</include>
	<controls>
		<control type="image" id="1">
			<description>background image</description>
			<posx>0</posx>
			<posy>0</posy>
			<width>720</width>
			<height>576</height>
			<texture>background2.png</texture>
		</control>
		<control type="image" id="1">
			<include>Catagory_Background_Commons</include>
			<texture>bg-videos.png</texture>
		</control>
		<control type="label" id="20">
			<description>movie title value</description>
			<posx>180</posx>
			<posy>45</posy>
			<label>-</label>
			<font>font14</font>
			<textcolor>ffb2d4f5</textcolor>
		</control>
		<control type="label" id="1">
			<description>director txt</description>
			<posx>100</posx>
			<posy>90</posy>
			<label>$LOCALIZE[20339]:</label>
			<font>font13</font>
			<textcolor>ffffffff</textcolor>
		</control>
		<control type="label" id="1">
			<description>writing credits txt</description>
			<posx>100</posx>
			<posy>110</posy>
			<label>$LOCALIZE[20417]:</label>
			<font>font13</font>
			<textcolor>ffffffff</textcolor>
		</control>
		<control type="label" id="1">
			<description>genre txt</description>
			<posx>100</posx>
			<posy>130</posy>
			<label>$LOCALIZE[515]:</label>
			<font>font13</font>
			<textcolor>ffffffff</textcolor>
		</control>
		<control type="label" id="1">
			<description>year</description>
			<posx>100</posx>
			<posy>150</posy>
			<label>$LOCALIZE[562]:</label>
			<font>font13</font>
			<textcolor>ffffffff</textcolor>
		</control>
		<control type="label" id="1">
			<description>tagline txt</description>
			<posx>100</posx>
			<posy>170</posy>
			<label>$LOCALIZE[202]:</label>
			<font>font13</font>
			<textcolor>ffffffff</textcolor>
		</control>
		<control type="label" id="1">
			<description>plotoutline txt</description>
			<posx>100</posx>
			<posy>190</posy>
			<label>$LOCALIZE[203]:</label>
			<font>font13</font>
			<textcolor>ffffffff</textcolor>
		</control>
		<control type="label" id="1">
			<description>rating txt</description>
			<posx>100</posx>
			<posy>210</posy>
			<label>$LOCALIZE[563]:</label>
			<font>font13</font>
			<textcolor>ffffffff</textcolor>
		</control>
		<control type="label" id="1">
			<description>runtime txt</description>
			<posx>100</posx>
			<posy>230</posy>
			<label>$LOCALIZE[2050]:</label>
			<font>font13</font>
			<textcolor>ffffffff</textcolor>
		</control>
		<control type="label" id="21">
			<description>director value</description>
			<posx>220</posx>
			<posy>90</posy>
			<label>-</label>
			<font>font13</font>
			<textcolor>ffb2d4f5</textcolor>
		</control>
		<control type="label" id="22">
			<description>writing credits value</description>
			<posx>220</posx>
			<posy>110</posy>
			<label>-</label>
			<font>font13</font>
			<textcolor>ffb2d4f5</textcolor>
		</control>
		<control type="label" id="23">
			<description>genre value</description>
			<posx>220</posx>
			<posy>130</posy>
			<label>-</label>
			<font>font13</font>
			<textcolor>ffb2d4f5</textcolor>
		</control>
		<control type="label" id="24">
			<description>year value</description>
			<posx>220</posx>
			<posy>150</posy>
			<label>-</label>
			<font>font13</font>
			<textcolor>ffb2d4f5</textcolor>
		</control>
		<control type="fadelabel" id="25">
			<description>tagline value</description>
			<posx>220</posx>
			<posy>170</posy>
			<width>400</width>
			<label>-</label>
			<font>font13</font>
			<textcolor>ffb2d4f5</textcolor>
		</control>
		<control type="fadelabel" id="26">
			<description>plotoutline value</description>
			<posx>220</posx>
			<posy>190</posy>
			<width>400</width>
			<label>-</label>
			<font>font13</font>
			<textcolor>ffb2d4f5</textcolor>
		</control>
		<control type="label" id="30">
			<description>rating and votes value</description>
			<posx>220</posx>
			<posy>210</posy>
			<label>-</label>
			<font>font13</font>
			<textcolor>ffb2d4f5</textcolor>
		</control>
		<control type="label" id="31">
			<description>runtime value</description>
			<posx>220</posx>
			<posy>230</posy>
			<label>-</label>
			<font>font13</font>
			<textcolor>ffb2d4f5</textcolor>
		</control>
		<control type="image" id="3">
			<description>start logo</description>
			<posx>100</posx>
			<posy>270</posy>
			<width>100</width>
			<height>140</height>
			<texture>-</texture>
			<aspectratio>keep</aspectratio>
		</control>
		<control type="textbox" id="4">
			<description>textarea</description>
			<posx>220</posx>
			<posy>265</posy>
			<height>260</height>
			<spinposy>255</spinposy>
			<onleft>5</onleft>
			<onright>50</onright>
			<onup>5</onup>
			<ondown>5</ondown>
		</control>
		<control type="listcontrol" id="50">
			<description>cast listcontrol</description>
			<posx>220</posx>
			<posy>265</posy>
			<height>260</height>
			<spinposy>255</spinposy>
			<onleft>5</onleft>
			<onright>4</onright>
			<onup>5</onup>
			<ondown>8</ondown>
		</control>
		<control type="button" id="5">
			<description>tracks/review</description>
			<posx>100</posx>
			<posy>420</posy>
			<width>107</width>
			<height>32</height>
			<label>206</label>
			<font>font12</font>
			<onleft>4</onleft>
			<onright>4</onright>
			<onup>7</onup>
			<ondown>6</ondown>
			<align>center</align>
		</control>
		<control type="button" id="6">
			<description>refresh</description>
			<posx>100</posx>
			<posy>456</posy>
			<width>107</width>
			<height>32</height>
			<label>184</label>
			<font>font12</font>
			<onleft>4</onleft>
			<onright>4</onright>
			<onup>5</onup>
			<ondown>7</ondown>
			<align>center</align>
		</control>
		<!--    <control>
      <description>disc:</description>
      <type>label</type>
      <id>1</id>
      <posx>100</posx>
      <posy>495</posy>
      <label>$LOCALIZE[427]:</label>
      <font>font12</font>
      <textcolor>ffffffff</textcolor>
    </control>

    <control>
      <description>disc select</description>
      <type>spincontrol</type>
      <id>7</id>
      <posx>105</posx>
      <posy>535</posy>
      <font>font12</font>
      <reverse>yes</reverse>
      <onup>6</onup>
      <ondown>5</ondown>
      <onleft>4</onleft>
      <onright>4</onright>
    </control>
-->
	</controls>
</window>