<window id="115">
	<defaultcontrol>1</defaultcontrol>
	<include>Fade_Dialog_OpenClose_Animation</include>
	<visible>Player.Seeking | Player.DisplayAfterSeek | [Player.ShowInfo + Window.IsActive(FullScreenVideo)] | Window.IsActive(VideoOSD) | Window.IsActive(MusicOSD) | Player.Paused | Player.Forwarding | Player.Rewinding</visible>
	<controls>
		<!-- playstate images -->
		<control type="image" id="0">
			<description>pause image</description>
			<align>right</align>
			<posx>410</posx>
			<posy>35</posy>
			<height>60</height>
			<width>115</width>
			<visible>Player.Paused</visible>
			<texture>video-pause.png</texture>
			<colorkey>0</colorkey>
		</control>
		<control type="image" id="0">
			<description>2x image</description>
			<align>right</align>
			<posx>410</posx>
			<posy>35</posy>
			<height>60</height>
			<width>115</width>
			<visible>Player.Forwarding2x</visible>
			<texture>video-2x.png</texture>
			<colorkey>0</colorkey>
		</control>
		<control type="image" id="0">
			<description>4x image</description>
			<align>right</align>
			<posx>410</posx>
			<posy>35</posy>
			<height>60</height>
			<width>115</width>
			<visible>Player.Forwarding4x</visible>
			<texture>video-4x.png</texture>
			<colorkey>0</colorkey>
		</control>
		<control type="image" id="0">
			<description>8x image</description>
			<align>right</align>
			<posx>410</posx>
			<posy>35</posy>
			<height>60</height>
			<width>115</width>
			<visible>Player.Forwarding8x</visible>
			<texture>video-8x.png</texture>
			<colorkey>0</colorkey>
		</control>
		<control type="image" id="0">
			<description>16x image</description>
			<align>right</align>
			<posx>410</posx>
			<posy>35</posy>
			<height>60</height>
			<width>115</width>
			<visible>Player.Forwarding16x</visible>
			<texture>video-16x.png</texture>
			<colorkey>0</colorkey>
		</control>
		<control type="image" id="0">
			<description>32x image</description>
			<align>right</align>
			<posx>410</posx>
			<posy>35</posy>
			<height>60</height>
			<width>115</width>
			<visible>Player.Forwarding32x</visible>
			<texture>video-32x.png</texture>
			<colorkey>0</colorkey>
		</control>
		<control type="image" id="0">
			<description>-2x image</description>
			<align>right</align>
			<posx>410</posx>
			<posy>35</posy>
			<height>60</height>
			<width>115</width>
			<visible>Player.Rewinding2x</visible>
			<texture>video-2xr.png</texture>
			<colorkey>0</colorkey>
		</control>
		<control type="image" id="0">
			<description>-4x image</description>
			<align>right</align>
			<posx>410</posx>
			<posy>35</posy>
			<height>60</height>
			<width>115</width>
			<visible>Player.Rewinding4x</visible>
			<texture>video-4xr.png</texture>
			<colorkey>0</colorkey>
		</control>
		<control type="image" id="0">
			<description>-8x image</description>
			<align>right</align>
			<posx>410</posx>
			<posy>35</posy>
			<height>60</height>
			<width>115</width>
			<visible>Player.Rewinding8x</visible>
			<texture>video-8xr.png</texture>
			<colorkey>0</colorkey>
		</control>
		<control type="image" id="0">
			<description>-16x image</description>
			<align>right</align>
			<posx>410</posx>
			<posy>35</posy>
			<height>60</height>
			<width>115</width>
			<visible>Player.Rewinding16x</visible>
			<texture>video-16xr.png</texture>
			<colorkey>0</colorkey>
		</control>
		<control type="image" id="0">
			<description>-32x image</description>
			<align>right</align>
			<posx>410</posx>
			<posy>35</posy>
			<height>60</height>
			<width>115</width>
			<visible>Player.Rewinding32x</visible>
			<texture>video-32xr.png</texture>
			<colorkey>0</colorkey>
		</control>
		<!-- progressbar dialog -->
		<control type="image">
			<description>Popup Seek Dialog Background</description>
			<posx>474</posx>
			<posy>42</posy>
			<width>220</width>
			<height>80</height>
			<texture>toast-panel-bg.png</texture>
		</control>
		<control type="label">
			<description>Elapsed Time Label</description>
			<posx>578</posx>
			<posy>60</posy>
			<font>font10</font>
			<align>right</align>
			<info>Player.Time</info>
			<width>100</width>
			<height>16</height>
			<visible>!Player.Seeking</visible>
		</control>
		<control type="label">
			<description>Seek Time Label</description>
			<posx>578</posx>
			<posy>60</posy>
			<font>font10</font>
			<align>right</align>
			<info>Player.SeekTime</info>
			<width>100</width>
			<height>16</height>
			<visible>Player.Seeking</visible>
		</control>
		<control type="label">
			<description>Duration Label</description>
			<posx>583</posx>
			<posy>60</posy>
			<label>$INFO[Player.Duration,/ ]</label>
			<font>font10</font>
			<align>left</align>
			<width>100</width>
			<height>16</height>
		</control>
		<control type="progress">
			<description>Progressbar</description>
			<posx>506</posx>
			<posy>85</posy>
			<width>160</width>
			<height>5</height>
			<info>Player.Progress</info>
			<texturebg>osd_progress_back.png</texturebg>
			<midtexture>progress_mid.png</midtexture>
			<overlaytexture>-</overlaytexture>
			<visible>true</visible>
		</control>
		<control type="slider" id="401">
			<description>Seek Slider</description>
			<posx>506</posx>
			<posy>85</posy>
			<width>160</width>
			<height>5</height>
			<texturesliderbar>seekslider.png</texturesliderbar>
			<textureslidernib>slider_nibFO.png</textureslidernib>
			<textureslidernibfocus>slider_nibFO.png</textureslidernibfocus>
			<visible>true</visible>
			<onup>1</onup>
			<ondown>1</ondown>
			<onleft>1</onleft>
			<onright>1</onright>
		</control>
	</controls>
</window>