﻿<window id="103">
	<defaultcontrol>65</defaultcontrol>
	<include>Fade_Dialog_OpenClose_Animation</include>
	<coordinates>
		<system>1</system>
		<posx>200</posx>
		<posy>100</posy>
	</coordinates>
	<controls>
		<control type="image" id="0">
			<description>keyboard dialog background</description>
			<posx>-7</posx>
			<posy>-12</posy>
			<width>491</width>
			<height>353</height>
			<texture>keyboard.png</texture>
		</control>
		<control type="label" id="310">
			<description>edit text</description>
			<posx>32</posx>
			<posy>27</posy>
			<font>fontkb</font>
			<width>400</width>
			<height>16</height>
		</control>
		<control type="label" id="311">
			<description>heading text</description>
			<posx>32</posx>
			<posy>0</posy>
			<font>fontkb</font>
			<width>400</width>
			<height>16</height>
			<align>center</align>
		</control>
		<control type="button" id="49">
			<description>'1' button</description>
			<posx>80</posx>
			<posy>140</posy>
			<width>28</width>
			<height>28</height>
			<font>font12</font>
			<textoffsetx>6</textoffsetx>
			<textoffsety>2</textoffsety>
			<onleft>8</onleft>
			<onright>50</onright>
			<onup>32</onup>
			<ondown>303</ondown>
			<texturenofocus>keyboard-btn.png</texturenofocus>
			<texturefocus>keyboard-btn-focus.png</texturefocus>
		</control>
		<control type="button" id="50">
			<description>'2' button</description>
			<posx>110</posx>
			<posy>140</posy>
			<width>28</width>
			<height>28</height>
			<font>font12</font>
			<textoffsetx>6</textoffsetx>
			<textoffsety>2</textoffsety>
			<onleft>49</onleft>
			<onright>51</onright>
			<onup>32</onup>
			<ondown>65</ondown>
			<texturenofocus>keyboard-btn.png</texturenofocus>
			<texturefocus>keyboard-btn-focus.png</texturefocus>
		</control>
		<control type="button" id="51">
			<description>'3' button</description>
			<posx>140</posx>
			<posy>140</posy>
			<width>28</width>
			<height>28</height>
			<font>font12</font>
			<textoffsetx>6</textoffsetx>
			<textoffsety>2</textoffsety>
			<onleft>50</onleft>
			<onright>52</onright>
			<onup>32</onup>
			<ondown>66</ondown>
			<texturenofocus>keyboard-btn.png</texturenofocus>
			<texturefocus>keyboard-btn-focus.png</texturefocus>
		</control>
		<control type="button" id="52">
			<description>'4' button</description>
			<posx>170</posx>
			<posy>140</posy>
			<width>28</width>
			<height>28</height>
			<font>font12</font>
			<textoffsetx>6</textoffsetx>
			<textoffsety>2</textoffsety>
			<onleft>51</onleft>
			<onright>53</onright>
			<onup>32</onup>
			<ondown>67</ondown>
			<texturenofocus>keyboard-btn.png</texturenofocus>
			<texturefocus>keyboard-btn-focus.png</texturefocus>
		</control>
		<control type="button" id="53">
			<description>'5' button</description>
			<posx>200</posx>
			<posy>140</posy>
			<width>28</width>
			<height>28</height>
			<font>font12</font>
			<textoffsetx>6</textoffsetx>
			<textoffsety>2</textoffsety>
			<onleft>52</onleft>
			<onright>54</onright>
			<onup>32</onup>
			<ondown>68</ondown>
			<texturenofocus>keyboard-btn.png</texturenofocus>
			<texturefocus>keyboard-btn-focus.png</texturefocus>
		</control>
		<control type="button" id="54">
			<description>'6' button</description>
			<posx>230</posx>
			<posy>140</posy>
			<width>28</width>
			<height>28</height>
			<font>font12</font>
			<textoffsetx>6</textoffsetx>
			<textoffsety>2</textoffsety>
			<onleft>53</onleft>
			<onright>55</onright>
			<onup>32</onup>
			<ondown>69</ondown>
			<texturenofocus>keyboard-btn.png</texturenofocus>
			<texturefocus>keyboard-btn-focus.png</texturefocus>
		</control>
		<control type="button" id="55">
			<description>'7' button</description>
			<posx>260</posx>
			<posy>140</posy>
			<width>28</width>
			<height>28</height>
			<font>font12</font>
			<textoffsetx>6</textoffsetx>
			<textoffsety>2</textoffsety>
			<onleft>54</onleft>
			<onright>56</onright>
			<onup>32</onup>
			<ondown>70</ondown>
			<texturenofocus>keyboard-btn.png</texturenofocus>
			<texturefocus>keyboard-btn-focus.png</texturefocus>
		</control>
		<control type="button" id="56">
			<description>'8' button</description>
			<posx>290</posx>
			<posy>140</posy>
			<width>28</width>
			<height>28</height>
			<font>font12</font>
			<textoffsetx>6</textoffsetx>
			<textoffsety>2</textoffsety>
			<onleft>55</onleft>
			<onright>57</onright>
			<onup>32</onup>
			<ondown>71</ondown>
			<texturenofocus>keyboard-btn.png</texturenofocus>
			<texturefocus>keyboard-btn-focus.png</texturefocus>
		</control>
		<control type="button" id="57">
			<description>'9' button</description>
			<posx>320</posx>
			<posy>140</posy>
			<width>28</width>
			<height>28</height>
			<font>font12</font>
			<textoffsetx>6</textoffsetx>
			<textoffsety>2</textoffsety>
			<onleft>56</onleft>
			<onright>48</onright>
			<onup>32</onup>
			<ondown>72</ondown>
			<texturenofocus>keyboard-btn.png</texturenofocus>
			<texturefocus>keyboard-btn-focus.png</texturefocus>
		</control>
		<control type="button" id="48">
			<description>'0' button</description>
			<posx>350</posx>
			<posy>140</posy>
			<width>28</width>
			<height>28</height>
			<font>font12</font>
			<textoffsetx>6</textoffsetx>
			<textoffsety>2</textoffsety>
			<onleft>57</onleft>
			<onright>8</onright>
			<onup>32</onup>
			<ondown>73</ondown>
			<texturenofocus>keyboard-btn.png</texturenofocus>
			<texturefocus>keyboard-btn-focus.png</texturefocus>
		</control>
		<control type="button" id="8">
			<description>backspace button</description>
			<posx>380</posx>
			<posy>140</posy>
			<width>38</width>
			<height>28</height>
			<onleft>48</onleft>
			<onright>49</onright>
			<onup>32</onup>
			<ondown>300</ondown>
			<texturenofocus>keyboard-btn-backspace.png</texturenofocus>
			<texturefocus>keyboard-btn-backspace-focus.png</texturefocus>
		</control>
		<control type="togglebutton" id="303">
			<description>caps lock button</description>
			<posx>80</posx>
			<posy>170</posy>
			<width>33</width>
			<height>28</height>
			<onleft>300</onleft>
			<onright>65</onright>
			<onup>49</onup>
			<ondown>302</ondown>
			<alttexturefocus>keyboard-caps-btn-focus.png</alttexturefocus>
			<alttexturenofocus>keyboard-caps-btn.png</alttexturenofocus>
			<texturefocus>keyboard-caps-btn-sel-focus.png</texturefocus>
			<texturenofocus>keyboard-caps-btn-sel.png</texturenofocus>
		</control>
		<control type="button" id="65">
			<description>'a' button</description>
			<posx>115</posx>
			<posy>170</posy>
			<width>28</width>
			<height>28</height>
			<font>font12</font>
			<textoffsetx>6</textoffsetx>
			<textoffsety>2</textoffsety>
			<onleft>303</onleft>
			<onright>66</onright>
			<onup>50</onup>
			<ondown>74</ondown>
			<texturenofocus>keyboard-btn.png</texturenofocus>
			<texturefocus>keyboard-btn-focus.png</texturefocus>
		</control>
		<control type="button" id="66">
			<description>'b' button</description>
			<posx>145</posx>
			<posy>170</posy>
			<width>28</width>
			<height>28</height>
			<font>font12</font>
			<textoffsetx>6</textoffsetx>
			<textoffsety>2</textoffsety>
			<onleft>65</onleft>
			<onright>67</onright>
			<onup>51</onup>
			<ondown>75</ondown>
			<texturenofocus>keyboard-btn.png</texturenofocus>
			<texturefocus>keyboard-btn-focus.png</texturefocus>
		</control>
		<control type="button" id="67">
			<description>'c' button</description>
			<posx>175</posx>
			<posy>170</posy>
			<width>28</width>
			<height>28</height>
			<font>font12</font>
			<textoffsetx>6</textoffsetx>
			<textoffsety>2</textoffsety>
			<onleft>66</onleft>
			<onright>68</onright>
			<onup>52</onup>
			<ondown>76</ondown>
			<texturenofocus>keyboard-btn.png</texturenofocus>
			<texturefocus>keyboard-btn-focus.png</texturefocus>
		</control>
		<control type="button" id="68">
			<description>'d' button</description>
			<posx>205</posx>
			<posy>170</posy>
			<width>28</width>
			<height>28</height>
			<font>font12</font>
			<textoffsetx>6</textoffsetx>
			<textoffsety>2</textoffsety>
			<onleft>67</onleft>
			<onright>69</onright>
			<onup>53</onup>
			<ondown>77</ondown>
			<texturenofocus>keyboard-btn.png</texturenofocus>
			<texturefocus>keyboard-btn-focus.png</texturefocus>
		</control>
		<control type="button" id="69">
			<description>'e' button</description>
			<posx>235</posx>
			<posy>170</posy>
			<width>28</width>
			<height>28</height>
			<font>font12</font>
			<textoffsetx>6</textoffsetx>
			<textoffsety>2</textoffsety>
			<onleft>68</onleft>
			<onright>70</onright>
			<onup>54</onup>
			<ondown>78</ondown>
			<texturenofocus>keyboard-btn.png</texturenofocus>
			<texturefocus>keyboard-btn-focus.png</texturefocus>
		</control>
		<control type="button" id="70">
			<description>'f' button</description>
			<posx>265</posx>
			<posy>170</posy>
			<width>28</width>
			<height>28</height>
			<font>font12</font>
			<textoffsetx>6</textoffsetx>
			<textoffsety>2</textoffsety>
			<onleft>69</onleft>
			<onright>71</onright>
			<onup>55</onup>
			<ondown>79</ondown>
			<texturenofocus>keyboard-btn.png</texturenofocus>
			<texturefocus>keyboard-btn-focus.png</texturefocus>
		</control>
		<control type="button" id="71">
			<description>'g' button</description>
			<posx>295</posx>
			<posy>170</posy>
			<width>28</width>
			<height>28</height>
			<font>font12</font>
			<textoffsetx>6</textoffsetx>
			<textoffsety>2</textoffsety>
			<onleft>70</onleft>
			<onright>72</onright>
			<onup>56</onup>
			<ondown>80</ondown>
			<texturenofocus>keyboard-btn.png</texturenofocus>
			<texturefocus>keyboard-btn-focus.png</texturefocus>
		</control>
		<control type="button" id="72">
			<description>'h' button</description>
			<posx>325</posx>
			<posy>170</posy>
			<width>28</width>
			<height>28</height>
			<font>font12</font>
			<textoffsetx>6</textoffsetx>
			<textoffsety>2</textoffsety>
			<onleft>71</onleft>
			<onright>73</onright>
			<onup>57</onup>
			<ondown>81</ondown>
			<texturenofocus>keyboard-btn.png</texturenofocus>
			<texturefocus>keyboard-btn-focus.png</texturefocus>
		</control>
		<control type="button" id="73">
			<description>'i' button</description>
			<posx>355</posx>
			<posy>170</posy>
			<width>28</width>
			<height>28</height>
			<font>font12</font>
			<textoffsetx>6</textoffsetx>
			<textoffsety>2</textoffsety>
			<onleft>72</onleft>
			<onright>300</onright>
			<onup>48</onup>
			<ondown>81</ondown>
			<texturenofocus>keyboard-btn.png</texturenofocus>
			<texturefocus>keyboard-btn-focus.png</texturefocus>
		</control>
		<control type="button" id="300">
			<description>enter button</description>
			<posx>370</posx>
			<posy>170</posy>
			<width>48</width>
			<height>58</height>
			<onleft>73</onleft>
			<onright>302</onright>
			<onup>8</onup>
			<ondown>90</ondown>
			<texturenofocus>keyboard-enter-btn.png</texturenofocus>
			<texturefocus>keyboard-enter-btn-focus.png</texturefocus>
		</control>
		<control type="togglebutton" id="302">
			<description>shift button</description>
			<posx>80</posx>
			<posy>200</posy>
			<width>48</width>
			<height>28</height>
			<onleft>300</onleft>
			<onright>74</onright>
			<onup>303</onup>
			<ondown>304</ondown>
			<alttexturefocus>keyboard-shift-btn-focus.png</alttexturefocus>
			<alttexturenofocus>keyboard-shift-btn.png</alttexturenofocus>
			<texturefocus>keyboard-shift-btn-sel-focus.png</texturefocus>
			<texturenofocus>keyboard-shift-btn-sel.png</texturenofocus>
		</control>
		<control type="button" id="74">
			<description>'j' button</description>
			<posx>130</posx>
			<posy>200</posy>
			<width>28</width>
			<height>28</height>
			<font>font12</font>
			<textoffsetx>6</textoffsetx>
			<textoffsety>2</textoffsety>
			<onleft>302</onleft>
			<onright>75</onright>
			<onup>65</onup>
			<ondown>83</ondown>
			<texturenofocus>keyboard-btn.png</texturenofocus>
			<texturefocus>keyboard-btn-focus.png</texturefocus>
		</control>
		<control type="button" id="75">
			<description>'k' button</description>
			<posx>160</posx>
			<posy>200</posy>
			<width>28</width>
			<height>28</height>
			<font>font12</font>
			<textoffsetx>6</textoffsetx>
			<textoffsety>2</textoffsety>
			<onleft>74</onleft>
			<onright>76</onright>
			<onup>66</onup>
			<ondown>84</ondown>
			<texturenofocus>keyboard-btn.png</texturenofocus>
			<texturefocus>keyboard-btn-focus.png</texturefocus>
		</control>
		<control type="button" id="76">
			<description>'l' button</description>
			<posx>190</posx>
			<posy>200</posy>
			<width>28</width>
			<height>28</height>
			<font>font12</font>
			<textoffsetx>6</textoffsetx>
			<textoffsety>2</textoffsety>
			<onleft>75</onleft>
			<onright>77</onright>
			<onup>67</onup>
			<ondown>85</ondown>
			<texturenofocus>keyboard-btn.png</texturenofocus>
			<texturefocus>keyboard-btn-focus.png</texturefocus>
		</control>
		<control type="button" id="77">
			<description>'m' button</description>
			<posx>220</posx>
			<posy>200</posy>
			<width>28</width>
			<height>28</height>
			<font>font12</font>
			<textoffsetx>6</textoffsetx>
			<textoffsety>2</textoffsety>
			<onleft>76</onleft>
			<onright>78</onright>
			<onup>68</onup>
			<ondown>86</ondown>
			<texturenofocus>keyboard-btn.png</texturenofocus>
			<texturefocus>keyboard-btn-focus.png</texturefocus>
		</control>
		<control type="button" id="78">
			<description>'n' button</description>
			<posx>250</posx>
			<posy>200</posy>
			<width>28</width>
			<height>28</height>
			<font>font12</font>
			<textoffsetx>6</textoffsetx>
			<textoffsety>2</textoffsety>
			<onleft>77</onleft>
			<onright>79</onright>
			<onup>69</onup>
			<ondown>87</ondown>
			<texturenofocus>keyboard-btn.png</texturenofocus>
			<texturefocus>keyboard-btn-focus.png</texturefocus>
		</control>
		<control type="button" id="79">
			<description>'o' button</description>
			<posx>280</posx>
			<posy>200</posy>
			<width>28</width>
			<height>28</height>
			<font>font12</font>
			<textoffsetx>6</textoffsetx>
			<textoffsety>2</textoffsety>
			<onleft>78</onleft>
			<onright>80</onright>
			<onup>70</onup>
			<ondown>88</ondown>
			<texturenofocus>keyboard-btn.png</texturenofocus>
			<texturefocus>keyboard-btn-focus.png</texturefocus>
		</control>
		<control type="button" id="80">
			<description>'p' button</description>
			<posx>310</posx>
			<posy>200</posy>
			<width>28</width>
			<height>28</height>
			<font>font12</font>
			<textoffsetx>6</textoffsetx>
			<textoffsety>2</textoffsety>
			<onleft>79</onleft>
			<onright>81</onright>
			<onup>71</onup>
			<ondown>89</ondown>
			<texturenofocus>keyboard-btn.png</texturenofocus>
			<texturefocus>keyboard-btn-focus.png</texturefocus>
		</control>
		<control type="button" id="81">
			<description>'q' button</description>
			<posx>340</posx>
			<posy>200</posy>
			<width>28</width>
			<height>28</height>
			<font>font12</font>
			<textoffsetx>6</textoffsetx>
			<textoffsety>2</textoffsety>
			<onleft>80</onleft>
			<onright>300</onright>
			<onup>72</onup>
			<ondown>90</ondown>
			<texturenofocus>keyboard-btn.png</texturenofocus>
			<texturefocus>keyboard-btn-focus.png</texturefocus>
		</control>
		<control type="button" id="82">
			<description>'r' button</description>
			<posx>115</posx>
			<posy>230</posy>
			<width>28</width>
			<height>28</height>
			<font>font12</font>
			<textoffsetx>6</textoffsetx>
			<textoffsety>2</textoffsety>
			<onleft>304</onleft>
			<onright>83</onright>
			<onup>74</onup>
			<ondown>32</ondown>
			<texturenofocus>keyboard-btn.png</texturenofocus>
			<texturefocus>keyboard-btn-focus.png</texturefocus>
		</control>
		<control type="button" id="83">
			<description>'s' button</description>
			<posx>145</posx>
			<posy>230</posy>
			<width>28</width>
			<height>28</height>
			<font>font12</font>
			<textoffsetx>6</textoffsetx>
			<textoffsety>2</textoffsety>
			<onleft>82</onleft>
			<onright>84</onright>
			<onup>74</onup>
			<ondown>32</ondown>
			<texturenofocus>keyboard-btn.png</texturenofocus>
			<texturefocus>keyboard-btn-focus.png</texturefocus>
		</control>
		<control type="button" id="84">
			<description>'t' button</description>
			<posx>175</posx>
			<posy>230</posy>
			<width>28</width>
			<height>28</height>
			<font>font12</font>
			<textoffsetx>6</textoffsetx>
			<textoffsety>2</textoffsety>
			<onleft>83</onleft>
			<onright>85</onright>
			<onup>75</onup>
			<ondown>32</ondown>
			<texturenofocus>keyboard-btn.png</texturenofocus>
			<texturefocus>keyboard-btn-focus.png</texturefocus>
		</control>
		<control type="button" id="85">
			<description>'u' button</description>
			<posx>205</posx>
			<posy>230</posy>
			<width>28</width>
			<height>28</height>
			<font>font12</font>
			<textoffsetx>6</textoffsetx>
			<textoffsety>2</textoffsety>
			<onleft>84</onleft>
			<onright>86</onright>
			<onup>76</onup>
			<ondown>32</ondown>
			<texturenofocus>keyboard-btn.png</texturenofocus>
			<texturefocus>keyboard-btn-focus.png</texturefocus>
		</control>
		<control type="button" id="86">
			<description>'v' button</description>
			<posx>235</posx>
			<posy>230</posy>
			<width>28</width>
			<height>28</height>
			<font>font12</font>
			<textoffsetx>6</textoffsetx>
			<textoffsety>2</textoffsety>
			<onleft>85</onleft>
			<onright>87</onright>
			<onup>77</onup>
			<ondown>32</ondown>
			<texturenofocus>keyboard-btn.png</texturenofocus>
			<texturefocus>keyboard-btn-focus.png</texturefocus>
		</control>
		<control type="button" id="87">
			<description>'w' button</description>
			<posx>265</posx>
			<posy>230</posy>
			<width>28</width>
			<height>28</height>
			<font>font12</font>
			<textoffsetx>6</textoffsetx>
			<textoffsety>2</textoffsety>
			<onleft>86</onleft>
			<onright>88</onright>
			<onup>78</onup>
			<ondown>32</ondown>
			<texturenofocus>keyboard-btn.png</texturenofocus>
			<texturefocus>keyboard-btn-focus.png</texturefocus>
		</control>
		<control type="button" id="88">
			<description>'x' button</description>
			<posx>295</posx>
			<posy>230</posy>
			<width>28</width>
			<height>28</height>
			<font>font12</font>
			<textoffsetx>6</textoffsetx>
			<textoffsety>2</textoffsety>
			<onleft>87</onleft>
			<onright>89</onright>
			<onup>79</onup>
			<ondown>32</ondown>
			<texturenofocus>keyboard-btn.png</texturenofocus>
			<texturefocus>keyboard-btn-focus.png</texturefocus>
		</control>
		<control type="button" id="89">
			<description>'y' button</description>
			<posx>325</posx>
			<posy>230</posy>
			<width>28</width>
			<height>28</height>
			<font>font12</font>
			<textoffsetx>6</textoffsetx>
			<textoffsety>2</textoffsety>
			<onleft>88</onleft>
			<onright>90</onright>
			<onup>80</onup>
			<ondown>305</ondown>
			<texturenofocus>keyboard-btn.png</texturenofocus>
			<texturefocus>keyboard-btn-focus.png</texturefocus>
		</control>
		<control type="button" id="90">
			<description>'z' button</description>
			<posx>355</posx>
			<posy>230</posy>
			<width>28</width>
			<height>28</height>
			<font>font12</font>
			<textoffsetx>6</textoffsetx>
			<textoffsety>2</textoffsety>
			<onleft>89</onleft>
			<onright>304</onright>
			<onup>81</onup>
			<ondown>305</ondown>
			<texturenofocus>keyboard-btn.png</texturenofocus>
			<texturefocus>keyboard-btn-focus.png</texturefocus>
		</control>
		<control type="button" id="510">
			<description>dummy button</description>
			<posx>140</posx>
			<posy>260</posy>
			<width>28</width>
			<height>28</height>
			<font>font10</font>
			<textoffsetx>6</textoffsetx>
			<textoffsety>2</textoffsety>
			<onleft>46</onleft>
			<onright>32</onright>
			<onup>83</onup>
			<ondown>65</ondown>
			<texturenofocus>keyboard-btn.png</texturenofocus>
			<texturefocus>keyboard-btn-focus.png</texturefocus>
		</control>
		<control type="button" id="32">
			<description>space button</description>
			<posx>170</posx>
			<posy>260</posy>
			<width>168</width>
			<height>28</height>
			<onleft>306</onleft>
			<onright>305</onright>
			<onup>85</onup>
			<ondown>65</ondown>
			<texturenofocus>keyboard-lrg-btn.png</texturenofocus>
			<texturefocus>keyboard-lrg-btn-focus.png</texturefocus>
		</control>
		<control type="button" id="305">
			<description>left button</description>
			<posx>340</posx>
			<posy>260</posy>
			<width>38</width>
			<height>28</height>
			<onleft>32</onleft>
			<onright>306</onright>
			<onup>90</onup>
			<ondown>65</ondown>
			<texturenofocus>keyboard-left-btn.png</texturenofocus>
			<texturefocus>keyboard-left-btn-focus.png</texturefocus>
		</control>
		<control type="button" id="306">
			<description>right button</description>
			<posx>380</posx>
			<posy>260</posy>
			<width>38</width>
			<height>28</height>
			<onleft>305</onleft>
			<onright>32</onright>
			<onup>300</onup>
			<ondown>65</ondown>
			<texturenofocus>keyboard-right-btn.png</texturenofocus>
			<texturefocus>keyboard-right-btn-focus.png</texturefocus>
		</control>
		<control type="button" id="490">
			<description>dummy button</description>
			<posx>80</posx>
			<posy>260</posy>
			<width>28</width>
			<height>28</height>
			<font>font10</font>
			<textoffsetx>6</textoffsetx>
			<textoffsety>2</textoffsety>
			<onleft>8</onleft>
			<onright>50</onright>
			<onup>32</onup>
			<ondown>303</ondown>
			<texturenofocus>keyboard-btn.png</texturenofocus>
			<texturefocus>keyboard-btn-focus.png</texturefocus>
		</control>
		<control type="button" id="500">
			<description>dummy button</description>
			<posx>110</posx>
			<posy>260</posy>
			<width>28</width>
			<height>28</height>
			<font>font10</font>
			<textoffsetx>6</textoffsetx>
			<textoffsety>2</textoffsety>
			<onleft>49</onleft>
			<onright>51</onright>
			<onup>32</onup>
			<ondown>65</ondown>
			<texturenofocus>keyboard-btn.png</texturenofocus>
			<texturefocus>keyboard-btn-focus.png</texturefocus>
		</control>
		<control type="togglebutton" id="304">
			<description>symbols button</description>
			<posx>80</posx>
			<posy>230</posy>
			<width>33</width>
			<height>28</height>
			<font>font10</font>
			<textoffsetx>6</textoffsetx>
			<textoffsety>2</textoffsety>
			<onleft>90</onleft>
			<onright>82</onright>
			<onup>302</onup>
			<ondown>49</ondown>
			<alttexturenofocus>keyboard-symbols-btn.png</alttexturenofocus>
			<alttexturefocus>keyboard-symbols-btn-focus.png</alttexturefocus>
			<texturenofocus>keyboard-symbols-btn-sel.png</texturenofocus>
			<texturefocus>keyboard-symbols-btn-sel-focus.png</texturefocus>
		</control>
		<control type="button" id="510">
			<description>dummy button</description>
			<posx>385</posx>
			<posy>230</posy>
			<width>33</width>
			<height>28</height>
			<font>font10</font>
			<textoffsetx>6</textoffsetx>
			<textoffsety>2</textoffsety>
			<onleft>50</onleft>
			<onright>52</onright>
			<onup>32</onup>
			<ondown>66</ondown>
			<texturenofocus>keyboard-btn.png</texturenofocus>
			<texturefocus>keyboard-btn-focus.png</texturefocus>
		</control>
	</controls>
</window>