﻿<window id="112">
	<defaultcontrol>402</defaultcontrol>
	<include>Fade_Dialog_OpenClose_Animation</include>
	<coordinates>
		<system>1</system>
		<posx>70</posx>
		<posy>35</posy>
	</coordinates>
	<controls>
		<control type="image" id="1">
			<description>popup music scan dialog background</description>
			<posx>0</posx>
			<posy>0</posy>
			<width>400</width>
			<height>90</height>
			<texture>scan-panel-bg.png</texture>
		</control>
		<control type="label" id="401">
			<description>caption label</description>
			<posx>30</posx>
			<posy>18</posy>
			<width>340</width>
			<font>font12</font>
			<width>160</width>
			<height>20</height>
		</control>
		<control type="label" id="402">
			<description>current directory label</description>
			<posx>30</posx>
			<posy>38</posy>
			<width>340</width>
			<haspath>yes</haspath>
			<font>font10</font>
			<onleft>402</onleft>
			<onright>402</onright>
			<onup>402</onup>
			<ondown>402</ondown>
		</control>
	</controls>
</window>