<window id="110">
	<defaultcontrol>0</defaultcontrol>
	<include>Fade_Dialog_OpenClose_Animation</include>
	<controls>
		<control type="image" id="0">
			<posx>155</posx>
			<posy>212</posy>
			<width>410</width>
			<height>200</height>
			<texture border="40,36,5,40">dialog-popup.png</texture>
		</control>
		<control type="label" id="1">
			<description>dialog heading</description>
			<posx>200</posx>
			<posy>220</posy>
			<width>300</width>
			<label>12325</label>
			<font>font13</font>
			<textcolor>d0ffffff</textcolor>
		</control>
		<control type="label" id="2">
			<description>dialog line 1</description>
			<posx>200</posx>
			<posy>260</posy>
			<width>360</width>
			<label>12330</label>
			<font>font10</font>
			<textcolor>ff000000</textcolor>
		</control>
		<control type="label" id="3">
			<description>dialog line 2</description>
			<posx>200</posx>
			<posy>280</posy>
			<width>360</width>
			<label>12331</label>
			<font>font10</font>
			<textcolor>ff000000</textcolor>
		</control>
		<control type="label" id="4">
			<description>dialog line 3</description>
			<posx>200</posx>
			<posy>310</posy>
			<width>360</width>
			<label>12323</label>
			<font>font10</font>
			<textcolor>ff000000</textcolor>
		</control>
	</controls>
</window>