﻿<window id="108">
	<defaultcontrol>3101</defaultcontrol>
	<include>Fade_Dialog_OpenClose_Animation</include>
	<controls>
		<control type="image" id="0">
			<description>dialog background</description>
			<posx>95</posx>
			<posy>197</posy>
			<width>500</width>
			<height>270</height>
			<texture>dialog-invite.png</texture>
		</control>
		<control type="label" id="3100">
			<description>dialog caption</description>
			<posx>150</posx>
			<posy>201</posy>
			<label>15049</label>
			<font>font14</font>
			<textcolor>ffffffff</textcolor>
		</control>
		<control type="checkmark" id="3101">
			<description>hosting type checkmark</description>
			<posx>150</posx>
			<posy>245</posy>
			<font>font13</font>
			<label>15050</label>
			<onleft>3101</onleft>
			<onright>3101</onright>
			<onup>3108</onup>
			<ondown>3103</ondown>
		</control>
		<control type="label" id="3102">
			<posx>150</posx>
			<posy>280</posy>
			<description>player limit label</description>
			<label>15051</label>
			<font>font13</font>
		</control>
		<control type="spincontrol" id="3103">
			<posx>360</posx>
			<posy>280</posy>
			<onleft>3103</onleft>
			<onright>3103</onright>
			<onup>3101</onup>
			<ondown>3105</ondown>
			<description>player limit spin control</description>
			<font>font13</font>
			<reverse>yes</reverse>
		</control>
		<control type="label" id="3104">
			<posx>150</posx>
			<posy>315</posy>
			<description>password label</description>
			<font>font13</font>
			<label>15052</label>
		</control>
		<control type="button" id="3105">
			<posx>272</posx>
			<posy>309</posy>
			<width>300</width>
			<onleft>3105</onleft>
			<onright>3105</onright>
			<onup>3103</onup>
			<ondown>3107</ondown>
			<description>password button</description>
			<font>font13</font>
			<width>198</width>
			<height>33</height>
			<label>-</label>
			<font>font13</font>
		</control>
		<control type="label" id="3106">
			<posx>150</posx>
			<posy>350</posy>
			<description>description label</description>
			<font>font13</font>
			<label>15053</label>
		</control>
		<control type="button" id="3107">
			<posx>272</posx>
			<posy>344</posy>
			<width>300</width>
			<onleft>3107</onleft>
			<onright>3107</onright>
			<onup>3105</onup>
			<ondown>3108</ondown>
			<description>description button</description>
			<font>font13</font>
			<width>198</width>
			<height>35</height>
			<label>this is a test</label>
			<font>font13</font>
		</control>
		<control type="button" id="3108">
			<description>ok button</description>
			<posx>280</posx>
			<posy>385</posy>
			<width>75</width>
			<height>33</height>
			<label>186</label>
			<align>center</align>
			<texturefocus>list-focus.png</texturefocus>
			<onleft>3108</onleft>
			<onright>3109</onright>
			<onup>3107</onup>
			<ondown>3101</ondown>
		</control>
		<control type="button" id="3109">
			<description>cancel button</description>
			<posx>400</posx>
			<posy>385</posy>
			<width>75</width>
			<height>35</height>
			<label>222</label>
			<align>center</align>
			<texturefocus>list-focus.png</texturefocus>
			<onleft>3108</onleft>
			<onright>3109</onright>
			<onup>3107</onup>
			<ondown>3101</ondown>
		</control>
	</controls>
</window>