<window id="35">
	<defaultcontrol>50</defaultcontrol>
	<allowoverlay>yes</allowoverlay>
	<controls>
		<include>Common_Background</include>
		<control type="image">
			<description>Catagory Image Upper Right</description>
			<include>Catagory_TitleImage_Commons</include>
			<texture>defaultprogrambig.png</texture>
		</control>
		<control type="image">
			<include>Catagory_Background_Commons</include>
			<texture>bg-programs.png</texture>
		</control>
		<control type="image">
			<description>title image</description>
			<posx>55</posx>
			<posy>25</posy>
			<height>100</height>
			<aspectratio align="left">keep</aspectratio>
			<texture>background-myprograms.png</texture>
			<include>Slide_From_Left_Animation</include>
		</control>
		<control type="label">
			<description>my Game Saves text label</description>
			<align>right</align>
			<posx>660</posx>
			<posy>85</posy>
			<label>20315</label>
			<font>font14</font>
			<textcolor>ffb2d4f5</textcolor>
			<include>Slide_From_Right_Animation</include>
		</control>
		<control type="label" id="12">
			<description>number of files text label</description>
			<posx>210</posx>
			<posy>525</posy>
			<label>-</label>
			<font>font13</font>
			<textcolor>ffb2d4f5</textcolor>
			<include>Slide_From_Right_Animation</include>
		</control>
		<control type="group" id="9000">
			<include>Slide_From_Left_Animation</include>
			<control type="button" id="2">
				<description>view as icons button</description>
				<posx>60</posx>
				<posy>120</posy>
				<label>100</label>
				<onleft>50</onleft>
				<onright>50</onright>
				<onup>3</onup>
				<ondown>3</ondown>
			</control>
			<control type="button" id="3">
				<description>sort by button</description>
				<posx>60</posx>
				<posy>157</posy>
				<label>103</label>
				<onleft>50</onleft>
				<onright>4</onright>
				<onup>2</onup>
				<ondown>2</ondown>
			</control>
			<control type="togglebutton" id="4">
				<description>sort asc</description>
				<label>-</label>
				<onleft>3</onleft>
				<onright>50</onright>
				<onup>2</onup>
				<ondown>2</ondown>
			</control>
		</control>
		<control type="listcontrol" id="50">
			<description>apps listcontrol</description>
			<posx>211</posx>
			<posy>121</posy>
			<onleft>9000</onleft>
			<onright>9000</onright>
			<onup>50</onup>
			<ondown>50</ondown>
			<include>Slide_From_Right_Animation</include>
		</control>
		<control type="thumbnailpanel" id="51">
			<description>thumbnailpanel</description>
			<posx>211</posx>
			<posy>121</posy>
			<onleft>9000</onleft>
			<onright>9000</onright>
			<onup>51</onup>
			<ondown>51</ondown>
			<include>Slide_From_Right_Animation</include>
		</control>
		<include>ListItemIcon</include>
	</controls>
</window>