<window id="502">
	<defaultcontrol>50</defaultcontrol>
	<allowoverlay>yes</allowoverlay>
	<controls>
		<include>Common_Background</include>
		<control type="image">
			<description>Catagory Image Upper Right</description>
			<include>Catagory_TitleImage_Commons</include>
			<texture>defaultaudiobig.png</texture>
		</control>
		<control type="image">
			<include>Catagory_Background_Commons</include>
			<texture>bg-music.png</texture>
		</control>
		<control type="image">
			<description>title image</description>
			<posx>55</posx>
			<posy>33</posy>
			<height>83</height>
			<aspectratio align="left">keep</aspectratio>
			<texture>background-mymusic.png</texture>
			<include>Slide_From_Left_Animation</include>
		</control>
		<control type="label">
			<description>database text label</description>
			<align>right</align>
			<posx>660</posx>
			<posy>85</posy>
			<label>10516</label>
			<font>font14</font>
			<textcolor>ffb2d4f5</textcolor>
			<include>Slide_From_Right_Animation</include>
		</control>
		<control type="label" id="15">
			<description>filter text label</description>
			<align>right</align>
			<posx>660</posx>
			<posy>55</posy>
			<label>-</label>
			<font>font14</font>
			<textcolor>ffb2d4f5</textcolor>
			<include>Slide_From_Right_Animation</include>
		</control>
		<control type="label" id="12">
			<description>number of files text label</description>
			<posx>210</posx>
			<posy>525</posy>
			<label>-</label>
			<font>font13</font>
			<textcolor>ffb2d4f5</textcolor>
			<include>Slide_From_Right_Animation</include>
		</control>
		<control type="group" id="9000">
			<include>Slide_From_Left_Animation</include>
			<control type="button" id="2">
				<description>view as icons button</description>
				<posx>60</posx>
				<posy>120</posy>
				<label>100</label>
				<font>font13</font>
				<onleft>50</onleft>
				<onright>50</onright>
				<onup>16</onup>
				<ondown>3</ondown>
			</control>
			<control type="button" id="3">
				<description>sort by button</description>
				<posx>60</posx>
				<posy>157</posy>
				<label>103</label>
				<font>font13</font>
				<onleft>50</onleft>
				<onright>4</onright>
				<onup>2</onup>
				<ondown>5</ondown>
			</control>
			<control type="togglebutton" id="4">
				<description>sort asc</description>
				<label>-</label>
				<onleft>3</onleft>
				<onright>50</onright>
				<onup>4</onup>
				<ondown>5</ondown>
			</control>
			<control type="selectbutton" id="5">
				<description>albums/artists/songs/genres button</description>
				<posx>60</posx>
				<posy>194</posy>
				<label>457</label>
				<font>font13</font>
				<onleft>50</onleft>
				<onright>50</onright>
				<onup>3</onup>
				<ondown>8</ondown>
			</control>
			<control type="button" id="8">
				<description>search button</description>
				<posx>60</posx>
				<posy>231</posy>
				<label>137</label>
				<font>font13</font>
				<onleft>50</onleft>
				<onright>50</onright>
				<onup>5</onup>
				<ondown>17</ondown>
			</control>
			<control type="button" id="17">
				<description>AllMusic button</description>
				<posx>60</posx>
				<posy>268</posy>
				<label>Allmusic</label>
				<onleft>50</onleft>
				<onright>50</onright>
				<onup>8</onup>
				<ondown>16</ondown>
			</control>
			<control type="radiobutton" id="16">
				<description>Partymode button</description>
				<posx>60</posx>
				<posy>305</posy>
				<label>589</label>
				<onleft>50</onleft>
				<onright>50</onright>
				<onup>17</onup>
				<ondown>2</ondown>
			</control>
		</control>
		<control type="listcontrol" id="50">
			<description>listcontrol</description>
			<posx>211</posx>
			<posy>121</posy>
			<onleft>9000</onleft>
			<onright>9000</onright>
			<onup>50</onup>
			<ondown>50</ondown>
			<include>Slide_From_Right_Animation</include>
		</control>
		<control type="thumbnailpanel" id="51">
			<description>thumbnailpanel</description>
			<posx>211</posx>
			<posy>121</posy>
			<onleft>9000</onleft>
			<onright>9000</onright>
			<onup>51</onup>
			<ondown>51</ondown>
			<include>Slide_From_Right_Animation</include>
		</control>
		<control type="listcontrol" id="52">
			<description>big listcontrol</description>
			<posy>121</posy>
			<height>430</height>
			<spinwidth>16</spinwidth>
			<spinheight>16</spinheight>
			<spincolor>ddffffff</spincolor>
			<spinposx>415</spinposx>
			<spinposy>405</spinposy>
			<textureup>scroll-up.png</textureup>
			<texturedown>scroll-down.png</texturedown>
			<textureupfocus>scroll-up-focus.gif</textureupfocus>
			<texturedownfocus>scroll-down-focus.gif</texturedownfocus>
			<texturefocus>blue-rectangle.png</texturefocus>
			<texturenofocus>blue-rectanglenf.png</texturenofocus>
			<font>font14</font>
			<font2>font13</font2>
			<selectedcolor>ffffffff</selectedcolor>
			<textcolor>0xd0ffffff</textcolor>
			<selectedcolor2>0xffffffff</selectedcolor2>
			<textcolor2>0xd0ffffff</textcolor2>
			<colordiffuse>ffffffff</colordiffuse>
			<suffix>|</suffix>
			<textxoff>10</textxoff>
			<textyoff>10</textyoff>
			<textxoff2>445</textxoff2>
			<textyoff2>94</textyoff2>
			<aligny>top</aligny>
			<itemwidth>100</itemwidth>
			<itemheight>110</itemheight>
			<spacebetweenitems>10</spacebetweenitems>
			<textureheight>120</textureheight>
			<onleft>9000</onleft>
			<onright>9000</onright>
			<onup>52</onup>
			<ondown>52</ondown>
			<include>Slide_From_Right_Animation</include>
		</control>
		<include>ListItemIcon</include>
	</controls>
</window>