<window id="2">
	<defaultcontrol>50</defaultcontrol>
	<allowoverlay>yes</allowoverlay>
	<controls>
		<include>Common_Background</include>
		<control type="image">
			<description>Catagory Image Upper Right</description>
			<include>Catagory_TitleImage_Commons</include>
			<texture>defaultpicturebig.png</texture>
		</control>
		<control type="image">
			<include>Catagory_Background_Commons</include>
			<texture>bg-pictures.png</texture>
		</control>
		<control type="image">
			<description>title image</description>
			<posx>55</posx>
			<posy>33</posy>
			<height>83</height>
			<aspectratio align="left">keep</aspectratio>
			<texture>background-mypictures.png</texture>
			<include>Slide_From_Left_Animation</include>
		</control>
		<control type="label">
			<description>my pictures text label</description>
			<align>right</align>
			<posx>660</posx>
			<posy>85</posy>
			<label>1</label>
			<font>font14</font>
			<textcolor>ffb2d4f5</textcolor>
			<include>Slide_From_Right_Animation</include>
		</control>
		<control type="label" id="12">
			<description>number of files text label</description>
			<posx>210</posx>
			<posy>525</posy>
			<label>-</label>
			<font>font13</font>
			<textcolor>ffb2d4f5</textcolor>
			<include>Slide_From_Right_Animation</include>
		</control>
		<control type="group" id="9000">
			<include>Slide_From_Left_Animation</include>
			<control type="button" id="2">
				<description>view as icons button</description>
				<posx>60</posx>
				<posy>120</posy>
				<label>100</label>
				<font>font13</font>
				<onleft>50</onleft>
				<onright>50</onright>
				<onup>9</onup>
				<ondown>3</ondown>
			</control>
			<control type="button" id="3">
				<description>sort by button</description>
				<posx>60</posx>
				<posy>157</posy>
				<label>103</label>
				<font>font13</font>
				<onleft>50</onleft>
				<onright>4</onright>
				<onup>2</onup>
				<ondown>6</ondown>
			</control>
			<control type="togglebutton" id="4">
				<description>sort asc</description>
				<label>-</label>
				<onleft>3</onleft>
				<onright>50</onright>
				<onup>4</onup>
				<ondown>4</ondown>
			</control>
			<control type="button" id="6">
				<description>slideshow button</description>
				<posx>60</posx>
				<posy>194</posy>
				<label>108</label>
				<font>font13</font>
				<onleft>50</onleft>
				<onright>50</onright>
				<onup>3</onup>
				<ondown>7</ondown>
			</control>
			<control type="button" id="7">
				<description>recursive slideshow</description>
				<posx>60</posx>
				<posy>231</posy>
				<label>361</label>
				<font>font13</font>
				<onleft>50</onleft>
				<onright>50</onright>
				<onup>6</onup>
				<ondown>9</ondown>
			</control>
			<control type="radiobutton" id="9">
				<description>randomize button</description>
				<posx>60</posx>
				<posy>268</posy>
				<label>13319</label>
				<font>font13</font>
				<onleft>50</onleft>
				<onright>50</onright>
				<onup>7</onup>
				<ondown>2</ondown>
			</control>
		</control>
		<control type="listcontrol" id="50">
			<description>listcontrol</description>
			<posx>211</posx>
			<posy>121</posy>
			<onleft>9000</onleft>
			<onright>9000</onright>
			<onup>50</onup>
			<ondown>50</ondown>
			<include>Slide_From_Right_Animation</include>
		</control>
		<control type="thumbnailpanel" id="51">
			<description>pics thumbnailpanel</description>
			<posx>211</posx>
			<posy>121</posy>
			<onleft>9000</onleft>
			<onright>9000</onright>
			<onup>51</onup>
			<ondown>51</ondown>
			<include>Slide_From_Right_Animation</include>
		</control>
		<include>ListItemIcon</include>
	</controls>
</window>