<window id="28">
	<defaultcontrol>50</defaultcontrol>
	<allowoverlay>yes</allowoverlay>
	<controls>
		<include>Common_Background</include>
		<control type="image">
			<description>Catagory Image Upper Right</description>
			<include>Catagory_TitleImage_Commons</include>
			<texture>tvsmall.png</texture>
		</control>
		<control type="image">
			<include>Catagory_Background_Commons</include>
			<texture>bg-videos.png</texture>
		</control>
		<control type="image">
			<description>title image</description>
			<posx>55</posx>
			<posy>33</posy>
			<height>83</height>
			<aspectratio align="left">keep</aspectratio>
			<texture>background-myvideos.png</texture>
			<include>Slide_From_Left_Animation</include>
		</control>
		<control type="label">
			<description>my Video text label</description>
			<align>right</align>
			<posx>660</posx>
			<posy>85</posy>
			<label>10522</label>
			<font>font14</font>
			<textcolor>ffb2d4f5</textcolor>
			<include>Slide_From_Right_Animation</include>
		</control>
		<control type="label" id="12">
			<description>number of files text label</description>
			<posx>210</posx>
			<posy>525</posy>
			<label>-</label>
			<font>font13</font>
			<textcolor>ffb2d4f5</textcolor>
			<include>Slide_From_Right_Animation</include>
		</control>
		<control type="group" id="9000">
			<include>Slide_From_Left_Animation</include>
			<control type="button" id="2">
				<description>view as icons button</description>
				<posx>60</posx>
				<posy>120</posy>
				<label>100</label>
				<font>font13</font>
				<onleft>50</onleft>
				<onright>50</onright>
				<onup>22</onup>
				<ondown>20</ondown>
			</control>
			<control type="radiobutton" id="20">
				<description>shuffle button</description>
				<posx>60</posx>
				<posy>157</posy>
				<label>191</label>
				<onleft>50</onleft>
				<onright>50</onright>
				<onup>2</onup>
				<ondown>26</ondown>
			</control>
			<control type="button" id="26">
				<description>repeat button</description>
				<posx>60</posx>
				<posy>194</posy>
				<label>-</label>
				<onleft>50</onleft>
				<onright>50</onright>
				<onup>20</onup>
				<ondown>21</ondown>
			</control>
			<control type="button" id="21">
				<description>save button</description>
				<posx>60</posx>
				<posy>231</posy>
				<label>190</label>
				<font>font13</font>
				<onup>26</onup>
				<ondown>22</ondown>
				<onleft>50</onleft>
				<onright>50</onright>
			</control>
			<control type="button" id="22">
				<description>clear button</description>
				<posx>60</posx>
				<posy>268</posy>
				<label>192</label>
				<font>font13</font>
				<onleft>50</onleft>
				<onright>50</onright>
				<onup>21</onup>
				<ondown>2</ondown>
			</control>
		</control>
		<control type="listcontrol" id="50">
			<description>listcontrol</description>
			<posx>211</posx>
			<posy>121</posy>
			<onleft>9000</onleft>
			<onright>9000</onright>
			<onup>50</onup>
			<ondown>50</ondown>
			<include>Slide_From_Right_Animation</include>
		</control>
		<control type="thumbnailpanel" id="51">
			<description>thumbnailpanel</description>
			<posx>211</posx>
			<posy>121</posy>
			<onleft>9000</onleft>
			<onright>9000</onright>
			<onup>51</onup>
			<ondown>51</ondown>
			<include>Slide_From_Right_Animation</include>
		</control>
		<include>ListItemIcon</include>
	</controls>
</window>