﻿<window type="buttonmenu" id="114">
	<defaultcontrol>401</defaultcontrol>
	<include>Fade_Dialog_OpenClose_Animation</include>
	<coordinates>
		<system>1</system>
		<posx>430</posx>
		<posy>480</posy>
	</coordinates>
	<controls>
		<control type="image" id="0">
			<posx>0</posx>
			<posy>0</posy>
			<height>112</height>
			<width>233</width>
			<texture>playercontrols_background.png</texture>
		</control>
		<control type="button" id="400">
			<posx>61</posx>
			<posy>22</posy>
			<width>21</width>
			<height>24</height>
			<label>-</label>
			<texturefocus>osd_button_stopfo.png</texturefocus>
			<texturenofocus>-</texturenofocus>
			<onleft>405</onleft>
			<onright>401</onright>
			<onup>400</onup>
			<ondown>400</ondown>
			<onclick>xbmc.playercontrol(stop)</onclick>
		</control>
		<control type="togglebutton" id="401">
			<posx>91</posx>
			<posy>17</posy>
			<width>31</width>
			<height>35</height>
			<label>-</label>
			<texturefocus>osd_button_playfo.png</texturefocus>
			<texturenofocus>-</texturenofocus>
			<usealttexture>player.paused</usealttexture>
			<alttexturefocus>osd_button_pausefo.png</alttexturefocus>
			<alttexturenofocus>osd_button_pausenf.png</alttexturenofocus>
			<onleft>400</onleft>
			<onright>402</onright>
			<onup>401</onup>
			<ondown>401</ondown>
			<onclick>xbmc.playercontrol(play)</onclick>
		</control>
		<control type="button" id="402">
			<posx>134</posx>
			<posy>25</posy>
			<width>17</width>
			<height>21</height>
			<label>-</label>
			<texturefocus>osd_button_skip_minusfo.png</texturefocus>
			<texturenofocus>-</texturenofocus>
			<onleft>401</onleft>
			<onright>403</onright>
			<onup>402</onup>
			<ondown>402</ondown>
			<onclick>xbmc.playercontrol(previous)</onclick>
		</control>
		<control type="button" id="403">
			<posx>153</posx>
			<posy>26</posy>
			<width>17</width>
			<height>18</height>
			<label>-</label>
			<texturefocus>osd_button_skip_plusfo.png</texturefocus>
			<texturenofocus>-</texturenofocus>
			<onleft>402</onleft>
			<onright>404</onright>
			<onup>403</onup>
			<ondown>403</ondown>
			<onclick>xbmc.playercontrol(next)</onclick>
		</control>
		<control type="togglebutton" id="404">
			<posx>183</posx>
			<posy>26</posy>
			<width>17</width>
			<height>18</height>
			<label>-</label>
			<usealttexture>player.rewinding</usealttexture>
			<alttexturefocus>osd_button_rewselfo.png</alttexturefocus>
			<alttexturenofocus>osd_button_rewselnf.png</alttexturenofocus>
			<texturefocus>osd_button_rewfo.png</texturefocus>
			<texturenofocus>-</texturenofocus>
			<onleft>403</onleft>
			<onright>405</onright>
			<onup>404</onup>
			<ondown>404</ondown>
			<onclick>xbmc.playercontrol(rewind)</onclick>
		</control>
		<control type="togglebutton" id="405">
			<posx>202</posx>
			<posy>26</posy>
			<width>17</width>
			<height>18</height>
			<label>-</label>
			<usealttexture>player.forwarding</usealttexture>
			<alttexturefocus>osd_button_ffselfo.png</alttexturefocus>
			<alttexturenofocus>osd_button_ffselnf.png</alttexturenofocus>
			<texturefocus>osd_button_fffo.png</texturefocus>
			<texturenofocus>-</texturenofocus>
			<onleft>404</onleft>
			<onright>400</onright>
			<onup>405</onup>
			<ondown>405</ondown>
			<onclick>xbmc.playercontrol(forward)</onclick>
		</control>
	</controls>
</window>