<window id="12">
	<defaultcontrol>2</defaultcontrol>
	<allowoverlay>yes</allowoverlay>
	<controls>
		<include>Common_Background</include>
		<control type="image">
			<description>Catagory Image Upper Right</description>
			<include>Catagory_TitleImage_Commons</include>
			<texture>gearssmall.png</texture>
		</control>
		<control type="image">
			<include>Catagory_Background_Commons</include>
			<texture>bg-settings.png</texture>
		</control>
		<control type="image">
			<description>title image</description>
			<posx>55</posx>
			<posy>25</posy>
			<height>100</height>
			<aspectratio align="left">keep</aspectratio>
			<texture>background-settings.png</texture>
			<include>Slide_From_Left_Animation</include>
		</control>
		<control type="label" id="2">
			<description>Settings text label</description>
			<align>right</align>
			<posx>660</posx>
			<posy>85</posy>
			<label>5</label>
			<font>font14</font>
			<textcolor>ffb2d4f5</textcolor>
			<include>Slide_From_Right_Animation</include>
		</control>
		<control type="grouplist" id="3">
			<description>button area</description>
			<posx>60</posx>
			<posy>120</posy>
			<width>180</width>
			<height>300</height>
			<itemgap>2</itemgap>
			<onleft>5</onleft>
			<onright>5</onright>
			<onup>3</onup>
			<ondown>3</ondown>
			<include>Slide_From_Left_Animation</include>
		</control>
		<control type="grouplist" id="5">
			<description>control area</description>
			<posx>211</posx>
			<posy>121</posy>
			<width>445</width>
			<height>425</height>
			<itemgap>2</itemgap>
			<onleft>3</onleft>
			<onright>3</onright>
			<onup>5</onup>
			<ondown>5</ondown>
			<include>Slide_From_Right_Animation</include>
		</control>
		<control type="button" id="7">
			<description>default button</description>
			<posx>530</posx>
			<posy>150</posy>
			<font>font13</font>
			<texturefocus>list-focus.png</texturefocus>
			<texturenofocus>-</texturenofocus>
		</control>
		<control type="radiobutton" id="8">
			<description>default radiobutton</description>
			<posx>530</posx>
			<posy>150</posy>
			<font>font13</font>
			<texturefocus>list-focus.png</texturefocus>
			<texturenofocus>-</texturenofocus>
			<textureradiofocus>settings-check-box.png</textureradiofocus>
			<textureradionofocus>settings-check-boxnf.png</textureradionofocus>
		</control>
		<control type="spincontrolex" id="9">
			<description>default spincontrolex</description>
			<posx>530</posx>
			<posy>150</posy>
			<width>300</width>
			<texturefocus>list-focus.png</texturefocus>
			<texturenofocus>-</texturenofocus>
			<textureup>scroll-up.png</textureup>
			<texturedown>scroll-down.png</texturedown>
			<textureupfocus>scroll-up-focus.gif</textureupfocus>
			<texturedownfocus>scroll-down-focus.gif</texturedownfocus>
			<font>font13</font>
			<textcolor>ddffffff</textcolor>
			<colordiffuse>ffffffff</colordiffuse>
			<disabledcolor>60d0d0d0</disabledcolor>
			<textoffsetx>7</textoffsetx>
			<aligny>center</aligny>
			<reverse>yes</reverse>
		</control>
		<control type="button" id="10">
			<description>default category button</description>
			<posx>208</posx>
			<posy>150</posy>
			<label>224</label>
			<font>font13</font>
		</control>
	</controls>
</window>