﻿<window id="34">
	<defaultcontrol>2</defaultcontrol>
	<allowoverlay>yes</allowoverlay>
	<controls>
		<control type="visualisation">
			<description>visualisation</description>
			<posx>0</posx>
			<posy>0</posy>
			<width>720</width>
			<height>576</height>
			<visible>Skin.HasSetting(VisBackground)</visible>
		</control>
		<control type="image" id="1">
			<description>background image</description>
			<posx>0</posx>
			<posy>0</posy>
			<width>720</width>
			<height>576</height>
			<texture>background.png</texture>
			<colorkey>0</colorkey>
		</control>
		<control type="image" id="1">
			<posx>50</posx>
			<posy>50</posy>
			<height>500</height>
			<width>650</width>
			<texture>bg-settings.png</texture>
			<include>Fade_Window_OpenClose_Animation</include>
		</control>
		<control type="image" id="1">
			<description>applications logo</description>
			<posx>585</posx>
			<posy>33</posy>
			<height>90</height>
			<width>90</width>
			<texture>gearssmall.png</texture>
			<colordiffuse>60ffffff</colordiffuse>
			<include>Slide_From_Right_Animation</include>
		</control>
		<control type="image" id="1">
			<description>start logo</description>
			<posx>55</posx>
			<posy>35</posy>
			<height>75</height>
			<texture>background-settings.png</texture>
			<include>Slide_From_Left_Animation</include>
		</control>
		<control type="label" id="1">
			<description>settings text label</description>
			<align>right</align>
			<posx>660</posx>
			<posy>85</posy>
			<label>13200</label>
			<font>font14</font>
			<textcolor>ffb2d4f5</textcolor>
			<include>Slide_From_Right_Animation</include>
		</control>
		<control type="radiobutton" id="4">
			<description>use logon</description>
			<posx>60</posx>
			<posy>120</posy>
			<label>20096</label>
			<font>font13</font>
			<onleft>2</onleft>
			<onright>2</onright>
			<onup>4</onup>
			<ondown>4</ondown>
			<include>Slide_From_Left_Animation</include>
		</control>
		<control type="fadelabel" id="3">
			<description>last loaded</description>
			<posx>210</posx>
			<posy>525</posy>
			<width>656</width>
			<label>-</label>
			<font>font13</font>
			<textcolor>ffb2d4f5</textcolor>
			<include>Slide_From_Right_Animation</include>
		</control>
		<control type="listcontrol" id="2">
			<description>listcontrol</description>
			<onleft>4</onleft>
			<onright>4</onright>
			<onup>2</onup>
			<ondown>2</ondown>
			<include>Slide_From_Right_Animation</include>
		</control>
	</controls>
</window>