<window id="7">
	<defaultcontrol>95</defaultcontrol>
	<allowoverlay>no</allowoverlay>
	<controls>
		<include>Common_Background</include>
		<control type="image">
			<description>Catagory Image Upper Right</description>
			<include>Catagory_TitleImage_Commons</include>
			<texture>gearssmall.png</texture>
		</control>
		<control type="image">
			<include>Catagory_Background_Commons</include>
			<texture>bg-settings.png</texture>
		</control>
		<control type="image">
			<description>title image</description>
			<posx>55</posx>
			<posy>25</posy>
			<height>100</height>
			<aspectratio align="left">keep</aspectratio>
			<texture>background-settings.png</texture>
			<include>Slide_From_Left_Animation</include>
		</control>
		<control type="label">
			<description>System Info text label</description>
			<align>right</align>
			<posx>660</posx>
			<posy>85</posy>
			<label>130</label>
			<font>font14</font>
			<textcolor>ffb2d4f5</textcolor>
			<include>Slide_From_Right_Animation</include>
		</control>
		<control type="group">
			<include>Slide_From_Left_Animation</include>
			<control type="label" id="40">
				<description>Section Label</description>
				<posx>220</posx>
				<posy>120</posy>
				<font>font13</font>
				<label>139</label>
			</control>
			<control type="button" id="95">
				<description>Button Default Values</description>
				<posx>50</posx>
				<posy>120</posy>
				<label>13278</label>
				<font>font13</font>
				<onleft>95</onleft>
				<onright>95</onright>
				<onup>98</onup>
				<ondown>94</ondown>
				<align>Left</align>
			</control>
			<control type="button" id="94">
				<description>Button Storage</description>
				<posx>50</posx>
				<posy>157</posy>
				<label>13277</label>
				<font>font13</font>
				<onleft>94</onleft>
				<onright>94</onright>
				<onup>95</onup>
				<ondown>92</ondown>
				<align>Left</align>
			</control>
			<control type="button" id="92">
				<description>Button HDD</description>
				<posx>50</posx>
				<posy>194</posy>
				<label>13275</label>
				<font>font13</font>
				<onleft>92</onleft>
				<onright>92</onright>
				<onup>94</onup>
				<ondown>93</ondown>
				<align>Left</align>
			</control>
			<control type="button" id="93">
				<description>Button DVD</description>
				<posx>50</posx>
				<posy>231</posy>
				<label>13276</label>
				<font>font13</font>
				<onleft>93</onleft>
				<onright>93</onright>
				<onup>92</onup>
				<ondown>96</ondown>
				<align>Left</align>
			</control>
			<control type="button" id="96">
				<description>Button Network</description>
				<posx>50</posx>
				<posy>268</posy>
				<label>13279</label>
				<font>font13</font>
				<onleft>96</onleft>
				<onright>96</onright>
				<onup>93</onup>
				<ondown>97</ondown>
				<align>Left</align>
			</control>
			<control type="button" id="97">
				<description>Button VIDEO</description>
				<posx>50</posx>
				<posy>305</posy>
				<label>13280</label>
				<font>font13</font>
				<onleft>97</onleft>
				<onright>97</onright>
				<onup>96</onup>
				<ondown>98</ondown>
				<align>Left</align>
			</control>
			<control type="button" id="98">
				<description>Button XBOX Hardware</description>
				<posx>50</posx>
				<posy>342</posy>
				<label>13281</label>
				<font>font13</font>
				<onleft>98</onleft>
				<onright>98</onright>
				<onup>97</onup>
				<ondown>95</ondown>
				<align>Left</align>
			</control>
		</control>
		<control type="group">
			<include>Slide_From_Right_Animation</include>
			<control type="label" id="2">
				<description>Label 2</description>
				<posx>220</posx>
				<posy>150</posy>
				<label>13282</label>
				<font>font13</font>
			</control>
			<control type="label" id="3">
				<description>Label 3</description>
				<posx>220</posx>
				<posy>180</posy>
				<label>13282</label>
				<font>font13</font>
			</control>
			<control type="label" id="4">
				<description>Label 4</description>
				<posx>220</posx>
				<posy>210</posy>
				<label>13282</label>
				<font>font13</font>
			</control>
			<control type="label" id="5">
				<description>Label 5</description>
				<posx>220</posx>
				<posy>240</posy>
				<label>13282</label>
				<font>font13</font>
			</control>
			<control type="label" id="6">
				<description>Label 6</description>
				<posx>220</posx>
				<posy>270</posy>
				<label>13282</label>
				<font>font13</font>
			</control>
			<control type="label" id="7">
				<description>Label 7</description>
				<posx>220</posx>
				<posy>300</posy>
				<label>13282</label>
				<font>font13</font>
			</control>
			<control type="label" id="8">
				<description>Label 8</description>
				<posx>220</posx>
				<posy>330</posy>
				<label>13282</label>
				<font>font13</font>
			</control>
			<control type="label" id="9">
				<description>Label 9</description>
				<posx>220</posx>
				<posy>360</posy>
				<label>13282</label>
				<font>font13</font>
			</control>
			<control type="label" id="10">
				<description>Label 10</description>
				<posx>220</posx>
				<posy>390</posy>
				<label>13282</label>
				<font>font13</font>
			</control>
			<control type="label" id="11">
				<description>Label 11</description>
				<posx>220</posx>
				<posy>405</posy>
				<label>13282</label>
				<font>font13</font>
			</control>
			<control type="label" id="50">
				<description>Current Time</description>
				<posx>220</posx>
				<posy>443</posy>
				<label>143</label>
				<font>font12</font>
			</control>
			<control type="label" id="52">
				<description>XBMC XBE BUILD Version</description>
				<posx>220</posx>
				<posy>465</posy>
				<label>144</label>
				<font>font12</font>
			</control>
			<control type="label" id="53">
				<description>Mplayer DLL Version</description>
				<posx>220</posx>
				<posy>485</posy>
				<label>144</label>
				<font>font12</font>
			</control>
		</control>
	</controls>
</window>