﻿<window id="123">
	<defaultcontrol>2</defaultcontrol>
	<include>Fade_Dialog_OpenClose_Animation</include>
	<coordinates>
		<system>1</system>
		<posx>260</posx>
		<posy>100</posy>
	</coordinates>
	<controls>
		<control type="image" id="1">
			<description>background image</description>
			<posx>-25</posx>
			<posy>-11</posy>
			<width>446</width>
			<height>405</height>
			<texture>osd_menu_bg.png</texture>
		</control>
		<control type="label" id="2">
			<description>Settings Label</description>
			<posx>0</posx>
			<posy>2</posy>
			<width>420</width>
			<align>left</align>
			<font>font12</font>
			<textcolor>ddffffff</textcolor>
		</control>
		<control type="label" id="3">
			<description>No Settings Label</description>
			<posx>0</posx>
			<posy>170</posy>
			<width>408</width>
			<align>center</align>
			<label>13390</label>
			<font>font12</font>
		</control>
		<control type="spincontrol" id="60">
			<description>Next page button</description>
			<posx>371</posx>
			<posy>8</posy>
			<subtype>int</subtype>
			<font>font12</font>
			<onleft>60</onleft>
			<onright>60</onright>
			<ondown>2</ondown>
		</control>
		<control type="image" id="5">
			<description>control area</description>
			<posx>-1</posx>
			<posy>40</posy>
			<width>408</width>
			<height>325</height>
			<texture>-</texture>
		</control>
		<control type="image" id="6">
			<description>control gap</description>
			<width>350</width>
			<height>31</height>
			<texture>-</texture>
		</control>
		<control type="button" id="7">
			<description>Default Button</description>
			<posx>530</posx>
			<posy>150</posy>
			<height>29</height>
			<font>font12</font>
			<textoffsetx>12</textoffsetx>
			<aligny>center</aligny>
			<textcolor>ffb2d4f5</textcolor>
			<texturefocus>list-focus.png</texturefocus>
			<texturenofocus>-</texturenofocus>
		</control>
		<control type="radiobutton" id="8">
			<description>Default RadioButton</description>
			<posx>530</posx>
			<posy>150</posy>
			<height>31</height>
			<font>font12</font>
			<texturefocus>list-focus.png</texturefocus>
			<texturenofocus>-</texturenofocus>
			<textoffsetx>12</textoffsetx>
			<textcolor>ffb2d4f5</textcolor>
			<aligny>center</aligny>
			<textureradiofocus>settings-check-box.png</textureradiofocus>
			<textureradionofocus>settings-check-boxNF.png</textureradionofocus>
		</control>
		<control type="spincontrolex" id="9">
			<description>Default SpinControlex</description>
			<posx>530</posx>
			<posy>150</posy>
			<height>31</height>
			<width>300</width>
			<texturefocus>list-focus.png</texturefocus>
			<texturenofocus>-</texturenofocus>
			<textureup>scroll-up.png</textureup>
			<texturedown>scroll-down.png</texturedown>
			<textureupfocus>scroll-up-focus.png</textureupfocus>
			<texturedownfocus>scroll-down-focus.png</texturedownfocus>
			<font>font12</font>
			<textcolor>ffb2d4f5</textcolor>
			<disabledcolor>60d0d0d0</disabledcolor>
			<textoffsetx>12</textoffsetx>
			<aligny>center</aligny>
			<reverse>yes</reverse>
		</control>
		<control type="sliderex" id="10">
			<description>Default Slider</description>
			<posx>530</posx>
			<posy>150</posy>
			<height>31</height>
			<width>300</width>
			<texturefocus>list-focus.png</texturefocus>
			<texturenofocus>-</texturenofocus>
			<sliderwidth>100</sliderwidth>
			<sliderheight>20</sliderheight>
			<texturesliderbar>osd_slider_bg.png</texturesliderbar>
			<textureslidernib>osd_slider_nibNF.png</textureslidernib>
			<textureslidernibfocus>osd_slider_nibFO.png</textureslidernibfocus>
			<font>font12</font>
			<textcolor>ffb2d4f5</textcolor>
			<disabledcolor>60d0d0d0</disabledcolor>
			<textoffsetx>12</textoffsetx>
		</control>
		<control type="image" id="11">
			<description>separator image</description>
			<width>350</width>
			<height>5</height>
			<texture>kai-divider.png</texture>
		</control>
	</controls>
</window>