﻿<window id="2005">
	<defaultcontrol>13</defaultcontrol>
	<controls>
		<control type="image" id="0">
			<description>bar image</description>
			<posx>0</posx>
			<posy>54</posy>
			<width>720</width>
			<height>65</height>
			<texture>bluebar.png</texture>
			<colorkey>0</colorkey>
			<colordiffuse>AAffffff</colordiffuse>
		</control>
		<control type="label" id="10">
			<description>row 1 label</description>
			<posx>70</posx>
			<posy>52</posy>
			<label>-</label>
			<align>left</align>
			<font>font13</font>
			<textcolor>ffffffff</textcolor>
		</control>
		<control type="label" id="11">
			<description>row 2 label</description>
			<posx>70</posx>
			<posy>72</posy>
			<label>-</label>
			<align>left</align>
			<font>font13</font>
			<textcolor>ffffffff</textcolor>
		</control>
		<control type="label" id="12">
			<description>row 3 label</description>
			<posx>70</posx>
			<posy>92</posy>
			<label>-</label>
			<align>left</align>
			<font>font13</font>
			<textcolor>ffffffff</textcolor>
			<visible>no</visible>
		</control>
	</controls>
</window>