<window id="1200">
	<defaultcontrol always="true">3</defaultcontrol>
	<controls>
		<include condition="!Skin.HasSetting(DontBlendBackground)">CommonVideoVizBackground</include>
		<control type="group">
			<include>CommonSystemBackground</include>
		</control>
		<include condition="Skin.HasSetting(DontBlendBackground)">CommonVideoVizBackground</include>
		<control type="group">
			<include>CommonSystemBlackwash</include>
		</control>
		<control type="group">
			<posx>130</posx>
			<animation effect="fade" delay="500" time="HomeVisibleFadeAnimationSpeed">WindowOpen</animation>
			<animation effect="fade" start="0" end="0" time="0">WindowClose</animation>
			<control type="label">
				<description>Header label</description>
				<posx>0</posx>
				<label>$LOCALIZE[20077]</label>
				<include>HeaderTextCommons</include>
			</control>
			<control type="textbox">
				<description>textarea</description>
				<posx>0</posx>
				<posy>380</posy>
				<width>250</width>
				<height>250</height>
				<font>font10</font>
				<label>$LOCALIZE[31480]</label>
				<align>right</align>
				<visible>Control.IsVisible(300) | Control.IsVisible(400)</visible>
				<include>VisibleFadeEffect</include>
			</control>
			<control type="grouplist" id="3">
				<description>button area</description>
				<posx>0</posx>
				<posy>115</posy>
				<width>250</width>
				<height>350</height>
				<itemgap>-2</itemgap>
				<onleft>5</onleft>
				<onright>5</onright>
				<onup>3</onup>
				<ondown>3</ondown>
				<control type="button" id="10">
					<description>General Category Button</description>
					<height>50</height>
					<width>250</width>
					<textcolor>white</textcolor>
					<texturefocus border="10">button-focus.png</texturefocus>
					<texturenofocus border="10">button-nofocus.png</texturenofocus>
					<label>31500</label>
					<onfocus>Skin.SetString(SkinSettings,1)</onfocus>
				</control>
				<control type="button" id="11">
					<description>Addon Category Button</description>
					<height>50</height>
					<width>250</width>
					<textcolor>white</textcolor>
					<texturefocus border="10">button-focus.png</texturefocus>
					<texturenofocus border="10">button-nofocus.png</texturenofocus>
					<label>247</label>
					<onfocus>Skin.SetString(SkinSettings,2)</onfocus>
				</control>
				<control type="button" id="12">
					<description>Media Blade Category Button</description>
					<height>50</height>
					<width>250</width>
					<textcolor>white</textcolor>
					<texturefocus border="10">button-focus.png</texturefocus>
					<texturenofocus border="10">button-nofocus.png</texturenofocus>
					<label>31502</label>
					<onfocus>Skin.SetString(SkinSettings,3)</onfocus>
				</control>
				<control type="button" id="13">
					<description>Apps Blade Category Button</description>
					<height>50</height>
					<width>250</width>
					<textcolor>white</textcolor>
					<texturefocus border="10">button-focus.png</texturefocus>
					<texturenofocus border="10">button-nofocus.png</texturenofocus>
					<label>31503</label>
					<onfocus>Skin.SetString(SkinSettings,4)</onfocus>
				</control>
				<control type="button" id="14">
					<description>Backgrounds Category Button</description>
					<height>50</height>
					<width>250</width>
					<textcolor>white</textcolor>
					<texturefocus border="10">button-focus.png</texturefocus>
					<texturenofocus border="10">button-nofocus.png</texturenofocus>
					<label>31501</label>
					<onfocus>Skin.SetString(SkinSettings,5)</onfocus>
				</control>
			</control>
			<control type="group" id="5">
				<description>control area</description>
				<control type="grouplist" id="100">
					<visible>Skin.String(SkinSettings,1)</visible>
					<description>control area</description>
					<posx>270</posx>
					<posy>115</posy>
					<width>790</width>
					<height>500</height>
					<itemgap>-2</itemgap>
					<pagecontrol>90</pagecontrol>
					<onleft>3</onleft>
					<onright>90</onright>
					<onup>100</onup>
					<ondown>100</ondown>
					<control type="radiobutton" id="101">
						<height>45</height>
						<width>790</width>
						<font>font13</font>
						<textcolor>white</textcolor>
						<focusedcolor>black</focusedcolor>
						<texturefocus border="10">list-focus.png</texturefocus>
						<texturenofocus>-</texturenofocus>
						<textoffsetx>10</textoffsetx>
						<radioposx>750</radioposx>
						<pulseonselect>no</pulseonselect>
						<label>31520</label>
						<onclick>Skin.ToggleSetting(Back_Video)</onclick>
						<selected>!Skin.HasSetting(Back_Video)</selected>
					</control>
					<control type="radiobutton" id="102">
						<height>45</height>
						<width>790</width>
						<font>font13</font>
						<textcolor>white</textcolor>
						<focusedcolor>black</focusedcolor>
						<texturefocus border="10">list-focus.png</texturefocus>
						<texturenofocus>-</texturenofocus>
						<textoffsetx>10</textoffsetx>
						<radioposx>750</radioposx>
						<pulseonselect>no</pulseonselect>
						<label>31521</label>
						<onclick>Skin.ToggleSetting(Back_Vis)</onclick>
						<selected>!Skin.HasSetting(Back_Vis)</selected>
					</control>
					<control type="radiobutton" id="103">
						<height>45</height>
						<width>790</width>
						<font>font13</font>
						<textcolor>white</textcolor>
						<focusedcolor>black</focusedcolor>
						<texturefocus border="10">list-focus.png</texturefocus>
						<texturenofocus>-</texturenofocus>
						<textoffsetx>10</textoffsetx>
						<radioposx>750</radioposx>
						<pulseonselect>no</pulseonselect>
						<label>31522</label>
						<onclick>Skin.ToggleSetting(Back_Fanart)</onclick>
						<selected>!Skin.HasSetting(Back_Fanart)</selected>
					</control>
					<control type="radiobutton" id="104">
						<height>45</height>
						<width>790</width>
						<font>font13</font>
						<textcolor>white</textcolor>
						<focusedcolor>black</focusedcolor>
						<texturefocus border="10">list-focus.png</texturefocus>
						<texturenofocus>-</texturenofocus>
						<textoffsetx>10</textoffsetx>
						<radioposx>750</radioposx>
						<pulseonselect>no</pulseonselect>
						<label>31524</label>
						<onclick>Skin.ToggleSetting(DontBlendBackground)</onclick>
						<selected>Skin.HasSetting(DontBlendBackground)</selected>
					</control>
					<control type="radiobutton" id="105">
						<height>45</height>
						<width>790</width>
						<font>font13</font>
						<textcolor>white</textcolor>
						<focusedcolor>black</focusedcolor>
						<texturefocus border="10">list-focus.png</texturefocus>
						<texturenofocus>-</texturenofocus>
						<textoffsetx>10</textoffsetx>
						<radioposx>750</radioposx>
						<pulseonselect>no</pulseonselect>
						<label>31523</label>
						<onclick>Skin.ToggleSetting(HideRainDrops)</onclick>
						<selected>Skin.HasSetting(HideRainDrops)</selected>
					</control>
				</control>
				<control type="grouplist" id="200">
					<visible>Skin.String(SkinSettings,2)</visible>
					<description>control area</description>
					<posx>270</posx>
					<posy>115</posy>
					<width>790</width>
					<height>500</height>
					<itemgap>-2</itemgap>
					<pagecontrol>90</pagecontrol>
					<onleft>3</onleft>
					<onright>90</onright>
					<onup>200</onup>
					<ondown>200</ondown>
					<control type="button" id="201">
						<height>45</height>
						<width>790</width>
						<font>font13</font>
						<textcolor>white</textcolor>
						<focusedcolor>black</focusedcolor>
						<texturefocus border="10">list-focus.png</texturefocus>
						<texturenofocus>-</texturenofocus>
						<textoffsetx>10</textoffsetx>
						<radioposx>750</radioposx>
						<label>31540</label>
						<onclick>Skin.SetFile(LyricScript_Path,.py)</onclick>
					</control>
					<control type="button" id="202">
						<height>45</height>
						<width>790</width>
						<font>font13</font>
						<textcolor>white</textcolor>
						<focusedcolor>black</focusedcolor>
						<texturefocus border="10">list-focus.png</texturefocus>
						<texturenofocus>-</texturenofocus>
						<textoffsetx>10</textoffsetx>
						<radioposx>750</radioposx>
						<label>31541</label>
						<onclick>Skin.SetFile(SubtitleScript_Path,.py)</onclick>
					</control>
				</control>

				<control type="grouplist" id="300">
					<visible>Skin.String(SkinSettings,3)</visible>
					<description>control area</description>
					<posx>270</posx>
					<posy>115</posy>
					<width>790</width>
					<height>480</height>
					<itemgap>-2</itemgap>
					<pagecontrol>90</pagecontrol>
					<onleft>3</onleft>
					<onright>90</onright>
					<onup>300</onup>
					<ondown>300</ondown>
					<control type="label" id="301">
						<description>Heading label</description>
						<width>790</width>
						<height>30</height>
						<align>center</align>
						<font>font13</font>
						<label>31550</label>
						<textcolor>orange</textcolor>
						<shadowcolor>black</shadowcolor>
					</control>
					<control type="radiobutton" id="302">
						<height>45</height>
						<width>790</width>
						<font>font13</font>
						<textcolor>white</textcolor>
						<focusedcolor>black</focusedcolor>
						<texturefocus border="10">list-focus.png</texturefocus>
						<texturenofocus>-</texturenofocus>
						<textoffsetx>10</textoffsetx>
						<radioposx>750</radioposx>
						<pulseonselect>no</pulseonselect>
						<label>$LOCALIZE[31309]$LOCALIZE[3]</label>
						<onclick>Skin.ToggleSetting(MediaBlade_HideVideos)</onclick>
						<selected>Skin.HasSetting(MediaBlade_HideVideos)</selected>
					</control>
					<control type="radiobutton" id="303">
						<height>45</height>
						<width>790</width>
						<font>font13</font>
						<textcolor>white</textcolor>
						<focusedcolor>black</focusedcolor>
						<texturefocus border="10">list-focus.png</texturefocus>
						<texturenofocus>-</texturenofocus>
						<textoffsetx>10</textoffsetx>
						<radioposx>750</radioposx>
						<pulseonselect>no</pulseonselect>
						<label>$LOCALIZE[31309]$LOCALIZE[342]</label>
						<onclick>Skin.ToggleSetting(MediaBlade_HideMovies)</onclick>
						<selected>Skin.HasSetting(MediaBlade_HideMovies)</selected>
					</control>
					<control type="radiobutton" id="304">
						<height>45</height>
						<width>790</width>
						<font>font13</font>
						<textcolor>white</textcolor>
						<focusedcolor>black</focusedcolor>
						<texturefocus border="10">list-focus.png</texturefocus>
						<texturenofocus>-</texturenofocus>
						<textoffsetx>10</textoffsetx>
						<radioposx>750</radioposx>
						<pulseonselect>no</pulseonselect>
						<label>$LOCALIZE[31309]$LOCALIZE[20343]</label>
						<onclick>Skin.ToggleSetting(MediaBlade_HideTVShows)</onclick>
						<selected>Skin.HasSetting(MediaBlade_HideTVShows)</selected>
					</control>
					<control type="radiobutton" id="305">
						<height>45</height>
						<width>790</width>
						<font>font13</font>
						<textcolor>white</textcolor>
						<focusedcolor>black</focusedcolor>
						<texturefocus border="10">list-focus.png</texturefocus>
						<texturenofocus>-</texturenofocus>
						<textoffsetx>10</textoffsetx>
						<radioposx>750</radioposx>
						<pulseonselect>no</pulseonselect>
						<label>$LOCALIZE[31309]$LOCALIZE[2]</label>
						<onclick>Skin.ToggleSetting(MediaBlade_HideMusic)</onclick>
						<selected>Skin.HasSetting(MediaBlade_HideMusic)</selected>
					</control>
					<control type="radiobutton" id="306">
						<height>45</height>
						<width>790</width>
						<font>font13</font>
						<textcolor>white</textcolor>
						<focusedcolor>black</focusedcolor>
						<texturefocus border="10">list-focus.png</texturefocus>
						<texturenofocus>-</texturenofocus>
						<textoffsetx>10</textoffsetx>
						<radioposx>750</radioposx>
						<pulseonselect>no</pulseonselect>
						<label>$LOCALIZE[31309]$LOCALIZE[1]</label>
						<onclick>Skin.ToggleSetting(MediaBlade_HidePictures)</onclick>
						<selected>Skin.HasSetting(MediaBlade_HidePictures)</selected>
					</control>
					<control type="label" id="307">
						<description>Heading label</description>
						<width>790</width>
						<height>30</height>
						<align>center</align>
						<font>font13</font>
						<label>31551</label>
						<textcolor>orange</textcolor>
						<shadowcolor>black</shadowcolor>
					</control>
					<control type="radiobutton" id="308">
						<height>45</height>
						<width>790</width>
						<font>font13</font>
						<textcolor>white</textcolor>
						<focusedcolor>black</focusedcolor>
						<texturefocus border="10">list-focus.png</texturefocus>
						<texturenofocus>-</texturenofocus>
						<textoffsetx>10</textoffsetx>
						<radioposx>750</radioposx>
						<pulseonselect>no</pulseonselect>
						<label>$LOCALIZE[31309]$INFO[Skin.String(MediaBlade_NameSmartPlaylist1)]</label>
						<onclick>Skin.ToggleSetting(MediaBlade_ShowSmartPlaylist1)</onclick>
						<selected>!Skin.HasSetting(MediaBlade_ShowSmartPlaylist1)</selected>
					</control>
					<control type="button" id="309">
						<height>45</height>
						<width>790</width>
						<font>font13</font>
						<textcolor>white</textcolor>
						<focusedcolor>black</focusedcolor>
						<texturefocus border="10">list-focus.png</texturefocus>
						<texturenofocus>-</texturenofocus>
						<textoffsetx>10</textoffsetx>
						<pulseonselect>no</pulseonselect>
						<label> - $LOCALIZE[31311]</label>
						<label2>$INFO[Skin.String(MediaBlade_NameSmartPlaylist1)]</label2>
						<onclick>Skin.SetString(MediaBlade_NameSmartPlaylist1)</onclick>
					</control>
					<control type="button" id="310">
						<height>45</height>
						<width>790</width>
						<font>font13</font>
						<textcolor>white</textcolor>
						<focusedcolor>black</focusedcolor>
						<texturefocus border="10">list-focus.png</texturefocus>
						<texturenofocus>-</texturenofocus>
						<textoffsetx>10</textoffsetx>
						<pulseonselect>no</pulseonselect>
						<label> - $LOCALIZE[31310]</label>
						<label2>$INFO[Skin.String(MediaBlade_LinkSmartPlaylist1)]</label2>
						<onclick>Skin.SetFile(MediaBlade_LinkSmartPlaylist1,,special://videoplaylists/)</onclick>
					</control>
					<control type="radiobutton" id="311">
						<height>45</height>
						<width>790</width>
						<font>font13</font>
						<textcolor>white</textcolor>
						<focusedcolor>black</focusedcolor>
						<texturefocus border="10">list-focus.png</texturefocus>
						<texturenofocus>-</texturenofocus>
						<textoffsetx>10</textoffsetx>
						<radioposx>750</radioposx>
						<pulseonselect>no</pulseonselect>
						<label>$LOCALIZE[31309]$INFO[Skin.String(MediaBlade_NameSmartPlaylist2)]</label>
						<onclick>Skin.ToggleSetting(MediaBlade_ShowSmartPlaylist2)</onclick>
						<selected>!Skin.HasSetting(MediaBlade_ShowSmartPlaylist2)</selected>
					</control>
					<control type="button" id="312">
						<height>45</height>
						<width>790</width>
						<font>font13</font>
						<textcolor>white</textcolor>
						<focusedcolor>black</focusedcolor>
						<texturefocus border="10">list-focus.png</texturefocus>
						<texturenofocus>-</texturenofocus>
						<textoffsetx>10</textoffsetx>
						<pulseonselect>no</pulseonselect>
						<label> - $LOCALIZE[31311]</label>
						<label2>$INFO[Skin.String(MediaBlade_NameSmartPlaylist2)]</label2>
						<onclick>Skin.SetString(MediaBlade_NameSmartPlaylist2)</onclick>
					</control>
					<control type="button" id="313">
						<height>45</height>
						<width>790</width>
						<font>font13</font>
						<textcolor>white</textcolor>
						<focusedcolor>black</focusedcolor>
						<texturefocus border="10">list-focus.png</texturefocus>
						<texturenofocus>-</texturenofocus>
						<textoffsetx>10</textoffsetx>
						<pulseonselect>no</pulseonselect>
						<label> - $LOCALIZE[31310]</label>
						<label2>$INFO[Skin.String(MediaBlade_LinkSmartPlaylist2)]</label2>
						<onclick>Skin.SetFile(MediaBlade_LinkSmartPlaylist2,,special://videoplaylists/)</onclick>
						</control>
				</control>

				<control type="grouplist" id="400">
					<visible>Skin.String(SkinSettings,4)</visible>
					<description>control area</description>
					<posx>270</posx>
					<posy>115</posy>
					<width>790</width>
					<height>480</height>
					<itemgap>-2</itemgap>
					<pagecontrol>90</pagecontrol>
					<onleft>3</onleft>
					<onright>90</onright>
					<onup>400</onup>
					<ondown>400</ondown>
					<control type="label" id="401">
						<description>Heading label</description>
						<width>790</width>
						<height>30</height>
						<align>center</align>
						<font>font13</font>
						<label>31550</label>
						<textcolor>orange</textcolor>
						<shadowcolor>black</shadowcolor>
					</control>
					<control type="radiobutton" id="402">
						<height>45</height>
						<width>790</width>
						<font>font13</font>
						<textcolor>white</textcolor>
						<focusedcolor>black</focusedcolor>
						<texturefocus border="10">list-focus.png</texturefocus>
						<texturenofocus>-</texturenofocus>
						<textoffsetx>10</textoffsetx>
						<radioposx>750</radioposx>
						<pulseonselect>no</pulseonselect>
						<label>$LOCALIZE[31309]$LOCALIZE[0]</label>
						<onclick>Skin.ToggleSetting(AppsBlade_HidePrograms)</onclick>
						<selected>Skin.HasSetting(AppsBlade_HidePrograms)</selected>
					</control>
					<control type="radiobutton" id="406">
						<height>45</height>
						<width>790</width>
						<font>font13</font>
						<textcolor>white</textcolor>
						<focusedcolor>black</focusedcolor>
						<texturefocus border="10">list-focus.png</texturefocus>
						<texturenofocus>-</texturenofocus>
						<textoffsetx>10</textoffsetx>
						<radioposx>750</radioposx>
						<pulseonselect>no</pulseonselect>
						<label>$LOCALIZE[31309]$LOCALIZE[15016]</label>
						<onclick>Skin.ToggleSetting(AppsBlade_HideGames)</onclick>
						<selected>Skin.HasSetting(AppsBlade_HideGames)</selected>
					</control>
					<control type="radiobutton" id="407">
						<height>45</height>
						<width>790</width>
						<font>font13</font>
						<textcolor>white</textcolor>
						<focusedcolor>black</focusedcolor>
						<texturefocus border="10">list-focus.png</texturefocus>
						<texturenofocus>-</texturenofocus>
						<textoffsetx>10</textoffsetx>
						<radioposx>750</radioposx>
						<pulseonselect>no</pulseonselect>
						<label>$LOCALIZE[31309]$LOCALIZE[20315]</label>
						<onclick>Skin.ToggleSetting(AppsBlade_HideGameSaves)</onclick>
						<selected>!Skin.HasSetting(AppsBlade_HideGameSaves)</selected>
					</control>
					<control type="radiobutton" id="408">
						<height>45</height>
						<width>790</width>
						<font>font13</font>
						<textcolor>white</textcolor>
						<focusedcolor>black</focusedcolor>
						<texturefocus border="10">list-focus.png</texturefocus>
						<texturenofocus>-</texturenofocus>
						<textoffsetx>10</textoffsetx>
						<radioposx>750</radioposx>
						<pulseonselect>no</pulseonselect>
						<label>$LOCALIZE[31309]$LOCALIZE[31099]</label>
						<onclick>Skin.ToggleSetting(AppsBlade_HideEmus)</onclick>
						<selected>Skin.HasSetting(AppsBlade_HideEmus)</selected>
					</control>
					<control type="radiobutton" id="403">
						<height>45</height>
						<width>790</width>
						<font>font13</font>
						<textcolor>white</textcolor>
						<focusedcolor>black</focusedcolor>
						<texturefocus border="10">list-focus.png</texturefocus>
						<texturenofocus>-</texturenofocus>
						<textoffsetx>10</textoffsetx>
						<radioposx>750</radioposx>
						<pulseonselect>no</pulseonselect>
						<label>$LOCALIZE[31309]$LOCALIZE[247]</label>
						<onclick>Skin.ToggleSetting(AppsBlade_HideAddons)</onclick>
						<selected>Skin.HasSetting(AppsBlade_HideAddons)</selected>
					</control>
					<control type="radiobutton" id="404">
						<height>45</height>
						<width>790</width>
						<font>font13</font>
						<textcolor>white</textcolor>
						<focusedcolor>black</focusedcolor>
						<texturefocus border="10">list-focus.png</texturefocus>
						<texturenofocus>-</texturenofocus>
						<textoffsetx>10</textoffsetx>
						<radioposx>750</radioposx>
						<pulseonselect>no</pulseonselect>
						<label>$LOCALIZE[31309]$LOCALIZE[7]</label>
						<onclick>Skin.ToggleSetting(AppsBlade_HideFilemanager)</onclick>
						<selected>Skin.HasSetting(AppsBlade_HideFilemanager)</selected>
					</control>
					<control type="radiobutton" id="405">
						<height>45</height>
						<width>790</width>
						<font>font13</font>
						<textcolor>white</textcolor>
						<focusedcolor>black</focusedcolor>
						<texturefocus border="10">list-focus.png</texturefocus>
						<texturenofocus>-</texturenofocus>
						<textoffsetx>10</textoffsetx>
						<radioposx>750</radioposx>
						<pulseonselect>no</pulseonselect>
						<label>$LOCALIZE[31309]$LOCALIZE[1036]</label>
						<onclick>Skin.ToggleSetting(AppsBlade_HideFavourites)</onclick>
						<selected>Skin.HasSetting(AppsBlade_HideFavourites)</selected>
					</control>
				</control>

					<control type="group" id="500">
					<visible>Skin.String(SkinSettings,5)</visible>
					<description>control area</description>
					<posx>290</posx>
					<posy>75</posy>
					<width>790</width>
					<height>500</height>
					<control type="group">
						<posx>0</posx>
						<posy>0</posy>
						<control type="image">
							<posx>0</posx>
							<posy>0</posy>
							<width>370</width>
							<height>280</height>
							<colordiffuse>BBFFFFFF</colordiffuse>
							<texture>back-fade.png</texture>
						</control>
						<control type="label">
							<description>number of files/pages in list text label</description>
							<posx>10</posx>
							<posy>5</posy>
							<width>350</width>
							<height>20</height>
							<font>font12</font>
							<align>center</align>
							<aligny>center</aligny>
							<textcolor>white</textcolor>
							<label>$LOCALIZE[8]</label>
						</control>
						<control type="image">
							<posx>10</posx>
							<posy>25</posy>
							<width>350</width>
							<height>196</height>
							<aspectratio>keep</aspectratio>
							<texture background="true" fallback="special://skin/backgrounds/weather.png">$INFO[Skin.String(Background_Weather)]</texture>
							<bordertexture border="19,3,19,3">thumb-border.png</bordertexture>
							<bordersize>18,2,18,2</bordersize>
							<fadetime>IconCrossfadeTime</fadetime>
						</control>
						<control type="button" id="301">
							<posx>10</posx>
							<posy>225</posy>
							<height>45</height>
							<width>175</width>
							<font>font13</font>
							<textcolor>white</textcolor>
							<focusedcolor>black</focusedcolor>
							<align>center</align>
							<aligny>center</aligny>
							<texturefocus border="10">list-focus.png</texturefocus>
							<texturenofocus border="10">list-nofocus.png</texturenofocus>
							<label>1024</label>
							<onclick>Skin.SetImage(Background_Weather)</onclick>
							<onleft>3</onleft>
							<onright>302</onright>
							<onup>321</onup>
							<ondown>321</ondown>
						</control>
						<control type="button" id="302">
							<posx>185</posx>
							<posy>225</posy>
							<height>45</height>
							<width>175</width>
							<font>font13</font>
							<textcolor>white</textcolor>
							<focusedcolor>black</focusedcolor>
							<align>center</align>
							<aligny>center</aligny>
							<texturefocus border="10">list-focus.png</texturefocus>
							<texturenofocus border="10">list-nofocus.png</texturenofocus>
							<label>31305</label>
							<onclick>Skin.Reset(Background_Weather)</onclick>
							<onleft>301</onleft>
							<onright>311</onright>
							<onup>322</onup>
							<ondown>322</ondown>
						</control>
					</control>
					<control type="group">
						<posx>390</posx>
						<posy>0</posy>
						<control type="image">
							<posx>0</posx>
							<posy>0</posy>
							<width>370</width>
							<height>280</height>
							<colordiffuse>BBFFFFFF</colordiffuse>
							<texture>back-fade.png</texture>
						</control>
						<control type="label">
							<description>number of files/pages in list text label</description>
							<posx>10</posx>
							<posy>5</posy>
							<width>350</width>
							<height>20</height>
							<font>font12</font>
							<align>center</align>
							<aligny>center</aligny>
							<textcolor>white</textcolor>
							<label>$LOCALIZE[31005]</label>
						</control>
						<control type="image">
							<posx>10</posx>
							<posy>25</posy>
							<width>350</width>
							<height>196</height>
							<aspectratio>keep</aspectratio>
							<texture background="true" fallback="special://skin/backgrounds/apps.png">$INFO[Skin.String(Background_Apps)]</texture>
							<bordertexture border="19,3,19,3">thumb-border.png</bordertexture>
							<bordersize>18,2,18,2</bordersize>
							<fadetime>IconCrossfadeTime</fadetime>
						</control>
						<control type="button" id="311">
							<posx>10</posx>
							<posy>225</posy>
							<height>45</height>
							<width>175</width>
							<font>font13</font>
							<textcolor>white</textcolor>
							<focusedcolor>black</focusedcolor>
							<align>center</align>
							<aligny>center</aligny>
							<texturefocus border="10">list-focus.png</texturefocus>
							<texturenofocus border="10">list-nofocus.png</texturenofocus>
							<label>1024</label>
							<onclick>Skin.SetImage(Background_Apps)</onclick>
							<onleft>302</onleft>
							<onright>312</onright>
							<onup>331</onup>
							<ondown>331</ondown>
						</control>
						<control type="button" id="312">
							<posx>185</posx>
							<posy>225</posy>
							<height>45</height>
							<width>175</width>
							<font>font13</font>
							<textcolor>white</textcolor>
							<focusedcolor>black</focusedcolor>
							<align>center</align>
							<aligny>center</aligny>
							<texturefocus border="10">list-focus.png</texturefocus>
							<texturenofocus border="10">list-nofocus.png</texturenofocus>
							<label>31305</label>
							<onclick>Skin.Reset(Background_Apps)</onclick>
							<onleft>311</onleft>
							<onright>3</onright>
							<onup>332</onup>
							<ondown>332</ondown>
						</control>
					</control>
					<control type="group">
						<posx>0</posx>
						<posy>290</posy>
						<control type="image">
							<posx>0</posx>
							<posy>0</posy>
							<width>370</width>
							<height>280</height>
							<colordiffuse>BBFFFFFF</colordiffuse>
							<texture>back-fade.png</texture>
						</control>
						<control type="label">
							<description>number of files/pages in list text label</description>
							<posx>10</posx>
							<posy>5</posy>
							<width>350</width>
							<height>20</height>
							<font>font12</font>
							<align>center</align>
							<aligny>center</aligny>
							<textcolor>white</textcolor>
							<label>$LOCALIZE[31006]</label>
						</control>
						<control type="image">
							<posx>10</posx>
							<posy>25</posy>
							<width>350</width>
							<height>196</height>
							<aspectratio>keep</aspectratio>
							<texture background="true" fallback="special://skin/backgrounds/media.png">$INFO[Skin.String(Background_Media)]</texture>
							<bordertexture border="19,3,19,3">thumb-border.png</bordertexture>
							<bordersize>18,2,18,2</bordersize>
							<fadetime>IconCrossfadeTime</fadetime>
						</control>
						<control type="button" id="321">
							<posx>10</posx>
							<posy>225</posy>
							<height>45</height>
							<width>175</width>
							<font>font13</font>
							<textcolor>white</textcolor>
							<focusedcolor>black</focusedcolor>
							<align>center</align>
							<aligny>center</aligny>
							<texturefocus border="10">list-focus.png</texturefocus>
							<texturenofocus border="10">list-nofocus.png</texturenofocus>
							<label>1024</label>
							<onclick>Skin.SetImage(Background_Media)</onclick>
							<onleft>3</onleft>
							<onright>322</onright>
							<onup>301</onup>
							<ondown>301</ondown>
						</control>
						<control type="button" id="322">
							<posx>185</posx>
							<posy>225</posy>
							<height>45</height>
							<width>175</width>
							<font>font13</font>
							<textcolor>white</textcolor>
							<focusedcolor>black</focusedcolor>
							<align>center</align>
							<aligny>center</aligny>
							<texturefocus border="10">list-focus.png</texturefocus>
							<texturenofocus border="10">list-nofocus.png</texturenofocus>
							<label>31305</label>
							<onclick>Skin.Reset(Background_Media)</onclick>
							<onleft>321</onleft>
							<onright>331</onright>
							<onup>302</onup>
							<ondown>302</ondown>
						</control>
					</control>
					<control type="group">
						<posx>390</posx>
						<posy>290</posy>
						<control type="image">
							<posx>0</posx>
							<posy>0</posy>
							<width>370</width>
							<height>280</height>
							<colordiffuse>BBFFFFFF</colordiffuse>
							<texture>back-fade.png</texture>
						</control>
						<control type="label">
							<description>number of files/pages in list text label</description>
							<posx>10</posx>
							<posy>5</posy>
							<width>350</width>
							<height>20</height>
							<font>font12</font>
							<align>center</align>
							<aligny>center</aligny>
							<textcolor>white</textcolor>
							<label>$LOCALIZE[13000]</label>
						</control>
						<control type="image">
							<posx>10</posx>
							<posy>25</posy>
							<width>350</width>
							<height>196</height>
							<aspectratio>keep</aspectratio>
							<texture background="true" fallback="special://skin/backgrounds/system.png">$INFO[Skin.String(Background_System)]</texture>
							<bordertexture border="19,3,19,3">thumb-border.png</bordertexture>
							<bordersize>18,2,18,2</bordersize>
							<fadetime>IconCrossfadeTime</fadetime>
						</control>
						<control type="button" id="331">
							<posx>10</posx>
							<posy>225</posy>
							<height>45</height>
							<width>175</width>
							<font>font13</font>
							<textcolor>white</textcolor>
							<focusedcolor>black</focusedcolor>
							<align>center</align>
							<aligny>center</aligny>
							<texturefocus border="10">list-focus.png</texturefocus>
							<texturenofocus border="10">list-nofocus.png</texturenofocus>
							<label>1024</label>
							<onclick>Skin.SetImage(Background_System)</onclick>
							<onleft>322</onleft>
							<onright>332</onright>
							<onup>311</onup>
							<ondown>311</ondown>
						</control>
						<control type="button" id="332">
							<posx>185</posx>
							<posy>225</posy>
							<height>45</height>
							<width>175</width>
							<font>font13</font>
							<textcolor>white</textcolor>
							<focusedcolor>black</focusedcolor>
							<align>center</align>
							<aligny>center</aligny>
							<texturefocus border="10">list-focus.png</texturefocus>
							<texturenofocus border="10">list-nofocus.png</texturenofocus>
							<label>31305</label>
							<onclick>Skin.Reset(Background_System)</onclick>
							<onleft>331</onleft>
							<onright>3</onright>
							<onup>312</onup>
							<ondown>312</ondown>
						</control>
					</control>
				</control>
			</control>
			<control type="spincontrol" id="90">
				<description>Next page button</description>
				<posx>1000</posx>
				<posy>120r</posy>
				<subtype>page</subtype>
				<font>font13</font>
				<onleft>5</onleft>
				<onright>3</onright>
				<ondown>90</ondown>
				<onup>90</onup>
				<textcolor>white2</textcolor>
				<showonepage>false</showonepage>
				<animation effect="slide" start="0,0" end="-100,0" time="200" condition="Player.HasAudio">Conditional</animation>
				<animation effect="slide" start="0,0" end="-100,0" time="200" condition="Player.HasVideo + VideoPlayer.Content(Movies)">Conditional</animation>
				<animation effect="slide" start="0,0" end="-160,0" time="200" condition="Player.HasVideo + !VideoPlayer.Content(Movies)">Conditional</animation>
			</control>
		</control>
		<control type="group">
			<include>SettingsToSubBlades</include>
		</control>
		<include>Common_Now_Playing</include>
	</controls>
</window>