<window id="2008">
	<defaultcontrol>450</defaultcontrol>
	<coordinates>
		<system>1</system>
		<posx>1025</posx>
		<posy>0</posy>
	</coordinates>
	<animation effect="slide" time="150" start="200,0" condition="!Skin.HasSetting(animated)">WindowOpen</animation>
	<animation effect="slide" time="150" end="200,0" condition="!Skin.HasSetting(animated)">WindowClose</animation>
	<controls>
		<control type="image">
			<posx>0</posx>
			<posy>0</posy>
			<width>400</width>
			<height>720</height>
			<texture flipx="true">Side_Slideout.png</texture>
		</control>
		<control type="list" id="450">
			<posx>70</posx>
			<posy>120</posy>
			<width>160</width>
			<height>480</height>
			<onleft>Dialog.Close(filestackingdialog)</onleft>
			<onright>450</onright>
			<onup>450</onup>
			<ondown>450</ondown>
			<orientation>vertical</orientation>
			<focusposition>2</focusposition>
			<viewtype label="535">list</viewtype>
			<scrolltime>200</scrolltime>
			<itemlayout height="36">
				<control type="image">
					<posx>0</posx>
					<posy>-2</posy>
					<width>40</width>
					<height>40</height>
					<colordiffuse>AAFFFFFF</colordiffuse>
					<texture>defaultDVDEmpty.png</texture>
				</control>
				<control type="label">
					<posx>45</posx>
					<posy>0</posy>
					<width>100</width>
					<height>36</height>
					<font>font10</font>
					<aligny>center</aligny>
					<textcolor>white</textcolor>
					<info>ListItem.Label</info>
				</control>
			</itemlayout>
			<focusedlayout height="50">
				<control type="image">
					<posx>0</posx>
					<posy>0</posy>
					<width>50</width>
					<height>50</height>
					<texture>defaultDVDEmpty.png</texture>
				</control>
				<control type="label">
					<posx>55</posx>
					<posy>5</posy>
					<width>100</width>
					<height>40</height>
					<font>font13</font>
					<aligny>center</aligny>
					<textcolor>red</textcolor>
					<info>ListItem.Label</info>
				</control>
			</focusedlayout>
		</control>
	</controls>
</window>