<window type="dialog" id="134">
	<defaultcontrol always="true">450</defaultcontrol>
	<coordinates>
		<system>1</system>
		<posx>730</posx>
		<posy>0</posy>
	</coordinates>
	<controls>
		<control type="group">
			<animation type="WindowOpen">
				<effect type="fade" start="0" end="100" time="100" />
				<effect type="slide" start="550,0" end="0,0" delay="100" time="400" tween="quadratic" easing="out" />
			</animation>
			<animation type="WindowClose">
				<effect type="slide" start="0,0" end="550,0" delay="DialogVisibleFadeAnimationSpeed" time="400" tween="quadratic" easing="in"/>
				<effect type="fade" start="100" end="0" delay="800" time="100" />
			</animation>
			<control type="image">
				<posx>130</posx>
				<posy>-40</posy>
				<width>180</width>
				<height>800</height>
				<aspectratio>stretch</aspectratio>
				<texture>blades-runner-right.png</texture>
			</control>
			<control type="image">
				<posx>310</posx>
				<posy>-40</posy>
				<width>970</width>
				<height>800</height>
				<aspectratio>stretch</aspectratio>
				<texture>blades-runner-right-edge.png</texture>
			</control>
			<control type="label" id="411">
				<description>Header label</description>
				<posx>200</posx>
				<label>1036</label>
				<include>DialogHeaderTextCommons</include>
			</control>
			<control type="image">
				<posx>180</posx>
				<posy>70</posy>
				<width>350</width>
				<height>200</height>
				<aspectratio align="right">keep</aspectratio>
				<fadetime>IconCrossfadeTime</fadetime>
				<texture>$INFO[ListItem.Icon]</texture>
				<bordertexture border="19,3,19,3">thumb-border.png</bordertexture>
				<bordersize>18,2,18,2</bordersize>
			</control>
			<control type="list" id="450">
				<posx>180</posx>
				<posy>280</posy>
				<width>350</width>
				<height>360</height>
				<onup>450</onup>
				<onleft>Dialog.Close(Favourites)</onleft>
				<onright>450</onright>
				<ondown>450</ondown>
				<pagecontrol>-</pagecontrol>
				<scrolltime>200</scrolltime>
				<itemlayout height="45">
					<control type="image">
						<posx>0</posx>
						<posy>0</posy>
						<width>350</width>
						<height>45</height>
						<texture border="10">list-nofocus.png</texture>
					</control>
					<control type="label">
						<posx>10</posx>
						<posy>0</posy>
						<width>330</width>
						<height>45</height>
						<font>font12_title</font>
						<align>left</align>
						<aligny>center</aligny>
						<selectedcolor>selected</selectedcolor>
						<info>ListItem.Label</info>
					</control>
				</itemlayout>
				<focusedlayout height="45">
					<control type="image">
						<posx>0</posx>
						<posy>0</posy>
						<width>350</width>
						<height>45</height>
						<visible>!Control.HasFocus(450)</visible>
						<texture border="3">list-nofocus.png</texture>
					</control>
					<control type="image">
						<posx>0</posx>
						<posy>0</posy>
						<width>350</width>
						<height>45</height>
						<visible>Control.HasFocus(450)</visible>
						<texture border="3">list-focus.png</texture>
					</control>
					<control type="label">
						<posx>10</posx>
						<posy>0</posy>
						<width>330</width>
						<height>45</height>
						<font>font12_title</font>
						<align>left</align>
						<aligny>center</aligny>
						<textcolor>black</textcolor>
						<selectedcolor>selected</selectedcolor>
						<info>ListItem.Label</info>
						<visible>Control.HasFocus(450)</visible>
					</control>
					<control type="label">
						<posx>10</posx>
						<posy>0</posy>
						<width>330</width>
						<height>45</height>
						<font>font12_title</font>
						<align>left</align>
						<aligny>center</aligny>
						<textcolor>white</textcolor>
						<selectedcolor>selected</selectedcolor>
						<info>ListItem.Label</info>
						<visible>!Control.HasFocus(450)</visible>
					</control>
				</focusedlayout>
			</control>
			<control type="label">
				<description>Page label</description>
				<posx>520</posx>
				<posy>670</posy>
				<width>350</width>
				<height>30</height>
				<align>right</align>
				<aligny>center</aligny>
				<font>font12</font>
				<textcolor>white</textcolor>
				<label>($INFO[Container(450).NumItems]) $LOCALIZE[31200] - $LOCALIZE[31201] ($INFO[Container(450).CurrentPage]/$INFO[Container(450).NumPages])</label>
			</control>
		</control>
	</controls>
</window>
