<window id="126">
	<defaultcontrol always="true">450</defaultcontrol>
	<allowoverlay>no</allowoverlay>
	<coordinates>
		<system>1</system>
		<posx>0</posx>
		<posy>0</posy>
	</coordinates>
	<controls>
		<control type="group">
			<animation type="WindowOpen" condition="![Window.IsVisible(MovieInformation) | Window.IsVisible(MusicInformation)]">
				<effect type="fade" start="0" end="100" time="100" />
				<effect type="slide" start="1095,0" end="400,0" delay="100" time="500" tween="quadratic" easing="out" />
			</animation>
			<animation type="WindowClose" condition="![Window.IsVisible(MovieInformation) | Window.IsVisible(MusicInformation)]">
				<effect type="slide" start="400,0" end="1095,0" delay="DialogVisibleFadeAnimationSpeed" time="500" tween="quadratic" easing="in"/>
				<effect type="fade" start="100" end="0" delay="800" time="100" />
			</animation>
			<animation type="WindowOpen" condition="[Window.IsVisible(MovieInformation) | Window.IsVisible(MusicInformation)]">
				<effect type="slide" start="0,0" end="400,0" time="500" tween="quadratic" easing="out" />
			</animation>
			<animation type="WindowClose" condition="[Window.IsVisible(MovieInformation) | Window.IsVisible(MusicInformation)]">
				<effect type="slide" start="0,0" end="-400,0" delay="DialogVisibleFadeAnimationSpeed" time="500" tween="quadratic" easing="in"/>
			</animation>
			<control type="image">
				<posx>130</posx>
				<posy>-40</posy>
				<width>180</width>
				<height>800</height>
				<aspectratio>stretch</aspectratio>
				<texture>blades-runner-right.png</texture>
				<animation effect="fade" start="90" end="90" time="0" condition="Window.IsVisible(FullscreenVideo) | Window.IsVisible(Visualisation)">conditional</animation>
			</control>
			<control type="image">
				<posx>310</posx>
				<posy>-40</posy>
				<width>970</width>
				<height>800</height>
				<aspectratio>stretch</aspectratio>
				<texture>blades-runner-right-edge.png</texture>
				<animation effect="fade" start="90" end="90" time="0" condition="Window.IsVisible(FullscreenVideo) | Window.IsVisible(Visualisation)">conditional</animation>
			</control>
			<control type="label" id="411">
				<description>Header label</description>
				<posx>200</posx>
				<label>13351</label>
				<include>DialogHeaderTextCommons</include>
			</control>
			<control type="group">
				<posx>190</posx>
				<animation effect="fade" delay="600" time="DialogVisibleFadeAnimationSpeed">WindowOpen</animation>
				<animation effect="fade" delay="100" time="DialogVisibleFadeAnimationSpeed">WindowClose</animation>
				<control type="label" id="412">
					<description>Path label</description>
					<posx>640</posx>
					<posy>55</posy>
					<width>640</width>
					<height>30</height>
					<font>font12</font>
					<haspath>true</haspath>
					<align>right</align>
					<aligny>center</aligny>
					<textcolor>orange</textcolor>
				</control>
				<control type="grouplist" id="9000">
					<posx>0</posx>
					<posy>460</posy>
					<width>221</width>
					<height>225</height>
					<itemgap>0</itemgap>
					<orientation>vertical</orientation>
					<onleft>450</onleft>
					<onright>450</onright>
					<onup>9000</onup>
					<ondown>9000</ondown>
					<control type="button" id="413">
						<description>OK button</description>
						<width>220</width>
						<include>InfoDialogButtonCommonValues</include>
						<label>186</label>
					</control>
					<control type="button" id="414">
						<description>Cancel button</description>
						<width>220</width>
						<include>InfoDialogButtonCommonValues</include>
						<label>222</label>
					</control>
					<control type="button" id="415">
						<description>Create folder button</description>
						<width>220</width>
						<include>InfoDialogButtonCommonValues</include>
						<label>119</label>
					</control>
					<control type="radiobutton" id="416">
						<description>Flip Image button</description>
						<width>220</width>
						<include>InfoDialogButtonCommonValues</include>
						<label>749</label>
					</control>
				</control>
				<control type="image">
					<posx>230</posx>
					<posy>460</posy>
					<width>420</width>
					<height>200</height>
					<texture border="10">thumb-nofocus.png</texture>
				</control>
				<control type="image">
					<posx>240</posx>
					<posy>470</posy>
					<width>400</width>
					<height>180</height>
					<aspectratio>keep</aspectratio>
					<texture background="true">$INFO[ListItem.Icon]</texture>
				</control>
				<control type="panel" id="450">
					<posx>0</posx>
					<posy>90</posy>
					<width>645</width>
					<height>360</height>
					<onleft>9000</onleft>
					<onright>9000</onright>
					<onup>450</onup>
					<ondown>450</ondown>
					<pagecontrol>60</pagecontrol>
					<scrolltime>200</scrolltime>
					<itemlayout height="45" width="645">
						<control type="image">
							<posx>0</posx>
							<posy>0</posy>
							<width>645</width>
							<height>45</height>
							<texture border="10">list-nofocus.png</texture>
						</control>
						<control type="image">
							<posx>10</posx>
							<posy>5</posy>
							<width>35</width>
							<height>35</height>
							<texture>$INFO[ListItem.Icon]</texture>
						</control>
						<control type="label">
							<posx>55</posx>
							<posy>0</posy>
							<width>580</width>
							<height>45</height>
							<font>font13</font>
							<align>left</align>
							<aligny>center</aligny>
							<selectedcolor>orange</selectedcolor>
							<info>ListItem.Label</info>
						</control>
					</itemlayout>
					<focusedlayout height="45" width="645">
						<control type="image">
							<posx>0</posx>
							<posy>0</posy>
							<width>645</width>
							<height>45</height>
							<texture border="10">list-focus.png</texture>
						</control>
						<control type="image">
							<posx>10</posx>
							<posy>5</posy>
							<width>35</width>
							<height>35</height>
							<texture>$INFO[ListItem.Icon]</texture>
						</control>
						<control type="label">
							<posx>55</posx>
							<posy>0</posy>
							<width>580</width>
							<height>45</height>
							<font>font13</font>
							<align>left</align>
							<aligny>center</aligny>
							<textcolor>black</textcolor>
							<selectedcolor>orange</selectedcolor>
							<info>ListItem.Label</info>
						</control>
					</focusedlayout>
				</control>
				<control type="panel" id="451">
					<posx>0</posx>
					<posy>90</posy>
					<width>645</width>
					<height>360</height>
					<onleft>9000</onleft>
					<onright>9000</onright>
					<onup>451</onup>
					<ondown>451</ondown>
					<pagecontrol>60</pagecontrol>
					<scrolltime>200</scrolltime>
					<itemlayout height="45" width="645">
						<control type="image">
							<posx>0</posx>
							<posy>0</posy>
							<width>645</width>
							<height>45</height>
							<texture border="10">list-nofocus.png</texture>
						</control>
						<control type="image">
							<posx>10</posx>
							<posy>5</posy>
							<width>35</width>
							<height>35</height>
							<texture>$INFO[ListItem.Icon]</texture>
						</control>
						<control type="label">
							<posx>55</posx>
							<posy>0</posy>
							<width>580</width>
							<height>45</height>
							<font>font13</font>
							<align>left</align>
							<aligny>center</aligny>
							<selectedcolor>orange</selectedcolor>
							<info>ListItem.Label</info>
						</control>
					</itemlayout>
					<focusedlayout height="45" width="645">
						<control type="image">
							<posx>0</posx>
							<posy>0</posy>
							<width>645</width>
							<height>45</height>
							<texture border="10">list-focus.png</texture>
						</control>
						<control type="image">
							<posx>10</posx>
							<posy>5</posy>
							<width>35</width>
							<height>35</height>
							<texture>$INFO[ListItem.Icon]</texture>
						</control>
						<control type="label">
							<posx>55</posx>
							<posy>0</posy>
							<width>580</width>
							<height>45</height>
							<font>font13</font>
							<align>left</align>
							<aligny>center</aligny>
							<textcolor>black</textcolor>
							<selectedcolor>orange</selectedcolor>
							<info>ListItem.Label</info>
						</control>
					</focusedlayout>
				</control>
				<control type="label">
					<description>Page label</description>
					<posx>650</posx>
					<posy>670</posy>
					<width>560</width>
					<height>30</height>
					<align>right</align>
					<aligny>center</aligny>
					<textcolor>white</textcolor>
					<font>font12</font>
					<label>($INFO[Container(450).NumItems]) $LOCALIZE[31200] - $LOCALIZE[31201] ($INFO[Container(450).CurrentPage]/$INFO[Container(450).NumPages])</label>
					<visible>!Control.IsVisible(451)</visible>
				</control>
				<control type="label">
					<description>Page label</description>
					<posx>650</posx>
					<posy>670</posy>
					<width>560</width>
					<height>30</height>
					<align>right</align>
					<aligny>center</aligny>
					<textcolor>white</textcolor>
					<font>font12</font>
					<label>($INFO[Container(451).NumItems]) $LOCALIZE[31200] - $LOCALIZE[31201] ($INFO[Container(451).CurrentPage]/$INFO[Container(451).NumPages])</label>
					<visible>Control.IsVisible(451)</visible>
				</control>
			</control>
		</control>
		<include>SideBladeRight</include>
		<include>Clock</include>
	</controls>
</window>