<window id="29">
	<defaultcontrol always="true">52</defaultcontrol>
	<allowoverlay>no</allowoverlay>
	<controls>
		<include>CommonMediaBackground</include>
		<control type="image">
			<description>Background</description>
			<posx>25</posx>
			<posy>0</posy>
			<width>50</width>
			<height>720</height>
			<aspectratio>stretch</aspectratio>
			<texture>background-overlay-blackwash-left-ws.png</texture>
		</control>
		<control type="image">
			<description>Background</description>
			<posx>65r</posx>
			<posy>0</posy>
			<width>50</width>
			<height>720</height>
			<aspectratio>stretch</aspectratio>
			<texture>background-overlay-blackwash-right-ws.png</texture>
		</control>
		<control type="image">
			<description>Background</description>
			<posx>75</posx>
			<posy>0</posy>
			<width>1140</width>
			<height>720</height>
			<aspectratio>stretch</aspectratio>
			<texture>background-overlay-blackwash-centertile-ws.png</texture>
		</control>
		<control type="group">
			<include>Window_OpenClose_Animation</include>
			<control type="group">
				<posx>80</posx>
				<animation effect="fade" delay="500" time="HomeVisibleFadeAnimationSpeed">WindowOpen</animation>
				<animation effect="fade" start="0" end="0" time="0">WindowClose</animation>
				<control type="label">
					<description>Header label</description>
					<posx>0</posx>
					<label>$LOCALIZE[20096]</label>
					<include>HeaderTextCommons</include>
				</control>
				<control type="label">
					<description>Time label</description>
					<posx>1130</posx>
					<include>ClockTextCommons</include>
				</control>
				<control type="label">
					<description>heading label</description>
					<posx>110</posx>
					<posy>100</posy>
					<width>900</width>
					<height>80</height>
					<align>center</align>
					<aligny>center</aligny>
					<font>font16</font>
					<label>31460</label>
					<textcolor>white</textcolor>
				</control>
				<control type="fixedlist" id="52">
					<posx>-203</posx>
					<posy>220</posy>
					<width>1280</width>
					<height>260</height>
					<onleft>52</onleft>
					<onright>52</onright>
					<onup>20</onup>
					<ondown>20</ondown>
					<viewtype label="31028">list</viewtype>
					<pagecontrol>61</pagecontrol>
					<scrolltime>200</scrolltime>
					<focusposition>3</focusposition>
					<orientation>horizontal</orientation>
					<preloaditems>4</preloaditems>
					<itemlayout height="260" width="218">
						<control type="image">
							<posx>2</posx>
							<posy>0</posy>
							<width>214</width>
							<height>250</height>
							<aspectratio>stretch</aspectratio>
							<texture border="10">thumb-nofocus.png</texture>
						</control>
						<control type="image">
							<posx>12</posx>
							<posy>10</posy>
							<width>194</width>
							<height>194</height>
							<aspectratio>keep</aspectratio>
							<texture background="true">$INFO[ListItem.Icon]</texture>
							<bordertexture border="5">black-back.png</bordertexture>
							<bordersize>2</bordersize>
						</control>
					</itemlayout>
					<focusedlayout height="260" width="218">
						<control type="image">
							<posx>2</posx>
							<posy>0</posy>
							<width>214</width>
							<height>250</height>
							<aspectratio>stretch</aspectratio>
							<texture border="10">thumb-focus.png</texture>
							<visible>Control.HasFocus(52)</visible>
						</control>
						<control type="image">
							<posx>2</posx>
							<posy>0</posy>
							<width>214</width>
							<height>250</height>
							<aspectratio>stretch</aspectratio>
							<texture border="10">thumb-nofocus.png</texture>
							<visible>!Control.HasFocus(52)</visible>
						</control>
						<control type="image">
							<posx>12</posx>
							<posy>10</posy>
							<width>194</width>
							<height>194</height>
							<aspectratio>keep</aspectratio>
							<texture background="true">$INFO[ListItem.Icon]</texture>
							<bordertexture border="5">black-back.png</bordertexture>
							<bordersize>2</bordersize>
						</control>
						<control type="label">
							<description>Last Login label</description>
							<posx>106</posx>
							<posy>210</posy>
							<width>214</width>
							<height>30</height>
							<align>center</align>
							<aligny>center</aligny>
							<font>font13</font>
							<label>$INFO[ListItem.Label]</label>
							<textcolor>black</textcolor>
						</control>
					</focusedlayout>
				</control>
				<control type="label">
					<description>Last Login label</description>
					<posx>110</posx>
					<posy>500</posy>
					<width>900</width>
					<height>40</height>
					<align>center</align>
					<aligny>center</aligny>
					<font>font13</font>
					<label>$INFO[Container(52).ListItem.Label2]</label>
					<textcolor>white</textcolor>
				</control>
			</control>
		</control>
		<control type="image">
			<posx>-110</posx>
			<posy>-40</posy>
			<width>180</width>
			<height>800</height>
			<aspectratio>stretch</aspectratio>
			<texture>blades-runner-left1.png</texture>
		</control>
		<control type="image">
			<posx>65r</posx>
			<posy>-40</posy>
			<width>180</width>
			<height>800</height>
			<aspectratio>stretch</aspectratio>
			<texture>blades-runner-right.png</texture>
		</control>
	</controls>
</window>