<window type="dialog" id="114">
	<defaultcontrol always="true">603</defaultcontrol>
	<include>dialogeffect</include>
	<visible>Player.HasMedia + Window.IsActive(PlayerControls) + !Window.IsActive(FullscreenVideo) + !Window.IsActive(Visualisation)</visible>
	<coordinates>
		<system>1</system>
		<posx>340</posx>
		<posy>210</posy>
	</coordinates>
	<controls>
		<control type="image">
			<posx>0</posx>
			<posy>0</posy>
			<width>600</width>
			<height>300</height>
			<texture border="50,100,50,50">Dialog.png</texture>
		</control>
		<control type="group">
			<posx>50</posx>
			<posy>50</posy>
			<visible>Player.HasAudio</visible>
			<control type="image">
				<description>Cover image</description>
				<posx>0</posx>
				<posy>10</posy>
				<width>160</width>
				<height>130</height>
				<aspectratio>keep</aspectratio>
				<texture background="true">$INFO[MusicPlayer.Cover]</texture>
				<bordertexture border="19,3,19,3">thumb-border.png</bordertexture>
				<bordersize>18,2,18,2</bordersize>
			</control>
			<control type="label">
				<description>Artist label</description>
				<posx>160</posx>
				<posy>10</posy>
				<height>25</height>
				<width>325</width>
				<label>$INFO[MusicPlayer.Artist]</label>
				<align>left</align>
				<aligny>center</aligny>
				<font>13</font>
				<textcolor>grey2</textcolor>
				<shadowcolor>black</shadowcolor>
			</control>
			<control type="fadelabel">
				<description>Title label</description>
				<posx>160</posx>
				<posy>43</posy>
				<height>30</height>
				<width>325</width>
				<label>$INFO[MusicPlayer.Title]</label>
				<align>left</align>
				<aligny>center</aligny>
				<font>font13</font>
				<textcolor>orange</textcolor>
				<shadowcolor>black</shadowcolor>
				<scrollout>false</scrollout>
				<pauseatend>2000</pauseatend>
			</control>
			<control type="label">
				<description>Album Label</description>
				<posx>160</posx>
				<posy>70</posy>
				<height>30</height>
				<width>325</width>
				<label>$INFO[MusicPlayer.Album]$INFO[musicplayer.discnumber, - $LOCALIZE[427]:]</label>
				<align>left</align>
				<aligny>center</aligny>
				<font>font10</font>
				<textcolor>grey2</textcolor>
				<shadowcolor>black</shadowcolor>
			</control>
			<control type="label">
				<description>Time Label</description>
				<posx>160</posx>
				<posy>115</posy>
				<height>25</height>
				<width>325</width>
				<label>$INFO[Player.Time]$INFO[Player.Duration, / ]</label>
				<align>left</align>
				<aligny>center</aligny>
				<font>font13</font>
				<textcolor>white</textcolor>
				<shadowcolor>black</shadowcolor>
			</control>
		</control>
		<control type="group">
			<posx>50</posx>
			<posy>50</posy>
			<visible>Player.HasVideo</visible>
			<control type="group">
				<visible>VideoPlayer.Content(Movies)</visible>
				<control type="image">
					<description>Cover image</description>
					<posx>0</posx>
					<posy>5</posy>
					<width>140</width>
					<height>145</height>
					<aspectratio>keep</aspectratio>
					<texture background="true">$INFO[VideoPlayer.Cover]</texture>
					<bordertexture border="19,3,19,3">thumb-border.png</bordertexture>
					<bordersize>18,2,18,2</bordersize>
				</control>
				<control type="label">
					<description>Studio label</description>
					<posx>140</posx>
					<posy>10</posy>
					<height>25</height>
					<width>345</width>
					<label>$INFO[VideoPlayer.Studio]</label>
					<align>left</align>
					<aligny>center</aligny>
					<font>13</font>
					<textcolor>grey2</textcolor>
					<shadowcolor>black</shadowcolor>
				</control>
				<control type="fadelabel">
					<description>Title label</description>
					<posx>140</posx>
					<posy>43</posy>
					<height>30</height>
					<width>345</width>
					<label>$INFO[VideoPlayer.Title]</label>
					<align>left</align>
					<aligny>center</aligny>
					<font>font13</font>
					<textcolor>orange</textcolor>
					<shadowcolor>black</shadowcolor>
					<scrollout>false</scrollout>
					<pauseatend>2000</pauseatend>
				</control>
				<control type="label">
					<description>Year Label</description>
					<posx>140</posx>
					<posy>70</posy>
					<height>30</height>
					<width>345</width>
					<label>$INFO[VideoPlayer.year]</label>
					<align>left</align>
					<aligny>center</aligny>
					<font>font10</font>
					<textcolor>grey2</textcolor>
					<shadowcolor>black</shadowcolor>
				</control>
				<control type="label">
					<description>Time Label</description>
					<posx>140</posx>
					<posy>115</posy>
					<height>25</height>
					<width>345</width>
					<label>$INFO[Player.Time]$INFO[Player.Duration, / ]</label>
					<align>left</align>
					<aligny>center</aligny>
					<font>font13</font>
					<textcolor>white</textcolor>
					<shadowcolor>black</shadowcolor>
				</control>
			</control>
			<control type="group">
				<visible>!VideoPlayer.Content(Movies)</visible>
				<control type="image">
					<description>Cover image</description>
					<posx>0</posx>
					<posy>10</posy>
					<width>200</width>
					<height>130</height>
					<aspectratio>scale</aspectratio>
					<texture background="true">$INFO[VideoPlayer.Cover]</texture>
					<bordertexture border="19,3,19,3">thumb-border.png</bordertexture>
					<bordersize>18,2,18,2</bordersize>
					<visible>VideoPlayer.Content(Episodes)</visible>
				</control>
				<control type="image">
					<description>Cover image</description>
					<posx>0</posx>
					<posy>10</posy>
					<width>200</width>
					<height>130</height>
					<aspectratio>keep</aspectratio>
					<texture background="true">$INFO[VideoPlayer.Cover]</texture>
					<bordertexture border="19,3,19,3">thumb-border.png</bordertexture>
					<bordersize>18,2,18,2</bordersize>
					<visible>!VideoPlayer.Content(Episodes)</visible>
				</control>
				<control type="label">
					<description>Show label</description>
					<posx>200</posx>
					<posy>10</posy>
					<height>25</height>
					<width>285</width>
					<label>$INFO[VideoPlayer.TVShowTitle]</label>
					<align>left</align>
					<aligny>center</aligny>
					<font>13</font>
					<textcolor>grey2</textcolor>
					<shadowcolor>black</shadowcolor>
					<visible>VideoPlayer.Content(Episodes)</visible>
				</control>
				<control type="label">
					<description>Artist label</description>
					<posx>200</posx>
					<posy>10</posy>
					<height>25</height>
					<width>285</width>
					<label>$INFO[VideoPlayer.Artist]</label>
					<align>left</align>
					<aligny>center</aligny>
					<font>13</font>
					<textcolor>grey2</textcolor>
					<shadowcolor>black</shadowcolor>
					<visible>VideoPlayer.Content(MusicVideos)</visible>
				</control>
				<control type="fadelabel">
					<description>Title label</description>
					<posx>200</posx>
					<posy>43</posy>
					<height>30</height>
					<width>285</width>
					<label>$INFO[VideoPlayer.Title]</label>
					<align>left</align>
					<aligny>center</aligny>
					<font>font13</font>
					<textcolor>orange</textcolor>
					<shadowcolor>black</shadowcolor>
					<scrollout>false</scrollout>
					<pauseatend>2000</pauseatend>
				</control>
				<control type="label">
					<description>Season - Episode Label</description>
					<posx>200</posx>
					<posy>70</posy>
					<height>30</height>
					<width>285</width>
					<label>$INFO[VideoPlayer.Season,$LOCALIZE[20373]: ] - $INFO[VideoPlayer.Episode,$LOCALIZE[20359]: ]</label>
					<align>left</align>
					<aligny>center</aligny>
					<font>font10</font>
					<textcolor>grey2</textcolor>
					<shadowcolor>black</shadowcolor>
					<visible>VideoPlayer.Content(Episodes)</visible>
				</control>
				<control type="label">
					<description>Season - Episode Label</description>
					<posx>200</posx>
					<posy>70</posy>
					<height>30</height>
					<width>285</width>
					<label>$INFO[VideoPlayer.Album]</label>
					<align>left</align>
					<aligny>center</aligny>
					<font>font10</font>
					<textcolor>grey2</textcolor>
					<shadowcolor>black</shadowcolor>
					<visible>VideoPlayer.Content(MusicVideos)</visible>
				</control>
				<control type="label">
					<description>Time Label</description>
					<posx>200</posx>
					<posy>115</posy>
					<height>25</height>
					<width>285</width>
					<label>$INFO[Player.Time]$INFO[Player.Duration, / ]</label>
					<align>left</align>
					<aligny>center</aligny>
					<font>font13</font>
					<textcolor>white</textcolor>
					<shadowcolor>black</shadowcolor>
				</control>
			</control>
		</control>
		<control type="group" id="100">
			<posx>50</posx>
			<posy>210</posy>
			<control type="button" id="600">
				<posx>0</posx>
				<posy>0</posy>
				<width>40</width>
				<height>40</height>
				<label>-</label>
				<texturefocus>OSDPrevTrackFO.png</texturefocus>
				<texturenofocus>OSDPrevTrackNF.png</texturenofocus>
				<onleft>608</onleft>
				<onright>601</onright>
				<onup>300</onup>
				<ondown>200</ondown>
				<onclick>XBMC.PlayerControl(Previous)</onclick>
			</control>
			<control type="button" id="601">
				<posx>40</posx>
				<posy>0</posy>
				<width>40</width>
				<height>40</height>
				<label>-</label>
				<texturefocus>OSDRewindFO.png</texturefocus>
				<texturenofocus>OSDRewindNF.png</texturenofocus>
				<onleft>600</onleft>
				<onright>603</onright>
				<onup>300</onup>
				<ondown>200</ondown>
				<onclick>XBMC.PlayerControl(Rewind)</onclick>
			</control>
			<control type="togglebutton" id="603">
				<posx>80</posx>
				<posy>0</posy>
				<width>40</width>
				<height>40</height>
				<label>-</label>
				<texturefocus>OSDPauseFO.png</texturefocus>
				<texturenofocus>OSDPauseNF.png</texturenofocus>
				<usealttexture>Player.Paused | Player.Forwarding | Player.Rewinding</usealttexture>
				<alttexturefocus>OSDPlayFO.png</alttexturefocus>
				<alttexturenofocus>OSDPlayNF.png</alttexturenofocus>
				<onleft>601</onleft>
				<onright>602</onright>
				<onup>300</onup>
				<ondown>200</ondown>
				<onclick>XBMC.PlayerControl(Play)</onclick>
			</control>
			<control type="button" id="602">
				<posx>120</posx>
				<posy>0</posy>
				<width>40</width>
				<height>40</height>
				<label>-</label>
				<texturefocus>OSDStopFO.png</texturefocus>
				<texturenofocus>OSDStopNF.png</texturenofocus>
				<onleft>603</onleft>
				<onright>604</onright>
				<onup>300</onup>
				<ondown>200</ondown>
				<onclick>down</onclick>
				<onclick>XBMC.PlayerControl(Stop)</onclick>
			</control>
			<control type="button" id="604">
				<posx>160</posx>
				<posy>0</posy>
				<width>40</width>
				<height>40</height>
				<label>-</label>
				<texturefocus>OSDForwardFO.png</texturefocus>
				<texturenofocus>OSDForwardNF.png</texturenofocus>
				<onleft>602</onleft>
				<onright>605</onright>
				<onup>300</onup>
				<ondown>200</ondown>
				<onclick>XBMC.PlayerControl(Forward)</onclick>
			</control>
			<control type="button" id="605">
				<posx>200</posx>
				<posy>0</posy>
				<width>40</width>
				<height>40</height>
				<label>-</label>
				<texturefocus>OSDNextTrackFO.png</texturefocus>
				<texturenofocus>OSDNextTrackNF.png</texturenofocus>
				<onleft>604</onleft>
				<onright>606</onright>
				<onup>300</onup>
				<ondown>200</ondown>
				<onclick>XBMC.PlayerControl(Next)</onclick>
			</control>
			<control type="button" id="606">
				<posx>240</posx>
				<posy>0</posy>
				<width>40</width>
				<height>40</height>
				<label>-</label>
				<texturefocus>OSDRecordFO.png</texturefocus>
				<texturenofocus>OSDRecordNF.png</texturenofocus>
				<onleft>605</onleft>
				<onright>607</onright>
				<onup>300</onup>
				<ondown>200</ondown>
				<onclick>XBMC.PlayerControl(record)</onclick>
				<enable>Player.CanRecord</enable>
				<animation effect="fade" start="100" end="30" time="100" condition="!Player.CanRecord">Conditional</animation>
			</control>
			<control type="button" id="607">
				<posx>415</posx>
				<posy>0</posy>
				<width>40</width>
				<height>40</height>
				<label>-</label>
				<texturefocus>-</texturefocus>
				<texturenofocus>-</texturenofocus>
				<onclick>XBMC.PlayerControl(Repeat)</onclick>
				<onleft>606</onleft>
				<onright>608</onright>
				<onup>100</onup>
				<ondown>100</ondown>
			</control>
			<control type="image">
				<posx>415</posx>
				<posy>0</posy>
				<width>40</width>
				<height>40</height>
				<texture>OSDRepeatNF.png</texture>
				<visible>!Playlist.IsRepeat + !Playlist.IsRepeatOne</visible>
				<visible>!Control.HasFocus(607)</visible>
			</control>
			<control type="image">
				<posx>415</posx>
				<posy>0</posy>
				<width>40</width>
				<height>40</height>
				<texture>OSDRepeatFO.png</texture>
				<visible>!Playlist.IsRepeat + !Playlist.IsRepeatOne</visible>
				<visible>Control.HasFocus(607)</visible>
			</control>
			<control type="image">
				<posx>415</posx>
				<posy>0</posy>
				<width>40</width>
				<height>40</height>
				<texture>OSDRepeatOneNF.png</texture>
				<visible>Playlist.IsRepeatOne</visible>
				<visible>!Control.HasFocus(607)</visible>
			</control>
			<control type="image">
				<posx>415</posx>
				<posy>0</posy>
				<width>40</width>
				<height>40</height>
				<texture>OSDRepeatOneFO.png</texture>
				<visible>Playlist.IsRepeatOne</visible>
				<visible>Control.HasFocus(607)</visible>
			</control>
			<control type="image">
				<posx>415</posx>
				<posy>0</posy>
				<width>40</width>
				<height>40</height>
				<texture>OSDRepeatAllNF.png</texture>
				<visible>Playlist.IsRepeat</visible>
				<visible>!Control.HasFocus(607)</visible>
			</control>
			<control type="image">
				<posx>415</posx>
				<posy>0</posy>
				<width>40</width>
				<height>40</height>
				<texture>OSDRepeatAllFO.png</texture>
				<visible>Playlist.IsRepeat</visible>
				<visible>Control.HasFocus(607)</visible>
			</control>
			<control type="togglebutton" id="608">
				<posx>455</posx>
				<posy>0</posy>
				<width>40</width>
				<height>40</height>
				<label>-</label>
				<texturefocus>OSDRandomOffFO.png</texturefocus>
				<texturenofocus>OSDRandomOffNF.png</texturenofocus>
				<usealttexture>Playlist.IsRandom</usealttexture>
				<alttexturefocus>OSDRandomOnFO.png</alttexturefocus>
				<alttexturenofocus>OSDRandomOnNF.png</alttexturenofocus>
				<onclick>XBMC.PlayerControl(Random)</onclick>
				<onleft>607</onleft>
				<onright>600</onright>
				<onup>100</onup>
				<ondown>100</ondown>
			</control>
		</control>
	</controls>
</window>