<window id="34">
	<defaultcontrol always="true">4</defaultcontrol>
	<allowoverlay>no</allowoverlay>
	<controls>
		<control type="group">
			<include>CommonSystemBackground</include>
		</control>

		<control type="group">
			<include>CommonSystemBlackwash</include>
		</control>
		<control type="group">
			<posx>130</posx>
			<animation effect="fade" delay="500" time="HomeVisibleFadeAnimationSpeed">WindowOpen</animation>
			<animation effect="fade" start="0" end="0" time="0">WindowClose</animation>
			<control type="label">
				<description>Header label</description>
				<posx>0</posx>
				<label>$LOCALIZE[10034]</label>
				<include>HeaderTextCommons</include>
			</control>
			<control type="group" id="9000">
				<posx>-30</posx>
				<posy>110</posy>
				<control type="image">
					<description>Button Seperator</description>
					<posx>30</posx>
					<posy>1</posy>
					<width>310</width>
					<height>2</height>
					<texture>divider.png</texture>
				</control>
				<control type="image">
					<description>Button Seperator</description>
					<posx>30</posx>
					<posy>49</posy>
					<width>310</width>
					<height>2</height>
					<texture>divider.png</texture>
				</control>
				<control type="image">
					<description>Login Screen Push Button Highlight</description>
					<texture>systemhomebutton-0.png</texture>
					<visible>Control.HasFocus(4)</visible>
					<include>WeatherButtonHighlightCommonValues</include>
				</control>
				<control type="image">
					<description>Login Screen Push Button Shadow</description>
					<texture>systemhomebutton-0-shadow.png</texture>
					<animation effect="fade" delay="100" time="175">Visible</animation>
					<visible>Control.HasFocus(4)</visible>
					<include>WeatherButtonHighlightCommonValues</include>
				</control>
				<control type="radiobutton" id="4">
					<description>enable login screen</description>
					<posx>40</posx>
					<posy>4</posy>
					<width>43</width>
					<height>43</height>
					<aligny>center</aligny>
					<textoffsetx>70</textoffsetx>
					<textwidth>300</textwidth>
					<textcolor>white2</textcolor>
					<focusedcolor>black</focusedcolor>
					<shadowcolor>-</shadowcolor>
					<texturefocus>special://skin/button_icons/icon-xbmc.png</texturefocus>
					<texturenofocus>special://skin/button_icons/icon-xbmc.png</texturenofocus>
					<radioposx>265</radioposx>
					<font>font16</font>
					<label>20096</label>
					<onleft>2</onleft>
					<onright>2</onright>
					<onup>4</onup>
					<ondown>4</ondown>
					<pulseonselect>no</pulseonselect>
				</control>
			</control>
			<control type="panel" id="2">
				<posx>340</posx>
				<posy>110</posy>
				<width>740</width>
				<height>455</height>
				<onleft>9000</onleft>
				<onright>60</onright>
				<onup>2</onup>
				<ondown>2</ondown>
				<viewtype label="$LOCALIZE[535] 2">list</viewtype>
				<pagecontrol>60</pagecontrol>
				<scrolltime>200</scrolltime>
				<orientation>vertical</orientation>
				<itemlayout height="92" width="370">
					<control type="image">
						<posx>0</posx>
						<posy>0</posy>
						<width>370</width>
						<height>90</height>
						<texture>wide-thumb-nofocus.png</texture>
					</control>
					<control type="image">
						<posx>15</posx>
						<posy>10</posy>
						<width>70</width>
						<height>70</height>
						<texture fallback="unknown-user.png">$INFO[ListItem.Icon]</texture>
					</control>
					<control type="label">
						<posx>100</posx>
						<posy>5</posy>
						<width>260</width>
						<height>25</height>
						<font>font13</font>
						<aligny>center</aligny>
						<selectedcolor>orange</selectedcolor>
						<align>left</align>
						<label>$INFO[ListItem.Label]</label>
					</control>
					<control type="label">
						<posx>100</posx>
						<posy>30</posy>
						<width>260</width>
						<height>25</height>
						<font>font10</font>
						<aligny>center</aligny>
						<selectedcolor>orange</selectedcolor>
						<textcolor>grey2</textcolor>
						<align>left</align>
						<label>$LOCALIZE[31303]</label>
						<visible>!IsEmpty(ListItem.Label2)</visible>
					</control>
					<control type="label">
						<posx>100</posx>
						<posy>55</posy>
						<width>260</width>
						<height>25</height>
						<font>font12</font>
						<aligny>center</aligny>
						<selectedcolor>orange</selectedcolor>
						<textcolor>grey2</textcolor>
						<align>left</align>
						<label>$INFO[ListItem.Label2]</label>
					</control>
				</itemlayout>
				<focusedlayout height="92" width="370">
					<control type="image">
						<posx>0</posx>
						<posy>0</posy>
						<width>370</width>
						<height>90</height>
						<texture>wide-thumb-focus.png</texture>
					</control>
					<control type="image">
						<posx>15</posx>
						<posy>10</posy>
						<width>70</width>
						<height>70</height>
						<texture fallback="unknown-user.png">$INFO[ListItem.Icon]</texture>
					</control>
					<control type="label">
						<posx>100</posx>
						<posy>5</posy>
						<width>260</width>
						<height>25</height>
						<font>font13</font>
						<aligny>center</aligny>
						<textcolor>black</textcolor>
						<selectedcolor>orange</selectedcolor>
						<align>left</align>
						<label>$INFO[ListItem.Label]</label>
					</control>
					<control type="label">
						<posx>100</posx>
						<posy>30</posy>
						<width>260</width>
						<height>25</height>
						<font>font10</font>
						<aligny>center</aligny>
						<selectedcolor>orange</selectedcolor>
						<textcolor>black</textcolor>
						<align>left</align>
						<label>$LOCALIZE[31303]</label>
						<visible>!IsEmpty(ListItem.Label2)</visible>
					</control>
					<control type="label">
						<posx>100</posx>
						<posy>55</posy>
						<width>260</width>
						<height>25</height>
						<font>font12</font>
						<aligny>center</aligny>
						<selectedcolor>orange</selectedcolor>
						<textcolor>black</textcolor>
						<align>left</align>
						<label>$INFO[ListItem.Label2]</label>
					</control>
				</focusedlayout>
			</control>
		</control>
		<control type="group">
			<posx>130r</posx>
			<posy>115r</posy>
			<animation effect="fade" delay="500" time="HomeVisibleFadeAnimationSpeed">WindowOpen</animation>
			<animation effect="fade" start="0" end="0" time="0">WindowClose</animation>
			<animation effect="slide" start="0,0" end="-100,0" time="200" condition="Player.HasAudio">Conditional</animation>
			<animation effect="slide" start="0,0" end="-100,0" time="200" condition="Player.HasVideo + VideoPlayer.Content(Movies)">Conditional</animation>
			<animation effect="slide" start="0,0" end="-160,0" time="200" condition="Player.HasVideo + !VideoPlayer.Content(Movies)">Conditional</animation>
			<control type="label">
				<description>Page Count Label NoFocus</description>
				<posx>-10</posx>
				<posy>5</posy>
				<width>500</width>
				<height>20</height>
				<font>font12</font>
				<textcolor>white</textcolor>
				<scroll>false</scroll>
				<align>right</align>
				<aligny>center</aligny>
				<label>($INFO[Container(2).NumItems]) $LOCALIZE[31200] - $LOCALIZE[31201] ($INFO[Container(2).CurrentPage]/$INFO[Container(2).NumPages])</label>
				<visible>!Control.HasFocus(60)</visible>
			</control>
			<control type="label">
				<description>Page Count Label Focus</description>
				<posx>-10</posx>
				<posy>5</posy>
				<width>500</width>
				<height>20</height>
				<font>font12</font>
				<textcolor>orange</textcolor>
				<scroll>false</scroll>
				<align>right</align>
				<aligny>center</aligny>
				<label>($INFO[Container(2).NumItems]) $LOCALIZE[31200] - $LOCALIZE[31201] ($INFO[Container(2).CurrentPage]/$INFO[Container(2).NumPages])</label>
				<visible>Control.HasFocus(60)</visible>
			</control>
			<control type="spincontrol" id="60">
				<description>Next page button</description>
				<posx>0</posx>
				<posy>0</posy>
				<subtype>page</subtype>
				<font>-</font>
				<onleft>2</onleft>
				<onright>9000</onright>
				<ondown>60</ondown>
				<onup>2</onup>
				<textcolor>red</textcolor>
				<showonepage>true</showonepage>
			</control>
		</control>
		<control type="group">
			<include>SettingsToSubBlades</include>
		</control>
		<include>Common_Now_Playing</include>
	</controls>
</window>