<window id="136">
	<defaultcontrol always="true">22</defaultcontrol>
	<allowoverlay>no</allowoverlay>
	<coordinates>
		<system>1</system>
		<posx>240</posx>
		<posy>30</posy>
	</coordinates>
	<include>dialogeffect</include>
	<controls>
		<control type="group">
			<animation effect="fade" start="100" end="0" time="200" condition="Window.IsActive(SmartPlaylistRule)">Conditional</animation>
			<control type="image">
				<description>background image</description>
				<posx>0</posx>
				<posy>0</posy>
				<width>800</width>
				<height>660</height>
				<texture border="50,100,50,50">Dialog.png</texture>
			</control>
			<control type="label" id="2">
				<description>heading label</description>
				<posx>50</posx>
				<posy>50</posy>
				<width>700</width>
				<height>30</height>
				<align>center</align>
				<aligny>center</aligny>
				<font>font16</font>
				<label>21432</label>
				<textcolor>orange</textcolor>
			</control>
			<control type="spincontrolex" id="22">
				<description>Set Playlist type</description>
				<posx>50</posx>
				<posy>100</posy>
				<width>700</width>
				<height>45</height>
				<label>467</label>
				<font>font12</font>
				<focusedcolor>black</focusedcolor>
				<texturefocus border="10">list-focus.png</texturefocus>
				<texturenofocus border="10">list-nofocus.png</texturenofocus>
				<onright>22</onright>
				<onleft>22</onleft>
				<onup>9001</onup>
				<ondown>12</ondown>
			</control>
			<control type="label" id="0">
				<description>Name Label</description>
				<posx>60</posx>
				<posy>150</posy>
				<width>380</width>
				<font>font12</font>
				<label>21433</label>
				<textcolor>grey2</textcolor>
			</control>
			<control type="edit" id="12">
				<description>Name Button</description>
				<posx>50</posx>
				<posy>180</posy>
				<width>700</width>
				<height>45</height>
				<font>font12</font>
				<aligny>center</aligny>
				<focusedcolor>black</focusedcolor>
				<texturefocus border="10">list-focus.png</texturefocus>
				<texturenofocus border="10">list-nofocus.png</texturenofocus>
				<label>-</label>
				<onup>22</onup>
				<onleft>12</onleft>
				<onright>12</onright>
				<ondown>10</ondown>
			</control>
			<control type="label">
				<description>rules label</description>
				<posx>60</posx>
				<posy>230</posy>
				<width>680</width>
				<align>left</align>
				<font>font12</font>
				<label>21434</label>
				<textcolor>grey2</textcolor>
			</control>
			<control type="list" id="10">
				<description>Rules List Control</description>
				<posx>50</posx>
				<posy>260</posy>
				<width>565</width>
				<height>135</height>
				<onup>12</onup>
				<onleft>9000</onleft>
				<onright>9000</onright>
				<ondown>16</ondown>
				<itemlayout width="565" height="40">
					<control type="image">
						<posx>0</posx>
						<posy>0</posy>
						<width>540</width>
						<height>45</height>
						<texture border="10">list-nofocus.png</texture>
					</control>
					<control type="label">
						<posx>10</posx>
						<posy>0</posy>
						<width>520</width>
						<height>45</height>
						<aligny>center</aligny>
						<info>ListItem.Label</info>
						<selectedcolor>orange</selectedcolor>
						<font>font12</font>
					</control>
				</itemlayout>
				<focusedlayout width="565" height="40">
					<control type="image">
						<posx>0</posx>
						<posy>0</posy>
						<width>540</width>
						<height>45</height>
						<texture border="10">list-focus.png</texture>
						<visible>Control.HasFocus(10)</visible>
					</control>
					<control type="image">
						<posx>0</posx>
						<posy>0</posy>
						<width>540</width>
						<height>45</height>
						<texture border="10">list-nofocus.png</texture>
						<visible>!Control.HasFocus(10)</visible>
					</control>
					<control type="label">
						<posx>10</posx>
						<posy>0</posy>
						<width>520</width>
						<height>45</height>
						<aligny>center</aligny>
						<info>ListItem.Label</info>
						<textcolor>black</textcolor>
						<selectedcolor>orange</selectedcolor>
						<font>font12</font>
						<visible>Control.HasFocus(10)</visible>
					</control>
					<control type="label">
						<posx>10</posx>
						<posy>0</posy>
						<width>520</width>
						<height>45</height>
						<aligny>center</aligny>
						<info>ListItem.Label</info>
						<textcolor>white</textcolor>
						<selectedcolor>orange</selectedcolor>
						<font>font12</font>
						<visible>!Control.HasFocus(10)</visible>
					</control>
				</focusedlayout>
			</control>
			<control type="group" id="9000">
				<control type="button" id="13">
					<description>Add Rule Button</description>
					<posx>600</posx>
					<posy>260</posy>
					<height>45</height>
					<width>150</width>
					<label>15019</label>
					<align>center</align>
					<aligny>center</aligny>
					<texturefocus border="10">button-focus.png</texturefocus>
					<texturenofocus border="10">button-nofocus.png</texturenofocus>
					<onup>17</onup>
					<onleft>10</onleft>
					<onright>10</onright>
					<ondown>14</ondown>
				</control>
				<control type="button" id="14">
					<description>Remove Rule Button</description>
					<posx>600</posx>
					<posy>305</posy>
					<height>45</height>
					<width>150</width>
					<label>1210</label>
					<align>center</align>
					<aligny>center</aligny>
					<texturefocus border="10">button-focus.png</texturefocus>
					<texturenofocus border="10">button-nofocus.png</texturenofocus>
					<onup>13</onup>
					<onleft>10</onleft>
					<onright>10</onright>
					<ondown>15</ondown>
				</control>
				<control type="button" id="15">
					<description>Edit Rule Button</description>
					<posx>600</posx>
					<posy>350</posy>
					<height>45</height>
					<width>150</width>
					<label>21435</label>
					<align>center</align>
					<aligny>center</aligny>
					<texturefocus border="10">button-focus.png</texturefocus>
					<texturenofocus border="10">button-nofocus.png</texturenofocus>
					<onup>14</onup>
					<onleft>10</onleft>
					<onright>10</onright>
					<ondown>16</ondown>
				</control>
			</control>

			<control type="spincontrolex" id="16">
				<posx>50</posx>
				<posy>405</posy>
				<width>700</width>
				<height>45</height>
				<label>21424</label>
				<font>font12</font>
				<focusedcolor>black</focusedcolor>
				<texturefocus border="10">list-focus.png</texturefocus>
				<texturenofocus border="10">list-nofocus.png</texturenofocus>
				<onright>16</onright>
				<onleft>16</onleft>
				<onup>10</onup>
				<ondown>17</ondown>
			</control>

			<control type="spincontrolex" id="17">
				<posx>50</posx>
				<posy>450</posy>
				<width>700</width>
				<height>45</height>
				<label>21427</label>
				<font>font12</font>
				<focusedcolor>black</focusedcolor>
				<texturefocus border="10">list-focus.png</texturefocus>
				<texturenofocus border="10">list-nofocus.png</texturenofocus>
				<onright>17</onright>
				<onleft>17</onleft>
				<onup>16</onup>
				<ondown>18</ondown>
			</control>

			<control type="spincontrolex" id="18">
				<posx>50</posx>
				<posy>495</posy>
				<width>540</width>
				<height>45</height>
				<label>21429</label>
				<font>font12</font>
				<focusedcolor>black</focusedcolor>
				<texturefocus border="10">list-focus.png</texturefocus>
				<texturenofocus border="10">list-nofocus.png</texturenofocus>
				<onright>19</onright>
				<onleft>19</onleft>
				<onup>17</onup>
				<ondown>9001</ondown>
			</control>

			<control type="togglebutton" id="19">
				<posx>590</posx>
				<posy>495</posy>
				<width>160</width>
				<height>45</height>
				<font>font12</font>
				<focusedcolor>black</focusedcolor>
				<align>center</align>
				<aligny>center</aligny>
				<texturefocus border="10">list-focus.png</texturefocus>
				<texturenofocus border="10">list-nofocus.png</texturenofocus>
				<alttexturefocus border="10">list-focus.png</alttexturefocus>
				<alttexturenofocus border="10">list-nofocus.png</alttexturenofocus>
				<label>21431</label>
				<altlabel>21430</altlabel>
				<onright>18</onright>
				<onleft>18</onleft>
				<onup>17</onup>
				<ondown>9001</ondown>
			</control>
			<control type="group" id="9001">
				<posx>195</posx>
				<posy>560</posy>
				<control type="button" id="20">
					<description>Ok Button</description>
					<posx>0</posx>
					<posy>0</posy>
					<width>200</width>
					<height>45</height>
					<align>center</align>
					<aligny>center</aligny>
					<texturefocus border="10">button-focus.png</texturefocus>
					<texturenofocus border="10">button-nofocus.png</texturenofocus>
					<label>186</label>
					<onup>18</onup>
					<onleft>21</onleft>
					<onright>21</onright>
					<ondown>22</ondown>
				</control>
				<control type="button" id="21">
					<description>Cancel Button</description>
					<posx>210</posx>
					<posy>0</posy>
					<width>200</width>
					<height>45</height>
					<align>center</align>
					<aligny>center</aligny>
					<texturefocus border="10">button-focus.png</texturefocus>
					<texturenofocus border="10">button-nofocus.png</texturenofocus>
					<label>222</label>
					<onup>18</onup>
					<onleft>20</onleft>
					<onright>20</onright>
					<ondown>22</ondown>
				</control>
			</control>
		</control>
	</controls>
</window>