<window id="127">
	<defaultcontrol>5</defaultcontrol>
	<coordinates>
		<system>1</system>
		<posx>290</posx>
		<posy>60</posy>
	</coordinates>
	<include>dialogeffect</include>
	<controls>
		<control type="image">
			<description>background image</description>
			<posx>0</posx>
			<posy>0</posy>
			<width>700</width>
			<height>600</height>
			<texture border="50,100,50,50">Dialog.png</texture>
		</control>
		<control type="label">
			<description>heading label</description>
			<posx>50</posx>
			<posy>50</posy>
			<width>600</width>
			<height>30</height>
			<align>center</align>
			<aligny>center</aligny>
			<font>font16</font>
			<label>$LOCALIZE[12015]</label>
			<textcolor>orange</textcolor>
		</control>
		<control type="label" id="3">
			<description>No Settings Label</description>
			<posx>80</posx>
			<posy>50</posy>
			<width>600</width>
			<height>30</height>
			<align>center</align>
			<label>12016</label>
			<font>font12</font>
		</control>
		<control type="grouplist" id="5">
			<description>control area</description>
			<posx>50</posx>
			<posy>100</posy>
			<width>600</width>
			<height>385</height>
			<itemgap>0</itemgap>
			<pagecontrol>-</pagecontrol>
			<onleft>28</onleft>
			<onright>28</onright>
			<onup>28</onup>
			<ondown>28</ondown>
		</control>
		<control type="button" id="7">
			<description>Default Button</description>
			<posx>0</posx>
			<posy>0</posy>
			<height>45</height>
			<font>font12</font>
			<focusedcolor>black</focusedcolor>
			<texturefocus border="10">list-focus.png</texturefocus>
			<texturenofocus border="10">list-nofocus.png</texturenofocus>
		</control>
		<control type="radiobutton" id="8">
			<description>Default RadioButton</description>
			<posx>0</posx>
			<posy>0</posy>
			<height>45</height>
			<font>font12</font>
			<focusedcolor>black</focusedcolor>
			<texturefocus border="10">list-focus.png</texturefocus>
			<texturenofocus border="10">list-nofocus.png</texturenofocus>
		</control>
		<control type="spincontrolex" id="9">
			<description>Default SpinControlex</description>
			<posx>0</posx>
			<posy>0</posy>
			<height>45</height>
			<texturefocus border="10">list-focus.png</texturefocus>
			<texturenofocus border="10">list-nofocus.png</texturenofocus>
			<font>font12</font>
			<focusedcolor>black</focusedcolor>
			<disabledcolor>disabled</disabledcolor>
			<reverse>yes</reverse>
		</control>
		<control type="sliderex" id="10">
			<description>Default Slider</description>
			<height>35</height>
			<texturefocus border="3">button-focus.png</texturefocus>
			<texturenofocus border="3">button-nofocus.png</texturenofocus>
			<font>font12</font>
			<focusedcolor>black</focusedcolor>
			<disabledcolor>disabled</disabledcolor>
		</control>
		<control type="image" id="11">
			<description>separator image</description>
			<width>350</width>
			<height>5</height>
			<texture>separator.png</texture>
		</control>
		<control type="button" id="28">
			<description>Ok Button</description>
			<posx>147</posx>
			<posy>500</posy>
			<width>200</width>
			<height>45</height>
			<align>center</align>
			<aligny>center</aligny>
			<texturefocus border="10">button-focus.png</texturefocus>
			<texturenofocus border="10">button-nofocus.png</texturenofocus>
			<label>186</label>
			<onleft>29</onleft>
			<onright>29</onright>
			<onup>5</onup>
			<ondown>5</ondown>
		</control>
		<control type="button" id="29">
			<description>Cancel Button</description>
			<posx>352</posx>
			<posy>500</posy>
			<width>200</width>
			<height>45</height>
			<align>center</align>
			<aligny>center</aligny>
			<texturefocus border="10">button-focus.png</texturefocus>
			<texturenofocus border="10">button-nofocus.png</texturenofocus>
			<label>222</label>
			<onleft>28</onleft>
			<onright>28</onright>
			<onup>5</onup>
			<ondown>5</ondown>
		</control>
	</controls>
</window>