<window id="122">
	<defaultcontrol>2</defaultcontrol>
	<coordinates>
		<system>1</system>
		<posx>290</posx>
		<posy>40</posy>
	</coordinates>
	<include>dialogeffect</include>
	<controls>
		<control type="image">
			<description>background image</description>
			<posx>0</posx>
			<posy>0</posy>
			<width>700</width>
			<height>640</height>
			<colordiffuse>EEFFFFFF</colordiffuse>
			<texture border="50,100,50,50">Dialog.png</texture>
			<animation effect="fade" start="90" end="90" time="0" condition="Window.IsVisible(Visualisation)">Conditional</animation>
		</control>
		<control type="label" id="3">
			<description>heading label</description>
			<posx>50</posx>
			<posy>50</posy>
			<width>600</width>
			<height>30</height>
			<align>center</align>
			<aligny>center</aligny>
			<font>font16</font>
			<textcolor>orange</textcolor>
		</control>
		<control type="label" id="4">
			<description>No Presets label</description>
			<posx>50</posx>
			<posy>100</posy>
			<width>600</width>
			<height>200</height>
			<label>13389</label>
			<align>center</align>
			<aligny>center</aligny>
			<font>font16</font>
			<textcolor>white</textcolor>
		</control>
		<control type="list" id="2">
			<posx>50</posx>
			<posy>100</posy>
			<width>600</width>
			<height>450</height>
			<onleft>60</onleft>
			<onright>60</onright>
			<onup>2</onup>
			<ondown>2</ondown>
			<pagecontrol>60</pagecontrol>
			<scrolltime>200</scrolltime>
			<itemlayout height="45">
				<control type="image">
					<posx>0</posx>
					<posy>0</posy>
					<width>600</width>
					<height>45</height>
					<texture border="10">list-nofocus.png</texture>
				</control>
				<control type="label">
					<posx>10</posx>
					<posy>0</posy>
					<width>580</width>
					<height>45</height>
					<font>font12</font>
					<align>left</align>
					<aligny>center</aligny>
					<selectedcolor>orange</selectedcolor>
					<info>ListItem.Label</info>
				</control>
			</itemlayout>
			<focusedlayout height="45">
				<control type="image">
					<posx>0</posx>
					<posy>0</posy>
					<width>600</width>
					<height>45</height>
					<visible>!Control.HasFocus(2)</visible>
					<texture border="10">list-nofocus.png</texture>
				</control>
				<control type="image">
					<posx>0</posx>
					<posy>0</posy>
					<width>600</width>
					<height>45</height>
					<visible>Control.HasFocus(2)</visible>
					<texture border="10">list-focus.png</texture>
				</control>
				<control type="label">
					<posx>10</posx>
					<posy>0</posy>
					<width>580</width>
					<height>45</height>
					<font>font12</font>
					<align>left</align>
					<aligny>center</aligny>
					<textcolor>black</textcolor>
					<selectedcolor>orange</selectedcolor>
					<info>ListItem.Label</info>
					<visible>Control.HasFocus(2)</visible>
				</control>
				<control type="label">
					<posx>10</posx>
					<posy>0</posy>
					<width>580</width>
					<height>45</height>
					<font>font12</font>
					<align>left</align>
					<aligny>center</aligny>
					<textcolor>white</textcolor>
					<selectedcolor>orange</selectedcolor>
					<info>ListItem.Label</info>
					<visible>!Control.HasFocus(2)</visible>
				</control>
			</focusedlayout>
		</control>
		<control type="spincontrol" id="60">
			<description>Next page Spinner</description>
			<posx>580</posx>
			<posy>557</posy>
			<subtype>page</subtype>
			<font>-</font>
			<onleft>2</onleft>
			<onright>2</onright>
			<ondown>2</ondown>
			<onup>60</onup>
			<textcolor>white</textcolor>
			<showonepage>true</showonepage>
		</control>
		<control type="label">
			<description>number of files/pages in list text label</description>
			<posx>575</posx>
			<posy>555</posy>
			<width>320</width>
			<height>35</height>
			<font>font12</font>
			<align>right</align>
			<aligny>center</aligny>
			<scroll>true</scroll>
			<textcolor>white</textcolor>
			<label>$LOCALIZE[31201] ($INFO[Container(2).CurrentPage]/$INFO[Container(2).NumPages])</label>
		</control>
	</controls>
</window>