<colors>

	<color name="DisabledText">FF404040</color>
	<color name="Text">FFFFFFFF</color>
	<color name="TextSeek">FF2F2F2F</color>
	<color name="TextSelectedItem">FFFFFFFF</color>
	<color name="TextShadow">FF000000</color>
	<color name="TextNegative">FF000000</color>
	<color name="TextMediun">FF808080</color>
	<color name="Highlight">FFFF0033</color>

	<color name="KeyboardText">FF909090</color>
	<color name="KeyboardHighlight">FFFF0033</color>
	<color name="KeyboardDarkText">FF000000</color>
	
	<color name="BackgroundDiffuse">33FFFFFF</color>
	<color name="LibraryPanelDiffuse">40FFFFFF</color>
	<color name="InfoPanelDiffuse">B0FFFFFF</color>

	<color name="ClockDateTime">FFEEEEEE</color>

</colors>
