<window>
	<id>2003</id>
	<defaultcontrol>5</defaultcontrol>
	<allowoverlay>yes</allowoverlay>
	<zorder>true</zorder>
	<include>dialog-effect</include> 
	<controls>

<control type="group">
<visible>!system.platform.xbox</visible>
<visible>!Container.OnNext + !Container.OnPrevious</visible>

<control type="image" description="Fanart Image">
<posx>0</posx>
<posy>0</posy>
<width>720</width>
<height>576</height>
<aspectratio>scale</aspectratio>
<texture>$INFO[ListItem.Property(Fanart_Image)]</texture>
<visible>!IsEmpty(ListItem.Property(Fanart_Image))</visible>
<animation effect="fade" time="400">WindowOpen</animation>
<animation effect="fade" time="200">WindowClose</animation>
</control>

<control type="image" description="Fanart Image">
<posx>0</posx>
<posy>0</posy>
<width>720</width>
<height>576</height>
<aspectratio>scale</aspectratio>
<texture>$INFO[Fanart.image]</texture>
<visible>container.content(episodes)</visible>
<animation effect="fade" time="400">WindowOpen</animation>
<animation effect="fade" time="200">WindowClose</animation>
</control>


</control>



<control type="group">
<animation effect="slide" time="600" start="650,0" end="0,0" acceleration="-1" condition="!Skin.HasSetting(animated)">WindowOpen</animation>
<animation effect="slide" time="600" start="0,0" end="730,0" acceleration="-1" condition="!Skin.HasSetting(animated)">WindowClose</animation>

<control type="image" description="Fanart Image">
<posx>0</posx>
<posy>0</posy>
<width>720</width>
<height>576</height>
<texture>background2.png</texture>
<visible>IsEmpty(ListItem.Property(Fanart_Image))</visible>
<visible>!container.content(episodes)</visible>
<visible>!system.platform.xbox</visible>
<animation effect="fade" time="200">WindowOpen</animation>
<animation effect="fade" time="200">WindowClose</animation>
</control>


<control type="image">
		<description>background</description>
		<posx>-2</posx>
		<posy>0</posy>
		<width>726</width>
		<height>578</height>
		<texture>blackgloss.png</texture>
		<visible>!system.platform.xbox</visible>
		<aspectratio>stretch</aspectratio>
		<colordiffuse>e1ffffff</colordiffuse>
		</control>

		<control type="image">
		<description>background</description>
		<posx>-2</posx>
		<posy>0</posy>
		<width>726</width>
		<height>578</height>
		<texture>blackgloss.png</texture>
		<visible>system.platform.xbox</visible>
		<aspectratio>stretch</aspectratio>
		</control>


			<control type="group">
			<posx>0</posx>
			<posy>0</posy>
			<control type="label" id="20">
				<description>Movie Title value</description>
				<posx>150</posx>
				<posy>70</posy>
				<width>405</width>
				<label>-</label>
				<font>Heading-M</font>
				<scroll>true</scroll>
				<visible>!container.content(tvshows) + !container.content(episodes) + !container.content(musicvideos)</visible>
			</control>
			<control type="label" id="1">
				<description>Director txt</description>
				<posx>150</posx>
				<posy>103</posy>
				<width>105</width>
				<label>$LOCALIZE[20339]:</label>
				<font>fontKB</font>
				<visible>!container.content(tvshows) + !container.content(episodes) + !container.content(musicvideos)</visible>
			</control>
			<control type="label" id="1">
				<description>Writing Credits txt</description>
				<posx>150</posx>
				<posy>123</posy>
				<width>105</width>
				<label>$LOCALIZE[20417]:</label>
				<font>fontKB</font>
				<visible>!container.content(tvshows) + !container.content(episodes) + !container.content(musicvideos)</visible>
			</control>
			<control type="label" id="1">
				<description>Genre txt</description>
				<posx>150</posx>
				<posy>143</posy>
				<width>105</width>
				<label>$LOCALIZE[515]:</label>
				<font>fontKB</font>
				<visible>!container.content(tvshows) + !container.content(episodes) + !container.content(musicvideos)</visible>
			</control>
			<control type="label" id="1">
				<description>Year</description>
				<posx>150</posx>
				<posy>163</posy>
				<width>105</width>
				<label>$LOCALIZE[562]:</label>
				<font>fontKB</font>
				<visible>!container.content(tvshows) + !container.content(episodes) + !container.content(musicvideos)</visible>
			</control>
			<control type="label" id="1">
				<description>TagLine txt</description>
				<posx>150</posx>
				<posy>183</posy>
				<width>105</width>
				<label>$LOCALIZE[202]:</label>
				<font>fontKB</font>
				<visible>!container.content(tvshows) + !container.content(episodes) + !container.content(musicvideos)</visible>
			</control>
			<control type="label" id="1">
				<description>PlotOutline txt</description>
				<posx>150</posx>
				<posy>203</posy>
				<width>105</width>
				<label>$LOCALIZE[203]:</label>
				<font>fontKB</font>
				<visible>!container.content(tvshows) + !container.content(episodes) + !container.content(musicvideos)</visible>
			</control>
			
			<control type="label" id="1">
				<description>Runtime txt</description>
				<posx>150</posx>
				<posy>223</posy>
				<width>105</width>
				<label>$LOCALIZE[2050]:</label>
				<font>font12</font>
				<visible>!container.content(tvshows) + !container.content(episodes) + !container.content(musicvideos)</visible>
			</control>
			
			<control type="label" id="21">
				<description>Director value</description>
				<posx>260</posx>
				<posy>103</posy>
				<width>255</width>
				<label>-</label>
				<font>font12</font>
				<scroll>true</scroll>
				<visible>!container.content(tvshows) + !container.content(episodes) + !container.content(musicvideos)</visible>
			</control>
			<control type="label" id="22">
				<description>Writing Credits value</description>
				<posx>260</posx>
				<posy>123</posy>
				<width>435</width>
				<label>-</label>
				<font>font12</font>
				<scroll>true</scroll>
				<visible>!container.content(tvshows) + !container.content(episodes) + !container.content(musicvideos)</visible>
			</control>
			<control type="label" id="23">
				<description>Genre value</description>
				<posx>260</posx>
				<posy>143</posy>
				<width>245</width>
				<label>-</label>
				<font>font12</font>
				<scroll>true</scroll>
				<visible>!container.content(tvshows) + !container.content(episodes) + !container.content(musicvideos)</visible>
			</control>
			<control type="label" id="24">
				<description>Year value</description>
				<posx>260</posx>
				<posy>163</posy>
				<width>245</width>
				<label>-</label>
				<font>font12</font>
				<scroll>true</scroll>
				<visible>!container.content(tvshows) + !container.content(episodes) + !container.content(musicvideos)</visible>
			</control>
			<control type="label" id="25">
				<description>TagLine value</description>
				<posx>260</posx>
				<posy>183</posy>
				<width>435</width>
				<label>-</label>
				<font>font12</font>
				<scroll>true</scroll>
				<visible>!container.content(tvshows) + !container.content(episodes) + !container.content(musicvideos)</visible>
			</control>
			<control type="label" id="26">
				<description>PlotOutline value</description>
				<posx>260</posx>
				<posy>203</posy>
				<width>435</width>
				<label>-</label>
				<font>font12</font>
				<scroll>true</scroll>
				<visible>!container.content(tvshows) + !container.content(episodes) + !container.content(musicvideos)</visible>
			</control>
			
			<control type="label" id="31">
				<description>Runtime value</description>
				<posx>260</posx>
				<posy>223</posy>
				<width>235</width>
				<label>-</label>
				<font>font12</font>
				<scroll>true</scroll>
				<visible>!container.content(tvshows) + !container.content(episodes) + !container.content(musicvideos)</visible>
			</control>
			

<control type="label" id="1">
<description>Rating txt</description>
<posx>150</posx>
<posy>245</posy>
<width>101</width>
<label>$LOCALIZE[563]:</label>
<font>font12</font>
<visible>!container.content(tvshows) + !container.content(episodes) + !container.content(musicvideos)</visible>
</control>

<control type="image" description="Ratings Image">
<posx>260</posx>
<posy>225</posy>
<width>110</width>
<height>60</height>
<info>ListItem.StarRating</info>
<aspectratio>keep</aspectratio>
<visible>!container.content(tvshows) + !container.content(episodes) + !container.content(musicvideos)</visible>
</control>


			<control type="image">
                <posx>501</posx>
				<posy>200</posy>
				<width>200</width>
				<height>110</height>
				<aspectratio align="bottom">keep</aspectratio>
				<texture>R.png</texture>
                <visible>substring(listitem.mpaa,Rated R)</visible>
				<visible>!container.content(tvshows) + !container.content(episodes) + !container.content(musicvideos)</visible>
		</control>

		<control type="image">
                <posx>500</posx>
				<posy>195</posy>
				<width>200</width>
				<height>120</height>
				<aspectratio align="bottom">keep</aspectratio>
				<texture>PG-13.png</texture>
                <visible>substring(listitem.mpaa,Rated PG-13)</visible>
				<visible>!container.content(tvshows) + !container.content(episodes) + !container.content(musicvideos)</visible>
		</control>

		<control type="image">
              <posx>501</posx>
				<posy>195</posy>
				<width>200</width>
				<height>120</height>
				<aspectratio align="bottom">keep</aspectratio>
				<texture>PG.png</texture>
                <visible>substring(listitem.mpaa,Rated PG) + !substring(listitem.mpaa,Rated PG-13)</visible>
				<visible>!container.content(tvshows) + !container.content(episodes) + !container.content(musicvideos)</visible>
		</control>

		<control type="image">
                <posx>501</posx>
				<posy>195</posy>
				<width>200</width>
				<height>120</height>
				<aspectratio align="bottom">keep</aspectratio>
				<texture>NR.png</texture>
                <visible>substring(listitem.mpaa,Rated NR)</visible>
				<visible>!container.content(tvshows) + !container.content(episodes) + !container.content(musicvideos)</visible>
		</control>

		<control type="image">
               <posx>501</posx>
				<posy>195</posy>
				<width>200</width>
				<height>120</height>
				<aspectratio align="bottom">keep</aspectratio>
				<texture>NC-17.png</texture>
                <visible>substring(listitem.mpaa,Rated NC-18)</visible>
				<visible>!container.content(tvshows) + !container.content(episodes) + !container.content(musicvideos)</visible>
		</control>

		<control type="image">
                <posx>501</posx>
				<posy>195</posy>
				<width>200</width>
				<height>120</height>
				<aspectratio align="bottom">keep</aspectratio>
				<texture>G.png</texture>
                <visible>substring(listitem.mpaa,Rated G)</visible>
				<visible>!container.content(tvshows) + !container.content(episodes) + !container.content(musicvideos)</visible>
		</control>

		<control type="image">
<posx>25</posx>
<posy>75</posy>
<width>106</width>
<height>208</height>
<info>ListItem.thumb</info>
<texture diffuse="mask wall.png">defaultdvdposter.png</texture>
<aspectratio>stretch</aspectratio>
<visible>container.content(movies)</visible>
</control>

<control type="image">
<posx>25</posx>
<posy>75</posy>
<width>106</width>
<height>208</height>
<texture>mask glass wall.png</texture>
<aspectratio>stretch</aspectratio>
<visible>container.content(movies)</visible>
</control>
			
			
			
			<control type="image">
				<description>Actor image</description>
				<posx>591</posx>
				<posy>305</posy>
				<width>94</width>
				<height>164</height>
				<texture>$INFO[Container(50).ListItem.Icon]</texture>
				<aspectratio>keep</aspectratio>
				<align>center</align>
				<visible>control.isvisible(50) + !container.content(tvshows) + !container.content(episodes) + !container.content(musicvideos)</visible>
			</control>

			<control type="image" id="34">
				<description>Actor image</description>
				<posx>591</posx>
				<posy>305</posy>
				<width>94</width>
				<height>164</height>
				<texture>$INFO[Container(50).ListItem.Icon]</texture>
				<aspectratio>keep</aspectratio>
				<align>center</align>
				<visible>control.isvisible(50) + container.content(episodes)</visible>
			</control>

			<control type="image">
				<posx>18</posx>
				<posy>287</posy>
				<width>685</width>
				<height>10</height>
				<texture>separator.png</texture>
				<visible>!container.content(tvshows) + !container.content(episodes) + !container.content(musicvideos)</visible>
			</control>
			<control type="textbox" id="4">
				<description>textarea</description>
				<posx>20</posx>
				<posy>300</posy>
				<width>680</width>
				<height>167.14</height>
				<onleft>5</onleft>
				<onright>50</onright>
				<onup>5</onup>
				<ondown>5</ondown>
				<align>justify</align>
				<pagecontrol>90</pagecontrol>
		       <autoscroll time="6000" delay="28000" repeat="15000"></autoscroll>
				<visible>!control.isvisible(50) + !container.content(tvshows) + !container.content(episodes) + !container.content(musicvideos)</visible>
			</control>
		</control>
		
		
		<control type="group">
        <visible>container.content(tvshows)</visible>
        <visible>!Skin.HasSetting(TV Poster)</visible>
			<posx>0</posx>
			<posy>0</posy>
			
			<control type="image" id="3">
				<description>TV Show Banner image</description>
				<posx>100</posx>
				<posy>95</posy>
				<width>520</width>
				<height>120</height>
				<align>center</align>
				<info>ListItem.thumb</info>
                <texture diffuse="Mask wide.png">default wide poster.png</texture>
                <aspectratio>stretch</aspectratio>
				<visible>container.content(tvshows)</visible>
			</control>

			<control type="image" id="3">
				<description>TV Show Banner image</description>
				<posx>100</posx>
				<posy>95</posy>
				<width>520</width>
				<height>120</height>
				<align>center</align>
				<texture>mask glass wide.png</texture>
                <aspectratio>stretch</aspectratio>
				<visible>container.content(tvshows)</visible>
			</control>

			
				<control type="label" id="20">
				<description>TV Show Title value</description>
				<posx>20</posx>
				<posy>73</posy>
				<width>680</width>
				<label>-</label>
				<font>Heading-M</font>
				<align>center</align>
				<aligny>center</aligny>
				<scroll>true</scroll>
				<visible>container.content(tvshows)</visible>
			</control>

			<control type="image" id="0">
				<description>TV Show Banner image</description>
				<posx>18</posx>
				<posy>85</posy>
				<width>685</width>
				<height>10</height>
				<texture>separator.png</texture>
				<visible>container.content(tvshows)</visible>
			</control>
                
			<control type="image" id="0">
				<description>TV Show Banner image</description>
				<posx>18</posx>
				<posy>215</posy>
				<width>685</width>
				<height>10</height>
				<texture>separator.png</texture>
				<visible>container.content(tvshows)</visible>
			</control>

			<control type="label" id="1">
				<description>Episodes txt</description>
				<posx>20</posx>
				<posy>230</posy>
				<width>90</width>
				<label>$LOCALIZE[20360] :</label>
				<font>font13</font>
				<visible>container.content(tvshows)</visible>
			</control>
			<control type="label" id="1">
				<description>Episodes Value</description>
				<posx>120</posx>
				<posy>230</posy>
				<width>400</width>
				<label>$INFO[listitem.episode] ($INFO[ListItem.Property(WatchedEpisodes),, $LOCALIZE[16102]] - $INFO[ListItem.Property(UnWatchedEpisodes), , $LOCALIZE[16101]])</label>
				<font>font13</font>
				<visible>container.content(tvshows)</visible>
			</control>
			<control type="label" id="1">
				<description>First Aired txt</description>
				<posx>20</posx>
				<posy>255</posy>
				<width>90</width>
				<label>$LOCALIZE[20416] :</label>
				<font>font13</font>
				<visible>container.content(tvshows)</visible>
			</control>
			<control type="label" id="24">
				<description>First Aired Value</description>
				<posx>120</posx>
				<posy>255</posy>
				<width>400</width>
				<label>-</label>
				<font>font13</font>
				<visible>container.content(tvshows)</visible>
			</control>
			<control type="label" id="1">
				<description>Genre txt</description>
				<posx>20</posx>
				<posy>280</posy>
				<width>90</width>
				<label>$LOCALIZE[515] :</label>
				<font>font13</font>
				<visible>container.content(tvshows)</visible>
			</control>
			<control type="label" id="23">
				<description>Genre value</description>
				<posx>120</posx>
				<posy>280</posy>
				<width>400</width>
				<label></label>
				<font>font13</font>
				<visible>container.content(tvshows)</visible>
			</control>
			
			<control type="image" id="34">
				<description>Actor image</description>
				<posx>591</posx>
				<posy>305</posy>
				<width>94</width>
				<height>154</height>
				<texture>$INFO[Container(50).ListItem.Icon]</texture>
				<aspectratio>keep</aspectratio>
				<align>center</align>
				<visible>control.isvisible(50) + container.content(tvshows)</visible>
			</control>
			
			<control type="textbox" id="4">
				<description>textarea</description>
				<posx>20</posx>
				<posy>320</posy>
				<width>680</width>
				<height>130</height>
				<onleft>5</onleft>
				<onright>50</onright>
				<onup>5</onup>
				<ondown>5</ondown>
				<align>justify</align>
				<pagecontrol>90</pagecontrol>
		        <autoscroll time="6000" delay="28000" repeat="15000"></autoscroll>
				<visible>!control.isvisible(50) + container.content(tvshows)</visible>
			</control>
				</control>

<control type="group">
        <visible>container.content(tvshows)</visible>
        <visible>Skin.HasSetting(TV Poster)</visible>
			<posx>0</posx>
			<posy>0</posy>
			
<control type="image">
<posx>25</posx>
<posy>75</posy>
<width>106</width>
<height>208</height>
<info>ListItem.Icon</info>
<texture diffuse="mask wall.png">defaultdvdposter.png</texture>
<aspectratio>stretch</aspectratio>
</control>

<control type="image">
<posx>25</posx>
<posy>75</posy>
<width>106</width>
<height>208</height>
<texture>mask glass wall.png</texture>
<aspectratio>stretch</aspectratio>
</control>
			
			
		
				<control type="label" id="20">
				<description>TV Show Title value</description>
				<posx>160</posx>
				<posy>80</posy>
				<width>355</width>
				<label>-</label>
				<font>Heading-M</font>
				<scroll>true</scroll>
				<visible>container.content(tvshows)</visible>
			</control>

                

			<control type="label" id="1">
				<description>Episodes txt</description>
				<posx>160</posx>
				<posy>115</posy>
				<width>90</width>
				<label>$LOCALIZE[20360] :</label>
				<font>font13</font>
				<visible>container.content(tvshows)</visible>
			</control>
			<control type="label" id="1">
				<description>Episodes Value</description>
				<posx>260</posx>
				<posy>115</posy>
				<width>400</width>
				<label>$INFO[listitem.episode] ($INFO[ListItem.Property(WatchedEpisodes),, $LOCALIZE[16102]] - $INFO[ListItem.Property(UnWatchedEpisodes), , $LOCALIZE[16101]])</label>
				<font>font13</font>
				<visible>container.content(tvshows)</visible>
			</control>
			<control type="label" id="1">
				<description>First Aired txt</description>
				<posx>160</posx>
				<posy>140</posy>
				<width>90</width>
				<label>$LOCALIZE[20416] :</label>
				<font>font13</font>
				<visible>container.content(tvshows)</visible>
			</control>
			<control type="label" id="24">
				<description>First Aired Value</description>
				<posx>260</posx>
				<posy>140</posy>
				<width>400</width>
				<label>-</label>
				<font>font13</font>
				<visible>container.content(tvshows)</visible>
			</control>
			<control type="label" id="1">
				<description>Genre txt</description>
				<posx>160</posx>
				<posy>165</posy>
				<width>90</width>
				<label>$LOCALIZE[515] :</label>
				<font>font13</font>
				<visible>container.content(tvshows)</visible>
			</control>
			<control type="label" id="23">
				<description>Genre value</description>
				<posx>260</posx>
				<posy>165</posy>
				<width>400</width>
				<label></label>
				<font>font13</font>
				<visible>container.content(tvshows)</visible>
			</control>
			
			<control type="image" id="34">
				<description>Actor image</description>
				<posx>591</posx>
				<posy>305</posy>
				<width>94</width>
				<height>154</height>
				<texture>$INFO[Container(50).ListItem.Icon]</texture>
				<aspectratio>keep</aspectratio>
				<align>center</align>
				<visible>control.isvisible(50) + container.content(tvshows)</visible>
			</control>
			<control type="image">
				<posx>18</posx>
				<posy>292</posy>
				<width>685</width>
				<height>10</height>
				<texture>separator.png</texture>
				<visible>container.content(tvshows)</visible>
			</control>
			<control type="textbox" id="4">
				<description>textarea</description>
				<posx>20</posx>
				<posy>300</posy>
				<width>680</width>
				<height>167.14</height>
				<onleft>5</onleft>
				<onright>50</onright>
				<onup>5</onup>
				<ondown>5</ondown>
				<align>justify</align>
				<pagecontrol>90</pagecontrol>
		        <autoscroll time="6000" delay="28000" repeat="15000"></autoscroll>
				<visible>!control.isvisible(50) + container.content(tvshows)</visible>
			</control>
				</control>

		<control type="group">
			<posx>0</posx>
			<posy>-30</posy>
			
			
			<control type="image">
				<description>Cover image</description>
				<posx>450</posx>
				<posy>115</posy>
				<width>240</width>
				<height>200</height>
                <info>ListItem.Icon</info>
				<aspectratio>keep</aspectratio>
				<visible>container.content(episodes)</visible>
				<visible>IsEmpty(ListItem.Thumb)</visible>
			</control>

			<control type="image">
				<description>Cover image</description>
				<posx>450</posx>
				<posy>115</posy>
				<width>240</width>
				<height>200</height>
                <texture diffuse="Mask episode.png"></texture>
				<info>ListItem.thumb</info>
				<aspectratio scalediffuse="false">scale</aspectratio>
				<visible>container.content(episodes)</visible>
				<visible>!IsEmpty(ListItem.Thumb)</visible>
			</control>

<control type="image">
				<description>Cover image</description>
				<posx>450</posx>
				<posy>115</posy>
				<width>240</width>
				<height>200</height>
                <texture>Mask episode glass.png</texture>
				<aspectratio>stretch</aspectratio>
				<colordiffuse>77ffffff</colordiffuse>
				<visible>container.content(episodes)</visible>
			</control>

			
			<control type="label" id="1">
				<description>Tv ShowTitle value</description>
				<posx>20</posx>
				<posy>95</posy>
				<width>330</width>
				<info>ListItem.tvshowtitle</info>
				<font>Heading-M</font>
				<scroll>true</scroll>
				<visible>container.content(episodes)</visible>
			</control>
			<control type="label" id="20">
				<description>Title value</description>
				<posx>20</posx>
				<posy>125</posy>
				<width>330</width>
				<label>-</label>
				<font>Heading-S</font>
				<scroll>true</scroll>
				<visible>container.content(episodes)</visible>
			</control>
			<control type="label" id="1">
				<description>Episode txt</description>
				<posx>20</posx>
				<posy>175</posy>
				<width>90</width>
				<label>$LOCALIZE[20359]</label>
				<font>font12</font>
				<visible>container.content(episodes)</visible>
			</control>
			<control type="label" id="1">
				<description>Season txt</description>
				<posx>20</posx>
				<posy>195</posy>
				<width>90</width>
				<label>$LOCALIZE[20373]</label>
				<font>font12</font>
				<visible>container.content(episodes)</visible>
			</control>
			<control type="label" id="1">
				<description>Director txt</description>
				<posx>20</posx>
				<posy>215</posy>
				<width>90</width>
				<label>20339</label>
				<font>font12</font>
				<visible>container.content(episodes)</visible>
			</control>
			<control type="label" id="1">
				<description>Writing Credits txt</description>
				<posx>20</posx>
				<posy>235</posy>
				<width>90</width>
				<label>20417</label>
				<font>font12</font>
				<visible>container.content(episodes)</visible>
			</control>
			<control type="label" id="1">
				<description>Genre txt</description>
				<posx>20</posx>
				<posy>255</posy>
				<width>90</width>
				<label>515</label>
				<font>font12</font>
				<visible>container.content(episodes)</visible>
			</control>
			<control type="label" id="1">
				<description>Year</description>
				<posx>20</posx>
				<posy>275</posy>
				<width>90</width>
				<label>20416</label>
				<font>font12</font>
				<visible>container.content(episodes)</visible>
			</control>
			<control type="label" id="1">
				<description>Rating txt</description>
				<posx>20</posx>
				<posy>295</posy>
				<width>90</width>
				<label>563</label>
				<font>font12</font>
				<visible>container.content(episodes)</visible>
			</control>
			<control type="label" id="1">
				<description>Episode value</description>
				<posx>120</posx>
				<posy>178</posy>
				<width>230</width>
				<info>Listitem.Episode</info>
				<font>font12</font>
				<scroll>true</scroll>
				<visible>container.content(episodes)</visible>
			</control>
			<control type="label" id="1">
				<description>Sesson value</description>
				<posx>120</posx>
				<posy>195</posy>
				<width>230</width>
				<info>Listitem.Season</info>
				<font>font12</font>
				<scroll>true</scroll>
				<visible>container.content(episodes)</visible>
			</control>
			<control type="label" id="21">
				<description>Director value</description>
				<posx>120</posx>
				<posy>215</posy>
				<width>230</width>
				<label>-</label>
				<font>font12</font>
				<scroll>true</scroll>
				<visible>container.content(episodes)</visible>
			</control>
			<control type="label" id="22">
				<description>Writing Credits value</description>
				<posx>120</posx>
				<posy>235</posy>
				<width>230</width>
				<label>-</label>
				<font>font12</font>
				<scroll>true</scroll>
				<visible>container.content(episodes)</visible>
			</control>
			<control type="label" id="23">
				<description>Genre value</description>
				<posx>120</posx>
				<posy>255</posy>
				<width>230</width>
				<label>-</label>
				<font>font12</font>
				<scroll>true</scroll>
				<visible>container.content(episodes)</visible>
			</control>
			<control type="label" id="24">
				<description>Year value</description>
				<posx>120</posx>
				<posy>275</posy>
				<width>252</width>
				<label>-</label>
				<font>font12</font>
				<scroll>true</scroll>
				<visible>container.content(episodes)</visible>
			</control>
			<control type="label" id="30">
				<description>Rating and votes value</description>
				<posx>120</posx>
				<posy>295</posy>
				<width>230</width>
				<label>-</label>
				<font>font12</font>
				<scroll>true</scroll>
				<visible>container.content(episodes)</visible>
			</control>
			
			
			<control type="image">
				<posx>18</posx>
				<posy>322</posy>
				<width>685</width>
				<height>10</height>
				<texture>separator.png</texture>
				<visible>!container.content(tvshows) + container.content(episodes)</visible>
			</control>
			<control type="textbox" id="4">
				<description>textarea</description>
				<posx>20</posx>
				<posy>330</posy>
				<width>680</width>
				<height>167.14</height>
				<onleft>5</onleft>
				<onright>50</onright>
				<onup>5</onup>
				<ondown>5</ondown>
				<align>justify</align>
				<pagecontrol>90</pagecontrol>
		        <autoscroll time="6000" delay="28000" repeat="15000"></autoscroll>
				<visible>!control.isvisible(50) + container.content(episodes)</visible>
			</control>
				</control>
		<control type="group">
			
			<control type="image">
				<description>Cover image</description>
				<posx>555</posx>
				<posy>100</posy>
				<width>130</width>
				<height>232</height>
				<aspectratio>keep</aspectratio>
				<info>ListItem.Icon</info>
				<visible>container.content(musicvideos)</visible>
			</control>
			<control type="label" id="1">
				<description>Title value</description>
				<posx>20</posx>
				<posy>110</posy>
				<width>330</width>
				<info>Listitem.Title</info>
				<font>Heading-M</font>
				<scroll>true</scroll>
				<visible>container.content(musicvideos)</visible>
			</control>
			<control type="label" id="1">
				<description>Artist txt</description>
				<posx>20</posx>
				<posy>160</posy>
				<width>90</width>
				<label>$LOCALIZE[557]:</label>
				<font>font12</font>
				<visible>container.content(musicvideos)</visible>
			</control>
			<control type="label" id="1">
				<description>Album txt</description>
				<posx>20</posx>
				<posy>185</posy>
				<width>90</width>
				<label>$LOCALIZE[558]:</label>
				<font>font12</font>
				<visible>container.content(musicvideos)</visible>
			</control>
			<control type="label" id="1">
				<description>Genre txt</description>
				<posx>20</posx>
				<posy>210</posy>
				<width>90</width>
				<label>$LOCALIZE[515]:</label>
				<font>font12</font>
				<visible>container.content(musicvideos)</visible>
			</control>
			<control type="label" id="1">
				<description>Year txt</description>
				<posx>20</posx>
				<posy>235</posy>
				<width>90</width>
				<label>$LOCALIZE[562]:</label>
				<font>font12</font>
				<visible>container.content(musicvideos)</visible>
			</control>
			<control type="label" id="1">
				<description>Runtime txt</description>
				<posx>20</posx>
				<posy>260</posy>
				<width>90</width>
				<label>$LOCALIZE[2050]:</label>
				<font>font12</font>
				<visible>container.content(musicvideos)</visible>
			</control>
			<control type="label" id="1">
				<description>Director Text</description>
				<posx>20</posx>
				<posy>285</posy>
				<width>90</width>
				<label>$LOCALIZE[20339]:</label>
				<font>font12</font>
				<visible>container.content(musicvideos)</visible>
			</control>
			<control type="label" id="1">
				<description>Studio txt</description>
				<posx>20</posx>
				<posy>310</posy>
				<width>90</width>
				<label>$LOCALIZE[572]:</label>
				<font>font12</font>
				<visible>container.content(musicvideos)</visible>
			</control>
			<control type="label" id="1">
				<description>Artist value</description>
				<posx>120</posx>
				<posy>160</posy>
				<width>230</width>
				<info>Listitem.Artist</info>
				<font>font12</font>
				<scroll>true</scroll>
				<visible>container.content(musicvideos)</visible>
			</control>
			<control type="label" id="1">
				<description>Album value</description>
				<posx>120</posx>
				<posy>185</posy>
				<width>230</width>
				<info>Listitem.Album</info>
				<font>font12</font>
				<scroll>true</scroll>
				<visible>container.content(musicvideos)</visible>
			</control>
			<control type="label" id="1">
				<description>Genre value</description>
				<posx>120</posx>
				<posy>210</posy>
				<width>230</width>
				<info>Listitem.Genre</info>
				<font>font12</font>
				<scroll>true</scroll>
				<visible>container.content(musicvideos)</visible>
			</control>
			<control type="label" id="1">
				<description>Year value</description>
				<posx>120</posx>
				<posy>235</posy>
				<width>230</width>
				<info>Listitem.Year</info>
				<font>font12</font>
				<scroll>true</scroll>
				<visible>container.content(musicvideos)</visible>
			</control>
			<control type="label" id="1">
				<description>Runtime value</description>
				<posx>120</posx>
				<posy>260</posy>
				<width>230</width>
				<info>Listitem.Duration</info>
				<font>font12</font>
				<scroll>true</scroll>
				<visible>container.content(musicvideos)</visible>
			</control>
			<control type="label" id="1">
				<description>Director value</description>
				<posx>120</posx>
				<posy>285</posy>
				<width>252</width>
				<info>Listitem.Director</info>
				<font>font12</font>
				<scroll>true</scroll>
				<visible>container.content(musicvideos)</visible>
			</control>
			<control type="label" id="1">
				<description>Studio value</description>
				<posx>120</posx>
				<posy>310</posy>
				<width>230</width>
				<info>Listitem.Studio</info>
				<font>font12</font>
				<scroll>true</scroll>
				<visible>container.content(musicvideos)</visible>
			</control>
			<control type="textbox" id="4">
				<description>textarea</description>
				<posx>20</posx>
				<posy>350</posy>
				<width>680</width>
				<height>185.7</height>
				<onleft>5</onleft>
				<onright>50</onright>
				<onup>5</onup>
				<ondown>5</ondown>
				<align>justify</align>
				<pagecontrol>90</pagecontrol>
		        <autoscroll time="6000" delay="28000" repeat="15000"></autoscroll>
				<visible>!control.isvisible(50) + container.content(musicvideos)</visible>
			</control>
		</control>
		
		
		
		<control type="group" id="9000">
			<posx>0</posx>
			<posy>0</posy>
			<visible>!Container.Content(TVShows)</visible>
			
			
			
			
			
			<control type="button" id="5">
				<description>Tracks/Review</description>
				<posx>15</posx>
				<posy>470</posy>
				<width>110</width>
		        <height>35</height>
				<label>206</label>
				<onleft>11</onleft>
				<onright>8</onright>
				<onup>11</onup>
				<ondown>50</ondown>
				<align>center</align>
				<colordiffuse>ddffffff</colordiffuse>
			</control>
			<control type="button" id="8">
				<description>Play</description>
				<posx>130</posx>
				<posy>470</posy>
				<width>110</width>
		        <height>35</height>
				<label>208</label>
				<onleft>5</onleft>
				<onright>9</onright>
				<onup>5</onup>
				<ondown>50</ondown>
				<align>center</align>
				<colordiffuse>ddffffff</colordiffuse>
			</control>
			<control type="button" id="9">
				<description>Resume</description>
				<posx>245</posx>
				<posy>470</posy>
				<width>110</width>
		        <height>35</height>
				<label>13404</label>
				<onleft>8</onleft>
				<onright>6</onright>
				<onup>8</onup>
				<ondown>50</ondown>
				<align>center</align>
				<colordiffuse>ddffffff</colordiffuse>
			</control>
			<control type="button" id="6">
				<description>Refresh</description>
				<posx>360</posx>
				<posy>470</posy>
				<width>110</width>
		        <height>35</height>
				<label>184</label>
				<onleft>9</onleft>
				<onright>10</onright>
				<onup>9</onup>
				<ondown>50</ondown>
				<align>center</align>
				<colordiffuse>ddffffff</colordiffuse>
			</control>
			<control type="button" id="10">
				<description>Get Thumb</description>
				<posx>475</posx>
				<posy>470</posy>
				<width>110</width>
		        <height>35</height>
				<label>13405</label>
				<onleft>6</onleft>
				<onright>12</onright>
				<onup>6</onup>
				<ondown>50</ondown>
				<align>center</align>
				<colordiffuse>ddffffff</colordiffuse>
			</control>

			<control type="button" id="12">
				<description>Get FanArt</description>
				<posx>590</posx>
				<posy>470</posy>
				<width>110</width>
				<height>35</height>
				<label>20413</label>
				<onleft>10</onleft>
				<onright>11</onright>
				<onup>10</onup>
				<ondown>50</ondown>
				<align>center</align>
				<colordiffuse>ddffffff</colordiffuse>
				</control>

               <control type="button" id ="11">
				<description>Trailer</description>
				<posx>590</posx>
				<posy>70</posy>
				<width>110</width>
				<height>35</height>
				<label>20410</label>
				<align>center</align>
				<onleft>12</onleft>
				<onright>5</onright>
				<onup>12</onup>
				<ondown>5</ondown>
				<visible>!IsEmpty(ListItem.Trailer)</visible>
				<colordiffuse>ddffffff</colordiffuse>
			</control>

			  



		</control>


		<control type="group" id="9000">
			<posx>0</posx>
			<posy>0</posy>
			<visible>Container.Content(TVShows)</visible>
					
			
			<control type="button" id="5">
				<description>Tracks/Review</description>
				<posx>10</posx>
				<posy>470</posy>
				<width>170</width>
		        <height>35</height>
				<label>206</label>
				<onleft>12</onleft>
				<onright>6</onright>
				<onup>50</onup>
				<ondown>6</ondown>
				<align>center</align>
				<colordiffuse>ddffffff</colordiffuse>
			</control>
			
			<control type="button" id="6">
				<description>Refresh</description>
				<posx>185</posx>
				<posy>470</posy>
				<width>170</width>
		        <height>35</height>
				<label>184</label>
				<onleft>5</onleft>
				<onright>10</onright>
				<onup>50</onup>
				<ondown>10</ondown>
				<align>center</align>
				<colordiffuse>ddffffff</colordiffuse>
			</control>

			<control type="button" id="10">
				<description>Get Thumb</description>
				<posx>360</posx>
				<posy>470</posy>
				<width>170</width>
		        <height>35</height>
				<label>13405</label>
				<onleft>6</onleft>
				<onright>12</onright>
				<onup>50</onup>
				<ondown>12</ondown>
				<align>center</align>
				<colordiffuse>ddffffff</colordiffuse>
			</control>

<control type="button" id="12">
				<description>Get FanArt</description>
				<posx>535</posx>
				<posy>470</posy>
				<width>170</width>
				<height>35</height>
				<label>20413</label>
				<onleft>10</onleft>
				<onright>5</onright>
				<onup>50</onup>
				<ondown>5</ondown>
				<align>center</align>
				<colordiffuse>ddffffff</colordiffuse>
				</control>

          



		</control>


		
		<control type="group">
			<visible>Player.HasVideo</visible>
			<control type="image" id="0">
				<description>video rectangle</description>
				<posx>30</posx>
				<posy>380</posy>
				<width>140</width>
				<height>118</height>
				<texture>blue_rectangle_video.png</texture>
				</control>
			<control type="videowindow" id="1">
				<description>video preview window</description>
				<posx>35</posx>
				<posy>385</posy>
				<width>130</width>
				<height>107</height>
				<visible>!Window.Next(Home)</visible>
				<animation effect="fade" time="1" delay="500">WindowOpen</animation>
				<animation effect="fade" time="1" delay="0">VisibleChange</animation>
			</control>
			<control type="label" id="0">
				<description>play time label</description>
				<posx>35</posx>
				<posy>500</posy>
				<label>-</label>
				<info>VideoPlayer.Time</info>
				<align>left</align>
				<font>font13</font>
				</control>
			<control type="label" id="0">
				<description>album/artist/genre etc info label</description>
				<width>130</width>
				<posx>35</posx>
				<posy>525</posy>
				<font>font10</font>
				<scroll>true</scroll>
				<label>$INFO[VideoPlayer.Title]$INFO[VideoPlayer.Year, | ]$INFO[VideoPlayer.Director, | ]$INFO[VideoPlayer.Genre, | ]</label>
				</control>
		</control>
		


		 <control type="list" id="50">
				<description>Cast List Container + Scrollbar Area</description>
				<posx>20</posx>
				<posy>310</posy>
				<width>350</width>
				<height>145</height>
				<onleft>9000</onleft>
				<onright>61</onright>
				<onup>50</onup>
				<ondown>50</ondown>
				<orientation>vertical</orientation>
			        <pagecontrol>61</pagecontrol>
			        <scrolltime>200</scrolltime>
				<visible>!container.content(musicvideos)</visible>
			        <itemlayout width="250" height="29">
				    <control type="image">
				        <posx>0</posx>
				       	<posy>3</posy>
				       	<width>22</width>
				       	<height>22</height>
        				<info>ListItem.Icon</info>
				    </control>
				    <control type="label">
			        	<posx>30</posx>
			        	<posy>3</posy>
        				<width>320</width>
				        <height>22</height>
        				<font>font13</font>
				        <aligny>center</aligny>
		        		<selectedcolor>green</selectedcolor>
		        		<align>left</align>
        				<info>ListItem.Label</info>
				    </control>
				</itemlayout>
                                <focusedlayout height="29" width="250">
		   		    <control type="image">
				        <width>350</width>
				        <height>29</height>
				        <posx>0</posx>
				        <posy>0</posy>
			        	<visible>Control.HasFocus(50)</visible>
				        <texture>input-focus.png</texture>
		 	            </control>
				    <control type="image">
				        <posx>0</posx>
				        <posy>3</posy>
				        <width>22</width>
				        <height>22</height>
				        <info>ListItem.Icon</info>
				    </control>
				    <control type="label">
 				        <posx>30</posx>
				        <posy>3</posy>
				        <width>320</width>
				        <height>22</height>
				        <font>font13</font>
				        <aligny>center</aligny>
				        <selectedcolor>green</selectedcolor>
				        <align>left</align>
				        <info>ListItem.Label</info>
				    </control>
                                </focusedlayout>
                        </control>
      </control>                  

<include>Music-Info</include>



	</controls>
</window>