<window>
	<id>111</id>
	<type>buttonMenu</type>
	<defaultcontrol always="true">3112</defaultcontrol>
	<include>dialog-effect</include> 
	<coordinates>
	<system>1</system>
	<origin x="185" y="230">true</origin>
	</coordinates>
	<controls>

	<control>
		<description>Black Background</description>
		<type>image</type>
		<posx>-185</posx>
		<posy>-230</posy>
		<width>720</width>
		<height>576</height>
		<texture>color-black.png</texture>
		<include>black-effect</include>
	</control>

	<control type="group">
<animation effect="slide" time="600" start="0,-230" end="0,0" acceleration="-1" condition="!Skin.HasSetting(animated)">WindowOpen</animation>
<animation effect="slide" time="600" start="0,0" end="0,-460" acceleration="-1" condition="!Skin.HasSetting(animated)">WindowClose</animation>

	<control>
		<description>Description Label</description>
		<type>label</type>
		<id>3100</id>
		<posx>19</posx>
		<posy>111</posy>
		<width>322</width>
		<height>20</height>
		<align>center</align>
		<font>Heading-L</font>
	</control>

	<!--- No Logon Yes Lock --> 
	<control>
		<description>MasterLock Button</description>
		<type>togglebutton</type>
		<id>3116</id>
		<posx>0</posx>
		<posy>10</posy>
		<width>60</width>
		<height>79</height>
		<label>20046</label>
		<altlabel>20045</altlabel>
		<texturefocus>sub-master-focus.png</texturefocus>
		<texturenofocus>sub-master-nofocus.png</texturenofocus>
		<usealttexture>System.IsMaster</usealttexture>
		<alttexturefocus>sub-nomaster-focus.png</alttexturefocus>
		<alttexturenofocus>sub-nomaster-nofocus.png</alttexturenofocus>
		<onclick>xbmc.mastermode</onclick>
		<pulseonselect>no</pulseonselect>
		<onleft>3114</onleft>
		<onright>3113</onright>
		<onup>3116</onup>
		<ondown>3116</ondown>
		<font>-</font>
		<visible>System.LoggedOn + System.HasLocks + !System.HasLoginScreen</visible>
	</control>

	<control>
		<description>Enter MasterLock Icon</description>
		<type>image</type>
		<posx>0</posx>
		<posy>10</posy>
		<width>60</width>
		<height>79</height>
		<texture>sub-nomaster-focus-icon.png</texture>
		<visible>Control.HasFocus(3116) + !System.IsMaster + System.LoggedOn + System.HasLocks + !System.HasLoginScreen</visible>
		
	</control>

	<control>
		<description>Leave MasterLock Icon</description>
		<type>image</type>
		<posx>0</posx>
		<posy>10</posy>
		<width>60</width>
		<height>79</height>
		<texture>sub-master-focus-icon.png</texture>
		<visible>Control.HasFocus(3116) + System.IsMaster + System.LoggedOn + System.HasLocks + !System.HasLoginScreen</visible>
		
	</control>

	<control>
		<description>System Info button</description>
		<type>button</type>
		<id>3113</id>
		<posx>60</posx>
		<posy>10</posy>
		<width>60</width>
		<height>79</height>
		<texturefocus>sub-info-focus.png</texturefocus>
		<texturenofocus>sub-info-nofocus.png</texturenofocus>
		<onclick>XBMC.ActivateWindow(7)</onclick>
		<pulseonselect>no</pulseonselect>
		<onleft>3116</onleft>
		<onright>3112</onright>
		<onup>3113</onup>
		<ondown>3113</ondown>
		<font>-</font>
		<label>130</label>
		<visible>System.LoggedOn + System.HasLocks + !System.HasLoginScreen</visible>
	</control>

	<control>
		<description>System Info Icon</description>
		<type>image</type>
		<posx>60</posx>
		<posy>10</posy>
		<width>60</width>
		<height>79</height>
		<texture>sub-info-focus-icon.png</texture>
		<visible>Control.HasFocus(3113) + System.LoggedOn + System.HasLocks + !System.HasLoginScreen</visible>
		
	</control>

	<control>
		<description>Shutdown button</description>
		<type>button</type>
		<id>3112</id>
		<posx>120</posx>
		<posy>10</posy>
		<width>60</width>
		<height>79</height>
		<texturefocus>-</texturefocus>
		<texturenofocus>sub-shutdown-nofocus.png</texturenofocus>
		<onclick>XBMC.ShutDown()</onclick>
		<pulseonselect>no</pulseonselect>
		<onleft>3113</onleft>
		<onright>3110</onright>
		<onup>3200</onup>
		<ondown>3204</ondown>
		<font>-</font>
		<label>13005</label>
		<visible>System.LoggedOn + System.HasLocks + !System.HasLoginScreen</visible>
	</control>

	<control>
		<description>30min ShutdownTimer button</description>
		<type>button</type>
		<id>3200</id>
		<posx>120</posx>
		<posy>10</posy>
		<width>60</width>
		<height>79</height>
		<texturefocus>-</texturefocus>
		<texturenofocus>-</texturenofocus>
		<onclick>XBMC.AlarmClock(shutdowntimer,XBMC.ShutDown(),30)</onclick>
		<pulseonselect>no</pulseonselect>
		<onleft>3113</onleft>
		<onright>3110</onright>
		<onup>3201</onup>
		<ondown>3112</ondown>
		<font>-</font>
		<label>20147</label>
		<visible>System.LoggedOn + System.HasLocks + !System.HasLoginScreen</visible>
	</control>

	<control>
		<description>60min ShutdownTimer button</description>
		<type>button</type>
		<id>3201</id>
		<posx>120</posx>
		<posy>10</posy>
		<width>60</width>
		<height>79</height>
		<texturefocus>-</texturefocus>
		<texturenofocus>-</texturenofocus>
		<onclick>XBMC.AlarmClock(shutdowntimer,XBMC.ShutDown(),60)</onclick>
		<pulseonselect>no</pulseonselect>
		<onleft>3113</onleft>
		<onright>3110</onright>
		<onup>3202</onup>
		<ondown>3200</ondown>
		<font>-</font>
		<label>20148</label>
		<visible>System.LoggedOn + System.HasLocks + !System.HasLoginScreen</visible>
	</control>

	<control>
		<description>120min ShutdownTimer button</description>
		<type>button</type>
		<id>3202</id>
		<posx>120</posx>
		<posy>10</posy>
		<width>60</width>
		<height>79</height>
		<texturefocus>-</texturefocus>
		<texturenofocus>-</texturenofocus>
		<onclick>XBMC.AlarmClock(shutdowntimer,XBMC.ShutDown(),120)</onclick>
		<pulseonselect>no</pulseonselect>
		<onleft>3113</onleft>
		<onright>3110</onright>
		<onup>3203</onup>
		<ondown>3201</ondown>
		<font>-</font>
		<label>20149</label>
		<visible>System.LoggedOn + System.HasLocks + !System.HasLoginScreen</visible>
	</control>

	<control>
		<description>Custom ShutdownTimer button</description>
		<type>button</type>
		<id>3203</id>
		<posx>120</posx>
		<posy>10</posy>
		<width>60</width>
		<height>79</height>
		<texturefocus>-</texturefocus>
		<texturenofocus>-</texturenofocus>
		<onclick>XBMC.AlarmClock(shutdowntimer,XBMC.ShutDown())</onclick>
		<pulseonselect>no</pulseonselect>
		<onleft>3113</onleft>
		<onright>3110</onright>
		<onup>3204</onup>
		<ondown>3202</ondown>
		<font>-</font>
		<label>20150</label>
		<visible>System.LoggedOn + System.HasLocks + !System.HasLoginScreen</visible>
	</control>

	<control>
		<description>Cancel ShutdownTimer button</description>
		<type>button</type>
		<id>3204</id>
		<posx>120</posx>
		<posy>10</posy>
		<width>60</width>
		<height>79</height>
		<texturefocus>-</texturefocus>
		<texturenofocus>-</texturenofocus>
		<onclick>XBMC.CancelAlarm(shutdowntimer)</onclick>
		<pulseonselect>no</pulseonselect>
		<onleft>3113</onleft>
		<onright>3110</onright>
		<onup>3112</onup>
		<ondown>3203</ondown>
		<font>-</font>
		<label>20151</label>
		<visible>System.HasAlarm(shutdowntimer)</visible>
		<visible>System.LoggedOn + System.HasLocks + !System.HasLoginScreen</visible>
	</control>

	<control>
		<description>Shutdown focus image</description>
		<type>image</type>
		<posx>120</posx>
		<posy>10</posy>
		<width>60</width>
		<height>79</height>
		<texture>sub-shutdown-focus.png</texture>
		<include>shutdownmenu</include>
		<visible>System.LoggedOn + System.HasLocks + !System.HasLoginScreen</visible>
		<visible>[Control.HasFocus(3112) | Control.HasFocus(3200) | Control.HasFocus(3201) | Control.HasFocus(3202) | Control.HasFocus(3203) | Control.HasFocus(3204)]</visible>
	</control>

	<control>
		<description>Shutdown Icon</description>
		<type>image</type>
		<posx>120</posx>
		<posy>10</posy>
		<width>60</width>
		<height>79</height>
		<texture>sub-shutdown-focus-icon.png</texture>
		<visible>System.LoggedOn + System.HasLocks + !System.HasLoginScreen</visible>
		<visible>[Control.HasFocus(3112) | Control.HasFocus(3200) | Control.HasFocus(3201) | Control.HasFocus(3202) | Control.HasFocus(3203) | Control.HasFocus(3204)]</visible>
		
	</control>

	<control>
		<description>Favourite button</description>
		<type>button</type>
		<id>3110</id>
		<posx>180</posx>
		<posy>10</posy>
		<width>60</width>
		<height>79</height>
		<texturefocus>sub-exit-focus.png</texturefocus>
		<texturenofocus>sub-exit-nofocus.png</texturenofocus>
		<onclick>ActivateWindow(Favourites)</onclick>
		<pulseonselect>no</pulseonselect>
		<onleft>3112</onleft>
		<onright>3114</onright>
		<onup>3110</onup>
		<ondown>3110</ondown>
		<font>-</font>
		<label>1036</label>
		<visible>System.LoggedOn + System.HasLocks + !System.HasLoginScreen</visible>
	</control>

	<control>
		<description>Favourite Icon</description>
		<type>image</type>
		<posx>180</posx>
		<posy>10</posy>
		<width>60</width>
		<height>79</height>
		<texture>sub-exit-focus-icon.png</texture>
		<visible>Control.HasFocus(3110) + System.LoggedOn + System.HasLocks + !System.HasLoginScreen</visible>
		
	</control>

<control>
		<description>Dashboard button</description>
		<type>button</type>
		<id>3111</id>
		<posx>240</posx>
		<posy>10</posy>
		<width>60</width>
		<height>79</height>
		<texturefocus>sub-dash-focus-icon.png</texturefocus>
		<texturenofocus>sub-dash-nofocus-icon.png</texturenofocus>
		<onclick>XBMC.Dashboard()</onclick>
		<pulseonselect>no</pulseonselect>
		<onleft>3110</onleft>
		<onright>3114</onright>
		<onup>3111</onup>
		<ondown>3111</ondown>
		<font>-</font>
		<label>13006</label>
		<visible>System.LoggedOn + System.HasLocks + !System.HasLoginScreen</visible>
	</control>

	<control>
		<description>Dashboard Icon</description>
		<type>image</type>
		<posx>240</posx>
		<posy>10</posy>
		<width>60</width>
		<height>79</height>
		<texture>sub-dash-focus-icon.png</texture>
		<visible>Control.HasFocus(3111) + System.LoggedOn + System.HasLocks + !System.HasLoginScreen</visible>
		
	</control>



	<control>
		<description>Reboot button</description>
		<type>button</type>
		<id>3114</id>
		<posx>300</posx>
		<posy>10</posy>
		<width>60</width>
		<height>79</height>
		<texturefocus>sub-reboot-focus.png</texturefocus>
		<texturenofocus>sub-reboot-nofocus.png</texturenofocus>
		<onclick>XBMC.Reset()</onclick>
		<pulseonselect>no</pulseonselect>
		<onleft>3111</onleft>
		<onright>3116</onright>
		<onup>3115</onup>
		<ondown>3115</ondown>
		<font>-</font>
		<label>13313</label>
		<visible>System.LoggedOn + System.HasLocks + !System.HasLoginScreen</visible>
	</control>

	<control>
		<description>Reboot Icon</description>
		<type>image</type>
		<posx>300</posx>
		<posy>10</posy>
		<width>60</width>
		<height>79</height>
		<texture>sub-reboot-focus-icon.png</texture>
		<visible>Control.HasFocus(3114) + System.LoggedOn + System.HasLocks + !System.HasLoginScreen</visible>
		
	</control>

	<control>
		<description>Restart XBMC button</description>
		<type>button</type>
		<id>3115</id>
		<posx>300</posx>
		<posy>10</posy>
		<width>60</width>
		<height>79</height>
		<texturefocus>sub-reboot-focus.png</texturefocus>
		<texturenofocus>-</texturenofocus>
		<onclick>XBMC.RestartApp()</onclick>
		<pulseonselect>no</pulseonselect>
		<onleft>3110</onleft>
		<onright>3116</onright>
		<onup>3114</onup>
		<ondown>3114</ondown>
		<font>-</font>
		<label>$LOCALIZE[13313] XBMC</label>
		<visible>System.LoggedOn + System.HasLocks + !System.HasLoginScreen</visible>
	</control>

	<control>
		<description>Restart XBMC Icon</description>
		<type>image</type>
		<posx>300</posx>
		<posy>10</posy>
		<width>60</width>
		<height>79</height>
		<texture>sub-reboot-focus-icon.png</texture>
		<visible>Control.HasFocus(3115) + System.LoggedOn + System.HasLocks + !System.HasLoginScreen</visible>
		
	</control>

	<!--- No Logon no Lock --> 
	<control>
		<description>System Info button</description>
		<type>button</type>
		<id>3113</id>
		<posx>30</posx>
		<posy>10</posy>
		<width>60</width>
		<height>79</height>
		<texturefocus>sub-info-focus.png</texturefocus>
		<texturenofocus>sub-info-nofocus.png</texturenofocus>
		<onclick>XBMC.ActivateWindow(7)</onclick>
		<pulseonselect>no</pulseonselect>
		<onleft>3114</onleft>
		<onright>3112</onright>
		<onup>3113</onup>
		<ondown>3113</ondown>
		<font>-</font>
		<label>130</label>
		<visible>System.LoggedOn + !System.HasLocks + !System.HasLoginScreen</visible>
	</control>

	<control>
		<description>System Info Icon</description>
		<type>image</type>
		<posx>30</posx>
		<posy>10</posy>
		<width>60</width>
		<height>79</height>
		<texture>sub-info-focus-icon.png</texture>
		<visible>Control.HasFocus(3113) + System.LoggedOn + !System.HasLocks + !System.HasLoginScreen</visible>
		
	</control>

	<control>
		<description>Shutdown button</description>
		<type>button</type>
		<id>3112</id>
		<posx>90</posx>
		<posy>10</posy>
		<width>60</width>
		<height>79</height>
		<texturefocus>-</texturefocus>
		<texturenofocus>sub-shutdown-nofocus.png</texturenofocus>
		<onclick>XBMC.ShutDown()</onclick>
		<pulseonselect>no</pulseonselect>
		<onleft>3113</onleft>
		<onright>3110</onright>
		<onup>3200</onup>
		<ondown>3204</ondown>
		<font>-</font>
		<label>13005</label>
		<visible>System.LoggedOn + !System.HasLocks + !System.HasLoginScreen</visible>
	</control>

	<control>
		<description>30min ShutdownTimer button</description>
		<type>button</type>
		<id>3200</id>
		<posx>90</posx>
		<posy>10</posy>
		<width>60</width>
		<height>79</height>
		<texturefocus>-</texturefocus>
		<texturenofocus>-</texturenofocus>
		<onclick>XBMC.AlarmClock(shutdowntimer,XBMC.ShutDown(),30)</onclick>
		<pulseonselect>no</pulseonselect>
		<onleft>3113</onleft>
		<onright>3110</onright>
		<onup>3201</onup>
		<ondown>3112</ondown>
		<font>-</font>
		<label>20147</label>
		<visible>System.LoggedOn + !System.HasLocks + !System.HasLoginScreen</visible>
	</control>

	<control>
		<description>60min ShutdownTimer button</description>
		<type>button</type>
		<id>3201</id>
		<posx>90</posx>
		<posy>10</posy>
		<width>60</width>
		<height>79</height>
		<texturefocus>-</texturefocus>
		<texturenofocus>-</texturenofocus>
		<onclick>XBMC.AlarmClock(shutdowntimer,XBMC.ShutDown(),60)</onclick>
		<pulseonselect>no</pulseonselect>
		<onleft>3113</onleft>
		<onright>3110</onright>
		<onup>3202</onup>
		<ondown>3200</ondown>
		<font>-</font>
		<label>20148</label>
		<visible>System.LoggedOn + !System.HasLocks + !System.HasLoginScreen</visible>
	</control>

	<control>
		<description>120min ShutdownTimer button</description>
		<type>button</type>
		<id>3202</id>
		<posx>90</posx>
		<posy>10</posy>
		<width>60</width>
		<height>79</height>
		<texturefocus>-</texturefocus>
		<texturenofocus>-</texturenofocus>
		<onclick>XBMC.AlarmClock(shutdowntimer,XBMC.ShutDown(),120)</onclick>
		<pulseonselect>no</pulseonselect>
		<onleft>3113</onleft>
		<onright>3110</onright>
		<onup>3203</onup>
		<ondown>3201</ondown>
		<font>-</font>
		<label>20149</label>
		<visible>System.LoggedOn + !System.HasLocks + !System.HasLoginScreen</visible>
	</control>

	<control>
		<description>Custom ShutdownTimer button</description>
		<type>button</type>
		<id>3203</id>
		<posx>90</posx>
		<posy>10</posy>
		<width>60</width>
		<height>79</height>
		<texturefocus>-</texturefocus>
		<texturenofocus>-</texturenofocus>
		<onclick>XBMC.AlarmClock(shutdowntimer,XBMC.ShutDown())</onclick>
		<pulseonselect>no</pulseonselect>
		<onleft>3113</onleft>
		<onright>3110</onright>
		<onup>3204</onup>
		<ondown>3202</ondown>
		<font>-</font>
		<label>20150</label>
		<visible>System.LoggedOn + !System.HasLocks + !System.HasLoginScreen</visible>
	</control>

	<control>
		<description>Cancel ShutdownTimer button</description>
		<type>button</type>
		<id>3204</id>
		<posx>90</posx>
		<posy>10</posy>
		<width>60</width>
		<height>79</height>
		<texturefocus>-</texturefocus>
		<texturenofocus>-</texturenofocus>
		<onclick>XBMC.CancelAlarm(shutdowntimer)</onclick>
		<pulseonselect>no</pulseonselect>
		<onleft>3113</onleft>
		<onright>3110</onright>
		<onup>3112</onup>
		<ondown>3203</ondown>
		<font>-</font>
		<label>20151</label>
		<visible>System.HasAlarm(shutdowntimer)</visible>
		<visible>System.LoggedOn + !System.HasLocks + !System.HasLoginScreen</visible>
	</control>

	<control>
		<description>Shutdown focus image</description>
		<type>image</type>
		<posx>90</posx>
		<posy>10</posy>
		<width>60</width>
		<height>79</height>
		<texture>sub-shutdown-focus.png</texture>
		<include>shutdownmenu</include>
		<visible>System.LoggedOn + !System.HasLocks + !System.HasLoginScreen</visible>
		<visible>[Control.HasFocus(3112) | Control.HasFocus(3200) | Control.HasFocus(3201) | Control.HasFocus(3202) | Control.HasFocus(3203) | Control.HasFocus(3204)]</visible>
	</control>

	<control>
		<description>Shutdown Icon</description>
		<type>image</type>
		<posx>90</posx>
		<posy>10</posy>
		<width>60</width>
		<height>79</height>
		<texture>sub-shutdown-focus-icon.png</texture>
		<visible>System.LoggedOn + !System.HasLocks + !System.HasLoginScreen</visible>
		<visible>[Control.HasFocus(3112) | Control.HasFocus(3200) | Control.HasFocus(3201) | Control.HasFocus(3202) | Control.HasFocus(3203) | Control.HasFocus(3204)]</visible>
		
	</control>

	<control>
		<description>Favourite button</description>
		<type>button</type>
		<id>3110</id>
		<posx>150</posx>
		<posy>10</posy>
		<width>60</width>
		<height>79</height>
		<texturefocus>sub-exit-focus.png</texturefocus>
		<texturenofocus>sub-exit-nofocus.png</texturenofocus>
		<onclick>ActivateWindow(Favourites)</onclick>
		<pulseonselect>no</pulseonselect>
		<onleft>3112</onleft>
		<onright>3111</onright>
		<onup>3110</onup>
		<ondown>3110</ondown>
		<font>-</font>
		<label>1036</label>
		<visible>System.LoggedOn + !System.HasLocks + !System.HasLoginScreen</visible>
	</control>

	<control>
		<description>Favourite Icon</description>
		<type>image</type>
		<posx>150</posx>
		<posy>10</posy>
		<width>60</width>
		<height>79</height>
		<texture>sub-exit-focus-icon.png</texture>
		<visible>Control.HasFocus(3110) + System.LoggedOn + !System.HasLocks + !System.HasLoginScreen</visible>
		
	</control>

<control>
		<description>Dashboard button</description>
		<type>button</type>
		<id>3111</id>
		<posx>210</posx>
		<posy>10</posy>
		<width>60</width>
		<height>79</height>
		<texturefocus>sub-dash-focus-icon.png</texturefocus>
		<texturenofocus>sub-dash-nofocus-icon.png</texturenofocus>
		<onclick>XBMC.Dashboard()</onclick>
		<pulseonselect>no</pulseonselect>
		<onleft>3110</onleft>
		<onright>3114</onright>
		<onup>3111</onup>
		<ondown>3111</ondown>
		<font>-</font>
		<label>13006</label>
		<visible>System.LoggedOn + !System.HasLocks + !System.HasLoginScreen</visible>
	</control>

	<control>
		<description>Dashboard Icon</description>
		<type>image</type>
		<posx>210</posx>
		<posy>10</posy>
		<width>60</width>
		<height>79</height>
		<texture>sub-dash-focus-icon.png</texture>
		<visible>Control.HasFocus(3111) + System.LoggedOn + !System.HasLocks + !System.HasLoginScreen</visible>
		
	</control>



	<control>
		<description>Reboot button</description>
		<type>button</type>
		<id>3114</id>
		<posx>270</posx>
		<posy>10</posy>
		<width>60</width>
		<height>79</height>
		<texturefocus>sub-reboot-focus.png</texturefocus>
		<texturenofocus>sub-reboot-nofocus.png</texturenofocus>
		<onclick>XBMC.Reset()</onclick>
		<pulseonselect>no</pulseonselect>
		<onleft>3111</onleft>
		<onright>3113</onright>
		<onup>3115</onup>
		<ondown>3115</ondown>
		<font>-</font>
		<label>13313</label>
		<visible>System.LoggedOn + !System.HasLocks + !System.HasLoginScreen</visible>
	</control>

	<control>
		<description>Reboot Icon</description>
		<type>image</type>
		<posx>270</posx>
		<posy>10</posy>
		<width>60</width>
		<height>79</height>
		<texture>sub-reboot-focus-icon.png</texture>
		<visible>Control.HasFocus(3114) + System.LoggedOn + !System.HasLocks + !System.HasLoginScreen</visible>
		
	</control>

	<control>
		<description>Restart XBMC button</description>
		<type>button</type>
		<id>3115</id>
		<posx>270</posx>
		<posy>10</posy>
		<width>60</width>
		<height>79</height>
		<texturefocus>sub-reboot-focus.png</texturefocus>
		<texturenofocus>-</texturenofocus>
		<onclick>XBMC.RestartApp()</onclick>
		<pulseonselect>no</pulseonselect>
		<onleft>3110</onleft>
		<onright>3113</onright>
		<onup>3114</onup>
		<ondown>3114</ondown>
		<font>-</font>
		<label>Restart XBMC</label>
		<visible>System.LoggedOn + !System.HasLocks + !System.HasLoginScreen</visible>
	</control>

	<control>
		<description>Restart XBMC Icon</description>
		<type>image</type>
		<posx>270</posx>
		<posy>10</posy>
		<width>60</width>
		<height>79</height>
		<texture>sub-reboot-focus-icon.png</texture>
		<visible>Control.HasFocus(3115) + System.LoggedOn + !System.HasLocks + !System.HasLoginScreen</visible>
		
	</control>

	<!-- Yes Logon No Locks -->
	<control>
		<description>System Info button</description>
		<type>button</type>
		<id>3113</id>
		<posx>0</posx>
		<posy>10</posy>
		<width>60</width>
		<height>79</height>
		<texturefocus>sub-info-focus.png</texturefocus>
		<texturenofocus>sub-info-nofocus.png</texturenofocus>
		<onclick>XBMC.ActivateWindow(7)</onclick>
		<pulseonselect>no</pulseonselect>
		<onleft>3114</onleft>
		<onright>3117</onright>
		<onup>3113</onup>
		<ondown>3113</ondown>
		<font>-</font>
		<label>130</label>
		<visible>System.LoggedOn + !System.HasLocks + System.HasLoginScreen</visible>
	</control>

	<control>
		<description>System Info Icon</description>
		<type>image</type>
		<posx>0</posx>
		<posy>10</posy>
		<width>60</width>
		<height>79</height>
		<texture>sub-info-focus-icon.png</texture>
		<visible>Control.HasFocus(3113) + System.LoggedOn + !System.HasLocks + System.HasLoginScreen</visible>
		
	</control>

	<control>
		<description>Profile - LogOff</description>
		<type>button</type>
		<id>3117</id>
		<posx>60</posx>
		<posy>10</posy>
		<width>60</width>
		<height>79</height>
		<texturefocus>sub-logoff-focus.png</texturefocus>
		<texturenofocus>sub-logoff-nofocus.png</texturenofocus>
		<onclick>system.logoff</onclick>
		<onclick>dialog.close(all,true)</onclick>
		<pulseonselect>no</pulseonselect>
		<onleft>3113</onleft>
		<onright>3112</onright>
		<onup>3117</onup>
		<ondown>3117</ondown>
		<font>-</font>
		<label>$LOCALIZE[20126] $INFO[system.profilename]</label>
		<visible>System.LoggedOn + !System.HasLocks + System.HasLoginScreen</visible>
	</control>

	<control>
		<description>Profile LogOff Icon</description>
		<type>image</type>
		<posx>60</posx>
		<posy>10</posy>
		<width>60</width>
		<height>79</height>
		<texture>sub-logoff-focus-icon.png</texture>
		<visible>Control.HasFocus(3117) + System.LoggedOn + !System.HasLocks + System.HasLoginScreen</visible>
		
	</control>

	<control>
		<description>Shutdown button</description>
		<type>button</type>
		<id>3112</id>
		<posx>120</posx>
		<posy>10</posy>
		<width>60</width>
		<height>79</height>
		<texturefocus>-</texturefocus>
		<texturenofocus>sub-shutdown-nofocus.png</texturenofocus>
		<onclick>XBMC.ShutDown()</onclick>
		<pulseonselect>no</pulseonselect>
		<onleft>3117</onleft>
		<onright>3110</onright>
		<onup>3200</onup>
		<ondown>3204</ondown>
		<font>-</font>
		<label>13005</label>
		<visible>System.LoggedOn + !System.HasLocks + System.HasLoginScreen</visible>
	</control>

	<control>
		<description>30min ShutdownTimer button</description>
		<type>button</type>
		<id>3200</id>
		<posx>120</posx>
		<posy>10</posy>
		<width>60</width>
		<height>79</height>
		<texturefocus>-</texturefocus>
		<texturenofocus>-</texturenofocus>
		<onclick>XBMC.AlarmClock(shutdowntimer,XBMC.ShutDown(),30)</onclick>
		<pulseonselect>no</pulseonselect>
		<onleft>3117</onleft>
		<onright>3110</onright>
		<onup>3201</onup>
		<ondown>3112</ondown>
		<font>-</font>
		<label>20147</label>
		<visible>System.LoggedOn + !System.HasLocks + System.HasLoginScreen</visible>
	</control>

	<control>
		<description>60min ShutdownTimer button</description>
		<type>button</type>
		<id>3201</id>
		<posx>120</posx>
		<posy>10</posy>
		<width>60</width>
		<height>79</height>
		<texturefocus>-</texturefocus>
		<texturenofocus>-</texturenofocus>
		<onclick>XBMC.AlarmClock(shutdowntimer,XBMC.ShutDown(),60)</onclick>
		<pulseonselect>no</pulseonselect>
		<onleft>3117</onleft>
		<onright>3110</onright>
		<onup>3202</onup>
		<ondown>3200</ondown>
		<font>-</font>
		<label>20148</label>
		<visible>System.LoggedOn + !System.HasLocks + System.HasLoginScreen</visible>
	</control>

	<control>
		<description>120min ShutdownTimer button</description>
		<type>button</type>
		<id>3202</id>
		<posx>120</posx>
		<posy>10</posy>
		<width>60</width>
		<height>79</height>
		<texturefocus>-</texturefocus>
		<texturenofocus>-</texturenofocus>
		<onclick>XBMC.AlarmClock(shutdowntimer,XBMC.ShutDown(),120)</onclick>
		<pulseonselect>no</pulseonselect>
		<onleft>3117</onleft>
		<onright>3110</onright>
		<onup>3203</onup>
		<ondown>3201</ondown>
		<font>-</font>
		<label>20149</label>
		<visible>System.LoggedOn + !System.HasLocks + System.HasLoginScreen</visible>
	</control>

	<control>
		<description>Custom ShutdownTimer button</description>
		<type>button</type>
		<id>3203</id>
		<posx>120</posx>
		<posy>10</posy>
		<width>60</width>
		<height>79</height>
		<texturefocus>-</texturefocus>
		<texturenofocus>-</texturenofocus>
		<onclick>XBMC.AlarmClock(shutdowntimer,XBMC.ShutDown())</onclick>
		<pulseonselect>no</pulseonselect>
		<onleft>3117</onleft>
		<onright>3110</onright>
		<onup>3204</onup>
		<ondown>3202</ondown>
		<font>-</font>
		<label>20150</label>
		<visible>System.LoggedOn + !System.HasLocks + System.HasLoginScreen</visible>
	</control>

	<control>
		<description>Cancel ShutdownTimer button</description>
		<type>button</type>
		<id>3204</id>
		<posx>120</posx>
		<posy>10</posy>
		<width>60</width>
		<height>79</height>
		<texturefocus>-</texturefocus>
		<texturenofocus>-</texturenofocus>
		<onclick>XBMC.CancelAlarm(shutdowntimer)</onclick>
		<pulseonselect>no</pulseonselect>
		<onleft>3117</onleft>
		<onright>3110</onright>
		<onup>3112</onup>
		<ondown>3203</ondown>
		<font>-</font>
		<label>20151</label>
		<visible>System.HasAlarm(shutdowntimer)</visible>
		<visible>System.LoggedOn + !System.HasLocks + System.HasLoginScreen</visible>
	</control>

	<control>
		<description>Shutdown focus image</description>
		<type>image</type>
		<posx>120</posx>
		<posy>10</posy>
		<width>60</width>
		<height>79</height>
		<texture>sub-shutdown-focus.png</texture>
		<include>shutdownmenu</include>
		<visible>System.LoggedOn + !System.HasLocks + System.HasLoginScreen</visible>
		<visible>[Control.HasFocus(3112) | Control.HasFocus(3200) | Control.HasFocus(3201) | Control.HasFocus(3202) | Control.HasFocus(3203) | Control.HasFocus(3204)]</visible>
	</control>

	<control>
		<description>Shutdown Icon</description>
		<type>image</type>
		<posx>120</posx>
		<posy>10</posy>
		<width>60</width>
		<height>79</height>
		<texture>sub-shutdown-focus-icon.png</texture>
		<visible>System.LoggedOn + !System.HasLocks + System.HasLoginScreen</visible>
		<visible>[Control.HasFocus(3112) | Control.HasFocus(3200) | Control.HasFocus(3201) | Control.HasFocus(3202) | Control.HasFocus(3203) | Control.HasFocus(3204)]</visible>
		
	</control>

	<control>
		<description>Favourite button</description>
		<type>button</type>
		<id>3110</id>
		<posx>180</posx>
		<posy>10</posy>
		<width>60</width>
		<height>79</height>
		<texturefocus>sub-exit-focus.png</texturefocus>
		<texturenofocus>sub-exit-nofocus.png</texturenofocus>
		<onclick>ActivateWindow(Favourites)</onclick>
		<pulseonselect>no</pulseonselect>
		<onleft>3112</onleft>
		<onright>3111</onright>
		<onup>3110</onup>
		<ondown>3110</ondown>
		<font>-</font>
		<label>1036</label>
		<visible>System.LoggedOn + !System.HasLocks + System.HasLoginScreen</visible>
	</control>

	<control>
		<description>Favourite Icon</description>
		<type>image</type>
		<posx>180</posx>
		<posy>10</posy>
		<width>60</width>
		<height>79</height>
		<texture>sub-exit-focus-icon.png</texture>
		<visible>Control.HasFocus(3110) + System.LoggedOn + !System.HasLocks + System.HasLoginScreen</visible>
		
	</control>

<control>
		<description>Dashboard button</description>
		<type>button</type>
		<id>3111</id>
		<posx>240</posx>
		<posy>10</posy>
		<width>60</width>
		<height>79</height>
		<texturefocus>sub-dash-focus-icon.png</texturefocus>
		<texturenofocus>sub-dash-nofocus-icon.png</texturenofocus>
		<onclick>XBMC.Dashboard()</onclick>
		<pulseonselect>no</pulseonselect>
		<onleft>3110</onleft>
		<onright>3114</onright>
		<onup>3111</onup>
		<ondown>3111</ondown>
		<font>-</font>
		<label>13006</label>
		<visible>System.LoggedOn + !System.HasLocks + System.HasLoginScreen</visible>
	</control>

	<control>
		<description>Dashboard Icon</description>
		<type>image</type>
		<posx>240</posx>
		<posy>10</posy>
		<width>60</width>
		<height>79</height>
		<texture>sub-dash-focus-icon.png</texture>
		<visible>Control.HasFocus(3111) + System.LoggedOn + !System.HasLocks + System.HasLoginScreen</visible>
		
	</control>





	<control>
		<description>Reboot button</description>
		<type>button</type>
		<id>3114</id>
		<posx>300</posx>
		<posy>10</posy>
		<width>60</width>
		<height>79</height>
		<texturefocus>sub-reboot-focus.png</texturefocus>
		<texturenofocus>sub-reboot-nofocus.png</texturenofocus>
		<onclick>XBMC.Reset()</onclick>
		<pulseonselect>no</pulseonselect>
		<onleft>3111</onleft>
		<onright>3113</onright>
		<onup>3115</onup>
		<ondown>3115</ondown>
		<font>-</font>
		<label>13313</label>
		<visible>System.LoggedOn + !System.HasLocks + System.HasLoginScreen</visible>
	</control>

	<control>
		<description>Reboot Icon</description>
		<type>image</type>
		<posx>300</posx>
		<posy>10</posy>
		<width>60</width>
		<height>79</height>
		<texture>sub-reboot-focus-icon.png</texture>
		<visible>Control.HasFocus(3114) + System.LoggedOn + !System.HasLocks + System.HasLoginScreen</visible>
		
	</control>

	<control>
		<description>Restart XBMC button</description>
		<type>button</type>
		<id>3115</id>
		<posx>300</posx>
		<posy>10</posy>
		<width>60</width>
		<height>79</height>
		<texturefocus>sub-reboot-focus.png</texturefocus>
		<texturenofocus>-</texturenofocus>
		<onclick>XBMC.RestartApp()</onclick>
		<pulseonselect>no</pulseonselect>
		<onleft>3110</onleft>
		<onright>3113</onright>
		<onup>3114</onup>
		<ondown>3114</ondown>
		<font>-</font>
		<label>$LOCALIZE[13313] XBMC</label>
		<visible>System.LoggedOn + !System.HasLocks + System.HasLoginScreen</visible>
	</control>

	<control>
		<description>Restart XBMC Icon</description>
		<type>image</type>
		<posx>300</posx>
		<posy>10</posy>
		<width>60</width>
		<height>79</height>
		<texture>sub-reboot-focus-icon.png</texture>
		<visible>Control.HasFocus(3115) + System.LoggedOn + !System.HasLocks + System.HasLoginScreen</visible>
		
	</control>

	<!--- Yes Logon Yes Locks -->
	<control>
		<description>MasterLock Button</description>
		<type>togglebutton</type>
		<id>3118</id>
		<posx>-30</posx>
		<posy>10</posy>
		<width>60</width>
		<height>79</height>
		<label>20046</label>
		<altlabel>20045</altlabel>
		<texturefocus>sub-master-focus.png</texturefocus>
		<texturenofocus>sub-master-nofocus.png</texturenofocus>
		<usealttexture>System.IsMaster</usealttexture>
		<alttexturefocus>sub-nomaster-focus.png</alttexturefocus>
		<alttexturenofocus>sub-nomaster-nofocus.png</alttexturenofocus>
		<onclick>xbmc.mastermode</onclick>
		<pulseonselect>no</pulseonselect>
		<onleft>3114</onleft>
		<onright>3113</onright>
		<onup>3118</onup>
		<ondown>3118</ondown>
		<font>-</font>
		<visible>System.LoggedOn + System.HasLocks + System.HasLoginScreen</visible>
	</control>

	<control>
		<description>Enter MasterLock Icon</description>
		<type>image</type>
		<posx>-30</posx>
		<posy>10</posy>
		<width>60</width>
		<height>79</height>
		<texture>sub-nomaster-focus-icon.png</texture>
		<visible>Control.HasFocus(3118) + !System.IsMaster + System.LoggedOn + System.HasLocks + System.HasLoginScreen</visible>
	
	</control>

	<control>
		<description>Leave MasterLock Icon</description>
		<type>image</type>
		<posx>-30</posx>
		<posy>10</posy>
		<width>60</width>
		<height>79</height>
		<texture>sub-master-focus-icon.png</texture>
		<visible>Control.HasFocus(3118) + System.IsMaster + System.LoggedOn + System.HasLocks + System.HasLoginScreen</visible>
		
	</control>

	<control>
		<description>System Info button</description>
		<type>button</type>
		<id>3113</id>
		<posx>30</posx>
		<posy>10</posy>
		<width>60</width>
		<height>79</height>
		<texturefocus>sub-info-focus.png</texturefocus>
		<texturenofocus>sub-info-nofocus.png</texturenofocus>
		<onclick>XBMC.ActivateWindow(7)</onclick>
		<pulseonselect>no</pulseonselect>
		<onleft>3118</onleft>
		<onright>3117</onright>
		<onup>3113</onup>
		<ondown>3113</ondown>
		<font>-</font>
		<label>130</label>
		<visible>System.LoggedOn + System.HasLocks + System.HasLoginScreen</visible>
	</control>

	<control>
		<description>System Info Icon</description>
		<type>image</type>
		<posx>30</posx>
		<posy>10</posy>
		<width>60</width>
		<height>79</height>
		<texture>sub-info-focus-icon.png</texture>
		<visible>Control.HasFocus(3113) + System.LoggedOn + System.HasLocks + System.HasLoginScreen</visible>
		
	</control>

	<control>
		<description>Profile LogOff</description>
		<type>button</type>
		<id>3117</id>
		<posx>90</posx>
		<posy>10</posy>
		<width>60</width>
		<height>79</height>
		<texturefocus>sub-logoff-focus.png</texturefocus>
		<texturenofocus>sub-logoff-nofocus.png</texturenofocus>
		<onclick>system.logoff</onclick>
		<onclick>dialog.close(all,true)</onclick>
		<pulseonselect>no</pulseonselect>
		<onleft>3113</onleft>
		<onright>3112</onright>
		<onup>3117</onup>
		<ondown>3117</ondown>
		<font>-</font>
		<label>$LOCALIZE[20126] $INFO[system.profilename]</label>
		<visible>System.LoggedOn + System.HasLocks + System.HasLoginScreen</visible>
	</control>

	<control>
		<description>Profile LogOff Icon</description>
		<type>image</type>
		<posx>90</posx>
		<posy>10</posy>
		<width>60</width>
		<height>79</height>
		<texture>sub-logoff-focus-icon.png</texture>
		<visible>Control.HasFocus(3117) + System.LoggedOn + System.HasLocks + System.HasLoginScreen</visible>
		
	</control>

	<control>
		<description>Shutdown button</description>
		<type>button</type>
		<id>3112</id>
		<posx>150</posx>
		<posy>10</posy>
		<width>60</width>
		<height>79</height>
		<texturefocus>-</texturefocus>
		<texturenofocus>sub-shutdown-nofocus.png</texturenofocus>
		<onclick>XBMC.ShutDown()</onclick>
		<pulseonselect>no</pulseonselect>
		<onleft>3117</onleft>
		<onright>3110</onright>
		<onup>3200</onup>
		<ondown>3204</ondown>
		<font>-</font>
		<label>13005</label>
		<visible>System.LoggedOn + System.HasLocks + System.HasLoginScreen</visible>
	</control>

	<control>
		<description>30min ShutdownTimer button</description>
		<type>button</type>
		<id>3200</id>
		<posx>150</posx>
		<posy>10</posy>
		<width>60</width>
		<height>79</height>
		<texturefocus>-</texturefocus>
		<texturenofocus>-</texturenofocus>
		<onclick>XBMC.AlarmClock(shutdowntimer,XBMC.ShutDown(),30)</onclick>
		<pulseonselect>no</pulseonselect>
		<onleft>3117</onleft>
		<onright>3110</onright>
		<onup>3201</onup>
		<ondown>3112</ondown>
		<font>-</font>
		<label>20147</label>
		<visible>System.LoggedOn + System.HasLocks + System.HasLoginScreen</visible>
	</control>

	<control>
		<description>60min ShutdownTimer button</description>
		<type>button</type>
		<id>3201</id>
		<posx>150</posx>
		<posy>10</posy>
		<width>60</width>
		<height>79</height>
		<texturefocus>-</texturefocus>
		<texturenofocus>-</texturenofocus>
		<onclick>XBMC.AlarmClock(shutdowntimer,XBMC.ShutDown(),60)</onclick>
		<pulseonselect>no</pulseonselect>
		<onleft>3117</onleft>
		<onright>3110</onright>
		<onup>3202</onup>
		<ondown>3200</ondown>
		<font>-</font>
		<label>20148</label>
		<visible>System.LoggedOn + System.HasLocks + System.HasLoginScreen</visible>
	</control>

	<control>
		<description>120min ShutdownTimer button</description>
		<type>button</type>
		<id>3202</id>
		<posx>150</posx>
		<posy>10</posy>
		<width>60</width>
		<height>79</height>
		<texturefocus>-</texturefocus>
		<texturenofocus>-</texturenofocus>
		<onclick>XBMC.AlarmClock(shutdowntimer,XBMC.ShutDown(),120)</onclick>
		<pulseonselect>no</pulseonselect>
		<onleft>3117</onleft>
		<onright>3110</onright>
		<onup>3203</onup>
		<ondown>3201</ondown>
		<font>-</font>
		<label>20149</label>
		<visible>System.LoggedOn + System.HasLocks + System.HasLoginScreen</visible>
	</control>

	<control>
		<description>Custom ShutdownTimer button</description>
		<type>button</type>
		<id>3203</id>
		<posx>150</posx>
		<posy>10</posy>
		<width>60</width>
		<height>79</height>
		<texturefocus>-</texturefocus>
		<texturenofocus>-</texturenofocus>
		<onclick>XBMC.AlarmClock(shutdowntimer,XBMC.ShutDown())</onclick>
		<pulseonselect>no</pulseonselect>
		<onleft>3117</onleft>
		<onright>3110</onright>
		<onup>3204</onup>
		<ondown>3202</ondown>
		<font>-</font>
		<label>20150</label>
		<visible>System.LoggedOn + System.HasLocks + System.HasLoginScreen</visible>
	</control>

	<control>
		<description>Cancel ShutdownTimer button</description>
		<type>button</type>
		<id>3204</id>
		<posx>150</posx>
		<posy>10</posy>
		<width>60</width>
		<height>79</height>
		<texturefocus>-</texturefocus>
		<texturenofocus>-</texturenofocus>
		<onclick>XBMC.CancelAlarm(shutdowntimer)</onclick>
		<pulseonselect>no</pulseonselect>
		<onleft>3117</onleft>
		<onright>3110</onright>
		<onup>3112</onup>
		<ondown>3203</ondown>
		<font>-</font>
		<label>20151</label>
		<visible>System.HasAlarm(shutdowntimer)</visible>
		<visible>System.LoggedOn + System.HasLocks + System.HasLoginScreen</visible>
	</control>

	<control>
		<description>Shutdown focus image</description>
		<type>image</type>
		<posx>150</posx>
		<posy>10</posy>
		<width>60</width>
		<height>79</height>
		<texture>sub-shutdown-focus.png</texture>
		<include>shutdownmenu</include>
		<visible>System.LoggedOn + System.HasLocks + System.HasLoginScreen</visible>
		<visible>[Control.HasFocus(3112) | Control.HasFocus(3200) | Control.HasFocus(3201) | Control.HasFocus(3202) | Control.HasFocus(3203) | Control.HasFocus(3204)]</visible>
	</control>

	<control>
		<description>Shutdown Icon</description>
		<type>image</type>
		<posx>150</posx>
		<posy>10</posy>
		<width>60</width>
		<height>79</height>
		<texture>sub-shutdown-focus-icon.png</texture>
		<visible>System.LoggedOn + System.HasLocks + System.HasLoginScreen</visible>
		<visible>[Control.HasFocus(3112) | Control.HasFocus(3200) | Control.HasFocus(3201) | Control.HasFocus(3202) | Control.HasFocus(3203) | Control.HasFocus(3204)]</visible>
		
	</control>

	<control>
		<description>Favourite button</description>
		<type>button</type>
		<id>3110</id>
		<posx>210</posx>
		<posy>10</posy>
		<width>60</width>
		<height>79</height>
		<texturefocus>sub-exit-focus.png</texturefocus>
		<texturenofocus>sub-exit-nofocus.png</texturenofocus>
		<onclick>ActivateWindow(Favourites)</onclick>
		<pulseonselect>no</pulseonselect>
		<onleft>3112</onleft>
		<onright>3111</onright>
		<onup>3110</onup>
		<ondown>3110</ondown>
		<font>-</font>
		<label>1036</label>
		<visible>System.LoggedOn + System.HasLocks + System.HasLoginScreen</visible>
	</control>

	<control>
		<description>Favourite Icon</description>
		<type>image</type>
		<posx>210</posx>
		<posy>10</posy>
		<width>60</width>
		<height>79</height>
		<texture>sub-exit-focus-icon.png</texture>
		<visible>Control.HasFocus(3110) + System.LoggedOn + System.HasLocks + System.HasLoginScreen</visible>
		
	</control>

<control>
		<description>Dashboard button</description>
		<type>button</type>
		<id>3111</id>
		<posx>270</posx>
		<posy>10</posy>
		<width>60</width>
		<height>79</height>
		<texturefocus>sub-dash-focus-icon.png</texturefocus>
		<texturenofocus>sub-dash-nofocus-icon.png</texturenofocus>
		<onclick>XBMC.Dashboard()</onclick>
		<pulseonselect>no</pulseonselect>
		<onleft>3110</onleft>
		<onright>3114</onright>
		<onup>3111</onup>
		<ondown>3111</ondown>
		<font>-</font>
		<label>13006</label>
		<visible>System.LoggedOn + System.HasLocks + System.HasLoginScreen</visible>
	</control>

	<control>
		<description>Dashboard Icon</description>
		<type>image</type>
		<posx>270</posx>
		<posy>10</posy>
		<width>60</width>
		<height>79</height>
		<texture>sub-dash-focus-icon.png</texture>
		<visible>Control.HasFocus(3111) + System.LoggedOn + System.HasLocks + System.HasLoginScreen</visible>
	
	</control>



	<control>
		<description>Reboot button</description>
		<type>button</type>
		<id>3114</id>
		<posx>330</posx>
		<posy>10</posy>
		<width>60</width>
		<height>79</height>
		<texturefocus>sub-reboot-focus.png</texturefocus>
		<texturenofocus>sub-reboot-nofocus.png</texturenofocus>
		<onclick>XBMC.Reset()</onclick>
		<pulseonselect>no</pulseonselect>
		<onleft>3111</onleft>
		<onright>3118</onright>
		<onup>3115</onup>
		<ondown>3115</ondown>
		<font>-</font>
		<label>13313</label>
		<visible>System.LoggedOn + System.HasLocks + System.HasLoginScreen</visible>
	</control>

	<control>
		<description>Reboot Icon</description>
		<type>image</type>
		<posx>330</posx>
		<posy>10</posy>
		<width>60</width>
		<height>79</height>
		<texture>sub-reboot-focus-icon.png</texture>
		<visible>Control.HasFocus(3114) + System.LoggedOn + System.HasLocks + System.HasLoginScreen</visible>
		
	</control>

	<control>
		<description>Restart XBMC button</description>
		<type>button</type>
		<id>3115</id>
		<posx>330</posx>
		<posy>10</posy>
		<width>60</width>
		<height>79</height>
		<texturefocus>sub-reboot-focus.png</texturefocus>
		<texturenofocus>-</texturenofocus>
		<onclick>XBMC.RestartApp()</onclick>
		<pulseonselect>no</pulseonselect>
		<onleft>3110</onleft>
		<onright>3118</onright>
		<onup>3114</onup>
		<ondown>3114</ondown>
		<font>-</font>
		<label>$LOCALIZE[13313] XBMC</label>
		<visible>System.LoggedOn + System.HasLocks + System.HasLoginScreen</visible>
	</control>

	<control>
		<description>Restart XBMC Icon</description>
		<type>image</type>
		<posx>330</posx>
		<posy>10</posy>
		<width>60</width>
		<height>79</height>
		<texture>sub-reboot-focus-icon.png</texture>
		<visible>Control.HasFocus(3115) + System.LoggedOn + System.HasLocks + System.HasLoginScreen</visible>
		
	</control>

	<!--- Logon Screen -->
	<control>
		<description>Favourite button</description>
		<type>button</type>
		<id>3110</id>
		<posx>60</posx>
		<posy>10</posy>
		<width>60</width>
		<height>79</height>
		<texturefocus>sub-exit-focus.png</texturefocus>
		<texturenofocus>sub-exit-nofocus.png</texturenofocus>
		<onclick>ActivateWindow(Favourites)</onclick>
		<onclick>dialog.close(all,true)</onclick>
		<pulseonselect>no</pulseonselect>
		<onleft>3114</onleft>
		<onright>3111</onright>
		<onup>3110</onup>
		<ondown>3110</ondown>
		<font>-</font>
		<label>1036</label>
		<visible>!System.Loggedon</visible>
	</control>
 
	<control>
		<description>Favourite Icon</description>
		<type>image</type>
		<posx>60</posx>
		<posy>10</posy>
		<width>60</width>
		<height>79</height>
		<texture>sub-exit-focus-icon.png</texture>
		<visible>Control.HasFocus(3110) + !System.Loggedon</visible>
		
	</control>

<control>
		<description>Dashboard button</description>
		<type>button</type>
		<id>3111</id>
		<posx>120</posx>
		<posy>10</posy>
		<width>60</width>
		<height>79</height>
		<texturefocus>sub-dash-focus-icon.png</texturefocus>
		<texturenofocus>sub-dash-nofocus-icon.png</texturenofocus>
		<onclick>XBMC.Dashboard()</onclick>
		<pulseonselect>no</pulseonselect>
		<onleft>3110</onleft>
		<onright>3112</onright>
		<onup>3111</onup>
		<ondown>3111</ondown>
		<font>-</font>
		<label>13006</label>
		<visible>!System.Loggedon</visible>
	</control>

	<control>
		<description>Dashboard Icon</description>
		<type>image</type>
		<posx>120</posx>
		<posy>10</posy>
		<width>60</width>
		<height>79</height>
		<texture>sub-dash-focus-icon.png</texture>
		<visible>Control.HasFocus(3111) + !System.Loggedon</visible>
		
	</control>


	<control>
		<description>Shutdown button</description>
		<type>button</type>
		<id>3112</id>
		<posx>180</posx>
		<posy>10</posy>
		<width>60</width>
		<height>79</height>
		<texturefocus>sub-shutdown-focus.png</texturefocus>
		<texturenofocus>sub-shutdown-nofocus.png</texturenofocus>
		<onclick>XBMC.ShutDown()</onclick>
		<onclick>dialog.close(all,true)</onclick>
		<pulseonselect>no</pulseonselect>
		<onleft>3111</onleft>
		<onright>3114</onright>
		<onup>3112</onup>
		<ondown>3112</ondown>
		<font>-</font>
		<label>13005</label>
		<visible>!System.Loggedon</visible>
	</control>

	<control>
		<description>Shutdown Icon</description>
		<type>image</type>
		<posx>180</posx>
		<posy>10</posy>
		<width>60</width>
		<height>79</height>
		<texture>sub-shutdown-focus-icon.png</texture>
		<visible>Control.HasFocus(3112) + !System.Loggedon</visible>
		
	</control>
 
	<control>
		<description>Reboot button</description>
		<type>button</type>
		<id>3114</id>
		<posx>240</posx>
		<posy>10</posy>
		<width>60</width>
		<height>79</height>
		<texturefocus>sub-reboot-focus.png</texturefocus>
		<texturenofocus>sub-reboot-nofocus.png</texturenofocus>
		<onclick>XBMC.Reset()</onclick>
		<onclick>dialog.close(all,true)</onclick>
		<pulseonselect>no</pulseonselect>
		<onleft>3112</onleft>
		<onright>3110</onright>
		<onup>3115</onup>
		<ondown>3115</ondown>
		<font>-</font>
		<label>13313</label>
		<visible>!System.Loggedon</visible>
	</control>

	<control>
		<description>Reboot Icon</description>
		<type>image</type>
		<posx>240</posx>
		<posy>10</posy>
		<width>60</width>
		<height>79</height>
		<texture>sub-reboot-focus-icon.png</texture>
		<visible>Control.HasFocus(3114) + !System.Loggedon</visible>
		
	</control>

	<control>
		<description>Restart XBMC button</description>
		<type>button</type>
		<id>3115</id>
		<posx>240</posx>
		<posy>10</posy>
		<width>60</width>
		<height>79</height>
		<texturefocus>sub-reboot-focus.png</texturefocus>
		<texturenofocus>-</texturenofocus>
		<onclick>XBMC.RestartApp()</onclick>
		<onclick>dialog.close(all,true)</onclick>
		<pulseonselect>no</pulseonselect>
		<onleft>3112</onleft>
		<onright>3110</onright>
		<onup>3114</onup>
		<ondown>3114</ondown>
		<font>-</font>
		<label>$LOCALIZE[13313] XBMC</label>
		<visible>!System.Loggedon</visible>
	</control>

	<control>
		<description>Restart XBMC Icon</description>
		<type>image</type>
		<posx>240</posx>
		<posy>10</posy>
		<width>60</width>
		<height>79</height>
		<texture>sub-reboot-focus-icon.png</texture>
		<visible>Control.HasFocus(3115) + !System.Loggedon</visible>
		
	</control>

		</control>

	</controls>
</window>