<window>
	<id>3</id>
	<defaultcontrol>20</defaultcontrol>
	<allowoverlay>yes</allowoverlay>
	<controls>

<control>
		<description>Panel Image</description>
		<type>image</type>
		<posx>0</posx>
		<posy>0</posy>
		<width>720</width>
		<height>576</height>
		<texture>background2.png</texture>
		<visible>!Skin.HasSetting(Background)</visible>
		</control>



<control type="multiimage">
		<posx>0</posx>
		<posy>0</posy>
		<width>720</width>
		<height>576</height>
		<imagepath>Menus</imagepath>
		<info>Skin.String(CustomMenu)</info>
		<timeperimage>5000</timeperimage>
		<fadetime>2000</fadetime>
        <randomize>true</randomize>
		<visible>!Skin.HasSetting(CustomMenu)</visible>
		<visible>Skin.HasSetting(Background)</visible>
		<animation effect="fade" time="200">WindowOpen</animation>
        <animation effect="fade" time="300">WindowClose</animation>
        <animation effect="fade" time="200">Visible</animation>
        <animation effect="fade" delay = "200" time="800">Hidden</animation>
		</control>




		<control type="multiimage">
		<posx>0</posx>
		<posy>0</posy>
		<width>720</width>
		<height>576</height>
		<imagepath>-</imagepath>
		<info>Skin.String(CustomMenuFolder)</info>
		<timeperimage>5000</timeperimage>
		<fadetime>2000</fadetime>
        <randomize>true</randomize>
		<visible>!Skin.HasSetting(CustomMenuFolder)</visible>
		<visible>Skin.HasSetting(Background)</visible>
		<animation effect="fade" time="200">WindowOpen</animation>
        <animation effect="fade" time="300">WindowClose</animation>
        <animation effect="fade" time="200">Visible</animation>
        <animation effect="fade" delay = "200" time="800">Hidden</animation>
		</control>

<control>
		<description>Background</description>
		<type>image</type>
		<posx>0</posx>
		<posy>0</posy>
		<width>720</width>
		<height>530</height>
		<texture>back-row.png</texture>
		<animation effect="fade" time="200">WindowOpen</animation>
	    <animation effect="fade" time="200">WindowClose</animation>
		<visible>!Skin.HasSetting(Background)</visible>
        </control>

<control type="label">
	<posx>20</posx>
	<posy>30</posy>
	<align>left</align>
	<aligny>center</aligny>
	<font>Heading-M</font>
	<textcolor>white</textcolor>
	<visible>!Skin.HasSetting(menulabels)</visible>
	<animation effect="fade" time="200">WindowOpen</animation>
	<animation effect="fade" time="200">WindowClose</animation>
    <label>7</label>
    </control>




<control type="group">
<animation effect="fade" time="200">WindowClose</animation>
<posy>50</posy>



<control>
		<description>Background</description>
		<type>image</type>
		<posx>0</posx>
		<posy>-30</posy>
		<width>720</width>
		<height>510</height>
		<texture>background-filemanager.png</texture>
	</control>


	
	
	<control>
		<description>Current Directory Text Label Left</description>
		<type>fadelabel</type>
		<id>101</id>
		<align>left</align>
		<posx>90</posx>
		<posy>30</posy>
		<width>270</width>
		<font>font13</font>
	</control>

	<control>
		<description>Current Directory Text Label Right</description>
		<type>fadelabel</type>
		<id>102</id>
		<align>left</align>
		<posx>380</posx>
		<posy>30</posy>
		<width>270</width>
		<font>font13</font>
	</control>

	<control>
		<description>Background</description>
		<type>image</type>
		<posx>0</posx>
		<posy>-30</posy>
		<width>720</width>
		<height>510</height>
		<texture>background-filemanager1.png</texture>
        </control>

	<control>
		<description>Number of Files in Left List Text Label</description>
		<type>label</type>
		<id>12</id>
		<posx>90</posx>
		<posy>455</posy>
		<label>-</label>
		<font>font13</font>
		<visible effect="fade" time="100" start="hidden">Window.IsActive(3)</visible>
	</control>

	<control>
		<description>Number of Files in Right List Text Label</description>
		<type>label</type>
		<id>13</id>
		<posx>380</posx>
		<posy>455</posy>
		<label>-</label>
		<font>font13</font>
		<visible effect="fade" time="200" start="hidden">Window.IsActive(3)</visible>
	</control>

	
<control type="list" id="20">
<viewtype label="535">list</viewtype>
<visible effect="fade" time="100" start="hidden">Window.IsActive(3)</visible>
<posx>85</posx>
<posy>78</posy>
<width>272</width>
<height>348</height>
<onleft>21</onleft>
<onright>21</onright>
<onup>20</onup>
<ondown>20</ondown>
<pagecontrol>90</pagecontrol>

<itemlayout height="29">
<control type="image">
<posx>5</posx>
<posy>4.5</posy>
<width>20</width>
<height>20</height>
<info>ListItem.Icon</info>
<aspectratio>keep</aspectratio>
</control>
<control type="label">
<posx>35</posx>
<posy>0</posy>
<width>230</width>
<height>29</height>
<font>font15</font>
<aligny>center</aligny>
<textcolor>white</textcolor>
<include>selectedcolor</include>
<info>ListItem.Label</info>
</control>
</itemlayout>

<focusedlayout height="29">

<control type="image">
<posx>0</posx>
<posy>0</posy>
<width>270</width>
<height>29</height>
<texture>input-focus.png</texture>
<visible>Control.HasFocus(20)</visible>
<include>List Scroll29</include>
</control>

<control type="image">
<posx>5</posx>
<posy>4.5</posy>
<width>20</width>
<height>20</height>
<info>ListItem.Icon</info>
<aspectratio>keep</aspectratio>
</control>


<control type="label">
<posx>35</posx>
<posy>0</posy>
<width>230</width>
<height>29</height>
<font>font15</font>
<aligny>center</aligny>
<textcolor>white</textcolor>
<include>selectedcolor</include>
<scroll>true</scroll>
<scrolltime>100</scrolltime>
<info>ListItem.Label</info>
</control>
</focusedlayout>
</control>

<control type="list" id="21">
<viewtype label="535">list</viewtype>
<visible effect="fade" time="100" start="hidden">Window.IsActive(3)</visible>
<posx>372</posx>
<posy>78</posy>
<width>272</width>
<height>348</height>
<onleft>20</onleft>
<onright>20</onright>
<onup>21</onup>
<ondown>21</ondown>
<pagecontrol>90</pagecontrol>

<itemlayout height="29">
<control type="image">
<posx>5</posx>
<posy>4.5</posy>
<width>20</width>
<height>20</height>
<info>ListItem.Icon</info>
<aspectratio>keep</aspectratio>
</control>
<control type="label">
<posx>35</posx>
<posy>0</posy>
<width>230</width>
<height>29</height>
<font>font15</font>
<aligny>center</aligny>
<textcolor>white</textcolor>
<include>selectedcolor</include>
<info>ListItem.Label</info>
</control>
</itemlayout>

<focusedlayout height="29">

<control type="image">
<posx>0</posx>
<posy>0</posy>
<width>270</width>
<height>29</height>
<texture>input-focus.png</texture>
<visible>Control.HasFocus(21)</visible>
<include>List Scroll29</include>
</control>

<control type="image">
<posx>5</posx>
<posy>4.5</posy>
<width>20</width>
<height>20</height>
<info>ListItem.Icon</info>
<aspectratio>keep</aspectratio>
</control>


<control type="label">
<posx>35</posx>
<posy>0</posy>
<width>230</width>
<height>29</height>
<font>font15</font>
<aligny>center</aligny>
<textcolor>white</textcolor>
<include>selectedcolor</include>
<scroll>true</scroll>
<scrolltime>100</scrolltime>
<info>ListItem.Label</info>
</control>
</focusedlayout>
</control>


	</control>

<control type="group">
			<visible>System.HasDriveG</visible>
			<animation effect="fade" time="200">WindowClose</animation>
			<control type="label">
				<description>free space label</description>
				<posx>80</posx>
				<posy>535</posy>
				<width>142</width>
				<label>$INFO[System.Freespace(C)]</label>
				<include>textcolorlightgrey</include>
				<font>font11</font>
				<align>left</align>
			</control>
			
			<control type="label">
				<description>free space label</description>
				<posx>212</posx>
				<posy>535</posy>
				<width>142</width>
				<label>$INFO[System.Freespace(E)]</label>
				<include>textcolorlightgrey</include>
				<font>font11</font>
				<align>left</align>
			</control>
			
			<control type="label">
				<description>free space label</description>
				<posx>367</posx>
				<posy>535</posy>
				<width>142</width>
				<label>$INFO[System.Freespace(F)]</label>
				<include>textcolorlightgrey</include>
				<font>font11</font>
				<align>left</align>
			</control>
			
			<control type="label">
				<description>free space label</description>
				<posx>521</posx>
				<posy>535</posy>
				<width>142</width>
				<label>$INFO[System.Freespace(G)]</label>
				<include>textcolorlightgrey</include>
				<font>font11</font>
				<align>left</align>
			</control>
		</control>


		
		<control type="group">
			<animation effect="fade" time="200">WindowClose</animation>
			<visible>System.HasDriveF + !System.HasDriveG</visible>
			
			<control type="label">
				<description>free space label</description>
				<posx>80</posx>
				<posy>535</posy>
				<width>142</width>
				<label>$INFO[System.Freespace(C)]</label>
				<include>textcolorlightgrey</include>
				<font>font11</font>
				<align>left</align>
			</control>
			
			<control type="label">
				<description>free space label</description>
				<posx>370</posx>
				<posy>535</posy>
				<align>center</align>
				<label>$INFO[System.Freespace(E)]</label>
				<include>textcolorlightgrey</include>
				<font>font11</font>
				<align>left</align>
			</control>
			
			<control type="label">
				<description>free space label</description>
				<posx>650</posx>
				<posy>535</posy>
				<width>142</width>
				<align>right</align>
				<label>$INFO[System.Freespace(F)]</label>
				<include>textcolorlightgrey</include>
				<font>font11</font>
				<align>left</align>
			</control>
		</control>
		<include>Music-Info</include>
		
		</controls>
</window>