<fonts>
<fontset id="Default" unicode="true">
    <font>
      <name>font18</name>
      <filename>FrancophilSans.ttf</filename>
      <size>16</size>
      <style>bold</style>
      <shadow>ff000000</shadow>
    </font>

    <font>
      <name>font13</name>
      <filename>FrancophilSans.ttf</filename>
      <size>15</size>
      <shadow>ff000000</shadow>
    </font>

    <font>
      <name>font14</name>
      <filename>FrancophilSans.ttf</filename>
      <size>15</size>
      <style>bold</style>
      <shadow>ff000000</shadow>
    </font>

    <font>
      <name>font64</name>
      <filename>FrancophilSans.ttf</filename>
      <size>12</size>
      <style>bold</style>
      <shadow>ff000000</shadow>
    </font>

    <font>
      <name>matrix8</name>
      <filename>FrancophilSans.ttf</filename>
      <shadow>ff000000</shadow>
      <size>14</size>
      <style>bold</style>
      <shadow>ff000000</shadow>
    </font>

    <font>
      <name>font04</name>
      <filename>FrancophilSans.ttf</filename>
      <size>14</size>
      <style>bold</style>
      <shadow>ff000000</shadow>
    </font>

    <font>
      <name>font15</name>
      <filename>FrancophilSans.ttf</filename>
      <size>14</size>
      <style>bold</style>
      <shadow>ff000000</shadow>
    </font>

    <font>
      <name>font10</name>
      <filename>FrancophilSans.ttf</filename>
      <size>10</size>
      <style>bold</style>
      <shadow>ff000000</shadow>
    </font>

    <font>
      <name>font12</name>
      <filename>FrancophilSans.ttf</filename>
      <size>12</size>
      <style>bold</style>
      <shadow>ff000000</shadow>
    </font>

    <font>
      <name>fontKB</name>
      <filename>FrancophilSans.ttf</filename>
      <shadow>ff000000</shadow>
      <style>bold</style>
      <size>14</size>
    </font>

    <font>
      <name>font101</name>
      <filename>FrancophilSans.ttf</filename>
      <shadow>ff000000</shadow>
    </font>

    <font>
      <name>special12</name>
      <filename>FrancophilSans.ttf</filename>
      <shadow>ff000000</shadow>
      <size>15</size>
    </font>

    <font>
      <name>special13</name>
      <filename>FrancophilSans.ttf</filename>
      <shadow>ff000000</shadow>
      <size>17</size>
    </font>

    <font>
      <name>special14</name>
      <filename>FrancophilSans.ttf</filename>
      <shadow>ff000000</shadow>
	   <style>bold</style>
      <size>19</size>
    </font>

    <font>
      <name>special15</name>
      <filename>RockoFLF.ttf</filename>
      <shadow>ff000000</shadow>
      <size>23</size>
    </font>

	 <font>
      <name>special16</name>
      <filename>FrancophilSans.ttf</filename>
      <shadow>ff000000</shadow>
	  <style>bold</style>
      <size>27</size>
    </font>

	<font>
      <name>special17</name>
      <filename>FrancophilSans.ttf</filename>
      <shadow>ff000000</shadow>
	  <style>bold</style>
      <size>23</size>
    </font>

    <font>
      <name>fontBL</name>
      <filename>FrancophilSans.ttf</filename>
      <shadow>ff000000</shadow>
      <style>bold</style>
      <size>15</size>
    </font>

    <font>
      <name>Heading-M</name>
      <filename>RockoFLF.ttf</filename>
      <size>18</size>
	  <style>bold</style>
      <shadow>ff000000</shadow>
    </font>

    <font>
      <name>Heading-S</name>
      <filename>RockoFLF.ttf</filename>
      <size>18</size>
      <shadow>ff000000</shadow>
    </font>

 
 <font>
      <name>Heading-L</name>
      <filename>RockoFLF.ttf</filename>
      <size>26</size>
	  <style>bold</style>
      <shadow>ff000000</shadow>
    </font>


  </fontset>



</fonts>