<window id="25">
	<defaultcontrol>58</defaultcontrol>
	<allowoverlay>yes</allowoverlay>
	<controls>
    
	

<control type="multiimage">
		<posx>0</posx>
		<posy>0</posy>
		<width>720</width>
		<height>576</height>
		<imagepath>Menus</imagepath>
		<info>Skin.String(CustomMenu)</info>
		<timeperimage>5000</timeperimage>
		<fadetime>2000</fadetime>
        <randomize>true</randomize>
		<visible>!Control.IsVisible(58)</visible>
		<visible>!Control.IsVisible(53)</visible>
		<visible>!Control.IsVisible(52)</visible>
		<visible>!Control.IsVisible(55)</visible>
		<visible>!Control.IsVisible(50)</visible>
		<visible>[!Control.IsVisible(59) | !Container.Content(Movies) | system.platform.xbox]</visible>
		<visible>!Skin.HasSetting(CustomMenu)</visible>
		<visible>Skin.HasSetting(Background)</visible>
		<animation effect="fade" time="200">WindowOpen</animation>
        <animation effect="fade" time="200">WindowClose</animation>
        <animation effect="fade" time="200">Visible</animation>
        <animation effect="fade" delay = "200" time="800">Hidden</animation>
		</control>




		<control type="multiimage">
		<posx>0</posx>
		<posy>0</posy>
		<width>720</width>
		<height>576</height>
		<imagepath>-</imagepath>
		<info>Skin.String(CustomMenuFolder)</info>
		<timeperimage>5000</timeperimage>
		<fadetime>2000</fadetime>
        <randomize>true</randomize>
		<visible>!Control.IsVisible(58)</visible>
		<visible>!Control.IsVisible(53)</visible>
		<visible>!Control.IsVisible(52)</visible>
		<visible>!Control.IsVisible(50)</visible>
		<visible>!Control.IsVisible(55)</visible>
		<visible>[!Control.IsVisible(59) | !Container.Content(Movies) | system.platform.xbox]</visible>
		<visible>!Skin.HasSetting(CustomMenuFolder)</visible>
		<visible>Skin.HasSetting(Background)</visible>
		<animation effect="fade" time="200">WindowOpen</animation>
        <animation effect="fade" time="200">WindowClose</animation>
        <animation effect="fade" time="200">Visible</animation>
        <animation effect="fade" delay = "200" time="800">Hidden</animation>
		</control>

<include>WideIconView 1</include>	

<include>FanArt</include>	

<include>PlotList</include>

<control type="group">
<animation effect="fade" time="200">WindowClose</animation>

<include>listcontrol2</include>

<include>List2</include>	

 <include>List3</include>	

<include>DVD Case Wrap 1</include>

<include>DVD Case Wrap 3</include>

<include>VideoLibWraplist</include>	

<include>BigIcons</include>	
 
<include>Tilted SmallIcons</include>	

<include>BigWideView 1</include>

<include>Library Root View</include>

<control type="label">
	<posx>20</posx>
	<posy>30</posy>
	<align>left</align>
	<aligny>center</aligny>
	<font>Heading-M</font>
	<textcolor>white</textcolor>
	<visible>!Skin.HasSetting(menulabels)</visible>
	<animation effect="fade" time="200">WindowOpen</animation>
	<animation effect="fade" time="200">WindowClose</animation>
    <label>31035</label>
	<visible>container.content(movies)</visible>
	<visible>![Container.Content(tvshows) | Container.Content(seasons) | Container.Content(episodes)]</visible>
    <visible>[!Control.IsVisible(59) | !Container(59).Row(0) | !Container.Content(Movies)]</visible>
	<visible>[!Control.IsVisible(52) | !Container(52).Row(0) | !Container.Content(Movies)]</visible>
	</control>

	<control type="label">
	<posx>20</posx>
	<posy>30</posy>
	<align>left</align>
	<aligny>center</aligny>
	<font>Heading-M</font>
	<textcolor>white</textcolor>
	<visible>!Skin.HasSetting(menulabels)</visible>
	<animation effect="fade" time="200">WindowOpen</animation>
	<animation effect="fade" time="200">WindowClose</animation>
    <label>20314</label>
	<visible>![container.content(movies)]</visible>
    <visible>![Container.Content(tvshows) | Container.Content(seasons) | Container.Content(episodes)]</visible>
	</control>

<control type="label">
	<posx>20</posx>
	<posy>30</posy>
	<align>left</align>
	<aligny>center</aligny>
	<font>Heading-M</font>
	<textcolor>white</textcolor>
	<visible>!Skin.HasSetting(menulabels)</visible>
	<animation effect="fade" time="200">WindowOpen</animation>
	<animation effect="fade" time="200">WindowClose</animation>
    <label>31036</label>
    <visible>Container.Content(tvshows) | Container.Content(seasons) | Container.Content(episodes)</visible>
	</control>



<control type="image">
			<description>folder image</description>
			<posx>0</posx>
			<posy>0</posy>
			<width>720</width>
			<height>55</height>
			<aspectratio align="right">keep</aspectratio>
            <info>Container.TVShowThumb</info>
            <visible>Control.IsVisible(50)| Control.isVisible(55) | !Control.isVisible(58)</visible>
			<visible>!Container.Content(seasons)</visible>
            <visible>IsEmpty(FanArt.Image)</visible>
			<animation effect="fade" time="200">WindowOpen</animation>
	    <animation effect="fade" time="200">WindowClose</animation> 
		    </control>


	
	
</control>

	
   <control type="image">
    <description>Background shadow</description>
    <posx>0</posx>
    <posy>0</posy>
    <width>720</width>
    <height>576</height>
    <texture>black.png</texture>
     <visible allowhiddenfocus="true">![Window.Next(Home) | Control.HasFocus(50) | Control.HasFocus(51) | Control.HasFocus(52) | Control.HasFocus(53) | Control.HasFocus(54) | Control.HasFocus(55) | Control.HasFocus(23) | Control.HasFocus(24) | Control.HasFocus(56) | Control.HasFocus(57) | Control.HasFocus(58) | Control.HasFocus(59) | Control.HasFocus(90) | Control.HasFocus(91) | Control.HasFocus(92) | Control.HasFocus(11)]</visible>
   </control>

<control type="group">
  <posx>10</posx>
  <posy>-45</posy>


   <control type="image">
    <description>Button Background</description>
    <posx>240</posx>
    <posy>105</posy>
    <width>255</width>
    <height>455</height>
    <texture>button-menu-background.png</texture>
     <visible allowhiddenfocus="true">![Window.Next(Home) | Control.HasFocus(50) | Control.HasFocus(51) | Control.HasFocus(52) | Control.HasFocus(53) | Control.HasFocus(54) | Control.HasFocus(55) | Control.HasFocus(23) | Control.HasFocus(24) | Control.HasFocus(56) | Control.HasFocus(57) | Control.HasFocus(58) | Control.HasFocus(59) | Control.HasFocus(90) | Control.HasFocus(91) | Control.HasFocus(92) | Control.HasFocus(11)]</visible>
   </control>

   <control type="button" id="2">
    <description>View As Icons button</description>
    <posx>241</posx>
    <posy>185</posy>
    <width>222</width>
    <height>45</height>
    <font>font13</font>
    <textcolor>white</textcolor>
	<label>100</label>
    <textoffsetx>10</textoffsetx>
    <texturefocus>input-focus.png</texturefocus>
    <texturenofocus>-</texturenofocus>
    <onleft>51</onleft>
    <onright>51</onright>
    <onup>8</onup>
    <ondown>3</ondown>
    <visible allowhiddenfocus="true">![Window.Next(Home) | Control.HasFocus(50) | Control.HasFocus(51) | Control.HasFocus(52) | Control.HasFocus(53) | Control.HasFocus(54) | Control.HasFocus(55) | Control.HasFocus(23) | Control.HasFocus(24) | Control.HasFocus(56) | Control.HasFocus(57) | Control.HasFocus(58) | Control.HasFocus(59) | Control.HasFocus(90) | Control.HasFocus(91) | Control.HasFocus(92) | Control.HasFocus(11)]</visible>
   </control>

   <control type="button" id="3">
    <description>Sort by button</description>
    <posx>241</posx>
    <posy>230</posy>
    <width>222</width>
    <height>45</height>
    <font>font13</font>
    <textcolor>white</textcolor>
	<label>103</label>
    <textoffsetx>10</textoffsetx>
    <texturefocus>input-focus.png</texturefocus>
    <texturenofocus>-</texturenofocus>
    <onleft>51</onleft>
    <onright>4</onright>
    <onup>2</onup>
    <ondown>5</ondown>
    <visible allowhiddenfocus="true">![Window.Next(Home) | Control.HasFocus(50) | Control.HasFocus(51) | Control.HasFocus(52) | Control.HasFocus(53) | Control.HasFocus(54) | Control.HasFocus(55) | Control.HasFocus(23) | Control.HasFocus(24) | Control.HasFocus(56) | Control.HasFocus(57) | Control.HasFocus(58) | Control.HasFocus(59) | Control.HasFocus(90) | Control.HasFocus(91) | Control.HasFocus(92) | Control.HasFocus(11)]</visible>
   </control>

   <control type="togglebutton" id="4">
    <description>Sort asc</description>
    <posx>420</posx>
    <posy>245</posy>
    <label>-</label>
    <texturefocus>input-focus.png</texturefocus>
    <texturenofocus>-</texturenofocus>
	<onleft>3</onleft>
    <onright>51</onright>
    <onup>2</onup>
    <ondown>5</ondown>
    <visible allowhiddenfocus="true">![Window.Next(Home) | Control.HasFocus(50) | Control.HasFocus(51) | Control.HasFocus(52) | Control.HasFocus(53) | Control.HasFocus(54) | Control.HasFocus(55) | Control.HasFocus(23) | Control.HasFocus(24) | Control.HasFocus(56) | Control.HasFocus(57) | Control.HasFocus(58) | Control.HasFocus(59) | Control.HasFocus(90) | Control.HasFocus(91) | Control.HasFocus(92) | Control.HasFocus(11)]</visible>
   </control>

   <control type="radiobutton" id="5">
    <description>Library button</description>
    <posx>241</posx>
    <posy>275</posy>
    <width>222</width>
    <height>45</height>
    <font>font13</font>
    <textcolor>white</textcolor>
	<textoffsetx>10</textoffsetx>
    <texturefocus>input-focus.png</texturefocus>
    <texturenofocus>-</texturenofocus>
	<label>$LOCALIZE[14022] $LOCALIZE[456]</label>
    <onclick>ReplaceWindow(myvideofiles)</onclick>
    <selected>Window.IsVisible(myvideolibrary)</selected>
    <onleft>51</onleft>
    <onright>51</onright>
    <onup>3</onup>
    <ondown>6</ondown>
    <visible allowhiddenfocus="true">![Window.Next(Home) | Control.HasFocus(50) | Control.HasFocus(51) | Control.HasFocus(52) | Control.HasFocus(53) | Control.HasFocus(54) | Control.HasFocus(55) | Control.HasFocus(23) | Control.HasFocus(24) | Control.HasFocus(56) | Control.HasFocus(57) | Control.HasFocus(58) | Control.HasFocus(59) | Control.HasFocus(90) | Control.HasFocus(91) | Control.HasFocus(92) | Control.HasFocus(11)]</visible>
   </control>

   <control type="button" id="6">
    <description>Movie Trailers</description>
    <posx>241</posx>
    <posy>320</posy>
    <width>222</width>
    <height>45</height>
    <font>font13</font>
    <label>Movie Trailers</label>
    <textoffsetx>10</textoffsetx>
    <texturefocus>input-focus.png</texturefocus>
    <texturenofocus>-</texturenofocus>
    <onclick>XBMC.RunScript(Q:\scripts\Apple Movie Trailers\default.py)</onclick>
    <textcolor>white</textcolor>
	<onleft>50</onleft>
    <onright>50</onright>
    <onup>5</onup>
    <ondown>9</ondown>
    <visible allowhiddenfocus="true">![Window.Next(Home) | Control.HasFocus(50) | Control.HasFocus(51) | Control.HasFocus(52) | Control.HasFocus(53) | Control.HasFocus(54) | Control.HasFocus(55) | Control.HasFocus(23) | Control.HasFocus(24) | Control.HasFocus(56) | Control.HasFocus(57) | Control.HasFocus(58) | Control.HasFocus(59) | Control.HasFocus(90) | Control.HasFocus(91) | Control.HasFocus(92) | Control.HasFocus(11)]</visible>
   </control>

  <control type="button" id="9">
    <description>IMDB</description>
    <posx>241</posx>
    <posy>365</posy>
    <width>222</width>
    <height>45</height>
    <textcolor>white</textcolor>
	<label>IMDB</label>
	<font>font13</font>
    <textoffsetx>10</textoffsetx>
    <texturefocus>input-focus.png</texturefocus>
    <texturenofocus>-</texturenofocus>
	<onleft>51</onleft>
    <onright>51</onright>
    <onup>6</onup>
    <ondown>10</ondown>
    <visible allowhiddenfocus="true">![Window.Next(Home) | Control.HasFocus(50) | Control.HasFocus(51) | Control.HasFocus(52) | Control.HasFocus(53) | Control.HasFocus(54) | Control.HasFocus(55) | Control.HasFocus(23) | Control.HasFocus(24) | Control.HasFocus(56) | Control.HasFocus(57) | Control.HasFocus(58) | Control.HasFocus(59) | Control.HasFocus(90) | Control.HasFocus(91) | Control.HasFocus(92) | Control.HasFocus(11)]</visible>
   </control>

<control type="button" id="10">
    <description>Show Button</description>
    <posx>241</posx>
    <posy>410</posy>
    <width>222</width>
    <height>45</height>
    <textcolor>white</textcolor>
	<label>IMDB</label>
	<font>font13</font>
    <textoffsetx>10</textoffsetx>
   <texturefocus>input-focus.png</texturefocus>
    <texturenofocus>-</texturenofocus>
	 <onleft>51</onleft>
    <onright>51</onright>
    <onup>9</onup>
    <ondown>8</ondown>
    <visible allowhiddenfocus="true">![Window.Next(Home) | Control.HasFocus(50) | Control.HasFocus(51) | Control.HasFocus(52) | Control.HasFocus(53) | Control.HasFocus(54) | Control.HasFocus(55) | Control.HasFocus(23) | Control.HasFocus(24) | Control.HasFocus(56) | Control.HasFocus(57) | Control.HasFocus(58) | Control.HasFocus(59) | Control.HasFocus(90) | Control.HasFocus(91) | Control.HasFocus(92) | Control.HasFocus(11)]</visible>
   </control>

<control type="button" id="8">
    <description>Search Button</description>
    <posx>241</posx>
    <posy>455</posy>
    <width>222</width>
    <height>45</height>
    <textcolor>white</textcolor>
	<label>137</label>
	<font>font13</font>
    <textoffsetx>10</textoffsetx>
    <texturefocus>input-focus.png</texturefocus>
    <texturenofocus>-</texturenofocus>
	<onleft>51</onleft>
    <onright>51</onright>
    <onup>10</onup>
    <ondown>2</ondown>
    <visible allowhiddenfocus="true">![Window.Next(Home) | Control.HasFocus(50) | Control.HasFocus(51) | Control.HasFocus(52) | Control.HasFocus(53) | Control.HasFocus(54) | Control.HasFocus(55) | Control.HasFocus(23) | Control.HasFocus(24) | Control.HasFocus(56) | Control.HasFocus(57) | Control.HasFocus(58) | Control.HasFocus(59) | Control.HasFocus(90) | Control.HasFocus(91) | Control.HasFocus(92) | Control.HasFocus(11)]</visible>
   </control>

</control>


	<include>Music-Info</include>

<include>Alpha Scroll Label</include>

	</controls>
</window>