<window>
<id>6</id>
<defaultcontrol always="true">50</defaultcontrol>
<animation effect="fade" time="200">WindowClose</animation> 
<allowoverlay>yes</allowoverlay>
<previouswindow>Home</previouswindow>
 <controls>
   
  
<control>
		<description>Panel Image</description>
		<type>image</type>
		<posx>0</posx>
		<posy>0</posy>
		<width>720</width>
		<height>576</height>
		<visible>!Control.IsVisible(53)</visible>
		<visible>!Control.IsVisible(52)</visible>
		<visible>!Control.IsVisible(50)</visible>
		<texture>background2.png</texture>
		<visible>!Skin.HasSetting(Background)</visible>
		</control>




<control type="multiimage">
		<posx>0</posx>
		<posy>0</posy>
		<width>720</width>
		<height>576</height>
		<imagepath>Menus</imagepath>
		<info>Skin.String(CustomMenu)</info>
		<timeperimage>5000</timeperimage>
		<fadetime>2000</fadetime>
        <randomize>true</randomize>
		<visible>!Control.IsVisible(53)</visible>
		<visible>!Control.IsVisible(52)</visible>
		<visible>!Control.IsVisible(50)</visible>
		<visible>!Skin.HasSetting(CustomMenu)</visible>
		<visible>Skin.HasSetting(Background)</visible>
		<animation effect="fade" time="200">WindowOpen</animation>
        <animation effect="fade" time="300">WindowClose</animation>
        <animation effect="fade" time="200">Visible</animation>
        <animation effect="fade" delay = "200" time="800">Hidden</animation>
		</control>




		<control type="multiimage">
		<posx>0</posx>
		<posy>0</posy>
		<width>720</width>
		<height>576</height>
		<imagepath>-</imagepath>
		<info>Skin.String(CustomMenuFolder)</info>
		<timeperimage>5000</timeperimage>
		<fadetime>2000</fadetime>
        <randomize>true</randomize>
		<visible>!Control.IsVisible(53)</visible>
		<visible>!Control.IsVisible(52)</visible>
		<visible>!Control.IsVisible(50)</visible>
		<visible>!Skin.HasSetting(CustomMenuFolder)</visible>
		<visible>Skin.HasSetting(Background)</visible>
		<animation effect="fade" time="200">WindowOpen</animation>
        <animation effect="fade" time="300">WindowClose</animation>
        <animation effect="fade" time="200">Visible</animation>
        <animation effect="fade" delay = "200" time="800">Hidden</animation>
		</control>



<include>listcontrol</include>

<include>List 2</include>

<include>Big Icons</include>	
 
<include>Tilted Small Icons</include>

<include>WideIconView</include>

<include>BigWideView</include>

<include>Poster Wrap</include>

<include>DVD Case Wrap</include>

<include>File Mode DVD Case Wrap</include>

<include>VideofileWraplist</include>

<include>Bigwraplist</include>	


<control type="image">
			<description>folder image</description>
			<posx>0</posx>
			<posy>0</posy>
			<width>720</width>
			<height>55</height>
			<aspectratio align="right">keep</aspectratio>
            <info>container.folderthumb</info>
            <visible>Control.IsVisible(50)</visible>
			<animation effect="fade" time="200">WindowOpen</animation>
	    <animation effect="fade" time="200">WindowClose</animation> 
		</control>



 		


<control type="image">
    <description>list item icon</description>
    <posx>10</posx>
    <posy>90</posy>
    <width>360</width>
    <height>440</height>
    <info>ListItem.Icon</info>
    <aspectratio>keep</aspectratio>
    <visible>Control.IsVisible(50)</visible>
    </control>

    


<control type="label">
	<posx>50</posx>
	<posy>30</posy>
	<align>left</align>
	<aligny>center</aligny>
	<font>Heading-M</font>
	<textcolor>white</textcolor>
	<visible>!Skin.HasSetting(menulabels)</visible>
	<visible>Skin.HasSetting(videomovies)</visible>
	<animation effect="fade" time="200">WindowOpen</animation>
	<animation effect="fade" time="200">WindowClose</animation>
    <label>20342</label>
    </control>

<control type="label">
	<posx>20</posx>
	<posy>30</posy>
	<align>left</align>
	<aligny>center</aligny>
	<font>Heading-M</font>
	<textcolor>white</textcolor>
	<visible>!Skin.HasSetting(menulabels)</visible>
	<visible>Skin.HasSetting(videotv)</visible>
	<animation effect="fade" time="200">WindowOpen</animation>
	<animation effect="fade" time="200">WindowClose</animation>
    <label>20343</label>
    </control>

<control type="group">

 <posx>10</posx>

   <control type="image">
    <description>Background shadow</description>
    <posx>-10</posx>
    <posy>0</posy>
    <width>730</width>
    <height>576</height>
    <texture>black.png</texture>
    <visible allowhiddenfocus="true">![Window.Next(Home) | Control.HasFocus(50) | Control.HasFocus(51) | Control.HasFocus(52) | Control.HasFocus(53) | Control.HasFocus(54) | Control.HasFocus(55) | Control.HasFocus(23) | Control.HasFocus(24) | Control.HasFocus(56) | Control.HasFocus(57) | Control.HasFocus(58) | Control.HasFocus(59) | Control.HasFocus(90)]</visible>
   </control>



   <control type="image">
    <description>Button Background</description>
    <posx>240</posx>
    <posy>105</posy>
    <width>255</width>
    <height>365</height>
    <texture>button-menu-background.png</texture>
    <visible allowhiddenfocus="true">![Window.Next(Home) | Control.HasFocus(50) | Control.HasFocus(51) | Control.HasFocus(52) | Control.HasFocus(53) | Control.HasFocus(54) | Control.HasFocus(55) | Control.HasFocus(23) | Control.HasFocus(24) | Control.HasFocus(56) | Control.HasFocus(57) | Control.HasFocus(58) | Control.HasFocus(59) | Control.HasFocus(90)]</visible>
   </control>

   <control type="button" id="2">
    <description>View As Icons button</description>
    <posx>241</posx>
    <posy>185</posy>
    <width>222</width>
    <height>45</height>
    <font>font13</font>
    <label>100</label>
    <textcolor>white</textcolor>
	<textoffsetx>10</textoffsetx>
    <aligny>center</aligny>
    <texturefocus>input-focus.png</texturefocus>
    <texturenofocus>-</texturenofocus>
    <onleft>50</onleft>
    <onright>50</onright>
    <onup>19</onup>
    <ondown>3</ondown>
    <visible allowhiddenfocus="true">![Window.Next(Home) | Control.HasFocus(50) | Control.HasFocus(51) | Control.HasFocus(52) | Control.HasFocus(53) | Control.HasFocus(54) | Control.HasFocus(55) | Control.HasFocus(23) | Control.HasFocus(24) | Control.HasFocus(56) | Control.HasFocus(57) | Control.HasFocus(58) | Control.HasFocus(59) | Control.HasFocus(90)]</visible>
   </control>

   <control type="button" id="3">
    <description>Sort by button</description>
    <posx>241</posx>
    <posy>230</posy>
    <width>222</width>
    <height>45</height>
    <textcolor>white</textcolor>
	<font>font13</font>
    <label>103</label>
    <textoffsetx>10</textoffsetx>
    <texturefocus>input-focus.png</texturefocus>
    <texturenofocus>-</texturenofocus>
    <onleft>50</onleft>
    <onright>50</onright>
    <onup>2</onup>
    <ondown>5</ondown>
    <visible allowhiddenfocus="true">![Window.Next(Home) | Control.HasFocus(50) | Control.HasFocus(51) | Control.HasFocus(52) | Control.HasFocus(53) | Control.HasFocus(54) | Control.HasFocus(55) | Control.HasFocus(23) | Control.HasFocus(24) | Control.HasFocus(56) | Control.HasFocus(57) | Control.HasFocus(58) | Control.HasFocus(59) | Control.HasFocus(90)]</visible>
   </control>

   <control type="togglebutton" id="4">
    <description>Sort asc</description>
    <posx>440</posx>
    <posy>240</posy>
    <textcolor>white</textcolor>
	<label>-</label>
    <onleft>50</onleft>
    <onright>50</onright>
    <onup>2</onup>
    <ondown>5</ondown>
    <visible allowhiddenfocus="true">![Window.Next(Home) | Control.HasFocus(50) | Control.HasFocus(51) | Control.HasFocus(52) | Control.HasFocus(53) | Control.HasFocus(54) | Control.HasFocus(55) | Control.HasFocus(23) | Control.HasFocus(24) | Control.HasFocus(56) | Control.HasFocus(57) | Control.HasFocus(58) | Control.HasFocus(59) | Control.HasFocus(90)]</visible>
   </control>

   <control type="radiobutton" id="5">
    <description>Library button</description>
    <posx>241</posx>
    <posy>275</posy>
    <width>222</width>
    <height>45</height>
    <textcolor>white</textcolor>
	<font>font13</font>
    <textoffsetx>10</textoffsetx>
    <texturefocus>input-focus.png</texturefocus>
    <texturenofocus>-</texturenofocus>
	<label>$LOCALIZE[14022] $LOCALIZE[456]</label>
    <onclick>ReplaceWindow(myvideolibrary)</onclick>
    <selected>Window.IsVisible(myvideolibrary)</selected>
    <onleft>50</onleft>
    <onright>50</onright>
    <onup>3</onup>
    <ondown>7</ondown>
    <visible allowhiddenfocus="true">![Window.Next(Home) | Control.HasFocus(50) | Control.HasFocus(51) | Control.HasFocus(52) | Control.HasFocus(53) | Control.HasFocus(54) | Control.HasFocus(55) | Control.HasFocus(23) | Control.HasFocus(24) | Control.HasFocus(56) | Control.HasFocus(57) | Control.HasFocus(58) | Control.HasFocus(59) | Control.HasFocus(90)]</visible>
   </control>

   <control type="radiobutton" id="7">
    <description>Stacking</description>
    <posx>241</posx>
    <posy>320</posy>
    <width>222</width>
    <height>45</height>
    <font>font13</font>
    <textcolor>white</textcolor>
	<label>346</label>
    <textoffsetx>10</textoffsetx>
    <texturefocus>input-focus.png</texturefocus>
    <texturenofocus>-</texturenofocus>
    <onleft>50</onleft>
    <onright>50</onright>
    <onup>5</onup>
    <ondown>19</ondown>
    <visible allowhiddenfocus="true">![Window.Next(Home) | Control.HasFocus(50) | Control.HasFocus(51) | Control.HasFocus(52) | Control.HasFocus(53) | Control.HasFocus(54) | Control.HasFocus(55) | Control.HasFocus(23) | Control.HasFocus(24) | Control.HasFocus(56) | Control.HasFocus(57) | Control.HasFocus(58) | Control.HasFocus(59) | Control.HasFocus(90)]</visible>
   </control>

   <control type="button" id="19">
    <description>Movie Trailers</description>
    <posx>241</posx>
    <posy>365</posy>
    <width>222</width>
    <height>45</height>
    <font>font13</font>
    <label>Movie Trailers</label>
    <textoffsetx>10</textoffsetx>
    <texturefocus>input-focus.png</texturefocus>
    <texturenofocus>-</texturenofocus>
    <onclick>XBMC.RunScript(Q:\scripts\Apple Movie Trailers\default.py)</onclick>
    <textcolor>white</textcolor>
	<onleft>50</onleft>
    <onright>50</onright>
    <onup>7</onup>
    <ondown>2</ondown>
    <visible allowhiddenfocus="true">![Window.Next(Home) | Control.HasFocus(50) | Control.HasFocus(51) | Control.HasFocus(52) | Control.HasFocus(53) | Control.HasFocus(54) | Control.HasFocus(55) | Control.HasFocus(23) | Control.HasFocus(24) | Control.HasFocus(56) | Control.HasFocus(57) | Control.HasFocus(58) | Control.HasFocus(59) | Control.HasFocus(90)]</visible>
   </control>

  </control>

<include>Music-Info</include>
<include>Alpha Scroll Label</include>

 </controls>



</window>