<includes>
	<include name="OldListViewCommons">
		<control type="panel" id="50">
			<posx>11</posx>
			<posy>73</posy>
			<width>672</width>
			<height>429</height>
			<onleft>9000</onleft>
			<onright>60</onright>
			<onup>50</onup>
			<ondown>50</ondown>
			<viewtype label="535">list</viewtype>
			<pagecontrol>60</pagecontrol>
			<scrolltime>200</scrolltime>
			<hitrect x="25" y="85" w="615" h="550" />
			<itemlayout height="33" width="346">
				<control type="image">
					<posx>23</posx>
					<posy>2</posy>
					<width>23</width>
					<height>29</height>
					<info>ListItem.Icon</info>
				</control>
				<control type="label">
					<posx>51</posx>
					<posy>0</posy>
					<width>293</width>
					<height>33</height>
					<font>font13</font>
					<aligny>center</aligny>
					<selectedcolor>red</selectedcolor>
					<align>left</align>
					<info>ListItem.Label</info>
				</control>
				<control type="label">
					<posx>364</posx>
					<posy>0</posy>
					<width>225</width>
					<height>33</height>
					<font>font13</font>
					<aligny>center</aligny>
					<selectedcolor>red</selectedcolor>
					<textcolor>white</textcolor>
					<align>right</align>
					<info>ListItem.Label2</info>
				</control>
			</itemlayout>
			<focusedlayout height="33" width="346">
				<control type="image">
					<posx>-17</posx>
					<posy>0</posy>
					<width>422</width>
					<height>33</height>
					<colordiffuse>FFFFFFFF</colordiffuse>
					<visible>Control.HasFocus(50)</visible>
					<texture>ListItem_Focus.png</texture>
				</control>
				<control type="image">
					<posx>23</posx>
					<posy>2</posy>
					<width>23</width>
					<height>29</height>
					<info>ListItem.Icon</info>
				</control>
				<control type="label">
					<posx>51</posx>
					<posy>0</posy>
					<width>293</width>
					<height>33</height>
					<font>font13</font>
					<aligny>center</aligny>
					<selectedcolor>red</selectedcolor>
					<align>left</align>
					<info>ListItem.Label</info>
				</control>
				<control type="label">
					<posx>364</posx>
					<posy>0</posy>
					<width>225</width>
					<height>33</height>
					<font>font13</font>
					<aligny>center</aligny>
					<selectedcolor>red</selectedcolor>
					<textcolor>white</textcolor>
					<align>right</align>
					<info>ListItem.Label2</info>
				</control>
			</focusedlayout>
		</control>
		<control type="group">
			<posx>388</posx>
			<posy>68</posy>
			<visible>Control.IsVisible(50)</visible>
			<control type="image">
				<posx>11</posx>
				<posy>16</posy>
				<width>295</width>
				<height>400</height>
				<aspectratio aligny="bottom">keep</aspectratio>
				<info>Listitem.Icon</info>
			</control>
			<control type="image">
				<posx>11</posx>
				<posy>416</posy>
				<width>295</width>
				<height>400</height>
				<info>Listitem.Icon</info>
				<texture flipy="true" diffuse="diffuse_mirror.png" />
				<aspectratio aligny="top">keep</aspectratio>
			</control>
			<control type="image">
				<posx>270</posx>
				<posy>372</posy>
				<width>36</width>
				<height>51</height>
				<colordiffuse>FFFFFFFF</colordiffuse>
				<aspectratio>keep</aspectratio>
				<info>Listitem.Overlay</info>
			</control>
		</control>
	</include>
	<include name="OldListViewFullCommons">
		<control type="panel" id="51">
			<posx>11</posx>
			<posy>73</posy>
			<width>700</width>
			<height>429</height>
			<onleft>9000</onleft>
			<onright>60</onright>
			<onup>51</onup>
			<ondown>51</ondown>
			<viewtype label="537">list</viewtype>
			<pagecontrol>60</pagecontrol>
			<scrolltime>200</scrolltime>
			<itemlayout height="33" width="672">
				<control type="image">
					<posx>23</posx>
					<posy>2</posy>
					<width>23</width>
					<height>29</height>
					<info>ListItem.Icon</info>
				</control>
				<control type="label">
					<posx>51</posx>
					<posy>0</posy>
					<width>610</width>
					<height>33</height>
					<font>font13</font>
					<aligny>center</aligny>
					<selectedcolor>red</selectedcolor>
					<align>left</align>
					<info>ListItem.Label</info>
				</control>
				<control type="label">
					<posx>670</posx>
					<posy>0</posy>
					<width>225</width>
					<height>33</height>
					<font>font13</font>
					<aligny>center</aligny>
					<selectedcolor>red</selectedcolor>
					<textcolor>white</textcolor>
					<align>right</align>
					<info>ListItem.Label2</info>
				</control>
			</itemlayout>
			<focusedlayout height="33" width="672">
				<control type="image">
					<posx>-17</posx>
					<posy>0</posy>
					<width>706</width>
					<height>33</height>
					<colordiffuse>FFFFFFFF</colordiffuse>
					<visible>Control.HasFocus(51)</visible>
					<texture>ListItem_Focus.png</texture>
				</control>
				<control type="image">
					<posx>23</posx>
					<posy>2</posy>
					<width>23</width>
					<height>29</height>
					<info>ListItem.Icon</info>
				</control>
				<control type="label">
					<posx>51</posx>
					<posy>0</posy>
					<width>610</width>
					<height>33</height>
					<font>font13</font>
					<aligny>center</aligny>
					<selectedcolor>red</selectedcolor>
					<align>left</align>
					<info>ListItem.Label</info>
				</control>
				<control type="label">
					<posx>670</posx>
					<posy>0</posy>
					<width>225</width>
					<height>33</height>
					<font>font13</font>
					<aligny>center</aligny>
					<selectedcolor>red</selectedcolor>
					<textcolor>white</textcolor>
					<align>right</align>
					<info>ListItem.Label2</info>
				</control>
			</focusedlayout>
		</control>
	</include>
	<include name="AllViewCommonThumbSmall">
		<control type="panel" id="52">
			<visible>!Container.Content(TVShows)</visible>
			<posx>28</posx>
			<posy>68</posy>
			<width>668</width>
			<height>439</height>
			<onleft>9000</onleft>
			<onright>60</onright>
			<onup>52</onup>
			<ondown>52</ondown>
			<scrolltime>200</scrolltime>
			<viewtype label="536">icon</viewtype>
			<pagecontrol>60</pagecontrol>
			<orientation>vertical</orientation>
			<itemlayout condition="!Skin.HasSetting(FullIcons)" height="146" width="133">
				<control type="image">
					<posx>4</posx>
					<posy>4</posy>
					<width>125</width>
					<height>114</height>
					<info>ListItem.Icon</info>
				</control>
				<control type="image">
					<posx>95</posx>
					<posy>95</posy>
					<width>30</width>
					<height>30</height>
					<aspectratio>keep</aspectratio>
					<info>Listitem.Overlay</info>
				</control>
				<control type="label">
					<posx>66</posx>
					<posy>120</posy>
					<width>123</width>
					<height>18</height>
					<font>font13</font>
					<textcolor>white2</textcolor>
					<selectedcolor>red</selectedcolor>
					<align>center</align>
					<shadowcolor>black</shadowcolor>
					<info>ListItem.Label</info>
				</control>
			</itemlayout>
			<focusedlayout condition="!Skin.HasSetting(FullIcons)" height="146" width="133">
				<control type="image">
					<posx>0</posx>
					<posy>0</posy>
					<width>133</width>
					<height>122</height>
					<info>ListItem.Icon</info>
					<bordertexture border="4">folder-focus.png</bordertexture>
					<bordersize>4</bordersize>
				</control>
				<control type="image">
					<posx>95</posx>
					<posy>95</posy>
					<width>30</width>
					<height>30</height>
					<aspectratio>keep</aspectratio>
					<info>Listitem.Overlay</info>
				</control>
				<control type="image">
					<posx>-6</posx>
					<posy>122</posy>
					<width>145</width>
					<height>24</height>
					<visible>Control.HasFocus(52)</visible>
					<texture>folder-focus2.png</texture>
				</control>
				<control type="label">
					<posx>66</posx>
					<posy>120</posy>
					<width>123</width>
					<height>18</height>
					<font>font13</font>
					<selectedcolor>red</selectedcolor>
					<shadowcolor>black</shadowcolor>
					<align>center</align>
					<info>ListItem.Label</info>
				</control>
			</focusedlayout>
			<itemlayout condition="Skin.HasSetting(FullIcons)" height="146" width="133">
				<control type="image">
					<posx>4</posx>
					<posy>4</posy>
					<width>125</width>
					<height>138</height>
					<info>ListItem.Icon</info>
				</control>
				<control type="image">
					<posx>100</posx>
					<posy>115</posy>
					<width>30</width>
					<height>30</height>
					<aspectratio>keep</aspectratio>
					<info>Listitem.Overlay</info>
				</control>
			</itemlayout>
			<focusedlayout condition="Skin.HasSetting(FullIcons)" height="146" width="133">
				<control type="image">
					<posx>0</posx>
					<posy>0</posy>
					<width>133</width>
					<height>146</height>
					<info>ListItem.Icon</info>
					<bordertexture border="4">folder-focus.png</bordertexture>
					<bordersize>4</bordersize>
				</control>
				<control type="image">
					<posx>100</posx>
					<posy>115</posy>
					<width>30</width>
					<height>30</height>
					<aspectratio>keep</aspectratio>
					<info>Listitem.Overlay</info>
				</control>
			</focusedlayout>
		</control>
		<control type="group">
			<visible>Control.IsVisible(52) + Skin.HasSetting(FullIcons)</visible>
			<control type="image">
				<posx>149</posx>
				<posy>520</posy>
				<width>422</width>
				<height>35</height>
				<colordiffuse>FFFFFFFF</colordiffuse>
				<texture>ListItem_Focus.png</texture>
			</control>
			<control type="label">
				<posx>177</posx>
				<posy>520</posy>
				<width>366</width>
				<height>35</height>
				<font>font13</font>
				<align>center</align>
				<aligny>center</aligny>
				<scroll>true</scroll>
				<shadowcolor>black</shadowcolor>
				<info>ListItem.Label</info>
			</control>
		</control>
	</include>
	<include name="AllViewCommonThumbBig">
		<control type="panel" id="53">
			<visible>!Container.Content(TVShows)</visible>
			<posx>28</posx>
			<posy>68</posy>
			<width>668</width>
			<height>440</height>
			<onleft>9000</onleft>
			<onright>60</onright>
			<onup>53</onup>
			<ondown>53</ondown>
			<scrolltime>200</scrolltime>
			<viewtype label="538">icon</viewtype>
			<pagecontrol>60</pagecontrol>
			<orientation>vertical</orientation>
			<itemlayout condition="!Skin.HasSetting(FullIcons)" height="220" width="222">
				<control type="image">
					<posx>4</posx>
					<posy>4</posy>
					<width>214</width>
					<height>180</height>
					<info>ListItem.Icon</info>
				</control>
				<control type="image">
					<posx>180</posx>
					<posy>155</posy>
					<width>30</width>
					<height>30</height>
					<aspectratio>keep</aspectratio>
					<info>Listitem.Overlay</info>
				</control>
				<control type="label">
					<posx>111</posx>
					<posy>188</posy>
					<width>212</width>
					<height>18</height>
					<font>font13</font>
					<textcolor>white2</textcolor>
					<selectedcolor>red</selectedcolor>
					<shadowcolor>black</shadowcolor>
					<align>center</align>
					<info>ListItem.Label</info>
				</control>
			</itemlayout>
			<focusedlayout condition="!Skin.HasSetting(FullIcons)" height="220" width="222">
				<control type="image">
					<posx>0</posx>
					<posy>0</posy>
					<width>222</width>
					<height>188</height>
					<info>ListItem.Icon</info>
					<bordertexture border="4">folder-focus.png</bordertexture>
					<bordersize>4</bordersize>
				</control>
				<control type="image">
					<posx>180</posx>
					<posy>155</posy>
					<width>30</width>
					<height>30</height>
					<aspectratio>keep</aspectratio>
					<info>Listitem.Overlay</info>
				</control>
				<control type="image">
					<posx>-6</posx>
					<posy>188</posy>
					<width>224</width>
					<height>28</height>
					<texture>folder-focus2.png</texture>
				</control>
				<control type="label">
					<posx>111</posx>
					<posy>188</posy>
					<width>212</width>
					<height>18</height>
					<font>font13</font>
					<selectedcolor>red</selectedcolor>
					<shadowcolor>black</shadowcolor>
					<align>center</align>
					<info>ListItem.Label</info>
				</control>
			</focusedlayout>
			<itemlayout condition="Skin.HasSetting(FullIcons)" height="220" width="222">
				<control type="image">
					<posx>4</posx>
					<posy>4</posy>
					<width>214</width>
					<height>212</height>
					<info>ListItem.Icon</info>
				</control>
				<control type="image">
					<posx>190</posx>
					<posy>190</posy>
					<width>30</width>
					<height>30</height>
					<aspectratio>keep</aspectratio>
					<info>Listitem.Overlay</info>
				</control>
			</itemlayout>
			<focusedlayout condition="Skin.HasSetting(FullIcons)" height="220" width="222">
				<control type="image">
					<posx>0</posx>
					<posy>0</posy>
					<width>222</width>
					<height>220</height>
					<info>ListItem.Icon</info>
					<bordertexture border="4">folder-focus.png</bordertexture>
					<bordersize>4</bordersize>
				</control>
				<control type="image">
					<posx>190</posx>
					<posy>190</posy>
					<width>30</width>
					<height>30</height>
					<aspectratio>keep</aspectratio>
					<info>Listitem.Overlay</info>
				</control>
			</focusedlayout>
		</control>
		<control type="group">
			<visible>Control.IsVisible(53) + Skin.HasSetting(FullIcons)</visible>
			<control type="image">
				<posx>149</posx>
				<posy>520</posy>
				<width>422</width>
				<height>35</height>
				<colordiffuse>FFFFFFFF</colordiffuse>
				<texture>ListItem_Focus.png</texture>
			</control>
			<control type="label">
				<posx>177</posx>
				<posy>520</posy>
				<width>366</width>
				<height>35</height>
				<font>font13</font>
				<align>center</align>
				<aligny>center</aligny>
				<scroll>true</scroll>
				<shadowcolor>black</shadowcolor>
				<info>ListItem.Label</info>
			</control>
		</control>
	</include>
	<include name="DVDThumbView">
		<control type="panel" id="54">
			<visible>Container.Content(Movies) | Window.IsVisible(Videofiles)</visible>
			<posx>28</posx>
			<posy>68</posy>
			<width>669</width>
			<height>440</height>
			<onleft>9000</onleft>
			<onright>60</onright>
			<onup>54</onup>
			<ondown>54</ondown>
			<scrolltime>200</scrolltime>
			<viewtype label="542">icon</viewtype>
			<pagecontrol>60</pagecontrol>
			<orientation>vertical</orientation>
			<itemlayout condition="!Skin.HasSetting(FullIcons)" height="220" width="133">
				<control type="image">
					<posx>4</posx>
					<posy>4</posy>
					<width>125</width>
					<height>186</height>
					<info>ListItem.Icon</info>
				</control>
				<control type="image">
					<posx>100</posx>
					<posy>168</posy>
					<width>30</width>
					<height>30</height>
					<aspectratio>keep</aspectratio>
					<info>Listitem.Overlay</info>
				</control>
				<control type="label">
					<posx>67</posx>
					<posy>192</posy>
					<width>115</width>
					<height>18</height>
					<font>font13</font>
					<selectedcolor>red</selectedcolor>
					<shadowcolor>black</shadowcolor>
					<align>center</align>
					<info>ListItem.Label</info>
				</control>
			</itemlayout>
			<focusedlayout condition="!Skin.HasSetting(FullIcons)"height="220" width="133">
				<control type="image">
					<posx>0</posx>
					<posy>0</posy>
					<width>133</width>
					<height>194</height>
					<info>ListItem.Icon</info>
					<bordertexture border="4">folder-focus.png</bordertexture>
					<bordersize>4</bordersize>
				</control>
				<control type="image">
					<posx>100</posx>
					<posy>168</posy>
					<width>30</width>
					<height>30</height>
					<aspectratio>keep</aspectratio>
					<info>Listitem.Overlay</info>
				</control>
				<control type="image">
					<posx>-6</posx>
					<posy>192</posy>
					<width>127</width>
					<height>28</height>
					<texture>folder-focus2.png</texture>
				</control>
				<control type="label">
					<posx>67</posx>
					<posy>192</posy>
					<width>115</width>
					<height>18</height>
					<font>font13</font>
					<selectedcolor>red</selectedcolor>
					<shadowcolor>black</shadowcolor>
					<align>center</align>
					<info>ListItem.Label</info>
				</control>
			</focusedlayout>
			<itemlayout condition="Skin.HasSetting(FullIcons)" height="220" width="133">
				<control type="image">
					<posx>4</posx>
					<posy>4</posy>
					<width>125</width>
					<height>212</height>
					<info>ListItem.Icon</info>
				</control>
				<control type="image">
					<posx>100</posx>
					<posy>180</posy>
					<width>30</width>
					<height>30</height>
					<aspectratio>keep</aspectratio>
					<info>Listitem.Overlay</info>
				</control>
			</itemlayout>
			<focusedlayout condition="Skin.HasSetting(FullIcons)" height="220" width="133">
				<control type="image">
					<posx>0</posx>
					<posy>0</posy>
					<width>133</width>
					<height>220</height>
					<info>ListItem.Icon</info>
					<bordertexture border="4">folder-focus.png</bordertexture>
					<bordersize>4</bordersize>
				</control>
				<control type="image">
					<posx>100</posx>
					<posy>180</posy>
					<width>30</width>
					<height>30</height>
					<aspectratio>keep</aspectratio>
					<info>Listitem.Overlay</info>
				</control>
			</focusedlayout>
		</control>
		<control type="group">
			<visible>Control.IsVisible(54) + Skin.HasSetting(FullIcons)</visible>
			<control type="image">
				<posx>149</posx>
				<posy>520</posy>
				<width>422</width>
				<height>35</height>
				<colordiffuse>FFFFFFFF</colordiffuse>
				<texture>ListItem_Focus.png</texture>
			</control>
			<control type="label">
				<posx>177</posx>
				<posy>520</posy>
				<width>366</width>
				<height>35</height>
				<font>font13</font>
				<align>center</align>
				<aligny>center</aligny>
				<scroll>true</scroll>
				<shadowcolor>black</shadowcolor>
				<info>ListItem.Label</info>
			</control>
		</control>
	</include>
	<include name="WideIconViewCommons">
		<control type="panel" id="59">
			<visible>Container.Content(TVShows) | Window.IsVisible(Videofiles) | Window.IsVisible(Programs)</visible>
			<posx>11</posx>
			<posy>70</posy>
			<width>698</width>
			<height>443</height>
			<onleft>9000</onleft>
			<onright>60</onright>
			<onup>59</onup>
			<ondown>59</ondown>
			<viewtype label="$LOCALIZE[539] $LOCALIZE[536]">list</viewtype>
			<pagecontrol>60</pagecontrol>
			<scrolltime>200</scrolltime>
			<orientation>vertical</orientation>
			<itemlayout condition="!Skin.HasSetting(FullIcons)" height="110" width="349">
				<control type="image">
					<posx>4</posx>
					<posy>4</posy>
					<width>341</width>
					<height>80</height>
					<info>ListItem.Icon</info>
				</control>
				<control type="label">
					<posx>175</posx>
					<posy>90</posy>
					<width>339</width>
					<height>20</height>
					<font>font13</font>
					<align>center</align>
					<aligny>center</aligny>
					<textcolor>white</textcolor>
					<selectedcolor>red</selectedcolor>
					<shadowcolor>black</shadowcolor>
					<info>ListItem.Label</info>
				</control>
			</itemlayout>
			<focusedlayout condition="!Skin.HasSetting(FullIcons)" height="110" width="349">
				<control type="image">
					<posx>0</posx>
					<posy>0</posy>
					<width>349</width>
					<height>88</height>
					<colordiffuse>FFFFFFFF</colordiffuse>
					<info>ListItem.Icon</info>
					<bordertexture border="4">folder-focus.png</bordertexture>
					<bordersize>4</bordersize>
				</control>
				<control type="image">
					<posx>-6</posx>
					<posy>88</posy>
					<width>360</width>
					<height>28</height>
					<texture>folder-focus2.png</texture>
				</control>
				<control type="label">
					<posx>175</posx>
					<posy>90</posy>
					<width>339</width>
					<height>20</height>
					<font>font13</font>
					<align>center</align>
					<aligny>center</aligny>
					<textcolor>white</textcolor>
					<selectedcolor>red</selectedcolor>
					<shadowcolor>black</shadowcolor>
					<info>ListItem.Label</info>
				</control>
			</focusedlayout>
			<itemlayout condition="Skin.HasSetting(FullIcons)" height="88" width="349">
				<control type="image">
					<posx>4</posx>
					<posy>4</posy>
					<width>341</width>
					<height>80</height>
					<info>ListItem.Icon</info>
				</control>
			</itemlayout>
			<focusedlayout condition="Skin.HasSetting(FullIcons)" height="88" width="349">
				<control type="image">
					<posx>0</posx>
					<posy>0</posy>
					<width>349</width>
					<height>88</height>
					<colordiffuse>FFFFFFFF</colordiffuse>
					<info>ListItem.Icon</info>
					<bordertexture border="4">folder-focus.png</bordertexture>
					<bordersize>4</bordersize>
				</control>
			</focusedlayout>
		</control>
		<control type="group">
			<visible>Control.IsVisible(59) + Skin.HasSetting(FullIcons)</visible>
			<control type="image">
				<posx>149</posx>
				<posy>520</posy>
				<width>422</width>
				<height>35</height>
				<colordiffuse>FFFFFFFF</colordiffuse>
				<texture>ListItem_Focus.png</texture>
			</control>
			<control type="label">
				<posx>177</posx>
				<posy>520</posy>
				<width>366</width>
				<height>35</height>
				<font>font13</font>
				<align>center</align>
				<aligny>center</aligny>
				<scroll>true</scroll>
				<shadowcolor>black</shadowcolor>
				<info>ListItem.Label</info>
			</control>
		</control>
	</include>
	<include name="AllViewCommonPageControls">
		<control type="group">
			<posx>169r</posx>
			<posy>520</posy>
			<control type="image">
				<posx>0</posx>
				<posy>0</posy>
				<width>169</width>
				<height>35</height>
				<texture>Slider_focus_left.png</texture>
			</control>
			<control type="spincontrol" id="60">
				<description>Next page button</description>
				<posx>124</posx>
				<posy>8</posy>
				<subtype>page</subtype>
				<font>font13</font>
				<onleft>50</onleft>
				<onright>9000</onright>
				<ondown>60</ondown>
				<onup>50</onup>
				<textcolor>red</textcolor>
				<showonepage>true</showonepage>
			</control>
		</control>
	</include>
</includes>