<window id="128">
	<defaultcontrol>10</defaultcontrol>
	<coordinates>
		<system>1</system>
		<posx>23</posx>
		<posy>104</posy>
	</coordinates>
	<include>dialogeffect</include>
	<controls>
		<control type="image">
			<posx>0</posx>
			<posy>-5</posy>
			<width>675</width>
			<height>357</height>
			<texture border="0,45,0,10">Dialog.png</texture>
		</control>
		<control type="label" id="2">
			<description>Heading label</description>
			<posx>0</posx>
			<posy>2</posy>
			<width>675</width>
			<height>32</height>
			<align>center</align>
			<font>font16</font>
			<label>1007</label>
			<textcolor>red</textcolor>
			<shadowcolor>black</shadowcolor>
		</control>
		<control type="spincontrolex" id="10">
			<description>Protocol SpinControl</description>
			<posx>124</posx>
			<posy>44</posy>
			<height>36</height>
			<width>428</width>
			<texturefocus border="10,0,10,0">folder-focus2.png</texturefocus>
			<texturenofocus>dialog-button-nofocus.png</texturenofocus>
			<textureup>scroll-up.png</textureup>
			<texturedown>scroll-down.png</texturedown>
			<textureupfocus>scroll-up-focus.png</textureupfocus>
			<texturedownfocus>scroll-down-focus.png</texturedownfocus>
			<textcolor>white</textcolor>
			<disabledcolor>disabled</disabledcolor>
			<textoffsetx>25</textoffsetx>
			<aligny>center</aligny>
			<reverse>yes</reverse>
			<label>1008</label>
			<onup>18</onup>
			<ondown>11</ondown>
			<onleft>10</onleft>
			<onright>10</onright>
		</control>
		<control type="button" id="11">
			<description>Server Address Button</description>
			<posx>124</posx>
			<posy>84</posy>
			<width>343</width>
			<height>36</height>
			<textoffsetx>25</textoffsetx>
			<aligny>center</aligny>
			<texturefocus border="10,0,10,0">folder-focus2.png</texturefocus>
			<texturenofocus>dialog-button-nofocus.png</texturenofocus>
			<label>-</label>
			<onup>10</onup>
			<onleft>12</onleft>
			<onright>12</onright>
			<ondown>16</ondown>
		</control>
		<control type="button" id="12">
			<description>Server Browse Button</description>
			<posx>467</posx>
			<posy>84</posy>
			<width>84</width>
			<height>36</height>
			<textoffsetx>12</textoffsetx>
			<label>1024</label>
			<align>center</align>
			<aligny>center</aligny>
			<texturefocus border="10,0,10,0">folder-focus2.png</texturefocus>
			<texturenofocus>dialog-button-nofocus.png</texturenofocus>
			<onup>10</onup>
			<onleft>11</onleft>
			<onright>11</onright>
			<ondown>16</ondown>
		</control>
		<control type="button" id="16">
			<description>Remote path Button</description>
			<posx>124</posx>
			<posy>124</posy>
			<width>428</width>
			<height>36</height>
			<textoffsetx>25</textoffsetx>
			<aligny>center</aligny>
			<texturefocus border="10,0,10,0">folder-focus2.png</texturefocus>
			<texturenofocus>dialog-button-nofocus.png</texturenofocus>
			<label>-</label>
			<onup>11</onup>
			<onleft>16</onleft>
			<onright>16</onright>
			<ondown>13</ondown>
		</control>
		<control type="button" id="13">
			<description>Port Button</description>
			<posx>124</posx>
			<posy>164</posy>
			<width>428</width>
			<height>36</height>
			<textoffsetx>25</textoffsetx>
			<aligny>center</aligny>
			<texturefocus border="10,0,10,0">folder-focus2.png</texturefocus>
			<texturenofocus>dialog-button-nofocus.png</texturenofocus>
			<label>1013</label>
			<onup>16</onup>
			<onleft>13</onleft>
			<onright>13</onright>
			<ondown>14</ondown>
		</control>
		<control type="button" id="14">
			<description>Username Button</description>
			<posx>124</posx>
			<posy>204</posy>
			<width>428</width>
			<height>36</height>
			<textoffsetx>25</textoffsetx>
			<aligny>center</aligny>
			<texturefocus border="10,0,10,0">folder-focus2.png</texturefocus>
			<texturenofocus>dialog-button-nofocus.png</texturenofocus>
			<label>1014</label>
			<onup>13</onup>
			<onleft>14</onleft>
			<onright>14</onright>
			<ondown>15</ondown>
		</control>
		<control type="button" id="15">
			<description>Password Button</description>
			<posx>124</posx>
			<posy>244</posy>
			<width>428</width>
			<height>36</height>
			<textoffsetx>25</textoffsetx>
			<aligny>center</aligny>
			<texturefocus border="10,0,10,0">folder-focus2.png</texturefocus>
			<texturenofocus>dialog-button-nofocus.png</texturenofocus>
			<label>15052</label>
			<onup>14</onup>
			<onleft>15</onleft>
			<onright>15</onright>
			<ondown>18</ondown>
		</control>
		<control type="button" id="18">
			<description>Ok Button</description>
			<posx>194</posx>
			<posy>304</posy>
			<width>141</width>
			<height>32</height>
			<align>center</align>
			<aligny>center</aligny>
			<texturefocus>folder-focus2.png</texturefocus>
			<texturenofocus>dialog-button-nofocus.png</texturenofocus>
			<label>186</label>
			<onup>15</onup>
			<onleft>19</onleft>
			<onright>19</onright>
			<ondown>10</ondown>
		</control>
		<control type="button" id="19">
			<description>Cancel Button</description>
			<posx>340</posx>
			<posy>304</posy>
			<width>141</width>
			<height>32</height>
			<align>center</align>
			<aligny>center</aligny>
			<texturefocus>folder-focus2.png</texturefocus>
			<texturenofocus>dialog-button-nofocus.png</texturenofocus>
			<label>222</label>
			<onup>15</onup>
			<onleft>18</onleft>
			<onright>18</onright>
			<ondown>10</ondown>
		</control>
	</controls>
</window>
