<window type="dialog" id="134">
	<defaultcontrol always="true">450</defaultcontrol>
	<coordinates>
		<system>1</system>
		<posx>124</posx>
		<posy>132</posy>
		<origin x="124" y="60">Window.IsVisible(Home) + !Skin.HasSetting(Alternate_Home)</origin>
	</coordinates>
	<include>dialogeffect</include>
	<controls>
		<control type="image">
			<posx>-56</posx>
			<posy>-5</posy>
			<width>585</width>
			<height>300</height>
			<texture border="0,45,0,10">Dialog.png</texture>
		</control>
		<control type="image">
			<posx>225</posx>
			<posy>272</posy>
			<width>23</width>
			<height>13</height>
			<texture>Arrow_Down.png</texture>
			<visible>Container(450).HasNext</visible>
		</control>
		<control type="image">
			<posx>225</posx>
			<posy>42</posy>
			<width>23</width>
			<height>13</height>
			<texture>Arrow_Up.png</texture>
			<visible>Container(450).HasPrevious</visible>
		</control>
		<control type="label" id="1">
			<description>heading label</description>
			<posx>11</posx>
			<posy>0</posy>
			<width>473</width>
			<height>32</height>
			<align>center</align>
			<aligny>center</aligny>
			<font>font16</font>
			<label>$LOCALIZE[1036]</label>
			<textcolor>red</textcolor>
			<shadowcolor>black</shadowcolor>
		</control>
		<control type="list" id="450">
			<posx>-30</posx>
			<posy>56</posy>
			<width>473</width>
			<height>216</height>
			<onleft>450</onleft>
			<onright>450</onright>
			<onup>450</onup>
			<ondown>450</ondown>
			<pagecontrol>-</pagecontrol>
			<scrolltime>200</scrolltime>
			<itemlayout height="36">
				<control type="image">
					<posx>37</posx>
					<posy>4</posy>
					<width>20</width>
					<height>28</height>
					<info>ListItem.Icon</info>
				</control>
				<control type="label">
					<posx>65</posx>
					<posy>4</posy>
					<width>267</width>
					<height>28</height>
					<font>font13</font>
					<aligny>center</aligny>
					<selectedcolor>red</selectedcolor>
					<align>left</align>
					<info>ListItem.Label</info>
				</control>
			</itemlayout>
			<focusedlayout height="36">
				<control type="image">
					<posx>0</posx>
					<posy>0</posy>
					<width>473</width>
					<height>36</height>
					<colordiffuse>FFFFFFFF</colordiffuse>
					<visible>Control.HasFocus(450)</visible>
					<texture>ListItem_focus.png</texture>
				</control>
				<control type="image">
					<posx>37</posx>
					<posy>4</posy>
					<width>20</width>
					<height>28</height>
					<info>ListItem.Icon</info>
				</control>
				<control type="label">
					<posx>65</posx>
					<posy>4</posy>
					<width>267</width>
					<height>28</height>
					<font>font13</font>
					<aligny>center</aligny>
					<selectedcolor>red</selectedcolor>
					<align>left</align>
					<info>ListItem.Label</info>
				</control>
			</focusedlayout>
		</control>
		<control type="image">
			<posx>338</posx>
			<posy>60</posy>
			<width>150</width>
			<height>208</height>
			<aspectratio>keep</aspectratio>
			<texture>$INFO[Container(450).Listitem.Icon]</texture>
			<bordertexture border="4">folder-focus.png</bordertexture>
			<bordersize>4</bordersize>
		</control>
	</controls>
</window>
