<window id="110">
	<defaultcontrol>0</defaultcontrol>
	<coordinates>
		<system>1</system>
		<posx>23</posx>
		<posy>176</posy>
	</coordinates>
	<include>dialogeffect</include>
	<controls>
		<control type="image">
			<posx>0</posx>
			<posy>-5</posy>
			<width>675</width>
			<height>225</height>
			<texture border="0,45,0,10">Dialog.png</texture>
		</control>
		<control type="label" id="1">
			<description>Heading label</description>
			<posx>0</posx>
			<posy>2</posy>
			<width>675</width>
			<height>32</height>
			<align>center</align>
			<font>font16</font>
			<label>13406</label>
			<textcolor>red</textcolor>
			<shadowcolor>black</shadowcolor>
		</control>
		<control type="group">
			<posx>113</posx>
			<posy>44</posy>
			<control type="label" id="2">
				<description>dialog line 1</description>
				<posx>0</posx>
				<posy>0</posy>
				<width>450</width>
				<label>-</label>
				<align>center</align>
				<font>font13</font>
			</control>
			<control type="label" id="3">
				<description>dialog line 2</description>
				<posx>0</posx>
				<posy>28</posy>
				<width>450</width>
				<label>-</label>
				<align>center</align>
				<font>font13</font>
			</control>
			<control type="label" id="4">
				<description>dialog line 3</description>
				<posx>0</posx>
				<posy>64</posy>
				<width>450</width>
				<label>-</label>
				<align>center</align>
				<font>font40</font>
			</control>
\		</control>
	</controls>
</window>
