<window type="dialog" id="2000">
	<defaultcontrol always="true">3</defaultcontrol>
	<coordinates>
		<system>1</system>
		<posx>23</posx>
		<posy>80</posy>
		<origin x="40" y="125">!Control.IsVisible(5)</origin>
	</coordinates>
	<include>dialogeffect</include>
	<controls>
		<control type="image">
			<posx>0</posx>
			<posy>-5</posy>
			<width>675</width>
			<height>405</height>
			<texture border="0,45,0,10">Dialog.png</texture>
			<visible>Control.Isvisible(5)</visible>
		</control>
		<control type="image">
			<posx>0</posx>
			<posy>0</posy>
			<width>675</width>
			<height>360</height>
			<texture border="0,45,0,10">Dialog.png</texture>
			<visible>!Control.Isvisible(5)</visible>
		</control>
		<control type="image">
			<posx>326</posx>
			<posy>42</posy>
			<width>23</width>
			<height>13</height>
			<texture>Arrow_Up.png</texture>
			<visible>Container(3).HasPrevious</visible>
		</control>
		<control type="image">
			<posx>326</posx>
			<posy>336</posy>
			<width>23</width>
			<height>13</height>
			<texture>Arrow_Down.png</texture>
			<visible>Container(3).HasNext</visible>
		</control>
		<control type="label" id="1">
			<description>heading label</description>
			<posx>0</posx>
			<posy>0</posy>
			<width>675</width>
			<height>32</height>
			<align>center</align>
			<aligny>center</aligny>
			<font>font16</font>
			<label>-</label>
			<textcolor>red</textcolor>
			<shadowcolor>black</shadowcolor>
		</control>
		<control type="list" id="3">
			<posx>121</posx>
			<posy>56</posy>
			<width>433</width>
			<height>280</height>
			<onleft>5</onleft>
			<onright>5</onright>
			<onup>3</onup>
			<ondown>3</ondown>
			<pagecontrol>-</pagecontrol>
			<scrolltime>200</scrolltime>
			<itemlayout height="38">
				<control type="image">
					<posx>0</posx>
					<posy>0</posy>
					<width>433</width>
					<height>36</height>
					<texture>dialog-button-nofocus.png</texture>
				</control>
				<control type="label">
					<posx>8</posx>
					<posy>4</posy>
					<width>428</width>
					<height>28</height>
					<font>font13</font>
					<aligny>center</aligny>
					<selectedcolor>red</selectedcolor>
					<align>left</align>
					<info>ListItem.Label</info>
				</control>
			</itemlayout>
			<focusedlayout height="38">
				<control type="image">
					<posx>0</posx>
					<posy>0</posy>
					<width>428</width>
					<height>36</height>
					<visible>!Control.HasFocus(3)</visible>
					<texture>dialog-button-nofocus.png</texture>
				</control>
				<control type="image">
					<posx>0</posx>
					<posy>0</posy>
					<width>433</width>
					<height>36</height>
					<visible>Control.HasFocus(3)</visible>
					<texture border="10,0,10,0">folder-focus2.png</texture>
				</control>
				<control type="label">
					<posx>8</posx>
					<posy>4</posy>
					<width>394</width>
					<height>28</height>
					<font>font13</font>
					<aligny>center</aligny>
					<selectedcolor>red</selectedcolor>
					<align>left</align>
					<info>ListItem.Label</info>
				</control>
			</focusedlayout>
		</control>
		<control type="button" id="5">
			<description>OK Button</description>
			<posx>267</posx>
			<posy>356</posy>
			<width>141</width>
			<height>32</height>
			<font>font13</font>
			<align>center</align>
			<texturefocus>button-focus.png</texturefocus>
			<texturenofocus>button-nofocus.png</texturenofocus>
			<label>186</label>
			<onleft>3</onleft>
			<onright>3</onright>
			<onup>3</onup>
			<ondown>3</ondown>
		</control>
	</controls>
</window>
