<fonts>
	<fontset id="Default" unicode="true">
		<font>
			<name>font10</name>
			<filename>Arial.ttf</filename>
			<size>13</size>
			<aspect>1.0</aspect>
		</font>
		<font>
			<name>font12</name>
			<filename>Arial.ttf</filename>
			<size>15</size>
			<aspect>1.0</aspect>
		</font>
		<font>
			<name>font13</name>
			<filename>Arial.ttf</filename>
			<size>17</size>
			<aspect>1.0</aspect>
		</font>
		<font>
			<name>font13b</name>
			<filename>Arial.ttf</filename>
			<size>17</size>
			<style>bold</style>
			<aspect>1.0</aspect>
		</font>
		<font>
			<name>font16</name>
			<filename>Arial.ttf</filename>
			<size>22</size>
			<aspect>1.0</aspect>
		</font>
		<font>
			<name>font16thin</name>
			<filename>Arial.ttf</filename>
			<size>22</size>
			<aspect>0.8</aspect>
		</font>
		<font>
			<name>font16b</name>
			<filename>Arial.ttf</filename>
			<size>22</size>
			<style>bold</style>
			<aspect>1.0</aspect>
		</font>
		<font>
			<name>font30</name>
			<filename>Arial.ttf</filename>
			<size>25</size>
			<style>bold</style>
			<aspect>1.0</aspect>
		</font>
		<font>
			<name>font40</name>
			<filename>Arial.ttf</filename>
			<size>29</size>
			<style>bold</style>
			<aspect>1.0</aspect>
		</font>
	</fontset>
</fonts>