<window id="121">
	<defaultcontrol>2</defaultcontrol>
	<coordinates>
		<system>1</system>
		<posx>23</posx>
		<posy>40</posy>
	</coordinates>
	<include>dialogeffect</include>
	<controls>
		<control type="image">
			<posx>0</posx>
			<posy>-5</posy>
			<width>675</width>
			<height>405</height>
			<colordiffuse>BBFFFFFF</colordiffuse>
			<texture border="0,45,0,10">Dialog.png</texture>
		</control>
		<control type="image">
			<posx>326</posx>
			<posy>378</posy>
			<width>23</width>
			<height>13</height>
			<texture>Arrow_Down.png</texture>
			<visible>Container(5).HasNext</visible>
		</control>
		<control type="image">
			<posx>326</posx>
			<posy>42</posy>
			<width>23</width>
			<height>13</height>
			<texture>Arrow_Up.png</texture>
			<visible>Container(5).HasPrevious</visible>
		</control>
		<control type="label" id="2">
			<description>heading label</description>
			<posx>0</posx>
			<posy>7</posy>
			<width>675</width>
			<height>32</height>
			<align>center</align>
			<aligny>center</aligny>
			<font>font16</font>
			<textcolor>red</textcolor>
			<shadowcolor>black</shadowcolor>
		</control>
		<control type="label" id="3">
			<description>No Presets label</description>
			<posx>0</posx>
			<posy>120</posy>
			<width>675</width>
			<height>32</height>
			<label>13389</label>
			<align>center</align>
			<font>font16</font>
			<textcolor>white</textcolor>
		</control>
		<control type="grouplist" id="5">
			<description>control area</description>
			<posx>124</posx>
			<posy>56</posy>
			<width>428</width>
			<height>320</height>
			<itemgap>2</itemgap>
			<pagecontrol>-</pagecontrol>
			<onleft>5</onleft>
			<onright>5</onright>
			<onup>5</onup>
			<ondown>5</ondown>
			<animation effect="slide" start="0,0" end="11,0" time="0" condition="!Control.IsVisible(60)">Conditional</animation>
		</control>
		<control type="button" id="7">
			<description>Default Button</description>
			<posx>0</posx>
			<posy>0</posy>
			<height>36</height>
			<font>font13</font>
			<textcolor>white</textcolor>
			<textoffsetx>7</textoffsetx>
			<texturefocus border="10,0,10,0">folder-focus2.png</texturefocus>
			<texturenofocus>dialog-button-nofocus.png</texturenofocus>
		</control>
		<control type="radiobutton" id="8">
			<description>Default RadioButton</description>
			<posx>0</posx>
			<posy>0</posy>
			<height>36</height>
			<font>font13</font>
			<textcolor>white</textcolor>
			<texturefocus border="10,0,10,0">folder-focus2.png</texturefocus>
			<texturenofocus>dialog-button-nofocus.png</texturenofocus>
			<textoffsetx>7</textoffsetx>
			<textureradiofocus>radiobutton-focus.png</textureradiofocus>
			<textureradionofocus>radiobutton-nofocus.png</textureradionofocus>
		</control>
		<control type="spincontrolex" id="9">
			<description>Default SpinControlex</description>
			<posx>0</posx>
			<posy>0</posy>
			<height>36</height>
			<texturefocus border="10,0,10,0">folder-focus2.png</texturefocus>
			<texturenofocus>dialog-button-nofocus.png</texturenofocus>
			<textureup>scroll-up.png</textureup>
			<texturedown>scroll-down.png</texturedown>
			<textureupfocus>scroll-up-focus.png</textureupfocus>
			<texturedownfocus>scroll-down-focus.png</texturedownfocus>
			<font>font13</font>
			<textcolor>white</textcolor>
			<disabledcolor>disabled</disabledcolor>
			<textoffsetx>7</textoffsetx>
			<aligny>center</aligny>
			<reverse>yes</reverse>
		</control>
		<control type="image" id="11">
			<description>separator image</description>
			<width>197</width>
			<height>4</height>
			<colordiffuse>AAFFFFFF</colordiffuse>
			<texture>separator.png</texture>
		</control>
	</controls>
</window>
