<window id="2">
	<defaultcontrol always="true">50</defaultcontrol>
	<allowoverlay>no</allowoverlay>
	<controls>
		<include>Common_Background</include>
		<control type="group">
			<include>Window_OpenClose_Animation</include>
			<include>OldListViewCommons</include>
			<include>OldListViewFullCommons</include>
			<include>ImagesMediaInfo1</include>
			<include>AllViewCommonThumbSmall</include>
			<include>AllViewCommonThumbBig</include>
			<control type="group" id="9001">
				<posx>-194</posx>
				<posy>0</posy>
				<animation effect="slide" time="150" end="194,0" condition="ControlGroup(9001).HasFocus">Conditional</animation>
				<control type="button">
					<posx>0</posx>
					<posy>0</posy>
					<width>225</width>
					<height>576</height>
					<onclick>-</onclick>
					<hitrect x="0" y="0" w="200" h="576" />
					<texturefocus>Side_Slideout.png</texturefocus>
					<texturenofocus>Side_Slideout.png</texturenofocus>
				</control>
				<control type="group" id="9000">
					<posx>0</posx>
					<posy>112</posy>
					<control type="button" id="2">
						<description>View As button</description>
						<posx>0</posx>
						<posy>0</posy>
						<include>ButtonCommonValues</include>
						<label>-</label>
						<onleft>50</onleft>
						<onright>50</onright>
						<onup>9</onup>
						<ondown>3</ondown>
					</control>
					<control type="button" id="3">
						<description>Sort by button</description>
						<posx>0</posx>
						<posy>36</posy>
						<include>ButtonCommonValues</include>
						<label>103</label>
						<onleft>50</onleft>
						<onright>4</onright>
						<onup>2</onup>
						<ondown>6</ondown>
					</control>
					<control type="togglebutton" id="4">
						<description>Sort asc</description>
						<posx>165</posx>
						<posy>42</posy>
						<label>-</label>
						<texturefocus>scroll-up-focus.png</texturefocus>
						<texturenofocus>scroll-up.png</texturenofocus>
						<alttexturefocus>scroll-down-focus.png</alttexturefocus>
						<alttexturenofocus>scroll-down.png</alttexturenofocus>
						<onleft>3</onleft>
						<onright>50</onright>
						<onup>2</onup>
						<ondown>6</ondown>
					</control>
					<control type="button" id="6">
						<description>Slideshow button</description>
						<posx>0</posx>
						<posy>72</posy>
						<label>108</label>
						<include>ButtonCommonValues</include>
						<onleft>50</onleft>
						<onright>50</onright>
						<onup>3</onup>
						<ondown>7</ondown>
						<pulseonselect>no</pulseonselect>
					</control>
					<control type="button" id="7">
						<description>Recursive Slideshow Button</description>
						<posx>0</posx>
						<posy>108</posy>
						<include>ButtonCommonValues</include>
						<label>361</label>
						<onleft>50</onleft>
						<onright>50</onright>
						<onup>6</onup>
						<ondown>9</ondown>
						<pulseonselect>no</pulseonselect>
					</control>
					<control type="radiobutton" id="9">
						<description>Randomize Button</description>
						<posx>0</posx>
						<posy>144</posy>
						<include>ButtonCommonValues</include>
						<label>13319</label>
						<onleft>50</onleft>
						<onright>50</onright>
						<onup>7</onup>
						<ondown>2</ondown>
						<pulseonselect>no</pulseonselect>
						<radioposx>165</radioposx>
					</control>
				</control>
			</control>
			<control type="image">
				<posx>0</posx>
				<posy>0</posy>
				<width>720</width>
				<height>72</height>
				<texture>Topbar.png</texture>
			</control>
			<control type="label">
				<description>Title label</description>
				<posx>23</posx>
				<posy>16</posy>
				<width>338</width>
				<height>34</height>
				<align>left</align>
				<aligny>center</aligny>
				<textcolor>white</textcolor>
				<shadowcolor>black</shadowcolor>
				<label>1</label>
				<font>font16b</font>
			</control>
			<include>Common_Now_Playing</include>
			<include>Common_File_Count</include>
			<include>AllViewCommonPageControls</include>
		</control>
	</controls>
</window>
