<window id="25">
	<defaultcontrol always="true">50</defaultcontrol>
	<allowoverlay>no</allowoverlay>
	<controls>
		<include>Common_Background</include>
		<control type="image">
			<description>background image</description>
			<posx>0</posx>
			<posy>20</posy>
			<width>720</width>
			<height>430</height>
			<aspectratio scalediffuse="false">scale</aspectratio>
			<texture diffuse="FanArt_Overlay_4x3.png">$INFO[FanArt.Image]</texture>
			<visible>!IsEmpty(FanArt.Image) + Control.IsVisible(57)</visible>
			<animation effect="fade" time="200">VisibleChange</animation>
			<include>Window_OpenClose_Animation</include>
		</control>
		<control type="group">
			<include>Window_OpenClose_Animation</include>
			<include>VideoLibraryMediaInfo1</include>
			<include>VideoLibraryMediaInfo2</include>
			<include>VideoLibraryFanArt</include>
			<include>OldListViewFullCommons</include>
			<include>AllViewCommonThumbSmall</include>
			<include>AllViewCommonThumbBig</include>
			<include>DVDThumbView</include>
			<include>3d_CoverView</include>
			<include>WideIconViewCommons</include>
			<control type="group" id="9001">
				<posx>-194</posx>
				<posy>0</posy>
				<animation effect="slide" time="150" end="194,0" condition="ControlGroup(9001).HasFocus">Conditional</animation>
				<control type="button">
					<posx>0</posx>
					<posy>0</posy>
					<width>225</width>
					<height>576</height>
					<onclick>-</onclick>
					<hitrect x="0" y="0" w="200" h="576" />
					<texturefocus>Side_Slideout.png</texturefocus>
					<texturenofocus>Side_Slideout.png</texturenofocus>
				</control>
				<control type="group" id="9000">
					<posx>0</posx>
					<posy>112</posy>
					<control type="button" id="2">
						<description>View As button</description>
						<posx>0</posx>
						<posy>0</posy>
						<include>ButtonCommonValues</include>
						<label>-</label>
						<onleft>50</onleft>
						<onright>50</onright>
						<onup>200</onup>
						<ondown>3</ondown>
					</control>
					<control type="button" id="3">
						<description>Sort by button</description>
						<posx>0</posx>
						<posy>36</posy>
						<include>ButtonCommonValues</include>
						<label>103</label>
						<onleft>50</onleft>
						<onright>4</onright>
						<onup>2</onup>
						<ondown>99</ondown>
					</control>
					<control type="togglebutton" id="4">
						<description>Sort asc</description>
						<posx>165</posx>
						<posy>42</posy>
						<label>-</label>
						<texturefocus>scroll-up-focus.png</texturefocus>
						<texturenofocus>scroll-up.png</texturenofocus>
						<alttexturefocus>scroll-down-focus.png</alttexturefocus>
						<alttexturenofocus>scroll-down.png</alttexturenofocus>
						<onleft>3</onleft>
						<onright>50</onright>
						<onup>2</onup>
						<ondown>99</ondown>
					</control>
					<control type="radiobutton" id="99">
						<description>Library button</description>
						<posx>0</posx>
						<posy>72</posy>
						<label>$LOCALIZE[14022] $LOCALIZE[456]</label>
						<font>font13</font>
						<onclick>ReplaceWindow(myvideofiles)</onclick>
						<selected>Window.IsVisible(myvideolibrary)</selected>
						<include>ButtonCommonValues</include>
						<onleft>50</onleft>
						<onright>50</onright>
						<onup>3</onup>
						<ondown>14</ondown>
						<pulseonselect>no</pulseonselect>
						<radioposx>165</radioposx>
					</control>
					<control type="radiobutton" id="14">
						<description>Watched Toggle</description>
						<posx>0</posx>
						<posy>108</posy>
						<include>ButtonCommonValues</include>
						<label>20367</label>
						<onleft>50</onleft>
						<onright>50</onright>
						<onup>99</onup>
						<ondown>8</ondown>
						<pulseonselect>no</pulseonselect>
						<radioposx>165</radioposx>
					</control>
					<control type="button" id="8">
						<description>Search</description>
						<posx>0</posx>
						<posy>144</posy>
						<include>ButtonCommonValues</include>
						<label>137</label>
						<onleft>50</onleft>
						<onright>50</onright>
						<onup>14</onup>
						<ondown>19</ondown>
						<pulseonselect>no</pulseonselect>
					</control>
					<control type="radiobutton" id="19">
						<description>Filter</description>
						<posx>0</posx>
						<posy>180</posy>
						<include>ButtonCommonValues</include>
						<label>587</label>
						<onleft>50</onleft>
						<onright>50</onright>
						<onup>8</onup>
						<ondown>16</ondown>
						<pulseonselect>no</pulseonselect>
						<radioposx>165</radioposx>
					</control>
					<control type="radiobutton" id="16">
						<description>PartyMode</description>
						<posx>0</posx>
						<posy>216</posy>
						<include>ButtonCommonValues</include>
						<label>589</label>
						<onleft>50</onleft>
						<onright>50</onright>
						<onup>19</onup>
						<ondown>17</ondown>
						<pulseonselect>no</pulseonselect>
						<radioposx>165</radioposx>
					</control>
					<control type="radiobutton" id="17">
						<description>Flatten</description>
						<posx>0</posx>
						<posy>252</posy>
						<include>ButtonCommonValues</include>
						<label>20411</label>
						<onleft>50</onleft>
						<onright>50</onright>
						<onup>16</onup>
						<ondown>11</ondown>
						<pulseonselect>no</pulseonselect>
						<radioposx>165</radioposx>
					</control>
					<control type="radiobutton" id="11">
						<description>Unlock Shares</description>
						<posx>0</posx>
						<posy>288</posy>
						<include>ButtonCommonValues</include>
						<label>20336</label>
						<onleft>50</onleft>
						<onright>50</onright>
						<onup>17</onup>
						<ondown>200</ondown>
						<pulseonselect>no</pulseonselect>
						<onclick>xbmc.mastermode</onclick>
						<selected>system.ismaster</selected>
						<visible>system.haslocks</visible>
						<radioposx>165</radioposx>
					</control>
					<control type="button" id="200">
						<description>Temp Play DVD Button</description>
						<posx>0</posx>
						<posy>324</posy>
						<include>ButtonCommonValues</include>
						<label>341</label>
						<onclick>XBMC.PlayDVD()</onclick>
						<onleft>50</onleft>
						<onright>50</onright>
						<onup>11</onup>
						<ondown>2</ondown>
						<pulseonselect>no</pulseonselect>
						<animation effect="slide" start="0,0" end="0,-36" time="0" condition="!Control.IsVisible(11)">Conditional</animation>
						<visible>System.HasMediaDVD</visible>
					</control>
				</control>
			</control>
			<control type="group">
				<visible>!Control.IsVisible(57)</visible>
				<control type="image">
					<posx>0</posx>
					<posy>0</posy>
					<width>720</width>
					<height>72</height>
					<texture>Topbar.png</texture>
				</control>
				<control type="image">
					<description>folder image</description>
					<posx>405r</posx>
					<posy>0</posy>
					<width>405</width>
					<height>60</height>
					<aspectratio align="right">keep</aspectratio>
					<texture diffuse="Wide_Icon_Diffuse.png">$INFO[Container.TVShowThumb]</texture>
					<visible>!Player.HasMedia</visible>
				</control>
				<control type="label">
					<description>Title label</description>
					<posx>23</posx>
					<posy>16</posy>
					<width>338</width>
					<height>34</height>
					<align>left</align>
					<aligny>center</aligny>
					<textcolor>white</textcolor>
					<shadowcolor>black</shadowcolor>
					<label>20314</label>
					<font>font16b</font>
					<visible>!container.content(tvshows) + !container.content(movies) + !container.content(musicvideos)</visible>
				</control>
				<control type="label">
					<description>Title label Movies</description>
					<posx>23</posx>
					<posy>16</posy>
					<width>338</width>
					<height>34</height>
					<align>left</align>
					<aligny>center</aligny>
					<textcolor>white</textcolor>
					<shadowcolor>black</shadowcolor>
					<label>$LOCALIZE[20314] - $LOCALIZE[342]</label>
					<font>font16b</font>
					<visible>container.content(movies)</visible>
				</control>
				<control type="label">
					<description>Title label TV Shows</description>
					<posx>23</posx>
					<posy>16</posy>
					<width>338</width>
					<height>34</height>
					<align>left</align>
					<aligny>center</aligny>
					<textcolor>white</textcolor>
					<shadowcolor>black</shadowcolor>
					<label>$LOCALIZE[20314] - $LOCALIZE[20343]</label>
					<font>font16b</font>
					<visible>container.content(tvshows)</visible>
				</control>
				<control type="label">
					<description>Title label Music Videos</description>
					<posx>23</posx>
					<posy>16</posy>
					<width>338</width>
					<height>34</height>
					<align>left</align>
					<aligny>center</aligny>
					<textcolor>white</textcolor>
					<shadowcolor>black</shadowcolor>
					<label>$LOCALIZE[20314] - $LOCALIZE[20389]</label>
					<font>font16b</font>
					<visible>container.content(musicvideos)</visible>
				</control>
				<include>Common_Now_Playing</include>
				<include>Common_File_Count</include>
				<include>AllViewCommonPageControls</include>
			</control>
		</control>
	</controls>
</window>
