<window>
	<defaultcontrol always="true">50</defaultcontrol>
	<allowoverlay>no</allowoverlay>
	<controls>
		<include>Common_Background</include>
		<control type="group">
			<include>Window_OpenClose_Animation</include>
			<!-- Trailer list controls -->
			<!-- ** Required ** Do not change id or type-->
			<control type="group" id="3000">
				<control type="list" id="50">
					<posx>14</posx>
					<posy>73</posy>
					<width>534</width>
					<height>264</height>
					<onleft>9000</onleft>
					<onright>2050</onright>
					<onup>50</onup>
					<ondown>50</ondown>
					<viewtype label="544">list</viewtype>
					<pagecontrol>2050</pagecontrol>
					<scrolltime>200</scrolltime>
					<hitrect x="25" y="85" w="615" h="550" />
					<itemlayout height="33" width="534">
						<control type="image">
							<posx>8</posx>
							<posy>2</posy>
							<width>23</width>
							<height>29</height>
							<info>ListItem.Icon</info>
						</control>
						<control type="label">
							<posx>37</posx>
							<posy>0</posy>
							<width>478</width>
							<height>33</height>
							<font>font13</font>
							<aligny>center</aligny>
							<selectedcolor>red</selectedcolor>
							<align>left</align>
							<info>ListItem.Label</info>
						</control>
						<control type="label">
							<posx>523</posx>
							<posy>0</posy>
							<width>225</width>
							<height>33</height>
							<font>font13</font>
							<aligny>center</aligny>
							<selectedcolor>red</selectedcolor>
							<textcolor>white</textcolor>
							<align>right</align>
							<info>ListItem.Label2</info>
						</control>
					</itemlayout>
					<focusedlayout height="33" width="534">
						<control type="image">
							<posx>0</posx>
							<posy>0</posy>
							<width>534</width>
							<height>36</height>
							<colordiffuse>FFFFFFFF</colordiffuse>
							<visible>Control.HasFocus(50)</visible>
							<texture>ListItem_Focus.png</texture>
						</control>
						<control type="image">
							<posx>8</posx>
							<posy>2</posy>
							<width>23</width>
							<height>29</height>
							<info>ListItem.Icon</info>
						</control>
						<control type="label">
							<posx>37</posx>
							<posy>0</posy>
							<width>478</width>
							<height>33</height>
							<font>font13</font>
							<aligny>center</aligny>
							<selectedcolor>red</selectedcolor>
							<align>left</align>
							<info>ListItem.Label</info>
						</control>
						<control type="label">
							<posx>523</posx>
							<posy>0</posy>
							<width>225</width>
							<height>33</height>
							<font>font13</font>
							<aligny>center</aligny>
							<selectedcolor>red</selectedcolor>
							<textcolor>white</textcolor>
							<align>right</align>
							<info>ListItem.Label2</info>
						</control>
					</focusedlayout>
				</control>
				<control type="group">
					<visible>Control.IsVisible(50)</visible>
					<control type="image">
						<posx>551</posx>
						<posy>68</posy>
						<width>152</width>
						<height>280</height>
						<colordiffuse>FFFFFFFF</colordiffuse>
						<aspectratio>keep</aspectratio>
						<info>Listitem.ActualIcon</info>
						<bordertexture border="4">folder-focus.png</bordertexture>
						<bordersize>4</bordersize>
					</control>
					<control type="image">
						<posx>0</posx>
						<posy>520</posy>
						<width>169</width>
						<height>35</height>
						<texture>Slider_focus_right.png</texture>
					</control>
					<control type="image" id="202">
						<description>Trailer Rating</description>
						<posx>23</posx>
						<posy>512</posy>
						<width>56</width>
						<height>48</height>
						<colordiffuse>FFFFFFFF</colordiffuse>
						<aspectratio>keep</aspectratio>
					</control>
					<control type="image" id="203">
						<description>Trailer Favorite Overlay</description>
						<posx>34r</posx>
						<posy>320</posy>
						<width>17</width>
						<height>24</height>
						<colordiffuse>FFFFFFFF</colordiffuse>
						<aspectratio>keep</aspectratio>
						<texture>amt-overlay-favorite.png</texture>
					</control>
					<control type="image" id="204">
						<description>Trailer Watched Overlay</description>
						<posx>34r</posx>
						<posy>320</posy>
						<width>17</width>
						<height>24</height>
						<colordiffuse>FFFFFFFF</colordiffuse>
						<aspectratio>keep</aspectratio>
						<texture>amt-overlay-watched.png</texture>
						<animation effect="slide" start="0,0" end="-17,0" time="0" condition="Control.IsVisible(203)">Conditional</animation>
					</control>
					<control type="image" id="205">
						<description>Trailer Saved Overlay</description>
						<posx>34r</posx>
						<posy>320</posy>
						<width>17</width>
						<height>24</height>
						<colordiffuse>FFFFFFFF</colordiffuse>
						<aspectratio>keep</aspectratio>
						<texture>amt-overlay-saved.png</texture>
						<animation effect="slide" start="0,0" end="-17,0" time="0" condition="Control.IsVisible(203)">Conditional</animation>
						<animation effect="slide" start="0,0" end="-17,0" time="0" condition="Control.IsVisible(204)">Conditional</animation>
					</control>
					<control type="fadelabel" id="206">
						<description>Trailer Label</description>
						<posx>6</posx>
						<posy>8</posy>
						<width>284</width>
						<height>28</height>
						<font>font16</font>
						<align>left</align>
						<aligny>center</aligny>
						<textcolor>white</textcolor>
						<shadowcolor>black</shadowcolor>
						<info>ListItem.Title</info>
						<visible>false</visible>
					</control>
					<control type="textbox" id="75">
						<description>Plot Value</description>
						<posx>14</posx>
						<posy>396</posy>
						<width>692</width>
						<height>116</height>
						<font>font13</font>
						<align>justify</align>
						<aligy>center</aligy>
						<textcolor>white</textcolor>
						<shadowcolor>black</shadowcolor>
						<pagecontrol>2075</pagecontrol>
						<label>$INFO[ListItem.Plot,[COLOR=red]$LOCALIZE[203]:[/COLOR] ]</label>
						<autoscroll time="3000" delay="3000" repeat="5000">!Control.HasFocus(2075) + !Skin.HasSetting(AutoScroll)</autoscroll>
					</control>
					<control type="group">
						<posx>169r</posx>
						<posy>520</posy>
						<control type="image">
							<posx>0</posx>
							<posy>0</posy>
							<width>169</width>
							<height>35</height>
							<texture>Slider_focus_left.png</texture>
							<visible>Control.IsVisible(2075)</visible>
						</control>
						<control type="spincontrol" id="2075">
							<description>Next page button</description>
							<posx>124</posx>
							<posy>8</posy>
							<subtype>page</subtype>
							<font>font13</font>
							<onleft>2070</onleft>
							<onright>9000</onright>
							<ondown>2075</ondown>
							<onup>2075</onup>
							<textcolor>red</textcolor>
							<showonepage>true</showonepage>
						</control>
					</control>
					<control type="list" id="70">
						<description>Cast List</description>
						<posx>101</posx>
						<posy>48</posy>
						<width>188</width>
						<height>192</height>
						<onleft>2050</onleft>
						<onright>2070</onright>
						<onup>70</onup>
						<ondown>70</ondown>
						<viewtype label="535">list</viewtype>
						<pagecontrol>2070</pagecontrol>
						<scrolltime>200</scrolltime>
						<visible>false</visible>
						<itemlayout height="32" width="188">
							<control type="image">
								<posx>0</posx>
								<posy>0</posy>
								<width>188</width>
								<height>28</height>
								<colordiffuse>FFFFFFFF</colordiffuse>
								<texture>button-nofocus.png</texture>
							</control>
							<control type="label">
								<posx>6</posx>
								<posy>0</posy>
								<width>177</width>
								<height>28</height>
								<font>font13</font>
								<aligny>center</aligny>
								<selectedcolor>red</selectedcolor>
								<align>left</align>
								<info>ListItem.Label</info>
							</control>
						</itemlayout>
						<focusedlayout height="32" width="188">
							<control type="image">
								<posx>0</posx>
								<posy>0</posy>
								<width>188</width>
								<height>28</height>
								<colordiffuse>FFFFFFFF</colordiffuse>
								<visible>!Control.HasFocus(70)</visible>
								<texture>button-nofocus.png</texture>
							</control>
							<control type="image">
								<posx>0</posx>
								<posy>0</posy>
								<width>188</width>
								<height>28</height>
								<colordiffuse>FFFFFFFF</colordiffuse>
								<visible>Control.HasFocus(70)</visible>
								<texture>button-focus.png</texture>
							</control>
							<control type="label">
								<posx>6</posx>
								<posy>0</posy>
								<width>177</width>
								<height>28</height>
								<font>font13</font>
								<aligny>center</aligny>
								<selectedcolor>red</selectedcolor>
								<align>left</align>
								<info>ListItem.Label</info>
							</control>
						</focusedlayout>
					</control>
					<control type="group">
						<posx>301</posx>
						<control type="button">
							<posx>0</posx>
							<posy>0</posy>
							<width>17</width>
							<height>24</height>
							<onclick>PageUp(2070)</onclick>
							<texturefocus>scrollbar_arrow_up_focus.png</texturefocus>
							<texturenofocus>scrollbar_arrow_up.png</texturenofocus>
							<visible>Control.IsVisible(2070)</visible>
						</control>
						<control type="scrollbar" id="2070">
							<posx>0</posx>
							<posy>28</posy>
							<width>17</width>
							<height>184</height>
							<texturesliderbackground>button-nofocus.png</texturesliderbackground>
							<texturesliderbar>scrollbar_bar.png</texturesliderbar>
							<texturesliderbarfocus>scrollbar_bar_focus.png</texturesliderbarfocus>
							<textureslidernib>-</textureslidernib>
							<textureslidernibfocus>-</textureslidernibfocus>
							<onleft>70</onleft>
							<onright>2075</onright>
							<showonepage>false</showonepage>
							<orientation>vertical</orientation>
						</control>
						<control type="button">
							<posx>0</posx>
							<posy>216</posy>
							<width>17</width>
							<height>24</height>
							<onclick>PageDown(2070)</onclick>
							<texturefocus>scrollbar_arrow_down_focus.png</texturefocus>
							<texturenofocus>scrollbar_arrow_down.png</texturenofocus>
							<visible>Control.IsVisible(2070)</visible>
						</control>
					</control>
				</control>
				<control type="panel" id="52">
					<posx>17</posx>
					<posy>68</posy>
					<width>399</width>
					<height>440</height>
					<onleft>9000</onleft>
					<onright>2050</onright>
					<onup>52</onup>
					<ondown>52</ondown>
					<scrolltime>200</scrolltime>
					<viewtype label="$LOCALIZE[544] 2">icon</viewtype>
					<pagecontrol>2050</pagecontrol>
					<orientation>vertical</orientation>
					<itemlayout condition="!Skin.HasSetting(FullIcons)" height="220" width="133">
						<control type="image">
							<posx>4</posx>
							<posy>4</posy>
							<width>125</width>
							<height>186</height>
							<info>ListItem.Icon</info>
						</control>
						<control type="image">
							<posx>100</posx>
							<posy>168</posy>
							<width>30</width>
							<height>30</height>
							<aspectratio>keep</aspectratio>
							<info>Listitem.Overlay</info>
						</control>
						<control type="label">
							<posx>67</posx>
							<posy>192</posy>
							<width>115</width>
							<height>18</height>
							<font>font13</font>
							<selectedcolor>red</selectedcolor>
							<shadowcolor>black</shadowcolor>
							<align>center</align>
							<info>ListItem.Label</info>
						</control>
					</itemlayout>
					<focusedlayout condition="!Skin.HasSetting(FullIcons)" height="220" width="133">
						<control type="image">
							<posx>0</posx>
							<posy>0</posy>
							<width>133</width>
							<height>194</height>
							<info>ListItem.Icon</info>
							<bordertexture border="4">folder-focus.png</bordertexture>
							<bordersize>4</bordersize>
						</control>
						<control type="image">
							<posx>100</posx>
							<posy>168</posy>
							<width>30</width>
							<height>30</height>
							<aspectratio>keep</aspectratio>
							<info>Listitem.Overlay</info>
						</control>
						<control type="image">
							<posx>-6</posx>
							<posy>192</posy>
							<width>127</width>
							<height>28</height>
							<texture>folder-focus2.png</texture>
						</control>
						<control type="label">
							<posx>67</posx>
							<posy>192</posy>
							<width>115</width>
							<height>18</height>
							<font>font13</font>
							<selectedcolor>red</selectedcolor>
							<shadowcolor>black</shadowcolor>
							<align>center</align>
							<info>ListItem.Label</info>
						</control>
					</focusedlayout>
					<itemlayout condition="Skin.HasSetting(FullIcons)" height="220" width="133">
						<control type="image">
							<posx>4</posx>
							<posy>4</posy>
							<width>125</width>
							<height>212</height>
							<info>ListItem.Icon</info>
						</control>
						<control type="image">
							<posx>100</posx>
							<posy>180</posy>
							<width>30</width>
							<height>30</height>
							<aspectratio>keep</aspectratio>
							<info>Listitem.Overlay</info>
						</control>
					</itemlayout>
					<focusedlayout condition="Skin.HasSetting(FullIcons)" height="220" width="133">
						<control type="image">
							<posx>0</posx>
							<posy>0</posy>
							<width>133</width>
							<height>220</height>
							<info>ListItem.Icon</info>
							<bordertexture border="4">folder-focus.png</bordertexture>
							<bordersize>4</bordersize>
						</control>
						<control type="image">
							<posx>100</posx>
							<posy>180</posy>
							<width>30</width>
							<height>30</height>
							<aspectratio>keep</aspectratio>
							<info>Listitem.Overlay</info>
						</control>
					</focusedlayout>
				</control>
				<control type="group">
					<posx>425</posx>
					<posy>68</posy>
					<control type="image">
						<posx>0</posx>
						<posy>0</posy>
						<width>278</width>
						<height>440</height>
						<texture border="10,10,0,10">Info_Panel.png</texture>
						<visible>Control.IsVisible(52)</visible>
					</control>
					<control type="fadelabel" id="206">
						<description>Title Label</description>
						<posx>6</posx>
						<posy>8</posy>
						<width>268</width>
						<height>28</height>
						<font>font16</font>
						<align>left</align>
						<aligny>center</aligny>
						<textcolor>white</textcolor>
						<shadowcolor>black</shadowcolor>
						<info>ListItem.Title</info>
						<visible>Control.IsVisible(52)</visible>
					</control>
					<control type="label">
						<description>Plot Label</description>
						<posx>6</posx>
						<posy>40</posy>
						<width>268</width>
						<height>28</height>
						<font>font13</font>
						<align>left</align>
						<aligy>center</aligy>
						<textcolor>red</textcolor>
						<shadowcolor>black</shadowcolor>
						<label>$LOCALIZE[203]:</label>
						<visible>!IsEmpty(ListItem.Plot)</visible>
						<visible>Control.IsVisible(52)</visible>
					</control>
					<control type="textbox">
						<description>Plot Value</description>
						<posx>6</posx>
						<posy>64</posy>
						<width>268</width>
						<height>368</height>
						<font>font13</font>
						<align>justify</align>
						<aligy>center</aligy>
						<textcolor>white</textcolor>
						<shadowcolor>black</shadowcolor>
						<pagecontrol>2075</pagecontrol>
						<label>$INFO[ListItem.Plot]</label>
						<visible>Control.IsVisible(52)</visible>
						<autoscroll time="2000" delay="3000" repeat="5000">!Skin.HasSetting(AutoScroll)</autoscroll>
					</control>
				</control>
				<control type="panel" id="54">
					<posx>28</posx>
					<posy>68</posy>
					<width>669</width>
					<height>440</height>
					<onleft>9000</onleft>
					<onright>2050</onright>
					<onup>54</onup>
					<ondown>54</ondown>
					<scrolltime>200</scrolltime>
					<viewtype label="542">icon</viewtype>
					<pagecontrol>2050</pagecontrol>
					<orientation>vertical</orientation>
					<itemlayout condition="!Skin.HasSetting(FullIcons)" height="220" width="133">
						<control type="image">
							<posx>4</posx>
							<posy>4</posy>
							<width>125</width>
							<height>186</height>
							<info>ListItem.Icon</info>
						</control>
						<control type="image">
							<posx>100</posx>
							<posy>168</posy>
							<width>30</width>
							<height>30</height>
							<aspectratio>keep</aspectratio>
							<info>Listitem.Overlay</info>
						</control>
						<control type="label">
							<posx>67</posx>
							<posy>192</posy>
							<width>115</width>
							<height>18</height>
							<font>font13</font>
							<selectedcolor>red</selectedcolor>
							<shadowcolor>black</shadowcolor>
							<align>center</align>
							<info>ListItem.Label</info>
						</control>
					</itemlayout>
					<focusedlayout condition="!Skin.HasSetting(FullIcons)" height="220" width="133">
						<control type="image">
							<posx>0</posx>
							<posy>0</posy>
							<width>133</width>
							<height>194</height>
							<info>ListItem.Icon</info>
							<bordertexture border="4">folder-focus.png</bordertexture>
							<bordersize>4</bordersize>
						</control>
						<control type="image">
							<posx>100</posx>
							<posy>168</posy>
							<width>30</width>
							<height>30</height>
							<aspectratio>keep</aspectratio>
							<info>Listitem.Overlay</info>
						</control>
						<control type="image">
							<posx>-6</posx>
							<posy>192</posy>
							<width>127</width>
							<height>28</height>
							<texture>folder-focus2.png</texture>
						</control>
						<control type="label">
							<posx>67</posx>
							<posy>192</posy>
							<width>115</width>
							<height>18</height>
							<font>font13</font>
							<selectedcolor>red</selectedcolor>
							<shadowcolor>black</shadowcolor>
							<align>center</align>
							<info>ListItem.Label</info>
						</control>
					</focusedlayout>
					<itemlayout condition="Skin.HasSetting(FullIcons)" height="220" width="133">
						<control type="image">
							<posx>4</posx>
							<posy>4</posy>
							<width>125</width>
							<height>212</height>
							<info>ListItem.Icon</info>
						</control>
						<control type="image">
							<posx>100</posx>
							<posy>180</posy>
							<width>30</width>
							<height>30</height>
							<aspectratio>keep</aspectratio>
							<info>Listitem.Overlay</info>
						</control>
					</itemlayout>
					<focusedlayout condition="Skin.HasSetting(FullIcons)" height="220" width="133">
						<control type="image">
							<posx>0</posx>
							<posy>0</posy>
							<width>133</width>
							<height>220</height>
							<info>ListItem.Icon</info>
							<bordertexture border="4">folder-focus.png</bordertexture>
							<bordersize>4</bordersize>
						</control>
						<control type="image">
							<posx>100</posx>
							<posy>180</posy>
							<width>30</width>
							<height>30</height>
							<aspectratio>keep</aspectratio>
							<info>Listitem.Overlay</info>
						</control>
					</focusedlayout>
				</control>
				<control type="group">
					<visible>Control.IsVisible(54) + Skin.HasSetting(FullIcons)</visible>
					<control type="image">
						<posx>149</posx>
						<posy>520</posy>
						<width>422</width>
						<height>35</height>
						<colordiffuse>FFFFFFFF</colordiffuse>
						<texture>ListItem_Focus.png</texture>
					</control>
					<control type="label">
						<posx>177</posx>
						<posy>520</posy>
						<width>366</width>
						<height>35</height>
						<font>font13</font>
						<align>center</align>
						<aligny>center</aligny>
						<scroll>true</scroll>
						<shadowcolor>black</shadowcolor>
						<info>ListItem.Label</info>
					</control>
				</control>
				<control type="group">
					<posx>169r</posx>
					<posy>356</posy>
					<animation effect="slide" start="0,0" end="0,164" time="0" condition="Control.IsVisible(52) | Control.IsVisible(54)">Conditional</animation>
					<control type="image">
						<posx>0</posx>
						<posy>0</posy>
						<width>169</width>
						<height>35</height>
						<texture>Slider_focus_left.png</texture>
					</control>
					<control type="spincontrol" id="2050">
						<description>Next page button</description>
						<posx>124</posx>
						<posy>8</posy>
						<subtype>page</subtype>
						<font>font13</font>
						<onleft>50</onleft>
						<onright>70</onright>
						<ondown>2050</ondown>
						<onup>2050</onup>
						<textcolor>red</textcolor>
						<showonepage>true</showonepage>
					</control>
				</control>
				<control type="group">
					<posx>0</posx>
					<posy>356</posy>
					<animation effect="slide" start="0,0" end="0,164" time="0" condition="Control.IsVisible(52) | Control.IsVisible(54)">Conditional</animation>
					<control type="image">
						<description>File Count Background</description>
						<posx>0</posx>
						<posy>0</posy>
						<width>169</width>
						<height>35</height>
						<texture>Slider_focus_right.png</texture>
					</control>
					<control type="label" id="2150">
						<description>number of files text label</description>
						<posx>23</posx>
						<posy>0</posy>
						<height>32</height>
						<align>left</align>
						<aligny>center</aligny>
						<label>-</label>
						<textcolor>red</textcolor>
						<shadowcolor>black</shadowcolor>
					</control>
				</control>
			</control>
				<!-- ** Required ** Do not change id or type-->
			<!-- ** Required ** Do not change id or type-->
			<control type="button" id="175">
				<description>Plot Button</description>
				<visible>false</visible>
			</control>
			<!-- ** Required ** Do not change id or type-->
			<control type="button" id="170">
				<visible>false</visible>
			</control>
		<!-- ** Required ** Do not change <description> or <type> -->
			<control type="group" id="4000">
				<!-- Category list controls -->
				<!-- ** Required ** Do not change <description> or <type> -->
				<control type="list" id="60">
					<posx>160</posx>
					<posy>68</posy>
					<width>399</width>
					<height>440</height>
					<onleft>9000</onleft>
					<onright>2060</onright>
					<onup>60</onup>
					<ondown>60</ondown>
					<viewtype label="544">list</viewtype>
					<pagecontrol>2060</pagecontrol>
					<scrolltime>200</scrolltime>
					<itemlayout height="40" width="399">
						<control type="image">
							<posx>0</posx>
							<posy>0</posy>
							<width>399</width>
							<height>36</height>
							<texture>dialog-button-nofocus.png</texture>
						</control>
						<control type="image">
							<posx>20</posx>
							<posy>4</posy>
							<width>20</width>
							<height>28</height>
							<info>ListItem.Thumb</info>
						</control>
						<control type="label">
							<posx>48</posx>
							<posy>4</posy>
							<width>293</width>
							<height>28</height>
							<font>font13</font>
							<aligny>center</aligny>
							<selectedcolor>red</selectedcolor>
							<align>left</align>
							<info>ListItem.Label</info>
						</control>
						<control type="label">
							<posx>383</posx>
							<posy>4</posy>
							<width>225</width>
							<height>28</height>
							<font>font13</font>
							<aligny>center</aligny>
							<selectedcolor>red</selectedcolor>
							<textcolor>white</textcolor>
							<align>right</align>
							<info>ListItem.Label2</info>
						</control>
					</itemlayout>
					<focusedlayout height="40" width="399">
						<control type="image">
							<posx>0</posx>
							<posy>0</posy>
							<width>399</width>
							<height>36</height>
							<visible>!Control.HasFocus(60)</visible>
							<texture>dialog-button-nofocus.png</texture>
						</control>
						<control type="image">
							<posx>0</posx>
							<posy>0</posy>
							<width>399</width>
							<height>36</height>
							<visible>Control.HasFocus(60)</visible>
							<texture border="10,0,10,0">folder-focus2.png</texture>
						</control>
						<control type="image">
							<posx>20</posx>
							<posy>4</posy>
							<width>20</width>
							<height>28</height>
							<info>ListItem.Thumb</info>
						</control>
						<control type="label">
							<posx>48</posx>
							<posy>4</posy>
							<width>293</width>
							<height>28</height>
							<font>font13</font>
							<aligny>center</aligny>
							<selectedcolor>red</selectedcolor>
							<align>left</align>
							<info>ListItem.Label</info>
						</control>
						<control type="label">
							<posx>383</posx>
							<posy>4</posy>
							<width>225</width>
							<height>28</height>
							<font>font13</font>
							<aligny>center</aligny>
							<selectedcolor>red</selectedcolor>
							<textcolor>white</textcolor>
							<align>right</align>
							<info>ListItem.Label2</info>
						</control>
					</focusedlayout>
				</control>
				<control type="group">
					<posx>169r</posx>
					<posy>520</posy>
					<control type="image">
						<posx>0</posx>
						<posy>0</posy>
						<width>169</width>
						<height>35</height>
						<texture>Slider_focus_left.png</texture>
					</control>
					<control type="spincontrol" id="2060">
						<description>Next page button</description>
						<posx>124</posx>
						<posy>8</posy>
						<subtype>page</subtype>
						<font>font13</font>
						<onleft>60</onleft>
						<onright>9000</onright>
						<ondown>2060</ondown>
						<onup>2060</onup>
						<textcolor>red</textcolor>
						<showonepage>true</showonepage>
					</control>
				</control>
				<control type="image">
					<posx>0</posx>
					<posy>520</posy>
					<width>169</width>
					<height>35</height>
					<texture>Slider_focus_right.png</texture>
				</control>
				<control type="label" id="2160">
					<description>number of files text label</description>
					<posx>23</posx>
					<posy>520</posy>
					<height>32</height>
					<align>left</align>
					<aligny>center</aligny>
					<label>-</label>
					<textcolor>red</textcolor>
					<shadowcolor>black</shadowcolor>
				</control>
			</control>
			<!-- Button Group -->
			<!-- ** Required ** Do not change id or type-->
			<control type="group" id="9001">
				<posx>-194</posx>
				<posy>0</posy>
				<animation effect="slide" time="150" end="194,0" condition="ControlGroup(9001).HasFocus">Conditional</animation>
				<control type="button">
					<posx>0</posx>
					<posy>0</posy>
					<width>225</width>
					<height>576</height>
					<onclick>-</onclick>
					<hitrect x="0" y="0" w="200" h="576" />
					<texturefocus>Side_Slideout.png</texturefocus>
					<texturenofocus>Side_Slideout.png</texturenofocus>
				</control>
				<control type="group" id="9000">
					<posx>0</posx>
					<posy>112</posy>
					<control type="button" id="2">
						<description>View As button</description>
						<posx>0</posx>
						<posy>0</posy>
						<include>ButtonCommonValues</include>
						<label>-</label>
						<onleft>70</onleft>
						<onright>50</onright>
						<onup>109</onup>
						<ondown>100</ondown>
						<enable>!Control.IsVisible(4000)</enable>
					</control>
					<control type="button" id="100">
						<description>Shortcut1 Button</description>
						<posx>0</posx>
						<posy>36</posy>
						<include>ButtonCommonValues</include>
						<label>$INFO[Container.Property(Shortcut1)]</label>
						<onleft>70</onleft>
						<onright>50</onright>
						<onup>2</onup>
						<ondown>101</ondown>
					</control>
					<control type="button" id="101">
						<description>Shortcut2 Button</description>
						<posx>0</posx>
						<posy>72</posy>
						<include>ButtonCommonValues</include>
						<label>$INFO[Container.Property(Shortcut2)]</label>
						<onleft>70</onleft>
						<onright>50</onright>
						<onup>100</onup>
						<ondown>102</ondown>
					</control>
					<control type="button" id="102">
						<description>Shortcut3 Button</description>
						<posx>0</posx>
						<posy>108</posy>
						<include>ButtonCommonValues</include>
						<label>$INFO[Container.Property(Shortcut3)]</label>
						<onleft>70</onleft>
						<onright>50</onright>
						<onup>101</onup>
						<ondown>103</ondown>
					</control>
					<control type="button" id="103">
						<description>Genre Button</description>
						<posx>0</posx>
						<posy>144</posy>
						<include>ButtonCommonValues</include>
						<label>$LOCALIZE[SCRIPT103]</label>
						<onleft>70</onleft>
						<onright>50</onright>
						<onup>102</onup>
						<ondown>104</ondown>
					</control>
					<control type="button" id="104">
						<description>Studio Button</description>
						<posx>0</posx>
						<posy>180</posy>
						<include>ButtonCommonValues</include>
						<label>$LOCALIZE[SCRIPT104]</label>
						<onleft>70</onleft>
						<onright>50</onright>
						<onup>103</onup>
						<ondown>105</ondown>
					</control>
					<control type="button" id="105">
						<description>Actor Button</description>
						<posx>0</posx>
						<posy>216</posy>
						<include>ButtonCommonValues</include>
						<label>$LOCALIZE[SCRIPT105]</label>
						<onleft>70</onleft>
						<onright>50</onright>
						<onup>104</onup>
						<ondown>106</ondown>
					</control>
					<control type="button" id="106">
						<description>Search Button</description>
						<posx>0</posx>
						<posy>252</posy>
						<include>ButtonCommonValues</include>
						<label>$LOCALIZE[SCRIPT106]</label>
						<onleft>70</onleft>
						<onright>50</onright>
						<onup>105</onup>
						<ondown>107</ondown>
					</control>
					<control type="button" id="107">
						<description>Settings Button</description>
						<posx>0</posx>
						<posy>288</posy>
						<include>ButtonCommonValues</include>
						<label>$LOCALIZE[SCRIPT107]</label>
						<onleft>70</onleft>
						<onright>50</onright>
						<onup>106</onup>
						<ondown>108</ondown>
					</control>
					<control type="button" id="108">
						<description>Credits Button</description>
						<posx>0</posx>
						<posy>324</posy>
						<include>ButtonCommonValues</include>
						<label>$LOCALIZE[SCRIPT108]</label>
						<onleft>70</onleft>
						<onright>50</onright>
						<onup>107</onup>
						<ondown>109</ondown>
					</control>
					<control type="button" id="109">
						<description>Update Button</description>
						<posx>0</posx>
						<posy>360</posy>
						<include>ButtonCommonValues</include>
						<label>$LOCALIZE[SCRIPT109]</label>
						<onleft>70</onleft>
						<onright>50</onright>
						<onup>108</onup>
						<ondown>2</ondown>
						<visible>false</visible>
					</control>
				</control>
			</control>
			<control type="image">
				<posx>0</posx>
				<posy>0</posy>
				<width>720</width>
				<height>72</height>
				<texture>Topbar.png</texture>
			</control>
			<control type="label" id="20">
				<description>Title label</description>
				<posx>23</posx>
				<posy>16</posy>
				<width>338</width>
				<height>34</height>
				<align>left</align>
				<aligny>center</aligny>
				<textcolor>white</textcolor>
				<shadowcolor>black</shadowcolor>
				<label>$LOCALIZE[SCRIPT0]</label>
				<font>font16b</font>
			</control>
			<control type="label" id="30">
				<description>Category Label</description>
				<posx>28</posx>
				<posy>60</posy>
				<width>338</width>
				<height>16</height>
				<align>left</align>
				<aligny>center</aligny>
				<textcolor>red</textcolor>
				<shadowcolor>black</shadowcolor>
				<font>font13</font>
				<visible>false</visible>
			</control>
			<include>Common_Now_Playing</include>
		</control>
	</controls>
</window>
