<window>
	<coordinates>
		<system>1</system>
		<posx>23</posx>
		<posy>64</posy>
	</coordinates>
	<include>dialogeffect</include>
	<controls>
		<control type="image">
			<posx>0</posx>
			<posy>0</posy>
			<width>675</width>
			<height>464</height>
			<texture border="0,45,0,10">Dialog.png</texture>
		</control>
		<!-- ** Required ** Do not change id or type -->
		<control type="label" id="500">
			<description>Heading label</description>
			<posx>0</posx>
			<posy>7</posy>
			<width>675</width>
			<height>32</height>
			<align>center</align>
			<font>font16</font>
			<label>214</label>
			<textcolor>red</textcolor>
			<shadowcolor>black</shadowcolor>
		</control>
		<!-- skin selection controls -->
		<!-- ** Required ** Do not change <description> or <type> -->
		<control type="multiimage" id="501">
			<posx>121</posx>
			<posy>208</posy>
			<width>433</width>
			<height>240</height>
			<imagepath>thumbs</imagepath>
			<info>Skin.String(AMT-chooser-thumbfolder)</info>
			<timeperimage>2000</timeperimage>
			<fadetime>500</fadetime>
			<visible>!Control.IsVisible(504)</visible>
			<animation effect="fade" time="200">VisibleChange</animation>
			<aspectratio>keep</aspectratio>
		</control>
		<control type="textbox" id="505">
			<posx>121</posx>
			<posy>208</posy>
			<width>433</width>
			<height>240</height>
			<font>font12</font>
			<info>Container(503).ListItem.Label2</info>
		</control>
		<!-- ** Required ** Do not change <description> -->
		<control type="label" id="502">
			<description>Chooser Warning Label</description>
			<posx>233</posx>
			<posy>164</posy>
			<width>113</width>
			<height>16</height>
			<align>center</align>
			<font>font10</font>
			<textcolor>DDced8da</textcolor>
			<label>-</label>
		</control>
		<!-- ** Required ** Do not change <id> or <type> -->
		<control type="list" id="503">
			<posx>121</posx>
			<posy>40</posy>
			<width>411</width>
			<height>160</height>
			<onleft>503</onleft>
			<onright>503</onright>
			<onup>503</onup>
			<ondown>503</ondown>
			<pagecontrol>-</pagecontrol>
			<scrolltime>200</scrolltime>
			<itemlayout height="40">
				<control type="image">
					<posx>0</posx>
					<posy>0</posy>
					<width>411</width>
					<height>36</height>
					<texture>dialog-button-nofocus.png</texture>
				</control>
				<control type="label">
					<posx>8</posx>
					<posy>4</posy>
					<width>394</width>
					<height>28</height>
					<font>font13</font>
					<aligny>center</aligny>
					<selectedcolor>red</selectedcolor>
					<align>left</align>
					<info>ListItem.Label</info>
				</control>
			</itemlayout>
			<focusedlayout height="40">
				<control type="image">
					<posx>0</posx>
					<posy>0</posy>
					<width>411</width>
					<height>36</height>
					<visible>!Control.HasFocus(503)</visible>
					<texture>dialog-button-nofocus.png</texture>
				</control>
				<control type="image">
					<posx>0</posx>
					<posy>0</posy>
					<width>433</width>
					<height>36</height>
					<visible>Control.HasFocus(503)</visible>
					<texture border="10,0,10,0">folder-focus2.png</texture>
				</control>
				<control type="label">
					<posx>8</posx>
					<posy>4</posy>
					<width>394</width>
					<height>28</height>
					<font>font13</font>
					<aligny>center</aligny>
					<selectedcolor>red</selectedcolor>
					<align>left</align>
					<info>ListItem.Label</info>
				</control>
			</focusedlayout>
		</control>
		<!-- ** Required ** Do not change <id> or <type> -->
		<control type="list" id="504">
			<posx>121</posx>
			<posy>40</posy>
			<width>411</width>
			<height>400</height>
			<onleft>504</onleft>
			<onright>504</onright>
			<onup>504</onup>
			<ondown>504</ondown>
			<pagecontrol>-</pagecontrol>
			<scrolltime>200</scrolltime>
			<itemlayout height="40">
				<control type="image">
					<posx>0</posx>
					<posy>0</posy>
					<width>411</width>
					<height>36</height>
					<texture>dialog-button-nofocus.png</texture>
				</control>
				<control type="label">
					<posx>8</posx>
					<posy>4</posy>
					<width>394</width>
					<height>28</height>
					<font>font13</font>
					<aligny>center</aligny>
					<selectedcolor>red</selectedcolor>
					<align>left</align>
					<info>ListItem.Label</info>
				</control>
			</itemlayout>
			<focusedlayout height="40">
				<control type="image">
					<posx>0</posx>
					<posy>0</posy>
					<width>411</width>
					<height>36</height>
					<visible>!Control.HasFocus(504)</visible>
					<texture>dialog-button-nofocus.png</texture>
				</control>
				<control type="image">
					<posx>0</posx>
					<posy>0</posy>
					<width>433</width>
					<height>36</height>
					<visible>Control.HasFocus(504)</visible>
					<texture border="10,0,10,0">folder-focus2.png</texture>
				</control>
				<control type="label">
					<posx>8</posx>
					<posy>4</posy>
					<width>394</width>
					<height>28</height>
					<font>font13</font>
					<aligny>center</aligny>
					<selectedcolor>red</selectedcolor>
					<align>left</align>
					<info>ListItem.Label</info>
				</control>
			</focusedlayout>
		</control>
	</controls>
</window>
