<window id="11">
	<defaultcontrol>8</defaultcontrol>
	<controls>
		<control type="videowindow" id="20">
			<description>videowindow</description>
			<posx>0</posx>
			<posy>0</posy>
			<width>720</width>
			<height>576</height>
		</control>
		<control type="mover" id="8">
			<description>top left mover</description>
			<posx>0</posx>
			<posy>0</posy>
			<texturefocus>calibrate-topleft-focus.png</texturefocus>
			<texturenofocus>calibrate-topleft.png</texturenofocus>
		</control>
		<control type="mover" id="9">
			<description>right bottom mover</description>
			<posx>394</posx>
			<posy>400</posy>
			<texturefocus>calibrate-bottomright-focus.png</texturefocus>
			<texturenofocus>calibrate-bottomright.png</texturenofocus>
		</control>
		<control type="mover" id="10">
			<description>subtitle position mover</description>
			<posx>113</posx>
			<posy>400</posy>
			<texturefocus>calibrate-subtitles-focus.png</texturefocus>
			<texturenofocus>calibrate-subtitles.png</texturenofocus>
		</control>
		<control type="resize" id="11">
			<description>pixel aspect ratio box</description>
			<posx>0</posx>
			<posy>216</posy>
			<width>162</width>
			<height>230</height>
			<texturefocus>calibrate-pixelratio-focus.png</texturefocus>
			<texturenofocus>calibrate-pixelratio.png</texturenofocus>
		</control>
		<control type="group">
			<posx>0</posx>
			<posy>48</posy>
			<control type="image" id="1">
				<posx>0</posx>
				<posy>0</posy>
				<width>720</width>
				<height>64</height>
				<colordiffuse>BBFFFFFF</colordiffuse>
				<texture border="0,10,0,10">volume-panel-bg.png</texture>
			</control>
			<control type="label" id="2">
				<description>coordinates label</description>
				<posx>0</posx>
				<posy>8</posy>
				<width>720</width>
				<label>-</label>
				<align>center</align>
				<font>font13</font>
			</control>
			<control type="label" id="3">
				<description>help information</description>
				<posx>0</posx>
				<posy>32</posy>
				<width>720</width>
				<label>-</label>
				<align>center</align>
				<font>font13</font>
			</control>
		</control>
	</controls>
</window>
