<window id="129">
	<defaultcontrol always="true">22</defaultcontrol>
	<allowoverlay>no</allowoverlay>
	<coordinates>
		<system>1</system>
		<posx>23</posx>
		<posy>60</posy>
	</coordinates>
	<include>dialogeffect</include>
	<controls>
		<control type="group">
			<visible>!Window.IsVisible(smartplaylistrule)</visible>
			<include>VisibleFadeEffect</include>
			<control type="image">
				<posx>0</posx>
				<posy>-5</posy>
				<width>675</width>
				<height>477</height>
				<texture border="0,45,0,10">Dialog.png</texture>
			</control>
			<control type="label">
				<description>Heading label</description>
				<posx>0</posx>
				<posy>2</posy>
				<width>675</width>
				<height>32</height>
				<align>center</align>
				<font>font16</font>
				<label>21432</label>
				<textcolor>red</textcolor>
				<shadowcolor>black</shadowcolor>
			</control>
			<control type="spincontrolex" id="22">
				<description>Set Playlist type</description>
				<posx>124</posx>
				<posy>40</posy>
				<width>428</width>
				<height>36</height>
				<label>467</label>
				<font>font13</font>
				<texturefocus border="10,0,10,0">folder-focus2.png</texturefocus>
				<texturenofocus>button-nofocus.png</texturenofocus>
				<onright>22</onright>
				<onleft>22</onleft>
				<onup>9001</onup>
				<ondown>12</ondown>
			</control>
			<control type="label" id="0">
				<description>Name Label</description>
				<posx>0</posx>
				<posy>76</posy>
				<width>675</width>
				<height>32</height>
				<align>center</align>
				<font>font13</font>
				<label>21433</label>
			</control>
			<control type="button" id="12">
				<description>Name Button</description>
				<posx>124</posx>
				<posy>104</posy>
				<width>428</width>
				<height>36</height>
				<textoffsetx>10</textoffsetx>
				<textwidth>750</textwidth>
				<aligny>center</aligny>
				<texturefocus border="10,0,10,0">folder-focus2.png</texturefocus>
				<texturenofocus>button-nofocus.png</texturenofocus>
				<label>-</label>
				<onup>22</onup>
				<onleft>12</onleft>
				<onright>12</onright>
				<ondown>10</ondown>
			</control>
			<control type="label">
				<description>rules label</description>
				<posx>0</posx>
				<posy>144</posy>
				<width>675</width>
				<height>32</height>
				<align>center</align>
				<font>font13</font>
				<label>21434</label>
			</control>
			<control type="list" id="10">
				<description>Rules List Control</description>
				<posx>124</posx>
				<posy>172</posy>
				<width>309</width>
				<height>113</height>
				<onup>12</onup>
				<onleft>9000</onleft>
				<onright>9000</onright>
				<ondown>16</ondown>
				<itemlayout width="309" height="40">
					<control type="image">
						<posx>0</posx>
						<posy>0</posy>
						<width>309</width>
						<height>36</height>
						<texture>dialog-button-nofocus.png</texture>
					</control>
					<control type="label">
						<posx>6</posx>
						<posy>0</posy>
						<width>298</width>
						<height>36</height>
						<aligny>center</aligny>
						<info>ListItem.Label</info>
						<selectedcolor>red</selectedcolor>
						<font>font13</font>
					</control>
				</itemlayout>
				<focusedlayout width="309" height="40">
					<control type="image">
						<posx>0</posx>
						<posy>0</posy>
						<width>309</width>
						<height>36</height>
						<texture border="10,0,10,0">folder-focus2.png</texture>
						<visible>Control.HasFocus(10)</visible>
					</control>
					<control type="image">
						<posx>0</posx>
						<posy>0</posy>
						<width>309</width>
						<height>36</height>
						<texture>dialog-button-nofocus.png</texture>
						<visible>!Control.HasFocus(10)</visible>
					</control>
					<control type="label">
						<posx>6</posx>
						<posy>0</posy>
						<width>298</width>
						<height>36</height>
						<aligny>center</aligny>
						<info>ListItem.Label</info>
						<selectedcolor>red</selectedcolor>
						<font>font13</font>
					</control>
				</focusedlayout>
			</control>
			<control type="group" id="9000">
				<control type="button" id="13">
					<description>Add Rule Button</description>
					<posx>439</posx>
					<posy>172</posy>
					<height>36</height>
					<width>113</width>
					<label>15019</label>
					<align>center</align>
					<aligny>center</aligny>
					<texturefocus>folder-focus2.png</texturefocus>
					<texturenofocus>dialog-button-nofocus.png</texturenofocus>
					<onup>17</onup>
					<onleft>10</onleft>
					<onright>10</onright>
					<ondown>14</ondown>
				</control>
				<control type="button" id="14">
					<description>Remove Rule Button</description>
					<posx>439</posx>
					<posy>212</posy>
					<height>36</height>
					<width>113</width>
					<label>1210</label>
					<align>center</align>
					<aligny>center</aligny>
					<texturefocus>folder-focus2.png</texturefocus>
					<texturenofocus>dialog-button-nofocus.png</texturenofocus>
					<onup>13</onup>
					<onleft>10</onleft>
					<onright>10</onright>
					<ondown>15</ondown>
				</control>
				<control type="button" id="15">
					<description>Edit Rule Button</description>
					<posx>439</posx>
					<posy>252</posy>
					<height>36</height>
					<width>113</width>
					<label>21435</label>
					<align>center</align>
					<aligny>center</aligny>
					<texturefocus>folder-focus2.png</texturefocus>
					<texturenofocus>dialog-button-nofocus.png</texturenofocus>
					<onup>14</onup>
					<onleft>10</onleft>
					<onright>10</onright>
					<ondown>16</ondown>
				</control>
			</control>
			<control type="image">
				<description>separator image</description>
				<posx>96</posx>
				<posy>292</posy>
				<width>484</width>
				<height>4</height>
				<colordiffuse>AAFFFFFF</colordiffuse>
				<texture>separator.png</texture>
			</control>
			<control type="spincontrolex" id="16">
				<posx>124</posx>
				<posy>300</posy>
				<width>428</width>
				<height>36</height>
				<label>21424</label>
				<font>font13</font>
				<texturefocus border="10,0,10,0">folder-focus2.png</texturefocus>
				<texturenofocus>button-nofocus.png</texturenofocus>
				<onright>16</onright>
				<onleft>16</onleft>
				<onup>10</onup>
				<ondown>17</ondown>
			</control>
			<control type="spincontrolex" id="17">
				<posx>124</posx>
				<posy>340</posy>
				<width>428</width>
				<height>36</height>
				<label>21427</label>
				<font>font13</font>
				<texturefocus border="10,0,10,0">folder-focus2.png</texturefocus>
				<texturenofocus>button-nofocus.png</texturenofocus>
				<onright>17</onright>
				<onleft>17</onleft>
				<onup>16</onup>
				<ondown>18</ondown>
			</control>
			<control type="spincontrolex" id="18">
				<posx>124</posx>
				<posy>380</posy>
				<width>309</width>
				<height>36</height>
				<label>21429</label>
				<font>font13</font>
				<texturefocus border="10,0,10,0">folder-focus2.png</texturefocus>
				<texturenofocus>button-nofocus.png</texturenofocus>
				<onright>19</onright>
				<onleft>19</onleft>
				<onup>17</onup>
				<ondown>9001</ondown>
			</control>
			<control type="togglebutton" id="19">
				<posx>439</posx>
				<posy>380</posy>
				<width>113</width>
				<height>36</height>
				<font>font13</font>
				<textoffsetx>8</textoffsetx>
				<align>center</align>
				<aligny>center</aligny>
				<texturefocus>folder-focus2.png</texturefocus>
				<texturenofocus>dialog-button-nofocus.png</texturenofocus>
				<alttexturefocus>folder-focus2.png</alttexturefocus>
				<alttexturenofocus>dialog-button-nofocus.png</alttexturenofocus>
				<label>21431</label>
				<altlabel>21430</altlabel>
				<colordiffuse>FFFFFFFF</colordiffuse>
				<onright>18</onright>
				<onleft>18</onleft>
				<onup>17</onup>
				<ondown>9001</ondown>
			</control>
			<control type="group" id="9001">
				<control type="button" id="20">
					<description>Ok Button</description>
					<posx>194</posx>
					<posy>432</posy>
					<width>141</width>
					<height>32</height>
					<align>center</align>
					<aligny>center</aligny>
					<texturefocus>folder-focus2.png</texturefocus>
					<texturenofocus>dialog-button-nofocus.png</texturenofocus>
					<label>186</label>
					<onup>18</onup>
					<onleft>21</onleft>
					<onright>21</onright>
					<ondown>22</ondown>
				</control>
				<control type="button" id="21">
					<description>Cancel Button</description>
					<posx>340</posx>
					<posy>432</posy>
					<width>141</width>
					<height>32</height>
					<align>center</align>
					<aligny>center</aligny>
					<texturefocus>folder-focus2.png</texturefocus>
					<texturenofocus>dialog-button-nofocus.png</texturenofocus>
					<label>222</label>
					<onup>18</onup>
					<onleft>20</onleft>
					<onright>20</onright>
					<ondown>22</ondown>
				</control>
			</control>
		</control>
	</controls>
</window>
