<window id="123">
	<defaultcontrol>2</defaultcontrol>
	<coordinates>
		<system>1</system>
		<posx>23</posx>
		<posy>40</posy>
	</coordinates>
	<include>dialogeffect</include>
	<controls>
		<control type="image">
			<posx>0</posx>
			<posy>0</posy>
			<width>675</width>
			<height>400</height>
			<colordiffuse>BBFFFFFF</colordiffuse>
			<texture border="0,45,0,10">Dialog.png</texture>
		</control>
		<control type="label">
			<description>heading label</description>
			<posx>0</posx>
			<posy>2</posy>
			<width>675</width>
			<height>32</height>
			<label>13398</label>
			<align>center</align>
			<aligny>center</aligny>
			<font>font16</font>
			<textcolor>red</textcolor>
			<shadowcolor>black</shadowcolor>
		</control>
		<control type="button" id="2">
			<description>Create Bookmark button</description>
			<posx>50</posx>
			<posy>352</posy>
			<width>200</width>
			<height>32</height>
			<label>294</label>
			<font>font13</font>
			<align>center</align>
			<texturefocus>folder-focus2.png</texturefocus>
			<texturenofocus>dialog-button-nofocus.png</texturenofocus>
			<onleft>4</onleft>
			<onright>3</onright>
			<onup>11</onup>
			<ondown>11</ondown>
		</control>
		<control type="button" id="3">
			<description>Clear Bookmarks button</description>
			<posx>244</posx>
			<posy>352</posy>
			<width>200</width>
			<height>32</height>
			<label>296</label>
			<font>font13</font>
			<align>center</align>
			<texturefocus>folder-focus2.png</texturefocus>
			<texturenofocus>dialog-button-nofocus.png</texturenofocus>
			<onleft>2</onleft>
			<onright>4</onright>
			<onup>11</onup>
			<ondown>11</ondown>
		</control>
		<control type="button" id="4">
			<description>Episode Bookmarks button</description>
			<posx>442</posx>
			<posy>352</posy>
			<width>200</width>
			<height>32</height>
			<label>20406</label>
			<font>font13</font>
			<align>center</align>
			<texturefocus>folder-focus2.png</texturefocus>
			<texturenofocus>dialog-button-nofocus.png</texturenofocus>
			<onleft>3</onleft>
			<onright>2</onright>
			<onup>11</onup>
			<ondown>11</ondown>
		</control>
		<control type="panel" id="11">
			<posx>124</posx>
			<posy>40</posy>
			<width>428</width>
			<height>296</height>
			<onleft>11</onleft>
			<onright>11</onright>
			<onup>2</onup>
			<ondown>2</ondown>
			<scrolltime>200</scrolltime>
			<viewtype label="536">icon</viewtype>
			<pagecontrol>60</pagecontrol>
			<orientation>horizontal</orientation>
			<itemlayout height="148" width="107">
				<control type="image">
					<posx>2</posx>
					<posy>3</posy>
					<width>102</width>
					<height>120</height>
					<info>ListItem.Icon</info>
				</control>
				<control type="label">
					<posx>53</posx>
					<posy>124</posy>
					<width>101</width>
					<height>24</height>
					<font>font12</font>
					<selectedcolor>red</selectedcolor>
					<align>center</align>
					<aligny>center</aligny>
					<info>ListItem.Label</info>
				</control>
			</itemlayout>
			<focusedlayout height="148" width="107">
				<control type="image">
					<posx>0</posx>
					<posy>0</posy>
					<width>107</width>
					<height>126</height>
					<info>ListItem.Icon</info>
					<bordertexture border="4">folder-focus.png</bordertexture>
					<bordersize>4</bordersize>
				</control>
				<control type="image">
					<posx>-6</posx>
					<posy>124</posy>
					<width>118</width>
					<height>24</height>
					<visible>Control.HasFocus(11)</visible>
					<texture>folder-focus2.png</texture>
				</control>
				<control type="label">
					<posx>53</posx>
					<posy>124</posy>
					<width>101</width>
					<height>24</height>
					<font>font12</font>
					<selectedcolor>red</selectedcolor>
					<align>center</align>
					<aligny>center</aligny>
					<info>ListItem.Label</info>
				</control>
			</focusedlayout>
		</control>
	</controls>
</window>
