<window id="2901">
	<defaultcontrol always="true">402</defaultcontrol>
	<include>dialogeffect</include>
	<coordinates>
		<system>1</system>
		<posx>138</posx>
		<posy>444</posy>
	</coordinates>
	<controls>
		<control type="image">
			<description>Media Overlay Image</description>
			<posx>0</posx>
			<posy>0</posy>
			<width>444</width>
			<height>64</height>
			<texture>osd_panel.png</texture>
		</control>
		<control type="image" id="0">
			<description>popup volume dialog background</description>
			<posx>-78</posx>
			<posy>60</posy>
			<width>600</width>
			<height>35</height>
			<colordiffuse>DDFFFFFF</colordiffuse>
			<texture>volume-panel-bg.png</texture>
		</control>
		<control type="button" id="600">
			<description>DVD menu button</description>
			<posx>-48</posx>
			<posy>64</posy>
			<width>100</width>
			<height>24</height>
			<font>font12</font>
			<label>31003</label>
			<focusedcolor>red</focusedcolor>
			<align>center</align>
			<texturefocus>-</texturefocus>
			<texturenofocus>-</texturenofocus>
			<onclick>XBMC.PlayerControl(ShowVideoMenu)</onclick>
			<enable>VideoPlayer.HasMenu</enable>
			<pulseonselect>no</pulseonselect>
			<onleft>604</onleft>
			<onright>601</onright>
			<onup>9000</onup>
			<ondown>9000</ondown>
			<animation effect="zoom" end="110" center="auto" time="100">focus</animation>
			<animation effect="zoom" start="110" center="auto" time="100">unfocus</animation>
		</control>
		<control type="button" id="601">
			<description>BookMarks Menu</description>
			<posx>62</posx>
			<posy>64</posy>
			<width>100</width>
			<height>24</height>
			<label>31004</label>
			<focusedcolor>red</focusedcolor>
			<font>font12</font>
			<align>center</align>
			<texturefocus>-</texturefocus>
			<texturenofocus>-</texturenofocus>
			<onclick>XBMC.ActivateWindow(125)</onclick>
			<pulseonselect>no</pulseonselect>
			<onleft>600</onleft>
			<onright>602</onright>
			<onup>9000</onup>
			<ondown>9000</ondown>
			<animation effect="zoom" end="110" center="auto" time="100">focus</animation>
			<animation effect="zoom" start="110" center="auto" time="100">unfocus</animation>
		</control>
		<control type="button" id="602">
			<description>Playlist Menu</description>
			<posx>172</posx>
			<posy>64</posy>
			<width>100</width>
			<height>24</height>
			<label>559</label>
			<focusedcolor>red</focusedcolor>
			<font>font12</font>
			<align>center</align>
			<texturefocus>-</texturefocus>
			<texturenofocus>-</texturenofocus>
			<onclick>XBMC.ActivateWindow(MyVideoPlaylist)</onclick>
			<onleft>601</onleft>
			<onright>603</onright>
			<onup>9000</onup>
			<ondown>9000</ondown>
			<animation effect="zoom" end="110" center="auto" time="100">focus</animation>
			<animation effect="zoom" start="110" center="auto" time="100">unfocus</animation>
		</control>
		<control type="button" id="603">
			<description>Audio Menu</description>
			<posx>282</posx>
			<posy>64</posy>
			<width>100</width>
			<height>24</height>
			<label>31005</label>
			<focusedcolor>red</focusedcolor>
			<font>font12</font>
			<align>center</align>
			<texturefocus>-</texturefocus>
			<texturenofocus>-</texturenofocus>
			<onclick>XBMC.ActivateWindow(124)</onclick>
			<onleft>602</onleft>
			<onright>604</onright>
			<onup>9000</onup>
			<ondown>9000</ondown>
			<animation effect="zoom" end="110" center="auto" time="100">focus</animation>
			<animation effect="zoom" start="110" center="auto" time="100">unfocus</animation>
		</control>
		<control type="button" id="604">
			<description>Video Menu</description>
			<posx>392</posx>
			<posy>64</posy>
			<width>100</width>
			<height>24</height>
			<label>31006</label>
			<focusedcolor>red</focusedcolor>
			<font>font12</font>
			<align>center</align>
			<texturefocus>-</texturefocus>
			<texturenofocus>-</texturenofocus>
			<onclick>XBMC.ActivateWindow(123)</onclick>
			<onleft>603</onleft>
			<onright>600</onright>
			<onup>9000</onup>
			<ondown>9000</ondown>
			<animation effect="zoom" end="110" center="auto" time="100">focus</animation>
			<animation effect="zoom" start="110" center="auto" time="100">unfocus</animation>
		</control>
		<control type="group" id="9000">
			<posx>124</posx>
			<posy>4</posy>
			<control type="button" id="400">
				<posx>-3</posx>
				<posy>16</posy>
				<width>23</width>
				<height>24</height>
				<label>-</label>
				<texturefocus>mediacontrol-skipback.png</texturefocus>
				<texturenofocus>mediacontrol-skipback.png</texturenofocus>
				<onleft>405</onleft>
				<onright>401</onright>
				<onup>600</onup>
				<ondown>600</ondown>
				<onclick>XBMC.PlayerControl(Previous)</onclick>
			</control>
			<control type="button" id="401">
				<posx>41</posx>
				<posy>16</posy>
				<width>23</width>
				<height>24</height>
				<label>-</label>
				<texturefocus>mediacontrol-rewind.png</texturefocus>
				<texturenofocus>mediacontrol-rewind.png</texturenofocus>
				<onleft>400</onleft>
				<onright>402</onright>
				<onup>601</onup>
				<ondown>601</ondown>
				<onclick>XBMC.PlayerControl(Rewind)</onclick>
			</control>
			<control type="togglebutton" id="402">
				<posx>84</posx>
				<posy>12</posy>
				<width>31</width>
				<height>32</height>
				<label>-</label>
				<alttexturefocus>mediacontrol-play.png</alttexturefocus>
				<alttexturenofocus>mediacontrol-play.png</alttexturenofocus>
				<usealttexture>Player.Paused | Player.Forwarding | Player.Rewinding</usealttexture>
				<texturefocus>mediacontrol-pause.png</texturefocus>
				<texturenofocus>mediacontrol-pause.png</texturenofocus>
				<onleft>401</onleft>
				<onright>404</onright>
				<onup>602</onup>
				<ondown>602</ondown>
				<onclick>XBMC.PlayerControl(Play)</onclick>
			</control>
			<control type="button" id="404">
				<posx>135</posx>
				<posy>16</posy>
				<width>23</width>
				<height>24</height>
				<label>-</label>
				<texturefocus>mediacontrol-fastforward.png</texturefocus>
				<texturenofocus>mediacontrol-fastforward.png</texturenofocus>
				<onclick>XBMC.PlayerControl(Forward)</onclick>
				<onleft>402</onleft>
				<onright>405</onright>
				<onup>603</onup>
				<ondown>603</ondown>
			</control>
			<control type="button" id="405">
				<posx>177</posx>
				<posy>16</posy>
				<width>23</width>
				<height>24</height>
				<label>-</label>
				<texturefocus>mediacontrol-skipforward.png</texturefocus>
				<texturenofocus>mediacontrol-skipforward.png</texturenofocus>
				<onclick>XBMC.PlayerControl(Next)</onclick>
				<onleft>404</onleft>
				<onright>400</onright>
				<onup>604</onup>
				<ondown>604</ondown>
			</control>
			<control type="image" id="0">
				<description>Chrome Button Guy</description>
				<posx>71</posx>
				<posy>-4</posy>
				<width>55</width>
				<height>64</height>
				<aspectratio>keep</aspectratio>
				<texture>OSD_Button.png</texture>
				<visible>ControlGroup(9000).HasFocus</visible>
				<animation effect="fade" time="100">VisibleChange</animation>
				<animation effect="slide" end="-90,0" time="100" condition="Control.HasFocus(400)">Conditional</animation>
				<animation effect="slide" end="-45,0" time="100" condition="Control.HasFocus(401)">Conditional</animation>
				<animation effect="slide" end="45,0" time="100" condition="Control.HasFocus(404)">Conditional</animation>
				<animation effect="slide" end="90,0" time="100" condition="Control.HasFocus(405)">Conditional</animation>
			</control>
		</control>
	</controls>
</window>
