<!-- This file contains the mapping of actions to sounds                    -->

<!-- The <actions> section contains global mapping                          -->

<!-- To map a action to a sound, add a block like this to <actions>:        -->
<!--    <action>                                                            -->
<!--      <name>left</name>                                                 -->
<!--      <file>cursor.wav</file>                                           -->
<!--    </action>                                                           -->
<!-- Where <name> specifies the action to map a sound to and <file> the wav -->
<!-- file to play when the action occurs.                                   -->

<!-- Valid entries for <name> can be found at                               -->
<!-- http://manual.xboxmediacenter.de/wakka.php?wakka=KeyMappingXML&v=6gu   -->


<!-- Also window specific sound can be played                               -->

<!-- To map a sound to a window, add a block like this to <windows>:        -->
<!--    <window>                                                            -->
<!--      <name>infodialog</name>                                           -->
<!--      <activate>notify.wav</activate>                                   -->
<!--      <deactivate>out.wav</deactivate>                                  -->
<!--    </window>                                                           -->
<!-- Where <name> specifies the window to map a sound to                    -->
<!-- <activate> and <deactivate> are the events a sound can be mapped to    -->
<!-- by setting the file to play.                                           -->

<!-- Valid entries for <name> can be found at                               -->
<!-- http://manual.xboxmediacenter.de/wakka.php?wakka=WindowList&v=13k6     -->

<!-- Note: Only wav files are supported                                     -->

<!-- MiniMeedia Waffa! Sound Pack                                   -->
<sounds>
  <actions>
    <action>
      <name>left</name>
      <file>left.wav</file>
    </action>
    <action>
      <name>right</name>
      <file>right.wav</file>
    </action>
    <action>
      <name>up</name>
      <file>up.wav</file>
    </action>
    <action>
      <name>down</name>
      <file>down.wav</file>
    </action>
    <action>
      <name>select</name>
      <file>open.wav</file>
    </action>
    <action>
      <name>parentdir</name>
      <file>exit.wav</file>
    </action>
    <action>
      <name>previousmenu</name>
      <file>exit.wav</file>
    </action>
    <action>
      <name>screenshot</name>
      <file>shutter.wav</file>
    </action>
  </actions>

  <windows>

<!-- Popups -->
    <window>
      <name>infodialog</name>
      <activate>popup.wav</activate>
    </window>
    <window>
      <name>volumebar</name>
      <activate>popup.wav</activate>
    </window>
    <window>
      <name>106</name>
      <activate>click.wav</activate>
      <deactivate>back.wav</deactivate>
    </window>
<!-- End Popups -->

<!-- Side Blades -->
    <window>
      <name>playercontrols</name>
      <activate>open.wav</activate>
      <deactivate>close.wav</deactivate>
    </window>
    <window>
      <name>shutdownmenu</name>
      <activate>open.wav</activate>
      <deactivate>close.wav</deactivate>
    </window>
    <window>
      <name>yesnodialog</name>
      <activate>open.wav</activate>
      <deactivate>close.wav</deactivate>
    </window>
    <window>
      <name>numericinput</name>
      <activate>open.wav</activate>
      <deactivate>close.wav</deactivate>
    </window>
<!-- End Side Blades -->

<!-- Filemanager Blade -->
    <window>
      <name>3</name>
      <activate>forward.wav</activate>
    </window>
<!-- End Filemanager Blades -->

<!-- Playlist Blade -->
    <window>
      <name>503</name>
      <activate>forward.wav</activate>
    </window>
<!-- End Playlist Blades -->

<!-- Info Blades -->
    <window>
      <name>134</name>
      <activate>forward.wav</activate>
      <deactivate>exit.wav</deactivate>
    </window>
    <window>
      <name>135</name>
      <activate>forward.wav</activate>
      <deactivate>exit.wav</deactivate>
    </window>
    <window>
      <name>139</name>
      <activate>tier3_enter.wav</activate>
      <deactivate>tier3_exit.wav</deactivate>
    </window>
    <window>
      <name>2902</name>
      <activate>tier3_enter.wav</activate>
      <deactivate>tier3_exit.wav</deactivate>
    </window>
    <window>
      <name>142</name>
      <activate>forward.wav</activate>
      <deactivate>exit.wav</deactivate>
    </window>
    <window>
      <name>2001</name>
      <activate>forward.wav</activate>
      <deactivate>exit.wav</deactivate>
    </window>
    <window>
      <name>2003</name>
      <activate>tier3_enter.wav</activate>
      <deactivate>exit.wav</deactivate>
    </window>
    <window>
      <name>2004</name>
      <activate>forward.wav</activate>
      <deactivate>exit.wav</deactivate>
    </window>
<!-- End Info Blades -->

<!-- System Blade Navigation -->
    <window>
      <name>myprogramssettings</name>
      <activate>forward.wav</activate>
    </window>
    <window>
      <name>myweathersettings</name>
      <activate>forward.wav</activate>
    </window>
    <window>
      <name>mymusicsettings</name>
      <activate>forward.wav</activate>
    </window>
    <window>
      <name>systemsettings</name>
      <activate>forward.wav</activate>
    </window>
    <window>
      <name>myvideossettings</name>
      <activate>forward.wav</activate>
    </window>
    <window>
      <name>networksettings</name>
      <activate>forward.wav</activate>
    </window>
    <window>
      <name>appearancesettings</name>
      <activate>forward.wav</activate>
    </window>
    <window>
      <name>systeminfo</name>
      <activate>forward.wav</activate>
    </window>
    <window>
      <name>profiles</name>
      <activate>forward.wav</activate>
    </window>
    <window>
      <name>mypicturessettings</name>
      <activate>forward.wav</activate>
    </window>
<!-- End System Blade Navigation -->

<!-- Startup Sound -->
    <window>
      <name>startup</name>
      <activate>startup.wav</activate>
    </window>
<!-- Startup Sound -->
  </windows>
</sounds>
