<sounds>
  <actions>
    <action>
      <name>left</name>
      <file>cursor.wav</file>
    </action>
    <action>
      <name>right</name>
      <file>cursor.wav</file>
    </action>
    <action>
      <name>up</name>
      <file>cursor.wav</file>
    </action>
    <action>
      <name>down</name>
      <file>cursor.wav</file>
    </action>
    <action>
      <name>select</name>
      <file>click.wav</file>
    </action>
    <action>
      <name>parentdir</name>
      <file>click.wav</file>
    </action>
    <action>
      <name>previousmenu</name>
      <file>back.wav</file>
    </action>
    <action>
      <name>screenshot</name>
      <file>shutter.wav</file>
    </action>
  </actions>

  <windows>
    <window>
      <name>startup</name>
      <activate>startup.wav</activate>
      </window>

    
    
  </windows>
</sounds>