<window type="dialog" id="3011">
	<defaultcontrol always="true">110</defaultcontrol>
	<allowoverlay>no</allowoverlay>
	
	<controls>
		<control type="group">
			<posy>572</posy>

			<control type="group">
				<include>HomeSubMenuBarImage</include>
				<include>HomeSubMenuBarOpenCloseAnim</include>
				
				<control type="image">
					<description>Sub Menu Marker</description>
					<posx>195</posx>
					<posy>1</posy>
					<width>180</width>
					<height>33</height>
					<texture border="0,0,0,2">button-submenu-focus.png</texture>
					<include>SystemMenuBarFocusAnim</include>
				</control>
				
				<control type="list" id="110">
					<description>System Menu Bar</description>
					<posx>195</posx>
					<posy>0</posy>
					<width>900</width>
					<height>34</height>
					<ondown>Dialog.Close(3011)</ondown>
					<orientation>horizontal</orientation>
					<include>HomeSubMenuOpenCloseAnim</include>
					<itemlayout width="180">
						<control type="label">
							<posx>90</posx>
							<width>180</width>
							<height>34</height>
							<font>MenuBarButtonFont</font>
							<textcolor>ButtonColor</textcolor>
							<align>center</align>
							<aligny>center</aligny>
							<info>ListItem.Label</info>
						</control>		
					</itemlayout>
					<focusedlayout width="180">
						<control type="label">
							<posx>90</posx>
							<width>180</width>
							<height>34</height>
							<font>MenuBarButtonFont</font>
							<textcolor>ButtonFocusColor</textcolor>
							<align>center</align>
							<aligny>center</aligny>
							<info>ListItem.Label</info>
						</control>					
					</focusedlayout>
					<content>
						<item id="1">
							<description>Artists</description>
							<label>Artists</label>
							<onclick>Dialog.Close(3011)</onclick>
							<onclick>ActivateWindow(MusicLibrary,Artists)</onclick>		
						</item>
						<item id="2">
							<description>Albums</description>
							<label>Albums</label>
							<onclick>Dialog.Close(3011)</onclick>
							<onclick>ActivateWindow(MusicLibrary,Albums)</onclick>		
						</item>
						<item id="3">
							<description>Songs</description>
							<label>Songs</label>
							<onclick>Dialog.Close(3011)</onclick>
							<onclick>ActivateWindow(MusicLibrary,Songs)</onclick>		
						</item>
						<item id="4">
							<description>Playlists</description>
							<label>Recently Added</label>
							<onclick>Dialog.Close(3011)</onclick>
							<onclick>XBMC.ActivateWindow(MyMusicLibrary,playlists,return)</onclick>		
						</item>
						<item id="5">
							<description>Files</description>
							<label>Files</label>
							<onclick>Dialog.Close(3011)</onclick>
							<onclick>ActivateWindow(MusicFiles)</onclick>		
						</item>
					</content>						
				</control>	
			</control>
		</control>	

		<control type="group">	
			<description>Bottom Bar Area</description>	
			<posy>606</posy>			
			<include>HomeSubMenuCoverTopImage</include>		
			<include>HomeSubMenuCoverTopOverlay</include>
		</control>
	</controls>	
</window>