<Window type="Window" id="3001">
	<defaultcontrol always="true">850</defaultcontrol>
	<allowoverlay>yes</allowoverlay>

	<controls>	
		<control type="group">					
    		<include>BackgroundSystem</include>
			<include>BackgroundFSVideo</include>
			<include>BackgroundFSViz</include>   
			
			<include>FullControlAreaBackground</include>
			<include>BackgroundOpenCloseAnim</include>
		</control>

		<control type="image">
			<include>CustomBackgroundPreview</include>
			<info>Skin.String(ProgramsCustomBG)</info>		
			<visible>ControlGroup(903).HasFocus(102) | ControlGroup(903).HasFocus(103)
			+ !Control.HasFocus(1) + !Control.HasFocus(2) + !Control.HasFocus(3) + !Control.HasFocus(4) + !Control.HasFocus(5) + !Control.HasFocus(6)</visible>
			<include>CustomBackgroundPreviewFadeInAnim</include>
		</control>
		
		<control type="image">
			<include>CustomBackgroundPreview</include>
			<info>Skin.String(PicturesCustomBG)</info>		
			<visible>ControlGroup(903).HasFocus(108) | ControlGroup(903).HasFocus(109)
			+ !Control.HasFocus(1) + !Control.HasFocus(2) + !Control.HasFocus(3) + !Control.HasFocus(4) + !Control.HasFocus(5) + !Control.HasFocus(6)</visible>
			<include>CustomBackgroundPreviewFadeInAnim</include>
		</control>
		
		<control type="image">
			<include>CustomBackgroundPreview</include>
			<info>Skin.String(MusicCustomBG)</info>		
			<visible>ControlGroup(903).HasFocus(114) | ControlGroup(903).HasFocus(115)
			+ !Control.HasFocus(1) + !Control.HasFocus(2) + !Control.HasFocus(3) + !Control.HasFocus(4) + !Control.HasFocus(5) + !Control.HasFocus(6)</visible>
			<include>CustomBackgroundPreviewFadeInAnim</include>
		</control>
		
		<control type="image">
			<include>CustomBackgroundPreview</include>
			<info>Skin.String(VideosCustomBG)</info>		
			<visible>[ControlGroup(903).HasFocus(120) | ControlGroup(903).HasFocus(121)] 
			+ !Control.HasFocus(1) + !Control.HasFocus(2) + !Control.HasFocus(3) + !Control.HasFocus(4) + !Control.HasFocus(5) + !Control.HasFocus(6)</visible>
			<include>CustomBackgroundPreviewFadeInAnim</include>
		</control>
		
		<control type="image">
			<include>CustomBackgroundPreview</include>
			<info>Skin.String(MoviesCustomBG)</info>		
			<visible>ControlGroup(903).HasFocus(144) | ControlGroup(903).HasFocus(145)
			+ !Control.HasFocus(1) + !Control.HasFocus(2) + !Control.HasFocus(3) + !Control.HasFocus(4) + !Control.HasFocus(5) + !Control.HasFocus(6)</visible>
			<include>CustomBackgroundPreviewFadeInAnim</include>
		</control>
		
		<control type="image">
			<include>CustomBackgroundPreview</include>
			<info>Skin.String(TVShowsCustomBG)</info>		
			<visible>ControlGroup(903).HasFocus(138) | ControlGroup(903).HasFocus(139)
			+ !Control.HasFocus(1) + !Control.HasFocus(2) + !Control.HasFocus(3) + !Control.HasFocus(4) + !Control.HasFocus(5) + !Control.HasFocus(6)</visible>
			<include>CustomBackgroundPreviewFadeInAnim</include>
		</control>
		
		<control type="image">
			<include>CustomBackgroundPreview</include>
			<info>Skin.String(GeneralCustomBG)</info>		
			<visible>ControlGroup(903).HasFocus(126) | ControlGroup(903).HasFocus(127)
			+ !Control.HasFocus(1) + !Control.HasFocus(2) + !Control.HasFocus(3) + !Control.HasFocus(4) + !Control.HasFocus(5) + !Control.HasFocus(6)</visible>
			<include>CustomBackgroundPreviewFadeInAnim</include>
		</control>
		
		<control type="image">
			<include>CustomBackgroundPreview</include>
			<info>Skin.String(SystemCustomBG)</info>		
			<visible>ControlGroup(903).HasFocus(132) | ControlGroup(903).HasFocus(133)
			+ !Control.HasFocus(1) + !Control.HasFocus(2) + !Control.HasFocus(3) + !Control.HasFocus(4) + !Control.HasFocus(5) + !Control.HasFocus(6)</visible>
			<include>CustomBackgroundPreviewFadeInAnim</include>
		</control>
		
		<control type="group" id="850">
			<description>Category Area</description>
			<posx>95</posx>
			<posy>140</posy>
			<include>ControlsOpenCloseAnim</include>
			
			<control type="image">
				<include>SettingsCatInactive</include>
				<visible>Control.IsVisible(900)</visible>
			</control>
			
			<control type="button" id="1">
				<Description>General</Description>
				<include>SettingsCatBtn</include>
				<label>$LOCALIZE[31010]</label>
				<onfocus>Skin.SetString(SkinSettingsCategory,1)</onfocus>
				<onup>6</onup>
				<ondown>2</ondown>
				<onleft>600</onleft>
				<onright>851</onright>
			</control>
			
			<control type="image">
				<posy>37</posy>
				<include>SettingsCatInactive</include>
				<visible>Control.IsVisible(901)</visible>
			</control>

			<control type="button" id="2">
				<Description>Home</Description>
				<posy>37</posy>
				<include>SettingsCatBtn</include>
				<label>$LOCALIZE[31011]</label>
				<onfocus>Skin.SetString(SkinSettingsCategory,2)</onfocus>
				<onup>1</onup>
				<ondown>3</ondown>
				<onleft>600</onleft>
				<onright>851</onright>
			</control>
			
			<control type="image">
				<posy>74</posy>
				<include>SettingsCatInactive</include>
				<visible>Control.IsVisible(902)</visible>
			</control>
			
			<control type="button" id="3">
				<Description>Media</Description>
				<posy>74</posy>
				<include>SettingsCatBtn</include>
				<label>$LOCALIZE[31013]</label>
				<onfocus>Skin.SetString(SkinSettingsCategory,3)</onfocus>
				<onup>2</onup>
				<ondown>4</ondown>
				<onleft>600</onleft>
				<onright>851</onright>
			</control>	
			
			<control type="image">
				<posy>111</posy>
				<include>SettingsCatInactive</include>
				<visible>Control.IsVisible(903)</visible>
			</control>
			
			<control type="button" id="4">
				<Description>Backgrounds</Description>
				<posy>111</posy>
				<include>SettingsCatBtn</include>
				<label>$LOCALIZE[31012]</label>
				<onfocus>Skin.SetString(SkinSettingsCategory,4)</onfocus>
				<onup>3</onup>
				<ondown>5</ondown>
				<onleft>600</onleft>
				<onright>851</onright>
			</control>
			
			<control type="image">
				<posy>148</posy>
				<include>SettingsCatInactive</include>
				<visible>Control.IsVisible(906)</visible>
			</control>
			
			<control type="button" id="5">
				<Description>Weather</Description>
				<posy>148</posy>
				<include>SettingsCatBtn</include>
				<label>$LOCALIZE[12600]</label>
				<onfocus>Skin.SetString(SkinSettingsCategory,7)</onfocus>
				<onup>4</onup>
				<ondown>6</ondown>
				<onleft>600</onleft>
				<onright>851</onright>
			</control>
			
			<control type="image">
				<posy>185</posy>
				<include>SettingsCatInactive</include>
				<visible>Control.IsVisible(904)</visible>
			</control>
			
			
			<control type="button" id="6">
				<Description>Scripts</Description>
				<posy>185</posy>
				<include>SettingsCatBtn</include>
				<label>$LOCALIZE[247]</label>
				<onfocus>Skin.SetString(SkinSettingsCategory,5)</onfocus>
				<onup>5</onup>
				<ondown>7</ondown>
				<onleft>600</onleft>
				<onright>851</onright>
			</control>
			
			<control type="image">
				<posy>217</posy>
				<include>SettingsCatInactive</include>
				<visible>Control.IsVisible(905)</visible>
			</control>
			
			<control type="button" id="7">
				<Description>Reset Skin Settings</Description>
				<posy>217</posy>
				<include>SettingsCatBtn</include>
				<label>$LOCALIZE[31014]</label>
				<onfocus>Skin.SetString(SkinSettingsCategory,6)</onfocus>
				<onup>6</onup>
				<ondown>1</ondown>
				<onleft>600</onleft>
				<onright>905</onright>
			</control>	
		</control>
		
		<control type="group" id="851">
			<include>ControlsOpenCloseAnim</include>
			
			<control type="grouplist" id="900">		
				<description>General Content Area</description>
				<posx>385</posx>
				<posy>140</posy>
				<width>800</width>
				<height>444</height>
				<itemgap>2</itemgap>
				<orientation>vertical</orientation>	
				<onup>900</onup>
				<ondown>900</ondown>
				<onleft>850</onleft>
				<visible>Skin.String(SkinSettingsCategory,1)</visible>

				<control type="radiobutton" id="1015">
					<description>Change Top Bar Colour</description>
					<include>SettingsContentRadioBtn</include>
					<label>$LOCALIZE[31028]</label>
					<selected>Skin.HasSetting(ExpandTopBarColorSettings)</selected>
					<onclick>Skin.Reset(ExpandScrollbarToggleSettings)</onclick>
					<onclick>Skin.Reset(ExpandWeatherSettings)</onclick>
					<onclick>Skin.ToggleSetting(ExpandTopBarColorSettings)</onclick>
				</control>
				<control type="radiobutton" id="1016">
					<description>Default Colour</description>
					<include>SettingsContentSmallBtn</include>
					<label>             $LOCALIZE[31032]</label>
					<selected>Skin.String(TopBarColor,) | Skin.String(TopBarColor,1)</selected>
					<onclick>Skin.SetString(TopBarColor,1)</onclick>
					<onclick>ReloadSkin()</onclick>
					<visible>Skin.HasSetting(ExpandTopBarColorSettings)</visible>
					<!--<include>SettingsItemOpenCloseAnim</include>-->
				</control>
				<control type="radiobutton" id="1017">
					<description>Colour 2</description>
					<include>SettingsContentSmallBtn</include>
					<label>             $LOCALIZE[31029]</label>
					<selected>Skin.String(TopBarColor,2)</selected>
					<onclick>Skin.SetString(TopBarColor,2)</onclick>
					<onclick>ReloadSkin()</onclick>
					<visible>Skin.HasSetting(ExpandTopBarColorSettings)</visible>
					<!--<include>SettingsItemOpenCloseAnim</include>-->
				</control>
				<control type="radiobutton" id="1018">
					<description>Colour 3</description>
					<include>SettingsContentSmallBtn</include>
					<label>             $LOCALIZE[31030]</label>
					<selected>Skin.String(TopBarColor,3)</selected>
					<onclick>Skin.SetString(TopBarColor,3)</onclick>
					<onclick>ReloadSkin()</onclick>
					<visible>Skin.HasSetting(ExpandTopBarColorSettings)</visible>
					<!--<include>SettingsItemOpenCloseAnim</include>-->
				</control>
				<control type="radiobutton" id="1019">
					<description>Colour 4</description>
					<include>SettingsContentSmallBtn</include>
					<label>             $LOCALIZE[31031]</label>
					<selected>Skin.String(TopBarColor,4)</selected>
					<onclick>Skin.SetString(TopBarColor,4)</onclick>
					<onclick>ReloadSkin()</onclick>
					<visible>Skin.HasSetting(ExpandTopBarColorSettings)</visible>
					<!--<include>SettingsItemOpenCloseAnim</include>-->
				</control>
				
				<control type="radiobutton" id="23">
					<description>Weather</description>
					<include>SettingsContentRadioBtn</include>
					<label>$LOCALIZE[8]</label>
					<selected>Skin.HasSetting(ExpandWeatherSettings)</selected>
					<onclick>Skin.Reset(ExpandScrollbarToggleSettings)</onclick>
					<onclick>Skin.ToggleSetting(ExpandWeatherSettings)</onclick>
				</control>
				<control type="radiobutton" id="24">
					<description>Show Weather Notification</description>	
					<include>SettingsContentSmallBtn</include>
					<label>             $LOCALIZE[31026]</label>
					<selected>Skin.HasSetting(ShowWeatherNotification)</selected>
					<onclick>Skin.ToggleSetting(ShowWeatherNotification)</onclick>
					<visible>Skin.HasSetting(ExpandWeatherSettings)</visible>
					<include>SettingsItemOpenCloseAnim</include>
				</control>
				<control type="togglebutton" id="25">
					<description>Weather Apply To All Windows</description>
					<include>SettingsContentSmallBtn</include>
					<label>             $LOCALIZE[31052] $LOCALIZE[31061]</label>
					<altlabel>             $LOCALIZE[31051]</altlabel>
					<usealttexture>!Skin.HasSetting(ApplyAllWeatherNotification)</usealttexture>
					<onclick>Skin.ToggleSetting(ApplyAllWeatherNotification)</onclick>
					<visible>Skin.HasSetting(ExpandWeatherSettings)</visible>
					<include>SettingsItemOpenCloseAnim</include>
				</control>
				<control type="radiobutton" id="11">
					<description>Hide Bottom Info Pane</description>
					<include>SettingsContentBtn</include>
					<label>$LOCALIZE[31021]</label>
					<selected>Skin.HasSetting(HideInfoPane)</selected>
					<onclick>Skin.ToggleSetting(HideInfoPane)</onclick>
				</control>
				<control type="radiobutton" id="12">
					<description>Hide Bottom Pane White Highlight</description>
					<include>SettingsContentBtn</include>
					<label>$LOCALIZE[31024]</label>
					<selected>Skin.HasSetting(HideHomeBottomPaneWhiteHighlight)</selected>
					<onclick>Skin.ToggleSetting(HideHomeBottomPaneWhiteHighlight)</onclick>
				</control>
				<control type="radiobutton" id="13">
					<description>Disable Music Visualisation In The Background</description>
					<include>SettingsContentBtn</include>
					<label>$LOCALIZE[31022]</label>
					<selected>Skin.HasSetting(DisableMusicVizBG)</selected>
					<onclick>Skin.ToggleSetting(DisableMusicVizBG)</onclick>
				</control>
				<control type="radiobutton" id="14">
					<description>Disable Video In The Background</description>
					<include>SettingsContentBtn</include>
					<label>$LOCALIZE[31023]</label>
					<selected>Skin.HasSetting(DisableVideoBG)</selected>
					<onclick>Skin.ToggleSetting(DisableVideoBG)</onclick>
				</control>
				<control type="radiobutton" id="168">
					<description>Do Not Dim Screen</description>
					<include>SettingsContentBtn</include>
					<label>$LOCALIZE[31027]</label>
					<selected>Skin.HasSetting(DoNotDimScreen)</selected>
					<onclick>Skin.ToggleSetting(DoNotDimScreen)</onclick>
					<include>SettingsItemOpenCloseAnim</include>
				</control>
				<control type="radiobutton" id="169">
					<description>Enable Kiosk Mode</description>
					<include>SettingsContentBtn</include>
					<label>$LOCALIZE[31036]</label>
					<selected>Skin.HasSetting(KioskMode)</selected>
					<onclick>Skin.ToggleSetting(KioskMode)</onclick>
					<include>SettingsItemOpenCloseAnim</include>
				</control>
				
			</control>
			
			<control type="grouplist" id="901">		
				<description>Home Content Area</description>
				<posx>385</posx>
				<posy>140</posy>
				<width>800</width>
				<height>444</height>
				<itemgap>2</itemgap>
				<orientation>vertical</orientation>	
				<onup>901</onup>
				<ondown>901</ondown>
				<onleft>850</onleft>
				<visible>Skin.String(SkinSettingsCategory,2)</visible>
				<control type="radiobutton" id="30">
					<description>Hide Categories</description>
					<include>SettingsContentRadioBtn</include>
					<label>$LOCALIZE[31070]</label>
					<selected>Skin.HasSetting(ExpandCategoryToggleSettings)</selected>
					<onclick>Skin.ToggleSetting(ExpandCategoryToggleSettings)</onclick>
				</control>
				<control type="radiobutton" id="31">
					<description>Hide Programs Category</description>
					<include>SettingsContentSmallBtn</include>
					<label>             $LOCALIZE[0]</label>
					<selected>Skin.HasSetting(HideProgramsCategory)</selected>
					<onclick>Skin.ToggleSetting(HideProgramsCategory)</onclick>
					<visible>Skin.HasSetting(ExpandCategoryToggleSettings)</visible>
					<include>SettingsItemOpenCloseAnim</include>
				</control>
				<control type="radiobutton" id="32">
					<description>Hide Pictures Category</description>
					<include>SettingsContentSmallBtn</include>
					<label>             $LOCALIZE[1]</label>
					<selected>Skin.HasSetting(HidePicturesCategory)</selected>
					<onclick>Skin.ToggleSetting(HidePicturesCategory)</onclick>
					<visible>Skin.HasSetting(ExpandCategoryToggleSettings)</visible>
					<include>SettingsItemOpenCloseAnim</include>
				</control>
				<control type="radiobutton" id="33">
					<description>Hide Music Category</description>
					<include>SettingsContentSmallBtn</include>
					<label>             $LOCALIZE[2]</label>
					<selected>Skin.HasSetting(HideMusicCategory)</selected>
					<onclick>Skin.ToggleSetting(HideMusicCategory)</onclick>
					<visible>Skin.HasSetting(ExpandCategoryToggleSettings)</visible>
					<include>SettingsItemOpenCloseAnim</include>
				</control>
				<control type="radiobutton" id="34">
					<description>Hide Videos Category</description>
					<include>SettingsContentSmallBtn</include>
					<label>             $LOCALIZE[3]</label>
					<selected>Skin.HasSetting(HideVideosCategory)</selected>
					<onclick>Skin.ToggleSetting(HideVideosCategory)</onclick>
					<visible>Skin.HasSetting(ExpandCategoryToggleSettings)</visible>
					<include>SettingsItemOpenCloseAnim</include>
				</control>
				<control type="radiobutton" id="35">
					<description>Hide Movies Category</description>
					<include>SettingsContentSmallBtn</include>
					<label>             $LOCALIZE[20342]</label>
					<selected>Skin.HasSetting(HideMoviesCategory)</selected>
					<onclick>Skin.ToggleSetting(HideMoviesCategory)</onclick>
					<enable>Library.HasContent(Movies)</enable>
					<visible>Skin.HasSetting(ExpandCategoryToggleSettings)</visible>
					<include>SettingsItemOpenCloseAnim</include>
				</control>
				<control type="radiobutton" id="36">
					<description>Hide TV Shows Category</description>
					<include>SettingsContentSmallBtn</include>
					<label>             $LOCALIZE[20343]</label>
					<selected>Skin.HasSetting(HideTVShowsCategory)</selected>
					<onclick>Skin.ToggleSetting(HideTVShowsCategory)</onclick>
					<enable>Library.HasContent(TVShows)</enable>
					<visible>Skin.HasSetting(ExpandCategoryToggleSettings)</visible>
					<include>SettingsItemOpenCloseAnim</include>
				</control>
				<control type="radiobutton" id="37">
					<description>Hide General Category</description>
					<include>SettingsContentSmallBtn</include>
					<label>             $LOCALIZE[128]</label>
					<selected>Skin.HasSetting(HideGeneralCategory)</selected>
					<onclick>Skin.ToggleSetting(HideGeneralCategory)</onclick>
					<visible>Skin.HasSetting(ExpandCategoryToggleSettings)</visible>
					<include>SettingsItemOpenCloseAnim</include>
				</control>
				<control type="radiobutton" id="38">
					<description>Always Hide Category Icons</description>
					<include>SettingsContentBtn</include>
					<label>$LOCALIZE[31074]</label>
					<selected>Skin.HasSetting(HideHomeCategoryIcons)</selected>
					<onclick>Skin.ToggleSetting(HideHomeCategoryIcons)</onclick>
				</control>
				<control type="radiobutton" id="39">
					<description>Hide Category Icons when Video Playing</description>
					<include>SettingsContentBtn</include>
					<label>$LOCALIZE[31076]</label>
					<selected>Skin.HasSetting(HideHomeCategoryIconsWhenVideo)</selected>
					<onclick>Skin.ToggleSetting(HideHomeCategoryIconsWhenVideo)</onclick>
				</control>
				
				
				
				<control type="radiobutton" id="150">
					<description>Hide Recent Movies</description>
					<include>SettingsContentBtn</include>
					<label>$LOCALIZE[31077]</label>
					<selected>Skin.HasSetting(HideRecentMovies)</selected>
					<onclick>Skin.ToggleSetting(HideRecentMovies)</onclick>
					<visible>!Skin.HasSetting(HideMoviesCategory)</visible>
				</control>
				<control type="radiobutton" id="151">
					<description>Hide Recent TV Shows</description>
					<include>SettingsContentBtn</include>
					<label>$LOCALIZE[31078]</label>
					<selected>Skin.HasSetting(HideRecentTVShows)</selected>
					<onclick>Skin.ToggleSetting(HideRecentTVShows)</onclick>
					<visible>!Skin.HasSetting(HideTVShowsCategory)</visible>
				</control>
				<control type="radiobutton" id="155">
          <description>Hide Recent Albums</description>
          <include>SettingsContentBtn</include>
          <label>$LOCALIZE[31079]</label>
          <selected>Skin.HasSetting(HideRecentAlbums)</selected>
          <onclick>Skin.ToggleSetting(HideRecentAlbums)</onclick>
          <visible>!Skin.HasSetting(HideMusicCategory)</visible>
        </control>
				
			
				
				<control type="radiobutton" id="152">
					<description>Hide Now Playing Music</description>
					<include>SettingsContentBtn</include>
					<label>$LOCALIZE[31071]</label>
					<selected>Skin.HasSetting(HideNowPlayingMusic)</selected>
					<onclick>Skin.ToggleSetting(HideNowPlayingMusic)</onclick>
				</control>
				<control type="radiobutton" id="153">
					<description>Hide Now Playing Videos</description>
					<include>SettingsContentBtn</include>
					<label>$LOCALIZE[31072]</label>
					<selected>Skin.HasSetting(HideNowPlayingVideos)</selected>
					<onclick>Skin.ToggleSetting(HideNowPlayingVideos)</onclick>
				</control>
				<control type="radiobutton" id="154">
					<description>Show Navigation Buttons</description>
					<include>SettingsContentBtn</include>
					<label>$LOCALIZE[31075]</label>
					<selected>Skin.HasSetting(ShowHomeNavButtons)</selected>
					<onclick>Skin.ToggleSetting(ShowHomeNavButtons)</onclick>
				</control>
				<control type="radiobutton" id="156">
					<description>Hide Home System Info</description>
					<include>SettingsContentBtn</include>
					<label>$LOCALIZE[31080]</label>
					<selected>Skin.HasSetting(HideHomeSysInfo)</selected>
					<onclick>Skin.ToggleSetting(HideHomeSysInfo)</onclick>
				</control>  
			</control>

			<control type="grouplist" id="902">		
				<description>Media Content Area</description>
				<posx>385</posx>
				<posy>140</posy>
				<width>800</width>
				<height>444</height>
				<itemgap>2</itemgap>
				<orientation>vertical</orientation>	
				<onup>902</onup>
				<ondown>902</ondown>
				<onleft>850</onleft>
				<visible>Skin.String(SkinSettingsCategory,3)</visible>
				
				
				
				
				
				<control type="radiobutton" id="95">
					<description>Hide Top Media Menu Bar</description>
					<include>SettingsContentBtn</include>
					<label>$LOCALIZE[31400]</label>
					<selected>Skin.HasSetting(HideMenuBar)</selected>
					<onclick>Skin.ToggleSetting(HideMenuBar)</onclick>
					<include>SettingsItemOpenCloseAnim</include>
				</control>
				
				<control type="radiobutton" id="96">
					<description>Hide Small Video Overlay</description>
					<include>SettingsContentBtn</include>
					<label>$LOCALIZE[31424]</label>
					<selected>Skin.HasSetting(HideSmallVideoOverlay)</selected>
					<onclick>Skin.ToggleSetting(HideSmallVideoOverlay)</onclick>
					<include>SettingsItemOpenCloseAnim</include>
				</control>
				
				<control type="radiobutton" id="97">
					<description>Hide Rotating cdArt in Visualizer</description>
					<include>SettingsContentBtn</include>
					<label>$LOCALIZE[31403]</label>
					<selected>Skin.HasSetting(HidecdArt)</selected>
					<onclick>Skin.ToggleSetting(HidecdArt)</onclick>
					<include>SettingsItemOpenCloseAnim</include>
				</control>
			
				
				

				
				<control type="radiobutton" id="99">
					<description>Hide Media Type Icons</description>
					<include>SettingsContentRadioBtn</include>
					<label>Hide Media Type Icons in Library Views</label>
					<selected>Skin.HasSetting(ExpandHideMediaIconsSettings)</selected>
					<onclick>Skin.ToggleSetting(ExpandHideMediaIconsSettings)</onclick>
			
				</control>
				<control type="radiobutton" id="70">
					<description>Hide Un-Selected Media Type Icons</description>
					<include>SettingsContentSmallBtn</include>
					<label>             Hide Un-Selected Media Type Icon</label>
					<selected>Skin.HasSetting(HideUnSelectedMediaIcons)</selected>
					<onclick>Skin.ToggleSetting(HideUnSelectedMediaIcons)</onclick>
					<visible>Skin.HasSetting(ExpandHideMediaIconsSettings)</visible>
					<include>SettingsItemOpenCloseAnim</include>
				</control>
				<control type="radiobutton" id="71">
					<description>Hide Selected Media Type Icons</description>
					<include>SettingsContentSmallBtn</include>
					<label>             Hide Selected Media Type Icon</label>
					<selected>Skin.HasSetting(HideSelectedMediaIcons)</selected>
					<onclick>Skin.ToggleSetting(HideSelectedMediaIcons)</onclick>
					<visible>Skin.HasSetting(ExpandHideMediaIconsSettings)</visible>
					<include>SettingsItemOpenCloseAnim</include>
				</control>
				
				<control type="radiobutton" id="72">
					<description>Hide Video And Sound Media Flags</description>
					<include>SettingsContentBtn</include>
					<label>$LOCALIZE[31048]</label>
					<selected>Skin.HasSetting(HideMediaFlags)</selected>
					<onclick>Skin.ToggleSetting(HideMediaFlags)</onclick>
					<include>SettingsItemOpenCloseAnim</include>
					<visible>!System.Platform.Xbox</visible>
				</control>
				<control type="radiobutton" id="73">
					<description>Hide Video And Sound Media Flags</description>
					<include>SettingsContentBtn</include>
					<label>$LOCALIZE[31048]</label>
					<selected>!Skin.HasSetting(ShowMediaFlagsXbox)</selected>
					<onclick>Skin.ToggleSetting(ShowMediaFlagsXbox)</onclick>
					<include>SettingsItemOpenCloseAnim</include>
					<visible>System.Platform.Xbox</visible>
				</control>
				<control type="radiobutton" id="74">
					<description>Hide Studio Media Flags</description>
					<include>SettingsContentBtn</include>
					<label>$LOCALIZE[31049] [COLOR=MediaInfoItemColor]($LOCALIZE[20342])[/COLOR]</label>
					<selected>Skin.HasSetting(HideMovieStudioFlags)</selected>
					<onclick>Skin.ToggleSetting(HideMovieStudioFlags)</onclick>
					<include>SettingsItemOpenCloseAnim</include>
				</control>
				<control type="radiobutton" id="75">
					<description>Hide Studio Media Flags</description>
					<include>SettingsContentBtn</include>
					<label>$LOCALIZE[31049] [COLOR=MediaInfoItemColor]($LOCALIZE[20343])[/COLOR]</label>
					<selected>Skin.HasSetting(HideTVStudioFlags)</selected>
					<onclick>Skin.ToggleSetting(HideTVStudioFlags)</onclick>
					<include>SettingsItemOpenCloseAnim</include>
				</control>
				<control type="radiobutton" id="76">
					<description>Do Not Dim Screen</description>
					<include>SettingsContentBtn</include>
					<label>$LOCALIZE[31027]</label>
					<selected>Skin.HasSetting(DoNotDimViewsScreen)</selected>
					<onclick>Skin.ToggleSetting(DoNotDimViewsScreen)</onclick>
					<include>SettingsItemOpenCloseAnim</include>
				</control>
				<control type="radiobutton" id="77">
					<description>Use MPAA flags</description>
					<include>SettingsContentBtn</include>
					<label>Use [COLOR=MediaInfoItemColor]MPAA Flags[/COLOR] for ratings</label>
					<selected>Skin.HasSetting(UseMPAARatingFlags)</selected>
					<onclick>Skin.ToggleSetting(UseMPAARatingFlags)</onclick>
					<include>SettingsItemOpenCloseAnim</include>
				</control>
				<control type="radiobutton" id="78">
					<description>Use OFLC flags</description>
					<include>SettingsContentBtn</include>
					<label>Use [COLOR=MediaInfoItemColor]OFLC Flags[/COLOR] for ratings</label>
					<selected>Skin.HasSetting(UseOFLCRatingFlags)</selected>
					<onclick>Skin.ToggleSetting(UseOFLCRatingFlags)</onclick>
					<include>SettingsItemOpenCloseAnim</include>
				</control>
			</control>
			<!-- Global Media Settings -->
			<control type="grouplist" id="903">		
				<description>Backgrounds Content Area</description>
				<posx>385</posx>
				<posy>140</posy>
				<width>800</width>
				<height>444</height>
				<itemgap>2</itemgap>
				<orientation>vertical</orientation>	
				<onup>903</onup>
				<ondown>903</ondown>
				<onleft>850</onleft>
				<visible>Skin.String(SkinSettingsCategory,4)</visible>
				<control type="radiobutton" id="100">
					<description>Programs Background Settings</description>
					<include>SettingsContentRadioBtn</include>
					<label>$LOCALIZE[0]</label>
					<selected>Skin.HasSetting(ExpandProgramsBGSettings)</selected>	
					<onclick>Skin.Reset(ExpandPicturesBGSettings)</onclick>
					<onclick>Skin.Reset(ExpandMusicBGSettings)</onclick>
					<onclick>Skin.Reset(ExpandVideosBGSettings)</onclick>
					<onclick>Skin.Reset(ExpandMoviesBGSettings)</onclick>
					<onclick>Skin.Reset(ExpandTVShowsBGSettings)</onclick>
					<onclick>Skin.Reset(ExpandGeneralBGSettings)</onclick>
					<onclick>Skin.Reset(ExpandSystemBGSettings)</onclick>
					<onclick>Skin.ToggleSetting(ExpandProgramsBGSettings)</onclick>
				</control>
				<control type="togglebutton" id="101">
					<description>Image/Multi Image Toggle</description>
					<include>SettingsContentSmallBtn</include>
					<label>             $LOCALIZE[31057]</label>
					<altlabel>             $LOCALIZE[31056]</altlabel>
					<usealttexture>!Skin.HasSetting(UseMultiImageProgramsBGSettings)</usealttexture>
					<onclick>Skin.Reset(ProgramsCustomBG)</onclick>
					<onclick>Skin.ToggleSetting(UseMultiImageProgramsBGSettings)</onclick>
					<visible>Skin.HasSetting(ExpandProgramsBGSettings)</visible>
					<include>SettingsItemOpenCloseAnim</include>
				</control>
				<control type="button" id="102">
					<description>Programs Custom Background Path</description>
					<include>SettingsContentSmallBtn</include>
					<label>             $LOCALIZE[31054]</label>
					<label2>[COLOR=DefaultColor4]$INFO[Skin.String(ProgramsCustomBG)][/COLOR]</label2>
					<onclick>Skin.SetImage(ProgramsCustomBG)</onclick>
					<visible>Skin.HasSetting(ExpandProgramsBGSettings) + !Skin.HasSetting(UseMultiImageProgramsBGSettings)</visible>
					<include>BackgroundSettingsItemOpenCloseAnim</include>
				</control>
				<control type="button" id="103">
					<description>Programs Multi Custom Background Path</description>
					<include>SettingsContentSmallBtn</include>
					<label>             $LOCALIZE[31055]</label>
					<label2>[COLOR=DefaultColor4]$INFO[Skin.String(ProgramsCustomBG)][/COLOR]</label2>
					<onclick>Skin.SetPath(ProgramsCustomBG)</onclick>
					<visible>Skin.HasSetting(ExpandProgramsBGSettings) + Skin.HasSetting(UseMultiImageProgramsBGSettings)</visible>
					<include>BackgroundSettingsItemOpenCloseAnim</include>
				</control>
				<control type="togglebutton" id="104">
					<description>Programs Apply To All Windows</description>
					<include>SettingsContentSmallBtn</include>
					<label>             $LOCALIZE[31052] $LOCALIZE[0] $LOCALIZE[31061]</label>
					<altlabel>             $LOCALIZE[31051]</altlabel>
					<usealttexture>!Skin.HasSetting(ApplyAllProgramsCustomBG)</usealttexture>
					<onclick>Skin.ToggleSetting(ApplyAllProgramsCustomBG)</onclick>
					<visible>Skin.HasSetting(ExpandProgramsBGSettings)</visible>
					<include>SettingsItemOpenCloseAnim</include>
				</control>
				<control type="radiobutton" id="105">
					<description>Programs Dim Background</description>
					<include>SettingsContentSmallBtn</include>
					<label>             $LOCALIZE[31060]</label>
					<selected>Skin.HasSetting(DimProgramsCustomBG)</selected>
					<onclick>Skin.ToggleSetting(DimProgramsCustomBG)</onclick>
					<visible>Skin.HasSetting(ExpandProgramsBGSettings)</visible>
					<include>SettingsItemOpenCloseAnim</include>
				</control>
				<control type="radiobutton" id="106">
					<description>Pictures Background Settings</description>
					<include>SettingsContentRadioBtn</include>
					<label>$LOCALIZE[1]</label>
					<selected>Skin.HasSetting(ExpandPicturesBGSettings)</selected>
					<onclick>Skin.Reset(ExpandProgramsBGSettings)</onclick>
					<onclick>Skin.Reset(ExpandMusicBGSettings)</onclick>
					<onclick>Skin.Reset(ExpandVideosBGSettings)</onclick>
					<onclick>Skin.Reset(ExpandMoviesBGSettings)</onclick>
					<onclick>Skin.Reset(ExpandTVShowsBGSettings)</onclick>
					<onclick>Skin.Reset(ExpandGeneralBGSettings)</onclick>
					<onclick>Skin.Reset(ExpandSystemBGSettings)</onclick>
					<onclick>Skin.ToggleSetting(ExpandPicturesBGSettings)</onclick>
				</control>
				<control type="togglebutton" id="107">
					<description>Image/Multi Image Toggle</description>
					<include>SettingsContentSmallBtn</include>
					<label>             $LOCALIZE[31057]</label>
					<altlabel>             $LOCALIZE[31056]</altlabel>
					<usealttexture>!Skin.HasSetting(UseMultiImagePicturesBGSettings)</usealttexture>
					<onclick>Skin.Reset(PicturesCustomBG)</onclick>
					<onclick>Skin.ToggleSetting(UseMultiImagePicturesBGSettings)</onclick>
					<visible>Skin.HasSetting(ExpandPicturesBGSettings)</visible>
					<include>SettingsItemOpenCloseAnim</include>
				</control>
				<control type="button" id="108">
					<description>Pictures Custom Background Path</description>
					<include>SettingsContentSmallBtn</include>
					<label>             $LOCALIZE[31054]</label>
					<label2>[COLOR=DefaultColor4]$INFO[Skin.String(PicturesCustomBG)][/COLOR]</label2>
					<onclick>Skin.SetImage(PicturesCustomBG)</onclick>
					<visible>Skin.HasSetting(ExpandPicturesBGSettings) + !Skin.HasSetting(UseMultiImagePicturesBGSettings)</visible>
					<include>BackgroundSettingsItemOpenCloseAnim</include>
				</control>
				<control type="button" id="109">
					<description>Pictures Multi Custom Background Path</description>
					<include>SettingsContentSmallBtn</include>
					<label>             $LOCALIZE[31055]</label>
					<label2>[COLOR=DefaultColor4]$INFO[Skin.String(PicturesCustomBG)][/COLOR]</label2>
					<onclick>Skin.SetPath(PicturesCustomBG)</onclick>
					<visible>Skin.HasSetting(ExpandPicturesBGSettings) + Skin.HasSetting(UseMultiImagePicturesBGSettings)</visible>
					<include>BackgroundSettingsItemOpenCloseAnim</include>
				</control>
				<control type="togglebutton" id="110">
					<description>Pictures Apply To All Windows</description>
					<include>SettingsContentSmallBtn</include>
					<label>             $LOCALIZE[31052] $LOCALIZE[1] $LOCALIZE[31061]</label>
					<altlabel>             $LOCALIZE[31051]</altlabel>
					<usealttexture>!Skin.HasSetting(ApplyAllPicturesCustomBG)</usealttexture>
					<onclick>Skin.ToggleSetting(ApplyAllPicturesCustomBG)</onclick>
					<visible>Skin.HasSetting(ExpandPicturesBGSettings)</visible>
					<include>SettingsItemOpenCloseAnim</include>
				</control>
				<control type="radiobutton" id="111">
					<description>Pictures Dim Background</description>
					<include>SettingsContentSmallBtn</include>
					<label>             $LOCALIZE[31060]</label>
					<selected>Skin.HasSetting(DimPicturesCustomBG)</selected>
					<onclick>Skin.ToggleSetting(DimPicturesCustomBG)</onclick>
					<visible>Skin.HasSetting(ExpandPicturesBGSettings)</visible>
					<include>SettingsItemOpenCloseAnim</include>
				</control>
				<control type="radiobutton" id="112">
					<description>Music Background Settings</description>
					<include>SettingsContentRadioBtn</include>
					<label>$LOCALIZE[2]</label>
					<selected>Skin.HasSetting(ExpandMusicBGSettings)</selected>
					<onclick>Skin.Reset(ExpandProgramsBGSettings)</onclick>
					<onclick>Skin.Reset(ExpandPicturesBGSettings)</onclick>
					<onclick>Skin.Reset(ExpandVideosBGSettings)</onclick>
					<onclick>Skin.Reset(ExpandMoviesBGSettings)</onclick>
					<onclick>Skin.Reset(ExpandTVShowsBGSettings)</onclick>
					<onclick>Skin.Reset(ExpandGeneralBGSettings)</onclick>
					<onclick>Skin.Reset(ExpandSystemBGSettings)</onclick>
					<onclick>Skin.ToggleSetting(ExpandMusicBGSettings)</onclick>
				</control>
				<control type="togglebutton" id="113">
					<description>Image/Multi Image Toggle</description>
					<include>SettingsContentSmallBtn</include>
					<label>             $LOCALIZE[31057]</label>
					<altlabel>             $LOCALIZE[31056]</altlabel>
					<usealttexture>!Skin.HasSetting(UseMultiImageMusicBGSettings)</usealttexture>
					<onclick>Skin.Reset(MusicCustomBG)</onclick>
					<onclick>Skin.ToggleSetting(UseMultiImageMusicBGSettings)</onclick>
					<visible>Skin.HasSetting(ExpandMusicBGSettings)</visible>
					<include>SettingsItemOpenCloseAnim</include>
				</control>
				<control type="button" id="114">
					<description>Music Custom Background Path</description>
					<include>SettingsContentSmallBtn</include>
					<label>             $LOCALIZE[31054]</label>
					<label2>[COLOR=DefaultColor4]$INFO[Skin.String(MusicCustomBG)][/COLOR]</label2>
					<onclick>Skin.SetImage(MusicCustomBG)</onclick>
					<visible>Skin.HasSetting(ExpandMusicBGSettings) + !Skin.HasSetting(UseMultiImageMusicBGSettings)</visible>
					<include>BackgroundSettingsItemOpenCloseAnim</include>
				</control>
				<control type="button" id="115">
					<description>Music Multi Custom Background Path</description>
					<include>SettingsContentSmallBtn</include>
					<label>             $LOCALIZE[31055]</label>
					<label2>[COLOR=DefaultColor4]$INFO[Skin.String(MusicCustomBG)][/COLOR]</label2>
					<onclick>Skin.SetPath(MusicCustomBG)</onclick>
					<visible>Skin.HasSetting(ExpandMusicBGSettings) + Skin.HasSetting(UseMultiImageMusicBGSettings)</visible>
					<include>BackgroundSettingsItemOpenCloseAnim</include>
				</control>
				<control type="togglebutton" id="116">
					<description>Music Apply To All Windows</description>
					<include>SettingsContentSmallBtn</include>
					<label>             $LOCALIZE[31052] $LOCALIZE[2] $LOCALIZE[31061]</label>
					<altlabel>             $LOCALIZE[31051]</altlabel>
					<usealttexture>!Skin.HasSetting(ApplyAllMusicCustomBG)</usealttexture>
					<onclick>Skin.ToggleSetting(ApplyAllMusicCustomBG)</onclick>
					<visible>Skin.HasSetting(ExpandMusicBGSettings)</visible>
					<include>SettingsItemOpenCloseAnim</include>
				</control>
				<control type="radiobutton" id="117">
					<description>Music Dim Background</description>
					<include>SettingsContentSmallBtn</include>
					<label>             $LOCALIZE[31060]</label>
					<selected>Skin.HasSetting(DimMusicCustomBG)</selected>
					<onclick>Skin.ToggleSetting(DimMusicCustomBG)</onclick>
					<visible>Skin.HasSetting(ExpandMusicBGSettings)</visible>
					<include>SettingsItemOpenCloseAnim</include>
				</control>
				<control type="radiobutton" id="118">
					<description>Videos Background Settings</description>
					<include>SettingsContentRadioBtn</include>
					<label>$LOCALIZE[3]</label>
					<selected>Skin.HasSetting(ExpandVideosBGSettings)</selected>
					<onclick>Skin.Reset(ExpandProgramsBGSettings)</onclick>
					<onclick>Skin.Reset(ExpandPicturesBGSettings)</onclick>
					<onclick>Skin.Reset(ExpandMusicBGSettings)</onclick>
					<onclick>Skin.Reset(ExpandMoviesBGSettings)</onclick>
					<onclick>Skin.Reset(ExpandTVShowsBGSettings)</onclick>
					<onclick>Skin.Reset(ExpandGeneralBGSettings)</onclick>
					<onclick>Skin.Reset(ExpandSystemBGSettings)</onclick>
					<onclick>Skin.ToggleSetting(ExpandVideosBGSettings)</onclick>
				</control>
				<control type="togglebutton" id="119">
					<description>Image/Multi Image Toggle</description>
					<include>SettingsContentSmallBtn</include>
					<label>             $LOCALIZE[31057]</label>
					<altlabel>             $LOCALIZE[31056]</altlabel>
					<usealttexture>!Skin.HasSetting(UseMultiImageVideosBGSettings)</usealttexture>
					<onclick>Skin.Reset(VideosCustomBG)</onclick>
					<onclick>Skin.ToggleSetting(UseMultiImageVideosBGSettings)</onclick>
					<visible>Skin.HasSetting(ExpandVideosBGSettings)</visible>
					<include>SettingsItemOpenCloseAnim</include>
				</control>
				<control type="button" id="120">
					<description>Videos Custom Background Path</description>
					<include>SettingsContentSmallBtn</include>
					<label>             $LOCALIZE[31054]</label>
					<label2>[COLOR=DefaultColor4]$INFO[Skin.String(VideosCustomBG)][/COLOR]</label2>
					<onclick>Skin.SetImage(VideosCustomBG)</onclick>
					<visible>Skin.HasSetting(ExpandVideosBGSettings) + !Skin.HasSetting(UseMultiImageVideosBGSettings)</visible>
					<include>BackgroundSettingsItemOpenCloseAnim</include>
				</control>
				<control type="button" id="121">
					<description>Videos Multi Custom Background Path</description>
					<include>SettingsContentSmallBtn</include>
					<label>             $LOCALIZE[31055]</label>
					<label2>[COLOR=DefaultColor4]$INFO[Skin.String(VideosCustomBG)][/COLOR]</label2>
					<onclick>Skin.SetPath(VideosCustomBG)</onclick>
					<visible>Skin.HasSetting(ExpandVideosBGSettings) + Skin.HasSetting(UseMultiImageVideosBGSettings)</visible>
					<include>BackgroundSettingsItemOpenCloseAnim</include>
				</control>
				<control type="togglebutton" id="122">
					<description>Videos Apply To All Windows</description>
					<include>SettingsContentSmallBtn</include>
					<label>             $LOCALIZE[31052] $LOCALIZE[3] $LOCALIZE[31061]</label>
					<altlabel>             $LOCALIZE[31051]</altlabel>
					<usealttexture>!Skin.HasSetting(ApplyAllVideosCustomBG)</usealttexture>
					<onclick>Skin.ToggleSetting(ApplyAllVideosCustomBG)</onclick>
					<visible>Skin.HasSetting(ExpandVideosBGSettings)</visible>
					<include>SettingsItemOpenCloseAnim</include>
				</control>
				<control type="radiobutton" id="123">
					<description>Videos Dim Background</description>
					<include>SettingsContentSmallBtn</include>
					<label>             $LOCALIZE[31060]</label>
					<selected>Skin.HasSetting(DimVideosCustomBG)</selected>
					<onclick>Skin.ToggleSetting(DimVideosCustomBG)</onclick>
					<visible>Skin.HasSetting(ExpandVideosBGSettings)</visible>
					<include>SettingsItemOpenCloseAnim</include>
				</control>
				<control type="radiobutton" id="142">
					<description>Movies Background Settings</description>
					<include>SettingsContentRadioBtn</include>
					<label>$LOCALIZE[342]</label>
					<selected>Skin.HasSetting(ExpandMoviesBGSettings)</selected>
					<onclick>Skin.Reset(ExpandProgramsBGSettings)</onclick>
					<onclick>Skin.Reset(ExpandPicturesBGSettings)</onclick>
					<onclick>Skin.Reset(ExpandMusicBGSettings)</onclick>
					<onclick>Skin.Reset(ExpandVideosBGSettings)</onclick>
					<onclick>Skin.Reset(ExpandTVShowsBGSettings)</onclick>
					<onclick>Skin.Reset(ExpandGeneralBGSettings)</onclick>
					<onclick>Skin.Reset(ExpandSystemBGSettings)</onclick>
					<onclick>Skin.ToggleSetting(ExpandMoviesBGSettings)</onclick>
				</control>
				<control type="togglebutton" id="143">
					<description>Image/Multi Image Toggle</description>
					<include>SettingsContentSmallBtn</include>
					<label>             $LOCALIZE[31057]</label>
					<altlabel>             $LOCALIZE[31056]</altlabel>
					<usealttexture>!Skin.HasSetting(UseMultiImageMoviesBGSettings)</usealttexture>
					<onclick>Skin.Reset(MoviesCustomBG)</onclick>
					<onclick>Skin.ToggleSetting(UseMultiImageMoviesBGSettings)</onclick>
					<visible>Skin.HasSetting(ExpandMoviesBGSettings)</visible>
					<include>SettingsItemOpenCloseAnim</include>
				</control>
				<control type="button" id="144">
					<description>Movies Custom Background Path</description>
					<include>SettingsContentSmallBtn</include>
					<label>             $LOCALIZE[31054]</label>
					<label2>[COLOR=DefaultColor4]$INFO[Skin.String(MoviesCustomBG)][/COLOR]</label2>
					<onclick>Skin.SetImage(MoviesCustomBG)</onclick>
					<visible>Skin.HasSetting(ExpandMoviesBGSettings) + !Skin.HasSetting(UseMultiImageMoviesBGSettings)</visible>
					<include>BackgroundSettingsItemOpenCloseAnim</include>
				</control>
				<control type="button" id="145">
					<description>Movies Multi Custom Background Path</description>
					<include>SettingsContentSmallBtn</include>
					<label>             $LOCALIZE[31055]</label>
					<label2>[COLOR=DefaultColor4]$INFO[Skin.String(MoviesCustomBG)][/COLOR]</label2>
					<onclick>Skin.SetPath(MoviesCustomBG)</onclick>
					<visible>Skin.HasSetting(ExpandMoviesBGSettings) + Skin.HasSetting(UseMultiImageMoviesBGSettings)</visible>
					<include>BackgroundSettingsItemOpenCloseAnim</include>
				</control>
				<control type="togglebutton" id="146">
					<description>Movies Apply To All Windows</description>
					<include>SettingsContentSmallBtn</include>
					<label>             $LOCALIZE[31052] $LOCALIZE[342] $LOCALIZE[31061]</label>
					<altlabel>             $LOCALIZE[31051]</altlabel>
					<usealttexture>!Skin.HasSetting(ApplyAllMoviesCustomBG)</usealttexture>
					<onclick>Skin.ToggleSetting(ApplyAllMoviesCustomBG)</onclick>
					<visible>Skin.HasSetting(ExpandMoviesBGSettings)</visible>
					<include>SettingsItemOpenCloseAnim</include>
				</control>
				<control type="radiobutton" id="147">
					<description>Movies Dim Background</description>
					<include>SettingsContentSmallBtn</include>
					<label>             $LOCALIZE[31060]</label>
					<selected>Skin.HasSetting(DimMoviesCustomBG)</selected>
					<onclick>Skin.ToggleSetting(DimMoviesCustomBG)</onclick>
					<visible>Skin.HasSetting(ExpandMoviesBGSettings)</visible>
					<include>SettingsItemOpenCloseAnim</include>
				</control>
				<control type="radiobutton" id="136">
					<description>TV Shows Background Settings</description>
					<include>SettingsContentRadioBtn</include>
					<label>$LOCALIZE[20343]</label>
					<selected>Skin.HasSetting(ExpandTVShowsBGSettings)</selected>
					<onclick>Skin.Reset(ExpandProgramsBGSettings)</onclick>
					<onclick>Skin.Reset(ExpandPicturesBGSettings)</onclick>
					<onclick>Skin.Reset(ExpandMusicBGSettings)</onclick>
					<onclick>Skin.Reset(ExpandVideosBGSettings)</onclick>
					<onclick>Skin.Reset(ExpandMoviesBGSettings)</onclick>
					<onclick>Skin.Reset(ExpandGeneralBGSettings)</onclick>
					<onclick>Skin.Reset(ExpandSystemBGSettings)</onclick>
					<onclick>Skin.ToggleSetting(ExpandTVShowsBGSettings)</onclick>
				</control>
				<control type="togglebutton" id="137">
					<description>Image/Multi Image Toggle</description>
					<include>SettingsContentSmallBtn</include>
					<label>             $LOCALIZE[31057]</label>
					<altlabel>             $LOCALIZE[31056]</altlabel>
					<usealttexture>!Skin.HasSetting(UseMultiImageTVShowsBGSettings)</usealttexture>
					<onclick>Skin.Reset(TVShowsCustomBG)</onclick>
					<onclick>Skin.ToggleSetting(UseMultiImageTVShowsBGSettings)</onclick>
					<visible>Skin.HasSetting(ExpandTVShowsBGSettings)</visible>
					<include>SettingsItemOpenCloseAnim</include>
				</control>
				<control type="button" id="138">
					<description>TV Shows Custom Background Path</description>
					<include>SettingsContentSmallBtn</include>
					<label>             $LOCALIZE[31054]</label>
					<label2>[COLOR=DefaultColor4]$INFO[Skin.String(TVShowsCustomBG)][/COLOR]</label2>
					<onclick>Skin.SetImage(TVShowsCustomBG)</onclick>
					<visible>Skin.HasSetting(ExpandTVShowsBGSettings) + !Skin.HasSetting(UseMultiImageTVShowsBGSettings)</visible>
					<include>BackgroundSettingsItemOpenCloseAnim</include>
				</control>
				<control type="button" id="139">
					<description>TV Shows Multi Custom Background Path</description>
					<include>SettingsContentSmallBtn</include>
					<label>             $LOCALIZE[31055]</label>
					<label2>[COLOR=DefaultColor4]$INFO[Skin.String(TVShowsCustomBG)][/COLOR]</label2>
					<onclick>Skin.SetPath(TVShowsCustomBG)</onclick>
					<visible>Skin.HasSetting(ExpandTVShowsBGSettings) + Skin.HasSetting(UseMultiImageTVShowsBGSettings)</visible>
					<include>BackgroundSettingsItemOpenCloseAnim</include>
				</control>
				<control type="togglebutton" id="140">
					<description>TV Shows Apply To All Windows</description>
					<include>SettingsContentSmallBtn</include>
					<label>             $LOCALIZE[31052] $LOCALIZE[20343] $LOCALIZE[31061]</label>
					<altlabel>             $LOCALIZE[31051]</altlabel>
					<usealttexture>!Skin.HasSetting(ApplyAllTVShowsCustomBG)</usealttexture>
					<onclick>Skin.ToggleSetting(ApplyAllTVShowsCustomBG)</onclick>
					<visible>Skin.HasSetting(ExpandTVShowsBGSettings)</visible>
					<include>SettingsItemOpenCloseAnim</include>
				</control>
				<control type="radiobutton" id="141">
					<description>TV Shows Dim Background</description>
					<include>SettingsContentSmallBtn</include>
					<label>             $LOCALIZE[31060]</label>
					<selected>Skin.HasSetting(DimTVShowsCustomBG)</selected>
					<onclick>Skin.ToggleSetting(DimTVShowsCustomBG)</onclick>
					<visible>Skin.HasSetting(ExpandTVShowsBGSettings)</visible>
					<include>SettingsItemOpenCloseAnim</include>
				</control>
				<control type="radiobutton" id="124">
					<description>General Background Settings</description>
					<include>SettingsContentRadioBtn</include>
					<label>$LOCALIZE[128]</label>
					<selected>Skin.HasSetting(ExpandGeneralBGSettings)</selected>
					<onclick>Skin.Reset(ExpandProgramsBGSettings)</onclick>
					<onclick>Skin.Reset(ExpandPicturesBGSettings)</onclick>
					<onclick>Skin.Reset(ExpandMusicBGSettings)</onclick>
					<onclick>Skin.Reset(ExpandVideosBGSettings)</onclick>
					<onclick>Skin.Reset(ExpandMoviesBGSettings)</onclick>
					<onclick>Skin.Reset(ExpandTVShowsBGSettings)</onclick>
					<onclick>Skin.Reset(ExpandSystemBGSettings)</onclick>
					<onclick>Skin.ToggleSetting(ExpandGeneralBGSettings)</onclick>
				</control>
				<control type="togglebutton" id="125">
					<description>Image/Multi Image Toggle</description>
					<include>SettingsContentSmallBtn</include>
					<label>             $LOCALIZE[31057]</label>
					<altlabel>             $LOCALIZE[31056]</altlabel>
					<usealttexture>!Skin.HasSetting(UseMultiImageGeneralBGSettings)</usealttexture>
					<onclick>Skin.Reset(GeneralCustomBG)</onclick>
					<onclick>Skin.ToggleSetting(UseMultiImageGeneralBGSettings)</onclick>
					<visible>Skin.HasSetting(ExpandGeneralBGSettings)</visible>
					<include>SettingsItemOpenCloseAnim</include>
				</control>
				<control type="button" id="126">
					<description>General Custom Background Path</description>
					<include>SettingsContentSmallBtn</include>
					<label>             $LOCALIZE[31054]</label>
					<label2>[COLOR=DefaultColor4]$INFO[Skin.String(GeneralCustomBG)][/COLOR]</label2>
					<onclick>Skin.SetImage(GeneralCustomBG)</onclick>
					<visible>Skin.HasSetting(ExpandGeneralBGSettings) + !Skin.HasSetting(UseMultiImageGeneralBGSettings)</visible>
					<include>BackgroundSettingsItemOpenCloseAnim</include>
				</control>
				<control type="button" id="127">
					<description>General Multi Custom Background Path</description>
					<include>SettingsContentSmallBtn</include>
					<label>             $LOCALIZE[31055]</label>
					<label2>[COLOR=DefaultColor4]$INFO[Skin.String(GeneralCustomBG)][/COLOR]</label2>
					<onclick>Skin.SetPath(GeneralCustomBG)</onclick>
					<visible>Skin.HasSetting(ExpandGeneralBGSettings) + Skin.HasSetting(UseMultiImageGeneralBGSettings)</visible>
					<include>BackgroundSettingsItemOpenCloseAnim</include>
				</control>
				<control type="togglebutton" id="128">
					<description>General Apply To All Windows</description>
					<include>SettingsContentSmallBtn</include>
					<label>             $LOCALIZE[31052] $LOCALIZE[128] $LOCALIZE[31061]</label>
					<altlabel>             $LOCALIZE[31051]</altlabel>
					<usealttexture>!Skin.HasSetting(ApplyAllGeneralCustomBG)</usealttexture>
					<onclick>Skin.ToggleSetting(ApplyAllGeneralCustomBG)</onclick>
					<visible>Skin.HasSetting(ExpandGeneralBGSettings)</visible>
					<include>SettingsItemOpenCloseAnim</include>
				</control>
				<control type="radiobutton" id="129">
					<description>General Dim Background</description>
					<include>SettingsContentSmallBtn</include>
					<label>             $LOCALIZE[31060]</label>
					<selected>Skin.HasSetting(DimGeneralCustomBG)</selected>
					<onclick>Skin.ToggleSetting(DimGeneralCustomBG)</onclick>
					<visible>Skin.HasSetting(ExpandGeneralBGSettings)</visible>
					<include>SettingsItemOpenCloseAnim</include>
				</control>
				<control type="radiobutton" id="130">
					<description>System Background Settings</description>
					<include>SettingsContentRadioBtn</include>
					<label>$LOCALIZE[13000]</label>
					<selected>Skin.HasSetting(ExpandSystemBGSettings)</selected>
					<onclick>Skin.Reset(ExpandProgramsBGSettings)</onclick>
					<onclick>Skin.Reset(ExpandPicturesBGSettings)</onclick>
					<onclick>Skin.Reset(ExpandMusicBGSettings)</onclick>
					<onclick>Skin.Reset(ExpandVideosBGSettings)</onclick>
					<onclick>Skin.Reset(ExpandMoviesBGSettings)</onclick>
					<onclick>Skin.Reset(ExpandTVShowsBGSettings)</onclick>
					<onclick>Skin.Reset(ExpandGeneralBGSettings)</onclick>
					<onclick>Skin.ToggleSetting(ExpandSystemBGSettings)</onclick>
				</control>
				<control type="togglebutton" id="131">
					<description>Image/Multi Image Toggle</description>
					<include>SettingsContentSmallBtn</include>
					<label>             $LOCALIZE[31057]</label>
					<altlabel>             $LOCALIZE[31056]</altlabel>
					<usealttexture>!Skin.HasSetting(UseMultiImageSystemBGSettings)</usealttexture>
					<onclick>Skin.Reset(SystemCustomBG)</onclick>
					<onclick>Skin.ToggleSetting(UseMultiImageSystemBGSettings)</onclick>
					<visible>Skin.HasSetting(ExpandSystemBGSettings)</visible>
					<include>SettingsItemOpenCloseAnim</include>
				</control>
				<control type="button" id="132">
					<description>System Custom Background Path</description>
					<include>SettingsContentSmallBtn</include>
					<label>             $LOCALIZE[31054]</label>
					<label2>[COLOR=DefaultColor4]$INFO[Skin.String(SystemCustomBG)][/COLOR]</label2>
					<onclick>Skin.SetImage(SystemCustomBG)</onclick>
					<visible>Skin.HasSetting(ExpandSystemBGSettings) + !Skin.HasSetting(UseMultiImageSystemBGSettings)</visible>
					<include>BackgroundSettingsItemOpenCloseAnim</include>
				</control>
				<control type="button" id="133">
					<description>System Multi Custom Background Path</description>
					<include>SettingsContentSmallBtn</include>
					<label>             $LOCALIZE[31055]</label>
					<label2>[COLOR=DefaultColor4]$INFO[Skin.String(SystemCustomBG)][/COLOR]</label2>
					<onclick>Skin.SetPath(SystemCustomBG)</onclick>
					<visible>Skin.HasSetting(ExpandSystemBGSettings) + Skin.HasSetting(UseMultiImageSystemBGSettings)</visible>
					<include>BackgroundSettingsItemOpenCloseAnim</include>
				</control>
				<control type="togglebutton" id="134">
					<description>System Apply To All Windows</description>
					<include>SettingsContentSmallBtn</include>
					<label>             $LOCALIZE[31052] $LOCALIZE[13000] $LOCALIZE[31061]</label>
					<altlabel>             $LOCALIZE[31051]</altlabel>
					<usealttexture>!Skin.HasSetting(ApplyAllSystemCustomBG)</usealttexture>
					<onclick>Skin.ToggleSetting(ApplyAllSystemCustomBG)</onclick>
					<visible>Skin.HasSetting(ExpandSystemBGSettings)</visible>
					<include>SettingsItemOpenCloseAnim</include>
				</control>
				<control type="radiobutton" id="135">
					<description>System Dim Background</description>
					<include>SettingsContentSmallBtn</include>
					<label>             $LOCALIZE[31060]</label>
					<selected>Skin.HasSetting(DimSystemCustomBG)</selected>
					<onclick>Skin.ToggleSetting(DimSystemCustomBG)</onclick>
					<visible>Skin.HasSetting(ExpandSystemBGSettings)</visible>
					<include>SettingsItemOpenCloseAnim</include>
				</control>
			
				
				
				
			</control>

				
			<control type="grouplist" id="904">	
				<description>Scripts Content Area</description>
				<posx>385</posx>
				<posy>140</posy>
				<width>800</width>
				<height>444</height>
				<itemgap>2</itemgap>
				<orientation>vertical</orientation>	
				<onup>903</onup>
				<ondown>903</ondown>
				<onleft>850</onleft>
				<visible>Skin.String(SkinSettingsCategory,5)</visible>
				<control type="radiobutton" id="15">
					<description>Show OpenSubtitles_OSD Button</description>
					<include>SettingsContentBtn</include>
					<label>$LOCALIZE[31500]</label>
					<selected>Skin.HasSetting(ShowOpenSubtitlesOSDBtn)</selected>
					<onclick>Skin.ToggleSetting(ShowOpenSubtitlesOSDBtn)</onclick>
				</control>
			</control>
			
			<control type="grouplist" id="905">		
				<description>Reset Settings</description>
				<posx>385</posx>
				<posy>140</posy>
				<width>800</width>
				<height>444</height>
				<itemgap>2</itemgap>
				<orientation>vertical</orientation>	
				<onup>903</onup>
				<ondown>903</ondown>
				<onleft>850</onleft>
				<visible>Skin.String(SkinSettingsCategory,6)</visible>
				<control type="button" id="310">
					<description>Confirm Reset Settings</description>
					<include>SettingsContentBtn</include>
					<label>$LOCALIZE[31999]</label>
					<onclick>Skin.ResetSettings</onclick>
				</control>
			</control>
			<control type="grouplist" id="906">	
				<description>Weather Content Area</description>
				<posx>385</posx>
				<posy>140</posy>
				<width>800</width>
				<height>444</height>
				<itemgap>2</itemgap>
				<orientation>vertical</orientation>	
				<onup>903</onup>
				<ondown>903</ondown>
				<onleft>850</onleft>
				<visible>Skin.String(SkinSettingsCategory,7)</visible>
				
				<control type="radiobutton" id="16">
					<description>Disable Weather Conditional Backgrounds</description>
					<include>SettingsContentBtn</include>
					<label>$LOCALIZE[31510]</label>
					<selected>Skin.HasSetting(Disable_Weather_Conditional_Backgrounds)</selected>
					<onclick>Skin.ToggleSetting(Disable_Weather_Conditional_Backgrounds)</onclick>
				</control>
				
				<control type="radiobutton" id="17">
					<description>Static Weather Icons</description>
					<include>SettingsContentBtn</include>
					<label>$LOCALIZE[31511]</label>
					<selected>Skin.HasSetting(StaticWeatherIcons)</selected>
					<onclick>Skin.ToggleSetting(StaticWeatherIcons)</onclick>
				</control>

				
			</control>
		</control>
		
		<control type="group">
			<include>ControlsOpenCloseAnim</include>
		
			<control type="image">
				<description>Up Arrow</description>
				<posx>1195</posx>
				<posy>140</posy>
				<include>PreviousUp</include>
				<visible>Container(900).HasPrevious | Container(901).HasPrevious | Container(902).HasPrevious | Container(903).HasPrevious</visible>
			</control>
			
			<control type="image">
				<description>Down Arrow</description>
				<posx>1195</posx>
				<posy>554</posy>
				<include>NextDown</include>
				<visible>Container(900).HasNext | Container(901).HasNext | Container(902).HasNext | Container(903).HasNext</visible>
			</control>
		</control>

		<include>DialogPopUpScreenDim</include>
		
		<control type="group">	
			<description>Top Bar Area</description>		
			<include>TopBarImage</include>
			<include>SystemTray</include>
			<include>BreadCrumbSkinSettings</include>
			<include>WeatherNotification</include>
			<include>MediaPlayingNotification</include>
		</control>
		
		<control type="group">
			<description>Bottom Bar Area</description>
			<posy>BottomPaneOffsetY</posy>	
			<include>InfoPaneImage</include>
			<include>InfoPaneSkinSettingsDetails</include>
		</control>
	</controls> 
</Window>