<window type="dialog" id="3004">
	<defaultcontrol always="true">200</defaultcontrol>
	<allowoverlay>no</allowoverlay>

	<controls>
		<control type="grouplist" id="200">
			<description>Movies Library Menu</description>
			<posx>450</posx>
			<posy>75</posy>
			<width>193</width>
			<itemgap>0</itemgap>
			<onleft>Dialog.Close(3004)</onleft>
			<onright>Dialog.Close(3004)</onright>
			<orientation>vertical</orientation>
			<visible>Substring(Container.FolderPath,videodb://1/,Left) | Substring(Container.FolderPath,videodb://4/,Left)</visible>
			<include>MenuOpenCloseAnim</include>
			<control type="image">
				<include>MenuBarItemTopBorder</include>
			</control>
			<control type="button" id="1">
				<description>Genres</description>
				<include>MenuBarItemBtn</include>
				<label>$LOCALIZE[135]</label>
				<onclick>ActivateWindow(VideoLibrary,MovieGenres)</onclick>
				<onclick>Dialog.Close(3004)</onclick>
			</control>
			<control type="button" id="2">
				<description>Title</description>
				<include>MenuBarItemBtn</include>
				<label>$LOCALIZE[556]</label>
				<onclick>ActivateWindow(VideoLibrary,MovieTitles)</onclick>
				<onclick>Dialog.Close(3004)</onclick>
			</control>	
			<control type="button" id="3">
				<description>Year</description>
				<include>MenuBarItemBtn</include>
				<label>$LOCALIZE[345]</label>
				<onclick>ActivateWindow(VideoLibrary,MovieYears)</onclick>
				<onclick>Dialog.Close(3004)</onclick>
			</control>
			<control type="button" id="4">
				<description>Actors</description>
				<include>MenuBarItemBtn</include>
				<label>$LOCALIZE[344]</label>
				<onclick>ActivateWindow(VideoLibrary,MovieActors)</onclick>
				<onclick>Dialog.Close(3004)</onclick>
			</control>
			<control type="button" id="5">
				<description>Directors</description>
				<include>MenuBarItemBtn</include>
				<label>$LOCALIZE[20348]</label>
				<onclick>ActivateWindow(VideoLibrary,MovieDirectors)</onclick>
				<onclick>Dialog.Close(3004)</onclick>
			</control>	
			<control type="button" id="6">
				<description>Studios</description>
				<include>MenuBarItemBtn</include>
				<label>$LOCALIZE[20388]</label>
				<onclick>ActivateWindow(VideoLibrary,MovieStudios)</onclick>
				<onclick>Dialog.Close(3004)</onclick>
			</control>	
			<control type="button" id="7">
				<description>Recently Added Movies</description>
				<include>MenuBarItemBtn</include>
				<label>$LOCALIZE[20386]</label>
				<onclick>ActivateWindow(VideoLibrary,RecentlyAddedMovies)</onclick>
				<onclick>Dialog.Close(3004)</onclick>
			</control>
			<control type="button" id="22">
				<description>Playlists</description>
				<include>MenuBarItemBtn</include>
				<label>$LOCALIZE[136]</label>
				<onclick>ActivateWindow(VideoLibrary,Playlists)</onclick>
				<onclick>Dialog.Close(3004)</onclick>
			</control>
			<control type="button" id="23">
				<description>Video Plugins</description>
				<include>MenuBarItemBtn</include>
				<label>$LOCALIZE[1037]</label>
				<onclick>ActivateWindow(VideoLibrary,Plugins)</onclick>
				<onclick>Dialog.Close(3004)</onclick>
			</control>
			<control type="image">
				<include>MenuBarItemBottomBorder</include>
			</control>
		</control>
		
		<control type="grouplist" id="200">
			<description>TVShows Library Menu</description>
			<posx>450</posx>
			<posy>75</posy>
			<width>193</width>
			<itemgap>0</itemgap>
			<orientation>vertical</orientation>
			<visible>Substring(Container.FolderPath,videodb://2/,Left) | Substring(Container.FolderPath,videodb://5/,Left)</visible>
			<include>MenuOpenCloseAnim</include>
			<control type="image">
				<include>MenuBarItemTopBorder</include>
			</control>
			<control type="button" id="1">
				<description>Genres</description>
				<include>MenuBarItemBtn</include>
				<label>$LOCALIZE[135]</label>
				<onclick>ActivateWindow(VideoLibrary,TVShowGenres)</onclick>
				<onclick>Dialog.Close(3004)</onclick>
			</control>
			<control type="button" id="2">
				<description>Title</description>
				<include>MenuBarItemBtn</include>
				<label>$LOCALIZE[556]</label>
				<onclick>ActivateWindow(VideoLibrary,TVShowTitles)</onclick>
				<onclick>Dialog.Close(3004)</onclick>
			</control>
			<control type="button" id="3">
				<description>Year</description>
				<include>MenuBarItemBtn</include>
				<label>$LOCALIZE[345]</label>
				<onclick>ActivateWindow(VideoLibrary,TVShowYears)</onclick>
				<onclick>Dialog.Close(3004)</onclick>
			</control>
			<control type="button" id="4">
				<description>Actors</description>
				<include>MenuBarItemBtn</include>
				<label>$LOCALIZE[344]</label>
				<onclick>ActivateWindow(VideoLibrary,TVShowActors)</onclick>
				<onclick>Dialog.Close(3004)</onclick>
			</control>
			<control type="button" id="5">
				<description>Recently Added Episodes</description>
				<include>MenuBarItemBtn</include>
				<label>$LOCALIZE[20387]</label>
				<onclick>ActivateWindow(VideoLibrary,RecentlyAddedEpisodes)</onclick>
				<onclick>Dialog.Close(3004)</onclick>
			</control>
			<control type="button" id="22">
				<description>Playlists</description>
				<include>MenuBarItemBtn</include>
				<label>$LOCALIZE[136]</label>
				<onclick>ActivateWindow(VideoLibrary,Playlists)</onclick>
				<onclick>Dialog.Close(3004)</onclick>
			</control>
			<control type="button" id="23">
				<description>Video Plugins</description>
				<include>MenuBarItemBtn</include>
				<label>$LOCALIZE[1037]</label>
				<onclick>ActivateWindow(VideoLibrary,Plugins)</onclick>
				<onclick>Dialog.Close(3004)</onclick>
			</control>
			<control type="image">
				<include>MenuBarItemBottomBorder</include>
			</control>
		</control>
		
		<control type="grouplist" id="200">
			<description>Music Videos Library Menu</description>
			<posx>450</posx>
			<posy>75</posy>
			<width>193</width>
			<itemgap>0</itemgap>
			<orientation>vertical</orientation>
			<visible>Substring(Container.FolderPath,videodb://3/,Left) | Substring(Container.FolderPath,videodb://6/,Left)</visible>
			<include>MenuOpenCloseAnim</include>
			<control type="image">
				<include>MenuBarItemTopBorder</include>
			</control>
			<control type="button" id="1">
				<description>Genres</description>
				<include>MenuBarItemBtn</include>
				<label>$LOCALIZE[135]</label>
				<onclick>ActivateWindow(VideoLibrary,MusicVideoGenres)</onclick>
				<onclick>Dialog.Close(3004)</onclick>
			</control>
			<control type="button" id="2">
				<description>Title</description>
				<include>MenuBarItemBtn</include>
				<label>$LOCALIZE[556]</label>
				<onclick>ActivateWindow(VideoLibrary,MusicVideoTitles)</onclick>
				<onclick>Dialog.Close(3004)</onclick>
			</control>	
			<control type="button" id="3">
				<description>Year</description>
				<include>MenuBarItemBtn</include>
				<label>$LOCALIZE[345]</label>
				<onclick>ActivateWindow(VideoLibrary,MusicVideoYears)</onclick>
				<onclick>Dialog.Close(3004)</onclick>
			</control>
			<control type="button" id="4">
				<description>Artists</description>
				<include>MenuBarItemBtn</include>
				<label>$LOCALIZE[133]</label>
				<onclick>ActivateWindow(VideoLibrary,MusicVideoArtists)</onclick>
				<onclick>Dialog.Close(3004)</onclick>
			</control>
			<control type="button" id="5">
				<description>Albums</description>
				<include>MenuBarItemBtn</include>
				<label>$LOCALIZE[132]</label>
				<onclick>ActivateWindow(VideoLibrary,MusicVideoAlbums)</onclick>
				<onclick>Dialog.Close(3004)</onclick>
			</control>
			<control type="button" id="6">
				<description>Directors</description>
				<include>MenuBarItemBtn</include>
				<label>$LOCALIZE[20348]</label>
				<onclick>ActivateWindow(VideoLibrary,MusicVideoDirectors)</onclick>
				<onclick>Dialog.Close(3004)</onclick>
			</control>	
			<control type="button" id="7">
				<description>Studios</description>
				<include>MenuBarItemBtn</include>
				<label>$LOCALIZE[20388]</label>
				<onclick>ActivateWindow(VideoLibrary,MusicVideoStudios)</onclick>
				<onclick>Dialog.Close(3004)</onclick>
			</control>	
			<control type="button" id="8">
				<description>Recently Added Music Videos</description>
				<include>MenuBarItemBtn</include>
				<label>$LOCALIZE[20390]</label>
				<onclick>ActivateWindow(VideoLibrary,RecentlyAddedMusicVideos)</onclick>
				<onclick>Dialog.Close(3004)</onclick>
			</control>
			<control type="button" id="22">
				<description>Playlists</description>
				<include>MenuBarItemBtn</include>
				<label>$LOCALIZE[136]</label>
				<onclick>ActivateWindow(VideoLibrary,Playlists)</onclick>
				<onclick>Dialog.Close(3004)</onclick>
			</control>
			<control type="button" id="23">
				<description>Video Plugins</description>
				<include>MenuBarItemBtn</include>
				<label>$LOCALIZE[1037]</label>
				<onclick>ActivateWindow(VideoLibrary,Plugins)</onclick>
				<onclick>Dialog.Close(3004)</onclick>
			</control>
			<control type="image">
				<include>MenuBarItemBottomBorder</include>
			</control>
		</control>
		
		<control type="grouplist" id="200">
			<description>Music Library Menu</description>
			<posx>450</posx>
			<posy>75</posy>
			<width>193</width>
			<itemgap>0</itemgap>
			<orientation>vertical</orientation>
			<visible>Substring(Container.FolderPath,musicdb,Left)</visible>
			<include>MenuOpenCloseAnim</include>
			<control type="image">
				<include>MenuBarItemTopBorder</include>
			</control>
			<control type="button" id="1">
				<description>Genres</description>
				<include>MenuBarItemBtn</include>
				<label>$LOCALIZE[135]</label>
				<onclick>ActivateWindow(MusicLibrary,Genres)</onclick>
				<onclick>Dialog.Close(3004)</onclick>
			</control>
			<control type="button" id="2">
				<description>Artists</description>
				<include>MenuBarItemBtn</include>
				<label>$LOCALIZE[133]</label>
				<onclick>ActivateWindow(MusicLibrary,Artists)</onclick>
				<onclick>Dialog.Close(3004)</onclick>
			</control>
			<control type="button" id="3">
				<description>Albums</description>
				<include>MenuBarItemBtn</include>
				<label>$LOCALIZE[132]</label>
				<onclick>ActivateWindow(MusicLibrary,Albums)</onclick>
				<onclick>Dialog.Close(3004)</onclick>
			</control>
			<control type="button" id="4">
				<description>Songs</description>
				<include>MenuBarItemBtn</include>
				<label>$LOCALIZE[134]</label>
				<onclick>ActivateWindow(MusicLibrary,Songs)</onclick>
				<onclick>Dialog.Close(3004)</onclick>
			</control>
			<control type="button" id="5">
				<description>Years</description>
				<include>MenuBarItemBtn</include>
				<label>$LOCALIZE[652]</label>
				<onclick>ActivateWindow(MusicLibrary,Years)</onclick>
				<onclick>Dialog.Close(3004)</onclick>
			</control>
			<control type="button" id="6">
				<description>Top 100</description>
				<include>MenuBarItemBtn</include>
				<label>$LOCALIZE[271]</label>
				<onclick>ActivateWindow(MusicLibrary,Top100)</onclick>
				<onclick>Dialog.Close(3004)</onclick>
			</control>
			<control type="button" id="7">
				<description>Recently Added Albums</description>
				<include>MenuBarItemBtn</include>
				<label>$LOCALIZE[359]</label>
				<onclick>ActivateWindow(MusicLibrary,RecentlyAddedAlbums)</onclick>
				<onclick>Dialog.Close(3004)</onclick>
			</control>
			<control type="button" id="8">
				<description>Recently Played Albums</description>
				<include>MenuBarItemBtn</include>
				<label>$LOCALIZE[517]</label>
				<onclick>ActivateWindow(MusicLibrary,RecentlyPlayedAlbums)</onclick>
				<onclick>Dialog.Close(3004)</onclick>
			</control>
			<control type="button" id="9">
				<description>Compilations</description>
				<include>MenuBarItemBtn</include>
				<label>$LOCALIZE[521]</label>
				<onclick>ActivateWindow(MusicLibrary,Compilations)</onclick>
				<onclick>Dialog.Close(3004)</onclick>
			</control>
			<control type="button" id="10">
				<description>Playlists</description>
				<include>MenuBarItemBtn</include>
				<label>$LOCALIZE[136]</label>
				<onclick>ActivateWindow(MusicLibrary,Playlists)</onclick>
				<onclick>Dialog.Close(3004)</onclick>
			</control>		
			<control type="image">
				<include>MenuBarItemBottomBorder</include>
			</control>
		</control>	
	</controls>	
</window>