<window id="115">
	<defaultcontrol>-</defaultcontrol>
	<allowoverlay>no</allowoverlay>
	<zorder>0</zorder>
	<visible>Player.ShowInfo | Player.DisplayAfterSeek | Player.Seeking | Player.Paused | Player.Forwarding | Player.Rewinding]</visible>
	<include>OSDOpenCloseAnim</include>
	
	<controls>

	
		
		<!--OSD Notification-->
	
		<include>OSDNotification</include>
	
		<!--Information Window-->
	
		<control type="group">
			<visible>Player.ShowInfo + [Window.IsVisible(FullScreenVideo) | Window.IsActive(Visualisation)]</visible>
			<posy>140</posy>
			<posx>40</posx>
			<width>1200</width>
			<height>450</height>
		
		
			
			<!--Episodes, Movies and Live TV Information-->
			
			<control type="group">		
				<visible>VideoPlayer.Content(Episodes) | VideoPlayer.Content(movies) | VideoPlayer.Content(LiveTV) | [VideoPlayer.Content(Files) + !Window.IsActive(Visualisation)]</visible>
				
				<!--Dialog Background Image-->
				
				<control type="image">
					<width>1200</width>
					<height>450</height>
					<texture>osd-details-background.png</texture>
					<visible>VideoPlayer.Content(Episodes) | VideoPlayer.Content(movies) | VideoPlayer.Content(LiveTV)</visible>
				</control>
				
				<control type="image">
					<posy>230</posy>
					<width>1200</width>
					<height>220</height>
					<texture>osd-details-background-small.png</texture>
					<visible>VideoPlayer.Content(Files)</visible>
				</control>
				
				<!--Dialog Title Text-->
				
				<control type="label">
					<description>Dialog Title</description>
					<posx>20</posx>
					<posy>255</posy>
					<width>300</width>
					<height>20</height>
					<font>OSDItemFont</font>
					<textcolor>BreadCrumbColor</textcolor>
					<label>Video File Information</label>
					<visible>VideoPlayer.Content(files)</visible>
				</control>
				
				<control type="label">
					<description>Dialog Title</description>
					<posx>20</posx>
					<posy>25</posy>
					<width>300</width>
					<height>20</height>
					<font>OSDItemFont</font>
					<textcolor>BreadCrumbColor</textcolor>
					<label>Episode Information</label>
					<visible>VideoPlayer.Content(episodes)</visible>
				</control>
				
				<control type="label">
					<description>Dialog Title</description>
					<posx>20</posx>
					<posy>25</posy>
					<width>300</width>
					<height>20</height>
					<font>OSDItemFont</font>
					<textcolor>BreadCrumbColor</textcolor>
					<label>Movie Information</label>
					<visible>VideoPlayer.Content(movies)</visible>
				</control>
				
				<!--Dialog System Time-->
				
				<control type="label">
					<description>Time Remaining</description>
					<posx>74</posx>
					<posy>390</posy>
					<width>800</width>
					<height>20</height>
					<font>OSDItemFont</font>
					<textcolor>MediaInfoDetailsColor</textcolor>
					<label>[COLOR=MediaInfoHeaderColor]Time Remaining:[/COLOR] $INFO[VideoPlayer.TimeRemaining]</label>
					
				</control>
				
				<control type="label">
					<description>Finish Time</description>
					<posx>74</posx>
					<posy>410</posy>
					<width>600</width>
					<height>20</height>
					<font>OSDDetailFont</font>
					<textcolor>MediaInfoDetailsColor</textcolor>
					<label>[COLOR=MediaInfoHeaderColor]Finish Time:[/COLOR] $INFO[Player.FinishTime]</label>
					
				</control>
				
				<!--Dialog Cover Image-->
				
				<control type="image">
					<description>Cover</description>
					<posx>780</posx>
					<posy>80</posy>
					<width>400</width>
					<height>225</height>
					<texture background="true">$INFO[VideoPlayer.Cover]</texture>
					<aspectratio align="right" aligny="top">scale</aspectratio>
					<bordertexture border="6">item-shadow-border.png</bordertexture>
					<bordersize>6</bordersize>
					<visible>VideoPlayer.Content(episodes)</visible>
				</control>
				
				<control type="image">
					<description>Cover</description>
					<posx>980</posx>
					<posy>80</posy>
					<width>200</width>
					<height>300</height>
					<texture background="true">$INFO[VideoPlayer.Cover]</texture>
					<aspectratio align="center" aligny="top">scale</aspectratio>
					<bordertexture border="6">item-shadow-border.png</bordertexture>
					<bordersize>6</bordersize>
					<visible>VideoPlayer.Content(movies)</visible>
				</control>
				
				<control type="label">
					<description>Title and Year</description>
					<width>800</width>
					<height>20</height>
					<posy>330</posy>
					<posx>26</posx>
					<font>OSDItemFont</font>
					<textcolor>MediaInfoContentColor</textcolor>
					<label>$INFO[VideoPlayer.Title]</label>
					<visible>VideoPlayer.Content(Files)</visible>
				</control>
				
				<control type="grouplist">
					<description>Player Settings</description>
					<visible>VideoPlayer.Content(Episodes) | VideoPlayer.Content(movies) | VideoPlayer.Content(LiveTV)</visible>
					<posx>26</posx>
					<posy>80</posy>
					<width>1000</width>
					<height>300</height>
					<itemgap>10</itemgap>
					<usecontrolcoords>false</usecontrolcoords>
					<orientation>vertical</orientation>	
				
					<control type="label">
						<description>Title and Year</description>
						<width>800</width>
						<height>20</height>
						<font>OSDItemFont</font>
						<textcolor>MediaInfoContentColor</textcolor>
						<label>$INFO[VideoPlayer.Title] ($INFO[VideoPlayer.Year])</label>
						<visible>!VideoPlayer.Content(episodes)</visible>
					</control>
				
					<control type="label">
						<description>Title and Year</description>
						<width>800</width>
						<height>20</height>
						<font>OSDItemFont</font>
						<textcolor>MediaInfoContentColor</textcolor>
						<label>[COLOR=MediaInfoHeadColor]$LOCALIZE[20373]: $INFO[VideoPlayer.Season], $LOCALIZE[20359]: $INFO[VideoPlayer.Episode][/COLOR] - $INFO[VideoPlayer.Title] ($INFO[VideoPlayer.Year])</label>
						<visible>VideoPlayer.Content(episodes)</visible>
					</control>
				
					<control type="label">
						<description>TV Show Title</description>
						<width>800</width>
						<height>20</height>
						<font>OSDDetailFont</font>
						<textcolor>MediaInfoContentColor</textcolor>
						<label>[B]$INFO[VideoPlayer.TVShowTitle][/B]</label>
						<visible>VideoPlayer.Content(episodes)</visible>
					</control>
			
					<control type="label">
						<description>Director</description>
						<width>800</width>
						<height>20</height>
						<font>OSDItemFont</font>
						<textcolor>MediaInfoContentColor</textcolor>
						<label>[COLOR=MediaInfoHeadColor]Directed By:[/COLOR] $INFO[VideoPlayer.Director]</label>
					</control>
				
					<control type="label">
						<description>Director</description>
						<width>800</width>
						<height>20</height>
						<font>OSDItemFont</font>
						<textcolor>MediaInfoContentColor</textcolor>
						<label>[COLOR=MediaInfoHeadColor]Written By:[/COLOR] $INFO[VideoPlayer.Writer]</label>
					</control>
			
					<control type="textbox">
						<description>Plot (Episodes)</description>
						<width>740</width>
						<height>200</height>
						<font>OSDItemFont</font>
						<textcolor>MediaInfoContentColor</textcolor>
						<shadowcolor>ShadowColor</shadowcolor>
						<align>justify</align>
						<label>$INFO[VideoPlayer.Plot]</label>
						<wrapmultiline>true</wrapmultiline>
						<visible>VideoPlayer.Content(episodes)</visible>
					</control>
				
					<control type="textbox">
						<description>Plot (Movies)</description>
						<width>940</width>
						<height>200</height>
						<font>OSDItemFont</font>
						<textcolor>MediaInfoContentColor</textcolor>
						<shadowcolor>ShadowColor</shadowcolor>
						<align>justify</align>
						<label>$INFO[VideoPlayer.Plot]</label>
						<wrapmultiline>true</wrapmultiline>
						<visible>VideoPlayer.Content(movies)</visible>
					</control>
				</control>

				<control type="image">
					<description>Cover</description>
					<posx>14</posx>
					<posy>378</posy>
					<width>60</width>
					<height>60</height>
					<texture>osd-time-remaining.png</texture>
				</control>
				
				
				
				<control type="grouplist">
					<description>Media Flags Area</description>
					<posx>500</posx>
					<posy>378</posy>
					<width>680</width>
					<height>60</height>
					<itemgap>4</itemgap>
					<align>right</align>
					<visible>[!System.Platform.Xbox + !Skin.HasSetting(HideMediaFlags)] | [System.Platform.Xbox + Skin.HasSetting(ShowMediaFlagsXbox)]</visible>
					<orientation>horizontal</orientation>
					<include>FullscreenMediaFlags</include>
				</control>
			</control>
			
			<!--Music Video Information-->
			
			<control type="group">		
				<visible>VideoPlayer.Content(MusicVideos)</visible>
				
				<control type="image">
					<description>Cover</description>
					<posx>20</posx>
					<posy>5</posy>
					<width>130</width>
					<height>130</height>
					<info>VideoPlayer.Cover</info>
					<aspectratio align="left" aligny="middle">keep</aspectratio>
				</control>
				
				<control type="group">			
					<posx>170</posx>
		
					<control type="label">
						<description>Title/Year</description>
						<posy>5</posy>
						<width>980</width>
						<font>MediaInfoTitleFont</font>
						<textcolor>MediaInfoHeadColor</textcolor>
						<shadowcolor>ShadowColor</shadowcolor>
						<label>$INFO[VideoPlayer.Title] $INFO[VideoPlayer.Year,(,)]</label>
						<scroll>yes</scroll>
					</control>
					
					<control type="label">
						<description>System Time</description>
						<posx>1090</posx>
						<posy>10</posy>
						<width>130</width>
						<font>HeadFontB</font>
						<textcolor>MediaInfoItemColor2</textcolor>
						<shadowcolor>ShadowColor</shadowcolor>
						<align>right</align>
						<info>System.Time</info>
					</control>
					
					<control type="label">
						<description>Artist/Studio</description>
						<posy>35</posy>
						<width>900</width>
						<font>MediaInfoFontB</font>
						<textcolor>MediaInfoHeadColor2</textcolor>
						<shadowcolor>ShadowColor</shadowcolor>
						<label>$INFO[VideoPlayer.Artist,$LOCALIZE[557]: ] $INFO[VideoPlayer.Studio,| $LOCALIZE[572]: ]</label>
					</control>
					
					<control type="grouplist">
						<description>Media Flags Area</description>
						<posy>60</posy>
						<width>400</width>
						<height>60</height>
						<itemgap>0</itemgap>
						<align>left</align>
						<orientation>horizontal</orientation>
						<include>MediaFlagFadeAnim</include>
						<include>FullscreenMediaFlags</include>
						
					</control>

					<control type="label">
						<description>Elapsed/Duration Time</description>
						<posy>100</posy>
						<font>HeadFont2B</font>
						<textcolor>ProgressLabelColor</textcolor>
						<shadowcolor>ShadowColor</shadowcolor>
						<label>$INFO[VideoPlayer.Time] $INFO[Player.Duration,/ ]</label>
					</control>
					
					<include>RewindSpeedLabels</include>
					<include>FastForwardSpeedLabels</include>
						
					<control type="progress">
						<description>Progressbar</description>
						<posy>119</posy>
						<width>1090</width>
						<info>Player.Progress</info>
					</control>
				</control>			
			</control>
		</control>
	</controls>
</window>