<window id="10140">
	<defaultcontrol always="true">2</defaultcontrol>
	<allowoverlay>no</allowoverlay>
	<include>DialogOpenCloseAnim</include>
	
	<coordinates>
		<system>1</system>
		<origin x="300" y="120">true</origin>
	</coordinates>

	<controls>	
		<include>PluginSettingsDialogBox</include>

		<control type="label" id="20">
			<include>DialogTitle</include>
		</control>
		
		<control type="group">			
			<posx>DialogMarginOffsetX</posx>
			<posy>DialogMarginOffsetY</posy>
			
			<control type="grouplist" id="2">
				<description>Control Area</description>
				<width>600</width>
				<height>335</height>
				<itemgap>2</itemgap>
				<onleft>9001</onleft>
				<onright>9001</onright>
			</control>
		
			<control type="button" id="3">
				<description>Default Button</description>
				<width>600</width>
				<font>DefaultFont</font>
				<textcolor>DefaultColor</textcolor>
				<align>left</align>
			</control>
		
			<control type="radiobutton" id="4">
				<description>Default RadioButton</description>
				<width>600</width>
				<font>DefaultFont</font>
				<textcolor>DefaultColor</textcolor>
			</control>
			
			<control type="spincontrolex" id="5">
				<description>Default SpinControlex</description>
				<width>600</width>
				<font>DefaultFont</font>
				<textcolor>DefaultColor</textcolor>		
			</control>				
		</control>
		
		<control type="image" id="6">
			<description>Separator</description>
			<width>600</width>
			<height>2</height>
			<texture>-</texture>
		</control>
		
		<control type="label" id="7">
			<description>Separator</description>
			<height>35</height>
			<font>HeadFont2</font>
			<textcolor>DefaultColor2</textcolor>
			<align>center</align>
			<aligny>center</aligny>
        </control>  

		<control type="grouplist" id="9001">		
			<description>Dialog Button Area</description>			
			<posx>85</posx>
			<posy>407</posy>
			<itemgap>0</itemgap>
			<orientation>horizontal</orientation>
			<onup>2</onup>
			<control type="button" id="10">
				<description>OK</description>
				<include>DialogMenuBarBtn</include>
				<label>$LOCALIZE[186]</label>
			</control>			
			<control type="button" id="11">
				<description>Cancel</description>
				<posx>170</posx>
				<include>DialogMenuBarBtn</include>
				<label>$LOCALIZE[222]</label>
			</control>		
			<control type="button" id="12">
				<description>Defaults</description>
				<posx>340</posx>
				<include>DialogMenuBarBtn</include>
				<label>$LOCALIZE[409]</label>
			</control>			
		</control>		
	</controls>	
</window>