<window id="129">	
	<defaultcontrol always="true">10</defaultcontrol>
	<allowoverlay>no</allowoverlay>
	<include>DialogOpenCloseAnim</include>
	
	<coordinates>
		<system>1</system>
		<origin x="300" y="150">true</origin>
	</coordinates>

	<controls>
		<control type="group">
			<include>MediaSourceDialogBox</include>
			<animation effect="fade" start="100" end="0" time="250" condition="Window.IsActive(FileBrowser) | Window.IsActive(VirtualKeyboard)">Conditional</animation>

			<control type="label" id="2">
				<include>DialogTitle</include>
			</control>
			
			<control type="group">
				<posx>DialogMarginOffsetX</posx>
				<posy>DialogMarginOffsetY</posy>
				
				<control type="label">
					<description>Path</description>
					<posy>5</posy>
					<width>600</width>
					<font>DialogDetailFont</font>
					<textcolor>DialogTitleColor</textcolor>
					<aligny>center</aligny>
					<label>$LOCALIZE[1021]</label>
				</control>
				
				<control type="group" id="245">
					<control type="image">
						<description>Paths Background</description>
						<posy>20</posy>
						<width>475</width>
						<height>115</height>
						<texture border="5">button-nofocus.png</texture>
					</control>
					
					<control type="list" id="10">
						<description>Paths</description>
						<posx>5</posx>
						<posy>25</posy>
						<width>465</width>
						<height>105</height>
						<ondown>12</ondown>
						<onleft>9001</onleft>
						<onright>9000</onright>
						<itemlayout height="35">
							<control type="label">
								<posx>5</posx>
								<width>455</width>
								<height>35</height>
								<include>ButtonUnfocusLabel</include>
								<info>ListItem.Label</info>
							</control>
						</itemlayout>
						<focusedlayout height="35">
							<control type="image">
								<width>465</width>
								<height>35</height>
								<texture border="5">button-focus.png</texture>
								<visible>Control.HasFocus(10)</visible>
							</control>
							<control type="label">
								<posx>5</posx>
								<width>455</width>
								<height>35</height>
								<include>ButtonFocusLabel</include>
								<info>ListItem.Label</info>
							</control>
						</focusedlayout>
					</control>			
			
					<control type="grouplist" id="9000">			
						<posx>480</posx>
						<posy>20</posy>
						<itemgap>5</itemgap>
						<ondown>12</ondown>
						<onleft>10</onleft>
						<onright>9001</onright>		
						<control type="button" id="11">
							<description>Browse</description>
							<include>DialogBtn</include>
							<label>$LOCALIZE[1024]</label>	
							<onup>9001</onup>
							<ondown>13</ondown>
							<onleft>10</onleft>
							<onright>9001</onright>		    
						</control>		
						<control type="button" id="13">
							<description>Add Path</description>
							<include>DialogBtn</include>
							<label>$LOCALIZE[15019]</label>
							<onup>11</onup>
							<ondown>14</ondown>
							<onleft>10</onleft>
							<onright>9001</onright>		
						</control>					
						<control type="button" id="14">
							<description>Remove Path</description>
							<include>DialogBtn</include>
							<label>$LOCALIZE[1210]</label>
							<onup>13</onup>
							<ondown>12</ondown>
							<onleft>10</onleft>
							<onright>9001</onright>	
						</control>				
					</control>
				</control>

				<control type="label">
					<description>Name</description>
					<posy>160</posy>
					<width>600</width>
					<font>DialogDetailFont</font>
					<textcolor>DialogTitleColor</textcolor>
					<aligny>center</aligny>
					<label>$LOCALIZE[1022]</label>
				</control>
				
				<control type="button" id="12">
					<description>Name Input</description>
					<posy>175</posy>
					<width>600</width>	
					<font>ButtonFont</font>
					<textcolor>ButtonColor</textcolor>
					<align>left</align>
					<onup>245</onup>
					<ondown>9001</ondown>
					<onleft>9001</onleft>
					<onright>9001</onright>
				</control>		
			</control>

			<control type="grouplist" id="9001">			
				<description>Dialog Button Area</description>			
				<posx>85</posx>
				<posy>282</posy>
				<itemgap>0</itemgap>
				<orientation>horizontal</orientation>
				<onup>12</onup>	
				<control type="button" id="18">
					<description>OK</description>
					<include>DialogMenuBarBtn</include>
					<label>$LOCALIZE[186]</label>
				</control>			
				<control type="button" id="19">
					<description>Cancel</description>
					<posx>170</posx>
					<include>DialogMenuBarBtn</include>
					<label>$LOCALIZE[222]</label>
				</control>		
				<control type="button" id="20">
					<description>Set Content</description>
					<posx>340</posx>
					<include>DialogMenuBarBtn</include>
					<label>$LOCALIZE[20333]</label>
				</control>
			</control>	
		</control>
	</controls>	
</window>