<window id="136">
    <animation effect="fade" time="100">WindowOpen</animation>
    <animation effect="fade" time="200">WindowClose</animation>
    <coordinates>
        <system>1</system>
        <posx>510</posx>
        <posy>630</posy>
    </coordinates>
    <controls>
        <control type="image">
            <description>background image</description>
            <posx>0</posx>
            <posy>0</posy>
            <width>280</width>
            <height>75</height>
            <colordiffuse>BBFFFFFF</colordiffuse> 
            <texture border="15">item-focus-background.png</texture>
        </control>
        <control type="label">
            <description>Busy label</description>
            <posx>0</posx>
            <posy>20</posy>
            <width>280</width>
            <height>35</height>
            <align>center</align>
            <aligny>center</aligny>
            <label>[COLOR=BreadCrumbColor][B]PLEASE WAIT![/B][/COLOR]</label>
            <font>TimeFont</font>
        </control>
    </controls>
</window>  