<window id="106">
	<defaultcontrol>1000</defaultcontrol>
	<allowoverlay>no</allowoverlay>
	<include>DialogOpenCloseAnim</include>
	
	<coordinates>
		<system>1</system>
		<origin x="125" y="300">Window.IsVisible(MusicPlaylistEditor)</origin>
		<origin x="460" y="180">true</origin>
	</coordinates>	

	<controls>	
		<control type="group">	
			<control type="image" id="997">
				<description>Context Menu Top</description>
				<posy>-50</posy>
				<width>360</width>
				<height>50</height>
				<texture border="50,50,50,2">special://skin/images/skin/context-menu-top.png</texture>
			</control>
			
			<control type="image" id="999">
				<description>Context Menu Middle</description>
				<posy>0</posy>
				<width>360</width>
				<height>20</height>
				<texture border="50,2,50,2">special://skin/images/skin/context-menu-middle.png</texture>
			</control>
			
			<control type="image" id="998">
				<description>Context Menu Bottom</description>
				<posy>-</posy>
				<posy>0</posy>
				<width>360</width>
				<height>50</height>
				<texture border="50,2,50,50">special://skin/images/skin/context-menu-bottom.png</texture>
			</control>

			<control type="button" id="1000">
				<description>Button Template</description>
				<posx>DialogMarginOffsetX</posx>
				<include>ContextMenuBtn</include>
			</control>			
		</control>		
	</controls>	
</window>