<window id="126">
	<defaultcontrol always="true">450</defaultcontrol>
	<allowoverlay>no</allowoverlay>
	<include>DialogOpenCloseAnim</include>
	
	<coordinates>
		<system>1</system>
		<origin x="300" y="120">true</origin>
	</coordinates>
	
	<controls>	
		<control type="group">
			<include>FileBrowserDialogBox</include>
			<animation effect="fade" start="100" end="0" time="250" condition="Window.IsActive(NetworkSetup)">Conditional</animation>

			<control type="label" id="411">
				<include>DialogTitle</include>
			</control>
			
			<control type="group">			
				<posx>DialogMarginOffsetX</posx>
				<posy>DialogMarginOffsetY</posy>
				
				<control type="label" id="412">
					<description>Path</description>
					<posy>5</posy>
					<width>600</width>
					<font>HeadFont2</font>
					<textcolor>DefaultColor4</textcolor>
					<aligny>center</aligny>
					<haspath>true</haspath>
					<scroll>yes</scroll>
				</control>
				
				<include>FileBrowserScrollbar</include>
				
				<control type="group" id="259">
					<description>Icon View</description>
					
					<control type="image">
						<description>Paths Background</description>
						<posx>19</posx>
						<posy>20</posy>
						<width>581</width>
						<height>325</height>
						<texture border="5">button-nofocus.png</texture>
						<visible>Control.IsVisible(451)</visible>
						<animation effect="zoom" start="55,100" center="20,145" time="400" tween="circle" easing="out">Visible</animation>
					</control>
						
					<control type="panel" id="451">
						<posx>24</posx>
						<posy>25</posy>
						<width>572</width>
						<height>315</height>
						<pagecontrol>150</pagecontrol>	
						<onup>451</onup>
						<ondown>451</ondown>
						<onleft>150</onleft>
						<onright>9001</onright>	
						<itemlayout height="157" width="143">	
							<control type="image">
                                <description>Cover Background</description>
                                <posx>11</posx>
                                <posy>10</posy>
                                <width>120</width>
                                <height>120</height>
                                <texture border="5">item-noshadow-background.png</texture>
                                <visible>!IsEmpty(ListItem.Thumb)</visible>
                                <animation effect="fade" end="50" condition="true">Conditional</animation>
                            </control>
							 <control type="image">
                                <description>Cover</description>
                                <posx>15</posx>
                                <posy>14</posy>
                                <width>112</width>
                                <height>112</height>
                                <info>ListItem.Thumb</info>
                                <visible>!IsEmpty(ListItem.Thumb)</visible>
								<animation effect="fade" end="50" condition="true">Conditional</animation>
                            </control>
                            <control type="image">
                                <description>Default Cover Background</description>
                                <posx>11</posx>
                                <posy>10</posy>
                                <width>120</width>
                                <height>120</height>
                                <texture border="5">item-noshadow-background.png</texture>
                                <visible>IsEmpty(ListItem.Thumb)</visible>
                                <animation effect="fade" end="50" condition="true">Conditional</animation>
                            </control>
                            <control type="image">
                                <description>Default Cover</description>
                                <posx>11</posx>
                                <posy>10</posy>
                                <width>120</width>
                                <height>120</height>
                                <info>ListItem.Icon</info>
                                <visible>IsEmpty(ListItem.Thumb)</visible>
                            </control> 
							<control type="label">
								<posx>71</posx>
								<posy>137</posy>
								<width>133</width>
								<font>DefaultFont2</font>
								<textcolor>DefaultColor</textcolor>
								<selectedcolor>SelectedColor2</selectedcolor>
								<shadowcolor>ShadowColor</shadowcolor>
								<align>center</align>
								<info>ListItem.Label</info>
							</control>
                        </itemlayout>                                                            
                        <focusedlayout height="157" width="143">
							<control type="image">
                                <description>Cover Background</description>
                                <posx>11</posx>
                                <posy>10</posy>
                                <width>120</width>
                                <height>120</height>
                                <texture border="5">item-noshadow-background2.png</texture>
                                <visible>!IsEmpty(ListItem.Thumb)</visible>
                            </control>
                            <control type="image">
                                <description>Cover</description>
                                <posx>15</posx>
                                <posy>14</posy>
                                <width>112</width>
                                <height>112</height>
                                <info>ListItem.Thumb</info>
                                <visible>!IsEmpty(ListItem.Thumb)</visible>
                            </control>
                            <control type="image">
                                <description>Default Cover Background</description>
                                <posx>11</posx>
                                <posy>10</posy>
                                <width>120</width>
                                <height>120</height>
                                <texture border="5">item-noshadow-background2.png</texture>
                                <visible>IsEmpty(ListItem.Thumb)</visible>
                            </control>
                            <control type="image">
                                <description>Default Cover</description>
                                <posx>11</posx>
                                <posy>10</posy>
                                <width>120</width>
                                <height>120</height>
                                <info>ListItem.Icon</info>
                                <visible>IsEmpty(ListItem.Thumb)</visible>
                            </control>
							<control type="label">
								<posx>71</posx>
								<posy>137</posy>
								<width>133</width>
								<font>DefaultFont2</font>
								<textcolor>SelectedColor</textcolor>
								<selectedcolor>SelectedColor2</selectedcolor>
								<shadowcolor>ShadowColor</shadowcolor>
								<align>center</align>
								<info>ListItem.Label</info>
							</control>
						</focusedlayout>
					</control>							
				</control>
				
				<control type="group" id="260">
					<description>List View</description>
					
					<control type="image">
						<description>Paths Background</description>
						<posx>19</posx>
						<posy>20</posy>
						<width>320</width>
						<height>325</height>
						<texture border="5">button-nofocus.png</texture>
						<visible>Control.IsVisible(450)</visible>
						<animation effect="zoom" start="145,100" center="20,145" time="400" tween="circle" easing="out">Visible</animation>
					</control>

					<control type="list" id="450">
						<description>Paths</description>
						<posx>24</posx>
						<posy>25</posy>
						<width>310</width>
						<height>315</height>
						<pagecontrol>150</pagecontrol>
						<onup>450</onup>
						<ondown>450</ondown>
						<onleft>150</onleft>
						<onright>9001</onright>
						<itemlayout height="35">
							<control type="image">
								<posx>5</posx>
								<posy>6</posy>
								<width>23</width>
								<height>23</height>
								<texture>$INFO[ListItem.ActualIcon].png</texture>
							</control>
							<control type="label">
								<posx>35</posx>
								<width>260</width>
								<height>35</height>
								<font>DefaultFont</font>
								<textcolor>DefaultColor</textcolor>
								<selectedcolor>DefaultColor3</selectedcolor>
								<aligny>center</aligny>
								<info>ListItem.Label</info>
							</control>
						</itemlayout>
						<focusedlayout height="35">
							<control type="image">
								<width>310</width>
								<height>35</height>
								<texture border="5">button-focus.png</texture>
								<visible>Control.HasFocus(450)</visible>
							</control>
							<control type="image">
								<posx>5</posx>
								<posy>6</posy>
								<width>23</width>
								<height>23</height>
								<texture>$INFO[ListItem.ActualIcon].png</texture>
							</control>
							<control type="label">
								<posx>35</posx>
								<width>260</width>
								<height>35</height>
								<font>DefaultFont</font>
								<textcolor>DefaultColor</textcolor>
								<selectedcolor>DefaultColor3</selectedcolor>
								<aligny>center</aligny>
								<info>ListItem.Label</info>
							</control>
						</focusedlayout>
					</control>	

					<control type="image">
						<description>Thumbnail</description>
						<posx>356</posx>
						<posy>35</posy>
						<width>241</width>
						<height>295</height>
						<info>ListItem.Icon</info>
						<aspectratio align="center">keep</aspectratio>
						<visible>Control.IsVisible(450)</visible>
						<animation effect="fade" start="0" end="100" time="400">Visible</animation>
					</control>
				</control>
			</control>

			<control type="grouplist" id="9001">			
				<description>Dialog Button Area</description>
				<posx>85</posx>
				<posy>417</posy>
				<itemgap>0</itemgap>
				<orientation>horizontal</orientation>	
				<onup>450</onup>
				<control type="button" id="413">
					<description>OK</description>
					<include>DialogMenuBarBtn</include>
					<label>$LOCALIZE[186]</label>
				</control>				
				<control type="button" id="414">
					<description>Cancel</description>
					<include>DialogMenuBarBtn</include>
					<label>$LOCALIZE[222]</label>
				</control>	
				<control type="button" id="415">
					<description>Create Folder</description>
					<include>DialogMenuBarSmallBtn</include>
					<label>$LOCALIZE[119]</label>	
				</control>		
			</control>
		</control>
	</controls>	
</window>