<window id="0">

	<!-- Recently Added MOD - changed <defaultcontrol always="true">510</defaultcontrol> -->
	<defaultcontrol always="true">308</defaultcontrol>
	<allowoverlay>yes</allowoverlay>
	
	<controls>
		<control type="group">	
			<include>BackgroundHome</include>
			<include>BackgroundFSVideo</include>
			<include>BackgroundFSViz</include>
			<include>BackgroundFanart</include>
			<include>BackgroundOpenCloseAnim</include>
		</control>

	<include>RecentlyAdded</include>
	
	<!-- System Info -->
		<control type="group">
			
			<visible>Container(850).HasFocus(8) + !Skin.HasSetting(HideHomeSysInfo)</visible>
			<posx>800</posx>
			<posy>400</posy>
			
			<!-- fade in when focused, out when unfocused -->
			<animation effect="fade" start="0" end="100" time="400">Visible</animation>
			<animation effect="fade" start="100" end="0" time="400">Hidden</animation>
			<animation effect="fade" start="100" end="0" time="400">WindowClose</animation>
			
			<control type="image">
				<description>gradient</description>
				<width>470</width>
				<height>150</height>
				<texture border="15">item-focus-background.png</texture>
			</control>
			<control type="image">
				<description>settings image</description>
				<posx>120r</posx>
				<posy>25</posy>
				<width>100</width>
				<height>100</height>
				<texture>homeinfo-system.png</texture>
			</control>
			<control type="label">
				<description>Settings label</description>
				<posx>125r</posx>
				<posy>15</posy>
				<height>30</height>
				<width>500</width>
				<label>[B]$LOCALIZE[10511][/B]</label>
				<align>right</align>
				<aligny>center</aligny>
				<font>LargeListLabelFont</font>
				<textcolor>ThemeColor</textcolor>
				<shadowcolor>ShadowColor</shadowcolor>
			</control>
			<control type="label">
				<description>IP Address label</description>
				<posx>125r</posx>
				<posy>47</posy>
				<height>30</height>
				<width>500</width>
				<label>$INFO[Network.IPAddress]</label>
				<align>right</align>
				<aligny>center</aligny>
				<font>Font_Lib22</font>
				<textcolor>White</textcolor>
				<shadowcolor>ShadowColor</shadowcolor>
			</control>
			<control type="label">
				<description>GPU Make Label</description>
				<posx>125r</posx>
				<posy>80</posy>
				<height>30</height>
				<width>500</width>
				<label>$INFO[System.videoencoderinfo]</label>
				<align>right</align>
				<aligny>center</aligny>
				<font>ListLabel2Font</font>
				<textcolor>Grey</textcolor>
				<shadowcolor>ShadowColor</shadowcolor>
			</control>
			<control type="label">
				<description>CPU Speed Label</description>
				<posx>125r</posx>
				<posy>105</posy>
				<height>30</height>
				<width>500</width>
				<label>$INFO[System.cpufrequency]</label>
				<align>right</align>
				<aligny>center</aligny>
				<font>ListLabel2Font</font>
				<textcolor>Grey</textcolor>
				<shadowcolor>ShadowColor</shadowcolor>
			</control>
		</control>
	
	
	
<!--Sub menus START-->
		<control type="group" id="900">
		<visible>!Window.IsVisible(111)</visible>
		<onup>600</onup>
			<posy>710</posy>
			<animation effect="slide" end="0,-135" time="300" tween="quadratic" easing="out" condition="ControlGroup(900).HasFocus">Conditional</animation>
			
			<animation effect="fade" start="100" end="0" time="400" delay="0">WindowClose</animation>
		
			
			<include>HomeSubMenuBarImage</include>
			<include>HomeSubMenuBarOpenCloseAnim</include>
						
				<control type="image">
					<description>Sub Menu Marker</description>
					<posx>195</posx>
					<posy>1</posy>
					<width>180</width>
					<height>33</height>
					<texture border="0,0,0,2">button-submenu-focus.png</texture>
					<include>SystemMenuBarFocusAnim</include>
				</control>
							
				<control type="list" id="110">
					<description>Videos Menu Bar</description>
					<posx>195</posx>
					<posy>0</posy>
					<width>900</width>
					<height>34</height>
					<ondown>850</ondown>
					<onup>600</onup>
					<orientation>horizontal</orientation>
					<include>HomeSubMenuOpenCloseAnim</include>
					<visible>Container(850).HasFocus(4)</visible>
					<itemlayout width="180">
						<control type="label">
							<posx>90</posx>
							<width>180</width>
							<height>34</height>
							<font>MenuBarButtonFont</font>
							<textcolor>ButtonColor</textcolor>
							<align>center</align>
							<aligny>center</aligny>
							<info>ListItem.Label</info>
						</control>		
					</itemlayout>
					<focusedlayout width="180">
						<control type="label">
							<posx>90</posx>
							<width>180</width>
							<height>34</height>
							<font>MenuBarButtonFont</font>
							<textcolor>ButtonFocusColor</textcolor>
							<align>center</align>
							<aligny>center</aligny>
							<info>ListItem.Label</info>
						</control>					
					</focusedlayout>
					<content>
						<item id="1">
							<description>Video Feeds</description>
							<label>31800</label>
							<onclick>ActivateWindow(videofiles,"XBMC Video Feeds")</onclick>	
						</item>
						<item id="2">
							<description>Video Plugins</description>
							<label>31801</label>
							<onclick>ActivateWindow(videofiles,"Video plugins")</onclick>						
						</item>
						<item id="3">
							<description>Music Videos</description>
							<label>31802</label>
							<onclick>ActivateWindow(VideoLibrary,MusicVideoTitles,Return)</onclick>						
						</item>
						<item id="4">
							<description>Miscellaneous</description>
							<label>31803</label>
							<onclick>ActivateWindow(videofiles,"Miscellaneous")</onclick>		
						</item>
						<item id="5">
							<description>Playlists</description>
							<label>136</label>
							<onclick>ActivateWindow(VideoLibrary,Playlists,Return)</onclick>
						</item>
						
											
					</content>						
				</control>	
							
				<control type="list" id="110">
					<description>General Menu Bar</description>
					<posx>195</posx>
					<posy>0</posy>
					<width>900</width>
					<height>34</height>
					<ondown>850</ondown>
					<onup>600</onup>
					<orientation>horizontal</orientation>	
					<include>HomeSubMenuOpenCloseAnim</include>
					<visible>Container(850).HasFocus(7)</visible>
					<itemlayout width="180">
						<control type="label">
							<posx>90</posx>
							<width>180</width>
							<height>34</height>
							<font>MenuBarButtonFont</font>
							<textcolor>ButtonColor</textcolor>
							<align>center</align>
							<aligny>center</aligny>
							<info>ListItem.Label</info>
						</control>		
					</itemlayout>
					<focusedlayout width="180">
						<control type="label">
							<posx>90</posx>
							<width>180</width>
							<height>34</height>
							<font>MenuBarButtonFont</font>
							<textcolor>ButtonFocusColor</textcolor>
							<align>center</align>
							<aligny>center</aligny>
							<info>ListItem.Label</info>
						</control>					
					</focusedlayout>
					<content>
						<item id="1">
							<description>Favourites</description>
							<label>$LOCALIZE[1036]</label>
							<onclick>ActivateWindow(Favourites)</onclick>
						</item>
						<item id="2">
							<description>Scripts</description>
							<label>$LOCALIZE[10020]</label>
							<onclick>ActivateWindow(Scripts)</onclick>		
						</item>
						<item id="3">
							<description>Eject button</description>
							<label>Eject/Load</label>
							<onclick>XBMC.EjectTray()</onclick>
						</item>
						<item id="4">
							<description>Filemanager</description>
							<label>$LOCALIZE[10003]</label>
							<onclick>ActivateWindow(Filemanager)</onclick>		
						</item>
						<item id="5">
							<description>Weather</description>
							<label>Weather</label>
							<onclick>ActivateWindow(Weather)</onclick>		
						</item>
						
					</content>						
				</control>			
						
				<control type="list" id="110">
					<description>System Menu Bar</description>
					<posx>195</posx>
					<posy>0</posy>
					<width>900</width>
					<height>34</height>
					<ondown>850</ondown>
					<onup>600</onup>
					<orientation>horizontal</orientation>
					<include>HomeSubMenuOpenCloseAnim</include>
					<visible>Container(850).HasFocus(8)</visible>
					<itemlayout width="180">
						<control type="label">
							<posx>90</posx>
							<width>180</width>
							<height>34</height>
							<font>MenuBarButtonFont</font>
							<textcolor>ButtonColor</textcolor>
							<align>center</align>
							<aligny>center</aligny>
							<info>ListItem.Label</info>
						</control>		
					</itemlayout>
					<focusedlayout width="180">
						<control type="label">
							<posx>90</posx>
							<width>180</width>
							<height>34</height>
							<font>MenuBarButtonFont</font>
							<textcolor>ButtonFocusColor</textcolor>
							<align>center</align>
							<aligny>center</aligny>
							<info>ListItem.Label</info>
						</control>					
					</focusedlayout>
					<content>
						<item id="1">
							<description>Settings</description>
							<label>Settings</label>
							<onclick>ActivateWindow(AppearanceSettings)</onclick>		
						</item>
						<item id="2">
							<description>Skin Settings</description>
							<label>$LOCALIZE[20077]</label>
							<onclick>ActivateWindow(3001)</onclick>		
						</item>
						<item id="3">
							<description>Profiles</description>
							<label>$LOCALIZE[13200]</label>
							<onclick>ActivateWindow(Profiles)</onclick>		
						</item>
						<item id="4">
							<description>System Info</description>
							<label>$LOCALIZE[130]</label>
							<onclick>ActivateWindow(SystemInfo)</onclick>		
						</item>
						<item id="5">
							<description>Credits</description>
							<label>$LOCALIZE[470]</label>
							<onclick>ActivateWindow(3010)</onclick>
						</item>
						
													
					</content>						
				</control>

				<control type="list" id="110">
					<description>Movies Menu Bar</description>
					<posx>195</posx>
					<posy>0</posy>
					<width>900</width>
					<height>34</height>
					<ondown>850</ondown>
					<onup>304</onup>
					<orientation>horizontal</orientation>
					<include>HomeSubMenuOpenCloseAnim</include>
					<visible>Container(850).HasFocus(5)</visible>
					<itemlayout width="180">
						<control type="label">
							<posx>90</posx>
							<width>180</width>
							<height>34</height>
							<font>MenuBarButtonFont</font>
							<textcolor>ButtonColor</textcolor>
							<align>center</align>
							<aligny>center</aligny>
							<info>ListItem.Label</info>
						</control>		
					</itemlayout>
					<focusedlayout width="180">
						<control type="label">
							<posx>90</posx>
							<width>180</width>
							<height>34</height>
							<font>MenuBarButtonFont</font>
							<textcolor>ButtonFocusColor</textcolor>
							<align>center</align>
							<aligny>center</aligny>
							<info>ListItem.Label</info>
						</control>					
					</focusedlayout>
					<content>					
						
						<item id="1">
							<description>Recently Added</description>
							<label>31804</label>
							<onclick>ActivateWindow(VideoLibrary,RecentlyAddedMovies,return)</onclick>
						</item>		
						<item id="2">
							<description>Genres</description>
							<label>135</label>
							<onclick>ActivateWindow(VideoLibrary,MovieGenres,return)</onclick>	
						</item>
						<item id="3">
							<description>Actors</description>
							<label>344</label>
						<onclick>ActivateWindow(VideoLibrary,MovieActors,return)</onclick>						
						</item>
						<item id="4">
							<description>Directors</description>
							<label>20348</label>
							<onclick>ActivateWindow(VideoLibrary,MovieDirectors,return)</onclick>
						</item>
						<item id="5">
							<description>Years</description>
							<label>652</label>
							<onclick>ActivateWindow(VideoLibrary,MovieYears,return)</onclick>						
						</item>
						
						
											
					</content>						
				</control>					
		
				<control type="list" id="110">
					<description>TV Shows Menu Bar</description>
					<posx>195</posx>
					<posy>0</posy>
					<width>900</width>
					<height>34</height>
					<ondown>850</ondown>
					<onup>304</onup>
					<orientation>horizontal</orientation>
					<include>HomeSubMenuOpenCloseAnim</include>
					<visible>Container(850).HasFocus(6)</visible>
					<itemlayout width="180">
						<control type="label">
							<posx>90</posx>
							<width>180</width>
							<height>34</height>
							<font>MenuBarButtonFont</font>
							<textcolor>ButtonColor</textcolor>
							<align>center</align>
							<aligny>center</aligny>
							<info>ListItem.Label</info>
						</control>		
					</itemlayout>
					<focusedlayout width="180">
						<control type="label">
							<posx>90</posx>
							<width>180</width>
							<height>34</height>
							<font>MenuBarButtonFont</font>
							<textcolor>ButtonFocusColor</textcolor>
							<align>center</align>
							<aligny>center</aligny>
							<info>ListItem.Label</info>
						</control>					
					</focusedlayout>
					<content>					
						<item id="1">
							<description>Recently Added</description>
							<label>31804</label>
							<onclick>ActivateWindow(VideoLibrary,RecentlyAddedEpisodes,return)</onclick>
						</item>
						<item id="2">
							<description>Genres</description>
							<label>135</label>
							<onclick>ActivateWindow(VideoLibrary,TVShowGenres,return)</onclick>	
						</item>
						
						<item id="3">
							<description>Actors</description>
							<label>344</label>
						<onclick>ActivateWindow(VideoLibrary,TVShowActors,return)</onclick>						
						</item>
						<item id="4">
							<description>Directors</description>
							<label>Studios</label>
							<onclick>ActivateWindow(VideoLibrary,TVShowStudios,return)</onclick>
						</item>
						<item id="5">
							<description>Years</description>
							<label>652</label>
							<onclick>ActivateWindow(VideoLibrary,TVShowYears,return)</onclick>						
						</item>
											
					</content>						
				</control>		
		
		<control type="list" id="110">
					<description>Music Menu Bar</description>
					<posx>195</posx>
					<posy>0</posy>
					<width>900</width>
					<height>34</height>
					<ondown>850</ondown>
					<onup>304</onup>
					<orientation>horizontal</orientation>
					<include>HomeSubMenuOpenCloseAnim</include>
					<visible>Container(850).HasFocus(3)</visible>
					<itemlayout width="180">
						<control type="label">
							<posx>90</posx>
							<width>180</width>
							<height>34</height>
							<font>MenuBarButtonFont</font>
							<textcolor>ButtonColor</textcolor>
							<align>center</align>
							<aligny>center</aligny>
							<info>ListItem.Label</info>
						</control>		
					</itemlayout>
					<focusedlayout width="180">
						<control type="label">
							<posx>90</posx>
							<width>180</width>
							<height>34</height>
							<font>MenuBarButtonFont</font>
							<textcolor>ButtonFocusColor</textcolor>
							<align>center</align>
							<aligny>center</aligny>
							<info>ListItem.Label</info>
						</control>					
					</focusedlayout>
					<content>				
						<item id="1">
							<description>Artists</description>
							<label>133</label>
							<onclick>ActivateWindow(MusicLibrary,Artists,return)</onclick>	
						</item>
						<item id="2">
							<description>Albums</description>
							<label>132</label>
						<onclick>ActivateWindow(MusicLibrary,Albums,return)</onclick>						
						</item>
						<item id="3">
							<description>Songs</description>
							<label>134</label>
							<onclick>ActivateWindow(MusicLibrary,Songs,return)</onclick>						
						</item>
						<item id="4">
							<description>Directors</description>
							<label>744</label>
							<onclick>ActivateWindow(MusicFiles)</onclick>
						</item>
						<item id="5">
							<description>Recently Added</description>
							<label>136</label>
							<onclick>XBMC.ActivateWindow(MyMusicLibrary,playlists,return)</onclick>
						</item>					
					</content>						
				</control>	
		
		</control>	

<!--Sub menus END-->
	
	
	
<!--Main Category Icons START-->	
		<control type="group">	
			<description>Category Icon Area</description>		
		 	<posx>512</posx>
			<posy>315</posy>		
			<visible>!Skin.HasSetting(HideHomeCategoryIcons)  + !Window.IsActive(PlayerControls) + !Window.IsActive(111) + !Window.IsActive(NumericInput) </visible>
			<visible>![Player.HasVideo + Skin.HasSetting(HideHomeCategoryIconsWhenVideo)]</visible>
			<include>HomeMenuIconOpenCloseAnim</include>

			<control type="image">
				<description>Programs Icon</description>
				<include>HomeMenuIconDim</include>
				<texture>home-programs-icon.png</texture>
				<visible>Container(850).HasFocus(1)</visible>
				<include>HomeMenuIconAnim</include>
			</control>
			
			<control type="image">
				<description>Pictures Icon</description>
				<include>HomeMenuIconDim</include>
				<texture>home-pictures-icon.png</texture>
				<visible>Container(850).HasFocus(2)</visible>
				<include>HomeMenuIconAnim</include>
			</control>
			
			<control type="image">
				<description>Music Icon</description>
				<include>HomeMenuIconDim</include>
				<texture>home-music-icon.png</texture>
				<visible>Container(850).HasFocus(3)</visible>
				<include>SubMenuIconClickAnim</include>
				<include>HomeMenuIconAnim</include>
			</control>
			
			<control type="image">
				<description>Videos Icon</description>
				<include>HomeMenuIconDim</include>
				<texture>home-videos-icon.png</texture>
				<visible>Container(850).HasFocus(4)</visible>
				<include>SubMenuIconClickAnim</include>
				<include>HomeMenuIconAnim</include>
			</control>
			
			<control type="image">
				<description>Movies Icon</description>
				<include>HomeMenuIconDim</include>
				<texture>home-movies-icon.png</texture>
				<visible>Container(850).HasFocus(5)</visible>
				<include>SubMenuIconClickAnim</include>
				<include>HomeMenuIconAnim</include>
			</control>
			
			<control type="image">
				<description>TV Shows Icon</description>
				<include>HomeMenuIconDim</include>
				<texture>home-tvshows-icon.png</texture>
				<visible>Container(850).HasFocus(6)</visible>
				<include>SubMenuIconClickAnim</include>
				<include>HomeMenuIconAnim</include>
			</control>
			
			<control type="image">
				<description>General Icon</description>
				<include>HomeMenuIconDim</include>
				<texture>home-general-icon.png</texture>
				<visible>Container(850).HasFocus(7)</visible>
				<include>HomeMenuIconAnim</include>
				<include>SubMenuIconClickAnim</include>
			</control>
			
			<control type="image">
				<description>System Icon</description>
				<include>HomeMenuIconDim</include>
				<texture>home-settings-icon.png</texture>
				<visible>Container(850).HasFocus(8)</visible>
				<include>HomeMenuIconAnim</include>
				<include>SubMenuIconClickAnim</include>
			</control>					
		</control>
<!--Main Category Icons END-->

		<include>DialogPopUpScreenDim</include>	
		
		
		
		
					
		<control type="group" id="510">	
			<description>Bottom Bar Area</description>	
			<posx>0</posx>
			<posy>606</posy>
			<include>BottomPaneTopHighlightImage</include>
			<include>HomeMenuPaneImage</include>
			<include>HomeSubMenuCoverBottomImage</include>
			<include>HomeMenuPaneOpenCloseAnim</include>
			<include>HomeMenuPaneSpecificCloseAnim</include>

<!--Main Menu START-->
			<control type="wraplist" id="850">
				<description>Home Menu</description>
				<posx>130</posx>
				<posy>24</posy>
				<width>1020</width>
				<height>96</height>
				<focusposition>1</focusposition>
				<scrolltime>250</scrolltime>
				<pagecontrol>-</pagecontrol>
				<orientation>horizontal</orientation>
				<itemgap>0</itemgap>
				<preloaditems>2</preloaditems>
				<!-- Recently Added MOD - changed <onup>600></onup> this ensures that when you press up from bottom menu it goes to recent lists 
				<onup>304</onup>  -->
				
				<onup>900</onup>
				<ondown>-</ondown>
				<include>HomeMenuOpenCloseAnim</include>	
				<include>HomeMenuFocusAnim</include>
				<itemlayout width="340">
					<control type="image">
						<posx>20</posx>
						<posy>0</posy>
						<width>300</width>
						<height>64</height>
						<texture background="true">$INFO[ListItem.ActualIcon]</texture>
						<animation effect="fade" start="30" end="100" time="650">Focus</animation>
						<animation effect="fade" start="100" end="30" time="650" condition="Window.IsActive(3006) | Window.IsActive(3007)">Conditional</animation>
					</control>
				</itemlayout>	
				<focusedlayout width="340">
					<control type="image">
						<Description>Programs Category Focus</Description>
						<posx>20</posx>
						<include>HomeMenuCategoryFocusDim</include>
						<texture>programs-text-focus.png</texture>
						<visible>Container(850).HasFocus(1)</visible>
						<include>HomeMenuCategoryFocusAnim</include>
					</control>
					<control type="image">
						<Description>Pictures Category Focus</Description>
						<posx>20</posx>
						<include>HomeMenuCategoryFocusDim</include>
						<texture>pictures-text-focus.png</texture>
						<visible>Container(850).HasFocus(2)</visible>
						<include>HomeMenuCategoryFocusAnim</include>
					</control>			
					<control type="image">
						<Description>Music Category Focus</Description>
						<posx>20</posx>
						<include>HomeMenuCategoryFocusDim</include>
						<texture>music-text-focus.png</texture>
						<visible>Container(850).HasFocus(3)</visible>
						<include>HomeMenuCategoryFocusAnim</include> 
					</control>		
					<control type="image">
						<Description>Videos Category Focus</Description>
						<posx>20</posx>
						<include>HomeMenuCategoryFocusDim</include>
						<texture>videos-text-focus.png</texture>
						<visible>Container(850).HasFocus(4) </visible>
						<include>HomeMenuCategoryFocusAnim</include>
					</control>		
					<control type="image">
						<Description>Movies Category Focus</Description>
						<posx>20</posx>
						<include>HomeMenuCategoryFocusDim</include>
						<texture>movies-text-focus.png</texture>
						<visible>Container(850).HasFocus(5)</visible>
						<include>HomeMenuCategoryFocusAnim</include>
					</control>
					<control type="image">
						<Description>TV Shows Category Focus</Description>
						<posx>20</posx>
						<include>HomeMenuCategoryFocusDim</include>
						<texture>tvshows-text-focus.png</texture>
						<visible>Container(850).HasFocus(6)</visible>
						<include>HomeMenuCategoryFocusAnim</include>
					</control>
					<control type="image">
						<Description>General Category Focus</Description>
						<posx>20</posx>
						<include>HomeMenuCategoryFocusDim</include>
						<texture>general-text-focus.png</texture>
						<visible>Container(850).HasFocus(7) |  Window.IsVisible(Favourites)</visible>
						<include>HomeMenuCategoryFocusAnim</include>
					</control>	
					<control type="image">
						<Description>System Category Focus</Description>
						<posx>20</posx>
						<include>HomeMenuCategoryFocusDim</include>
						<texture>system-text-focus.png</texture>
						<visible>Container(850).HasFocus(8) | Window.IsVisible(3007)</visible>
						<include>HomeMenuCategoryFocusAnim</include>
					</control>	
				</focusedlayout>
				<content>				
					
					<item id="4">
						<description>Videos Category</description>
						<icon>videos-text-blurred.png</icon>
						<thumb>$INFO[Skin.String(VideosCustomBG)]</thumb>
						<onclick>ActivateWindow(VideoFiles)</onclick>
						<visible>!Skin.HasSetting(HideVideosCategory)</visible>
					</item>
					<item id="5">
						<description>Movies Category</description>
						<icon>movies-text-blurred.png</icon>
						<thumb>$INFO[Skin.String(MoviesCustomBG)]</thumb>
						<onclick>ActivateWindow(VideoLibrary,MovieTitles,Return)</onclick>  
						<visible>!Skin.HasSetting(HideMoviesCategory) + Library.HasContent(Movies)</visible>
					</item>
					<item id="6">
						<description>TV Shows Category</description>
						<icon>tvshows-text-blurred.png</icon>
						<thumb>$INFO[Skin.String(TVShowsCustomBG)]</thumb>
						<onclick>ActivateWindow(VideoLibrary,TVShowTitles,Return)</onclick>
						<visible>!Skin.HasSetting(HideTVShowsCategory) + Library.HasContent(TVShows)</visible>
					</item>	
					<item id="3">
						<description>Music Category</description>
						<icon>music-text-blurred.png</icon>
						<thumb>$INFO[Skin.String(MusicCustomBG)]</thumb>
						<onclick>ActivateWindow(MusicLibrary)</onclick>
						<visible>!Skin.HasSetting(HideMusicCategory)</visible>
					</item>
					<item id="7">
						<description>General Category</description>
						<icon>general-text-blurred.png</icon>
						<thumb>$INFO[Skin.String(GeneralCustomBG)]</thumb>
						<onclick>ActivateWindow(Favourites)</onclick>		
						<visible>!Skin.HasSetting(HideGeneralCategory)</visible>
					</item>	
					<item id="8">
						<description>System Category</description>
						<icon>system-text-blurred.png</icon>
						<thumb>$INFO[Skin.String(SystemCustomBG)]</thumb>
						<onclick>ActivateWindow(AppearanceSettings)</onclick>         			
					</item>
					<item id="1">
						<description>Programs Category</description>
						<icon>programs-text-blurred.png</icon>
						<thumb>$INFO[Skin.String(ProgramsCustomBG)]</thumb>
						<onclick>ActivateWindow(Programs)</onclick>	
						<visible>!Skin.HasSetting(HideProgramsCategory)</visible>
					</item>
					<item id="2">
						<description>Pictures Category</description>
						<icon>pictures-text-blurred.png</icon>
						<thumb>$INFO[Skin.String(PicturesCustomBG)]</thumb>
						<onclick>ActivateWindow(Pictures)</onclick>
						<visible>!Skin.HasSetting(HidePicturesCategory)</visible>
					</item>					
				</content>			
			</control>
			
				
			
<!--Main Menu END-->			
			
			<include>HomeMenuPaneOverlay</include>
			<include>HomeSubMenuCoverBottomOverlay</include>
			
			<control type="button" id="101">
				<description>Navigation Move Left</description>
				<posx>10</posx>
				<posy>40</posy>
				<width>28</width>
				<height>28</height>
				<texturefocus>arrow-scroll-left-focus2.png</texturefocus>
				<texturenofocus>arrow-scroll-left-nofocus2.png</texturenofocus>
				<onclick>Control.Message(850,movedown)</onclick>
				<visible>Skin.HasSetting(ShowHomeNavButtons)</visible>
			</control>
			
			<control type="button" id="102">
				<description>Navigation Move Right</description>
				<posx>1242</posx>
				<posy>40</posy>
				<width>28</width>
				<height>28</height>
				<texturefocus flipx="true">arrow-scroll-left-focus2.png</texturefocus>
				<texturenofocus flipx="true">arrow-scroll-left-nofocus2.png</texturenofocus>
				<onclick>Control.Message(850,moveup)</onclick>
				<visible>Skin.HasSetting(ShowHomeNavButtons)</visible>
			</control>
		</control>

		<control type="group">
			<visible>Player.HasMedia</visible>
			<include>NowPlaying</include>
			<include>NowPlayingOpenCloseAnim</include>
		</control>
		
		<control type="group" id="505">		
			<description>Menu Bar Area</description>			
			<posy>MenuBarOffsetY</posy>	
			<include>MenuBarImage</include>
			<include>MenuBarRSSFeedsOpenCloseAnim</include>			
			<include>MenuBarRSSFeeds</include>	
			<visible>System.GetBool(LookAndFeel.EnableRSSFeeds)</visible>
		</control>
	
		<control type="group">		
			<include>TopBarImage</include>
			<include>SystemTray</include>
			<include>BreadCrumbHome</include>
			<include>WeatherNotification</include>
			<include>MediaPlayingNotification</include>
		</control>


		</controls>	
</window>
