<includes>	
	<include name="KeyboardDialogBox">	
		<control type="image">
			<width>680</width>
			<height>415</height>
			<texture border="50">dialog-background4.png</texture>
		</control>	
	</include>
	
	<include name="ContentSettingsDialogBox">	
		<control type="image">
			<width>680</width>
			<height>498</height>
			<texture border="50,70,50,75">dialog-background.png</texture>
		</control>	
	</include>
	
	<include name="PluginSettingsDialogBox">	
		<control type="image">
			<width>680</width>
			<height>461</height>
			<texture border="50,70,50,75">dialog-background.png</texture>
		</control>	
	</include>
	
	<include name="ProfileSettingsDialogBox">	
		<control type="image">
			<width>680</width>
			<height>476</height>
			<texture border="50,70,50,75">dialog-background.png</texture>
		</control>	
	</include>
	
	<include name="LockSettingsDialogBox">	
		<control type="image">
			<width>680</width>
			<height>411</height>
			<texture border="50,70,50,75">dialog-background.png</texture>
		</control>	
	</include>
	
	<include name="LoginScreenDialogBox">	
		<control type="image">
			<width>680</width>
			<height>476</height>
			<texture border="50,70,50,75">dialog-background.png</texture>
		</control>	
	</include>
	
	<include name="FileBrowserDialogBox">	
		<control type="image">
			<width>680</width>
			<height>471</height>
			<texture border="50,70,50,75">dialog-background.png</texture>
		</control>	
	</include>
	
	<include name="FavouritesDialogBox">	
		<control type="image">
			<width>680</width>
			<height>451</height>
			<texture border="50,70,50,75">dialog-background.png</texture>
		</control>	
	</include>
	
	<include name="MediaSourceDialogBox">	
		<control type="image">
			<width>680</width>
			<height>336</height>
			<texture border="50,70,50,75">dialog-background.png</texture>
		</control>	
	</include>
	
	<include name="PlayerDialogBox">
		<control type="image">
			<width>490</width>
			<height>531</height>
			<texture border="50,70,50,75">dialog-background.png</texture>
		</control>
	</include>
	
	<include name="OpenSubtitlesOSDDialogBox">
		<control type="image">
			<width>710</width>
			<height>531</height>
			<texture border="50,70,50,75">dialog-background.png</texture>
		</control>
	</include>
	
	<include name="SelectDialogBox">
		<control type="image">
			<width>500</width>
			<height>494</height>
			<texture border="50,70,50,75">dialog-background.png</texture>
		</control>
	</include>
	
	<include name="NumericDialogBox">
		<control type="image">
			<width>278</width>
			<height>345</height>
			<texture border="50">dialog-background4.png</texture>
		</control>
	</include>
	
	<include name="ProgressDialogBox">
		<control type="image">
			<width>500</width>
			<height>228</height>
			<texture border="50,70,50,75">dialog-background.png</texture>
		</control>
	</include>
	
	<include name="FileStackingDialogBox">
		<control type="image">
			<width>500</width>
			<height>228</height>
			<texture border="50,70,50,50">dialog-background3.png</texture>
		</control>
	</include>
	
	<include name="GamepadDialogBox">
		<control type="image">
			<width>500</width>
			<height>202</height>
			<texture border="50,70,50,50">dialog-background3.png</texture>
		</control>
	</include>
	
	<include name="KaiToastDialogBox">
		<control type="image">
			<width>500</width>
			<height>179</height>
			<texture border="50">dialog-background4.png</texture>
		</control>
	</include>
	
	<include name="ButtonMenuDialogBox">
		<control type="image">
			<width>360</width>
			<height>430</height>
			<texture border="50">dialog-background4.png</texture>
		</control>
	</include>
	
	<include name="PictureInfoDialogBox">
		<control type="image">
			<width>500</width>
			<height>321</height>
			<texture border="50,70,50,75">dialog-background.png</texture>
		</control>
	</include>
	
	<include name="ScriptInfoDialogBox">	
		<control type="image">
			<width>1200</width>
			<height>589</height>
			<texture border="50,70,50,50">dialog-background3.png</texture>
		</control>	
	</include>
	
	<include name="NetworkSetupDialogBox">	
		<control type="image">
			<width>680</width>
			<height>346</height>
			<texture border="50,70,50,75">dialog-background.png</texture>
		</control>	
	</include>
	
	<include name="SmartPlaylistEditorDialogBox">	
		<control type="image">
			<width>680</width>
			<height>521</height>
			<texture border="50,70,50,75">dialog-background.png</texture>
		</control>	
	</include>
	
	<include name="SmartPlaylistRuleDialogBox">	
		<control type="image">
			<width>680</width>
			<height>221</height>
			<texture border="50,70,50,75">dialog-background.png</texture>
		</control>	
	</include>
	
	<include name="ZoomAmountDialogBox">
		<control type="image">
			<width>240</width>
			<height>70</height>
			<texture border="15">item-focus-background.png</texture>
		</control>
	</include>
</includes>