<includes>


<include name="LargeMultiplexMoviesThumbDimensions">
		<align>center</align>
		<posx>-95</posx>
		<posy>25</posy>
		<width>175</width>
		<height>240</height>
	</include>
	
	<include name="LargeMultiplexMoviesThumbReflectionDimensions">
		<posx>-95</posx>
		<posy>208</posy>
		<width>175</width>
		<height>240</height>
	</include>
	
	<include name="LargeMultiplexMoviesThumb">
	
		<include>LargeMultiplexMoviesThumbDimensions</include>
		<texture background="true" diffuse="multiplex/multiplex_mask.png">special://skin/media/defaultVideoBigPoster.png</texture>
		<aspectratio scalediffuse="false">stretch</aspectratio>
		<visible>!Container.Content(genres)</visible>
	</include>
	
	<include name="LargeMultiplexMoviesThumbReflection">
		<include>LargeMultiplexMoviesThumbReflectionDimensions</include>
		<colordiffuse>d0FFFFFF</colordiffuse>
		<texture background="true" flipy="true" diffuse="multiplex/multiplex_maskreflect.png">defaultvideobigposter.png</texture>
		<aspectratio scalediffuse="false">stretch</aspectratio>
		<animation effect="fade" start="70" end="70" time="0" condition="Skin.HasSetting(darkshowcase)">Conditional</animation>			
		<visible>!Container.Content(genres)</visible>
	</include>

	<include name="LargeMultiplexGenreDefaultThumb">
		<include>LargeMultiplexMoviesThumbDimensions</include>
		<texture background="true" diffuse="multiplex/multiplex_mask.png">DefaultGenres</texture>
		<aspectratio scalediffuse="false">scale</aspectratio>
		<visible>Container.Content(genres)</visible>
	</include>
	<include name="LargeMultiplexGenreThumb">
		<include>LargeMultiplexMoviesThumbDimensions</include>
		<aspectratio scalediffuse="false">scale</aspectratio>
		<visible>Container.Content(genres)</visible>
	</include>
	<include name="LargeMultiplexGenreThumbReflection">
		<include>LargeMultiplexMoviesThumbReflectionDimensions</include>
		<colordiffuse>d0FFFFFF</colordiffuse>
		<aspectratio scalediffuse="false">stretch</aspectratio>
		<visible>Container.Content(genres)</visible>
	</include>



	<include name="MultiplexMoviesThumbDimensions">
		<align>center</align>
		<posx>-62</posx>
		<posy>88</posy>
		<width>124</width>
		<height>185</height>
	</include>
	
	<include name="MultiplexMoviesThumbReflectionDimensions">
		<posx>-62</posx>
		<posy>273</posy>
		<width>124</width>
		<height>185</height>
	</include>
	<include name="MultiplexMoviesThumb">
		<include>MultiplexMoviesThumbDimensions</include>
		<texture background="true" diffuse="multiplex/multiplex_mask.png">special://skin/media/defaultVideoBigPoster.png</texture>
		<aspectratio scalediffuse="false">stretch</aspectratio>
		<visible>!Container.Content(genres)</visible>
	</include>
	<include name="MultiplexMoviesThumbReflection">
		<include>MultiplexMoviesThumbReflectionDimensions</include>
		<colordiffuse>d0FFFFFF</colordiffuse>
		<texture background="true" flipy="true" diffuse="multiplex/multiplex_maskreflect.png">defaultvideobigposter.png</texture>
		<aspectratio scalediffuse="false">stretch</aspectratio>
		<animation effect="fade" start="70" end="70" time="0" condition="Skin.HasSetting(darkshowcase)">Conditional</animation>			
		<visible>!Container.Content(genres)</visible>
	</include>

	<include name="MultiplexGenreDefaultThumb">
		<include>MultiplexMoviesThumbDimensions</include>
		<texture background="true" diffuse="multiplex/multiplex_mask.png">DefaultGenres</texture>
		<aspectratio scalediffuse="false">scale</aspectratio>
		<visible>Container.Content(genres)</visible>
	</include>
	<include name="MultiplexGenreThumb">
		<include>MultiplexMoviesThumbDimensions</include>
		<aspectratio scalediffuse="false">scale</aspectratio>
		<visible>Container.Content(genres)</visible>
	</include>
	<include name="MultiplexGenreThumbReflection">
		<include>MultiplexMoviesThumbReflectionDimensions</include>
		<colordiffuse>d0FFFFFF</colordiffuse>
		<aspectratio scalediffuse="false">stretch</aspectratio>
		<visible>Container.Content(genres)</visible>
	</include>
	
	
	
	
	
	
	
	
	
	
<!-- Movie Multiplex Variables: Thumb glass overlays -->
	<include name="MultiplexMoviesGlassOverlay">
		<include>MultiplexMoviesThumbDimensions</include>
		<bordertexture border="-24">multiplex/multiplex_border.png</bordertexture>
 		<texture>multiplex/multiplex_glass.png</texture>
	</include>
	<include name="MultiplexMoviesGlassOverlayAngled">
		<include>MultiplexMoviesThumbDimensions</include>
		<bordertexture border="-24">multiplex/multiplex_border.png</bordertexture>
		<texture>multiplex/multiplex_glass.png</texture>
	</include>
		
	<include name="MultiplexMoviesOverlay">
		<include>MultiplexMoviesThumbDimensions</include>
		<colordiffuse>4e000000</colordiffuse>
		<texture>-</texture>
		<aspectratio scalediffuse="false">scale</aspectratio>
		<animation effect="fade" end="100" time="200" condition="ControlGroup(505).HasFocus">Conditional</animation>
		<animation effect="fade" start="0" end="0" time="0">WindowOpen</animation>
	</include>




	<include name="3Dwraplist">
		<control type="group">
		<visible>!Skin.String(Movies3DWrapViewStyle,2)</visible>
		<control type="group" id="5051">
			<posy>440</posy>
			<camera x="640" y="540" />
			<visible>Control.IsVisible(74) + Container.OnNext</visible>
			<animation effect="slide" end="-70,0" time="250" reversible="false">Hidden</animation>
			<control type="group">
				<posx>180</posx>
				<visible>Container.OnNext</visible>
				<animation effect="fade" start="100" end="0" time="250" reversible="false">Hidden</animation>
				<animation effect="rotatey" center="80" start="-60" end="-60" time="0" condition="true">Conditional</animation>
				<control type="group">
					<visible>[![stringcompare(Container.NumItems,0) | stringcompare(Container.NumItems,1) | stringcompare(Container.NumItems,2) | stringcompare(Container.NumItems,3) | stringcompare(Container.NumItems,4) | stringcompare(Container.NumItems,5) | stringcompare(Container.NumItems,6) | stringcompare(Container.NumItems,7) | stringcompare(Container.NumItems,8) | stringcompare(Container.NumItems,9) | stringcompare(Container.NumItems,10) | stringcompare(Container.NumItems,11) | stringcompare(Container.NumItems,12) | stringcompare(Container.NumItems,13) | stringcompare(Container.NumItems,14) | stringcompare(Container.NumItems,15) | stringcompare(Container.NumItems,16)]]</visible>
					<control type="image">
						<include>MultiplexMoviesThumb</include>
						<info>ListItem(-8).Thumb</info>
					</control>
					<control type="image">
						<include>MultiplexGenreDefaultThumb</include>
					</control>
					<control type="image">
						<include>MultiplexGenreThumb</include>
						<texture diffuse="movieposter_mask.png">moviegenre/$INFO[ListItem(-8).Label].jpg</texture>
					</control>
					<control type="image">
						<description>Glass overlay</description>
						<include>MultiplexMoviesGlassOverlayAngled</include>
					</control>
					<control type="image">
						<include>MultiplexMoviesThumbReflection</include>
						<info>ListItem(-8).Thumb</info>
					</control>
					<control type="image">
						<include>MultiplexGenreThumbReflection</include>
						<texture flipy="true" diffuse="multiplex/multiplex_maskreflect.png">moviegenre/$INFO[ListItem(-8).Label].jpg</texture>
					</control>
					<control type="image">
						<posx>-55</posx>
						<posy>90</posy>
						<width>35</width>
						<height>35</height>
						<info>ListItem(-8).Overlay</info>
						<visible>!IsEmpty(ListItem.Overlay)</visible>
					</control>				
				</control>
			</control>
			<control type="group">
				<posx>250</posx>
				<animation effect="rotatey" center="150" start="-60" end="-60" time="0" condition="true">Conditional</animation>
				<control type="group">
					<visible> [![stringcompare(Container.NumItems,0) | stringcompare(Container.NumItems,1) | stringcompare(Container.NumItems,2) | stringcompare(Container.NumItems,3) | stringcompare(Container.NumItems,4) | stringcompare(Container.NumItems,5) | stringcompare(Container.NumItems,6) | stringcompare(Container.NumItems,7) | stringcompare(Container.NumItems,8) | stringcompare(Container.NumItems,9) | stringcompare(Container.NumItems,10) | stringcompare(Container.NumItems,11) | stringcompare(Container.NumItems,12) | stringcompare(Container.NumItems,13) | stringcompare(Container.NumItems,14)]]</visible>
					<control type="image">
						<include>MultiplexMoviesThumb</include>
						<info>ListItem(-7).Thumb</info>
					</control>
					<control type="image">
						<include>MultiplexGenreDefaultThumb</include>
					</control>
					<control type="image">
						<include>MultiplexGenreThumb</include>
						<texture diffuse="movieposter_mask.png">moviegenre/$INFO[ListItem(-7).Label].jpg</texture>
					</control>
					<control type="image">
						<description>Glass overlay</description>
						<include>MultiplexMoviesGlassOverlayAngled</include>
					</control>
					<control type="image">
						<include>MultiplexMoviesThumbReflection</include>
						<info>ListItem(-7).Thumb</info>
					</control>
					<control type="image">
						<include>MultiplexGenreThumbReflection</include>
						<texture flipy="true" diffuse="multiplex/multiplex_maskreflect.png">moviegenre/$INFO[ListItem(-7).Label].jpg</texture>
					</control>
					<control type="image">
						<posx>-55</posx>
						<posy>90</posy>
						<width>35</width>
						<height>35</height>
						<info>ListItem(-7).Overlay</info>
						<visible>!IsEmpty(ListItem.Overlay)</visible>
					</control>				
				</control>
			</control>
			<control type="group">
				<posx>320</posx>
				<animation effect="rotatey" center="220" start="-60" end="-60" time="0" condition="true">Conditional</animation>
				<control type="group">
					<visible>[![stringcompare(Container.NumItems,0) | stringcompare(Container.NumItems,1) | stringcompare(Container.NumItems,2) | stringcompare(Container.NumItems,3) | stringcompare(Container.NumItems,4) | stringcompare(Container.NumItems,5) | stringcompare(Container.NumItems,6) | stringcompare(Container.NumItems,7) | stringcompare(Container.NumItems,8) | stringcompare(Container.NumItems,9) | stringcompare(Container.NumItems,10) | stringcompare(Container.NumItems,11) | stringcompare(Container.NumItems,12)]]</visible>
					<control type="image">
						<include>MultiplexMoviesThumb</include>
						<info>ListItem(-6).Thumb</info>
					</control>
					<control type="image">
						<include>MultiplexGenreDefaultThumb</include>
					</control>
					<control type="image">
						<include>MultiplexGenreThumb</include>
						<texture diffuse="movieposter_mask.png">moviegenre/$INFO[ListItem(-6).Label].jpg</texture>
					</control>
					<control type="image">
						<description>Glass overlay</description>
						<include>MultiplexMoviesGlassOverlayAngled</include>
					</control>
					<control type="image">
						<include>MultiplexMoviesThumbReflection</include>
						<info>ListItem(-6).Thumb</info>
					</control>
					<control type="image">
						<include>MultiplexGenreThumbReflection</include>
						<texture flipy="true" diffuse="multiplex/multiplex_maskreflect.png">moviegenre/$INFO[ListItem(-6).Label].jpg</texture>
					</control>
					<control type="image">
						<posx>-55</posx>
						<posy>90</posy>
						<width>35</width>
						<height>35</height>
						<info>ListItem(-6).Overlay</info>
						<visible>!IsEmpty(ListItem.Overlay)</visible>
					</control>				
				</control>
			</control>
			<control type="group">
				<posx>390</posx>
				<animation effect="rotatey" center="290" start="-60" end="-60" time="0" condition="true">Conditional</animation>
				<control type="group">
					<visible>[![stringcompare(Container.NumItems,0) | stringcompare(Container.NumItems,1) | stringcompare(Container.NumItems,2) | stringcompare(Container.NumItems,3) | stringcompare(Container.NumItems,4) | stringcompare(Container.NumItems,5) | stringcompare(Container.NumItems,6) | stringcompare(Container.NumItems,7) | stringcompare(Container.NumItems,8) | stringcompare(Container.NumItems,9) | stringcompare(Container.NumItems,10)]]</visible>
					<control type="image">
						<include>MultiplexMoviesThumb</include>
						<info>ListItem(-5).Thumb</info>
					</control>
					<control type="image">
						<include>MultiplexGenreDefaultThumb</include>
					</control>
					<control type="image">
						<include>MultiplexGenreThumb</include>
						<texture diffuse="movieposter_mask.png">moviegenre/$INFO[ListItem(-5).Label].jpg</texture>
					</control>
					<control type="image">
						<description>Glass overlay</description>
						<include>MultiplexMoviesGlassOverlayAngled</include>
					</control>
					<control type="image">
						<include>MultiplexMoviesThumbReflection</include>
						<info>ListItem(-5).Thumb</info>
					</control>
					<control type="image">
						<include>MultiplexGenreThumbReflection</include>
						<texture flipy="true" diffuse="multiplex/multiplex_maskreflect.png">moviegenre/$INFO[ListItem(-5).Label].jpg</texture>
					</control>
					<control type="image">
						<posx>-55</posx>
						<posy>90</posy>
						<width>35</width>
						<height>35</height>
						<info>ListItem(-5).Overlay</info>
						<visible>!IsEmpty(ListItem.Overlay)</visible>
					</control>				
				</control>
			</control>
			<control type="group">
				<posx>460</posx>
				<animation effect="rotatey" center="360" start="-60" end="-60" time="0" condition="true">Conditional</animation>
				<control type="group">
					<visible>[![stringcompare(Container.NumItems,0) | stringcompare(Container.NumItems,1) | stringcompare(Container.NumItems,2) | stringcompare(Container.NumItems,3) | stringcompare(Container.NumItems,4) | stringcompare(Container.NumItems,5) | stringcompare(Container.NumItems,6) | stringcompare(Container.NumItems,7) | stringcompare(Container.NumItems,8)]]</visible>
					<control type="image">
						<include>MultiplexMoviesThumb</include>
						<info>ListItem(-4).Thumb</info>
					</control>
					<control type="image">
						<include>MultiplexGenreDefaultThumb</include>
					</control>
					<control type="image">
						<include>MultiplexGenreThumb</include>
						<texture diffuse="movieposter_mask.png">moviegenre/$INFO[ListItem(-4).Label].jpg</texture>
					</control>
					<control type="image">
						<description>Glass overlay</description>
						<include>MultiplexMoviesGlassOverlayAngled</include>
					</control>
					<control type="image">
						<include>MultiplexMoviesThumbReflection</include>
						<info>ListItem(-4).Thumb</info>
					</control>
					<control type="image">
						<include>MultiplexGenreThumbReflection</include>
						<texture flipy="true" diffuse="multiplex/multiplex_maskreflect.png">moviegenre/$INFO[ListItem(-4).Label].jpg</texture>
					</control>
					<control type="image">
						<posx>-55</posx>
						<posy>90</posy>
						<width>35</width>
						<height>35</height>
						<info>ListItem(-4).Overlay</info>
						<visible>!IsEmpty(ListItem.Overlay)</visible>
					</control>				
				</control>
			</control>
			<control type="group">
				<posx>530</posx>
				<animation effect="rotatey" center="430" start="-60" end="-60" time="0" condition="true">Conditional</animation>
				<control type="group">
					<visible>[![stringcompare(Container.NumItems,0) | stringcompare(Container.NumItems,1) | stringcompare(Container.NumItems,2) | stringcompare(Container.NumItems,3) | stringcompare(Container.NumItems,4) | stringcompare(Container.NumItems,5) | stringcompare(Container.NumItems,6)]]</visible>
					<control type="image">
						<include>MultiplexMoviesThumb</include>
						<info>ListItem(-3).Thumb</info>
					</control>
					<control type="image">
						<include>MultiplexGenreDefaultThumb</include>
					</control>
					<control type="image">
						<include>MultiplexGenreThumb</include>
						<texture diffuse="movieposter_mask.png">moviegenre/$INFO[ListItem(-3).Label].jpg</texture>
					</control>
					<control type="image">
						<description>Glass overlay</description>
						<include>MultiplexMoviesGlassOverlayAngled</include>
					</control>
					<control type="image">
						<include>MultiplexMoviesThumbReflection</include>
						<info>ListItem(-3).Thumb</info>
					</control>
					<control type="image">
						<include>MultiplexGenreThumbReflection</include>
						<texture flipy="true" diffuse="multiplex/multiplex_maskreflect.png">moviegenre/$INFO[ListItem(-3).Label].jpg</texture>
					</control>
					<control type="image">
						<posx>-55</posx>
						<posy>90</posy>
						<width>35</width>
						<height>35</height>
						<info>ListItem(-3).Overlay</info>
						<visible>!IsEmpty(ListItem.Overlay)</visible>
					</control>				
				</control>
			</control>
			<control type="group">
				<posx>600</posx>
				<animation effect="rotatey" center="500" start="-60" end="-60" time="0" condition="true">Conditional</animation>
				<control type="group">
					<visible>[![stringcompare(Container.NumItems,0) | stringcompare(Container.NumItems,1) | stringcompare(Container.NumItems,2) | stringcompare(Container.NumItems,3) | stringcompare(Container.NumItems,4)]]</visible>
					<control type="image">
						<include>MultiplexMoviesThumb</include>
						<info>ListItem(-2).Thumb</info>
					</control>
					<control type="image">
						<include>MultiplexGenreDefaultThumb</include>
					</control>
					<control type="image">
						<include>MultiplexGenreThumb</include>
						<texture diffuse="movieposter_mask.png">moviegenre/$INFO[ListItem(-2).Label].jpg</texture>
					</control>
					<control type="image">
						<description>Glass overlay</description>
						<include>MultiplexMoviesGlassOverlayAngled</include>
					</control>
					<control type="image">
						<include>MultiplexMoviesThumbReflection</include>
						<info>ListItem(-2).Thumb</info>
					</control>
					<control type="image">
						<include>MultiplexGenreThumbReflection</include>
						<texture flipy="true" diffuse="multiplex/multiplex_maskreflect.png">moviegenre/$INFO[ListItem(-2).Label].jpg</texture>
					</control>
					<control type="image">
						<posx>-55</posx>
						<posy>90</posy>
						<width>35</width>
						<height>35</height>
						<info>ListItem(-2).Overlay</info>
						<visible>!IsEmpty(ListItem.Overlay)</visible>
					</control>				
				</control>
			</control>
			
			<!-- image off screen to stop lag of fading new item -->
			<control type="group">
				<visible>[![stringcompare(Container.NumItems,0) | stringcompare(Container.NumItems,1) | stringcompare(Container.NumItems,2) | stringcompare(Container.NumItems,3) | stringcompare(Container.NumItems,4) | stringcompare(Container.NumItems,5) | stringcompare(Container.NumItems,6) | stringcompare(Container.NumItems,7) | stringcompare(Container.NumItems,8) | stringcompare(Container.NumItems,9) | stringcompare(Container.NumItems,10) | stringcompare(Container.NumItems,11) | stringcompare(Container.NumItems,12) | stringcompare(Container.NumItems,13) | stringcompare(Container.NumItems,14) | stringcompare(Container.NumItems,15) | stringcompare(Container.NumItems,16) | stringcompare(Container.NumItems,17) | stringcompare(Container.NumItems,18) | stringcompare(Container.NumItems,19)]]</visible>
				<posx>1485</posx>
					<control type="image">
						<include>MultiplexMoviesThumb</include>
						<info>ListItem(8).Thumb</info>
					</control>
					<control type="image">
						<include>MultiplexGenreDefaultThumb</include>
					</control>
			</control>

			<control type="group">
				<posx>1170</posx>
				<visible>!Container.OnNext</visible>
				<animation effect="fade" start="0" end="100" delay="0" time="250" reversible="false">Visible</animation>
				<animation effect="rotatey" center="1270" start="60" end="60" time="0" condition="true">Conditional</animation>
				<control type="group">
					<visible>[![stringcompare(Container.NumItems,0) | stringcompare(Container.NumItems,1) | stringcompare(Container.NumItems,2) | stringcompare(Container.NumItems,3) | stringcompare(Container.NumItems,4) | stringcompare(Container.NumItems,5) | stringcompare(Container.NumItems,6) | stringcompare(Container.NumItems,7) | stringcompare(Container.NumItems,8) | stringcompare(Container.NumItems,9) | stringcompare(Container.NumItems,10) | stringcompare(Container.NumItems,11) | stringcompare(Container.NumItems,12) | stringcompare(Container.NumItems,13)]]</visible>
					<control type="image">
						<include>MultiplexMoviesThumb</include>
						<info>ListItem(7).Thumb</info>
					</control>
					<control type="image">
						<include>MultiplexGenreDefaultThumb</include>
					</control>
					<control type="image">
						<include>MultiplexGenreThumb</include>
						<texture diffuse="movieposter_mask.png">moviegenre/$INFO[ListItem(7).Label].jpg</texture>
					</control>
					<control type="image">
						<description>Glass overlay</description>
						<include>MultiplexMoviesGlassOverlayAngled</include>
					</control>
					<control type="image">
						<include>MultiplexMoviesThumbReflection</include>
						<info>ListItem(7).Thumb</info>
					</control>
					<control type="image">
						<include>MultiplexGenreThumbReflection</include>
						<texture flipy="true" diffuse="multiplex/multiplex_maskreflect.png">moviegenre/$INFO[ListItem(7).Label].jpg</texture>
					</control>
					<control type="image">
						<posx>25</posx>
						<posy>90</posy>
						<width>35</width>
						<height>35</height>
						<info>ListItem(7).Overlay</info>
						<visible>!IsEmpty(ListItem.Overlay)</visible>
					</control>				
				</control>
			</control>
			<control type="group">
				<posx>1100</posx>
				<animation effect="rotatey" center="1200" start="60" end="60" time="0" condition="true">Conditional</animation>
				<control type="group">
					<visible>[![stringcompare(Container.NumItems,0) | stringcompare(Container.NumItems,1) | stringcompare(Container.NumItems,2) | stringcompare(Container.NumItems,3) | stringcompare(Container.NumItems,4) | stringcompare(Container.NumItems,5) | stringcompare(Container.NumItems,6) | stringcompare(Container.NumItems,7) | stringcompare(Container.NumItems,8) | stringcompare(Container.NumItems,9) | stringcompare(Container.NumItems,10) | stringcompare(Container.NumItems,11)]]</visible>
					<control type="image">
						<include>MultiplexMoviesThumb</include>
						<info>ListItem(6).Thumb</info>
					</control>
					<control type="image">
						<include>MultiplexGenreDefaultThumb</include>
					</control>
					<control type="image">
						<include>MultiplexGenreThumb</include>
						<texture diffuse="movieposter_mask.png">moviegenre/$INFO[ListItem(6).Label].jpg</texture>
					</control>
					<control type="image">
						<description>Glass overlay</description>
						<include>MultiplexMoviesGlassOverlayAngled</include>
					</control>
					<control type="image">
						<include>MultiplexMoviesThumbReflection</include>
						<info>ListItem(6).Thumb</info>
					</control>
					<control type="image">
						<include>MultiplexGenreThumbReflection</include>
						<texture flipy="true" diffuse="multiplex/multiplex_maskreflect.png">moviegenre/$INFO[ListItem(6).Label].jpg</texture>
					</control>
					<control type="image">
						<posx>25</posx>
						<posy>90</posy>
						<width>35</width>
						<height>35</height>
						<info>ListItem(6).Overlay</info>
						<visible>!IsEmpty(ListItem.Overlay)</visible>
					</control>				
				</control>
			</control>
			<control type="group">
				<posx>1030</posx>
				<animation effect="rotatey" center="1130" start="60" end="60" time="0" condition="true">Conditional</animation>
				<control type="group">
					<visible>[![stringcompare(Container.NumItems,0) | stringcompare(Container.NumItems,1) | stringcompare(Container.NumItems,2) | stringcompare(Container.NumItems,3) | stringcompare(Container.NumItems,4) | stringcompare(Container.NumItems,5) | stringcompare(Container.NumItems,6) | stringcompare(Container.NumItems,7) | stringcompare(Container.NumItems,8) | stringcompare(Container.NumItems,9)]]</visible>
					<control type="image">
						<include>MultiplexMoviesThumb</include>
						<info>ListItem(5).Thumb</info>
					</control>
					<control type="image">
						<include>MultiplexGenreDefaultThumb</include>
					</control>
					<control type="image">
						<include>MultiplexGenreThumb</include>
						<texture diffuse="movieposter_mask.png">moviegenre/$INFO[ListItem(5).Label].jpg</texture>
					</control>
					<control type="image">
						<description>Glass overlay</description>
						<include>MultiplexMoviesGlassOverlayAngled</include>
					</control>
					<control type="image">
						<include>MultiplexMoviesThumbReflection</include>
						<info>ListItem(5).Thumb</info>
					</control>
					<control type="image">
						<include>MultiplexGenreThumbReflection</include>
						<texture flipy="true" diffuse="multiplex/multiplex_maskreflect.png">moviegenre/$INFO[ListItem(5).Label].jpg</texture>
					</control>
					<control type="image">
						<posx>25</posx>
						<posy>90</posy>
						<width>35</width>
						<height>35</height>
						<info>ListItem(5).Overlay</info>
						<visible>!IsEmpty(ListItem.Overlay)</visible>
					</control>				
				</control>
			</control>
			<control type="group">
				<posx>960</posx>
				<animation effect="rotatey" center="1060" start="60" end="60" time="0" condition="true">Conditional</animation>
				<control type="group">
					<visible>[![stringcompare(Container.NumItems,0) | stringcompare(Container.NumItems,1) | stringcompare(Container.NumItems,2) | stringcompare(Container.NumItems,3) | stringcompare(Container.NumItems,4) | stringcompare(Container.NumItems,5) | stringcompare(Container.NumItems,6) | stringcompare(Container.NumItems,7)]]</visible>
					<control type="image">
						<include>MultiplexMoviesThumb</include>
						<info>ListItem(4).Thumb</info>
					</control>
					<control type="image">
						<include>MultiplexGenreDefaultThumb</include>
					</control>
					<control type="image">
						<include>MultiplexGenreThumb</include>
						<texture diffuse="movieposter_mask.png">moviegenre/$INFO[ListItem(4).Label].jpg</texture>
					</control>
					<control type="image">
						<description>Glass overlay</description>
						<include>MultiplexMoviesGlassOverlayAngled</include>
					</control>
					<control type="image">
						<include>MultiplexMoviesThumbReflection</include>
						<info>ListItem(4).Thumb</info>
					</control>
					<control type="image">
						<include>MultiplexGenreThumbReflection</include>
						<texture flipy="true" diffuse="multiplex/multiplex_maskreflect.png">moviegenre/$INFO[ListItem(4).Label].jpg</texture>
					</control>
					<control type="image">
						<posx>25</posx>
						<posy>90</posy>
						<width>35</width>
						<height>35</height>
						<info>ListItem(4).Overlay</info>
						<visible>!IsEmpty(ListItem.Overlay)</visible>
					</control>				
				</control>
			</control>
			<control type="group">
				<posx>890</posx>
				<animation effect="rotatey" center="990" start="60" end="60" time="0" condition="true">Conditional</animation>
				<control type="group">
					<visible>[![stringcompare(Container.NumItems,0) | stringcompare(Container.NumItems,1) | stringcompare(Container.NumItems,2) | stringcompare(Container.NumItems,3) | stringcompare(Container.NumItems,4) | stringcompare(Container.NumItems,5)]]</visible>
					<control type="image">
						<include>MultiplexMoviesThumb</include>
						<info>ListItem(3).Thumb</info>
					</control>
					<control type="image">
						<include>MultiplexGenreDefaultThumb</include>
					</control>
					<control type="image">
						<include>MultiplexGenreThumb</include>
						<texture diffuse="movieposter_mask.png">moviegenre/$INFO[ListItem(3).Label].jpg</texture>
					</control>
					<control type="image">
						<description>Glass overlay</description>
						<include>MultiplexMoviesGlassOverlayAngled</include>
					</control>
					<control type="image">
						<include>MultiplexMoviesThumbReflection</include>
						<info>ListItem(3).Thumb</info>
					</control>
					<control type="image">
						<include>MultiplexGenreThumbReflection</include>
						<texture flipy="true" diffuse="multiplex/multiplex_maskreflect.png">moviegenre/$INFO[ListItem(3).Label].jpg</texture>
					</control>
					<control type="image">
						<posx>25</posx>
						<posy>90</posy>
						<width>35</width>
						<height>35</height>
						<info>ListItem(3).Overlay</info>
						<visible>!IsEmpty(ListItem.Overlay)</visible>
					</control>				
				</control>
			</control>
			<control type="group">
				<posx>820</posx>
				<animation effect="rotatey" center="920" start="60" end="60" time="0" condition="true">Conditional</animation>
				<control type="group">
					<visible>[![stringcompare(Container.NumItems,0) | stringcompare(Container.NumItems,1) | stringcompare(Container.NumItems,2) | stringcompare(Container.NumItems,3)]]</visible>
					<control type="image">
						<include>MultiplexMoviesThumb</include>
						<info>ListItem(2).Thumb</info>
					</control>
					<control type="image">
						<include>MultiplexGenreDefaultThumb</include>
					</control>
					<control type="image">
						<include>MultiplexGenreThumb</include>
						<texture diffuse="movieposter_mask.png">moviegenre/$INFO[ListItem(2).Label].jpg</texture>
					</control>
					<control type="image">
						<description>Glass overlay</description>
						<include>MultiplexMoviesGlassOverlayAngled</include>
					</control>
					<control type="image">
						<include>MultiplexMoviesThumbReflection</include>
						<info>ListItem(2).Thumb</info>
					</control>
					<control type="image">
						<include>MultiplexGenreThumbReflection</include>
						<texture flipy="true" diffuse="multiplex/multiplex_maskreflect.png">moviegenre/$INFO[ListItem(2).Label].jpg</texture>
					</control>
					<control type="image">
						<posx>25</posx>
						<posy>90</posy>
						<width>35</width>
						<height>35</height>
						<info>ListItem(2).Overlay</info>
						<visible>!IsEmpty(ListItem.Overlay)</visible>
					</control>				
				</control>
			</control>
			<control type="group">
				<posx>750</posx>
				<animation effect="rotatey" center="850" start="60" end="60" time="0" condition="true">Conditional</animation>
				<control type="group">
					<visible>[![stringcompare(Container.NumItems,0) | stringcompare(Container.NumItems,1)]]</visible>
					<control type="image">
						<include>MultiplexMoviesThumb</include>
						<info>ListItem(1).Thumb</info>
					</control>
					<control type="image">
						<include>MultiplexGenreDefaultThumb</include>
					</control>
					<control type="image">
						<include>MultiplexGenreThumb</include>
						<texture diffuse="movieposter_mask.png">moviegenre/$INFO[ListItem(1).Label].jpg</texture>
					</control>
					<control type="image">
						<description>Glass overlay</description>
						<include>MultiplexMoviesGlassOverlayAngled</include>
					</control>
					<control type="image">
						<include>MultiplexMoviesThumbReflection</include>
						<info>ListItem(1).Thumb</info>
					</control>
					<control type="image">
						<include>MultiplexGenreThumbReflection</include>
						<texture flipy="true" diffuse="multiplex/multiplex_maskreflect.png">moviegenre/$INFO[ListItem(1).Label].jpg</texture>
					</control>
					<control type="image">
						<posx>25</posx>
						<posy>90</posy>
						<width>35</width>
						<height>35</height>
						<info>ListItem(1).Overlay</info>
						<visible>!IsEmpty(ListItem.Overlay)</visible>
					</control>				
				</control>
			</control>
			
			<control type="group">
				<visible>Container.OnNext</visible>
				<animation effect="slide" end="30,0" time="250" reversible="false">Hidden</animation>
				<control type="group">
					<posx>680</posx>
					<visible>Container.OnNext</visible>
					<animation effect="rotatey" center="780" start="0" end="-60" time="250" reversible="false" tween="quadratic" easing="in">Hidden</animation>
					<animation effect="rotatey" center="780" start="60" end="60" time="0" condition="true">Conditional</animation>
					<control type="group">
						<control type="image">
					
							<include>MultiplexMoviesThumb</include>
							<info>ListItem(0).Thumb</info>
						</control>
						<control type="image">
							<include>MultiplexGenreDefaultThumb</include>
						</control>
						<control type="image">
							<include>MultiplexGenreThumb</include>
							<texture diffuse="movieposter_mask.png">moviegenre/$INFO[ListItem(0).Label].jpg</texture>
						</control>
						<control type="image">
							<description>Glass overlay</description>
							<include>MultiplexMoviesGlassOverlayAngled</include>
						</control>
						<control type="image">
							<include>MultiplexMoviesThumbReflection</include>
							<info>ListItem(0).Thumb</info>
						</control>
						<control type="image">
							<include>MultiplexGenreThumbReflection</include>
							<texture flipy="true" diffuse="multiplex/multiplex_maskreflect.png">moviegenre/$INFO[ListItem(0).Label].jpg</texture>
						</control>
						<control type="image">
							<posx>25</posx>
							<posy>90</posy>
							<width>35</width>
							<height>35</height>
							<info>ListItem(0).Overlay</info>
							<visible>!IsEmpty(ListItem.Overlay)</visible>
						</control>				
					</control>
				</control>
				<control type="group">
					<posx>640</posx>
					<visible>Container.OnNext</visible>
					<animation effect="rotatey" center="540" start="0" end="-60" time="250" reversible="false" tween="quadratic" easing="out">Hidden</animation>
					<control type="group">
						<visible>[![stringcompare(Container.NumItems,0) | stringcompare(Container.NumItems,1) | stringcompare(Container.NumItems,2)]]</visible>
						<control type="image">
							<include>MultiplexMoviesThumb</include>
							<info>ListItem(-1).Thumb</info>
						</control>
						<control type="image">
							<include>MultiplexGenreDefaultThumb</include>
						</control>
						<control type="image">
							<include>MultiplexGenreThumb</include>
							<texture diffuse="movieposter_mask.png">moviegenre/$INFO[ListItem(-1).Label].jpg</texture>
						</control>
						<control type="image">
							<description>Glass overlay</description>
							<include>MultiplexMoviesGlassOverlayAngled</include>
						</control>
						<control type="image">
							<include>MultiplexMoviesThumbReflection</include>
							<info>ListItem(-1).Thumb</info>
						</control>
						<control type="image">
							<include>MultiplexGenreThumbReflection</include>
							<texture flipy="true" diffuse="multiplex/multiplex_maskreflect.png">moviegenre/$INFO[ListItem(-1).Label].jpg</texture>
						</control>
						<control type="image">
							<posx>-55</posx>
							<posy>90</posy>
							<width>35</width>
							<height>35</height>
							<info>ListItem(-1).Overlay</info>
							<visible>!IsEmpty(ListItem.Overlay)</visible>
						</control>				
					</control>
				</control>
			</control>
		</control> 
		
		<control type="group" id="5052">
			<posy>440</posy>
			<camera x="640" y="540" />
			<visible>Control.IsVisible(74) + Container.OnPrevious</visible>
			<animation effect="slide" end="70,0" time="250" reversible="false">Hidden</animation>
			<control type="group">
				<posx>1100</posx>
				<visible>Container.OnPrevious</visible>
				<animation effect="fade" start="100" end="0" time="250" reversible="false">Hidden</animation>
				<animation effect="rotatey" center="1200" start="60" end="60" time="0" condition="true">Conditional</animation>
				<control type="group">
					<visible>[![stringcompare(Container.NumItems,0) | stringcompare(Container.NumItems,1) | stringcompare(Container.NumItems,2) | stringcompare(Container.NumItems,3) | stringcompare(Container.NumItems,4) | stringcompare(Container.NumItems,5) | stringcompare(Container.NumItems,6) | stringcompare(Container.NumItems,7) | stringcompare(Container.NumItems,8) | stringcompare(Container.NumItems,9) | stringcompare(Container.NumItems,10) | stringcompare(Container.NumItems,11) | stringcompare(Container.NumItems,12) | stringcompare(Container.NumItems,13) | stringcompare(Container.NumItems,14) | stringcompare(Container.NumItems,15)]]</visible>
					<control type="image">
						<include>MultiplexMoviesThumb</include>
						<info>ListItem(8).Thumb</info>
					</control>
					<control type="image">
						<include>MultiplexGenreDefaultThumb</include>
					</control>
					<control type="image">
						<include>MultiplexGenreThumb</include>
						<texture diffuse="movieposter_mask.png">moviegenre/$INFO[ListItem(8).Label].jpg</texture>
					</control>
					<control type="image">
						<description>Glass overlay</description>
						<include>MultiplexMoviesGlassOverlayAngled</include>
					</control>
					<control type="image">
						<include>MultiplexMoviesThumbReflection</include>
						<info>ListItem(8).Thumb</info>
					</control>
					<control type="image">
						<include>MultiplexGenreThumbReflection</include>
						<texture flipy="true" diffuse="multiplex/multiplex_maskreflect.png">moviegenre/$INFO[ListItem(8).Label].jpg</texture>
					</control>
					<control type="image">
						<posx>25</posx>
						<posy>90</posy>
						<width>35</width>
						<height>35</height>
						<info>ListItem(8).Overlay</info>
						<visible>!IsEmpty(ListItem.Overlay)</visible>
					</control>				
				</control>
			</control>
			<control type="group">
				<posx>1030</posx>
				<animation effect="rotatey" center="1130" start="60" end="60" time="0" condition="true">Conditional</animation>
				<control type="group">
					<visible>[![stringcompare(Container.NumItems,0) | stringcompare(Container.NumItems,1) | stringcompare(Container.NumItems,2) | stringcompare(Container.NumItems,3) | stringcompare(Container.NumItems,4) | stringcompare(Container.NumItems,5) | stringcompare(Container.NumItems,6) | stringcompare(Container.NumItems,7) | stringcompare(Container.NumItems,8) | stringcompare(Container.NumItems,9) | stringcompare(Container.NumItems,10) | stringcompare(Container.NumItems,11) | stringcompare(Container.NumItems,12) | stringcompare(Container.NumItems,13)]]</visible>
					<control type="image">
						<include>MultiplexMoviesThumb</include>
						<info>ListItem(7).Thumb</info>
					</control>
					<control type="image">
						<include>MultiplexGenreDefaultThumb</include>
					</control>
					<control type="image">
						<include>MultiplexGenreThumb</include>
						<texture diffuse="movieposter_mask.png">moviegenre/$INFO[ListItem(7).Label].jpg</texture>
					</control>
					<control type="image">
						<description>Glass overlay</description>
						<include>MultiplexMoviesGlassOverlayAngled</include>
					</control>
					<control type="image">
						<include>MultiplexMoviesThumbReflection</include>
						<info>ListItem(7).Thumb</info>
					</control>
					<control type="image">
						<include>MultiplexGenreThumbReflection</include>
						<texture flipy="true" diffuse="multiplex/multiplex_maskreflect.png">moviegenre/$INFO[ListItem(7).Label].jpg</texture>
					</control>
					<control type="image">
						<posx>25</posx>
						<posy>90</posy>
						<width>35</width>
						<height>35</height>
						<info>ListItem(7).Overlay</info>
						<visible>!IsEmpty(ListItem.Overlay)</visible>
					</control>				
				</control>
			</control>
			<control type="group">
				<posx>960</posx>
				<animation effect="rotatey" center="1060" start="60" end="60" time="0" condition="true">Conditional</animation>
				<control type="group">
					<visible>[![stringcompare(Container.NumItems,0) | stringcompare(Container.NumItems,1) | stringcompare(Container.NumItems,2) | stringcompare(Container.NumItems,3) | stringcompare(Container.NumItems,4) | stringcompare(Container.NumItems,5) | stringcompare(Container.NumItems,6) | stringcompare(Container.NumItems,7) | stringcompare(Container.NumItems,8) | stringcompare(Container.NumItems,9) | stringcompare(Container.NumItems,10) | stringcompare(Container.NumItems,11)]]</visible>
					<control type="image">
						<include>MultiplexMoviesThumb</include>
						<info>ListItem(6).Thumb</info>
					</control>
					<control type="image">
						<include>MultiplexGenreDefaultThumb</include>
					</control>
					<control type="image">
						<include>MultiplexGenreThumb</include>
						<texture diffuse="movieposter_mask.png">moviegenre/$INFO[ListItem(6).Label].jpg</texture>
					</control>
					<control type="image">
						<description>Glass overlay</description>
						<include>MultiplexMoviesGlassOverlayAngled</include>
					</control>
					<control type="image">
						<include>MultiplexMoviesThumbReflection</include>
						<info>ListItem(6).Thumb</info>
					</control>
					<control type="image">
						<include>MultiplexGenreThumbReflection</include>
						<texture flipy="true" diffuse="multiplex/multiplex_maskreflect.png">moviegenre/$INFO[ListItem(6).Label].jpg</texture>
					</control>
					<control type="image">
						<posx>25</posx>
						<posy>90</posy>
						<width>35</width>
						<height>35</height>
						<info>ListItem(6).Overlay</info>
						<visible>!IsEmpty(ListItem.Overlay)</visible>
					</control>				
				</control>
			</control>
			<control type="group">
				<posx>890</posx>
				<animation effect="rotatey" center="990" start="60" end="60" time="0" condition="true">Conditional</animation>
				<control type="group">
					<visible>[![stringcompare(Container.NumItems,0) | stringcompare(Container.NumItems,1) | stringcompare(Container.NumItems,2) | stringcompare(Container.NumItems,3) | stringcompare(Container.NumItems,4) | stringcompare(Container.NumItems,5) | stringcompare(Container.NumItems,6) | stringcompare(Container.NumItems,7) | stringcompare(Container.NumItems,8) | stringcompare(Container.NumItems,9)]]</visible>
					<control type="image">
						<include>MultiplexMoviesThumb</include>
						<info>ListItem(5).Thumb</info>
					</control>
					<control type="image">
						<include>MultiplexGenreDefaultThumb</include>
					</control>
					<control type="image">
						<include>MultiplexGenreThumb</include>
						<texture diffuse="movieposter_mask.png">moviegenre/$INFO[ListItem(5).Label].jpg</texture>
					</control>
					<control type="image">
						<description>Glass overlay</description>
						<include>MultiplexMoviesGlassOverlayAngled</include>
					</control>
					<control type="image">
						<include>MultiplexMoviesThumbReflection</include>
						<info>ListItem(5).Thumb</info>
					</control>
					<control type="image">
						<include>MultiplexGenreThumbReflection</include>
						<texture flipy="true" diffuse="multiplex/multiplex_maskreflect.png">moviegenre/$INFO[ListItem(5).Label].jpg</texture>
					</control>
					<control type="image">
						<posx>25</posx>
						<posy>90</posy>
						<width>35</width>
						<height>35</height>
						<info>ListItem(5).Overlay</info>
						<visible>!IsEmpty(ListItem.Overlay)</visible>
					</control>				
				</control>
			</control>
			<control type="group">
				<posx>820</posx>
				<animation effect="rotatey" center="920" start="60" end="60" time="0" condition="true">Conditional</animation>
				<control type="group">
					<visible>[![stringcompare(Container.NumItems,0) | stringcompare(Container.NumItems,1) | stringcompare(Container.NumItems,2) | stringcompare(Container.NumItems,3) | stringcompare(Container.NumItems,4) | stringcompare(Container.NumItems,5) | stringcompare(Container.NumItems,6) | stringcompare(Container.NumItems,7)]]</visible>
					<control type="image">
						<include>MultiplexMoviesThumb</include>
						<info>ListItem(4).Thumb</info>
					</control>
					<control type="image">
						<include>MultiplexGenreDefaultThumb</include>
					</control>
					<control type="image">
						<include>MultiplexGenreThumb</include>
						<texture diffuse="movieposter_mask.png">moviegenre/$INFO[ListItem(4).Label].jpg</texture>
					</control>
					<control type="image">
						<description>Glass overlay</description>
						<include>MultiplexMoviesGlassOverlayAngled</include>
					</control>
					<control type="image">
						<include>MultiplexMoviesThumbReflection</include>
						<info>ListItem(4).Thumb</info>
					</control>
					<control type="image">
						<include>MultiplexGenreThumbReflection</include>
						<texture flipy="true" diffuse="multiplex/multiplex_maskreflect.png">moviegenre/$INFO[ListItem(4).Label].jpg</texture>
					</control>
					<control type="image">
						<posx>25</posx>
						<posy>90</posy>
						<width>35</width>
						<height>35</height>
						<info>ListItem(4).Overlay</info>
						<visible>!IsEmpty(ListItem.Overlay)</visible>
					</control>				
				</control>
			</control>
			<control type="group">
				<posx>750</posx>
				<animation effect="rotatey" center="850" start="60" end="60" time="0" condition="true">Conditional</animation>
				<control type="group">
					<visible>[![stringcompare(Container.NumItems,0) | stringcompare(Container.NumItems,1) | stringcompare(Container.NumItems,2) | stringcompare(Container.NumItems,3) | stringcompare(Container.NumItems,4) | stringcompare(Container.NumItems,5)]]</visible>
					<control type="image">
						<include>MultiplexMoviesThumb</include>
						<info>ListItem(3).Thumb</info>
					</control>
					<control type="image">
						<include>MultiplexGenreDefaultThumb</include>
					</control>
					<control type="image">
						<include>MultiplexGenreThumb</include>
						<texture diffuse="movieposter_mask.png">moviegenre/$INFO[ListItem(3).Label].jpg</texture>
					</control>
					<control type="image">
						<description>Glass overlay</description>
						<include>MultiplexMoviesGlassOverlayAngled</include>
					</control>
					<control type="image">
						<include>MultiplexMoviesThumbReflection</include>
						<info>ListItem(3).Thumb</info>
					</control>
					<control type="image">
						<include>MultiplexGenreThumbReflection</include>
						<texture flipy="true" diffuse="multiplex/multiplex_maskreflect.png">moviegenre/$INFO[ListItem(3).Label].jpg</texture>
					</control>
					<control type="image">
						<posx>25</posx>
						<posy>90</posy>
						<width>35</width>
						<height>35</height>
						<info>ListItem(3).Overlay</info>
						<visible>!IsEmpty(ListItem.Overlay)</visible>
					</control>				
				</control>
			</control>
			<control type="group">
				<posx>680</posx>
				<animation effect="rotatey" center="780" start="60" end="60" time="0" condition="true">Conditional</animation>
				<control type="group">
					<visible>[![stringcompare(Container.NumItems,0) | stringcompare(Container.NumItems,1) | stringcompare(Container.NumItems,2) | stringcompare(Container.NumItems,3)]]</visible>
					<control type="image">
						<include>MultiplexMoviesThumb</include>
						<info>ListItem(2).Thumb</info>
					</control>
					<control type="image">
						<include>MultiplexGenreDefaultThumb</include>
					</control>
					<control type="image">
						<include>MultiplexGenreThumb</include>
						<texture diffuse="movieposter_mask.png">moviegenre/$INFO[ListItem(2).Label].jpg</texture>
					</control>
					<control type="image">
						<description>Glass overlay</description>
						<include>MultiplexMoviesGlassOverlayAngled</include>
					</control>
					<control type="image">
						<include>MultiplexMoviesThumbReflection</include>
						<info>ListItem(2).Thumb</info>
					</control>
					<control type="image">
						<include>MultiplexGenreThumbReflection</include>
						<texture flipy="true" diffuse="multiplex/multiplex_maskreflect.png">moviegenre/$INFO[ListItem(2).Label].jpg</texture>
					</control>
					<control type="image">
						<posx>25</posx>
						<posy>90</posy>
						<width>35</width>
						<height>35</height>
						<info>ListItem(2).Overlay</info>
						<visible>!IsEmpty(ListItem.Overlay)</visible>
					</control>				
				</control>
			</control>
			
			<!-- image off screen to stop lag of fading new item -->
			<control type="group">
				<posx>-600</posx>
				<visible>[![stringcompare(Container.NumItems,0) | stringcompare(Container.NumItems,1) | stringcompare(Container.NumItems,2) | stringcompare(Container.NumItems,3) | stringcompare(Container.NumItems,4) | stringcompare(Container.NumItems,5) | stringcompare(Container.NumItems,6) | stringcompare(Container.NumItems,7) | stringcompare(Container.NumItems,8) | stringcompare(Container.NumItems,9) | stringcompare(Container.NumItems,10) | stringcompare(Container.NumItems,11) | stringcompare(Container.NumItems,12) | stringcompare(Container.NumItems,13) | stringcompare(Container.NumItems,14) | stringcompare(Container.NumItems,15) | stringcompare(Container.NumItems,16) | stringcompare(Container.NumItems,17) | stringcompare(Container.NumItems,18) | stringcompare(Container.NumItems,19) | stringcompare(Container.NumItems,20)]]</visible>
					<control type="image">
						<include>MultiplexMoviesThumb</include>
						<info>ListItem(-8).Thumb</info>
					</control>
					<control type="image">
						<include>MultiplexGenreDefaultThumb</include>
					</control>
			</control>

			
			<control type="group">
				<posx>110</posx>
				<visible>!Container.OnPrevious</visible>
				<animation effect="fade" start="0" end="100" time="200" reversible="false">Visible</animation>
				<animation effect="rotatey" center="10" start="-60" end="-60" time="0" condition="true">Conditional</animation>
				<control type="group">
					<visible>[![stringcompare(Container.NumItems,0) | stringcompare(Container.NumItems,1) | stringcompare(Container.NumItems,2) | stringcompare(Container.NumItems,3) | stringcompare(Container.NumItems,4) | stringcompare(Container.NumItems,5) | stringcompare(Container.NumItems,6) | stringcompare(Container.NumItems,7) | stringcompare(Container.NumItems,8) | stringcompare(Container.NumItems,9) | stringcompare(Container.NumItems,10) | stringcompare(Container.NumItems,11) | stringcompare(Container.NumItems,12) | stringcompare(Container.NumItems,13) | stringcompare(Container.NumItems,14)]]</visible>
					<control type="image">
						<include>MultiplexMoviesThumb</include>
						<info>ListItem(-7).Thumb</info>
					</control>
					<control type="image">
						<include>MultiplexGenreDefaultThumb</include>
					</control>
					<control type="image">
						<include>MultiplexGenreThumb</include>
						<texture diffuse="movieposter_mask.png">moviegenre/$INFO[ListItem(-7).Label].jpg</texture>
					</control>
					<control type="image">
						<description>Glass overlay</description>
						<include>MultiplexMoviesGlassOverlayAngled</include>
					</control>
					<control type="image">
						<include>MultiplexMoviesThumbReflection</include>
						<info>ListItem(-7).Thumb</info>
					</control>
					<control type="image">
						<include>MultiplexGenreThumbReflection</include>
						<texture flipy="true" diffuse="multiplex/multiplex_maskreflect.png">moviegenre/$INFO[ListItem(-7).Label].jpg</texture>
					</control>
					<control type="image">
						<posx>-55</posx>
						<posy>90</posy>
						<width>35</width>
						<height>35</height>
						<info>ListItem(-7).Overlay</info>
						<visible>!IsEmpty(ListItem.Overlay)</visible>
					</control>				
				</control>
			</control>
			<control type="group">
				<posx>180</posx>
				<animation effect="rotatey" center="80" start="-60" end="-60" time="0" condition="true">Conditional</animation>
				<control type="group">
					<visible>[![stringcompare(Container.NumItems,0) | stringcompare(Container.NumItems,1) | stringcompare(Container.NumItems,2) | stringcompare(Container.NumItems,3) | stringcompare(Container.NumItems,4) | stringcompare(Container.NumItems,5) | stringcompare(Container.NumItems,6) | stringcompare(Container.NumItems,7) | stringcompare(Container.NumItems,8) | stringcompare(Container.NumItems,9) | stringcompare(Container.NumItems,10) | stringcompare(Container.NumItems,11) | stringcompare(Container.NumItems,12)]]</visible>
					<control type="image">
						<include>MultiplexMoviesThumb</include>
						<info>ListItem(-6).Thumb</info>
					</control>
					<control type="image">
						<include>MultiplexGenreDefaultThumb</include>
					</control>
					<control type="image">
						<include>MultiplexGenreThumb</include>
						<texture diffuse="movieposter_mask.png">moviegenre/$INFO[ListItem(-6).Label].jpg</texture>
					</control>
					<control type="image">
						<description>Glass overlay</description>
						<include>MultiplexMoviesGlassOverlayAngled</include>
					</control>
					<control type="image">
						<include>MultiplexMoviesThumbReflection</include>
						<info>ListItem(-6).Thumb</info>
					</control>
					<control type="image">
						<include>MultiplexGenreThumbReflection</include>
						<texture flipy="true" diffuse="multiplex/multiplex_maskreflect.png">moviegenre/$INFO[ListItem(-6).Label].jpg</texture>
					</control>
					<control type="image">
						<posx>-55</posx>
						<posy>90</posy>
						<width>35</width>
						<height>35</height>
						<info>ListItem(-6).Overlay</info>
						<visible>!IsEmpty(ListItem.Overlay)</visible>
					</control>				
				</control>
			</control>
			<control type="group">
				<posx>250</posx>
				<animation effect="rotatey" center="150" start="-60" end="-60" time="0" condition="true">Conditional</animation>
				<control type="group">
					<visible>[![stringcompare(Container.NumItems,0) | stringcompare(Container.NumItems,1) | stringcompare(Container.NumItems,2) | stringcompare(Container.NumItems,3) | stringcompare(Container.NumItems,4) | stringcompare(Container.NumItems,5) | stringcompare(Container.NumItems,6) | stringcompare(Container.NumItems,7) | stringcompare(Container.NumItems,8) | stringcompare(Container.NumItems,9) | stringcompare(Container.NumItems,10)]]</visible>
					<control type="image">
						<include>MultiplexMoviesThumb</include>
						<info>ListItem(-5).Thumb</info>
					</control>
					<control type="image">
						<include>MultiplexGenreDefaultThumb</include>
					</control>
					<control type="image">
						<include>MultiplexGenreThumb</include>
						<texture diffuse="movieposter_mask.png">moviegenre/$INFO[ListItem(-5).Label].jpg</texture>
					</control>
					<control type="image">
						<description>Glass overlay</description>
						<include>MultiplexMoviesGlassOverlayAngled</include>
					</control>
					<control type="image">
						<include>MultiplexMoviesThumbReflection</include>
						<info>ListItem(-5).Thumb</info>
					</control>
					<control type="image">
						<include>MultiplexGenreThumbReflection</include>
						<texture flipy="true" diffuse="multiplex/multiplex_maskreflect.png">moviegenre/$INFO[ListItem(-5).Label].jpg</texture>
					</control>
					<control type="image">
						<posx>-55</posx>
						<posy>90</posy>
						<width>35</width>
						<height>35</height>
						<info>ListItem(-5).Overlay</info>
						<visible>!IsEmpty(ListItem.Overlay)</visible>
					</control>				
				</control>
			</control>
			<control type="group">
				<posx>320</posx>
				<animation effect="rotatey" center="220" start="-60" end="-60" time="0" condition="true">Conditional</animation>
				<control type="group">
					<visible>[![stringcompare(Container.NumItems,0) | stringcompare(Container.NumItems,1) | stringcompare(Container.NumItems,2) | stringcompare(Container.NumItems,3) | stringcompare(Container.NumItems,4) | stringcompare(Container.NumItems,5) | stringcompare(Container.NumItems,6) | stringcompare(Container.NumItems,7) | stringcompare(Container.NumItems,8)]]</visible>
					<control type="image">
						<include>MultiplexMoviesThumb</include>
						<info>ListItem(-4).Thumb</info>
					</control>
					<control type="image">
						<include>MultiplexGenreDefaultThumb</include>
					</control>
					<control type="image">
						<include>MultiplexGenreThumb</include>
						<texture diffuse="movieposter_mask.png">moviegenre/$INFO[ListItem(-4).Label].jpg</texture>
					</control>
					<control type="image">
						<description>Glass overlay</description>
						<include>MultiplexMoviesGlassOverlayAngled</include>
					</control>
					<control type="image">
						<include>MultiplexMoviesThumbReflection</include>
						<info>ListItem(-4).Thumb</info>
					</control>
					<control type="image">
						<include>MultiplexGenreThumbReflection</include>
						<texture flipy="true" diffuse="multiplex/multiplex_maskreflect.png">moviegenre/$INFO[ListItem(-4).Label].jpg</texture>
					</control>
					<control type="image">
						<posx>-55</posx>
						<posy>90</posy>
						<width>35</width>
						<height>35</height>
						<info>ListItem(-4).Overlay</info>
						<visible>!IsEmpty(ListItem.Overlay)</visible>
					</control>				
				</control>
			</control>
			<control type="group">
				<posx>390</posx>
				<animation effect="rotatey" center="290" start="-60" end="-60" time="0" condition="true">Conditional</animation>
				<control type="group">
					<visible>[![stringcompare(Container.NumItems,0) | stringcompare(Container.NumItems,1) | stringcompare(Container.NumItems,2) | stringcompare(Container.NumItems,3) | stringcompare(Container.NumItems,4) | stringcompare(Container.NumItems,5) | stringcompare(Container.NumItems,6)]]</visible>
					<control type="image">
						<include>MultiplexMoviesThumb</include>
						<info>ListItem(-3).Thumb</info>
					</control>
					<control type="image">
						<include>MultiplexGenreDefaultThumb</include>
					</control>
					<control type="image">
						<include>MultiplexGenreThumb</include>
						<texture diffuse="movieposter_mask.png">moviegenre/$INFO[ListItem(-3).Label].jpg</texture>
					</control>
					<control type="image">
						<description>Glass overlay</description>
						<include>MultiplexMoviesGlassOverlayAngled</include>
					</control>
					<control type="image">
						<include>MultiplexMoviesThumbReflection</include>
						<info>ListItem(-3).Thumb</info>
					</control>
					<control type="image">
						<include>MultiplexGenreThumbReflection</include>
						<texture flipy="true" diffuse="multiplex/multiplex_maskreflect.png">moviegenre/$INFO[ListItem(-3).Label].jpg</texture>
					</control>
					<control type="image">
						<posx>-55</posx>
						<posy>90</posy>
						<width>35</width>
						<height>35</height>
						<info>ListItem(-3).Overlay</info>
						<visible>!IsEmpty(ListItem.Overlay)</visible>
					</control>				
				</control>
			</control>
			<control type="group">
				<posx>460</posx>
				<animation effect="rotatey" center="360" start="-60" end="-60" time="0" condition="true">Conditional</animation>
				<control type="group">
					<visible>[![stringcompare(Container.NumItems,0) | stringcompare(Container.NumItems,1) | stringcompare(Container.NumItems,2) | stringcompare(Container.NumItems,3) | stringcompare(Container.NumItems,4)]]</visible>
					<control type="image">
						<include>MultiplexMoviesThumb</include>
						<info>ListItem(-2).Thumb</info>
					</control>
					<control type="image">
						<include>MultiplexGenreDefaultThumb</include>
					</control>
					<control type="image">
						<include>MultiplexGenreThumb</include>
						<texture diffuse="movieposter_mask.png">moviegenre/$INFO[ListItem(-2).Label].jpg</texture>
					</control>
					<control type="image">
						<description>Glass overlay</description>
						<include>MultiplexMoviesGlassOverlayAngled</include>
					</control>
					<control type="image">
						<include>MultiplexMoviesThumbReflection</include>
						<info>ListItem(-2).Thumb</info>
					</control>
					<control type="image">
						<include>MultiplexGenreThumbReflection</include>
						<texture flipy="true" diffuse="multiplex/multiplex_maskreflect.png">moviegenre/$INFO[ListItem(-2).Label].jpg</texture>
					</control>
					<control type="image">
						<posx>-55</posx>
						<posy>90</posy>
						<width>35</width>
						<height>35</height>
						<info>ListItem(-2).Overlay</info>
						<visible>!IsEmpty(ListItem.Overlay)</visible>
					</control>				
				</control>
			</control>
			<control type="group">
				<posx>530</posx>
				<animation effect="rotatey" center="430" start="-60" end="-60" time="0" condition="true">Conditional</animation>
				<control type="group">
					<visible>[![stringcompare(Container.NumItems,0) | stringcompare(Container.NumItems,1) | stringcompare(Container.NumItems,2)]]</visible>
					<control type="image">
						<include>MultiplexMoviesThumb</include>
						<info>ListItem(-1).Thumb</info>
					</control>
					<control type="image">
						<include>MultiplexGenreDefaultThumb</include>
					</control>
					<control type="image">
						<include>MultiplexGenreThumb</include>
						<texture diffuse="movieposter_mask.png">moviegenre/$INFO[ListItem(-1).Label].jpg</texture>
					</control>
					<control type="image">
						<description>Glass overlay</description>
						<include>MultiplexMoviesGlassOverlayAngled</include>
					</control>
					<control type="image">
						<include>MultiplexMoviesThumbReflection</include>
						<info>ListItem(-1).Thumb</info>
					</control>
					<control type="image">
						<include>MultiplexGenreThumbReflection</include>
						<texture flipy="true" diffuse="multiplex/multiplex_maskreflect.png">moviegenre/$INFO[ListItem(-1).Label].jpg</texture>
					</control>
					<control type="image">
						<posx>-55</posx>
						<posy>90</posy>
						<width>35</width>
						<height>35</height>
						<info>ListItem(-1).Overlay</info>
						<visible>!IsEmpty(ListItem.Overlay)</visible>
					</control>				
				</control>
			</control>

			<control type="group">
				<visible>Container.OnPrevious</visible>
				<animation effect="slide" end="-30,0" time="250" reversible="false">Hidden</animation>
				<control type="group">
					<posx>600</posx>
					<visible>Container.OnPrevious</visible>
					<animation effect="rotatey" center="500" start="0" end="60" time="250" reversible="false" tween="quadratic" easing="in">Hidden</animation>
					<animation effect="rotatey" center="500" start="-60" end="-60" time="0" condition="true">Conditional</animation>
					<control type="group">
						<control type="image">
							<include>MultiplexMoviesThumb</include>
							<info>ListItem(0).Thumb</info>
							
						</control>
						<control type="image">
							<include>MultiplexGenreDefaultThumb</include>
						</control>
						<control type="image">
							<include>MultiplexGenreThumb</include>
							<texture diffuse="movieposter_mask.png">moviegenre/$INFO[ListItem(0).Label].jpg</texture>
							
						</control>
						<control type="image">
							<description>Glass overlay</description>
							<include>MultiplexMoviesGlassOverlayAngled</include>
						</control>
						<control type="image">
							<include>MultiplexMoviesThumbReflection</include>
							<info>ListItem(0).Thumb</info>
						</control>
						<control type="image">
							<include>MultiplexGenreThumbReflection</include>
							<texture flipy="true" diffuse="multiplex/multiplex_maskreflect.png">moviegenre/$INFO[ListItem(0).Label].jpg</texture>
						</control>
						<control type="image">
							<posx>25</posx>
							<posy>90</posy>
							<width>35</width>
							<height>35</height>
							<info>ListItem(0).Overlay</info>
							<visible>!IsEmpty(ListItem.Overlay)</visible>
						</control>				
					</control>
				</control>
				<control type="group">
					<posx>640</posx>
					<visible>Container.OnPrevious</visible>
					<animation effect="rotatey" center="740" start="0" end="60" time="250" reversible="false" tween="quadratic" easing="out">Hidden</animation>
					<control type="group">
					<visible>[![stringcompare(Container.NumItems,0) | stringcompare(Container.NumItems,1)]]</visible>
						<control type="image">
							<include>MultiplexMoviesThumb</include>
							<info>ListItem(1).Thumb</info>
						</control>
						<control type="image">
							<include>MultiplexGenreDefaultThumb</include>
						</control>
						<control type="image">
							<include>MultiplexGenreThumb</include>
							<texture diffuse="movieposter_mask.png">moviegenre/$INFO[ListItem(1).Label].jpg</texture>
						</control>
						<control type="image">
							<description>Glass overlay</description>
							<include>MultiplexMoviesGlassOverlayAngled</include>
						</control>
						<control type="image">
							<include>MultiplexMoviesThumbReflection</include>
							<info>ListItem(1).Thumb</info>
						</control>
						<control type="image">
							<include>MultiplexGenreThumbReflection</include>
							<texture flipy="true" diffuse="multiplex/multiplex_maskreflect.png">moviegenre/$INFO[ListItem(1).Label].jpg</texture>
						</control>
						<control type="image">
							<posx>25</posx>
							<posy>90</posy>
							<width>35</width>
							<height>35</height>
							<info>ListItem(1).Overlay</info>
							<visible>!IsEmpty(ListItem.Overlay)</visible>
						</control>				
					</control>
				</control>
			</control>
		</control>


		
		<control type="group" id="5050">
			<posy>440</posy>
			<animation effect="fade" time="500">WindowOpen</animation>
			<animation effect="fade" time="200">WindowClose</animation>
			
			<visible>Control.IsVisible(74) + ![Control.IsVisible(5051) | Control.IsVisible(5052)]</visible>
			
			
			<camera x="640" y="540" />
			<control type="group">
				<posx>180</posx>
				<animation effect="rotatey" center="80" start="-60" end="-60" time="0" condition="true">Conditional</animation>
				<control type="group">
					<visible>[![stringcompare(Container.NumItems,0) | stringcompare(Container.NumItems,1) | stringcompare(Container.NumItems,2) | stringcompare(Container.NumItems,3) | stringcompare(Container.NumItems,4) | stringcompare(Container.NumItems,5) | stringcompare(Container.NumItems,6) | stringcompare(Container.NumItems,7) | stringcompare(Container.NumItems,8) | stringcompare(Container.NumItems,9) | stringcompare(Container.NumItems,10) | stringcompare(Container.NumItems,11) | stringcompare(Container.NumItems,12) | stringcompare(Container.NumItems,13) | stringcompare(Container.NumItems,14)]]</visible>
					<control type="image">
						<include>MultiplexMoviesThumb</include>
						<info>ListItem(-7).Thumb</info>
					</control>
					<control type="image">
						<include>MultiplexGenreDefaultThumb</include>
					</control>
					<control type="image">
						<include>MultiplexGenreThumb</include>
						<texture diffuse="movieposter_mask.png">moviegenre/$INFO[ListItem(-7).Label].jpg</texture>
					</control>
					<control type="image">
						<description>Glass overlay</description>
						<include>MultiplexMoviesGlassOverlayAngled</include>
					</control>
					<control type="image">
						<include>MultiplexMoviesThumbReflection</include>
						<info>ListItem(-7).Thumb</info>
					</control>
					<control type="image">
						<include>MultiplexGenreThumbReflection</include>
						<texture flipy="true" diffuse="multiplex/multiplex_maskreflect.png">moviegenre/$INFO[ListItem(-7).Label].jpg</texture>
					</control>
					<control type="image">
						<posx>-55</posx>
						<posy>90</posy>
						<width>35</width>
						<height>35</height>
						<info>ListItem(-7).Overlay</info>
						<visible>!IsEmpty(ListItem.Overlay)</visible>
					</control>				
				</control>
			</control>
			<control type="group">
				<posx>250</posx>
				<animation effect="rotatey" center="150" start="-60" end="-60" time="0" condition="true">Conditional</animation>
				<control type="group">
					<visible>[![stringcompare(Container.NumItems,0) | stringcompare(Container.NumItems,1) | stringcompare(Container.NumItems,2) | stringcompare(Container.NumItems,3) | stringcompare(Container.NumItems,4) | stringcompare(Container.NumItems,5) | stringcompare(Container.NumItems,6) | stringcompare(Container.NumItems,7) | stringcompare(Container.NumItems,8) | stringcompare(Container.NumItems,9) | stringcompare(Container.NumItems,10) | stringcompare(Container.NumItems,11) | stringcompare(Container.NumItems,12)]]</visible>
					<control type="image">
						<include>MultiplexMoviesThumb</include>
						<info>ListItem(-6).Thumb</info>
					</control>
					<control type="image">
						<include>MultiplexGenreDefaultThumb</include>
					</control>
					<control type="image">
						<include>MultiplexGenreThumb</include>
						<texture diffuse="movieposter_mask.png">moviegenre/$INFO[ListItem(-6).Label].jpg</texture>
					</control>
					<control type="image">
						<description>Glass overlay</description>
						<include>MultiplexMoviesGlassOverlayAngled</include>
					</control>
					<control type="image">
						<include>MultiplexMoviesThumbReflection</include>
						<info>ListItem(-6).Thumb</info>
					</control>
					<control type="image">
						<include>MultiplexGenreThumbReflection</include>
						<texture flipy="true" diffuse="multiplex/multiplex_maskreflect.png">moviegenre/$INFO[ListItem(-6).Label].jpg</texture>
					</control>
					<control type="image">
						<posx>-55</posx>
						<posy>90</posy>
						<width>35</width>
						<height>35</height>
						<info>ListItem(-6).Overlay</info>
						<visible>!IsEmpty(ListItem.Overlay)</visible>
					</control>				
				</control>
			</control>
			<control type="group">
				<posx>320</posx>
				<animation effect="rotatey" center="220" start="-60" end="-60" time="0" condition="true">Conditional</animation>
				<control type="group">
					<visible>[![stringcompare(Container.NumItems,0) | stringcompare(Container.NumItems,1) | stringcompare(Container.NumItems,2) | stringcompare(Container.NumItems,3) | stringcompare(Container.NumItems,4) | stringcompare(Container.NumItems,5) | stringcompare(Container.NumItems,6) | stringcompare(Container.NumItems,7) | stringcompare(Container.NumItems,8) | stringcompare(Container.NumItems,9) | stringcompare(Container.NumItems,10)]]</visible>
					<control type="image">
						<include>MultiplexMoviesThumb</include>
						<info>ListItem(-5).Thumb</info>
					</control>
					<control type="image">
						<include>MultiplexGenreDefaultThumb</include>
					</control>
					<control type="image">
						<include>MultiplexGenreThumb</include>
						<texture diffuse="movieposter_mask.png">moviegenre/$INFO[ListItem(-5).Label].jpg</texture>
					</control>
					<control type="image">
						<description>Glass overlay</description>
						<include>MultiplexMoviesGlassOverlayAngled</include>
					</control>
					<control type="image">
						<include>MultiplexMoviesThumbReflection</include>
						<info>ListItem(-5).Thumb</info>
					</control>
					<control type="image">
						<include>MultiplexGenreThumbReflection</include>
						<texture flipy="true" diffuse="multiplex/multiplex_maskreflect.png">moviegenre/$INFO[ListItem(-5).Label].jpg</texture>
					</control>
					<control type="image">
						<posx>-55</posx>
						<posy>90</posy>
						<width>35</width>
						<height>35</height>
						<info>ListItem(-5).Overlay</info>
						<visible>!IsEmpty(ListItem.Overlay)</visible>
					</control>				
				</control>
			</control>
			<control type="group">
				<posx>390</posx>
				<animation effect="rotatey" center="290" start="-60" end="-60" time="0" condition="true">Conditional</animation>
				<control type="group">
					<visible>[![stringcompare(Container.NumItems,0) | stringcompare(Container.NumItems,1) | stringcompare(Container.NumItems,2) | stringcompare(Container.NumItems,3) | stringcompare(Container.NumItems,4) | stringcompare(Container.NumItems,5) | stringcompare(Container.NumItems,6) | stringcompare(Container.NumItems,7) | stringcompare(Container.NumItems,8)]]</visible>
					<control type="image">
						<include>MultiplexMoviesThumb</include>
						<info>ListItem(-4).Thumb</info>
					</control>
					<control type="image">
						<include>MultiplexGenreDefaultThumb</include>
					</control>
					<control type="image">
						<include>MultiplexGenreThumb</include>
						<texture diffuse="movieposter_mask.png">moviegenre/$INFO[ListItem(-4).Label].jpg</texture>
					</control>
					<control type="image">
						<description>Glass overlay</description>
						<include>MultiplexMoviesGlassOverlayAngled</include>
					</control>
					<control type="image">
						<include>MultiplexMoviesThumbReflection</include>
						<info>ListItem(-4).Thumb</info>
					</control>
					<control type="image">
						<include>MultiplexGenreThumbReflection</include>
						<texture flipy="true" diffuse="multiplex/multiplex_maskreflect.png">moviegenre/$INFO[ListItem(-4).Label].jpg</texture>
					</control>
					<control type="image">
						<posx>-55</posx>
						<posy>90</posy>
						<width>35</width>
						<height>35</height>
						<info>ListItem(-4).Overlay</info>
						<visible>!IsEmpty(ListItem.Overlay)</visible>
					</control>				
				</control>
			</control>
			<control type="group">
				<posx>460</posx>
				<animation effect="rotatey" center="360" start="-60" end="-60" time="0" condition="true">Conditional</animation>
				<control type="group">
					<visible>[![stringcompare(Container.NumItems,0) | stringcompare(Container.NumItems,1) | stringcompare(Container.NumItems,2) | stringcompare(Container.NumItems,3) | stringcompare(Container.NumItems,4) | stringcompare(Container.NumItems,5) | stringcompare(Container.NumItems,6)]]</visible>
					<control type="image">
						<include>MultiplexMoviesThumb</include>
						<info>ListItem(-3).Thumb</info>
					</control>
					<control type="image">
						<include>MultiplexGenreDefaultThumb</include>
					</control>
					<control type="image">
						<include>MultiplexGenreThumb</include>
						<texture diffuse="movieposter_mask.png">moviegenre/$INFO[ListItem(-3).Label].jpg</texture>
					</control>
					<control type="image">
						<description>Glass overlay</description>
						<include>MultiplexMoviesGlassOverlayAngled</include>
					</control>
					<control type="image">
						<include>MultiplexMoviesThumbReflection</include>
						<info>ListItem(-3).Thumb</info>
					</control>
					<control type="image">
						<include>MultiplexGenreThumbReflection</include>
						<texture flipy="true" diffuse="multiplex/multiplex_maskreflect.png">moviegenre/$INFO[ListItem(-3).Label].jpg</texture>
					</control>
					<control type="image">
						<posx>-55</posx>
						<posy>90</posy>
						<width>35</width>
						<height>35</height>
						<info>ListItem(-3).Overlay</info>
						<visible>!IsEmpty(ListItem.Overlay)</visible>
					</control>				
				</control>
			</control>
			<control type="group">
				<posx>530</posx>
				<animation effect="rotatey" center="430" start="-60" end="-60" time="0" condition="true">Conditional</animation>
				<control type="group">
					<visible>[![stringcompare(Container.NumItems,0) | stringcompare(Container.NumItems,1) | stringcompare(Container.NumItems,2) | stringcompare(Container.NumItems,3) | stringcompare(Container.NumItems,4)]]</visible>
					<control type="image">
						<include>MultiplexMoviesThumb</include>
						<info>ListItem(-2).Thumb</info>
					</control>
					<control type="image">
						<include>MultiplexGenreDefaultThumb</include>
					</control>
					<control type="image">
						<include>MultiplexGenreThumb</include>
						<texture diffuse="movieposter_mask.png">moviegenre/$INFO[ListItem(-2).Label].jpg</texture>
					</control>
					<control type="image">
						<description>Glass overlay</description>
						<include>MultiplexMoviesGlassOverlayAngled</include>
					</control>
					<control type="image">
						<include>MultiplexMoviesThumbReflection</include>
						<info>ListItem(-2).Thumb</info>
					</control>
					<control type="image">
						<include>MultiplexGenreThumbReflection</include>
						<texture flipy="true" diffuse="multiplex/multiplex_maskreflect.png">moviegenre/$INFO[ListItem(-2).Label].jpg</texture>
					</control>
					<control type="image">
						<posx>-55</posx>
						<posy>90</posy>
						<width>35</width>
						<height>35</height>
						<info>ListItem(-2).Overlay</info>
						<visible>!IsEmpty(ListItem.Overlay)</visible>
					</control>				
				 </control>
			</control>
			<control type="group">
				<posx>600</posx>
				<animation effect="rotatey" center="500" start="-60" end="-60" time="0" condition="true">Conditional</animation>
				<control type="group">
					<visible>[![stringcompare(Container.NumItems,0) | stringcompare(Container.NumItems,1) | stringcompare(Container.NumItems,2)]]</visible>
					<control type="image">
						<include>MultiplexMoviesThumb</include>
						<info>ListItem(-1).Thumb</info>
					</control>
					<control type="image">
						<include>MultiplexGenreDefaultThumb</include>
					</control>
					<control type="image">
						<include>MultiplexGenreThumb</include>
						<texture diffuse="movieposter_mask.png">moviegenre/$INFO[ListItem(-1).Label].jpg</texture>
					</control>
					<control type="image">
						<description>Glass overlay</description>
						<include>MultiplexMoviesGlassOverlayAngled</include>
					</control>
					<control type="image">
						<include>MultiplexMoviesThumbReflection</include>
						<info>ListItem(-1).Thumb</info>
					</control>
					<control type="image">
						<include>MultiplexGenreThumbReflection</include>
						<texture flipy="true" diffuse="multiplex/multiplex_maskreflect.png">moviegenre/$INFO[ListItem(-1).Label].jpg</texture>
					</control>
					<control type="image">
						<posx>-55</posx>
						<posy>90</posy>
						<width>35</width>
						<height>35</height>
						<info>ListItem(-1).Overlay</info>
						<visible>!IsEmpty(ListItem.Overlay)</visible>
					</control>				
				 </control>
			</control>
			<control type="group">
				<posx>1100</posx>
				<animation effect="rotatey" center="1200" start="60" end="60" time="0" condition="true">Conditional</animation>
				<control type="group">
					<visible>[![stringcompare(Container.NumItems,0) | stringcompare(Container.NumItems,1) | stringcompare(Container.NumItems,2) | stringcompare(Container.NumItems,3) | stringcompare(Container.NumItems,4) | stringcompare(Container.NumItems,5) | stringcompare(Container.NumItems,6) | stringcompare(Container.NumItems,7) | stringcompare(Container.NumItems,8) | stringcompare(Container.NumItems,9) | stringcompare(Container.NumItems,10) | stringcompare(Container.NumItems,11) | stringcompare(Container.NumItems,12) | stringcompare(Container.NumItems,13)]]</visible>
					<control type="image">
						<include>MultiplexMoviesThumb</include>
						<info>ListItem(7).Thumb</info>
					</control>
					<control type="image">
						<include>MultiplexGenreDefaultThumb</include>
					</control>
					<control type="image">
						<include>MultiplexGenreThumb</include>
						<texture diffuse="movieposter_mask.png">moviegenre/$INFO[ListItem(7).Label].jpg</texture>
					</control>
					<control type="image">
						<description>Glass overlay</description>
						<include>MultiplexMoviesGlassOverlayAngled</include>
					</control>
					<control type="image">
						<include>MultiplexMoviesThumbReflection</include>
						<info>ListItem(7).Thumb</info>
					</control>
					<control type="image">
						<include>MultiplexGenreThumbReflection</include>
						<texture flipy="true" diffuse="multiplex/multiplex_maskreflect.png">moviegenre/$INFO[ListItem(7).Label].jpg</texture>
					</control>
					<control type="image">
						<posx>25</posx>
						<posy>90</posy>
						<width>35</width>
						<height>35</height>
						<info>ListItem(7).Overlay</info>
						<visible>!IsEmpty(ListItem.Overlay)</visible>
					</control>				
				 </control>
			</control>
			<control type="group">
				<posx>1030</posx>
				<animation effect="rotatey" center="1130" start="60" end="60" time="0" condition="true">Conditional</animation>
				<control type="group">
					<visible>[![stringcompare(Container.NumItems,0) | stringcompare(Container.NumItems,1) | stringcompare(Container.NumItems,2) | stringcompare(Container.NumItems,3) | stringcompare(Container.NumItems,4) | stringcompare(Container.NumItems,5) | stringcompare(Container.NumItems,6) | stringcompare(Container.NumItems,7) | stringcompare(Container.NumItems,8) | stringcompare(Container.NumItems,9) | stringcompare(Container.NumItems,10) | stringcompare(Container.NumItems,11)]]</visible>
					<control type="image">
						<include>MultiplexMoviesThumb</include>
						<info>ListItem(6).Thumb</info>
					</control>
					<control type="image">
						<include>MultiplexGenreDefaultThumb</include>
					</control>
					<control type="image">
						<include>MultiplexGenreThumb</include>
						<texture diffuse="movieposter_mask.png">moviegenre/$INFO[ListItem(6).Label].jpg</texture>
					</control>
					<control type="image">
						<description>Glass overlay</description>
						<include>MultiplexMoviesGlassOverlayAngled</include>
					</control>
					<control type="image">
						<include>MultiplexMoviesThumbReflection</include>
						<info>ListItem(6).Thumb</info>
					</control>
					<control type="image">
						<include>MultiplexGenreThumbReflection</include>
						<texture flipy="true" diffuse="multiplex/multiplex_maskreflect.png">moviegenre/$INFO[ListItem(6).Label].jpg</texture>
					</control>
					<control type="image">
						<posx>25</posx>
						<posy>90</posy>
						<width>35</width>
						<height>35</height>
						<info>ListItem(6).Overlay</info>
						<visible>!IsEmpty(ListItem.Overlay)</visible>
					</control>				
				 </control>
			</control>
			<control type="group">
				<posx>960</posx>
				<animation effect="rotatey" center="1060" start="60" end="60" time="0" condition="true">Conditional</animation>
				<control type="group">
					<visible>[![stringcompare(Container.NumItems,0) | stringcompare(Container.NumItems,1) | stringcompare(Container.NumItems,2) | stringcompare(Container.NumItems,3) | stringcompare(Container.NumItems,4) | stringcompare(Container.NumItems,5) | stringcompare(Container.NumItems,6) | stringcompare(Container.NumItems,7) | stringcompare(Container.NumItems,8) | stringcompare(Container.NumItems,9)]]</visible>
					<control type="image">
						<include>MultiplexMoviesThumb</include>
						<info>ListItem(5).Thumb</info>
					</control>
					<control type="image">
						<include>MultiplexGenreDefaultThumb</include>
					</control>
					<control type="image">
						<include>MultiplexGenreThumb</include>
						<texture diffuse="movieposter_mask.png">moviegenre/$INFO[ListItem(5).Label].jpg</texture>
					</control>
					<control type="image">
						<description>Glass overlay</description>
						<include>MultiplexMoviesGlassOverlayAngled</include>
					</control>
					<control type="image">
						<include>MultiplexMoviesThumbReflection</include>
						<info>ListItem(5).Thumb</info>
					</control>
					<control type="image">
						<include>MultiplexGenreThumbReflection</include>
						<texture flipy="true" diffuse="multiplex/multiplex_maskreflect.png">moviegenre/$INFO[ListItem(5).Label].jpg</texture>
					</control>
					<control type="image">
						<posx>25</posx>
						<posy>90</posy>
						<width>35</width>
						<height>35</height>
						<info>ListItem(5).Overlay</info>
						<visible>!IsEmpty(ListItem.Overlay)</visible>
					</control>				
				 </control>
			</control>
			<control type="group">
				<posx>890</posx>
				<animation effect="rotatey" center="990" start="60" end="60" time="0" condition="true">Conditional</animation>
				<control type="group">
					<visible>[![stringcompare(Container.NumItems,0) | stringcompare(Container.NumItems,1) | stringcompare(Container.NumItems,2) | stringcompare(Container.NumItems,3) | stringcompare(Container.NumItems,4) | stringcompare(Container.NumItems,5) | stringcompare(Container.NumItems,6) | stringcompare(Container.NumItems,7)]]</visible>
					<control type="image">
						<include>MultiplexMoviesThumb</include>
						<info>ListItem(4).Thumb</info>
					</control>
					<control type="image">
						<include>MultiplexGenreDefaultThumb</include>
					</control>
					<control type="image">
						<include>MultiplexGenreThumb</include>
						<texture diffuse="movieposter_mask.png">moviegenre/$INFO[ListItem(4).Label].jpg</texture>
					</control>
					<control type="image">
						<description>Glass overlay</description>
						<include>MultiplexMoviesGlassOverlayAngled</include>
					</control>
					<control type="image">
						<include>MultiplexMoviesThumbReflection</include>
						<info>ListItem(4).Thumb</info>
					</control>
					<control type="image">
						<include>MultiplexGenreThumbReflection</include>
						<texture flipy="true" diffuse="multiplex/multiplex_maskreflect.png">moviegenre/$INFO[ListItem(4).Label].jpg</texture>
					</control>
					<control type="image">
						<posx>25</posx>
						<posy>90</posy>
						<width>35</width>
						<height>35</height>
						<info>ListItem(4).Overlay</info>
						<visible>!IsEmpty(ListItem.Overlay)</visible>
					</control>				
				 </control>
			</control>
			<control type="group">
				<posx>820</posx>
				<animation effect="rotatey" center="920" start="60" end="60" time="0" condition="true">Conditional</animation>
				<control type="group">
					<visible>[![stringcompare(Container.NumItems,0) | stringcompare(Container.NumItems,1) | stringcompare(Container.NumItems,2) | stringcompare(Container.NumItems,3) | stringcompare(Container.NumItems,4) | stringcompare(Container.NumItems,5)]]</visible>
					<control type="image">
						<include>MultiplexMoviesThumb</include>
						<info>ListItem(3).Thumb</info>
					</control>
					<control type="image">
						<include>MultiplexGenreDefaultThumb</include>
					</control>
					<control type="image">
						<include>MultiplexGenreThumb</include>
						<texture diffuse="movieposter_mask.png">moviegenre/$INFO[ListItem(3).Label].jpg</texture>
					</control>
					<control type="image">
						<description>Glass overlay</description>
						<include>MultiplexMoviesGlassOverlayAngled</include>
					</control>
					<control type="image">
						<include>MultiplexMoviesThumbReflection</include>
						<info>ListItem(3).Thumb</info>
					</control>
					<control type="image">
						<include>MultiplexGenreThumbReflection</include>
						<texture flipy="true" diffuse="multiplex/multiplex_maskreflect.png">moviegenre/$INFO[ListItem(3).Label].jpg</texture>
					</control>
					<control type="image">
						<posx>25</posx>
						<posy>90</posy>
						<width>35</width>
						<height>35</height>
						<info>ListItem(3).Overlay</info>
						<visible>!IsEmpty(ListItem.Overlay)</visible>
					</control>				
				 </control>
			</control>
			<control type="group">
				<posx>750</posx>
				<animation effect="rotatey" center="850" start="60" end="60" time="0" condition="true">Conditional</animation>
				<control type="group">
					<visible>[![stringcompare(Container.NumItems,0) | stringcompare(Container.NumItems,1) | stringcompare(Container.NumItems,2) | stringcompare(Container.NumItems,3)]]</visible>
					<control type="image">
						<include>MultiplexMoviesThumb</include>
						<info>ListItem(2).Thumb</info>
					</control>
					<control type="image">
						<include>MultiplexGenreDefaultThumb</include>
					</control>
					<control type="image">
						<include>MultiplexGenreThumb</include>
						<texture diffuse="movieposter_mask.png">moviegenre/$INFO[ListItem(2).Label].jpg</texture>
					</control>
					<control type="image">
						<description>Glass overlay</description>
						<include>MultiplexMoviesGlassOverlayAngled</include>
					</control>
					<control type="image">
						<include>MultiplexMoviesThumbReflection</include>
						<info>ListItem(2).Thumb</info>
					</control>
					<control type="image">
						<include>MultiplexGenreThumbReflection</include>
						<texture flipy="true" diffuse="multiplex/multiplex_maskreflect.png">moviegenre/$INFO[ListItem(2).Label].jpg</texture>
					</control>
					<control type="image">
						<posx>25</posx>
						<posy>90</posy>
						<width>35</width>
						<height>35</height>
						<info>ListItem(2).Overlay</info>
						<visible>!IsEmpty(ListItem.Overlay)</visible>
					</control>				
				 </control>
			</control>
			<control type="group">
				<posx>680</posx>
				<animation effect="rotatey" center="780" start="60" end="60" time="0" condition="true">Conditional</animation>
				<control type="group">
					<visible>[![stringcompare(Container.NumItems,0) | stringcompare(Container.NumItems,1)]]</visible>
					<control type="image">
						<include>MultiplexMoviesThumb</include>
						<info>ListItem(1).Thumb</info>
					</control>
					<control type="image">
						<include>MultiplexGenreDefaultThumb</include>
					</control>
					<control type="image">
						<include>MultiplexGenreThumb</include>
						<texture diffuse="movieposter_mask.png">moviegenre/$INFO[ListItem(1).Label].jpg</texture>
					</control>
					<control type="image">
						<description>Glass overlay</description>
						<include>MultiplexMoviesGlassOverlayAngled</include>
					</control>
					<control type="image">
						<include>MultiplexMoviesThumbReflection</include>
						<info>ListItem(1).Thumb</info>
					</control>
					<control type="image">
						<include>MultiplexGenreThumbReflection</include>
						<texture flipy="true" diffuse="multiplex/multiplex_maskreflect.png">moviegenre/$INFO[ListItem(1).Label].jpg</texture>
					</control>
					<control type="image">
						<posx>25</posx>
						<posy>90</posy>
						<width>35</width>
						<height>35</height>
						<info>ListItem(1).Overlay</info>
						<visible>!IsEmpty(ListItem.Overlay)</visible>
					</control>				
				 </control>
			</control>
			
		</control>
		
		
		<control type="group">
			<visible>Control.IsVisible(74) + ![Control.IsVisible(5051) | Control.IsVisible(5052)]</visible>
			<posx>640</posx>
			<posy>440</posy>
			<animation effect="zoom" start="70" end="100" center= "640,700" time="200" >Visible</animation>
		
			<control type="group">
				<control type="image">
					<include>LargeMultiplexMoviesThumb</include>
					<info>ListItem(0).Thumb</info>					
				</control>
				<control type="image">
					<include>LargeMultiplexGenreDefaultThumb</include>
				</control>
				<control type="image">	
					<include>LargeMultiplexGenreThumb</include>
					<texture diffuse="movieposter_mask.png">moviegenre/$INFO[ListItem(0).Label].jpg</texture>
				</control>
				<control type="image">
					<description>Glass overlay</description>
					<include>LargeMultiplexMoviesGlassOverlay</include>
				</control>
				<control type="image">
					<include>LargeMultiplexMoviesThumbReflection</include>
					<info>ListItem(0).Thumb</info>
				</control>
				<control type="image">
					<include>LargeMultiplexGenreThumbReflection</include>
					<texture flipy="true" diffuse="multiplex/multiplex_maskreflect.png">moviegenre/$INFO[ListItem(0).Label].jpg</texture>
				</control>
				<control type="image">
					<posx>30</posx>
					<posy>35</posy>
					<width>35</width>
					<height>35</height>
					<info>ListItem(0).Overlay</info>
					<visible>!IsEmpty(ListItem.Overlay)</visible>
				</control>				
			</control>
		</control>
		
		</control>
		
		
		
		
	</include>
</includes>
		