<includes>
	<include name="BackgroundFSViz">
		<control type="group">
			<visible>Player.HasAudio + !Skin.HasSetting(DisableMusicVizBG)</visible>
			
			<control type="visualisation">
				<posy>MenuBarOffsetY</posy>
				<include>ScreenSize</include>
			</control>	
			
			<control type="image">
				<description>Dim Background</description>
				<posy>MenuBarOffsetY</posy>
				<include>ScreenSize</include>
				<texture>background-dim.png</texture>
				<include>BackgroundVizDimAnim</include>
			</control>	
		</control>
	</include>
	
	<include name="BackgroundFSVideo">
		<control type="group">
			<visible>Player.HasVideo + !Skin.HasSetting(DisableVideoBG)</visible>
			
			<control type="videowindow">
				<posy>MenuBarOffsetY</posy>
				<include>ScreenSize</include>
			</control>

			<control type="image">
				<description>Dim Background</description>
				<posy>MenuBarOffsetY</posy>
				<include>ScreenSize</include>
				<texture>background-dim.png</texture>
				<include>BackgroundVizDimAnim</include>
			</control>
		</control>
	</include>
	
	<include name="BackgroundFanart">
		<control type="group">
			<visible>![Player.HasAudio + !Skin.HasSetting(DisableMusicVizBG)] + ![Player.HasVideo + !Skin.HasSetting(DisableVideoBG)]</visible>

			<control type="group">
				<visible>Window.IsActive(VideoLibrary) + Container.Content(Movies)
				+ [[Control.IsVisible(52) + !Skin.HasSetting(HideMoviesListFanart)] 
				| [Control.IsVisible(53) + !Skin.HasSetting(HideMoviesWrapListInfoFanart)] 
				| [Control.IsVisible(58) + !Skin.HasSetting(HideMoviesListInfoFanart)]
				| Control.IsVisible(59) | Control.IsVisible(64) | [Control.IsVisible(66) + !Skin.HasSetting(HideMoviesLargePosterFanart)]
				 | Control.IsVisible(68) | [Control.IsVisible(74) + !Skin.HasSetting(HideMovies3DWrapViewFanart)]] | 
				[Control.IsVisible(75) + !Skin.HasSetting(HideMoviesShowcaseSplitViewFanart)] | 
				[Control.IsVisible(50) + !Skin.HasSetting(HideMoviesIconViewFanart)]  | [Control.IsVisible(51) + !Skin.HasSetting(HideMoviesBigIconViewFanart)]</visible>
				
				<control type="largeimage">
					<description>Fanart Background</description>
					<posy>MenuBarOffsetY</posy>
					<include>ScreenSize</include>
					<texture>$INFO[Listitem.Property(Fanart_Image)]</texture>
					<aspectratio>scale</aspectratio>
					<fadetime>FanartCrossfadeTime</fadetime>
					<include>Animation_BackgroundFade</include>
					<include>KenBurnsAnim</include>
				</control>	
				
				<control type="image">
					<description>Dim Background</description>
					<posy>MenuBarOffsetY</posy>
					<width>ScreenWidth</width>
					<height>676</height>
					<texture>background-dim.png</texture>
					<fadetime>FanartCrossfadeTime</fadetime>
					<visible>!IsEmpty(ListItem.Property(Fanart_Image)) + !Skin.HasSetting(DoNotDimMoviesFanart)</visible>
					<include>BackgroundFanartDimAnim</include>
				</control>
			</control>
			
			<control type="group">
				<visible>Window.IsActive(VideoLibrary) + [Container.Content(TVShows) | Container.Content(Seasons) | Container.Content(Episodes)]
				+ [[Control.IsVisible(52) + !Skin.HasSetting(HideTVShowsListFanart)] 
				| [Control.IsVisible(60) + !Skin.HasSetting(HideTVShowsEpisodeViewFanart)]
				| [Control.IsVisible(61) + !Skin.HasSetting(HideTVShowsListInfoFanart)]
				| [Control.IsVisible(62) + !Skin.HasSetting(HideTVShowsWideListViewFanart)]
				| [Control.IsVisible(65) + !Skin.HasSetting(HideTVShowsEpisodeShowcaseFanart)]
				| [Control.IsVisible(66) + !Skin.HasSetting(HideTVShowsLargePosterFanart)]
				| [Control.IsVisible(68) + !Skin.HasSetting(HideTVShowsWideSlimListFanart)]
				| [Control.IsVisible(50) + !Skin.HasSetting(HideTVShowsIconViewFanart)]]</visible>
				
				<control type="largeimage">
					<description>Fanart Background</description>
					<posy>MenuBarOffsetY</posy>
					<include>ScreenSize</include>
					<texture>$INFO[Fanart.Image]</texture>
					<aspectratio>scale</aspectratio>
					<fadetime>FanartCrossfadeTime</fadetime>
					<visible>Container.Content(episodes)</visible>
					<include>KenBurnsAnim</include>
				</control>	
				
				<control type="largeimage">
					<description>Fanart Background</description>
					<posy>MenuBarOffsetY</posy>
					<include>ScreenSize</include>
					<texture>$INFO[Listitem.Property(Fanart_Image)]</texture>
					<aspectratio>scale</aspectratio>
					<fadetime>FanartCrossfadeTime</fadetime>
					<visible>!Container.Content(episodes)</visible>
					<include>KenBurnsAnim</include>
				</control>	
				
				<control type="image">
					<description>Dim Background</description>
					<posy>MenuBarOffsetY</posy>
					<width>ScreenWidth</width>
					<height>676</height>
					<texture>background-dim.png</texture>
					<fadetime>FanartCrossfadeTime</fadetime>
					<visible>!Skin.HasSetting(DoNotDimTVShowsFanart)</visible>
					<include>BackgroundFanartDimAnim</include>
				</control>
			</control>
			
			<control type="group">
				<visible>[Container.Content(Albums) | Container.Content(Songs) | Container.Content(Artists)]
				+ [[Control.IsVisible(52) + !Skin.HasSetting(HideMusicListFanart)] 
				| [Control.IsVisible(62) + !Skin.HasSetting(HideMusicListInfoFanart)]
				| [Control.IsVisible(78) + !Skin.HasSetting(HideMusicWideSlimListFanart)]
				
				| [Control.IsVisible(64) + !Skin.HasSetting(HideMusicWrapListInfoFanart)]]</visible>
				
				<control type="largeimage">
					<description>Fanart Background</description>
					<posy>MenuBarOffsetY</posy>
					<include>ScreenSize</include>
					<texture>$INFO[Listitem.Property(Fanart_Image)]</texture>
					<aspectratio>scale</aspectratio>
					<fadetime>FanartCrossfadeTime</fadetime>
					<include>KenBurnsAnim</include>
				</control>

				<control type="image">
					<description>Dim Background</description>
					<posy>MenuBarOffsetY</posy>
					<width>ScreenWidth</width>
					<height>676</height>
					<texture>background-dim.png</texture>
					<fadetime>FanartCrossfadeTime</fadetime>
					<visible>!IsEmpty(ListItem.Property(Fanart_Image)) + !Skin.HasSetting(DoNotDimMusicFanart)</visible>
					<include>BackgroundFanartDimAnim</include>
				</control>
			</control>
		</control>
	</include>
	
	<include name="DialogBackgroundDim">
		<control type="image">
			<posy>MenuBarOffsetY</posy>
			<width>ScreenWidth</width>
			<height>676</height>
			<texture>background-dim.png</texture>
			<include>BackgroundTransAnim</include>
			<include>DialogBackgroundDimAnim</include>	
		</control>	
	</include>
	
	<include name="LoginScreenBackground">
		<control type="image">
			<description>Default Background</description>
			<include>ScreenSize</include>
			<texture>special://skin/images/backgrounds/default-background.jpg</texture>
			<aspectratio>scale</aspectratio>
			<fadetime>BackgroundCrossfadeTime</fadetime>
			<include>BackgroundOpenCloseAnim</include>
		</control>
	</include>
	
	<include name="BackgroundHome">
		<control type="group">
			<description>Home Backgrounds</description>
			<visible>![Player.HasAudio + !Skin.HasSetting(DisableMusicVizBG)] + ![Player.HasVideo + !Skin.HasSetting(DisableVideoBG)]</visible>
			
			<control type="multiimage">
				<posy>MenuBarOffsetY</posy>
				<include>ScreenSize</include>
				<imagepath background="true" fallback="special://skin/images/backgrounds/default-background.jpg">$INFO[Container(850).ListItem.Thumb]</imagepath>
				<aspectratio>scale</aspectratio>
				<timeperimage>10000</timeperimage>
				<fadetime>BackgroundCrossfadeTime</fadetime>
				<randomize>true</randomize>
			</control>
		</control>
	</include>

	<include name="BackgroundPrograms">
		<control type="group">
			<description>Programs Custom Background</description>
			<visible>![Player.HasAudio + !Skin.HasSetting(DisableMusicVizBG)] + ![Player.HasVideo + !Skin.HasSetting(DisableVideoBG)]</visible>
			
			<control type="multiimage">
				<description>Custom Background</description>
				<posy>MenuBarOffsetY</posy>
				<include>ScreenSize</include>
				<imagepath background="true" fallback="special://skin/images/backgrounds/default-background.jpg">$INFO[Skin.String(ProgramsCustomBG)]</imagepath>
				<visible>Skin.HasSetting(ApplyAllProgramsCustomBG)</visible>
				<aspectratio>scale</aspectratio>
				<timeperimage>10000</timeperimage>
				<fadetime>BackgroundCrossfadeTime</fadetime>
				<randomize>true</randomize>
				<include>BackgroundProgramsDimAnim</include>
			</control>
			
			<control type="image">
				<description>Default Background</description>
				<posy>MenuBarOffsetY</posy>
				<include>ScreenSize</include>
				<texture background="true">special://skin/images/backgrounds/default-background.jpg</texture>
				<aspectratio>scale</aspectratio>
				<fadetime>BackgroundCrossfadeTime</fadetime>
				<visible>!Skin.HasSetting(ApplyAllProgramsCustomBG)</visible>
				<include>BackgroundProgramsDimAnim</include>
			</control>
		</control>
	</include>
	
	<include name="BackgroundPictures">
		<control type="group">
			<description>Pictures Custom Background</description>
			<visible>![Player.HasAudio + !Skin.HasSetting(DisableMusicVizBG)] + ![Player.HasVideo + !Skin.HasSetting(DisableVideoBG)]</visible>
			
			<control type="multiimage">
				<description>Custom Background</description>
				<posy>MenuBarOffsetY</posy>
				<include>ScreenSize</include>
				<imagepath background="true" fallback="special://skin/images/backgrounds/default-background.jpg">$INFO[Skin.String(PicturesCustomBG)]</imagepath>
				<aspectratio>scale</aspectratio>
				<timeperimage>10000</timeperimage>
				<fadetime>BackgroundCrossfadeTime</fadetime>
				<randomize>true</randomize>
				<visible>Skin.HasSetting(ApplyAllPicturesCustomBG)</visible>
				<include>BackgroundPicturesDimAnim</include>		
			</control>
			
			<control type="image">
				<description>Default Background</description>
				<posy>MenuBarOffsetY</posy>
				<include>ScreenSize</include>
				<texture background="true">special://skin/images/backgrounds/default-background.jpg</texture>
				<aspectratio>scale</aspectratio>
				<fadetime>BackgroundCrossfadeTime</fadetime>
				<visible>!Skin.HasSetting(ApplyAllPicturesCustomBG)</visible>
				<include>BackgroundPicturesDimAnim</include>
			</control>
		</control>
	</include>
	
	<include name="BackgroundMusic">
		<control type="group">
			<description>Music Custom Background</description>
			<visible>![Player.HasAudio + !Skin.HasSetting(DisableMusicVizBG)] + ![Player.HasVideo + !Skin.HasSetting(DisableVideoBG)]</visible>
			
			<control type="multiimage">
				<description>Custom Background</description>
				<posy>MenuBarOffsetY</posy>
				<include>ScreenSize</include>
				<imagepath background="true" fallback="special://skin/images/backgrounds/default-background.jpg">$INFO[Skin.String(MusicCustomBG)]</imagepath>
				<aspectratio>scale</aspectratio>
				<timeperimage>10000</timeperimage>
				<fadetime>BackgroundCrossfadeTime</fadetime>
				<randomize>true</randomize>
				<visible>Skin.HasSetting(ApplyAllMusicCustomBG)</visible>
				<include>BackgroundMusicDimAnim</include>
			</control>
			
			<control type="image">
				<description>Default Background</description>
				<posy>MenuBarOffsetY</posy>
				<include>ScreenSize</include>
				<texture background="true">special://skin/images/backgrounds/default-background.jpg</texture>
				<aspectratio>scale</aspectratio>
				<fadetime>BackgroundCrossfadeTime</fadetime>
				<visible>!Skin.HasSetting(ApplyAllMusicCustomBG)</visible>
				<include>BackgroundMusicDimAnim</include>
			</control>
			
			
		</control>
	</include>
	
	<include name="BackgroundVideos">
		<control type="group">
			<description>Videos Custom Background</description>
			<visible>![Player.HasAudio + !Skin.HasSetting(DisableMusicVizBG)] + ![Player.HasVideo + !Skin.HasSetting(DisableVideoBG)]</visible>
			
			<control type="multiimage">
				<description>Custom Background</description>
				<posy>MenuBarOffsetY</posy>
				<include>ScreenSize</include>
				<imagepath background="true" fallback="special://skin/images/backgrounds/default-background.jpg">$INFO[Skin.String(VideosCustomBG)]</imagepath>
				<visible>Skin.HasSetting(ApplyAllVideosCustomBG)</visible>
				<aspectratio>scale</aspectratio>
				<timeperimage>10000</timeperimage>
				<fadetime>BackgroundCrossfadeTime</fadetime>
				<randomize>true</randomize>
				<include>BackgroundVideosDimAnim</include>
			</control>
			
			<control type="image">
				<description>Default Background</description>
				<posy>MenuBarOffsetY</posy>
				<include>ScreenSize</include>
				<texture background="true">special://skin/images/backgrounds/default-background.jpg</texture>
				<aspectratio>scale</aspectratio>
				<fadetime>BackgroundCrossfadeTime</fadetime>
				<visible>!Skin.HasSetting(ApplyAllVideosCustomBG)</visible>
				<include>BackgroundVideosDimAnim</include>
			</control>
		</control>
	</include>
	
	<include name="BackgroundMovies">
		<control type="group">
			<description>Movies Custom Background</description>
			<visible>[Substring(Container.FolderPath,videodb://1/,Left) | Substring(Container.FolderPath,videodb://4/,Left) | Substring(Container.FolderPath,videodb://3/,Left)] + ![Player.HasAudio + !Skin.HasSetting(DisableMusicVizBG)] + ![Player.HasVideo + !Skin.HasSetting(DisableVideoBG)]</visible>
			
			<control type="multiimage">
				<description>Custom Background</description>
				<posy>MenuBarOffsetY</posy>
				<include>ScreenSize</include>
				<imagepath background="true" fallback="special://skin/images/backgrounds/default-background.jpg">$INFO[Skin.String(MoviesCustomBG)]</imagepath>
				<visible>Skin.HasSetting(ApplyAllMoviesCustomBG)</visible>
				<aspectratio>scale</aspectratio>
				<timeperimage>10000</timeperimage>
				<fadetime>BackgroundCrossfadeTime</fadetime>
				<randomize>true</randomize>
				<include>BackgroundMoviesDimAnim</include>
			</control>
			
			<control type="image">
				<description>Default Background</description>
				<posy>MenuBarOffsetY</posy>
				<include>ScreenSize</include>
				<texture background="true">special://skin/images/backgrounds/default-background.jpg</texture>
				<aspectratio>scale</aspectratio>
				<fadetime>BackgroundCrossfadeTime</fadetime>
				<visible>!Skin.HasSetting(ApplyAllMoviesCustomBG)</visible>
				<include>BackgroundMoviesDimAnim</include>
			</control>
		</control>
	</include>

	<include name="BackgroundTVShows">
		<control type="group">
			<description>TV Shows Custom Background</description>
			<visible>[Substring(Container.FolderPath,videodb://2/,Left) | Substring(Container.FolderPath,videodb://5/,Left)] 
			+ ![Player.HasAudio + !Skin.HasSetting(DisableMusicPlayingBG)] + ![Player.HasVideo + !Skin.HasSetting(DisableVideoPlayingBG)]</visible>
			
			<control type="multiimage">
				<description>Custom Background</description>
				<posy>MenuBarOffsetY</posy>
				<include>ScreenSize</include>
				<imagepath background="true" fallback="special://skin/images/backgrounds/default-background.jpg">$INFO[Skin.String(TVShowsCustomBG)]</imagepath>
				<visible>Skin.HasSetting(ApplyAllTVShowsCustomBG)</visible>
				<aspectratio>scale</aspectratio>
				<timeperimage>10000</timeperimage>
				<fadetime>BackgroundCrossfadeTime</fadetime>
				<randomize>true</randomize>
				<include>BackgroundTVShowsDimAnim</include>
			</control>
			
			<control type="image">
				<description>Default Background</description>
				<posy>MenuBarOffsetY</posy>
				<include>ScreenSize</include>
				<texture background="true">special://skin/images/backgrounds/default-background.jpg</texture>
				<aspectratio>scale</aspectratio>
				<fadetime>BackgroundCrossfadeTime</fadetime>
				<visible>!Skin.HasSetting(ApplyAllTVShowsCustomBG)</visible>
				<include>BackgroundTVShowsDimAnim</include>
			</control>
		</control>
	</include>

	<include name="BackgroundGeneral">
		<control type="group">
			<description>General Custom Background</description>
			<visible>![Player.HasAudio + !Skin.HasSetting(DisableMusicVizBG)] + ![Player.HasVideo + !Skin.HasSetting(DisableVideoBG)]</visible>
			
			<control type="multiimage">
				<description>Custom Background</description>
				<posy>MenuBarOffsetY</posy>
				<include>ScreenSize</include>
				<imagepath background="true" fallback="special://skin/images/backgrounds/default-background.jpg">$INFO[Skin.String(GeneralCustomBG)]</imagepath>
				<visible>Skin.HasSetting(ApplyAllGeneralCustomBG)</visible>
				<aspectratio>scale</aspectratio>
				<timeperimage>10000</timeperimage>
				<fadetime>BackgroundCrossfadeTime</fadetime>
				<randomize>true</randomize>
				<include>BackgroundGeneralDimAnim</include>
			</control>
			
			<control type="image">
				<description>Default Background</description>
				<posy>MenuBarOffsetY</posy>
				<include>ScreenSize</include>
				<texture background="true">special://skin/images/backgrounds/default-background.jpg</texture>
				<aspectratio>scale</aspectratio>
				<fadetime>BackgroundCrossfadeTime</fadetime>
				<visible>!Skin.HasSetting(ApplyAllGeneralCustomBG)</visible>
				<include>BackgroundGeneralDimAnim</include>
			</control>
		</control>
	</include>
	
	<include name="BackgroundSystem">
		<control type="group">
			<description>System Custom Background</description>
			<visible>![Player.HasAudio + !Skin.HasSetting(DisableMusicVizBG)] + ![Player.HasVideo + !Skin.HasSetting(DisableVideoBG)]</visible>
			
			<control type="multiimage">
				<description>Custom Background</description>
				<posy>MenuBarOffsetY</posy>
				<include>ScreenSize</include>
				<imagepath background="true" fallback="special://skin/images/backgrounds/default-background.jpg">$INFO[Skin.String(SystemCustomBG)]</imagepath>
				<visible>Skin.HasSetting(ApplyAllSystemCustomBG)</visible>
				<aspectratio>scale</aspectratio>
				<timeperimage>10000</timeperimage>
				<fadetime>BackgroundCrossfadeTime</fadetime>
				<randomize>true</randomize>
				<include>BackgroundSystemDimAnim</include>
			</control>
			
			<control type="image">
				<description>Default Background</description>
				<posy>MenuBarOffsetY</posy>
				<include>ScreenSize</include>
				<texture background="true">special://skin/images/backgrounds/default-background.jpg</texture>
				<aspectratio>scale</aspectratio>
				<fadetime>BackgroundCrossfadeTime</fadetime>
				<visible>!Skin.HasSetting(ApplyAllSystemCustomBG)</visible>
				<include>BackgroundSystemDimAnim</include>
			</control>
		</control>
	</include>
	
	<!--
	<include name="BackgroundNoContent">
		<control type="group">
			<description>Default Background</description>
			<visible>[IsEmpty(Container.FolderPath) | Substring(Container.FolderPath,plugin://video/,Left) | Substring(Container.FolderPath,special://videoplaylists/,Left)
			| Substring(Container.FolderPath,special://musicplaylists/,Left) | Substring(Container.FolderPath,special://profile/playlists/,Left)] 
			+ ![Player.HasAudio + !Skin.HasSetting(DisableMusicVizBG)] + ![Player.HasVideo + !Skin.HasSetting(DisableVideoBG)]</visible>
			
			<control type="image">
				<description>Default Background</description>
				<posy>MenuBarOffsetY</posy>
				<include>ScreenSize</include>
				<texture background="true">special://skin/images/backgrounds/default-background.jpg</texture>
				<aspectratio>scale</aspectratio>
				<fadetime>BackgroundCrossfadeTime</fadetime>
			</control>
		</control>
	</include>
	-->
</includes>