<includes>
  <include name="SmallVideoOverlay">
    <!-- overlay video for list info view -->
    <control type="group" id="1">
      <visible>!Skin.HasSetting(HideSmallVideoOverlay)</visible>
      <visible>Player.HasVideo</visible>
      <posx>640</posx>
      <posy>70</posy>
      <include>WeatherSlideAnim</include>
      <animation effect="fade" start="0" end="100" delay="50">Visible</animation>
      
      
   
      
 
      <control type="image">
        <description>Panel background</description>
        <posx>-25</posx>
        <posy>60</posy>
        <width>655</width>
        <height>184</height>
        <texture border="15">item-focus-background.png</texture>
        <colordiffuse>ccFFFFFF</colordiffuse>
      </control>
    
    <control type="image">
          <posx>285</posx>
          <posy>50</posy>
          <width>1</width>
          <height>200</height>
          <texture>separator4.png</texture>
        </control>
      
      <control type="group" id="1">
        <posx>10</posx>
        <posy>72</posy>
        <control type="videowindow" id="1">
          <description>Video Preview</description>
          <posx>-20</posx>
          <width>284</width>
          <height>160</height>
          <aspectratio>keep</aspectratio>
          <align>center</align>
          <aligny>center</aligny>
        </control>
        

        <control type="label">
          <description>TV Show Title</description>
          <posy>-4</posy>
          <posx>290</posx>
          <font>font12</font>
          <include>TVShowListInfoViewLabel</include>
          <label>[B][COLOR=MediaInfoHeaderColor]$LOCALIZE[20364]:[/COLOR][/B] $INFO[VideoPlayer.TvShowTitle]</label>
          <visible>!IsEmpty(VideoPlayer.Episode)</visible>
        </control>
        
         <control type="label">
          <description>Movie Title</description>
          <posy>-4</posy>
          <posx>290</posx>
          <font>font12</font>
          <include>TVShowListInfoViewLabel</include>
          <label>[B][COLOR=MediaInfoHeaderColor]$LOCALIZE[20338]:[/COLOR][/B] $INFO[VideoPlayer.Title]</label>
          <visible>IsEmpty(VideoPlayer.Episode)</visible>
        </control>
        
        <control type="label">
          <description>Year</description>
          <posy>10</posy>
          <posx>290</posx>
          <font>font12</font>
          <include>TVShowListInfoViewLabel</include>
          <label>[B][COLOR=MediaInfoHeaderColor]$LOCALIZE[562]:[/COLOR][/B] $INFO[VideoPlayer.Year]</label>
        </control>
        
        <control type="label">
          <description>Season / Episode</description>
          <posy>24</posy>
          <posx>290</posx>
          <font>font12</font>
          <include>TVShowListInfoViewLabel</include>
          <label>[B][COLOR=MediaInfoHeaderColor]$LOCALIZE[20373]:[/COLOR][/B] $INFO[VideoPlayer.Season] [B][COLOR=MediaInfoHeaderColor]$LOCALIZE[20359]:[/COLOR][/B] $INFO[VideoPlayer.Episode]</label>
          <visible>!IsEmpty(VideoPlayer.Episode)</visible>
        </control>
        
         <control type="label">
          <description>Director</description>
          <posy>24</posy>
          <posx>290</posx>
          <font>font12</font>
          <include>TVShowListInfoViewLabel</include>
          <label>[B][COLOR=MediaInfoHeaderColor]$LOCALIZE[20339]:[/COLOR][/B] $INFO[VideoPlayer.Director]</label>
          <visible>IsEmpty(VideoPlayer.Episode)</visible>
        </control>
        
        <control type="image">
          <posx>290</posx>
          <posy>44</posy>
          <width>316</width>
          <height>2</height>
          <texture>separator3.png</texture>
        </control>
        <control type="textbox">
          <description>Plot</description>
          <posx>290</posx>
          <posy>48</posy>
          <width>316</width>
          <height>74</height>
          <font>font12</font>
          <include>DefaultPlot</include>
          <label>$INFO[VideoPlayer.Plot]</label>
          <autoscroll time="2000" delay="3000" repeat="10000">!Skin.HasSetting(DoNotAutoScrollTVShowsListInfoPlot)</autoscroll>
          <include>ControlsOpenCloseAnim</include>
        </control>
        <control type="image">
          <posx>290</posx>
          <posy>126</posy>
          <width>316</width>
          <height>2</height>
          <texture>separator3.png</texture>
        </control>
        <control type="label">
          <description>Time / Player</description>
          <posy>129</posy>
          <posx>290</posx>
          <font>font12</font>
          <include>TVShowListInfoViewLabel</include>
          <label>[B][COLOR=MediaInfoHeaderColor]Time:[/COLOR][/B] $INFO[Player.Time] [B][COLOR=MediaInfoHeaderColor]Duration:[/COLOR][/B] $INFO[Player.Duration]</label>
        </control>
        <control type="progress" id="1">
          <description>Progress Bar</description>
          <posx>290</posx>
          <posy>148</posy>
          <width>316</width>
          <info>Player.Progress</info>
        </control>
      </control>
    </control>
    <!-- overlay video for list info view -->
  </include>
</includes>
