<includes>
	<include file="Defaults.xml"/>
	<include file="Views.xml"/>
	<include file="ViewsCommon.xml"/>
	<include file="ViewsMovies.xml"/>
	<include file="ViewsTVShows.xml"/>
	<include file="ViewsMusic.xml"/>
	<include file="includes_Scrollbars.xml"/>
	<include file="includes_MenuBar.xml"/>
	<include file="includes_BreadCrumbs.xml"/>
	<include file="includes_Animations.xml"/>
	<include file="includes_Dialogs.xml"/>
	<include file="includes_Backgrounds.xml"/>
	<include file="Includes_MediaFlags.xml"/>
	<include file="includes_NowPlaying.xml"/>
	<include file="includes_OSDNotification.xml"/>
	<include file="includes_homeRecentlyAdded.xml"/>
	<include file="includes_Labels.xml"/>
	<include file="includes_3Dwraplist.xml"/>
	<include file="includes_InfoPane.xml"/>
	<include file="Includes_Weather.xml" />
	<include file="Includes_SmallVideoOverlay.xml" />
	
	<constant name="ScreenWidth">1280</constant>
	<constant name="ScreenHeight">720</constant>
	<constant name="DialogMarginOffsetX">40</constant>
	<constant name="DialogHeadingOffsetY">27</constant>
	<constant name="DialogMarginOffsetY">59</constant>
	<constant name="MenuBarOffsetY">44</constant>
	<constant name="BottomPaneOffsetY">646</constant>
	<constant name="BackgroundCrossfadeTime">600</constant>
	<constant name="IconCrossfadeTime">400</constant>
	<constant name="FanartCrossfadeTime">2000</constant>	
	<constant name="MediaFlagsCrossfadeTime">400</constant>
	<constant name="SortLetterOffsetY">280</constant>
	
	<include name="ScreenSize">
		<width>ScreenWidth</width>
		<height>ScreenHeight</height>
	</include>
	
	<include name="TopBarBackgroundColor2">
		<colordiffuse>ffBFBFBF</colordiffuse>
	</include>
	
	<include name="TopBarBackgroundColor3">
		<colordiffuse>ff3F3F3F</colordiffuse>
	</include>
	
	<include name="TopBarBackgroundColor4">
		<colordiffuse>ff454A4F</colordiffuse>
	</include>
	
	<include name="TopBarImage">
		<control type="image">
			<width>ScreenWidth</width>
			<height>53</height>
			<texture border="0,0,0,7">special://skin/images/skin/top-bar-background.png</texture>
			<include condition="Skin.String(TopBarColor,2)">TopBarBackgroundColor2</include>
			<include condition="Skin.String(TopBarColor,3)">TopBarBackgroundColor3</include>
			<include condition="Skin.String(TopBarColor,4)">TopBarBackgroundColor4</include>
		</control>
	</include>

	<include name="HomeSubMenuBarImage">
		<control type="image">
			<posy>-4</posy>
			<width>ScreenWidth</width>
			<height>39</height>
			<texture border="0,15,0,15">control-area-background.png</texture>
			<aspectratio aligny="top">scale</aspectratio>
		</control>		
	</include>
	
	<include name="HomeMenuPaneImage">
		<control type="image">
			<width>ScreenWidth</width>
			<height>114</height>
			<texture>bottom-bar-background.png</texture>	
			<visible>!Window.IsVisible(3006) + !Window.IsVisible(3007)</visible>
		</control>		
	</include>
	
	<include name="HomeMenuPaneOverlay">
		<control type="image">
			 <posy>6</posy>
			 <width>ScreenWidth</width>
			 <height>114</height>
			 <texture>bottom-bar-overlay.png</texture>
			 <visible>!Window.IsVisible(3006) + !Window.IsVisible(3007)</visible>
		</control>	
	</include>
	
	<include name="HomeSubMenuCoverTopImage">
		<control type="image">
			<width>ScreenWidth</width>
			<height>28</height>
			<texture>bottom-bar-background.png</texture>	
			<aspectratio aligny="top">scale</aspectratio>
		</control>		
	</include>

	<include name="HomeSubMenuCoverTopOverlay">
		<control type="image">
			 <description>Bottom Bar Overlay</description>
			 <posx>0</posx>
			 <posy>6</posy>
			 <width>ScreenWidth</width>
			 <height>22</height>
			 <visible>true</visible> 
			 <texture>bottom-bar-overlay.png</texture>
			 <aspectratio aligny="top">scale</aspectratio>
		</control>	
	</include>
	
	<include name="HomeSubMenuCoverBottomImage">
		<control type="image">
			<posy>28</posy>
			<width>ScreenWidth</width>
			<height>86</height>
			<texture>home-submenu-cover-bottom.png</texture>
			<visible>Window.IsVisible(3006) | Window.IsVisible(3007)</visible>
		</control>	
	</include>
	
	<include name="HomeSubMenuCoverBottomOverlay">
		<control type="image">
			<posy>28</posy>
			<width>ScreenWidth</width>
			<height>86</height>
			<texture>home-submenu-cover-bottom-overlay.png</texture>
			<visible>Window.IsVisible(3006) | Window.IsVisible(3007)</visible>	
		</control>		
	</include>
	
	<include name="ViewsDialogPopUpScreenDim">
		<control type="image">
			<include>ScreenSize</include>
			<texture>background-dim.png</texture>
			<animation effect="fade" start="0" end="50" time="500">Visible</animation>
			<animation effect="fade" start="50" end="0" time="450">Hidden</animation>
			<visible>!Skin.HasSetting(DoNotDimViewsScreen)</visible>
			<visible>Window.IsActive(3002) | Window.IsActive(3003) | Window.IsActive(3004) | Window.IsActive(3005) 
			| Window.IsActive(ContextMenu) | Window.IsActive(MediaSource) | Window.IsActive(ContentSettings) | Window.IsActive(ShutdownMenu) 
			| Window.IsActive(NumericInput) | Window.IsActive(PlayerControls) | Window.IsActive(Favourites)</visible>
		</control>
	</include>
	
	<include name="DialogPopUpScreenDim">
		<control type="image">
			<include>ScreenSize</include>
			<texture>background-dim.png</texture>
			<animation effect="fade" start="0" end="50" time="500">Visible</animation>
			<animation effect="fade" start="50" end="0" time="450">Hidden</animation>
			<visible>!Skin.HasSetting(DoNotDimScreen)</visible>
			<visible>Window.IsActive(ShutdownMenu) | Window.IsActive(NumericInput) | Window.IsActive(LockSettings) | Window.IsActive(PlayerControls) | Window.IsActive(Favourites)</visible>
		</control>
	</include>

	<include name="BottomPaneImage">
		<control type="image">
			<width>ScreenWidth</width>
			<height>74</height>
			<texture border="0,10,0,0">bottom-bar-background.png</texture>
			<include>BottomPaneFadeAnim</include>
		</control>	
	</include>
	
	<include name="BottomPaneOverlay">
		<control type="image">
			<posy>6</posy>
			<width>ScreenWidth</width>
			<height>74</height>
			<texture>bottom-bar-overlay.png</texture>
			<include>BottomPaneOverlayFadeAnim</include>
		</control>	
	</include>
	
	<include name="BottomPaneTopHighlightImage">
		<control type="image">
			<posy>-14</posy>
			<width>ScreenWidth</width>
			<height>14</height>
			<texture>bottom-bar-top.png</texture>
			<visible>!Skin.HasSetting(HideHomeBottomPaneWhiteHighlight)</visible>
			<include>BottomPaneTopHighlightFadeAnim</include>
		</control>			
	</include>

	<include name="InfoPaneImage">	
		<include>BottomPaneTopHighlightImage</include>
		<include>BottomPaneImage</include>
		<include>BottomPaneOverlay</include>
		<include>BottomPaneOpenCloseAnim</include>
		<include>InfoPaneSpecificCloseAnim</include>
		<visible>!Skin.HasSetting(HideInfoPane)</visible>
	</include>
	
	<include name="PlayerControlsPaneImage">
		<include>OSDBackground</include>
	</include>
	
	<!--<include name="PlayerControlsPaneImage">
		<include>BottomPaneTopHighlightImage</include>
		<include>BottomPaneImage</include>
		<include>BottomPaneOverlay</include>
	</include>-->
	
	<include name="WrapInfoViewPaneImage">
		<include>BottomPaneTopHighlightImage</include>
		
		<control type="image">
			<width>ScreenWidth</width>
			<height>145</height>
			<texture border="0,10,0,0">bottom-bar-background.png</texture>	
			<include>BottomPaneFadeAnim</include>
		</control>
	</include>
	
	<include name="LoginScreenPaneImage">	
		<include>BottomPaneTopHighlightImage</include>		
		
		<control type="image">
			<width>ScreenWidth</width>
			<height>50</height>
			<texture border="0,10,0,0">bottom-bar-background.png</texture>
			<include>BottomPaneFadeAnim</include>
		</control>	
		
		<control type="image">
			 <posy>6</posy>
			 <width>ScreenWidth</width>
			 <height>50</height>
			 <texture>bottom-bar-overlay.png</texture>
			 <include>BottomPaneOverlayFadeAnim</include>
		</control>	
	</include>
	
	<include name="InfoPaneHeadLabel">
		<posy>10</posy>
		<font>InfoPaneFont</font>
		<textcolor>InfoPaneColor</textcolor>
		<scroll>yes</scroll>
	</include>
	
	<include name="InfoPaneHeadLabel2">
		<posy>43</posy>
		<font>InfoPaneFont2</font>
		<textcolor>InfoPaneColor2</textcolor>
		<scroll>yes</scroll>
	</include>
	
	<include name="InfoPaneIcon">
		<posx>10</posx>
		<posy>10</posy>
		<width>54</width>
		<height>54</height>
		<fadetime>IconCrossfadeTime</fadetime>
		<aspectratio>keep</aspectratio>
		<animation effect="fade" end="70" condition="true">Conditional</animation>
	</include>
	
	<include name="InfoPaneMediaDetails">
		<control type="group">
			<visible>!Window.IsActive(VideoLibrary) + !Window.IsActive(MusicFiles) + !Window.IsActive(MusicLibrary)</visible>
			
			<control type="image">
				<include>InfoPaneIcon</include>
				<texture>$INFO[ListItem.Icon]</texture>	
			</control>
			
			<control type="label">
				<posx>80</posx>
				<width>1190</width>
				<include>InfoPaneHeadLabel</include>
				<label>$INFO[ListItem.Label]</label>	
			</control>
			
			<control type="label">
				<posx>80</posx>
				<posy>43</posy>
				<width>1190</width>
				<include>InfoPaneHeadLabel2</include>
				<label>$INFO[ListItem.Label2,,   ][COLOR=InfoPaneColor3]$INFO[Container.NumItems,[, $LOCALIZE[127]]][/COLOR]</label>
			</control>
		</control>
		
		<control type="group">
			<visible>Window.IsActive(VideoLibrary)</visible>
			
			<control type="image">
				<include>InfoPaneIcon</include>
				<!--<texture>$INFO[ListItem.Icon]</texture>	-->
				<texture>defaultvideo.png</texture>
			</control>
			
			<control type="label">
				<posx>80</posx>
				<width>800</width>
				<include>InfoPaneHeadLabel</include>
				<label>$INFO[ListItem.Label]</label>
			</control>
			
			<control type="label">
				<posx>80</posx>
				<posy>43</posy>
				<width>800</width>
				<include>InfoPaneHeadLabel2</include>
				<label>$INFO[ListItem.Label2,,   ][COLOR=InfoPaneColor3]$INFO[Container.NumItems,[, $LOCALIZE[127]]][/COLOR]</label>
				<visible>!Container.Content(TVShows)</visible>
			</control>
			
			<control type="label">
				<posx>80</posx>
				<posy>43</posy>
				<width>800</width>
				<include>InfoPaneHeadLabel2</include>
				<label>$INFO[ListItem.Label2,, ]$INFO[ListItem.Property(WatchedEpisodes),($LOCALIZE[16102] ]$INFO[ListItem.Property(UnWatchedEpisodes), - $LOCALIZE[16101] ,)   ]</label>
				<visible>Container.Content(TVShows)</visible>
			</control>

			<control type="grouplist">
				<description>Media Flags Area</description>
				<posx>585</posx>
				<posy>10</posy>
				<width>680</width>
				<height>60</height>
				<itemgap>6</itemgap>
				<align>right</align>
				<visible>[!System.Platform.Xbox + !Skin.HasSetting(HideMediaFlags)] | [System.Platform.Xbox + Skin.HasSetting(ShowMediaFlagsXbox)]</visible>
				<orientation>horizontal</orientation>
				<include>MediaFlagFadeAnim</include>
				<include>VideoMediaFlags</include>
				<include>AspectMediaFlags</include>
				<include>AudioMediaFlags</include>
				<include>MPAARatingMediaFlags</include>
				<include>OFLCRatingMediaFlags</include>
				<include>TVRatingMediaFlags</include>
				<include>StudioMediaFlag</include>
			</control>
		</control>
		
		<control type="group">
			<visible>Window.IsActive(MusicFiles) | Window.IsActive(MusicLibrary)</visible>
			
			<control type="image">
				<include>InfoPaneIcon</include>
				<texture>$INFO[ListItem.Icon]</texture>	
			</control>
			
			<control type="label">
				<posx>80</posx>
				<width>980</width>
				<include>InfoPaneHeadLabel</include>
				<label>$INFO[ListItem.Label]</label>	
			</control>
			
			<control type="label">
				<posx>80</posx>
				<posy>43</posy>
				<width>980</width>
				<include>InfoPaneHeadLabel2</include>
				<label>$INFO[ListItem.Label2,,   ][COLOR=InfoPaneColor3]$INFO[Container.NumItems,[, $LOCALIZE[127]]][/COLOR]</label>
			</control>
			
			
			<control type="image">
				<description>Star Rating</description>
				<posx>1080</posx>
				<posy>20</posy>
				<width>180</width>
				<height>40</height>
				<texture background="true">$INFO[ListItem.Rating]</texture>
				<aspectratio align="right">keep</aspectratio>
				<visible>Container.Content(Songs)</visible>
			</control>
			
			
		</control>
	</include>

	<include name="InfoPaneFileManagerDetails">	
		<control type="label">
			<posx>80</posx>
			<width>450</width>
			<include>InfoPaneHeadLabel</include>
			<label>$INFO[Container(20).ListItem.Label]</label>
			<visible>Control.HasFocus(20)</visible>
		</control>
		
		<control type="label">
			<posx>750</posx>
			<width>450</width>
			<include>InfoPaneHeadLabel</include>
			<label>$INFO[Container(21).ListItem.Label]</label>
			<visible>Control.HasFocus(21)</visible>
		</control>
				
		<control type="label">
			<posx>80</posx>
			<width>450</width>
			<include>InfoPaneHeadLabel2</include>
			<label>$INFO[Container(20).ListItem.Label2]</label>
			<visible>Control.HasFocus(20)</visible>
		</control>

		<control type="label">
			<posx>750</posx>
			<width>450</width>
			<include>InfoPaneHeadLabel2</include>
			<label>$INFO[Container(21).ListItem.Label2]</label>
			<visible>Control.HasFocus(21)</visible>
		</control>				
	</include>
	
	<include name="InfoPaneMusicPlaylistEditorDetails">	
		<control type="label">
			<posx>80</posx>
			<width>450</width>
			<include>InfoPaneHeadLabel</include>
			<label>$INFO[Container(50).ListItem.Label]</label>
			<visible>Control.HasFocus(50)</visible>
		</control>
		
		<control type="label">
			<posx>750</posx>
			<width>450</width>
			<include>InfoPaneHeadLabel</include>
			<label>$INFO[Container(100).ListItem.Label]</label>
			<visible>Control.HasFocus(100)</visible>
		</control>
				
		<control type="label">
			<posx>80</posx>
			<width>450</width>
			<include>InfoPaneHeadLabel2</include>
			<label>$INFO[Container(50).ListItem.Label2]</label>
			<visible>Control.HasFocus(50)</visible>
		</control>

		<control type="label">
			<posx>750</posx>
			<width>450</width>
			<include>InfoPaneHeadLabel2</include>
			<label>$INFO[Container(100).ListItem.Label2]</label>
			<visible>Control.HasFocus(100)</visible>
		</control>						
	</include>
	
	<include name="InfoPaneWeatherDetails">	
		<control type="image">
			<include>InfoPaneIcon</include>
			<texture>$INFO[Window(Weather).Property(Current.ConditionIcon)]</texture>
		</control>
		
		<control type="label">
			<posx>80</posx>
			<width>680</width>
			<include>InfoPaneHeadLabel</include>
			<label>$INFO[Weather.Location]</label>
		</control>
				
		<control type="label">
			<posx>80</posx>
			<width>680</width>
			<include>InfoPaneHeadLabel2</include>
			<label>$INFO[Window.Property(Updated),$LOCALIZE[31300] ]</label>
		</control>		
	</include>
	
	<include name="InfoPaneSettingsDetails">		
		<control type="image">
			<include>InfoPaneIcon</include>
			<texture>Settings.png</texture>
		</control>
		
		<control type="label" id="2">
			<posx>80</posx>
			<include>InfoPaneHeadLabel</include>
			<label>$INFO[ListItem.Label]</label>
		</control>
				
		<control type="label">
			<posx>80</posx>
			<include>InfoPaneHeadLabel2</include>
			<label>$LOCALIZE[31202]</label>
			<visible>Window.IsActive(AppearanceSettings)</visible>
		</control>

		<control type="label">
			<posx>80</posx>
			<include>InfoPaneHeadLabel2</include>
			<label>$LOCALIZE[31203]</label>
			<visible>Window.IsActive(ProgramsSettings)</visible>
		</control>

		<control type="label">
			<posx>80</posx>
			<include>InfoPaneHeadLabel2</include>
			<label>$LOCALIZE[31204]</label>
			<visible>Window.IsActive(PicturesSettings)</visible>
		</control>	
		
		<control type="label">
			<posx>80</posx>
			<include>InfoPaneHeadLabel2</include>
			<label>$LOCALIZE[31205]</label>
			<visible>Window.IsActive(MusicSettings)</visible>
		</control>	
		
		<control type="label">
			<posx>80</posx>
			<include>InfoPaneHeadLabel2</include>
			<label>$LOCALIZE[31206]</label>
			<visible>Window.IsActive(VideosSettings)</visible>
		</control>	
		
		<control type="label">
			<posx>80</posx>
			<include>InfoPaneHeadLabel2</include>
			<label>$LOCALIZE[31207]</label>
			<visible>Window.IsActive(WeatherSettings)</visible>
		</control>	
		
		<control type="label">
			<posx>80</posx>
			<include>InfoPaneHeadLabel2</include>
			<label>$LOCALIZE[31208]</label>
			<visible>Window.IsActive(NetworkSettings)</visible>
		</control>	
		
		<control type="label">
			<posx>80</posx>
			<include>InfoPaneHeadLabel2</include>
			<label>$LOCALIZE[31209]</label>
			<visible>Window.IsActive(SystemSettings)</visible>
		</control>	
	</include>
	
	<include name="InfoPaneSkinSettingsDetails">	
		<control type="image">
			<include>InfoPaneIcon</include>
			<texture>Settings.png</texture>
		</control>
		
		<control type="label">
			<posx>80</posx>
			<include>InfoPaneHeadLabel</include>
			<label>$LOCALIZE[20077]</label>
		</control>
		
		<control type="label">
			<posx>80</posx>
			<include>InfoPaneHeadLabel2</include>
			<label>$LOCALIZE[31210]</label>
		</control>		
	</include>
	
	<include name="InfoPaneProfileDetails">
		<control type="image">
			<include>InfoPaneIcon</include>
			<texture fallback="unknown-user.png">$INFO[Container(2).ListItem.Icon]</texture>
		</control>
		
		<control type="label">
			<posx>80</posx>
			<include>InfoPaneHeadLabel</include>
			<label>$INFO[Control.GetLabel(2)]</label>
		</control>

		<control type="label">
			<posx>80</posx>
			<include>InfoPaneHeadLabel2</include>
			<label>$LOCALIZE[13204] $INFO[System.ProfileName]</label>
		</control>		
	</include>

	<include name="LoginScreenPaneDetails">
		<control type="label">
			<posx>10</posx>
			<height>50</height>
			<font>HeadFont</font>
			<textcolor>DefaultColor</textcolor>
			<aligny>center</aligny>
			<label>$INFO[System.Date] [COLOR=LoginScreenInfoSeparatorColor]|[/COLOR] $INFO[System.Time] [COLOR=LoginScreenInfoSeparatorColor]|[/COLOR] [COLOR=DefaultColor4]$INFO[ListItem.Label2][/COLOR]</label>
		</control>
		
		<control type="grouplist" id="213">
			<posx>1155</posx>
			<posy>7</posy>
			<orientation>horizontal</orientation>
			<onup>52</onup>
			<onleft>213</onleft>
			<onright>213</onright>
			<control type="button" id="101">
				<description>Quit</description>
				<width>35</width>
				<height>35</height>
				<texturefocus>osd-exit-focus.png</texturefocus>
				<texturenofocus>osd-exit-nofocus.png</texturenofocus>
				<onclick>Quit()</onclick>
			</control>
			<control type="button" id="102">
				<description>Reboot</description>
				<width>35</width>
				<height>35</height>
				<texturefocus>osd-reboot-focus.png</texturefocus>
				<texturenofocus>osd-reboot-nofocus.png</texturenofocus>
				<onclick>Reset()</onclick>
			</control>	
			<control type="button" id="103">
				<description>Shutdown</description>
				<width>35</width>
				<height>35</height>
				<texturefocus>osd-shutdown-focus.png</texturefocus>
				<texturenofocus>osd-shutdown-nofocus.png</texturenofocus>
				<onclick>Shutdown()</onclick>
			</control>	
		</control>
	</include>
	
	<include name="DialogBackground">	
		<control type="image">
			<width>900</width>
			<height>520</height>
			<texture border="50,70,50,75">dialog-background.png</texture>
		</control>		
	</include>
	
	<include name="DialogTitle">
		<posx>DialogMarginOffsetX</posx>
		<posy>DialogHeadingOffsetY</posy>
		<width>600</width>
		<font>DialogTitleFont</font>
		<textcolor>DialogTitleColor</textcolor>
		<shadowcolor>ShadowColor</shadowcolor>
		<align>center</align>
		<aligny>center</aligny>
	</include>
	
	<include name="DialogTitle2">
		<posx>DialogMarginOffsetX</posx>
		<posy>DialogHeadingOffsetY</posy>
		<width>420</width>
		<font>DialogTitleFont</font>
		<textcolor>DialogTitleColor</textcolor>
		<shadowcolor>ShadowColor</shadowcolor>
		<align>center</align>
		<aligny>center</aligny>
	</include>
	
	<include name="FullscreenDialogTitle">
		<posx>DialogMarginOffsetX</posx>
		<posy>DialogHeadingOffsetY</posy>
		<width>410</width>
		<font>DialogTitleFont</font>
		<textcolor>DialogTitleColor</textcolor>
		<shadowcolor>ShadowColor</shadowcolor>
		<align>center</align>
		<aligny>center</aligny>
	</include>
	
	<include name="DialogMenuBarBtn">	
		<width>170</width>
		<height>46</height>
		<shadowcolor>ShadowColor</shadowcolor>
		<textwidth>160</textwidth>
		<texturefocus border="0,0,0,2">menu-bar-button-focus.png</texturefocus>
		<texturenofocus>-</texturenofocus>		
	</include>
	
	<include name="DialogMenuBarSmallBtn">	
		<width>150</width>
		<height>46</height>
		<shadowcolor>ShadowColor</shadowcolor>
		<textwidth>140</textwidth>
		<texturefocus border="0,0,0,2">menu-bar-button-focus.png</texturefocus>
		<texturenofocus>-</texturenofocus>		
	</include>

	<include name="HomeMenuCategoryFocusDim">	
		<width>300</width>
		<height>96</height>		
	</include>
	
	<include name="HomeMenuIconDim">	
		<width>256</width>
		<height>256</height>			
	</include>
	
	<include name="InfoViewCatLabel">
	   <width>180</width>
	   <font>HeadFont2B</font>
	   <textcolor>MediaInfoItemColor</textcolor>
	   <shadowcolor>ShadowColor</shadowcolor>  
	</include>
	
	<include name="InfoViewCatValueLabel">	
		<width>430</width>
		<font>HeadFont2</font>
		<textcolor>MediaInfoItemColor2</textcolor>
		<shadowcolor>ShadowColor</shadowcolor>	
		<scroll>yes</scroll>
	</include>
	
	<include name="MovieListInfoViewCatLabel">
	   <width>160</width>
	   <font>HeadFont2B</font>
	   <textcolor>MediaInfoItemColor</textcolor>
	   <shadowcolor>ShadowColor</shadowcolor>   
	</include>
	
	<include name="MovieListInfoViewCatValueLabel">	
		<width>305</width>
		<font>HeadFont2</font>
		<textcolor>MediaInfoItemColor2</textcolor>
		<shadowcolor>ShadowColor</shadowcolor>
		<scroll>yes</scroll>
	</include>
	
	<include name="MusicListInfoViewCatLabel">
	   <width>120</width>
	   <font>HeadFont2B</font>
	   <textcolor>MediaInfoItemColor</textcolor>
	   <shadowcolor>ShadowColor</shadowcolor>   
	</include>
	
	<include name="MusicListInfoViewCatValueLabel">	
		<width>259</width>
		<font>HeadFont2</font>
		<textcolor>MediaInfoItemColor2</textcolor>
		<shadowcolor>ShadowColor</shadowcolor>	
		<scroll>yes</scroll>
	</include>
	
	<include name="TVShowsListInfoViewCatLabel">
	   <width>120</width>
	   <font>HeadFont2B</font>
	   <textcolor>MediaInfoItemColor</textcolor>
	   <shadowcolor>ShadowColor</shadowcolor>   
	</include>
	
	<include name="TVShowsListInfoViewCatValueLabel">	
		<width>130</width>
		<font>HeadFont2</font>
		<textcolor>MediaInfoItemColor2</textcolor>
		<shadowcolor>ShadowColor</shadowcolor>	
		<scroll>yes</scroll>
	</include>
	
	<include name="MediaInfoCatLabel">	
		<width>130</width>
		<font>HeadFont2B</font>
		<textcolor>MediaInfoItemColor2</textcolor>		
	</include>
	
	<include name="MediaInfoCatValueLabel">	
		<width>510</width>
		<font>HeadFont2</font>
		<textcolor>MediaInfoItemColor2</textcolor>
		<scroll>yes</scroll>		
	</include>

	<include name="DialogBtn">	
		<width>120</width>	
		<textwidth>110</textwidth>
	</include>
	
	<include name="ContextMenuBtn">
		<width>280</width>
		<textwidth>270</textwidth>
		<scroll>yes</scroll>
	</include>
	
	<include name="ShutdownContextMenuBtn">
		<width>280</width>
		<textwidth>230</textwidth>
		<scroll>yes</scroll>
	</include>
	
	<include name="SettingsCatBtn">
		<width>250</width>
		<font>HeadFont2B</font>
		<textcolor>DefaultColor</textcolor>
		<shadowcolor>ShadowColor</shadowcolor>
		<align>left</align>
		<texturefocus border="5">button-focus.png</texturefocus>
		<texturenofocus border="5">-</texturenofocus>
		<pulseonselect>false</pulseonselect>
	</include>
	
	<include name="SettingsCatInactive">
		<width>250</width>
		<height>35</height>
		<texture border="5">button-focus.png</texture>
		<include>SettingsCatInactiveDimAnim</include>
	</include>
	
	<include name="SettingsContentBtn">
		<width>800</width>
		<font>HeadFont2</font>
		<textcolor>DefaultColor</textcolor>
		<shadowcolor>ShadowColor</shadowcolor>
		<align>left</align>
		<texturefocus border="5,2,10,0">button-list-focus.png</texturefocus>
		<texturenofocus border="5">-</texturenofocus>
		<alttexturefocus border="5,2,10,0">button-list-focus.png</alttexturefocus>
		<alttexturenofocus border="5">-</alttexturenofocus>
	</include>
	
	<include name="SettingsContentSmallBtn">
		<width>800</width>
		<font>SetttingsSmallFont</font>
		<textcolor>DefaultColor</textcolor>
		<shadowcolor>ShadowColor</shadowcolor>
		<align>left</align>
		<texturefocus border="58,2,10,0">button-subitem-focus.png</texturefocus>
		<texturenofocus border="53,2,0,0">button-subitem-nofocus.png</texturenofocus>
		<alttexturefocus border="58,2,10,0">button-subitem-focus.png</alttexturefocus>
		<alttexturenofocus border="53,2,0,0">button-subitem-nofocus.png</alttexturenofocus>
	</include>
	
	<include name="SettingsContentRadioBtn">
		<width>800</width>
		<font>HeadFont2</font>
		<textcolor>DefaultColor</textcolor>
		<shadowcolor>ShadowColor</shadowcolor>
		<align>left</align>
		<textureradiofocus>arrow-scroll-down-nofocus.png</textureradiofocus>
		<textureradionofocus>arrow-scroll-up-nofocus.png</textureradionofocus>
		<texturefocus border="5,2,0,0">button-list-focus.png</texturefocus>
		<texturenofocus border="5">-</texturenofocus>
	</include>
	
	<include name="KeyboardSmallBtn">	
		<width>48</width>
	    <height>48</height>
	    <font>DefaultFont</font>
		<texturefocus border="5">file-stacking.png</texturefocus>		
	</include>
	
	<include name="KeyboardBigBtn">	
		<width>98</width>
	    <height>48</height>	
		<texturefocus border="5">file-stacking.png</texturefocus>		
	</include>

	<include name="SystemTray">	
		<control type="group" id="600">
			<posx>1055</posx>
			<posy>4</posy>
			<defaultcontrol always="true">345</defaultcontrol>
	
			<control type="image">			
				<width>212</width>
				<height>35</height>
				<texture border="8">special://skin/images/skin/top-bar-status-background.png</texture>
				<visible>!Control.HasFocus(345) + !Control.HasFocus(346)</visible>
			</control>	
	
			<control type="image">
				<width>212</width>
				<height>35</height>
				<texture border="8">special://skin/images/skin/top-bar-status-background.png</texture>
				<visible>Control.HasFocus(345) | Control.HasFocus(346)</visible>
				<include>SystemTrayPulseAnim</include>
			</control>
		
			<control type="label">
				<description>Time</description>
				<posx>10</posx>
				<width>135</width>
				<height>35</height>
				<font>TimeFont</font>
				<textcolor>TopBarStatusColor</textcolor>
				<aligny>center</aligny>
				<label>$INFO[System.Time]</label>
			</control>

			<control type="button" id="346">
				<description>Eject Drive</description>
				<posx>145</posx>
				<posy>4</posy>
				<width>27</width>
				<height>27</height>
				<texturefocus>top-bar-eject-focus.png</texturefocus>
				<texturenofocus>top-bar-eject-nofocus.png</texturenofocus>
				<onclick>XBMC.EjectTray()</onclick>
				<pulseonselect>false</pulseonselect>
				<onup>-</onup>
				<ondown>850</ondown>
				<onleft>458</onleft>
				<onright>345</onright>
				<include>SystemTrayButtonFocusAnim</include>
				<include>SystemTrayEjectIconFadeAnim</include>
			</control>
			
			<control type="button" id="345">
				<description>Shutdown</description>
				<posx>176</posx>
				<posy>4</posy>
				<width>27</width>
				<height>27</height>
				<texturefocus>top-bar-power-focus.png</texturefocus>
				<texturenofocus>top-bar-power-nofocus.png</texturenofocus>
				<onclick>ActivateWindow(ShutdownMenu)</onclick>
				<pulseonselect>false</pulseonselect>
				<onup>-</onup>
				<ondown>850</ondown>
				<onleft>346</onleft>
				<onright>-</onright>
				<include>SystemTrayButtonFocusAnim</include>
				<include>SystemTrayShutdownIconFadeAnim</include>
			</control>
		</control>
	</include>
	
	<include name="MenuBarRSSFeeds">
		<control type="rss">
			<description>RSS Feeds</description>
			<posx>0</posx>
			<posy>6</posy>
			<width>ScreenWidth</width>
			<height>34</height>
			<font>Font_Lib18</font>
			<urlset>1</urlset>
			<textcolor>Grey</textcolor>
			<titlecolor>ThemeColor</titlecolor>
			<headlinecolor>Grey</headlinecolor>
		</control>
	</include>

	<include name="PLSongInfoLabel">
		<posx>100</posx>
		<width>200</width>
		<height>10</height>
		<font>MediaInfoFont</font>
		<textcolor>MediaInfoItemColor</textcolor>
		<shadowcolor>ShadowColor</shadowcolor>
		<align>center</align>
	</include>
	
	<include name="PLSongInfoLabel2">
		<posx>100</posx>
		<width>200</width>
		<height>35</height>
		<font>MediaInfoFont</font>
		<textcolor>MediaInfoItemColor2</textcolor>
		<shadowcolor>ShadowColor</shadowcolor>
		<align>center</align>
	</include>
	
	<include name="RewindSpeedLabels">
		<control type="label">
			<description>Rewind 2X</description>
			<width>450</width>
			<height>40</height>
			<posx>415</posx>
			<posy>-16</posy>
			<font>HeadFont2</font>
			<textcolor>ProgressLabelColor</textcolor>
			<align>center</align>
			<label>$LOCALIZE[31201] 2X</label>
			<visible>Player.Rewinding2x + !Player.Seeking</visible>
		</control>
		
		<control type="label">
			<description>Rewind 4X</description>
			<width>450</width>
			<height>40</height>
			<posx>415</posx>
			<posy>-16</posy>
			<font>HeadFont2</font>
			<textcolor>ProgressLabelColor</textcolor>
			<align>center</align>
			<label>$LOCALIZE[31201] 4X</label>
			<visible>Player.Rewinding4x + !Player.Seeking</visible>
		</control>
		
		<control type="label">
			<description>Rewind 8X</description>
			<width>450</width>
			<height>40</height>
			<posx>415</posx>
			<posy>-16</posy>
			<font>HeadFont2</font>
			<textcolor>ProgressLabelColor</textcolor>
			<align>center</align>
			<label>$LOCALIZE[31201] 8X</label>
			<visible>Player.Rewinding8x + !Player.Seeking</visible>
		</control>
		
		<control type="label">
			<description>Rewind 16X</description>
			<width>450</width>
			<height>40</height>
			<posx>415</posx>
			<posy>-16</posy>
			<font>HeadFont2</font>
			<textcolor>ProgressLabelColor</textcolor>
			<align>center</align>
			<label>$LOCALIZE[31201] 16X</label>
			<visible>Player.Rewinding16x + !Player.Seeking</visible>
		</control>
		
		<control type="label">
			<description>Rewind 32X</description>
			<width>450</width>
			<height>40</height>
			<posx>415</posx>
			<posy>-16</posy>
			<font>HeadFont2</font>
			<textcolor>ProgressLabelColor</textcolor>
			<align>center</align>
			<label>$LOCALIZE[31201] 32X</label>
			<visible>Player.Rewinding32x + !Player.Seeking</visible>
		</control>
	</include>
	
	<include name="FastForwardSpeedLabels">
		<control type="label">
			<description>Fast Forward 2X</description>
			<width>450</width>
			<height>40</height>
			<posx>415</posx>
			<posy>-16</posy>
			<font>HeadFont2</font>
			<textcolor>ProgressLabelColor</textcolor>
			<align>center</align>
			<label>$LOCALIZE[31200] 2X</label>
			<visible>Player.Forwarding2x + !Player.Seeking</visible>
		</control>
		
		<control type="label">
			<description>Fast Forward 4X</description>
			<width>450</width>
			<height>40</height>
			<posx>415</posx>
			<posy>-16</posy>
			<font>HeadFont2</font>
			<textcolor>ProgressLabelColor</textcolor>
			<align>center</align>
			<label>$LOCALIZE[31200] 4X</label>
			<visible>Player.Forwarding4x + !Player.Seeking</visible>
		</control>
		
		<control type="label">
			<description>Fast Forward 8X</description>
			<width>450</width>
			<height>40</height>
			<posx>415</posx>
			<posy>-16</posy>
			<font>HeadFont2</font>
			<textcolor>ProgressLabelColor</textcolor>
			<align>center</align>
			<label>$LOCALIZE[31200] 8X</label>
			<visible>Player.Forwarding8x + !Player.Seeking</visible>
		</control>
		
		<control type="label">
			<description>Fast Forward 16X</description>
			<width>450</width>
			<height>40</height>
			<posx>415</posx>
			<posy>-16</posy>
			<font>HeadFont2</font>
			<textcolor>ProgressLabelColor</textcolor>
			<align>center</align>
			<label>$LOCALIZE[31200] 16X</label>
			<visible>Player.Forwarding16x + !Player.Seeking</visible>
		</control>
		
		<control type="label">
			<description>Fast Forward 32X</description>
			<width>450</width>
			<height>40</height>
			<posx>415</posx>
			<posy>-16</posy>
			<font>HeadFont2</font>
			<textcolor>ProgressLabelColor</textcolor>
			<align>center</align>
			<label>$LOCALIZE[31200] 32X</label>
			<visible>Player.Forwarding32x + !Player.Seeking</visible>
		</control>
	</include>
	
	<include name="FileManagerDividerPaneImage">
		<control type="image">
			<posy>-1</posy>
			<posx>535</posx>
			<width>210</width>
			<height>587</height>
			<texture border="2">filemanger-divider-pane.png</texture>
		</control>
	</include>
	
	
	
	
	
	
	
	
	
	<include name="PreviousUp">
		<width>28</width>
		<height>28</height>
		<texture>arrow-scroll-up-focus2.png</texture>
	</include>
	
	<include name="NextDown">
		<width>28</width>
		<height>28</height>
		<texture flipy="true">arrow-scroll-up-focus2.png</texture>
	</include>
	
	<include name="FSMediaInfoBackground">
		<control type="image">
			<width>ScreenWidth</width>
			<height>146</height>
			<texture border="2">fullscreen-info-background.png</texture>
		</control>
	</include>
	
	<include name="ListMediaControlAreaBackground">
		<control type="image">
			<posy>325</posy>
			<width>ScreenWidth</width>
			<height>326</height>
			<texture border="0,15,0,15">control-area-background.png</texture>
			<include>ControlAreaBackgroundFadeAnim</include>
		</control>
		
		<control type="image">
			 <posy>330</posy>
			 <width>ScreenWidth</width>
			 <height>316</height>
			 <texture>bottom-bar-overlay.png</texture>
			 <animation effect="fade" end="50" condition="true">Conditional</animation> 
		</control>	
	</include>
	
	<include name="ShowcaseMediaControlAreaBackground">
		<control type="image">
			<posy>480</posy>
			<width>ScreenWidth</width>
			<height>170</height>
			<texture border="0,15,0,15">control-area-background.png</texture>
			<include>ControlAreaBackgroundFadeAnim</include>
		</control>
		
		<control type="image">
			 <posy>480</posy>
			 <width>ScreenWidth</width>
			 <height>170</height>
			 <texture>bottom-bar-overlay.png</texture>
			 <animation effect="fade" end="50" condition="true">Conditional</animation> 
		</control>	
	</include>
	
	<include name="FullControlAreaBackground">
		<control type="image">
			 <posy>MenuBarOffsetY</posy>
			 <width>ScreenWidth</width>
			 <height>676</height>		
			 <texture>control-area-background2.png</texture>
			 <include>MediaViewOpenCloseAnim</include>
		</control>
	</include>
	
	<include name="CustomBackgroundPreview">
		<posx>100</posx>
		<posy>384</posy>
		<width>240</width>
		<height>200</height>
		<aspectratio aligny="middle">keep</aspectratio>
	</include>
	
	<include name="MediaPlayingNotification">
		<control type="group">
			<posx>780</posx>
			<posy>4</posy>
			<visible>Player.HasMedia</visible>
			<include>MediaPlayingNotificationOpenCloseAnim</include>
			<include>MediaPlayingNotificationShiftAnim</include>
			<include>MediaPlayingNotificationShiftAnim2</include>
			<include>MediaPlayingNotificationShiftAnim3</include>

			<control type="image">
				<width>270</width>
				<height>35</height>
				<texture border="8">special://skin/images/skin/top-bar-status-background.png</texture>
			</control>

			<control type="image">
				<posx>8</posx>
				<posy>5</posy>
				<width>25</width>
				<height>25</height>
				<texture>defaultaudio.png.png</texture>
				<visible>Player.HasAudio</visible>
				<include>MediaPlayingPulseAnim</include>
			</control>

			<control type="image">
				<posx>8</posx>
				<posy>5</posy>
				<width>25</width>
				<height>25</height>
				<texture>defaultvideo.png.png</texture>
				<visible>Player.HasVideo</visible>
				<include>MediaPlayingPulseAnim</include>
			</control>
			
			<control type="group">
				<posx>40</posx>
				<posy>3</posy>
				<width>224</width>
				<height>36</height>
				<visible>Player.HasAudio</visible>
				<control type="fadelabel">
					<description>Caption</description>
					<posx>0</posx>
					<posy>0</posy>
					<width>224</width>
					<height>15</height>
					<scrollout>false</scrollout>
					<font>ScanContentFont</font>
					<textcolor>TopBarStatusColor</textcolor>
					<align>left</align>
					<aligny>center</aligny>
					<pauseatend>4000</pauseatend>
					<info>MusicPlayer.Title</info>
					<info>MusicPlayer.Artist</info>
					<info>MusicPlayer.Album</info>
					<info>MusicPlayer.Year</info>
				</control>
			
				<control type="label">
					<description>Current Directory</description>
					<posx>0</posx>
					<posy>15</posy>
					<width>224</width>
					<height>15</height>
					<font>ScanContentFont2</font>
					<textcolor>TopBarStatusColor</textcolor>
					<align>left</align>
					<aligny>center</aligny>
					<label>$INFO[Player.Time] / $INFO[Player.Duration]</label>
				</control>
			</control>
			
			<control type="group">
				<posx>40</posx>
				<posy>3</posy>
				<width>224</width>
				<height>36</height>
				<visible>Player.HasVideo</visible>
				<control type="label">
					<description>Caption</description>
					<posx>0</posx>
					<posy>0</posy>
					<width>224</width>
					<height>15</height>
					<font>ScanContentFont</font>
					<textcolor>TopBarStatusColor</textcolor>
					<align>left</align>
					<aligny>center</aligny>
					<label>$INFO[VideoPlayer.Title] ($INFO[VideoPlayer.Year])</label>
				</control>
			
				<control type="label">
					<description>Current Directory</description>
					<posx>0</posx>
					<posy>15</posy>
					<width>224</width>
					<height>15</height>
					<font>ScanContentFont2</font>
					<textcolor>TopBarStatusColor</textcolor>
					<align>left</align>
					<aligny>center</aligny>
					<label>$INFO[Player.Time] / $INFO[Player.Duration]</label>
				</control>
			</control>
		</control>
	</include>
	
	<include name="WeatherNotification">
		<control type="group" id="456">
			<posx>950</posx>
			<posy>4</posy>
			<visible>[[Skin.HasSetting(ShowWeatherNotification) + Window.IsActive(Home)] | [Skin.HasSetting(ShowWeatherNotification) + !Window.IsActive(Home) + Skin.HasSetting(ApplyAllWeatherNotification)]]
			+ !Window.IsActive(133) + !Window.IsActive(112) + !Window.IsActive(VolumeBar) + !Window.IsActive(MuteBug) + !Player.HasMedia</visible>
			<include>WeatherNotificationOpenCloseAnim</include>
			
			<control type="button" id="458">
				<width>100</width>
				<height>35</height>
				<texturefocus border="8">special://skin/images/skin/top-bar-status-background.png</texturefocus>
				<texturenofocus border="8">special://skin/images/skin/top-bar-status-background.png</texturenofocus>
				<onclick>ActivateWindow(MyWeather)</onclick>
				<ondown>850</ondown>
				<onright>346</onright>
			</control>
			
			<control type="image" id="457">
				<posx>8</posx>
				<posy>4</posy>
				<width>27</width>
				<height>27</height>
				<texture>$INFO[Weather.Conditions]</texture>
			</control>
			
			<control type="label">
				<posx>92</posx>
				<width>55</width>
				<height>35</height>
				<font>VolumeFont</font>
				<textcolor>TopBarStatusColor</textcolor>
				<align>right</align>
				<aligny>center</aligny>
				<label>$INFO[Weather.Temperature]</label>
				<visible>!Control.HasFocus(458)</visible>
			</control>
			
			<control type="label">
				<posx>92</posx>
				<width>55</width>
				<height>35</height>
				<font>VolumeFont</font>
				<textcolor>TopBarStatusColor2</textcolor>
				<align>right</align>
				<aligny>center</aligny>
				<label>$INFO[Weather.Temperature]</label>
				<visible>Control.HasFocus(458)</visible>
			</control>
		</control>
	</include>
	
	<include name="SortLetterNotification">
		<visible>Container.Scrolling</visible>
		<animation effect="slide" start="-60,0" time="150" tween="cubic" easing="out">Visible</animation>
		<animation effect="slide" end="-60,0" time="150" delay="1000" tween="cubic" easing="out">Hidden</animation>
	
		<control type="image">
			<posx>-15</posx>
			<width>60</width>
			<height>60</height>
			<texture border="15">item-focus-background.png</texture>
		</control>
		
		<control type="label">
			<posx>-15</posx>
			<width>60</width>
			<height>60</height>
			<font>SortLetterFont</font>
			<textcolor>MediaInfoHeadColor</textcolor>
			<shadowcolor>ShadowColor</shadowcolor>
			<align>center</align>
			<aligny>center</aligny>
			<label>$INFO[ListItem.SortLetter]</label>
		</control>
	</include>
	<!---Wannabegt4--->
	<include name="WallInfoPaneImage">
		<include>WallBottomPaneTopHighlightImage</include>
		<include>WallBottomPaneImage</include>
		<include>WallBottomPaneOverlay</include>
	</include>
	
	<include name="WallBottomPaneOverlay">
		<control type="image">
			<width>ScreenWidth</width>
			<height>74</height>
			<texture>bottom-bar-overlay.png</texture>
			<include>BottomPaneOverlayFadeAnim</include>
		</control>	
	</include>
	
	<include name="WallBottomPaneImage">
		<control type="image">
			<width>ScreenWidth</width>
			<height>74</height>
			<texture border="0,10,0,0">bottom-bar-background.png</texture>
			<include>BottomPaneFadeAnim</include>
		</control>	
	</include>
	
	<include name="WallBottomPaneTopHighlightImage">
			<control type="image">
				<width>ScreenWidth</width>
				<height>14</height>
				<texture>bottom-bar-top.png</texture>
				<visible>!Skin.HasSetting(HideHomeBottomPaneWhiteHighlight)</visible>
				<include>BottomPaneTopHighlightFadeAnim</include>
			</control>	
	</include>
	
	<include name="WallInfoPaneMediaDetails">
		<control type="group">
			<visible>Window.IsActive(VideoLibrary)</visible>
			
			<control type="image">
				<include>InfoPaneIcon</include>
				<texture>$INFO[ListItem.Icon]</texture>
				<!--<texture>defaultvideo.png</texture>	-->
			</control>
			
			<control type="label">
				<posx>80</posx>
				<width>680</width>
				<include>InfoPaneHeaderLabel</include>
				<label>$INFO[ListItem.Label] ($INFO[ListItem.Year])</label>
			</control>
			
			<control type="label">
				<posx>80</posx>
				<posy>43</posy>
				<width>800</width>
				<include>InfoPaneDetailLabel</include>
				<label>$INFO[ListItem.Label2]</label>
				<visible>!Container.Content(TVShows)</visible>
			</control>
			
			<control type="label">
				<posx>80</posx>
				<posy>43</posy>
				<width>800</width>
				<include>InfoPaneHeaderLabel</include>
				<label>$INFO[ListItem.Label2,, ]$INFO[ListItem.Property(WatchedEpisodes),($LOCALIZE[16102] ]$INFO[ListItem.Property(UnWatchedEpisodes), - $LOCALIZE[16101] ,)   ]</label>
				<visible>Container.Content(TVShows)</visible>
			</control>

			<control type="grouplist">
				<description>Media Flags Area</description>
				<posx>585</posx>
				<posy>10</posy>
				<width>680</width>
				<height>60</height>
				<itemgap>6</itemgap>
				<align>right</align>
				<visible>[!System.Platform.Xbox + !Skin.HasSetting(HideMediaFlags)] | [System.Platform.Xbox + Skin.HasSetting(ShowMediaFlagsXbox)]</visible>
				<orientation>horizontal</orientation>
				<include>MediaFlagFadeAnim</include>
				<include>VideoMediaFlags</include>
				<include>AspectMediaFlags</include>
				<include>AudioMediaFlags</include>
				<include>MPAARatingMediaFlags</include>
				<include>OFLCRatingMediaFlags</include>
				<include>TVRatingMediaFlags</include>
				<include>StudioMediaFlag</include>
			</control>
		</control>
	</include>
<!---Wannabegt4--->	

<include name="Window_OpenClose_Left_Panel_Position_Normal">
		<posx>-177</posx>
		<posy>110</posy>
	</include>
	
	<include name="Window_OpenClose_Left_Panel_Position_Wide">
		<posx>-252</posx>
		<posy>110</posy>
	</include>
	
<include name="ButtonCommonValuesNormal">
		<width>178</width>
	</include>
	
	<include name="ButtonCommonValuesWide">
		<width>253</width>
	</include>
	
		<include name="ButtonCommonValues">
		<height>47</height>
		<font>font-20bc</font>
		<textcolor>white</textcolor>
		<focusedcolor>blue</focusedcolor>
		<shadowcolor>black</shadowcolor>
		<align>left</align>
		<aligny>center</aligny>
		<textoffsetx>10</textoffsetx>
		<include condition="!Skin.HasSetting(HateTransparency)">ButtonCommonValues1</include>
		<include condition="Skin.HasSetting(HateTransparency)">T-ButtonCommonValues1</include>
		<pulseonselect>true</pulseonselect>
		<include condition="!Skin.HasSetting(WideSideMenuButtons)">ButtonCommonValuesNormal</include>
		<include condition="Skin.HasSetting(WideSideMenuButtons)">ButtonCommonValuesWide</include>
	</include>
	
	<include name="ButtonCommonValues1">
		<texturefocus border="2">Button_Side_Focus.png</texturefocus>
		<texturenofocus border="2">Button_Side_NoFocus.png</texturenofocus>
	</include>
	
	<include name="ContentPanel">
		<include condition="Skin.HasSetting(HateTransparency)">T-Panel1</include>
		<control type="image">
			<posx>153</posx>
			<posy>88</posy>
			<width>976</width>
			<height>545</height>
			<texture border="30">panel.png</texture>
			<bordertexture border="45">panel-shadow.png</bordertexture>
			<bordersize>22</bordersize>
			<animation effect="zoom" start="153,88,976,545" end ="153,88,976,391" time="300" condition="[Control.IsVisible(55) | Control.IsVisible(56) | Control.IsVisible(598)] + Skin.HasSetting(FanartShort)">Conditional</animation>
			<animation effect="zoom" start="153,88,976,545" end ="153,88,976,820" time="300" condition="[Control.IsVisible(55) | Control.IsVisible(56) | Control.IsVisible(598)] + Skin.HasSetting(FanartLong)">Conditional</animation>
		</control>
	</include>
	<include name="ContentPanel2">
		<include condition="Skin.HasSetting(HateTransparency)">T-Panel8</include>
		<control type="image">
			<posx>53</posx>
			<posy>88</posy>
			<width>1176</width>
			<height>600</height>
			<texture border="30">panel.png</texture>
			<bordertexture border="45">panel-shadow.png</bordertexture>
			<bordersize>22</bordersize>
		</control>
	</include>
	
</includes>
