<includes>
	<include name="weather">
		<animation effect="slide" start="0,0" end="75,0" time="200" delay="200" tween="quadratic" easing="out" condition="ControlGroup(9001).HasFocus">Conditional</animation>
		<include>ContentPanel</include>
		<control type="group">
			<posx>175</posx>
			<posy>110</posy>
			<control type="image">
				<posx>0</posx>
				<posy>0</posy>
				<width>466</width>
				<height>35</height>
				<texture border="36,1,5,1">black-back-light-left.png</texture>
			</control>
			<control type="label">
				<description>update label</description>
				<posx>20</posx>
				<posy>0</posy>
				<width>225</width>
				<height>35</height>
				<font>Font_LibBold20</font>
				<label>[B]$LOCALIZE[143][/B]</label>
				<align>left</align>
				<aligny>center</aligny>
				<textcolor>White</textcolor>
			</control>
			<control type="label">
				<description>update time label</description>
				<posx>440</posx>
				<posy>0</posy>
				<width>225</width>
				<height>35</height>
				<font>Font_Lib20</font>
				<align>right</align>
				<aligny>center</aligny>
				<info>Window.Property(Updated)</info>
				<textcolor>White</textcolor>
			</control>
			<control type="label">
				<description>current temp Value</description>
				<posx>15</posx>
				<posy>60</posy>
				<width>220</width>
				<height>180</height>
				<font>Font_Lib80</font>
				<align>center</align>
				<aligny>center</aligny>
				<label>$INFO[Window.Property(Current.Temperature)]$INFO[System.TemperatureUnits]</label>
				<textcolor>White</textcolor>
				<shadowcolor>black</shadowcolor>
			</control>
			<include condition="!Skin.HasSetting(StaticWeatherIcons)">Weather_Animated_Current_Icon</include>
			<include condition="Skin.HasSetting(StaticWeatherIcons)">Weather_Current_Icon</include>
			<control type="label">
				<description>current condition label</description>
				<posx>20</posx>
				<posy>260</posy>
				<width>420</width>
				<height>30</height>
				<info>Window.Property(Current.Condition)</info>
				<wrapmultiline>true</wrapmultiline>
				<font>Font_Lib22</font>
				<align>center</align>
				<aligny>center</aligny>
				<textcolor>White</textcolor>
			</control>
			<control type="image">
				<posx>20</posx>
				<posy>327</posy>
				<width>420</width>
				<height>4</height>
				<texture>colouredseparator.png</texture>
			</control>
			<control type="label">
				<description>current feels like label</description>
				<posx>140</posx>
				<posy>340</posy>
				<height>35</height>
				<font>Font_Lib20</font>
				<align>right</align>
				<aligny>center</aligny>
				<label>$LOCALIZE[402] :</label>
				<textcolor>ThemeColor2</textcolor>
			</control>
			<control type="label">
				<description>current dew label</description>
				<posx>140</posx>
				<posy>370</posy>
				<height>35</height>
				<font>Font_Lib20</font>
				<align>right</align>
				<aligny>center</aligny>
				<label>$LOCALIZE[405] :</label>
				<textcolor>ThemeColor2</textcolor>
			</control>
			<control type="label">
				<description>current humidity label</description>
				<posx>140</posx>
				<posy>400</posy>
				<height>35</height>
				<font>Font_Lib20</font>
				<align>right</align>
				<aligny>center</aligny>
				<label>$LOCALIZE[406] :</label>
				<textcolor>ThemeColor2</textcolor>
			</control>
			<control type="label">
				<description>current UV Index label</description>
				<posx>140</posx>
				<posy>430</posy>
				<height>35</height>
				<font>Font_Lib20</font>
				<align>right</align>
				<aligny>center</aligny>
				<label>$LOCALIZE[403] :</label>
				<textcolor>ThemeColor2</textcolor>
			</control>
			<control type="label">
				<description>current Wind label</description>
				<posx>140</posx>
				<posy>460</posy>
				<height>35</height>
				<font>Font_Lib20</font>
				<align>right</align>
				<aligny>center</aligny>
				<label>$LOCALIZE[404] :</label>
				<textcolor>ThemeColor2</textcolor>
			</control>
			<control type="label">
				<description>current feels like Value</description>
				<posx>160</posx>
				<posy>340</posy>
				<height>35</height>
				<font>Font_Lib20</font>
				<align>left</align>
				<aligny>center</aligny>
				<label>$INFO[Window.Property(Current.FeelsLike)]$INFO[System.TemperatureUnits]</label>
				<textcolor>White</textcolor>
			</control>
			<control type="label">
				<description>current dew Value</description>
				<posx>160</posx>
				<posy>370</posy>
				<height>35</height>
				<font>Font_Lib20</font>
				<align>left</align>
				<aligny>center</aligny>
				<label>$INFO[Window.Property(Current.DewPoint)]$INFO[System.TemperatureUnits]</label>
				<textcolor>White</textcolor>
			</control>
			<control type="label">
				<description>current humidity Value</description>
				<posx>160</posx>
				<posy>400</posy>
				<height>35</height>
				<font>Font_Lib20</font>
				<align>left</align>
				<aligny>center</aligny>
				<info>Window.Property(Current.Humidity)</info>
				<textcolor>White</textcolor>
			</control>
			<control type="label">
				<description>current UV Index Value</description>
				<posx>160</posx>
				<posy>430</posy>
				<height>35</height>
				<font>Font_Lib20</font>
				<align>left</align>
				<aligny>center</aligny>
				<info>Window.Property(Current.UVIndex)</info>
				<textcolor>White</textcolor>
			</control>
			<control type="label">
				<description>current Wind Value</description>
				<posx>160</posx>
				<posy>460</posy>
				<height>35</height>
				<font>Font_Lib20</font>
				<align>left</align>
				<aligny>center</aligny>
				<info>Window.Property(Current.Wind)</info>
				<textcolor>White</textcolor>
			</control>
		</control>
		<control type="group">
			<description>day 0</description>
			<posx>639</posx>
			<posy>110</posy>
			<control type="image">
				<posx>0</posx>
				<posy>0</posy>
				<width>468</width>
				<height>35</height>
				<texture border="5,1,36,1">black-back-light-right.png</texture>
			</control>
			<control type="label">
				<description>Day label</description>
				<posx>20</posx>
				<posy>0</posy>
				<width>420</width>
				<height>35</height>
				<font>Font_LibBold20</font>
				<label>[B]$INFO[Window.Property(Day0.Title)][/B]</label>
				<align>left</align>
				<aligny>center</aligny>
				<textcolor>White</textcolor>
			</control>
			<include condition="!Skin.HasSetting(StaticWeatherIcons)">Weather_Animated_Day0_Icon</include>
			<include condition="Skin.HasSetting(StaticWeatherIcons)">Weather_Day0_Icon</include>
			<control type="label">
				<description>high label</description>
				<posx>40</posx>
				<posy>50</posy>
				<height>20</height>
				<font>Font_Lib20</font>
				<align>left</align>
				<aligny>center</aligny>
				<label>$LOCALIZE[393] :</label>
				<textcolor>ThemeColor2</textcolor>
				<visible>Weather.IsFetched</visible>
			</control>
			<control type="label">
				<description>high value</description>
				<posx>110</posx>
				<posy>50</posy>
				<height>20</height>
				<label>$INFO[Window.Property(Day0.HighTemp)]$INFO[System.TemperatureUnits]</label>
				<font>Font_Lib20</font>
				<align>left</align>
				<aligny>center</aligny>
				<textcolor>White</textcolor>
			</control>
			<control type="label">
				<description>low label</description>
				<posx>220</posx>
				<posy>50</posy>
				<height>20</height>
				<font>Font_Lib20</font>
				<align>left</align>
				<aligny>center</aligny>
				<label>$LOCALIZE[391] :</label>
				<textcolor>ThemeColor2</textcolor>
				<visible>Weather.IsFetched</visible>
			</control>
			<control type="label">
				<description>low value</description>
				<posx>290</posx>
				<posy>50</posy>
				<height>20</height>
				<label>$INFO[Window.Property(Day0.LowTemp)]$INFO[System.TemperatureUnits]</label>
				<font>Font_Lib20</font>
				<align>left</align>
				<aligny>center</aligny>
				<textcolor>White</textcolor>
			</control>
			<control type="label">
				<description>conditions label</description>
				<posx>40</posx>
				<posy>90</posy>
				<width>320</width>
				<height>20</height>
				<info>Window.Property(Day0.Outlook)</info>
				<font>Font_Lib20</font>
				<align>left</align>
				<aligny>center</aligny>
				<textcolor>White</textcolor>
			</control>
		</control>
		<control type="group">
			<description>day 1</description>
			<posx>639</posx>
			<posy>235</posy>
			<control type="image">
				<posx>0</posx>
				<posy>0</posy>
				<width>468</width>
				<height>35</height>
				<texture border="4">black-back-light-side.png</texture>
			</control>
			<control type="label">
				<description>Day label</description>
				<posx>20</posx>
				<posy>0</posy>
				<width>420</width>
				<height>35</height>
				<font>Font_LibBold20</font>
				<label>[B]$INFO[Window.Property(Day1.Title)][/B]</label>
				<align>left</align>
				<aligny>center</aligny>
				<textcolor>White</textcolor>
			</control>
			<include condition="!Skin.HasSetting(StaticWeatherIcons)">Weather_Animated_Day1_Icon</include>
			<include condition="Skin.HasSetting(StaticWeatherIcons)">Weather_Day1_Icon</include>
			<control type="label">
				<description>high label</description>
				<posx>40</posx>
				<posy>50</posy>
				<height>20</height>
				<font>Font_Lib20</font>
				<align>left</align>
				<aligny>center</aligny>
				<label>$LOCALIZE[393] :</label>
				<textcolor>ThemeColor2</textcolor>
				<visible>Weather.IsFetched</visible>
			</control>
			<control type="label">
				<description>high value</description>
				<posx>110</posx>
				<posy>50</posy>
				<height>20</height>
				<label>$INFO[Window.Property(Day1.HighTemp)]$INFO[System.TemperatureUnits]</label>
				<font>Font_Lib20</font>
				<align>left</align>
				<aligny>center</aligny>
				<textcolor>White</textcolor>
			</control>
			<control type="label">
				<description>low label</description>
				<posx>220</posx>
				<posy>50</posy>
				<height>20</height>
				<font>Font_Lib20</font>
				<align>left</align>
				<aligny>center</aligny>
				<label>$LOCALIZE[391] :</label>
				<textcolor>ThemeColor2</textcolor>
				<visible>Weather.IsFetched</visible>
			</control>
			<control type="label">
				<description>low value</description>
				<posx>290</posx>
				<posy>50</posy>
				<height>20</height>
				<label>$INFO[Window.Property(Day1.LowTemp)]$INFO[System.TemperatureUnits]</label>
				<font>Font_Lib20</font>
				<align>left</align>
				<aligny>center</aligny>
				<textcolor>White</textcolor>
			</control>
			<control type="label">
				<description>conditions label</description>
				<posx>40</posx>
				<posy>90</posy>
				<width>320</width>
				<height>20</height>
				<info>Window.Property(Day1.Outlook)</info>
				<font>Font_Lib20</font>
				<align>left</align>
				<aligny>center</aligny>
				<textcolor>White</textcolor>
			</control>
		</control>
		<control type="group">
			<description>day 2</description>
			<posx>639</posx>
			<posy>360</posy>
			<control type="image">
				<posx>0</posx>
				<posy>0</posy>
				<width>468</width>
				<height>35</height>
				<texture border="4">black-back-light-side.png</texture>
			</control>
			<control type="label">
				<description>Day label</description>
				<posx>20</posx>
				<posy>0</posy>
				<width>420</width>
				<height>35</height>
				<font>Font_LibBold20</font>
				<label>[B]$INFO[Window.Property(Day2.Title)][/B]</label>
				<align>left</align>
				<aligny>center</aligny>
				<textcolor>White</textcolor>
			</control>
			<include condition="!Skin.HasSetting(StaticWeatherIcons)">Weather_Animated_Day2_Icon</include>
			<include condition="Skin.HasSetting(StaticWeatherIcons)">Weather_Day2_Icon</include>
			<control type="label">
				<description>high label</description>
				<posx>40</posx>
				<posy>50</posy>
				<height>20</height>
				<font>Font_Lib20</font>
				<align>left</align>
				<aligny>center</aligny>
				<label>$LOCALIZE[393] :</label>
				<textcolor>ThemeColor2</textcolor>
				<visible>Weather.IsFetched</visible>
			</control>
			<control type="label">
				<description>high value</description>
				<posx>110</posx>
				<posy>50</posy>
				<height>20</height>
				<label>$INFO[Window.Property(Day2.HighTemp)]$INFO[System.TemperatureUnits]</label>
				<font>Font_Lib20</font>
				<align>left</align>
				<aligny>center</aligny>
				<textcolor>White</textcolor>
			</control>
			<control type="label">
				<description>low label</description>
				<posx>220</posx>
				<posy>50</posy>
				<height>20</height>
				<font>Font_Lib20</font>
				<align>left</align>
				<aligny>center</aligny>
				<label>$LOCALIZE[391] :</label>
				<textcolor>ThemeColor2</textcolor>
				<visible>Weather.IsFetched</visible>
			</control>
			<control type="label">
				<description>low value</description>
				<posx>290</posx>
				<posy>50</posy>
				<height>20</height>
				<label>$INFO[Window.Property(Day2.LowTemp)]$INFO[System.TemperatureUnits]</label>
				<font>Font_Lib20</font>
				<align>left</align>
				<aligny>center</aligny>
				<textcolor>White</textcolor>
			</control>
			<control type="label">
				<description>conditions label</description>
				<posx>40</posx>
				<posy>90</posy>
				<width>320</width>
				<height>20</height>
				<info>Window.Property(Day2.Outlook)</info>
				<font>Font_Lib20</font>
				<align>left</align>
				<aligny>center</aligny>
				<textcolor>White</textcolor>
			</control>
		</control>
		<control type="group">
			<description>day 3</description>
			<posx>639</posx>
			<posy>485</posy>
			<control type="image">
				<posx>0</posx>
				<posy>0</posy>
				<width>468</width>
				<height>35</height>
				<texture border="4">black-back-light-side.png</texture>
			</control>
			<control type="label">
				<description>Day label</description>
				<posx>20</posx>
				<posy>0</posy>
				<width>420</width>
				<height>35</height>
				<font>Font_LibBold20</font>
				<label>[B]$INFO[Window.Property(Day3.Title)][/B]</label>
				<align>left</align>
				<aligny>center</aligny>
				<textcolor>White</textcolor>
			</control>
			<include condition="!Skin.HasSetting(StaticWeatherIcons)">Weather_Animated_Day3_Icon</include>
			<include condition="Skin.HasSetting(StaticWeatherIcons)">Weather_Day3_Icon</include>
			<control type="label">
				<description>high label</description>
				<posx>40</posx>
				<posy>50</posy>
				<height>20</height>
				<font>Font_Lib20</font>
				<align>left</align>
				<aligny>center</aligny>
				<label>$LOCALIZE[393] :</label>
				<textcolor>ThemeColor2</textcolor>
				<visible>Weather.IsFetched</visible>
			</control>
			<control type="label">
				<description>high value</description>
				<posx>110</posx>
				<posy>50</posy>
				<height>20</height>
				<label>$INFO[Window.Property(Day3.HighTemp)]$INFO[System.TemperatureUnits]</label>
				<font>Font_Lib20</font>
				<align>left</align>
				<aligny>center</aligny>
				<textcolor>White</textcolor>
			</control>
			<control type="label">
				<description>low label</description>
				<posx>220</posx>
				<posy>50</posy>
				<height>20</height>
				<font>Font_Lib20</font>
				<align>left</align>
				<aligny>center</aligny>
				<label>$LOCALIZE[391] :</label>
				<textcolor>ThemeColor2</textcolor>
				<visible>Weather.IsFetched</visible>
			</control>
			<control type="label">
				<description>low value</description>
				<posx>290</posx>
				<posy>50</posy>
				<height>20</height>
				<label>$INFO[Window.Property(Day3.LowTemp)]$INFO[System.TemperatureUnits]</label>
				<font>Font_Lib20</font>
				<align>left</align>
				<aligny>center</aligny>
				<textcolor>White</textcolor>
			</control>
			<control type="label">
				<description>conditions label</description>
				<posx>40</posx>
				<posy>90</posy>
				<width>320</width>
				<height>20</height>
				<info>Window.Property(Day3.Outlook)</info>
				<font>Font_Lib20</font>
				<align>left</align>
				<aligny>center</aligny>
				<textcolor>White</textcolor>
			</control>
		</control>
		<control type="image">
			<posx>639</posx>
			<posy>112</posy>
			<height>497</height>
			<width>2</width>
			<texture>black.png</texture>
		</control>
	</include>
	<include name="Weather_Animated_Current_Icon">
		<control type="multiimage">
			<description>current weather icon</description>
			<posx>250</posx>
			<posy>60</posy>
			<width>180</width>
			<height>180</height>
			<imagepath>special://skin/images/foldericons/weather/$INFO[Window.Property(Current.FanartCode)]</imagepath>
			<timeperimage>100</timeperimage>
			<randomize>false</randomize>
			<fadetime>0</fadetime>
		</control>
	</include>
	<include name="Weather_Current_Icon">
		<control type="image">
			<description>current weather icon</description>
			<posx>230</posx>
			<posy>60</posy>
			<width>210</width>
			<height>180</height>
			<info>Window.Property(Current.ConditionIcon)</info>
			<aspectratio>keep</aspectratio>
		</control>
	</include>
	<include name="Weather_Animated_Day0_Icon">
		<control type="multiimage">
			<description>day icon</description>
			<posx>370</posx>
			<posy>40</posy>
			<height>80</height>
			<width>80</width>
			<imagepath>special://skin/images/foldericons/weather/$INFO[Window.Property(Day0.FanartCode)]</imagepath>
			<timeperimage>100</timeperimage>
			<randomize>false</randomize>
			<fadetime>0</fadetime>
		</control>
	</include>
	<include name="Weather_Day0_Icon">
		<control type="image">
			<description>day icon</description>
			<posx>370</posx>
			<posy>40</posy>
			<height>80</height>
			<width>80</width>
			<info>Window.Property(Day0.OutlookIcon)</info>
			<aspectratio align="right">keep</aspectratio>
		</control>
	</include>
	<include name="Weather_Animated_Day1_Icon">
		<control type="multiimage">
			<description>day icon</description>
			<posx>370</posx>
			<posy>40</posy>
			<height>80</height>
			<width>80</width>
			<imagepath>special://skin/images/foldericons/weather/$INFO[Window.Property(Day1.FanartCode)]</imagepath>
			<timeperimage>100</timeperimage>
			<randomize>false</randomize>
			<fadetime>0</fadetime>
		</control>
	</include>
	<include name="Weather_Day1_Icon">
		<control type="image">
			<description>day icon</description>
			<posx>370</posx>
			<posy>40</posy>
			<height>80</height>
			<width>80</width>
			<info>Window.Property(Day1.OutlookIcon)</info>
			<aspectratio align="right">keep</aspectratio>
		</control>
	</include>
	<include name="Weather_Animated_Day2_Icon">
		<control type="multiimage">
			<description>day icon</description>
			<posx>370</posx>
			<posy>40</posy>
			<height>80</height>
			<width>80</width>
			<imagepath>special://skin/images/foldericons/weather/$INFO[Window.Property(Day2.FanartCode)]</imagepath>
			<timeperimage>100</timeperimage>
			<randomize>false</randomize>
			<fadetime>0</fadetime>
		</control>
	</include>
	<include name="Weather_Day2_Icon">
		<control type="image">
			<description>day icon</description>
			<posx>370</posx>
			<posy>40</posy>
			<height>80</height>
			<width>80</width>
			<info>Window.Property(Day2.OutlookIcon)</info>
			<aspectratio align="right">keep</aspectratio>
		</control>
	</include>
	<include name="Weather_Animated_Day3_Icon">
		<control type="multiimage">
			<description>day icon</description>
			<posx>370</posx>
			<posy>40</posy>
			<height>80</height>
			<width>80</width>
			<imagepath>special://skin/images/foldericons/weather/$INFO[Window.Property(Day3.FanartCode)]</imagepath>
			<timeperimage>100</timeperimage>
			<randomize>false</randomize>
			<fadetime>0</fadetime>
		</control>
	</include>
	<include name="Weather_Day3_Icon">
		<control type="image">
			<description>day icon</description>
			<posx>370</posx>
			<posy>40</posy>
			<height>80</height>
			<width>80</width>
			<info>Window.Property(Day3.OutlookIcon)</info>
			<aspectratio align="right">keep</aspectratio>
		</control>
	</include>
	<include name="weatherplus">
		
		<control type="image">
			<posx>83</posx>
			<posy>53</posy>
			<width>1114</width>
			<height>425</height>
			<colordiffuse>AAFFFFFF</colordiffuse>
			<texture border="30">panel.png</texture>
			<bordertexture border="45">panel-shadow.png</bordertexture>
			<bordersize>22</bordersize>
		</control>
		<control type="group">
			<posx>125</posx>
			<posy>90</posy>
			<control type="label">
				<posx>0</posx>
				<posy>0</posy>
				<width>400</width>
				<height>20</height>
				<textcolor>ThemeColor</textcolor>
				<shadowcolor>ShadowColor</shadowcolor>
				<font>Font_Lib22</font>
				<label>[UPPERCASE][B]$INFO[Window(Weather).Property(Location)][/B][/UPPERCASE]</label>
			</control>	
			<control type="label">
				<posx>390</posx>
				<posy>25</posy>
				<width>400</width>
				<height>20</height>
				<align>right</align>
				<textcolor>ThemeColor2</textcolor>
				<font>Font_Lib20</font>
				<label>$INFO[Window(Weather).Property(Updated)]</label>
			</control>
			<include condition="!Skin.HasSetting(StaticWeatherIcons)">WeatherPlus_Animated_Current_Icon</include>
			<include condition="Skin.HasSetting(StaticWeatherIcons)">WeatherPlus_Current_Icon</include>
			<control type="label">
				<posx>188</posx>
				<posy>70</posy>
				<width>240</width>
				<height>80</height>
				<font>Font_Lib80</font>
				<textcolor>White</textcolor>
				<align>center</align>
				<label>$INFO[Window(Weather).Property(Current.Temperature)]$INFO[System.TemperatureUnits]</label>
			</control>
			<control type="label">
				<posx>198</posx>
				<posy>150</posy>
				<width>220</width>
				<height>20</height>
				<font>Font_Lib30</font>
				<align>center</align>
				<textcolor>ThemeColor2</textcolor>
				<wrapmultiline>true</wrapmultiline>
				<label fallback="-">$INFO[Window(Weather).Property(Hourly.1.Outlook)]</label>
			</control>
			<control type="label">
				<posx>114</posx>
				<posy>227</posy>
				<width>150</width>
				<height>20</height>
				<align>right</align>
				<textcolor>ThemeColor2</textcolor>
				<font>Font_Lib22</font>
				<label>$LOCALIZE[402][CR]$LOCALIZE[406][CR]$LOCALIZE[403][CR]$LOCALIZE[405][CR]$LOCALIZE[404]</label>
			</control>
			<control type="label">
				<posx>124</posx>
				<posy>227</posy>
				<width>250</width>
				<height>20</height>
				<font>Font_Lib22</font>
				<textcolor>White</textcolor>
				<label>$INFO[Window(Weather).Property(Current.FeelsLike)]$INFO[System.TemperatureUnits][CR]$INFO[Window(Weather).Property(Current.Humidity)][CR]$INFO[Window(Weather).Property(Current.UVIndex)][CR]$INFO[Window(Weather).Property(Current.DewPoint)]$INFO[System.TemperatureUnits][CR]$INFO[Window(Weather).Property(Current.Wind)]</label>
			</control>
		</control>
		<control type="image">
			<posx>540</posx>
			<posy>89</posy>
			<width>1</width>
			<height>350</height>
			<texture>colouredseparator2.png</texture>
		</control>
		<control type="multiimage">
			<description>radar multiimage</description>
			<posx>560</posx>
			<posy>90</posy>
			<width>600</width>
			<height>350</height>
			<aligny>center</aligny>
			<info>Window.Property(MapPath)</info>
			<texture diffuse="weather-diffuse.png"></texture>
			<timeperimage>1000</timeperimage>
			<pauseatend>1000</pauseatend>
			<fadetime>0</fadetime>
			<randomize>false</randomize>
			<loop>yes</loop>
		</control>
		
		<control type="image">
			<posx>90</posx>
			<posy>482</posy>
			<width>1100</width>
			<height>210</height>
			<texture diffuse="underlay-diffuse.png" border="20">underlay2.png</texture>
		</control>
		<control type="group">
			<posx>130</posx>
			<posy>170</posy>
			<control type="group">
				<posx>0</posx>
				<posy>300</posy>
				<control type="label">
					<posx>0</posx>
					<posy>20</posy>
					<width>130</width>
					<height>20</height>
					<align>center</align>
					<textcolor>ThemeColor</textcolor>
					<shadowcolor>ShadowColor</shadowcolor>
					<font>Font_LibBold20</font>
					<label fallback="-">[UPPERCASE][B]$INFO[Window(Weather).Property(Daily.1.ShortDay)][/B][/UPPERCASE]</label>
				</control>
				<control type="label">
					<posx>0</posx>
					<posy>40</posy>
					<width>130</width>
					<height>20</height>
					<align>center</align>
					<textcolor>ThemeColor2</textcolor>
					<font>Font_Lib18</font>
					<label fallback="-">$INFO[Window(Weather).Property(Daily.1.Date)]</label>
				</control>
				<control type="label">
					<posx>0</posx>
					<posy>60</posy>
					<width>130</width>
					<height>20</height>
					<align>center</align>
					<font>Font_Lib18</font>
					<textcolor>White</textcolor>
					<label fallback="-">$LOCALIZE[393]: $INFO[Window(Weather).Property(Daily.1.HighTemperature)]$INFO[System.TemperatureUnits]</label>
				</control>
				<control type="label">
					<posx>0</posx>
					<posy>77</posy>
					<width>130</width>
					<height>20</height>
					<align>center</align>
					<font>Font_Lib18</font>
					<textcolor>White</textcolor>
					<label fallback="-">$LOCALIZE[391]: $INFO[Window(Weather).Property(Daily.1.LowTemperature)]$INFO[System.TemperatureUnits]</label>
				</control>
				<include condition="!Skin.HasSetting(StaticWeatherIcons)">WeatherPlus_Animated_Day1_Icon</include>
				<include condition="Skin.HasSetting(StaticWeatherIcons)">WeatherPlus_Day1_Icon</include>
				<control type="label">
					<posx>0</posx>
					<posy>190</posy>
					<width>130</width>
					<height>20</height>
					<align>center</align>
					<aligny>center</aligny>
					<wrapmultiline>true</wrapmultiline>
					<textcolor>ThemeColor2</textcolor>
					<font>Font_Lib18</font>
					<label fallback="-">$INFO[Window(Weather).Property(Daily.1.Outlook)]</label>
				</control>
			</control>
			<control type="image">
				<posx>140</posx>
				<posy>330</posy>
				<width>1</width>
				<height>175</height>
				<texture>colouredseparator2.png</texture>
			</control>
			<control type="group">
				<posx>150</posx>
				<posy>300</posy>
				<control type="label">
					<posx>0</posx>
					<posy>20</posy>
					<width>130</width>
					<height>20</height>
					<align>center</align>
					<textcolor>ThemeColor</textcolor>
					<shadowcolor>ShadowColor</shadowcolor>
					<font>Font_LibBold20</font>
					<label fallback="-">[UPPERCASE][B]$INFO[Window(Weather).Property(Daily.2.ShortDay)][/B][/UPPERCASE]</label>
				</control>
				<control type="label">
					<posx>0</posx>
					<posy>40</posy>
					<width>130</width>
					<height>20</height>
					<align>center</align>
					<textcolor>ThemeColor2</textcolor>
					<font>Font_Lib18</font>
					<label fallback="-">$INFO[Window(Weather).Property(Daily.2.Date)]</label>
				</control>
				<control type="label">
					<posx>0</posx>
					<posy>60</posy>
					<width>130</width>
					<height>20</height>
					<align>center</align>
					<font>Font_Lib18</font>
					<textcolor>White</textcolor>
					<label fallback="-">$LOCALIZE[393]: $INFO[Window(Weather).Property(Daily.2.HighTemperature)]$INFO[System.TemperatureUnits]</label>
				</control>
				<control type="label">
					<posx>0</posx>
					<posy>77</posy>
					<width>130</width>
					<height>20</height>
					<align>center</align>
					<font>Font_Lib18</font>
					<textcolor>White</textcolor>
					<label fallback="-">$LOCALIZE[391]: $INFO[Window(Weather).Property(Daily.2.LowTemperature)]$INFO[System.TemperatureUnits]</label>
				</control>
				<include condition="!Skin.HasSetting(StaticWeatherIcons)">WeatherPlus_Animated_Day2_Icon</include>
				<include condition="Skin.HasSetting(StaticWeatherIcons)">WeatherPlus_Day2_Icon</include>
				<control type="label">
					<posx>0</posx>
					<posy>190</posy>
					<width>130</width>
					<height>20</height>
					<align>center</align>
					<aligny>center</aligny>
					<wrapmultiline>true</wrapmultiline>
					<textcolor>ThemeColor2</textcolor>
					<font>Font_Lib18</font>
					<label fallback="-">$INFO[Window(Weather).Property(Daily.2.Outlook)]</label>
				</control>
			</control>
			<control type="image">
				<posx>290</posx>
				<posy>330</posy>
				<width>1</width>
				<height>175</height>
				<texture>colouredseparator2.png</texture>
			</control>
			<control type="group">
				<posx>300</posx>
				<posy>300</posy>
				<control type="label">
					<posx>0</posx>
					<posy>20</posy>
					<width>130</width>
					<height>20</height>
					<align>center</align>
					<textcolor>ThemeColor</textcolor>
					<shadowcolor>ShadowColor</shadowcolor>
					<font>Font_LibBold20</font>
					<label fallback="-">[UPPERCASE][B]$INFO[Window(Weather).Property(Daily.3.ShortDay)][/B][/UPPERCASE]</label>
				</control>
				<control type="label">
					<posx>0</posx>
					<posy>40</posy>
					<width>130</width>
					<height>20</height>
					<align>center</align>
					<textcolor>ThemeColor2</textcolor>
					<font>Font_Lib18</font>
					<label fallback="-">$INFO[Window(Weather).Property(Daily.3.Date)]</label>
				</control>
				<control type="label">
					<posx>0</posx>
					<posy>60</posy>
					<width>130</width>
					<height>20</height>
					<align>center</align>
					<font>Font_Lib18</font>
					<textcolor>White</textcolor>
					<label fallback="-">$LOCALIZE[393]: $INFO[Window(Weather).Property(Daily.3.HighTemperature)]$INFO[System.TemperatureUnits]</label>
				</control>
				<control type="label">
					<posx>0</posx>
					<posy>77</posy>
					<width>130</width>
					<height>20</height>
					<align>center</align>
					<font>Font_Lib18</font>
					<textcolor>White</textcolor>
					<label fallback="-">$LOCALIZE[391]: $INFO[Window(Weather).Property(Daily.3.LowTemperature)]$INFO[System.TemperatureUnits]</label>
				</control>
				<include condition="!Skin.HasSetting(StaticWeatherIcons)">WeatherPlus_Animated_Day3_Icon</include>
				<include condition="Skin.HasSetting(StaticWeatherIcons)">WeatherPlus_Day3_Icon</include>
				<control type="label">
					<posx>0</posx>
					<posy>190</posy>
					<width>130</width>
					<height>20</height>
					<align>center</align>
					<aligny>center</aligny>
					<wrapmultiline>true</wrapmultiline>
					<textcolor>ThemeColor2</textcolor>
					<font>Font_Lib18</font>
					<label fallback="-">$INFO[Window(Weather).Property(Daily.3.Outlook)]</label>
				</control>
			</control>
			<control type="image">
				<posx>440</posx>
				<posy>330</posy>
				<width>1</width>
				<height>175</height>
				<texture>colouredseparator2.png</texture>
			</control>
			<control type="group">
				<posx>450</posx>
				<posy>300</posy>
				<control type="label">
					<posx>0</posx>
					<posy>20</posy>
					<width>130</width>
					<height>20</height>
					<align>center</align>
					<textcolor>ThemeColor</textcolor>
					<shadowcolor>ShadowColor</shadowcolor>
					<font>Font_LibBold20</font>
					<label fallback="-">[UPPERCASE][B]$INFO[Window(Weather).Property(Daily.4.ShortDay)][/B][/UPPERCASE]</label>
				</control>
				<control type="label">
					<posx>0</posx>
					<posy>40</posy>
					<width>130</width>
					<height>40</height>
					<align>center</align>
					<textcolor>ThemeColor2</textcolor>
					<font>Font_Lib18</font>
					<label fallback="-">$INFO[Window(Weather).Property(Daily.4.Date)]</label>
				</control>
				<control type="label">
					<posx>0</posx>
					<posy>60</posy>
					<width>130</width>
					<height>60</height>
					<align>center</align>
					<font>Font_Lib18</font>
					<textcolor>White</textcolor>
					<label fallback="-">$LOCALIZE[393]: $INFO[Window(Weather).Property(Daily.4.HighTemperature)]$INFO[System.TemperatureUnits]</label>
				</control>
				<control type="label">
					<posx>0</posx>
					<posy>77</posy>
					<width>130</width>
					<height>80</height>
					<align>center</align>
					<font>Font_Lib18</font>
					<textcolor>White</textcolor>
					<label fallback="-">$LOCALIZE[391]: $INFO[Window(Weather).Property(Daily.4.LowTemperature)]$INFO[System.TemperatureUnits]</label>
				</control>
				<include condition="!Skin.HasSetting(StaticWeatherIcons)">WeatherPlus_Animated_Day4_Icon</include>
				<include condition="Skin.HasSetting(StaticWeatherIcons)">WeatherPlus_Day4_Icon</include>
				<control type="label">
					<posx>0</posx>
					<posy>190</posy>
					<width>130</width>
					<height>20</height>
					<align>center</align>
					<aligny>center</aligny>
					<wrapmultiline>true</wrapmultiline>
					<textcolor>ThemeColor2</textcolor>
					<font>Font_Lib18</font>
					<label fallback="-">$INFO[Window(Weather).Property(Daily.4.Outlook)]</label>
				</control>
			</control>
			<control type="image">
				<posx>590</posx>
				<posy>330</posy>
				<width>1</width>
				<height>175</height>
				<texture>colouredseparator2.png</texture>
			</control>
			<control type="group">
				<posx>600</posx>
				<posy>300</posy>
				<control type="label">
					<posx>0</posx>
					<posy>20</posy>
					<width>130</width>
					<height>20</height>
					<align>center</align>
					<textcolor>ThemeColor</textcolor>
					<shadowcolor>ShadowColor</shadowcolor>
					<font>Font_LibBold20</font>
					<label fallback="-">[UPPERCASE][B]$INFO[Window(Weather).Property(Daily.5.ShortDay)][/B][/UPPERCASE]</label>
				</control>
				<control type="label">
					<posx>0</posx>
					<posy>40</posy>
					<width>130</width>
					<height>40</height>
					<align>center</align>
					<textcolor>ThemeColor2</textcolor>
					<font>Font_Lib18</font>
					<label fallback="-">$INFO[Window(Weather).Property(Daily.5.Date)]</label>
				</control>
				<control type="label">
					<posx>0</posx>
					<posy>60</posy>
					<width>130</width>
					<height>20</height>
					<align>center</align>
					<font>Font_Lib18</font>
					<textcolor>White</textcolor>
					<label fallback="-">$LOCALIZE[393]: $INFO[Window(Weather).Property(Daily.5.HighTemperature)]$INFO[System.TemperatureUnits]</label>
				</control>
				<control type="label">
					<posx>0</posx>
					<posy>77</posy>
					<width>130</width>
					<height>20</height>
					<align>center</align>
					<font>Font_Lib18</font>
					<textcolor>White</textcolor>
					<label fallback="-">$LOCALIZE[391]: $INFO[Window(Weather).Property(Daily.5.LowTemperature)]$INFO[System.TemperatureUnits]</label>
				</control>
				<include condition="!Skin.HasSetting(StaticWeatherIcons)">WeatherPlus_Animated_Day5_Icon</include>
				<include condition="Skin.HasSetting(StaticWeatherIcons)">WeatherPlus_Day5_Icon</include>
				<control type="label">
					<posx>0</posx>
					<posy>190</posy>
					<width>130</width>
					<height>20</height>
					<align>center</align>
					<aligny>center</aligny>
					<wrapmultiline>true</wrapmultiline>
					<textcolor>ThemeColor2</textcolor>
					<font>Font_Lib18</font>
					<label fallback="-">$INFO[Window(Weather).Property(Daily.5.Outlook)]</label>
				</control>
			</control>
			<control type="image">
				<posx>740</posx>
				<posy>330</posy>
				<width>1</width>
				<height>175</height>
				<texture>colouredseparator2.png</texture>
			</control>
			<control type="group">
				<posx>750</posx>
				<posy>300</posy>
				<control type="label">
					<posx>0</posx>
					<posy>20</posy>
					<width>130</width>
					<height>20</height>
					<align>center</align>
					<textcolor>ThemeColor</textcolor>
					<shadowcolor>ShadowColor</shadowcolor>
					<font>Font_LibBold20</font>
					<label fallback="-">[UPPERCASE][B]$INFO[Window(Weather).Property(Daily.6.ShortDay)][/B][/UPPERCASE]</label>
				</control>
				<control type="label">
					<posx>0</posx>
					<posy>40</posy>
					<width>130</width>
					<height>20</height>
					<align>center</align>
					<textcolor>ThemeColor2</textcolor>
					<font>Font_Lib18</font>
					<label fallback="-">$INFO[Window(Weather).Property(Daily.6.Date)]</label>
				</control>
				<control type="label">
					<posx>0</posx>
					<posy>60</posy>
					<width>130</width>
					<height>20</height>
					<align>center</align>
					<font>Font_Lib18</font>
					<textcolor>White</textcolor>
					<label fallback="-">$LOCALIZE[393]: $INFO[Window(Weather).Property(Daily.6.HighTemperature)]$INFO[System.TemperatureUnits]</label>
				</control>
				<control type="label">
					<posx>0</posx>
					<posy>77</posy>
					<width>130</width>
					<height>20</height>
					<align>center</align>
					<font>Font_Lib18</font>
					<textcolor>White</textcolor>
					<label fallback="-">$LOCALIZE[391]: $INFO[Window(Weather).Property(Daily.6.LowTemperature)]$INFO[System.TemperatureUnits]</label>
				</control>
				<include condition="!Skin.HasSetting(StaticWeatherIcons)">WeatherPlus_Animated_Day6_Icon</include>
				<include condition="Skin.HasSetting(StaticWeatherIcons)">WeatherPlus_Day6_Icon</include>
				<control type="label">
					<posx>0</posx>
					<posy>190</posy>
					<width>130</width>
					<height>20</height>
					<align>center</align>
					<aligny>center</aligny>
					<wrapmultiline>true</wrapmultiline>
					<textcolor>ThemeColor2</textcolor>
					<font>Font_Lib18</font>
					<label fallback="-">$INFO[Window(Weather).Property(Daily.6.Outlook)]</label>
				</control>
			</control>
			<control type="image">
				<posx>890</posx>
				<posy>330</posy>
				<width>1</width>
				<height>175</height>
				<texture>colouredseparator2.png</texture>
			</control>
			<control type="group">
				<posx>900</posx>
				<posy>300</posy>
				<control type="label">
					<posx>0</posx>
					<posy>20</posy>
					<width>130</width>
					<height>20</height>
					<align>center</align>
					<textcolor>ThemeColor</textcolor>
					<shadowcolor>ShadowColor</shadowcolor>
					<font>Font_LibBold20</font>
					<label fallback="-">[UPPERCASE][B]$INFO[Window(Weather).Property(Daily.7.ShortDay)][/B][/UPPERCASE]</label>
				</control>
				<control type="label">
					<posx>0</posx>
					<posy>40</posy>
					<width>130</width>
					<height>20</height>
					<align>center</align>
					<textcolor>ThemeColor2</textcolor>
					<font>Font_Lib18</font>
					<label fallback="-">$INFO[Window(Weather).Property(Daily.7.Date)]</label>
				</control>
				<control type="label">
					<posx>0</posx>
					<posy>60</posy>
					<width>130</width>
					<height>20</height>
					<align>center</align>
					<font>Font_Lib18</font>
					<textcolor>White</textcolor>
					<label fallback="-">$LOCALIZE[393]: $INFO[Window(Weather).Property(Daily.7.HighTemperature)]$INFO[System.TemperatureUnits]</label>
				</control>
				<control type="label">
					<posx>0</posx>
					<posy>77</posy>
					<width>130</width>
					<height>20</height>
					<align>center</align>
					<font>Font_Lib18</font>
					<textcolor>White</textcolor>
					<label fallback="-">$LOCALIZE[391]: $INFO[Window(Weather).Property(Daily.7.LowTemperature)]$INFO[System.TemperatureUnits]</label>
				</control>
				<include condition="!Skin.HasSetting(StaticWeatherIcons)">WeatherPlus_Animated_Day7_Icon</include>
				<include condition="Skin.HasSetting(StaticWeatherIcons)">WeatherPlus_Day7_Icon</include>
				<control type="label">
					<posx>0</posx>
					<posy>190</posy>
					<width>130</width>
					<height>20</height>
					<align>center</align>
					<aligny>center</aligny>
					<wrapmultiline>true</wrapmultiline>
					<textcolor>ThemeColor2</textcolor>
					<font>Font_Lib18</font>
					<label fallback="-">$INFO[Window(Weather).Property(Daily.7.Outlook)]</label>
				</control>
			</control>
		</control>
	</include>
	<include name="WeatherPlus_Current_Icon">
		<control type="image">
			<posx>0</posx>
			<posy>35</posy>
			<width>200</width>
			<height>200</height>
			<texture>$INFO[Window(Weather).Property(Current.ConditionIcon)]</texture>
		</control>
	</include>
	<include name="WeatherPlus_Animated_Current_Icon">
		<control type="multiimage">
			<posx>0</posx>
			<posy>35</posy>
			<width>200</width>
			<height>200</height>
			<imagepath>special://skin/images/foldericons/weather/$INFO[Window.Property(Current.FanartCode)]</imagepath>
			<timeperimage>100</timeperimage>
			<randomize>false</randomize>
			<fadetime>0</fadetime>
		</control>
	</include>
	<include name="WeatherPlus_Day1_Icon">
		<control type="image">
			<posx>20</posx>
			<posy>100</posy>
			<width>90</width>
			<height>90</height>
			<texture>$INFO[Window(Weather).Property(Daily.1.OutlookIcon)]</texture>
		</control>
	</include>
	<include name="WeatherPlus_Animated_Day1_Icon">
		<control type="multiimage">
			<posx>20</posx>
			<posy>100</posy>
			<width>90</width>
			<height>90</height>
			<imagepath>special://skin/images/foldericons/weather/$INFO[Window(Weather).Property(Daily.1.FanartCode)]</imagepath>
			<timeperimage>100</timeperimage>
			<randomize>false</randomize>
			<fadetime>0</fadetime>
		</control>
	</include>
	<include name="WeatherPlus_Day2_Icon">
		<control type="image">
			<posx>20</posx>
			<posy>100</posy>
			<width>90</width>
			<height>90</height>
			<texture>$INFO[Window(Weather).Property(Daily.2.OutlookIcon)]</texture>
		</control>
	</include>
	<include name="WeatherPlus_Animated_Day2_Icon">
		<control type="multiimage">
			<posx>20</posx>
			<posy>100</posy>
			<width>90</width>
			<height>90</height>
			<imagepath>special://skin/images/foldericons/weather/$INFO[Window(Weather).Property(Daily.3.FanartCode)]</imagepath>
			<timeperimage>100</timeperimage>
			<randomize>false</randomize>
			<fadetime>0</fadetime>
		</control>
	</include>
	<include name="WeatherPlus_Day3_Icon">
		<control type="image">
			<posx>20</posx>
			<posy>100</posy>
			<width>90</width>
			<height>90</height>
			<texture>$INFO[Window(Weather).Property(Daily.3.OutlookIcon)]</texture>
		</control>
	</include>
	<include name="WeatherPlus_Animated_Day3_Icon">
		<control type="multiimage">
			<posx>20</posx>
			<posy>100</posy>
			<width>90</width>
			<height>90</height>
			<imagepath>special://skin/images/foldericons/weather/$INFO[Window(Weather).Property(Daily.3.FanartCode)]</imagepath>
			<timeperimage>100</timeperimage>
			<randomize>false</randomize>
			<fadetime>0</fadetime>
		</control>
	</include>
	<include name="WeatherPlus_Day4_Icon">
		<control type="image">
			<posx>20</posx>
			<posy>100</posy>
			<width>90</width>
			<height>90</height>
			<texture>$INFO[Window(Weather).Property(Daily.4.OutlookIcon)]</texture>
		</control>
	</include>
	<include name="WeatherPlus_Animated_Day4_Icon">
		<control type="multiimage">
			<posx>20</posx>
			<posy>100</posy>
			<width>90</width>
			<height>90</height>
			<imagepath>special://skin/images/foldericons/weather/$INFO[Window(Weather).Property(Daily.4.FanartCode)]</imagepath>
			<timeperimage>100</timeperimage>
			<randomize>false</randomize>
			<fadetime>0</fadetime>
		</control>
	</include>
	<include name="WeatherPlus_Day5_Icon">
		<control type="image">
			<posx>20</posx>
			<posy>100</posy>
			<width>90</width>
			<height>90</height>
			<texture>$INFO[Window(Weather).Property(Daily.5.OutlookIcon)]</texture>
		</control>
	</include>
	<include name="WeatherPlus_Animated_Day5_Icon">
		<control type="multiimage">
			<posx>20</posx>
			<posy>100</posy>
			<width>90</width>
			<height>90</height>
			<imagepath>special://skin/images/foldericons/weather/$INFO[Window(Weather).Property(Daily.5.FanartCode)]</imagepath>
			<timeperimage>100</timeperimage>
			<randomize>false</randomize>
			<fadetime>0</fadetime>
		</control>
	</include>
	<include name="WeatherPlus_Day6_Icon">
		<control type="image">
			<posx>20</posx>
			<posy>100</posy>
			<width>90</width>
			<height>90</height>
			<texture>$INFO[Window(Weather).Property(Daily.6.OutlookIcon)]</texture>
		</control>
	</include>
	<include name="WeatherPlus_Animated_Day6_Icon">
		<control type="multiimage">
			<posx>20</posx>
			<posy>100</posy>
			<width>90</width>
			<height>90</height>
			<imagepath>special://skin/images/foldericons/weather/$INFO[Window(Weather).Property(Daily.6.FanartCode)]</imagepath>
			<timeperimage>100</timeperimage>
			<randomize>false</randomize>
			<fadetime>0</fadetime>
		</control>
	</include>
	<include name="WeatherPlus_Day7_Icon">
		<control type="image">
			<posx>20</posx>
			<posy>100</posy>
			<width>90</width>
			<height>90</height>
			<texture>$INFO[Window(Weather).Property(Daily.7.OutlookIcon)]</texture>
		</control>
	</include>
	<include name="WeatherPlus_Animated_Day7_Icon">
		<control type="multiimage">
			<posx>20</posx>
			<posy>100</posy>
			<width>90</width>
			<height>90</height>
			<imagepath>special://skin/images/foldericons/weather/$INFO[Window(Weather).Property(Daily.7.FanartCode)]</imagepath>
			<timeperimage>100</timeperimage>
			<randomize>false</randomize>
			<fadetime>0</fadetime>
		</control>
	</include>
</includes>
