<includes>
	<include name="OSDNotification">
		<control type="group">
			<include>OSDOpenCloseAnim</include>
			<visible>!Window.IsVisible(2901)</visible>
			<width>250</width>
			<height>70</height>
			<posx>1000</posx>
			<posy>40</posy>
		
			<control type="image">
				<width>250</width>
				<height>70</height>
				<texture>osd-notification-rewindx.png</texture>
				<visible>Player.Rewindingx</visible>
			</control>
			
			<control type="image">
				<width>250</width>
				<height>70</height>
				<texture>osd-notification-fastforwardx.png</texture>
				<visible>Player.Forwardingx</visible>
			</control>
			
			<control type="image">
				<width>250</width>
				<height>70</height>
				<texture>osd-notification-paused.png</texture>
				<visible>Player.Paused</visible>
			</control>
		</control>	
	</include>
</includes>