<window id="29">
	<defaultcontrol always="true">52</defaultcontrol>
	<allowoverlay>no</allowoverlay>
	
	<controls>
		<include>LoginScreenBackground</include>

		<control type="group" id="213">
			<posy>670</posy>
			<include>LoginScreenPaneImage</include>
			<include>LoginScreenPaneDetails</include>
		</control>
		
		<!--
		<control type="label">
			<posx>340</posx>
			<posy>200</posy>
			<include>DialogTitle</include>
			<label>$LOCALIZE[20115]</label>
		</control>
		-->
			
		<control type="group">
			<posx>295</posx>
			<posy>260</posy>

			<control type="wraplist" id="52">
				<description>Profiles Area</description>
				<posx>5</posx>
				<posy>5</posy>
				<width>690</width>
				<height>138</height>
				<focusposition>2</focusposition>
				<orientation>horizontal</orientation>
				<ondown>213</ondown>
				<itemlayout width="138" height="138">
					<control type="image">
						<width>134</width>
						<height>134</height>
						<texture border="15">item-focus-background.png</texture>
						<animation effect="fade" end="40" condition="true">Conditional</animation>
					</control>
					<control type="image">
						<posx>12</posx>
						<posy>12</posy>	
						<width>110</width>
						<height>110</height>
						<info>ListItem.Icon</info>
						<aspectratio align="middle" aligny="middle">keep</aspectratio>
						<animation effect="fade" end="40" condition="true">Conditional</animation>
					</control>	
				</itemlayout>
				<focusedlayout width="138" height="138">
					<control type="image">
						<width>134</width>
						<height>134</height>
						<texture border="15">item-focus-background2.png</texture>
					</control>			
					<control type="image">
						<posx>12</posx>
						<posy>12</posy>
						<width>110</width>
						<height>110</height>
						<info>ListItem.Icon</info>
						<aspectratio align="middle" aligny="middle">keep</aspectratio>
					</control>
				</focusedlayout>
			</control>
			
			<control type="image">
				<posy>145</posy>
				<width>690</width>
				<texture>separator2.png</texture>
			</control>
			
			<control type="label">
				<posy>155</posy>
				<width>690</width>
				<font>ProfileNameFont</font>
				<textcolor>DefaultColor</textcolor>
				<shadowcolor>ShadowColor</shadowcolor>
				<align>center</align>
				<label>$INFO[ListItem.Label]</label>
			</control>
		</control>
	</controls>
</window>