<window type="dialog" id="120">
	<defaultcontrol>112</defaultcontrol>
	<include>OSDOpenCloseAnim</include>
	
	<coordinates>
		<system>1</system>
		<posx>40</posx>
		<posy>586</posy>
	</coordinates>
	
	<controls>
		<control type="group">
		
			<control type="image">
				<width>1200</width>
				<height>90</height>
				<texture>osd-background.png</texture>
			</control>

			<control type="label">
				<description>Title</description>
				<posx>20</posx>
				<posy>20</posy>
				<width>600</width>
				<height>20</height>
				<font>OSDItemFont</font>
				<textcolor>MediaInfoHeadColor</textcolor>
				<label>$INFO[MusicPlayer.Title]</label>
			</control>
			
			<control type="label">
				<description>Director</description>
				<posx>20</posx>
				<posy>36</posy>
				<width>600</width>
				<height>20</height>
				<font>OSDDetailFont</font>
				<textcolor>BreadCrumbColor</textcolor>
				<label>on [B]'$INFO[MusicPlayer.Album]'[/B] by [B]$INFO[MusicPlayer.Artist][/B]</label>
			</control>
				
			<control type="label">
				<description>Time</description>
				<posx>820</posx>
				<posy>20</posy>
				<width>200</width>
				<height>20</height>
				<font>OSDItemFont</font>
				<textcolor>MediaInfoHeadColor</textcolor>
				<align>right</align>
				<info>System.Time</info>
			</control>	
				
				<control type="label">
					<description>Rating</description>
					<posx>820</posx>
					<posy>36</posy>
					<width>200</width>
					<height>20</height>
					<font>OSDDetailFont</font>
					<textcolor>BreadCrumbColor</textcolor>
					<align>right</align>
					<label>$INFO[MusicPlayer.Time] / $INFO[MusicPlayer.Duration]</label>
				</control>
			
				<control type="progress">
					<description>Progressbar</description>
					<posx>20</posx>
					<posy>56</posy>
					<width>800</width>
					<info>Player.Progress</info>
				</control>
			
			<control type="grouplist" id="201">
				<visible allowhiddenfocus="true">Control.HasFocus(100) | Control.HasFocus(101) | Control.HasFocus(102) | Control.HasFocus(103) | Control.HasFocus(104) | Control.HasFocus(105) | Control.HasFocus(106) | Control.HasFocus(107) | Control.HasFocus(108)</visible>
				<description>Player Settings</description>
				<posx>820</posx>
				<posy>20</posy>
				<width>360</width>
				<height>48</height>
				<itemgap>10</itemgap>
				<usecontrolcoords>true</usecontrolcoords>
				<orientation>horizontal</orientation>	
				<onup>112</onup>
				<ondown>112</ondown>
				<onleft>112</onleft>
				<onright>112</onright>
				<align>right</align>
				
				<control type="button" id="100">
					<description>Exit Fullscreen</description>
					<width>35</width>
					<height>35</height>
					<texturefocus>osd-exit-fullscreen-focus.png</texturefocus>
					<texturenofocus>osd-exit-fullscreen-nofocus.png</texturenofocus>
					<onclick>Dialog.Close(MusicOSD,true)</onclick>
					<onclick>FullScreen</onclick>
				</control>	
				<control type="button" id="101">
					<description>Repeat</description>
					<width>40</width>
					<height>40</height>
					<texturefocus>-</texturefocus>
					<texturenofocus>-</texturenofocus>
					<onclick>PlayerControl(Repeat)</onclick>
				</control>
				<control type="togglebutton" id="102">
					<description>Random</description>
					<width>40</width>
					<height>40</height>
					<texturefocus>osd-random-off-focus.png</texturefocus>
					<texturenofocus>osd-random-off-nofocus.png</texturenofocus>
					<usealttexture>Playlist.IsRandom</usealttexture>
					<alttexturefocus>osd-random-on-focus.png</alttexturefocus>
					<alttexturenofocus>osd-random-on-nofocus.png</alttexturenofocus>
					<onclick>PlayerControl(Random)</onclick>
				</control>
				<control type="button" id="103">
					<description>Playlist</description>
					<width>35</width>
					<height>35</height>
					<texturefocus>osd-playlist-focus.png</texturefocus>
					<texturenofocus>osd-playlist-nofocus.png</texturenofocus>
					<onclick>ActivateWindow(MusicPlaylist)</onclick>
				</control>		
				<control type="button" id="104">
					<description>Visualisation</description>
					<width>35</width>
					<height>35</height>
					<texturefocus>osd-viz-focus.png</texturefocus>
					<texturenofocus>osd-viz-nofocus.png</texturenofocus>
				</control>			
				<control type="button" id="105">
					<description>Visualisation Presets</description>
					<width>35</width>
					<height>35</height>
					<texturefocus>osd-viz-presets-focus.png</texturefocus>
					<texturenofocus>osd-viz-presets-nofocus.png</texturenofocus>
					<onclick>ActivateWindow(VisualisationPresetList)</onclick>
				</control>		
				<control type="button" id="106">
					<description>Rec</description>
					<width>40</width>
					<height>40</height>
					<texturefocus>osd-record-focus.png</texturefocus>
					<texturenofocus>osd-record-nofocus.png</texturenofocus>
					<onclick>PlayerControl(Record)</onclick>
					<visible>Player.CanRecord</visible>
				</control>		
				<control type="button" id="107">
					<description>Rec 2</description>
					<width>40</width>
					<height>40</height>
					<texturefocus>-</texturefocus>
					<texturenofocus>osd-record-2.png</texturenofocus>
					<onclick>PlayerControl(Record)</onclick>
					<visible>Player.CanRecord + Player.Recording</visible>
				</control>
				<control type="button" id="108">
					<description>Visualisation Preset Settings</description>
					<width>35</width>
					<height>35</height>
					<texturefocus>osd-viz-preset-settings-focus.png</texturefocus>
					<texturenofocus>osd-viz-preset-settings-nofocus.png</texturenofocus>
					<onclick>ActivateWindow(VisualisationSettings)</onclick>
				</control>
				<!--<control type="image">
					<description>Repeat No Focus</description>
					<width>40</width>
					<height>40</height>
					<texture>osd-repeat-nofocus.png</texture>
					<visible>!Playlist.IsRepeat + !Playlist.IsRepeatOne</visible>
				</control>
				<control type="image">
					<description>Repeat Focus</description>
					<width>40</width>
					<height>40</height>
					<texture>osd-repeat-focus.png</texture>
					<visible>!Playlist.IsRepeat + !Playlist.IsRepeatOne</visible>
				</control>
				<control type="image">
					<description>Repeat One No Focus</description>
					<width>40</width>
					<height>40</height>
					<texture>osd-repeat-one-nofocus.png</texture>
					<visible>Playlist.IsRepeatOne</visible>
				</control>
				<control type="image">
					<description>Repeat One Focus</description>
					<width>40</width>
					<height>40</height>
					<texture>osd-repeat-one-focus.png</texture>
					<visible>Playlist.IsRepeatOne</visible>
				</control>
				<control type="image">
					<description>Repeat All No Focus</description>
					<width>40</width>
					<height>40</height>
					<texture>osd-repeat-all-nofocus.png</texture>
					<visible>Playlist.IsRepeat</visible>
				</control>
				<control type="image">
					<description>Repeat All Focus</description>
					<width>40</width>
					<height>40</height>
					<texture>osd-repeat-all-focus.png</texture>
					<visible>Playlist.IsRepeat</visible>
				</control>-->
			</control>
		
			<control type="grouplist" id="202">
				<visible allowhiddenfocus="true">Control.HasFocus(109) | Control.HasFocus(110) | Control.HasFocus(111) | Control.HasFocus(112) | Control.HasFocus(113) | Control.HasFocus(114)</visible>
				<description>Player Controls</description>
				<posx>820</posx>
				<posy>20</posy>
				<width>360</width>
				<height>48</height>
				<itemgap>10</itemgap>
				<usecontrolcoords>true</usecontrolcoords>
				<orientation>horizontal</orientation>	
				<onup>100</onup>
				<ondown>100</ondown>
				<onleft>100</onleft>
				<onright>100</onright>
				<align>right</align>
				<control type="button" id="109">
					<description>Skip Prev</description>
					<width>48</width>
					<height>48</height>
					<texturefocus>osd-skip-prev-focus.png</texturefocus>
					<texturenofocus>osd-skip-prev-nofocus.png</texturenofocus>
					<onclick>PlayerControl(Previous)</onclick>
				</control>
				<control type="button" id="110">
					<description>Rewind</description>
					<width>48</width>
					<height>48</height>
					<texturefocus>osd-rewind-focus.png</texturefocus>
					<texturenofocus>osd-rewind-nofocus.png</texturenofocus>
					<onclick>PlayerControl(Rewind)</onclick>
				</control>
				<control type="button" id="111">
					<description>Stop</description>
					<width>48</width>
					<height>48</height>
					<texturefocus>osd-stop-focus.png</texturefocus>
					<texturenofocus>osd-stop-nofocus.png</texturenofocus>
					<onclick>PlayerControl(Stop)</onclick>
				</control>
				<control type="togglebutton" id="112">
					<description>Pause/Play</description>
					<width>48</width>
					<height>48</height>
					<texturefocus>osd-pause-focus.png</texturefocus>
					<texturenofocus>osd-pause-nofocus.png</texturenofocus>
					<alttexturefocus>osd-play-focus.png</alttexturefocus>
					<alttexturenofocus>osd-play-nofocus.png</alttexturenofocus>
					<usealttexture>Player.Paused | Player.Forwarding | Player.Rewinding</usealttexture>
					<onclick>PlayerControl(Play)</onclick>
				</control>
				<control type="button" id="113">
					<description>Forward</description>
					<width>48</width>
					<height>48</height>
					<texturefocus>osd-forward-focus.png</texturefocus>
					<texturenofocus>osd-forward-nofocus.png</texturenofocus>
					<onclick>PlayerControl(Forward)</onclick>
				</control>		
				<control type="button" id="114">
					<description>Skip Next</description>
					<width>48</width>
					<height>48</height>
					<texturefocus>osd-skip-next-focus.png</texturefocus>
					<texturenofocus>osd-skip-next-nofocus.png</texturenofocus>
					<onclick>PlayerControl(Next)</onclick>
				</control>
			</control>
		</control>
		
		<control type="group" id="210">		
			<description>Visualisation Select Dialog Area</description>
			<posx>250</posx>
			<posy>-10</posy>	
			<visible allowhiddenfocus="false">Control.HasFocus(503)</visible>
			<include>VizSelectDialogOpenCloseAnim</include>
			
			<control type="selectbutton" id="503">
				<description>Visualisation Select</description>
				<posx>0</posx>
				<width>225</width>
				<height>100</height>
				<font>HeadFont</font>
				<textcolor>DefaultColor</textcolor>
				<selectedcolor>SelectedColor</selectedcolor>
				<disabledcolor>DisabledColor</disabledcolor>
				<align>center</align>
				<aligny>center</aligny>
				<textwidth>173</textwidth>
				<texturebg>-</texturebg>
				<textureleft>arrow-scroll-left-nofocus2.png</textureleft>
				<textureleftfocus>arrow-scroll-left-focus2.png</textureleftfocus>
				<textureright flipx="true">arrow-scroll-left-nofocus2.png</textureright>
				<texturerightfocus flipx="true">arrow-scroll-left-focus2.png</texturerightfocus>
				<ondown>500</ondown>
				<onleft>503</onleft>
				<onright>503</onright>
			</control>			
		</control>
	</controls>	
</window>