<window id="500">
	<defaultcontrol always="true">500</defaultcontrol>
	<allowoverlay>yes</allowoverlay>
	
	<controls>
		<control type="group">	
			<include>BackgroundMusic</include>
			<include>BackgroundFSVideo</include>
			<include>BackgroundFSViz</include>
			<include>BackgroundDim</include>
			<include>BackgroundOpenCloseAnim</include>
		</control>

		<control type="group">
			<include>IconView</include>
			<include>BigIconView</include>
			<include>ListView</include>
			<include>ViewsScreenFullFadeAnim</include>			
		</control>	
		
		<control type="group" id="505">	
			<description>Menu Bar Area</description>	
			<posy>MenuBarOffsetY</posy>	
			<visible>!Window.IsActive(MusicInformation)</visible>	
			<include>MenuBarImage</include>
			<include>DefaultMenuBar</include>
			<include>MenuBarOpenCloseAnim</include>	
		</control>

		<control type="group">
			<description>Top Bar Area</description>	
			<include>TopBarImage</include>
			<include>SystemTray</include>
			<include>BreadCrumbMusicPlaylist</include>
			<include>WeatherNotification</include>
			<include>MediaPlayingNotification</include>
		</control>
	</controls>	
</window>