<window id="25">
	<defaultcontrol always="true">500</defaultcontrol>
	<allowoverlay>yes</allowoverlay>
	<previouswindow>Home</previouswindow>
	<views>50,51,52,53,54,55,56,57,58,59,60,61,76,79,80,62,63,65,66,77,68,74,75</views>
	
	
	<controls>
		<control type="group">		
			<include>BackgroundMovies</include>
			<include>BackgroundTVShows</include>
			<include>BackgroundNoContent</include>
			<include>BackgroundFanart</include>
			<include>BackgroundFSVideo</include>
			<include>BackgroundFSViz</include>
			
			<!-- <include>BackgroundDim</include>  -->
			<include>BackgroundOpenCloseAnim</include>
		</control>
		
		<control type="group">
			<include>IconView</include> <!-- 50 -->
			<include>BigIconView</include> <!-- 51 -->
			<include>ListView</include> <!-- 52 -->
			<include>MoviesWrapListInfoView</include> <!-- 53 -->
			<include>DVDThumbnailView</include> <!-- 54 -->
			<include>MoviesWideIconView</include> <!-- 55 -->
			<include>TVShowsWideIconView</include> <!-- 56 -->
			<include>EpisodesWideIconView</include> <!-- 57 -->
			<include>MoviesListInfoView</include> <!-- 58 -->
			<include>MoviesFanartView</include> <!-- 59 -->
			<include>TVShowsEpisodeView</include> <!-- 60 -->
			<include>TVShowsListInfoView</include> <!-- 61 -->
			<include>MoviesListInfoView2</include> <!-- 76 -->
			<include>TVShowsListInfoView2</include> <!-- 79 -->
			<include>EpisodesListInfoView2</include> <!-- 80 -->
			<include>TVShowsListWideView</include> <!-- 62 -->
			<include>TVShowsBannerListView</include> <!-- 63 -->
			<include>EpisodeShowcaseView</include> <!-- 65 -->
			<include>MoviesLargePoster</include> <!-- 66 -->			
			<include>WallView</include> <!-- 77 -->		
			<include>TVShowsSlimListWideView</include> <!-- 68 -->
			<include>Movies3DWrapView</include> <!-- 74 -->
			<include>ShowcaseSplitView</include> <!-- 75 -->
		</control>

		<control type="group" id="505">		
			<description>Menu Bar Area</description>			
			<posy>MenuBarOffsetY</posy>		
			<visible>!Window.IsActive(MovieInformation)</visible>
			<include>MenuBarImage</include>
			<include>DefaultMenuBar</include>
			<include>MenuBarOpenCloseAnim</include>
		</control>

		<control type="group">	
			<description>Top Bar Area</description>		
			<include>TopBarImage</include>
			<include>SystemTray</include>	
			<include>BreadCrumbVideoLibrary</include>
			<include>WeatherNotification</include>
			<include>MediaPlayingNotification</include>
		</control>
	</controls>		
</window>