<window id="2600">
	<defaultcontrol always="true">9001</defaultcontrol>
	<allowoverlay>yes</allowoverlay>
	
	<controls>
		<control type="group"> 	
    		<include>BackgroundGeneral</include>
			<include>BackgroundFSVideo</include>
			<include>BackgroundFSViz</include>
			<include>BackgroundDim</include>
			<include>FullControlAreaBackground</include>
			<include>BackgroundOpenCloseAnim</include>
		</control>
		
		<control type="multiimage">
			<posx>0</posx>
			<posy>0</posy>
			<width>1280</width>
			<height>720</height>
			
			<imagepath>special://skin/images/backgrounds/weather-conditional/$INFO[Weather.FanartCode]</imagepath>
			
			<aspectratio>scale</aspectratio>
			<timeperimage>5000</timeperimage>
			<randomize>true</randomize>
			<fadetime>2000</fadetime>		
			<include>backgroundanimation</include>
			<include>KenBurnsAnim</include>		
			<visible>!Skin.HasSetting(Disable_Weather_Conditional_Backgrounds)</visible>
	
			
		</control>
		<control type="largeimage">
			<posx>0</posx>
			<posy>0</posy>
			<width>1280</width>
			<height>720</height>
			<texture>special://skin/images/backgrounds/background-weather.jpg</texture>
			
			<aspectratio>scale</aspectratio>
			<visible>Skin.HasSetting(Disable_Weather_Conditional_Backgrounds)</visible>
			<include>KenBurnsAnim</include>
		</control>
		<control type="button" id="9001">
		
		<description>fake button to steal focus</description>
				
			<onup>850</onup>
			<texturefocus>-</texturefocus>
			<texturenofocus>-</texturenofocus>
			<onclick>-</onclick>
		</control>
		
		<control type="group">
		
		<include>ContentFade</include>
			<include>WeatherSlideAnim</include>
		
			<include condition="IsEmpty(Weather.Plugin)">weather</include>
	
			<include condition="!IsEmpty(Weather.Plugin)">weatherplus</include>
		</control>
		
		
		<control type="group">	
			<description>Menu Bar Area</description>
			<posy>MenuBarOffsetY</posy>		
			<include>MenuBarImage</include>
			<include>MyWeatherMenuBar</include>
			<include>MenuBarOpenCloseAnim</include>
		</control>
		
		<control type="group">	
			<description>Top Bar Area</description>		
			<include>TopBarImage</include>
			<include>SystemTray</include>
			<include>BreadCrumbWeather</include>
			<include>MediaPlayingNotification</include>
		</control>
		
		
	</controls>	
</window>