<window type="dialog" id="2901">
	<defaultcontrol>110</defaultcontrol>
	<include>OSDOpenCloseAnim</include>
	
	<coordinates>
		<system>1</system>
		<posx>40</posx>
		<posy>586</posy>
	</coordinates>
	
	<controls>
		
		<control type="group">
		
			<control type="image">
				<width>450</width>
				<height>40</height>
				<posx>405</posx>
				<posy>-30</posy>
				<texture>osd-tab.png</texture>
				<visible>Player.Seeking | Player.Paused | Player.Forwarding | Player.Rewinding</visible>
			</control>
			
			<include>FastForwardSpeedLabels</include>
			<include>RewindSpeedLabels</include>
			
			<control type="label">
				<description>Paused</description>
				<width>450</width>
				<height>40</height>
				<posx>405</posx>
				<posy>-16</posy>
				<font>HeadFont2</font>
				<textcolor>ProgressLabelColor</textcolor>
				<align>center</align>
				<yalign>center</yalign>
				<label>PAUSED</label>
				<visible>Player.Paused + !Player.Seeking</visible>
			</control>
		</control>
	
		<control type="group">
		<visible>!Window.IsVisible(145)</visible>
		
			<control type="image">
				<width>1200</width>
				<height>90</height>
				<texture>osd-background.png</texture>
			</control>

			<control type="label">
				<description>Title</description>
				<posx>20</posx>
				<posy>20</posy>
				<width>600</width>
				<height>20</height>
				<font>OSDItemFont</font>
				<textcolor>MediaInfoHeadColor</textcolor>
				<label>$INFO[VideoPlayer.Title] $INFO[VideoPlayer.Year,(,)]</label>
			</control>
				
			<control type="label">
				<description>Time</description>
				<posx>820</posx>
				<posy>20</posy>
				<width>200</width>
				<height>20</height>
				<font>OSDItemFont</font>
				<textcolor>MediaInfoHeadColor</textcolor>
				<align>right</align>
				<info>System.Time</info>
			</control>	
				
				<control type="label">
					<description>TV Show Title</description>
					<posx>20</posx>
					<posy>36</posy>
					<width>600</width>
					<height>20</height>
					<font>OSDDetailFont</font>
					<textcolor>BreadCrumbColor</textcolor>
					<label>$INFO[VideoPlayer.TVShowTitle]</label>
					<visible>VideoPlayer.Content(episodes)</visible>
				</control>
				
				<control type="label">
					<description>Director</description>
					<posx>20</posx>
					<posy>36</posy>
					<width>600</width>
					<height>20</height>
					<font>OSDDetailFont</font>
					<textcolor>BreadCrumbColor</textcolor>
					<label>Directed by: $INFO[VideoPlayer.Director]</label>
					<visible>VideoPlayer.Content(movies)</visible>
				</control>
				
				<control type="label">
					<description>Rating</description>
					<posx>820</posx>
					<posy>36</posy>
					<width>200</width>
					<height>20</height>
					<font>OSDDetailFont</font>
					<textcolor>BreadCrumbColor</textcolor>
					<align>right</align>
					<label>$INFO[VideoPlayer.Time] / $INFO[VideoPlayer.Duration]</label>
				</control>
			
				<control type="progress">
					<description>Progressbar</description>
					<posx>20</posx>
					<posy>56</posy>
					<width>800</width>
					<info>Player.Progress</info>
				</control>
			
			<control type="grouplist" id="201">
				<visible allowhiddenfocus="true">Control.HasFocus(100) | Control.HasFocus(101) | Control.HasFocus(102) | Control.HasFocus(103) | Control.HasFocus(104) | Control.HasFocus(105) | Control.HasFocus(106)</visible>
				<description>Player Settings</description>
				<posx>820</posx>
				<posy>20</posy>
				<width>360</width>
				<height>48</height>
				<itemgap>10</itemgap>
				<usecontrolcoords>true</usecontrolcoords>
				<orientation>horizontal</orientation>	
				<onup>110</onup>
				<ondown>110</ondown>
				<onleft>110</onleft>
				<onright>110</onright>
				<align>right</align>
				<control type="button" id="100">
					<description>Exit Fullscreen</description>
					<width>48</width>
					<height>48</height>
					<texturefocus>osd-exit-fullscreen-focus.png</texturefocus>
					<texturenofocus>osd-exit-fullscreen-nofocus.png</texturenofocus>
					<onclick>Dialog.Close(VideoOSD,true)</onclick>
					<onclick>FullScreen</onclick>
					<onleft>109</onleft>
				</control>		
				<control type="button" id="101">
					<description>Bookmarks</description>
					<width>48</width>
					<height>48</height>
					<texturefocus>osd-bookmarks-focus.png</texturefocus>
					<texturenofocus>osd-bookmarks-nofocus.png</texturenofocus>
					<onclick>ActivateWindow(VideoBookmarks)</onclick>
				</control>
				<control type="button" id="102">
					<description>TVShow Subtitles</description>
					<width>48</width>
					<height>48</height>
					<texturefocus>osd-subtitles-focus.png</texturefocus>
					<texturenofocus>osd-subtitles-nofocus.png</texturenofocus>
					<onclick>RunScript(special://home/scripts/OpenSubtitles_OSD/default.py, [TV]$INFO[VideoPlayer.Season] $INFO[VideoPlayer.Episode] $INFO[VideoPlayer.TVshowtitle][/TV])</onclick>
					<visible>Skin.HasSetting(ShowOpenSubtitlesOSDBtn) + !IsEmpty(VideoPlayer.TVShowTitle)</visible>
				</control>
				<control type="button" id="103">
					<description>Movie Subtitles</description>
					<width>48</width>
					<height>48</height>
					<texturefocus>osd-subtitles-focus.png</texturefocus>
					<texturenofocus>osd-subtitles-nofocus.png</texturenofocus>
					<onclick>RunScript(special://home/scripts/OpenSubtitles_OSD/default.py, [MOVIE]$INFO[VideoPlayer.Title][/MOVIE])</onclick>
					<visible>Skin.HasSetting(ShowOpenSubtitlesOSDBtn) + !IsEmpty(VideoPlayer.Title) + IsEmpty(VideoPlayer.TVShowTitle)</visible>
				</control>
				<control type="button" id="104">
					<description>Audio</description>
					<width>48</width>
					<height>48</height>
					<texturefocus>osd-audio-settings-focus.png</texturefocus>
					<texturenofocus>osd-audio-settings-nofocus.png</texturenofocus>
					<onclick>ActivateWindow(OSDAudioSettings)</onclick>
				</control>		
				<control type="button" id="105">
					<description>Video</description>
					<width>48</width>
					<height>48</height>
					<texturefocus>osd-video-settings-focus.png</texturefocus>
					<texturenofocus>osd-video-settings-nofocus.png</texturenofocus>
					<onclick>ActivateWindow(OSDVideoSettings)</onclick>
				</control>
				<control type="button" id="106">
					<description>DVD Menu</description>
					<width>48</width>
					<height>48</height>
					<texturefocus>osd-dvd-focus.png</texturefocus>
					<texturenofocus>osd-dvd-nofocus.png</texturenofocus>
					<onclick>PlayerControl(ShowVideoMenu)</onclick>
					<visible>VideoPlayer.HasMenu</visible>
					<onright>106</onright>
				</control>
			</control>
		
			<control type="grouplist" id="202">
				<visible allowhiddenfocus="true">Control.HasFocus(107) | Control.HasFocus(108) | Control.HasFocus(109) | Control.HasFocus(110) | Control.HasFocus(111) | Control.HasFocus(112)</visible>
				<description>Player Controls</description>
				<posx>820</posx>
				<posy>20</posy>
				<width>360</width>
				<height>48</height>
				<itemgap>10</itemgap>
				<usecontrolcoords>true</usecontrolcoords>
				<orientation>horizontal</orientation>	
				<onup>100</onup>
				<ondown>100</ondown>
				<onleft>100</onleft>
				<onright>100</onright>
				<align>right</align>
				<control type="button" id="107">
					<description>Skip Prev</description>
					<width>48</width>
					<height>48</height>
					<texturefocus>osd-skip-prev-focus.png</texturefocus>
					<texturenofocus>osd-skip-prev-nofocus.png</texturenofocus>
					<onclick>PlayerControl(Previous)</onclick>
				</control>
				<control type="button" id="108">
					<description>Rewind</description>
					<width>48</width>
					<height>48</height>
					<texturefocus>osd-rewind-focus.png</texturefocus>
					<texturenofocus>osd-rewind-nofocus.png</texturenofocus>
					<onclick>PlayerControl(Rewind)</onclick>
				</control>
				<control type="button" id="109">
					<description>Stop</description>
					<width>48</width>
					<height>48</height>
					<texturefocus>osd-stop-focus.png</texturefocus>
					<texturenofocus>osd-stop-nofocus.png</texturenofocus>
					<onclick>PlayerControl(Stop)</onclick>
				</control>
				<control type="togglebutton" id="110">
					<description>Pause/Play</description>
					<width>48</width>
					<height>48</height>
					<texturefocus>osd-pause-focus.png</texturefocus>
					<texturenofocus>osd-pause-nofocus.png</texturenofocus>
					<alttexturefocus>osd-play-focus.png</alttexturefocus>
					<alttexturenofocus>osd-play-nofocus.png</alttexturenofocus>
					<usealttexture>Player.Paused | Player.Forwarding | Player.Rewinding</usealttexture>
					<onclick>PlayerControl(Play)</onclick>
				</control>
				<control type="button" id="111">
					<description>Forward</description>
					<width>48</width>
					<height>48</height>
					<texturefocus>osd-forward-focus.png</texturefocus>
					<texturenofocus>osd-forward-nofocus.png</texturenofocus>
					<onclick>PlayerControl(Forward)</onclick>
				</control>		
				<control type="button" id="112">
					<description>Skip Next</description>
					<width>48</width>
					<height>48</height>
					<texturefocus>osd-skip-next-focus.png</texturefocus>
					<texturenofocus>osd-skip-next-nofocus.png</texturenofocus>
					<onclick>PlayerControl(Next)</onclick>
				</control>
			</control>
		</control>
	</controls>
</window>