<includes>

	<include name="TVShowsWideIconView">	
		<control type="group" id="500">	
	        <defaultcontrol always="true">56</defaultcontrol>
			<visible>Control.IsVisible(56)</visible>
			<include>MediaViewOpenCloseAnim</include>
			<include>InfoPaneHiddenSlideAnim2</include>
			<include>WideIconViewScrollbar</include>
			
			<include condition="!Skin.HasSetting(UseTVShowsPosterCover)">TVShowsWideIconBannerStyle</include>
			<include condition="Skin.HasSetting(UseTVShowsPosterCover)">TVShowsWideIconPosterStyle</include>
			
			<control type="group">
				<posy>SortLetterOffsetY</posy>
				<include>SortLetterNotification</include>
				<animation effect="slide" end="0,-135" condition="Container.Row(0) + !Control.HasFocus(150)">Conditional</animation>
				<animation effect="slide" end="0,135" condition="Container.Row(3) + !Control.HasFocus(150)">Conditional</animation>
			</control>
			
			<control type="button" id="188">
				<onfocus>Skin.SetString(CurrentViewMode,56)</onfocus>
				<include>ViewOptionsHelperBtn</include>
				<visible>Control.IsVisible(56)</visible>
			</control>
			
			<include>ViewsScreenFullFadeAnim</include>
			<include>ViewsDialogPopUpScreenDim</include>
			
			<control type="group">
				<description>Bottom Bar Area</description>
				<posy>BottomPaneOffsetY</posy>	
				<include>InfoPaneImage</include>
				<include>InfoPaneMediaDetails</include>
			</control>		
		</control>		
	</include>
	<!---------------------------------------------------------------------------------------------------------------------------------------------------->	
		<include name="EpisodesWideIconView">	
		<control type="group" id="500">	
	        <defaultcontrol always="true">57</defaultcontrol>
			<visible>Control.IsVisible(57)</visible>
			<include>MediaViewOpenCloseAnim</include>
			<include>InfoPaneHiddenSlideAnim2</include>
			<include>WideIconViewScrollbar</include>
	
			<control type="panel" id="57">
				<viewtype label="31108">Wide Icon</viewtype>
				<posx>40</posx>
				<posy>92</posy>
				<width>1200</width>
				<height>548</height>
				<pagecontrol>150</pagecontrol>
				<preloaditems>2</preloaditems>
				<onup>57</onup>
				<ondown>57</ondown>
				<onleft>850</onleft>
				<onright>150</onright>
				<visible>Window.IsActive(VideoLibrary) + Container.Content(Episodes)</visible>
				<itemlayout height="137" width="600">				
					<control type="image">
						<width>590</width>
						<height>128</height>	
						
						<texture border="5">button-nofocus.png</texture>
					</control>
					<control type="image">
						<description>Cover</description>
						<posx>7</posx>
						<posy>7</posy>
						<width>200</width>
						<height>114</height>
						<texture background="true">$INFO[ListItem.Thumb]</texture>
						<aspectratio align="left" aligny="top">keep</aspectratio>
						<bordertexture border="6">item-shadow-border.png</bordertexture>
						<bordersize>6</bordersize>
						<visible>!IsEmpty(ListItem.Thumb)</visible>
					</control>
					<control type="image">
						<description>Default Cover</description>
						<posx>7</posx>
						<posy>7</posy>
						<width>200</width>
						<height>114</height>
						<texture background="true">$INFO[ListItem.Icon]</texture>
						<visible>IsEmpty(ListItem.Thumb)</visible>
					</control>
					<control type="label">
						<description>Title</description>
						<posx>217</posx>
						<posy>9</posy>
						<width>360</width>
						<include>WideIconHeaderUnfocusedLabel</include>
						<info>ListItem.Label</info>	
					</control>
					<control type="label">
						<description>First Aired</description>
						<posx>217</posx>
						<posy>33</posy>
						<width>360</width>
						<include>WideIconDetailUnfocusedLabel</include>
						<info>ListItem.Premiered</info>
					</control>
					<control type="label">
						<description>Rating</description>
						<posx>577</posx>
						<posy>102</posy>
						<width>110</width>
						<include>WideIconDetailUnfocusedLabel</include>
						<align>right</align>
						<label>$INFO[ListItem.Rating,$LOCALIZE[563]: ,]</label>
					</control>
					<control type="image">
						<posx>12</posx>
						<posy>12</posy>
						<width>64</width>
						<height>64</height>
						<info>ListItem.Overlay</info>
						<visible>!Skin.HasSetting(HideEpisodesWideIconOverlay)</visible>
					</control>	
				</itemlayout>															
				<focusedlayout height="137" width="600">	
					<control type="image">
						<width>590</width>
						<height>128</height>	
						<texture border="6">button-focus.png</texture>
						<include>WideIconViewItemFocusAnim</include>
					</control>	
					<control type="image">
						<description>Cover</description>
						<posx>7</posx>
						<posy>7</posy>
						<width>200</width>
						<height>114</height>
						<texture background="true">$INFO[ListItem.Thumb]</texture>
						<aspectratio align="left" aligny="top">keep</aspectratio>
						<bordertexture border="6">item-shadow-border.png</bordertexture>
						<bordersize>6</bordersize>
						<visible>!IsEmpty(ListItem.Thumb)</visible>
					</control>
					<control type="image">
						<description>Default Cover</description>
						<posx>7</posx>
						<posy>7</posy>
						<width>200</width>
						<height>114</height>
						<texture background="true">$INFO[ListItem.Icon]</texture>
						<visible>IsEmpty(ListItem.Thumb)</visible>
					</control>
					<control type="label">
						<description>Title</description>
						<posx>217</posx>
						<posy>9</posy>
						<width>360</width>
						<include>WideIconHeaderFocusedLabel</include>
						<info>ListItem.Label</info>	
					</control>
					<control type="label">
						<description>First Aired</description>
						<posx>217</posx>
						<posy>33</posy>
						<width>360</width>
						<include>WideIconDetailFocusedLabel</include>
						<info>ListItem.Premiered</info>
					</control>
					<control type="label">
						<description>Rating</description>
						<posx>577</posx>
						<posy>102</posy>
						<width>110</width>
						<include>WideIconDetailFocusedLabel</include>
						<align>right</align>
						<label>$INFO[ListItem.Rating,$LOCALIZE[563]: ,]</label>
					</control>
					<control type="image">
						<posx>12</posx>
						<posy>12</posy>
						<width>64</width>
						<height>64</height>
						<info>ListItem.Overlay</info>
						<visible>!Skin.HasSetting(HideEpisodesWideIconOverlay)</visible>
					</control>	
				</focusedlayout>			
			</control>
			
			<control type="group">
				<posy>SortLetterOffsetY</posy>
				<include>SortLetterNotification</include>
				<!--
				<animation effect="slide" end="0,-135" condition="Container.Row(0) + !Control.HasFocus(150)">Conditional</animation>
				<animation effect="slide" end="0,135" condition="Container.Row(3) + !Control.HasFocus(150)">Conditional</animation>
				-->
			</control>

			<control type="button" id="188">
				<onfocus>Skin.SetString(CurrentViewMode,57)</onfocus>
				<include>ViewOptionsHelperBtn</include>
				<visible>Control.IsVisible(57)</visible>
			</control>
			
			<include>ViewsScreenFullFadeAnim</include>
			<include>ViewsDialogPopUpScreenDim</include>
			
			<control type="group">
				<description>Bottom Bar Area</description>
				<posy>BottomPaneOffsetY</posy>	
				<include>InfoPaneImage</include>
				<include>InfoPaneMediaDetails</include>
			</control>		
		</control>		
	</include>
	<!---------------------------------------------------------------------------------------------------------------------------------------------------->	
	<include name="TVShowsSlimListWideView">
		<control type="group" id="500">			    
			<defaultcontrol always="true">68</defaultcontrol>
			<visible>Control.IsVisible(68)</visible>
			<include>MediaViewOpenCloseAnim</include>
			<include>ListMediaControlAreaBackground</include>
			<include>InfoPaneHiddenSlideAnim</include>
			
			<control type="list" id="68">
				<viewtype label="31118">Slim Wide List</viewtype>
				<posx>20</posx>
				<posy>350</posy>
				<width>1240</width>
				<height>274</height>
				<pagecontrol>150</pagecontrol>
				<onup>68</onup>
				<ondown>68</ondown>
				<onleft>850</onleft>
				<onright>150</onright>			
				<visible>Window.IsActive(VideoLibrary) + [Container.Content(Movies) | Container.Content(Episodes)]</visible>	
				
				<itemlayout height="36">
					<control type="image">
						<width>1240</width>
						<height>36</height>	
						<texture border="0,2,0,0">button-list-nofocus.png</texture>
						<animation effect="fade" end="70" condition="true">Conditional</animation>
					</control>	
					<control type="image">
						<description>Default Cover</description>
						<posx>6</posx>
						<posy>8</posy>
						<width>23</width>
						<height>23</height>
						<texture background="true">$INFO[ListItem.ActualIcon].png</texture>
					</control>					
					<control type="label">
						<posx>35</posx>
						<posy>2</posy>
						<width>420</width>
						<height>36</height>
						<include>ListLabel</include>
						<textcolor>ListLabelUnfocusedColor</textcolor>			
						<info>ListItem.Label</info>
					</control>
					<control type="label">
					<description>IMDB Text rating</description>
						<posx>1134</posx>
						<posy>2</posy>
						<width>100</width>
						<height>36</height>
						<include>ListLabel</include>
						<textcolor>ListLabelUnfocusedColor</textcolor>		
						<info>ListItem.Rating</info>
						<visible>Skin.HasSetting(NoStars)</visible>
					</control>
					
					<control type="image">
						<description>IMDB Star rating</description>
							<posx>1134</posx>
							<posy>10</posy>
							<width>80</width>
							<height>16</height>
							<info>ListItem.StarRating</info>						
							<colordiffuse>77cccccc</colordiffuse>
							<visible>!Skin.HasSetting(NoStars)</visible>
						</control>
					
					<control type="image">
						<posy>6</posy>
						<posx>1214</posx>
						<width>23</width>
						<height>23</height>
						<texture>overlaywatched.png</texture>
						<visible>substring(ListItem.Overlay,overlaywatched.png</visible>
					</control>
				</itemlayout>	
				<focusedlayout height="200">	
					<control type="group">
						<posx>0</posx>
						<posy>0</posy>
						<width>1240</width>
						<height>200</height>	
					<control type="image">
						<posy>0</posy>
						<width>1240</width>
						<height>200</height>	
						<texture border="5">button-list-focus2.png</texture>
						<colordiffuse>99ffffff</colordiffuse>
						<visible>Control.HasFocus(68)</visible>
					</control>
					<control type="image">
						<posy>0</posy>
						<width>1240</width>
						<height>200</height>	
						<texture border="5">button-list-alt-focus.png</texture>
						<visible>!Control.HasFocus(68)</visible>
					</control>
					
					<!-- Episodes -->
					
					<control type="group">
						<visible>Container.Content(Episodes)</visible>
						
						<control type="label">
							<posx>60</posx>
							<posy>0</posy>
							<width>50</width>
							<height>200</height>
							<include>WideListEpisodeLabel</include>
							<label>$INFO[ListItem.Episode].</label>
						</control>
						<control type="group">
							<posx>75</posx>
							<posy>25</posy>
							<width>265</width>
							<height>150</height>
 							<animation effect="zoom" start="90" end="100" center="auto" time="500" tween="back" easing="inout" reversible="false">Focus</animation>  							
							<control type="image">
								<description>Cover</description>
								<posx>0</posx>
								<posy>0</posy>
								<width>265</width>
								<height>150</height>
								<texture background="true">$INFO[ListItem.Thumb]</texture>
								<aspectratio align="center" aligny="center">scale</aspectratio>
								<bordertexture border="6">item-shadow-border.png</bordertexture>
								<bordersize>6</bordersize>
								<visible>!IsEmpty(ListItem.Thumb)</visible>
							</control>
							
							<control type="image">
								<description>Overlay</description>
								<posx>5</posx>
								<posy>6</posy>
								<width>64</width>
								<height>64</height>
								<info>ListItem.Overlay</info>
							</control>	
						</control>
						<control type="label">
							<posx>365</posx>
							<posy>20</posy>
							<width>965</width>
							<height>36</height>
							<include>ListLabel</include>
							<textcolor>ListLabel2UnfocusedColor</textcolor>		
							<label>$INFO[ListItem.Title]</label>
						</control>
						<control type="label">
							<posx>365</posx>
							<posy>36</posy>
							<width>965</width>
							<height>36</height>
							<include>WideListAiredLabel</include>
							<textcolor>MediaInfoItemColor2</textcolor>		
							<label>Aired: $INFO[ListItem.Premiered] (Season $INFO[ListItem.Season], Episode $INFO[ListItem.Episode])</label>
						</control>
						
						
						<control type="label">
							<description>IMDB Text rating</description>
							<posx>1134</posx>
							<posy>20</posy>
							<width>100</width>
							<height>36</height>
							<include>ListLabel</include>
							<textcolor>ListLabel2UnfocusedColor</textcolor>
							<info>ListItem.Rating</info>
							<visible>Skin.HasSetting(NoStars)</visible>
						</control>
						
						<control type="image">
							<description>IMDB Star rating</description>
							<posx>1134</posx>
							<posy>30</posy>
							<width>80</width>
							<height>16</height>
							<info>ListItem.StarRating</info>						
							<colordiffuse>ThemeColor</colordiffuse>	
							<visible>!Skin.HasSetting(NoStars)</visible>
						</control>	
						
						<control type="textbox">
							<description>Plot</description>
							<posx>365</posx>
							<posy>70</posy>
							<width>846</width>
							<height>94</height>
							<include>WideListPlot</include>
							<textcolor>ff000000</textcolor>
							<label>$INFO[ListItem.Plot]</label>
							<autoscroll time="2000" delay="10000" repeat="10000">!Skin.HasSetting(DoNotAutoScrollEpisodesListInfoPlot)</autoscroll>
							<visible>!IsEmpty(ListItem.Plot) + !Skin.HasSetting(HideTVShowsListInfoPlot)</visible>
						</control>
						<control type="textbox">
							<description>Plot</description>
							<posx>365</posx>
							<posy>70</posy>
							<width>846</width>
							<height>94</height>
							<include>WideListPlot</include>
							<textcolor>ff000000</textcolor>
							<label>$INFO[ListItem.PlotOutline]</label>
							<autoscroll time="2000" delay="10000" repeat="10000">!Skin.HasSetting(DoNotAutoScrollEpisodesListInfoPlot)</autoscroll>
							<visible>IsEmpty(ListItem.Plot) + !Skin.HasSetting(HideTVShowsListInfoPlot)</visible>
						</control>
					</control>
					
					<!-- Movies -->
					
					<control type="group">
						<visible>Container.Content(Movies)</visible>
					
						<control type="group">
							<posx>30</posx>
							<posy>25</posy>
							<width>100</width>
							<height>150</height>
							
							 <animation effect="zoom" start="90" end="100" center="auto" time="500" tween="back" easing="inout" reversible="false">Focus</animation>  
							
							<control type="image">
								<description>Cover</description>
								<posx>0</posx>
								<posy>0</posy>
								<width>100</width>
								<height>150</height>
								<texture background="true">$INFO[ListItem.Thumb]</texture>
								<aspectratio align="center" aligny="top">scale</aspectratio>
								<bordertexture border="6">item-shadow-border.png</bordertexture>
								<bordersize>6</bordersize>
								<visible>!IsEmpty(ListItem.Thumb)</visible>
							</control>
							<control type="image">
								<description>Overlay</description>
								<posx>6</posx>
								<posy>6</posy>
								<width>64</width>
								<height>64</height>
								<info>ListItem.Overlay</info>
							</control>
						</control>	
						<control type="label">
							<posx>140</posx>
							<posy>20</posy>
							<width>1190</width>
							<height>36</height>
							<include>ListLabel</include>
							<textcolor>ListLabel2UnfocusedColor</textcolor>		
							<label>$INFO[ListItem.Title]</label>
						</control>
						<control type="label">
							<posx>140</posx>
							<posy>36</posy>
							<width>1190</width>
							<height>36</height>
							<include>WideListAiredLabel</include>
							<textcolor>MediaInfoItemColor2</textcolor>		
							<label>Directed by: $INFO[ListItem.Director]</label>
						</control>
						
						<control type="label">
							<description>IMDB Text rating</description>
							<posx>1134</posx>
							<posy>20</posy>
							<width>100</width>
							<height>36</height>
							<include>ListLabel</include>
							<textcolor>ListLabel2UnfocusedColor</textcolor>		
							<info>ListItem.Rating</info>
							<visible>Skin.HasSetting(NoStars)</visible>
						</control>
						
						
						<control type="image">
						<description>IMDB Star rating</description>
							<posx>1134</posx>
							<posy>30</posy>
							<width>80</width>
							<height>16</height>
							<info>ListItem.StarRating</info>						
							<colordiffuse>ThemeColor</colordiffuse>
							<visible>!Skin.HasSetting(NoStars)</visible>
						</control>	

						<control type="textbox">
							<description>Plot</description>
							<posx>140</posx>
							<posy>68</posy>
							<width>1070</width>
							<height>94</height>
							<include>WideListPlot</include>
							<textcolor>ff000000</textcolor>
							<label>$INFO[ListItem.Plot]</label>
							<autoscroll time="2000" delay="10000" repeat="10000">!Skin.HasSetting(DoNotAutoScrollMoviesWideSlimListPlot)</autoscroll>
							<visible>Skin.HasSetting(UseMoviesWideSlimListFullPlot) + !IsEmpty(ListItem.Plot) + !Skin.HasSetting(HideMoviesWideSlimListPlot)</visible>
						</control>
						<control type="textbox">
							<description>Plot Outline</description>
							<posx>140</posx>
							<posy>68</posy>
							<width>1070</width>
							<height>94</height>
							<include>WideListPlot</include>
							<textcolor>ff000000</textcolor>
							<label>$INFO[ListItem.PlotOutline]</label>
							<autoscroll time="2000" delay="10000" repeat="10000">!Skin.HasSetting(DoNotAutoScrollMoviesWideSlimPlot)</autoscroll>
							<visible>!Skin.HasSetting(UseMoviesWideSlimListFullPlot) + !IsEmpty(ListItem.PlotOutline) + !Skin.HasSetting(HideMoviesWideSlimListPlot)</visible>
						</control>
					</control>
					</control>
				</focusedlayout>		
			</control>
			
			<include>SmallVideoOverlay</include>
			
			<include>ViewsScreenFullFadeAnim</include>
			<include>ViewsDialogPopUpScreenDim</include>
			
			<control type="group">
				<posy>SortLetterOffsetY</posy>
				<include>SortLetterNotification</include>
				
			</control>


			<control type="button" id="188">
				<onfocus>Skin.SetString(CurrentViewMode,68)</onfocus>
				<include>ViewOptionsHelperBtn</include>
				<visible>Control.IsVisible(68)</visible>
			</control>
			
			<control type="group">
				<description>Bottom Bar Area</description>
				<posy>BottomPaneOffsetY</posy>	
				<include>InfoPaneImage</include>
				<include>InfoPaneMediaDetails</include>
			</control>
		</control>
	</include>
		<!---------------------------------------------------------------------------------------------------------------------------------------------------->	
	<include name="TVShowsEpisodeView">
		<control type="group" id="500">			    
			<defaultcontrol always="true">60</defaultcontrol>
			<visible>Control.IsVisible(60)</visible>
			<include>MediaViewOpenCloseAnim</include>
			
			<control type="image">
				<include>ScreenSize</include>
				<texture>view-fade-background.png</texture>
				<visible>!Skin.HasSetting(HideTVShowsEpisodeListFanart)</visible>
				<animation effect="fade" end="60" condition="true">Conditional</animation>
			</control>
			
			<control type="list" id="60">	
				<viewtype label="31112">Episode Info</viewtype>
				<posx>380</posx>
				<posy>150</posy>
				<width>400</width>
				<height>400</height>
				<pagecontrol>150</pagecontrol>
				<onup>60</onup>
				<ondown>60</ondown>
				<onleft>850</onleft>
				<onright>150</onright>			
				<visible>Window.IsActive(VideoLibrary) + Container.Content(Episodes)</visible>			
				<itemlayout height="36">
					<control type="image">
						<width>400</width>
						<height>36</height>	
						<texture border="0,2,0,0">button-list-nofocus.png</texture>
						<animation effect="fade" end="70" condition="true">Conditional</animation>
					</control>	
					<control type="image">
						<description>Default Cover</description>
						<posx>6</posx>
						<posy>8</posy>
						<width>23</width>
						<height>23</height>
						<texture background="true">$INFO[ListItem.ActualIcon].png</texture>
						<visible>!Skin.HasSetting(HideUnSelectedMediaIcons)</visible>
					</control>					
					<control type="label">
						<posx>35</posx>
						<posy>2</posy>
						<width>278</width>
						<include>ListLabel</include>
						<textcolor>ListLabelUnfocusedColor</textcolor>
						<info>ListItem.Label</info>
					</control>
					<control type="label">
						<posx>370</posx>
						<posy>2</posy>
						<width>100</width>
						<include>ListLabel2</include>
						<textcolor>ListLabel2UnfocusedColor</textcolor>
						<info>ListItem.Rating</info>
						<visible>Skin.HasSetting(NoStars)</visible>
					</control>
					
					<control type="image">
						<description>IMDB Star rating</description>
						<posx>320</posx>
						<posy>12</posy>
						<width>60</width>
						<height>13</height>
						<info>ListItem.StarRating</info>						
						<colordiffuse>White</colordiffuse>	
						<visible>!Skin.HasSetting(NoStars)</visible>
					</control>				
					
					<control type="image">
						<description>Overlay</description>
						<posx>380</posx>
						<posy>8</posy>
						<width>23</width>
						<height>23</height>
						<info>ListItem.Overlay</info>
					</control>
					
					
				</itemlayout>		
				<focusedlayout height="36">	
					<control type="image">
						<posy>1</posy>
						<width>400</width>
						<height>36</height>	
						<texture border="5">button-list-focus.png</texture>
						<visible>Control.HasFocus(60)</visible>
					</control>
					<control type="image">
						<posy>1</posy>
						<width>400</width>
						<height>36</height>	
						<texture border="5">button-list-alt-focus.png</texture>
						<visible>!Control.HasFocus(60)</visible>
					</control>
					<control type="image">
						<description>Default Cover</description>
						<posx>6</posx>
						<posy>8</posy>
						<width>23</width>
						<height>23</height>
						<texture background="true">$INFO[ListItem.ActualIcon].png</texture>
					
						<visible>!Skin.HasSetting(HideSelectedMediaIcons)</visible>
					</control>
					<control type="label">
						<posx>35</posx>
						<posy>2</posy>
						<width>278</width>
						<include>ListLabel</include>
						<textcolor>ListLabelFocusedColor</textcolor>
						<info>ListItem.Label</info>
					</control>
					<control type="label">
						<posx>370</posx>
						<posy>2</posy>
						<width>100</width>
						<include>ListLabel2</include>
						<textcolor>ListLabel2FocusedColor</textcolor>
						<info>ListItem.Rating</info>
						<visible>Skin.HasSetting(NoStars)</visible>
					</control>
					
					<control type="image">
						<description>IMDB Star rating</description>
						<posx>320</posx>
						<posy>12</posy>
						<width>60</width>
						<height>13</height>
						<info>ListItem.StarRating</info>						
						<colordiffuse>White</colordiffuse>	
						<visible>!Skin.HasSetting(NoStars)</visible>
					</control>					
					
					<control type="image">
						<description>Overlay</description>
						<posx>380</posx>
						<posy>8</posy>
						<width>23</width>
						<height>23</height>
						<info>ListItem.Overlay</info>
					</control>
					
				</focusedlayout>		
			</control>
			
			<control type="group">					
				<posx>10</posx>
				<posy>150</posy>
				
				<control type="image">
					<description>Cover</description>
					<width>400</width>
					<height>400</height>
					<texture background="true">$INFO[Container.SeasonThumb]</texture>
					<bordertexture border="5">item-noshadow-background.png</bordertexture>
					<bordersize>10</bordersize>
					<aspectratio align="center" aligny="bottom">keep</aspectratio>
					<fadetime>IconCrossfadeTime</fadetime>
					<visible>!IsEmpty(Container.SeasonThumb)</visible>
				</control>
				
				<!--
				<control type="image">
					<description>Default Cover</description>
					<posx>100</posx>
					<posy>100</posy>
					<width>200</width>
					<height>200</height>
					<texture background="true">$INFO[ListItem.ActualIcon]</texture>
					<fadetime>IconCrossfadeTime</fadetime>
					<visible>IsEmpty(Container.SeasonThumb)</visible>	
				</control>
				-->

				<control type="image">
					<description>Cover Reflection</description>
					<posy>405</posy>
					<width>400</width>
					<height>400</height>
					<texture background="true" flipy="true" diffuse="reflection.png">$INFO[Container.SeasonThumb]</texture>
					<bordertexture flipy="true" border="5" diffuse="reflection.png">item-noshadow-background.png</bordertexture>
					<bordersize>10</bordersize>
					<aspectratio align="center" aligny="top">keep</aspectratio>
					<fadetime>IconCrossfadeTime</fadetime>
					<visible>!IsEmpty(Container.SeasonThumb)</visible>
				</control>
			</control>
			
			<control type="grouplist">
				<posx>820</posx>
				<posy>150</posy>
				<width>450</width>
				<height>600</height>
				<itemgap>10</itemgap>
				<orientation>vertical</orientation>
				<usecontrolcoords>true</usecontrolcoords>

				<control type="group">
				<width>400</width>
				<height>225</height>
				
					<control type="image">
						<description>Cover</description>
						<width>400</width>
						<height>225</height>
						<texture background="true">$INFO[ListItem.Thumb]</texture>
						<aspectratio align="center" aligny="top">scale</aspectratio>
						<bordertexture border="5">item-noshadow-background.png</bordertexture>
						<bordersize>10</bordersize>
						<fadetime>IconCrossfadeTime</fadetime>
						<visible>!IsEmpty(ListItem.Thumb)</visible>
					</control>
				
					<control type="image">
						<description>Default Cover Background</description>
						<width>400</width>
						<height>225</height>
						<texture background="true">$INFO[ListItem.Icon]</texture>
						<aspectratio align="center" aligny="center">keep</aspectratio>
						<texture border="5">item-noshadow-background.png</texture>
						<bordertexture border="5">item-border.png</bordertexture>
						<bordersize>10</bordersize>
						<fadetime>IconCrossfadeTime</fadetime>
						<visible>IsEmpty(ListItem.Thumb)</visible>
						<animation effect="fade" end="50" condition="true">Conditional</animation>
					</control>
					
					<control type="image">
						<description>Overlay</description>
						<posx>0</posx>
						<posy>0</posy>
						<width>64</width>
						<height>64</height>
						<info>ListItem.Overlay</info>
						<aspectratio align="center" aligny="top">stretch</aspectratio>  
					</control>
					
				</control>
				
				<control type="image">
					<width>400</width>
					<height>2</height>
					<texture>separator3.png</texture>
				</control>
				
				<control type="textbox">
					<description>Plot</description>
					<width>400</width>
					<height>163</height>
					<include>DefaultPlot</include>
					<label>$INFO[ListItem.Plot]</label>
					<autoscroll time="2000" delay="10000" repeat="10000">!Skin.HasSetting(DoNotAutoScrollTVShowsEpisodeViewPlot)</autoscroll>
					<visible> !IsEmpty(ListItem.Plot) + !Skin.HasSetting(HideTVShowsEpisodeViewPlot)</visible>
				</control>
				
				
				
				
				
				
				
			</control>
			
			<include>ViewsScreenFullFadeAnim</include>
			<include>ViewsDialogPopUpScreenDim</include>
			
			<control type="group">
				<posy>SortLetterOffsetY</posy>
				<include>SortLetterNotification</include>
				
			</control>


			<control type="button" id="188">
				<onfocus>Skin.SetString(CurrentViewMode,60)</onfocus>
				<include>ViewOptionsHelperBtn</include>
				<visible>Control.IsVisible(60)</visible>
			</control>
			
			<control type="group">
				<description>Bottom Bar Area</description>
				<posy>BottomPaneOffsetY</posy>	
				<include>InfoPaneImage</include>
				<include>InfoPaneMediaDetails</include>
			</control>
		</control>	
	</include>
	<!---------------------------------------------------------------------------------------------------------------------------------------------------->	
		<include name="TVShowsListInfoView">
		<control type="group" id="500">			    
			<defaultcontrol always="true">61</defaultcontrol>
			<visible>Control.IsVisible(61)</visible>
			<include>InfoPaneHiddenSlideAnim</include>
			<include>MediaViewOpenCloseAnim</include>
			<include>ListMediaControlAreaBackground</include>
			<include>ListInfoViewScrollbar</include>	

			<control type="list" id="61">	
				<viewtype label="31111">List Info</viewtype>
				<posx>730</posx>
				<posy>340</posy>
				<width>520</width>
				<height>289</height>
				<pagecontrol>150</pagecontrol>
				<onup>61</onup>
				<ondown>61</ondown>
				<onleft>850</onleft>
				<onright>150</onright>
				<visible>Window.IsActive(VideoLibrary) + [Container.Content(TVShows) | Container.Content(Episodes)| Container.Content(Seasons)]</visible>
				<itemlayout height="36">
					<control type="image">
						<width>520</width>
						<height>36</height>	
						<texture border="0,2,0,0">button-list-nofocus.png</texture>
						<animation effect="fade" end="70" condition="true">Conditional</animation>
					</control>	
					<control type="image">
						<description>Default Cover</description>
						<posx>6</posx>
						<posy>8</posy>
						<width>23</width>
						<height>23</height>
						<texture background="true">$INFO[ListItem.ActualIcon].png</texture>
						<visible>!Skin.HasSetting(HideUnSelectedMediaIcons)</visible>
					</control>					
					<control type="label">
						<posx>35</posx>
						<posy>2</posy>
						<width>420</width>
						<include>ListLabel</include>
						<textcolor>ListLabelUnfocusedColor</textcolor>		
						<info>ListItem.Label</info>
					</control>
					
					
					
					<control type="label">
						<posx>492</posx>
						<posy>2</posy>
						<width>100</width>
						<include>ListLabel2</include>
						<textcolor>ListLabel2UnfocusedColor</textcolor>
						<info>ListItem.Rating</info>
						<visible>Skin.HasSetting(NoStars)</visible>
					</control>
					
				
					
					<control type="image">
						<description>IMDB Star rating</description>
						<posx>430</posx>
						<posy>12</posy>
						<width>60</width>
						<height>13</height>
						<info>ListItem.StarRating</info>						
						<colordiffuse>White</colordiffuse>	
						<visible>!Skin.HasSetting(NoStars)</visible>
					</control>					
					
					
					<control type="image">
						<description>Overlay</description>
						<posx>493</posx>
						<posy>6</posy>
						<width>23</width>
						<height>23</height>
						<info>ListItem.Overlay</info>
					</control>
				</itemlayout>		
				<focusedlayout height="36">	
					<control type="image">
						<posy>1</posy>
						<width>520</width>
						<height>36</height>	
						<texture border="5,2,0,0">button-list-focus.png</texture>
						<visible>Control.HasFocus(61)</visible>
					</control>
					<control type="image">
						<posy>1</posy>
						<width>520</width>
						<height>36</height>	
						<texture border="5,2,0,0">button-list-alt-focus.png</texture>
						<visible>!Control.HasFocus(61)</visible>
					</control>
					<control type="image">
						<description>Default Cover</description>
						<posx>5</posx>
						<posy>6</posy>
						<width>23</width>
						<height>23</height>
						<texture background="true">$INFO[ListItem.ActualIcon].png</texture>
						<visible>!Skin.HasSetting(HideSelectedMediaIcons)</visible>
						
					</control>
					<control type="label">
						<posx>35</posx>
						<posy>2</posy>
						<width>420</width>
						<include>ListLabel</include>
						<textcolor>ListLabelFocusedColor</textcolor>
						<info>ListItem.Label</info>
					</control>
					<control type="label">
						<posx>492</posx>
						<posy>2</posy>
						<width>100</width>
						<include>ListLabel2</include>
						<textcolor>ListLabel2FocusedColor</textcolor>		
						<info>ListItem.Rating</info>
						<visible>Skin.HasSetting(NoStars)</visible>
					</control>
					
					<control type="image">
						<description>IMDB Star rating</description>
						<posx>430</posx>
						<posy>12</posy>
						<width>60</width>
						<height>13</height>
						<info>ListItem.StarRating</info>						
						<colordiffuse>White</colordiffuse>	
						<visible>!Skin.HasSetting(NoStars)</visible>
					</control>		
					
					<control type="image">
						<description>Overlay</description>
						<posx>493</posx>
						<posy>6</posy>
						<width>23</width>
						<height>23</height>
						<info>ListItem.Overlay</info>
					</control>
				</focusedlayout>		
			</control>	
				
	
			<control type="grouplist">
				<width>280</width>
				<height>200</height>
				<posy>350</posy>
				<posx>20</posx>
				<itemgap>2</itemgap>
				<visible>Window.IsActive(VideoLibrary) + Container.Content(TVShows)</visible>
				<include>ControlsOpenCloseAnim</include>
				<control type="label">
					<description>Genre</description>
					<include>TVShowListInfoViewLabel</include>
					<height>20</height>
					<label>[B][COLOR=MediaInfoHeaderColor]$LOCALIZE[515]:[/COLOR][/B] $INFO[ListItem.Genre]</label>
				</control>
				<control type="label">
					<description>Year</description>
					<include>TVShowListInfoViewLabel</include>
					<height>20</height>
					<label>[B][COLOR=MediaInfoHeaderColor]$LOCALIZE[345]:[/COLOR][/B] $INFO[ListItem.Year]</label>
				</control>
				<control type="label">
					<description>First Aired</description>
					<include>TVShowListInfoViewLabel</include>
					<height>20</height>
					<label>[B][COLOR=MediaInfoHeaderColor]$LOCALIZE[20416]:[/COLOR][/B] $INFO[ListItem.Premiered]</label>
				</control>	
				<control type="label">
					<description>Rating</description>
					<include>TVShowListInfoViewLabel</include>
					<height>20</height>
					<label>[B][COLOR=MediaInfoHeaderColor]$LOCALIZE[563]:[/COLOR][/B] $INFO[ListItem.Rating]</label>
				</control>
			</control>

			<control type="grouplist">
				<width>280</width>
				<height>200</height>
				<posy>350</posy>
				<posx>20</posx>
				<itemgap>2</itemgap>
				<visible>Window.IsActive(VideoLibrary) +  Container.Content(Seasons)</visible>
				<include>ControlsOpenCloseAnim</include>
				<control type="label">
					<description>Genre</description>
					<include>TVShowListInfoViewLabel</include>
					<height>20</height>
					<label>[B][COLOR=MediaInfoHeaderColor]$LOCALIZE[515]:[/COLOR][/B] $INFO[ListItem.Genre]</label>
				</control>
				<control type="label">
					<description>Watched</description>
					<include>TVShowListInfoViewLabel</include>
					<height>20</height>
					<label>[B][COLOR=MediaInfoHeaderColor]$LOCALIZE[16102]:[/COLOR][/B] $INFO[ListItem.Property(WatchedEpisodes)]</label>
				</control>
				<control type="label">
					<description>Unwatched</description>
					<include>TVShowListInfoViewLabel</include>
					<height>20</height>
					<label>[B][COLOR=MediaInfoHeaderColor]$LOCALIZE[16101]:[/COLOR][/B] $INFO[ListItem.Property(UnwatchedEpisodes)]</label>
				</control>	
			</control>
	
		
			
<!-- SEASON INFO AND PLOT -->
<!-- ######################################################## -->
<!-- ######################################################## -->
<!-- ######################################################## -->
			<control type="group">
				<posy>450</posy>
				<posx>20</posx>		
				<visible>Container.Content(Seasons)</visible>
				<control type="image">
					<posy>0</posy>
					<width>480</width>
					<height>2</height>
					<texture>separator3.png</texture>
				</control>
				<control type="textbox">
					<description>SEASON Plot</description>
					<posy>10</posy>
					<width>480</width>
					<height>166</height>
					<include>DefaultPlot</include>
					<label>$INFO[Container.ShowPlot]</label>
					<visible>!IsEmpty(Container.ShowPlot)</visible>
					<autoscroll time="2000" delay="10000" repeat="10000">!Skin.HasSetting(DoNotAutoScrollMoviesListInfoPlot)</autoscroll>
				</control>
			</control>
<!-- ######################################################## -->




<!-- EPISODE INFO AND PLOT -->
<!-- ######################################################## -->
<!-- ######################################################## -->
<!-- ######################################################## -->
			<control type="grouplist">
				<width>390</width>
				<height>300</height>
				<posy>350</posy>
				<posx>20</posx>
				<itemgap>2</itemgap>
				<visible>!IsEmpty(ListItem.Plot) + Window.IsActive(VideoLibrary) + Container.Content(Episodes) + !Skin.HasSetting(HideEpisodesListInfoPlot)</visible>
				<include>ControlsOpenCloseAnim</include>
				
				<control type="label">
					<description>TvShowname</description>
					<include>TVShowListInfoViewLabel</include>
					<height>20</height>
					<label>[B][COLOR=MediaInfoHeaderColor]Tv Show:[/COLOR][/B] $INFO[ListItem.TVShowTitle]</label>
				</control>
				<control type="label">
					<description>Year</description>
					<include>TVShowListInfoViewLabel</include>
					<height>20</height>
					<label>[B][COLOR=MediaInfoHeaderColor]$LOCALIZE[345]:[/COLOR][/B] $INFO[ListItem.Year]</label>
				</control>
				<control type="label">
					<description>Season</description>
					<include>TVShowListInfoViewLabel</include>
					<height>20</height>
					<label>[B][COLOR=MediaInfoHeaderColor]Season:[/COLOR][/B] $INFO[ListItem.Season]</label>
				</control>	
				<control type="label">
					<description>Rating</description>
					<include>TVShowListInfoViewLabel</include>
					<height>20</height>
					<label>[B][COLOR=MediaInfoHeaderColor]Episode:[/COLOR][/B] $INFO[ListItem.Episode]</label>
				</control>
			</control>
			
			<control type="group">
				<posy>450</posy>
				<posx>20</posx>
				<visible>!IsEmpty(ListItem.Plot) + Window.IsActive(VideoLibrary) + Container.Content(Episodes) + !Skin.HasSetting(HideEpisodesListInfoPlot)</visible>
  				<control type="image">
  					<posy>0</posy>
  					<width>400</width>
  					<height>2</height>
  					<texture>separator3.png</texture>
  				</control>

				
				<control type="textbox">
					<description>Plot</description>
					<posy>10</posy>
					<width>400</width>
					<height>150</height>
					<include>DefaultPlot</include>
					<label>$INFO[ListItem.Plot]</label>
					<autoscroll time="2000" delay="3000" repeat="10000">!Skin.HasSetting(DoNotAutoScrollTVShowsListInfoPlot)</autoscroll>
					<include>ControlsOpenCloseAnim</include>
					
				</control>


	 </control>
<!-- ######################################################## -->


	
<!-- BANNER SETUP -->
<!-- Skin.HasSetting(ListInfoUseBanner) USED ON ENTIRE GROUP TO HIDE IF SETTING SET TO BANNER -->
<!-- ######################################################## -->
<!-- ######################################################## -->
<!-- ######################################################## -->
  <control type="group">					
	  <visible>!Skin.HasSetting(UsePosters)</visible>
		<visible>Window.IsActive(VideoLibrary) + Container.Content(TVShows)</visible>
		<posx>300</posx>
		<posy>340</posy>

				<control type="image">
					<description>Cover BANNER</description>
					<width>425</width>
					<height>100</height>
					<texture background="true">$INFO[ListItem.Thumb]</texture>
					<aspectratio>stretch</aspectratio>
					<bordertexture border="6">item-shadow-border.png</bordertexture>
					<bordersize>6</bordersize>
					<fadetime>IconCrossfadeTime</fadetime>
					<visible>!IsEmpty(ListItem.Thumb)</visible>
				</control>

				<control type="image">
					<description>Default Cover Background BANNER</description>
					<width>425</width>
					<height>100</height>
					<texture border="5">item-noshadow-background.png</texture>
					<bordertexture border="6">item-shadow-border.png</bordertexture>
					<bordersize>6</bordersize>
					<fadetime>IconCrossfadeTime</fadetime>
					<visible>IsEmpty(ListItem.Thumb)</visible>
					<animation effect="fade" end="50" condition="true">Conditional</animation>
				</control>
		
				<control type="image">
					<description>Default Cover  BANNER</description>
					<posx>163</posx>
					<posy>0</posy>
					<width>99</width>
					<height>99</height>
					<texture background="true">$INFO[ListItem.Icon]</texture>
					<fadetime>IconCrossfadeTime</fadetime>
					<visible>IsEmpty(ListItem.Thumb)</visible>		
				</control>									
  </control>
	
			<control type="group">
    	  <visible>!Skin.HasSetting(UsePosters)</visible>
    		<visible>Window.IsActive(VideoLibrary) + Container.Content(TVShows)</visible>
				<posy>450</posy>
				<posx>20</posx>

				<control type="image">
					<posy>0</posy>
					<width>700</width>
					<height>2</height>
					<texture>separator3.png</texture>
				</control>
					
				<control type="textbox">
					<description>Plot</description>
					<posy>10</posy>
					<width>700</width>
					<height>166</height>
					<include>DefaultPlot</include>
					<label>$INFO[ListItem.Plot]</label>
					<autoscroll time="2000" delay="3000" repeat="10000">!Skin.HasSetting(DoNotAutoScrollTVShowsListInfoPlot)</autoscroll>
					<include>ControlsOpenCloseAnim</include>
				</control>	
			
  </control>
<!-- ######################################################## -->


<!-- COVER SETUP -->
<!-- ######################################################## -->
<!-- ######################################################## -->
<!-- ######################################################## -->
  <control type="group">					
  	<visible>Skin.HasSetting(UsePosters)</visible>
		<visible>Window.IsActive(VideoLibrary) + Container.Content(TVShows)</visible>
		<posx>510</posx>
		<posy>336</posy>

				<control type="image">
					<description>Cover COVER</description>
					<width>220</width>
					<height>300</height>
					<texture background="true">$INFO[ListItem.Thumb]</texture>
					<aspectratio>stretch</aspectratio>
					<bordertexture border="6">item-shadow-border.png</bordertexture>
					<bordersize>6</bordersize>
					<fadetime>IconCrossfadeTime</fadetime>
					<visible>!IsEmpty(ListItem.Thumb)</visible>
				</control>

				<control type="image">
					<description>Default Cover Background COVER</description>
					<width>220</width>
					<height>300</height>
					<texture border="5">item-noshadow-background.png</texture>
					<bordertexture border="6">item-shadow-border.png</bordertexture>
					<bordersize>6</bordersize>
					<fadetime>IconCrossfadeTime</fadetime>
					<visible>IsEmpty(ListItem.Thumb)</visible>
					<animation effect="fade" end="50" condition="true">Conditional</animation>
				</control>
		
				<control type="image">
					<description>Default Cover COVER</description>
					<posx>63</posx>
					<posy>101</posy>
					<width>99</width>
					<height>99</height>
					<texture background="true">$INFO[ListItem.Icon]</texture>
					<fadetime>IconCrossfadeTime</fadetime>
					<visible>IsEmpty(ListItem.Thumb)</visible>		
				</control>									
  </control>
	
   <control type="group">
  	<visible>Skin.HasSetting(UsePosters)</visible>
		<visible>Window.IsActive(VideoLibrary) + Container.Content(TVShows)</visible>
				<posy>450</posy>
				<posx>20</posx>
				<visible>Container.Content(TVShows)+ !IsEmpty(ListItem.Plot) + !Skin.HasSetting(HideTVShowsListInfoPlot)</visible>

				<control type="image">
					<posy>0</posy>
					<width>480</width>
					<height>2</height>
					<texture>separator3.png</texture>
				</control>
					
				<control type="textbox">
					<description>Plot</description>
					<posy>10</posy>
					<width>480</width>
					<height>150</height>
					<include>DefaultPlot</include>
					<label>$INFO[ListItem.Plot]</label>
					<autoscroll time="2000" delay="3000" repeat="10000">!Skin.HasSetting(DoNotAutoScrollTVShowsListInfoPlot)</autoscroll>
					<include>ControlsOpenCloseAnim</include>
				</control>	
 	</control>
<!-- ######################################################## -->





			

<!-- COVER SETUP FOR SEASONS-->
<!-- ######################################################## -->
<!-- ######################################################## -->
<!-- ######################################################## -->
			<control type="group">					
				<posx>510</posx>
				<posy>336</posy>
				<visible>Window.IsActive(VideoLibrary) + Container.Content(Seasons)</visible>
				
				<control type="image">
					<description>Cover</description>
					<width>220</width>
					<height>300</height>
					<texture background="true">$INFO[ListItem.Thumb]</texture>
					<aspectratio>stretch</aspectratio>
					<bordertexture border="6">item-shadow-border.png</bordertexture>
					<bordersize>6</bordersize>
					<fadetime>IconCrossfadeTime</fadetime>
					<visible>!IsEmpty(ListItem.Thumb)</visible>
				</control>

				<control type="image">
					<description>Default Cover Background</description>
					<width>220</width>
					<height>300</height>
					<texture border="5">item-noshadow-background.png</texture>
					<bordertexture border="6">item-shadow-border.png</bordertexture>
					<bordersize>6</bordersize>
					<fadetime>IconCrossfadeTime</fadetime>
					<visible>IsEmpty(ListItem.Thumb)</visible>
					<animation effect="fade" end="50" condition="true">Conditional</animation>
				</control>
			</control>

			<control type="group">
				<posx>430</posx>
				<posy>340</posy>
				<visible>Window.IsActive(VideoLibrary) + Container.Content(Episodes) + !Skin.HasSetting(HideEpisodesListInfoCover)</visible>
				
				<control type="image">
					<description>Cover</description>
					<width>289</width>
					<height>289</height>
					<texture background="true">$INFO[ListItem.Thumb]</texture>
					<aspectratio align="center" aligny="top">keep</aspectratio>
					<bordertexture border="6">item-shadow-border.png</bordertexture>
					<bordersize>6</bordersize>
					<fadetime>IconCrossfadeTime</fadetime>
					<visible>!IsEmpty(ListItem.Thumb)</visible>
				</control>
				
				<control type="image">
					<description>Default Cover Background</description>
					<width>289</width>
					<height>289</height>
					<texture border="5">item-noshadow-background.png</texture>
					<bordertexture border="6">item-shadow-border.png</bordertexture>
					<bordersize>6</bordersize>
					<fadetime>IconCrossfadeTime</fadetime>
					<visible>IsEmpty(ListItem.Thumb)</visible>
					<animation effect="fade" end="50" condition="true">Conditional</animation>
				</control>
					
				<control type="image">
					<description>Default Cover</description>
					<posx>69</posx>
					<posy>69</posy>
					<width>151</width>
					<height>151</height>
					<texture background="true">$INFO[ListItem.Icon]</texture>
					<fadetime>IconCrossfadeTime</fadetime>
					<visible>IsEmpty(ListItem.Thumb)</visible>		
				</control>		
			</control>
<!-- ######################################################## -->
			
			<include>SmallVideoOverlay</include>
			
			
			
			<control type="group">
				<posy>SortLetterOffsetY</posy>
				<include>SortLetterNotification</include>
			</control>


			<control type="button" id="188">
				<onfocus>Skin.SetString(CurrentViewMode,61)</onfocus>
				<include>ViewOptionsHelperBtn</include>
				<visible>Control.IsVisible(61)</visible>
			</control>
			
			<include>ViewsScreenFullFadeAnim</include>
			<include>ViewsDialogPopUpScreenDim</include>
			
			<control type="group">
				<description>Bottom Bar Area</description>
				<posy>BottomPaneOffsetY</posy>	
				<include>InfoPaneImage</include>
				<include>InfoPaneMediaDetails</include>
			</control>
		</control>	
	</include>
	<!---------------------------------------------------------------------------------------------------------------------------------------------------->	
		<include name="TVShowsListWideView">
		<control type="group" id="500">			    
			<defaultcontrol always="true">62</defaultcontrol>
			<visible>Control.IsVisible(62)</visible>
			<include>MediaViewOpenCloseAnim</include>
			
			<control type="image">
				<include>ScreenSize</include>
				<texture>view-fade-background.png</texture>
				<visible>!Skin.HasSetting(HideTVShowsWideListFanart)</visible>
				<animation effect="fade" end="60" condition="true">Conditional</animation>
			</control>
			
			<control type="list" id="62">	
				<viewtype label="31113">Wide List</viewtype>
				<posx>20</posx>
				<posy>46</posy>
				<width>ScreenWidth</width>
				<height>600</height>
				<pagecontrol>150</pagecontrol>
				<onup>62</onup>
				<ondown>62</ondown>
				<onleft>850</onleft>
				<onright>150</onright>			
				<visible>Window.IsActive(VideoLibrary) + Container.Content(Episodes)</visible>		
				<itemlayout height="200">
					<control type="image">
						<width>ScreenWidth</width>
						<height>200</height>	
						<texture border="0,2,0,0">button-list-nofocus.png</texture>
						<animation effect="fade" end="70" condition="true">Conditional</animation>
					</control>	
					<control type="label">
						<posx>60</posx>
						<posy>0</posy>
						<width>50</width>
						<height>200</height>
						<include>WideListEpisodeLabel</include>
						<label>$INFO[ListItem.Episode].</label>
					</control>
					<control type="image">
						<description>Cover</description>
						<posx>75</posx>
						<posy>25</posy>
						<width>265</width>
						<height>150</height>
						<texture background="true">$INFO[ListItem.Thumb]</texture>
						<aspectratio align="center" aligny="top">scale</aspectratio>
						<bordertexture border="6">item-shadow-border.png</bordertexture>
						<bordersize>6</bordersize>
						<visible>!IsEmpty(ListItem.Thumb)</visible>
					</control>
					<control type="label">
						<Description>Title</Description>
						<posx>365</posx>
						<posy>20</posy>
						<width>965</width>
						<height>36</height>
						<include>ListLabel</include>
						<textcolor>ThemeColor</textcolor>		
						<label>$INFO[ListItem.Title]</label>
					</control>
					<control type="label">
						<posx>365</posx>
						<posy>40</posy>
						<width>965</width>
						<height>36</height>
						<include>WideListAiredLabel</include>
						<textcolor>ListLabelUnfocusedColor</textcolor>		
						<label>Aired: $INFO[ListItem.Premiered]</label>
					</control>
					<control type="label">
						<posx>1214</posx>
						<posy>22</posy>
						<width>100</width>
						<height>36</height>
						<include>ListLabel2</include>
						<textcolor>ListLabel2UnfocusedColor</textcolor>		
						<info>ListItem.Rating</info>
						<visible>Skin.HasSetting(NoStars)</visible>
					</control>
					<control type="image">
						<description>IMDB Star rating</description>
						<posx>1150</posx>
						<posy>34</posy>
						<width>60</width>
						<height>13</height>
						<info>ListItem.StarRating</info>						
						<colordiffuse>White</colordiffuse>	
						<visible>!Skin.HasSetting(NoStars)</visible>
					</control>					
					
					
					<control type="textbox">
						<description>Plot</description>
						<posx>365</posx>
						<posy>70</posy>
						<width>850</width>
						<height>94</height>
						<include>WideListPlot</include>
						<textcolor>ListLabelUnfocusedColor</textcolor>
						<label>$INFO[ListItem.Plot]</label>
						<autoscroll time="2000" delay="10000" repeat="10000">!Skin.HasSetting(DoNotAutoScrollEpisodesListInfoPlot)</autoscroll>
						<visible>!IsEmpty(ListItem.Plot) + !Skin.HasSetting(HideTVShowsListInfoPlot)</visible>
					</control>
					<control type="image">
						<description>Overlay</description>
						<posx>80</posx>
						<posy>30</posy>
						<width>64</width>
						<height>64</height>
						<info>ListItem.Overlay</info>
						<aspectratio align="center" aligny="top">stretch</aspectratio>  
					</control>
				</itemlayout>		
				<focusedlayout height="200">	
					<control type="image">
						<posy>0</posy>
						<width>1240</width>
						<height>200</height>	
						<texture border="5">button-list-focus.png</texture>
						<visible>Control.HasFocus(62)</visible>
					</control>
					<control type="image">
						<posy>0</posy>
						<width>1240</width>
						<height>200</height>	
						<texture border="5">button-list-alt-focus.png</texture>
						<visible>!Control.HasFocus(62)</visible>
					</control>
					<control type="label">
						<posx>60</posx>
						<posy>0</posy>
						<width>50</width>
						<height>200</height>
						<include>WideListEpisodeLabel</include>
						<label>$INFO[ListItem.Episode].</label>
					</control>
					<control type="group">
						<posx>75</posx>
						<posy>25</posy>
						<width>265</width>
						<height>150</height>
						<animation effect="zoom" start="90" end="100" center="auto" time="500" tween="back" easing="inout" reversible="false">Focus</animation>
						
						<control type="image">
							<description>Cover</description>
							<posx>0</posx>
							<posy>0</posy>
							<width>265</width>
							<height>150</height>
							<texture background="true">$INFO[ListItem.Thumb]</texture>
							<aspectratio align="center" aligny="top">scale</aspectratio>
							<bordertexture border="6">item-shadow-border.png</bordertexture>
							<bordersize>6</bordersize>
							<visible>!IsEmpty(ListItem.Thumb)</visible>
						</control>
						<control type="image">
							<description>Overlay</description>
							<posx>6</posx>
							<posy>6</posy>
							<width>64</width>
							<height>64</height>
							<info>ListItem.Overlay</info>
							<aspectratio align="center" aligny="top">stretch</aspectratio>  
						</control>	
					</control>
					<control type="label">
						<posx>365</posx>
						<posy>20</posy>
						<width>965</width>
						<height>36</height>
						<include>ListLabel</include>
						<textcolor>ThemeColor</textcolor>	
						<label>$INFO[ListItem.Title]</label>
					</control>
					<control type="label">
						<posx>365</posx>
						<posy>40</posy>
						<width>965</width>
						<height>36</height>
						<include>WideListAiredLabel</include>
						<textcolor>ListLabelFocusedColor</textcolor>		
						<label>Aired: $INFO[ListItem.Premiered]</label>
					</control>
					<control type="label">
						<posx>1214</posx>
						<posy>20</posy>
						<width>100</width>
						<height>36</height>
						<include>ListLabel2</include>
						<textcolor>ListLabel2FocusedColor</textcolor>		
						<info>ListItem.Rating</info>
						<visible>Skin.HasSetting(NoStars)</visible>
					</control>
					
						<control type="image">
						<description>IMDB Star rating</description>
						<posx>1150</posx>
						<posy>34</posy>
						<width>60</width>
						<height>13</height>
						<info>ListItem.StarRating</info>						
						<colordiffuse>White</colordiffuse>	
						<visible>!Skin.HasSetting(NoStars)</visible>
					</control>	
					
					<control type="textbox">
						<description>Plot</description>
						<posx>365</posx>
						<posy>70</posy>
						<width>850</width>
						<height>94</height>
						<include>WideListPlot</include>
						<textcolor>ListLabelFocusedColor</textcolor>
						<label>$INFO[ListItem.Plot]</label>
						<autoscroll time="2000" delay="10000" repeat="10000">!Skin.HasSetting(DoNotAutoScrollEpisodesListInfoPlot)</autoscroll>
						<visible>!IsEmpty(ListItem.Plot) + !Skin.HasSetting(HideTVShowsListInfoPlot)</visible>
					</control>
				</focusedlayout>		
			</control>
			
			<include>ViewsScreenFullFadeAnim</include>
			<include>ViewsDialogPopUpScreenDim</include>
			
			<control type="group">
				<posy>SortLetterOffsetY</posy>
				<include>SortLetterNotification</include>
				
			</control>


			<control type="button" id="188">
				<onfocus>Skin.SetString(CurrentViewMode,62)</onfocus>
				<include>ViewOptionsHelperBtn</include>
				<visible>Control.IsVisible(62)</visible>
			</control>
			
			<control type="group">
				<description>Bottom Bar Area</description>
				<posy>BottomPaneOffsetY</posy>	
				<include>InfoPaneImage</include>
				<include>InfoPaneMediaDetails</include>
			</control>
		</control>
	</include>
	<!---------------------------------------------------------------------------------------------------------------------------------------------------->	
	<include name="TVShowsBannerListView">
		<control type="group" id="500">			    
			<defaultcontrol always="true">63</defaultcontrol>
			<visible>Control.IsVisible(63)</visible>
			<include>MediaViewOpenCloseAnim</include>
			
			<control type="image">
				<include>ScreenSize</include>
				<texture>view-fade-background.png</texture>
				<animation effect="fade" end="60" condition="true">Conditional</animation>
			</control>
			
			<control type="list" id="63">	
				<viewtype label="31114">Banner List</viewtype>
				<posx>0</posx>
				<posy>100</posy>
				<width>800</width>
				<height>500</height>
				<pagecontrol>150</pagecontrol>
				<onup>63</onup>
				<ondown>63</ondown>
				<onleft>850</onleft>
				<onright>150</onright>			
				<visible>Window.IsActive(VideoLibrary) + Container.Content(tvshows)</visible>	
				
				<itemlayout height="125">	
					<control type="image">
						<description>Cover</description>
						<posx>100</posx>
						<posy>10</posy>
						<width>567</width>
						<height>105</height>
						<texture background="true">$INFO[ListItem.Thumb]</texture>
						<aspectratio>stretch</aspectratio>
						<bordertexture border="6">item-shadow-border.png</bordertexture>
						<bordersize>6</bordersize>
						<visible>!IsEmpty(ListItem.Thumb)</visible>
					</control>
					<control type="image">
						<posx>106</posx>
						<posy>14</posy>
						<width>556</width>
						<height>96</height>
						<texture>background-dim.png</texture>
						<aspectratio>stretch</aspectratio>
						<visible>!IsEmpty(ListItem.Thumb)</visible>
						<animation effect="fade" end="50" condition="true">Conditional</animation>
					</control>
					<control type="image">
						<description>Overlay</description>
						<posx>106</posx>
						<posy>16</posy>
						<width>64</width>
						<height>64</height>
						<info>ListItem.Overlay</info>
					</control>
				</itemlayout>
				<focusedlayout height="125">	
					<control type="group">
						<posx>100</posx>
						<posy>10</posy>
						<width>567</width>
						<height>105</height>
						<animation effect="zoom" start="90" end="105" center="auto" time="500" tween="back" easing="inout" reversible="false">Focus</animation>
						
						<control type="image">
							<description>Cover</description>
							<posx>0</posx>
							<posy>0</posy>
							<width>567</width>
							<height>105</height>
							<texture background="true">$INFO[ListItem.Thumb]</texture>
							<aspectratio>stretch</aspectratio>
							<bordertexture border="6">item-shadow-border.png</bordertexture>
							<bordersize>6</bordersize>
							<visible>!IsEmpty(ListItem.Thumb)</visible>
						</control>
						<control type="image">
							<description>Overlay</description>
							<posx>6</posx>
							<posy>6</posy>
							<width>64</width>
							<height>64</height>
							<info>ListItem.Overlay</info>
							<aspectratio align="center" aligny="top">stretch</aspectratio>  
						</control>
					</control>	
				</focusedlayout>		
			</control>
			
			<control type="grouplist">
				<posx>780</posx>
				<posy>100</posy>
				<width>450</width>
				<height>600</height>
				<itemgap>2</itemgap>
				<orientation>vertical</orientation>

				<control type="group">
					<posx>0</posx>
					<posy>0</posy>
					<width>400</width>
					<height>240</height>
					<visible>!IsEmpty(Listitem.Property(Fanart_Image)) + !Skin.HasSetting(HideTVShowsBannerMiniFanart)</visible>
					<control type="image">
						<description>Mini Fanart</description>
						<width>400</width>
						<height>225</height>
						<texture background="true">$INFO[Listitem.Property(Fanart_Image)]</texture>
						<aspectratio align="center" aligny="top">scale</aspectratio>
						<bordertexture border="5">item-noshadow-background.png</bordertexture>
						<bordersize>10</bordersize>
						<fadetime>IconCrossfadeTime</fadetime>
					</control>
				</control>
				<control type="label">
					<description>First Aired</description>
					<include>BannerViewTitleLabel</include>
					<label>$INFO[ListItem.Title]</label>
				</control>
				<control type="label">
					<description>First Aired</description>
					<include>BannerViewInfoLabel</include>
					<height>20</height>
					<label>[COLOR=MediaInfoHeaderColor][B]$LOCALIZE[20416]:[/B][/COLOR] $INFO[ListItem.Premiered]</label>
				</control>
				<control type="label">
					<description>Genre</description>
					<include>BannerViewInfoLabel</include>
					<height>20</height>
					<label>[COLOR=MediaInfoHeaderColor][B]$LOCALIZE[515]:[/B][/COLOR] $INFO[ListItem.Genre]</label>
				</control>
				<control type="label">
					<description>Rating</description>
					<include>BannerViewInfoLabel</include>
					<height>30</height>
					<label>[COLOR=MediaInfoHeaderColor][B]$LOCALIZE[563]:[/B][/COLOR] $INFO[ListItem.Rating]</label>
				</control>
				<control type="image">
					<posy>10</posy>
					<width>400</width>
					<height>2</height>
					<texture>separator3.png</texture>
				</control>
				
				<control type="textbox">
					<description>Plot</description>
					<width>400</width>
					<height>190</height>
					<include>DefaultPlot</include>
					<label>$INFO[ListItem.Plot]</label>
					<visible>!IsEmpty(ListItem.Plot) + !Skin.HasSetting(HideTVShowsBannerListViewPlot)</visible>
					<autoscroll time="2000" delay="3000" repeat="10000">!Skin.HasSetting(DoNotAutoScrollTVShowsBannerListViewPlot)</autoscroll>
				</control>
			</control>
			
			<include>ViewsScreenFullFadeAnim</include>
			<include>ViewsDialogPopUpScreenDim</include>
			
			<control type="group">
				<posy>SortLetterOffsetY</posy>
				<include>SortLetterNotification</include>
				
			</control>


			<control type="button" id="188">
				<onfocus>Skin.SetString(CurrentViewMode,63)</onfocus>
				<include>ViewOptionsHelperBtn</include>
				<visible>Control.IsVisible(63)</visible>
			</control>
			
			<control type="group">
				<description>Bottom Bar Area</description>
				<posy>BottomPaneOffsetY</posy>	
				<include>InfoPaneImage</include>
				<include>InfoPaneMediaDetails</include>
			</control>
		</control>
	</include>
	<!---------------------------------------------------------------------------------------------------------------------------------------------------->
	<include name="TVShowsListInfoView2">	
		<control type="group" id="500">	
	        <defaultcontrol always="true">79</defaultcontrol>
			<visible>Control.IsVisible(79)</visible>
			<include>MediaViewOpenCloseAnim</include>
			<include>InfoPaneHiddenSlideAnim2</include>
			<include>ListInfo2ViewScrollbar</include>
			
			<control type="group">
				<description>Media Info Area</description>
				<posx>40</posx>
				<posy>92</posy>
				
				<control type="image">
					<description>Default Background</description>
					<width>560</width>
					<height>315</height>
					<texture border="9">item-background.png</texture>
					<include>WideIconViewItemBackgroundFadeAnim</include>
					<visible>IsEmpty(ListItem.Property(Fanart_Image))</visible>
				</control>	
						
				<control type="largeimage">
					<description>Fanart</description>
					<width>560</width>
					<height>315</height>
					<bordertexture border="7">item-shadow-border.png</bordertexture>
					<bordersize>5</bordersize>
					<texture background="true">$INFO[ListItem.Property(Fanart_Image)]</texture>
					<aspectratio>stretch</aspectratio>
					<fadetime>FanartCrossfadeTime</fadetime>	
				</control>
				
				<control type="group">
					<visible>!Container.OnNext + !Container.OnPrevious</visible>
					<include>ControlsOpenCloseAnim</include>
					
					<control type="image">
						<description>Genre Background</description>
						<posx>5</posx>
						<posy>5</posy>
						<width>550</width>
						<height>30</height>
						<texture>background-dim.png</texture>
						<visible>!IsEmpty(ListItem.Genre)</visible>
						<animation effect="fade" end="50" condition="true">Conditional</animation>
					</control>	
					
					<control type="label">
						<description>Genre</description>
						<posx>10</posx>
						<posy>20</posy>
						<width>540</width>
						<include>ListInfoView2CatLabel</include>		
						<label>[UPPERCASE]$INFO[ListItem.Genre][/UPPERCASE]</label>
					</control>
					
					<control type="label">
						<description>Media Info Row 1</description>
						<posx>5</posx>
						<posy>335</posy>
						<width>270</width>
						<include>ListInfoView2CatLabel</include>		
						<label>[UPPERCASE][COLOR=MediaInfoItemColor]$LOCALIZE[345]:[/COLOR][/UPPERCASE] $INFO[ListItem.Year]</label>
						<visible>!IsEmpty(ListItem.Year)</visible>
					</control>
					
					<control type="label">
						<description>Media Info Row 1</description>
						<posx>555</posx>
						<posy>335</posy>
						<width>270</width>
						<include>ListInfoView2CatLabel</include>			
						<label>[UPPERCASE][COLOR=MediaInfoItemColor]$LOCALIZE[20416]:[/COLOR][/UPPERCASE] $INFO[ListItem.Premiered]</label>
						<align>right</align>
						<visible>!IsEmpty(ListItem.Premiered)</visible>
					</control>
					
					<control type="group">
						<visible>!IsEmpty(ListItem.Plot) + !Skin.HasSetting(HideTVShowsListInfo2Plot)</visible>
						
						<control type="image">
							<posx>5</posx>
							<posy>355</posy>
							<width>550</width>
							<height>2</height>
							<texture>separator3.png</texture>
						</control>
						
						<control type="textbox">
							<description>Plot</description>
							<posx>5</posx>
							<posy>365</posy>
							<width>550</width>
							<height>175</height>
							<include>DefaultPlot</include>
							<shadowcolor>ShadowColor</shadowcolor>
							<align>justify</align>
							<label>$INFO[ListItem.Plot]</label>
							<wrapmultiline>true</wrapmultiline>
							<autoscroll time="2000" delay="3000" repeat="10000">!Skin.HasSetting(DoNotAutoScrollTVShowsListInfo2Plot)</autoscroll>
							<include>ControlsOpenCloseAnim</include>
						</control>
					</control>
				</control>
			</control>
			
			<include condition="Skin.String(TVShowsListInfo2Style,1)">TVShowsListInfo2ClassicStyle</include>
			<include condition="[Skin.String(TVShowsListInfo2Style,2) | Skin.String(TVShowsListInfo2Style,)] + !Skin.HasSetting(UseTVShowsPosterCover)">TVShowsListInfo2BannerStyle</include>
			<include condition="[Skin.String(TVShowsListInfo2Style,2) | Skin.String(TVShowsListInfo2Style,)] + Skin.HasSetting(UseTVShowsPosterCover)">TVShowsListInfo2PosterBannerStyle</include>
			<include condition="Skin.String(TVShowsListInfo2Style,3)">TVShowsListInfo2IconStyle</include>
			
			<control type="group">
				<posy>SortLetterOffsetY</posy>
				<include>SortLetterNotification</include>
			</control>
			
			<control type="button" id="188">
				<onfocus>Skin.SetString(CurrentViewMode,79)</onfocus>
				<include>ViewOptionsHelperBtn</include>
				<visible>Control.IsVisible(79)</visible>
			</control>
			
			<include>ViewsScreenFullFadeAnim</include>
			<include>ViewsDialogPopUpScreenDim</include>
			
			<control type="group">
				<description>Bottom Bar Area</description>
				<posy>BottomPaneOffsetY</posy>	
				<include>InfoPaneImage</include>
				<include>InfoPaneMediaDetails</include>
			</control>		
		</control>		
	</include>
	<!---------------------------------------------------------------------------------------------------------------------------------------------------->
	<include name="EpisodesListInfoView2">	
		<control type="group" id="500">	
	        <defaultcontrol always="true">80</defaultcontrol>
			<visible>Control.IsVisible(80)</visible>
			<include>MediaViewOpenCloseAnim</include>
			<include>InfoPaneHiddenSlideAnim2</include>
			<include>ListInfo2ViewScrollbar</include>
			
			<control type="group">
				<description>Media Info Area</description>
				<posx>40</posx>
				<posy>92</posy>
				
				<control type="image">
					<description>Default Background</description>
					<width>560</width>
					<height>315</height>
					<texture border="9">item-background.png</texture>
					<include>WideIconViewItemBackgroundFadeAnim</include>
					<visible>IsEmpty(ListItem.Property(Fanart_Image))</visible>
				</control>	
						
				<control type="largeimage">
					<description>Fanart</description>
					<width>560</width>
					<height>315</height>
					<bordertexture border="7">item-shadow-border.png</bordertexture>
					<bordersize>5</bordersize>
					<texture background="true">$INFO[ListItem.Property(Fanart_Image)]</texture>
					<aspectratio>stretch</aspectratio>
					<fadetime>FanartCrossfadeTime</fadetime>	
				</control>
				
				<control type="group">
					<visible>!Container.OnNext + !Container.OnPrevious</visible>
					<include>ControlsOpenCloseAnim</include>
					
					<control type="image">
						<description>Genre Background</description>
						<posx>5</posx>
						<posy>5</posy>
						<width>550</width>
						<height>30</height>
						<texture>background-dim.png</texture>
						<visible>!IsEmpty(ListItem.Genre)</visible>
						<animation effect="fade" end="50" condition="true">Conditional</animation>
					</control>	
					
					<control type="label">
						<description>Genre</description>
						<posx>10</posx>
						<posy>20</posy>
						<width>540</width>
						<include>ListInfoView2CatLabel</include>		
						<label>[UPPERCASE]$INFO[ListItem.Genre][/UPPERCASE]</label>
					</control>
					
					<control type="label">
						<description>Media Info Row 1</description>
						<posx>5</posx>
						<posy>335</posy>
						<width>270</width>
						<include>ListInfoView2CatLabel</include>		
						<label>[UPPERCASE][COLOR=MediaInfoItemColor]$LOCALIZE[345]:[/COLOR][/UPPERCASE] $INFO[ListItem.Year]</label>
						<visible>!IsEmpty(ListItem.Year)</visible>
					</control>
					
					<control type="label">
						<description>Media Info Row 1</description>
						<posx>555</posx>
						<posy>335</posy>
						<width>270</width>
						<include>ListInfoView2CatLabel</include>			
						<label>[UPPERCASE][COLOR=MediaInfoItemColor]$LOCALIZE[20416]:[/COLOR][/UPPERCASE] $INFO[ListItem.Premiered]</label>
						<align>right</align>
						<visible>!IsEmpty(ListItem.Premiered)</visible>
					</control>
					
					<control type="group">
						<visible>!IsEmpty(ListItem.Plot) + !Skin.HasSetting(HideEpisodesListInfo2Plot)</visible>
						
						<control type="image">
							<posx>5</posx>
							<posy>355</posy>
							<width>550</width>
							<height>2</height>
							<texture>separator3.png</texture>
						</control>
						
						<control type="textbox">
							<description>Plot</description>
							<posx>5</posx>
							<posy>365</posy>
							<width>550</width>
							<height>175</height>
							<include>DefaultPlot</include>
							<shadowcolor>ShadowColor</shadowcolor>
							<align>justify</align>
							<label>$INFO[ListItem.Plot]</label>
							<wrapmultiline>true</wrapmultiline>
							<autoscroll time="2000" delay="3000" repeat="10000">!Skin.HasSetting(DoNotAutoScrollEpisodesListInfo2Plot)</autoscroll>
							<include>ControlsOpenCloseAnim</include>
						</control>
					</control>
				</control>
			</control>
			
			<include condition="Skin.String(EpisodesListInfo2Style,1)">EpisodesListInfo2ClassicStyle</include>
			<include condition="Skin.String(EpisodesListInfo2Style,2) | Skin.String(EpisodesListInfo2Style,)">EpisodesListInfo2BannerStyle</include>
			<include condition="Skin.String(EpisodesListInfo2Style,3)">EpisodesListInfo2IconStyle</include>
			
			<control type="group">
				<posy>SortLetterOffsetY</posy>
				<include>SortLetterNotification</include>
			</control>
			
			<control type="button" id="188">
				<onfocus>Skin.SetString(CurrentViewMode,80)</onfocus>
				<include>ViewOptionsHelperBtn</include>
				<visible>Control.IsVisible(80)</visible>
			</control>
			
			<include>ViewsScreenFullFadeAnim</include>
			<include>ViewsDialogPopUpScreenDim</include>
			
			<control type="group">
				<description>Bottom Bar Area</description>
				<posy>BottomPaneOffsetY</posy>	
				<include>InfoPaneImage</include>
				<include>InfoPaneMediaDetails</include>
			</control>		
		</control>		
	</include>
	<!---------------------------------------------------------------------------------------------------------------------------------------------------->
<include name="EpisodeShowcaseView">
		<control type="group" id="500">	
		    <defaultcontrol always="true">65</defaultcontrol>
			<visible>Control.IsVisible(65)</visible>
			<include>MediaViewOpenCloseAnim</include>
			<include>ShowcaseMediaControlAreaBackground</include>
			<include>InfoPaneHiddenSlideAnim</include>
			
			<control type="wraplist" id="65">
				<viewtype label="31115">Showcase</viewtype>
				<posx>400</posx>
				<posy>430</posy>
				<width>1068</width>
				<height>190</height>
				<focusposition>0</focusposition>
				<pagecontrol>150</pagecontrol>
				<scrolltime>200</scrolltime>
				<orientation>horizontal</orientation>
				<preloaditems>2</preloaditems>
				<onright>65</onright>
				<onleft>65</onleft>
				<onup>505</onup>
				<visible>Window.IsActive(VideoLibrary) + Container.Content(episodes)</visible>
				
				<itemlayout width="356">
					<control type="image">
						<description>Cover</description>
						<width>346</width>
						<height>194</height>
						<texture background="true">$INFO[ListItem.Thumb]</texture>
						<aspectratio align="center" aligny="top">scale</aspectratio>
						<bordertexture border="6">item-shadow-border.png</bordertexture>
						<bordersize>6</bordersize>
						<visible>!IsEmpty(ListItem.Thumb)</visible>
					</control>
					<control type="image">
						<description>Default Cover Background</description>
						<posx>0</posx>
						<posy>0</posy>
						<width>356</width>
						<height>200</height>
						<texture border="9">item-background.png</texture>
						<visible>IsEmpty(ListItem.Thumb)</visible>
					</control>
					<control type="image">
						<description>Default Cover</description>
						<posx>0</posx>
						<posy>0</posy>
						<width>356</width>
						<height>200</height>
						<texture background="true">$INFO[ListItem.Icon]</texture>
						<visible>IsEmpty(ListItem.Thumb)</visible>
					</control>
					<control type="image">
						<posx>6</posx>
						<posy>6</posy>
						<width>344</width>
						<height>188</height>
						<texture>background-dim.png</texture>
						<aspectratio>stretch</aspectratio>
						<visible>!IsEmpty(ListItem.Thumb)</visible>
						<animation effect="fade" end="50" condition="true">Conditional</animation>
					</control>
					<control type="image">
						<description>Default Cover Background</description>
						<posx>6</posx>
						<posy>6</posy>
						<width>64</width>
						<height>64</height>
						<info>ListItem.Overlay</info>
						<aspectratio align="center" aligny="top">stretch</aspectratio>  
					</control>
				</itemlayout>
				<focusedlayout width="356">
					<control type="group">
						<width>356</width>
						<height>200</height>
						<include>PosterItemFocusAnim</include>
					
						<control type="image">
							<description>Cover</description>
							<width>346</width>
							<height>194</height>
							<texture background="true">$INFO[ListItem.Thumb]</texture>
							<aspectratio align="center" aligny="top">scale</aspectratio>
							<bordertexture border="6">item-shadow-border.png</bordertexture>
							<bordersize>6</bordersize>
							<visible>!IsEmpty(ListItem.Thumb)</visible>
						</control>
						<control type="image">
							<description>Default Cover Background</description>
							<posx>0</posx>
							<posy>0</posy>
							<width>356</width>
							<height>200</height>
							<texture border="5">item-background2.png</texture>
							<visible>IsEmpty(ListItem.Thumb)</visible>
						</control>
						<control type="image">
							<description>Default Cover</description>
							<posx>0</posx>
							<posy>0</posy>
							<width>356</width>
							<height>200</height>
							<texture background="true">$INFO[ListItem.Icon]</texture>
							<visible>IsEmpty(ListItem.Thumb)</visible>
						</control>
						<control type="image">
							<description>Default Cover Background</description>
							<posx>6</posx>
							<posy>6</posy>
							<width>64</width>
							<height>64</height>
							<info>ListItem.Overlay</info>
							<aspectratio align="center" aligny="top">stretch</aspectratio>  
						</control>
					</control>	
				</focusedlayout>					
			</control>
			
			<control type="grouplist">
				<posx>20</posx>
				<posy>490</posy>
				<width>350</width>
				<height>204</height>
				<itemgap>4</itemgap>
				
				<control type="label">
					<description>Title</description>
					<include>TVShowListInfoViewLabel</include>
					<height>22</height>
					<label>[B]$INFO[ListItem.Label][/B]</label>
					<visible>Skin.HasSetting(HideInfoPane)</visible>
				</control>
				<control type="image">
					<posy>10</posy>
					<width>350</width>
					<height>2</height>
					<texture>separator3.png</texture>
					<visible>Skin.HasSetting(HideInfoPane)</visible>
				</control>
				<control type="textbox">
					<description>Plot</description>
				
					<width>350</width>
					<height>96</height>
					<include>DefaultPlot</include>
					<label>$INFO[ListItem.Plot]</label>
					<visible>!IsEmpty(ListItem.Plot) + !Skin.HasSetting(HideTVShowsListInfoPlot) + Skin.HasSetting(HideInfoPane)</visible>
					<autoscroll time="2000" delay="3000" repeat="10000">!Skin.HasSetting(DoNotAutoScrollEpisodesListInfoPlot)</autoscroll>
				</control>
				<control type="textbox">
					<description>Plot</description>
				
					<width>350</width>
					<height>134</height>
					<include>DefaultPlot</include>
					<label>$INFO[ListItem.Plot]</label>
					<visible>!IsEmpty(ListItem.Plot) + !Skin.HasSetting(HideTVShowsListInfoPlot) + !Skin.HasSetting(HideInfoPane)</visible>
					<autoscroll time="2000" delay="3000" repeat="10000">!Skin.HasSetting(DoNotAutoScrollEpisodesListInfoPlot)</autoscroll>
				</control>
			</control>	
			
			<include>SmallVideoOverlay</include>
			
			<include>ViewsScreenFullFadeAnim</include>
			<include>ViewsDialogPopUpScreenDim</include>
			
			<control type="group">
				<posy>SortLetterOffsetY</posy>
				<include>SortLetterNotification</include>
			</control>


			<control type="button" id="188">
				<onfocus>Skin.SetString(CurrentViewMode,65)</onfocus>
				<include>ViewOptionsHelperBtn</include>
				<visible>Control.IsVisible(65)</visible>
			</control>
			
			<control type="group">
				<description>Bottom Bar Area</description>
				<posy>BottomPaneOffsetY</posy>	
				<include>InfoPaneImage</include>
				<include>InfoPaneMediaDetails</include>
			</control>	
		</control>
	</include>
</includes>