<includes>
	<include name="MusicListInfoView">
		<control type="group" id="500">			    
			<defaultcontrol always="true">62</defaultcontrol>
			<visible>Control.IsVisible(62)</visible>
			<include>InfoPaneHiddenSlideAnim</include>
			<include>MediaViewOpenCloseAnim</include>
			<include>ListMediaControlAreaBackground</include>
			<include>ListInfoViewScrollbar</include>	

			<control type="list" id="62">	
				<viewtype label="31111">List Info</viewtype>
				<posx>730</posx>
				<posy>340</posy>
				<width>520</width>
				<height>289</height>
				<pagecontrol>150</pagecontrol>
				<onup>62</onup>
				<ondown>62</ondown>
				<onleft>850</onleft>
				<onright>150</onright>
				<visible>Container.Content(Albums) | Container.Content(Songs) | Container.Content(Artists)</visible>
				<itemlayout height="36">
					<control type="image">
						<width>520</width>
						<height>36</height>	
						<texture border="0,2,0,0">button-list-nofocus.png</texture>
						<animation effect="fade" end="70" condition="true">Conditional</animation>
					</control>	
					<control type="image">
						<description>Default Cover</description>
						<posx>6</posx>
						<posy>8</posy>
						<width>23</width>
						<height>23</height>
						<texture background="true">$INFO[ListItem.ActualIcon].png</texture>
					</control>					
					<control type="label">
						<posx>35</posx>
						<posy>2</posy>
						<width>420</width>
						<include>ListLabel</include>
						<textcolor>ListLabelUnfocusedColor</textcolor>		
						<info>ListItem.Label</info>
					</control>
					<control type="label">
						<posx>510</posx>
						<posy>2</posy>
						<width>140</width>
						<include>ListLabel2</include>
						<textcolor>ListLabel2UnfocusedColor</textcolor>
						<info>ListItem.Label2</info>
						<visible>!Container.Content(Albums)</visible>
					</control>
					<control type="label">
						<posx>510</posx>
						<posy>2</posy>
						<width>140</width>
						<include>ListLabel2</include>
						<textcolor>ListLabel2UnfocusedColor</textcolor>
						<info>ListItem.Year</info>
						<visible>Container.Content(Albums)</visible>
					</control>
				</itemlayout>		
				<focusedlayout height="36">	
					<control type="image">
						<posy>1</posy>
						<width>520</width>
						<height>36</height>	
						<texture border="5">button-list-focus.png</texture>
						<visible>Control.HasFocus(62)</visible>
					</control>
					<control type="image">
						<posy>1</posy>
						<width>520</width>
						<height>36</height>	
						<texture border="5">button-list-alt-focus.png</texture>
						<visible>!Control.HasFocus(62)</visible>
					</control>
					<control type="image">
						<description>Default Cover</description>
						<posx>6</posx>
						<posy>8</posy>
						<width>23</width>
						<height>23</height>
						<texture background="true">$INFO[ListItem.ActualIcon].png</texture>
						<colordiffuse>ff606060</colordiffuse>
					</control>
					<control type="label">
						<posx>35</posx>
						<posy>2</posy>
						<width>420</width>
						<include>ListLabel</include>
						<textcolor>ListLabelFocusedColor</textcolor>
						<info>ListItem.Label</info>
					</control>
					<control type="label">
						<posx>510</posx>
						<posy>2</posy>
						<width>140</width>
						<include>ListLabel2</include>
						<textcolor>ListLabel2FocusedColor</textcolor>		
						<info>ListItem.Label2</info>
						<visible>!Container.Content(Albums)</visible>
					</control>
					<control type="label">
						<posx>510</posx>
						<posy>2</posy>
						<width>140</width>
						<include>ListLabel2</include>
						<textcolor>ListLabel2FocusedColor</textcolor>		
						<info>ListItem.Year</info>
						<visible>Container.Content(Albums)</visible>
					</control>
				</focusedlayout>		
			</control>	
		
			<control type="label">
				<description>Description</description>
				<posx>20</posx>
				<posy>350</posy>
				<width>475</width>
				<include>MusicListInfoViewLabel</include>
				<label>[B][COLOR=MediaInfoHeaderColor]Artist Biography:[/COLOR][/B]</label>
				<visible>Container.Content(artists)</visible>
			</control>	
			
			<control type="label">
				<description>Description</description>
				<posx>20</posx>
				<posy>350</posy>
				<width>475</width>
				<include>MusicListInfoViewLabel</include>
				<label>[B][COLOR=MediaInfoHeaderColor]Album Information:[/COLOR][/B]</label>
				<visible>Container.Content(albums) | Container.Content(tracks)</visible>
			</control>	
			
			<control type="image">
				<posx>20</posx>
				<posy>374</posy>
				<width>475</width>
				<height>2</height>
				<texture>separator3.png</texture>
			</control>
				
			<control type="textbox">
				<description>Plot</description>
				<posx>20</posx>
				<posy>380</posy>
				<width>475</width>
				<height>240</height>
				<include>DefaultPlot</include>
				<label>$INFO[ListItem.Property(Artist_Description)]</label>
				<autoscroll time="2000" delay="3000" repeat="10000">true</autoscroll>
			</control>
		
			
			<control type="group">					
				<posx>516</posx>
				<posy>340</posy>
				
				<control type="image">
					<description>Cover</description>
					<width>203</width>
					<height>289</height>
					<texture background="true">$INFO[ListItem.Thumb]</texture>
					<aspectratio align="center" aligny="top">keep</aspectratio>
					<bordertexture border="6">item-shadow-border.png</bordertexture>
					<bordersize>6</bordersize>
					<fadetime>IconCrossfadeTime</fadetime>
					<visible>!IsEmpty(ListItem.Thumb)</visible>		
				</control>
				
				<control type="image">
					<description>Cover</description>
					<width>203</width>
					<height>289</height>
					<texture background="true">$INFO[Listitem.Property(Fanart_Image)]</texture>
					<aspectratio align="center" aligny="top">keep</aspectratio>
					<bordertexture border="6">item-shadow-border.png</bordertexture>
					<bordersize>6</bordersize>
					<fadetime>IconCrossfadeTime</fadetime>
					<visible>IsEmpty(ListItem.Thumb)</visible>		
				</control>
				
				
				
					
			</control>
			
			<control type="group">
				<posy>SortLetterOffsetY</posy>
				<include>SortLetterNotification</include>
				<animation effect="slide" end="0,-135" condition="true">Conditional</animation>
			</control>


			<control type="button" id="188">
				<onfocus>Skin.SetString(CurrentViewMode,62)</onfocus>
				<include>ViewOptionsHelperBtn</include>
				<visible>Control.IsVisible(62)</visible>
			</control>
			
			<include>ViewsScreenFullFadeAnim</include>
			<include>ViewsDialogPopUpScreenDim</include>
			
			<control type="group">
				<description>Bottom Bar Area</description>
				<posy>BottomPaneOffsetY</posy>	
				<include>InfoPaneImage</include>
				<include>InfoPaneMediaDetails</include>
			</control>
		</control>	
	</include>
	<!---------------------------------------------------------------------------------------------------------------------------------------------------->	
	<include name="MusicSlimListWideView">
		<control type="group" id="500">			    
			<defaultcontrol always="true">78</defaultcontrol>
			<visible>Control.IsVisible(78)</visible>
			<include>MediaViewOpenCloseAnim</include>
			<include>ListMediaControlAreaBackground</include>
			<include>InfoPaneHiddenSlideAnim</include>
			
			<control type="list" id="78">
				<viewtype label="31118">Slim Wide List</viewtype>
				<posx>20</posx>
				<posy>350</posy>
				<width>1240</width>
				<height>274</height>
				<pagecontrol>150</pagecontrol>
				<onup>68</onup>
				<ondown>68</ondown>
				<onleft>850</onleft>
				<onright>150</onright>			
				<visible>Window.IsActive(MusicLibrary)</visible>
				
				<itemlayout height="36">
					<control type="image">
						<width>1240</width>
						<height>36</height>	
						<texture border="0,2,0,0">button-list-nofocus.png</texture>
						<animation effect="fade" end="70" condition="true">Conditional</animation>
					</control>	
					<control type="image">
						<description>Default Cover</description>
						<posx>6</posx>
						<posy>8</posy>
						<width>23</width>
						<height>23</height>
						<texture background="true">$INFO[ListItem.ActualIcon].png</texture>
					</control>					
					<control type="label">
						<posx>35</posx>
						<posy>2</posy>
						<width>900</width>
						<height>36</height>
						<include>ListLabel</include>
						<textcolor>ListLabelUnfocusedColor</textcolor>			
						<info>ListItem.Label</info>
					</control>
					<control type="label">
						<posx>1210</posx>
						<posy>2</posy>
						<width>100</width>
						<height>36</height>
						<include>ListLabel2</include>
						<textcolor>ListLabel2UnfocusedColor</textcolor>	
						<info>ListItem.Year</info>
						<visible>Container.Content(albums)</visible>
					</control>
					<control type="label">
						<posx>1210</posx>
						<posy>2</posy>
						<width>100</width>
						<height>36</height>
						<include>ListLabel2</include>
						<textcolor>ListLabel2UnfocusedColor</textcolor>	
						<info>ListItem.Duration</info>
						<visible>Container.Content(songs)</visible>
					</control>
				</itemlayout>	
				<focusedlayout height="200">	
					<control type="group">
						<posx>0</posx>
						<posy>0</posy>
						<width>1240</width>
						<height>200</height>	
						
						<control type="image">
							<posy>0</posy>
							<width>1240</width>
							<height>200</height>	
							<texture border="5">button-list-focus.png</texture>
							<visible>Control.HasFocus(64)</visible>
						</control>
						<control type="image">
							<posy>0</posy>
							<width>1240</width>
							<height>200</height>	
							<texture border="5">button-list-alt-focus.png</texture>
							<visible>!Control.HasFocus(64)</visible>
						</control>
					
						<control type="group">
							<posx>25</posx>
							<posy>25</posy>
							<width>150</width>
							<height>150</height>
							<animation effect="zoom" start="90" end="100" center="auto" time="500" tween="back" easing="inout" reversible="false">Focus</animation>
							
							<control type="image">
								<description>Cover</description>
								<posx>0</posx>
								<posy>0</posy>
								<width>150</width>
								<height>150</height>
								<texture background="true">$INFO[ListItem.Thumb]</texture>
								<aspectratio align="center" aligny="center">scale</aspectratio>
								<bordertexture border="6">item-shadow-border.png</bordertexture>
								<bordersize>6</bordersize>
								<visible>!IsEmpty(ListItem.Thumb)</visible>
							</control>
							<control type="image">
								<description>Cover</description>
								<posx>0</posx>
								<posy>0</posy>
								<width>150</width>
								<height>150</height>
								<texture background="true">$INFO[ListItem.Icon]</texture>
								<aspectratio align="center" aligny="center">keep</aspectratio>
								<bordertexture border="6">item-shadow-border.png</bordertexture>
								<bordersize>6</bordersize>
								<visible>IsEmpty(ListItem.Thumb)</visible>
							</control>
						</control>
					
						<control type="group">
							<posx>200</posx>
							<width>1000</width>
							<height>150</height>
						
							<control type="label">
								<posx>0</posx>
								<posy>20</posy>
								<width>965</width>
								<height>36</height>
								<include>ListLabel</include>
								<textcolor>ThemeColor</textcolor>
								<label>$INFO[ListItem.Label]</label>
							</control>
						
							<!-- Artists -->
						
							
							<control type="textbox">
								<description>Artist Description</description>
								<posx>0</posx>
								<posy>70</posy>
								<width>1010</width>
								<height>94</height>
								<include>WideListPlot</include>
								<textcolor>ListLabelFocusedColor</textcolor>
								<label>$INFO[ListItem.Property(Artist_Description)]</label>
								<autoscroll time="2000" delay="10000" repeat="10000" condition="true">Conditional</autoscroll>
								<visible>Container.Content(artists)</visible>
							</control>
						
							<!-- Albums -->
						
							<control type="label">
								<posx>1010</posx>
								<posy>20</posy>
								<width>300</width>
								<height>36</height>
								<include>ListLabel2</include>
								<textcolor>ListLabel2UnfocusedColor</textcolor>
								<info>ListItem.Year</info>
								<visible>Container.Content(albums)</visible>
							</control>
						
							<control type="label">
								<posx>0</posx>
								<posy>40</posy>
								<width>965</width>
								<height>36</height>
								<include>WideListAiredLabel</include>
								<textcolor>ListLabelFocusedColor</textcolor>		
								<label>$INFO[ListItem.Artist]</label>
								<visible>Container.Content(albums)</visible>
							</control>
							
							<control type="textbox">
								<description>Album Description</description>
								<posx>0</posx>
								<posy>70</posy>
								<width>1010</width>
								<height>94</height>
								<include>WideListPlot</include>
								<textcolor>ListLabelFocusedColor</textcolor>
								<label>$INFO[ListItem.Property(Album_Description)]</label>
								<autoscroll time="2000" delay="10000" repeat="10000" condition="true">Conditional</autoscroll>
								<visible>Container.Content(albums)</visible>
							</control>
						
							<!-- Songs -->
						
							<control type="label">
								<posx>0</posx>
								<posy>40</posy>
								<width>965</width>
								<height>36</height>
								<include>WideListAiredLabel</include>
								<textcolor>ListLabelFocusedColor</textcolor>		
								<label>on '$INFO[ListItem.Album]' by '$INFO[ListItem.Artist]'</label>
								<visible>Container.Content(songs)</visible>
							</control>
							
							<control type="label">
								<posx>1010</posx>
								<posy>20</posy>
								<width>300</width>
								<height>36</height>
								<include>ListLabel2</include>
								<textcolor>ListLabel2UnfocusedColor</textcolor>
								<info>ListItem.Label2</info>
								<visible>Container.Content(songs)</visible>
							</control>
						</control>
					</control>
				</focusedlayout>		
			</control>
			
			<include>ViewsScreenFullFadeAnim</include>
			<include>ViewsDialogPopUpScreenDim</include>
			
			<control type="group">
				<posy>SortLetterOffsetY</posy>
				<include>SortLetterNotification</include>
				<animation effect="slide" end="0,-135" condition="true">Conditional</animation>
			</control>


			<control type="button" id="188">
				<onfocus>Skin.SetString(CurrentViewMode,78)</onfocus>
				<include>ViewOptionsHelperBtn</include>
				<visible>Control.IsVisible(78)</visible>
			</control>
			
			<control type="group">
				<description>Bottom Bar Area</description>
				<posy>BottomPaneOffsetY</posy>	
				<include>InfoPaneImage</include>
				<include>InfoPaneMediaDetails</include>
			</control>
		</control>
	</include>
	<!---------------------------------------------------------------------------------------------------------------------------------------------------->
	<include name="MusicListInfoView2">	
		<control type="group" id="500">	
	        <defaultcontrol always="true">67</defaultcontrol>
			<visible>Control.IsVisible(67)</visible>
			<include>MediaViewOpenCloseAnim</include>
			<include>InfoPaneHiddenSlideAnim2</include>
			<include>ListInfo2ViewScrollbar</include>
			
			<control type="group">
				<description>Media Info Area</description>
				<posx>40</posx>
				<posy>92</posy>
				
				<control type="image">
					<description>Default Background</description>
					<width>560</width>
					<height>315</height>
					<texture border="9">item-background.png</texture>
					<include>WideIconViewItemBackgroundFadeAnim</include>
					<visible>IsEmpty(ListItem.Property(Fanart_Image))</visible>
				</control>	
						
				<control type="largeimage">
					<description>Fanart</description>
					<width>560</width>
					<height>315</height>
					<bordertexture border="7">item-shadow-border.png</bordertexture>
					<bordersize>5</bordersize>
					<texture background="true">$INFO[ListItem.Property(Fanart_Image)]</texture>
					<aspectratio>stretch</aspectratio>
					<fadetime>FanartCrossfadeTime</fadetime>	
				</control>
				
				<control type="group">
					<visible>!Container.OnNext + !Container.OnPrevious</visible>
					<include>ControlsOpenCloseAnim</include>
				
					<control type="image">
						<description>Genre Background</description>
						<posx>5</posx>
						<posy>5</posy>
						<width>550</width>
						<height>30</height>
						<texture>background-dim.png</texture>
						<visible>!IsEmpty(ListItem.Genre) + !IsEmpty(ListItem.Property(Fanart_Image))</visible>
						<animation effect="fade" end="30" condition="true">Conditional</animation>
					</control>	
					
					<control type="label">
						<description>Genre</description>
						<posx>10</posx>
						<posy>20</posy>
						<width>540</width>
						<include>ListInfoView2CatLabel</include>		
						<label>[UPPERCASE]$INFO[ListItem.Genre][/UPPERCASE]</label>
					</control>
					
					<control type="label">
						<description>Media Info Row 1</description>
						<posx>5</posx>
						<posy>335</posy>
						<width>380</width>
						<include>ListInfoView2CatLabel</include>		
						<label>[UPPERCASE][COLOR=MediaInfoItemColor]$LOCALIZE[557]:[/COLOR][/UPPERCASE] $INFO[ListItem.Artist]</label>
						<visible>!IsEmpty(ListItem.Artist)</visible>
					</control>
					
					<control type="label">
						<description>Media Info Row 1</description>
						<posx>555</posx>
						<posy>335</posy>
						<width>160</width>
						<include>ListInfoView2CatLabel</include>			
						<label>[UPPERCASE][COLOR=MediaInfoItemColor]$LOCALIZE[345]:[/COLOR][/UPPERCASE] $INFO[ListItem.Year]</label>
						<align>right</align>
						<visible>!IsEmpty(ListItem.Year)</visible>
					</control>
					
					<control type="group">
						<visible>!IsEmpty(ListItem.Property(Album_Description)) + !Skin.HasSetting(HideAlbumsListInfo2Description)</visible>
						
						<control type="image">
							<posx>5</posx>
							<posy>355</posy>
							<width>550</width>
							<height>2</height>
							<texture>separator3.png</texture>
							<visible>!IsEmpty(ListItem.Property(Album_Description))</visible>
						</control>
						
						<control type="textbox">
							<description>Description</description>
							<posx>5</posx>
							<posy>365</posy>
							<width>550</width>
							<height>175</height>
							<include>DefaultPlot</include>
							<align>justify</align>
							<label>$INFO[ListItem.Property(Album_Description)]</label>
							<wrapmultiline>true</wrapmultiline>
							<autoscroll time="2000" delay="3000" repeat="10000">!Skin.HasSetting(DoNotAutoScrollAlbumsListInfo2Description)</autoscroll>
							<include>ControlsOpenCloseAnim</include>
						</control>	
					</control>
				</control>
			</control>
			
			<include condition="Skin.String(MusicListInfo2Style,1)">MusicListInfo2ClassicStyle</include>
			<include condition="Skin.String(MusicListInfo2Style,2) | Skin.String(MusicListInfo2Style,)">MusicListInfo2BannerStyle</include>
			<include condition="Skin.String(MusicListInfo2Style,3)">MusicListInfo2IconStyle</include>
			
			<control type="group">
				<posy>SortLetterOffsetY</posy>
				<include>SortLetterNotification</include>
			</control>
			
			<control type="button" id="188">
				<onfocus>Skin.SetString(CurrentViewMode,67)</onfocus>
				<include>ViewOptionsHelperBtn</include>
				<visible>Control.IsVisible(67)</visible>
			</control>
			
			<include>ViewsScreenFullFadeAnim</include>
			<include>ViewsDialogPopUpScreenDim</include>
			
			<control type="group">
				<description>Bottom Bar Area</description>
				<posy>BottomPaneOffsetY</posy>	
				<include>InfoPaneImage</include>
				<include>InfoPaneMediaDetails</include>
			</control>		
		</control>		
	</include>
	<!---------------------------------------------------------------------------------------------------------------------------------------------------->
	<include name="MusicWrapListInfoView">
		<control type="group" id="500">	
		    <defaultcontrol always="true">64</defaultcontrol>
			<visible>Control.IsVisible(64)</visible>
			<include>MediaViewOpenCloseAnim</include>

			<control type="group">
				<visible>!Skin.HasSetting(HideMusicWrapListMediaInfoDialog)</visible>
				
				<control type="image">
					<description>Media Info Background</description>
					<posx>165</posx>
					<posy>110</posy>
					<width>950</width>
					<height>392</height>
					<texture border="15">item-focus-background.png</texture>
					<animation effect="fade" end="70" condition="true">Conditional</animation>
				</control>
				
				<control type="group">	
					<description>Album Case Area</description>
					<posx>195</posx>
					<posy>140</posy>

					<control type="image">
						<description>Album Case</description>
						<posx>0</posx>
						<posy>2</posy>
						<width>361</width>
						<height>328</height>
						<texture border="45,10,10,10">dvd-case.png</texture>
						<aspectratio>stretch</aspectratio>
						<visible>!Skin.HasSetting(HideMusicWrapListInfoCase)</visible>
					</control>

					<control type="image">
						<description>Cover</description>
						<posx>35</posx>
						<posy>6</posy>
						<width>320</width>
						<height>320</height>
						<texture background="true">$INFO[ListItem.Thumb]</texture>
						<aspectratio>stretch</aspectratio>
						<fadetime>IconCrossfadeTime</fadetime>
					</control>

					<control type="image">
						<description>DVD Case Gloss</description>
						<posx>32</posx>
						<posy>2</posy>
						<width>328</width>
						<height>328</height>
						<texture border="16,8,16,8">dvd-case-gloss.png</texture>
						<aspectratio>stretch</aspectratio>
						<visible>!Skin.HasSetting(HideMusicWrapListInfoCase)</visible>
					</control>
				</control>

				<control type="group">				
					<description>Info Dialog Box Area</description>
					<posx>540</posx>
					<posy>102</posy>
					<visible>!Container.OnNext + !Container.OnPrevious</visible>
					<include>ControlsOpenCloseAnim</include>
				
					<control type="label">
						<description>Title</description>
						<posx>DialogMarginOffsetX</posx>
						<posy>30</posy>
						<width>510</width>
						<font>Font_NewRapierBoldCaps_26</font>
						<textcolor>InfoPaneHeaderColor</textcolor>
						<align>left</align>
						<label>[UPPERCASE]$INFO[ListItem.Album] $INFO[ListItem.Year,(,)][/UPPERCASE]</label>
						<scroll>yes</scroll>
					</control>	
					
					<control type="group">			
						<posx>DialogMarginOffsetX</posx>
						<visible>!IsEmpty(ListItem.Album)</visible>	
						
						<control type="label">
							<description>Genre</description>
							<posy>80</posy>
							<font>Font_NewRapierNarrowCaps_20</font>
							<textcolor>Grey</textcolor>
							<label>[UPPERCASE]$LOCALIZE[515][/UPPERCASE]</label>
						</control>
						
						<control type="label">
							<description>Moods</description>
							<posy>105</posy>
							<font>Font_NewRapierNarrowCaps_20</font>
							<textcolor>Grey</textcolor>
							<label>[UPPERCASE]$LOCALIZE[175][/UPPERCASE]</label>
						</control>
						
						<control type="label">
							<description>Styles</description>
							<posy>130</posy>
							<font>Font_NewRapierNarrowCaps_20</font>
							<textcolor>Grey</textcolor>
							<label>[UPPERCASE]$LOCALIZE[176][/UPPERCASE]</label>
						</control>
						
						<control type="label">
							<description>Themes</description>
							<posy>155</posy>
							<font>Font_NewRapierNarrowCaps_20</font>
							<textcolor>Grey</textcolor>
							<label>[UPPERCASE]$LOCALIZE[21895][/UPPERCASE]</label>
						</control>
						
						<control type="label">
							<description>Rating</description>
							<posy>180</posy>
							<font>Font_NewRapierNarrowCaps_20</font>
							<textcolor>Grey</textcolor>
							<label>[UPPERCASE]$LOCALIZE[563][/UPPERCASE]</label>
						</control>			
					</control>
					
					<control type="group">			
						<posx>115</posx>
						<visible>!IsEmpty(ListItem.Album)</visible>	
						
						<control type="label">
							<description>Genre Value</description>
							<posy>80</posy>
							<width>430</width>
							<font>Font_NewRapierNarrowCaps_20</font>
							<textcolor>White</textcolor>
							<label fallback="31000">$INFO[ListItem.Genre]</label>
						</control>

						<control type="label">
							<description>Moods Value</description>
							<posy>105</posy>
							<width>430</width>
							<font>Font_NewRapierNarrowCaps_20</font>
							<textcolor>White</textcolor>
							<label fallback="31000">$INFO[ListItem.Property(Album_Mood)]</label>
						</control>

						<control type="label">
							<description>Styles Value</description>
							<posy>130</posy>
							<width>430</width>
							<font>Font_NewRapierNarrowCaps_20</font>
							<textcolor>White</textcolor>
							<label fallback="31000">$INFO[ListItem.Property(Album_Style)]</label>
						</control>
		
						<control type="label">
							<description>Themes Value</description>
							<posy>155</posy>
							<width>430</width>
							<font>Font_NewRapierNarrowCaps_20</font>
							<textcolor>White</textcolor>
							<label fallback="31000">$INFO[ListItem.Property(Album_Theme)]</label>
						</control>
		
						<control type="label">
							<description>Rating Value</description>
							<posy>180</posy>
							<width>430</width>
							<font>Font_NewRapierNarrowCaps_20</font>
							<textcolor>White</textcolor>
							<label fallback="31000">$INFO[ListItem.Rating]</label>
						</control>				
					</control>
					
					<control type="textbox">
						<description>Album Description</description>
						<posx>DialogMarginOffsetX</posx>
						<posy>220</posy>
						<width>510</width>
						<height>150</height>
						<font>VolumeFont</font>
						<textcolor>White</textcolor>
						<align>justify</align>
						<label>$INFO[ListItem.Property(Album_Description)]</label>
						<wrapmultiline>true</wrapmultiline>
						<autoscroll time="2000" delay="3000" repeat="10000">!Skin.HasSetting(DoNotAutoScrollMusicWrapListInfoDescription)</autoscroll>
						<visible>!IsEmpty(ListItem.Property(Album_Description)) + !Skin.HasSetting(HideMusicWrapListInfoDescription)</visible>
					</control>
				</control>
			</control>
			
			<include condition="Skin.String(MusicWrapListStyle,) | Skin.String(MusicWrapListStyle,1)">MusicWrapInfo3DStyle</include>
			<include condition="Skin.String(MusicWrapListStyle,2)">MusicWrapInfoFlatStyle</include>
			<include condition="Skin.String(MusicWrapListStyle,3)">MusicWrapInfoSmallFlatStyle</include>
			
			<include>MusicWrapInfoViewScrollbar</include>
		
			<control type="group">
				<posy>SortLetterOffsetY</posy>
				<include>SortLetterNotification</include>
			</control>
			
			<control type="button" id="188">
				<onfocus>Skin.SetString(CurrentViewMode,64)</onfocus>
				<include>ViewOptionsHelperBtn</include>
				<visible>Control.IsVisible(64)</visible>
			</control>
			
			<include>ViewsScreenFullFadeAnim</include>
			<include>ViewsDialogPopUpScreenDim</include>
		</control>
	</include>
</includes>