<window id="1001">
  <defaultcontrol always="true">300</defaultcontrol>
  <allowoverlay>no</allowoverlay>

  <controls>

    <include>Background</include>
    <include>DateAndTime</include>

    <control type="group">
      <include>HideWhenLowerDialogActive</include>
      <animation effect="slide" time="200" delay="0" tween="circle" easing="in" start="0,0" end="-1500,0" reversible="false" condition="Window.Next(Home)">WindowClose</animation>

      <control type="group">
        <description>Settings Menu Text (from Home)</description>
        <include>HomeMainMenuPos</include>

        <control type="group">
          <description>Settings Category Menu Text</description>
          <posx>HomeSubMenuBGOffset</posx>


          <control type="group">
            <posx>HomeSubMenuBGOffset</posx>
            <animation effect="slide" time="300" delay="100" tween="circle" easing="out" start="-600,0" end="0,0" reversible="false">WindowOpen</animation>
            <animation effect="slide" time="200" delay="0" tween="circle" easing="in" start="0,0" end="-600,0" reversible="false">WindowClose</animation>

            <include>HomeMainMenuBG</include>

            <control type="group">
              <description>Settings Category Groups</description>

              <control type="group">
                <posy>30</posy>

                <control type="group">
                  <description>Settings Category replacement labels</description>
                  <visible>ControlGroup(301).HasFocus()</visible>

                  <control type="label">
                    <info>Container(300).ListItem(0).Label2</info>
                    <include>HomeMainMenuSubLabel</include>
                  </control>
                  <control type="label">
                    <info>Container(300).ListItem(0).Label</info>
                    <include>HomeMainMenuMainLabel</include>
                  </control>
                </control>
              </control>

              <control type="wraplist" id="300">
                <description>Main Menu</description>
                <include>HomeMainMenuWrapList</include>
                <visible allowhiddenfocus="true">Control.HasFocus(300)</visible>

                <content>
                  <item id="8">
                    <description>Backgrounds</description>
                    <label>$LOCALIZE[31203]</label>
                    <label2>31209</label2>
                    <onclick>SetFocus(301)</onclick>
                  </item>
                  <item id="1">
                    <description>General</description>
                    <label>$LOCALIZE[128]</label>
                    <label2>31209</label2>
                    <onclick>SetFocus(301)</onclick>
                  </item>
                  <item id="2">
                    <description>Home</description>
                    <label>$LOCALIZE[10000]</label>
                    <label2>31209</label2>
                    <onclick>SetFocus(301)</onclick>
                  </item>
                  <item id="3">
                    <description>Videos</description>
                    <label>$LOCALIZE[3]</label>
                    <label2>31209</label2>
                    <onclick>SetFocus(301)</onclick>
                  </item>
                  <item id="4">
                    <description>TV Shows</description>
                    <label>$LOCALIZE[20343]</label>
                    <label2>31209</label2>
                    <onclick>SetFocus(301)</onclick>
                  </item>
                  <item id="5">
                    <description>Movies</description>
                    <label>$LOCALIZE[342]</label>
                    <label2>31209</label2>
                    <onclick>SetFocus(301)</onclick>
                  </item>
                  <item id="6">
                    <description>Music</description>
                    <label>$LOCALIZE[2]</label>
                    <label2>31209</label2>
                    <onclick>SetFocus(301)</onclick>
                  </item>
                  <item id="7">
                    <description>Pictures</description>
                    <label>$LOCALIZE[1]</label>
                    <label2>31209</label2>
                    <onclick>SetFocus(301)</onclick>
                  </item>

                  <item id="9">
                    <description>Weather</description>
                    <label>$LOCALIZE[400]</label>
                    <label2>31209</label2>
                    <onclick>SetFocus(301)</onclick>
                  </item>

                  <item id="10">
                    <description>Programs</description>
                    <label>$LOCALIZE[0]/$LOCALIZE[247]</label>
                    <label2>31209</label2>
                    <onclick>SetFocus(301)</onclick>
                  </item>

                  <item id="11">
                    <description>Radio</description>
                    <label>Radio</label>
                    <label2>31209</label2>
                    <onclick>SetFocus(301)</onclick>
                  </item>
                </content>
              </control>

              <include>HomeMainMenuNavIndics</include>
            </control>
          </control>

          <control type="group">
            <posx>-35</posx>
            <include>SettingsPrevScreenMenuAnim</include>

            <control type="group">
              <posy>30</posy>

              <control type="label">
                <label> $LOCALIZE[31016] </label>
                <include>HomeMainMenuSubLabel</include>
              </control>
              <control type="label" id="2">
                <label> $LOCALIZE[166] </label>
                <include>DialogTextColors</include>
                <include>HomeMainMenuMainLabel</include>
              </control>
            </control>

            <include>HomeMainMenuBG</include>
          </control>
        </control>

        <control type="group">
          <posx>-70</posx>
            <include>SettingsPrevScreenMenuAnim</include>

          <control type="group">
            <posy>30</posy>

            <control type="label">
              <label> $LOCALIZE[31016] </label>
              <include>HomeMainMenuSubLabel</include>
            </control>
            <control type="label">
              <label> $LOCALIZE[13000] </label>
              <include>DialogTextColors</include>
              <include>HomeMainMenuMainLabel</include>
            </control>
          </control>

          <include>HomeMainMenuBG</include>
        </control>
      </control>
    </control>

    <!-- Main control area -->
    <control type="group">
      <include>HideWhenLowerDialogActive</include>

      <control type="group" id="301">
        <description>Settings Options Area</description>
        <posx>1330</posx>
        <posy>460</posy>
        <animation effect="slide" time="300" tween="circle" easing="out" start="0,0" end="-700,0">Focus</animation>
        <animation effect="slide" time="300" tween="circle" easing="out" start="-700,0" end="0,0">Unfocus</animation>
        <animation effect="slide" time="200" tween="circle" easing="in" start="0,0" end="700,0">WindowClose</animation>

        <control type="image">
          <width>660</width>
          <height>270</height>
          <include>OverlayArea</include>
        </control>

        <!-- General Options -->
        <control type="grouplist" id="401">
          <onup>401</onup>
          <ondown>401</ondown>
          <pagecontrol>61</pagecontrol>
          <include>CustomSettingsList</include>
          <visible>Container(300).HasFocus(1)</visible>

          <control type="label" id="50">
            <description>General</description>
            <label>$LOCALIZE[128]</label>
	    <textcolor>Highlighted</textcolor>
            <include>SettingsOptionRadioButton</include>
	  </control>

          <control type="radiobutton" id="1">
            <description>Hide Options Menu</description>
            <label>$LOCALIZE[31205] $LOCALIZE[31204]</label>
            <onclick>Skin.ToggleSetting(HideOptionsMenu)</onclick>
            <selected>Skin.HasSetting(HideOptionsMenu)</selected>
            <include>SettingsOptionRadioButton</include>
          </control>

          <control type="radiobutton" id="2">
            <description>Hide clock</description>
            <label>$LOCALIZE[31205] $LOCALIZE[31206]</label>
            <onclick>Skin.ToggleSetting(HideClock)</onclick>
            <selected>Skin.HasSetting(HideClock)</selected>
            <include>SettingsOptionRadioButton</include>
          </control>

          <control type="radiobutton" id="3">
            <description>Show Larger Clock</description>
            <label>$LOCALIZE[31104]</label>
            <onclick>Skin.ToggleSetting(ShowLargerClock)</onclick>
            <selected>Skin.HasSetting(ShowLargerClock)</selected>
            <include>SettingsOptionRadioButton</include>
          </control>

          <control type="radiobutton" id="4">
            <description>Hide Watched Overlay</description>
            <label>$LOCALIZE[31212]</label>
            <onclick>Skin.ToggleSetting(HideWatchedOverlay)</onclick>
            <selected>Skin.HasSetting(HideWatchedOverlay)</selected>
            <include>SettingsOptionRadioButton</include>
          </control>

          <control type="radiobutton" id="5">
            <description>Hide Media Count</description>
            <label>$LOCALIZE[31216]</label>
            <onclick>Skin.ToggleSetting(HideMediaCount)</onclick>
            <selected>Skin.HasSetting(HideMediaCount)</selected>
            <include>SettingsOptionRadioButton</include>
          </control>

          <control type="radiobutton" id="6">
            <description>Show Content Type</description>
            <label>$LOCALIZE[31215]</label>
            <onclick>Skin.ToggleSetting(ShowContentType)</onclick>
            <selected>Skin.HasSetting(ShowContentType)</selected>
            <include>SettingsOptionRadioButton</include>
          </control>

          <control type="radiobutton" id="7">
            <description>Hide Weather Fanart</description>
            <label>$LOCALIZE[31205] $LOCALIZE[8] $LOCALIZE[31302]</label>
            <onclick>Skin.ToggleSetting(HideWeatherFanart)</onclick>
            <selected>Skin.HasSetting(HideWeatherFanart)</selected>
            <include>SettingsOptionRadioButton</include>
          </control>

          <control type="radiobutton" id="8">
            <description>Animated backgrounds</description>
            <label>$LOCALIZE[31222] $LOCALIZE[31203]</label>
            <onclick>Skin.ToggleSetting(AnimatedBackgrounds)</onclick>
            <selected>Skin.HasSetting(AnimatedBackgrounds)</selected>
            <include>SettingsOptionRadioButton</include>
          </control>

          <control type="radiobutton" id="9">
            <description>Hide CdArt</description>
            <label>$LOCALIZE[31205] CdArt</label>
            <onclick>Skin.ToggleSetting(HideCdArt)</onclick>
            <selected>Skin.HasSetting(HideCdArt)</selected>
            <include>SettingsOptionRadioButton</include>
          </control>

          <control type="radiobutton" id="10">
            <description>Hide Startup Window</description>
            <label>$LOCALIZE[31205] $LOCALIZE[512]</label>
            <onclick>Skin.ToggleSetting(HideStartup)</onclick>
            <selected>Skin.HasSetting(HideStartup)</selected>
            <include>SettingsOptionRadioButton</include>
          </control>

          <control type="radiobutton" id="11">
            <description>Startup Playlist</description>
            <label>$LOCALIZE[21398]</label>
	    <onclick>Skin.ToggleSetting(Use_Startup_Playlist)</onclick>
	    <selected>Skin.HasSetting(Use_Startup_Playlist)</selected>
            <include>SettingsOptionRadioButton</include>
          </control>

          <control type="button" id="12">
            <description>Startup Playlist Path</description>
	    <label>$LOCALIZE[15311]</label>
	    <label2>$INFO[Skin.String(Startup_Playlist_Path)]</label2>
	    <onclick>Skin.SetFile(Startup_Playlist_Path,.m3u,t:\playlists\music\)</onclick>				
            <include>SettingsOptionRadioButton</include>
            <visible>Skin.HasSetting(Use_Startup_Playlist)</visible>
          </control>


        </control>

        <!-- Home Options -->
        <control type="grouplist" id="402">
          <onup>401</onup>
          <ondown>401</ondown>
          <pagecontrol>61</pagecontrol>
          <include>CustomSettingsList</include>
          <visible>Container(300).HasFocus(2)</visible>

          <control type="label" id="50">
            <description>General</description>
            <label>$LOCALIZE[128]</label>
	    <textcolor>Highlighted</textcolor>
            <include>SettingsOptionRadioButton</include>
	  </control>

          <control type="radiobutton" id="1">
            <description>Hide Weather on Home</description>
            <label>$LOCALIZE[31207]</label>
            <onclick>Skin.ToggleSetting(HideWeatherOnHome)</onclick>
            <selected>Skin.HasSetting(HideWeatherOnHome)</selected>
            <include>SettingsOptionRadioButton</include>
          </control>

          <control type="radiobutton" id="2">
            <description>Use Animated Weather Home</description>
            <label>$LOCALIZE[31220]</label>
            <onclick>Skin.ToggleSetting(UseAnimatedWeatherHome)</onclick>
            <selected>Skin.HasSetting(UseAnimatedWeatherHome)</selected>
            <include>SettingsOptionRadioButton</include>
          </control>

          <control type="radiobutton" id="3">
            <description>Hide Latest Videos</description>
            <label>$LOCALIZE[31221]</label>
            <onclick>Skin.ToggleSetting(HideLatestVideos)</onclick>
            <selected>Skin.HasSetting(HideLatestVideos)</selected>
            <include>SettingsOptionRadioButton</include>
          </control>

          <control type="radiobutton" id="4">
            <description>Hide Visualisation</description>
            <label>$LOCALIZE[31226]</label>
            <onclick>Skin.ToggleSetting(HideVisualisation)</onclick>
            <selected>Skin.HasSetting(HideVisualisation)</selected>
            <include>SettingsOptionRadioButton</include>
          </control>

          <control type="radiobutton" id="5">
            <description>Hide icons</description>
            <label>$LOCALIZE[31205] $LOCALIZE[31210] $LOCALIZE[536]</label>
            <onclick>Skin.ToggleSetting(HideIcons)</onclick>
            <selected>Skin.HasSetting(HideIcons)</selected>
            <include>SettingsOptionRadioButton</include>
          </control>

          <control type="radiobutton" id="6">
           <description>Use Feels like for Temp</description>
            <label>$LOCALIZE[31224]</label>
            <onclick>Skin.ToggleSetting(UseFeelsLikeTemp)</onclick>
            <selected>Skin.HasSetting(UseFeelsLikeTemp)</selected>
            <include>SettingsOptionRadioButton</include>
          </control>

          <control type="label" id="51">
            <description>View Options</description>
            <label>$LOCALIZE[14018]</label>
	    <textcolor>Highlighted</textcolor>
            <include>SettingsOptionRadioButton</include>
	  </control>

          <control type="radiobutton" id="20">
            <description>Disable Videos Menu</description>
            <label>$LOCALIZE[31205] $LOCALIZE[3] $LOCALIZE[31210]</label>
            <onclick>Skin.ToggleSetting(HideVideos)</onclick>
            <selected>Skin.HasSetting(HideVideos)</selected>
            <include>SettingsOptionRadioButton</include>
          </control>

          <control type="radiobutton" id="21">
            <description>Disable Movies Menu</description>
            <label>$LOCALIZE[31205] $LOCALIZE[342] $LOCALIZE[31210]</label>
            <onclick>Skin.ToggleSetting(HideMovies)</onclick>
            <selected>Skin.HasSetting(HideMovies)</selected>
            <include>SettingsOptionRadioButton</include>
          </control>

          <control type="radiobutton" id="22">
            <description>Disable TV shows Menu</description>
            <label>$LOCALIZE[31205] $LOCALIZE[20343] $LOCALIZE[31210]</label>
            <onclick>Skin.ToggleSetting(HideTVshows)</onclick>
            <selected>Skin.HasSetting(HideTVshows)</selected>
            <include>SettingsOptionRadioButton</include>
          </control>

          <control type="radiobutton" id="23">
            <description>Disable Music Menu</description>
            <label>$LOCALIZE[31205] $LOCALIZE[2] $LOCALIZE[31210]</label>
            <onclick>Skin.ToggleSetting(HideMusic)</onclick>
            <selected>Skin.HasSetting(HideMusic)</selected>
            <include>SettingsOptionRadioButton</include>
          </control>

          <control type="radiobutton" id="24">
            <description>Disable Pictures Menu</description>
            <label>$LOCALIZE[31205] $LOCALIZE[1] $LOCALIZE[31210]</label>
            <onclick>Skin.ToggleSetting(HidePictures)</onclick>
            <selected>Skin.HasSetting(HidePictures)</selected>
            <include>SettingsOptionRadioButton</include>
          </control>

          <control type="radiobutton" id="25">
            <description>Disable Power Menu</description>
            <label>$LOCALIZE[31205] $LOCALIZE[31007] $LOCALIZE[31210]</label>
            <onclick>Skin.ToggleSetting(HidePower)</onclick>
            <selected>Skin.HasSetting(HidePower)</selected>
            <include>SettingsOptionRadioButton</include>
          </control>

          <control type="radiobutton" id="26">
            <description>Disable System Menu</description>
            <label>$LOCALIZE[31205] $LOCALIZE[13000] $LOCALIZE[31210]</label>
            <onclick>Skin.ToggleSetting(HideSystem)</onclick>
            <selected>Skin.HasSetting(HideSystem)</selected>
            <include>SettingsOptionRadioButton</include>
          </control>

          <control type="radiobutton" id="27">
            <description>Disable Weather Menu</description>
            <label>$LOCALIZE[31205] $LOCALIZE[8] $LOCALIZE[31210]</label>
            <onclick>Skin.ToggleSetting(HideWeather)</onclick>
            <selected>Skin.HasSetting(HideWeather)</selected>
            <include>SettingsOptionRadioButton</include>
          </control>

          <control type="radiobutton" id="28">
            <description>Disable Programs Menu</description>
            <label>$LOCALIZE[31205] $LOCALIZE[0] $LOCALIZE[31210]</label>
            <onclick>Skin.ToggleSetting(HidePrograms)</onclick>
            <selected>Skin.HasSetting(HidePrograms)</selected>
            <include>SettingsOptionRadioButton</include>
          </control>

          <control type="radiobutton" id="29">
            <description>Disable DVD Menu</description>
            <label>$LOCALIZE[31205] $LOCALIZE[446] $LOCALIZE[31210]</label>
            <onclick>Skin.ToggleSetting(HideDVD)</onclick>
            <selected>Skin.HasSetting(HideDVD)</selected>
            <include>SettingsOptionRadioButton</include>
          </control>

          <control type="radiobutton" id="30">
            <description>Disable Radio Menu</description>
            <label>$LOCALIZE[31205] $LOCALIZE[31229] $LOCALIZE[31210]</label>
            <onclick>Skin.ToggleSetting(HideRadio)</onclick>
            <selected>Skin.HasSetting(HideRadio)</selected>
            <include>SettingsOptionRadioButton</include>
          </control>
        </control>

        <!-- Videos Options -->
        <control type="grouplist" id="403">
          <onup>403</onup>
          <ondown>403</ondown>
          <pagecontrol>61</pagecontrol>
          <include>CustomSettingsList</include>
          <visible>Container(300).HasFocus(3)</visible>

          <control type="label" id="50">
            <description>General</description>
            <label>$LOCALIZE[128]</label>
	    <textcolor>Highlighted</textcolor>
            <include>SettingsOptionRadioButton</include>
	  </control>

          <control type="radiobutton" id="1">
            <description>Hide Plot in Video OSD</description>
            <label>$LOCALIZE[31211]</label>
            <onclick>Skin.ToggleSetting(HidePlotInVideoOSD)</onclick>
            <selected>Skin.HasSetting(HidePlotInVideoOSD)</selected>
            <include>SettingsOptionRadioButton</include>
          </control>

          <control type="radiobutton" id="2">
            <description>Hide Animated Thumbnail in Video OSD</description>
            <label>$LOCALIZE[31205] $LOCALIZE[31222] $LOCALIZE[21371] $LOCALIZE[1405] $LOCALIZE[444] $LOCALIZE[478]</label>
            <onclick>Skin.ToggleSetting(HideAnimInVideoOSD)</onclick>
            <selected>Skin.HasSetting(HideAnimInVideoOSD)</selected>
            <include>SettingsOptionRadioButton</include>
          </control>

          <control type="radiobutton" id="3">
            <description>Show Minimal Video OSD</description>
            <label>$LOCALIZE[31218]</label>
            <onclick>Skin.ToggleSetting(UseMinimalVideoOSD)</onclick>
            <selected>Skin.HasSetting(UseMinimalVideoOSD)</selected>
            <include>SettingsOptionRadioButton</include>
          </control>

          <control type="radiobutton" id="4">
            <description>Animated Thumbnail in Minimal OSD</description>
            <label>-  $LOCALIZE[31205] $LOCALIZE[31222] $LOCALIZE[21371]</label>
            <onclick>Skin.ToggleSetting(ThumbVideoOSD)</onclick>
            <selected>Skin.HasSetting(ThumbVideoOSD)</selected>
            <include>SettingsOptionRadioButton</include>
            <enable>Skin.HasSetting(UseMinimalVideoOSD)</enable>
          </control>

          <control type="radiobutton" id="5">
            <description>Hide Fanart</description>
            <label>$LOCALIZE[31205] $LOCALIZE[31302]</label>
            <onclick>Skin.ToggleSetting(HideVideoFanart)</onclick>
            <selected>Skin.HasSetting(HidevideoFanart)</selected>
            <include>SettingsOptionRadioButton</include>
          </control>

          <control type="radiobutton" id="6">
  	    <description>Enable Opensubtitles-OSD Script Button</description>
  	    <label>$LOCALIZE[31306]</label>
            <onclick>Skin.ToggleSetting(SubScript_button)</onclick>
	    <selected>Skin.HasSetting(SubScript_button)</selected>
            <include>SettingsOptionRadioButton</include>
  	  </control>

          <control type="button" id="7">
            <description>Path to script</description>
            <label>   ...$LOCALIZE[33082]</label>
            <label2>$INFO[Skin.String(SubScript_Path)]</label2>
            <onclick>Skin.SetFile(SubScript_Path,.py)</onclick>
            <include>SettingsOptionRadioButton</include>
            <visible>Skin.HasSetting(SubScript_button)</visible>
          </control>

          <control type="radiobutton" id="8">
  	    <description>Enable YouTrailer Script Button</description>
  	    <label>$LOCALIZE[31307]</label>
            <onclick>Skin.ToggleSetting(YouTrailerScript_button)</onclick>
	    <selected>Skin.HasSetting(YouTrailerScript_button)</selected>
            <include>SettingsOptionRadioButton</include>
  	  </control>

          <control type="button" id="9">
            <description>Path to script</description>
            <label>   ...$LOCALIZE[33082]</label>
            <label2>$INFO[Skin.String(YouTrailerScript_Path)]</label2>
            <onclick>Skin.SetFile(YouTrailerScript_Path,.py)</onclick>
            <include>SettingsOptionRadioButton</include>
            <visible>Skin.HasSetting(YouTrailerScript_button)</visible>
          </control>

          <control type="label" id="52">
            <description>View Options</description>
            <label>$LOCALIZE[14018]</label>
	    <textcolor>Highlighted</textcolor>
            <include>SettingsOptionRadioButton</include>
	  </control>

          <control type="radiobutton" id="10">
            <description>Hide Poster Info Video</description>
            <label>$LOCALIZE[31205] $LOCALIZE[31100]</label>
            <onclick>Skin.ToggleSetting(PosterInfoVideo)</onclick>
            <selected>Skin.HasSetting(PosterInfoVideo)</selected>
            <include>SettingsOptionRadioButton</include>
          </control>

          <control type="radiobutton" id="11">
            <description>Hide ShowCase Video</description>
            <label>$LOCALIZE[31205] $LOCALIZE[31103]</label>
            <onclick>Skin.ToggleSetting(ShowCaseVideo)</onclick>
            <selected>Skin.HasSetting(ShowCaseVideo)</selected>
            <include>SettingsOptionRadioButton</include>
          </control>

          <control type="radiobutton" id="12">
            <description>Hide LowList Video</description>
            <label>$LOCALIZE[31205] $LOCALIZE[31107]</label>
            <onclick>Skin.ToggleSetting(LowListVideo)</onclick>
            <selected>Skin.HasSetting(LowListVideo)</selected>
            <include>SettingsOptionRadioButton</include>
          </control>

          <control type="radiobutton" id="13">
            <description>Hide HighList Video</description>
            <label>$LOCALIZE[31205] $LOCALIZE[31109]</label>
            <onclick>Skin.ToggleSetting(HighListVideo)</onclick>
            <selected>Skin.HasSetting(HighListVideo)</selected>
            <include>SettingsOptionRadioButton</include>
          </control>

          <control type="radiobutton" id="14">
            <description>Hide WaterFall Video</description>
            <label>$LOCALIZE[31205] $LOCALIZE[31105]</label>
            <onclick>Skin.ToggleSetting(WaterFallVideo)</onclick>
            <selected>Skin.HasSetting(WaterFallVideo)</selected>
            <include>SettingsOptionRadioButton</include>
          </control>

          <control type="radiobutton" id="15">
            <description>Hide Exhibit Video</description>
            <label>$LOCALIZE[31205] $LOCALIZE[31106]</label>
            <onclick>Skin.ToggleSetting(ExhibitVideo)</onclick>
            <selected>Skin.HasSetting(ExhibitVideo)</selected>
            <include>SettingsOptionRadioButton</include>
          </control>

          <control type="radiobutton" id="16">
            <description>Hide Slide Video</description>
            <label>$LOCALIZE[31205] $LOCALIZE[31110]</label>
            <onclick>Skin.ToggleSetting(SlideVideo)</onclick>
            <selected>Skin.HasSetting(SlideVideo)</selected>
            <include>SettingsOptionRadioButton</include>
          </control>

          <control type="radiobutton" id="17">
            <description>Hide 3D Cover Video</description>
            <label>$LOCALIZE[31205] $LOCALIZE[31111]</label>
            <onclick>Skin.ToggleSetting(3DCoverVideo)</onclick>
            <selected>Skin.HasSetting(3DCoverVideo)</selected>
            <include>SettingsOptionRadioButton</include>
          </control>

          <control type="radiobutton" id="18">
            <description>Hide Wheel Video</description>
            <label>$LOCALIZE[31205] $LOCALIZE[31112]</label>
            <onclick>Skin.ToggleSetting(WheelVideo)</onclick>
            <selected>Skin.HasSetting(WheelVideo)</selected>
            <include>SettingsOptionRadioButton</include>
          </control>

        </control>

        <!-- TV Shows Options -->
        <control type="grouplist" id="404">
          <onup>404</onup>
          <ondown>404</ondown>
          <pagecontrol>61</pagecontrol>
          <include>CustomSettingsList</include>
          <visible>Container(300).HasFocus(4)</visible>

          <control type="label" id="50">
            <description>General</description>
            <label>$LOCALIZE[128]</label>
	    <textcolor>Highlighted</textcolor>
            <include>SettingsOptionRadioButton</include>
	  </control>

          <control type="radiobutton" id="1">
            <description>Use Portrait Thumbs for TV</description>
            <label>$LOCALIZE[31217]</label>
            <onclick>Skin.ToggleSetting(UsePortraitTVThumbs)</onclick>
            <selected>Skin.HasSetting(UsePortraitTVThumbs)</selected>
            <include>SettingsOptionRadioButton</include>
          </control>

          <control type="radiobutton" id="2">
            <description>Hide Fanart</description>
            <label>$LOCALIZE[31205] $LOCALIZE[31302]</label>
            <onclick>Skin.ToggleSetting(HideTVFanart)</onclick>
            <selected>Skin.HasSetting(HideTVFanart)</selected>
            <include>SettingsOptionRadioButton</include>
          </control>

          <control type="radiobutton" id="20">
  	    <description>Enable Bierdopje Subtitles Script Button (Video OSD/Tv Show)</description>
  	    <label>Enable Bierdopje Subtitles Script Button (Video OSD/Tv Show)</label>
            <onclick>Skin.ToggleSetting(BierdopjeScript_button)</onclick>
	    <selected>Skin.HasSetting(BierdopjeScript_button)</selected>
            <include>SettingsOptionRadioButton</include>
  	  </control>

          <control type="button" id="21">
            <description>Path to script</description>
            <label>   ...$LOCALIZE[33082]</label>
            <label2>$INFO[Skin.String(BierdopjeScript_Path)]</label2>
            <onclick>Skin.SetFile(BierdopjeScript_Path,.py)</onclick>
            <include>SettingsOptionRadioButton</include>
            <visible>Skin.HasSetting(BierdopjeScript_button)</visible>
          </control>

          <control type="label" id="53">
            <description>Home Window Submenu</description>
            <label>$LOCALIZE[513] $LOCALIZE[1034]</label>
	    <textcolor>Highlighted</textcolor>
            <include>SettingsOptionRadioButton</include>
	  </control>

  	  <control type="radiobutton" id="30">
  	    <description>Enable Custom Playlist Button 1</description>
  	    <label>$LOCALIZE[31230] [B]1[/B]</label>
            <onclick>Skin.ToggleSetting(HomeTVPlaylistButton1)</onclick>
	    <selected>Skin.HasSetting(HomeTVPlaylistButton1)</selected>
            <include>SettingsOptionRadioButton</include>
  	  </control>

  	  <control type="button" id="31">
  	    <description>Button Label</description>
  	    <label>   ...$LOCALIZE[31228]</label>
            <label2>$INFO[Skin.String(HomeTVPlaylistButton1_label)]</label2>
  	    <onclick>Skin.SetString(HomeTVPlaylistButton1_label)</onclick>
            <include>SettingsOptionRadioButton</include>
            <visible>Skin.HasSetting(HomeTVPlaylistButton1)</visible>
  	  </control>

          <control type="button" id="32">
            <description>Playlist Path</description>
            <label>   ...$LOCALIZE[559] $LOCALIZE[15311]</label>
            <label2>$INFO[Skin.String(HomeTVPlaylistButton1_path)]</label2>
            <onclick>Skin.SetFile(HomeTVPlaylistButton1_path,.xsp)</onclick>
            <include>SettingsOptionRadioButton</include>
            <visible>Skin.HasSetting(HomeTVPlaylistButton1)</visible>
          </control>

          <control type="button" id="33">
            <description>Thumb Path</description>
            <label>   ...$LOCALIZE[20141] $LOCALIZE[21371] ($LOCALIZE[513])</label>
            <onclick>Skin.SetImage(HomeTVPlaylistButton1_thumb,.tbn)</onclick>
            <include>SettingsOptionRadioButton</include>
            <visible>Skin.HasSetting(HomeTVPlaylistButton1)</visible>
          </control>

  	  <control type="radiobutton" id="34">
  	    <description>Enable Custom Playlist Button 2</description>
  	    <label>$LOCALIZE[31230] [B]2[/B]</label>
            <onclick>Skin.ToggleSetting(HomeTVPlaylistButton2)</onclick>
	    <selected>Skin.HasSetting(HomeTVPlaylistButton2)</selected>
            <include>SettingsOptionRadioButton</include>
  	  </control>

  	  <control type="button" id="35">
  	    <description>Button Label</description>
  	    <label>   ...$LOCALIZE[31228]</label>
            <label2>$INFO[Skin.String(HomeTVPlaylistButton2_label)]</label2>
  	    <onclick>Skin.SetString(HomeTVPlaylistButton2_label)</onclick>
            <include>SettingsOptionRadioButton</include>
            <visible>Skin.HasSetting(HomeTVPlaylistButton2)</visible>
  	  </control>

          <control type="button" id="36">
            <description>Playlist Path</description>
            <label>   ...$LOCALIZE[559] $LOCALIZE[15311]</label>
            <label2>$INFO[Skin.String(HomeTVPlaylistButton2_path)]</label2>
            <onclick>Skin.SetFile(HomeTVPlaylistButton2_path,.xsp)</onclick>
            <include>SettingsOptionRadioButton</include>
            <visible>Skin.HasSetting(HomeTVPlaylistButton2)</visible>
          </control>

          <control type="button" id="37">
            <description>Thumb Path</description>
            <label>   ...$LOCALIZE[20141] $LOCALIZE[21371] ($LOCALIZE[513])</label>
            <onclick>Skin.SetImage(HomeTVPlaylistButton2_thumb,.tbn)</onclick>
            <include>SettingsOptionRadioButton</include>
            <visible>Skin.HasSetting(HomeTVPlaylistButton2)</visible>
          </control>

  	  <control type="radiobutton" id="38">
  	    <description>Enable Custom Playlist Button 3</description>
  	    <label>$LOCALIZE[31230] [B]3[/B]</label>
            <onclick>Skin.ToggleSetting(HomeTVPlaylistButton3)</onclick>
	    <selected>Skin.HasSetting(HomeTVPlaylistButton3)</selected>
            <include>SettingsOptionRadioButton</include>
  	  </control>

  	  <control type="button" id="39">
  	    <description>Button Label</description>
  	    <label>   ...$LOCALIZE[31228]</label>
            <label2>$INFO[Skin.String(HomeTVPlaylistButton3_label)]</label2>
  	    <onclick>Skin.SetString(HomeTVPlaylistButton3_label)</onclick>
            <include>SettingsOptionRadioButton</include>
            <visible>Skin.HasSetting(HomeTVPlaylistButton3)</visible>
  	  </control>

          <control type="button" id="40">
            <description>Playlist Path</description>
            <label>   ...$LOCALIZE[559] $LOCALIZE[15311]</label>
            <label2>$INFO[Skin.String(HomeTVPlaylistButton3_path)]</label2>
            <onclick>Skin.SetFile(HomeTVPlaylistButton3_path,.xsp)</onclick>
            <include>SettingsOptionRadioButton</include>
            <visible>Skin.HasSetting(HomeTVPlaylistButton3)</visible>
          </control>

          <control type="button" id="41">
            <description>Thumb Path</description>
            <label>   ...$LOCALIZE[20141] $LOCALIZE[21371] ($LOCALIZE[513])</label>
            <onclick>Skin.SetImage(HomeTVPlaylistButton3_thumb,.tbn)</onclick>
            <include>SettingsOptionRadioButton</include>
            <visible>Skin.HasSetting(HomeTVPlaylistButton3)</visible>
          </control>

        </control>

        <!-- Movies Options -->
        <control type="grouplist" id="405">
          <onup>405</onup>
          <ondown>405</ondown>
          <pagecontrol>61</pagecontrol>
          <include>CustomSettingsList</include>
          <visible>Container(300).HasFocus(5)</visible>

          <control type="label" id="50">
            <description>General</description>
            <label>$LOCALIZE[128]</label>
	    <textcolor>Highlighted</textcolor>
            <include>SettingsOptionRadioButton</include>
	  </control>

          <control type="radiobutton" id="1">
            <description>Hide Fanart</description>
            <label>$LOCALIZE[31205] $LOCALIZE[31302]</label>
            <onclick>Skin.ToggleSetting(HideMovieFanart)</onclick>
            <selected>Skin.HasSetting(HideMovieFanart)</selected>
            <include>SettingsOptionRadioButton</include>
          </control>

          <control type="label" id="54">
            <description>View Options</description>
            <label>$LOCALIZE[14018]</label>
	    <textcolor>Highlighted</textcolor>
            <include>SettingsOptionRadioButton</include>
	  </control>

          <control type="radiobutton" id="10">
            <description>Hide Poster Info Movies</description>
            <label>$LOCALIZE[31205] $LOCALIZE[31100]</label>
            <onclick>Skin.ToggleSetting(PosterInfoMovies)</onclick>
            <selected>Skin.HasSetting(PosterInfoMovies)</selected>
            <include>SettingsOptionRadioButton</include>
          </control>

          <control type="radiobutton" id="11">
            <description>Hide ShowCase Movies</description>
            <label>$LOCALIZE[31205] $LOCALIZE[31103]</label>
            <onclick>Skin.ToggleSetting(ShowCaseMovies)</onclick>
            <selected>Skin.HasSetting(ShowCaseMovies)</selected>
            <include>SettingsOptionRadioButton</include>
          </control>

          <control type="radiobutton" id="12">
            <description>Hide LowList Movies</description>
            <label>$LOCALIZE[31205] $LOCALIZE[31107]</label>
            <onclick>Skin.ToggleSetting(LowListMovies)</onclick>
            <selected>Skin.HasSetting(LowListMovies)</selected>
            <include>SettingsOptionRadioButton</include>
          </control>

          <control type="radiobutton" id="13">
            <description>Hide HighList Movies</description>
            <label>$LOCALIZE[31205] $LOCALIZE[31109]</label>
            <onclick>Skin.ToggleSetting(HighListMovies)</onclick>
            <selected>Skin.HasSetting(HighListMovies)</selected>
            <include>SettingsOptionRadioButton</include>
          </control>

          <control type="radiobutton" id="14">
            <description>Hide WaterFall Movies</description>
            <label>$LOCALIZE[31205] $LOCALIZE[31105]</label>
            <onclick>Skin.ToggleSetting(WaterFallMovies)</onclick>
            <selected>Skin.HasSetting(WaterFallMovies)</selected>
            <include>SettingsOptionRadioButton</include>
          </control>

          <control type="radiobutton" id="15">
            <description>Hide Exhibit Movies</description>
            <label>$LOCALIZE[31205] $LOCALIZE[31106]</label>
            <onclick>Skin.ToggleSetting(ExhibitMovies)</onclick>
            <selected>Skin.HasSetting(ExhibitMovies)</selected>
            <include>SettingsOptionRadioButton</include>
          </control>

          <control type="radiobutton" id="16">
            <description>Hide Slide Movies</description>
            <label>$LOCALIZE[31205] $LOCALIZE[31110]</label>
            <onclick>Skin.ToggleSetting(SlideMovies)</onclick>
            <selected>Skin.HasSetting(SlideMovies)</selected>
            <include>SettingsOptionRadioButton</include>
          </control>

          <control type="radiobutton" id="17">
            <description>Hide 3D Cover Movies</description>
            <label>$LOCALIZE[31205] $LOCALIZE[31111]</label>
            <onclick>Skin.ToggleSetting(3DCoverMovies)</onclick>
            <selected>Skin.HasSetting(3DCoverMovies)</selected>
            <include>SettingsOptionRadioButton</include>
          </control>

          <control type="radiobutton" id="18">
            <description>Hide Wheel Movies</description>
            <label>$LOCALIZE[31205] $LOCALIZE[31112]</label>
            <onclick>Skin.ToggleSetting(WheelMovies)</onclick>
            <selected>Skin.HasSetting(WheelMovies)</selected>
            <include>SettingsOptionRadioButton</include>
          </control>

          <control type="label" id="55">
            <description>Home Window Submenu</description>
            <label>$LOCALIZE[513] $LOCALIZE[1034]</label>
	    <textcolor>Highlighted</textcolor>
            <include>SettingsOptionRadioButton</include>
	  </control>

  	  <control type="radiobutton" id="30">
  	    <description>Enable Custom Playlist Button 1</description>
  	    <label>$LOCALIZE[31230] [B]1[/B]</label>
            <onclick>Skin.ToggleSetting(HomeMoviePlaylistButton1)</onclick>
	    <selected>Skin.HasSetting(HomeMoviePlaylistButton1)</selected>
            <include>SettingsOptionRadioButton</include>
  	  </control>

  	  <control type="button" id="31">
  	    <description>Button Label</description>
  	    <label>   ...$LOCALIZE[31228]</label>
            <label2>$INFO[Skin.String(HomeMoviePlaylistButton1_label)]</label2>
  	    <onclick>Skin.SetString(HomeMoviePlaylistButton1_label)</onclick>
            <include>SettingsOptionRadioButton</include>
            <visible>Skin.HasSetting(HomeMoviePlaylistButton1)</visible>
  	  </control>

          <control type="button" id="32">
            <description>Playlist Path</description>
            <label>   ...$LOCALIZE[559] $LOCALIZE[15311]</label>
            <label2>$INFO[Skin.String(HomeMoviePlaylistButton1_path)]</label2>
            <onclick>Skin.SetFile(HomeMoviePlaylistButton1_path,.xsp)</onclick>
            <include>SettingsOptionRadioButton</include>
            <visible>Skin.HasSetting(HomeMoviePlaylistButton1)</visible>
          </control>

          <control type="button" id="33">
            <description>Thumb Path</description>
            <label>   ...$LOCALIZE[20141] $LOCALIZE[21371] ($LOCALIZE[513])</label>
            <onclick>Skin.SetImage(HomeMoviePlaylistButton1_thumb,.tbn)</onclick>
            <include>SettingsOptionRadioButton</include>
            <visible>Skin.HasSetting(HomeMoviePlaylistButton1)</visible>
          </control>

  	  <control type="radiobutton" id="34">
  	    <description>Enable Custom Playlist Button 2</description>
  	    <label>$LOCALIZE[31230] [B]2[/B]</label>
            <onclick>Skin.ToggleSetting(HomeMoviePlaylistButton2)</onclick>
	    <selected>Skin.HasSetting(HomeMoviePlaylistButton2)</selected>
            <include>SettingsOptionRadioButton</include>
  	  </control>

  	  <control type="button" id="35">
  	    <description>Button Label</description>
  	    <label>   ...$LOCALIZE[31228]</label>
            <label2>$INFO[Skin.String(HomeMoviePlaylistButton2_label)]</label2>
  	    <onclick>Skin.SetString(HomeMoviePlaylistButton2_label)</onclick>
            <include>SettingsOptionRadioButton</include>
            <visible>Skin.HasSetting(HomeMoviePlaylistButton2)</visible>
  	  </control>

          <control type="button" id="36">
            <description>Playlist Path</description>
            <label>   ...$LOCALIZE[559] $LOCALIZE[15311]</label>
            <label2>$INFO[Skin.String(HomeMoviePlaylistButton2_path)]</label2>
            <onclick>Skin.SetFile(HomeMoviePlaylistButton2_path,.xsp)</onclick>
            <include>SettingsOptionRadioButton</include>
            <visible>Skin.HasSetting(HomeMoviePlaylistButton2)</visible>
          </control>

          <control type="button" id="37">
            <description>Thumb Path</description>
            <label>   ...$LOCALIZE[20141] $LOCALIZE[21371] ($LOCALIZE[513])</label>
            <onclick>Skin.SetImage(HomeMoviePlaylistButton2_thumb,.tbn)</onclick>
            <include>SettingsOptionRadioButton</include>
            <visible>Skin.HasSetting(HomeMoviePlaylistButton2)</visible>
          </control>

  	  <control type="radiobutton" id="38">
  	    <description>Enable Custom Playlist Button 3</description>
  	    <label>$LOCALIZE[31230] [B]3[/B]</label>
            <onclick>Skin.ToggleSetting(HomeMoviePlaylistButton3)</onclick>
	    <selected>Skin.HasSetting(HomeMoviePlaylistButton3)</selected>
            <include>SettingsOptionRadioButton</include>
  	  </control>

  	  <control type="button" id="39">
  	    <description>Button Label</description>
  	    <label>   ...$LOCALIZE[31228]</label>
            <label2>$INFO[Skin.String(HomeMoviePlaylistButton3_label)]</label2>
  	    <onclick>Skin.SetString(HomeMoviePlaylistButton3_label)</onclick>
            <include>SettingsOptionRadioButton</include>
            <visible>Skin.HasSetting(HomeMoviePlaylistButton3)</visible>
  	  </control>

          <control type="button" id="40">
            <description>Playlist Path</description>
            <label>   ...$LOCALIZE[559] $LOCALIZE[15311]</label>
            <label2>$INFO[Skin.String(HomeMoviePlaylistButton3_path)]</label2>
            <onclick>Skin.SetFile(HomeMoviePlaylistButton3_path,.xsp)</onclick>
            <include>SettingsOptionRadioButton</include>
            <visible>Skin.HasSetting(HomeMoviePlaylistButton3)</visible>
          </control>

          <control type="button" id="41">
            <description>Thumb Path</description>
            <label>   ...$LOCALIZE[20141] $LOCALIZE[21371] ($LOCALIZE[513])</label>
            <onclick>Skin.SetImage(HomeMoviePlaylistButton3_thumb,.tbn)</onclick>
            <include>SettingsOptionRadioButton</include>
            <visible>Skin.HasSetting(HomeMoviePlaylistButton3)</visible>
          </control>
        </control>

        <!-- Music Options -->
        <control type="grouplist" id="406">
          <onup>406</onup>
          <ondown>406</ondown>
          <pagecontrol>61</pagecontrol>
          <include>CustomSettingsList</include>
          <visible>Container(300).HasFocus(6)</visible>

          <control type="label" id="50">
            <description>General</description>
            <label>$LOCALIZE[128]</label>
	    <textcolor>Highlighted</textcolor>
            <include>SettingsOptionRadioButton</include>
	  </control>

          <control type="radiobutton" id="1">
            <description>Hide Fanart</description>
            <label>$LOCALIZE[31205] $LOCALIZE[31302]</label>
            <onclick>Skin.ToggleSetting(HideMusicFanart)</onclick>
            <selected>Skin.HasSetting(HideMusicFanart)</selected>
            <include>SettingsOptionRadioButton</include>
          </control>

  	  <control type="button" id="402">
  	    <description>Set Lyrics Path</description>
  	    <label>31406</label>
  	    <onclick>Skin.SetFile(LyricScriptPath,.py)</onclick>
            <include>SettingsOptionRadioButton</include>
  	  </control>

          <control type="label" id="56">
            <description>View Options</description>
            <label>$LOCALIZE[14018]</label>
	    <textcolor>Highlighted</textcolor>
            <include>SettingsOptionRadioButton</include>
	  </control>

          <control type="radiobutton" id="10">
            <description>Hide Poster Info Music</description>
            <label>$LOCALIZE[31205] $LOCALIZE[31100]</label>
            <onclick>Skin.ToggleSetting(PosterInfoMusic)</onclick>
            <selected>Skin.HasSetting(PosterInfoMusic)</selected>
            <include>SettingsOptionRadioButton</include>
          </control>

          <control type="radiobutton" id="11">
            <description>Hide ShowCase Music</description>
            <label>$LOCALIZE[31205] $LOCALIZE[31103]</label>
            <onclick>Skin.ToggleSetting(ShowCaseMusic)</onclick>
            <selected>Skin.HasSetting(ShowCaseMusic)</selected>
            <include>SettingsOptionRadioButton</include>
          </control>

          <control type="radiobutton" id="12">
            <description>Hide LowList Music</description>
            <label>$LOCALIZE[31205] $LOCALIZE[31107]</label>
            <onclick>Skin.ToggleSetting(LowListMusic)</onclick>
            <selected>Skin.HasSetting(LowListMusic)</selected>
            <include>SettingsOptionRadioButton</include>
          </control>

          <control type="radiobutton" id="13">
            <description>Hide HighList Music</description>
            <label>$LOCALIZE[31205] $LOCALIZE[31109]</label>
            <onclick>Skin.ToggleSetting(HighListMusic)</onclick>
            <selected>Skin.HasSetting(HighListMusic)</selected>
            <include>SettingsOptionRadioButton</include>
          </control>

          <control type="radiobutton" id="14">
            <description>Hide WaterFall Music</description>
            <label>$LOCALIZE[31205] $LOCALIZE[31105]</label>
            <onclick>Skin.ToggleSetting(WaterFallMusic)</onclick>
            <selected>Skin.HasSetting(WaterFallMusic)</selected>
            <include>SettingsOptionRadioButton</include>
          </control>

          <control type="radiobutton" id="15">
            <description>Hide Exhibit Music</description>
            <label>$LOCALIZE[31205] $LOCALIZE[31106]</label>
            <onclick>Skin.ToggleSetting(ExhibitMusic)</onclick>
            <selected>Skin.HasSetting(ExhibitMusic)</selected>
            <include>SettingsOptionRadioButton</include>
          </control>

          <control type="radiobutton" id="16">
            <description>Hide Slide Music</description>
            <label>$LOCALIZE[31205] $LOCALIZE[31110]</label>
            <onclick>Skin.ToggleSetting(SlideMusic)</onclick>
            <selected>Skin.HasSetting(SlideMusic)</selected>
            <include>SettingsOptionRadioButton</include>
          </control>

          <control type="radiobutton" id="17">
            <description>Hide 3D Cover Music</description>
            <label>$LOCALIZE[31205] $LOCALIZE[31111]</label>
            <onclick>Skin.ToggleSetting(3DCoverMusic)</onclick>
            <selected>Skin.HasSetting(3DCoverMusic)</selected>
            <include>SettingsOptionRadioButton</include>
          </control>

          <control type="radiobutton" id="18">
            <description>Hide Wheel Music</description>
            <label>$LOCALIZE[31205] $LOCALIZE[31112]</label>
            <onclick>Skin.ToggleSetting(WheelMusic)</onclick>
            <selected>Skin.HasSetting(WheelMusic)</selected>
            <include>SettingsOptionRadioButton</include>
          </control>

          <control type="label" id="57">
            <description>Home Window Submenu</description>
            <label>$LOCALIZE[513] $LOCALIZE[1034]</label>
	    <textcolor>Highlighted</textcolor>
            <include>SettingsOptionRadioButton</include>
	  </control>

  	  <control type="radiobutton" id="30">
  	    <description>Enable Custom Playlist Button 1</description>
  	    <label>$LOCALIZE[31230] [B]1[/B]</label>
            <onclick>Skin.ToggleSetting(HomeMusicPlaylistButton1)</onclick>
	    <selected>Skin.HasSetting(HomeMusicPlaylistButton1)</selected>
            <include>SettingsOptionRadioButton</include>
  	  </control>

  	  <control type="button" id="31">
  	    <description>Button Label</description>
  	    <label>   ...$LOCALIZE[31228]</label>
            <label2>$INFO[Skin.String(HomeMusicPlaylistButton1_label)]</label2>
  	    <onclick>Skin.SetString(HomeMusicPlaylistButton1_label)</onclick>
            <include>SettingsOptionRadioButton</include>
            <visible>Skin.HasSetting(HomeMusicPlaylistButton1)</visible>
  	  </control>

          <control type="button" id="32">
            <description>Playlist Path</description>
            <label>   ...$LOCALIZE[559] $LOCALIZE[15311]</label>
            <label2>$INFO[Skin.String(HomeMusicPlaylistButton1_path)]</label2>
            <onclick>Skin.SetFile(HomeMusicPlaylistButton1_path,.xsp)</onclick>
            <include>SettingsOptionRadioButton</include>
            <visible>Skin.HasSetting(HomeMusicPlaylistButton1)</visible>
          </control>

          <control type="button" id="33">
            <description>Thumb Path</description>
            <label>   ...$LOCALIZE[20141] $LOCALIZE[21371] ($LOCALIZE[513])</label>
            <onclick>Skin.SetImage(HomeMusicPlaylistButton1_thumb,.tbn)</onclick>
            <include>SettingsOptionRadioButton</include>
            <visible>Skin.HasSetting(HomeMusicPlaylistButton1)</visible>
          </control>

  	  <control type="radiobutton" id="34">
  	    <description>Enable Custom Playlist Button 2</description>
  	    <label>$LOCALIZE[31230] [B]2[/B]</label>
            <onclick>Skin.ToggleSetting(HomeMusicPlaylistButton2)</onclick>
	    <selected>Skin.HasSetting(HomeMusicPlaylistButton2)</selected>
            <include>SettingsOptionRadioButton</include>
  	  </control>

  	  <control type="button" id="35">
  	    <description>Button Label</description>
  	    <label>   ...$LOCALIZE[31228]</label>
            <label2>$INFO[Skin.String(HomeMusicPlaylistButton2_label)]</label2>
  	    <onclick>Skin.SetString(HomeMusicPlaylistButton2_label)</onclick>
            <include>SettingsOptionRadioButton</include>
            <visible>Skin.HasSetting(HomeMusicPlaylistButton2)</visible>
  	  </control>

          <control type="button" id="36">
            <description>Playlist Path</description>
            <label>   ...$LOCALIZE[559] $LOCALIZE[15311]</label>
            <label2>$INFO[Skin.String(HomeMusicPlaylistButton2_path)]</label2>
            <onclick>Skin.SetFile(HomeMusicPlaylistButton2_path,.xsp)</onclick>
            <include>SettingsOptionRadioButton</include>
            <visible>Skin.HasSetting(HomeMusicPlaylistButton2)</visible>
          </control>

          <control type="button" id="37">
            <description>Thumb Path</description>
            <label>   ...$LOCALIZE[20141] $LOCALIZE[21371] ($LOCALIZE[513])</label>
            <onclick>Skin.SetImage(HomeMusicPlaylistButton2_thumb,.tbn)</onclick>
            <include>SettingsOptionRadioButton</include>
            <visible>Skin.HasSetting(HomeMusicPlaylistButton2)</visible>
          </control>

  	  <control type="radiobutton" id="38">
  	    <description>Enable Custom Playlist Button 3</description>
  	    <label>$LOCALIZE[31230] [B]3[/B]</label>
            <onclick>Skin.ToggleSetting(HomeMusicPlaylistButton3)</onclick>
	    <selected>Skin.HasSetting(HomeMusicPlaylistButton3)</selected>
            <include>SettingsOptionRadioButton</include>
  	  </control>

  	  <control type="button" id="39">
  	    <description>Button Label</description>
  	    <label>   ...$LOCALIZE[31228]</label>
            <label2>$INFO[Skin.String(HomeMusicPlaylistButton3_label)]</label2>
  	    <onclick>Skin.SetString(HomeMusicPlaylistButton3_label)</onclick>
            <include>SettingsOptionRadioButton</include>
            <visible>Skin.HasSetting(HomeMusicPlaylistButton3)</visible>
  	  </control>

          <control type="button" id="40">
            <description>Playlist Path</description>
            <label>   ...$LOCALIZE[559] $LOCALIZE[15311]</label>
            <label2>$INFO[Skin.String(HomeMusicPlaylistButton3_path)]</label2>
            <onclick>Skin.SetFile(HomeMusicPlaylistButton3_path,.xsp)</onclick>
            <include>SettingsOptionRadioButton</include>
            <visible>Skin.HasSetting(HomeMusicPlaylistButton3)</visible>
          </control>

          <control type="button" id="41">
            <description>Thumb Path</description>
            <label>   ...$LOCALIZE[20141] $LOCALIZE[21371] ($LOCALIZE[513])</label>
            <onclick>Skin.SetImage(HomeMusicPlaylistButton3_thumb,.tbn)</onclick>
            <include>SettingsOptionRadioButton</include>
            <visible>Skin.HasSetting(HomeMusicPlaylistButton3)</visible>
          </control>

        </control>

        <!-- Pictures Options -->
        <control type="grouplist" id="407">
          <onup>407</onup>
          <ondown>407</ondown>
          <pagecontrol>61</pagecontrol>
          <include>CustomSettingsList</include>
          <visible>Container(300).HasFocus(7)</visible>

          <control type="label" id="50">
            <description>General</description>
            <label>$LOCALIZE[128]</label>
	    <textcolor>Highlighted</textcolor>
            <include>SettingsOptionRadioButton</include>
	  </control>

          <control type="radiobutton" id="2">
            <description>List Item Background</description>
            <label>$LOCALIZE[31223] $LOCALIZE[31203]</label>
            <onclick>Skin.ToggleSetting(ListItemBG)</onclick>
            <selected>Skin.HasSetting(ListItemBG)</selected>
            <include>SettingsOptionRadioButton</include>
          </control>

          <control type="label" id="58">
            <description>View Options</description>
            <label>$LOCALIZE[14018]</label>
	    <textcolor>Highlighted</textcolor>
            <include>SettingsOptionRadioButton</include>
	  </control>

          <control type="radiobutton" id="10">
            <description>Hide Poster Info Pictures</description>
            <label>$LOCALIZE[31205] $LOCALIZE[31100]</label>
            <onclick>Skin.ToggleSetting(PosterInfoPictures)</onclick>
            <selected>Skin.HasSetting(PosterInfoPictures)</selected>
            <include>SettingsOptionRadioButton</include>
          </control>

          <control type="radiobutton" id="11">
            <description>Hide ShowCase Pictures</description>
            <label>$LOCALIZE[31205] $LOCALIZE[31103]</label>
            <onclick>Skin.ToggleSetting(ShowCasePictures)</onclick>
            <selected>Skin.HasSetting(ShowCasePictures)</selected>
            <include>SettingsOptionRadioButton</include>
          </control>

          <control type="radiobutton" id="12">
            <description>Hide LowList Pictures</description>
            <label>$LOCALIZE[31205] $LOCALIZE[31107]</label>
            <onclick>Skin.ToggleSetting(LowListPictures)</onclick>
            <selected>Skin.HasSetting(LowListPictures)</selected>
            <include>SettingsOptionRadioButton</include>
          </control>

          <control type="radiobutton" id="13">
            <description>Hide HighList Pictures</description>
            <label>$LOCALIZE[31205] $LOCALIZE[31109]</label>
            <onclick>Skin.ToggleSetting(HighListPictures)</onclick>
            <selected>Skin.HasSetting(HighListPictures)</selected>
            <include>SettingsOptionRadioButton</include>
          </control>

          <control type="radiobutton" id="14">
            <description>Hide WaterFall Pictures</description>
            <label>$LOCALIZE[31205] $LOCALIZE[31105]</label>
            <onclick>Skin.ToggleSetting(WaterFallPictures)</onclick>
            <selected>Skin.HasSetting(WaterFallPictures)</selected>
            <include>SettingsOptionRadioButton</include>
          </control>

          <control type="radiobutton" id="15">
            <description>Hide Exhibit Pictures</description>
            <label>$LOCALIZE[31205] $LOCALIZE[31106]</label>
            <onclick>Skin.ToggleSetting(ExhibitPictures)</onclick>
            <selected>Skin.HasSetting(ExhibitPictures)</selected>
            <include>SettingsOptionRadioButton</include>
          </control>

          <control type="radiobutton" id="16">
            <description>Hide Slide Pictures</description>
            <label>$LOCALIZE[31205] $LOCALIZE[31110]</label>
            <onclick>Skin.ToggleSetting(SlidePictures)</onclick>
            <selected>Skin.HasSetting(SlidePictures)</selected>
            <include>SettingsOptionRadioButton</include>
          </control>

          <control type="radiobutton" id="17">
            <description>Hide 3D Cover Pictures</description>
            <label>$LOCALIZE[31205] $LOCALIZE[31111]</label>
            <onclick>Skin.ToggleSetting(3DCoverPictures)</onclick>
            <selected>Skin.HasSetting(3DCoverPictures)</selected>
            <include>SettingsOptionRadioButton</include>
          </control>

          <control type="radiobutton" id="18">
            <description>Hide Wheel Pictures</description>
            <label>$LOCALIZE[31205] $LOCALIZE[31112]</label>
            <onclick>Skin.ToggleSetting(WheelPictures)</onclick>
            <selected>Skin.HasSetting(WheelPictures)</selected>
            <include>SettingsOptionRadioButton</include>
          </control>
        </control>

        <!-- Backgrounds Options -->
        <control type="grouplist" id="408">
          <onup>408</onup>
          <ondown>408</ondown>
          <pagecontrol>61</pagecontrol>
          <include>CustomSettingsList</include>
          <visible>Container(300).HasFocus(8)</visible>

          <control type="label" id="50">
            <description>General</description>
            <label>$LOCALIZE[128]</label>
	    <textcolor>Highlighted</textcolor>
            <include>SettingsOptionRadioButton</include>
	  </control>

          <control type="radiobutton" id="1">
            <description>Hide White Noise BG</description>
            <label>$LOCALIZE[31219]</label>
            <onclick>Skin.ToggleSetting(HideWhiteNoiseBG)</onclick>
            <selected>Skin.HasSetting(HideWhiteNoiseBG)</selected>
            <include>SettingsOptionRadioButton</include>
          </control>

          <control type="label" id="59">
            <description>View Options</description>
            <label>$LOCALIZE[14018]</label>
	    <textcolor>Highlighted</textcolor>
            <include>SettingsOptionRadioButton</include>
	  </control>

          <control type="togglebutton" id="2">
            <description>Custom Videos BG Images Folder</description>
            <onclick>Skin.SetPath(CustomVideosBGFolder)</onclick>
            <altclick>Skin.Reset(CustomVideosBGFolder)</altclick>
            <label>$LOCALIZE[20141] $LOCALIZE[3] $LOCALIZE[31202]</label>
            <altlabel>$LOCALIZE[192] $LOCALIZE[3] $LOCALIZE[31202]</altlabel>
            <usealttexture>Skin.String(CustomVideosBGFolder)</usealttexture>
            <include>SettingsOptionRadioButton</include>
          </control>

          <control type="togglebutton" id="3">
            <description>Custom TV Shows BG Images Folder</description>
            <onclick>Skin.SetPath(CustomTVShowsBGFolder)</onclick>
            <altclick>Skin.Reset(CustomTVShowsBGFolder)</altclick>
            <label>$LOCALIZE[20141] $LOCALIZE[20343] $LOCALIZE[31202]</label>
            <altlabel>$LOCALIZE[192] $LOCALIZE[20343] $LOCALIZE[31202]</altlabel>
            <usealttexture>Skin.String(CustomTVShowsBGFolder)</usealttexture>
            <include>SettingsOptionRadioButton</include>
          </control>

          <control type="togglebutton" id="4">
            <description>Custom Movies BG Images Folder</description>
            <onclick>Skin.Setpath(CustomMoviesBGFolder)</onclick>
            <altclick>Skin.Reset(CustomMoviesBGFolder)</altclick>
            <label>$LOCALIZE[20141] $LOCALIZE[342] $LOCALIZE[31202]</label>
            <altlabel>$LOCALIZE[192] $LOCALIZE[342] $LOCALIZE[31202]</altlabel>
            <usealttexture>Skin.String(CustomMoviesBGFolder)</usealttexture>
            <include>SettingsOptionRadioButton</include>
          </control>

          <control type="togglebutton" id="5">
            <description>Custom Music BG Images Folder</description>
            <onclick>Skin.SetPath(CustomMusicBGFolder)</onclick>
            <altclick>Skin.Reset(CustomMusicBGFolder)</altclick>
            <label>$LOCALIZE[20141] $LOCALIZE[2] $LOCALIZE[31202]</label>
            <altlabel>$LOCALIZE[192] $LOCALIZE[2] $LOCALIZE[31202]</altlabel>
            <usealttexture>Skin.String(CustomMusicBGFolder)</usealttexture>
            <include>SettingsOptionRadioButton</include>
          </control>

          <control type="togglebutton" id="6">
            <description>Custom Pictures BG Images Folder</description>
            <onclick>Skin.SetPath(CustomPicturesBGFolder)</onclick>
            <altclick>Skin.Reset(CustomPicturesBGFolder)</altclick>
            <label>$LOCALIZE[20141] $LOCALIZE[1] $LOCALIZE[31202]</label>
            <altlabel>$LOCALIZE[192] $LOCALIZE[1] $LOCALIZE[31202]</altlabel>
            <usealttexture>Skin.String(CustomPicturesBGFolder)</usealttexture>
            <include>SettingsOptionRadioButton</include>
          </control>

          <control type="togglebutton" id="7">
            <description>Custom Weather BG Images Folder</description>
            <onclick>Skin.SetPath(CustomWeatherBGFolder)</onclick>
            <altclick>Skin.Reset(CustomWeatherBGFolder)</altclick>
            <label>$LOCALIZE[20141] $LOCALIZE[8] $LOCALIZE[31202]</label>
            <altlabel>$LOCALIZE[192] $LOCALIZE[8] $LOCALIZE[31202]</altlabel>
            <usealttexture>Skin.String(CustomWeatherBGFolder)</usealttexture>
            <include>SettingsOptionRadioButton</include>
          </control>

          <control type="togglebutton" id="8">
            <description>Custom Programs BG Images Folder</description>
            <onclick>Skin.SetPath(CustomProgramsBGFolder)</onclick>
            <altclick>Skin.Reset(CustomProgramsBGFolder)</altclick>
            <label>$LOCALIZE[20141] $LOCALIZE[0] $LOCALIZE[31202]</label>
            <altlabel>$LOCALIZE[192] $LOCALIZE[0] $LOCALIZE[31202]</altlabel>
            <usealttexture>Skin.String(CustomProgramsBGFolder)</usealttexture>
            <include>SettingsOptionRadioButton</include>
          </control>

          <control type="togglebutton" id="9">
            <description>Custom System BG Images Folder</description>
            <onclick>Skin.SetPath(CustomSystemBGFolder)</onclick>
            <altclick>Skin.Reset(CustomSystemBGFolder)</altclick>
            <label>$LOCALIZE[20141] $LOCALIZE[13000] $LOCALIZE[31202]</label>
            <altlabel>$LOCALIZE[192] $LOCALIZE[13000] $LOCALIZE[31202]</altlabel>
            <usealttexture>Skin.String(CustomSystemBGFolder)</usealttexture>
            <include>SettingsOptionRadioButton</include>
          </control>

          <control type="togglebutton" id="10">
            <description>Custom Power BG Images Folder</description>
            <onclick>Skin.SetPath(CustomPowerBGFolder)</onclick>
            <altclick>Skin.Reset(CustomPowerBGFolder)</altclick>
            <label>$LOCALIZE[20141] $LOCALIZE[31017] $LOCALIZE[31202]</label>
            <altlabel>$LOCALIZE[192] $LOCALIZE[31017] $LOCALIZE[31202]</altlabel>
            <usealttexture>Skin.String(CustomPowerBGFolder)</usealttexture>
            <include>SettingsOptionRadioButton</include>
          </control>

          <control type="togglebutton" id="11">
            <description>Custom DVD BG Images Folder</description>
            <onclick>Skin.SetPath(CustomDVDBGFolder)</onclick>
            <altclick>Skin.Reset(CustomDVDBGFolder)</altclick>
            <label>$LOCALIZE[20141] $LOCALIZE[446] $LOCALIZE[31202]</label>
            <altlabel>$LOCALIZE[192] $LOCALIZE[446] $LOCALIZE[31202]</altlabel>
            <usealttexture>Skin.String(CustomDVDBGFolder)</usealttexture>
            <include>SettingsOptionRadioButton</include>
          </control>
        </control>

        <!-- Custom Background Previews -->
        <control type="group">
          <posx>8</posx>
          <animation effect="slide" tween="cubic" start="0,0" end="-280,0" time="200" delay="100">WindowClose</animation>
          <visible>Container(300).HasFocus(8)</visible>

          <control type="multiimage">
            <info>Skin.String(CustomVideosBGFolder)</info>
            <visible>Skin.String(CustomVideosBGFolder) + ControlGroup(408).HasFocus(2)</visible>
            <include>CustomBGSettingMultiThumb</include>
          </control>

          <control type="multiimage">
            <info>Skin.String(CustomMoviesBGFolder)</info>
            <visible>Skin.String(CustomMoviesBGFolder) + ControlGroup(408).HasFocus(4)</visible>
            <include>CustomBGSettingMultiThumb</include>
          </control>

          <control type="multiimage">
            <info>Skin.String(CustomTVShowsBGFolder)</info>
            <visible>Skin.String(CustomTVShowsBGFolder) + ControlGroup(408).HasFocus(3)</visible>
            <include>CustomBGSettingMultiThumb</include>
          </control>

          <control type="multiimage">
            <info>Skin.String(CustomMusicBGFolder)</info>
            <visible>Skin.String(CustomMusicBGFolder) + ControlGroup(408).HasFocus(5)</visible>
            <include>CustomBGSettingMultiThumb</include>
          </control>

          <control type="multiimage">
            <info>Skin.String(CustomPicturesBGFolder)</info>
            <visible>Skin.String(CustomPicturesBGFolder) + ControlGroup(408).HasFocus(6)</visible>
            <include>CustomBGSettingMultiThumb</include>
          </control>

          <control type="multiimage">
            <imagepath>$INFO[Skin.String(CustomWeatherBGFolder)]$INFO[Weather.FanartCode]</imagepath>
            <visible>Skin.String(CustomWeatherBGFolder) + ControlGroup(408).HasFocus(7)</visible>
            <include>CustomBGSettingMultiThumb</include>
          </control>

          <control type="multiimage">
            <info>Skin.String(CustomProgramsBGFolder)</info>
            <visible>Skin.String(CustomProgramsBGFolder) + ControlGroup(408).HasFocus(8)</visible>
            <include>CustomBGSettingMultiThumb</include>
          </control>

          <control type="multiimage">
            <info>Skin.String(CustomSystemBGFolder)</info>
            <visible>Skin.String(CustomSystemBGFolder) + ControlGroup(408).HasFocus(9)</visible>
           <include>CustomBGSettingMultiThumb</include>
          </control>

          <control type="multiimage">
            <info>Skin.String(CustomPowerBGFolder)</info>
            <visible>Skin.String(CustomPowerBGFolder) + ControlGroup(408).HasFocus(10)</visible>
            <include>CustomBGSettingMultiThumb</include>
          </control>

          <control type="multiimage">
            <info>Skin.String(CustomDVDBGFolder)</info>
            <visible>Skin.String(CustomDVDBGFolder) + ControlGroup(408).HasFocus(11)</visible>
            <include>CustomBGSettingMultiThumb</include>
          </control>

        </control>

        <!-- Weather Options -->
        <control type="grouplist" id="409">
          <onup>409</onup>
          <ondown>409</ondown>
          <pagecontrol>61</pagecontrol>
          <include>CustomSettingsList</include>
          <visible>Container(300).HasFocus(9)</visible>

          <control type="label" id="50">
            <description>General</description>
            <label>$LOCALIZE[128]</label>
	    <textcolor>Highlighted</textcolor>
            <include>SettingsOptionRadioButton</include>
	  </control>

          <control type="radiobutton" id="2">
            <description>Use Animated Weather</description>
            <label>$LOCALIZE[31220]</label>
            <onclick>Skin.ToggleSetting(UseAnimatedWeather)</onclick>
            <selected>Skin.HasSetting(UseAnimatedWeather)</selected>
            <include>SettingsOptionRadioButton</include>
          </control>

          <control type="radiobutton" id="3">
  	    <description>Enable TWC Script Button</description>
  	    <label>$LOCALIZE[31225]</label>
            <onclick>Skin.ToggleSetting(TWCScript_button)</onclick>
	    <selected>Skin.HasSetting(TWCScript_button)</selected>
            <include>SettingsOptionRadioButton</include>
  	  </control>

          <control type="button" id="4">
            <description>Path to script</description>
            <label>   ...$LOCALIZE[33082]</label>
            <label2>$INFO[Skin.String(TWCScript_Path)]</label2>
            <onclick>Skin.SetFile(TWCScript_Path,.py)</onclick>
            <include>SettingsOptionRadioButton</include>
            <visible>Skin.HasSetting(TWCScript_button)</visible>
          </control>
        </control>


        <!-- Programs Options -->
        <control type="grouplist" id="410">
          <onup>410</onup>
          <ondown>410</ondown>
          <pagecontrol>61</pagecontrol>
          <include>CustomSettingsList</include>
          <visible>Container(300).HasFocus(10)</visible>

          <control type="label" id="50">
            <description>View Options</description>
            <label>$LOCALIZE[14018]</label>
	    <textcolor>Highlighted</textcolor>
            <include>SettingsOptionRadioButton</include>
	  </control>

          <control type="radiobutton" id="1">
            <description>Hide Poster Info Programs</description>
            <label>$LOCALIZE[31205] $LOCALIZE[31100]</label>
            <onclick>Skin.ToggleSetting(PosterInfoPrograms)</onclick>
            <selected>Skin.HasSetting(PosterInfoPrograms)</selected>
            <include>SettingsOptionRadioButton</include>
          </control>

          <control type="radiobutton" id="2">
            <description>Hide ShowCase Programs</description>
            <label>$LOCALIZE[31205] $LOCALIZE[31103]</label>
            <onclick>Skin.ToggleSetting(ShowCasePrograms)</onclick>
            <selected>Skin.HasSetting(ShowCasePrograms)</selected>
            <include>SettingsOptionRadioButton</include>
          </control>

          <control type="radiobutton" id="3">
            <description>Hide LowList Programs</description>
            <label>$LOCALIZE[31205] $LOCALIZE[31107]</label>
            <onclick>Skin.ToggleSetting(LowListPrograms)</onclick>
            <selected>Skin.HasSetting(LowListPrograms)</selected>
            <include>SettingsOptionRadioButton</include>
          </control>

          <control type="radiobutton" id="4">
            <description>Hide HighList Programs</description>
            <label>$LOCALIZE[31205] $LOCALIZE[31109]</label>
            <onclick>Skin.ToggleSetting(HighListPrograms)</onclick>
            <selected>Skin.HasSetting(HighListPrograms)</selected>
            <include>SettingsOptionRadioButton</include>
          </control>

          <control type="radiobutton" id="5">
            <description>Hide WaterFall Programs</description>
            <label>$LOCALIZE[31205] $LOCALIZE[31105]</label>
            <onclick>Skin.ToggleSetting(WaterFallPrograms)</onclick>
            <selected>Skin.HasSetting(WaterFallPrograms)</selected>
            <include>SettingsOptionRadioButton</include>
          </control>

          <control type="radiobutton" id="6">
            <description>Hide Exhibit Programs</description>
            <label>$LOCALIZE[31205] $LOCALIZE[31106]</label>
            <onclick>Skin.ToggleSetting(ExhibitPrograms)</onclick>
            <selected>Skin.HasSetting(ExhibitPrograms)</selected>
            <include>SettingsOptionRadioButton</include>
          </control>

          <control type="radiobutton" id="7">
            <description>Hide Slide Tv</description>
            <label>$LOCALIZE[31205] $LOCALIZE[31110]</label>
            <onclick>Skin.ToggleSetting(SlidePrograms)</onclick>
            <selected>Skin.HasSetting(SlidePrograms)</selected>
            <include>SettingsOptionRadioButton</include>
          </control>

          <control type="radiobutton" id="8">
            <description>Hide 3D Cover Programs</description>
            <label>$LOCALIZE[31205] $LOCALIZE[31111]</label>
            <onclick>Skin.ToggleSetting(3DCoverPrograms)</onclick>
            <selected>Skin.HasSetting(3DCoverPrograms)</selected>
            <include>SettingsOptionRadioButton</include>
          </control>

          <control type="radiobutton" id="9">
            <description>Hide Wheel Programs</description>
            <label>$LOCALIZE[31205] $LOCALIZE[31112]</label>
            <onclick>Skin.ToggleSetting(WheelPrograms)</onclick>
            <selected>Skin.HasSetting(WheelPrograms)</selected>
            <include>SettingsOptionRadioButton</include>
          </control>

          <control type="label" id="60">
            <description>Home Window Submenu</description>
            <label>$LOCALIZE[513] $LOCALIZE[1034]</label>
	    <textcolor>Highlighted</textcolor>
            <include>SettingsOptionRadioButton</include>
	  </control>

          <control type="label" id="70">
            <description>Enable your Internet Browser</description>
            <label>Enable your Internet Browser</label>
            <include>SettingsOptionRadioButton</include>
	  </control>

  	  <control type="radiobutton" id="71">
  	    <description>Ieplore(Win)</description>
  	    <label>   ...Iexplore (Win)</label>
            <onclick>Skin.ToggleSetting(Internetiexplore)</onclick>
	    <selected>Skin.HasSetting(Internetiexplore)</selected>
            <include>SettingsOptionRadioButton</include>
  	  </control>

  	  <control type="radiobutton" id="72">
  	    <description>Firefox (Win)</description>
  	    <label>   ...Firefox (Win)</label>
            <onclick>Skin.ToggleSetting(InternetWindowsFirefox)</onclick>
	    <selected>Skin.HasSetting(InternetWindowsFirefox)</selected>
            <include>SettingsOptionRadioButton</include>
  	  </control>

  	  <control type="radiobutton" id="73">
  	    <description>Opera (Win)</description>
  	    <label>   ...Opera (Win)</label>
            <onclick>Skin.ToggleSetting(InternetOpera)</onclick>
	    <selected>Skin.HasSetting(InternetOpera)</selected>
            <include>SettingsOptionRadioButton</include>
  	  </control>

  	  <control type="radiobutton" id="74">
  	    <description>Firefox (Linux)</description>
  	    <label>   ...Firefox (Linux)</label>
            <onclick>Skin.ToggleSetting(InternetlinuxFirefox)</onclick>
	    <selected>Skin.HasSetting(InternetLinuxFirefox)</selected>
            <include>SettingsOptionRadioButton</include>
  	  </control>

        </control>

        <!-- Radio Options -->
        <control type="grouplist" id="411">
          <onup>411</onup>
          <ondown>411</ondown>
          <pagecontrol>61</pagecontrol>
          <include>CustomSettingsList</include>
          <visible>Container(300).HasFocus(11)</visible>

          <control type="label" id="50">
            <description>Home Window Submenu</description>
            <label>$LOCALIZE[513] $LOCALIZE[1034]</label>
	    <textcolor>Highlighted</textcolor>
            <include>SettingsOptionRadioButton</include>
	  </control>

  	  <control type="radiobutton" id="70">          <control type="label" id="60">
            <description>Home Window Submenu</description>
            <label>$LOCALIZE[513] $LOCALIZE[1034]</label>
	    <textcolor>Highlighted</textcolor>
            <include>SettingsOptionRadioButton</include>
	  </control>
  	    <description>Enable Radio Station 1</description>
  	    <label>$LOCALIZE[31227] [B]1[/B]</label>
            <onclick>Skin.ToggleSetting(HomeRadioButton1)</onclick>
	    <selected>Skin.HasSetting(HomeRadioButton1)</selected>
            <include>SettingsOptionRadioButton</include>
  	  </control>

  	  <control type="button" id="71">
  	    <description>Button Label</description>
  	    <label>   ...$LOCALIZE[31228]</label>
            <label2>$INFO[Skin.String(HomeRadioButton1_label)]</label2>
  	    <onclick>Skin.SetString(HomeRadioButton1_label)</onclick>
            <include>SettingsOptionRadioButton</include>
            <visible>Skin.HasSetting(HomeRadioButton1)</visible>
  	  </control>

          <control type="button" id="72">
            <description>Stream Path</description>
            <label>   ...$LOCALIZE[33002] $LOCALIZE[15311]</label>
            <label2>$INFO[Skin.String(HomeRadioButton1_path)]</label2>
            <onclick>Skin.SetFile(HomeRadioButton1_path,.strm)</onclick>
            <include>SettingsOptionRadioButton</include>
            <visible>Skin.HasSetting(HomeRadioButton1)</visible>
          </control>

          <control type="button" id="73">
            <description>Thumb Path</description>
            <label>   ...$LOCALIZE[20141] $LOCALIZE[21371] ($LOCALIZE[513])</label>
            <onclick>Skin.SetImage(HomeRadioButton1_thumb,.tbn)</onclick>
            <include>SettingsOptionRadioButton</include>
            <visible>Skin.HasSetting(HomeRadioButton1)</visible>
          </control>

  	  <control type="radiobutton" id="74">
  	    <description>Enable Radio Station 2</description>
  	    <label>$LOCALIZE[31227] [B]2[/B]</label>
            <onclick>Skin.ToggleSetting(HomeRadioButton2)</onclick>
	    <selected>Skin.HasSetting(HomeRadioButton2)</selected>
            <include>SettingsOptionRadioButton</include>
  	  </control>

  	  <control type="button" id="75">
  	    <description>Button Label</description>
  	    <label>   ...$LOCALIZE[31228]</label>
            <label2>$INFO[Skin.String(HomeRadioButton2_label)]</label2>
  	    <onclick>Skin.SetString(HomeRadioButton2_label)</onclick>
            <include>SettingsOptionRadioButton</include>
            <visible>Skin.HasSetting(HomeRadioButton2)</visible>
  	  </control>

          <control type="button" id="76">
            <description>Stream Path</description>
            <label>   ...$LOCALIZE[33002] $LOCALIZE[15311]</label>
            <label2>$INFO[Skin.String(HomeRadioButton2_path)]</label2>
            <onclick>Skin.SetFile(HomeRadioButton2_path,.strm)</onclick>
            <include>SettingsOptionRadioButton</include>
            <visible>Skin.HasSetting(HomeRadioButton2)</visible>
          </control>

          <control type="button" id="77">
            <description>Thumb Path</description>
            <label>   ...$LOCALIZE[20141] $LOCALIZE[21371] ($LOCALIZE[513])</label>
            <onclick>Skin.SetImage(HomeRadioButton2_thumb,.tbn)</onclick>
            <include>SettingsOptionRadioButton</include>
            <visible>Skin.HasSetting(HomeRadioButton2)</visible>
          </control>

  	  <control type="radiobutton" id="78">
  	    <description>Enable Radio Station 3</description>
  	    <label>$LOCALIZE[31227] [B]3[/B]</label>
            <onclick>Skin.ToggleSetting(HomeRadioButton3)</onclick>
	    <selected>Skin.HasSetting(HomeRadioButton3)</selected>
            <include>SettingsOptionRadioButton</include>
  	  </control>

  	  <control type="button" id="79">
  	    <description>Button Label</description>
  	    <label>   ...$LOCALIZE[31228]</label>
            <label2>$INFO[Skin.String(HomeRadioButton3_label)]</label2>
  	    <onclick>Skin.SetString(HomeRadioButton3_label)</onclick>
            <include>SettingsOptionRadioButton</include>
            <visible>Skin.HasSetting(HomeRadioButton3)</visible>
  	  </control>

          <control type="button" id="80">
            <description>Stream Path</description>
            <label>   ...$LOCALIZE[33002] $LOCALIZE[15311]</label>
            <label2>$INFO[Skin.String(HomeRadioButton3_path)]</label2>
            <onclick>Skin.SetFile(HomeRadioButton3_path,.strm)</onclick>
            <include>SettingsOptionRadioButton</include>
            <visible>Skin.HasSetting(HomeRadioButton3)</visible>
          </control>

          <control type="button" id="81">
            <description>Thumb Path</description>
            <label>   ...$LOCALIZE[20141] $LOCALIZE[21371] ($LOCALIZE[513])</label>
            <onclick>Skin.SetImage(HomeRadioButton3_thumb,.tbn)</onclick>
            <include>SettingsOptionRadioButton</include>
            <visible>Skin.HasSetting(HomeRadioButton3)</visible>
          </control>

  	  <control type="radiobutton" id="82">
  	    <description>Enable Radio Station 4</description>
  	    <label>$LOCALIZE[31227] [B]4[/B]</label>
            <onclick>Skin.ToggleSetting(HomeRadioButton4)</onclick>
	    <selected>Skin.HasSetting(HomeRadioButton4)</selected>
            <include>SettingsOptionRadioButton</include>
  	  </control>

  	  <control type="button" id="83">
  	    <description>Button Label</description>
  	    <label>   ...$LOCALIZE[31228]</label>
            <label2>$INFO[Skin.String(HomeRadioButton4_label)]</label2>
  	    <onclick>Skin.SetString(HomeRadioButton4_label)</onclick>
            <include>SettingsOptionRadioButton</include>
            <visible>Skin.HasSetting(HomeRadioButton4)</visible>
  	  </control>

          <control type="button" id="84">
            <description>Stream Path</description>
            <label>   ...$LOCALIZE[33002] $LOCALIZE[15311]</label>
            <label2>$INFO[Skin.String(HomeRadioButton4_path)]</label2>
            <onclick>Skin.SetFile(HomeRadioButton4_path,.strm)</onclick>
            <include>SettingsOptionRadioButton</include>
            <visible>Skin.HasSetting(HomeRadioButton4)</visible>
          </control>

          <control type="button" id="85">
            <description>Thumb Path</description>
            <label>   ...$LOCALIZE[20141] $LOCALIZE[21371] ($LOCALIZE[513])</label>
            <onclick>Skin.SetImage(HomeRadioButton4_thumb,.tbn)</onclick>
            <include>SettingsOptionRadioButton</include>
            <visible>Skin.HasSetting(HomeRadioButton4)</visible>
          </control>

  	  <control type="radiobutton" id="86">
  	    <description>Enable Radio Station 5</description>
  	    <label>$LOCALIZE[31227] [B]5[/B]</label>
            <onclick>Skin.ToggleSetting(HomeRadioButton5)</onclick>
	    <selected>Skin.HasSetting(HomeRadioButton5)</selected>
            <include>SettingsOptionRadioButton</include>
  	  </control>

  	  <control type="button" id="87">
  	    <description>Button label</description>
  	    <label>   ...$LOCALIZE[31228]</label>
            <label2>$INFO[Skin.String(HomeRadioButton5_label)]</label2>
  	    <onclick>Skin.SetString(HomeRadioButton5_label)</onclick>
            <include>SettingsOptionRadioButton</include>
            <visible>Skin.HasSetting(HomeRadioButton5)</visible>
  	  </control>

          <control type="button" id="88">
            <description>Stream Path</description>
            <label>   ...$LOCALIZE[33002] $LOCALIZE[15311]</label>
            <label2>$INFO[Skin.String(HomeRadioButton5_path)]</label2>
            <onclick>Skin.SetFile(HomeRadioButton5_path,.strm)</onclick>
            <include>SettingsOptionRadioButton</include>
            <visible>Skin.HasSetting(HomeRadioButton5)</visible>
          </control>

          <control type="button" id="89">
            <description>Thumb Path</description>
            <label>   ...$LOCALIZE[20141] $LOCALIZE[21371] ($LOCALIZE[513])</label>
            <onclick>Skin.SetImage(HomeRadioButton5_thumb,.tbn)</onclick>
            <include>SettingsOptionRadioButton</include>
            <visible>Skin.HasSetting(HomeRadioButton5)</visible>
          </control>

  	  <control type="radiobutton" id="90">
  	    <description>Enable Radio Station 6</description>
  	    <label>$LOCALIZE[31227] [B]6[/B]</label>
            <onclick>Skin.ToggleSetting(HomeRadioButton6)</onclick>
	    <selected>Skin.HasSetting(HomeRadioButton6)</selected>
            <include>SettingsOptionRadioButton</include>
  	  </control> 

  	  <control type="button" id="91">
  	    <description>Button label</description>
  	    <label>   ...$LOCALIZE[31228]</label>
            <label2>$INFO[Skin.String(HomeRadioButton6_label)]</label2>
  	    <onclick>Skin.SetString(HomeRadioButton6_label)</onclick>
            <include>SettingsOptionRadioButton</include>
            <visible>Skin.HasSetting(HomeRadioButton6)</visible>
  	  </control>

          <control type="button" id="92">
            <description>Stream Path</description>
            <label>   ...$LOCALIZE[33002] $LOCALIZE[15311]</label>
            <label2>$INFO[Skin.String(HomeRadioButton6_path)]</label2>
            <onclick>Skin.SetFile(HomeRadioButton6_path,.strm)</onclick>
            <include>SettingsOptionRadioButton</include>
            <visible>Skin.HasSetting(HomeRadioButton6)</visible>
          </control>

          <control type="button" id="93">
            <description>Thumb Path</description>
            <label>   ...$LOCALIZE[20141] $LOCALIZE[21371] ($LOCALIZE[513])</label>
            <onclick>Skin.SetImage(HomeRadioButton6_thumb,.tbn)</onclick>
            <include>SettingsOptionRadioButton</include>
            <visible>Skin.HasSetting(HomeRadioButton6)</visible>
          </control>

        </control>

        <control type="scrollbar" id="61">
          <posx>610</posx>
          <posy>10</posy>
          <height>240</height>
          <onup>61</onup>
          <ondown>61</ondown>
        </control>
      </control>

    </control>

    <include>MusicNowPlaying</include>
    <include>VideoOverlayUI</include>

    <control type="group">	
      <description>Category Icon</description>		
      <posx>470</posx>
      <posy>440</posy>		
      <visible>!Skin.HasSetting(HideIcons)</visible>
      <animation effect="fade" start="0" end="100" time="250">WindowOpen</animation>
      <animation effect="fade" end="0" time="250">WindowClose</animation>
      <include>HideWhenLowerDialogActive</include>

      <control type="image">
	<description>System Icon</description>
        <posx>-456</posx>
	<include>HomeMenuIconDim</include>
	<texture>defaultsystem.png</texture>
      </control>

      <control type="image">
	<description>skin Icon</description>
        <posx>-236</posx>
	<include>HomeMenuIconDim</include>
	<texture>MiniMeedia_menu_icon.png</texture>
      </control>

      <control type="image">
	<description>General Icon</description>
	<include>HomeMenuIconDim</include>
	<texture>MiniMeedia_menu_icon.png</texture>
	<visible>Container(300).HasFocus(1)</visible>
	<animation type="Visible">
	  <effect type="fade" end="100" time="250"/>
          <effect type="zoom" time="200" start="40,40,80,80" end="0,0,160,160"/>
	</animation>
      </control>

      <control type="image">
	<description>Home Icon</description>
	<include>HomeMenuIconDim</include>
	<texture>home.png</texture>
	<visible>Container(300).HasFocus(2)</visible>
	<animation type="Visible">
	  <effect type="fade" end="100" time="250"/>
          <effect type="zoom" time="200" start="40,40,80,80" end="0,0,160,160"/>
	</animation>
      </control>

      <control type="image">
	<description>Videos Icon</description>
	<include>HomeMenuIconDim</include>
	<texture>defaultvideo.png</texture>
	<visible>Container(300).HasFocus(3)</visible>
	<animation type="Visible">
	  <effect type="fade" end="100" time="250"/>
          <effect type="zoom" time="200" start="40,40,80,80" end="0,0,160,160"/>
	</animation>
      </control>

      <control type="image">
	<description>TV Shows Icon</description>
	<include>HomeMenuIconDim</include>
	<texture>tv-shows.png</texture>
	<visible>Container(300).HasFocus(4)</visible>
	<animation type="Visible">
	  <effect type="fade" end="100" time="250"/>
          <effect type="zoom" time="200" start="40,40,80,80" end="0,0,160,160"/>
	</animation>
      </control>

      <control type="image">
	<description>Movies Icon</description>
        <posx>10</posx>
        <posy>0</posy>
        <width>140</width>
        <height>140</height>
	<texture>DirectorsChair.png</texture>
	<visible>Container(300).HasFocus(5)</visible>
	<animation type="Visible">
	  <effect type="fade" end="100" time="250"/>
          <effect type="zoom" time="200" start="35,35,70,70" end="0,0,140,140"/>
	</animation>
      </control>

      <control type="image">
	<description>Music Icon</description>
	<include>HomeMenuIconDim</include>
	<texture>defaultaudio.png</texture>
	<visible>Container(300).HasFocus(6)</visible>
	<animation type="Visible">
	  <effect type="fade" end="100" time="250"/>
          <effect type="zoom" time="200" start="40,40,80,80" end="0,0,160,160"/>
	</animation>
      </control>

      <control type="image">
	<description>Pictures Icon</description>
	<include>HomeMenuIconDim</include>
	<texture>defaultpicture.png</texture>
	<visible>Container(300).HasFocus(7)</visible>
	<animation type="Visible">
	  <effect type="fade" end="100" time="250"/>
          <effect type="zoom" time="200" start="40,40,80,80" end="0,0,160,160"/>
	</animation>
      </control>

      <control type="image">
	<description>Backgrounds Icon</description>
	<include>HomeMenuIconDim</include>
	<texture>backgrounds.png</texture>
	<visible>Container(300).HasFocus(8)</visible>
	<animation type="Visible">
	  <effect type="fade" end="100" time="250"/>
          <effect type="zoom" time="200" start="40,40,80,80" end="0,0,160,160"/>
	</animation>
      </control>

      <control type="image">
	<description>Weather Icon</description>
	<include>HomeMenuIconDim</include>
	<texture>weather.png</texture>
	<visible>Container(300).HasFocus(9)</visible>
	<animation type="Visible">
	  <effect type="fade" end="100" time="250"/>
          <effect type="zoom" time="200" start="40,40,80,80" end="0,0,160,160"/>
	</animation>
      </control>

      <control type="image">
	<description>Programs Icon</description>
	<include>HomeMenuIconDim</include>
	<texture>defaultprogram.png</texture>
	<visible>Container(300).HasFocus(10)</visible>
	<animation type="Visible">
	  <effect type="fade" end="100" time="250"/>
          <effect type="zoom" time="200" start="40,40,80,80" end="0,0,160,160"/>
	</animation> 
      </control>

      <control type="image">
	<description>Programs Icon</description>
	<include>HomeMenuIconDim</include>
	<texture>defaultRadio.png</texture>
	<visible>Container(300).HasFocus(11)</visible>
	<animation type="Visible">
	  <effect type="fade" end="100" time="250"/>
          <effect type="zoom" time="200" start="40,40,80,80" end="0,0,160,160"/>
	</animation> 
      </control>
					
    </control>

  </controls>
</window>
