<includes>
  <default type="label">
    <description>Default Label</description>
    <font>DefaultFont</font>
    <textcolor>Focused</textcolor>
    <shadowcolor>Disabled</shadowcolor>
    <selectedcolor>Selected</selectedcolor>
  </default>

  <default type="fadelabel">
    <description>Default Fade Label</description>
    <font>DefaultFont</font>
    <textcolor>Focused</textcolor>
    <selectedcolor>Selected</selectedcolor>
    <scrollout>false</scrollout>
    <pauseatend>10000</pauseatend>
  </default>

  <default type="button">
    <description>Default Button</description>
    <width>140</width>
    <height>32</height>
    <font>MediumSmallTitle2Font</font>
    <textcolor>UnfocusedBtn</textcolor>
    <focusedcolor>Focused</focusedcolor>
    <disabledcolor>Disabled</disabledcolor>
    <align>center</align>
    <aligny>center</aligny>
    <textoffsety>0</textoffsety>
    <texturefocus border="3">black_rounded_underline.png</texturefocus>
    <texturenofocus border="3">black_rounded_transparent.png</texturenofocus>
  </default>

  <default type="togglebutton">
    <description>Default Togglebutton</description>
    <width>16</width>
    <height>16</height>
    <font>DefaultFont</font>
    <textcolor>UnfocusedBtn</textcolor>
    <focusedcolor>Focused</focusedcolor>
    <disabledcolor>Disabled</disabledcolor>
    <align>center</align>
    <texturefocus>ArrowUpFO.png</texturefocus>
    <texturenofocus>ArrowUpNF.png</texturenofocus>
    <alttexturefocus>ArrowDownFO.png</alttexturefocus>
    <alttexturenofocus>ArrowDownNF.png</alttexturenofocus>
  </default>

  <default type="radiobutton">
    <description>Default Radiobutton</description>
    <width>120</width>
    <height>30</height>
    <font>DefaultFont</font>
    <align>left</align>
    <aligny>top</aligny>
    <textcolor>UnfocusedBtn</textcolor>
    <focusedcolor>Focused</focusedcolor>
    <disabledcolor>Disabled</disabledcolor>
    <textoffsetx>4</textoffsetx>
    <textoffsety>1</textoffsety>
    <texturefocus border="3">black_rounded.png</texturefocus>
    <texturenofocus>-</texturenofocus>
    <textureradiofocus>LEDOn.png</textureradiofocus>
    <textureradionofocus>LEDOff.png</textureradionofocus>
    <radiowidth>27</radiowidth>
    <radioheight>27</radioheight>
  </default>

	<default type="selectbutton">
    <description>Default Select button</description>
		<posx>390</posx>
		<posy>80</posy>
		<width>500</width>
		<height>32</height>
		<label>-</label>
		<font>TitleFont</font>
    <texturefocus>-</texturefocus>
    <texturenofocus>-</texturenofocus>
		<texturebg border="3">black_rounded_transparent.png</texturebg>
		<textureleft flipx="true">arrow_right.png</textureleft>
		<textureleftfocus flipx="true">arrow_right.png</textureleftfocus>
		<textureright>arrow_right.png</textureright>
		<texturerightfocus>arrow_right.png</texturerightfocus>
    <textcolor>Focused</textcolor>
    <focusedcolor>Focused</focusedcolor>
    <disabledcolor>Disabled</disabledcolor>
		<aligny>center</aligny>
	</default>

  <default type="image">
    <align>center</align>
    <aligny>center</aligny>
  </default>

  <default type="multiimage">
    <timeperimage>10000</timeperimage>
    <fadetime>800</fadetime>
    <randomize>true</randomize>
  </default>

  <default type="textbox">
    <description>Default Text Box</description>
    <width>220</width>
    <height>190</height>
    <align>justify</align>
    <aligny>top</aligny>
    <font>DefaultFont</font>
    <textcolor>Focused</textcolor>
    <textureup>-</textureup>
    <textureupfocus>-</textureupfocus>
    <texturedown>-</texturedown>
    <texturedownfocus>-</texturedownfocus>
    <autoscroll delay="10000" time="3000" repeat="10000">true</autoscroll>
  </default>

  <default type="spincontrol">
    <description>Default Spin Control</description>
    <align>center</align>
    <width>16</width>
    <height>16</height>
    <align>center</align>
    <font>DefaultFont</font>
    <textcolor>UnfocusedBtn</textcolor>
    <focusedcolor>Focused</focusedcolor>
    <disabledcolor>Disabled</disabledcolor>
    <textoffsetx>70</textoffsetx>
    <texturefocus>-</texturefocus>
    <texturenofocus>-</texturenofocus>
    <textureup>ArrowUpNF.png</textureup>
    <textureupfocus>ArrowUpFO.png</textureupfocus>
    <texturedown>ArrowDownNF.png</texturedown>
    <texturedownfocus>ArrowDownFO.png</texturedownfocus>
    <reverse>yes</reverse>
  </default>

  <default type="spincontrolex">
    <width>200</width>
    <height>17</height>
    <font>DefaultFont</font>
    <textcolor>UnfocusedBtn</textcolor>
    <focusedcolor>Focused</focusedcolor>
    <disabledcolor>Disabled</disabledcolor>
    <align>center</align>
    <aligny>center</aligny>
    <texturenofocus>-</texturenofocus>
    <texturefocus>-</texturefocus>
    <textureup>ArrowUpNF.png</textureup>
    <textureupfocus>ArrowUpFO.png</textureupfocus>
    <texturedown>ArrowDownNF.png</texturedown>
    <texturedownfocus>ArrowDownFO.png</texturedownfocus>
    <spinwidth>16</spinwidth>
    <spinheight>16</spinheight>
    <reverse>yes</reverse>
  </default>

  <default type="listcontrol">
    <description>Default List Control</description>
    <texturenofocus>-</texturenofocus>
    <texturefocus>-</texturefocus>
    <font>DefaultFont</font>
    <textcolor>UnfocusedBtn</textcolor>
    <focusedcolor>Focused</focusedcolor>
    <disabledcolor>Disabled</disabledcolor>
  </default>

  <default type="progress">
    <description>Default Progress Bar</description>
    <visible>true</visible>
    <width>474</width>
    <height>24</height>
    <texturebg border="14,0,14,0">OSDProgressBack.png</texturebg>
    <midtexture border="14,0,14,0">OSDProgressMid.png</midtexture>
    <overlaytexture>-</overlaytexture>
  </default>

  <default type="rss">
    <description>RSS Feed</description>
    <width>940</width>
    <height>26</height>
    <aligny>center</aligny>
    <font>MediumSmallTitle2Font</font>
    <urlset>1</urlset>
    <headlinecolor>Focused</headlinecolor>
    <titlecolor>Highlighted</titlecolor>
    <textcolor>Selected</textcolor>
    <shadowcolor>Disabled</shadowcolor>
  </default>

  <default type="slider">
    <description>Seek Slider</description>
    <visible>true</visible>
    <width>474</width>
    <height>24</height>
    <texturesliderbar>SliderBackground.png</texturesliderbar>
    <textureslidernib>ScrollBarNibFO.png</textureslidernib>
    <textureslidernibfocus>ScrollBarNibFO.png</textureslidernibfocus>
  </default>

  <default type="sliderex">
    <description>Default Slider</description>
    <posx>530</posx>
    <posy>150</posy>
    <height>24</height>
    <width>300</width>
    <texturenofocus>-</texturenofocus>
    <sliderwidth>100</sliderwidth>
    <sliderheight>24</sliderheight>
    <texturesliderbar>SliderBackground.png</texturesliderbar>
    <textureslidernib>ScrollBarNibNF.png</textureslidernib>
    <textureslidernibfocus>ScrollBarNibFO.png</textureslidernibfocus>
    <font>DefaultFont</font>
    <textcolor>UnfocusedBtn</textcolor>
    <focusedcolor>Focused</focusedcolor>
    <disabledcolor>Disabled</disabledcolor>
    <textoffsetx>12</textoffsetx>
  </default>

  <default type="scrollbar">
    <description>Scroll Bar</description>
    <posx>0</posx>
    <posy>0</posy>

    <texturesliderbackground border="10,12,8,14">OSDProgressBackV.png</texturesliderbackground>
    <texturesliderbar border="10,12,8,14">ScrollBarV.png</texturesliderbar>
    <texturesliderbarfocus border="10,12,8,14">ScrollBarV.png</texturesliderbarfocus>
    <textureslidernib>ScrollBarNibVNF.png</textureslidernib>
    <textureslidernibfocus>ScrollBarNibVFO.png</textureslidernibfocus>
    <pulseonselect>true</pulseonselect>
    <showonepage>true</showonepage>
    <visible allowhiddenfocus="true">true</visible>
  </default>

</includes>
