<includes>

  <include name="Wheel">
    <control type="group">
      <include>WheelViewVisible</include>

      <control type="group">
        <posx>0</posx>
        <posy>0</posy>

        <control type="wraplist" id="59">
          <viewtype label="Wheel Info">list</viewtype>
          <posy>120</posy>
          <width>620</width>
          <height>240</height>
          <scrolltime>300</scrolltime>
          <onup>59</onup>
          <ondown>59</ondown>
          <onright>9009</onright>
          <onleft>Skin.ToggleSetting(HideMusicNowPlayingInfo)</onleft>
          <itemlayout width="120" height="120">
          </itemlayout>
          <focusedlayout width="120" height="120">
          </focusedlayout>
        </control>

        <control type="group">
          <posy>120</posy>
          <animation effect="slide" time="0" start="0,0" end="0,-20" condition="Container.Content(albums) | Container.Content(songs)">Conditional</animation>
          <animation effect="slide" time="300" tween="circle" easing="out" start="-350,0" end="0,0">WindowOpen</animation>
          <animation effect="slide" time="300" tween="circle" easing="out" start="-350,0" end="0,0">Visible</animation>
          <animation effect="slide" time="200" tween="circle" easing="in" start="0,0" end="-350,0">WindowClose</animation>
          <animation effect="slide" time="200" tween="circle" easing="in" start="0,0" end="-350,0">Hidden</animation>

          <control type="group">
            <description>Moving to Previous</description>

            <control type="image" id="9500">
              <posx>-40</posx>
              <posy>-240</posy>
              <width>90</width>
              <height>240</height>
              <info>ListItem(-2).Icon</info>
              <texture diffuse="GreyDark.png"/>
              <include>ListViewThumb</include>
              <animation effect="zoom" time="300" start="0,0,90,240" end="51,157,119,317">Hidden</animation>
              <visible>Container.OnPrevious</visible>
            </control>

            <control type="image">
              <posx>0</posx>
              <posy>-120</posy>
              <width>119</width>
              <height>240</height>
              <info>ListItem(-1).Icon</info>
              <texture diffuse="Grey.png"/>
              <include>ListViewThumb</include>
              <animation effect="zoom" time="300" start="0,0,119,240" end="40,120,145,292">Hidden</animation>
              <visible>Container.OnPrevious</visible>
            </control>

            <control type="image">
              <posx>40</posx>
              <posy>240</posy>
              <width>145</width>
              <height>240</height>
              <info>ListItem(2).Icon</info>
              <texture diffuse="GreyDark.png"/>
              <include>ListViewThumb</include>
              <animation effect="zoom" time="300" start="0,0,145,240" end="-32,187,119,197">Hidden</animation>
              <visible>Container.OnPrevious</visible>
            </control>

            <control type="image">
              <posx>80</posx>
              <posy>120</posy>
              <width>170</width>
              <height>240</height>
              <colordiffuse></colordiffuse>
              <info>ListItem(1).Icon</info>
              <texture diffuse="Grey.png"/>
              <include>ListViewThumb</include>
              <animation effect="zoom" time="300" start="0,0,170,240" end="-28,156,145,205">Hidden</animation>
              <visible>Container.OnPrevious</visible>
            </control>

            <control type="image">
              <posx>40</posx>
              <posy>0</posy>
              <width>145</width>
              <height>240</height>
              <include>ListViewThumb</include>
              <animation effect="zoom" time="300" start="0,0,145,240" end="32,101,170,281">Hidden</animation>
              <visible>Container.OnPrevious</visible>
            </control>

          </control>

          <control type="group">
            <description>Moving to Next</description>

            <control type="image" id="9500">
              <posx>40</posx>
              <posy>0</posy>
              <width>145</width>
              <height>240</height>
              <info>ListItem(-2).Icon</info>
              <texture diffuse="GreyDark.png"/>
              <include>ListViewThumb</include>
              <animation effect="zoom" time="300" start="0,0,145,240" end="-34,-100,119,197">Hidden</animation>
              <visible>Container.OnNext</visible>
            </control>

            <control type="image">
              <posx>80</posx>
              <posy>120</posy>
              <width>170</width>
              <height>240</height>
              <colordiffuse></colordiffuse>
              <info>ListItem(-1).Icon</info>
              <texture diffuse="Grey.png"/>
              <include>ListViewThumb</include>
              <animation effect="zoom" time="300" start="0,0,170,240" end="-27,-84,145,205">Hidden</animation>
              <visible>Container.OnNext</visible>
            </control>

            <control type="image">
              <posx>-40</posx>
              <posy>480</posy>
              <width>90</width>
              <height>240</height>
              <info>ListItem(2).Icon</info>
              <texture diffuse="GreyDark.png"/>
              <include>ListViewThumb</include>
              <animation effect="zoom" time="300" start="0,0,90,240" end="50,-315,119,317">Hidden</animation>
              <visible>Container.OnNext</visible>
            </control>

            <control type="image">
              <posx>0</posx>
              <posy>360</posy>
              <width>119</width>
              <height>240</height>
              <info>ListItem(1).Icon</info>
              <texture diffuse="Grey.png"/>
              <include>ListViewThumb</include>
              <animation effect="zoom" time="300" start="0,0,119,240" end="40,-225,145,292">Hidden</animation>
              <visible>Container.OnNext</visible>
            </control>

            <control type="image">
              <posx>40</posx>
              <posy>240</posy>
              <width>145</width>
              <height>240</height>
              <include>ListViewThumb</include>
              <animation effect="zoom" time="300" start="0,0,145,240" end="35,-185,170,281">Hidden</animation>
              <visible>Container.OnNext</visible>
            </control>

          </control>

          <control type="group">
            <visible>![Container.OnNext | Container.OnPrevious | Control.IsVisible(9500)]</visible>

            <control type="image">
              <posx>0</posx>
              <posy>-120</posy>
              <width>119</width>
              <height>240</height>
              <info>ListItem(-2).Icon</info>
              <texture diffuse="GreyDark.png"/>
              <include>ListViewThumb</include>
            </control>

            <control type="image">
              <posx>40</posx>
              <posy>0</posy>
              <width>145</width>
              <height>240</height>
              <info>ListItem(-1).Icon</info>
              <texture diffuse="Grey.png"/>
              <include>ListViewThumb</include>
            </control>

            <control type="image">
              <posx>0</posx>
              <posy>360</posy>
              <width>119</width>
              <height>240</height>
              <info>ListItem(2).Icon</info>
              <texture diffuse="GreyDark.png"/>
              <include>ListViewThumb</include>
            </control>

            <control type="image">
              <posx>40</posx>
              <posy>240</posy>
              <width>145</width>
              <height>240</height>
              <info>ListItem(1).Icon</info>
              <texture diffuse="Grey.png"/>
              <include>ListViewThumb</include>
            </control>

            <control type="image">
              <posx>80</posx>
              <posy>120</posy>
              <width>170</width>
              <height>240</height>
              <colordiffuse></colordiffuse>
              <include>ListViewThumb</include>
            </control>

          </control>

        </control>
      </control>
    </control>

    <control type="group">
      <include>WheelViewVisible</include>

      <control type="group">
        <description>mediacount</description>
        <posx>-10</posx>
        <posy>28</posy>
        <animation effect="slide" time="300" tween="circle" easing="out" start="0,-30" end="0,0">WindowOpen</animation>
        <animation effect="slide" time="300" tween="circle" easing="out" start="0,-30" end="0,0">Visible</animation>
        <animation effect="slide" time="200" tween="circle" easing="in" start="0,0" end="0,-30">WindowClose</animation>
        <animation effect="slide" time="200" tween="circle" easing="in" start="0,0" end="0,-30">Hidden</animation>
        <visible>!IsEmpty(ListItem.Label)</visible>
        <include>HideWhenLowerDialogActive</include>
        <include>MediaRightMediaCount</include>
      </control>
      

      <control type="group">
        <description>Title</description>
        <posx>646</posx>
        <posy>654</posy>
        <animation effect="slide" time="300" tween="circle" easing="out" start="0,50" end="0,0">WindowOpen</animation>
        <animation effect="slide" time="300" tween="circle" easing="out" start="0,50" end="0,0">Visible</animation>
        <animation effect="slide" time="200" tween="circle" easing="in" start="0,0" end="0,50">WindowClose</animation>
        <animation effect="slide" time="200" tween="circle" easing="in" start="0,0" end="0,50">Hidden</animation>
        <visible>!IsEmpty(ListItem.Label)</visible>
        <include>HideWhenLowerDialogActive</include>

      <control type="group">
        <posx>410</posx>
        <posy>0</posy>
        <include>MediaLeftContentType</include>
      </control>

        <control type="image">
          <width>MediaLeftOverlayWidth</width>
          <height>76</height>
          <include>OverlayDarkArea</include>
        </control>

        <control type="label">
          <posx>20</posx>
          <posy>4</posy>
          <width>610</width>
          <height>34</height>
          <align>center</align>
          <textcolor>Selected</textcolor>
          <font>MediumTitleFont</font>
          <info>ListItem.Label</info>
        </control>

        <control type="group">
          <description>Video Codec Logo</description>
          <posx>20</posx>
          <posy>-18</posy>
          <include>VideoCodecFlags</include>
          <visible>[Container.Content(movies) | Container.Content(episodes)]</visible>
          <animation effect="zoom" start="100" end="75" time="0" condition="true">Conditional</animation>
        </control>

        <control type="group">
          <description>Video Resolution Logo</description>
          <posx>80</posx>
          <posy>-46</posy>
          <include>VideoResFlags</include>
          <visible>[Container.Content(movies) | Container.Content(episodes)]</visible>
          <animation effect="zoom" start="100" end="75" time="0" condition="true">Conditional</animation>
        </control>

        <control type="group">
          <description>Video Aspect Logo</description>
          <posx>80</posx>
          <posy>-46</posy>
          <include>VideoAspectFlags</include>
          <visible>[Container.Content(movies) | Container.Content(episodes)]</visible>
          <animation effect="zoom" start="100" end="75" time="0" condition="true">Conditional</animation>
        </control>

        <control type="group">
          <description>Video Audio Format Logo</description>
          <posx>140</posx>
          <posy>-18</posy>
          <include>VideoAudioSmallFlags</include>
          <visible>[Container.Content(movies) | Container.Content(episodes)]</visible>
          <animation effect="zoom" start="100" end="75" time="0" condition="true">Conditional</animation>
        </control>

        <control type="image">
          <description>Star Rating</description>
          <posx>280</posx>
          <posy>34</posy>
          <width>64</width>
          <aspectratio>keep</aspectratio>
          <align>right</align>
          <info>ListItem.StarRating</info>
        </control>

        <control type="image">
          <description>Watched Overlay</description>
          <posx>350</posx>
          <posy>44</posy>
          <include>WatchedOverlay</include>
        </control>

        <control type="group">
          <description>Movie MPAA Logo</description>
          <posx>250</posx>
          <posy>-2</posy>
          <include>VideoMPAASmallFlags</include>
          <visible>Container.Content(movies)</visible>
          <animation effect="zoom" start="100" end="56" time="0" condition="true">Conditional</animation>
        </control>

        <control type="group">
          <description>TV Rating Logo</description>
          <posx>215</posx>
          <posy>36</posy>
          <include>VideoTVRatingFlags</include>
          <visible>[Container.Content(tvshows) | Container.Content(seasons) | Container.Content(episodes)]</visible>
          <animation effect="zoom" start="100" end="80" time="0" condition="true">Conditional</animation>
        </control>

       <control type="group">
          <description>Movie Studio Logo</description>
          <posx>360</posx>
          <posy>-18</posy>
          <include>VideoStudioFlags</include>
          <visible>Container.Content(movies)</visible>
          <animation effect="zoom" start="100" end="75" time="0" condition="true">Conditional</animation>
        </control>

        <control type="group">
          <description>TV Network Logo</description>
          <posx>380</posx>
          <posy>36</posy>
          <include>VideoTVNetworkFlags</include>
          <visible>[Container.Content(tvshows) | Container.Content(seasons) | Container.Content(episodes)]</visible>
          <animation effect="zoom" start="100" end="75" time="0" condition="true">Conditional</animation>
        </control>

        <control type="image">
          <description>Trailer Indicator</description>
          <posx>560</posx>
          <posy>32</posy>
          <width>18</width>
          <aspectratio>keep</aspectratio>
          <align>right</align>
          <texture>trailer.png</texture>
          <visible>!IsEmpty(ListItem.Trailer)</visible>
        </control>

        <control type="label"> 
          <info>ListItem.Year</info>
          <textcolor>Highlighted</textcolor>
          <font>MediumSmallTitle2Font</font>
          <posx>586</posx>
          <posy>40</posy>
          <visible>Container.Content(movies)</visible>
        </control>

        <control type="label">
          <label>$INFO[ListItem.Episode] $LOCALIZE[20360]</label>
          <textcolor>Highlighted</textcolor>
          <font>MediumSmallTitle2Font</font>
          <posx>540</posx>
          <posy>40</posy>
          <visible>Container.Content(seasons)</visible>
        </control>

        <control type="label">
          <info>ListItem.Date</info>
          <textcolor>Highlighted</textcolor>
          <font>MediumSmallTitle2Font</font>
          <posx>550</posx>
          <posy>40</posy>
          <visible>Container.Content(episodes)</visible>
        </control>

        <control type="group">
          <posy>30</posy>
          <visible>Window.IsVisible(MyPics.xml)</visible>

          <control type="group">
            <posx>20</posx>
            <control type="label">
              <description>Resolution</description>
              <label>169</label>
              <include>ListViewInfoLeftCaption</include>
            </control>
            <control type="label">
              <info>ListItem.PictureResolution</info>
              <include>ListViewInfoLeftDetails</include>
            </control>
          </control>

          <control type="group">
            <posx>300</posx>
            <control type="label">
              <description>File Size</description>
              <label>21802</label>
              <include>ListViewInfoLeftCaption</include>
            </control>
            <control type="label">
              <info>ListItem.Size</info>
              <include>ListViewInfoLeftDetails</include>
            </control>
          </control>

          <control type="group">
            <posx>156</posx>
            <control type="label">
              <description>Date/Time</description>
              <label>21820</label>
              <include>ListViewInfoCaption</include>
            </control>
            <control type="label">
              <info>ListItem.PictureDateTime</info>
              <include>ListViewInfoDetails</include>
            </control>
          </control>

        </control>

      </control>
    </control>
  </include>

</includes>

