<window id="121">
  <defaultcontrol>2</defaultcontrol>

  <controls>

    <control type="group">
      <posx>50</posx>
      <posy>10</posy>
      <animation effect="slide" time="300" tween="circle" easing="out" start="0,-350" end="0,0">WindowOpen</animation>
      <animation effect="slide" time="300" tween="circle" easing="out" start="0,-350" end="0,0">Visible</animation>
      <animation effect="slide" time="200" tween="circle" easing="in" start="0,0" end="0,-350">WindowClose</animation>
      <animation effect="slide" time="200" tween="circle" easing="in" start="0,0" end="0,-350">Hidden</animation>

      <control type="image">
        <posx>-20</posx>
        <posy>-20</posy>
        <width>1220</width>
        <height>300</height>
        <include>OverlayDarkArea</include>
      </control>

      <control type="label">
        <description>Settings</description>
        <posy>-8</posy>
        <label>$LOCALIZE[5]</label>
        <font>LargeTitleFont</font>
      </control>
      <control type="label">
        <description>Current Vis</description>
        <posx>1180</posx>
        <align>right</align>
        <label>$INFO[Visualisation.Name]</label>
        <font>MediumDefaultFont</font>
        <textcolor>Selected</textcolor>
      </control>

      <control type="label" id="3">
        <description>No presets label</description>
        <posy>120</posy>
        <width>1180</width>
        <label>13389</label>
        <align>center</align>
      </control>

      <control type="group">
        <posy>38</posy>
        <visible>!Control.IsVisible(3)</visible>

        <control type="scrollbar" id="60">
          <posx>1210</posx>
          <height>196</height>
          <onleft>2</onleft>
          <onright>2</onright>
          <showonepage>false</showonepage>
        </control>

        <control type="grouplist" id="5">
          <description>control area</description>
          <posx>-20</posx>
          <width>1180</width>
          <height>198</height>
          <itemgap>5</itemgap>
          <pagecontrol>60</pagecontrol>
          <onleft>-</onleft>
          <onright>60</onright>
          <onup>5</onup>
          <ondown>5</ondown>
        </control>

        <control type="button" id="7">
          <description>Default Button</description>
          <textoffsetx>20</textoffsetx>
          <include>DialogTextControl</include>
        </control>

        <control type="radiobutton" id="8">
          <description>default_radio_button</description>
          <textoffsetx>20</textoffsetx>
          <include>DialogTextControl</include>
        </control>

        <control type="spincontrolex" id="9">
          <description>default_spincontrol</description>
          <textoffsetx>20</textoffsetx>
          <include>DialogTextControl</include>
        </control>
      </control>
    </control>

  </controls>
</window>
