<window id="503">
	<defaultcontrol allways="true">6</defaultcontrol>
	<allowoverlay>no</allowoverlay>

	<controls>
		<include>CommonScreenBackground</include>

		<control type="group">
      <animation effect="slide" time="300" tween="circle" easing="out" start="-550,0" end="0,0">WindowOpen</animation>
      <animation effect="slide" time="200" tween="circle" easing="in" start="0,0" end="-550,0">WindowClose</animation>

			<control type="image">
				<posx>-10</posx>
				<posy>100</posy>
				<width>510</width>
				<height>580</height>
				<include>OverlayArea</include>
			</control>

			<control type="label">
			  <description>System Music Files</description>
				<posx>20</posx>
				<posy>120</posy>
				<width>400</width>
				<height>30</height>
				<font>TitleFont</font>
				<label>31410</label>
			</control>

			<control type="list" id="50">
				<posx>40</posx>
				<posy>160</posy>
				<width>440</width>
				<height>485</height>
				<onleft>30</onleft>
				<onright>9000</onright>
				<onup>50</onup>
				<ondown>50</ondown>
				<viewtype label="31029">list</viewtype>
				<pagecontrol>30</pagecontrol>
				<scrolltime>200</scrolltime>

				<itemlayout height="26" width="440">
					<control type="label">
						<posx>5</posx>
						<posy>0</posy>
						<width>400</width>
						<height>24</height>
						<align>left</align>
						<aligny>center</aligny>
            <font>SmallTitleFont</font>
						<info>ListItem.Label</info>
					</control>

					<control type="label">
						<posx>435</posx>
						<posy>0</posy>
						<width>360</width>
						<height>24</height>
						<align>right</align>
						<aligny>center</aligny>
            <font>SmallTitleFont</font>
						<info>ListItem.Label2</info>
					</control>
				</itemlayout>

				<focusedlayout height="26" width="440">
          <control type="group">
						<visible>!Control.HasFocus(50)</visible>

  					<control type="label">
  						<posx>5</posx>
  						<posy>0</posy>
  						<width>400</width>
  						<height>24</height>
  						<align>left</align>
  						<aligny>center</aligny>
  						<scroll>true</scroll>
              <font>SmallTitleFont</font>
  						<info>ListItem.Label</info>
  					</control>
  
  					<control type="label">
  						<posx>435</posx>
  						<posy>0</posy>
  						<width>360</width>
  						<height>24</height>
  						<align>right</align>
  						<aligny>center</aligny>
  						<scroll>true</scroll>
              <font>SmallTitleFont</font>
  						<info>ListItem.Label2</info>
  					</control>
					</control>

          <control type="group">
						<visible>Control.HasFocus(50)</visible>

  					<control type="image">
  						<posx>0</posx>
  						<posy>0</posy>
  						<width>440</width>
              <height>26</height>
              <include>OverlayArea</include>
              <animation effect="slide" start="0,-26" end="0,0" time="200" reversible="false" tween="quadratic" easing="out" condition="Container.OnNext">Focus</animation>
              <animation effect="slide" start="0,26" end="0,0" time="200" reversible="false"  tween="quadratic" easing="out" condition="Container.OnPrevious">Focus</animation>
  					</control>
  
  					<control type="label">
  						<posx>5</posx>
  						<posy>0</posy>
  						<width>400</width>
  						<height>24</height>
  						<align>left</align>
  						<aligny>center</aligny>
  						<scroll>true</scroll>
              <font>MediumTitleFont</font>
              <textcolor>Highlighted</textcolor>
  						<info>ListItem.Label</info>
  					</control>
  
  					<control type="label">
  						<posx>435</posx>
  						<posy>0</posy>
  						<width>360</width>
  						<height>24</height>
  						<align>right</align>
  						<aligny>center</aligny>
  						<scroll>true</scroll>
              <font>MediumTitleFont</font>
              <textcolor>Highlighted</textcolor>
  						<info>ListItem.Label2</info>
  					</control>
					</control>
				</focusedlayout>
			</control>

			<control type="scrollbar" id="30">
				<posx>15</posx>
				<posy>160</posy>
				<height>480</height>
				<onright>50</onright>
				<showonepage>true</showonepage>
			</control>

			<control type="label">
				<description>Files/Page Counts</description>
				<posx>20</posx>
				<posy>650</posy>
				<width>562</width>
				<font>MediumTitle2Font</font>
				<label>($INFO[Container(50).NumItems]) $LOCALIZE[31025] - $LOCALIZE[31024] ($INFO[Container(50).CurrentPage]/$INFO[Container(50).NumPages])</label>
			</control>
		</control>

		<control type="group">
			<posx>780</posx>
      <animation effect="slide" time="300" tween="circle" easing="out" start="550,0" end="0,0">WindowOpen</animation>
      <animation effect="slide" time="200" tween="circle" easing="in" start="0,0" end="550,0">WindowClose</animation>

			<control type="image">
				<posx>0</posx>
				<posy>100</posy>
				<width>510</width>
				<height>580</height>
				<include>OverlayArea</include>
			</control>

			<control type="label">
			  <description>Playlist Files</description>
				<posx>20</posx>
				<posy>120</posy>
				<width>400</width>
				<height>30</height>
				<font>TitleFont</font>
				<label>31411</label>
			</control>

			<control type="list" id="100">
				<posx>20</posx>
				<posy>160</posy>
				<width>440</width>
				<height>485</height>
				<onleft>9000</onleft>
				<onright>31</onright>
				<onup>100</onup>
				<ondown>100</ondown>
				<viewtype>list</viewtype>
				<pagecontrol>31</pagecontrol>
				<scrolltime>200</scrolltime>

				<itemlayout height="26" width="440">
					<control type="label">
						<posx>5</posx>
						<posy>0</posy>
						<width>400</width>
						<height>24</height>
						<align>left</align>
						<aligny>center</aligny>
            <font>SmallTitleFont</font>
						<info>ListItem.Label</info>
					</control>

					<control type="label">
						<posx>435</posx>
						<posy>0</posy>
						<width>360</width>
						<height>24</height>
						<align>right</align>
						<aligny>center</aligny>
            <font>SmallTitleFont</font>
						<info>ListItem.Label2</info>
					</control>
				</itemlayout>

				<focusedlayout height="26" width="440">
          <control type="group">
						<visible>!Control.HasFocus(100)</visible>

  					<control type="label">
  						<posx>5</posx>
  						<posy>0</posy>
  						<width>400</width>
  						<height>24</height>
  						<align>left</align>
  						<aligny>center</aligny>
  						<scroll>true</scroll>
              <font>SmallTitleFont</font>
  						<info>ListItem.Label</info>
  					</control>
  
  					<control type="label">
  						<posx>435</posx>
  						<posy>0</posy>
  						<width>360</width>
  						<height>24</height>
  						<align>right</align>
  						<aligny>center</aligny>
  						<scroll>true</scroll>
              <font>SmallTitleFont</font>
  						<info>ListItem.Label2</info>
  					</control>
					</control>

          <control type="group">
						<visible>Control.HasFocus(100)</visible>

  					<control type="image">
  						<posx>0</posx>
  						<posy>0</posy>
  						<width>440</width>
              <height>26</height>
              <include>OverlayArea</include>
              <animation effect="slide" start="0,-26" end="0,0" time="200" reversible="false" tween="quadratic" easing="out" condition="Container.OnNext">Focus</animation>
              <animation effect="slide" start="0,26" end="0,0" time="200" reversible="false"  tween="quadratic" easing="out" condition="Container.OnPrevious">Focus</animation>
  					</control>
  
  					<control type="label">
  						<posx>5</posx>
  						<posy>0</posy>
  						<width>400</width>
  						<height>24</height>
  						<align>left</align>
  						<aligny>center</aligny>
  						<scroll>true</scroll>
              <font>MediumTitleFont</font>
              <textcolor>Highlighted</textcolor>
  						<info>ListItem.Label</info>
  					</control>
  
  					<control type="label">
  						<posx>435</posx>
  						<posy>0</posy>
  						<width>360</width>
  						<height>24</height>
  						<align>right</align>
  						<aligny>center</aligny>
  						<scroll>true</scroll>
              <font>MediumTitleFont</font>
              <textcolor>Highlighted</textcolor>
  						<info>ListItem.Label2</info>
  					</control>
					</control>
				</focusedlayout>
			</control>

			<control type="scrollbar" id="31">
				<posx>465</posx>
				<posy>160</posy>
				<height>480</height>
				<onleft>100</onleft>
				<showonepage>true</showonepage>
			</control>

			<control type="label">
				<description>Files/Page Counts</description>
				<posx>20</posx>
				<posy>650</posy>
				<width>562</width>
				<font>MediumTitle2Font</font>
				<label>($INFO[Container(100).NumItems]) $LOCALIZE[31025] - $LOCALIZE[31024] ($INFO[Container(100).CurrentPage]/$INFO[Container(100).NumPages])</label>
			</control>
		</control>

		<control type="group" id="9000">
			<posx>540</posx>
			<posy>560</posy>
      <animation effect="slide" time="300" tween="circle" easing="out" start="0,220" end="0,0">WindowOpen</animation>
      <animation effect="slide" time="200" tween="circle" easing="in" start="0,0" end="0,220">WindowClose</animation>

			<control type="image">
				<posx>0</posx>
				<posy>0</posy>
				<width>200</width>
				<height>170</height>
				<include>OverlayArea</include>
			</control>

      <control type="group">
        <posx>30</posx>
        <posy>20</posy>

  			<control type="button" id="6">
  				<description>Open Button</description>
  				<label>31407</label>
  				<align>center</align>
  				<onleft>50</onleft>
  				<onright>100</onright>
  				<onup>8</onup>
  				<ondown>7</ondown>
  			</control>

  			<control type="button" id="7">
  				<description>Save Button</description>
  				<posy>45</posy>
  				<label>31408</label>
  				<align>center</align>
  				<onleft>50</onleft>
  				<onright>100</onright>
  				<onup>6</onup>
  				<ondown>8</ondown>
  			</control>

  			<control type="button" id="8">
  				<description>Clear button</description>
  				<posy>90</posy>
  				<label>31409</label>
  				<align>center</align>
  				<onleft>50</onleft>
  				<onright>100</onright>
  				<onup>7</onup>
  				<ondown>6</ondown>
  			</control>
			</control>
		</control>

		<control type="group">
      <posx>510</posx>
			<posy>100</posy>
			<visible>Control.HasFocus(50) | Control.HasFocus(30) | Control.HasFocus(100) | Control.HasFocus(31)</visible>
      <animation effect="slide" time="300" tween="circle" easing="out" start="0,-450" end="0,0">WindowOpen</animation>
      <animation effect="slide" time="300" tween="circle" easing="out" start="0,-450" end="0,0">Visible</animation>
      <animation effect="slide" time="200" tween="circle" easing="in" start="0,0" end="0,-450">WindowClose</animation>
      <animation effect="slide" time="200" tween="circle" easing="in" start="0,0" end="0,-450">Hidden</animation>

			<control type="image">
				<width>260</width>
				<height>310</height>
				<include>OverlayArea</include>
			</control>

			<control type="group">
			  <visible>Control.HasFocus(50) | Control.HasFocus(30)</visible>

				<control type="image">
					<posx>2</posx>
					<posy>12</posy>
					<width>256</width>
					<height>216</height>
					<aspectratio alignx="center">keep</aspectratio>
					<texture>$INFO[Container(50).ListItem.Icon]</texture>
          <bordertexture border="14">thumb_shadow.png</bordertexture>
          <bordersize>8</bordersize>
				</control>

        <control type="group">
					<posx>10</posx>
					<posy>230</posy>

          <control type="label">
            <description>artist</description>
            <width>240</width>
            <align>center</align>
            <font>MediumSmallTitleFont</font>
            <label>$INFO[Container(50).ListItem.Artist]</label>
          </control>

          <control type="label">
            <description>album</description>
            <posy>26</posy>
            <width>240</width>
            <align>center</align>
            <font>SmallTitleFont</font>
            <label>$INFO[Container(50).ListItem.Album]</label>
          </control>

          <control type="label">
            <description>track title</description>
            <posy>46</posy>
            <width>240</width>
            <align>center</align>
            <label>$INFO[Container(50).ListItem.Year]</label>
          </control>
        </control>
			</control>

			<control type="group">
			  <visible>Control.HasFocus(100) | Control.HasFocus(31)</visible>

				<control type="image">
					<posx>10</posx>
					<posy>20</posy>
					<width>256</width>
					<height>216</height>
					<aspectratio alignx="center">keep</aspectratio>
					<texture>$INFO[Container(100).ListItem.Icon]</texture>
          <bordertexture border="14">ThumbShadow2.png</bordertexture>
          <bordersize>8</bordersize>
				</control>

        <control type="group">
					<posx>10</posx>
					<posy>230</posy>

          <control type="label">
            <description>artist</description>
            <width>240</width>
            <align>center</align>
            <font>MediumSmallTitleFont</font>
            <label>$INFO[Container(100).ListItem.Artist]</label>
          </control>

          <control type="label">
            <description>album</description>
            <posy>26</posy>
            <width>240</width>
            <align>center</align>
            <font>SmallTitleFont</font>
            <label>$INFO[Container(100).ListItem.Album]</label>
          </control>

          <control type="label">
            <description>track title</description>
            <posy>46</posy>
            <width>240</width>
            <align>center</align>
            <label>$INFO[Container(100).ListItem.Year]</label>
          </control>
        </control>
			</control>
		</control>

    <include>DateAndTime</include>
	</controls>
</window>
