<window id="2901">
  <defaultcontrol>1</defaultcontrol>

  <controls>

    <control type="group">
      <posx>365</posx>
      <posy>10</posy>
      <animation effect="slide" time="300" tween="circle" easing="out" start="0,-120" end="0,0">WindowOpen</animation>
      <animation effect="slide" time="300" tween="circle" easing="out" start="0,-120" end="0,0">Visible</animation>
      <animation effect="slide" time="200" tween="circle" easing="in" start="0,0" end="0,-120">WindowClose</animation>
      <animation effect="slide" time="200" tween="circle" easing="in" start="0,0" end="0,-120">Hidden</animation>
      <visible>!Window.IsVisible(SliderDialog)</visible>

      <control type="image">
        <posx>-45</posx>
        <posy>-20</posy>
        <width>640</width>
        <height>78</height>
        <include>OverlayArea</include>
      </control>

      <control type="image">
        <posx>-45</posx>
        <posy>-20</posy>
        <width>640</width>
        <height>75</height>      
        <texture flipy="true">Gradient.png</texture>
      </control>

      <control type="group">
        <posx>-45</posx>
        <posy>10</posy>

        <control type="label">
          <description>Bookmarks</description>
          <width>300</width>
          <height>50</height>
          <align>center</align>
          <font>TitleFont</font>
          <label>298</label>
          <visible>ControlGroup(10).HasFocus(1)</visible>
        </control>

        <control type="label">
          <description>Audio Settings</description>
          <width>300</width>
          <height>50</height>
          <align>center</align>
          <font>TitleFont</font>
          <label>$LOCALIZE[292] $LOCALIZE[5]</label>
          <visible>ControlGroup(10).HasFocus(2)</visible>
        </control>

        <control type="label">
          <description>Video Settings</description>
          <width>300</width>
          <height>50</height>
          <align>center</align>
          <font>TitleFont</font>
          <label>$LOCALIZE[291] $LOCALIZE[5]</label>
          <visible>ControlGroup(10).HasFocus(3)</visible>
        </control>

        <control type="label">
          <description>DVD Settings</description>
          <width>300</width>
          <height>50</height>
          <align>center</align>
          <font>TitleFont</font>
          <label>446</label>
          <visible>ControlGroup(10).HasFocus(4)</visible>
        </control>

        <control type="label">
          <description>OpenSubtitles Script</description>
          <width>300</width>
          <height>50</height>
          <align>center</align>
          <font>TitleFont</font>
          <label>OpenSubtitles</label>
          <visible>ControlGroup(10).HasFocus(6)</visible>
        </control>

        <control type="label">
          <description>Bierdopje Subtitles</description>
          <width>300</width>
          <height>50</height>
          <align>center</align>
          <font>TitleFont</font>
          <label>Bierdopje Subtitles</label>
          <visible>ControlGroup(10).HasFocus(7)</visible>
        </control>

      </control>

      <control type="grouplist" id="10">
        <posx>330</posx>
        <posy>8</posy>
        <width>560</width>
        <orientation>horizontal</orientation>
        <animation effect="slide" time="0" start="0,0" end="-40,0" condition="Skin.HasSetting(SubScript_button)">Conditional</animation>
        <animation effect="slide" time="0" start="0,0" end="-40,0" condition="Skin.HasSetting(BierdopjeScript_button)">Conditional</animation>
        <itemgap>26</itemgap>
        <ondown>200</ondown>

        <control type="button" id="7">
          <description>Bierdopje button</description>
          <include>VideoOSDButtonDims</include>
          <texturefocus>OSDSubtitlesDopjeOF.png</texturefocus>
          <texturenofocus>OSDSubtitlesDopjeNF.png</texturenofocus>
          <onclick>XBMC.RunScript($INFO[Skin.String(BierdopjeScript_Path)])</onclick>
          <visible>Skin.HasSetting(BierdopjeScript_button)</visible>
        </control>

        <control type="button" id="6">
          <description>OpenSubtitles button</description>
          <include>VideoOSDButtonDims</include>
          <texturefocus>OSDSubFO.png</texturefocus>
          <texturenofocus>OSDSubNF.png</texturenofocus>
          <onclick>XBMC.RunScript($INFO[Skin.String(SubScript_Path)])</onclick>
          <visible>Skin.HasSetting(SubScript_button)</visible>
        </control>

        <control type="button" id="1">
          <description>BookMarks button</description>
          <include>VideoOSDButtonDims</include>
          <texturefocus>OSDBookmarksFO.png</texturefocus>
          <texturenofocus>OSDBookmarksNF.png</texturenofocus>
          <onclick>XBMC.ActivateWindow(125)</onclick>
        </control>

        <control type="button" id="2">
          <description>Audio Settings button</description>
          <include>VideoOSDButtonDims</include>
          <texturefocus>OSDAudioFO.png</texturefocus>
          <texturenofocus>OSDAudioNF.png</texturenofocus>
          <onclick>XBMC.ActivateWindow(124)</onclick>
        </control>

        <control type="button" id="3">
          <description>Video Settings button</description>
          <include>VideoOSDButtonDims</include>
          <texturefocus>OSDVideoFO.png</texturefocus>
          <texturenofocus>OSDVideoNF.png</texturenofocus>
          <onclick>XBMC.ActivateWindow(123)</onclick>
        </control>

        <control type="button" id="4">
          <description>dvd button</description>
          <include>VideoOSDButtonDims</include>
          <texturefocus>OSDDvdFO.png</texturefocus>
          <texturenofocus>OSDDvdNF.png</texturenofocus>
          <onclick>XBMC.PlayerControl(ShowVideoMenu)</onclick>
          <visible>VideoPlayer.HasMenu</visible>
        </control>

        <control type="image" id="5">
          <description>dvd button Fake</description>
          <include>VideoOSDButtonDims</include>
          <texture>OSDDvdNF.png</texture>
          <colordiffuse>44FFFFFF</colordiffuse>
          <visible>!VideoPlayer.HasMenu</visible>
        </control>
      </control>
    </control>

		<control type="group" id="200">
		  <description>Player Controls</description>
      <posx>78</posx>
      <posy>622</posy>
      <animation effect="slide" time="0" start="0,0" end="382,-31" condition="Skin.HasSetting(UseMinimalVideoOSD)">Conditional</animation>
      <animation effect="slide" time="300" tween="circle" easing="out" start="0,200" end="0,0">WindowOpen</animation>
      <animation effect="slide" time="300" tween="circle" easing="out" start="0,200" end="0,0">Visible</animation>
      <animation effect="slide" time="200" tween="circle" easing="in" start="0,0" end="0,200">WindowClose</animation>
      <animation effect="slide" time="200" tween="circle" easing="in" start="0,0" end="0,200">Hidden</animation>
      <visible>!Window.IsVisible(SliderDialog)</visible>

			<control type="button" id="215">
				<description>Prev Video button</description>
				<onleft>220</onleft>
				<onright>216</onright>
				<texturefocus flipx="true">OSDNext.png</texturefocus>
				<texturenofocus flipx="true">OSDNextNF.png</texturenofocus>
				<onclick>XBMC.PlayerControl(Previous)</onclick>
				<include>VideoOSDControlButton</include>
			</control>

			<control type="group">
				<posx>VideoOSDButtonAreaWidth</posx>

				<control type="button" id="216">
					<description>Rewind button</description>
					<onleft>215</onleft>
					<onright>217</onright>
					<texturefocus flipx="true">OSDForward.png</texturefocus>
					<texturenofocus flipx="true">OSDForwardNF.png</texturenofocus>
					<onclick>XBMC.PlayerControl(Rewind)</onclick>
					<include>VideoOSDControlButton</include>
				</control>

				<control type="group">
					<posx>VideoOSDButtonAreaWidth</posx>

					<control type="button" id="217">
						<description>Stop button</description>
						<onleft>216</onleft>
						<onright>218</onright>
						<texturefocus>OSDStop.png</texturefocus>
						<texturenofocus>OSDStopNF.png</texturenofocus>
						<onclick>XBMC.PlayerControl(Stop)</onclick>
						<include>VideoOSDControlButton</include>
					</control>

					<control type="group">
						<posx>VideoOSDButtonAreaWidth</posx>

						<control type="button" id="218">
							<description>Play button</description>
							<onleft>217</onleft>
							<onright>219</onright>
							<texturefocus>OSDPlay.png</texturefocus>
							<texturenofocus>OSDPlayNF.png</texturenofocus>
							<onclick>XBMC.PlayerControl(Play)</onclick>
							<visible>Player.Paused</visible>
							<include>VideoOSDControlButton</include>
						</control>

						<control type="button" id="218">
							<description>Pause button</description>
							<onleft>217</onleft>
							<onright>219</onright>
							<texturefocus>OSDPause.png</texturefocus>
							<texturenofocus>OSDPauseNF.png</texturenofocus>
							<onclick>XBMC.PlayerControl(Play)</onclick>
							<visible>!Player.Paused</visible>
							<include>VideoOSDControlButton</include>
						</control>

						<control type="group">
							<posx>VideoOSDButtonAreaWidth</posx>

							<control type="button" id="219">
								<description>Fast Forward button</description>
								<onleft>218</onleft>
								<onright>220</onright>
								<texturefocus>OSDForward.png</texturefocus>
								<texturenofocus>OSDForwardNF.png</texturenofocus>
								<onclick>XBMC.PlayerControl(Forward)</onclick>
								<include>VideoOSDControlButton</include>
							</control>

							<control type="group">
								<posx>VideoOSDButtonAreaWidth</posx>

								<control type="button" id="220">
									<description>Next Video button</description>
									<onleft>219</onleft>
									<onright>215</onright>
									<texturefocus>OSDNext.png</texturefocus>
									<texturenofocus>OSDNextNF.png</texturenofocus>
									<onclick>XBMC.PlayerControl(Next)</onclick>
									<include>VideoOSDControlButton</include>
								</control>
							</control>
						</control>
					</control>
				</control>
			</control>
		</control>

  </controls>
</window>
