<window id="2006">
	<defaultcontrol>-</defaultcontrol>
	<allowoverlay>no</allowoverlay>
	<controls>
		<control type="visualisation" id="2">
			<description>visualisation</description>
			<posx>0</posx>
			<posy>0</posy>
			<width>1280</width>
			<height>720</height>
		</control>
		<control type="group" id="0">
			<visible>Player.ShowCodec + !Window.IsVisible(script-XBMC_Lyrics-main.xml)</visible>
			<include>VisibleFadeEffect</include>
			<control type="image">
				<description>media info background image</description>
				<posx>0</posx>
				<posy>0</posy>
				<width>1280</width>
				<height>170</height>
				<colordiffuse>CCFFFFFF</colordiffuse>
				<texture border="40">DialogBack.png</texture>
			</control>
			<control type="image" id="0">
				<description>media info background image</description>
				<posx>0</posx>
				<posy>0</posy>
				<width>1280</width>
				<height>170</height>
				<texture border="40">DialogFront.png</texture>
			</control>
			<control type="label">
				<description>row 1 label</description>
				<posx>50</posx>
				<posy>40</posy>
				<label>-</label>
				<align>left</align>
				<label>$LOCALIZE[445] | $INFO[musicplayer.Codec,Codec: ,]$INFO[musicplayer.Bitrate, - Bitrate: ,kbps]$INFO[musicplayer.bitspersample, - Bits:,bit]$INFO[musicplayer.Samplerate, - Freq.: ,kHz]$INFO[musicplayer.Channels, - Channels: ]</label>
				<font>font11</font>
			</control>
			<control type="label">
				<description>row 2 label</description>
				<posx>50</posx>
				<posy>70</posy>
				<label>-</label>
				<align>left</align>
				<label>Visual | fps: $INFO[System.FPS] - $LOCALIZE[250] - $INFO[Visualisation.Name] - $LOCALIZE[20166]</label>
				<font>font11</font>
				<visible>Visualisation.Locked</visible>
			</control>
			<control type="label">
				<description>Unlocked row 2 label</description>
				<posx>50</posx>
				<posy>70</posy>
				<label>-</label>
				<align>left</align>
				<label>Visual | fps: $INFO[System.FPS] - $LOCALIZE[250] - $INFO[Visualisation.Name]</label>
				<font>font11</font>
				<visible>!Visualisation.Locked</visible>
			</control>
			<control type="label">
				<description>row 3 label</description>
				<posx>50</posx>
				<posy>100</posy>
				<label>-</label>
				<align>left</align>
				<label>$LOCALIZE[13388] | $INFO[Visualisation.Preset]</label>
				<font>font11</font>
			</control>
		</control>
		<control type="group" id="1">
			<posx>0</posx>
			<posy>370</posy>
			<visible>Player.ShowInfo</visible>
			<include>VisibleFadeEffect</include>
			<control type="image" id="1">
				<description>cover image</description>
				<posx>0</posx>
				<posy>0</posy>
				<width>400</width>
				<height>350</height>
				<info>MusicPlayer.cover</info>
				<aspectratio align="left" aligny="bottom">keep</aspectratio>
				<bordertexture border="40">thumb-back.png</bordertexture>
				<bordersize>37,40,37,40</bordersize>
			</control>
		</control>

		<control type="group" id="1">
			<posx>650r</posx>
			<posy>520</posy>
			<visible>Player.ShowInfo  + !Window.IsVisible(visualisationsettings) + !Window.IsVisible(visualisationpresetlist)</visible>
			<include>VisibleFadeEffect</include>
			<control type="image" id="1">
				<description>media info background image</description>
				<posx>0</posx>
				<posy>0</posy>
				<width>650</width>
				<height>200</height>
				<colordiffuse>CCFFFFFF</colordiffuse>
				<texture border="40">DialogBack.png</texture>
			</control>
			<control type="image" id="1">
				<description>media info background image</description>
				<posx>0</posx>
				<posy>0</posy>
				<width>650</width>
				<height>200</height>
				<texture border="40">DialogFront.png</texture>
			</control>
			<control type="label" id="1">
				<posx>40</posx>
				<posy>45</posy>
				<width>570</width>
				<height>25</height>
				<label>[UPPERCASE]$INFO[MusicPlayer.Title][/UPPERCASE]</label>
				<align>center</align>
				<aligny>center</aligny>
				<font>font18</font>
				<scroll>true</scroll>
			</control>
			<control type="label" id="1">
				<posx>40</posx>
				<posy>77</posy>
				<width>570</width>
				<height>25</height>
				<label>$INFO[MusicPlayer.Artist]</label>
				<align>center</align>
				<aligny>center</aligny>
				<font>font12</font>
			</control>
			<control type="label" id="1">
				<description>Chapter Pos No</description>
				<posx>325</posx>
				<posy>100</posy>
				<textcolor>grey</textcolor>
				<label>$INFO[musicplayer.Playlistposition,$LOCALIZE[554]: ]$INFO[musicplayer.Playlistlength, / ]</label>
				<align>center</align>
				<font>font11</font>
			</control>
			<control type="label" id="1">
				<description>time label</description>
				<width>280</width>
				<posx>45</posx>
				<posy>100</posy>
				<label>$INFO[MusicPlayer.Time]</label>
				<align>left</align>
				<font>font11</font>
				<textcolor>blue</textcolor>
			</control>
			<control type="label" id="1">
				<description>time label</description>
				<width>280</width>
				<posx>605</posx>
				<posy>100</posy>
				<label>$INFO[Player.Duration]</label>
				<align>right</align>
				<font>font11</font>
				<textcolor>blue</textcolor>
			</control>
			<control type="progress" id="1">
				<description>Progressbar</description>
				<posx>45</posx>
				<posy>127</posy>
				<width>560</width>
				<height>10</height>
				<info>Player.Progress</info>
			</control>
			<control type="label" id="1">
				<posx>40</posx>
				<posy>137</posy>
				<width>570</width>
				<height>25</height>
				<label>[B]$LOCALIZE[209] :[/B] $INFO[MusicPlayer.offset(1).Artist,, - ]$INFO[MusicPlayer.offset(1).Title]</label>
				<align>center</align>
				<aligny>center</aligny>
				<font>font11</font>
				<textcolor>grey</textcolor>
				<scroll>true</scroll>
			</control>
		</control>
	</controls>
</window>