<window id="503">
	<defaultcontrol allways="true">6</defaultcontrol>
	<allowoverlay>no</allowoverlay>
	<controls>
		<include>CommonMusicBackground</include>
		<control type="group">
			<include>Window_OpenClose_Animation</include>
			<visible>Control.HasFocus(50) | Control.HasFocus(100)</visible>
			<include>VisibleFadeEffect</include>
			<control type="image">
				<posx>445</posx>
				<posy>40</posy>
				<width>390</width>
				<height>400</height>
				<texture>black-back.png</texture>
			</control>
			<control type="group">
				<visible>Control.HasFocus(50)</visible>
				<control type="image">
					<posx>465</posx>
					<posy>60</posy>
					<width>350</width>
					<height>200</height>
					<aspectratio>keep</aspectratio>
					<texture>$INFO[Container(50).ListItem.Icon]</texture>
				</control>
				<control type="textbox">
					<posx>465</posx>
					<posy>270</posy>
					<width>350</width>
					<height>160</height>
					<font>font11</font>
					<align>center</align>
					<textcolor>white</textcolor>
					<shadowcolor>black</shadowcolor>
					<pagecontrol>9999999999</pagecontrol>
					<label>$INFO[Container(50).ListItem.Title,[COLOR=blue]$LOCALIZE[556]:[/COLOR] ,[CR]]$INFO[Container(50).ListItem.Artist,[COLOR=blue]$LOCALIZE[557]:[/COLOR] ,[CR]]$INFO[Container(50).ListItem.Album,[COLOR=blue]$LOCALIZE[558]:[/COLOR] ,[CR]]$INFO[Container(50).ListItem.Duration,[COLOR=blue]$LOCALIZE[555]:[/COLOR] ,[CR]]$INFO[Container(50).ListItem.TrackNumber,[COLOR=blue]$LOCALIZE[554]:[/COLOR] ,[CR]]$INFO[Container(50).ListItem.Genre,[COLOR=blue]$LOCALIZE[515]:[/COLOR] ,[CR]]</label>
				</control>
			</control>
			<control type="group">
				<visible>Control.HasFocus(100)</visible>
				<control type="image">
					<posx>465</posx>
					<posy>60</posy>
					<width>350</width>
					<height>200</height>
					<aspectratio>keep</aspectratio>
					<texture>$INFO[Container(100).ListItem.Icon]</texture>
				</control>
				<control type="textbox">
					<posx>465</posx>
					<posy>270</posy>
					<width>350</width>
					<height>160</height>
					<font>font11</font>
					<align>center</align>
					<textcolor>white</textcolor>
					<shadowcolor>black</shadowcolor>
					<pagecontrol>9999999999</pagecontrol>
					<label>$INFO[Container(100).ListItem.Title,[COLOR=blue]$LOCALIZE[556]:[/COLOR] ,[CR]]$INFO[Container(100).ListItem.Artist,[COLOR=blue]$LOCALIZE[557]:[/COLOR] ,[CR]]$INFO[Container(100).ListItem.Album,[COLOR=blue]$LOCALIZE[558]:[/COLOR] ,[CR]]$INFO[Container(100).ListItem.Duration,[COLOR=blue]$LOCALIZE[555]:[/COLOR] ,[CR]]$INFO[Container(100).ListItem.TrackNumber,[COLOR=blue]$LOCALIZE[554]:[/COLOR] ,[CR]]$INFO[Container(100).ListItem.Genre,[COLOR=blue]$LOCALIZE[515]:[/COLOR] ,[CR]]</label>
				</control>
			</control>
		</control>
		<control type="group">
			<animation effect="slide" start="-460,0" end="0,0" time="500" tween="quadratic" easing="out">WindowOpen</animation>
			<animation effect="slide" end="-460,0" start="0,0" time="500" tween="quadratic" easing="out">WindowClose</animation>
			<control type="image">
				<posx>-40</posx>
				<posy>-40</posy>
				<width>520</width>
				<height>800</height>
				<colordiffuse>DDFFFFFF</colordiffuse>
				<texture border="40">DialogBack.png</texture>
			</control>
			<control type="image">
				<posx>-40</posx>
				<posy>-40</posy>
				<width>520</width>
				<height>800</height>
				<texture border="40">DialogFront.png</texture>
			</control>
			<control type="label">
				<posx>10</posx>
				<posy>20</posy>
				<width>420</width>
				<height>30</height>
				<font>font18</font>
				<textcolor>white</textcolor>
				<scroll>true</scroll>
				<align>center</align>
				<aligny>center</aligny>
				<label>31058</label>
			</control>
			<control type="image">
				<posx>10</posx>
				<posy>60</posy>
				<width>420</width>
				<height>8</height>
				<texture>StreakBlueFull.png</texture>
			</control>
			<control type="group">
				<posx>20</posx>
				<posy>685</posy>
				<control type="image">
					<posx>0</posx>
					<posy>-5</posy>
					<width>320</width>
					<height>30</height>
					<colordiffuse>AAFFFFFF</colordiffuse>
					<texture>list-focus.png</texture>
					<visible>Control.HasFocus(30)</visible>
					<include>VisibleFadeEffect</include>
				</control>
				<control type="spincontrol" id="30">
					<description>Next page button</description>
					<posx>0</posx>
					<posy>0</posy>
					<subtype>page</subtype>
					<font>-</font>
					<onleft>31</onleft>
					<onright>50</onright>
					<ondown>30</ondown>
					<onup>50</onup>
					<textcolor>white</textcolor>
					<showonepage>true</showonepage>
				</control>
				<control type="label">
					<description>number of files/pages in left list text label</description>
					<posx>50</posx>
					<posy>0</posy>
					<width>562</width>
					<font>font12b</font>
					<align>left</align>
					<scroll>true</scroll>
					<textcolor>white</textcolor>
					<shadowcolor>black</shadowcolor>
					<label>($INFO[Container(50).NumItems]) $LOCALIZE[31025] - $LOCALIZE[31024] ($INFO[Container(50).CurrentPage]/$INFO[Container(50).NumPages])</label>
				</control>
			</control>
			<control type="list" id="50">
				<posx>20</posx>
				<posy>80</posy>
				<width>400</width>
				<height>580</height>
				<onleft>30</onleft>
				<onright>9000</onright>
				<onup>50</onup>
				<ondown>50</ondown>
				<viewtype label="31029">list</viewtype>
				<pagecontrol>60</pagecontrol>
				<scrolltime>200</scrolltime>
				<itemlayout height="25" width="400">
					<control type="label">
						<posx>0</posx>
						<posy>0</posy>
						<width>390</width>
						<height>25</height>
						<font>font12</font>
						<textcolor>grey2</textcolor>
						<selectedcolor>blue</selectedcolor>
						<shadowcolor>black</shadowcolor>
						<align>left</align>
						<aligny>center</aligny>
						<info>ListItem.Label</info>
					</control>
					<control type="label">
						<posx>400</posx>
						<posy>0</posy>
						<width>360</width>
						<height>25</height>
						<font>font12</font>
						<textcolor>grey2</textcolor>
						<selectedcolor>blue</selectedcolor>
						<shadowcolor>black</shadowcolor>
						<align>right</align>
						<aligny>center</aligny>
						<info>ListItem.Label2</info>
					</control>
				</itemlayout>
				<focusedlayout height="30" width="400">
					<control type="image">
						<posx>0</posx>
						<posy>0</posy>
						<width>400</width>
						<height>30</height>
						<colordiffuse>AAFFFFFF</colordiffuse>
						<texture>list-focus.png</texture>
						<visible>Control.HasFocus(50)</visible>
						<include>VisibleFadeEffect</include>
					</control>
					<control type="label">
						<posx>0</posx>
						<posy>0</posy>
						<width>390</width>
						<height>30</height>
						<font>font12</font>
						<textcolor>white</textcolor>
						<selectedcolor>blue</selectedcolor>
						<shadowcolor>black</shadowcolor>
						<align>left</align>
						<aligny>center</aligny>
						<label>[B]$INFO[ListItem.Label][/B]</label>
					</control>
					<control type="label">
						<posx>400</posx>
						<posy>0</posy>
						<width>360</width>
						<height>30</height>
						<font>font12</font>
						<textcolor>white</textcolor>
						<selectedcolor>blue</selectedcolor>
						<shadowcolor>black</shadowcolor>
						<align>right</align>
						<aligny>center</aligny>
						<label>[B]$INFO[ListItem.Label2][/B]</label>
					</control>
				</focusedlayout>
			</control>
		</control>
		<control type="group">
			<animation effect="slide" start="460,0" end="0,0" time="500" tween="quadratic" easing="out">WindowOpen</animation>
			<animation effect="slide" end="460,0" start="0,0" time="500" tween="quadratic" easing="out">WindowClose</animation>
			<posx>800</posx>
			<control type="image">
				<posx>0</posx>
				<posy>-40</posy>
				<width>520</width>
				<height>800</height>
				<colordiffuse>DDFFFFFF</colordiffuse>
				<texture border="40">DialogBack.png</texture>
			</control>
			<control type="image">
				<posx>0</posx>
				<posy>-40</posy>
				<width>520</width>
				<height>800</height>
				<texture border="40">DialogFront.png</texture>
			</control>
			<control type="label">
				<posx>50</posx>
				<posy>20</posy>
				<width>420</width>
				<height>30</height>
				<font>font18</font>
				<textcolor>white</textcolor>
				<scroll>true</scroll>
				<align>center</align>
				<aligny>center</aligny>
				<label>31059</label>
			</control>
			<control type="image">
				<posx>50</posx>
				<posy>60</posy>
				<width>420</width>
				<height>8</height>
				<texture>StreakBlueFull.png</texture>
			</control>
			<control type="group">
				<posx>410</posx>
				<posy>685</posy>
				<control type="image">
					<posx>-230</posx>
					<posy>-5</posy>
					<width>320</width>
					<height>30</height>
					<colordiffuse>AAFFFFFF</colordiffuse>
					<texture>list-focus.png</texture>
					<visible>Control.HasFocus(31)</visible>
					<include>VisibleFadeEffect</include>
				</control>
				<control type="label">
					<description>Page Count Label</description>
					<posx>0</posx>
					<posy>0</posy>
					<width>300</width>
					<height>20</height>
					<font>font12b</font>
					<textcolor>white</textcolor>
					<scroll>false</scroll>
					<align>right</align>
					<aligny>center</aligny>
					<label>($INFO[Container(100).NumItems]) $LOCALIZE[31025] - $LOCALIZE[31024] ($INFO[Container(100).CurrentPage]/$INFO[Container(100).NumPages])</label>
				</control>
				<control type="spincontrol" id="31">
					<description>Next page button</description>
					<posx>10</posx>
					<posy>0</posy>
					<subtype>page</subtype>
					<font>-</font>
					<onleft>100</onleft>
					<onright>30</onright>
					<ondown>31</ondown>
					<onup>100</onup>
					<textcolor>white</textcolor>
					<showonepage>true</showonepage>
				</control>
			</control>
			<control type="list" id="100">
				<posx>60</posx>
				<posy>80</posy>
				<width>400</width>
				<height>580</height>
				<onleft>9000</onleft>
				<onright>31</onright>
				<onup>100</onup>
				<ondown>100</ondown>
				<viewtype label="31029">list</viewtype>
				<pagecontrol>60</pagecontrol>
				<scrolltime>200</scrolltime>
				<itemlayout height="25" width="400">
					<control type="label">
						<posx>0</posx>
						<posy>0</posy>
						<width>390</width>
						<height>25</height>
						<font>font12</font>
						<textcolor>grey2</textcolor>
						<selectedcolor>blue</selectedcolor>
						<shadowcolor>black</shadowcolor>
						<align>left</align>
						<aligny>center</aligny>
						<info>ListItem.Label</info>
					</control>
					<control type="label">
						<posx>400</posx>
						<posy>0</posy>
						<width>360</width>
						<height>25</height>
						<font>font12</font>
						<textcolor>grey2</textcolor>
						<selectedcolor>blue</selectedcolor>
						<shadowcolor>black</shadowcolor>
						<align>right</align>
						<aligny>center</aligny>
						<info>ListItem.Label2</info>
					</control>
				</itemlayout>
				<focusedlayout height="30" width="400">
					<control type="image">
						<posx>0</posx>
						<posy>0</posy>
						<width>400</width>
						<height>30</height>
						<colordiffuse>AAFFFFFF</colordiffuse>
						<texture>list-focus.png</texture>
						<visible>Control.HasFocus(100)</visible>
						<include>VisibleFadeEffect</include>
					</control>
					<control type="label">
						<posx>0</posx>
						<posy>0</posy>
						<width>390</width>
						<height>30</height>
						<font>font12</font>
						<textcolor>white</textcolor>
						<selectedcolor>blue</selectedcolor>
						<shadowcolor>black</shadowcolor>
						<align>left</align>
						<aligny>center</aligny>
						<label>[B]$INFO[ListItem.Label][/B]</label>
					</control>
					<control type="label">
						<posx>400</posx>
						<posy>0</posy>
						<width>360</width>
						<height>30</height>
						<font>font12</font>
						<textcolor>white</textcolor>
						<selectedcolor>blue</selectedcolor>
						<shadowcolor>black</shadowcolor>
						<align>right</align>
						<aligny>center</aligny>
						<label>[B]$INFO[ListItem.Label2][/B]</label>
					</control>
				</focusedlayout>
			</control>
		</control>
		<control type="group" id="9000">
			<posx>465</posx>
			<posy>450</posy>
			<include>Window_OpenClose_Animation</include>
			<control type="image">
				<posx>0</posx>
				<posy>0</posy>
				<width>350</width>
				<height>265</height>
				<texture border="40">MenuBack.png</texture>
			</control>
			<control type="image">
				<posx>0</posx>
				<posy>0</posy>
				<width>350</width>
				<height>265</height>
				<texture border="40">MenuFront.png</texture>
			</control>
			<control type="button" id="6">
				<description>Open Button</description>
				<posx>40</posx>
				<posy>50</posy>
				<label>31055</label>
				<align>center</align>
				<include>ButtonCommonValues</include>
				<onleft>50</onleft>
				<onright>100</onright>
				<onup>8</onup>
				<ondown>7</ondown>
			</control>
			<control type="button" id="7">
				<description>Save Button</description>
				<posx>40</posx>
				<posy>80</posy>
				<label>31056</label>
				<align>center</align>
				<include>ButtonCommonValues</include>
				<onleft>50</onleft>
				<onright>100</onright>
				<onup>6</onup>
				<ondown>8</ondown>
			</control>
			<control type="button" id="8">
				<description>Clear button</description>
				<posx>40</posx>
				<posy>110</posy>
				<label>31057</label>
				<align>center</align>
				<include>ButtonCommonValues</include>
				<onleft>50</onleft>
				<onright>100</onright>
				<onup>7</onup>
				<ondown>6</ondown>
			</control>
			<control type="image">
				<posx>35</posx>
				<posy>165</posy>
				<width>278</width>
				<height>65</height>
				<texture>PM4_Small.png</texture>
			</control>
		</control>
	</controls>
</window>
