<window id="25">
	<defaultcontrol always="true">50</defaultcontrol>
	<allowoverlay>no</allowoverlay>
	<controls>
		<include>CommonVideoBackground</include>
		<control type="group">
			<include>Window_OpenClose_Animation</include>
			<control type="group">
				<include>SlideMenuDownAnimation</include>
				<control type="image">
					<posx>0</posx>
					<posy>100</posy>
					<width>1300</width>
					<height>520</height>
					<texture>black-back.png</texture>
					<visible>![Window.IsVisible(VideoLibrary) + [Control.IsVisible(56) | Control.IsVisible(55)]]</visible>
					<include>VisibleFadeEffect</include>
				</control>
				<include>CommonRootView</include>
				<include>CommonListView</include>
				<include>MoviesListView</include>
				<include>EpisodeListView</include>
				<include>EpisodeThumbView</include>
				<include>ThumbnailView</include>
				<include>MovieDVDView</include>
				<include>MovieBigDVDView</include>
				<include>WideIconView</include>
				<include>CommonFileCount</include>
				<include>CommonNowPlaying</include>
				<control type="label">
					<posx>110</posx>
					<posy>115</posy>
					<width>1060</width>
					<height>30</height>
					<font>font18</font>
					<textcolor>white</textcolor>
					<scroll>true</scroll>
					<align>center</align>
					<aligny>center</aligny>
					<label>[UPPERCASE]$LOCALIZE[20314]$INFO[Container.PluginName, - ][/UPPERCASE]</label>
					<visible>!Control.IsVisible(58)</visible>
					<visible>![Window.IsVisible(VideoLibrary) + [Control.IsVisible(56) | Control.IsVisible(55)]]</visible>
					<include>VisibleFadeEffect</include>
				</control>
				<control type="label">
					<posx>110</posx>
					<posy>115</posy>
					<width>1060</width>
					<height>30</height>
					<font>font18</font>
					<textcolor>white</textcolor>
					<scroll>true</scroll>
					<align>center</align>
					<aligny>center</aligny>
					<label>$INFO[ListItem.label]</label>
					<visible>Control.IsVisible(58)</visible>
					<include>VisibleFadeEffect</include>
				</control>
				<control type="image">
					<posx>285</posx>
					<posy>150</posy>
					<width>705</width>
					<height>8</height>
					<texture>StreakBlueFull.png</texture>
					<visible>![Window.IsVisible(VideoLibrary) + [Control.IsVisible(56) | Control.IsVisible(55)]]</visible>
					<include>VisibleFadeEffect</include>
				</control>
			</control>
			<control type="button" id="9000">
				<description>Mouse Focus</description>
				<posx>540</posx>
				<posy>-2</posy>
				<height>25</height>
				<width>200</width>
				<font>font11</font>
				<align>center</align>
				<aligny>center</aligny>
				<textcolor>grey</textcolor>
				<texturefocus border="20,0,20,0">top-menu-back.png</texturefocus>
				<texturenofocus border="20,0,20,0">top-menu-back.png</texturenofocus>
				<label>31000</label>
				<onfocus>Setfocus(9001)</onfocus>
				<onleft>-</onleft>
				<onright>-</onright>
				<onup>-</onup>
				<ondown>-</ondown>
				<visible allowhiddenfocus="true">system.getbool(lookandfeel.enablemouse)</visible>
				<animation effect="slide" end="0,36" start="0,0" time="200" condition="Control.IsVisible(58)">Conditional</animation>
			</control>
			<control type="group" id="9001">
				<include>VisibleFadeEffect</include>
				<animation effect="slide" end="0,-150" start="0,0" time="0" condition="system.getbool(lookandfeel.enablemouse)">Conditional</animation>
				<visible allowhiddenfocus="!system.getbool(lookandfeel.enablemouse)">Control.HasFocus(9000) | ControlGroup(9001).HasFocus</visible>
				<posx>465</posx>
				<posy>152</posy>
				<control type="button">
					<posx>0</posx>
					<posy>0</posy>
					<width>350</width>
					<height>415</height>
					<texturefocus border="40">MenuBack.png</texturefocus>
					<texturenofocus border="40">MenuBack.png</texturenofocus>
					<onfocus>Setfocus(2)</onfocus>
				</control>
				<control type="image">
					<posx>0</posx>
					<posy>0</posy>
					<width>350</width>
					<height>415</height>
					<texture border="40">MenuFront.png</texture>
				</control>
				<control type="button" id="2">
					<description>View As button</description>
					<posx>40</posx>
					<posy>50</posy>
					<include>ButtonCommonValues</include>
					<label>-</label>
					<onleft>50</onleft>
					<onright>50</onright>
					<onup>11</onup>
					<ondown>3</ondown>
				</control>
				<control type="button" id="3">
					<description>Sort by button</description>
					<posx>40</posx>
					<posy>80</posy>
					<include>ButtonCommonValues</include>
					<label>103</label>
					<onleft>50</onleft>
					<onright>4</onright>
					<onup>2</onup>
					<ondown>99</ondown>
				</control>
				<control type="togglebutton" id="4">
					<description>Sort asc</description>
					<posx>280</posx>
					<posy>85</posy>
					<label>-</label>
					<onleft>3</onleft>
					<onright>50</onright>
					<onup>2</onup>
					<ondown>99</ondown>
				</control>
				<control type="radiobutton" id="99">
					<description>Library button</description>
					<posx>40</posx>
					<posy>110</posy>
					<label>$LOCALIZE[14022] $LOCALIZE[456]</label>
					<onclick>ReplaceWindow(myvideofiles)</onclick>
					<selected>Window.IsVisible(myvideolibrary)</selected>
					<include>ButtonCommonValues</include>
					<onleft>50</onleft>
					<onright>50</onright>
					<onup>3</onup>
					<ondown>14</ondown>
				</control>
				<control type="radiobutton" id="14">
					<description>Watched Toggle</description>
					<posx>40</posx>
					<posy>140</posy>
					<include>ButtonCommonValues</include>
					<label>20367</label>
					<onleft>50</onleft>
					<onright>50</onright>
					<onup>99</onup>
					<ondown>8</ondown>
				</control>
				<control type="button" id="8">
					<description>Search</description>
					<posx>40</posx>
					<posy>170</posy>
					<include>ButtonCommonValues</include>
					<label>137</label>
					<onleft>50</onleft>
					<onright>50</onright>
					<onup>14</onup>
					<ondown>19</ondown>
				</control>
				<control type="radiobutton" id="19">
					<description>Filter</description>
					<posx>40</posx>
					<posy>200</posy>
					<include>ButtonCommonValues</include>
					<label>587</label>
					<onleft>50</onleft>
					<onright>50</onright>
					<onup>8</onup>
					<ondown>16</ondown>
				</control>
				<control type="radiobutton" id="16">
					<description>PartyMode</description>
					<posx>40</posx>
					<posy>230</posy>
					<include>ButtonCommonValues</include>
					<label>589</label>
					<onleft>50</onleft>
					<onright>50</onright>
					<onup>19</onup>
					<ondown>17</ondown>
				</control>
				<control type="radiobutton" id="17">
					<description>Flatten</description>
					<posx>40</posx>
					<posy>260</posy>
					<include>ButtonCommonValues</include>
					<label>20411</label>
					<onleft>50</onleft>
					<onright>50</onright>
					<onup>16</onup>
					<ondown>11</ondown>
				</control>
				<control type="radiobutton" id="11">
					<description>Unlock Shares</description>
					<posx>40</posx>
					<posy>290</posy>
					<include>ButtonCommonValues</include>
					<label>20336</label>
					<onleft>50</onleft>
					<onright>50</onright>
					<onup>17</onup>
					<ondown>2</ondown>
					<pulseonselect>no</pulseonselect>
					<onclick>xbmc.mastermode</onclick>
					<selected>system.ismaster</selected>
					<visible>system.haslocks</visible>
				</control>
				<control type="image">
					<posx>35</posx>
					<posy>315</posy>
					<width>278</width>
					<height>65</height>
					<texture>PM4_Small.png</texture>
					<visible>IsEmpty(Container.TVShowThumb)</visible>
				</control>
				<control type="image">
					<posx>35</posx>
					<posy>325</posy>
					<width>278</width>
					<height>55</height>
					<texture>$INFO[Container.TVShowThumb]</texture>
					<visible>!IsEmpty(Container.TVShowThumb)</visible>
				</control>
			</control>
		</control>
		<include>CommonSideBlades</include>
	</controls>
</window>
