<window id="2600">
	<defaultcontrol always="true">99</defaultcontrol>
	<allowoverlay>no</allowoverlay>
	<controls>
		<include>CommonWeatherBackground</include>
		<control type="group">
			<include>Window_OpenClose_Animation</include>
			<control type="image">
				<description>background image</description>
				<posx>180</posx>
				<posy>60</posy>
				<width>500</width>
				<height>600</height>
				<colordiffuse>CCFFFFFF</colordiffuse>
				<texture border="40">DialogBack.png</texture>
			</control>
			<control type="image">
				<description>background image</description>
				<posx>180</posx>
				<posy>60</posy>
				<width>500</width>
				<height>600</height>
				<texture border="40">DialogFront.png</texture>
			</control>
			<control type="group">
				<posx>180</posx>
				<posy>60</posy>
				<control type="label" id="1">
					<description>weather location label</description>
					<posx>40</posx>
					<posy>40</posy>
					<width>420</width>
					<height>30</height>
					<align>center</align>
					<aligny>center</aligny>
					<font>font18</font>
					<info>Weather.Location</info>
					<textcolor>white</textcolor>
				</control>
				<control type="image">
					<posx>40</posx>
					<posy>75</posy>
					<width>420</width>
					<height>8</height>
					<texture>StreakBlueFull.png</texture>
				</control>
				<control type="label" id="23">
					<description>current temp Value</description>
					<posx>40</posx>
					<posy>90</posy>
					<width>210</width>
					<height>180</height>
					<font>font35b</font>
					<align>center</align>
					<aligny>center</aligny>
					<label>-</label>
					<textcolor>white</textcolor>
					<shadowcolor>black</shadowcolor>
				</control>
				<control type="image" id="21">
					<description>current weather icon</description>
					<posx>250</posx>
					<posy>90</posy>
					<width>210</width>
					<height>180</height>
					<texture>-</texture>
					<aspectratio>keep</aspectratio>
				</control>
				<control type="label" id="22">
					<description>current condition label</description>
					<posx>40</posx>
					<posy>280</posy>
					<width>420</width>
					<height>30</height>
					<label>-</label>
					<font>font13</font>
					<align>center</align>
					<aligny>center</aligny>
					<textcolor>white</textcolor>
					<shadowcolor>black</shadowcolor>
				</control>
				<control type="image">
					<posx>40</posx>
					<posy>325</posy>
					<width>420</width>
					<height>8</height>
					<texture>StreakBlueFull.png</texture>
				</control>
				<control type="label">
					<description>current feels like label</description>
					<posx>160</posx>
					<posy>340</posy>
					<height>35</height>
					<font>font12</font>
					<align>right</align>
					<aligny>center</aligny>
					<label>402</label>
					<textcolor>blue</textcolor>
					<shadowcolor>black</shadowcolor>
				</control>
				<control type="label">
					<description>current dew label</description>
					<posx>160</posx>
					<posy>370</posy>
					<height>35</height>
					<font>font12</font>
					<align>right</align>
					<aligny>center</aligny>
					<label>405</label>
					<textcolor>blue</textcolor>
					<shadowcolor>black</shadowcolor>
				</control>
				<control type="label">
					<description>current humidity label</description>
					<posx>160</posx>
					<posy>400</posy>
					<height>35</height>
					<font>font12</font>
					<align>right</align>
					<aligny>center</aligny>
					<label>406</label>
					<textcolor>blue</textcolor>
					<shadowcolor>black</shadowcolor>
				</control>
				<control type="label">
					<description>current UV Index label</description>
					<posx>160</posx>
					<posy>430</posy>
					<height>35</height>
					<font>font12</font>
					<align>right</align>
					<aligny>center</aligny>
					<label>403</label>
					<textcolor>blue</textcolor>
					<shadowcolor>black</shadowcolor>
				</control>
				<control type="label">
					<description>current Wind label</description>
					<posx>160</posx>
					<posy>460</posy>
					<height>35</height>
					<font>font12</font>
					<align>right</align>
					<aligny>center</aligny>
					<label>404</label>
					<textcolor>blue</textcolor>
					<shadowcolor>black</shadowcolor>
				</control>
				<control type="label" id="24">
					<description>current feels like Value</description>
					<posx>180</posx>
					<posy>340</posy>
					<height>35</height>
					<font>font12</font>
					<align>left</align>
					<aligny>center</aligny>
					<label>-</label>
					<textcolor>white</textcolor>
					<shadowcolor>black</shadowcolor>
				</control>
				<control type="label" id="27">
					<description>current dew Value</description>
					<posx>180</posx>
					<posy>370</posy>
					<height>35</height>
					<font>font12</font>
					<align>left</align>
					<aligny>center</aligny>
					<label>-</label>
					<textcolor>white</textcolor>
					<shadowcolor>black</shadowcolor>
				</control>
				<control type="label" id="28">
					<description>current humidity Value</description>
					<posx>180</posx>
					<posy>400</posy>
					<height>35</height>
					<font>font12</font>
					<align>left</align>
					<aligny>center</aligny>
					<label>-</label>
					<textcolor>white</textcolor>
					<shadowcolor>black</shadowcolor>
				</control>
				<control type="label" id="25">
					<description>current UV Index Value</description>
					<posx>180</posx>
					<posy>430</posy>
					<height>35</height>
					<font>font12</font>
					<align>left</align>
					<aligny>center</aligny>
					<label>-</label>
					<textcolor>white</textcolor>
					<shadowcolor>black</shadowcolor>
				</control>
				<control type="label" id="26">
					<description>current Wind Value</description>
					<posx>180</posx>
					<posy>460</posy>
					<height>35</height>
					<font>font12</font>
					<align>left</align>
					<aligny>center</aligny>
					<label>-</label>
					<textcolor>white</textcolor>
					<shadowcolor>black</shadowcolor>
				</control>
				<control type="image">
					<posx>40</posx>
					<posy>500</posy>
					<width>420</width>
					<height>8</height>
					<texture>StreakBlueFull.png</texture>
				</control>
				<control type="label" id="11">
					<description>update time label</description>
					<posx>40</posx>
					<posy>520</posy>
					<width>420</width>
					<height>30</height>
					<font>font13</font>
					<align>center</align>
					<aligny>center</aligny>
					<textcolor>white</textcolor>
					<shadowcolor>black</shadowcolor>
				</control>
			</control>
			<control type="image">
				<description>background image</description>
				<posx>700</posx>
				<posy>60</posy>
				<width>400</width>
				<height>600</height>
				<colordiffuse>CCFFFFFF</colordiffuse>
				<texture border="40">DialogBack.png</texture>
			</control>
			<control type="image">
				<description>background image</description>
				<posx>700</posx>
				<posy>60</posy>
				<width>400</width>
				<height>600</height>
				<texture border="40">DialogFront.png</texture>
			</control>
			<control type="group">
				<description>day 0</description>
				<posx>700</posx>
				<posy>60</posy>
				<control type="label" id="31">
					<description>day label</description>
					<posx>40</posx>
					<posy>40</posy>
					<width>320</width>
					<height>30</height>
					<align>center</align>
					<aligny>bottom</aligny>
					<label>-</label>
					<font>font18</font>
					<textcolor>blue</textcolor>
					<shadowcolor>black</shadowcolor>
				</control>
				<control type="image" id="35">
					<description>day icon</description>
					<posx>200</posx>
					<posy>80</posy>
					<height>65</height>
					<width>150</width>
					<texture>-</texture>
					<aspectratio align="right">keep</aspectratio>
				</control>
				<control type="label">
					<description>high label</description>
					<posx>100</posx>
					<posy>85</posy>
					<height>20</height>
					<font>font12</font>
					<align>right</align>
					<aligny>center</aligny>
					<label>$LOCALIZE[393] :</label>
					<textcolor>blue</textcolor>
					<shadowcolor>black</shadowcolor>
					<visible>Weather.IsFetched</visible>
				</control>
				<control type="label" id="32">
					<description>high value</description>
					<posx>110</posx>
					<posy>85</posy>
					<height>20</height>
					<label>-</label>
					<font>font12</font>
					<align>left</align>
					<aligny>center</aligny>
					<textcolor>white</textcolor>
					<shadowcolor>black</shadowcolor>
				</control>
				<control type="label">
					<posx>100</posx>
					<posy>115</posy>
					<height>20</height>
					<font>font12</font>
					<align>right</align>
					<aligny>center</aligny>
					<label>$LOCALIZE[391] :</label>
					<textcolor>blue</textcolor>
					<shadowcolor>black</shadowcolor>
					<visible>Weather.IsFetched</visible>
				</control>
				<control type="label" id="33">
					<description>low value</description>
					<posx>110</posx>
					<posy>115</posy>
					<height>20</height>
					<label>-</label>
					<font>font12</font>
					<align>left</align>
					<aligny>center</aligny>
					<textcolor>white</textcolor>
					<shadowcolor>black</shadowcolor>
				</control>
				<control type="label" id="34">
					<description>conditions label</description>
					<posx>40</posx>
					<posy>140</posy>
					<width>320</width>
					<height>20</height>
					<label>-</label>
					<font>font11</font>
					<align>center</align>
					<aligny>center</aligny>
					<textcolor>grey2</textcolor>
					<shadowcolor>black</shadowcolor>
				</control>
			</control>
			<control type="group">
				<description>day 1</description>
				<posx>700</posx>
				<posy>190</posy>
				<control type="label" id="41">
					<description>day label</description>
					<posx>40</posx>
					<posy>40</posy>
					<width>320</width>
					<height>30</height>
					<align>center</align>
					<aligny>bottom</aligny>
					<label>-</label>
					<font>font18</font>
					<textcolor>blue</textcolor>
					<shadowcolor>black</shadowcolor>
				</control>
				<control type="image" id="45">
					<description>day icon</description>
					<posx>200</posx>
					<posy>80</posy>
					<height>65</height>
					<width>150</width>
					<texture>-</texture>
					<aspectratio align="right">keep</aspectratio>
				</control>
				<control type="label">
					<description>high label</description>
					<posx>100</posx>
					<posy>85</posy>
					<height>20</height>
					<font>font12</font>
					<align>right</align>
					<aligny>center</aligny>
					<label>$LOCALIZE[393] :</label>
					<textcolor>blue</textcolor>
					<shadowcolor>black</shadowcolor>
					<visible>Weather.IsFetched</visible>
				</control>
				<control type="label" id="42">
					<description>high value</description>
					<posx>110</posx>
					<posy>85</posy>
					<height>20</height>
					<label>-</label>
					<font>font12</font>
					<align>left</align>
					<aligny>center</aligny>
					<textcolor>white</textcolor>
					<shadowcolor>black</shadowcolor>
				</control>
				<control type="label">
					<posx>100</posx>
					<posy>115</posy>
					<height>20</height>
					<font>font12</font>
					<align>right</align>
					<aligny>center</aligny>
					<label>$LOCALIZE[391] :</label>
					<textcolor>blue</textcolor>
					<shadowcolor>black</shadowcolor>
					<visible>Weather.IsFetched</visible>
				</control>
				<control type="label" id="43">
					<description>low value</description>
					<posx>110</posx>
					<posy>115</posy>
					<height>20</height>
					<label>-</label>
					<font>font12</font>
					<align>left</align>
					<aligny>center</aligny>
					<textcolor>white</textcolor>
					<shadowcolor>black</shadowcolor>
				</control>
				<control type="label" id="44">
					<description>conditions label</description>
					<posx>40</posx>
					<posy>140</posy>
					<width>320</width>
					<height>20</height>
					<label>-</label>
					<font>font11</font>
					<align>center</align>
					<aligny>center</aligny>
					<textcolor>grey2</textcolor>
					<shadowcolor>black</shadowcolor>
				</control>
			</control>
			<control type="group">
				<description>day 2</description>
				<posx>700</posx>
				<posy>320</posy>
				<control type="label" id="51">
					<description>day label</description>
					<posx>40</posx>
					<posy>40</posy>
					<width>320</width>
					<height>30</height>
					<align>center</align>
					<aligny>bottom</aligny>
					<label>-</label>
					<font>font18</font>
					<textcolor>blue</textcolor>
					<shadowcolor>black</shadowcolor>
				</control>
				<control type="image" id="55">
					<description>day icon</description>
					<posx>200</posx>
					<posy>80</posy>
					<height>65</height>
					<width>150</width>
					<texture>-</texture>
					<aspectratio align="right">keep</aspectratio>
				</control>
				<control type="label">
					<description>high label</description>
					<posx>100</posx>
					<posy>85</posy>
					<height>20</height>
					<font>font12</font>
					<align>right</align>
					<aligny>center</aligny>
					<label>$LOCALIZE[393] :</label>
					<textcolor>blue</textcolor>
					<shadowcolor>black</shadowcolor>
					<visible>Weather.IsFetched</visible>
				</control>
				<control type="label" id="52">
					<description>high value</description>
					<posx>110</posx>
					<posy>85</posy>
					<height>20</height>
					<label>-</label>
					<font>font12</font>
					<align>left</align>
					<aligny>center</aligny>
					<textcolor>white</textcolor>
					<shadowcolor>black</shadowcolor>
				</control>
				<control type="label">
					<posx>100</posx>
					<posy>115</posy>
					<height>20</height>
					<font>font12</font>
					<align>right</align>
					<aligny>center</aligny>
					<label>$LOCALIZE[391] :</label>
					<textcolor>blue</textcolor>
					<shadowcolor>black</shadowcolor>
					<visible>Weather.IsFetched</visible>
				</control>
				<control type="label" id="53">
					<description>low value</description>
					<posx>110</posx>
					<posy>115</posy>
					<height>20</height>
					<label>-</label>
					<font>font12</font>
					<align>left</align>
					<aligny>center</aligny>
					<textcolor>white</textcolor>
					<shadowcolor>black</shadowcolor>
				</control>
				<control type="label" id="54">
					<description>conditions label</description>
					<posx>40</posx>
					<posy>140</posy>
					<width>320</width>
					<height>20</height>
					<label>-</label>
					<font>font11</font>
					<align>center</align>
					<aligny>center</aligny>
					<textcolor>grey2</textcolor>
					<shadowcolor>black</shadowcolor>
				</control>
			</control>
			<control type="group">
				<description>day 3</description>
				<posx>700</posx>
				<posy>450</posy>
				<control type="label" id="61">
					<description>day label</description>
					<posx>40</posx>
					<posy>40</posy>
					<width>320</width>
					<height>30</height>
					<align>center</align>
					<aligny>bottom</aligny>
					<label>-</label>
					<font>font18</font>
					<textcolor>blue</textcolor>
					<shadowcolor>black</shadowcolor>
				</control>
				<control type="image" id="65">
					<description>day icon</description>
					<posx>200</posx>
					<posy>80</posy>
					<height>65</height>
					<width>150</width>
					<texture>-</texture>
					<aspectratio align="right">keep</aspectratio>
				</control>
				<control type="label">
					<description>high label</description>
					<posx>100</posx>
					<posy>85</posy>
					<height>20</height>
					<font>font12</font>
					<align>right</align>
					<aligny>center</aligny>
					<label>$LOCALIZE[393] :</label>
					<textcolor>blue</textcolor>
					<shadowcolor>black</shadowcolor>
					<visible>Weather.IsFetched</visible>
				</control>
				<control type="label" id="62">
					<description>high value</description>
					<posx>110</posx>
					<posy>85</posy>
					<height>20</height>
					<label>-</label>
					<font>font12</font>
					<align>left</align>
					<aligny>center</aligny>
					<textcolor>white</textcolor>
					<shadowcolor>black</shadowcolor>
				</control>
				<control type="label">
					<posx>100</posx>
					<posy>115</posy>
					<height>20</height>
					<font>font12</font>
					<align>right</align>
					<aligny>center</aligny>
					<label>$LOCALIZE[391] :</label>
					<textcolor>blue</textcolor>
					<shadowcolor>black</shadowcolor>
					<visible>Weather.IsFetched</visible>
				</control>
				<control type="label" id="63">
					<description>low value</description>
					<posx>110</posx>
					<posy>115</posy>
					<height>20</height>
					<label>-</label>
					<font>font12</font>
					<align>left</align>
					<aligny>center</aligny>
					<textcolor>white</textcolor>
					<shadowcolor>black</shadowcolor>
				</control>
				<control type="label" id="64">
					<description>conditions label</description>
					<posx>40</posx>
					<posy>140</posy>
					<width>320</width>
					<height>20</height>
					<label>-</label>
					<font>font11</font>
					<align>center</align>
					<aligny>center</aligny>
					<textcolor>grey2</textcolor>
					<shadowcolor>black</shadowcolor>
				</control>
			</control>
			<control type="button" id="9000">
				<description>Mouse Focus</description>
				<posx>540</posx>
				<posy>-2</posy>
				<height>25</height>
				<width>200</width>
				<font>font11</font>
				<align>center</align>
				<aligny>center</aligny>
				<textcolor>grey</textcolor>
				<texturefocus border="20,0,20,0">top-menu-back.png</texturefocus>
				<texturenofocus border="20,0,20,0">top-menu-back.png</texturenofocus>
				<label>31000</label>
				<onfocus>Setfocus(9001)</onfocus>
				<onleft>-</onleft>
				<onright>-</onright>
				<onup>-</onup>
				<ondown>-</ondown>
				<visible allowhiddenfocus="true">system.getbool(lookandfeel.enablemouse)</visible>
			</control>
			<control type="group" id="9001">
				<include>VisibleFadeEffect</include>
				<animation effect="slide" end="0,-150" start="0,0" time="0" condition="system.getbool(lookandfeel.enablemouse)">Conditional</animation>
				<visible allowhiddenfocus="!system.getbool(lookandfeel.enablemouse)">Control.HasFocus(9000) | ControlGroup(9001).HasFocus</visible>
				<posx>465</posx>
				<posy>152</posy>
				<control type="button">
					<posx>0</posx>
					<posy>0</posy>
					<width>350</width>
					<height>415</height>
					<texturefocus border="40">MenuBack.png</texturefocus>
					<texturenofocus border="40">MenuBack.png</texturenofocus>
					<onfocus>Setfocus(3)</onfocus>
				</control>
				<control type="image">
					<posx>0</posx>
					<posy>0</posy>
					<width>350</width>
					<height>415</height>
					<texture border="40">MenuFront.png</texture>
				</control>
				<control type="spincontrolex" id="3">
					<description>change location button</description>
					<posx>40</posx>
					<posy>50</posy>
					<font>-</font>
					<include>ButtonCommonValues</include>
					<onleft>99</onleft>
					<onright>99</onright>
					<onup>4</onup>
					<ondown>2</ondown>
				</control>
				<control type="label">
					<description>change location label</description>
					<posx>50</posx>
					<posy>50</posy>
					<height>30</height>
					<width>270</width>
					<font>font12</font>
					<label>396</label>
					<textcolor>white</textcolor>
					<shadowcolor>black</shadowcolor>
					<align>left</align>
					<aligny>center</aligny>
					<animation effect="fade" start="100" end="60" time="0" condition="!Control.HasFocus(3)">Conditional</animation>
				</control>
				<control type="button" id="2">
					<description>Refresh button</description>
					<posx>40</posx>
					<posy>80</posy>
					<include>ButtonCommonValues</include>
					<label>103</label>
					<onleft>99</onleft>
					<onright>99</onright>
					<onup>3</onup>
					<ondown>4</ondown>
				</control>
				<control type="button" id="4">
					<description>Settings button</description>
					<posx>40</posx>
					<posy>110</posy>
					<label>5</label>
					<onclick>ActivateWindow(MyWeatherSettings)</onclick>
					<include>ButtonCommonValues</include>
					<onleft>50</onleft>
					<onright>50</onright>
					<onup>2</onup>
					<ondown>3</ondown>
				</control>
				<control type="image">
					<posx>35</posx>
					<posy>315</posy>
					<width>278</width>
					<height>65</height>
					<texture>PM4_Small.png</texture>
				</control>
			</control>
		</control>
		<control type="button" id="99">
			<description>Fake Focus Button button to hide menu</description>
			<posx>-10</posx>
			<posy>-10</posy>
			<height>2</height>
			<width>2</width>
			<font>-</font>
			<label>-</label>
			<texturefocus>-</texturefocus>
			<texturenofocus>-</texturenofocus>
			<onleft>9000</onleft>
			<onright>9000</onright>
			<onup>9000</onup>
			<ondown>9000</ondown>
		</control>
	</controls>
</window>