<window>
	<defaultcontrol>201</defaultcontrol>
	<coordinates>
		<system>1</system>
		<posx>240</posx>
		<posy>85</posy>
	</coordinates>
	<include>dialogeffect</include>
	<controls>
		<control type="group">
			<visible>!Window.IsVisible(script-Apple_Movie_Trailers-chooser.xml)</visible>
			<include>VisibleFadeEffect</include>
			<control type="image">
				<description>background image</description>
				<posx>0</posx>
				<posy>0</posy>
				<width>810</width>
				<height>550</height>
				<texture border="40">DialogBack.png</texture>
			</control>
			<control type="image">
				<description>background image</description>
				<posx>0</posx>
				<posy>0</posy>
				<width>810</width>
				<height>550</height>
				<texture border="40">DialogFront.png</texture>
			</control>
			<!-- ** Required ** Do not change id or type -->
			<control type="label">
				<description>heading label</description>
				<posx>40</posx>
				<posy>40</posy>
				<width>720</width>
				<height>35</height>
				<align>center</align>
				<aligny>center</aligny>
				<font>font18</font>
				<label>$LOCALIZE[SCRIPT0] - ( $INFO[Control.GetLabel(30)] )</label>
				<textcolor>white</textcolor>
			</control>
			<control type="label" id="30">
				<description>Version label</description>
				<label>-</label>
				<visible>false</visible>
			</control>
			<control type="image">
				<posx>40</posx>
				<posy>75</posy>
				<width>720</width>
				<height>8</height>
				<texture>StreakBlueFull.png</texture>
			</control>
			<!-- ** Required ** Do not change id's or type's -->
			<control type="grouplist" id="9000">
				<posx>40</posx>
				<posy>90</posy>
				<width>570</width>
				<height>410</height>
				<itemgap>5</itemgap>
				<pagecontrol>-</pagecontrol>
				<onleft>2000</onleft>
				<onright>2000</onright>
				<onup>9000</onup>
				<ondown>9000</ondown>
				<control type="button" id="201">
					<description>Setting1 Button</description>
					<posx>0</posx>
					<posy>0</posy>
					<width>570</width>
					<height>35</height>
					<label>$LOCALIZE[SCRIPT201]</label>
					<font>font12</font>
					<texturefocus border="5">button-focus.png</texturefocus>
					<texturenofocus border="5">button-nofocus.png</texturenofocus>
				</control>
				<control type="image" id="1">
					<description>separator image</description>
					<width>570</width>
					<height>8</height>
					<texture>StreakBlueFull.png</texture>
				</control>
				<control type="button" id="202">
					<description>Setting2 Button</description>
					<posx>0</posx>
					<posy>0</posy>
					<width>570</width>
					<height>35</height>
					<label>$LOCALIZE[SCRIPT202]</label>
					<font>font12</font>
					<texturefocus border="5">button-focus.png</texturefocus>
					<texturenofocus border="5">button-nofocus.png</texturenofocus>
				</control>
				<control type="button" id="203">
					<description>Setting3 Button</description>
					<posx>0</posx>
					<posy>0</posy>
					<width>570</width>
					<height>35</height>
					<label>$LOCALIZE[SCRIPT203]</label>
					<font>font12</font>
					<texturefocus border="5">button-focus.png</texturefocus>
					<texturenofocus border="5">button-nofocus.png</texturenofocus>
				</control>
				<control type="button" id="204">
					<description>Setting4 Button</description>
					<posx>0</posx>
					<posy>0</posy>
					<width>570</width>
					<height>35</height>
					<label>$LOCALIZE[SCRIPT204]</label>
					<font>font12</font>
					<texturefocus border="5">button-focus.png</texturefocus>
					<texturenofocus border="5">button-nofocus.png</texturenofocus>
				</control>
				<control type="radiobutton" id="205">
					<description>Setting5 Button</description>
					<width>570</width>
					<height>35</height>
					<label>$LOCALIZE[SCRIPT205]</label>
					<pulseonselect>no</pulseonselect>
					<font>font12</font>
					<texturefocus border="5">button-focus.png</texturefocus>
					<texturenofocus border="5">button-nofocus.png</texturenofocus>
				</control>
				<control type="image" id="2">
					<description>separator image</description>
					<width>570</width>
					<height>8</height>
					<texture>StreakBlueFull.png</texture>
				</control>
				<control type="button" id="206">
					<description>Setting6 Button</description>
					<posx>0</posx>
					<posy>0</posy>
					<width>570</width>
					<height>35</height>
					<label>$LOCALIZE[SCRIPT206]</label>
					<font>font12</font>
					<texturefocus border="5">button-focus.png</texturefocus>
					<texturenofocus border="5">button-nofocus.png</texturenofocus>
				</control>
				<control type="radiobutton" id="207">
					<description>Setting7 Button</description>
					<width>570</width>
					<height>35</height>
					<label>$LOCALIZE[SCRIPT207]</label>
					<pulseonselect>no</pulseonselect>
					<font>font12</font>
					<texturefocus border="5">button-focus.png</texturefocus>
					<texturenofocus border="5">button-nofocus.png</texturenofocus>
				</control>
				<control type="image" id="3">
					<description>separator image</description>
					<width>570</width>
					<height>8</height>
					<texture>StreakBlueFull.png</texture>
				</control>
				<control type="button" id="208">
					<description>Setting8 Button</description>
					<posx>0</posx>
					<posy>0</posy>
					<width>570</width>
					<height>35</height>
					<label>$LOCALIZE[SCRIPT208]</label>
					<font>font12</font>
					<texturefocus border="5">button-focus.png</texturefocus>
					<texturenofocus border="5">button-nofocus.png</texturenofocus>
				</control>
				<control type="button" id="209">
					<description>Setting9 Button</description>
					<posx>0</posx>
					<posy>0</posy>
					<width>570</width>
					<height>35</height>
					<label>$LOCALIZE[SCRIPT209]</label>
					<font>font12</font>
					<texturefocus border="5">button-focus.png</texturefocus>
					<texturenofocus border="5">button-nofocus.png</texturenofocus>
				</control>
				<control type="button" id="210">
					<description>Setting10 Button</description>
					<posx>0</posx>
					<posy>0</posy>
					<width>570</width>
					<height>35</height>
					<label>$LOCALIZE[SCRIPT210]</label>
					<font>font12</font>
					<texturefocus border="5">button-focus.png</texturefocus>
					<texturenofocus border="5">button-nofocus.png</texturenofocus>
				</control>
				<control type="button" id="211">
					<description>Setting11 Button</description>
					<posx>0</posx>
					<posy>0</posy>
					<width>570</width>
					<height>35</height>
					<label>$LOCALIZE[SCRIPT211]</label>
					<font>font12</font>
					<texturefocus border="5">button-focus.png</texturefocus>
					<texturenofocus border="5">button-nofocus.png</texturenofocus>
				</control>
				<control type="image" id="4">
					<description>separator image</description>
					<width>570</width>
					<height>8</height>
					<texture>StreakBlueFull.png</texture>
				</control>
				<control type="radiobutton" id="212">
					<description>Setting12 Button</description>
					<width>570</width>
					<height>35</height>
					<label>$LOCALIZE[SCRIPT212]</label>
					<pulseonselect>no</pulseonselect>
					<font>font12</font>
					<texturefocus border="5">button-focus.png</texturefocus>
					<texturenofocus border="5">button-nofocus.png</texturenofocus>
				</control>
				<control type="radiobutton" id="218">
					<description>Setting18 Button</description>
					<width>570</width>
					<height>35</height>
					<label>$LOCALIZE[SCRIPT218]</label>
					<pulseonselect>no</pulseonselect>
					<font>font12</font>
					<texturefocus border="5">button-focus.png</texturefocus>
					<texturenofocus border="5">button-nofocus.png</texturenofocus>
				</control>
				<control type="radiobutton" id="213">
					<description>Setting13 Button</description>
					<width>570</width>
					<height>35</height>
					<label>$LOCALIZE[SCRIPT213]</label>
					<pulseonselect>no</pulseonselect>
					<font>font12</font>
					<texturefocus border="5">button-focus.png</texturefocus>
					<texturenofocus border="5">button-nofocus.png</texturenofocus>
				</control>
				<control type="radiobutton" id="214">
					<description>Setting14 Button</description>
					<width>570</width>
					<height>35</height>
					<label>$LOCALIZE[SCRIPT214]</label>
					<pulseonselect>no</pulseonselect>
					<font>font12</font>
					<texturefocus border="5">button-focus.png</texturefocus>
					<texturenofocus border="5">button-nofocus.png</texturenofocus>
				</control>
				<control type="button" id="215">
					<description>Setting15 Button</description>
					<posx>0</posx>
					<posy>0</posy>
					<width>570</width>
					<height>35</height>
					<label>$LOCALIZE[SCRIPT215]</label>
					<font>font12</font>
					<texturefocus border="5">button-focus.png</texturefocus>
					<texturenofocus border="5">button-nofocus.png</texturenofocus>
				</control>
				<control type="image" id="5">
					<description>separator image</description>
					<width>570</width>
					<height>8</height>
					<texture>StreakBlueFull.png</texture>
				</control>
				<control type="button" id="216">
					<description>Setting16 Button</description>
					<posx>0</posx>
					<posy>0</posy>
					<width>570</width>
					<height>35</height>
					<label>$LOCALIZE[SCRIPT216]</label>
					<font>font12</font>
					<texturefocus border="5">button-focus.png</texturefocus>
					<texturenofocus border="5">button-nofocus.png</texturenofocus>
				</control>
				<control type="button" id="217">
					<description>Setting17 Button</description>
					<posx>0</posx>
					<posy>0</posy>
					<width>570</width>
					<height>35</height>
					<label>$LOCALIZE[SCRIPT217]</label>
					<font>font12</font>
					<texturefocus border="5">button-focus.png</texturefocus>
					<texturenofocus border="5">button-nofocus.png</texturenofocus>
				</control>
				<control type="button" id="219">
					<description>Setting19 Button</description>
					<posx>0</posx>
					<posy>0</posy>
					<width>570</width>
					<height>35</height>
					<label>$LOCALIZE[SCRIPT219]</label>
					<font>font12</font>
					<texturefocus border="5">button-focus.png</texturefocus>
					<texturenofocus border="5">button-nofocus.png</texturenofocus>
					<visible>false</visible>
				</control>
				<control type="button" id="220">
					<description>Setting20 Button</description>
					<posx>0</posx>
					<posy>0</posy>
					<width>570</width>
					<height>35</height>
					<label>$LOCALIZE[SCRIPT220]</label>
					<font>font12</font>
					<texturefocus border="5">button-focus.png</texturefocus>
					<texturenofocus border="5">button-nofocus.png</texturenofocus>
					<visible>false</visible>
				</control>
			</control>
			<!-- ** Required ** Do not change id's or type's -->
			<control type="group" id="2000">
				<posx>620</posx>
				<posy>90</posy>
				<control type="button" id="250">
					<description>OK button</description>
					<posx>0</posx>
					<posy>0</posy>
					<width>150</width>
					<height>35</height>
					<align>center</align>
					<label>$LOCALIZE[SCRIPT250]</label>
					<texturenofocus>button-nofocus.png</texturenofocus>
					<texturefocus>button-focus.png</texturefocus>
					<onleft>9000</onleft>
					<onright>9000</onright>
					<onup>254</onup>
					<ondown>251</ondown>
				</control>
				<control type="button" id="251">
					<description>Cancel button</description>
					<posx>0</posx>
					<posy>40</posy>
					<width>150</width>
					<height>35</height>
					<align>center</align>
					<label>$LOCALIZE[SCRIPT251]</label>
					<texturenofocus>button-nofocus.png</texturenofocus>
					<texturefocus>button-focus.png</texturefocus>
					<onleft>9000</onleft>
					<onright>9000</onright>
					<onup>250</onup>
					<ondown>252</ondown>
				</control>
				<control type="button" id="252">
					<description>Update button</description>
					<posx>0</posx>
					<posy>80</posy>
					<width>150</width>
					<height>35</height>
					<align>center</align>
					<label>$LOCALIZE[SCRIPT252]</label>
					<texturenofocus>button-nofocus.png</texturenofocus>
					<texturefocus>button-focus.png</texturefocus>
					<onleft>9000</onleft>
					<onright>9000</onright>
					<onup>251</onup>
					<ondown>253</ondown>
				</control>
				<control type="button" id="253">
					<description>Credits button</description>
					<posx>0</posx>
					<posy>120</posy>
					<width>150</width>
					<height>35</height>
					<align>center</align>
					<label>$LOCALIZE[SCRIPT253]</label>
					<texturenofocus>button-nofocus.png</texturenofocus>
					<texturefocus>button-focus.png</texturefocus>
					<onleft>9000</onleft>
					<onright>9000</onright>
					<onup>252</onup>
					<ondown>255</ondown>
				</control>
				<control type="button" id="255">
					<description>Defaults button</description>
					<posx>0</posx>
					<posy>160</posy>
					<width>150</width>
					<height>35</height>
					<align>center</align>
					<label>$LOCALIZE[SCRIPT255]</label>
					<texturenofocus>button-nofocus.png</texturenofocus>
					<texturefocus>button-focus.png</texturefocus>
					<onleft>9000</onleft>
					<onright>9000</onright>
					<onup>253</onup>
					<ondown>254</ondown>
				</control>
				<control type="button" id="254">
					<description>Plugins button</description>
					<posx>0</posx>
					<posy>200</posy>
					<width>150</width>
					<height>35</height>
					<align>center</align>
					<font>font12</font>
					<label>$LOCALIZE[SCRIPT254]</label>
					<texturenofocus>button-nofocus.png</texturenofocus>
					<texturefocus>button-focus.png</texturefocus>
					<onleft>9000</onleft>
					<onright>9000</onright>
					<onup>255</onup>
					<ondown>250</ondown>
				</control>
			</control>
		</control>
	</controls>
</window>