<includes>
	<include name="MoviesListView">
		<control type="list" id="59">
			<visible>Container.Content(Movies) | Container.Content(TVShows)</visible>
			<posx>780</posx>
			<posy>180</posy>
			<width>400</width>
			<height>395</height>
			<onleft>9000</onleft>
			<onright>60</onright>
			<onup>59</onup>
			<ondown>59</ondown>
			<viewtype label="544">list</viewtype>
			<pagecontrol>60</pagecontrol>
			<scrolltime>200</scrolltime>
			<itemlayout height="30" width="400">
				<control type="label">
					<posx>10</posx>
					<posy>0</posy>
					<width>380</width>
					<height>30</height>
					<font>font13</font>
					<textcolor>grey2</textcolor>
					<selectedcolor>blue</selectedcolor>
					<shadowcolor>black</shadowcolor>
					<align>left</align>
					<aligny>center</aligny>
					<info>ListItem.Label</info>
				</control>
			</itemlayout>
			<focusedlayout height="35" width="500">
				<control type="image">
					<posx>0</posx>
					<posy>0</posy>
					<width>400</width>
					<height>35</height>
					<texture>list-focus.png</texture>
					<visible>Control.HasFocus(59)</visible>
					<include>VisibleFadeEffect</include>
				</control>
				<control type="label">
					<posx>10</posx>
					<posy>0</posy>
					<width>380</width>
					<height>35</height>
					<font>font13</font>
					<textcolor>white</textcolor>
					<selectedcolor>blue</selectedcolor>
					<shadowcolor>black</shadowcolor>
					<align>left</align>
					<aligny>center</aligny>
					<label>[B]$INFO[ListItem.Label][/B]</label>
				</control>
			</focusedlayout>
		</control>
		<control type="grouplist">
			<visible>Control.IsVisible(59) + Container.Content(Movies)</visible>
			<posx>505</posx>
			<posy>180</posy>
			<width>270</width>
			<height>440</height>
			<usecontrolcoords>true</usecontrolcoords>
			<control type="group">
				<control type="image">
					<posx>0</posx>
					<posy>0</posy>
					<width>270</width>
					<height>385</height>
					<aspectratio aligny="bottom">keep</aspectratio>
					<texture>$INFO[ListItem.Icon]</texture>
				</control>
				<control type="image">
					<posx>0</posx>
					<posy>385</posy>
					<width>270</width>
					<height>385</height>
					<aspectratio aligny="top">keep</aspectratio>
					<texture flipy="true" diffuse="diffuse_mirror2.png">$INFO[ListItem.Icon]</texture>
				</control>
			</control>
		</control>
		<control type="textbox">
			<description>Description Value for Movies</description>
			<posx>110</posx>
			<posy>180</posy>
			<width>380</width>
			<height>395</height>
			<font>font11</font>
			<align>right</align>
			<textcolor>white</textcolor>
			<shadowcolor>black</shadowcolor>
			<pagecontrol>9999999999</pagecontrol>
			<label>$INFO[ListItem.Plot]</label>
			<autoscroll time="2000" delay="3000" repeat="5000">Skin.HasSetting(AutoScroll)</autoscroll>
			<visible>Control.IsVisible(59) + Container.Content(Movies)</visible>
		</control>
		<control type="group">
			<visible>Control.IsVisible(59) + Container.Content(TVShows)</visible>
			<posx>110</posx>
			<posy>180</posy>
			<control type="image">
				<posx>0</posx>
				<posy>0</posy>
				<width>650</width>
				<height>120</height>
				<aspectratio aligny="bottom">keep</aspectratio>
				<texture>$INFO[ListItem.Icon]</texture>
			</control>
			<control type="image">
				<posx>0</posx>
				<posy>120</posy>
				<width>650</width>
				<height>120</height>
				<aspectratio aligny="top">keep</aspectratio>
				<texture flipy="true" diffuse="diffuse_mirror2.png">$INFO[ListItem.Icon]</texture>
			</control>
			<control type="label">
				<description>Episodes txt</description>
				<posx>115</posx>
				<posy>145</posy>
				<width>115</width>
				<height>25</height>
				<label>$LOCALIZE[20360]:</label>
				<align>right</align>
				<aligny>center</aligny>
				<font>font11</font>
				<textcolor>blue</textcolor>
				<shadowcolor>black</shadowcolor>
			</control>
			<control type="label">
				<description>Episodes Value</description>
				<posx>130</posx>
				<posy>145</posy>
				<width>520</width>
				<height>25</height>
				<label fallback="416">$INFO[listitem.episode] [COLOR=grey] ($INFO[ListItem.Property(WatchedEpisodes),, $LOCALIZE[16102]] - $INFO[ListItem.Property(UnWatchedEpisodes), , $LOCALIZE[16101]])[/COLOR]</label>
				<align>left</align>
				<aligny>center</aligny>
				<font>font11</font>
				<scroll>true</scroll>
				<shadowcolor>black</shadowcolor>
			</control>
			<control type="label">
				<description>First Aired txt</description>
				<posx>115</posx>
				<posy>170</posy>
				<width>115</width>
				<height>25</height>
				<label>$LOCALIZE[20416]:</label>
				<align>right</align>
				<aligny>center</aligny>
				<font>font11</font>
				<textcolor>blue</textcolor>
				<shadowcolor>black</shadowcolor>
			</control>
			<control type="label">
				<description>First Aired Value</description>
				<posx>130</posx>
				<posy>170</posy>
				<width>520</width>
				<height>25</height>
				<label fallback="416">$INFO[listitem.premiered]</label>
				<align>left</align>
				<aligny>center</aligny>
				<font>font11</font>
				<scroll>true</scroll>
				<shadowcolor>black</shadowcolor>
			</control>
			<control type="label">
				<description>Genre txt</description>
				<posx>115</posx>
				<posy>195</posy>
				<width>115</width>
				<height>25</height>
				<label>$LOCALIZE[515]:</label>
				<align>right</align>
				<aligny>center</aligny>
				<font>font11</font>
				<textcolor>blue</textcolor>
				<shadowcolor>black</shadowcolor>
			</control>
			<control type="label">
				<description>Genre Value</description>
				<posx>130</posx>
				<posy>195</posy>
				<width>520</width>
				<height>25</height>
				<label fallback="416">$INFO[listitem.Genre]</label>
				<align>left</align>
				<aligny>center</aligny>
				<font>font11</font>
				<scroll>true</scroll>
				<shadowcolor>black</shadowcolor>
			</control>
		</control>
		<control type="textbox">
			<description>Description Value for Movies</description>
			<posx>110</posx>
			<posy>410</posy>
			<width>650</width>
			<height>165</height>
			<font>font11</font>
			<align>justify</align>
			<textcolor>white</textcolor>
			<shadowcolor>black</shadowcolor>
			<pagecontrol>9999999999</pagecontrol>
			<label>$INFO[ListItem.Plot]</label>
			<autoscroll time="2000" delay="3000" repeat="5000">Skin.HasSetting(AutoScroll)</autoscroll>
			<visible>Control.IsVisible(59) + Container.Content(TVShows)</visible>
		</control>
	</include>
	<include name="EpisodeThumbView">
		<control type="list" id="58">
			<visible>Container.Content(Episodes)</visible>
			<posx>110</posx>
			<posy>165</posy>
			<width>1092</width>
			<height>395</height>
			<onleft>58</onleft>
			<onright>58</onright>
			<onup>9000</onup>
			<ondown>60</ondown>
			<viewtype label="31027">list</viewtype>
			<pagecontrol>60</pagecontrol>
			<scrolltime>200</scrolltime>
			<orientation>horizontal</orientation>
			<itemlayout height="130" width="182">
				<control type="image">
					<posx>0</posx>
					<posy>5</posy>
					<width>180</width>
					<height>120</height>
					<texture border="5">button-nofocus.png</texture>
				</control>
				<control type="image">
					<posx>5</posx>
					<posy>10</posy>
					<width>170</width>
					<height>110</height>
					<aspectratio>scale</aspectratio>
					<texture>$INFO[ListItem.Icon]</texture>
				</control>
			</itemlayout>
			<focusedlayout height="130" width="182">
				<control type="image">
					<posx>0</posx>
					<posy>5</posy>
					<width>180</width>
					<height>120</height>
					<texture border="5">folder-focus.png</texture>
                                        <animation reversible="false" effect="zoom" center="auto" start="100" end="110" time="100">focus</animation>
                                        <animation reversible="false" effect="zoom" center="auto" start="110" end="100" time="100">unfocus</animation>
				</control>
				<control type="image">
					<posx>5</posx>
					<posy>10</posy>
					<width>170</width>
					<height>110</height>
					<aspectratio>scale</aspectratio>
					<texture>$INFO[ListItem.Icon]</texture>
                                        <animation reversible="false" effect="zoom" center="auto" start="100" end="110" time="100">focus</animation>
                                        <animation reversible="false" effect="zoom" center="auto" start="110" end="100" time="100">unfocus</animation>
				</control>
			</focusedlayout>
		</control>
		<control type="group">
			<visible>Control.IsVisible(58)</visible>
			<include>VisibleFadeEffect</include>
			<control type="image">
				<posx>0</posx>
				<posy>-390</posy>
				<width>1300</width>
				<height>35</height>
				<texture>black-back.png</texture>
			</control>
			<control type="label">
				<posx>20</posx>
				<posy>-390</posy>
				<width>1280</width>
				<height>35</height>
				<font>font18</font>
				<textcolor>white</textcolor>
				<scroll>true</scroll>
				<align>center</align>
				<aligny>center</aligny>
				<label>[UPPERCASE]$INFO[ListItem.TVShowTitle][/UPPERCASE]</label>
			</control>
		</control>
	</include>
	<include name="MovieDVDView">
		<control type="wraplist" id="57">
			<visible>Container.Content(Movies) | Window.IsVisible(VideoFiles)</visible>
			<posx>-118</posx>
			<posy>180</posy>
			<width>1526</width>
			<height>320</height>
			<onleft>57</onleft>
			<onright>57</onright>
			<onup>9000</onup>
			<ondown>60</ondown>
			<viewtype label="31028">list</viewtype>
			<pagecontrol>60</pagecontrol>
			<scrolltime>200</scrolltime>
			<focusposition>3</focusposition>
			<orientation>horizontal</orientation>
			<hitrect x="536" y="180" w="218" h="310" />
			<itemlayout height="300" width="218">
				<control type="image">
					<posx>2</posx>
					<posy>5</posy>
					<width>214</width>
					<height>310</height>
					<aspectratio>stretch</aspectratio>
					<bordertexture border="5">button-nofocus.png</bordertexture>
					<bordersize>5</bordersize>
					<texture>$INFO[ListItem.Icon]</texture>
				</control>
			</itemlayout>
			<focusedlayout height="300" width="218">
				<control type="image">
					<posx>2</posx>
					<posy>5</posy>
					<width>214</width>
					<height>310</height>
					<aspectratio>stretch</aspectratio>
					<bordertexture border="5">folder-focus.png</bordertexture>
					<bordersize>5</bordersize>
					<texture>$INFO[ListItem.Icon]</texture>
                                        <animation reversible="false" effect="zoom" center="auto" start="100" end="110" time="200">focus</animation>
                                        <animation reversible="false" effect="zoom" center="auto" start="110" end="100" time="200">unfocus</animation>
				</control>
			</focusedlayout>
		</control>
		<control type="group">
			<visible>Control.IsVisible(57)</visible>
			<include>VisibleFadeEffect</include>
			<control type="label">
				<posx>100</posx>
				<posy>520</posy>
				<width>1080</width>
				<height>35</height>
				<font>font18</font>
				<textcolor>white</textcolor>
				<shadowcolor>black</shadowcolor>
				<scroll>true</scroll>
				<align>center</align>
				<aligny>center</aligny>
				<label>[UPPERCASE]$INFO[ListItem.Label][/UPPERCASE]</label>
			</control>
			<control type="label">
				<posx>100</posx>
				<posy>560</posy>
				<width>1080</width>
				<height>35</height>
				<font>font11</font>
				<textcolor>grey</textcolor>
				<shadowcolor>black</shadowcolor>
				<scroll>true</scroll>
				<align>center</align>
				<aligny>center</aligny>
				<label>[UPPERCASE][B]$INFO[ListItem.Genre][/B][/UPPERCASE]</label>
			</control>
		</control>
	</include>
	<include name="MovieBigDVDView">
		<control type="image">
			<posx>385</posx>
			<posy>0</posy>
			<width>510</width>
			<height>720</height>
			<aspectratio>stretch</aspectratio>
			<info>Listitem.thumb</info>
			<visible>Control.IsVisible(56)</visible>
			<animation effect="fade" time="600" delay="400">Visible</animation>
			<animation effect="fade" time="200">Hidden</animation>
		</control>
		<control type="group">
			<visible>Control.IsVisible(56)</visible>
			<animation effect="slide" start="-460,0" end="0,0" time="500" tween="quadratic" easing="out">Visible</animation>
			<animation effect="slide" end="-460,0" start="0,0" time="500" tween="quadratic" easing="out">Hidden</animation>
			<control type="image">
				<posx>-40</posx>
				<posy>-40</posy>
				<width>460</width>
				<height>800</height>
				<colordiffuse>DDFFFFFF</colordiffuse>
				<texture border="40">DialogBack.png</texture>
			</control>
			<control type="image">
				<posx>-40</posx>
				<posy>-40</posy>
				<width>460</width>
				<height>800</height>
				<texture border="40">DialogFront.png</texture>
			</control>
			<control type="label">
				<posx>10</posx>
				<posy>20</posy>
				<width>365</width>
				<height>30</height>
				<font>font18</font>
				<textcolor>white</textcolor>
				<scroll>true</scroll>
				<align>center</align>
				<aligny>center</aligny>
				<label>[UPPERCASE]$INFO[ListItem.Label][/UPPERCASE]</label>
			</control>
			<control type="image">
				<posx>10</posx>
				<posy>60</posy>
				<width>375</width>
				<height>8</height>
				<texture>StreakBlueFull.png</texture>
			</control>
			<control type="label">
				<description>Studio Label</description>
				<posx>10</posx>
				<posy>70</posy>
				<width>105</width>
				<height>30</height>
				<font>font11</font>
				<textcolor>blue</textcolor>
				<shadowcolor>black</shadowcolor>
				<scroll>false</scroll>
				<align>left</align>
				<aligny>center</aligny>
				<label>$LOCALIZE[572]:</label>
			</control>
			<control type="fadelabel">
				<description>Studio Value</description>
				<posx>120</posx>
				<posy>70</posy>
				<width>250</width>
				<height>30</height>
				<font>font11</font>
				<textcolor>white</textcolor>
				<shadowcolor>black</shadowcolor>
				<scrollout>false</scrollout>
				<pauseatend>2000</pauseatend>
				<align>left</align>
				<aligny>center</aligny>
				<label>$INFO[ListItem.Studio]</label>
			</control>
			<control type="label">
				<description>Director Label</description>
				<posx>10</posx>
				<posy>95</posy>
				<width>105</width>
				<height>30</height>
				<font>font11</font>
				<textcolor>blue</textcolor>
				<shadowcolor>black</shadowcolor>
				<scroll>false</scroll>
				<align>left</align>
				<aligny>center</aligny>
				<label>$LOCALIZE[20339]:</label>
			</control>
			<control type="fadelabel">
				<description>Director Value</description>
				<posx>120</posx>
				<posy>95</posy>
				<width>250</width>
				<height>30</height>
				<font>font11</font>
				<textcolor>white</textcolor>
				<shadowcolor>black</shadowcolor>
				<scrollout>false</scrollout>
				<pauseatend>2000</pauseatend>
				<align>left</align>
				<aligny>center</aligny>
				<label>$INFO[ListItem.Director]</label>
			</control>
			<control type="label">
				<description>Writer Label</description>
				<posx>10</posx>
				<posy>120</posy>
				<width>105</width>
				<height>30</height>
				<font>font11</font>
				<textcolor>blue</textcolor>
				<shadowcolor>black</shadowcolor>
				<scroll>false</scroll>
				<align>left</align>
				<aligny>center</aligny>
				<label>$LOCALIZE[20417]:</label>
			</control>
			<control type="fadelabel">
				<description>Writer Value</description>
				<posx>120</posx>
				<posy>120</posy>
				<width>250</width>
				<height>30</height>
				<font>font11</font>
				<textcolor>white</textcolor>
				<shadowcolor>black</shadowcolor>
				<scrollout>false</scrollout>
				<pauseatend>2000</pauseatend>
				<align>left</align>
				<aligny>center</aligny>
				<label>$INFO[ListItem.Writer]</label>
			</control>
			<control type="label">
				<description>Genre Label</description>
				<posx>10</posx>
				<posy>145</posy>
				<width>105</width>
				<height>30</height>
				<font>font11</font>
				<textcolor>blue</textcolor>
				<shadowcolor>black</shadowcolor>
				<scroll>false</scroll>
				<align>left</align>
				<aligny>center</aligny>
				<label>$LOCALIZE[515]:</label>
			</control>
			<control type="fadelabel">
				<description>Genre Value</description>
				<posx>120</posx>
				<posy>145</posy>
				<width>250</width>
				<height>30</height>
				<font>font11</font>
				<textcolor>white</textcolor>
				<shadowcolor>black</shadowcolor>
				<scrollout>false</scrollout>
				<pauseatend>2000</pauseatend>
				<align>left</align>
				<aligny>center</aligny>
				<label>$INFO[ListItem.Genre]</label>
			</control>
			<control type="label">
				<description>RunTime Label</description>
				<posx>10</posx>
				<posy>170</posy>
				<width>105</width>
				<height>30</height>
				<font>font11</font>
				<textcolor>blue</textcolor>
				<shadowcolor>black</shadowcolor>
				<scroll>false</scroll>
				<align>left</align>
				<aligny>center</aligny>
				<label>$LOCALIZE[2050]:</label>
			</control>
			<control type="fadelabel">
				<description>RunTime Value</description>
				<posx>120</posx>
				<posy>170</posy>
				<width>250</width>
				<height>30</height>
				<font>font11</font>
				<textcolor>white</textcolor>
				<shadowcolor>black</shadowcolor>
				<scrollout>false</scrollout>
				<pauseatend>2000</pauseatend>
				<align>left</align>
				<aligny>center</aligny>
				<label>$INFO[ListItem.Duration]</label>
			</control>
			<control type="image">
				<posx>10</posx>
				<posy>200</posy>
				<width>375</width>
				<height>8</height>
				<texture>StreakBlueFull.png</texture>
			</control>
		</control>
		<control type="group">
			<visible>Control.IsVisible(56)</visible>
			<animation effect="slide" start="460,0" end="0,0" time="500" tween="quadratic" easing="out">Visible</animation>
			<animation effect="slide" end="460,0" start="0,0" time="500" tween="quadratic" easing="out">Hidden</animation>
			<control type="image">
				<posx>420r</posx>
				<posy>-40</posy>
				<width>460</width>
				<height>800</height>
				<colordiffuse>DDFFFFFF</colordiffuse>
				<texture border="40">DialogBack.png</texture>
			</control>
			<control type="image">
				<posx>420r</posx>
				<posy>-40</posy>
				<width>460</width>
				<height>800</height>
				<texture border="40">DialogFront.png</texture>
			</control>
			<control type="label">
				<posx>900</posx>
				<posy>20</posy>
				<width>375</width>
				<height>30</height>
				<font>font18</font>
				<textcolor>white</textcolor>
				<scroll>true</scroll>
				<align>center</align>
				<aligny>center</aligny>
				<label>[UPPERCASE]$LOCALIZE[14022] - $LOCALIZE[342][/UPPERCASE]</label>
				<visible>IsEmpty(Container.PluginName)</visible>
			</control>
			<control type="label">
				<posx>900</posx>
				<posy>20</posy>
				<width>375</width>
				<height>30</height>
				<font>font18</font>
				<textcolor>white</textcolor>
				<scroll>true</scroll>
				<align>center</align>
				<aligny>center</aligny>
				<label>[UPPERCASE]$INFO[Container.PluginName][/UPPERCASE]</label>
				<visible>!IsEmpty(Container.PluginName)</visible>
			</control>
			<control type="image">
				<posx>900</posx>
				<posy>60</posy>
				<width>375</width>
				<height>8</height>
				<texture>StreakBlueFull.png</texture>
			</control>
			<control type="group">
				<posx>1210</posx>
				<posy>685</posy>
				<control type="image">
					<posx>-230</posx>
					<posy>-5</posy>
					<width>320</width>
					<height>30</height>
					<colordiffuse>AAFFFFFF</colordiffuse>
					<texture>list-focus.png</texture>
					<visible>Control.HasFocus(60)</visible>
					<include>VisibleFadeEffect</include>
				</control>
				<control type="label">
					<description>Page Count Label</description>
					<posx>0</posx>
					<posy>0</posy>
					<width>300</width>
					<height>20</height>
					<font>font12b</font>
					<textcolor>white</textcolor>
					<scroll>false</scroll>
					<align>right</align>
					<aligny>center</aligny>
					<label>($INFO[Container.NumItems]) $LOCALIZE[31025] - $LOCALIZE[31024] ($INFO[Container.CurrentPage]/$INFO[Container.NumPages])</label>
				</control>
				<control type="spincontrol" id="60">
					<description>Next page button</description>
					<posx>10</posx>
					<posy>0</posy>
					<subtype>page</subtype>
					<font>-</font>
					<onleft>50</onleft>
					<onright>9000</onright>
					<ondown>60</ondown>
					<onup>50</onup>
					<textcolor>white</textcolor>
					<showonepage>true</showonepage>
				</control>
			</control>
			<control type="list" id="56">
				<visible>Container.Content(Movies)</visible>
				<posx>900</posx>
				<posy>80</posy>
				<width>370</width>
				<height>580</height>
				<onleft>9000</onleft>
				<onright>60</onright>
				<onup>56</onup>
				<ondown>56</ondown>
				<viewtype label="31029">list</viewtype>
				<pagecontrol>60</pagecontrol>
				<scrolltime>200</scrolltime>
				<itemlayout height="25" width="365">
					<control type="label">
						<posx>15</posx>
						<posy>0</posy>
						<width>355</width>
						<height>25</height>
						<font>font12</font>
						<textcolor>grey2</textcolor>
						<selectedcolor>blue</selectedcolor>
						<shadowcolor>black</shadowcolor>
						<align>left</align>
						<aligny>center</aligny>
						<info>ListItem.Label</info>
					</control>
				</itemlayout>
				<focusedlayout height="30" width="365">
					<control type="image">
						<posx>0</posx>
						<posy>0</posy>
						<width>370</width>
						<height>30</height>
						<colordiffuse>AAFFFFFF</colordiffuse>
						<texture>list-focus.png</texture>
						<visible>Control.HasFocus(56)</visible>
						<include>VisibleFadeEffect</include>
					</control>
					<control type="label">
						<posx>15</posx>
						<posy>0</posy>
						<width>355</width>
						<height>30</height>
						<font>font12</font>
						<textcolor>white</textcolor>
						<selectedcolor>blue</selectedcolor>
						<shadowcolor>black</shadowcolor>
						<align>left</align>
						<aligny>center</aligny>
						<label>[B]$INFO[ListItem.Label][/B]</label>
					</control>
				</focusedlayout>
			</control>
		</control>
		<control type="textbox">
			<description>lot Value Big Movie View</description>
			<posx>15</posx>
			<posy>220</posy>
			<width>355</width>
			<height>460</height>
			<font>font11</font>
			<align>justify</align>
			<textcolor>white</textcolor>
			<shadowcolor>black</shadowcolor>
			<pagecontrol>9999999999</pagecontrol>
			<label>$INFO[ListItem.Plot]</label>
			<autoscroll time="2000" delay="3000" repeat="5000">Skin.HasSetting(AutoScroll)</autoscroll>
			<visible>Control.IsVisible(56)</visible>
			<animation effect="slide" start="-460,0" end="0,0" time="500" tween="quadratic" easing="out">Visible</animation>
			<animation effect="slide" end="-460,0" start="0,0" time="500" tween="quadratic" easing="out">Hidden</animation>
		</control>
	</include>
	<include name="EpisodeListView">
		<control type="group">
			<visible>Control.IsVisible(55)</visible>
			<animation effect="slide" start="460,0" end="0,0" time="500" tween="quadratic" easing="out">Visible</animation>
			<animation effect="slide" end="460,0" start="0,0" time="500" tween="quadratic" easing="out">Hidden</animation>
			<control type="image">
				<posx>420r</posx>
				<posy>-40</posy>
				<width>460</width>
				<height>800</height>
				<colordiffuse>DDFFFFFF</colordiffuse>
				<texture border="40">DialogBack.png</texture>
			</control>
			<control type="image">
				<posx>420r</posx>
				<posy>-40</posy>
				<width>460</width>
				<height>800</height>
				<texture border="40">DialogFront.png</texture>
			</control>
			<control type="image">
				<posx>895</posx>
				<posy>0</posy>
				<width>385</width>
				<height>73</height>
				<aspectratio>stretch</aspectratio>
				<texture>$INFO[Container.TVshowThumb]</texture>
			</control>
			<control type="image">
				<posx>895</posx>
				<posy>440</posy>
				<width>385</width>
				<height>245</height>
				<aspectratio>keep</aspectratio>
				<texture>$INFO[Listitem.thumb]</texture>
			</control>
			<control type="group">
				<posx>1210</posx>
				<posy>685</posy>
				<control type="image">
					<posx>-230</posx>
					<posy>-5</posy>
					<width>320</width>
					<height>30</height>
					<colordiffuse>AAFFFFFF</colordiffuse>
					<texture>list-focus.png</texture>
					<visible>Control.HasFocus(60)</visible>
					<include>VisibleFadeEffect</include>
				</control>
				<control type="label">
					<description>Page Count Label</description>
					<posx>0</posx>
					<posy>0</posy>
					<width>300</width>
					<height>20</height>
					<font>font12b</font>
					<textcolor>white</textcolor>
					<scroll>false</scroll>
					<align>right</align>
					<aligny>center</aligny>
					<label>($INFO[Container.NumItems]) $LOCALIZE[31025] - $LOCALIZE[31024] ($INFO[Container.CurrentPage]/$INFO[Container.NumPages])</label>
				</control>
				<control type="spincontrol" id="60">
					<description>Next page button</description>
					<posx>10</posx>
					<posy>0</posy>
					<subtype>page</subtype>
					<font>-</font>
					<onleft>50</onleft>
					<onright>9000</onright>
					<ondown>60</ondown>
					<onup>50</onup>
					<textcolor>white</textcolor>
					<showonepage>true</showonepage>
				</control>
			</control>
			<control type="list" id="55">
				<visible>Container.Content(Episodes)</visible>
				<posx>900</posx>
				<posy>80</posy>
				<width>370</width>
				<height>355</height>
				<onleft>9000</onleft>
				<onright>60</onright>
				<onup>55</onup>
				<ondown>55</ondown>
				<viewtype label="31030">list</viewtype>
				<pagecontrol>60</pagecontrol>
				<scrolltime>200</scrolltime>
				<itemlayout height="25" width="365">
					<control type="label">
						<posx>15</posx>
						<posy>0</posy>
						<width>355</width>
						<height>25</height>
						<font>font12</font>
						<textcolor>grey2</textcolor>
						<selectedcolor>blue</selectedcolor>
						<shadowcolor>black</shadowcolor>
						<align>left</align>
						<aligny>center</aligny>
						<info>ListItem.Label</info>
					</control>
				</itemlayout>
				<focusedlayout height="30" width="365">
					<control type="image">
						<posx>0</posx>
						<posy>0</posy>
						<width>370</width>
						<height>30</height>
						<colordiffuse>AAFFFFFF</colordiffuse>
						<texture>list-focus.png</texture>
						<visible>Control.HasFocus(55)</visible>
						<include>VisibleFadeEffect</include>
					</control>
					<control type="label">
						<posx>15</posx>
						<posy>0</posy>
						<width>355</width>
						<height>30</height>
						<font>font12</font>
						<textcolor>white</textcolor>
						<selectedcolor>blue</selectedcolor>
						<shadowcolor>black</shadowcolor>
						<align>left</align>
						<aligny>center</aligny>
						<label>[B]$INFO[ListItem.Label][/B]</label>
					</control>
				</focusedlayout>
			</control>
		</control>
		<control type="group">
			<visible>Control.IsVisible(55)</visible>
			<animation effect="fade" time="600" delay="400">Visible</animation>
			<animation effect="fade" time="200">Hidden</animation>
			<control type="label">
				<posx>20</posx>
				<posy>15</posy>
				<width>830</width>
				<height>30</height>
				<font>font18</font>
				<textcolor>white</textcolor>
				<shadowcolor>black</shadowcolor>
				<scroll>true</scroll>
				<align>center</align>
				<aligny>center</aligny>
				<label>[UPPERCASE]$INFO[ListItem.TVShowTitle][/UPPERCASE]</label>
				<animation effect="slide" end="0,15" start="0,0" time="0" condition="system.getbool(lookandfeel.enablemouse)">Conditional</animation>
			</control>
			<control type="label">
				<posx>20</posx>
				<posy>565</posy>
				<width>830</width>
				<height>30</height>
				<font>font18</font>
				<textcolor>white</textcolor>
				<shadowcolor>black</shadowcolor>
				<scroll>true</scroll>
				<align>center</align>
				<aligny>center</aligny>
				<label>[UPPERCASE]$INFO[ListItem.Title][/UPPERCASE]</label>
			</control>
			<control type="textbox">
				<description>Common Plot Value for all Content types</description>
				<posx>20</posx>
				<posy>600</posy>
				<width>830</width>
				<height>100</height>
				<font>font11</font>
				<align>justify</align>
				<textcolor>white</textcolor>
				<shadowcolor>black</shadowcolor>
				<pagecontrol>9999999999</pagecontrol>
				<label>$INFO[ListItem.Plot]</label>
				<autoscroll time="2000" delay="3000" repeat="5000">Skin.HasSetting(AutoScroll)</autoscroll>
			</control>
		</control>
	</include>
</includes>
