<?xml version="1.0" encoding="UTF-8"?>
<addoninfo>
    <!-- (required) guuid: unique identifier of this addon
    guuids can be generated online at sites such as http://www.famkruithof.net/uuid/uuidgen -->
    <guid>edd8bad0-5c7f-11df-a08a-0800200c9a66</guid>

    <!-- (required) type:
    1:  visualization
    2:  skin
    3:  pvrdll
    4:  script
    5:  scraper
    6:  screensaver
    7:  plugin-pvr
    8:  plugin-video
    9:  plugin-music
    10: plugin-program
    11: plugin-pictures
    12: plugin-weather -->
    <type>2</type>

    <!-- (required) Title -->
    <title>Ellipsis</title>

    <!-- (required) Major.minor.build -->
    <version>1.1.20100308</version>

    <!-- (required) author name & email.  at least one author name is required -->
    <authors>
        <author name="Team Blackbolt" email="" />
    </authors>

    <!-- (required) Short description of addon. -->
    <summary>Ellipsis Beta v1.1 SVN 20100308</summary>

    <!-- Longer description of addon.  Usage instructions should go here if required. -->
    <description>Ellipsis is a Graphical User Interface for XBMC Media Center, a media playback application available on Xbox, PC, Mac &amp; Linux. To find out more about XBMC Media Center click here.

Our aim with Ellipsis is to make the navigation and use of XBMC as user friendly as possible, so easy to use infact that a young child can use it just as easily as her grandmother can. Hopefully we have achieved this goal.

Supporting the latest media center additions, such as full library support, fanart and media flags, We think you will enjoy what ellipsis has to offer.</description>

    <!-- user defined tags e.g. <tags><tag>Example</tag></tags> -->
    <tags>
        <tag></tag>
    </tags>

    <!-- minimum revision of xbmc your addon will run on.  Leave blank all for revisions-->
    <minrevision></minrevision>

    <!--patforms compatible with your addon.   xbox, osx, windows, linux, or all -->
    <platforms>
        <platform>all</platform>
    </platforms>

    <!-- (optional) The License the addon is released under.-->
    <license>GPL</license>
</addoninfo>
