<includes>
	<include file="Defaults.xml"/>
	<include file="CommonViews.xml"/>
	<include name="shadow-black"><shadowcolor>FF000000</shadowcolor></include> <!-- black -->

	<!-- Named Colors Used in Skin Update colours Folder with skin xml -->

  <!-- LED BRIGHT -->
  <include name="textcolor-LEDBRIGHT">
    <focusedcolor>LEDBRIGHT</focusedcolor>
  </include>

  <!-- LED DIMMED -->
  <include name="textcolor-LEDDIMM">
    <textcolor>LEDDIMM</textcolor>
  </include>

  <!-- spin control color use same color as main text color -->
  <include name="textcolor-spincontrol">
    <spincolor>SpinText</spincolor>
  </include>

  <!-- Main text color -->
  <include name="textcolor-white">
    <textcolor>NormalText</textcolor>
  </include>

  <!-- Dimmed Unselectable Text -->
  <include name="textcolor-grey">
    <textcolor>DimmedText</textcolor>
  </include>

  <include name="textcolor-disabled"><disabledcolor>DimmedText</disabledcolor></include>

  <!-- Page Header -->
  <include name="textcolor-PageHeader"><textcolor>PageHeader</textcolor></include>
  
  <!-- Focused Text -->
  <include name="textcolor-focused"><focusedcolor>FocusedText</focusedcolor></include> 
  
  <!-- Normal Text -->
  <include name="textcolor-normal"><textcolor>NormalText</textcolor></include>
  
  <!-- Selected Text -->
  <include name="textcolor-selected"><selectedcolor>SelectedText</selectedcolor></include>  <!-- Selected Item Orange -->

  <!-- Dialog Text -->
  <include name="textcolor-dialog">
    <textcolor>DialogText</textcolor>
  </include>
  
  <include name="textcolor-black"><textcolor>ContextText</textcolor></include>			<!-- black text - Context menu -->
	<include name="textcolor-rsstitle"><titlecolor>RssTitle</titlecolor></include>			<!-- Rss News Item Grey-->
	<include name="textcolor-rssheadline"><headlinecolor>RssHeader</headlinecolor></include><!-- Rss News Header Color-->
	
	<!-- Other Colors -->
	<include name="textcolor2-white"><textcolor2>D0FFFFFF</textcolor2></include> <!-- white opaque -->
	<include name="textcolor-yellow"><textcolor>FFE7FF00</textcolor></include> <!-- Yellow Unused -->
	<include name="textcolor-green"><textcolor>FF9FCA4F</textcolor></include> <!-- Green? -->
	<include name="textcolor-green2"><textcolor>FF80C234</textcolor></include> <!-- Green? -->
	<include name="textcolor-selected2"><selectedcolor2>ff2ab904</selectedcolor2></include> <!-- darkgreen -->
	

  


  <include name="MenuEffect">
    <posx>95</posx>
    <posy>468</posy>
    <animation effect="slide" time="200" end="0,300">unfocus</animation>
    <animation effect="slide" time="200" end="0,-300">focus</animation>
  </include>
  
  <include name="ScreenItemsFadeIn">
    <animation effect="fade"  delay="2500" time="100" condition="Window.Previous(Home)">WindowOpen</animation>
    <animation effect="fade"  delay="0" time="0" condition="!Window.Previous(Home)">WindowOpen</animation>
    <animation effect="fade"  delay="0" time="100" condition="Window.Previous(Home)">WindowClose</animation>
    <animation effect="fade"  delay="0" time="0" condition="!Window.Previous(Home)">WindowClose</animation>

  </include>

  <include name="ScreenViewsFadeIn">
    <animation effect="fade"  delay="2000" time="100" condition="Window.Previous(Home)">WindowOpen</animation>
    <animation effect="fade"  delay="0" time="100" condition="!Window.Previous(Home)">WindowOpen</animation>
    <animation effect="fade"  delay="" time="100" condition="Window.Previous(Home)">WindowClose</animation>
    <animation effect="fade"  delay="" time="0" condition="!Window.Previous(Home)">WindowClose</animation>


  </include>


  <include name="CommonBackground">
  <control type="image">
    <width>720</width>
    <height>576</height>
    <texture>ampbehind.png</texture>
  </control>

    <control type="image">
      <posy>525</posy>
      <posx>0</posx>
      <width>720</width>
      <height>56</height>
      <texture>ampFloor.png</texture>
    </control>




    <!-- Main Amp Visuals and controls-->
    <control type="group">
      <posx>100</posx>
      <posy>360</posy>

      <control type="image">
        <description>Blank for behind lcds</description>
        <posx>90</posx>
        <posy>48</posy>
        <width>410</width>
        <height>110</height>
        <texture>blank.png</texture>
      </control>


      <control type="image">
        <animation effect="fade"  time="1800">WindowOpen</animation>
        <animation effect="fade"  time="400">WindowClose</animation>
        <description>Blank for behind lcds</description>
        <posx>90</posx>
        <posy>48</posy>
        <width>410</width>
        <height>110</height>
        <texture>ledbehind.png</texture>
      </control>







      <control type="image">
        <description>LeftFoot</description>
        <posx>25</posx>
        <posy>155</posy>
        <width>90</width>
        <height>30</height>
        <texture>foot.png</texture>
      </control>



      <control type="image">
        <description>RightFoot</description>
        <posx>410</posx>
        <posy>155</posy>
        <width>90</width>
        <height>30</height>
        <texture>foot.png</texture>
      </control>

      <!--Reflection-->
      <control type="image">
        <description>LeftFoot</description>
        <posx>25</posx>
        <posy>188</posy>
        <width>90</width>
        <height>40</height>
        <texture flipy="true" diffuse="fade2.png">foot.png</texture>
      </control>
      <control type="image">
        <description>RightFoot</description>
        <posx>410</posx>
        <posy>188</posy>
        <width>90</width>
        <height>40</height>
        <texture flipy="true" diffuse="fade2.png">foot.png</texture>
      </control>



      <control type="image">
        <description>refect faceplate</description>
        <posx>0</posx>
        <posy>188</posy>
        <width>520</width>
        <height>180</height>
        <texture flipy="true" diffuse="fade2.png">faceplate.png</texture>
      </control>
      <!--Reflection-->



      <control type="image">
        <description>FacePlate</description>
        <width>520</width>
        <height>180</height>
        <texture>Faceplate.png</texture>
      </control>


      <control type="image">
        <description>KnobBack</description>
        <aspectratio>keep</aspectratio>
        <posx>0</posx>
        <posy>38</posy>
        <width>120</width>
        <height>120</height>
        <texture>Knobback.png</texture>
      </control>

      <control type="image">
        <aspectratio>keep</aspectratio>
        <description>KnobFront</description>
        <posx>0</posx>
        <posy>40</posy>
        <width>120</width>
        <height>120</height>

        <texture>Knobfront.png</texture>
      </control>



      <!--Group for Change Media Controls-->
      <control type="group">
        <description>Change Media</description>

        <!--Images Buttons Off-->
        <control type="image">
          <posx>105</posx>
          <posy>70</posy>
          <width>10</width>
          <height>10</height>
          <texture>Select_off.png</texture>
          <aspectratio>stretch</aspectratio>
          <animation effect="fade" delay="100" time="100" start="0">visible</animation>
          <animation effect="fade" time="50" end="0">hidden</animation>
        </control>
        <control type="image">
          <posx>105</posx>
          <posy>95</posy>
          <width>10</width>
          <height>10</height>
          <texture>Select_off.png</texture>
          <aspectratio>stretch</aspectratio>

          <animation effect="fade" delay="100" time="100" start="0">visible</animation>
          <animation effect="fade" time="50" end="0">hidden</animation>
        </control>
        <control type="image">
          <posx>105</posx>
          <posy>120</posy>
          <width>10</width>
          <height>10</height>
          <texture>Select_off.png</texture>
          <aspectratio>stretch</aspectratio>
          <animation effect="fade" delay="100" time="100" start="0">visible</animation>
          <animation effect="fade" time="50" end="0">hidden</animation>
        </control>

      </control>






    </control>




    <!--Non Animated Screen Opening-->
    <control type="group">
      <visible >!Window.Previous(Home)</visible>
      <posx>5</posx>
      <control type="image">
        <description>tray</description>
        <width>700</width>
        <height>520</height>
        <posx>7</posx>
        <posy>20</posy>
        <texture>tft_Middle.png</texture>
      </control>


      <control type="visualisation">
        <visible>Player.HasAudio</visible>
        <description>visualisation</description>
        <posx>16</posx>
        <posy>10</posy>
        <width>680</width>
        <height>535</height>
        <animation effect="fade" delay="2000" time="200">WindowOpen</animation>
      </control>

      <control type="image">
        <posx>16</posx>
        <posy>10</posy>
        <width>680</width>
        <height>535</height>
        <texture>wallpaper1.png</texture>
        <visible>!Skin.HasSetting(Custom-Background-Folder)</visible>
        <animation effect="fade" delay="0" time="200">WindowOpen</animation>
      </control>


      
      
      <control type="multiimage">
        <posx>16</posx>
        <posy>10</posy>
        <width>680</width>
        <height>535</height>
        <timeperimage>20000</timeperimage>
        <fadetime>2000</fadetime>
        <randomize>true</randomize>
        <imagepath>-</imagepath>
        <info>Skin.String(Custom-Background-Folder)</info>
       <!-- <colordiffuse>90ffffff</colordiffuse>-->
        <visible>!Skin.HasSetting(Custom-Background-Folder)</visible>
      </control>

      <control type="image">
        <description>tray</description>
        <width>683</width>
        <posx>16</posx>
        <posy>520</posy>
        <texture>startbar.png</texture>
      </control>

      <control type="image">
        <description>tray</description>
        <width>100</width>
        <height>30</height>
        <posx>16</posx>
        <posy>520</posy>
        <texture>startbtn.png</texture>
      </control>




      <control type ="label">
        <posx>60</posx>
        <posy>530</posy>
        <align>center</align>
        <aligny>center</aligny>
        <label>Start :)</label>
        <font>font18</font>
        <include>textcolor-normal</include>

      </control>

      <control type="label">
        <description>Time label</description>
        <posx>650</posx>
        <posy>530</posy>
        <align>center</align>
        <aligny>center</aligny>
        <info>System.Time</info>
        <font>font18</font>
        <include>textcolor-normal</include>
      </control>

      <control>
        <description>Weather conditions</description>
        <type>image</type>
        <id>1</id>
        <posx>590</posx>
        <posy>520</posy>
        <height>30</height>
        <width>30</width>
        <info>Weather.Conditions</info>
        <colordiffuse>98FFFFFFF</colordiffuse>
        <visible>system.hasnetwork</visible>
      </control>

      <control type="image">
        <description>tray</description>
        <width>700</width>
        <posx>7</posx>
        <posy>25</posy>
        <texture>tft_Top.png</texture>
      </control>

      <control type="image">
        <description>tray</description>
        <width>700</width>
        <posx>7</posx>
        <posy>520</posy>
        <texture>tft_Bottom.png</texture>
      </control>


      <control type="image">
        <description>tray</description>
        <width>700</width>
        <posx>7</posx>
        <posy>0</posy>
        <texture>tft_vTop.png</texture>
      </control>

      <control type="image">
        <description>tray</description>
        <width>700</width>
        <posx>7</posx>
        <posy>545</posy>
        <texture>tft_vBottom.png</texture>
      </control>



      <control type="image">
        <description>Gloss Overlay</description>
        <posx>9</posx>
        <posy>30</posy>
        <width>605</width>
        <height>400</height>
        <texture >tft_gloss.png</texture>
      </control>
    </control>

    <!--Animation Open-->
    <control type="group">
      <animation effect="fade" delay="0" time="1">WindowClose</animation>
      <visible >Window.Previous(Home)</visible>
      <posx>5</posx>
      <control type="image">
        <description>tray</description>
        <width>700</width>
        <height>20</height>
        <posx>7</posx>
        <posy>320</posy>
        <texture>tft_Middle.png</texture>
        <animation effect="zoom" end="100,2665" center="360,332" time="1000" delay="00" condition="" >WindowOpen</animation>
        <!--        <animation effect="zoom" start="100,2665" center="360,331" time="2000" delay="40">WindowClose</animation>
-->
      </control>



      <control type="image">
        <posx>16</posx>
        <posy>10</posy>
        <width>680</width>
        <height>535</height>
        <texture>wallpaper1.png</texture>
        <visible>!Skin.HasSetting(Custom-Background-Folder)</visible>
        <animation effect="fade" delay="1000" time="200">WindowOpen</animation>

      </control>



      <control type="multiimage">
        <posx>16</posx>
        <posy>10</posy>
        <width>680</width>
        <height>535</height>
        <timeperimage>20000</timeperimage>
        <fadetime>2000</fadetime>
        <randomize>true</randomize>
        <imagepath>-</imagepath>
        <info>Skin.String(Custom-Background-Folder)</info>
        <!--<colordiffuse>90ffffff</colordiffuse>-->
        <animation effect="fade" delay="1000" time="200">WindowOpen</animation>
        <visible>!Skin.HasSetting(Custom-Background-Folder)</visible>
      </control>

      <control type="image">
        <description>tray</description>
        <width>700</width>
        <posx>6</posx>
        <posy>25</posy>
        <texture>tft_Top.png</texture>
        <animation effect="fade" time="1000"  delay="1000">WindowOpen</animation>
        <!--        <animation effect="fade" time="40"  delay="0">WindowClose</animation>
-->
      </control>


      <control type="image">
        <description>tray</description>
        <width>682</width>
        <posx>16</posx>
        <posy>520</posy>
        <texture>startbar.png</texture>
        <animation effect="fade" time="1000"  delay="1000">WindowOpen</animation>
        <!--       <animation effect="fade" time="40"  delay="0">WindowClose</animation>
 -->
      </control>

      <control type="label">
        <description>Time label</description>
        <posx>650</posx>
        <posy>530</posy>
        <align>center</align>
        <aligny>center</aligny>
        <info>System.Time</info>
        <font>font18</font>
        <include>textcolor-normal</include>
        <animation effect="fade" time="1000"  delay="1000">WindowOpen</animation>
        <!--        <animation effect="fade" time="40"  delay="0">WindowClose</animation>
-->
      </control>

      <control>
        <description>Weather conditions</description>
        <type>image</type>
        <id>1</id>
        <posx>590</posx>
        <posy>520</posy>
        <height>30</height>
        <width>30</width>
        <info>Weather.Conditions</info>
        <colordiffuse>98FFFFFFF</colordiffuse>
        <animation effect="fade"  time="1000" delay="1000">WindowOpen</animation>
        <visible >system.hasnetwork</visible>
      </control>

      <control type="image">
        <description>tray</description>
        <width>100</width>
        <height>30</height>
        <posx>16</posx>
        <posy>520</posy>
        <texture>startbtn.png</texture>
        <animation effect="fade" time="1000"  delay="1000">WindowOpen</animation>
        <!-- <animation effect="fade" time="40"  delay="0">WindowClose</animation>
      -->
      </control>

      <control type ="label">
        <posx>60</posx>
        <posy>530</posy>
        <align>center</align>
        <aligny>center</aligny>
        <label>Start :)</label>
        <font>font18</font>
        <include>textcolor-normal</include>
        <animation effect="fade" time="1000"  delay="1000">WindowOpen</animation>
        <!-- <animation effect="fade" time="40"  delay="0">WindowClose</animation>
      -->
      </control>
      <control type="image">
        <description>tray</description>
        <width>700</width>
        <posx>7</posx>
        <posy>520</posy>
        <texture>tft_Bottom.png</texture>
        <animation effect="fade"  time="500" delay="1200">WindowOpen</animation>
        <!-- <animation effect="fade"  time="40" delay="0">WindowClose</animation>
       -->
      </control>


      <control type="image">
        <description>tray</description>
        <width>700</width>
        <posx>7</posx>
        <posy>300</posy>
        <texture>tft_vTop.png</texture>
        <animation effect="slide" end="0,-300" time="1000" >WindowOpen</animation>
        <!--<animation effect="slide" start="0,-300" time="2000" >WindowClose</animation>
        -->
      </control>

      <control type="image">
        <description>tray</description>
        <width>700</width>
        <posx>7</posx>
        <posy>326</posy>
        <texture>tft_vBottom.png</texture>
        <animation effect="slide" end="0,219" time="1000" >WindowOpen</animation>
        <!--<animation effect="slide" start="0,220" time="2000" delay="200" >WindowClose</animation>
        -->
      </control>

      <control type="image">
        <description>Gloss Overlay</description>
        <posx>9</posx>
        <posy>30</posy>
        <width>605</width>
        <height>400</height>
        <animation effect="fade"  time="1800" delay="1000">WindowOpen</animation>
        <!--<animation effect="fade"  time="40" delay="0">WindowClose</animation>
        -->
        <texture >tft_gloss.png</texture>
      </control>
    </control>


    <!-- GAY FIX to stop window disapearing when switching views ! -->
    <control type="group">
      <visible >Window.Previous(Home)</visible>
      <animation effect="fade" time="0" delay="3000">WindowOpen</animation>
      <posx>5</posx>
      <control type="image">
        <description>tray</description>
        <width>700</width>
        <height>520</height>
        <posx>7</posx>
        <posy>20</posy>
        <texture>tft_Middle.png</texture>
      </control>

      <control type="visualisation">
        <visible>Player.HasAudio</visible>
        <description>visualisation</description>
        <posx>16</posx>
        <posy>10</posy>
        <width>680</width>
        <height>535</height>
        <!-- <animation effect="fade"  time="0">WindowClose</animation>-->
        <animation effect="fade"  delay="2000" time="800">WindowOpen</animation>
      </control>


      <control type="image">
        <posx>16</posx>
        <posy>10</posy>
        <width>680</width>
        <height>535</height>
        <texture>wallpaper1.png</texture>
        <visible>!Skin.HasSetting(Custom-Background-Folder)</visible>
      </control>




      <control type="multiimage">
        <posx>16</posx>
        <posy>10</posy>
        <width>680</width>
        <height>535</height>
        <timeperimage>20000</timeperimage>
        <fadetime>2000</fadetime>
        <randomize>true</randomize>
        <imagepath>-</imagepath>
        <info>Skin.String(Custom-Background-Folder)</info>
        <!-- <colordiffuse>90ffffff</colordiffuse>-->
        <visible>!Skin.HasSetting(Custom-Background-Folder)</visible>
      </control>

      <control type="image">
        <description>tray</description>
        <width>683</width>
        <posx>16</posx>
        <posy>520</posy>
        <texture>startbar.png</texture>
      </control>

      <control type="image">
        <description>tray</description>
        <width>100</width>
        <height>30</height>
        <posx>16</posx>
        <posy>520</posy>
        <texture>startbtn.png</texture>
      </control>




      <control type ="label">
        <posx>60</posx>
        <posy>530</posy>
        <align>center</align>
        <aligny>center</aligny>
        <label>Start :)</label>
        <font>font18</font>
        <include>textcolor-normal</include>

      </control>

      <control type="label">
        <description>Time label</description>
        <posx>650</posx>
        <posy>530</posy>
        <align>center</align>
        <aligny>center</aligny>
        <info>System.Time</info>
        <font>font18</font>
        <include>textcolor-normal</include>
      </control>

      <control>
        <description>Weather conditions</description>
        <type>image</type>
        <id>1</id>
        <posx>590</posx>
        <posy>520</posy>
        <height>30</height>
        <width>30</width>
        <info>Weather.Conditions</info>
        <colordiffuse>98FFFFFFF</colordiffuse>
        <visible>system.hasnetwork</visible>
      </control>

      <control type="image">
        <description>tray</description>
        <width>700</width>
        <posx>7</posx>
        <posy>25</posy>
        <texture>tft_Top.png</texture>
      </control>

      <control type="image">
        <description>tray</description>
        <width>700</width>
        <posx>7</posx>
        <posy>520</posy>
        <texture>tft_Bottom.png</texture>
      </control>


      <control type="image">
        <description>tray</description>
        <width>700</width>
        <posx>7</posx>
        <posy>0</posy>
        <texture>tft_vTop.png</texture>
      </control>

      <control type="image">
        <description>tray</description>
        <width>700</width>
        <posx>7</posx>
        <posy>545</posy>
        <texture>tft_vBottom.png</texture>
      </control>



      <control type="image">
        <description>Gloss Overlay</description>
        <posx>9</posx>
        <posy>30</posy>
        <width>605</width>
        <height>400</height>
        <texture >tft_gloss.png</texture>
      </control>
    </control>
    
  </include>
  
  <!--
	<include name="CommonBackground_FullscreenDialogs">
		<control type="image">
      <posx>20</posx>
      <posy>25</posy>
      <width>683</width>
      <height>495</height>
      <texture>wallpaper1.png</texture>
		</control>
	</include>
  -->
  
	<include name="MusicThumbDisplayPanel">
		<control type="image">
			<description>ListItem Thumb Background</description>
			<posx>0</posx>
			<posy>0</posy>
			<width>400</width>
			<height>250</height>
			<texture>Panel_Audio.png</texture>
		</control>
		<control type="image">
			<description>ListItem Thumb</description>
			<posx>20</posx>
			<posy>30</posy>
			<width>150</width>
			<height>150</height>
			<aspectratio>keep</aspectratio>
			<info>ListItem.Icon</info>
		</control>
		<control type="label">
			<description>ListItem Artist</description>
			<posx>180</posx>
			<posy>70</posy>
			<width>250</width>
			<height>70</height>
			<font>font20</font>
			<info>ListItem.Artist</info>
		</control>
		<control type="label">
			<description>ListItem Genre</description>
			<posx>180</posx>
			<posy>93</posy>
			<width>250</width>
			<height>70</height>
			<font>font20</font>
			<info>ListItem.Genre</info>
		</control>
		<control type="label">
			<description>ListItem Album</description>
      <scrolltime>200</scrolltime>
			<posx>180</posx>
			<posy>120</posy>
			<width>230</width>
			<height>70</height>
			<font>font16</font>
			<wrapmultiline>true</wrapmultiline>
			<info>ListItem.Album</info>
		</control>
		<control type="fadelabel">
			<description>ListItem Name</description>
			<posx>20</posx>
			<posy>185</posy>
			<width>370</width>
			<height>70</height>
			<font>font22</font>
			<info>ListItem.Label</info>
		</control>
	</include>
  
  
  
	<include name="MusicNowPlayingDisplay">
    <control type="group">
      <animation effect="fade" delay="4000" time="1000">WindowOpen</animation>
      <posx>330</posx>
			<posy>437</posy>
      <visible>Player.HasAudio + !container.hasthumb + !container.content(episodes)</visible>
      <control type="image">
        <description>Mplayer</description>
        <posx>0</posx>
        <posy>0</posy>
        <width>350</width>
        <height>80</height>
        <texture>mplayer_back.png</texture>
      </control>

      <control type="image">
        <description>ListItem Thumb</description>
        <posx>10</posx>
        <posy>7</posy>
        <width>80</width>
        <height>63</height>
        <aspectratio align="left">keep</aspectratio>
        <info>MusicPlayer.Cover</info>
        <texture diffuse="Music_Cover_Diffuse.png" />
      </control>
			<control type="label">
				<description>Title label</description>
				<posx>75</posx>
				<posy>10</posy>
        <width>240</width>
        <scrolltime>200</scrolltime>
        <label>$INFO[MusicPlayer.Time]$INFO[MusicPlayer.Duration, / ]</label>
				<font>font14_NoBold</font>
				<include>textcolor-grey</include>
			</control>
			<control type="label">
				<description>Artist label</description>
				<posx>75</posx>
        <scrolltime>200</scrolltime>
				<posy>30</posy>
        <width>240</width>
        <label>$INFO[MusicPlayer.Artist] - $INFO[MusicPlayer.Title]</label>
				<font>font18</font>
				<include>textcolor-grey</include>
			</control>
			<control type="label">
				<description>Time label</description>
        <width>240</width>
        
        <posx>75</posx>
				<posy>53</posy>
				<label>$INFO[MusicPlayer.Album]</label>
				<font>font14_NoBold</font>
				<include>textcolor-grey</include>
			</control>
      <control type="image">
        <description>Mplayer</description>
        <posx>0</posx>
        <posy>0</posy>
        <width>350</width>
        <height>80</height>
        <texture>mplayer.png</texture>
      </control>
		</control>
	</include>
  
	<include name="Slide_From_Left_Animation">
		<animation effect="slide" time="300" start="-720,0" end="0,0" acceleration="-1.1" delay="0" condition="!Skin.HasSetting(animated)">WindowOpen</animation>
		<animation effect="slide" time="300" start="0,0" end="-720,0" acceleration="1.3" delay="0" condition="!Skin.HasSetting(animated)">WindowClose</animation>
	</include>
	<include name="Slide_From_Right_Animation">
		<animation effect="slide" time="300" start="720,0" end="0,0" acceleration="-1.1" delay="0" condition="!Skin.HasSetting(animated)">WindowOpen</animation>
		<animation effect="slide" time="300" start="0,0" end="720,0" acceleration="1.3" delay="0" condition="!Skin.HasSetting(animated)">WindowClose</animation>
	</include>
  
	<include name="Fade_Window_OpenClose_Animation">
		<animation effect="fade" start="100" end="0" time="300" condition="!Skin.HasSetting(animated)">WindowClose</animation>
		<animation effect="fade" start="0" end="100" time="300" condition="!Skin.HasSetting(animated)">WindowOpen</animation>
	</include>
	<include name="Fade_Dialog_OpenClose_Animation">
  
		<animation effect="fade" start="100" end="0" time="200" condition="!Skin.HasSetting(animated)">WindowClose</animation>
		<animation effect="fade" start="0" end="100" time="200" condition="!Skin.HasSetting(animated)">WindowOpen</animation>
	</include>
	<include name="Fade_List_FocusUnfocus_Animation">
		<animation effect="fade" start="50" end="100" time="100">Focus</animation>
		<animation effect="fade" start="100" end="50" time="100">UnFocus</animation>
	</include>
	<include name="homemediainfo">
		<visible>Player.HasAudio</visible>
		<animation effect="fade" time="200">VisibleChange</animation>
		<animation effect="fade" time="200"  condition="!Skin.HasSetting(animated)">WindowOpen</animation>
		<animation effect="fade" time="200"  condition="!Skin.HasSetting(animated)">WindowClose</animation>
	</include>
	<include file="Translate.xml" />
</includes>