<window type="dialog" id="57">
<defaultcontrol always="true">10</defaultcontrol>
<allowoverlay>no</allowoverlay>
  
<coordinates>
	<system>1</system>
	<posx>208</posx>
	<posy>188</posy>
</coordinates>
  
<include>DefaultFade</include>
	
<controls>
	
	<control type="group">
    <include>OptionBack1-4</include>
    <control type="image">
      <description>Header Back</description>
      <posx>0</posx>
      <posy>0</posy>
      <width>304</width>
      <height>45</height>
      <align>left</align>
      <texture>ButtonNF.png</texture>
    </control>
		<control type="label" id="1">
			<description>Header Label</description>
			<posx>10</posx>
			<posy>0</posy>
      <width>284</width>
			<height>45</height>
			<align>left</align>
			<aligny>center</aligny>
			<label>$LOCALIZE[20052]!</label>
			<font>22BdFont</font>
			<textcolor>FocusedTextColor</textcolor>
		</control>
		
		<control type="label">
			<description>Line 1</description>
			<posx>10</posx>
			<posy>55</posy>
			<width>284</width>
      <align>left</align>
			<label>$LOCALIZE[31244]?</label>
			<font>18BdFont</font>
			<textcolor>DefaultTextColor</textcolor>
      <wrapmultiline>true</wrapmultiline>
		</control>
    <control type="label">
      <description>Line 2</description>
      <posx>10</posx>
      <posy>90</posy>
      <width>284</width>
      <align>left</align>
      <label>$LOCALIZE[31245]?</label>
      <font>18BdFont</font>
      <textcolor>DefaultTextColor</textcolor>
    </control>

		<control type="button" id="10">
			<description>No Button</description>
			<posx>47</posx>
			<posy>160</posy>
			<align>center</align>
			<label>$LOCALIZE[106]</label>
			<font>18BdFont</font>
			<onfocus>-</onfocus>
			<onup>-</onup>
			<ondown>-</ondown>
			<onleft>11</onleft>
			<onright>11</onright>
      <onclick>Dialog.Close(57)</onclick>
		</control>
		<control type="button" id="11">
			<description>Yes Button</description>
			<posx>157</posx>
			<posy>160</posy>
			<align>center</align>
			<label>$LOCALIZE[107]</label>
			<font>18BdFont</font>
			<onfocus>-</onfocus>
			<onup>-</onup>
			<ondown>-</ondown>
			<onleft>10</onleft>
			<onright>10</onright>
      <onclick>Skin.ResetSettings</onclick>
      <onclick>xbmc.ReloadSkin()</onclick>
      <onclick>Dialog.Close(57)</onclick>
		</control>
	</control>
		
</controls>
  
</window>