<window type="dialog" id="55">
<defaultcontrol always="true">2002</defaultcontrol>
<allowoverlay>no</allowoverlay>
  
<coordinates>
  <system>1</system>
  <posx>208</posx>
  <posy>170</posy>
</coordinates>
  
<include>DefaultFade</include>
  
<controls>

  <control type="group">
      <include>OptionBack1-5</include>
      <control type="image">
        <description>Header Back</description>
        <posx>0</posx>
        <posy>0</posy>
        <width>304</width>
        <height>45</height>
        <align>left</align>
        <texture>ButtonNF.png</texture>
      </control>
      <control type="label">
        <description>Submenu Header Label</description>
        <posx>35</posx>
        <posy>0</posy>
        <width>268</width>
        <height>45</height>
        <align>left</align>
        <aligny>center</aligny>
        <label>$LOCALIZE[1034]</label>
        <font>22BdFont</font>
        <textcolor>FocusedTextColor</textcolor>
      </control>

      <control type="button" id="2002">
        <description>Games</description>
        <posx>10</posx>
        <posy>55</posy>
        <width>284</width>
        <align>left</align>
        <label>$LOCALIZE[15016]</label>
        <font>18BdFont</font>
        <textoffsetx>40</textoffsetx>
        <texturefocus>-</texturefocus>
        <texturenofocus>-</texturenofocus>
        <onclick>Dialog.Close(55)</onclick>
        <onclick>XBMC.ActivateWindow(MyPrograms,Games)</onclick>
        <onup>2006</onup>
        <ondown>2003</ondown>
      </control>
      <control type="button" id="2003">
        <description>Emulators</description>
        <posx>10</posx>
        <posy>90</posy>
        <width>284</width>
        <align>left</align>
        <label>$LOCALIZE[31004]</label>
        <font>18BdFont</font>
        <textoffsetx>40</textoffsetx>
        <texturefocus>-</texturefocus>
        <texturenofocus>-</texturenofocus>
        <onclick>Dialog.Close(55)</onclick>
        <onclick>XBMC.ActivateWindow(MyPrograms,Emulators)</onclick>
        <onup>2002</onup>
        <ondown>2004</ondown>
      </control>
      <control type="button" id="2004">
        <description>Programs</description>
        <posx>10</posx>
        <posy>125</posy>
        <width>284</width>
        <align>left</align>
        <label>$LOCALIZE[0]</label>
        <font>18BdFont</font>
        <textoffsetx>40</textoffsetx>
        <texturefocus>-</texturefocus>
        <texturenofocus>-</texturenofocus>
        <onclick>Dialog.Close(55)</onclick>
        <onclick>XBMC.ActivateWindow(MyPrograms,Programs)</onclick>
        <onup>2003</onup>
        <ondown>2005</ondown>
      </control>
      <control type="button" id="2005">
        <description>Game Saves</description>
        <posx>10</posx>
        <posy>160</posy>
        <width>284</width>
        <align>left</align>
        <label>$LOCALIZE[20315]</label>
        <font>18BdFont</font>
        <textoffsetx>40</textoffsetx>
        <texturefocus>-</texturefocus>
        <texturenofocus>-</texturenofocus>
        <onclick>Dialog.Close(55)</onclick>
        <onclick>XBMC.ActivateWindow(gamesaves)</onclick>
        <onup>2004</onup>
        <ondown>2006</ondown>
      </control>
      <control type="button" id="2006">
        <description>Files</description>
        <posx>10</posx>
        <posy>195</posy>
        <width>284</width>
        <align>left</align>
        <label>$LOCALIZE[744]</label>
        <font>18BdFont</font>
        <textoffsetx>40</textoffsetx>
        <texturefocus>-</texturefocus>
        <texturenofocus>-</texturenofocus>
        <onclick>Dialog.Close(55)</onclick>
        <onclick>XBMC.ActivateWindow(MyPrograms)</onclick>
        <onup>2005</onup>
        <ondown>2002</ondown>
      </control>
    </control>
  
</controls>
  
</window>