<window id="51">
<defaultcontrol always="true">9000</defaultcontrol>
<allowoverlay>no</allowoverlay>
  
<controls>

<include>Backgrounds</include>

  <control type="group">
    <posx>20</posx>
    <posy>65</posy>
    <include>SettingsBack</include>
    <control type="image">
      <description>Header Back</description>
      <posx>0</posx>
      <posy>0</posy>
      <width>680</width>
      <height>45</height>
      <align>left</align>
      <texture>ButtonNF.png</texture>
    </control>
    <control type="label" id="1000">
      <description>Header Label</description>
      <posx>10</posx>
      <posy>0</posy>
      <width>660</width>
      <height>45</height>
      <align>left</align>
      <aligny>center</aligny>
      <label>$LOCALIZE[5] $LOCALIZE[10507]</label>
      <font>22BdFont</font>
      <textcolor>FocusedTextColor</textcolor>
    </control>
    
    <control type="scrollbar" id="60">
      <description>Scroll Bar</description>
      <posx>650</posx>
      <posy>55</posy>
      <height>380</height>
      <onleft>9001</onleft>
      <onright>9000</onright>
      <onup>60</onup>
      <ondown>60</ondown>
      <visible>Control.HasFocus(60) + !Skin.HasSetting(ScrollBarsDialogs)</visible>
      <animation effect="fade" time="0" start="0" end="60" condition="Control.HasFocus(60)">Conditional</animation>
    </control>
    <control type="scrollbar" id="60">
      <description>Scroll Bar</description>
      <posx>650</posx>
      <posy>55</posy>
      <height>380</height>
      <onleft>9001</onleft>
      <onright>9000</onright>
      <onup>60</onup>
      <ondown>60</ondown>
      <visible>!Control.HasFocus(60) + !Skin.HasSetting(ScrollBarsDialogs)</visible>
      <animation effect="fade" time="0" start="0" end="30" condition="!Control.HasFocus(60)">Conditional</animation>
    </control>

		<control type="grouplist" id="9000">
      <description>Main Categories</description>
			<posx>10</posx>
			<posy>55</posy>
      <width>140</width>
      <height>380</height>
      <itemgap>5</itemgap>
			<onup>9000</onup>
			<ondown>9000</ondown>
			<onleft>60</onleft>
			<onright>9001</onright>
      <orientation>vertical</orientation>
			<control type="button" id="22">
				<description>Home</description>
        <width>140</width>
        <label>$LOCALIZE[10000]</label>
        <font>18BdFont</font>
			</control>
      <control type="button" id="23">
        <description>Videos</description>
        <width>140</width>
        <label>$LOCALIZE[3]</label>
        <font>18BdFont</font>
      </control>
			<control type="button" id="24">
				<description>Music</description>
        <width>140</width>
        <label>$LOCALIZE[2]</label>
        <font>18BdFont</font>
			</control>
      <control type="button" id="25">
        <description>Photos</description>
        <width>140</width>
        <label>$LOCALIZE[31000]</label>
        <font>18BdFont</font>
      </control>
			<control type="button" id="26">
				<description>Plug-Ins</description>
        <width>140</width>
        <label>$LOCALIZE[31002]</label>
        <font>18BdFont</font>
			</control>
      <control type="button" id="27">
        <description>Services</description>
        <width>140</width>
        <label>$LOCALIZE[31001]</label>
        <font>18BdFont</font>
      </control>
      <control type="button" id="28">
        <description>Weather</description>
        <width>140</width>
        <label>$LOCALIZE[8]</label>
        <font>18BdFont</font>
      </control>
      <control type="button" id="29">
        <description>Backgrounds</description>
        <width>140</width>
        <label>$LOCALIZE[31050]</label>
        <font>18BdFont</font>
      </control>
      <control type="button" id="30">
        <description>Views</description>
        <width>140</width>
        <label>$LOCALIZE[31051]</label>
        <font>18BdFont</font>
      </control>
      <control type="button" id="31">
        <description>Extras</description>
        <width>140</width>
        <label>$LOCALIZE[31052]</label>
        <font>18BdFont</font>
      </control>
		</control>
		
		<control type="grouplist" id="9001">
      <description>Home Control Area</description>
      <posx>160</posx>
      <posy>55</posy>
      <width>490</width>
      <height>380</height>
      <itemgap>5</itemgap>
			<orientation>vertical</orientation>
			<onup>9001</onup>
			<ondown>9001</ondown>
			<onleft>9000</onleft>
			<onright>60</onright>
      <pagecontrol>60</pagecontrol>
			<visible>ControlGroup(9000).HasFocus(22)</visible>
      <control type="radiobutton" id="42">
        <description>DVD-Rom Visible On Home Menu</description>
        <width>490</width>
        <label>$LOCALIZE[31060]</label>
        <font>18BdFont</font>
        <selected>!Skin.HasSetting(HomeDVD)</selected>
        <onclick>Skin.ToggleSetting(HomeDVD)</onclick>
      </control>
      <control type="radiobutton" id="43">
        <description>Videos Visible On Home Menu</description>
        <width>490</width>
        <label>$LOCALIZE[31061]</label>
        <font>18BdFont</font>
        <selected>!Skin.HasSetting(HomeVideos)</selected>
        <onclick>Skin.ToggleSetting(HomeVideos)</onclick>
      </control>
      <control type="radiobutton" id="44">
        <description>Videos Submenu</description>
        <width>490</width>
        <label>$LOCALIZE[31062]</label>
        <font>18BdFont</font>
        <selected>!Skin.HasSetting(HomeVideosSubmenu)</selected>
        <onclick>Skin.ToggleSetting(HomeVideosSubmenu)</onclick>
        <visible>!Skin.HasSetting(HomeVideos)</visible>
      </control>
      <control type="radiobutton" id="45">
        <description>Music Visible On Home Menu</description>
        <width>490</width>
        <label>$LOCALIZE[31063]</label>
        <font>18BdFont</font>
        <selected>!Skin.HasSetting(HomeMusic)</selected>
        <onclick>Skin.ToggleSetting(HomeMusic)</onclick>
      </control>
      <control type="radiobutton" id="46">
        <description>Music Submenu</description>
        <width>490</width>
        <label>$LOCALIZE[31064]</label>
        <font>18BdFont</font>
        <selected>!Skin.HasSetting(HomeMusicSubmenu)</selected>
        <onclick>Skin.ToggleSetting(HomeMusicSubmenu)</onclick>
        <visible>!Skin.HasSetting(HomeMusic)</visible>
      </control>
      <control type="radiobutton" id="47">
        <description>Photos Visible On Home Menu</description>
        <width>490</width>
        <label>$LOCALIZE[31065]</label>
        <font>18BdFont</font>
        <selected>!Skin.HasSetting(HomePhotos)</selected>
        <onclick>Skin.ToggleSetting(HomePhotos)</onclick>
      </control>
      <control type="radiobutton" id="48">
        <description>Plug-ins Visible On Home Menu</description>
        <width>490</width>
        <label>$LOCALIZE[31066]</label>
        <font>18BdFont</font>
        <selected>!Skin.HasSetting(HomePlugins)</selected>
        <onclick>Skin.ToggleSetting(HomePlugins)</onclick>
      </control>
      <control type="radiobutton" id="49">
        <description>Services Visible On Home Menu</description>
        <width>490</width>
        <label>$LOCALIZE[31067]</label>
        <font>18BdFont</font>
        <selected>!Skin.HasSetting(HomeServices)</selected>
        <onclick>Skin.ToggleSetting(HomeServices)</onclick>
      </control>
      <control type="radiobutton" id="50">
        <description>Services Submenu</description>
        <width>490</width>
        <label>$LOCALIZE[31068]</label>
        <font>18BdFont</font>
        <selected>!Skin.HasSetting(HomeServicesSubmenu)</selected>
        <onclick>Skin.ToggleSetting(HomeServicesSubmenu)</onclick>
        <visible>!Skin.HasSetting(HomeServices)</visible>
      </control>
      <control type="radiobutton" id="51">
        <description>Weather Visible On Home Menu</description>
        <width>490</width>
        <label>$LOCALIZE[31069]</label>
        <font>18BdFont</font>
        <selected>!Skin.HasSetting(HomeWeather)</selected>
        <onclick>Skin.ToggleSetting(HomeWeather)</onclick>
      </control>
      <control type="radiobutton" id="52">
        <description>Current Weather Conditions</description>
        <width>490</width>
        <label>$LOCALIZE[31070]</label>
        <font>18BdFont</font>
        <selected>Skin.HasSetting(WeatherInfo)</selected>
        <onclick>Skin.ToggleSetting(WeatherInfo)</onclick>
      </control>
      <control type="radiobutton" id="53">
        <description>Menu Animation</description>
        <width>490</width>
        <label>$LOCALIZE[31071]</label>
        <font>18BdFont</font>
        <selected>!Skin.HasSetting(HomeMenuAnimation)</selected>
        <onclick>Skin.ToggleSetting(HomeMenuAnimation)</onclick>
      </control>
      <control type="radiobutton" id="54">
        <description>Custom Home Selection Images</description>
        <width>490</width>
        <label>$LOCALIZE[31072]</label>
        <font>18BdFont</font>
        <selected>Skin.HasSetting(HomeSelectionImages)</selected>
        <onclick>Skin.ToggleSetting(HomeSelectionImages)</onclick>
      </control>
      <control type="button" id="55">
        <description>Set Videos Image Folder</description>
        <width>490</width>
        <align>left</align>
        <label> - $LOCALIZE[31073]</label>
        <label2>[COLOR=FocusedTextColor]$INFO[Skin.String(HomeVideosImages)][/COLOR]</label2>
        <font>18BdFont</font>
        <texturefocus>ButtonInputFo.png</texturefocus>
        <texturenofocus>ButtonInputNF.png</texturenofocus>
        <textoffsetx>5</textoffsetx>
        <onclick>Skin.SetPath(HomeVideosImages)</onclick>
        <visible>Skin.HasSetting(HomeSelectionImages)</visible>
      </control>
      <control type="button" id="56">
        <description>Set Music Image Folder</description>
        <width>490</width>
        <align>left</align>
        <label> - $LOCALIZE[31074]</label>
        <label2>[COLOR=FocusedTextColor]$INFO[Skin.String(HomeMusicImages)][/COLOR]</label2>
        <font>18BdFont</font>
        <texturefocus>ButtonInputFo.png</texturefocus>
        <texturenofocus>ButtonInputNF.png</texturenofocus>
        <textoffsetx>5</textoffsetx>
        <onclick>Skin.SetPath(HomeMusicImages)</onclick>
        <visible>Skin.HasSetting(HomeSelectionImages)</visible>
      </control>
      <control type="button" id="57">
        <description>Set Photos Image Folder</description>
        <width>490</width>
        <align>left</align>
        <label> - $LOCALIZE[31075]</label>
        <label2>[COLOR=FocusedTextColor]$INFO[Skin.String(HomePhotosImages)][/COLOR]</label2>
        <font>18BdFont</font>
        <texturefocus>ButtonInputFo.png</texturefocus>
        <texturenofocus>ButtonInputNF.png</texturenofocus>
        <textoffsetx>5</textoffsetx>
        <onclick>Skin.SetPath(HomePhotosImages)</onclick>
        <visible>Skin.HasSetting(HomeSelectionImages)</visible>
      </control>
      <control type="button" id="58">
        <description>Reset Selection Images</description>
        <width>490</width>
        <align>left</align>
        <label> - $LOCALIZE[31076]</label>
        <font>18BdFont</font>
        <texturefocus>ButtonInputFo.png</texturefocus>
        <texturenofocus>ButtonInputNF.png</texturenofocus>
        <textoffsetx>5</textoffsetx>
        <onclick>Skin.Reset(HomeVideosImages)</onclick>
        <onclick>Skin.Reset(HomeMusicImages)</onclick>
        <onclick>Skin.Reset(HomePhotosImages)</onclick>
        <onclick>Skin.Reset(HomeSelectionImages)</onclick>
        <onclick>SetFocus(54)</onclick>
        <visible>Skin.HasSetting(HomeSelectionImages)</visible>
      </control>
		</control>

    <control type="grouplist" id="9001">
      <description>Videos Control Area</description>
      <posx>160</posx>
      <posy>55</posy>
      <width>490</width>
      <height>380</height>  
      <itemgap>5</itemgap>
      <onup>9001</onup>
      <ondown>9001</ondown>
      <onleft>9000</onleft>
      <onright>60</onright>
      <pagecontrol>60</pagecontrol>
      <visible>ControlGroup(9000).HasFocus(23)</visible>
      <control type="radiobutton" id="62">
        <description>Background Video Enable</description>
        <width>490</width>
        <label>$LOCALIZE[31080]</label>
        <font>18BdFont</font>
        <selected>Skin.HasSetting(FullScreenVideoEnable)</selected>
        <onclick>Skin.ToggleSetting(FullScreenVideoEnable)</onclick>
      </control>
      <control type="radiobutton" id="63">
        <description>Enable Video and Music Fanart</description>
        <width>490</width>
        <label>$LOCALIZE[31081]</label>
        <font>18BdFont</font>
        <selected>!Skin.HasSetting(VideoFanart)</selected>
        <onclick>Skin.ToggleSetting(VideoFanart)</onclick>
      </control>
      <control type="radiobutton" id="64">
        <description>Enable Diffuse</description>
        <width>490</width>
        <label> - $LOCALIZE[31082]</label>
        <font>18BdFont</font>
        <visible>!Skin.HasSetting(VideoFanart)</visible>
        <selected>!Skin.HasSetting(VideoFanartDiffuse)</selected>
        <onclick>Skin.ToggleSetting(VideoFanartDiffuse)</onclick>
      </control>
    </control>
    
		<control type="grouplist" id="9001">
      <description>Music Control Area</description>
      <posx>160</posx>
      <posy>55</posy>
      <width>490</width>
      <height>345</height>
      <itemgap>5</itemgap>
			<onup>9001</onup>
			<ondown>9001</ondown>
			<onleft>9000</onleft>
			<onright>9000</onright>
      <pagecontrol>60</pagecontrol>
			<visible>ControlGroup(9000).HasFocus(24)</visible>
      <control type="radiobutton" id="82">
        <description>Background Visual Enable</description>
        <width>490</width>
        <label>$LOCALIZE[31100]</label>
        <font>18BdFont</font>
        <selected>Skin.HasSetting(FullScreenVisualEnable)</selected>
        <onclick>Skin.ToggleSetting(FullScreenVisualEnable)</onclick>
      </control>
      <control type="radiobutton" id="83">
        <description>Enable Music Fanart</description>
        <width>490</width>
        <label>$LOCALIZE[31101]</label>
        <font>18BdFont</font>
        <selected>!Skin.HasSetting(MusicFanart)</selected>
        <onclick>Skin.ToggleSetting(MusicFanart)</onclick>
      </control>
      <control type="radiobutton" id="84">
        <description>Enable Diffuse</description>
        <width>490</width>
        <label> - $LOCALIZE[31082]</label>
        <font>18BdFont</font>
        <visible>!Skin.HasSetting(MusicFanart)</visible>
        <selected>!Skin.HasSetting(MusicFanartDiffuse)</selected>
        <onclick>Skin.ToggleSetting(MusicFanartDiffuse)</onclick>
      </control>
		</control>

    <control type="grouplist" id="9001">
      <description>Photos Control Area</description>
      <posx>160</posx>
      <posy>55</posy>
      <width>490</width>
      <height>380</height>
      <itemgap>5</itemgap>
      <onup>9001</onup>
      <ondown>9001</ondown>
      <onleft>9000</onleft>
      <onright>60</onright>
      <pagecontrol>60</pagecontrol>
      <visible>ControlGroup(9000).HasFocus(25)</visible>
      <control type="radiobutton" id="102">
        <description>Full Background Photo</description>
        <width>490</width>
        <label>$LOCALIZE[31120]</label>
        <font>18BdFont</font>
        <selected>Skin.HasSetting(PhotoBack)</selected>
        <onclick>Skin.ToggleSetting(PhotoBack)</onclick>
      </control>
      <control type="radiobutton" id="103">
        <description>Enable Diffuse</description>
        <width>490</width>
        <label> - $LOCALIZE[31082]</label>
        <font>18BdFont</font>
        <visible>Skin.HasSetting(PhotoBack)</visible>
        <selected>!Skin.HasSetting(PhotoDiffuse)</selected>
        <onclick>Skin.ToggleSetting(PhotoDiffuse)</onclick>
      </control>
    </control>
    
		<control type="grouplist" id="9001">
      <description>Plug-Ins Control Area</description>
      <posx>160</posx>
      <posy>55</posy>
      <width>490</width>
      <height>380</height>
      <itemgap>5</itemgap>
			<onup>9001</onup>
			<ondown>9001</ondown>
			<onleft>9000</onleft>
			<onright>60</onright>
      <pagecontrol>60</pagecontrol>
			<visible>ControlGroup(9000).HasFocus(26)</visible>
      <control type="label" id="122">
        <description>No Settings</description>
        <width>490</width>
        <height>30</height>
        <align>center</align>
        <aligny>center</aligny>
        <label>$LOCALIZE[106] $LOCALIZE[5]</label>
        <scroll>true</scroll>
        <font>18BdFont</font>
        <textcolor>DefaultTextColor</textcolor>
      </control>
		</control>

    <control type="grouplist" id="9001">
      <description>Services Control Area</description>
      <posx>160</posx>
      <posy>55</posy>
      <width>490</width>
      <height>380</height>
      <itemgap>5</itemgap>
      <onup>9001</onup>
      <ondown>9001</ondown>
      <onleft>9000</onleft>
      <onright>60</onright>
      <pagecontrol>60</pagecontrol>
      <visible>ControlGroup(9000).HasFocus(27)</visible>
      <control type="label" id="142">
        <description>No Settings</description>
        <width>490</width>
        <height>30</height>
        <align>center</align>
        <aligny>center</aligny>
        <label>$LOCALIZE[106] $LOCALIZE[5]</label>
        <scroll>true</scroll>
        <font>18BdFont</font>
        <textcolor>DefaultTextColor</textcolor>
      </control>
    </control>
    
    <control type="grouplist" id="9001">
      <description>Weather Control Area</description>
      <posx>160</posx>
      <posy>55</posy>
      <width>490</width>
      <height>380</height>
      <itemgap>5</itemgap>
      <onup>9001</onup>
      <ondown>9001</ondown>
      <onleft>9000</onleft>
      <onright>60</onright>
      <pagecontrol>60</pagecontrol>
      <visible>ControlGroup(9000).HasFocus(28)</visible>
      <control type="radiobutton" id="162">
        <description>Weather Script Enable</description>
        <width>490</width>
        <label>$LOCALIZE[31180]</label>
        <font>18BdFont</font>
        <selected>Skin.HasSetting(WeatherScriptEnable)</selected>
        <onclick>Skin.ToggleSetting(WeatherScriptEnable)</onclick>
      </control>
      <control type="button" id="163">
        <description>Weather Script Label Button</description>
        <width>490</width>
        <align>left</align>
        <label> - $LOCALIZE[31181] $INFO[Skin.String(WeatherScript_Name)]</label>
        <label2>[COLOR=FocusedTextColor]$INFO[Skin.String(WeatherScript_Name)][/COLOR]</label2>
        <font>18BdFont</font>
        <texturefocus>ButtonInputFo.png</texturefocus>
        <texturenofocus>ButtonInputNF.png</texturenofocus>
        <textoffsetx>5</textoffsetx>
        <onclick>Skin.SetString(WeatherScript_Name)</onclick>
        <visible>Skin.HasSetting(WeatherScriptEnable)</visible>
      </control>
      <control type="button" id="164">
        <description>Weather Script Path Button</description>
        <width>490</width>
        <align>left</align>
        <label> - $LOCALIZE[31182]</label>
        <label2>[COLOR=FocusedTextColor]$INFO[Skin.String(WeatherScript_Path)][/COLOR]</label2>
        <font>18BdFont</font>
        <texturefocus>ButtonInputFo.png</texturefocus>
        <texturenofocus>ButtonInputNF.png</texturenofocus>
        <textoffsetx>5</textoffsetx>
        <scroll>true</scroll>
        <onclick>Skin.SetFile(WeatherScript_Path,.py,Q:\scripts\)</onclick>
        <visible>Skin.HasSetting(WeatherScriptEnable)</visible>
      </control>
      <control type="radiobutton" id="165">
        <description>Enable Weather Fanart</description>
        <width>490</width>
        <label>$LOCALIZE[31183]</label>
        <font>18BdFont</font>
        <selected>Skin.HasSetting(WeatherFanartEnable)</selected>
        <onclick>Skin.ToggleSetting(WeatherFanartEnable)</onclick>
      </control>
      <control type="button" id="166">
        <description>Weather Fanart Path Button</description>
        <width>490</width>
        <align>left</align>
        <label> - $LOCALIZE[31184]</label>
        <label2>[COLOR=FocusedTextColor]$INFO[Skin.String(WeatherFanartPath)][/COLOR]</label2>
        <font>18BdFont</font>
        <texturefocus>ButtonInputFo.png</texturefocus>
        <texturenofocus>ButtonInputNF.png</texturenofocus>
        <textoffsetx>5</textoffsetx>
        <scroll>true</scroll>
        <onclick>Skin.SetPath(WeatherFanartPath)</onclick>
        <visible>Skin.HasSetting(WeatherFanartEnable)</visible>
      </control>
      <control type="radiobutton" id="167">
        <description>Enable Diffuse</description>
        <width>490</width>
        <label> - $LOCALIZE[31082]</label>
        <font>18BdFont</font>
        <selected>!Skin.HasSetting(WeatherDiffuse)</selected>
        <onclick>Skin.ToggleSetting(WeatherDiffuse)</onclick>
        <visible>Skin.String(WeatherFanartPath)</visible>
      </control>
      <control type="radiobutton" id="168">
        <description>Enable Weather Background</description>
        <width>490</width>
        <label> - $LOCALIZE[31185]</label>
        <font>18BdFont</font>
        <selected>Skin.HasSetting(WeatherBackEnable)</selected>
        <onclick>Skin.ToggleSetting(WeatherBackEnable)</onclick>
        <visible>Skin.String(WeatherFanartPath)</visible>
      </control>
      <control type="button" id="169">
        <description>Reset Fanart</description>
        <width>490</width>
        <align>left</align>
        <label> - $LOCALIZE[31186]</label>
        <font>18BdFont</font>
        <texturefocus>ButtonInputFo.png</texturefocus>
        <texturenofocus>ButtonInputNF.png</texturenofocus>
        <textoffsetx>5</textoffsetx>
        <scroll>true</scroll>
        <onclick>Skin.Reset(WeatherFanartEnable)</onclick>
        <onclick>Skin.Reset(WeatherFanartPath)</onclick>
        <onclick>Skin.Reset(WeatherDiffuse)</onclick>
        <onclick>Skin.Reset(WeatherBackEnable)</onclick>
        <onclick>SetFocus(165)</onclick>
        <visible>Skin.String(WeatherFanartPath)</visible>
      </control>
    </control>

    <control type="grouplist" id="9001">
      <description>Backgrounds Colors Area</description>
      <posx>325</posx>
      <posy>55</posy>
      <width>490</width>
      <height>30</height>
      <itemgap>5</itemgap>
      <onup>9002</onup>
      <ondown>9002</ondown>
      <onleft>9000</onleft>
      <onright>60</onright>
      <orientation>horizontal</orientation>
      <pagecontrol>-</pagecontrol>
      <visible>ControlGroup(9000).HasFocus(29)</visible>
      <control type="button" id="182">
        <description>Default Background</description>
        <width>50</width>
        <label>-</label>
        <font>18BdFont</font>
        <texturefocus border="1">BackgroundDefaultFo.png</texturefocus>
        <texturenofocus border="1">BackgroundDefaultNF.png</texturenofocus>
        <onclick>Skin.Reset(DefaultBackground)</onclick>
      </control>
      <control type="button" id="183">
        <description>Grey Background</description>
        <width>50</width>
        <label>-</label>
        <font>18BdFont</font>
        <texturefocus border="1">BackgroundGreyFo.png</texturefocus>
        <texturenofocus border="1">BackgroundGreyNF.png</texturenofocus>
        <onclick>Skin.SetString(DefaultBackground,BackgroundGrey.png)</onclick>
      </control>
      <control type="button" id="184">
        <description>Blue Background</description>
        <width>50</width>
        <label>-</label>
        <font>18BdFont</font>
        <texturefocus border="1">BackgroundBlueFo.png</texturefocus>
        <texturenofocus border="1">BackgroundBlueNF.png</texturenofocus>
        <onclick>Skin.SetString(DefaultBackground,BackgroundBlue.png)</onclick>
      </control>
      <control type="button" id="185">
        <description>Green Background</description>
        <width>50</width>
        <label>-</label>
        <font>18BdFont</font>
        <texturefocus border="1">BackgroundGreenFo.png</texturefocus>
        <texturenofocus border="1">BackgroundGreenNF.png</texturenofocus>
        <onclick>Skin.SetString(DefaultBackground,BackgroundGreen.png)</onclick>
      </control>
      <control type="button" id="186">
        <description>Orange Background</description>
        <width>50</width>
        <label>-</label>
        <font>18BdFont</font>
        <texturefocus border="1">BackgroundOrangeFo.png</texturefocus>
        <texturenofocus border="1">BackgroundOrangeNF.png</texturenofocus>
        <onclick>Skin.SetString(DefaultBackground,BackgroundOrange.png)</onclick>
      </control>
      <control type="button" id="187">
        <description>Red Background</description>
        <width>50</width>
        <label>-</label>
        <font>18BdFont</font>
        <texturefocus border="1">BackgroundRedFo.png</texturefocus>
        <texturenofocus border="1">BackgroundRedNF.png</texturenofocus>
        <onclick>Skin.SetString(DefaultBackground,BackgroundRed.png)</onclick>
      </control>
    </control>

    <control type="image">
      <posx>160</posx>
      <posy>55</posy>
      <description>Background Color Image</description>
      <width>160</width>
      <height>30</height>
      <align>left</align>
      <aspectratio>stretch</aspectratio>
      <texture border="1">ButtonInputNF.png</texture>
      <visible>ControlGroup(9000).HasFocus(29)</visible>
    </control>
    <control type="label">
      <posx>165</posx>
      <posy>55</posy>
      <description>Background Color label</description>
      <width>160</width>
      <height>30</height>
      <align>left</align>
      <aligny>center</aligny>
      <label>$LOCALIZE[31200]</label>
      <scroll>true</scroll>
      <font>18BdFont</font>
      <textcolor>DefaultTextColor</textcolor>
      <visible>ControlGroup(9000).HasFocus(29)</visible>
    </control>
    
    <control type="grouplist" id="9002">
      <description>Background Control Area</description>
      <posx>160</posx>
      <posy>90</posy>
      <width>490</width>
      <height>350</height>
      <itemgap>5</itemgap>
      <onup>9001</onup>
      <ondown>9001</ondown>
      <onleft>9000</onleft>
      <onright>60</onright>
      <pagecontrol>60</pagecontrol>
      <visible>ControlGroup(9000).HasFocus(29)</visible>
      <control type="radiobutton" id="202">
        <description>Enable Custom Background</description>
        <width>490</width>
        <label>$LOCALIZE[31201]</label>
        <font>18BdFont</font>
        <selected>Skin.HasSetting(CustomBackEnable)</selected>
        <onclick>Skin.ToggleSetting(CustomBackEnable)</onclick>
      </control>
      <control type="button" id="203">
        <description>Set Background Image Path</description>
        <width>490</width>
        <align>left</align>
        <label> - $LOCALIZE[31202]</label>
        <label2>[COLOR=FocusedTextColor]$INFO[Skin.String(CustomBackImage)][/COLOR]</label2>
        <font>18BdFont</font>
        <texturefocus>ButtonInputFo.png</texturefocus>
        <texturenofocus>ButtonInputNF.png</texturenofocus>
        <textoffsetx>5</textoffsetx>
        <scroll>true</scroll>
        <enable>!Skin.String(CustomBackFolder)</enable>
        <onclick>Skin.SetImage(CustomBackImage)</onclick>
        <visible>Skin.HasSetting(CustomBackEnable)</visible>
      </control>   
      <control type="button" id="204">
        <description>Set Background Folder Path</description>
        <width>490</width>
        <align>left</align>
        <label> - $LOCALIZE[31203]</label>
        <label2>[COLOR=FocusedTextColor]$INFO[Skin.String(CustomBackFolder)][/COLOR]</label2>
        <font>18BdFont</font>
        <texturefocus>ButtonInputFo.png</texturefocus>
        <texturenofocus>ButtonInputNF.png</texturenofocus>
        <textoffsetx>5</textoffsetx>
        <scroll>true</scroll>
        <enable>!Skin.String(CustomBackImage)</enable>
        <onclick>Skin.SetPath(CustomBackFolder)</onclick>
        <visible>Skin.HasSetting(CustomBackEnable)</visible>
      </control>
      <control type="radiobutton" id="205">
        <description>Enable Diffuse</description>
        <width>490</width>
        <label> - $LOCALIZE[31082]</label>
        <font>18BdFont</font>
        <selected>!Skin.HasSetting(BackgroundDiffuse)</selected>
        <onclick>Skin.ToggleSetting(BackgroundDiffuse)</onclick>
        <visible>Skin.String(CustomBackImage) | Skin.String(CustomBackFolder)</visible>
      </control>
      <control type="button" id="206">
        <description>Reset Background</description>
        <width>490</width>
        <align>left</align>
        <label> - $LOCALIZE[31204]</label>
        <font>18BdFont</font>
        <texturefocus>ButtonInputFo.png</texturefocus>
        <texturenofocus>ButtonInputNF.png</texturenofocus>
        <textoffsetx>5</textoffsetx>
        <scroll>true</scroll>
        <onclick>Skin.Reset(CustomBackEnable)</onclick>
        <onclick>Skin.Reset(CustomBackImage)</onclick>
        <onclick>Skin.Reset(CustomBackFolder)</onclick>
        <onclick>Skin.Reset(BackgroundDiffuse)</onclick>
        <onclick>Skin.Reset(DefaultBackground)</onclick>
        <onclick>SetFocus(202)</onclick>
        <visible>Skin.String(CustomBackImage) | Skin.String(CustomBackFolder)</visible>
      </control>
    </control>

    <control type="grouplist" id="9001">
      <description>Views Control Area</description>
      <posx>160</posx>
      <posy>55</posy>
      <width>490</width>
      <height>380</height>
      <itemgap>5</itemgap>
      <onup>9001</onup>
      <ondown>9001</ondown>
      <onleft>9000</onleft>
      <onright>60</onright>
      <pagecontrol>60</pagecontrol>
      <visible>ControlGroup(9000).HasFocus(30)</visible>
      <control type="radiobutton" id="222">
        <description>SortLabels</description>
        <width>490</width>
        <label>$LOCALIZE[31220]</label>
        <font>18BdFont</font>
        <selected>!Skin.HasSetting(SortLabels)</selected>
        <onclick>Skin.ToggleSetting(SortLabels)</onclick>
      </control>
      <control type="radiobutton" id="223">
        <description>Enable Media Flags</description>
        <width>490</width>
        <label>$LOCALIZE[31221]</label>
        <font>18BdFont</font>
        <selected>!Skin.HasSetting(MediaFlags)</selected>
        <onclick>Skin.ToggleSetting(MediaFlags)</onclick>
      </control>
      <control type="radiobutton" id="224">
        <description>Wrap Info Text</description>
        <width>490</width>
        <label>$LOCALIZE[31222]</label>
        <font>18BdFont</font>
        <selected>!Skin.HasSetting(WrapInfo)</selected>
        <onclick>Skin.ToggleSetting(WrapInfo)</onclick>
      </control>
      <control type="radiobutton" id="225">
        <description>Wrap View Background</description>
        <width>490</width>
        <label>$LOCALIZE[31223]</label>
        <font>18BdFont</font>
        <selected>Skin.HasSetting(WrapBack)</selected>
        <onclick>Skin.ToggleSetting(WrapBack)</onclick>
      </control>
    </control>

    <control type="grouplist" id="9001">
      <description>Extras Control Area</description>
      <posx>160</posx>
      <posy>55</posy>
      <width>490</width>
      <height>380</height>
      <itemgap>5</itemgap>
      <onup>9001</onup>
      <ondown>9001</ondown>
      <onleft>9000</onleft>
      <onright>60</onright>
      <pagecontrol>60</pagecontrol>
      <visible>ControlGroup(9000).HasFocus(31)</visible>
      <control type="radiobutton" id="242">
        <description>Enable Scroll Bars In Dialogs</description>
        <width>490</width>
        <label>$LOCALIZE[31240]</label>
        <font>18BdFont</font>
        <selected>!Skin.HasSetting(ScrollBarsDialogs)</selected>
        <onclick>Skin.ToggleSetting(ScrollBarsDialogs)</onclick>
      </control>
      <control type="radiobutton" id="243">
        <description>Enable Scroll Bars In Windows</description>
        <width>490</width>
        <label>$LOCALIZE[31241]</label>
        <font>18BdFont</font>
        <selected>!Skin.HasSetting(ScrollBarsWindows)</selected>
        <onclick>Skin.ToggleSetting(ScrollBarsWindows)</onclick>
      </control>
      <control type="radiobutton" id="244">
        <description>Now Playing Time Enable</description>
        <width>490</width>
        <label>$LOCALIZE[31242]</label>
        <font>18BdFont</font>
        <selected>!Skin.HasSetting(NowPlayingTime)</selected>
        <onclick>Skin.ToggleSetting(NowPlayingTime)</onclick>
      </control>
      <control type="radiobutton" id="245">
        <description>Small Scan Dialogs</description>
        <width>490</width>
        <label>$LOCALIZE[31243]</label>
        <font>18BdFont</font>
        <selected>Skin.HasSetting(SmallScan)</selected>
        <onclick>Skin.ToggleSetting(SmallScan)</onclick>
      </control>
      <control type="radiobutton" id="246">
        <description>Startup Playlist Script Enable</description>
        <width>490</width>
        <label>$LOCALIZE[21398]</label>
        <font>18BdFont</font>
        <selected>Skin.HasSetting(StartupPlaylistEnable)</selected>
        <onclick>Skin.SetFile(StartupPlaylistPath,.m3u,Q:\UserData\playlists\music\)</onclick>
      </control>
      <control type="button" id="247">
        <description>Reset Settings</description>
        <width>490</width>
        <align>left</align>
        <label>$LOCALIZE[31244]</label>
        <font>18BdFont</font>
        <texturefocus>ButtonInputFo.png</texturefocus>
        <texturenofocus>ButtonInputNF.png</texturenofocus>
        <textoffsetx>5</textoffsetx>
        <onclick>XBMC.ActivateWindow(57)</onclick>
      </control>
    </control>

	</control>
  
</controls>
</window>