<window id="135">
<defaultcontrol>13</defaultcontrol>
<allowoverlay>no</allowoverlay>
  
<coordinates>
  <system>1</system>
  <posx>20</posx>
  <posy>20</posy>
</coordinates>
  
<include>DefaultFade</include>
  
<controls>
	
	<include>MediaInfoBack</include>

	<control type="group">
		<posx>10</posx>
		<posy>10</posy>
		<control type="label" id="20">
			<description>Title label</description>
			<posx>0</posx>
			<posy>0</posy>
			<width>605</width>
			<height>40</height>
			<align>left</align>
			<aligny>center</aligny>
			<label fallback="161">$INFO[ListItem.Title]</label>
			<scroll>true</scroll>
			<font>40BdFont</font>
			<textcolor>FocusedTextColor</textcolor>
		</control>

		<control type="label">
			<description>Year label</description>
			<posx>0</posx>
			<posy>45</posy>
			<width>125</width>
			<height>30</height>
			<align>left</align>
			<aligny>center</aligny>
			<label>$LOCALIZE[345]:</label>
			<scroll>true</scroll>
			<font>20BdFont</font>
			<textcolor>FocusedTextColor</textcolor>
		</control>
		<control type="label">
			<description>Artist label</description>
			<posx>0</posx>
			<posy>75</posy>
			<width>125</width>
			<height>30</height>
			<align>left</align>
			<aligny>center</aligny>
			<label>$LOCALIZE[557]:</label>
			<scroll>true</scroll>
			<font>20BdFont</font>
			<textcolor>FocusedTextColor</textcolor>
		</control>
		<control type="label">
			<description>Album label</description>
			<posx>0</posx>
			<posy>105</posy>
			<width>125</width>
			<height>30</height>
			<align>left</align>
			<aligny>center</aligny>
			<label>$LOCALIZE[558]:</label>
			<scroll>true</scroll>
			<font>20BdFont</font>
			<textcolor>FocusedTextColor</textcolor>
		</control>
		<control type="label">
			<description>Genre label</description>
			<posx>0</posx>
			<posy>135</posy>
			<width>125</width>
			<height>30</height>
			<align>left</align>
			<aligny>center</aligny>
			<label>$LOCALIZE[515]:</label>
			<scroll>true</scroll>
			<font>20BdFont</font>
			<textcolor>FocusedTextColor</textcolor>
		</control>
		<control type="label">
			<description>Rating label</description>
			<posx>0</posx>
			<posy>165</posy>
			<width>125</width>
			<height>30</height>
			<align>left</align>
			<aligny>center</aligny>
			<label>$LOCALIZE[563]:</label>
			<scroll>true</scroll>
			<font>20BdFont</font>
			<textcolor>FocusedTextColor</textcolor>
		</control>
		<control type="label">
			<description>Track # label</description>
			<posx>0</posx>
			<posy>195</posy>
			<width>125</width>
			<height>30</height>
			<align>left</align>
			<aligny>center</aligny>
			<label>$LOCALIZE[554]:</label>
			<scroll>true</scroll>
			<font>20BdFont</font>
			<textcolor>FocusedTextColor</textcolor>
		</control>
		<control type="label">
			<description>Comment label</description>
			<posx>0</posx>
			<posy>225</posy>
			<width>125</width>
			<height>30</height>
			<align>left</align>
			<aligny>center</aligny>
			<label>$LOCALIZE[569]:</label>
			<scroll>true</scroll>
			<font>20BdFont</font>
			<textcolor>FocusedTextColor</textcolor>
		</control>
		<control type="textbox">
			<description>Comments</description>
			<posx>0</posx>
			<posy>255</posy>
      <width>630</width>
			<height>190</height>
			<spinposx>500</spinposx>
			<spinposy>-30</spinposy>
			<spinwidth>20</spinwidth>
			<spinheight>11</spinheight>
			<font>18BdFont</font>
			<textcolor>DefaultTextColor</textcolor>
			<textureup>-</textureup>
			<texturedown flipy="true">-</texturedown>
			<textureupfocus>-</textureupfocus>
			<texturedownfocus flipy="true">-</texturedownfocus>
			<autoscroll delay="6000" time="2000" repeat="10000"></autoscroll>
			<info>ListItem.Comment</info>
		</control>

    <control type="image" id="3">
      <description>Media icon</description>
      <posx>485</posx>
      <posy>50</posy>
      <width>175</width>
      <height>175</height>
      <texture>$INFO[ListItem.Icon]</texture>
      <aspectratio align="center" aligny="top">keep</aspectratio>
      <bordertexture border="14">ButtonNF.png</bordertexture>
      <bordersize>5</bordersize>
    </control>
	</control>

	<control type="group">
		<posx>145</posx>
		<posy>10</posy>
		<control type="label" id="21">
			<description>Year Value</description>
			<posx>0</posx>
			<posy>45</posy>
			<width>340</width>
			<height>30</height>
			<align>left</align>
			<aligny>center</aligny>
			<scroll>true</scroll>
			<font>20BdFont</font>
			<textcolor>DefaultTextColor</textcolor>
			<info>ListItem.Year</info>
		</control>
		<control type="label" id="22">
			<description>Artist Value</description>
			<posx>0</posx>
			<posy>75</posy>
			<width>340</width>
			<height>30</height>
			<align>left</align>
			<aligny>center</aligny>
			<scroll>true</scroll>
			<font>20BdFont</font>
			<textcolor>DefaultTextColor</textcolor>
			<info>ListItem.Artist</info>
		</control>
		<control type="label" id="21">
			<description>Album Value</description>
			<posx>0</posx>
			<posy>105</posy>
			<width>340</width>
			<height>30</height>
			<align>left</align>
			<aligny>center</aligny>
			<scroll>true</scroll>
			<font>20BdFont</font>
			<textcolor>DefaultTextColor</textcolor>
			<label fallback="161">$INFO[ListItem.Album]</label>
		</control>
		<control type="label">
			<description>Genre Value</description>
			<posx>0</posx>
			<posy>135</posy>
			<width>340</width>
			<height>30</height>
			<align>left</align>
			<aligny>center</aligny>
			<scroll>true</scroll>
			<font>20BdFont</font>
			<textcolor>DefaultTextColor</textcolor>
			<info>ListItem.Genre</info>
		</control>
		<control type="image">
			<posx>-60</posx>
			<posy>172</posy>
			<width>-</width>
			<height>20</height>
			<align>left</align>
			<aligny>center</aligny>
			<info>ListItem.StarRating</info>
			<aspectratio>keep</aspectratio>
		</control>
		<control type="label">
			<description>track # Value</description>
			<posx>0</posx>
			<posy>195</posy>
			<width>340</width>
			<height>30</height>
			<align>left</align>
			<aligny>center</aligny>
			<scroll>true</scroll>
			<font>20BdFont</font>
			<textcolor>DefaultTextColor</textcolor>
			<info>ListItem.TrackNumber</info>
		</control>
	</control>
  
	<control type="group">
		<posx>240</posx>
		<posy>184</posy>
		<control type="button" id="14">
			<description>Decrease Rating button</description>
			<posx>0</posx>
			<posy>0</posy>
			<width>15</width>
			<height>15</height>
			<font>18BdFont</font>
			<texturefocus>ArrowDownFo.png</texturefocus>
			<texturenofocus>ArrowDownNF.png</texturenofocus>
			<onclick>DecreaseRating</onclick>
			<onleft>15</onleft>
			<onright>15</onright>
			<onup>13</onup>
			<ondown>13</ondown>
		</control>
		<control type="button" id="15">
			<description>Increase Rating button</description>
			<posx>15</posx>
			<posy>0</posy>
			<width>15</width>
			<height>15</height>
			<font>18BdFont</font>
			<texturefocus>ArrowUpFo.png</texturefocus>
			<texturenofocus>ArrowUpNF.png</texturenofocus>
			<onclick>IncreaseRating</onclick>
			<onleft>14</onleft>
			<onright>14</onright>
			<onup>13</onup>
			<ondown>13</ondown>
		</control>
	</control>
	
	<control type="group">
		<posx>10</posx>
		<posy>470</posy>
		<control type="button" id="13">
			<description>Get Thumb button</description>
			<posx>0</posx>
			<posy>0</posy>
			<width>100</width>
			<height>45</height>
			<label>$LOCALIZE[13405]</label>
			<font>18BdFont</font>
			<onleft>11</onleft>
			<onright>12</onright>
			<onup>14</onup>
			<ondown>14</ondown>
		</control>
		<control type="button" id="12">
			<description>Album Info button</description>
			<posx>110</posx>
			<posy>0</posy>
			<width>100</width>
			<height>45</height>
			<label>$LOCALIZE[10523]</label>
			<font>18BdFont</font>
			<onleft>13</onleft>
			<onright>10</onright>
			<onup>14</onup>
			<ondown>14</ondown>
		</control>
		<control type="button" id="10">
			<description>OK button</description>
			<posx>450</posx>
			<posy>0</posy>
			<width>100</width>
			<height>45</height>
			<label>$LOCALIZE[186]</label>
			<font>18BdFont</font>
			<onleft>12</onleft>
			<onright>11</onright>
			<onup>14</onup>
			<ondown>14</ondown>
		</control>
		<control type="button" id="11">
			<description>No button</description>
			<posx>560</posx>
			<posy>0</posy>
			<width>100</width>
			<height>45</height>
			<label>$LOCALIZE[222]</label>
			<font>18BdFont</font>
			<onleft>10</onleft>
			<onright>13</onright>
			<onup>14</onup>
			<ondown>14</ondown>
		</control>
	</control>
	
</controls>
</window>