<window id="139">
<defaultcontrol always="true">5</defaultcontrol>
<allowoverlay>no</allowoverlay>

<coordinates>
	<system>1</system>
	<posx>90</posx>
	<posy>101</posy>
</coordinates>
  
<include>DefaultFade</include>
	
<controls>

	<control type="group">
    <include>DialogBackWide</include>
    <control type="scrollbar" id="60">
      <description>Scroll Bar</description>
      <posx>509</posx>
      <posy>55</posy>
      <height>310</height>
      <onleft>5</onleft>
      <onright>5</onright>
      <onup>60</onup>
      <ondown>60</ondown>
      <visible>Control.HasFocus(60) + !Skin.HasSetting(ScrollBarsDialogs)</visible>
      <animation effect="fade" time="0" start="0" end="60" condition="Control.HasFocus(60)">Conditional</animation>
    </control>
    <control type="scrollbar" id="60">
      <description>Scroll Bar</description>
      <posx>509</posx>
      <posy>55</posy>
      <height>310</height>
      <onleft>5</onleft>
      <onright>5</onright>
      <onup>60</onup>
      <ondown>60</ondown>
      <visible>!Control.HasFocus(60) + !Skin.HasSetting(ScrollBarsDialogs)</visible>
      <animation effect="fade" time="0" start="0" end="30" condition="!Control.HasFocus(60)">Conditional</animation>
    </control>
    <control type="image">
      <description>Header Back</description>
      <posx>0</posx>
      <posy>0</posy>
      <width>540</width>
      <height>45</height>
      <align>left</align>
      <texture>ButtonNF.png</texture>
    </control>
		<control type="label" id="1">
			<description>Header Label</description>
			<posx>15</posx>
			<posy>0</posy>
			<width>410</width>
			<height>45</height>
			<align>left</align>
			<aligny>center</aligny>
			<label>$LOCALIZE[13406]</label>
			<font>22BdFont</font>
			<textcolor>FocusedTextColor</textcolor>
		</control>

		<control type="list" id="5">
			<posx>10</posx>
			<posy>55</posy>
			<width>501</width>
			<height>310</height>
			<onup>5</onup>
      <onleft>60</onleft>
			<onright>60</onright>
			<ondown>5</ondown>
			<scrolltime>200</scrolltime>
      <pagecontrol>60</pagecontrol>
			<itemlayout height="35">
        <control type="image">
          <width>501</width>
          <height>30</height>
          <texture>ButtonInputNF.png</texture>
          <aspectratio aligny="left">keep</aspectratio>
        </control>
				<control type="label">
					<posx>5</posx>
					<width>491</width>
					<height>30</height>
					<aligny>center</aligny>
					<align>left</align>
					<info>ListItem.Label</info>
					<font>18BdFont</font>
					<scroll>no</scroll>
					<textcolor>DefaultTextColor</textcolor>
					<selectedcolor>SelectedTextColor</selectedcolor>
				</control>
				<control type="label">
					<posx>496</posx>
          <width>491</width>
					<height>30</height>
					<aligny>center</aligny>
					<align>right</align>
					<info>ListItem.Label2</info>
					<font>18BdFont</font>
					<scroll>no</scroll>
					<textcolor>DefaultTextColor</textcolor>
					<selectedcolor>SelectedTextColor</selectedcolor>
				</control>
			</itemlayout>
			<focusedlayout height="35">
        <control type="image">
          <width>501</width>
          <height>30</height>
          <texture>ButtonInputNF.png</texture>
          <aspectratio aligny="left">keep</aspectratio>
          <visible>!Control.HasFocus(5)</visible>
        </control>
        <control type="image">
          <width>501</width>
          <height>30</height>
          <texture>ButtonInputFo.png</texture>
          <aspectratio aligny="left">keep</aspectratio>
          <visible>Control.HasFocus(5)</visible>
        </control>
				<control type="label">
					<posx>5</posx>
          <width>491</width>
					<height>30</height>
					<aligny>center</aligny>
					<align>left</align>
					<info>ListItem.Label</info>
					<font>18BdFont</font>
					<scroll>yes</scroll>
					<textcolor>FocusedTextColor</textcolor>
					<selectedcolor>SelectedTextColor</selectedcolor>
				</control>
				<control type="label">
					<posx>496</posx>
          <width>491</width>
					<height>30</height>
					<aligny>center</aligny>
					<align>right</align>
					<info>ListItem.Label2</info>
					<font>18BdFont</font>
					<scroll>yes</scroll>
					<textcolor>FocusedTextColor</textcolor>
					<selectedcolor>SelectedTextColor</selectedcolor>
				</control>
			</focusedlayout>
		</control>
	</control>
		
</controls>
</window>