<window id="109">
<defaultcontrol always="true">14</defaultcontrol>

<controls>
  
  <control type="group">
    <include>WindowOverlay</include>
    <visible>!Window.IsVisible(103)</visible>
  </control>

  <control type="group">
    <posx>140</posx>
    <posy>165</posy>
    <include>DialogKeyboardBack</include>
  </control>


  <control type="group">
    <posy>5</posy>
    <posy>5</posy>
    <control type="label" id="1">
      <description>Dialog Heading</description>
      <posx>150</posx>
      <posy>165</posy>
      <width>420</width>
      <height>30</height>
      <font>18BdFont</font>
      <align>center</align>
      <textcolor>FocusedTextColor</textcolor>
    </control>
    <control type="label" id="4">
      <description>Edit Text</description>
      <posx>150</posx>
      <posy>200</posy>
      <width>420</width>
      <height>30</height>
      <font>18BdFont</font>
      <align>center</align>
      <textcolor>DefaultTextColor</textcolor>
      <disabledcolor>DisabledTextColor</disabledcolor>
    </control>

    <control type="group">
      <control type="button" id="21">
        <description>DONE button</description>
        <posx>150</posx>
        <posy>240</posy>
        <width>120</width>
        <label>20177</label>
        <onleft>19</onleft>
        <onright>10</onright>
        <onup>20</onup>
        <ondown>20</ondown>
        <font>18BdFont</font>
      </control>
      <control type="button" id="10">
        <description>'0' button</description>
        <posx>270</posx>
        <posy>240</posy>
        <width>30</width>
        <label>12310</label>
        <onleft>21</onleft>
        <onright>11</onright>
        <onup>20</onup>
        <ondown>20</ondown>
        <font>18BdFont</font>
      </control>
      <control type="button" id="11">
        <description>'1' button</description>
        <posx>300</posx>
        <posy>240</posy>
        <width>30</width>
        <label>12311</label>
        <onleft>10</onleft>
        <onright>12</onright>
        <onup>20</onup>
        <ondown>20</ondown>
        <font>18BdFont</font>
      </control>
      <control type="button" id="12">
        <description>'2' button</description>
        <posx>330</posx>
        <posy>240</posy>
        <width>30</width>
        <label>12312</label>
        <onleft>11</onleft>
        <onright>13</onright>
        <onup>20</onup>
        <ondown>20</ondown>
        <font>18BdFont</font>
      </control>
      <control type="button" id="13">
        <description>'3' button</description>
        <posx>360</posx>
        <posy>240</posy>
        <width>30</width>
        <label>12313</label>
        <onleft>12</onleft>
        <onright>14</onright>
        <onup>20</onup>
        <ondown>20</ondown>
        <font>18BdFont</font>
      </control>
      <control type="button" id="14">
        <description>'4' button</description>
        <posx>390</posx>
        <posy>240</posy>
        <width>30</width>
        <label>12314</label>
        <onleft>13</onleft>
        <onright>15</onright>
        <onup>20</onup>
        <ondown>20</ondown>
        <font>18BdFont</font>
      </control>
      <control type="button" id="15">
        <description>'5' button</description>
        <posx>420</posx>
        <posy>240</posy>
        <width>30</width>
        <label>12315</label>
        <onleft>14</onleft>
        <onright>16</onright>
        <onup>20</onup>
        <ondown>20</ondown>
        <font>18BdFont</font>
      </control>
      <control type="button" id="16">
        <description>'6' button</description>
        <posx>450</posx>
        <posy>240</posy>
        <width>30</width>
        <label>12316</label>
        <onleft>15</onleft>
        <onright>17</onright>
        <onup>20</onup>
        <ondown>20</ondown>
        <font>18BdFont</font>
      </control>
      <control type="button" id="17">
        <description>'7' button</description>
        <posx>480</posx>
        <posy>240</posy>
        <width>30</width>
        <label>12317</label>
        <onleft>16</onleft>
        <onright>18</onright>
        <onup>20</onup>
        <ondown>20</ondown>
        <font>18BdFont</font>
      </control>
      <control type="button" id="18">
        <description>'8' button</description>
        <posx>510</posx>
        <posy>240</posy>
        <width>30</width>
        <label>12318</label>
        <onleft>17</onleft>
        <onright>19</onright>
        <onup>20</onup>
        <ondown>20</ondown>
        <font>18BdFont</font>
      </control>
      <control type="button" id="19">
        <description>'9' button</description>
        <posx>540</posx>
        <posy>240</posy>
        <width>30</width>
        <label>12319</label>
        <onleft>18</onleft>
        <onright>21</onright>
        <onup>20</onup>
        <ondown>20</ondown>
        <font>18BdFont</font>
      </control>
      
      <control type="button" id="20">
        <description>previous button</description>
        <posx>450</posx>
        <posy>360</posy>
        <width>60</width>
        <label>&lt;</label>
        <onleft>22</onleft>
        <onright>22</onright>
        <onup>14</onup>
        <ondown>14</ondown>
      </control>
      <control type="button" id="22">
        <description>next button</description>
        <posx>510</posx>
        <posy>360</posy>
        <width>60</width>
        <label>&gt;</label>
        <onleft>20</onleft>
        <onright>20</onright>
        <onup>14</onup>
        <ondown>14</ondown>
      </control>

      <control type="togglebutton" id="302">
        <description>SHIFT button</description>
        <posx>150</posx>
        <posy>270</posy>
        <width>120</width>
        <label>20178</label>
        <font>18BdFont</font>
        <textcolor>DisabledTextColor</textcolor>
        <focusedcolor>DisabledTextColor</focusedcolor>
        <onleft>74</onleft>
        <onright>65</onright>
        <onup>300</onup>
        <ondown>303</ondown>
        <texturenofocus>ButtonNF.png</texturenofocus>
        <texturefocus>ButtonNF.png</texturefocus>
        <alttexturenofocus>ButtonNF.png</alttexturenofocus>
        <alttexturefocus>ButtonNF.png</alttexturefocus>
      </control>
      <control type="button" id="65">
        <description>'A' button</description>
        <posx>270</posx>
        <posy>270</posy>
        <width>30</width>
        <label>a</label>
        <textcolor>DisabledTextColor</textcolor>
        <focusedcolor>DisabledTextColor</focusedcolor>
        <onleft>302</onleft>
        <onright>66</onright>
        <onup>48</onup>
        <ondown>75</ondown>
        <texturenofocus>ButtonNF.png</texturenofocus>
        <texturefocus>ButtonNF.png</texturefocus>
        <font>18BdFont</font>
      </control>
      <control type="button" id="66">
        <description>'B' button</description>
        <posx>300</posx>
        <posy>270</posy>
        <width>30</width>
        <label>b</label>
        <textcolor>DisabledTextColor</textcolor>
        <focusedcolor>DisabledTextColor</focusedcolor>
        <onleft>65</onleft>
        <onright>67</onright>
        <onup>49</onup>
        <ondown>76</ondown>
        <texturenofocus>ButtonNF.png</texturenofocus>
        <texturefocus>ButtonNF.png</texturefocus>
        <font>18BdFont</font>
      </control>
      <control type="button" id="67">
        <description>'C' button</description>
        <posx>330</posx>
        <posy>270</posy>
        <width>30</width>
        <label>c</label>
        <textcolor>DisabledTextColor</textcolor>
        <focusedcolor>DisabledTextColor</focusedcolor>
        <onleft>66</onleft>
        <onright>68</onright>
        <onup>50</onup>
        <ondown>77</ondown>
        <texturenofocus>ButtonNF.png</texturenofocus>
        <texturefocus>ButtonNF.png</texturefocus>
        <font>18BdFont</font>
      </control>
      <control type="button" id="68">
        <description>'D' button</description>
        <posx>360</posx>
        <posy>270</posy>
        <width>30</width>
        <label>d</label>
        <textcolor>DisabledTextColor</textcolor>
        <focusedcolor>DisabledTextColor</focusedcolor>
        <onleft>67</onleft>
        <onright>69</onright>
        <onup>51</onup>
        <ondown>78</ondown>
        <texturenofocus>ButtonNF.png</texturenofocus>
        <texturefocus>ButtonNF.png</texturefocus>
        <font>18BdFont</font>
      </control>
      <control type="button" id="69">
        <description>'E' button</description>
        <posx>390</posx>
        <posy>270</posy>
        <width>30</width>
        <label>e</label>
        <textcolor>DisabledTextColor</textcolor>
        <focusedcolor>DisabledTextColor</focusedcolor>
        <onleft>68</onleft>
        <onright>70</onright>
        <onup>52</onup>
        <ondown>79</ondown>
        <texturenofocus>ButtonNF.png</texturenofocus>
        <texturefocus>ButtonNF.png</texturefocus>
        <font>18BdFont</font>
      </control>
      <control type="button" id="70">
        <description>'F' button</description>
        <posx>420</posx>
        <posy>270</posy>
        <width>30</width>
        <label>f</label>
        <textcolor>DisabledTextColor</textcolor>
        <focusedcolor>DisabledTextColor</focusedcolor>
        <onleft>69</onleft>
        <onright>71</onright>
        <onup>53</onup>
        <ondown>80</ondown>
        <texturenofocus>ButtonNF.png</texturenofocus>
        <texturefocus>ButtonNF.png</texturefocus>
        <font>18BdFont</font>
      </control>
      <control type="button" id="71">
        <description>'G' button</description>
        <posx>450</posx>
        <posy>270</posy>
        <width>30</width>
        <label>g</label>
        <textcolor>DisabledTextColor</textcolor>
        <focusedcolor>DisabledTextColor</focusedcolor>
        <onleft>70</onleft>
        <onright>72</onright>
        <onup>54</onup>
        <ondown>81</ondown>
        <texturenofocus>ButtonNF.png</texturenofocus>
        <texturefocus>ButtonNF.png</texturefocus>
        <font>18BdFont</font>
      </control>
      <control type="button" id="72">
        <description>'H' button</description>
        <posx>480</posx>
        <posy>270</posy>
        <width>30</width>
        <label>h</label>
        <textcolor>DisabledTextColor</textcolor>
        <focusedcolor>DisabledTextColor</focusedcolor>
        <onleft>71</onleft>
        <onright>73</onright>
        <onup>55</onup>
        <ondown>82</ondown>
        <texturenofocus>ButtonNF.png</texturenofocus>
        <texturefocus>ButtonNF.png</texturefocus>
        <font>18BdFont</font>
      </control>
      <control type="button" id="73">
        <description>'I' button</description>
        <posx>510</posx>
        <posy>270</posy>
        <width>30</width>
        <label>i</label>
        <textcolor>DisabledTextColor</textcolor>
        <focusedcolor>DisabledTextColor</focusedcolor>
        <onleft>72</onleft>
        <onright>74</onright>
        <onup>56</onup>
        <ondown>83</ondown>
        <texturenofocus>ButtonNF.png</texturenofocus>
        <texturefocus>ButtonNF.png</texturefocus>
        <font>18BdFont</font>
      </control>
      <control type="button" id="74">
        <description>'J' button</description>
        <posx>540</posx>
        <posy>270</posy>
        <width>30</width>
        <label>j</label>
        <textcolor>DisabledTextColor</textcolor>
        <focusedcolor>DisabledTextColor</focusedcolor>
        <onleft>73</onleft>
        <onright>302</onright>
        <onup>57</onup>
        <ondown>84</ondown>
        <texturenofocus>ButtonNF.png</texturenofocus>
        <texturefocus>ButtonNF.png</texturefocus>
        <font>18BdFont</font>
      </control>
      <control type="togglebutton" id="303">
        <description>CAPS LOCK button</description>
        <posx>150</posx>
        <posy>300</posy>
        <width>120</width>
        <label>20179</label>
        <textcolor>DisabledTextColor</textcolor>
        <focusedcolor>DisabledTextColor</focusedcolor>
        <onleft>84</onleft>
        <onright>75</onright>
        <onup>302</onup>
        <ondown>304</ondown>
        <texturenofocus>ButtonNF.png</texturenofocus>
        <texturefocus>ButtonNF.png</texturefocus>
        <alttexturenofocus>ButtonNF.png</alttexturenofocus>
        <alttexturefocus>ButtonNF.png</alttexturefocus>
        <font>18BdFont</font>
      </control>
      <control type="button" id="75">
        <description>'K' button</description>
        <posx>270</posx>
        <posy>300</posy>
        <width>30</width>
        <label>k</label>
        <textcolor>DisabledTextColor</textcolor>
        <focusedcolor>DisabledTextColor</focusedcolor>
        <onleft>303</onleft>
        <onright>76</onright>
        <onup>65</onup>
        <ondown>85</ondown>
        <texturenofocus>ButtonNF.png</texturenofocus>
        <texturefocus>ButtonNF.png</texturefocus>
        <font>18BdFont</font>
      </control>
      <control type="button" id="76">
        <description>'L' button</description>
        <posx>300</posx>
        <posy>300</posy>
        <width>30</width>
        <label>l</label>
        <textcolor>DisabledTextColor</textcolor>
        <focusedcolor>DisabledTextColor</focusedcolor>
        <onleft>75</onleft>
        <onright>77</onright>
        <onup>66</onup>
        <ondown>86</ondown>
        <texturenofocus>ButtonNF.png</texturenofocus>
        <texturefocus>ButtonNF.png</texturefocus>
        <font>18BdFont</font>
      </control>
      <control type="button" id="77">
        <description>'M' button</description>
        <posx>330</posx>
        <posy>300</posy>
        <width>30</width>
        <label>m</label>
        <textcolor>DisabledTextColor</textcolor>
        <focusedcolor>DisabledTextColor</focusedcolor>
        <onleft>76</onleft>
        <onright>78</onright>
        <onup>67</onup>
        <ondown>87</ondown>
        <texturenofocus>ButtonNF.png</texturenofocus>
        <texturefocus>ButtonNF.png</texturefocus>
        <font>18BdFont</font>
      </control>
      <control type="button" id="78">
        <description>'N' button</description>
        <posx>360</posx>
        <posy>300</posy>
        <width>30</width>
        <label>n</label>
        <textcolor>DisabledTextColor</textcolor>
        <focusedcolor>DisabledTextColor</focusedcolor>
        <onleft>77</onleft>
        <onright>79</onright>
        <onup>68</onup>
        <ondown>88</ondown>
        <texturenofocus>ButtonNF.png</texturenofocus>
        <texturefocus>ButtonNF.png</texturefocus>
        <font>18BdFont</font>
      </control>
      <control type="button" id="79">
        <description>'O' button</description>
        <posx>390</posx>
        <posy>300</posy>
        <width>30</width>
        <label>o</label>
        <textcolor>DisabledTextColor</textcolor>
        <focusedcolor>DisabledTextColor</focusedcolor>
        <onleft>78</onleft>
        <onright>80</onright>
        <onup>69</onup>
        <ondown>89</ondown>
        <texturenofocus>ButtonNF.png</texturenofocus>
        <texturefocus>ButtonNF.png</texturefocus>
        <font>18BdFont</font>
      </control>
      <control type="button" id="80">
        <description>'P' button</description>
        <posx>420</posx>
        <posy>300</posy>
        <width>30</width>
        <label>p</label>
        <textcolor>DisabledTextColor</textcolor>
        <focusedcolor>DisabledTextColor</focusedcolor>
        <onleft>79</onleft>
        <onright>81</onright>
        <onup>70</onup>
        <ondown>90</ondown>
        <texturenofocus>ButtonNF.png</texturenofocus>
        <texturefocus>ButtonNF.png</texturefocus>
        <font>18BdFont</font>
      </control>
      <control type="button" id="81">
        <description>'Q' button</description>
        <posx>450</posx>
        <posy>300</posy>
        <width>30</width>
        <label>q</label>
        <textcolor>DisabledTextColor</textcolor>
        <focusedcolor>DisabledTextColor</focusedcolor>
        <onleft>80</onleft>
        <onright>82</onright>
        <onup>71</onup>
        <ondown>8</ondown>
        <texturenofocus>ButtonNF.png</texturenofocus>
        <texturefocus>ButtonNF.png</texturefocus>
        <font>18BdFont</font>
      </control>
      <control type="button" id="82">
        <description>'R' button</description>
        <posx>480</posx>
        <posy>300</posy>
        <width>30</width>
        <label>r</label>
        <textcolor>DisabledTextColor</textcolor>
        <focusedcolor>DisabledTextColor</focusedcolor>
        <onleft>81</onleft>
        <onright>83</onright>
        <onup>72</onup>
        <ondown>8</ondown>
        <texturenofocus>ButtonNF.png</texturenofocus>
        <texturefocus>ButtonNF.png</texturefocus>
        <font>18BdFont</font>
      </control>
      <control type="button" id="83">
        <description>'S' button</description>
        <posx>510</posx>
        <posy>300</posy>
        <width>30</width>
        <label>s</label>
        <textcolor>DisabledTextColor</textcolor>
        <focusedcolor>DisabledTextColor</focusedcolor>
        <onleft>82</onleft>
        <onright>84</onright>
        <onup>73</onup>
        <ondown>8</ondown>
        <texturenofocus>ButtonNF.png</texturenofocus>
        <texturefocus>ButtonNF.png</texturefocus>
        <font>18BdFont</font>
      </control>
      <control type="button" id="84">
        <description>'T' button</description>
        <posx>540</posx>
        <posy>300</posy>
        <width>30</width>
        <label>t</label>
        <textcolor>DisabledTextColor</textcolor>
        <focusedcolor>DisabledTextColor</focusedcolor>
        <onleft>83</onleft>
        <onright>303</onright>
        <onup>74</onup>
        <ondown>8</ondown>
        <texturenofocus>ButtonNF.png</texturenofocus>
        <texturefocus>ButtonNF.png</texturefocus>
        <font>18BdFont</font>
      </control>
      <control type="togglebutton" id="304">
        <description>Symbols button</description>
        <posx>150</posx>
        <posy>330</posy>
        <width>120</width>
        <label>20180</label>
        <textcolor>DisabledTextColor</textcolor>
        <focusedcolor>DisabledTextColor</focusedcolor>
        <onleft>8</onleft>
        <onright>85</onright>
        <onup>303</onup>
        <ondown>307</ondown>
        <texturenofocus>ButtonNF.png</texturenofocus>
        <texturefocus>ButtonNF.png</texturefocus>
        <alttexturenofocus>ButtonNF.png</alttexturenofocus>
        <alttexturefocus>ButtonNF.png</alttexturefocus>
        <font>18BdFont</font>
      </control>
      <control type="button" id="85">
        <description>'U' button</description>
        <posx>270</posx>
        <posy>330</posy>
        <width>30</width>
        <label>u</label>
        <textcolor>DisabledTextColor</textcolor>
        <focusedcolor>DisabledTextColor</focusedcolor>
        <onleft>304</onleft>
        <onright>86</onright>
        <onup>75</onup>
        <ondown>32</ondown>
        <texturenofocus>ButtonNF.png</texturenofocus>
        <texturefocus>ButtonNF.png</texturefocus>
        <font>18BdFont</font>
      </control>
      <control type="button" id="86">
        <description>'V' button</description>
        <posx>300</posx>
        <posy>330</posy>
        <width>30</width>
        <label>v</label>
        <textcolor>DisabledTextColor</textcolor>
        <focusedcolor>DisabledTextColor</focusedcolor>
        <onleft>85</onleft>
        <onright>87</onright>
        <onup>76</onup>
        <ondown>32</ondown>
        <texturenofocus>ButtonNF.png</texturenofocus>
        <texturefocus>ButtonNF.png</texturefocus>
        <font>18BdFont</font>
      </control>
      <control type="button" id="87">
        <description>'W' button</description>
        <posx>330</posx>
        <posy>330</posy>
        <width>30</width>
        <label>w</label>
        <textcolor>DisabledTextColor</textcolor>
        <focusedcolor>DisabledTextColor</focusedcolor>
        <onleft>86</onleft>
        <onright>88</onright>
        <onup>77</onup>
        <ondown>32</ondown>
        <texturenofocus>ButtonNF.png</texturenofocus>
        <texturefocus>ButtonNF.png</texturefocus>
        <font>18BdFont</font>
      </control>
      <control type="button" id="88">
        <description>'X' button</description>
        <posx>360</posx>
        <posy>330</posy>
        <width>30</width>
        <label>x</label>
        <textcolor>DisabledTextColor</textcolor>
        <focusedcolor>DisabledTextColor</focusedcolor>
        <onleft>87</onleft>
        <onright>89</onright>
        <onup>78</onup>
        <ondown>32</ondown>
        <texturenofocus>ButtonNF.png</texturenofocus>
        <texturefocus>ButtonNF.png</texturefocus>
        <font>18BdFont</font>
      </control>
      <control type="button" id="89">
        <description>'Y' button</description>
        <posx>390</posx>
        <posy>330</posy>
        <width>30</width>
        <label>y</label>
        <textcolor>DisabledTextColor</textcolor>
        <focusedcolor>DisabledTextColor</focusedcolor>
        <onleft>88</onleft>
        <onright>90</onright>
        <onup>79</onup>
        <ondown>32</ondown>
        <texturenofocus>ButtonNF.png</texturenofocus>
        <texturefocus>ButtonNF.png</texturefocus>
        <font>18BdFont</font>
      </control>
      <control type="button" id="90">
        <description>'Z' button</description>
        <posx>420</posx>
        <posy>330</posy>
        <width>30</width>
        <label>z</label>
        <textcolor>DisabledTextColor</textcolor>
        <focusedcolor>DisabledTextColor</focusedcolor>
        <onleft>89</onleft>
        <onright>8</onright>
        <onup>80</onup>
        <ondown>32</ondown>
        <texturenofocus>ButtonNF.png</texturenofocus>
        <texturefocus>ButtonNF.png</texturefocus>
        <font>18BdFont</font>
      </control>
      <control type="button" id="8">
        <description>BACKSPACE button</description>
        <posx>450</posx>
        <posy>330</posy>
        <width>120</width>
        <textcolor>DisabledTextColor</textcolor>
        <focusedcolor>DisabledTextColor</focusedcolor>
        <label>20181</label>
        <onleft>90</onleft>
        <onright>304</onright>
        <onup>81</onup>
        <ondown>305</ondown>
        <texturenofocus>ButtonNF.png</texturenofocus>
        <texturefocus>ButtonNF.png</texturefocus>
        <font>18BdFont</font>
      </control>
      <control type="button" id="307">
        <description>IP Input button</description>
        <posx>150</posx>
        <posy>360</posy>
        <width>120</width>
        <texturenofocus>ButtonNF.png</texturenofocus>
        <texturefocus>ButtonNF.png</texturefocus>
        <label>1006</label>
        <font>18BdFont</font>
        <textcolor>DisabledTextColor</textcolor>
        <focusedcolor>DisabledTextColor</focusedcolor>
        <onleft>306</onleft>
        <onright>32</onright>
        <onup>304</onup>
        <ondown>300</ondown>
      </control>
      <control type="button" id="32">
        <description>SPACE button</description>
        <posx>270</posx>
        <posy>360</posy>
        <width>180</width>
        <label>20182</label>
        <textcolor>DisabledTextColor</textcolor>
        <focusedcolor>DisabledTextColor</focusedcolor>
        <onleft>307</onleft>
        <onright>305</onright>
        <onup>85</onup>
        <ondown>48</ondown>
        <texturenofocus>ButtonNF.png</texturenofocus>
        <texturefocus>ButtonNF.png</texturefocus>
        <font>18BdFont</font>
      </control>
      
    </control>
  </control>
  
</controls>
</window>