<window id="136">
  
<coordinates>
  <system>1</system>
  <posx>208</posx>
  <posy>240</posy>
</coordinates>

<include>DefaultFade</include>
  
<controls>

  <control type="group">
    <include>OptionBack1-1</include>
    <control type="image">
      <description>Header Back</description>
      <width>304</width>
      <height>45</height>
      <align>left</align>
      <texture>ButtonNF.png</texture>
    </control>
    <control type="label" id="1">
      <description>Header Label</description>
      <posx>35</posx>
      <width>268</width>
      <height>45</height>
      <align>left</align>
      <label>$LOCALIZE[31012]</label>
      <font>22BdFont</font>
      <textcolor>FocusedTextColor</textcolor>
    </control>
    
		<control type="label">
			<description>Busy label</description>
			<posx>50</posx>
			<posy>55</posy>
      <width>285</width>
      <font>18BdFont</font>
			<label>$LOCALIZE[20186]...</label>
			<align>left</align>
		</control>
	</control>
  
</controls>
	
</window>