<window id="133">
<defaultcontrol>402</defaultcontrol>
<allowoverlay>no</allowoverlay>
  
<controls>

  <control type="group">
    <posx>305</posx>
    <posy>15</posy>
    <include>SlideFromRight</include>
    <visible>!Window.IsActive(2006) + !VideoPlayer.IsFullscreen + !Skin.HasSetting(SmallScan)</visible>
    <include>MediaScanBack</include>
    <control type="image">
      <description>Header Back</description>
      <posx>0</posx>
      <posy>0</posy>
      <width>400</width>
      <height>45</height>
      <align>left</align>
      <texture>ButtonNF.png</texture>
    </control>
    <control type="label" id="401">
      <description>Header Label</description>
      <posx>10</posx>
      <posy>0</posy>
      <width>380</width>
      <height>45</height>
      <align>left</align>
      <aligny>center</aligny>
      <label></label>
      <font>22BdFont</font>
      <textcolor>FocusedTextColor</textcolor>
    </control>

    <control type="label" id="402">
      <description>Current Directory Label</description>
      <posx>10</posx>
      <posy>55</posy>
      <width>380</width>
      <align>left</align>
      <label></label>
      <scroll>true</scroll>
      <font>18BdFont</font>
      <textcolor>FocusedTextColor</textcolor>
      <haspath>yes</haspath>
    </control>

    <control type="progress" id="403">
      <description>progress control</description>
      <posx>10</posx>
      <posy>90</posy>
      <width>380</width>
    </control>
    <control type="progress" id="404">
      <description>progress control</description>
      <posx>10</posx>
      <posy>108</posy>
      <width>380</width>
    </control>
	</control>
  
  <control type="group">
    <posx>250</posx>
    <posy>20</posy>
    <include>DefaultFade</include>
    <visible>!Window.IsActive(2006) + !VideoPlayer.IsFullscreen + Skin.HasSetting(SmallScan)</visible>

    <include>MediaScanBackSmall</include>
    
    <control type="label">
      <description>Scanning Media Label</description>
      <width>220</width>
      <height>30</height>
      <align>center</align>
      <label>$LOCALIZE[189]</label>
      <font>18BdFont</font>
      <textcolor>FocusedTextColor</textcolor>\
    </control>
  </control>

</controls>
</window>