<window id="503">
<defaultcontrol always="true">50</defaultcontrol>
<allowoverlay>no</allowoverlay>
  
<include>DefaultFade</include>
  
<controls>

<include>Backgrounds</include>
  
  <!-- Left -->
  <control type="group">
    <posx>20</posx>
    <posy>20</posy>
    <include>MediaInfoBack</include>
    <control type="image">
      <description>Header Back</description>
      <width>340</width>
      <height>45</height>
      <align>left</align>
      <texture>ButtonNF.png</texture>
      <visible>Control.HasFocus(100)</visible>
    </control>
    <control type="image">
      <description>Header Back</description>
      <width>340</width>
      <height>45</height>
      <align>left</align>
      <texture>ButtonFo.png</texture>
      <visible>Control.HasFocus(50)</visible>
    </control>
    <control type="label" id="1">
      <description>Header Label</description>
      <posx>15</posx>
      <posy>0</posy>
      <width>320</width>
      <height>45</height>
      <align>left</align>
      <aligny>center</aligny>
      <label>$LOCALIZE[1211]</label>
      <font>22BdFont</font>
      <textcolor>DefaultTextColor</textcolor>
    </control>
    <control type="list" id="50">
      <description>Left File List</description>
      <posx>10</posx>
      <posy>50</posy>
      <width>322</width>
      <height>380</height>
      <onleft>100</onleft>
      <onright>100</onright>
      <onup>50</onup>
      <ondown>50</ondown>
      <itemlayout height="35" width="320">
        <control type="image">
          <posx>0</posx>
          <posy>0</posy>
          <width>320</width>
          <height>30</height>
          <texture>ButtonInputNF.png</texture>
          <aspectratio aligny="middle">keep</aspectratio>
        </control>
        <control type="image">
          <posx>5</posx>
          <posy>5</posy>
          <width>20</width>
          <height>20</height>
          <info>ListItem.Icon</info>
          <aspectratio aligny="left">keep</aspectratio>
        </control>
        <control type="label">
          <posx>30</posx>
          <posy>0</posy>
          <width>280</width>
          <height>30</height>
          <align>left</align>
          <aligny>center</aligny>
          <font>18BdFont</font>
          <textcolor>DefaultTextColor</textcolor>
          <info>listitem.label</info>
          <scroll>false</scroll>
        </control>
        <control type="label">
          <posx>310</posx>
          <posy>0</posy>
          <width>280</width>
          <height>30</height>
          <align>right</align>
          <aligny>center</aligny>
          <font>18BdFont</font>
          <textcolor>DefaultTextColor</textcolor>
          <info>listitem.label2</info>
          <scroll>false</scroll>
        </control>
      </itemlayout>
      <focusedlayout height="35" width="320">
        <control type="image">
          <posx>0</posx>
          <posy>0</posy>
          <width>320</width>
          <height>30</height>
          <texture>ButtonInputFo.png</texture>
          <aspectratio aligny="middle">keep</aspectratio>
          <visible>Control.HasFocus(50)</visible>
        </control>
        <control type="image">
          <posx>0</posx>
          <posy>0</posy>
          <width>320</width>
          <height>30</height>
          <texture>ButtonInputNF.png</texture>
          <aspectratio aligny="middle">keep</aspectratio>
          <visible>!Control.HasFocus(50)</visible>
        </control>
        <control type="image">
          <posx>5</posx>
          <posy>5</posy>
          <width>20</width>
          <height>20</height>
          <info>ListItem.Icon</info>
          <aspectratio aligny="left">keep</aspectratio>
        </control>
        <control type="label">
          <posx>30</posx>
          <posy>0</posy>
          <width>280</width>
          <height>30</height>
          <align>left</align>
          <aligny>center</aligny>
          <font>18BdFont</font>
          <textcolor>FocusedTextColor</textcolor>
          <info>listitem.label</info>
          <scroll>false</scroll>
        </control>
        <control type="label">
          <posx>310</posx>
          <posy>0</posy>
          <width>280</width>
          <height>30</height>
          <align>right</align>
          <aligny>center</aligny>
          <font>18BdFont</font>
          <textcolor>FocusedTextColor</textcolor>
          <info>listitem.label2</info>
          <scroll>false</scroll>
        </control>
      </focusedlayout>
    </control>
  </control>

  <control type="group">
    <posx>20</posx>
    <posy>511</posy>
    <control type="image">
      <description>Footer Back</description>
      <width>340</width>
      <height>45</height>
      <align>left</align>
      <texture>ButtonNF.png</texture>
      <visible>Control.HasFocus(100)</visible>
    </control>
    <control type="image">
      <description>Footer Back</description>
      <width>340</width>
      <height>45</height>
      <align>left</align>
      <texture>ButtonFo.png</texture>
      <visible>Control.HasFocus(50)</visible>
    </control>
    <control type="label" id="12">
      <description>Header Label</description>
      <posx>10</posx>
      <posy>0</posy>
      <width>320</width>
      <height>45</height>
      <align>left</align>
      <aligny>center</aligny>
      <label>-</label>
      <font>22BdFont</font>
      <textcolor>DefaultTextColor</textcolor>
    </control>
  </control>

  <!-- Right -->
  <control type="group">
    <posx>360</posx>
    <posy>20</posy>
    <control type="image">
      <description>Header Back</description>
      <width>340</width>
      <height>45</height>
      <align>left</align>
      <texture>ButtonNF.png</texture>
      <visible>Control.HasFocus(50)</visible>
    </control>
    <control type="image">
      <description>Header Back</description>
      <width>340</width>
      <height>45</height>
      <align>left</align>
      <texture>ButtonFo.png</texture>
      <visible>Control.HasFocus(100)</visible>
    </control>
    <control type="label" id="1">
      <description>Header Label</description>
      <posx>15</posx>
      <posy>0</posy>
      <width>320</width>
      <height>45</height>
      <align>left</align>
      <aligny>center</aligny>
      <label>$LOCALIZE[559]</label>
      <font>22BdFont</font>
      <textcolor>DefaultTextColor</textcolor>
    </control>
    <control type="list" id="100">
      <description>Right File List</description>
      <posx>10</posx>
      <posy>50</posy>
      <width>322</width>
      <height>380</height>
      <onleft>50</onleft>
      <onright>50</onright>
      <onup>100</onup>
      <ondown>100</ondown>
      <itemlayout height="35" width="320">
        <control type="image">
          <posx>0</posx>
          <posy>0</posy>
          <width>320</width>
          <height>30</height>
          <texture>ButtonInputNF.png</texture>
          <aspectratio aligny="middle">keep</aspectratio>
        </control>
        <control type="image">
          <posx>5</posx>
          <posy>5</posy>
          <width>20</width>
          <height>20</height>
          <info>ListItem.Icon</info>
          <aspectratio aligny="left">keep</aspectratio>
        </control>
        <control type="label">
          <posx>30</posx>
          <posy>0</posy>
          <width>280</width>
          <height>30</height>
          <align>left</align>
          <aligny>center</aligny>
          <font>18BdFont</font>
          <textcolor>DefaultTextColor</textcolor>
          <info>listitem.label</info>
          <scroll>false</scroll>
        </control>
        <control type="label">
          <posx>310</posx>
          <posy>0</posy>
          <width>280</width>
          <height>30</height>
          <align>right</align>
          <aligny>center</aligny>
          <font>18BdFont</font>
          <textcolor>DefaultTextColor</textcolor>
          <info>listitem.label2</info>
          <scroll>false</scroll>
        </control>
      </itemlayout>
      <focusedlayout height="35" width="320">
        <control type="image">
          <posx>0</posx>
          <posy>0</posy>
          <width>320</width>
          <height>30</height>
          <texture>ButtonInputFo.png</texture>
          <aspectratio aligny="middle">keep</aspectratio>
          <visible>Control.HasFocus(100)</visible>
        </control>
        <control type="image">
          <posx>0</posx>
          <posy>0</posy>
          <width>320</width>
          <height>30</height>
          <texture>ButtonInputNF.png</texture>
          <aspectratio aligny="middle">keep</aspectratio>
          <visible>!Control.HasFocus(100)</visible>
        </control>
        <control type="image">
          <posx>5</posx>
          <posy>5</posy>
          <width>20</width>
          <height>20</height>
          <info>ListItem.Icon</info>
          <aspectratio aligny="left">keep</aspectratio>
        </control>
        <control type="label">
          <posx>30</posx>
          <posy>0</posy>
          <width>280</width>
          <height>30</height>
          <align>left</align>
          <aligny>center</aligny>
          <font>18BdFont</font>
          <textcolor>FocusedTextColor</textcolor>
          <info>listitem.label</info>
          <scroll>false</scroll>
        </control>
        <control type="label">
          <posx>310</posx>
          <posy>0</posy>
          <width>280</width>
          <height>30</height>
          <align>right</align>
          <aligny>center</aligny>
          <font>18BdFont</font>
          <textcolor>FocusedTextColor</textcolor>
          <info>listitem.label2</info>
          <scroll>false</scroll>
        </control>
      </focusedlayout>
    </control>
  </control>

  <control type="group">
    <posx>360</posx>
    <posy>511</posy>
    <control type="image">
      <description>Header Back</description>
      <width>340</width>
      <height>45</height>
      <align>left</align>
      <texture>ButtonNF.png</texture>
      <visible>Control.HasFocus(50)</visible>
    </control>
    <control type="image">
      <description>Header Back</description>
      <width>340</width>
      <height>45</height>
      <align>left</align>
      <texture>ButtonFo.png</texture>
      <visible>Control.HasFocus(100)</visible>
    </control>
    <control type="label" id="101">
      <description>Header Label</description>
      <posx>10</posx>
      <posy>0</posy>
      <width>320</width>
      <height>45</height>
      <align>left</align>
      <aligny>center</aligny>
      <label>-</label>
      <font>22BdFont</font>
      <textcolor>DefaultTextColor</textcolor>
    </control>
  </control>

  <control type="image">
    <description>Separator image</description>
    <posx>360</posx>
    <posy>20</posy>
    <width>1</width>
    <height>535</height>
    <aspectratio align="left">stretch</aspectratio>
    <texture>white.png</texture>
    <animation effect="fade" delay="0" end="40" time="0" condition="true">WindowOpen</animation>
    <animation effect="fade" delay="0" end="40" time="0" condition="true">WindowClose</animation>
  </control>

	</controls>
</window>