<window id="130">
<defaultcontrol always="true">5</defaultcontrol>
<allowoverlay>no</allowoverlay>
  
<coordinates>
	<system>1</system>
  <posx>90</posx>
  <posy>101</posy>
</coordinates>
  
<include>DefaultFade</include>

<controls>
	
  <control type="group">
    <include>DialogBackWide</include>
    <control type="scrollbar" id="60">
      <description>Scroll Bar</description>
      <posx>509</posx>
      <posy>195</posy>
      <height>135</height>
      <onleft>5</onleft>
      <onright>9000</onright>
      <onup>60</onup>
      <ondown>60</ondown>
      <visible>Control.HasFocus(60) + !Skin.HasSetting(ScrollBarsDialogs)</visible>
      <animation effect="fade" time="0" start="0" end="60" condition="Control.HasFocus(60)">Conditional</animation>
    </control>
    <control type="scrollbar" id="60">
      <description>Scroll Bar</description>
      <posx>509</posx>
      <posy>195</posy>
      <height>135</height>
      <onleft>5</onleft>
      <onright>9000</onright>
      <onup>60</onup>
      <ondown>60</ondown>
      <visible>!Control.HasFocus(60) + !Skin.HasSetting(ScrollBarsDialogs)</visible>
      <animation effect="fade" time="0" start="0" end="30" condition="!Control.HasFocus(60)">Conditional</animation>
    </control>
    <control type="image">
      <description>Header Back</description>
      <width>540</width>
      <height>45</height>
      <align>left</align>
      <texture>ButtonNF.png</texture>
    </control>
    <control type="label">
      <description>Profiles Header Label</description>
      <posx>10</posx>
      <posy>0</posy>
      <width>268</width>
      <height>45</height>
      <align>left</align>
      <aligny>center</aligny>
      <label>$LOCALIZE[31024]</label>
      <font>22BdFont</font>
      <textcolor>FocusedTextColor</textcolor>
    </control>

		<control type="image" id="2">
			<description>profile image</description>
			<posx>10</posx>
			<posy>55</posy>
			<width>110</width>
			<height>110</height>
      <align>center</align>
      <aligny>top</aligny>
      <aspectratio>keep</aspectratio>
      <bordertexture border="14">ButtonNF.png</bordertexture>
      <bordersize>5</bordersize>
			<texture>unknown-user.png</texture>
		</control>
		<control type="label" id="0">
			<description>profile name label</description>
      <posx>130</posx>
      <posy>55</posy>
      <width>240</width>
      <align>left</align>
      <aligny>center</aligny>
      <label>$LOCALIZE[20093]:</label>
      <font>18BdFont</font>
		</control>
		<control type="label" id="1000">
			<description>profile name value</description>
      <posx>250</posx>
      <posy>55</posy>
      <width>240</width>
      <align>left</align>
      <aligny>center</aligny>
      <font>18BdFont</font>
		</control>  
		<control type="label" id="0">
			<description>profile directory label</description>
			<posx>130</posx>
			<posy>90</posy>
      <width>240</width>
      <align>left</align>
      <aligny>center</aligny>
      <label>$LOCALIZE[20070]:</label>
      <font>18BdFont</font>
		</control>
		<control type="label" id="1001">
			<description>profile directory value</description>
			<posx>280</posx>
			<posy>90</posy>
      <width>240</width>
      <align>left</align>
      <aligny>center</aligny>
      <font>18BdFont</font>
		</control>		
    
		<control type="grouplist" id="5">
			<description>control area</description>
			<posx>10</posx>
			<posy>195</posy>
      <itemgap>5</itemgap>
      <orientation>vertical</orientation>
      <width>501</width>
      <height>135</height>
      <pagecontrol>60</pagecontrol>
			<onleft>9000</onleft>
			<onright>60</onright>
			<onup>9000</onup>
			<ondown>9000</ondown>
		</control>
    <control type="button" id="7">
      <description>Default Button</description>
      <width>-</width>
      <font>18BdFont</font>
      <align>left</align>
      <texturefocus>ButtonInputFo.png</texturefocus>
      <texturenofocus>ButtonInputNF.png</texturenofocus>
      <textoffsetx>10</textoffsetx>
    </control>
		<control type="image" id="11">
			<description>separator image</description>
      <height>30</height>
      <width>520</width>
      <aspectratio>stretch</aspectratio>
      <texture>-</texture>
		</control>

    <control type="group" id="9000">
      <posx>300</posx>
      <posy>335</posy>
      <control type="button" id="28">
        <description>OK button</description>
        <posx>0</posx>
        <label>$LOCALIZE[186]</label>
        <font>18BdFont</font>
        <onleft>29</onleft>
        <onright>29</onright>
        <onup>5</onup>
        <ondown>5</ondown>
      </control>
      <control type="button" id="29">
        <description>Cancel button</description>
        <posx>110</posx>
        <label>$LOCALIZE[222]</label>
        <font>18BdFont</font>
        <onleft>28</onleft>
        <onright>28</onright>
        <onup>5</onup>
        <ondown>5</ondown>
      </control>
    </control>
	</control>

</controls>
</window>