<window id="12">
<defaultcontrol always="true">3</defaultcontrol>
<allowoverlay>no</allowoverlay>
	
<controls>

	<include>Backgrounds</include>
  
  <control type="group">
    <posx>20</posx>
    <posy>65</posy>
    <include>SettingsFade</include> 
    <include>SettingsBack</include>
    <control type="image">
      <description>Header Back</description>
      <posx>0</posx>
      <posy>0</posy>
      <width>680</width>
      <height>45</height>
      <align>left</align>
      <texture>ButtonNF.png</texture>
    </control>
    <control type="label" id="1000">
      <description>Settings Header Label</description>
      <posx>10</posx>
      <posy>0</posy>
      <width>660</width>
      <height>45</height>
      <align>left</align>
      <aligny>center</aligny>
      <label>$LOCALIZE[5] $LOCALIZE[10507]</label>
      <font>22BdFont</font>
      <textcolor>FocusedTextColor</textcolor>
    </control>
    
    <control type="group">
      <posx>0</posx>
      <posy>55</posy>
      <control type="scrollbar" id="60">
        <description>Scroll Bar</description>
        <posx>650</posx>
        <height>380</height>
        <onleft>5</onleft>
        <onright>5</onright>
        <onup>60</onup>
        <ondown>60</ondown>
        <visible>Control.HasFocus(60) + !Skin.HasSetting(ScrollBarsDialogs)</visible>
        <animation effect="fade" time="0" start="0" end="60" condition="Control.HasFocus(60)">Conditional</animation>
      </control>
      <control type="scrollbar" id="60">
        <description>Scroll Bar</description>
        <posx>650</posx>
        <height>380</height>
        <onleft>5</onleft>
        <onright>5</onright>
        <onup>60</onup>
        <ondown>60</ondown>
        <visible>!Control.HasFocus(60) + !Skin.HasSetting(ScrollBarsDialogs)</visible>
        <animation effect="fade" time="0" start="0" end="30" condition="!Control.HasFocus(60)">Conditional</animation>
      </control>
      <control type="grouplist" id="3">
        <description>Sub Category Buttons</description>
        <posx>10</posx>
        <posy>0</posy>
        <width>140</width>
        <height>380</height>
        <itemgap>5</itemgap>
        <orientation>vertical</orientation>
        <onleft>5</onleft>
        <onright>5</onright>
        <onup>3</onup>
        <ondown>3</ondown>
      </control>
      <control type="button" id="10">
        <description>Default Category Button</description>
        <width>140</width>
        <font>18BdFont</font>
      </control>
      <control type="grouplist" id="5">
        <description>Control Area</description>
        <posx>160</posx>
        <posy>0</posy>
        <width>490</width>
        <height>380</height>
        <itemgap>5</itemgap>
        <pagecontrol>60</pagecontrol>
        <onleft>3</onleft>
        <onright>3</onright>
        <onup>5</onup>
        <ondown>5</ondown>
      </control>
      <control type="button" id="7">
        <description>Default Button</description>
        <width>-</width>
        <font>18BdFont</font>
        <texturefocus>ButtonInputFo.png</texturefocus>
        <texturenofocus>ButtonInputNF.png</texturenofocus>
        <align>left</align>
        <textoffsetx>5</textoffsetx>
      </control>
      <control type="radiobutton" id="8">
        <description>Default RadioButton</description>
        <font>18BdFont</font>
        <label>$LOCALIZE[590]</label>
      </control>
      <control type="spincontrolex" id="9">
        <description>Default SpinControlex</description>
        <width>-</width>
        <font>18BdFont</font>
      </control>
    </control>
  </control>
  
</controls>
</window>