<window id="129">
<defaultcontrol always="true">22</defaultcontrol>
<allowoverlay>no</allowoverlay>

<coordinates>
	<system>1</system>
	<posx>80</posx>
	<posy>75</posy>
</coordinates>
  
<include>DefaultFade</include>
	
<controls>
	
	<control type="group">
		<posx>0</posx>
		<posy>0</posy>
    <include>PlaylistEditorBack</include>
    <control type="image">
      <description>Header Back</description>
      <posx>0</posx>
      <posy>0</posy>
      <width>540</width>
      <height>45</height>
      <align>left</align>
      <texture>ButtonNF.png</texture>
    </control>
		<control type="label">
			<description>Header Label</description>
			<posx>10</posx>
			<posy>0</posy>
			<width>268</width>
			<height>45</height>
			<align>left</align>
			<aligny>center</aligny>
      <label>$LOCALIZE[21432]</label>
			<font>22BdFont</font>
			<textcolor>FocusedTextColor</textcolor>
		</control>

    <control type="scrollbar" id="60">
      <description>Scroll Bar</description>
      <posx>399</posx>
      <posy>185</posy>
      <height>100</height>
      <onleft>10</onleft>
      <onright>9000</onright>
      <onup>60</onup>
      <ondown>60</ondown>
      <visible>Control.HasFocus(60) + !Skin.HasSetting(ScrollBarsDialogs)</visible>
      <animation effect="fade" time="0" start="0" end="60" condition="Control.HasFocus(60)">Conditional</animation>
    </control>
    <control type="scrollbar" id="60">
      <description>Scroll Bar</description>
      <posx>399</posx>
      <posy>185</posy>
      <height>100</height>
      <onleft>10</onleft>
      <onright>9000</onright>
      <onup>60</onup>
      <ondown>60</ondown>
      <visible>!Control.HasFocus(60) + !Skin.HasSetting(ScrollBarsDialogs)</visible>
      <animation effect="fade" time="0" start="0" end="30" condition="!Control.HasFocus(60)">Conditional</animation>
    </control>
    <control type="spincontrolex" id="22">
      <description>Type</description>
      <posx>10</posx>
      <posy>55</posy>
      <width>520</width>
      <label>$LOCALIZE[467]</label>
      <font>18BdFont</font>
      <pulseonselect>false</pulseonselect>
      <onright>22</onright>
      <onleft>22</onleft>
      <onup>9001</onup>
      <ondown>12</ondown>
    </control>
		<control type="label" id="0">
			<description>Name Label</description>
			<posx>10</posx>
			<posy>85</posy>
			<width>580</width>
			<label>$LOCALIZE[21433]</label>
			<align>left</align>
			<scroll>yes</scroll>
      <font>18BdFont</font>
			<textcolor>FocusedTextColor</textcolor>
		</control>
		<control type="button" id="12">
			<description>Edit Text Frame</description>
			<posx>10</posx>
			<posy>120</posy>
      <width>520</width>
      <label>-</label>
      <font>18BdFont</font>
      <texturefocus>ButtonInputFo.png</texturefocus>
      <texturenofocus>ButtonInputNF.png</texturenofocus>
      <align>left</align>
      <textoffsetx>10</textoffsetx>
      <onup>22</onup>
			<onleft>12</onleft>
			<onright>12</onright>
			<ondown>10</ondown>
		</control>
    <control type="label" id="0">
      <description>Name Label</description>
      <posx>10</posx>
      <posy>150</posy>
      <width>580</width>
      <label>$LOCALIZE[21434]</label>
      <align>left</align>
      <scroll>yes</scroll>
      <font>18BdFont</font>
      <textcolor>FocusedTextColor</textcolor>
    </control>
    <control type="list" id="10">
      <posx>10</posx>
      <posy>185</posy>
      <width>391</width>
      <height>100</height>
      <onup>12</onup>
      <onleft>12</onleft>
      <onright>60</onright>
      <ondown>16</ondown>
      <pagecontrol>60</pagecontrol>
      <scrolltime>200</scrolltime>
      <itemlayout height="35">
        <control type="image">
          <posx>0</posx>
          <posy>0</posy>
          <width>391</width>
          <height>30</height>
          <texture>ButtonInputNF.png</texture>
          <aspectratio aligny="left">keep</aspectratio>
        </control>
        <control type="label">
          <posx>5</posx>
          <width>381</width>
          <height>30</height>
          <aligny>center</aligny>
          <align>left</align>
          <info>ListItem.Label</info>
          <font>18BdFont</font>
          <scroll>no</scroll>
          <textcolor>DefaultTextColor</textcolor>
          <selectedcolor>SelectedTextColor</selectedcolor>
        </control>
      </itemlayout>
      <focusedlayout height="35">
        <control type="image">
          <posx>0</posx>
          <posy>0</posy>
          <width>391</width>
          <height>30</height>
          <texture>ButtonInputFo.png</texture>
          <aspectratio aligny="left">keep</aspectratio>
          <visible>Control.HasFocus(10)</visible>
        </control>
        <control type="image">
          <posx>0</posx>
          <posy>0</posy>
          <width>391</width>
          <height>30</height>
          <texture>ButtonInputNF.png</texture>
          <aspectratio aligny="left">keep</aspectratio>
          <visible>!Control.HasFocus(10)</visible>
        </control>
        <control type="label">
          <posx>5</posx>
          <width>381</width>
          <height>30</height>
          <aligny>center</aligny>
          <align>left</align>
          <info>ListItem.Label</info>
          <font>18BdFont</font>
          <scroll>yes</scroll>
          <textcolor>DefaultTextColor</textcolor>
          <selectedcolor>SelectedTextColor</selectedcolor>
          <visible>!Control.HasFocus(10)</visible>
        </control>
        <control type="label">
          <posx>5</posx>
          <width>381</width>
          <height>30</height>
          <aligny>center</aligny>
          <align>left</align>
          <info>ListItem.Label</info>
          <font>18BdFont</font>
          <scroll>yes</scroll>
          <textcolor>FocusedTextColor</textcolor>
          <selectedcolor>SelectedTextColor</selectedcolor>
          <visible>Control.HasFocus(10)</visible>
        </control>
      </focusedlayout>
    </control>
		
		<control type="group" id="9000">
			<control type="button" id="13">
				<description>Add Rule Button</description>
				<posx>430</posx>
				<posy>185</posy>
        <label>$LOCALIZE[15019]</label>
        <font>18BdFont</font>
				<onleft>60</onleft>
				<onright>16</onright>
				<onup>12</onup>
				<ondown>14</ondown>
			</control>
			<control type="button" id="14">
				<description>Remove Rule Button</description>
				<posx>430</posx>
				<posy>220</posy>
        <label>$LOCALIZE[1210]</label>
        <font>18BdFont</font>
				<onup>13</onup>
				<onleft>60</onleft>
				<onright>16</onright>
				<ondown>15</ondown>
			</control>
			<control type="button" id="15">
				<description>Edit Rule Button</description>
				<posx>430</posx>
				<posy>255</posy>
        <label>$LOCALIZE[21435]</label>
        <font>18BdFont</font>
				<onup>14</onup>
				<onleft>60</onleft>
				<onright>16</onright>
				<ondown>16</ondown>
			</control>
		</control>

    <control type="spincontrolex" id="16">
      <description>Items must match</description>
      <posx>10</posx>
      <posy>290</posy>
      <width>520</width>
      <label>$LOCALIZE[21424]</label>
      <font>18BdFont</font>
      <onright>16</onright>
      <onleft>16</onleft>
      <onup>10</onup>
      <ondown>17</ondown>
    </control>
		<control type="spincontrolex" id="17">
      <description>Limit To</description>
			<posx>10</posx>
			<posy>325</posy>
      <width>520</width>
      <height>25</height>
      <label>$LOCALIZE[21427]</label>
      <font>18BdFont</font>
      <onright>17</onright>
			<onleft>17</onleft>
			<onup>16</onup>
			<ondown>18</ondown>
		</control>
		<control type="spincontrolex" id="18">
      <description>Order By</description>
			<posx>10</posx>
			<posy>355</posy>
      <width>410</width>
      <label>$LOCALIZE[21429]</label>
      <font>18BdFont</font>
      <onright>19</onright>
			<onleft>19</onleft>
			<onup>17</onup>
			<ondown>9001</ondown>
		</control>
		<control type="togglebutton" id="19">
      <description>Ascending/Descending</description>
			<posx>430</posx>
			<posy>355</posy>
      <font>18BdFont</font>
			<alttexturenofocus border="3">ButtonInputNF.png</alttexturenofocus>
			<alttexturefocus border="3">ButtonInputFo.png</alttexturefocus>
      <texturefocus border="3">ButtonInputFo.png</texturefocus>
      <texturenofocus border="3">ButtonInputNF.png</texturenofocus>
			<label>$LOCALIZE[21431]</label>
			<altlabel>$LOCALIZE[21430]</altlabel>
      <onright>18</onright>
			<onleft>18</onleft>
			<onup>17</onup>
			<ondown>9001</ondown>
		</control>
			
		<control type="group" id="9001">
      <posy>390</posy>
      <control type="button" id="20">
        <description>Ok Button</description>
        <posx>320</posx>
        <posy>0</posy>
        <width>100</width>
        <height>25</height>
        <align>center</align>
        <aligny>middle</aligny>
        <label>$LOCALIZE[186]</label>
        <font>18BdFont</font>
        <textcolor>DefaultTextColor</textcolor>
        <focusedcolor>FocusedTextColor</focusedcolor>
        <disabledcolor>DisabledTextColor</disabledcolor>
        <texturefocus>ButtonFo.png</texturefocus>
        <texturenofocus>ButtonNF.png</texturenofocus>
				<onup>18</onup>
				<onleft>21</onleft>
				<onright>21</onright>
				<ondown>22</ondown>
			</control>
			<control type="button" id="21">
				<description>Cancel Button</description>
        <posx>430</posx>
        <posy>0</posy>
        <width>100</width>
        <height>25</height>
        <align>center</align>
        <aligny>middle</aligny>
        <label>$LOCALIZE[222]</label>
        <font>18BdFont</font>
        <textcolor>DefaultTextColor</textcolor>
        <focusedcolor>FocusedTextColor</focusedcolor>
        <disabledcolor>DisabledTextColor</disabledcolor>
        <texturefocus>ButtonFo.png</texturefocus>
        <texturenofocus>ButtonNF.png</texturenofocus>
				<onup>19</onup>
				<onleft>20</onleft>
				<onright>20</onright>
				<ondown>22</ondown>
			</control>
		</control>
	</control>
</controls>
</window>