<window>
<defaultcontrol always="true">5</defaultcontrol>
<allowoverlay>no</allowoverlay>
	
<controls>
  
  <control type="button" id="5">
    <description>trigger</description>
    <onfocus>ReplaceWindow(home)</onfocus>
    <onfocus>ReplaceWindow(56)</onfocus>
    <texturenofocus>-</texturenofocus>
    <texturefocus>-</texturefocus>
    <animation effect="fade" start="0" end="0">Focus</animation>
    <visible>!Skin.HasSetting(WelcomeScreen)</visible>
  </control>
  <control type="button" id="5">
    <description>trigger</description>
    <onfocus>SetFocus(10)</onfocus>
    <texturenofocus>-</texturenofocus>
    <texturefocus>-</texturefocus>
    <animation effect="fade" start="0" end="0">Focus</animation>
    <visible>Skin.HasSetting(WelcomeScreen)</visible>
  </control>
	<control type="button" id="10">
		<description>trigger</description>
		<onfocus>ReplaceWindow(Home)</onfocus>
		<texturenofocus>-</texturenofocus>
		<texturefocus>-</texturefocus>
		<animation effect="fade" start="0" end="0">Focus</animation>
    <visible>!Skin.HasSetting(StartupPlaylistEnable)</visible>
	</control>
  <control type="button" id="10">
    <description>trigger with startup Playlist</description>
    <onfocus>XBMC.PlayMedia($INFO[Skin.String(StartupPlaylistPath)])</onfocus>
    <onfocus>ReplaceWindow(Home)</onfocus>
    <texturenofocus>-</texturenofocus>
    <texturefocus>-</texturefocus>
    <animation effect="fade" start="0" end="0">Focus</animation>
    <visible>Skin.HasSetting(StartupPlaylistEnable)</visible>
  </control>
</controls>
</window>