	<includes>

	<!----------------------------- FONT COLORS ---------------------------------->

		<include name="lowlistcolorfocus">
			<textcolor>FFFFFFFF</textcolor>
			<selectedcolor>FFFFFFFF</selectedcolor>
		</include>
		
		<include name="lowlistcolornofocus">
			<textcolor>FF939597</textcolor>
			<selectedcolor>9b3cd2fd</selectedcolor>
		</include>
		
		<include name="lowlistdetailcolornofocus">
			<textcolor>FF939597</textcolor>
			<selectedcolor>9b3cd2fd</selectedcolor>
		</include>
		
	<!----------------------------- ANIMATIONS ---------------------------------->
		
		<include name="Animation_MusicContentSlide">
			<animation effect="slide" start="0,0" end="40,0" time="0" condition="Window.IsActive(500) | Window.IsActive(501) | Window.IsActive(502)">Conditional</animation>
		</include>
		
		<include name="Animation_LandscapeIconSlide">
			<animation effect="slide" start="0,0" end="40,0" time="0" condition="[Container.Content(tvshows) + !Skin.HasSetting(tvshowposterthumbs)] | [Container.Content(seasons) + !Skin.HasSetting(seasonposterthumbs)] | Container.Content(episodes)">Conditional</animation>			
			<animation effect="slide" start="0,0" end="40,0" time="0" condition="Container.Content(episodes)">Conditional</animation>			
		</include>
		
		<include name="Animation_HighListSlide">
			<animation effect="slide" start="0,0" end="0,-110" time="200" condition="Skin.HasSetting(highlist)">Conditional</animation>
		</include>
		
		<include name="Animation_AntiHighListSlide">
			<animation effect="slide" start="0,0" end="0,110" time="0" condition="Skin.HasSetting(highlist)">Conditional</animation>
		</include>
		
		<include name="Animation_HighListHalfSlide">
			<animation effect="slide" start="0,0" end="0,-70" time="200" condition="Skin.HasSetting(highlist)">Conditional</animation>
		</include>
		
		<include name="Animation_HighListShrink">
			<animation effect="zoom" end="90" center="330,0" time="75" condition="Skin.HasSetting(highlist)">Conditional</animation>
		</include>
		
		<include name="Animation_DetailMenuSlideForRSS">
			<animation effect="slide" start="0,0" end="-550,0" time="150" condition="Skin.HasSetting(lowlistrsson) + !ControlGroup(7003).HasFocus() + !Control.IsVisible(7898)">Conditional</animation>
		</include>
		
		<include name="Animation_SlideRightForIcons">
			<animation effect="slide" start="0,0" end="60" time="150" condition="Container.Content(albums) + Skin.HasSetting(musiclistfull)">Conditional</animation>
		</include>
		
		<include name="Animation_PlotFade">
			<animation effect="fade" start="0" end="100" time="200">Visible</animation>
			<animation effect="fade" start="100" end="0" time="150">Hidden</animation>
		</include>
		
	<!----------------------------- LOW LIST ICON ROLLER --------------------------->

			<!-- Square icon variables -->
			
				<include name="ListIcon_SquarePos-3">
					<posx>60</posx>
					<posy>-20</posy>
				</include>
				
				<include name="ListIcon_SquarePos-2">
					<posx>50</posx>
					<posy>-5</posy>
				</include>
				
				<include name="ListIcon_SquarePos-1">
					<posx>40</posx>
					<posy>13</posy>
				</include>
				
				<include name="ListIcon_SquarePos0">
					<posx>30</posx>
					<posy>45</posy>
				</include>
				
				<include name="ListIcon_SquarePos1">
					<posx>40</posx>
					<posy>100</posy>
				</include>
				
				<include name="ListIcon_SquarePos2">
					<posx>50</posx>
					<posy>140</posy>
				</include>
				
				<include name="ListIcon_SquarePos3">
					<posx>60</posx>
					<posy>177</posy>
				</include>
				
				<include name="ListIcon_SquareVars_Z4">
					<posx>0</posx>
					<posy>0</posy>
					<width>170</width>
					<height>170</height>
					<visible>[Container.Content(artists) + !Skin.HasSetting(artistrolleroff)] | [Container.Content(albums) + !Skin.HasSetting(albumrolleroff)] | [Container.Content(songs) + !Skin.HasSetting(songrolleroff)] | Window.IsActive(500) | Window.IsActive(501)</visible>
					<visible>!Player.HasAudio</visible>
					<include>Animation_HighListHalfSlide</include>
				</include>
				
				<include name="ListIcon_SquareVars_Z3">
					<posx>0</posx>
					<posy>0</posy>
					<width>190</width>
					<height>190</height>
					<visible>[Container.Content(artists) + !Skin.HasSetting(artistrolleroff)] | [Container.Content(albums) + !Skin.HasSetting(albumrolleroff)] | [Container.Content(songs) + !Skin.HasSetting(songrolleroff)] | Window.IsActive(500) | Window.IsActive(501)</visible>
					<visible>!Player.HasAudio</visible>
					<include>Animation_HighListHalfSlide</include>
				</include>
			
				<include name="ListIcon_SquareVars_Z2">
					<posx>0</posx>
					<posy>0</posy>
					<width>210</width>
					<height>210</height>
					<visible>[Container.Content(artists) + !Skin.HasSetting(artistrolleroff)] | [Container.Content(albums) + !Skin.HasSetting(albumrolleroff)] | [Container.Content(songs) + !Skin.HasSetting(songrolleroff)] | Window.IsActive(500) | Window.IsActive(501)</visible>
					<visible>!Player.HasAudio</visible>
					<include>Animation_HighListHalfSlide</include>
				</include>
				
				<include name="ListIcon_SquareVars_Z1">
					<posx>0</posx>
					<posy>0</posy>
					<width>230</width>
					<height>230</height>
					<visible>[Container.Content(artists) + !Skin.HasSetting(artistrolleroff)] | [Container.Content(albums) + !Skin.HasSetting(albumrolleroff)] | [Container.Content(songs) + !Skin.HasSetting(songrolleroff)] | Window.IsActive(500) | Window.IsActive(501)</visible>
					<visible>!Player.HasAudio</visible>
					<include>Animation_HighListHalfSlide</include>
				</include>
					
				<include name="ListIcon_SquareVars_Z0">
					<posx>0</posx>
					<posy>0</posy>
					<width>250</width>
					<height>250</height>
					<visible>Container.Content(artists) | Container.Content(albums) | Container.Content(songs) | Window.IsActive(500) | Window.IsActive(501)</visible>
					<include>Animation_HighListHalfSlide</include>
				</include>
		
			<!-- Square icons -->
			
				<include name="ListIcon_Square_Z3">
					<control type="image">
						<include>ListIcon_SquareVars_Z3</include>
						<bordertexture border="-13">thumbs/cd_shadow_light.png</bordertexture>
						<texture>thumbs/cd_glass_noedge.png</texture>
					</control>
					<control type="image">
						<include>ListIcon_SquareVars_Z3</include>
						<include>MusicShowcaseOverlay</include>
					</control>
				</include>
				
				<include name="ListIcon_Square_Z2">
					<control type="image">
						<include>ListIcon_SquareVars_Z2</include>
						<bordertexture border="-14">thumbs/cd_shadow_light.png</bordertexture>
						<texture>thumbs/cd_glass_noedge.png</texture>
					</control>
					<control type="image">
						<include>ListIcon_SquareVars_Z2</include>
						<include>MusicShowcaseOverlay</include>
					</control>
				</include>
				
				<include name="ListIcon_Square_Z1">
					<control type="image">
						<include>ListIcon_SquareVars_Z1</include>
						<bordertexture border="-16">thumbs/cd_shadow_light.png</bordertexture>
						<texture>thumbs/cd_glass_noedge.png</texture>
					</control>
					<control type="image">
						<include>ListIcon_SquareVars_Z1</include>
						<include>MusicShowcaseOverlay</include>
					</control>
				</include>
				
				<include name="ListIcon_Square_Z0">
					<control type="image">
						<include>ListIcon_SquareVars_Z0</include>
						<bordertexture border="-20">thumbs/cd_shadow_light.png</bordertexture>
						<texture>thumbs/cd_glass_noedge.png</texture>
						<visible>![Container.Content(artists) + Skin.HasSetting(artistrolleroff)]</visible>
					</control>
					<control type="image">
						<include>ListIcon_SquareVars_Z0</include>
						<include>MusicShowcaseOverlay</include>
						<visible>![Container.Content(artists) + Skin.HasSetting(artistrolleroff)]</visible>
					</control>
				</include>
			
			<!-- Square icon roller -->
			
				<include name="LowList_SquareIconRoller">
					
				<!-- Static Icons -->
				
					<control type="group">
						<posx>0</posx>
						<posy>0</posy>
						<visible>[!Container.OnPrevious + !Container.OnNext] | [Container.Content(artists) + Skin.HasSetting(artistrolleroff)] | [Container.Content(albums) + Skin.HasSetting(albumrolleroff)] | [Container.Content(songs) + Skin.HasSetting(songrolleroff)] | Player.HasAudio</visible>
						<animation effect="fade" start="100" end="0" time="0">Hidden</animation>
						<animation effect="fade" start="0" end="100" time="0" delay="200">Visible</animation>
						
						<control type="group">
							<include>ListIcon_SquarePos-3</include>
							<animation effect="fade" start="0" end="60" time="0" condition="true">Conditional</animation>
							<control type="image">
								<include>ListIcon_SquareVars_Z3</include>
								<include>MusicShowcaseThumbMain</include>
								<info>ListItem(-3).Icon</info>
							</control>
							<include>ListIcon_Square_Z3</include>
						</control>
						
						<control type="group">
							<include>ListIcon_SquarePos3</include>
							<animation effect="fade" start="0" end="60" time="0" condition="true">Conditional</animation>
							<control type="image">
								<include>ListIcon_SquareVars_Z3</include>		
								<include>MusicShowcaseThumbMain</include>
								<info>ListItem(3).Icon</info>
							</control>
							<include>ListIcon_Square_Z3</include>
						</control>
						
						<control type="group">
							<include>ListIcon_SquarePos-2</include>
							<control type="image">
								<include>ListIcon_SquareVars_Z2</include>		
								<include>MusicShowcaseThumbMain</include>
								<info>ListItem(-2).Icon</info>
							</control>
							<include>ListIcon_Square_Z2</include>
						</control>
						
						<control type="group">
							<include>ListIcon_SquarePos2</include>
							<control type="image">
								<include>ListIcon_SquareVars_Z2</include>		
								<include>MusicShowcaseThumbMain</include>
								<info>ListItem(2).Icon</info>
							</control>
							<include>ListIcon_Square_Z2</include>
						</control>
											
						<control type="group">
							<include>ListIcon_SquarePos-1</include>						
							<control type="image">
								<include>ListIcon_SquareVars_Z1</include>		
								<include>MusicShowcaseThumbMain</include>
								<info>ListItem(-1).Icon</info>
							</control>
							<include>ListIcon_Square_Z1</include>
						</control>
						
						<control type="group">
							<include>ListIcon_SquarePos1</include>
							<control type="image">
								<include>ListIcon_SquareVars_Z1</include>		
								<include>MusicShowcaseThumbMain</include>
								<info>ListItem(1).Icon</info>
							</control>
							<include>ListIcon_Square_Z1</include>
						</control>
						
						<control type="group">
							<include>ListIcon_SquarePos0</include>						
							<control type="image">
								<include>ListIcon_SquareVars_Z0</include>		
								<include>MusicShowcaseThumbMain</include>
								<info>ListItem.Icon</info>
								<visible>![Container.Content(artists) + Skin.HasSetting(artistrolleroff)]</visible>
							</control>
							<include>ListIcon_Square_Z0</include>
							<control type="image">
								<posy>259</posy>
								<include>ListIcon_SquareVars_Z0</include>
								<include>MusicShowcaseThumbReflection</include>
								<info>ListItem.Icon</info>
								<visible>false</visible>
							</control>
						</control>
						
					</control>
				
				
				<!-- Rolling Down -->
				
					<control type="group">
						<posx>0</posx>
						<posy>0</posy>
						
						<control type="group">
							<include>ListIcon_SquarePos2</include>			
							<control type="image">
								<include>ListIcon_SquareVars_Z2</include>		
								<include>MusicShowcaseThumbMain</include>
								<info>ListItem(3).Icon</info>
								<visible>Container.OnPrevious</visible>
								<animation type="Hidden">
									<effect type="fade" start="100" end="60" time="200" />
									<effect type="zoom" end="10,37,190,190" time="200" />
								</animation>
							</control>
							<control type="image">
								<include>ListIcon_SquareVars_Z2</include>
								<bordertexture border="-14">thumbs/cd_shadow_light.png</bordertexture>
								<texture>thumbs/cd_glass_noedge.png</texture>
								<visible>Container.OnPrevious</visible>
								<animation type="Hidden">
									<effect type="fade" start="100" end="60" time="200" />
									<effect type="zoom" end="10,37,190,190" time="200" />
								</animation>
							</control>						
						</control>
						
						<control type="group">
							<include>ListIcon_SquarePos-3</include>
							<control type="image">
								<include>ListIcon_SquareVars_Z3</include>		
								<include>MusicShowcaseThumbMain</include>
								<info>ListItem(-3).Icon</info>
								<visible>Container.OnPrevious</visible>
								<animation type="Hidden">
									<effect type="fade" start="10" end="60" time="200" />
								</animation>
							</control>
							<control type="image">
								<include>ListIcon_SquareVars_Z3</include>
								<bordertexture border="-10">thumbs/cd_shadow_light.png</bordertexture>
								<texture>thumbs/cd_glass_noedge.png</texture>
								<visible>Container.OnPrevious</visible>
								<animation type="Hidden">
									<effect type="fade" start="10" end="60" time="200" />
								</animation>
							</control>						
						</control>
						
						<control type="group">
							<include>ListIcon_SquarePos-3</include>			
							<control type="image">
								<include>ListIcon_SquareVars_Z3</include>		
								<include>MusicShowcaseThumbMain</include>
								<info>ListItem(-2).Icon</info>
								<visible>Container.OnPrevious</visible>
								<animation type="Hidden">
									<effect type="zoom" end="-10,15,210,210" time="200" />
								</animation>
							</control>
							<control type="image">
								<include>ListIcon_SquareVars_Z3</include>
								<bordertexture border="-12">thumbs/cd_shadow_light.png</bordertexture>
								<texture>thumbs/cd_glass_noedge.png</texture>
								<visible>Container.OnPrevious</visible>
								<animation type="Hidden">
									<effect type="zoom" end="-10,15,210,210" time="200" />
								</animation>
							</control>						
						</control>
						
						<control type="group">
							<include>ListIcon_SquarePos1</include>					
							<control type="image">
								<include>ListIcon_SquareVars_Z1</include>		
								<include>MusicShowcaseThumbMain</include>
								<info>ListItem(2).Icon</info>
								<visible>Container.OnPrevious</visible>
								<animation type="Hidden">
									<effect type="zoom" end="10,40,210,210" time="200" />
								</animation>
							</control>
							<control type="image">
								<include>ListIcon_SquareVars_Z1</include>
								<bordertexture border="-16">thumbs/cd_shadow_light.png</bordertexture>
								<texture>thumbs/cd_glass_noedge.png</texture>
								<visible>Container.OnPrevious</visible>
								<animation type="Hidden">
									<effect type="zoom" end="10,40,210,210" time="200" />
								</animation>
							</control>						
						</control>
						
						<control type="group">
							<include>ListIcon_SquarePos-2</include>					
							<control type="image">
								<include>ListIcon_SquareVars_Z2</include>		
								<include>MusicShowcaseThumbMain</include>
								<info>ListItem(-1).Icon</info>
								<visible>Container.OnPrevious</visible>
								<animation type="Hidden">
									<effect type="zoom" end="-10,18,230,230" time="200" />
								</animation>
							</control>
							<control type="image">
								<include>ListIcon_SquareVars_Z2</include>
								<bordertexture border="-14">thumbs/cd_shadow_light.png</bordertexture>
								<texture>thumbs/cd_glass_noedge.png</texture>
								<visible>Container.OnPrevious</visible>
								<animation type="Hidden">
									<effect type="zoom" end="-10,18,230,230" time="200" />
								</animation>
							</control>						
						</control>
						
						<control type="group">
							<include>ListIcon_SquarePos0</include>					
							<control type="image">
								<include>ListIcon_SquareVars_Z0</include>		
								<include>MusicShowcaseThumbMain</include>
								<info>ListItem(1).Icon</info>
								<visible>Container.OnPrevious</visible>
								<visible>!Player.HasAudio</visible>
								<visible>[Container.Content(artists) + !Skin.HasSetting(artistrolleroff)] | [Container.Content(albums) + !Skin.HasSetting(albumrolleroff)] | [Container.Content(songs) + !Skin.HasSetting(songrolleroff)] | Window.IsActive(500) | Window.IsActive(501)</visible>
								<animation effect="zoom" end="10,55,230,230" time="200">Hidden</animation>
							</control>
							<control type="image">
								<include>ListIcon_SquareVars_Z0</include>
								<bordertexture border="-20">thumbs/cd_shadow_light.png</bordertexture>
								<texture>thumbs/cd_glass_noedge.png</texture>
								<visible>Container.OnPrevious</visible>
								<visible>!Player.HasAudio</visible>
								<visible>[Container.Content(artists) + !Skin.HasSetting(artistrolleroff)] | [Container.Content(albums) + !Skin.HasSetting(albumrolleroff)] | [Container.Content(songs) + !Skin.HasSetting(songrolleroff)] | Window.IsActive(500) | Window.IsActive(501)</visible>
								<animation effect="zoom" end="10,55,230,230" time="200">Hidden</animation>
							</control>
						</control>
						
						<control type="group">
							<include>ListIcon_SquarePos-1</include>
							<control type="image">
								<include>ListIcon_SquareVars_Z1</include>
								<include>MusicShowcaseThumbMain</include>
								<info>ListItem.Icon</info>
								<visible>Container.OnPrevious</visible>
								<animation effect="zoom" end="-10,32,250,250" time="200">Hidden</animation>
							</control>
							<control type="image">
								<include>ListIcon_SquareVars_Z1</include>
								<bordertexture border="-16">thumbs/cd_shadow_light.png</bordertexture>
								<texture>thumbs/cd_glass_noedge.png</texture>
								<visible>Container.OnPrevious</visible>
								<animation effect="zoom" end="-10,32,250,250" time="200">Hidden</animation>
							</control>						
						</control>
											
					</control>
			
			
				<!-- Rolling Up -->
				
					<control type="group">
						<posx>0</posx>
						<posy>0</posy>
						

						<control type="group">
							<include>ListIcon_SquarePos3</include>
							<control type="image">
								<include>ListIcon_SquareVars_Z3</include>		
								<include>MusicShowcaseThumbMain</include>
								<info>ListItem(3).Icon</info>
								<visible>Container.OnNext</visible>
								<animation type="Hidden">
									<effect type="fade" start="10" end="60" time="200" />
								</animation>
							</control>
							<control type="image">
								<include>ListIcon_SquareVars_Z3</include>
								<bordertexture border="-10">thumbs/cd_shadow_light.png</bordertexture>
								<texture>thumbs/cd_glass_noedge.png</texture>
								<visible>Container.OnNext</visible>
								<animation type="Hidden">
									<effect type="fade" start="10" end="60" time="200" />
								</animation>
							</control>						
						</control>
						
						<control type="group">
							<include>ListIcon_SquarePos-2</include>			
							<control type="image">
								<include>ListIcon_SquareVars_Z2</include>		
								<include>MusicShowcaseThumbMain</include>
								<info>ListItem(-3).Icon</info>
								<visible>Container.OnNext</visible>
								<animation type="Hidden">
									<effect type="fade" start="100" end="60" time="200" />
									<effect type="zoom" end="10,-15,190,190" time="200" />
								</animation>
							</control>
							<control type="image">
								<include>ListIcon_SquareVars_Z2</include>
								<bordertexture border="-14">thumbs/cd_shadow_light.png</bordertexture>
								<texture>thumbs/cd_glass_noedge.png</texture>
								<visible>Container.OnNext</visible>
								<animation type="Hidden">
									<effect type="fade" start="100" end="60" time="200" />
									<effect type="zoom" end="10,-15,190,190" time="200" />
								</animation>
							</control>						
						</control>
						
						<control type="group">
							<include>ListIcon_SquarePos3</include>			
							<control type="image">
								<include>ListIcon_SquareVars_Z3</include>		
								<include>MusicShowcaseThumbMain</include>
								<info>ListItem(2).Icon</info>
								<visible>Container.OnNext</visible>
								<animation type="Hidden">
									<effect type="zoom" end="-10,-37,210,210" time="200" />
								</animation>
							</control>
							<control type="image">
								<include>ListIcon_SquareVars_Z3</include>
								<bordertexture border="-12">thumbs/cd_shadow_light.png</bordertexture>
								<texture>thumbs/cd_glass_noedge.png</texture>
								<visible>Container.OnNext</visible>
								<animation type="Hidden">
									<effect type="zoom" end="-10,-37,210,210" time="200" />
								</animation>
							</control>						
						</control>
						
						<control type="group">
							<include>ListIcon_SquarePos-1</include>
							<control type="image">
								<include>ListIcon_SquareVars_Z1</include>
								<include>MusicShowcaseThumbMain</include>
								<info>ListItem(-2).Icon</info>
								<visible>Container.OnNext</visible>
								<animation effect="zoom" end="10,-18,210,210" time="200">Hidden</animation>
							</control>
							<control type="image">
								<include>ListIcon_SquareVars_Z1</include>
								<bordertexture border="-16">thumbs/cd_shadow_light.png</bordertexture>
								<texture>thumbs/cd_glass_noedge.png</texture>
								<visible>Container.OnNext</visible>
								<animation effect="zoom" end="10,-18,210,210" time="200">Hidden</animation>
							</control>						
						</control>
						
						<control type="group">
							<include>ListIcon_SquarePos2</include>					
							<control type="image">
								<include>ListIcon_SquareVars_Z2</include>		
								<include>MusicShowcaseThumbMain</include>
								<info>ListItem(1).Icon</info>
								<visible>Container.OnNext</visible>
								<animation type="Hidden">
									<effect type="zoom" end="-10,-40,230,230" time="200" />
								</animation>
							</control>
							<control type="image">
								<include>ListIcon_SquareVars_Z2</include>
								<bordertexture border="-14">thumbs/cd_shadow_light.png</bordertexture>
								<texture>thumbs/cd_glass_noedge.png</texture>
								<visible>Container.OnNext</visible>
								<animation type="Hidden">
									<effect type="zoom" end="-10,-40,230,230" time="200" />
								</animation>
							</control>						
						</control>
						
						<control type="group">
							<include>ListIcon_SquarePos0</include>					
							<control type="image">
								<include>ListIcon_SquareVars_Z0</include>		
								<include>MusicShowcaseThumbMain</include>
								<info>ListItem(-1).Icon</info>
								<visible>Container.OnNext</visible>
								<visible>!Player.HasAudio</visible>
								<visible>[Container.Content(artists) + !Skin.HasSetting(artistrolleroff)] | [Container.Content(albums) + !Skin.HasSetting(albumrolleroff)] | [Container.Content(songs) + !Skin.HasSetting(songrolleroff)] | Window.IsActive(500) | Window.IsActive(501)</visible>
								<animation effect="zoom" end="10,-32,230,230" time="200">Hidden</animation>
							</control>
							<control type="image">
								<include>ListIcon_SquareVars_Z0</include>
								<bordertexture border="-20">thumbs/cd_shadow_light.png</bordertexture>
								<texture>thumbs/cd_glass_noedge.png</texture>
								<visible>Container.OnNext</visible>
								<visible>!Player.HasAudio</visible>
								<visible>[Container.Content(artists) + !Skin.HasSetting(artistrolleroff)] | [Container.Content(albums) + !Skin.HasSetting(albumrolleroff)] | [Container.Content(songs) + !Skin.HasSetting(songrolleroff)] | Window.IsActive(500) | Window.IsActive(501)</visible>
								<animation effect="zoom" end="10,-32,230,230" time="200">Hidden</animation>
							</control>
						</control>
						
						<control type="group">
							<include>ListIcon_SquarePos1</include>					
							<control type="image">
								<include>ListIcon_SquareVars_Z1</include>		
								<include>MusicShowcaseThumbMain</include>
								<info>ListItem.Icon</info>
								<visible>Container.OnNext</visible>
								<animation type="Hidden">
									<effect type="zoom" end="-10,-55,250,250" time="200" />
								</animation>
							</control>
							<control type="image">
								<include>ListIcon_SquareVars_Z1</include>
								<bordertexture border="-16">thumbs/cd_shadow_light.png</bordertexture>
								<texture>thumbs/cd_glass_noedge.png</texture>
								<visible>Container.OnNext</visible>
								<animation type="Hidden">
									<effect type="zoom" end="-10,-55,250,250" time="200" />
								</animation>
							</control>					
						</control>
						
					</control>
			
			</include>
		
	<!----------------------------- LOW LIST DETAIL LABELS --------------------->
		
		<include name="LowList_DetailInfoLabelVars">
			<posx>10</posx>
			<height>16</height>
			<width>350</width>
			<font>Font_ContextMenuButton</font>	
			<textcolor>abffffff</textcolor>
		</include>
		
		<include name="LowList_DetailInfoValueVars">
			<posx>10</posx>
			<height>16</height>
			<width>350</width>
			<font>Font_MultiplexInfoLabel</font>	
			<textcolor>ffffffff</textcolor>
		</include>
		
		<!-- Label position vars -->
			
			<include name="LowList_DetailInfoLabelPos1">
				<posy>5</posy>
				<include>LowList_DetailInfoLabelVars</include>
			</include>
			
			<include name="LowList_DetailInfoLabelPos2">
				<posy>45</posy>
				<include>LowList_DetailInfoLabelVars</include>
			</include>
			
			<include name="LowList_DetailInfoLabelPos3">
				<posy>85</posy>
				<include>LowList_DetailInfoLabelVars</include>
			</include>
			
			<include name="LowList_DetailInfoLabelPos4">
				<posy>125</posy>
				<include>LowList_DetailInfoLabelVars</include>
			</include>
			
			<include name="LowList_DetailInfoLabelPos4L">
				<posy>125</posy>
				<width>200</width>
				<include>LowList_DetailInfoLabelVars</include>
			</include>
			
			<include name="LowList_DetailInfoLabelPos4R">
				<posy>125</posy>
				<posx>10r</posx>
				<align>right</align>
				<width>135</width>
				<include>LowList_DetailInfoLabelVars</include>
			</include>
			
			<include name="LowList_DetailInfoLabelPosXX">
				<posy>226</posy>
				<posx>0r</posx>
				<align>right</align>
				<width>190</width>
				<include>LowList_DetailInfoLabelVars</include>
			</include>
			
			<include name="LowList_DetailInfoLabelPosXXRight">
				<posy>213</posy>
				<posx>200</posx>
				<width>160</width>
				<include>LowList_DetailInfoLabelVars</include>
			</include>
			
		
		<!-- Item Count Label -->
			
			<include name="LowList_ItemCountLabel">
				<control type="group">
					<posx>0</posx>
					<posy>0</posy>
					<width>360</width>
					<height>200</height>
					<visible>![!Skin.HasSetting(highlist) + [Control.IsVisible(7850) | Control.IsVisible(7814)]]</visible>
					<animation effect="slide" start="0,0" end="0,-55" time="0" condition="true">Conditional</animation>
						
					<control type="label">
						<description>NUM ARTISTS info label</description>
						<include>LowList_DetailInfoLabelPosXX</include>
						<label>[COLOR ffffffff]$INFO[Container.NumItems][/COLOR] $LOCALIZE[133]</label>
						<visible>Container.Content(artists)</visible>
					</control>
					
					<control type="label">
						<description>NUM ALBUMS info label</description>
						<include>LowList_DetailInfoLabelPosXX</include>
						<label>[COLOR ffffffff]$INFO[Container.NumItems][/COLOR] $LOCALIZE[132]</label>
						<visible>Container.Content(albums)</visible>
					</control>
					
					<control type="label">
						<description>NUM TRACKS info label</description>
						<include>LowList_DetailInfoLabelPosXX</include>
						<label>[COLOR ffffffff]$INFO[Container.NumItems][/COLOR] $LOCALIZE[182]</label>
						<visible>Container.Content(songs)</visible>
					</control>
				</control>
				
			</include>
			
		
		<!-- Tagline Label -->
		
			<include name="LowList_TaglineLabel">
			
				<control type="group">
					<posx>0</posx>
					<posy>-55</posy>
					<width>360</width>
					<height>200</height>
					<visible>Skin.HasSetting(highlist)</visible>
					<animation effect="slide" start="0,0" end="0,-52" time="200" condition="Skin.HasSetting(highlist)">Conditional</animation>
							
						<control type="label">
							<description>RUNTIME label</description>
							<posx>0r</posx>
							<posy>17</posy>
							<align>right</align>
							<height>16</height>
							<width>70</width>
							<font>Font_MultiplexInfoLabel</font>
							<textcolor>d0ffffff</textcolor>
							<include>LowList_DetailInfoLabelPos1</include>
							<label>$INFO[ListItem.Duration]</label>
							<visible>Container.Content(movies)</visible>
						</control>
						
						<control type="label">
							<description>TAGLINE label</description>
							<posx>5</posx>
							<posy>10</posy>
							<width>270</width>
							<align>left</align>
							<height>16</height>
							<font>Font_OSDMusicArtist</font>
							<label>[COLOR ffffffff][B]$INFO[ListItem.tagline,","][/B][/COLOR]</label>
							<visible>Container.Content(movies) + !IsEmpty(ListItem.tagline)</visible>
						</control>					
						<control type="label">
							<posx>5</posx>
							<posy>10</posy>
							<width>270</width>
							<align>left</align>
							<height>16</height>
							<font>Font_OSDMusicArtist</font>
							<label>[COLOR ffffffff][B]...[/B][/COLOR]</label>
							<visible>Container.Content(movies) + IsEmpty(ListItem.tagline)</visible>
						</control>
				</control>	
				
			</include>
			
		
		<!-- Video aspect label -->
		
			<include name="LowList_VideoAspectLabel">
			
				<control type="group">
					<posy>0</posy>
					<posx>0</posx>
					<width>360</width>
					<visible>Container.Content(episodes) | Container.Content(movies)</visible>
					
					<control type="label">
						<include>LowList_DetailInfoLabelPos4R</include>
						<label>ASPECT: CUSTOM</label>
						<visible>!substring(listitem.VideoAspect,.) + !substring(listitem.Icon,defaultfolder)</visible>
					</control>										
					<control type="label">
						<include>LowList_DetailInfoLabelPos4R</include>
						<label>Fullscreen 4:3</label>
						<visible>substring(listitem.VideoAspect,1.33)</visible>
					</control>
					<control type="label">
						<include>LowList_DetailInfoLabelPos4R</include>
						<label>Fullscreen 5:3</label>
						<visible>substring(listitem.VideoAspect,1.66)</visible>
					</control>
					<control type="label">
						<include>LowList_DetailInfoLabelPos4R</include>
						<label>Widescreen 16:9</label>
						<visible>substring(listitem.VideoAspect,1.78)</visible>
					</control>
					<control type="label">
						<include>LowList_DetailInfoLabelPos4R</include>
						<label>Letterbox 13:7</label>
						<visible>substring(listitem.VideoAspect,1.85)</visible>
					</control>
					<control type="label">
						<include>LowList_DetailInfoLabelPos4R</include>
						<label>Letterbox 11:5</label>
						<visible>substring(listitem.VideoAspect,2.20)</visible>
					</control>
					<control type="label">
						<include>LowList_DetailInfoLabelPos4R</include>
						<label>Letterbox 21:9</label>
						<visible>substring(listitem.VideoAspect,2.35)</visible>
					</control>
				</control>
			
			</include>
			
		<!-- Text box vars -->
		
			<include name="LowList_ShortTextBox">
				<posy>8</posy>
				<posx>10</posx>
				<height>99</height>
				<width>350</width>
				<font>Font_MultiplexPlotSmall</font>	
				<textcolor>d0ffffff</textcolor>
				<include>ListDetail_Autoscroll</include>
				<include>Animation_PlotFade</include>
			</include>
			
			<include name="LowList_TallTextBox">
				<posy>8</posy>
				<posx>10</posx>
				<height>210</height>
				<width>350</width>
				<font>Font_MultiplexPlotSmall</font>	
				<textcolor>d0ffffff</textcolor>
				<animation effect="fade" start="0" end="100" time="200">Visible</animation>
				<animation effect="fade" start="100" end="0" time="150">Hidden</animation>
				<include>ListDetail_Autoscroll</include>
				<include>Animation_HighListSlide</include>
			</include>
		
	<!----------------------------- LOW LIST DETAIL SEPARATORS --------------------->
		
		<include name="LowList_Detail_Separator">
			<posx>15</posx>
			<height>1</height>
			<width>324</width>
			<texture>lowlist/lowlistpanel_line.png</texture>
			<include>common-fade-quick</include>
		</include>
		
		<include name="LowList_Detail_Separators">
			
			<control type="group">
				<posx>890</posx>
				<posy>503</posy>
				<width>360</width>
				<height>217</height>
				
				<!-- High list separators -->
					<control type="image">
						<include>LowList_Detail_Separator</include>
						<posy>-75</posy>
						<visible>Skin.HasSetting(highlist) + [Control.IsVisible(7802) | Control.IsVisible(7812)]</visible>
					</control>			
					<control type="image">
						<include>LowList_Detail_Separator</include>
						<posy>-65</posy>
						<visible>Skin.HasSetting(highlist) + [Control.IsVisible(7814) | Control.IsVisible(7850)]</visible>
					</control>			
					<control type="image">
						<include>LowList_Detail_Separator</include>
						<posy>-35</posy>
						<visible>Skin.HasSetting(highlist) + [Control.IsVisible(7802) | Control.IsVisible(7812)]</visible>
					</control>			
					<control type="image">
						<include>LowList_Detail_Separator</include>
						<posy>5</posy>
						<visible>Skin.HasSetting(highlist) + [Control.IsVisible(7802) | Control.IsVisible(7812)]</visible>
					</control>
					<control type="image">
						<include>LowList_Detail_Separator</include>
						<posy>115</posy>
						<visible>Skin.HasSetting(highlist) + [Control.IsVisible(7801) | Control.IsVisible(7802) | Control.IsVisible(7811) | Control.IsVisible(7812) | Control.IsVisible(7831)]</visible>
					</control>
				
				<!-- Low list separators -->
					<control type="image">
						<include>LowList_Detail_Separator</include>
						<posy>35</posy>
						<visible>!Skin.HasSetting(highlist) + [Control.IsVisible(7802) | Control.IsVisible(7812)]</visible>
					</control>			
					<control type="image">
						<include>LowList_Detail_Separator</include>
						<posy>75</posy>
						<visible>!Skin.HasSetting(highlist) + [Control.IsVisible(7802) | Control.IsVisible(7812)]</visible>
					</control>			
					<control type="image">
						<include>LowList_Detail_Separator</include>
						<posy>115</posy>
						<visible>!Skin.HasSetting(highlist) + [Control.IsVisible(7802) | Control.IsVisible(7812) | Control.IsVisible(7831) | Control.IsVisible(7811)]</visible>
					</control>
					
				<!-- Bottom separator -->
					<control type="image">
						<include>LowList_Detail_Separator</include>
						<posy>155</posy>
						<visible>[![Control.IsVisible(7898) | [!Skin.HasSetting(highlist) + [Control.IsVisible(7814) | Control.IsVisible(7820) | Control.IsVisible(7850)]]]] + Control.IsVisible(551)</visible>
					</control>
				</control>
			
		</include>
			
	<!----------------------------- MENU BAR (7000) NEW BUTTONS ---------------------------------->
		
		<include name="LowList_HighLoButton">
			<control type="togglebutton" id="9400">
				<include>Objects_MediaMenuButton</include>				
				<label>$LOCALIZE[535]: $LOCALIZE[391]</label>
				<altlabel>$LOCALIZE[535]: $LOCALIZE[393]</altlabel>
				<onclick>Skin.SetBool(highlist)</onclick>
				<altclick>Skin.Reset(highlist)</altclick>
				<visible>Control.IsVisible(551)</visible>
			</control>	
		</include>
		
		<include name="LowList_SlimFullToggleButton">
			<control type="togglebutton" id="940">
				<include>Objects_MediaMenuButton</include>				
				<include>Objects_ListLayoutStrings</include>
				<usealttexture>Skin.HasSetting(artistlistfull)</usealttexture>
				<onclick>Skin.SetBool(artistlistfull)</onclick>
				<altclick>Skin.Reset(artistlistfull)</altclick>
				<visible>Control.IsVisible(551) + Container.Content(artists)</visible>
			</control>

			<control type="togglebutton" id="941">
				<include>Objects_MediaMenuButton</include>				
				<include>Objects_ListLayoutStrings</include>
				<usealttexture>Skin.HasSetting(albumlistfull)</usealttexture>
				<onclick>Skin.SetBool(albumlistfull)</onclick>
				<altclick>Skin.Reset(albumlistfull)</altclick>
				<visible>Control.IsVisible(551) + Container.Content(albums)</visible>
			</control>

			<control type="togglebutton" id="942">
				<include>Objects_MediaMenuButton</include>				
				<include>Objects_ListLayoutStrings</include>
				<usealttexture>Skin.HasSetting(songlistfull)</usealttexture>
				<onclick>Skin.SetBool(songlistfull)</onclick>
				<altclick>Skin.Reset(songlistfull)</altclick>
				<visible>Control.IsVisible(551) + Container.Content(songs)</visible>
			</control>
		</include>

	<!----------------------------- LOW LIST FLAGS ------------------------------------------>

		<include name="LowList_MovieFlagVars">
			<posx>890</posx>
			<posy>660</posy>
			<width>90</width>
			<height>59</height>
			<include>Animation_CommonFade</include>
			<visible>Control.IsVisible(551) + ![Window.IsActive(500) | Window.IsActive(501) | Window.IsActive(502)] + ![!Skin.HasSetting(highlist) + Control.IsVisible(7898)] + ![!Skin.HasSetting(highlist) + Control.IsVisible(7814)] + ![!Skin.HasSetting(highlist) + Control.IsVisible(7814)] + ![!Skin.HasSetting(highlist) + Control.IsVisible(7814)] + ![!Skin.HasSetting(highlist) + Control.IsVisible(7814)] + ![!Skin.HasSetting(highlist) + Control.IsVisible(7850) + ![IsEmpty(Listitem.Property(Fanart_Image)) + IsEmpty(container.property(fanart_image))]]</visible>
		</include>
		
		<include name="LowList_MediaFlags">		
			<control type="group">
				<animation effect="fade" start="0" end="100" time="250">Visible</animation>
				<animation effect="fade" start="100" end="0" time="200">Hidden</animation>
				<include>Animation_HideMultiplex</include>
				
				<!-- Studio flag -->
					<control type="group">
						<posx>0</posx>
						<control type="image">
							<include>LowList_MovieFlagVars</include>
							<texture>flags/default.png</texture>
							<visible>!Control.IsVisible(81) + !Skin.HasSetting(nodefaultflags)</visible>
						</control>
						<control type="image" id="81">
							<include>LowList_MovieFlagVars</include>
							<texture>$INFO[listitem.studio,flags/studios/,.png]</texture>
						</control>
					</control>
				
				<!-- Video Resolution flag -->
					<control type="group">
						<posx>180</posx>
						<control type="image">
							<include>LowList_MovieFlagVars</include>
							<texture>flags/defaultscreen.png</texture>
							<visible>!Control.IsVisible(83) + !Skin.HasSetting(nodefaultflags)</visible>
						</control>
						<control type="image" id="83">
							<include>LowList_MovieFlagVars</include>
							<texture>$INFO[ListItem.VideoResolution,flags/,.png]</texture>
						</control>
					</control>
						
				<!-- Audio Codec flag -->
					<control type="group">
						<posx>270</posx>
						<control type="image">
							<include>LowList_MovieFlagVars</include>
							<texture>$INFO[ListItem.AudioChannels,flags/,ch.png]</texture>
						</control>
						<control type="image">
							<include>LowList_MovieFlagVars</include>
							<texture>$INFO[ListItem.AudioCodec,flags/,.png]</texture>
						</control>
					</control>
				
				<!-- Source flag -->
					<control type="group">
						<posx>90</posx>
						<control type="image" id="82">
							<include>LowList_MovieFlagVars</include>
							<texture>$INFO[ListItem.VideoCodec,flags/,.png]</texture>
							<visible>!substring(listitem.filename,dvd) + !substring(listitem.filename,bluray) + !substring(listitem.filename,blu-ray) + !substring(listitem.filename,bdrip) + !substring(listitem.filename,.iso,Right) + !substring(listitem.filename,.ifo,Right)</visible>
						</control>
						<control type="image" id="82">
							<include>LowList_MovieFlagVars</include>
							<texture>flags/hddvd.png</texture>
							<visible>substring(listitem.filename,hddvd) | substring(listitem.filename,hd-dvd)</visible>
						</control>
						<control type="image" id="82">
							<include>LowList_MovieFlagVars</include>
							<texture>flags/bluray.png</texture>
							<visible>substring(listitem.filename,bluray) | substring(listitem.filename,blu-ray) | substring(listitem.filename,bdrip)</visible>
						</control>
						<control type="image" id="82">
							<include>LowList_MovieFlagVars</include>
							<texture>flags/dvd.png</texture>
							<visible>[substring(listitem.filename,dvd) + !substring(listitem.filename,hddvd) + !substring(listitem.filename,hd-dvd)] | substring(listitem.filename,.iso,Right) | substring(listitem.filename,.ifo,Right)</visible>
						</control>		
					</control>
					
			</control>	
			
		</include>
		
	<!----------------------------- LOW LIST DETAIL PANELS ---------------------------------->
		
		<include name="ListDetail_PanelVars">
			<posx>890</posx>
			<posy>503</posy>
			<width>360</width>
			<height>217</height>
			<animation effect="fade" start="0" end="100" time="350">Visible</animation>
			<animation effect="fade" start="100" end="0" time="400">Hidden</animation>
			<animation>Animation_CommonFade</animation>
		</include>
		
		<!-- Music Detail Panels -->
			
			<include name="LowList_MusicDetailPanels">
			
				<!-- Music description panel -->
			
					<control type="group" id="7801">
						<description>MUSIC DESCRIPTION detail panel</description>
						<include>ListDetail_PanelVars</include>
						<visible>Control.IsVisible(551) + [Control.HasFocus(7701) | [!ControlGroup(7003).HasFocus() + Skin.HasSetting(musicdescpanelon) + !Control.IsVisible(7898)]]</visible>
						<visible>Window.IsActive(500) | Window.IsActive(501) | Window.IsActive(502)</visible>
				
						<control type="textbox">
							<description>BIOGROPHY: (Short)</description>
							<include>LowList_ShortTextBox</include>
							<textcolor>d0ffffff</textcolor>
							<label fallback="-">$INFO[ListItem.Property(description),[COLOR abffffff][UPPERCASE]$LOCALIZE[21887][/UPPERCASE]:[/COLOR] ]</label>
							<visible>!Skin.HasSetting(highlist) + Container.Content(artists)</visible>
						</control>
						<control type="textbox">
							<description>DESCRIPTION: (Short)</description>
							<include>LowList_ShortTextBox</include>
							<label fallback="-">$INFO[ListItem.Property(description),[COLOR abffffff][UPPERCASE]$LOCALIZE[183][/UPPERCASE]:[/COLOR] ]</label>
							<visible>!Skin.HasSetting(highlist) + Container.Content(albums)</visible>
						</control>
						<control type="textbox">
							<description>COMMENT: (Short)</description>
							<include>LowList_ShortTextBox</include>
							<label fallback="-">$INFO[ListItem.comment,[COLOR abffffff][UPPERCASE]$LOCALIZE[569][/UPPERCASE]:[/COLOR] ]</label>
							<visible>!Skin.HasSetting(highlist) + Container.Content(songs)</visible>
						</control>
						
						<control type="textbox">
							<description>DESCRIPTION: (Tall)</description>
							<include>LowList_TallTextBox</include>
							<label>$INFO[ListItem.Property(description),[UPPERCASE][COLOR 66ffffff]$LOCALIZE[21887]/$LOCALIZE[21821]:[/COLOR][/UPPERCASE][CR]]</label>
							<visible>Skin.HasSetting(highlist) + !IsEmpty(ListItem.Property(description))</visible>
						</control>
						<control type="textbox">
							<description>COMMENT: (Tall)</description>
							<include>LowList_TallTextBox</include>
							<label fallback="31425">$INFO[ListItem.Comment,[UPPERCASE][COLOR 66ffffff]$LOCALIZE[21806]:[/COLOR][/UPPERCASE][CR]]</label>
							<visible>Skin.HasSetting(highlist) + IsEmpty(ListItem.Property(description))</visible>
						</control>
						
						<!-- Artist labels -->
							<control type="label">
								<description>FORMED: info label</description>
								<include>LowList_DetailInfoLabelPos4</include>
								<label>$LOCALIZE[21894]: [COLOR d0ffffff]$INFO[ListItem.Property(Formed)][/COLOR]</label>
								<visible>!IsEmpty(ListItem.Property(Formed))</visible>
								<visible>Container.Content(artists)</visible>
							</control>
							<control type="label">
								<description>BORN: info label</description>
								<include>LowList_DetailInfoLabelPos4</include>
								<label>$LOCALIZE[21893]: [COLOR d0ffffff]$INFO[ListItem.Property(Born)][/COLOR]</label>
								<visible>IsEmpty(ListItem.Property(Formed)) + !IsEmpty(ListItem.Property(Born))</visible>
								<visible>Container.Content(artists)</visible>
							</control>
							<control type="label">
								<include>LowList_DetailInfoLabelPos4</include>
								<label>$LOCALIZE[21900]: [COLOR d0ffffff]$LOCALIZE[161][/COLOR]</label>
								<visible>IsEmpty(ListItem.Property(Formed)) + IsEmpty(ListItem.Property(Born))</visible>
								<visible>Container.Content(artists)</visible>
							</control>
							
						<!-- Album/Song labels -->
							<control type="label">
								<description>GENRE: info label</description>
								<include>LowList_DetailInfoLabelPos4</include>
								<label>$LOCALIZE[515]: [COLOR d0ffffff]$INFO[ListItem.genre][/COLOR]</label>
								<visible>!IsEmpty(ListItem.genre)</visible>
								<visible>!Container.Content(artists)</visible>
							</control>
							<control type="label">
								<include>LowList_DetailInfoLabelPos4</include>
								<label>$LOCALIZE[515]: [COLOR d0ffffff]$LOCALIZE[161][/COLOR]</label>
								<visible>IsEmpty(ListItem.genre)</visible>
								<visible>!Container.Content(artists)</visible>
							</control>
										
						<include>LowList_ItemCountLabel</include>				
						<include>ListDetail_Stars</include>
						
					</control>
					
					
			<!-- Music info detail panel -->
				
					<control type="group" id="7802">
						<description>MUSIC INFO detail panel</description>
						<include>ListDetail_PanelVars</include>
						<visible>Control.IsVisible(551) + [Control.HasFocus(7702) | [!ControlGroup(7003).HasFocus() + !Skin.HasSetting(musicinfopaneloff) + !Control.IsVisible(7898)]]</visible>
						<visible>Window.IsActive(500) | Window.IsActive(501) | Window.IsActive(502)</visible>
						
							<!-- Song page -->
								<control type="group">
									<posx>0</posx>
									<posy>0</posy>
									<visible>Container.Content(songs)</visible>
									
										<control type="label">
											<description>ARTIST: info label</description>
											<include>LowList_DetailInfoLabelPos1</include>
											<label>$LOCALIZE[557]: [COLOR d0ffffff]$INFO[ListItem.artist][/COLOR]</label>
											<visible>!IsEmpty(ListItem.Artist)</visible>
											<include>Animation_HighListSlide</include>
										</control>
										<control type="label">
											<include>LowList_DetailInfoLabelPos1</include>
											<label>$LOCALIZE[557]: [COLOR d0ffffff]$LOCALIZE[161][/COLOR]</label>
											<visible>IsEmpty(ListItem.Artist)</visible>
											<include>Animation_HighListSlide</include>
										</control>
										
										<control type="label">
											<description>ALBUM: info label</description>
											<include>LowList_DetailInfoLabelPos2</include>
											<label>$LOCALIZE[558]: [COLOR d0ffffff]$INFO[ListItem.album][/COLOR]</label>
											<visible>!IsEmpty(ListItem.album)</visible>
											<include>Animation_HighListSlide</include>
										</control>
										<control type="label">
											<include>LowList_DetailInfoLabelPos2</include>
											<label>$LOCALIZE[558]: [COLOR d0ffffff]$LOCALIZE[161][/COLOR]</label>
											<visible>IsEmpty(ListItem.album)</visible>
											<include>Animation_HighListSlide</include>
										</control>
										
										<control type="label">
											<description>GENRE: info label</description>
											<include>LowList_DetailInfoLabelPos3</include>
											<label>$LOCALIZE[515]: [COLOR d0ffffff]$INFO[ListItem.genre][/COLOR]</label>
											<visible>!IsEmpty(ListItem.genre)</visible>
											<include>Animation_HighListSlide</include>
										</control>
										<control type="label">
											<include>LowList_DetailInfoLabelPos3</include>
											<label>$LOCALIZE[515]: [COLOR d0ffffff]$LOCALIZE[161][/COLOR]</label>
											<visible>IsEmpty(ListItem.genre)</visible>
											<include>Animation_HighListSlide</include>
										</control>
										
										<control type="label">
											<description>YEAR: info label</description>
											<include>LowList_DetailInfoLabelPos4L</include>
											<label>$LOCALIZE[345]: [COLOR d0ffffff]$INFO[ListItem.year][/COLOR]</label>
											<visible>!IsEmpty(ListItem.year)</visible>
										</control>
										<control type="label">
											<include>LowList_DetailInfoLabelPos4L</include>
											<label>$LOCALIZE[345]: [COLOR d0ffffff]$LOCALIZE[161][/COLOR]</label>
											<visible>IsEmpty(ListItem.year)</visible>
										</control>
									
								</control>
							
							<!-- Album page -->
								<control type="group">
									<posx>0</posx>
									<posy>0</posy>
									<visible>Container.Content(albums)</visible>
									
										<control type="label">
											<description>ARTIST: info label</description>
											<include>LowList_DetailInfoLabelPos1</include>
											<label>$LOCALIZE[557]: [COLOR d0ffffff]$INFO[ListItem.artist][/COLOR]</label>
											<visible>!IsEmpty(ListItem.Artist)</visible>
											<include>Animation_HighListSlide</include>
										</control>
										<control type="label">
											<include>LowList_DetailInfoLabelPos1</include>
											<label>$LOCALIZE[557]: [COLOR d0ffffff]$LOCALIZE[161][/COLOR]</label>
											<visible>IsEmpty(ListItem.Artist)</visible>
											<include>Animation_HighListSlide</include>
										</control>
										
										<control type="label">
											<description>LABEL: info label</description>
											<include>LowList_DetailInfoLabelPos2</include>
											<label>$LOCALIZE[21899]: [COLOR d0ffffff]$INFO[ListItem.Property(label)][/COLOR]</label>
											<visible>!IsEmpty(ListItem.Property(label))</visible>
											<include>Animation_HighListSlide</include>
										</control>
										<control type="label">
											<include>LowList_DetailInfoLabelPos2</include>
											<label>$LOCALIZE[21899]: [COLOR d0ffffff]$LOCALIZE[161][/COLOR]</label>
											<visible>IsEmpty(ListItem.Property(label))</visible>
											<include>Animation_HighListSlide</include>
										</control>
										
										<control type="label">
											<description>GENRE: info label</description>
											<include>LowList_DetailInfoLabelPos3</include>
											<label>$LOCALIZE[515]: [COLOR d0ffffff]$INFO[ListItem.genre][/COLOR]</label>
											<visible>!IsEmpty(ListItem.genre)</visible>
											<include>Animation_HighListSlide</include>
										</control>
										<control type="label">
											<include>LowList_DetailInfoLabelPos3</include>
											<label>$LOCALIZE[515]: [COLOR d0ffffff]$LOCALIZE[161][/COLOR]</label>
											<visible>IsEmpty(ListItem.genre)</visible>
											<include>Animation_HighListSlide</include>
										</control>
										
										<control type="label">
											<description>YEAR: info label</description>
											<include>LowList_DetailInfoLabelPos4L</include>
											<label>$LOCALIZE[345]: [COLOR d0ffffff]$INFO[ListItem.year][/COLOR]</label>
											<visible>!IsEmpty(ListItem.year)</visible>
										</control>
										<control type="label">
											<include>LowList_DetailInfoLabelPos4L</include>
											<label>$LOCALIZE[345]: [COLOR d0ffffff]$LOCALIZE[161][/COLOR]</label>
											<visible>IsEmpty(ListItem.year)</visible>
										</control>
									
								</control>
								
							<!-- Artist page -->
								<control type="group">
									<posx>0</posx>
									<posy>0</posy>
									<visible>Container.Content(artists)</visible>
									
										<control type="label">
											<description>FORMED: info label</description>
											<include>LowList_DetailInfoLabelPos1</include>
											<label>$LOCALIZE[21894]: [COLOR d0ffffff]$INFO[ListItem.Property(Formed)][/COLOR]</label>
											<visible>!IsEmpty(ListItem.Property(Formed))</visible>
											<include>Animation_HighListSlide</include>
										</control>
										<control type="label">
											<description>BORN: info label</description>
											<include>LowList_DetailInfoLabelPos1</include>
											<label>$LOCALIZE[21893]: [COLOR d0ffffff]$INFO[ListItem.Property(Born)][/COLOR]</label>
											<visible>IsEmpty(ListItem.Property(Formed)) + !IsEmpty(ListItem.Property(Born))</visible>
											<include>Animation_HighListSlide</include>
										</control>
										<control type="label">
											<include>LowList_DetailInfoLabelPos1</include>
											<label>$LOCALIZE[21900]: [COLOR d0ffffff]$LOCALIZE[161][/COLOR]</label>
											<visible>IsEmpty(ListItem.Property(Formed)) + IsEmpty(ListItem.Property(Born))</visible>
											<include>Animation_HighListSlide</include>
										</control>
										
										<control type="label">
											<description>STYLES: info label</description>
											<include>LowList_DetailInfoLabelPos2</include>
											<label>$LOCALIZE[176]: [COLOR d0ffffff]$INFO[ListItem.Property(style)][/COLOR]</label>
											<visible>!IsEmpty(ListItem.Property(style))</visible>
											<include>Animation_HighListSlide</include>
										</control>
										<control type="label">
											<include>LowList_DetailInfoLabelPos2</include>
											<label>$LOCALIZE[176]: [COLOR d0ffffff]$LOCALIZE[161][/COLOR]</label>
											<visible>IsEmpty(ListItem.Property(style))</visible>
											<include>Animation_HighListSlide</include>
										</control>
										
										<control type="label">
											<description>MOODS: info label</description>
											<include>LowList_DetailInfoLabelPos3</include>
											<label>$LOCALIZE[175]: [COLOR d0ffffff]$INFO[ListItem.Property(mood)][/COLOR]</label>
											<visible>!IsEmpty(ListItem.Property(mood))</visible>
											<include>Animation_HighListSlide</include>
										</control>
										<control type="label">
											<include>LowList_DetailInfoLabelPos3</include>
											<label>$LOCALIZE[175]: [COLOR d0ffffff]$LOCALIZE[161][/COLOR]</label>
											<visible>IsEmpty(ListItem.Property(mood))</visible>
											<include>Animation_HighListSlide</include>
										</control>
										
										<control type="label">
											<description>YEARS ACTIVE: info label</description>
											<include>LowList_DetailInfoLabelPos4L</include>
											<label>$LOCALIZE[21898]: [COLOR d0ffffff]$INFO[ListItem.Property(YearsActive)][/COLOR]</label>
											<visible>!IsEmpty(ListItem.Property(YearsActive))</visible>
										</control>
										<control type="label">
											<include>LowList_DetailInfoLabelPos4L</include>
											<label>$LOCALIZE[21898]: [COLOR d0ffffff]$LOCALIZE[161][/COLOR]</label>
											<visible>IsEmpty(ListItem.Property(YearsActive))</visible>
										</control>
									
								</control>
																		
						<control type="textbox">
							<include>LowList_ShortTextBox</include>
							<textcolor>d0ffffff</textcolor>
							<label fallback="-">$INFO[ListItem.Property(description),[COLOR abffffff][UPPERCASE]$LOCALIZE[21887][/UPPERCASE]:[/COLOR] ]</label>
							<visible>Skin.HasSetting(highlist) + Container.Content(artists)</visible>
						</control>
						
						<control type="textbox">
							<include>LowList_ShortTextBox</include>
							<label fallback="-">$INFO[ListItem.Property(description),[COLOR abffffff][UPPERCASE]$LOCALIZE[183][/UPPERCASE]:[/COLOR] ]</label>
							<visible>Skin.HasSetting(highlist) + Container.Content(albums)</visible>
						</control>
						
						<control type="textbox">
							<include>LowList_ShortTextBox</include>
							<label fallback="-">$INFO[ListItem.comment,[COLOR abffffff][UPPERCASE]$LOCALIZE[569][/UPPERCASE]:[/COLOR] ]</label>
							<visible>Skin.HasSetting(highlist) + Container.Content(songs)</visible>
						</control>
						
						<include>LowList_ItemCountLabel</include>					
						<include>ListDetail_Stars</include>
						
					</control>
			
			</include>
			
		
	<!-- Movie detail panels -->	
	
		<include name="LowList_MovieDetailPanels">
		
			<!-- Movie plot detail panel-->
				
					<control type="group" id="7811">
						<description>MOVIE PLOT detail panel</description>
						<include>ListDetail_PanelVars</include>
						<visible>Control.IsVisible(551) + [Control.HasFocus(7711) | Container.Content(movies) + !ControlGroup(7003).HasFocus() + !Skin.HasSetting(movieplotpaneloff) + !Control.IsVisible(7898)]</visible>
						
							<control type="textbox">
								<description>PLOT OUTLINE: (Short)</description>
								<include>LowList_ShortTextBox</include>
								<label fallback="31425">$INFO[ListItem.PlotOutline,[COLOR abffffff][UPPERCASE]$LOCALIZE[203][/UPPERCASE]:[/COLOR] ]</label>
								<visible>!Skin.HasSetting(highlist)</visible>
							</control>
							
							<control type="textbox">
								<description>MOVIE PLOT: (Tall)</description>
								<include>LowList_TallTextBox</include>
								<label fallback="31414">$INFO[ListItem.Plot,[UPPERCASE][COLOR 66ffffff]$LOCALIZE[20338] $LOCALIZE[207]:[/COLOR][/UPPERCASE][CR]]</label>
								<visible>Skin.HasSetting(highlist)</visible>
							</control>
							
							<control type="label">
								<description>RUNTIME: info label</description>
								<include>LowList_DetailInfoLabelPos4L</include>
								<label>$LOCALIZE[2050]: [COLOR d0ffffff]$INFO[ListItem.duration][/COLOR]</label>
								<visible>Window.IsActive(25)</visible>
							</control>
							
							<include>LowList_VideoAspectLabel</include>
							
					</control>
				
			
			<!-- Movie info panel -->
				
					<control type="group" id="7812">
						<description>MOVIE INFO detail panel</description>
						<include>ListDetail_PanelVars</include>
						<visible>Control.IsVisible(551) + [Control.HasFocus(7712) | Container.Content(movies) + !ControlGroup(7003).HasFocus() + Skin.HasSetting(movieinfopanelon) + !Control.IsVisible(7898)]</visible>
						
						<control type="label">
							<description>DIRECTED BY: info label</description>
							<include>LowList_DetailInfoLabelPos1</include>
							<label>$LOCALIZE[31402]: [COLOR d0ffffff]$INFO[ListItem.director][/COLOR]</label>
							<visible>Window.IsActive(25)</visible>
							<include>Animation_HighListSlide</include>
						</control>					
						
						<control type="label">
							<description>GENRE: info label</description>
							<include>LowList_DetailInfoLabelPos2</include>
							<label>$LOCALIZE[515]: [COLOR d0ffffff]$INFO[ListItem.genre][/COLOR]</label>
							<visible>Window.IsActive(25)</visible>
							<include>Animation_HighListSlide</include>
						</control>
						
						<control type="label">
							<description>MPAA: info label</description>
							<include>LowList_DetailInfoLabelPos3</include>
							<label>$LOCALIZE[20074]: [COLOR d0ffffff]$INFO[ListItem.mpaa][/COLOR]</label>
							<visible>Window.IsActive(25)</visible>
							<include>Animation_HighListSlide</include>
						</control>
			
						<control type="textbox">
							<description>PLOT OUTLINE: (Short)</description>
							<include>LowList_ShortTextBox</include>
							<label fallback="-">$INFO[ListItem.PlotOutline,[COLOR abffffff][UPPERCASE]$LOCALIZE[203][/UPPERCASE]:[/COLOR] ]</label>
							<visible>Skin.HasSetting(highlist)</visible>
						</control>
						
						<control type="label">
							<description>RUNTIME: info label</description>
							<include>LowList_DetailInfoLabelPos4L</include>
							<label>$LOCALIZE[2050]: [COLOR d0ffffff]$INFO[ListItem.duration][/COLOR]</label>
							<visible>Window.IsActive(25)</visible>
						</control>
						
						<include>LowList_VideoAspectLabel</include>
						
					</control>
				
				
			<!-- Movie Gallery/Slideshow detail panel -->
				
					<control type="group" id="7814">
						<description>SLIDESHOW detail panel</description>
						<include>ListDetail_PanelVars</include>
						<visible>Control.IsVisible(551) + Container.Content(movies) + [Control.HasFocus(7714) | !ControlGroup(7003).HasFocus() + Skin.HasSetting(moviegallerypanelon) + !Control.IsVisible(7898)]</visible>

						<control type="multiimage">
							<posx>5</posx>
							<posy>10</posy>
							<width>360</width>
							<height>196</height>
							<fadetime>400</fadetime>
							<aspectratio>scale</aspectratio>
							<timeperimage>6000</timeperimage>
							<imagepath fallback="common/black.png" background="true">$INFO[Container(551).ListItem.Path,,extrathumbs]</imagepath>
							<animation effect="fade" start="100" end="0" time="200">Hidden</animation>
							<animation effect="slide" start="0,0" end="0,-65" time="200" condition="Skin.HasSetting(highlist)">Conditional</animation>
							<include>Animation_BackgroundFade</include>
						</control>
						
						<include>LowList_TaglineLabel</include>
						
					</control>
				
			<!-- Movie trailer detail panel -->
			
				<control type="group" id="7814">
					<description>TRAILER detail panel</description>
					<include>ListDetail_PanelVars</include>
					<visible>Control.IsVisible(551) + Control.HasFocus(7720)</visible>
				
					<control type="label">
						<posx>5</posx>
						<posy>10</posy>
						<width>360</width>
						<height>196</height>
						<fadetime>400</fadetime>
						<textcolor>d0ffffff</textcolor>
						<font>Font_OSDMusicTitle</font>	
						<align>center</align>
						<aligny>center</aligny>
						<label>Press 'A' (click) to[CR]start trailer</label>
						<visible>!Player.HasVideo + !IsEmpty(ListItem.Trailer)</visible>
						<animation effect="slide" start="0,0" end="0,-65" time="200" condition="Skin.HasSetting(highlist)">Conditional</animation>
					</control>
					<control type="label">
						<posx>5</posx>
						<posy>10</posy>
						<width>360</width>
						<height>196</height>
						<fadetime>400</fadetime>
						<textcolor>abffffff</textcolor>
						<font>Font_OSDMusicTitle</font>	
						<align>center</align>
						<aligny>center</aligny>
						<label>No trailer[CR]for this video</label>
						<visible>!Player.HasVideo + IsEmpty(ListItem.Trailer)</visible>
						<animation effect="slide" start="0,0" end="0,-65" time="200" condition="Skin.HasSetting(highlist)">Conditional</animation>
					</control>

					<control type="videowindow" id="2">
						<posx>5</posx>
						<posy>10</posy>
						<width>360</width>
						<height>196</height>
						<visible>Player.HasVideo</visible>
						<animation effect="slide" start="0,0" end="0,-65" time="200" condition="Skin.HasSetting(highlist)">Conditional</animation>
					</control>
					
					<include>LowList_TaglineLabel</include>
						
				</control>
		
		</include>
		
		
		
		<!-- TV Detail Panels -->
			
			<include name="LowList_TvDetailPanels">
			
			<!-- TV description detail panel-->
				
					<control type="group" id="7831">
						<description>TV DESCRIPTION detail panel</description>
						<include>ListDetail_PanelVars</include>
						<visible>Control.IsVisible(551) + [Window.IsActive(25) + Skin.HasSetting(videotv)] + !Skin.HasSetting(tvdescpaneloff) + !Control.IsVisible(7898)</visible>
							
							<control type="textbox">
								<description>DESCRIPTION: (Short - TV Shows and Episodes)</description>
								<include>LowList_ShortTextBox</include>
								<label fallback="31425">$INFO[ListItem.Plot,[UPPERCASE][COLOR 66ffffff]$LOCALIZE[21821]: [/COLOR][/UPPERCASE]]</label>
								<visible>!Container.Content(seasons) + !Skin.HasSetting(highlist) + ![Skin.HasSetting(tvdescpaneloff) + IsEmpty(Listitem.Property(Fanart_Image)) + IsEmpty(container.property(fanart_image))]</visible>
							</control>
							<control type="textbox">
								<description>DESCRIPTION: (Short - Seasons)</description>
								<include>LowList_ShortTextBox</include>
								<label fallback="31425">$INFO[Container(551).ShowPlot,[UPPERCASE][COLOR 66ffffff]$LOCALIZE[21821]: [/COLOR][/UPPERCASE]]</label>
								<visible>Container.Content(seasons) + !Skin.HasSetting(highlist) + ![Skin.HasSetting(tvdescpaneloff) + IsEmpty(Listitem.Property(Fanart_Image)) + IsEmpty(container.property(fanart_image))]</visible>
							</control>
							
							<control type="textbox">
								<description>DESCRIPTION: (Tall - TV Shows and Episodes)</description>
								<include>LowList_TallTextBox</include>
								<label fallback="31425">$INFO[ListItem.Plot,[UPPERCASE][COLOR 66ffffff]$LOCALIZE[21821]:[/COLOR][/UPPERCASE][CR]]</label>
								<visible>!Container.Content(seasons) + Skin.HasSetting(highlist) + ![Skin.HasSetting(tvdescpaneloff) + IsEmpty(Listitem.Property(Fanart_Image)) + IsEmpty(container.property(fanart_image))]</visible>
							</control>
							<control type="textbox">
								<description>DESCRIPTION: (Tall - Seasons)</description>
								<include>LowList_TallTextBox</include>
								<label fallback="31425">$INFO[Container(551).ShowPlot,[UPPERCASE][COLOR 66ffffff]$LOCALIZE[21821]:[/COLOR][/UPPERCASE][CR]]</label>
								<visible>Container.Content(seasons) + Skin.HasSetting(highlist) + ![Skin.HasSetting(tvdescpaneloff) + IsEmpty(Listitem.Property(Fanart_Image)) + IsEmpty(container.property(fanart_image))]</visible>
							</control>
									
							<!-- Left aligned labels -->
								<control type="label">
									<description>GENRE:</description>
									<include>LowList_DetailInfoLabelPos4L</include>
									<label>$LOCALIZE[515]: [COLOR d0ffffff]$INFO[ListItem.genre][/COLOR]</label>
									<visible>!IsEmpty(ListItem.genre)</visible>
									<visible>!Container.Content(episodes)</visible>
								</control>
								<control type="label">
									<include>LowList_DetailInfoLabelPos4L</include>
									<label>$LOCALIZE[515]: [COLOR d0ffffff]-[/COLOR]</label>
									<visible>IsEmpty(ListItem.genre)</visible>
									<visible>!Container.Content(episodes)</visible>
								</control>
								
								<control type="label">
									<description>FIRST AIRED:</description>
									<include>LowList_DetailInfoLabelPos4L</include>
									<label>$LOCALIZE[20416]: [COLOR d0ffffff]$INFO[ListItem.premiered][/COLOR]</label>
									<visible>!IsEmpty(ListItem.premiered)</visible>
									<visible>Container.Content(episodes)</visible>
								</control>
								<control type="label">
									<include>LowList_DetailInfoLabelPos4L</include>
									<label>$LOCALIZE[20416]: [COLOR d0ffffff]-[/COLOR]</label>
									<visible>IsEmpty(ListItem.premiered)</visible>
									<visible>Container.Content(episodes)</visible>
								</control>
										
							<!-- Right aligned labels -->											
								<control type="label">
									<description>EPISODES:</description>
									<include>LowList_DetailInfoLabelPos4R</include>
									<label>$LOCALIZE[20360]: [COLOR d0ffffff]$INFO[ListItem.episode][/COLOR]</label>
									<visible>!IsEmpty(ListItem.episode)</visible>
									<visible>Container.Content(tvshows)</visible>
								</control>
								<control type="label">
									<include>LowList_DetailInfoLabelPos4R</include>
									<label>$LOCALIZE[20360]: [COLOR d0ffffff]-[/COLOR]</label>
									<visible>IsEmpty(ListItem.episode)</visible>
									<visible>Container.Content(tvshows)</visible>
								</control>
								
								<control type="label">
									<description>WATCHED:</description>
									<include>LowList_DetailInfoLabelPos4R</include>
									<label>$LOCALIZE[16102]: [COLOR d0ffffff]$INFO[ListItem.Property(WatchedEpisodes)]/$INFO[ListItem.Property(UnwatchedEpisodes)][/COLOR]</label>
									<visible>!IsEmpty(ListItem.Property(WatchedEpisodes))</visible>
									<visible>Container.Content(seasons)</visible>
								</control>
								<control type="label">
									<include>LowList_DetailInfoLabelPos4R</include>
									<label>$LOCALIZE[16102]: [COLOR d0ffffff]-[/COLOR]</label>
									<visible>IsEmpty(ListItem.Property(WatchedEpisodes))</visible>
									<visible>Container.Content(seasons)</visible>
								</control>
																			
								<include>LowList_VideoAspectLabel</include>
							
					</control>
					
			</include>
		
		<!-- Common detail panels -->
			
			<include name="LowList_CommonDetailPanels">
				
				<!-- Fanart detail panel -->
				
					<control type="group" id="7850">
						<description>FANART detail panel</description>
						<include>ListDetail_PanelVars</include>
						<visible>Control.IsVisible(551) + [[Control.HasFocus(7713) | [Container.Content(movies) + !ControlGroup(7003).HasFocus() + Skin.HasSetting(moviefanartpanelon) + !Control.IsVisible(7898)]] | [Control.HasFocus(7703) | [!ControlGroup(7003).HasFocus() + Skin.HasSetting(musicfanartpanelon) + !Control.IsVisible(7898) + [Window.IsActive(500) | Window.IsActive(501) | Window.IsActive(502)]]]]</visible>
						
						<!-- Music Labels -->
							<control type="group">
								<posx>0</posx>
								<posy>8</posy>
								<width>360</width>
								<height>16</height>
								<visible>Skin.HasSetting(highlist)</visible>
								<include>Animation_HighListSlide</include>
												
								<!-- Artist page -->
									<control type="label">
										<description>ARTIST info left label</description>
										<width>170</width>
										<include>LowList_DetailInfoLabelPos1</include>
										<label>$INFO[ListItem.artist]</label>
										<visible>Container.Content(artists)</visible>
									</control>
									<control type="label">
										<description>STYLES info right label</description>
										<posx>0r</posx>
										<align>right</align>
										<width>170</width>
										<include>LowList_DetailInfoLabelPos1</include>
										<label>[COLOR ffffffff]$INFO[ListItem.Property(style)][/COLOR]</label>
										<visible>Container.Content(artists)</visible>
									</control>						
								<!-- Album page -->
									<control type="label">
										<description>ARTIST info left label</description>
										<width>170</width>
										<include>LowList_DetailInfoLabelPos1</include>
										<label>$INFO[ListItem.artist]</label>
										<visible>Container.Content(albums)</visible>
									</control>
									<control type="label">
										<description>LABEL / YEAR info right label</description>
										<posx>0r</posx>
										<align>right</align>
										<width>170</width>
										<include>LowList_DetailInfoLabelPos1</include>
										<label>$INFO[ListItem.Property(label)] [COLOR ffffffff]$INFO[ListItem.Year,(,)][/COLOR]</label>
										<visible>Container.Content(albums)</visible>
									</control>						
								<!-- Song page -->
									<control type="label">
										<description>ALBUM info left label</description>
										<width>360</width>
										<include>LowList_DetailInfoLabelPos1</include>
										<label>$INFO[ListItem.album] [COLOR ffffffff]$INFO[ListItem.Year,(,)][/COLOR]</label>
										<visible>Container.Content(songs)</visible>
									</control>						
							</control>
						
						<!-- Fanart -->
							<control type="largeimage">
								<posx>5</posx>
								<posy>10</posy>
								<width>360</width>
								<height>196</height>
								<fadetime>400</fadetime>
								<aspectratio>scale</aspectratio>
								<texture>$INFO[Container(551).listitem.property(fanart_image)]</texture>
								<visible>!IsEmpty(Container(551).listitem.property(fanart_image)) + [Container.Content(artists) | Container.Content(movies)]</visible>
								<animation effect="fade" start="100" end="0" time="200">Hidden</animation>
								<animation effect="slide" start="0,0" end="0,-65" time="200" condition="Skin.HasSetting(highlist)">Conditional</animation>
								<include>Animation_BackgroundFade</include>
							</control>
							<control type="largeimage">
								<posx>5</posx>
								<posy>10</posy>
								<width>360</width>
								<height>196</height>
								<fadetime>400</fadetime>
								<aspectratio>scale</aspectratio>
								<texture>$INFO[container.property(fanart_image)]</texture>
								<visible>!IsEmpty(container.property(fanart_image)) + [Container.Content(albums) | Container.Content(songs)]</visible>
								<animation effect="fade" start="100" end="0" time="200">Hidden</animation>
								<animation effect="slide" start="0,0" end="0,-65" time="200" condition="Skin.HasSetting(highlist)">Conditional</animation>
								<include>Animation_BackgroundFade</include>
							</control>
						
						<include condition="Window.IsActive(500) | Window.IsActive(501) | Window.IsActive(502)">LowList_ItemCountLabel</include>
						<include condition="Window.IsActive(500) | Window.IsActive(501) | Window.IsActive(502)">ListDetail_Stars</include>			
						<include condition="Window.IsActive(25)">LowList_TaglineLabel</include>			
						
					</control>
					
				<include>LowList_MediaFlags</include>
				
			<!-- Settings detail panel -->
				
					<control type="group" id="7898">
						<description>SETTINGS detail panel</description>
						<include>ListDetail_PanelVars</include>
						<visible>Control.IsVisible(551) + [Control.HasFocus(7798) | ControlGroup(78980).HasFocus()]</visible>
						
						<control type="grouplist" id="78980">
							<posx>0</posx>
							<posy>5</posy>
							<width>350</width>
							<height>195</height>
							<orientation>vertical</orientation>
							<onleft>50</onleft>
							<ondown>78980</ondown>
							<onright>-</onright>
							<onup>7003</onup>
							
							<control type="radiobutton" id="78981">
								<include>ListDetail_RadioButtonVars</include>
								<label>$LOCALIZE[557] $LOCALIZE[535] $LOCALIZE[31072]</label>
								<onclick>Skin.ToggleSetting(artistlistfull)</onclick>
								<selected>Skin.HasSetting(artistlistfull)</selected>
								<include>Animation_HighListSlide</include>
								<visible>Container.Content(artists)</visible>
							</control>
							
							<control type="radiobutton" id="78982">
								<include>ListDetail_RadioButtonVars</include>
								<label>$LOCALIZE[558] $LOCALIZE[535] $LOCALIZE[31072]</label>
								<onclick>Skin.ToggleSetting(albumlistfull)</onclick>
								<selected>Skin.HasSetting(albumlistfull)</selected>
								<include>Animation_HighListSlide</include>
								<visible>Container.Content(albums)</visible>
							</control>
							
							<control type="radiobutton" id="78983">
								<include>ListDetail_RadioButtonVars</include>
								<label>$LOCALIZE[179] $LOCALIZE[535] $LOCALIZE[31072]</label>
								<onclick>Skin.ToggleSetting(songlistfull)</onclick>
								<selected>Skin.HasSetting(songlistfull)</selected>
								<include>Animation_HighListSlide</include>
								<visible>Container.Content(songs)</visible>
							</control>
							
							<control type="radiobutton" id="78984">
								<include>ListDetail_RadioButtonVars</include>
								<label>$LOCALIZE[20338] $LOCALIZE[535] $LOCALIZE[31072]</label>						
								<onclick>Skin.ToggleSetting(movieslistfull)</onclick>
								<selected>Skin.HasSetting(movieslistfull)</selected>
								<include>Animation_HighListSlide</include>
								<visible>Container.Content(movies)</visible>
							</control>
											
							<control type="radiobutton" id="78988">
								<include>ListDetail_RadioButtonVars</include>
								<label>SINGLE $LOCALIZE[31045] FOR $LOCALIZE[133]</label>
								<include>fast-fade</include>
								<onclick>Skin.ToggleSetting(artistrolleroff)</onclick>
								<selected>Skin.HasSetting(artistrolleroff)</selected>
								<include>Animation_HighListSlide</include>
								<visible>Container.Content(artists)</visible>
							</control>
							
							<control type="radiobutton" id="78989">
								<include>ListDetail_RadioButtonVars</include>
								<label>SINGLE $LOCALIZE[31045] FOR $LOCALIZE[132]</label>
								<onclick>Skin.ToggleSetting(albumrolleroff)</onclick>
								<selected>Skin.HasSetting(albumrolleroff)</selected>
								<include>Animation_HighListSlide</include>
								<visible>Container.Content(albums)</visible>
							</control>
							
							<control type="radiobutton" id="789810">
								<include>ListDetail_RadioButtonVars</include>
								<label>SINGLE $LOCALIZE[31045] FOR $LOCALIZE[134]</label>
								<onclick>Skin.ToggleSetting(songrolleroff)</onclick>
								<selected>Skin.HasSetting(songrolleroff)</selected>
								<include>Animation_HighListSlide</include>
								<visible>Container.Content(songs)</visible>
							</control>
							
							<control type="radiobutton" id="789811">
								<include>ListDetail_RadioButtonVars</include>
								<label>$LOCALIZE[393] $LOCALIZE[535] $LOCALIZE[31077]/$LOCALIZE[31078]</label>
								<onclick>Skin.ToggleSetting(highlist)</onclick>
								<selected>Skin.HasSetting(highlist)</selected>
								<include>Animation_HighListSlide</include>
							</control>
							
							<control type="radiobutton" id="789812">
								<include>ListDetail_RadioButtonVars</include>
								<label>$LOCALIZE[557] $LOCALIZE[536] $LOCALIZE[1405] $LOCALIZE[535]</label>
								<onclick>Skin.ToggleSetting(hidelistartisticons)</onclick>
								<selected>!Skin.HasSetting(hidelistartisticons)</selected>
								<include>Animation_HighListSlide</include>
								<visible>Container.Content(artists)</visible>
							</control>
							
							<control type="radiobutton" id="789813">
								<include>ListDetail_RadioButtonVars</include>
								<label>$LOCALIZE[558] $LOCALIZE[536] $LOCALIZE[1405] $LOCALIZE[535]</label>
								<onclick>Skin.ToggleSetting(hidelistalbumicons)</onclick>
								<selected>!Skin.HasSetting(hidelistalbumicons)</selected>
								<include>Animation_HighListSlide</include>
								<visible>Container.Content(albums)</visible>
							</control>
							
							<control type="radiobutton" id="789814">
								<include>ListDetail_RadioButtonVars</include>
								<label>$LOCALIZE[179] $LOCALIZE[536] $LOCALIZE[1405] $LOCALIZE[535]</label>
								<onclick>Skin.ToggleSetting(hidelistsongicons)</onclick>
								<selected>!Skin.HasSetting(hidelistsongicons)</selected>
								<include>Animation_HighListSlide</include>
								<visible>Container.Content(songs)</visible>
							</control>
							
							<control type="radiobutton" id="789815">
								<include>ListDetail_RadioButtonVars</include>
								<label>USE POSTERS FOR TV SHOWS</label>
								<onclick>Skin.ToggleSetting(tvshowposterthumbs)</onclick>
								<selected>Skin.HasSetting(tvshowposterthumbs)</selected>
								<include>Animation_HighListSlide</include>
								<visible>Container.Content(tvshows)</visible>
							</control>
							
							<control type="radiobutton" id="789816">
								<include>ListDetail_RadioButtonVars</include>
								<label>--USE POSTER.JPG</label>
								<onclick>Skin.ToggleSetting(useposter.jpg)</onclick>
								<selected>Skin.HasSetting(useposter.jpg)</selected>
								<include>Animation_HighListSlide</include>
								<visible>Container.Content(tvshows) + Skin.HasSetting(tvshowposterthumbs)</visible>
							</control>
							
							<control type="radiobutton" id="789817">
								<include>ListDetail_RadioButtonVars</include>
								<label>USE POSTERS FOR SEASONS</label>
								<onclick>Skin.ToggleSetting(seasonposterthumbs)</onclick>
								<selected>Skin.HasSetting(seasonposterthumbs)</selected>
								<include>Animation_HighListSlide</include>
								<visible>Container.Content(seasons)</visible>
							</control>
							
							<control type="radiobutton" id="789850">
								<include>ListDetail_RadioButtonVars</include>
								<label>$LOCALIZE[31079] MENU BAR</label>
								<onclick>Skin.ToggleSetting(detailmenuishidden)</onclick>
								<onclick>Skin.Reset(lowlistrsson)</onclick>
								<selected>Skin.HasSetting(detailmenuishidden)</selected>
								<include>Animation_HighListSlide</include>
							</control>
							
							<control type="radiobutton" id="789851">
								<include>ListDetail_RadioButtonVars</include>
								<label>$LOCALIZE[13305]</label>
								<onclick>Skin.ToggleSetting(lowlistrsson)</onclick>
								<onclick>Skin.Reset(detailmenuishidden)</onclick>
								<selected>Skin.HasSetting(lowlistrsson)</selected>
								<include>Animation_HighListSlide</include>
							</control>
							
						</control>
						
					</control>
			
			</include>
		
	</includes>