<window id="28">
	<defaultcontrol>50</defaultcontrol>
	<allowoverlay>yes</allowoverlay>
	<views>550,50,57,53</views>
	<controls>
		<control type="multiimage">
			<include>BackgroundVarsGlobal</include>
			<include>BackgroundVarsVideo</include>
		</control>

		<control type="largeimage">
			<include>FullscreenDimensions</include>
			<visible>Control.IsVisible(57) + !IsEmpty(listitem.property(fanart_image)) + !Skin.HasSetting(nomoviefanart)</visible>
			<include>Animation_FanartFade</include>
			<fadetime>400</fadetime>
			<texture>$INFO[listitem.property(fanart_image)]</texture>
		</control>

		<include>Furniture_WallBackground</include>
		<control type="group">

			<include>FullscreenDimensions</include>
			<include>Animation_OpenCloseZoom</include>
			<include>Furniture_Time</include>
			<include>Furniture_MediaPanel</include>
			<include>Objects_ShowcaseMenuPanel</include>
			<include>Viewtype_Wall</include>
			<include>Furniture_WallTime</include>
			<include>Furniture_WallRSS</include>
			<control type="group">

				<control type="image">
					<include>Objects_MediaLogo</include>
					<texture>windows/logo_movies.png</texture>
				</control>

				<control type="label">
					<label>31038</label>
					<include>Objects_MediaLabel</include>
				</control>

				<control type="grouplist" id="7000">
					<include>Animation_MediaMenuSlide</include>
					<include>Objects_MediaMenuGroup</include>
					<control type="button" id="2">
						<label>$LOCALIZE[31050] $INFO[Container.ViewMode]</label>
						<include>Objects_MediaMenuButton</include>
					</control>

					<include>Objects_FlattenFlowButton</include>
					<include>Objects_WallBackdropButton</include>
					<control type="button" id="20">
						<label>191</label>
						<include>Objects_MediaMenuButton</include>
					</control>

					<control type="button" id="26">
						<label>REPEAT</label>
						<include>Objects_MediaMenuButton</include>
					</control>

					<control type="button" id="21">
						<label>190</label>
						<include>Objects_MediaMenuButton</include>
					</control>

					<control type="button" id="22">
						<label>192</label>
						<include>Objects_MediaMenuButton</include>
					</control>

					<include>Objects_ThumbsButton</include>
					<include>Objects_MediaDebugButtons</include>
				</control>

			</control>

			<include>Viewtype_List</include>
			<include>Viewtype_Showcase</include>
		</control>

		<include>Furniture_DarkGradient</include>
		<!--<include>Background_ContextBlack</include>-->
		<include>Furniture_Debug</include>
	</controls>
</window>