<includes>
	<include name="Furniture_WallBackground">
		<control type="image">
			<include>FullscreenDimensions</include>
			<texture>common/black.png</texture>
			<aspectratio scalediffuse="false">scale</aspectratio>
		<visible>Control.IsVisible(53) + Window.IsActive(25) + !Skin.HasSetting(wallfloor) + !Skin.HasSetting(transparentwall)</visible>
		<animation effect="fade" start="0" end="100" time="200">Visible</animation>
		<animation effect="fade" start="100" end="0" time="200">Hidden</animation>
	</control>

	<control type="group">
		<control type="image">
			<include>FullscreenDimensions</include>
			<texture>wall/wall_background.png</texture>
			<visible>[Control.IsVisible(53) + !Skin.HasSetting(smallmoviewall)] + !Skin.HasSetting(transparentwall)</visible>
			<include>Animation_WindowFade200</include>
		</control>
		<control type="image">
			<include>FullscreenDimensions</include>
			<texture>wall/wall_background.png</texture>
			<colordiffuse>cc999999</colordiffuse><!--TWEAK-->
			<visible>[Control.IsVisible(53) + !Skin.HasSetting(smallmoviewall)] + Skin.HasSetting(transparentwall) + !Skin.HasSetting(wallfloor)</visible>
			<include>Animation_WindowFade200</include>
		</control>
	</control>

	<control type="group">
		<control type="image">
			<include>FullscreenDimensions</include>
			<texture>wall/wall_background_small.png</texture>
			<visible>Control.IsVisible(53) + Skin.HasSetting(smallmoviewall) + Window.IsActive(25) + !Skin.HasSetting(transparentwall)</visible>
			<include>Animation_WindowFade200</include>
		</control>
		<control type="image">
			<include>FullscreenDimensions</include>
			<texture>wall/wall_background_small.png</texture>
			<colordiffuse>cc999999</colordiffuse><!--TWEAK-->
			<visible>Control.IsVisible(53) + Skin.HasSetting(smallmoviewall) + Window.IsActive(25) + Skin.HasSetting(transparentwall) + !Skin.HasSetting(wallfloor)</visible>
			<include>Animation_WindowFade200</include>
		</control>
	</control>
	

	<control type="image">
		<posx>115</posx>
		<posy>102</posy>
		<width>1051</width>
		<height>516</height>
		<texture>wall/wall_squares.png</texture>
		<visible>!Control.IsVisible(217) + !Skin.HasSetting(smallmusicwall) + Control.IsVisible(53) + [Window.IsActive(20) | Window.IsActive(2) | Window.IsActive(500) | Window.IsActive(501) | Window.IsActive(502) | Container.Content(episodes)]</visible>
		<include>Animation_CommonFade</include>
	</control>

	<control type="image">
		<posx>98</posx>
		<posy>106</posy>
		<width>1085</width>
		<height>509</height>
		<texture>wall/wall_movie_squares.png</texture>
		<visible>!Control.IsVisible(217) + !Skin.HasSetting(smallmoviewall) + Control.IsVisible(53) + [Window.IsActive(1) | Window.IsActive(28) | Window.IsActive(24) | [Window.IsActive(25) + !Container.Content(episodes)]]</visible>
		<include>Animation_CommonFade</include>
	</control>

	<control type="image">
		<posx>118</posx>
		<posy>102</posy>
		<width>1044</width>
		<height>515</height>
		<texture>wall/wall_squares_small.png</texture>
		<visible>Skin.HasSetting(smallmusicwall) + Control.IsVisible(53) + [Window.IsActive(20) | Window.IsActive(2) | Window.IsActive(500) | Window.IsActive(501) | Window.IsActive(502) | Container.Content(episodes)]</visible>
		<include>Animation_CommonFade</include>
	</control>

	<control type="image">
		<posx>94</posx>
		<posy>77</posy>
		<width>1093</width>
		<height>565</height>
		<texture>wall/wall_movie_squares_small.png</texture>
		<visible>Skin.HasSetting(smallmoviewall) + Control.IsVisible(53) + [Window.IsActive(1) | Window.IsActive(28) | Window.IsActive(24) | [Window.IsActive(25) + !Container.Content(episodes)]]</visible>
		<include>Animation_CommonFade</include>
	</control>

</include>
<include name="Furniture_WallVignette">
	<control type="image">
		<include>FullscreenDimensions</include>
		<texture>wall/wall_vignette.png</texture>
		<visible>Control.IsVisible(53)</visible>
	</control>

</include>
<include name="WallIconDimensions">
	<posx>3</posx>
	<posy>3</posy>
	<width>128</width>
	<height>128</height>
</include>
<include name="WallIconDimensionsSmall">
	<posx>3</posx>
	<posy>3</posy>
	<width>102</width>
	<height>102</height>
</include>
<include name="WallIconMovieDimensions">
	<posx>3</posx>
	<posy>3</posy>
	<width>118</width>
	<height>174</height>
</include>
<include name="WallIconMovieDimensionsSmall">
	<posx>3</posx>
	<posy>3</posy>
	<width>97</width>
	<height>142</height>
</include>
<include name="WallLabelVars">
	<posx>0</posx>
	<posy>0</posy>
	<width>440</width>
	<height>20</height>
	<font>Font_WallLabelMain</font>
	<include>Animation_CommonFadeIn</include>
</include>
<include name="WallWidthBig">
	<posx>108</posx>
	<width>1067</width>
</include>
<include name="WallWidthSmall">
	<posx>108</posx>
	<width>1060</width>
</include>
<include name="MovieWallBig">
	<posx>85</posx>
	<posy>91</posy>
	<width>1108</width>
	<height>539</height>
</include>
<include name="MovieWallSmall">
	<posx>83</posx>
	<posy>66</posy>
	<width>1113</width>
	<height>585</height>
</include>
<include name="MusicWall">
	<control type="panel" id="53">
		<viewtype label="31750">icon</viewtype>
		<include condition="!Skin.HasSetting(smallmusicwall)">WallWidthBig</include>
		<include condition="Skin.HasSetting(smallmusicwall)">WallWidthSmall</include>
		<posy>93</posy>
		<height>532</height>
		<pagecontrol>61</pagecontrol>
		<scrolltime>200</scrolltime>
		<onleft>2</onleft>
		<onright>53</onright>
		<onup>53</onup>
		<ondown>53</ondown>
		<orientation>vertical</orientation>
		<visible>Window.IsActive(20) | Window.IsActive(2) | Window.IsActive(500) | Window.IsActive(501) | Window.IsActive(502)</visible>
		<itemlayout width="133" height="133" condition="!Skin.HasSetting(smallmusicwall)">
			<control type="image">
				<include>WallIconDimensions</include>
				<texture diffuse="wall/wall_mask.png">defaultaudio.png</texture>
				<aspectratio scalediffuse="false">scale</aspectratio>
				<visible>Window.IsActive(500) | Window.IsActive(501) | Window.IsActive(502) | Container.Content(episodes)</visible>
			</control>

			<control type="image">
				<include>WallIconDimensions</include>
				<texture diffuse="wall/wall_mask.png">defaultpicture.png</texture>
				<aspectratio scalediffuse="false">scale</aspectratio>
				<visible>Window.IsActive(2)</visible>
			</control>

			<control type="image">
				<include>WallIconDimensions</include>
				<texture background="true" diffuse="wall/wall_mask.png">defaultpicture.png</texture>
				<aspectratio scalediffuse="false">scale</aspectratio>
				<info>ListItem.Icon</info>
				<fadetime>500</fadetime>
				<visible>Window.IsActive(2)</visible>
			</control>

			<control type="image">
				<include>WallIconDimensions</include>
				<texture background="true" diffuse="wall/wall_mask.png">defaultaudio.png</texture>
				<aspectratio scalediffuse="false">scale</aspectratio>
				<info>ListItem.Icon</info>
				<fadetime>500</fadetime>
				<visible>Window.IsActive(500) | Window.IsActive(501) | Window.IsActive(502) | Container.Content(episodes)</visible>
			</control>

			<control type="image">
				<include>WallIconDimensions</include>
				<bordertexture border="-3">wall/wall_nfborder.png</bordertexture>
				<texture>wall/wall_nfoverlay.png</texture>
			</control>

		</itemlayout>
		<focusedlayout width="133" height="133" condition="!Skin.HasSetting(smallmusicwall)">
			<control type="image">
				<include>WallIconDimensions</include>
				<texture diffuse="wall/wall_mask.png">defaultaudio.png</texture>
				<aspectratio scalediffuse="false">scale</aspectratio>
				<visible>Window.IsActive(500) | Window.IsActive(501) | Window.IsActive(502) | Container.Content(episodes)</visible>
				<animation effect="zoom" center="66,90" start="100" end="190" time="400" easing="out" tween="cubic" reversible="false">Focus</animation>
			</control>

			<control type="image">
				<include>WallIconDimensions</include>
				<texture diffuse="wall/wall_mask.png">defaultpicture.png</texture>
				<aspectratio scalediffuse="false">scale</aspectratio>
				<visible>Window.IsActive(2)</visible>
				<animation effect="zoom" center="66,90" start="100" end="190" time="400" easing="out" tween="cubic" reversible="false">Focus</animation>
			</control>

			<control type="image">
				<include>WallIconDimensions</include>
				<texture background="true" diffuse="wall/wall_mask.png">defaultaudio.png</texture>
				<aspectratio scalediffuse="false">scale</aspectratio>
				<info>ListItem.Icon</info>
				<fadetime>500</fadetime>
				<visible>Window.IsActive(500) | Window.IsActive(501) | Window.IsActive(502) | Container.Content(episodes)</visible>
				<animation effect="zoom" center="66,90" start="100" end="190" time="400" easing="out" tween="cubic" reversible="false">Focus</animation>
			</control>

			<control type="image">
				<include>WallIconDimensions</include>
				<texture background="true" diffuse="wall/wall_mask.png">defaultpicture.png</texture>
				<aspectratio scalediffuse="false">scale</aspectratio>
				<info>ListItem.Icon</info>
				<fadetime>500</fadetime>
				<visible>Window.IsActive(2)</visible>
				<animation effect="zoom" center="66,90" start="100" end="190" time="400" easing="out" tween="cubic" reversible="false">Focus</animation>
			</control>

			<control type="image">
				<include>WallIconDimensions</include>
				<bordertexture border="-3">wall/wall_nfborder.png</bordertexture>
				<texture>wall/wall_nfoverlay.png</texture>
				<animation type="Focus" reversible="false">
					<!--<effect type="fade" start="100" end="0" time="200" reversible="false" />--><!--REENABLED GLOSS OVERLAY FOR FOCUSED-->
					<effect type="zoom" center="66,90" start="100" end="190" time="400" easing="out" tween="cubic" reversible="false" />
				</animation>
			</control>

			<control type="image">
				<include>WallIconDimensions</include>
				<bordertexture border="-8">wall/wall_fborder.png</bordertexture>
				<texture>common/blank.png</texture>
				<animation type="Focus" reversible="false">
					<effect type="fade" start="0" end="100" time="400" reversible="false" />
					<effect type="zoom" center="66,90" start="100" end="190" time="400" easing="out" tween="cubic" reversible="false" />
				</animation>
			</control>

		</focusedlayout>
		<itemlayout width="106" height="106" condition="Skin.HasSetting(smallmusicwall)">
			<control type="image">
				<include>WallIconDimensionsSmall</include>
				<texture diffuse="wall/wall_mask.png">defaultpicture.png</texture>
				<aspectratio scalediffuse="false">scale</aspectratio>
				<visible>Window.IsActive(2)</visible>
			</control>

			<control type="image">
				<include>WallIconDimensionsSmall</include>
				<texture diffuse="wall/wall_mask.png">defaultaudio.png</texture>
				<aspectratio scalediffuse="false">scale</aspectratio>
				<visible>Window.IsActive(500) | Window.IsActive(501) | Window.IsActive(502) | Container.Content(episodes)</visible>
			</control>

			<control type="image">
				<include>WallIconDimensionsSmall</include>
				<texture background="true" diffuse="wall/wall_mask.png">defaultpicture.png</texture>
				<aspectratio scalediffuse="false">scale</aspectratio>
				<info>ListItem.Icon</info>
				<fadetime>500</fadetime>
				<visible>Window.IsActive(2)</visible>
			</control>

			<control type="image">
				<include>WallIconDimensionsSmall</include>
				<texture background="true" diffuse="wall/wall_mask.png">defaultaudio.png</texture>
				<aspectratio scalediffuse="false">scale</aspectratio>
				<info>ListItem.Icon</info>
				<fadetime>500</fadetime>
				<visible>Window.IsActive(500) | Window.IsActive(501) | Window.IsActive(502) | Container.Content(episodes)</visible>
			</control>

			<control type="image">
				<include>WallIconDimensionsSmall</include>
				<bordertexture border="-3">wall/wall_nfborder.png</bordertexture>
				<texture>wall/wall_nfoverlay.png</texture>
			</control>

		</itemlayout>
		<focusedlayout width="106" height="106" condition="Skin.HasSetting(smallmusicwall)">
			<control type="image">
				<include>WallIconDimensionsSmall</include>
				<texture diffuse="wall/wall_mask.png">defaultaudio.png</texture>
				<aspectratio scalediffuse="false">scale</aspectratio>
				<visible>Window.IsActive(500) | Window.IsActive(501) | Window.IsActive(502) | Container.Content(episodes)</visible>
				<animation effect="zoom" center="51,60" start="100" end="190" time="400" easing="out" tween="cubic" reversible="false">Focus</animation>
			</control>

			<control type="image">
				<include>WallIconDimensionsSmall</include>
				<texture diffuse="wall/wall_mask.png">defaultpicture.png</texture>
				<aspectratio scalediffuse="false">scale</aspectratio>
				<visible>Window.IsActive(2)</visible>
				<animation effect="zoom" center="51,60" start="100" end="190" time="400" easing="out" tween="cubic" reversible="false">Focus</animation>
			</control>

			<control type="image">
				<include>WallIconDimensionsSmall</include>
				<texture background="true" diffuse="wall/wall_mask.png">defaultaudio.png</texture>
				<aspectratio scalediffuse="false">scale</aspectratio>
				<info>ListItem.Icon</info>
				<fadetime>500</fadetime>
				<visible>Window.IsActive(500) | Window.IsActive(501) | Window.IsActive(502) | Container.Content(episodes)</visible>
				<animation effect="zoom" center="51,60" start="100" end="190" time="400" easing="out" tween="cubic" reversible="false">Focus</animation>
			</control>

			<control type="image">
				<include>WallIconDimensionsSmall</include>
				<texture background="true" diffuse="wall/wall_mask.png">defaultpicture.png</texture>
				<aspectratio scalediffuse="false">scale</aspectratio>
				<info>ListItem.Icon</info>
				<fadetime>500</fadetime>
				<visible>Window.IsActive(2)</visible>
				<animation effect="zoom" center="51,60" start="100" end="190" time="400" easing="out" tween="cubic" reversible="false">Focus</animation>
			</control>

			<control type="image">
				<include>WallIconDimensionsSmall</include>
				<bordertexture border="-3">wall/wall_nfborder.png</bordertexture>
				<texture>wall/wall_nfoverlay.png</texture>
				<animation type="Focus" reversible="false">
					<!--<effect type="fade" start="100" end="0" time="200" reversible="false" />--><!--REENABLED GLOSS OVERLAY FOR FOCUSED-->
					<effect type="zoom" center="51,60" start="100" end="190" time="400" easing="out" tween="cubic" reversible="false" />
				</animation>
			</control>

			<control type="image">
				<include>WallIconDimensionsSmall</include>
				<bordertexture border="-5">wall/wall_fborder.png</bordertexture>
				<texture>common/blank.png</texture>
				<animation type="Focus" reversible="false">
					<effect type="fade" start="0" end="100" time="400" reversible="false" />
					<effect type="zoom" center="51,60" start="100" end="190" time="400" easing="out" tween="cubic" reversible="false" />
				</animation>
			</control>

		</focusedlayout>
	</control>

</include>
<include name="MovieWall">
	<control type="panel" id="53">
		<viewtype label="Wall">icon</viewtype>
		<include condition="!Skin.HasSetting(smallmoviewall)">MovieWallBig</include>
		<include condition="Skin.HasSetting(smallmoviewall)">MovieWallSmall</include>
		<pagecontrol>61</pagecontrol>
		<scrolltime>200</scrolltime>
		<onleft>2</onleft>
		<onright>53</onright>
		<onup>53</onup>
		<ondown>53</ondown>
		<orientation>vertical</orientation>
		<visible>Window.IsActive(28) | Window.IsActive(1) | Window.IsActive(24) | Window.IsActive(25)</visible>
		<itemlayout width="123" height="179" condition="!Skin.HasSetting(smallmoviewall)">
			<include condition="!Skin.HasSetting(dvdcase)">WallIconNormal</include>
			<include condition="Skin.HasSetting(dvdcase)">WallIconDVDFocus</include>
			<control type="image">
				<include>WatchedOverlayWall</include>
				<include>detailcolornofocus</include>
				<visible>!Skin.HasSetting(nomovieoverlays) + !IsEmpty(ListItem.Overlay) + Skin.HasSetting(videomovies)</visible>
				<info>ListItem.Overlay</info>
			</control>
			<control type="image">
				<include>WatchedOverlayWall</include>
				<include>detailcolornofocus</include>
				<visible>!Skin.HasSetting(notvoverlays) + !IsEmpty(ListItem.Overlay) + Skin.HasSetting(videotv)</visible>
				<info>ListItem.Overlay</info>
			</control>
		</itemlayout>
		<focusedlayout width="123" height="179" condition="!Skin.HasSetting(smallmoviewall)">
			<include condition="!Skin.HasSetting(dvdcase)">WallIconNormalFocus</include>
			<include condition="Skin.HasSetting(dvdcase)">WallIconDVDFocus</include>
			<control type="image">
				<include>WatchedOverlayWall</include>
				<include>detailcolornofocus</include>
				<visible>!Skin.HasSetting(nomovieoverlays) + !IsEmpty(ListItem.Overlay) + Skin.HasSetting(videomovies)</visible>
				<info>ListItem.Overlay</info>
				<include condition="!Skin.HasSetting(dvdcase)">WallIconZoomAnimation</include>
				<include condition="Skin.HasSetting(dvdcase)">WallIconZoomAnimationDVD</include>
			</control>
			<control type="image">
				<include>WatchedOverlayWall</include>
				<include>detailcolornofocus</include>
				<visible>!Skin.HasSetting(notvoverlays) + !IsEmpty(ListItem.Overlay) + Skin.HasSetting(videotv)</visible>
				<info>ListItem.Overlay</info>
				<include condition="!Skin.HasSetting(dvdcase)">WallIconZoomAnimation</include>
				<include condition="Skin.HasSetting(dvdcase)">WallIconZoomAnimationDVD</include>
			</control>
		</focusedlayout>
		<itemlayout width="101" height="146" condition="Skin.HasSetting(smallmoviewall)">
			<include condition="!Skin.HasSetting(dvdcase)">WallIconNormal</include>
			<include condition="Skin.HasSetting(dvdcase)">WallIconDVDFocus</include>
			<control type="image">
				<include>WatchedOverlayWallSmall</include>
				<include>detailcolornofocus</include>
				<visible>!Skin.HasSetting(nomovieoverlays) + !IsEmpty(ListItem.Overlay) + Skin.HasSetting(videomovies)</visible>
				<info>ListItem.Overlay</info>
			</control>
			<control type="image">
				<include>WatchedOverlayWallSmall</include>
				<include>detailcolornofocus</include>
				<visible>!Skin.HasSetting(notvoverlays) + !IsEmpty(ListItem.Overlay) + Skin.HasSetting(videotv)</visible>
				<info>ListItem.Overlay</info>
			</control>
		</itemlayout>
		<focusedlayout width="101" height="146" condition="Skin.HasSetting(smallmoviewall)">
			<include condition="!Skin.HasSetting(dvdcase)">WallIconNormalFocus</include>
			<include condition="Skin.HasSetting(dvdcase)">WallIconDVDFocus</include>
			<control type="image">
				<include>WatchedOverlayWallSmall</include>
				<include>detailcolornofocus</include>
				<visible>!Skin.HasSetting(nomovieoverlays) + !IsEmpty(ListItem.Overlay) + Skin.HasSetting(videomovies)</visible>
				<info>ListItem.Overlay</info>
				<include condition="!Skin.HasSetting(dvdcase)">WallIconZoomAnimationSmall</include>
				<include condition="Skin.HasSetting(dvdcase)">WallIconZoomAnimationDVDSmall</include>
			</control>
			<control type="image">
				<include>WatchedOverlayWallSmall</include>
				<include>detailcolornofocus</include>
				<visible>!Skin.HasSetting(notvoverlays) + !IsEmpty(ListItem.Overlay) + Skin.HasSetting(videotv)</visible>
				<info>ListItem.Overlay</info>
				<include condition="!Skin.HasSetting(dvdcase)">WallIconZoomAnimationSmall</include>
				<include condition="Skin.HasSetting(dvdcase)">WallIconZoomAnimationDVDSmall</include>
			</control>
		</focusedlayout>
	</control>

</include>
<include name="Viewtype_Wall">
	
	<include condition="Window.IsActive(20) | Window.IsActive(2) | Window.IsActive(500) | Window.IsActive(501) | Window.IsActive(502)">MusicWall</include>
	<include condition="Window.IsActive(28) | Window.IsActive(1) | Window.IsActive(24) | Window.IsActive(25)">MovieWall</include>
	


                <!--FLOOR TITLE/DURATION-->
		<control type="group">
			<visible>Control.IsVisible(53)</visible>
			<include>Animation_HideShowcase</include>
			<control type="fadelabel">
				<label>31609</label>
				<label>31610</label>					
				<scrollout>false</scrollout>
				<pauseatend>3000</pauseatend>
				<scroll>false</scroll>
				<include>ShowcaseMainLabel</include>
				<visible>Window.IsActive(25) + Control.IsVisible(53) + stringcompare(container(53).numitems,0)</visible>
			</control>
			<control type="fadelabel">
				<label>31609</label>
				<label>31611</label>					
				<scrollout>false</scrollout>
				<pauseatend>3000</pauseatend>
				<scroll>false</scroll>
				<include>ShowcaseMainLabel</include>
				<visible>Window.IsActive(502) + Control.IsVisible(53) + stringcompare(container(53).numitems,0)</visible>
			</control>				
			<control type="label">
				<label>[UPPERCASE]$INFO[ListItem.Label][/UPPERCASE]</label>
				<include>ShowcaseMainLabel</include>
				<visible>Container.Content(movies) + !Skin.HasSetting(nomediaflags) + !Window.IsActive(24)</visible>
			</control>
			<control type="label">
				<label>[UPPERCASE]$INFO[ListItem.Label][/UPPERCASE]</label>
				<include>ShowcaseMainLabelWide</include>
				<visible>[!Container.Content(movies) | Window.IsActive(24)] | [Container.Content(movies) + Skin.HasSetting(nomediaflags)]</visible>					
			</control>
			<control type="label">
				<label>[UPPERCASE]$INFO[Container.NumItems] $LOCALIZE[31005][/UPPERCASE]</label>
				<include>ShowcaseItemsLabel</include>
			</control>				
			<control type="label" id="72">
				<label>[UPPERCASE]$INFO[ListItem.Year]  |  $INFO[ListItem.Duration]  |  $INFO[Container(53).ListItem.Rating][/UPPERCASE]</label><!--CHANGED GENRE TO YEAR/DURATION/RATING-->
				<include>ShowcaseDetailLabel</include>
				<visible>Container.Content(movies) + [!IsEmpty(ListItem.Duration) | !IsEmpty(ListItem.Year)]</visible><!--CHANGED GENRE TO YEAR/DURATION/RATING-->
			</control>
			<control type="label" id="72">
				<label>$INFO[ListItem.Album,, -] $INFO[ListItem.Artist]</label>
				<include>ShowcaseDetailLabel</include>
				<visible>Container.Content(songs)</visible>
			</control>
			<control type="label" id="72">
				<info>ListItem.Label2</info>
				<include>ShowcaseDetailLabel</include>
				<visible>Window.IsActive(1) | Container.Content(albums) | Window.IsActive(501)</visible>
			</control>
			<control type="label" id="72">
				<label>[UPPERCASE]$INFO[ListItem.Episode] $LOCALIZE[31406][/UPPERCASE]</label>
				<include>ShowcaseDetailLabel</include>
				<visible>[Container.Content(tvshows)] + !IsEmpty(ListItem.Episode)</visible>
			</control>
			<control type="label" id="72">
				<label>[UPPERCASE]$LOCALIZE[31432] $INFO[ListItem.Season], $LOCALIZE[31433] $INFO[ListItem.Episode][/UPPERCASE]</label>
				<include>ShowcaseDetailLabel</include>
				<visible>Container.Content(episodes) + !IsEmpty(ListItem.Episode)</visible>
			</control>
			<control type="label" id="72">
				<info>ListItem.PictureResolution</info>
				<include>ShowcaseDetailLabel</include>
				<visible>Window.IsActive(2) + !IsEmpty(ListItem.PictureResolution)</visible>
			</control>
		</control>




	<control type="label" id="217">
		<posx>0</posx>
		<posy>0</posy>
		<width>1280</width>
		<height>720</height>
		<font>Font_List</font>
		<align>center</align>
		<aligny>center</aligny>
		<textcolor>98FFFFFF</textcolor>
		<include condition="Window.IsActive(25)">EmptyLibraryLabelMovies</include>
		<include condition="Window.IsActive(502)">EmptyLibraryLabelMusic</include>
		<include>Animation_CommonFade</include>
		<visible>[Window.IsActive(25) | Window.IsActive(502)] + Control.IsVisible(53) + stringcompare(container(53).numitems,0)</visible>
	</control>

	<include condition="!Skin.HasSetting(smallmoviewall) + !Skin.HasSetting(wallinfooff)">WallInfoPaneMoviesBig</include>
	<include condition="Skin.HasSetting(smallmoviewall) + !Skin.HasSetting(wallinfooff)">WallInfoPaneMoviesSmall</include>
</include>
</includes>