<window id="1111">
	<defaultcontrol always="true">20</defaultcontrol>
	<controls>
		<include>CommonBackground</include>
		<control type="group">
			<animation type="WindowOpen" reversible="false">
				<effect type="zoom" start="80" end="100" center="640,360" easing="out" tween="back" time="300" delay="200" />
				<effect type="fade" start="0" end="100" time="300" delay="200" />
			</animation>
			<animation type="WindowClose" reversible="false">
				<effect type="zoom" start="100" end="80" center="640,360" easing="in" tween="back" time="300"/>
				<effect type="fade" start="100" end="0" time="300" />
			</animation>
			<!-- Start General Skin Settings -->
			<control type="grouplist" id="9001">
				<visible>Skin.String(SkinSettings,1)</visible>
				<posx>340</posx>
				<posy>70</posy>
				<width>880</width>
				<height>570</height>
				<itemgap>0</itemgap>
				<pagecontrol>9061</pagecontrol>
				<onleft>9000</onleft>
				<onright>9061</onright>
				<onup>9001</onup>
				<ondown>9001</ondown>
				<control type="button" id="100">
					<width>880</width>
					<height>35</height>
					<font>font11</font>
					<label>[B]$LOCALIZE[31110][/B]</label>
					<align>center</align>
					<disabledcolor>blue</disabledcolor>
					<texturefocus border="5">List_Seperator.png</texturefocus>
					<texturenofocus border="5">List_Seperator.png</texturenofocus>
					<onclick>-</onclick>
					<enable>false</enable>
				</control>
				<control type="radiobutton" id="101">
					<width>880</width>
					<height>45</height>
					<font>font12</font>
					<label>31130</label>
					<textcolor>white</textcolor>
					<focusedcolor>black</focusedcolor>
					<texturefocus border="5">ThumbFO.png</texturefocus>
					<texturenofocus border="5">ListNF.png</texturenofocus>
					<onclick>Skin.ToggleSetting(Show_Fanart)</onclick>
					<selected>!Skin.HasSetting(Show_Fanart)</selected>
				</control>
				<control type="radiobutton" id="102">
					<width>880</width>
					<height>45</height>
					<font>font12</font>
					<label>31135</label>
					<textcolor>white</textcolor>
					<focusedcolor>black</focusedcolor>
					<texturefocus border="5">ThumbFO.png</texturefocus>
					<texturenofocus border="5">ListNF.png</texturenofocus>
					<onclick>Skin.ToggleSetting(AutoScroll)</onclick>
					<selected>!Skin.HasSetting(AutoScroll)</selected>
				</control>
				<control type="image" id="103">
					<width>880</width>
					<height>4</height>
					<texture>-</texture>
				</control>
				<control type="radiobutton" id="104">
					<width>880</width>
					<height>45</height>
					<font>font12</font>
					<label>31136</label>
					<textcolor>white</textcolor>
					<focusedcolor>black</focusedcolor>
					<texturefocus border="5">ThumbFO.png</texturefocus>
					<texturenofocus border="5">ListNF.png</texturenofocus>
					<onclick>Skin.ToggleSetting(TVShow_Logo)</onclick>
					<selected>Skin.HasSetting(TVShow_Logo)</selected>
				</control>
				<control type="radiobutton" id="105">
					<width>880</width>
					<height>45</height>
					<font>font12</font>
					<label>31149</label>
					<textcolor>white</textcolor>
					<focusedcolor>black</focusedcolor>
					<texturefocus border="5">ThumbFO.png</texturefocus>
					<texturenofocus border="5">ListNF.png</texturenofocus>
					<onclick>Skin.ToggleSetting(TheaterScript_Enable)</onclick>
					<selected>Skin.HasSetting(TheaterScript_Enable)</selected>
				</control>
				<control type="button" id="106">
					<width>880</width>
					<height>45</height>
					<font>font12</font>
					<label> - $LOCALIZE[31151]</label>
					<label2>[COLOR=blue2]$INFO[Skin.String(TheaterScript_Path)][/COLOR]</label2>
					<textcolor>grey2</textcolor>
					<focusedcolor>black</focusedcolor>
					<texturefocus border="5">ThumbFO.png</texturefocus>
					<texturenofocus border="5">ListNF.png</texturenofocus>
					<onclick>Skin.SetFile(TheaterScript_Path,.py)</onclick>
					<visible>Skin.HasSetting(TheaterScript_Enable)</visible>
				</control>
				<control type="image" id="107">
					<width>880</width>
					<height>4</height>
					<texture>-</texture>
				</control>
				<control type="radiobutton" id="108">
					<width>880</width>
					<height>45</height>
					<font>font12</font>
					<label>31391</label>
					<textcolor>white</textcolor>
					<focusedcolor>black</focusedcolor>
					<texturefocus border="5">ThumbFO.png</texturefocus>
					<texturenofocus border="5">ListNF.png</texturenofocus>
					<onclick>Skin.ToggleSetting(Show_SystemResourcesInfo)</onclick>
					<selected>Skin.HasSetting(Show_SystemResourcesInfo)</selected>
				</control>
				<control type="radiobutton" id="109">
					<width>880</width>
					<height>45</height>
					<font>font12</font>
					<label>31392</label>
					<textcolor>white</textcolor>
					<focusedcolor>black</focusedcolor>
					<texturefocus border="5">ThumbFO.png</texturefocus>
					<texturenofocus border="5">ListNF.png</texturenofocus>
					<onclick>Skin.ToggleSetting(Show_SystemTemperaturesInfo)</onclick>
					<selected>Skin.HasSetting(Show_SystemTemperaturesInfo)</selected>
				</control>
				<control type="radiobutton" id="110">
					<width>880</width>
					<height>45</height>
					<font>font12</font>
					<label>31393</label>
					<textcolor>white</textcolor>
					<focusedcolor>black</focusedcolor>
					<texturefocus border="5">ThumbFO.png</texturefocus>
					<texturenofocus border="5">ListNF.png</texturenofocus>
					<onclick>Skin.ToggleSetting(Show_SystemFanSpeedInfo)</onclick>
					<selected>Skin.HasSetting(Show_SystemFanSpeedInfo)</selected>
				</control>
				<control type="image" id="111">
					<width>880</width>
					<height>4</height>
					<texture>-</texture>
				</control>
				<control type="radiobutton" id="112">
					<description>Startup Playback</description>
					<width>880</width>
					<height>45</height>
					<font>font12</font>
					<label>31137</label>
					<textcolor>white</textcolor>
					<focusedcolor>black</focusedcolor>
					<texturefocus border="5">ThumbFO.png</texturefocus>
					<texturenofocus border="5">ListNF.png</texturenofocus>
					<onclick>Skin.ToggleSetting(Use_Startup_Playback)</onclick>
					<selected>Skin.HasSetting(Use_Startup_Playback)</selected>
				</control>
				<control type="button" id="113">
					<description>Startup Playback Path</description>
					<width>880</width>
					<height>45</height>
					<font>font12</font>
					<textcolor>grey2</textcolor>
					<focusedcolor>black</focusedcolor>
					<label> - $LOCALIZE[21801]</label>
					<label2>[COLOR=blue2]$INFO[Skin.String(Startup_Playback_Path)][/COLOR]</label2>
					<onclick>Skin.SetFile(Startup_Playback_Path,,)</onclick>
					<texturefocus border="5">ThumbFO.png</texturefocus>
					<texturenofocus border="5">ListNF.png</texturenofocus>
					<visible>Skin.HasSetting(Use_Startup_Playback)</visible>
				</control>
				<control type="image" id="114">
					<width>880</width>
					<height>4</height>
					<texture>-</texture>
				</control>
				<control type="radiobutton" id="115">
					<width>880</width>
					<height>45</height>
					<font>font12</font>
					<label>31144</label>
					<textcolor>white</textcolor>
					<focusedcolor>black</focusedcolor>
					<texturefocus border="5">ThumbFO.png</texturefocus>
					<texturenofocus border="5">ListNF.png</texturenofocus>
					<onclick>Skin.ToggleSetting(Show_Background_Color)</onclick>
					<selected>!Skin.HasSetting(Show_Background_Color)</selected>
				</control>
				<control type="radiobutton" id="116">
					<width>880</width>
					<height>45</height>
					<font>font11</font>
					<label> - $LOCALIZE[31145]</label>
					<textcolor>white</textcolor>
					<focusedcolor>black</focusedcolor>
					<texturefocus border="5">ThumbFO.png</texturefocus>
					<texturenofocus border="5">ListNF.png</texturenofocus>
					<onclick>Skin.ToggleSetting(Show_HomeBackground_Color)</onclick>
					<selected>Skin.HasSetting(Show_HomeBackground_Color)</selected>
					<enable>!Skin.HasSetting(Show_Background_Color)</enable>
				</control>
				<control type="list" id="117">
					<posx>0</posx>
					<posy>0</posy>
					<width>880</width>
					<height>45</height>
					<onleft>119</onleft>
					<onright>119</onright>
					<onup>116</onup>
					<ondown>101</ondown>
					<focusposition>0</focusposition>
					<orientation>horizontal</orientation>
					<enable>!Skin.HasSetting(Show_Background_Color)</enable>
					<itemlayout height="45" width="110">
						<control type="image">
							<posx>0</posx>
							<posy>0</posy>
							<width>110</width>
							<height>45</height>
							<texture border="5">ListNF.png</texture>
						</control>
						<control type="image">
							<posx>5</posx>
							<posy>5</posy>
							<width>100</width>
							<height>35</height>
							<texture>$INFO[Listitem.ActualIcon]</texture>
							<bordertexture>black-back.png</bordertexture>
							<bordersize>1</bordersize>
							<aspectratio>stretch</aspectratio>
						</control>
					</itemlayout>
					<focusedlayout height="45" width="110">
						<control type="image">
							<posx>0</posx>
							<posy>0</posy>
							<width>110</width>
							<height>45</height>
							<texture border="5">ListNF.png</texture>
							<visible>!Control.HasFocus(117)</visible>
						</control>
						<control type="image">
							<posx>0</posx>
							<posy>0</posy>
							<width>110</width>
							<height>45</height>
							<texture border="5">ThumbFO.png</texture>
							<visible>Control.HasFocus(117)</visible>
						</control>
						<control type="image">
							<posx>5</posx>
							<posy>5</posy>
							<width>100</width>
							<height>35</height>
							<texture>$INFO[Listitem.ActualIcon]</texture>
							<bordertexture>black-back.png</bordertexture>
							<bordersize>1</bordersize>
							<aspectratio>stretch</aspectratio>
						</control>
					</focusedlayout>
					<content>
						<item id="0">
							<label>-</label>
							<onclick>Skin.Reset(Background_Color)</onclick>
							<icon>Background.png</icon>
						</item>
						<item id="1">
							<label>-</label>
							<onclick>Skin.SetString(Background_Color,special://skin/backgrounds/color/grey.png)</onclick>
							<icon>special://skin/backgrounds/color/grey.png</icon>
						</item>
						<item id="2">
							<label>-</label>
							<onclick>Skin.SetString(Background_Color,special://skin/backgrounds/color/green.png)</onclick>
							<icon>special://skin/backgrounds/color/green.png</icon>
						</item>
						<item id="3">
							<label>-</label>
							<onclick>Skin.SetString(Background_Color,special://skin/backgrounds/color/purple.png)</onclick>
							<icon>special://skin/backgrounds/color/purple.png</icon>
						</item>
						<item id="4">
							<label>-</label>
							<onclick>Skin.SetString(Background_Color,special://skin/backgrounds/color/red.png)</onclick>
							<icon>special://skin/backgrounds/color/red.png</icon>
						</item>
						<item id="5">
							<label>-</label>
							<onclick>Skin.SetString(Background_Color,special://skin/backgrounds/color/orange.png)</onclick>
							<icon>special://skin/backgrounds/color/orange.png</icon>
						</item>
						<item id="6">
							<label>-</label>
							<onclick>Skin.SetString(Background_Color,special://skin/backgrounds/color/pink.png)</onclick>
							<icon>special://skin/backgrounds/color/pink.png</icon>
						</item>
						<item id="7">
							<label>-</label>
							<onclick>Skin.SetString(Background_Color,special://skin/backgrounds/color/white.png)</onclick>
							<icon>special://skin/backgrounds/color/white.png</icon>
						</item>			
					</content>
				</control>
			</control>
			<control type="scrollbar" id="9061">
				<posx>1225</posx>
				<posy>70</posy>
				<width>17</width>
				<height>570</height>
				<texturesliderbackground border="2,2,2,2">scrollbar_bar_back.png</texturesliderbackground>
				<texturesliderbar border="2,16,2,16">scrollbar_bar.png</texturesliderbar>
				<texturesliderbarfocus border="2,16,2,16">scrollbar_bar_focus.png</texturesliderbarfocus>
				<textureslidernib>scrollbar_nib.png</textureslidernib>
				<textureslidernibfocus>scrollbar_nib.png</textureslidernibfocus>
				<onleft>9001</onleft>
				<onright>9000</onright>
				<showonepage>false</showonepage>
				<orientation>vertical</orientation>
				<visible>Control.IsVisible(9001)</visible>
			</control>
			<!-- End General Skin Settings -->
			<!-- Start Home Page Skin Settings -->
			<control type="grouplist" id="9002">
				<visible>Skin.String(SkinSettings,2)</visible>
				<posx>340</posx>
				<posy>70</posy>
				<width>880</width>
				<height>570</height>
				<itemgap>0</itemgap>
				<pagecontrol>9062</pagecontrol>
				<onleft>9000</onleft>
				<onright>9062</onright>
				<onup>9002</onup>
				<ondown>9002</ondown>
				<control type="button" id="200">
					<width>880</width>
					<height>35</height>
					<font>font11</font>
					<label>[B]$LOCALIZE[31111][/B]</label>
					<align>center</align>
					<disabledcolor>blue</disabledcolor>
					<texturefocus border="5">List_Seperator.png</texturefocus>
					<texturenofocus border="5">List_Seperator.png</texturenofocus>
					<onclick>-</onclick>
					<enable>false</enable>
				</control>
				<control type="radiobutton" id="201">
					<description>enable video info</description>
					<width>880</width>
					<height>45</height>
					<font>font12</font>
					<label>20176</label>
					<onclick>Skin.ToggleSetting(homepageVideoinfo)</onclick>
					<selected>!Skin.HasSetting(homepageVideoinfo)</selected>
					<textcolor>white</textcolor>
					<focusedcolor>black</focusedcolor>
					<texturefocus border="5">ThumbFO.png</texturefocus>
					<texturenofocus border="5">ListNF.png</texturenofocus>
				</control>
				<control type="radiobutton" id="202">
					<description>enable music info</description>
					<width>880</width>
					<height>45</height>
					<font>font12</font>
					<label>20083</label>
					<onclick>Skin.ToggleSetting(homepageMusicinfo)</onclick>
					<selected>!Skin.HasSetting(homepageMusicinfo)</selected>
					<textcolor>white</textcolor>
					<focusedcolor>black</focusedcolor>
					<texturefocus border="5">ThumbFO.png</texturefocus>
					<texturenofocus border="5">ListNF.png</texturenofocus>
				</control>
				<control type="radiobutton" id="203">
					<description>show recently added</description>
					<width>880</width>
					<height>45</height>
					<font>font12</font>
					<label>31141</label>
					<onclick>Skin.ToggleSetting(homepageHideRecentlyAdded)</onclick>
					<selected>!Skin.HasSetting(homepageHideRecentlyAdded)</selected>
					<textcolor>white</textcolor>
					<focusedcolor>black</focusedcolor>
					<texturefocus border="5">ThumbFO.png</texturefocus>
					<texturenofocus border="5">ListNF.png</texturenofocus>
				</control>
				<control type="radiobutton" id="204">
					<description>now playing background</description>
					<width>880</width>
					<height>45</height>
					<font>font12</font>
					<label>31142</label>
					<onclick>Skin.ToggleSetting(NowPlayingBG)</onclick>
					<selected>Skin.HasSetting(NowPlayingBG)</selected>
					<textcolor>white</textcolor>
					<focusedcolor>black</focusedcolor>
					<texturefocus border="5">ThumbFO.png</texturefocus>
					<texturenofocus border="5">ListNF.png</texturenofocus>
				</control>
				<control type="image" id="206">
					<width>880</width>
					<height>4</height>
					<texture>-</texture>
				</control>
				<control type="button" id="221">
					<width>880</width>
					<height>35</height>
					<font>font11</font>
					<label>[B]$LOCALIZE[31116][/B]</label>
					<align>center</align>
					<disabledcolor>blue</disabledcolor>
					<texturefocus border="5">List_Seperator.png</texturefocus>
					<texturenofocus border="5">List_Seperator.png</texturenofocus>
					<onclick>-</onclick>
					<enable>false</enable>
				</control>
				<control type="radiobutton" id="222">
					<width>880</width>
					<height>45</height>
					<font>font12</font>
					<label>$LOCALIZE[31132] - [B]1[/B]</label>
					<textcolor>white</textcolor>
					<focusedcolor>black</focusedcolor>
					<texturefocus border="5">ThumbFO.png</texturefocus>
					<texturenofocus border="5">ListNF.png</texturenofocus>
					<onclick>Skin.ToggleSetting(HomeVideoButton1)</onclick>
					<selected>Skin.HasSetting(HomeVideoButton1)</selected>
				</control>
				<control type="button" id="223">
					<width>880</width>
					<height>45</height>
					<font>font12</font>
					<label> - $LOCALIZE[31133]</label>
					<label2>[COLOR=blue2]$INFO[Skin.String(HomeVideoButton1_label)][/COLOR]</label2>
					<textcolor>grey2</textcolor>
					<focusedcolor>black</focusedcolor>
					<texturefocus border="5">ThumbFO.png</texturefocus>
					<texturenofocus border="5">ListNF.png</texturenofocus>
					<onclick>Skin.SetString(HomeVideoButton1_label)</onclick>
					<visible>Skin.HasSetting(HomeVideoButton1)</visible>
				</control>
				<control type="button" id="224">
					<width>880</width>
					<height>45</height>
					<font>font12</font>
					<label> - $LOCALIZE[31134]</label>
					<label2>[COLOR=blue2]$INFO[Skin.String(HomeVideoButton1_Path)][/COLOR]</label2>
					<textcolor>grey2</textcolor>
					<focusedcolor>black</focusedcolor>
					<texturefocus border="5">ThumbFO.png</texturefocus>
					<texturenofocus border="5">ListNF.png</texturenofocus>
					<onclick>Skin.SetFile(HomeVideoButton1_Path,,special://videoplaylists/)</onclick>
					<visible>Skin.HasSetting(HomeVideoButton1)</visible>
				</control>
				<control type="radiobutton" id="225">
					<width>880</width>
					<height>45</height>
					<font>font12</font>
					<label>$LOCALIZE[31132] - [B]2[/B]</label>
					<textcolor>white</textcolor>
					<focusedcolor>black</focusedcolor>
					<texturefocus border="5">ThumbFO.png</texturefocus>
					<texturenofocus border="5">ListNF.png</texturenofocus>
					<onclick>Skin.ToggleSetting(HomeVideoButton2)</onclick>
					<selected>Skin.HasSetting(HomeVideoButton2)</selected>
				</control>
				<control type="button" id="226">
					<width>880</width>
					<height>45</height>
					<font>font12</font>
					<label> - $LOCALIZE[31133]</label>
					<label2>[COLOR=blue2]$INFO[Skin.String(HomeVideoButton2_label)][/COLOR]</label2>
					<textcolor>grey2</textcolor>
					<focusedcolor>black</focusedcolor>
					<texturefocus border="5">ThumbFO.png</texturefocus>
					<texturenofocus border="5">ListNF.png</texturenofocus>
					<onclick>Skin.SetString(HomeVideoButton2_label)</onclick>
					<visible>Skin.HasSetting(HomeVideoButton2)</visible>
				</control>
				<control type="button" id="227">
					<width>880</width>
					<height>45</height>
					<font>font12</font>
					<label> - $LOCALIZE[31134]</label>
					<label2>[COLOR=blue2]$INFO[Skin.String(HomeVideoButton2_Path)][/COLOR]</label2>
					<textcolor>grey2</textcolor>
					<focusedcolor>black</focusedcolor>
					<texturefocus border="5">ThumbFO.png</texturefocus>
					<texturenofocus border="5">ListNF.png</texturenofocus>
					<onclick>Skin.SetFile(HomeVideoButton2_Path,,special://videoplaylists/)</onclick>
					<visible>Skin.HasSetting(HomeVideoButton2)</visible>
				</control>
				<control type="image" id="230">
					<width>880</width>
					<height>4</height>
					<texture>-</texture>
				</control>
				<control type="button" id="231">
					<width>880</width>
					<height>35</height>
					<font>font11</font>
					<label>[B]$LOCALIZE[31117][/B]</label>
					<align>center</align>
					<disabledcolor>blue</disabledcolor>
					<texturefocus border="5">List_Seperator.png</texturefocus>
					<texturenofocus border="5">List_Seperator.png</texturenofocus>
					<onclick>-</onclick>
					<enable>false</enable>
				</control>
				<control type="radiobutton" id="232">
					<width>880</width>
					<height>45</height>
					<font>font12</font>
					<label>$LOCALIZE[31132] - [B]1[/B]</label>
					<textcolor>white</textcolor>
					<focusedcolor>black</focusedcolor>
					<texturefocus border="5">ThumbFO.png</texturefocus>
					<texturenofocus border="5">ListNF.png</texturenofocus>
					<onclick>Skin.ToggleSetting(HomeMusicButton1)</onclick>
					<selected>Skin.HasSetting(HomeMusicButton1)</selected>
				</control>
				<control type="button" id="233">
					<width>880</width>
					<height>45</height>
					<font>font12</font>
					<label> - $LOCALIZE[31133]</label>
					<label2>[COLOR=blue2]$INFO[Skin.String(HomeMusicButton1_label)][/COLOR]</label2>
					<textcolor>grey2</textcolor>
					<focusedcolor>black</focusedcolor>
					<texturefocus border="5">ThumbFO.png</texturefocus>
					<texturenofocus border="5">ListNF.png</texturenofocus>
					<onclick>Skin.SetString(HomeMusicButton1_label)</onclick>
					<visible>Skin.HasSetting(HomeMusicButton1)</visible>
				</control>
				<control type="button" id="234">
					<width>880</width>
					<height>45</height>
					<font>font12</font>
					<label> - $LOCALIZE[31134]</label>
					<label2>[COLOR=blue2]$INFO[Skin.String(HomeMusicButton1_Path)][/COLOR]</label2>
					<textcolor>grey2</textcolor>
					<focusedcolor>black</focusedcolor>
					<texturefocus border="5">ThumbFO.png</texturefocus>
					<texturenofocus border="5">ListNF.png</texturenofocus>
					<onclick>Skin.SetFile(HomeMusicButton1_Path,,special://musicplaylists/)</onclick>
					<visible>Skin.HasSetting(HomeMusicButton1)</visible>
				</control>
				<control type="radiobutton" id="235">
					<width>880</width>
					<height>45</height>
					<font>font12</font>
					<label>$LOCALIZE[31132] - [B]2[/B]</label>
					<textcolor>white</textcolor>
					<focusedcolor>black</focusedcolor>
					<texturefocus border="5">ThumbFO.png</texturefocus>
					<texturenofocus border="5">ListNF.png</texturenofocus>
					<onclick>Skin.ToggleSetting(HomeMusicButton2)</onclick>
					<selected>Skin.HasSetting(HomeMusicButton2)</selected>
				</control>
				<control type="button" id="236">
					<width>880</width>
					<height>45</height>
					<font>font12</font>
					<label> - $LOCALIZE[31133]</label>
					<label2>[COLOR=blue2]$INFO[Skin.String(HomeMusicButton2_label)][/COLOR]</label2>
					<textcolor>grey2</textcolor>
					<focusedcolor>black</focusedcolor>
					<texturefocus border="5">ThumbFO.png</texturefocus>
					<texturenofocus border="5">ListNF.png</texturenofocus>
					<onclick>Skin.SetString(HomeMusicButton2_label)</onclick>
					<visible>Skin.HasSetting(HomeMusicButton2)</visible>
				</control>
				<control type="button" id="237">
					<width>880</width>
					<height>45</height>
					<font>font12</font>
					<label> - $LOCALIZE[31134]</label>
					<label2>[COLOR=blue2]$INFO[Skin.String(HomeMusicButton2_Path)][/COLOR]</label2>
					<textcolor>grey2</textcolor>
					<focusedcolor>black</focusedcolor>
					<texturefocus border="5">ThumbFO.png</texturefocus>
					<texturenofocus border="5">ListNF.png</texturenofocus>
					<onclick>Skin.SetFile(HomeMusicButton2_Path,,special://musicplaylists/)</onclick>
					<visible>Skin.HasSetting(HomeMusicButton2)</visible>
				</control>
				<control type="image" id="240">
					<width>880</width>
					<height>4</height>
					<texture>-</texture>
				</control>
				<control type="button" id="241">
					<width>880</width>
					<height>35</height>
					<font>font11</font>
					<label>[B]$LOCALIZE[31115][/B]</label>
					<align>center</align>
					<disabledcolor>blue</disabledcolor>
					<texturefocus border="5">List_Seperator.png</texturefocus>
					<texturenofocus border="5">List_Seperator.png</texturenofocus>
					<onclick>-</onclick>
					<enable>false</enable>
				</control>
				<control type="radiobutton" id="242">
					<width>880</width>
					<height>45</height>
					<font>font12</font>
					<label>$LOCALIZE[31131] - [B]1[/B]</label>
					<textcolor>white</textcolor>
					<focusedcolor>black</focusedcolor>
					<texturefocus border="5">ThumbFO.png</texturefocus>
					<texturenofocus border="5">ListNF.png</texturenofocus>
					<onclick>Skin.ToggleSetting(HomeProgramsButton1)</onclick>
					<selected>Skin.HasSetting(HomeProgramsButton1)</selected>
				</control>
				<control type="button" id="243">
					<width>880</width>
					<height>45</height>
					<font>font12</font>
					<label> - $LOCALIZE[31138]</label>
					<label2>[COLOR=blue2]$INFO[Skin.String(HomeProgramsButton1_label)][/COLOR]</label2>
					<textcolor>grey2</textcolor>
					<focusedcolor>black</focusedcolor>
					<texturefocus border="5">ThumbFO.png</texturefocus>
					<texturenofocus border="5">ListNF.png</texturenofocus>
					<onclick>Skin.SetString(HomeProgramsButton1_label)</onclick>
					<visible>Skin.HasSetting(HomeProgramsButton1)</visible>
				</control>
				<control type="button" id="244">
					<width>880</width>
					<height>45</height>
					<font>font12</font>
					<label> - $LOCALIZE[31139]</label>
					<label2>[COLOR=blue2]$INFO[Skin.String(HomeProgramsButton1_XBE)][/COLOR]</label2>
					<textcolor>grey2</textcolor>
					<focusedcolor>black</focusedcolor>
					<texturefocus border="5">ThumbFO.png</texturefocus>
					<texturenofocus border="5">ListNF.png</texturenofocus>
					<onclick>Skin.SetFile(HomeProgramsButton1_XBE,.xbe,)</onclick>
					<visible>Skin.HasSetting(HomeProgramsButton1)</visible>
				</control>
				<control type="radiobutton" id="245">
					<width>880</width>
					<height>45</height>
					<font>font12</font>
					<label>$LOCALIZE[31131] - [B]2[/B]</label>
					<textcolor>white</textcolor>
					<focusedcolor>black</focusedcolor>
					<texturefocus border="5">ThumbFO.png</texturefocus>
					<texturenofocus border="5">ListNF.png</texturenofocus>
					<onclick>Skin.ToggleSetting(HomeProgramsButton2)</onclick>
					<selected>Skin.HasSetting(HomeProgramsButton2)</selected>
				</control>
				<control type="button" id="246">
					<width>880</width>
					<height>45</height>
					<font>font12</font>
					<label> - $LOCALIZE[31138]</label>
					<label2>[COLOR=blue2]$INFO[Skin.String(HomeProgramsButton2_label)][/COLOR]</label2>
					<textcolor>grey2</textcolor>
					<focusedcolor>black</focusedcolor>
					<texturefocus border="5">ThumbFO.png</texturefocus>
					<texturenofocus border="5">ListNF.png</texturenofocus>
					<onclick>Skin.SetString(HomeProgramsButton2_label)</onclick>
					<visible>Skin.HasSetting(HomeProgramsButton2)</visible>
				</control>
				<control type="button" id="247">
					<width>880</width>
					<height>45</height>
					<font>font12</font>
					<label> - $LOCALIZE[31139]</label>
					<label2>[COLOR=blue2]$INFO[Skin.String(HomeProgramsButton2_XBE)][/COLOR]</label2>
					<textcolor>grey2</textcolor>
					<focusedcolor>black</focusedcolor>
					<texturefocus border="5">ThumbFO.png</texturefocus>
					<texturenofocus border="5">ListNF.png</texturenofocus>
					<onclick>Skin.SetFile(HomeProgramsButton2_XBE,.xbe,)</onclick>
					<visible>Skin.HasSetting(HomeProgramsButton2)</visible>
				</control>
			</control>
			<control type="scrollbar" id="9062">
				<posx>1225</posx>
				<posy>70</posy>
				<width>17</width>
				<height>570</height>
				<texturesliderbackground border="2,2,2,2">scrollbar_bar_back.png</texturesliderbackground>
				<texturesliderbar border="2,16,2,16">scrollbar_bar.png</texturesliderbar>
				<texturesliderbarfocus border="2,16,2,16">scrollbar_bar_focus.png</texturesliderbarfocus>
				<textureslidernib>scrollbar_nib.png</textureslidernib>
				<textureslidernibfocus>scrollbar_nib.png</textureslidernibfocus>
				<onleft>9002</onleft>
				<onright>9000</onright>
				<showonepage>false</showonepage>
				<orientation>vertical</orientation>
				<visible>Control.IsVisible(9002)</visible>
			</control>
			<!-- End Home Page Skin Settings -->
			<!-- Addons (scripts & plugins) -->
			<control type="grouplist" id="9003">
				<visible>Skin.String(SkinSettings,3)</visible>
				<posx>340</posx>
				<posy>70</posy>
				<width>880</width>
				<height>570</height>
				<itemgap>0</itemgap>
				<pagecontrol>9072</pagecontrol>
				<onleft>9000</onleft>
				<onright>9072</onright>
				<onup>9003</onup>
				<ondown>9003</ondown>
				<control type="button" id="400">
					<width>880</width>
					<height>35</height>
					<font>font11</font>
					<label>[B]$LOCALIZE[31118][/B]</label>
					<align>center</align>
					<disabledcolor>blue</disabledcolor>
					<texturefocus border="5">List_Seperator.png</texturefocus>
					<texturenofocus border="5">List_Seperator.png</texturenofocus>
					<onclick>-</onclick>
					<enable>false</enable>
				</control>
				<control type="radiobutton" id="451">
					<width>880</width>
					<height>45</height>
					<font>font12</font>
					<label>$LOCALIZE[31152] - [B]1[/B]</label>
					<textcolor>white</textcolor>
					<focusedcolor>black</focusedcolor>
					<texturefocus border="5">ThumbFO.png</texturefocus>
					<texturenofocus border="5">ListNF.png</texturenofocus>
					<onclick>Skin.ToggleSetting(HomeAddonsButton1)</onclick>
					<selected>Skin.HasSetting(HomeAddonsButton1)</selected>
				</control>
				<control type="button" id="402">
					<width>880</width>
					<height>45</height>
					<font>font12</font>
					<label> - $LOCALIZE[31150]</label>
					<label2>[COLOR=blue]$INFO[Skin.String(HomeAddonsButton1_label)][/COLOR]</label2>
					<textcolor>white</textcolor>
					<focusedcolor>black</focusedcolor>
					<texturefocus border="5">ThumbFO.png</texturefocus>
					<texturenofocus border="5">ListNF.png</texturenofocus>
					<onclick>Skin.SetString(HomeAddonsButton1_label)</onclick>
					<visible>Skin.HasSetting(HomeAddonsButton1)</visible>
				</control>
				<control type="button" id="453">
					<width>880</width>
					<height>45</height>
					<font>font11</font>
					<label> - $LOCALIZE[31151]</label>
					<label2>[COLOR=blue]$INFO[Skin.String(HomeScriptButton1_Path)][/COLOR]</label2>
					<textcolor>white</textcolor>
					<focusedcolor>black</focusedcolor>
					<texturefocus border="5">ThumbFO.png</texturefocus>
					<texturenofocus border="5">ListNF.png</texturenofocus>
					<onclick>Skin.SetFile(HomeScriptButton1_Path,.py)</onclick>
					<onclick>Skin.Reset(HomePluginButton1_Folder)</onclick>
					<onclick>Skin.Reset(HomePluginButton1_Window)</onclick>
					<visible>Skin.HasSetting(HomeAddonsButton1)</visible>
				</control>
				<control type="button" id="404">
					<width>880</width>
					<height>45</height>
					<font>font11</font>
					<label> - $LOCALIZE[31153]</label>
					<label2>[COLOR=blue]$INFO[Skin.String(HomePluginButton1_Folder)][/COLOR]</label2>
					<textcolor>white</textcolor>
					<focusedcolor>black</focusedcolor>
					<texturefocus border="5">ThumbFO.png</texturefocus>
					<texturenofocus border="5">ListNF.png</texturenofocus>
					<onclick>Skin.SetString(HomePluginButton1_Folder)</onclick>
					<onclick>Skin.Reset(HomeScriptButton1_Path)</onclick>
					<visible>Skin.HasSetting(HomeAddonsButton1)</visible>
				</control>
				<control type="button" id="455">
					<width>880</width>
					<height>45</height>
					<font>font11</font>
					<label> - $LOCALIZE[31154]</label> 
					<label2>[COLOR=blue]$INFO[Skin.String(HomePluginButton1_Window)][/COLOR]</label2>
					<textcolor>white</textcolor>
					<focusedcolor>black</focusedcolor>
					<texturefocus border="5">ThumbFO.png</texturefocus>
					<texturenofocus border="5">ListNF.png</texturenofocus>
					<onclick>Skin.SetString(HomePluginButton1_Window)</onclick>
					<onclick>Skin.Reset(HomeScriptButton1_Path)</onclick>
					<visible>Skin.HasSetting(HomeAddonsButton1)</visible>
				</control>
				
				<control type="radiobutton" id="406">
					<width>880</width>
					<height>45</height>
					<font>font12</font>
					<label>$LOCALIZE[31152] - [B]2[/B]</label>
					<textcolor>white</textcolor>
					<focusedcolor>black</focusedcolor>
					<texturefocus border="5">ThumbFO.png</texturefocus>
					<texturenofocus border="5">ListNF.png</texturenofocus>
					<onclick>Skin.ToggleSetting(HomeAddonsButton2)</onclick>
					<selected>Skin.HasSetting(HomeAddonsButton2)</selected>
				</control>
				<control type="button" id="457">
					<width>880</width>
					<height>45</height>
					<font>font12</font>
					<label> - $LOCALIZE[31150]</label>
					<label2>[COLOR=blue]$INFO[Skin.String(HomeAddonsButton2_label)][/COLOR]</label2>
					<textcolor>white</textcolor>
					<focusedcolor>black</focusedcolor>
					<texturefocus border="5">ThumbFO.png</texturefocus>
					<texturenofocus border="5">ListNF.png</texturenofocus>
					<onclick>Skin.SetString(HomeAddonsButton2_label)</onclick>
					<visible>Skin.HasSetting(HomeAddonsButton2)</visible>
				</control>
				<control type="button" id="408">
					<width>880</width>
					<height>45</height>
					<font>font11</font>
					<label> - $LOCALIZE[31151]</label>
					<label2>[COLOR=blue]$INFO[Skin.String(HomeScriptButton2_Path)][/COLOR]</label2>
					<textcolor>white</textcolor>
					<focusedcolor>black</focusedcolor>
					<texturefocus border="5">ThumbFO.png</texturefocus>
					<texturenofocus border="5">ListNF.png</texturenofocus>
					<onclick>Skin.SetFile(HomeScriptButton2_Path,.py)</onclick>
					<onclick>Skin.Reset(HomePluginButton2_Folder)</onclick>
					<onclick>Skin.Reset(HomePluginButton2_Window)</onclick>
					<visible>Skin.HasSetting(HomeAddonsButton2)</visible>
				</control>
				<control type="button" id="459">
					<width>880</width>
					<height>45</height>
					<font>font11</font>
					<label> - $LOCALIZE[31153]</label>
					<label2>[COLOR=blue]$INFO[Skin.String(HomePluginButton2_Folder)][/COLOR]</label2>
					<textcolor>white</textcolor>
					<focusedcolor>black</focusedcolor>
					<texturefocus border="5">ThumbFO.png</texturefocus>
					<texturenofocus border="5">ListNF.png</texturenofocus>
					<onclick>Skin.SetString(HomePluginButton2_Folder)</onclick>
					<onclick>Skin.Reset(HomeScriptButton2_Path)</onclick>
					<visible>Skin.HasSetting(HomeAddonsButton2)</visible>
				</control>
				<control type="button" id="410">
					<width>880</width>
					<height>45</height>
					<font>font11</font>
					<label> - $LOCALIZE[31154]</label> 
					<label2>[COLOR=blue]$INFO[Skin.String(HomePluginButton2_Window)][/COLOR]</label2>
					<textcolor>white</textcolor>
					<focusedcolor>black</focusedcolor>
					<texturefocus border="5">ThumbFO.png</texturefocus>
					<texturenofocus border="5">ListNF.png</texturenofocus>
					<onclick>Skin.SetString(HomePluginButton2_Window)</onclick>
					<onclick>Skin.Reset(HomeScriptButton2_Path)</onclick>
					<visible>Skin.HasSetting(HomeAddonsButton2)</visible>
				</control>
				
				<control type="radiobutton" id="411">
					<width>880</width>
					<height>45</height>
					<font>font12</font>
					<label>$LOCALIZE[31152] - [B]3[/B]</label>
					<textcolor>white</textcolor>
					<focusedcolor>black</focusedcolor>
					<texturefocus border="5">ThumbFO.png</texturefocus>
					<texturenofocus border="5">ListNF.png</texturenofocus>
					<onclick>Skin.ToggleSetting(HomeAddonsButton3)</onclick>
					<selected>Skin.HasSetting(HomeAddonsButton3)</selected>
				</control>
				<control type="button" id="412">
					<width>880</width>
					<height>45</height>
					<font>font12</font>
					<label> - $LOCALIZE[31150]</label>
					<label2>[COLOR=blue]$INFO[Skin.String(HomeAddonsButton3_label)][/COLOR]</label2>
					<textcolor>white</textcolor>
					<focusedcolor>black</focusedcolor>
					<texturefocus border="5">ThumbFO.png</texturefocus>
					<texturenofocus border="5">ListNF.png</texturenofocus>
					<onclick>Skin.SetString(HomeAddonsButton3_label)</onclick>
					<visible>Skin.HasSetting(HomeAddonsButton3)</visible>
				</control>
				<control type="button" id="413">
					<width>880</width>
					<height>45</height>
					<font>font11</font>
					<label> - $LOCALIZE[31151]</label>
					<label2>[COLOR=blue]$INFO[Skin.String(HomeScriptButton3_Path)][/COLOR]</label2>
					<textcolor>white</textcolor>
					<focusedcolor>black</focusedcolor>
					<texturefocus border="5">ThumbFO.png</texturefocus>
					<texturenofocus border="5">ListNF.png</texturenofocus>
					<onclick>Skin.SetFile(HomeScriptButton3_Path,.py)</onclick>
					<onclick>Skin.Reset(HomePluginButton3_Folder)</onclick>
					<onclick>Skin.Reset(HomePluginButton3_Window)</onclick>
					<visible>Skin.HasSetting(HomeAddonsButton3)</visible>
				</control>
				<control type="button" id="414">
					<width>880</width>
					<height>45</height>
					<font>font11</font>
					<label> - $LOCALIZE[31153]</label>
					<label2>[COLOR=blue]$INFO[Skin.String(HomePluginButton3_Folder)][/COLOR]</label2>
					<textcolor>white</textcolor>
					<focusedcolor>black</focusedcolor>
					<texturefocus border="5">ThumbFO.png</texturefocus>
					<texturenofocus border="5">ListNF.png</texturenofocus>
					<onclick>Skin.SetString(HomePluginButton3_Folder)</onclick>
					<onclick>Skin.Reset(HomeScriptButton3_Path)</onclick>
					<visible>Skin.HasSetting(HomeAddonsButton3)</visible>
				</control>
				<control type="button" id="415">
					<width>880</width>
					<height>45</height>
					<font>font11</font>
					<label> - $LOCALIZE[31154]</label> 
					<label2>[COLOR=blue]$INFO[Skin.String(HomePluginButton3_Window)][/COLOR]</label2>
					<textcolor>white</textcolor>
					<focusedcolor>black</focusedcolor>
					<texturefocus border="5">ThumbFO.png</texturefocus>
					<texturenofocus border="5">ListNF.png</texturenofocus>
					<onclick>Skin.SetString(HomePluginButton3_Window)</onclick>
					<onclick>Skin.Reset(HomeScriptButton3_Path)</onclick>
					<visible>Skin.HasSetting(HomeAddonsButton3)</visible>
				</control>
				
				<control type="radiobutton" id="416">
					<width>880</width>
					<height>45</height>
					<font>font12</font>
					<label>$LOCALIZE[31152] - [B]4[/B]</label>
					<textcolor>white</textcolor>
					<focusedcolor>black</focusedcolor>
					<texturefocus border="5">ThumbFO.png</texturefocus>
					<texturenofocus border="5">ListNF.png</texturenofocus>
					<onclick>Skin.ToggleSetting(HomeAddonsButton4)</onclick>
					<selected>Skin.HasSetting(HomeAddonsButton4)</selected>
				</control>
				<control type="button" id="417">
					<width>880</width>
					<height>45</height>
					<font>font12</font>
					<label> - $LOCALIZE[31150]</label>
					<label2>[COLOR=blue]$INFO[Skin.String(HomeAddonsButton4_label)][/COLOR]</label2>
					<textcolor>white</textcolor>
					<focusedcolor>black</focusedcolor>
					<texturefocus border="5">ThumbFO.png</texturefocus>
					<texturenofocus border="5">ListNF.png</texturenofocus>
					<onclick>Skin.SetString(HomeAddonsButton4_label)</onclick>
					<visible>Skin.HasSetting(HomeAddonsButton4)</visible>
				</control>
				<control type="button" id="418">
					<width>880</width>
					<height>40</height>
					<font>font11</font>
					<label> - $LOCALIZE[31151]</label>
					<label2>[COLOR=blue]$INFO[Skin.String(HomeScriptButton4_Path)][/COLOR]</label2>
					<textcolor>white</textcolor>
					<focusedcolor>black</focusedcolor>
					<texturefocus border="5">ThumbFO.png</texturefocus>
					<texturenofocus border="5">ListNF.png</texturenofocus>
					<onclick>Skin.SetFile(HomeScriptButton4_Path,.py)</onclick>
					<onclick>Skin.Reset(HomePluginButton4_Folder)</onclick>
					<onclick>Skin.Reset(HomePluginButton4_Window)</onclick>
					<visible>Skin.HasSetting(HomeAddonsButton4)</visible>
				</control>
				<control type="button" id="419">
					<width>880</width>
					<height>45</height>
					<font>font11</font>
					<label> - $LOCALIZE[31153]</label>
					<label2>[COLOR=blue]$INFO[Skin.String(HomePluginButton4_Folder)][/COLOR]</label2>
					<textcolor>white</textcolor>
					<focusedcolor>black</focusedcolor>
					<texturefocus border="5">ThumbFO.png</texturefocus>
					<texturenofocus border="5">ListNF.png</texturenofocus>
					<onclick>Skin.SetString(HomePluginButton4_Folder)</onclick>
					<onclick>Skin.Reset(HomeScriptButton4_Path)</onclick>
					<visible>Skin.HasSetting(HomeAddonsButton4)</visible>
				</control>
				<control type="button" id="420">
					<width>880</width>
					<height>45</height>
					<font>font11</font>
					<label> - $LOCALIZE[31154]</label> 
					<label2>[COLOR=blue]$INFO[Skin.String(HomePluginButton4_Window)][/COLOR]</label2>
					<textcolor>white</textcolor>
					<focusedcolor>black</focusedcolor>
					<texturefocus border="5">ThumbFO.png</texturefocus>
					<texturenofocus border="5">ListNF.png</texturenofocus>
					<onclick>Skin.SetString(HomePluginButton4_Window)</onclick>
					<onclick>Skin.Reset(HomeScriptButton4_Path)</onclick>
					<visible>Skin.HasSetting(HomeAddonsButton4)</visible>
				</control>
				
				<control type="radiobutton" id="421">
					<width>880</width>
					<height>45</height>
					<font>font12</font>
					<label>$LOCALIZE[31152] - [B]5[/B]</label>
					<textcolor>white</textcolor>
					<focusedcolor>black</focusedcolor>
					<texturefocus border="5">ThumbFO.png</texturefocus>
					<texturenofocus border="5">ListNF.png</texturenofocus>
					<onclick>Skin.ToggleSetting(HomeAddonsButton5)</onclick>
					<selected>Skin.HasSetting(HomeAddonsButton5)</selected>
				</control>
				<control type="button" id="422">
					<width>880</width>
					<height>45</height>
					<font>font12</font>
					<label> - $LOCALIZE[31150]</label>
					<label2>[COLOR=blue]$INFO[Skin.String(HomeAddonsButton5_label)][/COLOR]</label2>
					<textcolor>white</textcolor>
					<focusedcolor>black</focusedcolor>
					<texturefocus border="5">ThumbFO.png</texturefocus>
					<texturenofocus border="5">ListNF.png</texturenofocus>
					<onclick>Skin.SetString(HomeAddonsButton5_label)</onclick>
					<visible>Skin.HasSetting(HomeAddonsButton5)</visible>
				</control>
				<control type="button" id="423">
					<width>880</width>
					<height>45</height>
					<font>font11</font>
					<label> - $LOCALIZE[31151]</label>
					<label2>[COLOR=blue]$INFO[Skin.String(HomeScriptButton5_Path)][/COLOR]</label2>
					<textcolor>white</textcolor>
					<focusedcolor>black</focusedcolor>
					<texturefocus border="5">ThumbFO.png</texturefocus>
					<texturenofocus border="5">ListNF.png</texturenofocus>
					<onclick>Skin.SetFile(HomeScriptButton5_Path,.py)</onclick>
					<onclick>Skin.Reset(HomePluginButton5_Folder)</onclick>
					<onclick>Skin.Reset(HomePluginButton5_Window)</onclick>
					<visible>Skin.HasSetting(HomeAddonsButton5)</visible>
				</control>
				<control type="button" id="424">
					<width>880</width>
					<height>45</height>
					<font>font11</font>
					<label> - $LOCALIZE[31153]</label>
					<label2>[COLOR=blue]$INFO[Skin.String(HomePluginButton5_Folder)][/COLOR]</label2>
					<textcolor>white</textcolor>
					<focusedcolor>black</focusedcolor>
					<texturefocus border="5">ThumbFO.png</texturefocus>
					<texturenofocus border="5">ListNF.png</texturenofocus>
					<onclick>Skin.SetString(HomePluginButton5_Folder)</onclick>
					<onclick>Skin.Reset(HomeScriptButton5_Path)</onclick>
					<visible>Skin.HasSetting(HomeAddonsButton5)</visible>
				</control>
				<control type="button" id="425">
					<width>880</width>
					<height>45</height>
					<font>font11</font>
					<label> - $LOCALIZE[31154]</label> 
					<label2>[COLOR=blue]$INFO[Skin.String(HomePluginButton5_Window)][/COLOR]</label2>
					<textcolor>white</textcolor>
					<focusedcolor>black</focusedcolor>
					<texturefocus border="5">ThumbFO.png</texturefocus>
					<texturenofocus border="5">ListNF.png</texturenofocus>
					<onclick>Skin.SetString(HomePluginButton5_Window)</onclick>
					<onclick>Skin.Reset(HomeScriptButton5_Path)</onclick>
					<visible>Skin.HasSetting(HomeAddonsButton5)</visible>
				</control>
				
				<control type="radiobutton" id="426">
					<width>880</width>
					<height>45</height>
					<font>font12</font>
					<label>$LOCALIZE[31152] - [B]6[/B]</label>
					<textcolor>white</textcolor>
					<focusedcolor>black</focusedcolor>
					<texturefocus border="5">ThumbFO.png</texturefocus>
					<texturenofocus border="5">ListNF.png</texturenofocus>
					<onclick>Skin.ToggleSetting(HomeAddonsButton6)</onclick>
					<selected>Skin.HasSetting(HomeAddonsButton6)</selected>
				</control>
				<control type="button" id="427">
					<width>880</width>
					<height>45</height>
					<font>font12</font>
					<label> - $LOCALIZE[31150]</label>
					<label2>[COLOR=blue]$INFO[Skin.String(HomeAddonsButton6_label)][/COLOR]</label2>
					<textcolor>white</textcolor>
					<focusedcolor>black</focusedcolor>
					<texturefocus border="5">ThumbFO.png</texturefocus>
					<texturenofocus border="5">ListNF.png</texturenofocus>
					<onclick>Skin.SetString(HomeAddonsButton6_label)</onclick>
					<visible>Skin.HasSetting(HomeAddonsButton6)</visible>
				</control>
				<control type="button" id="428">
					<width>880</width>
					<height>45</height>
					<font>font11</font>
					<label> - $LOCALIZE[31151]</label>
					<label2>[COLOR=blue]$INFO[Skin.String(HomeScriptButton6_Path)][/COLOR]</label2>
					<textcolor>white</textcolor>
					<focusedcolor>black</focusedcolor>
					<texturefocus border="5">ThumbFO.png</texturefocus>
					<texturenofocus border="5">ListNF.png</texturenofocus>
					<onclick>Skin.SetFile(HomeScriptButton6_Path,.py)</onclick>
					<onclick>Skin.Reset(HomePluginButton6_Folder)</onclick>
					<onclick>Skin.Reset(HomePluginButton6_Window)</onclick>
					<visible>Skin.HasSetting(HomeAddonsButton6)</visible>
				</control>
				<control type="button" id="429">
					<width>880</width>
					<height>45</height>
					<font>font11</font>
					<label> - $LOCALIZE[31153]</label> 
					<label2>[COLOR=blue]$INFO[Skin.String(HomePluginButton6_Folder)][/COLOR]</label2>
					<textcolor>white</textcolor>
					<focusedcolor>black</focusedcolor>
					<texturefocus border="5">ThumbFO.png</texturefocus>
					<texturenofocus border="5">ListNF.png</texturenofocus>
					<onclick>Skin.SetString(HomePluginButton6_Folder)</onclick>
					<onclick>Skin.Reset(HomeScriptButton6_Path)</onclick>
					<visible>Skin.HasSetting(HomeAddonsButton6)</visible>
				</control>
				<control type="button" id="430">
					<width>880</width>
					<height>45</height>
					<font>font11</font>
					<label> - $LOCALIZE[31154]</label> 
					<label2>[COLOR=blue]$INFO[Skin.String(HomePluginButton6_Window)][/COLOR]</label2>
					<textcolor>white</textcolor>
					<focusedcolor>black</focusedcolor>
					<texturefocus border="5">ThumbFO.png</texturefocus>
					<texturenofocus border="5">ListNF.png</texturenofocus>
					<onclick>Skin.SetString(HomePluginButton6_Window)</onclick>
					<onclick>Skin.Reset(HomeScriptButton6_Path)</onclick>
					<visible>Skin.HasSetting(HomeAddonsButton6)</visible>
				</control>
				
				<control type="radiobutton" id="431">
					<width>880</width>
					<height>45</height>
					<font>font12</font>
					<label>$LOCALIZE[31152] - [B]7[/B]</label>
					<textcolor>white</textcolor>
					<focusedcolor>black</focusedcolor>
					<texturefocus border="5">ThumbFO.png</texturefocus>
					<texturenofocus border="5">ListNF.png</texturenofocus>
					<onclick>Skin.ToggleSetting(HomeAddonsButton7)</onclick>
					<selected>Skin.HasSetting(HomeAddonsButton7)</selected>
				</control>
				<control type="button" id="432">
					<width>880</width>
					<height>45</height>
					<font>font12</font>
					<label> - $LOCALIZE[31150]</label>
					<label2>[COLOR=blue]$INFO[Skin.String(HomeAddonsButton7_label)][/COLOR]</label2>
					<textcolor>white</textcolor>
					<focusedcolor>black</focusedcolor>
					<texturefocus border="5">ThumbFO.png</texturefocus>
					<texturenofocus border="5">ListNF.png</texturenofocus>
					<onclick>Skin.SetString(HomeAddonsButton7_label)</onclick>
					<visible>Skin.HasSetting(HomeAddonsButton7)</visible>
				</control>
				<control type="button" id="433">
					<width>880</width>
					<height>45</height>
					<font>font11</font>
					<label> - $LOCALIZE[31151]</label>
					<label2>[COLOR=blue]$INFO[Skin.String(HomeScriptButton7_Path)][/COLOR]</label2>
					<textcolor>white</textcolor>
					<focusedcolor>black</focusedcolor>
					<texturefocus border="5">ThumbFO.png</texturefocus>
					<texturenofocus border="5">ListNF.png</texturenofocus>
					<onclick>Skin.SetFile(HomeScriptButton7_Path,.py)</onclick>
					<onclick>Skin.Reset(HomePluginButton7_Folder)</onclick>
					<onclick>Skin.Reset(HomePluginButton7_Window)</onclick>
					<visible>Skin.HasSetting(HomeAddonsButton7)</visible>
				</control>
				<control type="button" id="434">
					<width>880</width>
					<height>45</height>
					<font>font11</font>
					<label> - $LOCALIZE[31153]</label> 
					<label2>[COLOR=blue]$INFO[Skin.String(HomePluginButton7_Folder)][/COLOR]</label2>
					<textcolor>white</textcolor>
					<focusedcolor>black</focusedcolor>
					<texturefocus border="5">ThumbFO.png</texturefocus>
					<texturenofocus border="5">ListNF.png</texturenofocus>
					<onclick>Skin.SetString(HomePluginButton7_Folder)</onclick>
					<onclick>Skin.Reset(HomeScriptButton7_Path)</onclick>
					<visible>Skin.HasSetting(HomeAddonsButton7)</visible>
				</control>
				
				<control type="radiobutton" id="435">
					<width>880</width>
					<height>45</height>
					<font>font12</font>
					<label>$LOCALIZE[31152] - [B]8[/B]</label>
					<textcolor>white</textcolor>
					<focusedcolor>black</focusedcolor>
					<texturefocus border="5">ThumbFO.png</texturefocus>
					<texturenofocus border="5">ListNF.png</texturenofocus>
					<onclick>Skin.ToggleSetting(HomeAddonsButton8)</onclick>
					<selected>Skin.HasSetting(HomeAddonsButton8)</selected>
				</control>
				<control type="button" id="436">
					<width>880</width>
					<height>45</height>
					<font>font12</font>
					<label> - $LOCALIZE[31150]</label>
					<label2>[COLOR=blue]$INFO[Skin.String(HomeAddonsButton8_label)][/COLOR]</label2>
					<textcolor>white</textcolor>
					<focusedcolor>black</focusedcolor>
					<texturefocus border="5">ThumbFO.png</texturefocus>
					<texturenofocus border="5">ListNF.png</texturenofocus>
					<onclick>Skin.SetString(HomeAddonsButton8_label)</onclick>
					<visible>Skin.HasSetting(HomeAddonsButton8)</visible>
				</control>
				<control type="button" id="437">
					<width>880</width>
					<height>45</height>
					<font>font11</font>
					<label> - $LOCALIZE[31151]</label>
					<label2>[COLOR=blue]$INFO[Skin.String(HomeScriptButton8_Path)][/COLOR]</label2>
					<textcolor>white</textcolor>
					<focusedcolor>black</focusedcolor>
					<texturefocus border="5">ThumbFO.png</texturefocus>
					<texturenofocus border="5">ListNF.png</texturenofocus>
					<onclick>Skin.SetFile(HomeScriptButton8_Path,.py)</onclick>
					<onclick>Skin.Reset(HomePluginButton8_Folder)</onclick>
					<onclick>Skin.Reset(HomePluginButton8_Window)</onclick>
					<visible>Skin.HasSetting(HomeAddonsButton8)</visible>
				</control>
				<control type="button" id="438">
					<width>880</width>
					<height>45</height>
					<font>font11</font>
					<label> - $LOCALIZE[31153]</label> 
					<label2>[COLOR=blue]$INFO[Skin.String(HomePluginButton8_Folder)][/COLOR]</label2>
					<textcolor>white</textcolor>
					<focusedcolor>black</focusedcolor>
					<texturefocus border="5">ThumbFO.png</texturefocus>
					<texturenofocus border="5">ListNF.png</texturenofocus>
					<onclick>Skin.SetString(HomePluginButton8_Folder)</onclick>
					<onclick>Skin.Reset(HomeScriptButton8_Path)</onclick>
					<visible>Skin.HasSetting(HomeAddonsButton8)</visible>
				</control>
				<control type="button" id="439">
					<width>880</width>
					<height>45</height>
					<font>font11</font>
					<label> - $LOCALIZE[31154]</label> 
					<label2>[COLOR=blue]$INFO[Skin.String(HomePluginButton8_Window)][/COLOR]</label2>
					<textcolor>white</textcolor>
					<focusedcolor>black</focusedcolor>
					<texturefocus border="5">ThumbFO.png</texturefocus>
					<texturenofocus border="5">ListNF.png</texturenofocus>
					<onclick>Skin.SetString(HomePluginButton8_Window)</onclick>
					<onclick>Skin.Reset(HomeScriptButton8_Path)</onclick>
					<visible>Skin.HasSetting(HomeAddonsButton8)</visible>
				</control>
			</control>
			<control type="scrollbar" id="9072">
				<posx>1225</posx>
				<posy>70</posy>
				<width>17</width>
				<height>570</height>
				<texturesliderbackground border="2,2,2,2">scrollbar_bar_back.png</texturesliderbackground>
				<texturesliderbar border="2,16,2,16">scrollbar_bar.png</texturesliderbar>
				<texturesliderbarfocus border="2,16,2,16">scrollbar_bar_focus.png</texturesliderbarfocus>
				<textureslidernib>scrollbar_nib.png</textureslidernib>
				<textureslidernibfocus>scrollbar_nib.png</textureslidernibfocus>
				<onleft>9003</onleft>
				<onright>9000</onright>
				<showonepage>false</showonepage>
				<orientation>vertical</orientation>
				<visible>Control.IsVisible(9003)</visible>
			</control>
			<!-- End Addons (scripts & plugins) Skin Settings -->
			
			<!-- Start Home Main Menu Settings -->
			<control type="grouplist" id="9004">
				<visible>Skin.String(SkinSettings,4)</visible>
				<posx>340</posx>
				<posy>70</posy>
				<width>880</width>
				<height>570</height>
				<itemgap>0</itemgap>
				<pagecontrol>9092</pagecontrol>
				<onleft>9000</onleft>
				<onright>9092</onright>
				<onup>9004</onup>
				<ondown>9004</ondown>
				<control type="button" id="500">
					<width>880</width>
					<height>35</height>
					<font>font11</font>
					<label>[B]$LOCALIZE[31112][/B]</label>
					<align>center</align>
					<disabledcolor>blue</disabledcolor>
					<texturefocus border="5">List_Seperator.png</texturefocus>
					<texturenofocus border="5">List_Seperator.png</texturenofocus>
					<onclick>-</onclick>
					<enable>false</enable>
				</control>
				<control type="radiobutton" id="501">
					<description>use alternative main menu button</description>
					<width>880</width>
					<height>45</height>
					<font>font12</font>
					<label>31140</label>
					<onclick>Skin.ToggleSetting(UseAlternativeHome)</onclick>
					<selected>Skin.HasSetting(UseAlternativeHome)</selected>
					<textcolor>white</textcolor>
					<focusedcolor>black</focusedcolor>
					<texturefocus border="5">ThumbFO.png</texturefocus>
					<texturenofocus border="5">ListNF.png</texturenofocus>
				</control>
				<control type="image" id="502">
					<width>880</width>
					<height>4</height>
					<texture>-</texture>
				</control>
				<control type="button" id="503">
					<width>880</width>
					<height>35</height>
					<font>font11</font>
					<label>[B]$LOCALIZE[31113][/B]</label>
					<align>center</align>
					<disabledcolor>blue</disabledcolor>
					<texturefocus border="5">List_Seperator.png</texturefocus>
					<texturenofocus border="5">List_Seperator.png</texturenofocus>
					<onclick>-</onclick>
					<enable>false</enable>
				</control>
				<control type="radiobutton" id="515">
					<description>Hide Submenus (when unfocused)</description>
					<width>880</width>
					<height>45</height>
					<font>font12</font>
					<label>31143</label>
					<onclick>Skin.ToggleSetting(HomeMenuHideSubmenus)</onclick>
					<selected>Skin.HasSetting(HomeMenuHideSubmenus)</selected>
					<textcolor>white</textcolor>
					<focusedcolor>black</focusedcolor>
					<texturefocus border="5">ThumbFO.png</texturefocus>
					<texturenofocus border="5">ListNF.png</texturenofocus>
				</control>
				<control type="image" id="516">
					<width>880</width>
					<height>4</height>
					<texture>-</texture>
				</control>
				<control type="radiobutton" id="504">
					<description>Hide Programs Button</description>
					<width>880</width>
					<height>45</height>
					<font>font12</font>
					<label>31380</label>
					<onclick>Skin.ToggleSetting(HomeMenuNoProgramsButton)</onclick>
					<selected>Skin.HasSetting(HomeMenuNoProgramsButton)</selected>
					<textcolor>white</textcolor>
					<focusedcolor>black</focusedcolor>
					<texturefocus border="5">ThumbFO.png</texturefocus>
					<texturenofocus border="5">ListNF.png</texturenofocus>
				</control>
				<control type="radiobutton" id="505">
					<description>Hide Videos button</description>
					<width>880</width>
					<height>45</height>
					<font>font12</font>
					<label>31381</label>
					<onclick>Skin.ToggleSetting(HomeMenuNoVideosButton)</onclick>
					<selected>Skin.HasSetting(HomeMenuNoVideosButton)</selected>
					<textcolor>white</textcolor>
					<focusedcolor>black</focusedcolor>
					<texturefocus border="5">ThumbFO.png</texturefocus>
					<texturenofocus border="5">ListNF.png</texturenofocus>
				</control>
				<control type="radiobutton" id="506">
					<description>Movies Root button</description>
					<width>880</width>
					<height>45</height>
					<font>font11</font>
					<label>- $LOCALIZE[31201]</label>
					<onclick>Skin.ToggleSetting(MoviesRootButton)</onclick>
					<selected>Skin.HasSetting(MoviesRootButton)</selected>
					<textcolor>white</textcolor>
					<focusedcolor>black</focusedcolor>
					<texturefocus border="5">ThumbFO.png</texturefocus>
					<texturenofocus border="5">ListNF.png</texturenofocus>
					<enable>!Skin.HasSetting(HomeMenuNoVideosButton)</enable>
				</control>
				<control type="radiobutton" id="507">
					<description>TV Shows Root button</description>
					<width>880</width>
					<height>45</height>
					<font>font11</font>
					<label>- $LOCALIZE[31202]</label>
					<onclick>Skin.ToggleSetting(TVShowsRootButton)</onclick>
					<selected>Skin.HasSetting(TVShowsRootButton)</selected>
					<textcolor>white</textcolor>
					<focusedcolor>black</focusedcolor>
					<texturefocus border="5">ThumbFO.png</texturefocus>
					<texturenofocus border="5">ListNF.png</texturenofocus>
					<enable>!Skin.HasSetting(HomeMenuNoVideosButton)</enable>
				</control>
				<control type="radiobutton" id="508">
					<description>Hide Music button</description>
					<width>880</width>
					<height>45</height>
					<font>font12</font>
					<label>31382</label>
					<onclick>Skin.ToggleSetting(HomeMenuNoMusicButton)</onclick>
					<selected>Skin.HasSetting(HomeMenuNoMusicButton)</selected>
					<textcolor>white</textcolor>
					<focusedcolor>black</focusedcolor>
					<texturefocus border="5">ThumbFO.png</texturefocus>
					<texturenofocus border="5">ListNF.png</texturenofocus>
				</control>
				<control type="radiobutton" id="509">
					<description>Hide Pictures button</description>
					<width>880</width>
					<height>45</height>
					<font>font12</font>
					<label>31383</label>
					<onclick>Skin.ToggleSetting(HomeMenuNoPicturesButton)</onclick>
					<selected>Skin.HasSetting(HomeMenuNoPicturesButton)</selected>
					<textcolor>white</textcolor>
					<focusedcolor>black</focusedcolor>
					<texturefocus border="5">ThumbFO.png</texturefocus>
					<texturenofocus border="5">ListNF.png</texturenofocus>
				</control>
				<control type="radiobutton" id="510">
					<description>Hide Weather button</description>
					<width>880</width>
					<height>45</height>
					<font>font12</font>
					<label>31384</label>
					<onclick>Skin.ToggleSetting(HomeMenuNoWeatherButton)</onclick>
					<selected>Skin.HasSetting(HomeMenuNoWeatherButton)</selected>
					<textcolor>white</textcolor>
					<focusedcolor>black</focusedcolor>
					<texturefocus border="5">ThumbFO.png</texturefocus>
					<texturenofocus border="5">ListNF.png</texturenofocus>
				</control>
				<control type="radiobutton" id="511">
					<description>Hide Shutdown button</description>
					<width>880</width>
					<height>45</height>
					<font>font12</font>
					<label>31385</label>
					<onclick>Skin.ToggleSetting(HomeMenuNoSettingsButton)</onclick>
					<selected>Skin.HasSetting(HomeMenuNoSettingsButton)</selected>
					<textcolor>white</textcolor>
					<focusedcolor>black</focusedcolor>
					<texturefocus border="5">ThumbFO.png</texturefocus>
					<texturenofocus border="5">ListNF.png</texturenofocus>
				</control>
				<control type="radiobutton" id="512">
					<description>Hide Shutdown button</description>
					<width>880</width>
					<height>45</height>
					<font>font12</font>
					<label>31386</label>
					<onclick>Skin.ToggleSetting(HomeMenuNoPowerButton)</onclick>
					<selected>Skin.HasSetting(HomeMenuNoPowerButton)</selected>
					<textcolor>white</textcolor>
					<focusedcolor>black</focusedcolor>
					<texturefocus border="5">ThumbFO.png</texturefocus>
					<texturenofocus border="5">ListNF.png</texturenofocus>
				</control>
				<control type="radiobutton" id="513">
					<description>Hide Favourites button</description>
					<width>880</width>
					<height>45</height>
					<font>font12</font>
					<label>31387</label>
					<onclick>Skin.ToggleSetting(HomeMenuNoFavouritesButton)</onclick>
					<selected>!Skin.HasSetting(HomeMenuNoFavouritesButton)</selected>
					<textcolor>white</textcolor>
					<focusedcolor>black</focusedcolor>
					<texturefocus border="5">ThumbFO.png</texturefocus>
					<texturenofocus border="5">ListNF.png</texturenofocus>
				</control>
				<control type="radiobutton" id="514">
					<description>Hide Addons button</description>
					<width>880</width>
					<height>45</height>
					<font>font12</font>
					<label>31388</label>
					<onclick>Skin.ToggleSetting(HomeMenuNoAddonsButton)</onclick>
					<selected>!Skin.HasSetting(HomeMenuNoAddonsButton)</selected>
					<textcolor>white</textcolor>
					<focusedcolor>black</focusedcolor>
					<texturefocus border="5">ThumbFO.png</texturefocus>
					<texturenofocus border="5">ListNF.png</texturenofocus>
				</control>
			</control>
			<control type="scrollbar" id="9092">
				<posx>1225</posx>
				<posy>70</posy>
				<width>17</width>
				<height>570</height>
				<texturesliderbackground border="2,2,2,2">scrollbar_bar_back.png</texturesliderbackground>
				<texturesliderbar border="2,16,2,16">scrollbar_bar.png</texturesliderbar>
				<texturesliderbarfocus border="2,16,2,16">scrollbar_bar_focus.png</texturesliderbarfocus>
				<textureslidernib>scrollbar_nib.png</textureslidernib>
				<textureslidernibfocus>scrollbar_nib.png</textureslidernibfocus>
				<onleft>9004</onleft>
				<onright>9000</onright>
				<showonepage>false</showonepage>
				<orientation>vertical</orientation>
				<visible>Control.IsVisible(9004)</visible>
			</control>
			<!-- End Home Main Menu Settings -->
			
			<!-- Start View Options -->
			<control type="grouplist" id="9005">
				<visible>Skin.String(SkinSettings,5)</visible>
				<posx>340</posx>
				<posy>70</posy>
				<width>880</width>
				<height>570</height>
				<itemgap>0</itemgap>
				<pagecontrol>9082</pagecontrol>
				<onleft>9000</onleft>
				<onright>9082</onright>
				<onup>9005</onup>
				<ondown>9005</ondown>
				<control type="button" id="321">
					<width>880</width>
					<height>35</height>
					<font>font11</font>
					<label>[B]$LOCALIZE[31119][/B]</label>
					<align>center</align>
					<disabledcolor>blue</disabledcolor>
					<texturefocus border="5">List_Seperator.png</texturefocus>
					<texturenofocus border="5">List_Seperator.png</texturenofocus>
					<onclick>-</onclick>
					<enable>false</enable>
				</control>
				<control type="radiobutton" id="322">
					<width>880</width>
					<height>45</height>
					<font>font12</font>
					<label>$LOCALIZE[31987] $LOCALIZE[31302]</label> <!-- view id = 51 -->
					<textcolor>white</textcolor>
					<focusedcolor>black</focusedcolor>
					<texturefocus border="5">ThumbFO.png</texturefocus>
					<texturenofocus border="5">ListNF.png</texturenofocus>
					<onclick>Skin.ToggleSetting(HideCommonRootView_Info)</onclick>
					<selected>Skin.HasSetting(HideCommonRootView_Info)</selected>
				</control>
				<control type="radiobutton" id="323">
					<width>880</width>
					<height>45</height>
					<font>font12</font>
					<label>$LOCALIZE[31987] $LOCALIZE[31305]</label> <!-- view id = 57 -->
					<textcolor>white</textcolor>
					<focusedcolor>black</focusedcolor>
					<texturefocus border="5">ThumbFO.png</texturefocus>
					<texturenofocus border="5">ListNF.png</texturenofocus>
					<onclick>Skin.ToggleSetting(HideMovieDVDView)</onclick>
					<selected>Skin.HasSetting(HideMovieDVDView)</selected>
				</control>
				<control type="radiobutton" id="324">
					<width>880</width>
					<height>45</height>
					<font>font12</font>
					<label>$LOCALIZE[31987] $LOCALIZE[31309]</label> <!-- view id = 520 -->
					<textcolor>white</textcolor>
					<focusedcolor>black</focusedcolor>
					<texturefocus border="5">ThumbFO.png</texturefocus>
					<texturenofocus border="5">ListNF.png</texturenofocus>
					<onclick>Skin.ToggleSetting(HideMovieDVD2View)</onclick>
					<selected>Skin.HasSetting(HideMovieDVD2View)</selected>
				</control>
				<control type="radiobutton" id="325">
					<width>880</width>
					<height>45</height>
					<font>font12</font>
					<label>$LOCALIZE[31987] $LOCALIZE[20445]</label> <!-- view id = 58 -->
					<textcolor>white</textcolor>
					<focusedcolor>black</focusedcolor>
					<texturefocus border="5">ThumbFO.png</texturefocus>
					<texturenofocus border="5">ListNF.png</texturenofocus>
					<onclick>Skin.ToggleSetting(HideFanartView)</onclick>
					<selected>Skin.HasSetting(HideFanartView)</selected>
				</control>
				<control type="radiobutton" id="326">
					<width>880</width>
					<height>45</height>
					<font>font12</font>
					<label>$LOCALIZE[31987] $LOCALIZE[31306]</label> <!-- view id = 59 -->
					<textcolor>white</textcolor>
					<focusedcolor>black</focusedcolor>
					<texturefocus border="5">ThumbFO.png</texturefocus>
					<texturenofocus border="5">ListNF.png</texturenofocus>
					<onclick>Skin.ToggleSetting(HideMediaListView)</onclick>
					<selected>Skin.HasSetting(HideMediaListView)</selected>
				</control>
				<control type="radiobutton" id="327">
					<width>880</width>
					<height>45</height>
					<font>font12</font>
					<label>$LOCALIZE[31987] $LOCALIZE[31308]</label> <!-- view id = 521 -->
					<textcolor>white</textcolor>
					<focusedcolor>black</focusedcolor>
					<texturefocus border="5">ThumbFO.png</texturefocus>
					<texturenofocus border="5">ListNF.png</texturenofocus>
					<onclick>Skin.ToggleSetting(HideLowMediaListView)</onclick>
					<selected>Skin.HasSetting(HideLowMediaListView)</selected>
				</control>
				<control type="radiobutton" id="328">
					<width>880</width>
					<height>45</height>
					<font>font12</font>
					<label>$LOCALIZE[31987] $LOCALIZE[21371]</label> <!-- view id = 53 -->
					<textcolor>white</textcolor>
					<focusedcolor>black</focusedcolor>
					<texturefocus border="5">ThumbFO.png</texturefocus>
					<texturenofocus border="5">ListNF.png</texturenofocus>
					<onclick>Skin.ToggleSetting(HideThumbnailView)</onclick>
					<selected>Skin.HasSetting(HideThumbnailView)</selected>
				</control>
				<control type="radiobutton" id="329">
					<width>880</width>
					<height>45</height>
					<font>font12</font>
					<label>$LOCALIZE[31987] $LOCALIZE[31301]</label> <!-- view id = 54 -->
					<textcolor>white</textcolor>
					<focusedcolor>black</focusedcolor>
					<texturefocus border="5">ThumbFO.png</texturefocus>
					<texturenofocus border="5">ListNF.png</texturenofocus>
					<onclick>Skin.ToggleSetting(HideThumbnailView_Info)</onclick>
					<selected>Skin.HasSetting(HideThumbnailView_Info)</selected>
				</control>
				<control type="radiobutton" id="330">
					<width>880</width>
					<height>45</height>
					<font>font12</font>
					<label>$LOCALIZE[31987] $LOCALIZE[31304]</label> <!-- view id = 55 -->
					<textcolor>white</textcolor>
					<focusedcolor>black</focusedcolor>
					<texturefocus border="5">ThumbFO.png</texturefocus>
					<texturenofocus border="5">ListNF.png</texturenofocus>
					<onclick>Skin.ToggleSetting(HideWideIconView)</onclick>
					<selected>Skin.HasSetting(HideWideIconView)</selected>
				</control>
				<control type="radiobutton" id="331">
					<width>880</width>
					<height>45</height>
					<font>font12</font>
					<label>$LOCALIZE[31987] $LOCALIZE[31303]</label> <!-- view id = 56 -->
					<textcolor>white</textcolor>
					<focusedcolor>black</focusedcolor>
					<texturefocus border="5">ThumbFO.png</texturefocus>
					<texturenofocus border="5">ListNF.png</texturenofocus>
					<onclick>Skin.ToggleSetting(HideWideIconView_Info)</onclick>
					<selected>Skin.HasSetting(HideWideIconView_Info)</selected>
				</control>
				<control type="radiobutton" id="345">
					<width>880</width>
					<height>45</height>
					<font>font12</font>
					<label>$LOCALIZE[31987] $LOCALIZE[31307]</label> <!-- view id = 552 -->
					<textcolor>white</textcolor>
					<focusedcolor>black</focusedcolor>
					<texturefocus border="5">ThumbFO.png</texturefocus>
					<texturenofocus border="5">ListNF.png</texturenofocus>
					<onclick>Skin.ToggleSetting(HideAlbumCDView)</onclick>
					<selected>Skin.HasSetting(HideAlbumCDView)</selected>
				</control>
			</control>
			<control type="scrollbar" id="9082">
				<posx>1225</posx>
				<posy>70</posy>
				<width>17</width>
				<height>570</height>
				<texturesliderbackground border="2,2,2,2">scrollbar_bar_back.png</texturesliderbackground>
				<texturesliderbar border="2,16,2,16">scrollbar_bar.png</texturesliderbar>
				<texturesliderbarfocus border="2,16,2,16">scrollbar_bar_focus.png</texturesliderbarfocus>
				<textureslidernib>scrollbar_nib.png</textureslidernib>
				<textureslidernibfocus>scrollbar_nib.png</textureslidernibfocus>
				<onleft>9005</onleft>
				<onright>9000</onright>
				<showonepage>false</showonepage>
				<orientation>vertical</orientation>
				<visible>Control.IsVisible(9005)</visible>
			</control>
			<!-- End Media Views Settings -->
		</control>
		<!-- END Home Main Menu Settings -->
		<control type="group">
			<animation type="WindowOpen" reversible="false">
				<effect type="zoom" start="80" end="100" center="640,360" easing="out" tween="back" time="300" />
				<effect type="fade" start="0" end="100" time="300" />
			</animation>
			<animation type="WindowClose" reversible="false">
				<effect type="zoom" start="100" end="80" center="640,360" easing="in" tween="back" time="300"/>
				<effect type="fade" start="100" end="0" time="300" />
			</animation>
			<posx>40</posx>
			<posy>45</posy>
			<control type="image">
				<description>Down Arrow</description>
				<posx>30</posx>
				<posy>0</posy>
				<width>40</width>
				<height>30</height>
				<texture>arrow-big-up.png</texture>
			</control>
			<control type="group" id="9000">
				<posx>0</posx>
				<posy>30</posy>
				<visible>true</visible>
				<control type="image">
					<description>shadow border</description>
					<posx>-8</posx>
					<posy>-13</posy>
					<width>306</width>
					<height>431</height>
					<texture border="10">border-shadow.png</texture>
				</control>
				<control type="image">
					<description>background image</description>
					<posx>0</posx>
					<posy>-5</posy>
					<width>290</width>
					<height>415</height>
					<texture border="8">SubBack.png</texture>
				</control>
				<control type="image">
					<description>Overlay image</description>
					<posx>0</posx>
					<posy>-5</posy>
					<width>200</width>
					<height>310</height>
					<texture>GlassOverlay.png</texture>
				</control>
				<control type="image">
					<posx>0</posx>
					<posy>-5</posy>
					<width>290</width>
					<height>40</height>
					<texture>HorizontalGlow.png</texture>
				</control>
				<control type="button" id="20">
					<description>General Options</description>
					<posx>5</posx>
					<posy>0</posy>
					<include>ButtonCommonValues</include>
					<label>128</label>
					<onfocus>Skin.SetString(SkinSettings,1)</onfocus>
					<onleft>9001</onleft>
					<onright>9001</onright>
					<onup>26</onup>
					<ondown>21</ondown>
				</control>
				<control type="button" id="21">
					<description>Home Window Options</description>
					<posx>5</posx>
					<posy>45</posy>
					<include>ButtonCommonValues</include>
					<label>513</label>
					<onfocus>Skin.SetString(SkinSettings,2)</onfocus>
					<onleft>9002</onleft>
					<onright>9002</onright>
					<onup>20</onup>
					<ondown>22</ondown>
				</control>
				<control type="button" id="22">
					<description>Home Menu Hide Options</description>
					<posx>5</posx>
					<posy>90</posy>
					<include>ButtonCommonValues</include>
					<label>31105</label>
					<onfocus>Skin.SetString(SkinSettings,4)</onfocus>
					<onleft>9004</onleft>
					<onright>9004</onright>
					<onup>21</onup>
					<ondown>23</ondown>
				</control>
				<control type="button" id="23">
					<description>Home Add-ons Custom</description>
					<posx>5</posx>
					<posy>135</posy>
					<include>ButtonCommonValues</include>
					<label>31106</label>
					<onfocus>Skin.SetString(SkinSettings,3)</onfocus>
					<onleft>9003</onleft>
					<onright>9003</onright>
					<onup>22</onup>
					<ondown>24</ondown>
				</control>
				<control type="button" id="24">
					<description>Home Add-ons Custom</description>
					<posx>5</posx>
					<posy>180</posy>
					<include>ButtonCommonValues</include>
					<label>31107</label>
					<onfocus>Skin.SetString(SkinSettings,5)</onfocus>
					<onleft>9005</onleft>
					<onright>9005</onright>
					<onup>23</onup>
					<ondown>25</ondown>
				</control>
				<control type="button" id="25">
					<description>Reset skin settings</description>
					<posx>5</posx>
					<posy>225</posy>
					<include>ButtonCommonValues</include>
					<label>31109</label>
					<onfocus>Skin.SetString(SkinSettings,6)</onfocus>
					<onclick>ActivateWindow(1112)</onclick>
					<onleft>9006</onleft>
					<onright>9006</onright>
					<onup>24</onup>
					<ondown>26</ondown>
				<!--<visible>!System.Platform.Xbox</visible>-->
				</control>
				<control type="button" id="26">
					<description>Reload skin</description>
					<posx>5</posx>
					<posy>270</posy>
					<include>ButtonCommonValues</include>
					<label>20183</label>
					<onfocus>Skin.SetString(SkinSettings,7)</onfocus>
					<onclick>XBMC.ReloadSkin()</onclick>
					<onleft>9006</onleft>
					<onright>9006</onright>
					<onup>25</onup>
					<ondown>20</ondown>
					<visible>!System.Platform.Xbox</visible>
				</control>
			</control>
		</control>
		<include>WindowHeader</include>
		<control type="image">
			<posx>20</posx>
			<posy>5</posy>
			<width>40</width>
			<height>35</height>
			<aspectratio>keep</aspectratio>
			<texture>icon_system.png</texture>
			<include>Window_OpenClose_Animation</include>
		</control>
		<control type="label">
			<description>Header label</description>
			<posx>70</posx>
			<posy>5</posy>
			<width>700</width>
			<height>35</height>
			<align>left</align>
			<aligny>center</aligny>
			<font>font12</font>
			<textcolor>white</textcolor>
			<label>$LOCALIZE[20077]</label>
			<include>Window_OpenClose_Animation</include>
		</control>
		<control type="image">
			<posx>0</posx>
			<posy>50r</posy>
			<width>1280</width>
			<height>50</height>
			<texture>Footer.png</texture>
		</control>
		<include>BehindDialogFadeOut</include>
	</controls>
</window>