<window id="1113" type="dialog">
	<defaultcontrol always="true">9009</defaultcontrol>
	<coordinates>
		<system>1</system>
		<posx>385</posx>
		<posy>255</posy>
	</coordinates>
	<include>dialogeffect</include>
	<controls>
		<control type="image">
			<description>shadow border</description>
			<posx>-8</posx>
			<posy>-8</posy>
			<width>272</width>
			<height>141</height>
			<texture border="10">border-shadow.png</texture>
		</control>
		<control type="image">
			<description>background image</description>
			<posx>0</posx>
			<posy>0</posy>
			<width>256</width>
			<height>125</height>
			<texture border="8">SubBack.png</texture>
		</control>
		<control type="image">
			<description>Overlay image</description>
			<posx>0</posx>
			<posy>0</posy>
			<width>200</width>
			<height>125</height>
			<texture>GlassOverlay.png</texture>
		</control>
		<control type="image">
			<posx>0</posx>
			<posy>0</posy>
			<width>256</width>
			<height>40</height>
			<texture>HorizontalGlow.png</texture>
		</control>
		<control type="grouplist" id="9009">
			<posx>5</posx>
			<posy>5</posy>
			<width>246</width>
			<height>125</height>
			<align>top</align>
			<onleft>9008</onleft>
			<onright>9008</onright>
			<onup>9009</onup>
			<ondown>9009</ondown>
			<itemgap>0</itemgap>
			<include>VisibleFadeEffect</include>
			<!-- Start or buttons Used for the main VIDEO button -->
			<control type="button" id="90091">
				<include>ButtonHomeSubCommonValues</include>
				<label>31988</label>
				<onclick>UpdateLibrary(Video)</onclick>
				<onclick>Dialog.Close(1113)</onclick>
				<visible>Library.HasContent(Video)</visible>
			</control>
			<control type="button" id="90092">
				<include>ButtonHomeSubCommonValues</include>
				<label>31989</label>
				<onclick>UpdateLibrary(Music)</onclick>
				<onclick>Dialog.Close(1113)</onclick>
				<visible>Library.HasContent(Music)</visible>
			</control>
			<control type="button" id="90093">
				<include>ButtonHomeSubCommonValues</include>
				<label>222</label>
				<onclick>Dialog.Close(1113)</onclick>
			</control>
		</control>
		<control type="button" id="9008">
			<description>Fake button to close dialog window</description>
			<posx>0</posx>
			<posy>0</posy>
			<width>1</width>
			<height>1</height>
			<onfocus>Dialog.Close(1113)</onfocus>
		</control>
	</controls>
</window>