<window id="139">
	<defaultcontrol>5</defaultcontrol>
	<coordinates>
		<system>1</system>
		<posx>240</posx>
		<posy>55</posy>
	</coordinates>
	<include>dialogeffect</include>
	<controls>
		<control type="image">
			<description>background image</description>
			<posx>0</posx>
			<posy>0</posy>
			<width>800</width>
			<height>610</height>
			<texture border="40">DialogBack.png</texture>
		</control>
		<control type="image">
			<description>Heading Background</description>
			<posx>30</posx>
			<posy>35</posy>
			<width>740</width>
			<height>40</height>
			<texture border="5">ThumbFO.png</texture>
		</control>
		<control type="label" id="1">
			<description>heading label</description>
			<posx>40</posx>
			<posy>35</posy>
			<width>720</width>
			<height>40</height>
			<align>center</align>
			<aligny>center</aligny>
			<font>font18</font>
			<label>$LOCALIZE[13406]</label>
			<textcolor>black</textcolor>
		</control>
		<control type="list" id="5">
			<posx>40</posx>
			<posy>85</posy>
			<width>695</width>
			<height>440</height>
			<onleft>5</onleft>
			<onright>5</onright>
			<onup>5</onup>
			<ondown>5</ondown>
			<pagecontrol>60</pagecontrol>
			<scrolltime>200</scrolltime>
			<animation effect="slide" start="0,0" end="10,0" time="0" condition="!Control.IsVisible(60)">Conditional</animation>
			<itemlayout height="40">
				<control type="image">
					<posx>0</posx>
					<posy>0</posy>
					<width>695</width>
					<height>35</height>
					<texture border="5">button-nofocus.png</texture>
				</control>
				<control type="label">
					<posx>10</posx>
					<posy>0</posy>
					<width>200</width>
					<height>35</height>
					<font>font12</font>
					<aligny>center</aligny>
					<textcolor>grey2</textcolor>
					<selectedcolor>blue</selectedcolor>
					<align>left</align>
					<info>ListItem.Label</info>
				</control>
				<control type="label">
					<posx>210</posx>
					<posy>0</posy>
					<width>475</width>
					<height>35</height>
					<font>font12</font>
					<aligny>center</aligny>
					<selectedcolor>blue</selectedcolor>
					<align>left</align>
					<info>ListItem.Label2</info>
				</control>
			</itemlayout>
			<focusedlayout height="40">
				<control type="image">
					<posx>0</posx>
					<posy>0</posy>
					<width>695</width>
					<height>35</height>
					<colordiffuse>FFFFFFFF</colordiffuse>
					<visible>!Control.HasFocus(5)</visible>
					<texture border="5">button-nofocus.png</texture>
				</control>
				<control type="image">
					<posx>0</posx>
					<posy>0</posy>
					<width>695</width>
					<height>35</height>
					<colordiffuse>FFFFFFFF</colordiffuse>
					<visible>Control.HasFocus(5)</visible>
					<texture border="5">button-focus.png</texture>
				</control>
				<control type="label">
					<posx>10</posx>
					<posy>0</posy>
					<width>250</width>
					<height>35</height>
					<font>font12</font>
					<aligny>center</aligny>
					<textcolor>grey2</textcolor>
					<selectedcolor>blue</selectedcolor>
					<align>left</align>
					<info>ListItem.Label</info>
				</control>
				<control type="label">
					<posx>210</posx>
					<posy>0</posy>
					<width>475</width>
					<height>35</height>
					<font>font12</font>
					<aligny>center</aligny>
					<selectedcolor>blue</selectedcolor>
					<align>left</align>
					<info>ListItem.Label2</info>
				</control>
			</focusedlayout>
		</control>
		<control type="scrollbar" id="60">
			<posx>740</posx>
			<posy>85</posy>
			<width>20</width>
			<height>435</height>
			<texturesliderbackground border="2,2,2,2">scrollbar_bar_back2.png</texturesliderbackground>
			<texturesliderbar border="2,16,2,16">scrollbar_bar.png</texturesliderbar>
			<texturesliderbarfocus border="2,16,2,16">scrollbar_bar_focus.png</texturesliderbarfocus>
			<textureslidernib>scrollbar_nib.png</textureslidernib>
			<textureslidernibfocus>scrollbar_nib.png</textureslidernibfocus>
			<onleft>2</onleft>
			<onright>10</onright>
			<ondown>60</ondown>
			<onup>60</onup>
			<showonepage>false</showonepage>
			<orientation>vertical</orientation>
		</control>
		<control type="label">
			<description>number of files/pages in list text label</description>
			<posx>750</posx>
			<posy>535</posy>
			<width>700</width>
			<font>font12</font>
			<align>right</align>
			<scroll>true</scroll>
			<textcolor>white</textcolor>
			<label>($INFO[Container(5).NumItems]) $LOCALIZE[31025] - $LOCALIZE[31024] ($INFO[Container(5).CurrentPage]/$INFO[Container(5).NumPages])</label>
		</control>
	</controls>
</window>