<window type="buttonMenu" id="111">
	<defaultcontrol always="true">2</defaultcontrol>
	<coordinates>
		<system>1</system>
		<posx>390</posx>
		<posy>185</posy>
	</coordinates>
	<animation type="WindowOpen" reversible="false">
		<effect type="zoom" start="80" end="100" center="640,360" easing="out" tween="back" time="300" />
		<effect type="fade" start="0" end="100" time="300" />
	</animation>
	<animation type="WindowClose" reversible="false">
		<effect type="zoom" start="100" end="80" center="640,360" easing="in" tween="back" time="300" />
		<effect type="fade" start="100" end="0" time="300" />
	</animation>
	<controls>
		<control type="image">
			<posx>0</posx>
			<posy>0</posy>
			<width>500</width>
			<height>350</height>
			<texture border="40">DialogBack.png</texture>
		</control>
		<control type="label" id="3100">
			<description>Label control</description>
			<posx>40</posx>
			<posy>270</posy>
			<width>420</width>
			<height>30</height>
			<label>-</label>
			<align>center</align>
			<aligny>center</aligny>
			<font>font12</font>
		</control>
		<control type="group">
			<posx>75</posx>
			<posy>50</posy>
			<control type="button" id="1">
				<description>Exit xbmc</description>
				<posx>0</posx>
				<posy>0</posy>
				<width>100</width>
				<height>100</height>
				<texturefocus>button-focus2.png</texturefocus>
				<texturenofocus>-</texturenofocus>
				<onclick>XBMC.Quit()</onclick>
				<pulseonselect>no</pulseonselect>
				<font>-</font>
				<label>$LOCALIZE[13012] XBMC</label>
				<onleft>3</onleft>
				<onright>2</onright>
				<onup>13</onup>
				<ondown>4</ondown>
			</control>
			<control type="image">
				<posx>20</posx>
				<posy>20</posy>
				<width>60</width>
				<height>60</height>
				<aspectratio>keep</aspectratio>
				<texture>power-exit.png</texture>
			</control>
			<control type="button" id="2">
				<description>PowerDown System</description>
				<posx>120</posx>
				<posy>0</posy>
				<width>100</width>
				<height>100</height>
				<texturefocus>button-focus2.png</texturefocus>
				<texturenofocus>-</texturenofocus>
				<onclick>XBMC.Powerdown()</onclick>
				<pulseonselect>no</pulseonselect>
				<font>-</font>
				<label>$LOCALIZE[31500]</label>
				<onleft>1</onleft>
				<onright>3</onright>
				<onup>13</onup>
				<ondown>5</ondown>
			</control>
			<control type="image">
				<posx>140</posx>
				<posy>20</posy>
				<width>60</width>
				<height>60</height>
				<aspectratio>keep</aspectratio>
				<texture>power-shutdown.png</texture>
			</control>
			<control type="button" id="3">
				<description>Reboot Sytem</description>
				<posx>240</posx>
				<posy>0</posy>
				<width>100</width>
				<height>100</height>
				<texturefocus>button-focus2.png</texturefocus>
				<texturenofocus>-</texturenofocus>
				<onclick>XBMC.Reboot()</onclick>
				<pulseonselect>no</pulseonselect>
				<font>-</font>
				<label>$LOCALIZE[13013]</label>
				<onleft>2</onleft>
				<onright>1</onright>
				<onup>13</onup>
				<ondown>6</ondown>
			</control>
			<control type="image">
				<posx>260</posx>
				<posy>20</posy>
				<width>60</width>
				<height>60</height>
				<aspectratio>keep</aspectratio>
				<texture>power-restart.png</texture>
			</control>
			<control type="button" id="4">
				<description>Log Off xbmc</description>
				<posx>0</posx>
				<posy>110</posy>
				<width>100</width>
				<height>100</height>
				<texturefocus>button-focus2.png</texturefocus>
				<texturenofocus>-</texturenofocus>
				<onclick>dialog.close(all,true)</onclick>
				<onclick>system.logoff</onclick>
				<pulseonselect>no</pulseonselect>
				<font>-</font>
				<label>$LOCALIZE[20126] $INFO[system.profilename]</label>
				<onleft>6</onleft>
				<onright>5</onright>
				<onup>1</onup>
				<ondown>1</ondown>
				<enable>[System.HasLoginScreen + System.Loggedon]</enable>
			</control>
			<control type="image">
				<posx>20</posx>
				<posy>130</posy>
				<width>60</width>
				<height>60</height>
				<aspectratio>keep</aspectratio>
				<texture>power-logoff.png</texture>
				<animation effect="fade" start="100" end="50" time="0" condition="![System.HasLoginScreen + System.Loggedon]">conditional</animation>
			</control>
			<control type="button" id="5">
				<description>Restart XBMC4XBOX</description>
				<posx>120</posx>
				<posy>110</posy>
				<width>100</width>
				<height>100</height>
				<texturefocus>button-focus2.png</texturefocus>
				<texturenofocus>-</texturenofocus>
				<onclick>XBMC.RestartApp()</onclick>
				<pulseonselect>no</pulseonselect>
				<font>-</font>
				<label>$LOCALIZE[13313] XBMC</label>
				<onleft>4</onleft>
				<onright>6</onright>
				<onup>2</onup>
				<ondown>2</ondown>
			</control>
			<control type="image">
				<posx>140</posx>
				<posy>130</posy>
				<width>60</width>
				<height>60</height>
				<aspectratio>keep</aspectratio>
				<texture>icon_home.png</texture>
			</control>
			<control type="togglebutton" id="6">
				<description>Master Lock</description>
				<posx>240</posx>
				<posy>110</posy>
				<width>100</width>
				<height>100</height>
				<texturefocus>button-focus2.png</texturefocus>
				<texturenofocus>-</texturenofocus>
				<alttexturefocus>button-focus2.png</alttexturefocus>
				<alttexturenofocus>-</alttexturenofocus>
				<onclick>XBMC.MasterMode</onclick>
				<pulseonselect>no</pulseonselect>
				<font>-</font>
				<label>20046</label>
				<altlabel>20045</altlabel>
				<usealttexture>!System.IsMaster</usealttexture>
				<onleft>5</onleft>
				<onright>4</onright>
				<onup>3</onup>
				<ondown>3</ondown>
				<enable>System.HasLocks</enable>
				<enable>System.Loggedon</enable>
			</control>
			<control type="image">
				<posx>260</posx>
				<posy>130</posy>
				<width>60</width>
				<height>60</height>
				<aspectratio>keep</aspectratio>
				<texture>power-locked.png</texture>
				<animation effect="fade" start="100" end="50" time="0" condition="![System.HasLocks + System.Loggedon]">conditional</animation>
			</control>
		</control>
		<control type="group">
			<control type="image">
				<posx>0</posx>
				<posy>-40</posy>
				<width>500</width>
				<height>105</height>
				<texture border="40">DialogBack.png</texture>
			</control>
			<control type="wraplist" id="13">
				<description>Shortcut Menu</description>
				<posx>50</posx>
				<posy>0</posy>
				<width>400</width>
				<height>25</height>
				<onleft>13</onleft>
				<onright>13</onright>
				<onup>2</onup>
				<ondown>2</ondown>
				<scrolltime>200</scrolltime>
				<focusposition>1</focusposition>
				<orientation>horizontal</orientation>
				<itemlayout height="25" width="146">
					<control type="label">
						<posx>50</posx>
						<posy>0</posy>
						<width>146</width>
						<height>25</height>
						<font>font11</font>
						<textcolor>white</textcolor>
						<align>center</align>
						<aligny>center</aligny>
						<label>$INFO[ListItem.Label]</label>
					</control>
				</itemlayout>
				<focusedlayout height="25" width="146">
					<control type="label">
						<posx>50</posx>
						<posy>0</posy>
						<width>146</width>
						<height>25</height>
						<font>font11</font>
						<textcolor>blue</textcolor>
						<align>center</align>
						<aligny>center</aligny>
						<label>$INFO[ListItem.Label]</label>
						<visible>Control.HasFocus(13)</visible>
					</control>
					<control type="label">
						<posx>50</posx>
						<posy>0</posy>
						<width>146</width>
						<height>25</height>
						<font>font11</font>
						<textcolor>white</textcolor>
						<align>center</align>
						<aligny>center</aligny>
						<label>$INFO[ListItem.Label]</label>
						<visible>!Control.HasFocus(13)</visible>
					</control>
				</focusedlayout>
				<content>
					<item id="12">
						<label>0</label>
						<onclick>Dialog.Close(111)</onclick>
						<onclick>ActivateWindow(Programs)</onclick>
					</item>
					<item id="1">
						<label>3</label>
						<onclick>Dialog.Close(111)</onclick>
						<onclick>ActivateWindow(VideoFiles,Root)</onclick>
						<visible>!Library.HasContent(Video)</visible>
					</item>
					<item id="2">
						<label>3</label>
						<onclick>Dialog.Close(111)</onclick>
						<onclick>ActivateWindow(VideoLibrary,Root)</onclick>
						<visible>Library.HasContent(Video)</visible>
					</item>
					<item id="3">
						<label>2</label>
						<onclick>Dialog.Close(111)</onclick>
						<onclick>ActivateWindow(MusicFiles,Root)</onclick>
						<visible>!Library.HasContent(Music)</visible>
					</item>
					<item id="4">
						<label>2</label>
						<onclick>Dialog.Close(111)</onclick>
						<onclick>ActivateWindow(MusicLibrary,Root)</onclick>
						<visible>Library.HasContent(Music)</visible>
					</item>
					<item id="5">
						<label>1</label>
						<onclick>Dialog.Close(111)</onclick>
						<onclick>ActivateWindow(Pictures)</onclick>
					</item>
					<item id="6">
						<label>8</label>
						<onclick>Dialog.Close(111)</onclick>
						<onclick>ActivateWindow(Weather)</onclick>
					</item>
					<item id="7">
						<label>5</label>
						<onclick>Dialog.Close(111)</onclick>
						<onclick>ActivateWindow(Settings)</onclick>
					</item>
					<item id="8">
						<label>130</label>
						<onclick>Dialog.Close(111)</onclick>
						<onclick>ActivateWindow(SystemInfo)</onclick>
						<visible>Skin.HasSetting(HomeMenuNoSettingsButton)</visible>
					</item>
					<item id="9">
						<label>7</label>
						<onclick>Dialog.Close(111)</onclick>
						<onclick>ActivateWindow(Filemanager)</onclick>
					</item>
					<item id="10">
						<label>1036</label>
						<onclick>Dialog.Close(111)</onclick>
						<onclick>ActivateWindow(Favourites)</onclick>
					</item>
					<item id="11">
						<label>247</label>
						<onclick>Dialog.Close(111)</onclick>
						<onclick>ActivateWindow(Scripts)</onclick>
					</item>
				</content>
			</control>		
		</control>
		<control type="label">
			<posx>29</posx>
			<posy>0</posy>
			<width>25</width>
			<height>20</height>
			<font>font12</font>
			<textcolor>grey2</textcolor>
			<align>center</align>
			<aligny>center</aligny>
			<label>&lt;</label>
		</control>
		<control type="label">
			<posx>445</posx>
			<posy>0</posy>
			<width>25</width>
			<height>20</height>
			<font>font12</font>
			<textcolor>grey2</textcolor>
			<align>center</align>
			<aligny>center</aligny>
			<label>&gt;</label>
		</control>
	</controls>
</window>