<window id="110">
	<defaultcontrol>0</defaultcontrol>
	<coordinates>
		<system>1</system>
		<posx>290</posx>
		<posy>210</posy>
	</coordinates>
	<include>dialogeffect</include>
	<controls>
		<control type="image">
			<description>background image</description>
			<posx>0</posx>
			<posy>0</posy>
			<width>700</width>
			<height>300</height>
			<texture border="40">DialogBack.png</texture>
		</control>
		<control type="image">
			<description>Heading Background</description>
			<posx>30</posx>
			<posy>35</posy>
			<width>640</width>
			<height>40</height>
			<texture border="5">ThumbFO.png</texture>
		</control>
		<control type="label" id="1">
			<description>heading label</description>
			<posx>40</posx>
			<posy>35</posy>
			<width>620</width>
			<height>40</height>
			<align>center</align>
			<aligny>center</aligny>
			<font>font18</font>
			<label>13406</label>
			<textcolor>black</textcolor>
		</control>
		<control type="label" id="2">
			<description>dialog line 1</description>
			<posx>40</posx>
			<posy>85</posy>
			<width>620</width>
			<height>30</height>
			<align>center</align>
			<aligny>center</aligny>
			<label>-</label>
			<font>font12</font>
		</control>
		<control type="label" id="3">
			<description>dialog line 2</description>
			<posx>40</posx>
			<posy>115</posy>
			<width>620</width>
			<height>30</height>
			<align>center</align>
			<aligny>center</aligny>
			<label>-</label>
			<font>font12</font>
		</control>
		<control type="label" id="4">
			<description>dialog line 3</description>
			<posx>40</posx>
			<posy>145</posy>
			<width>620</width>
			<height>30</height>
			<align>center</align>
			<aligny>center</aligny>
			<label>-</label>
			<font>font12</font>
		</control>
	</controls>
</window>