<window id="0">
	<defaultcontrol always="true">8998</defaultcontrol>
	<allowoverlay>no</allowoverlay>
	<controls>
		<control type="button" id="8998">
			<description>Run Favourites script</description>
			<posx>-20</posx>
			<posy>-20</posy>
			<width>1</width>
			<height>1</height>
			<label>-</label>
			<font>-</font>
			<onfocus>XBMC.RunScript(special://skin/scripts/favourites/default.py,limit=8)</onfocus>
			<onfocus>SetFocus(8999)</onfocus>
			<texturenofocus>-</texturenofocus>
			<texturefocus>-</texturefocus>
			<visible>Skin.HasSetting(HomeMenuNoFavouritesButton)</visible>
		</control>
		<control type="button" id="8998">
			<description>Don't Run Favourites script</description>
			<posx>-20</posx>
			<posy>-20</posy>
			<width>1</width>
			<height>1</height>
			<label>-</label>
			<font>-</font>
			<onfocus>SetFocus(8999)</onfocus>
			<texturenofocus>-</texturenofocus>
			<texturefocus>-</texturefocus>
			<visible>!Skin.HasSetting(HomeMenuNoFavouritesButton)</visible>
		</control>
		<control type="button" id="8999">
			<description>conditionally run Recently Added script at startup</description>
			<posx>-20</posx>
			<posy>-20</posy>
			<width>1</width>
			<height>1</height>
			<label>-</label>
			<font>-</font>
			<texturenofocus>-</texturenofocus>
			<texturefocus>-</texturefocus>
			<onfocus>XBMC.RunScript(special://skin/scripts/RecentlyAdded.py,limit=4)</onfocus>
			<onfocus>Skin.Reset(Startup)</onfocus>
			<onfocus>SetFocus(9000)</onfocus>
			<visible>!Skin.HasSetting(HomepageHideRecentlyAdded) + Skin.HasSetting(Startup)</visible>
		</control>
		<control type="button" id="8999">
			<description>don't run Recently Added script when disabled or enabled but no changes in library</description>
			<posx>-20</posx>
			<posy>-20</posy>
			<width>1</width>
			<height>1</height>
			<label>-</label>
			<font>-</font>
			<texturenofocus>-</texturenofocus>
			<texturefocus>-</texturefocus>
			<onfocus>SetFocus(9000)</onfocus>
			<visible>Skin.HasSetting(HomepageHideRecentlyAdded) | !Skin.HasSetting(HomepageHideRecentlyAdded) + [!Skin.HasSetting(Startup) + [!Skin.HasSetting(LibraryUpdated) | [Skin.HasSetting(LibraryUpdated) + [Window.IsVisible(DialogMusicScan.xml) | Window.IsVisible(DialogVideoScan.xml) | Window.IsVisible(DialogProgress.xml)]]]]</visible>
		</control>
		<control type="button" id="8999">
			<description>conditionally run Recently Added script after library update</description>
			<posx>-20</posx>
			<posy>-20</posy>
			<width>1</width>
			<height>1</height>
			<label>-</label>
			<font>-</font>
			<texturenofocus>-</texturenofocus>
			<texturefocus>-</texturefocus>
			<onfocus>XBMC.RunScript(special://skin/scripts/RecentlyAdded.py,limit=4)</onfocus>
			<onfocus>Skin.Reset(LibraryUpdated)</onfocus>
			<onfocus>SetFocus(9000)</onfocus>
			<visible>!Skin.HasSetting(HomepageHideRecentlyAdded) + [!Skin.HasSetting(Startup) + Skin.HasSetting(LibraryUpdated) + !Window.IsVisible(DialogMusicScan.xml) + !Window.IsVisible(DialogVideoScan.xml)]</visible>
		</control>
		<control type="label">
			<description>Hidden label to background load the weather conditions before they are visible</description>
			<posx>-20</posx>
			<posy>-20</posy>
			<height>1</height>
			<width>1</width>
			<label>$INFO[Window(Weather).Property(Current.Condition)]</label>
		</control>

		<control type="multiimage">
			<posx>0</posx>
			<posy>0</posy>
			<width>1280</width>
			<height>530</height>
			<aspectratio>scale</aspectratio>
			<imagepath background="true">$INFO[Container(9000).ListItem.Icon]</imagepath>
			<timeperimage>7000</timeperimage>
			<randomize>true</randomize>
			<fadetime>FanartCrossfadeTime</fadetime>
			<include>Window_OpenClose_Animation</include>
			<visible>![Player.HasMedia + Skin.HasSetting(NowPlayingBG)]</visible>
		</control>
		<control type="visualisation">
			<posx>0</posx>
			<posy>0</posy>
			<width>1280</width>
			<height>720</height>
			<visible>Player.HasAudio + Skin.HasSetting(NowPlayingBG)</visible>
		</control>
		<control type="videowindow">
			<posx>0</posx>
			<posy>0</posy>
			<width>1280</width>
			<height>720</height>
			<visible>Player.HasVideo + Skin.HasSetting(NowPlayingBG)</visible>
		</control>
		<control type="image">
			<posx>0</posx>
			<posy>0</posy>
			<width>1280</width>
			<height>720</height>
			<texture background="true" fallback="Background.png">$INFO[Skin.String(Background_Color)]</texture>
			<animation effect="fade" start="100" end="30" time="0" condition="true">conditional</animation>
			<visible>!Skin.HasSetting(Show_Background_Color) + !Skin.HasSetting(Show_HomeBackground_Color)</visible>
		</control>

		<control type="group">
			<control type="group">
				<posx>128</posx>
				<posy>70</posy>
				<animation type="WindowOpen" reversible="false">
					<effect type="zoom" start="80" end="100" center="256,180" easing="out" tween="back" time="300" delay="100" />
					<effect type="fade" start="0" end="100" time="300" delay="100" />
				</animation>
				<animation type="WindowClose" reversible="false">
					<effect type="zoom" start="100" end="80" center="256,180" easing="in" tween="back" time="300" />
					<effect type="fade" start="100" end="0" time="300" />
				</animation>
				<animation type="Visible" reversible="false">
					<effect type="zoom" start="80" end="100" center="256,180" easing="out" tween="back" time="300" />
					<effect type="fade" start="0" end="100" time="300" />
				</animation>
				<animation type="Hidden" reversible="false">
					<effect type="zoom" start="100" end="80" center="256,180" easing="in" tween="back" time="300" />
					<effect type="fade" start="100" end="0" time="300" />
				</animation>						
				<include>Window_OpenClose_Animation</include>
				<!-- submenu background -->
				<control type="group">
					<animation effect="fade" start="100" end="0" time="300" condition="!ControlGroup(9010).HasFocus + !ControlGroup(9003).HasFocus + Skin.HasSetting(HomeMenuHideSubmenus)">conditional</animation>
					<animation effect="fade" start="0" end="100" time="100" condition="ControlGroup(9010).HasFocus + ControlGroup(9003).HasFocus + Skin.HasSetting(HomeMenuHideSubmenus)">conditional</animation>
					<visible>!Container(9000).HasFocus(5)</visible>
					<control type="image">
						<description>shadow border</description>
						<posx>-8</posx>
						<posy>-8</posy>
						<width>272</width>
						<height>326</height>
						<texture border="10">border-shadow.png</texture>
					</control>
					<control type="image">
						<description>background image</description>
						<posx>0</posx>
						<posy>0</posy>
						<width>256</width>
						<height>310</height>
						<texture border="8">SubBack.png</texture>
					</control>
					<control type="image">
						<description>Overlay image</description>
						<posx>0</posx>
						<posy>0</posy>
						<width>200</width>
						<height>310</height>
						<texture>GlassOverlay.png</texture>
					</control>
					<control type="image">
						<posx>0</posx>
						<posy>0</posy>
						<width>256</width>
						<height>40</height>
						<texture>HorizontalGlow.png</texture>
					</control>
					<control type="image">
						<description>Down Arrow</description>
						<posx>108</posx>
						<posy>305</posy>
						<width>40</width>
						<height>30</height>
						<texture>arrow-big-down.png</texture>
					</control>
				</control>
				<!-- weather background -->
				<control type="group">
					<visible>Container(9000).HasFocus(5)</visible>
					<control type="image">
						<description>shadow border</description>
						<posx>-8</posx>
						<posy>-8</posy>
						<width>272</width>
						<height>326</height>
						<texture border="10">border-shadow.png</texture>
					</control>
					<control type="image">
						<description>background image</description>
						<posx>0</posx>
						<posy>0</posy>
						<width>256</width>
						<height>310</height>
						<texture border="8">SubBack.png</texture>
					</control>
					<control type="image">
						<description>Overlay image</description>
						<posx>0</posx>
						<posy>0</posy>
						<width>200</width>
						<height>310</height>
						<texture>GlassOverlay.png</texture>
					</control>
					<control type="image">
						<posx>0</posx>
						<posy>0</posy>
						<width>256</width>
						<height>40</height>
						<texture>HorizontalGlow.png</texture>
					</control>
					<control type="image">
						<description>Down Arrow</description>
						<posx>108</posx>
						<posy>305</posy>
						<width>40</width>
						<height>30</height>
						<texture>arrow-big-down.png</texture>
					</control>
				</control>

				<control type="group">
					<visible>Container(9000).HasFocus(5)</visible>
					<include>VisibleFadeEffect</include>
					<control type="label">
						<description>Weather label</description>
						<posx>5</posx>
						<posy>5</posy>
						<height>30</height>
						<width>246</width>
						<label>$INFO[Window(Weather).Property(Location)]</label>
						<align>center</align>
						<aligny>center</aligny>
						<font>font11</font>
						<shadowcolor>black</shadowcolor>
					</control>
					<control type="image">
						<description>Weather Icon</description>
						<posx>5</posx>
						<posy>45</posy>
						<width>246</width>
						<height>140</height>
						<aspectratio>keep</aspectratio>
						<texture>$INFO[Window(Weather).Property(Current.ConditionIcon)]</texture>
					</control>
					<control type="image">
						<posx>5</posx>
						<posy>200</posy>
						<width>246</width>
						<height>1</height>
						<texture>separator.png</texture>
					</control>
					<control type="label">
						<description>Temp Label</description>
						<posx>148</posx>
						<posy>200</posy>
						<height>30</height>
						<width>138</width>
						<label>$INFO[Window(Weather).Property(Current.Temperature)]</label>
						<align>right</align>
						<aligny>top</aligny>
						<font>font50</font>
						<shadowcolor>black</shadowcolor>
					</control>
					<control type="label">
						<description>Temp Label</description>
						<posx>148</posx>
						<posy>210</posy>
						<height>20</height>
						<width>138</width>
						<label>$INFO[System.TemperatureUnits]</label>
						<align>left</align>
						<aligny>top</aligny>
						<font>font13</font>
						<shadowcolor>black</shadowcolor>
					</control>
					<control type="label">
						<description>Weather Conditions label</description>
						<posx>5</posx>
						<posy>275</posy>
						<height>20</height>
						<width>246</width>
						<label>$INFO[Window(Weather).Property(Current.Condition)]</label>
						<align>center</align>
						<aligny>center</aligny>
						<font>font11</font>
						<textcolor>grey</textcolor>
						<shadowcolor>black</shadowcolor>
					</control>
				</control>
				<control type="grouplist" id="9010">
					<animation effect="fade" start="100" end="0" time="300" condition="!ControlGroup(9010).HasFocus	+ !ControlGroup(9003).HasFocus + Skin.HasSetting(HomeMenuHideSubmenus)">conditional</animation>
					<animation effect="fade" start="0" end="100" time="100" condition="ControlGroup(9010).HasFocus + ControlGroup(9003).HasFocus + Skin.HasSetting(HomeMenuHideSubmenus)">conditional</animation>
					<posx>5</posx>
					<posy>5</posy>
					<width>246</width>
					<height>300</height>
					<align>top</align>
					<onleft>9000</onleft>
					<onright>9001</onright>
					<onup>603</onup>
					<ondown>9000</ondown>
					<itemgap>0</itemgap>
					<visible>!Container(9000).HasFocus(5)</visible>
					<include>VisibleFadeEffect</include>
					<!-- Start or buttons Used for the main VIDEO button -->
					<control type="button" id="90098">
						<include>ButtonHomeSubCommonValues</include>
						<label>342</label>
						<onclick>ActivateWindow(VideoLibrary,MovieTitles,return)</onclick>
						<visible>Library.HasContent(Movies) + !Skin.HasSetting(MoviesRootButton)</visible>
						<visible>Container(9000).HasFocus(1)</visible>
					</control>
					<control type="button" id="90099">
						<include>ButtonHomeSubCommonValues</include>
						<label>342</label>
						<onclick>ActivateWindow(VideoLibrary,Movies,Root)</onclick>
						<visible>Library.HasContent(Movies) + Skin.HasSetting(MoviesRootButton)</visible>
						<visible>Container(9000).HasFocus(1)</visible>
					</control>
					<control type="button" id="90100">
						<include>ButtonHomeSubCommonValues</include>
						<label>20343</label>
						<onclick>ActivateWindow(VideoLibrary,TvShowTitles,return)</onclick>
						<visible>Library.HasContent(TVShows) + !Skin.HasSetting(TVShowsRootButton)</visible>
						<visible>Container(9000).HasFocus(1)</visible>
					</control>
					<control type="button" id="90101">
						<include>ButtonHomeSubCommonValues</include>
						<label>20343</label>
						<onclick>ActivateWindow(VideoLibrary,TvShows,Root)</onclick>
						<visible>Library.HasContent(TVShows) + Skin.HasSetting(TVShowsRootButton)</visible>
						<visible>Container(9000).HasFocus(1)</visible>
					</control>
					<control type="button" id="90102">
						<include>ButtonHomeSubCommonValues</include>
						<label>20389</label>
						<onclick>ActivateWindow(VideoLibrary,MusicVideoTitles,return)</onclick>
						<visible>Library.HasContent(MusicVideos)</visible>
						<visible>Container(9000).HasFocus(1)</visible>
					</control>
					<control type="button" id="90103">
						<include>ButtonHomeSubCommonValues</include>
						<label>$INFO[Skin.String(HomeVideoButton1_label)]</label>
						<onclick>ActivateWindow(VideoLibrary,$INFO[Skin.String(HomeVideoButton1_Path)],return)</onclick>
						<visible>Skin.HasSetting(HomeVideoButton1) + !IsEmpty(Skin.String(HomeVideoButton1_label)) + !IsEmpty(Skin.String(HomeVideoButton1_Path))</visible>
						<visible>Container(9000).HasFocus(1)</visible>
					</control>
					<control type="button" id="90104">
						<include>ButtonHomeSubCommonValues</include>
						<label>$INFO[Skin.String(HomeVideoButton2_label)]</label>
						<onclick>ActivateWindow(VideoLibrary,$INFO[Skin.String(HomeVideoButton2_Path)],return)</onclick>
						<visible>Skin.HasSetting(HomeVideoButton2) + !IsEmpty(Skin.String(HomeVideoButton2_label)) + !IsEmpty(Skin.String(HomeVideoButton2_Path))</visible>
						<visible>Container(9000).HasFocus(1)</visible>
					</control>
					<control type="button" id="90105">
						<include>ButtonHomeSubCommonValues</include>
						<label>744</label>
						<onclick>ActivateWindow(VideoFiles,Root)</onclick>
						<visible>Container(9000).HasFocus(1)</visible>
					</control>
					<control type="button" id="90108">
						<include>ButtonHomeSubCommonValues</include>
						<label>14022</label>
						<onclick>ActivateWindow(VideoLibrary,Root)</onclick>
						<visible>Library.HasContent(Video)</visible>
						<visible>Container(9000).HasFocus(1)</visible>
					</control>
					<control type="button" id="90109">
						<include>ButtonHomeSubCommonValues</include>
						<label>31999</label>
						<onclick>ActivateWindow(VideoLibrary,Plugins,return)</onclick>
						<visible>Library.HasContent(Video)</visible>
						<visible>Container(9000).HasFocus(1)</visible>
					</control>
					<control type="button" id="90110">
						<include>ButtonHomeSubCommonValues</include>
						<label>31999</label>
						<onclick>ActivateWindow(VideoFiles,Plugins,return)</onclick>
						<visible>!Library.HasContent(Video)</visible>
						<visible>Container(9000).HasFocus(1)</visible>
					</control>
					<!-- Start or buttons Used for the main MUSIC button -->
					<control type="button" id="90111">
						<include>ButtonHomeSubCommonValues</include>
						<label>133</label>
						<onclick>ActivateWindow(MusicLibrary,Artists,return)</onclick>
						<visible>Library.HasContent(Music)</visible>
						<visible>Container(9000).HasFocus(2)</visible>
					</control>
					<control type="button" id="90112">
						<include>ButtonHomeSubCommonValues</include>
						<label>132</label>
						<onclick>ActivateWindow(MusicLibrary,Albums,return)</onclick>
						<visible>Library.HasContent(Music)</visible>
						<visible>Container(9000).HasFocus(2)</visible>
					</control>
					<control type="button" id="90113">
						<include>ButtonHomeSubCommonValues</include>
						<label>134</label>
						<onclick>ActivateWindow(MusicLibrary,Songs,return)</onclick>
						<visible>Library.HasContent(Music)</visible>
						<visible>Container(9000).HasFocus(2)</visible>
					</control>
					<control type="button" id="90118">
						<include>ButtonHomeSubCommonValues</include>
						<label>$INFO[Skin.String(HomeMusicButton1_label)]</label>
						<onclick>ActivateWindow(MusicLibrary,$INFO[Skin.String(HomeMusicButton1_Path)],return)</onclick>
						<visible>Skin.HasSetting(HomeMusicButton1) + !IsEmpty(Skin.String(HomeMusicButton1_label)) + !IsEmpty(Skin.String(HomeMusicButton1_Path))</visible>
						<visible>Container(9000).HasFocus(2)</visible>
					</control>
					<control type="button" id="90119">
						<include>ButtonHomeSubCommonValues</include>
						<label>$INFO[Skin.String(HomeMusicButton2_label)]</label>
						<onclick>ActivateWindow(MusicLibrary,$INFO[Skin.String(HomeMusicButton2_Path)],return)</onclick>
						<visible>Skin.HasSetting(HomeMusicButton2) + !IsEmpty(Skin.String(HomeMusicButton2_label)) + !IsEmpty(Skin.String(HomeMusicButton2_Path))</visible>
						<visible>Container(9000).HasFocus(2)</visible>
					</control>
					<control type="button" id="90114">
						<include>ButtonHomeSubCommonValues</include>
						<label>744</label>
						<onclick>ActivateWindow(MusicFiles,Root)</onclick>
						<visible>Container(9000).HasFocus(2)</visible>
					</control>
					<control type="button" id="90115">
						<include>ButtonHomeSubCommonValues</include>
						<label>14022</label>
						<onclick>ActivateWindow(MusicLibrary,Root)</onclick>
						<visible>Library.HasContent(Music)</visible>
						<visible>Container(9000).HasFocus(2)</visible>
					</control>
					<control type="button" id="90116">
						<include>ButtonHomeSubCommonValues</include>
						<label>31999</label>
						<onclick>ActivateWindow(MusicLibrary,Plugins,return)</onclick>
						<visible>Library.HasContent(Music)</visible>
						<visible>Container(9000).HasFocus(2)</visible>
					</control>
					<control type="button" id="90117">
						<include>ButtonHomeSubCommonValues</include>
						<label>31999</label>
						<onclick>ActivateWindow(MusicFiles,Plugins,return)</onclick>
						<visible>!Library.HasContent(Music)</visible>
						<visible>Container(9000).HasFocus(2)</visible>
					</control>
					<!-- Start or buttons Used for the main Pictures button -->
					<control type="button" id="90121">
						<include>ButtonHomeSubCommonValues</include>
						<label>Comics</label>
						<onclick>ActivateWindow(Pictures,Comics,return)</onclick>
						<visible>Container(9000).HasFocus(3)</visible>
					</control>
					<control type="button" id="90122">
						<include>ButtonHomeSubCommonValues</include>
						<label>31999</label>
						<onclick>ActivateWindow(Pictures,Picture Plugins,return)</onclick>
						<visible>Container(9000).HasFocus(3)</visible>
					</control>
					<!-- Start or buttons Used for the main Programs button -->
					<control type="button" id="90131">
						<include>ButtonHomeSubCommonValues</include>
						<label>15016</label>
						<onclick>ActivateWindow(Programs,Games)</onclick>
						<visible>Container(9000).HasFocus(4)</visible>
					</control>
					<control type="button" id="90132">
						<include>ButtonHomeSubCommonValues</include>
						<label>31991</label>
						<onclick>ActivateWindow(Programs,Emulators)</onclick>
						<visible>Container(9000).HasFocus(4)</visible>
					</control>
					<control type="button" id="90133">
						<include>ButtonHomeSubCommonValues</include>
						<label>31992</label>
						<onclick>ActivateWindow(Programs,Apps)</onclick>
						<visible>Container(9000).HasFocus(4)</visible>
					</control>
					<control type="button" id="90134">
						<include>ButtonHomeSubCommonValues</include>
						<label>$INFO[Skin.String(HomeProgramsButton1_label)]</label>
						<onclick>RunXBE($INFO[Skin.String(HomeProgramsButton1_XBE)])</onclick>
						<visible>Skin.HasSetting(HomeProgramsButton1) + !IsEmpty(Skin.String(HomeProgramsButton1_label)) + !IsEmpty(Skin.String(HomeProgramsButton1_XBE))</visible>
						<visible>Container(9000).HasFocus(4)</visible>
					</control>
					<control type="button" id="90135">
						<include>ButtonHomeSubCommonValues</include>
						<label>$INFO[Skin.String(HomeProgramsButton2_label)]</label>
						<onclick>RunXBE($INFO[Skin.String(HomeProgramsButton2_XBE)])</onclick>
						<visible>Skin.HasSetting(HomeProgramsButton2) + !IsEmpty(Skin.String(HomeProgramsButton2_label)) + !IsEmpty(Skin.String(HomeProgramsButton2_XBE))</visible>
						<visible>Container(9000).HasFocus(4)</visible>
					</control>
					<control type="button" id="90136">
						<include>ButtonHomeSubCommonValues</include>
						<label>31994</label>
						<onclick>ActivateWindow(Programs,Dashboards)</onclick>
						<visible>Container(9000).HasFocus(4)</visible>
					</control>
					<control type="button" id="90137">
						<include>ButtonHomeSubCommonValues</include>
						<label>20315</label>
						<onclick>ActivateWindow(GameSaves)</onclick>
						<visible>Container(9000).HasFocus(4)</visible>
					</control>
					<control type="button" id="90138">
						<include>ButtonHomeSubCommonValues</include>
						<label>31999</label>
						<onclick>ActivateWindow(Programs,Program Plugins,return)</onclick>
						<visible>Container(9000).HasFocus(4)</visible>
					</control>
					<!-- Start or buttons Used for the main Settings button -->
					<control type="button" id="90141">
						<include>ButtonHomeSubCommonValues</include>
						<label>1036</label>
						<onclick>ActivateWindow(Favourites)</onclick>
						<visible>Container(9000).HasFocus(6) + !Skin.HasSetting(HomeMenuNoFavouritesButton)</visible>
					</control>
					<control type="button" id="90142">
						<include>ButtonHomeSubCommonValues</include>
						<label>247</label>
						<onclick>ActivateWindow(Scripts)</onclick>
						<visible>Container(9000).HasFocus(6) + !Skin.HasSetting(HomeMenuNoAddonsButton)</visible>
					</control>
					<control type="button" id="90143">
						<include>ButtonHomeSubCommonValues</include>
						<label>7</label>
						<onclick>ActivateWindow(FileManager)</onclick>
						<visible>Container(9000).HasFocus(6)</visible>
					</control>
					<control type="button" id="90144">
						<include>ButtonHomeSubCommonValues</include>
						<label>13200</label>
						<onclick>ActivateWindow(Profiles)</onclick>
						<visible>Container(9000).HasFocus(6)</visible>
					</control>
					<control type="button" id="90145">
						<include>ButtonHomeSubCommonValues</include>
						<label>5</label>
						<onclick>ActivateWindow(Settings)</onclick>
						<visible>Container(9000).HasFocus(6)</visible>
					</control>
					<control type="button" id="90146">
						<include>ButtonHomeSubCommonValues</include>
						<label>31995</label>
						<onclick>ActivateWindow(1111)</onclick>
						<visible>Container(9000).HasFocus(6)</visible>
					</control>
					<control type="button" id="90147">
						<include>ButtonHomeSubCommonValues</include>
						<label>653</label>
						<onclick>ActivateWindow(1113)</onclick>
						<visible>Library.HasContent(Video) | Library.HasContent(Music)</visible>
						<visible>Container(9000).HasFocus(6)</visible>
					</control>
					<control type="button" id="90148">
						<include>ButtonHomeSubCommonValues</include>
						<label>130</label>
						<onclick>ActivateWindow(SystemInfo)</onclick>
						<visible>Container(9000).HasFocus(6)</visible>
					</control>
					<!-- Start or buttons Used for the main Shutdown button -->
					<control type="button" id="90151">
						<include>ButtonHomeSubCommonValues</include>
						<!-- <label>13005</label> Shutdown -->
						<label>31500</label>
						<onclick>XBMC.Powerdown()</onclick>
						<visible>Container(9000).HasFocus(7)</visible>
					</control>
					<control type="togglebutton" id="90152">
						<description>Custom ShutdownTimer button</description>
						<include>ButtonHomeSubCommonValues</include>
						<label>20144</label>
						<altlabel>20151</altlabel>
						<onclick>XBMC.AlarmClock(shutdowntimer,XBMC.Shutdown())</onclick>
						<altclick>XBMC.CancelAlarm(shutdowntimer)</altclick>
						<alttexturefocus border="5">button-focus2.png</alttexturefocus>
						<alttexturenofocus>-</alttexturenofocus>
						<visible>Container(9000).HasFocus(7)</visible>
						<usealttexture>System.HasAlarm(shutdowntimer)</usealttexture>
					</control>
					<control type="button" id="90153">
						<include>ButtonHomeSubCommonValues</include>
						<label>13013</label>
						<onclick>XBMC.Reboot()</onclick>
						<visible>Container(9000).HasFocus(7)</visible>
					</control>
					<control type="button" id="90154">
						<include>ButtonHomeSubCommonValues</include>
						<label>$LOCALIZE[13313] XBMC</label>
						<onclick>XBMC.RestartApp()</onclick>
						<visible>Container(9000).HasFocus(7)</visible>
					</control>
					<control type="button" id="90155">
						<include>ButtonHomeSubCommonValues</include>
						<label>$LOCALIZE[13012] XBMC</label>
						<onclick>XBMC.Quit()</onclick>
						<visible>Container(9000).HasFocus(7)</visible>
					</control>
					<control type="button" id="90156">
						<include>ButtonHomeSubCommonValues</include>
						<label>$LOCALIZE[20126] $INFO[system.profilename]</label>
						<onclick>System.Logoff</onclick>
						<visible>Container(9000).HasFocus(7)</visible>
						<visible>System.HasLoginScreen</visible>
						<visible>System.Loggedon</visible>
					</control>
					<control type="label" id="90157">
						<description>Custom ShutdownTimer countdown label</description>
						<height>70</height>
						<width>240</width>
						<label>$LOCALIZE[31026] [B]$INFO[System.Alarmpos][/B]</label>
						<align>center</align>
						<aligny>center</aligny>
						<font>font11</font>
						<textcolor>blue</textcolor>
						<shadowcolor>black</shadowcolor>
						<visible>Container(9000).HasFocus(7) + System.HasAlarm(shutdowntimer)</visible>
					</control>
					<!-- Start or buttons Used for the main Optical Media button -->
					<control type="button" id="90161">
						<include>ButtonHomeSubCommonValues</include>
						<label>13391</label>
						<onclick>EjectTray()</onclick>
						<visible>Container(9000).HasFocus(8)</visible>
					</control>
					<!-- Start or buttons Used for the main Favourites button -->
					<control type="button" id="90191">
						<include>ButtonHomeSubCommonValues</include>
						<label>$INFO[Window(0).Property(favourite.1.name)]</label>
						<onclick>$INFO[Window(0).Property(favourite.1.path)]</onclick>
						<visible>Container(9000).HasFocus(9)</visible>
						<visible>!IsEmpty(Window(0).Property(favourite.1.name))</visible>
					</control>
					<control type="button" id="90192">
						<include>ButtonHomeSubCommonValues</include>
						<label>$INFO[Window(0).Property(favourite.2.name)]</label>
						<onclick>$INFO[Window(0).Property(favourite.2.path)]</onclick>
						<visible>Container(9000).HasFocus(9)</visible>
						<visible>!IsEmpty(Window(0).Property(favourite.2.name))</visible>
					</control>
					<control type="button" id="90193">
						<include>ButtonHomeSubCommonValues</include>
						<label>$INFO[Window(0).Property(favourite.3.name)]</label>
						<onclick>$INFO[Window(0).Property(favourite.3.path)]</onclick>
						<visible>Container(9000).HasFocus(9)</visible>
						<visible>!IsEmpty(Window(0).Property(favourite.3.name))</visible>
					</control>
					<control type="button" id="90194">
						<include>ButtonHomeSubCommonValues</include>
						<label>$INFO[Window(0).Property(favourite.4.name)]</label>
						<onclick>$INFO[Window(0).Property(favourite.4.path)]</onclick>
						<visible>Container(9000).HasFocus(9)</visible>
						<visible>!IsEmpty(Window(0).Property(favourite.4.name))</visible>
					</control>
					<control type="button" id="90195">
						<include>ButtonHomeSubCommonValues</include>
						<label>$INFO[Window(0).Property(favourite.5.name)]</label>
						<onclick>$INFO[Window(0).Property(favourite.5.path)]</onclick>
						<visible>Container(9000).HasFocus(9)</visible>
						<visible>!IsEmpty(Window(0).Property(favourite.5.name))</visible>
					</control>
					<control type="button" id="90196">
						<include>ButtonHomeSubCommonValues</include>
						<label>$INFO[Window(0).Property(favourite.6.name)]</label>
						<onclick>$INFO[Window(0).Property(favourite.6.path)]</onclick>
						<visible>Container(9000).HasFocus(9)</visible>
						<visible>!IsEmpty(Window(0).Property(favourite.6.name))</visible>
					</control>
					<control type="button" id="90197">
						<include>ButtonHomeSubCommonValues</include>
						<label>$INFO[Window(0).Property(favourite.7.name)]</label>
						<onclick>$INFO[Window(0).Property(favourite.7.path)]</onclick>
						<visible>Container(9000).HasFocus(9)</visible>
						<visible>!IsEmpty(Window(0).property(favourite.7.name))</visible>
					</control>
					<control type="button" id="90198">
						<include>ButtonHomeSubCommonValues</include>
						<label>$INFO[Window(0).Property(favourite.8.name)]</label>
						<onclick>$INFO[Window(0).Property(favourite.8.path)]</onclick>
						<visible>Container(9000).HasFocus(9)</visible>
						<visible>!IsEmpty(Window(0).property(favourite.8.name))</visible>
					</control>
					<!-- Start or buttons Used for the main Add-ons button -->
					<control type="button" id="90201">
						<description>Script1</description>
						<include>ButtonHomeSubCommonValues</include>
						<label>$INFO[Skin.String(HomeAddonsButton1_label)]</label>
						<onclick>XBMC.RunScript($INFO[Skin.String(HomeScriptButton1_Path)])</onclick>
						<visible>Skin.HasSetting(HomeAddonsButton1) + !IsEmpty(Skin.String(HomeAddonsButton1_label)) + IsEmpty(Skin.String(HomePluginButton1_folder))</visible>
						<visible>Container(9000).HasFocus(10)</visible>
					</control>
					<control type="button" id="90202">
						<description>Plugin1</description>
						<include>ButtonHomeSubCommonValues</include>
						<label>$INFO[Skin.String(HomeAddonsButton1_label)]</label>
						<onclick>ActivateWindow($INFO[Skin.String(HomePluginButton1_Window)],plugin://$INFO[Skin.String(HomePluginButton1_Folder)])</onclick>
						<visible>Skin.HasSetting(HomeAddonsButton1) + !IsEmpty(Skin.String(HomeAddonsButton1_label)) + IsEmpty(Skin.String(HomeScriptButton1_path))</visible>
						<visible>Container(9000).HasFocus(10)</visible>
					</control>
					
					<control type="button" id="90203">
						<description>Script2</description>
						<include>ButtonHomeSubCommonValues</include>
						<label>$INFO[Skin.String(HomeAddonsButton2_label)]</label>
						<onclick>XBMC.RunScript($INFO[Skin.String(HomeScriptButton2_Path)])</onclick>
						<visible>Skin.HasSetting(HomeAddonsButton2) + !IsEmpty(Skin.String(HomeAddonsButton2_label)) + IsEmpty(Skin.String(HomePluginButton2_folder))</visible>
						<visible>Container(9000).HasFocus(10)</visible>
					</control>
					<control type="button" id="90204">
						<description>Plugin2</description>
						<include>ButtonHomeSubCommonValues</include>
						<label>$INFO[Skin.String(HomeAddonsButton2_label)]</label>
						<onclick>ActivateWindow($INFO[Skin.String(HomePluginButton2_Window)],plugin://$INFO[Skin.String(HomePluginButton2_Folder)])</onclick>
						<visible>Skin.HasSetting(HomeAddonsButton2) + !IsEmpty(Skin.String(HomeAddonsButton2_label)) + IsEmpty(Skin.String(HomeScriptButton2_path))</visible>
						<visible>Container(9000).HasFocus(10)</visible>
					</control>
					
					<control type="button" id="90205">
						<description>Script3</description>
						<include>ButtonHomeSubCommonValues</include>
						<label>$INFO[Skin.String(HomeAddonsButton3_label)]</label>
						<onclick>XBMC.RunScript($INFO[Skin.String(HomeScriptButton3_Path)])</onclick>
						<visible>Skin.HasSetting(HomeAddonsButton3) + !IsEmpty(Skin.String(HomeAddonsButton3_label)) + IsEmpty(Skin.String(HomePluginButton3_folder))</visible>
						<visible>Container(9000).HasFocus(10)</visible>
					</control>
					<control type="button" id="90206">
						<description>Plugin3</description>
						<include>ButtonHomeSubCommonValues</include>
						<label>$INFO[Skin.String(HomeAddonsButton3_label)]</label>
						<onclick>ActivateWindow($INFO[Skin.String(HomePluginButton3_Window)],plugin://$INFO[Skin.String(HomePluginButton3_Folder)])</onclick>
						<visible>Skin.HasSetting(HomeAddonsButton3) + !IsEmpty(Skin.String(HomeAddonsButton3_label)) + IsEmpty(Skin.String(HomeScriptButton3_path))</visible>
						<visible>Container(9000).HasFocus(10)</visible>
					</control>
					
					<control type="button" id="90207">
						<description>Script4</description>
						<include>ButtonHomeSubCommonValues</include>
						<label>$INFO[Skin.String(HomeAddonsButton4_label)]</label>
						<onclick>XBMC.RunScript($INFO[Skin.String(HomeScriptButton4_Path)])</onclick>
						<visible>Skin.HasSetting(HomeAddonsButton4) + !IsEmpty(Skin.String(HomeAddonsButton4_label)) + IsEmpty(Skin.String(HomePluginButton4_folder))</visible>
					</control>
					<control type="button" id="90208">
						<description>Plugin4</description>
						<include>ButtonHomeSubCommonValues</include>
						<label>$INFO[Skin.String(HomeAddonsButton4_label)]</label>
						<onclick>ActivateWindow($INFO[Skin.String(HomePluginButton4_Window)],plugin://$INFO[Skin.String(HomePluginButton4_Folder)])</onclick>
						<visible>Skin.HasSetting(HomeAddonsButton4) + !IsEmpty(Skin.String(HomeAddonsButton4_label)) + IsEmpty(Skin.String(HomeScriptButton4_path))</visible>
						<visible>Container(9000).HasFocus(10)</visible>
					</control>
					
					<control type="button" id="90209">
						<description>Script5</description>
						<include>ButtonHomeSubCommonValues</include>
						<label>$INFO[Skin.String(HomeAddonsButton5_label)]</label>
						<onclick>XBMC.RunScript($INFO[Skin.String(HomeScriptButton5_Path)])</onclick>
						<visible>Skin.HasSetting(HomeAddonsButton5) + !IsEmpty(Skin.String(HomeAddonsButton5_label)) + IsEmpty(Skin.String(HomePluginButton5_folder))</visible>
						<visible>Container(9000).HasFocus(10)</visible>
					</control>
					<control type="button" id="90210">
						<description>Plugin5</description>
						<include>ButtonHomeSubCommonValues</include>
						<label>$INFO[Skin.String(HomeAddonsButton5_label)]</label>
						<onclick>ActivateWindow($INFO[Skin.String(HomePluginButton5_Window)],plugin://$INFO[Skin.String(HomePluginButton5_Folder)])</onclick>
						<visible>Skin.HasSetting(HomeAddonsButton5) + !IsEmpty(Skin.String(HomeAddonsButton5_label)) + IsEmpty(Skin.String(HomeScriptButton5_path))</visible>
						<visible>Container(9000).HasFocus(10)</visible>
					</control>
					
					<control type="button" id="90211">
						<description>Script6</description>
						<include>ButtonHomeSubCommonValues</include>
						<label>$INFO[Skin.String(HomeAddonsButton6_label)]</label>
						<onclick>XBMC.RunScript($INFO[Skin.String(HomeScriptButton6_Path)])</onclick>
						<visible>Skin.HasSetting(HomeAddonsButton6) + !IsEmpty(Skin.String(HomeAddonsButton6_label)) + IsEmpty(Skin.String(HomePluginButton6_folder))</visible>
						<visible>Container(9000).HasFocus(10)</visible>
					</control>
					<control type="button" id="90212">
						<description>Plugin6</description>
						<include>ButtonHomeSubCommonValues</include>
						<label>$INFO[Skin.String(HomeAddonsButton6_label)]</label>
						<onclick>ActivateWindow($INFO[Skin.String(HomePluginButton6_Window)],plugin://$INFO[Skin.String(HomePluginButton6_Folder)])</onclick>
						<visible>Skin.HasSetting(HomeAddonsButton6) + !IsEmpty(Skin.String(HomeAddonsButton6_label)) + IsEmpty(Skin.String(HomeScriptButton6_path))</visible>
						<visible>Container(9000).HasFocus(10)</visible>
					</control>
					
					<control type="button" id="90213">
						<description>Script7</description>
						<include>ButtonHomeSubCommonValues</include>
						<label>$INFO[Skin.String(HomeAddonsButton7_label)]</label>
						<onclick>XBMC.RunScript($INFO[Skin.String(HomeScriptButton7_Path)])</onclick>
						<visible>Skin.HasSetting(HomeAddonsButton7) + !IsEmpty(Skin.String(HomeAddonsButton7_label)) + IsEmpty(Skin.String(HomePluginButton7_folder))</visible>
						<visible>Container(9000).HasFocus(10)</visible>
					</control>
					<control type="button" id="90214">
						<description>Plugin7</description>
						<include>ButtonHomeSubCommonValues</include>
						<label>$INFO[Skin.String(HomeAddonsButton7_label)]</label>
						<onclick>ActivateWindow($INFO[Skin.String(HomePluginButton7_Window)],plugin://$INFO[Skin.String(HomePluginButton7_Folder)])</onclick>
						<visible>Skin.HasSetting(HomeAddonsButton7) + !IsEmpty(Skin.String(HomeAddonsButton7_label)) + IsEmpty(Skin.String(HomeScriptButton7_path))</visible>
						<visible>Container(9000).HasFocus(10)</visible>
					</control>
					
					<control type="button" id="90215">
						<description>Script8</description>
						<include>ButtonHomeSubCommonValues</include>
						<label>$INFO[Skin.String(HomeAddonsButton8_label)]</label>
						<onclick>XBMC.RunScript($INFO[Skin.String(HomeScriptButton8_Path)])</onclick>
						<visible>Skin.HasSetting(HomeAddonsButton8) + !IsEmpty(Skin.String(HomeAddonsButton8_label)) + IsEmpty(Skin.String(HomePluginButton8_folder))</visible>
						<visible>Container(9000).HasFocus(10)</visible>
					</control>
					<control type="button" id="90216">
						<description>Plugin8</description>
						<include>ButtonHomeSubCommonValues</include>
						<label>$INFO[Skin.String(HomeAddonsButton8_label)]</label>
						<onclick>ActivateWindow($INFO[Skin.String(HomePluginButton8_Window)],plugin://$INFO[Skin.String(HomePluginButton8_Folder)])</onclick>
						<visible>Skin.HasSetting(HomeAddonsButton8) + !IsEmpty(Skin.String(HomeAddonsButton8_label)) + IsEmpty(Skin.String(HomeScriptButton8_path))</visible>
						<visible>Container(9000).HasFocus(10)</visible>
					</control>
					<!-- end -->
				</control>
			</control>
			<control type="group" id="9003">
				<posx>400</posx>
				<posy>70</posy>
				<animation type="WindowClose" reversible="false">
					<effect type="zoom" start="100" end="80" center="640,180" easing="in" tween="back" time="300" />
					<effect type="fade" start="100" end="0" time="300" />
				</animation>
				<animation type="Visible" reversible="false">
					<effect type="zoom" start="80" end="100" center="640,180" easing="out" tween="back" time="300" />
					<effect type="fade" start="0" end="100" time="300" />
				</animation>
				<animation type="Hidden" reversible="false">
					<effect type="zoom" start="100" end="80" center="640,180" easing="in" tween="back" time="300" />
					<effect type="fade" start="100" end="0" time="300" />
				</animation>
				<visible>!Skin.HasSetting(HomepageHideRecentlyAdded) + [Control.HasFocus(90098) | Control.HasFocus(90099) | Control.HasFocus(90100)| Control.HasFocus(90101) | Control.HasFocus(9001) | Control.HasFocus(9002)]</visible>
				<control type="image">
					<description>shadow border</description>
					<posx>-8</posx>
					<posy>-8</posy>
					<width>768</width>
					<height>326</height>
					<texture border="10">border-shadow.png</texture>
				</control>
				<control type="image">
					<description>background image</description>
					<posx>0</posx>
					<posy>0</posy>
					<width>752</width>
					<height>310</height>
					<texture border="8">SubBack.png</texture>
				</control>
				<control type="image">
					<posx>0</posx>
					<posy>0</posy>
					<width>750</width>
					<height>40</height>
					<texture>HorizontalGlow.png</texture>
				</control>
				<control type="group">
					<include>VisibleFadeEffect</include>
					<visible>Control.HasFocus(90098) | Control.HasFocus(90099) | Control.HasFocus(9001)</visible>
					<control type="label">
						<description>Header label</description>
						<posx>5</posx>
						<posy>5</posy>
						<height>30</height>
						<width>742</width>
						<label>$LOCALIZE[31007]</label>
						<align>center</align>
						<aligny>center</aligny>
						<font>font11</font>
						<shadowcolor>black</shadowcolor>
					</control>
					<control type="label">
						<description>Item label</description>
						<posx>5</posx>
						<posy>270</posy>
						<height>30</height>
						<width>742</width>
						<label>$INFO[Container(9001).ListItem.Label]</label>
						<align>center</align>
						<aligny>center</aligny>
						<font>font11</font>
						<shadowcolor>black</shadowcolor>
						<include>VisibleFadeEffect</include>
						<visible>Control.HasFocus(9001)</visible>
					</control>
					<control type="list" id="9001">
						<posx>5</posx>
						<posy>40</posy>
						<width>742</width>
						<height>225</height>
						<onleft>9010</onleft>
						<onright>9002</onright>
						<onup>9000</onup>
						<ondown>9000</ondown>
						<viewtype label="31028">list</viewtype>
						<pagecontrol>-</pagecontrol>
						<scrolltime>200</scrolltime>
						<orientation>horizontal</orientation>
						<itemlayout height="225" width="180">
							<control type="image">
								<posx>20</posx>
								<posy>0</posy>
								<width>160</width>
								<height>225</height>
								<aspectratio>stretch</aspectratio>
								<bordertexture border="5">button-nofocus.png</bordertexture>
								<bordersize>5</bordersize>
								<texture background="true">$INFO[ListItem.ActualIcon]</texture>
							</control>
						</itemlayout>
						<focusedlayout height="225" width="180">
							<control type="image">
								<posx>20</posx>
								<posy>0</posy>
								<width>160</width>
								<height>225</height>
								<aspectratio>stretch</aspectratio>
								<bordertexture border="5">button-nofocus.png</bordertexture>
								<bordersize>5</bordersize>
								<texture background="true">$INFO[ListItem.ActualIcon]</texture>
								<visible>!Control.HasFocus(9001)</visible>
							</control>
							<control type="image">
								<posx>20</posx>
								<posy>0</posy>
								<width>160</width>
								<height>225</height>
								<aspectratio>stretch</aspectratio>
								<bordertexture border="5">folder-focus.png</bordertexture>
								<bordersize>5</bordersize>
								<texture background="true">$INFO[ListItem.ActualIcon]</texture>
								<visible>Control.HasFocus(9001)</visible>
							</control>
						</focusedlayout>
						<content>
							<item id="1">
								<label>$INFO[Window.Property(LatestMovie.1.Title)]</label>
								<label2></label2>
								<onclick>PlayMedia($INFO[Window.Property(LatestMovie.1.Path)])</onclick>
								<icon>$INFO[Window.Property(LatestMovie.1.Thumb)]</icon>
								<thumb>-</thumb>
							</item>
							<item id="2">
								<label>$INFO[Window.Property(LatestMovie.2.Title)]</label>
								<label2></label2>
								<onclick>PlayMedia($INFO[Window.Property(LatestMovie.2.Path)])</onclick>
								<icon>$INFO[Window.Property(LatestMovie.2.Thumb)]</icon>
								<thumb>-</thumb>
							</item>
							<item id="3">
								<label>$INFO[Window.Property(LatestMovie.3.Title)]</label>
								<label2></label2>
								<onclick>PlayMedia($INFO[Window.Property(LatestMovie.3.Path)])</onclick>
								<icon>$INFO[Window.Property(LatestMovie.3.Thumb)]</icon>
								<thumb>-</thumb>
							</item>
							<item id="4">
								<label>$INFO[Window.Property(LatestMovie.4.Title)]</label>
								<label2></label2>
								<onclick>PlayMedia($INFO[Window.Property(LatestMovie.4.Path)])</onclick>
								<icon>$INFO[Window.Property(LatestMovie.4.Thumb)]</icon>
								<thumb>-</thumb>
							</item>
						</content>
					</control>
				</control>
				
				<control type="group">
					<include>VisibleFadeEffect</include>
					<visible>Control.HasFocus(90100) | Control.HasFocus(90101) | Control.HasFocus(9002)</visible>
					<control type="label">
						<description>Header label</description>
						<posx>5</posx>
						<posy>5</posy>
						<height>30</height>
						<width>742</width>
						<label>$LOCALIZE[31008]</label>
						<align>center</align>
						<aligny>center</aligny>
						<font>font11</font>
						<shadowcolor>black</shadowcolor>
					</control>
					<control type="list" id="9002">
						<posx>5</posx>
						<posy>45</posy>
						<width>742</width>
						<height>245</height>
						<onleft>9001</onleft>
						<onright>9000</onright>
						<onup>9000</onup>
						<ondown>9000</ondown>
						<viewtype label="31028">list</viewtype>
						<pagecontrol>-</pagecontrol>
						<scrolltime>200</scrolltime>
						<orientation>horizontal</orientation>
						<itemlayout height="225" width="245">
							<control type="image">
								<posx>5</posx>
								<posy>0</posy>
								<width>240</width>
								<height>245</height>
								<texture border="5">button-nofocus.png</texture>
							</control>
							<control type="image">
								<posx>10</posx>
								<posy>5</posy>
								<width>230</width>
								<height>155</height>
								<aspectratio>scale</aspectratio>
								<texture background="true">$INFO[ListItem.thumb]</texture>
							</control>
							<control type="label">
								<posx>122</posx>
								<posy>170</posy>
								<height>20</height>
								<width>225</width>
								<label>$INFO[ListItem.Label2]</label>
								<align>center</align>
								<aligny>center</aligny>
								<font>font10</font>
								<shadowcolor>black</shadowcolor>
							</control>
							<control type="label">
								<posx>122</posx>
								<posy>193</posy>
								<height>20</height>
								<width>225</width>
								<label>$INFO[ListItem.ActualIcon]</label>
								<align>center</align>
								<aligny>center</aligny>
								<font>font10</font>
								<textcolor>grey2</textcolor>
								<shadowcolor>black</shadowcolor>
							</control>
							<control type="label">
								<posx>122</posx>
								<posy>215</posy>
								<height>20</height>
								<width>225</width>
								<label>$INFO[ListItem.label]</label>
								<align>center</align>
								<aligny>center</aligny>
								<font>font11</font>
								<shadowcolor>black</shadowcolor>
							</control>
						</itemlayout>
						<focusedlayout height="225" width="245">
							<control type="image">
								<posx>5</posx>
								<posy>0</posy>
								<width>240</width>
								<height>245</height>
								<texture border="5">button-nofocus.png</texture>
								<visible>!Control.HasFocus(9002)</visible>
							</control>
							<control type="image">
								<posx>5</posx>
								<posy>0</posy>
								<width>240</width>
								<height>245</height>
								<texture border="5">folder-focus.png</texture>
								<visible>Control.HasFocus(9002)</visible>
							</control>
							<control type="image">
								<posx>10</posx>
								<posy>5</posy>
								<width>230</width>
								<height>155</height>
								<aspectratio>scale</aspectratio>
								<texture background="true">$INFO[ListItem.thumb]</texture>
							</control>
							<control type="label">
								<posx>122</posx>
								<posy>170</posy>
								<height>20</height>
								<width>225</width>
								<label>$INFO[ListItem.Label2]</label>
								<align>center</align>
								<aligny>center</aligny>
								<font>font10</font>
								<shadowcolor>black</shadowcolor>
							</control>
							<control type="label">
								<posx>122</posx>
								<posy>193</posy>
								<height>20</height>
								<width>225</width>
								<label>$INFO[ListItem.ActualIcon]</label>
								<align>center</align>
								<aligny>center</aligny>
								<font>font10</font>
								<textcolor>grey2</textcolor>
								<shadowcolor>black</shadowcolor>
							</control>
							<control type="label">
								<posx>122</posx>
								<posy>215</posy>
								<height>20</height>
								<width>225</width>
								<label>$INFO[ListItem.label]</label>
								<align>center</align>
								<aligny>center</aligny>
								<font>font11</font>
								<shadowcolor>black</shadowcolor>
							</control>
						</focusedlayout>
						<content>
							<item id="1">
								<label>$INFO[Window.Property(LatestEpisode.1.EpisodeTitle)]</label>
								<label2>$INFO[Window.Property(LatestEpisode.1.ShowTitle)]</label2>
								<onclick>PlayMedia($INFO[Window.Property(LatestEpisode.1.Path)])</onclick>
								<icon>$INFO[Window.Property(LatestEpisode.1.EpisodeNo)]</icon>
								<thumb>$INFO[Window.Property(LatestEpisode.1.Thumb)]</thumb>
							</item>
							<item id="2">
								<label>$INFO[Window.Property(LatestEpisode.2.EpisodeTitle)]</label>
								<label2>$INFO[Window.Property(LatestEpisode.2.ShowTitle)]</label2>
								<onclick>PlayMedia($INFO[Window.Property(LatestEpisode.2.Path)])</onclick>
								<icon>$INFO[Window.Property(LatestEpisode.2.EpisodeNo)]</icon>
								<thumb>$INFO[Window.Property(LatestEpisode.2.Thumb)]</thumb>
							</item>
							<item id="3">
								<label>$INFO[Window.Property(LatestEpisode.3.EpisodeTitle)]</label>
								<label2>$INFO[Window.Property(LatestEpisode.3.ShowTitle)]</label2>
								<onclick>PlayMedia($INFO[Window.Property(LatestEpisode.3.Path)])</onclick>
								<icon>$INFO[Window.Property(LatestEpisode.3.EpisodeNo)]</icon>
								<thumb>$INFO[Window.Property(LatestEpisode.3.Thumb)]</thumb>
							</item>
						</content>
					</control>
				</control>	
			</control>
			
			<control type="group">
				<animation type="WindowOpen" reversible="false">
					<effect type="zoom" start="80" end="100" center="640,180" easing="out" tween="back" time="300" delay="300" />
					<effect type="fade" start="0" end="100" time="300" delay="300" />
				</animation>
				<animation type="WindowClose" reversible="false">
					<effect type="zoom" start="100" end="80" center="640,180" easing="in" tween="back" time="300" />
					<effect type="fade" start="100" end="0" time="300" />
				</animation>
				<animation type="Visible" reversible="false">
					<effect type="zoom" start="80" end="100" center="640,180" easing="out" tween="back" time="300" />
					<effect type="fade" start="0" end="100" time="300" />
				</animation>
				<animation type="Hidden" reversible="false">
					<effect type="zoom" start="100" end="80" center="640,180" easing="in" tween="back" time="300" />
					<effect type="fade" start="100" end="0" time="300" />
				</animation>
				<posx>400</posx>
				<posy>70</posy>
				<visible>Container(9000).HasFocus(5)</visible>
				<control type="image">
					<description>shadow border</description>
					<posx>-8</posx>
					<posy>-8</posy>
					<width>768</width>
					<height>326</height>
					<texture border="10">border-shadow.png</texture>
				</control>
				<control type="image">
					<description>background image</description>
					<posx>0</posx>
					<posy>0</posy>
					<width>752</width>
					<height>310</height>
					<texture border="8">SubBack.png</texture>
				</control>
				<control type="image">
					<posx>0</posx>
					<posy>0</posy>
					<width>750</width>
					<height>40</height>
					<texture>HorizontalGlow.png</texture>
				</control>
				<control type="group">
					<control type="label">
						<description>Weather label</description>
						<posx>5</posx>
						<posy>5</posy>
						<height>30</height>
						<width>240</width>
						<label>$INFO[Window(Weather).Property(Day1.Title)]</label>
						<align>center</align>
						<aligny>center</aligny>
						<font>font11</font>
						<shadowcolor>black</shadowcolor>
					</control>
					<control type="image">
						<description>Weather Icon</description>
						<posx>5</posx>
						<posy>45</posy>
						<width>246</width>
						<height>140</height>
						<aspectratio>keep</aspectratio>
						<texture>$INFO[Window(Weather).Property(Day1.OutlookIcon)]</texture>
					</control>
					<control type="image">
						<posx>5</posx>
						<posy>200</posy>
						<width>246</width>
						<height>1</height>
						<texture>separator.png</texture>
					</control>
					<control type="image">
						<posx>125</posx>
						<posy>201</posy>
						<width>1</width>
						<height>110</height>
						<texture>separator2_vertical.png</texture>
					</control>
					<control type="label">
						<description>High Temp Label</description>
						<posx>0</posx>
						<posy>220</posy>
						<height>20</height>
						<width>125</width>
						<label>$LOCALIZE[393]</label>
						<align>center</align>
						<aligny>center</aligny>
						<font>font11</font>
						<textcolor>grey2</textcolor>
						<shadowcolor>black</shadowcolor>
					</control>
					<control type="label">
						<description>High Temp Value</description>
						<posx>0</posx>
						<posy>255</posy>
						<height>30</height>
						<width>125</width>
						<label>$INFO[Window(Weather).Property(Day1.HighTemp)]</label>
						<align>center</align>
						<aligny>center</aligny>
						<font>font25</font>
						<shadowcolor>black</shadowcolor>
					</control>
					<control type="label">
						<description>Low Temp Label</description>
						<posx>125</posx>
						<posy>220</posy>
						<height>20</height>
						<width>125</width>
						<label>$LOCALIZE[391]</label>
						<align>center</align>
						<aligny>center</aligny>
						<font>font11</font>
						<textcolor>grey2</textcolor>
						<shadowcolor>black</shadowcolor>
					</control>
					<control type="label">
						<description>Low Temp Value</description>
						<posx>125</posx>
						<posy>255</posy>
						<height>30</height>
						<width>125</width>
						<label>$INFO[Window(Weather).Property(Day1.LowTemp)]</label>
						<align>center</align>
						<aligny>center</aligny>
						<font>font25</font>
						<shadowcolor>black</shadowcolor>
					</control>
					<control type="image">
						<posx>250</posx>
						<posy>0</posy>
						<width>1</width>
						<height>310</height>
						<texture>separator_vertical.png</texture>
					</control>
				</control>
				<control type="group">
					<posx>250</posx>
					<control type="label">
						<description>Weather label</description>
						<posx>5</posx>
						<posy>5</posy>
						<height>30</height>
						<width>240</width>
						<label>$INFO[Window(Weather).Property(Day2.Title)]</label>
						<align>center</align>
						<aligny>center</aligny>
						<font>font11</font>
						<shadowcolor>black</shadowcolor>
					</control>
					<control type="image">
						<description>Weather Icon</description>
						<posx>5</posx>
						<posy>45</posy>
						<width>246</width>
						<height>140</height>
						<aspectratio>keep</aspectratio>
						<texture>$INFO[Window(Weather).Property(Day2.OutlookIcon)]</texture>
					</control>
					<control type="image">
						<posx>5</posx>
						<posy>200</posy>
						<width>246</width>
						<height>1</height>
						<texture>separator.png</texture>
					</control>
					<control type="image">
						<posx>125</posx>
						<posy>201</posy>
						<width>1</width>
						<height>110</height>
						<texture>separator2_vertical.png</texture>
					</control>
					<control type="label">
						<description>High Temp Label</description>
						<posx>0</posx>
						<posy>220</posy>
						<height>20</height>
						<width>125</width>
						<label>$LOCALIZE[393]</label>
						<align>center</align>
						<aligny>center</aligny>
						<font>font11</font>
						<textcolor>grey2</textcolor>
						<shadowcolor>black</shadowcolor>
					</control>
					<control type="label">
						<description>High Temp Value</description>
						<posx>0</posx>
						<posy>255</posy>
						<height>30</height>
						<width>125</width>
						<label>$INFO[Window(Weather).Property(Day2.HighTemp)]</label>
						<align>center</align>
						<aligny>center</aligny>
						<font>font25</font>
						<shadowcolor>black</shadowcolor>
					</control>
					<control type="label">
						<description>Low Temp Label</description>
						<posx>125</posx>
						<posy>220</posy>
						<height>20</height>
						<width>125</width>
						<label>$LOCALIZE[391]</label>
						<align>center</align>
						<aligny>center</aligny>
						<font>font11</font>
						<textcolor>grey2</textcolor>
						<shadowcolor>black</shadowcolor>
					</control>
					<control type="label">
						<description>Low Temp Value</description>
						<posx>125</posx>
						<posy>255</posy>
						<height>30</height>
						<width>125</width>
						<label>$INFO[Window(Weather).Property(Day2.LowTemp)]</label>
						<align>center</align>
						<aligny>center</aligny>
						<font>font25</font>
						<shadowcolor>black</shadowcolor>
					</control>
					<control type="image">
						<posx>250</posx>
						<posy>0</posy>
						<width>1</width>
						<height>310</height>
						<texture>separator_vertical.png</texture>
					</control>
				</control>
				<control type="group">
					<posx>500</posx>
					<control type="label">
						<description>Weather label</description>
						<posx>5</posx>
						<posy>5</posy>
						<height>30</height>
						<width>240</width>
						<label>$INFO[Window(Weather).Property(Day3.Title)]</label>
						<align>center</align>
						<aligny>center</aligny>
						<font>font11</font>
						<shadowcolor>black</shadowcolor>
					</control>
					<control type="image">
						<description>Weather Icon</description>
						<posx>5</posx>
						<posy>45</posy>
						<width>246</width>
						<height>140</height>
						<aspectratio>keep</aspectratio>
						<texture>$INFO[Window(Weather).Property(Day3.OutlookIcon)]</texture>
					</control>
					<control type="image">
						<posx>5</posx>
						<posy>200</posy>
						<width>246</width>
						<height>1</height>
						<texture>separator.png</texture>
					</control>
					<control type="label">
						<description>High Temp Label</description>
						<posx>0</posx>
						<posy>220</posy>
						<height>20</height>
						<width>125</width>
						<label>$LOCALIZE[393]</label>
						<align>center</align>
						<aligny>center</aligny>
						<font>font11</font>
						<textcolor>grey2</textcolor>
						<shadowcolor>black</shadowcolor>
					</control>
					<control type="label">
						<description>High Temp Value</description>
						<posx>0</posx>
						<posy>255</posy>
						<height>30</height>
						<width>125</width>
						<label>$INFO[Window(Weather).Property(Day3.HighTemp)]</label>
						<align>center</align>
						<aligny>center</aligny>
						<font>font25</font>
						<shadowcolor>black</shadowcolor>
					</control>
					<control type="label">
						<description>Low Temp Label</description>
						<posx>125</posx>
						<posy>220</posy>
						<height>20</height>
						<width>125</width>
						<label>$LOCALIZE[391]</label>
						<align>center</align>
						<aligny>center</aligny>
						<font>font11</font>
						<textcolor>grey2</textcolor>
						<shadowcolor>black</shadowcolor>
					</control>
					<control type="label">
						<description>Low Temp Value</description>
						<posx>125</posx>
						<posy>255</posy>
						<height>30</height>
						<width>125</width>
						<label>$INFO[Window(Weather).Property(Day3.LowTemp)]</label>
						<align>center</align>
						<aligny>center</aligny>
						<font>font25</font>
						<shadowcolor>black</shadowcolor>
					</control>
					<control type="image">
						<posx>125</posx>
						<posy>201</posy>
						<width>1</width>
						<height>110</height>
						<texture>separator2_vertical.png</texture>
					</control> 
				</control>
			</control>
			
			<include file="IncludeAltHome.xml" condition="Skin.HasSetting(UseAlternativeHome)">IncludeAltHome</include>
			<include file="IncludeOrigHome.xml" condition="!Skin.HasSetting(UseAlternativeHome)">IncludeOrigHome</include>
			<include>Common_RSS_Feed</include>
			
			<control type="group">
				<posx>10</posx>
				<posy>36r</posy>
				<visible>Player.HasMedia</visible>
				<include>Window_OpenClose_Animation</include>
				<include>VisibleFadeEffect</include>
				<control type="image">
					<description>OSD back</description>
					<posx>0</posx>
					<posy>0</posy>
					<width>147</width>
					<height>32</height>
					<texture border="5">PlayerControls-Background.png</texture>
				</control>
				<control type="group">
					<posx>5</posx>
					<posy>0</posy>
					<control type="button" id="600">
						<posx>0</posx>
						<posy>0</posy>
						<width>32</width>
						<height>32</height>
						<label>-</label>
						<texturefocus>PlayerControls-PrevFO.png</texturefocus>
						<texturenofocus>PlayerControls-PrevNF.png</texturenofocus>
						<onleft>605</onleft>
						<onright>602</onright>
						<onup>9000</onup>
						<ondown>90098</ondown>
						<onclick>XBMC.PlayerControl(Previous)</onclick>
					</control>
					<control type="button" id="602">
						<posx>35</posx>
						<posy>0</posy>
						<width>32</width>
						<height>32</height>
						<label>-</label>
						<texturefocus>PlayerControls-StopFO.png</texturefocus>
						<texturenofocus>PlayerControls-StopNF.png</texturenofocus>
						<onleft>600</onleft>
						<onright>603</onright>
						<onup>9000</onup>
						<ondown>90098</ondown>
						<onclick>XBMC.PlayerControl(Stop)</onclick>
						<onclick>SetFocus(9000)</onclick>
					</control>
					<control type="togglebutton" id="603">
						<posx>70</posx>
						<posy>0</posy>
						<width>32</width>
						<height>32</height>
						<label>-</label>
						<texturefocus>PlayerControls-PauseFO.png</texturefocus>
						<texturenofocus>PlayerControls-PauseNF.png</texturenofocus>
						<usealttexture>Player.Paused | Player.Forwarding | Player.Rewinding</usealttexture>
						<alttexturefocus>PlayerControls-PlayFO.png</alttexturefocus>
						<alttexturenofocus>PlayerControls-PlayNF.png</alttexturenofocus>
						<onleft>602</onleft>
						<onright>605</onright>
						<onup>9000</onup>
						<ondown>90098</ondown>
						<onclick>XBMC.PlayerControl(Play)</onclick>
					</control>
					<control type="button" id="605">
						<posx>105</posx>
						<posy>0</posy>
						<width>32</width>
						<height>32</height>
						<label>-</label>
						<texturefocus>PlayerControls-NextFO.png</texturefocus>
						<texturenofocus>PlayerControls-NextNF.png</texturenofocus>
						<onleft>603</onleft>
						<onright>600</onright>
						<onup>9000</onup>
						<ondown>90098</ondown>
						<onclick>XBMC.PlayerControl(Next)</onclick>
					</control>
				</control>
			</control>
		</control>
		<include>BehindDialogFadeOut</include>
	</controls>	
</window>