<window id="29">
	<defaultcontrol always="true">52</defaultcontrol>
	<allowoverlay>no</allowoverlay>
	<coordinates>
		<system>1</system>
		<posx>0</posx>
		<posy>0</posy>
	</coordinates>
	<controls>
		<include>CommonBackground</include>
		<control type="image">
			<posx>0</posx>
			<posy>445</posy>
			<width>1280</width>
			<height>285</height>
			<texture>black-back.png</texture>
		</control>
		<control type="image">
			<posx>0</posx>
			<posy>445</posy>
			<width>512</width>
			<height>64</height>
			<texture>HorizontalGlow.png</texture>
		</control>
		<control type="image">
			<posx>512r</posx>
			<posy>445</posy>
			<width>512</width>
			<height>64</height>
			<texture>HorizontalGlow.png</texture>
		</control>
		<control type="image">
			<posx>30</posx>
			<posy>500</posy>
			<width>140</width>
			<height>140</height>
			<texture>icon_xbmc.png</texture>
			<bordertexture border="5">white-back.png</bordertexture>
			<bordersize>1</bordersize>
		</control>
		<control type="image">
			<posx>170r</posx>
			<posy>500</posy>
			<width>140</width>
			<height>140</height>
			<texture>special://skin/default.tbn</texture>
			<bordertexture border="5">white-back.png</bordertexture>
			<bordersize>1</bordersize>
		</control>
		<control type="label">
			<posx>0</posx>
			<posy>480</posy>
			<width>1280</width>
			<height>30</height>
			<font>font18</font>
			<textcolor>white</textcolor>
			<scroll>true</scroll>
			<align>center</align>
			<aligny>center</aligny>
			<label>[B]$INFO[ListItem.label][/B]</label>
		</control>
		<control type="label">
			<posx>0</posx>
			<posy>520</posy>
			<width>1280</width>
			<height>30</height>
			<font>font12</font>
			<textcolor>white</textcolor>
			<scroll>true</scroll>
			<align>center</align>
			<aligny>center</aligny>
			<label>$INFO[ListItem.label2]</label>
		</control>
		<control type="group">
			<posx>576</posx>
			<posy>580</posy>
			<control type="button" id="20">
				<posx>0</posx>
				<posy>0</posy>
				<width>128</width>
				<height>60</height>
				<label>-</label>
				<texturenofocus>ThumbNF.png</texturenofocus>
				<texturefocus>ThumbFO.png</texturefocus>
				<onleft>20</onleft>
				<onright>20</onright>
				<onup>52</onup>
				<ondown>52</ondown>
				<onclick>ActivateWindow(ShutdownMenu)</onclick>
			</control>
			<control type="image">
				<posx>5</posx>
				<posy>5</posy>
				<width>118</width>
				<height>50</height>
				<texture>thumbs/Power.png</texture>
				<bordertexture>black-back.png</bordertexture>
				<bordersize>1</bordersize>
				<aspectratio>stretch</aspectratio>
			</control>
			<control type="label">
				<posx>0</posx>
				<posy>65</posy>
				<width>128</width>
				<height>20</height>
				<font>font10</font>
				<textcolor>white</textcolor>
				<scroll>true</scroll>
				<align>center</align>
				<aligny>center</aligny>
				<label>$LOCALIZE[13005]</label>
			</control>
		</control>

		<control type="group">
			<include>Window_OpenClose_Animation</include>
			<control type="fixedlist" id="52">
				<posx>-123</posx>
				<posy>231</posy>
				<width>1526</width>
				<height>428</height>
				<onleft>52</onleft>
				<onright>52</onright>
				<onup>20</onup>
				<ondown>20</ondown>
				<viewtype label="31028">list</viewtype>
				<pagecontrol>61</pagecontrol>
				<scrolltime>200</scrolltime>
				<focusposition>3</focusposition>
				<orientation>horizontal</orientation>
				<preloaditems>4</preloaditems>
				<itemlayout height="428" width="218">
					<control type="image">
						<posx>2</posx>
						<posy>0</posy>
						<width>214</width>
						<height>214</height>
						<aspectratio>stretch</aspectratio>
						<texture border="5">button-nofocus.png</texture>
					</control>
					<control type="image">
						<posx>7</posx>
						<posy>5</posy>
						<width>204</width>
						<height>204</height>
						<aspectratio>stretch</aspectratio>
						<texture background="true">$INFO[ListItem.Icon]</texture>
						<bordertexture border="5">black-back.png</bordertexture>
						<bordersize>1</bordersize>
					</control>
					<control type="image">
						<posx>7</posx>
						<posy>214</posy>
						<width>204</width>
						<height>204</height>
						<aspectratio>stretch</aspectratio>
						<texture background="true" flipy="true" diffuse="diffuse_mirror.png">$INFO[ListItem.Icon]</texture>
						<bordertexture border="5" flipy="true" diffuse="diffuse_mirror.png">button-nofocus.png</bordertexture>
						<bordersize>7</bordersize>
					</control>
				</itemlayout>
				<focusedlayout height="428" width="218">
					<control type="image">
						<posx>2</posx>
						<posy>0</posy>
						<width>214</width>
						<height>214</height>
						<aspectratio>stretch</aspectratio>
						<texture border="5">button-nofocus.png</texture>
						<animation reversible="false" effect="zoom" start="2,0,214,214" end="-8,-10,234,234" time="200">focus</animation>
						<animation reversible="false" effect="zoom" end="2,0,214,214" start="-8,-10,234,234" time="200">unfocus</animation>
						<visible>!Control.HasFocus(52)</visible>
					</control>
					<control type="image">
						<posx>2</posx>
						<posy>0</posy>
						<width>214</width>
						<height>214</height>
						<aspectratio>stretch</aspectratio>
						<texture border="5">button-focus.png</texture>
						<animation reversible="false" effect="zoom" start="2,0,214,214" end="-8,-10,234,234" time="200">focus</animation>
						<animation reversible="false" effect="zoom" end="2,0,214,214" start="-8,-10,234,234" time="200">unfocus</animation>
						<visible>Control.HasFocus(52)</visible>
					</control>
					<control type="image">
						<posx>7</posx>
						<posy>5</posy>
						<width>204</width>
						<height>204</height>
						<aspectratio>stretch</aspectratio>
						<texture background="true">$INFO[ListItem.Icon]</texture>
						<bordertexture border="5">black-back.png</bordertexture>
						<bordersize>1</bordersize>
						<animation reversible="false" effect="zoom" start="7,7,204,204" end="-3,-3,224,224" time="200">focus</animation>
						<animation reversible="false" effect="zoom" end="7,7,204,204" start="-3,-3,224,224" time="200">unfocus</animation>
					</control>
					<control type="image">
						<posx>2</posx>
						<posy>214</posy>
						<width>214</width>
						<height>214</height>
						<aspectratio>stretch</aspectratio>
						<texture background="true" flipy="true" diffuse="diffuse_mirror.png">button-nofocus.png</texture>
						<animation reversible="false" effect="zoom" start="2,214,214,214" end="-8,219,234,234" time="200">focus</animation>
						<animation reversible="false" effect="zoom" end="2,214,214,214" start="-8,219,234,234" time="200">unfocus</animation>
						<visible>!Control.HasFocus(52)</visible>
					</control>
					<control type="image">
						<posx>2</posx>
						<posy>219</posy>
						<width>214</width>
						<height>214</height>
						<aspectratio>stretch</aspectratio>
						<texture background="true" flipy="true" diffuse="diffuse_mirror.png">button-focus.png</texture>
						<animation reversible="false" effect="zoom" start="2,219,214,214" end="-8,224,234,234" time="200">focus</animation>
						<animation reversible="false" effect="zoom" end="2,219,214,214" start="-8,224,234,234" time="200">unfocus</animation>
						<visible>Control.HasFocus(52)</visible>
					</control>
					<control type="image">
						<posx>7</posx>
						<posy>219</posy>
						<width>204</width>
						<height>204</height>
						<aspectratio>stretch</aspectratio>
						<texture background="true" flipy="true" diffuse="diffuse_mirror.png">$INFO[ListItem.Icon]</texture>
						<bordertexture border="5" flipy="true" diffuse="diffuse_mirror.png">black-back.png</bordertexture>
						<bordersize>1</bordersize>
						<animation reversible="false" effect="zoom" start="7,219,204,204" end="-3,229,224,224" time="200">focus</animation>
						<animation reversible="false" effect="zoom" end="7,219,204,204" start="-3,229,224,224" time="200">unfocus</animation>
					</control>
				</focusedlayout>
			</control>
		</control>
		<include>WindowHeader</include>
		<control type="image">
			<posx>20</posx>
			<posy>5</posy>
			<width>40</width>
			<height>35</height>
			<aspectratio>keep</aspectratio>
			<texture>icon_system.png</texture>
			<include>Window_OpenClose_Animation</include>
		</control>
		<control type="label">
			<description>Header label</description>
			<posx>70</posx>
			<posy>5</posy>
			<width>700</width>
			<height>35</height>
			<align>left</align>
			<aligny>center</aligny>
			<font>font13</font>
			<textcolor>white</textcolor>
			<label>$LOCALIZE[20115]</label>
			<include>Window_OpenClose_Animation</include>
		</control>
		<control type="image">
			<posx>0</posx>
			<posy>40r</posy>
			<width>1280</width>
			<height>40</height>
			<texture>Footer.png</texture>
		</control>
		<include>BehindDialogFadeOut</include>
	</controls>
</window>
