<window type="dialog" id="120">
	<defaultcontrol>603</defaultcontrol>
	<include>dialogeffect</include>
	<coordinates>
		<system>1</system>
		<posx>0</posx>
		<posy>0</posy>
	</coordinates>
	<controls>
		<control type="group">
			<include>VisibleFadeEffect</include>
			<visible>![Window.IsVisible(VisualisationSettings) | Window.IsVisible(VisualisationPresetList) | Window.IsVisible(SelectDialog)]</visible>
			<animation effect="slide" start="0,0" end="0,-150" time="200" tween="quadratic" easing="out" condition="Player.ShowInfo">Conditional</animation>
			<control type="group" id="700">
				<animation type="Visible" reversible="false">
					<effect type="zoom" start="80" end="100" center="640,600" easing="out" tween="back" time="200" />
					<effect type="fade" start="0" end="100" time="300" />
				</animation>
				<animation type="Hidden" reversible="false">
					<effect type="zoom" start="100" end="80" center="640,600" easing="in" tween="back" time="200" />
					<effect type="fade" start="100" end="0" time="300" />
				</animation>
				<posx>512</posx>
				<posy>340</posy>
				<visible allowhiddenfocus="true">ControlGroup(700).HasFocus</visible>
				<control type="image">
					<description>background image</description>
					<posx>0</posx>
					<posy>0</posy>
					<width>256</width>
					<height>235</height>
					<texture border="8">SubBack.png</texture>
				</control>
				<control type="image">
					<description>Overlay image</description>
					<posx>0</posx>
					<posy>0</posy>
					<width>150</width>
					<height>230</height>
					<texture>GlassOverlay.png</texture>
				</control>
				<control type="image">
					<posx>0</posx>
					<posy>0</posy>
					<width>256</width>
					<height>40</height>
					<texture>HorizontalGlow.png</texture>
				</control>
				<control type="image">
					<description>Down Arrow</description>
					<posx>108</posx>
					<posy>230</posy>
					<width>40</width>
					<height>30</height>
					<texture>arrow-big-down.png</texture>
				</control>
				<control type="grouplist" id="701">
					<posx>5</posx>
					<posy>5</posy>
					<width>246</width>
					<height>225</height>
					<align>top</align>
					<onleft>701</onleft>
					<onright>701</onright>
					<onup>599</onup>
					<ondown>599</ondown>
					<itemgap>0</itemgap>
					<visible>!Container(9000).HasFocus(5)</visible>
					<include>VisibleFadeEffect</include>
					<control type="togglebutton" id="702">
						<include>ButtonHomeSubCommonValues</include>
						<label>31015</label>
						<altlabel>31016</altlabel>
						<onclick>Skin.ToggleSetting(HideMusicOSDFanart)</onclick>
						<alttexturefocus border="5">button-focus2.png</alttexturefocus>
						<alttexturenofocus>-</alttexturenofocus>
						<usealttexture>!Skin.HasSetting(HideMusicOSDFanart)</usealttexture>
						<enable>!IsEmpty(MusicPlayer.Property(Fanart_Image))</enable>
					</control>
					<control type="button" id="500"> <!-- 703 -->
						<description>Popup Vis Select Button</description>
						<include>ButtonHomeSubCommonValues</include>
						<label>250</label>
					</control>
					<control type="button" id="704">
						<description>Popup Vis Settings</description>
						<include>ButtonHomeSubCommonValues</include>
						<label>31013</label>
						<onclick>XBMC.ActivateWindow(121)</onclick>
					</control>
					<control type="button" id="705">
						<description>Popup Vis Preset List</description>
						<include>ButtonHomeSubCommonValues</include>
						<label>31014</label>
						<onclick>XBMC.ActivateWindow(122)</onclick>
					</control>
					<control type="togglebutton" id="706">
						<include>ButtonHomeSubCommonValues</include>
						<label>31017</label>
						<altlabel>31028</altlabel>
						<onclick>Close</onclick>
						<onclick>XBMC.RunScript($INFO[Skin.String(LyricScript_Path)])</onclick>
						<altclick>Skin.SetFile(LyricScript_Path,.py)</altclick>
						<altclick>Close</altclick>
						<altclick>XBMC.RunScript($INFO[Skin.String(LyricScript_Path)])</altclick>
						<alttexturefocus border="5">button-focus2.png</alttexturefocus>
						<alttexturenofocus>-</alttexturenofocus>
						<usealttexture>IsEmpty(Skin.String(LyricScript_Path))</usealttexture>
					</control>
				</control>
				<control type="selectbutton" id="503">
					<include>VisibleFadeEffect</include>
					<posx>-22</posx>
					<posy>-60</posy>
					<description>Visualisation Select Button</description>
					<texturebg border="5">Barground2.png</texturebg>
					<onleft>503</onleft>
					<onright>503</onright>
					<onup>500</onup>
					<ondown>500</ondown>
				</control>
			</control>
			<control type="image">
				<description>Up Arrow</description>
				<posx>620</posx>
				<posy>570</posy>
				<width>40</width>
				<height>30</height>
				<texture>arrow-big-up.png</texture>
				<visible>!Control.IsVisible(700)</visible>
				<include>VisibleFadeEffect</include>
			</control>
			<control type="group" id="599">
				<posx>452</posx>
				<posy>600</posy>
				<control type="image">
					<description>OSD back</description>
					<posx>0</posx>
					<posy>0</posy>
					<width>375</width>
					<height>55</height>
					<texture border="5">PlayerControls-Background.png</texture>
				</control>
				<control type="group">
					<posx>10</posx>
					<posy>0</posy>
					<control type="button" id="600">
						<posx>0</posx>
						<posy>0</posy>
						<width>55</width>
						<height>55</height>
						<label>-</label>
						<texturefocus>PlayerControls-PrevFO.png</texturefocus>
						<texturenofocus>PlayerControls-PrevNF.png</texturenofocus>
						<onleft>605</onleft>
						<onright>601</onright>
						<onup>706</onup>
						<ondown>702</ondown>
						<onclick>XBMC.PlayerControl(Previous)</onclick>
					</control>
					<control type="button" id="601">
						<posx>60</posx>
						<posy>0</posy>
						<width>55</width>
						<height>55</height>
						<label>-</label>
						<texturefocus>PlayerControls-RewindFO.png</texturefocus>
						<texturenofocus>PlayerControls-RewindNF.png</texturenofocus>
						<onleft>600</onleft>
						<onright>602</onright>
						<onup>706</onup>
						<ondown>702</ondown>
						<onclick>XBMC.PlayerControl(Rewind)</onclick>
					</control>
					<control type="button" id="602">
						<posx>120</posx>
						<posy>0</posy>
						<width>55</width>
						<height>55</height>
						<label>-</label>
						<texturefocus>PlayerControls-StopFO.png</texturefocus>
						<texturenofocus>PlayerControls-StopNF.png</texturenofocus>
						<onleft>601</onleft>
						<onright>603</onright>
						<onup>706</onup>
						<ondown>702</ondown>
						<onclick>XBMC.PlayerControl(Stop)</onclick>
					</control>
					<control type="togglebutton" id="603">
						<posx>180</posx>
						<posy>0</posy>
						<width>55</width>
						<height>55</height>
						<label>-</label>
						<texturefocus>PlayerControls-PauseFO.png</texturefocus>
						<texturenofocus>PlayerControls-PauseNF.png</texturenofocus>
						<usealttexture>Player.Paused | Player.Forwarding | Player.Rewinding</usealttexture>
						<alttexturefocus>PlayerControls-PlayFO.png</alttexturefocus>
						<alttexturenofocus>PlayerControls-PlayNF.png</alttexturenofocus>
						<onleft>602</onleft>
						<onright>604</onright>
						<onup>706</onup>
						<ondown>702</ondown>
						<onclick>XBMC.PlayerControl(Play)</onclick>
					</control>
					<control type="button" id="604">
						<posx>240</posx>
						<posy>0</posy>
						<width>55</width>
						<height>55</height>
						<label>-</label>
						<texturefocus>PlayerControls-ForwardFO.png</texturefocus>
						<texturenofocus>PlayerControls-ForwardNF.png</texturenofocus>
						<onleft>603</onleft>
						<onright>605</onright>
						<onup>706</onup>
						<ondown>702</ondown>
						<onclick>XBMC.PlayerControl(Next)</onclick>
					</control>
					<control type="button" id="605">
						<posx>300</posx>
						<posy>0</posy>
						<width>55</width>
						<height>55</height>
						<label>-</label>
						<texturefocus>PlayerControls-NextFO.png</texturefocus>
						<texturenofocus>PlayerControls-NextNF.png</texturenofocus>
						<onleft>604</onleft>
						<onright>600</onright>
						<onup>706</onup>
						<ondown>702</ondown>
						<onclick>XBMC.PlayerControl(Next)</onclick>
					</control>
				</control>
			</control>
		</control>
	</controls>
</window>