<window id="121">
	<defaultcontrol>2</defaultcontrol>
	<coordinates>
		<system>1</system>
		<posx>240</posx>
		<posy>55</posy>
	</coordinates>
	<include>dialogeffect</include>
	<controls>
		<control type="image">
			<description>background image</description>
			<posx>0</posx>
			<posy>0</posy>
			<width>800</width>
			<height>610</height>
			<colordiffuse>DDFFFFFF</colordiffuse>
			<texture border="40">DialogBack.png</texture>
		</control>
		<control type="image">
			<description>Heading Background</description>
			<posx>30</posx>
			<posy>35</posy>
			<width>740</width>
			<height>40</height>
			<texture border="5">ThumbFO.png</texture>
		</control>
		<control type="label" id="2">
			<description>heading label</description>
			<posx>40</posx>
			<posy>35</posy>
			<width>720</width>
			<height>40</height>
			<align>center</align>
			<aligny>center</aligny>
			<font>font18</font>
			<textcolor>black</textcolor>
		</control>
		<control type="image">
			<posx>40</posx>
			<posy>78</posy>
			<width>720</width>
			<height>2</height>
			<texture>separator.png</texture>
		</control>
		<control type="grouplist" id="5">
			<description>control area</description>
			<posx>45</posx>
			<posy>85</posy>
			<width>710</width>
			<height>480</height>
			<itemgap>5</itemgap>
			<pagecontrol>60</pagecontrol>
			<onleft>5</onleft>
			<onright>5</onright>
			<onup>5</onup>
			<ondown>5</ondown>
		</control>
		<control type="button" id="7">
			<description>Default Button</description>
			<height>35</height>
			<font>font12</font>
			<textcolor>grey2</textcolor>
			<focusedcolor>white</focusedcolor>
			<texturefocus border="5">button-focus.png</texturefocus>
			<texturenofocus border="5">button-nofocus.png</texturenofocus>
		</control>
		<control type="radiobutton" id="8">
			<description>Default RadioButton</description>
			<height>35</height>
			<font>font12</font>
			<textcolor>grey2</textcolor>
			<focusedcolor>white</focusedcolor>
			<texturefocus border="5">button-focus.png</texturefocus>
			<texturenofocus border="5">button-nofocus.png</texturenofocus>
		</control>
		<control type="spincontrolex" id="9">
			<description>Default spincontrolex</description>
			<height>35</height>
			<texturefocus border="5">button-focus.png</texturefocus>
			<texturenofocus border="5">button-nofocus.png</texturenofocus>
			<font>font12</font>
			<textcolor>grey2</textcolor>
			<focusedcolor>white</focusedcolor>
			<reverse>yes</reverse>
		</control>
	</controls>
</window>