<window id="35">
	<defaultcontrol always="true">50</defaultcontrol>
	<allowoverlay>no</allowoverlay>
	<views>50,53,54</views>
	<controls>
		<include>CommonBackground</include>
		<control type="group">
			<include file="ViewsFileMode_CommonLower_Info.xml">CommonLower_Info</include>
			<include file="ViewsFileMode_CommonRootView2.xml">CommonRootView2</include> <!-- view id = 50 -->
			<include file="ViewsFileMode_ThumbnailView.xml" condition="!Skin.HasSetting(HideThumbnailView)">ThumbnailView</include> <!-- view id = 53 -->
			<include file="ViewsFileMode_ThumbnailView_Info.xml" condition="!Skin.HasSetting(HideThumbnailView_Info)">ThumbnailView_Info</include> <!-- view id = 54 -->
			<include>ScrollOffsetLabel</include>
		</control>
		<control type="group">
			<include>VisibleFadeEffect</include>
			<visible allowhiddenfocus="true">ControlGroup(9000).HasFocus | ControlGroup(9001).HasFocus</visible>
			<posx>60</posx>
			<posy>45</posy>
			<control type="image">
				<description>Down Arrow</description>
				<posx>30</posx>
				<posy>0</posy>
				<width>40</width>
				<height>30</height>
				<texture>arrow-big-up.png</texture>
				<animation effect="slide" start="0,0" end="64,0" time="200" condition="Player.HasMedia">conditional</animation>
			</control>
			<include>CommonNowPlaying_Controls</include>
			<include>CommonNowPlaying</include>
			<control type="group" id="9000">
				<posx>0</posx>
				<posy>30</posy>
				<visible>true</visible>
				<animation effect="slide" start="0,0" end="64,0" time="200" condition="Player.HasMedia">conditional</animation>
				<control type="image">
					<description>background image</description>
					<posx>0</posx>
					<posy>-5</posy>
					<width>290</width>
					<height>415</height>
					<texture border="8">SubBack.png</texture>
				</control>
				<control type="image">
					<description>Overlay image</description>
					<posx>0</posx>
					<posy>-5</posy>
					<width>200</width>
					<height>310</height>
					<texture>GlassOverlay.png</texture>
				</control>
				<control type="image">
					<posx>0</posx>
					<posy>-5</posy>
					<width>290</width>
					<height>40</height>
					<texture>HorizontalGlow.png</texture>
				</control>
				<control type="button" id="2">
					<description>View As button</description>
					<posx>0</posx>
					<posy>0</posy>
					<include>ButtonCommonValues</include>
					<label>-</label>
					<onleft>50</onleft>
					<onright>50</onright>
					<onup>611</onup>
					<ondown>3</ondown>
				</control>
				<control type="button" id="3">
					<description>Sort by button</description>
					<posx>0</posx>
					<posy>45</posy>
					<include>ButtonCommonValues</include>
					<label>103</label>
					<onleft>50</onleft>
					<onright>4</onright>
					<onup>2</onup>
					<ondown>610</ondown>
				</control>
				<control type="togglebutton" id="4">
					<description>Sort asc</description>
					<posx>250</posx>
					<posy>58</posy>
					<label>-</label>
					<onleft>3</onleft>
					<onright>50</onright>
					<onup>2</onup>
					<ondown>610</ondown>
				</control>
			</control>
		</control>
		<include>WindowHeader</include>
		<control type="image">
			<posx>20</posx>
			<posy>5</posy>
			<width>40</width>
			<height>35</height>
			<aspectratio>keep</aspectratio>
			<texture>icon_addons.png</texture>
		</control>
		<control type="label">
			<description>Header label</description>
			<posx>70</posx>
			<posy>5</posy>
			<width>700</width>
			<height>35</height>
			<align>left</align>
			<aligny>center</aligny>
			<font>font13</font>
			<textcolor>white</textcolor>
			<label>$LOCALIZE[9] - $LOCALIZE[20323]</label>
		</control>
		<include>WindowFooter</include>
		<include>BehindDialogFadeOut</include>		
	</controls>
</window>