<window id="1">
	<defaultcontrol always="true">50</defaultcontrol>
	<allowoverlay>no</allowoverlay>
	<views>50,53,54,55</views>
	<controls>
		<include>CommonBackground</include>
		<control type="group">
			<include>ViewVisibleEffect</include>
			<include file="ViewsFileMode_CommonLower_Info.xml">CommonLower_Info</include>
			<include file="ViewsFileMode_CommonRootView2.xml">CommonRootView2</include> <!-- view id = 50 -->
			<include file="ViewsFileMode_ThumbnailView.xml" condition="!Skin.HasSetting(HideThumbnailView">ThumbnailView</include> <!-- view id = 53 -->
			<include file="ViewsFileMode_ThumbnailView_Info.xml" condition="!Skin.HasSetting(HideThumbnailView_Info">ThumbnailView_Info</include> <!-- view id = 54 -->
			<include file="ViewsFileMode_WideIconView.xml" condition="!Skin.HasSetting(HideWideIconView">WideIconView</include> <!-- view id = 55 -->
			<include>ScrollOffsetLabel</include>
		</control>
		<include>CommonNowPlaying_Controls</include> <!-- This is ControlGroup(9001) -->
		<include>CommonNowPlaying</include>
		<control type="group">
			<include>CommonOptionsMenuBack</include>
			<control type="group" id="9000">
				<posx>5</posx>
				<posy>30</posy>
				<control type="button" id="2">
					<description>View As button</description>
					<posx>0</posx>
					<posy>0</posy>
					<include>ButtonCommonValues</include>
					<label>-</label>
					<onleft>9001</onleft>
					<onright>50</onright>
					<onup>3</onup>
					<ondown>3</ondown>
				</control>
				<control type="image">
					<description>NoFocus Background for Sort button</description>
					<posx>0</posx>
					<posy>45</posy>
					<width>238</width>
					<height>45</height>
					<texture border="5">button-nofocus.png</texture>
					<visible>Control.HasFocus(4)</visible>
				</control>
				<control type="button" id="3">
					<description>Sort by button</description>
					<posx>0</posx>
					<posy>45</posy>
					<width>238</width>
					<include>ButtonCommonValues</include>
					<label>103</label>
					<onleft>9001</onleft>
					<onright>4</onright>
					<onup>2</onup>
					<ondown>2</ondown>
				</control>
				<control type="image">
					<description>NoFocus Background for Sort Direction Toggle</description>
					<posx>240</posx>
					<posy>45</posy>
					<width>40</width>
					<height>45</height>
					<texture border="5">button-nofocus.png</texture>
					<visible>Control.HasFocus(3)</visible>
				</control>
				<control type="image">
					<description>Focus Background for Sort Direction Toggle</description>
					<posx>240</posx>
					<posy>45</posy>
					<width>40</width>
					<height>45</height>
					<texture border="5">button-focus2.png</texture>
					<visible>Control.HasFocus(4)</visible>
				</control>
				<control type="togglebutton" id="4">
					<description>Sort asc</description>
					<posx>250</posx>
					<posy>58</posy>
					<label>-</label>
					<texturefocus>scroll-up.png</texturefocus>
					<texturenofocus>scroll-up.png</texturenofocus>
					<alttexturefocus>scroll-down.png</alttexturefocus>
					<alttexturenofocus>scroll-down.png</alttexturenofocus>
					<onleft>3</onleft>
					<onright>50</onright>
					<onup>2</onup>
					<ondown>2</ondown>
				</control>
			</control>
		</control>
		<include>WindowHeader</include>
		<control type="image">
			<posx>20</posx>
			<posy>5</posy>
			<width>40</width>
			<height>35</height>
			<aspectratio>keep</aspectratio>
			<texture>icon_addons.png</texture>
		</control>
		<control type="label">
			<description>Header label</description>
			<posx>70</posx>
			<posy>5</posy>
			<width>700</width>
			<height>35</height>
			<align>left</align>
			<aligny>center</aligny>
			<font>font13</font>
			<textcolor>white</textcolor>
			<label>$LOCALIZE[0]</label>
		</control>
		<include>WindowFooter</include>
		<include>BehindDialogFadeOut</include>
	</controls>
</window>