<window id="6">
	<defaultcontrol always="true">50</defaultcontrol>
	<allowoverlay>no</allowoverlay>
	<views>50,51,57,58,53,54,55</views>
	<controls>
		<include>CommonBackground</include>
		<control type="group">
			<include>ViewVisibleEffect</include>
			<include file="ViewsFileMode_CommonLower_Info.xml">CommonLower_Info</include>
			<include file="ViewsFileMode_CommonRootView.xml">CommonRootView</include> <!-- view id = 50 -->
			<include file="ViewsFileMode_CommonRootView_Info.xml" condition="!Skin.HasSetting(HideCommonRootView_Info)">CommonRootView_Info</include> <!-- view id = 51 -->
			<include file="ViewsVideoLibrary_MovieDVDView.xml" condition="!Skin.HasSetting(HideMovieDVDView)">MovieDVDView</include> <!-- view id = 57 -->
			<include file="ViewsVideoLibrary_FanartView.xml" condition="!Skin.HasSetting(HideFanartView)">FanartView</include> <!-- view id = 58 -->
			<include file="ViewsFileMode_ThumbnailView.xml" condition="!Skin.HasSetting(HideThumbnailView)">ThumbnailView</include> <!-- view id = 53 -->
			<include file="ViewsFileMode_ThumbnailView_Info.xml" condition="!Skin.HasSetting(HideThumbnailView_Info)">ThumbnailView_Info</include> <!-- view id = 54 -->
			<include file="ViewsFileMode_WideIconView.xml" condition="!Skin.HasSetting(HideWideIconView)">WideIconView</include> <!-- view id = 55 -->
			<include>ScrollOffsetLabel</include>
		</control>
		<include>CommonNowPlaying_Controls</include> <!-- This is ControlGroup(9001) -->
		<include>CommonNowPlaying</include>
		<control type="group">
			<include>CommonOptionsMenuBack</include>
			<control type="group" id="9000">
				<posx>5</posx>
				<posy>30</posy>
				<control type="button" id="2">
					<description>View As button</description>
					<posx>0</posx>
					<posy>0</posy>
					<include>ButtonCommonValues</include>
					<label>-</label>
					<onleft>9001</onleft>
					<onright>50</onright>
					<onup>7</onup>
					<ondown>3</ondown>
				</control>
				<control type="image">
					<description>NoFocus Background for Sort button</description>
					<posx>0</posx>
					<posy>45</posy>
					<width>238</width>
					<height>45</height>
					<texture border="5">button-nofocus.png</texture>
					<visible>Control.HasFocus(4)</visible>
				</control>
				<control type="button" id="3">
					<description>Sort by button</description>
					<posx>0</posx>
					<posy>45</posy>
					<width>238</width>
					<include>ButtonCommonValues</include>
					<label>103</label>
					<onleft>9001</onleft>
					<onright>4</onright>
					<onup>2</onup>
					<ondown>99</ondown>
				</control>
				<control type="image">
					<description>NoFocus Background for Sort Direction Toggle</description>
					<posx>240</posx>
					<posy>45</posy>
					<width>40</width>
					<height>45</height>
					<texture border="5">button-nofocus.png</texture>
					<visible>Control.HasFocus(3)</visible>
				</control>
				<control type="image">
					<description>Focus Background for Sort Direction Toggle</description>
					<posx>240</posx>
					<posy>45</posy>
					<width>40</width>
					<height>45</height>
					<texture border="5">button-focus2.png</texture>
					<visible>Control.HasFocus(4)</visible>
				</control>
				<control type="togglebutton" id="4">
					<description>Sort asc</description>
					<posx>250</posx>
					<posy>58</posy>
					<label>-</label>
					<texturefocus>scroll-up.png</texturefocus>
					<texturenofocus>scroll-up.png</texturenofocus>
					<alttexturefocus>scroll-down.png</alttexturefocus>
					<alttexturenofocus>scroll-down.png</alttexturenofocus>
					<onleft>3</onleft>
					<onright>50</onright>
					<onup>2</onup>
					<ondown>99</ondown>
				</control>
				<control type="radiobutton" id="99">
					<description>Library button</description>
					<posx>0</posx>
					<posy>90</posy>
					<label>$LOCALIZE[29800]</label>
					<onclick>ReplaceWindow(myvideolibrary)</onclick>
					<selected>Window.IsVisible(myvideolibrary)</selected>
					<include>ButtonCommonValues</include>
					<onleft>9001</onleft>
					<onright>50</onright>
					<onup>3</onup>
					<ondown>7</ondown>
					<enable>Library.HasContent(Video)</enable>
				</control>
				<control type="radiobutton" id="7">
					<description>Stack Toggle</description>
					<posx>0</posx>
					<posy>135</posy>
					<include>ButtonCommonValues</include>
					<label>346</label>
					<onleft>9001</onleft>
					<onright>50</onright>
					<onup>99</onup>
					<ondown>2</ondown>
				</control>
			</control>
		</control>
		<include>WindowHeader</include>
		<control type="image">
			<posx>20</posx>
			<posy>5</posy>
			<width>40</width>
			<height>35</height>
			<aspectratio>keep</aspectratio>
			<texture>icon_video.png</texture>
		</control>
		<control type="label">
			<description>Header label</description>
			<posx>70</posx>
			<posy>5</posy>
			<width>400</width>
			<height>35</height>
			<align>left</align>
			<aligny>center</aligny>
			<font>font13</font>
			<textcolor>white</textcolor>
			<label>$LOCALIZE[31021]</label>
		</control>
		<include>WindowFooter</include>
		<control type="grouplist">
			<description>Media Codec Flagging Images</description>
			<posx>20</posx>
			<posy>43r</posy>
			<width>620</width>
			<itemgap>5</itemgap>
			<orientation>horizontal</orientation>
			<include file="IncludesCodecFlagging.xml">VideoTypeHackFlaggingConditions</include>
		</control>
		<include>BehindDialogFadeOut</include>
	</controls>
</window>