<window id="2600">
	<defaultcontrol always="true">3</defaultcontrol>
	<allowoverlay>no</allowoverlay>
	<controls>
		<include>CommonBackground</include>
		<control type="group">
			<control type="group">
				<animation type="WindowOpen" reversible="false">
					<effect type="zoom" start="80" end="100" center="640,360" easing="out" tween="back" time="300" />
					<effect type="fade" start="0" end="100" time="300" />
				</animation>
				<animation type="WindowClose" reversible="false">
					<effect type="zoom" start="100" end="80" center="640,360" easing="in" tween="back" time="300" />
					<effect type="fade" start="100" end="0" time="300" />
				</animation>
				<posx>150</posx>
				<posy>70</posy>
				<control type="image">
					<description>shadow border</description>
					<posx>-8</posx>
					<posy>-8</posy>
					<width>476</width>
					<height>296</height>
					<texture border="10">border-shadow.png</texture>
				</control>
				<control type="image">
					<posx>0</posx>
					<posy>0</posy>
					<width>460</width>
					<height>280</height>
					<texture border="8">SubBack.png</texture>
				</control>
				<control type="image">
					<posx>0</posx>
					<posy>0</posy>
					<width>460</width>
					<height>40</height>
					<texture>HorizontalGlow.png</texture>
				</control>
				<control type="image">
					<description>Overlay image</description>
					<posx>0</posx>
					<posy>0</posy>
					<width>200</width>
					<height>310</height>
					<texture>GlassOverlay.png</texture>
				</control>
				<control type="label">
					<description>Weather label</description>
					<posx>5</posx>
					<posy>5</posy>
					<height>30</height>
					<width>450</width>
					<label>$LOCALIZE[31012]</label>
					<align>center</align>
					<aligny>center</aligny>
					<font>font11</font>
					<shadowcolor>black</shadowcolor>
				</control>
				<control type="grouplist">
					<posx>20</posx>
					<posy>20</posy>
					<width>210</width>
					<height>180</height>
					<orientation>horizontal</orientation>
					<align>center</align>
					<itemgap>5</itemgap>
					<control type="label">
						<description>current temp Value</description>
						<width min="0" max="200">auto</width>
						<height>180</height>
						<font>font35b</font>
						<aligny>center</aligny>
						<label>$INFO[Window.Property(Current.Temperature)]</label>
						<textcolor>white</textcolor>
						<shadowcolor>black</shadowcolor>
					</control>
					<control type="label">
						<description>current temp Value</description>
						<width min="0" max="100">auto</width>
						<height>140</height>
						<font>font13</font>
						<aligny>center</aligny>
						<label>$INFO[System.TemperatureUnits]</label>
						<textcolor>white</textcolor>
						<shadowcolor>black</shadowcolor>
					</control>
				</control>
				<control type="image">
					<description>current weather icon</description>
					<posx>230</posx>
					<posy>30</posy>
					<width>210</width>
					<height>170</height>
					<info>Window.Property(Current.ConditionIcon)</info>
					<aspectratio>keep</aspectratio>
				</control>
				<control type="image">
					<posx>5</posx>
					<posy>220</posy>
					<width>410</width>
					<height>1</height>
					<texture>separator.png</texture>
				</control>
				<control type="label">
					<description>current condition label</description>
					<posx>20</posx>
					<posy>220</posy>
					<width>420</width>
					<height>50</height>
					<info>Window.Property(Current.Condition)</info>
					<wrapmultiline>true</wrapmultiline>
					<font>font12</font>
					<align>center</align>
					<aligny>center</aligny>
					<textcolor>white</textcolor>
				</control>
			</control>
			<control type="group">
			<animation type="WindowOpen" reversible="false">
				<effect type="zoom" start="80" end="100" center="640,360" easing="out" tween="back" time="300" delay="100" />
				<effect type="fade" start="0" end="100" time="300" delay="100" />
			</animation>
			<animation type="WindowClose" reversible="false">
				<effect type="zoom" start="100" end="80" center="640,360" easing="in" tween="back" time="300" />
				<effect type="fade" start="100" end="0" time="300" />
			</animation>
				<posx>150</posx>
				<posy>360</posy>
				<control type="image">
					<description>shadow border</description>
					<posx>-8</posx>
					<posy>-8</posy>
					<width>476</width>
					<height>296</height>
					<texture border="10">border-shadow.png</texture>
				</control>
				<control type="image">
					<posx>0</posx>
					<posy>0</posy>
					<width>460</width>
					<height>280</height>
					<texture border="8">SubBack.png</texture>
				</control>
				<control type="image">
					<posx>0</posx>
					<posy>0</posy>
					<width>460</width>
					<height>40</height>
					<texture>HorizontalGlow.png</texture>
				</control>
				<control type="group">
					<posx>0</posx>
					<posy>40</posy>
					<control type="label">
						<description>current feels like label</description>
						<posx>170</posx>
						<posy>0</posy>
						<width>170</width>
						<height>35</height>
						<font>font12</font>
						<align>right</align>
						<aligny>center</aligny>
						<label>$LOCALIZE[402] :</label>
						<textcolor>grey2</textcolor>
					</control>
					<control type="label">
						<description>current dew label</description>
						<posx>170</posx>
						<posy>40</posy>
						<width>170</width>
						<height>35</height>
						<font>font12</font>
						<align>right</align>
						<aligny>center</aligny>
						<label>$LOCALIZE[405] :</label>
						<textcolor>grey2</textcolor>
					</control>
					<control type="label">
						<description>current humidity label</description>
						<posx>170</posx>
						<posy>80</posy>
						<width>170</width>
						<height>35</height>
						<font>font12</font>
						<align>right</align>
						<aligny>center</aligny>
						<label>$LOCALIZE[406] :</label>
						<textcolor>grey2</textcolor>
					</control>
					<control type="label">
						<description>current UV Index label</description>
						<posx>170</posx>
						<posy>120</posy>
						<width>170</width>
						<height>35</height>
						<font>font12</font>
						<align>right</align>
						<aligny>center</aligny>
						<label>$LOCALIZE[403] :</label>
						<textcolor>grey2</textcolor>
					</control>
					<control type="label">
						<description>current Wind label</description>
						<posx>170</posx>
						<posy>160</posy>
						<width>170</width>
						<height>35</height>
						<font>font12</font>
						<align>right</align>
						<aligny>center</aligny>
						<label>$LOCALIZE[404] :</label>
						<textcolor>grey2</textcolor>
					</control>
					<control type="label">
						<description>current feels like Value</description>
						<posx>180</posx>
						<posy>0</posy>
						<width>280</width>
						<height>35</height>
						<font>font12</font>
						<align>left</align>
						<aligny>center</aligny>
						<label>$INFO[Window.Property(Current.FeelsLike)]$INFO[System.TemperatureUnits]</label>
						<textcolor>white</textcolor>
					</control>
					<control type="label">
						<description>current dew Value</description>
						<posx>180</posx>
						<posy>40</posy>
						<width>280</width>
						<height>35</height>
						<font>font12</font>
						<align>left</align>
						<aligny>center</aligny>
						<label>$INFO[Window.Property(Current.DewPoint)]$INFO[System.TemperatureUnits]</label>
						<textcolor>white</textcolor>
					</control>
					<control type="label">
						<description>current humidity Value</description>
						<posx>180</posx>
						<posy>80</posy>
						<width>280</width>
						<height>35</height>
						<font>font12</font>
						<align>left</align>
						<aligny>center</aligny>
						<info>Window.Property(Current.Humidity)</info>
						<textcolor>white</textcolor>
					</control>
					<control type="label">
						<description>current UV Index Value</description>
						<posx>180</posx>
						<posy>120</posy>
						<width>280</width>
						<height>35</height>
						<font>font12</font>
						<align>left</align>
						<aligny>center</aligny>
						<info>Window.Property(Current.UVIndex)</info>
						<textcolor>white</textcolor>
					</control>
					<control type="label">
						<description>current Wind Value</description>
						<posx>180</posx>
						<posy>160</posy>
						<width>280</width>
						<height>35</height>
						<font>font12</font>
						<align>left</align>
						<aligny>center</aligny>
						<info>Window.Property(Current.Wind)</info>
						<textcolor>white</textcolor>
					</control>
				</control>
			</control>
			<control type="group">
			<animation type="WindowOpen" reversible="false">
				<effect type="zoom" start="80" end="100" center="640,360" easing="out" tween="back" time="300" delay="200" />
				<effect type="fade" start="0" end="100" time="300" delay="200" />
			</animation>
			<animation type="WindowClose" reversible="false">
				<effect type="zoom" start="100" end="80" center="640,360" easing="in" tween="back" time="300" />
				<effect type="fade" start="100" end="0" time="300" />
			</animation>
				<description>day 0</description>
				<posx>620</posx>
				<posy>70</posy>
				<control type="image">
					<description>shadow border</description>
					<posx>-8</posx>
					<posy>-8</posy>
					<width>266</width>
					<height>296</height>
					<texture border="10">border-shadow.png</texture>
				</control>
				<control type="image">
					<description>background image</description>
					<posx>0</posx>
					<posy>0</posy>
					<width>250</width>
					<height>280</height>
					<texture border="8">SubBack.png</texture>
				</control>
				<control type="image">
					<posx>0</posx>
					<posy>0</posy>
					<width>250</width>
					<height>40</height>
					<texture>HorizontalGlow.png</texture>
				</control>
				<control type="image">
					<description>Overlay image</description>
					<posx>0</posx>
					<posy>0</posy>
					<width>200</width>
					<height>310</height>
					<texture>GlassOverlay.png</texture>
				</control>
				<control type="label">
					<description>Weather label</description>
					<posx>5</posx>
					<posy>5</posy>
					<height>30</height>
					<width>240</width>
					<label>$INFO[Window(Weather).Property(Day0.Title)]</label>
					<align>center</align>
					<aligny>center</aligny>
					<font>font11</font>
					<shadowcolor>black</shadowcolor>
				</control>
				<control type="image">
					<description>Weather Icon</description>
					<posx>5</posx>
					<posy>35</posy>
					<width>246</width>
					<height>125</height>
					<aspectratio>keep</aspectratio>
					<texture>$INFO[Window(Weather).Property(Day0.OutlookIcon)]</texture>
				</control>
				<control type="image">
					<posx>5</posx>
					<posy>170</posy>
					<width>246</width>
					<height>1</height>
					<texture>separator.png</texture>
				</control>
				<control type="image">
					<posx>125</posx>
					<posy>171</posy>
					<width>1</width>
					<height>80</height>
					<texture>separator2_vertical.png</texture>
				</control>
				<control type="label">
					<description>High Temp Label</description>
					<posx>0</posx>
					<posy>180</posy>
					<height>20</height>
					<width>125</width>
					<label>$LOCALIZE[393]</label>
					<align>center</align>
					<aligny>center</aligny>
					<font>font11</font>
					<textcolor>grey2</textcolor>
					<shadowcolor>black</shadowcolor>
				</control>
				<control type="label">
					<description>High Temp Value</description>
					<posx>0</posx>
					<posy>210</posy>
					<height>30</height>
					<width>125</width>
					<label>$INFO[Window(Weather).Property(Day0.HighTemp)]</label>
					<align>center</align>
					<aligny>center</aligny>
					<font>font25</font>
					<shadowcolor>black</shadowcolor>
				</control>
				<control type="label">
					<description>Low Temp Label</description>
					<posx>125</posx>
					<posy>180</posy>
					<height>20</height>
					<width>125</width>
					<label>$LOCALIZE[391]</label>
					<align>center</align>
					<aligny>center</aligny>
					<font>font11</font>
					<textcolor>grey2</textcolor>
					<shadowcolor>black</shadowcolor>
				</control>
				<control type="label">
					<description>Low Temp Value</description>
					<posx>125</posx>
					<posy>210</posy>
					<height>30</height>
					<width>125</width>
					<label>$INFO[Window(Weather).Property(Day0.LowTemp)]</label>
					<align>center</align>
					<aligny>center</aligny>
					<font>font25</font>
					<shadowcolor>black</shadowcolor>
				</control>
				<control type="label">
					<description>conditions label</description>
					<posx>5</posx>
					<posy>250</posy>
					<width>240</width>
					<height>20</height>
					<info>Window.Property(Day0.Outlook)</info>
					<font>font10</font>
					<align>center</align>
					<aligny>center</aligny>
					<textcolor>grey2</textcolor>
				</control>
			</control>
			<control type="group">
			<animation type="WindowOpen" reversible="false">
				<effect type="zoom" start="80" end="100" center="640,360" easing="out" tween="back" time="300" delay="400" />
				<effect type="fade" start="0" end="100" time="300" delay="400" />
			</animation>
			<animation type="WindowClose" reversible="false">
				<effect type="zoom" start="100" end="80" center="640,360" easing="in" tween="back" time="300" />
				<effect type="fade" start="100" end="0" time="300" />
			</animation>
				<description>day 1</description>
				<posx>880</posx>
				<posy>70</posy>
				<control type="image">
					<description>shadow border</description>
					<posx>-8</posx>
					<posy>-8</posy>
					<width>266</width>
					<height>296</height>
					<texture border="10">border-shadow.png</texture>
				</control>
				<control type="image">
					<description>background image</description>
					<posx>0</posx>
					<posy>0</posy>
					<width>250</width>
					<height>280</height>
					<texture border="8">SubBack.png</texture>
				</control>
				<control type="image">
					<posx>0</posx>
					<posy>0</posy>
					<width>250</width>
					<height>40</height>
					<texture>HorizontalGlow.png</texture>
				</control>
				<control type="image">
					<description>Overlay image</description>
					<posx>0</posx>
					<posy>0</posy>
					<width>200</width>
					<height>310</height>
					<texture>GlassOverlay.png</texture>
				</control>
				<control type="label">
					<description>Weather label</description>
					<posx>5</posx>
					<posy>5</posy>
					<height>30</height>
					<width>240</width>
					<label>$INFO[Window(Weather).Property(Day1.Title)]</label>
					<align>center</align>
					<aligny>center</aligny>
					<font>font11</font>
					<shadowcolor>black</shadowcolor>
				</control>
				<control type="image">
					<description>Weather Icon</description>
					<posx>5</posx>
					<posy>35</posy>
					<width>246</width>
					<height>125</height>
					<aspectratio>keep</aspectratio>
					<texture>$INFO[Window(Weather).Property(Day1.OutlookIcon)]</texture>
				</control>
				<control type="image">
					<posx>5</posx>
					<posy>170</posy>
					<width>246</width>
					<height>1</height>
					<texture>separator.png</texture>
				</control>
				<control type="image">
					<posx>125</posx>
					<posy>171</posy>
					<width>1</width>
					<height>80</height>
					<texture>separator2_vertical.png</texture>
				</control>
				<control type="label">
					<description>High Temp Label</description>
					<posx>0</posx>
					<posy>180</posy>
					<height>20</height>
					<width>125</width>
					<label>$LOCALIZE[393]</label>
					<align>center</align>
					<aligny>center</aligny>
					<font>font11</font>
					<textcolor>grey2</textcolor>
					<shadowcolor>black</shadowcolor>
				</control>
				<control type="label">
					<description>High Temp Value</description>
					<posx>0</posx>
					<posy>210</posy>
					<height>30</height>
					<width>125</width>
					<label>$INFO[Window(Weather).Property(Day1.HighTemp)]</label>
					<align>center</align>
					<aligny>center</aligny>
					<font>font25</font>
					<shadowcolor>black</shadowcolor>
				</control>
				<control type="label">
					<description>Low Temp Label</description>
					<posx>125</posx>
					<posy>180</posy>
					<height>20</height>
					<width>125</width>
					<label>$LOCALIZE[391]</label>
					<align>center</align>
					<aligny>center</aligny>
					<font>font11</font>
					<textcolor>grey2</textcolor>
					<shadowcolor>black</shadowcolor>
				</control>
				<control type="label">
					<description>Low Temp Value</description>
					<posx>125</posx>
					<posy>210</posy>
					<height>30</height>
					<width>125</width>
					<label>$INFO[Window(Weather).Property(Day1.LowTemp)]</label>
					<align>center</align>
					<aligny>center</aligny>
					<font>font25</font>
					<shadowcolor>black</shadowcolor>
				</control>
				<control type="label">
					<description>conditions label</description>
					<posx>5</posx>
					<posy>250</posy>
					<width>240</width>
					<height>20</height>
					<info>Window.Property(Day1.Outlook)</info>
					<font>font10</font>
					<align>center</align>
					<aligny>center</aligny>
					<textcolor>grey2</textcolor>
				</control>
			</control>
			<control type="group">
			<animation type="WindowOpen" reversible="false">
				<effect type="zoom" start="80" end="100" center="640,360" easing="out" tween="back" time="300" delay="300" />
				<effect type="fade" start="0" end="100" time="300" delay="300" />
			</animation>
			<animation type="WindowClose" reversible="false">
				<effect type="zoom" start="100" end="80" center="640,360" easing="in" tween="back" time="300" />
				<effect type="fade" start="100" end="0" time="300" />
			</animation>
				<description>day 2</description>
				<posx>620</posx>
				<posy>360</posy>
				<control type="image">
					<description>shadow border</description>
					<posx>-8</posx>
					<posy>-8</posy>
					<width>266</width>
					<height>296</height>
					<texture border="10">border-shadow.png</texture>
				</control>
				<control type="image">
					<description>background image</description>
					<posx>0</posx>
					<posy>0</posy>
					<width>250</width>
					<height>280</height>
					<texture border="8">SubBack.png</texture>
				</control>
				<control type="image">
					<posx>0</posx>
					<posy>0</posy>
					<width>250</width>
					<height>40</height>
					<texture>HorizontalGlow.png</texture>
				</control>
				<control type="label">
					<description>Weather label</description>
					<posx>5</posx>
					<posy>5</posy>
					<height>30</height>
					<width>240</width>
					<label>$INFO[Window(Weather).Property(Day2.Title)]</label>
					<align>center</align>
					<aligny>center</aligny>
					<font>font11</font>
					<shadowcolor>black</shadowcolor>
				</control>
				<control type="image">
					<description>Weather Icon</description>
					<posx>5</posx>
					<posy>35</posy>
					<width>246</width>
					<height>125</height>
					<aspectratio>keep</aspectratio>
					<texture>$INFO[Window(Weather).Property(Day2.OutlookIcon)]</texture>
				</control>
				<control type="image">
					<posx>5</posx>
					<posy>170</posy>
					<width>246</width>
					<height>1</height>
					<texture>separator.png</texture>
				</control>
				<control type="image">
					<posx>125</posx>
					<posy>171</posy>
					<width>1</width>
					<height>80</height>
					<texture>separator2_vertical.png</texture>
				</control>
				<control type="label">
					<description>High Temp Label</description>
					<posx>0</posx>
					<posy>180</posy>
					<height>20</height>
					<width>125</width>
					<label>$LOCALIZE[393]</label>
					<align>center</align>
					<aligny>center</aligny>
					<font>font11</font>
					<textcolor>grey2</textcolor>
					<shadowcolor>black</shadowcolor>
				</control>
				<control type="label">
					<description>High Temp Value</description>
					<posx>0</posx>
					<posy>210</posy>
					<height>30</height>
					<width>125</width>
					<label>$INFO[Window(Weather).Property(Day2.HighTemp)]</label>
					<align>center</align>
					<aligny>center</aligny>
					<font>font25</font>
					<shadowcolor>black</shadowcolor>
				</control>
				<control type="label">
					<description>Low Temp Label</description>
					<posx>125</posx>
					<posy>180</posy>
					<height>20</height>
					<width>125</width>
					<label>$LOCALIZE[391]</label>
					<align>center</align>
					<aligny>center</aligny>
					<font>font11</font>
					<textcolor>grey2</textcolor>
					<shadowcolor>black</shadowcolor>
				</control>
				<control type="label">
					<description>Low Temp Value</description>
					<posx>125</posx>
					<posy>210</posy>
					<height>30</height>
					<width>125</width>
					<label>$INFO[Window(Weather).Property(Day2.LowTemp)]</label>
					<align>center</align>
					<aligny>center</aligny>
					<font>font25</font>
					<shadowcolor>black</shadowcolor>
				</control>
				<control type="label">
					<description>conditions label</description>
					<posx>5</posx>
					<posy>250</posy>
					<width>240</width>
					<height>20</height>
					<info>Window.Property(Day2.Outlook)</info>
					<font>font10</font>
					<align>center</align>
					<aligny>center</aligny>
					<textcolor>grey2</textcolor>
				</control>
			</control>
			<control type="group">
			<animation type="WindowOpen" reversible="false">
				<effect type="zoom" start="80" end="100" center="640,360" easing="out" tween="back" time="300" delay="500" />
				<effect type="fade" start="0" end="100" time="300" delay="500" />
			</animation>
			<animation type="WindowClose" reversible="false">
				<effect type="zoom" start="100" end="80" center="640,360" easing="in" tween="back" time="300" />
				<effect type="fade" start="100" end="0" time="300" />
			</animation>
				<description>day 3</description>
				<posx>880</posx>
				<posy>360</posy>
				<control type="image">
					<description>shadow border</description>
					<posx>-8</posx>
					<posy>-8</posy>
					<width>266</width>
					<height>296</height>
					<texture border="10">border-shadow.png</texture>
				</control>
				<control type="image">
					<description>background image</description>
					<posx>0</posx>
					<posy>0</posy>
					<width>250</width>
					<height>280</height>
					<texture border="8">SubBack.png</texture>
				</control>
				<control type="image">
					<posx>0</posx>
					<posy>0</posy>
					<width>250</width>
					<height>40</height>
					<texture>HorizontalGlow.png</texture>
				</control>
				<control type="label">
					<description>Weather label</description>
					<posx>5</posx>
					<posy>5</posy>
					<height>30</height>
					<width>240</width>
					<label>$INFO[Window(Weather).Property(Day3.Title)]</label>
					<align>center</align>
					<aligny>center</aligny>
					<font>font11</font>
					<shadowcolor>black</shadowcolor>
				</control>
				<control type="image">
					<description>Weather Icon</description>
					<posx>5</posx>
					<posy>35</posy>
					<width>246</width>
					<height>125</height>
					<aspectratio>keep</aspectratio>
					<texture>$INFO[Window(Weather).Property(Day3.OutlookIcon)]</texture>
				</control>
				<control type="image">
					<posx>5</posx>
					<posy>170</posy>
					<width>246</width>
					<height>1</height>
					<texture>separator.png</texture>
				</control>
				<control type="image">
					<posx>125</posx>
					<posy>171</posy>
					<width>1</width>
					<height>80</height>
					<texture>separator2_vertical.png</texture>
				</control>
				<control type="label">
					<description>High Temp Label</description>
					<posx>0</posx>
					<posy>180</posy>
					<height>20</height>
					<width>125</width>
					<label>$LOCALIZE[393]</label>
					<align>center</align>
					<aligny>center</aligny>
					<font>font11</font>
					<textcolor>grey2</textcolor>
					<shadowcolor>black</shadowcolor>
				</control>
				<control type="label">
					<description>High Temp Value</description>
					<posx>0</posx>
					<posy>210</posy>
					<height>30</height>
					<width>125</width>
					<label>$INFO[Window(Weather).Property(Day3.HighTemp)]</label>
					<align>center</align>
					<aligny>center</aligny>
					<font>font25</font>
					<shadowcolor>black</shadowcolor>
				</control>
				<control type="label">
					<description>Low Temp Label</description>
					<posx>125</posx>
					<posy>180</posy>
					<height>20</height>
					<width>125</width>
					<label>$LOCALIZE[391]</label>
					<align>center</align>
					<aligny>center</aligny>
					<font>font11</font>
					<textcolor>grey2</textcolor>
					<shadowcolor>black</shadowcolor>
				</control>
				<control type="label">
					<description>Low Temp Value</description>
					<posx>125</posx>
					<posy>210</posy>
					<height>30</height>
					<width>125</width>
					<label>$INFO[Window(Weather).Property(Day3.LowTemp)]</label>
					<align>center</align>
					<aligny>center</aligny>
					<font>font25</font>
					<shadowcolor>black</shadowcolor>
				</control>
				<control type="label">
					<description>conditions label</description>
					<posx>5</posx>
					<posy>250</posy>
					<width>240</width>
					<height>20</height>
					<info>Window.Property(Day3.Outlook)</info>
					<font>font10</font>
					<align>center</align>
					<aligny>center</aligny>
					<textcolor>grey2</textcolor>
				</control>
			</control>
		</control>
		<include>CommonNowPlaying_Controls</include> <!-- This is ControlGroup(9001) -->
		<include>CommonNowPlaying</include>
		<control type="group">
			<include>CommonOptionsMenuBack</include>
			<control type="group" id="9000">
				<posx>5</posx>
				<posy>30</posy>
				<control type="button" id="2">
					<description>Refresh button</description>
					<posx>0</posx>
					<posy>0</posy>
					<include>ButtonCommonValues</include>
					<label>103</label>
					<onleft>9001</onleft>
					<onright>3</onright>
					<onup>4</onup>
					<ondown>4</ondown>
				</control>
				<control type="button" id="4">
					<description>Settings button</description>
					<posx>0</posx>
					<posy>45</posy>
					<label>5</label>
					<onclick>ActivateWindow(MyWeatherSettings)</onclick>
					<include>ButtonCommonValues</include>
					<onleft>9001</onleft>
					<onright>3</onright>
					<onup>2</onup>
					<ondown>2</ondown>
				</control>
			</control>
		</control>
		<include>WindowHeader</include>
		<control type="image">
			<posx>20</posx>
			<posy>5</posy>
			<width>40</width>
			<height>35</height>
			<aspectratio>keep</aspectratio>
			<texture>icon_weather.png</texture>
		</control>
		<control type="label">
			<description>Header label</description>
			<posx>70</posx>
			<posy>5</posy>
			<width>700</width>
			<height>35</height>
			<align>left</align>
			<aligny>center</aligny>
			<font>font13</font>
			<textcolor>white</textcolor>
			<label>$LOCALIZE[8]</label>
		</control>
		<control type="image">
			<posx>0</posx>
			<posy>50r</posy>
			<width>1280</width>
			<height>50</height>
			<texture>Footer.png</texture>
		</control>
		<control type="image">
			<posx>30</posx>
			<posy>45r</posy>
			<width>100</width>
			<height>40</height>
			<aspectratio align="left">stretch</aspectratio>
			<texture border="5">flagging/blank.png</texture>
		</control>
		<control type="spincontrolex" id="3">
			<description>change location button</description>
			<posx>90</posx>
			<posy>44r</posy>
			<width>30</width>
			<height>40</height>
			<font>-</font>
			<texturefocus>-</texturefocus>
			<texturenofocus>-</texturenofocus>
			<onleft>9000</onleft>
			<onright>9000</onright>
			<onup>2</onup>
			<ondown>2</ondown>
		</control>
		<control type="label">
			<description>Location label</description>
			<posx>140</posx>
			<posy>45r</posy>
			<width>800</width>
			<height>40</height>
			<font>font13</font>
			<align>left</align>
			<aligny>center</aligny>
			<label>$INFO[Window.Property(Location)]</label>
			<textcolor>black</textcolor>
		</control>
		<control type="label">
			<description>update Name</description>
			<posx>30r</posx>
			<posy>51r</posy>
			<width>620</width>
			<height>25</height>
			<height>25</height>
			<font>font12</font>
			<textcolor>black</textcolor>
			<scroll>false</scroll>
			<align>right</align>
			<aligny>center</aligny>
			<label>[B]$LOCALIZE[31011][/B]</label>
		</control>
		<control type="label">
			<description>update time label</description>
			<posx>30r</posx>
			<posy>25r</posy>
			<width>500</width>
			<height>20</height>
			<font>font11</font>
			<textcolor>black</textcolor>
			<scroll>false</scroll>
			<align>right</align>
			<aligny>center</aligny>
			<label>$INFO[Window.Property(Updated)]</label>
		</control>
		<include>BehindDialogFadeOut</include>
	</controls>
</window>