<window id="7">
	<defaultcontrol>95</defaultcontrol>
	<allowoverlay>no</allowoverlay>
	<controls>
		<include>CommonBackground</include>
		<control type="group">
			<animation type="WindowOpen" reversible="false">
				<effect type="zoom" start="80" end="100" center="640,360" easing="out" tween="back" time="300" />
				<effect type="fade" start="0" end="100" time="300" />
			</animation>
			<animation type="WindowClose" reversible="false">
				<effect type="zoom" start="100" end="80" center="640,360" easing="in" tween="back" time="300" />
				<effect type="fade" start="100" end="0" time="300" />
			</animation>
			<posx>40</posx>
			<posy>45</posy>
			<control type="image">
				<description>shadow border</description>
				<posx>-8</posx>
				<posy>17</posy>
				<width>306</width>
				<height>431</height>
				<texture border="10">border-shadow.png</texture>
			</control>
			<control type="image">
				<description>Down Arrow</description>
				<posx>30</posx>
				<posy>0</posy>
				<width>40</width>
				<height>30</height>
				<texture>arrow-big-up.png</texture>
			</control>
			<control type="image">
				<description>background image</description>
				<posx>0</posx>
				<posy>25</posy>
				<width>290</width>
				<height>415</height>
				<texture border="8">SubBack.png</texture>
			</control>
			<control type="image">
				<description>Overlay image</description>
				<posx>0</posx>
				<posy>25</posy>
				<width>200</width>
				<height>310</height>
				<texture>GlassOverlay.png</texture>
			</control>
			<control type="image">
				<posx>0</posx>
				<posy>25</posy>
				<width>290</width>
				<height>40</height>
				<texture>HorizontalGlow.png</texture>
			</control>
			<control type="grouplist" id="9000">
				<description>button area</description>
				<posx>5</posx>
				<posy>35</posy>
				<width>280</width>
				<height>405</height>
				<itemgap>0</itemgap>
				<onleft>9000</onleft>
				<onright>9000</onright>
				<onup>9000</onup>
				<ondown>9000</ondown>
				<control type="button" id="95">
					<description>Button Default Values</description>
					<include>ButtonCommonValues</include>
					<label>20037</label>
				</control>
				<control type="button" id="94">
					<description>Button Storage</description>
					<include>ButtonCommonValues</include>
					<label>13277</label>
				</control>
				<control type="button" id="96">
					<description>Button Network</description>
					<include>ButtonCommonValues</include>
					<label>13279</label>
				</control>
				<control type="button" id="97">
					<description>Button Video</description>
					<include>ButtonCommonValues</include>
					<label>13280</label>
				</control>
				<control type="button" id="98">
					<description>Button Hardware</description>
					<include>ButtonCommonValues</include>
					<label>13281</label>
				</control>
			</control>
		</control>
		<control type="group">
			<control type="group">
				<animation type="WindowOpen" reversible="false">
					<effect type="zoom" start="80" end="100" center="640,360" easing="out" tween="back" time="300" delay="200" />
					<effect type="fade" start="0" end="100" time="300" delay="200" />
				</animation>
				<animation type="WindowClose" reversible="false">
					<effect type="zoom" start="100" end="80" center="640,360" easing="in" tween="back" time="300"/>
					<effect type="fade" start="100" end="0" time="300" />
				</animation>
				<posx>340</posx>
				<posy>70</posy>
				<control type="image">
					<posx>0</posx>
					<posy>0</posy>
					<width>880</width>
					<height>35</height>
					<texture border="5">List_Seperator.png</texture>
				</control>
				<control type="label" id="40">
					<description>filter text label</description>
					<posx>0</posx>
					<posy>0</posy>
					<width>880</width>
					<height>35</height>
					<align>center</align>
					<aligny>center</aligny>
					<label>-</label>
					<font>font11</font>
				</control>
				<control type="image">
					<posx>0</posx>
					<posy>35</posy>
					<width>880</width>
					<height>40</height>
					<texture border="5">ListNF.png</texture>
					<visible>!IsEmpty(Control.GetLabel(2))</visible>
				</control>
				<control type="label" id="2">
					<description>Label 2</description>
					<posx>10</posx>
					<posy>35</posy>
					<width>860</width>
					<height>40</height>
					<align>left</align>
					<aligny>center</aligny>
					<label>-</label>
					<font>font12</font>
				</control>
				<control type="image">
					<posx>0</posx>
					<posy>75</posy>
					<width>880</width>
					<height>40</height>
					<texture border="5">ListNF.png</texture>
					<visible>!IsEmpty(Control.GetLabel(3))</visible>
				</control>
				<control type="label" id="3">
					<description>Label 3</description>
					<posx>10</posx>
					<posy>75</posy>
					<width>860</width>
					<height>40</height>
					<align>left</align>
					<aligny>center</aligny>
					<label>-</label>
					<font>font12</font>
				</control>
				<control type="image">
					<posx>0</posx>
					<posy>115</posy>
					<width>880</width>
					<height>40</height>
					<texture border="5">ListNF.png</texture>
					<visible>!IsEmpty(Control.GetLabel(4))</visible>
				</control>
				<control type="label" id="4">
					<description>Label 4</description>
					<posx>10</posx>
					<posy>115</posy>
					<width>860</width>
					<height>40</height>
					<align>left</align>
					<aligny>center</aligny>
					<label>-</label>
					<font>font12</font>
				</control>
				<control type="image">
					<posx>0</posx>
					<posy>155</posy>
					<width>880</width>
					<height>40</height>
					<texture border="5">ListNF.png</texture>
					<visible>!IsEmpty(Control.GetLabel(5))</visible>
				</control>
				<control type="label" id="5">
					<description>Label 5</description>
					<posx>10</posx>
					<posy>155</posy>
					<width>860</width>
					<height>40</height>
					<align>left</align>
					<aligny>center</aligny>
					<label>-</label>
					<font>font12</font>
				</control>
				<control type="image">
					<posx>0</posx>
					<posy>195</posy>
					<width>880</width>
					<height>40</height>
					<texture border="5">ListNF.png</texture>
					<visible>!IsEmpty(Control.GetLabel(6))</visible>
				</control>
				<control type="label" id="6">
					<description>Label 6</description>
					<posx>10</posx>
					<posy>195</posy>
					<width>860</width>
					<height>40</height>
					<align>left</align>
					<aligny>center</aligny>
					<label>-</label>
					<font>font12</font>
				</control>
				<control type="image">
					<posx>0</posx>
					<posy>235</posy>
					<width>880</width>
					<height>40</height>
					<texture border="5">ListNF.png</texture>
					<visible>!IsEmpty(Control.GetLabel(7))</visible>
				</control>
				<control type="label" id="7">
					<description>Label 7</description>
					<posx>10</posx>
					<posy>235</posy>
					<width>860</width>
					<height>40</height>
					<align>left</align>
					<aligny>center</aligny>
					<label>-</label>
					<font>font12</font>
				</control>
				<control type="image">
					<posx>0</posx>
					<posy>275</posy>
					<width>880</width>
					<height>40</height>
					<texture border="5">ListNF.png</texture>
					<visible>!IsEmpty(Control.GetLabel(8))</visible>
				</control>
				<control type="label" id="8">
					<description>Label 8</description>
					<posx>10</posx>
					<posy>275</posy>
					<width>860</width>
					<height>40</height>
					<align>left</align>
					<aligny>center</aligny>
					<label>-</label>
					<font>font12</font>
				</control>
				<control type="image">
					<posx>0</posx>
					<posy>315</posy>
					<width>880</width>
					<height>40</height>
					<texture border="5">ListNF.png</texture>
					<visible>!IsEmpty(Control.GetLabel(9))</visible>
				</control>
				<control type="label" id="9">
					<description>Label 9</description>
					<posx>10</posx>
					<posy>315</posy>
					<width>860</width>
					<height>40</height>
					<align>left</align>
					<aligny>center</aligny>
					<label>-</label>
					<font>font12</font>
				</control>
				<control type="image">
					<posx>0</posx>
					<posy>355</posy>
					<width>880</width>
					<height>40</height>
					<texture border="5">ListNF.png</texture>
					<visible>!IsEmpty(Control.GetLabel(10))</visible>
				</control>
				<control type="label" id="10">
					<description>Label 10</description>
					<posx>10</posx>
					<posy>355</posy>
					<width>860</width>
					<height>40</height>
					<align>left</align>
					<aligny>center</aligny>
					<label>-</label>
					<font>font12</font>
				</control>
				<control type="image">
					<posx>0</posx>
					<posy>395</posy>
					<width>880</width>
					<height>40</height>
					<texture border="5">ListNF.png</texture>
					<visible>!IsEmpty(Control.GetLabel(11))</visible>
				</control>
				<control type="label" id="11">
					<description>Label 11</description>
					<posx>10</posx>
					<posy>395</posy>
					<width>860</width>
					<height>40</height>
					<align>left</align>
					<aligny>center</aligny>
					<label>-</label>
					<font>font12</font>
				</control>
			</control>

			<control type="image">
				<posx>0</posx>
				<posy>520</posy>
				<width>1280</width>
				<height>220</height>
				<texture>black-back.png</texture>
			</control>
			<control type="image">
				<posx>0</posx>
				<posy>520</posy>
				<width>512</width>
				<height>64</height>
				<texture>HorizontalGlow.png</texture>
			</control>
			<control type="image">
				<posx>512r</posx>
				<posy>520</posy>
				<width>512</width>
				<height>64</height>
				<texture>HorizontalGlow.png</texture>
			</control>
			<control type="image">
				<posx>30</posx>
				<posy>530</posy>
				<width>140</width>
				<height>140</height>
				<texture>icon_xbmc.png</texture>
				<bordertexture border="5">white-back.png</bordertexture>
				<bordersize>1</bordersize>
			</control>
			<control type="image">
				<posx>190</posx>
				<posy>530</posy>
				<width>140</width>
				<height>140</height>
				<texture>special://skin/default.tbn</texture>
				<bordertexture border="5">white-back.png</bordertexture>
				<bordersize>1</bordersize>
			</control>
			<control type="label" id="52">
				<description>XBMC XBE BUILD Version</description>
				<posx>30r</posx>
				<posy>540</posy>
				<width>910</width>
				<label>144</label>
				<textcolor>blue</textcolor>
				<shadowcolor>black</shadowcolor>
				<align>right</align>
				<font>font12</font>
			</control>
			<control type="group">
				<posx>360r</posx>
				<posy>590</posy>
				<control type="label">
					<description>CPU Text</description>
					<posx>0</posx>
					<posy>0</posy>
					<width>350</width>
					<height>25</height>
					<label>$LOCALIZE[13271] $INFO[System.CPUUsage]</label>
					<align>right</align>
					<aligny>center</aligny>
					<textcolor>white</textcolor>
					<shadowcolor>black</shadowcolor>
					<font>font12</font>
				</control>
				<control type="progress">
					<description>CPU BAR</description>
					<posx>10</posx>
					<posy>7</posy>
					<width>320</width>
					<height>12</height>
					<info>System.CPUUsage</info>
				</control>
				<control type="label">
					<description>Memory Text</description>
					<posx>0</posx>
					<posy>30</posy>
					<width>350</width>
					<height>25</height>
					<label>$LOCALIZE[31005] $INFO[system.memory(used.percent)]</label>
					<align>right</align>
					<aligny>center</aligny>
					<textcolor>white</textcolor>
					<shadowcolor>black</shadowcolor>
					<font>font12</font>
				</control>
				<control type="progress">
					<description>Memory BAR</description>
					<posx>10</posx>
					<posy>37</posy>
					<width>320</width>
					<height>12</height>
					<info>system.memory(used)</info>
				</control>
			</control>
		</control>
		<include>WindowHeader</include>
		<control type="image">
			<posx>20</posx>
			<posy>5</posy>
			<width>40</width>
			<height>35</height>
			<aspectratio>keep</aspectratio>
			<texture>icon_system.png</texture>
			<include>Window_OpenClose_Animation</include>
		</control>
		<control type="label">
			<description>Header label</description>
			<posx>70</posx>
			<posy>5</posy>
			<width>700</width>
			<height>35</height>
			<align>left</align>
			<aligny>center</aligny>
			<font>font13</font>
			<textcolor>white</textcolor>
			<label>$LOCALIZE[130]</label>
			<include>Window_OpenClose_Animation</include>
		</control>
		<include>Common_RSS_Feed</include>
		<include>BehindDialogFadeOut</include>
	</controls>
</window>