<window id="136">
	<defaultcontrol always="true">22</defaultcontrol>
	<allowoverlay>no</allowoverlay>
	<coordinates>
		<system>1</system>
		<posx>240</posx>
		<posy>70</posy>
	</coordinates>
	<include>dialogeffect</include>
	<controls>
		<control type="group">
			<visible>!Window.IsVisible(smartplaylistrule)</visible>
			<include>VisibleFadeEffect</include>
			<control type="image">
				<description>background image</description>
				<posx>0</posx>
				<posy>0</posy>
				<width>800</width>
				<height>580</height>
				<texture border="40">DialogBack.png</texture>
			</control>
			<control type="image">
				<description>Heading Background</description>
				<posx>30</posx>
				<posy>35</posy>
				<width>740</width>
				<height>40</height>
				<texture border="5">ThumbFO.png</texture>
			</control>
			<control type="label" id="2">
				<description>heading label</description>
				<posx>40</posx>
				<posy>35</posy>
				<width>720</width>
				<height>40</height>
				<align>center</align>
				<aligny>center</aligny>
				<font>font18</font>
				<label>21432</label>
				<textcolor>black</textcolor>
			</control>
			<control type="spincontrolex" id="22">
				<description>Set Playlist type</description>
				<posx>40</posx>
				<posy>85</posy>
				<width>720</width>
				<height>35</height>
				<label>467</label>
				<font>font12</font>
				<texturefocus border="3">button-focus.png</texturefocus>
				<texturenofocus border="3">button-nofocus.png</texturenofocus>
				<onright>22</onright>
				<onleft>22</onleft>
				<onup>9001</onup>
				<ondown>12</ondown>
			</control>
			<control type="label" id="0">
				<description>Name Label</description>
				<posx>40</posx>
				<posy>130</posy>
				<width>720</width>
				<font>font12</font>
				<label>21433</label>
				<textcolor>grey2</textcolor>
			</control>
			<control type="edit" id="12">
				<description>Name Button</description>
				<posx>40</posx>
				<posy>165</posy>
				<width>720</width>
				<height>35</height>
				<textoffsetx>10</textoffsetx>
				<textwidth>750</textwidth>
				<font>font12</font>
				<aligny>center</aligny>
				<texturefocus border="3">button-focus.png</texturefocus>
				<texturenofocus border="3">button-nofocus.png</texturenofocus>
				<label>-</label>
				<colordiffuse>FFFFFFFF</colordiffuse>
				<onup>22</onup>
				<onleft>12</onleft>
				<onright>12</onright>
				<ondown>10</ondown>
			</control>
			<control type="label">
				<description>rules label</description>
				<posx>40</posx>
				<posy>210</posy>
				<width>720</width>
				<align>left</align>
				<font>font12</font>
				<label>21434</label>
				<textcolor>grey2</textcolor>
			</control>
			<control type="list" id="10">
				<description>Rules List Control</description>
				<posx>40</posx>
				<posy>245</posy>
				<width>565</width>
				<height>141</height>
				<onup>12</onup>
				<onleft>9000</onleft>
				<onright>9000</onright>
				<ondown>16</ondown>
				<itemlayout width="565" height="40">
					<control type="image">
						<posx>0</posx>
						<posy>0</posy>
						<width>565</width>
						<height>35</height>
						<texture border="3">button-nofocus.png</texture>
					</control>
					<control type="label">
						<posx>10</posx>
						<posy>0</posy>
						<width>545</width>
						<height>35</height>
						<aligny>center</aligny>
						<info>ListItem.Label</info>
						<selectedcolor>blue</selectedcolor>
						<font>font12</font>
					</control>
				</itemlayout>
				<focusedlayout width="565" height="40">
					<control type="image">
						<posx>0</posx>
						<posy>0</posy>
						<width>565</width>
						<height>35</height>
						<texture border="3">button-focus.png</texture>
						<visible>Control.HasFocus(10)</visible>
					</control>
					<control type="image">
						<posx>0</posx>
						<posy>0</posy>
						<width>565</width>
						<height>35</height>
						<texture border="3">button-nofocus.png</texture>
						<visible>!Control.HasFocus(10)</visible>
					</control>
					<control type="label">
						<posx>10</posx>
						<posy>0</posy>
						<width>545</width>
						<height>35</height>
						<aligny>center</aligny>
						<info>ListItem.Label</info>
						<selectedcolor>blue</selectedcolor>
						<font>font12</font>
					</control>
				</focusedlayout>
			</control>
			<control type="group" id="9000">
				<control type="button" id="13">
					<description>Add Rule Button</description>
					<posx>610</posx>
					<posy>245</posy>
					<height>35</height>
					<width>150</width>
					<label>15019</label>
					<align>center</align>
					<aligny>center</aligny>
					<texturefocus border="3">button-focus.png</texturefocus>
					<texturenofocus border="3">button-nofocus.png</texturenofocus>
					<onup>17</onup>
					<onleft>10</onleft>
					<onright>10</onright>
					<ondown>14</ondown>
				</control>
				<control type="button" id="14">
					<description>Remove Rule Button</description>
					<posx>610</posx>
					<posy>285</posy>
					<height>35</height>
					<width>150</width>
					<label>1210</label>
					<align>center</align>
					<aligny>center</aligny>
					<texturefocus border="3">button-focus.png</texturefocus>
					<texturenofocus border="3">button-nofocus.png</texturenofocus>
					<onup>13</onup>
					<onleft>10</onleft>
					<onright>10</onright>
					<ondown>15</ondown>
				</control>
				<control type="button" id="15">
					<description>Edit Rule Button</description>
					<posx>610</posx>
					<posy>325</posy>
					<height>35</height>
					<width>150</width>
					<label>21435</label>
					<align>center</align>
					<aligny>center</aligny>
					<texturefocus border="3">button-focus.png</texturefocus>
					<texturenofocus border="3">button-nofocus.png</texturenofocus>
					<onup>14</onup>
					<onleft>10</onleft>
					<onright>10</onright>
					<ondown>16</ondown>
				</control>
			</control>

			<control type="spincontrolex" id="16">
				<posx>40</posx>
				<posy>365</posy>
				<width>720</width>
				<height>35</height>
				<label>21424</label>
				<font>font12</font>
				<texturefocus border="3">button-focus.png</texturefocus>
				<texturenofocus border="3">button-nofocus.png</texturenofocus>
				<onright>16</onright>
				<onleft>16</onleft>
				<onup>10</onup>
				<ondown>17</ondown>
			</control>

			<control type="spincontrolex" id="17">
				<posx>40</posx>
				<posy>405</posy>
				<width>720</width>
				<height>35</height>
				<label>21427</label>
				<font>font12</font>
				<texturefocus border="3">button-focus.png</texturefocus>
				<texturenofocus border="3">button-nofocus.png</texturenofocus>
				<onright>17</onright>
				<onleft>17</onleft>
				<onup>16</onup>
				<ondown>18</ondown>
			</control>

			<control type="spincontrolex" id="18">
				<posx>40</posx>
				<posy>445</posy>
				<width>565</width>
				<height>35</height>
				<label>21429</label>
				<font>font12</font>
				<texturefocus border="3">button-focus.png</texturefocus>
				<texturenofocus border="3">button-nofocus.png</texturenofocus>
				<onright>19</onright>
				<onleft>19</onleft>
				<onup>17</onup>
				<ondown>9001</ondown>
			</control>

			<control type="togglebutton" id="19">
				<posx>610</posx>
				<posy>445</posy>
				<width>150</width>
				<height>35</height>
				<font>font12</font>
				<textoffsetx>8</textoffsetx>
				<aligny>center</aligny>
				<texturefocus border="3">button-focus.png</texturefocus>
				<texturenofocus border="3">button-nofocus.png</texturenofocus>
				<alttexturefocus>button-focus.png</alttexturefocus>
				<alttexturenofocus>button-nofocus.png</alttexturenofocus>
				<label>21431</label>
				<altlabel>21430</altlabel>
				<onright>18</onright>
				<onleft>18</onleft>
				<onup>17</onup>
				<ondown>9001</ondown>
			</control>
			<control type="group" id="9001">
				<control type="button" id="20">
					<description>Ok Button</description>
					<posx>195</posx>
					<posy>500</posy>
					<width>200</width>
					<height>35</height>
					<align>center</align>
					<aligny>center</aligny>
					<texturefocus border="3">button-focus2.png</texturefocus>
					<texturenofocus border="3">button-nofocus.png</texturenofocus>
					<label>186</label>
					<onup>18</onup>
					<onleft>21</onleft>
					<onright>21</onright>
					<ondown>22</ondown>
				</control>
				<control type="button" id="21">
					<description>Cancel Button</description>
					<posx>405</posx>
					<posy>500</posy>
					<width>200</width>
					<height>35</height>
					<align>center</align>
					<aligny>center</aligny>
					<texturefocus border="3">button-focus2.png</texturefocus>
					<texturenofocus border="3">button-nofocus.png</texturenofocus>
					<label>222</label>
					<onup>18</onup>
					<onleft>20</onleft>
					<onright>20</onright>
					<ondown>22</ondown>
				</control>
			</control>
		</control>
	</controls>
</window>