<includes>
	<include name="CommonRootView_Info">
		<control type="panel" id="51">
			<posx>165</posx>
			<posy>65</posy>
			<width>950</width>
			<height>360</height>
			<onleft>9000</onleft>
			<onright>60</onright>
			<onup>51</onup>
			<ondown>51</ondown>
			<viewtype label="31302">list</viewtype>
			<pagecontrol>60</pagecontrol>
			<scrolltime>200</scrolltime>
			<preloaditems>3</preloaditems>
			<itemlayout height="45" width="950">
				<control type="image">
					<posx>0</posx>
					<posy>0</posy>
					<width>950</width>
					<height>45</height>
					<texture border="5">ListNF.png</texture>
				</control>
				<control type="image">
					<posx>5</posx>
					<posy>3</posy>
					<width>55</width>
					<height>39</height>
					<texture background="true">$INFO[ListItem.Icon]</texture>
					<bordertexture border="5">white-back.png</bordertexture>
					<bordersize>1</bordersize>
				</control>
				<control type="label">
					<posx>70</posx>
					<posy>0</posy>
					<width>695</width>
					<height>45</height>
					<font>font12</font>
					<textcolor>white</textcolor>
					<selectedcolor>blue</selectedcolor>
					<align>left</align>
					<aligny>center</aligny>
					<label>$INFO[ListItem.Label]</label>
				</control>
				<control type="image">
					<posx>770</posx>
					<posy>7</posy>
					<width>40</width>
					<height>30</height>
					<texture>$INFO[ListItem.VideoResolution,light/,.png]</texture>
				</control>
				<control type="label">
					<posx>865</posx>
					<posy>0</posy>
					<width>100</width>
					<height>30</height>
					<font>font10</font>
					<textcolor>grey2</textcolor>
					<selectedcolor>blue</selectedcolor>
					<align>center</align>
					<aligny>center</aligny>
					<label>$INFO[ListItem.Premiered]</label>
					<visible>[Container.Content(TVShows) | Container.Content(Episodes)] + Window.IsVisible(VideoLibrary)</visible>
				</control>
				<control type="label">
					<posx>865</posx>
					<posy>0</posy>
					<width>100</width>
					<height>30</height>
					<font>font10</font>
					<textcolor>grey2</textcolor>
					<selectedcolor>blue</selectedcolor>
					<align>center</align>
					<aligny>center</aligny>
					<label>$INFO[ListItem.Year]</label>
					<visible>[[Container.Content(Movies) | Container.Content(MusicVideos)] + Window.IsVisible(VideoLibrary)] | [Window.IsVisible(MusicLibrary) + !Container.Content(Songs)]</visible>
				</control>
				<control type="label">
					<posx>865</posx>
					<posy>0</posy>
					<width>100</width>
					<height>30</height>
					<font>font10</font>
					<textcolor>grey2</textcolor>
					<selectedcolor>blue</selectedcolor>
					<align>center</align>
					<aligny>center</aligny>
					<label>$INFO[ListItem.Date]</label>
					<visible>!Window.IsVisible(VideoLibrary) + !Window.IsVisible(MusicFiles) + !Window.IsVisible(MusicLibrary)</visible>
				</control>
				<control type="label">
					<posx>865</posx>
					<posy>0</posy>
					<width>100</width>
					<height>30</height>
					<font>font10</font>
					<textcolor>grey2</textcolor>
					<selectedcolor>blue</selectedcolor>
					<align>center</align>
					<aligny>center</aligny>
					<label>$INFO[ListItem.Duration]</label>
					<visible>Window.IsVisible(MusicFiles) | [Window.IsVisible(MusicLibrary) + Container.Content(Songs)]</visible>
				</control>
				<control type="image">
					<posx>820</posx>
					<posy>25</posy>
					<width>90</width>
					<height>18</height>
					<aspectratio>stretch</aspectratio>
					<texture fallback="light/left_rating/rating0.png">$INFO[ListItem.StarRating,light/left_rating/]</texture>
					<visible>!IsEmpty(Container.FolderPath)</visible>
				</control>
				<control type="image">
					<posx>915</posx>
					<posy>11</posy>
					<width>30</width>
					<height>23</height>
					<texture>$INFO[ListItem.Overlay,light/List]</texture>
				</control>
			</itemlayout>
			<focusedlayout height="45" width="950">
				<control type="image">
					<posx>0</posx>
					<posy>0</posy>
					<width>950</width>
					<height>45</height>
					<texture border="5">ThumbFO.png</texture>
				</control>
				<control type="image">
					<posx>5</posx>
					<posy>3</posy>
					<width>55</width>
					<height>39</height>
					<texture background="true">$INFO[ListItem.Icon]</texture>
					<bordertexture border="5">black-back.png</bordertexture>
					<bordersize>1</bordersize>
				</control>
				<control type="label">
					<posx>70</posx>
					<posy>0</posy>
					<width>695</width>
					<height>45</height>
					<font>font12</font>
					<textcolor>black</textcolor>
					<selectedcolor>blue2</selectedcolor>
					<align>left</align>
					<aligny>center</aligny>
					<label>$INFO[ListItem.Label]</label>
				</control>
				<control type="label">
					<posx>865</posx>
					<posy>0</posy>
					<width>100</width>
					<height>30</height>
					<font>font10</font>
					<textcolor>black</textcolor>
					<selectedcolor>blue2</selectedcolor>
					<align>center</align>
					<aligny>center</aligny>
					<label>$INFO[ListItem.Premiered]</label>
					<visible>[Container.Content(TVShows) | Container.Content(Episodes)] + Window.IsVisible(VideoLibrary)</visible>
				</control>
				<control type="label">
					<posx>865</posx>
					<posy>0</posy>
					<width>100</width>
					<height>30</height>
					<font>font10</font>
					<textcolor>black</textcolor>
					<selectedcolor>blue2</selectedcolor>
					<align>center</align>
					<aligny>center</aligny>
					<label>$INFO[ListItem.Year]</label>
					<visible>[[Container.Content(Movies) | Container.Content(MusicVideos)] + Window.IsVisible(VideoLibrary)] | [Window.IsVisible(MusicLibrary) + !Container.Content(Songs)]</visible>
				</control>
				<control type="label">
					<posx>865</posx>
					<posy>0</posy>
					<width>100</width>
					<height>30</height>
					<font>font10</font>
					<textcolor>black</textcolor>
					<selectedcolor>blue2</selectedcolor>
					<align>center</align>
					<aligny>center</aligny>
					<label>$INFO[ListItem.Date]</label>
					<visible>!Window.IsVisible(VideoLibrary) + !Window.IsVisible(MusicFiles) + !Window.IsVisible(MusicLibrary)</visible>
				</control>
				<control type="label">
					<posx>865</posx>
					<posy>0</posy>
					<width>100</width>
					<height>30</height>
					<font>font10</font>
					<textcolor>black</textcolor>
					<selectedcolor>blue2</selectedcolor>
					<align>center</align>
					<aligny>center</aligny>
					<label>$INFO[ListItem.Duration]</label>
					<visible>Window.IsVisible(MusicFiles) | [Window.IsVisible(MusicLibrary) + Container.Content(Songs)]</visible>
				</control>
				<control type="image">
					<posx>770</posx>
					<posy>7</posy>
					<width>40</width>
					<height>30</height>
					<texture>$INFO[ListItem.VideoResolution,dark/,.png]</texture>
				</control>
				<control type="image">
					<posx>820</posx>
					<posy>25</posy>
					<width>90</width>
					<height>18</height>
					<aspectratio>stretch</aspectratio>
					<texture fallback="dark/left_rating/rating0.png">$INFO[ListItem.StarRating,dark/left_rating/]</texture>
					<visible>!IsEmpty(Container.FolderPath)</visible>
				</control>
				<control type="image">
					<posx>915</posx>
					<posy>11</posy>
					<width>30</width>
					<height>23</height>
					<texture>$INFO[ListItem.Overlay,dark/List]</texture>
				</control>
			</focusedlayout>
		</control>
		<control type="scrollbar" id="60">
			<posx>1120</posx>
			<posy>65</posy>
			<width>17</width>
			<height>360</height>
			<texturesliderbackground border="2,2,2,2">scrollbar_bar_back.png</texturesliderbackground>
			<texturesliderbar border="2,16,2,16">scrollbar_bar.png</texturesliderbar>
			<texturesliderbarfocus border="2,16,2,16">scrollbar_bar_focus.png</texturesliderbarfocus>
			<textureslidernib>scrollbar_nib.png</textureslidernib>
			<textureslidernibfocus>scrollbar_nib.png</textureslidernibfocus>
			<onleft>51</onleft>
			<onright>9000</onright>
			<showonepage>false</showonepage>
			<orientation>vertical</orientation>
			<visible>Control.IsVisible(51)</visible>
		</control>
	</include>
</includes>