<includes>
	<include name="ThumbnailView_Info">
		<control type="panel" id="54">
			<visible>![Window.IsVisible(VideoLibrary) + Container.Content(TVShows)]</visible>
			<posx>40</posx>
			<posy>60</posy>
			<width>1200</width>
			<height>370</height>
			<onleft>9000</onleft>
			<onright>60</onright>
			<onup>54</onup>
			<ondown>54</ondown>
			<viewtype label="31301">list</viewtype>
			<pagecontrol>60</pagecontrol>
			<scrolltime>200</scrolltime>
			<preloaditems>2</preloaditems>
			<itemlayout height="185" width="200">
				<control type="image">
					<posx>1</posx>
					<posy>1</posy>
					<width>198</width>
					<height>183</height>
					<texture border="5">ThumbNF.png</texture>
				</control>
				<control type="image">
					<posx>6</posx>
					<posy>6</posy>
					<width>188</width>
					<height>150</height>
					<texture background="true">$INFO[Listitem.Icon]</texture>
					<bordertexture>black-back.png</bordertexture>
					<bordersize>1</bordersize>
				</control>
				<control type="label">
					<posx>100</posx>
					<posy>158</posy>
					<width>188</width>
					<height>25</height>
					<font>font11</font>
					<textcolor>grey2</textcolor>
					<selectedcolor>blue</selectedcolor>
					<align>center</align>
					<aligny>center</aligny>
					<info>ListItem.Label</info>
				</control>
				<control type="image">
					<posx>160</posx>
					<posy>125</posy>
					<width>35</width>
					<height>35</height>
					<aspectratio>keep</aspectratio>
					<texture>$INFO[ListItem.Overlay]</texture>
				</control>
			</itemlayout>
			<focusedlayout height="185" width="200">
				<control type="image">
					<posx>1</posx>
					<posy>1</posy>
					<width>198</width>
					<height>183</height>
					<texture border="5">ThumbFO.png</texture>
				</control>
				<control type="image">
					<posx>6</posx>
					<posy>6</posy>
					<width>188</width>
					<height>150</height>
					<texture background="true">$INFO[Listitem.Icon]</texture>
					<bordertexture>black-back.png</bordertexture>
					<bordersize>1</bordersize>
				</control>
				<control type="label">
					<posx>100</posx>
					<posy>158</posy>
					<width>188</width>
					<height>25</height>
					<font>font11</font>
					<textcolor>black</textcolor>
					<selectedcolor>blue2</selectedcolor>
					<align>center</align>
					<aligny>center</aligny>
					<info>ListItem.Label</info>
				</control>
				<control type="image">
					<posx>160</posx>
					<posy>125</posy>
					<width>35</width>
					<height>35</height>
					<aspectratio>keep</aspectratio>
					<texture>$INFO[ListItem.Overlay]</texture>
				</control>
			</focusedlayout>
		</control>
		<control type="scrollbar" id="60">
			<posx>1245</posx>
			<posy>62</posy>
			<width>17</width>
			<height>365</height>
			<texturesliderbackground border="2,2,2,2">scrollbar_bar_back.png</texturesliderbackground>
			<texturesliderbar border="2,16,2,16">scrollbar_bar.png</texturesliderbar>
			<texturesliderbarfocus border="2,16,2,16">scrollbar_bar_focus.png</texturesliderbarfocus>
			<textureslidernib>scrollbar_nib.png</textureslidernib>
			<textureslidernibfocus>scrollbar_nib.png</textureslidernibfocus>
			<onleft>54</onleft>
			<onright>9000</onright>
			<showonepage>false</showonepage>
			<orientation>vertical</orientation>
			<visible>Control.IsVisible(54)</visible>
		</control>
	</include>
</includes>