<includes>
	<include name="WideIconView_Info">
		<control type="panel" id="56">
			<visible>Container.Content(TVShows)</visible>
			<posx>680</posx>
			<posy>75</posy>
			<width>550</width>
			<height>548</height>
			<onleft>9000</onleft>
			<onright>60</onright>
			<onup>56</onup>
			<ondown>56</ondown>
			<viewtype label="31303">list</viewtype>
			<pagecontrol>60</pagecontrol>
			<scrolltime>200</scrolltime>
			<preloaditems>2</preloaditems>
			<itemlayout height="137" width="550">
				<control type="image">
					<posx>1</posx>
					<posy>1</posy>
					<width>548</width>
					<height>135</height>
					<texture border="5">ThumbNF.png</texture>
				</control>
				<control type="image">
					<posx>6</posx>
					<posy>6</posy>
					<width>538</width>
					<height>100</height>
					<texture background="true">$INFO[Listitem.Icon]</texture>
					<bordertexture>black-back.png</bordertexture>
					<bordersize>1</bordersize>
				</control>
				<control type="label">
					<posx>10</posx>
					<posy>110</posy>
					<width>473</width>
					<height>20</height>
					<font>font11</font>
					<textcolor>white</textcolor>
					<selectedcolor>blue</selectedcolor>
					<align>left</align>
					<aligny>center</aligny>
					<info>ListItem.Label</info>
				</control>
				<control type="label">
					<posx>540</posx>
					<posy>110</posy>
					<width>473</width>
					<height>20</height>
					<font>font11</font>
					<textcolor>grey2</textcolor>
					<selectedcolor>blue</selectedcolor>
					<align>right</align>
					<aligny>center</aligny>
					<label>$INFO[ListItem.Property(TotalEpisodes),, $LOCALIZE[20360]]</label>
					<visible>!IsEmpty(ListItem.Property(TotalEpisodes))</visible>
				</control>
				<control type="image">
					<posx>505</posx>
					<posy>70</posy>
					<width>35</width>
					<height>35</height>
					<aspectratio>keep</aspectratio>
					<texture>$INFO[ListItem.Overlay]</texture>
				</control>
			</itemlayout>
			<focusedlayout height="137" width="550">
				<control type="image">
					<posx>1</posx>
					<posy>1</posy>
					<width>548</width>
					<height>135</height>
					<texture border="5">ThumbFO.png</texture>
				</control>
				<control type="image">
					<posx>6</posx>
					<posy>6</posy>
					<width>538</width>
					<height>100</height>
					<texture background="true">$INFO[Listitem.Icon]</texture>
					<bordertexture>black-back.png</bordertexture>
					<bordersize>1</bordersize>
				</control>
				<control type="label">
					<posx>10</posx>
					<posy>110</posy>
					<width>538</width>
					<height>22</height>
					<font>font11</font>
					<textcolor>black</textcolor>
					<selectedcolor>blue</selectedcolor>
					<align>left</align>
					<aligny>center</aligny>
					<label>$INFO[ListItem.Label]</label>
				</control>
				<control type="label">
					<posx>540</posx>
					<posy>110</posy>
					<width>473</width>
					<height>20</height>
					<font>font11</font>
					<textcolor>black</textcolor>
					<selectedcolor>blue</selectedcolor>
					<align>right</align>
					<aligny>center</aligny>
					<label>$INFO[ListItem.Property(TotalEpisodes),, $LOCALIZE[20360]]</label>
					<visible>!IsEmpty(ListItem.Property(TotalEpisodes))</visible>
				</control>
				<control type="image">
					<posx>505</posx>
					<posy>70</posy>
					<width>35</width>
					<height>35</height>
					<aspectratio>keep</aspectratio>
					<texture>$INFO[ListItem.Overlay]</texture>
				</control>
			</focusedlayout>
		</control>
		<control type="scrollbar" id="60">
			<posx>1235</posx>
			<posy>75</posy>
			<width>17</width>
			<height>546</height>
			<texturesliderbackground border="2,2,2,2">scrollbar_bar_back.png</texturesliderbackground>
			<texturesliderbar border="2,16,2,16">scrollbar_bar.png</texturesliderbar>
			<texturesliderbarfocus border="2,16,2,16">scrollbar_bar_focus.png</texturesliderbarfocus>
			<textureslidernib>scrollbar_nib.png</textureslidernib>
			<textureslidernibfocus>scrollbar_nib.png</textureslidernibfocus>
			<onleft>56</onleft>
			<onright>9000</onright>
			<showonepage>false</showonepage>
			<orientation>vertical</orientation>
			<visible>Control.IsVisible(56)</visible>
		</control>
		<control type="group">
			<visible>Control.IsVisible(56)</visible>
			<control type="image">
				<description>background image for the fanart</description>
				<posx>50</posx>
				<posy>76</posy>
				<width>622</width>
				<height>362</height>
				<texture border="8">SubBack.png</texture>
			</control>
			<control type="image">
				<posx>52</posx>
				<posy>78</posy>
				<width>618</width>
				<height>358</height>
				<aspectratio>scale</aspectratio>
				<texture background="true" fallback="Fanart_Fallback_Small.jpg">$INFO[ListItem.Property(Fanart_Image)]</texture>
				<fadetime>FanartCrossfadeTime</fadetime>
			</control>
			<control type="image">
				<posx>57</posx>
				<posy>353</posy>
				<width>200</width>
				<height>78</height>
				<texture background="true">$INFO[ListItem.path]logo.png</texture>
				<aspectratio scalediffuse="false">stretch</aspectratio>
				<visible>Skin.HasSetting(TVShow_Logo)</visible>
			</control>
			<control type="image">
				<description>background image for the info</description>
				<posx>50</posx>
				<posy>445</posy>
				<width>622</width>
				<height>180</height>
				<texture border="8">SubBack.png</texture>
			</control>
			<control type="textbox">
				<posx>70</posx>
				<posy>455</posy>
				<width>582</width>
				<height>150</height>
				<font>font11</font>
				<textcolor>grey2</textcolor>
				<scroll>true</scroll>
				<align>justify</align>
				<label>$INFO[ListItem.Plot]</label>
				<autoscroll time="2000" delay="9000" repeat="9000">!Skin.HasSetting(AutoScroll)</autoscroll>
			</control>
		</control>
	</include>
</includes>