<includes>	
	<include name="FanartView">
		<control type="button" id="508">
			<description>show info button</description>
			<posx>640</posx>
			<posy>360</posy>
			<width>1</width>
			<height>1</height>
			<onleft>58</onleft>
			<onright>58</onright>
			<onup>9000</onup>
			<ondown>58</ondown>
			<texture>-</texture>
			<!--<onclick>XBMC.PlayMedia($INFO[ListItem.FileNameAndPath])</onclick>-->
			<onclick>SetFocus(58)</onclick>
			<visible>Control.IsVisible(58) + !Container.Content(Seasons) + !IsEmpty(ListItem.Path) + !Window.IsVisible(VideoFiles)</visible>
		</control>
		<!-- Show Fanart -->
		<control type="group">
			<visible>Control.IsVisible(58) + !Container.Scrolling</visible>
			<visible>!Control.HasFocus(508)</visible>
			<include>VisibleFadeEffect</include>
			<control type="image">
				<posx>215</posx>
				<posy>50</posy>
				<width>852</width>
				<height>359</height>
				<texture border="5">ThumbNF.png</texture>
			</control>
			<control type="image">
				<posx>220</posx>
				<posy>55</posy>
				<width>842</width>
				<height>309</height>
				<aspectratio aligny="top">scale</aspectratio>
				<texture background="true" fallback="Fanart_Fallback_Small.jpg">$INFO[ListItem.Property(Fanart_Image)]</texture>
				<fadetime>FanartCrossfadeTime</fadetime>
			</control>
			<control type="label">
				<posx>225</posx>
				<posy>360</posy>
				<width>630</width>
				<height>35</height>
				<font>font12</font>
				<textcolor>white</textcolor>
				<scroll>true</scroll>
				<align>left</align>
				<aligny>center</aligny>
				<label>$INFO[ListItem.Label]</label>
			</control>
			<control type="image">
				<posx>876</posx>
				<posy>368</posy>
				<width>40</width>
				<height>30</height>
				<texture>$INFO[ListItem.VideoResolution,light/,.png]</texture>
			</control>
			<control type="label">
				<posx>925</posx>
				<posy>360</posy>
				<width>100</width>
				<height>30</height>
				<font>font10</font>
				<textcolor>white</textcolor>
				<align>center</align>
				<aligny>center</aligny>
				<label>$INFO[ListItem.Year]</label>
				<visible>Container.Content(Movies)</visible>
			</control>
			<control type="label">
				<posx>925</posx>
				<posy>360</posy>
				<width>100</width>
				<height>30</height>
				<font>font10</font>
				<textcolor>white</textcolor>
				<align>center</align>
				<aligny>center</aligny>
				<label>$INFO[ListItem.Premiered]</label>
				<visible>Container.Content(TVShows)</visible>
			</control>
			<control type="label">
				<posx>925</posx>
				<posy>360</posy>
				<width>100</width>
				<height>30</height>
				<font>font10</font>
				<textcolor>white</textcolor>
				<align>center</align>
				<aligny>center</aligny>
				<label>$INFO[ListItem.Date]</label>
				<visible>Window.IsVisible(VideoFiles)</visible>
			</control>
			<control type="label">
				<posx>1060</posx>
				<posy>360</posy>
				<width>200</width>
				<height>30</height>
				<font>font10</font>
				<textcolor>white</textcolor>
				<align>right</align>
				<aligny>center</aligny>
				<label>[COLOR=grey]$LOCALIZE[16102] $INFO[ListItem.Property(WatchedEpisodes)] - $LOCALIZE[16101] $INFO[ListItem.Property(UnWatchedEpisodes)][/COLOR]</label>
				<visible>Container.Content(Seasons) + !IsEmpty(ListItem.Path)</visible>
			</control>
			<control type="image">
				<posx>930</posx>
				<posy>380</posy>
				<width>90</width>
				<height>18</height>
				<aspectratio>stretch</aspectratio>
				<texture fallback="light/left_rating/rating0.png">$INFO[ListItem.StarRating,light/left_rating/]</texture>
				<visible>!IsEmpty(ListItem.Path) + !Container.Content(Seasons)</visible>
			</control>
			<control type="image">
				<posx>1028</posx>
				<posy>370</posy>
				<width>30</width>
				<height>23</height>
				<texture>$INFO[ListItem.Overlay,light/List]</texture>
			</control>
		</control>
		<!-- Show Info -->
		<control type="group">
			<visible>Control.IsVisible(58) + !Container.Scrolling</visible>
			<visible>Control.HasFocus(508)</visible>
			<include>VisibleFadeEffect</include>
			<control type="image">
				<posx>215</posx>
				<posy>50</posy>
				<width>852</width>
				<height>359</height>
				<texture border="5">ThumbFO.png</texture>
			</control>	
			<control type="image">
				<description>background image for the info</description>
				<posx>220</posx>
				<posy>55</posy>
				<width>842</width>
				<height>309</height>
				<texture border="8">SubBack.png</texture>
				<fadetime>FanartCrossfadeTime</fadetime>
			</control>
			<control type="image">
				<description>Overlay image</description>
				<posx>220</posx>
				<posy>55</posy>
				<width>700</width>
				<height>309</height>
				<texture>GlassOverlay.png</texture>
			</control>
			<control type="label">
				<posx>225</posx>
				<posy>360</posy>
				<width>630</width>
				<height>35</height>
				<font>font12</font>
				<textcolor>black</textcolor>
				<scroll>true</scroll>
				<align>left</align>
				<aligny>center</aligny>
				<label>$INFO[ListItem.Label]</label>
			</control>
			<control type="image">
				<posx>876</posx>
				<posy>368</posy>
				<width>40</width>
				<height>30</height>
				<texture>$INFO[ListItem.VideoResolution,dark/,.png]</texture>
			</control>
			<control type="label">
				<posx>925</posx>
				<posy>360</posy>
				<width>100</width>
				<height>30</height>
				<font>font10</font>
				<textcolor>black</textcolor>
				<align>center</align>
				<aligny>center</aligny>
				<label>$INFO[ListItem.Year]</label>
				<visible>Container.Content(Movies)</visible>
			</control>
			<control type="label">
				<posx>925</posx>
				<posy>360</posy>
				<width>100</width>
				<height>30</height>
				<font>font10</font>
				<textcolor>black</textcolor>
				<align>center</align>
				<aligny>center</aligny>
				<label>$INFO[ListItem.Premiered]</label>
				<visible>Container.Content(TVShows)</visible>
			</control>
			<control type="image">
				<posx>930</posx>
				<posy>380</posy>
				<width>90</width>
				<height>18</height>
				<aspectratio>stretch</aspectratio>
				<texture fallback="dark/left_rating/rating0.png">$INFO[ListItem.StarRating,dark/left_rating/]</texture>
				<visible>!IsEmpty(ListItem.Path)</visible>
			</control>
			<control type="image">
				<posx>1028</posx>
				<posy>370</posy>
				<width>30</width>
				<height>23</height>
				<texture>$INFO[ListItem.Overlay,dark/List]</texture>
			</control>
			<!-- info labels -->
			<control type="group">
				<posx>230</posx>
				<posy>65</posy>
				<visible>Container.Content(Movies)</visible>
				<control type="label">
					<posx>0</posx>
					<posy>0</posy>
					<width>400</width>
					<height>30</height>
					<font>font12</font>
					<textcolor>white</textcolor>
					<shadowcolor>black</shadowcolor>
					<scroll>true</scroll>
					<align>left</align>
					<aligny>center</aligny>
					<label>13346</label>
				</control>
				<control type="fadelabel">
					<posx>0</posx>
					<posy>30</posy>
					<width>400</width>
					<height>30</height>
					<font>font11</font>
					<textcolor>white</textcolor>
					<shadowcolor>black</shadowcolor>
					<scroll>true</scroll>
					<align>left</align>
					<aligny>center</aligny>
					<label>$INFO[ListItem.Genre]</label>
					<scrollout>false</scrollout>
					<pauseatend>2000</pauseatend>
				</control>
				<control type="fadelabel">
					<posx>0</posx>
					<posy>55</posy>
					<width>400</width>
					<height>30</height>
					<font>font11</font>
					<textcolor>white</textcolor>
					<shadowcolor>black</shadowcolor>
					<scroll>true</scroll>
					<align>left</align>
					<aligny>center</aligny>
					<label>$INFO[ListItem.Studio]</label>
					<scrollout>false</scrollout>
					<pauseatend>2000</pauseatend>
				</control>
				<control type="fadelabel">
					<posx>0</posx>
					<posy>80</posy>
					<width>400</width>
					<height>30</height>
					<font>font11</font>
					<textcolor>white</textcolor>
					<shadowcolor>black</shadowcolor>
					<scroll>true</scroll>
					<align>left</align>
					<aligny>center</aligny>
					<label>$INFO[ListItem.Duration,, $LOCALIZE[12391]]</label>
					<visible>!IsEmpty(ListItem.Duration) + !SubString(ListItem.Duration,min)</visible>
					<scrollout>false</scrollout>
					<pauseatend>2000</pauseatend>
				</control>
				<control type="fadelabel">
					<posx>0</posx>
					<posy>80</posy>
					<width>400</width>
					<height>30</height>
					<font>font11</font>
					<textcolor>white</textcolor>
					<shadowcolor>black</shadowcolor>
					<scroll>true</scroll>
					<align>left</align>
					<aligny>center</aligny>
					<label>$INFO[ListItem.Duration]</label>
					<visible>!IsEmpty(ListItem.Duration) + SubString(ListItem.Duration,min)</visible>
					<scrollout>false</scrollout>
					<pauseatend>2000</pauseatend>
				</control>
				<control type="fadelabel">
					<posx>0</posx>
					<posy>105</posy>
					<width>400</width>
					<height>30</height>
					<font>font11</font>
					<textcolor>white</textcolor>
					<shadowcolor>black</shadowcolor>
					<scroll>true</scroll>
					<align>left</align>
					<aligny>center</aligny>
					<label>$LOCALIZE[563] : $INFO[ListItem.RatingAndVotes]</label>
					<scrollout>false</scrollout>
					<pauseatend>2000</pauseatend>
				</control>
			</control>
			<control type="group">
				<posx>640</posx>
				<posy>65</posy>
				<visible>Container.Content(Movies)</visible>
				<control type="label">
					<posx>0</posx>
					<posy>0</posy>
					<width>400</width>
					<height>30</height>
					<font>font12</font>
					<textcolor>white</textcolor>
					<shadowcolor>black</shadowcolor>
					<scroll>true</scroll>
					<align>left</align>
					<aligny>center</aligny>
					<label>20339</label>
				</control>
				<control type="label">
					<posx>0</posx>
					<posy>30</posy>
					<width>400</width>
					<height>30</height>
					<font>font11</font>
					<textcolor>white</textcolor>
					<shadowcolor>black</shadowcolor>
					<scroll>true</scroll>
					<align>left</align>
					<aligny>center</aligny>
					<label>$INFO[ListItem.Director]</label>
				</control>
				<control type="label">
					<posx>0</posx>
					<posy>75</posy>
					<width>400</width>
					<height>30</height>
					<font>font12</font>
					<textcolor>white</textcolor>
					<shadowcolor>black</shadowcolor>
					<scroll>true</scroll>
					<align>left</align>
					<aligny>center</aligny>
					<label>20417</label>
				</control>
				<control type="label">
					<posx>0</posx>
					<posy>105</posy>
					<width>400</width>
					<height>30</height>
					<font>font11</font>
					<textcolor>white</textcolor>
					<shadowcolor>black</shadowcolor>
					<scroll>true</scroll>
					<align>left</align>
					<aligny>top</aligny>
					<label>$INFO[ListItem.Writer]</label>
				</control>
			</control>
			<control type="group">
				<posx>230</posx>
				<posy>65</posy>
				<visible>Container.Content(TVShows)</visible>
				<control type="label">
					<posx>0</posx>
					<posy>0</posy>
					<width>400</width>
					<height>30</height>
					<font>font12</font>
					<textcolor>white</textcolor>
					<shadowcolor>black</shadowcolor>
					<scroll>true</scroll>
					<align>left</align>
					<aligny>center</aligny>
					<label>20351</label>
				</control>
				<control type="fadelabel">
					<posx>0</posx>
					<posy>30</posy>
					<width>400</width>
					<height>30</height>
					<font>font11</font>
					<textcolor>white</textcolor>
					<shadowcolor>black</shadowcolor>
					<scroll>true</scroll>
					<align>left</align>
					<aligny>center</aligny>
					<label>$INFO[ListItem.Genre]</label>
					<scrollout>false</scrollout>
					<pauseatend>2000</pauseatend>
				</control>
				<control type="fadelabel">
					<posx>0</posx>
					<posy>55</posy>
					<width>400</width>
					<height>30</height>
					<font>font11</font>
					<textcolor>white</textcolor>
					<shadowcolor>black</shadowcolor>
					<scroll>true</scroll>
					<align>left</align>
					<aligny>center</aligny>
					<label>$INFO[ListItem.Studio]</label>
					<scrollout>false</scrollout>
					<pauseatend>2000</pauseatend>
				</control>
				<control type="fadelabel">
					<posx>0</posx>
					<posy>80</posy>
					<width>400</width>
					<height>30</height>
					<font>font11</font>
					<textcolor>white</textcolor>
					<shadowcolor>black</shadowcolor>
					<scroll>true</scroll>
					<align>left</align>
					<aligny>center</aligny>
					<label>$INFO[ListItem.Year]</label>
					<scrollout>false</scrollout>
					<pauseatend>2000</pauseatend>
				</control>
				<control type="fadelabel">
					<posx>0</posx>
					<posy>105</posy>
					<width>400</width>
					<height>30</height>
					<font>font11</font>
					<textcolor>white</textcolor>
					<shadowcolor>black</shadowcolor>
					<scroll>true</scroll>
					<align>left</align>
					<aligny>center</aligny>
					<label>$LOCALIZE[563] : $INFO[ListItem.RatingAndVotes]</label>
					<scrollout>false</scrollout>
					<pauseatend>2000</pauseatend>
				</control>
			</control>
			<control type="group">
				<posx>640</posx>
				<posy>65</posy>
				<visible>Container.Content(TVShows)</visible>
				<control type="label">
					<posx>0</posx>
					<posy>0</posy>
					<width>400</width>
					<height>30</height>
					<font>font12</font>
					<textcolor>white</textcolor>
					<shadowcolor>black</shadowcolor>
					<scroll>true</scroll>
					<align>left</align>
					<aligny>center</aligny>
					<label>20360</label>
				</control>
				<control type="label">
					<posx>0</posx>
					<posy>30</posy>
					<width>400</width>
					<height>30</height>
					<font>font11</font>
					<textcolor>white</textcolor>
					<shadowcolor>black</shadowcolor>
					<scroll>true</scroll>
					<align>left</align>
					<aligny>center</aligny>
					<label>$LOCALIZE[20161] : $INFO[ListItem.Episode]</label>
				</control>
				<control type="label">
					<posx>0</posx>
					<posy>55</posy>
					<width>400</width>
					<height>30</height>
					<font>font11</font>
					<textcolor>white</textcolor>
					<shadowcolor>black</shadowcolor>
					<scroll>true</scroll>
					<align>left</align>
					<aligny>center</aligny>
					<label>$LOCALIZE[16102] : $INFO[ListItem.Property(WatchedEpisodes)]</label>
				</control>
				<control type="label">
					<posx>0</posx>
					<posy>80</posy>
					<width>400</width>
					<height>30</height>
					<font>font11</font>
					<textcolor>white</textcolor>
					<shadowcolor>black</shadowcolor>
					<scroll>true</scroll>
					<align>left</align>
					<aligny>center</aligny>
					<label>$LOCALIZE[16101] : $INFO[ListItem.Property(UnWatchedEpisodes)]</label>
				</control>
				<control type="image">
					<posx>500r</posx>
					<posy>0</posy>
					<width>250</width>
					<height>97</height>
					<texture background="true">$INFO[ListItem.path]logo.png</texture>
					<aspectratio scalediffuse="false">stretch</aspectratio>
					<visible>Skin.HasSetting(TVShow_Logo)</visible>
				</control>
				<control type="image">
					<posx>500r</posx>
					<posy>97</posy>
					<width>250</width>
					<height>97</height>
					<texture background="true" flipy="true" diffuse="diffuse_mirror.png">$INFO[ListItem.path]logo.png</texture>
					<aspectratio scalediffuse="false">stretch</aspectratio>
					<visible>Skin.HasSetting(TVShow_Logo)</visible>
				</control>
			</control>
			<control type="group">
				<posx>230</posx>
				<posy>205</posy>
				<control type="label">
					<posx>0</posx>
					<posy>0</posy>
					<width>400</width>
					<height>30</height>
					<font>font12</font>
					<textcolor>white</textcolor>
					<shadowcolor>black</shadowcolor>
					<scroll>true</scroll>
					<align>left</align>
					<aligny>center</aligny>
					<label>207</label>
				</control>
				<control type="textbox">
					<description>Description Value The Movie</description>
					<posx>0</posx>
					<posy>30</posy>
					<width>822</width>
					<height>120</height>
					<font>font11</font>
					<align>justify</align>
					<textcolor>white</textcolor>
					<label>$INFO[ListItem.Plot]</label>
					<autoscroll time="2000" delay="9000" repeat="9000">!Skin.HasSetting(AutoScroll)</autoscroll>
				</control>
			</control>
		</control>	
		<control type="group">
			<visible>Control.IsVisible(58)</visible>
			<include>VisibleFadeEffect</include>
			<control type="image">
				<description>Down Arrow</description>
				<posx>274</posx>
				<posy>406</posy>
				<width>24</width>
				<height>18</height>
				<texture>arrow-big-down.png</texture>
				<visible>!Container.Scrolling</visible>
			</control>
			<control type="image">
				<posx>0</posx>
				<posy>620</posy>
				<width>1280</width>
				<height>100</height>
				<texture>black-back.png</texture>
			</control>
			<control type="image">
				<posx>0</posx>
				<posy>620</posy>
				<width>512</width>
				<height>64</height>
				<texture>HorizontalGlow.png</texture>
			</control>
			<control type="image">
				<posx>512r</posx>
				<posy>620</posy>
				<width>512</width>
				<height>64</height>
				<texture>HorizontalGlow.png</texture>
			</control>
			<control type="image">
				<posx>0</posx>
				<posy>370</posy>
				<width>512</width>
				<height>64</height>
				<texture flipy="true">HorizontalGlow.png</texture>
				<visible>!Container.Scrolling</visible>
			</control>
		</control>
		<control type="wraplist" id="58">
			<visible>Container.Content(Movies) | Container.Content(TVShows) | Container.Content(Seasons) | Window.IsVisible(VideoFiles)</visible>
			<posx>-71</posx>
			<posy>424</posy>
			<width>1420</width>
			<height>284</height>
			<onleft>58</onleft>
			<onright>58</onright>
			<onup>508</onup>
			<ondown>60</ondown>
			<viewtype label="20445">list</viewtype>
			<pagecontrol>60</pagecontrol>
			<scrolltime>200</scrolltime>
			<focusposition>2</focusposition>
			<movement>1</movement>
			<orientation>horizontal</orientation>
			<preloaditems>4</preloaditems>
			<itemlayout height="202" width="142">
				<control type="image">
					<posx>2</posx>
					<posy>0</posy>
					<width>142</width>
					<height>202</height>
					<aspectratio>stretch</aspectratio>
					<texture border="5">ThumbNF.png</texture>
				</control>
				<control type="image">
					<posx>7</posx>
					<posy>5</posy>
					<width>132</width>
					<height>192</height>
					<aspectratio>stretch</aspectratio>
					<texture background="true">$INFO[ListItem.Icon]</texture>
					<bordertexture border="5">black-back.png</bordertexture>
					<bordersize>1</bordersize>
				</control>
				<control type="image">
					<posx>2</posx>
					<posy>200</posy>
					<width>142</width>
					<height>192</height>
					<aspectratio>stretch</aspectratio>
					<texture background="true" flipy="true" diffuse="diffuse_mirror.png">$INFO[ListItem.Icon]</texture>
					<bordertexture border="5" flipy="true" diffuse="diffuse_mirror.png">ThumbNF.png</bordertexture>
					<bordersize>7</bordersize>
				</control>
			</itemlayout>
			<focusedlayout height="202" width="142">
				<control type="image">
					<posx>2</posx>
					<posy>0</posy>
					<width>142</width>
					<height>202</height>
					<aspectratio>stretch</aspectratio>
					<texture border="5">ThumbNF.png</texture>
					<animation reversible="false" effect="fade" start="100" end="0" delay="200" time="10">focus</animation>
				</control>
				<control type="image">
					<posx>2</posx>
					<posy>0</posy>
					<width>142</width>
					<height>202</height>
					<aspectratio>stretch</aspectratio>
					<texture border="5">ThumbFO.png</texture>
					<animation reversible="false" effect="fade" start="100" end="0" time="10">unfocus</animation>
				</control>  
				<control type="image">
					<posx>7</posx>
					<posy>5</posy>
					<width>132</width>
					<height>192</height>
					<aspectratio>stretch</aspectratio>
					<texture background="true">$INFO[ListItem.Icon]</texture>
					<bordertexture border="5">black-back.png</bordertexture>
					<bordersize>1</bordersize>
				</control>
				<control type="image">
					<posx>2</posx>
					<posy>202</posy>
					<width>142</width>
					<height>202</height>
					<aspectratio>stretch</aspectratio>
					<texture background="true" flipy="true" diffuse="diffuse_mirror.png">ThumbNF.png</texture>
					<animation reversible="false" effect="fade" start="100" end="0" time="10">focus</animation>
				</control>
				<control type="image">
					<posx>2</posx>
					<posy>202</posy>
					<width>142</width>
					<height>202</height>
					<aspectratio>stretch</aspectratio>
					<texture background="true" flipy="true" diffuse="diffuse_mirror.png">ThumbFO.png</texture>
					<animation reversible="false" effect="fade" start="100" end="0" time="10">unfocus</animation>
				</control>
				<control type="image">
					<posx>2</posx>
					<posy>200</posy>
					<width>142</width>
					<height>192</height>
					<aspectratio>stretch</aspectratio>
					<texture background="true" flipy="true" diffuse="diffuse_mirror.png">$INFO[ListItem.Icon]</texture>
					<bordertexture border="5" flipy="true" diffuse="diffuse_mirror.png">ThumbNF.png</bordertexture>
					<bordersize>7</bordersize>
				</control>
			</focusedlayout>
		</control>
		<control type="scrollbar" id="60">
			<posx>150</posx> 
			<posy>85r</posy> 
			<width>980</width> 
			<height>17</height> 
			<texturesliderbackground border="2,2,2,2">scrollbar_bar_back2.png</texturesliderbackground> 
			<texturesliderbar border="16,2,16,2">scrollbar_bar-vertical.png</texturesliderbar> 
			<texturesliderbarfocus border="16,2,16,2">scrollbar_bar_focus-vertical.png</texturesliderbarfocus> 
			<textureslidernib>scrollbar_nib-vertical.png</textureslidernib> 
			<textureslidernibfocus>scrollbar_nib-vertical.png</textureslidernibfocus> 
			<onup>58</onup> 
			<ondown>9000</ondown> 
			<showonepage>false</showonepage> 
			<orientation>horizontal</orientation> 
			<visible>Control.IsVisible(58)</visible> 
		</control>
	</include>
</includes>