<includes>
	<include name="CommonRootView2">
		<control type="panel" id="50">
			<posx>165</posx>
			<posy>75</posy>
			<width>950</width>
			<height>540</height>
			<onleft>9000</onleft>
			<onright>60</onright>
			<onup>50</onup>
			<ondown>50</ondown>
			<viewtype label="535">list</viewtype>
			<pagecontrol>60</pagecontrol>
			<scrolltime>200</scrolltime>
			<preloaditems>3</preloaditems>
			<itemlayout height="45" width="950">
				<control type="image">
					<posx>0</posx>
					<posy>0</posy>
					<width>950</width>
					<height>45</height>
					<texture border="5">ListNF.png</texture>
				</control>
				<control type="image">
					<posx>5</posx>
					<posy>3</posy>
					<width>55</width>
					<height>39</height>
					<texture background="true">$INFO[ListItem.Icon]</texture>
					<bordertexture border="5">white-back.png</bordertexture>
					<bordersize>1</bordersize>
				</control>
				<control type="label">
					<posx>70</posx>
					<posy>0</posy>
					<width>800</width>
					<height>45</height>
					<font>font12</font>
					<textcolor>white</textcolor>
					<selectedcolor>blue</selectedcolor>
					<align>left</align>
					<aligny>center</aligny>
					<label>$INFO[ListItem.Label]</label>
				</control>
				<control type="label">
					<posx>930</posx>
					<posy>0</posy>
					<width>695</width>
					<height>45</height>
					<font>font12</font>
					<textcolor>grey2</textcolor>
					<selectedcolor>blue</selectedcolor>
					<align>right</align>
					<aligny>center</aligny>
					<label>$INFO[ListItem.Label2]</label>
				</control>
			</itemlayout>
			<focusedlayout height="45" width="950">
				<control type="image">
					<posx>0</posx>
					<posy>0</posy>
					<width>950</width>
					<height>45</height>
					<texture border="5">ThumbFO.png</texture>
				</control>
				<control type="image">
					<posx>5</posx>
					<posy>3</posy>
					<width>55</width>
					<height>39</height>
					<texture background="true">$INFO[ListItem.Icon]</texture>
					<bordertexture border="5">black-back.png</bordertexture>
					<bordersize>1</bordersize>
				</control>
				<control type="label">
					<posx>70</posx>
					<posy>0</posy>
					<width>800</width>
					<height>45</height>
					<font>font12</font>
					<textcolor>black</textcolor>
					<selectedcolor>blue2</selectedcolor>
					<align>left</align>
					<aligny>center</aligny>
					<label>$INFO[ListItem.Label]</label>
				</control>
				<control type="label">
					<posx>930</posx>
					<posy>0</posy>
					<width>695</width>
					<height>45</height>
					<font>font12</font>
					<textcolor>black</textcolor>
					<selectedcolor>blue2</selectedcolor>
					<align>right</align>
					<aligny>center</aligny>
					<label>$INFO[ListItem.Label2]</label>
				</control>
			</focusedlayout>
		</control>
		<control type="scrollbar" id="60">
			<posx>1120</posx>
			<posy>75</posy>
			<width>17</width>
			<height>540</height>
			<texturesliderbackground border="2,2,2,2">scrollbar_bar_back.png</texturesliderbackground>
			<texturesliderbar border="2,16,2,16">scrollbar_bar.png</texturesliderbar>
			<texturesliderbarfocus border="2,16,2,16">scrollbar_bar_focus.png</texturesliderbarfocus>
			<textureslidernib>scrollbar_nib.png</textureslidernib>
			<textureslidernibfocus>scrollbar_nib.png</textureslidernibfocus>
			<onleft>50</onleft>
			<onright>9000</onright>
			<showonepage>false</showonepage>
			<orientation>vertical</orientation>
			<visible>Control.IsVisible(50)</visible>
		</control>
	</include>
</includes>