<includes>	
	<include name="CommonLower_Info">
		<control type="group">
			<visible>Control.IsVisible(51) | Control.IsVisible(54) | Control.IsVisible(57)  | Control.IsVisible(551) | Control.IsVisible(552)</visible>
			<include>VisibleFadeEffect</include>
			<control type="image">
				<posx>0</posx>
				<posy>445</posy>
				<width>1280</width>
				<height>285</height>
				<texture>black-back.png</texture>
			</control>
			<control type="image">
				<posx>0</posx>
				<posy>445</posy>
				<width>512</width>
				<height>64</height>
				<texture>HorizontalGlow.png</texture>
			</control>
			<control type="image">
				<posx>512r</posx>
				<posy>445</posy>
				<width>512</width>
				<height>64</height>
				<texture>HorizontalGlow.png</texture>
			</control>
			<control type="label">
				<posx>360</posx>
				<posy>470</posy>
				<width>840</width>
				<height>35</height>
				<font>font18</font>
				<textcolor>white</textcolor>
				<scroll>true</scroll>
				<align>left</align>
				<aligny>center</aligny>
				<label>$INFO[ListItem.Label]</label> 
			</control>
			<control type="group">
				<visible>Window.IsVisible(VideoFiles) | Window.IsVisible(VideoLibrary)</visible> 
				<control type="image">
					<posx>80</posx>
					<posy>470</posy>
					<width>266</width>
					<height>150</height>
					<texture background="true" fallback="Fanart_Fallback_Small.jpg">$INFO[ListItem.Property(Fanart_Image)]</texture>
					<bordertexture border="5">white-back.png</bordertexture>
					<bordersize>2</bordersize>
					<fadetime>FanartCrossfadeTime</fadetime>
					<visible>![Container.Content(Episodes) | [Window.IsVisible(VideoLibrary) + Substring(Container.FolderPath,plugin://video/)]]</visible>
				</control>
				<control type="image">
					<posx>80</posx>
					<posy>470</posy>
					<width>266</width>
					<height>150</height>
					<aspectratio>scale</aspectratio>
					<texture background="true" fallback="Fanart_Fallback_Small.jpg">$INFO[ListItem.Thumb]</texture>
					<bordertexture border="5">white-back.png</bordertexture>
					<bordersize>2</bordersize>
					<fadetime>FanartCrossfadeTime</fadetime>
					<visible>Container.Content(Episodes)</visible>
				</control>
				<!-- video plugins library icons -->
				<control type="image">
					<posx>80</posx>
					<posy>470</posy>
					<width>266</width>
					<height>150</height>
					<aspectratio>keep</aspectratio>
					<texture background="true" fallback="Fanart_Fallback_Small.jpg">$INFO[ListItem.Icon]</texture>
					<bordertexture border="5">white-back.png</bordertexture>
					<bordersize>2</bordersize>
					<fadetime>FanartCrossfadeTime</fadetime>
					<visible>Window.IsVisible(VideoLibrary) + Substring(Container.FolderPath,plugin://video/)</visible>
				</control>
				<!-- end -->
				<control type="textbox">
					<posx>360</posx>
					<posy>510</posy>
					<width>840</width>
					<height>105</height>
					<font>font11</font>
					<textcolor>grey2</textcolor>
					<scroll>true</scroll>
					<align>justify</align>
					<label>$INFO[ListItem.Plot]</label>
					<autoscroll time="2000" delay="9000" repeat="9000">!Skin.HasSetting(AutoScroll)</autoscroll>
					<visible>!Container.Content(Seasons)</visible>
				</control>
				<control type="textbox">
					<posx>360</posx>
					<posy>510</posy>
					<width>840</width>
					<height>105</height>
					<font>font11</font>
					<textcolor>grey2</textcolor>
					<scroll>true</scroll>
					<align>justify</align>
					<label>$INFO[Container.ShowPlot]</label>
					<autoscroll time="2000" delay="9000" repeat="9000">!Skin.HasSetting(AutoScroll)</autoscroll>
					<visible>Container.Content(Seasons)</visible>
				</control>
			</control>
			<control type="group">
				<visible>Container.Content(Artists)</visible> 
				<control type="image">
					<posx>80</posx>
					<posy>470</posy>
					<width>266</width>
					<height>150</height>
					<texture background="true" fallback="Fanart_Fallback_Music_Small.jpg">$INFO[ListItem.Property(Fanart_Image)]</texture>
					<bordertexture border="5">white-back.png</bordertexture>
					<bordersize>2</bordersize>
					<fadetime>FanartCrossfadeTime</fadetime>
				</control>
				<control type="textbox">
					<posx>360</posx>
					<posy>510</posy>
					<width>840</width>
					<height>105</height>
					<font>font11</font>
					<textcolor>grey2</textcolor>
					<scroll>true</scroll>
					<align>justify</align>
					<label>$INFO[ListItem.Property(Artist_Description)]</label>
				</control>
			</control>
			<control type="group">
				<visible>Container.Content(Albums) + !Control.IsVisible(552)</visible>
				<control type="image">
					<posx>80</posx>
					<posy>470</posy>
					<width>266</width>
					<height>150</height>
					<aspectratio>keep</aspectratio>
					<texture background="true" fallback="DefaultAudioCover.jpg">$INFO[ListItem.Icon]</texture>
					<bordertexture border="5">white-back.png</bordertexture>
					<bordersize>2</bordersize>
					<fadetime>FanartCrossfadeTime</fadetime>
				</control>
				<control type="textbox">
					<posx>360</posx>
					<posy>510</posy>
					<width>840</width>
					<height>105</height>
					<font>font11</font>
					<textcolor>grey2</textcolor>
					<scroll>true</scroll>
					<align>justify</align>
					<label>$INFO[ListItem.Property(Album_Description)]</label>
				</control>
			</control>
			<control type="group">
				<visible>Container.Content(Albums) + Control.IsVisible(552)</visible>
				<control type="image">
					<posx>80</posx>
					<posy>470</posy>
					<width>266</width>
					<height>150</height>
					<texture background="true" fallback="Fanart_Fallback_Music_Small.jpg">$INFO[ListItem.Property(Fanart_Image)]</texture>
					<bordertexture border="5">white-back.png</bordertexture>
					<bordersize>2</bordersize>
					<fadetime>FanartCrossfadeTime</fadetime>
				</control>
				<control type="textbox">
					<posx>360</posx>
					<posy>510</posy>
					<width>840</width>
					<height>105</height>
					<font>font11</font>
					<textcolor>grey2</textcolor>
					<scroll>true</scroll>
					<align>justify</align>
					<label>$INFO[ListItem.Property(Album_Description)]</label>
				</control>
			</control>
			<control type="group">
				<visible>Container.Content(Songs) | Window.IsVisible(MusicFiles)</visible>
				<control type="image">
					<posx>80</posx>
					<posy>470</posy>
					<width>266</width>
					<height>150</height>
					<aspectratio>keep</aspectratio>
					<texture background="true" fallback="DefaultAudioCover.jpg">$INFO[ListItem.Icon]</texture>
					<bordertexture border="5">white-back.png</bordertexture>
					<bordersize>2</bordersize>
					<fadetime>FanartCrossfadeTime</fadetime>
				</control>
				<control type="textbox">
					<posx>360</posx>
					<posy>510</posy>
					<width>840</width>
					<height>105</height>
					<font>font11</font>
					<textcolor>grey2</textcolor>
					<scroll>true</scroll>
					<align>left</align>
					<label>$INFO[ListItem.Album][CR][CR]$INFO[ListItem.Genre][CR][CR]$INFO[ListItem.Year]</label>
				</control>
			</control>
		</control>
	</include>
</includes>