<includes>
	<include name="MovieDVDView">
		<control type="fixedlist" id="57">
			<visible>Container.Content(Movies) | Container.Content(TVShows) | Container.Content(Seasons) | Window.IsVisible(VideoFiles)</visible>
			<posx>-123</posx>
			<posy>140</posy>
			<width>1526</width>
			<height>460</height>
			<onleft>57</onleft>
			<onright>57</onright>
			<onup>9000</onup>
			<ondown>61</ondown>
			<viewtype label="31305">list</viewtype>
			<pagecontrol>61</pagecontrol>
			<scrolltime>200</scrolltime>
			<focusposition>3</focusposition>
			<movement>1</movement>
			<orientation>horizontal</orientation>
			<preloaditems>4</preloaditems>
			<itemlayout height="310" width="218">
				<control type="image">
					<posx>2</posx>
					<posy>0</posy>
					<width>214</width>
					<height>310</height>
					<aspectratio>stretch</aspectratio>
					<texture border="5">ThumbNF.png</texture>
				</control>
				<control type="image">
					<posx>7</posx>
					<posy>5</posy>
					<width>204</width>
					<height>300</height>
					<aspectratio>stretch</aspectratio>
					<texture background="true">$INFO[ListItem.Icon]</texture>
					<bordertexture border="5">black-back.png</bordertexture>
					<bordersize>1</bordersize>
				</control>
				<control type="image">
					<posx>2</posx>
					<posy>310</posy>
					<width>214</width>
					<height>310</height>
					<aspectratio>stretch</aspectratio>
					<texture background="true" flipy="true" diffuse="diffuse_mirror.png">$INFO[ListItem.Icon]</texture>
					<bordertexture border="5" flipy="true" diffuse="diffuse_mirror.png">ThumbNF.png</bordertexture>
					<bordersize>7</bordersize>
				</control>
				<control type="image">
					<posx>180</posx>
					<posy>275</posy>
					<width>35</width>
					<height>35</height>
					<aspectratio>keep</aspectratio>
					<texture>$INFO[ListItem.Overlay]</texture>
				</control>
			</itemlayout>
			<focusedlayout height="310" width="218">
				<control type="image">
					<posx>2</posx>
					<posy>0</posy>
					<width>214</width>
					<height>310</height>
					<aspectratio>stretch</aspectratio>
					<texture border="5">ThumbNF.png</texture>
					<animation reversible="false" effect="fade" start="100" end="0" delay="200" time="10">focus</animation>
					<animation reversible="false" effect="zoom" end="2,0,214,310" start="-8,-10,234,330" time="200">unfocus</animation>
				</control>
				<control type="image">
					<posx>2</posx>
					<posy>0</posy>
					<width>214</width>
					<height>310</height>
					<aspectratio>stretch</aspectratio>
					<texture border="5">ThumbFO.png</texture>
					<animation reversible="false" effect="zoom" start="2,0,214,310" end="-8,-10,234,330" time="200">focus</animation>
					<animation reversible="false" effect="fade" start="100" end="0" time="10">unfocus</animation>
				</control>  
				<control type="image">
					<posx>7</posx>
					<posy>5</posy>
					<width>204</width>
					<height>300</height>
					<aspectratio>stretch</aspectratio>
					<texture background="true">$INFO[ListItem.Icon]</texture>
					<bordertexture border="5">black-back.png</bordertexture>
					<bordersize>1</bordersize>
					<animation reversible="false" effect="zoom" start="7,7,204,300" end="-3,-3,224,320" time="200">focus</animation>
					<animation reversible="false" effect="zoom" end="7,7,204,300" start="-3,-3,224,320" time="200">unfocus</animation>
				</control>
				<control type="image">
					<posx>2</posx>
					<posy>310</posy>
					<width>214</width>
					<height>310</height>
					<aspectratio>stretch</aspectratio>
					<texture background="true" flipy="true" diffuse="diffuse_mirror.png">ThumbNF.png</texture>
					<animation reversible="false" effect="fade" start="100" end="0" time="10">focus</animation>
					<animation reversible="false" effect="zoom" end="2,310,214,310" start="-8,320,234,330" time="200">unfocus</animation>
				</control>
				<control type="image">
					<posx>2</posx>
					<posy>310</posy>
					<width>214</width>
					<height>310</height>
					<aspectratio>stretch</aspectratio>
					<texture background="true" flipy="true" diffuse="diffuse_mirror.png">ThumbFO.png</texture>
					<animation reversible="false" effect="zoom" start="2,310,214,310" end="-8,320,234,330" time="200">focus</animation>
					<animation reversible="false" effect="fade" start="100" end="0" time="10">unfocus</animation>
				</control>  
				<control type="image">
					<posx>7</posx>
					<posy>315</posy>
					<width>204</width>
					<height>300</height>
					<aspectratio>stretch</aspectratio>
					<texture background="true" flipy="true" diffuse="diffuse_mirror.png">$INFO[ListItem.Icon]</texture>
					<bordertexture border="5" flipy="true" diffuse="diffuse_mirror.png">black-back.png</bordertexture>
					<bordersize>1</bordersize>
					<animation reversible="false" effect="zoom" start="7,315,204,300" end="-3,325,224,320" time="200">focus</animation>
					<animation reversible="false" effect="zoom" end="7,315,204,300" start="-3,325,224,320" time="200">unfocus</animation>
				</control>
				<control type="image">
					<posx>180</posx>
					<posy>275</posy>
					<width>35</width>
					<height>35</height>
					<aspectratio>keep</aspectratio>
					<texture>$INFO[ListItem.Overlay]</texture>
					<animation effect="slide" start="0,0" end="5,5" time="200">Focus</animation>
					<animation effect="slide" end="0,0" start="5,5" time="200">UnFocus</animation>
				</control>
			</focusedlayout>
		</control>
		<control type="scrollbar" id="61"> 
			<posx>150</posx> 
			<posy>85r</posy> 
			<width>980</width> 
			<height>17</height> 
			<texturesliderbackground border="2,2,2,2">scrollbar_bar_back2.png</texturesliderbackground> 
			<texturesliderbar border="16,2,16,2">scrollbar_bar-vertical.png</texturesliderbar> 
			<texturesliderbarfocus border="16,2,16,2">scrollbar_bar_focus-vertical.png</texturesliderbarfocus> 
			<textureslidernib>scrollbar_nib-vertical.png</textureslidernib> 
			<textureslidernibfocus>scrollbar_nib-vertical.png</textureslidernibfocus> 
			<onup>57</onup> 
			<ondown>9000</ondown> 
			<showonepage>false</showonepage> 
			<orientation>horizontal</orientation> 
			<visible>Control.IsVisible(57)</visible> 
		</control>
	</include>
</includes>