<includes>

	<include name="Include.Home.Addon.Shorcut.Default.Texture">
		<texture background="true">bg/transparency.png</texture>
	</include>
	<include name="Include.Setting.Addon.Shorcut.Default.Onclick">
		<onclick>Skin.Reset(home.apps.custom.icon.$INFO[Window.Property(home.addon.shortcut.index])</onclick>
	</include>
	
	<include name="NXE.Home.Music.Content">
		<control type="group">			<!-- [Section.2] Featured Albums -->
			<posy>0</posy>
			<posx>158</posx>
			<width>313</width>
			<height>313</height>
			<visible>Container(300).HasFocus(4)</visible> 
			<animation effect="fade" end="100" time="400">Visible</animation>	
			<animation effect="fade" end="0" time="400">Hidden</animation>
			
			<control type="image">					<!-- section.background -->
				<width>312</width>
				<height>312</height>
				<aspectratio>stretch</aspectratio>
				<texture>bg/transparency.png</texture>
			</control>
			<control type="wraplist" id="304">		<!-- featured.albums -->
				<width>312</width>
				<height>312</height>
				<focusposition>0</focusposition>
				<scrolltime>400</scrolltime>
				<viewtype>bigwrap</viewtype>
				<orientation>horizontal</orientation>
				<onup>503</onup>
				<ondown>505</ondown>
				<onleft>504</onleft>
				<onright>504</onright>
				
					<itemlayout width="312" height="312">
							<control type="image">			<!-- ListItem.Icon -->
								<posy>0</posy>
								<posx>0</posx>
								<width>313</width>
								<height>313</height>
								<aspectratio>stretch</aspectratio>
								<texture background="true">$INFO[ListItem.Icon]</texture>
								<bordertexture>bg/black.png</bordertexture>
								<!-- <fadetime>800</fadetime>  -->
							</control>
							<control type="image">			<!-- text.background -->
								<posy>264</posy>
								<posx>0</posx>
								<width>312</width>
								<height>48</height>
								<aspectratio>stretch</aspectratio>
								<texture>bg/black.png</texture>
							</control>									
							<control type="label">			<!-- ListItem.Label2 -->
								<posx>8</posx>
								<posy>266</posy>
								<width>456</width>
								<info>ListItem.Label2</info>
								<font>font.12.bold</font>
								<textcolor>white</textcolor>
								<align>left</align>
							</control>
					</itemlayout>
					<focusedlayout width="312" height="312">									
							<control type="image">			<!-- ListItem.Icon -->
								<posy>0</posy>
								<posx>0</posx>
								<width>312</width>
								<height>312</height>
								<aspectratio>stretch</aspectratio>
								<texture background="true">$INFO[ListItem.Icon]</texture>
								<bordertexture>bg/black.png</bordertexture>
								<fadetime>800</fadetime>
							</control>
							<control type="image">			<!-- text.background -->
								<posy>264</posy>
								<posx>0</posx>
								<width>312</width>
								<height>48</height>
								<aspectratio>stretch</aspectratio>
								<texture>bg/black.png</texture>
							</control>									
							<control type="label">			<!-- ListItem.Label2 -->
								<posx>8</posx>
								<posy>266</posy>
								<width>456</width>
								<info>ListItem.Label2</info>
								<font>font.12.bold</font>
								<textcolor>white</textcolor>
								<align>left</align>
							</control>							
					</focusedlayout>
					<content>
						<item id="1">
							<label>01.png</label>
							<label2>$INFO[Window.Property(RandomAlbum.1.Year),, | ]$INFO[Window.Property(RandomAlbum.1.Title)][CR]$INFO[Window.Property(RandomAlbum.1.Artist)]</label2>
							<icon>$INFO[Window.Property(RandomAlbum.1.Thumb)]</icon>
							<onclick>XBMC.ActivateWindow(MusicLibrary,musicdb://3/$INFO[Window.Property(RandomAlbum.1.ID)])</onclick>
						</item>
						<item id="2">
							<label>02.png</label>
							<label2>$INFO[Window.Property(RandomAlbum.2.Year),, | ]$INFO[Window.Property(RandomAlbum.2.Title)][CR]$INFO[Window.Property(RandomAlbum.2.Artist)]</label2>
							<icon>$INFO[Window.Property(RandomAlbum.2.Thumb)]</icon>
							<onclick>XBMC.ActivateWindow(MusicLibrary,musicdb://3/$INFO[Window.Property(RandomAlbum.2.ID)])</onclick>
						</item>
						<item id="3">
							<label>03.png</label>
							<label2>$INFO[Window.Property(RandomAlbum.3.Year),, | ]$INFO[Window.Property(RandomAlbum.3.Title)][CR]$INFO[Window.Property(RandomAlbum.3.Artist)]</label2>
							<icon>$INFO[Window.Property(RandomAlbum.3.Thumb)]</icon>
							<onclick>XBMC.ActivateWindow(MusicLibrary,musicdb://3/$INFO[Window.Property(RandomAlbum.3.ID)])</onclick>
						</item>
						<item id="4">
							<label>04.png</label>
							<label2>$INFO[Window.Property(RandomAlbum.4.Year),, | ]$INFO[Window.Property(RandomAlbum.4.Title)][CR]$INFO[Window.Property(RandomAlbum.4.Artist)]</label2>
							<icon>$INFO[Window.Property(RandomAlbum.4.Thumb)]</icon>
							<onclick>XBMC.ActivateWindow(MusicLibrary,musicdb://3/$INFO[Window.Property(RandomAlbum.4.ID)])</onclick>
						</item>
						<item id="5">
							<label>05.png</label>
							<label2>$INFO[Window.Property(RandomAlbum.5.Year),, | ]$INFO[Window.Property(RandomAlbum.5.Title)][CR]$INFO[Window.Property(RandomAlbum.5.Artist)]</label2>
							<icon>$INFO[Window.Property(RandomAlbum.5.Thumb)]</icon>
							<onclick>XBMC.ActivateWindow(MusicLibrary,musicdb://3/$INFO[Window.Property(RandomAlbum.5.ID)])</onclick>
						</item>
					</content>
			
			</control>

			<control type="image">			<!-- focus -->
				<posy>0</posy>
				<posx>0</posx>
				<width>312</width>
				<height>312</height>
				<texture>icons/default.focus.png</texture>
				<aspectratio>stretch</aspectratio>
				<visible>Control.HasFocus(504)</visible>
			</control>
			<control type="image">			<!-- guide.item.indicator -->
				<posy>314</posy>
				<posx>216</posx>
				<width>96</width>
				<height>19</height>
				<texture>common/home/guide/$INFO[Container(304).NumItems]/$INFO[Control.GetLabel(304)]</texture>
				<aspectratio>stretch</aspectratio>
			</control>
			<control type="label">			<!-- "featured albums" -->
				<posy>312</posy>
				<posx>4</posx>
				<width>245</width>
				<label>FEATURE ALBUMS</label>
				<font>font.11</font>
				<textcolor>white</textcolor>
				<align>left</align>
			</control>						
			<control type="image">			<!-- section.shadow -->
				<posx>-4</posx>
				<posy>336</posy>
				<width>316</width>
				<height>32</height>
				<texture>common/dropshadow.png</texture>
			</control>
		
		</control>
		<control type="group">			<!-- [Section.3] Featured Songs -->
			<posy>0</posy>
			<posx>473</posx>	
			<visible>Container(300).HasFocus(4) | Container(300).HasFocus(5)</visible> 
			<animation effect="fade" end="100" time="400">Visible</animation>
			<animation effect="fade" end="0" time="400">Hidden</animation>					
				<control type="group">				<!-- featured.song.1 -->
					<posy>0</posy>
					<posx>0</posx>
						<control type="button" id="505">
							<posy>0</posy>
							<posx>0</posx>
							<width>312</width>
							<height>60</height>
							<texturefocus>icons/default.focus.list.png</texturefocus>
							<texturenofocus>icons/home/default.item.png</texturenofocus>
							<label>-</label>
							<onfocus>-</onfocus>
							<onclick>XBMC.PlayMedia($INFO[Window.Property(LatestSong.1.Path)])</onclick>
							<onup>300</onup>
							<ondown>506</ondown>
							<onleft>304</onleft>
							<onright>-</onright>
						</control>
						<control type="image">			<!-- album.icon -->
							<posy>3</posy>
							<posx>3</posx>
							<width>54</width>
							<height>54</height>
							<texture fallback="icons/home/music/default.music.png">$INFO[Window.Property(LatestSong.1.Thumb)]</texture>
							<aspectratio>stretch</aspectratio>
						</control>								
						<control type="label">			<!-- title -->
							<posy>2</posy>
							<posx>70</posx>
							<width>245</width>
							<label>$INFO[Window.Property(LatestSong.1.Title),01. ]</label>
							<font>font.11.bold</font>
							<textcolor>FFBBEE6D</textcolor>
							<align>left</align>
						</control>			
						<control type="label">			<!-- artist | album-->	
							<posy>20</posy>
							<posx>70</posx>
							<width>245</width>
							<label>$INFO[Window.Property(LatestSong.1.Artist)][CR]$INFO[Window.Property(LatestSong.1.Album)]</label>
							<font>font.11.bold</font>
							<textcolor>white</textcolor>
							<align>left</align>
						</control>
				</control>	
				<control type="group">				<!-- featured.song.2 -->
					<posy>63</posy>
					<posx>0</posx>
						<control type="button" id="506">
							<posy>0</posy>
							<posx>0</posx>
							<width>312</width>
							<height>60</height>
							<texturefocus>icons/default.focus.list.png</texturefocus>
							<texturenofocus>icons/home/default.item.png</texturenofocus>
							<label>-</label>
							<onfocus>-</onfocus>
							<onclick>XBMC.PlayMedia($INFO[Window.Property(LatestSong.2.Path)])</onclick>
							<onup>505</onup>
							<ondown>507</ondown>
							<onleft>304</onleft>
							<onright>-</onright>
						</control>
						<control type="image">			<!-- album.icon -->
							<posy>3</posy>
							<posx>3</posx>
							<width>54</width>
							<height>54</height>
							<texture fallback="icons/home/music/default.music.png">$INFO[Window.Property(LatestSong.2.Thumb)]</texture>
							<aspectratio>stretch</aspectratio>
						</control>			
						<control type="label">			<!-- title -->
							<posy>2</posy>
							<posx>70</posx>
							<width>245</width>
							<label>$INFO[Window.Property(LatestSong.2.Title),02. ]</label>
							<font>font.11.bold</font>
							<textcolor>FFBBEE6D</textcolor>
							<align>left</align>
						</control>
						<control type="label">			<!-- artist | album-->
							<posy>20</posy>
							<posx>70</posx>
							<width>245</width>
							<label>$INFO[Window.Property(LatestSong.2.Artist)][CR]$INFO[Window.Property(LatestSong.2.Album)]</label>
							<font>font.11.bold</font>
							<textcolor>white</textcolor>
							<align>left</align>
						</control>						
				</control>
				<control type="group">				<!-- featured.song.3 -->
					<posy>126</posy>
					<posx>0</posx>
						<control type="button" id="507">
							<posy>0</posy>
							<posx>0</posx>
							<width>312</width>
							<height>60</height>
							<texturefocus>icons/default.focus.list.png</texturefocus>
							<texturenofocus>icons/home/default.item.png</texturenofocus>
							<label>-</label>
							<onfocus>-</onfocus>
							<onclick>XBMC.PlayMedia($INFO[Window.Property(LatestSong.3.Path)])</onclick>
							<onup>506</onup>
							<ondown>508</ondown>
							<onleft>304</onleft>
							<onright>-</onright>
						</control>														
						<control type="image">			<!-- album.icon -->
							<posy>3</posy>
							<posx>3</posx>
							<width>54</width>
							<height>54</height>
							<texture fallback="icons/home/music/default.music.png">$INFO[Window.Property(LatestSong.3.Thumb)]</texture>
							<aspectratio>stretch</aspectratio>
						</control>
						<control type="label">			<!-- title -->
							<posy>2</posy>
							<posx>70</posx>
							<width>245</width>
							<label>$INFO[Window.Property(LatestSong.3.Title),03. ]</label>
							<font>font.11.bold</font>
							<textcolor>FFBBEE6D</textcolor>
							<align>left</align>
						</control>
						<control type="label">			<!-- artist | album-->	
							<posy>20</posy>
							<posx>70</posx>
							<width>245</width>
							<label>$INFO[Window.Property(LatestSong.3.Artist)][CR]$INFO[Window.Property(LatestSong.3.Album)]</label>
							<font>font.11.bold</font>
							<textcolor>white</textcolor>
							<align>left</align>
						</control>															
				</control>
				<control type="group">				<!-- featured.song.4 -->
					<posy>189</posy>
					<posx>0</posx>
						<control type="button" id="508">
							<posy>0</posy>
							<posx>0</posx>
							<width>312</width>
							<height>60</height>
							<texturefocus>icons/default.focus.list.png</texturefocus>
							<texturenofocus>icons/home/default.item.png</texturenofocus>
							<label>-</label>
							<onfocus>-</onfocus>
							<onclick>XBMC.PlayMedia($INFO[Window.Property(LatestSong.4.Path)])</onclick>
							<onup>507</onup>
							<ondown>509</ondown>
							<onleft>304</onleft>
							<onright>-</onright>
						</control>
						<control type="image">			<!-- album.icon -->
							<posy>3</posy>
							<posx>3</posx>
							<width>54</width>
							<height>54</height>
							<texture fallback="icons/home/music/default.music.png">$INFO[Window.Property(LatestSong.4.Thumb)]</texture>
							<aspectratio>stretch</aspectratio>
						</control>
						<control type="label">			<!-- title -->
							<posy>2</posy>
							<posx>70</posx>
							<width>245</width>
							<label>$INFO[Window.Property(LatestSong.4.Title),04. ]</label>
							<font>font.11.bold</font>
							<textcolor>FFBBEE6D</textcolor>
							<align>left</align>
						</control>
						<control type="label">			<!-- artist | album-->
							<posy>20</posy>
							<posx>70</posx>
							<width>245</width>
							<label>$INFO[Window.Property(LatestSong.4.Artist)][CR]$INFO[Window.Property(LatestSong.4.Album)]</label>
							<font>font.11.bold</font>
							<textcolor>white</textcolor>
							<align>left</align>
						</control>						
				</control>
				<control type="group">				<!-- featured.song.5 -->
					<posy>252</posy>
					<posx>0</posx>
						<control type="button" id="509">
							<posy>0</posy>
							<posx>0</posx>
							<width>312</width>
							<height>60</height>
							<texturefocus>icons/default.focus.list.png</texturefocus>
							<texturenofocus>icons/home/default.item.png</texturenofocus>
							<label>-</label>
							<onfocus>-</onfocus>
							<onclick>XBMC.PlayMedia($INFO[Window.Property(LatestSong.5.Path)])</onclick>
							<onup>508</onup>
							<ondown>-</ondown>
							<onleft>304</onleft>
							<onright>-</onright>
						</control>							
						<control type="image">			<!-- album.icon -->
							<posy>3</posy>
							<posx>3</posx>
							<width>54</width>
							<height>54</height>
							<texture fallback="icons/home/music/default.music.png">$INFO[Window.Property(LatestSong.5.Thumb)]</texture>
							<aspectratio>stretch</aspectratio>
						</control>
						<control type="label">			<!-- title -->
							<posy>2</posy>
							<posx>70</posx>
							<width>245</width>
							<label>$INFO[Window.Property(LatestSong.5.Title),05. ]</label>
							<font>font.11.bold</font>
							<textcolor>FFBBEE6D</textcolor>
							<align>left</align>
						</control>
						<control type="label">			<!-- artist | album -->
							<posy>20</posy>
							<posx>70</posx>
							<width>245</width>
							<label>$INFO[Window.Property(LatestSong.5.Artist)][CR]$INFO[Window.Property(LatestSong.5.Album)]</label>
							<font>font.11.bold</font>
							<textcolor>white</textcolor>
							<align>left</align>
						</control>
				</control>
				
				<control type="label">				<!-- "featured songs" -->
					<posy>312</posy>
					<posx>4</posx>
					<width>245</width>
					<label>FEATURED SONGS</label>
					<font>font.11</font>
					<textcolor>white</textcolor>
					<shadowcolor>black</shadowcolor>
					<align>left</align>
				</control>				
				<control type="image">				<!-- section.shadow -->
					<posx>-2</posx>
					<posy>336</posy>
					<width>316</width>
					<height>32</height>
					<texture>common/dropshadow.png</texture>
				</control>				
												
		</control>
	</include>
	<include name="NXE.Home.Games.Content">
		<control type="group">			<!-- [Section.2] Games -->
			<visible>Container(300).HasFocus(5)</visible> 
			<animation effect="fade" end="100" time="400">Visible</animation>
			<animation effect="fade" end="0" time="400">Hidden</animation>
			
			<control type="group">			<!-- game.1 -->
				<posy>0</posy>
				<posx>160</posx>
					<control type="image">				<!-- game.icon -->
						<width>206</width>
						<height>128</height>
						<texture fallback="icons/default.programs.ws.png">$INFO[Window.Property(LatestProgram.1.Folder),,default.i.tbn]</texture>
						<aspectratio>stretch</aspectratio>
						<fadetime>400</fadetime>
					</control>
					<control type="button" id="604">	<!-- game.button -->
						<posy>0</posy>
						<posx>0</posx>
						<width>206</width>
						<height>155</height>
						<texturefocus>icons/home/games/title.fo.png</texturefocus>
						<texturenofocus>icons/home/games/title.png</texturenofocus>
						<label></label>
						<onclick>$INFO[Window.Property(LatestProgram.1.Path)]</onclick>
						<onfocus>-</onfocus>
						<onup>-</onup>
						<ondown>605</ondown>
						<onleft>601</onleft>
						<onright>606</onright>
					</control>
					<control type="label">				<!-- game.title -->
						<posy>129</posy>
						<posx>4</posx>
						<width>202</width>
						<font>font12boldcaps</font>
						<label>$INFO[Window.Property(LatestProgram.1.Title)]</label>
						<textcolor>white</textcolor>
						<shadowcolor>black</shadowcolor>
						<!-- <scroll>true</scroll> -->
					</control>				
			</control>
			<control type="group">			<!-- game.2 -->
				<posy>160</posy>
				<posx>160</posx>
					<control type="image">				<!-- game.icon -->	
						<width>206</width>
						<height>128</height>
						<texture fallback="icons/default.programs.ws.png">$INFO[Window.Property(LatestProgram.2.Folder),,default.i.tbn]</texture>
						<aspectratio>stretch</aspectratio>
						<fadetime>400</fadetime>
					</control>
					<control type="button" id="605">	<!-- game.button -->
						<posy>0</posy>
						<posx>0</posx>
						<width>206</width>
						<height>155</height>
						<texturefocus>icons/home/games/title.fo.png</texturefocus>
						<texturenofocus>icons/home/games/title.png</texturenofocus>
						<label>-</label>
						<onclick>$INFO[Window.Property(LatestProgram.2.Path)]</onclick>
						<onfocus>-</onfocus>
						<onup>604</onup>
						<ondown>606</ondown>
						<onleft>603</onleft>
						<onright>607</onright>
					</control>
					<control type="label">				<!-- game.title -->
						<posy>129</posy>
						<posx>4</posx>
						<width>202</width>
						<font>font12boldcaps</font>
						<label>$INFO[Window.Property(LatestProgram.2.Title)]</label>
						<textcolor>white</textcolor>
						<shadowcolor>black</shadowcolor>
						<autoscroll delay="3000" time="1000" repeat="10000">Control.HasFocus(5)</autoscroll>
					</control>
			</control>
			<control type="group">			<!-- game.3 -->
				<posy>0</posy>
				<posx>372</posx>
					<control type="image">				<!-- game.icon -->
						<width>206</width>
						<height>128</height>
						<texture fallback="icons/default.programs.ws.png">$INFO[Window.Property(LatestProgram.3.Folder),,default.i.tbn]</texture>
						<aspectratio>stretch</aspectratio>
						<fadetime>400</fadetime>
					</control>
					<control type="button" id="606">	<!-- game.button -->
						<posy>0</posy>
						<posx>0</posx>
						<width>206</width>
						<height>155</height>
						<texturefocus>icons/home/games/title.fo.png</texturefocus>
						<texturenofocus>icons/home/games/title.png</texturenofocus>
						<label>-</label>
						<onclick>$INFO[Window.Property(LatestProgram.3.Path)]</onclick>
						<onfocus>-</onfocus>
						<onup>-</onup>
						<ondown>607</ondown>
						<onleft>604</onleft>
						<onright>608</onright>
					</control>
					<control type="label">				<!-- game.title -->
						<posy>129</posy>
						<posx>4</posx>
						<width>202</width>
						<font>font12boldcaps</font>
						<label>$INFO[Window.Property(LatestProgram.3.Title)]</label>
						<textcolor>white</textcolor>
						<shadowcolor>black</shadowcolor>
					</control>
			</control>		
			<control type="group">			<!-- game.4 -->
				<posy>160</posy>
				<posx>371</posx>
					<control type="image">				<!-- game.icon -->
						<width>206</width>
						<height>128</height>
						<texture fallback="icons/default.programs.ws.png">$INFO[Window.Property(LatestProgram.4.Folder),,default.i.tbn]</texture>
						<aspectratio>stretch</aspectratio>
						<fadetime>400</fadetime>
					</control>
					<control type="button" id="607">	<!-- game.button -->
						<posy>0</posy>
						<posx>0</posx>
						<width>206</width>
						<height>155</height>
						<texturefocus>icons/home/games/title.fo.png</texturefocus>
						<texturenofocus>icons/home/games/title.png</texturenofocus>
						<onclick>$INFO[Window.Property(LatestProgram.4.Path)]</onclick>
						<onfocus>-</onfocus>
						<onup>606</onup>
						<ondown>608</ondown>
						<onleft>605</onleft>
						<onright>609</onright>
					</control>
					<control type="label">				<!-- game.title -->
						<posy>129</posy>
						<posx>4</posx>
						<width>202</width>
						<font>font.12.bold</font>
						<label>$INFO[Window.Property(LatestProgram.4.Title)]</label>
						<textcolor>white</textcolor>
						<shadowcolor>black</shadowcolor>
					</control>
			</control>
		</control>
		<control type="group">			<!-- [Section.3] Games -->
			<control type="group">			<!-- game.5 -->
				<posy>0</posy>
				<posx>582</posx>
					<control type="image">				<!-- game.icon -->
						<width>206</width>
						<height>128</height>
						<texture fallback="icons/default.programs.ws.png">$INFO[Window.Property(LatestProgram.5.Folder),,default.i.tbn]</texture>
						<aspectratio>stretch</aspectratio>
						<fadetime>400</fadetime>
					</control>
					<control type="button" id="608">	<!-- game.button -->
						<posy>0</posy>
						<posx>0</posx>
						<width>206</width>
						<height>155</height>
						<texturefocus>icons/home/games/title.fo.png</texturefocus>
						<texturenofocus>icons/home/games/title.png</texturenofocus>
						<label>-</label>
						<onclick>$INFO[Window.Property(LatestProgram.5.Path)]</onclick>
						<onfocus>-</onfocus>
						<onup>300</onup>
						<ondown>609</ondown>
						<onleft>606</onleft>
						<onright>601</onright>
					</control>
					<control type="label">				<!-- game.title -->
						<posy>129</posy>
						<posx>4</posx>
						<width>202</width>
						<font>font12boldcaps</font>
						<label>$INFO[Window.Property(LatestProgram.5.Title)]</label>
						<textcolor>white</textcolor>
						<shadowcolor>black</shadowcolor>
					</control>
			</control>
			<control type="group">			<!-- game.6 -->
				<posy>160</posy>
				<posx>582</posx>
					<control type="image">				<!-- game.icon -->
						<width>206</width>
						<height>128</height>
						<texture fallback="icons/default.programs.ws.png">$INFO[Window.Property(LatestProgram.6.Folder),,default.i.tbn]</texture>
						<aspectratio>stretch</aspectratio>
						<fadetime>400</fadetime>
					</control>
					<control type="button" id="609">
						<posy>0</posy>
						<posx>0</posx>
						<width>206</width>
						<height>155</height>
						<texturefocus>icons/home/games/title.fo.png</texturefocus>
						<texturenofocus>icons/home/games/title.png</texturenofocus>
						<label>-</label>
						<onclick>$INFO[Window.Property(LatestProgram.5.Path)]</onclick>
						<onfocus>-</onfocus>
						<onup>608</onup>
						<ondown>606</ondown>
						<onleft>607</onleft>
						<onright>601</onright>
					</control>
					<control type="label">				<!-- game.title -->
						<posy>130</posy>
						<posx>4</posx>
						<width>202</width>
						<font>font12boldcaps</font>
						<label>$INFO[Window.Property(LatestProgram.6.Title)]</label>
						<textcolor>white</textcolor>
						<shadowcolor>black</shadowcolor>
					</control>
			</control>
		</control>
	
		<control type="label">			<!-- "featured games" -->
			<posy>312</posy>
			<posx>160</posx>
			<width>245</width>
			<label>FEATURED GAMES</label>
			<font>font.11</font>
			<textcolor>white</textcolor>
			<shadowcolor>black</shadowcolor>
			<align>left</align>
		</control>				
		<control type="image">			<!-- section.shadow -->
			<posy>336</posy>
			<posx>155</posx>
			<width>638</width>
			<height>32</height>
			<texture>common/dropshadow.png</texture>
		</control>
	</include>

</includes>
