<window id="720">
	<defaultcontrol always="true">300</defaultcontrol>
	<allowoverlay>yes</allowoverlay>
	
	<controls>
		
		<control type="image">					<!-- window.wallpaper.custom -->			
			<posx>0</posx>
			<posy>0</posy>
			<width>1280</width>
			<height>720</height>
			<texture background="true">$INFO[Control.GetLabel(98),,fanart.jpg]</texture>
			<aspectratio>stretch</aspectratio>
			<animation effect="fade" end="100" time="600">WindowOpen</animation>
			<!-- <animation effect="fade" end="0" time="400">WindowClose</animation> -->
		</control>
		<control type="image">					<!-- window.overlay -->
			<posx>0</posx>
			<posy>0</posy>
			<width>1280</width>
			<height>720</height>
			<texture>backgrounds/overlays/0.png</texture>
			<aspectratio>stretch</aspectratio>
			<animation effect="fade" end="100" time="600">WindowOpen</animation>
			<animation effect="fade" end="0" time="400">WindowClose</animation>
		</control>

		<control type="label" id="100">			<!-- title -->		
			<posx>1200</posx>
			<posy>64</posy>
			<width>640</width>
			<font>font.36</font>
			<label></label>
			<align>right</align>
		</control>	
		
		<control type="fixedlist" id="300">
			<posx>152</posx>
			<posy>128</posy>
			<width>640</width>
			<height>88</height>
			<orientation>horizontal</orientation>
			<onup>18</onup>
			<ondown>100</ondown>
			<onleft>-</onleft>
			<onright>-</onright>
			<focusposition>0</focusposition>
				<itemlayout width="160">
					<control type="label">
						<posy>8</posy>
						<posx>0</posx>
						<width>320</width>
						<font>font.26</font>
						<textcolor>grey</textcolor>
						<info>ListItem.Label</info>
						<align>left</align>
					</control>
				</itemlayout>
				<focusedlayout width="160" height="64">
					<control type="label">
						<posy>4</posy>
						<posx>0</posx>
						<width>320</width>
						<font>font.28</font>
						<info>ListItem.Label</info>
						<align>left</align>
						<textcolor>white</textcolor>
						<shadowcolor>black</shadowcolor>
					</control>
				</focusedlayout>
				<content>		
					<item id="0">			<!-- overview -->
						<label>overview</label>
						<onclick>Control.SetFocus(301)</onclick>
					</item>				
					<item id="1">			<!-- details -->
						<label>details</label>
						<onclick>Control.SetFocus(1001)</onclick>
					</item>				
					<item id="2">			<!-- gallery -->
						<label>gallery</label>
						<onclick>Control.SetFocus(301)</onclick>
					</item>
					<item id="3">			<!-- extras -->
						<label>extras</label>
						<onclick>Control.SetFocus(401)</onclick>
					</item>			 
				 </content>
		</control>

		<control type="group">					<!-- overview-->
			<posx>253</posx>
			<posy>216</posy>
			<width>778</width>
			<height>360</height>
			<include>Animation.Home.Navigation.Section.0</include>
				<control type="group">
					<visible>Container(300).HasFocus(9) | Container(300).HasFocus(0) | Container(300).HasFocus(1)</visible>
					
						<control type="group">			<!-- item.1 - play now -->
							<posy>0</posy>
							<posx>0</posx>
							<animation effect="zoom" end="103" center="auto" time="700" condition="Control.HasFocus(301)">Conditional</animation>
								<control type="button" id="301">
									<posy>0</posy>
									<posx>0</posx>
									<width>155</width>
									<height>102</height>
									<texturefocus>icons/home/games/games.ws.fo.png</texturefocus>
									<texturenofocus>icons/home/games/games.ws.png</texturenofocus>
									<label></label>
									<onfocus>-</onfocus>
									<onclick>-</onclick>
									<onup>300</onup>
									<ondown>302</ondown>
									<onleft>-</onleft>
									<onright>304</onright>
								</control>
								<control type="label">
									<posy>72</posy>
									<posx>8</posx>
									<width>155</width>
									<label>Play Now</label>
									<font>font.12.bold</font>
									<textcolor>white</textcolor>
									<align>left</align>
								</control>
						</control>								
						<control type="group">			<!-- item.2 - play trailer -->
							<posy>106</posy>	
							<posx>0</posx>
							<animation effect="zoom" end="103" center="auto" time="700" condition="Control.HasFocus(302)">Conditional</animation>
								<control type="button" id="302">
									<posy>0</posy>
									<posx>0</posx>
									<width>155</width>
									<height>102</height>
									<texturefocus>icons/home/movies/videos.ws.fo.png</texturefocus>
									<texturenofocus>icons/home/movies/videos.ws.png</texturenofocus>
									<bordertexture>bg/white.png</bordertexture>
									<label>-</label>
									<onclick>Xbmc.PlayMedia(E:\XBMC\Media\Games\Battlefield 2 Modern Warfare\_default\trailer.mp4,1)</onclick>
									<onfocus>-</onfocus>
									<onup>301</onup>
									<ondown>303</ondown>
									<onleft>-</onleft>
									<onright>102</onright>
								</control>
								<control type="label">
									<posy>72</posy>
									<posx>8</posx>
									<width>155</width>
									<label>Play Trailer</label>
									<font>font.12.bold</font>
									<textcolor>white</textcolor>
									<align>left</align>
								</control>
						</control>					
						<control type="group">			<!-- item.3 - TBD -->
							<posy>212</posy>
							<posx>0</posx>
							<animation effect="zoom" end="103" center="auto" time="700" condition="Control.HasFocus(303)">Conditional</animation>
								<control type="button" id="303">
									<posy>0</posy>
									<posx>0</posx>
									<width>155</width>
									<height>102</height>
									<texturefocus>icons/home/marketplace.ws.fo.png</texturefocus>
									<texturenofocus>icons/home/marketplace.ws.png</texturenofocus>
									<bordertexture>bg/white.png</bordertexture>
									<label>-</label>
									<onclick></onclick>
									<onfocus>-</onfocus>
									<onup>302</onup>
									<ondown>-</ondown>
									<onleft>-</onleft>
									<onright>-</onright>
								</control>
								<control type="label">
									<posy>72</posy>
									<posx>8</posx>
									<width>155</width>
									<label>TBD</label>
									<font>font.12.bold</font>
									<textcolor>white</textcolor>
									<align>left</align>
								</control>
							
						</control>

						<control type="group">			<!-- seciton 2 -->
							<posx>160</posx>
							<posy>0</posy>	
								<control type="image" id="101">				<!-- item.icon -->
									<width>474</width>
									<height>268</height>
									<aspectratio>stretch</aspectratio>
									<texture>$INFO[Control.GetLabel(98),,default.i.tbn]</texture>
									<bordertexture>bg/transparency.png</bordertexture>
									<visible>!Player.HasVideo</visible>
								</control>
								<control type="videowindow" id="102">
									<posy>0</posy>
									<posx>0</posx>
									<width>474</width>
									<height>268</height>
								</control>
								<control type="image">			<!-- ListItem.StarRating -->
									<posx>0</posx>
									<posy>282</posy>
									<posy>282</posy>
									<width>120</width>
									<height>24</height>
									<texture>flagging/ratings.star/left/rating4.png</texture>
								</control>
								<control type="label" id="105">
									<posx>474</posx>
									<posy>282</posy>
									<width>200</width>
									<label>Released</label>
									<font>font.14.bold</font>
									<textcolor>white</textcolor>
									<align>right</align>
								</control>
						</control>
						
						<control type="group">			<!-- section.3 -->
							<posy>0</posy>				
							<posx>638</posx>
								<control type="image">				<!-- ESRB -->
									<width>72</width>
									<height>102</height>
									<texture>$INFO[Control.GetLabel(99),flagging/esrb/,.jpg]</texture>
									<aspectratio>stretch</aspectratio>
								</control>
								<control type="label" id="104">
									<posx>0</posx>
									<posy>108</posy>
									<width>200</width>
									<label></label>
									<font>font.14.bold</font>
									<textcolor>white</textcolor>
									<align>left</align>
								</control>
						</control>
						
					</control>
		</control>
				
		<control type="group">					<!-- details -->
			<posx>253</posx>
			<posy>216</posy>
			<width>778</width>
			<height>360</height>
			<include>Animation.Home.Navigation.Section.1</include>
			
			<control type="group">
				<visible>Container(300).HasFocus(0) | Container(300).HasFocus(1) | Container(300).HasFocus(2)</visible>

				<control type="group">		<!-- genre -->
					<posy>0</posy>
					<control type="label">
						<posx>0</posx>
						<posy>0</posy>
						<width>192</width>
						<label>Genre</label>
						<font>font.16.bold</font>
						<textcolor>FFBBEE6D</textcolor>
						<align>left</align>
					</control>				
					<control type="label" id="106">
						<posx>8</posx>
						<posy>24</posy>
						<width>176</width>
						<label></label>
						<font>font.14.bold</font>
						<textcolor>white</textcolor>
						<align>left</align>
					</control>	
				</control>
				<control type="group">		<!-- developer -->
					<posy>88</posy>
					<control type="label">
						<posx>0</posx>
						<posy>0</posy>
						<width>192</width>
						<label>Developer</label>
						<font>font.16.bold</font>
						<textcolor>FFBBEE6D</textcolor>
						<align>left</align>
					</control>				
					<control type="label" id="107">
						<posx>8</posx>
						<posy>24</posy>
						<width>176</width>
						<label></label>
						<font>font.14.bold</font>
						<textcolor>white</textcolor>
						<align>left</align>
					</control>	
				</control>
				<control type="group">		<!-- publisher -->
					<posy>176</posy>
					<control type="label">
						<posx>0</posx>
						<posy>0</posy>
						<width>192</width>
						<label>Publisher</label>
						<font>font.16.bold</font>
						<textcolor>FFBBEE6D</textcolor>
						<align>left</align>
					</control>				
					<control type="label" id="108">
						<posx>8</posx>
						<posy>24</posy>
						<width>176</width>
						<label></label>
						<font>font.14.bold</font>
						<textcolor>white</textcolor>
						<align>left</align>
					</control>	
				</control>
			
				<control type="group">		<!-- features  general -->
					<posx>192</posx>
					<posy>0</posy>
						<control type="label">
							<posx>0</posx>
							<posy>0</posy>
							<width>176</width>
							<label>General Features</label>
							<font>font.15.bold</font>
							<textcolor>FFBBEE6D</textcolor>
							<align>left</align>
						</control>				
						<control type="label" id="109">
							<posx>8</posx>
							<posy>24</posy>
							<width>176</width>
							<label></label>
							<font>font.14.bold</font>
							<textcolor>white</textcolor>
							<align>left</align>
						</control>	
				</control>
				<control type="group">		<!-- features  online -->
					<posx>192</posx>
					<posy>180</posy>
						<control type="label">
							<posx>0</posx>
							<posy>0</posy>
							<width>176</width>
							<label>Online Features</label>
							<font>font.15.bold</font>
							<textcolor>FFFFD800</textcolor>
							<align>left</align>
						</control>				
						<control type="label" id="110">
							<posx>8</posx>
							<posy>24</posy>
							<width>176</width>
							<label></label>
							<font>font.14.bold</font>
							<textcolor>white</textcolor>
							<align>left</align>
						</control>	
				</control>
			
				<control type="group">		<!-- description -->
					<posx>384</posx>
					<posy>0</posy>				
					<control type="textbox" id="111">
						<posx>8</posx>
						<posy>0</posy>
						<width>394</width>
						<height>312</height>
						<label></label>
						<font>font.14.bold</font>
						<textcolor>white</textcolor>
						<align>left</align>
					</control>	
				</control>
			
			</control>
		
		</control>		
		<control type="group">		<!-- gallery -->
			<posx>253</posx>
			<posy>216</posy>
			<width>778</width>
			<height>360</height>
			<include>Animation.Home.Navigation.Section.2</include>
				
				<control type="group">
					<visible>Container(300).HasFocus(1) | Container(300).HasFocus(2) | Container(300).HasFocus(3)</visible>
						<control type="multiimage">
							<posx>112</posx>
							<posy>0</posy>
							<width>554</width>
							<height>312</height>
							<imagepath>$INFO[Control.GetLabel(98)]_default\gallery\</imagepath>
							<timeperimage>2000</timeperimage>
							<fadetime>2000</fadetime>
							<loop>yes</loop>
							<randomize>true</randomize>
						</control>
				</control>
			
		</control>		
		<control type="group">		<!-- extras-->
			<posx>253</posx>
			<posy>216</posy>
			<width>778</width>
			<height>360</height>
			<include>Animation.Home.Navigation.Section.3</include>
				
				<control type="group">
					<visible>Container(300).HasFocus(2) | Container(300).HasFocus(3) | Container(300).HasFocus(4)</visible>
					<control type="panel" id="120">
						<posx>0</posx>
						<posy>0</posy>
						<width>778</width>
						<height>360</height>
						<viewtype>list</viewtype>
						<orientation>horizontal</orientation>
						<ondown>-</ondown>
						<onup>-</onup>
						<onleft>-</onleft>
						<onright>-</onright>
							<itemlayout height="102" width="388">
								<control type="image">
									<posx>4</posx>
									<posy>4</posy>
									<width>380</width>
									<height>96</height>
									<texture>bg/green.png</texture>
								</control>
								<control type="label">
									<posx>8</posx>
									<posy>8</posy>
									<width>380</width>
									<font>font.14.bold</font>
									<info>ListItem.Label</info>
									<align>left</align>
									<textcolor>white</textcolor>
								</control>
							</itemlayout>
							<focusedlayout height="102" width="388">
								<control type="label">
									<posy>4</posy>
									<posx>0</posx>
									<width>320</width>
									<font>font.14.bold</font>
									<info>ListItem.Label</info>
									<align>left</align>
									<textcolor>white</textcolor>
								</control>
							</focusedlayout>
							<content>
								<item id="0">
									<label>Mission 1 Walkthrough (Part 1/2)</label>
									<onclick>-</onclick>
								</item>								
								<item id="1">
									<label>Mission 1 Walkthrough (Part 2/2)</label>
									<onclick>-</onclick>
								</item>								
								<item id="1">
									<label>Mission 2 Walkthrough (Part 1/2)</label>
									<onclick>-</onclick>
								</item>								
								<item id="1">
									<label>Mission 2 Walkthrough (Part 2/2)</label>
									<onclick>-</onclick>
								</item>
							</content>
					</control>
				</control>
			
		</control>				

		<include>NXE.Console.Logo</include>	
		<!-- <include>NXE.XboxLive.GamerCard</include> -->

		<!-- Label.Debug -->
		<control type="label" id="98">		<!-- path -->
			<posx>0</posx>
			<posy>680</posy>
			<width>1280</width>
			<height>28</height>
			<font>font.12.bold</font>
			<textcolor>white</textcolor>
			<visible>false</visible>
		</control>
		<control type="label" id="99">		<!-- esrb -->
			<posx>0</posx>
			<posy>680</posy>
			<width>1280</width>
			<height>28</height>
			<font>font.12.bold</font>
			<textcolor>white</textcolor>
			<visible>false</visible>
		</control>
		
		<control type="group" id="18">		<!-- [Controller.Buttons] -->
			<posx>124</posx>
			<posy>660</posy>
			<include>Animation.Window.OpenClose.Fade</include>
			
			<include>NXE.Controller.Button.A</include>
			
			<control type="group">			<!-- button (Y) -->
				<posx>110</posx>
				<control type="button" id="20">
					<posy>0</posy>
					<posx>0</posx>
					<width>40</width>
					<height>40</height>
					<label>-</label>
					<font>-</font>
					<aligny>-</aligny>
					<onclick>ActivateWindow(ShutdownMenu)</onclick>
					<texturefocus>common/controller.buttons/y-fo.png</texturefocus>
					<texturenofocus>common/controller.buttons/y.png</texturenofocus>
					<onleft>19</onleft>
					<onright>360</onright>
					<onup>51</onup>
					<ondown>300</ondown>
				</control>
				<control type="label">
					<posy>0</posy>
					<posx>40</posx>
					<width>580</width>
					<height>35</height>
					<font>font.12.bold</font>
					<textcolor>white</textcolor>
					<align>left</align>
					<aligny>center</aligny>
					<label>Power Options</label>
				</control>
			</control>
			<control type="group">			<!-- button (x) -->
				<posx>280</posx>	
				<visible>System.HasMediaDVD</visible>
				<animation effect="fade" end="100" time="600" condition="System.HasMediaDVD">Conditional</animation>
				<control type="button" id="21">
					<posy>0</posy>
					<posx>0</posx>
					<width>40</width>
					<height>40</height>
					<label>-</label>
					<font>-</font>
					<aligny>-</aligny>
					<onclick>EjectTray</onclick>
					<texturefocus>common/controller.buttons/x-fo.png</texturefocus>
					<texturenofocus>common/controller.buttons/x.png</texturenofocus>
					<onleft>20</onleft>
					<onright>-</onright>
					<onup>51</onup>
					<ondown>300</ondown>
				</control>
				<control type="label">
						<posx>40</posx>
						<posy>0</posy>
						<width>580</width>
						<height>35</height>
						<font>font.12.bold</font>
						<textcolor>white</textcolor>
						<align>left</align>
						<aligny>center</aligny>
						<label>Eject Disc</label>
					</control>
			</control>

		</control>
		
	</controls>
  
</window>