<window id="363">
	<defaultcontrol always="true">1</defaultcontrol>
	<allowoverlay>yes</allowoverlay>
	<backgroundcolor>0x00000000</backgroundcolor>	
	
	<controls>
		
		<control type="image">				<!-- window.global.background -->
			<include>NXE.Global.Background</include>
		</control>		
		<control type="image">			<!-- stage -->
			<posx>0</posx>
			<posy>0</posy>
			<width>1280</width>
			<height>720</height>
			<texture>backgrounds/stages/04.png</texture>
			<aspectration>stretch</aspectration>
			<visible>Skin.HasSetting(Global.Wallpaper.Enabled)</visible>
		</control>
	
		<control type="group">		<!-- WELCOME SECTION -->
			<posy>216</posy>
			<posx>253</posx>
			<width>778</width>
			<height>360</height>
			<!-- <include>Animation.Home.Navigation.Section.0</include> -->
				
				<control type="group">
					<!-- <visible>Container(300).HasFocus(9) | Container(300).HasFocus(0) | Container(300).HasFocus(1)</visible> -->
					<control type="group">			<!-- [Section.1] Menu -->
						<control type="group">			<!-- item.1 - -->
							<posx>0</posx>
							<posy>0</posy>
							<animation effect="zoom" end="103" center="auto" time="700" condition="Control.HasFocus(401)">Conditional</animation>
								<control type="radiobutton" id="401">
									<posy>0</posy>
									<posx>0</posx>
									<width>155</width>
									<height>102</height>
									<texturefocus>icons/home/tvshows/tv.ws.fo.png</texturefocus>
									<texturenofocus>icons/home/tvshows/tv.ws.png</texturenofocus>
									<label>-</label>
									<onfocus>-</onfocus>
									<ondown>402</ondown>
									<onleft>-</onleft>
									<onright>404</onright>
									<onclick>Skin.ToggleSetting(Global.Wallpaper.Enabled)</onclick>
									<selected>Skin.HasSetting(Home.Wallpaper.Fanart.Enabled)</selected>								<onup>300</onup>
								</control>
								<control type="label">
									<posy>72</posy>
									<posx>8</posx>
									<width>155</width>
									<label>Default</label>
									<font>font.12.bold</font>
									<textcolor>white</textcolor>
									<align>left</align>
								</control>
						</control>
						<control type="group">			<!-- item.2 - unassigned -->
							<posy>106</posy>
							<posx>0</posx>
							<animation effect="zoom" end="103" center="auto" time="700" condition="Control.HasFocus(402)">Conditional</animation>
								<control type="radiobutton" id="402">
									<posy>0</posy>
									<posx>0</posx>
									<width>155</width>
									<height>102</height>
									<texturefocus>icons/home/default.ws.fo.png</texturefocus>
									<texturenofocus>icons/home/default.ws.png</texturenofocus>
									<label>-</label>
									<onclick>ActivateWindow(720)</onclick>
									<onup>401</onup>
									<ondown>403</ondown>
									<onleft>-</onleft>
									<onright>404</onright>
								</control>
								<control type="label">
									<posy>72</posy>
									<posx>8</posx>
									<width>155</width>
									<label>Custom</label>
									<font>font.12.bold</font>
									<textcolor>white</textcolor>
									<align>left</align>
								</control>
						</control>
						<control type="group">			<!-- item.3 - unassigned -->
							<posy>212</posy>
							<posx>0</posx>
							<animation effect="zoom" end="103" center="auto" time="700" condition="Control.HasFocus(403)">Conditional</animation>
								<control type="radiobutton" id="403">
									<posy>0</posy>
									<posx>0</posx>
									<width>155</width>
									<height>102</height>
									<texturefocus>icons/home/default.ws.fo.png</texturefocus>
									<texturenofocus>icons/home/default.ws.png</texturenofocus>
									<label>-</label>
									<onfocus>-</onfocus>
									<onup>402</onup>
									<ondown>404</ondown>
									<onleft>-</onleft>
									<onright>404</onright>
									<selected>Skin.HasSetting(Home.Wallpaper.Fanart.Enabled)</selected>
									<onclick>Skin.ToggleSetting(Home.Wallpaper.Fanart.Enabled)</onclick>
								</control>
								<control type="label">
									<posy>72</posy>
									<posx>8</posx>
									<width>155</width>
									<label>Video Fanart</label>
									<font>font.12.bold</font>
									<textcolor>white</textcolor>
									<align>left</align>
								</control>
						</control>
						<control type="image">			<!-- section.1.shadow -->
							<posx>0</posx>
							<posy>336</posy>
							<width>155</width>
							<height>32</height>
							<texture>common/dropshadow.png</texture>
						</control>
					</control>
					<control type="group">			<!-- [Section.2] -->
						<posy>0</posy>
						<posx>160</posx>
						<width>474</width>
						<height>312</height>
						<animation effect="zoom" end="105" center="auto" time="400" condition="Control.HasFocus(304)">Conditional</animation>
						
							<control type="grouplist" id="2">
								<posy>0</posy>
								<posx>0</posx>
								<width>474</width>
								<height>488</height>
								<orientation>horizontal</orientation>
								<itemgap>1</itemgap>
								<onleft>2</onleft>
								<onright>2</onright>
								<onup>10</onup>
								<ondown>10</ondown>
								<visible>false</visible>
								
								<control type="group">
									<control type="image">			<!-- featured.media -->
										<posx>0</posx>
										<posy>0</posy>
										<width>474</width>
										<height>267</height>
										<texture>backgrounds/thumbs/00.png</texture>
									</control>
									<control type="radiobutton" id="3">			<!-- item.title -->
										<posx>0</posx>
										<posy>267</posy>
										<width>474</width>
										<height>45</height>
										<label>Content Coming Soon!... Hopefully :)</label>
										<font>font.12.bold</font>
										<textcolor>white</textcolor>
										<align>left</align>
										<texturefocus>bg/black.png</texturefocus>
										<texturenofocus>bg/black.png</texturenofocus>
										<onclick>Skin.SetString(Global.Wallpaper,backgrounds/00.png)</onclick>
									</control>
								</control>
								<control type="group">
									<control type="radiobutton" id="4">			<!-- featured.games -->
										<posx>0</posx>
										<posy>0</posy>
										<width>474</width>
										<height>312</height>
										<label>-</label>
										<font>font13</font>
										<textcolor>black</textcolor>
										<focusedcolor>white</focusedcolor>
										<texturefocus>backgrounds/thumbs/01.png</texturefocus>
										<texturenofocus>backgrounds/thumbs/01.png</texturenofocus>
										<onclick>Skin.ToggleSetting(Startup.Featured.Games.Enabled)</onclick>
										<selected>Skin.HasSetting(Startup.Featured.Games.Enabled)</selected>
									</control>
								</control>
								<control type="group">
									<control type="radiobutton" id="5">			<!-- content.autoscroll -->
										<posx>0</posx>
										<posy>0</posy>
										<width>474</width>
										<height>312</height>
										<label>-</label>
										<font>font13</font>
										<textcolor>black</textcolor>
										<focusedcolor>white</focusedcolor>
										<texturefocus>backgrounds/thumbs/02.png</texturefocus>
										<texturenofocus>backgrounds/thumbs/02.png</texturenofocus>
										<onclick>Skin.ToggleSetting(Startup.AutoScroll.Enabled)</onclick>
										<selected>Skin.HasSetting(Startup.AutoScroll.Enabled)</selected>
									</control>
								</control>
							</control>

							<control type="fixedlist" id="422">
								<posy>0</posy>
								<posx>0</posx>
								<width>474</width>
								<height>488</height>
								<focusposition>1</focusposition>
								<scrolltime>300</scrolltime>
								<viewtype>list</viewtype>
								<orientation>horizontal</orientation>
								<onup>8004</onup>
								<ondown>8004</ondown>
								<onleft>-</onleft>
								<onright>-</onright>
								<visible>true</visible>			
									
									<itemlayout width="474" height="284">
										<control type="image">			<!-- text.background -->
											<posx>0</posx>
											<posy>267</posy>
											<width>474</width>
											<height>45</height>
											<texture>bg/black.png</texture>
										</control>
										<control type="image">			<!-- ListItem.Icon -->
											<posx>0</posx>
											<posy>0</posy>
											<width>474</width>
											<height>267</height>
											<texture>$INFO[ListItem.Icon]</texture>
											<aspectratio>stretch</aspectratio>
										</control>
										<control type="label">			<!-- ListItem.Label -->
											<posx>4</posx>
											<posy>267</posy>
											<width>310</width>
											<font>font.12</font>
											<info>ListItem.Label</info>
											<textcolor>white</textcolor>
											<scroll>false</scroll>
											<align>left</align>
										</control>
										<control type="label">			<!-- ListItem.Label2 -->
											<posy>224</posy>
											<posx>12</posx>
											<width>310</width>
											<font>font.12</font>
											<info>ListItem.Label2</info>
											<textcolor>white</textcolor>
											<align>left</align>
										</control>
									</itemlayout>
									<focusedlayout width="474" height="361">
										<control type="image">			<!-- text.background -->
											<posx>0</posx>
											<posy>267</posy>
											<width>474</width>
											<height>45</height>
											<texture>bg/black.png</texture>
										</control>
										<control type="image">			<!-- ListItem.Icon -->
											<posx>0</posx>
											<posy>0</posy>
											<width>474</width>
											<height>267</height>
											<texture>$INFO[ListItem.Icon]</texture>
											<aspectratio>stretch</aspectratio>
										</control>
										<control type="label">			<!-- ListItem.Label -->
											<posx>4</posx>
											<posy>267</posy>
											<width>474</width>
											<font>font.12</font>
											<info>ListItem.Label</info>
											<textcolor>white</textcolor>
											<align>left</align>
										</control>
										<control type="label">			<!-- ListItem.Label2 -->
											<posy>256</posy>
											<posx>12</posx>
											<width>400</width>
											<font>font12</font>
											<info>ListItem.Label2</info>
											<textcolor>white</textcolor>
											<align>left</align>
										</control>
									</focusedlayout>
									<content>
										<item id="0">
											<label>00. Default</label>
											<icon>backgrounds/thumbs/00.png</icon>
											<onclick>Skin.Reset(Global.Wallpaper)</onclick>
										</item>	
										<item id="1">
											<label>01. Wallpaper</label>
											<icon>backgrounds/thumbs/01.png</icon>
											<onclick>Skin.SetBool(Global.Wallpaper.Enabled)</onclick>
											<onclick>Skin.SetString(Global.Wallpaper,backgrounds/01.png)</onclick>
										</item>
										<item id="2">
											<label>02. Wallpaper</label>
											<icon>backgrounds/thumbs/02.png</icon>
											<onclick>Skin.SetBool(Global.Wallpaper.Enabled)</onclick>
											<onclick>Skin.SetString(Global.Wallpaper,backgrounds/02.png)</onclick>
										</item>
										<item id="3">
											<label>03. Wallpaper</label>
											<icon>backgrounds/thumbs/03.png</icon>
											<onclick>Skin.SetBool(Global.Wallpaper.Enabled)</onclick>
											<onclick>Skin.SetString(Global.Wallpaper,backgrounds/03.png)</onclick>
										</item>
										<item id="4">
											<label>04. Wallpaper</label>
											<icon>backgrounds/thumbs/04.png</icon>
											<onclick>Skin.SetBool(Global.Wallpaper.Enabled)</onclick>
											<onclick>Skin.SetString(Global.Wallpaper,backgrounds/04.png)</onclick>
										</item>
										<item id="5">
											<label>05. Video Fanart</label>
											<icon>backgrounds/thumbs/04.png</icon>
											<onclick>Skin.SetBool(Home.Wallpaper.Fanart.Enabled)</onclick>
											<onclick>Skin.ToggleSetting(Global.Wallpaper,backgrounds/04.png)</onclick>
										</item>				
										<item id="6">
											<label>06. Custom</label>
											<icon>icons/default.add.ws.png</icon>
											<onclick>Skin.SetImage(Global.Wallpaper)</onclick>
										</item>
									</content>
								
							</control>
							
						<control type="image">			<!-- item.title.background -->	
							<posy>267</posy>
							<posx>0</posx>
							<width>474</width>
							<height>45</height>
							<texture>bg/black.png</texture>
							<visible>false</visible>
						</control>
						
						<control type="label">			<!-- item.title -->
							<posx>8</posx>
							<posy>266</posy>
							<width>456</width>
							<label>Content Coming Soon!... Hopefully :)</label>
							<font>font.12.bold</font>
							<textcolor>white</textcolor>
							<align>left</align>
							<visible>false</visible>
						</control>
						
						<control type="image">			<!-- section.shadow -->
							<posx>-4</posx>
							<posy>336</posy>
							<width>482</width>
							<height>32</height>
							<texture>common/dropshadow.png</texture>
						</control>
								
					</control>
					<control type="group">			<!-- [Section.3] -->
						<posy>0</posy>				
						<posx>638</posx>
					
						<control type="group">				<!-- item.1 -->							
							<control type="button" id="1">	<!-- item.button -->
								<posy>0</posy>
								<posx>0</posx>
								<width>155</width>
								<height>155</height>
								<texturefocus>icons/home/default.item.fo.png</texturefocus>
								<texturenofocus>icons/home/default.item.png</texturenofocus>
								<label>-</label>
								<onfocus>-</onfocus>
								<onclick>-</onclick>
								<onup>300</onup>
								<ondown>2</ondown>
								<onleft>-</onleft>
								<onright>51</onright>
							</control>
							<control type="image">			<!-- item.title.background -->	
								<posy>110</posy>
								<posx>0</posx>
								<width>155</width>
								<height>45</height>
								<texture>bg/black.png</texture>
							</control>
							<control type="label">			<!-- item.title -->
								<posy>120</posy>
								<posx>8</posx>
								<width>155</width>
								<label>Coming Soon!</label>
								<font>font.12.bold</font>
								<textcolor>white</textcolor>
								<align>left</align>
							</control>						
						
						</control>
						<control type="group">				<!-- item.2  -->
							<posy>157</posy>
							<posx>0</posx>							
							<control type="button" id="2">	<!-- item.button -->
								<posy>0</posy>
								<posx>0</posx>
								<width>155</width>
								<height>155</height>
								<texturefocus>icons/home/default.item.fo.png</texturefocus>
								<texturenofocus>icons/home/default.item.png</texturenofocus>
								<label>-</label>
								<onclick>-</onclick>
								<onup>1</onup>
								<ondown>3</ondown>
								<onleft>-</onleft>
								<onright>51</onright>
							</control>
							<control type="image">			<!-- item.title.background -->	
								<posy>110</posy>
								<posx>0</posx>
								<width>155</width>
								<height>45</height>
								<texture>bg/black.png</texture>
							</control>						
							<control type="label">			<!-- item.title -->
								<posy>120</posy>
								<posx>8</posx>
								<width>155</width>
								<label>Coming Soon!</label>
								<font>font.12.bold</font>
								<textcolor>white</textcolor>
								<align>left</align>
							</control>

						</control>
											
						<control type="image">				<!-- section.shadow -->
							<posx>-4</posx>
							<posy>336</posy>
							<width>155</width>
							<height>32</height>
							<texture>common/dropshadow.png</texture>
						</control>
					
					</control>	
						
				</control>
				
		</control>
	
			
		<!-- Label.Debug -->
		<control type="label">
			<posx>0</posx>
			<posy>680</posy>
			<width>600</width>
			<height>28</height>
			<align>left</align>
			<aligny>center</aligny>
			<font>font10</font>
			<textcolor>white</textcolor>
			<label>$INFO[Skin.String(Home.Apps.Custom.1)]</label>
			<visible>true</visible>
		</control>

		<include>UI.Buttons.A.B.</include>
		<include>NXE.Console.Logo</include>
	
	</controls>

</window>