<window id="364">
	<defaultcontrol always="true">704</defaultcontrol>
	<allowoverlay>yes</allowoverlay>
	<backgroundcolor>0x00000000</backgroundcolor>	
	
	<controls>
		<control type="image">			<!-- global.wallpaper -->
			<posx>0</posx>
			<posy>0</posy>
			<width>1280</width>
			<height>720</height>
			<texture fallback="backgrounds/0.png">$INFO[Skin.String(Global.Wallpaper)]</texture>
			<aspectration>stretch</aspectration>
		</control>
		<control type="button" id="8999">		<!-- button.dummy (used to accept focus)-->
			<posy>0</posy>
			<posx>0</posx>
			<width>0</width>
			<height>0</height>
			<texturefocus>-</texturefocus>
			<texturenofocus>-</texturenofocus>
			<label>-</label>
			<onfocus>Control.SetFocus(9000)</onfocus>
		</control>
	
		<!-- control.image.stage -->
		<control type="image">
			<posx>0</posx>
			<posy>0</posy>
			<width>1280</width>
			<height>720</height>
			<texture>backgrounds/stages/04.png</texture>
			<aspectration>stretch</aspectration>
		</control>
			
		<control type="group">			<!-- Apps Settings -->
			<posy>216</posy>
			<posx>253</posx>
			<width>778</width>
			<height>360</height>
			
			<animation type="WindowClose" reversible="false">
				<effect type="fade" end="0" time="300" />
				<effect type="zoom" start="100" end="150" center="auto" time="300" />
			</animation>
			<animation type="WindowOpen" reversible="false">
				<effect type="fade" start="0" time="300" />
				<effect type="zoom" start="150" end="100" center="auto" time="300" />
			</animation>			

				<control type="group">
				
					<control type="group">			<!-- [Control.Group] Featured Addons -->
						<posy>0</posy>
						<posx>158</posx>
						<width>312</width>
						<height>312</height>
							
							<control type="image">					<!-- section.background -->
								<width>312</width>
								<height>312</height>
								<aspectratio>stretch</aspectratio>
								<texture>bg/transparency.png</texture>
							</control>						
							<control type="wraplist" id="704">		<!-- featured.apps -->
								<width>312</width>
								<height>312</height>
								<onup>-</onup>
								<ondown>705</ondown>
								<onleft>-</onleft>
								<onright>-</onright>
								<focusposition>0</focusposition>
								<scrolltime>400</scrolltime>
								<viewtype>bigwrap</viewtype>
								<orientation>horizontal</orientation>
								
								<itemlayout width="312" height="312">
									<control type="image">			<!-- ListItem.Icon -->
										<posy>0</posy>
										<posx>0</posx>
										<width>312</width>
										<height>312</height>
										<aspectratio>stretch</aspectratio>
										<texture fallback="icons/addons.png">$INFO[ListItem.Icon]</texture>
										<bordertexture>bg/transparency.png</bordertexture>
										<fadetime>400</fadetime>
									</control>
								</itemlayout>

								<focusedlayout width="312" height="312">									
									<control type="image">			<!-- ListItem.Icon -->
										<posy>0</posy>
										<posx>0</posx>
										<width>312</width>
										<height>312</height>
										<aspectratio>stretch</aspectratio>
										<texture fallback="icons/addons.png">$INFO[ListItem.Icon]</texture>
										<bordertexture>bg/transparency.png</bordertexture>
										<fadetime>400</fadetime>
									</control>
									<control type="label">
										<posy>288</posy>
										<posx>8</posx>
										<width>155</width>
										<label>$INFO[ListItem.Label2]</label>
										<font>font12</font>
										<textcolor>white</textcolor>
										<align>left</align>
									</control>
									<control type="image">			<!-- focus -->
										<posy>0</posy>
										<posx>0</posx>
										<width>312</width>
										<height>312</height>
										<aspectratio>stretch</aspectratio>
										<texture>icons/default.focus.png</texture>
										<visible>Control.HasFocus(704)</visible>
									</control>									
								</focusedlayout>
								
								<content>
									<item id="1">
										<label>01.png</label>
										<label2>01.</label2>
										<icon>$INFO[Skin.String(home.addon.shortcut.icon.1)]</icon>
										<onclick>Xbmc.RunScript(special://skin/scripts/xbox.addon.shortcut.py,1)</onclick>
									</item>
									<item id="2">
										<label>02.png</label>
										<label2>02.</label2>
										<icon>$INFO[Skin.String(home.addon.shortcut.icon.2)]</icon>
										<onclick>Xbmc.RunScript(special://skin/scripts/xbox.addon.shortcut.py,2)</onclick>
									</item>
									<item id="3">
										<label>03.png</label>
										<label2>03.</label2>
										<icon>$INFO[Skin.String(home.addon.shortcut.icon.3)]</icon>
										<onclick>Xbmc.RunScript(special://skin/scripts/xbox.addon.shortcut.py,3)</onclick>
									</item>
									<item id="4">
										<label>04.png</label>
										<label2>04.</label2>
										<icon>$INFO[Skin.String(home.addon.shortcut.icon.4)]</icon>
										<onclick>Xbmc.RunScript(special://skin/scripts/xbox.addon.shortcut.py,4)</onclick>
									</item>
									<item id="5">
										<label>05.png</label>
										<label2>05.</label2>
										<icon>$INFO[Skin.String(home.addon.shortcut.icon.5)]</icon>
										<onclick>Xbmc.RunScript(special://skin/scripts/xbox.addon.shortcut.py,5)</onclick>
									</item>
								</content>
							
							</control>
							<control type="image">					<!-- selected.item.indicator -->
								<posy>314</posy>
								<posx>216</posx>
								<width>96</width>
								<height>19</height>
								<texture>common/home/guide/$INFO[Container(704).NumItems]/$INFO[Control.GetLabel(704)]</texture>
								<aspectratio>stretch</aspectratio>
							</control>
						
					</control>				
				
					<control type="group">
						<posy>0</posy>
						<posx>474</posx>
						<control type="group">			<!-- shortcut.6 -->
							<posy>0</posy>
							<posx>0</posx>
								<control type="image">
									<posx>0</posx>
									<posy>0</posy>
									<width>155</width>
									<height>155</height>
									<texture fallback="icons/addons.png">$INFO[Skin.String(home.addon.shortcut.icon.6)]</texture>
									<bordertexture>bg/transparency.png</bordertexture>
									<aspectration>stretch</aspectration>
								</control>					
								<control type="button" id="705">
									<posy>0</posy>
									<posx>0</posx>
									<width>155</width>
									<height>155</height>
									<label>-</label>
									<texturefocus>icons/default.focus.png</texturefocus>
									<texturenofocus>-</texturenofocus>
									<onclick>Xbmc.RunScript(special://skin/scripts/xbox.addon.shortcut.py,6)</onclick>
									<onup>-</onup>
									<ondown>706</ondown>
									<onleft>704</onleft>
									<onright>707</onright>
								</control>
								<control type="label">
									<posy>120</posy>
									<posx>8</posx>
									<width>155</width>
									<label></label>
									<font>font12</font>
									<textcolor>white</textcolor>
									<align>left</align>
								</control>
						</control>
						<control type="group">			<!-- shortcut.7 -->
							<posy>158</posy>
							<posx>0</posx>
								<control type="image">
									<posx>0</posx>
									<posy>0</posy>
									<width>155</width>
									<height>155</height>
									<texture fallback="icons/addons.png">$INFO[Skin.String(home.addon.shortcut.icon.7)]</texture>
									<bordertexture>bg/transparency.png</bordertexture>
									<aspectration>stretch</aspectration>
								</control>					
								<control type="button" id="706">
									<posy>0</posy>
									<posx>0</posx>
									<width>155</width>
									<height>155</height>
									<label>-</label>
									<texturefocus>icons/default.focus.png</texturefocus>
									<texturenofocus>-</texturenofocus>
									<onclick>Xbmc.RunScript(special://skin/scripts/xbox.addon.shortcut.py,7)</onclick>									<onup>705</onup>
									<ondown>-</ondown>
									<onleft>704</onleft>
									<onright>708</onright>
								</control>
								<control type="label">
									<posy>120</posy>
									<posx>8</posx>
									<width>155</width>
									<label></label>
									<font>font12</font>
									<textcolor>white</textcolor>
									<align>left</align>
								</control>
						</control>
						<control type="group">			<!-- shortcut.8 -->
							<posy>0</posy>
							<posx>158</posx>
								<control type="image">
									<posx>0</posx>
									<posy>0</posy>
									<width>155</width>
									<height>155</height>
									<texture fallback="icons/addons.png">$INFO[Skin.String(home.addon.shortcut.icon.8)]</texture>
									<bordertexture>bg/transparency.png</bordertexture>
									<aspectration>stretch</aspectration>
								</control>					
								<control type="button" id="707">
									<posy>0</posy>
									<posx>0</posx>
									<width>155</width>
									<height>155</height>
									<label>-</label>
									<texturefocus>icons/default.focus.png</texturefocus>
									<texturenofocus>-</texturenofocus>
									<onclick>Xbmc.RunScript(special://skin/scripts/xbox.addon.shortcut.py,8)</onclick>									<onup>-</onup>
									<ondown>708</ondown>
									<onleft>705</onleft>
									<onright>701</onright>
								</control>
								<control type="label">
									<posy>120</posy>
									<posx>8</posx>
									<width>155</width>
									<label></label>
									<font>font12</font>
									<textcolor>white</textcolor>
									<align>left</align>
								</control>
						</control>
						<control type="group">			<!-- shortcut.9 -->
							<posy>158</posy>
							<posx>158</posx>					
								<control type="image">
									<posx>0</posx>
									<posy>0</posy>
									<width>155</width>
									<height>155</height>
									<texture fallback="icons/addons.png">$INFO[Skin.String(home.addon.shortcut.icon.9)]</texture>
									<bordertexture>bg/transparency.png</bordertexture>
									<aspectration>stretch</aspectration>
								</control>					
								<control type="button" id="708">
									<posy>0</posy>
									<posx>0</posx>
									<width>155</width>
									<height>155</height>
									<label>-</label>
									<texturefocus>icons/default.focus.png</texturefocus>
									<texturenofocus>-</texturenofocus>
									<onclick>Xbmc.RunScript(special://skin/scripts/xbox.addon.shortcut.py,9)</onclick>									<onup>707</onup>
									<ondown>-</ondown>
									<onleft>706</onleft>
									<onright>703</onright>
								</control>
								<control type="label">
									<posy>120</posy>
									<posx>8</posx>
									<width>155</width>
									<label></label>
									<font>font12</font>
									<textcolor>white</textcolor>
									<align>left</align>
								</control>
						</control>
					</control>	
					
				</control>

				<control type="image">			<!-- section.shadow -->
					<posy>336</posy>
					<posx>154</posx>
					<width>632</width>
					<height>32</height>
					<texture>common/dropshadow.png</texture>
				</control>				
				
		</control>

		<include>UI.Buttons.A.B.</include>
		<include>NXE.Console.Logo</include>
	
	</controls>

</window>