<window id="101">
	<defaultcontrol always="true">10</defaultcontrol>
	<include>dialogeffect</include>
	<controls>
	
		<!-- control.image.background -->
		<control type="image">
			<posx>0</posx>
			<posy>0</posy>
			<width>1280</width>
			<height>720</height>
			<texture fallback="backgrounds/0.png">special://home/plugins/video/$INFO[Container.PluginName]/default.fanart.png</texture>
		</control>
		
		<!-- control.multiimage.busy.animation -->
		<control type="multiimage">
			<posy>256</posy>
			<posx>574</posx>
			<width>128</width>
			<height>128</height>
			<imagepath>dialogs/dialog.busy</imagepath>
			<timeperimage>50</timeperimage>
			<fadetime>0</fadetime>
			<aspectratio>keep</aspectratio>
		</control>
		
		<control type="label" id="1">
			<description>heading label</description>
			<posx>0</posx>
			<posy>0</posy>
			<width>0</width>
			<height>0</height>
			<font>-</font>
			<textcolor>black</textcolor>
			<visible>false</visible>
		</control>
		<control type="label">
			<description>header label</description>
			<posy>18</posy>
			<posx>360</posx>
			<width>560</width>
			<height>30</height>
			<font>font13caps_title</font>
			<label>$INFO[Control.GetLabel(1)] $INFO[System.Progressbar,- ,%]</label>
			<align>center</align>
			<aligny>center</aligny>
			<textcolor>white</textcolor>
			<!-- <shadowcolor>white</shadowcolor> -->
		</control>
		<control type="label" id="2">
			<description>dialog line 1</description>
			<posy>480</posy>
			<posx>0</posx>
			<width>1280</width>
			<height>30</height>
			<align>center</align>
			<aligny>center</aligny>
			<label>-</label>
			<haspath>true</haspath>
			<font>font13</font>
			<textcolor>white</textcolor>
		</control>
		<control type="label" id="3">
			<description>dialog line 2</description>
			<posy>500</posy>
			<posx>0</posx>
			<width>1280</width>
			<height>30</height>
			<align>center</align>
			<aligny>center</aligny>
			<label>-</label>
			<haspath>true</haspath>
			<font>font13</font>
			<textcolor>white</textcolor>
		</control>
		<control type="label" id="4">
			<description>dialog line 3</description>
			<posy>520</posy>
			<posx>0</posx>
			<width>1280</width>
			<height>30</height>
			<align>center</align>
			<aligny>center</aligny>
			<label>-</label>
			<haspath>true</haspath>
			<font>font13</font>
			<textcolor>white</textcolor>
		</control>
		
		<!-- control.progress -->
		<control type="progress">
			<posy>458</posy>
			<posx>512</posx>
			<width>256</width>
			<height>20</height>
			<info>System.Progressbar</info>
			<aspectratio>stretch</aspectratio>
			<lefttexture>dialogs/dialog.progress/progress-left.png</lefttexture>
			<midtexture>dialogs/dialog.progress/progress-mid.png</midtexture>
			<righttexture>dialogs/dialog.progress/progress-right.png</righttexture>
			<texturebg>dialogs/dialog.progress/progress-back.png</texturebg>
		</control>

		<!-- debug info labels -->
		<control type="label" id="90210">
			<posy>690</posy>
			<posx>0</posx>
			<width>1280</width>
			<height>28</height>
			<align>center</align>
			<aligny>center</aligny>
			<font>font12</font>
			<textcolor>white</textcolor>
			<label>$INFO[Container.FolderName] | $INFO[ListItem.FolderName] | $INFO[Container.PluginName]</label>
			<visible>false</visible>
		</control>

		<!-- controller.button.a (cancel) -->
		<control type="group">
			<posx>124</posx>
			<posy>660</posy>
				<control type="button" id="10">
					<posy>0</posy>
					<posx>128</posx>
					<width>40</width>
					<height>40</height>
					<label>-</label>
					<font>-</font>
					<aligny>-</aligny>
					<onclick>-</onclick>
					<texturefocus>common/controller.buttons/b-fo.png</texturefocus>
					<texturenofocus>common/controller.buttons/b.png</texturenofocus>
					<onleft>52</onleft>
					<onright>52</onright>
					<onup>52</onup>
					<ondown>52</ondown>
				</control>
				<control type="label">
					<posy>0</posy>
					<posx>168</posx>
					<width>580</width>
					<height>35</height>
					<font>font12</font>
					<textcolor>black</textcolor>
					<align>left</align>
					<aligny>center</aligny>
					<label>Cancel</label>
				</control>
		</control>
			
	</controls>
</window>