<window id="10140">
	<defaultcontrol always="true">2</defaultcontrol>

	<!-- <include>dialogeffect</include> -->
	
	<controls>
		<control type="image">					<!-- window.background -->
			<posx>0</posx>
			<posy>0</posy>
			<width>1280</width>
			<height>720</height>
			<texture background="false">bg/window.transparency.png</texture>
			<aspectration>stretch</aspectration>
		</control>		
		<control type="label" id="20">			<!-- header -->
			<posy>48</posy>
			<posx>140</posx>
			<width>630</width>
			<height>30</height>
			<font>font16caps</font>
			<label>1023</label>
			<align>left</align>
			<aligny>center</aligny>
			<textcolor>white</textcolor>
			<shadowcolor>black</shadowcolor>
		</control>		
		
		<control type="group">
			<posy>109</posy>
			<posx>192</posx>
			
			<animation type="WindowOpen" reversible="false">
				<effect type="zoom" start="60" end="100" center="640,360" easing="out" tween="back" time="300" />
				<effect type="fade" start="0" end="100" time="300" />
			</animation>
			<animation type="WindowClose" reversible="false">
				<effect type="zoom" start="100" end="80" center="640,360" easing="in" tween="back" time="300" />
				<effect type="fade" start="100" end="0" time="300" />
			</animation>
							
			<control type="image">				<!-- panel.background -->
				<posy>0</posy>
				<posx>0</posx>
				<width>892</width>
				<height>488</height>
				<texture>showcase/panel.png</texture>
				<aspectration>stretch</aspectration>
			</control>

			<control type="grouplist" id="9">	<!-- button.area -->
				<posy>0</posy>
				<posx>0</posx>
				<width>443</width>
				<height>488</height>
				<itemgap>-1</itemgap>
				<onleft>30</onleft>
				<onright>2</onright>
				<onup>9</onup>
				<ondown>9</ondown>
			</control>
			<control type="grouplist" id="2">	<!-- control.area -->
				<posy>0</posy>
				<posx>443</posx>
				<width>450</width>
				<height>488</height>
				<itemgap>-1</itemgap>
				<pagecontrol>30</pagecontrol>
				<onup>9001</onup>
				<ondown>9001</ondown>
				<onleft>9</onleft>
				<onright>30</onright>
			</control>			
		</control>

		<control type="image">
			<description>separator image</description>
			<posx>268</posx>
			<posy>538</posy>
			<width>650</width>
			<height>1</height>
			<texture>separator2.png</texture>
		</control>
		<control type="scrollbar" id="30">
			<posy>109</posy>
			<posx>1092</posx>
			<width>25</width>
			<height>488</height>
			<texturesliderbackground border="0,14,0,14">ScrollBarV.png</texturesliderbackground>
			<texturesliderbar border="2,16,2,16">ScrollBarV_bar.png</texturesliderbar>
			<texturesliderbarfocus border="2,16,2,16">ScrollBarV_bar_focus.png</texturesliderbarfocus>
			<textureslidernib>ScrollBarNib.png</textureslidernib>
			<textureslidernibfocus>ScrollBarNib.png</textureslidernibfocus>
			<onleft>2</onleft>
			<onright>9</onright>
			<showonepage>false</showonepage>
			<orientation>vertical</orientation>
		</control>
		<control type="group" id="9001">
			<posy>545</posy>
			<posx>280</posx>
			<control type="button" id="10">
				<description>OK Button</description>
				<posx>0</posx>
				<posy>0</posy>
				<width>200</width>
				<height>40</height>
				<align>center</align>
				<aligny>center</aligny>
				<texturenofocus border="5">MenuItemNF.png</texturenofocus>
				<texturefocus border="5">button-focus.png</texturefocus>
				<font>font12_title</font>
				<label>186</label>
				<onleft>12</onleft>
				<onright>11</onright>
				<onup>2</onup>
				<ondown>2</ondown>
			</control>
			<control type="button" id="11">
				<description>Cancel Button</description>
				<posx>210</posx>
				<posy>0</posy>
				<width>200</width>
				<height>40</height>
				<align>center</align>
				<aligny>center</aligny>
				<texturenofocus border="5">MenuItemNF.png</texturenofocus>
				<texturefocus border="5">button-focus.png</texturefocus>
				<font>font12_title</font>
				<label>222</label>
				<onleft>10</onleft>
				<onright>12</onright>
				<onup>2</onup>
				<ondown>2</ondown>
			</control>
			<control type="button" id="12">
				<description>Defaults Button</description>
				<posx>420</posx>
				<posy>0</posy>
				<width>200</width>
				<height>40</height>
				<align>center</align>
				<aligny>center</aligny>
				<texturenofocus border="5">MenuItemNF.png</texturenofocus>
				<texturefocus border="5">button-focus.png</texturefocus>
				<font>font12_title</font>
				<label>409</label>
				<onleft>11</onleft>
				<onright>10</onright>
				<onup>2</onup>
				<ondown>2</ondown>
			</control>
		</control>

		<control type="button" id="13">				<!-- default.category.button -->
			<posx>0</posx>
			<height>40</height>
			<width>433</width>
			<textoffsetx>20</textoffsetx>
			<align>left</align>
			<aligny>center</aligny>
			<font>font13</font>
			<textcolor>black</textcolor>
			<focusedcolor>white</focusedcolor>
			<texturefocus>common/buttons/button-focus.png</texturefocus>
			<texturenofocus>common/buttons/button-nofocus.png</texturenofocus>
			<pulseonselect>false</pulseonselect>
		</control>
		<control type="button" id="3">				<!-- default.button -->
			<width>450</width>
			<height>40</height>
			<font>font13</font>
			<textcolor>whie</textcolor>
			<focusedcolor>black</focusedcolor>
			<texturefocus>common/buttons/button-focus-alt.png</texturefocus>
			<texturenofocus>common/buttons/button-nofocus.png</texturenofocus>
		</control>
		<control type="radiobutton" id="4">			<!-- default.radiobutton -->
			<height>40</height>
			<font>font13</font>
			<textcolor>white</textcolor>
			<focusedcolor>white</focusedcolor>
			<texturefocus>common/buttons/button-focus-alt.png</texturefocus>
			<texturenofocus>common/buttons/button-nofocus.png</texturenofocus>
		</control>
		<control type="spincontrolex" id="5">
			<description>Default spincontrolex</description>
			<height>40</height>
			<textcolor>white</textcolor>
			<focusedcolor>white</focusedcolor>
			<texturefocus>common/buttons/button-focus-alt.png</texturefocus>
			<texturenofocus>common/buttons/button-nofocus.png</texturenofocus>
			<font>font13</font>
			<aligny>center</aligny>
			<reverse>yes</reverse>
		</control>
		<control type="label" id="7">
			<height>40</height>
			<font>font13</font>
			<label>-</label>
			<textcolor>white</textcolor>
			<shadowcolor>black</shadowcolor>
			<align>left</align>
			<aligny>center</aligny>
		</control>
		<control type="image" id="6">
			<description>Default Seperator</description>
			<height>2</height>
			<texture>-</texture>
		</control>
		<control type="sliderex" id="8">
			<description>Default Slider</description>
			<height>40</height>
			<font>font13</font>
			<textcolor>grey2</textcolor>
			<focusedcolor>white</focusedcolor>
			<texturefocus>common/buttons/button-focus-alt.png</texturefocus>
			<texturenofocus>common/buttons/button-nofocus.png</texturenofocus>
		</control>
	</controls>

</window>

 	  	 
