<window id="133">
	<defaultcontrol></defaultcontrol>
	
	<controls>
		<control type="group">
			<posx>860</posx>
			<posy>32</posy>
			<height>80</height>
			<width>360</width>
			<animation effect="zoom" start="0" end="100" center="auto" time="200">WindowOpen</animation>			
			<animation effect="zoom" start="100" end="0" center="auto" time="200" delay="100">WindowClose</animation>
			<!-- <animation effect="slide" end="0,-80" time="200" condition="Window.IsVisible(FullscreenVideo) | Window.IsVisible(Visualisation)">conditional</animation> -->
				<control type="image">
					<posx>0</posx>
					<posy>-10</posy>
					<width>360</width>
					<height>80</height>
					<texture>notify-panel.png</texture>
				</control>
				<control type="label" id="401">		<!-- caption -->
					<posx>88</posx>
					<posy>4</posy>
					<width>244</width>
					<height>18</height>
					<font>font.11.bold</font>
					<textcolor>white</textcolor>
					<shadowcolor>black</shadowcolor>
					<align>left</align>
					<aligny>center</aligny>
				</control>
				<control type="label" id="405">		<!-- current directory -->
					<posx>88</posx>
					<posy>20</posy>
					<width>244</width>
					<height>20</height>
					<font>font.10.bold</font>
					<align>left</align>
					<aligny>center</aligny>
				</control>
				<control type="progress" id="403">
					<description>progress control</description>
					<posx>88</posx>
					<posy>38</posy>
					<width>244</width>
					<height>8</height>
				</control>
				<control type="progress" id="404">
					<description>progress control</description>
					<posx>88</posx>
					<posy>45</posy>
					<width>244</width>
					<height>8</height>
				</control>
		</control>
	</controls>
</window>