<window id="2003">
	<defaultcontrol always="true">5</defaultcontrol>
	<allowoverlay>no</allowoverlay>
	<include>UI.Animation.Window.Open-Close</include>
	<controls>
		<control type="group">
			<visible>!Window.IsVisible(FileBrowser)</visible>
			<!-- 
			<animation effect="slide" start="1100,0" end="0,0" time="400" tween="quadratic" easing="out">WindowOpen</animation>
			<animation effect="slide" start="0,0" end="1100,0" time="400" tween="quadratic" easing="out">WindowClose</animation>
			-->
			
		<!-- control.image.background -->
		<control type="image">
			<posx>0</posx>
			<posy>0</posy>
			<width>1280</width>
			<height>720</height>
			<texture>backgrounds/background.jpg</texture>
			<aspectration>stretch</aspectration>
			<visible>IsEmpty(ListItem.Property(Fanart_Image))</visible>
		</control>
		
		<!-- control.image.fanart -->
<!-- 		<control type="image">
			<description>Current Fanart image</description>
			<posx>0</posx>
			<posy>0</posy>
			<width>1280</width>
			<height>720</height>
			<texture background="true">$INFO[ListItem.Property(Fanart_Image)]</texture>
			<bordersize>4</bordersize>
			<aspectratio>stretch</aspectratio>
			<visible>!IsEmpty(Listitem.Property(Fanart_Image))</visible>
		</control> -->
		
		<!-- control.image.darkOverlay -->
		<control type="image">
			<posx>0</posx>
			<posy>0</posy>
			<width>1280</width>
			<height>720</height>
			<texture>bg/black.png</texture>
			<aspectration>stretch</aspectration>
		</control>

		<!-- control.image.stage -->
		<control type="image">
			<posx>0</posx>
			<posy>0</posy>
			<width>1280</width>
			<height>720</height>
			<texture>backgrounds/stages/02.png</texture>
			<aspectration>stretch</aspectration>
			<!-- <visible>IsEmpty(ListItem.Property(Fanart_Image))</visible> -->
		</control>
		
		<!-- control.image.fanart -->
		<control type="image">
			<posy>208</posy>
			<posx>432</posx>
			<width>368</width>
			<height>208</height>
			<texture fallback="common/fanart.small.default.png">$INFO[ListItem.Property(Fanart_Image)]</texture>
			<aspectratio>stretch</aspectratio>
			<bordertexture>bg/white.png</bordertexture>
			<bordersize>2</bordersize>
			<!-- <visible>!IsEmpty(Listitem.Property(Fanart_Image))</visible> -->
		</control>
		<!-- control.image.fanart.dropshadow -->
		<control type="image">
			<posy>446</posy>
			<posx>432</posx>
			<width>376</width>
			<height>36</height>
			<texture>common/dropshadow.png</texture>
			<aspectratio>stretch</aspectratio>
		</control>
		<!-- control.image.xbmc.logo -->
		<control type="image">
			<posy>32</posy>
			<posx>900</posx>
			<width>320</width>
			<height>168</height>
			<texture>common/xbmc.logo.png</texture>
			<aspectratio>stretch</aspectratio>
			<visible>!IsEmpty(Listitem.Property(Fanart_Image))</visible>
		</control>
		
			
			<control type="group">
				<animation effect="fade" start="0" end="100" time="200">WindowOpen</animation>
				<animation effect="fade" start="100" end="0" time="200">WindowClose</animation>
				
				<!-- control.label (year | title) -->
				<control type="label">
					<description>header label</description>
					<posy>83</posy>
					<posx>128</posx>
					<width>728</width>
					<height>30</height>
					<font>font30</font>
					<label>$INFO[ListItem.Year,, | ]$INFO[Listitem.Title]</label>
					<align>left</align>
					<aligny>center</aligny>
					<textcolor>white</textcolor>
					<shadowcolor>black</shadowcolor>
				</control>
				<!-- control.grouplist.media.flags -->
				<control type="grouplist">
					<posy>420</posy>
					<posx>424</posx>
					<width>368</width>
					<align>left</align>
					<itemgap>0</itemgap>
					<orientation>horizontal</orientation>
					<include>VisibleFadeEffect</include>
					<visible>!Control.IsVisible(50) + [Container.Content(Movies) | Container.Content(Episodes) | Container.Content(MusicVideos)]</visible>
					<include>VideoCodecFlaggingConditions</include>
					<include>AudioCodecFlaggingConditions</include>
					<include>AspectCodecFlaggingConditions</include>
				</control>
					<!-- control.image.poster -->
					<control type="image">
						<posy>208</posy>
						<posx>290</posx>
						<width>138</width>
						<height>206</height>
						<aspectratio>stretch</aspectratio>
						<texture background="true">$INFO[ListItem.Icon]</texture>
						<aligny>center</aligny>
						<bordertexture>bg/white.png</bordertexture>
						<bordersize>2</bordersize>
						<visible>[!container.content(tvshows) + !container.content(episodes) + !container.content(musicvideos)]</visible> -->
					</control>
				
				<!-- MOVIES LIST OF DETAILS (i.e., director, genre, etc) -->
				<control type="group">
					<visible>[!container.content(tvshows) + !container.content(episodes) + !container.content(musicvideos)] + !Control.HasFocus(12)</visible>
					<posy>0</posy>
					<posx>0</posx>
					<include>VisibleFadeEffect</include>
					

					
					<!-- the details list control
					
					<control type="list" id="49">
						<posx>0</posx>
						<posy>200</posy>
						<width>740</width>
						<height>330</height>
						<onleft>49</onleft>
						<onright>49</onright>
						<onup>9000</onup>
						<ondown>61</ondown>
						<pagecontrol>-</pagecontrol>
						<scrolltime>200</scrolltime>
						<itemlayout height="30">
							<control type="label">
								<posx>165</posx>
								<posy>0</posy>
								<width>160</width>
								<height>30</height>
								<font>font13caps_title</font>
								<align>right</align>
								<aligny>center</aligny>
								<textcolor>blue</textcolor>
								<selectedcolor>selected</selectedcolor>
								<info>ListItem.Label</info>
							</control>
							<control type="label">
								<posx>175</posx>
								<posy>0</posy>
								<width>565</width>
								<height>30</height>
								<font>font13</font>
								<align>left</align>
								<aligny>center</aligny>
								<textcolor>white</textcolor>
								<selectedcolor>white</selectedcolor>
								<info>ListItem.Label2</info>
							</control>
						</itemlayout>
						<focusedlayout height="30">
							<control type="image">
								<posx>0</posx>
								<posy>0</posy>
								<width>740</width>
								<height>30</height>
								<visible>Control.HasFocus(49)</visible>
								<texture>MenuItemFO.png</texture>
								<include>VisibleFadeEffect</include>
							</control>
							<control type="label">
								<posx>165</posx>
								<posy>0</posy>
								<width>160</width>
								<height>30</height>
								<font>font13caps_title</font>
								<align>right</align>
								<aligny>center</aligny>
								<textcolor>blue</textcolor>
								<selectedcolor>selected</selectedcolor>
								<info>ListItem.Label</info>
							</control>
							<control type="label">
								<posx>175</posx>
								<posy>0</posy>
								<width>565</width>
								<height>30</height>
								<font>font13</font>
								<align>left</align>
								<aligny>center</aligny>
								<textcolor>white</textcolor>
								<selectedcolor>white</selectedcolor>
								<info>ListItem.Label2</info>
							</control>
						</focusedlayout>
						<content>
							<item>
								<label>$LOCALIZE[20339]:</label>
								<label2>$INFO[ListItem.Director]</label2>
								<onclick>-</onclick>
								<visible>!IsEmpty(ListItem.Director)</visible>
							</item>
							<item>
								<label>$LOCALIZE[20417]:</label>
								<label2>$INFO[ListItem.Writer]</label2>
								<onclick>-</onclick>
								<visible>!IsEmpty(ListItem.Writer)</visible>
							</item>
							<item>
								<label>$LOCALIZE[572]:</label>
								<label2>$INFO[ListItem.Studio]</label2>
								<onclick>-</onclick>
								<visible>!IsEmpty(ListItem.Studio)</visible>
							</item>
							<item>
								<label>$LOCALIZE[2050]:</label>
								<label2>$INFO[ListItem.Duration]</label2>
								<onclick>-</onclick>
								<visible>!IsEmpty(ListItem.Duration)</visible>
							</item>
							<item>
								<label>$LOCALIZE[563]:</label>
								<label2>$INFO[ListItem.RatingAndVotes]</label2>
								<onclick>-</onclick>
								<visible>!IsEmpty(ListItem.RatingAndVotes)</visible>
							</item>
							<item>
								<label>$LOCALIZE[20074]:</label>
								<label2>$INFO[ListItem.mpaa]</label2>
								<onclick>-</onclick>
								<visible>!IsEmpty(ListItem.mpaa)</visible>
							</item>
						</content>
					</control>
					-->
					
					<!-- control.image.separator -->
					<control type="image">
						<posx>290</posx>
						<posy>560</posy>
						<width>740</width>
						<height>4</height>
						<aspectratio>stretch</aspectratio>
						<texture>separator.png</texture>
					</control>
				</control>
				
				<!-- TVSHOWS -->
				<control type="group">
					<visible>[Container.Content(TVShows) + !Skin.HasSetting(TVShowsUsePosters)] + !Control.HasFocus(12)</visible>
					<posy>0</posy>
					<posx>0</posx>
					<include>VisibleFadeEffect</include>
					<control type="image">
						<posy>208</posy>
						<posx>432</posx>
						<width>675</width>
						<height>124</height>
						<aspectratio>stretch</aspectratio>
						<bordertexture border="5">button-nofocus.png</bordertexture>
						<bordersize>4</bordersize>
						<texture background="true">$INFO[ListItem.Icon]</texture>
					</control>
					<control type="list" id="49">
						<posx>95</posx>
						<posy>160</posy>
						<width>840</width>
						<height>180</height>
						<onleft>49</onleft>
						<onright>49</onright>
						<onup>9000</onup>
						<ondown>61</ondown>
						<pagecontrol>-</pagecontrol>
						<scrolltime>200</scrolltime>
						<itemlayout height="30">
							<control type="label">
								<posx>165</posx>
								<posy>0</posy>
								<width>160</width>
								<height>30</height>
								<font>font13caps_title</font>
								<align>right</align>
								<aligny>center</aligny>
								<textcolor>blue</textcolor>
								<selectedcolor>selected</selectedcolor>
								<info>ListItem.Label</info>
							</control>
							<control type="label">
								<posx>175</posx>
								<posy>0</posy>
								<width>665</width>
								<height>30</height>
								<font>font13</font>
								<align>left</align>
								<aligny>center</aligny>
								<textcolor>white</textcolor>
								<selectedcolor>white</selectedcolor>
								<info>ListItem.Label2</info>
							</control>
						</itemlayout>
						<focusedlayout height="30">
							<control type="image">
								<posx>0</posx>
								<posy>0</posy>
								<width>840</width>
								<height>30</height>
								<visible>Control.HasFocus(49)</visible>
								<texture>MenuItemFO.png</texture>
								<include>VisibleFadeEffect</include>
							</control>
							<control type="label">
								<posx>165</posx>
								<posy>0</posy>
								<width>160</width>
								<height>30</height>
								<font>font13caps_title</font>
								<align>right</align>
								<aligny>center</aligny>
								<textcolor>blue</textcolor>
								<selectedcolor>selected</selectedcolor>
								<info>ListItem.Label</info>
							</control>
							<control type="label">
								<posx>175</posx>
								<posy>0</posy>
								<width>665</width>
								<height>30</height>
								<font>font13</font>
								<align>left</align>
								<aligny>center</aligny>
								<textcolor>white</textcolor>
								<selectedcolor>white</selectedcolor>
								<info>ListItem.Label2</info>
							</control>
						</focusedlayout>
						<content>
							<item>
								<label>$LOCALIZE[20360]:</label>
								<label2>$INFO[listitem.episode] [COLOR=grey] ($INFO[ListItem.Property(WatchedEpisodes),, $LOCALIZE[16102]] - $INFO[ListItem.Property(UnWatchedEpisodes), , $LOCALIZE[16101]])[/COLOR]</label2>
								<onclick>-</onclick>
								<visible>!IsEmpty(ListItem.Episode)</visible>
							</item>
							<item>
								<label>$LOCALIZE[20416]:</label>
								<label2>$INFO[ListItem.Premiered]</label2>
								<onclick>-</onclick>
								<visible>!IsEmpty(ListItem.Premiered)</visible>
							</item>
							<item>
								<label>$LOCALIZE[515]:</label>
								<label2>$INFO[ListItem.Genre]</label2>
								<onclick>-</onclick>
								<visible>!IsEmpty(ListItem.Genre)</visible>
							</item>
							<item>
								<label>$LOCALIZE[562]:</label>
								<label2>$INFO[ListItem.Year]</label2>
								<onclick>-</onclick>
								<visible>!IsEmpty(ListItem.Year)</visible>
							</item>
							<item>
								<label>$LOCALIZE[563]:</label>
								<label2>$INFO[ListItem.Rating]</label2>
								<onclick>-</onclick>
								<visible>!IsEmpty(ListItem.Rating)</visible>
							</item>
							<item>
								<label>$LOCALIZE[15311]</label>
								<label2>$INFO[ListItem.FilenameAndPath]</label2>
								<onclick>-</onclick>
								<visible>!IsEmpty(ListItem.FilenameAndPath)</visible>
							</item>
						</content>
					</control>
					<control type="image">
						<posx>0</posx>
						<posy>370</posy>
						<width>1030</width>
						<height>4</height>
						<aspectratio>stretch</aspectratio>
						<texture>separator.png</texture>
					</control>
				</control>
				
				<control type="group">
					<visible>[Container.Content(TVShows) + Skin.HasSetting(TVShowsUsePosters)] + !Control.HasFocus(12)</visible>
					<posy>90</posy>
					<posx>210</posx>
					<include>VisibleFadeEffect</include>
					<control type="image">
						<posx>0</posx>
						<posy>0</posy>
						<width>270</width>
						<height>380</height>
						<aspectratio>stretch</aspectratio>
						<bordertexture border="5">button-nofocus.png</bordertexture>
						<bordersize>4</bordersize>
						<texture background="true">$INFO[ListItem.Icon]</texture>
					</control>
					<control type="image">
						<posx>4</posx>
						<posy>4</posy>
						<width>200</width>
						<height>230</height>
						<aspectratio>stretch</aspectratio>
						<texture>GlassOverlay.png</texture>
						<colordiffuse>AAFFFFFF</colordiffuse>
					</control>
					<control type="list" id="49">
						<posx>290</posx>
						<posy>20</posy>
						<width>740</width>
						<height>330</height>
						<onleft>49</onleft>
						<onright>49</onright>
						<onup>9000</onup>
						<ondown>61</ondown>
						<pagecontrol>-</pagecontrol>
						<scrolltime>200</scrolltime>
						<itemlayout height="30">
							<control type="label">
								<posx>165</posx>
								<posy>0</posy>
								<width>160</width>
								<height>30</height>
								<font>font13caps_title</font>
								<align>right</align>
								<aligny>center</aligny>
								<textcolor>blue</textcolor>
								<selectedcolor>selected</selectedcolor>
								<info>ListItem.Label</info>
							</control>
							<control type="label">
								<posx>175</posx>
								<posy>0</posy>
								<width>565</width>
								<height>30</height>
								<font>font13</font>
								<align>left</align>
								<aligny>center</aligny>
								<textcolor>white</textcolor>
								<selectedcolor>white</selectedcolor>
								<info>ListItem.Label2</info>
							</control>
						</itemlayout>
						<focusedlayout height="30">
							<control type="image">
								<posx>0</posx>
								<posy>0</posy>
								<width>740</width>
								<height>30</height>
								<visible>Control.HasFocus(49)</visible>
								<texture>MenuItemFO.png</texture>
								<include>VisibleFadeEffect</include>
							</control>
							<control type="label">
								<posx>165</posx>
								<posy>0</posy>
								<width>160</width>
								<height>30</height>
								<font>font13caps_title</font>
								<align>right</align>
								<aligny>center</aligny>
								<textcolor>blue</textcolor>
								<selectedcolor>selected</selectedcolor>
								<info>ListItem.Label</info>
							</control>
							<control type="label">
								<posx>175</posx>
								<posy>0</posy>
								<width>565</width>
								<height>30</height>
								<font>font13</font>
								<align>left</align>
								<aligny>center</aligny>
								<textcolor>white</textcolor>
								<selectedcolor>white</selectedcolor>
								<info>ListItem.Label2</info>
							</control>
						</focusedlayout>
						<content>
							<item>
								<label>$LOCALIZE[20360]:</label>
								<label2>$INFO[listitem.episode] [COLOR=grey] ($INFO[ListItem.Property(WatchedEpisodes),, $LOCALIZE[16102]] - $INFO[ListItem.Property(UnWatchedEpisodes), , $LOCALIZE[16101]])[/COLOR]</label2>
								<onclick>-</onclick>
								<visible>!IsEmpty(ListItem.Episode)</visible>
							</item>
							<item>
								<label>$LOCALIZE[20416]:</label>
								<label2>$INFO[ListItem.Premiered]</label2>
								<onclick>-</onclick>
								<visible>!IsEmpty(ListItem.Premiered)</visible>
							</item>
							<item>
								<label>$LOCALIZE[515]:</label>
								<label2>$INFO[ListItem.Genre]</label2>
								<onclick>-</onclick>
								<visible>!IsEmpty(ListItem.Genre)</visible>
							</item>
							<item>
								<label>$LOCALIZE[562]:</label>
								<label2>$INFO[ListItem.Year]</label2>
								<onclick>-</onclick>
								<visible>!IsEmpty(ListItem.Year)</visible>
							</item>
							<item>
								<label>$LOCALIZE[563]:</label>
								<label2>$INFO[ListItem.Rating]</label2>
								<onclick>-</onclick>
								<visible>!IsEmpty(ListItem.Rating)</visible>
							</item>
							<item>
								<label>$LOCALIZE[15311]</label>
								<label2>$INFO[ListItem.FilenameAndPath]</label2>
								<onclick>-</onclick>
								<visible>!IsEmpty(ListItem.FilenameAndPath)</visible>
							</item>
						</content>
					</control>
					<control type="image">
						<posx>290</posx>
						<posy>370</posy>
						<width>740</width>
						<height>4</height>
						<aspectratio>stretch</aspectratio>
						<texture>separator.png</texture>
					</control>
				</control>
				
				<control type="group">
					<visible>container.content(episodes) + !Control.HasFocus(12)</visible>
					<posy>90</posy>
					<posx>210</posx>
					<include>VisibleFadeEffect</include>
					<control type="image">
						<posx>0</posx>
						<posy>0</posy>
						<width>380</width>
						<height>250</height>
						<aspectratio aligny="bottom">keep</aspectratio>
						<bordertexture border="5">button-nofocus.png</bordertexture>
						<bordersize>4</bordersize>
						<texture background="true">$INFO[ListItem.Icon]</texture>
					</control>
					<control type="image">
						<posx>0</posx>
						<posy>250</posy>
						<width>380</width>
						<height>250</height>
						<aspectratio aligny="top">keep</aspectratio>
						<bordertexture border="5"  flipy="true" diffuse="diffuse_mirror2.png">button-nofocus.png</bordertexture>
						<bordersize>4</bordersize>
						<texture background="true" flipy="true" diffuse="diffuse_mirror2.png">$INFO[ListItem.Icon]</texture>
					</control>
					<control type="list" id="49">
						<posx>390</posx>
						<posy>20</posy>
						<width>640</width>
						<height>330</height>
						<onleft>49</onleft>
						<onright>49</onright>
						<onup>9000</onup>
						<ondown>61</ondown>
						<pagecontrol>-</pagecontrol>
						<scrolltime>200</scrolltime>
						<itemlayout height="30">
							<control type="label">
								<posx>165</posx>
								<posy>0</posy>
								<width>160</width>
								<height>30</height>
								<font>font13caps_title</font>
								<align>right</align>
								<aligny>center</aligny>
								<textcolor>blue</textcolor>
								<selectedcolor>selected</selectedcolor>
								<info>ListItem.Label</info>
							</control>
							<control type="label">
								<posx>175</posx>
								<posy>0</posy>
								<width>465</width>
								<height>30</height>
								<font>font13</font>
								<align>left</align>
								<aligny>center</aligny>
								<textcolor>white</textcolor>
								<selectedcolor>white</selectedcolor>
								<info>ListItem.Label2</info>
							</control>
						</itemlayout>
						<focusedlayout height="30">
							<control type="image">
								<posx>0</posx>
								<posy>0</posy>
								<width>640</width>
								<height>30</height>
								<visible>Control.HasFocus(49)</visible>
								<texture>MenuItemFO.png</texture>
								<include>VisibleFadeEffect</include>
							</control>
							<control type="label">
								<posx>165</posx>
								<posy>0</posy>
								<width>160</width>
								<height>30</height>
								<font>font13caps_title</font>
								<align>right</align>
								<aligny>center</aligny>
								<textcolor>blue</textcolor>
								<selectedcolor>selected</selectedcolor>
								<info>ListItem.Label</info>
							</control>
							<control type="label">
								<posx>175</posx>
								<posy>0</posy>
								<width>465</width>
								<height>30</height>
								<font>font13</font>
								<align>left</align>
								<aligny>center</aligny>
								<textcolor>white</textcolor>
								<selectedcolor>white</selectedcolor>
								<info>ListItem.Label2</info>
							</control>
						</focusedlayout>
						<content>
							<item>
								<label>$LOCALIZE[20364]:</label>
								<label2>$INFO[ListItem.TVShowTitle]</label2>
								<onclick>-</onclick>
								<visible>!IsEmpty(ListItem.TVShowTitle)</visible>
							</item>
							<item>
								<label>$LOCALIZE[20373]:</label>
								<label2>$INFO[ListItem.Season]</label2>
								<onclick>-</onclick>
								<visible>!IsEmpty(ListItem.Season)</visible>
							</item>
							<item>
								<label>$LOCALIZE[20359]:</label>
								<label2>$INFO[ListItem.Episode]</label2>
								<onclick>-</onclick>
								<visible>!IsEmpty(ListItem.Episode)</visible>
							</item>
							<item>
								<label>$LOCALIZE[20416]:</label>
								<label2>$INFO[ListItem.Premiered]</label2>
								<onclick>-</onclick>
								<visible>!IsEmpty(ListItem.Premiered)</visible>
							</item>
							<item>
								<label>$LOCALIZE[515]:</label>
								<label2>$INFO[ListItem.Genre]</label2>
								<onclick>-</onclick>
								<visible>!IsEmpty(ListItem.Genre)</visible>
							</item>
							<item>
								<label>$LOCALIZE[20339]:</label>
								<label2>$INFO[ListItem.Director]</label2>
								<onclick>-</onclick>
								<visible>!IsEmpty(ListItem.Director)</visible>
							</item>
							<item>
								<label>$LOCALIZE[20417]:</label>
								<label2>$INFO[ListItem.Writer]</label2>
								<onclick>-</onclick>
								<visible>!IsEmpty(ListItem.Writer)</visible>
							</item>
							<item>
								<label>$LOCALIZE[562]:</label>
								<label2>$INFO[ListItem.Year]</label2>
								<onclick>-</onclick>
								<visible>!IsEmpty(ListItem.Year)</visible>
							</item>
							<item>
								<label>$LOCALIZE[2050]:</label>
								<label2>$INFO[ListItem.Duration]</label2>
								<onclick>-</onclick>
								<visible>!IsEmpty(ListItem.Duration)</visible>
							</item>
							<item>
								<label>$LOCALIZE[563]:</label>
								<label2>$INFO[ListItem.Rating]</label2>
								<onclick>-</onclick>
								<visible>!IsEmpty(ListItem.Rating)</visible>
							</item>
							<item>
								<label>$LOCALIZE[15311]</label>
								<label2>$INFO[ListItem.FilenameAndPath]</label2>
								<onclick>-</onclick>
								<visible>!IsEmpty(ListItem.FilenameAndPath)</visible>
							</item>
						</content>
					</control>
					<control type="image">
						<posx>290</posx>
						<posy>370</posy>
						<width>740</width>
						<height>4</height>
						<aspectratio>stretch</aspectratio>
						<texture>separator.png</texture>
					</control>
				</control>
				
				<control type="group">
					<visible>container.content(musicvideos) + !Control.HasFocus(12)</visible>
					<posy>90</posy>
					<posx>210</posx>
					<include>VisibleFadeEffect</include>
					<control type="image">
						<posx>0</posx>
						<posy>0</posy>
						<width>380</width>
						<height>360</height>
						<aspectratio>keep</aspectratio>
						<bordertexture border="5">button-nofocus.png</bordertexture>
						<bordersize>4</bordersize>
						<texture background="true">$INFO[ListItem.Icon]</texture>
					</control>
					<control type="list" id="49">
						<posx>390</posx>
						<posy>20</posy>
						<width>640</width>
						<height>330</height>
						<onleft>49</onleft>
						<onright>49</onright>
						<onup>9000</onup>
						<ondown>61</ondown>
						<pagecontrol>-</pagecontrol>
						<scrolltime>200</scrolltime>
						<itemlayout height="30">
							<control type="label">
								<posx>165</posx>
								<posy>0</posy>
								<width>160</width>
								<height>30</height>
								<font>font13caps_title</font>
								<align>right</align>
								<aligny>center</aligny>
								<textcolor>blue</textcolor>
								<selectedcolor>selected</selectedcolor>
								<info>ListItem.Label</info>
							</control>
							<control type="label">
								<posx>175</posx>
								<posy>0</posy>
								<width>465</width>
								<height>30</height>
								<font>font13</font>
								<align>left</align>
								<aligny>center</aligny>
								<textcolor>white</textcolor>
								<selectedcolor>white</selectedcolor>
								<info>ListItem.Label2</info>
							</control>
						</itemlayout>
						<focusedlayout height="30">
							<control type="image">
								<posx>0</posx>
								<posy>0</posy>
								<width>640</width>
								<height>30</height>
								<visible>Control.HasFocus(49)</visible>
								<texture>MenuItemFO.png</texture>
								<include>VisibleFadeEffect</include>
							</control>
							<control type="label">
								<posx>165</posx>
								<posy>0</posy>
								<width>160</width>
								<height>30</height>
								<font>font13caps_title</font>
								<align>right</align>
								<aligny>center</aligny>
								<textcolor>blue</textcolor>
								<selectedcolor>selected</selectedcolor>
								<info>ListItem.Label</info>
							</control>
							<control type="label">
								<posx>175</posx>
								<posy>0</posy>
								<width>465</width>
								<height>30</height>
								<font>font13</font>
								<align>left</align>
								<aligny>center</aligny>
								<textcolor>white</textcolor>
								<selectedcolor>white</selectedcolor>
								<info>ListItem.Label2</info>
							</control>
						</focusedlayout>
						<content>
							<item>
								<label>$LOCALIZE[557]:</label>
								<label2>$INFO[ListItem.Artist]</label2>
								<onclick>-</onclick>
								<visible>!IsEmpty(ListItem.Artist)</visible>
							</item>
							<item>
								<label>$LOCALIZE[558]:</label>
								<label2>$INFO[ListItem.Album]</label2>
								<onclick>-</onclick>
								<visible>!IsEmpty(ListItem.Album)</visible>
							</item>
							<item>
								<label>$LOCALIZE[515]:</label>
								<label2>$INFO[ListItem.Genre]</label2>
								<onclick>-</onclick>
								<visible>!IsEmpty(ListItem.Genre)</visible>
							</item>
							<item>
								<label>$LOCALIZE[572]:</label>
								<label2>$INFO[ListItem.Studio]</label2>
								<onclick>-</onclick>
								<visible>!IsEmpty(ListItem.Studio)</visible>
							</item>
							<item>
								<label>$LOCALIZE[20417]:</label>
								<label2>$INFO[ListItem.Writer]</label2>
								<onclick>-</onclick>
								<visible>!IsEmpty(ListItem.Writer)</visible>
							</item>
							<item>
								<label>$LOCALIZE[562]:</label>
								<label2>$INFO[ListItem.Year]</label2>
								<onclick>-</onclick>
								<visible>!IsEmpty(ListItem.Year)</visible>
							</item>
							<item>
								<label>$LOCALIZE[2050]:</label>
								<label2>$INFO[ListItem.Duration]</label2>
								<onclick>-</onclick>
								<visible>!IsEmpty(ListItem.Duration)</visible>
							</item>
							<item>
								<label>$LOCALIZE[15311]</label>
								<label2>$INFO[ListItem.FilenameAndPath]</label2>
								<onclick>-</onclick>
								<visible>!IsEmpty(ListItem.FilenameAndPath)</visible>
							</item>
						</content>
					</control>
					<control type="image">
						<posx>390</posx>
						<posy>370</posy>
						<width>640</width>
						<height>4</height>
						<aspectratio>stretch</aspectratio>
						<texture>separator.png</texture>
					</control>
				</control>
				<!-- 
				PAGE COUNT CONTROL
				
				<control type="label">
					<posx>130r</posx>
					<posy>480</posy>
					<width>400</width>
					<height>30</height>
					<font>font13caps_title</font>
					<textcolor>grey2</textcolor>
					<shadowcolor>black</shadowcolor>
					<scroll>true</scroll>
					<align>right</align>
					<aligny>center</aligny>
					<label>[COLOR=blue]$LOCALIZE[207][/COLOR]$INFO[Container(400).CurrentPage, ( $LOCALIZE[31024] ]$INFO[Container(400).NumPages,/, )]</label>
					<visible>Control.IsVisible(400)</visible>
				</control>
				
				<control type="label">
					<posx>130r</posx>
					<posy>480</posy>
					<width>400</width>
					<height>30</height>
					<font>font13caps_title</font>
					<textcolor>grey2</textcolor>
					<shadowcolor>black</shadowcolor>
					<scroll>true</scroll>
					<align>right</align>
					<aligny>center</aligny>
					<label>[COLOR=blue]$LOCALIZE[206][/COLOR]$INFO[Container(50).CurrentPage, ( $LOCALIZE[31024] ]$INFO[Container(50).NumPages,/, )]</label>
					<visible>Control.IsVisible(50)</visible>
				</control>
				-->
				<control type="spincontrol" id="61">
					<description>Next page button</description>
					<posx>800</posx>
					<posy>512</posy>
					<subtype>page</subtype>
					<font>-</font>
					<onleft>61</onleft>
					<onright>61</onright>
					<ondown>9000</ondown>
					<onup>49</onup>
					<textcolor>-</textcolor>
					<showonepage>true</showonepage>
				</control>
			
				<!-- control.label.genre -->
				<control type="fadelabel">
					<posy>208</posy>
					<posx>808</posx>
					<width>324</width>
					<height>30</height>
					<font>font12bold</font>
					<align>left</align>
					<textcolor>white</textcolor>
					<label>$INFO[ListItem.Genre]</label>
					<autoscroll time="3000" delay="4000" repeat="5000">!Control.HasFocus(61)</autoscroll>
					<pauseatend>2000</pauseatend>
					<visible>!Control.IsVisible(50)</visible>
				</control>
				
				<!-- control.label.movies.plot -->
				<control type="textbox" id="400">
					<posy>298</posy>
					<posx>810</posx>
					<width>286</width>
					<height>234</height>
					<font>font12</font>
					<align>left</align>
					<textcolor>white</textcolor>
					<pagecontrol>61</pagecontrol>
					<label>$INFO[ListItem.Plot]</label>
					<autoscroll time="3000" delay="4000" repeat="5000">!Control.HasFocus(61) + Skin.HasSetting(AutoScroll)</autoscroll>
					<visible>!Control.IsVisible(50)</visible>
				</control>
				
				<!-- control.image.actor -->
				<control type="image">
					<posy>208</posy>
					<posx>432</posx>
					<width>368</width>
					<height>298</height>
					<aspectratio>keep</aspectratio>
					<texture background="true">$INFO[Container(50).Listitem.Icon]</texture>
					<aligny>center</aligny>
					<visible>Control.IsVisible(50)</visible>
				</control>
				<!-- control.panel.cast -->
				<control type="panel" id="50">
					<posy>208</posy>
					<posx>808</posx>
					<width>324</width>
					<height>324</height>
					<onleft>9000</onleft>
					<onright>61</onright>
					<onup>61</onup>
					<ondown>9000</ondown>
					<viewtype label="">list</viewtype>
					<pagecontrol>61</pagecontrol>
					<scrolltime>200</scrolltime>
					<orientation>vertical</orientation>
					
					<itemlayout height="40" width="430">
						<control type="image">
							<posx>0</posx>
							<posy>0</posy>
							<width>430</width>
							<height>40</height>
							<texture border="5">button-nofocus.png</texture>
						</control>
						<control type="label">
							<posx>10</posx>
							<posy>0</posy>
							<width>410</width>
							<height>40</height>
							<font>font12</font>
							<align>left</align>
							<aligny>center</aligny>
							<selectedcolor>white</selectedcolor>
							<info>ListItem.Label</info>
						</control>
					</itemlayout>
					<focusedlayout height="40" width="430">
						<control type="image">
							<posx>0</posx>
							<posy>0</posy>
							<width>430</width>
							<height>40</height>
							<visible>!Control.HasFocus(50)</visible>
							<texture border="5">button-nofocus.png</texture>
						</control>
						<control type="image">
							<posx>0</posx>
							<posy>0</posy>
							<width>430</width>
							<height>40</height>
							<visible>Control.HasFocus(50)</visible>
							<texture border="5">button-focus.png</texture>
						</control>
						<control type="label">
							<posx>10</posx>
							<posy>0</posy>
							<width>410</width>
							<height>40</height>
							<font>font12</font>
							<align>left</align>
							<aligny>center</aligny>
							<selectedcolor>white</selectedcolor>
							<info>ListItem.Label</info>
						</control>
					</focusedlayout>
				</control>
				
				<!-- ACTION BUTTONS (i.e., cast/plot, refresh, get thumb, get fanart) -->
				<control type="grouplist" id="9000">
					<posy>208</posy>
					<posx>144</posx>
					<width>138</width>
					<height>324</height>
					<itemgap>2</itemgap>
					<align>left</align>
					<orientation>vertical</orientation>
					<onleft>9000</onleft>
					<onright>9000</onright>
					<onup>50</onup>
					<ondown>49</ondown>
					
					<!-- control.button.cast-review -->
					<control type="button" id="5">
						<width>280</width>
						<include>ButtonInfoDialogsCommonValues</include>
						<label>206</label>
						<focusedcolor>white</focusedcolor>
						<texturefocus>-</texturefocus>
					</control>
					<!-- control.togglebutton -->
					<control type="togglebutton" id="8">
						<width>280</width>
						<include>ButtonInfoDialogsCommonValues</include>
						<label>208</label>
						<focusedcolor>white</focusedcolor>
						<alttexturefocus border="2">button-focus.png</alttexturefocus>
						<alttexturenofocus border="2">button-nofocus.png</alttexturenofocus>
						<altlabel>1024</altlabel>
						<usealttexture>Container.Content(TVShows)</usealttexture>
					</control>
					<!-- control.button.refresh -->
					<control type="button" id="6">
						<width>280</width>
						<include>ButtonInfoDialogsCommonValues</include>
						<label>184</label>
						<focusedcolor>white</focusedcolor>
					</control>
					<!-- control.button.getThumb -->
					<control type="button" id="10">
						<width>280</width>
						<include>ButtonInfoDialogsCommonValues</include>
						<label>13405</label>
						<focusedcolor>White</focusedcolor>
					</control>
					<!-- control.button.getFanart -->
					<control type="button" id="12">
						<width>280</width>
						<include>ButtonInfoDialogsCommonValues</include>
						<label>20413</label>
						<focusedcolor>White</focusedcolor>
					</control>
					<!-- control.button.playTrailer -->
					<control type="button" id="11">
						<width>280</width>
						<include>ButtonInfoDialogsCommonValues</include>
						<label>20410</label>
						<focusedcolor>white</focusedcolor>
						<visible>!IsEmpty(ListItem.Trailer)</visible>
					</control>
				
				</control>
			</control>
		</control>

			<!-- control.group.buttons -->
			<control type="group">
				<posx>180</posx>
				<posy>660</posy>
				<control type="button" id="19">
					<description>A BUTTON</description>
					<posx>10</posx>
					<posy>0</posy>
					<width>40</width>
					<height>40</height>
					<label>-</label>
					<font>-</font>
					<aligny>-</aligny>
					<onclick>-</onclick>
					<texturefocus>@nxe/buttons/a-fo.png</texturefocus>
					<texturenofocus>@nxe/buttons/a.png</texturenofocus>
					<onleft>52</onleft>
					<onright>52</onright>
					<onup>52</onup>
					<ondown>52</ondown>
					<colordiffuse>CCFFFFFF</colordiffuse>
				</control>
				<control type="label">
					<description>Y BUTTON LABEL</description>
					<posx>48</posx>
					<posy>0</posy>
					<width>580</width>
					<height>35</height>
					<font>font12bold</font>
					<textcolor>black</textcolor>
					<align>left</align>
					<aligny>center</aligny>
					<label>Select</label>
				</control>

				<control type="button">
					<description>back button</description>
					<posx>128</posx>
					<posy>0</posy>
					<width>40</width>
					<height>40</height>
					<label>-</label>
					<font>-</font>
					<aligny>-</aligny>
					<onclick>-</onclick>
					<texturefocus>@nxe/buttons/b-fo.png</texturefocus>
					<texturenofocus>@nxe/buttons/b.png</texturenofocus>
					<onleft>52</onleft>
					<onright>52</onright>
					<onup>52</onup>
					<ondown>52</ondown>
					<colordiffuse>CCFFFFFF</colordiffuse>
				</control>
				<control type="label">
					<description>B BUTTON LABEL</description>
					<posx>168</posx>
					<posy>0</posy>
					<width>580</width>
					<height>35</height>
					<font>font12bold</font>
					<textcolor>black</textcolor>
					<align>left</align>
					<aligny>center</aligny>
					<label>Back</label>
				</control>
			
			</control>
		
		<include>NXE.Console.Logo</include>
	</controls>
</window>
