<window id="104">
	<defaultcontrol>1</defaultcontrol>
	<coordinates>
		<system>1</system>
		<posx>460</posx>
		<posy>586</posy>
		<!-- <origin x="464" y="0">Skin.HasSetting(LiteVolume)</origin>
		<origin x="260" y="370">Window.IsActive(2901) + !Skin.HasSetting(LiteVolume)</origin> -->
	</coordinates>
	<controls>

		<control type="group">
			<!-- <visible>!Skin.HasSetting(LiteVolume)</visible> -->
			<include>NotifyToast</include>
			<control type="multiimage" id="2">
				<description>Rotating Logo</description>
				<posx>0</posx>
				<posy>0</posy>
				<width>88</width>
				<height>80</height>
				<imagepath>Notify_Volume</imagepath>
				<timeperimage>0</timeperimage>
				<fadetime>0</fadetime>
				<loop>yes</loop>
				<randomize>false</randomize>
				<animation effect="zoom" start="0" end="100" center="0,25" time="200">WindowOpen</animation>
				<animation effect="zoom" start="100" end="0" center="0,25" time="200" delay="100">WindowClose</animation>
			</control>
			<control type="slider">
				<description>Volume Slider</description>
				<posx>96</posx>
				<posy>42</posy>
				<texturesliderbar>osd_slider_volume_bg.png</texturesliderbar>
				<textureslidernib>slider_nibFO.png</textureslidernib>
				<textureslidernibfocus>slider_nibFO.png</textureslidernibfocus>
				<info>Player.Volume</info>
				<onup>1</onup>
				<ondown>1</ondown>
				<onleft>1</onleft>
				<onright>1</onright>
				<animation effect="fade" delay="200" time="100">WindowOpen</animation>
				<animation effect="fade" time="100">WindowClose</animation>
			</control>
			<control type="label">
				<description>Volume Label</description>
				<posx>96</posx>
				<posy>10</posy>
				<font>font12bold</font>
				<shadowcolor>shadow-grey</shadowcolor>
				<align>left</align>
				<label>13376</label>
				<animation effect="fade" delay="200" time="100">WindowOpen</animation>
				<animation effect="fade" time="100">WindowClose</animation>
			</control>
			<control type="label" id="0">
				<description>Volume Label</description>
				<posx>294</posx>
				<posy>10</posy>
				<font>font13</font>
				<shadowcolor>shadow-grey</shadowcolor>
				<align>right</align>
				<info>Player.Volume</info>
				<width>70</width>
				<animation effect="fade" delay="200" time="100">WindowOpen</animation>
				<animation effect="fade" time="100">WindowClose</animation>
			</control>
		</control>
	</controls>
</window>
<!--
<window id="104">
	<defaultcontrol>1</defaultcontrol>
		<animation effect="slide" start="0,-40" end="0,0" time="100">WindowOpen</animation>
		<animation effect="slide" start="0,0" end="0,-40" delay="400" time="100">WindowClose</animation>
	<controls>
		<control type="group">
			<posx>820</posx>
			<posy>0</posy>
			<control type="image">
				<posx>0</posx>
				<posy>-10</posy>
				<width>300</width>
				<height>50</height>
				<texture flipy="true" border="20,20,20,2">InfoMessagePanel.png</texture>
			</control>
			<control type="group">
				<visible>!player.passthrough</visible>
				<control type="image">
					<description>Lite Volume Logo</description>
					<posx>10</posx>
					<posy>0</posy>
					<width>40</width>
					<height>35</height>
					<aspectratio>keep</aspectratio>
					<texture>VolumeIcon.png</texture>
				</control>
				<control type="progress" id="1">
					<description>progress control</description>
					<posx>50</posx>
					<posy>8</posy>
					<width>230</width>
					<height>18</height>
					<info>Player.Volume</info>
				</control>
			</control>
			<control type="group">
				<visible>player.passthrough</visible>
				<control type="image">
					<description>Lite Volume Logo</description>
					<posx>10</posx>
					<posy>0</posy>
					<width>40</width>
					<height>35</height>
					<aspectratio>keep</aspectratio>
					<colordiffuse>CCFF0000</colordiffuse>
					<texture>VolumeIcon.png</texture>
				</control>
				<control type="label">
					<description>Passthrough Label</description>
					<posx>50</posx>
					<posy>6</posy>
					<width>230</width>
					<height>20</height>
					<label>$LOCALIZE[29802]</label>
					<font>font10caps_title</font>
					<textcolor>white</textcolor>
					<shadowcolor>black</shadowcolor>
					<align>left</align>
					<aligny>center</aligny>
				</control>
			</control>
		</control>
	</controls>
</window>
-->