<window id="129">
	<defaultcontrol>10</defaultcontrol>
	<!-- <coordinates>
		<system>1</system>
		<posx>240</posx>
		<posy>100</posy>
	</coordinates> -->
	<include>dialogeffect</include>
	<controls>
		
			<control type="image">					<!-- window.background -->
				<posx>0</posx>
				<posy>0</posy>
				<width>1280</width>
				<height>720</height>
				<texture background="false">bg/window.transparency.png</texture>
				<aspectration>stretch</aspectration>
			</control>	
			<control type="label" id="2">			<!-- header -->
				<posy>48</posy>
				<posx>140</posx>
				<width>630</width>
				<height>30</height>
				<font>font16caps</font>
				<label>$LOCALIZE[13406]</label>
				<align>left</align>
				<aligny>center</aligny>
				<textcolor>white</textcolor>
				<shadowcolor>black</shadowcolor>
			</control>
			<control type="label">					<!-- path -->
				<posy>72</posy>
				<posx>140</posx>
				<width>630</width>
				<height>30</height>
				<font>font13bold</font>
				<haspath>true</haspath>
				<align>left</align>
				<textcolor>white</textcolor>
				<label>1021</label>
			</control>		

		<control type="group">
			<posy>109</posy>
			<posx>192</posx>
			
			<animation type="WindowOpen" reversible="false">
				<effect type="zoom" start="60" end="100" center="640,360" easing="out" tween="back" time="300" />
				<effect type="fade" start="0" end="100" time="300" />
			</animation>
			<animation type="WindowClose" reversible="false">
				<effect type="zoom" start="100" end="80" center="640,360" easing="in" tween="back" time="300" />
				<effect type="fade" start="100" end="0" time="300" />
			</animation>
							
			<control type="image">				<!-- panel.background -->
				<posy>0</posy>
				<posx>0</posx>
				<width>892</width>
				<height>488</height>
				<texture>showcase/panel.png</texture>
				<aspectration>stretch</aspectration>
			</control>
		
			<control type="list" id="10">
				<posy>44</posy>
				<posx>0</posx>
				<width>443</width>
				<height>400</height>
				<onup>9001</onup>
				<onleft>9000</onleft>
				<onright>60</onright>
				<ondown>12</ondown>
				<pagecontrol>60</pagecontrol>
				<scrolltime>200</scrolltime>
				
					<itemlayout height="40">
						<control type="image">
							<posx>0</posx>
							<posy>0</posy>
							<width>443</width>
							<height>41</height>
							<texture>common/buttons/button-nofocus.png</texture>
						</control>
						<control type="label">
							<posx>10</posx>
							<posy>0</posy>
							<width>443</width>
							<height>40</height>
							<font>font13</font>
							<align>left</align>
							<aligny>center</aligny>
							<textcolor>black</textcolor>
							<selectedcolor>selected</selectedcolor>
							<info>ListItem.Label</info>
						</control>
					</itemlayout>
					<focusedlayout height="40">
						<control type="image">
							<posx>0</posx>
							<posy>0</posy>
							<width>500</width>
							<height>41</height>
							<visible>!Control.HasFocus(10)</visible>
							<texture>common/buttons/button-selected.png</texture>
						</control>
						<control type="image">
							<posx>0</posx>
							<posy>0</posy>
							<width>500</width>
							<height>41</height>
							<visible>Control.HasFocus(10)</visible>
							<texture>common/buttons/button-focus.png</texture>
						</control>
						<control type="label">
							<posx>10</posx>
							<posy>0</posy>
							<width>490</width>
							<height>40</height>
							<font>font13</font>
							<align>left</align>
							<aligny>center</aligny>
							<textcolor>white</textcolor>
							<selectedcolor>selected</selectedcolor>
							<info>ListItem.Label</info>
						</control>
					</focusedlayout>
			
			</control>		
		
			<control type="grouplist" id="9000">
				<posy>0</posy>
				<posx>443</posx>
				<itemgap>-1</itemgap>
				<onleft>10</onleft>
				<control type="button" id="11">			<!-- browse.button -->
					<posy>0</posy>
					<posx>0</posx>
					<width>450</width>
					<height>41</height>
					<label>1024</label>
					<font>font13</font>
					<textcolor>white</textcolor>
					<align>left</align>
					<aligny>center</aligny>
					<texturenofocus>common/buttons/button-nofocus.png</texturenofocus>
					<texturefocus>common/buttons/button-focus-alt.png</texturefocus>
				</control>
				<control type="button" id="13">			<!-- add.path.button -->
					<posy>40</posy>
					<posx>0</posx>
					<width>450</width>
					<height>41</height>
					<label>15019</label>
					<font>font13</font>
					<align>left</align>
					<aligny>center</aligny>
					<textcolor>white</textcolor>
					<texturenofocus>common/buttons/button-nofocus.png</texturenofocus>
					<texturefocus>common/buttons/button-focus-alt.png</texturefocus>
				</control>
				<control type="button" id="14">			<!-- remove.path.button -->
					<posy>80</posy>
					<posx>0</posx>
					<width>450</width>
					<height>41</height>
					<label>1210</label>
					<font>font13</font>
					<align>left</align>
					<aligny>center</aligny>
					<textcolor>white</textcolor>
					<texturenofocus>common/buttons/button-nofocus.png</texturenofocus>
					<texturefocus>common/buttons/button-focus-alt.png</texturefocus>
				</control>
				<control type="button" id="20">			<!-- set.content.button -->
					<posy>120</posy>
					<posx>0</posx>
					<width>450</width>
					<height>41</height>
					<font>font13</font>
					<align>left</align>
					<aligny>center</aligny>
					<textcolor>white</textcolor>
					<texturenofocus>common/buttons/button-nofocus.png</texturenofocus>
					<texturefocus>common/buttons/button-focus.png</texturefocus>
					<label>20333</label>
				</control>			
				<control type="button" id="18">			<!-- ok.button -->
					<posy>150</posy>
					<posx>0</posx>
					<width>450</width>
					<height>41</height>
					<font>font13</font>
					<align>left</align>
					<aligny>center</aligny>
					<textcolor>white</textcolor>
					<texturenofocus>common/buttons/button-nofocus.png</texturenofocus>
					<texturefocus>common/buttons/button-focus-alt.png</texturefocus>
					<label>186</label>
				</control>
				<control type="button" id="19">			<!-- cancel.button -->
					<posy>190</posy>
					<posx>0</posx>
					<width>450</width>
					<height>41</height>
					<font>font13</font>
					<align>left</align>
					<aligny>center</aligny>
					<textcolor>white</textcolor>
					<texturenofocus>common/buttons/button-nofocus.png</texturenofocus>
					<texturefocus>common/buttons/button-focus-alt.png</texturefocus>
					<label>222</label>
				</control>
			</control>		
		</control>

		<!-- removed dialog frame image -->
		<!-- removed glass title image -->
		<!-- removed close button -->
		<!-- removed label id=2 "header" -->
		<!-- removed label "path" -->
		
		<control type="scrollbar" id="60">
			<posx>555</posx>
			<posy>105</posy>
			<width>25</width>
			<height>200</height>
			<texturesliderbackground border="0,14,0,14">ScrollBarV.png</texturesliderbackground>
			<texturesliderbar border="0,14,0,14">ScrollBarV_bar.png</texturesliderbar>
			<texturesliderbarfocus border="0,14,0,14">ScrollBarV_bar_focus.png</texturesliderbarfocus>
			<textureslidernib>ScrollBarNib.png</textureslidernib>
			<textureslidernibfocus>ScrollBarNib.png</textureslidernibfocus>
			<onleft>10</onleft>
			<onright>9000</onright>
			<showonepage>false</showonepage>
			<orientation>vertical</orientation>
		</control>

		<control type="label">
			<description>Name label</description>
			<posx>20</posx>
			<posy>335</posy>
			<width>760</width>
			<height>30</height>
			<align>center</align>
			<aligny>center</aligny>
			<font>font12caps</font>
			<label>1022</label>
			<textcolor>blue</textcolor>
			<shadowcolor>black</shadowcolor>
		</control>
		<control type="button" id="12">
			<description>Name Button</description>
			<posx>20</posx>
			<posy>370</posy>
			<width>760</width>
			<height>40</height>
			<align>center</align>
			<aligny>center</aligny>
			<label>-</label>
			<font>font13</font>
			<texturefocus>MenuItemFO.png</texturefocus>
			<texturenofocus>MenuItemNF.png</texturenofocus>
			<onup>10</onup>
			<onleft>12</onleft>
			<onright>19</onright>
			<ondown>9001</ondown>
		</control>

	</controls>
</window>
