<window type="Window" id="111">
	<defaultcontrol always="true">700</defaultcontrol>

	<controls>

		<control type="image">			<!-- window.background -->
			<posx>0</posx>
			<posy>0</posy>
			<width>1280</width>
			<height>720</height>
			<texture>underlay.png</texture>
		</control>
		
		<control type="group">
		
			<animation type="WindowOpen" reversible="false">
				<effect type="zoom" start="80" end="100" center="640,360" easing="out" tween="back" time="300" />
				<effect type="fade" start="0" end="100" time="300" />
			</animation>
			<animation type="WindowClose" reversible="false">
				<effect type="zoom" start="100" end="80" center="640,360" easing="in" tween="back" time="300" />
				<effect type="fade" start="100" end="0" time="300" />
			</animation>
				
			<control type="image">					<!-- content.background -->
				<posy>48</posy>
				<posx>362</posx>
				<width>548</width>
				<height>572</height>
				<texture>common/windows/dialog.png</texture>
			</control>
			
			<control type="label" id="1">			<!-- content.header.title -->
				<posx>385</posx>
				<posy>56</posy>
				<width>382</width>
				<height>30</height>
				<font>font13caps_title</font>
				<label>Shutdown Options</label>
				<align>left</align>
				<aligny>center</aligny>
				<textcolor>white</textcolor>
				<shadowcolor>black</shadowcolor>
			</control>
		
			<control type="grouplist" id="700">
				<description>menu items for EXIT</description>
				<!-- <visible allowhiddenfocus="true">ControlGroup(700).HasFocus(0)| ControlGroup(100).HasFocus(106)</visible> -->
				<animation effect="fade" start="0" end="100" time="350" >Visible</animation>
				<animation effect="fade" start="100" reversible="true" end="60" time="200" condition="!ControlGroup(700).HasFocus()">Conditional</animation>
				<animation effect="fade" start="60" reversible="true" end="100" time="200" condition="ControlGroup(700).HasFocus()">Conditional</animation>
				<posy>400</posy>
				<posx>362</posx>
				<width>548</width>
				<height>228</height>
				<onleft>100</onleft>
				<onright>9001</onright>
				<onup>700</onup>
				<ondown>700</ondown>
				<itemgap>0</itemgap>
				
				<control type="button" id="720">			<!-- xbmc.quit -->
					<label>$LOCALIZE[13009]</label>
					<width>548</width>
					<height>48</height>
					<font>font13</font>
					<textcolor>black</textcolor>
					<focusedcolor>white</focusedcolor>
					<align>left</align>
					<onleft>100</onleft>
					<onclick>XBMC.Quit()</onclick>
				</control>
				<control type="button" id="721">			<!-- xbmc.suspend -->
					<label>$LOCALIZE[13011]</label>
					<width>548</width>
					<height>48</height>
					<font>font13</font>
					<textcolor>black</textcolor>
					<focusedcolor>white</focusedcolor>
					<align>left</align>
					<onleft>100</onleft>
					<onclick>XBMC.Suspend</onclick>
				</control>
				<control type="button" id="723">			<!-- xbmc.shutdown -->
					<label>$LOCALIZE[13005]</label>
					<width>548</width>
					<height>48</height>
					<font>font13</font>
					<textcolor>black</textcolor>
					<focusedcolor>white</focusedcolor>
					<align>left</align>
					<onleft>100</onleft>
					<onclick>XBMC.ShutDown()</onclick>
				</control>
				<control type="button" id="701">			<!-- xbmc.restart -->
					<label>$LOCALIZE[13313] XBMC</label>
					<width>548</width>
					<height>48</height>
					<font>font13</font>
					<textcolor>black</textcolor>
					<focusedcolor>white</focusedcolor>
					<align>left</align>
					<onclick>XBMC.RestartApp()</onclick>
					<onclick>dialog.close(all,true)</onclick>
					<visible>!System.Loggedon</visible>
				</control>				
				<control type="button" id="703">			<!-- xbmc.shutdown -->
					<label>13005</label>
					<width>548</width>
					<height>48</height>
					<font>font13</font>
					<textcolor>black</textcolor>
					<focusedcolor>white</focusedcolor>
					<align>left</align>
					<onleft>100</onleft>
					<onclick>XBMC.ShutDown()</onclick>
					<onclick>dialog.close(all,true)</onclick>
					<visible>!System.Loggedon</visible>
				</control>
				<control type="button" id="704">			<!-- xbmc.mastermode -->
					<label>20046</label>
					<altlabel>20045</altlabel>
					<width>548</width>
					<height>48</height>
					<font>font13</font>
					<textcolor>black</textcolor>
					<focusedcolor>white</focusedcolor>
					<align>left</align>
					<onleft>100</onleft>
					<onclick>xbmc.mastermode</onclick>
					<visible>System.LoggedOn + System.HasLocks</visible>
				</control>
				
				<control type="button" id="705">			<!-- xbmc.logoff -->
					<label>$LOCALIZE[20126] $INFO[system.profilename]</label>
					<width>190</width>
					<height>48</height>
					<font>font13</font>
					<textcolor>black</textcolor>
					<selectedcolor>white</selectedcolor>
					<align>left</align>
					<onleft>100</onleft>
					<onclick>dialog.close(all,true)</onclick>
					<onclick>system.logoff</onclick>
					<visible>System.LoggedOn + System.HasLoginScreen + Skin.HasSetting(advancedShutdown)</visible>
				</control>
				<control type="button" id="706">			<!-- xbmc.alarmclock.shutdown.30.mins -->
					<label>31911</label>
					<width>548</width>
					<height>48</height>
					<font>font13</font>
					<textcolor>black</textcolor>
					<focusedcolor>white</focusedcolor>
					<align>left</align>
					<onleft>100</onleft>
					<onclick>XBMC.AlarmClock(shutdowntimer,XBMC.ShutDown(),30)</onclick>
					<visible>System.LoggedOn + Skin.HasSetting(advancedShutdown)</visible>
				</control>
				<control type="button" id="707">			<!-- xbmc.alarmclock.shutdown.60.mins -->
					<label>31912</label>
					<width>548</width>
					<height>48</height>
					<font>font13</font>
					<textcolor>black</textcolor>
					<focusedcolor>white</focusedcolor>
					<align>left</align>
					<onleft>100</onleft>
					<onclick>XBMC.AlarmClock(shutdowntimer,XBMC.ShutDown(),60)</onclick>
					<visible>System.LoggedOn + Skin.HasSetting(advancedShutdown)</visible>
				</control>
				<control type="button" id="708">			<!-- xbmc.alarmclock.shutdown.120.mins -->
					<label>31913</label>
					<width>548</width>
					<height>48</height>
					<font>font13</font>
					<textcolor>black</textcolor>
					<focusedcolor>white</focusedcolor>
					<align>left</align>
					<onleft>100</onleft>
					<onclick>XBMC.AlarmClock(shutdowntimer,XBMC.ShutDown(),120)</onclick>
					<visible>System.LoggedOn + Skin.HasSetting(advancedShutdown)</visible>
				</control>
				<control type="button" id="709">			<!-- xbmc.alarmclock.shutdown.custom.mins -->
					<label>31916</label>
					<width>548</width>
					<height>48</height>
					<font>font13</font>
					<textcolor>black</textcolor>
					<focusedcolor>white</focusedcolor>
					<align>left</align>
					<onleft>100</onleft>
					<onclick>XBMC.AlarmClock(shutdowntimer,XBMC.ShutDown())</onclick>
					<visible>System.LoggedOn + Skin.HasSetting(advancedShutdown)</visible>
				</control>
				<control type="button" id="710">			<!-- xbmc.alarmclock.cancel.shutdown -->
					<label>20151</label>
					<width>548</width>
					<height>48</height>
					<font>font13</font>
					<textcolor>black</textcolor>
					<focusedcolor>white</focusedcolor>
					<align>left</align>
					<onleft>100</onleft>
					<onclick>XBMC.CancelAlarm(shutdowntimer)</onclick>
					<visible>System.LoggedOn + !Skin.HasSetting(advancedShutdown)</visible>
					<visible>System.HasAlarm(shutdowntimer) + Skin.HasSetting(advancedShutdown)</visible>
				</control>
				<control type="button" id="712">			<!-- xbmc.reset -->
					<label>13313</label>
					<width>548</width>
					<height>48</height>
					<font>font13</font>
					<textcolor>black</textcolor>
					<focusedcolor>white</focusedcolor>
					<align>left</align>
					<onleft>100</onleft>
					<onclick>XBMC.Reset()</onclick>
					<visible>System.LoggedOn</visible>
				</control>

			</control>
			
		</control>		
			
	</controls>
</window>