<window id="103">
	<defaultcontrol always="true">65</defaultcontrol>
	<include>dialogeffect</include>
	
	<controls>
		
		<control type="image">				<!-- window.background -->
			<posx>0</posx>
			<posy>0</posy>
			<width>1280</width>
			<height>720</height>
			<texture>backgrounds/0.png</texture>
			<aspectration>stretch</aspectration>
		</control>	
		<control type="image">				<!-- upper.bar -->
			<posy>0</posy>
			<posx>0</posx>
			<width>1280</width>
			<height>200</height>
			<texture>bg/black.png</texture>
			<include>backgroundfade</include>
			<fadetime>FanartCrossfadeTime</fadetime>
		</control>
		
		<control type="image">				<!-- textbox.background -->
			<posy>64</posy>
			<posx>310</posx>
			<width>660</width>
			<height>32</height>
			<aspectratio>stretch</aspectratio>
			<texture>bg/white.png</texture>
		</control>
		<control type="label" id="310">		<!-- textbox.search -->
			<posy>60</posy>
			<posx>314</posx>
			<width>652</width>
			<height>32</height>
			<font>font14</font>
			<align>left</align>
			<aligny>center</aligny>
			<textcolor>black</textcolor>
		</control>		
		<control type="label" id="311">		<!-- header -->
			<posy>16</posy>
			<posx>16</posx>
			<width>740</width>
			<height>30</height>
			<font>font13bold</font>
			<textcolor>FFBBEE6D</textcolor>
			<shadowcolor>black</shadowcolor>
			<align>left</align>
			<aligny>center</aligny>
		</control>
		
		<!-- control.group.keyboard -->
		<control type="group">
			<posx>0</posx>
			<posy>0</posy>
			<visible>!Window.IsVisible(NumericInput)</visible>
			
			<control type="group" id="401">			<!-- control.group.alpha -->
				<posy>152</posy>
				<posx>250</posx>
				
				<control type="button" id="65">			<!-- Letter.A -->
					<posy>0</posy>
					<posx>0</posx>
					<width>30</width>
					<height>30</height>
					<onleft>-</onleft>
					<onright>66</onright>
					<onup>-</onup>
					<ondown>400</ondown>
					<texturenofocus border="2">-</texturenofocus>
					<texturefocus border="2">bg/green.png</texturefocus>
					<align>center</align>
					<aligny>center</aligny>
					<font>font13</font>
					<textcolor>white</textcolor>
					<focusedcolor>white</focusedcolor>
				</control>
				<control type="button" id="66">			<!-- Letter.B -->
					<posy>0</posy>
					<posx>30</posx>
					<width>30</width>
					<height>30</height>
					<onleft>65</onleft>
					<onright>67</onright>
					<onup>49</onup>
					<ondown>400</ondown>
					<texturenofocus border="2">-</texturenofocus>
					<texturefocus border="2">bg/green.png</texturefocus>
					<align>center</align>
					<aligny>center</aligny>
					<font>font13</font>
					<textcolor>white</textcolor>
					<focusedcolor>white</focusedcolor>
				</control>
				<control type="button" id="67">			<!-- Letter.C -->
					<posy>0</posy>
					<posx>60</posx>
					<width>30</width>
					<height>30</height>
					<onleft>66</onleft>
					<onright>68</onright>
					<onup>50</onup>
					<ondown>400</ondown>
					<texturenofocus border="2">-</texturenofocus>
					<texturefocus border="2">bg/green.png</texturefocus>
					<align>center</align>
					<aligny>center</aligny>
					<font>font13</font>
					<textcolor>white</textcolor>
					<focusedcolor>white</focusedcolor>
				</control>
				<control type="button" id="68">			<!-- Letter.D -->
					<posy>0</posy>
					<posx>90</posx>
					<width>30</width>
					<height>30</height>
					<onleft>67</onleft>
					<onright>69</onright>
					<onup>51</onup>
					<ondown>400</ondown>
					<texturenofocus border="2">-</texturenofocus>
					<texturefocus border="2">bg/green.png</texturefocus>
					<align>center</align>
					<aligny>center</aligny>
					<font>font13</font>
					<textcolor>white</textcolor>
					<focusedcolor>white</focusedcolor>
				</control>
				<control type="button" id="69">			<!-- Letter.E -->
					<posy>0</posy>
					<posx>120</posx>
					<width>30</width>
					<height>30</height>
					<onleft>68</onleft>
					<onright>70</onright>
					<onup>52</onup>
					<ondown>400</ondown>
					<texturenofocus border="2">-</texturenofocus>
					<texturefocus border="2">bg/green.png</texturefocus>
					<align>center</align>
					<aligny>center</aligny>
					<font>font13</font>
					<textcolor>white</textcolor>
					<focusedcolor>white</focusedcolor>
				</control>
				<control type="button" id="70">			<!-- Letter.F -->
					<posy>0</posy>
					<posx>150</posx>
					<width>30</width>
					<height>30</height>
					<onleft>69</onleft>
					<onright>71</onright>
					<onup>53</onup>
					<ondown>400</ondown>
					<texturenofocus border="2">-</texturenofocus>
					<texturefocus border="2">bg/green.png</texturefocus>
					<align>center</align>
					<aligny>center</aligny>
					<font>font13</font>
					<textcolor>white</textcolor>
					<focusedcolor>white</focusedcolor>
				</control>
				<control type="button" id="71">			<!-- Letter.G -->
					<posy>0</posy>
					<posx>180</posx>
					<width>30</width>
					<height>30</height>
					<onleft>70</onleft>
					<onright>72</onright>
					<onup>54</onup>
					<ondown>400</ondown>
					<texturenofocus border="2">-</texturenofocus>
					<texturefocus border="2">bg/green.png</texturefocus>
					<align>center</align>
					<aligny>center</aligny>
					<font>font13</font>
					<textcolor>white</textcolor>
					<focusedcolor>white</focusedcolor>
				</control>
				<control type="button" id="72">			<!-- Letter.H -->
					<posy>0</posy>
					<posx>210</posx>
					<width>30</width>
					<height>30</height>
					<onleft>71</onleft>
					<onright>73</onright>
					<onup>65</onup>
					<ondown>400</ondown>
					<texturenofocus border="2">-</texturenofocus>
					<texturefocus border="2">bg/green.png</texturefocus>
					<align>center</align>
					<aligny>center</aligny>
					<font>font13</font>
					<textcolor>white</textcolor>
					<focusedcolor>white</focusedcolor>
				</control>
				<control type="button" id="73">			<!-- Letter.I -->
					<posy>0</posy>
					<posx>240</posx>
					<width>30</width>
					<height>30</height>
					<onleft>72</onleft>
					<onright>74</onright>
					<onup>66</onup>
					<ondown>400</ondown>
					<texturenofocus border="2">-</texturenofocus>
					<texturefocus border="2">bg/green.png</texturefocus>
					<align>center</align>
					<aligny>center</aligny>
					<font>font13</font>
					<textcolor>white</textcolor>
					<focusedcolor>white</focusedcolor>
				</control>
				<control type="button" id="74">			<!-- Letter.J -->
					<posy>0</posy>
					<posx>270</posx>
					<width>30</width>
					<height>30</height>
					<onleft>73</onleft>
					<onright>75</onright>
					<onup>67</onup>
					<ondown>400</ondown>
					<texturenofocus border="2">-</texturenofocus>
					<texturefocus border="2">bg/green.png</texturefocus>
					<align>center</align>
					<aligny>center</aligny>
					<font>font13</font>
					<textcolor>white</textcolor>
					<focusedcolor>white</focusedcolor>
				</control>
				<control type="button" id="75">			<!-- Letter.K -->
					<posy>0</posy>
					<posx>300</posx>
					<width>30</width>
					<height>30</height>
					<onleft>74</onleft>
					<onright>76</onright>
					<onup>48</onup>
					<ondown>400</ondown>
					<texturenofocus border="2">-</texturenofocus>
					<texturefocus border="2">bg/green.png</texturefocus>
					<align>center</align>
					<aligny>center</aligny>
					<font>font13</font>
					<textcolor>white</textcolor>
					<focusedcolor>white</focusedcolor>
				</control>
				<control type="button" id="76">			<!-- Letter.L -->
					<posy>0</posy>
					<posx>330</posx>
					<width>30</width>
					<height>30</height>
					<onleft>75</onleft>
					<onright>77</onright>
					<onup>69</onup>
					<ondown>400</ondown>
					<texturenofocus border="2">-</texturenofocus>
					<texturefocus border="2">bg/green.png</texturefocus>
					<align>center</align>
					<aligny>center</aligny>
					<font>font13</font>
					<textcolor>white</textcolor>
					<focusedcolor>white</focusedcolor>
				</control>
				<control type="button" id="77">			<!-- Letter.M -->
					<posy>0</posy>
					<posx>360</posx>
					<width>30</width>
					<height>30</height>
					<onleft>76</onleft>
					<onright>78</onright>
					<onup>70</onup>
					<ondown>400</ondown>
					<texturenofocus border="2">-</texturenofocus>
					<texturefocus border="2">bg/green.png</texturefocus>
					<align>center</align>
					<aligny>center</aligny>
					<font>font13</font>
					<textcolor>white</textcolor>
					<focusedcolor>white</focusedcolor>
				</control>
				<control type="button" id="78">			<!-- Letter.N -->
					<posy>0</posy>
					<posx>390</posx>
					<width>30</width>
					<height>30</height>
					<onleft>77</onleft>
					<onright>79</onright>
					<onup>71</onup>
					<ondown>400</ondown>
					<texturenofocus border="2">-</texturenofocus>
					<texturefocus border="2">bg/green.png</texturefocus>
					<align>center</align>
					<aligny>center</aligny>
					<font>font13</font>
					<textcolor>white</textcolor>
					<focusedcolor>white</focusedcolor>
				</control>
				<control type="button" id="79">			<!-- Letter.O -->		
					<posy>0</posy>
					<posx>420</posx>
					<width>30</width>
					<height>30</height>
					<onleft>78</onleft>
					<onright>80</onright>
					<onup>72</onup>
					<ondown>400</ondown>
					<texturenofocus border="2">-</texturenofocus>
					<texturefocus border="2">bg/green.png</texturefocus>
					<align>center</align>
					<aligny>center</aligny>
					<font>font13</font>
					<textcolor>white</textcolor>
					<focusedcolor>white</focusedcolor>
				</control>
				<control type="button" id="80">			<!-- Letter.P -->
					<posy>0</posy>
					<posx>450</posx>
					<width>30</width>
					<height>30</height>
					<onleft>79</onleft>
					<onright>81</onright>
					<onup>73</onup>
					<ondown>400</ondown>
					<texturenofocus border="2">-</texturenofocus>
					<texturefocus border="2">bg/green.png</texturefocus>
					<align>center</align>
					<aligny>center</aligny>
					<font>font13</font>
					<textcolor>white</textcolor>
					<focusedcolor>white</focusedcolor>
				</control>
				<control type="button" id="81">			<!-- Letter.Q -->
					<posy>0</posy>
					<posx>480</posx>
					<width>30</width>
					<height>30</height>
					<onleft>80</onleft>
					<onright>82</onright>
					<onup>74</onup>
					<ondown>400</ondown>
					<texturenofocus border="2">-</texturenofocus>
					<texturefocus border="2">bg/green.png</texturefocus>
					<align>center</align>
					<aligny>center</aligny>
					<font>font13</font>
					<textcolor>white</textcolor>
					<focusedcolor>white</focusedcolor>
				</control>
				<control type="button" id="82">			<!-- Letter.R -->
					<posy>0</posy>
					<posx>510</posx>
					<width>30</width>
					<height>30</height>
					<onleft>81</onleft>
					<onright>83</onright>
					<onup>75</onup>
					<ondown>400</ondown>
					<texturenofocus border="2">-</texturenofocus>
					<texturefocus border="2">bg/green.png</texturefocus>
					<align>center</align>
					<aligny>center</aligny>
					<font>font13</font>
					<textcolor>white</textcolor>
					<focusedcolor>white</focusedcolor>
				</control>
				<control type="button" id="83">			<!-- Letter.S -->
					<posy>0</posy>
					<posx>540</posx>
					<width>30</width>>
					<height>30</height>
					<onleft>82</onleft>
					<onright>84</onright>
					<onup>76</onup>
					<ondown>400</ondown>
					<texturenofocus border="2">-</texturenofocus>
					<texturefocus border="2">bg/green.png</texturefocus>
					<align>center</align>
					<aligny>center</aligny>
					<font>font13</font>
					<textcolor>white</textcolor>
					<focusedcolor>white</focusedcolor>
				</control>
				<control type="button" id="84">			<!-- Letter.T -->
					<posy>0</posy>
					<posx>570</posx>
					<width>30</width>
					<height>30</height>
					<onleft>83</onleft>
					<onright>85</onright>
					<onup>77</onup>
					<ondown>400</ondown>
					<texturenofocus border="2">-</texturenofocus>
					<texturefocus border="2">bg/green.png</texturefocus>
					<align>center</align>
					<aligny>center</aligny>
					<font>font13</font>
					<textcolor>white</textcolor>
					<focusedcolor>white</focusedcolor>
				</control>			
				<control type="button" id="85">			<!-- Letter.U -->
					<posy>0</posy>
					<posx>600</posx>
					<width>30</width>
					<height>30</height>
					<onleft>84</onleft>
					<onright>86</onright>
					<onup>78</onup>
					<ondown>400</ondown>
					<texturenofocus border="2">-</texturenofocus>
					<texturefocus border="2">bg/green.png</texturefocus>
					<align>center</align>
					<aligny>center</aligny>
					<font>font13</font>
					<textcolor>white</textcolor>
					<focusedcolor>white</focusedcolor>
				</control>
				<control type="button" id="86">			<!-- Letter.V -->
					<posy>0</posy>
					<posx>630</posx>
					<width>30</width>
					<height>30</height>
					<onleft>85</onleft>
					<onright>87</onright>
					<onup>79</onup>
					<ondown>400</ondown>
					<texturenofocus border="2">-</texturenofocus>
					<texturefocus border="2">bg/green.png</texturefocus>
					<align>center</align>
					<aligny>center</aligny>
					<font>font13</font>
					<textcolor>white</textcolor>
					<focusedcolor>white</focusedcolor>
				</control>
				<control type="button" id="87">			<!-- Letter.W -->
					<posy>0</posy>
					<posx>660</posx>
					<width>30</width>
					<height>30</height>
					<onleft>86</onleft>
					<onright>88</onright>
					<onup>80</onup>
					<ondown>400</ondown>
					<texturenofocus border="2">-</texturenofocus>
					<texturefocus border="2">bg/green.png</texturefocus>
					<align>center</align>
					<aligny>center</aligny>
					<font>font13</font>
					<textcolor>white</textcolor>
					<focusedcolor>white</focusedcolor>
				</control>
				<control type="button" id="88">			<!-- Letter.X -->
					<posy>0</posy>
					<posx>690</posx>
					<width>30</width>
					<height>30</height>
					<onleft>87</onleft>
					<onright>89</onright>
					<onup>81</onup>
					<ondown>400</ondown>
					<texturenofocus border="2">-</texturenofocus>
					<texturefocus border="2">bg/green.png</texturefocus>
					<align>center</align>
					<aligny>center</aligny>
					<font>font13</font>
					<textcolor>white</textcolor>
					<focusedcolor>white</focusedcolor>
				</control>			
				<control type="button" id="89">			<!-- Letter.Y -->
					<posy>0</posy>
					<posx>720</posx>
					<width>30</width>
					<height>30</height>
					<onleft>88</onleft>
					<onright>90</onright>
					<onup>82</onup>
					<ondown>400</ondown>
					<texturenofocus border="2">-</texturenofocus>
					<texturefocus border="2">bg/green.png</texturefocus>
					<align>center</align>
					<aligny>center</aligny>
					<font>font13</font>
					<textcolor>white</textcolor>
					<focusedcolor>white</focusedcolor>
				</control>
				<control type="button" id="90">			<!-- Letter.Z -->
					<posy>0</posy>
					<posx>750</posx>
					<width>30</width>
					<height>30</height>
					<onleft>89</onleft>
					<onright>48</onright>
					<onup>83</onup>
					<ondown>400</ondown>
					<texturenofocus border="2">-</texturenofocus>
					<texturefocus border="2">bg/green.png</texturefocus>
					<align>center</align>
					<aligny>center</aligny>
					<font>font13</font>
					<textcolor>white</textcolor>
					<focusedcolor>white</focusedcolor>
				</control>

			</control>
			<control type="group">					<!-- control.group.numbers -->
				<posy>120</posy>
				<posx>490</posx>
				
				<control type="button" id="48">			<!-- Number.0 -->
					<posy>0</posy>
					<posx>0</posx>
					<width>30</width>
					<height>30</height>
					<onleft>-</onleft>
					<onright>49</onright>
					<onup>56</onup>
					<ondown>73</ondown>
					<texturenofocus border="2">-</texturenofocus>
					<texturefocus border="2">bg/green.png</texturefocus>
					<align>center</align>
					<aligny>center</aligny>
					<font>font13</font>
					<textcolor>white</textcolor>
					<focusedcolor>white</focusedcolor>
				</control>
				<control type="button" id="49">			<!-- Number.1 -->
					<posy>0</posy>
					<posx>30</posx>
					<width>30</width>
					<height>30</height>
					<onleft>48</onleft>
					<onright>50</onright>
					<onup>32</onup>
					<ondown>74</ondown>
					<texturenofocus border="2">-</texturenofocus>
					<texturefocus border="2">bg/green.png</texturefocus>
					<align>center</align>
					<aligny>center</aligny>
					<font>font13</font>
					<textcolor>white</textcolor>
					<focusedcolor>white</focusedcolor>
				</control>		
				<control type="button" id="50">			<!-- Number.2 -->
					<posy>0</posy>
					<posx>60</posx>
					<width>30</width>
					<height>30</height>
					<onleft>49</onleft>
					<onright>51</onright>
					<onup>32</onup>
					<ondown>75</ondown>
					<texturenofocus border="2">-</texturenofocus>
					<texturefocus border="2">bg/green.png</texturefocus>
					<align>center</align>
					<aligny>center</aligny>
					<font>font13</font>
					<textcolor>white</textcolor>
					<focusedcolor>white</focusedcolor>
				</control>				
				<control type="button" id="51">			<!-- Number.3 -->
					<posy>0</posy>
					<posx>90</posx>
					<width>30</width>
					<height>30</height>
					<onleft>50</onleft>
					<onright>52</onright>
					<onup>32</onup>
					<ondown>76</ondown>
					<texturenofocus border="2">-</texturenofocus>
					<texturefocus border="2">bg/green.png</texturefocus>
					<align>center</align>
					<aligny>center</aligny>
					<font>font13</font>
					<textcolor>white</textcolor>
					<focusedcolor>white</focusedcolor>
				</control>
				<control type="button" id="52">			<!-- Number.4 -->
					<posy>0</posy>
					<posx>120</posx>
					<width>30</width>
					<height>30</height>
					<onleft>51</onleft>
					<onright>53</onright>
					<onup>49</onup>
					<ondown>77</ondown>
					<texturenofocus border="2">-</texturenofocus>
					<texturefocus border="2">bg/green.png</texturefocus>
					<align>center</align>
					<aligny>center</aligny>
					<font>font13</font>
					<textcolor>white</textcolor>
					<focusedcolor>white</focusedcolor>
				</control>
				<control type="button" id="53">			<!-- Number.5 -->
					<posy>0</posy>
					<posx>150</posx>
					<width>30</width>
					<height>30</height>
					<onleft>52</onleft>
					<onright>54</onright>
					<onup>50</onup>
					<ondown>78</ondown>
					<texturenofocus border="2">-</texturenofocus>
					<texturefocus border="2">bg/green.png</texturefocus>
					<align>center</align>
					<aligny>center</aligny>
					<font>font13</font>
					<textcolor>white</textcolor>
					<focusedcolor>white</focusedcolor>
				</control>
				<control type="button" id="54">			<!-- Number.6 -->
					<posy>0</posy>
					<posx>180</posx>
					<width>30</width>
					<height>30</height>
					<onleft>53</onleft>
					<onright>55</onright>
					<onup>51</onup>
					<ondown>79</ondown>
					<texturenofocus border="2">-</texturenofocus>
					<texturefocus border="2">bg/green.png</texturefocus>
					<align>center</align>
					<aligny>center</aligny>
					<font>font13</font>
					<textcolor>white</textcolor>
					<focusedcolor>white</focusedcolor>
				</control>	
				<control type="button" id="55">			<!-- Number.7 -->
					<posy>0</posy>
					<posx>210</posx>
					<width>30</width>
					<height>30</height>
					<onleft>54</onleft>
					<onright>56</onright>
					<onup>52</onup>
					<ondown>80</ondown>
					<texturenofocus border="2">-</texturenofocus>
					<texturefocus border="2">bg/green.png</texturefocus>
					<align>center</align>
					<aligny>center</aligny>
					<font>font13</font>
					<textcolor>white</textcolor>
					<focusedcolor>white</focusedcolor>
				</control>
				<control type="button" id="56">			<!-- Number.8 -->
					<posy>0</posy>
					<posx>240</posx>
					<width>30</width>
					<height>30</height>
					<onleft>55</onleft>
					<onright>57</onright>
					<onup>53</onup>
					<ondown>81</ondown>
					<texturenofocus border="2">-</texturenofocus>
					<texturefocus border="2">bg/green.png</texturefocus>
					<align>center</align>
					<aligny>center</aligny>
					<font>font13</font>
					<textcolor>white</textcolor>
					<focusedcolor>white</focusedcolor>
				</control>
				<control type="button" id="57">			<!-- Number.9 -->
					<posy>0</posy>
					<posx>270</posx>
					<width>30</width>
					<height>30</height>
					<onleft>56</onleft>
					<onright>-</onright>
					<onup>-</onup>
					<ondown>82</ondown>
					<texturenofocus border="2">-</texturenofocus>
					<texturefocus border="2">bg/green.png</texturefocus>
					<align>center</align>
					<aligny>center</aligny>
					<font>font13</font>
					<textcolor>white</textcolor>
					<focusedcolor>white</focusedcolor>
				</control>
			
			</control>
			<control type="group" id="400">			<!-- control.group.actions -->
				<posy>256</posy>
				<posx>318</posx>
				<width>644</width>
				<height>318</height>
				<onup>8004</onup>		<!-- focus on the y button -->
				<ondown>8004</ondown>	<!-- focus on the y button -->
				
				<animation type="WindowOpen" reversible="false">
					<effect type="zoom" start="30" end="100" center="auto" easing="out" tween="back" time="500" />
					<effect type="fade" start="0" end="100" time="300" />
				</animation>
				<animation type="WindowClose" reversible="false">
					<effect type="zoom" start="100" end="30" center="auto" easing="in" tween="back" time="500" />
					<effect type="fade" start="100" end="0" time="300" />
				</animation>		
					
					<control type="button" id="305">			<!-- left trigger -->
						<posy>0</posy>
						<posx>0</posx>
						<width>155</width>
						<height>102</height>
						<texturefocus>icons/keyboard/lt.fo.png</texturefocus>
						<texturenofocus>icons/keyboard/lt.png</texturenofocus>						
						<label>Move Left</label>
						<font>font12</font>
						<aligny>top</aligny>
						<onleft>-</onleft>
						<onright>32</onright>
						<onup>401</onup>
						<ondown>303</ondown>
					</control>
					<control type="button" id="32">				<!-- space -->
						<posy>0</posy>
						<posx>158</posx>
						<width>155</width>
						<height>102</height>
						<texturefocus>icons/keyboard/space.fo.png</texturefocus>
						<texturenofocus>icons/keyboard/space.png</texturenofocus>						
						<label>Space</label>
						<font>font12</font>
						<aligny>top</aligny>
						<onleft>305</onleft>
						<onright>8</onright>
						<onup>401</onup>
						<ondown>304</ondown>
					</control>
					<control type="button" id="8">				<!-- backspace -->
						<posy>0</posy>
						<posx>316</posx>
						<width>155</width>
						<height>102</height>
						<texturefocus>icons/keyboard/backspace.fo.png</texturefocus>
						<texturenofocus>icons/keyboard/backspace.png</texturenofocus>						
						<label>Backspace</label>
						<font>font12</font>
						<aligny>top</aligny>
						<onleft>32</onleft>
						<onright>306</onright>
						<onup>401</onup>
						<ondown>307</ondown>
					</control>								
					<control type="button" id="306">			<!-- right trigger -->
						<posy>0</posy>
						<posx>474</posx>
						<width>155</width>
						<height>102</height>
						<texturefocus>icons/keyboard/rt.fo.png</texturefocus>
						<texturenofocus>icons/keyboard/rt.png</texturenofocus>						
						<label>Move Right</label>
						<font>font12</font>
						<aligny>top</aligny>
						<onleft>8</onleft>
						<onright>-</onright>
						<onup>401</onup>
						<ondown>300</ondown>
					</control>				
					<control type="radiobutton" id="303">		<!-- caps lock -->
						<posy>105</posy>
						<posx>0</posx>
						<width>155</width>
						<height>102</height>
						<label>20179</label>
						<font>font12</font>
						<aligny>top</aligny>
						<texturefocus>icons/keyboard/caps.lock.fo.png</texturefocus>
						<texturenofocus>icons/keyboard/caps.lock.png</texturenofocus>						
						<onclick>-</onclick>
						<selected>-</selected>
						<onleft>-</onleft>
						<onright>304</onright>
						<onup>305</onup>
						<ondown>302</ondown>
					</control>
					<control type="radiobutton" id="304">		<!-- symbols -->
						<posy>105</posy>
						<posx>158</posx>
						<width>155</width>
						<height>102</height>
						<label>20180</label>
						<font>font12</font>
						<aligny>top</aligny>
						<texturefocus>icons/keyboard/symbols.fo.png</texturefocus>
						<texturenofocus>icons/keyboard/symbols.png</texturenofocus>						
						<onclick>-</onclick>
						<selected>-</selected>
						<onleft>303</onleft>
						<onright>307</onright>
						<onup>32</onup>
						<ondown>302</ondown>
					</control>
					<control type="button" id="307">			<!-- ip address -->
						<posy>105</posy>
						<posx>316</posx>
						<width>155</width>
						<height>102</height>
						<texturefocus>icons/keyboard/ip.fo.png</texturefocus>
						<texturenofocus>icons/keyboard/ip.png</texturenofocus>						
						<label>1006</label>
						<font>font12</font>
						<aligny>top</aligny>
						<onleft>304</onleft>
						<onright>300</onright>
						<onup>8</onup>
						<ondown>302</ondown>
					</control>
					<control type="button" id="300">			<!-- done -->
						<posy>105</posy>
						<posx>474</posx>
						<width>155</width>
						<height>102</height>
						<texturefocus>icons/keyboard/done.fo.png</texturefocus>
						<texturenofocus>icons/keyboard/done.png</texturenofocus>						
						<label>20177</label>
						<font>font12</font>
						<aligny>top</aligny>
						<onleft>307</onleft>
						<onright>-</onright>
						<onup>306</onup>
						<ondown>302</ondown>
					</control>
									
					<control type="image">						<!-- section.shadow -->
						<posy>256</posy>
						<posx>-4</posx>
						<width>644</width>
						<height>32</height>
						<texture>common/dropshadow.png</texture>
					</control>
									
			</control>			
			
		</control>
	
		<!-- group.controller.buttons (a, b, y) -->
		<control type="group" id="18">
			<posy>660</posy>
			<posx>124</posx>
			<!--only visible if current window is active  -->
			<visible>Container.hasFocus(12)</visible>

			<include>Animation.Window.OpenClose.Fade</include>
			
			<!-- group.button.(A) -->
			<control type="group">
				<posx>10</posx>
					<control type="button">
						<posy>0</posy>
						<posx>0</posx>
						<width>40</width>
						<height>40</height>
						<label>-</label>
						<font>-</font>
						<aligny>-</aligny>
						<onclick>-</onclick>
						<texturefocus>common/controller.buttons/a-fo.png</texturefocus>
						<texturenofocus>common/controller.buttons/a.png</texturenofocus>
						<onleft>-</onleft>
						<onright>20</onright>
						<onup>51</onup>
						<ondown>300</ondown>
					</control>
					<control type="label">
						<posy>0</posy>
						<posx>40</posx>
						<width>580</width>
						<height>35</height>
						<font>font12bold</font>
						<textcolor>white</textcolor>
						<align>left</align>
						<aligny>center</aligny>
						<label>Select</label>
					</control>
			</control>

			<!-- group.button.(b) -->
			<control type="group">	
				<posx>110</posx>
					<control type="button">
						<posy>0</posy>
						<posx>0</posx>
						<width>40</width>
						<height>40</height>
						<label>-</label>
						<font>-</font>
						<aligny>-</aligny>
						<onclick>-</onclick>
						<texturefocus>common/controller.buttons/b-fo.png</texturefocus>
						<texturenofocus>common/controller.buttons/b.png</texturenofocus>
						<onleft>19</onleft>
						<onright>21</onright>
						<onup>51</onup>
						<ondown>300</ondown>
					</control>
					<control type="label">
						<posy>0</posy>
						<posx>40</posx>
						<width>580</width>
						<height>35</height>
						<font>font12bold</font>
						<textcolor>white</textcolor>
						<align>left</align>
						<aligny>center</aligny>
						<label>Back</label>
					</control>
			</control>

			<!-- group.button.(y) -->
			<control type="group">	
				<posx>198</posx>
				<control type="button" id="302">
					<posy>0</posy>
					<posx>0</posx>
					<width>40</width>
					<height>40</height>
					<label>-</label>
					<font>-</font>
					<aligny>-</aligny>
					<onclick>-</onclick>
					<texturefocus>common/controller.buttons/y-fo.png</texturefocus>
					<texturenofocus>common/controller.buttons/y.png</texturenofocus>
					<onleft>19</onleft>
					<onright>21</onright>
					<onup>51</onup>
					<ondown>300</ondown>
				</control>
				<control type="label">
					<posy>0</posy>
					<posx>40</posx>
					<width>580</width>
					<height>35</height>
					<font>font12bold</font>
					<textcolor>white</textcolor>
					<align>left</align>
					<aligny>center</aligny>
					<label>Shift</label>
				</control>
			</control>
			
		</control>
		
		<include>NXE.Console.Logo</include>
		
	</controls>

</window>