<window id="136">
	<animation effect="fade" time="100">WindowOpen</animation>
	<animation effect="fade" time="200">WindowClose</animation>
	<controls>
	
		<!-- control.image.background -->
		<control type="image">
			<posx>0</posx>
			<posy>0</posy>
			<width>1280</width>
			<height>720</height>
			<texture>backgrounds/background.png</texture>
			<aspectration>stretch</aspectration>
			<visible>false</visible>
		</control>
		
		<!-- control.multiimage.busy.animation -->
		<control type="multiimage">
			<posy>227</posy>
			<posx>557</posx>
			<width>128</width>
			<height>128</height>
			<imagepath>dialogs\dialog.busy</imagepath>
			<timeperimage>50</timeperimage>
			<fadetime>0</fadetime>
			<aspectratio>keep</aspectratio>
		</control>
		
	</controls>

	</window>
