<window id="126">
	<defaultcontrol always="true">450</defaultcontrol>
	<allowoverlay>no</allowoverlay>
	<coordinates>
		<system>1</system>
		<posx>0</posx>
		<posy>0</posy>
	</coordinates>
	<controls>
		<control type="image">			<!-- window.background -->
			<posx>0</posx>
			<posy>0</posy>
			<width>1280</width>
			<height>720</height>
			<texture background="false">bg/window.transparency.png</texture>
			<aspectration>stretch</aspectration>
		</control>	
		<control type="label" id="411">			<!-- header -->
			<posy>48</posy>
			<posx>140</posx>
			<width>630</width>
			<height>30</height>
			<font>font16caps</font>
			<label>1023</label>
			<align>left</align>
			<aligny>center</aligny>
			<textcolor>white</textcolor>
			<shadowcolor>black</shadowcolor>
		</control>
		<control type="label" id="412">			<!-- path -->
			<posy>72</posy>
			<posx>140</posx>
			<width>630</width>
			<height>30</height>
			<font>font13bold</font>
			<haspath>true</haspath>
			<align>left</align>
			<textcolor>white</textcolor>
		</control>		
		
		<control type="group">
			<posy>109</posy>
			<posx>192</posx>
			
			<animation type="WindowOpen" reversible="false">
				<effect type="zoom" start="60" end="100" center="640,360" easing="out" tween="back" time="300" />
				<effect type="fade" start="0" end="100" time="300" />
			</animation>
			<animation type="WindowClose" reversible="false">
				<effect type="zoom" start="100" end="80" center="640,360" easing="in" tween="back" time="300" />
				<effect type="fade" start="100" end="0" time="300" />
			</animation>
							
			<control type="image">				<!-- panel.background -->
				<posy>0</posy>
				<posx>0</posx>
				<width>892</width>
				<height>488</height>
				<texture>showcase/panel.png</texture>
				<aspectration>stretch</aspectration>
			</control>
			<control type="panel" id="450">
				<posy>44</posy>
				<posx>0</posx>
				<width>442</width>
				<height>401</height>
				<onleft>9000</onleft>
				<onright>9000</onright>
				<onup>450</onup>
				<ondown>450</ondown>
				<pagecontrol>60</pagecontrol>
				<scrolltime>200</scrolltime>
				
				<itemlayout height="40" width="640">
					<control type="image">
						<posx>0</posx>
						<posy>0</posy>
						<width>640</width>
						<height>41</height>
						<texture>common/buttons/button-nofocus.png</texture>
					</control>
					<control type="image">
						<posx>10</posx>
						<posy>2</posy>
						<width>38</width>
						<height>38</height>
						<texture>$INFO[ListItem.Icon]</texture>
					</control>
					<control type="label">
						<posx>55</posx>
						<posy>0</posy>
						<width>580</width>
						<height>40</height>
						<font>font13</font>
						<align>left</align>
						<aligny>center</aligny>
						<textcolor>black</textcolor>
						<selectedcolor>green</selectedcolor>
						<info>ListItem.Label</info>
					</control>
				</itemlayout>
				
				<focusedlayout height="40" width="640">
					<control type="image">
						<posx>0</posx>
						<posy>0</posy>
						<width>640</width>
						<height>40</height>
						<visible>!Control.HasFocus(450)</visible>
						<texture>common/buttons/button-selected.png</texture>
					</control>
					<control type="image">
						<posx>0</posx>
						<posy>0</posy>
						<width>640</width>
						<height>40</height>
						<visible>Control.HasFocus(450)</visible>
						<texture>common/buttons/button-focus.png</texture>
					</control>
					<control type="image">
						<posx>10</posx>
						<posy>2</posy>
						<width>38</width>
						<height>38</height>
						<texture>$INFO[ListItem.Icon]</texture>
					</control>
					<control type="label">
						<posy>0</posy>
						<posx>55</posx>
						<width>580</width>
						<height>40</height>
						<font>font13</font>
						<align>left</align>
						<aligny>center</aligny>
						<textcolor>white</textcolor>
						<selectedcolor>green</selectedcolor>
						<info>ListItem.Label</info>
					</control>
				</focusedlayout>
			
			</control>

			<control type="image">				<!-- ListItem.Icon -->
				<posy>0</posy>
				<posx>442</posx>
				<width>450</width>
				<height>254</height>
				<aspectratio>keep</aspectratio>
				<texture background="true">$INFO[ListItem.Icon]</texture>
				<fadetime>200</fadetime>
			</control>
				
			<control type="group">

			<control type="grouplist" id="9000">
				<posy>256</posy>
				<posx>443</posx>
				<width>443</width>
				<height>225</height>
				<itemgap>-1</itemgap>
				<orientation>vertical</orientation>
				<onleft>450</onleft>
				<onright>450</onright>
				<onup>9000</onup>
				<ondown>9000</ondown>
				
				<control type="button" id="413">			<!-- ok.button -->
					<height>52</height>
					<width>450</width>
					<align>left</align>
					<texturenofocus>common/buttons/button-nofocus.png</texturenofocus>
					<texturefocus>common/buttons/button-focus.png</texturefocus>
					<label>186</label>
				</control>
				<control type="button" id="414">			<!-- cancel.button -->
					<height>40</height>
					<width>450</width>
					<align>left</align>
					<texturenofocus>common/buttons/button-nofocus.png</texturenofocus>
					<texturefocus>common/buttons/button-focus.png</texturefocus>
					<label>222</label>
				</control>
				<control type="button" id="415">			<!-- create.folder.button -->
					<height>40</height>
					<width>450</width>
					<align>left</align>
					<texturenofocus>common/buttons/button-nofocus.png</texturenofocus>
					<texturefocus>common/buttons/button-focus.png</texturefocus>
					<label>119</label>
				</control>
				<control type="radiobutton" id="416">		<!-- flip.image.button -->
					<height>40</height>
					<width>450</width>
					<align>left</align>
					<texturenofocus>common/buttons/button-nofocus.png</texturenofocus>
					<texturefocus>common/buttons/button-focus.png</texturefocus>
					<label>749</label>
				</control>
			
			</control>		
	
		</control>
		
		<control type="group">
			<posx>580</posx>
			<visible>false</visible>

				<control type="panel" id="451">
					<posx>20</posx>
					<posy>120</posy>
					<width>640</width>
					<height>321</height>
					<onleft>9000</onleft>
					<onright>60</onright>
					<onup>451</onup>
					<ondown>451</ondown>
					<pagecontrol>60</pagecontrol>
					<scrolltime>200</scrolltime>
					<itemlayout height="40" width="640">
						<control type="image">
							<posx>0</posx>
							<posy>0</posy>
							<width>640</width>
							<height>41</height>
							<texture border="5">MenuItemNF.png</texture>
						</control>
						<control type="image">
							<posx>10</posx>
							<posy>2</posy>
							<width>38</width>
							<height>38</height>
							<texture>$INFO[ListItem.Icon]</texture>
						</control>
						<control type="label">
							<posx>55</posx>
							<posy>0</posy>
							<width>580</width>
							<height>40</height>
							<font>font13</font>
							<align>left</align>
							<aligny>center</aligny>
							<selectedcolor>green</selectedcolor>
							<info>ListItem.Label</info>
						</control>
					</itemlayout>
					<focusedlayout height="40" width="640">
						<control type="image">
							<posx>0</posx>
							<posy>0</posy>
							<width>640</width>
							<height>41</height>
							<visible>!Control.HasFocus(451)</visible>
							<texture border="5">MenuItemNF.png</texture>
						</control>
						<control type="image">
							<posx>0</posx>
							<posy>0</posy>
							<width>640</width>
							<height>41</height>
							<visible>Control.HasFocus(451)</visible>
							<texture border="5">MenuItemFO.png</texture>
						</control>
						<control type="image">
							<posx>10</posx>
							<posy>2</posy>
							<width>38</width>
							<height>38</height>
							<texture>$INFO[ListItem.Icon]</texture>
						</control>
						<control type="label">
							<posx>55</posx>
							<posy>0</posy>
							<width>580</width>
							<height>40</height>
							<font>font13</font>
							<align>left</align>
							<aligny>center</aligny>
							<selectedcolor>green</selectedcolor>
							<info>ListItem.Label</info>
						</control>
					</focusedlayout>
				</control>

				<control type="scrollbar" id="60">
					<posx>650</posx>
					<posy>120</posy>
					<width>25</width>
					<height>320</height>
					<texturesliderbackground border="0,14,0,14">ScrollBarV.png</texturesliderbackground>
					<texturesliderbar border="0,14,0,14">ScrollBarV_bar.png</texturesliderbar>
					<texturesliderbarfocus border="0,14,0,14">ScrollBarV_bar_focus.png</texturesliderbarfocus>
					<textureslidernib>ScrollBarNib.png</textureslidernib>
					<textureslidernibfocus>ScrollBarNib.png</textureslidernibfocus>
					<onleft>450</onleft>
					<onright>450</onright>
					<showonepage>false</showonepage>
					<orientation>vertical</orientation>
				</control>
				<control type="label">
					<description>Page label</description>
					<posx>660</posx>
					<posy>680</posy>
					<width>560</width>
					<height>30</height>
					<align>right</align>
					<aligny>center</aligny>
					<textcolor>blue</textcolor>
					<font>font12caps</font>
					<label>($INFO[Container(450).NumItems]) $LOCALIZE[31025] - $LOCALIZE[31024] ($INFO[Container(450).CurrentPage]/$INFO[Container(450).NumPages])</label>
					<visible>!Control.IsVisible(451)</visible>
				</control>
				<control type="label">
					<description>Page label</description>
					<posx>660</posx>
					<posy>680</posy>
					<width>560</width>
					<height>30</height>
					<align>right</align>
					<aligny>center</aligny>
					<textcolor>blue</textcolor>
					<font>font12caps</font>
					<label>($INFO[Container(451).NumItems]) $LOCALIZE[31025] - $LOCALIZE[31024] ($INFO[Container(451).CurrentPage]/$INFO[Container(451).NumPages])</label>
					<visible>Control.IsVisible(451)</visible>
				</control>
			</control>
		</control>

	</controls>

</window>