<fonts>
	<fontset id="Default" unicode="true">
	 	<font>
			<name>font10</name>
			<filename>Default.ttf</filename>
			<size>12</size>
		</font>
	 	<font>
			<name>font10bold</name>
			<filename>Default.ttf</filename>
			<size>12</size>
			<style>bold</style>
		</font>
	 	<font>
			<name>font11</name>
			<filename>Default.ttf</filename>
			<size>14</size>
		</font>
	 	<font>
			<name>font11bold</name>
			<filename>Default.ttf</filename>
			<size>14</size>
			<style>bold</style>
		</font>
	 	<font>
			<name>font10caps</name>
			<filename>DefaultCaps.ttf</filename>
			<size>12</size>
		</font>
	 	<font>
			<name>font10boldcaps</name>
			<filename>DefaultCaps.ttf</filename>
			<size>12</size>
			<style>bold</style>
		</font>
	 	<font>
			<name>font12</name>
			<filename>Default.ttf</filename>
			<size>16</size>
		</font>
	 	<font>
			<name>font12bold</name>
			<filename>Default.ttf</filename>
			<size>16</size>
			<style>bold</style>
		</font>
	 	<font>		<!-- font.10 -->
			<name>font.10</name>
			<filename>Default.ttf</filename>
			<size>14</size>
		</font>
	 	<font>		<!-- font.10.bold -->
			<name>font.10.bold</name>
			<filename>Default.ttf</filename>
			<size>14</size>
			<style>bold</style>
		</font>	 	
		<font>		<!-- font.11 -->
			<name>font.11</name>
			<filename>Default.ttf</filename>
			<size>15</size>
		</font>
	 	<font>		<!-- font.11.bold -->
			<name>font.11.bold</name>
			<filename>Default.ttf</filename>
			<size>15</size>
			<style>bold</style>
		</font>
	 	<font>		<!-- font.12 -->
			<name>font.12</name>
			<filename>Default.ttf</filename>
			<size>16</size>
		</font>
	 	<font>		<!-- font.12.bold -->
			<name>font.12.bold</name>
			<filename>Default.ttf</filename>
			<size>16</size>
			<style>bold</style>
		</font>
	 	<font>
			<name>font12caps</name>
			<filename>DefaultCaps.ttf</filename>
			<size>16</size>
		</font>
	 	<font>
			<name>font12boldcaps</name>
			<filename>DefaultCaps.ttf</filename>
			<size>16</size>
			<style>bold</style>
		</font>
	 	<font>
			<name>font13</name>
			<filename>Default.ttf</filename>
			<size>17</size>
		</font>
	 	<font>
			<name>font13bold</name>
			<filename>Default.ttf</filename>
			<size>17</size>
			<style>bold</style>
		</font>
	 	<font>		<!-- font.13 -->
			<name>font.13</name>
			<filename>Default.ttf</filename>
			<size>17</size>
		</font>	 	
		<font>		<!-- font.13.bold -->
			<name>font.13.bold</name>
			<filename>Default.ttf</filename>
			<size>17</size>
			<style>bold</style>
		</font>
	 	<font>
			<name>font13caps</name>
			<filename>DefaultCaps.ttf</filename>
			<size>17</size>
		</font>
	 	<font>
			<name>font14bold</name>
			<filename>Default.ttf</filename>
			<size>18</size>
		</font>
	 	<font>		<!-- font.14 -->
			<name>font.14</name>
			<filename>Default.ttf</filename>
			<size>18</size>
		</font>	 	
		<font>		<!-- font.14.bold -->
			<name>font.14.bold</name>
			<filename>Default.ttf</filename>
			<size>18</size>
			<style>bold</style>
		</font>
	 	<font>		<!-- font.15 -->
			<name>font.15</name>
			<filename>Default.ttf</filename>
			<size>19</size>
		</font>
	 	<font>		<!-- font.15.bold -->
			<name>font.15.bold</name>
			<filename>Default.ttf</filename>
			<size>19</size>
			<style>bold</style>
		</font>
	 	<font>		<!-- font.16 -->
			<name>font.16</name>
			<filename>Default.ttf</filename>
			<size>20</size>
		</font>
	 	<font>		<!-- font.16.bold -->
			<name>font.16.bold</name>
			<filename>Default.ttf</filename>
			<size>20</size>
			<style>bold</style>
		</font>
	 	<font>		<!-- font.18 -->
			<name>font.18</name>
			<filename>Default.ttf</filename>
			<size>22</size>
		</font>
	 	<font>		<!-- font.18.bold -->
			<name>font.18.bold</name>
			<filename>Default.ttf</filename>
			<size>22</size>
			<style>bold</style>
		</font>
	 	<font>		<!-- font.20 -->
			<name>font.20</name>
			<filename>Default.ttf</filename>
			<size>24</size>
		</font>
	 	<font>		<!-- font.20.bold -->
			<name>font.20.bold</name>
			<filename>Default.ttf</filename>
			<size>24</size>
			<style>bold</style>
		</font>
	 	<font>		<!-- font.22 -->
			<name>font.22</name>
			<filename>Default.ttf</filename>
			<size>26</size>
		</font>
	 	<font>		<!-- font.22.bold -->
			<name>font.22.bold</name>
			<filename>Default.ttf</filename>
			<size>26</size>
			<style>bold</style>
		</font>
	 	<font>		<!-- font.24 -->
			<name>font.24</name>
			<filename>Default.ttf</filename>
			<size>28</size>
		</font>
	 	<font>		<!-- font.24.bold -->
			<name>font.24.bold</name>
			<filename>Default.ttf</filename>
			<size>24</size>
			<style>bold</style>
		</font>
	 	<font>		<!-- font.26 -->
			<name>font.26</name>
			<filename>Default.ttf</filename>
			<size>30</size>
		</font>
	 	<font>		<!-- font.26.bold -->
			<name>font.26.bold</name>
			<filename>Default.ttf</filename>
			<size>30</size>
			<style>bold</style>
		</font>
	 	<font>
			<name>font14boldcaps</name>
			<filename>DefaultCaps.ttf</filename>
			<size>18</size>
			<style>bold</style>
		</font>
	 	<font>
			<name>font16</name>
			<filename>Default.ttf</filename>
			<size>20</size>
		</font>
	 	<font>
			<name>font16bold</name>
			<filename>Default.ttf</filename>
			<size>20</size>
			<style>bold</style>
		</font>
	 	<font>
			<name>font16caps</name>
			<filename>DefaultCaps.ttf</filename>
			<size>20</size>
		</font>
	 	<font>
			<name>font18bold</name>
			<filename>Default.ttf</filename>
			<size>22</size>
			<style>bold</style>
		</font>
	 	<font>
			<name>font.20.bold</name>
			<filename>Default.ttf</filename>
			<size>24</size>
			<style>bold</style>
		</font>
	 	<font>
			<name>font.30</name>
			<filename>Default.ttf</filename>
			<size>34</size>
		</font>
	 	<font>
			<name>font.30.bold</name>
			<filename>Default.ttf</filename>
			<size>34</size>
			<style>bold</style>
		</font>
	 	<font>
			<name>font30caps</name>
			<filename>DefaultCaps.ttf</filename>
			<size>34</size>
		</font>
	 	<font>
			<name>fontContextMenu</name>
			<filename>DefaultCaps.ttf</filename>
			<size>18</size>
		</font>
	 	<font>
			<name>font.32.bold</name>
			<filename>Default.ttf</filename>
			<size>36</size>
			<style>bold</style>
		</font>
	 	<font>
			<name>font.36.bold</name>
			<filename>Default.ttf</filename>
			<size>40</size>
			<style>bold</style>
		</font>		
	 	<font>
			<name>font10caps_title</name>
			<filename>TitleCaps.ttf</filename>
			<size>12</size>
		</font>
	 	<font>
			<name>font12caps_title</name>
			<filename>TitleCaps.ttf</filename>
			<size>16</size>
		</font>
	 	<font>
			<name>font13_title</name>
			<filename>Title.ttf</filename>
			<size>20</size>
		</font>
	 	<font>
			<name>font13caps_title</name>
			<filename>TitleCaps.ttf</filename>
			<size>20</size>
		</font>
	 	<font>
			<name>font24caps_title</name>
			<filename>TitleCaps.ttf</filename>
			<size>24</size>
		</font>
	 	<font>
			<name>font28caps_title</name>
			<filename>TitleCaps.ttf</filename>
			<size>28</size>
		</font>
	 	<font>
			<name>font30caps_title</name>
			<filename>TitleCaps.ttf</filename>
			<size>30</size>
		</font>
	 	<font>
			<name>font35caps_title</name>
			<filename>TitleCaps.ttf</filename>
			<size>35</size>
		</font>
	 	<font>
			<name>font45caps_title</name>
			<filename>TitleCaps.ttf</filename>
			<size>45</size>
		</font>
	 	<font>
			<name>font50caps_title</name>
			<filename>TitleCaps.ttf</filename>
			<size>50</size>
		</font>
	 	<font>
			<name>WeatherTemp</name>
			<filename>Title.ttf</filename>
			<size>80</size>
		</font>

		<font>		<!-- font.28 -->
			<name>font.28</name>
			<filename>Default.ttf</filename>
			<size>32</size>
		</font>
	 	<font>		<!-- font.28.bold -->
			<name>font.28.bold</name>
			<filename>Default.ttf</filename>
			<size>32</size>
			<style>bold</style>
		</font>
		<font>		<!-- font.30 -->
			<name>font.30</name>
			<filename>Default.ttf</filename>
			<size>34</size>
		</font>
	 	<font>		<!-- font.30.bold -->
			<name>font.30.bold</name>
			<filename>Default.ttf</filename>
			<size>34</size>
			<style>bold</style>
		</font>
		<font>		<!-- font.34 -->
			<name>font.34</name>
			<filename>Default.ttf</filename>
			<size>38</size>
		</font>
	 	<font>		<!-- font.34.bold -->
			<name>font.34.bold</name>
			<filename>Default.ttf</filename>
			<size>38</size>
			<style>bold</style>
		</font>
		<font>		<!-- font.36 -->
			<name>font.36</name>
			<filename>Default.ttf</filename>
			<size>40</size>
		</font>
	 	<font>		<!-- font.36.bold -->
			<name>font.36.bold</name>
			<filename>Default.ttf</filename>
			<size>40</size>
			<style>bold</style>
		</font>
		<font>		<!-- font.40 -->
			<name>font.40</name>
			<filename>Default.ttf</filename>
			<size>44</size>
		</font>
	 	<font>		<!-- font.40.bold -->
			<name>font.40.bold</name>
			<filename>Default.ttf</filename>
			<size>44</size>
			<style>bold</style>
		</font>		
		<font>		<!-- font.48 -->
			<name>font.48</name>
			<filename>Default.ttf</filename>
			<size>52</size>
		</font>
	 	<font>		<!-- font.48.bold -->
			<name>font.48.bold</name>
			<filename>Default.ttf</filename>
			<size>52</size>
			<style>bold</style>
		</font>
	 	<font>		<!-- font.50 -->
			<name>font.50</name>
			<filename>Default.ttf</filename>
			<size>54</size>
		</font>
	 	<font>		<!-- font.50.bold -->
			<name>font.50.bold</name>
			<filename>Default.ttf</filename>
			<size>52</size>
			<style>bold</style>
		</font>
	</fontset>

	<fontset id="Default_No_Uppercase" unicode="true">
	 	<font>
			<name>font10</name>
			<filename>Default.ttf</filename>
			<size>12</size>
		</font>
	 	<font>
			<name>font10caps</name>
			<filename>Default.ttf</filename>
			<size>12</size>
		</font>
	 	<font>
			<name>font12</name>
			<filename>Default.ttf</filename>
			<size>16</size>
		</font>
	 	<font>
			<name>font12bold</name>
			<filename>Default.ttf</filename>
			<size>16</size>
			<style>bold</style>
		</font>
	 	<font>
			<name>font12caps</name>
			<filename>Default.ttf</filename>
			<size>16</size>
		</font>
	 	<font>
			<name>font12boldcaps</name>
			<filename>Default.ttf</filename>
			<size>16</size>
			<style>bold</style>
		</font>
	 	<font>
			<name>font13</name>
			<filename>Default.ttf</filename>
			<size>20</size>
		</font>
	 	<font>
			<name>font13caps</name>
			<filename>Default.ttf</filename>
			<size>20</size>
		</font>
	 	<font>
			<name>font16caps</name>
			<filename>Default.ttf</filename>
			<size>25</size>
		</font>
	 	<font>
			<name>font30caps</name>
			<filename>Default.ttf</filename>
			<size>30</size>
		</font>
	 	<font>
			<name>fontContextMenu</name>
			<filename>Default.ttf</filename>
			<size>18</size>
		</font>
	 	<font>
			<name>font10caps_title</name>
			<filename>Title.ttf</filename>
			<size>12</size>
		</font>
	 	<font>
			<name>font12caps_title</name>
			<filename>Title.ttf</filename>
			<size>16</size>
		</font>
	 	<font>
			<name>font13_title</name>
			<filename>Title.ttf</filename>
			<size>20</size>
		</font>
	 	<font>
			<name>font13caps_title</name>
			<filename>Title.ttf</filename>
			<size>20</size>
		</font>
	 	<font>
			<name>font24caps_title</name>
			<filename>Title.ttf</filename>
			<size>24</size>
		</font>
	 	<font>
			<name>font28caps_title</name>
			<filename>Title.ttf</filename>
			<size>28</size>
		</font>
	 	<font>
			<name>font30caps_title</name>
			<filename>Title.ttf</filename>
			<size>30</size>
		</font>
	 	<font>
			<name>font35caps_title</name>
			<filename>Title.ttf</filename>
			<size>35</size>
		</font>
	 	<font>
			<name>font45caps_title</name>
			<filename>Title.ttf</filename>
			<size>45</size>
		</font>
	 	<font>
			<name>font50caps_title</name>
			<filename>Title.ttf</filename>
			<size>50</size>
		</font>

	 	<font>
			<name>WeatherTemp</name>
			<filename>Title.ttf</filename>
			<size>80</size>
		</font>
	</fontset>
	<fontset id="Arial" unicode="true">
	 	<font>
			<name>font10</name>
			<filename>Arial.ttf</filename>
			<size>12</size>
		</font>
	 	<font>
			<name>font10caps</name>
			<filename>Arial.ttf</filename>
			<size>12</size>
		</font>
	 	<font>
			<name>font12</name>
			<filename>Arial.ttf</filename>
			<size>16</size>
		</font>
	 	<font>
			<name>font12caps</name>
			<filename>Arial.ttf</filename>
			<size>16</size>
		</font>
	 	<font>
			<name>font12boldcaps</name>
			<filename>Arial.ttf</filename>
			<size>16</size>
			<style>bold</style>
		</font>
	 	<font>
			<name>font13</name>
			<filename>Arial.ttf</filename>
			<size>20</size>
		</font>
	 	<font>
			<name>font13caps</name>
			<filename>Arial.ttf</filename>
			<size>20</size>
		</font>
	 	<font>
			<name>font16caps</name>
			<filename>Arial.ttf</filename>
			<size>25</size>
		</font>
	 	<font>
			<name>font30caps</name>
			<filename>Arial.ttf</filename>
			<size>30</size>
		</font>
	 	<font>
			<name>fontContextMenu</name>
			<filename>Arial.ttf</filename>
			<size>18</size>
		</font>


	 	<font>
			<name>font10caps_title</name>
			<filename>Arial.ttf</filename>
			<size>12</size>
		</font>
	 	<font>
			<name>font12caps_title</name>
			<filename>Arial.ttf</filename>
			<size>16</size>
		</font>
	 	<font>
			<name>font13_title</name>
			<filename>Arial.ttf</filename>
			<size>20</size>
		</font>
	 	<font>
			<name>font13caps_title</name>
			<filename>Arial.ttf</filename>
			<size>20</size>
		</font>
	 	<font>
			<name>font24caps_title</name>
			<filename>Arial.ttf</filename>
			<size>24</size>
		</font>
	 	<font>
			<name>font28caps_title</name>
			<filename>Arial.ttf</filename>
			<size>28</size>
		</font>
	 	<font>
			<name>font30caps_title</name>
			<filename>Arial.ttf</filename>
			<size>30</size>
		</font>
	 	<font>
			<name>font35caps_title</name>
			<filename>Arial.ttf</filename>
			<size>35</size>
		</font>
	 	<font>
			<name>font45caps_title</name>
			<filename>Arial.ttf</filename>
			<size>45</size>
		</font>
	 	<font>
			<name>font50caps_title</name>
			<filename>Arial.ttf</filename>
			<size>50</size>
		</font>

	 	<font>
			<name>WeatherTemp</name>
			<filename>Arial.ttf</filename>
			<size>80</size>
		</font>
	</fontset>
</fonts>