<window id="29">
	<defaultcontrol always="true">52</defaultcontrol>
	<allowoverlay>no</allowoverlay>

	<controls>
	
		<control type="image">		<!-- window.background -->
            <posx>0</posx>
            <posy>0</posy>
			<width>1280</width>
			<height>720</height>
			<texture>backgrounds/0.png</texture>
			<aspectration>stretch</aspectration>
		</control>		
		<control type="label">		<!-- "sign in" -->
			<posy>124</posy>
			<posx>1200</posx>
			<width>310</width>
			<font>font.40</font>
			<label>sign in</label>
			<textcolor>white</textcolor>
			<align>right</align>
		</control>
		<control type="label">		<!-- "choose your profile" -->
			<posy>180</posy>
			<posx>1200</posx>
			<width>310</width>
			<font>font.16</font>
			<label>choose your profile</label>
			<textcolor>white</textcolor>
			<align>right</align>
		</control>
		
		<!-- profile list container-->
		<control type="fixedlist" id="52">	
			<posy>200</posy>
			<posx>-96</posx>
			<width>1376</width>
			<height>463</height>			
			<focusposition>2</focusposition>
			<scrolltime>300</scrolltime>
			<viewtype>list</viewtype>
			<orientation>horizontal</orientation>
			<onup>300</onup>
			<ondown>setFocus(20)</ondown>
			<onleft>-</onleft>
			<onright>-</onright>
			
			<animation effect="fade" time="400">WindowOpen</animation>
			<animation effect="fade" time="400">WindowClose</animation>
				
				<itemlayout width="280" height="300">					
					<control type="image">		<!-- gamer.picture -->
						<posy>160</posy>
						<posx>128</posx>
						<width>48</width>
						<height>48</height>
						<texture fallback="bg/none.png">special://skin/gamertag/pictures/$INFO[ListItem.Label].png</texture>
					</control>
					<control type="label">		<!-- listItem.label -->
						<posy>228</posy>
						<posx>128</posx>
						<width>310</width>
						<font>font.12.bold</font>
						<info>ListItem.Label</info>
						<textcolor>white</textcolor>
						<align>left</align>
					</control>
					<control type="textbox">		<!-- listItem.label2 -->
						<posy>248</posy>
						<posx>128</posx>
						<width>200</width>
						<font>font.11</font>
						<info>ListItem.Label2</info>
						<textcolor>white</textcolor>
						<align>left</align>
					</control>
					<control type="image">		<!-- avatar -->
						<posy>24</posy>
						<posx>0</posx>
						<width>140</width>
						<height>280</height>
						<!-- <info>ListItem.Icon</info> -->
						<texture fallback="unknown-user.png">special://skin/gamertag/avatars/$INFO[ListItem.Label].png</texture>
						<aspectratio>stretch</aspectratio>
					</control>
					<control type="image">		<!-- avatar.shadow -->
						<posy>264</posy>
						<posx>-42</posx>
						<width>204</width>
						<height>74</height>
						<texture>common/xbox.orb.shadow.png</texture>
						<aspectratio>stretch</aspectratio>
					</control>				
				
				</itemlayout>
				<focusedlayout height="320" width="370">
					<control type="image">		<!-- profile.picture -->
						<posx>160</posx>
						<posy>168</posy>
						<width>64</width>
						<height>64</height>
						<texture fallback="bg/none.png">special://skin/gamertag/pictures/$INFO[ListItem.Label].png</texture>
					</control>
					<control type="label">		<!-- listItem.label -->
						<posy>260</posy>
						<posx>160</posx>
						<width>412</width>
						<font>font.14.bold</font>
						<info>ListItem.Label</info>
						<textcolor>white</textcolor>
						<align>left</align>
					</control>
					<control type="textbox">		<!-- listItem.label2 -->
						<posx>160</posx>
						<posy>282</posy>
						<width>220</width>
						<font>font.12</font>
						<info>ListItem.Label2</info>
						<textcolor>white</textcolor>
						<align>left</align>
					</control>					
					<control type="image">		<!-- profile.avatar -->
						<posy>0</posy>
						<posx>0</posx>
						<width>180</width>
						<height>360</height>
						<texture fallback="unknown-user.png">special://skin/gamertag/avatars/$INFO[ListItem.Label].png</texture>
						<aspectratio>stretch</aspectratio>
					</control>
					<control type="image">		<!-- profile.avatar.shadow -->
						<posy>310</posy>
						<posx>-32</posx>
						<width>204</width>
						<height>74</height>
						<texture>common/xbox.orb.shadow.png</texture>
						<aspectratio>stretch</aspectratio>
					</control>
				
				</focusedlayout>
			
		</control>
		
		<include>NXE.Console.Logo</include>
		
		<control type="group" id="8000">	<!-- [INCLUDES] NXE.Controller.Buttons -->
			<posx>124</posx>
			<posy>660</posy>
			
				<include>NXE.Controller.Button.A</include>
				
				<control type="group">		<!-- button.y -->
					<posx>110</posx>
						<control type="button" id="20">
							<posy>0</posy>
							<posx>0</posx>
							<width>40</width>
							<height>40</height>
							<label>-</label>
							<font>-</font>
							<aligny>-</aligny>
							<onclick>ActivateWindow(ShutdownMenu)</onclick>
							<texturefocus>common/controller.buttons/y-fo.png</texturefocus>
							<texturenofocus>common/controller.buttons/y.png</texturenofocus>
							<onleft>19</onleft>
							<onright>21</onright>
							<onup>52</onup>
							<ondown>52</ondown>
						</control>
						<control type="label">
							<posy>0</posy>
							<posx>40</posx>
							<width>580</width>
							<height>35</height>
							<font>font.12.bold</font>
							<textcolor>white</textcolor>
							<align>left</align>
							<aligny>center</aligny>
							<label>Power Options</label>
						</control>
				</control>
			
		</control>

	</controls>

</window>
