<window type="dialog" id="120">
	<defaultcontrol always="true">603</defaultcontrol>
	<controls>
		<control type="group">
			<animation effect="slide" start="0,-135" end="0,0" time="300" tween="quadratic" easing="out">WindowOpen</animation>
			<animation effect="slide" start="0,0" end="0,-135" time="300" delay="150" tween="quadratic" easing="out">WindowClose</animation>
			<control type="image">
				<description>media info background image</description>
				<posx>0</posx>
				<posy>-175</posy>
				<width>1280</width>
				<height>256</height>
				<texture>bg/transparency.png</texture>
				<animation effect="slide" start="0,0" end="0,30" time="0" easing="out" condition="LastFM.RadioPlaying">conditional</animation>
			</control>
			<control type="group" id="803">
				<posx>607</posx>
				<posy>7</posy>
				<visible>LastFM.RadioPlaying</visible>
				<control type="button" id="800">
					<posx>0</posx>
					<posy>0</posy>
					<width>30</width>
					<height>30</height>
					<label>$LOCALIZE[31001]</label>
					<align>right</align>
					<font>font10caps_title</font>
					<textoffsetx>35</textoffsetx>
					<textcolor>grey2</textcolor>
					<shadowcolor>black</shadowcolor>
					<texturefocus>lastfm-love-focus.png</texturefocus>
					<texturenofocus>lastfm-love-nofocus.png</texturenofocus>
					<onleft>801</onleft>
					<onright>801</onright>
					<onup>100</onup>
					<ondown>100</ondown>
					<onclick>XBMC.LastFM.Love</onclick>
				</control>
				<control type="button" id="801">
					<posx>36</posx>
					<posy>0</posy>
					<width>30</width>
					<width>30</width>
					<height>30</height>
					<label>$LOCALIZE[31002]</label>
					<align>left</align>
					<font>font10caps_title</font>
					<textoffsetx>35</textoffsetx>
					<textcolor>grey2</textcolor>
					<shadowcolor>black</shadowcolor>
					<texturefocus>lastfm-hate-focus.png</texturefocus>
					<texturenofocus>lastfm-hate-nofocus.png</texturenofocus>
					<onleft>800</onleft>
					<onright>800</onright>
					<onup>100</onup>
					<ondown>100</ondown>
					<onclick>XBMC.LastFM.Hate</onclick>
				</control>
			</control>
			<control type="group" id="200">
				<posx>215</posx>
				<posy>7</posy>
				<animation effect="slide" start="0,0" end="0,15" time="0" easing="out" condition="LastFM.RadioPlaying">conditional</animation>
				<control type="button" id="500">
					<posx>0</posx>
					<posy>2</posy>
					<width>45</width>
					<height>45</height>
					<label>-</label>
					<texturefocus>OSDVizFO.png</texturefocus>
					<texturenofocus>OSDVizNF.png</texturenofocus>
					<onleft>705</onleft>
					<onright>701</onright>
					<onup>500</onup>
					<ondown>500</ondown>
				</control>
				<control type="button" id="701">
					<posx>50</posx>
					<posy>2</posy>
					<width>45</width>
					<height>45</height>
					<label>-</label>
					<texturefocus>OSDPresetSettingsFO.png</texturefocus>
					<texturenofocus>OSDPresetSettingsNF.png</texturenofocus>
					<onleft>500</onleft>
					<onright>702</onright>
					<onup>701</onup>
					<ondown>701</ondown>
					<onclick>ActivateWindow(121)</onclick>
				</control>
				<control type="button" id="702">
					<posx>100</posx>
					<posy>2</posy>
					<width>45</width>
					<height>45</height>
					<label>-</label>
					<texturefocus>OSDPreFO.png</texturefocus>
					<texturenofocus>OSDPreNF.png</texturenofocus>
					<onleft>701</onleft>
					<onright>600</onright>
					<onup>702</onup>
					<ondown>702</ondown>
					<onclick>ActivateWindow(122)</onclick>
				</control>
				<control type="group" id="100">
					<posx>250</posx>
					<posy>0</posy>
					<animation effect="slide" start="0,0" end="0,15" time="0" easing="out" condition="LastFM.RadioPlaying">conditional</animation>
					<animation effect="slide" start="0,0" end="-25,0" time="0" easing="out" condition="Skin.HasSetting(LyricScript_Enable) + !IsEmpty(Skin.String(LyricScript_Path))">conditional</animation>
					<control type="button" id="600">
						<posx>0</posx>
						<posy>0</posy>
						<width>50</width>
						<height>50</height>
						<label>-</label>
						<texturefocus>OSDPrevTrackFO.png</texturefocus>
						<texturenofocus>OSDPrevTrackNF.png</texturenofocus>
						<onleft>702</onleft>
						<onright>601</onright>
						<onup>803</onup>
						<ondown>803</ondown>
						<onclick>PlayerControl(Previous)</onclick>
					</control>
					<control type="button" id="601">
						<posx>50</posx>
						<posy>0</posy>
						<width>50</width>
						<height>50</height>
						<label>-</label>
						<texturefocus>OSDRewindFO.png</texturefocus>
						<texturenofocus>OSDRewindNF.png</texturenofocus>
						<onleft>600</onleft>
						<onright>602</onright>
						<onup>803</onup>
						<ondown>803</ondown>
						<onclick>PlayerControl(Rewind)</onclick>
					</control>
					<control type="button" id="602">
						<posx>100</posx>
						<posy>0</posy>
						<width>50</width>
						<height>50</height>
						<label>-</label>
						<texturefocus>OSDStopFO.png</texturefocus>
						<texturenofocus>OSDStopNF.png</texturenofocus>
						<onleft>601</onleft>
						<onright>603</onright>
						<onup>803</onup>
						<ondown>803</ondown>
						<onclick>PlayerControl(Stop)</onclick>
					</control>
					<control type="togglebutton" id="603">
						<posx>150</posx>
						<posy>0</posy>
						<width>50</width>
						<height>50</height>
						<label>-</label>
						<texturefocus>OSDPauseFO.png</texturefocus>
						<texturenofocus>OSDPauseNF.png</texturenofocus>
						<usealttexture>Player.Paused | Player.Forwarding | Player.Rewinding</usealttexture>
						<alttexturefocus>OSDPlayFO.png</alttexturefocus>
						<alttexturenofocus>OSDPlayNF.png</alttexturenofocus>
						<onleft>602</onleft>
						<onright>604</onright>
						<onup>803</onup>
						<ondown>803</ondown>
						<onclick>PlayerControl(Play)</onclick>
					</control>
					<control type="button" id="604">
						<posx>200</posx>
						<posy>0</posy>
						<width>50</width>
						<height>50</height>
						<label>-</label>
						<texturefocus>OSDForwardFO.png</texturefocus>
						<texturenofocus>OSDForwardNF.png</texturenofocus>
						<onleft>603</onleft>
						<onright>605</onright>
						<onup>803</onup>
						<ondown>803</ondown>
						<onclick>PlayerControl(Forward)</onclick>
					</control>
					<control type="button" id="605">
						<posx>250</posx>
						<posy>0</posy>
						<width>50</width>
						<height>50</height>
						<label>-</label>
						<texturefocus>OSDNextTrackFO.png</texturefocus>
						<texturenofocus>OSDNextTrackNF.png</texturenofocus>
						<onleft>604</onleft>
						<onright>606</onright>
						<onup>803</onup>
						<ondown>803</ondown>
						<onclick>PlayerControl(Next)</onclick>
					</control>
					<control type="button" id="606">
						<posx>300</posx>
						<posy>0</posy>
						<width>50</width>
						<height>50</height>
						<label>-</label>
						<texturefocus>OSDRecordFO.png</texturefocus>
						<texturenofocus>OSDRecordNF.png</texturenofocus>
						<onleft>605</onleft>
						<onright>607</onright>
						<onup>803</onup>
						<ondown>803</ondown>
						<onclick>XBMC.PlayerControl(record)</onclick>
						<enable>Player.CanRecord</enable>
						<animation effect="fade" start="100" end="50" time="100" condition="!Player.CanRecord">Conditional</animation>
					</control>
					<control type="button" id="607">
						<posx>350</posx>
						<posy>0</posy>
						<width>50</width>
						<height>50</height>
						<label>-</label>
						<texturefocus>OSDLyricsFO.png</texturefocus>
						<texturenofocus>OSDLyricsNF.png</texturenofocus>
						<onleft>606</onleft>
						<onright>703</onright>
						<onup>803</onup>
						<ondown>803</ondown>
						<onclick>Close</onclick>
						<onclick>XBMC.RunScript($INFO[Skin.String(LyricScript_Path)])</onclick>
						<visible>Skin.HasSetting(LyricScript_Enable) + !IsEmpty(Skin.String(LyricScript_Path))</visible>
					</control>
				</control>
				<control type="button" id="703">
					<posx>700</posx>
					<posy>2</posy>
					<width>45</width>
					<height>45</height>
					<label>-</label>
					<texturefocus>-</texturefocus>
					<texturenofocus>-</texturenofocus>
					<onclick>XBMC.PlayerControl(Repeat)</onclick>
					<onleft>607</onleft>
					<onright>704</onright>
					<onup>703</onup>
					<ondown>703</ondown>
				</control>
				<control type="image">
					<posx>700</posx>
					<posy>2</posy>
					<width>45</width>
					<height>45</height>
					<texture>OSDRepeatNF.png</texture>
					<visible>!Playlist.IsRepeat + !Playlist.IsRepeatOne</visible>
					<visible>!Control.HasFocus(703)</visible>
				</control>
				<control type="image">
					<posx>700</posx>
					<posy>2</posy>
					<width>45</width>
					<height>45</height>
					<texture>OSDRepeatFO.png</texture>
					<visible>!Playlist.IsRepeat + !Playlist.IsRepeatOne</visible>
					<visible>Control.HasFocus(703)</visible>
				</control>
				<control type="image">
					<posx>700</posx>
					<posy>2</posy>
					<width>45</width>
					<height>45</height>
					<texture>OSDRepeatOneNF.png</texture>
					<visible>Playlist.IsRepeatOne</visible>
					<visible>!Control.HasFocus(703)</visible>
				</control>
				<control type="image">
					<posx>700</posx>
					<posy>2</posy>
					<width>45</width>
					<height>45</height>
					<texture>OSDRepeatOneFO.png</texture>
					<visible>Playlist.IsRepeatOne</visible>
					<visible>Control.HasFocus(703)</visible>
				</control>
				<control type="image">
					<posx>700</posx>
					<posy>2</posy>
					<width>45</width>
					<height>45</height>
					<texture>OSDRepeatAllNF.png</texture>
					<visible>Playlist.IsRepeat</visible>
					<visible>!Control.HasFocus(703)</visible>
				</control>
				<control type="image">
					<posx>700</posx>
					<posy>2</posy>
					<width>45</width>
					<height>45</height>
					<texture>OSDRepeatAllFO.png</texture>
					<visible>Playlist.IsRepeat</visible>
					<visible>Control.HasFocus(703)</visible>
				</control>
				<control type="togglebutton" id="704">
					<posx>750</posx>
					<posy>2</posy>
					<width>45</width>
					<height>45</height>
					<label>-</label>
					<texturefocus>OSDRandomOffFO.png</texturefocus>
					<texturenofocus>OSDRandomOffNF.png</texturenofocus>
					<usealttexture>Playlist.IsRandom</usealttexture>
					<alttexturefocus>OSDRandomOnFO.png</alttexturefocus>
					<alttexturenofocus>OSDRandomOnNF.png</alttexturenofocus>
					<onclick>XBMC.PlayerControl(Random)</onclick>
					<onleft>703</onleft>
					<onright>705</onright>
					<onup>704</onup>
					<ondown>704</ondown>
				</control>
				<control type="button" id="705">
					<posx>800</posx>
					<posy>2</posy>
					<width>45</width>
					<height>45</height>
					<label>-</label>
					<texturefocus>OSDPlaylistFO.png</texturefocus>
					<texturenofocus>OSDPlaylistNF.png</texturenofocus>
					<onleft>703</onleft>
					<onright>500</onright>
					<onup>705</onup>
					<ondown>705</ondown>
					<onclick>ActivateWindow(MusicPlaylist)</onclick>
				</control>
			</control>
		</control>
		<control type="selectbutton" id="503">
			<posx>440</posx>
			<posy>80</posy>
			<width>400</width>
			<height>100</height>
			<font>font13caps</font>
			<description>Visualisation Select Button</description>
			<texturebg border="20">OverlayDialogBackground.png</texturebg>
			<onleft>503</onleft>
			<onright>503</onright>
			<onup>500</onup>
			<ondown>500</ondown>
			<include>VisibleFadeEffect</include>
		</control>
	</controls>
</window>