<window id="2006">
	<defaultcontrol>-</defaultcontrol>
	<allowoverlay>no</allowoverlay>
	<controls>
		<!-- <control type="visualisation" id="2">
			<description>visualisation</description>
			<posx>0</posx>
			<posy>0</posy>
			<width>1280</width>
			<height>720</height>
			<visible>false</visible>
		</control> -->
		<control type="multiimage">	<!-- window.wallpaper.random.fanart -->
			<posx>0</posx>
			<posy>0</posy>
			<width>1280</width>
			<height>720</height>
			<imagepath>special://profile/thumbnails/music/fanart</imagepath>
			<timeperimage>5000</timeperimage>
			<fadetime>2000</fadetime>
			<loop>yes</loop>
			<randomize>true</randomize>
		</control>
		<control type="multiimage">	<!-- window.wallpaper.random.overlays -->
			<posx>0</posx>
			<posy>0</posy>
			<width>1280</width>
			<height>720</height>
			<imagepath>backgrounds/overlays</imagepath>
			<timeperimage>12500</timeperimage>
			<fadetime>3000</fadetime>
			<loop>yes</loop>
			<randomize>true</randomize>
		</control>

		<control type="label">
			<posx>320</posx>
			<posy>300</posy>
			<width>1280</width>
			<height>78</height>
			<align>right</align>
			<font>font.36.bold</font>
			<textcolor>white</textcolor>
			<label>$INFO[MusicPlayer.Artist]</label>
			<animation effect="slide" start="-1280" end="1300" time="25000" tween="quadratic" easing="out" loop="true" condition="true">conditional</animation>
		</control>
		<control type="label">
			<posx>320</posx>
			<posy>356</posy>
			<width>1280</width>
			<height>78</height>
			<align>left</align>
			<font>font.30.bold</font>
			<textcolor>grey</textcolor>
			<label>$INFO[MusicPlayer.Title]</label>
			<animation effect="slide" start="1300" end="-1280" time="25000" tween="quadratic" easing="out" loop="true" condition="true">conditional</animation>
		</control>
		
		<control type="group">
			<visible>Player.ShowInfo</visible>
			<animation effect="fade" end="100" time="600" tween="quadratic" easing="out">WindowOpen</animation>
			<animation effect="fade" end="0" time="600" tween="quadratic" easing="out">WindowClose</animation>
			<animation effect="fade" end="100" time="600" tween="quadratic" easing="out">Visible</animation>
			<animation effect="fade" end="0" time="600" tween="quadratic" easing="out">Hidden</animation>
			<control type="image">		<!-- media.info.background -->
				<posx>0</posx>
				<posy>440</posy>
				<width>1280</width>
				<height>232</height>
				<texture>bg/transparency.png</texture>
			</control>
			<control type="image">		<!-- playerCover -->
				<posx>64</posx>
				<posy>440</posy>
				<width>232</width>
				<height>232</height>
				<texture>$INFO[MusicPlayer.cover]</texture>
				<aspectratio>keep</aspectratio>
				<bordersize>4</bordersize>
			</control>
			<control type="group">
				<control type="group">
					<posx>330</posx>
					<posy>440</posy>
					<!-- Stuff to fill in for seekbar not being visible -->
					<control type="label">		<!-- pause -->
						<posx>0</posx>
						<posy>0</posy>
						<width>500</width>
						<height>25</height>
						<align>left</align>
						<aligny>center</aligny>
						<font>font13caps_title</font>
						<textcolor>blue</textcolor>
						<label>31043</label>
						<visible>[Player.Paused + !Player.Caching] + !Player.Seeking</visible>
					</control>
					<control type="label">		<!-- cache -->
						<posx>0</posx>
						<posy>0</posy>
						<width>500</width>
						<height>25</height>
						<align>left</align>
						<aligny>center</aligny>
						<font>font13caps_title</font>
						<textcolor>blue</textcolor>
						<label>$LOCALIZE[15107] $INFO[Player.CacheLevel]%</label>
						<visible>[Player.Paused + Player.Caching] + !Player.Seeking</visible>
					</control>
					<control type="label">		<!-- seeking -->
						<posx>0</posx>
						<posy>0</posy>
						<width>500</width>
						<height>25</height>
						<align>left</align>
						<aligny>center</aligny>
						<font>font13caps_title</font>
						<textcolor>blue</textcolor>
						<label>[UPPERCASE]$LOCALIZE[773][/UPPERCASE]</label>
						<visible>Player.Seeking</visible>
					</control>
					<control type="label">		<!-- ff  x2 -->
						<posx>0</posx>
						<posy>0</posy>
						<width>500</width>
						<height>25</height>
						<align>left</align>
						<aligny>center</aligny>
						<font>font13caps_title</font>
						<textcolor>blue</textcolor>
						<label>$LOCALIZE[31044] x2</label>
						<visible>Player.Forwarding2x</visible>
					</control>
					<control type="label">		<!-- ff  x4 -->
						<posx>0</posx>
						<posy>0</posy>
						<width>500</width>
						<height>25</height>
						<align>left</align>
						<aligny>center</aligny>
						<font>font13caps_title</font>
						<textcolor>blue</textcolor>
						<label>$LOCALIZE[31044] x4</label>
						<visible>Player.Forwarding4x</visible>
					</control>
					<control type="label">		<!-- ff  x8 -->
						<posx>0</posx>
						<posy>0</posy>
						<width>500</width>
						<height>25</height>
						<align>left</align>
						<aligny>center</aligny>
						<font>font13caps_title</font>
						<textcolor>blue</textcolor>
						<label>$LOCALIZE[31044] x8</label>
						<visible>Player.Forwarding8x</visible>
					</control>
					<control type="label">		<!-- ff  x16 -->
						<posx>0</posx>
						<posy>0</posy>
						<width>500</width>
						<height>25</height>
						<align>left</align>
						<aligny>center</aligny>
						<font>font13caps_title</font>
						<textcolor>blue</textcolor>
						<label>$LOCALIZE[31044] x16</label>
						<visible>Player.Forwarding16x</visible>
					</control>
					<control type="label">		<!-- ff  x32 -->
						<posx>0</posx>
						<posy>0</posy>
						<width>500</width>
						<height>25</height>
						<align>left</align>
						<aligny>center</aligny>
						<font>font13caps_title</font>
						<textcolor>blue</textcolor>
						<label>$LOCALIZE[31044] x32</label>
						<visible>Player.Forwarding32x</visible>
					</control>
					<control type="label">		<!-- rw x2 -->
						<posx>0</posx>
						<posy>0</posy>
						<width>500</width>
						<height>25</height>
						<align>left</align>
						<aligny>center</aligny>
						<font>font13caps_title</font>
						<textcolor>blue</textcolor>
						<label>$LOCALIZE[31045] x2</label>
						<visible>Player.Rewinding2x</visible>
					</control>
					<control type="label">		<!-- rw x4 -->
						<posx>0</posx>
						<posy>0</posy>
						<width>500</width>
						<height>25</height>
						<align>left</align>
						<aligny>center</aligny>
						<font>font13caps_title</font>
						<textcolor>blue</textcolor>
						<label>$LOCALIZE[31045] x4</label>
						<visible>Player.Rewinding4x</visible>
					</control>
					<control type="label">		<!-- rw x8 -->
						<posx>0</posx>
						<posy>0</posy>
						<width>500</width>
						<height>25</height>
						<align>left</align>
						<aligny>center</aligny>
						<font>font13caps_title</font>
						<textcolor>blue</textcolor>
						<label>$LOCALIZE[31045] x8</label>
						<visible>Player.Rewinding8x</visible>
					</control>
					<control type="label">		<!-- rw x16 -->
						<posx>0</posx>
						<posy>0</posy>
						<width>500</width>
						<height>25</height>
						<align>left</align>
						<aligny>center</aligny>
						<font>font13caps_title</font>
						<textcolor>blue</textcolor>
						<label>$LOCALIZE[31045] x16</label>
						<visible>Player.Rewinding16x</visible>
					</control>
					<control type="label">		<!-- rw x32 -->
						<posx>0</posx>
						<posy>0</posy>
						<width>500</width>
						<height>25</height>
						<align>left</align>
						<aligny>center</aligny>
						<font>font13caps_title</font>
						<textcolor>blue</textcolor>
						<label>$LOCALIZE[31045] x32</label>
						<visible>Player.Rewinding32x</visible>
					</control>
					<!-- End Stuff to fill in for seekbar not being visible -->
					
					<control type="label">		<!-- musicPlayer.artist - musicPlayer.album -->
						<posx>0</posx>
						<posy>0</posy>
						<width>750</width>
						<height>25</height>
						<label>$INFO[MusicPlayer.Artist]$INFO[MusicPlayer.Album, - ]</label>
						<align>left</align>
						<aligny>center</aligny>
						<font>font13</font>
						<textcolor>grey</textcolor>
						<shadowcolor>black</shadowcolor>
						<visible>Player.Playing + !Player.Seeking</visible>
					</control>
					<control type="image">		<!--player.starRating -->
						<posx>760</posx>
						<posy>0</posy>
						<width>160</width>
						<height>30</height>
						<aspectratio align="right">keep</aspectratio>
						<texture>LeftRating/$INFO[Player.StarRating]</texture>
					</control>
					<control type="label">		<!-- musicPlayer.Title -->
						<posx>0</posx>
						<posy>30</posy>
						<width>920</width>
						<height>25</height>
						<label>$INFO[MusicPlayer.Title]</label>
						<scroll>true</scroll>
						<align>left</align>
						<aligny>center</aligny>
						<font>font24caps_title</font>
						<textcolor>white</textcolor>
						<shadowcolor>black</shadowcolor>
					</control>
					<control type="label">		<!-- musicPlayer.playlistPosition : musicPlayer.playlistLength -->
						<posx>0</posx>
						<posy>67</posy>
						<width>200</width>
						<height>20</height>
						<label>$INFO[musicplayer.Playlistposition,$LOCALIZE[554]: ]$INFO[musicplayer.Playlistlength, / ]</label>
						<align>left</align>
						<aligny>center</aligny>
						<font>font12caps_title</font>
						<textcolor>grey2</textcolor>
						<shadowcolor>black</shadowcolor>
					</control>
					<control type="label">		<!-- ? : musicPlayer.offset(1).artist - musicPlayer.offset(1).title -->
						<posx>920</posx>
						<posy>67</posy>
						<width>700</width>
						<height>20</height>
						<label>[COLOR=blue]$LOCALIZE[209] :[/COLOR] $INFO[MusicPlayer.offset(1).Artist,, - ]$INFO[MusicPlayer.offset(1).Title]</label>
						<align>right</align>
						<aligny>center</aligny>
						<font>font12caps_title</font>
						<textcolor>grey2</textcolor>
						<shadowcolor>black</shadowcolor>
					</control>
					<control type="progress">
						<description>Progressbar</description>
						<posx>0</posx>
						<posy>87</posy>
						<width>920</width>
						<height>14</height>
						<info>Player.Progress</info>
					</control>
					<control type="label">		<!-- player.time -->
						<posx>0</posx>
						<posy>100</posy>
						<width>375</width>
						<height>20</height>
						<font>font13caps_title</font>
						<textcolor>white</textcolor>
						<align>left</align>
						<aligny>center</aligny>
						<label>$INFO[Player.Time]</label>
						<visible>!Player.Seeking</visible>
					</control>
					<control type="label">		<!-- pleyer.seekTime -->
						<posx>0</posx>
						<posy>100</posy>
						<width>375</width>
						<height>20</height>
						<font>font13caps_title</font>
						<textcolor>white</textcolor>
						<align>left</align>
						<aligny>center</aligny>
						<label>$INFO[Player.SeekTime]</label>
						<visible>Player.Seeking</visible>
					</control>
					<control type="label">		<!-- player.durtion-->
						<posx>920</posx>
						<posy>100</posy>
						<width>370</width>
						<height>25</height>
						<label>$INFO[Player.Duration]</label>
						<align>right</align>
						<aligny>center</aligny>
						<font>font13caps_title</font>
						<textcolor>white</textcolor>
						<shadowcolor>black</shadowcolor>
					</control>
				</control>
			</control>
		</control>

		<control type="group" id="0">
			<posx>240</posx>
			<posy>100</posy>
			<include>VisibleFadeEffect</include>
			<visible>Player.ShowCodec + ![Window.IsVisible(121) | Window.IsVisible(122)]</visible>
			<control type="image">
				<description>gradient</description>
				<posx>0</posx>
				<posy>0</posy>
				<width>800</width>
				<height>200</height>
				<colordiffuse>CCFFFFFF</colordiffuse>
				<texture border="20">OverlayDialogBackground.png</texture>
			</control>
			<control type="label">
				<posx>30</posx>
				<posy>20</posy>
				<width>360</width>
				<height>25</height>
				<label>$LOCALIZE[31046]</label>
				<align>left</align>
				<aligny>center</aligny>
				<font>font13caps_title</font>
				<textcolor>white</textcolor>
				<shadowcolor>black</shadowcolor>
			</control>
			<control type="label">
				<posx>30</posx>
				<posy>50</posy>
				<width>360</width>
				<height>100</height>
				<label>$INFO[musicplayer.Codec,· Codec: ,]$INFO[musicplayer.Bitrate,[CR]· Bitrate: ,kbps]$INFO[musicplayer.bitspersample,[CR]· Bits:,bit]$INFO[musicplayer.Samplerate,[CR]· Freq.: ,kHz]$INFO[musicplayer.Channels,[CR]· Channels: ]</label>
				<align>left</align>
				<aligny>top</aligny>
				<font>font13</font>
				<textcolor>white</textcolor>
				<shadowcolor>black</shadowcolor>
			</control>
			<control type="label">
				<posx>760</posx>
				<posy>20</posy>
				<width>360</width>
				<height>25</height>
				<label>$LOCALIZE[250]</label>
				<align>right</align>
				<aligny>center</aligny>
				<font>font13caps_title</font>
				<textcolor>white</textcolor>
				<shadowcolor>black</shadowcolor>
			</control>
			<control type="label">
				<posx>760</posx>
				<posy>50</posy>
				<width>right</width>
				<height>25</height>
				<label>$INFO[Visualisation.Name] [I]($LOCALIZE[20166])[/I] ·[CR]fps: $INFO[System.FPS] ·</label>
				<align>right</align>
				<aligny>top</aligny>
				<font>font13</font>
				<textcolor>white</textcolor>
				<shadowcolor>black</shadowcolor>
				<visible>Visualisation.Locked</visible>
			</control>
			<control type="label">
				<posx>760</posx>
				<posy>50</posy>
				<width>360</width>
				<height>25</height>
				<label>$INFO[Visualisation.Name] ·[CR]fps: $INFO[System.FPS] ·</label>
				<align>right</align>
				<aligny>top</aligny>
				<font>font13</font>
				<textcolor>white</textcolor>
				<shadowcolor>black</shadowcolor>
				<visible>!Visualisation.Locked</visible>
			</control>
			<control type="label">
				<posx>760</posx>
				<posy>105</posy>
				<width>360</width>
				<height>25</height>
				<label>$LOCALIZE[31047]</label>
				<align>right</align>
				<aligny>center</aligny>
				<font>font13caps_title</font>
				<textcolor>white</textcolor>
				<shadowcolor>black</shadowcolor>
			</control>
			<control type="label">
				<posx>760</posx>
				<posy>135</posy>
				<width>360</width>
				<height>25</height>
				<label fallback="· (UnAvailable)">$INFO[Visualisation.Preset,, ·]</label>
				<align>right</align>
				<aligny>top</aligny>
				<font>font12</font>
				<textcolor>white</textcolor>
				<shadowcolor>black</shadowcolor>
				<wrapmultiline>true</wrapmultiline>
			</control>
		</control>
	</controls>
</window>