<window id="501">
	<defaultcontrol always="true">50</defaultcontrol>
	<allowoverlay>no</allowoverlay>
	<views>50,53</views>

	<controls>
		
		<control type="image">				<!-- window.global.background -->
			<visible>!Skin.HasSetting(Settings.Movies.Fanart.Enabled) | IsEmpty(ListItem.Property(Fanart_Image) | IsEmpty(ListItem.Property(Fanart.Image)</visible>
			<include>NXE.Global.Background</include>
		</control>
		<control type="image">				<!-- window.stage -->
			<visible>[Skin.HasSetting(Settings.Movies.Fanart.Enabled) + [!IsEmpty(ListItem.Property(Fanart_Image)) | !IsEmpty(ListItem.Property(Fanart.Image)) | !IsEmpty(Fanart.Image)]] + !Control.IsVisible(56)</visible>
			<posx>0</posx>
			<posy>0</posy>
			<width>1280</width>
			<height>720</height>
			<texture>backgrounds/stages/04.png</texture>
			<aspectration>stretch</aspectration>
			<animation effect="fade" time="600" delay="400">Hidden</animation>
		</control>		
		
		<include>NXE.Console.Logo</include>
	
		<!-- group.include.views -->
		<control type="group">
			<include file="viewtype.icons.twist.xml">view.albums</include> 						<!-- view id = 53 -->
			<include file="viewtype.default.wide.xml">default.wide</include> 						<!-- view id = 53 -->
		</control>
		
		<include>CommonPageCount</include>
		<include>BehindDialogFadeOut</include>
		<include>ScrollOffsetLabel</include>
		
		<control type="group">
			<animation effect="slide" start="0,0" end="250,0" time="400" tween="quadratic" easing="out" condition="ControlGroup(9000).HasFocus | Control.HasFocus(8999)">Conditional</animation>
			<animation effect="slide" start="0,0" end="-250,0" time="400" tween="quadratic" easing="out" condition="ControlGroup(9000).HasFocus | Control.HasFocus(8999)">WindowClose</animation>
			<control type="button" id="8999">
				<description>Fake button for mouse control</description>
				<posx>-250</posx>
				<posy>0</posy>
				<width>265</width>
				<height>720</height>
				<label>-</label>
				<font>-</font>
				<texturenofocus>-</texturenofocus>
				<texturefocus>-</texturefocus>
				<visible>true</visible>
			</control>
			<control type="image">
				<posx>-820</posx>
				<posy>0</posy>
				<width>846</width>
				<height>720</height>
				<texture>HomeBlade.png</texture>
			</control>

			<control type="group" id="9000">
				<posx>-250</posx>
				<posy>130</posy>
				<include>CommonNowPlaying</include>
				<control type="button" id="2">
					<description>View As button</description>
					<posx>0</posx>
					<posy>0</posy>
					<include>ButtonCommonValues</include>
					<label>-</label>
					<onleft>50</onleft>
					<onright>50</onright>
					<onup>611</onup>
					<ondown>3</ondown>
				</control>
				<control type="button" id="3">
					<description>Sort by button</description>
					<posx>0</posx>
					<posy>40</posy>
					<include>ButtonCommonValues</include>
					<label>103</label>
					<onleft>50</onleft>
					<onright>4</onright>
					<onup>2</onup>
					<ondown>99</ondown>
				</control>
				<control type="togglebutton" id="4">
					<description>Sort asc</description>
					<posx>220</posx>
					<posy>53</posy>
					<label>-</label>
					<onleft>3</onleft>
					<onright>50</onright>
					<onup>2</onup>
					<ondown>99</ondown>
				</control>
				<control type="radiobutton" id="99">
					<description>Library button</description>
					<posx>0</posx>
					<posy>80</posy>
					<label>$LOCALIZE[29800]</label>
					<onclick>ReplaceWindow(MusicLibrary)</onclick>
					<selected>Window.IsVisible(MusicLibrary)</selected>
					<include>ButtonCommonValues</include>
					<onleft>50</onleft>
					<onright>50</onright>
					<onup>3</onup>
					<ondown>610</ondown>
					<enable>Library.HasContent(Music)</enable>
				</control>
				<control type="button" id="610">
					<description>Fake Button to fix Player Controls Navigation</description>
					<onup>99</onup>
					<ondown>603</ondown>
					<visible>false</visible>
				</control>
				<control type="group">
					<posx>0</posx>
					<posy>260</posy>
					<include>CommonNowPlaying_Controls</include>
				</control>
				<control type="button" id="611">
					<description>Fake Button to fix Player Controls Navigation</description>
					<onup>608</onup>
					<ondown>2</ondown>
					<visible>false</visible>
				</control>
			</control>
		</control>
		
		<include>NXE.Console.Logo</include>	

		<control type="group" id="8000">	<!-- [INCLUDES] NXE.Controller.Buttons -->
			<posx>124</posx>
			<posy>660</posy>
				<include>NXE.Controller.Button.A</include>
				<include>NXE.Controller.Button.B</include>
		</control>
		
		<control type="label" id="90210">	<!-- [DEBUG.LABEL] -->
			<posy>690</posy>
			<posx>0</posx>
			<width>1280</width>
			<height>28</height>
			<align>center</align>
			<aligny>center</aligny>
			<font>font12</font>
			<textcolor>white</textcolor>
			<!-- <label>FolderPath: $INFO[Container.FolderPath] | FolderName: $INFO[Container.FolderName] | ItemFolderName: $INFO[ListItem.FolderName] | PluginName: $INFO[Container.PluginName] | $INFO[System.CurrentWindow]</label> -->
			<label>$INFO[ListItem.Icon] | FolderPath: $INFO[Container.FolderPath] | FolderName: $INFO[Container.FolderName] | Container.FolderPath: $INFO[Container.FolderPath,special://skin/images/backgrounds/,.jpg] | PluginName: $INFO[Container.PluginName] | $INFO[System.CurrentWindow]</label>
		</control>
		
	</controls>
</window>
