<window id="20">
	<defaultcontrol always="true">50</defaultcontrol>
	<allowoverlay>no</allowoverlay>
	<views>50,53,424,423</views>
	
	<controls>

		<control type="image">					<!-- window.global.background -->
			<include>NXE.Global.Background</include>
			<!-- <visible>!Skin.HasSetting(Settings.Scripts.Fanart.Enabled)</visible> -->
		</control>
		<control type="image">					<!-- window.stage -->
			<posx>0</posx>
			<posy>0</posy>
			<width>1280</width>
			<height>720</height>
			<texture>backgrounds/stages/04.png</texture>
			<aspectration>stretch</aspectration>
			<visible>Skin.HasSetting(Settings.Scripts.Fanart.Enabled)</visible>
			<animation effect="fade" time="600" delay="400">Hidden</animation>
		</control>
			
		<control type="label" id="90210">		<!-- debug.label -->
			<posy>690</posy>
			<posx>0</posx>
			<width>1280</width>
			<height>28</height>
			<align>center</align>
			<aligny>center</aligny>
			<font>font12</font>
			<textcolor>white</textcolor>
			<label>$INFO[Container.FolderPath] | $INFO[Container.FolderName] | $INFO[ListItem.FolderName] | $INFO[Container.PluginName] | $INFO[System.CurrentWindow]</label>
		</control>
	
		<control type="group">					<!-- window.library.labels -->
			<posx>1200</posx>
			<posy>112</posy>
			<visible>Control.IsVisible(51) | Control.IsVisible(53)</visible>
				<control type="label">			<!-- scripts hub -->		
					<posx>0</posx>
					<posy>0</posy>
					<width>640</width>
					<font>font.36</font>
					<label>scripts hub</label>
					<align>right</align>
					<visible>StringCompare(Container.FolderName,scripts)</visible>
				</control>
				<control type="label">			<!-- items: xx | page x of x pages -->
					<posx>0</posx>
					<posy>54</posy>
					<width>640</width>
					<font>font.14.bold</font>
					<label>$INFO[Container.NumItems,, items| ]$INFO[Container.CurrentPage,page , of ]$INFO[Container.NumPages]</label>
					<align>right</align>
				</control>			
		</control>	
		<control type="group">					<!-- window.views -->
			<include file="viewtype.default.wide.xml">default.wide</include> 		<!-- id = 50 -->
			<include file="viewtype.file.icons.xml">view.icons</include>			<!-- id = x -->
			<include file="viewtype.files.thumbs.xml">view.file.thumbs</include>	<!-- id = 422 -->			
			<include file="viewtype.icons.twist.xml">view.albums</include>			<!-- id = 422 -->			
		</control>
		
		<control type="group">					<!-- [INCLUDES] NXE.XboxLive.Gamer.Avatar -->
			<posy>188</posy>
			<posx>972</posx>
			<animation effect="fade" delay="400" time="650">WindowOpen</animation>
			<animation effect="fade" time="350">WindowClose</animation>
			<visible>false</visible>
				<include>NXE.XboxLive.Gamer.Avatar</include>
		</control>
		
		<control type="group" id="9000">		<!-- [OPTIONS] -->

			<control type="image">					<!-- section.background -->
				<posx>0</posx>
				<posy>0</posy>
				<width>1280</width>
				<height>720</height>
				<texture>bg/overlay.png</texture>
				<aspectration>stretch</aspectration>
				<visible>ControlGroup(9000).HasFocus | ControlGroup(9001).HasFocus</visible>
				<animation effect="fade" start="0" end="100" time="400">Visible</animation>
				<animation effect="fade" start="100" end="0" time="400">Hidden</animation>
			</control>				
			<control type="label">					<!-- section.header -->
				<posy>142</posy>
				<posx>280</posx>
				<width>740</width>
				<height>30</height>
				<font>font16caps</font>
				<label>Options</label>
				<align>left</align>
				<aligny>center</aligny>
				<textcolor>white</textcolor>
				<shadowcolor>black</shadowcolor>
				<visible>ControlGroup(9000).HasFocus | ControlGroup(9001).HasFocus</visible>
			</control>
			
			<control type="button" id="9001">		<!-- dummy (used to accept focus)-->
				<posy>280</posy>
				<posx>200</posx>
				<width>160</width>
				<height>160</height>
				<texturefocus>-</texturefocus>
				<texturenofocus>-</texturenofocus>
				<label>-</label>
				<onfocus>Control.SetFocus(2)</onfocus>
			</control>						
										
			<!-- group.options.buttons -->
			<control type="group">
				<posy>201</posy>
				<posx>318</posx>
				<width>644</width>
				<height>318</height>
				<onup>8004</onup>		<!-- focus on the y button -->
				<ondown>8004</ondown>	<!-- focus on the y button -->
				<visible>ControlGroup(9000).HasFocus | ControlGroup(9001).HasFocus</visible>
				
				<animation type="Visible" reversible="false">
					<effect type="zoom" start="60" end="100" center="auto" easing="out" tween="back" time="300" />
					<effect type="fade" start="0" end="100" time="300" />
				</animation>
				<animation type="Hidden" reversible="false">
					<effect type="zoom" start="100" end="80" center="auto" easing="in" tween="back" time="300" />
					<effect type="fade" start="100" end="0" time="300" />
				</animation>		
					
					<control type="button" id="2">			<!-- option.views -->
						<posy>0</posy>
						<posx>0</posx>
						<width>155</width>
						<height>155</height>
						<texturefocus>icons/views.options/views.fo.png</texturefocus>
						<texturenofocus>icons/views.options/views.png</texturenofocus>						
						<label>-</label>
						<font>font12</font>
						<aligny>top</aligny>
						<onleft>50</onleft>
						<onright>3</onright>
						<onup>50</onup>
						<ondown>50</ondown>
					</control>
					<control type="button" id="3">			<!-- option.sort -->
						<posy>0</posy>
						<posx>163</posx>
						<width>155</width>
						<height>155</height>
						<texturefocus>icons/views.options/sort.fo.png</texturefocus>
						<texturenofocus>icons/views.options/sort.png</texturenofocus>
						<label>103</label>
						<font>font12</font>
						<aligny>top</aligny>
						<onleft>2</onleft>
						<onright>99</onright>
						<onup>50</onup>
						<ondown>50</ondown>
					</control>										
					<control type="radiobutton" id="99">	<!-- option.fanart -->
						<posy>0</posy>
						<posx>326</posx>
						<width>155</width>
						<height>155</height>
						<label>Enable Fanart</label>
						<font>font12</font>
						<aligny>top</aligny>
						<texturefocus>icons/views.options/fanart.fo.png</texturefocus>
						<texturenofocus>icons/views.options/fanart.png</texturenofocus>						
						<onclick>Skin.ToggleSetting(Settings.Scripts.Fanart.Enabled)</onclick>
						<selected>Skin.HasSetting(Settings.Scripts.Fanart.Enabled)</selected>
						<onleft>3</onleft>
						<onright>50</onright>
						<onup>50</onup>
						<ondown>50</ondown>
					</control>
											
			</control>			
								
		</control>
		
		<control type="group" id="8000">		<!-- [INCLUDES] NXE.Controller.Buttons -->
			<posx>124</posx>
			<posy>660</posy>
			
				<include>NXE.Controller.Button.A</include>
				<include>NXE.Controller.Button.B</include>
				
		</control>
		
		<include>NXE.Console.Logo</include>	
		<include>NXE.XboxLive.GamerCard</include>
				
	</controls>

</window>
