<window id="6">
	<defaultcontrol always="true">50</defaultcontrol>
	<allowoverlay>no</allowoverlay>
	<views>50,51,700,423</views>
	
	<controls>
	
		<control type="image">			<!-- window.fanart -->
			<posx>0</posx>
			<posy>0</posy>
			<width>1280</width>
			<height>720</height>
			<texture background="true">$INFO[ListItem.Property(Fanart_Image)]</texture>
			<include>Animation.Fanart.Fade</include>
			<fadetime>Const.Fanart.CrossFade.Time</fadetime>
			<visible>!Skin.HasSetting(VideoFilesFanart)</visible>
		</control>
		<control type="image">			<!-- window.stage -->
			<posx>0</posx>
			<posy>0</posy>
			<width>1280</width>
			<height>720</height>
			<texture>backgrounds/stages/04.png</texture>
		</control>
		
		<control type="group">			<!-- window.views -->
			<include file="viewtype.default.wide.xml">default.wide</include>		
			<include file="viewtype.files.thumbs.xml">view.file.thumbs</include>					<!-- id = 422 -->			
			<include file="viewtype.files.posters.twist.xml">view.files.posters.twist</include>			<!-- id = 51 -->
		</control>
		
		
		<control type="group" id="9000">			<!-- Window.Options -->

			<control type="image">				<!-- section.window.background -->
				<posx>0</posx>
				<posy>0</posy>
				<width>1280</width>
				<height>720</height>
				<texture>bg/overlay.png</texture>
				<aspectration>stretch</aspectration>
				<visible>ControlGroup(9000).HasFocus | ControlGroup(9001).HasFocus</visible>
				<animation effect="fade" start="0" end="100" time="400">Visible</animation>
				<animation effect="fade" start="100" end="0" time="400">Hidden</animation>
			</control>				
			<control type="label">				<!-- section.header -->
				<posy>142</posy>
				<posx>280</posx>
				<width>740</width>
				<height>30</height>
				<font>font16caps</font>
				<label>Options</label>
				<align>left</align>
				<aligny>center</aligny>
				<textcolor>white</textcolor>
				<shadowcolor>black</shadowcolor>
				<visible>ControlGroup(9000).HasFocus | ControlGroup(9001).HasFocus</visible>
			</control>
			
			<control type="button" id="9001">	<!-- button.dummy (used to accept focus)-->
				<posy>280</posy>
				<posx>200</posx>
				<width>160</width>
				<height>160</height>
				<texturefocus>-</texturefocus>
				<texturenofocus>-</texturenofocus>
				<label>-</label>
				<onfocus>Control.SetFocus(2)</onfocus>
			</control>						
										
			<control type="group">				<!-- option.buttons -->
				<posy>201</posy>
				<posx>318</posx>
				<width>644</width>
				<height>318</height>
				<onup>8004</onup>		<!-- focus on the y button -->
				<ondown>8004</ondown>	<!-- focus on the y button -->
				<visible>ControlGroup(9000).HasFocus | ControlGroup(9001).HasFocus</visible>
				
				<animation type="Visible" reversible="false">
					<effect type="zoom" start="60" end="100" center="auto" easing="out" tween="back" time="300" />
					<effect type="fade" start="0" end="100" time="300" />
				</animation>
				<animation type="Hidden" reversible="false">
					<effect type="zoom" start="100" end="80" center="auto" easing="in" tween="back" time="300" />
					<effect type="fade" start="100" end="0" time="300" />
				</animation>		
					
					<control type="button" id="2">			<!-- option.views -->
						<posy>0</posy>
						<posx>0</posx>
						<width>155</width>
						<height>155</height>
						<texturefocus>icons/views.options/views.fo.png</texturefocus>
						<texturenofocus>icons/views.options/views.png</texturenofocus>						
						<label>-</label>
						<font>font12</font>
						<aligny>top</aligny>
						<onleft>50</onleft>
						<onright>3</onright>
						<onup>50</onup>
						<ondown>3</ondown>
					</control>
					<control type="button" id="3">			<!-- option.sort -->
						<posy>0</posy>
						<posx>163</posx>
						<width>155</width>
						<height>155</height>
						<texturefocus>icons/views.options/sort.fo.png</texturefocus>
						<texturenofocus>icons/views.options/sort.png</texturenofocus>
						<label>103</label>no
						<font>font12</font>
						<aligny>top</aligny>
						<onleft>2</onleft>
						<onright>99</onright>
						<onup>50</onup>
						<ondown>99</ondown>
					</control>
					<control type="radiobutton" id="99">	<!-- option.library.mode -->
						<posy>0</posy>
						<posx>326</posx>
						<width>155</width>
						<height>155</height>
						<label>$LOCALIZE[29800]</label>
						<font>font12</font>
						<aligny>top</aligny>
						<texturefocus>icons/views.options/library.fo.png</texturefocus>
						<texturenofocus>icons/views.options/library.png</texturenofocus>						
						<onclick>ReplaceWindow(VideoLibrary)</onclick>
						<selected>Window.IsVisible(VideoLibrary)</selected>
						<onleft>3</onleft>
						<onright>14</onright>
						<onup>50</onup>
						<ondown>16</ondown>
					</control>

					<control type="radiobutton" id="7">		<!-- option.stack -->
						<posy>0</posy>
						<posx>489</posx>
						<width>155</width>
						<height>155</height>
						<label>-</label>
						<font>font12</font>
						<aligny>top</aligny>
						<texturefocus>icons/views.options/stack.fo.png</texturefocus>
						<texturenofocus>icons/views.options/stack.png</texturenofocus>						
						<onleft>3</onleft>
						<onright>19</onright>
						<onup>99</onup>
						<ondown>50</ondown>
					</control>

					<control type="button" id="6">			<!-- option.play.dvd -->
						<posy>163</posy>
						<posx>0</posx>
						<width>155</width>
						<height>155</height>
						<texturefocus>bg/green.png</texturefocus>
						<texturenofocus>gb/green.png</texturenofocus>						
						<label>Play DVD</label>
						<font>font12</font>
						<aligny>top</aligny>
						<onleft>50</onleft>
						<onright>99</onright>
						<onup>50</onup>
						<ondown>3</ondown>
					</control>
					<control type="button" id="8">			<!-- option.scan.item -->
						<posy>163</posy>
						<posx>163</posx>
						<width>155</width>
						<height>155</height>
						<texturefocus>icons/views.options/scan.item.fo.png</texturefocus>
						<texturenofocus>icons/views.options/scan.item.png</texturenofocus>						
						<label>Scan Item</label>
						<font>font12</font>
						<aligny>top</aligny>
						<onleft>50</onleft>
						<onright>99</onright>
						<onup>50</onup>
						<ondown>3</ondown>
					</control>
					
					<control type="button" id="13">			<!-- option.switch.playlist -->
						<posy>163</posy>
						<posx>326</posx>
						<width>155</width>
						<height>155</height>
						<texturefocus>icons/option.view.fo.png</texturefocus>
						<texturenofocus>icons/option.view.png</texturenofocus>						
						<label>View Playlist</label>
						<font>font12</font>
						<aligny>top</aligny>
						<onleft>50</onleft>
						<onright>99</onright>
						<onup>50</onup>
						<ondown>3</ondown>
					</control>
					<control type="radiobutton" id="201">	<!-- option.fanart -->
						<posy>163</posy>	
						<posx>489</posx>
						<width>155</width>
						<height>155</height>
						<label>Enable Fanart</label>
						<font>font12</font>
						<aligny>top</aligny>
						<texturefocus>icons/views.options/fanart.fo.png</texturefocus>
						<texturenofocus>icons/views.options/fanart.png</texturenofocus>						
						<onclick>Skin.ToggleSetting(Movies.Library.Fanart.Enabled)</onclick>
						<selected>Skin.HasSetting(Movies.Library.Fanart.Enabled)</selected>
						<onleft>19</onleft>
						<onright>50</onright>
						<onup>17</onup>
						<ondown>50</ondown>
					</control>
												
			</control>			
								
		</control>

		
		<include>NXE.Console.Logo</include>	
		<include>NXE.XboxLive.GamerCard</include>
		
		<!-- control.group.buttons -->
		<control type="group" id="8000">
			<posx>124</posx>
			<posy>660</posy>
			<!--only visible if current window is active  -->
			<visible>Container.hasFocus(12)</visible>
			
			<!-- group.button.(A) -->
			<control type="group">
				<posx>10</posx>
				<control type="button">
					<posy>0</posy>
					<posx>0</posx>
					<width>40</width>
					<height>40</height>
					<label>-</label>
					<font>-</font>
					<aligny>-</aligny>
					<onclick>-</onclick>
					<texturefocus>common/controller.buttons/a-fo.png</texturefocus>
					<texturenofocus>common/controller.buttons/a.png</texturenofocus>
					<onleft>-</onleft>
					<onright>20</onright>
					<onup>51</onup>
					<ondown>300</ondown>
				</control>
				<control type="label">
					<posy>0</posy>
					<posx>40</posx>
					<width>580</width>
					<height>35</height>
					<font>font12bold</font>
					<textcolor>white</textcolor>
					<align>left</align>
					<aligny>center</aligny>
					<label>Select</label>
				</control>
			</control>

			<!-- group.button.(b) -->
			<control type="group">	
				<posx>110</posx>
				<control type="button">
					<posy>0</posy>
					<posx>0</posx>
					<width>40</width>
					<height>40</height>
					<label>-</label>
					<font>-</font>
					<aligny>-</aligny>
					<onclick>-</onclick>
					<texturefocus>common/controller.buttons/b-fo.png</texturefocus>
					<texturenofocus>common/controller.buttons/b.png</texturenofocus>
					<onleft>19</onleft>
					<onright>21</onright>
					<onup>51</onup>
					<ondown>300</ondown>
				</control>
				<control type="label">
					<posy>0</posy>
					<posx>40</posx>
					<width>580</width>
					<height>35</height>
					<font>font12bold</font>
					<textcolor>white</textcolor>
					<align>left</align>
					<aligny>center</aligny>
					<label>Back</label>
				</control>
			</control>
		
			<!-- group.button.(Y) -->
			<control type="group">	
				<posx>200</posx>
				<control type="button" id="8004">
					<posy>0</posy>
					<posx>0</posx>
					<width>40</width>
					<height>40</height>
					<label>-</label>
					<font>-</font>
					<aligny>-</aligny>
					<onclick>Control.setFocus(9001)</onclick>
					<texturefocus>common/controller.buttons/y-fo.png</texturefocus>
					<texturenofocus>common/controller.buttons/y.png</texturenofocus>
					<onleft>19</onleft>
					<onright>21</onright>
					<onup>51</onup>
					<ondown>300</ondown>
				</control>
				<control type="label">
					<posy>0</posy>
					<posx>40</posx>
					<width>580</width>
					<height>35</height>
					<font>font12bold</font>
					<textcolor>white</textcolor>
					<align>left</align>
					<aligny>center</aligny>
					<label>Options</label>
				</control>

			</control>
					
			
		</control>
		
	</controls>

</window>