<window id="25">
	<defaultcontrol always="true">51</defaultcontrol>
	<allowoverlay>no</allowoverlay>
	<!-- <backgroundcolor>0x00000000</backgroundcolor> -->
	<views>51,52,53,56,422,423</views>
	
	<controls>
		
		<control type="group">				<!-- window.fanart -->
			<control type="image">				<!-- window.global.background -->
				<visible>!Skin.HasSetting(Settings.Movies.Fanart.Enabled) | IsEmpty(ListItem.Property(Fanart_Image) | IsEmpty(ListItem.Property(Fanart.Image)</visible>
				<include>NXE.Global.Background</include>
			</control>
			<control type="image">				<!-- fanart.movies -->
				<visible>Skin.HasSetting(Settings.Movies.Fanart.Enabled) + Container.Content(Movies) + !IsEmpty(ListItem.Property(Fanart_Image))</visible>
				<posx>0</posx>
				<posy>0</posy>
				<width>1280</width>
				<height>720</height>
				<texture background="true">$INFO[ListItem.Property(Fanart_Image)]</texture>
				<fadetime>Const.Fanart.CrossFade.Time</fadetime>
				<include>Animation.Fanart.Fade</include>
			</control>
			<control type="image">				<!-- fanart.tv.shows (TvShows, Episodes & RecentlyAddedEpisodes) -->
				<visible>Skin.HasSetting(Settings.TvShows.Fanart.Enabled) + [Container.Content(TVShows) + !Control.IsVisible(422)]</visible>
				<posx>0</posx>
				<posy>0</posy>
				<width>1280</width>
				<height>720</height>
				<texture background="true">$INFO[ListItem.Property(Fanart_Image)]</texture>
				<fadetime>Const.Fanart.CrossFade.Time</fadetime>
				<include>Animation.Fanart.Fade</include>
				<!-- <visible>Skin.HasSetting(Settings.TvShows.Fanart.Enabled)</visible> -->
				<!-- <visible>Skin.HasSetting(Settings.TvShows.Fanart.Enabled) + [!Container.Content(TVShows) + !Control.IsVisible(422)] | [Container.Content(Episodes) + SubString(Container.FolderPath,VideoDb://5/)]</visible> -->
			</control>
			<control type="image">				<!-- fanart.tv.shows  (Seasons, Episodes & Not RecentlyAddedEpisodes) -->
				<visible>Skin.HasSetting(Settings.TvEpisodes.Fanart.Enabled) + [Container.Content(Seasons) | [Container.Content(Episodes) + !SubString(Container.FolderPath,VideoDb://5/)]]</visible>
				<posx>0</posx>
				<posy>0</posy>
				<width>1280</width>
				<height>720</height>
				<info>Fanart.Image</info>
				<texture background="true">$INFO[Fanart.Image]</texture>
				<fadetime>Const.Fanart.Crossfade.Time</fadetime>
				<include>Animation.Fanart.Fade</include>
				<!-- <visible>Container.Content(Seasons) | [Container.Content(Episodes) + !SubString(Container.FolderPath,VideoDb://5/)]</visible> -->
			</control>
			<control type="image">				<!-- fanart.music.videos = (MusicVideos, Artists, Albums) -->
				<posx>0</posx>
				<posy>0</posy>
				<width>1280</width>
				<height>720</height>
				<texture background="true">$INFO[ListItem.Property(Fanart_Image)]</texture>
				<fadetime>Const.Fanart.Crossfade.Time</fadetime>
				<include>Animation.Fanart.Fade</include>
				<visible>!Skin.HasSetting(Settings.MusicVideos.Fanart.Enabled)</visible>
				<visible>Container.Content(MusicVideos) | Container.Content(Artists) | Container.Content(Albums)</visible>
			</control>
			<control type="image">				<!-- fanart.plugins -->
				<posx>0</posx>
				<posy>0</posy>
				<width>1280</width>
				<height>720</height>
				<texture background="true">$INFO[Container.FolderName,special://skin/images/backgrounds/,.jpg]</texture>
				<!-- <texture background="true">special://home/plugins/Video/$INFO[Container.FolderName]/default.fanart.jpg</texture> -->
				<fadetime>Const.Fanart.CrossFade.Time</fadetime>
				<include>Animation.Fanart.Fade</include>
				<visible>SubString(Container.FolderPath,plugin://video/,left)</visible>
			</control>
		</control>
		<control type="image">				<!-- window.stage -->
			<visible>[Skin.HasSetting(Settings.Movies.Fanart.Enabled)  | Skin.HasSetting(Global.Wallpaper.Enabled) + [!IsEmpty(ListItem.Property(Fanart_Image)) | !IsEmpty(ListItem.Property(Fanart.Image)) | !IsEmpty(Fanart.Image)]] + !Control.IsVisible(56)</visible>
			<posx>0</posx>
			<posy>0</posy>
			<width>1280</width>
			<height>720</height>
			<texture>backgrounds/stages/04.png</texture>
			<aspectration>stretch</aspectration>
			<animation effect="fade" time="600" delay="400">Hidden</animation>
		</control>			
			
		<control type="group">				<!-- currently viewing labels (tvshows) -->
			<visible>!Control.IsVisible(3600) + [Container.Content(Seasons) | Container.Content(Episodes)]</visible>
			<control type="label">
				<posy>160</posy>
				<posx>1200</posx>
				<width>640</width>
				<font>font.28.bold</font>
				<label>$INFO[ListItem.TvShowTitle]</label>
				<scroll>false</scroll>
				<align>right</align>
			</control>
			<control type="label">
				<posy>192</posy>
				<posx>1200</posx>
				<width>640</width>
				<font>font18</font>
				<label>$INFO[ListItem.Season, Season ]</label>
				<scroll>false</scroll>
				<align>right</align>
			</control>
		</control>

		<control type="group">				<!-- window.library.labels -->
			<posx>1200</posx>
			<posy>112</posy>
			<visible>Control.IsVisible(51) | Control.IsVisible(53)</visible>
				<control type="label">			<!-- plugin name -->		
					<posx>0</posx>
					<posy>0</posy>
					<width>640</width>
					<font>font.36</font>
					<label>$INFO[Container.PluginName]</label>
					<align>right</align>
					<visible>SubString(Container.FolderPath,plugin://video/,left)</visible>
				</control>
				<control type="label">			<!-- plugins hub -->		
					<posx>0</posx>
					<posy>0</posy>
					<width>640</width>
					<font>font.36</font>
					<label>plugins hub</label>
					<align>right</align>
					<visible>StringCompare(Container.FolderPath,plugin://video/)</visible>
				</control>
				<control type="label">			<!-- video library hub -->		
					<posx>0</posx>
					<posy>0</posy>
					<width>640</width>
					<font>font.36</font>
					<label>video library hub</label>
					<align>right</align>
					<visible>IsEmpty(Container.FolderPath)</visible>
				</control>
				<control type="label">			<!-- movie library hub -->		
					<posx>0</posx>
					<posy>0</posy>
					<width>640</width>
					<font>font.36</font>
					<label>movie library hub</label>
					<scroll>false</scroll>
					<align>right</align>
					<visible>StringCompare(Container.FolderPath,videodb://1/)</visible>
				</control>
				<control type="label">			<!-- all movies -->
					<posx>0</posx>
					<posy>0</posy>
					<width>640</width>
					<font>font.36</font>
					<label>all movies</label>
					<scroll>false</scroll>
					<align>right</align>
					<visible>StringCompare(Container.FolderPath,videodb://1/2/)</visible>
				</control>			
				<control type="label">			<!-- genres -->
					<posx>0</posx>
					<posy>0</posy>
					<width>640</width>
					<font>font.28.bold</font>
					<label>Browsing $INFO[Container.FolderName]</label>
					<scroll>false</scroll>
					<align>right</align>
				</control>
				<control type="label">			<!-- items: xx | page x of x pages -->
					<posx>0</posx>
					<posy>54</posy>
					<width>640</width>
					<font>font.14.bold</font>
					<label>$INFO[Container.NumItems,, items| ]$INFO[Container.CurrentPage,page , of ]$INFO[Container.NumPages]</label>
					<align>right</align>
				</control>			
			
		</control>
		
		<control type="group">				<!-- window.views -->
			<include file="viewtype.posters.twist.xml">view.posters.twist</include> 			<!-- id = 51 -->
			<include file="viewtype.library.list.info.xml">view.library.list.info</include>		<!-- id = 52 -->
			<include file="viewtype.ws.thumbs.xml">view.ws.thumbs</include>						<!-- id = 422 -->
			<include file="viewtype.files.thumbs.xml">view.files.thumbs</include>				<!-- id = 423 -->
			<include file="viewtype.music.list.xml">view.music.list</include> 					<!-- view id = 56 -->
			<include file="viewtype.icons.twist.xml">view.albums</include> 						<!-- view id = 53 -->
		</control>
		
		<control type="wraplist" id="300">	<!-- media.options - recently added | actors | studios | genres | a-z -->
			<!-- <visible>Control.IsVisible(51) | Control.IsVisible(510)</visible> -->
			<visible>false</visible>
			<posy>0</posy>
			<posx>130</posx>
			<width>320</width>
			<height>196</height>
			<focusposition>4</focusposition>
			<scrolltime>200</scrolltime>
			<onup>-</onup>
			<ondown>-</ondown>
			<onleft>51</onleft>
			<onright>51</onright>				
				<itemlayout height="26">
					<control type="label">
						<posx>5</posx>
						<width>320</width>
						<font>font.14.bold</font>
						<info>ListItem.Label</info>
						<textcolor>FF999999</textcolor>
						<align>left</align>
					</control>
				</itemlayout>
				<focusedlayout height="36">
					<control type="label">
						<posx>5</posx>
						<width>320</width>
						<font>font.26.bold</font>
						<info>ListItem.Label</info>
						<textcolor>white</textcolor>
						<align>left</align>
					</control>
				</focusedlayout>
				<content>
					<item id="2">
						<label>All Movies</label>
						<onclick>ActivateWindow(VideoLibrary,MovieTitles,Return)</onclick>
						<onfocus>Xbmc.Notification(A, B)</onfocus>
					</item>
					<item id="3">
						<label>By Genre</label>
						<onclick>ActivateWindow(VideoLibrary,MovieGenres,PreviousMenu)</onclick>
					</item>
					<item id="4">
						<label>By Year</label>
						<onclick>ActivateWindow(VideoLibrary,MovieYears,Return)</onclick>
					</item>
					<item id="5">
						<label>Recently Added</label>
						<onclick>ActivateWindow(VideoLibrary,RecentlyAddedMovies,Return)</onclick>
					</item>
					<item id="1">
						<label>...</label>
						<onclick>-</onclick>
					</item> 
					<item id="6">
						<label>By Actors</label>
						<onclick>ActivateWindow(VideoLibrary,MovieActors,Return)</onclick>
					</item>
					<item id="7">
						<label>By Studios</label>
						<onclick>ActivateWindow(VideoLibrary,MovieStudios,Return)</onclick>
					</item>
					<item id="8">
						<label>By Directors</label>
						<onclick>ActivateWindow(VideoLibrary,MovieDirectors,Return)</onclick>
					</item>
					<item id="9">
						<label>A-Z</label>
						<onclick>Control.SetFocus(510)</onclick>
						<visible>Container.Content(Movies)</visible>
					</item>
			</content>
		</control>
	
		<control type="group">				<!-- [INCLUDES] Avatar -->
			<posy>188</posy>
			<posx>972</posx>
			<animation effect="fade" delay="400" time="650">WindowOpen</animation>
			<animation effect="fade" time="350">WindowClose</animation>
			<!-- <visible>Control.IsVisible(51)</visible> -->
			<visible>false</visible>
				<include>NXE.XboxLive.Gamer.Avatar</include>
		</control>
		<control type="group">				<!-- [INCLUDES] NowPlaying -->
			<include>VisibleFadeEffect</include>
			<visible>Player.HasMedia + !Control.IsVisible(56)</visible>
				
				<control type="image">			<!-- background -->
					<posy>632</posy>
					<posx>0</posx>
					<width>1280</width>
					<height>88</height>
					<texture>bg/black.png</texture>
					<include>backgroundfade</include>
					<fadetime>FanartCrossfadeTime</fadetime>
				</control>
				<control type="group">			<!-- media.player.nowPlaying -->
					<posy>160</posy>
					<posx>1020</posx>
					<include>CommonNowPlaying</include>
				</control>
				<control type="group">			<!-- media.player.controls -->
					<posy>630</posy>
					<posx>540</posx>
					<include>CommonNowPlaying_Controls</include>
				</control>
				
		</control>
		<control type="group">				<!-- [INCLUDES] Media.Player.Controls - Custom --->
			<posx>0</posx>
			<posy>168</posy>
			<animation effect="slide" start="-398" end="0" time="800" delay="800" reversible="true">WindowOpen</animation>
			<animation effect="slide" end="-398" time="800" reversible="false">WindowClose</animation>
			<animation effect="slide" start="-398" end="0" time="800" delay="800" reversible="true">VisibleChange</animation>
			<visible>Player.HasMedia + !SubString(MusicPlayer.Title,ambiance) + Control.IsVisible(56)</visible>
				
				<control type="image">		<!-- background -->
					<posx>0</posx>
					<posy>0</posy>
					<width>398</width>
					<height>400</height>
					<texture>bg/transparency.png</texture>
				</control>
				<control type="group">		<!-- media.player.nowPlaying -->
					<posx>0</posx>
					<posy>0</posy>
					<include>Media.Player.NowPlaying</include>
				</control>
				<control type="group">		<!-- media.player.controls -->
					<posx>0</posx>
					<posy>310</posy>
					<include>Media.Player.Controls</include>
				</control>
		</control>
		
		<include>NXE.Console.Logo</include>		
		<!-- <include condition="NXE.XboxLive.GamerCard.Enabled">NXE.XboxLive.GamerCard</include> -->
		<!-- <include>NXE.XboxLive.GamerCard</include> -->
			
		<control type="group" id="9000">	<!-- [LIBRARY.OPTIONS] -->

			<control type="image">					<!-- window.background -->
				<posx>0</posx>
				<posy>0</posy>
				<width>1280</width>
				<height>720</height>
				<texture>bg/overlay.png</texture>
				<aspectration>stretch</aspectration>
				<visible>ControlGroup(9000).HasFocus | ControlGroup(9001).HasFocus</visible>
				<animation effect="fade" start="0" end="100" time="400">VisibleChange</animation>
				<!-- <animation effect="fade" start="100" end="0" time="400">Hidden</animation> -->
			</control>				
			<control type="label">					<!-- window.header -->
				<description>header label</description>
				<posy>142</posy>
				<posx>280</posx>
				<width>740</width>
				<height>30</height>
				<font>font16caps</font>
				<label>Options</label>
				<align>left</align>
				<aligny>center</aligny>
				<textcolor>white</textcolor>
				<shadowcolor>black</shadowcolor>
				<visible>ControlGroup(9000).HasFocus | ControlGroup(9001).HasFocus</visible>
			</control>
											
			<control type="button" id="9001">		<!-- button.dummy (used to accept focus)-->
				<posy>280</posy>
				<posx>200</posx>
				<width>160</width>
				<height>160</height>
				<texturefocus>-</texturefocus>
				<texturenofocus>-</texturenofocus>
				<label>-</label>
				<onfocus>Control.SetFocus(2)</onfocus>
			</control>					
										
			<!-- [CONTROL.GROUP] Option Buttons -->
			<control type="group">
				<posy>201</posy>
				<posx>318</posx>
				<width>644</width>
				<height>318</height>
				<onup>8004</onup>		<!-- focus on the y button -->
				<ondown>8004</ondown>	<!-- focus on the y button -->
				<visible>ControlGroup(9000).HasFocus | ControlGroup(9001).HasFocus</visible>
				
				<animation type="VisibleChange" reversible="false">
					<effect type="zoom" start="60" end="100" center="auto" easing="out" tween="back" time="300" />
					<effect type="fade" start="0" end="100" time="300" />
				</animation>
				<animation type="Hidden" reversible="false">
					<effect type="zoom" start="100" end="80" center="auto" easing="in" tween="back" time="300" />
					<effect type="fade" start="100" end="0" time="300" />
				</animation>
				<animation type="WindowClose" reversible="false">
					<effect type="zoom" start="100" end="80" center="auto" easing="in" tween="back" time="300" />
					<effect type="fade" start="100" end="0" time="300" />
				</animation>					
					
					<control type="button" id="2">				<!-- toggle.views -->
						<posy>0</posy>
						<posx>0</posx>
						<width>155</width>
						<height>155</height>
						<texturefocus>icons/views.options/views.fo.png</texturefocus>
						<texturenofocus>icons/views.options/views.png</texturenofocus>						
						<label>-</label>
						<font>font12</font>
						<aligny>top</aligny>
						<onleft>-</onleft>
						<onright>3</onright>
						<onup>51</onup>
						<ondown>14</ondown>
					</control>
					<control type="button" id="3">				<!-- sort.option -->
						<posy>0</posy>
						<posx>163</posx>
						<width>155</width>
						<height>155</height>
						<texturefocus>icons/views.options/sort.fo.png</texturefocus>
						<texturenofocus>icons/views.options/sort.png</texturenofocus>
						<label>103</label>no
						<font>font12</font>
						<aligny>top</aligny>
						<onleft>2</onleft>
						<onright>99</onright>
						<onup>51</onup>
						<ondown>19</ondown>
					</control>						
					<control type="radiobutton" id="99">		<!-- library.mode -->
						<posy>0</posy>
						<posx>326</posx>
						<width>155</width>
						<height>155</height>
						<label>$LOCALIZE[29800]</label>
						<font>font12</font>
						<aligny>top</aligny>
						<texturefocus>icons/views.options/library.fo.png</texturefocus>
						<texturenofocus>icons/views.options/library.png</texturenofocus>						
						<onclick>ReplaceWindow(VideoFiles)</onclick>
						<selected>Window.IsVisible(VideoLibrary)</selected>
						<onleft>3</onleft>
						<onright>16</onright>
						<onup>51</onup>
						<ondown>17</ondown>
					</control>	
					<control type="radiobutton" id="16">		<!-- party.mode -->
						<posy>0</posy>
						<posx>489</posx>
						<width>155</width>
						<height>155</height>
						<label>589</label>
						<font>font12bold</font>
						<aligny>top</aligny>
						<texturefocus>icons/views.options/party.mode.fo.png</texturefocus>
						<texturenofocus>icons/views.options/party.mode.png</texturenofocus>						
						<onleft>99</onleft>
						<onright>-</onright>
						<onup>51</onup>
						<ondown>201</ondown>
						<!-- <visible>Container.Content(MusicVideos) | Container.Content(Artists) | Container.Content(Albums)</visible> -->
					</control>
												
				<control type="radiobutton" id="14">			<!-- hide.watched -->
					<posy>163</posy>
					<posx>0</posx>
					<width>155</width>
					<height>155</height>
					<label>20367</label>
					<font>font12bold</font>
					<aligny>top</aligny>
					<texturefocus>icons/views.options/hide.watched.fo.png</texturefocus>
					<texturenofocus>icons/views.options/hide.watched.png</texturenofocus>						
					<onleft>-</onleft>
					<onright>19</onright>
					<onup>2</onup>
					<ondown>51</ondown>
				</control>	
				<control type="radiobutton" id="19">			<!-- filter -->
					<posy>163</posy>
					<posx>163</posx>
					<width>155</width>
					<height>155</height>
					<label>587</label>
					<font>font12bold</font>
					<aligny>top</aligny>
					<texturefocus>icons/views.options/filter.fo.png</texturefocus>
					<texturenofocus>icons/views.options/filter.png</texturenofocus>						
					<onleft>14</onleft>
					<onright>17</onright>
					<onup>3</onup>
					<ondown>51</ondown>
				</control>
				<control type="radiobutton" id="17">			<!-- flatten -->
					<posy>163</posy>
					<posx>326</posx>
					<width>155</width>
					<height>155</height>
					<label>20411</label>
					<font>font12bold</font>
					<aligny>top</aligny>
					<texturefocus>icons/views.options/flatten.fo.png</texturefocus>
					<texturenofocus>icons/views.options/flatten.png</texturenofocus>						
					<onleft>19</onleft>
					<onright>201</onright>
					<onup>99</onup>
					<ondown>51</ondown>
				</control>
					
				<control type="radiobutton" id="201">			<!-- fanart.movies -->
					<posy>163</posy>	
					<posx>489</posx>
					<width>155</width>
					<height>155</height>
					<label>Enable Fanart</label>
					<font>font12bold</font>
					<aligny>top</aligny>
					<texturefocus>icons/views.options/fanart.fo.png</texturefocus>
					<texturenofocus>icons/views.options/fanart.png</texturenofocus>						
					<onclick>Skin.ToggleSetting(Settings.Movies.Fanart.Enabled)</onclick>
					<selected>Skin.HasSetting(Settings.Movies.Fanart.Enabled)</selected>
					<onleft>17</onleft>
					<onright>-</onright>
					<onup>16</onup>
					<ondown>51</ondown>
					<visible>Container.Content(Movies) + !Control.IsVisible(508)</visible>						
				</control>
				<control type="radiobutton" id="201">			<!-- fanart.tv.shows -->
					<posy>163</posy>	
					<posx>489</posx>
					<width>155</width>
					<height>155</height>
					<label>Enable Fanart</label>
					<font>font12bold</font>
					<aligny>top</aligny>
					<texturefocus>icons/views.options/fanart.fo.png</texturefocus>
					<texturenofocus>icons/views.options/fanart.png</texturenofocus>	
					<onclick>Skin.ToggleSetting(Settings.TvShows.Fanart.Enabled)</onclick>
					<selected>Skin.HasSetting(Settings.TvShows.Fanart.Enabled)</selected>
					<visible>Container.Content(TVShows) + !Control.IsVisible(422)</visible>
					<onleft>17</onleft>
					<onright>-</onright>
					<onup>16</onup>
					<ondown>-</ondown>
				</control>
				<control type="radiobutton" id="201">			<!-- fanart.tv.episodes -->
					<posy>163</posy>	
					<posx>489</posx>
					<width>155</width>
					<height>155</height>
					<label>Enable Fanart</label>
					<font>font12bold</font>
					<aligny>top</aligny>
					<texturefocus>icons/views.options/fanart.fo.png</texturefocus>
					<texturenofocus>icons/views.options/fanart.png</texturenofocus>	
					<onclick>Skin.ToggleSetting(Settings.TvEpisodes.Fanart.Enabled)</onclick>
					<selected>Skin.HasSetting(Settings.TvEpisodes.Fanart.Enabled)</selected>
					<visible>Container.Content(Seasons) | Container.Content(Episodes)</visible>
					<onleft>17</onleft>
					<onright>-</onright>
					<onup>16</onup>
					<ondown>-</ondown>
				</control>
				<control type="radiobutton" id="203">			<!-- fanart.music.videos -->
					<posy>163</posy>	
					<posx>489</posx>
					<width>155</width>
					<height>155</height>					
					<texturefocus>icons/views.options/fanart.fo.png</texturefocus>
					<texturenofocus>icons/views.options/fanart.png</texturenofocus>	
					<font>font12bold</font>
					<aligny>top</aligny>
					<label>31307</label>
					<onclick>Skin.ToggleSetting(Settings.MusicVideos.Fanart.Enabled)</onclick>
					<selected>Skin.HasSetting(Settings.MusicVideos.Fanart.Enabled)</selected>
					<visible>Container.Content(MusicVideos) | Container.Content(Artists) | Container.Content(Albums)</visible>
				</control>
												
			</control>			
										
		</control>
	
		<control type="group" id="8000">	<!-- [INCLUDES] NXE.Controller.Buttons -->
			<posx>124</posx>
			<posy>660</posy>
			
				<include>NXE.Controller.Button.A</include>
				<include>NXE.Controller.Button.B</include>
				
				<control type="group">			<!-- dpad (up) -->
					<posx>200</posx>
					<visible>Control.IsVisible(700) | Control.IsVisible(422) | Control.IsVisible(424)</visible>
					<animation type="Visible" reversible="false">
						<effect type="zoom" start="0" end="100" center="220" easing="out" tween="back" delay="200" time="800" />
						<effect type="fade" start="0" end="100" time="300" />
					</animation>
					<animation type="Hidden" reversible="false">
						<effect type="zoom" start="100" end="0" center="200" easing="in" tween="back" time="800" />
						<effect type="fade" start="100" end="0" time="300" />
					</animation>					
						<control type="image">
							<posy>0</posy>
							<posx>0</posx>
							<width>40</width>
							<height>40</height>
							<texture>common/controller.buttons/dpad.up.png</texture>
						</control>
						<control type="label">
							<posx>40</posx>
							<posy>0</posy>
							<width>580</width>
							<height>35</height>
							<font>font12bold</font>
							<textcolor>white</textcolor>
							<align>left</align>
							<aligny>center</aligny>
							<label>Options</label>
						</control>
				</control>
				<control type="group">			<!-- dpad (up)  		control.id = 51 (poster view) -->
				<posx>200</posx>
				<visible>Control.HasFocus(51)</visible>
					<animation type="Visible" reversible="false">
						<effect type="zoom" start="0" end="100" center="220" easing="out" tween="back" delay="200" time="800" />
						<effect type="fade" start="0" end="100" time="300" />
					</animation>
					<animation type="Hidden" reversible="false">
						<effect type="zoom" start="100" end="0" center="200" easing="in" tween="back" time="800" />
						<effect type="fade" start="100" end="0" time="300" />
					</animation>					
						<control type="image">
							<posy>0</posy>
							<posx>0</posx>
							<width>40</width>
							<height>40</height>
							<texture>common/controller.buttons/dpad.up.png</texture>
						</control>
						<control type="label">
							<posx>40</posx>
							<posy>0</posy>
							<width>580</width>
							<height>35</height>
							<font>font.12.bold</font>
							<textcolor>white</textcolor>
							<align>left</align>
							<aligny>center</aligny>
							<label>Categories</label>
						</control>
				</control>
				<control type="group">			<!-- dpad (down) 	control.id = 51 (poster view) -->
					<posx>340</posx>
					<visible>Control.HasFocus(51)</visible>
					<animation type="Visible" reversible="false">
						<effect type="zoom" start="0" end="100" center="340" easing="out" tween="back" delay="200" time="800" />
						<effect type="fade" start="0" end="100" time="300" />
					</animation>
					<animation type="Hidden" reversible="false">
						<effect type="zoom" start="100" end="0" center="340" easing="in" tween="back" time="800" />
						<effect type="fade" start="100" end="0" time="300" />
					</animation>					
					<!-- <animation type="slide" start="0" end="800" time="200" condition="Control.HasFocus(51)">conditional</animation> -->
						<control type="image">
							<posy>0</posy>
							<posx>0</posx>
							<width>40</width>
							<height>40</height>
							<texture>common/controller.buttons/dpad.down.png</texture>
						</control>
						<control type="label">
							<posx>40</posx>
							<posy>0</posy>
							<width>580</width>
							<height>35</height>
							<font>font12bold</font>
							<textcolor>white</textcolor>
							<align>left</align>
							<aligny>center</aligny>
							<label>Options</label>
						</control>
				</control>		
				<control type="group">			<!-- dpad (right) 	control.id = 300 (poster view) -->
					<posx>200</posx>
					<visible>Control.HasFocus(300)</visible>
					<animation type="Visible" reversible="false">
						<effect type="zoom" start="0" end="100" center="200" easing="out" tween="back" delay="200" time="800" />
						<effect type="fade" start="0" end="100" time="300" />
					</animation>
					<animation type="Hidden" reversible="false">
						<effect type="zoom" start="100" end="0" center="200" easing="in" tween="back" time="800" />
						<effect type="fade" start="100" end="0" time="300" />
					</animation>					
					<!-- <animation type="slide" start="0" end="800" time="200" condition="Control.HasFocus(51)">conditional</animation> -->
						<control type="image">
							<posy>0</posy>
							<posx>0</posx>
							<width>40</width>
							<height>40</height>
							<texture>common/controller.buttons/dpad.right.png</texture>
						</control>
						<control type="label">
							<posx>40</posx>
							<posy>0</posy>
							<width>580</width>
							<height>35</height>
							<font>font.12.bold</font>
							<textcolor>white</textcolor>
							<align>left</align>
							<aligny>center</aligny>
							<label>Navigate</label>
						</control>
				</control>		
								
				<control type="group">			<!-- dpad (left) -->
					<posx>200</posx>
					<visible>Control.IsVisible(50)</visible>
					<animation type="Visible" reversible="false">
						<effect type="zoom" start="0" end="100" center="220" easing="out" tween="back" delay="200" time="800" />
						<effect type="fade" start="0" end="100" time="300" />
					</animation>
					<animation type="Hidden" reversible="false">
						<effect type="zoom" start="100" end="80" center="200" easing="in" tween="back" time="800" />
						<effect type="fade" start="100" end="0" time="300" />
					</animation>					
						<control type="image">
							<posy>0</posy>
							<posx>0</posx>
							<width>40</width>
							<height>40</height>
							<texture>common/controller.buttons/dpad.left.png</texture>
						</control>
						<control type="label">
							<posx>40</posx>
							<posy>0</posy>
							<width>580</width>
							<height>35</height>
							<font>font12bold</font>
							<textcolor>white</textcolor>
							<align>left</align>
							<aligny>center</aligny>
							<label>Options</label>
						</control>
				</control>		
		
		</control>
		
		<control type="label" id="90210">	<!-- [DEBUG.LABEL] -->
			<posy>690</posy>
			<posx>0</posx>
			<width>1280</width>
			<height>28</height>
			<align>center</align>
			<aligny>center</aligny>
			<font>font12</font>
			<textcolor>white</textcolor>
			<!-- <label>FolderPath: $INFO[Container.FolderPath] | FolderName: $INFO[Container.FolderName] | ItemFolderName: $INFO[ListItem.FolderName] | PluginName: $INFO[Container.PluginName] | $INFO[System.CurrentWindow]</label> -->
			<label>Theme: $INFO[Skin.CurrentTheme] | FolderPath: $INFO[Container.FolderPath] | FolderName: $INFO[Container.FolderName] | PluginName: $INFO[Container.PluginName] | $INFO[System.CurrentWindow]</label>
			<visible>true</visible>
		</control>
			
	</controls>

</window>
