<window type="dialog" id="114">
	<defaultcontrol always="true">7003</defaultcontrol>
	
	<controls>
					
		<control type="group">
		
			<animation type="WindowOpen" reversible="false">
				<effect type="fade" start="0" end="100" time="100" />
				<!-- <effect type="zoom" start="0" end="100" time="500" center="640,340" tween="back" easing="out" /> -->
			</animation>
			<animation type="Visible" reversible="false">
				<effect type="fade" start="0" end="100" time="100" />
				<!-- <effect type="zoom" start="0" end="100" time="500" center="640,340" tween="back" easing="out" /> -->
			</animation>
			<animation type="Hidden" reversible="false">
				<!-- <effect type="zoom" start="100" end="0" time="500" delay="300" center="640,340" tween="back" easing="out" /> -->
				<effect type="fade" start="100" end="0" time="100" delay="300" />
			</animation>
			<animation type="WindowClose" reversible="false">
				<!-- <effect type="zoom" start="100" end="0" time="500" delay="300" center="640,340" tween="back" easing="out" /> -->
				<effect type="fade" start="100" end="0" time="100" delay="300" />
			</animation>
			
			<control type="image">			<!-- window.background -->
				<posx>0</posx>
				<posy>0</posy>
				<width>1280</width>
				<height>720</height>
				<texture>bg/overlay.png</texture>
			</control>

			<control type="group">			<!-- MEDIA GUIDE: left.blade.3 -->
				<width>112</width>
				<height>382</height>
				<animation type="WindowOpen" reversible="false">
					<effect type="slide" start="56" end="0" time="300" delay="400" />
				</animation>
				<animation type="WindowClose" reversible="false">
					<effect type="slide" start="0" end="112" time="200" />
				</animation>
				<animation type="Conditional" condition="Control.HasFocus(9102)" reversible="false">
					<effect type="slide" start="79" end="0" time="300" delay="0" />
					<!-- <effect type="zoom" start="253,153,112,412" end="194,170,112,382" time="300" delay="50" /> -->
				</animation>
				<animation type="Conditional" condition="!Control.HasFocus(9102)" reversible="false">
					<effect type="slide" start="0" end="0" time="300" />
					<!-- <effect type="zoom" start="198,170,112,382" end="254,153,112,412" time="300" /> -->
				</animation>
				<animation type="Conditional" condition="Control.HasFocus(9103)" reversible="false">
					<effect type="slide" start="0" end="56" time="300" />
				</animation>
				<animation type="Conditional" condition="!Control.HasFocus(9103)" reversible="false">
					<effect type="slide" start="56" end="0" time="300" />
				</animation>
					<control type="image">
						<posx>198</posx>
						<posy>204</posy>
						<width>112</width>
						<height>320</height>
						<texture>osd/media-guide/blade-left.png</texture>
						<aspectratio>stretch</aspectratio>
					</control>
					<control type="label">
						<posx>174</posx>
						<posy>300</posy>
						<width>200</width>
						<height>50</height>
						<label>System Info</label>
						<textcolor>white</textcolor>
						<font>font.12</font>
						<align>left</align>
						<animation effect="rotate" start="0" end="-90" center="auto" time="0">WindowOpen</animation>
						<animation effect="rotate" start="0" end="-90" center="auto" time="0">WindowClose</animation>
					</control>
			</control>			
			<control type="group">			<!-- MEDIA GUIDE: left.blade.2 -->
				<width>112</width>
				<height>382</height>
				<animation type="WindowOpen" reversible="false">
					<effect type="slide" start="56" end="0" time="300" delay="400" />
				</animation>
				<animation type="WindowClose" reversible="false">
					<effect type="slide" start="0" end="112" time="200" />
				</animation>
				<animation type="Conditional" condition="Control.HasFocus(9102)" reversible="false">
					<effect type="slide" start="53" end="0" time="300" delay="0" />
					<!-- <effect type="zoom" start="253,153,112,412" end="194,170,112,382" time="300" delay="50" /> -->
				</animation>
				<animation type="Conditional" condition="!Control.HasFocus(9102)" reversible="false">
					<effect type="slide" start="0" end="53" time="300" />
					<!-- <effect type="zoom" start="198,170,112,382" end="254,153,112,412" time="300" /> -->
				</animation>
				<animation type="Conditional" condition="Control.HasFocus(9103)" reversible="false">
					<effect type="slide" start="0" end="56" time="300" />
				</animation>
				<animation type="Conditional" condition="!Control.HasFocus(9103)" reversible="false">
					<effect type="slide" start="56" end="0" time="300" />
				</animation>
					<control type="image">
						<posx>194</posx>
						<posy>204</posy>
						<width>112</width>
						<height>320</height>
						<texture>osd/media-guide/blade-left.png</texture>
						<aspectratio>stretch</aspectratio>
					</control>
					<control type="label">
						<posx>174</posx>
						<posy>300</posy>
						<width>200</width>
						<height>50</height>
						<label>System Info</label>
						<textcolor>white</textcolor>
						<font>guidefont</font>
						<align>left</align>
						<animation effect="rotate" start="0" end="-90" center="auto" time="0">WindowOpen</animation>
						<animation effect="rotate" start="0" end="-90" center="auto" time="0">WindowClose</animation>
					</control>
			</control>
			<control type="group">			<!-- MEDIA GUIDE: lef.blade -->
				<width>112</width>
				<height>412</height>
				<animation type="WindowClose" reversible="false">
					<effect type="slide" start="0" end="112" time="200" />
				</animation>
				<animation type="Conditional" condition="Control.HasFocus(9102)" reversible="false">
					<effect type="slide" start="56" end="0" time="300" />
					<!-- <effect type="zoom" start="299,155,112,412" end="245,155,112,412" time="300" /> -->
				</animation>
				<animation type="Conditional" condition="!Control.HasFocus(9102)" reversible="false">
					<effect type="slide" start="0" end="56" time="300" delay="50" />
					<!-- <effect type="zoom" start="213,155,112,412" end="299,155,112,412" time="300" delay="50" /> -->
				</animation>					<control type="image"> 
						<posx>243</posx>
						<posy>204</posy>
						<width>112</width>
						<height>320</height>
						<texture>osd/media-guide/blade-left.png</texture>
						<aspectratio>stretch</aspectratio>
					</control>
					<control type="label">
						<posx>228</posx>
						<posy>300</posy>
						<width>200</width>
						<height>50</height>
						<label>Quick Nav</label>
						<textcolor>white</textcolor>
						<font>guidefont</font>
						<align>left</align>
						<animation effect="rotate" start="0" end="-90" center="auto" time="0">WindowOpen</animation>
						<animation effect="rotate" start="0" end="-90" center="auto" time="0">WindowClose</animation>
					</control>
			</control>
			<control type="group">			<!-- MEDIA GUIDE: right.blade -->
				<width>112</width>
				<height>320</height>
				<animation type="WindowOpen" reversible="false">
					<effect type="slide" start="-56" end="0" time="300" delay="400" />
				</animation>
				<animation type="WindowClose" reversible="false">
					<effect type="slide" start="0" end="-112" time="200" />
				</animation>
				<animation type="Conditional" condition="Control.HasFocus(9103)" reversible="false">
					<effect type="slide" start="0" end="53" time="300" delay="0" />
					<!-- <effect type="zoom" start="253,153,112,412" end="198,170,112,382" time="300" delay="50" /> -->
				</animation>
				<animation type="Conditional" condition="!Control.HasFocus(9103)" reversible="false">
					<effect type="slide" start="53" end="0" time="300" />
					<!-- <effect type="zoom" start="198,170,112,382" end="253,153,112,412" time="300" /> -->
				</animation>
				<animation type="Conditional" condition="Control.HasFocus(9102)" reversible="false">
					<effect type="slide" start="56" end="0" time="300" />
				</animation>
				<animation type="Conditional" condition="!Control.HasFocus(9102)" reversible="false">
					<effect type="slide" start="0" end="56" time="300" />
				</animation>
					<control type="image">
						<posx>863</posx>
						<posy>204</posy>
						<width>112</width>
						<height>320</height>
						<texture>osd/media-guide/blade-right.png</texture>
						<aspectratio>stretch</aspectratio>
					</control>
					<control type="label">
						<posx>782</posx>
						<posy>300</posy>
						<width>200</width>
						<height>50</height>
						<label>Skin Information</label>
						<textcolor>white</textcolor>
						<font>font.12</font>
						<align>left</align>
						<animation effect="rotate" start="0" end="-90" center="auto" time="0">WindowOpen</animation>
						<animation effect="rotate" start="0" end="-90" center="auto" time="0">WindowClose</animation>
					</control>
			</control>
			<control type="group">			<!-- MEDIA GUIDE: right.blade,2 -->
				<width>112</width>
				<height>320</height>
				<animation type="WindowClose" reversible="false">
					<effect type="slide" start="0" end="-112" time="200" />
				</animation>
				<animation type="Conditional" condition="Control.HasFocus(9103)" reversible="false">
					<effect type="slide" start="0" end="56" time="300" />
					<!-- <effect type="zoom" start="816,155,112,412" end="869,155,112,412" time="300" /> -->
				</animation>
				<animation type="Conditional" condition="!Control.HasFocus(9103)" reversible="false">
					<effect type="slide" start="56" end="0" time="300" delay="50" />
					<!-- <effect type="zoom" start="816,155,112,412" end="869,155,112,412" time="300" delay="50" /> -->
				</animation>
					<control type="image"> 
						<posx>869</posx>
						<posy>204</posy>
						<width>112</width>
						<height>320</height>
						<texture>osd/media-guide/blade-right.png</texture>
						<aspectratio>stretch</aspectratio>
					</control>
					<control type="label">
						<posx>790</posx>
						<posy>300</posy>
						<width>200</width>
						<height>50</height>
						<label>Xbmc Navigation</label>
						<textcolor>white</textcolor>
						<font>font.12</font>
						<align>left</align>
						<animation effect="rotate" start="0" end="-90" center="auto" time="0">WindowOpen</animation>
						<animation effect="rotate" start="0" end="-90" center="auto" time="0">WindowClose</animation>
					</control>
			</control>
			<control type="group">			<!-- MEDIA GUIDE: right.blade,3 -->
				<width>112</width>
				<height>320</height>
				<animation type="WindowOpen" reversible="false">
					<effect type="slide" start="-56" end="0" time="300" delay="400" />
				</animation>
				<animation type="WindowClose" reversible="false">
					<effect type="slide" start="0" end="-112" time="200" />
				</animation>					
					<control type="image"> 
						<posx>966</posx>
						<posy>204</posy>
						<width>112</width>
						<height>320</height>
						<texture>osd/media-guide/blade-right.png</texture>
						<aspectratio>stretch</aspectratio>
					</control>
					<control type="label">
						<posx>880</posx>
						<posy>300</posy>
						<width>200</width>
						<height>50</height>
						<label>Blade 3</label>
						<textcolor>white</textcolor>
						<font>font.12</font>
						<align>left</align>
						<animation effect="rotate" start="0" end="-90" center="auto" time="0">WindowOpen</animation>
						<animation effect="rotate" start="0" end="-90" center="auto" time="0">WindowClose</animation>
					</control>
			</control>
			
			<control type="image"> 			<!-- Center Panel -->	<!-- Allways Visible -->
				<posx>0</posx>
				<posy>0</posy>
				<width>1280</width>
				<height>720</height>
				<texture>osd/media-guide/center.png</texture>
				<aspectratio>stretch</aspectratio>
				<visible>true</visible>
			</control>
			
			<control type="label">			<!-- Xbmc Navigation -->
				<posx>190</posx>
				<posy>386</posy>
				<width>380</width>
				<height>50</height>
				<label>Xbmc Navigation</label>
				<textcolor>ff4C5868</textcolor>
				<font>font.16.bold</font>
				<align>left</align>
				<animation effect="fade" start="0" end="100" time="500" condition="ControlGroup(9100).HasFocus()">Conditional</animation>
				<animation effect="fade" start="100" end="0" time="500" condition="!ControlGroup(9100).HasFocus()">Conditional</animation>
				<animation effect="rotate" start="0" end="-90" center="auto" time="0">WindowOpen</animation>
				<animation effect="rotate" start="0" end="-90" center="auto" time="0">WindowClose</animation>
			</control>
			<control type="label">			<!-- Now Playing -->
				<posx>190</posx>
				<posy>386</posy>
				<width>380</width>
				<height>50</height>
				<label>Now Playing</label>
				<textcolor>ff4C5868</textcolor>
				<font>font.16</font>
				<align>left</align>
				<animation effect="fade" start="0" end="100" time="500" condition="ControlGroup(9101).HasFocus()">Conditional</animation>
				<animation effect="fade" start="100" end="0" time="500" condition="!ControlGroup(9101).HasFocus()">Conditional</animation>
				<animation effect="rotate" start="0" end="-90" center="auto" time="0">WindowOpen</animation>
				<animation effect="rotate" start="0" end="-90" center="auto" time="0">WindowClose</animation>
			</control>
			<control type="label">			<!-- System Info-->
				<posx>190</posx>
				<posy>386</posy>
				<width>380</width>
				<height>50</height>
				<label>System Information</label>
				<textcolor>ff4C5868</textcolor>
				<font>font.16</font>
				<align>left</align>
				<animation effect="fade" start="0" end="100" time="500" condition="Control.HasFocus(9103)">Conditional</animation>
				<animation effect="fade" start="100" end="0" time="500" condition="!Control.HasFocus(9103)">Conditional</animation>
				<animation effect="rotate" start="0" end="-90" center="auto" time="0">WindowOpen</animation>
				<animation effect="rotate" start="0" end="-90" center="auto" time="0">WindowClose</animation>
			</control>
			<control type="label">			<!-- Skin Information-->
				<posx>190</posx>
				<posy>386</posy>
				<width>380</width>
				<height>50</height>
				<label>Skin Information</label>
				<textcolor>ff4C5868</textcolor>
				<font>font.16</font>
				<align>left</align>
				<animation effect="fade" start="0" end="100" time="500" condition="Control.HasFocus(9102)">Conditional</animation>
				<animation effect="fade" start="100" end="0" time="500" condition="!Control.HasFocus(9102)">Conditional</animation>
				<animation effect="rotate" start="0" end="-90" center="auto" time="0">WindowOpen</animation>
				<animation effect="rotate" start="0" end="-90" center="auto" time="0">WindowClose</animation>
			</control>

			<!-- These are showin in all three windows Now playing controls and info -->
			<control type="label">			<!-- system.time -->
				<posx>360r</posx>
				<posy>170</posy>
				<width>170</width>
				<label>$INFO[System.Time]</label>
				<font>font.12.bold</font>
				<textcolor>white</textcolor>
				<align>right</align>
				<scroll>No</scroll>
			</control>
			<control type="rss">
				<posx>426</posx>
				<posy>170</posy>
				<width>440</width>
				<font>font.12</font>
				<urlset>1</urlset>
				<textcolor>white</textcolor>
				<titlecolor>white</titlecolor>
				<headlinecolor>white</headlinecolor>
			</control>
			<control type="image">			<!-- rss.icon -->
				<posx>380</posx>
				<posy>169</posy>
				<width>20</width>
				<height>20</height>
				<texture>osd/media-guide/rssicon.png</texture>
				<aspectratio>stretch</aspectratio>
			</control>
	
			<!-- Hidden buttons used for the animations -->
			<control type="button" id="9102"> <!-- Left Panel Buttons -->
				<visible allowhiddenfocus="true">Control.HasFocus(9102)</visible>
				<onleft>9100</onleft>
				<onright>9102</onright>
				<onup>9102</onup>
				<ondown>9101</ondown>
				<texturefocus>-</texturefocus>
				<texturenofocus>-</texturenofocus>
			</control>
			<control type="button" id="9103"> <!-- Right Panel Buttons -->
				<visible allowhiddenfocus="true">Control.HasFocus(9103)</visible>
				<onleft>9103</onleft>
				<onright>9100</onright>
				<onup>9103</onup>
				<ondown>9101</ondown>
				<texturefocus>-</texturefocus>
				<texturenofocus>-</texturenofocus>
			</control>
			<control type="button" id="7001"> <!-- system.info -->
				<visible allowhiddenfocus="true">Control.HasFocus(7001)</visible>
				<onleft>9103</onleft>
				<onright>9100</onright>
				<onup>9103</onup>
				<ondown>9101</ondown>
				<texturefocus>-</texturefocus>
				<texturenofocus>-</texturenofocus>
			</control>

			
			<control type="group">			<!-- Section.System.Information-->						

			</control>
		
		</control>

		<control type="group">						<!-- SECTION ID=7001 - System Information -->
			<visible allowhiddenfocus="true">Control.HasFocus(7001)</visible>
			<animation type="Conditional" condition="Control.HasFocus(7001)" reversible="false">
				<effect type="fade" start="0" end="100" time="400" />
			</animation>
				<!-- profile name -->
				<control type="label">
					<posx>470</posx>
					<posy>220</posy>
					<width>190</width>
					<font>font.12</font>
					<label>CURRENT PROFILE:</label>
					<textcolor>black</textcolor>
					<align>left</align>
				</control>
				<control type="label">
					<posx>720</posx>
					<posy>220</posy>
					<width>190</width>
					<font>font.12</font>
					<label>$INFO[System.ProfileName]</label>
					<textcolor>black</textcolor>
					<align>left</align>
					<scroll>false</scroll>
				</control>
				<!-- IP Address -->
				<control type="label">
					<posx>470</posx>
					<posy>265</posy>
					<width>190</width>
					<font>font.12</font>
					<label>IP ADDRESS:</label>
					<textcolor>black</textcolor>
					<align>left</align>
				</control>
				<control type="label">
					<posx>720</posx>
					<posy>265</posy>
					<width>190</width>
					<font>font.12</font>
					<label>$INFO[Network.IPAddress]</label>
					<textcolor>black</textcolor>
					<align>left</align>
					<scroll>false</scroll>
				</control>
				<!-- HDD Space -->
				<control type="label">
					<posx>470</posx>
					<posy>310</posy>
					<width>190</width>
					<font>font.12</font>
					<label>STORAGE AVAILABLE:</label>
					<textcolor>black</textcolor>
					<align>left</align>
				</control>
				<control type="label">
					<posx>720</posx>
					<posy>310</posy>
					<width>190</width>
					<font>font.12</font>
					<label>$INFO[System.Freespace]</label>
					<textcolor>black</textcolor>
					<align>left</align>
					<scroll>false</scroll>
				</control>
				<!-- Skin Info -->
				<control type="label">
					<posx>470</posx>
					<posy>405</posy>
					<width>190</width>
					<font>font.12</font>
					<label>SKIN VERSION:</label>
					<textcolor>black</textcolor>
					<align>left</align>
				</control>
				<control type="label">
					<posx>720</posx>
					<posy>405</posy>
					<width>190</width>
					<font>ListView</font>
					<label>v0.24 BETA 2</label>
					<textcolor>black</textcolor>
					<align>left</align>
					<scroll>false</scroll>
				</control>
				<!-- XBMC Info -->
				<control type="label">
					<posx>470</posx>
					<posy>450</posy>
					<width>190</width>
					<font>font.12</font>
					<label>XBMC VERSION:</label>
					<textcolor>black</textcolor>
					<align>left</align>
				</control>
				<control type="label">
					<posx>720</posx>
					<posy>450</posy>
					<width>190</width>
					<font>font.12</font>
					<label>$INFO[System.BuildVersion]</label>
					<textcolor>black</textcolor>
					<align>left</align>
				</control>
		</control>
		<control type="group" id="7003">			<!-- SECTION ID=7003 - XBOX Media Center Navigation -->
			<animation type="Conditional" condition="ControlGroup(7000).HasFocus()" reversible="false">
				<effect type="fade" start="0" end="100" time="400" />
			</animation>
				<control type="grouplist" id="9100">			<!-- navigation.buttons -->
					<visible allowhiddenfocus="true">ControlGroup(9100).HasFocus()</visible>
					<posx>424</posx>
					<posy>204</posy>
					<itemgap>0</itemgap>
					<orientation>vertical</orientation>
					<onleft>Control.SetFocus(7001)</onleft>
					<onright>9102</onright>
					<onup>9100</onup>
					<ondown>9100</ondown>
						<control type="button" id="1">			<!-- movies -->
							<width>494</width>
							<height>42</height>
							<textcolor>black</textcolor>
							<focusedcolor>white</focusedcolor>
							<font>font.12</font>
							<label>$LOCALIZE[31360]</label>
							<align>left</align>
							<texturenofocus>-</texturenofocus>
							<texturefocus>osd/media-guide/mediaguide-focus.png</texturefocus>
							<textoffsetx>23</textoffsetx>
							<onclick>ReplaceWindow(VideoLibrary,MovieTitles)</onclick>
							<onclick>Dialog.Close(114)</onclick>
						</control>
						<control type="button" id="2">			<!-- tvshows -->
							<width>494</width>
							<height>42</height>
							<textcolor>black</textcolor>
							<focusedcolor>white</focusedcolor>
							<font>font.12</font>
							<label>$LOCALIZE[31361]</label>
							<align>left</align>
							<texturenofocus>-</texturenofocus>
							<texturefocus>osd/media-guide/mediaguide-focus.png</texturefocus>
							<textoffsetx>23</textoffsetx>
							<onclick>ReplaceWindow(videolibrary,tvshowtitles)</onclick>
							<onclick>Dialog.Close(114)</onclick>
						</control>
						<control type="button" id="3">			<!-- music -->
							<width>494</width>
							<height>42</height>
							<textcolor>black</textcolor>
							<focusedcolor>white</focusedcolor>
							<font>font.12</font>
							<label>$LOCALIZE[31362]</label>
							<align>left</align>
							<texturenofocus>-</texturenofocus>
							<texturefocus>osd/media-guide/mediaguide-focus.png</texturefocus>
							<textoffsetx>23</textoffsetx>
							<onclick>ReplaceWindow(502)</onclick>
							<onclick>Dialog.Close(114)</onclick>
						</control>
						<control type="button" id="4">			<!-- games -->
							<width>494</width>
							<height>42</height>
							<textcolor>black</textcolor>
							<focusedcolor>white</focusedcolor>
							<font>font.12</font>
							<label>Games</label>
							<align>left</align>
							<texturenofocus>-</texturenofocus>
							<texturefocus>osd/media-guide/mediaguide-focus.png</texturefocus>
							<textoffsetx>23</textoffsetx>
						</control>
						<control type="button" id="5">			<!-- pictures -->
							<width>494</width>
							<height>42</height>
							<textcolor>black</textcolor>
							<focusedcolor>white</focusedcolor>
							<font>font.12</font>
							<label>$LOCALIZE[31363]</label>
							<align>left</align>
							<texturenofocus>-</texturenofocus>
							<texturefocus>osd/media-guide/mediaguide-focus.png</texturefocus>
							<textoffsetx>23</textoffsetx>
							<onclick>ReplaceWindow(2)</onclick>
							<onclick>Dialog.Close(114)</onclick>
							<!-- New Code for Newer Builds -->
							<textwidth>170</textwidth>
							<scroll>true</scroll>
						</control>
						<control type="button" id="6">			<!-- settings -->
							<width>494</width>
							<height>42</height>
							<textcolor>black</textcolor>
							<focusedcolor>white</focusedcolor>
							<font>font.12</font>
							<label>$LOCALIZE[31364]</label>
							<align>left</align>
							<texturenofocus>-</texturenofocus>
							<texturefocus>osd/media-guide/mediaguide-focus.png</texturefocus>
							<textoffsetx>23</textoffsetx>
							<onclick>ReplaceWindow(4)</onclick>
							<onclick>Dialog.Close(114)</onclick>
						</control>
						
					<!-- fake buttons so you can scroll up and down when media is not playing -->
					<control type="button" id="7">
						<width>215</width>
						<height>58</height>
						<onfocus>setfocus(1)</onfocus>
						<visible>!Player.HasMedia</visible>
					</control>
					<control type="button" id="7">
						<width>215</width>
						<height>58</height>
						<onfocus>setfocus(9101)</onfocus>
						<visible>Player.HasMedia</visible>
					</control>
					<control type="button" id="8">
						<width>215</width>
						<height>58</height>
						<onfocus>setfocus(6)</onfocus>
						<visible>!Player.HasMedia</visible>
					</control>
					<control type="button" id="8">
						<width>215</width>
						<height>58</height>
						<onfocus>setfocus(9101)</onfocus>
						<visible>Player.HasMedia</visible>
					</control>
				</control>
		</control>
		<control type="group" id="7004">			<!-- SECTION ID=7004 - Media Information & Controls -->
			<visible>Control.HasFocus(7004) | Player.HasAudio</visible>
				<control type="group">					<!-- now.playing.info -->
					<posx>449</posx>
					<posy>260</posy>
					<animation type="Conditional" condition="ControlGroup(7004).HasFocus()" reversible="false">
						<effect type="fade" start="0" end="100" time="300" />
					</animation>
					<visible allowhiddenfocus="true">ControlGroup(9101).HasFocus()</visible>
						<control type="group">			<!-- video-->
							<control type="image">
									<description>Poster</description>
									<posx>-2.5</posx>
									<posy>-2.5</posy>
									<width>455</width>
									<height>205</height>
									<texture>dialogs/video-info/trailer-back.png</texture>
									<aspectratio>stretch</aspectratio>
									<fadetime>300</fadetime>
									<visible>Player.HasVideo</visible>
							</control>
							<control type="videowindow">
								<posx>8.5</posx>
								<posy>2.5</posy>
								<width>440</width>
								<height>195</height>
								<aspectratio>stretch</aspectratio>
							</control>
							<control type="label">
								<posx>0</posx>
								<posy>-40</posy>
								<width>450</width>
								<label>$INFO[VideoPlayer.Title]</label>
								<font>font.12.bold</font>
								<align>center</align>
								<textcolor>black</textcolor>
							</control>
						</control>
						<control type="group">			<!-- music-->
							<posx>100</posx>
							<posy>-65</posy>
							<animation type="Conditional" condition="!Player.Paused" reversible="true">
								<effect type="slide" start="0" end="-20" time="500" delay="100" />
							</animation>
							<visible>Player.HasAudio</visible>
								<control type="image">
									<description>underlay</description>
									<posx>0</posx>
									<posy>35</posy>
									<width>250</width>
									<height>250</height>
									<texture>osd/music/underlay.png</texture>
									<aspectratio aligny="center" scalediffuse="false">keep</aspectratio>
								</control>
								<control type="image">
									<description>Thumb</description>
									<posx>32</posx>
									<posy>67</posy>
									<width>186</width>
									<height>186</height>
									<texture background="true" diffuse="osd/music/diffuse.png">$INFO[MusicPlayer.Cover]</texture>
									<aspectratio aligny="center" scalediffuse="false">keep</aspectratio>
									<fadetime>200</fadetime>
								</control>
								<control type="image">
									<description>Overlay</description>
									<posx>0</posx>
									<posy>35</posy>
									<width>250</width>
									<height>250</height>
									<texture>osd/music/overlay.png</texture>
									<aspectratio aligny="center" scalediffuse="false">keep</aspectratio>
								</control>
						</control>
						<!-- Music Title Album -->
						<control type="label">
								<posx>0</posx>
								<posy>-40</posy>
								<width>450</width>
								<label>$INFO[MusicPlayer.Album]</label>
								<font>font.11</font>
								<align>center</align>
								<textcolor>grey</textcolor>
						</control>
						<control type="label">
								<posx>0</posx>
								<posy>205</posy>
								<width>450</width>
								<label>$INFO[MusicPlayer.Title]</label>
								<font>font.11</font>
								<align>center</align>
								<textcolor>grey</textcolor>
						</control>
				</control>
				<control type="grouplist" id="9101"> 	<!-- now.playing.controls -->
					<visible>Player.HasMedia</visible>
					<posx>478</posx>
					<posy>460</posy>
					<itemgap>4</itemgap>
					<orientation>horizontal</orientation>
					<onleft>9101</onleft>
					<onright>9101</onright>
					<onup>9100</onup>
					<ondown>9101</ondown>
						<control type="button" id="7">			<!-- playerControl(previous) -->
							<width>61</width>
							<height>61</height>
							<texturefocus>osd/fullscreen/previous-fo.png</texturefocus>
							<texturenofocus>osd/fullscreen/previous-nofo.png</texturenofocus>
							<onclick>playercontrol(previous)</onclick>
						</control>
						<control type="togglebutton" id="8">	<!-- playerControl(rewind) -->
							<width>61</width>
							<height>61</height>
							<textcolor>-</textcolor>
							<shadowcolor>-</shadowcolor>
							<font>-</font>
							<label>-</label>
							<align>-</align>
							<texturefocus>osd/fullscreen/rewind-fo.png</texturefocus>
							<texturenofocus>osd/fullscreen/rewind-nofo.png</texturenofocus>
							<usealttexture>Player.Rewinding</usealttexture>
							<alttexturefocus>osd/fullscreen/ff-rr-blank.png</alttexturefocus>
							<alttexturenofocus>osd/fullscreen/ff-rr-blank.png</alttexturenofocus>
							<onclick>playercontrol(rewind)</onclick>
						</control>
						<control type="button" id="9">			<!-- playerControl(stop) -->
							<width>61</width>
							<height>61</height>
							<textcolor>-</textcolor>
							<shadowcolor>-</shadowcolor>
							<font>-</font>
							<label>-</label>
							<align>-</align>
							<texturefocus>osd/fullscreen/stop-fo.png</texturefocus>
							<texturenofocus>osd/fullscreen/stop-nofo.png</texturenofocus>
							<onclick>playercontrol(stop)</onclick>
							<onclick>SetFocus(9100)</onclick>
						</control>
						<control type="togglebutton" id="10">	<!-- playerControl(play) = !reversePlayButtons?-->
							<width>61</width>
							<height>61</height>
							<texturefocus>osd/fullscreen/play-fo.png</texturefocus>
							<texturenofocus>osd/fullscreen/play-nofo.png</texturenofocus>
							<usealttexture>Player.Paused</usealttexture>
							<alttexturefocus>osd/fullscreen/pause-fo.png</alttexturefocus>
							<alttexturenofocus>osd/fullscreen/pause-nofo.png</alttexturenofocus>
							<onclick>playercontrol(play)</onclick>
							<visible>!Skin.HasSetting(Reversplaybuttons)</visible>
						</control>
						<control type="togglebutton" id="11">	<!-- playerControl(play) = reversePlayButtons?-->
							<width>61</width>
							<height>61</height>
							<texturefocus>osd/fullscreen/pause-fo.png</texturefocus>
							<texturenofocus>osd/fullscreen/pause-nofo.png</texturenofocus>
							<usealttexture>Player.Paused</usealttexture>
							<alttexturefocus>osd/fullscreen/play-fo.png</alttexturefocus>
							<alttexturenofocus>osd/fullscreen/play-nofo.png</alttexturenofocus>
							<onclick>playercontrol(play)</onclick>
							<visible>Skin.HasSetting(Reversplaybuttons)</visible>
						</control>
						<control type="togglebutton" id="12">	<!-- playerControl(forward) -->
							<width>61</width>
							<height>61</height>
							<textcolor>-</textcolor>
							<shadowcolor>-</shadowcolor>
							<font>-</font>
							<label>-</label>
							<align>-</align>
							<texturefocus>osd/fullscreen/fast-forward-fo.png</texturefocus>
							<texturenofocus>osd/fullscreen/fast-forward-nofo.png</texturenofocus>
							<usealttexture>Player.Forwarding</usealttexture>
							<alttexturefocus>osd/fullscreen/ff-rr-blank.png</alttexturefocus>
							<alttexturenofocus>osd/fullscreen/ff-rr-blank.png</alttexturenofocus>
							<onclick>playercontrol(forward)</onclick>
						</control>
						<control type="button" id="13">			<!-- playerControl(next) -->
							<width>61</width>
							<height>61</height>
							<textcolor>-</textcolor>
							<shadowcolor>-</shadowcolor>
							<font>-</font>
							<label>-</label>
							<align>-</align>
							<texturefocus>osd/fullscreen/next-fo.png</texturefocus>
							<texturenofocus>osd/fullscreen/next-nofo.png</texturenofocus>
							<onclick>playercontrol(next)</onclick>
						</control>
				</control>
				<control type="group">					<!-- rewind.info -->
						<posx>572</posx>
						<posy>203r</posy>
						<control type="label">
								<label>2x</label>
								<font>font.12</font>
								<align>center</align>
								<textcolor>FF556070</textcolor>
								<visible>Player.Rewinding2x</visible>
						</control>
						<control type="label">
								<label>4x</label>
								<font>font.11</font>
								<align>center</align>
								<textcolor>FF556070</textcolor>
								<visible>Player.Rewinding4x</visible>
						</control>
						<control type="label">
								<label>8x</label>
								<font>font.11</font>
								<align>center</align>
								<textcolor>FF556070</textcolor>
								<visible>Player.Rewinding8x</visible>
						</control>
						<control type="label">
								<label>16x</label>
								<font>font.11</font>
								<align>center</align>
								<textcolor>FF556070</textcolor>
								<visible>Player.Rewinding16x</visible>
						</control>
						<control type="label">
								<label>32x</label>
								<font>font.11</font>
								<align>center</align>
								<textcolor>FF556070</textcolor>
								<visible>Player.Rewinding32x</visible>
						</control>
				</control>
				<control type="group">					<!-- fast.forward.info -->
						<posx>769</posx>
						<posy>203r</posy>
						<control type="label">
								<label>2x</label>
								<font>font.11</font>
								<align>center</align>
								<textcolor>FF556070</textcolor>
								<visible>Player.Forwarding2x</visible>
						</control>
						<control type="label">
								<label>4x</label>
								<font>font.11</font>
								<align>center</align>
								<textcolor>FF556070</textcolor>
								<visible>Player.Forwarding4x</visible>
						</control>
						<control type="label">
								<label>8x</label>
								<font>font.11</font>
								<align>center</align>
								<textcolor>FF556070</textcolor>
								<visible>Player.Forwarding8x</visible>
						</control>
						<control type="label">
								<label>16x</label>
								<font>font.11</font>
								<align>center</align>
								<textcolor>FF556070</textcolor>
								<visible>Player.Forwarding16x</visible>
						</control>
						<control type="label">
								<label>32x</label>
								<font>font.11</font>
								<align>center</align>
								<textcolor>FF556070</textcolor>
								<visible>Player.Forwarding32x</visible>
						</control>
					</control>
		</control>
		
		<control type="group">			<!-- [Controller.Buttons] -->
			<posx>355</posx>
			<posy>532</posy>

			<include>NXE.Controller.Button.A</include>

		</control>

	</controls>

</window>