<window id="130">
	<defaultcontrol>1</defaultcontrol>
	<controls>
	
		<control type="group">
		
				<animation effect="zoom" start="0" end="100" center="auto" time="300" reversible="false">WindowOpen</animation>
				<animation effect="fade" end="100" time="400">WindowOpen</animation>
				<animation effect="zoom" end="0" center="auto" time="200" reversible="true">WindowClose</animation>

			<!-- panel background image -->
			<control type="image">
				<posy>109</posy>
				<posx>192</posx>
				<width>892</width>
				<height>488</height>
				<texture>showcase/panel-2.png</texture>
				<aspectration>stretch</aspectration>
			</control>
			
			<!--  current view label -->
			<control type="label">
				<posx>192</posx>
				<posy>72</posy>
				<width>660</width>
				<height>30</height>
				<font>font13caps_title</font>
				<!-- <label>$LOCALIZE[20067]</label> -->
				<label>$INFO[ListItem.Label]</label>
				<align>left</align>
				<aligny>center</aligny>
				<textcolor>white</textcolor>
				<shadowcolor>black</shadowcolor>
			</control>

			<control type="group">
				<posx>192</posx>
				<posy>109</posy>
				
				<!-- profile picture -->
				<control type="image" id="2">
					<posx>458</posx>
					<posy>48</posy>
					<width>96</width>
					<height>96</height>
					<align>left</align>
					<aspectratio>keep</aspectratio>
					<texture fallback="bg/none.png">special://skin/gamertag/pictures/$INFO[Control.GetLabel(1000)].png</texture>
				</control>
				<!-- profile name label -->
				<control type="label" id="1000">
					<posx>458</posx>
					<posy>16</posy>
					<width>460</width>
					<align>left</align>
					<font>font16bold</font>
					<textcolor>white</textcolor>
				</control>
				<control type="label">
					<description>profile directory label</description>
					<posx>458</posx>
					<posy>168</posy>
					<width>460</width>
					<align>left</align>
					<font>font13caps_title</font>
					<textcolor>white</textcolor>
					<label>$LOCALIZE[20070]</label>
				</control>
				<control type="label" id="1001">
					<description>profile directory Value</description>
					<posx>458</posx>
					<posy>192</posy>
					<width>460</width>
					<align>left</align>
					<font>font12</font>
					<textcolor>white</textcolor>
				</control>
				<!-- grouplist -->
				<control type="grouplist" id="5">
					<posx>0</posx>
					<posy>0</posy>
					<width>442</width>
					<height>240</height>
					<itemgap>-1</itemgap>
					<pagecontrol>60</pagecontrol>
					<onleft>28</onleft>
					<onright>60</onright>
					<onup>28</onup>
					<ondown>28</ondown>
				</control>
				<!-- default button template -->
				<control type="button" id="7">
					<description>Default Button</description>
					<posx>0</posx>
					<posy>0</posy>
					<height>40</height>
					<font>font13</font>
					<textcolor>black</textcolor>
					<focusedcolor>white</focusedcolor>
					<texturefocus>button-focus.png</texturefocus>
					<texturenofocus>MenuItemNF.png</texturenofocus>
				</control>
				<!-- radiobutton template -->
				<control type="radiobutton" id="8">
					<description>Default RadioButton</description>
					<posx>0</posx>
					<posy>0</posy>
					<height>40</height>
					<font>font13</font>
					<textcolor>black</textcolor>
					<focusedcolor>white</focusedcolor>
					<texturefocus>button-focus.png</texturefocus>
					<texturenofocus>MenuItemNF.png</texturenofocus>
				</control>
				<!-- spincontrol template -->
				<control type="spincontrolex" id="9">
					<description>Default SpinControlex</description>
					<posx>0</posx>
					<posy>0</posy>
					<height>40</height>
					<font>font13</font>
					<textcolor>black</textcolor>
					<focusedcolor>white</focusedcolor>
					<texturefocus>button-focus.png</texturefocus>
					<texturenofocus>MenuItemNF.png</texturenofocus>
					<aligny>center</aligny>
					<reverse>yes</reverse>
				</control>
			</control>
		</control>

		<!-- control.group.buttons -->
		<control type="group" id="18">
			<posy>600</posy>
			<posx>172</posx>
			
			<!-- group.button.(A) -->
			<control type="group">
				<posx>10</posx>
				<control type="button" id="19">
					<posy>0</posy>
					<posx>0</posx>
					<width>40</width>
					<height>40</height>
					<label>-</label>
					<font>-</font>
					<aligny>-</aligny>
					<onclick>-</onclick>
					<texturefocus>common/controller.buttons/a-fo.png</texturefocus>
					<texturenofocus>common/controller.buttons/a.png</texturenofocus>
					<onleft>-</onleft>
					<onright>20</onright>
					<onup>51</onup>
					<ondown>300</ondown>
				</control>
				<control type="label">
					<posy>0</posy>
					<posx>40</posx>
					<width>580</width>
					<height>35</height>
					<font>font12bold</font>
					<textcolor>white</textcolor>
					<align>left</align>
					<aligny>center</aligny>
					<label>Select</label>
				</control>
			</control>

			<!-- group.button.(b) -->
			<control type="group">	
				<posx>110</posx>
				<control type="button" id="29">
					<posy>0</posy>
					<posx>0</posx>
					<width>40</width>
					<height>40</height>
					<label>-</label>
					<font>-</font>
					<aligny>-</aligny>
					<onclick>-</onclick>
					<texturefocus>common/controller.buttons/b-fo.png</texturefocus>
					<texturenofocus>common/controller.buttons/b.png</texturenofocus>
					<onleft>-</onleft>
					<onright>28</onright>
					<onup>5</onup>
					<ondown>5</ondown>
				</control>
				<control type="label">
					<posy>0</posy>
					<posx>40</posx>
					<width>580</width>
					<height>35</height>
					<font>font12bold</font>
					<textcolor>white</textcolor>
					<align>left</align>
					<aligny>center</aligny>
					<label>Cancel</label>
				</control>
			</control>
		
			<!-- group.button.(Y) -->
			<control type="group">	
				<posx>210</posx>
				<control type="button" id="28">
					<posy>0</posy>
					<posx>0</posx>
					<width>40</width>
					<height>40</height>
					<label>-</label>
					<font>-</font>
					<aligny>-</aligny>
					<onclick>-</onclick>
					<texturefocus>common/controller.buttons/y-fo.png</texturefocus>
					<texturenofocus>common/controller.buttons/y.png</texturenofocus>
					<onleft>29</onleft>
					<onright>-</onright>
					<onup>5</onup>
					<ondown>5</ondown>
				</control>
				<control type="label">
					<posy>0</posy>
					<posx>40</posx>
					<width>580</width>
					<height>35</height>
					<font>font12bold</font>
					<textcolor>white</textcolor>
					<align>left</align>
					<aligny>center</aligny>
					<label>Apply Changes</label>
				</control>
			</control>
		
		</control>
			

	</controls>
</window>