<window id="20">
	<defaultcontrol always="true">2</defaultcontrol>
	<allowoverlay>no</allowoverlay>
	<controls>

		<control type="image">
			<posx>0</posx>
			<posy>0</posy>
			<width>1280</width>
			<height>720</height>
			<texture>backgrounds/0.png</texture>
		</control>
		
		<include>NXE.XboxLive.GamerCard</include>
		<include>NXE.Console.Logo</include>
	
		<control type="group">
		
			<visible>!Window.isVisible(130)</visible>
		
			<!-- control.label (Profile Settings) -->
			<control type="label">
				<posy>140</posy>
				<posx>1200</posx>
				<width>310</width>
				<font>font30</font>
				<label>Profile Settings</label>
				<textcolor>white</textcolor>
				<align>right</align>
			</control>
			
			<!-- control.label (Choose your profile) -->
			<control type="label">
				<posy>180</posy>
				<posx>1200</posx>
				<width>310</width>
				<font>font14bold</font>
				<label>Choose your profile</label>
				<textcolor>white</textcolor>
				<align>right</align>
			</control>
			
			<!-- control.fixedlist.profiles.container-->
			<control type="fixedlist" id="2">	
				<posy>200</posy>
				<posx>-96</posx>
				<width>1376</width>
				<height>463</height>			
				<onup>300</onup>
				<ondown>4</ondown>
				<onleft>-</onleft>
				<onright>-</onright>
				<focusposition>2</focusposition>
				<scrolltime>300</scrolltime>
				<viewtype>list</viewtype>
				<orientation>horizontal</orientation>
				
				<animation effect="fade" time="400">WindowOpen</animation>
				<animation effect="fade" time="400">WindowClose</animation>
				
				<itemlayout width="280" height="300">
					
					<!-- control.image.picture -->
					<control type="image">
						<posy>160</posy>
						<posx>128</posx>
						<width>48</width>
						<height>48</height>
						<texture fallback="bg/none.png">special://skin/gamertag/pictures/$INFO[ListItem.Label].png</texture>
					</control>
					
					<!-- control.label -->
					<control type="label">
						<posy>228</posy>
						<posx>128</posx>
						<width>310</width>
						<font>font12</font>
						<info>ListItem.Label</info>
						<textcolor>white</textcolor>
						<align>left</align>
					</control>
					
					<!-- control.label2 -->
					<control type="label">
						<posy>248</posy>
						<posx>128</posx>
						<width>310</width>
						<font>font10</font>
						<info>ListItem.Label2</info>
						<textcolor>white</textcolor>
						<align>left</align>
					</control>
					
					<!-- control.image.avatar -->
					<control type="image">
						<posy>24</posy>
						<posx>0</posx>
						<width>140</width>
						<height>280</height>
						<!-- <info>ListItem.Icon</info> -->
						<texture fallback="unknown-user.png">special://skin/gamertag/avatars/$INFO[ListItem.Label].png</texture>
						<aspectratio>stretch</aspectratio>
					</control>
					
					<!-- control.image.avatar.shadow -->
					<control type="image">
						<posy>264</posy>
						<posx>-42</posx>
						<width>204</width>
						<height>74</height>
						<texture>common/xbox.orb.shadow.png</texture>
						<aspectratio>stretch</aspectratio>
					</control>				
				
				</itemlayout>
				
				<focusedlayout height="320" width="370">
					
					<!-- control.image.picture -->
					<control type="image">
						<posx>140</posx>
						<posy>120</posy>
						<width>64</width>
						<height>64</height>
						<texture fallback="bg/none.png">special://skin/gamertag/pictures/$INFO[ListItem.Label].png</texture>
					</control>
					
					<!-- control.label -->
					<control type="label">
						<posy>200</posy>
						<posx>140</posx>
						<width>412</width>
						<font>font14</font>
						<info>ListItem.Label</info>
						<textcolor>white</textcolor>
						<align>left</align>
					</control>
					
					<!-- control.label2 -->
					<control type="label">
						<posy>232</posy>
						<posx>140</posx>
						<width>412</width>
						<font>font12</font>
						<info>ListItem.Label2</info>
						<textcolor>white</textcolor>
						<align>left</align>
					</control>
				
					<!-- control.image.avatar -->
					<control type="image">
						<posy>0</posy>
						<posx>0</posx>
						<width>160</width>
						<height>320</height>
						<texture fallback="unknown-user.png">special://skin/gamertag/avatars/$INFO[ListItem.Label].png</texture>
						<aspectratio>stretch</aspectratio>
					</control>
					
					<!-- control.image.avatar.shadow -->
					<control type="image">
						<posy>280</posy>
						<posx>-32</posx>
						<width>204</width>
						<height>74</height>
						<texture>common/xbox.orb.shadow.png</texture>
						<aspectratio>stretch</aspectratio>
					</control>
				
				</focusedlayout>
			
			</control>
		</control>

		<!-- Control.Group.NowPlaying -->
		<control type="group">
			<visible>Player.HasMedia</visible>
				<!-- control.image.background -->
				<control type="image">
					<posy>632</posy>
					<posx>0</posx>
					<width>1280</width>
					<height>88</height>
					<texture>bg/black.png</texture>
					<include>backgroundfade</include>
					<fadetime>FanartCrossfadeTime</fadetime>
				</control>
				<!-- control.group.nowPlaying -->
				<control type="group">
					<posy>160</posy>
					<posx>1020</posx>
					<include>CommonNowPlaying</include>
				</control>
				<!-- control.group.player.controls -->
				<control type="group">
					<posy>630</posy>
					<posx>540</posx>
					<include>CommonNowPlaying_Controls</include>
				</control>
		</control>	
	
		<!-- control.group.buttons -->
		<control type="group" id="18">
			<posx>124</posx>
			<posy>660</posy>
			<visible>!Window.isVisible(130)</visible>
			
			<!-- group.button.(A) -->
			<control type="group">
				<posx>10</posx>
				<control type="button" id="19">
					<posy>0</posy>
					<posx>0</posx>
					<width>40</width>
					<height>40</height>
					<label>-</label>
					<font>-</font>
					<aligny>-</aligny>
					<onclick>-</onclick>
					<texturefocus>common/controller.buttons/a-fo.png</texturefocus>
					<texturenofocus>common/controller.buttons/a.png</texturenofocus>
					<onleft>-</onleft>
					<onright>20</onright>
					<onup>2</onup>
					<ondown>2</ondown>
				</control>
				<control type="label">
					<posy>0</posy>
					<posx>40</posx>
					<width>580</width>
					<height>35</height>
					<font>font12bold</font>
					<textcolor>white</textcolor>
					<align>left</align>
					<aligny>center</aligny>
					<label>Select</label>
				</control>
			</control>

			<!-- group.button.(b) -->
			<control type="group">	
				<posx>110</posx>
				<control type="button">
					<posy>0</posy>
					<posx>0</posx>
					<width>40</width>
					<height>40</height>
					<label>-</label>
					<font>-</font>
					<aligny>-</aligny>
					<onclick>-</onclick>
					<texturefocus>common/controller.buttons/b-fo.png</texturefocus>
					<texturenofocus>common/controller.buttons/b.png</texturenofocus>
					<onleft>19</onleft>
					<onright>21</onright>
					<onup>2</onup>
					<ondown>2</ondown>
				</control>
				<control type="label">
					<posy>0</posy>
					<posx>40</posx>
					<width>580</width>
					<height>35</height>
					<font>font12bold</font>
					<textcolor>white</textcolor>
					<align>left</align>
					<aligny>center</aligny>
					<label>Back</label>
				</control>
			</control>
		
			<!-- group.button.(Y) -->
			<control type="group">	
				<posx>200</posx>
				<control type="button" id="4">
					<posy>0</posy>
					<posx>0</posx>
					<width>40</width>
					<height>40</height>
					<label>-</label>
					<font>-</font>
					<aligny>-</aligny>
					<onclick>-</onclick>
					<texturefocus>common/controller.buttons/y-fo.png</texturefocus>
					<texturenofocus>common/controller.buttons/y.png</texturenofocus>
					<onleft>19</onleft>
					<onright>21</onright>
					<onup>2</onup>
					<ondown>2</ondown>
				</control>
				<control type="label">
					<posy>0</posy>
					<posx>40</posx>
					<width>580</width>
					<height>35</height>
					<font>font12bold</font>
					<textcolor>white</textcolor>
					<align>left</align>
					<aligny>center</aligny>
					<label>Disable Login</label>
					<visible>$INFO[System.hasLoginScreen]</visible>
				</control>
				<control type="label">
					<posy>0</posy>
					<posx>40</posx>
					<width>580</width>
					<height>35</height>
					<font>font12bold</font>
					<textcolor>white</textcolor>
					<align>left</align>
					<aligny>center</aligny>
					<label>Enable Login</label>
					<visible>!$INFO[System.hasLoginScreen]</visible>
				</control>
			</control>
		
		</control>
			
	</controls>
</window>
