﻿<window>
	<defaultcontrol always="true">10</defaultcontrol>
	<allowoverlay>no</allowoverlay>
	
	<controls>
		
		<control type="button" id="10">
			<texturenofocus>-</texturenofocus>
			<texturefocus>-</texturefocus>
			<include condition="Skin.HasSetting(Startup.Featured.Videos.Enabled)">Script.Featured.Media</include>
			<include condition="Skin.HasSetting(Startup.Featured.Games.Enabled)">Script.Featured.Games</include>
			<!-- <animation effect="fade" delay="10500" end="100">Focus</animation> -->
			<onfocus>ReplaceWindow(Home)</onfocus>
		</control>	
		
		<!-- startup animation
		<control type="multiimage" id="1">
			<posx>0</posx>
			<posy>0</posy>
			<width>1280</width>
			<height>720</height>
			<imagepath>special://skin/images/startup</imagepath>
			<timeperimage>1</timeperimage>
			<fadetime>0</fadetime>
			<loop>no</loop>
			<randomize>false</randomize>
		</control>

		<control type="image">
			<posx>328</posx>
			<posy>442</posy>
			<width>644</width>
			<height>103</height>
			<texture>Xbmc 360.png</texture>
			<aspectratio>stretch</aspectratio>
			<animation effect="zoom" delay="5200"  start="10,10" center="640,400" tween="quadratic" easing="out" end="100" time="1000">WindowOpen</animation>
		</control> -->
		
	</controls>
</window>