<includes>	
	
	<!-- view.panels.id.422 (icons widescreen) -->
	<include name="view.ws.icons">	
		
		<control type="fixedlist" id="422">
			<posx>-220</posx>
			<posy>286</posy>
			<width>1500</width>
			<height>361</height>
							
			<onup>8004</onup>
			<ondown>8004</ondown>
			<onleft>-</onleft>
			<onright>-</onright>
			
			<focusposition>1</focusposition>
			<scrolltime>300</scrolltime>
			<viewtype label="WS Icons">list</viewtype>
			<orientation>horizontal</orientation>
			
			<itemlayout width="336" height="284">
				<animation effect="fade" end="80" />
					<!-- control.image.panel.background -->
					<control type="image">
						<posx>4</posx>
						<posy>24</posy>
						<width>328</width>
						<height>252</height>
						<texture>bg/black.png</texture>
					</control>
					<!-- control.image.panel.shadow -->
					<control type="image">
						<posx>0</posx>
						<posy>272</posy>
						<width>336</width>
						<height>32</height>
						<texture>common/dropshadow.png</texture>
					</control>
					<!-- control.image.icon -->
					<control type="image">
						<posx>4</posx>
						<posy>24</posy>
						<width>328</width>
						<height>184</height>
						<texture background="true">$INFO[ListItem.Icon]</texture>
						<aspectratio>stretch</aspectratio>
						<visible>!Container.Content(TVShows)</visible>
					</control>
					<!-- control.image.fanart (TVShows) -->
					<control type="image">
						<posx>4</posx>
						<posy>24</posy>
						<width>328</width>
						<height>184</height>
						<texture background="true">$INFO[ListItem.Property(Fanart_Image)]</texture>
						<aspectratio>stretch</aspectratio>
						<visible>Container.Content(TVShows)</visible>
					</control>
					<!-- control.image.watched-unwatched.overlay -->
					<control type="image">
						<posx>204</posx>
						<posy>24</posy>
						<width>128</width>
						<height>128</height>
						<texture>showcase/overlaywatched.png</texture>
						<visible>SubString(ListItem.Overlay,Watched.png) + !SubString(ListItem.Overlay,Unwatched.png)</visible>
					</control> 
					<!-- control.label -->
					<control type="label">
						<posy>210</posy>
						<posx>12</posx>
						<width>310</width>
						<font>font12</font>
						<info>ListItem.Label</info>
						<textcolor>white</textcolor>
						<scroll>false</scroll>
						<align>left</align>
					</control>
					<!-- control.label.duration -->
					<control type="label">
						<posy>240</posy>
						<posx>12</posx>
						<width>310</width>
						<font>font11</font>
						<info>ListItem.Duration</info>
						<textcolor>grey</textcolor>
						<align>left</align>
					</control>
					<!-- control.label (TVShows: Line 2 - Studio -->
					<control type="label">
						<posy>232</posy>
						<posx>12</posx>
						<width>310</width>
						<font>font11</font>
						<label>$INFO[ListItem.Studio,, | ]$INFO[ListItem.Episode,, Eps | ]$INFO[ListItem.Property(WatchedEpisodes),, Watched | ]$INFO[ListItem.Property(UnWatchedEpisodes),, UnWatched]</label>
						<textcolor>grey</textcolor>
						<align>left</align>
					</control>					
					<!-- control.image.rating -->
					<control type="image">
						<description>Rating value</description>
						<posx>0</posx>
						<posy>240</posy>
						<width>94</width>
						<height>16</height>
						<texture>ratings/left.white/$INFO[ListItem.StarRating]</texture>
						<visible>false</visible>
					</control>
			</itemlayout>
			
			<focusedlayout height="361" width="428">
					<!-- control.image.panel.background -->
					<control type="image">
						<posx>4</posx>
						<posy>0</posy>
						<width>420</width>
						<height>310</height>
						<texture>bg/black.png</texture>
					</control>
					<!-- control.image.panel.shadow -->
					<control type="image">
						<posx>0</posx>
						<posy>320</posy>
						<width>428</width>
						<height>41</height>
						<texture>common/dropshadow.png</texture>
					</control>
					<!-- control.image.thumb -->
					<control type="image">
						<posx>4</posx>
						<posy>0</posy>
						<width>420</width>
						<height>237</height>
						<texture background="true">$INFO[ListItem.Icon]</texture>
						<aspectratio>stretch</aspectratio>
						<visible>!Container.Content(TVShows)</visible>
					</control>
					<!-- control.image.fanart (TVShows) -->
					<control type="image">
						<posx>4</posx>
						<posy>0</posy>
						<width>420</width>
						<height>237</height>
						<texture background="true">$INFO[ListItem.Property(Fanart_Image)]</texture>
						<aspectratio>stretch</aspectratio>
						<visible>Container.Content(TVShows)</visible>
					</control>					
					<!-- control.image.watched-unwatched.overlay -->
					<control type="image">
						<posy>0</posy>
						<posx>260</posx>
						<width>164</width>
						<height>164</height>
						<texture>showcase/overlaywatched.png</texture>
						<visible>Substring(ListItem.Overlay,Watched.png) + !SubString(ListItem.Overlay,Unwatched.png)</visible>
					</control> 
					<!-- control.label -->
					<control type="label">
						<posy>234</posy>
						<posx>12</posx>
						<width>400</width>
						<font>font15</font>
						<info>ListItem.Label</info>
						<textcolor>white</textcolor>
						<align>left</align>
					</control>
					
					<control type="label">
						<posy>260</posy>
						<posx>12</posx>
						<width>412</width>
						<font>font12</font>
						<info>ListItem.Duration</info>
						<textcolor>grey</textcolor>
						<align>left</align>
					</control>
					
					<!-- control.image.rating -->
					<control type="image">
						<description>Rating value</description>
						<posy>282</posy>
						<posx>4</posx>
						<width>120</width>
						<height>24</height>
						<texture>ratings/left.white/$INFO[ListItem.StarRating]</texture>
					</control>
			</focusedlayout>

		</control>
	
	</include>

</includes>
