<includes>
	
	<!-- view: posters nxe 2012 -->
	<include name="view.files.posters.twist">	

		<control type="group">
			<!-- <visible>Control.IsVisible(51)</visible> -->
			
			<control type="button" id="100">			<!-- game.details -->
				<posx>142</posx>
				<posy>100</posy>
				<width>160</width>
				<height>80</height>
				<texturefocus>bg/green.png</texturefocus>
				<texturenofocus>bg/transparency.png</texturenofocus>
				<label>game details</label>
				<font>font.12.bold</font>
				<onup>-</onup>
				<ondown>51</ondown>
				<onleft>-</onleft>
				<onright>-</onright>
				<onfocus>-</onfocus>
				<onclick>Skin.SetString(Xbox.Game.Path,$INFO[ListItem.Path])</onclick>
				<onclick>Xbmc.RunScript(special://skin/scripts/xbox.game.details.v2.py)</onclick>
				<visible>Control.IsVisible(51)</visible>
			</control>
			
			<control type="fixedlist" id="51">
				<visible>true</visible>
				<posx>-63</posx>
				<posy>212</posy>
				<width>1378</width>
				<height>406</height>
				<viewtype label="Posters">bigwrap</viewtype>
				<scrolltime>300</scrolltime>
				<focusposition>1</focusposition>
				<orientation>horizontal</orientation>
				<onleft>512</onleft>
				<onright>512</onright>
				<onup>100</onup>
				<ondown>9000</ondown>
				
				<animation type="WindowOpen" reversible="true">
					<effect type="fade" start="0" time="1000" />
					<effect type="slide" start="1280" tween="cubic" easing="inout" time="1600" />
				</animation>
				<animation type="Visible" reversible="true">
					<effect type="fade" start="0" time="1000" />
					<effect type="slide" start="1280" tween="cubic" easing="inout" time="1600" />
				</animation>
				
				<animation type="WindowClose" reversible="true">
					<effect type="fade" end="0" time="400" />
					<effect type="zoom" end="40" center="auto" time="400" />
				</animation>
				<animation type="Hidden" reversible="true">
					<effect type="fade" end="0" time="400" />
					<effect type="zoom" end="40" center="auto" time="400" />
				</animation>
									
					<itemlayout height="406" width="212">
						<control type="image">			<!-- Custom.Icon.Back -->
							<posy>12</posy>
							<posx>4</posx>
							<width>204</width>
							<height>280</height>
							<aspectratio>stretch</aspectratio>
							<texture>$INFO[ListItem.Icon,icons/views/posters/]</texture>
							<visible>StringCompare(ListItem.Icon,DefaultFolderBack.png) | StringCompare(ListItem.Icon,DefaultVideo.png) | StringCompare(ListItem.Icon,DefaultFolder.png) | StringCompare(ListItem.Icon,DefaultProgram.png)</visible>
						</control>
						<control type="image">			<!-- listItem.icon -->
							<posy>12</posy>
							<posx>4</posx>
							<width>204</width>
							<height>280</height>
							<aspectratio>stretch</aspectratio>
							<texture background="true">$INFO[ListItem.Icon]</texture>
							<visible>![StringCompare(ListItem.Icon,DefaultFolderBack.png) | StringCompare(ListItem.Icon,DefaultVideo.png) | StringCompare(ListItem.Icon,DefaultFolder.png) | StringCompare(ListItem.Icon,DefaultProgram.png)]</visible>
						</control>
						<control type="image">			<!-- listItem.Overlay.Watched -->
							<posy>12</posy>
							<posx>80</posx>
							<width>128</width>
							<height>128</height>
							<texture>showcase/overlaywatched.png</texture>
							<visible>Substring(ListItem.Overlay,Watched.png) + !Substring(ListItem.Overlay,Unwatched.png)</visible>
						</control>
						<control type="image">			<!-- listItem.icon.shadow -->
							<posx>-4</posx>
							<posy>296</posy>
							<width>218</width>
							<height>32</height>
							<texture>common/dropshadow.png</texture>
							<visible>!Window.IsVisible(VideoFiles)</visible>
						</control>						
						<control type="image">			<!-- Custom.Games.Icon -->
							<posx>0</posx>
							<posy>284</posy>
							<width>32</width>
							<height>32</height>
							<texture>icons/small/games.png</texture>
							<visible>StringCompare(Container.FolderName,Games)</visible>
						</control>
						<control type="image">			<!-- Custom.Video.Icon -->
							<posx>4</posx>
							<posy>302</posy>
							<width>32</width>
							<height>32</height>
							<texture>icons/small/movie.png</texture>
							<visible>Window.IsVisible(VideoFiles)</visible>
						</control>						
						<control type="textbox">
							<posx>8</posx>
							<posy>306</posy>
							<width>200</width>
							<height>102</height>
							<font>font.12.bold</font>
							<label>$INFO[ListItem.Label][CR]$INFO[ListItem.Label2]</label>
						</control>
					</itemlayout>
					<focusedlayout height="406" width="216">
						<control type="image">			<!-- Custom.Icon.Back -->
							<posx>-4</posx>
							<posy>0</posy>
							<width>224</width>
							<height>300</height>
							<aspectratio>stretch</aspectratio>
							<texture>$INFO[ListItem.Icon,icons/posters/]</texture>
							<visible>StringCompare(ListItem.Icon,DefaultFolderBack.png) | StringCompare(ListItem.Icon,DefaultVideo.png) | StringCompare(ListItem.Icon,DefaultFolder.png) | StringCompare(ListItem.Icon,DefaultProgram.png)</visible>
						</control>
						<control type="image">			<!-- iistItem.icon -->
							<posx>-4</posx>
							<posy>0</posy>
							<width>224</width>
							<height>300</height>
							<aspectratio>stretch</aspectratio>
							<texture background="true">$INFO[ListItem.Icon]</texture>
							<visible>![StringCompare(ListItem.Icon,DefaultFolderBack.png) | StringCompare(ListItem.Icon,DefaultVideo.png) | StringCompare(ListItem.Icon,DefaultFolder.png) | StringCompare(ListItem.Icon,DefaultProgram.png)]</visible>
						</control> 
						<control type="image">			<!-- listItem.Overlay.Watched -->
							<posx>54</posx>
							<posy>4</posy>
							<width>165</width>
							<height>165</height>
							<texture>showcase/overlaywatched.png</texture>
							<visible>Substring(ListItem.Overlay,Watched.png) + !Substring(ListItem.Overlay,Unwatched.png)</visible>
						</control>						
						<control type="image">			<!-- listItem.icon.shadow -->
							<posx>-8</posx>
							<posy>314</posy>
							<width>228</width>
							<height>32</height>
							<texture>common/dropshadow.png</texture>
							<visible>!Window.IsVisible(VideoFiles)</visible>
						</control>
						<control type="image">			<!-- Focus -->
							<posx>-6</posx>
							<posy>0</posy>
							<width>228</width>
							<height>304</height>
							<aspectratio>stretch</aspectratio>
							<texture>icons/default.focus.png</texture>
						</control>
						<control type="image">			<!-- Custom.Games.Icon -->
							<posx>0</posx>
							<posy>302</posy>
							<width>32</width>
							<height>32</height>
							<texture>icons/small/games.png</texture>
							<visible>StringCompare(Container.FolderName,Games)</visible>
						</control>						
						<control type="textbox">
							<posx>6</posx>
							<posy>326</posy>
							<width>200</width>
							<height>102</height>
							<font>font.12.bold</font>
							<fontcolor>white</fontcolor>
							<shadowcolor>black</shadowcolor>
							<label>$INFO[ListItem.Label][CR]$INFO[ListItem.Label2]</label>
						</control>
					</focusedlayout>
			
			</control>	

		</control>
		
	</include>
	
</includes>
