<includes>	
	<!-- view: list ( ID = 56 )-->
	<include name="view.music.list">	
		
		<control type="group">
			<visible>Control.IsVisible(56)</visible>
				<control type="label">			<!-- for debuggin' purposes -->
					<posx>28</posx>
					<posy>56</posy>
					<width>600</width>
					<height>102</height>
					<font>font.12.bold</font>
					<label>Music.List: ID.56 - $INFO[ListItem.Icon]</label>
				</control>
				<control type="group">			<!-- music.library -->
					<visible>Window.IsVisible(MusicLibrary)</visible>	
						<control type="image">			<!-- window.overlay -->
							<posx>0</posx>
							<posy>0</posy>
							<width>1280</width>
							<height>720</height>
							<texture>backgrounds/overlays/music.png</texture>
							<visible>Control.IsVisible(56)</visible>
						</control>
						<control type="image">			<!-- marker -->
							<posx>0</posx>
							<posy>48</posy>
							<width>20</width>
							<height>48</height>
							<texture>bg/marker.music.png</texture>
							<aspectration>stretch</aspectration>
							<animation effect="fade" start="0" end="100" time="400">VisibleChange</animation>
							<!-- <animation effect="fade" start="100" end="0" time="400">Hidden</animation> -->
						</control>
						<control type="image">			<!-- marker -->
							<posx>0</posx>
							<posy>48</posy>
							<width>300</width>
							<height>48</height>
							<texture>bg/marker.music.png</texture>
							<aspectration>stretch</aspectration>
							<visible>ControlGroup(300).HasFocus</visible>
							<animation effect="slide" start="-300" end="0" time="400" reversible="true">VisibleChange</animation>
							<!-- <animation effect="fade" start="100" end="0" time="400">Hidden</animation> -->
						</control>					
						<control type="label">			<!-- music.label -->
							<posx>48</posx>
							<posy>32</posy>
							<width>400</width>
							<font>font.36.bold</font>
							<textcolor>FFFF40FF</textcolor>
							<label>my music</label>
							<align>left</align>
						</control>
				</control>
				<control type="group">			<!-- video.library -->
					<visible>Window.IsVisible(VideoLibrary)</visible>
						<control type="image">			<!-- movie.window.overlay -->
							<posx>0</posx>
							<posy>0</posy>
							<width>1280</width>
							<height>720</height>
							<texture>backgrounds/overlays/movies.png</texture>
							<visible>Control.IsVisible(56) + Container.Content(Movies)</visible>
						</control>						
						<control type="image">			<!-- tvshow.window.overlay -->
							<posx>0</posx>
							<posy>0</posy>
							<width>1280</width>
							<height>720</height>
							<texture>backgrounds/overlays/tvshows.png</texture>
							<visible>Control.IsVisible(56) + Container.Content(TvShows)</visible>
						</control>					
						<control type="image">			<!-- marker -->
							<posx>0</posx>
							<posy>48</posy>
							<width>20</width>
							<height>48</height>
							<texture>bg/marker.videos.png</texture>
							<aspectration>stretch</aspectration>
							<animation effect="fade" start="0" end="100" time="400">VisibleChange</animation>
							<!-- <animation effect="fade" start="100" end="0" time="400">Hidden</animation> -->
						</control>		
						<control type="group">
							<control type="label">			<!-- recently added movies -->
								<posx>48</posx>
								<posy>32</posy>
								<width>640</width>
								<font>font.36</font>
								<textcolor>FF034DFF</textcolor>
								<label>recently added movies</label>
								<align>left</align>
								<visible>StringCompare(Container.FolderPath,videodb://4/)</visible>
							</control>							
							<control type="label">			<!-- my movies -->
								<posx>48</posx>
								<posy>32</posy>
								<width>640</width>
								<font>font.36</font>
								<textcolor>FF034DFF</textcolor>
								<label>my movies</label>
								<align>left</align>
								<visible>StringCompare(Container.FolderPath,videodb://1/2/)</visible>
							</control>							
						</control>
						<control type="label">			<!-- plugin -->
							<posx>48</posx>
							<posy>32</posy>
							<width>600</width>
							<font>font.36.bold</font>
							<textcolor>FF034D93</textcolor>
							<label>$INFO[Container.PluginName]</label>
							<align>left</align>
							<visible>SubString(Container.FolderPath,plugin://video/,left)</visible>
						</control>
						<control type="label">			<!-- my tvshows -->
							<posx>48</posx>
							<posy>32</posy>
							<width>400</width>
							<font>font.36.bold</font>
							<textcolor>FF00FF00</textcolor>
							<label>my tv shows</label>
							<align>left</align>
							<visible>container.content(tvshows)</visible>
						</control>
				</control>
				
				<control type="group">			<!-- LIST CONTAINER -->
					<animation effect="slide" start="1928" end="0" time="800" tween="quadratic" easing="out" reversible="true">WindowOpen</animation>
						<control type="image">					<!-- right.panel -->
							<posx>856</posx>
							<posy>0</posy>
							<width>424</width>
							<height>720</height>
							<texture>bg/transparency.png</texture>
							<aspectration>stretch</aspectration>
						</control>
						<control type="fixedlist" id="56">		<!-- data.container -->
							<posx>632</posx>
							<posy>0</posy>
							<width>648</width>
							<height>720</height>
							<viewtype label="list">list</viewtype>
							<orientation>vertical</orientation>
							<focusposition>4</focusposition>
							<scrolltime>400</scrolltime>
							<onup>300</onup>
							<ondown></ondown>
							<onleft>9000</onleft>
							<onright>9005</onright>
							<visible>Container.Content(Movies) | Container.Content(Songs) | Container.Content(TvShows)</visible>
								<itemlayout width="648" height="64">
									<control type="group">		<!-- movies -->
										<visible>Container.Content(Movies) | Container.Content(TvShows)</visible>
										<control type="image">			<!-- movie.icon -->
											<posx>226</posx>
											<posy>0</posy>
											<width>48</width>
											<height>48</height>
											<texture>icons/small/movie.png</texture>
											<aspectration>stretch</aspectration>
											<visible>Container.Content(Movies)</visible>
										</control>										
										<control type="image">			<!-- movie.icon -->
											<posx>226</posx>
											<posy>0</posy>
											<width>48</width>
											<height>48</height>
											<texture>icons/small/tvshow.png</texture>
											<aspectration>stretch</aspectration>
											<visible>Container.Content(TvShows)</visible>
										</control>
										<control type="image">			<!-- tvshow.listItem.icon -->
											<posx>276</posx>
											<posy>0</posy>
											<width>298</width>
											<height>56</height>
											<texture>$INFO[ListItem.Icon]</texture>
											<aspectration>stretch</aspectration>
											<visible>Container.Content(TvShows)</visible>
										</control>
										<control type="image">			<!-- tvshow.listItem.mpaa -->
											<posx>570</posx>
											<posy>0</posy>
											<width>83</width>
											<height>56</height>
											<texture>flagging/tv.ratings/$INFO[ListItem.Mpaa].png</texture>
											<aspectration>stretch</aspectration>
										</control>
										<control type="label">			<!-- ListItem.Label -->
											<posx>272</posx>
											<posy>0</posy>
											<width>400</width>
											<font>font.13.bold</font>
											<label>$INFO[ListItem.Year,, - ]$INFO[ListItem.Title]$INFO[ListItem.Duration, | , mins]</label>
											<textcolor>white</textcolor>
											<selectedcolor>FFff0094</selectedcolor>
											<align>left</align>
											<visible>Container.Content(Movies)</visible>
										</control>
									</control>
									<control type="group">		<!-- music -->
										<visible>container.content(songs)</visible>
										<control type="image">			<!-- movie.icon -->
											<posx>226</posx>
											<posy>0</posy>
											<width>48</width>
											<height>48</height>
											<texture>icons/small/song.png</texture>
											<aspectration>stretch</aspectration>
										</control>
										<control type="label">			<!-- ListItem.Label -->
											<posx>272</posx>
											<posy>0</posy>
											<width>400</width>
											<font>font.13.bold</font>
											<label>$INFO[ListItem.Title]$INFO[ListItem.Duration, | ]</label>
											<textcolor>white</textcolor>
											<selectedcolor>FFff0094</selectedcolor>
											<align>left</align>
										</control>
										<control type="label">			<!-- ListItem.Label2 -->
											<posx>272</posx>
											<posy>20</posy>
											<width>400</width>
											<font>font.12.bold</font>
											<label>$INFO[ListItem.Artist]</label>
											<textcolor>grey</textcolor>
											<align>left</align>
										</control>
									</control>
										<control type="label">			<!-- ListItem.Label2 -->
											<posx>272</posx>
											<posy>20</posy>
											<width>400</width>
											<font>font.12.bold</font>
											<label>$INFO[ListItem.Genre]</label>
											<textcolor>grey</textcolor>
											<align>left</align>
											<visible>container.content(movies)</visible>
										</control>
								</itemlayout>
								<focusedlayout width="648" height="224">
									<!-- not used -->
								</focusedlayout>
						</control>
					</control>

				<control type="image">			<!-- background -->
					<posx>0</posx>
					<posy>256</posy>
					<width>1280</width>
					<height>224</height>
					<texture background="false">bg/transparency.png</texture>
					<aspectratio>stretch</aspectratio>
					<animation effect="slide" start="-1280" end="0" time="800" delay="800" reversible="true">WindowOpen</animation>
					<!-- <animation effect="slide" start="-1280" end="0" time="800" delay="800" reversible="true">WindowOpen</animation> -->
				</control>
				
				<control type="group">			<!-- plot and flagging -->
					<visible>![Player.HasAudio | Player.HasVideo]</visible>
					<control type="textbox">		<!-- plot -->
						<posx>16</posx>
						<posy>268</posy>
						<width>512</width>
						<height>156</height>
						<label>$INFO[ListItem.Plot]</label>
						<font>font.14</font>
						<autoscroll>true</autoscroll>
					</control>
					<control type="grouplist">		<!-- flagging: audio, video, aspect ratio -->
						<posx>0</posx>
						<posy>438</posy>
						<width>368</width>
						<align>left</align>
						<itemgap>0</itemgap>
						<orientation>horizontal</orientation>
						<include>VisibleFadeEffect</include>
						<visible>!Control.IsVisible(50) + [Container.Content(Movies) | Container.Content(Episodes) | Container.Content(MusicVideos)]</visible>
						<include>VideoCodecFlaggingConditions</include>
						<include>AudioCodecFlaggingConditions</include>
						<include>AspectCodecFlaggingConditions</include>
					</control>
				</control>
				
				<control type="group">			<!-- custom.focuslayout -->
					<posx>632</posx>
					<posy>256</posy>
					<width>648</width>
					<height>224</height>
					<animation effect="fade" delay="1600" time="600" end="100">WindowOpen</animation>
					
						<control type="group">					<!-- music -->
							<visible>window.isvisible(musiclibrary)</visible>
								<control type="label">			<!-- listItem.year | listItem.album -->
									<posx>240</posx>
									<posy>24</posy>
									<width>400</width>
									<font>font.16.bold</font>
									<label>$INFO[ListItem.Year,, | ]$INFO[ListItem.Album]</label>
									<textcolor>white</textcolor>
									<align>left</align>
								</control>
								<control type="label">			<!-- listItem.title -->
									<posx>240</posx>
									<posy>88</posy>
									<width>400</width>
									<font>font12bold</font>
									<label>$INFO[ListItem.Title]$INFO[ListItem.Duration, | ]</label>
									<textcolor>white</textcolor>
									<selectedcolor>FFff0094</selectedcolor>
									<align>left</align>
								</control>
								<control type="label">			<!-- listItem.artist -->
									<posx>240</posx>
									<posy>108</posy>
									<width>400</width>
									<font>font12bold</font>
									<!-- <info>ListItem.Label2</info> -->
									<info>ListItem.Artist</info>
									<textcolor>grey</textcolor>
									<align>left</align>
								</control>
								<control type="image">			<!-- listItem.icon -->
									<posx>0</posx>
									<posy>0</posy>
									<width>224</width>
									<height>224</height>
									<texture background="true">$INFO[ListItem.Icon]</texture>
									<aspectratio>stretch</aspectratio>
									<fadetime>400</fadetime>
									<bordersize>4</bordersize>
								</control>
						</control>
						<control type="group">					<!-- movies -->
							<visible>container.content(movies)</visible>
								<control type="label">			<!-- listItem.Year | listItem.mpaa | listItem.duration -->
									<posx>240</posx>
									<posy>16</posy>
									<width>400</width>
									<font>font.13.bold</font>
									<label>$INFO[ListItem.Year,, | ]$INFO[ListItem.Mpaa,, | ]$INFO[ListItem.Duration,, mins]</label>
									<textcolor>white</textcolor>
									<align>left</align>
								</control>
								<control type="image">			<!-- listItem.starRating -->
									<posx>520</posx>
									<posy>16</posy>
									<width>120</width>
									<height>24</height>
									<texture>$INFO[ListItem.StarRating,leftrating/white/]</texture>
								</control>
								<control type="label">			<!-- listItem.genre -->
									<posx>240</posx>
									<posy>64</posy>
									<width>400</width>
									<font>font.16.bold</font>
									<label>$INFO[ListItem.Genre]</label>
									<textcolor>FF034DFF</textcolor>
									<align>left</align>
								</control>
								<control type="textbox">			<!-- listItem.title -->
									<posx>240</posx>
									<posy>44</posy>
									<width>400</width>
									<font>font.18.bold</font>
									<label>$INFO[ListItem.Title]</label>
									<textcolor>white</textcolor>
									<align>left</align>
								</control>
								<control type="image">			<!-- listItem.icon - movies -->
									<posx>61</posx>
									<posy>0</posy>
									<width>163</width>
									<height>224</height>
									<texture background="true">$INFO[ListItem.Icon]</texture>
									<aspectratio>stretch</aspectratio>
									<fadetime>400</fadetime>
									<visible>!SubString(ListItem.Icon,Default,left)</visible>
								</control>
								<control type="image">			<!-- listItem.icon - custom.icons -->
									<posx>61</posx>
									<posy>0</posy>
									<width>163</width>
									<height>224</height>
									<texture>icons/views/posters/$INFO[ListItem.Icon]</texture>
									<aspectratio>stretch</aspectratio>
									<fadetime>400</fadetime>
									<visible>StringCompare(ListItem.Label,..)</visible>
								</control>
								<control type="image">			<!-- listItem.overlayWatched -->
									<posx>96</posx>
									<posy>0</posy>
									<width>128</width>
									<height>128</height>
									<texture>showcase/overlaywatched.png</texture>
									<visible>Substring(ListItem.Overlay,Watched.png) + !Substring(ListItem.Overlay,Unwatched.png)</visible>
								</control>
						</control>
						<control type="group">					<!-- tvshows.posters -->	
							<visible>container.content(TvShows) + Skin.HasSetting(TVShowsUsePosters)</visible>
								<control type="label">			<!-- listItem.year | listItem.title -->
									<posx>240</posx>
									<posy>24</posy>
									<width>400</width>
									<font>font.16.bold</font>
									<label>$INFO[ListItem.Year,, | ]$INFO[ListItem.Title]</label>
									<textcolor>white</textcolor>
									<align>left</align>
								</control>
								<control type="image">			<!-- listItem.icon -->
									<posx>61</posx>
									<posy>0</posy>
									<width>163</width>
									<height>224</height>
									<texture background="true">$INFO[ListItem.Icon]</texture>
									<aspectratio>stretch</aspectratio>
									<fadetime>400</fadetime>
								</control>
						</control>						
						<control type="group">					<!-- tvshows.banners -->	
							<visible>container.content(TvShows) + !Skin.HasSetting(TVShowsUsePosters)</visible>
								<control type="label">			<!-- listItem.year | listItem.title -->
									<posx>240</posx>
									<posy>24</posy>
									<width>400</width>
									<font>font.16.bold</font>
									<label>$INFO[ListItem.Year,, | ]$INFO[ListItem.Title]</label>
									<textcolor>white</textcolor>
									<align>left</align>
								</control>
								<control type="image">			<!-- listItem.icon -->
									<posx>224</posx>
									<posy>74</posy>
									<width>424</width>
									<height>78</height>
									<texture background="true">$INFO[ListItem.Icon]</texture>
									<aspectratio>stretch</aspectratio>
									<fadetime>400</fadetime>
								</control>
						</control>
				
				</control>
		
		</control>
	
	</include>

</includes>
