<includes>

	<!-- view: library list info -->
	<include name="view.library.list.info">
		
		<control type="group">
			<visible>Control.IsVisible(52)</visible>
		
				<animation type="WindowOpen" reversible="true">
					<effect type="fade" start="0" time="1000" />
					<effect type="slide" start="0,100" tween="cubic" easing="out" time="1200" />
				</animation>
				<animation effect="fade" time="700">WindowClose</animation>
				<animation effect="fade" time="700">Visible</animation>
				<animation effect="fade" time="700">Hidden</animation>		
			
				<control type="label">			<!-- ListItem.TvShowTitle] -->
					<posy>88</posy>
					<posx>96</posx>
					<width>656</width>
					<font>font.28.bold</font>
					<label>$INFO[ListItem.TvShowTitle]</label>
					<align>left</align>
					<textcolor>white</textcolor>
				</control>
				<control type="label">			<!-- TVShows: Line 2 [Studio | Episodes | Watched Episodes | UnWatched Episodes] -->
					<posy>128</posy>
					<posx>96</posx>
					<width>656</width>
					<font>font.13.bold</font>
					<label>$INFO[ListItem.Studio,, | ]$INFO[ListItem.Episode,, Eps | ]$INFO[ListItem.Property(WatchedEpisodes),, Watched | ]$INFO[ListItem.Property(UnWatchedEpisodes),, UnWatched]</label>
					<textcolor>grey</textcolor>
					<align>left</align>
					<visible>Container.Content(TvShows)</visible>
				</control>				
				
				<control type="fixedlist" id="52">	<!-- LIST CONTAINER-->
					<posy>208</posy>
					<posx>144</posx>
					<width>280</width>
					<height>324</height>
					<orientation>vertical</orientation>
					<focusposition>0</focusposition>
					<onup>18</onup>
					<ondown>-</ondown>
					<onleft>9000</onleft>
					<onright>9000</onright>
					
					<visible>Container.Content(TvShows) | Container.Content(Episodes) | Container.Content(Seasons)</visible>
						
						<itemlayout width="280" height="60">
							<control type="label">		<!-- ListItem.Label -->
								<posx>6</posx>
								<posy>6</posy>
								<width>280</width>
								<font>font.14</font>
								<info>ListItem.Label</info>
								<align>left</align>
								<textcolor>white</textcolor>
							</control>
							<control type="label">
								<posy>30</posy>
								<posx>5</posx>
								<width>280</width>
								<font>font.11</font>
								<label>$INFO[ListItem.Premiered]$INFO[ListItem.Duration, | ]</label>
								<align>left</align>
								<textcolor>white</textcolor>
							</control>
						</itemlayout>
						<focusedlayout width="280" height="60">
							<control type="image">		<!-- Focus.Background -->
								<posy>0</posy>
								<posx>0</posx>
								<width>280</width>
								<height>68</height>
								<texture>bg/green.png</texture>
								<aspectratio>stretch</aspectratio>
							</control>
							<control type="label">		<!-- ListItem.Label -->
								<posx>6</posx>
								<posy>6</posy>
								<width>280</width>
								<font>font.14.bold</font>
								<info>ListItem.Label</info>
								<align>left</align>
								<textcolor>white</textcolor>
							</control>
						</focusedlayout>

				</control>

				<control type="image">			<!-- ListItem.Icon.Stretch.AspectRatio -->
					<posy>208</posy>
					<posx>432</posx>
					<width>368</width>
					<height>208</height>
					<texture>icons/widescreen/back.png</texture>
					<aspectratio aligny="top">stretch</aspectratio>
					<fadetime>FanartCrossfadeTime</fadetime>
					<visible>StringCompare(ListItem.Label,..)</visible>
				</control>
				<control type="image">			<!-- ListItem.Icon.Stretch.AspectRatio -->
					<posy>208</posy>
					<posx>432</posx>
					<width>368</width>
					<height>208</height>
					<texture>$INFO[ListItem.Icon]</texture>
					<aspectratio aligny="top">stretch</aspectratio>
					<fadetime>FanartCrossfadeTime</fadetime>
					<visible>Container.Content(Episodes) + !StringCompare(ListItem.Label,..)</visible>
				</control>
				<control type="image">			<!-- ListItem.Icon.Keep.AspectRatio -->
					<posy>208</posy>
					<posx>432</posx>
					<width>368</width>
					<height>208</height>
					<texture>$INFO[ListItem.Icon]</texture>
					<aspectratio aligny="top">keep</aspectratio>
					<fadetime>FanartCrossfadeTime</fadetime>
					<visible>Skin.HasSetting(Settings.TvShows.Fanart.Enabled) + Container.Content(TvShows) + !StringCompare(ListItem.Label,..)</visible>
				</control>
				<control type="image">			<!-- ListItem.Property(Fanart_Image) -->
					<posy>208</posy>
					<posx>432</posx>
					<width>368</width>
					<height>208</height>
					<texture background="true">$INFO[ListItem.Property(Fanart_Image)]</texture>
					<aspectratio>stretch</aspectratio>
					<fadetime>FanartCrossfadeTime</fadetime>
					<visible>!Skin.HasSetting(Settings.TvShows.Fanart.Enabled) + Container.Content(TvShows) + !StringCompare(ListItem.Label,..)</visible>
				</control>

				<control type="image">			<!-- ListItem.StarRating -->
					<posy>416</posy>
					<posx>432</posx>
					<posy>282</posy>
					<width>120</width>
					<height>24</height>
					<texture>$INFO[ListItem.StarRating,LeftRating/white/]</texture>
				</control>
				
				<control type="image">			<!-- Image.Shadow -->
					<posy>446</posy>
					<posx>432</posx>
					<width>376</width>
					<height>36</height>
					<texture>common/dropshadow.png</texture>
					<aspectratio>stretch</aspectratio>
					<visible>Control.IsVisible(3600)</visible>
				</control>
				
				<control type="label">			<!-- [ListItem.Mpaa | ListItem.Studio] -->
					<posy>209</posy>
					<posx>810</posx>
					<width>280</width>
					<font>font.13.bold</font>
					<label>$INFO[ListItem.Mpaa,, | ]$INFO[ListItem.Studio]</label>
					<align>left</align>
					<textcolor>white</textcolor>
				</control>
				<control type="label">			<!-- [ListItem.Premiered | ListItem.Mpaa] -->
					<posy>238</posy>
					<posx>810</posx>
					<width>280</width>
					<font>font.13.bold</font>
					<label>$INFO[ListItem.Premiered,, | ]$INFO[ListItem.Mpaa]</label>
					<align>left</align>
					<textcolor>white</textcolor>
				</control>
				<control type="textbox">
					<posy>298</posy>
					<posx>810</posx>
					<width>300</width>
					<height>232</height>
					<font>font.13.bold</font>
					<info>ListItem.Plot</info>
					<align>left</align>
					<textcolor>white</textcolor>
				</control>
				
		</control>
	
	</include>
	
</includes>