<includes>
	
	<!-- view: posters twist - id=51 -->
	<include name="view.posters.twist">	

		<control type="group">
			
			<control type="label">			<!-- debug -->
				<posx>0</posx>
				<posy>0</posy>
				<width>720</width>
				<height>102</height>
				<font>font.12.bold</font>
				<label>Poster.Twist: ID.51 - $INFO[ListItem.Icon]</label>
				<visible>Control.IsVisible(51)</visible>
				<visible>true</visible>
			</control>
			
			<control type="fixedlist" id="51">
				<visible>!Container(300).HasFocus(9) + [Container.Content(Directors) | Container.Content(Genres) | 
						Container.Content(Actors) | Container.Content(VideoLibrary) | Container.Content(Movies) | 
						Container.Content(Seasons) | Container.Content(Years) | [Container.Content(TVShows) + Skin.HasSetting(TVShowsUsePosters)] | 
						Window.IsVisible(VideoFiles) | Window.IsVisible(Programs)]
				</visible>
				<posx>-63</posx>
				<posy>212</posy>
				<width>1378</width>
				<height>406</height>
				<viewtype label="Posters">bigwrap</viewtype>
				<scrolltime>300</scrolltime>
				<focusposition>1</focusposition>
				<orientation>horizontal</orientation>
				<onleft>51</onleft>
				<onright>51</onright>
				<onup>300</onup>
				<ondown>9000</ondown>
				
				<animation type="WindowOpen" reversible="true">
					<effect type="fade" start="0" time="1000" />
					<effect type="slide" start="1280" tween="cubic" easing="inout" time="1600" />
				</animation>
				<animation type="Visible" reversible="true">
					<effect type="fade" start="0" time="1000" />
					<effect type="slide" start="1280" tween="cubic" easing="inout" time="1600" />
				</animation>
				
				<animation type="WindowClose" reversible="true">
					<effect type="fade" end="0" time="400" />
					<effect type="zoom" end="40" center="auto" time="400" />
				</animation>
				<animation type="Hidden" reversible="true">
					<effect type="fade" end="0" time="400" />
					<effect type="zoom" end="40" center="auto" time="400" />
				</animation>
				
					<itemlayout height="406" width="212">
						<control type="image">			<!-- custom.icons -->
							<posy>12</posy>
							<posx>4</posx>
							<width>204</width>
							<height>280</height>
							<aspectratio>stretch</aspectratio>
							<texture>icons/views/posters/$INFO[ListItem.Icon]</texture>
							<colordiffuse>60FFFFFF</colordiffuse>
							<visible>SubString(ListItem.Icon,Default,left) + !Container.Content(Genres)</visible>
						</control>
						<control type="image">			<!-- listItem.icon -->
							<posy>12</posy>
							<posx>4</posx>
							<width>204</width>
							<height>280</height>
							<aspectratio>stretch</aspectratio>
							<texture background="true">$INFO[ListItem.Icon]</texture>
							<colordiffuse>60FFFFFF</colordiffuse>
							<visible>!SubString(ListItem.Icon,Default,left) + !Container.Content(Genres)</visible>
						</control>
						<control type="image">			<!-- listItem.custom.genre -->
							<posy>12</posy>
							<posx>4</posx>
							<width>204</width>
							<height>280</height>
							<aspectratio>stretch</aspectratio>
							<colordiffuse>60FFFFFF</colordiffuse>
							<texture fallback="moviegenres/default.jpg">moviegenres/$INFO[ListItem.Label,,.jpg]</texture>
							<visible>!StringCompare(ListItem.Icon,DefaultFolderBack.png) + Container.Content(Genres)</visible>
						</control>
						<control type="image">			<!-- listItem.overlayWatched -->
							<posy>12</posy>
							<posx>80</posx>
							<width>128</width>
							<height>128</height>
							<texture>showcase/overlaywatched.png</texture>
							<visible>Substring(ListItem.Overlay,Watched.png) + !Substring(ListItem.Overlay,Unwatched.png)</visible>
						</control>
						<control type="image">			<!-- custom.video.icon -->
							<posx>0</posx>
							<posy>298</posy>
							<width>32</width>
							<height>32</height>
							<texture>icons/small/movie.png</texture>
							<visible>Container.Content(Movies)</visible>
						</control>
						<control type="label">			<!-- listItem.year -->
							<posx>28</posx>
							<posy>306</posy>
							<width>200</width>
							<height>102</height>
							<font>font.12.bold</font>
							<label>$INFO[ListItem.Year, | , | ]</label>
						</control>	
						<control type="image">			<!-- listItem.starRating -->
							<posx>94</posx>
							<posy>304</posy>
							<width>120</width>
							<height>24</height>
							<texture>$INFO[ListItem.StarRating,leftrating/white/]</texture>
						</control>					
						<control type="textbox">		<!-- [ListItem.Label] year | mpaa | duration | title -->
							<posx>6</posx>
							<posy>324</posy>
							<width>204</width>
							<height>100</height>
							<font>font.12.bold</font>
							<label>$INFO[ListItem.Mpaa]$INFO[ListItem.Duration , | , Mins][CR]$INFO[ListItem.Title]</label>
							<align>left</align>
							<visible>![Container.Content(Genres) | Container.Content(Actors) | Container.Content(Directors)]</visible>
						</control>
						<control type="textbox">
							<posx>6</posx>
							<posy>320</posy>
							<width>200</width>
							<height>102</height>
							<font>font.12.bold</font>
							<label>$INFO[ListItem.Label][CR]$INFO[ListItem.Label2]</label>
							<visible>Container.Content(Genres) | Container.Content(Actors)</visible>
						</control>
					</itemlayout>
					<focusedlayout height="406" width="216">
						<control type="image">			<!-- custom.icons -->
							<posx>-4</posx>
							<posy>0</posy>
							<width>224</width>
							<height>300</height>
							<aspectratio>stretch</aspectratio>
							<texture>icons/views/posters/$INFO[ListItem.Icon]</texture>
							<visible>SubString(ListItem.Icon,Default,left)</visible>
						</control>
						<control type="image">			<!-- listItem.icon -->
							<posx>0</posx>
							<posy>2</posy>
							<width>224</width>
							<height>300</height>
							<aspectratio>stretch</aspectratio>
							<texture background="true">$INFO[ListItem.Icon]</texture>
							<visible>!SubString(ListItem.Icon,Default,left) + !Container.Content(Genres)</visible>
						</control>
						<control type="image">			<!-- listItem.custom.genre -->
							<posx>-4</posx>
							<posy>0</posy>
							<width>224</width>
							<height>300</height>
							<aspectratio>stretch</aspectratio>
							<texture fallback="moviegenres/default.jpg">moviegenres/$INFO[ListItem.Label,,.jpg]</texture>
							<visible>!StringCompare(ListItem.Icon,DefaultFolderBack.png) + Container.Content(Genres)</visible>
						</control>
						<control type="image">			<!-- listItem.overlay.Watched -->
							<posx>54</posx>
							<posy>4</posy>
							<width>165</width>
							<height>165</height>
							<texture>showcase/overlaywatched.png</texture>
							<visible>Substring(ListItem.Overlay,Watched.png) + !Substring(ListItem.Overlay,Unwatched.png)</visible>
						</control> 
						<control type="image">			<!-- DefaultFocus -->
							<posx>-4</posx>
							<posy>0</posy>
							<width>228</width>
							<height>304</height>
							<aspectratio>stretch</aspectratio>
							<texture>icons/views/posters/DefaultFocus.png</texture>
						</control>
						<control type="image">			<!-- custom.video.Icon -->
							<posx>0</posx>
							<posy>298</posy>
							<width>32</width>
							<height>32</height>
							<texture>icons/small/movie.png</texture>
							<visible>Container.Content(Movies)</visible>
						</control>						
						<control type="label">			<!-- listItem.year -->
							<posx>28</posx>
							<posy>306</posy>
							<width>200</width>
							<height>102</height>
							<font>font.12.bold</font>
							<label>$INFO[ListItem.Year, | , | ]</label>
						</control>	
						<control type="image">			<!-- listItem.starRating -->
							<posx>96</posx>
							<posy>304</posy>
							<width>120</width>
							<height>24</height>
							<texture>$INFO[ListItem.StarRating,leftrating/white/]</texture>
						</control>
						<control type="textbox">		<!-- [listItem.label] year | mpaa | duration | title -->
							<posx>6</posx>
							<posy>324</posy>
							<width>204</width>
							<height>100</height>
							<font>font.12.bold</font>
							<label>$INFO[ListItem.Mpaa]$INFO[ListItem.Duration , | , Mins][CR]$INFO[ListItem.Title]</label>
							<align>left</align>
							<visible>![Container.Content(Genres) | Container.Content(Actors) | Container.Content(Directors)]</visible>
						</control>
						<control type="textbox">
							<posx>6</posx>
							<posy>320</posy>
							<width>200</width>
							<height>102</height>
							<font>font.12.bold</font>
							<label>$INFO[ListItem.Label][CR]$INFO[ListItem.Label2]</label>
							<visible>Container.Content(Genres) + Container.Content(Actors)</visible>
						</control>
					</focusedlayout>
			
			</control>	
			
			<control type="fixedlist" id="510">
				<posx>-63</posx>
				<posy>216</posy>
				<width>1378</width>
				<height>356</height>
				<onleft>57</onleft>
				<onright>57</onright>
				<onup>2</onup>
				<ondown>300</ondown>
				<viewtype label="Poster Wrap">bigwrap</viewtype>

				<scrolltime>200</scrolltime>
				<focusposition>1</focusposition>
				<orientation>horizontal</orientation>
				<visible>Container(300).HasFocus(9)</visible>
			
				<animation effect="fade" time="400">WindowOpen</animation>
				<animation effect="fade" time="400">WindowClose</animation>
				<animation effect="fade" time="400">Visible</animation>
				
				<itemlayout width="194" height="276">
					<!-- poster image: all -->
					<control type="image">
						<posx>4</posx>
						<posy>40</posy>
						<width>186</width>
						<height>252</height>
						<aspectratio>stretch</aspectratio>
						<texture>icons/views/posters/DefaultFolder.png</texture>
					</control>
					<control type="label">
						<posx>96</posx>
						<posy>142</posy>
						<width>186</width>
						<font>font.28</font>
						<info>ListItem.Label</info>
						<align>center</align>
						<shadowcolor>ff000000</shadowcolor>
					</control>
					<!-- poster dropshadow image -->
					<control type="image">
						<posx>4</posx>
						<posy>297</posy>
						<width>186</width>
						<height>18</height>
						<texture>common/dropshadow.png</texture>
					</control>
				</itemlayout>
				
				<focusedlayout height="356" width="240">
					<!-- poster image -->
					<control type="image">
						<posx>4</posx>
						<posy>0</posy>
						<width>238</width>
						<height>326</height>
						<aspectratio>stretch</aspectratio>
						<texture>moviegenres/default.jpg</texture>
					</control>
					<control type="label">
						<posx>124</posx>
						<posy>130</posy>
						<width>240</width>
						<align>center</align>
						<font>font50caps_title</font>
						<info>ListItem.Label</info>
						<shadowcolor>ff000000</shadowcolor>
					</control>
					<!-- poster dropshadow image -->
					<control type="image">
						<posx>4</posx>
						<posy>333</posy>
						<width>240</width>
						<height>23</height>
						<texture>common/dropshadow.png</texture>
					</control>
				</focusedlayout>
				
				<content>
					<item>
						<label>#</label>
						<onclick>Skin.SetString(Movies.SortLetter,#)</onclick>
						<onclick>Container(300).setFocus(0)</onclick>
						<onclick>XBMC.ActivateWindow(10025,Special://skin/playlist/movies/numeric.xsp, Return)</onclick>
					</item>
					<item>
						<label>A</label>
						<onclick>Skin.SetString(Movies.SortLetter,a)</onclick>
						<onclick>Container(300).setFocus(0)</onclick>
						<onclick>XBMC.ActivateWindow(10025,Special://skin/playlist/movies/a.xsp,return)</onclick>
					</item>
					<item>
						<label>B</label>
						<onclick>Skin.SetString(Movies.SortLetter,b)</onclick>
						<onclick>Container(300).setFocus(1)</onclick>
						<onclick>XBMC.ActivateWindow(10025,Special://skin/playlist/movies/b.xsp, Return)</onclick>
					</item>
					<item>
						<label>C</label>
						<onclick>Skin.SetString(Movies.SortLetter,c)</onclick>
						<onclick>XBMC.ActivateWindow(10025,Special://skin/playlist/movies/c.xsp, Return)</onclick>
					</item>
					<item>
						<label>D</label>
						<onclick>Skin.SetString(Movies.SortLetter,d)</onclick>
						<onclick>XBMC.ActivateWindow(10025,Special://skin/playlist/movies/d.xsp, Return)</onclick>
					</item>
					<item>
						<label>E</label>
						<onclick>Skin.SetString(Movies.SortLetter,e)</onclick>
						<onclick>XBMC.ActivateWindow(10025,Special://skin/playlist/movies/e.xsp, Return)</onclick>
					</item>
					<item>
						<label>F</label>
						<onclick>Skin.SetString(Movies.SortLetter,f)</onclick>
						<onclick>XBMC.ActivateWindow(10025,Special://skin/playlist/movies/f.xsp, Return)</onclick>
					</item>
					<item>
						<label>G</label>
						<onclick>Skin.SetString(Movies.SortLetter,g)</onclick>
						<onclick>XBMC.ActivateWindow(10025,Special://skin/playlist/movies/g.xsp, Return)</onclick>
					</item>
					<item>
						<label>H</label>
						<onclick>Skin.SetString(Movies.SortLetter,h)</onclick>
						<onclick>XBMC.ActivateWindow(10025,Special://skin/playlist/movies/h.xsp, Return)</onclick>
					</item>
					<item>
						<label>I</label>
						<onclick>Skin.SetString(Movies.SortLetter,i)</onclick>
						<onclick>XBMC.ActivateWindow(10025,Special://skin/playlist/movies/i.xsp, Return)</onclick>
					</item>
					<item>
						<label>J</label>
						<onclick>Skin.SetString(Movies.SortLetter,j)</onclick>
						<onclick>XBMC.ActivateWindow(10025,Special://skin/playlist/movies/j.xsp, Return)</onclick>
					</item>
					<item>
						<label>K</label>
						<onclick>Skin.SetString(Movies.SortLetter,k)</onclick>
						<onclick>XBMC.ActivateWindow(10025,Special://skin/playlist/movies/k.xsp, Return)</onclick>
					</item>
					<item>
						<label>L</label>
						<onclick>Skin.SetString(Movies.SortLetter,a\l)</onclick>
						<onclick>XBMC.ActivateWindow(10025,Special://skin/playlist/movies/l.xsp, Return)</onclick>
					</item>
					<item>
						<label>M</label>
						<onclick>Skin.SetString(Movies.SortLetter,m)</onclick>
						<onclick>XBMC.ActivateWindow(10025,Special://skin/playlist/movies/m.xsp, Return)</onclick>
					</item>
					<item>
						<label>N</label>
						<onclick>Skin.SetString(Movies.SortLetter,n)</onclick>
						<onclick>XBMC.ActivateWindow(10025,Special://skin/playlist/movies/n.xsp, Return)</onclick>
					</item>
					<item>
						<label>O</label>
						<onclick>Skin.SetString(Movies.SortLetter,o)</onclick>
						<onclick>XBMC.ActivateWindow(10025,Special://skin/playlist/movies/o.xsp, Return)</onclick>
					</item>
					<item>
						<label>P</label>
						<onclick>Skin.SetString(Movies.SortLetter,p)</onclick>
						<onclick>XBMC.ActivateWindow(10025,Special://skin/playlist/movies/p.xsp, Return)</onclick>
					</item>
					<item>
						<label>Q</label>
						<onclick>Skin.SetString(Movies.SortLetter,q)</onclick>
						<onclick>XBMC.ActivateWindow(10025,Special://skin/playlist/movies/q.xsp, Return)</onclick>
					</item>
					<item>
						<label>R</label>
						<onclick>Skin.SetString(Movies.SortLetter,r)</onclick>
						<onclick>XBMC.ActivateWindow(10025,Special://skin/playlist/movies/r.xsp, Return)</onclick>
					</item>
					<item>
						<label>S</label>
						<onclick>Skin.SetString(Movies.SortLetter,s)</onclick>
						<onclick>XBMC.ActivateWindow(10025,Special://skin/playlist/movies/s.xsp, Return)</onclick>
					</item>
					<item>
						<label>T</label>
						<onclick>Skin.SetString(Movies.SortLetter,t)</onclick>
						<onclick>XBMC.ActivateWindow(10025,Special://skin/playlist/movies/t.xsp, Return)</onclick>
					</item>
					<item>
						<label>U</label>
						<onclick>Skin.SetString(Movies.SortLetter,u)</onclick>
						<onclick>XBMC.ActivateWindow(10025,Special://skin/playlist/movies/u.xsp, Return)</onclick>
					</item>
					<item>
						<label>V</label>
						<onclick>Skin.SetString(Movies.SortLetter,v)</onclick>
						<onclick>XBMC.ActivateWindow(10025,Special://skin/playlist/movies/v.xsp, Return)</onclick>
					</item>
					<item>
						<label>W</label>
						<onclick>Skin.SetString(Movies.SortLetter,w)</onclick>
						<onclick>XBMC.ActivateWindow(10025,Special://skin/playlist/movies/w.xsp, Return)</onclick>
					</item>
					<item>
						<label>X</label>
						<onclick>Skin.SetString(Movies.SortLetter,x)</onclick>
						<onclick>XBMC.ActivateWindow(10025,Special://skin/playlist/movies/x.xsp, Return)</onclick>
					</item>
					<item>
						<label>Y</label>
						<onclick>Skin.SetString(Movies.SortLetter,y)</onclick>
						<onclick>XBMC.ActivateWindow(10025,Special://skin/playlist/movies/y.xsp, Return)</onclick>
					</item>
					<item>
						<label>Z</label>
						<onclick>Skin.SetString(Movies.SortLetter,z)</onclick>
						<onclick>XBMC.ActivateWindow(10025,Special://skin/playlist/movies/z.xsp, Return)</onclick>
					</item>
				</content>
			
			</control>
				
			
		</control>
		
	</include>
	
</includes>
