<includes>	
	
	<!-- view.panels.id.423 (thumbs) -->
	<include name="view.music.albums">	
		
		<control type="group">
			<visible>Control.IsVisible(55)</visible>
				<control type="label">			<!-- ListItem.Icon -->
					<posx>28</posx>
					<posy>56</posy>
					<width>600</width>
					<height>102</height>
					<font>font.12.bold</font>
					<label>Music.Albums: ID.55 - $INFO[ListItem.Icon]</label>
				</control>
				<control type="image">			<!-- marker -->
					<posx>0</posx>
					<posy>48</posy>
					<width>20</width>
					<height>48</height>
					<texture>bg/marker.music.png</texture>
					<aspectration>stretch</aspectration>
					<animation effect="fade" start="0" end="100" time="400">VisibleChange</animation>
					<!-- <animation effect="fade" start="100" end="0" time="400">Hidden</animation> -->
				</control>
			
		<!-- control.image.menu.background -->
		<control type="image">
			<posy>104</posy>
			<posx>0</posx>
			<width>1280</width>
			<height>48</height>
			<texture>bg/menu.bar.png</texture>
			<aspectration>stretch</aspectration>
			<visible>Control.HasFocus(300)</visible>
			<animation effect="fade" start="0" end="100" time="400">VisibleChange</animation>
			<!-- <animation effect="fade" start="100" end="0" time="400">Hidden</animation> -->
		</control>		
		
		<control type="grouplist" id="300">
			<posx>96</posx>
			<posy>56</posy>
			<orientation>horizontal</orientation>
				<control type="button" id="100">
					<width>96</width>
					<font>font13bold</font>
					<label>songs</label>
				</control>			
				<control type="button" id="101">
					<width>96</width>
					<font>font13bold</font>
					<label>albums</label>
				</control>			
				<control type="button" id="102">
					<width>96</width>
					<font>font13bold</font>
					<label>genres</label>
				</control>
		</control>
			
				<control type="label" id="411">			<!-- header [Container.FolderName] -->
					<posx>140</posx>
					<posy>96</posy>
					<width>630</width>
					<height>30</height>
					<font>font16bold</font>
					<label>$INFO[Container.FolderName]</label>
					<align>left</align>
					<aligny>center</aligny>
					<textcolor>white</textcolor>
					<shadowcolor>black</shadowcolor>
					<visible>Container.Content(Files)</visible>
				</control>
				<control type="label" id="411">			<!-- header [TVShows Library Hub] -->
					<posx>140</posx>
					<posy>96</posy>
					<width>630</width>
					<height>30</height>
					<font>font16bold</font>
					<label>TVShows Library Hub</label>
					<align>left</align>
					<aligny>center</aligny>
					<textcolor>white</textcolor>
					<shadowcolor>black</shadowcolor>
					<visible>StringCompare(Container.FolderPath,videodb://2/)</visible>
				</control>
				<control type="label" id="411">			<!-- header [Movies Library Hub] -->
					<posx>140</posx>
					<posy>96</posy>
					<width>630</width>
					<height>30</height>
					<font>font16bold</font>
					<label>Movies Library Hub</label>
					<align>left</align>
					<aligny>center</aligny>
					<textcolor>white</textcolor>
					<shadowcolor>black</shadowcolor>
					<visible>StringCompare(Container.FolderPath,videodb://1/)</visible>
				</control>
				<control type="label" id="411">			<!-- header [Movies Library Hub] -->
					<posx>140</posx>
					<posy>96</posy>
					<width>630</width>
					<height>30</height>
					<font>font16bold</font>
					<label>Video Library Hub</label>
					<align>left</align>
					<aligny>center</aligny>
					<textcolor>white</textcolor>
					<shadowcolor>black</shadowcolor>
					<visible>StringCompare(Container.Content,videodb://)</visible>
				</control>
				<control type="label" id="411">			<!-- header [Movies Library Hub] -->
					<posx>140</posx>
					<posy>96</posy>
					<width>630</width>
					<height>30</height>
					<font>font16bold</font>
					<label>Video Add-Ons Hub</label>
					<align>left</align>
					<aligny>center</aligny>
					<textcolor>white</textcolor>
					<shadowcolor>black</shadowcolor>
					<visible>StringCompare(Container.FolderPath,plugin://video/)</visible>
				</control>
				
				<control type="panel" id="55">			<!-- container -->
					<posx>0</posx>
					<posy>166</posy>
					<width>1280</width>
					<height>424</height>
					<viewtype label="Albums">icon</viewtype>
					<orientation>horizontal</orientation>
					<focusposition>1</focusposition>
					<scrolltime>400</scrolltime>
					<onup>300</onup>
					<ondown>9000</ondown>
					<onleft></onleft>
					<onright></onright>
					<!-- <visible>IsEmpty(Container.FolderPath) | SubString(Container.FolderPath,musicdb://1/,right) | SubString(Container.FolderPath,videodb://1/,right) | SubString(Container.FolderPath,videodb://2/,right) | Container.Content(plugins) | Container.Content(Studios)</visible>					 -->
					<!-- <animation effect="zoom" end="80" time="400">WindowOpen</animation>	 -->
						
						<itemlayout width="212" height="212">
								<control type="image">			<!-- ListItem.Icon -->
									<posx>4</posx>
									<posy>4</posy>
									<width>204</width>
									<height>204</height>
									<texture background="true">$INFO[ListItem.Icon]</texture>
									<aspectratio>stretch</aspectratio>
									<fadetime>400</fadetime>
									<visible>!Container.Content(Studios)</visible>
								</control>
								<control type="image">			<!-- custom.studios.icon -->
									<posx>4</posx>
									<posy>4</posy>
									<width>204</width>
									<height>204</height>
									<texture fallback="bg/green.png">$INFO[ListItem.Label,special://skin/images/studios/,.png]</texture>
									<bordertexture>bg/green.png</bordertexture>
									<aspectratio>stretch</aspectratio>
									<fadetime>400</fadetime>
									<visible>Container.Content(Studios)</visible>
								</control>								
								<control type="image">			<!-- ListItem.Icon.Overlay -->
									<posx>4</posx>
									<posy>4</posy>
									<width>204</width>
									<height>204</height>
									<texture>bg/album.overlay.png</texture>
								</control>
								<control type="label">			<!-- ListItem.Label -->
									<posx>12</posx>
									<posy>166</posy>
									<width>188</width>
									<font>font12bold</font>
									<info>ListItem.Label</info>
									<textcolor>white</textcolor>
									<align>left</align>
								</control>
								<control type="label">			<!-- ListItem.Label2 -->
									<posx>12</posx>
									<posy>184</posy>
									<width>188</width>
									<font>font11bold</font>
									<info>ListItem.Label2</info>
									<textcolor>grey</textcolor>
									<align>left</align>
								</control>
						</itemlayout>
						<focusedlayout width="212" height="212">
								<control type="image">			<!-- ListItem.Icon -->
									<posx>4</posx>
									<posy>4</posy>
									<width>204</width>
									<height>204</height>
									<texture background="true">$INFO[ListItem.Icon]</texture>
									<aspectratio>stretch</aspectratio>
								</control>										
								<control type="image">			<!-- ListItem.Icon.Overlay -->
									<posx>4</posx>
									<posy>4</posy>
									<width>204</width>
									<height>204</height>
									<texture>bg/album.overlay.png</texture>
								</control>
								<control type="label">			<!-- ListItem.Label -->
									<posx>12</posx>
									<posy>166</posy>
									<width>188</width>
									<font>font12bold</font>
									<info>ListItem.Label</info>
									<textcolor>white</textcolor>
									<align>left</align>
								</control>
								<control type="label">			<!-- ListItem.Label2 -->
									<posx>12</posx>
									<posy>184</posy>
									<width>188</width>
									<font>font11bold</font>
									<info>ListItem.Label2</info>
									<textcolor>grey</textcolor>
									<align>left</align>
								</control>
								<control type="image">			<!-- focus -->
									<posx>4</posx>
									<posy>4</posy>
									<width>204</width>
									<height>204</height>
									<texture background="false">icons/default.focus.png</texture>
									<aspectratio>stretch</aspectratio>
								</control>
						</focusedlayout>

				</control>
				
				<control type="image">					<!-- section.shadow -->
					<posx>151</posx>
					<posy>564</posy>
					<width>980</width>
					<height>32</height>
					<texture>common/dropshadow.png</texture>
					<visible>false</visible>
				</control>
			
		</control>
		
	</include>

</includes>
