<includes>	
	
	<!-- view: icons twist - id=53 -->
	<include name="view.albums">	
		
		<control type="group">
			<visible>Control.IsVisible(53)</visible>
				<control type="label">			<!-- for debuggin' porpuses -->
					<posx>28</posx>
					<posy>56</posy>
					<width>600</width>
					<height>102</height>
					<font>font.12.bold</font>
					<label>Icons.Twist: ID.53 - $INFO[ListItem.Icon]</label>
				</control>		
				
				
				<control type="fixedlist" id="53">
					<posx>-63</posx>
					<posy>212</posy>
					<width>1378</width>
					<height>406</height>
					<viewtype label="Icons">bigwrap</viewtype>
					<scrolltime>300</scrolltime>
					<focusposition>1</focusposition>
					<orientation>horizontal</orientation>
					<onleft>512</onleft>
					<onright>512</onright>
					<onup>9000</onup>
					<ondown>300</ondown>
					
					<animation type="WindowOpen" reversible="true">
						<effect type="fade" start="0" time="1000" />
						<effect type="slide" start="1280" tween="cubic" easing="inout" time="1600" />
					</animation>
					<animation type="Visible" reversible="true">
						<effect type="fade" start="0" time="1000" />
						<effect type="slide" start="1280" tween="cubic" easing="inout" time="1600" />
					</animation>
					
					<animation effect="fade" time="400">WindowClose</animation>
					<animation effect="fade" time="400">Hidden</animation>
						
						<itemlayout height="406" width="212">
							<control type="image">		<!-- top.frame-->
								<posx>4</posx>
								<posy>12</posy>
								<width>204</width>
								<height>70</height>
								<aspectratio>stretch</aspectratio>
								<texture>bg/transparency.png</texture>
							</control>
							<control type="label">		<!-- ListItem.Year -->
								<posx>10</posx>
								<posy>14</posy>
								<width>196</width>
								<height>100</height>
								<font>font.12.bold</font>
								<textcolor>white</textcolor>
								<label>$INFO[ListItem.Year]</label>
								<align>left</align>
							</control>					
							<control type="textbox">	<!-- ListItem.Label -->
								<posx>10</posx>
								<posy>30</posy>
								<width>196</width>
								<height>100</height>
								<font>font.12.bold</font>
								<textcolor>white</textcolor>
								<label>$INFO[ListItem.Label]</label>
								<align>left</align>
							</control>
							<control type="image">		<!-- ListItem.Icon -->
								<posy>86</posy>
								<posx>4</posx>
								<width>204</width>
								<height>204</height>
								<aspectratio>stretch</aspectratio>
								<texture background="true">$INFO[ListItem.Icon]</texture>
								<visible>!Container.Content(Genres) | StringCompare(ListItem.Icon,DefaultFolderBack.png)</visible>
							</control>
							<control type="image">		<!-- ListItem.Custom.Genres-->
								<posy>86</posy>
								<posx>4</posx>
								<width>204</width>
								<height>204</height>
								<aspectratio>stretch</aspectratio>
								<texture fallback="icons/views/icons/DefaultMusicGenres.png">$INFO[ListItem.Label,special://skin/images/music.genres/,.jpg]</texture>
								<visible>Container.Content(Genres) + !StringCompare(ListItem.Icon,DefaultFolderBack.png)</visible>
							</control>
							<control type="image">		<!-- ListItem.StarRating -->
								<posx>92</posx>
								<posy>12</posy>
								<width>120</width>
								<height>24</height>
								<texture>$INFO[ListItem.StarRating,leftrating/white/]</texture>
							</control>					
							<control type="textbox">		<!-- [ListItem.Label] year | mpaa | duration [Line.Break] title -->
								<posx>6</posx>
								<posy>320</posy>
								<width>200</width>
								<height>100</height>
								<font>font12bold</font>
								<textcolor>white</textcolor>
								<label>$INFO[ListItem.Artist][CR]$INFO[ListItem.Genre]</label>
								<scroll>false</scroll>
								<align>left</align>
							</control>
							<control type="image">					<!-- section.shadow -->
								<posx>-4</posx>
								<posy>296</posy>
								<width>218</width>
								<height>32</height>
								<texture>common/dropshadow.png</texture>
							</control>
						</itemlayout>
						<focusedlayout height="406" width="216">
							<control type="image">			<!-- top.frame -->
								<posx>-4</posx>
								<posy>0</posy>
								<width>224</width>
								<height>72</height>
								<aspectratio>stretch</aspectratio>
								<texture>bg/transparency.png</texture>
							</control>
							<control type="image">			<!-- ListItem.Icon  -->
								<posx>-4</posx>
								<posy>76</posy>
								<width>224</width>
								<height>224</height>
								<aspectratio>stretch</aspectratio>
								<texture background="true">$INFO[ListItem.Icon]</texture>
								<visible>!Container.Content(Genres) | StringCompare(ListItem.Icon,DefaultFolderBack.png)</visible>
							</control>
							<control type="image">			<!-- ListItem.Icon  -->
								<posx>-4</posx>
								<posy>76</posy>
								<width>224</width>
								<height>224</height>
								<aspectratio>stretch</aspectratio>
								<texture fallback="icons/views/icons/DefaultMusicGenres.png">$INFO[ListItem.Label,special://skin/images/music.genres/,.jpg]</texture>
								<visible>Container.Content(Genres) + !StringCompare(ListItem.Icon,DefaultFolderBack.png)</visible>
							</control>
							<control type="image">			<!-- ListItem.Overlay.Watched -->
								<posx>54</posx>
								<posy>4</posy>
								<width>165</width>
								<height>165</height>
								<texture>showcase/overlaywatched.png</texture>
								<visible>Substring(ListItem.Overlay,Watched.png) + !Substring(ListItem.Overlay,Unwatched.png)</visible>
							</control> 
							<control type="image">			<!-- Focus -->
								<posx>-6</posx>
								<posy>0</posy>
								<width>228</width>
								<height>304</height>
								<aspectratio>stretch</aspectratio>
								<texture>icons/default.focus.png</texture>
							</control>
							<control type="image">			<!-- ListItem.StarRating -->
								<posx>100</posx>
								<posy>4</posy>
								<width>120</width>
								<height>24</height>
								<texture>$INFO[ListItem.StarRating,leftrating/white/]</texture>
							</control>
							<control type="label">			<!-- ListItem.Year -->
								<posx>4</posx>
								<posy>8</posy>
								<width>196</width>
								<height>100</height>
								<font>font.12.bold</font>
								<textcolor>white</textcolor>
								<label>$INFO[ListItem.Year]</label>
								<align>left</align>
							</control>	
							<control type="textbox">		<!-- ListItem.Year -  ListItem.Label -->
								<posx>4</posx>
								<posy>26</posy>
								<width>196</width>
								<height>100</height>
								<font>font.12.bold</font>
								<textcolor>white</textcolor>
								<label>$INFO[ListItem.Label]</label>
								<scroll>false</scroll>
								<align>left</align>
							</control>					
							<control type="image">					<!-- section.shadow -->
								<posx>-10</posx>
								<posy>318</posy>
								<width>234</width>
								<height>32</height>
								<texture>common/dropshadow.png</texture>
							</control>
					</focusedlayout>
					
				</control>			
		</control>
			
	</include>

</includes>
