<includes>	
	
	<!-- VIEW: playstation -->
	<include name="Secret.PS">
		<control type="group">
			
		<control type="image">
			<posx>0</posx>
			<posy>0</posy>
			<width>1280</width>
			<height>720</height>
			<texture fallback="backgrounds/05.png">$INFO[ListItem.Path]$INFO[ListItem.Label,,.fanart.png]</texture>
			<!-- <texture>$INFO[Skin.String(NXE.Home.Background)]</texture> -->
			<aspectration>stretch</aspectration>
			<visible>false</visible>
		</control>
			
			<!-- <visible>Control.IsVisible(3000)</visible> -->
			<include>VisibleFadeEffect</include>
			
			<control type="fixedlist" id="3000">
				<posy>-54</posy>
				<posx>128</posx>
				<width>254</width>
				<height>774</height>
				<onleft>2</onleft>
				<onright>60</onright>
				<onup>51</onup>
				<ondown>51</ondown>
				<viewtype label="PlayStation">list</viewtype>
				<scrolltime>200</scrolltime>
				<focusposition>3</focusposition>
				<visible>SubString(Container.FolderName,PlayStation)</visible>
				
				<itemlayout height="112" width="192">
					<control type="image">
						<posy>2</posy>
						<posx>32</posx>
						<width>192</width>
						<height>108</height>
						<texture>$INFO[ListItem.Icon]</texture>
					</control>
				</itemlayout>
				
				<focusedlayout height="162" width="254">
					<control type="image">
						<posx>0</posx>
						<posy>0</posy>
						<width>254</width>
						<height>162</height>
						<texture>$INFO[ListItem.Icon]</texture>
					</control>
				</focusedlayout>
			</control>
			
			<control type="image" id="3001">
				<posy>293</posy>
				<posx>505</posx>
				<width>645</width>
				<height>372</height>
				<!-- <texture>$INFO[ListItem.Path,,_info.png]</texture> -->
				<texture>$INFO[ListItem.Path]$INFO[ListItem.Label,, [nfo].png]</texture>
				<!-- <visible>false</visible> -->
			</control>			
			
			<control type="label">
				<posy>290</posy>
				<posx>418</posx>
				<width>1000</width>
				<height>40</height>
				<font>font30</font>
				<textcolor>white</textcolor>
				<selectedcolor>selected</selectedcolor>
				<align>left</align>
				<aligny>center</aligny>
				<label>$INFO[ListItem.Path]$INFO[ListItem.Label]</label> 
				<visible>false</visible>
			</control>
		</control>
	</include>

</includes>