<includes>	
	
	<!-- view.panels.id.422 (icons widescreen) -->
	<include name="view.ws.thumbs">	

		<control type="button" id="701">
			<posy>0</posy>
			<posx>0</posx>
			<width>256</width>
			<height>256</height>
			<texturefocus>-</texturefocus>
			<texturenofocus>-</texturenofocus>
			<label></label>
			<onfocus>-</onfocus>
			<onclick>-</onclick>
			<onup>422</onup>
			<ondown>422</ondown>
			<onleft>422</onleft>
			<onright>422</onright>
		</control>
	
		<control type="fixedlist" id="422">
			<posx>-220</posx>
			<posy>286</posy>
			<width>1500</width>
			<height>361</height>
			<focusposition>1</focusposition>
			<scrolltime>300</scrolltime>
			<viewtype label="WS Thumbs">list</viewtype>
			<orientation>horizontal</orientation>
			<onup>701</onup>
			<ondown>9000</ondown>
			<onleft>-</onleft>
			<onright>-</onright>	
			<visible>Window.IsVisible(VideoLibrary) | Container.Content(Episodes) | Container.Content(Plugins)</visible>
			<visible>Window.IsVisible(VideoLibrary) + ![Container.Content(TVShows) | Container.Content(Movies) | Container.Content(MusicLibrary) | Container.Content(Seasons) | Container.Content(Directors) | Container.Content(Years) | Container.Content(Genres) | Container.Content(Actors)]</visible>
			
				<itemlayout width="336" height="284">
						<control type="image">			<!-- text.background -->
							<posy>208</posy>
							<posx>4</posx>
							<width>328</width>
							<height>35</height>
							<texture>bg/black.png</texture>
							<!-- <visible>SubString(ListItem.Label,..)</visible> -->
						</control>
						<control type="image">			<!-- dropshadow -->
							<posx>0</posx>
							<posy>272</posy>
							<width>336</width>
							<height>32</height>
							<texture>common/dropshadow.png</texture>
						</control>
						
						<control type="image">			<!-- ListItem.Icon -->
							<posy>24</posy>
							<posx>4</posx>
							<width>328</width>
							<height>184</height>
							<texture background="true">$INFO[ListItem.Icon]</texture>
							<aspectratio>stretch</aspectratio>
							<visible>!Container.Content(TVShows) + !Substring(ListItem.Label,..,left) + !Container.Content(Movies) + !Container.Content(Studios)</visible>
						</control>
						<control type="image">			<!-- ListItem.Icon [Studios] -->
							<posy>24</posy>
							<posx>4</posx>
							<width>328</width>
							<height>184</height>
							<texture>$INFO[ListItem.Label,special://skin/images/studios/,.png]</texture>
							<bordertexture>bg/transparency.png</bordertexture>
							<aspectratio>stretch</aspectratio>
							<visible>!Substring(ListItem.Label,..,left) + Container.Content(Studios)</visible>
						</control>
						<control type="image">			<!-- custom.folder.back.icon -->
							<posx>4</posx>
							<posy>24</posy>
							<width>328</width>
							<height>184</height>
							<texture background="true">icons/back.ws.png</texture>
							<aspectratio>stretch</aspectratio>
							<visible>SubString(ListItem.Label,..,left)</visible>
						</control>
						
						<control type="image">			<!-- fanart -->
							<posx>4</posx>
							<posy>24</posy>
							<width>328</width>
							<height>184</height>
							<texture background="true">$INFO[ListItem.Property(Fanart_Image)]</texture>
							<aspectratio>stretch</aspectratio>
							<visible>Container.Content(Movies) | Container.Content(TVShows)</visible>
						</control>
						<control type="image">			<!-- watched-unwatched.overlay -->
							<posx>204</posx>
							<posy>24</posy>
							<width>128</width>
							<height>128</height>
							<texture>showcase/overlaywatched.png</texture>
							<visible>SubString(ListItem.Overlay,Watched.png) + !SubString(ListItem.Overlay,Unwatched.png)</visible>
						</control> 
						
						<control type="label">			<!-- ListItem.Label -->
							<posy>208</posy>
							<posx>12</posx>
							<width>310</width>
							<font>font10bold</font>
							<info>ListItem.Label</info>
							<textcolor>white</textcolor>
							<scroll>false</scroll>
							<align>left</align>
						</control>
						<control type="label">			<!-- ListItem.Label2 -->
							<posy>224</posy>
							<posx>12</posx>
							<width>310</width>
							<font>font10</font>
							<info>ListItem.Label2</info>
							<textcolor>white</textcolor>
							<scroll>false</scroll>
							<align>left</align>
							<visible>!Container.Content(Episodes)</visible>
						</control>
						
						<control type="label">			<!-- ListItem.Duration -->
							<posy>224</posy>
							<posx>12</posx>
							<width>310</width>
							<font>font11</font>
							<info>ListItem.Duration</info>
							<textcolor>grey</textcolor>
							<align>left</align>
						</control>					
						<control type="image">			<!-- ListItem.StarRating -->
							<description>Rating value</description>
							<posx>0</posx>
							<posy>246</posy>
							<width>94</width>
							<height>16</height>
							<texture>ratings/left.white/$INFO[ListItem.StarRating]</texture>
						</control>
				</itemlayout>
				<focusedlayout height="361" width="428">
					<control type="group">				<!-- icon info: visible if the hidden control (id-701) has focus and not tv shows -->
						<visible>!Control.HasFocus(701) + !Container.Content(TVShows) + !SubString(ListItem.Label,..,left) + !Container.Content(Movies)</visible> -->
						<animation effect="fade" end="0" time="300" condition="Control.HasFocus(701)">Hidden</animation>
						<animation effect="fade" end="100" time="500" conditon="!WindowOpen">Visible</animation>
						<control type="image">			<!-- ListItem.Icon -->
							<posx>4</posx>
							<posy>0</posy>
							<width>420</width>
							<height>237</height>
							<texture background="true">$INFO[ListItem.Icon]</texture>
							<aspectratio>stretch</aspectratio>
						</control>
						<control type="image">			<!-- watched-unwatched.overlay -->
							<posy>0</posy>
							<posx>260</posx>
							<width>164</width>
							<height>164</height>
							<texture>showcase/overlaywatched.png</texture>
							<visible>Substring(ListItem.Overlay,Watched.png) + !SubString(ListItem.Overlay,Unwatched.png)</visible>
						</control> 						
					</control>
					<control type="group">				<!-- video.details -->
						<posx>4</posx>
						<posy>0</posy>
						<width>420</width>
						<height>237</height>						
						<animation effect="fade" end="0" time="500" condition="Control.HasFocus(701)">Hidden</animation>
						<animation effect="fade" end="100" time="500">Visible</animation>
						<visible>Control.HasFocus(701)</visible>					
							<control type="image">			<!-- plot.background -->
								<posx>0</posx>
								<posy>0</posy>
								<width>420</width>
								<height>237</height>
								<texture>bg/transparency.png</texture>
								<aspectratio>stretch</aspectratio>
							</control>			
							<control type="textbox">		<!-- ListItem.Plot -->
								<posy>8</posy>
								<posx>12</posx>
								<width>408</width>
								<height>224</height>
								<font>font12bold</font>
								<info>ListItem.Plot</info>
								<textcolor>white</textcolor>
								<align>left</align>
								<autoscroll time="2000" delay="3000" repeat="5000">true</autoscroll>
							</control>
					</control>
						
					<control type="image">			<!-- text.background -->
						<posx>4</posx>
						<posy>237</posy>
						<width>420</width>
						<height>45</height>
						<texture>bg/black.png</texture>
					</control>
					<control type="image">			<!-- dropshadow -->
						<posx>0</posx>
						<posy>320</posy>
						<width>428</width>
						<height>41</height>
						<texture>common/dropshadow.png</texture>
					</control>

					<control type="image">			<!-- custom.folder.back.icon -->
						<posx>4</posx>
						<posy>0</posy>
						<width>420</width>
						<height>237</height>
						<texture>icons/back.ws.png</texture>
						<aspectratio>stretch</aspectratio>
						<visible>SubString(ListItem.Label,..,left)</visible>
					</control>
					<control type="image">			<!-- fanart -->
						<posx>4</posx>
						<posy>0</posy>
						<width>420</width>
						<height>237</height>
						<texture background="true">$INFO[ListItem.Property(Fanart_Image)]</texture>
						<aspectratio>stretch</aspectratio>
						<visible>!Control.HasFocus(701) + [Container.Content(Movies) | Container.Content(TVShows)]</visible>
						<animation effect="rotatey" end="68" center="210" time="500" condition="!Container.Content(Episodes)">Hidden</animation>
						<animation effect="rotatey" start="68" center="210" time="500" delay="500">Visible</animation>
					</control>
					<control type="label">			<!-- ListItem.Label -->
						<posy>238</posy>
						<posx>12</posx>
						<width>400</width>
						<font>font12bold</font>
						<info>ListItem.Label</info>
						<textcolor>white</textcolor>
						<align>left</align>
					</control>
					<control type="label">			<!-- ListItem.Label2 -->
						<posy>256</posy>
						<posx>12</posx>
						<width>400</width>
						<font>font12</font>
						<info>ListItem.Label2</info>
						<textcolor>white</textcolor>
						<align>left</align>
						<visible>!Container.Content(TVShows)</visible>
					</control>
					<control type="label">			<!-- (TVShows: Line 2 [Studio | Episodes | Watched Episodes | UnWatched Episodes] -->
						<posy>256</posy>
						<posx>12</posx>
						<width>400</width>
						<font>font12</font>
						<label>$INFO[ListItem.Episode,, Eps | ]$INFO[ListItem.Property(WatchedEpisodes),, Watched | ]$INFO[ListItem.Property(UnWatchedEpisodes),, UnWatched]</label>
						<textcolor>white</textcolor>
						<align>left</align>
						<visible>Container.Content(TvShows)</visible>
					</control>					
					<control type="label">			<!-- ListItem.Duration -->
						<posy>260</posy>
						<posx>12</posx>
						<width>412</width>
						<font>font12</font>
						<info>ListItem.Duration</info>
						<textcolor>grey</textcolor>
						<align>left</align>
					</control>
					<control type="image">			<!-- ListItem.StarRating -->
						<posy>282</posy>
						<posx>4</posx>
						<width>120</width>
						<height>24</height>
						<texture>ratings/left.white/$INFO[ListItem.StarRating]</texture>
					</control>
					
				</focusedlayout>

		</control>

				<control type="group">
					<posy>286</posy>
					<posx>120</posx>
					<width>420</width>
					<height>237</height>						
						<animation effect="rotatey" start="68" center="330" time="500" delay="500">Visible</animation>
						<animation effect="rotatey" end="68" center="330" time="500">Hidden</animation>
						<!-- <visible>Control.HasFocus(701)</visible>					 -->
						<visible>false</visible>					
							<control type="image">			<!-- plot.background -->
								<posx>0</posx>
								<posy>0</posy>
								<width>420</width>
								<height>237</height>
								<texture>bg/transparency.png</texture>
								<aspectratio>stretch</aspectratio>
								<!-- <visible>SubString(ListItem.Label,..,left)</visible> -->
							</control>			
							<control type="textbox">		<!-- ListItem.Plot -->
								<posy>8</posy>
								<posx>12</posx>
								<width>408</width>
								<height>224</height>
								<font>font12bold</font>
								<info>ListItem.Plot</info>
								<textcolor>white</textcolor>
								<align>left</align>
								<autoscroll time="2000" delay="3000" repeat="5000">true</autoscroll>
							</control>
					</control>
	
	</include>

</includes>
