<includes>	
	
	<!-- view.panels.id.423 (thumbs) -->
	<include name="view.files.thumbs">	
		
		<control type="group">
			<visible>Control.IsVisible(423)</visible>
			<animation type="WindowOpen" reversible="true">
				<effect type="fade" start="0" time="1000" />
				<effect type="slide" start="0,100" tween="cubic" easing="out" time="1200" />
			</animation>
			<animation type="Visible" reversible="true">
				<effect type="fade" start="0" time="1000" />
				<effect type="slide" start="0,100" tween="cubic" easing="out" time="1200" />
			</animation>
			<animation effect="fade" time="800">WindowClose</animation>
			<animation effect="fade" time="800">Hidden</animation>
				<control type="label">			<!-- ListItem.Icon -->
					<posx>0</posx>
					<posy>0</posy>
					<width>600</width>
					<height>102</height>
					<font>font.12.bold</font>
					<label>Files.Thumbs: ID.423 - $INFO[ListItem.Icon]</label>
				</control>
				<control type="label" id="411">			<!-- header [Container.FolderName] -->
					<posx>140</posx>
					<posy>96</posy>
					<width>630</width>
					<height>30</height>
					<font>font16bold</font>
					<label>$INFO[Container.FolderName]</label>
					<align>left</align>
					<aligny>center</aligny>
					<textcolor>white</textcolor>
					<shadowcolor>black</shadowcolor>
					<visible>Container.Content(Files)</visible>
				</control>
				<control type="label" id="411">			<!-- header [TVShows Library Hub] -->
					<posx>140</posx>
					<posy>96</posy>
					<width>630</width>
					<height>30</height>
					<font>font16bold</font>
					<label>TVShows Library Hub</label>
					<align>left</align>
					<aligny>center</aligny>
					<textcolor>white</textcolor>
					<shadowcolor>black</shadowcolor>
					<visible>StringCompare(Container.FolderPath,videodb://2/)</visible>
				</control>
				<control type="label" id="411">			<!-- header [Movies Library Hub] -->
					<posx>140</posx>
					<posy>96</posy>
					<width>630</width>
					<height>30</height>
					<font>font16bold</font>
					<label>Movies Library Hub</label>
					<align>left</align>
					<aligny>center</aligny>
					<textcolor>white</textcolor>
					<shadowcolor>black</shadowcolor>
					<visible>StringCompare(Container.FolderPath,videodb://1/)</visible>
				</control>
				<control type="label" id="411">			<!-- header [Movies Library Hub] -->
					<posx>140</posx>
					<posy>96</posy>
					<width>630</width>
					<height>30</height>
					<font>font16bold</font>
					<label>Video Library Hub</label>
					<align>left</align>
					<aligny>center</aligny>
					<textcolor>white</textcolor>
					<shadowcolor>black</shadowcolor>
					<visible>StringCompare(Container.Content,videodb://)</visible>
				</control>
				<control type="label" id="411">			<!-- header [Movies Library Hub] -->
					<posx>140</posx>
					<posy>96</posy>
					<width>630</width>
					<height>30</height>
					<font>font16bold</font>
					<label>Video Add-Ons Hub</label>
					<align>left</align>
					<aligny>center</aligny>
					<textcolor>white</textcolor>
					<shadowcolor>black</shadowcolor>
					<visible>StringCompare(Container.FolderPath,plugin://video/)</visible>
				</control>
				<control type="panel" id="423">			<!-- container -->
					<posx>155</posx>
					<posy>166</posy>
					<width>972</width>
					<height>380</height>
					<viewtype label="Thumbs">icon</viewtype>
					<orientation>horizontal</orientation>
					<focusposition>1</focusposition>
					<scrolltime>400</scrolltime>
					<onup>9000</onup>
					<ondown>8004</ondown>
					<onleft>-</onleft>
					<onright>-</onright>
					<visible>IsEmpty(Container.FolderPath) | SubString(Container.FolderPath,musicdb://1/,right) | SubString(Container.FolderPath,videodb://1/,right) | SubString(Container.FolderPath,videodb://2/,right) | Container.Content(plugins) | Container.Content(Studios)</visible>					
						<itemlayout width="243" height="190">
								<control type="image">			<!-- ListItem.Icon -->
									<posx>4</posx>
									<posy>4</posy>
									<width>235</width>
									<height>182</height>
									<texture background="true">$INFO[ListItem.Icon]</texture>
									<bordertexture>bg/transparency.png</bordertexture>
									<aspectratio>stretch</aspectratio>
									<fadetime>400</fadetime>
									<visible>!Substring(ListItem.Label,..,left) + !Container.Content(Studios)</visible>
								</control>
								<control type="image">			<!-- ListItem.Icon -->
									<posx>4</posx>
									<posy>4</posy>
									<width>235</width>
									<height>182</height>
									<texture fallback="bg/green.png">$INFO[ListItem.Label,special://skin/images/studios/,.png]</texture>
									<bordertexture>bg/green.png</bordertexture>
									<aspectratio>stretch</aspectratio>
									<fadetime>400</fadetime>
									<visible>!Substring(ListItem.Label,..,left) + Container.Content(Studios)</visible>
								</control>								
								<control type="image">			<!-- custom.folder.back.icon -->
									<posx>4</posx>
									<posy>4</posy>
									<width>235</width>
									<height>182</height>
									<texture>icons/back.ws.png</texture>
									<aspectratio>stretch</aspectratio>
									<visible>SubString(ListItem.Label,..,left)</visible>
								</control>
								<control type="image">			<!-- text.background -->
									<posx>4</posx>
									<posy>151</posy>
									<width>235</width>
									<height>35</height>
									<texture>bg/black.png</texture>
									<visible>!IsEmpty(Container.FolderPath)</visible>
								</control>						
								<control type="label">			<!-- ListItem.Label -->
									<posx>8</posx>
									<posy>148</posy>
									<width>218</width>
									<font>font12bold</font>
									<info>ListItem.Label</info>
									<textcolor>white</textcolor>
									<scroll>false</scroll>
									<align>left</align>
								</control>
								<control type="label">			<!-- ListItem.Label2 -->
									<posx>12</posx>
									<posy>178</posy>
									<width>224</width>
									<font>font10bold</font>
									<info>ListItem.Label2</info>
									<textcolor>white</textcolor>
									<align>left</align>
									<visible>false</visible>
								</control>
						</itemlayout>
						<focusedlayout width="243" height="190">
								<control type="image">			<!-- ListItem.Icon -->
									<posx>4</posx>
									<posy>4</posy>
									<width>235</width>
									<height>182</height>
									<texture background="true">$INFO[ListItem.Icon]</texture>
									<bordertexture>bg/transparency.png</bordertexture>
									<aspectratio>stretch</aspectratio>
									<visible>!SubString(ListItem.Label,..,left)</visible>
								</control>
								<control type="image">			<!-- custom.folder.back.icon -->
									<posx>4</posx>
									<posy>4</posy>
									<width>235</width>
									<height>182</height>
									<texture>icons/back.ws.png</texture>
									<aspectratio>stretch</aspectratio>
									<visible>SubString(ListItem.Label,..,left)</visible>
								</control>					
								<control type="image">			<!-- text.background -->
									<posx>4</posx>
									<posy>151</posy>
									<width>235</width>
									<height>35</height>
									<texture>bg/green.png</texture>
								</control>						
								<control type="label">			<!-- ListItem.Label -->
									<posx>8</posx>
									<posy>148</posy>
									<width>218</width>
									<font>font12bold</font>
									<info>ListItem.Label</info>
									<textcolor>white</textcolor>
									<align>left</align>
								</control>
								<control type="label">			<!-- ListItem.Label2 -->
									<posx>12</posx>
									<posy>178</posy>
									<width>224</width>
									<font>font10bold</font>
									<info>ListItem.Label2</info>
									<textcolor>white</textcolor>
									<align>left</align>
									<visible>false</visible>
								</control>
								<control type="image">			<!-- focus -->
									<posx>4</posx>
									<posy>4</posy>
									<width>235</width>
									<height>182</height>
									<texture background="false">icons/default.focus.png</texture>
									<aspectratio>stretch</aspectratio>
								</control>				
						</focusedlayout>

				</control>
				<control type="image">					<!-- section.shadow -->
					<posx>151</posx>
					<posy>564</posy>
					<width>980</width>
					<height>32</height>
					<texture>common/dropshadow.png</texture>
					<visible>false</visible>
				</control>
			
		</control>
		
	</include>

</includes>
