<includes>	
	
	<!-- view.panels.id.422 (icons widescreen) -->
	<include name="view.file.icons.ws">	
		
		<control type="group">
			<visible>Control.IsVisible(422)</visible>
			<animation type="WindowOpen" reversible="true">
				<effect type="fade" start="0" time="1000" />
				<effect type="slide" start="0,100" tween="cubic" easing="out" time="1200" />
			</animation>
			<animation effect="fade" time="700">Visible</animation>
			
				<control type="fixedlist" id="422">
					<posx>-220</posx>
					<posy>286</posy>
					<width>1500</width>
					<height>361</height>
					<focusposition>1</focusposition>
					<scrolltime>300</scrolltime>
					<viewtype label="Icons - WS">list</viewtype>
					<orientation>horizontal</orientation>
					<onup>9000</onup>
					<ondown>8004</ondown>
					<onleft>-</onleft>
					<onright>-</onright>
					<visible>!IsEmpty(Container.FolderPath)</visible>
					
						<itemlayout width="336" height="284">
								<control type="image">			<!-- text.background -->
									<posy>208</posy>
									<posx>4</posx>
									<width>328</width>
									<height>35</height>
									<texture>bg/black.png</texture>
								</control>
								<control type="image">			<!-- shadow -->
									<posx>0</posx>
									<posy>256</posy>
									<width>336</width>
									<height>32</height>
									<texture>common/dropshadow.png</texture>
								</control>
								<control type="image">			<!-- listItem.icon -->
									<posy>24</posy>
									<posx>4</posx>
									<width>328</width>
									<height>184</height>
									<texture background="true">$INFO[ListItem.Icon]</texture>
									<aspectratio>stretch</aspectratio>
									<visible>!StringCompare(ListItem.Icon,DefaultFolderBack.png) + !Skin.HasSetting(View.422.Custom.Icon.Enabled)</visible>
								</control>
								<control type="image">			<!-- listItem.icon -->
									<posy>24</posy>
									<posx>4</posx>
									<width>328</width>
									<height>184</height>
									<texture background="true">$INFO[ListItem.Path,,default.i.tbn]</texture>
									<aspectratio>stretch</aspectratio>
									<visible>!StringCompare(ListItem.Icon,DefaultFolderBack.png) + Skin.HasSetting(View.422.Custom.Icon.Enabled)</visible>
								</control>
								<control type="image">			<!-- custom.folder.back.icon -->
									<posx>4</posx>
									<posy>24</posy>
									<width>328</width>
									<height>184</height>
									<texture>icons/views/icons.widescreen/$INFO[ListItem.Icon]</texture>
									<aspectratio>stretch</aspectratio>
									<visible>StringCompare(ListItem.Icon,DefaultFolderBack.png) | StringCompare(ListItem.Icon,DefaultFolder.png)</visible>
								</control>
								<control type="label">			<!-- listItem.label -->
									<posy>208</posy>
									<posx>12</posx>
									<width>310</width>
									<font>font10bold</font>
									<info>ListItem.Label</info>
									<textcolor>white</textcolor>
									<scroll>false</scroll>
									<align>left</align>
								</control>
								<control type="label">			<!-- listItem.label2 -->
									<posy>224</posy>
									<posx>12</posx>
									<width>310</width>
									<font>font10</font>
									<info>ListItem.Label2</info>
									<textcolor>white</textcolor>
									<scroll>false</scroll>
									<align>left</align>
								</control>
						</itemlayout>
						<focusedlayout height="361" width="428">
								<control type="image">			<!-- text.background -->
									<posx>4</posx>
									<posy>237</posy>
									<width>420</width>
									<height>45</height>
									<texture>bg/black.png</texture>
								</control>
								<control type="image">			<!-- shadow -->
									<posx>0</posx>
									<posy>300</posy>
									<width>428</width>
									<height>41</height>
									<texture>common/dropshadow.png</texture>
								</control>
								<control type="image">			<!-- listItem.icon -->
									<posx>4</posx>
									<posy>0</posy>
									<width>420</width>
									<height>237</height>
									<texture background="true">$INFO[ListItem.Icon]</texture>
									<aspectratio>stretch</aspectratio>
									<visible>!StringCompare(ListItem.Icon,DefaultFolderBack.png) + !Skin.HasSetting(View.422.Custom.Icon.Enabled)</visible>
								</control>
								<control type="image">			<!-- listItem.icon -->
									<posx>4</posx>
									<posy>0</posy>
									<width>420</width>
									<height>237</height>
									<texture background="true">$INFO[ListItem.Path,,default.i.tbn]</texture>
									<aspectratio>stretch</aspectratio>
									<visible>!StringCompare(ListItem.Icon,DefaultFolderBack.png) + Skin.HasSetting(View.422.Custom.Icon.Enabled)</visible>
								</control>
								<control type="image">			<!-- custom.folder.back.icon -->
									<posx>4</posx>
									<posy>0</posy>
									<width>420</width>
									<height>237</height>
									<texture>icons/views/icons.widescreen/$INFO[ListItem.Icon]</texture>
									<aspectratio>stretch</aspectratio>
									<visible>StringCompare(ListItem.Icon,DefaultFolderBack.png) | StringCompare(ListItem.Icon,DefaultFolder.png)</visible>
								</control>					
								<control type="label">			<!-- listItem.label -->
									<posy>238</posy>
									<posx>12</posx>
									<width>400</width>
									<font>font12bold</font>
									<info>ListItem.Label</info>
									<textcolor>white</textcolor>
									<align>left</align>
								</control>
								<control type="label">			<!-- listItem.label2 -->
									<posy>256</posy>
									<posx>12</posx>
									<width>400</width>
									<font>font12</font>
									<info>ListItem.Label2</info>
									<textcolor>white</textcolor>
									<align>left</align>
								</control>
								<control type="image">			<!-- Focus -->
									<posx>4</posx>
									<posy>0</posy>
									<width>420</width>
									<height>282</height>
									<texture>icons/views/icons.widescreen/DefaultFocus.png</texture>
									<aspectratio>stretch</aspectratio>
								</control>
						</focusedlayout>

				</control>
		
		</control>
		
	</include>

</includes>
