<includes>	

	<!-- COMMON ROOT VIEW -->
	<include name="view.default">
		
		<control type="group">
			<visible>Control.IsVisible(50)</visible>
			<include>VisibleFadeEffect</include>
			
			<control type="image">
				<posx>192</posx>
				<posy>109</posy>
				<width>892</width>
				<height>488</height>
				<texture>showcase/panel.png</texture>
				<aspectration>stretch</aspectration>
			</control>
			
			<control type="list" id="50">
				<posx>192</posx>
				<posy>109</posy>
				<width>442</width>
				<height>442</height>
				<onleft>9000</onleft>
				<onright>9000</onright>
				<onup>50</onup>
				<ondown>50</ondown>
				<viewtype label="535">list</viewtype>
				<pagecontrol>60</pagecontrol>
				<scrolltime>200</scrolltime>
				<visible>![Window.IsVisible(VideoLibrary) + Container.Content(TVShows) + !Skin.HasSetting(TVShowsUsePosters)]</visible>
				
				<itemlayout height="40" width="580">
					<control type="image">
						<posx>0</posx>
						<posy>0</posy>
						<width>690</width>
						<height>41</height>
						<texture border="0,2,0,2">MenuItemNF.png</texture>
					</control>
					<control type="label">
						<posx>10</posx>
						<posy>0</posy>
						<width>660</width>
						<height>40</height>
						<font>font13</font>
						<textcolor>black</textcolor>
						<selectedcolor>selected</selectedcolor>
						<align>left</align>
						<aligny>center</aligny>
						<label>$INFO[ListItem.Label]</label>
					</control>
					<control type="label">
						<posx>660</posx>
						<posy>0</posy>
						<width>400</width>
						<height>40</height>
						<font>font12</font>
						<textcolor>grey2</textcolor>
						<selectedcolor>selected</selectedcolor>
						<align>right</align>
						<aligny>center</aligny>
						<label>$INFO[ListItem.Label2]</label>
						<animation effect="slide" start="0,0" end="20,0" delay="0" time="0" condition="![Window.IsVisible(VideoLibrary) | Window.IsVisible(VideoFiles)]">conditional</animation>
					</control>
					<control type="image">
						<posx>665</posx>
						<posy>14</posy>
						<width>20</width>
						<height>16</height>
						<texture>$INFO[ListItem.Overlay]</texture>
						<visible>Window.IsVisible(VideoLibrary) | Window.IsVisible(VideoFiles)</visible>
					</control>
				</itemlayout>
				
				<focusedlayout height="40" width="442">
					<control type="image">
						<posx>0</posx>
						<posy>0</posy>
						<width>442</width>
						<height>40</height>
						<texture border="0,0,14,0">osd/media-guide/mediaguide-focus.png</texture>
					</control>
					<control type="label">
						<posx>10</posx>
						<posy>0</posy>
						<width>400</width>
						<height>40</height>
						<font>font13</font>
						<textcolor>white</textcolor>
						<selectedcolor>selected</selectedcolor>
						<align>left</align>
						<aligny>center</aligny>
						<label>$INFO[ListItem.Label]</label>
					</control>
					<control type="label">
						<posx>442</posx>
						<posy>0</posy>
						<width>42</width>
						<height>40</height>
						<font>font12</font>
						<textcolor>grey2</textcolor>
						<selectedcolor>selected</selectedcolor>
						<align>right</align>
						<aligny>center</aligny>
						<label>$INFO[ListItem.Label2]</label>
						<animation effect="slide" start="0,0" end="20,0" delay="0" time="0" condition="![Window.IsVisible(VideoLibrary) | Window.IsVisible(VideoFiles)]">conditional</animation>
					</control>
					<control type="image">
						<posx>665</posx>
						<posy>14</posy>
						<width>20</width>
						<height>16</height>
						<texture>$INFO[ListItem.Overlay]</texture>
						<visible>Window.IsVisible(VideoLibrary) | Window.IsVisible(VideoFiles)</visible>
					</control>
				</focusedlayout>
			
			</control>

					<control type="label">
						<posy>122</posy>
						<posx>656</posx>
						<width>400</width>
						<height>40</height>
						<font>font13</font>
						<textcolor>grey2</textcolor>
						<selectedcolor>selected</selectedcolor>
						<align>left</align>
						<aligny>center</aligny>
						<label>$INFO[ListItem.Label2]</label>
						<animation effect="slide" start="0,0" end="20,0" delay="0" time="0" condition="![Window.IsVisible(VideoLibrary) | Window.IsVisible(VideoFiles)]">conditional</animation>
					</control>			
			
			<control type="group">
				<posx>660</posx>
				<posy>144</posy>
				<visible>Control.IsVisible(50)</visible>
				
				<control type="image">
					<posx>0</posx>
					<posy>0</posy>
					<width>400</width>
					<height>400</height>
					<aspectratio aligny="bottom">keep</aspectratio>
					<fadetime>IconCrossfadeTime</fadetime>
					<texture background="true">$INFO[ListItem.Icon]</texture>
					<bordersize>8</bordersize>
				</control>
			</control>
			
				<!-- SPINCONTROL: this control is used to navigate thru
				the pages available in the current container-->
				<control type="spincontrol" id="61">
					<description>Next page button</description>
					<posx>570</posx>
					<posy>560</posy>
					<subtype>page</subtype>
					<font>-</font>
					<onleft>61</onleft>
					<onright>61</onright>
					<ondown>-</ondown>
					<onup>504</onup>
					<textureup>scroll-up.png</textureup>
					<textureupfocus>scroll-up-focus.png</textureupfocus>
					<texturedown>scroll-down.png</texturedown>
					<texturedownfocus>scroll-down-focus.png</texturedownfocus>
					<textcolor>-</textcolor>
					<showonepage>true</showonepage>
				</control>
				<!-- LABEL: label displays the total items, the current page and
				the total pages for the current container -->
				<control type="label">
					<posx>200</posx>
					<posy>550</posy>
					<width>660</width>
					<height>40</height>
					<font>font12</font>
					<textcolor>black</textcolor>
					<selectedcolor>selected</selectedcolor>
					<align>left</align>
					<aligny>center</aligny>
					<label>$INFO[Container.NumItems,TOTAL: ] | $INFO[Container.CurrentPage,PAGE , of ] $INFO[Container.NumPages]</label>
				</control>
		</control>

	</include>
	
</includes>
