<window id="2001">
	<defaultcontrol>90</defaultcontrol>
	<allowoverlay>no</allowoverlay>
	<include>Fade_Window_OpenClose_Animation</include>
	<controls>
		<include>CommonBackground_FullscreenDialogs</include>
    <control type="group">

      <posx>5</posx>
      <control type="image">
        <description>tray</description>
        <width>700</width>
        <height>520</height>
        <posx>7</posx>
        <posy>20</posy>
        <texture>tft_Middle.png</texture>
      </control>


      <control type="visualisation">
        <visible>Player.HasAudio</visible>
        <description>visualisation</description>
        <posx>16</posx>
        <posy>10</posy>
        <width>680</width>
        <height>535</height>
      </control>

      <control type="image">
        <posx>16</posx>
        <posy>10</posy>
        <width>680</width>
        <height>535</height>
        <texture>wallpapersolid.png</texture>
        <visible>!Skin.HasSetting(Custom-Background-Folder)</visible>
        <animation effect="fade" delay="2000" time="200">WindowOpen</animation>
      </control>




      <control type="multiimage">
        <posx>16</posx>
        <posy>10</posy>
        <width>680</width>
        <height>535</height>
        <timeperimage>20000</timeperimage>
        <fadetime>2000</fadetime>
        <randomize>true</randomize>
        <imagepath>-</imagepath>
        <info>Skin.String(Custom-Background-Folder)</info>
        <!-- <colordiffuse>90ffffff</colordiffuse>-->
        <visible>!Skin.HasSetting(Custom-Background-Folder)</visible>
      </control>

      <control type="image">
        <description>tray</description>
        <width>683</width>
        <posx>16</posx>
        <posy>520</posy>
        <texture>startbar.png</texture>
      </control>

      <control type="image">
        <description>tray</description>
        <width>100</width>
        <height>30</height>
        <posx>16</posx>
        <posy>520</posy>
        <texture>startbtn.png</texture>
      </control>




      <control type ="label">
        <posx>60</posx>
        <posy>530</posy>
        <align>center</align>
        <aligny>center</aligny>
        <label>Start :)</label>
        <font>font18</font>
        <include>textcolor-normal</include>

      </control>

      <control type="label">
        <description>Time label</description>
        <posx>650</posx>
        <posy>530</posy>
        <align>center</align>
        <aligny>center</aligny>
        <info>System.Time</info>
        <font>font18</font>
        <include>textcolor-normal</include>
      </control>

      <control>
        <description>Weather conditions</description>
        <type>image</type>
        <id>1</id>
        <posx>590</posx>
        <posy>520</posy>
        <height>30</height>
        <width>30</width>
        <info>Weather.Conditions</info>
        <colordiffuse>98FFFFFFF</colordiffuse>
        <visible>system.hasnetwork</visible>
      </control>

      <control type="image">
        <description>tray</description>
        <width>700</width>
        <posx>7</posx>
        <posy>16</posy>
        <texture>tft_Top.png</texture>
      </control>

      <control type="image">
        <description>tray</description>
        <width>700</width>
        <posx>7</posx>
        <posy>525</posy>
        <texture>tft_Bottom.png</texture>
      </control>


      <control type="image">
        <description>tray</description>
        <width>700</width>
        <posx>7</posx>
        <posy>0</posy>
        <texture>tft_vTop.png</texture>
      </control>

      <control type="image">
        <description>tray</description>
        <width>705</width>
        <posx>5</posx>
        <posy>546</posy>
        <texture>tft_vBottom.png</texture>
      </control>



      <control type="image">
        <description>Gloss Overlay</description>
        <posx>2</posx>
        <posy>30</posy>
        <width>605</width>
        <height>400</height>
        <texture >tft_gloss.png</texture>
      </control>
    </control>

    <control type="group">
      <posy>-20</posy>
			<include>Fade_List_FocusUnfocus_Animation</include>
			<control type="label">
				<description>artist</description>
				<posx>70</posx>
				<posy>110</posy>
				<label>171</label>
			</control>
			<control type="label">
				<description>date of release</description>
				<posx>70</posx>
				<posy>135</posy>
				<label>201</label>
			</control>
			<control type="label">
				<description>rating</description>
				<posx>70</posx>
				<posy>160</posy>
				<label>173</label>
			</control>
			<control type="label">
				<description>genre</description>
				<posx>70</posx>
				<posy>185</posy>
				<label>174</label>
			</control>
			<control type="label">
				<description>tones</description>
				<posx>70</posx>
				<posy>210</posy>
				<label>175</label>
			</control>
			<control type="label">
				<description>styles</description>
				<posx>70</posx>
				<posy>235</posy>
				<label>176</label>
			</control>
			<control type="label" id="21">
				<description>artist value</description>
				<posx>190</posx>
				<posy>110</posy>
				<width>290</width>
				<label>-</label>
			</control>
			<control type="label" id="22">
				<description>date of release value</description>
				<posx>190</posx>
				<posy>135</posy>
				<width>290</width>
				<label>-</label>
			</control>
			<control type="label" id="23">
				<description>rating value</description>
				<posx>190</posx>
				<posy>160</posy>
				<width>290</width>
				<label>-</label>
			</control>
			<control type="label" id="24">
				<description>genre value</description>
				<posx>190</posx>
				<posy>185</posy>
				<width>290</width>
				<label>-</label>
			</control>
			<control type="fadelabel" id="25">
				<description>tones value</description>
				<posx>190</posx>
				<posy>210</posy>
				<width>290</width>
				<label>-</label>
			</control>
			<control type="fadelabel" id="26">
				<description>styles value</description>
				<posx>190</posx>
				<posy>235</posy>
				<width>290</width>
				<label>-</label>
			</control>
			<control type="image" id="3">
				<description>Cover Image</description>
				<posx>490</posx>
				<posy>130</posy>
				<width>200</width>
				<height>300</height>
				<texture>-</texture>
				<aspectratio>keep</aspectratio>
			</control>
			<control type="textbox" id="4">
				<description>textarea</description>
				<posx>70</posx>
				<posy>280</posy>
				<width>390</width>
				<height>270</height>
				<pagecontrol>90</pagecontrol>
				<onleft>5</onleft>
				<onright>90</onright>
				<onup>5</onup>
				<ondown>5</ondown>
			</control>
			<control type="group" id="9002">
				<posx>340</posx>
				<posy>545</posy>
				
				<control type="spincontrol" id="90">
					<posx>10</posx>
					<posy>0</posy>
					<subtype>page</subtype>
					<showonepage>true</showonepage>
					<onleft>9000</onleft>
					<onright>9000</onright>
					<onup>50</onup>
					<ondown>50</ondown>
				</control>
			</control>
		</control>
		<control type="group" id="9000">
      <description>Sidebar group</description>
      <include>MenuEffect</include>
      <control type="image">
        <description>Sidebar Back image</description>
        <posx>-65</posx>
        <posy>120</posy>
        <width>325</width>
        <height>230</height>
        <texture>Side_Slideout.png</texture>
      </control>
      <control type="label">
        <posx>-64</posx>
        <posy>340</posy>
        <label>5</label>
        <font>fntHeader</font>
        <angle>90</angle>
      </control>
			<control type="button" id="5">
				<description>Tracks - Description button</description>
				<posy>120</posy>
        <posx>30</posx>
				<label>182</label>
				<texturefocus>-</texturefocus>
				<texturenofocus>-</texturenofocus>
				<font>font20</font>
				<onleft>5</onleft>
				<onright>90</onright>
				<onup>10</onup>
				<ondown>6</ondown>
			</control>
			<control type="button" id="6">
				<description>refresh</description>
				<posy>150</posy>
        <posx>30</posx>
				<label>184</label>
				<texturefocus>-</texturefocus>
				<texturenofocus>-</texturenofocus>
				<font>font20</font>
				<onleft>6</onleft>
				<onright>90</onright>
				<onup>5</onup>
				<ondown>10</ondown>
			</control>
			<control type="button" id="10">
				<description>Get Thumb</description>
				<posy>180</posy>
        <posx>30</posx>
				<label>13405</label>
				<texturefocus>-</texturefocus>
				<texturenofocus>-</texturenofocus>
				<onleft>10</onleft>
				<onright>90</onright>
				<onup>6</onup>
				<ondown>5</ondown>
			</control>

		</control>

		<control type="image">
			<description>folder image</description>
			<posx>0</posx>
			<posy>0</posy>
			<width>720</width>
			<height>103</height>
			<aspectratio align="right">keep</aspectratio>
			<info>container.folderthumb</info>
		</control>

		<control type="label" id="20">
			<description>Main Heading text label</description>
			<posx>95</posx>
			<posy>35</posy>
			<label>3</label>
      <font>fntHeader</font>
      <include>textcolor-PageHeader</include>
		</control>
	</controls>
</window>