<window id="129">
	<defaultcontrol>10</defaultcontrol>
	<include>Fade_Dialog_OpenClose_Animation</include>
	<coordinates>
		<system>1</system>
		<posx>100</posx>
		<posy>110</posy>
	</coordinates>
	<controls>
		<control type="group">
			<visible>!Window.IsActive(VirtualKeyboard) + ![Window.IsActive(FileBrowser) +!Window.IsActive(NetworkSettings)]</visible> 
			<animation effect="fade" start="100" end="0" time="200" condition="!Skin.HasSetting(animated)">Hidden</animation>
			<animation effect="fade" start="0" end="100" time="200" condition="!Skin.HasSetting(animated)">Visible</animation>
			<control type="image">
				<posx>-300</posx>
				<posy>-300</posy>
				<width>1320</width>
				<height>1176</height>
				<texture>black.png</texture>
			</control>
			<control type="image">
				<description>Dialog Background</description>
				<posx>0</posx>
				<posy>0</posy>
				<width>520</width>
				<height>350</height>
				<texture border="0,35,0,10">Dialog.png</texture>
			</control>
			<control type="label" id="2">
				<description>Title Label</description>
				<posx>60</posx>
				<posy>0</posy>
				<width>400</width>
				<align>center</align>
				<font>font22</font>
				<label>20067</label>
			</control>
			<control type="label">
				<description>label</description>
				<posx>60</posx>
				<posy>30</posy>
				<width>400</width>
				<align>center</align>
				<label>1021</label>
        <include>textcolor-dialog</include>
        <include>textcolor-selected</include>
			</control>
			<control type="listcontrol" id="10">
				<description>Path List Control</description>
				<posx>20</posx>
				<posy>60</posy>
				<width>385</width>
				<height>190</height>
				<texturefocus>ListItem_Focus.png</texturefocus>
				<texturenofocus>Dialog_Button_NoFocus.png</texturenofocus>
				<spacebetweenitems>3</spacebetweenitems>
				<onup>18</onup>
				<onleft>9002</onleft>
				<onright>9002</onright>
				<ondown>12</ondown>
        <include>textcolor-dialog</include>
        <include>textcolor-selected</include>
			</control>
			<control type="group" id="9002">
				<control type="button" id="11">
					<description>Browse Button</description>
					<posx>400</posx>
					<posy>60</posy>
					<height>30</height>
					<width>130</width>
					<label>1024</label>
					<align>center</align>
					<aligny>center</aligny>
          <include>textcolor-dialog</include>
          <include>textcolor-selected</include>
					<texturefocus>ListItem_Focus.png</texturefocus>
					<texturenofocus>Dialog_Button_NoFocus.png</texturenofocus>
					<onup>18</onup>
					<onleft>10</onleft>
					<onright>10</onright>
					<ondown>13</ondown>
				</control>
				<control type="button" id="13">
					<description>Add Path Button</description>
					<posx>400</posx>
					<posy>95</posy>
					<height>30</height>
					<width>130</width>
					<label>15019</label>
					<align>center</align>
					<aligny>center</aligny>
          <include>textcolor-dialog</include>
          <include>textcolor-selected</include>
					<texturefocus>ListItem_Focus.png</texturefocus>
					<texturenofocus>Dialog_Button_NoFocus.png</texturenofocus>
					<onup>11</onup>
					<onleft>10</onleft>
					<onright>10</onright>
					<ondown>14</ondown>
				</control>
				<control type="button" id="14">
					<description>Remove Path Button</description>
					<posx>400</posx>
					<posy>130</posy>
					<height>30</height>
					<width>130</width>
					<label>1210</label>
          <include>textcolor-dialog</include>
          <include>textcolor-selected</include>
					<texturefocus>ListItem_Focus.png</texturefocus>
					<texturenofocus>Dialog_Button_NoFocus.png</texturenofocus>
					<align>center</align>
					<aligny>center</aligny>
					<onup>13</onup>
					<onleft>10</onleft>
					<onright>10</onright>
					<ondown>12</ondown>
				</control>
			</control>
			<control type="label">
				<description>Name Label</description>
				<posx>60</posx>
				<posy>230</posy>
				<width>400</width>
				<align>center</align>
				<label>1022</label>
        <include>textcolor-dialog</include>
        <include>textcolor-selected</include>
			</control>
			<control type="button" id="12">
				<description>Name Button</description>
				<posx>20</posx>
				<posy>260</posy>
				<width>480</width>
				<height>32</height>
				<textwidth>380</textwidth>
				<align>center</align>
				<aligny>center</aligny>
				<label>-</label>
				<texturefocus>ListItem_Focus.png</texturefocus>
				<texturenofocus>Dialog_Button_NoFocus.png</texturenofocus>
				<onup>10</onup>
				<onleft>12</onleft>
				<onright>19</onright>
				<ondown>18</ondown>
        <include>textcolor-dialog</include>
        <include>textcolor-selected</include>
			</control>
			<control type="button" id="18">
				<description>Ok Button</description>
				<posx>120</posx>
				<posy>310</posy>
				<height>25</height>
				<width>130</width>
				<align>center</align>
				<aligny>center</aligny>
        <include>textcolor-dialog</include>
        <include>textcolor-selected</include>
				<label>186</label>
				<texturefocus>ListItem_Focus.png</texturefocus>
				<texturenofocus>Dialog_Button_NoFocus.png</texturenofocus>
				<onup>12</onup>
				<onleft>19</onleft>
				<onright>19</onright>
				<ondown>10</ondown>
			</control>
			<control type="button" id="19">
				<description>Cancel Button</description>
				<posx>250</posx>
				<posy>310</posy>
				<height>25</height>
				<width>130</width>
				<align>center</align>
				<aligny>center</aligny>
				<label>222</label>
        <include>textcolor-dialog</include>
        <include>textcolor-selected</include>
				<texturefocus>ListItem_Focus.png</texturefocus>
				<texturenofocus>Dialog_Button_NoFocus.png</texturenofocus>
				<onup>12</onup>
				<onleft>18</onleft>
				<onright>18</onright>
				<ondown>10</ondown>
			</control>
		</control>
	</controls>
</window>