<window id="2000">
	<defaultcontrol>3</defaultcontrol>
	<include>Fade_Dialog_OpenClose_Animation</include>
	<coordinates>
		<system>1</system>
		<posx>100</posx>
		<posy>115</posy>
	</coordinates>
	<controls>
		<control type="image">
			<posx>-300</posx>
			<posy>-300</posy>
			<width>1320</width>
			<height>1176</height>
			<colordiffuse>BBFFFFFF</colordiffuse>
			<texture>black.png</texture>
		</control>
		<control type="image">
			<description>Dialog Background</description>
			<posx>0</posx>
			<posy>0</posy>
			<width>520</width>
			<height>320</height>
			<texture border="0,35,0,10">Dialog.png</texture>
		</control>
		<control type="label" id="1">
			<description>Title Label</description>
			<posx>60</posx>
			<posy>0</posy>
			<label>181</label>
			<width>400</width>
			<align>center</align>
      <include>textcolor-white</include>
			<font>font22</font>
		</control>
		<control type="listcontrol" id="3">
			<description>listcontrol</description>
			<posx>60</posx>
			<posy>35</posy>
			<width>400</width>
			<height>270</height>
			<spinposx>360</spinposx>
			<spinposy>230</spinposy>
			<onleft>5</onleft>
			<onright>5</onright>
			<onup>3</onup>
			<ondown>3</ondown>
      <include>textcolor-dialog</include>
      <include>textcolor-selected</include>
    </control>
    <control type="button" id="5">
      <description>MANUAL Button</description>
      <posx>195</posx>
      <posy>280</posy>
      <height>25</height>
      <width>130</width>
      <align>center</align>
      <aligny>center</aligny>
			<label>368</label>
      <include>textcolor-dialog</include>
      <include>textcolor-selected</include>
			<texturefocus>ListItem_Focus.png</texturefocus>
			<texturenofocus>Dialog_Button_NoFocus.png</texturenofocus>
			<onup>3</onup>
			<onleft>3</onleft>
			<onright>3</onright>
			<ondown>3</ondown>
		</control>
		<control type="label" id="2">
			<description>number of files text label</description>
      <include>textcolor-dialog</include>
      <include>textcolor-selected</include>
      <posx>210</posx>
			<posy>520</posy>
			<label>-</label>
		</control>
	</controls>
</window>