<window id="2003">
	<defaultcontrol>90</defaultcontrol>
	<allowoverlay>no</allowoverlay>
	<include>Fade_Dialog_OpenClose_Animation</include>
	<controls>
    <control type="group">
      
      <posx>5</posx>
      <control type="image">
        <description>tray</description>
        <width>700</width>
        <height>520</height>
        <posx>7</posx>
        <posy>20</posy>
        <texture>tft_Middle.png</texture>
      </control>


      <control type="visualisation">
        <visible>Player.HasAudio</visible>
        <description>visualisation</description>
        <posx>16</posx>
        <posy>10</posy>
        <width>680</width>
        <height>535</height>
      </control>

      <control type="image">
        <posx>16</posx>
        <posy>10</posy>
        <width>680</width>
        <height>535</height>
        <texture>wallpapersolid.png</texture>
        <visible>!Skin.HasSetting(Custom-Background-Folder)</visible>
        <animation effect="fade" delay="2000" time="200">WindowOpen</animation>
      </control>




      <control type="multiimage">
        <posx>16</posx>
        <posy>10</posy>
        <width>680</width>
        <height>535</height>
        <timeperimage>20000</timeperimage>
        <fadetime>2000</fadetime>
        <randomize>true</randomize>
        <imagepath>-</imagepath>
        <info>Skin.String(Custom-Background-Folder)</info>
        <!-- <colordiffuse>90ffffff</colordiffuse>-->
        <visible>!Skin.HasSetting(Custom-Background-Folder)</visible>
      </control>

      <control type="image">
        <description>tray</description>
        <width>683</width>
        <posx>16</posx>
        <posy>520</posy>
        <texture>startbar.png</texture>
      </control>

      <control type="image">
        <description>tray</description>
        <width>100</width>
        <height>30</height>
        <posx>16</posx>
        <posy>520</posy>
        <texture>startbtn.png</texture>
      </control>




      <control type ="label">
        <posx>60</posx>
        <posy>530</posy>
        <align>center</align>
        <aligny>center</aligny>
        <label>Start :)</label>
        <font>font18</font>
        <include>textcolor-normal</include>

      </control>

      <control type="label">
        <description>Time label</description>
        <posx>650</posx>
        <posy>530</posy>
        <align>center</align>
        <aligny>center</aligny>
        <info>System.Time</info>
        <font>font18</font>
        <include>textcolor-normal</include>
      </control>

      <control>
        <description>Weather conditions</description>
        <type>image</type>
        <id>1</id>
        <posx>590</posx>
        <posy>520</posy>
        <height>30</height>
        <width>30</width>
        <info>Weather.Conditions</info>
        <colordiffuse>98FFFFFFF</colordiffuse>
        <visible>system.hasnetwork</visible>
      </control>

      <control type="image">
        <description>tray</description>
        <width>700</width>
        <posx>7</posx>
        <posy>16</posy>
        <texture>tft_Top.png</texture>
      </control>

      <control type="image">
        <description>tray</description>
        <width>700</width>
        <posx>7</posx>
        <posy>525</posy>
        <texture>tft_Bottom.png</texture>
      </control>


      <control type="image">
        <description>tray</description>
        <width>700</width>
        <posx>7</posx>
        <posy>0</posy>
        <texture>tft_vTop.png</texture>
      </control>

      <control type="image">
        <description>tray</description>
        <width>705</width>
        <posx>5</posx>
        <posy>546</posy>
        <texture>tft_vBottom.png</texture>
      </control>



      <control type="image">
        <description>Gloss Overlay</description>
        <posx>2</posx>
        <posy>30</posy>
        <width>605</width>
        <height>400</height>
        <texture >tft_gloss.png</texture>
      </control>
    </control>
    
    
		<include>CommonBackground_FullscreenDialogs</include>
		<control type="group">
      <posy>-20</posy>
			<include>Fade_List_FocusUnfocus_Animation</include>
			<control type="label">
				<description>director txt</description>
				<posx>70</posx>
				<posy>110</posy>
				<label>199</label>
			</control>
			<control type="label">
				<description>writing credits txt</description>
				<posx>70</posx>
				<posy>135</posy>
				<label>200</label>
			</control>
			<control type="label">
				<description>genre txt</description>
				<posx>70</posx>
				<posy>160</posy>
				<label>174</label>
			</control>
			<control type="label">
				<description>year</description>
				<posx>70</posx>
				<posy>185</posy>
				<label>201</label>
			</control>
			<control type="label">
				<description>tagline txt</description>
				<posx>70</posx>
				<posy>210</posy>
				<label>202</label>
			</control>
			<control type="label">
				<description>plotoutline txt</description>
				<posx>70</posx>
				<posy>235</posy>
				<label>203</label>
			</control>
			<control type="label">
				<description>rating txt</description>
				<posx>70</posx>
				<posy>260</posy>
				<label>204</label>
			</control>
			<control type="label">
				<description>runtime txt</description>
				<posx>70</posx>
				<posy>285</posy>
				<label>2050</label>
			</control>
			<control type="label" id="21">
				<description>director value</description>
				<posx>190</posx>
				<posy>110</posy>
				<width>290</width>
				<label>-</label>
			</control>
			<control type="label" id="22">
				<description>writing credits value</description>
				<posx>190</posx>
				<posy>135</posy>
				<width>290</width>
				<label>-</label>
			</control>
			<control type="label" id="23">
				<description>genre value</description>
				<posx>190</posx>
				<posy>160</posy>
				<width>290</width>
				<label>-</label>
			</control>
			<control type="label" id="24">
				<description>year value</description>
				<posx>190</posx>
				<posy>185</posy>
				<width>290</width>
				<label>-</label>
			</control>
			<control type="fadelabel" id="25">
				<description>tagline value</description>
				<posx>190</posx>
				<posy>210</posy>
				<width>290</width>
				<label>-</label>
			</control>
			<control type="fadelabel" id="26">
				<description>plotoutline value</description>
				<posx>190</posx>
				<posy>235</posy>
				<width>290</width>
				<label>-</label>
			</control>
			<control type="label" id="30">
				<description>rating and votes value</description>
				<posx>190</posx>
				<posy>260</posy>
				<width>290</width>
				<label>-</label>
			</control>
			<control type="label" id="31">
				<description>runtime value</description>
				<posx>190</posx>
				<posy>285</posy>
				<width>290</width>
				<label>-</label>
			</control>
			<control type="textbox" id="4">
				<description>textarea</description>
				<posx>70</posx>
				<posy>320</posy>
				<width>410</width>
				<height>230</height>
				<pagecontrol>90</pagecontrol>
				<onleft>5</onleft>
				<onright>90</onright>
				<onup>5</onup>
				<ondown>5</ondown>
			</control>
			<control type="list" id="50">
				<posx>50</posx>
				<posy>320</posy>
				<width>470</width>
				<height>210</height>
				<onleft>9000</onleft>
				<onright>90</onright>
				<onup>50</onup>
				<ondown>50</ondown>
				<viewtype label="535">list</viewtype>
				<scrolltime>200</scrolltime>
				<pagecontrol>90</pagecontrol>
				<itemlayout height="32">
					<control type="label">
						<posx>20</posx>
						<posy>4</posy>
						<width>370</width>
						<height>22</height>
						<font>font16</font>
						<align>left</align>
						<include>textcolor-black</include>
						<include>textcolor-selected</include>
						<info>ListItem.Label</info>
					</control>
				</itemlayout>
				<focusedlayout height="50">
					<control type="image">
						<width>470</width>
						<height>46</height>
						<posx>0</posx>
						<posy>2</posy>
						<texture>ListItem_Focus.png</texture>
						<visible>Control.HasFocus(50)</visible>
					</control>
					<control type="label">
						<posx>20</posx>
						<posy>8</posy>
						<width>370</width>
						<height>22</height>
						<font>font22</font>
						<align>left</align>
						<include>textcolor-black</include>
						<include>textcolor-selected</include>
						<info>ListItem.Label</info>
					</control>
				</focusedlayout>
			</control>
			<control type="image" id="3">
				<description>Cover Image</description>
				<posx>490</posx>
				<posy>130</posy>
				<width>200</width>
				<height>300</height>
				<texture>-</texture>
				<aspectratio>keep</aspectratio>
			</control>
			<control type="group" id="9002">
        <posx>340</posx>
        <posy>545</posy>

				<control type="spincontrol" id="90">
					<posx>10</posx>
					<posy>0</posy>
					<subtype>page</subtype>
					<showonepage>true</showonepage>
					<onleft>50</onleft>
					<onright>9000</onright>
					<onup>50</onup>
					<ondown>50</ondown>
				</control>
			</control>
		</control>
		<control type="group" id="9000">
      <description>Sidebar group</description>
      <include>MenuEffect</include>
      <control type="image">
        <description>Sidebar Back image</description>
        <posx>-65</posx>
        <posy>120</posy>
        <width>325</width>
        <height>230</height>
        <texture>Side_Slideout.png</texture>
      </control>
      <control type="label">
        <posx>-64</posx>
        <posy>340</posy>
        <label>5</label>
        <font>fntHeader</font>
        <angle>90</angle>
      </control>
			<control type="button" id="5">
				<description>Cast - Description button</description>
				<posy>120</posy>
        <posx>30</posx>
				<label>206</label>
				<texturefocus>-</texturefocus>
				<texturenofocus>-</texturenofocus>
				<font>font20</font>
				<onleft>50</onleft>
				<onright>50</onright>
				<onup>10</onup>
				<ondown>6</ondown>
			</control>
			<control type="button" id="6">
				<description>refresh</description>
				<posy>150</posy>
        <posx>30</posx>
				<label>184</label>
				<texturefocus>-</texturefocus>
				<texturenofocus>-</texturenofocus>
				<font>font20</font>
				<onleft>50</onleft>
				<onright>50</onright>
				<onup>5</onup>
				<ondown>8</ondown>
			</control>
			<control type="button" id="8">
				<description>Play</description>
				<posy>180</posy>
        <posx>30</posx>
				<label>208</label>
				<texturefocus>-</texturefocus>
				<texturenofocus>-</texturenofocus>
				<onleft>50</onleft>
				<onright>50</onright>
				<onup>6</onup>
				<ondown>9</ondown>
			</control>
			<control type="button" id="9">
				<description>Resume</description>
				<posy>210</posy>
        <posx>30</posx>
				<label>13404</label>
				<onleft>50</onleft>
				<onright>50</onright>
				<texturefocus>-</texturefocus>
				<texturenofocus>-</texturenofocus>
				<onup>8</onup>
				<ondown>10</ondown>
			</control>
			<control type="button" id="10">
				<description>Get Thumb</description>
				<posy>240</posy>
        <posx>30</posx>
				<label>13405</label>
				<texturefocus>-</texturefocus>
				<texturenofocus>-</texturenofocus>
				<onleft>50</onleft>
				<onright>50</onright>
				<onup>9</onup>
				<ondown>5</ondown>
			</control>
		</control>

		<control type="image">
			<description>folder image</description>
			<posx>0</posx>
			<posy>0</posy>
			<width>720</width>
			<height>103</height>
			<aspectratio align="right">keep</aspectratio>
			<info>container.folderthumb</info>
		</control>
		
		<control type="label" id="20">
			<description>Main Heading text label</description>
			<posx>95</posx>
			<posy>35</posy>
			<label>3</label>
      <font>fntHeader</font>
      <include>textcolor-PageHeader</include>
		</control>
	</controls>
</window>