<window id="109">
	<defaultcontrol>21</defaultcontrol>
	<include>Fade_Dialog_OpenClose_Animation</include>
	<coordinates>
		<system>1</system>
		<posx>100</posx>
		<posy>200</posy>
	</coordinates>
	<controls>
		<control type="image">
			<posx>-300</posx>
			<posy>-300</posy>
			<width>1320</width>
			<height>1176</height>
			<texture>black.png</texture>
		</control>
		<control type="image">
			<description>Dialog Background</description>
			<posx>0</posx>
			<posy>0</posy>
			<width>520</width>
			<height>160</height>
			<texture border="0,35,0,10">Dialog.png</texture>
		</control>
		<control type="label" id="1">
			<description>Title Label</description>
			<posx>60</posx>
			<posy>0</posy>
			<width>400</width>
			<align>center</align>
      <include>textcolor-white</include>
			<font>font22</font>
		</control>
		<control type="label" id="4">
			<description>dialog line</description>
			<posx>220</posx>
			<posy>75</posy>
			<width>230</width>
			<label>-</label>
			<font>font20</font>
      <include>textcolor-black</include>
			<disabledcolor>88ffffff</disabledcolor>
		</control>
		<control type="button" id="11">
			<description>1 button</description>
			<posx>120</posx>
			<posy>30</posy>
			<width>30</width>
			<height>30</height>
			<texturenofocus>keyboard-btn.png</texturenofocus>
			<texturefocus>keyboard-btn-focus.png</texturefocus>
      <include>textcolor-black</include>
      <label>12311</label>
			<onleft>13</onleft>
			<onright>12</onright>
			<onup>20</onup>
			<ondown>14</ondown>
			<align>center</align>
		</control>
		<control type="button" id="12">
			<description>2 button</description>
			<posx>150</posx>
			<posy>30</posy>
			<width>30</width>
			<height>30</height>
			<texturenofocus>keyboard-btn.png</texturenofocus>
			<texturefocus>keyboard-btn-focus.png</texturefocus>
      <include>textcolor-black</include>
      <label>12312</label>
			<onleft>11</onleft>
			<onright>13</onright>
			<onup>10</onup>
			<ondown>15</ondown>
			<align>center</align>
		</control>
		<control type="button" id="13">
			<description>3 button</description>
			<posx>180</posx>
			<posy>30</posy>
			<width>30</width>
			<height>30</height>
			<texturenofocus>keyboard-btn.png</texturenofocus>
			<texturefocus>keyboard-btn-focus.png</texturefocus>
      <include>textcolor-black</include>
      <label>12313</label>
			<onleft>12</onleft>
			<onright>11</onright>
			<onup>21</onup>
			<ondown>16</ondown>
			<align>center</align>
		</control>
		<control type="button" id="14">
			<description>4 button</description>
			<posx>120</posx>
			<posy>60</posy>
			<width>30</width>
			<height>30</height>
			<texturenofocus>keyboard-btn.png</texturenofocus>
			<texturefocus>keyboard-btn-focus.png</texturefocus>
      <include>textcolor-black</include>
      <label>12314</label>
			<onleft>16</onleft>
			<onright>15</onright>
			<onup>11</onup>
			<ondown>17</ondown>
			<align>center</align>
		</control>
		<control type="button" id="15">
			<description>5 button</description>
			<posx>150</posx>
			<posy>60</posy>
			<width>30</width>
			<height>30</height>
			<texturenofocus>keyboard-btn.png</texturenofocus>
			<texturefocus>keyboard-btn-focus.png</texturefocus>
      <include>textcolor-black</include>
      <label>12315</label>
			<onleft>14</onleft>
			<onright>16</onright>
			<onup>12</onup>
			<ondown>18</ondown>
			<align>center</align>
		</control>
		<control type="button" id="16">
			<description>6 button</description>
			<posx>180</posx>
			<posy>60</posy>
			<width>30</width>
			<height>30</height>
			<texturenofocus>keyboard-btn.png</texturenofocus>
			<texturefocus>keyboard-btn-focus.png</texturefocus>
			<label>12316</label>
			<onleft>15</onleft>
			<onright>14</onright>
			<onup>13</onup>
			<ondown>19</ondown>
      <include>textcolor-black</include>
      <align>center</align>
    </control>
    <control type="button" id="17">
      <description>7 button</description>
      <posx>120</posx>
      <posy>90</posy>
      <width>30</width>
      <height>30</height>
      <include>textcolor-black</include>
			<texturenofocus>keyboard-btn.png</texturenofocus>
			<texturefocus>keyboard-btn-focus.png</texturefocus>
			<label>12317</label>
			<onleft>19</onleft>
			<onright>18</onright>
			<onup>14</onup>
			<ondown>20</ondown>
			<align>center</align>
		</control>
		<control type="button" id="18">
			<description>8 button</description>
			<posx>150</posx>
			<posy>90</posy>
			<width>30</width>
			<height>30</height>
      <include>textcolor-black</include>
			<texturenofocus>keyboard-btn.png</texturenofocus>
			<texturefocus>keyboard-btn-focus.png</texturefocus>
			<label>12318</label>
			<onleft>17</onleft>
			<onright>19</onright>
			<onup>15</onup>
			<ondown>10</ondown>
			<align>center</align>
		</control>
		<control type="button" id="19">
			<description>9 button</description>
			<posx>180</posx>
			<posy>90</posy>
			<width>30</width>
			<height>30</height>
      <include>textcolor-black</include>
			<texturenofocus>keyboard-btn.png</texturenofocus>
			<texturefocus>keyboard-btn-focus.png</texturefocus>
			<label>12319</label>
			<onleft>18</onleft>
			<onright>17</onright>
			<onup>16</onup>
			<ondown>21</ondown>
			<align>center</align>
		</control>
		<control type="button" id="20">
			<description>c button</description>
			<posx>120</posx>
			<posy>120</posy>
			<width>30</width>
			<height>30</height>
      <include>textcolor-black</include>
			<texturenofocus>keyboard-btn.png</texturenofocus>
			<texturefocus>keyboard-btn-focus.png</texturefocus>
			<label>c</label>
			<onleft>21</onleft>
			<onright>10</onright>
			<onup>17</onup>
			<ondown>11</ondown>
			<align>center</align>
		</control>
		<control type="button" id="10">
			<description>0 button</description>
			<posx>150</posx>
			<posy>120</posy>
			<width>30</width>
			<height>30</height>
      <include>textcolor-black</include>
			<texturenofocus>keyboard-btn.png</texturenofocus>
			<texturefocus>keyboard-btn-focus.png</texturefocus>
			<label>12310</label>
			<onleft>20</onleft>
			<onright>21</onright>
			<onup>18</onup>
			<ondown>12</ondown>
			<align>center</align>
		</control>
		<control type="button" id="21">
			<description>ok button</description>
			<posx>180</posx>
			<posy>120</posy>
			<width>30</width>
			<height>30</height>
      <include>textcolor-black</include>
			<texturenofocus>keyboard-btn.png</texturenofocus>
			<texturefocus>keyboard-btn-focus.png</texturefocus>
			<label>e</label>
			<onleft>10</onleft>
			<onright>20</onright>
			<onup>19</onup>
			<ondown>13</ondown>
			<align>center</align>
		</control>
	</controls>
</window>