<window id="500">
	<defaultcontrol>50</defaultcontrol>
	<allowoverlay>no</allowoverlay>
	<controls>
		<include>CommonBackground</include>
			<control type="group">
        <include>ScreenViewsFadeIn</include>

        <include>Fade_List_FocusUnfocus_Animation</include>
			<control type="group">
				<visible>Control.IsVisible(54)</visible>
				<posx>50</posx>
				<posy>200</posy>
				<include>MusicThumbDisplayPanel</include>
			</control>
			<include>CommonListView</include>
			<include>MusicListView2</include>
			<include>CommonThumbSmall</include>
			<include>CommonThumbBig</include>
			<include>MusicThumbSmall2</include>
			<include>MusicCoverWrapView</include>
        <include>3D_Cover_View</include>
		</control>
		<include>AllCommonPageControls</include>
		<control type="group" id="9000">
			<!--Copy this-->
      <description>Sidebar group</description>
      <include>MenuEffect</include>
      <control type="image">
        <description>Sidebar Back image</description>
        <posx>-65</posx>
        <posy>120</posy>
        <width>325</width>
        <height>230</height>
        <texture>Side_Slideout.png</texture>
      </control>
      <control type="label">
        <posx>-64</posx>
        <posy>340</posy>
        <label>5</label>
        <font>fntHeader</font>
        <angle>90</angle>
      </control>
      <!-- To This-->
      <control type="button" id="2">
				<description>view as icons button</description>
				<posy>120</posy>
        <posx>30</posx>
				<label>100</label>
				<texturefocus>-</texturefocus>
				<texturenofocus>-</texturenofocus>
				<font>font20</font>
				<onleft>50</onleft>
				<onright>50</onright>
				<onup>5</onup>
				<ondown>20</ondown>
			</control>
			<control type="radiobutton" id="20">
				<description>Shuffle button</description>
				<posy>150</posy>
        <posx>30</posx>
				<label>191</label>
				<focusedcolor>ff0065fa</focusedcolor>
				<textoffsetx>30</textoffsetx>
				<align>right</align>
				<texturefocus>-</texturefocus>
				<texturenofocus>-</texturenofocus>
				<font>font20</font>
				<onleft>50</onleft>
				<onright>50</onright>
				<onup>2</onup>
				<ondown>26</ondown>
			</control>
			<control type="button" id="26">
				<description>Repeat button</description>
				<posy>180</posy>
        <posx>30</posx>
				<label>-</label>
				<texturefocus>-</texturefocus>
				<texturenofocus>-</texturenofocus>
				<font>font20</font>
				<onleft>50</onleft>
				<onright>50</onright>
				<onup>20</onup>
				<ondown>21</ondown>
			</control>
			<control type="button" id="21">
				<description>Save button</description>
				<posy>210</posy>
        <posx>30</posx>
				<label>190</label>
				<texturefocus>-</texturefocus>
				<texturenofocus>-</texturenofocus>
				<font>font20</font>
				<onleft>50</onleft>
				<onright>50</onright>
				<onup>26</onup>
				<ondown>22</ondown>
			</control>
			<control type="button" id="22">
				<description>Clear button</description>
				<posy>240</posy>
        <posx>30</posx>
				<label>192</label>
				<texturefocus>-</texturefocus>
				<texturenofocus>-</texturenofocus>
				<font>font20</font>
				<onleft>50</onleft>
				<onright>50</onright>
				<onup>21</onup>
				<ondown>2</ondown>
			</control>

		</control>


    <control type="group">

      <include>ScreenItemsFadeIn</include>
      <control type="label" delay="8000">
        <description>Main Heading text label</description>
        <align>center</align>
        <posx>90</posx>
        <posy>35</posy>
        <label>2</label>
        <include>textcolor-PageHeader</include>
        <font>fntHeader</font>
      </control>



      <include>MusicNowPlayingDisplay</include>
      <include>mediaPlayer</include>


      <control type="label" id="12">
        <description>number of files text label</description>
        <posx>135</posx>
        <posy>80</posy>
        <width>200</width>
        <label>-</label>
        <font>font6</font>
        <align>right</align>
        <textcolor>ffc0bfbe</textcolor>
      </control>
    </control>

  </controls>
</window>