<window id="2">
	<defaultcontrol>50</defaultcontrol>
	<allowoverlay>no</allowoverlay>
	<controls>
		<include>CommonBackground</include>

    <control type="group">
      <include>ScreenViewsFadeIn</include>

      <include>Fade_List_FocusUnfocus_Animation</include>
			<control type="group">
				<visible>Control.IsVisible(54)</visible>
				<posx>50</posx>
				<posy>200</posy>
				<include>MusicThumbDisplayPanel</include>
			</control>
			<include>CommonListView</include>
			<include>CommonListView2</include>
			<include>CommonThumbSmall</include>
			<include>CommonThumbBig</include>
			<include>MusicThumbSmall2</include>
		</control>
		<include>AllCommonPageControls</include>
		<control type="group" id="9000">
      <description>Sidebar group</description>
        <include>MenuEffect</include>
        <control type="image">
          <description>Sidebar Back image</description>
          <posx>-65</posx>
          <posy>120</posy>
        <width>325</width>
        <height>230</height>
        <texture>Side_Slideout.png</texture>
      </control>
      <control type="label">
        <posx>-64</posx>
        <posy>340</posy>
        <label>5</label>
        <font>fntHeader</font>
        <angle>90</angle>
      </control>
			<control type="button" id="2">
				<description>view as icons button</description>
				<posy>120</posy>
        <posx>30</posx>
				<label>100</label>
				<texturefocus>-</texturefocus>
				<texturenofocus>-</texturenofocus>
				<font>font20</font>
				<onleft>50</onleft>
				<onright>50</onright>
				<onup>9</onup>
				<ondown>3</ondown>
			</control>
			<control type="button" id="3">
				<description>sort by button</description>
				<posy>150</posy>
        <posx>30</posx>
				<label>103</label>
				<texturefocus>-</texturefocus>
				<texturenofocus>-</texturenofocus>
				<font>font20</font>
				<onleft>50</onleft>
				<onright>4</onright>
				<onup>2</onup>
				<ondown>6</ondown>
			</control>
			<control type="togglebutton" id="4">
        <posx>30</posx>
        <description>sort asc</description>
				<label>-</label>
				<onleft>3</onleft>
				<onright>50</onright>
				<onup>2</onup>
				<ondown>6</ondown>
			</control>
			<control type="button" id="6">
				<description>slideshow button</description>
				<posy>180</posy>
        <posx>30</posx>
				<label>108</label>
				<texturefocus>-</texturefocus>
				<texturenofocus>-</texturenofocus>
				<font>font20</font>
				<onleft>50</onleft>
				<onright>50</onright>
				<onup>3</onup>
				<ondown>7</ondown>
			</control>
			<control type="button" id="7">
				<description>recursive slideshow</description>
				<posy>210</posy>
        <posx>30</posx>
				<label>361</label>
				<texturefocus>-</texturefocus>
				<texturenofocus>-</texturenofocus>
				<font>font20</font>
				<onleft>50</onleft>
				<onright>50</onright>
				<onup>6</onup>
				<ondown>9</ondown>
			</control>
			<control type="radiobutton" id="9">
				<description>randomize button</description>
				<posy>240</posy>
        <posx>30</posx>
				<label>13319</label>
				<texturefocus>-</texturefocus>
				<texturenofocus>-</texturenofocus>
				<font>font20</font>
				<onleft>50</onleft>
				<onright>50</onright>
				<onup>7</onup>
				<ondown>2</ondown>
			</control>
		</control>


    <control type="group">

      <include>ScreenItemsFadeIn</include>
      <control type="label" delay="8000">
        <description>Main Heading text label</description>
        <align>center</align>
        <posx>90</posx>
        <posy>35</posy>
        <label>1</label>
        <include>textcolor-PageHeader</include>
        <font>fntHeader</font>
      </control>



      <include>MusicNowPlayingDisplay</include>
      <include>mediaPlayer</include>


      <control type="label" id="12">
        <description>number of files text label</description>
        <posx>135</posx>
        <posy>60</posy>
        <width>200</width>
        <label>-</label>
        <font>font6</font>
        <align>right</align>
        <textcolor>ffc0bfbe</textcolor>
      </control>
    </control>
	</controls>
</window>