<window type="buttonmenu" id="114">
	<defaultcontrol>401</defaultcontrol>
	<include>Fade_Dialog_OpenClose_Animation</include>
	<visible>Player.HasMedia + Window.IsActive(PlayerControls)</visible>
	<coordinates>
		<system>0</system>
		<posx>20</posx>
		<posy>0</posy>
	</coordinates>
	<controls>
		<control type="image" id="0">
			<posx>0</posx>
			<posy>0</posy>
			<height>36</height>
			<width>460</width>
			<texture>playercontrols_background.png</texture>
		</control>
		<control type="button" id="400">
			<posx>69</posx>
			<posy>9</posy>
			<width>15</width>
			<height>19</height>
			<label>-</label>
			<texturefocus>osd_button_stop_FO.png</texturefocus>
			<texturenofocus>osd_button_stop.png</texturenofocus>
			<onleft>404</onleft>
			<onright>401</onright>
			<onclick>xbmc.playercontrol(stop)</onclick>
		</control>
		<control type="button" id="401">
			<posx>105</posx>
			<posy>9</posy>
			<width>11</width>
			<height>19</height>
			<label>-</label>
			<texturefocus>osd_button_pause_FO.png</texturefocus>
			<texturenofocus>osd_button_pause.png</texturenofocus>
			<onleft>400</onleft>
			<onright>405</onright>
			<onclick>xbmc.playercontrol(play)</onclick>
		</control>
		<control type="button" id="402">
			<posx>0</posx>
			<posy>5</posy>
			<width>20</width>
			<height>29</height>
			<label>-</label>
			<texturefocus>osd_button_skip_minus_FO.png</texturefocus>
			<texturenofocus>osd_button_skip_minus.png</texturenofocus>
			<onright>404</onright>
			<onclick>xbmc.playercontrol(previous)</onclick>
		</control>
		<control type="button" id="403">
			<posx>165</posx>
			<posy>5</posy>
			<width>20</width>
			<height>29</height>
			<label>-</label>
			<texturefocus>osd_button_skip_plus_fo.png</texturefocus>
			<texturenofocus>osd_button_skip_plus.png</texturenofocus>
			<onleft>405</onleft>
			<onclick>xbmc.playercontrol(next)</onclick>
		</control>
		<control type="button" id="404">
			<posx>32</posx>
			<posy>0</posy>
			<width>20</width>
			<height>35</height>
			<label>-</label>
			<texturefocus>osd_button_rew_FO.png</texturefocus>
			<texturenofocus>osd_button_rew.png</texturenofocus>
			<onleft>402</onleft>
			<onright>400</onright>
			<onclick>xbmc.playercontrol(rewind)</onclick>
		</control>
		<control type="button" id="405">
			<posx>135</posx>
			<posy>0</posy>
			<width>20</width>
			<height>35</height>
			<label>-</label>
			<texturefocus>osd_button_ff_FO.png</texturefocus>
			<texturenofocus>osd_button_ff.png</texturenofocus>
			<onleft>401</onleft>
			<onright>403</onright>
			<onclick>xbmc.playercontrol(forward)</onclick>
		</control>
	</controls>
</window>