<window id="130">
	<defaultcontrol>1</defaultcontrol>
	<include>Fade_Dialog_OpenClose_Animation</include>
	<visible>Window.IsActive(130)</visible>
	<coordinates>
		<system>1</system>
		<posx>100</posx>
		<posy>90</posy>
	</coordinates>
	<controls>
		<control type="group">
			<visible>!Window.IsActive(VirtualKeyboard) + !Window.IsActive(FileBrowser) + !Window.IsActive(LockSettings)</visible>
			<animation effect="fade" start="100" end="0" time="200" condition="!Skin.HasSetting(animated)">Hidden</animation>
			<animation effect="fade" start="0" end="100" time="200" condition="!Skin.HasSetting(animated)">Visible</animation>
			<control type="image">
				<posx>-300</posx>
				<posy>-300</posy>
				<width>1320</width>
				<height>1176</height>
				<texture>black.png</texture>
        <include>textcolor-black</include>
			</control>
			<control type="image">
				<description>Dialog Background</description>
				<posx>0</posx>
				<posy>0</posy>
				<width>520</width>
				<height>400</height>
				<texture border="0,35,0,10">Dialog.png</texture>
			</control>
			<control type="label">
				<description>Title Label</description>
				<posx>60</posx>
				<posy>0</posy>
				<width>400</width>
				<align>center</align>
				<font>font22</font>
				<label>20067</label>
        <include>textcolor-white</include>
			</control>
			<control type="image">
				<description>profile image Background</description>
				<posx>60</posx>
				<posy>40</posy>
				<width>106</width>
				<height>106</height>
				<align>left</align>
				<font>font12</font>
        <include>textcolor-dialog</include>
        <include>textcolor-selected</include>
				<texture>folder-focus.png</texture>
			</control>
			<control type="image" id="2">
				<description>profile image</description>
				<posx>65</posx>
				<posy>45</posy>
				<width>96</width>
				<height>96</height>
        <include>textcolor-dialog</include>
        <include>textcolor-selected</include>
				<texture>unknown-user.png</texture>
			</control>
			<control type="label" id="0">
				<description>profile name label</description>
				<posx>200</posx>
				<posy>40</posy>
				<width>200</width>
				<align>left</align>
        <include>textcolor-dialog</include>
        <include>textcolor-selected</include>
				<label>$LOCALIZE[ 20093 ] :</label>
			</control>
			<control type="label" id="1000">
				<description>profile name label</description>
				<posx>200</posx>
				<posy>60</posy>
				<width>200</width>
				<align>left</align>
				<font>font20</font>
        <include>textcolor-dialog</include>
        <include>textcolor-selected</include>
			</control>
			<control type="label" id="0">
				<description>profile Directory label</description>
				<posx>200</posx>
				<posy>90</posy>
				<width>200</width>
				<align>left</align>
        <include>textcolor-dialog</include>
        <include>textcolor-selected</include>
				<label>$LOCALIZE[ 20070 ] :</label>
			</control>
			<control type="label" id="1001">
				<description>profile directory label</description>
				<posx>200</posx>
				<posy>110</posy>
				<width>200</width>
				<align>left</align>
				<font>font20</font>
        <include>textcolor-dialog</include>
        <include>textcolor-selected</include>
			</control>
			<control type="group" id="9002">
				<posx>410</posx>
				<posy>345</posy>
				<control type="spincontrol" id="90">
					<posx>10</posx>
					<posy>0</posy>
					<subtype>page</subtype>
					<showonepage>false</showonepage>
					<onleft>5</onleft>
					<onright>28</onright>
					<onup>5</onup>
					<ondown>28</ondown>
          <include>textcolor-dialog</include>
          <include>textcolor-selected</include>
				</control>
			</control>
			<control type="grouplist" id="5">
				<description>control area</description>
				<posx>60</posx>
				<posy>150</posy>
				<width>400</width>
				<height>190</height>
				<itemgap>-5</itemgap>
				<pagecontrol>90</pagecontrol>
				<onleft>28</onleft>
				<onright>90</onright>
				<onup>28</onup>
				<ondown>28</ondown>
        <include>textcolor-dialog</include>
        <include>textcolor-selected</include>
			</control>
			<control type="button" id="28">
				<description>Ok Button</description>
				<posx>120</posx>
				<posy>360</posy>
				<height>25</height>
				<width>130</width>
				<align>center</align>
				<aligny>center</aligny>
				<label>186</label>
        <include>textcolor-dialog</include>
        <include>textcolor-selected</include>
				<texturefocus>ListItem_Focus.png</texturefocus>
				<texturenofocus>Dialog_Button_NoFocus.png</texturenofocus>
				<onup>30</onup>
				<onleft>29</onleft>
				<onright>29</onright>
				<ondown>30</ondown>
			</control>
			<control type="button" id="29">
				<description>Cancel Button</description>
				<posx>250</posx>
				<posy>360</posy>
				<height>25</height>
				<width>130</width>
				<align>center</align>
				<aligny>center</aligny>
				<label>222</label>
        <include>textcolor-dialog</include>
        <include>textcolor-selected</include>
				<texturefocus>ListItem_Focus.png</texturefocus>
				<texturenofocus>Dialog_Button_NoFocus.png</texturenofocus>
				<onup>30</onup>
				<onleft>28</onleft>
				<onright>28</onright>
				<ondown>30</ondown>
			</control>
		</control>
		<control type="button" id="7">
			<description>default button</description>
			<align>left</align>
			<textoffsetx>10</textoffsetx>
			<focusedcolor>-</focusedcolor>
      <include>textcolor-dialog</include>
      <include>textcolor-selected</include>
			<texturefocus>ListItem_Focus.png</texturefocus>
			<texturenofocus>-</texturenofocus>
		</control>
		<control type="radiobutton" id="8">
			<description>default radiobutton</description>
			<posx>530</posx>
			<posy>150</posy>
			<align>left</align>
      
			<textoffsetx>10</textoffsetx>
      <include>textcolor-dialog</include>
      <include>textcolor-selected</include>
			<texturefocus>ListItem_Focus.png</texturefocus>
			<texturenofocus>-</texturenofocus>
			<textureradiofocus>settings-check-box.png</textureradiofocus>
			<textureradionofocus>settings-check-boxnf.png</textureradionofocus>
		</control>
		<control type="spincontrolex" id="9">
			<description>default spincontrolex</description>
			<posx>530</posx>
			<posy>150</posy>
			<width>300</width>
      <include>textcolor-dialog</include>
      <include>textcolor-selected</include>
			<texturefocus>ListItem_Focus.png</texturefocus>
			<texturenofocus>-</texturenofocus>
			<textureup>Arrow_Up.png</textureup>
			<texturedown>Arrow_Down.png</texturedown>
			<textureupfocus>Arrow_Up_Focus.png</textureupfocus>
			<texturedownfocus>Arrow_Down_Focus.png</texturedownfocus>
			<disabledcolor>60d0d0d0</disabledcolor>
			<textoffsetx>10</textoffsetx>
			<reverse>yes</reverse>
		</control>
		<control type="image" id="11">
			<description>separator image</description>
			<width>350</width>
			<height>5</height>
			<texture>kai-divider.png</texture>
		</control>
	</controls>
</window>