﻿<window id="10">
	<defaultcontrol>2</defaultcontrol>
	<allowoverlay>yes</allowoverlay>
	<controls>
		<control type="image" id="1">
			<description>background image</description>
			<posx>0</posx>
			<posy>0</posy>
			<width>720</width>
			<height>576</height>
			<texture>background.png</texture>
			<colorkey>0</colorkey>
			<colordiffuse>ffffffff</colordiffuse>
		</control>
		<control type="image" id="1">
			<posx>50</posx>
			<posy>50</posy>
			<height>500</height>
			<width>650</width>
			<texture>bg-settings.png</texture>
		</control>
		<control type="image" id="1">
			<description>applications logo</description>
			<posx>585</posx>
			<posy>33</posy>
			<height>90</height>
			<width>90</width>
			<texture>gearssmall.png</texture>
			<colordiffuse>60ffffff</colordiffuse>
		</control>
		<control type="image" id="1">
			<description>start logo</description>
			<posx>55</posx>
			<posy>35</posy>
			<height>75</height>
			<texture>background-settings.png</texture>
		</control>
		<control type="mover" id="8">
			<description>top left mover</description>
			<posx>0</posx>
			<posy>0</posy>
			<texturefocus>calibrate-topleft-focus.png</texturefocus>
			<texturenofocus>calibrate-topleft.png</texturenofocus>
		</control>
		<control type="mover" id="9">
			<description>right bottom mover</description>
			<posx>700</posx>
			<posy>500</posy>
			<texturefocus>calibrate-bottomright-focus.png</texturefocus>
			<texturenofocus>calibrate-bottomright.png</texturenofocus>
		</control>
		<control type="label" id="3">
			<description>coordinates label</description>
			<posx>0</posx>
			<posy>275</posy>
			<width>720</width>
			<label>5</label>
			<align>center</align>
			<font>font13</font>
		</control>
	</controls>
</window>