<window id="2005">
	<defaultcontrol>-</defaultcontrol>
	<controls>
		<control type="image" id="0">
			<description>bar image</description>
			<posx>0</posx>
			<posy>45</posy>
			<width>720</width>
			<height>90</height>
			<texture>voulume-panel-bg.png</texture>
			<visible>Player.ShowCodec</visible>
		</control>
		<control type="label" id="10">
			<description>row 1 label</description>
			<posx>60</posx>
			<posy>52</posy>
			<width>600</width>
			<label>-</label>
			<align>center</align>
			<visible>Player.ShowCodec</visible>
		</control>
		<control type="label" id="11">
			<description>row 2 label</description>
			<posx>60</posx>
			<posy>72</posy>
			<width>600</width>
			<label>-</label>
			<align>center</align>
			<visible>Player.ShowCodec</visible>
		</control>
		<control type="label" id="12">
			<description>row 3 label</description>
			<posx>60</posx>
			<posy>92</posy>
			<width>600</width>
			<label>-</label>
			<align>center</align>
			<visible>no</visible>
			<visible>Player.ShowCodec</visible>
		</control>
	</controls>
</window>