﻿<window id="2002">
  <defaultcontrol always="true">10</defaultcontrol>

  <include>DialogFade</include>

  <controls>
    <control type="group">
      <include>ProgressDialogCenterPos</include>
      <include>ProgressDialogBG</include>

      <control type="group">
        <include>ProgressDialogHeadingPos</include>

        <include>ConfirmDialogControls</include>

        <control type="button" id="10">
          <description>OK Button</description>
          <include>DialogOkBtnDims</include>
          <posy>ConfirmDialogButtonYPos</posy>
			    <label>$LOCALIZE[12321]</label>
     			<include>DialogButton</include>
        </control>
      </control>
    </control>

	</controls>
</window>