<window id="2003">
  <defaultcontrol always="true">6</defaultcontrol>
  <allowoverlay>no</allowoverlay>
  <coordinates>
    <system>1</system>
    <posx>0</posx>
    <posy>0</posy>
  </coordinates>

  <include>DialogFade</include>

  <controls>
    <include>DialogFadeBG</include>

    <control type="group">
      <include>InfoDialogPos</include>

      <include>InfoDialogBG</include>

      <control type="group">
        <visible>Container.Content(movies)</visible>

        <control type="group">
          <posx>InfoDialogLargeThumbPosX</posx>
          <posy>104</posy>
          <visible>!IsEmpty(ListItem.Thumb) | !Skin.HasSetting(HideNoThumbIcon)</visible>

          <control type="image">
            <description>Poster</description>
            <width>InfoDialogLargeThumbWidth</width>
            <height>366</height>
            <texture>amt-blank-poster.png</texture>
            <info>ListItem.Thumb</info>
            <aspectratio aligny="bottom">keep</aspectratio>
            <bordertexture border="14">ThumbShadow.png</bordertexture>
            <bordersize>8</bordersize>
          </control>
          <control type="label">
            <posy>60</posy>
            <width>InfoDialogLargeThumbWidth</width>
            <font>TitleCapsFont</font>
            <include>NoThumbLabel</include>
          </control>
          <control type="image">
            <description>Poster reflection</description>
            <posx>8</posx>
            <posy>358</posy>
            <width>InfoDialogLargeThumbTextWidth</width>
            <height>350</height>
            <texture flipy="true" diffuse="DiffuseMirror3.png">amt-blank-poster.png</texture>
            <info>ListItem.Thumb</info>
            <aspectratio aligny="top">keep</aspectratio>
          </control>
        </control>

        <control type="group">
          <posx>InfoDialogTitleXOffset</posx>

          <control type="label">
            <description>Movie title</description>
            <label>$INFO[ListItem.Title] ($INFO[ListItem.Year])</label>
            <include>InfoDialogTitle</include>
          </control>

          <control type="group">
            <posx>28</posx>
            <posy>InfoDialogTopButtonsPosY</posy>

            <control type="group">
              <description>Play</description>
              <posx>0</posx>
              <include>VideoInfoPlayBtn</include>
            </control>

            <control type="group">
              <description>Resume</description>
              <posx>0</posx>
              <include>VideoInfoResumeBtn</include>
            </control>

            <control type="group">
              <description>Plot/Cast</description>
              <posx>MoviesInfoPlotCastBtnPosX</posx>
              <include>VideoInfoPlotCastBtns</include>
            </control>

            <control type="button" id="6">
              <description>Refresh</description>
              <posx>MoviesInfoRefreshBtnPosX</posx>
              <include>VideoInfoRefreshBtn</include>
            </control>

            <control type="button" id="10">
              <description>Thumb</description>
              <posx>MoviesInfoThumbBtnPosX</posx>
              <visible>IsEmpty(ListItem.Trailer)</visible>
              <include>VideoInfoThumbBtn</include>
            </control>
            <control type="button" id="10">
              <description>Thumb</description>
              <posx>MoviesInfoThumbBtnPosX</posx>
              <visible>!IsEmpty(ListItem.Trailer)</visible>
              <include>VideoInfoThumbBtn2</include>
            </control>

            <control type="button" id="11">
              <description>Trailer</description>
              <posx>MoviesInfoTrailerBtnPosX</posx>
              <include>VideoInfoTrailerBtn</include>
            </control>
            <control type="label">
              <description>Trailer</description>
              <posx>MoviesInfoTrailerBtnPosX</posx>
              <include>VideoInfoTrailerLabel</include>
            </control>

            <control type="button" id="12">
              <description>Fanart</description>
              <posx>MoviesInfoFanartBtnPosX</posx>
              <include>VideoInfoFanartBtn</include>
            </control>
            <control type="button" id="12">
              <description>Fanart</description>
              <posx>MoviesInfoFanartBtnPosX</posx>
              <include>VideoInfoFanartBtn2</include>
            </control>
          </control>

          <control type="group">
            <posx>10</posx>
            <posy>104</posy>

            <include>VideoInfoBasicDetails</include>

            <control type="group">
              <description>MPAA rating</description>
              <posy>VideoInfoPosYAfterBasicDetails</posy>

              <control type="label">
                <description>Caption</description>
                <label>$LOCALIZE[31123]</label>
                <include>MediaInfoCaption</include>
              </control>
              <control type="label">
                <description>Value</description>
                <info>ListItem.MPAA</info>
                <include>MediaInfoWideValue</include>
              </control>
          
              <control type="group">
                <description>Runtime</description>
                <posy>VideoInfoDetailsGap</posy>
          
                <control type="label">
                  <description>Caption</description>
                  <label>$LOCALIZE[2050]</label>
                  <include>MediaInfoCaption</include>
                </control>
                <control type="label">
                  <description>Value</description>
                  <info>ListItem.Duration</info>
                  <include>MediaInfoWideValue</include>
                </control>

                <control type="group">
                  <description>Path</description>
                  <posy>VideoInfoDetailsGap</posy>

                  <control type="label">
                    <description>Caption</description>
                    <label>$LOCALIZE[21801]</label>
                    <include>MediaInfoCaption</include>
                  </control>
                  <control type="label">
                    <description>Value</description>
                    <info>ListItem.Path</info>
                    <haspath>true</haspath>
                    <include>MediaInfoWideValue</include>
                  </control>
                </control>
              </control>

              <control type="group">
                <description>Cast/Plot</description>
                <posy>106</posy>

                <control type="label">
                  <description>Caption</description>
                  <label>$LOCALIZE[206]</label>
                  <include>MediaInfoCaption</include>
                  <visible>Control.IsVisible(50)</visible>
                </control>

              </control>
            </control>
          </control>
        </control>
      </control>

      <control type="group">
        <visible>Container.Content(tvshows)</visible>

        <control type="group">
          <posx>InfoDialogLargeThumbPosX</posx>
          <posy>120</posy>
          <visible>!IsEmpty(ListItem.Thumb) | !Skin.HasSetting(HideNoThumbIcon)</visible>

          <control type="image">
            <description>Thumb</description>
            <width>InfoDialogLargeThumbWidth</width>
            <height>231</height>
            <texture>DefaultWideIcon.png</texture>
            <info>ListItem.Thumb</info>
            <aspectratio aligny="bottom">keep</aspectratio>
            <bordertexture border="14">ThumbShadow.png</bordertexture>
            <bordersize>8</bordersize>
          </control>
          <control type="label">
            <posy>166</posy>
            <width>260</width>
            <font>TitleCapsFont</font>
            <include>NoThumbLabel</include>
          </control>
          <control type="image">
            <description>Thumb reflection</description>
            <posx>8</posx>
            <posy>223</posy>
            <width>InfoDialogLargeThumbTextWidth</width>
            <height>215</height>
            <texture flipy="true" diffuse="DiffuseMirror4.png">DefaultWideIcon.png</texture>
            <info>ListItem.Thumb</info>
            <aspectratio aligny="top">keep</aspectratio>
          </control>
        </control>

        <control type="group">
          <posx>InfoDialogTitleXOffset</posx>

          <control type="label">
            <description>TV Show title</description>
            <label>$INFO[ListItem.TVShowTitle]</label>
            <include>InfoDialogTitle</include>
          </control>

          <control type="group">
            <posx>28</posx>
            <posy>InfoDialogTopButtonsPosY</posy>

            <control type="group">
              <include>VideoInfoPlotCastBtns</include>
            </control>

            <control type="button" id="6">
              <description>Refresh</description>
              <posx>TVShowInfoRefreshBtnPosX</posx>
              <include>VideoInfoRefreshBtn</include>
            </control>

            <control type="button" id="10">
              <description>Thumb</description>
              <posx>TVShowInfoThumbBtnPosX</posx>
              <visible>IsEmpty(ListItem.Trailer)</visible>
              <include>VideoInfoThumbBtn</include>
            </control>

            <control type="button" id="10">
              <description>Thumb</description>
              <posx>TVShowInfoThumbBtnPosX</posx>
              <visible>!IsEmpty(ListItem.Trailer)</visible>
              <include>VideoInfoThumbBtn2</include>
            </control>

            <control type="button" id="11">
              <description>Trailer</description>
              <posx>TVShowInfoTrailerBtnPosX</posx>
              <include>VideoInfoTrailerBtn</include>
            </control>
            <control type="label">
              <description>Trailer</description>
              <posx>TVShowInfoTrailerBtnPosX</posx>
              <include>VideoInfoTrailerLabel</include>
            </control>

            <control type="button" id="12">
              <description>Fanart</description>
              <posx>TVShowInfoFanartBtnPosX</posx>
              <include>VideoInfoFanartBtn</include>
            </control>
            <control type="button" id="12">
              <description>Fanart</description>
              <posx>TVShowInfoFanartBtnPosX</posx>
              <include>VideoInfoFanartBtn2</include>
            </control>
          </control>

          <control type="group">
            <posx>10</posx>
            <posy>120</posy>

            <include>VideoInfoBasicDetails</include>

            <control type="group">
              <description>First aired</description>
              <posy>VideoInfoPosYAfterBasicDetails</posy>

              <control type="label">
                <description>Caption</description>
                <label>$LOCALIZE[31027]</label>
                <include>MediaInfoCaption</include>
              </control>
              <control type="label">
                <description>Value</description>
                <info>ListItem.Date</info>
                <include>MediaInfoWideValue</include>
              </control>
            </control>

            <control type="group">
              <include>TVShowInfoEpsDetailsPos</include>
              <visible>!IsEmpty(ListItem.Property(unwatchedepisodes)) | !IsEmpty(ListItem.Property(watchedepisodes))</visible>

              <control type="label">
                <include>TVShowInfoEpsLabelDims</include>
                <label>$LOCALIZE[20360]</label>
                <include>MediaInfoCaption</include>
              </control>

              <control type="label">
                <include>TVUnwatchedEpisodesDetailsFO</include>
              </control>
              <control type="image">
                <include>TVUnwatchedEpisodesDetailsImage</include>
              </control>
              <control type="label">
                <include>TVWatchedEpisodesDetailsFO</include>
              </control>
              <control type="image">
                <include>TVWatchedEpisodesDetailsImage</include>
              </control>
            </control>
          </control>
        </control>
      </control>

      <control type="group">
        <visible>Container.Content(episodes)</visible>

        <control type="group">
          <posx>InfoDialogLargeThumbPosX</posx>
          <posy>180</posy>
          <visible>!IsEmpty(ListItem.Thumb) | !Skin.HasSetting(HideNoThumbIcon)</visible>

          <control type="image">
            <description>Thumb</description>
            <width>InfoDialogLargeThumbWidth</width>
            <height>231</height>
            <texture>bookmark-resume.png</texture>
            <info>ListItem.Thumb</info>
            <aspectratio aligny="bottom">keep</aspectratio>
            <bordertexture border="14">ThumbShadow.png</bordertexture>
            <bordersize>8</bordersize>
          </control>
          <control type="label">
            <posy>104</posy>
            <width>248</width>
            <font>TitleCapsFont</font>
            <include>NoThumbLabel</include>
          </control>
          <control type="image">
            <description>Thumb reflection</description>
            <posx>8</posx>
            <posy>223</posy>
            <width>InfoDialogLargeThumbTextWidth</width>
            <height>215</height>
            <texture flipy="true" diffuse="DiffuseMirror4.png">bookmark-resume.png</texture>
            <info>ListItem.Thumb</info>
            <aspectratio aligny="top">keep</aspectratio>
          </control>

        </control>

        <control type="group">
          <posx>InfoDialogTitleXOffset</posx>

          <control type="label">
            <description>TV Show title</description>
            <label>$INFO[ListItem.TVShowTitle]</label>
            <include>InfoDialogTitle</include>
          </control>

          <control type="group">
            <posx>38</posx>
            <posy>InfoDialogTopButtonsPosY</posy>

            <include>VideoInfoPlayBtn</include>

            <control type="group">
              <posx>EpisodesInfoPlotCastBtnPosX</posx>

              <include>VideoInfoPlotCastBtns</include>
            </control>

            <control type="button" id="6">
              <description>Refresh</description>
              <posx>EpisodesInfoRefreshBtnPosX</posx>
              <include>VideoInfoRefreshBtn</include>
            </control>

            <control type="button" id="10">
              <description>Thumb</description>
              <posx>EpisodesInfoThumbBtnPosX</posx>
              <include>VideoInfoThumbBtn</include>
            </control>
          </control>

          <control type="group">
            <posx>10</posx>
            <posy>104</posy>

            <control type="group">
              <description>Episode Title</description>
          
              <control type="label">
                <description>Caption</description>
                <label>$LOCALIZE[556]</label>
                <include>MediaInfoCaption</include>
              </control>
              <control type="label">
                <description>Value</description>
                <info>ListItem.Title</info>
                <include>MediaInfoWideValue</include>
              </control>
          
              <control type="group">
                <description>Episode No.</description>
                <posy>VideoInfoDetailsGap</posy>
          
                <control type="label">
                  <description>Caption</description>
                  <label>$LOCALIZE[31114]</label>
                  <include>MediaInfoCaption</include>
                </control>
                <control type="label">
                  <description>Value</description>
                  <info>ListItem.Episode</info>
                  <include>MediaInfoWideValue</include>
                </control>
          
                <control type="group">
                  <description>Season no.</description>
                  <posy>VideoInfoDetailsGap</posy>
          
                  <control type="label">
                    <description>Caption</description>
                    <label>$LOCALIZE[20373]</label>
                    <include>MediaInfoCaption</include>
                  </control>
                  <control type="label">
                    <description>Value</description>
                    <info>ListItem.Season</info>
                    <include>MediaInfoWideValue</include>
                  </control>
          
                  <control type="group">
                    <description>Writer</description>
                    <posy>VideoInfoDetailsGap</posy>
          
                    <control type="label">
                      <description>Caption</description>
                      <label>$LOCALIZE[20417]</label>
                      <include>MediaInfoCaption</include>
                    </control>
                    <control type="label">
                      <description>Value</description>
                      <info>ListItem.Writer</info>
                      <include>MediaInfoWideValue</include>
                    </control>

                    <control type="group">
                      <description>Director</description>
                      <posy>VideoInfoDetailsGap</posy>
            
                      <control type="label">
                        <description>Caption</description>
                        <label>$LOCALIZE[20339]</label>
                        <include>MediaInfoCaption</include>
                      </control>
                      <control type="label">
                        <description>Value</description>
                        <info>ListItem.Director</info>
                        <include>MediaInfoWideValue</include>
                      </control>

                      <control type="group">
                        <description>Rating</description>
                        <posy>VideoInfoDetailsGap</posy>

                        <control type="label">
                          <description>Caption</description>
                          <label>$LOCALIZE[563]</label>
                          <include>MediaInfoCaption</include>
                        </control>
                        <control type="label">
                          <description>Value</description>
                          <include>RatingLabel</include>
                          <include>MediaInfoWideValue</include>
                        </control>
                        <control type="image">
                          <description>Star Rating</description>
                          <posx>180</posx>
                          <include>StarRatingImage</include>
                        </control>

                        <control type="group">
                          <description>Path</description>
                          <posy>VideoInfoDetailsGap</posy>
        
                          <control type="label">
                            <description>Caption</description>
                            <label>$LOCALIZE[21801]</label>
                            <include>MediaInfoCaption</include>
                          </control>
                          <control type="label">
                            <description>Value</description>
                            <info>ListItem.Path</info>
                            <haspath>true</haspath>
                            <include>MediaInfoWideValue</include>
                          </control>
                        </control>
                      </control>
                    </control>
                  </control>
                </control>
              </control>
            </control>
          </control>
        </control>
      </control>
    </control>

    <control type="group">
      <posx>658</posx>
      <posy>392</posy>

      <control type="textbox" id="4">
        <description>Plot</description>
        <include>VideoInfoPlotDims</include>
        <info>ListItem.Plot</info>
      </control>

      <control type="list" id="50">
        <description>Cast</description>
        <posy>0</posy>
        <width>600</width>
        <height>234</height>
        <onup>5</onup>
        <ondown>5</ondown>
        <onleft>8</onleft>
        <onright>10</onright>
        <orientation>vertical</orientation>
        <pagecontrol>6</pagecontrol>
        <scrolltime>200</scrolltime>

        <itemlayout width="345" height="29">
          <control type="label">
            <info>ListItem.Label</info>
            <include>MediaInfoWideValue</include>
          </control>
        </itemlayout>

        <focusedlayout width="345" height="29">
          <control type="label">
            <info>ListItem.Label</info>
            <include>MediaInfoWideValue</include>
            <visible>!Control.HasFocus(50)</visible>
          </control>
          <control type="label">
            <info>ListItem.Label</info>
            <include>MediaInfoWideValue</include>
            <textcolor>Highlighted</textcolor>
            <visible>Control.HasFocus(50)</visible>
          </control>
        </focusedlayout>
      </control>

      <control type="image">
        <include>VideoInfoCastThumbDims</include>
        <aspectratio>keep</aspectratio>
        <bordertexture>Grey.png</bordertexture>
        <bordersize>1</bordersize>
        <info>Container(50).ListItem.Thumb</info>
        <colordiffuse>ffcccccc</colordiffuse>
        <visible>Control.HasFocus(50) + ![Container(50).OnNext | Container(50).OnPrevious]</visible>
        <animation effect="fade" start="0" end="100" time="100" delay="100">Visible</animation>
      </control>
    </control>

  </controls>
</window>
