<!-- edited with XMLSpy v2007 (http://www.altova.com) by Altova (EMBRACE) -->
<includes>
	<!-- Common Stuff -->
	<!-- ============ -->
	<include name="ClockBGDims">
		<width>133</width>
		<height>32</height>
	</include>
	<include name="VolumeImageDims">
		<width>47</width>
		<height>47</height>
	</include>
	<include name="VolumeLabelDims">
		<posx>46</posx>
		<posy>12</posy>
		<width>90</width>
	</include>
	<!-- Backgrounds -->
	<include name="FullScreenBGImageDims">
		<posx>0</posx>
		<posy>0</posy>
		<width>1280</width>
		<height>720</height>
	</include>
	<include name="FullScreenOverlayDims">
		<include>FullScreenBGImageDims</include>
	</include>
	<!-- Music Now Playing -->
	<include name="MusicOverlayNowPlayingDims">
		<posx>0</posx>
		<posy>74</posy>
	</include>
	<include name="MusicNowPlayingBGDims">
		<posx>0</posx>
		<posy>-14</posy>
		<include>ProgressDialogBGDims</include>
		<visible>!Window.IsActive(Home)</visible>
	</include>
	<include name="MusicNowPlayingCoverDims">
		<posx>-8</posx>
		<posy>-8</posy>
		<width>130</width>
		<height>130</height>
	</include>
	<include name="MusicNowPlayingTextDims">
		<posx>124</posx>
	</include>
	<constant name="MusicNPTextWidth">352</constant>
	<constant name="MusicNPHomeTextWidth">250</constant>
	<include name="MusicNextPrevTextDims">
		<posx>124</posx>
		<posy>86</posy>
	</include>
	<constant name="MusicNextPrevTextTextWidth">330</constant>
	<!-- Home screen -->
	<!-- =========== -->
	<include name="HomeSubMenuBladeDims">
		<width>256</width>
		<height>720</height>
	</include>
	<include name="HomeSubMenuGroupDims">
		<posx>534</posx>
		<posy>331</posy>
		<animation effect="slide" tween="back" end="220,0" time="400" condition="ControlGroup(301).HasFocus()">Conditional</animation>
	</include>
	<include name="HomeSubMenuIconDims">
		<posx>150</posx>
		<posy>-66</posy>
		<width>137</width>
		<height>56</height>
	</include>
	<constant name="HomeSideMenuItemWidth">300</constant>
	<include name="HomeSideMenuDims">
		<width>291</width>
		<height>500</height>
	</include>
	<include name="HomeSideMenuNFBGImageDims">
		<posx>4</posx>
		<posy>0</posy>
		<width>299</width>
	</include>
	<include name="HomeSideMenuNFBGLabelDims">
		<posx>106</posx>
		<posy>0</posy>
		<width>230</width>
	</include>
	<include name="HomeSideMenuFOBGImageDims">
		<posx>-4</posx>
		<posy>1</posy>
		<width>299</width>
		<height>44</height>
	</include>
	<include name="HomeSubSubMenuGroupDims">
		<posx>534</posx>
		<posy>331</posy>
		<animation effect="slide" tween="back" end="220,0" time="400" delay="300" condition="ControlGroup(302).HasFocus()">Conditional</animation>
	</include>
	<include name="HomeWeatherSummaryPos">
		<posx>990</posx>
		<posy>11</posy>
	</include>
	<include name="HomeWeatherSummaryBGDims">
		<posx>-16</posx>
		<posy>-17</posy>
		<width>310</width>
		<height>82</height>
	</include>
	<constant name="HomeWeatherTextWidth">220</constant>
	<include name="HomeWeatherSummaryImgDims">
		<posx>226</posx>
		<width>50</width>
		<height>50</height>
	</include>
	<!-- Dialogs -->
	<!-- ======= -->
	<include name="DialogButtonDims">
		<width>68</width>
	</include>
	<!-- Busy Dialog -->
	<include name="BusyDialogPos">
		<posx>940</posx>
		<posy>660</posy>
	</include>
	<include name="BusyDialogBGDims">
		<width>249</width>
		<height>61</height>
	</include>
	<include name="BusyDialogLabelDims">
		<posx>8</posx>
		<posy>15</posy>
		<width>237</width>
		<font>TitleCapsFont</font>
	</include>
	<!-- Kai Toast Dialog -->
	<include name="ToastDialogPos">
		<posx>940</posx>
		<posy>630</posy>
	</include>
	<include name="ToastDialogBGDims">
		<width>309</width>
		<height>91</height>
	</include>
	<constant name="ToastDialogTextWidth">297</constant>
	<include name="ToastDialogCaptionDims">
		<posx>8</posx>
		<posy>15</posy>
		<width>ToastDialogTextWidth</width>
		<height>24</height>
		<font>MediumSmallTitleCapsFont</font>
	</include>
	<include name="ToastDialogDescriptionDims">
		<posx>8</posx>
		<posy>45</posy>
		<width>ToastDialogTextWidth</width>
		<height>20</height>
		<font>SmallTitleCapsFont</font>
	</include>
	<!-- Progress Dialogs -->
	<include name="ProgressDialogPos">
		<posx>768</posx>
		<posy>58</posy>
	</include>
	<constant name="ProgressDialogTextWidth">464</constant>
	<constant name="ProgressDialogProgressWidth">474</constant>
	<include name="ProgressDialogBGDims">
		<width>512</width>
		<height>152</height>
	</include>
	<include name="ProgressDialogCenterPos">
		<posx>384</posx>
		<posy>284</posy>
	</include>
	<include name="ProgressDialogHeadingPos">
		<posx>24</posx>
		<posy>20</posy>
	</include>
	<include name="ProgressDialogCancelBtnDims">
		<posx>395</posx>
		<width>76</width>
	</include>
	<!-- Confirmation Dialogs -->
	<include name="DialogYesNoButtonPos">
		<posy>ConfirmDialogButtonYPos</posy>
		<posx>98</posx>
	</include>
	<constant name="DialogYesNoButtonWidth">130</constant>
	<include name="DialogYesNoYesBtnDims">
		<posx>138</posx>
		<width>DialogYesNoButtonWidth</width>
	</include>
	<include name="DialogOkBtnDims">
		<posx>196</posx>
	</include>
	<!-- Selection Dialogs -->
	<include name="SelectionDialogPos">
		<posx>330</posx>
		<posy>180</posy>
	</include>
	<include name="SelectionDialogBGDims">
		<width>620</width>
		<height>360</height>
	</include>
	<constant name="SelectionDialogTextWidth">580</constant>
	<constant name="SelectionDialogShortTextWidth">494</constant>
	<constant name="MediaSourceLocationButtonsGroupPosX">480</constant>
	<constant name="MediaSourceDialogButtonWidth">108</constant>
	<include name="MediaSourceBottomBtnsDims">
		<posx>115</posx>
		<posy>232</posy>
	</include>
	<constant name="MediaSourceSetContentBtnWidth">140</constant>
	<!-- Network Setup -->
	<include name="NetworkSetupBrowseBtnDims">
		<posx>514</posx>
	</include>
	<include name="NetworkSetupBottomBtnsDims">
		<posx>218</posx>
		<posy>136</posy>
	</include>
	<!-- Info Dialogs -->
	<include name="InfoDialogPos">
		<posx>142</posx>
		<posy>61</posy>
	</include>
	<include name="InfoDialogBGDims">
		<posx>-1</posx>
		<posy>-2</posy>
		<width>1000</width>
		<height>604</height>
	</include>
	<constant name="InfoDialogTitleXOffset">506</constant>
	<include name="InfoDialogTitleDims">
		<posy>23</posy>
		<width>470</width>
	</include>
	<constant name="InfoDialogLargeThumbPosX">40</constant>
	<constant name="InfoDialogLargeThumbWidth">426</constant>
	<constant name="InfoDialogLargeThumbTextWidth">410</constant>
	<constant name="InfoDialogTopButtonsPosY">64</constant>
	<include name="DialogTopButtonDims">
		<width>70</width>
		<font>SmallerDefaultCapsFont</font>
		<textoffsety>0</textoffsety>
	</include>
	<include name="VideoInfoButtonDims">
		<width>62</width>
	</include>
	<constant name="MoviesInfoPlotCastBtnPosX">62</constant>
	<constant name="MoviesInfoRefreshBtnPosX">128</constant>
	<constant name="MoviesInfoThumbBtnPosX">200</constant>
	<constant name="MoviesInfoTrailerBtnPosX">268</constant>
	<constant name="MoviesInfoFanartBtnPosX">350</constant>
	<constant name="TVShowInfoRefreshBtnPosX">81</constant>
	<constant name="TVShowInfoThumbBtnPosX">182</constant>
	<constant name="TVShowInfoTrailerBtnPosX">268</constant>
	<constant name="TVShowInfoFanartBtnPosX">346</constant>
	<constant name="EpisodesInfoPlotCastBtnPosX">106</constant>
	<constant name="EpisodesInfoRefreshBtnPosX">226</constant>
	<constant name="EpisodesInfoThumbBtnPosX">328</constant>
	<include name="TVShowInfoEpsDetailsPos">
		<posx>-190</posx>
		<posy>156</posy>
	</include>
	<include name="TVShowInfoEpsLabelDims">
		<posx>436</posx>
		<posy>12</posy>
		<width>100</width>
	</include>
	<include name="MediaInfoWideValueDims">
		<width>345</width>
	</include>
	<include name="VideoInfoPlotDims">
		<width>450</width>
		<height>238</height>
	</include>
	<include name="MoviesInfoStarRatingDims">
		<posx>260</posx>
	</include>
	<include name="NonMoviesInfoStarRatingDims">
		<posx>170</posx>
	</include>
	<include name="VideoInfoCastThumbDims">
		<posx>4</posx>
		<posy>0</posy>
		<width>80</width>
		<height>234</height>
	</include>
	<include name="MusicInfoTopButtonDims">
		<width>136</width>
	</include>
	<include name="MusicInfoReviewDims">
		<width>450</width>
		<height>246</height>
	</include>
	<constant name="MusicInfoListWidth">500</constant>
	<include name="MusicInfoListDims">
		<width>MusicInfoListWidth</width>
		<height>256</height>
	</include>
	<include name="MusicInfoListItemIconDims">
		<posx>0</posx>
		<posy>3</posy>
		<width>22</width>
		<height>22</height>
	</include>
	<include name="MusicInfoListItemLabelDims">
		<posx>30</posx>
		<posy>3</posy>
		<width>300</width>
		<height>22</height>
	</include>
	<include name="MusicInfoListItemDetailDims">
		<posx>422</posx>
		<posy>3</posy>
		<width>86</width>
		<height>22</height>
	</include>
	<include name="MusicInfoListScrollbarDims">
		<posx>482</posx>
		<posy>-4</posy>
		<height>266</height>
	</include>
	<constant name="SongInfoToButtonPosX">20</constant>
	<include name="SongInfoRatingImageDims">
		<width>76</width>
		<height>20</height>
	</include>
	<constant name="SongInfoDecreaseRatingPosX">210</constant>
	<constant name="SongInfoIncreaseRatingPosX">196</constant>
	<include name="SetContentDirectoryContentDims">
		<posx>230</posx>
		<posy>InfoDialogTopButtonsPosY</posy>
		<textoffsetx>-126</textoffsetx>
		<textoffsety>-2</textoffsety>
		<font>SmallerDefaultCapsFont</font>
		<spinwidth>16</spinwidth>
		<spinheight>16</spinheight>
	</include>
	<include name="SetContentDirectoryListDims">
		<posx>40</posx>
		<posy>100</posy>
		<width>400</width>
		<height>272</height>
	</include>
	<constant name="SetContentGroupListWidth">450</constant>
	<constant name="SetContentGroupButtonWidth">400</constant>
	<include name="SetContentButtonsGroupDims">
		<posx>4</posx>
		<posy>528</posy>
		<itemgap>8</itemgap>
	</include>
	<!-- Button Menu -->
	<include name="ButtonMenuOverlayDims">
		<posy>90</posy>
		<width>140</width>
		<height>140</height>
	</include>
	<constant name="ButtonMenuButtonWidth">128</constant>
	<include name="ButtonMenuButtonDims">
		<posy>100</posy>
		<width>ButtonMenuButtonWidth</width>
		<height>128</height>
	</include>
	<include name="ButtonMenuSleepArrowDims">
		<posx>598</posx>
		<posy>225</posy>
		<width>20</width>
		<height>20</height>
	</include>
	<!-- Favourites -->
	<include name="FavouritesDialogPos">
		<posx>1040</posx>
		<posy>0</posy>
	</include>
	<include name="FavouritesBGDims">
		<posx>-38</posx>
		<posy>0</posy>
		<width>280</width>
		<height>720</height>
	</include>
	<constant name="FavouriteTextWidth">250</constant>
	<include name="FavouritesDialogContextMenuPos">
		<posx>1076</posx>
		<posy>-60</posy>
	</include>
	<include name="FavouritesDialogContextBtnDims">
		<posx>1066</posx>
		<posy>0</posy>
		<width>334</width>
		<height>42</height>
	</include>
	<!-- Settings Screen -->
	<!-- =============== -->
	<include name="SettingsSubBladeDims">
		<posx>754</posx>
		<posy>351</posy>
	</include>
	<include name="SettingsCentreBladeBGDims">
		<posx>210</posx>
		<posy>0</posy>
		<width>588</width>
		<height>720</height>
	</include>
	<include name="SettingsCentreBladeDims">
		<posx>210</posx>
		<posy>0</posy>
		<width>630</width>
		<height>720</height>
	</include>
	<include name="SettingsOptionsAreaDims">
		<posx>100</posx>
		<posy>150</posy>
		<width>750</width>
	</include>
	<include name="SettingsUpperTitleDims">
		<posx>680</posx>
		<posy>-50</posy>
		<width>700</width>
	</include>
	<include name="SettingsLowerTitleDims">
		<posx>645</posx>
		<posy>-20</posy>
		<width>700</width>
	</include>
	<include name="SettingsCatLeftArrowDims">
		<posx>765</posx>
		<posy>149</posy>
		<width>16</width>
		<height>16</height>
		<animation effect="rotate" center="765,149" start="-90" end="-90" time="0" condition="true">Conditional</animation>
	</include>
	<include name="SettingsCatRightArrowDims">
		<posx>790</posx>
		<posy>135</posy>
		<width>16</width>
		<height>16</height>
		<animation effect="rotate" center="792,163" start="90" end="90" time="0" condition="true">Conditional</animation>
	</include>
	<include name="SettingsCategoryMenuListDims">
		<posx>248</posx>
		<posy>134</posy>
		<width>600</width>
		<height>100</height>
	</include>
	<constant name="SettingsCategoryTextWidth">500</constant>
	<include name="SettingsCatListDims">
		<posx>105</posx>
		<posy>65</posy>
		<width>625</width>
		<height>400</height>
	</include>
	<include name="SettingsCatBtnDims">
		<posx>0</posx>
		<posy>-10</posy>
		<width>600</width>
		<height>43</height>
		<textoffsetx>45</textoffsetx>
	</include>
	<include name="SettingsCatRadioBtnDims">
		<width>600</width>
		<height>43</height>
		<textoffsetx>45</textoffsetx>
		<radioposx>560</radioposx>
	</include>
	<include name="SettingsCatSpinCtlDims">
		<width>600</width>
		<height>43</height>
		<textoffsetx>45</textoffsetx>
	</include>
	<include name="GeneralSkinOptionDims">
		<width>623</width>
		<height>43</height>
		<textoffsetx>45</textoffsetx>
		<radioposx>560</radioposx>
	</include>
	<include name="SettingsOptionsScrollbarDims">
		<posx>702</posx>
		<posy>65</posy>
		<height>400</height>
	</include>
	<include name="SettingsSideMenuDims">
		<posx>72</posx>
		<width>219</width>
		<height>500</height>
	</include>
	<include name="SettingsCategoryButtonDims">
		<width>218</width>
		<height>43</height>
	</include>
	<include name="SettingTransSubBladeDims">
		<posx>1450</posx>
		<posy>0</posy>
		<width>224</width>
		<height>720</height>
	</include>
	<include name="SettingTransCentreBladeBGDims">
		<posx>710</posx>
		<posy>0</posy>
		<width>740</width>
		<height>720</height>
	</include>
	<include name="SettingTransCentreBladeDims">
		<posx>710</posx>
		<posy>0</posy>
		<width>750</width>
		<height>720</height>
	</include>
	<include name="CustomSettingsListDims">
		<posx>105</posx>
		<posy>65</posy>
		<width>625</width>
		<height>400</height>
	</include>
	<!-- Options Menu -->
	<!-- ============ -->
	<include name="OptionsMenuPos">
		<posx>1040</posx>
		<posy>0</posy>
	</include>
	<include name="OptionsMenuBGDims">
		<width>280</width>
		<height>720</height>
	</include>
	<include name="OptionsMenuUIDims">
		<posx>574</posx>
		<posy>50</posy>
	</include>
	<include name="OMViewLargeThumb">
		<width>430</width>
		<height>235</height>
	</include>
	<include name="OMViewThumb">
		<width>202</width>
		<height>130</height>
	</include>
	<constant name="OMTextWidth">220</constant>
	<!-- Video OSD -->
	<!-- ========= -->
	<include name="VideoOSDDims">
		<posx>492</posx>
		<posy>510</posy>
	</include>
	<include name="VideOSDControlButtonDims">
		<width>49</width>
		<height>49</height>
	</include>
	<constant name="VideoOSDPlayerControlsSeparatorWidth">248</constant>
	<include name="VideoOSDBkmkBtnsGroupDims">
		<posx>320</posx>
		<posy>212</posy>
		<height>30</height>
		<itemgap>20</itemgap>
	</include>
	<constant name="VideoOSDBkmkBtnWidth">200</constant>
	<constant name="VideoOSDBkmkThumbAreaWidth">146</constant>
	<constant name="VideoOSDBkmkThumbImageWidth">134</constant>
	<include name="VideoOSDSettingsPos">
		<posx>880</posx>
		<posy>10</posy>
	</include>
	<include name="VideoOSDSettingsBGDims">
		<posx>-28</posx>
		<posy>-10</posy>
		<width>440</width>
		<height>720</height>
	</include>
	<constant name="VideoOSDSettingsTextWidth">380</constant>
	<include name="VideoOSDSettingsSpinControlDims">
		<posx>270</posx>
		<posy>150</posy>
		<width>300</width>
		<textoffsetx>10</textoffsetx>
		<textoffsety>0</textoffsety>
	</include>
	<!-- Common Views -->
	<!-- ============ -->
	<!-- Info List -->
	<include name="InfoListNoThumbDims">
		<posy>60</posy>
		<width>260</width>
		<font>LargeTitleCapsFont</font>
	</include>
	<!-- Panel Stream -->
	<include name="PanelStreamImageDims">
		<posx>10</posx>
		<posy>26</posy>
		<width>166</width>
		<height>236</height>
	</include>
	<include name="PanelStreamImageFocusAnim">
		<animation effect="zoom" tween="quadratic" end="-2,12,190,266" time="200" delay="100">Focus</animation>
		<animation effect="zoom" tween="quadratic" start="2,-12,190,266" end="0,0,166,236" time="200">Unfocus</animation>
	</include>
	<include name="PanelStreamNoThumbDims">
		<posx>95</posx>
		<posy>68</posy>
		<width>150</width>
		<font>MediumTitleCapsFont</font>
	</include>
	<include name="PanelStreamNoThumbFocusAnim">
		<animation type="focus">
			<effect type="zoom" tween="quadratic" start="100" end="118" time="300" delay="100"/>
			<effect type="slide" tween="quadratic" start="0,0" end="0,-12" time="300" delay="100"/>
			<effect type="fade" start="70" end="100" time="300" delay="100"/>
		</animation>
		<animation type="unfocus">
			<effect type="zoom" tween="quadratic" start="118" end="100" time="200"/>
			<effect type="slide" tween="quadratic" start="0,-12" end="0,0" time="200"/>
			<effect type="fade" start="100" end="70" time="200"/>
		</animation>
	</include>
	<include name="PanelStreamEpisodeImageDims">
		<width>236</width>
		<height>148</height>
	</include>
	<include name="PanelStreamEpisodeImageFocusAnim">
		<animation effect="zoom" tween="quadratic" end="-5,20,266,168" time="200" delay="100">Focus</animation>
		<animation effect="zoom" tween="quadratic" start="-15,-6,266,168" end="0,0,236,148" time="200">Unfocus</animation>
	</include>
	<include name="PanelStreamEpisodeNoThumbDims">
		<posx>82</posx>
		<posy>90</posy>
		<width>150</width>
		<font>MediumSmallTitleCapsFont</font>
	</include>
	<include name="PanelStreamAlbumImageDims">
		<width>180</width>
		<height>180</height>
	</include>
	<include name="PanelStreamAlbumImageFocusAnim">
		<animation effect="zoom" tween="quadratic" start="0,0,180,180" end="-21,-23,202,202" time="200" delay="100">Focus</animation>
		<animation effect="zoom" tween="quadratic" start="-21,-23,202,202" end="0,0,180,180" time="200">Unfocus</animation>
	</include>
	<include name="PanelStreamAlbumNoThumbDims">
		<posx>102</posx>
		<posy>54</posy>
		<width>150</width>
		<font>MediumSmallTitleCapsFont</font>
	</include>
	<!-- Video Views -->
	<!-- =========== -->
	<include name="TopOverlayTitleAreaTextDims">
		<posy>3</posy>
		<height>32</height>
	</include>
	<include name="TopOverlayFirstTitleAreaBGDims">
		<posx>20</posx>
		<width>415</width>
	</include>
	<include name="TopOverlayFirstTitleAreaTextDims">
		<posx>414</posx>
		<width>352</width>
	</include>
	<include name="TopOverlaySecondTitleAreaBGDims">
		<posx>300</posx>
		<width>310</width>
	</include>
	<include name="TopOverlaySecondTitleAreaTextDims">
		<posx>588</posx>
		<width>164</width>
	</include>
	<include name="MediaInfoCaptionDims">
		<posx>0</posx>
		<width>100</width>
		<height>24</height>
	</include>
	<include name="MediaInfoValueDims">
		<posx>105</posx>
		<width>240</width>
		<height>24</height>
	</include>
	<include name="StarRatingImageDims">
		<posy>3</posy>
		<width>100</width>
		<height>18</height>
	</include>
	<include name="StarRatingDetailsPos">
		<posx>150</posx>
	</include>
	<include name="WtchUnwtchOverlayBGDims">
		<width>32</width>
		<height>39</height>
	</include>
	<include name="WtchUnwtchOverlayDims">
		<posx>7</posx>
		<posy>4</posy>
		<width>23</width>
		<height>23</height>
	</include>
	<include name="MediaItemDetailInfoDims">
		<posx>436</posx>
		<width>124</width>
		<height>42</height>
	</include>
	<!-- TV Wide -->
	<include name="TVWideIconDims">
		<posx>-6</posx>
		<width>554</width>
		<height>120</height>
	</include>
	<include name="TVWideIconOverlayDims">
		<posx>-2</posx>
		<posy>5</posy>
		<width>180</width>
		<height>96</height>
	</include>
	<include name="TVWidePlotDims">
		<posy>356</posy>
		<width>540</width>
		<height>158</height>
	</include>
	<constant name="TVWideInfoValueWidth">434</constant>
	<include name="TVWideStarRatingImgDims">
		<posx>170</posx>
	</include>
	<include name="TVUnwatchedEpisodesDetailsDims">
		<posx>560</posx>
		<width>200</width>
		<height>42</height>
	</include>
	<include name="TVUnwatchedEpisodesDetailsImageDims">
		<posx>568</posx>
		<posy>15</posy>
		<width>16</width>
		<height>16</height>
	</include>
	<!-- TV Seasons -->
	<include name="TVSeasonsThumbPos">
		<posx>850</posx>
		<posy>134</posy>
	</include>
	<include name="TVSeasonsSeasonThumbDims">
		<width>272</width>
		<height>462</height>
	</include>
	<include name="TVSeasonsSeasonThumbRflctnDims">
		<posx>6</posx>
		<posy>457</posy>
		<width>260</width>
		<height>450</height>
	</include>
	<constant name="TVSeasonsListWidth">640</constant>
	<include name="TVSeasonsListDims">
		<posx>200</posx>
		<posy>420</posy>
		<width>TVSeasonsListWidth</width>
		<height>168</height>
	</include>
	<include name="TVSeasonsItemBGDims">
		<!-- Empty filler -->
	</include>
	<include name="TVSeasonsItemFocusBGDims">
		<!-- Empty filler -->
	</include>
	<include name="TVSeasonsItemDetailBGDims">
		<!-- Empty filler -->
	</include>
	<include name="TVWatchedEpisodesDetailsDims">
		<posx>614</posx>
	</include>
	<include name="TVWatchedEpisodesDetailsImageDims">
		<posx>622</posx>
	</include>
	<!-- TV Episodes -->
	<include name="TVEpisodesSeasonThumbPos">
		<posx>340</posx>
		<posy>454</posy>
	</include>
	<include name="TVEpisodesSeasonEpThumbDims">
		<posx>-9</posx>
		<posy>13</posy>
		<width>338</width>
		<height>186</height>
	</include>
	<include name="TVEpisodesSeasonNoThumbDims">
		<posy>92</posy>
		<width>164</width>
	</include>
	<include name="TVEpisodesSeasonEpThumbOverlayDims">
		<posx>-3</posx>
		<posy>18</posy>
		<width>164</width>
		<height>87</height>
	</include>
	<include name="TVEpisodesSeasonEpThumbBGDims">
		<posx>0</posx>
		<posy>190</posy>
		<width>320</width>
		<height>300</height>
	</include>
	<include name="TVEpisodesSeasonEpThumbRflctnDims">
		<posx>0</posx>
		<posy>190</posy>
		<width>320</width>
		<height>168</height>
	</include>
	<include name="TVEpisodesEpThumbDims">
		<posx>-8</posx>
		<posy>-8</posy>
		<width>370</width>
		<height>216</height>
	</include>
	<include name="TVEpisodesNoThumbDims">
		<posy>84</posy>
		<width>164</width>
	</include>
	<include name="TVEpisodesWtchUnwtchOverlayDims">
		<posx>322</posx>
		<posy>54</posy>
	</include>
	<include name="TVEpisodesEpThumbRflctnDims">
		<posx>0</posx>
		<posy>200</posy>
		<width>354</width>
		<height>200</height>
	</include>
	<include name="TVEpisodesDetailValueDims">
		<posx>98</posx>
		<width>218</width>
	</include>
	<include name="TVEpisodesStarRatingDims">
		<posx>170</posx>
	</include>
	<include name="TVEpsiodesWriterPos">
		<posy>TVEpisodesDetailsGap</posy>
	</include>
	<include name="TVEpisodesWideValueDims">
		<!-- Empty filler -->
	</include>
	<include name="TVEpisodesPlotDims">
		<posy>250</posy>
		<width>676</width>
		<height>140</height>
	</include>
	<include name="TVEpisodeItemOverlayDims">
		<posx>428</posx>
		<posy>10</posy>
		<width>16</width>
		<height>25</height>
	</include>
	<include name="TVEpisodeItemDateDims">
		<posx>450</posx>
		<width>100</width>
		<height>42</height>
	</include>
	<!-- Media Preview -->
	<include name="MediaPreviewTrailerIndicDims">
		<posx>670</posx>
		<posy>-18</posy>
		<width>24</width>
	</include>
	<include name="MediaPreviewPosterDims">
		<width>288</width>
		<height>422</height>
	</include>
	<include name="MediaPreviewPosterNoThumbDims">
		<posy>58</posy>
		<width>288</width>
	</include>
	<include name="MediaPreviewThumbDims">
		<posx>18</posx>
		<posy>34</posy>
		<width>106</width>
		<height>156</height>
	</include>
	<include name="MediaPreviewEpThumbDims">
		<posx>18</posx>
		<posy>34</posy>
		<width>226</width>
		<height>156</height>
		<aspectratio aligny="bottom">keep</aspectratio>
	</include>
	<include name="MediaPreviewThumbAnim">
		<animation type="focus">
			<effect type="zoom" tween="quadratic" end="6,15,130,186" time="300" delay="100"/>
		</animation>
		<animation type="unfocus">
			<effect type="zoom" tween="quadratic" start="-6,-15,130,186" end="0,0,106,156" time="200"/>
		</animation>
	</include>
	<include name="MediaPreviewEpThumbAnim">
		<animation type="focus">
			<effect type="zoom" tween="quadratic" end="2,21,256,180" time="300" delay="100"/>
		</animation>
		<animation type="unfocus">
			<effect type="zoom" tween="quadratic" start="-2,-21,256,180" end="0,0,226,156" time="200"/>
		</animation>
	</include>
	<include name="MediaPreviewThumbNoThumbDims">
		<posx>71</posx>
		<posy>52</posy>
		<width>106</width>
		<font>SmallTitleCapsFont</font>
	</include>
	<include name="MediaPreviewThumbNoThumbAnim">
		<animation type="focus">
			<effect type="zoom" tween="quadratic" start="100" end="120" time="300" delay="100"/>
			<effect type="slide" tween="quadratic" start="0,0" end="0,-16" time="300" delay="100"/>
		</animation>
		<!--
    <animation effect="zoom" tween="quadratic" end="71,36,130,12" time="300" delay="100">Focus</animation>
-->
	</include>
	<include name="MediaPreviewThumbRflctnDims">
		<posy>190</posy>
	</include>
	<include name="MediaPreviewThumbRflctnAnim">
		<animation type="focus">
			<effect type="zoom" tween="quadratic" end="6,201,130,186" time="300" delay="100"/>
		</animation>
		<animation type="unfocus">
			<effect type="zoom" tween="quadratic" start="-6,-201,130,186" end="0,0,106,156" time="200"/>
		</animation>
	</include>
	<include name="MediaPreviewThumbBorderDims">
		<posx>9</posx>
		<posy>25</posy>
		<width>124</width>
		<height>176</height>
		<animation type="focus">
			<effect type="zoom" tween="quadratic" end="-5,5,152,208" time="300" delay="100"/>
		</animation>
		<animation type="unfocus">
			<effect type="zoom" tween="quadratic" start="5,-5,152,208" end="0,0,124,176" time="200"/>
			<effect type="fade" start="100" end="0" time="200"/>
		</animation>
	</include>
	<include name="MediaPreviewAnimThumbDims">
		<posx>0</posx>
		<posy>34</posy>
		<width>53</width>
		<height>78</height>
	</include>
	<include name="MediaPreviewAnimThumbAnim">
		<animation type="focus" reversible="false">
			<effect type="zoom" tween="quadratic" end="-965,420,204,300" time="800"/>
			<effect type="rotate" center="20,50" end="360" time="600"/>
		</animation>
		<animation type="unfocus">
			<effect type="zoom" tween="quadratic" start="-910,290,204,300" end="0,0,53,78" time="1000" delay="300"/>
			<effect type="rotate" center="50,50" end="360" time="850" delay="400"/>
		</animation>
	</include>
	<!-- Showcase -->
	<include name="ShowcaseListDims">
		<posx>-155</posx>
		<posy>115</posy>
		<width>4000</width>
		<height>720</height>
	</include>
	<constant name="ShowcaseItemHeight">316</constant>
	<constant name="ShowcaseFocusHeight">336</constant>
	<include name="ShowcaseNoThumbLabelDims">
		<posx>115</posx>
		<posy>55</posy>
		<width>238</width>
		<font>LargeTitleCapsFont</font>
	</include>
	<!-- Music Views -->
	<!-- =========== -->
	<!-- Albums -->
	<include name="MusicAlbumNFCoverDims">
		<posx>152</posx>
		<posy>0</posy>
		<width>58</width>
		<height>58</height>
	</include>
	<include name="MusicAlbumFocusCoverDims">
		<posx>150</posx>
		<posy>25</posy>
		<width>62</width>
		<height>62</height>
		<animation effect="zoom" tween="quadratic" end="94,-4,124,124" time="MusicAlbumFocusZoomTime" delay="MusicAlbumFocusZoomDelay" reversible="false">Focus</animation>
	</include>
	<include name="MusicAlbumNoThumbLabelDims">
		<posx>181</posx>
		<posy>10</posy>
		<width>50</width>
		<height>16</height>
		<font>TinyTitleCapsFont</font>
	</include>
	<include name="MusicAlbumFocusNoThumbLabelDims">
		<posy>35</posy>
		<include>MusicAlbumNoThumbLabelDims</include>
		<animation effect="zoom" tween="quadratic" end="156,18,80,16" time="MusicAlbumFocusZoomTime" delay="MusicAlbumFocusZoomDelay" reversible="false">Focus</animation>
	</include>
	<include name="MusicAlbumsCoverOverlayDims">
		<posx>155</posx>
		<posy>3</posy>
		<width>30</width>
		<height>30</height>
	</include>
	<include name="MusicAlbumsFocusCoverOverlayDims">
		<posx>155</posx>
		<posy>30</posy>
		<width>30</width>
		<height>30</height>
		<animation effect="zoom" tween="quadratic" end="106,6,60,60" time="MusicAlbumFocusZoomTime" delay="MusicAlbumFocusZoomDelay" reversible="false">Focus</animation>
	</include>
	<include name="MusicAlbumLargeCoverDims">
		<posx>-6</posx>
		<posy>20</posy>
		<width>328</width>
		<height>328</height>
	</include>
	<include name="MusicAlbumsDetailsArtistPos">
		<posy>364</posy>
	</include>
	<constant name="MusicAlbumDetailInfoHeight">32</constant>
	<include name="MusicAlbumDetailInfoCaptionDims">
		<width>66</width>
	</include>
	<include name="MusicAlbumDetailInfoValueDims">
		<posx>72</posx>
		<width>228</width>
	</include>
	<!-- Songs -->
	<include name="MusicSongsCoverDims">
		<posx>-8</posx>
		<posy>-8</posy>
		<width>364</width>
		<height>364</height>
	</include>
	<include name="MusicSongsCoverOverlayDims">
		<posx>-1</posx>
		<posy>-7</posy>
		<width>170</width>
		<height>170</height>
	</include>
	<include name="MusicSongsCoverRflctnDims">
		<posy>348</posy>
		<width>348</width>
		<height>348</height>
	</include>
	<include name="MusicSongsNoThumbDims">
		<posx>0</posx>
		<posy>62</posy>
		<width>348</width>
	</include>
	<!-- Coverflow -->
	<include name="CoverflowThumbDims">
		<posx>-8</posx>
		<posy>-8</posy>
		<width>366</width>
		<height>386</height>
	</include>
	<include name="CoverflowThumbReflectionDims">
		<posx>0</posx>
		<posy>370</posy>
		<width>350</width>
		<height>370</height>
	</include>
	<include name="CoverflowThumbBackdropDims">
		<include>CoverflowThumbReflectionDims</include>
	</include>
	<include name="CoverflowMusicThumbDims">
		<posx>-8</posx>
		<posy>-8</posy>
		<width>366</width>
		<height>366</height>
	</include>
	<include name="CoverflowMusicThumbReflectionDims">
		<posx>0</posx>
		<posy>350</posy>
		<width>350</width>
		<height>350</height>
	</include>
	<include name="CoverflowMusicThumbBackdropDims">
		<include>CoverflowMusicThumbReflectionDims</include>
	</include>
	<include name="CoverflowGlassOverlayDims">
		<posx>-3</posx>
		<posy>-11</posy>
		<width>240</width>
		<height>240</height>
	</include>
	<include name="CoverflowLeftShadowOverlayDims">
		<width>400</width>
	</include>
	<include name="CoverflowRightShadowOverlayDims">
		<posx>880</posx>
		<include>CoverflowLeftShadowOverlayDims</include>
	</include>
	<include name="CoverflowShadowOverlayVertDims">
		<posy>217</posy>
		<height>520</height>
	</include>
	<include name="CoverflowShadowOverlayLowVertDims">
		<posy>417</posy>
		<height>320</height>
	</include>
	<!-- Music Vis -->
	<!-- ========= -->
	<include name="MusicVisSlideAnim">
		<animation type="WindowOpen" reversible="true" condition="!Window.IsVisible(script-XBMC_Lyrics-main.xml)">
			<effect type="fade" time="1000"/>
			<effect type="slide" tween="cubic" start="-320,0" end="0,0" time="700"/>
		</animation>
		<animation type="WindowClose" reversible="true">
			<effect type="fade" start="100" end="0" time="100"/>
		</animation>
		<animation type="Visible" reversible="true" condition="!Window.IsVisible(script-XBMC_Lyrics-main.xml)">
			<effect type="fade" time="1000"/>
			<effect type="slide" tween="cubic" start="-320,0" end="0,0" time="700"/>
		</animation>
		<animation type="Hidden" reversible="true" condition="!Window.IsVisible(script-XBMC_Lyrics-main.xml)">
			<effect type="fade" time="300"/>
			<effect type="slide" tween="cubic" start="0,0" end="-320,0" time="700"/>
		</animation>
		<animation type="Conditional" reversible="true" condition="Window.IsActive(script-XBMC_Lyrics-main.xml)">
			<effect type="fade" start="100" end="0" time="1000"/>
			<effect type="slide" tween="cubic" start="0,0" end="540,0" time="700" delay="90"/>
		</animation>
		<animation type="Conditional" reversible="true" condition="Window.Previous(script-XBMC_Lyrics-main.xml)">
			<effect type="fade" start="0" end="100" time="0"/>
			<effect type="slide" tween="cubic" start="540,0" end="0,0" time="700" delay="90"/>
		</animation>
	</include>
	<include name="MusicVisBGDims">
		<posx>0</posx>
		<posy>0</posy>
		<width>310</width>
		<height>720</height>
	</include>
	<constant name="MusicVisLabelWidth">250</constant>
	<include name="MusicVisAlbumCoverImgDims">
		<width>MusicVisLabelWidth</width>
		<height>250</height>
	</include>
	<include name="MusicVisAlbumCoverDims">
		<posx>20</posx>
		<posy>20</posy>
		<include>MusicVisAlbumCoverImgDims</include>
	</include>
	<include name="MusicVisAlbumCoverRflctnDims">
		<posx>20</posx>
		<posy>269</posy>
		<include>MusicVisAlbumCoverImgDims</include>
	</include>
	<include name="MusicVisLabelDims">
		<posx>20</posx>
		<width>MusicVisLabelWidth</width>
	</include>
	<constant name="MusicVisRatingXoffset">0</constant>
	<include name="MusicVisControlsDims">
		<posx>47</posx>
		<posy>590</posy>
		<width>280</width>
		<height>MusicVisControlBtnHeight</height>
	</include>
	<constant name="MusicVisControlBtnHeight">45</constant>
	<include name="MusicVisControlBtnDims">
		<width>45</width>
		<height>MusicVisControlBtnHeight</height>
	</include>
	<include name="MusicVisExtraControlsDims">
		<posx>72</posx>
		<posy>627</posy>
		<width>280</width>
		<height>40</height>
	</include>
	<include name="MusicVisExtraBtnDims">
		<width>38</width>
		<height>38</height>
	</include>
	<include name="MusicVisBottomOSDTextDims">
		<width>500</width>
	</include>
	<include name="MusicVisHorizControlsDims">
		<posx>700</posx>
		<posy>560</posy>
		<width>1280</width>
		<height>45</height>
	</include>
	<include name="MusicBottomVisSelLeftArrowDims">
		<posx>935</posx>
		<posy>578</posy>
		<width>16</width>
		<height>16</height>
		<animation effect="rotate" center="935,578" start="-90" end="-90" time="0" condition="true">Conditional</animation>
	</include>
	<include name="MusicBottomVisSelectBtnDims">
		<posx>970</posx>
		<posy>575</posy>
		<width>235</width>
	</include>
	<include name="MusicBottomVisSelRightArrowDims">
		<posx>1250</posx>
		<posy>578</posy>
		<width>16</width>
		<height>16</height>
		<animation effect="rotate" center="1250,578" start="-90" end="-90" time="0" condition="true">Conditional</animation>
	</include>
</includes>
