<window id="6">
  <defaultcontrol>50</defaultcontrol>
  <allowoverlay>yes</allowoverlay>

  <controls>

    <include>Background</include>

    <!-- -->
    <include>TVWide</include>
    <include>TVSeasons</include>
    <include>TVEpisodes</include>
    <include>MediaPreview</include>
    <include>Showcase</include>
    <include>List</include>
    <include>InfoList</include>
    <include>PanelStream</include>
    <include>Coverflow</include>
    <!-- -->

    <control type="group">
      <include>TopOverlayTitlePos</include>

      <control type="group">
        <visible>Container.Content(episodes)</visible>
        <include>TopOverlaySecondTitleSlide</include>

        <include>TopOverlaySecondTitleAreaBG</include>

        <control type="label">
          <description>Season label</description>
          <label>$INFO[ListItem.Season,$LOCALIZE[20373] ]</label>
          <include>TopOverlaySecondTitleAreaText</include>
        </control>
      </control>

      <include>TopOverlayFirstTitleAreaBG</include>

      <control type="label">
        <description>Videos label</description>
        <label>$LOCALIZE[3]</label>
        <visible>![Container.Content(movies) | Container.Content(tvshows) | Container.Content(seasons) | Container.Content(episodes)]</visible>
        <include>TopOverlayFirstTitleAreaText</include>
      </control>

      <control type="label">
        <description>Movies label</description>
        <label>$LOCALIZE[342]</label>
        <visible>Container.Content(movies)</visible>
        <include>TopOverlayFirstTitleAreaText</include>
      </control>

      <control type="label">
        <description>TV Shows label</description>
        <label>$LOCALIZE[20343]</label>
        <visible>Container.Content(tvshows)</visible>
        <include>TopOverlayFirstTitleAreaText</include>
      </control>

      <control type="label">
        <description>TV Show Title label</description>
        <label>$INFO[ListItem.TVShowTitle]</label>
        <visible>Container.Content(seasons) | Container.Content(episodes)</visible>
        <include>TopOverlayFirstTitleAreaText</include>
      </control>
    </control>

    <include>Clock</include>
    <include condition="!Skin.HasSetting(HideOptionsMenu)">OptionsMenu</include>
    <include>MediaCount</include>
    <include>MusicNowPlayingIndicators</include>

    <control type="group">
      <visible>Player.HasAudio + !Control.IsVisible(58) + ![Control.IsVisible(51) + !Skin.HasSetting(HideInfoInMediaPreview) + !Skin.HasSetting(ShowAnimMediaPreview)]</visible>
      <include>MusicOverlayNowPlayingDims</include>

      <include>MusicNowPlaying</include>
    </control>

  </controls>
</window>
