<window id="129">
  <defaultcontrol always="true">22</defaultcontrol>

  <controls>
    <include>DialogFade</include>

    <control type="group">
      <posx>385</posx>
      <posy>130</posy>

      <control type="image">
        <description>Dialog Background</description>
        <width>510</width>
        <height>470</height>
        <include>DialogBGTexture</include>
      </control>
  
      <control type="image">
        <description>Title Background</description>
        <posx>20</posx>
        <posy>12</posy>
        <width>SmartPlaylistTextWidth</width>
        <height>50</height>
        <texture>GlassTitleBar.png</texture>
      </control>

      <control type="label" id="1000">
        <description>Heading</description>
        <posx>20</posx>
        <posy>21</posy>
        <width>SmartPlaylistTextWidth</width>
        <align>center</align>
        <font>MediumTitleCapsFont</font>
        <label>$LOCALIZE[21432]</label>
      </control>

      <control type="group">
        <posx>18</posx>
        <posy>60</posy>

        <control type="spincontrolex" id="22">
          <description>Set Playlist type</description>
          <width>SmartPlaylistTextWidth</width>
          <onright>22</onright>
          <onleft>22</onleft>
          <onup>9001</onup>
          <ondown>12</ondown>
          <include>DialogTextControl</include>
        </control>

        <control type="group">
          <posx>0</posx>
          <posy>40</posy>

          <control type="label" id="0">
            <description>Name Label</description>
            <posx>10</posx>
            <width>SmartPlaylistTextWidth</width>
            <label>21433</label>
            <include>DialogTextControl</include>
          </control>

          <control type="button" id="12">
            <description>Name Button</description>
            <posy>22</posy>
            <width>480</width>
            <textoffsetx>14</textoffsetx>
            <onup>22</onup>
            <onleft>12</onleft>
            <onright>12</onright>
            <ondown>10</ondown>
            <disabledcolor>Unfocused</disabledcolor>
            <include>DialogTextControl</include>
          </control>

          <control type="label">
            <description>rules label</description>
            <posx>10</posx>
            <posy>64</posy>
            <width>SmartPlaylistTextWidth</width>
            <label>21434</label>
            <include>DialogTextControl</include>
          </control>

          <control type="group">
            <posy>90</posy>

            <control type="list" id="10">
              <description>Rules List Control</description>
              <width>380</width>
              <height>102</height>
              <onup>12</onup>
              <onleft>9000</onleft>
              <onright>9000</onright>
              <ondown>16</ondown>

              <itemlayout width="380" height="34">
                <control type="label">
                  <posx>14</posx>
                  <width>380</width>
                  <height>34</height>
                  <info>ListItem.Label</info>
                  <aligny>center</aligny>
                  <include>DialogTextColors</include>
                </control>
              </itemlayout>

              <focusedlayout width="370" height="34">
                <control type="image">
                  <posy>2</posy>
                  <width>380</width>
                  <height>34</height>
                  <texture flipx="true">HomeBladeSubFO2.png</texture>
                  <visible>Control.HasFocus(10)</visible>
                </control>
                <control type="label">
                  <posx>14</posx>
                  <width>380</width>
                  <height>34</height>
                  <info>ListItem.Label</info>
                  <aligny>center</aligny>
                </control>
              </focusedlayout>
            </control>

            <control type="group" id="9000">
              <posx>396</posx>

              <control type="button" id="13">
                <description>Add Rule Button</description>
                <label>15019</label>
                <onup>17</onup>
                <onleft>10</onleft>
                <onright>10</onright>
                <ondown>14</ondown>
                <include>DialogButton</include>
              </control>

              <control type="button" id="14">
                <description>Remove Rule Button</description>
                <posy>30</posy>
                <label>1210</label>
                <onup>13</onup>
                <onleft>10</onleft>
                <onright>10</onright>
                <ondown>15</ondown>
                <include>DialogButton</include>
              </control>

              <control type="button" id="15">
                <description>Edit Rule Button</description>
                <posy>60</posy>
                <label>21435</label>
                <onup>14</onup>
                <onleft>10</onleft>
                <onright>10</onright>
                <ondown>16</ondown>
                <include>DialogButton</include>
              </control>
            </control>

            <control type="group">
              <posy>114</posy>

              <control type="spincontrolex" id="16">
                <description>Rule Matching</description>
                <width>SmartPlaylistTextWidth</width>
                <label>21424</label>
                <onright>16</onright>
                <onleft>16</onleft>
                <onup>10</onup>
                <ondown>17</ondown>
                <disabledcolor>Unfocused</disabledcolor>
                <include>DialogTextControl</include>
              </control>
          
              <control type="spincontrolex" id="17">
                <description>Limit</description>
                <posy>32</posy>
                <width>SmartPlaylistTextWidth</width>
                <label>21427</label>
                <onright>17</onright>
                <onleft>17</onleft>
                <onup>16</onup>
                <ondown>18</ondown>
                <include>DialogTextControl</include>
              </control>

              <control type="spincontrolex" id="18">
                <description>Sort By</description>
                <posy>64</posy>
                <width>350</width>
                <label>21429</label>
                <onright>19</onright>
                <onleft>19</onleft>
                <onup>17</onup>
                <ondown>9001</ondown>
                <include>DialogTextControl</include>
              </control>

              <control type="radiobutton" id="19">
                <description>Sort Direction</description>
                <posx>360</posx>
                <posy>64</posy>
                <height>32</height>
                <aligny>center</aligny>
                <label>21431</label>
                <altlabel>21430</altlabel>
                <onright>18</onright>
                <onleft>18</onleft>
                <onup>17</onup>
                <ondown>9001</ondown>
                <include>DialogTextControl</include>
              </control>
            </control>
          </control>

        </control>
      </control>

      <control type="group" id="9001">
        <posy>424</posy>
        <posx>171</posx>

        <control type="button" id="20">
          <description>Ok Button</description>
          <label>186</label>
          <onup>18</onup>
          <onleft>21</onleft>
          <onright>21</onright>
          <ondown>22</ondown>
          <include>DialogButton</include>
        </control>

        <control type="button" id="21">
          <description>Cancel Button</description>
          <posx>100</posx>
          <label>222</label>
          <onup>18</onup>
          <onleft>20</onleft>
          <onright>20</onright>
          <ondown>22</ondown>
          <include>DialogButton</include>
        </control>
      </control>
    </control>

  </controls>
</window>
