<!-- edited with XMLSpy v2007 (http://www.altova.com) by Altova (EMBRACE) -->
<includes>
	<include name="List">
		<control type="group">
			<include>ListViewVisible</include>
			<include>BackgroundOverlayFade</include>
			<include>MediaViewBGOverlay</include>
		</control>
		<control type="group">
			<include>ListViewVisible</include>
			<include>MediaListSelectDelay</include>
			<include>MediaViewTransition</include>
			<visible>![Skin.HasSetting(HideListViewIcons) | [Skin.HasSetting(HideListViewIconsVideos) + [Window.IsVisible(MyVideoFiles) | Window.IsVisible(MyVideoLibrary) | Window.IsVisible(MyVideoPlaylist)]] | [Skin.HasSetting(HideListViewIconsMusic) + [Window.IsVisible(MyMusicFiles) | Window.IsVisible(MyMusicLibrary) | Window.IsVisible(MyMusicPlaylist)]]]</visible>
			<control type="group">
				<posx>34</posx>
				<posy>260</posy>
				<control type="image">
					<posx>-8</posx>
					<posy>-8</posy>
					<width>636</width>
					<height>364</height>
					<info>ListItem.Icon</info>
					<aspectratio aligny="bottom">keep</aspectratio>
					<bordertexture border="14">ThumbShadow2.png</bordertexture>
					<bordersize>8</bordersize>
				</control>
				<control type="image">
					<posy>348</posy>
					<width>620</width>
					<height>348</height>
					<info>ListItem.Icon</info>
					<texture flipy="true" diffuse="DiffuseMirror.png"/>
					<aspectratio aligny="top">keep</aspectratio>
				</control>
			</control>
		</control>
		<control type="group">
			<include>ListViewVisible</include>
			<include>MediaViewFade</include>
			<posx>670</posx>
			<posy>80</posy>
			<control type="list" id="50">
				<viewtype label="List">list</viewtype>
				<include condition="Skin.HasSetting(HideScrollBars)">NoScrollbarsListView</include>
				<include condition="[Skin.HasSetting(HideListViewIcons) | [Skin.HasSetting(HideListViewIconsVideos) + [Window.IsVisible(MyVideoFiles) | Window.IsVisible(MyVideoLibrary) | Window.IsVisible(MyVideoPlaylist)]] | [Skin.HasSetting(HideListViewIconsMusic) + [Window.IsVisible(MyMusicFiles) | Window.IsVisible(MyMusicLibrary) | Window.IsVisible(MyMusicPlaylist)]]]">NoIconsListView</include>
				<posx>10</posx>
				<posy>180</posy>
				<width>640</width>
				<height>378</height>
				<scrolltime>200</scrolltime>
				<pagecontrol>61</pagecontrol>
				<onleft>61</onleft>
				<onright>9009</onright>
				<onup>50</onup>
				<ondown>50</ondown>
				<itemlayout condition="![Skin.HasSetting(HideListViewIcons) | [Skin.HasSetting(HideListViewIconsVideos) + [Window.IsVisible(MyVideoFiles) | Window.IsVisible(MyVideoLibrary) | Window.IsVisible(MyVideoPlaylist)]] | [Skin.HasSetting(HideListViewIconsMusic) + [Window.IsVisible(MyMusicFiles) | Window.IsVisible(MyMusicLibrary) | Window.IsVisible(MyMusicPlaylist)]]]" width="640" height="42">
					<include>ListViewItemLayout</include>
				</itemlayout>
				<focusedlayout condition="![Skin.HasSetting(HideListViewIcons) | [Skin.HasSetting(HideListViewIconsVideos) + [Window.IsVisible(MyVideoFiles) | Window.IsVisible(MyVideoLibrary) | Window.IsVisible(MyVideoPlaylist)]] | [Skin.HasSetting(HideListViewIconsMusic) + [Window.IsVisible(MyMusicFiles) | Window.IsVisible(MyMusicLibrary) | Window.IsVisible(MyMusicPlaylist)]]]" width="640" height="42">
					<include>ListViewFocusedLayout</include>
				</focusedlayout>
				<itemlayout condition="[Skin.HasSetting(HideListViewIcons) | [Skin.HasSetting(HideListViewIconsVideos) + [Window.IsVisible(MyVideoFiles) | Window.IsVisible(MyVideoLibrary) | Window.IsVisible(MyVideoPlaylist)]] | [Skin.HasSetting(HideListViewIconsMusic) + [Window.IsVisible(MyMusicFiles) | Window.IsVisible(MyMusicLibrary) | Window.IsVisible(MyMusicPlaylist)]]]" width="1280" height="42">
					<control type="image">
						<include>MediaItemBGWide</include>
					</control>
					<control type="label">
						<width>1026</width>
						<include>MediaItemMainInfoNF</include>
					</control>
					<control type="image">
						<posx>1128</posx>
						<include>TVEpisodeItemOverlay</include>
						<include>MediaItemNFFade</include>
					</control>
					<control type="label">
						<visible>!IsEmpty(ListItem.Overlay)</visible>
						<posx>1154</posx>
						<include>InfoListItemDetailInfoNF</include>
					</control>
					<control type="label">
						<visible>IsEmpty(ListItem.Overlay)</visible>
						<posx>1154</posx>
						<include>MediaItemDetailInfoNF</include>
					</control>
				</itemlayout>
				<focusedlayout condition="[Skin.HasSetting(HideListViewIcons) | [Skin.HasSetting(HideListViewIconsVideos) + [Window.IsVisible(MyVideoFiles) | Window.IsVisible(MyVideoLibrary) | Window.IsVisible(MyVideoPlaylist)]] | [Skin.HasSetting(HideListViewIconsMusic) + [Window.IsVisible(MyMusicFiles) | Window.IsVisible(MyMusicLibrary) | Window.IsVisible(MyMusicPlaylist)]]]" width="1280" height="42">
					<control type="image">
						<include>MediaItemBGWide</include>
					</control>
					<control type="image">
						<posx>50</posx>
						<width>1260</width>
						<include>MediaItemFocusBG</include>
					</control>
					<control type="image">
						<posx>1122</posx>
						<include>MediaItemDetailBG</include>
					</control>
					<control type="label">
						<width>1026</width>
						<include>MediaItemMainInfoNF</include>
						<include>MediaListItemFadeOut</include>
					</control>
					<control type="label">
						<visible>!IsEmpty(ListItem.Overlay)</visible>
						<posx>1154</posx>
						<include>InfoListItemDetailInfoNF</include>
						<include>MediaListItemFadeOut</include>
					</control>
					<control type="label">
						<visible>IsEmpty(ListItem.Overlay)</visible>
						<posx>1154</posx>
						<include>MediaItemDetailInfoNF</include>
						<include>MediaListItemFadeOut</include>
					</control>
					<control type="label">
						<width>1026</width>
						<include>MediaItemMainInfoFO</include>
						<include>MediaListItemFade</include>
					</control>
					<control type="image">
						<posx>1128</posx>
						<include>TVEpisodeItemOverlay</include>
						<include>MediaListItemFade</include>
					</control>
					<control type="label">
						<visible>!IsEmpty(ListItem.Overlay)</visible>
						<posx>1154</posx>
						<include>InfoListItemDetailInfoFO</include>
						<include>MediaListItemFade</include>
					</control>
					<control type="label">
						<visible>IsEmpty(ListItem.Overlay)</visible>
						<posx>1154</posx>
						<include>MediaItemDetailInfoFO</include>
						<include>MediaListItemFade</include>
					</control>
				</focusedlayout>
			</control>
			<control type="image">
				<description>List overlay</description>
				<visible>![Container(50).Position(8)] + !Skin.HasTheme(lite)</visible>
				<include condition="[Skin.HasSetting(HideListViewIcons) | [Skin.HasSetting(HideListViewIconsVideos) + [Window.IsVisible(MyVideoFiles) | Window.IsVisible(MyVideoLibrary) | Window.IsVisible(MyVideoPlaylist)]] | [Skin.HasSetting(HideListViewIconsMusic) + [Window.IsVisible(MyMusicFiles) | Window.IsVisible(MyMusicLibrary) | Window.IsVisible(MyMusicPlaylist)]]]">NoIconListViewFadeOverlay</include>
				<posy>488</posy>
				<width>660</width>
				<height>100</height>
				<texture>BlackGradient2.png</texture>
				<aspectratio>stretch</aspectratio>
			</control>
			<control type="scrollbar" id="61">
				<include condition="[Skin.HasSetting(HideListViewIcons) | [Skin.HasSetting(HideListViewIconsVideos) + [Window.IsVisible(MyVideoFiles) | Window.IsVisible(MyVideoLibrary) | Window.IsVisible(MyVideoPlaylist)]] | [Skin.HasSetting(HideListViewIconsMusic) + [Window.IsVisible(MyMusicFiles) | Window.IsVisible(MyMusicLibrary) | Window.IsVisible(MyMusicPlaylist)]]]">NoIconListViewScrollbar</include>
				<onup>61</onup>
				<ondown>61</ondown>
				<onleft>Skin.ToggleSetting(HideNowPlayingMusicInfo)</onleft>
				<onright>50</onright>
				<posx>28</posx>
				<posy>179</posy>
				<height>380</height>
				<visible>!Skin.HasSetting(HideScrollBars)</visible>
			</control>
		</control>
		<control type="group">
			<include>ListViewVisible</include>
			<include>CommonSortLetters</include>
		</control>
	</include>
	<include name="InfoList">
		<control type="group">
			<include>InfoListVisible</include>
			<include>MediaViewBGOverlay</include>
		</control>
		<control type="group">
			<include>InfoListVisible</include>
			<include>MediaViewFade</include>
			<control type="group">
				<posx>28</posx>
				<posy>254</posy>
				<include>MediaListSelectDelay</include>
				<control type="group">
					<visible>!IsEmpty(ListItem.Thumb) | !Skin.HasSetting(HideNoThumbIcon)</visible>
					<control type="image">
						<description>Thumb image</description>
						<posx>-8</posx>
						<posy>-8</posy>
						<width>276</width>
						<height>396</height>
						<texture>amt-blank-poster.png</texture>
						<info>ListItem.Thumb</info>
						<aspectratio align="right" aligny="top">keep</aspectratio>
						<bordertexture border="14">ThumbShadow.png</bordertexture>
						<bordersize>8</bordersize>
					</control>
					<control type="label">
						<description>No Thumb label</description>
						<include>InfoListNoThumbDims</include>
						<include>NoThumbLabel</include>
					</control>
					<control type="group">
						<description>Watched/Unwatched Overlay</description>
						<posx>228</posx>
						<posy>30</posy>
						<include>WatchedUnwatchedOverlay</include>
					</control>
				</control>
				<control type="group">
					<posx>280</posx>
					<posy>-4</posy>
					<control type="label">
						<description>Title</description>
						<width>InfoListTitleWidth</width>
						<font>MediumLargeTitleCapsFont</font>
						<label>$INFO[ListItem.Title]</label>
						<visible>![Container.Content(albums) | Container.Content(artists)]</visible>
					</control>
					<control type="label">
						<description>Album</description>
						<width>InfoListTitleWidth</width>
						<font>MediumLargeTitleCapsFont</font>
						<label>$INFO[ListItem.Album]</label>
						<visible>Container.Content(albums)</visible>
					</control>
					<control type="label">
						<description>Artist</description>
						<width>InfoListTitleWidth</width>
						<font>MediumLargeTitleCapsFont</font>
						<label>$INFO[ListItem.Artist]</label>
						<visible>Container.Content(artists)</visible>
					</control>
					<control type="label">
						<description>Year</description>
						<posy>28</posy>
						<width>InfoListTitleWidth</width>
						<font>MediumTitleCapsFont</font>
						<label>$INFO[ListItem.Year]</label>
						<textcolor>Unfocused</textcolor>
					</control>
					<control type="group">
						<posy>66</posy>
						<control type="textbox">
							<description>Plot</description>
							<width>InfoListTitleWidth</width>
							<height>326</height>
							<info>ListItem.Plot</info>
							<visible>![Container.Content(seasons) | Container.Content(albums)]</visible>
						</control>
						<control type="textbox">
							<description>Plot</description>
							<width>InfoListTitleWidth</width>
							<height>326</height>
							<info>Container.ShowPlot</info>
							<visible>Container.Content(seasons)</visible>
						</control>
						<control type="textbox">
							<description>Album review</description>
							<width>InfoListTitleWidth</width>
							<height>326</height>
							<info>ListItem.Property(description)</info>
							<visible>Container.Content(albums) | Container.Content(artists)</visible>
						</control>
					</control>
				</control>
			</control>
		</control>
		<control type="group">
			<include>InfoListVisible</include>
			<include>MediaViewFade</include>
			<control type="list" id="56">
				<viewtype label="InfoList">list</viewtype>
				<include condition="Skin.HasSetting(HideScrollBars)">InfoListNoScrollbars</include>
				<posx>708</posx>
				<posy>316</posy>
				<width>640</width>
				<height>336</height>
				<scrolltime>200</scrolltime>
				<pagecontrol>61</pagecontrol>
				<onleft>61</onleft>
				<onright>9009</onright>
				<onup>56</onup>
				<ondown>56</ondown>
				<itemlayout height="42" width="640">
					<include>ListViewItemLayout</include>
				</itemlayout>
				<focusedlayout height="42" width="640">
					<include>ListViewFocusedLayout</include>
				</focusedlayout>
			</control>
		</control>
		<control type="group">
			<posx>726</posx>
			<include>InfoListVisible</include>
			<include>MediaViewFade</include>
			<control type="image">
				<description>List overlay</description>
				<posy>582</posy>
				<visible>![Container(56).Position(7)] + !Skin.HasTheme(lite)</visible>
				<width>650</width>
				<height>100</height>
				<texture>BlackGradient2.png</texture>
				<aspectratio>stretch</aspectratio>
			</control>
			<control type="scrollbar" id="61">
				<posx>6</posx>
				<posy>320</posy>
				<height>330</height>
				<onup>61</onup>
				<ondown>61</ondown>
				<onleft>Skin.ToggleSetting(HideNowPlayingMusicInfo)</onleft>
				<onright>50</onright>
				<visible>!Skin.HasSetting(HideScrollBars)</visible>
			</control>
		</control>
		<control type="group">
			<include>InfoListVisible</include>
			<include>CommonSortLetters</include>
		</control>
	</include>
	<include name="PanelStream">
		<control type="group">
			<include>PanelStreamVisible</include>
			<include>MediaViewBGOverlay</include>
		</control>
		<control type="group">
			<include>PanelStreamVisible</include>
			<include>MediaViewFade</include>
			<control type="panel" id="52">
				<viewtype label="Panel Stream">panel</viewtype>
				<ondown>52</ondown>
				<onleft>Skin.ToggleSetting(HideNowPlayingMusicInfo)</onleft>
				<include condition="Window.IsMedia + !Skin.HasSetting(HideFocusDetailForPanel) + !Skin.HasSetting(WallStream)">PanelStreamContentWithDetail</include>
				<include condition="!Window.IsMedia | Skin.HasSetting(HideFocusDetailForPanel) + !Skin.HasSetting(WallStream)">PanelStreamContent</include>
				<include condition="Skin.HasSetting(WallStream)">WallStreamContent</include>
			</control>
			<control type="group">
				<visible>!Skin.HasSetting(HideFocusDetailForPanel) + !Skin.HasSetting(WallStream)</visible>
				<posx>754</posx>
				<posy>236</posy>
				<control type="group">
					<visible>![Container.Content(movies) | Container.Content(tvshows) | Container.Content(seasons) | Container.Content(episodes) | Container.Content(artists) | Container.Content(albums) | Container.Content(songs)]</visible>
					<control type="label">
						<description>Title</description>
						<width>PanelStreamDetailTextWidth</width>
						<label>$INFO[ListItem.Label]</label>
						<font>TitleCapsFont</font>
						<scroll>true</scroll>
					</control>
					<control type="textbox">
						<description>Detail</description>
						<posy>36</posy>
						<width>PanelStreamDetailTextWidth</width>
						<height>340</height>
						<info>ListItem.Label2</info>
					</control>
				</control>
				<control type="group">
					<visible>Container.Content(movies)</visible>
					<control type="label">
						<description>Movie Title</description>
						<width>PanelStreamDetailTextWidth</width>
						<label>$INFO[ListItem.Label]</label>
						<font>TitleCapsFont</font>
						<scroll>true</scroll>
					</control>
					<control type="textbox">
						<description>Plot/Details</description>
						<posy>36</posy>
						<width>PanelStreamDetailTextWidth</width>
						<height>340</height>
						<info>ListItem.Plot</info>
					</control>
					<control type="group">
						<posy>390</posy>
						<include>StarRatingDetails</include>
					</control>
				</control>
				<control type="group">
					<visible>Container.Content(tvshows)</visible>
					<control type="label">
						<description>TV Show Title</description>
						<width>PanelStreamDetailTextWidth</width>
						<label>$INFO[ListItem.TVShowTitle]</label>
						<font>TitleCapsFont</font>
						<scroll>true</scroll>
					</control>
					<control type="label">
						<description>Genre</description>
						<posy>36</posy>
						<font>MediumTitleCapsFont</font>
						<textcolor>Unfocused</textcolor>
						<label>$INFO[ListItem.Genre]</label>
					</control>
					<control type="textbox">
						<description>Plot/Details</description>
						<posy>68</posy>
						<width>PanelStreamDetailTextWidth</width>
						<height>300</height>
						<info>ListItem.Plot</info>
					</control>
					<control type="group">
						<posy>380</posy>
						<include>StarRatingDetails</include>
					</control>
				</control>
				<control type="group">
					<visible>Container.Content(seasons)</visible>
					<control type="label">
						<description>Season</description>
						<width>PanelStreamDetailTextWidth</width>
						<info>ListItem.Label</info>
						<font>TitleCapsFont</font>
						<scroll>true</scroll>
					</control>
					<control type="label">
						<description>Tv Show Title</description>
						<posy>36</posy>
						<font>MediumTitleCapsFont</font>
						<textcolor>Unfocused</textcolor>
						<label>$INFO[ListItem.TVShowTitle]</label>
					</control>
					<control type="textbox">
						<description>Plot/Details</description>
						<posy>68</posy>
						<width>PanelStreamDetailTextWidth</width>
						<height>390</height>
						<info>Container.ShowPlot</info>
					</control>
				</control>
				<control type="group">
					<visible>Container.Content(episodes)</visible>
					<posx>20</posx>
					<control type="label">
						<description>Episode Title</description>
						<width>PanelStreamEpisodeDetailTextWidth</width>
						<label>$INFO[ListItem.Title]</label>
						<font>TitleCapsFont</font>
						<scroll>true</scroll>
					</control>
					<control type="label">
						<description>Episode</description>
						<posy>36</posy>
						<font>MediumTitleCapsFont</font>
						<textcolor>Unfocused</textcolor>
						<label>$INFO[ListItem.Episode,$LOCALIZE[20359] ]</label>
					</control>
					<control type="textbox">
						<description>Plot/Details</description>
						<posy>68</posy>
						<width>PanelStreamEpisodeDetailTextWidth</width>
						<height>300</height>
						<info>ListItem.Plot</info>
					</control>
					<control type="group">
						<posy>380</posy>
						<include>StarRatingDetails</include>
					</control>
				</control>
				<control type="group">
					<visible>Container.Content(artists)</visible>
					<control type="label">
						<description>Artist Name</description>
						<width>PanelStreamDetailTextWidth</width>
						<font>TitleCapsFont</font>
						<scroll>true</scroll>
						<info>ListItem.Artist</info>
					</control>
					<control type="label">
						<description>Genre</description>
						<posy>30</posy>
						<width>PanelStreamDetailTextWidth</width>
						<font>MediumTitleCapsFont</font>
						<textcolor>Unfocused</textcolor>
						<info>ListItem.Genre</info>
					</control>
					<control type="textbox">
						<description>Review</description>
						<posy>68</posy>
						<width>PanelStreamDetailTextWidth</width>
						<height>390</height>
						<info>ListItem.Property(description)</info>
					</control>
				</control>
				<control type="group">
					<visible>Container.Content(albums)</visible>
					<control type="label">
						<description>Album Title</description>
						<width>PanelStreamDetailTextWidth</width>
						<label>$INFO[ListItem.Album]</label>
						<font>TitleCapsFont</font>
						<scroll>true</scroll>
					</control>
					<control type="label">
						<description>Artist</description>
						<posy>30</posy>
						<width>PanelStreamDetailTextWidth</width>
						<font>MediumTitleCapsFont</font>
						<textcolor>Unfocused</textcolor>
						<label>$INFO[ListItem.Artist]</label>
					</control>
					<control type="label">
						<description>Year</description>
						<posy>56</posy>
						<width>PanelStreamDetailTextWidth</width>
						<font>MediumSmallTitleCapsFont</font>
						<textcolor>Unfocused</textcolor>
						<label>$INFO[ListItem.Year]</label>
					</control>
					<control type="textbox">
						<description>Review</description>
						<posy>90</posy>
						<width>PanelStreamDetailTextWidth</width>
						<height>370</height>
						<info>ListItem.Property(description)</info>
					</control>
				</control>
				<control type="group">
					<visible>Container.Content(songs)</visible>
					<control type="label">
						<description>Song Title</description>
						<width>PanelStreamDetailTextWidth</width>
						<label>$INFO[ListItem.Title]</label>
						<font>TitleCapsFont</font>
						<scroll>true</scroll>
					</control>
					<control type="label">
						<description>Artist</description>
						<posy>30</posy>
						<width>PanelStreamDetailTextWidth</width>
						<font>MediumTitleCapsFont</font>
						<textcolor>Unfocused</textcolor>
						<label>$INFO[ListItem.Artist]</label>
					</control>
					<control type="label">
						<description>Album</description>
						<posy>56</posy>
						<width>PanelStreamDetailTextWidth</width>
						<font>MediumSmallTitleCapsFont</font>
						<textcolor>Unfocused</textcolor>
						<label>$INFO[ListItem.Album]</label>
					</control>
					<control type="image">
						<width>76</width>
						<height>20</height>
						<info>ListItem.Rating</info>
						<include>MediaInfoWideValue</include>
					</control>
					<control type="textbox">
						<description>Review</description>
						<posy>110</posy>
						<width>PanelStreamDetailTextWidth</width>
						<height>358</height>
						<info>ListItem.Comment</info>
					</control>
				</control>
			</control>
			<control type="image" id="12345">
				<!--Dummy For Visible Conditions In Wallstream-->
				<texture>dummy</texture>
				<visible>Control.IsVisible(52) + Skin.HasSetting(WallStream)</visible>
			</control>
		</control>
		<control type="image">
			<visible>Control.HasFocus(52) + [!Container(52).OnNext + !Container(52).OnPrevious] + [!Skin.HasSetting(HideShowcaseInfo) + !Skin.HasSetting(FunkyInfo)] + Skin.HasSetting(Wallstream)</visible>
			<animation type="Visible" reversible="false">
				<effect type="fade" start="0" end="50" delay="1800" time="400"/>
			</animation>
			<animation type="WindowOpen" reversible="false">
				<effect type="fade" start="100" end="0" time="0"/>
			</animation>
			<posx>0</posx>
			<posy>0</posy>
			<description>Fading Black</description>
			<width>1280</width>
			<height>720</height>
			<texture>black.png</texture>
			<aspectratio>stretch</aspectratio>
		</control>
		<control type="group">
			<visible>Control.HasFocus(52) + [!Container(52).OnNext + !Container(52).OnPrevious] + [!Skin.HasSetting(HideShowcaseInfo) + !Skin.HasSetting(FunkyInfo)] + Skin.HasSetting(Wallstream)</visible>
			<animation type="Visible" reversible="true">
				<effect type="fade" start="0" end="90" delay="2000" time="400"/>
			</animation>
			<control type="group">
				<include>InfoDialogPos</include>
				<control type="group">
					<posx>200</posx>
					<control type="image">
						<posx>-90</posx>
						<posy>-2</posy>
						<description>Background</description>
						<width>830</width>
						<height>400</height>
						<texture>showcasepanel2.png</texture>
						<aspectratio>stretch</aspectratio>
						<bordersize>8</bordersize>
					</control>
					<control type="group">
						<posx>InfoDialogLargeThumbPosX</posx>
						<posy>104</posy>
						<control type="image">
							<description>line</description>
							<posx>112</posx>
							<posy>-31</posy>
							<width>515</width>
							<height>1</height>
							<texture>line2.png</texture>
							<aspectratio>stretch</aspectratio>
						</control>
						<control type="image">
							<description>Poster</description>
							<posx>-70</posx>
							<posy>-58</posy>
							<width>192</width>
							<height>280</height>
							<texture>amt-blank-poster.png</texture>
							<info>ListItem.Thumb</info>
							<aspectratio>stretch</aspectratio>
							<bordertexture border="14">ThumbShadow.png</bordertexture>
							<bordersize>8</bordersize>
						</control>
						<control type="label">
							<posy>60</posy>
							<width>InfoDialogLargeThumbWidth</width>
							<font>TitleCapsFont</font>
							<include>NoThumbLabel</include>
						</control>
						<control type="image">
							<description>Poster reflection</description>
							<posx>-62</posx>
							<posy>217</posy>
							<width>175</width>
							<height>200</height>
							<texture flipy="true" diffuse="DiffuseMirror3.png">amt-blank-poster.png</texture>
							<info>ListItem.Thumb</info>
							<aspectratio>stretch</aspectratio>
						</control>
					</control>
					<control type="group">
						<posx>InfoDialogTitleXOffset</posx>
						<control type="label">
							<description>Movie title</description>
							<label>$INFO[ListItem.Title]</label>
							<posx>-345</posx>
							<posy>50</posy>
							<width>500</width>
							<font>MediumTitleCapsFont</font>
							<textcolor>Focused</textcolor>
						</control>
						<control type="label">
							<description>Tagline</description>
							<label>$INFO[ListItem.Tagline]</label>
							<posx>-345</posx>
							<posy>72</posy>
							<width>500</width>
							<font>SmallTitleCapsFont</font>
							<textcolor>Focused</textcolor>
						</control>
						<control type="label">
							<posx>-345</posx>
							<posy>87</posy>
							<width>500</width>
							<textcolor>Focused</textcolor>
							<scrollout>false</scrollout>
							<pauseatend>4000</pauseatend>
							<font>SmallDefaultFont</font>
							<visible>Container.Content(movies) </visible>
							<label>[UPPERCASE]$INFO[ListItem.Genre][/UPPERCASE]</label>
							<align>left</align>
							<shadowcolor>HomeShadow</shadowcolor>
						</control>
						<control type="grouplist">
							<posx>-345</posx>
							<posy>108</posy>
							<height>210</height>
							<width>500</width>
							<itemgap>17</itemgap>
							<control type="label">
								<width>500</width>
								<visible>!IsEmpty(ListItem.Year)</visible>
								<textcolor>Highlighted</textcolor>
								<font>SmallTitleFont</font>
								<label>PRODUCED</label>
								<visible>Container.Content(movies)</visible>
								<align>left</align>
								<shadowcolor>HomeShadow</shadowcolor>
							</control>
							<control type="label">
								<width>500</width>
								<visible>!IsEmpty(ListItem.Year)</visible>
								<textcolor>Focused</textcolor>
								<scrollout>false</scrollout>
								<pauseatend>4000</pauseatend>
								<font>SmallDefaultFont</font>
								<visible>Container.Content(movies) </visible>
								<label>[UPPERCASE]$INFO[ListItem.Year] [/UPPERCASE]</label>
								<align>left</align>
								<shadowcolor>HomeShadow</shadowcolor>
							</control>
							<control type="label">
								<width>500</width>
								<visible>!IsEmpty(ListItem.Duration)</visible>
								<textcolor>Highlighted</textcolor>
								<font>SmallTitleFont</font>
								<label>RUNTIME</label>
								<visible>Container.Content(movies)</visible>
								<align>left</align>
								<shadowcolor>HomeShadow</shadowcolor>
							</control>
							<control type="label">
								<width>500</width>
								<visible>!IsEmpty(ListItem.Duration)</visible>
								<textcolor>Focused</textcolor>
								<scrollout>false</scrollout>
								<pauseatend>4000</pauseatend>
								<font>SmallDefaultFont</font>
								<visible>Container.Content(movies) </visible>
								<label>[UPPERCASE]$INFO[ListItem.Duration] [/UPPERCASE]</label>
								<align>left</align>
								<shadowcolor>HomeShadow</shadowcolor>
							</control>
							<control type="fadelabel">
								<width>500</width>
								<textcolor>Highlighted</textcolor>
								<scrollout>false</scrollout>
								<pauseatend>4000</pauseatend>
								<font>SmallTitleFont</font>
								<label>WRITER/DIRECTOR</label>
								<align>left</align>
								<shadowcolor>HomeShadow</shadowcolor>
							</control>
							<control type="fadelabel">
								<width>500</width>
								<textcolor>Focused</textcolor>
								<scrollout>false</scrollout>
								<pauseatend>4000</pauseatend>
								<font>SmallDefaultFont</font>
								<visible>Container.Content(movies) </visible>
								<label>[UPPERCASE]Writer: $INFO[ListItem.Writer][/UPPERCASE]</label>
								<label>[UPPERCASE]Director: $INFO[ListItem.Director][/UPPERCASE]</label>
								<align>left</align>
								<shadowcolor>HomeShadow</shadowcolor>
							</control>
							<control type="label">
								<visible>!IsEmpty(ListItem.ratingandvotes)</visible>
								<width>500</width>
								<textcolor>Highlighted</textcolor>
								<scrollout>false</scrollout>
								<pauseatend>4000</pauseatend>
								<font>SmallTitleFont</font>
								<visible>Container.Content(movies) </visible>
								<label>RATING</label>
								<align>left</align>
								<shadowcolor>HomeShadow</shadowcolor>
							</control>
							<control type="label">
								<visible>!IsEmpty(ListItem.ratingandvotes)</visible>
								<width>500</width>
								<textcolor>Focused</textcolor>
								<scrollout>false</scrollout>
								<pauseatend>4000</pauseatend>
								<font>SmallDefaultFont</font>
								<visible>Container.Content(movies) </visible>
								<label>[UPPERCASE]$INFO[ListItem.ratingandvotes][/UPPERCASE]</label>
								<align>left</align>
								<shadowcolor>HomeShadow</shadowcolor>
							</control>
							<control type="label">
								<width>500</width>
								<textcolor>Highlighted</textcolor>
								<scrollout>false</scrollout>
								<pauseatend>4000</pauseatend>
								<font>SmallTitleFont</font>
								<visible>Container.Content(movies) </visible>
								<label>PLOT</label>
								<align>left</align>
								<shadowcolor>HomeShadow</shadowcolor>
							</control>
							<control type="textbox">
								<width>500</width>
								<description>Plot</description>
								<info>ListItem.Plot</info>
								<font>SmallDefaultFont</font>
								<height>100</height>
								<textcolor>Focused</textcolor>
							</control>
						</control>
					</control>
					<control type="image">
						<posx>-90</posx>
						<posy>-2</posy>
						<description>Background</description>
						<width>830</width>
						<height>400</height>
						<texture>showcasepanelglass2.png</texture>
						<aspectratio>stretch</aspectratio>
						<bordersize>8</bordersize>
					</control>
				</control>
			</control>
		</control>
		<control type="group">
			<visible>Control.HasFocus(52) + [!Container(52).OnNext + !Container(52).OnPrevious] + !Skin.HasSetting(HideShowcaseInfo) + Skin.HasSetting(WallStream) + Skin.HasSetting(SmallWallstream)</visible>
			<animation type="Visible" reversible="true">
				<effect type="fade" start="0" end="90" delay="2000" time="400"/>
			</animation>
			<control type="group">
				<include>InfoDialogPos</include>
				<control type="group">
					<posx>200</posx>
					<control type="image">
						<posx>-90</posx>
						<posy>-2</posy>
						<description>Background</description>
						<width>830</width>
						<height>400</height>
						<texture>showcasepanel2.png</texture>
						<aspectratio>stretch</aspectratio>
						<bordersize>8</bordersize>
					</control>
					<control type="group">
						<posx>InfoDialogLargeThumbPosX</posx>
						<posy>104</posy>
						<control type="image">
							<description>line</description>
							<posx>112</posx>
							<posy>-31</posy>
							<width>515</width>
							<height>1</height>
							<texture>line2.png</texture>
							<aspectratio>stretch</aspectratio>
						</control>
						<control type="image">
							<description>Poster</description>
							<posx>-70</posx>
							<posy>-58</posy>
							<width>192</width>
							<height>280</height>
							<texture>amt-blank-poster.png</texture>
							<info>ListItem.Thumb</info>
							<aspectratio>stretch</aspectratio>
							<bordertexture border="14">ThumbShadow.png</bordertexture>
							<bordersize>8</bordersize>
						</control>
						<control type="label">
							<posy>60</posy>
							<width>InfoDialogLargeThumbWidth</width>
							<font>TitleCapsFont</font>
							<include>NoThumbLabel</include>
						</control>
						<control type="image">
							<description>Poster reflection</description>
							<posx>-62</posx>
							<posy>217</posy>
							<width>175</width>
							<height>200</height>
							<texture flipy="true" diffuse="DiffuseMirror3.png">amt-blank-poster.png</texture>
							<info>ListItem.Thumb</info>
							<aspectratio>stretch</aspectratio>
						</control>
					</control>
					<control type="group">
						<posx>InfoDialogTitleXOffset</posx>
						<control type="label">
							<description>Movie title</description>
							<label>$INFO[ListItem.Title]</label>
							<posx>-345</posx>
							<posy>50</posy>
							<width>500</width>
							<font>MediumTitleCapsFont</font>
							<textcolor>Focused</textcolor>
						</control>
						<control type="label">
							<description>Tagline</description>
							<label>$INFO[ListItem.Tagline]</label>
							<posx>-345</posx>
							<posy>72</posy>
							<width>500</width>
							<font>SmallTitleCapsFont</font>
							<textcolor>Focused</textcolor>
						</control>
						<control type="label">
							<posx>-345</posx>
							<posy>87</posy>
							<width>500</width>
							<textcolor>Focused</textcolor>
							<scrollout>false</scrollout>
							<pauseatend>4000</pauseatend>
							<font>SmallDefaultFont</font>
							<visible>Container.Content(movies) </visible>
							<label>[UPPERCASE]$INFO[ListItem.Genre][/UPPERCASE]</label>
							<align>left</align>
							<shadowcolor>HomeShadow</shadowcolor>
						</control>
						<control type="grouplist">
							<posx>-345</posx>
							<posy>108</posy>
							<height>210</height>
							<width>500</width>
							<itemgap>17</itemgap>
							<control type="label">
								<width>500</width>
								<visible>!IsEmpty(ListItem.Year)</visible>
								<textcolor>Highlighted</textcolor>
								<font>SmallTitleFont</font>
								<label>PRODUCED</label>
								<visible>Container.Content(movies)</visible>
								<align>left</align>
								<shadowcolor>HomeShadow</shadowcolor>
							</control>
							<control type="label">
								<width>500</width>
								<visible>!IsEmpty(ListItem.Year)</visible>
								<textcolor>Focused</textcolor>
								<scrollout>false</scrollout>
								<pauseatend>4000</pauseatend>
								<font>SmallDefaultFont</font>
								<visible>Container.Content(movies) </visible>
								<label>[UPPERCASE]$INFO[ListItem.Year] [/UPPERCASE]</label>
								<align>left</align>
								<shadowcolor>HomeShadow</shadowcolor>
							</control>
							<control type="label">
								<width>500</width>
								<visible>!IsEmpty(ListItem.Duration)</visible>
								<textcolor>Highlighted</textcolor>
								<font>SmallTitleFont</font>
								<label>RUNTIME</label>
								<visible>Container.Content(movies)</visible>
								<align>left</align>
								<shadowcolor>HomeShadow</shadowcolor>
							</control>
							<control type="label">
								<width>500</width>
								<visible>!IsEmpty(ListItem.Duration)</visible>
								<textcolor>Focused</textcolor>
								<scrollout>false</scrollout>
								<pauseatend>4000</pauseatend>
								<font>SmallDefaultFont</font>
								<visible>Container.Content(movies) </visible>
								<label>[UPPERCASE]$INFO[ListItem.Duration] [/UPPERCASE]</label>
								<align>left</align>
								<shadowcolor>HomeShadow</shadowcolor>
							</control>
							<control type="fadelabel">
								<width>500</width>
								<textcolor>Highlighted</textcolor>
								<scrollout>false</scrollout>
								<pauseatend>4000</pauseatend>
								<font>SmallTitleFont</font>
								<label>WRITER/DIRECTOR</label>
								<align>left</align>
								<shadowcolor>HomeShadow</shadowcolor>
							</control>
							<control type="fadelabel">
								<width>500</width>
								<textcolor>Focused</textcolor>
								<scrollout>false</scrollout>
								<pauseatend>4000</pauseatend>
								<font>SmallDefaultFont</font>
								<visible>Container.Content(movies) </visible>
								<label>[UPPERCASE]Writer: $INFO[ListItem.Writer][/UPPERCASE]</label>
								<label>[UPPERCASE]Director: $INFO[ListItem.Director][/UPPERCASE]</label>
								<align>left</align>
								<shadowcolor>HomeShadow</shadowcolor>
							</control>
							<control type="label">
								<visible>!IsEmpty(ListItem.ratingandvotes)</visible>
								<width>500</width>
								<textcolor>Highlighted</textcolor>
								<scrollout>false</scrollout>
								<pauseatend>4000</pauseatend>
								<font>SmallTitleFont</font>
								<visible>Container.Content(movies) </visible>
								<label>RATING</label>
								<align>left</align>
								<shadowcolor>HomeShadow</shadowcolor>
							</control>
							<control type="label">
								<visible>!IsEmpty(ListItem.ratingandvotes)</visible>
								<width>500</width>
								<textcolor>Focused</textcolor>
								<scrollout>false</scrollout>
								<pauseatend>4000</pauseatend>
								<font>SmallDefaultFont</font>
								<visible>Container.Content(movies) </visible>
								<label>[UPPERCASE]$INFO[ListItem.ratingandvotes][/UPPERCASE]</label>
								<align>left</align>
								<shadowcolor>HomeShadow</shadowcolor>
							</control>
							<control type="label">
								<width>500</width>
								<textcolor>Highlighted</textcolor>
								<scrollout>false</scrollout>
								<pauseatend>4000</pauseatend>
								<font>SmallTitleFont</font>
								<visible>Container.Content(movies) </visible>
								<label>PLOT</label>
								<align>left</align>
								<shadowcolor>HomeShadow</shadowcolor>
							</control>
							<control type="textbox">
								<width>500</width>
								<description>Plot</description>
								<info>ListItem.Plot</info>
								<font>SmallDefaultFont</font>
								<height>100</height>
								<textcolor>Focused</textcolor>
							</control>
						</control>
					</control>
					<control type="image">
						<posx>-90</posx>
						<posy>-2</posy>
						<description>Background</description>
						<width>830</width>
						<height>400</height>
						<texture>showcasepanelglass2.png</texture>
						<aspectratio>stretch</aspectratio>
						<bordersize>8</bordersize>
					</control>
				</control>
			</control>
		</control>
		<control type="group">
			<visible>Control.HasFocus(3502) + Control.IsVisible(12345)</visible>
			<animation effect="fade" start="80" pulse="true" time="400" condition="Control.HasFocus(3502)">Conditional</animation>
			<control type="group">
				<include>InfoDialogPos</include>
				<control type="group">
					<posx>80</posx>
					<control type="image">
						<posx>-90</posx>
						<posy>-2</posy>
						<description>Background</description>
						<width>830</width>
						<height>400</height>
						<texture>showcasepanel2.png</texture>
						<aspectratio>stretch</aspectratio>
						<bordersize>8</bordersize>
					</control>
					<control type="group">
						<posx>InfoDialogLargeThumbPosX</posx>
						<posy>104</posy>
						<control type="image">
							<description>line</description>
							<posx>112</posx>
							<posy>-31</posy>
							<width>515</width>
							<height>1</height>
							<texture>line2.png</texture>
							<aspectratio>stretch</aspectratio>
						</control>
						<control type="image">
							<description>Poster</description>
							<posx>-70</posx>
							<posy>-58</posy>
							<width>192</width>
							<height>280</height>
							<texture>amt-blank-poster.png</texture>
							<info>ListItem.Thumb</info>
							<aspectratio>stretch</aspectratio>
							<bordertexture border="14">ThumbShadow.png</bordertexture>
							<bordersize>8</bordersize>
						</control>
						<control type="label">
							<posy>60</posy>
							<width>InfoDialogLargeThumbWidth</width>
							<font>TitleCapsFont</font>
							<include>NoThumbLabel</include>
						</control>
						<control type="image">
							<description>Poster reflection</description>
							<posx>-62</posx>
							<posy>217</posy>
							<width>175</width>
							<height>200</height>
							<texture flipy="true" diffuse="DiffuseMirror3.png">amt-blank-poster.png</texture>
							<info>ListItem.Thumb</info>
							<aspectratio>stretch</aspectratio>
						</control>
					</control>
					<control type="group">
						<posx>InfoDialogTitleXOffset</posx>
						<control type="label">
							<description>Movie title</description>
							<label>$INFO[ListItem.Title]</label>
							<posx>-345</posx>
							<posy>50</posy>
							<width>500</width>
							<font>MediumTitleCapsFont</font>
							<textcolor>Focused</textcolor>
						</control>
						<control type="label">
							<description>Tagline</description>
							<label>$INFO[ListItem.Tagline]</label>
							<posx>-345</posx>
							<posy>72</posy>
							<width>500</width>
							<font>SmallTitleCapsFont</font>
							<textcolor>Focused</textcolor>
						</control>
						<control type="label">
							<posx>-345</posx>
							<posy>87</posy>
							<width>500</width>
							<textcolor>Focused</textcolor>
							<scrollout>false</scrollout>
							<pauseatend>4000</pauseatend>
							<font>SmallDefaultFont</font>
							<visible>Container.Content(movies) </visible>
							<label>[UPPERCASE]$INFO[ListItem.Genre][/UPPERCASE]</label>
							<align>left</align>
							<shadowcolor>HomeShadow</shadowcolor>
						</control>
						<control type="grouplist">
							<posx>-345</posx>
							<posy>108</posy>
							<height>210</height>
							<width>500</width>
							<itemgap>17</itemgap>
							<control type="label">
								<width>500</width>
								<visible>!IsEmpty(ListItem.Year)</visible>
								<textcolor>Highlighted</textcolor>
								<font>SmallTitleFont</font>
								<label>PRODUCED</label>
								<visible>Container.Content(movies)</visible>
								<align>left</align>
								<shadowcolor>HomeShadow</shadowcolor>
							</control>
							<control type="label">
								<width>500</width>
								<visible>!IsEmpty(ListItem.Year)</visible>
								<textcolor>Focused</textcolor>
								<scrollout>false</scrollout>
								<pauseatend>4000</pauseatend>
								<font>SmallDefaultFont</font>
								<visible>Container.Content(movies) </visible>
								<label>[UPPERCASE]$INFO[ListItem.Year] [/UPPERCASE]</label>
								<align>left</align>
								<shadowcolor>HomeShadow</shadowcolor>
							</control>
							<control type="label">
								<width>500</width>
								<visible>!IsEmpty(ListItem.Duration)</visible>
								<textcolor>Highlighted</textcolor>
								<font>SmallTitleFont</font>
								<label>RUNTIME</label>
								<visible>Container.Content(movies)</visible>
								<align>left</align>
								<shadowcolor>HomeShadow</shadowcolor>
							</control>
							<control type="label">
								<width>500</width>
								<visible>!IsEmpty(ListItem.Duration)</visible>
								<textcolor>Focused</textcolor>
								<scrollout>false</scrollout>
								<pauseatend>4000</pauseatend>
								<font>SmallDefaultFont</font>
								<visible>Container.Content(movies) </visible>
								<label>[UPPERCASE]$INFO[ListItem.Duration] [/UPPERCASE]</label>
								<align>left</align>
								<shadowcolor>HomeShadow</shadowcolor>
							</control>
							<control type="fadelabel">
								<width>500</width>
								<textcolor>Highlighted</textcolor>
								<scrollout>false</scrollout>
								<pauseatend>4000</pauseatend>
								<font>SmallTitleFont</font>
								<label>WRITER/DIRECTOR</label>
								<align>left</align>
								<shadowcolor>HomeShadow</shadowcolor>
							</control>
							<control type="fadelabel">
								<width>500</width>
								<textcolor>Focused</textcolor>
								<scrollout>false</scrollout>
								<pauseatend>4000</pauseatend>
								<font>SmallDefaultFont</font>
								<visible>Container.Content(movies) </visible>
								<label>[UPPERCASE]Writer: $INFO[ListItem.Writer][/UPPERCASE]</label>
								<label>[UPPERCASE]Director: $INFO[ListItem.Director][/UPPERCASE]</label>
								<align>left</align>
								<shadowcolor>HomeShadow</shadowcolor>
							</control>
							<control type="label">
								<visible>!IsEmpty(ListItem.ratingandvotes)</visible>
								<width>500</width>
								<textcolor>Highlighted</textcolor>
								<scrollout>false</scrollout>
								<pauseatend>4000</pauseatend>
								<font>SmallTitleFont</font>
								<visible>Container.Content(movies) </visible>
								<label>RATING</label>
								<align>left</align>
								<shadowcolor>HomeShadow</shadowcolor>
							</control>
							<control type="label">
								<visible>!IsEmpty(ListItem.ratingandvotes)</visible>
								<width>500</width>
								<textcolor>Focused</textcolor>
								<scrollout>false</scrollout>
								<pauseatend>4000</pauseatend>
								<font>SmallDefaultFont</font>
								<visible>Container.Content(movies) </visible>
								<label>[UPPERCASE]$INFO[ListItem.ratingandvotes][/UPPERCASE]</label>
								<align>left</align>
								<shadowcolor>HomeShadow</shadowcolor>
							</control>
							<control type="label">
								<width>500</width>
								<textcolor>Highlighted</textcolor>
								<scrollout>false</scrollout>
								<pauseatend>4000</pauseatend>
								<font>SmallTitleFont</font>
								<visible>Container.Content(movies) </visible>
								<label>PLOT</label>
								<align>left</align>
								<shadowcolor>HomeShadow</shadowcolor>
							</control>
							<control type="textbox">
								<width>500</width>
								<description>Plot</description>
								<info>ListItem.Plot</info>
								<font>SmallDefaultFont</font>
								<height>100</height>
								<textcolor>Focused</textcolor>
							</control>
						</control>
					</control>
					<control type="image">
						<posx>-90</posx>
						<posy>-2</posy>
						<description>Background</description>
						<width>830</width>
						<height>400</height>
						<texture>showcasepanelglass2.png</texture>
						<aspectratio>stretch</aspectratio>
						<bordersize>8</bordersize>
					</control>
				</control>
			</control>
		</control>
		<control type="group">
			<posx>542</posx>
			<posy>120</posy>
			<animation effect="zoom" end="85" time="0" condition="Control.HasFocus(3507)">Conditional</animation>
			<animation effect="fade" start="70" pulse="true" time="400" condition="Control.HasFocus(3507)">Conditional</animation>
			<visible>Control.HasFocus(3507) </visible>
			<control type="image">
				<posx>-5</posx>
				<posy>0</posy>
				<width>192</width>
				<height>275</height>
				<colordiffuse>cc222222</colordiffuse>
				<animation type="Visible" reversible="false">
					<effect type="zoom" start="100,100" end="120,120" center="130,180" time="0"/>
					<effect type="fade" start="0" end="100" delay="3000" time="100"/>
				</animation>
				<texture>black.png</texture>
			</control>
			<control type="group">
				<description>Movie Info</description>
				<posx>0</posx>
				<posy>-1</posy>
				<width>180</width>
				<height>280</height>
				<control type="label">
					<posy>0</posy>
					<visible>!IsEmpty(ListItem.Genre)</visible>
					<width>180</width>
					<textcolor>Highlighted</textcolor>
					<font>LargeTitleFont</font>
					<label>GENRE</label>
					<scrollspeed>40</scrollspeed>
					<align>left</align>
					<animation type="focus" reversible="false">
						<effect type="slide" start="0,0" end="-10,-20" center="130,10" time="0"/>
						<effect type="fade" start="0" end="50" delay="3000" time="0"/>
					</animation>
					<scroll>true</scroll>
					<shadowcolor>HomeShadow</shadowcolor>
				</control>
				<control type="label">
					<posy>25</posy>
					<visible>!IsEmpty(ListItem.Genre)</visible>
					<width>180</width>
					<textcolor>Focused</textcolor>
					<scrollout>false</scrollout>
					<pauseatend>10000</pauseatend>
					<font>LargeTitleFont</font>
					<label>[UPPERCASE]$INFO[ListItem.Genre][/UPPERCASE]</label>
					<scrollspeed>50</scrollspeed>
					<align>left</align>
					<animation type="focus" reversible="false">
						<effect type="slide" start="0,0" end="-10,-20" center="130,10" time="0"/>
						<effect type="fade" start="0" end="65" delay="3000" time="0"/>
					</animation>
					<shadowcolor>HomeShadow</shadowcolor>
					<scroll>true</scroll>
				</control>
				<control type="label">
					<posy>58</posy>
					<visible>!IsEmpty(ListItem.Duration)</visible>
					<width>180</width>
					<textcolor>Highlighted</textcolor>
					<font>LargeTitleFont</font>
					<label>RUNTIME</label>
					<scrollspeed>45</scrollspeed>
					<align>left</align>
					<animation type="focus" reversible="false">
						<effect type="slide" start="0,0" end="-10,-20" center="130,10" time="0"/>
						<effect type="fade" start="0" end="40" delay="3000" time="0"/>
					</animation>
					<shadowcolor>HomeShadow</shadowcolor>
					<scroll>true</scroll>
				</control>
				<control type="label">
					<posy>80</posy>
					<visible>!IsEmpty(ListItem.Duration)</visible>
					<width>180</width>
					<textcolor>Unfocused</textcolor>
					<scrollout>false</scrollout>
					<pauseatend>4000</pauseatend>
					<font>XLargeTitleFont</font>
					<label>[UPPERCASE]$INFO[ListItem.Duration] [/UPPERCASE]</label>
					<scrollspeed>45</scrollspeed>
					<align>left</align>
					<animation type="focus" reversible="false">
						<effect type="slide" start="0,0" end="-10,-20" center="130,10" time="0"/>
						<effect type="fade" start="0" end="70" delay="3000" time="0"/>
					</animation>
					<shadowcolor>HomeShadow</shadowcolor>
					<scroll>true</scroll>
				</control>
				<control type="label">
					<posy>120</posy>
					<visible/>
					<width>180</width>
					<textcolor>Highlighted</textcolor>
					<font>MediumTitleFont</font>
					<label>PRODUCED</label>
					<visible>Container.Content(movies)</visible>
					<scrollspeed>42</scrollspeed>
					<align>left</align>
					<animation type="focus" reversible="false">
						<effect type="slide" start="0,0" end="-10,-20" center="130,10" time="0"/>
						<effect type="fade" start="0" end="50" delay="3000" time="0"/>
					</animation>
					<shadowcolor>HomeShadow</shadowcolor>
					<scroll>true</scroll>
				</control>
				<control type="label">
					<posy>130</posy>
					<visible>!IsEmpty(ListItem.Year)</visible>
					<width>180</width>
					<textcolor>Focused</textcolor>
					<scrollout>false</scrollout>
					<pauseatend>4000</pauseatend>
					<font>XXXLargeTitleCapsFont</font>
					<visible>Container.Content(movies) </visible>
					<label>[UPPERCASE]$INFO[ListItem.Year] [/UPPERCASE]</label>
					<scrollspeed>15</scrollspeed>
					<align>left</align>
					<animation type="focus" reversible="false">
						<effect type="slide" start="0,0" end="-10,-20" center="130,10" time="0"/>
						<effect type="fade" start="0" end="56" delay="3000" time="0"/>
					</animation>
					<shadowcolor>HomeShadow</shadowcolor>
					<scroll>true</scroll>
				</control>
				<control type="label">
					<posy>135</posy>
					<visible>IsEmpty(ListItem.Year)</visible>
					<width>180</width>
					<textcolor>Unfocused</textcolor>
					<scrollout>false</scrollout>
					<pauseatend>4000</pauseatend>
					<font>XXLargeTitleFont</font>
					<visible>Container.Content(movies) </visible>
					<label>UNKNOWN</label>
					<scrollspeed>15</scrollspeed>
					<align>left</align>
					<animation type="focus" reversible="false">
						<effect type="slide" start="0,0" end="-10,-20" center="130,10" time="0"/>
						<effect type="fade" start="0" end="45" delay="3000" time="0"/>
					</animation>
					<shadowcolor>HomeShadow</shadowcolor>
					<scroll>true</scroll>
				</control>
				<control type="label">
					<posy>165</posy>
					<width>180</width>
					<textcolor>Selected</textcolor>
					<scrollout>false</scrollout>
					<pauseatend>4000</pauseatend>
					<font>XXXLargeTitleCapsFont</font>
					<visible>Container.Content(movies) </visible>
					<label>[UPPERCASE]$INFO[ListItem.Title] [/UPPERCASE]</label>
					<scrollspeed>35</scrollspeed>
					<align>left</align>
					<animation type="focus" reversible="false">
						<effect type="slide" start="0,0" end="-10,-20" center="130,10" time="0"/>
						<effect type="fade" start="0" end="40" delay="3000" time="0"/>
					</animation>
					<shadowcolor>HomeShadow</shadowcolor>
					<scroll>true</scroll>
				</control>
				<control type="label">
					<posy>205</posy>
					<visible>!IsEmpty(ListItem.Director)</visible>
					<width>180</width>
					<textcolor>Highlighted</textcolor>
					<scrollout>false</scrollout>
					<pauseatend>4000</pauseatend>
					<font>LargeTitleFont</font>
					<visible>Container.Content(movies) </visible>
					<label>DIRECTOR</label>
					<scrollspeed>31</scrollspeed>
					<align>left</align>
					<animation type="focus" reversible="false">
						<effect type="slide" start="0,0" end="-10,-20" center="130,10" time="0"/>
						<effect type="fade" start="0" end="40" delay="3000" time="0"/>
					</animation>
					<shadowcolor>HomeShadow</shadowcolor>
					<scroll>true</scroll>
				</control>
				<control type="label">
					<posy>230</posy>
					<visible>!IsEmpty(ListItem.Director)</visible>
					<width>180</width>
					<textcolor>Unfocused</textcolor>
					<scrollout>false</scrollout>
					<pauseatend>10000</pauseatend>
					<font>LargeTitleFont</font>
					<visible>Container.Content(movies) </visible>
					<label>[UPPERCASE]$INFO[ListItem.Director][/UPPERCASE]</label>
					<scrollspeed>70</scrollspeed>
					<align>left</align>
					<animation type="focus" reversible="false">
						<effect type="slide" start="0,0" end="-10,-20" center="130,10" time="0"/>
						<effect type="fade" start="0" end="63" delay="3000" time="0"/>
					</animation>
					<shadowcolor>HomeShadow</shadowcolor>
					<scroll>true</scroll>
				</control>
			</control>
			<control type="image">
				<description>Watched/Unwatched Overlay</description>
				<posx>155</posx>
				<posy>3</posy>
				<width>25</width>
				<height>25</height>
				<info>ListItem.Overlay</info>
				<animation type="Visible" reversible="false">
					<effect type="slide" start="0,0" end="0,-20" center="130,10" time="0"/>
					<effect type="fade" start="0" end="50" delay="3000" time="100"/>
				</animation>
			</control>
			<control type="image">
				<posx>-5</posx>
				<posy>-2</posy>
				<width>192</width>
				<height>275</height>
				<animation type="Visible" reversible="false">
					<effect type="zoom" start="100,100" end="120,120" center="130,180" time="0"/>
					<effect type="fade" start="0" end="100" delay="3000" time="100"/>
				</animation>
				<texture>posteroverlay.png</texture>
			</control>
			<control type="label">
				<include>WallStreamNoThumbFocusAnim</include>
				<include>WallStreamNoThumb</include>
			</control>
		</control>
		<control type="image" id="512233">
			<visible>Control.IsVisible(52) + Skin.HasSetting(WallStream)</visible>
			<texture>dummy</texture>
		</control>
		<control type="image" id="612233">
			<visible>Control.IsVisible(52) + Window.IsMedia + !Skin.HasSetting(WallStream)</visible>
			<texture>dummy</texture>
		</control>
	</include>
	<include name="WallStream">
		<control type="group">
			<include>WallStreamVisible</include>
			<include>MediaViewFade</include>
			<control type="panel" id="53">
				<viewtype label="Wall Stream">panel</viewtype>
				<posx>0</posx>
				<posy>0</posy>
				<width>1280</width>
				<height>720</height>
				<onup>53</onup>
				<ondown>53</ondown>
				<onleft>Skin.ToggleSetting(HideNowPlayingMusicInfo)</onleft>
				<onright>9009</onright>
				<orientation>vertical</orientation>
				<itemlayout width="WallStreamPosterWidth" height="WallStreamPosterHeight">
					<control type="image">
						<description>Poster</description>
						<colordiffuse>cc999999</colordiffuse>
						<include>WallStreamPoster</include>
					</control>
				</itemlayout>
				<focusedlayout width="WallStreamPosterWidth" height="WallStreamPosterHeight">
					<control type="group">
						<posx>-524</posx>
						<visible>[Container(53).Column(4) | Container(53).Column(5) | Container(53).Column(6) | Container(53).Column(7)]</visible>
						<control type="image">
							<posy>-54</posy>
							<width>524</width>
							<height>330</height>
							<texture>BlackTransparent.png</texture>
							<bordertexture border="14">ThumbShadow2.png</bordertexture>
							<bordersize>8</bordersize>
							<colordiffuse>99999999</colordiffuse>
							<animation type="Focus">
								<effect type="fade" start="0" end="100" time="300" delay="2000"/>
							</animation>
							<animation type="Unfocus">
								<effect type="fade" start="100" end="0" time="200"/>
							</animation>
						</control>
					</control>
					<control type="image">
						<description>Poster</description>
						<posx>-8</posx>
						<posy>-8</posy>
						<width>176</width>
						<height>246</height>
						<include>WallStreamPoster</include>
						<bordertexture border="14">ThumbShadow2.png</bordertexture>
						<bordersize>8</bordersize>
						<animation effect="zoom" tween="quadratic" start="0,0,176,246" end="-32,-46,240,338" time="300" delay="100">Focus</animation>
						<animation effect="zoom" tween="quadratic" start="-32,-46,240,338" end="0,0,176,246" time="200">Unfocus</animation>
					</control>
				</focusedlayout>
			</control>
		</control>
	</include>
</includes>
