<window id="2006">
  <defaultcontrol>90</defaultcontrol>
  <allowoverlay>no</allowoverlay>
  <controls>
    <control type="visualisation" id="2">
      <description>visualisation</description>
      <posx>0</posx>
      <posy>0</posy>
      <width>1280</width>
      <height>720</height>
    </control>

    <!-- codec & viz infos -->
    <control type="group" id="0">
      <visible>Player.ShowCodec + !Window.IsVisible(script-XBMC_Lyrics-main.xml)</visible>
      <animation effect="fade" time="500">VisibleChange</animation>
      <control type="image" id="0">
        <description>preset background image</description>
        <posx>-10</posx>
        <posy>40</posy>
        <width>740</width>
        <height>90</height>
        <texture>osd_menu_bg.png</texture>
      </control>
      <control type="label" id="0">
        <description>Codecinfo</description>
        <width>630</width>
        <posx>50</posx>
        <posy>50</posy>
        <label>$LOCALIZE[445] | $INFO[musicplayer.Codec,Codec: ,]$INFO[musicplayer.Bitrate, - Bitrate: ,kbps]$INFO[musicplayer.bitspersample, - Bits:,bit]$INFO[musicplayer.Samplerate, - Freq.: ,kHz]$INFO[musicplayer.Channels, - Channels: ]</label>
        <align>left</align>
        <font>font12</font>
      </control>
      <control type="label" id="0">
        <description>Presets label</description>
        <posx>50</posx>
        <posy>75</posy>
        <width>630</width>
        <label>Visual | fps: $INFO[System.FPS] - $LOCALIZE[250] - $INFO[Visualisation.Name] - $LOCALIZE[20166]</label>
        <font>font12</font>
        <align>left</align>
        <visible>Visualisation.Locked</visible>
      </control>
      <control type="label" id="0">
        <description>Presets label</description>
        <posx>50</posx>
        <posy>75</posy>
        <width>630</width>
        <label>Visual | fps: $INFO[System.FPS] - $LOCALIZE[250] - $INFO[Visualisation.Name]</label>
        <font>font12</font>
        <align>left</align>
        <visible>!Visualisation.Locked</visible>
      </control>
      <control type="label" id="0">
        <description>Presets label</description>
        <posx>50</posx>
        <posy>100</posy>
        <width>630</width>
        <label>$LOCALIZE[13388] | $INFO[Visualisation.Preset]</label>
        <font>font12</font>
        <align>left</align>
      </control>
    </control>

    <!-- media infos -->
    <control type="group" id="1">
      <posx>0</posx>
      <posy>0</posy>
      <include>MusicVisMediaInfoVisible</include>

      <control type="group">
        <include>MusicVisMediaInfoVisible</include>
        <visible>!Skin.HasSetting(ShowHorizMusicVis)</visible>
        <include>MusicVisSlideAnim</include>

        <control type="image" id="1">
          <description>media info background image</description>
          <include>MusicVisBGDims</include>
          <texture border="0,0,22,0">VisOsdPanel.png</texture>
        </control>

        <control type="image" id="1">
          <description>cover image</description>
          <include>MusicVisAlbumCoverDims</include>
          <info>MusicPlayer.Cover</info>
          <aspectratio aligny="bottom">keep</aspectratio>
        </control>
        <control type="image" id="1">
          <description>cover image reflection</description>
          <include>MusicVisAlbumCoverRflctnDims</include>
          <info>MusicPlayer.Cover</info>
          <texture flipy="true" diffuse="DiffuseMirror.png">DefaultAlbumCover.png</texture>
          <aspectratio aligny="top">keep</aspectratio>
        </control>

        <control type="label" id="1">
          <description>Artist label</description>
          <include>MusicVisLabelDims</include>
          <posy>280</posy>
          <info>MusicPlayer.Artist</info>
          <align>center</align>
          <font>LargeTitleCapsFont</font>
          <scroll>true</scroll>
        </control>
        <control type="label" id="1">
          <description>Album label</description>
          <include>MusicVisLabelDims</include>
          <posy>310</posy>
          <label>$INFO[MusicPlayer.Album]$INFO[musicplayer.discnumber, - $LOCALIZE[427]]</label>
          <align>center</align>
          <font>MediumSmallTitleCapsFont</font>
          <textcolor>Unfocused</textcolor>
          <scroll>true</scroll>
        </control>
        <control type="label" id="1">
          <description>Year label</description>
          <include>MusicVisLabelDims</include>
          <posy>325</posy>
          <label>$INFO[musicplayer.year]</label>
          <align>center</align>
          <font>LargeDefaultFont</font>
          <scroll>true</scroll>
        </control>

        <control type="label" id="1">
          <description>Currently Playing label</description>
          <include>MusicVisLabelDims</include>
          <posy>370</posy>
          <label>$LOCALIZE[31220]:</label>
          <align>left</align>
          <font>SmallTitleCapsFont</font>
          <textcolor>Highlighted</textcolor>
          <scroll>true</scroll>
        </control>
        <control type="label" id="1">
          <description>Title label</description>
          <include>MusicVisLabelDims</include>
          <posy>385</posy>
          <label>$INFO[MusicPlayer.Tracknumber,,.] $INFO[MusicPlayer.Title]</label>
          <align>left</align>
          <font>MediumSmallTitleCapsFont</font>
          <scroll>true</scroll>
        </control>

        <control type="label" id="1">
          <description>Next Track Title</description>
          <visible>MusicPlayer.HasNext</visible>
          <include>MusicVisLabelDims</include>
          <posy>428</posy>
          <label>$LOCALIZE[31222]:</label>
          <align>left</align>
          <font>SmallTitleCapsFont</font>
          <textcolor>Unfocused</textcolor>
          <scroll>true</scroll>
        </control>
        <control type="label" id="1">
          <description>Next Track label 1</description>
          <include>MusicVisLabelDims</include>
          <posy>445</posy>
          <label>$INFO[MusicPlayer.offset(1).TrackNumber,,.] $INFO[MusicPlayer.offset(1).Title]</label>
          <align>left</align>
          <font>SmallTitleCapsFont</font>
          <scroll>true</scroll>
        </control>
        <control type="label" id="1">
          <description>Next Track label 2</description>
          <include>MusicVisLabelDims</include>
          <posy>460</posy>
          <label>$INFO[MusicPlayer.offset(2).TrackNumber,,.] $INFO[MusicPlayer.offset(2).Title]</label>
          <align>left</align>
          <font>SmallTitleCapsFont</font>
          <scroll>true</scroll>
        </control>

        <control type="label" id="1">
          <description>Previous Track Title</description>
          <visible>MusicPlayer.HasPrevious</visible>
          <include>MusicVisLabelDims</include>
          <posy>500</posy>
          <label>$LOCALIZE[31221]:</label>
          <align>left</align>
          <font>SmallTitleCapsFont</font>
          <textcolor>Unfocused</textcolor>
          <scroll>true</scroll>
        </control>
        <control type="label" id="1">
          <description>Previous Track label</description>
          <visible>MusicPlayer.HasPrevious</visible>
          <include>MusicVisLabelDims</include>
          <posy>517</posy>
          <label>$INFO[MusicPlayer.offset(-1).TrackNumber,,.] $INFO[MusicPlayer.offset(-1).Title]</label>
          <align>left</align>
          <font>SmallTitleCapsFont</font>
          <scroll>true</scroll>
        </control>

        <control type="group" id="1">
          <posx>MusicVisRatingXoffset</posx>

          <control type="group" id="1">
            <posx>100</posx>
            <posy>560</posy>

            <control type="image" id="1">
              <description>Click For Options Arrow</description>
              <include>MusicVisVertButtonBGDims</include>
              <posx>33</posx>
              <width>256</width>
              <height>32</height>
              <texture border="0,0,17,0">TVTitleBG.png</texture>
            </control>
            <control type="image" id="1">
              <posx>240</posx>
              <posy>6</posy>
              <width>37</width>
              <height>16</height>
              <texture>Chevrons.png</texture>
            </control>
            <control type="button" id="90">
              <description>Click for Options</description>
              <onclick>Window.Activate(MusicOSD.xml)</onclick>
              <visible>!Window.IsVisible(MusicOSD.xml) + !Window.IsVisible(script-XBMC_Lyrics-main.xml)</visible>
              <include>MusicVisOptionsButton</include>
            </control>
          </control>

          <control type="group" id="1">
            <posx>80</posx>

            <control type="label" id="1">
              <description>Song Rating Label</description>
              <width>200</width>
              <posx>197</posx>
              <posy>669</posy>
              <align>right</align>
              <label>31225</label>
              <font>SmallTitleCapsFont</font>
              <textcolor>Highlighted</textcolor>
            </control>
            <control type="image" id="1">
              <description>Song Rating Image</description>
              <height>15</height>
              <width>80</width>
              <posx>200</posx>
              <posy>670</posy>
              <info>Player.StarRating</info>
            </control>
            <control type="label" id="1">
              <description>time label</description>
              <width>250</width>
              <posx>280</posx>
              <posy>685</posy>
              <label>$INFO[musicplayer.Time]$INFO[musicplayer.Duration, | ]</label>
              <align>right</align>
              <font>TitleCapsFont</font>
            </control>
            <control type="label" id="1">
              <description>PartyMode Enabled</description>
              <width>200</width>
              <posx>680</posx>
              <posy>85</posy>
              <label>589</label>
              <visible>MusicPartyMode.Enabled</visible>
              <align>right</align>
              <font>font10</font>
            </control>
          </control>
        </control>
      </control>

      <control type="group" id="1">
        <include>MusicVisMediaInfoVisible</include>
        <visible>Skin.HasSetting(ShowHorizMusicVis)</visible>
        <include>VideoOSDSlide</include>

        <control type="image" id="1">
          <description>OSD Background Image</description>
          <include>OSDBottomBG</include>
        </control>

        <control type="group" id="1">
          <posx>10</posx>
          <posy>546</posy>

          <control type="image" id="1">
            <description>Cover Image</description>
            <width>170</width>
            <height>170</height>
            <info>MusicPlayer.Cover</info>
            <aspectratio aligny="top">keep</aspectratio>
            <bordertexture border="14">ThumbShadow2.png</bordertexture>
            <bordersize>8</bordersize>
          </control>

          <control type="group" id="1">
            <posx>180</posx>
            <posy>6</posy>

            <control type="label" id="1">
              <description>Artist label</description>
              <info>MusicPlayer.Artist</info>
              <font>MediumSmallTitleCapsFont</font>
              <include>MusicVisBottomOSDText</include>
            </control>

            <control type="label" id="1">
              <description>Album label</description>
              <posy>26</posy>
              <label>$INFO[MusicPlayer.Album] $INFO[MusicPlayer.Year,(,)]</label>
              <font>SmallTitleCapsFont</font>
              <include>MusicVisBottomOSDText</include>
            </control>

            <control type="label" id="1">
              <description>Track Title</description>
              <posy>48</posy>
              <label>$INFO[MusicPlayer.Title]</label>
              <font>DefaultCapsFont</font>
              <include>MusicVisBottomOSDText</include>
            </control>

            <control type="group" id="1">
              <description>Progress Bar and Time</description>
              <posx>-6</posx>
              <posy>70</posy>

              <control type="progress" id="1">
                <description>Progress Bar</description>
                <width>1080</width>
                <info>Player.Progress</info>
              </control>

              <control type="group" id="1">
                <posx>8</posx>
                <posy>23</posy>

                <control type="label" id="1">
                  <description>Elapsed Time Label</description>
                  <font>MediumSmallAltDefaultFont</font>
                  <info>Player.Time</info>
                  <textcolor>Unfocused</textcolor>
                  <width>100</width>
                  <visible>!Player.Seeking</visible>
                </control>

                <control type="label" id="1">
                  <description>Seek Time Label</description>
                  <font>MediumSmallAltDefaultFont</font>
                  <textcolor>Unfocused</textcolor>
                  <info>Player.SeekTime</info>
                  <width>100</width>
                  <visible>Player.Seeking</visible>
                </control>

                <control type="label" id="1">
                  <description>Paused</description>
                  <width>1064</width>
                  <label>112</label>
                  <font>MediumSmallDefaultFont</font>
                  <textcolor>Unfocused</textcolor>
                  <align>center</align>
                  <visible>Player.Paused</visible>
                </control>

                <control type="label" id="1">
                  <description>Duration Label</description>
                  <posx>1064</posx>
                  <info>Player.Duration</info>
                  <font>MediumSmallAltDefaultFont</font>
                  <textcolor>Unfocused</textcolor>
                  <align>right</align>
                  <width>100</width>
                </control>
              </control>
            </control>

            <control type="group">
              <posy>128</posy>

              <control type="fadelabel">
                <width>MusicVisBtmNextPrevWidth</width>
                <label>$INFO[MusicPlayer.Offset(-1).Title,[COLOR=Highlighted]Prev (1)[/COLOR]: ]$INFO[MusicPlayer.Offset(-1).Artist, by ]</label>
                <label>$INFO[MusicPlayer.Offset(-2).Title,[COLOR=Highlighted]Prev (2)[/COLOR]: ]$INFO[MusicPlayer.Offset(-2).Artist, by ]</label>
                <label>$INFO[MusicPlayer.Offset(-3).Title,[COLOR=Highlighted]Prev (3)[/COLOR]: ]$INFO[MusicPlayer.Offset(-3).Artist, by ]</label>
                <include>MusicNextPrevTrackInfo</include>
              </control>
  
              <control type="fadelabel">
                <posx>MusicVisBtmNextPrevWidth</posx>
                <width>MusicVisBtmNextPrevWidth</width>
                <align>right</align>
                <label>$INFO[MusicPlayer.Offset(1).Title,[COLOR=Highlighted]Next (1)[/COLOR]: ]$INFO[MusicPlayer.Offset(1).Artist, by ]</label>
                <label>$INFO[MusicPlayer.Offset(2).Title,[COLOR=Highlighted]Next (2)[/COLOR]: ]$INFO[MusicPlayer.Offset(2).Artist, by ]</label>
                <label>$INFO[MusicPlayer.Offset(3).Title,[COLOR=Highlighted]Next (3)[/COLOR]: ]$INFO[MusicPlayer.Offset(3).Artist, by ]</label>
                <include>MusicNextPrevTrackInfo</include>
              </control>
            </control>

            <control type="button" id="90">
              <description>Options</description>
              <label>31020</label>
              <onclick>Window.Activate(MusicOSD.xml)</onclick>
              <visible>!Window.IsVisible(MusicOSD.xml) + !Window.IsVisible(script-XBMC_Lyrics-main.xml)</visible>
              <include>MusicVisBottomButton</include>
            </control>
          </control>

        </control>
      </control>
    </control>

  </controls>
</window>
