<window id="502">
  <defaultcontrol>50</defaultcontrol>
  <allowoverlay>yes</allowoverlay>

  <controls>

    <include>Background</include>

    <!-- -->
    <include>List</include>
    <include>MusicAlbums</include>
    <include>MusicSongs</include>
    <include>Coverflow</include>
    <include>InfoList</include>
    <include>PanelStream</include>
    <include>WallStream</include>
    <!-- -->

    <control type="group">
      <include>TopOverlayTitlePos</include>
      <visible>!Control.IsVisible(53) | !Container(53).Row(0)</visible>

      <control type="group">
        <visible>Container.Content(albums) | Container.Content(songs)</visible>
        <include>TopOverlaySecondTitleSlide</include>

        <include>TopOverlaySecondTitleAreaBG</include>

        <control type="label">
          <description>Albums label</description>
          <label>$LOCALIZE[132]</label>
          <visible>Container.Content(albums)</visible>
          <include>TopOverlaySecondTitleAreaText</include>
        </control>

        <control type="label">
          <description>Songs label</description>
          <label>$LOCALIZE[134]</label>
          <visible>Container.Content(songs)</visible>
          <include>TopOverlaySecondTitleAreaText</include>
        </control>
      </control>

      <include>TopOverlayFirstTitleAreaBG</include>

      <control type="label">
        <description>Music label</description>
        <include>TopOverlayFirstTitleAreaText</include>
        <label>$LOCALIZE[249]</label>
      </control>
    </control>

    <control type="group">
      <visible>!Control.IsVisible(53) | !Container(53).Row(0)</visible>
      <include>Clock</include>
      <include>MusicNowPlayingIndicators</include>
    </control>

    <include>MediaCount</include>
    <include condition="!Skin.HasSetting(HideOptionsMenu)">OptionsMenu</include>

  </controls>
</window>
