﻿<window id="113">
	<defaultcontrol>901</defaultcontrol>
	<coordinates>
		<system>1</system>
		<posx>650</posx>
		<posy>20</posy>
	</coordinates>
	<controls>
		<control type="image">
			<description>Mute Logo</description>
			<posx>0</posx>
			<posy>0</posy>
			<width>50</width>
			<height>50</height>
			<texture>icon-mute.png</texture>
			<colordiffuse>CCFFFFFF</colordiffuse>
			<animation effect="zoom" start="80" end="100" center="45,45" time="250">WindowOpen</animation>
			<animation effect="zoom" start="120" end="0" center="45,45" time="250">WindowClose</animation>
		</control>
	</controls>
</window>