<window id="145">
	<defaultcontrol>11</defaultcontrol>
	<animation effect="slide" start="0,80" end="0,0" time="100">WindowOpen</animation>
	<animation effect="slide" start="0,0" end="0,80" time="100">WindowClose</animation>
	<coordinates>
		<system>1</system>
		<posx>405</posx>
		<posy>650</posy>
	</coordinates>
	<controls>
		<control type="image">
			<posx>0</posx>
			<posy>0</posy>
			<width>460</width>
			<height>80</height>
			<texture border="20,20,20,2">InfoMessagePanel.png</texture>
		</control>
		<control type="label" id="10">
			<description>Dialog header</description>
			<posx>20</posx>
			<posy>10</posy>
			<width>230</width>
			<height>20</height>
			<align>left</align>
			<aligny>center</aligny>
			<font>font12_title</font>
			<textcolor>blue</textcolor>
		</control>
		<control type="label" id="12">
			<description>Slider Value</description>
			<posx>440</posx>
			<posy>10</posy>
			<width>220</width>
			<height>20</height>
			<align>right</align>
			<aligny>center</aligny>
			<font>font12_title</font>
			<textcolor>white</textcolor>
		</control>
		<control type="slider" id="11">
			<description>Slider</description>
			<posx>20</posx>
			<posy>35</posy>
			<width>420</width>
			<height>20</height>
			<aligny>center</aligny>
			<texturefocus>-</texturefocus>
			<texturenofocus>-</texturenofocus>
			<texturesliderbar>osd_slider_bg_2.png</texturesliderbar>
			<textureslidernib>osd_slider_nibNF.png</textureslidernib>
			<textureslidernibfocus>osd_slider_nib.png</textureslidernibfocus>
			<onup>11</onup>
			<ondown>11</ondown>
			<onleft>11</onleft>
			<onright>11</onright>
		</control>
	</controls>
</window>
