<window id="2006">
	<defaultcontrol>-</defaultcontrol>
	<allowoverlay>no</allowoverlay>
	<controls>
		<control type="visualisation" id="2">
			<description>visualisation</description>
			<posx>0</posx>
			<posy>0</posy>
			<width>1280</width>
			<height>720</height>
		</control>

		<control type="group">
			<visible>Player.ShowInfo + ![Window.IsVisible(VisualisationSettings) | Window.IsVisible(VisualisationPresetList)]</visible>
			<animation effect="slide" start="0,160" end="0,0" time="300" tween="quadratic" easing="out">WindowOpen</animation>
			<animation effect="slide" start="0,0" end="0,160" time="300" delay="150" tween="quadratic" easing="out">WindowClose</animation>
			<animation effect="slide" start="0,160" end="0,0" time="300" tween="quadratic" easing="out">visible</animation>
			<animation effect="slide" start="0,0" end="0,160" time="300" delay="150" tween="quadratic" easing="out">hidden</animation>
			<control type="image">
				<description>media info background image</description>
				<posx>0</posx>
				<posy>160r</posy>
				<width>1280</width>
				<height>256</height>
				<texture>MediaInfoBackLower.png</texture>
			</control>
			<control type="group">
				<control type="group">
					<posx>330</posx>
					<posy>135r</posy>
					<!-- Stuff to fill in for seekbar not being visible -->
					<control type="label">
						<description>Paused Label</description>
						<posx>0</posx>
						<posy>0</posy>
						<width>500</width>
						<height>25</height>
						<align>left</align>
						<aligny>center</aligny>
						<font>font13_title</font>
						<textcolor>blue</textcolor>
						<shadowcolor>black</shadowcolor>
						<label>31043</label>
						<visible>[Player.Paused + !Player.Caching] + !Player.Seeking</visible>
					</control>
					<control type="label">
						<description>Cache Label</description>
						<posx>0</posx>
						<posy>0</posy>
						<width>500</width>
						<height>25</height>
						<align>left</align>
						<aligny>center</aligny>
						<font>font13_title</font>
						<textcolor>blue</textcolor>
						<shadowcolor>black</shadowcolor>
						<label>$LOCALIZE[15107] $INFO[Player.CacheLevel]%</label>
						<visible>[Player.Paused + Player.Caching] + !Player.Seeking</visible>
					</control>
					<control type="label">
						<description>Seeking Label</description>
						<posx>0</posx>
						<posy>0</posy>
						<width>500</width>
						<height>25</height>
						<align>left</align>
						<aligny>center</aligny>
						<font>font13_title</font>
						<textcolor>blue</textcolor>
						<shadowcolor>black</shadowcolor>
						<label>[UPPERCASE]$LOCALIZE[773][/UPPERCASE]</label>
						<visible>Player.Seeking</visible>
					</control>
					<control type="label">
						<description>FF Label</description>
						<posx>0</posx>
						<posy>0</posy>
						<width>500</width>
						<height>25</height>
						<align>left</align>
						<aligny>center</aligny>
						<font>font13_title</font>
						<textcolor>blue</textcolor>
						<shadowcolor>black</shadowcolor>
						<label>$LOCALIZE[31044] x2</label>
						<visible>Player.Forwarding2x</visible>
					</control>
					<control type="label">
						<description>FF Label</description>
						<posx>0</posx>
						<posy>0</posy>
						<width>500</width>
						<height>25</height>
						<align>left</align>
						<aligny>center</aligny>
						<font>font13_title</font>
						<textcolor>blue</textcolor>
						<shadowcolor>black</shadowcolor>
						<label>$LOCALIZE[31044] x4</label>
						<visible>Player.Forwarding4x</visible>
					</control>
					<control type="label">
						<description>FF Label</description>
						<posx>0</posx>
						<posy>0</posy>
						<width>500</width>
						<height>25</height>
						<align>left</align>
						<aligny>center</aligny>
						<font>font13_title</font>
						<textcolor>blue</textcolor>
						<shadowcolor>black</shadowcolor>
						<label>$LOCALIZE[31044] x8</label>
						<visible>Player.Forwarding8x</visible>
					</control>
					<control type="label">
						<description>FF Label</description>
						<posx>0</posx>
						<posy>0</posy>
						<width>500</width>
						<height>25</height>
						<align>left</align>
						<aligny>center</aligny>
						<font>font13_title</font>
						<textcolor>blue</textcolor>
						<shadowcolor>black</shadowcolor>
						<label>$LOCALIZE[31044] x16</label>
						<visible>Player.Forwarding16x</visible>
					</control>
					<control type="label">
						<description>FF Label</description>
						<posx>0</posx>
						<posy>0</posy>
						<width>500</width>
						<height>25</height>
						<align>left</align>
						<aligny>center</aligny>
						<font>font13_title</font>
						<textcolor>blue</textcolor>
						<shadowcolor>black</shadowcolor>
						<label>$LOCALIZE[31044] x32</label>
						<visible>Player.Forwarding32x</visible>
					</control>
					<control type="label">
						<description>RW Label</description>
						<posx>0</posx>
						<posy>0</posy>
						<width>500</width>
						<height>25</height>
						<align>left</align>
						<aligny>center</aligny>
						<font>font13_title</font>
						<textcolor>blue</textcolor>
						<shadowcolor>black</shadowcolor>
						<label>$LOCALIZE[31045] x2</label>
						<visible>Player.Rewinding2x</visible>
					</control>
					<control type="label">
						<description>RW Label</description>
						<posx>0</posx>
						<posy>0</posy>
						<width>500</width>
						<height>25</height>
						<align>left</align>
						<aligny>center</aligny>
						<font>font13_title</font>
						<textcolor>blue</textcolor>
						<shadowcolor>black</shadowcolor>
						<label>$LOCALIZE[31045] x4</label>
						<visible>Player.Rewinding4x</visible>
					</control>
					<control type="label">
						<description>RW Label</description>
						<posx>0</posx>
						<posy>0</posy>
						<width>500</width>
						<height>25</height>
						<align>left</align>
						<aligny>center</aligny>
						<font>font13_title</font>
						<textcolor>blue</textcolor>
						<shadowcolor>black</shadowcolor>
						<label>$LOCALIZE[31045] x8</label>
						<visible>Player.Rewinding8x</visible>
					</control>
					<control type="label">
						<description>RW Label</description>
						<posx>0</posx>
						<posy>0</posy>
						<width>500</width>
						<height>25</height>
						<align>left</align>
						<aligny>center</aligny>
						<font>font13_title</font>
						<textcolor>blue</textcolor>
						<shadowcolor>black</shadowcolor>
						<label>$LOCALIZE[31045] x16</label>
						<visible>Player.Rewinding16x</visible>
					</control>
					<control type="label">
						<description>RW Label</description>
						<posx>0</posx>
						<posy>0</posy>
						<width>500</width>
						<height>25</height>
						<align>left</align>
						<aligny>center</aligny>
						<font>font13_title</font>
						<textcolor>blue</textcolor>
						<shadowcolor>black</shadowcolor>
						<label>$LOCALIZE[31045] x32</label>
						<visible>Player.Rewinding32x</visible>
					</control>
					<!-- End Stuff to fill in for seekbar not being visible -->
					<control type="label">
						<posx>0</posx>
						<posy>0</posy>
						<width>750</width>
						<height>25</height>
						<label>$INFO[MusicPlayer.Artist]$INFO[MusicPlayer.Album, - ]</label>
						<align>left</align>
						<aligny>center</aligny>
						<font>font13</font>
						<textcolor>grey</textcolor>
						<shadowcolor>black</shadowcolor>
						<visible>Player.Playing + !Player.Seeking</visible>
					</control>
					<control type="image">
						<description>Rating image</description>
						<posx>760</posx>
						<posy>0</posy>
						<width>160</width>
						<height>30</height>
						<aspectratio align="right">keep</aspectratio>
						<texture>LeftRating/$INFO[Player.StarRating]</texture>
					</control>
					<control type="label">
						<posx>0</posx>
						<posy>30</posy>
						<width>920</width>
						<height>25</height>
						<label>$INFO[MusicPlayer.Title]</label>
						<scroll>true</scroll>
						<align>left</align>
						<aligny>center</aligny>
						<font>font24_title</font>
						<textcolor>white</textcolor>
						<shadowcolor>black</shadowcolor>
					</control>
					<control type="label">
						<posx>0</posx>
						<posy>67</posy>
						<width>200</width>
						<height>20</height>
						<label>$INFO[musicplayer.Playlistposition,$LOCALIZE[554]: ]$INFO[musicplayer.Playlistlength, / ]</label>
						<align>left</align>
						<aligny>center</aligny>
						<font>font12_title</font>
						<textcolor>grey2</textcolor>
						<shadowcolor>black</shadowcolor>
					</control>
					<control type="label">
						<posx>920</posx>
						<posy>67</posy>
						<width>700</width>
						<height>20</height>
						<label>[COLOR=blue]$LOCALIZE[209] :[/COLOR] $INFO[MusicPlayer.offset(1).Artist,, - ]$INFO[MusicPlayer.offset(1).Title]</label>
						<align>right</align>
						<aligny>center</aligny>
						<font>font12_title</font>
						<textcolor>grey2</textcolor>
						<shadowcolor>black</shadowcolor>
					</control>
					<control type="progress">
						<description>Progressbar</description>
						<posx>0</posx>
						<posy>87</posy>
						<width>920</width>
						<height>14</height>
						<info>Player.Progress</info>
					</control>
					<control type="label">
						<description>Elapsed Time Label</description>
						<posx>0</posx>
						<posy>100</posy>
						<width>375</width>
						<height>20</height>
						<font>font13_title</font>
						<textcolor>white</textcolor>
						<align>left</align>
						<aligny>center</aligny>
						<label>$INFO[Player.Time]</label>
						<visible>!Player.Seeking</visible>
					</control>
					<control type="label">
						<description>Seek Time Label</description>
						<posx>0</posx>
						<posy>100</posy>
						<width>375</width>
						<height>20</height>
						<font>font13_title</font>
						<textcolor>white</textcolor>
						<align>left</align>
						<aligny>center</aligny>
						<label>$INFO[Player.SeekTime]</label>
						<visible>Player.Seeking</visible>
					</control>
					<control type="label">
						<posx>920</posx>
						<posy>100</posy>
						<width>370</width>
						<height>25</height>
						<label>$INFO[Player.Duration]</label>
						<align>right</align>
						<aligny>center</aligny>
						<font>font13_title</font>
						<textcolor>white</textcolor>
						<shadowcolor>black</shadowcolor>
					</control>
				</control>
			</control>
		</control>
		<control type="group">
			<visible>Player.ShowInfo</visible>
			<animation effect="slide" start="0,260" end="0,0" time="300" tween="quadratic" easing="out">WindowOpen</animation>
			<animation effect="slide" start="0,0" end="0,260" time="300" delay="150" tween="quadratic" easing="out">WindowClose</animation>
			<animation effect="slide" start="0,260" end="0,0" time="300" tween="quadratic" easing="out">visible</animation>
			<animation effect="slide" start="0,0" end="0,260" time="300" delay="150" tween="quadratic" easing="out">hidden</animation>
			<visible>Player.ShowInfo + ![Window.IsVisible(VisualisationSettings) | Window.IsVisible(VisualisationPresetList)]</visible>
			<control type="image">
				<description>cover image</description>
				<posx>10</posx>
				<posy>260r</posy>
				<width>300</width>
				<height>230</height>
				<texture>$INFO[MusicPlayer.cover]</texture>
				<aspectratio aligny="bottom">keep</aspectratio>
				<bordertexture border="8">ThumbShadow.png</bordertexture>
				<bordersize>8</bordersize>
			</control>
			<control type="image">
				<description>cover image</description>
				<posx>18</posx>
				<posy>38r</posy>
				<width>284</width>
				<height>214</height>
				<texture flipy="true" diffuse="diffuse_mirror2.png">$INFO[MusicPlayer.cover]</texture>
				<aspectratio aligny="top">keep</aspectratio>
			</control>
		</control>
		<control type="group">
			<visible>Player.ShowInfo</visible>
			<animation effect="slide" start="0,0" end="160,0" delay="0" time="300" condition="!Window.IsVisible(MusicOSD)">hidden</animation>
			<animation effect="slide" start="160,0" end="0,0" delay="0" time="300" condition="!Window.IsVisible(MusicOSD)">visible</animation>
			<include>Clock</include>
		</control>
		<control type="group" id="0">
			<posx>240</posx>
			<posy>100</posy>
			<include>VisibleFadeEffect</include>
			<visible>Player.ShowCodec + ![Window.IsVisible(121) | Window.IsVisible(122)]</visible>
			<control type="image">
				<description>gradient</description>
				<posx>0</posx>
				<posy>0</posy>
				<width>800</width>
				<height>200</height>
				<colordiffuse>CCFFFFFF</colordiffuse>
				<texture border="20">OverlayDialogBackground.png</texture>
			</control>
			<control type="label">
				<posx>30</posx>
				<posy>20</posy>
				<width>360</width>
				<height>25</height>
				<label>$LOCALIZE[31046]</label>
				<align>left</align>
				<aligny>center</aligny>
				<font>font13_title</font>
				<textcolor>white</textcolor>
				<shadowcolor>black</shadowcolor>
			</control>
			<control type="label">
				<posx>30</posx>
				<posy>50</posy>
				<width>360</width>
				<height>100</height>
				<label>$INFO[musicplayer.Codec,· Codec: ,]$INFO[musicplayer.Bitrate,[CR]· Bitrate: ,kbps]$INFO[musicplayer.bitspersample,[CR]· Bits:,bit]$INFO[musicplayer.Samplerate,[CR]· Freq.: ,kHz]$INFO[musicplayer.Channels,[CR]· Channels: ]</label>
				<align>left</align>
				<aligny>top</aligny>
				<font>font13</font>
				<textcolor>white</textcolor>
				<shadowcolor>black</shadowcolor>
			</control>
			<control type="label">
				<posx>760</posx>
				<posy>20</posy>
				<width>360</width>
				<height>25</height>
				<label>$LOCALIZE[250]</label>
				<align>right</align>
				<aligny>center</aligny>
				<font>font13_title</font>
				<textcolor>white</textcolor>
				<shadowcolor>black</shadowcolor>
			</control>
			<control type="label">
				<posx>760</posx>
				<posy>50</posy>
				<width>right</width>
				<height>25</height>
				<label>$INFO[Visualisation.Name] [I]($LOCALIZE[20166])[/I] ·[CR]fps: $INFO[System.FPS] ·</label>
				<align>right</align>
				<aligny>top</aligny>
				<font>font13</font>
				<textcolor>white</textcolor>
				<shadowcolor>black</shadowcolor>
				<visible>Visualisation.Locked</visible>
			</control>
			<control type="label">
				<posx>760</posx>
				<posy>50</posy>
				<width>360</width>
				<height>25</height>
				<label>$INFO[Visualisation.Name] ·[CR]fps: $INFO[System.FPS] ·</label>
				<align>right</align>
				<aligny>top</aligny>
				<font>font13</font>
				<textcolor>white</textcolor>
				<shadowcolor>black</shadowcolor>
				<visible>!Visualisation.Locked</visible>
			</control>
			<control type="label">
				<posx>760</posx>
				<posy>105</posy>
				<width>360</width>
				<height>25</height>
				<label>$LOCALIZE[31047]</label>
				<align>right</align>
				<aligny>center</aligny>
				<font>font13_title</font>
				<textcolor>white</textcolor>
				<shadowcolor>black</shadowcolor>
			</control>
			<control type="label">
				<posx>760</posx>
				<posy>135</posy>
				<width>360</width>
				<height>25</height>
				<label fallback="· (UnAvailable)">$INFO[Visualisation.Preset,, ·]</label>
				<align>right</align>
				<aligny>top</aligny>
				<font>font12</font>
				<textcolor>white</textcolor>
				<shadowcolor>black</shadowcolor>
				<wrapmultiline>true</wrapmultiline>
			</control>
		</control>
	</controls>
</window>