<sounds>
  <actions>
    <action>
      <name>left</name>
      <file>-</file>
    </action>
    <action>
      <name>right</name>
      <file>-</file>
    </action>
    <action>
      <name>up</name>
      <file>-</file>
    </action>
    <action>
      <name>down</name>
      <file>-</file>
    </action>
    <action>
      <name>select</name>
      <file>-</file>
    </action>
    <action>
      <name>parentdir</name>
      <file>-</file>
    </action>
    <action>
      <name>previousmenu</name>
      <file>-</file>
    </action>
    <action>
      <name>screenshot</name>
      <file>-</file>
    </action>
  </actions>

  <windows>
    <window>
      <name>startup</name>
      <activate>-</activate>
    </window>
    <window>
      <name>0</name>
      <deactivate>-</deactivate>
    </window>
    <window>
      <name>4</name>
      <deactivate>-</deactivate>
    </window>
  </windows>
</sounds>