<includes>

	<default type="button">
		<posx>0</posx>
		<posy>0</posy>
		<width>150</width>
		<height>30</height>
		<label>-</label>
		<align>left</align>
		<aligny>center</aligny>
		<font>Font_Settings</font>
		<textcolor>Text</textcolor>
		<focusedcolor>TextFocused</focusedcolor>
		<selectedcolor>TextFocused</selectedcolor>
		<disabledcolor>TextDisabled</disabledcolor>
		<texturefocus>ButtonFo.png</texturefocus>
		<texturenofocus>ButtonNF.png</texturenofocus>
		<pulseonselect>false</pulseonselect>
	</default>

	<default type="label">
		<posx>0</posx>
		<posy>0</posy>
		<label>-</label>
		<font>Font_Settings</font>
		<textcolor>Text</textcolor>
		<focusedcolor>TextFocused</focusedcolor>
		<selectedcolor>TextFocused</selectedcolor>
		<disabledcolor>TextDisabled</disabledcolor>
		<scroll>false</scroll>
	</default>

	<default type="image">
		<posx>0</posx>
		<posy>0</posy>
		<width>-</width>
		<height>-</height>
		<align>center</align>
		<aligny>center</aligny>
		<texture>-</texture>
	</default>

	<default type="togglebutton">
		<posx>0</posx>
		<posy>0</posy>
		<width>150</width>
		<height>30</height>
		<label>-</label>
		<align>left</align>
		<aligny>center</aligny>
		<font>Font_Settings</font>
		<textcolor>Text</textcolor>
		<focusedcolor>TextFocused</focusedcolor>
		<selectedcolor>TextFocused</selectedcolor>
		<disabledcolor>TextDisabled</disabledcolor>
		<!--<texturenofocus>arrowupnf.png</texturenofocus>
		<texturefocus>arrowupfo.png</texturefocus>
		<alttexturenofocus>arrowdownnf.png</alttexturenofocus>
		<alttexturefocus>arrowdownfo.png</alttexturefocus>-->
		<!--<colordiffuse>ButtonFilterColor</colordiffuse>-->
		<pulseonselect>false</pulseonselect>
	</default>

	<default type="radiobutton">
		<posx>0</posx>
		<posy>0</posy>
		<width>150</width>
		<height>30</height>
		<label>-</label>
		<align>left</align>
		<aligny>center</aligny>
		<font>Font_Settings</font>
		<textcolor>Text</textcolor>
		<focusedcolor>TextFocused</focusedcolor>
		<selectedcolor>TextFocused</selectedcolor>
		<disabledcolor>TextDisabled</disabledcolor>
		<texturefocus>ButtonFo.png</texturefocus>
		<texturenofocus>ButtonNF.png</texturenofocus>
		<textureradiofocus>settings/button_radioF.png</textureradiofocus>
		<textureradionofocus>settings/button_radioNF.png</textureradionofocus>
		<colordiffuse>ButtonFilterColor</colordiffuse>
		<radioheight>20</radioheight>
		<radiowidth>20</radiowidth>
		<pulseonselect>false</pulseonselect>
	</default>

	<default type="spincontrolex">
		<posx>0</posx>
		<posy>0</posy>
		<width>150</width>
		<height>30</height>
		<label>-</label>
		<align>left</align>
		<aligny>center</aligny>
		<font>Font_Settings</font>
		<textcolor>Text</textcolor>
		<focusedcolor>TextFocused</focusedcolor>
		<selectedcolor>TextFocused</selectedcolor>
		<disabledcolor>TextDisabled</disabledcolor>
		<texturenofocus>ButtonNF.png</texturenofocus>
		<texturefocus>ButtonFo.png</texturefocus>
		<textureup>scroll_up.png</textureup>
		<texturedown>scroll_down.png</texturedown>
		<textureupfocus>settings_arrow_button_up.png</textureupfocus>
		<texturedownfocus>settings_arrow_button_down.png</texturedownfocus>
		<!--<colordiffuse>ButtonFilterColor</colordiffuse>-->
		<reverse>yes</reverse>
		<pulseonselect>false</pulseonselect>
	</default>

	<default type="spincontrol">
		<posx>0</posx>
		<posy>0</posy>
		<height>15</height>
		<width>15</width>
		<textureup>ArrowUpNF.png</textureup>
		<texturedown>ArrowDownNF.png</texturedown>
		<textureupfocus>ArrowUpFo.png</textureupfocus>
		<texturedownfocus>ArrowDownFo.png</texturedownfocus>
		<align>left</align>
		<aligny>center</aligny>
		<font>Font_Settings</font>
		<textcolor>Text</textcolor>
		<focusedcolor>TextFocused</focusedcolor>
		<selectedcolor>TextFocused</selectedcolor>
		<disabledcolor>TextDisabled</disabledcolor>
		<reverse>yes</reverse>
		<pulseonselect>false</pulseonselect>
	</default>

	<default type="sliderex">
		<posx>0</posx>
		<posy>0</posy>
		<height>30</height>
		<width>150</width>
		<texturefocus>ButtonInputFo.png</texturefocus>
		<texturenofocus>ButtonInputNF.png</texturenofocus>
		<sliderwidth>100</sliderwidth>
		<sliderheight>15</sliderheight>
		<texturesliderbar>OSDSliderBack.png</texturesliderbar>
		<textureslidernib>OSDSliderNibNF.png</textureslidernib>
		<textureslidernibfocus>OSDSliderNibFO.png</textureslidernibfocus>
		<align>left</align>
		<aligny>center</aligny>
		<font>Font_Settings</font>
		<textcolor>Text</textcolor>
		<focusedcolor>TextFocused</focusedcolor>
		<selectedcolor>TextFocused</selectedcolor>
		<disabledcolor>TextDisabled</disabledcolor>
	</default>

	<default type="slider">
		<posx>0</posx>
		<posy>0</posy>
		<width>280</width>
		<height>15</height>
		<texturesliderbar>ProgressBack.png</texturesliderbar>
		<textureslidernib>SeekBarSlider.png</textureslidernib>
		<textureslidernibfocus>SeekBarSlider.png</textureslidernibfocus>
	</default>

</includes>