<window id="139">
	<defaultcontrol always="true">5</defaultcontrol>
	<controls>
		<control type="image">
			<include>Dimensions_Fullscreen</include>
			<texture>common/7000_focus.png</texture>
			<animation effect="fade" start="0" end="100" time="600">Visible</animation>
			<animation effect="fade" start="100" end="0" time="600">Hidden</animation>
		</control>
		<control type="group">
			<posx>-100</posx>
			<include>Animation_Bartowski_Context_Zoom</include>
			<control type="image">
				<posx>160</posx>
				<posy>180</posy>
				<width>490</width>
				<height>360</height>
				<aspectratio align="center" aligny="center">keep</aspectratio>
				<texture background="true">$INFO[ListItem.Icon]</texture>
				<bordertexture border="8">common/thumb_border.png</bordertexture>
				<bordersize>8</bordersize>
				<visible>!Container.Content(Genres)</visible>
				<include>Animation_Music_Fullscreen_Left</include>
			</control>
			<control type="label">
				<description>header label</description>
				<posx>700</posx>
				<posy>40</posy>
				<width>710</width>
				<height>30</height>
				<font>Font_Bartowski_MainMenu_Context</font>
				<label>$LOCALIZE[13406]</label>
				<aligny>center</aligny>
				<textcolor>white</textcolor>
				<shadowcolor>black</shadowcolor>
			</control>
			<control type="list" id="5">
				<posx>670</posx>
				<posy>90</posy>
				<width>560</width>
				<height>601</height>
				<onleft>60</onleft>
				<onright>60</onright>
				<onup>5</onup>
				<ondown>5</ondown>
				<pagecontrol>60</pagecontrol>
				<scrolltime>200</scrolltime>
				<itemlayout height="40">
					<control type="label">
						<posx>170</posx>
						<posy>0</posy>
						<width>160</width>
						<height>35</height>
						<font>font13caps_title</font>
						<aligny>center</aligny>
						<textcolor>mainblue</textcolor>
						<shadowcolor>black</shadowcolor>
						<selectedcolor>selected</selectedcolor>
						<align>right</align>
						<label>$INFO[ListItem.Label][COLOR=grey2] : [/COLOR]</label>
					</control>
					<control type="label">
						<posx>170</posx>
						<posy>0</posy>
						<width>390</width>
						<height>35</height>
						<font>Font_KeyboardEdit</font>
						<aligny>center</aligny>
						<shadowcolor>black</shadowcolor>
						<selectedcolor>selected</selectedcolor>
						<align>left</align>
						<info>ListItem.Label2</info>
					</control>
				</itemlayout>
				<focusedlayout height="40">
					<control type="image">
						<posx>0</posx>
						<posy>0</posy>
						<width>560</width>
						<height>41</height>
						<visible>!Control.HasFocus(5)</visible>
						<texture border="5">MenuItemNF.png</texture>
					</control>
					<control type="image">
						<posx>0</posx>
						<posy>0</posy>
						<width>560</width>
						<height>41</height>
						<visible>Control.HasFocus(5)</visible>
						<texture border="5">confluence/button-focus.png</texture>
					</control>
					<control type="label">
						<posx>170</posx>
						<posy>0</posy>
						<width>160</width>
						<height>35</height>
						<font>font13caps_title</font>
						<aligny>center</aligny>
						<textcolor>mainblue</textcolor>
						<shadowcolor>black</shadowcolor>
						<selectedcolor>selected</selectedcolor>
						<align>right</align>
						<label>$INFO[ListItem.Label][COLOR=grey2] : [/COLOR]</label>
					</control>
					<control type="label">
						<posx>170</posx>
						<posy>0</posy>
						<width>390</width>
						<height>35</height>
						<font>Font_KeyboardEdit</font>
						<aligny>center</aligny>
						<shadowcolor>black</shadowcolor>
						<textcolor>white</textcolor>
						<align>left</align>
						<info>ListItem.Label2</info>
					</control>
				</focusedlayout>
			</control>
		</control>
		<include>SideBladeRight</include>
		<include>Clock</include>
	</controls>
</window>