<window id="2003">
	<defaultcontrol always="true">5</defaultcontrol>
	<allowoverlay>no</allowoverlay>
	<controls>
		
		<control type="group">
			<visible>!Window.IsVisible(FileBrowser)</visible>
			<!--<animation effect="slide" start="1100,0" end="0,0" time="600" tween="quadratic" easing="out">WindowOpen</animation>
			<animation effect="fade" start="100" end="0" time="400">WindowClose</animation>-->
			<control type="image"> 
				<posx>0</posx>
				<posy>0</posy>
				<width>1280</width>
				<height>720</height>
				<texture>backdrops/curtains_diffuse.png</texture>
				<animation effect="fade" start="0" end="100" time="600" >WindowOpen</animation>
				<animation effect="fade" start="100" end="0" time="600" delay="800" >WindowClose</animation>
			</control>
			<control type="label"><!--Big Title-->
				<visible>Skin.HasSetting(LockViews)</visible>
				<posx>0</posx>
				<posy>370</posy>
				<width>1280</width>
				<height>50</height>
				<align>center</align>
				<font>Font_Bartowski_BigMusic</font>
				<shadowcolor>678b8b8b</shadowcolor>
				<textcolor>678b8b8b</textcolor>
				<label>$LOCALIZE[31076]</label>
				<animation effect="fade" start="0" end="100" time="600" >WindowOpen</animation>
				<animation effect="fade" start="100" end="0" time="100" delay="800" >WindowClose</animation>
			</control>
			<control type="image"><!-- Floor -->
				<posx>0</posx>
				<posy>650</posy>
				<width>1280</width>
				<height>70</height>
				<texture>backdrops/test2.png</texture>
				<animation effect="slide" start="0,200" end="0,0" time="400" >WindowOpen</animation>
				<animation effect="slide" start="0,0" end="0,200" time="400" >WindowClose</animation>
				<visible>!Skin.HasSetting(LockViews)</visible>
			</control>
			<control type="image">
				<posx>0</posx>
				<posy>80</posy>
				<width>490</width>
				<height>360</height>
				<aspectratio align="center" aligny="center">keep</aspectratio>
				<texture background="true">$INFO[ListItem.Icon]</texture>
				<bordertexture border="8">common/thumb_border.png</bordertexture>
				<bordersize>8</bordersize>
				<visible>!Container.Content(Genres)</visible>
				<include>Animation_Music_Fullscreen_Left</include>
				<visible>!Skin.HasSetting(LockViews)</visible>
			</control>
			<control type="group">
				<animation effect="fade" delay="400" start="0" end="100" time="200">WindowOpen</animation>
				<animation effect="fade" start="100" end="0" time="200">WindowClose</animation>
				<control type="label">
					<description>header label</description>
					<posx>10</posx>
					<posy>50</posy>
					<width>1260</width>
					<height>30</height>
					<font>Font_Bartowski_MainMenu_Context</font>
					<label>$INFO[Listitem.Title]</label>
					<align>center</align>
					<aligny>center</aligny>
					<textcolor>mainblue</textcolor>
					<shadowcolor>black</shadowcolor>
					<visible>!Skin.HasSetting(LockViews)</visible>
				</control>
				<control type="grouplist">
					<description>Media Codec Flagging Images</description>
					<posx>0</posx>
					<posy>440</posy>
					<width>490</width>
					<align>center</align>
					<itemgap>0</itemgap>
					<orientation>horizontal</orientation>
					<include>VisibleFadeEffect</include>
					<visible>!Control.IsVisible(50) + [Container.Content(Movies) | Container.Content(Episodes) | Container.Content(MusicVideos)]</visible>
					<include>VideoCodecFlaggingConditions</include>
					<include>AudioCodecFlaggingConditions</include>
					<include>AspectCodecFlaggingConditions</include>
					<visible>!Skin.HasSetting(LockViews)</visible>
				</control>
				<control type="group">
					<visible>Control.HasFocus(12)</visible>
					<posy>90</posy>
					<posx>387</posx>
					<include>VisibleFadeEffect</include>
					<visible>!Skin.HasSetting(LockViews)</visible>
					<control type="image">
						<description>Current Fanart image</description>
						<posx>0</posx>
						<posy>0</posy>
						<width>1020</width>
						<height>380</height>
						<texture background="true" diffuse="Showcase/showcase-diffuse.png">$INFO[ListItem.Property(Fanart_Image)]</texture>
						<bordertexture border="5">button-nofocus.png</bordertexture>
						<bordersize>4</bordersize>
						<aspectratio>keep</aspectratio>
						<visible>!IsEmpty(Listitem.Property(Fanart_Image))</visible>
					</control>
					<control type="group">
						<visible>IsEmpty(Listitem.Property(Fanart_Image))</visible>
						<!--<control type="image">
							<description>No Fanart Back</description>
							<posx>0</posx>
							<posy>0</posy>
							<width>675</width>
							<height>380</height>
							<texture>Fanart_Fallback_Small.jpg</texture>
							<bordertexture border="5">button-nofocus.png</bordertexture>
							<bordersize>4</bordersize>
							<aspectratio>stretch</aspectratio>
							<colordiffuse>99FFFFFF</colordiffuse>
						</control>-->
						<control type="label">
							<posx>0</posx>
							<posy>0</posy>
							<width>675</width>
							<height>380</height>
							<font>font30caps_title</font>
							<textcolor>white</textcolor>
							<shadowcolor>black</shadowcolor>
							<align>center</align>
							<aligny>center</aligny>
							<label>31311</label>
						</control>
					</control>
				</control>
				<control type="group"><!--movies-->
					<visible>[!container.content(tvshows) + !container.content(episodes) + !container.content(musicvideos)] + !Control.HasFocus(12)</visible>
					<posy>90</posy>
					<posx>260</posx>
					<include>VisibleFadeEffect</include>
					<visible>!Skin.HasSetting(LockViews)</visible>
					<control type="list" id="49">
						<posx>90</posx>
						<posy>0</posy>
						<width>1440</width>
						<height>330</height>
						<onleft>49</onleft>
						<onright>49</onright>
						<onup>9000</onup>
						<ondown>61</ondown>
						<pagecontrol>-</pagecontrol>
						<scrolltime>200</scrolltime>
						<itemlayout height="30">
							<control type="label">
								<posx>165</posx>
								<posy>0</posy>
								<width>160</width>
								<height>30</height>
								<font>font16caps</font>
								<align>right</align>
								<aligny>center</aligny>
								<textcolor>mainblue</textcolor>
								<selectedcolor>selected</selectedcolor>
								<info>ListItem.Label</info>
							</control>
							<control type="label">
								<posx>175</posx>
								<posy>2</posy>
								<width>1065</width>
								<height>30</height>
								<font>font13caps_title</font>
								<align>left</align>
								<aligny>center</aligny>
								<textcolor>white</textcolor>
								<selectedcolor>white</selectedcolor>
								<info>ListItem.Label2</info>
							</control>
						</itemlayout>
						<focusedlayout height="30">
							<control type="image">
								<posx>0</posx>
								<posy>0</posy>
								<width>740</width>
								<height>30</height>
								<visible>Control.HasFocus(49)</visible>
								<texture>MenuItemFO.png</texture>
								<include>VisibleFadeEffect</include>
							</control>
							<control type="label">
								<posx>165</posx>
								<posy>0</posy>
								<width>160</width>
								<height>30</height>
								<font>font16caps</font>
								<align>right</align>
								<aligny>center</aligny>
								<textcolor>mainblue</textcolor>
								<selectedcolor>selected</selectedcolor>
								<info>ListItem.Label</info>
							</control>
							<control type="label">
								<posx>175</posx>
								<posy>2</posy>
								<width>1065</width>
								<height>30</height>
								<font>font13caps_title</font>
								<align>left</align>
								<aligny>center</aligny>
								<textcolor>white</textcolor>
								<selectedcolor>white</selectedcolor>
								<info>ListItem.Label2</info>
							</control>
						</focusedlayout>
						<content>
							<item>
								<label>$LOCALIZE[20339]:</label>
								<label2>$INFO[ListItem.Director]</label2>
								<onclick>-</onclick>
								<visible>!IsEmpty(ListItem.Director)</visible>
							</item>
							<item>
								<label>$LOCALIZE[20417]:</label>
								<label2>$INFO[ListItem.Writer]</label2>
								<onclick>-</onclick>
								<visible>!IsEmpty(ListItem.Writer)</visible>
							</item>
							<item>
								<label>$LOCALIZE[572]:</label>
								<label2>$INFO[ListItem.Studio]</label2>
								<onclick>-</onclick>
								<visible>!IsEmpty(ListItem.Studio)</visible>
							</item>
							<item>
								<label>$LOCALIZE[515]:</label>
								<label2>$INFO[ListItem.Genre]</label2>
								<onclick>-</onclick>
								<visible>!IsEmpty(ListItem.Genre)</visible>
							</item>
							<item>
								<label>$LOCALIZE[562]:</label>
								<label2>$INFO[ListItem.Year]</label2>
								<onclick>-</onclick>
								<visible>!IsEmpty(ListItem.Year)</visible>
							</item>
							<item>
								<label>$LOCALIZE[2050]:</label>
								<label2>$INFO[ListItem.Duration]</label2>
								<onclick>-</onclick>
								<visible>!IsEmpty(ListItem.Duration)</visible>
							</item>
							<item>
								<label>$LOCALIZE[563]:</label>
								<label2>$INFO[ListItem.RatingAndVotes]</label2>
								<onclick>-</onclick>
								<visible>!IsEmpty(ListItem.RatingAndVotes)</visible>
							</item>
							<item>
								<label>$LOCALIZE[202]:</label>
								<label2>$INFO[ListItem.TagLine]</label2>
								<onclick>-</onclick>
								<visible>!IsEmpty(ListItem.TagLine)</visible>
							</item>
							<item>
								<label>$LOCALIZE[203]:</label>
								<label2>$INFO[ListItem.PlotOutline]</label2>
								<onclick>-</onclick>
								<visible>!IsEmpty(ListItem.PlotOutline)</visible>
							</item>
							<item>
								<label>$LOCALIZE[20074]:</label>
								<label2>$INFO[ListItem.mpaa]</label2>
								<onclick>-</onclick>
								<visible>!IsEmpty(ListItem.mpaa)</visible>
							</item>
							<item>
								<label>$LOCALIZE[15311]</label>
								<label2>$INFO[ListItem.FilenameAndPath]</label2>
								<onclick>-</onclick>
								<visible>!IsEmpty(ListItem.FilenameAndPath)</visible>
							</item>
						</content>
					</control>
					<control type="image">
						<posx>290</posx>
						<posy>370</posy>
						<width>740</width>
						<height>4</height>
						<aspectratio>stretch</aspectratio>
						<texture>separator.png</texture>
					</control>
				</control>
				<control type="group"><!--TV SHOWS-->
					<visible>[Container.Content(TVShows) + !Skin.HasSetting(TVShowsUsePosters)] + !Control.HasFocus(12)</visible>
					<posy>90</posy>
					<posx>210</posx>
					<include>VisibleFadeEffect</include>
					<visible>!Skin.HasSetting(LockViews)</visible>
					<control type="list" id="49">
						<posx>95</posx>
						<posy>120</posy>
						<width>840</width>
						<height>180</height>
						<onleft>49</onleft>
						<onright>49</onright>
						<onup>9000</onup>
						<ondown>61</ondown>
						<pagecontrol>-</pagecontrol>
						<scrolltime>200</scrolltime>
						<itemlayout height="30">
							<control type="label">
								<posx>305</posx>
								<posy>0</posy>
								<width>160</width>
								<height>30</height>
								<font>font16caps</font>
								<align>right</align>
								<aligny>center</aligny>
								<textcolor>mainblue</textcolor>
								<selectedcolor>selected</selectedcolor>
								<info>ListItem.Label</info>
							</control>
							<control type="label">
								<posx>315</posx>
								<posy>2</posy>
								<width>665</width>
								<height>30</height>
								<font>font13caps_title</font>
								<align>left</align>
								<aligny>center</aligny>
								<textcolor>white</textcolor>
								<selectedcolor>white</selectedcolor>
								<info>ListItem.Label2</info>
							</control>
						</itemlayout>
						<focusedlayout height="30">
							<control type="image">
								<posx>0</posx>
								<posy>0</posy>
								<width>840</width>
								<height>30</height>
								<visible>Control.HasFocus(49)</visible>
								<texture>MenuItemFO.png</texture>
								<include>VisibleFadeEffect</include>
							</control>
							<control type="label">
								<posx>305</posx>
								<posy>0</posy>
								<width>160</width>
								<height>30</height>
								<font>font16caps</font>
								<align>right</align>
								<aligny>center</aligny>
								<textcolor>mainblue</textcolor>
								<selectedcolor>selected</selectedcolor>
								<info>ListItem.Label</info>
							</control>
							<control type="label">
								<posx>315</posx>
								<posy>2</posy>
								<width>665</width>
								<height>30</height>
								<font>font13caps_title</font>
								<align>left</align>
								<aligny>center</aligny>
								<textcolor>white</textcolor>
								<selectedcolor>white</selectedcolor>
								<info>ListItem.Label2</info>
							</control>
						</focusedlayout>
						<content>
							<item>
								<label>$LOCALIZE[20360]:</label>
								<label2>$INFO[listitem.episode] [COLOR=grey] ($INFO[ListItem.Property(WatchedEpisodes),, $LOCALIZE[16102]] - $INFO[ListItem.Property(UnWatchedEpisodes), , $LOCALIZE[16101]])[/COLOR]</label2>
								<onclick>-</onclick>
								<visible>!IsEmpty(ListItem.Episode)</visible>
							</item>
							<item>
								<label>$LOCALIZE[20416]:</label>
								<label2>$INFO[ListItem.Premiered]</label2>
								<onclick>-</onclick>
								<visible>!IsEmpty(ListItem.Premiered)</visible>
							</item>
							<item>
								<label>$LOCALIZE[515]:</label>
								<label2>$INFO[ListItem.Genre]</label2>
								<onclick>-</onclick>
								<visible>!IsEmpty(ListItem.Genre)</visible>
							</item>
							<item>
								<label>$LOCALIZE[562]:</label>
								<label2>$INFO[ListItem.Year]</label2>
								<onclick>-</onclick>
								<visible>!IsEmpty(ListItem.Year)</visible>
							</item>
							<item>
								<label>$LOCALIZE[563]:</label>
								<label2>$INFO[ListItem.Rating]</label2>
								<onclick>-</onclick>
								<visible>!IsEmpty(ListItem.Rating)</visible>
							</item>
							<item>
								<label>$LOCALIZE[15311]</label>
								<label2>$INFO[ListItem.FilenameAndPath]</label2>
								<onclick>-</onclick>
								<visible>!IsEmpty(ListItem.FilenameAndPath)</visible>
							</item>
						</content>
					</control>
					<control type="image">
						<posx>0</posx>
						<posy>370</posy>
						<width>1030</width>
						<height>4</height>
						<aspectratio>stretch</aspectratio>
						<texture>confluence/separator.png</texture>
					</control>
				</control>
				<control type="group"><!--Episodes-->
					<visible>container.content(episodes) + !Control.HasFocus(12)</visible>
					<posy>90</posy>
					<posx>210</posx>
					<include>VisibleFadeEffect</include>
					<visible>!Skin.HasSetting(LockViews)</visible>
					<!--<control type="image">
						<posx>0</posx>
						<posy>0</posy>
						<width>380</width>
						<height>250</height>
						<aspectratio aligny="bottom">keep</aspectratio>
						<bordertexture border="5">button-nofocus.png</bordertexture>
						<bordersize>4</bordersize>
						<texture background="true">$INFO[ListItem.Icon]</texture>
					</control>
					<control type="image">
						<posx>0</posx>
						<posy>250</posy>
						<width>380</width>
						<height>250</height>
						<aspectratio aligny="top">keep</aspectratio>
						<bordertexture border="5"  flipy="true" diffuse="diffuse_mirror2.png">button-nofocus.png</bordertexture>
						<bordersize>4</bordersize>
						<texture background="true" flipy="true" diffuse="diffuse_mirror2.png">$INFO[ListItem.Icon]</texture>
					</control>-->
					<control type="list" id="49">
						<posx>240</posx>
						<posy>20</posy>
						<width>1040</width>
						<height>330</height>
						<onleft>49</onleft>
						<onright>49</onright>
						<onup>9000</onup>
						<ondown>61</ondown>
						<pagecontrol>-</pagecontrol>
						<scrolltime>200</scrolltime>
						<itemlayout height="30">
							<control type="label">
								<posx>165</posx>
								<posy>0</posy>
								<width>160</width>
								<height>30</height>
								<font>font16caps</font>
								<align>right</align>
								<aligny>center</aligny>
								<textcolor>mainblue</textcolor>
								<selectedcolor>selected</selectedcolor>
								<info>ListItem.Label</info>
							</control>
							<control type="label">
								<posx>175</posx>
								<posy>2</posy>
								<width>1000</width>
								<height>30</height>
								<font>font13caps_title</font>
								<align>left</align>
								<aligny>center</aligny>
								<textcolor>white</textcolor>
								<selectedcolor>white</selectedcolor>
								<info>ListItem.Label2</info>
							</control>
						</itemlayout>
						<focusedlayout height="30">
							<control type="image">
								<posx>0</posx>
								<posy>0</posy>
								<width>640</width>
								<height>30</height>
								<visible>Control.HasFocus(49)</visible>
								<texture>MenuItemFO.png</texture>
								<include>VisibleFadeEffect</include>
							</control>
							<control type="label">
								<posx>165</posx>
								<posy>0</posy>
								<width>160</width>
								<height>30</height>
								<font>font16caps</font>
								<align>right</align>
								<aligny>center</aligny>
								<textcolor>mainblue</textcolor>
								<selectedcolor>selected</selectedcolor>
								<info>ListItem.Label</info>
							</control>
							<control type="label">
								<posx>175</posx>
								<posy>2</posy>
								<width>1000</width>
								<height>30</height>
								<font>font13caps_title</font>
								<align>left</align>
								<aligny>center</aligny>
								<textcolor>white</textcolor>
								<selectedcolor>white</selectedcolor>
								<info>ListItem.Label2</info>
							</control>
						</focusedlayout>
						<content>
							<item>
								<label>$LOCALIZE[20364]:</label>
								<label2>$INFO[ListItem.TVShowTitle]</label2>
								<onclick>-</onclick>
								<visible>!IsEmpty(ListItem.TVShowTitle)</visible>
							</item>
							<item>
								<label>$LOCALIZE[20373]:</label>
								<label2>$INFO[ListItem.Season]</label2>
								<onclick>-</onclick>
								<visible>!IsEmpty(ListItem.Season)</visible>
							</item>
							<item>
								<label>$LOCALIZE[20359]:</label>
								<label2>$INFO[ListItem.Episode]</label2>
								<onclick>-</onclick>
								<visible>!IsEmpty(ListItem.Episode)</visible>
							</item>
							<item>
								<label>$LOCALIZE[20416]:</label>
								<label2>$INFO[ListItem.Premiered]</label2>
								<onclick>-</onclick>
								<visible>!IsEmpty(ListItem.Premiered)</visible>
							</item>
							<item>
								<label>$LOCALIZE[515]:</label>
								<label2>$INFO[ListItem.Genre]</label2>
								<onclick>-</onclick>
								<visible>!IsEmpty(ListItem.Genre)</visible>
							</item>
							<item>
								<label>$LOCALIZE[20339]:</label>
								<label2>$INFO[ListItem.Director]</label2>
								<onclick>-</onclick>
								<visible>!IsEmpty(ListItem.Director)</visible>
							</item>
							<item>
								<label>$LOCALIZE[20417]:</label>
								<label2>$INFO[ListItem.Writer]</label2>
								<onclick>-</onclick>
								<visible>!IsEmpty(ListItem.Writer)</visible>
							</item>
							<item>
								<label>$LOCALIZE[562]:</label>
								<label2>$INFO[ListItem.Year]</label2>
								<onclick>-</onclick>
								<visible>!IsEmpty(ListItem.Year)</visible>
							</item>
							<item>
								<label>$LOCALIZE[2050]:</label>
								<label2>$INFO[ListItem.Duration]</label2>
								<onclick>-</onclick>
								<visible>!IsEmpty(ListItem.Duration)</visible>
							</item>
							<item>
								<label>$LOCALIZE[563]:</label>
								<label2>$INFO[ListItem.Rating]</label2>
								<onclick>-</onclick>
								<visible>!IsEmpty(ListItem.Rating)</visible>
							</item>
							<item>
								<label>$LOCALIZE[15311]</label>
								<label2>$INFO[ListItem.FilenameAndPath]</label2>
								<onclick>-</onclick>
								<visible>!IsEmpty(ListItem.FilenameAndPath)</visible>
							</item>
						</content>
					</control>
					<control type="image">
						<posx>290</posx>
						<posy>370</posy>
						<width>740</width>
						<height>4</height>
						<aspectratio>stretch</aspectratio>
						<texture>confluence/separator.png</texture>
					</control>
				</control>
				<control type="group">
					<visible>container.content(musicvideos) + !Control.HasFocus(12)</visible>
					<posy>90</posy>
					<posx>210</posx>
					<include>VisibleFadeEffect</include>
					<visible>!Skin.HasSetting(LockViews)</visible>
					<control type="image">
						<posx>0</posx>
						<posy>0</posy>
						<width>380</width>
						<height>360</height>
						<aspectratio>keep</aspectratio>
						<bordertexture border="5">button-nofocus.png</bordertexture>
						<bordersize>4</bordersize>
						<texture background="true">$INFO[ListItem.Icon]</texture>
					</control>
					<control type="list" id="49">
						<posx>390</posx>
						<posy>20</posy>
						<width>640</width>
						<height>330</height>
						<onleft>49</onleft>
						<onright>49</onright>
						<onup>9000</onup>
						<ondown>61</ondown>
						<pagecontrol>-</pagecontrol>
						<scrolltime>200</scrolltime>
						<itemlayout height="30">
							<control type="label">
								<posx>165</posx>
								<posy>0</posy>
								<width>160</width>
								<height>30</height>
								<font>font13caps_title</font>
								<align>right</align>
								<aligny>center</aligny>
								<textcolor>blue</textcolor>
								<selectedcolor>selected</selectedcolor>
								<info>ListItem.Label</info>
							</control>
							<control type="label">
								<posx>175</posx>
								<posy>0</posy>
								<width>465</width>
								<height>30</height>
								<font>font13</font>
								<align>left</align>
								<aligny>center</aligny>
								<textcolor>white</textcolor>
								<selectedcolor>white</selectedcolor>
								<info>ListItem.Label2</info>
							</control>
						</itemlayout>
						<focusedlayout height="30">
							<control type="image">
								<posx>0</posx>
								<posy>0</posy>
								<width>640</width>
								<height>30</height>
								<visible>Control.HasFocus(49)</visible>
								<texture>MenuItemFO.png</texture>
								<include>VisibleFadeEffect</include>
							</control>
							<control type="label">
								<posx>165</posx>
								<posy>0</posy>
								<width>160</width>
								<height>30</height>
								<font>font13caps_title</font>
								<align>right</align>
								<aligny>center</aligny>
								<textcolor>blue</textcolor>
								<selectedcolor>selected</selectedcolor>
								<info>ListItem.Label</info>
							</control>
							<control type="label">
								<posx>175</posx>
								<posy>0</posy>
								<width>465</width>
								<height>30</height>
								<font>font13</font>
								<align>left</align>
								<aligny>center</aligny>
								<textcolor>white</textcolor>
								<selectedcolor>white</selectedcolor>
								<info>ListItem.Label2</info>
							</control>
						</focusedlayout>
						<content>
							<item>
								<label>$LOCALIZE[557]:</label>
								<label2>$INFO[ListItem.Artist]</label2>
								<onclick>-</onclick>
								<visible>!IsEmpty(ListItem.Artist)</visible>
							</item>
							<item>
								<label>$LOCALIZE[558]:</label>
								<label2>$INFO[ListItem.Album]</label2>
								<onclick>-</onclick>
								<visible>!IsEmpty(ListItem.Album)</visible>
							</item>
							<item>
								<label>$LOCALIZE[515]:</label>
								<label2>$INFO[ListItem.Genre]</label2>
								<onclick>-</onclick>
								<visible>!IsEmpty(ListItem.Genre)</visible>
							</item>
							<item>
								<label>$LOCALIZE[572]:</label>
								<label2>$INFO[ListItem.Studio]</label2>
								<onclick>-</onclick>
								<visible>!IsEmpty(ListItem.Studio)</visible>
							</item>
							<item>
								<label>$LOCALIZE[20417]:</label>
								<label2>$INFO[ListItem.Writer]</label2>
								<onclick>-</onclick>
								<visible>!IsEmpty(ListItem.Writer)</visible>
							</item>
							<item>
								<label>$LOCALIZE[562]:</label>
								<label2>$INFO[ListItem.Year]</label2>
								<onclick>-</onclick>
								<visible>!IsEmpty(ListItem.Year)</visible>
							</item>
							<item>
								<label>$LOCALIZE[2050]:</label>
								<label2>$INFO[ListItem.Duration]</label2>
								<onclick>-</onclick>
								<visible>!IsEmpty(ListItem.Duration)</visible>
							</item>
							<item>
								<label>$LOCALIZE[15311]</label>
								<label2>$INFO[ListItem.FilenameAndPath]</label2>
								<onclick>-</onclick>
								<visible>!IsEmpty(ListItem.FilenameAndPath)</visible>
							</item>
						</content>
					</control>
					<control type="image">
						<posx>390</posx>
						<posy>370</posy>
						<width>640</width>
						<height>4</height>
						<aspectratio>stretch</aspectratio>
						<texture>separator.png</texture>
					</control>
				</control>
				<control type="label">
					<description>Plot label</description>
					<posx>10</posx>
					<posy>480</posy>
					<width>1260</width>
					<height>30</height>
					<font>Font_Bartowski_Showcase_Title</font>
					<label>Plot</label>
					<align>center</align>
					<aligny>center</aligny>
					<textcolor>mainblue</textcolor>
					<shadowcolor>black</shadowcolor>
					<visible>!Skin.HasSetting(LockViews)</visible>
				</control>
				<!--<control type="label">
					<posx>130r</posx>
					<posy>480</posy>
					<width>400</width>
					<height>30</height>
					<font>font13caps_title</font>
					<textcolor>grey2</textcolor>
					<shadowcolor>black</shadowcolor>
					<scroll>true</scroll>
					<align>right</align>
					<aligny>center</aligny>
					<label>[COLOR=blue]$LOCALIZE[207][/COLOR]$INFO[Container(400).CurrentPage, ( $LOCALIZE[31024] ]$INFO[Container(400).NumPages,/, )]</label>
					<visible>Control.IsVisible(400)</visible>
				</control>
				<control type="label">
					<posx>130r</posx>
					<posy>480</posy>
					<width>400</width>
					<height>30</height>
					<font>font13caps_title</font>
					<textcolor>grey2</textcolor>
					<shadowcolor>black</shadowcolor>
					<scroll>true</scroll>
					<align>right</align>
					<aligny>center</aligny>
					<label>[COLOR=blue]$LOCALIZE[206][/COLOR]$INFO[Container(50).CurrentPage, ( $LOCALIZE[31024] ]$INFO[Container(50).NumPages,/, )]</label>
					<visible>Control.IsVisible(50)</visible>
				</control>
				<control type="spincontrol" id="61">
					<description>Next page button</description>
					<posx>120r</posx>
					<posy>485</posy>
					<subtype>page</subtype>
					<font>-</font>
					<onleft>61</onleft>
					<onright>61</onright>
					<ondown>9000</ondown>
					<onup>49</onup>
					<textcolor>-</textcolor>
					<showonepage>true</showonepage>
				</control>-->
				<control type="textbox" id="400">
					<description>Description Value for Movies</description>
					<posx>160</posx>
					<posy>515</posy>
					<width>1030</width>
					<height>124</height>
					<font>Font_Bartowski_Showcase_plot</font>
					<align>justify</align>
					<textcolor>white</textcolor>
					<pagecontrol>61</pagecontrol>
					<label>$INFO[ListItem.Plot]</label>
					<autoscroll time="3000" delay="4000" repeat="5000">!Control.HasFocus(61) + Skin.HasSetting(AutoScroll)</autoscroll>
					<visible>!Control.IsVisible(50)</visible>
					<visible>!Skin.HasSetting(LockViews)</visible>
				</control>
				<control type="image">
					<description>Actor image</description>
					<posx>210</posx>
					<posy>480</posy>
					<width>160</width>
					<height>160</height>
					<texture>$INFO[Container(50).Listitem.Icon]</texture>
					<aspectratio>keep</aspectratio>
					<visible>Control.IsVisible(50)</visible>
					<visible>!Skin.HasSetting(LockViews)</visible>
				</control>
				<control type="panel" id="50">
					<posx>380</posx>
					<posy>520</posy>
					<width>860</width>
					<height>120</height>
					<onleft>9000</onleft>
					<onright>61</onright>
					<onup>61</onup>
					<ondown>9000</ondown>
					<viewtype label="">list</viewtype>
					<pagecontrol>61</pagecontrol>
					<scrolltime>200</scrolltime>
					<orientation>vertical</orientation>
					<visible>!Skin.HasSetting(LockViews)</visible>
					<itemlayout height="40" width="430">
						<control type="image">
							<posx>0</posx>
							<posy>0</posy>
							<width>430</width>
							<height>40</height>
							<texture border="5">button-nofocus.png</texture>
						</control>
						<control type="label">
							<posx>10</posx>
							<posy>0</posy>
							<width>410</width>
							<height>40</height>
							<font>font12</font>
							<align>left</align>
							<aligny>center</aligny>
							<selectedcolor>white</selectedcolor>
							<info>ListItem.Label</info>
						</control>
					</itemlayout>
					<focusedlayout height="40" width="430">
						<control type="image">
							<posx>0</posx>
							<posy>0</posy>
							<width>430</width>
							<height>40</height>
							<visible>!Control.HasFocus(50)</visible>
							<texture border="5">button-nofocus.png</texture>
						</control>
						<control type="image">
							<posx>0</posx>
							<posy>0</posy>
							<width>430</width>
							<height>40</height>
							<visible>Control.HasFocus(50)</visible>
							<texture border="5">button-focus.png</texture>
						</control>
						<control type="label">
							<posx>10</posx>
							<posy>0</posy>
							<width>410</width>
							<height>40</height>
							<font>font12</font>
							<align>left</align>
							<aligny>center</aligny>
							<selectedcolor>white</selectedcolor>
							<info>ListItem.Label</info>
						</control>
					</focusedlayout>
				</control>
				<control type="grouplist" id="9000">
					<posx>0</posx>
					<posy>662</posy>
					<width>1280</width>
					<height>40</height>
					<itemgap>2</itemgap>
					<align>center</align>
					<orientation>horizontal</orientation>
					<onleft>9000</onleft>
					<onright>9000</onright>
					<onup>50</onup>
					<ondown>49</ondown>
					<visible>!Skin.HasSetting(LockViews)</visible>
					<control type="button" id="5">
						<description>Cast/Review</description>
						<include>ButtonInfoDialogsCommonValues</include>
						<label>206</label>
					</control>
					<control type="togglebutton" id="8">
						<description>Play/browse to Show</description>
						<include>ButtonInfoDialogsCommonValues</include>
						<label>208</label>
						<alttexturefocus border="2">button-focus.png</alttexturefocus>
						<alttexturenofocus border="2">button-nofocus.png</alttexturenofocus>
						<altlabel>1024</altlabel>
						<usealttexture>Container.Content(TVShows)</usealttexture>
					</control>
					<control type="button" id="6">
						<description>Refresh</description>
						<include>ButtonInfoDialogsCommonValues</include>
						<label>184</label>
					</control>
					<control type="button" id="10">
						<description>Get Thumb</description>
						<include>ButtonInfoDialogsCommonValues</include>
						<label>13405</label>
					</control>
					<control type="button" id="12">
						<description>Get Fanart</description>
						<include>ButtonInfoDialogsCommonValues</include>
						<label>20413</label>
					</control>
					<control type="button" id="11">
						<description>Play Trailer</description>
						<include>ButtonInfoDialogsCommonValues</include>
						<label>20410</label>
						<visible>!IsEmpty(ListItem.Trailer)</visible>
					</control>
					<control type="button" id="13">
						<description>Play Trailer</description>
						<include>ButtonInfoDialogsCommonValues</include>
						<label>$LOCALIZE[31212]</label>
						<onclick>Playlist.Clear</onclick>
						<onclick>Dialog.Close(MovieInformation)</onclick>
						<onclick>RunScript(special://home/scripts/Home Theater Experience/default.py)</onclick> 
					</control>
				</control>
			</control>
		</control>
		
		<include>Clock</include>
	</controls>
</window>
