<window type="dialog" id="2000">
	<defaultcontrol always="true">3</defaultcontrol>
	<coordinates>
		<system>1</system>
		<posx>335</posx>
		<posy>35</posy>
	</coordinates>
	<!--<include>dialogeffect</include>-->
	<controls>
		<control type="image">
			<description>background image</description>
			<posx>0</posx>
			<posy>0</posy>
			<width>610</width>
			<height>650</height>
			<texture border="40">confluence/DialogBack1.png</texture>
		</control>
		<!--<control type="image">
			<posx>40</posx>
			<posy>10</posy>
			<width>530</width>
			<height>90</height>
			<aspectratio>stretch</aspectratio>
			<texture>confluence/GlassTitleBar.png</texture>
		</control>-->
		<control type="label" id="1">
			<description>header label</description>
			<posx>20</posx>
			<posy>18</posy>
			<width>570</width>
			<height>30</height>
			<font>font24caps_title</font>
			<label>$LOCALIZE[13406]</label>
			<align>center</align>
			<aligny>center</aligny>
			<textcolor>black</textcolor>
		</control>
		<control type="image">
			<posx>66</posx>
			<posy>50</posy>
			<width>500</width>
			<height>4</height>
			<texture>confluence/separator.png</texture>
		</control>
		<control type="list" id="3">
			<posx>20</posx>
			<posy>60</posy>
			<width>570</width>
			<height>520</height>
			<onup>3</onup>
			<ondown>3</ondown>
			<onleft>5</onleft>
			<onright>61</onright>
			<pagecontrol>61</pagecontrol>
			<scrolltime>200</scrolltime>
			<itemlayout height="40" width="570">
				<!--<control type="image">
					<posx>0</posx>
					<posy>0</posy>
					<width>570</width>
					<height>41</height>
					<texture border="0,2,0,2">confluence/MenuItemNF.png</texture>
				</control>-->
				<control type="label">
					<posx>20</posx>
					<posy>0</posy>
					<width>530</width>
					<height>40</height>
					<font>font13caps_title</font>
					<textcolor>black</textcolor>
					<selectedcolor>ffffffff</selectedcolor>
					<align>left</align>
					<aligny>center</aligny>
					<label>$INFO[ListItem.Label]</label>
				</control>
			</itemlayout>
			<focusedlayout height="40" width="570">
				<!--<control type="image">
					<posx>0</posx>
					<posy>0</posy>
					<width>570</width>
					<height>41</height>
					<texture border="0,2,0,2">confluence/button-focus.png</texture>
					<visible>!Control.HasFocus(3)</visible>
					<include>VisibleFadeEffect</include>
				</control>-->
				<control type="image">
					<posx>0</posx>
					<posy>0</posy>
					<width>570</width>
					<height>41</height>
					<texture>confluence/button-focus-big.png</texture>
					<visible>Control.HasFocus(3)</visible>
					<!--<include>VisibleFadeEffect</include>-->
				</control>
				<control type="label">
					<posx>20</posx>
					<posy>0</posy>
					<width>530</width>
					<height>40</height>
					<font>font13caps_title</font>
					<textcolor>ffffffff</textcolor>
					<selectedcolor>ffffffff</selectedcolor>
					<align>left</align>
					<aligny>center</aligny>
					<label>$INFO[ListItem.Label]</label>
				</control>
			</focusedlayout>
		</control>
		<!--<control type="scrollbar" id="61">
			<posx>570</posx>
			<posy>60</posy>
			<width>25</width>
			<height>520</height>
			<texturesliderbackground border="0,14,0,14">ScrollBarV.png</texturesliderbackground>
			<texturesliderbar border="0,14,0,14">ScrollBarV_bar.png</texturesliderbar>
			<texturesliderbarfocus border="0,14,0,14">ScrollBarV_bar_focus.png</texturesliderbarfocus>
			<textureslidernib>ScrollBarNib.png</textureslidernib>
			<textureslidernibfocus>ScrollBarNib.png</textureslidernibfocus>
			<onleft>3</onleft>
			<onright>3</onright>
			<ondown>61</ondown>
			<onup>61</onup>
			<showonepage>true</showonepage>
			<orientation>vertical</orientation>
		</control>-->
		<control type="label">
			<description>number of files/pages in list text label</description>
			<posx>580</posx>
			<posy>592</posy>
			<width>300</width>
			<height>35</height>
			<font>font13caps_title</font>
			<align>right</align>
			<aligny>center</aligny>
			<scroll>true</scroll>
			<textcolor>black</textcolor>
			<label>([COLOR=black]$INFO[Container(3).NumItems][/COLOR]) $LOCALIZE[31025] - $LOCALIZE[31024] ([COLOR=black]$INFO[Container(3).CurrentPage]/$INFO[Container(3).NumPages][/COLOR])</label>
		</control>
		<control type="button" id="5">
			<description>Manual button</description>
			<posx>20</posx>
			<posy>590</posy>
			<width>200</width>
			<height>40</height>
			<label>186</label>
			<font>font13caps_title</font>
			<textcolor>black</textcolor>
			<focusedcolor>white</focusedcolor>
			<align>center</align>
			<texturefocus border="5">confluence/button-focus.png</texturefocus>
			<onleft>61</onleft>
			<onright>3</onright>
			<onup>3</onup>
			<ondown>3</ondown>
		</control>
	</controls>
</window>