<!--Empty-->

<window id="2004">
	<defaultcontrol>5</defaultcontrol>

	<coordinates>
		<system>1</system>
		<posx>360</posx>
		<posy>120</posy>
	</coordinates>

	<controls>

		<control type="image" id="0">
			<description>Back Panel</description>
			<posx>-30</posx>
			<posy>-30</posy>
			<width>620</width>
			<height>500</height>
			<texture>favourites/favourites_panel.png</texture>
			<colordiffuse>FavListPanel</colordiffuse>
		</control>

		<control type="label">
			<include>DialogID</include>
			<label>DialogScriptInfo.xml</label>
			<visible>Skin.HasSetting(debugmode)</visible>
		</control>

		<control type="textbox" id="5">
			<description>Textarea</description>
			<posx>10</posx>
			<posy>40</posy>
			<width>520</width>
			<height>382</height>
			<font>Small</font>
			<textcolor>TextFocused</textcolor>
			<spinposx>0</spinposx>
			<spinposy>0</spinposy>
			<autoscroll time="2000" delay="3000" repeat="5000">Skin.HasSetting(autoscroll)</autoscroll>
		</control>

		<include>Object_DebugGrid</include>

	</controls>

</window>