<!--Empty-->

<window id="129">
	<defaultcontrol always="true">10</defaultcontrol>
	<include>Animation_Bartowski_Context_Zoom</include>
	<coordinates>
		<system>1</system>
		<posx>360</posx>
		<posy>120</posy>
	</coordinates>

	<controls>

		<control type="image" id="0">
			<description>Back Panel</description>
			<posx>-30</posx>
			<posy>-30</posy>
			<width>620</width>
			<height>500</height>
			<texture>favourites/favourites_panel1.png</texture>
		</control>

		<control type="label">
			<posy>-100</posy>
			<label>DialogMediaSource.xml</label>
			<visible>Skin.HasSetting(debugmode)</visible>
		</control>

		<control type="label" id="0">
			<description>Path</description>
			<posx>2</posx>
			<posy>20</posy>
			<width>600</width>
			<label>$LOCALIZE[1021]</label>
			<font>font16caps</font>
			<textcolor>black</textcolor>
		</control>

		<control type="list" id="10">
			<posx>20</posx>
			<posy>75</posy>
			<width>340</width>
			<height>254</height>
			<onup>19</onup>
			<onleft>9000</onleft>
			<onright>9000</onright>
			<ondown>12</ondown>
			<itemlayout height="32">
				<control type="label">
					<posx>5</posx>
					<width>330</width>
					<height>30</height>
					<textcolor>TextSelected</textcolor>
					<info>ListItem.Label</info>
					<scroll>false</scroll>
				</control>
			</itemlayout>
			<focusedlayout height="32">
				<control type="label">
					<posx>5</posx>
					<width>330</width>
					<height>30</height>
					<textcolor>TextSelected</textcolor>
					<info>ListItem.Label</info>
					<visible>!Control.HasFocus(10)</visible>
				</control>
				<control type="label">
					<posx>5</posx>
					<width>330</width>
					<height>30</height>
					<textcolor>TextFocused</textcolor>
					<info>ListItem.Label</info>
					<visible>Control.HasFocus(10)</visible>
				</control>
			</focusedlayout>
		</control>

		<control type="group" id="9000">
			<posx>416</posx>
			<control type="button" id="11">
				<description>Browse</description>
				<posy>75</posy>
				<width>150</width>
				<label>$LOCALIZE[1024]</label>
				<align>center</align>
				<focusedcolor>white</focusedcolor>
				<texturefocus>confluence/button-focus.png</texturefocus>
				<onup>14</onup>
				<onleft>10</onleft>
				<onright>10</onright>
				<ondown>13</ondown>
			</control>
			<control type="button" id="13">
				<description>Add</description>
				<posy>107</posy>
				<width>150</width>
				<label>$LOCALIZE[15019]</label>
				<align>center</align>
				<focusedcolor>white</focusedcolor>
				<texturefocus>confluence/button-focus.png</texturefocus>
				<onup>11</onup>
				<onleft>10</onleft>
				<onright>10</onright>
				<ondown>14</ondown>
			</control>
			<control type="button" id="14">
				<description>Remove</description>
				<posy>139</posy>
				<width>150</width>
				<label>$LOCALIZE[1210]</label>
				<align>center</align>
				<focusedcolor>white</focusedcolor>
				<texturefocus>confluence/button-focus.png</texturefocus>
				<onup>13</onup>
				<onleft>10</onleft>
				<onright>10</onright>
				<ondown>19</ondown>
			</control>
		</control>

		<control type="label" id="0">
			<description>Name Label</description>
			<posx>20</posx>
			<posy>326</posy>
			<width>420</width>
			<label>$LOCALIZE[1022]</label>
			<font>font16caps</font>
			<textcolor>black</textcolor>
		</control>

		<control type="button" id="12">
			<description>Name</description>
			<posx>0</posx>
			<posy>358</posy>
			<label>-</label>
			<width>500</width>
			<align>left</align>
			<onup>10</onup>
			<onleft>12</onleft>
			<onright>19</onright>
			<ondown>19</ondown>
		</control>

		<control type="button" id="20">
			<description>Set Content</description>
			<posx>20</posx>
			<posy>390</posy>
			<label>$LOCALIZE[20333]</label>
			<align>center</align>
			<textcolor>black</textcolor>
			<focusedcolor>white</focusedcolor>
			<texturefocus>confluence/button-focus.png</texturefocus>
			<texturenofocus border="1">ButtonNF.png</texturenofocus>
			<onup>12</onup>
			<onleft>19</onleft>
			<onright>18</onright>
			<ondown>10</ondown>
		</control>
		<control type="button" id="18">
			<description>Ok</description>
			<posx>240</posx>
			<posy>390</posy>
			<label>$LOCALIZE[186]</label>
			<width>80</width>
			<align>center</align>
			<textcolor>black</textcolor>
			<focusedcolor>white</focusedcolor>
			<texturefocus>confluence/button-focus.png</texturefocus>
			<texturenofocus border="1">ButtonNF.png</texturenofocus>
			<onup>12</onup>
			<onleft>20</onleft>
			<onright>19</onright>
			<ondown>10</ondown>
		</control>
		<control type="button" id="19">
			<description>Cancel</description>
			<posx>410</posx>
			<posy>390</posy>
			<label>$LOCALIZE[222]</label>
			<align>center</align>
			<textcolor>black</textcolor>
			<focusedcolor>white</focusedcolor>
			<texturefocus>confluence/button-focus.png</texturefocus>
			<texturenofocus border="1">ButtonNF.png</texturenofocus>
			<onup>12</onup>
			<onleft>18</onleft>
			<onright>20</onright>
			<ondown>10</ondown>
		</control>

		<include>Object_DebugGrid</include>

	</controls>
</window>
