<!--Empty-->

<window id="132">
	<defaultcontrol always="true">3</defaultcontrol>
	<include>Animation_Bartowski_Context_Zoom</include>
	<coordinates>
		<system>1</system>
		<posx>360</posx>
		<posy>120</posy>
	</coordinates>

	<controls>

		<control type="image" id="0">
			<description>Back Panel</description>
			<posx>-30</posx>
			<posy>-30</posy>
			<width>620</width>
			<height>500</height>
			<texture>favourites/favourites_panel1.png</texture>
		</control>

		<control type="label">
			<posy>-80</posy>
			<label>DialogContentSettings.xml</label>
			<visible>Skin.HasSetting(debugmode)</visible>
		</control>

		<control type="spincontrolex" id="3">
			<description>Directory Content</description>
			<posx>50</posx>
			<posy>10</posy>
			<width>450</width>
			<align>left</align>
			<font>font16caps</font>
			<textcolor>black</textcolor>
			<width>400</width>
			<onup>29</onup>
			<ondown>4</ondown>
			<onleft>28</onleft>
			<onright>28</onright>
		</control>

		<control type="label" id="1000">
			<description>Directory Contains</description>
			<posx>10</posx>
			<posy>40</posy>
			<width>500</width>
			<label>$LOCALIZE[20344]</label>
			<font>font16caps</font>
			<textcolor>black</textcolor>
		</control>

		<control type="image">
			<description>Large Icon Image</description>
			<posx>10</posx>
			<posy>72</posy>
			<width>150</width>
			<height>150</height>
			<info>ListItem.Icon</info>
			<aspectratio align="left" aligny="top">keep</aspectratio>
			<bordertexture border="14">ButtonNF.png</bordertexture>
			<bordersize>5</bordersize>
		</control>

		<control type="list" id="4">
			<posx>170</posx>
			<posy>72</posy>
			<width>340</width>
			<height>126</height>
			<onup>3</onup>
			<onleft>5</onleft>
			<onright>3</onright>
			<ondown>5</ondown>
			<itemlayout height="32">
				<control type="image">
					<width>340</width>
					<height>30</height>
					<texture>ButtonNF.png</texture>
				</control>
				<control type="image">
					<posy>2</posy>
					<width>26</width>
					<height>26</height>
					<info>ListItem.Icon</info>
				</control>
				<control type="label">
					<posx>30</posx>
					<width>304</width>
					<height>30</height>
					<info>ListItem.Label</info>
					<scroll>false</scroll>
				</control>
			</itemlayout>
			<focusedlayout height="32">
				<control type="image">
					<width>340</width>
					<height>30</height>
					<texture>ButtonFo.png</texture>
				</control>
				<control type="image">
					<posy>2</posy>
					<width>26</width>
					<height>26</height>
					<info>ListItem.Icon</info>
				</control>
				<control type="label">
					<posx>30</posx>
					<width>304</width>
					<height>30</height>
					<textcolor>TextFocused</textcolor>
					<info>ListItem.Label</info>
				</control>
			</focusedlayout>
		</control>

		<control type="grouplist" id="5">
			<description>Control Area</description>
			<posx>10</posx>
			<posy>225</posy>
			<itemgap>2</itemgap>
			<orientation>vertical</orientation>
			<width>500</width>
			<onup>4</onup>
			<ondown>29</ondown>
			<onleft>4</onleft>
			<onright>29</onright>
		</control>

		<control type="button" id="7">
			<description>default</description>
			<align>left</align>
		</control>

		<control type="radiobutton" id="8">
			<description>radioButton</description>
			<align>left</align>
		</control>

		<control type="button" id="6">
			<description>Settings</description>
			<posx>40</posx>
			<posy>390</posy>
			<label>$LOCALIZE[5]</label>
			<align>center</align>
			<textcolor>black</textcolor>
			<focusedcolor>white</focusedcolor>
			<texturefocus>confluence/button-focus.png</texturefocus>
			<texturenofocus border="1">ButtonNF.png</texturenofocus>
			<onup>5</onup>
			<onleft>29</onleft>
			<onright>28</onright>
			<ondown>3</ondown>
		</control>
		<control type="button" id="28">
			<description>Ok</description>
			<posx>220</posx>
			<posy>390</posy>
			<width>80</width>
			<label>$LOCALIZE[186]</label>
			<textcolor>black</textcolor>
			<align>center</align>
			<focusedcolor>white</focusedcolor>
			<texturefocus>confluence/button-focus.png</texturefocus>
			<texturenofocus border="1">ButtonNF.png</texturenofocus>
			<onleft>6</onleft>
			<onright>29</onright>
			<onup>5</onup>
			<ondown>3</ondown>
		</control>
		<control type="button" id="29">
			<description>Cancel</description>
			<posx>360</posx>
			<posy>390</posy>
			<label>$LOCALIZE[222]</label>
			<align>center</align>
			<textcolor>black</textcolor>
			<focusedcolor>white</focusedcolor>
			<texturefocus>confluence/button-focus.png</texturefocus>
			<texturenofocus border="1">ButtonNF.png</texturenofocus>
			<onleft>28</onleft>
			<onright>6</onright>
			<onup>5</onup>
			<ondown>3</ondown>
		</control>

		<include>Object_DebugGrid</include>

	</controls>

</window>