﻿<window id="101">
	<defaultcontrol always="true">10</defaultcontrol>
	<coordinates>
		<system>1</system>
		<posx>340</posx>
		<posy>235</posy>
	</coordinates>
	<include>dialogeffect</include>
	<controls>
		<control type="image">
			<posx>0</posx>
			<posy>0</posy>
			<width>600</width>
			<height>230</height>
			<texture border="20">confluence/OverlayDialogBackground1.png</texture>
		</control>
		<control type="label" id="1">
			<description>heading label</description>
			<posx>0</posx>
			<posy>0</posy>
			<width>0</width>
			<height>0</height>
			<font>-</font>
			<textcolor>black</textcolor>
			<visible>false</visible>
		</control>
		<control type="label">
			<description>header label</description>
			<posx>20</posx>
			<posy>18</posy>
			<width>560</width>
			<height>30</height>
			<font>font16caps</font>
			<label>$INFO[Control.GetLabel(1)] $INFO[System.Progressbar,- ,%]</label>
			<align>left</align>
			<aligny>center</aligny>
			<textcolor>black</textcolor>
		</control>
		<control type="label" id="2">
			<description>dialog line 1</description>
			<posx>20</posx>
			<posy>60</posy>
			<width>560</width>
			<height>30</height>
			<align>left</align>
			<aligny>center</aligny>
			<label>-</label>
			<haspath>true</haspath>
			<font>Bartowski_settings_small</font>
			<textcolor>black</textcolor>
		</control>
		<control type="label" id="3">
			<description>dialog line 2</description>
			<posx>20</posx>
			<posy>85</posy>
			<width>560</width>
			<height>30</height>
			<align>left</align>
			<aligny>center</aligny>
			<label>-</label>
			<haspath>true</haspath>
			<font>Bartowski_settings_small</font>
			<textcolor>black</textcolor>
		</control>
		<control type="label" id="4">
			<description>dialog line 3</description>
			<posx>20</posx>
			<posy>110</posy>
			<width>560</width>
			<height>30</height>
			<align>left</align>
			<aligny>center</aligny>
			<label>-</label>
			<haspath>true</haspath>
			<font>Bartowski_settings_small</font>
			<textcolor>black</textcolor>
		</control>
		<control type="progress">
			<description>Progressbar</description>
			<posx>20</posx>
			<posy>142</posy>
			<width>560</width>
			<height>16</height>
			<info>System.Progressbar</info>
			<texturebg>osd_video_indicator_background1.png</texturebg>
			<lefttexture>current_time_indicator_buffering_left.png</lefttexture>
			<midtexture>current_time_indicator_buffering.png</midtexture>
			<righttexture>current_time_indicator_buffering_right.png</righttexture>
		</control>
		<control type="button" id="10">
			<description>Cancel button</description>
			<posx>200</posx>
			<posy>170</posy>
			<width>200</width>
			<height>40</height>
			<label>222</label>
			<font>font16caps</font>
			<textcolor>white</textcolor>
			<focusedcolor>white</focusedcolor>
			<align>center</align>
			<texturenofocus border="5">confluence/MenuItemNF.png</texturenofocus>
			<texturefocus border="5">confluence/button-focus.png</texturefocus>
			<onleft>10</onleft>
			<onright>10</onright>
			<onup>10</onup>
			<ondown>10</ondown>
		</control>
	</controls>
</window>