<!--Alaska-->

<includes>

	<include name="Trailer"><!--Landscape Season Episodes-->
		<control type="group">
			<visible>Player.HasVideo + Control.IsVisible(52) + [Container.Content(seasons) | Container.Content(episodes)]</visible>
			<animation effect="zoom" start="0" end="70" time="0" delay="0" condition="Player.HasVideo + Control.IsVisible(52) + [Container.Content(tvshows) | Container.Content(seasons) | Container.Content(episodes)]">Conditional</animation>
			<animation effect="fade" start="0" end="100" time="400" delay="800" condition="Player.HasVideo + Control.IsVisible(52) + [Container.Content(tvshows) | Container.Content(seasons) | Container.Content(episodes)]">Conditional</animation>
			<!--Landscape TVshows-->
			<posx>740</posx>
			<posy>730</posy>
			<control type="image"> 
				<description>trailer image</description>
				<posx>-70</posx>
				<posy>-70</posy>   
				<width>693</width>     
				<height>445</height> 
				<texture>dialogs/trailer_diffuse_back.png</texture>
			</control>
			<control type="videowindow" id="2">
				<posx>30</posx>
				<posy>26</posy>
				<width>500</width>
				<height>256</height>
			</control>
		</control>
	</include>
	<include name="Trailer_TVLandscape">
		<control type="group">
			<visible>Player.HasVideo + Control.IsVisible(52) + Container.Content(tvshows)</visible>
			<!--Landscape Season Episodes-->
			<animation effect="zoom" start="0" end="70" time="0" delay="0" condition="Player.HasVideo + Control.IsVisible(52) + Container.Content(tvshows)">Conditional</animation>
			<animation effect="fade" start="0" end="100" time="400" delay="800" condition="Player.HasVideo + Control.IsVisible(52) + Container.Content(tvshows)">Conditional</animation>
			<!--Landscape TVshows-->
			<posx>1300</posx>
			<posy>740</posy>
			<control type="image"> 
				<description>trailer image</description>
				<posx>-70</posx>
				<posy>-70</posy>   
				<width>693</width>     
				<height>445</height> 
				<texture>dialogs/trailer_diffuse_back.png</texture>
			</control>
			<control type="videowindow" id="4">
				<posx>30</posx>
				<posy>26</posy>
				<width>500</width>
				<height>256</height>
			</control>
		</control>
	</include>
	<include name="Trailer_Panel">
	<control type="group">
			<visible>Control.IsVisible(56) + Player.HasVideo</visible>
			<animation effect="slide" start="-100,-16" end="6,-16" time="400" delay="800" condition="Player.HasVideo">Conditional</animation>
			<animation effect="zoom" start="0" end="100" time="400" delay="800" condition="Player.HasVideo">Conditional</animation>
			<posx>0</posx>
			<posy>0</posy>
			<control type="image"> 
				<description>trailer image</description>
				<posx>-70</posx>
				<posy>-70</posy>   
				<width>693</width>     
				<height>445</height> 
				<texture>dialogs/trailer_diffuse_back.png</texture>
			</control>
			<control type="videowindow" id="4">
				<posx>30</posx>
				<posy>26</posy>
				<width>500</width>
				<height>256</height>
			</control>
		</control>
	</include>
	<include name="Trailer_Poster">
	<control type="group">
			<visible>Control.IsVisible(50) + !Control.IsVisible(55) + Player.HasVideo</visible>
			<animation effect="zoom" start="0" end="68" time="0" delay="0" condition="true">Conditional</animation>
			<animation effect="fade" start="0" end="100" time="800" delay="800" condition="true">Conditional</animation>
			<animation effect="slide" start="0,0" end="-20,80" time="0" condition="Container.Content(tvshows) | Container.Content(seasons)">Conditional</animation>
			<posx>0</posx>
			<posy>80</posy>
			<control type="image"> 
				<description>trailer image</description>
				<posx>-70</posx>
				<posy>-70</posy>   
				<width>693</width>     
				<height>445</height> 
				<texture>dialogs/trailer_diffuse_back.png</texture>
			</control>
			<control type="videowindow" id="5">
				<posx>30</posx>
				<posy>26</posy>
				<width>500</width>
				<height>256</height>
			</control>
		</control>
	</include>
	<include name="Trailer_Showcase">
		<control type="group">
			<visible>Control.IsVisible(58) + Player.HasVideo</visible>
			<animation effect="zoom" start="0" end="78" time="400" delay="0" condition="Player.HasVideo">Conditional</animation>
			<animation effect="fade" start="0" end="100" time="400" delay="800" condition="Player.HasVideo">Conditional</animation>
			<posx>-10</posx>
			<posy>0</posy>
			<control type="image"> 
				<description>trailer image</description>
				<posx>-70</posx>
				<posy>-70</posy>   
				<width>693</width>     
				<height>445</height> 
				<texture>dialogs/trailer_diffuse_back.png</texture>
			</control>
			<control type="videowindow" id="6">
				<posx>30</posx>
				<posy>26</posy>
				<width>500</width>
				<height>256</height>
			</control>
		</control>
	</include>
	<include name="Trailer_16x9">
		<control type="group">
			<visible>Control.IsVisible(59) + Player.HasVideo</visible>
			<animation effect="slide" start="920,500" end="920,500" time="400" delay="800" condition="Player.HasVideo">Conditional</animation>
			<animation effect="zoom" start="0" end="66" time="400" delay="800" condition="Player.HasVideo">Conditional</animation>
			<posx>0</posx>
			<posy>0</posy>
			<control type="image"> 
				<description>trailer image</description>
				<posx>0</posx>
				<posy>0</posy>   
				<width>560</width>     
				<height>361</height> 
				<texture>dialogs/trailer_back.png</texture>
			</control>
			<control type="videowindow" id="7">
				<posx>30</posx>
				<posy>26</posy>
				<width>500</width>
				<height>256</height>
			</control>
			<control type="image"> 
				<description>trailer image</description>
				<posx>0</posx>
				<posy>0</posy>   
				<width>560</width>     
				<height>361</height> 
				<texture>dialogs/nowplaying.png</texture>
			</control>
			<control type="label">
				<posx>20</posx>
				<posy>290</posy>
				<width>490</width>
				<font>font24caps_title</font>
				<label>$INFO[VideoPlayer.Title, ]</label>
				<textcolor>black</textcolor>
			</control>
		</control>
	</include>
	<include name="Trailer_Files">
		<control type="group">
			<visible>Control.IsVisible(55) + Player.HasVideo</visible>
			<animation effect="zoom" start="0" end="60" time="0" delay="0" condition="Player.HasVideo">Conditional</animation>
			<animation effect="fade" start="0" end="100" time="400" delay="800" condition="Player.HasVideo">Conditional</animation>
			<posx>800</posx>
			<posy>900</posy>
			<control type="image"> 
				<description>trailer image</description>
				<posx>-70</posx>
				<posy>-70</posy>   
				<width>693</width>     
				<height>445</height> 
				<texture>dialogs/trailer_diffuse_back.png</texture>
			</control>
			<control type="videowindow" id="8">
				<posx>30</posx>
				<posy>26</posy>
				<width>500</width>
				<height>256</height>
			</control>
		</control>
	</include>
	<include name="Trailer_Episodes">
		<control type="group">
			<visible>Control.IsVisible(51) + Player.HasVideo</visible>
			<animation effect="zoom" start="0" end="60" time="0" delay="0" condition="Player.HasVideo">Conditional</animation>
			<animation effect="fade" start="0" end="100" time="400" delay="800" condition="Player.HasVideo">Conditional</animation>
			<posx>-10</posx>
			<posy>900</posy>
			<control type="image"> 
				<description>trailer image</description>
				<posx>-70</posx>
				<posy>-70</posy>   
				<width>693</width>     
				<height>445</height> 
				<texture>dialogs/trailer_diffuse_back.png</texture>
			</control>
			<control type="videowindow" id="9">
				<posx>30</posx>
				<posy>26</posy>
				<width>500</width>
				<height>256</height>
			</control>
		</control>
		<include name="Trailer_Home">
		<control type="group">
			<visible>Window.IsActive(Home) + Player.HasVideo</visible>
			<animation effect="zoom" start="0" end="60" time="0" delay="0" condition="Player.HasVideo">Conditional</animation>
			<animation effect="fade" start="0" end="100" time="400" delay="800" condition="Player.HasVideo">Conditional</animation>
			<posx>500</posx>
			<posy>500</posy>
			<control type="image"> 
				<description>trailer image</description>
				<posx>-70</posx>
				<posy>-70</posy>   
				<width>693</width>     
				<height>445</height> 
				<texture>dialogs/trailer_diffuse_back.png</texture>
			</control>
			<control type="videowindow" id="8">
				<posx>30</posx>
				<posy>26</posy>
				<width>500</width>
				<height>256</height>
			</control>
		</control>
	</include>
	</include>
	<include name="Trailer_3Dland">
		<control type="group">
			<visible>Control.IsVisible(53) + Player.HasVideo</visible>
			<animation effect="zoom" start="0" end="60" time="0" delay="0" condition="Player.HasVideo">Conditional</animation>
			<animation effect="fade" start="0" end="100" time="400" delay="800" condition="Player.HasVideo">Conditional</animation>
			<animation effect="slide" start="0,0" end="0,140" time="0" condition="Container.Content(tvshows) | Container.Content(seasons)">Conditional</animation>
			<posx>0</posx>
			<posy>160</posy>
			<control type="image"> 
				<description>trailer image</description>
				<posx>-70</posx>
				<posy>-70</posy>   
				<width>693</width>     
				<height>445</height> 
				<texture>dialogs/trailer_diffuse_back.png</texture>
			</control>
			<control type="videowindow" id="8">
				<posx>30</posx>
				<posy>26</posy>
				<width>500</width>
				<height>256</height>
			</control>
		</control>
	</include>
	<include name="Trailer_WallPanel">
		<control type="group">
			<visible>Control.IsVisible(597) + Player.HasVideo</visible>
			<animation effect="zoom" start="0" end="50" time="0" delay="0" condition="Player.HasVideo">Conditional</animation>
			<animation effect="fade" start="0" end="100" time="400" delay="800" condition="Player.HasVideo">Conditional</animation>
			<posx>0</posx>
			<posy>1090</posy>
			<control type="image"> 
				<description>trailer image</description>
				<posx>-70</posx>
				<posy>-70</posy>   
				<width>693</width>     
				<height>445</height> 
				<texture>dialogs/trailer_diffuse_back.png</texture>
			</control>
			<control type="videowindow" id="8">
				<posx>30</posx>
				<posy>26</posy>
				<width>500</width>
				<height>256</height>
			</control>
		</control>
	</include>
</includes>