<!--Alaska-->

<includes>
	<!-- Keyboard -->
	<include name="Objects_KeyOffVars">
		<textcolor>77FFFFFF</textcolor>
		<focusedcolor>77FFFFFF</focusedcolor>
		<selectedcolor>77FFFFFF</selectedcolor>
		<align>center</align>
		<aligny>top</aligny>
		<textoffsety>21</textoffsety>
		<font>Font_KeyboardKeys</font>
	</include>
	<include name="Objects_KeyOnVars">
		<textcolor>FFFFFFFF</textcolor>
		<focusedcolor>FFFFFFFF</focusedcolor>
		<selectedcolor>FFFFFFFF</selectedcolor>
		<align>center</align>
		<aligny>top</aligny>
		<textoffsety>21</textoffsety>
		<include>Animation_KeyboardFade</include>
		<font>Font_KeyboardKeys</font>
	</include>
	<include name="Objects_KeyOffSymbolVars">
		<textcolor>77FFFFFF</textcolor>
		<focusedcolor>77FFFFFF</focusedcolor>
		<selectedcolor>77FFFFFF</selectedcolor>
		<align>center</align>
		<aligny>top</aligny>
		<textoffsety>21</textoffsety>
		<font>Font_KeyboardShapes</font>
	</include>
	<include name="Objects_KeyOnSymbolVars">
		<textcolor>FFFFFFFF</textcolor>
		<focusedcolor>FFFFFFFF</focusedcolor>
		<selectedcolor>FFFFFFFF</selectedcolor>
		<align>center</align>
		<aligny>top</aligny>
		<textoffsety>21</textoffsety>
		<include>Animation_KeyboardFade</include>
		<font>Font_KeyboardShapes</font>
	</include>
	<include name="Objects_DoubleKeyOff">
		<posy>0</posy>
		<width>110</width>
		<height>68</height>
		<texturefocus>keyboard/keyboard_doublenf.png</texturefocus>
		<texturenofocus>keyboard/keyboard_doublenf.png</texturenofocus>
		<include>Objects_KeyOffVars</include>
	</include>
	<include name="Objects_DoubleKeyOffSymbol">
		<posy>0</posy>
		<width>110</width>
		<height>68</height>
		<texturefocus>keyboard/keyboard_doublenf.png</texturefocus>
		<texturenofocus>keyboard/keyboard_doublenf.png</texturenofocus>
		<include>Objects_KeyOffSymbolVars</include>
	</include>
	<include name="Objects_SingleKeyOff">
		<posy>0</posy>
		<width>68</width>
		<height>68</height>
		<texturefocus>keyboard/keyboard_singlenf.png</texturefocus>
		<texturenofocus>keyboard/keyboard_singlenf.png</texturenofocus>
		<include>Objects_KeyOffVars</include>
	</include>
	<include name="Objects_TripleKeyOff">
		<posy>0</posy>
		<width>152</width>
		<height>68</height>
		<texturefocus>keyboard/keyboard_triplenf.png</texturefocus>
		<texturenofocus>keyboard/keyboard_triplenf.png</texturenofocus>
		<include>Objects_KeyOffVars</include>
	</include>
	<include name="Objects_SpaceBarOff">
		<posy>0</posy>
		<width>278</width>
		<height>68</height>
		<texturefocus>keyboard/keyboard_spacef.png</texturefocus>
		<texturenofocus>keyboard/keyboard_spacenf.png</texturenofocus>
		<include>Objects_KeyOffVars</include>
	</include>
	<include name="Objects_DoubleKeyOn">
		<posy>0</posy>
		<width>110</width>
		<height>68</height>
		<texturefocus>keyboard/keyboard_doublef.png</texturefocus>
		<texturenofocus>keyboard/keyboard_doublef.png</texturenofocus>
		<include>Objects_KeyOnVars</include>
	</include>
	<include name="Objects_DoubleKeyOnSymbol">
		<posy>0</posy>
		<width>110</width>
		<height>68</height>
		<texturefocus>keyboard/keyboard_doublef.png</texturefocus>
		<texturenofocus>keyboard/keyboard_doublef.png</texturenofocus>
		<include>Objects_KeyOnSymbolVars</include>
	</include>
	<include name="Objects_SingleKeyOn">
		<posy>0</posy>
		<width>68</width>
		<height>68</height>
		<texturefocus>keyboard/keyboard_singlef.png</texturefocus>
		<texturenofocus>keyboard/keyboard_singlef.png</texturenofocus>
		<include>Objects_KeyOnVars</include>
	</include>
	<include name="Objects_TripleKeyOn">
		<posy>0</posy>
		<width>152</width>
		<height>68</height>
		<texturefocus>keyboard/keyboard_triplef.png</texturefocus>
		<texturenofocus>keyboard/keyboard_triplef.png</texturenofocus>
		<include>Objects_KeyOnVars</include>
	</include>
	<include name="Objects_SpaceBarOn">
		<posy>0</posy>
		<width>278</width>
		<height>68</height>
		<texturefocus>keyboard/keyboard_spacef.png</texturefocus>
		<texturenofocus>keyboard/keyboard_spacef.png</texturenofocus>
		<include>Objects_KeyOnVars</include>
	</include>
	<!--Movie Info-->
	<include name="Objects_FSInfoCertificate">
		<posx>433</posx>
		<posy>56</posy>
		<width>249</width>
		<height>57</height>
	</include>
	<include name="Objects_FSInfoYear">
		<width>109</width>
		<height>53</height>
		<aligny>center</aligny>
		<font>Font_FSInfoYear</font>
		<label fallback="-">$INFO[ListItem.Year]</label>
		<include>Colour_Text</include>
	</include>
	<include name="Objects_FSInfoGenre">
		<align>left</align>
		<aligny>center</aligny>
		<font>Font_FSInfoGenre</font>
		<label fallback="31425">[UPPERCASE]$INFO[ListItem.Genre][/UPPERCASE]</label>
		<include>Colour_Text</include>
		<height>56</height>
	</include>
	<include name="Objects_FSInfoLabel">
		<posx>3</posx>
		<width>110</width>
		<height>29</height>
		<align>left</align>
		<aligny>center</aligny>
		<font>Font_FSInfoLabel</font>
		<include>Colour_Text</include>
	</include>
	<include name="Objects_FSInfoValue">
		<posx>120</posx>
		<width>500</width>
		<height>29</height>
		<align>left</align>
		<aligny>center</aligny>
		<font>Font_FSInfoData</font>
		<include>Colour_OffTextSelected</include>
	</include>
	<!--Dialog Labels-->
	<include name="Objects_DialogLabel">
		<font>Font_FavouritesLabel</font>
		<textcolor>CCababab</textcolor>
		<shadowcolor>CCdadada</shadowcolor>
	</include>
	<include name="Objects_DialogLabelDark">
		<textcolor>CC747474</textcolor>
		<font>Font_FavouritesLabel</font>
		<shadowcolor>CCdadada</shadowcolor>
	</include>
	<include name="Objects_DialogSettingsLabel">
		<font>Font_DialogSettingsLabel</font>
		<textcolor>CC747474</textcolor>	
	</include>

</includes>