<!--Empty-->

<window id="121">
	<defaultcontrol always="true">5</defaultcontrol>
	<allowoverlay>no</allowoverlay>

	<coordinates>
		<system>1</system>
		<posx>360</posx>
		<posy>120</posy>
	</coordinates>

	<controls>

		<control type="image" id="0">
			<description>Back Panel</description>
			<posx>-30</posx>
			<posy>-30</posy>
			<width>620</width>
			<height>500</height>
			<texture>favourites/favourites_panel.png</texture>
			<colordiffuse>FavListPanel</colordiffuse>
		</control>

		<control type="label">
			<include>DialogID</include>
			<label>MusicOSDSettings.xml</label>
			<visible>Skin.HasSetting(debugmode)</visible>
		</control>

		<control type="label" id="2">
			<description>Settings</description>
			<posx>10</posx>
			<posy>40</posy>
			<width>500</width>
			<align>left</align>
		</control>

		<control type="grouplist" id="5">
			<description>Control Area</description>
			<posx>10</posx>
			<posy>72</posy>
			<width>500</width>
			<height>300</height>
			<itemgap>2</itemgap>
			<orientation>vertical</orientation>
			<pagecontrol>60</pagecontrol>
			<onleft>28</onleft>
			<onright>28</onright>
			<onup>28</onup>
			<ondown>28</ondown>
		</control>
		<control type="button" id="7">
			<description>Button</description>
		</control>
		<control type="radiobutton" id="8">
			<description>Radio Button</description>
		</control>
		<control type="spincontrolex" id="9">
			<description>Spin Controlex</description>
		</control>

		<include>Object_DebugGrid</include>

	</controls>

</window>