<!--Alaska-->

<window id="2006">
	<allowoverlay>yes</allowoverlay>
	<controls>
		<control type="visualisation" id="2">
			<description>visualisation</description>
			<posx>0</posx>
			<posy>0</posy>
			<width>1280</width>
			<height>720</height>
			<animation effect="fade" start="0" end="100" time="400">WindowOpen</animation>
			<animation effect="fade" start="100" end="0" time="200">WindowClose</animation>
			<visible>!Skin.HasSetting(FanartNoVisualisation) | !Skin.HasSetting(FullscreenJukebox)</visible>
		</control>
		<control type="largeimage">
			<posx>0</posx>
			<posy>0</posy>
			<width>1280</width>
			<height>720</height>
			<texture background="true">$INFO[MusicPlayer.Property(Fanart_Image)]</texture>
			<aspectratio>scale</aspectratio>
			<fadetime>400</fadetime>
			<include>VisibleFadeEffect</include>
			<visible>Skin.HasSetting(FanartNoVisualisation) + !Skin.HasSetting(FullscreenJukebox)</visible>
		</control>
		<control type="image">
			<include>Dimensions_Fullscreen</include>
			<texture>list/file-black-background1.png</texture>
			<visible>Skin.HasSetting(DarkFullscreenMusicPlayback) + !Skin.HasSetting(FullscreenJukebox)</visible>
		</control>
		<control type="image">
			<include>Dimensions_Fullscreen</include>
			<texture>music/Music_Visualization_Fanart.png</texture>
			<visible>!Skin.HasSetting(DarkFullscreenMusicPlayback) + !Skin.HasSetting(FullscreenJukebox)</visible>
		</control>
<!-------------	
---------------	
Normal Fullscreen
---------------	
--------------->		
	<control type="group">
			<!--<visible>!Window.IsActive(120) + [!Player.ShowInfo | player.paused]</visible>-->
			<visible>!Skin.HasSetting(FullscreenJukebox)</visible>
			<posy>630</posy>
			<animation type="WindowOpen">
				<effect type="slide" start="0,300" end="0,0" time="600" tween="cubic" easing="out" />
				<effect type="fade" start="0" end="100" time="600" />
			</animation>
			<animation type="WindowClose">
				<effect type="slide" start="0,0" end="0,300" time="600" tween="cubic" easing="out" />
				<effect type="fade" start="100" end="0" time="600" />
			</animation>
			<animation type="Visible">
				<effect type="slide" start="0,300" end="0,0" time="600" tween="cubic" easing="out" />
				<effect type="fade" start="0" end="100" time="600" />
			</animation>
			<animation type="Hidden">
				<effect type="slide" start="0,0" end="0,300" time="600" tween="cubic" easing="out" />
				<effect type="fade" start="100" end="0" time="600" />
			</animation>
				
<!--  track current and next control -->
<!-- localize 13350 is for NOW PLAYING string you can substitue for 143 wich is CURRENT, in this control-->
	<control type="group">
	<posx>0</posx>
	<posy>-20</posy>
		<animation effect="slide" start="0,0" end="80,0" delay="600" time="2000" tween="cubic" easing="inout" condition="!IsEmpty(Control.GetLabel(7026))">Conditional</animation>
		<animation type="Conditional" reversible="false" condition="MusicPlayer.HasNext" loop="true">
			<effect type="slide" start="0,400" end="0,0" time="500" delay="0" />
			<effect type="slide" start="0,0" end="0,400" time="500" delay="21000" />
			<effect type="slide" start="0,0" end="0,400" time="500" delay="28000" />
		</animation>
			<control type="label">
				<description>Track</description>
				<posx>250</posx>
				<posy>2</posy>
				<width min="750" max="770">auto</width>
				<align>left</align>
				<height>18</height>
				<font>Font_Bartowski_Showcase_Title</font>
				<textcolor>ffffffff</textcolor>
				<label>$INFO[MusicPlayer.Title,[B][COLOR=ff67ffff]$LOCALIZE[13350][/COLOR] [/B]]</label>
				<animation effect="slide" end="0,0" condition="IsEmpty(MusicPlayer.offset(1).Title)">Conditional</animation>
			</control>
		
<!-- artist name control -->
			<control type="label">
				<description>artist name</description>
				<posx>250</posx>
				<posy>32</posy>
				<width>800</width>
				<height>18</height>
				<aligny>center</aligny>
				<align>left</align>
				<font>Font_Date</font>
				<textcolor>ffffffff</textcolor>
				<label>$INFO[MusicPlayer.Artist,[B]$LOCALIZE[557]: [/B]]</label>
				<!--<animation effect="slide" end="0,22" condition="IsEmpty(MusicPlayer.offset(1).Title)">Conditional</animation>-->
			</control>
<!--  album name control -->
			<control type="label">
				<description>album name</description>
				<posx>250</posx>
				<posy>54</posy>
				<width>800</width>
				<height>18</height>
				<aligny>center</aligny>
				<align>left</align>
				<font>Font_Date</font>
				<textcolor>ffffffff</textcolor>
				<label>$INFO[MusicPlayer.Album,[B]$LOCALIZE[558]: [/B]]</label>
			</control>
			<control type="label">
				<description>album name</description>
				<posx>250</posx>
				<posy>76</posy>
				<width>800</width>
				<height>18</height>
				<aligny>center</aligny>
				<align>left</align>
				<font>Font_Date</font>
				<textcolor>ffffffff</textcolor>
				<label>$INFO[MusicPlayer.year,[B]$LOCALIZE[31070]: [/B]]</label>
			</control>
	</control>
		
		
		
		
		
		<control type="group">
		<animation type="Conditional" reversible="false" condition="MusicPlayer.HasNext" loop="true">
			<effect type="slide" start="0,400" end="0,0" time="500" delay="21500" />
			<effect type="slide" start="0,0" end="0,400" time="500" delay="28000" />
		</animation>
			<control type="label">
				<description>Track</description>
				<posx>250</posx>
				<posy>6</posy>
				<width min="750" max="770">auto</width>
				<align>left</align>
				<height>18</height>
				<font>Font_Date</font>
				<textcolor>ffffffff</textcolor>
				<label>$INFO[MusicPlayer.offset(1).Title,[B][COLOR=ff67ffff]$LOCALIZE[209]:[/COLOR]  [/B]]</label>
				<animation effect="slide" end="0,0" condition="IsEmpty(MusicPlayer.offset(1).Title)">Conditional</animation>
			</control>
			
<!-- artist name control -->
			<control type="label">
				<description>artist name</description>
				<posx>250</posx>
				<posy>32</posy>
				<width>800</width>
				<height>18</height>
				<aligny>center</aligny>
				<align>left</align>
				<font>Font_Date</font>
				<textcolor>ffffffff</textcolor>
				<label>$INFO[MusicPlayer.offset(1).Artist,[B]$LOCALIZE[557]: [/B]]</label>
				<!--<animation effect="slide" end="0,22" condition="IsEmpty(MusicPlayer.offset(1).Title)">Conditional</animation>-->
			</control>
<!--  album name control -->
			<control type="label">
				<description>album name</description>
				<posx>250</posx>
				<posy>54</posy>
				<width>800</width>
				<height>18</height>
				<aligny>center</aligny>
				<align>left</align>
				<font>Font_Date</font>
				<textcolor>ffffffff</textcolor>
				<label>$INFO[MusicPlayer.offset(1).Album,[B]$LOCALIZE[558]: [/B]]</label>
			</control>
		</control>
			
<!-- record label image control -->
			<control type="image">
				<description>record label</description>
				<posx>1000</posx>
				<posy>5</posy>
				<width>90</width>
				<height>80</height>
				<texture>flags/recordlabel/$INFO[MusicPlayer.Comment].png</texture>
				<aspectratio>stretch</aspectratio>
			</control>
			
<!--  rating control 			
			<control type="label">
				<description>Rating Info</description>
				<posx>1250</posx>
				<posy>10</posy>
				<width>360</width>
				<height>18</height>
				<aligny>center</aligny>
				<align>right</align>
				<font>Font_Date</font>
				<textcolor>ffffffff</textcolor>
				<label>$INFO[MusicPlayer.Rating,[B]$LOCALIZE[563]: [/B]]</label>
				<animation effect="slide" end="0,22" condition="IsEmpty(MusicPlayer.Year)">Conditional</animation>
				<animation effect="slide" end="0,22" condition="IsEmpty(MusicPlayer.BitRate)">Conditional</animation>
			</control>-->
			
<!--  track time control -->
			<control type="label">
				<description>Time</description>
				<posx>1250</posx>
				<posy>26</posy>
				<width>360</width>
				<height>18</height>
				<aligny>center</aligny>
				<align>right</align>
				<font>Font_MainMenuLabel</font>
				<textcolor>ListTrackF</textcolor>
				<label>[B]$INFO[MusicPlayer.Time] / $INFO[MusicPlayer.Duration][/B]</label>
				<!--<animation effect="slide" end="0,22" condition="IsEmpty(MusicPlayer.BitRate)">Conditional</animation>-->
			</control>
			
<!--  Track # control  -->
			<control type="label">
				<description>Track Info</description>
				<posx>1250</posx>
				<posy>54</posy>
				<width>360</width>
				<height>18</height>
				<aligny>center</aligny>
				<align>right</align>
				<font>Font_Date</font>
				<textcolor>ffffffff</textcolor>
				<label>$INFO[MusicPlayer.PlaylistPosition,[B]$LOCALIZE[554]: [/B]]$INFO[MusicPlayer.PlaylistLength,/]</label>
			</control>
		
	<control type="group">
		<animation type="Conditional" reversible="false" condition="MusicPlayer.HasNext" loop="true">
			<effect type="slide" start="-400,0" end="0,0" time="500" delay="0" />
			<effect type="slide" start="0,0" end="-400,0" time="500" delay="21000" />
			<effect type="slide" start="0,0" end="-400,0" time="500" delay="28000" />
		</animation>
			<control type="image" id="7026">
				<description>dirty hack for showing cdart image</description>
				<width>200</width>
				<height>200</height>
				<posx>35</posx>
				<posy>-120</posy>
				<texture>$INFO[Player.FolderPath]cdart.png</texture>
				<aspectratio align="bottom">keep</aspectratio>
				<include>cdartspin</include>
			</control>	
			<control type="image">
				<description>cover image</description>
				<posx>32</posx>
				<posy>-120</posy>
				<width>200</width>
				<height>200</height>
				<texture diffuse="music/musicwallmatte.png">$INFO[MusicPlayer.Cover]</texture>
				<visible>Player.HasAudio</visible>
			</control>
			<control type="image">
				<posx>15</posx>
				<posy>-136</posy>
				<width>234</width>
				<height>234</height>
				<texture>music/musicwallframeF.png</texture>
				<aspectratio scalediffuse="false">stretch</aspectratio>
				<visible>Player.HasAudio</visible>
			</control>
		</control>
		
	<control type="group">
		<animation type="Conditional" reversible="false" condition="MusicPlayer.HasNext" loop="true">
			<effect type="slide" start="-400,0" end="0,0" time="500" delay="21500" />
			<effect type="slide" start="0,0" end="-400,0" time="500" delay="28000" />
		</animation>
			<control type="image">
				<description>cover image</description>
				<posx>32</posx>
				<posy>-120</posy>
				<width>200</width>
				<height>200</height>
				<texture diffuse="music/musicwallmatte.png">$INFO[MusicPlayer.offset(1).Cover]</texture>
				<visible>Player.HasAudio</visible>
			</control>
			<control type="image">
				<posx>15</posx>
				<posy>-136</posy>
				<width>234</width>
				<height>234</height>
				<texture>music/musicwallframeF.png</texture>
				<aspectratio scalediffuse="false">stretch</aspectratio>
				<visible>Player.HasAudio</visible>
			</control>
		</control>
	</control>
<!-------------	
---------------	
	JUKEBOX
---------------	
--------------->	
	<control type="group">
		<visible>Skin.HasSetting(FullscreenJukebox)</visible>
			<control type="image">
				<posx>370</posx>
				<posy>146</posy>
				<width>585</width>
				<height>286</height>
				<texture diffuse="music/jukebox_fanart_diffuse.png">$INFO[MusicPlayer.Property(Fanart_Image)]</texture>
			</control>
			<control type="image">
				<posx>552</posx>
				<posy>476</posy>
				<width>211</width>
				<height>192</height>
				<texture diffuse="music/music_cover_diffuse.png">$INFO[MusicPlayer.Cover]</texture>
			</control>
			<control type="image">
				<include>Dimensions_Fullscreen</include>
				<texture>music/fullscreen_jukebox1.png</texture>
			</control>
			<control type="label">
				<posx>572</posx>
				<posy>448</posy>
				<width>170</width>
				<height>40</height>
				<align>center</align>
				<font>Font_Bartowski_Digital_Clock</font>
				<textcolor>ff67ffff</textcolor>
				<label>Now Playing</label>
			</control>
			<control type="label">
				<posx>560</posx>
				<posy>674</posy>
				<width>200</width>
				<height>40</height>
				<align>center</align>
				<label>$INFO[MusicPlayer.Title]</label>
				<textcolor>ff67ffff</textcolor>
				<font>Font_Bartowski_Digital_Clock</font>
				<align>center</align>
			</control>
			<control type="label">
				<posx>560</posx>
				<posy>694</posy>
				<width>200</width>
				<height>40</height>
				<align>center</align>
				<label>$INFO[MusicPlayer.album]</label>
				<textcolor>ff67ffff</textcolor>
				<font>Font_Bartowski_Digital_Clock</font>
				<align>center</align>
				<animation type="Conditional" reversible="false" condition="true" loop="true">
					<effect type="fade" start="0" end="100" time="500" delay="0" />
					<effect type="fade" start="100" end="0" time="500" delay="7000" />
					<effect type="fade" start="100" end="0" time="500" delay="14000" />
				</animation>
				<animation effect="fade" start="100" end="0" time="0">windowclose</animation>
			</control>
			<control type="label">
				<posx>560</posx>
				<posy>694</posy>
				<width>200</width>
				<height>40</height>
				<align>center</align>
				<label>$INFO[MusicPlayer.Time]/$INFO[MusicPlayer.Duration]</label>
				<textcolor>ff67ffff</textcolor>
				<font>Font_Bartowski_Digital_Clock</font>
				<align>center</align>
				<animation type="Conditional" reversible="false" condition="true" loop="true">
					<effect type="fade" start="0" end="100" time="500" delay="7500" />
					<effect type="fade" start="100" end="0" time="500" delay="14000" />
				</animation>
			</control>
			<control type="group">
				<posx>366</posx>
				<posy>460</posy>
					<control type="label">
						<posx>16</posx>
						<posy>6</posy>
						<width>170</width>
						<height>40</height>
						<align>center</align>
						<font>Font_Music_Jukebox</font>
						<textcolor>Date</textcolor>
						<label>$INFO[MusicPlayer.offset(1).Artist]</label>
					</control>
					<control type="label">
						<posx>24</posx>
						<posy>16</posy>
						<width>146</width>
						<height>40</height>
						<aligny>center</aligny>
						<font>Bartowski_settings_small</font>
						<textcolor>black</textcolor>
						<label>$INFO[MusicPlayer.offset(1).TrackNumber]$INFO[MusicPlayer.offset(1).Title,. ]</label>
					</control>
					<control type="label">
						<posx>16</posx>
						<posy>44</posy>
						<width>170</width>
						<height>40</height>
						<align>center</align>
						<font>Font_Music_Jukebox</font>
						<textcolor>Date</textcolor>
						<label>$INFO[MusicPlayer.offset(1).Album]</label>
					</control>
			</control>
			<control type="group">
				<posx>366</posx>
				<posy>524</posy>
					<control type="label">
						<posx>16</posx>
						<posy>6</posy>
						<width>170</width>
						<height>40</height>
						<align>center</align>
						<font>Font_Music_Jukebox</font>
						<textcolor>Date</textcolor>
						<label>$INFO[MusicPlayer.offset(2).Artist]</label>
					</control>
					<control type="label">
						<posx>24</posx>
						<posy>16</posy>
						<width>146</width>
						<height>40</height>
						<aligny>center</aligny>
						<font>Bartowski_settings_small</font>
						<textcolor>black</textcolor>
						<label>$INFO[MusicPlayer.offset(2).TrackNumber]$INFO[MusicPlayer.offset(2).Title,. ]</label>
					</control>
					<control type="label">
						<posx>16</posx>
						<posy>44</posy>
						<width>170</width>
						<height>40</height>
						<align>center</align>
						<font>Font_Music_Jukebox</font>
						<textcolor>Date</textcolor>
						<label>$INFO[MusicPlayer.offset(2).Album]</label>
					</control>
			</control>
			<control type="group">
				<posx>366</posx>
				<posy>588</posy>
					<control type="label">
						<posx>16</posx>
						<posy>6</posy>
						<width>170</width>
						<height>40</height>
						<align>center</align>
						<font>Font_Music_Jukebox</font>
						<textcolor>Date</textcolor>
						<label>$INFO[MusicPlayer.offset(3).Artist]</label>
					</control>
					<control type="label">
						<posx>24</posx>
						<posy>16</posy>
						<width>146</width>
						<height>40</height>
						<aligny>center</aligny>
						<font>Bartowski_settings_small</font>
						<textcolor>black</textcolor>
						<label>$INFO[MusicPlayer.offset(3).TrackNumber]$INFO[MusicPlayer.offset(3).Title,. ]</label>
					</control>
					<control type="label">
						<posx>16</posx>
						<posy>44</posy>
						<width>170</width>
						<height>40</height>
						<align>center</align>
						<font>Font_Music_Jukebox</font>
						<textcolor>Date</textcolor>
						<label>$INFO[MusicPlayer.offset(3).Album]</label>
					</control>
			</control>
			<control type="group">
				<posx>366</posx>
				<posy>652</posy>
					<control type="label">
						<posx>16</posx>
						<posy>6</posy>
						<width>170</width>
						<height>40</height>
						<align>center</align>
						<font>Font_Music_Jukebox</font>
						<textcolor>Date</textcolor>
						<label>$INFO[MusicPlayer.offset(4).Artist]</label>
					</control>
					<control type="label">
						<posx>24</posx>
						<posy>16</posy>
						<width>146</width>
						<height>40</height>
						<aligny>center</aligny>
						<font>Bartowski_settings_small</font>
						<textcolor>black</textcolor>
						<label>$INFO[MusicPlayer.offset(4).TrackNumber]$INFO[MusicPlayer.offset(4).Title,. ]</label>
					</control>
					<control type="label">
						<posx>16</posx>
						<posy>44</posy>
						<width>170</width>
						<height>40</height>
						<align>center</align>
						<font>Font_Music_Jukebox</font>
						<textcolor>Date</textcolor>
						<label>$INFO[MusicPlayer.offset(4).Album]</label>
					</control>
			</control>
			<control type="group">
			<posx>400</posx>
			<posy>0</posy>
				<control type="group">
					<posx>366</posx>
					<posy>460</posy>
						<control type="label">
							<posx>16</posx>
							<posy>6</posy>
							<width>170</width>
							<height>40</height>
							<align>center</align>
							<font>Font_Music_Jukebox</font>
							<textcolor>Date</textcolor>
							<label>$INFO[MusicPlayer.offset(5).Artist]</label>
						</control>
						<control type="label">
							<posx>24</posx>
							<posy>16</posy>
							<width>146</width>
							<height>40</height>
							<aligny>center</aligny>
							<font>Bartowski_settings_small</font>
							<textcolor>black</textcolor>
							<label>$INFO[MusicPlayer.offset(5).TrackNumber]$INFO[MusicPlayer.offset(5).Title,. ]</label>
						</control>
						<control type="label">
							<posx>16</posx>
							<posy>44</posy>
							<width>170</width>
							<height>40</height>
							<align>center</align>
							<font>Font_Music_Jukebox</font>
							<textcolor>Date</textcolor>
							<label>$INFO[MusicPlayer.offset(5).Album]</label>
						</control>
				</control>
				<control type="group">
					<posx>366</posx>
					<posy>524</posy>
						<control type="label">
							<posx>16</posx>
							<posy>6</posy>
							<width>170</width>
							<height>40</height>
							<align>center</align>
							<font>Font_Music_Jukebox</font>
							<textcolor>Date</textcolor>
							<label>$INFO[MusicPlayer.offset(6).Artist]</label>
						</control>
						<control type="label">
							<posx>24</posx>
							<posy>16</posy>
							<width>146</width>
							<height>40</height>
							<aligny>center</aligny>
							<font>Bartowski_settings_small</font>
							<textcolor>black</textcolor>
							<label>$INFO[MusicPlayer.offset(6).TrackNumber]$INFO[MusicPlayer.offset(6).Title,. ]</label>
						</control>
						<control type="label">
							<posx>16</posx>
							<posy>44</posy>
							<width>170</width>
							<height>40</height>
							<align>center</align>
							<font>Font_Music_Jukebox</font>
							<textcolor>Date</textcolor>
							<label>$INFO[MusicPlayer.offset(6).Album]</label>
						</control>
				</control>
				<control type="group">
					<posx>366</posx>
					<posy>588</posy>
						<control type="label">
							<posx>16</posx>
							<posy>6</posy>
							<width>170</width>
							<height>40</height>
							<align>center</align>
							<font>Font_Music_Jukebox</font>
							<textcolor>Date</textcolor>
							<label>$INFO[MusicPlayer.offset(7).Artist]</label>
						</control>
						<control type="label">
							<posx>24</posx>
							<posy>16</posy>
							<width>146</width>
							<height>40</height>
							<aligny>center</aligny>
							<font>Bartowski_settings_small</font>
							<textcolor>black</textcolor>
							<label>$INFO[MusicPlayer.offset(7).TrackNumber]$INFO[MusicPlayer.offset(7).Title,. ]</label>
						</control>
						<control type="label">
							<posx>16</posx>
							<posy>44</posy>
							<width>170</width>
							<height>40</height>
							<align>center</align>
							<font>Font_Music_Jukebox</font>
							<textcolor>Date</textcolor>
							<label>$INFO[MusicPlayer.offset(7).Album]</label>
						</control>
				</control>
				<control type="group">
					<posx>366</posx>
					<posy>652</posy>
						<control type="label">
							<posx>16</posx>
							<posy>6</posy>
							<width>170</width>
							<height>40</height>
							<align>center</align>
							<font>Font_Music_Jukebox</font>
							<textcolor>Date</textcolor>
							<label>$INFO[MusicPlayer.offset(8).Artist]</label>
						</control>
						<control type="label">
							<posx>24</posx>
							<posy>16</posy>
							<width>146</width>
							<height>40</height>
							<aligny>center</aligny>
							<font>Bartowski_settings_small</font>
							<textcolor>black</textcolor>
							<label>$INFO[MusicPlayer.offset(8).TrackNumber]$INFO[MusicPlayer.offset(8).Title,. ]</label>
						</control>
						<control type="label">
							<posx>16</posx>
							<posy>44</posy>
							<width>170</width>
							<height>40</height>
							<align>center</align>
							<font>Font_Music_Jukebox</font>
							<textcolor>Date</textcolor>
							<label>$INFO[MusicPlayer.offset(8).Album]</label>
						</control>
			</control>
			</control>
	</control>
		<include>Object_DebugGrid</include>
	</controls>
</window>
