<!--Alaska-->

<window id="2">
	<defaultcontrol>50</defaultcontrol>
	<allowoverlay>yes</allowoverlay>
	<controls>
		<include>Global_Background</include>
		<control type="image">
			<include>Dimensions_Fullscreen</include>
			<fadetime>400</fadetime>
			<texture>backdrops/curtains.png</texture>
			<include>Animation_CommonFade</include>
			<visible></visible>
		</control>
		<control type="largeimage" id="668">
			<include>Dimensions_Fullscreen</include>
			<texture>$INFO[listitem.filenameandpath]</texture>
			<fadetime>400</fadetime>
			<aspectratio align="top">keep</aspectratio>
			<visible>[Control.IsVisible(50) | Control.IsVisible(55)] + [substring(listitem.filenameandpath,jpg) | substring(listitem.filenameandpath,bmp) | substring(listitem.filenameandpath,png) | substring(listitem.filenameandpath,tif) | substring(listitem.filenameandpath,ico) | substring(listitem.filenameandpath,pcx) | substring(listitem.filenameandpath,tga)]</visible>
			<include>Animation_BackdropFade</include>
		</control>
		
		
		<include>Viewtype_PictureGrid</include>
		<include>Viewtype_Files</include>
		<include>PictureThumbView</include>

			
		
		<control type="image"><!-- Floor -->
			<posx>0</posx>
			<posy>650</posy>
			<width>1280</width>
			<height>70</height>
			<texture>backdrops/test2.png</texture>
			<visible>ControlGroup(7000).HasFocus + !Skin.HasSetting(LockViews)</visible>
			<include>Animation_ViewOptions_whitebar</include>
		</control>
		
		<control type="label">
			<include>WindowID</include>
			<label>MyPics.xml</label>
			<visible>Skin.HasSetting(debugmode)</visible>
		</control>	

		<control type="grouplist" id="7000">
			<include>WindowMenuVars</include>
			<visible>!Skin.HasSetting(LockViews)</visible>
			<posy>680</posy>			
			<control type="button" id="20">
				<include>WindowMenuButton</include>
				<label>$INFO[Container.ViewMode]</label>
				<onclick>Container.NextViewMode</onclick>
			</control>
			<control type="button" id="3">
				<include>WindowMenuButton</include>
				<label>103</label>
			</control>
			
			<control type="button" id="7">
				<include>WindowMenuButton</include>
				<label>361</label>
			</control>	
			<control type="button" id="9">
				<include>WindowMenuButton</include>
				<label>$LOCALIZE[31087]</label>
			</control>
		</control>
		
		<control type="grouplist">
			<include>WindowMenuVars</include>
			<visible>!Skin.HasSetting(LockViews)</visible>
			<posy>658</posy>
			<control type="button" id="40">
				<include>WindowMenuLabel</include>
				<label>$LOCALIZE[31088]</label>
			</control>
			<control type="button" id="41">
				<include>WindowMenuLabel</include>
				<label>$LOCALIZE[31090]</label>
			</control>
			
			<control type="button" id="43">
				<include>WindowMenuLabel</include>
				<label>$LOCALIZE[31095]</label>
			</control>	
			<control type="button" id="44">
				<include>WindowMenuLabel</include>
				<label>$LOCALIZE[31093]</label>
			</control>				
		</control>
		
		
		
		<include>Object_DebugGrid</include>
	
	</controls>
</window>
