<!--Alaska-->

<window id="2600">
	<defaultcontrol always="true">50</defaultcontrol>
	<allowoverlay>yes</allowoverlay>
	<controls>
		<include>Global_Background</include>
		<include>Global_Filter</include>
		<control type="label">
			<include>WindowID</include>
			<label>MyWeather.xml</label>
			<visible>Skin.HasSetting(debugmode)</visible>
		</control>
		<!-- invisible button to trigger view options -->
		<control type="button" id="50">
			<texturefocus/>
			<texturenofocus/>
			<onleft>7000</onleft>
			<onright>7000</onright>
			<onup>7000</onup>
			<ondown>7000</ondown>
			<onclick/>
		</control>
		<!-- weather End -->
		<control type="group">
			<visible>System.HasNetwork</visible>
			<posx>140</posx>
			<posy>210</posy>
			<include>Animation_ZoomedByMenu</include>
			<!-- today -->
			<control type="group" id="1000">
				<animation type="WindowOpen">
					<effect type="fade" start="0" end="100" time="600" delay="100" />
					<effect type="zoom" start="50,50" end="100,100" center="auto" time="500" delay="100" tween="back" asing="out"/>
				</animation>
				<animation  type="WindowClose">
					<effect type="fade" start="100" end="0" time="400" delay="500" />
					<effect type="zoom" end="50,50" start="100,100" center="auto" time="500" delay="500" />
				</animation>
				<posx>0</posx>
				<posy>0</posy>
				<width>225</width>
				<height>300</height>
				<!-- condition icon -->
				<!--control type="image">
					<info>Window.Property(Current.ConditionIcon)</info>
					<width>128</width>
					<height>128</height>
					<posx>50</posx>
					<posy>155</posy>
				</control-->
				<!-- label -->
				<control type="label">
					<label>Current</label>
					<width>205</width>
					<height>20</height>
					<posx>5</posx>
					<posy>10</posy>
					<font>Font_SettingsHeading</font>
					<textcolor>SettingsHeading</textcolor>
					<align>center</align>
				</control>
				<!-- current condition -->
				<control type="label">
					<info>Window.Property(Current.Condition)</info>
					<width>205</width>
					<height>35</height>
					<posx>5</posx>
					<posy>50</posy>
					<font>Font_Date</font>
					<align>center</align>
					<textcolor>Date</textcolor>
				</control>
				<!-- current temp -->
				<control type="label">
					<label>Current</label>
					<posx>5</posx>
					<posy>100</posy>
					<width>95</width>
					<height>20</height>
					<font>Font_Date</font>
					<align>center</align>
					<textcolor>Date</textcolor>
				</control>
				<control type="label">
					<label>$INFO[Window.Property(Current.Temperature)]$INFO[System.TemperatureUnits]</label>
					<width>95</width>
					<height>20</height>
					<posx>5</posx>
					<posy>120</posy>
					<font>Font_Date</font>
					<align>center</align>
					<textcolor>SettingsDetail</textcolor>
				</control>
				<!-- Feels Like -->
				<control type="label">
					<label>402</label>
					<posx>115</posx>
					<posy>100</posy>
					<width>95</width>
					<height>20</height>
					<font>Font_Date</font>
					<align>center</align>
					<textcolor>Date</textcolor>
				</control>
				<control type="label">
					<label>$INFO[Window.Property(Current.FeelsLike)]$INFO[System.TemperatureUnits]</label>
					<width>95</width>
					<height>20</height>
					<posx>115</posx>
					<posy>120</posy>
					<font>Font_Date</font>
					<align>center</align>
					<textcolor>SettingsDetail</textcolor>
				</control>
				<!-- Uv Index -->
				<control type="label">
					<label>[COLOR Date]$LOCALIZE[403]: [/COLOR] $INFO[Window.Property(Current.UVIndex)]</label>
					<width>205</width>
					<height>20</height>
					<posx>5</posx>
					<posy>155</posy>
					<font>Font_Date</font>
					<align>center</align>
					<textcolor>SettingsDetail</textcolor>
				</control>
				<!-- Dew Point -->
				<control type="label">
					<label>[COLOR Date]$LOCALIZE[405]: [/COLOR] $INFO[Window.Property(Current.DewPoint)]</label>
					<width>205</width>
					<height>20</height>
					<posx>2</posx>
					<posy>175</posy>
					<font>Font_Date</font>
					<align>center</align>
					<textcolor>SettingsDetail</textcolor>
				</control>
				<!-- Humidity -->
				<control type="label">
					<label>[COLOR Date]$LOCALIZE[406]: [/COLOR] $INFO[Window.Property(Current.Humidity)]</label>
					<width>205</width>
					<height>20</height>
					<posx>5</posx>
					<posy>195</posy>
					<font>Font_Date</font>
					<align>center</align>
					<textcolor>SettingsDetail</textcolor>
				</control>
				<!-- Wind -->
				<control type="label">
					<label>$LOCALIZE[404]</label>
					<width>205</width>
					<height>20</height>
					<posx>5</posx>
					<posy>215</posy>
					<font>Font_Date</font>
					<align>center</align>
					<textcolor>Date</textcolor>
				</control>
				<control type="label">
					<info>Window.Property(Current.Wind)</info>
					<width>205</width>
					<height>20</height>
					<posx>5</posx>
					<posy>235</posy>
					<font>Font_Date</font>
					<align>center</align>
					<textcolor>SettingsDetail</textcolor>
				</control>
			</control>
			<!-- day 0 -->
			<control type="group">
				<animation type="WindowOpen">
					<effect type="fade" start="0" end="100" time="600" delay="300" />
					<effect type="zoom" start="50,50" end="100,100" center="auto" time="500" delay="300" tween="back" asing="out"/>
				</animation>
				<animation  type="WindowClose">
					<effect type="fade" start="100" end="0" time="400" delay="200" />
					<effect type="zoom" end="50,50" start="100,100" center="auto" time="500" delay="500" />
				</animation>
				<posx>225</posx>
				<posy>0</posy>
				<width>195</width>
				<height>300</height>
				<!-- condition icon -->
				<control type="image" id="35">
					<info>Window.Property(Day0.OutlookIcon)</info>
					<width>128</width>
					<height>128</height>
					<posx>35</posx>
					<posy>155</posy>
				</control>
				<!-- day label -->
				<control type="label">
					<info>Window.Property(Day0.Title)</info>
					<width>195</width>
					<height>20</height>
					<posx>0</posx>
					<posy>10</posy>
					<font>Font_SettingsHeading</font>
					<textcolor>SettingsHeading</textcolor>
					<align>center</align>
				</control>
				<!-- condition -->
				<control type="label" id="34">
					<info>Window.Property(Day0.Outlook)</info>
					<width>175</width>
					<height>35</height>
					<posx>5</posx>
					<posy>50</posy>
					<font>Font_Date</font>
					<align>center</align>
					<textcolor>Date</textcolor>
				</control>
				<!-- high temp -->
				<control type="label">
					<label>$LOCALIZE[393]</label>
					<posx>5</posx>
					<posy>100</posy>
					<width>80</width>
					<height>20</height>
					<font>Font_Date</font>
					<align>center</align>
					<textcolor>Date</textcolor>
				</control>
				<control type="label">
					<label>$INFO[Window.Property(Day0.HighTemp)] $INFO[System.TemperatureUnits]</label>
					<posx>5</posx>
					<posy>120</posy>
					<width>80</width>
					<height>20</height>
					<font>Font_Date</font>
					<align>center</align>
					<textcolor>SettingsDetail</textcolor>
				</control>
				<!-- low temp -->
				<control type="label">
					<label>$LOCALIZE[391]</label>
					<posx>100</posx>
					<posy>100</posy>
					<width>80</width>
					<height>20</height>
					<font>Font_Date</font>
					<align>center</align>
					<textcolor>Date</textcolor>
				</control>
				<control type="label">
					<label>$INFO[Window.Property(Day0.LowTemp)] $INFO[System.TemperatureUnits]</label>
					<posx>100</posx>
					<posy>120</posy>
					<width>80</width>
					<height>20</height>
					<font>Font_Date</font>
					<align>center</align>
					<textcolor>SettingsDetail</textcolor>
				</control>
			</control>
			<!-- day 1 -->
			<control type="group">
				<animation type="WindowOpen">
					<effect type="fade" start="0" end="100" time="600" delay="500" />
					<effect type="zoom" start="50,50" end="100,100" center="auto" time="500" delay="500" tween="back" asing="out"/>
				</animation>
				<animation  type="WindowClose">
					<effect type="fade" start="100" end="0" time="400" delay="100" />
					<effect type="zoom" end="50,50" start="100,100" center="auto" time="500" delay="100" />
				</animation>
				<posx>420</posx>
				<posy>0</posy>
				<width>195</width>
				<height>300</height>
				<!-- condition icon -->
				<control type="image" id="35">
					<info>Window.Property(Day1.OutlookIcon)</info>
					<width>128</width>
					<height>128</height>
					<posx>35</posx>
					<posy>155</posy>
				</control>
				<!-- day label -->
				<control type="label">
					<info>Window.Property(Day1.Title)</info>
					<width>195</width>
					<height>20</height>
					<posx>0</posx>
					<posy>10</posy>
					<font>Font_SettingsHeading</font>
					<textcolor>SettingsHeading</textcolor>
					<align>center</align>
				</control>
				<!-- condition -->
				<control type="label" id="34">
					<info>Window.Property(Day1.Outlook)</info>
					<width>175</width>
					<height>35</height>
					<posx>5</posx>
					<posy>50</posy>
					<font>Font_Date</font>
					<align>center</align>
					<textcolor>Date</textcolor>
				</control>
				<!-- high temp -->
				<control type="label">
					<label>$LOCALIZE[393]</label>
					<posx>5</posx>
					<posy>100</posy>
					<width>80</width>
					<height>20</height>
					<font>Font_Date</font>
					<align>center</align>
					<textcolor>Date</textcolor>
				</control>
				<control type="label">
					<label>$INFO[Window.Property(Day1.HighTemp)] $INFO[System.TemperatureUnits]</label>
					<posx>5</posx>
					<posy>120</posy>
					<width>80</width>
					<height>20</height>
					<font>Font_Date</font>
					<align>center</align>
					<textcolor>SettingsDetail</textcolor>
				</control>
				<!-- low temp -->
				<control type="label">
					<label>$LOCALIZE[391]</label>
					<posx>100</posx>
					<posy>100</posy>
					<width>80</width>
					<height>20</height>
					<font>Font_Date</font>
					<align>center</align>
					<textcolor>Date</textcolor>
				</control>
				<control type="label">
					<label>$INFO[Window.Property(Day1.LowTemp)] $INFO[System.TemperatureUnits]</label>
					<posx>100</posx>
					<posy>120</posy>
					<width>80</width>
					<height>20</height>
					<font>Font_Date</font>
					<align>center</align>
					<textcolor>SettingsDetail</textcolor>
				</control>
			</control>
			<!-- day 2 -->
			<control type="group">
				<animation type="WindowOpen">
					<effect type="fade" start="0" end="100" time="600" delay="200" />
					<effect type="zoom" start="50,50" end="100,100" center="auto" time="500" delay="200" tween="back" asing="out"/>
				</animation>
				<animation  type="WindowClose">
					<effect type="fade" start="100" end="0" time="400" delay="400" />
					<effect type="zoom" end="50,50" start="100,100" center="auto" time="500" delay="400" />
				</animation>
				<posx>615</posx>
				<posy>0</posy>
				<width>195</width>
				<height>300</height>
				<!-- condition icon -->
				<control type="image" id="35">
					<info>Window.Property(Day2.OutlookIcon)</info>
					<width>128</width>
					<height>128</height>
					<posx>35</posx>
					<posy>155</posy>
				</control>
				<!-- day label -->
				<control type="label">
					<info>Window.Property(Day2.Title)</info>
					<width>195</width>
					<height>20</height>
					<posx>0</posx>
					<posy>10</posy>
					<font>Font_SettingsHeading</font>
					<textcolor>SettingsHeading</textcolor>
					<align>center</align>
				</control>
				<!-- condition -->
				<control type="label" id="34">
					<info>Window.Property(Day2.Outlook)</info>
					<width>175</width>
					<height>35</height>
					<posx>5</posx>
					<posy>50</posy>
					<font>Font_Date</font>
					<align>center</align>
					<textcolor>Date</textcolor>
				</control>
				<!-- high temp -->
				<control type="label">
					<label>$LOCALIZE[393]</label>
					<posx>5</posx>
					<posy>100</posy>
					<width>80</width>
					<height>20</height>
					<font>Font_Date</font>
					<align>center</align>
					<textcolor>Date</textcolor>
				</control>
				<control type="label">
					<label>$INFO[Window.Property(Day2.HighTemp)] $INFO[System.TemperatureUnits]</label>
					<posx>5</posx>
					<posy>120</posy>
					<width>80</width>
					<height>20</height>
					<font>Font_Date</font>
					<align>center</align>
					<textcolor>SettingsDetail</textcolor>
				</control>
				<!-- low temp -->
				<control type="label">
					<label>$LOCALIZE[391]</label>
					<posx>100</posx>
					<posy>100</posy>
					<width>80</width>
					<height>20</height>
					<font>Font_Date</font>
					<align>center</align>
					<textcolor>Date</textcolor>
				</control>
				<control type="label">
					<label>$INFO[Window.Property(Day2.LowTemp)] $INFO[System.TemperatureUnits]</label>
					<posx>100</posx>
					<posy>120</posy>
					<width>80</width>
					<height>20</height>
					<font>Font_Date</font>
					<align>center</align>
					<textcolor>SettingsDetail</textcolor>
				</control>
			</control>
			<!-- day 3 -->
			<control type="group">
				<animation type="WindowOpen">
					<effect type="fade" start="0" end="100" time="600" delay="400" />
					<effect type="zoom" start="50,50" end="100,100" center="auto" time="500" delay="400" tween="back" asing="out"/>
				</animation>
				<animation  type="WindowClose">
					<effect type="fade" start="100" end="0" time="400" delay="200" />
					<effect type="zoom" end="50,50" start="100,100" center="auto" time="500" delay="200" />
				</animation>
				<posx>810</posx>
				<posy>0</posy>
				<width>195</width>
				<height>300</height>
				<!-- condition icon -->
				<control type="image">
					<info>Window.Property(Day3.OutlookIcon)</info>
					<width>128</width>
					<height>128</height>
					<posx>35</posx>
					<posy>155</posy>
				</control>
				<!-- day label -->
				<control type="label">
					<info>Window.Property(Day3.Title)</info>
					<width>195</width>
					<height>20</height>
					<posx>0</posx>
					<posy>10</posy>
					<font>Font_SettingsHeading</font>
					<textcolor>SettingsHeading</textcolor>
					<align>center</align>
				</control>
				<!-- condition -->
				<control type="label" id="34">
					<info>Window.Property(Day3.Outlook)</info>
					<width>175</width>
					<height>35</height>
					<posx>5</posx>
					<posy>50</posy>
					<font>Font_Date</font>
					<align>center</align>
					<textcolor>Date</textcolor>
				</control>
				<!-- high temp -->
				<control type="label">
					<label>$LOCALIZE[393]</label>
					<posx>5</posx>
					<posy>100</posy>
					<width>80</width>
					<height>20</height>
					<font>Font_Date</font>
					<align>center</align>
					<textcolor>Date</textcolor>
				</control>
				<control type="label">
					<label>$INFO[Window.Property(Day3.HighTemp)] $INFO[System.TemperatureUnits]</label>
					<posx>5</posx>
					<posy>120</posy>
					<width>80</width>
					<height>20</height>
					<font>Font_Date</font>
					<align>center</align>
					<textcolor>SettingsDetail</textcolor>
				</control>
				<!-- low temp -->
				<control type="label">
					<label>$LOCALIZE[391]</label>
					<posx>100</posx>
					<posy>100</posy>
					<width>80</width>
					<height>20</height>
					<font>Font_Date</font>
					<align>center</align>
					<textcolor>Date</textcolor>
				</control>
				<control type="label">
					<label>$INFO[Window.Property(Day3.LowTemp)] $INFO[System.TemperatureUnits]</label>
					<posx>100</posx>
					<posy>120</posy>
					<width>80</width>
					<height>20</height>
					<font>Font_Date</font>
					<align>center</align>
					<textcolor>SettingsDetail</textcolor>
				</control>
			</control>
		</control>
		<!-- view options -->
		<include>Global_ContextFilter</include>
		<control type="grouplist" id="7000">
			<posx>260</posx>
			<include>WindowMenuVars</include>
			<posy>330</posy>
			<!-- refresh -->
			<control type="button" id="2">
				<label>184</label>
				<include>WindowMenuButton</include>
				<animation type="conditional" condition="!ControlGroup(7000).HasFocus(2)">
					<effect type="zoom" center="100,0" start="100" end="70" time="200" tween="cubic" easing="in" />
					<effect type="fade" start="100" end="50" time="200" />
				</animation>
			</control>
			<!-- settings -->
			<control type="button" id="4">
				<label>8</label>
				<include>WindowMenuButton</include>
				<onclick>ActivateWindow(weathersettings)</onclick>
				<animation type="conditional" condition="!ControlGroup(7000).HasFocus(4)">
					<effect type="zoom" center="100,0" start="100" end="70" time="200" tween="cubic" easing="in" />
					<effect type="fade" start="100" end="50" time="200" />
				</animation>
			</control>
			<!-- location -->
			<control type="spincontrol" id="3">
				<description>hidden location control</description>
				<posx>0</posx>
				<posy>0</posy>
				<width>1</width>
				<height>1</height>
				<visible>false</visible>
			</control>
			<control type="button" id="7001">
				<label>$INFO[Weather.Location]</label>
				<align>left</align>
				<include>WindowMenuButton</include>
				<onclick>Control.Message(3,movedown)</onclick>
				<animation type="conditional" condition="!ControlGroup(7000).HasFocus(7001)">
					<effect type="zoom" center="100,0" start="100" end="70" time="200" tween="cubic" easing="in" />
					<effect type="fade" start="100" end="50" time="200" />
				</animation>
			</control>
		</control>
		<control type="grouplist">
			<posx>260</posx>
			<include>WindowMenuVars</include>
			<posy>307</posy>
			<control type="button" id="7041">
				<include>WindowMenuLabel</include>
				<label>8</label>
				<animation type="conditional" condition="!ControlGroup(7000).HasFocus(2)">
					<effect type="zoom" center="100,30" start="100" end="70" time="200" tween="cubic" easing="in" />
					<effect type="fade" start="100" end="50" time="200" />
				</animation>
			</control>
			<control type="button" id="7042">
				<include>WindowMenuLabel</include>
				<label>5</label>
				<animation type="conditional" condition="!ControlGroup(7000).HasFocus(4)">
					<effect type="zoom" center="100,30" start="100" end="70" time="200" tween="cubic" easing="in" />
					<effect type="fade" start="100" end="50" time="200" />
				</animation>
			</control>
			<control type="button" id="7040">
				<include>WindowMenuLabel</include>
				<label>396</label>
				<animation type="conditional" condition="!ControlGroup(7000).HasFocus(7001)">
					<effect type="zoom" center="100,30" start="100" end="70" time="200" tween="cubic" easing="in" />
					<effect type="fade" start="100" end="50" time="200" />
				</animation>
			</control>
		</control>
		<!-- Heading -->
		<control type="group">
			<posx>30</posx>
			<posy>30</posy>
			<include>Animation_SlideDownFadeOut</include>
			<control type="label">
				<label>8</label>
				<include>Global_HeadingSectionVars</include>
			</control>
			<control type="label">
				<!-- LOC -->
				<label>[B]Location:[/B] $INFO[Weather.Location]</label>
				<include>Global_HeadingDetailVars</include>
			</control>
			<control type="label">
				<!-- LOC -->
				<label>[B]Last Updated:[/B] $INFO[Window.Property(Updated)]</label>
				<posy>60</posy>
				<include>Global_HeadingDetailVars</include>
			</control>
		</control>
		<include>Global_Time</include>
		<include>Global_RSS</include>
		<include>Object_DebugGrid</include>
	</controls>
</window>