<!--Empty-->

<window id="130">
	<defaultcontrol always="true">5</defaultcontrol>

	<coordinates>
		<system>1</system>
		<posx>360</posx>
		<posy>120</posy>
	</coordinates>

	<controls>

		<control type="image" id="0">
			<description>Back Panel</description>
			<posx>-30</posx>
			<posy>-30</posy>
			<width>620</width>
			<height>500</height>
			<texture>favourites/favourites_panel.png</texture>
			<colordiffuse>FavListPanel</colordiffuse>
		</control>

		<control type="label">
			<include>DialogID</include>
			<label>ProfileSettings.xml</label>
			<visible>Skin.HasSetting(debugmode)</visible>
		</control>

		<control type="label" id="1000">
			<description>Profile Name</description>
			<posx>10</posx>
			<posy>40</posy>
			<width>500</width>
		</control>
		<control type="label" id="1001">
			<description>Profile Directory</description>
			<posx>10</posx>
			<posy>72</posy>
			<width>500</width>
		</control>

		<control type="grouplist" id="5">
			<description>control_area</description>
			<posx>10</posx>
			<posy>104</posy>
			<width>500</width>
			<height>300</height>
			<itemgap>2</itemgap>
			<orientation>vertical</orientation>
			<pagecontrol>60</pagecontrol>
			<onleft>28</onleft>
			<onright>60</onright>
			<onup>28</onup>
			<ondown>28</ondown>
		</control>
		<control type="button" id="7">
			<description>button</description>
		</control>
		<control type="radiobutton" id="8">
			<description>radio_button</description>
		</control>
		<control type="spincontrolex" id="9">
			<description>spin_controlex</description>
		</control>

		<control type="button" id="28">
			<description>Ok</description>
			<posx>200</posx>
			<posy>390</posy>
			<label>$LOCALIZE[186]</label>
			<onleft>5</onleft>
			<onright>29</onright>
			<onup>5</onup>
			<ondown>5</ondown>
		</control>
		<control type="button" id="29">
			<description>Cancel</description>
			<posx>360</posx>
			<posy>390</posy>
			<label>$LOCALIZE[222]</label>
			<onleft>28</onleft>
			<onright>5</onright>
			<onup>5</onup>
			<ondown>5</ondown>
		</control>

		<include>Object_DebugGrid</include>

	</controls>

</window>