<!--Alaska-->

<includes>

	<include name="Viewtype_Fanart">

		<!-- Browser -->
		<control type="image"><!-- 1st overlay -->
			<visible>Control.IsVisible(56) + [Container.Content(movies) | Container.Content(tvshows)]</visible>
			<posx>0</posx>
			<posy>0</posy>
			<width>1280</width>
			<height>720</height>
			<texture>panel/panel-back.png</texture>
		</control>
		<control type="largeimage">
			<visible>Control.IsVisible(56) + [Container.Content(movies) | Container.Content(tvshows)] + !Player.HasVideo</visible>
			<posx>0</posx>
			<posy>0</posy>
			<width>570</width>
			<height>318</height>
			<texture diffuse="Showcase/showcase-diffuse.png">$INFO[Container(56).listitem.property(fanart_image)]</texture>
			<fadetime>400</fadetime>
			<aspectratio>stretch</aspectratio>
			<include>Animation_HiddenByInfo</include>
			<include>Animation_Viewtype_Panel_Fanart</include>
		</control>
		
		<control type="panel" id="56">
			<visible>!Skin.HasSetting(no_Panel) + [Container.Content(Movies) | [Container.Content(tvshows) + Skin.HasSetting(TVPosters)]]</visible>
			<posx>520</posx>
			<posy>-105</posy><!-- -105 -->
			<width>800</width>
			<height>885</height><!-- 1570  1280 -->
			<scrolltime>300</scrolltime>
			<orientation>vertical</orientation>
			<viewtype label="Panel">List</viewtype>
			<onleft>7000</onleft>
			<onright>65</onright>
			<onup>56</onup>
			<ondown>56</ondown>
			<preloaditems>2</preloaditems>
			<pagecontrol>65</pagecontrol>
			<include>Animation_Viewtype_Panel_FocusArea</include>
			<include>Animation_HiddenByInfo</include>
			<itemlayout width="230" height="350">
			<control type="group">
			<posx>60</posx>
			<posy>0</posy>
				<control type="image">
					<posx>1</posx>
					<posy>131</posy>
					<width>215</width>
					<height>320</height>
					<texture>postermatteNF.png</texture>
				</control>
				<control type="image">
					<posx>1</posx>
					<posy>131</posy>
					<width>215</width>
					<height>320</height>
					<texture background="true" diffuse="postermatteNF.png">$INFO[ListItem.Icon]</texture>
					<fadetime>200</fadetime>
					<aspectratio scalediffuse="false">stretch</aspectratio>
					<visible>!Container.Content(Genres)</visible>
				</control>
				<control type="image">
					<posx>1</posx>
					<posy>131</posy>
					<width>215</width>
					<height>320</height>
					<texture>postermatteNF.png</texture>
					<colordiffuse>89000000</colordiffuse>
				</control>
				<control type="image">
					<posx>1</posx>
					<posy>131</posy>
					<width>215</width>
					<height>320</height>
					<texture background="true" diffuse="postermatteNF.png" fallback="defaultmoviegenre.jpg">extras\moviegenres\$INFO[ListItem.Label].jpg</texture>
					<fadetime>200</fadetime>
					<colordiffuse>89FFFFFF</colordiffuse>
					<aspectratio scalediffuse="false">stretch</aspectratio>
					<visible>Container.Content(Genres)</visible>
				</control>
				<control type="image">
					<posx>-12</posx>
					<posy>118</posy>
					<width>240</width>
					<height>346</height>
					<texture>posterframeF.png</texture>
					<colordiffuse>39FFFFFF</colordiffuse>
				</control>
				<control type="image">
					<posx>0</posx>
					<posy>130</posy>
					<width>216</width>
					<height>322</height>
					<texture>posterframeNF.png</texture>
				</control>
				<control type="image">
					<posx>140</posx>
					<posy>406</posy>
					<width>100</width>
					<height>76</height>
					<texture>dialogs/movies/$INFO[ListItem.Overlay]</texture>
					<visible>Skin.HasSetting(movieoverlays) + !IsEmpty(ListItem.Overlay)</visible>
				</control>
			</control>
			</itemlayout>
			
			<focusedlayout width="300" height="184">
			<control type="group">
			<posx>60</posx>
			<posy>0</posy>
				<control type="image">
					<posx>-90</posx>
					<posy>38</posy>
					<width>392</width>
					<height>500</height>
					<texture>panel/panel_poster_back.png</texture>
					<animation type="Focus" reversible="false">
						<effect type="zoom" center="auto" start="51" end="110" time="600" tween="back" easing="out" />
						<effect type="fade" start="0" end="60" time="800" />
					</animation>
				</control>
				<control type="image">
					<posx>1</posx>
					<posy>131</posy>
					<width>215</width>
					<height>320</height>
					<texture>postermatteNF.png</texture>
					<animation type="Focus" reversible="false">
						<effect type="zoom" center="auto" start="51" end="110" time="600" tween="back" easing="out" />
					</animation>
				</control>
				<control type="image">
					<posx>1</posx>
					<posy>131</posy>
					<width>215</width>
					<height>320</height>
					<texture background="true" diffuse="postermatteNF.png">$INFO[ListItem.Icon]</texture>
					<fadetime>200</fadetime>
					<aspectratio scalediffuse="false">stretch</aspectratio>
					<visible>!Container.Content(Genres)</visible>
					<animation type="Focus" reversible="false">
						<effect type="zoom" center="auto" start="51" end="110" time="600" tween="back" easing="out" />
					</animation>
				</control>
				<control type="image">
					<posx>1</posx>
					<posy>131</posy>
					<width>215</width>
					<height>320</height>
					<texture background="true" diffuse="postermatteNF.png" fallback="defaultmoviegenre.jpg">extras\moviegenres\$INFO[ListItem.Label].jpg</texture>
					<fadetime>200</fadetime>
					<colordiffuse>89FFFFFF</colordiffuse>
					<aspectratio scalediffuse="false">stretch</aspectratio>
					<visible>Container.Content(Genres)</visible>
					<animation type="Focus" reversible="false">
						<effect type="zoom" center="auto" start="51" end="110" time="600" tween="back" easing="out" />
					</animation>
				</control>
				<control type="image">
					<posx>-12</posx>
					<posy>118</posy>
					<width>240</width>
					<height>346</height>
					<texture>posterframeF.png</texture>
					<animation type="Focus" reversible="false">
						<effect type="zoom" center="auto" start="51" end="110" time="600" tween="back" easing="out" />
					</animation>
				</control>
				<control type="image">
					<posx>0</posx>
					<posy>130</posy>
					<width>216</width>
					<height>322</height>
					<texture>posterframeNF.png</texture>
					<animation type="Focus" reversible="false">
						<effect type="zoom" center="auto" start="51" end="110" time="600" tween="back" easing="out" />
					</animation>
				</control>
				<control type="image">
					<posx>146</posx>
					<posy>422</posy>
					<width>100</width>
					<height>76</height>
					<texture>dialogs/movies/$INFO[ListItem.Overlay]</texture>
					<animation type="Focus" reversible="false">
						<effect type="zoom" center="auto" start="51" end="110" time="600" tween="back" easing="out" />
					</animation>
					<visible>Skin.HasSetting(movieoverlays) + !IsEmpty(ListItem.Overlay)</visible>
				</control>
			</control>
			</focusedlayout>
		</control>
		
			<!-- Browser label and flags -->
	<control type="group">
	<include>Animation_Viewtype_Panel_Title</include>
	<include>Animation_HiddenByInfo</include>
	<visible>Control.IsVisible(56)</visible>
		<control type="label"><!--Movie title-->
			<visible>Container.Content(movies)</visible>
			<posx>15</posx>
			<posy>320</posy>
			<width>555</width>
			<height>50</height>
			<align>center</align>
			<font>Font_InfoYear2</font>
			<textcolor>ff67ffff</textcolor>
			<label>$INFO[ListItem.Label]</label>
		</control>
		<control type="largeimage" id="7017">
			<visible>Container.Content(tvshows)</visible>
			<posx>160</posx>
			<posy>300</posy>
			<width>230</width>
			<height>89</height>
			<texture>$INFO[ListItem.path]logo.png</texture>
			<fadetime>100</fadetime>
			<aspectratio scalediffuse="false">stretch</aspectratio>
		</control>
		<control type="label">
			<visible>Container.Content(tvshows) + IsEmpty(Control.GetLabel(7017))</visible>
			<posx>15</posx>
			<posy>358</posy>
			<width>555</width>
			<height>50</height>
			<align>center</align>
			<font>Font_Bartowski_Showcase_runtime_year</font>
			<textcolor>ffffffff</textcolor>
			<label>$INFO[ListItem.Genre]</label>
		</control>
		<control type="label">
			<visible>Container.Content(movies)</visible>
			<posx>15</posx>
			<posy>356</posy>
			<width>555</width>
			<height>50</height>
			<align>center</align>
			<font>Font_Bartowski_Showcase_runtime_year</font>
			<textcolor>ffffffff</textcolor>
			<label>$INFO[ListItem.Duration]</label>
		</control>
	</control>
	<control type="group">
	<visible>Control.IsVisible(56)</visible>
	<include>Animation_HiddenByInfo</include>
		<control type="textbox">
			<visible>Container.Content(movies) + !Player.HasAudio</visible>
			<posx>15</posx>
			<posy>390</posy>
			<width>540</width>
			<height>264</height>
			<font>Font_Bartowski_Showcase_plot</font>
			<textcolor>ffffffff</textcolor>
			<label>$INFO[ListItem.Plot]</label>
			<align>justify</align>
			<autoscroll time="3000" delay="5000" repeat="5000">Skin.HasSetting(autoscroll)</autoscroll>
			<include>Animation_Viewtype_Panel_BottomArea</include>
		</control>
		<control type="textbox">
			<visible>Container.Content(movies) + Player.HasAudio</visible>
			<posx>15</posx>
			<posy>390</posy>
			<width>540</width>
			<height>170</height>
			<font>Font_Bartowski_Showcase_plot</font>
			<textcolor>ffffffff</textcolor>
			<label>$INFO[ListItem.Plot]</label>
			<autoscroll time="3000" delay="5000" repeat="5000">Skin.HasSetting(autoscroll)</autoscroll>
			<include>Animation_Viewtype_Panel_BottomArea</include>
		</control>
		<control type="image">
			<visible>Container.Content(movies) | Container.Content(tvshows)</visible>
			<posx>0</posx>
			<posy>0</posy>
			<width>1280</width>
			<height>720</height>
			<texture>panel/last-overlay.png</texture>
		</control>
		<control type="grouplist">
			<visible>Container.Content(movies) + !Skin.HasSetting(no_media_flags)</visible>
			<description>Media Codec Flagging Images</description>
			<posx>20</posx>
			<posy>680</posy>
			<width>540</width>
			<align>center</align>
			<itemgap>0</itemgap>
			<orientation>horizontal</orientation>
			<include>VideoCodecFlaggingConditions</include>
			<include>AudioCodecFlaggingConditions</include>
			<include>AspectCodecFlaggingConditions</include>
			<include>VideoTypeHackFlaggingConditions</include>
			<include>VideoMPAAFlaggingConditions</include>
			<include>Animation_HiddenByInfo</include>
			<include>Animation_Viewtype_Panel_BottomArea</include>
		</control>
	</control>
	<control type="scrollbar" id="65">
		<include>Animation_ZoomInZoomOut</include>
		<include>Animation_ZoomedByMenu</include>
		<posx>1280</posx>
		<posy>100</posy>
		<width>25</width>
		<height>460</height>
		<visible allowhiddenfocus="true">Control.IsVisible(56) + Control.HasFocus(65)</visible>
		<texturesliderbackground border="0,14,0,14">ScrollBarV.png</texturesliderbackground>
		<textureslidernibfocus>ScrollBarV_Nib_Focus1.png</textureslidernibfocus>
		<onleft>56</onleft>
		<showonepage>false</showonepage>
		<orientation>vertical</orientation>
		<include>Animation_CommonFade</include>
		<animation effect="slide" start="0,0" end="-40,0" time="400" tween="cubic" easing="inout" condition="Control.HasFocus(65)">Conditional</animation>
	</control>
		<include>Trailer_Panel</include>
		<include>Music_Global_Showcase</include>
	</include>
</includes>
