<!--Alaska-->

<includes>
	<include name="Viewtype_Showcase">
		<!-- Browser sdfds-->
		
		
		<control type="image">
			<visible>Control.IsVisible(58) + Container.Content(movies)</visible>
			<posx>0</posx>
			<posy>0</posy>
			<width>1280</width>
			<height>720</height>
			<texture>music/music_backdrop3.png</texture>
		</control>
		<control type="label"><!--Big Title-->
			<visible>Control.IsVisible(58) + Container.Content(movies) + Skin.HasSetting(ShowcaseFanart)</visible>
			<animation effect="slide" start="0,0" end="0,-70" time="1000" delay="600" tween="cubic" easing="inout" condition="Control.IsVisible(58) + Container.Content(movies) + Skin.HasSetting(ShowcaseFanart)">Conditional</animation>
			<posx>0</posx>
			<posy>370</posy>
			<width>1280</width>
			<height>50</height>
			<align>center</align>
			<font>Font_Bartowski_BigMusic</font>
			<shadowcolor>678b8b8b</shadowcolor>
			<textcolor>678b8b8b</textcolor>
			<label>$INFO[ListItem.label]</label>
			<include>Animation_HiddenByInfo</include>
		</control>
		<control type="label"><!--Big Title-->
			<visible>Control.IsVisible(58) + Container.Content(movies) + IsEmpty(ListItem.Title)</visible>
			<animation effect="slide" start="0,0" end="0,-70" time="1000" delay="600" tween="cubic" easing="inout" condition="Control.IsVisible(58) + Container.Content(movies) + Skin.HasSetting(ShowcaseFanart)">Conditional</animation>
			<animation effect="slide" start="0,0" end="0,-110" time="1000" delay="600" tween="cubic" easing="inout" condition="Control.IsVisible(58) + Container.Content(movies)">Conditional</animation>
			<posx>0</posx>
			<posy>370</posy>
			<width>1280</width>
			<height>50</height>
			<align>center</align>
			<font>Font_Bartowski_BigMusic</font>
			<shadowcolor>678b8b8b</shadowcolor>
			<textcolor>678b8b8b</textcolor>
			<label>GO BACK</label>
			<include>Animation_HiddenByInfo</include>
		</control>
		
		
		<control type="largeimage">
			<visible>Control.IsVisible(58) + Container.Content(movies) + !Player.HasVideo + !Skin.HasSetting(ShowcaseFanart)</visible>
			<posx>0</posx>
			<posy>0</posy>
			<width>436</width>
			<height>244</height>
			<texture diffuse="Showcase/showcase-diffuse.png" fallback="special://skin/media/backgrounds/missing.jpg">$INFO[Container(58).listitem.property(fanart_image)]</texture>
			<fadetime>400</fadetime>
			<aspectratio>stretch</aspectratio>
			<include>Animation_PosterInfoSlide</include>					
			<include>Animation_SlideUpFadeOut</include>
			<include>Animation_HiddenByInfo</include>
			<include>Animation_ZoomedByMenu</include>
		</control>
<!--------
----------
MOVIE SECTION
----------
---------->	
		<control type="wraplist" id="58">
			<posx>-135</posx>
			<posy>290</posy>
			<height>515</height>
			<width>1920</width>
			<onleft>50</onleft>
			<onright>50</onright>
			<onup>67</onup>
			<ondown>XBMC.PlayMedia($INFO[ListItem.Trailer],1,noresume)</ondown>
			<viewtype label="Showcase">list</viewtype>
			<orientation>horizontal</orientation>
			<focusposition>4</focusposition>
			<scrolltime>400</scrolltime>
			<preloaditems>2</preloaditems>
			<pagecontrol>67</pagecontrol>
			<include>Animation_Viewtype_Showcase_FocusArea</include>
			<include>Animation_HiddenByInfo</include>
			<visible>!Skin.HasSetting(no_Showcase) + Container.Content(movies)</visible>
			<itemlayout width="168" height="245">
				<control type="image">
					<posx>1</posx>
					<posy>131</posy>
					<width>162</width>
					<height>241</height>
					<texture background="true" diffuse="postermatteNF.png">$INFO[ListItem.Icon]</texture>
					<fadetime>200</fadetime>
					<aspectratio scalediffuse="false">stretch</aspectratio>
					<visible>!Container.Content(Genres)</visible>
					<animation effect="slide" start="0,0" end="0,20" time="0" tween="cubic" easing="inout" condition="Control.IsVisible(58) + Container.Content(movies) + Skin.HasSetting(ShowcaseFanart)">Conditional</animation>
				</control>
				<control type="image">
					<posx>-8</posx>
					<posy>122</posy>
					<width>180</width>
					<height>260</height>
					<texture>posterframeF.png</texture>
					<colordiffuse>39FFFFFF</colordiffuse>
					<animation effect="slide" start="0,0" end="0,20" time="0" tween="cubic" easing="inout" condition="Control.IsVisible(58) + Container.Content(movies) + Skin.HasSetting(ShowcaseFanart)">Conditional</animation>
				</control>
				<control type="image">
					<posx>1</posx>
					<posy>131</posy>
					<width>162</width>
					<height>241</height>
					<texture background="true" diffuse="postermatteNF.png" fallback="defaultmoviegenre.jpg">extras\moviegenres\$INFO[ListItem.Label].jpg</texture>
					<fadetime>200</fadetime>
					<colordiffuse>89FFFFFF</colordiffuse>
					<aspectratio scalediffuse="false">stretch</aspectratio>
					<visible>Container.Content(Genres)</visible>
					<animation effect="slide" start="0,0" end="0,20" time="0" tween="cubic" easing="inout" condition="Control.IsVisible(58) + Container.Content(movies) + Skin.HasSetting(ShowcaseFanart)">Conditional</animation>
				</control>
				<control type="image">
					<posx>1</posx>
					<posy>374</posy>
					<width>162</width>
					<height>241</height>
					<texture background="true" flipy="true" diffuse="movie-poster/Movie_Thumb_Mask.png">$INFO[ListItem.Icon]</texture>
					<colordiffuse>69FFFFFF</colordiffuse>
					<fadetime>200</fadetime>
					<aspectratio scalediffuse="false">stretch</aspectratio>
					<visible>!Container.Content(Genres)</visible>
					<animation effect="slide" start="0,0" end="0,20" time="0" tween="cubic" easing="inout" condition="Control.IsVisible(58) + Container.Content(movies) + Skin.HasSetting(ShowcaseFanart)">Conditional</animation>
				</control>
				<control type="image">
					<posx>1</posx>
					<posy>373</posy>
					<width>162</width>
					<height>241</height>
					<texture background="true" flipy="true" diffuse="postermatteNF_reflect.png" fallback="defaultmoviegenre.jpg">extras\moviegenres\$INFO[ListItem.Label].jpg</texture>
					<fadetime>200</fadetime>
					<colordiffuse>69FFFFFF</colordiffuse>
					<visible>Container.Content(Genres)</visible>
					<animation effect="slide" start="0,0" end="0,20" time="0" tween="cubic" easing="inout" condition="Control.IsVisible(58) + Container.Content(movies) + Skin.HasSetting(ShowcaseFanart)">Conditional</animation>
				</control>
				<control type="image">
					<posx>90</posx>
					<posy>326</posy>
					<width>100</width>
					<height>76</height>
					<texture>dialogs/movies/$INFO[ListItem.Overlay]</texture>
					<visible>Skin.HasSetting(movieoverlays) + !IsEmpty(ListItem.Overlay)</visible>
				</control>
			</itemlayout>
			
			<focusedlayout width="210" height="515">
				<control type="image">
					<posx>-110</posx>
					<posy>-22</posy>
					<width>424</width>
					<height>526</height>
					<texture>showcase/showcase_glow.png</texture>
					<include>Animation_HiddenByInfo</include>
					<animation type="Focus" reversible="false">
						<effect type="zoom" center="90,258" start="81" end="100" time="400" tween="back" easing="out" />
						<effect type="fade" start="0" end="100" time="1000" delay="400"/>
					</animation>
					<animation effect="slide" start="0,0" end="0,30" time="0" tween="cubic" easing="inout" condition="Control.IsVisible(58) + Container.Content(movies) + Skin.HasSetting(ShowcaseFanart)">Conditional</animation>
				</control>
				<control type="image">
					<posx>2</posx>
					<posy>90</posy>
					<width>201</width>
					<height>300</height>
					<texture background="true" diffuse="postermatte.png">$INFO[ListItem.Icon]</texture>
					<fadetime>200</fadetime>
					<aspectratio scalediffuse="false">stretch</aspectratio>
					<include>Animation_HiddenByInfo</include>
					<animation type="Focus" reversible="false">
						<effect type="zoom" center="80,238" start="81" end="100" time="400" tween="back" easing="out" />
					</animation>
					<animation effect="slide" start="0,0" end="0,30" time="0" tween="cubic" easing="inout" condition="Control.IsVisible(58) + Container.Content(movies) + Skin.HasSetting(ShowcaseFanart)">Conditional</animation>
					<visible>!Container.Content(Genres)</visible>
				</control>
				<control type="image">
					<posx>2</posx>
					<posy>394</posy>
					<width>201</width>
					<height>300</height>
					<texture background="true" flipy="true" diffuse="postermatte.png">$INFO[ListItem.Icon]</texture>
					<fadetime>200</fadetime>
					<aspectratio scalediffuse="false">stretch</aspectratio>
					<include>Animation_HiddenByInfo</include>
					<animation type="Focus" reversible="false">
						<effect type="zoom" center="80,238" start="81" end="100" time="400" tween="back" easing="out" />
						<effect type="fade" start="0" end="60" time="600" />
					</animation>
					<animation effect="slide" start="0,0" end="0,30" time="0" tween="cubic" easing="inout" condition="Control.IsVisible(58) + Container.Content(movies) + Skin.HasSetting(ShowcaseFanart)">Conditional</animation>
					<visible>!Container.Content(Genres)</visible>
				</control>
				<control type="image">
					<posx>2</posx>
					<posy>20</posy>
					<width>223</width>
					<height>333</height>
					<texture background="true" diffuse="postermatte.png" fallback="defaultmoviegenre.jpg">extras\moviegenres\$INFO[ListItem.Label].jpg</texture>
					<fadetime>200</fadetime>
					<aspectratio scalediffuse="false">stretch</aspectratio>
					<include>Animation_HiddenByInfo</include>
					<animation type="Focus" reversible="false">
						<effect type="zoom" center="160,238" start="81" end="100" time="400" tween="back" easing="out" />
					</animation>
					<visible>Container.Content(Genres)</visible>
				</control>
				<control type="image">
					<posx>-10</posx>
					<posy>78</posy>
					<width>225</width>
					<height>325</height>
					<texture>posterframeF.png</texture>
					<include>Animation_HiddenByInfo</include>
					<animation type="Focus" reversible="false">
						<effect type="zoom" center="90,258" start="81" end="100" time="300" tween="back" easing="out" />
						<effect type="fade" start="0" end="60" time="600" />
					</animation>
					<animation effect="slide" start="0,0" end="0,30" time="0" tween="cubic" easing="inout" condition="Control.IsVisible(58) + Container.Content(movies) + Skin.HasSetting(ShowcaseFanart)">Conditional</animation>
				</control>
				<control type="image">
					<posx>130</posx>
					<posy>344</posy>
					<width>100</width>
					<height>76</height>
					<texture>dialogs/movies/$INFO[ListItem.Overlay]</texture>
					<animation type="Focus" reversible="false">
						<effect type="zoom" center="90,258" start="81" end="100" time="300" tween="back" easing="out" />
					</animation>
					<visible>Skin.HasSetting(movieoverlays) + !IsEmpty(ListItem.Overlay)</visible>
				</control>
			</focusedlayout>
		</control>
	
		
		
		<control type="textbox">
				<visible>Control.IsVisible(58) + Container.Content(movies) + !Skin.HasSetting(ShowcaseFanart)</visible>
				<posx>460</posx>
				<posy>25</posy>
				<width>540</width>
				<height>336</height>
				<font>Font_Bartowski_Showcase_plot</font>
				<textcolor>ffffffff</textcolor>
				<label>$INFO[ListItem.Plot]</label>
				<align>justify</align>
				<autoscroll time="3000" delay="5000" repeat="5000">Skin.HasSetting(autoscroll)</autoscroll>
				<include>Animation_HiddenByInfo</include>
				<include>Animation_Viewtype_Showcase_Plot</include>
			</control>
		<control type="image"><!-- Floor -->
				<visible>Control.IsVisible(58) + Container.Content(movies) + !Skin.HasSetting(ShowcaseFanart)</visible>
				<posx>0</posx>
				<posy>0</posy>
				<width>1280</width>
				<height>720</height>
				<texture>Showcase/last-overlay.png</texture>
			</control>
		<!-- Browser label and flags -->
		<control type="group">
			<visible>Control.IsVisible(58) + Container.Content(movies) + !IsEmpty(ListItem.Title) + !Skin.HasSetting(ShowcaseFanart)</visible>
			<include>Animation_HiddenByInfo</include>
			<include>Animation_Viewtype_Showcase_LeftArea</include>
			<control type="label"><!--Movie title-->
				<posx>15</posx>
				<posy>245</posy>
				<width>394</width>
				<height>50</height>
				<aligny>center</aligny>
				<font>Font_Bartowski_Showcase_Title</font>
				<textcolor>ff15efd9</textcolor>
				<label>$INFO[ListItem.Label]</label>
			</control>
			<control type="label"><!--Duration-->
				<posx>15</posx>
				<posy>273</posy>
				<width>394</width>
				<height>50</height>
				<aligny>center</aligny>
				<font>Font_Bartowski_Showcase_runtime_year</font>
				<textcolor>ffffffff</textcolor>
				<label>$INFO[ListItem.Duration]</label>
			</control>
			<control type="label"><!--Year-->
				<posx>15</posx>
				<posy>296</posy>
				<width>394</width>
				<height>50</height>
				<aligny>center</aligny>
				<font>Font_Bartowski_Showcase_runtime_year</font>
				<textcolor>ffffffff</textcolor>
				<label>$INFO[ListItem.year]</label>
			</control>
			<control type="group">
				<posx>96</posx>
				<posy>384</posy>
				<include>VideoMPAAFlaggingConditions</include>
				<animation effect="zoom" start="80" end="80" time="0" condition="true">Conditional</animation>
			</control>
		</control>	
		<control type="label"><!--Trailer Start-->
			<visible>Control.IsVisible(58) + Container.Content(movies) + !IsEmpty(ListItem.Trailer) + !Player.HasMedia + !Skin.HasSetting(ShowcaseFanart)</visible>
			<posx>115</posx>
			<posy>380</posy>
			<width>370</width>
			<height>50</height>
			<aligny>center</aligny>
			<font>Font_Alaya_Movie-trailer</font>
			<textcolor>ffffffff</textcolor>
			<label>*Press Down for Trailer*</label>
			<shadowcolor>black</shadowcolor>
			<include>Animation_Viewtype_Showcase_Trailer</include>
		</control>	
		<control type="label"><!--Trailer Stop-->
			<visible>Control.IsVisible(58) + Container.Content(movies) + Player.HasMedia + !Skin.HasSetting(ShowcaseFanart)</visible>
			<posx>135</posx>
			<posy>380</posy>
			<width>370</width>
			<height>50</height>
			<aligny>center</aligny>
			<font>Font_Alaya_Movie-trailer</font>
			<textcolor>ffffffff</textcolor>
			<label>*Press "X" to Stop*</label>
			<shadowcolor>black</shadowcolor>
			<include>Animation_Viewtype_Showcase_Trailer</include>
		</control>
<!--Plot and extrathumbs-->
			
		<control type="group">
			<visible>Control.IsVisible(58) + Container.Content(movies) + !IsEmpty(ListItem.Title) + !Skin.HasSetting(extrathumbs) + !Skin.HasSetting(ShowcaseFanart) </visible>
			<posx>1020</posx>
			<posy>12</posy>
			<include>Animation_Viewtype_Showcase_RightArea</include>
			<include>Animation_HiddenByInfo</include>
				<control type="label"><!--Director-->
					<posx>0</posx>
					<posy>0</posy>
					<width>390</width>
					<height>50</height>
					<aligny>center</aligny>
					<font>Font_Bartowski_Showcase_Right_Main</font>
					<textcolor>ff15efd9</textcolor>
					<label>Director</label>
				</control>
				<control type="label"><!--Director-->
					<posx>0</posx>
					<posy>24</posy>
					<width>390</width>
					<height>50</height>
					<aligny>center</aligny>
					<font>Font_Bartowski_Showcase_Right_Under</font>
					<textcolor>ffffffff</textcolor>
					<label>$INFO[ListItem.Director]</label>
				</control>
				<control type="label"><!--Writer-->
					<posx>0</posx>
					<posy>70</posy>
					<width>390</width>
					<height>50</height>
					<aligny>center</aligny>
					<font>Font_Bartowski_Showcase_Right_Main</font>
					<textcolor>ff15efd9</textcolor>
					<label>Writer</label>
				</control>
				<control type="label"><!--Writer-->
					<posx>0</posx>
					<posy>94</posy>
					<width>390</width>
					<height>50</height>
					<aligny>center</aligny>
					<font>Font_Bartowski_Showcase_Right_Under</font>
					<textcolor>ffffffff</textcolor>
					<label>$INFO[ListItem.Writer]</label>
				</control>
				<control type="label"><!--Genre-->
					<posx>0</posx>
					<posy>140</posy>
					<width>390</width>
					<height>50</height>
					<aligny>center</aligny>
					<font>Font_Bartowski_Showcase_Right_Main</font>
					<textcolor>ff15efd9</textcolor>
					<label>Genre</label>
				</control>
				<control type="label"><!--Genre-->
					<posx>0</posx>
					<posy>164</posy>
					<width>390</width>
					<height>50</height>
					<aligny>center</aligny>
					<font>Font_Bartowski_Showcase_Right_Under</font>
					<textcolor>ffffffff</textcolor>
					<label>$INFO[ListItem.Genre]</label>
				</control>
				<control type="label"><!--Rating-->
					<posx>0</posx>
					<posy>210</posy>
					<width>390</width>
					<height>50</height>
					<aligny>center</aligny>
					<font>Font_Bartowski_Showcase_Right_Main</font>
					<textcolor>ff15efd9</textcolor>
					<label>Rating</label>
				</control>
				<control type="label"><!--Rating-->
					<posx>0</posx>
					<posy>234</posy>
					<width>390</width>
					<height>50</height>
					<aligny>center</aligny>
					<font>Font_Bartowski_Showcase_Right_Under</font>
					<textcolor>ffffffff</textcolor>
					<label>$INFO[ListItem.Rating]</label>
				</control>
				<control type="label"><!--Studio-->
					<posx>0</posx>
					<posy>280</posy>
					<width>390</width>
					<height>50</height>
					<aligny>center</aligny>
					<font>Font_Bartowski_Showcase_Right_Main</font>
					<textcolor>ff15efd9</textcolor>
					<label>Studio</label>
				</control>
				<control type="label"><!--Rating-->
					<posx>0</posx>
					<posy>304</posy>
					<width>390</width>
					<height>50</height>
					<aligny>center</aligny>
					<font>Font_Bartowski_Showcase_Right_Under</font>
					<textcolor>ffffffff</textcolor>
					<label>$INFO[ListItem.studio]</label>
				</control>
		</control>
		
		<control type="group">
		<visible>Control.IsVisible(58) + Container.Content(movies) + !IsEmpty(ListItem.Title) + Skin.HasSetting(extrathumbs) + !Skin.HasSetting(ShowcaseFanart)</visible>
		<include>Animation_Viewtype_Showcase_RightArea</include>
		<include>Animation_HiddenByInfo</include>		
			<control type="largeimage">
				<posx>1010</posx>
				<posy>30</posy>
				<width>261</width>
				<height>147</height>
				<aspectratio>stretch</aspectratio>
				<texture diffuse="tv-landscape/landscapematteFO.png">$INFO[ListItem.Path,,extrathumbs/thumb1.jpg]</texture>
				<fadetime>200</fadetime>
			</control>
			<control type="image">
				<posx>998</posx>
				<posy>20</posy>
				<width>284</width>
				<height>166</height>
				<texture>tv-landscape/landscapeframeFO.png</texture>
				
			</control>
			<control type="largeimage">
				<posx>1010</posx>
				<posy>200</posy>
				<width>261</width>
				<height>147</height>
				<aspectratio>stretch</aspectratio>
				<texture diffuse="tv-landscape/landscapematteFO.png">$INFO[ListItem.Path,,extrathumbs/thumb2.jpg]</texture>
				<fadetime>200</fadetime>
			</control>
			<control type="image">
				<posx>998</posx>
				<posy>190</posy>
				<width>284</width>
				<height>166</height>
				<texture>tv-landscape/landscapeframeFO.png</texture>
				
			</control>
		</control>
		
			
		<control type="grouplist">
			<visible>Control.IsVisible(58) + Container.Content(movies) + !Skin.HasSetting(no_media_flags) + !Skin.HasSetting(ShowcaseFanart)</visible>
			<description>Media Codec Flagging Images</description>
			<posx>0</posx>
			<posy>370</posy>
			<width>1280</width>
			<align>right</align>
			<itemgap>0</itemgap>
			<orientation>horizontal</orientation>
			<include>VideoCodecFlaggingConditions</include>
			<include>AudioCodecFlaggingConditions</include>
			<include>AspectCodecFlaggingConditions</include>
			<include>VideoTypeHackFlaggingConditions</include>
			<include>Animation_HiddenByInfo</include>
			<include>Animation_Viewtype_Showcase_RightFlags</include>
		</control>
			
		<include>Trailer_Showcase</include>
		<include>Music_Global_Showcase</include>
		
		<control type="scrollbar" id="67">
			<include>Animation_ZoomInZoomOut</include>
			<include>Animation_ZoomedByMenu</include>
			<posx>100</posx>
			<posy>900</posy>
			<width>1080</width>
			<height>25</height>
			<visible allowhiddenfocus="true">Control.IsVisible(58) + Control.HasFocus(67)</visible>
			<texturesliderbackground>osd/osd_progress_back1.png</texturesliderbackground>
			<textureslidernibfocus>ScrollBarV_Nib_Focus1.png</textureslidernibfocus>
			<onup>7000</onup>
			<ondown>58</ondown>
			<showonepage>false</showonepage>
			<orientation>horizontal</orientation>
			<include>Animation_CommonFade</include>
			<animation effect="slide" start="0,0" end="0,-220" time="400" tween="cubic" easing="inout" condition="Control.HasFocus(67)">Conditional</animation>
		</control>
	</include>
	
</includes>