<!--Alaska-->

<includes>
	<include name="Viewtype_MusicShowcase">
		<!-- Browser sdfds-->
		
		
		<control type="image">
			<visible>Control.IsVisible(58) + Skin.HasSetting(MusicShowcaseFanart) + [Container.Content(artists) | Container.Content(albums)]</visible>
			<posx>0</posx>
			<posy>0</posy>
			<width>1280</width>
			<height>720</height>
			<texture>music/music_backdrop3.png</texture>
		</control>
		<control type="image">
			<visible>Control.IsVisible(58) + !Skin.HasSetting(MusicShowcaseFanart) + [Container.Content(artists) | Container.Content(albums)]</visible>
			<posx>0</posx>
			<posy>0</posy>
			<width>1280</width>
			<height>720</height>
			<texture>music/music_backdrop5.png</texture>
		</control>
		<control type="label"><!--Big Title-->
			<visible>Control.IsVisible(58) + [Container.Content(artists) | Container.Content(albums)]</visible>
			<animation effect="slide" start="0,0" end="0,-40" time="0" tween="cubic" easing="inout" condition="Control.IsVisible(58) + Container.Content(movies) + Skin.HasSetting(ShowcaseFanart)">Conditional</animation>
			<posx>0</posx>
			<posy>330</posy>
			<width>1280</width>
			<height>50</height>
			<align>center</align>
			<font>Font_Bartowski_BigMusic</font>
			<shadowcolor>678b8b8b</shadowcolor>
			<textcolor>678b8b8b</textcolor>
			<label>$INFO[ListItem.label]</label>
			<include>Animation_Bartowski_Context_Zoom</include>
		</control>
		<control type="image">
			<visible>Control.IsVisible(58) + !Skin.HasSetting(MusicShowcaseFanart) + [Container.Content(artists) | Container.Content(albums)]</visible>
			<posx>0</posx>
			<posy>0</posy>
			<width>1280</width>
			<height>720</height>
			<texture>music/music_darkshowcase3.png</texture>
		</control>

<!--------
----------
MUSIC SECTION
----------
---------->		
		<control type="wraplist" id="58">
			<posx>-64</posx>
			<posy>290</posy>
			<height>515</height>
			<width>1920</width>
			<onleft>50</onleft>
			<onright>50</onright>
			<onup>7000</onup>
			<ondown>68</ondown>
			<viewtype label="Showcase">list</viewtype>
			<orientation>horizontal</orientation>
			<focusposition>3</focusposition>
			<scrolltime>200</scrolltime>
			<preloaditems>2</preloaditems>
			<pagecontrol>68</pagecontrol>
			<include>Animation_ZoomInZoomOut</include>
			<include>Animation_ZoomedByMenu</include>
			<visible>!Skin.HasSetting(no_MusicShowcase) + [Container.Content(artists) | Container.Content(albums)]</visible>
			<itemlayout width="204" height="245">
			<control type="group">
			<posx>0</posx>
			<posy>180</posy>
				<control type="image">
					<posx>0</posx>
					<posy>0</posy>
					<width>200</width>
					<height>200</height>
					<texture background="true" diffuse="postermatteNF.png">$INFO[ListItem.Icon]</texture>
					<fadetime>200</fadetime>
					<aspectratio scalediffuse="false">stretch</aspectratio>
					<include>Animation_HiddenByInfo</include>
				</control>
				<control type="image">
					<posx>-11</posx>
					<posy>-8</posy>
					<width>222</width>
					<height>216</height>
					<texture>posterframeF.png</texture>
					<colordiffuse>89FFFFFF</colordiffuse>
					<include>Animation_HiddenByInfo</include>
					<visible>Skin.HasSetting(MusicShowcaseFanart)</visible>
				</control>
				<control type="image">
					<posx>0</posx>
					<posy>202</posy>
					<width>200</width>
					<height>200</height>
					<texture background="true" flipy="true" diffuse="movie-poster/Movie_Thumb_Mask.png">$INFO[ListItem.Icon]</texture>
					<colordiffuse>69FFFFFF</colordiffuse>
					<fadetime>200</fadetime>
					<aspectratio scalediffuse="false">stretch</aspectratio>
					<include>Animation_HiddenByInfo</include>
					<animation type="Conditional" reversible="false" condition="!Skin.HasSetting(MusicShowcaseFanart)">
						<effect type="fade" start="0" end="20" time="0" />
					</animation>
				</control>
				<control type="image">
					<posx>-11</posx>
					<posy>194</posy>
					<width>222</width>
					<height>216</height>
					<texture flipy="true">posterframeF.png</texture>
					<colordiffuse>39FFFFFF</colordiffuse>
					<include>Animation_HiddenByInfo</include>
					<animation type="Conditional" reversible="false" condition="!Skin.HasSetting(MusicShowcaseFanart)">
						<effect type="fade" start="0" end="20" time="0" />
					</animation>
				</control>
				<control type="image"><!--204 260 -->
					<posx>0</posx>
					<posy>0</posy>
					<width>200</width>
					<height>200</height>
					<texture>music/darkoverlay3.png</texture>
					<include>Animation_HiddenByInfo</include>
					<visible>!Skin.HasSetting(MusicShowcaseFanart)</visible>
				</control>
			</control>
		</itemlayout>
			
		<focusedlayout width="224" height="515">
			<control type="group">
			<posx>0</posx>
			<posy>170</posy>
				<control type="image">
					<posx>0</posx>
					<posy>252</posy>
					<width>220</width>
					<height>220</height>
					<texture background="true" flipy="true" diffuse="postermatte.png">$INFO[ListItem.Icon]</texture>
					<fadetime>200</fadetime>
					<aspectratio scalediffuse="false">stretch</aspectratio>
					<include>Animation_HiddenByInfo</include>
					<animation type="Focus" reversible="false">
						<effect type="zoom" center="auto" start="90" end="114" time="300" tween="back" easing="out" />
						<effect type="fade" start="0" end="60"/>
					</animation>
				</control>
				<control type="image">
					<posx>-12</posx>
					<posy>246</posy>
					<width>246</width>
					<height>236</height>
					<texture flipy="true">posterframeF.png</texture>
					<include>Animation_HiddenByInfo</include>
					<animation type="Focus" reversible="false">
						<effect type="zoom" center="auto" start="90" end="114" time="300" tween="back" easing="out" />
						<effect type="fade" start="0" end="20"/>
					</animation>
				</control>
				<control type="image">
					<posx>-220</posx>
					<posy>-156</posy>
					<width>651</width>
					<height>417</height>
					<texture>music/musci_focus_glow.png</texture>
					<aspectratio scalediffuse="false">stretch</aspectratio>
					<include>Animation_PosterInfoSlide_Showcase</include>
					<animation type="Focus" reversible="false">
						<effect type="fade" start="0" end="60" time="1000" delay="800" />
					</animation>
					<visible>!Skin.HasSetting(MusicShowcaseFanart)</visible>
				</control>
				<control type="image">
					<posx>-14</posx>
					<posy>-16</posy>
					<width>250</width>
					<height>250</height>
					<texture background="true" diffuse="postermatte.png">$INFO[ListItem.Icon]</texture>
					<fadetime>200</fadetime>
					<aspectratio scalediffuse="false">stretch</aspectratio>
					<include>Animation_PosterInfoSlide_Showcase</include>
					<animation type="Focus" reversible="false">
						<effect type="zoom" center="auto" start="80" end="100" time="300" tween="back" easing="out" />
					</animation>
				</control>
				<control type="image">
					<posx>-29</posx>
					<posy>-26</posy>
					<width>280</width>
					<height>270</height>
					<texture>posterframeF.png</texture>
					<include>Animation_PosterInfoSlide_Showcase</include>
					<animation type="Focus" reversible="false">
						<effect type="zoom" center="auto" start="80" end="100" time="300" tween="back" easing="out" />
						<effect type="fade" start="0" end="60" time="600" />
					</animation>
				</control>
			</control>
			</focusedlayout>
		</control>
		
		<control type="scrollbar" id="68">
			<include>Animation_ZoomInZoomOut</include>
			<include>Animation_ZoomedByMenu</include>
			<posx>100</posx>
			<posy>900</posy>
			<width>1080</width>
			<height>25</height>
			<visible allowhiddenfocus="true">Control.IsVisible(58) + Control.HasFocus(68)</visible>
			<texturesliderbackground>osd/osd_progress_back1.png</texturesliderbackground>
			<textureslidernibfocus>ScrollBarV_Nib_Focus1.png</textureslidernibfocus>
			<onup>7000</onup>
			<ondown>50</ondown>
			<showonepage>false</showonepage>
			<orientation>horizontal</orientation>
			<include>Animation_CommonFade</include>
			<animation effect="slide" start="0,0" end="0,-220" time="400" tween="cubic" easing="inout" condition="Control.HasFocus(68)">Conditional</animation>
		</control>
		
<!--NOW PLAYING -->
		<control type="group">
		<include>Animation_CommonFade</include>
		<visible>Control.IsVisible(58) + Player.HasAudio</visible>
		<control type="group">
				<posx>1086</posx>
				<posy>130</posy>
					<animation type="Conditional" reversible="false" condition="MusicPlayer.HasNext" loop="true">
						<effect type="slide" start="400,0" end="0,0" time="500" delay="0" />
						<effect type="slide" start="0,0" end="400,0" time="500" delay="21000" />
						<effect type="slide" start="0,0" end="400,0" time="500" delay="28000" />
					</animation>
						<control type="image" id="7726">
							<description>dirty hack for showing cdart image</description>
							<posx>34</posx>
							<posy>-120</posy>
							<width>150</width>
							<height>150</height>
							<texture>$INFO[Player.FolderPath]cdart.png</texture>
							<aspectratio align="bottom">keep</aspectratio>
							<include>cdartspin2</include>
						</control>	
						<control type="image">
							<description>cover image</description>
							<posx>32</posx>
							<posy>-120</posy>
							<width>150</width>
							<height>150</height>
							<texture diffuse="music/musicwallmatte.png">$INFO[MusicPlayer.Cover]</texture>
						</control>
						<control type="image">
							<posx>18</posx>
							<posy>-132</posy>
							<width>176</width>
							<height>176</height>
							<texture>music/musicwallframeF.png</texture>
							<aspectratio scalediffuse="false">stretch</aspectratio>
						</control>
				</control>
				
				<control type="group">
				<posx>1086</posx>
				<posy>130</posy>
					<animation type="Conditional" reversible="false" condition="MusicPlayer.HasNext" loop="true">
						<effect type="slide" start="400,0" end="0,0" time="500" delay="21500" />
						<effect type="slide" start="0,0" end="400,0" time="500" delay="28000" />
					</animation>
						<control type="image">
							<description>cover image</description>
							<posx>32</posx>
							<posy>-120</posy>
							<width>150</width>
							<height>150</height>
							<texture diffuse="music/musicwallmatte.png">$INFO[MusicPlayer.offset(1).Cover]</texture>
						</control>
						<control type="image">
							<posx>18</posx>
							<posy>-132</posy>
							<width>176</width>
							<height>176</height>
							<texture>music/musicwallframeF.png</texture>
							<aspectratio scalediffuse="false">stretch</aspectratio>
						</control>
			</control>
			<control type="group">
			<posx>850</posx>
			<posy>40</posy>
				<animation effect="slide" start="0,0" end="-80,0" delay="600" time="2000" tween="cubic" easing="inout" condition="!IsEmpty(Control.GetLabel(7726))">Conditional</animation>
				<animation type="Conditional" reversible="false" condition="MusicPlayer.HasNext" loop="true">
					<effect type="slide" start="0,-400" end="0,0" time="500" delay="0" />
					<effect type="slide" start="0,0" end="0,-400" time="500" delay="21000" />
					<effect type="slide" start="0,0" end="0,-400" time="500" delay="28000" />
				</animation>
					<control type="label">
						<description>Track</description>
						<posx>250</posx>
						<posy>-26</posy>
						<width min="10" max="380">auto</width>
						<align>right</align>
						<height>18</height>
						<font>Font_Bartowski_Showcase_Title</font>
						<textcolor>ffffffff</textcolor>
						<label>[B][COLOR=ff67ffff]$LOCALIZE[13350][/COLOR] [/B]</label>
						<animation effect="slide" end="0,0" condition="IsEmpty(MusicPlayer.offset(1).Title)">Conditional</animation>
					</control>
					<control type="label">
						<description>Track</description>
						<posx>250</posx>
						<posy>2</posy>
						<width min="10" max="380">auto</width>
						<align>right</align>
						<height>18</height>
						<font>Font_Bartowski_Showcase_Title</font>
						<textcolor>ffffffff</textcolor>
						<label>[B]$INFO[MusicPlayer.Title][/B]</label>
						<animation effect="slide" end="0,0" condition="IsEmpty(MusicPlayer.offset(1).Title)">Conditional</animation>
					</control>
				
		<!-- artist name control -->
					<control type="label">
						<description>artist name</description>
						<posx>250</posx>
						<posy>32</posy>
						<width>380</width>
						<height>18</height>
						<aligny>center</aligny>
						<align>right</align>
						<font>Font_Date</font>
						<textcolor>ffffffff</textcolor>
						<label>$INFO[MusicPlayer.Artist] :[B]$LOCALIZE[557][/B]</label>
						<!--<animation effect="slide" end="0,22" condition="IsEmpty(MusicPlayer.offset(1).Title)">Conditional</animation>-->
					</control>
		<!--  album name control -->
					<control type="label">
						<description>album name</description>
						<posx>250</posx>
						<posy>54</posy>
						<width>380</width>
						<height>18</height>
						<aligny>center</aligny>
						<align>right</align>
						<font>Font_Date</font>
						<textcolor>ffffffff</textcolor>
						<label>$INFO[MusicPlayer.Album] [B]:$LOCALIZE[558][/B]</label>
					</control>
					<control type="label">
						<description>album name</description>
						<posx>250</posx>
						<posy>76</posy>
						<width>380</width>
						<height>18</height>
						<aligny>center</aligny>
						<align>right</align>
						<font>Font_Date</font>
						<textcolor>ffffffff</textcolor>
						<label>$INFO[MusicPlayer.year] [B]:YEAR[/B]</label>
					</control>
			</control>
				
				
				
				
				
			<control type="group">
			<posx>850</posx>
			<posy>40</posy>
				<animation type="Conditional" reversible="false" condition="MusicPlayer.HasNext" loop="true">
					<effect type="slide" start="0,-400" end="0,0" time="500" delay="21500" />
					<effect type="slide" start="0,0" end="0,-400" time="500" delay="28000" />
				</animation>
					<control type="label">
						<description>Track</description>
						<posx>250</posx>
						<posy>6</posy>
						<width min="750" max="770">auto</width>
						<align>right</align>
						<height>18</height>
						<font>Font_Date</font>
						<textcolor>ffffffff</textcolor>
						<label>$INFO[MusicPlayer.offset(1).Title][B][COLOR=ff67ffff] :$LOCALIZE[209][/COLOR][/B]</label>
						<animation effect="slide" end="0,0" condition="IsEmpty(MusicPlayer.offset(1).Title)">Conditional</animation>
					</control>
					
		<!-- artist name control -->
					<control type="label">
						<description>artist name</description>
						<posx>250</posx>
						<posy>32</posy>
						<width>800</width>
						<height>18</height>
						<aligny>center</aligny>
						<align>right</align>
						<font>Font_Date</font>
						<textcolor>ffffffff</textcolor>
						<label>$INFO[MusicPlayer.offset(1).Artist][B]:$LOCALIZE[557][/B]</label>
						<!--<animation effect="slide" end="0,22" condition="IsEmpty(MusicPlayer.offset(1).Title)">Conditional</animation>-->
					</control>
		<!--  album name control -->
					<control type="label">
						<description>album name</description>
						<posx>250</posx>
						<posy>54</posy>
						<width>800</width>
						<height>18</height>
						<aligny>center</aligny>
						<align>right</align>
						<font>Font_Date</font>
						<textcolor>ffffffff</textcolor>
						<label>$INFO[MusicPlayer.offset(1).Album][B]:$LOCALIZE[558][/B]</label>
					</control>
				</control>
		</control>
	</include>
	
</includes>