<!--Alaska-->

<includes>
	<include name="Viewtype_List">
		
		<!-- Poster Wrap View -->
		<control type="image"><!-- Fanart -->
			<visible>Control.IsVisible(53)</visible>
			<posx>0</posx>
			<posy>0</posy>
			<width>1280</width>
			<height>720</height>
			<texture>movie-poster/movie-back3.png</texture>
			<aspectratio>scale</aspectratio>
			<include>Animation_BackdropFade</include>
		</control>
		
		
		<control type="fixedlist" id="53">
			<posx>-50</posx>
			<posy>210</posy>
			<height>715</height>
			<width>1400</width>
			<onleft>53</onleft>
			<onright>53</onright>
			<onup>7000</onup>
			<ondown></ondown>
			<viewtype label="3D Landscape">list</viewtype>
			<orientation>horizontal</orientation>
			<focusposition>2</focusposition>
			<scrolltime>400</scrolltime>
			<preloaditems>2</preloaditems>
			<include>Animation_Viewtype_3dLand_FocusArea</include>
			<include>Animation_HiddenByInfo</include>
			<camera x="1340" y="380" />
			<animation effect="rotatey" center="50" start="12" end="12" time="0" condition="true">Conditional</animation>
			<visible>!Skin.HasSetting(no_3DLandscape) + [[Container.Content(tvshows) | Container.Content(seasons)] + ![Skin.HasSetting(TVPosters) | Skin.HasSetting(TVBanners)] | Container.Content(episodes)]</visible>
			<itemlayout width="316" height="245">
				<control type="group">
				<posx>150</posx>
				<posy>60</posy>
					<control type="image">
						<posx>136</posx>
						<posy>132</posy>
						<width>28</width>
						<height>168</height>
						<texture>movie-poster/newcase.png</texture>
						<aspectratio scalediffuse="false">stretch</aspectratio>
					</control>
					<control type="image">
						<posx>136</posx>
						<posy>290</posy>
						<width>36</width>
						<height>304</height>
						<texture>movie-poster/reflect_bottom2.png</texture>
						<colordiffuse>89FFFFFF</colordiffuse>
						<aspectratio scalediffuse="false">stretch</aspectratio>
					</control>
					<control type="image">
						<posx>-150</posx>
						<posy>130</posy>
						<width>304</width>
						<height>172</height>
						<texture>movie-poster/xper_test.png</texture>
						<colordiffuse>BackgroundColor</colordiffuse>
					</control>
					<control type="image">
						<posx>-150</posx>
						<posy>130</posy>
						<width>304</width>
						<height>172</height>
						<texture background="true" diffuse="movie-poster/xper_test.png">$INFO[ListItem.Icon]</texture>
						<fadetime>200</fadetime>
						<aspectratio scalediffuse="false">stretch</aspectratio>
					</control>
					<!--<control type="image">
						<posx>-150</posx>
						<posy>130</posy>
						<width>304</width>
						<height>172</height>
						<texture background="true" diffuse="movie-poster/xper_test.png">$INFO[ListItem.Property(Fanart_Image)]</texture>
						<fadetime>200</fadetime>
						<aspectratio scalediffuse="false">stretch</aspectratio>
						<visible>Skin.HasSetting(3dFanart) + !Container.Content(episodes)</visible>
					</control>-->
					<control type="image">
						<posx>-150</posx>
						<posy>130</posy>
						<width>304</width>
						<height>172</height>
						<texture>list/3d_back_overlay1.png</texture>
						<fadetime>200</fadetime>
						<aspectratio scalediffuse="false">stretch</aspectratio>
						<visible>!IsEmpty(ListItem.Title) + Container.Content(episodes)</visible>
					</control>
					<control type="label"><!-- Episode Description -->
						<posx>5</posx>
						<posy>270</posy>
						<width>300</width>
						<height>50</height>
						<align>center</align>
						<font>Font_Landscape_TitleTVShow</font>
						<textcolor>ffffffff</textcolor>
						<label>$INFO[ListItem.Label]</label>
						<animation effect="fade" start="60" end="60" time="0" condition="stringcompare(ListItem.Overlay,OverlayWatched.png)">Conditional</animation>
						<visible>!IsEmpty(ListItem.Title) + Container.Content(episodes)</visible>
					</control>
					
					<control type="label"><!-- Episode Description -->
						<posx>5</posx>
						<posy>330</posy>
						<width>294</width>
						<height>50</height>
						<align>center</align>
						<font>Font_Landscape_TitleTVShow</font>
						<textcolor>ffffffff</textcolor>
						<label>$INFO[ListItem.Label]</label>
						<animation effect="rotatex" start="180" end="180" center="330" time="0" condition="true">Conditional</animation>
						<visible>!IsEmpty(ListItem.Title) + Container.Content(episodes)</visible>
					</control>
					<control type="image">
						<posx>-150</posx>
						<posy>298</posy>
						<width>304</width>
						<height>172</height>
						<texture background="true" flipy="true" diffuse="movie-poster/xper_test.png">$INFO[ListItem.Icon]</texture>
						<fadetime>200</fadetime>
						<colordiffuse>89FFFFFF</colordiffuse>
						<aspectratio scalediffuse="false">stretch</aspectratio>
					</control>
					<!--<control type="image">
						<posx>-150</posx>
						<posy>298</posy>
						<width>304</width>
						<height>172</height>
						<texture background="true" flipy="true" diffuse="movie-poster/xper_test.png">$INFO[ListItem.Property(Fanart_Image)]</texture>
						<fadetime>200</fadetime>
						<colordiffuse>89FFFFFF</colordiffuse>
						<aspectratio scalediffuse="false">stretch</aspectratio>
						<visible>Skin.HasSetting(3dFanart) + !Container.Content(episodes)</visible>
					</control>-->
					<control type="image">
						<visible>Container.Content(episodes)</visible>
						<posx>-140</posx>
						<posy>310</posy>
						<width>280</width>
						<height>8</height>
						<texture>dialogs/tv/$INFO[ListItem.Overlay]</texture>
						<aspectratio scalediffuse="false">stretch</aspectratio>
						<visible>Skin.HasSetting(tvoverlays) + !IsEmpty(ListItem.Overlay)</visible>
					</control>
					<control type="image">
						<posx>-150</posx>
						<posy>298</posy>
						<width>304</width>
						<height>172</height>
						<texture flipy="true">list/3d_back_overlay1.png</texture>
						<fadetime>200</fadetime>
						<aspectratio scalediffuse="false">stretch</aspectratio>
						<visible>!IsEmpty(ListItem.Title) + Container.Content(episodes)</visible>
					</control>
					<control type="image">
						<visible>Container.Content(episodes)</visible>
						<posx>-140</posx>
						<posy>280</posy>
						<width>280</width>
						<height>8</height>
						<texture>dialogs/tv/$INFO[ListItem.Overlay]</texture>
						<aspectratio scalediffuse="false">stretch</aspectratio>
						<visible>Skin.HasSetting(tvoverlays) + !IsEmpty(ListItem.Overlay)</visible>
					</control>
				</control>
			</itemlayout>
			<focusedlayout width="360" height="515">
				<control type="group">
				<posx>124</posx>
				<posy>60</posy>
					<control type="image">
						<posx>236</posx>
						<posy>90</posy>
						<width>38</width>
						<height>226</height>
						<texture>movie-poster/newcase.png</texture>
						<aspectratio scalediffuse="false">stretch</aspectratio>
						<animation type="Focus" reversible="false">
							<effect type="zoom" center="60,238" start="80" end="100" time="600" tween="back" easing="out" />
							<effect type="fade" start="0" end="100" time="600" />
						</animation>
						<include>Animation_PosterInfoSlide_Poster</include>
					</control>
					<control type="image">
						<posx>238</posx>
						<posy>306</posy>
						<width>54</width>
						<height>304</height>
						<texture>movie-poster/test2.png</texture>
						<aspectratio scalediffuse="false">stretch</aspectratio>
						<animation type="Focus" reversible="false">
							<effect type="zoom" center="60,238" start="80" end="100" time="600" tween="back" easing="out" />
							<effect type="fade" start="0" end="800" time="800" />
						</animation>
						<include>Animation_HiddenByInfo</include>
					</control>
					<control type="image">
						<posx>-150</posx>
						<posy>86</posy>
						<width>407</width>
						<height>232</height>
						<texture>movie-poster/xper_test.png</texture>
						<aspectratio scalediffuse="false">stretch</aspectratio>
						<include>Animation_PosterInfoSlide_Poster</include>
						<animation type="Focus" reversible="false">
							<effect type="zoom" center="60,238" start="80" end="100" time="600" tween="back" easing="out" />
						</animation>
					</control>
					<control type="image">
						<posx>-148</posx>
						<posy>314</posy>
						<width>402</width>
						<height>226</height>
						<texture>movie-poster/mask_border2_3d1.png</texture>
						<fadetime>200</fadetime>
						<aspectratio scalediffuse="false">stretch</aspectratio>
						<animation type="Focus" reversible="false">
							<effect type="zoom" center="60,238" start="80" end="100" time="600" tween="back" easing="out" />
							<effect type="fade" start="0" end="50" time="600" />
						</animation>
						<include>Animation_HiddenByInfo</include>
					</control>
					<control type="image">
						<posx>-148</posx>
						<posy>310</posy>
						<width>400</width>
						<height>224</height>
						<texture flipy="true">movie-poster/xper_test.png</texture>
						<colordiffuse>ff000000</colordiffuse>
						<fadetime>200</fadetime>
						<aspectratio scalediffuse="false">stretch</aspectratio>
						<include>Animation_HiddenByInfo</include>
						<animation type="Focus" reversible="false">
							<effect type="zoom" center="60,238" start="80" end="100" time="600" tween="back" easing="out" />
							<effect type="fade" start="0" end="100" time="600" />
						</animation>
					</control>
					<control type="image">
						<posx>-150</posx>
						<posy>312</posy>
						<width>407</width>
						<height>224</height>
						<texture background="true" flipy="true" diffuse="movie-poster/xper_test.png">$INFO[ListItem.Icon]</texture>
						<fadetime>200</fadetime>
						<aspectratio scalediffuse="false">stretch</aspectratio>
						<animation type="Focus" reversible="false">
							<effect type="zoom" center="60,238" start="80" end="100" time="600" tween="back" easing="out" />
							<effect type="fade" start="0" end="70" time="600" />
						</animation>
						<include>Animation_HiddenByInfo</include>
					</control>
					<!--<control type="image">
						<posx>-150</posx>
						<posy>312</posy>
						<width>407</width>
						<height>224</height>
						<texture background="true" flipy="true" diffuse="movie-poster/xper_test.png">$INFO[ListItem.Property(Fanart_Image)]</texture>
						<fadetime>200</fadetime>
						<aspectratio scalediffuse="false">stretch</aspectratio>
						<animation type="Focus" reversible="false">
							<effect type="zoom" center="60,238" start="80" end="100" time="600" tween="back" easing="out" />
							<effect type="fade" start="0" end="70" time="600" />
						</animation>
						<include>Animation_HiddenByInfo</include>
						<visible>Skin.HasSetting(3dFanart) + !Container.Content(episodes)</visible>
					</control>-->
					<control type="image">
						<posx>-150</posx>
						<posy>86</posy>
						<width>407</width>
						<height>232</height>
						<texture background="true" diffuse="movie-poster/xper_test.png">$INFO[ListItem.Icon]</texture>
						<fadetime>200</fadetime>
						<aspectratio scalediffuse="false">stretch</aspectratio>
						<include>Animation_PosterInfoSlide_Poster</include>
						<animation type="Focus" reversible="false">
							<effect type="zoom" center="60,238" start="80" end="100" time="600" tween="back" easing="out" />
						</animation>
					</control>
					<!--<control type="image">
						<posx>-150</posx>
						<posy>86</posy>
						<width>407</width>
						<height>232</height>
						<texture background="true" diffuse="movie-poster/xper_test.png">$INFO[ListItem.Property(Fanart_Image)]</texture>
						<fadetime>200</fadetime>
						<aspectratio scalediffuse="false">stretch</aspectratio>
						<include>Animation_PosterInfoSlide_Poster</include>
						<animation type="Focus" reversible="false">
							<effect type="zoom" center="60,238" start="80" end="100" time="600" tween="back" easing="out" />
						</animation>
						<visible>Skin.HasSetting(3dFanart) + !Container.Content(episodes)</visible>
					</control>-->
					<control type="image">
						<posx>-150</posx>
						<posy>86</posy>
						<width>407</width>
						<height>232</height>
						<texture>list/3d_back_overlay1.png</texture>
						<fadetime>200</fadetime>
						<aspectratio scalediffuse="false">stretch</aspectratio>
						<include>Animation_PosterInfoSlide_Poster</include>
						<animation type="Focus" reversible="false">
							<effect type="zoom" center="60,238" start="80" end="100" time="600" tween="back" easing="out" />
						</animation>
						<visible>!IsEmpty(ListItem.Title) + Container.Content(episodes)</visible>
					</control>
					<control type="image">
						<visible>Container.Content(episodes)</visible>
						<posx>-140</posx>
						<posy>290</posy>
						<width>380</width>
						<height>8</height>
						<texture>dialogs/tv/$INFO[ListItem.Overlay]</texture>
						<aspectratio scalediffuse="false">stretch</aspectratio>
						<animation type="Focus" reversible="false">
							<effect type="zoom" center="60,238" start="80" end="100" time="600" tween="back" easing="out" />
						</animation>
						<visible>Skin.HasSetting(tvoverlays) + !IsEmpty(ListItem.Overlay)</visible>
					</control>
					<control type="image">
						<visible>Container.Content(episodes)</visible>
						<posx>-140</posx>
						<posy>330</posy>
						<width>380</width>
						<height>8</height>
						<texture>dialogs/tv/$INFO[ListItem.Overlay]</texture>
						<aspectratio scalediffuse="false">stretch</aspectratio>
						<animation type="Focus" reversible="false">
							<effect type="zoom" center="60,238" start="80" end="100" time="600" tween="back" easing="out" />
						</animation>
						<visible>Skin.HasSetting(tvoverlays) + !IsEmpty(ListItem.Overlay)</visible>
					</control>
					<control type="label"><!-- Episode Description -->
						<posx>56</posx>
						<posy>280</posy>
						<width>392</width>
						<height>50</height>
						<align>center</align>
						<font>Font_Bartowski_Press_S</font>
						<textcolor>ffffffff</textcolor>
						<label>$INFO[ListItem.Label]</label>
						<include>Animation_HiddenByInfo</include>
						<animation effect="fade" start="60" end="60" time="0" condition="stringcompare(ListItem.Overlay,OverlayWatched.png)">Conditional</animation>
						<animation type="Focus" reversible="false">
							<effect type="zoom" center="60,238" start="80" end="100" time="600" tween="back" easing="out" />
						</animation>
						<visible>!IsEmpty(ListItem.Title) + Container.Content(episodes)</visible>
					</control>
					<control type="label"><!-- Episode Description -->
						<posx>56</posx>
						<posy>350</posy>
						<width>392</width>
						<height>50</height>
						<align>center</align>
						<font>Font_Bartowski_Press_S</font>
						<textcolor>ffffffff</textcolor>
						<label>$INFO[ListItem.Label]</label>
						<include>Animation_HiddenByInfo</include>
						<animation effect="rotatex" start="180" end="180" center="350" time="0" condition="true">Conditional</animation>
						<animation type="Focus" reversible="false">
							<effect type="fade" center="60,238" start="0" end="100" time="300" delay="300" tween="back" easing="out" />
						</animation>
						<visible>!IsEmpty(ListItem.Title) + Container.Content(episodes)</visible>
					</control>
					
					<control type="image">
						<posx>-150</posx>
						<posy>312</posy>
						<width>407</width>
						<height>224</height>
						<texture flipy="true">list/3d_back_overlay1.png</texture>
						<fadetime>200</fadetime>
						<aspectratio scalediffuse="false">stretch</aspectratio>
						<include>Animation_PosterInfoSlide_Poster</include>
						<animation type="Focus" reversible="false">
							<effect type="zoom" center="60,238" start="80" end="100" time="600" tween="back" easing="out" />
						</animation>
						<visible>!IsEmpty(ListItem.Title) + Container.Content(episodes)</visible>
					</control>
				</control>	
			</focusedlayout>
		</control>
		
		<control type="image">
			<visible>Control.IsVisible(53)</visible>
			<posx>0</posx>
			<posy>0</posy>
			<width>1280</width>
			<height>720</height>
			<texture>movie-poster/last-overlay.png</texture>
			<aspectratio>scale</aspectratio>
		</control>
		
		<!-- Browser label and flags -->
		
		<control type="group">
			<visible>Control.IsVisible(53)</visible>
			<posx>0</posx>
			<posy>0</posy>
			<include>Animation_HiddenByInfo</include>
			<!--<control type="textbox">
				<posx>20</posx>
				<posy>320</posy>
				<width>350</width>
				<height>290</height>
				<align>left</align>
				<info>ListItem.Plot</info>
				<font>Font_Bartowski_Movies_Plot</font>
				<textcolor>ffffffff</textcolor>
				<autoscroll time="3000" delay="5000" repeat="5000">Skin.HasSetting(autoscroll)</autoscroll>
				<include>Animation_Viewtype_3dland_Leftplot</include>
			</control>
			<control type="textbox">
				<visible>Container.Content(seasons)</visible>
				<posx>20</posx>
				<posy>320</posy>
				<width>350</width>
				<height>290</height>
				<align>left</align>
				<info>Container(53).ShowPlot</info>
				<font>Font_Bartowski_Movies_Plot</font>
				<textcolor>ffffffff</textcolor>
				<autoscroll time="3000" delay="5000" repeat="5000">Skin.HasSetting(autoscroll)</autoscroll>
				<include>Animation_Viewtype_3dland_Leftplot</include>
			</control>-->
			<control type="largeimage" id="7018">
				<posx>20</posx>
				<posy>0</posy>
				<width>230</width>
				<height>89</height>
				<texture>$INFO[ListItem.path]logo.png</texture>
				<fadetime>200</fadetime>
				<aspectratio scalediffuse="false">stretch</aspectratio>
				<include>Animation_Viewtype_3dland_Lefttop</include>
				<visible></visible>
			</control>
			<control type="largeimage" id="9018">
				<posx>20</posx>
				<posy>0</posy>
				<width>230</width>
				<height>89</height>
				<texture>$INFO[ListItem.path]../logo.png</texture>
				<fadetime>200</fadetime>
				<aspectratio scalediffuse="false">stretch</aspectratio>
				<include>Animation_Viewtype_3dland_Lefttop</include>
				<visible></visible>
			</control>
		</control>
		<control type="group">
			<visible>Control.IsVisible(53) + Container.Content(episodes) + !IsEmpty(ListItem.Title)</visible>
			<include>Animation_Viewtype_3dland_Leftplot</include>
			<posx>0</posx>
			<posy>210</posy>
				<control type="label">
					<posx>20</posx>
					<posy>55</posy>
					<width>604</width>
					<height>50</height>
					<aligny>center</aligny>
					<font>Font_TVShow</font>
					<textcolor>ffffffff</textcolor>
					<label>Season $INFO[ListItem.Season]/Episode $INFO[ListItem.Episode]</label>
				</control>
				<control type="label">
					<posx>20</posx>
					<posy>76</posy>
					<width>604</width>
					<height>50</height>
					<aligny>center</aligny>
					<font>Font_TVShow</font>
					<textcolor>ffffffff</textcolor>
					<label>Aired: $INFO[ListItem.Date]</label>
				</control>
		</control>
	<control type="group">
		<visible>Control.IsVisible(53) + !IsEmpty(ListItem.Title)</visible>
		<posx>20</posx>
		<posy>90</posy>
		<include>Animation_Viewtype_3dland_Lefttop</include>
		<include>Animation_HiddenByInfo</include>
		<animation effect="slide" start="0,0" end="0,-40" time="0" condition="IsEmpty(Control.GetLabel(7018))">Conditional</animation>
			<control type="label">
				<visible>Container.Content(seasons) + IsEmpty(Control.GetLabel(7018)) + IsEmpty(Control.GetLabel(9018))</visible>
				<posx>0</posx>
				<posy>-4</posy>
				<width>630</width>
				<height>89</height>
				<font>Font_Bartowski_Movies_Duration</font>
				<textcolor>white</textcolor>
				<label>[B]Season $INFO[ListItem.season][/B]</label>
			</control>
			<control type="label">
				<visible>![Container.Content(seasons) | Container.Content(episodes)]</visible>
				<posx>0</posx>
				<posy>0</posy>
				<width>630</width>
				<height>89</height>
				<font>Font_TVShow</font>
				<label>[B][COLOR=ListTrackF]Genre[/COLOR] [B][COLOR=white]$INFO[ListItem.Genre][/B][/COLOR]</label>
			</control>
			<control type="label">
				<visible>![Container.Content(seasons) | Container.Content(episodes)]</visible>
				<posx>0</posx>
				<posy>30</posy>
				<width>630</width>
				<height>89</height>
				<font>Font_TVShow</font>
				<label>[COLOR=ListTrackF][B]Aired[/COLOR] [COLOR=white]$INFO[ListItem.Date][/COLOR][/B]</label>
			</control>
			<control type="label">
				<visible>![Container.Content(seasons) | Container.Content(episodes)]</visible>
				<posx>0</posx>
				<posy>60</posy>
				<width>630</width>
				<height>89</height>
				<font>Font_TVShow</font>
				<label>[COLOR=ListTrackF][B]IMDB[/COLOR] [COLOR=white]$INFO[ListItem.Rating][/COLOR][/B]      [COLOR=ListTrackF][B]Rated[/COLOR] [COLOR=white]$INFO[ListItem.mpaa][/COLOR][/B]</label>
			</control>
	</control>
		<control type="grouplist">
			<visible>Control.IsVisible(53) + !Skin.HasSetting(no_media_flags)</visible>
			<!--<animation effect="slide" start="0,0" end="0,400" time="0" delay="800" condition="!Skin.HasSetting(ClearTitle)">Conditional</animation>-->
			<description>Media Codec Flagging Images</description>
			<posx>20</posx>
			<posy>330</posy>
			<width>1280</width>
			<align>left</align>
			<itemgap>0</itemgap>
			<orientation>horizontal</orientation>
			<include>VideoCodecFlaggingConditions</include>
			<include>AudioCodecFlaggingConditions</include>
			<include>AspectCodecFlaggingConditions</include>
			<include>VideoTypeHackFlaggingConditions</include>
			<include>Animation_HiddenByInfo</include>
			<include>Animation_Viewtype_3dland_Leftplot</include>
		</control>
		<include>Trailer_3Dland</include>
	</include>
</includes>