﻿<fonts>
	<fontset id="Default" unicode="true">
		<font>
			<name>font8</name>
			<filename>xTV.ttf</filename>
			<size>8</size>
		</font>
		<font>
			<name>font10</name>
			<filename>xTV.ttf</filename>
			<size>11</size>
		</font>
		<font>
			<name>font11</name>
			<filename>xTV.ttf</filename>
			<size>13</size>
		</font>
		<font>
			<name>font12</name>
			<filename>xTV.ttf</filename>
			<size>14</size>
		</font>
		<font>
			<name>font13</name>
			<filename>xTV.ttf</filename>
			<size>16</size>
		</font>
		<font>
			<name>font18</name>
			<filename>xTV.ttf</filename>
			<size>18</size>
		</font>
		<font>
			<name>font20</name>
			<filename>xTV.ttf</filename>
			<size>20</size>
			<style>bold</style>
		</font>
		<font>
			<name>font22</name>
			<filename>xTV.ttf</filename>
			<size>22</size>
		</font>
		<font>
			<name>font28</name>
			<filename>xTV.ttf</filename>
			<size>28</size>
		</font>
	</fontset>
	<fontset id="LucidaGrande" unicode="true">
		<font>
			<name>font10</name>
			<filename>LucidaGrandeBold.ttf</filename>
			<size>11</size>
		</font>
		<font>
			<name>font11</name>
			<filename>LucidaGrandeBold.ttf</filename>
			<size>13</size>
		</font>
		<font>
			<name>font12</name>
			<filename>LucidaGrandeBold.ttf</filename>
			<size>14</size>
		</font>
		<font>
			<name>font13</name>
			<filename>LucidaGrandeBold.ttf</filename>
			<size>16</size>
		</font>
		<font>
			<name>font18</name>
			<filename>LucidaGrandeBold.ttf</filename>
			<size>18</size>
		</font>
		<font>
			<name>font20</name>
			<filename>LucidaGrandeBold.ttf</filename>
			<size>20</size>
			<style>bold</style>
		</font>
		<font>
			<name>font22</name>
			<filename>LucidaGrandeBold.ttf</filename>
			<size>22</size>
		</font>
		<font>
			<name>font28</name>
			<filename>LucidaGrandeBold.ttf</filename>
			<size>28</size>
		</font>
	</fontset>
</fonts>