<window id="10140">
	<defaultcontrol always="true">2</defaultcontrol>
	<coordinates>
		<system>1</system>
		<posx>240</posx>
		<posy>100</posy>
	</coordinates>
	<controls>
		<control type="group">
		<posx>-210</posx>
		<posy>-100</posy>
			<!--<control type="label">
				<description>Addon Title value</description>
				<posx>280</posx>
				<posy>60</posy>
				<width>580</width>
				<height>30</height>
				<align>center</align>
				<aligny>center</aligny>
				<font>Font_Bartowski_Title_TVShow</font>
				<label>[B]"$INFO[ListItem.Property(Addon.Name)]"[/B]</label>
				<textcolor>mainblue</textcolor>
				<scroll>true</scroll>
			</control>-->
			<control type="label">
				<description>Addon Title value</description>
				<posx>280</posx>
				<posy>90</posy>
				<width>580</width>
				<height>30</height>
				<align>center</align>
				<aligny>center</aligny>
				<font>Font_Music_Jukebox</font>
				<label>[COLOR=grey]Addon Type - [/COLOR] $INFO[ListItem.Property(Addon.Type)]</label>
				<textcolor>white</textcolor>
				<scroll>true</scroll>
			</control>
			<control type="label">
				<description>Addon Title value</description>
				<posx>280</posx>
				<posy>108</posy>
				<width>580</width>
				<height>30</height>
				<align>center</align>
				<aligny>center</aligny>
				<font>Font_Music_Jukebox</font>
				<label>[COLOR=grey]Author - [/COLOR] $INFO[ListItem.Property(Addon.Creator)]</label>
				<textcolor>white</textcolor>
				<scroll>true</scroll>
			</control>
		</control>
		<control type="label" id="20">
			<description>header label</description>
			<posx>10</posx>
			<posy>-44</posy>
			<width>760</width>
			<height>30</height>
			<font>Font_Bartowski_MainMenu_Context</font>
			<label>-</label>
			<align>center</align>
			<aligny>center</aligny>
			<textcolor>mainblue</textcolor>
			<shadowcolor>black</shadowcolor>
		</control>
		<control type="grouplist" id="2">
			<description>control area</description>
			<posx>30</posx>
			<posy>54</posy>
			<width>740</width>
			<height>440</height>
			<itemgap>-1</itemgap>
			<onup>2</onup>
			<ondown>2</ondown>
			<onleft>10</onleft>
			<onright>10</onright>
		</control>
		<control type="button" id="3">
			<description>Default Button</description>
			<height>40</height>
			<font>Font_KeyboardEdit</font>
			<textoffsetx>20</textoffsetx>
			<textcolor>grey2</textcolor>
			<focusedcolor>white</focusedcolor>
			<texturefocus border="0,2,0,2">confluence/button-focus-big.png</texturefocus>
		</control>
		<control type="radiobutton" id="4">
			<description>Default RadioButton</description>
			<height>40</height>
			<font>Font_KeyboardEdit</font>
			<textoffsetx>20</textoffsetx>
			<textcolor>grey2</textcolor>
			<focusedcolor>white</focusedcolor>
			<texturefocus border="0,2,0,2">confluence/button-focus-big.png</texturefocus>
		</control>
		<control type="spincontrolex" id="5">
			<description>Default spincontrolex</description>
			<height>40</height>
			<textcolor>grey2</textcolor>
			<focusedcolor>white</focusedcolor>
			<textoffsetx>20</textoffsetx>
			<texturefocus border="0,2,0,2">confluence/button-focus-big.png</texturefocus>
			<font>Font_KeyboardEdit</font>
			<aligny>center</aligny>
			<reverse>yes</reverse>
		</control>
		<control type="label" id="7">
			<height>45</height>
			<font>Font_KeyboardKeys</font>
			<label>-</label>
			<textcolor>mainblue</textcolor>
			<shadowcolor>black</shadowcolor>
			<align>left</align>
			<aligny>center</aligny>
		</control>
		<control type="image" id="6">
			<description>Default Seperator</description>
			<height>2</height>
			<texture>separator2.png</texture>
		</control>
		<control type="group" id="9001">
			<posy>562</posy>
			<control type="image"><!-- Floor -->
				<posx>-240</posx>
				<posy>-12</posy>
				<width>1280</width>
				<height>70</height>
				<texture>backdrops/test2.png</texture>
			</control>
			<control type="button" id="10">
				<description>OK Button</description>
				<posx>300</posx>
				<posy>0</posy>
				<width>200</width>
				<height>40</height>
				<align>center</align>
				<aligny>center</aligny>
				<texturefocus border="5">confluence/button-focus.png</texturefocus>
				<textcolor>black</textcolor>
				<focusedcolor>white</focusedcolor>
				<font>font16caps</font>
				<label>186</label>
				<onleft>12</onleft>
				<onright>11</onright>
				<onup>2</onup>
				<ondown>2</ondown>
			</control>
			<control type="button" id="11">
				<description>Cancel Button</description>
				<posx>510</posx>
				<posy>0</posy>
				<width>200</width>
				<height>40</height>
				<align>center</align>
				<aligny>center</aligny>
				<texturefocus border="5">confluence/button-focus.png</texturefocus>
				<font>font16caps</font>
				<label>222</label>
				<textcolor>black</textcolor>
				<focusedcolor>white</focusedcolor>
				<font>Font_Bartowski_Episode_ContextMenu</font>
				<onleft>10</onleft>
				<onright>12</onright>
				<onup>2</onup>
				<ondown>2</ondown>
			</control>
			<control type="button" id="12">
				<description>Defaults Button</description>
				<posx>90</posx>
				<posy>0</posy>
				<width>200</width>
				<height>40</height>
				<align>center</align>
				<aligny>center</aligny>
				<texturefocus border="5">confluence/button-focus.png</texturefocus>
				<font>font16caps</font>
				<label>409</label>
				<textcolor>black</textcolor>
				<focusedcolor>white</focusedcolor>
				<font>Font_Bartowski_Episode_ContextMenu</font>
				<onleft>11</onleft>
				<onright>10</onright>
				<onup>2</onup>
				<ondown>2</ondown>
			</control>
		</control>
		<control type="group">
			<include>Debug</include>
			<visible></visible>
		</control>
	</controls>
</window>
