﻿<!--Empty-->

<window id="128">
	<defaultcontrol always="true">10</defaultcontrol>

	<coordinates>
		<system>1</system>
		<posx>360</posx>
		<posy>120</posy>
	</coordinates>

	<controls>

		<control type="image" id="0">
			<description>Back Panel</description>
			<posx>-30</posx>
			<posy>-30</posy>
			<width>620</width>
			<height>500</height>
			<texture>favourites/favourites_panel.png</texture>
			<colordiffuse>FavListPanel</colordiffuse>
		</control>

		<control type="label">
			<include>DialogID</include>
			<label>DialogNetworkSetup.xml</label>
			<visible>Skin.HasSetting(debugmode)</visible>
		</control>

		<control type="spincontrolex" id="10">
			<description>Protocol</description>
			<posx>10</posx>
			<posy>40</posy>
			<width>500</width>
			<label>$LOCALIZE[1008]</label>
			<onup>18</onup>
			<ondown>11</ondown>
			<onleft>10</onleft>
			<onright>10</onright>
		</control>
		<control type="button" id="11">
			<description>Server Address</description>
			<posx>10</posx>
			<posy>72</posy>
			<width>340</width>
			<align>left</align>
			<label>-</label>
			<textoffsetx>5</textoffsetx>
			<onup>10</onup>
			<onleft>12</onleft>
			<onright>12</onright>
			<ondown>16</ondown>
		</control>
		<control type="button" id="12">
			<description>Server Browse</description>
			<posx>360</posx>
			<posy>72</posy>
			<width>150</width>
			<label>$LOCALIZE[1024]</label>
			<onup>10</onup>
			<onleft>11</onleft>
			<onright>11</onright>
			<ondown>16</ondown>
		</control>
		<control type="button" id="16">
			<description>Remote</description>
			<posx>10</posx>
			<posy>107</posy>
			<label>-</label>
			<onup>11</onup>
			<onleft>16</onleft>
			<onright>16</onright>
			<ondown>13</ondown>
		</control>
		<control type="button" id="13">
			<description>Port</description>
			<posx>10</posx>
			<posy>139</posy>
			<label>$LOCALIZE[1013]</label>
			<onup>16</onup>
			<onleft>13</onleft>
			<onright>13</onright>
			<ondown>14</ondown>
		</control>
		<control type="button" id="14">
			<description>Username</description>
			<posx>10</posx>
			<posy>175</posy>
			<width>500</width>
			<align>left</align>
			<label>$LOCALIZE[1014]</label>
			<onup>13</onup>
			<onleft>14</onleft>
			<onright>14</onright>
			<ondown>15</ondown>
		</control>
		<control type="button" id="15">
			<description>password</description>
			<posx>10</posx>
			<posy>210</posy>
			<width>320</width>
			<align>left</align>
			<label>15052</label>
			<onup>14</onup>
			<onleft>15</onleft>
			<onright>15</onright>
			<ondown>18</ondown>
		</control>

		<control type="button" id="18">
			<description>Ok</description>
			<posx>200</posx>
			<posy>390</posy>
			<label>$LOCALIZE[186]</label>
			<onup>15</onup>
			<onleft>19</onleft>
			<onright>19</onright>
			<ondown>10</ondown>
		</control>
		<control type="button" id="19">
			<description>Cancel</description>
			<posx>360</posx>
			<posy>390</posy>
			<label>$LOCALIZE[222]</label>
			<onup>15</onup>
			<onleft>18</onleft>
			<onright>18</onright>
			<ondown>10</ondown>
		</control>

		<include>Object_DebugGrid</include>

	</controls>

</window>