<!--Alaska-->

<window type="buttonMenu" id="111">
	<defaultcontrol always="true">410</defaultcontrol>
	<include>Animation_BartowskiPressS</include>
	<controls>
		<control type="label">
			<include>WindowID</include>
			<label>DialogButtonMenu.xml</label>
			<visible>Skin.HasSetting(debugmode)</visible>
		</control>

		<control type="button" id="410">
			<onfocus>Dialog.Close(2003)</onfocus>
			<onfocus>Dialog.Close(106)</onfocus>
			<onfocus>SetFocus(3110)</onfocus>
		</control>
		<control type="image"><!-- Floor -->
			<posx>0</posx>
			<posy>650</posy>
			<width>1280</width>
			<height>70</height>
			<texture>backdrops/test2.png</texture>
		</control>
		<control type="grouplist" id="1">
			<posx>10</posx>
			<posy>670</posy>
			<onleft>1</onleft>
			<onright>1</onright>
			<onup>-</onup>
			<ondown>-</ondown>
			<orientation>horizontal</orientation>
			<align>center</align>
			<control type="button" id="3110">
				<description>Settings</description>
				<height>30</height>
				<width min="40" max="170">auto</width>
				<font>Font_Bartowski_Press_S</font>
				<textcolor>MainBlack</textcolor>
				<focusedcolor>white</focusedcolor>
				<texturefocus border="5">confluence/button-focus.png</texturefocus>
				<align>center</align>
				<aligny>middle</aligny>
				<label>5</label>
				<onclick>ActivateWindow(4)</onclick>
			</control>
			<control type="button" id="3111">
				<description>Filemanager</description>
				<height>30</height>
				<width min="40" max="170">auto</width>
				<font>Font_Bartowski_Press_S</font>
				<textcolor>MainBlack</textcolor>
				<focusedcolor>white</focusedcolor>
				<texturefocus border="5">confluence/button-focus.png</texturefocus>
				<align>center</align>
				<aligny>middle</aligny>
				<label>$LOCALIZE[31067]</label>
				<onclick>ActivateWindow(3)</onclick>
			</control>

			<control type="button" id="3117">
				<description>Favourites</description>
				<height>30</height>
				<width min="40" max="170">auto</width>
				<font>Font_Bartowski_Press_S</font>
				<textcolor>MainBlack</textcolor>
				<focusedcolor>white</focusedcolor>
				<texturefocus border="5">confluence/button-focus.png</texturefocus>
				<align>center</align>
				<aligny>middle</aligny>
				<label>$LOCALIZE[1036]</label>
				<onclick>ActivateWindow(Favourites)</onclick>
			</control>

			<control type="button" id="3112">
				<description>Reboot</description>
				<height>30</height>
				<width min="40" max="170">auto</width>
				<font>Font_Bartowski_Press_S</font>
				<textcolor>MainBlack</textcolor>
				<focusedcolor>white</focusedcolor>
				<texturefocus border="5">confluence/button-focus.png</texturefocus>
				<align>center</align>
				<aligny>middle</aligny>
				<label>$LOCALIZE[13313]</label>
				<onclick>Reset()</onclick>
			</control>
			<control type="button" id="3113">
				<description>Shutdown</description>
				<height>30</height>
				<width min="40" max="170">auto</width>
				<font>Font_Bartowski_Press_S</font>
				<textcolor>MainBlack</textcolor>
				<focusedcolor>white</focusedcolor>
				<texturefocus border="5">confluence/button-focus.png</texturefocus>
				<align>center</align>
				<aligny>middle</aligny>
				<label>$LOCALIZE[13005]</label>
				<onclick>ShutDown()</onclick>
			</control>
			<control type="button" id="3114">
				<description>Restart Xbmc</description>
				<height>30</height>
				<width min="40" max="170">auto</width>
				<font>Font_Bartowski_Press_S</font>
				<textcolor>MainBlack</textcolor>
				<focusedcolor>white</focusedcolor>
				<texturefocus border="5">confluence/button-focus.png</texturefocus>
				<align>center</align>
				<aligny>middle</aligny>
				<label>$LOCALIZE[13313] XBMC</label>
				<onclick>RestartApp()</onclick>
			</control>
			<control type="button" id="3115">
				<description>System Info Button</description>
				<height>30</height>
				<width min="40" max="170">auto</width>
				<font>Font_Bartowski_Press_S</font>
				<textcolor>MainBlack</textcolor>
				<focusedcolor>white</focusedcolor>
				<texturefocus border="5">confluence/button-focus.png</texturefocus>
				<align>center</align>
				<aligny>middle</aligny>
				<label>$LOCALIZE[130]</label>
				<onclick>ActivateWindow(7)</onclick>
			</control>
			<!--<control type="button" id="3116">
				<description>Reload Skin</description>
				<height>30</height>
				<width>150</width>
				<font>Font_Bartowski_Press_S</font>
				<textcolor>MainBlack</textcolor>
				<focusedcolor>white</focusedcolor>
				<texturefocus border="5">confluence/button-focus.png</texturefocus>
				<align>center</align>
				<aligny>middle</aligny>
				<label>Reload Skin</label>
				<onclick>ReloadSkin()</onclick>
			</control>-->
		</control>
		<include>Object_DebugGrid</include>
	</controls>
</window>