﻿<!--Alaska-->

<window id="100">
	<defaultcontrol always="true">10</defaultcontrol>

	<include>Animation_ZoomInMenu</include>


	<coordinates>
		<system>1</system>
		<posx>0</posx>
		<posy>0</posy>
		<origin x="0" y="0"/>
	</coordinates>

	<controls>

		<include>Global_DialogFilter</include>


		<control type="label">
			<include>WindowID</include>
			<label>DialogYesNo.xml</label>
			<visible>Skin.HasSetting(debugmode)</visible>
		</control>
		<control type="image" id="997">
			<description>background top image</description>
			<posx>360</posx>
			<posy>170</posy>
			<width>550</width>
			<height>292</height>
			<texture>dialogs/yes_no_back.png</texture>
		</control>
		<control type="label" id="1">
			<description>Heading</description>
			<posx>390</posx>
			<posy>200</posy>
			<font>Font_Bartowski_Episode_ContextMenu</font>
			<textcolor>black</textcolor>
			<focusedcolor>MenuValueFO</focusedcolor>
			<label>-</label>
			<width>500</width>
			<align>center</align>
			<aligny>middle</aligny>
		</control>
		<control type="label" id="2">
			<description>Line 1</description>
			<posx>390</posx>
			<posy>250</posy>
			<font>Font_Bartowski_Episode_ContextMenu</font>
			<textcolor>black</textcolor>
			<focusedcolor>MenuValueFO</focusedcolor>
			<label>-</label>
			<width>500</width>
			<align>center</align>
			<aligny>middle</aligny>
		</control>
		<control type="label" id="3">
			<description>Line 2</description>
			<posx>390</posx>
			<posy>300</posy>
			<font>Font_Bartowski_Episode_ContextMenu</font>
			<textcolor>black</textcolor>
			<focusedcolor>MenuValueFO</focusedcolor>
			<label>-</label>
			<width>500</width>
			<align>center</align>
			<aligny>middle</aligny>
		</control>
		<control type="label" id="4">
			<description>Line 3</description>
			<posx>390</posx>
			<posy>350</posy>
			<font>Font_Bartowski_Episode_ContextMenu</font>
			<textcolor>black</textcolor>
			<focusedcolor>MenuValueFO</focusedcolor>
			<label>-</label>
			<width>500</width>
			<align>center</align>
			<aligny>middle</aligny>
		</control>

		<control type="button" id="10">
			<description>no</description>
			<posx>420</posx>
			<posy>400</posy>
			<height>39</height>
			<width>200</width>
			<font>Font_Bartowski_Press_S</font>
			<textcolor>black</textcolor>
			<focusedcolor>white</focusedcolor>
			<texturefocus border="5">confluence/button-focus.png</texturefocus>
			<animation effect="zoom" start="100" end="120" tween="back" time="400" center="auto" reversible="false">Focus</animation>
			<label>$LOCALIZE[106]</label>
			<align>center</align>
			<aligny>center</aligny>
			<onleft>11</onleft>
			<onright>11</onright>
			<onup>11</onup>
			<ondown>11</ondown>
		</control>
		<control type="button" id="11">
			<description>yes</description>
			<posx>660</posx>
			<posy>400</posy>
			<height>39</height>
			<width>200</width>
			<align>center</align>
			<aligny>center</aligny>
			<font>Font_Bartowski_Press_S</font>
			<textcolor>black</textcolor>
			<focusedcolor>white</focusedcolor>
			<texturefocus border="5">confluence/button-focus.png</texturefocus>
			<animation effect="zoom" start="100" end="120" tween="back" time="400" center="auto" reversible="false">Focus</animation>
			<label>$LOCALIZE[107]</label>
			<onleft>10</onleft>
			<onright>10</onright>
			<onup>10</onup>
			<ondown>10</ondown>
		</control>

		<include>Object_DebugGrid</include>

	</controls>

</window>