<!--Alaska-->

<window id="115">
	<defaultcontrol>901</defaultcontrol>
	<visible>Window.IsActive(2005) + !Window.IsActive(2901) + !Window.IsActive(142) + [Player.Seeking | Player.DisplayAfterSeek | Player.Paused | Player.Forwarding | Player.Rewinding]</visible>
	<controls>
		<control type="group">
			<posy>560</posy>
			<animation type="WindowOpen">
				<effect type="fade" start="0" end="100" time="600" />
			</animation>
			<animation type="WindowClose">
				<effect type="fade" start="100" end="0" time="600" />
			</animation>
			<control type="image">
				<posx>0</posx>
				<posy>-560</posy>
				<width>1280</width>
				<height>720</height>
				<texture>osd/pause-back1.png</texture>
				<aspectratio>scale</aspectratio>
			</control>
			
			<control type="label">
				<posx>640</posx>
				<posy>0</posy>
				<include>DialogID</include>
				<label>DialogSeekbar.xml</label>
				<visible>Skin.HasSetting(debugmode)</visible>
			</control>
			<control type="progress" id="23">
				<texturebg>osd/osd_progress_back1.png</texturebg>
				<lefttexture>osd/left.png</lefttexture>
				<midtexture>osd/mid.png</midtexture>
				<righttexture>osd/new_pause2.png</righttexture>
				<info>Player.Progress</info>
				<posx>100</posx>
				<posy>130</posy>
				<width>1080</width>
				<height>19</height>
				<visible>!VideoPlayer.Content(episodes)</visible>
			</control>
			<control type="progress" id="23">
				<texturebg>osd/osd_progress_back1.png</texturebg>
				<lefttexture>osd/left.png</lefttexture>
				<midtexture>osd/mid.png</midtexture>
				<righttexture>osd/new_pause2.png</righttexture>
				<info>Player.Progress</info>
				<posx>100</posx>
				<posy>130</posy>
				<width>1080</width>
				<height>19</height>
				<visible>VideoPlayer.Content(episodes) + IsEmpty(Control.GetLabel(7657)) + IsEmpty(Control.GetLabel(7658))</visible>
			</control>
			<control type="progress" id="23">
				<texturebg>osd/osd_progress_back1.png</texturebg>
				<lefttexture>osd/left.png</lefttexture>
				<midtexture>osd/mid.png</midtexture>
				<righttexture>osd/new_pause2.png</righttexture>
				<info>Player.Progress</info>
				<posx>90</posx>
				<posy>130</posy>
				<width>786</width>
				<height>19</height>
				<visible>VideoPlayer.Content(episodes) + ![IsEmpty(Control.GetLabel(7657)) + IsEmpty(Control.GetLabel(7658))]</visible>
			</control>
	<control type="group">
		<visible>VideoPlayer.Content(episodes)</visible>
		<animation effect="slide" start="0,0" end="-140,8" time="0" tween="cubic" easing="inout" condition="VideoPlayer.Content(episodes) + ![IsEmpty(Control.GetLabel(7657)) + IsEmpty(Control.GetLabel(7658))]">Conditional</animation>
			<control type="label">
				<posx>100</posx>
				<posy>92</posy>
				<width>1080</width>
				<height>25</height>
				<label>[B]"$INFO[VideoPlayer.Title]"[/B]</label>
				<textcolor>ffffffff</textcolor>
				<font>Font_Bartowski_Extras_Pause</font>
				<align>center</align>
				<animation type="Conditional" reversible="false" condition="Player.Paused" loop="true">
					<effect type="fade" start="0" end="100" time="500" delay="0" />
					<effect type="fade" start="100" end="0" time="500" delay="7000" />
					<effect type="fade" start="100" end="0" time="500" delay="14000" />
				</animation>
				<animation effect="fade" start="100" end="0" time="0">windowclose</animation>
			</control>
			<control type="label">
				<posx>100</posx>
				<posy>92</posy>
				<width>1080</width>
				<height>25</height>
				<label>$LOCALIZE[31074]: [COLOR=ff67ffff][B]$INFO[System.Time][/COLOR][/B] | $LOCALIZE[31075]: [COLOR=ff67ffff][B]$INFO[Player.FinishTime][/B][/COLOR]</label>
				<textcolor>ffffffff</textcolor>
				<font>Font_Bartowski_Extras_Pause</font>
				<align>center</align>
				<visible>Player.Paused</visible>
				<animation type="Conditional" reversible="false" condition="Player.Paused" loop="true">
					<effect type="fade" start="0" end="100" time="500" delay="7500" />
					<effect type="fade" start="100" end="0" time="500" delay="14000" />
				</animation>
			</control>
		</control>
		<control type="group">
		<visible>!VideoPlayer.Content(episodes)</visible>
			<control type="label">
				<posx>100</posx>
				<posy>92</posy>
				<width>1080</width>
				<height>25</height>
				<label>$LOCALIZE[31074] [COLOR=ff67ffff][B]$INFO[System.Time][/COLOR][/B] | $LOCALIZE[31075]: [COLOR=ff67ffff][B]$INFO[Player.FinishTime][/B][/COLOR]</label>
				<textcolor>ffffffff</textcolor>
				<font>Font_Bartowski_Extras_Pause</font>
				<align>center</align>
				<visible>Player.Paused</visible>
				<animation effect="fade" start="100" end="0" time="0">windowclose</animation>
			</control>
		</control>
			<control type="label">
				<posx>90</posx>
				<posy>128</posy>
				<width>300</width>
				<height>25</height>
				<align>right</align> 
				<font>Font_ListDetail</font>
				<textcolor>ff67ffff</textcolor>
				<label>[B]$INFO[VideoPlayer.Time][/B]</label>
				<animation effect="slide" start="0,0" end="-10,0" time="0" tween="cubic" easing="inout" condition="VideoPlayer.Content(episodes) + ![IsEmpty(Control.GetLabel(7657)) + IsEmpty(Control.GetLabel(7658))]">Conditional</animation>
			</control>
			<control type="label">
				<posx>1190</posx>
				<posy>128</posy>
				<width>300</width>
				<height>25</height>
				<font>Font_ListDetail</font>
				<textcolor>ffffffff</textcolor>
				<label>[B]$INFO[VideoPlayer.Duration][/B]</label>
				<animation effect="slide" start="0,0" end="-304,0" time="0" tween="cubic" easing="inout" condition="VideoPlayer.Content(episodes) + ![IsEmpty(Control.GetLabel(7657)) + IsEmpty(Control.GetLabel(7658))]">Conditional</animation>
			</control>
			<control type ="image" id="7657"> 
				<description>tv show image</description>
				<posx>948</posx>     
				<posy>-26</posy>    
				<width>330</width>     
				<height>185</height> 
				<texture>$INFO[Player.FolderPath]../clearart.png</texture>
				<aspectratio>keep</aspectratio>
				<visible>VideoPlayer.Content(episodes)</visible>
			</control>
			<control type ="image" id="7658"> 
				<description>tv show image</description>
				<posx>948</posx>     
				<posy>-26</posy>    
				<width>330</width>     
				<height>185</height> 
				<texture>$INFO[Player.FolderPath]clearart.png</texture>
				<aspectratio>keep</aspectratio>
				<visible>VideoPlayer.Content(episodes)</visible>
			</control>
			<control type ="image"> 
				<description>tv show image</description>
				<posx>960</posx>     
				<posy>-190</posy>    
				<width>340</width>
				<height>340</height>
				<aspectratio align="right" aligny="bottom">keep</aspectratio>
				<texture diffuse="movie-poster/Movie_Thumb_Mask.png">$INFO[VideoPlayer.Cover]</texture>
				<bordertexture border="32">osd/paused_glow.png</bordertexture>
				<fadetime>400</fadetime>
				<bordersize>32</bordersize>
				<animation type="WindowOpen">
					<effect type="fade" start="0" end="100" time="900" delay="400" />
				</animation>
				<visible>IsEmpty(Control.GetLabel(7657)) + IsEmpty(Control.GetLabel(7658)) + VideoPlayer.Content(episodes)</visible>
			</control>
			
			<control type ="image"> 
				<description>tv show image</description>
				<posx>960</posx>     
				<posy>-190</posy>    
				<width>340</width>
				<height>340</height>
				<aspectratio align="right" aligny="bottom">keep</aspectratio>
				<texture diffuse="movie-poster/Movie_Thumb_Mask.png">$INFO[VideoPlayer.Cover]</texture>
				<bordertexture border="32">osd/paused_glow.png</bordertexture>
				<bordersize>32</bordersize>
				<animation type="WindowOpen">
					<effect type="fade" start="0" end="100" time="900" delay="400" />
				</animation>
				<visible>!VideoPlayer.Content(episodes)</visible>
			</control>
	</control>
		
	<control type="group">
	<posx>20</posx>
	<posy>600</posy>
	<animation type="WindowOpen">
		<effect type="fade" start="0" end="100" time="600" />
	</animation>
	<animation type="WindowClose">
		<effect type="fade" start="100" end="0" time="600" />
	</animation>
		<control type="label">
			<posx>0</posx>
			<posy>0</posy>
			<width>800</width> 
			<height>25</height> 
			<label>$INFO[VideoPlayer.TVShowTitle]</label>
			<align>left</align> 
			<aligny>center</aligny> 
			<font>Font_Bartowski_Title_Pause</font>
			<textcolor>ff67ffff</textcolor>
			<visible>VideoPlayer.Content(episodes)</visible>
		</control>
		<control type="label">
			<posx>0</posx>
			<posy>0</posy>
			<width>750</width> 
			<height>25</height> 
			<label>$INFO[VideoPlayer.Title]</label>
			<align>left</align> 
			<aligny>center</aligny> 
			<font>Font_Bartowski_Title_Pause</font>
			<textcolor>ff67ffff</textcolor>
			<visible>VideoPlayer.Content(movies)</visible>
		</control>
		<control type="label">
			<posx>0</posx>
			<posy>27</posy>
			<width>800</width> 
			<height>25</height> 
			<label>$LOCALIZE[31068] $INFO[VideoPlayer.season]/$LOCALIZE[31069] $INFO[VideoPlayer.episode]</label>
			<align>left</align> 
			<aligny>center</aligny> 
			<font>Font_Bartowski_Under_Pause</font>
			<textcolor>ffffffff</textcolor>
			<visible>VideoPlayer.Content(episodes)</visible>
		</control>
		<control type="label">
			<posx>0</posx>
			<posy>27</posy>
			<width>412</width> 
			<height>25</height> 
			<label>$INFO[VideoPlayer.Year]/$INFO[VideoPlayer.Studio]</label>
			<align>left</align> 
			<aligny>center</aligny> 
			<font>Font_Bartowski_Under_Pause</font>
			<textcolor>ffffffff</textcolor>
			<visible>VideoPlayer.Content(movies)</visible>
		</control>
		
		
	</control>
	<control type="group">
	<posx>-320</posx>
	<posy>0</posy>
		<control type="label" id="0">
			<posx>0</posx>
			<posy>0</posy>
			<width>1920</width>
			<align>center</align>
			<aligny>top</aligny>
			<label>$LOCALIZE[112]</label>
			<font>Font_Bartowski_BigMusic</font>
			<textcolor>33ffffff</textcolor>
			<visible>player.paused</visible>
		</control>
		<control type="label" id="0">
			<posx>0</posx>
			<posy>0</posy>
			<width>1920</width>
			<align>center</align>
			<aligny>top</aligny>
			<label>FFx2</label>
			<font>Font_Bartowski_BigMusic</font>
			<textcolor>33ffffff</textcolor>
			<visible>player.forwarding2x</visible>
		</control>
		<control type="label" id="0">
			<posx>0</posx>
			<posy>0</posy>
			<width>1920</width>
			<align>center</align>
			<aligny>top</aligny>
			<label>FFx4</label>
			<font>Font_Bartowski_BigMusic</font>
			<textcolor>33ffffff</textcolor>
			<visible>player.forwarding4x</visible>
		</control>
		<control type="label" id="0">
			<posx>0</posx>
			<posy>0</posy>
			<width>1920</width>
			<align>center</align>
			<aligny>top</aligny>
			<label>FFx8</label>
			<font>Font_Bartowski_BigMusic</font>
			<textcolor>33ffffff</textcolor>
			<visible>player.forwarding8x</visible>
		</control>
		<control type="label" id="0">
			<posx>0</posx>
			<posy>0</posy>
			<width>1920</width>
			<align>center</align>
			<aligny>top</aligny>
			<label>FFx16</label>
			<font>Font_Bartowski_BigMusic</font>
			<textcolor>33ffffff</textcolor>
			<visible>player.forwarding16x</visible>
		</control>
		<control type="label" id="0">
			<posx>0</posx>
			<posy>0</posy>
			<width>1920</width>
			<align>center</align>
			<aligny>top</aligny>
			<label>FFx32</label>
			<font>Font_Bartowski_BigMusic</font>
			<textcolor>33ffffff</textcolor>
			<visible>player.forwarding32x</visible>
		</control>
		<control type="label" id="0">
			<posx>0</posx>
			<posy>0</posy>
			<width>1920</width>
			<align>center</align>
			<aligny>top</aligny>
			<label>RWx2</label>
			<font>Font_Bartowski_BigMusic</font>
			<textcolor>33ffffff</textcolor>
			<visible>player.rewinding2x</visible>
		</control>
		<control type="label" id="0">
			<posx>0</posx>
			<posy>0</posy>
			<width>1920</width>
			<align>center</align>
			<aligny>top</aligny>
			<label>RWx4</label>
			<font>Font_Bartowski_BigMusic</font>
			<textcolor>33ffffff</textcolor>
			<visible>player.rewinding4x</visible>
		</control>
		<control type="label" id="0">
			<posx>0</posx>
			<posy>0</posy>
			<width>1920</width>
			<align>center</align>
			<aligny>top</aligny>
			<label>RWx8</label>
			<font>Font_Bartowski_BigMusic</font>
			<textcolor>33ffffff</textcolor>
			<visible>player.rewinding8x</visible>
		</control>
		<control type="label" id="0">
			<posx>0</posx>
			<posy>0</posy>
			<width>1920</width>
			<align>center</align>
			<aligny>top</aligny>
			<label>RWx16</label>
			<font>Font_Bartowski_BigMusic</font>
			<textcolor>33ffffff</textcolor>
			<visible>player.rewinding16x</visible>
		</control>
		<control type="label" id="0">
			<posx>0</posx>
			<posy>0</posy>
			<width>1920</width>
			<align>center</align>
			<aligny>top</aligny>
			<label>RWx32</label>
			<font>Font_Bartowski_BigMusic</font>
			<textcolor>33ffffff</textcolor>
			<visible>player.rewinding32x</visible>
		</control>
	</control>
		
		<include>Object_DebugGrid</include>
	</controls>
</window>
