<window id="112">
  <defaultcontrol always ="true">1111</defaultcontrol>
  <include>Animation_Bartowski_Context_Zoom</include>
  <coordinates>
    <system>1</system>
    <posx>30</posx>
    <posy>10</posy>
  </coordinates>
  <controls>

    <control type="button" id="1111">
      <description>update recently added</description>
      <posx>-10</posx>
      <posy>-10</posy>
      <height>1</height>
      <width>1</width>
      <texturefocus></texturefocus>
      <texturenofocus></texturenofocus>
      <onfocus>Skin.SetBool(LibraryUpdated)</onfocus>
    </control>

    <control type="group">
	  <posx>850</posx>
      <visible>!Window.IsActive(2006) + !VideoPlayer.IsFullscreen</visible>
	  <control type="image">
			<posx>0</posx>
			<posy>-16</posy>
			<width>400</width>
			<height>60</height>
			<texture flipy="true" border="20,20,20,2">confluence/InfoMessagePanel2.png</texture>
		</control>
      <!--<control type="image">
        <posx>0</posx>
        <posy>0</posy>
        <width>500</width>
        <height>90</height>
        <texture>notification_background.png</texture>
      </control>-->
      <control type="label" id="401">
        <description>Caption Label</description>
        <posx>15</posx>
        <posy>-8</posy>
        <font>font16</font>
        <textcolor>black</textcolor>
        <width>380</width>
        <height>20</height>
        <aligny>center</aligny>
        <align>center</align>
      </control>
      <control type="label" id="402">
        <description>Current Directory Label</description>
        <posx>15</posx>
        <posy>6</posy>
        <font>Bartowski_settings_small</font>
        <textcolor>black</textcolor>
        <haspath>yes</haspath>
        <width>380</width>
        <height>20</height>
        <aligny>center</aligny>
        <align>left</align>
      </control>
      <control type="progress" id="404">
        <description>progress control</description>
        <posx>15</posx>
        <posy>28</posy>
        <width>370</width>
        <height>10</height>
        <texturebg>osd_video_indicator_background1.png</texturebg>
        <lefttexture>current_time_indicator_buffering_left.png</lefttexture>
        <midtexture>current_time_indicator_buffering.png</midtexture>
        <righttexture>current_time_indicator_buffering_right.png</righttexture>
      </control>
    </control>
  </controls>
</window>