<window id="136">
	<include>dialogeffect</include>
	<coordinates>
		<system>1</system>
		<posx>1000</posx>
		<posy>610</posy>
	</coordinates>
	<controls>
		<control type="group">
			<visible>![Window.IsVisible(InfoDialog) | Window.IsVisible(SliderDialog) | Window.IsVisible(VolumeBar)]</visible>
			<control type="image">
				<posx>-20</posx>
				<posy>-60</posy>
				<width>338</width>
				<height>328</height>
				<texture>common/busy_back.png</texture>
			</control>
			<control type="multiimage">
				<description>Busy animation</description>
				<posx>185</posx>
				<posy>20</posy>
				<width>80</width>
				<height>80</height>
				<imagepath>busy</imagepath>
				<timeperimage>100</timeperimage>
				<fadetime>0</fadetime>
			</control>
		</control>
	</controls>
</window>
