<!--Alaska-->

<window type="dialog" id="134">
	<defaultcontrol always="true">450</defaultcontrol>
	<include>Animation_Bartowski_Context_Zoom</include>
	<controls>
		<control type="label">
			<include>WindowID</include>
			<label>DialogFavourites.xml</label>
			<visible>Skin.HasSetting(debugmode)</visible>
		</control>
		<include>Animation_ZoomedByMenu</include>
			<include>Animation_ZoomInZoomOut</include>

		<control type="image">
			<description>Panel</description>
			<posx>240</posx>
			<posy>72</posy>
			<width>800</width>
			<height>544</height>
			<texture>favourites/favourites_panel1.png</texture>
			<!--<colordiffuse>FavListPanel</colordiffuse>-->
		</control>

		<control type="image">
			<posx>270</posx>
			<posy>160</posy>
			<width>740</width>
			<height>2</height>
			<texture>common/divider.png</texture>
		</control>

		<control type="label">
			<description>Favourites Label</description>
			<posx>280</posx>
			<posy>106</posy>
			<width>720</width>
			<height>60</height>
			<align>center</align>
			<textcolor>black</textcolor>
			<label>$LOCALIZE[1036]</label>
			<font>Font_Bartowski_MainMenu_Context</font>
		</control>

		<control type="list" id="450">
			<posx>260</posx>
			<posy>150</posy>
			<width>781</width>
			<height>375</height>
			<onleft>-</onleft>
			<onright>-</onright>
			<onup>450</onup>
			<ondown>450</ondown>
			<pagecontrol>-</pagecontrol>
			<scrolltime>0</scrolltime>
			<itemlayout height="40">
				<control type="label">
					<posx>30</posx>
					<posy>15</posy>
					<width>721</width>
					<height>30</height>
					<textcolor>FavListItem</textcolor>
					<selectedcolor>FavListItemSelected</selectedcolor>
					<aligny>center</aligny>
					<font>Font_FavouritesItemLabel</font>
					<info>ListItem.Label</info>
				</control>
			</itemlayout>
			<focusedlayout height="40">
				<control type="image">
					<posx>4</posx>
					<posy>10</posy>
					<width>754</width>
					<height>40</height>
					<texture>confluence/button-focus-big.png</texture>
				</control>

				<control type="label">
					<posx>30</posx>
					<posy>16</posy>
					<width>721</width>
					<height>30</height>
					<textcolor>white</textcolor>
					<aligny>center</aligny>
					<font>Font_FavouritesFocusedItemLabel</font>
					<info>ListItem.Label</info>
					<texturefocus border="5">confluence/button-focus.png</texturefocus>
				</control>

			</focusedlayout>
		</control>

	</controls>
</window>