<!--Empty-->

<window id="2008">
	<defaultcontrol>450</defaultcontrol>

	<coordinates>
		<system>1</system>
		<posx>360</posx>
		<posy>120</posy>
	</coordinates>

	<controls>

		<control type="image" id="0">
			<description>Back Panel</description>
			<posx>-30</posx>
			<posy>-30</posy>
			<width>620</width>
			<height>500</height>
			<texture>favourites/favourites_panel.png</texture>
			<colordiffuse>FavListPanel</colordiffuse>
		</control>

		<control type="label">
			<include>DialogID</include>
			<label>DialogFileStacking.xml</label>
			<visible>Skin.HasSetting(debugmode)</visible>
		</control>

		<control type="list" id="450">
			<posx>10</posx>
			<posy>40</posy>
			<width>520</width>
			<height>382</height>
			<onleft>450</onleft>
			<onright>450</onright>
			<onup>450</onup>
			<ondown>450</ondown>
			<itemlayout height="32">
				<control type="image">
					<width>500</width>
					<height>30</height>
					<texture>ButtonNF.png</texture>
				</control>
				<control type="image">
					<posy>2</posy>
					<width>26</width>
					<height>26</height>
					<info>ListItem.Icon</info>
					<texture>ButtonCDNF.png</texture>
				</control>
				<control type="label">
					<posx>30</posx>
					<width>465</width>
					<height>30</height>
					<info>ListItem.Label</info>
					<scroll>false</scroll>
				</control>
			</itemlayout>
			<focusedlayout height="32">
				<control type="image">
					<width>500</width>
					<height>30</height>
					<texture>ButtonFo.png</texture>
				</control>
				<control type="image">
					<posy>2</posy>
					<width>26</width>
					<height>26</height>
					<info>ListItem.Icon</info>
					<texture>ButtonCDNF.png</texture>
				</control>
				<control type="label">
					<posx>30</posx>
					<width>465</width>
					<height>30</height>
					<textcolor>TextFocused</textcolor>
					<info>ListItem.Label</info>
				</control>
			</focusedlayout>
		</control>

		<include>Object_DebugGrid</include>

	</controls>

</window>