<!--Alaska-->

<window id="3">
	<defaultcontrol>20</defaultcontrol>
	<allowoverlay>yes</allowoverlay>
	<controls>
		<include>Global_Background</include>
		<include>Global_Filter</include>
		<!-- LEFT PANEL -->
		<control type="group">
			<include>Animation_ZoomedByMenu</include>
			<include>Animation_ZoomInZoomOut</include>
			<posx>15</posx>
			<posy>85</posy>
			<control type="image">
				<width>660</width>
				<height>592</height>
				<posx>-20</posx>
				<posy>0</posy>
				<texture border="100">filemanager/filemanager_panel.png</texture>
			</control>
			<control type="label" id="101">
				<posx>590</posx>
				<posy>525</posy>
				<width>555</width>
				<height>60</height>
				<font>Font_ListTitleBigger</font>
				<align>right</align>
				<scroll>true</scroll>
				<textcolor>FM_ListTitle</textcolor>
				<shadowcolor>FM_ListTitleAccent</shadowcolor>
			</control>
			<control type="image">
				<posx>22</posx>
				<posy>515</posy>
				<width>576</width>
				<height>2</height>
				<texture>common/divider.png</texture>
			</control>
			<control type="list" id="20">
				<viewtype label="31752">list</viewtype>
				<posx>14</posx>
				<posy>30</posy>
				<width>575</width>
				<height>470</height>
				<scrolltime>0</scrolltime>
				<onright>21</onright>
				<onup>20</onup>
				<ondown>20</ondown>
				<itemlayout height="40">
					<control type="label">
						<posx>23</posx>
						<posy>0</posy>
						<width>480</width>
						<height>39</height>
						<font>Font_FavouritesItemLabel</font>
						<aligny>center</aligny>
						<textcolor>FM_ListUnfocused</textcolor>
						<selectedcolor>FM_ListUnfocusSelected</selectedcolor>
						<info>ListItem.Label</info>
					</control>
					<control type="label">
						<posx>560</posx>
						<posy>0</posy>
						<width>100</width>
						<height>38</height>
						<font>Font_FavouritesItemLabel</font>
						<align>right</align>
						<aligny>center</aligny>
						<textcolor>FM_ListUnfocused</textcolor>
						<selectedcolor>FM_ListUnfocusSelected</selectedcolor>
						<label>[UPPERCASE]$INFO[ListItem.label2][/UPPERCASE]</label>
					</control>
				</itemlayout>
				<focusedlayout height="40">
					<control type="image">
						<posx>8</posx>
						<posy>-6</posy>
						<width>570</width>
						<height>50</height>
						<visible>Control.HasFocus(20)</visible>
						<texture>favourites/focus_bar.png</texture>
						<colordiffuse>FM_Focusbar</colordiffuse>
					</control>
					<control type="label">
						<posx>23</posx>
						<posy>0</posy>
						<width>480</width>
						<height>38</height>
						<font>Font_FavouritesItemLabel</font>
						<aligny>center</aligny>
						<textcolor>FM_ListFocused</textcolor>
						<shadowcolor>FM_ListFocusedAccent</shadowcolor>
						<selectedcolor>FM_ListFocusSelected</selectedcolor>
						<info>ListItem.Label</info>
					</control>
					<control type="label">
						<posx>560</posx>
						<posy>0</posy>
						<width>100</width>
						<height>38</height>
						<font>Font_FavouritesItemLabel</font>
						<align>right</align>
						<aligny>center</aligny>
						<textcolor>FM_ListFocused</textcolor>
						<selectedcolor>FM_ListFocused</selectedcolor>
						<label>[UPPERCASE]$INFO[ListItem.Size][/UPPERCASE]</label>
					</control>
				</focusedlayout>
			</control>
		</control>
		<!-- Right Panel -->
		<control type="group">
			<include>Animation_ZoomedByMenu</include>
			<include>Animation_ZoomInZoomOut</include>
			<posx>650</posx>
			<posy>85</posy>
			<control type="image">
				<width>660</width>
				<height>592</height>
				<posx>-20</posx>
				<posy>0</posy>
				<texture border="100">filemanager/filemanager_panel.png</texture>
			</control>
			<control type="label" id="102">
				<posx>590</posx>
				<posy>525</posy>
				<width>555</width>
				<height>60</height>
				<font>Font_ListTitleBigger</font>
				<align>right</align>
				<scroll>true</scroll>
				<textcolor>FM_ListTitle</textcolor>
				<shadowcolor>FM_ListTitleAccent</shadowcolor>
			</control>
			<control type="image">
				<posx>22</posx>
				<posy>515</posy>
				<width>576</width>
				<height>2</height>
				<texture>common/divider.png</texture>
			</control>
			<control type="list" id="21">
				<viewtype label="31752">list</viewtype>
				<posx>14</posx>
				<posy>30</posy>
				<width>575</width>
				<height>470</height>
				<scrolltime>0</scrolltime>
				<onleft>20</onleft>
				<onup>21</onup>
				<ondown>21</ondown>
				<itemlayout height="40">
					<control type="label">
						<posx>23</posx>
						<posy>0</posy>
						<width>480</width>
						<height>39</height>
						<font>Font_FavouritesItemLabel</font>
						<aligny>center</aligny>
						<textcolor>FM_ListUnfocused</textcolor>
						<selectedcolor>FM_ListUnfocusSelected</selectedcolor>
						<info>ListItem.Label</info>
					</control>
					<control type="label">
						<posx>560</posx>
						<posy>0</posy>
						<width>100</width>
						<height>38</height>
						<font>Font_FavouritesItemLabel</font>
						<align>right</align>
						<aligny>center</aligny>
						<textcolor>FM_ListUnfocused</textcolor>
						<selectedcolor>FM_ListUnfocusSelected</selectedcolor>
						<label>[UPPERCASE]$INFO[ListItem.label2][/UPPERCASE]</label>
					</control>
				</itemlayout>
				<focusedlayout height="40">
					<control type="image">
						<posx>8</posx>
						<posy>-6</posy>
						<width>570</width>
						<height>50</height>
						<visible>Control.HasFocus(21)</visible>
						<texture>favourites/focus_bar.png</texture>
						<colordiffuse>FM_Focusbar</colordiffuse>
					</control>
					<control type="label">
						<posx>23</posx>
						<posy>0</posy>
						<width>480</width>
						<height>38</height>
						<font>Font_FavouritesItemLabel</font>
						<aligny>center</aligny>
						<textcolor>FM_ListFocused</textcolor>
						<shadowcolor>FM_ListFocusedAccent</shadowcolor>
						<selectedcolor>FM_ListFocusSelected</selectedcolor>
						<info>ListItem.Label</info>
					</control>
					<control type="label">
						<posx>560</posx>
						<posy>0</posy>
						<width>100</width>
						<height>38</height>
						<font>Font_FavouritesItemLabel</font>
						<align>right</align>
						<aligny>center</aligny>
						<textcolor>FM_ListFocused</textcolor>
						<selectedcolor>FM_ListFocused</selectedcolor>
						<label>[UPPERCASE]$INFO[ListItem.label2][/UPPERCASE]</label>
					</control>
				</focusedlayout>
			</control>
		</control>
		<include>Object_DebugGrid</include>	
		<include>Global_ContextFilter</include>
		<!-- Heading -->
		<control type="group">
			<posx>30</posx>
			<posy>30</posy>
			<include>Animation_SlideDownFadeOut</include>
			<control type="label">
				<label>7</label>
				<include>Global_HeadingSectionVars</include>
			</control>
			<control type="label">
				<label>$INFO[listitem.filenameandpath]</label>
				<include>Global_HeadingDetailVars</include>
			</control>
		</control>
		<include>Global_Time</include>
		<include>Global_RSS</include>
		<control type="label">
			<include>WindowID</include>
			<label>FileManager.xml</label>
			<visible>Skin.HasSetting(debugmode)</visible>
		</control>
	</controls>
</window>