<!--Alaska-->

<fonts>

	<fontset id="Default" unicode="true">
		
		<font>
			<name>Font_Bartowski_MainMenu</name>
			<filename>alaska_thin.ttf</filename>
			<size>88</size>
			<linespacing>1</linespacing>
		</font>
		<font>
			<name>Font_Bartowski_Digital_Clock</name>
			<filename>digital_clock.ttf</filename>
			<size>20</size>
			<linespacing>1</linespacing>
		</font>
		<font>
			<name>Font_Bartowski_BigMusic</name>
			<filename>alaska_thin.ttf</filename>
			<size>180</size>
			<linespacing>1</linespacing>
		</font>
		<font><!--was 34-->
			<name>Font_Bartowski_Title_TVShow</name>
			<filename>alaska_light_nocaps.ttf</filename>
			<size>40</size>
			<linespacing>1</linespacing>
		</font>
		<font>
			<name>Font_Bartowski_ListView_Season</name>
			<filename>alaska_light_nocaps.ttf</filename>
			<size>32</size>
			<linespacing>1</linespacing>
		</font>
		<font>
			<name>Font_Bartowski_MainMenu_Focus</name>
			<filename>alaska_thin.ttf</filename>
			<size>148</size>
			<linespacing>1</linespacing>
		</font>
		<font>
			<name>Font_Bartowski_Movies</name>
			<filename>alaska_light_nocaps.ttf</filename>
			<size>26</size>
			<linespacing>1</linespacing>
		</font>
		<font>
			<name>Font_Bartowski_Episodes</name>
			<filename>alaska_light_nocaps.ttf</filename>
			<size>24</size>
			<linespacing>1</linespacing>
		</font>
		<font>
			<name>Font_Bartowski_Movies_Plot</name>
			<filename>alaska_light_nocaps.ttf</filename>
			<size>22</size>
			<linespacing>1</linespacing>
		</font>
		<font>
			<name>Font_Bartowski_Movies_Title</name>
			<filename>alaska_light.ttf</filename>
			<size>40</size>
			<linespacing>1</linespacing>
		</font>
		<font>
			<name>Font_Bartowski_TV_Title</name>
			<filename>alaska_light.ttf</filename>
			<size>40</size>
			<linespacing>1</linespacing>
		</font>
		<font>
			<name>Font_Bartowski_Landscape_TV_Title</name>
			<filename>alaska_light.ttf</filename>
			<size>50</size>
			<linespacing>1</linespacing>
		</font>
		<font>
			<name>Font_Episode_Landscape_TVTitle</name>
			<filename>alaska_light.ttf</filename>
			<size>50</size>
			<linespacing>.7</linespacing>
		</font>
		<font>
			<name>Font_Bartowski_Movies_Duration</name>
			<filename>alaska_light.ttf</filename>
			<size>26</size>
			<linespacing>1</linespacing>
		</font>
		<font>
			<name>Font_Bartowski_Movies_Poster_Rated</name>
			<filename>alaska_light_nocaps.ttf</filename>
			<size>26</size>
			<linespacing>1</linespacing>
		</font>
		<font>
			<name>Font_Bartowski_Title_Pause</name>
			<filename>alaska_nocaps.ttf</filename>
			<size>38</size>
		</font>
		<font>
			<name>Font_Bartowski_Filebrowser</name>
			<filename>alaska_nocaps.ttf</filename>
			<size>46</size>
		</font>
		<font>
			<name>Font_Bartowski_Extras_Pause</name>
			<filename>Comfortaa Thin.ttf</filename>
			<size>22</size>
		</font>
		<font>
			<name>Font_Bartowski_Under_Pause</name>
			<filename>alaska_nocaps.ttf</filename>
			<size>24</size>
		</font>
		<font>
			<name>Font_Bartowski_Episode_ContextMenu</name>
			<filename>Comfortaa Thin.ttf</filename>
			<size>30</size>
		</font>
		<font>
			<name>Font_Bartowski_Volume</name>
			<filename>alaska_light.ttf</filename>
			<size>23</size>
		</font>
		<font>
			<name>Font_Bartowski_List_Main</name>
			<filename>Comfortaa Bold.ttf</filename>
			<size>24</size>
		</font>
		<font>
			<name>Font_Bartowski_Showcase_plot</name>
			<filename>alaska_light_nocaps.ttf</filename>
			<size>25</size>
			<linespacing>0.8</linespacing>
		</font>
		<font>
			<name>Font_Bartowski_Showcase_Title</name>
			<filename>alaska_regular.ttf</filename>
			<size>31</size>
		</font>
		<font>
			<name>Font_Bartowski_Showcase_Right_Main</name>
			<filename>alaska_nocaps.ttf</filename>
			<size>28</size>
		</font>
		<font>
			<name>Font_Bartowski_Showcase_Right_Under</name>
			<filename>scoutlightnc.ttf</filename>
			<size>22</size>
		</font>
		<font>
			<name>Font_Bartowski_Showcase_runtime_year</name>
			<filename>alaska_regular.ttf</filename>
			<size>24</size>
		</font>
		<font>
			<name>Font_Bartowski_MenuValue</name>
			<filename>Comfortaa Bold.ttf</filename>
			<size>36</size>
		</font>
		<font>
			<name>Font_Bartowski_Smaller_MenuValue</name>
			<filename>Comfortaa Bold.ttf</filename>
			<size>30</size>
		</font>
		<font>
			<name>Font_Bartowski_Smaller_MenuTitle</name>
			<filename>Comfortaa Bold.ttf</filename>
			<size>22</size>
		</font>
		<font>
			<name>Font_Bartowski_Press_S</name>
			<filename>Comfortaa Bold.ttf</filename>
			<size>26</size>
		</font>
		<font>
			<name>Font_Bartowski_MainMenu_Context</name>
			<filename>Comfortaa Bold.ttf</filename>
			<size>44</size>
		</font>
		<font>
			<name>Font_Bartowski_Time</name>
			<filename>alaska_black.ttf</filename>
			<size>24</size>
		</font>
		<font>
			<name>Font_Alaya_Top_Volume</name>
			<filename>alaska_regular.ttf</filename>
			<size>22</size>
		</font>
		<font>
			<name>Font_Landscape_TitleTVShow</name>
			<filename>Comfortaa Bold.ttf</filename>
			<size>25</size>
			<linespacing>1</linespacing>
		</font>
		<font>
			<name>Font_Channels</name>
			<filename>alaska_condblack.ttf</filename>
			<size>26</size>
			<linespacing>0.6</linespacing>
		</font>

		<font>
			<name>Font_Res</name>
			<filename>alaska_condblack.ttf</filename>
			<size>28</size>
			<linespacing>0.6</linespacing>
		</font>

		<font>
			<name>Font_Aspect</name>
			<filename>alaska_condblack.ttf</filename>
			<size>24</size>
			<linespacing>0.6</linespacing>
		</font>

		<font>
			<name>Font_PosterRating</name>
			<filename>alaska_condblack.ttf</filename>
			<size>28</size>
			<linespacing>0.6</linespacing>
		</font>

		<font>
			<name>Font_HomeSelected</name>
			<filename>alaska_menu.ttf</filename>
			<size>80</size>
		</font>

		<font>
			<name>Font_HomeNotSelected</name>
			<filename>alaska_black.ttf</filename>
			<size>40</size>
		</font>	

		<font>
			<name>Font_Settings</name>
			<filename>alaska_nocaps.ttf</filename>
			<size>30</size>
			<linespacing>1</linespacing>
		</font>

		<font>
			<name>Large</name>
			<filename>Arial.ttf</filename>
			<size>36</size>
		</font>

		<font>
			<name>Small</name>
			<filename>Arial.ttf</filename>
			<size>14</size>
		</font>

		<font>
			<name>font13</name>
			<filename>Arial.ttf</filename>
			<size>14</size>
		</font>

		<font>
			<name>Font_Time</name>
			<filename>alaska_black.ttf</filename>
			<size>42</size>
		</font>

		<font>
			<name>Font_MainMenu</name>
			<filename>alaska_menu.ttf</filename>
			<size>230</size>
		</font>

		<font>
			<name>Font_Date</name>
			<filename>alaska_light.ttf</filename>
			<size>21</size>
		</font>	

		<font>
			<name>Font_RSS</name>
			<filename>alaska_thin.ttf</filename>
			<size>21</size>
		</font>
		<font>
			<name>Font_RSS_Bartowski</name>
			<filename>alaska_thin.ttf</filename>
			<size>28</size>
		</font>

		<font>
			<name>Font_RSS_Big</name>
			<filename>alaska_light_nocaps.ttf</filename>
			<size>27</size>
		</font>

		<font>
			<name>Font_NowPlayingArtist</name>
			<filename>alaska_nocaps.ttf</filename>
			<size>27</size>
		</font>

		<font>
			<name>Font_NowPlayingTrack</name>
			<filename>alaska_light.ttf</filename>
			<size>27</size>
		</font>

		<font>
			<name>Font_PosterTitle</name>
			<filename>alaska_condblack.ttf</filename>
			<size>43</size>
			<linespacing>0.6</linespacing>
		</font>

		<font>
			<name>Font_InfoPlot</name>
			<filename>alaska_nocaps.ttf</filename>
			<size>25</size>
			<linespacing>1</linespacing>
		</font>

		<font>
			<name>Font_InfoYear</name>
			<filename>alaska_regular.ttf</filename>
			<size>46</size>
		</font>	

		<font>
			<name>Font_InfoYear2</name>
			<filename>alaska_regular.ttf</filename>
			<size>40</size>
		</font>

		<font>
			<name>Font_InfoDetails</name>
			<filename>alaska_regular.ttf</filename>
			<size>22</size>
		</font>

		<font>
			<name>Font_InfoCast</name>
			<filename>alaska_regular.ttf</filename>
			<size>22</size>
			<linespacing>0.87</linespacing>	  
		</font>	

		<font>
			<name>Font_InfoGenre</name>
			<filename>alaska_regular.ttf</filename>
			<size>20</size>
			<linespacing>0.8</linespacing>
		</font>

		<font>
			<name>Font_EpisodeTitleNF</name>
			<filename>alaska_black.ttf</filename>
			<size>25</size>
		</font>

		<font>
			<name>Font_EpisodeLabelF</name>
			<filename>alaska_black.ttf</filename>
			<size>35</size>
		</font>

		<font>
			<name>Font_EpisodeDetailNF</name>
			<filename>alaska_light.ttf</filename>
			<size>20</size>
		</font>	

		<font>
			<name>Font_EpisodePlot</name>
			<filename>alaska_light_nocaps.ttf</filename>
			<size>21</size>
			<linespacing>0.8</linespacing>
		</font>	

		<font>
			<name>Font_EpisodePlot2</name>
			<filename>alaska_light_nocaps.ttf</filename>
			<size>18</size>
		</font>	

		<font>
			<name>Font_TVShow</name>
			<filename>alaska_light_nocaps.ttf</filename>
			<size>25</size>
			<linespacing>1</linespacing>
		</font>

		<font>
			<name>Font_EpisodeNumber</name>
			<filename>alaska_black.ttf</filename>
			<size>45</size>
		</font>

		<font>
			<name>Font_ProgressDialog</name>
			<filename>alaska_black.ttf</filename>
			<size>20</size>
		</font>

		<font>
			<name>Font_SettingsHeading</name>
			<filename>alaska_black.ttf</filename>
			<size>35</size>
		</font>

		<font>
			<name>Font_SettingsDetail</name>
			<filename>alaska_light_nocaps.ttf</filename>
			<size>20</size>
		</font>

		<font>
			<name>Font_ListTitleBig</name>
			<filename>alaska_black.ttf</filename>
			<size>28</size>
		</font>

		<font>
			<name>Font_ListTitleBigger</name>
			<filename>alaska_black.ttf</filename>
			<size>36</size>
		</font>

		<font>
			<name>Font_ListTitle</name>
			<filename>alaska_black.ttf</filename>
			<size>23</size>
		</font>

		<font>
			<name>Font_ListTitleNF</name>
			<filename>alaska_black.ttf</filename>
			<size>23</size>
		</font>

		<font>
			<name>Font_ListTrackNF</name>
			<filename>alaska_black.ttf</filename>
			<size>30</size>
		</font>

		<font>
			<name>Font_OSDDetail</name>
			<filename>alaska_regular.ttf</filename>
			<size>17</size>
			<linespacing>0.82</linespacing>
		</font>

		<font>
			<name>Font_ListDetailNF</name>
			<filename>alaska_light.ttf</filename>
			<size>17</size>
			<linespacing>0.82</linespacing>
		</font>

		<font>
			<name>Font_ListTrack</name>
			<filename>alaska_black.ttf</filename>
			<size>38</size>
		</font>

		<font>
			<name>Font_ListDetail</name>
			<filename>alaska_light.ttf</filename>
			<size>20</size>
			<linespacing>0.82</linespacing>
		</font>

		<font>
			<name>Font_MediaMenu</name>
			<filename>alaska_black.ttf</filename>
			<size>25</size>
		</font>

		<font>
			<name>Font_MenuValue</name>
			<filename>alaska_black.ttf</filename>
			<size>36</size>
		</font>

		<font>
			<name>Font_MenuLabel</name>
			<filename>alaska_light.ttf</filename>
			<size>27</size>
		</font>	

		<font>
			<name>Font_MainMenuLabel</name>
			<filename>alaska_regular.ttf</filename>
			<size>44</size>
		</font>	
		<font>
			<name>Font_FileBrowserHeading</name>
			<filename>alaska_black.ttf</filename>
			<size>42</size>
		</font>
		<font>
			<name>Font_FileBrowserHeading</name>
			<filename>alaska_black.ttf</filename>
			<size>42</size>
		</font>

		<font>
			<name>Font_ListSmall</name>
			<filename>alaska_light.ttf</filename>
			<size>20</size>
		</font>

		<!--#Pragma Keyboard -->
		<font>
			<name>Font_KeyboardKeys</name>
			<filename>alaska_nocaps.ttf</filename>
			<size>26</size>
		</font>
		<font>
			<name>Font_KeyboardTitle</name>
			<filename>alaska_nocaps.ttf</filename>
			<size>19</size>
		</font>
		<font>
			<name>Font_KeyboardShapes</name>
			<filename>alaska_nocaps.ttf</filename>
			<size>19</size>
		</font>
		<font>
			<name>Font_ListPlay</name>
			<filename>alaska_nocaps.ttf</filename>
			<size>60</size>
		</font>
		<font>
			<name>Font_KeyboardEdit</name>
			<filename>alaska_nocaps.ttf</filename>
			<size>21</size>
		</font>

		<!--#Pragma FileManager-->
		<font>
			<name>Font_FileManagerItemCount</name>
			<filename>alaska_black.ttf</filename>
			<size>20</size>
		</font>	

		<!--#Pragma Favourites-->
		<font>
			<name>Font_FavouritesLabel</name>
			<filename>alaska_black.ttf</filename>
			<size>50</size>
		</font>
		<font>
			<name>Font_FavouritesItemLabel</name>
			<filename>alaska_black.ttf</filename>
			<size>20</size>
		</font>
		<font>
			<name>Font_FavouritesFocusedItemLabel</name>
			<filename>alaska_black.ttf</filename>
			<size>30</size>
		</font>
		<!--#Confluence-->
		<font>
			<name>font13caps</name>
			<filename>DefaultCaps.ttf</filename>
			<size>20</size>
		</font>
		<font>
			<name>font24caps_title</name>
			<filename>Comfortaa Bold.ttf</filename>
			<size>34</size>
		</font>
		<font>
			<name>font16caps</name>
			<filename>Comfortaa Bold.ttf</filename>
			<size>25</size>
		</font>
		<font>
			<name>font13caps_title</name>
			<filename>Comfortaa Bold.ttf</filename>
			<size>20</size>
		</font>
		<font>
			<name>Font_Music_Jukebox</name>
			<filename>Comfortaa Bold.ttf</filename>
			<size>18</size>
		</font>
		<font>
			<name>Bartowski_settings_small</name>
			<filename>Comfortaa Bold.ttf</filename>
			<size>16</size>
		</font>
		<font>
			<name>font12caps_title</name>
			<filename>Title.ttf</filename>
			<size>16</size>
		</font>


	</fontset>
</fonts>