<includes>
	<include name="HomeRecentlyAddedInfo">
		<control type="group">
			<visible>!Window.IsVisible(Favourites)</visible>
			<include>VisibleFadeEffect</include>
			<animation effect="fade" time="300" delay="1000">WindowOpen</animation>
			<animation effect="fade" time="200">WindowClose</animation>
			<control type="group">
				<posx>275r</posx>
				<posy>200</posy>
				<visible>Library.HasContent(Movies)</visible>
				<visible>[Container(300).Hasfocus(2) + Skin.HasSetting(HomeMenuNoMoviesButton)] | Container(300).Hasfocus(3)</visible>
				<include>VisibleFadeEffect</include>
				<control type="label">
					<description>Title label</description>
					<posx>70</posx>
					<posy>330</posy>
					<height>20</height>
					<width>230</width>
					<label>31323</label>
					<align>left</align>
					<aligny>center</aligny>
					<font>Font_KeyboardKeys</font>
					<textcolor>white</textcolor>
					<shadowcolor>black</shadowcolor>
					<animation effect="slide" start="220,0" end="0,0" time="600" delay="3400" tween="cubic" easing="inout" condition="Container(300).HasFocus(3)">Conditional</animation>
				</control>
				<!--<control type="image">
					<description>Main Icon -3</description>
					<posx>165</posx>
					<posy>60</posy>
					<width>120</width>
					<height>110</height>
					<aspectratio align="left">keep</aspectratio>
					<texture background="true">$INFO[Window.Property(LatestMovie.4.Thumb)]</texture>
					<bordertexture border="8">ThumbShadow.png</bordertexture>
					<bordersize>8</bordersize>
				</control>
				<control type="image">
					<description>Main Icon -2</description>
					<posx>120</posx>
					<posy>50</posy>
					<width>120</width>
					<height>130</height>
					<aspectratio align="left">keep</aspectratio>
					<texture background="true">$INFO[Window.Property(LatestMovie.3.Thumb)]</texture>
					<bordertexture border="8">ThumbShadow.png</bordertexture>
					<bordersize>8</bordersize>
				</control>
				<control type="image">
					<description>Main Icon -1</description>
					<posx>70</posx>
					<posy>40</posy>
					<width>120</width>
					<height>150</height>
					<aspectratio align="left">keep</aspectratio>
					<texture background="true">$INFO[Window.Property(LatestMovie.2.Thumb)]</texture>
					<bordertexture border="8">ThumbShadow.png</bordertexture>
					<bordersize>8</bordersize>
				</control>
				<control type="image">
					<description>Main Icon</description>
					<posx>-100</posx>
					<posy>25</posy>
					<width>120</width>
					<height>180</height>
					<aspectratio align="left">keep</aspectratio>
					<texture background="true">$INFO[Window.Property(LatestMovie.1.Thumb)]</texture>
					<bordertexture border="8">ThumbShadow.png</bordertexture>
					<bordersize>8</bordersize>
				</control>-->
				<control type="wraplist" id="8000">
					<posx>-340</posx>
					<posy>270</posy>
					<width>610</width>
					<height>1000</height>
					<onleft>8000</onleft>
					<onright>8000</onright>
					<onup>8001</onup>
					<ondown>300</ondown>
					<viewtype label="535">list</viewtype>
					<orientation>horizontal</orientation>
					<focusposition>2</focusposition>
					<pagecontrol>-</pagecontrol>
					<scrolltime>0</scrolltime>
					<animation effect="slide" start="0,300" end="0,0" time="600" delay="3000" tween="cubic" easing="inout" condition="Container(300).HasFocus(3)">Conditional</animation>
					<itemlayout width="110" height="160">
						<control type="largeimage">
							<posx>60</posx>
							<posy>91</posy>
							<width>100</width>
							<height>150</height>
							<texture diffuse="postermatteNF.png" fallback="homeicons/fallback.png">$INFO[ListItem.Icon]</texture>
							<aspectratio scalediffuse="false">stretch</aspectratio>
						</control>
						<control type="largeimage">
							<posx>54</posx>
							<posy>84</posy>
							<width>113</width>
							<height>164</height>
							<texture>posterframeF.png</texture>
							<!--<colordiffuse>39FFFFFF</colordiffuse>-->
						</control>
					</itemlayout>
					<focusedlayout width="110" height="160">
						<control type="largeimage">
							<posx>60</posx>
							<posy>91</posy>
							<width>100</width>
							<height>150</height>
							<texture diffuse="postermatteNF.png" fallback="homeicons/fallback.png">$INFO[ListItem.Icon]</texture>
							<aspectratio scalediffuse="false">stretch</aspectratio>
							<animation type="Focus" reversible="false">
								<effect type="zoom" start="70" end="130" center="auto" tween="back" easing="out" time="500" />
								<effect type="slide" start="0,0" end="0,-18" time="0" />
							</animation>
						</control>
						<control type="largeimage">
							<posx>54</posx>
							<posy>84</posy>
							<width>113</width>
							<height>164</height>
							<texture>posterframeF.png</texture>
							<animation type="Focus" reversible="false">
								<effect type="zoom" start="70" end="130" center="auto" tween="back" easing="out" time="500" />
								<effect type="slide" start="0,0" end="0,-18" time="0" />
							</animation>
							<!--<colordiffuse>39FFFFFF</colordiffuse>-->
						</control>
					</focusedlayout>
					<content>
						<item id="1">
							<label>-</label>
							<label2></label2>
							<onclick>PlayMedia($INFO[Window.Property(LatestMovie.1.Path)])</onclick>
							<icon>$INFO[Window.Property(LatestMovie.1.Thumb)]</icon>
						</item>
						<item id="2">
							<label>-</label>
							<label2></label2>
							<onclick>PlayMedia($INFO[Window.Property(LatestMovie.2.Path)])</onclick>
							<icon>$INFO[Window.Property(LatestMovie.2.Thumb)]</icon>
							<thumb>-</thumb>
						</item>
						<item id="3">
							<label>$INFO[Window.Property(LatestMovie.3.Title)]</label>
							<label2></label2>
							<onclick>PlayMedia($INFO[Window.Property(LatestMovie.3.Path)])</onclick>
							<icon>$INFO[Window.Property(LatestMovie.3.Thumb)]</icon>
							<thumb>-</thumb>
						</item>
						<item id="4">
							<label>-</label>
							<label2></label2>
							<onclick>PlayMedia($INFO[Window.Property(LatestMovie.4.Path)])</onclick>
							<icon>$INFO[Window.Property(LatestMovie.4.Thumb)]</icon>
							<thumb>-</thumb>
						</item>
						<item id="5">
							<label>-</label>
							<label2></label2>
							<onclick>PlayMedia($INFO[Window.Property(LatestMovie.5.Path)])</onclick>
							<icon>$INFO[Window.Property(LatestMovie.5.Thumb)]</icon>
							<thumb>-</thumb>
						</item>
						<item id="6">
							<label>-</label>
							<label2></label2>
							<onclick>PlayMedia($INFO[Window.Property(LatestMovie.6.Path)])</onclick>
							<icon>$INFO[Window.Property(LatestMovie.6.Thumb)]</icon>
						</item>
						<item id="7">
							<label>-</label>
							<label2></label2>
							<onclick>PlayMedia($INFO[Window.Property(LatestMovie.7.Path)])</onclick>
							<icon>$INFO[Window.Property(LatestMovie.7.Thumb)]</icon>
							<thumb>-</thumb>
						</item>
						<item id="8">
							<label>$INFO[Window.Property(LatestMovie.8.Title)]</label>
							<label2></label2>
							<onclick>PlayMedia($INFO[Window.Property(LatestMovie.8.Path)])</onclick>
							<icon>$INFO[Window.Property(LatestMovie.8.Thumb)]</icon>
							<thumb>-</thumb>
						</item>
						<item id="9">
							<label>-</label>
							<label2></label2>
							<onclick>PlayMedia($INFO[Window.Property(LatestMovie.9.Path)])</onclick>
							<icon>$INFO[Window.Property(LatestMovie.9.Thumb)]</icon>
							<thumb>-</thumb>
						</item>
						<item id="10">
							<label>-</label>
							<label2></label2>
							<onclick>PlayMedia($INFO[Window.Property(LatestMovie.10.Path)])</onclick>
							<icon>$INFO[Window.Property(LatestMovie.10.Thumb)]</icon>
							<thumb>-</thumb>
						</item>
					</content>
				</control>
			</control>
			<control type="group">
				<posx>275r</posx>
				<posy>50</posy>
				<visible>Library.HasContent(TVShows)</visible>
				<visible>[Container(300).Hasfocus(2) + Skin.HasSetting(HomeMenuNoTVShowsButton)] | Container(300).Hasfocus(5)</visible>
				<animation effect="slide" start="500,0" end="0,0" time="600" delay="3400" tween="cubic" easing="inout" condition="Container(300).HasFocus(5)">Conditional</animation>
				<animation effect="slide" time="0" start="0,0" end="0,-20" condition="[Library.HasContent(TVShows) + [Skin.HasSetting(HomeMenuNoMoviesButton) | Skin.HasSetting(HomeMenuNoTVShowsButton)]]">Conditional</animation>
				<control type="label">
					<description>Title label</description>
					<posx>260</posx>
					<posy>286</posy>
					<height>20</height>
					<width>230</width>
					<label>31324</label>
					<align>right</align>
					<aligny>center</aligny>
					<font>Font_KeyboardKeys</font>
					<textcolor>white</textcolor>
					<shadowcolor>black</shadowcolor>
					<animation effect="slide" start="220,0" end="0,0" time="600" delay="3400" tween="cubic" easing="inout" condition="Container(300).HasFocus(3)">Conditional</animation>
				</control>
				<control type="group">
				<visible>![Library.HasContent(TVShows) + [Skin.HasSetting(HomeMenuNoMoviesButton) | Skin.HasSetting(HomeMenuNoTVShowsButton)]]</visible>
					<control type="largeimage">
						<posx>-40</posx>
						<posy>490</posy>
						<width>300</width>
						<height>168</height>
						<texture background="true" diffuse="episodematte.png">$INFO[Container(8001).ListItem.Thumb]</texture>
						<fadetime>200</fadetime>
						<aspectratio scalediffuse="false">scale</aspectratio>
						<animation effect="zoom" start="70" end="100" center="auto" time="400" tween="cubic" easing="inout" condition="!Control.HasFocus(8001)">Conditional</animation>
						<visible>!Control.HasFocus(8001)</visible>
					</control>
					<control type="largeimage">
						<posx>-40</posx>
						<posy>490</posy>
						<width>300</width>
						<height>168</height>
						<texture background="true" diffuse="episodematte.png">$INFO[Container(8001).ListItem.Thumb]</texture>
						<fadetime>200</fadetime>
						<aspectratio scalediffuse="false">scale</aspectratio>
						<animation effect="zoom" start="70" end="100" center="auto" time="400" tween="cubic" easing="inout" condition="Control.HasFocus(8001)">Conditional</animation>
						<visible>Control.HasFocus(8001)</visible>
					</control>
					<control type="image">
						<posx>-54</posx>
						<posy>480</posy>
						<width>326</width>
						<height>190</height>
						<texture>tv-landscape/landscapeframeFO.png</texture>
						<animation effect="zoom" start="70" end="100" center="auto" time="400" tween="cubic" easing="inout" condition="!Control.HasFocus(8001)">Conditional</animation>
						<visible>!Control.HasFocus(8001)</visible>
					</control>
					<control type="image">
						<posx>-54</posx>
						<posy>480</posy>
						<width>326</width>
						<height>190</height>
						<texture>tv-landscape/landscapeframeFO.png</texture>
						<animation effect="zoom" start="70" end="100" center="auto" time="400" tween="cubic" easing="inout" condition="Control.HasFocus(8001)">Conditional</animation>
						<visible>Control.HasFocus(8001)</visible>
					</control>
				</control>
				<control type="wraplist" id="8001">
					<posx>0</posx>
					<posy>310</posy>
					<width>700</width>
					<height>176</height>
					<onleft>300</onleft>
					<onright>300</onright>
					<onup>8001</onup>
					<ondown>8001</ondown>
					<viewtype label="535">list</viewtype>
					<focusposition>2</focusposition>
					<pagecontrol>-</pagecontrol>
					<scrolltime>0</scrolltime>
					<itemlayout height="34" width="500">
						<control type="label">
							<posx>260</posx>
							<posy>2</posy>
							<width>380</width>
							<height>10</height>
							<font>Font_ListSmall</font>
							<textcolor>grey</textcolor>
							<shadowcolor>black</shadowcolor>
							<selectedcolor>selected</selectedcolor>
							<align>right</align>
							<aligny>center</aligny>
							<label>$INFO[ListItem.Label2]</label>
						</control>
						<control type="label">
							<posx>260</posx>
							<posy>12</posy>
							<width>380</width>
							<height>20</height>
							<font>font12</font>
							<textcolor>white</textcolor>
							<shadowcolor>black</shadowcolor>
							<selectedcolor>selected</selectedcolor>
							<align>right</align>
							<aligny>center</aligny>
							<label>$INFO[ListItem.Label]</label>
						</control>
					</itemlayout>
					<focusedlayout height="44" width="500">
						<control type="label">
							<posx>260</posx>
							<posy>6</posy>
							<width>380</width>
							<height>10</height>
							<font>Font_Bartowski_Movies</font>
							<textcolor>ff67ffff</textcolor>
							<shadowcolor>black</shadowcolor>
							<selectedcolor>selected</selectedcolor>
							<align>right</align>
							<aligny>center</aligny>
							<label>[B]$INFO[ListItem.Label2][/B]</label>
						</control>
						<control type="label">
							<posx>260</posx>
							<posy>18</posy>
							<width>380</width>
							<height>20</height>
							<font>font12</font>
							<textcolor>white</textcolor>
							<shadowcolor>black</shadowcolor>
							<selectedcolor>selected</selectedcolor>
							<align>right</align>
							<aligny>center</aligny>
							<label>[B]$INFO[ListItem.Label][/B]</label>
						</control>
					</focusedlayout>
					<content>
						<item id="1">
							<label>$INFO[Window.Property(LatestEpisode.1.EpisodeTitle)]</label>
							<label2>$INFO[Window.Property(LatestEpisode.1.ShowTitle)] - $INFO[Window.Property(LatestEpisode.1.EpisodeNo)]</label2>
							<onclick>PlayMedia($INFO[Window.Property(LatestEpisode.1.Path)])</onclick>
							<icon>-</icon>
							<thumb>$INFO[Window.Property(LatestEpisode.1.Thumb)]</thumb>
						</item>
						<item id="2">
							<label>$INFO[Window.Property(LatestEpisode.2.EpisodeTitle)]</label>
							<label2>$INFO[Window.Property(LatestEpisode.2.ShowTitle)] - $INFO[Window.Property(LatestEpisode.2.EpisodeNo)]</label2>
							<onclick>PlayMedia($INFO[Window.Property(LatestEpisode.2.Path)])</onclick>
							<icon>-</icon>
							<thumb>$INFO[Window.Property(LatestEpisode.2.Thumb)]</thumb>
						</item>
						<item id="3">
							<label>$INFO[Window.Property(LatestEpisode.3.EpisodeTitle)]</label>
							<label2>$INFO[Window.Property(LatestEpisode.3.ShowTitle)] - $INFO[Window.Property(LatestEpisode.3.EpisodeNo)]</label2>
							<onclick>PlayMedia($INFO[Window.Property(LatestEpisode.3.Path)])</onclick>
							<icon>-</icon>
							<thumb>$INFO[Window.Property(LatestEpisode.3.Thumb)]</thumb>
						</item>
						<item id="4">
							<label>$INFO[Window.Property(LatestEpisode.4.EpisodeTitle)]</label>
							<label2>$INFO[Window.Property(LatestEpisode.4.ShowTitle)] - $INFO[Window.Property(LatestEpisode.4.EpisodeNo)]</label2>
							<onclick>PlayMedia($INFO[Window.Property(LatestEpisode.4.Path)])</onclick>
							<icon>-</icon>
							<thumb>$INFO[Window.Property(LatestEpisode.4.Thumb)]</thumb>
						</item>
						<item id="5">
							<label>$INFO[Window.Property(LatestEpisode.5.EpisodeTitle)]</label>
							<label2>$INFO[Window.Property(LatestEpisode.5.ShowTitle)] - $INFO[Window.Property(LatestEpisode.5.EpisodeNo)]</label2>
							<onclick>PlayMedia($INFO[Window.Property(LatestEpisode.5.Path)])</onclick>
							<icon>-</icon>
							<thumb>$INFO[Window.Property(LatestEpisode.5.Thumb)]</thumb>
						</item>
						<item id="6">
							<label>$INFO[Window.Property(LatestEpisode.6.EpisodeTitle)]</label>
							<label2>$INFO[Window.Property(LatestEpisode.6.ShowTitle)] - $INFO[Window.Property(LatestEpisode.6.EpisodeNo)]</label2>
							<onclick>PlayMedia($INFO[Window.Property(LatestEpisode.6.Path)])</onclick>
							<icon>-</icon>
							<thumb>$INFO[Window.Property(LatestEpisode.6.Thumb)]</thumb>
						</item>
						<item id="7">
							<label>$INFO[Window.Property(LatestEpisode.7.EpisodeTitle)]</label>
							<label2>$INFO[Window.Property(LatestEpisode.7.ShowTitle)] - $INFO[Window.Property(LatestEpisode.7.EpisodeNo)]</label2>
							<onclick>PlayMedia($INFO[Window.Property(LatestEpisode.7.Path)])</onclick>
							<icon>-</icon>
							<thumb>$INFO[Window.Property(LatestEpisode.7.Thumb)]</thumb>
						</item>
						<item id="8">
							<label>$INFO[Window.Property(LatestEpisode.8.EpisodeTitle)]</label>
							<label2>$INFO[Window.Property(LatestEpisode.8.ShowTitle)] - $INFO[Window.Property(LatestEpisode.8.EpisodeNo)]</label2>
							<onclick>PlayMedia($INFO[Window.Property(LatestEpisode.8.Path)])</onclick>
							<icon>-</icon>
							<thumb>$INFO[Window.Property(LatestEpisode.8.Thumb)]</thumb>
						</item>
						<item id="9">
							<label>$INFO[Window.Property(LatestEpisode.9.EpisodeTitle)]</label>
							<label2>$INFO[Window.Property(LatestEpisode.9.ShowTitle)] - $INFO[Window.Property(LatestEpisode.9.EpisodeNo)]</label2>
							<onclick>PlayMedia($INFO[Window.Property(LatestEpisode.9.Path)])</onclick>
							<icon>-</icon>
							<thumb>$INFO[Window.Property(LatestEpisode.9.Thumb)]</thumb>
						</item>
						<item id="10">
							<label>$INFO[Window.Property(LatestEpisode.10.EpisodeTitle)]</label>
							<label2>$INFO[Window.Property(LatestEpisode.10.ShowTitle)] - $INFO[Window.Property(LatestEpisode.10.EpisodeNo)]</label2>
							<onclick>PlayMedia($INFO[Window.Property(LatestEpisode.10.Path)])</onclick>
							<icon>-</icon>
							<thumb>$INFO[Window.Property(LatestEpisode.10.Thumb)]</thumb>
						</item>
					</content>
				</control>
			</control>
		</control>
	</include>
</includes>