<window id="131">
	<defaultcontrol>5</defaultcontrol>
	<include>Animation_Bartowski_Context_Zoom</include>
	<coordinates>
		<system>1</system>
		<posx>290</posx>
		<posy>75</posy>
	</coordinates>
	
	<controls>
	<control type="image">
			<posx>-290</posx>
			<posy>-75</posy>
			<include>Dimensions_Fullscreen</include>
			<texture>list/file-black-background1.png</texture>
		</control>
		<control type="image">
			<description>background image</description>
			<posx>0</posx>
			<posy>0</posy>
			<width>700</width>
			<height>570</height>
			<texture border="40">confluence/DialogBack1.png</texture>
		</control>
		
		<control type="label">
			<description>header label</description>
			<posx>20</posx>
			<posy>18</posy>
			<width>660</width>
			<height>30</height>
			<font>Font_Bartowski_MainMenu_Context</font>
			<label>$LOCALIZE[20043]</label>
			<align>center</align>
			<aligny>center</aligny>
			<textcolor>black</textcolor>
		</control>
		<control type="grouplist" id="5">
			<description>control area</description>
			<posx>20</posx>
			<posy>80</posy>
			<width>660</width>
			<height>400</height>
			<itemgap>-1</itemgap>
			<pagecontrol>60</pagecontrol>
			<onleft>28</onleft>
			<onright>60</onright>
			<onup>28</onup>
			<ondown>28</ondown>
		</control>
		<control type="button" id="7">
			<description>Default Button</description>
			<posx>0</posx>
			<posy>0</posy>
			<height>40</height>
			<textoffsetx>20</textoffsetx>
			<font>Font_KeyboardEdit</font>
			<textcolor>black</textcolor>
			<focusedcolor>white</focusedcolor>
			<texturefocus border="5">confluence/button-focus.png</texturefocus>
		</control>
		<control type="radiobutton" id="8">
			<description>Default RadioButton</description>
			<posx>0</posx>
			<posy>0</posy>
			<height>40</height>
			<textoffsetx>20</textoffsetx>
			<font>Font_KeyboardEdit</font>
			<textcolor>black</textcolor>
			<focusedcolor>white</focusedcolor>
			<texturefocus border="5">confluence/button-focus.png</texturefocus>
		</control>
		<control type="spincontrolex" id="9">
			<description>Default SpinControlex</description>
			<posx>0</posx>
			<posy>0</posy>
			<height>40</height>
			<textoffsetx>20</textoffsetx>
			<font>Font_KeyboardEdit</font>
			<textcolor>black</textcolor>
			<focusedcolor>white</focusedcolor>
			<texturefocus>MenuItemFO.png</texturefocus>
			<texturefocus border="5">confluence/button-focus.png</texturefocus>
			<aligny>center</aligny>
			<reverse>yes</reverse>
		</control>
		<control type="image" id="11">
			<description>separator image</description>
			<height>2</height>
			<texture>separator2.png</texture>
		</control>
		<control type="button" id="28">
			<description>Ok Button</description>
			<posx>145</posx>
			<posy>500</posy>
			<width>200</width>
			<height>40</height>
			<align>center</align>
			<aligny>center</aligny>
			<texturefocus border="5">confluence/button-focus.png</texturefocus>
			<font>Font_Bartowski_Press_S</font>
			<textcolor>black</textcolor>
			<focusedcolor>white</focusedcolor>
			<label>186</label>
			<onleft>29</onleft>
			<onright>29</onright>
			<onup>5</onup>
			<ondown>5</ondown>
		</control>
		<control type="button" id="29">
			<description>Cancel Button</description>
			<posx>355</posx>
			<posy>500</posy>
			<width>200</width>
			<height>40</height>
			<align>center</align>
			<aligny>center</aligny>
			<texturefocus border="5">confluence/button-focus.png</texturefocus>
			<font>Font_Bartowski_Press_S</font>
			<textcolor>black</textcolor>
			<focusedcolor>white</focusedcolor>
			<label>222</label>
			<onleft>28</onleft>
			<onright>28</onright>
			<onup>5</onup>
			<ondown>5</ondown>
		</control>
	</controls>
</window>