<!--Alaska-->

<window id="120">
	<defaultcontrol>2001</defaultcontrol>
	<controls>
		<control type="label">
			<include>DialogID</include>
			<label>MusicOSD.xml</label>
			<visible>Skin.HasSetting(debugmode)</visible>
		</control>
		<control type="group">
			<posx>0</posx>
			<posy>560</posy>
			<width>1000</width>
			<height>151</height>
			<animation type="WindowOpen">
				<effect type="zoom" time="400" center="600,550" start="90" end="100" tween="cubic" easing="out" />
				<effect type="fade" time="400" start="0" end="100" />
			</animation>
			<animation type="WindowClose">
				<effect type="zoom" time="400" center="600,550" start="100" end="90" tween="cubic" easing="in" />
				<effect type="fade" time="400" start="100" end="0" />
			</animation>
			<animation type="Visible">
				<effect type="zoom" time="400" center="600,550" start="90" end="100" tween="cubic" easing="out" />
				<effect type="fade" time="400" start="0" end="100" />
			</animation>
			<animation type="Hidden">
				<effect type="zoom" time="400" center="600,550" start="100" end="90" tween="cubic" easing="in" />
				<effect type="fade" time="400" start="100" end="0" />
			</animation>
			<!--First Button Group-->
			<control type="grouplist" id="2001">
				<visible allowhiddenfocus="true">Controlgroup(2001).HasFocus</visible>
				<animation effect="slide" start="0,0" end="-110,0" time="0" condition="LastFM.RadioPlaying">Conditional</animation>
				<include>Animation_CommonFade</include>
				<posx>965</posx>
				<posy>25</posy>
				<width>475</width>
				<height>100</height>
				<itemgap>-20</itemgap>
				<orientation>horizontal</orientation>
				<onleft>2001</onleft>
				<onright>2001</onright>
				<onup>2002</onup>
				<ondown>2002</ondown>
				<control type="button" id="2">
					<description>Go To Second Menu</description>
					<height>75</height>
					<width>75</width>
					<texturefocus border="1">osd/button_more_fo.png</texturefocus>
					<texturenofocus border="1">osd/button_more_nf.png</texturenofocus>
					<onclick>SetFocus(2002)</onclick>
				</control>
				<!-- LastFM Love Hate -->
				<control type="button" id="1101">
					<visible>LastFM.RadioPlaying</visible>
					<height>75</height>
					<width>75</width>
					<texturefocus border="1">osd/button_love_fo.png</texturefocus>
					<texturenofocus border="1">osd/button_love_nf.png</texturenofocus>
					<onclick>LastFM.Love</onclick>
				</control>
				<control type="button" id="1102">
					<visible>LastFM.RadioPlaying</visible>
					<height>75</height>
					<width>75</width>
					<texturefocus border="1">osd/button_ban_fo.png</texturefocus>
					<texturenofocus border="1">osd/button_ban_nf.png</texturenofocus>
					<onclick>LastFM.Ban</onclick>
				</control>
				<control type="button" id="3">
					<description>Rewind</description>
					<height>75</height>
					<width>75</width>
					<texturefocus border="1">osd/button_rew_fo.png</texturefocus>
					<texturenofocus border="1">osd/button_rew_nf.png</texturenofocus>
					<onclick>PlayerControl(rewind)</onclick>
				</control>
				<control type="togglebutton" id="4">
					<description>Play</description>
					<height>75</height>
					<width>75</width>
					<texturefocus border="1">osd/button_pause_fo.png</texturefocus>
					<texturenofocus border="1">osd/button_pause_nf.png</texturenofocus>
					<usealttexture>Player.Paused | Player.Forwarding | Player.Rewinding</usealttexture>
					<alttexturefocus border="1">osd/button_play_fo.png</alttexturefocus>
					<alttexturenofocus border="1">osd/button_play_nf.png</alttexturenofocus>
					<disabledcolor>-</disabledcolor>
					<colordiffuse>-</colordiffuse>
					<onclick>PlayerControl(play)</onclick>
				</control>
				<control type="button" id="5">
					<description>Stop</description>
					<height>75</height>
					<width>75</width>
					<texturefocus border="1">osd/button_stop_fo.png</texturefocus>
					<texturenofocus border="1">osd/button_stop_nf.png</texturenofocus>
					<onclick>PlayerControl(stop)</onclick>
				</control>
				<control type="button" id="6">
					<description>Forward</description>
					<height>75</height>
					<width>75</width>
					<texturefocus border="1">osd/button_ff_fo.png</texturefocus>
					<texturenofocus border="1">osd/button_ff_nf.png</texturenofocus>
					<onclick>PlayerControl(forward)</onclick>
				</control>
			</control>
			<!--Second Button Group-->
			<control type="grouplist" id="2002">
				<visible allowhiddenfocus="true">Controlgroup(2002).HasFocus</visible>
				<include>Animation_CommonFade</include>
				<posx>855</posx>
				<posy>25</posy>
				<width>475</width>
				<height>100</height>
				<itemgap>-20</itemgap>
				<orientation>horizontal</orientation>
				<onleft>2002</onleft>
				<onright>2002</onright>
				<onup>2001</onup>
				<ondown>2001</ondown>    
				<control type="button" id="8">
					<description>Go to First Menu</description>
					<height>75</height>
					<width>75</width>
					<texturefocus border="1">osd/button_more_fo.png</texturefocus>
					<texturenofocus border="1">osd/button_more_nf.png</texturenofocus>
					<onclick>SetFocus(2001)</onclick>
				</control>
				<control type="button" id="9">
					<description>Previous</description>
					<height>75</height>
					<width>75</width>
					<texturefocus border="1">osd/button_prev_fo.png</texturefocus>
					<texturenofocus border="1">osd/button_prev_nf.png</texturenofocus>
					<onclick>PlayerControl(Previous)</onclick>
				</control>
				<control type="button" id="10">
					<description>Next</description>
					<height>75</height>
					<width>75</width>
					<texturefocus border="1">osd/button_next_fo.png</texturefocus>
					<texturenofocus border="1">osd/button_next_nf.png</texturenofocus>
					<onclick>PlayerControl(Next)</onclick>
				</control>
				<control type="button" id="11">
					<description>Playlists</description>
					<height>75</height>
					<width>75</width>
					<texturefocus border="1">osd/button_playlist_fo.png</texturefocus>
					<texturenofocus border="1">osd/button_playlist_nf.png</texturenofocus>
					<onclick>ActivateWindow(500)</onclick>
				</control>
				<control type="button" id="12">
					<description>Visualisation Select Button</description>
					<height>75</height>
					<width>75</width>
					<texturefocus border="1">osd/button_bookmark_fo.png</texturefocus>
					<texturenofocus border="1">osd/button_bookmark_nf.png</texturenofocus>
					<onclick>SetFocus(503)</onclick>
				</control>
				<control type="button" id="13">
					<description>Visualisation Preset List</description>
					<height>75</height>
					<width>75</width>
					<texturefocus border="1">osd/button_settings_fo.png</texturefocus>
					<texturenofocus border="1">osd/button_settings_nf.png</texturenofocus>
					<onclick>ActivateWindow(122)</onclick>
				</control>
				<control type="button" id="14">
					<description>Visualisation Settings</description>
					<height>75</height>
					<width>75</width>
					<texturefocus border="1">osd/button_settings_fo.png</texturefocus>
					<texturenofocus border="1">osd/button_settings_nf.png</texturenofocus>
					<onclick>ActivateWindow(121)</onclick>
				</control>
			</control>
			<control type="selectbutton" id="503">
				<posx>270</posx>
				<posy>-60</posy>
				<width>270</width>
				<height>54</height>
				<description>Visualisation Select Button</description>
				<texturebg border="5">dialogs/vis_select.png</texturebg>
				<onleft>503</onleft>
				<onright>503</onright>
				<onup>500</onup>
				<ondown>500</ondown>
				<font>Font_SettingsOptions</font>
				<visible allowhiddenfocus="true">Control.HasFocus(503)</visible>
				<include>Animation_CommonFade</include>
			</control>
		</control>
		<include>Object_DebugGrid</include>
	</controls>
</window>