<!--Alaska-->

<window id="1">
	<defaultcontrol>50</defaultcontrol>
	<allowoverlay>yes</allowoverlay>
	<controls>
		
		<control type="image">
			<include>Dimensions_Fullscreen</include>
			<fadetime>400</fadetime>
			<texture>backdrops/curtains.png</texture>
			<include>Animation_CommonFade</include>
			<visible></visible>
		</control>
	
		
		<include>Viewtype_Files</include>
		<include>Viewtype_Poster</include>
		<include>Viewtype_List</include>
		

		<include>7000_has_focus</include>
		<!--<include>Global_ContextFilter</include>-->
		<control type="image"><!-- Floor -->
			<posx>0</posx>
			<posy>650</posy>
			<width>1280</width>
			<height>70</height>
			<texture>backdrops/test2.png</texture>
			<visible>ControlGroup(7000).HasFocus + !Skin.HasSetting(LockViews)</visible>
			<include>Animation_ViewOptions_whitebar</include>
		</control>
		<control type="label">
			<include>WindowID</include>
			<label>$INFO[Window.Property(xmlfile)]</label>
			<visible>Skin.HasSetting(debugmode)</visible>
		</control>

		<control type="grouplist" id="7000">
			<visible>!Skin.HasSetting(LockViews)</visible>
			<include>WindowMenuVars</include>
			<posy>680</posy>
			<control type="button" id="20">
				<include>WindowMenuButton</include>
				<label>$INFO[Container.ViewMode]</label>
				<onclick>Container.NextViewMode</onclick>
			</control>
			
		</control>

		<control type="grouplist">
			<visible>!Skin.HasSetting(LockViews)</visible>
			<include>WindowMenuVars</include>
			<posy>658</posy>
			<control type="button" id="40">
				<include>WindowMenuLabel</include>
				<!-- LOC -->
				<label>$LOCALIZE[31088]</label>
			</control>
							
		</control>
	</controls>
</window>