<!--Empty-->

<window id="28">
	<defaultcontrol>50</defaultcontrol>
	<allowoverlay>yes</allowoverlay>

	<coordinates>
		<system>1</system>
		<posx>360</posx>
		<posy>120</posy>
	</coordinates>

	<controls>
		<include>Global_Filter</include>

		<control type="image" id="0">
			<description>Back Panel</description>
			<posx>-30</posx>
			<posy>-30</posy>
			<width>620</width>
			<height>500</height>
			<texture>favourites/favourites_panel.png</texture>
			<colordiffuse>FavListPanel</colordiffuse>
		</control>

		<control type="label">
			<include>WindowID</include>
			<label>MyVideoPlaylist.xml</label>
			<visible>Skin.HasSetting(debugmode)</visible>
		</control>

		<control type="grouplist" id="9000">
			<posx>10</posx>
			<posy>40</posy>
			<width>150</width>
			<height>480</height>
			<itemgap>2</itemgap>
			<onleft>50</onleft>
			<onright>50</onright>
			<onup>9000</onup>
			<ondown>9000</ondown>
			<orientation>vertical</orientation>
			<control type="button" id="2">
				<description>View</description>
				<width>150</width>
			</control>
			<control type="radiobutton" id="20">
				<description>shuffle</description>
				<label>$LOCALIZE[191]</label>
				<width>150</width>
			</control>
			<control type="radiobutton" id="28">
				<description>randomize</description>
				<label>$LOCALIZE[13319]</label>
				<width>150</width>
			</control>
			<control type="button" id="26">
				<description>repeat</description>
				<label>-</label>
				<width>150</width>
			</control>
			<control type="button" id="21">
				<description>save</description>
				<label>190</label>
				<width>150</width>
			</control>
			<control type="button" id="22">
				<description>clear</description>
				<label>$LOCALIZE[192]</label>
				<width>150</width>
			</control>
		</control>

		<include>list</include>

		<include>Object_DebugGrid</include>

	</controls>

</window>