<!--Empty-->

<window id="127">
	<defaultcontrol>5</defaultcontrol>

	<coordinates>
		<system>1</system>
		<posx>360</posx>
		<posy>120</posy>
	</coordinates>

	<controls>

		<control type="image" id="0">
			<description>Back Panel</description>
			<posx>-30</posx>
			<posy>-30</posy>
			<width>620</width>
			<height>500</height>
			<texture>favourites/favourites_panel.png</texture>
			<colordiffuse>FavListPanel</colordiffuse>
		</control>

		<control type="label">
			<include>DialogID</include>
			<label>DialogContentSettings.xml</label>
			<visible>Skin.HasSetting(debugmode)</visible>
		</control>
		<control type="label" id="2">
			<description>Settings</description>
			<posx>10</posx>
			<posy>40</posy>
			<width>420</width>
		</control>
		<control type="label" id="3">
			<description>No Settings</description>
			<posx>10</posx>
			<posy>40</posy>
			<width>500</width>
			<label>$LOCALIZE[13390]</label>
		</control>

		<control type="grouplist" id="5">
			<description>Control Area</description>
			<posx>10</posx>
			<posy>72</posy>
			<width>500</width>
			<height>310</height>
			<itemgap>2</itemgap>
			<onleft>28</onleft>
			<onright>60</onright>
			<onup>5</onup>
			<ondown>5</ondown>
		</control>
		<control type="button" id="7">
			<description>Default Button</description>
			<align>left</align>
		</control>
		<control type="radiobutton" id="8">
			<description>Default Radiobutton</description>
			<align>left</align>
		</control>
		<control type="spincontrolex" id="9">
			<description>Default Spincontrolex</description>
			<align>left</align>
		</control>
		<control type="sliderex" id="10">
			<description>default_slider</description>
			<align>left</align>
		</control>

		<control type="button" id="28">
			<description>ok</description>
			<posx>200</posx>
			<posy>390</posy>
			<label>$LOCALIZE[186]</label>
			<onleft>29</onleft>
			<onright>29</onright>
			<onup>5</onup>
			<ondown>5</ondown>
		</control>
		<control type="button" id="29">
			<description>cancel</description>
			<posx>360</posx>
			<posy>390</posy>
			<label>$LOCALIZE[222]</label>
			<onleft>28</onleft>
			<onright>28</onright>
			<onup>5</onup>
			<ondown>5</ondown>
		</control>

		<include>Object_DebugGrid</include>

	</controls>
</window>