<!--Alaska-->

<includes>
	<include name="Viewtype_Files">

		<!-- Browser -->
		<control type="image">
			<include>Dimensions_Fullscreen</include>
			<texture>list/file-black-background1.png</texture>
			<visible>Control.IsVisible(55)</visible>
		</control>
		
		<control type="fixedlist" id="55">
			<posx>0</posx>
			<posy>-14</posy>
			<height>885</height>
			<width>1680</width>
			<onup>55</onup>
			<ondown>55</ondown>
			<onleft>7000</onleft>
			<onright>60</onright>
			<scrolltime>0</scrolltime>
			<viewtype label="Files">list</viewtype>
			<orientation>vertical</orientation>
			<focusposition>9</focusposition>
			<movement>9</movement>
			<pagecontrol>60</pagecontrol>
			<include>Animation_HiddenByInfo</include>
			<include>Animation_Viewtype_Files_LeftArea</include>
			<itemlayout width="1210" height="36">
				<control type="label">
					<posx>20</posx>
					<posy>0</posy>
					<width>680</width>
					<height>46</height>
					<aligny>center</aligny>
					<font>Font_Bartowski_List_Main</font>
					<textcolor>Text-Filemode</textcolor>
					<label>$INFO[ListItem.TrackNumber]$INFO[ListItem.Title,. ][COLOR Date]$INFO[ListItem.Duration, ][/COLOR]</label>
					<visible>!IsEmpty(ListItem.Duration) + !IsEmpty(ListItem.TrackNumber) + [Container.Content(songs) | Window.IsActive(500) | [Window.IsActive(502) + !Container.Content(artists) + !Container.Content(albums) + !Container.Content(songs)]]</visible>
				</control>
				<control type="label">
					<posx>20</posx>
					<posy>0</posy>
					<width>700</width>
					<height>46</height>
					<aligny>center</aligny>
					<font>Font_Bartowski_List_Main</font>
					<textcolor>Text-Filemode</textcolor>
					<label>$INFO[ListItem.Label]</label>
					<visible>![Window.IsActive(videolibrary) | Window.IsActive(musiclibrary) | Window.IsActive(musicplaylist) | Window.IsActive(Programs)]</visible>
				</control>
				<control type="label">
					<posx>20</posx>
					<posy>0</posy>
					<width>700</width>
					<height>46</height>
					<aligny>center</aligny>
					<font>Font_Bartowski_List_Main</font>
					<textcolor>Text-Filemode</textcolor>
					<label>$INFO[ListItem.Label]$INFO[ListItem.Label2, - ]</label>
					<visible>Window.IsActive(Programs)</visible>
				</control>
				<control type="image">
					<posx>0</posx>
					<posy>38</posy>
					<width>880</width>
					<height>4</height>
					<aspectratio>stretch</aspectratio>
					<texture>confluence/separator.png</texture>
				</control>
				<control type="label">
					<posx>20</posx>
					<posy>0</posy>
					<width>720</width>
					<height>46</height>
					<aligny>center</aligny>
					<font>Font_Bartowski_List_Main</font>
					<textcolor>Text-Filemode</textcolor>
					<label>$INFO[ListItem.Label]</label>
					<visible>IsEmpty(ListItem.Title) + [Window.IsActive(25) | Window.IsActive(502)]</visible>
				</control>
				<control type="label">
					<posx>20</posx>
					<posy>0</posy>
					<width>680</width>
					<height>46</height>
					<aligny>center</aligny>
					<font>Font_Bartowski_List_Main</font>
					<textcolor>Text-Filemode</textcolor>
					<label>$INFO[ListItem.Title]</label>
					<visible>!IsEmpty(ListItem.Title) + Window.IsActive(25) + !Container.Content(episodes)</visible>
				</control>
				<control type="label">
					<posx>20</posx>
					<posy>0</posy>
					<width>680</width>
					<height>46</height>
					<aligny>center</aligny>
					<font>Font_Bartowski_List_Main</font>
					<textcolor>Text-Filemode</textcolor>
					<label>$INFO[ListItem.Episode]$INFO[ListItem.Title,. ]</label>
					<visible>!IsEmpty(ListItem.Title) + Window.IsActive(25) + Container.Content(episodes)</visible>
				</control>
				<control type="label">
					<posx>690</posx>
					<posy>0</posy>
					<width>700</width>
					<height>46</height>
					<aligny>center</aligny>
					<font>Font_Bartowski_List_Main</font>
					<textcolor>Text-Filemode</textcolor>
					<label>$INFO[ListItem.year]</label>
					<visible>Container.Content(movies)</visible>
				</control>
				<control type="group">
					<posx>1250</posx>
					<posy>24</posy>
					<include>VideoMPAAFlaggingConditions_Grey</include>
					<animation effect="zoom" start="60" end="60" time="0" condition="true">Conditional</animation>
					<visible>Container.Content(movies)</visible>
				</control>
				<control type="image">
					<posx>10</posx>
					<posy>20</posy>
					<width>280</width>
					<height>8</height>
					<texture>dialogs/tv/$INFO[ListItem.Overlay]</texture>
					<aspectratio scalediffuse="false">stretch</aspectratio>
					<visible>Skin.HasSetting(tvoverlays) + !IsEmpty(ListItem.Overlay) + [Container.Content(tvshows) | Container.Content(seasons) | Container.Content(episodes)]</visible>
				</control>
				<control type="image">
					<visible>Container.Content(movies)</visible>
					<posx>10</posx>
					<posy>20</posy>
					<width>280</width>
					<height>8</height>
					<texture>dialogs/tv/$INFO[ListItem.Overlay]</texture>
					<aspectratio scalediffuse="false">stretch</aspectratio>
					<visible>Skin.HasSetting(movieoverlays) + !IsEmpty(ListItem.Overlay)</visible>
				</control>
			</itemlayout>
			<focusedlayout width="1210" height="36">
				<control type="image">
					<posx>0</posx>
					<posy>38</posy>
					<width>880</width>
					<height>4</height>
					<aspectratio>stretch</aspectratio>
					<texture>confluence/separator.png</texture>
				</control>
				<control type="image">
					<posx>-70</posx>
					<posy>-34</posy>
					<width>871</width>
					<height>121</height>
					<texture>list/highlight.png</texture>
					<animation type="Focus" reversible="false">
						<effect type="fade" start="0" end="70" time="800" />
					</animation>
				</control>
				<control type="label">
					<posx>20</posx>
					<posy>0</posy>
					<width>700</width>
					<height>46</height>
					<aligny>center</aligny>
					<font>Font_Bartowski_List_Main</font>
					<textcolor>ffffffff</textcolor>
					<label>$INFO[ListItem.Label]</label>
					<visible>![Window.IsActive(25) | Window.IsActive(502) | Window.IsActive(500) | Window.IsActive(Programs)]</visible>
				</control>
				<control type="label">
					<posx>20</posx>
					<posy>0</posy>
					<width>700</width>
					<height>46</height>
					<aligny>center</aligny>
					<font>Font_Bartowski_List_Main</font>
					<textcolor>ffffffff</textcolor>
					<label>$INFO[ListItem.Label]$INFO[ListItem.Label2, - ]</label>
					<visible>Window.IsActive(Programs)</visible>
				</control>
				<control type="label">
					<posx>690</posx>
					<posy>0</posy>
					<width>700</width>
					<height>46</height>
					<aligny>center</aligny>
					<font>Font_Bartowski_List_Main</font>
					<textcolor>white</textcolor>
					<label>$INFO[ListItem.year]</label>
					<visible>Container.Content(movies)</visible>
				</control>
				<control type="group">
					<posx>1250</posx>
					<posy>24</posy>
					<include>VideoMPAAFlaggingConditions</include>
					<animation effect="zoom" start="60" end="60" time="0" condition="true">Conditional</animation>
					<visible>Container.Content(movies)</visible>
				</control>
				<control type="label">
					<posx>20</posx>
					<posy>0</posy>
					<width>720</width>
					<height>46</height>
					<aligny>center</aligny>
					<font>Font_Bartowski_List_Main</font>
					<textcolor>ffffffff</textcolor>
					<label>$INFO[ListItem.Label]</label>
					<visible>IsEmpty(ListItem.Title) + [Window.IsActive(25) | Window.IsActive(502)]</visible>
				</control>
				<control type="label">
					<posx>20</posx>
					<posy>0</posy>
					<width>680</width>
					<height>46</height>
					<aligny>center</aligny>
					<font>Font_Bartowski_List_Main</font>
					<textcolor>ffffffff</textcolor>
					<label>$INFO[ListItem.Title]</label>
					<visible>!IsEmpty(ListItem.Title) + Window.IsActive(25) + !Container.Content(episodes)</visible>
				</control>
				<control type="label">
					<posx>20</posx>
					<posy>0</posy>
					<width>680</width>
					<height>46</height>
					<aligny>center</aligny>
					<font>Font_Bartowski_List_Main</font>
					<textcolor>ffffffff</textcolor>
					<label>$INFO[ListItem.Episode]$INFO[ListItem.Title,. ]</label>
					<visible>!IsEmpty(ListItem.Title) + Window.IsActive(25) + Container.Content(episodes)</visible>
				</control>
				<control type="label">
					<posx>20</posx>
					<posy>0</posy>
					<width>680</width>
					<height>46</height>
					<aligny>center</aligny>
					<font>Font_Bartowski_List_Main</font>
					<label>[COLOR white]$INFO[ListItem.TrackNumber]$INFO[ListItem.Title,. ]$INFO[ListItem.Duration, - ][/COLOR]</label>
					<visible>!IsEmpty(ListItem.Duration) + !IsEmpty(ListItem.TrackNumber) + [Container.Content(songs) | Window.IsActive(500) | [Window.IsActive(502) + !Container.Content(artists) + !Container.Content(albums) + !Container.Content(songs)]]</visible>
				</control>
				<!--<control type="label">
					<posx>690</posx>
					<posy>20</posy>
					<width>720</width>
					<height>25</height>
					<aligny>center</aligny>
					<font>Font_ListDetail</font>
					<textcolor>ListTitleF</textcolor>
					<label>$INFO[ListItem.Genre]</label>
					<visible>!IsEmpty(ListItem.Genre) + Window.IsActive(25) + [Container.Content(movies) | Container.Content(tvshows)]</visible>
				</control>-->
				<!--<control type="textbox">
					<posx>690</posx>
					<posy>30</posy>
					<width>700</width>
					<height>84</height>
					<font>Font_EpisodePlot</font>
					<textcolor>EpisodePlot</textcolor>
					<info>ListItem.Plot</info>
					<autoscroll time="3000" delay="4000" repeat="5000">Skin.HasSetting(autoscroll)</autoscroll>
					<visible>!IsEmpty(ListItem.Plot) + Window.IsActive(25) + Container.Content(episodes)</visible>
				</control>-->
				<!--<control type="image">
					<posx>690</posx>
					<posy>80</posy>
					<width>121</width>
					<height>25</height>
					<texture>$INFO[ListItem.StarRating]</texture>
					<colordiffuse>StarDiffuse</colordiffuse>
					<visible>Window.IsActive(25) + Container.Content(tvshows)</visible>
				</control>-->
				<!--<control type="label">
					<posx>690</posx>
					<posy>80</posy>
					<width>720</width>
					<height>25</height>
					<aligny>center</aligny>
					<font>Font_ListDetail</font>
					<textcolor>ListTitleF</textcolor>
					<label>$INFO[ListItem.Duration,[B]Runtime:[/B] ]</label>
					<visible>substring(listitem.Duration,min) + !IsEmpty(listitem.Duration) + Container.Content(movies)</visible>
					<visible>!IsEmpty(listitem.Duration)</visible>
				</control>-->
				<!--<control type="label">
					<posx>690</posx>
					<posy>80</posy>
					<width>720</width>
					<height>25</height>
					<aligny>center</aligny>
					<font>Font_ListDetail</font>
					<textcolor>ListTitleF</textcolor>
					<label>$INFO[ListItem.Duration,[B]Runtime:[/B] ] mins</label>
					<visible>!substring(listitem.Duration,min) + !IsEmpty(listitem.Duration) + Container.Content(movies)</visible>
				</control>-->
				<!-- Programs -->
				<!--<control type="group">
					<visible>Window.IsActive(1)</visible>
					<control type="label">
						<posx>20</posx>
						<posy>0</posy>
						<width>720</width>
						<height>120</height>
						<aligny>center</aligny>
						<font>Font_ListTitleBigger</font>
						<textcolor>ListTitleF</textcolor>
						<label>$INFO[ListItem.Label]</label>
						<animation effect="slide" start="0,-15" end="0,-15" time="0" condition="!IsEmpty(ListItem.Label2)">Conditional</animation>
					</control>
					<control type="label">
						<posx>20</posx>
						<posy>75</posy>
						<width>720</width>
						<height>25</height>
						<font>Font_ListTitleBig</font>
						<textcolor>ListTitleF</textcolor>
						<label>$INFO[ListItem.Label2]</label>
					</control>
				</control>-->
				<!-- Music -->
				<!-- Artist -->
				<!--<control type="group">
					<visible>Container.Content(artists)</visible>
					<control type="label">
						<posx>20</posx>
						<posy>10</posy>
						<width>720</width>
						<height>25</height>
						<aligny>center</aligny>
						<font>Font_ListTitleBig</font>
						<textcolor>ListTitleF</textcolor>
						<label>$INFO[ListItem.Label]</label>
					</control>
					<control type="textbox">
						<posx>20</posx>
						<posy>35</posy>
						<width>720</width>
						<height>60</height>
						<font>Font_ListDetail</font>
						<textcolor>ListTitleF</textcolor>
						<label fallback="31425">$INFO[ListItem.Property(description)]</label>
					</control>
				</control>-->
				<!-- Album -->
				<!--<control type="group">
					<visible>Container.Content(albums)</visible>
					<control type="label">
						<posx>20</posx>
						<posy>0</posy>
						<width>720</width>
						<height>120</height>
						<aligny>center</aligny>
						<font>Font_ListTitleBigger</font>
						<textcolor>ListTitleF</textcolor>
						<label>$INFO[ListItem.Label]</label>
						<visible>IsEmpty(ListItem.Album)</visible>
					</control>
					<control type="label">
						<posx>20</posx>
						<posy>0</posy>
						<width>720</width>
						<height>120</height>
						<aligny>center</aligny>
						<font>Font_ListTitleBigger</font>
						<textcolor>ListTitleF</textcolor>
						<label>$INFO[ListItem.Album]</label>
					</control>
					<control type="label">
						<posx>20</posx>
						<posy>20</posy>
						<width>720</width>
						<height>25</height>
						<aligny>center</aligny>
						<font>Font_ListDetail</font>
						<textcolor>ListTitleF</textcolor>
						<label>$INFO[ListItem.Genre,[B]$LOCALIZE[515]:[/B] ]</label>
						<visible>!IsEmpty(ListItem.Album)</visible>
					</control>
					<control type="image">
						<posx>20</posx>
						<posy>80</posy>
						<width>121</width>
						<height>25</height>
						<texture>$INFO[ListItem.StarRating]</texture>
						<colordiffuse>StarDiffuse</colordiffuse>
						<visible>!IsEmpty(ListItem.Album)</visible>
					</control>
				</control>-->
				<!-- Song -->
				<!--<control type="group">
					<visible>Container.Content(songs) | Window.IsActive(500)</visible>
					<control type="label">
						<posx>20</posx>
						<posy>0</posy>
						<width>720</width>
						<height>120</height>
						<aligny>center</aligny>
						<font>Font_ListTitleBigger</font>
						<textcolor>ListTitleF</textcolor>
						<label>$INFO[ListItem.Label]</label>
						<visible>IsEmpty(ListItem.Title)</visible>
					</control>
					<control type="label">
						<posx>20</posx>
						<posy>0</posy>
						<width>720</width>
						<height>120</height>
						<aligny>center</aligny>
						<font>Font_ListTitleBigger</font>
						<textcolor>ListTitleF</textcolor>
						<label>$INFO[ListItem.TrackNumber]$INFO[ListItem.Title,. ]</label>
						<visible>!IsEmpty(ListItem.Title)</visible>
						<animation effect="slide" start="0,-10" end="0,-10" time="0" condition="Window.IsActive(500) | [ Window.IsActive(502) + !Container.Content(artists) + !Container.Content(albums) + !Container.Content(songs)]">Conditional</animation>
					</control>
					<control type="label">
						<posx>20</posx>
						<posy>20</posy>
						<width>720</width>
						<height>25</height>
						<aligny>center</aligny>
						<font>Font_ListDetail</font>
						<textcolor>ListTitleF</textcolor>
						<label>$INFO[ListItem.Album,[B]Album:[/B] ]</label>
						<visible>[Window.IsActive(500) | [ Window.IsActive(502) + !Container.Content(artists) + !Container.Content(albums) + !Container.Content(songs)]] + !IsEmpty(ListItem.Title)</visible>
					</control>
					<control type="label">
						<posx>20</posx>
						<posy>20</posy>
						<width>720</width>
						<height>25</height>
						<aligny>center</aligny>
						<font>Font_ListDetail</font>
						<textcolor>ListTitleF</textcolor>
						<label>$INFO[ListItem.Artist,[B]Artist:[/B] ]</label>
						<visible>!IsEmpty(ListItem.Title)</visible>
						<animation effect="slide" start="0,10" end="0,10" time="0" condition="Window.IsActive(500) | [ Window.IsActive(502) + !Container.Content(artists) + !Container.Content(albums) + !Container.Content(songs)]">Conditional</animation>
					</control>
					<control type="label">
						<posx>20</posx>
						<posy>80</posy>
						<width>720</width>
						<height>25</height>
						<aligny>center</aligny>
						<font>Font_ListDetail</font>
						<textcolor>ListTitleF</textcolor>
						<label>$INFO[ListItem.Duration,[B]Duration:[/B] ]</label>
						<visible>substring(listitem.Duration,min) + !IsEmpty(listitem.Duration)</visible>
						<animation effect="slide" start="0,10" end="0,10" time="0" condition="Window.IsActive(500) | [ Window.IsActive(502) + !Container.Content(artists) + !Container.Content(albums) + !Container.Content(songs)]">Conditional</animation>
					</control>
					<control type="label">
						<posx>20</posx>
						<posy>80</posy>
						<width>720</width>
						<height>25</height>
						<aligny>center</aligny>
						<font>Font_ListDetail</font>
						<textcolor>ListTitleF</textcolor>
						<label>$INFO[ListItem.Duration,[B]Duration:[/B] ] mins</label>
						<visible>!substring(listitem.Duration,min) + !IsEmpty(listitem.Duration)</visible>
						<animation effect="slide" start="0,10" end="0,10" time="0" condition="Window.IsActive(500) | [ Window.IsActive(502) + !Container.Content(artists) + !Container.Content(albums) + !Container.Content(songs)]">Conditional</animation>
					</control>
				</control>-->
				<control type="image">
					<posx>10</posx>
					<posy>20</posy>
					<width>280</width>
					<height>8</height>
					<texture>dialogs/tv/$INFO[ListItem.Overlay]</texture>
					<aspectratio scalediffuse="false">stretch</aspectratio>
					<visible>Skin.HasSetting(tvoverlays) + !IsEmpty(ListItem.Overlay) + [Container.Content(tvshows) | Container.Content(seasons) | Container.Content(episodes)]</visible>
				</control>
				<control type="image">
					<visible>Container.Content(movies)</visible>
					<posx>10</posx>
					<posy>20</posy>
					<width>280</width>
					<height>8</height>
					<texture>dialogs/tv/$INFO[ListItem.Overlay]</texture>
					<aspectratio scalediffuse="false">stretch</aspectratio>
					<visible>Skin.HasSetting(movieoverlays) + !IsEmpty(ListItem.Overlay)</visible>
				</control>
			</focusedlayout>
		</control>		
	<control type="group">	
	<include>Animation_Viewtype_Files_RightArea</include>
	<include>Animation_HiddenByInfo</include>
	<visible>Container.Content(movies) + Control.IsVisible(55)</visible>
		<control type="image">
			<posx>790</posx>
			<posy>-26</posy>
			<width>512</width>
			<height>770</height>
			<aspectratio align="center" aligny="center">stretch</aspectratio>
			<texture background="true" diffuse="list/big_list_diffuse.png">$INFO[ListItem.Icon]</texture>
			<bordertexture border="28">osd/paused_glow1.png</bordertexture>
			<fadetime>400</fadetime>
			<bordersize>28</bordersize>
		</control>
		<control type="image">
			<posx>790</posx>
			<posy>-26</posy>
			<width>512</width>
			<height>770</height>
			<aspectratio align="center" aligny="center">stretch</aspectratio>
			<texture background="true" diffuse="list/big_list_diffuse.png">$INFO[ListItem(-1).Icon]</texture>
			<bordertexture border="28">osd/paused_glow1.png</bordertexture>
			<fadetime>400</fadetime>
			<bordersize>28</bordersize>
			<animation type="Hidden">
			<effect type="zoom" time="400" center="1040,600" start="100" end="180" tween="cubic" easing="in" />
				<effect type="fade" time="400" center="1240,600" start="100" end="0" />
			</animation>
			<visible>Container(55).OnNext</visible>
		</control>
		<control type="image">
			<posx>790</posx>
			<posy>-26</posy>
			<width>512</width>
			<height>770</height>
			<aspectratio align="center" aligny="center">stretch</aspectratio>
			<texture background="true" diffuse="list/big_list_diffuse.png">$INFO[ListItem(1).Icon]</texture>
			<bordertexture border="28">osd/paused_glow1.png</bordertexture>
			<fadetime>400</fadetime>
			<bordersize>28</bordersize>
			<animation type="Hidden">
			<effect type="zoom" time="400" center="1040,600" start="100" end="180" tween="cubic" easing="in" />
				<effect type="fade" time="400" center="1240,600" start="100" end="0" />
			</animation>
			<visible>Container(55).OnPrevious</visible>
		</control>
	</control>
	<control type="group">	
	<include>Animation_Viewtype_Files_RightArea</include>
	<include>Animation_HiddenByInfo</include>
	<visible>Container.Content(Genres) + Control.IsVisible(55)</visible>
		<control type="image">
			<posx>790</posx>
			<posy>-26</posy>
			<width>512</width>
			<height>770</height>
			<aspectratio align="center" aligny="center">stretch</aspectratio>
			<texture diffuse="movie-poster/posterview_diffuse.png" fallback="defaultmoviegenre.jpg">special://skin/media/extras/moviegenres/$INFO[ListItem.Label].jpg</texture>
			<bordertexture border="28">osd/paused_glow1.png</bordertexture>
			<fadetime>400</fadetime>
			<bordersize>28</bordersize>
		</control>
		<control type="image">
			<posx>790</posx>
			<posy>-26</posy>
			<width>512</width>
			<height>770</height>
			<aspectratio align="center" aligny="center">stretch</aspectratio>
			<texture diffuse="movie-poster/posterview_diffuse.png" fallback="defaultmoviegenre.jpg">special://skin/media/extras/moviegenres/$INFO[ListItem(-1).Label].jpg</texture>
			<bordertexture border="28">osd/paused_glow1.png</bordertexture>
			<fadetime>400</fadetime>
			<bordersize>28</bordersize>
			<animation type="Hidden">
			<effect type="zoom" time="400" center="1040,600" start="100" end="180" tween="cubic" easing="in" />
				<effect type="fade" time="400" center="1240,600" start="100" end="0" />
			</animation>
			<visible>Container(55).OnNext</visible>
		</control>
		<control type="image">
			<posx>790</posx>
			<posy>-26</posy>
			<width>512</width>
			<height>770</height>
			<aspectratio align="center" aligny="center">stretch</aspectratio>
			<texture diffuse="movie-poster/posterview_diffuse.png" fallback="defaultmoviegenre.jpg">special://skin/media/extras/moviegenres/$INFO[ListItem(1).Label].jpg</texture>
			<bordertexture border="28">osd/paused_glow1.png</bordertexture>
			<fadetime>400</fadetime>
			<bordersize>28</bordersize>
			<animation type="Hidden">
			<effect type="zoom" time="400" center="1040,600" start="100" end="180" tween="cubic" easing="in" />
				<effect type="fade" time="400" center="1240,600" start="100" end="0" />
			</animation>
			<visible>Container(55).OnPrevious</visible>
		</control>
	</control>
	<control type="group">
	<include>Animation_HiddenByInfo</include>
	<visible>Control.IsVisible(55) + ![Container.Content(movies) | Container.Content(Genres) | Container.Content(episodes) | Container.Content(albums) | Container.Content(songs)]</visible>
	<include>Animation_Viewtype_Files_RightArea</include>	
		<control type="image">
			<posx>766</posx>
			<posy>362</posy>
			<width>540</width>
			<height>380</height>
			<aspectratio align="right" aligny="bottom">keep</aspectratio>
			<texture background="true" diffuse="common/new_files_diffuse.png">$INFO[ListItem.Icon]</texture>
			<bordertexture border="32">list/files_list_glow.png</bordertexture>
			<fadetime>400</fadetime>
			<bordersize>32</bordersize>
		</control>
		<control type="image">
			<posx>766</posx>
			<posy>362</posy>
			<width>540</width>
			<height>380</height>
			<aspectratio align="right" aligny="bottom">keep</aspectratio>
			<texture background="true" diffuse="common/new_files_diffuse.png">$INFO[ListItem(-1).Icon]</texture>
			<bordertexture border="32">list/files_list_glow.png</bordertexture>
			<bordersize>32</bordersize>
			<animation type="Hidden">
			<effect type="zoom" time="400" center="auto" start="100" end="180" tween="cubic" easing="in" />
				<effect type="fade" time="400" start="100" end="0" />
			</animation>
			<visible>Container(55).OnNext</visible>
		</control>
		<control type="image">
			<posx>766</posx>
			<posy>362</posy>
			<width>540</width>
			<height>380</height>
			<aspectratio align="right" aligny="bottom">keep</aspectratio>
			<texture background="true" diffuse="common/new_files_diffuse.png">$INFO[ListItem(1).Icon]</texture>
			<bordertexture border="32">list/files_list_glow.png</bordertexture>
			<bordersize>32</bordersize>
			<animation type="Hidden">
			<effect type="zoom" time="400" center="auto" start="100" end="180" tween="cubic" easing="in" />
				<effect type="fade" time="400" start="100" end="0" />
			</animation>
			<visible>Container(55).OnPrevious</visible>
		</control>
	</control>
	<control type="group">
	<posx>930</posx>
	<posy>370</posy>
	<include>Animation_HiddenByInfo</include>
	<visible>Control.IsVisible(55) + [Container.Content(albums) | Container.Content(songs)]</visible>
	<include>Animation_Viewtype_Files_RightArea</include>
		<control type="image">
			<posx>-166</posx>
			<posy>-166</posy>
			<width>513</width>
			<height>518</height>
			<texture>music/music_list_glow1.png</texture>
			<animation type="Visible">
				<effect type="fade" start="0" end="100" delay="400" time="1200" />
			</animation>
			<visible>![Container(55).OnNext | Container(55).OnPrevious]</visible>
		</control>
		<control type="image">
			<posx>0</posx>
			<posy>0</posy>
			<width>340</width>
			<height>340</height>
			<texture background="true" diffuse="music/musicwallmatte.png">$INFO[ListItem.Icon]</texture>
			<fadetime>400</fadetime>
			<include>Animation_Files_Episode_Info</include>
		</control>
		<control type="image">
			<posx>-30</posx>
			<posy>-30</posy>
			<width>400</width>
			<height>400</height>
			<texture>music/musicwallframeF.png</texture>
		</control>
		<control type="image">
			<posx>0</posx>
			<posy>0</posy>
			<width>340</width>
			<height>340</height>
			<texture background="true" diffuse="music/musicwallmatte.png">$INFO[ListItem(-1).Icon]</texture>
			<include>Animation_Files_Episode_Info</include>
			<animation type="Hidden">
			<effect type="zoom" time="400" center="240,200" start="100" end="180" tween="cubic" easing="in" />
				<effect type="fade" time="400" center="240,200" start="100" end="0" />
			</animation>
			<visible>Container(55).OnNext + !Container.Content(songs)</visible>
		</control>
		<control type="image">
			<posx>0</posx>
			<posy>0</posy>
			<width>340</width>
			<height>340</height>
			<texture background="true" diffuse="music/musicwallmatte.png">$INFO[ListItem(1).Icon]</texture>
			<include>Animation_Files_Episode_Info</include>
			<animation type="Hidden">
			<effect type="zoom" time="400" center="240,200" start="100" end="180" tween="cubic" easing="in" />
				<effect type="fade" time="400" center="240,200" start="100" end="0" />
			</animation>
			<visible>Container(55).OnPrevious + !Container.Content(songs)</visible>
		</control>
	</control>
	<control type="group">
	<posx>-6</posx>
	<posy>26</posy>
	<include>Animation_HiddenByInfo</include>
	<visible>Control.IsVisible(55) + Container.Content(episodes)</visible>
	<include>Animation_Viewtype_Files_RightArea</include>
		<control type="image">
			<posx>726</posx>
			<posy>326</posy>
			<width>559</width>
			<height>370</height>
			<texture>list/file_glow1.png</texture>
			<animation type="Visible">
				<effect type="fade" start="0" end="100" delay="400" time="1200" />
			</animation>
			<visible>![Container(55).OnNext | Container(55).OnPrevious]</visible>
		</control>
		<control type="image">
			<posx>854</posx>
			<posy>454</posy>
			<width>400</width>
			<height>224</height>
			<texture background="true" diffuse="tv-landscape/landscapematteFO.png">$INFO[ListItem.Icon]</texture>
			<fadetime>400</fadetime>
		</control>
		<control type="image">
			<posx>838</posx>
			<posy>440</posy>
			<width>430</width>
			<height>252</height>
			<texture>tv-landscape/landscapeframeFO.png</texture>
		</control>
		<control type="image">
			<posx>854</posx>
			<posy>454</posy>
			<width>400</width>
			<height>224</height>
			<texture background="true" diffuse="tv-landscape/landscapematteFO.png">$INFO[ListItem(-1).Icon]</texture>
			<animation type="Hidden">
			<effect type="zoom" time="400" center="1040,600" start="100" end="180" tween="cubic" easing="in" />
				<effect type="fade" time="400" center="1040,600" start="100" end="0" />
			</animation>
			<visible>Container(55).OnNext</visible>
		</control>
		<control type="image">
			<posx>854</posx>
			<posy>454</posy>
			<width>400</width>
			<height>224</height>
			<texture background="true" diffuse="tv-landscape/landscapematteFO.png">$INFO[ListItem(1).Icon]</texture>
			<animation type="Hidden">
			<effect type="zoom" time="400" center="1040,600" start="100" end="180" tween="cubic" easing="in" />
				<effect type="fade" time="400" center="1040,600" start="100" end="0" />
			</animation>
			<visible>Container(55).OnPrevious</visible>
		</control>
	</control>
		<control type="image" id="7019">
			<visible>Control.IsVisible(55)</visible>
			<posx>920</posx>
			<posy>0</posy>
			<width>230</width>
			<height>89</height>
			<texture>$INFO[ListItem.path]logo.png</texture>
			<fadetime>300</fadetime>
			<aspectratio scalediffuse="false">stretch</aspectratio>
			<include>Animation_HiddenByInfo</include>
			<include>Animation_Viewtype_Files_RightArea</include>
		</control>
		<control type="image" id="9019">
			<visible>Control.IsVisible(55)</visible>
			<posx>920</posx>
			<posy>0</posy>
			<width>230</width>
			<height>89</height>
			<texture>$INFO[ListItem.path]../logo.png</texture>
			<fadetime>300</fadetime>
			<aspectratio scalediffuse="false">stretch</aspectratio>
			<include>Animation_HiddenByInfo</include>
			<include>Animation_Viewtype_Files_RightArea</include>
		</control>
		<control type="label">
			<posx>790</posx>
			<posy>20</posy>
			<width>470</width>
			<height>50</height>
			<align>center</align>
			<font>Font_Bartowski_TV_Title</font>
			<textcolor>ff67ffff</textcolor>
			<label>[B]$INFO[ListItem.TVShowtitle][/B]</label>
			<include>Animation_Viewtype_Files_RightArea</include>
			<visible>Control.IsVisible(55) + IsEmpty(Control.GetLabel(7019)) + IsEmpty(Control.GetLabel(9019))</visible>
		</control>
		<control type="label">
			<visible>Control.IsVisible(55) + IsEmpty(Control.GetLabel(7019)) + IsEmpty(Control.GetLabel(9019)) + !IsEmpty(ListItem.Title) + [Container.Content(seasons) | Container.Content(tvshows)]</visible>
			<posx>790</posx>
			<posy>60</posy>
			<width>500</width>
			<height>89</height>
			<label>[B][COLOR=ListTrackF]Genre:[/COLOR] [B][COLOR=white]$INFO[ListItem.Genre][/B][/COLOR]</label>
			<align>center</align>
			<font>Font_TVShow</font>
			<include>Animation_Viewtype_Files_RightArea</include>
			<include>Animation_HiddenByInfo</include>
		</control>
		<control type="group">
		<posx>40</posx>
		<posy>0</posy>
		<include>Animation_HiddenByInfo</include>
		<include>Animation_Viewtype_Files_RightArea</include>
		<visible>Control.IsVisible(55) + !IsEmpty(ListItem.Title)</visible>
			<control type="label">
				<visible>Container.Content(episodes)</visible>
				<posx>830</posx>
				<posy>90</posy>
				<width>630</width>
				<height>89</height>
				<font>Font_Bartowski_Title_TVShow</font>
				<textcolor>Text-Filemode</textcolor>
				<label>[B]Season $INFO[ListItem.Season]     Episode $INFO[ListItem.Episode][/B]</label>
			</control>
			<control type="label">
				<visible>Container.Content(episodes)</visible>
				<posx>770</posx>
				<posy>136</posy>
				<width>630</width>
				<height>89</height>
				<font>Font_TVShow</font>
				<label>[COLOR=ListTrackF][B]Aired[/COLOR] [COLOR=white]$INFO[ListItem.Date][/COLOR][/B]</label>
			</control>
			<control type="label">
				<visible>Container.Content(episodes)</visible>
				<posx>770</posx>
				<posy>162</posy>
				<width>630</width>
				<height>89</height>
				<font>Font_TVShow</font>
				<label>[COLOR=ListTrackF][B]IMDB[/COLOR] [COLOR=white]$INFO[ListItem.Rating][/COLOR][/B]      [COLOR=ListTrackF][B]Rated[/COLOR] [COLOR=white]$INFO[ListItem.mpaa][/COLOR][/B]</label>
			</control>
			<control type="textbox"><!-- Plot TV -->
				<visible>Container.Content(episodes) | Container.Content(tvshows)</visible>
				<posx>750</posx>
				<posy>190</posy>
				<width>476</width>
				<height>280</height>
				<align>justify</align>
				<info>ListItem.Plot</info>
				<font>Font_Bartowski_Movies</font>
				<textcolor>ffffffff</textcolor>
				<autoscroll time="3000" delay="5000" repeat="5000">Skin.HasSetting(autoscroll)</autoscroll>
				<animation effect="slide" start="0,0" end=",-80" time="0" tween="cubic" easing="inout" condition="Container.Content(tvshows)">Conditional</animation>
			</control>
			<control type="textbox"><!-- Plot TV -->
				<visible>Container.Content(seasons)</visible>
				<posx>750</posx>
				<posy>90</posy>
				<width>476</width>
				<height>280</height>
				<align>justify</align>
				<info>Container(55).ShowPlot</info>
				<font>Font_Bartowski_Movies</font>
				<textcolor>ffffffff</textcolor>
				<autoscroll time="3000" delay="5000" repeat="5000">Skin.HasSetting(autoscroll)</autoscroll>
			</control>
		</control>
		<control type="scrollbar" id="60">
			<include>Animation_ZoomInZoomOut</include>
			<include>Animation_ZoomedByMenu</include>
			<posx>1280</posx>
			<posy>100</posy>
			<width>25</width>
			<height>460</height>
			<visible allowhiddenfocus="true">Control.IsVisible(55) + Control.HasFocus(60)</visible>
			<texturesliderbackground border="0,14,0,14">ScrollBarV.png</texturesliderbackground>
			<textureslidernibfocus>ScrollBarV_Nib_Focus1.png</textureslidernibfocus>
			<onleft>55</onleft>
			<showonepage>false</showonepage>
			<orientation>vertical</orientation>
			<include>Animation_CommonFade</include>
			<animation effect="slide" start="0,0" end="-500,0" time="400" tween="cubic" easing="inout" condition="Control.HasFocus(60) + ![Container.Content(tvshows) | Container.Content(seasons) | Container.Content(episodes)]">Conditional</animation>
			<animation effect="slide" start="0,0" end="-530,0" time="400" tween="cubic" easing="inout" condition="Control.HasFocus(60) + [Container.Content(tvshows) | Container.Content(seasons) | Container.Content(episodes)]">Conditional</animation>
		</control>
		<!--<control type="image">
			<include>Dimensions_Fullscreen</include>
			<texture>list/last-overlay.png</texture>
			<visible>Control.IsVisible(55)</visible>
		</control>-->
		
	</include>
</includes>