<!--Alaska-->

<includes>
	<include name="Viewtype_Songs">

		<!-- Browser -->
		<control type="image">
			<include>Dimensions_Fullscreen</include>
			<texture>list/file-black-background1.png</texture>
			<visible>Control.IsVisible(52)</visible>
		</control>
		
		
		
		<control type="fixedlist" id="52">
			<posx>700</posx>
			<posy>-14</posy>
			<height>885</height>
			<width>1680</width>
			<onup>52</onup>
			<ondown>52</ondown>
			<onleft>7000</onleft>
			<onright>60</onright>
			<scrolltime>0</scrolltime>
			<viewtype label="Songs">list</viewtype>
			<orientation>vertical</orientation>
			<focusposition>9</focusposition>
			<movement>9</movement>
			<pagecontrol>60</pagecontrol>
			<include>Animation_HiddenByInfo</include>
			<include>Animation_Viewtype_Panel_FocusArea</include>
			<visible>Container.Content(songs)</visible>
			<itemlayout width="1210" height="36">
				<control type="label">
					<posx>20</posx>
					<posy>0</posy>
					<width>680</width>
					<height>46</height>
					<aligny>center</aligny>
					<font>Font_Bartowski_List_Main</font>
					<textcolor>Text-Filemode</textcolor>
					<label>$INFO[ListItem.TrackNumber]$INFO[ListItem.Title,. ][COLOR Date]$INFO[ListItem.Duration, ][/COLOR]</label>
					<visible>Container.Content(songs)</visible>
				</control>
				
				<control type="label">
					<posx>20</posx>
					<posy>0</posy>
					<width>720</width>
					<height>46</height>
					<aligny>center</aligny>
					<font>Font_Bartowski_List_Main</font>
					<textcolor>Text-Filemode</textcolor>
					<label>$INFO[ListItem.Label]</label>
					<visible>IsEmpty(ListItem.Title) + [Window.IsActive(25) | Window.IsActive(502)]</visible>
				</control>
			</itemlayout>
			<focusedlayout width="1210" height="36">
				<control type="image">
					<posx>-40</posx>
					<posy>-34</posy>
					<width>871</width>
					<height>121</height>
					<texture>list/highlight.png</texture>
					<animation type="Focus" reversible="false">
						<effect type="fade" start="0" end="70" time="800" />
					</animation>
				</control>
				<control type="label">
					<posx>20</posx>
					<posy>0</posy>
					<width>720</width>
					<height>46</height>
					<aligny>center</aligny>
					<font>Font_Bartowski_List_Main</font>
					<textcolor>ffffffff</textcolor>
					<label>$INFO[ListItem.Label]</label>
					<visible>IsEmpty(ListItem.Title) + [Window.IsActive(25) | Window.IsActive(502)]</visible>
				</control>
				<control type="label">
					<posx>20</posx>
					<posy>0</posy>
					<width>680</width>
					<height>46</height>
					<aligny>center</aligny>
					<font>Font_Bartowski_List_Main</font>
					<label>[COLOR white]$INFO[ListItem.TrackNumber]$INFO[ListItem.Title,. ]$INFO[ListItem.Duration, - ][/COLOR]</label>
					<visible>Container.Content(songs)</visible>
				</control>
			</focusedlayout>
		</control>		
		
	<control type="group">
	<include>Animation_HiddenByInfo</include>
	<include>Animation_Viewtype_Showcase_ThumbArea</include>
	<visible>Control.IsVisible(52) + Container.Content(songs)</visible>
		<!--<control type="image">
			<posx>150</posx>
			<posy>20</posy>
			<width>700</width>
			<height>646</height>
			<texture>music/music_wall_glow.png</texture>
			<aspectratio scalediffuse="false">stretch</aspectratio>
		</control>-->
		<control type="label">
			<posx>20</posx>
			<posy>0</posy>
			<width>1200</width>
			<height>50</height>
			<aligny>center</aligny>
			<font>Font_Bartowski_Movies_Title</font>
			<textcolor>ff67ffff</textcolor>
			<label>[B]$INFO[ListItem.Album][/B]</label>
		</control>
		<control type="label">
			<posx>20</posx>
			<posy>30</posy>
			<width>604</width>
			<height>50</height>
			<aligny>center</aligny>
			<font>Font_Bartowski_Movies_Duration</font>
			<textcolor>ffffffff</textcolor>
			<label>$INFO[ListItem.artist]</label>
		</control>
		<control type="label">
			<posx>20</posx>
			<posy>55</posy>
			<width>604</width>
			<height>50</height>
			<aligny>center</aligny>
			<font>Font_Bartowski_Movies_Duration</font>
			<textcolor>ffffffff</textcolor>
			<label>$INFO[ListItem.year]</label>
		</control>
		<control type="image" id="9171">
			<posx>200</posx>
			<posy>160</posy>
			<width>400</width>
			<height>400</height>
			<fadetime>100</fadetime>
			<texture>$INFO[ListItem.Path]cdart.png</texture>
			<aspectratio scalediffuse="false">stretch</aspectratio>
			<animation effect="slide" start="0,0" end="-140,0" time="800" delay="800" tween="cubic" easing="inout" condition="!IsEmpty(Control.GetLabel(9171))">Conditional</animation>
		</control>
		<control type="image">
			<posx>200</posx>
			<posy>160</posy>
			<width>400</width>
			<height>400</height>
			<fadetime>100</fadetime>
			<texture background="true" diffuse="wall/musicwallmatte.png">$INFO[ListItem.Icon]</texture>
			<aspectratio scalediffuse="false">stretch</aspectratio>
			<animation effect="slide" start="0,0" end="60,0" time="800" delay="800" tween="cubic" easing="inout" condition="!IsEmpty(Control.GetLabel(9171))">Conditional</animation>
		</control>
		<control type="image">
			<posx>168</posx>
			<posy>128</posy>
			<width>466</width>
			<height>466</height>
			<texture>music/musicwallframeF.png</texture>
			<aspectratio scalediffuse="false">stretch</aspectratio>
			<animation effect="slide" start="0,0" end="60,0" time="800" delay="800" tween="cubic" easing="inout" condition="!IsEmpty(Control.GetLabel(9171))">Conditional</animation>
		</control>
		<control type="image">
			<posx>300</posx>
			<posy>580</posy>
			<width>183</width>
			<height>33</height>
			<texture>$INFO[ListItem.StarRating]</texture>
			<colordiffuse>mainblue</colordiffuse>
		</control>
	</control>
		
		<control type="scrollbar" id="60">
			<include>Animation_ZoomInZoomOut</include>
			<include>Animation_ZoomedByMenu</include>
			<posx>1280</posx>
			<posy>100</posy>
			<width>25</width>
			<height>460</height>
			<visible allowhiddenfocus="true">Control.IsVisible(52) + Control.HasFocus(60)</visible>
			<texturesliderbackground border="0,14,0,14">ScrollBarV.png</texturesliderbackground>
			<textureslidernibfocus>ScrollBarV_Nib_Focus1.png</textureslidernibfocus>
			<onleft>55</onleft>
			<showonepage>false</showonepage>
			<orientation>vertical</orientation>
			<include>Animation_CommonFade</include>
			<animation effect="slide" start="0,0" end="-500,0" time="400" tween="cubic" easing="inout" condition="Control.HasFocus(60)">Conditional</animation>
		</control>
		
	</include>
</includes>