<!--Alaska-->

<includes>
	<include name="Viewtype_WallPanel">

		<!-- Browser -->
	<control type="group">
	<visible>Control.IsVisible(597)</visible>
	<include>Animation_CommonFadeNoHide</include>
		<control type="image">
			<posx>0</posx>
			<posy>0</posy>
			<width>167</width>
			<height>240</height>
			<texture background="true">$INFO[ListItem.Icon]</texture>
			<fadetime>200</fadetime>
			<aspectratio scalediffuse="false">stretch</aspectratio>
			<include>Animation_HiddenByInfo</include>
		</control>
		<control type="image">
			<posx>0</posx>
			<posy>240</posy>
			<width>167</width>
			<height>240</height>
			<texture background="true">$INFO[ListItem(1).Icon]</texture>
			<fadetime>1400</fadetime>
			<aspectratio scalediffuse="false">stretch</aspectratio>
			<include>Animation_HiddenByInfo</include>
		</control>
		<control type="image">
			<posx>0</posx>
			<posy>480</posy>
			<width>167</width>
			<height>240</height>
			<texture background="true">$INFO[ListItem(2).Icon]</texture>
			<fadetime>400</fadetime>
			<aspectratio scalediffuse="false">stretch</aspectratio>
			<include>Animation_HiddenByInfo</include>
		</control>
	<control type="group">
	<posx>168</posx>
		<control type="image">
			<posx>0</posx>
			<posy>0</posy>
			<width>167</width>
			<height>240</height>
			<texture background="true">$INFO[ListItem(-3).Icon]</texture>
			<fadetime>800</fadetime>
			<aspectratio scalediffuse="false">stretch</aspectratio>
			<include>Animation_HiddenByInfo</include>
		</control>
		<control type="image">
			<posx>0</posx>
			<posy>240</posy>
			<width>167</width>
			<height>250</height>
			<texture background="true">$INFO[ListItem(16).Icon]</texture>
			<fadetime>1200</fadetime>
			<aspectratio scalediffuse="false">stretch</aspectratio>
			<include>Animation_HiddenByInfo</include>
		</control>
		<control type="image">
			<posx>0</posx>
			<posy>480</posy>
			<width>167</width>
			<height>240</height>
			<texture background="true">$INFO[ListItem(12).Icon]</texture>
			<fadetime>900</fadetime>
			<aspectratio scalediffuse="false">stretch</aspectratio>
			<include>Animation_HiddenByInfo</include>
		</control>
	</control>
	<control type="group">
	<posx>334</posx>
		<control type="image">
			<posx>0</posx>
			<posy>0</posy>
			<width>167</width>
			<height>240</height>
			<texture background="true">$INFO[ListItem(-13).Icon]</texture>
			<fadetime>100</fadetime>
			<aspectratio scalediffuse="false">stretch</aspectratio>
			<include>Animation_HiddenByInfo</include>
		</control>
		<control type="image">
			<posx>0</posx>
			<posy>240</posy>
			<width>167</width>
			<height>250</height>
			<texture background="true">$INFO[ListItem(6).Icon]</texture>
			<fadetime>2200</fadetime>
			<aspectratio scalediffuse="false">stretch</aspectratio>
			<include>Animation_HiddenByInfo</include>
		</control>
		<control type="image">
			<posx>0</posx>
			<posy>480</posy>
			<width>167</width>
			<height>240</height>
			<texture background="true">$INFO[ListItem(7).Icon]</texture>
			<fadetime>1400</fadetime>
			<aspectratio scalediffuse="false">stretch</aspectratio>
			<include>Animation_HiddenByInfo</include>
		</control>
	</control>	
	<control type="group">
	<posx>502</posx>
		<control type="image">
			<posx>0</posx>
			<posy>0</posy>
			<width>167</width>
			<height>240</height>
			<texture background="true">$INFO[ListItem(13).Icon]</texture>
			<fadetime>2200</fadetime>
			<aspectratio scalediffuse="false">stretch</aspectratio>
			<include>Animation_HiddenByInfo</include>
		</control>
		<control type="image">
			<posx>0</posx>
			<posy>240</posy>
			<width>167</width>
			<height>240</height>
			<texture background="true">$INFO[ListItem.Icon]</texture>
			<fadetime>600</fadetime>
			<aspectratio scalediffuse="false">stretch</aspectratio>
			<include>Animation_HiddenByInfo</include>
		</control>
		<control type="image">
			<posx>0</posx>
			<posy>480</posy>
			<width>167</width>
			<height>240</height>
			<texture background="true">$INFO[ListItem(17).Icon]</texture>
			<fadetime>400</fadetime>
			<aspectratio scalediffuse="false">stretch</aspectratio>
			<include>Animation_HiddenByInfo</include>
		</control>
	</control>
	<control type="group">
	<posx>672</posx>
		<control type="image">
			<posx>0</posx>
			<posy>0</posy>
			<width>167</width>
			<height>240</height>
			<texture background="true">$INFO[ListItem(22).Icon]</texture>
			<fadetime>1000</fadetime>
			<aspectratio scalediffuse="false">stretch</aspectratio>
			<include>Animation_HiddenByInfo</include>
		</control>
		<control type="image">
			<posx>0</posx>
			<posy>240</posy>
			<width>167</width>
			<height>240</height>
			<texture background="true">$INFO[ListItem(9).Icon]</texture>
			<fadetime>1800</fadetime>
			<aspectratio scalediffuse="false">stretch</aspectratio>
			<include>Animation_HiddenByInfo</include>
		</control>
		<control type="image">
			<posx>0</posx>
			<posy>480</posy>
			<width>167</width>
			<height>240</height>
			<texture background="true">$INFO[ListItem(5).Icon]</texture>
			<fadetime>3200</fadetime>
			<aspectratio scalediffuse="false">stretch</aspectratio>
			<include>Animation_HiddenByInfo</include>
		</control>
	</control>
	<control type="group">
	<posx>840</posx>
		<control type="image">
			<posx>0</posx>
			<posy>0</posy>
			<width>167</width>
			<height>240</height>
			<texture background="true">$INFO[ListItem(11).Icon]</texture>
			<fadetime>3200</fadetime>
			<aspectratio scalediffuse="false">stretch</aspectratio>
			<include>Animation_HiddenByInfo</include>
		</control>
		<control type="image">
			<posx>0</posx>
			<posy>240</posy>
			<width>167</width>
			<height>240</height>
			<texture background="true">$INFO[ListItem(19).Icon]</texture>
			<fadetime>300</fadetime>
			<aspectratio scalediffuse="false">stretch</aspectratio>
			<include>Animation_HiddenByInfo</include>
		</control>
		<control type="image">
			<posx>0</posx>
			<posy>480</posy>
			<width>167</width>
			<height>240</height>
			<texture background="true">$INFO[ListItem(15).Icon]</texture>
			<fadetime>900</fadetime>
			<aspectratio scalediffuse="false">stretch</aspectratio>
			<include>Animation_HiddenByInfo</include>
		</control>
	</control>
	<control type="group">
	<posx>1008</posx>
		<control type="image">
			<posx>0</posx>
			<posy>0</posy>
			<width>167</width>
			<height>240</height>
			<texture background="true">$INFO[ListItem(14).Icon]</texture>
			<fadetime>200</fadetime>
			<aspectratio scalediffuse="false">stretch</aspectratio>
			<include>Animation_HiddenByInfo</include>
		</control>
		<control type="image">
			<posx>0</posx>
			<posy>240</posy>
			<width>167</width>
			<height>240</height>
			<texture background="true">$INFO[ListItem(33).Icon]</texture>
			<fadetime>1300</fadetime>
			<aspectratio scalediffuse="false">stretch</aspectratio>
			<include>Animation_HiddenByInfo</include>
		</control>
		<control type="image">
			<posx>0</posx>
			<posy>480</posy>
			<width>167</width>
			<height>240</height>
			<texture background="true">$INFO[ListItem(4).Icon]</texture>
			<fadetime>3900</fadetime>
			<aspectratio scalediffuse="false">stretch</aspectratio>
			<include>Animation_HiddenByInfo</include>
		</control>
	</control>
	<control type="group">
	<posx>1176</posx>
		<control type="image">
			<posx>0</posx>
			<posy>0</posy>
			<width>167</width>
			<height>240</height>
			<texture background="true">$INFO[ListItem(20).Icon]</texture>
			<fadetime>1200</fadetime>
			<aspectratio scalediffuse="false">stretch</aspectratio>
			<include>Animation_HiddenByInfo</include>
		</control>
		<control type="image">
			<posx>0</posx>
			<posy>240</posy>
			<width>167</width>
			<height>240</height>
			<texture background="true">$INFO[ListItem(29).Icon]</texture>
			<fadetime>300</fadetime>
			<aspectratio scalediffuse="false">stretch</aspectratio>
			<include>Animation_HiddenByInfo</include>
		</control>
		<control type="image">
			<posx>0</posx>
			<posy>480</posy>
			<width>167</width>
			<height>240</height>
			<texture background="true">$INFO[ListItem(9).Icon]</texture>
			<fadetime>900</fadetime>
			<aspectratio scalediffuse="false">stretch</aspectratio>
			<include>Animation_HiddenByInfo</include>
		</control>
	</control>
	</control>
	
	
		<control type="image">
			<include>Dimensions_Fullscreen</include>
			<texture>list/file-black-background2.png</texture>
			<visible>Control.IsVisible(597)</visible>
		</control>
		
		
		
		<control type="fixedlist" id="597">
			<posx>0</posx>
			<posy>150</posy>
			<height>400</height>
			<width>600</width>
			<onup>597</onup>
			<ondown>597</ondown>
			<onleft>XBMC.PlayMedia($INFO[ListItem.Trailer],1,noresume)</onleft>
			<onright>62</onright>
			<scrolltime>0</scrolltime>
			<viewtype label="WallPanel">list</viewtype>
			<orientation>vertical</orientation>
			<focusposition>6</focusposition>
			<movement>6</movement>
			<pagecontrol>62</pagecontrol>
			<include>Animation_HiddenByInfo</include>
			<include>Animation_Viewtype_Panel_Title</include>
			<visible>!Skin.HasSetting(no_WallPanel) + Container.Content(movies)</visible>
			<itemlayout width="1210" height="30">
				<control type="label">
					<posx>20</posx>
					<posy>0</posy>
					<width>680</width>
					<height>46</height>
					<aligny>center</aligny>
					<font>Font_Bartowski_Movies</font>
					<textcolor>Text-Filemode</textcolor>
					<label>$INFO[ListItem.Label]</label>
				</control>
			</itemlayout>
			<focusedlayout width="1210" height="30">
				<control type="image">
					<posx>-40</posx>
					<posy>-34</posy>
					<width>871</width>
					<height>121</height>
					<texture>list/highlight.png</texture>
					<animation type="Focus" reversible="false">
						<effect type="fade" start="0" end="70" time="800" />
					</animation>
				</control>
				<control type="label">
					<posx>20</posx>
					<posy>0</posy>
					<width>720</width>
					<height>46</height>
					<aligny>center</aligny>
					<font>Font_Bartowski_Movies</font>
					<textcolor>ffffffff</textcolor>
					<label>[B]$INFO[ListItem.Label][/B]</label>
				</control>
			</focusedlayout>
		</control>		
	
	<control type="group">
	<include>Animation_Bartowski_Context_Zoom</include>
	<visible>!IsEmpty(ListItem.Title) + Container.Content(movies) + Control.IsVisible(597)</visible>
		<control type="image">
			<posx>380</posx>
			<posy>100</posy>
			<width>419</width>
			<height>522</height>
			<texture>wall/wall_panel_glow1.png</texture>
			<aspectratio scalediffuse="false">stretch</aspectratio>
			<include>Animation_HiddenByInfo</include>
		</control>
		<control type="image">
			<posx>470</posx>
			<posy>180</posy>
			<width>250</width>
			<height>360</height>
			<texture background="true" diffuse="movie-poster/posterview_diffuse.png">$INFO[ListItem.Icon]</texture>
			<fadetime>400</fadetime>
			<aspectratio scalediffuse="false">stretch</aspectratio>
			<include>Animation_HiddenByInfo</include>
		</control>
	</control>
		
	
		
	<control type="group">
		<posx>810</posx>
		<posy>60</posy>
		<include>Animation_Viewtype_Panel_FocusArea</include>
		<visible>!IsEmpty(ListItem.Title) + Container.Content(movies) + Control.IsVisible(597)</visible>
			<control type="label"><!--Movie title-->
				<posx>0</posx>
				<posy>80</posy>
				<width>460</width>
				<height>50</height>
				<aligny>center</aligny>
				<font>Font_Bartowski_Showcase_Title</font>
				<textcolor>ff15efd9</textcolor>
				<label>$INFO[ListItem.Label]</label>
			</control>
			<control type="label"><!--Duration-->
				<posx>0</posx>
				<posy>108</posy>
				<width>460</width>
				<height>50</height>
				<aligny>center</aligny>
				<font>Font_Bartowski_Showcase_runtime_year</font>
				<textcolor>ffffffff</textcolor>
				<label>$INFO[ListItem.Duration]</label>
			</control>
			<control type="label"><!--Year-->
				<posx>0</posx>
				<posy>131</posy>
				<width>360</width>
				<height>50</height>
				<aligny>center</aligny>
				<font>Font_Bartowski_Showcase_runtime_year</font>
				<textcolor>ffffffff</textcolor>
				<label>$INFO[ListItem.Year]</label>
			</control>
			<control type="group">
				<posx>70</posx>
				<posy>176</posy>
				<include>VideoMPAAFlaggingConditions</include>
				<animation effect="zoom" start="80" end="80" time="0" condition="true">Conditional</animation>
			</control>
			<control type="textbox">
				<visible>![Container.OnNext | Container.OnPrevious] + !Player.HasAudio</visible>
				<posx>0</posx>
				<posy>224</posy>
				<width>460</width>
				<height>310</height>
				<align>left</align>
				<info>ListItem.Plot</info>
				<font>Font_Bartowski_Movies_Plot</font>
				<textcolor>ffffffff</textcolor>
				<autoscroll time="3000" delay="5000" repeat="5000">Skin.HasSetting(autoscroll)</autoscroll>
				<animation effect="fade" start="30" end="100" time="400">Visible</animation>
			</control>
			<control type="textbox">
				<visible>![Container.OnNext | Container.OnPrevious] + Player.HasAudio</visible>
				<posx>0</posx>
				<posy>224</posy>
				<width>460</width>
				<height>264</height>
				<align>left</align>
				<info>ListItem.Plot</info>
				<font>Font_Bartowski_Movies_Plot</font>
				<textcolor>ffffffff</textcolor>
				<autoscroll time="3000" delay="5000" repeat="5000">Skin.HasSetting(autoscroll)</autoscroll>
				<animation effect="fade" start="30" end="100" time="400">Visible</animation>
			</control>
	</control>
	
		<control type="grouplist">
			<visible>Control.IsVisible(597) + Container.Content(movies) + !Skin.HasSetting(no_media_flags) + !Player.HasAudio</visible>
			<description>Media Codec Flagging Images</description>
			<posx>800</posx>
			<posy>680</posy>
			<width>380</width>
			<align>center</align>
			<itemgap>0</itemgap>
			<orientation>horizontal</orientation>
			<include>VideoCodecFlaggingConditions</include>
			<include>AudioCodecFlaggingConditions</include>
			<include>AspectCodecFlaggingConditions</include>
			<include>VideoTypeHackFlaggingConditions</include>
			<include>Animation_HiddenByInfo</include>
			<include>Animation_Viewtype_Files_RightArea</include>
		</control>
		<control type="scrollbar" id="62">
			<include>Animation_ZoomInZoomOut</include>
			<include>Animation_ZoomedByMenu</include>
			<posx>1280</posx>
			<posy>100</posy>
			<width>25</width>
			<height>460</height>
			<visible allowhiddenfocus="true">Control.IsVisible(597) + Control.HasFocus(62)</visible>
			<texturesliderbackground border="0,14,0,14">ScrollBarV.png</texturesliderbackground>
			<textureslidernibfocus>ScrollBarV_Nib_Focus1.png</textureslidernibfocus>
			<onleft>7000</onleft>
			<onright>7000</onright>
			<showonepage>false</showonepage>
			<orientation>vertical</orientation>
			<include>Animation_CommonFade</include>
			<animation effect="slide" start="0,0" end="-500,0" time="400" tween="cubic" easing="inout" condition="Control.HasFocus(62)">Conditional</animation>
		</control>
		<include>Trailer_WallPanel</include>
		<control type="label"><!--Trailer Start-->
			<visible>Control.IsVisible(597) + Container.Content(movies) + !IsEmpty(ListItem.Trailer) + !Player.HasVideo</visible>
			<posx>64</posx>
			<posy>676</posy>
			<width>370</width>
			<height>50</height>
			<aligny>center</aligny>
			<font>Font_Alaya_Movie-trailer</font>
			<textcolor>ffffffff</textcolor>
			<label>*Press Left for Trailer*</label>
			<shadowcolor>black</shadowcolor>
			<include>Animation_ZoomInZoomOut</include>
			<include>Animation_ZoomedByMenu</include>
		</control>	
		<control type="label"><!--Trailer Stop-->
			<visible>Control.IsVisible(597) + Container.Content(movies) + Player.HasVideo</visible>
			<posx>84</posx>
			<posy>676</posy>
			<width>370</width>
			<height>50</height>
			<aligny>center</aligny>
			<font>Font_Alaya_Movie-trailer</font>
			<textcolor>ffffffff</textcolor>
			<label>*Press "X" to Stop*</label>
			<shadowcolor>black</shadowcolor>
			<include>Animation_ZoomInZoomOut</include>
			<include>Animation_ZoomedByMenu</include>
		</control>
	</include>
</includes>