<!--Alaska-->

<includes>
	<include name="Viewtype_Poster">
		
		<!-- Poster Wrap View -->
		<control type="image"><!-- Fanart -->
			<visible>Control.IsVisible(50)</visible>
			<posx>0</posx>
			<posy>0</posy>
			<width>1280</width>
			<height>720</height>
			<texture>movie-poster/movie-back3.png</texture>
			<aspectratio>scale</aspectratio>
		</control>
		<control type="label"><!--Big Title-->
			<visible>Control.IsVisible(50) + ![Container.Content(tvshows) | Container.Content(seasons) | Container.Content(movies)]</visible>
			<animation effect="slide" start="0,0" end="0,-70" time="1000" delay="600" tween="cubic" easing="inout" condition="Control.IsVisible(50) + ![Container.Content(tvshows) | Container.Content(seasons) | Container.Content(episodes) | Container.Content(movies)]">Conditional</animation>
			<posx>0</posx>
			<posy>235</posy>
			<width>1280</width>
			<height>50</height>
			<align>center</align>
			<font>Font_Bartowski_BigMusic</font>
			<shadowcolor>678b8b8b</shadowcolor>
			<textcolor>678b8b8b</textcolor>
			<label>$INFO[ListItem.label]</label>
			<include>Animation_HiddenByInfo</include>
			<include>Animation_Bartowski_Context_Zoom</include>
		</control>
		<control type="label"><!--Big Title-->
			<visible>Control.IsVisible(50) + Container.Content(movies) + IsEmpty(ListItem.Title) + !Window.IsVisible(VideoFiles)</visible>
			<animation effect="slide" start="0,0" end="0,-70" time="1000" delay="600" tween="cubic" easing="inout" condition="Control.IsVisible(50) + Container.Content(movies) + IsEmpty(ListItem.Title)">Conditional</animation>
			<posx>0</posx>
			<posy>235</posy>
			<width>1280</width>
			<height>50</height>
			<align>center</align>
			<font>Font_Bartowski_BigMusic</font>
			<shadowcolor>678b8b8b</shadowcolor>
			<textcolor>678b8b8b</textcolor>
			<label>GO BACK</label>
			<include>Animation_HiddenByInfo</include>
			<include>Animation_Bartowski_Context_Zoom</include>
		</control>
		
		
		
		<control type="fixedlist" id="50">
			<posx>-30</posx>
			<posy>210</posy>
			<height>615</height>
			<width>1400</width>
			<onleft>50</onleft>
			<onright>50</onright>
			<onup>68</onup>
			<ondown>XBMC.PlayMedia($INFO[ListItem.Trailer],1,noresume)</ondown>
			<viewtype label="Poster">list</viewtype>
			<orientation>horizontal</orientation>
			<focusposition>3</focusposition>
			<scrolltime>400</scrolltime>
			<preloaditems>2</preloaditems>
			<pagecontrol>68</pagecontrol>
			<include>Animation_ZoomInZoomOut</include>
			<include>Animation_ZoomedByMenu</include>
			<include>Animation_HiddenByInfo</include>
			<camera x="1340" y="380" />
			<animation effect="rotatey" center="50" start="12" end="12" time="0" condition="true">Conditional</animation>
			<visible>!Skin.HasSetting(no_Poster) + ![Container.Content(episodes) | Container.Content(years)]</visible>
			<itemlayout width="176" height="245">
				<control type="group">
				<posx>150</posx>
				<posy>0</posy>
				<!--<animation effect="fade" start="100" end="0" time="400" delay="2800" condition="Container.Content(movies) + ![Container(50).OnNext | Container(50).OnPrevious]">Conditional</animation>-->
					<control type="image">
						<posx>-2</posx>
						<posy>133</posy>
						<width>28</width>
						<height>238</height>
						<texture>movie-poster/newcase.png</texture>
						<aspectratio scalediffuse="false">stretch</aspectratio>
					</control>
					<control type="image">
						<posx>-2</posx>
						<posy>360</posy>
						<width>36</width>
						<height>304</height>
						<texture>movie-poster/reflect_bottom2.png</texture>
						<colordiffuse>89FFFFFF</colordiffuse>
						<aspectratio scalediffuse="false">stretch</aspectratio>
					</control>
					<control type="image">
						<posx>-149</posx>
						<posy>131</posy>
						<width>162</width>
						<height>241</height>
						<texture>movie-poster/posterview_diffuse.png</texture>
					</control>
					<control type="image">
						<posx>-149</posx>
						<posy>131</posy>
						<width>162</width>
						<height>241</height>
						<texture background="true" diffuse="movie-poster/posterview_diffuse.png">$INFO[ListItem.Icon]</texture>
						<fadetime>200</fadetime>
						<aspectratio scalediffuse="false">stretch</aspectratio>
					</control>
					<control type="image">
						<posx>-149</posx>
						<posy>131</posy>
						<width>162</width>
						<height>241</height>
						<texture diffuse="movie-poster/posterview_diffuse.png" fallback="defaultmoviegenre.jpg">special://skin/media/extras/moviegenres/$INFO[ListItem.Label].jpg</texture>
						<fadetime>200</fadetime>
						<aspectratio scalediffuse="false">stretch</aspectratio>
						<visible>Container.Content(Genres)</visible>
					</control>
					<control type="image">
						<posx>-150</posx>
						<posy>368</posy>
						<width>162</width>
						<height>241</height>
						<texture flipy="true">movie-poster/posterview_diffuse_border.png</texture>
						<fadetime>200</fadetime>
						<colordiffuse>89FFFFFF</colordiffuse>
						<aspectratio scalediffuse="false">stretch</aspectratio>
						<animation effect="fade" start="0" end="30" time="0" condition="true">Conditional</animation>
					</control>
					<control type="image">
						<posx>-150</posx>
						<posy>368</posy>
						<width>162</width>
						<height>241</height>
						<texture background="true" flipy="true" diffuse="movie-poster/posterview_diffuse.png">$INFO[ListItem.Icon]</texture>
						<fadetime>200</fadetime>
						<colordiffuse>89FFFFFF</colordiffuse>
						<aspectratio scalediffuse="false">stretch</aspectratio>
						<visible>!Container.Content(Genres)</visible>
					</control>
					<control type="image">
						<posx>-150</posx>
						<posy>368</posy>
						<width>162</width>
						<height>241</height>
						<texture diffuse="movie-poster/posterview_diffuse.png" fallback="defaultmoviegenre.jpg">special://skin/media/extras/moviegenres/$INFO[ListItem.Label].jpg</texture>
						<fadetime>200</fadetime>
						<colordiffuse>89FFFFFF</colordiffuse>
						<aspectratio scalediffuse="false">stretch</aspectratio>
						<visible>Container.Content(Genres)</visible>
					</control>
					<control type="image">
						<posx>-66</posx>
						<posy>322</posy>
						<width>100</width>
						<height>76</height>
						<texture>dialogs/movies/$INFO[ListItem.Overlay]</texture>
						<visible>Skin.HasSetting(movieoverlays) + !IsEmpty(ListItem.Overlay)</visible>
					</control>
				</control>
				</itemlayout>
				<focusedlayout width="220" height="515">
				<control type="group">
				<posx>140</posx>
				<posy>0</posy>
				<!--<animation effect="zoom" start="100" end="120" time="600" delay="2800" condition="Container.Content(movies) + ![Container(50).OnNext | Container(50).OnPrevious]">Conditional</animation>
				<animation effect="slide" start="0,0" end="40,-20" time="600" delay="2800" condition="Container.Content(movies) + ![Container(50).OnNext | Container(50).OnPrevious]">Conditional</animation>-->
					<control type="image">
						<posx>44</posx>
						<posy>93</posy>
						<width>36</width>
						<height>294</height>
						<texture>movie-poster/newcase.png</texture>
						<aspectratio scalediffuse="false">stretch</aspectratio>
						<animation type="Focus" reversible="false">
							<effect type="zoom" center="60,238" start="80" end="100" time="600" tween="back" easing="out" />
							<effect type="fade" start="0" end="100" time="600" />
						</animation>
					</control>
					<control type="image">
						<posx>48</posx>
						<posy>378</posy>
						<width>48</width>
						<height>304</height>
						<texture>movie-poster/test2.png</texture>
						<aspectratio scalediffuse="false">stretch</aspectratio>
						<animation type="Focus" reversible="false">
							<effect type="zoom" center="60,238" start="80" end="100" time="600" tween="back" easing="out" />
							<effect type="fade" start="0" end="800" time="800" />
						</animation>
					</control>
					<control type="image">
						<posx>-148</posx>
						<posy>90</posy>
						<width>211</width>
						<height>300</height>
						<texture>movie-poster/posterview_diffuse.png</texture>
						<fadetime>200</fadetime>
						<aspectratio scalediffuse="false">stretch</aspectratio>
						<animation type="Focus" reversible="false">
							<effect type="zoom" center="60,238" start="80" end="100" time="600" tween="back" easing="out" />
						</animation>
					</control>
					<control type="image">
						<posx>-148</posx>
						<posy>390</posy>
						<width>211</width>
						<height>300</height>
						<texture flipy="true">movie-poster/posterview_diffuse.png</texture>
						<colordiffuse>ff000000</colordiffuse>
						<aspectratio scalediffuse="false">stretch</aspectratio>
						<animation type="Focus" reversible="false">
							<effect type="zoom" center="60,238" start="80" end="100" time="600" tween="back" easing="out" />
							<effect type="fade" start="0" end="100" time="600" />
						</animation>
					</control>
					<control type="image">
						<posx>-148</posx>
						<posy>90</posy>
						<width>211</width>
						<height>300</height>
						<texture background="true" diffuse="movie-poster/posterview_diffuse.png">$INFO[ListItem.Icon]</texture>
						<fadetime>200</fadetime>
						<aspectratio scalediffuse="false">stretch</aspectratio>
						<animation type="Focus" reversible="false">
							<effect type="zoom" center="60,238" start="80" end="100" time="600" tween="back" easing="out" />
						</animation>
						<visible>!Container.Content(Genres)</visible>
					</control>
					<control type="image">
						<posx>-148</posx>
						<posy>90</posy>
						<width>211</width>
						<height>300</height>
						<texture diffuse="movie-poster/posterview_diffuse.png" fallback="defaultmoviegenre.jpg">special://skin/media/extras/moviegenres/$INFO[ListItem.Label].jpg</texture>
						<fadetime>200</fadetime>
						<aspectratio scalediffuse="false">stretch</aspectratio>
						<animation type="Focus" reversible="false">
							<effect type="zoom" center="60,238" start="80" end="100" time="600" tween="back" easing="out" />
						</animation>
						<visible>Container.Content(Genres)</visible>
					</control>
					<!--<control type="image">
						<posx>-148</posx>
						<posy>390</posy>
						<width>211</width>
						<height>302</height>
						<texture>movie-poster/mask_border2.png</texture>
						<fadetime>200</fadetime>
						<aspectratio scalediffuse="false">stretch</aspectratio>
						<animation type="Focus" reversible="false">
							<effect type="zoom" center="60,238" start="51" end="100" time="600" tween="back" easing="out" />
							<effect type="fade" start="0" end="50" time="600" />
						</animation>
					</control>-->
					<control type="image">
						<posx>-148</posx>
						<posy>386</posy>
						<width>211</width>
						<height>300</height>
						<texture flipy="true">movie-poster/posterview_diffuse_border.png</texture>
						<fadetime>200</fadetime>
						<aspectratio scalediffuse="false">stretch</aspectratio>
						<animation type="Focus" reversible="false">
							<effect type="zoom" center="60,238" start="80" end="100" time="600" tween="back" easing="out" />
							<effect type="fade" start="0" end="30" time="600" />
						</animation>
						<visible>!Container.Content(Genres)</visible>
					</control>
					<control type="image">
						<posx>-148</posx>
						<posy>386</posy>
						<width>211</width>
						<height>300</height>
						<texture background="true" flipy="true" diffuse="movie-poster/posterview_diffuse.png">$INFO[ListItem.Icon]</texture>
						<fadetime>200</fadetime>
						<aspectratio scalediffuse="false">stretch</aspectratio>
						<animation type="Focus" reversible="false">
							<effect type="zoom" center="60,238" start="80" end="100" time="600" tween="back" easing="out" />
							<effect type="fade" start="0" end="70" time="600" />
						</animation>
						<visible>!Container.Content(Genres)</visible>
					</control>
					<control type="image">
						<posx>-148</posx>
						<posy>390</posy>
						<width>211</width>
						<height>300</height>
						<texture diffuse="movie-poster/posterview_diffuse.png" fallback="defaultmoviegenre.jpg">special://skin/media/extras/moviegenres/$INFO[ListItem.Label].jpg</texture>
						<fadetime>200</fadetime>
						<aspectratio scalediffuse="false">stretch</aspectratio>
						<animation type="Focus" reversible="false">
							<effect type="zoom" center="60,238" start="80" end="100" time="600" tween="back" easing="out" />
							<effect type="fade" start="0" end="70" time="600" />
						</animation>
						<visible>Container.Content(Genres)</visible>
					</control>
					<control type="image">
						<posx>-20</posx>
						<posy>340</posy>
						<width>100</width>
						<height>76</height>
						<texture>dialogs/movies/$INFO[ListItem.Overlay]</texture>
						<animation type="Focus" reversible="false">
							<effect type="zoom" center="60,238" start="80" end="100" time="600" tween="back" easing="out" />
						</animation>
						<visible>Skin.HasSetting(movieoverlays) + !IsEmpty(ListItem.Overlay)</visible>
					</control>
			</control>	
			</focusedlayout>
		</control>

		<control type="image">
			<visible>Control.IsVisible(50)</visible>
			<posx>0</posx>
			<posy>0</posy>
			<width>1280</width>
			<height>720</height>
			<texture>movie-poster/last-overlay.png</texture>
			<aspectratio>scale</aspectratio>
		</control>
		
		<!-- Browser label and flags -->
		
		<control type="group">
			<visible>Control.IsVisible(50)</visible>
			<posx>0</posx>
			<posy>0</posy>
			<include>Animation_ZoomInZoomOut</include>
			<include>Animation_ZoomedByMenu</include>
			<include>Animation_HiddenByInfo</include>
			<!--<control type="textbox">
				<description>Plot Movie and TV</description>
				<posx>660</posx>
				<posy>420</posy>
				<width>600</width>
				<height>280</height>
				<align>left</align>
				<info>ListItem.Plot</info>
				<font>Font_Bartowski_Movies_Plot</font>
				<textcolor>ffffffff</textcolor>
				<animation effect="slide" start="1000,0" end="0,0" time="800" delay="3200" condition="Container.Content(movies) + ![Container(50).OnNext | Container(50).OnPrevious]">Conditional</animation>
				<autoscroll time="3000" delay="5000" repeat="5000">Skin.HasSetting(autoscroll)</autoscroll>
				<visible>Control.IsVisible(50) + Container.Content(movies)</visible>
			</control>
			<control type="textbox">
				<description>Plot season</description>
				<posx>660</posx>
				<posy>260</posy>
				<width>350</width>
				<height>340</height>
				<align>left</align>
				<info>Container(50).ShowPlot</info>
				<font>Font_Bartowski_Movies_Plot</font>
				<textcolor>ffffffff</textcolor>
				<autoscroll time="3000" delay="5000" repeat="5000">Skin.HasSetting(autoscroll)</autoscroll>
				<visible>Container.Content(seasons)</visible>
			</control>-->
			<control type="label">
				<posx>20</posx>
				<posy>0</posy>
				<width>1200</width>
				<height>50</height>
				<aligny>center</aligny>
				<font>Font_Bartowski_Movies_Title</font>
				<textcolor>ff67ffff</textcolor>
				<label>[B]$INFO[ListItem.Label][/B]</label>
				<visible>Container.Content(movies)</visible>
			</control>
			<control type="largeimage" id="7015">
				<posx>20</posx>
				<posy>0</posy>
				<width>230</width>
				<height>89</height>
				<texture>$INFO[ListItem.path]logo.png</texture>
				<fadetime>300</fadetime>
				<aspectratio scalediffuse="false">stretch</aspectratio>
				<include>Animation_HiddenByInfo</include>
				<visible>[Container.Content(tvshows) | Container.Content(seasons) | Container.Content(episodes)]</visible>
			</control>
			<control type="largeimage" id="9015">
				<posx>20</posx>
				<posy>0</posy>
				<width>230</width>
				<height>89</height>
				<texture>$INFO[ListItem.path]../logo.png</texture>
				<fadetime>300</fadetime>
				<aspectratio scalediffuse="false">stretch</aspectratio>
				<include>Animation_HiddenByInfo</include>
				<visible>[Container.Content(tvshows) | Container.Content(seasons) | Container.Content(episodes)]</visible>
			</control>
			<control type="label">
				<posx>20</posx>
				<posy>0</posy>
				<width>1200</width>
				<height>50</height>
				<aligny>center</aligny>
				<font>Font_Bartowski_Landscape_TV_Title</font>
				<textcolor>ff67ffff</textcolor>
				<label>[B]$INFO[ListItem.TVShowTitle][/B]</label>
				<visible>[Container.Content(tvshows) | Container.Content(seasons) | Container.Content(episodes)] + IsEmpty(Control.GetLabel(7015)) + IsEmpty(Control.GetLabel(9015))</visible>
			</control>
			<control type="label">
				<posx>20</posx>
				<posy>30</posy>
				<width>604</width>
				<height>50</height>
				<aligny>center</aligny>
				<font>Font_Bartowski_Movies_Duration</font>
				<textcolor>ffffffff</textcolor>
				<label>$INFO[ListItem.duration]</label>
				<visible>Container.Content(movies) + ![Player.HasVideo | substring(container.folderpath,plugin://video/)]</visible>
			</control>
			<control type="label">
				<posx>20</posx>
				<posy>55</posy>
				<width>604</width>
				<height>50</height>
				<aligny>center</aligny>
				<font>Font_Bartowski_Movies_Duration</font>
				<textcolor>ffffffff</textcolor>
				<label>$INFO[ListItem.year]</label>
				<visible>Container.Content(movies) + ![Player.HasVideo | substring(container.folderpath,plugin://video/)]</visible>
			</control>
			<control type="group">
				<posx>100</posx>
				<posy>82</posy>
				<include>VideoMPAAFlaggingConditions</include>
				<animation effect="zoom" start="80" end="80" time="0" condition="true">Conditional</animation>
				<visible>Container.Content(movies) + ![Player.HasVideo | substring(container.folderpath,plugin://video/)]</visible>
			</control>
		</control>
		
	<!--<control type="grouplist">
		<posx>660</posx>
		<posy>260</posy>
		<width>390</width>
		<animation effect="slide" start="0,600" end="0,0" time="400" delay="3000" condition="Container.Content(movies) + ![Container(50).OnNext | Container(50).OnPrevious]">Conditional</animation>
		<visible>Control.IsVisible(50) + !IsEmpty(ListItem.Title) + Container.Content(movies)</visible>
			<control type="label">
				<width>390</width>
				<height>20</height>
				<aligny>center</aligny>
				<font>Font_Bartowski_Showcase_Right_Under</font>
				<textcolor>ffffffff</textcolor>
				<label>[B][COLOR=ff67ffff]Director[/COLOR][/B] - $INFO[ListItem.Director]</label>
			</control>
			<control type="label">
				<width>390</width>
				<height>20</height>
				<aligny>center</aligny>
				<font>Font_Bartowski_Showcase_Right_Under</font>
				<textcolor>ffffffff</textcolor>
				<label>[B][COLOR=ff67ffff]Writer[/COLOR][/B] - $INFO[ListItem.Writer]</label>
			</control>
			<control type="label">
				<width>390</width>
				<height>20</height>
				<aligny>center</aligny>
				<font>Font_Bartowski_Showcase_Right_Under</font>
				<textcolor>ffffffff</textcolor>
				<label>[B][COLOR=ff67ffff]Genre[/COLOR][/B] - $INFO[ListItem.Genre]</label>
			</control>
			<control type="label">
				<width>390</width>
				<height>20</height>
				<aligny>center</aligny>
				<font>Font_Bartowski_Showcase_Right_Under</font>
				<textcolor>ffffffff</textcolor>
				<label>[B][COLOR=ff67ffff]Studio[/COLOR][/B] - $INFO[ListItem.Studio]</label>
			</control>
			<control type="label">
				<width>390</width>
				<height>20</height>
				<aligny>center</aligny>
				<font>Font_Bartowski_Showcase_Right_Under</font>
				<textcolor>ffffffff</textcolor>
				<label>[B][COLOR=ff67ffff]Rating[/COLOR][/B] - $INFO[ListItem.Rating]</label>
			</control>
	</control>-->
		<control type="group">
		<posx>20</posx>
		<posy>90</posy>
		<include>Animation_ZoomInZoomOut</include>
		<include>Animation_ZoomedByMenu</include>
		<include>Animation_HiddenByInfo</include>
		<animation effect="slide" start="0,0" end="0,-40" time="0" tween="cubic" easing="inout" condition="IsEmpty(Control.GetLabel(7015))">Conditional</animation>
		<visible>Control.IsVisible(50) + !IsEmpty(ListItem.Title) + [Container.Content(tvshows) | Container.Content(seasons)] + !Player.HasVideo</visible>	
			<control type="label">
				<visible>Container.Content(seasons)</visible>
				<posx>0</posx>
				<posy>-4</posy>
				<width>630</width>
				<height>89</height>
				<font>Font_Bartowski_Movies_Duration</font>
				<textcolor>white</textcolor>
				<label>[B]Season $INFO[ListItem.season][/B]</label>
			</control>
			<control type="label">
				<visible>![Container.Content(seasons) | Container.Content(episodes)]</visible>
				<posx>0</posx>
				<posy>0</posy>
				<width>630</width>
				<height>89</height>
				<font>Font_TVShow</font>
				<label>[B][COLOR=ListTrackF]Genre[/COLOR] [B][COLOR=white]$INFO[ListItem.Genre][/B][/COLOR]</label>
			</control>
			<control type="label">
				<visible>![Container.Content(seasons) | Container.Content(episodes)]</visible>
				<posx>0</posx>
				<posy>30</posy>
				<width>630</width>
				<height>89</height>
				<font>Font_TVShow</font>
				<label>[COLOR=ListTrackF][B]Aired[/COLOR] [COLOR=white]$INFO[ListItem.Date][/COLOR][/B]</label>
			</control>
			<control type="label">
				<visible>![Container.Content(seasons) | Container.Content(episodes)]</visible>
				<posx>0</posx>
				<posy>60</posy>
				<width>630</width>
				<height>89</height>
				<font>Font_TVShow</font>
				<label>[COLOR=ListTrackF][B]IMDB[/COLOR] [COLOR=white]$INFO[ListItem.Rating][/COLOR][/B]      [COLOR=ListTrackF][B]Rated[/COLOR] [COLOR=white]$INFO[ListItem.mpaa][/COLOR][/B]</label>
			</control>
		</control>
		<control type="group">
		<visible>Control.IsVisible(50) + substring(container.folderpath,plugin://video/Apple Movie) + !IsEmpty(ListItem.Title)</visible>
		<posx>20</posx>
		<posy>50</posy>
			<control type="label">
				<posx>0</posx>
				<posy>0</posy>
				<width>630</width>
				<height>89</height>
				<font>Font_TVShow</font>
				<label>[B][COLOR=ListTrackF]Genre[/COLOR] [B][COLOR=white]$INFO[ListItem.Genre][/B][/COLOR]</label>
				<include>Animation_HiddenByInfo</include>
			</control>
			<control type="label">
				<posx>0</posx>
				<posy>30</posy>
				<width>630</width>
				<height>89</height>
				<font>Font_TVShow</font>
				<label>[COLOR=ListTrackF][B]Release Date[/COLOR] [COLOR=white]$INFO[ListItem.Property(releasedate)][/COLOR][/B]</label>
				<include>Animation_HiddenByInfo</include>
			</control>
			<control type="label">
				<posx>0</posx>
				<posy>60</posy>
				<width>630</width>
				<height>89</height>
				<font>Font_TVShow</font>
				<label>[COLOR=ListTrackF][B]Rated[/COLOR] [COLOR=white]$INFO[ListItem.mpaa][/COLOR][/B]</label>
				<include>Animation_HiddenByInfo</include>
			</control>
		</control>
		<control type="label"><!--Trailer Start-->
				<visible>Control.IsVisible(50) + Container.Content(movies) + !IsEmpty(ListItem.Trailer) + !Player.HasMedia + !Control.IsVisible(68)</visible>
				<posx>115</posx>
				<posy>640</posy>
				<width>370</width>
				<height>50</height>
				<aligny>center</aligny>
				<font>Font_Alaya_Movie-trailer</font>
				<textcolor>ffffffff</textcolor>
				<label>*Press Down for Trailer*</label>
				<shadowcolor>black</shadowcolor>
				<include>Animation_ZoomInZoomOut</include>
				<include>Animation_ZoomedByMenu</include>
			</control>	
			<control type="label"><!--Trailer Stop-->
				<visible>Control.IsVisible(50) + Container.Content(movies) + Player.HasMedia + !Control.IsVisible(68)</visible>
				<posx>135</posx>
				<posy>640</posy>
				<width>370</width>
				<height>50</height>
				<aligny>center</aligny>
				<font>Font_Alaya_Movie-trailer</font>
				<textcolor>ffffffff</textcolor>
				<label>*Press "X" to Stop*</label>
				<shadowcolor>black</shadowcolor>
				<include>Animation_ZoomInZoomOut</include>
				<include>Animation_ZoomedByMenu</include>
			</control>
		<control type="grouplist">
			<visible>Control.IsVisible(50) + Container.Content(movies) + !Skin.HasSetting(no_media_flags) + !Control.IsVisible(68)</visible>
			<description>Media Codec Flagging Images</description>
			<posx>20</posx>
			<posy>680</posy>
			<width>1280</width>
			<align>left</align>
			<itemgap>0</itemgap>
			<orientation>horizontal</orientation>
			<include>VideoCodecFlaggingConditions</include>
			<include>AudioCodecFlaggingConditions</include>
			<include>AspectCodecFlaggingConditions</include>
			<include>VideoTypeHackFlaggingConditions</include>
			<include>Animation_HiddenByInfo</include>
			<include>Animation_ZoomInZoomOut</include>
			<include>Animation_ZoomedByMenu</include>
		</control>
		<control type="image"> 
			<posx>0</posx>
			<posy>528</posy>   
			<width>1280</width>     
			<height>192</height> 
			<texture>common/scrollbar_back.png</texture>
			<visible>Control.IsVisible(50) + Control.HasFocus(68)</visible>
		</control>
		<control type="scrollbar" id="68">
			<include>Animation_ZoomInZoomOut</include>
			<include>Animation_ZoomedByMenu</include>
			<posx>100</posx>
			<posy>900</posy>
			<width>1080</width>
			<height>25</height>
			<visible allowhiddenfocus="true">Control.IsVisible(50) + Control.HasFocus(68)</visible>
			<texturesliderbackground>osd/osd_progress_back1.png</texturesliderbackground>
			<textureslidernibfocus>ScrollBarV_Nib_Focus1.png</textureslidernibfocus>
			<onup>7000</onup>
			<ondown>50</ondown>
			<showonepage>false</showonepage>
			<orientation>horizontal</orientation>
			<include>Animation_CommonFade</include>
			<animation effect="slide" start="0,0" end="0,-220" time="400" tween="cubic" easing="inout" condition="Control.HasFocus(68)">Conditional</animation>
		</control>
	</include>
	
	<!-- Square View -->
</includes>