<!--Alaska-->

<includes>
	<include name="Viewtype_16x9">

		<!-- Poster Wrap View -->

		<control type="wraplist" id="59">
			<posx>0</posx>
			<posy>0</posy>
			<height>720</height>
			<width>1320</width>
			<onleft>59</onleft>
			<onright>59</onright>
			<onup>7000</onup>
			<ondown>7000</ondown>
			<viewtype label="16x9">list</viewtype>
			<orientation>horizontal</orientation>
			<focusposition>1</focusposition>
			<scrolltime>400</scrolltime>
			<preloaditems>2</preloaditems>
			<include>Animation_HiddenByInfo</include>
			<include>Animation_Bartowski_Context_Zoom</include>
			<visible>!Skin.HasSetting(no_16x9) + [Container.Content(movies) | Container.Content(tvshows) | Container.Content(episodes)]</visible>
			<itemlayout width="340" height="500">
				<control type="group">
				<posx>0</posx>
				<posy>192</posy>
					<control type="image">
						<posx>2</posx>
						<posy>122</posy>
						<width>330</width>
						<height>186</height>
						<texture>postermatte.png</texture>
						<colordiffuse>white</colordiffuse>					
						<aspectratio scalediffuse="false">stretch</aspectratio>
					</control>
					<control type="largeimage">
						<posx>2</posx>
						<posy>122</posy>
						<width>330</width>
						<height>186</height>
						<texture background="true" diffuse="postermatte.png" fallback="special://skin/media/backgrounds/missing.jpg">$INFO[ListItem.Property(Fanart_Image)]</texture>
						<fadetime>200</fadetime>					
						<aspectratio scalediffuse="false">stretch</aspectratio>
						<visible>!Container.Content(episodes)</visible>
					</control>
					<control type="image">
						<posx>2</posx>
						<posy>122</posy>
						<width>330</width>
						<height>186</height>
						<texture background="true" diffuse="postermatte.png" fallback="special://skin/media/backgrounds/missing.jpg">$INFO[ListItem.Icon]</texture>
						<fadetime>200</fadetime>					
						<aspectratio scalediffuse="false">stretch</aspectratio>
						<visible>Container.Content(episodes)</visible>
					</control>
					<control type="image">
						<posx>0</posx>
						<posy>90</posy>
						<width>334</width>
						<height>220</height>
						<texture>16x9/epi_frame_unfocus.png</texture>
					</control>
					<control type="image">
						<visible>Skin.HasSetting(ClearTitle) + !Container.Content(episodes)</visible>
						<posx>10</posx>
						<posy>88</posy>
						<width>90</width>
						<height>35</height>
						<texture>$INFO[ListItem.path]logo.png</texture>
						<fadetime>300</fadetime>
						<aspectratio scalediffuse="false">stretch</aspectratio>
					</control>
					<control type="label"><!--Movie title-->
						<visible>!Skin.HasSetting(ClearTitle) | Container.Content(movies) | Container.Content(episodes)</visible>
						<posx>10</posx>
						<posy>96</posy>
						<width>250</width>
						<height>50</height>
						<font>Font_InfoDetails</font>
						<textcolor>ff67ffff</textcolor>
						<label>$INFO[ListItem.Label]</label>
					</control>
					<control type="image">
						<posx>266</posx>
						<posy>86</posy>
						<width>59</width>
						<height>40</height>
						<texture>$INFO[listitem.studio,extras/Studios/,.png]</texture>
					</control>
					<control type="image">
						<posx>0</posx>
						<posy>102</posy>
						<width>260</width>
						<height>10</height>
						<texture>dialogs/tv/$INFO[ListItem.Overlay]</texture>
						<colordiffuse>ff67ffff</colordiffuse>
						<aspectratio scalediffuse="false">stretch</aspectratio>
						<visible>Skin.HasSetting(tvoverlays) + !IsEmpty(ListItem.Overlay) + [Container.Content(tvshows) | Container.Content(seasons) | Container.Content(episodes)]</visible>
					</control>
					<control type="image">
						<posx>0</posx>
						<posy>102</posy>
						<width>260</width>
						<height>10</height>
						<texture>dialogs/tv/$INFO[ListItem.Overlay]</texture>
						<colordiffuse>ff67ffff</colordiffuse>
						<aspectratio scalediffuse="false">stretch</aspectratio>
						<visible>Skin.HasSetting(movieoverlays) + !IsEmpty(ListItem.Overlay) + Container.Content(movies)</visible>
					</control>
				</control>
			</itemlayout>
			<focusedlayout width="610" height="600">
				<control type="group">
				<posx>-2</posx>
				<posy>40</posy>
					<control type="image">
						<posx>-86</posx>
						<posy>-26</posy>
						<width>780</width>
						<height>578</height>
						<texture>16x9/focus_glow1.png</texture>
						<animation type="Focus" reversible="false">
							<effect type="fade" start="0" end="80" time="1000" delay="800" />
						</animation>
					</control>
					<control type="image">
						<posx>2</posx>
						<posy>122</posy>
						<width>600</width>
						<height>338</height>
						<texture>postermatte.png</texture>
						<colordiffuse>white</colordiffuse>					
						<aspectratio scalediffuse="false">stretch</aspectratio>
						<animation type="Focus" reversible="false">
							<effect type="zoom" center="191,440" start="90" end="100" time="400" tween="back" easing="out" />
						</animation>
					</control>
					<control type="largeimage">
						<posx>2</posx>
						<posy>122</posy>
						<width>600</width>
						<height>338</height>
						<texture background="true" diffuse="postermatte.png" fallback="special://skin/media/backgrounds/missing.jpg">$INFO[ListItem.Property(Fanart_Image)]</texture>
						<fadetime>200</fadetime>					
						<aspectratio scalediffuse="false">stretch</aspectratio>
						<animation type="Focus" reversible="false">
							<effect type="zoom" center="191,440" start="90" end="100" time="400" tween="back" easing="out" />
						</animation>
						<visible>!Container.Content(episodes)</visible>
					</control>
					<control type="image">
						<posx>2</posx>
						<posy>122</posy>
						<width>600</width>
						<height>338</height>
						<texture background="true" diffuse="postermatte.png" fallback="special://skin/media/backgrounds/missing.jpg">$INFO[ListItem.Icon]</texture>
						<fadetime>200</fadetime>					
						<aspectratio scalediffuse="false">stretch</aspectratio>
						<animation type="Focus" reversible="false">
							<effect type="zoom" center="191,440" start="90" end="100" time="400" tween="back" easing="out" />
						</animation>
						<visible>Container.Content(episodes)</visible>
					</control>
					<control type="image">
						<posx>0</posx>
						<posy>60</posy>
						<width>608</width>
						<height>404</height>
						<texture>16x9/epi-frame1.png</texture>
						<animation type="Focus" reversible="false">
							<effect type="zoom" center="191,440" start="90" end="100" time="400" tween="back" easing="out" />
							<effect type="fade" start="80" end="100" time="400" />
						</animation>
					</control>
					<control type="image">
						<visible>Skin.HasSetting(ClearTitle) + !Container.Content(episodes)</visible>
						<posx>10</posx>
						<posy>60</posy>
						<width>150</width>
						<height>58</height>
						<texture>$INFO[ListItem.path]logo.png</texture>
						<fadetime>300</fadetime>
						<aspectratio scalediffuse="false">stretch</aspectratio>
						<animation type="Focus" reversible="false">
							<effect type="zoom" center="191,440" start="90" end="100" time="400" tween="back" easing="out" />
							<effect type="fade" start="80" end="100" time="400" />
						</animation>
					</control>
					<control type="label"><!--Movie title-->
						<visible>!Skin.HasSetting(ClearTitle) | Container.Content(movies) | Container.Content(episodes)</visible>
						<posx>10</posx>
						<posy>76</posy>
						<width>500</width>
						<height>50</height>
						<font>Font_InfoYear2</font>
						<textcolor>ff67ffff</textcolor>
						<label>$INFO[ListItem.Label]</label>
						<animation type="Focus" reversible="false">
							<effect type="zoom" center="191,440" start="90" end="100" time="400" tween="back" easing="out" />
							<effect type="fade" start="80" end="100" time="400" />
						</animation>
					</control>
					<control type="image">
						<posx>500</posx>
						<posy>56</posy>
						<width>104</width>
						<height>70</height>
						<texture>$INFO[listitem.studio,extras/Studios/,.png]</texture>
						<animation type="Focus" reversible="false">
							<effect type="zoom" center="191,440" start="90" end="100" time="400" tween="back" easing="out" />
							<effect type="fade" start="80" end="100" time="400" />
						</animation>
					</control>
					<control type="image">
						<posy>90</posy>
						<width>500</width>
						<height>12</height>
						<texture>dialogs/tv/$INFO[ListItem.Overlay]</texture>
						<colordiffuse>ff67ffff</colordiffuse>
						<aspectratio scalediffuse="false">stretch</aspectratio>
						<animation type="Focus" reversible="false">
							<effect type="zoom" center="191,440" start="90" end="100" time="400" tween="back" easing="out" />
							<effect type="fade" start="80" end="100" time="400" />
						</animation>
						<visible>Skin.HasSetting(tvoverlays) + !IsEmpty(ListItem.Overlay) + [Container.Content(tvshows) | Container.Content(seasons) | Container.Content(episodes)]</visible>
					</control>
					<control type="image">
						<posy>90</posy>
						<width>500</width>
						<height>12</height>
						<texture>dialogs/tv/$INFO[ListItem.Overlay]</texture>
						<colordiffuse>ff67ffff</colordiffuse>
						<aspectratio scalediffuse="false">stretch</aspectratio>
						<animation type="Focus" reversible="false">
							<effect type="zoom" center="191,440" start="90" end="100" time="400" tween="back" easing="out" />
							<effect type="fade" start="80" end="100" time="400" />
						</animation>
						<visible>Skin.HasSetting(movieoverlays) + !IsEmpty(ListItem.Overlay) + Container.Content(movies)</visible>
					</control>
				</control>	
			</focusedlayout>
		</control>
		
		<control type="largeimage" id="7016">
			<posx>20</posx>
			<posy>0</posy>
			<width>300</width>
			<height>116</height>
			<texture>$INFO[ListItem.path]logo.png</texture>
			<fadetime>300</fadetime>
			<aspectratio scalediffuse="false">stretch</aspectratio>
			<include>Animation_HiddenByInfo</include>
			<include>Animation_Viewtype_Episode_LeftSide</include>
			<visible>Control.IsVisible(59) + Container.Content(episodes)</visible>
		</control>
		<control type="largeimage" id="9016">
			<posx>20</posx>
			<posy>0</posy>
			<width>300</width>
			<height>116</height>
			<texture>$INFO[ListItem.path]../logo.png</texture>
			<fadetime>300</fadetime>
			<aspectratio scalediffuse="false">stretch</aspectratio>
			<include>Animation_HiddenByInfo</include>
			<include>Animation_Viewtype_Episode_LeftSide</include>
			<visible>Control.IsVisible(59) + Container.Content(episodes)</visible>
		</control>
		
		<control type="group">
			<posx>350</posx>
			<posy>260</posy>
			<visible>Control.IsVisible(59) + Container.Content(movies) + !IsEmpty(ListItem.Title)</visible>
			<animation effect="slide" start="0,0" end="-1000,0" time="600" delay="2800" condition="Container.Content(movies) + ![Container(59).OnNext | Container(59).OnPrevious]">Conditional</animation>
			<include>Animation_HiddenByInfo</include>
			<include>Animation_Viewtype_Panel_BottomArea</include>
			<control type="label"><!--Duration-->
				<posx>15</posx>
				<posy>250</posy>
				<width>460</width>
				<height>50</height>
				<aligny>center</aligny>
				<font>Font_TVShow</font>
				<textcolor>ffffffff</textcolor>
				<label>[B][COLOR=ff67ffff]Director:[/COLOR][/B] [COLOR=ffffffff]$INFO[ListItem.Director][/COLOR]</label>
			</control>
			<control type="label"><!--Duration-->
				<posx>15</posx>
				<posy>273</posy>
				<width>460</width>
				<height>50</height>
				<aligny>center</aligny>
				<font>Font_TVShow</font>
				<textcolor>ffffffff</textcolor>
				<label>[B][COLOR=ff67ffff]Writer:[/COLOR][/B] [COLOR=ffffffff]$INFO[ListItem.Writer][/COLOR]</label>
			</control>
			<control type="label"><!--Year-->
				<posx>15</posx>
				<posy>296</posy>
				<width>460</width>
				<height>50</height>
				<aligny>center</aligny>
				<font>Font_TVShow</font>
				<textcolor>ffffffff</textcolor>
				<label>[B][COLOR=ff67ffff]Genre:[/COLOR][/B] [COLOR=ffffffff]$INFO[ListItem.Genre][/COLOR]</label>
			</control>
			<control type="label"><!--Year-->
				<posx>15</posx>
				<posy>319</posy>
				<width>460</width>
				<height>50</height>
				<aligny>center</aligny>
				<font>Font_TVShow</font>
				<textcolor>ffffffff</textcolor>
				<label>[B][COLOR=ff67ffff]Duration:[/COLOR][/B] [COLOR=ffffffff]$INFO[ListItem.Duration][/COLOR]</label>
			</control>
			<control type="label"><!--Year-->
				<posx>15</posx>
				<posy>342</posy>
				<width>460</width>
				<height>50</height>
				<aligny>center</aligny>
				<font>Font_TVShow</font>
				<textcolor>ffffffff</textcolor>
				<label>[B][COLOR=ff67ffff]IMDB:[/COLOR][/B] [COLOR=ffffffff]$INFO[ListItem.rating][/COLOR]</label>
			</control>
			<control type="label"><!--Year-->
				<posx>15</posx>
				<posy>365</posy>
				<width>460</width>
				<height>50</height>
				<aligny>center</aligny>
				<font>Font_TVShow</font>
				<textcolor>ffffffff</textcolor>
				<label>[B][COLOR=ff67ffff]Rated:[/COLOR][/B]</label>
			</control>
			<control type="group">
				<posx>116</posx>
				<posy>540</posy>
				<include>VideoMPAAFlaggingConditions</include>
				<animation effect="zoom" start="70" end="70" time="0" condition="true">Conditional</animation>
			</control>
		</control>
		
		<control type="group"> 
			<visible>Control.IsVisible(59) + !IsEmpty(ListItem.Title)</visible>
			<posx>360</posx>
			<posy>80</posy>
			<animation effect="slide" start="0,0" end="-1000,0" time="600" delay="2800" condition="Container.Content(episodes) + ![Container(59).OnNext | Container(59).OnPrevious]">Conditional</animation>
			<include>Animation_HiddenByInfo</include>
			<include>Animation_Viewtype_Panel_BottomArea</include>
				<control type="label"><!-- 1st Seasons -->
					<posx>5</posx>
					<posy>455</posy>
					<width>570</width>
					<height>50</height>
					<aligny>center</aligny>
					<font>Font_TVShow</font>
					<textcolor>ff67ffff</textcolor>
					<label>[B][COLOR=ff67ffff]Rated:[/COLOR][/B] [COLOR=ffffffff]$INFO[ListItem.Mpaa][/COLOR]</label>
					<visible>Container.Content(tvshows)</visible>
				</control>
				<control type="label"><!-- 1st Seasons -->
					<posx>5</posx>
					<posy>455</posy>
					<width>570</width>
					<height>50</height>
					<aligny>center</aligny>
					<font>Font_TVShow</font>
					<textcolor>ff67ffff</textcolor>
					<label>[B][COLOR=ff67ffff]Season:[/COLOR][/B] [COLOR=ffffffff]$INFO[ListItem.Season][/COLOR]</label>
					<visible>Container.Content(episodes)</visible>
				</control>
				<control type="label"><!-- Episodes -->
					<posx>5</posx>
					<posy>485</posy>
					<width>570</width>
					<height>50</height>
					<aligny>center</aligny>
					<font>Font_TVShow</font>
					<textcolor>ff67ffff</textcolor>
					<label>[B][COLOR=ff67ffff]Episodes:[/COLOR][/B] [COLOR=ffffffff]$INFO[ListItem.Episode][/COLOR]</label>
					<visible>Container.Content(tvshows)</visible>
				</control>
				<control type="label"><!-- Episodes -->
					<posx>5</posx>
					<posy>485</posy>
					<width>570</width>
					<height>50</height>
					<aligny>center</aligny>
					<font>Font_TVShow</font>
					<textcolor>ff67ffff</textcolor>
					<label>[B][COLOR=ff67ffff]Episode:[/COLOR][/B] [COLOR=ffffffff]$INFO[ListItem.Episode][/COLOR]</label>
					<visible>Container.Content(episodes)</visible>
				</control>
				<control type="label"><!-- Genre -->
					<posx>5</posx>
					<posy>515</posy>
					<width>570</width>
					<height>50</height>
					<aligny>center</aligny>
					<font>Font_TVShow</font>
					<label>[B][COLOR=ff67ffff]Genre:[/COLOR][/B] [COLOR=ffffffff]$INFO[ListItem.Genre][/COLOR]</label>
					<visible>Container.Content(tvshows)</visible>
				</control>
				<control type="label"><!-- Episode Rating -->
					<posx>5</posx>
					<posy>515</posy>
					<width>570</width>
					<height>50</height>
					<aligny>center</aligny>
					<font>Font_TVShow</font>
					<textcolor>ff67ffff</textcolor>
					<label>[B][COLOR=ff67ffff]Rating:[/B] [COLOR=ffffffff]$INFO[ListItem.Rating][/COLOR]</label>
					<visible>Container.Content(episodes)</visible>
				</control>
			</control>
			<control type="grouplist">
				<visible>Control.IsVisible(59) + !IsEmpty(ListItem.Title)</visible>
				<animation effect="slide" start="0,0" end="-1000,0" time="600" delay="2800" condition="Container.Content(episodes) + ![Container(59).OnNext | Container(59).OnPrevious]">Conditional</animation>
				<include>Animation_Viewtype_Panel_BottomArea</include>
				<include>Animation_HiddenByInfo</include>
				<posx>366</posx>
				<posy>636</posy>
				<orientation>horizontal</orientation>
				<control type="label">
					<posx>0</posx>
					<posy>0</posy>
					<width min="10" max="1034">auto</width>
					<height>100</height>
					<font>Font_TVShow</font>
					<textcolor>ff67ffff</textcolor>
					<label>[B]First Premiered in $INFO[ListItem.Year][/B]</label>
					<visible>Container.Content(tvshows)</visible>
				</control>
				<!--<control type="label">
					<posx>0</posx>
					<posy>0</posy>
					<width min="5" max="1034">auto</width>
					<height>100</height>
					<font>Font_TVShow</font>
					<textcolor>ff67ffff</textcolor>
					<label>[B] on [/B]</label>
					<visible>Container.Content(tvshows) + !IsEmpty(ListItem.Studio)</visible>
				</control>
				<control type="image">
					<posx>0</posx>
					<posy>0</posy>
					<width>70</width>
					<height>47</height>
					<texture>$INFO[listitem.studio,extras/Studios/,.png]</texture>
					<colordiffuse>ff67ffff</colordiffuse>
					<visible>Container.Content(tvshows)</visible>
					<animation effect="slide" start="0,0" end="-6,-12" time="0" tween="cubic" easing="inout" condition="Container.Content(tvshows)">Conditional</animation>
				</control>-->
				<control type="label">
					<posx>0</posx>
					<posy>0</posy>
					<width min="10" max="1034">auto</width>
					<height>100</height>
					<font>Font_TVShow</font>
					<textcolor>ff67ffff</textcolor>
					<label>[B]This Show Aired $INFO[ListItem.Date][/B]</label>
					<visible>Container.Content(episodes)</visible>
				</control>
				<!--<control type="label">
					<posx>0</posx>
					<posy>0</posy>
					<width min="5" max="1034">auto</width>
					<height>100</height>
					<font>Font_TVShow</font>
					<textcolor>ff67ffff</textcolor>
					<label>[B] on [/B]</label>
					<visible>Container.Content(episodes) + !IsEmpty(ListItem.Studio)</visible>
				</control>
				<control type="image">
					<posx>0</posx>
					<posy>0</posy>
					<width>70</width>
					<height>47</height>
					<texture>$INFO[listitem.studio,extras/Studios/,.png]</texture>
					<colordiffuse>ff67ffff</colordiffuse>
					<visible>Container.Content(episodes)</visible>
					<animation effect="slide" start="0,0" end="-10,-12" time="0" tween="cubic" easing="inout" condition="Container.Content(episodes)">Conditional</animation>
				</control>-->
			</control>
			<control type="textbox"><!-- Plot and TV -->
				<posx>0</posx>
				<posy>0</posy>
				<width>600</width>
				<height>180</height>
				<align>left</align>
				<info>ListItem.Plot</info>
				<font>Font_Bartowski_Movies</font>
				<textcolor>ffffffff</textcolor>
				<autoscroll time="3000" delay="5000" repeat="5000">Skin.HasSetting(autoscroll)</autoscroll>
				<animation effect="slide" start="340,900" end="340,520" time="600" delay="2800" condition="[Container.Content(episodes) | Container.Content(movies)] + ![Container(59).OnNext | Container(59).OnPrevious]">Conditional</animation>
				<include>Animation_Viewtype_Panel_BottomArea</include>
				<visible>Control.IsVisible(59) + [Container.Content(episodes) | Container.Content(movies)]</visible>
			</control>
		
		
	</include>
</includes>