<!--Alaska-->

<includes>

	<include name="Viewtype_Episode">

		<!-- Browser -->
		<control type="image"><!-- 1st Background -->
			<visible>Control.IsVisible(51) + Container.Content(episodes)</visible>
			<posx>0</posx>
			<posy>0</posy>
			<width>1280</width>
			<height>720</height>
			<texture>tv-episodes/epi-background.png</texture>
			<aspectratio>scale</aspectratio>
		</control>
		<control type="fixedlist" id="51">
			<viewtype label="Episode">list</viewtype>
			<posx>1010</posx>
			<posy>0</posy>
			<width>933</width>
			<height>720</height>
			<pagecontrol>61</pagecontrol>
			<scrolltime>0</scrolltime>
			<orientation>vertical</orientation>
			<onup>51</onup>
			<ondown>51</ondown>
			<onleft>7000</onleft>
			<onright>7000</onright>
			<focusposition>2</focusposition>
			<movement>2</movement>
			<visible>!Skin.HasSetting(no_Episode) + Container.Content(episodes)</visible>
			<include>Animation_Viewtype_Episode_FocusArea</include>
			<itemlayout width="633" height="142">
				<control type="image">
					<posx>13</posx>
					<posy>13</posy>
					<width>240</width>
					<height>131</height>
					<texture diffuse="episodematte.png">$INFO[ListItem.Icon]</texture>
					<aspectratio scalediffuse="false">stretch</aspectratio>
					<include>Animation_HiddenByInfo</include>
				</control>
				<control type="image">
					<posx>2</posx>
					<posy>2</posy>
					<width>260</width>
					<height>153</height>
					<texture>episodeframe.png</texture>
					<colordiffuse>ff959494</colordiffuse>
					<include>Animation_HiddenByInfo</include>
				</control>
				<control type="image">
					<posx>14</posx>
					<posy>104</posy>
					<width>235</width>
					<height>39</height>
					<texture>tv-episodes/epi-black.png</texture>
					<visible>!IsEmpty(ListItem.Title)</visible>
					<include>Animation_HiddenByInfo</include>
				</control>
				<control type="label">
					<posx>130</posx>
					<posy>112</posy>
					<width>235</width>
					<label>[B]Episode $INFO[ListItem.Episode][/B]</label>
					<align>center</align>
					<font>Font_Bartowski_Extras_Pause</font>
					<textcolor>ffffffff</textcolor>
					<visible>!IsEmpty(ListItem.Title)</visible>
					<include>Animation_HiddenByInfo</include>
				</control>
				<control type="image">
					<visible>Container.Content(episodes)</visible>
					<posx>68</posx>
					<posy>123</posy>
					<width>122</width>
					<height>3</height>
					<info>ListItem.Overlay</info>
					<aspectratio scalediffuse="false">stretch</aspectratio>
					<include>Animation_HiddenByInfo</include>
					<visible>Skin.HasSetting(tvoverlays) + !IsEmpty(ListItem.Overlay)</visible>
				</control>
			</itemlayout>
			<focusedlayout width="633" height="142">
				<control type="image">
					<posx>13</posx>
					<posy>13</posy>
					<width>240</width>
					<height>131</height>
					<texture diffuse="episodematte.png">$INFO[ListItem.Icon]</texture>
					<aspectratio scalediffuse="false">stretch</aspectratio>
					<animation type="Focus" reversible="false">
						<effect type="zoom" center="127,70" start="50" end="100" time="200" tween="cubic" easing="out" />
						<effect type="fade" start="0" end="100" time="200" />
					</animation>
					<include>Animation_HiddenByInfo</include>
				</control>
				<control type="image">
					<posx>14</posx>
					<posy>104</posy>
					<width>235</width>
					<height>39</height>
					<texture>tv-episodes/epi-black.png</texture>
					<animation type="Focus" reversible="false">
						<effect type="zoom" center="127,70" start="50" end="100" time="200" tween="cubic" easing="out" />
						<effect type="fade" start="0" end="100" time="200" />
					</animation>
					<visible>!IsEmpty(ListItem.Title)</visible>
					<include>Animation_HiddenByInfo</include>
				</control>
				<control type="image">
					<posx>2</posx>
					<posy>2</posy>
					<width>260</width>
					<height>153</height>
					<texture>tv-episodes/focus-episode.png</texture>
					<animation type="Focus" reversible="false">
						<effect type="zoom" center="127,70" start="50" end="100" time="200" tween="cubic" easing="out" />
						<effect type="fade" start="0" end="100" time="200" />
					</animation>
					<include>Animation_HiddenByInfo</include>
				</control>
				<control type="label">
					<posx>130</posx>
					<posy>112</posy>
					<width>235</width>
					<label>[B]Episode $INFO[ListItem.Episode][/B]</label>
					<align>center</align>
					<font>Font_Bartowski_Extras_Pause</font>
					<textcolor>ffffffff</textcolor>
					<visible>!IsEmpty(ListItem.Title)</visible>
					<animation type="Focus" reversible="false">
						<effect type="zoom" center="127,70" start="50" end="100" time="200" tween="cubic" easing="out" />
						<effect type="fade" start="0" end="100" time="200" />
					</animation>
					<include>Animation_HiddenByInfo</include>
				</control>
				<control type="image">
					<visible>Container.Content(episodes)</visible>
					<posx>68</posx>
					<posy>123</posy>
					<width>122</width>
					<height>3</height>
					<info>ListItem.Overlay</info>
					<aspectratio scalediffuse="false">stretch</aspectratio>
					<include>Animation_HiddenByInfo</include>
					<animation type="Focus" reversible="false">
						<effect type="zoom" center="127,70" start="50" end="100" time="200" tween="cubic" easing="out" />
						<effect type="fade" start="0" end="100" time="200" />
					</animation>
					<visible>Skin.HasSetting(tvoverlays) + !IsEmpty(ListItem.Overlay)</visible>
				</control>
			</focusedlayout>
		</control>

		<control type="image"><!-- 1st Background -->
			<visible>Control.IsVisible(51) + Container.Content(episodes)</visible>
			<posx>0</posx>
			<posy>0</posy>
			<width>1280</width>
			<height>720</height>
			<texture>tv-episodes/episode-glow.png</texture>
			<aspectratio>scale</aspectratio>
		</control>
		
		
		<!-- Browser label and flags -->
		<control type="largeimage" id="7016">
			<posx>20</posx>
			<posy>0</posy>
			<width>300</width>
			<height>116</height>
			<texture>$INFO[ListItem.path]logo.png</texture>
			<fadetime>300</fadetime>
			<aspectratio scalediffuse="false">stretch</aspectratio>
			<include>Animation_HiddenByInfo</include>
			<include>Animation_Viewtype_Episode_LeftSide</include>
			<visible>Control.IsVisible(51) + Container.Content(episodes)</visible>
		</control>
		<control type="largeimage" id="9016">
			<posx>20</posx>
			<posy>0</posy>
			<width>300</width>
			<height>116</height>
			<texture>$INFO[ListItem.path]../logo.png</texture>
			<fadetime>300</fadetime>
			<aspectratio scalediffuse="false">stretch</aspectratio>
			<include>Animation_HiddenByInfo</include>
			<include>Animation_Viewtype_Episode_LeftSide</include>
			<visible>Control.IsVisible(51) + Container.Content(episodes)</visible>
		</control>
		<control type="textbox">
			<posx>10</posx>
			<posy>166</posy>
			<width>350</width>
			<height>344</height>
			<align>justify</align>
			<info>Container(51).ListItem.Plot</info>
			<autoscroll time="3000" delay="5000" repeat="5000">Skin.HasSetting(autoscroll)</autoscroll>
			<font>Font_Bartowski_Episodes</font>
			<textcolor>ffffffff</textcolor>
			<include>Animation_HiddenByInfo</include>
			<include>Animation_Viewtype_Episode_LeftSide</include>
		</control>
		<control type="group">
			<posx>370</posx>
			<posy>48</posy>
			<include>Animation_Bartowski_Context_Zoom</include>
			<visible>Control.IsVisible(51)</visible>
			<control type="image">
				<posx>2</posx>
				<posy>122</posy>
				<width>600</width>
				<height>337</height>
				<texture background="true" diffuse="tv-landscape/landscapematteFO.png">$INFO[ListItem.Icon]</texture>
				<fadetime>200</fadetime>					
				<aspectratio scalediffuse="false">stretch</aspectratio>
			</control>
			<control type="image">
				<posx>-24</posx>
				<posy>100</posy>
				<width>650</width>
				<height>378</height>
				<texture>tv-landscape/landscapeframeFO.png</texture>										
			</control>
		</control>
		
		<control type="group">
			<posx>375</posx>
			<posy>560</posy>
			<include>Animation_HiddenByInfo</include>
			<include>Animation_Viewtype_Episode_BottomArea</include>
			<visible>Control.IsVisible(51) + Container.Content(episodes)</visible>
			<control type="label"><!-- Episode Title -->
				<posx>0</posx>
				<posy>-10</posy>
				<width>556</width>
				<height>50</height>
				<align>center</align>
				<font>Font_Bartowski_Title_TVShow</font>
				<textcolor>ff67ffff</textcolor>
				<label>[B]$INFO[ListItem.Title][/B]</label>
			</control>
			<control type="label"><!-- Episode season episode -->
				<posx>0</posx>
				<posy>30</posy>
				<width>556</width>
				<height>50</height>
				<align>center</align>
				<font>Font_TVShow</font>
				<textcolor>ffffffff</textcolor>
				<label>Season $INFO[ListItem.Season]/Episode $INFO[ListItem.Episode]</label>
			</control>
			<control type="label"><!-- Episode aired -->
				<posx>0</posx>
				<posy>60</posy>
				<width>556</width>
				<height>50</height>
				<align>center</align>
				<font>Font_TVShow</font>
				<textcolor>ffffffff</textcolor>
				<label>Aired: $INFO[ListItem.Date]</label>
			</control>
		</control>
		<control type="grouplist">
				<visible>Control.IsVisible(51) + Container.Content(episodes) + !Skin.HasSetting(no_media_flags)</visible>
				<description>Media Codec Flagging Images</description>
				<posx>380</posx>
				<posy>680</posy>
				<width>556</width>
				<align>center</align>
				<itemgap>0</itemgap>
				<orientation>horizontal</orientation>
				<include>VideoCodecFlaggingConditions</include>
				<include>AudioCodecFlaggingConditions</include>
				<include>AspectCodecFlaggingConditions</include>
				<include>VideoTypeHackFlaggingConditions</include>
				<include>Animation_HiddenByInfo</include>
				<include>Animation_Viewtype_Episode_BottomArea</include>
			</control>
		<control type="image"><!-- 1st Background -->
			<visible>Control.IsVisible(51) + Container.Content(episodes)</visible>
			<posx>0</posx>
			<posy>0</posy>
			<width>1280</width>
			<height>720</height>
			<texture>tv-episodes/last-overlay.png</texture>
			<aspectratio>scale</aspectratio>
		</control>
		<control type="textbox"><!-- Uncheck Cleartitle -->
			<posx>10</posx>
			<posy>10</posy>
			<width>500</width><!--1200 50 -->
			<height>300</height>
			<font>Font_Episode_Landscape_TVTitle</font>
			<textcolor>ff67ffff</textcolor>
			<label>[B]$INFO[ListItem.TVShowtitle][/B]</label>
			<include>Animation_HiddenByInfo</include>
			<include>Animation_Viewtype_Episode_LeftSide</include>
			<visible>Control.IsVisible(51) + Container.Content(episodes) + IsEmpty(Control.GetLabel(7016)) + IsEmpty(Control.GetLabel(9016))</visible>
		</control>
		<include>Trailer_Episodes</include>
	</include>

</includes>
