<!--Alaska-->

<includes>

	

	<include name="Viewtype_PictureGrid">

<!-- Browser -->
	<!--<control type="multiimage" id="1">
	<animation type="Conditional" reversible="false" condition="true" loop="true">
					<effect type="rotatey" start="0" end="90" delay="3500" time="500" center="640" loop="true" reversible="false" />
					<effect type="rotatey" start="180" end="270" delay="4000" time="500" center="640" loop="true" reversible="false" />
				</animation>
	<posx>550</posx>
	<posy>0</posy>
	<width>180</width>
	<height>180</height>
	<imagepath>$INFO[Skin.String(CustomMoviesFolder)]</imagepath>
	<timeperimage>4000</timeperimage>
	<fadetime>0</fadetime>
</control>-->
	<control type="image">
		<posx>0</posx>
		<posy>0</posy>
		<width>1280</width>
		<height>720</height>
		<texture>music/music_backdrop3.png</texture>
		<animation effect="slide" start="0,0" end="0,400" time="800" delay="2800" condition="![Container.OnPrevious | Container.OnNext]">Conditional</animation>
		<visible>Control.IsVisible(50)</visible>
	</control>
	
		<control type="wraplist" id="50">
			<posx>-64</posx>
			<posy>290</posy>
			<height>515</height>
			<width>1920</width>
			<onleft>50</onleft>
			<onright>50</onright>
			<onup>7000</onup>
			<ondown>7000</ondown>
			<viewtype label="Showcase">list</viewtype>
			<orientation>horizontal</orientation>
			<focusposition>3</focusposition>
			<scrolltime>300</scrolltime>
			<preloaditems>2</preloaditems>
			<include>Animation_ZoomInZoomOut</include>
			<include>Animation_ZoomedByMenu</include>
			<animation effect="slide" start="0,0" end="0,400" time="600" delay="2800" condition="![Container.OnPrevious | Container.OnNext]">Conditional</animation>
			<itemlayout width="204" height="245">
			<control type="group">
			<posx>0</posx>
			<posy>180</posy>
				<control type="image">
					<posx>0</posx>
					<posy>0</posy>
					<width>200</width>
					<height>200</height>
					<texture>postermatteNF.png</texture>
					<colordiffuse>black</colordiffuse>
					<aspectratio scalediffuse="false">stretch</aspectratio>
					<include>Animation_HiddenByInfo</include>
				</control>
				<control type="image">
					<posx>0</posx>
					<posy>0</posy>
					<width>200</width>
					<height>200</height>
					<texture background="true" diffuse="postermatteNF.png">$INFO[ListItem.Icon]</texture>
					<fadetime>200</fadetime>
					<aspectratio scalediffuse="false">stretch</aspectratio>
					<include>Animation_HiddenByInfo</include>
				</control>
				<control type="image">
					<posx>-11</posx>
					<posy>-8</posy>
					<width>222</width>
					<height>216</height>
					<texture>posterframeF.png</texture>
					<colordiffuse>89FFFFFF</colordiffuse>
					<include>Animation_HiddenByInfo</include>
				</control>
				<control type="image">
					<posx>0</posx>
					<posy>202</posy>
					<width>200</width>
					<height>200</height>
					<texture background="true" flipy="true" diffuse="movie-poster/Movie_Thumb_Mask.png">$INFO[ListItem.Icon]</texture>
					<colordiffuse>69FFFFFF</colordiffuse>
					<fadetime>200</fadetime>
					<aspectratio scalediffuse="false">stretch</aspectratio>
					<include>Animation_HiddenByInfo</include>
					<animation type="Conditional" reversible="false" condition="true">
						<effect type="fade" start="0" end="60" time="0" />
					</animation>
				</control>
				<control type="image">
					<posx>-11</posx>
					<posy>194</posy>
					<width>222</width>
					<height>216</height>
					<texture flipy="true">posterframeF.png</texture>
					<colordiffuse>39FFFFFF</colordiffuse>
					<include>Animation_HiddenByInfo</include>
					<animation type="Conditional" reversible="false" condition="true">
						<effect type="fade" start="0" end="60" time="0" />
					</animation>
				</control>
			</control>
		</itemlayout>
			
		<focusedlayout width="224" height="515">
			<control type="group">
			<posx>0</posx>
			<posy>170</posy>
				
				<control type="image">
					<posx>-14</posx>
					<posy>-16</posy>
					<width>250</width>
					<height>250</height>
					<texture>postermatteNF.png</texture>
					<colordiffuse>black</colordiffuse>
					<aspectratio scalediffuse="false">stretch</aspectratio>
					<include>Animation_PosterInfoSlide_Showcase</include>
					<animation type="Focus" reversible="false">
						<effect type="zoom" center="auto" start="80" end="100" time="300" tween="back" easing="out" />
					</animation>
				</control>
				<control type="image">
					<posx>0</posx>
					<posy>252</posy>
					<width>220</width>
					<height>220</height>
					<texture background="true" flipy="true" diffuse="postermatte.png">$INFO[ListItem.Icon]</texture>
					<fadetime>200</fadetime>
					<aspectratio scalediffuse="false">stretch</aspectratio>
					<include>Animation_HiddenByInfo</include>
					<animation type="Focus" reversible="false">
						<effect type="zoom" center="auto" start="90" end="114" time="300" tween="back" easing="out" />
						<effect type="fade" start="0" end="60"/>
					</animation>
				</control>
				<control type="image">
					<posx>-12</posx>
					<posy>246</posy>
					<width>246</width>
					<height>236</height>
					<texture flipy="true">posterframeF.png</texture>
					<include>Animation_HiddenByInfo</include>
					<animation type="Focus" reversible="false">
						<effect type="zoom" center="auto" start="90" end="114" time="300" tween="back" easing="out" />
						<effect type="fade" start="0" end="20"/>
					</animation>
				</control>
				<control type="image">
					<posx>-220</posx>
					<posy>-156</posy>
					<width>651</width>
					<height>417</height>
					<texture>music/musci_focus_glow.png</texture>
					<aspectratio scalediffuse="false">stretch</aspectratio>
					<include>Animation_PosterInfoSlide_Showcase</include>
					<animation type="Focus" reversible="false">
						<effect type="fade" start="0" end="60" time="1000" delay="800" />
					</animation>
					<visible>!Skin.HasSetting(MusicShowcaseFanart)</visible>
				</control>
				<control type="image">
					<posx>-14</posx>
					<posy>-16</posy>
					<width>250</width>
					<height>250</height>
					<texture background="true" diffuse="postermatte.png">$INFO[ListItem.Icon]</texture>
					<fadetime>200</fadetime>
					<aspectratio scalediffuse="false">stretch</aspectratio>
					<include>Animation_PosterInfoSlide_Showcase</include>
					<animation type="Focus" reversible="false">
						<effect type="zoom" center="auto" start="80" end="100" time="300" tween="back" easing="out" />
					</animation>
				</control>
				<control type="image">
					<posx>-29</posx>
					<posy>-26</posy>
					<width>280</width>
					<height>270</height>
					<texture>posterframeF.png</texture>
					<include>Animation_PosterInfoSlide_Showcase</include>
					<animation type="Focus" reversible="false">
						<effect type="zoom" center="auto" start="80" end="100" time="300" tween="back" easing="out" />
						<effect type="fade" start="0" end="80" time="600" />
					</animation>
				</control>
			</control>
			</focusedlayout>
		</control>
		
				
		
	</include>

	<include name="PictureThumbView">
		<control type="group">
			<visible>Control.IsVisible(58)</visible>
			<control type="panel" id="58">
				<posx>40</posx>
				<posy>80</posy>
				<width>432</width>
				<height>560</height>
				<onleft>7000</onleft>
				<onright>60</onright>
				<onup>58</onup>
				<ondown>58</ondown>
				<viewtype label="Grid">list</viewtype>
				<pagecontrol>60</pagecontrol>
				<scrolltime>200</scrolltime>
				<preloaditems>2</preloaditems>
				<itemlayout height="134" width="134">
					<control type="image">
						<posx>10</posx>
						<posy>10</posy>
						<width>124</width>
						<height>124</height>
						<aspectratio>keep</aspectratio>
						<texture background="true" diffuse="common/thumb_matte.png">$INFO[ListItem.Icon]</texture>
						<bordertexture border="6">common/thumb_border.png</bordertexture>
						<fadetime>400</fadetime>
						<bordersize>6</bordersize>
					</control>
				</itemlayout>
				<focusedlayout height="134" width="134">
					<control type="image">
						<posx>10</posx>
						<posy>10</posy>
						<width>124</width>
						<height>124</height>
						<aspectratio>keep</aspectratio>
						<texture background="true">$INFO[ListItem.Icon]</texture>
						<texture background="true" diffuse="common/thumb_matte.png">$INFO[ListItem.Icon]</texture>
						<bordertexture border="8">common/thumb_border_glow.png</bordertexture>
						<fadetime>400</fadetime>
						<bordersize>8</bordersize>
						<animation type="Focus" reversible="false">
						<effect type="zoom" center="auto" start="51" end="130" time="600" tween="back" easing="out" />
					</animation>
					</control>
				</focusedlayout>
			</control>
			<control type="scrollbar" id="60">
				<posx>480</posx>
				<posy>80</posy>
				<width>25</width>
				<height>576</height>
				<texturesliderbackground border="0,14,0,14">ScrollBarV.png</texturesliderbackground>
				<texturesliderbar border="0,14,0,14">ScrollBarV_bar.png</texturesliderbar>
				<texturesliderbarfocus border="0,14,0,14">ScrollBarV_bar_focus.png</texturesliderbarfocus>
				<textureslidernib>ScrollBarNib.png</textureslidernib>
				<textureslidernibfocus>ScrollBarNib.png</textureslidernibfocus>
				<onleft>510</onleft>
				<onright>2</onright>
				<showonepage>false</showonepage>
				<orientation>vertical</orientation>
				<visible>Control.IsVisible(511)</visible>
			</control>
			<control type="group">
				<posx>540</posx>
				<posy>60</posy>
				<control type="label">
					<description>Title txt</description>
					<posx>0</posx>
					<posy>20</posy>
					<width>700</width>
					<height>15</height>
					<label>$INFO[ListItem.Label]</label>
					<align>center</align>
					<aligny>center</aligny>
					<font>Font_MainMenuLabel</font>
					<textcolor>mainblue</textcolor>
					<shadowcolor>black</shadowcolor>
				</control>
				<control type="image">
					<posx>-9</posx>
					<posy>50</posy>
					<width>700</width>
					<height>500</height>
					<texture background="true" diffuse="common/big_picture_blur_layout.png">$INFO[ListItem.FilenameAndPath]</texture>
					<fadetime>400</fadetime>
					<aspectratio>keep</aspectratio>
				</control>
				<control type="label">
					<description>Date time txt</description>
					<posx>0</posx>
					<posy>570</posy>
					<width>700</width>
					<height>15</height>
					<label>$INFO[ListItem.PictureDateTime,[COLOR=mainblue]$LOCALIZE[31326][/COLOR] - ]</label>
					<align>center</align>
					<aligny>center</aligny>
					<font>font13caps</font>
					<textcolor>white</textcolor>
					<shadowcolor>black</shadowcolor>
				</control>
				<control type="label">
					<description>Resolution txt</description>
					<posx>0</posx>
					<posy>600</posy>
					<width>700</width>
					<height>15</height>
					<label>$INFO[ListItem.PictureResolution,[COLOR=mainblue]$LOCALIZE[31327][/COLOR] - ]</label>
					<align>center</align>
					<aligny>center</aligny>
					<font>font13caps</font>
					<textcolor>white</textcolor>
					<shadowcolor>black</shadowcolor>
				</control>
			</control>
		</control>
	</include>
	
</includes>
