<window id="1111">
	<defaultcontrol always="true">9000</defaultcontrol>
	<controls>
		<include>CommonSettingsBackground</include>
		<control type="image">
			<posx>90</posx>
			<posy>50</posy>
			<width>1100</width>
			<height>640</height>
			<texture border="20">Dialogback.png</texture>
			<animation effect="fade" time="200" condition="!Window.Previous(Settings)">WindowOpen</animation>
			<animation effect="fade" time="300" condition="!Window.Next(Settings)">WindowClose</animation>
		</control>
		<control type="group">
			<posx>90</posx>
			<posy>50</posy>
			<animation effect="fade" time="200">WindowOpen</animation>
			<animation effect="fade" time="300">WindowClose</animation>
			<control type="image">
				<posx>125</posx>
				<posy>30</posy>
				<width>120</width>
				<height>50</height>
				<texture>MediaStreamLogo.png</texture>
			</control>
			<control type="list" id="9000">
				<posx>10</posx>
				<posy>90</posy>
				<width>260</width>
				<height>481</height>
				<onleft>9010</onleft>
				<onright>9010</onright>
				<onup>9000</onup>
				<ondown>9000</ondown>
				<pagecontrol>-</pagecontrol>
				<scrolltime>300</scrolltime>
				<itemlayout height="80" width="260">
					<control type="image">
						<posx>0</posx>
						<posy>0</posy>
						<width>260</width>
						<height>81</height>
						<texture border="5">MenuItemNF.png</texture>
					</control>
					<control type="label">
						<posx>250</posx>
						<posy>15</posy>
						<width>380</width>
						<height>25</height>
						<font>font24caps_title</font>
						<textcolor>grey3</textcolor>
						<align>right</align>
						<aligny>center</aligny>
						<label>$INFO[ListItem.Label]</label>
					</control>
					<control type="label">
						<posx>250</posx>
						<posy>42</posy>
						<width>870</width>
						<height>25</height>
						<font>font13caps</font>
						<textcolor>grey2</textcolor>
						<align>right</align>
						<aligny>center</aligny>
						<label>$INFO[ListItem.Label2]</label>
					</control>
				</itemlayout>
				<focusedlayout height="80" width="260">
					<control type="image">
						<posx>0</posx>
						<posy>0</posy>
						<width>260</width>
						<height>81</height>
						<texture border="5">MenuItemFO.png</texture>
						<animation effect="fade" start="100" end="30" time="100" condition="!Control.HasFocus(9000)">Conditional</animation>
					</control>
					<control type="label">
						<posx>250</posx>
						<posy>15</posy>
						<width>380</width>
						<height>25</height>
						<font>font24caps_title</font>
						<textcolor>white</textcolor>
						<align>right</align>
						<aligny>center</aligny>
						<label>$INFO[ListItem.Label]</label>
					</control>
					<control type="label">
						<posx>250</posx>
						<posy>42</posy>
						<width>870</width>
						<height>25</height>
						<font>font13caps</font>
						<textcolor>grey2</textcolor>
						<align>right</align>
						<aligny>center</aligny>
						<label>$INFO[ListItem.Label2]</label>
					</control>
				</focusedlayout>
				<content>
					<item id="1">
						<label>128</label>
						<label2>5</label2>
						<onclick>-</onclick>
					</item>
					<item id="2">
						<label>513</label>
						<label2>31112</label2>
						<onclick>-</onclick>
					</item>
					<item id="3">
						<label>31102</label>
						<label2>31115</label2>
						<onclick>-</onclick>
					</item>
					<item id="4">
						<label>31116</label>
						<label2>31200</label2>
						<onclick>-</onclick>
					</item>
				</content>
			</control>
			<control type="image">
				<posx>268</posx>
				<posy>10</posy>
				<width>790</width>
				<height>618</height>
				<texture border="5">black-back2.png</texture>
			</control>
			<control type="image">
				<posx>268</posx>
				<posy>10</posy>
				<width>804</width>
				<height>100</height>
				<aspectratio>stretch</aspectratio>
				<texture>GlassTitleBar.png</texture>
			</control>
			<control type="label">
				<description>header label</description>
				<posx>300</posx>
				<posy>20</posy>
				<width>740</width>
				<height>30</height>
				<font>font30caps_title</font>
				<label>$LOCALIZE[20077] - $INFO[Container(9000).ListItem.Label]</label>
				<align>left</align>
				<aligny>center</aligny>
				<textcolor>white</textcolor>
				<shadowcolor>black</shadowcolor>
			</control>
			<control type="group" id="9010">
				<control type="grouplist" id="9001">
					<visible>Container(9000).Hasfocus(1)</visible>
					<posx>290</posx>
					<posy>60</posy>
					<width>750</width>
					<height>530</height>
					<itemgap>-1</itemgap>
					<pagecontrol>-</pagecontrol>
					<onleft>9000</onleft>
					<onright>9000</onright>
					<onup>9001</onup>
					<ondown>9001</ondown>
					<control type="label" id="100">
						<width>750</width>
						<height>45</height>
						<font>font13caps_title</font>
						<label>31106</label>
						<textcolor>blue</textcolor>
						<shadowcolor>black</shadowcolor>
						<align>left</align>
						<aligny>center</aligny>
					</control>
					<control type="radiobutton" id="101">
						<width>750</width>
						<height>40</height>
						<font>font13</font>
						<label>20189</label>
						<textcolor>grey2</textcolor>
						<focusedcolor>white</focusedcolor>
						<texturefocus>MenuItemFO.png</texturefocus>
						<texturenofocus>MenuItemNF.png</texturenofocus>
						<onclick>Skin.ToggleSetting(AutoScroll)</onclick>
						<selected>Skin.HasSetting(AutoScroll)</selected>
					</control>
					<control type="radiobutton" id="102">
						<width>750</width>
						<height>40</height>
						<font>font13</font>
						<label>31103</label>
						<textcolor>grey2</textcolor>
						<focusedcolor>white</focusedcolor>
						<texturefocus>MenuItemFO.png</texturefocus>
						<texturenofocus>MenuItemNF.png</texturenofocus>
						<onclick>Skin.ToggleSetting(Show_SlideShow_Paused)</onclick>
						<selected>!Skin.HasSetting(Show_SlideShow_Paused)</selected>
					</control>
					<control type="radiobutton" id="103">
						<width>750</width>
						<height>40</height>
						<font>font13</font>
						<label>31105</label>
						<textcolor>grey2</textcolor>
						<focusedcolor>white</focusedcolor>
						<texturefocus>MenuItemFO.png</texturefocus>
						<texturenofocus>MenuItemNF.png</texturenofocus>
						<onclick>Skin.ToggleSetting(No_Media_Titles_In_Scanner)</onclick>
						<selected>!Skin.HasSetting(No_Media_Titles_In_Scanner)</selected>
					</control>
					<control type="label" id="104">
						<width>750</width>
						<height>45</height>
						<font>font13caps_title</font>
						<label>20343</label>
						<textcolor>blue</textcolor>
						<shadowcolor>black</shadowcolor>
						<align>left</align>
						<aligny>center</aligny>
					</control>
					<control type="radiobutton" id="105">
						<width>750</width>
						<height>40</height>
						<font>font13</font>
						<label>31123</label>
						<textcolor>grey2</textcolor>
						<focusedcolor>white</focusedcolor>
						<texturefocus>MenuItemFO.png</texturefocus>
						<texturenofocus>MenuItemNF.png</texturenofocus>
						<onclick>Skin.ToggleSetting(TVShowsUsePosters)</onclick>
						<selected>Skin.HasSetting(TVShowsUsePosters)</selected>
					</control>
					<control type="label" id="106">
						<width>750</width>
						<height>45</height>
						<font>font13caps_title</font>
						<label>512</label>
						<textcolor>blue</textcolor>
						<shadowcolor>black</shadowcolor>
						<align>left</align>
						<aligny>center</aligny>
					</control>
					<control type="radiobutton" id="107">
						<width>750</width>
						<height>40</height>
						<font>font13</font>
						<label>21398</label>
						<textcolor>grey2</textcolor>
						<focusedcolor>white</focusedcolor>
						<texturefocus>MenuItemFO.png</texturefocus>
						<texturenofocus>MenuItemNF.png</texturenofocus>
						<onclick>Skin.ToggleSetting(Use_Startup_Playlist)</onclick>
						<selected>Skin.HasSetting(Use_Startup_Playlist)</selected>
					</control>
					<control type="button" id="108">
						<description>Startup Playlist Path</description>
						<width>750</width>
						<height>40</height>
						<font>font13</font>
						<textcolor>grey2</textcolor>
						<focusedcolor>white</focusedcolor>
						<label>15311</label>
						<label2>$INFO[Skin.String(Startup_Playlist_Path)]</label2>
						<onclick>Skin.SetFile(Startup_Playlist_Path,.m3u,t:\playlists\music\)</onclick>
						<texturefocus>MenuItemFO.png</texturefocus>
						<texturenofocus>MenuItemNF.png</texturenofocus>
						<enable>Skin.HasSetting(Use_Startup_Playlist)</enable>
					</control>
				</control>
				<control type="grouplist" id="9002">
					<visible>Container(9000).Hasfocus(2)</visible>
					<posx>290</posx>
					<posy>60</posy>
					<width>750</width>
					<height>530</height>
					<itemgap>-1</itemgap>
					<pagecontrol>60</pagecontrol>
					<onleft>9000</onleft>
					<onright>60</onright>
					<onup>9002</onup>
					<ondown>9002</ondown>
					<control type="label" id="200">
						<width>750</width>
						<height>45</height>
						<font>font13caps_title</font>
						<label>31101</label>
						<textcolor>blue</textcolor>
						<shadowcolor>black</shadowcolor>
						<align>left</align>
						<aligny>center</aligny>
					</control>
					<control type="radiobutton" id="201">
						<description>Hide Home Menu Label2</description>
						<width>750</width>
						<height>40</height>
						<font>font13</font>
						<textcolor>grey2</textcolor>
						<focusedcolor>white</focusedcolor>
						<label>31107</label>
						<onclick>Skin.ToggleSetting(HideHomeMenuLabel2)</onclick>
						<selected>Skin.HasSetting(HideHomeMenuLabel2)</selected>
						<texturefocus>MenuItemFO.png</texturefocus>
						<texturenofocus>MenuItemNF.png</texturenofocus>
					</control>
					<control type="radiobutton" id="202">
						<description>enable video info</description>
						<width>750</width>
						<height>40</height>
						<font>font13</font>
						<textcolor>grey2</textcolor>
						<focusedcolor>white</focusedcolor>
						<label>20176</label>
						<onclick>Skin.ToggleSetting(homepageVideoinfo)</onclick>
						<selected>!Skin.HasSetting(homepageVideoinfo)</selected>
						<texturefocus>MenuItemFO.png</texturefocus>
						<texturenofocus>MenuItemNF.png</texturenofocus>
					</control>
					<control type="radiobutton" id="215">
						<description>enable Video Preview info</description>
						<width>750</width>
						<height>40</height>
						<font>font13</font>
						<textcolor>grey2</textcolor>
						<focusedcolor>white</focusedcolor>
						<label> - $LOCALIZE[31124]</label>
						<onclick>Skin.ToggleSetting(BigVideoInfo)</onclick>
						<selected>Skin.HasSetting(BigVideoInfo)</selected>
						<texturefocus>MenuItemFO.png</texturefocus>
						<texturenofocus>MenuItemNF.png</texturenofocus>
						<enable>!Skin.HasSetting(homepageVideoinfo)</enable>
					</control>
					<control type="radiobutton" id="203">
						<description>enable music info</description>
						<width>750</width>
						<height>40</height>
						<font>font13</font>
						<textcolor>grey2</textcolor>
						<focusedcolor>white</focusedcolor>
						<label>20083</label>
						<onclick>Skin.ToggleSetting(homepageMusicinfo)</onclick>
						<selected>!Skin.HasSetting(homepageMusicinfo)</selected>
						<texturefocus>MenuItemFO.png</texturefocus>
						<texturenofocus>MenuItemNF.png</texturenofocus>
					</control>
					<control type="radiobutton" id="204">
						<description>enable weather info</description>
						<width>750</width>
						<height>40</height>
						<font>font13</font>
						<textcolor>grey2</textcolor>
						<focusedcolor>white</focusedcolor>
						<label>20084</label>
						<onclick>Skin.ToggleSetting(homepageWeatherinfo)</onclick>
						<selected>!Skin.HasSetting(homepageWeatherinfo)</selected>
						<texturefocus>MenuItemFO.png</texturefocus>
						<texturenofocus>MenuItemNF.png</texturenofocus>
					</control>
					<control type="radiobutton" id="205">
						<description>Show Recently added info</description>
						<width>750</width>
						<height>40</height>
						<font>font13</font>
						<textcolor>grey2</textcolor>
						<focusedcolor>white</focusedcolor>
						<label>31117</label>
						<onclick>Skin.ToggleSetting(homepageHideRecentlyAdded)</onclick>
						<selected>!Skin.HasSetting(homepageHideRecentlyAdded)</selected>
						<texturefocus>MenuItemFO.png</texturefocus>
						<texturenofocus>MenuItemNF.png</texturenofocus>
					</control>
					<control type="label" id="206">
						<width>750</width>
						<height>45</height>
						<font>font13caps_title</font>
						<label>31108</label>
						<textcolor>blue</textcolor>
						<shadowcolor>black</shadowcolor>
						<align>left</align>
						<aligny>center</aligny>
					</control>
					<control type="radiobutton" id="207">
						<description>Hide Videos Button</description>
						<width>750</width>
						<height>40</height>
						<font>font13</font>
						<textcolor>grey2</textcolor>
						<focusedcolor>white</focusedcolor>
						<label>$LOCALIZE[31111] - $LOCALIZE[3]</label>
						<onclick>Skin.ToggleSetting(HomeMenuNoVideosButton)</onclick>
						<selected>Skin.HasSetting(HomeMenuNoVideosButton)</selected>
						<texturefocus>MenuItemFO.png</texturefocus>
						<texturenofocus>MenuItemNF.png</texturenofocus>
					</control>
					<control type="radiobutton" id="217">
						<description>Hide Movies Button</description>
						<width>750</width>
						<height>40</height>
						<font>font13</font>
						<textcolor>grey2</textcolor>
						<focusedcolor>white</focusedcolor>
						<label>$LOCALIZE[31111] - $LOCALIZE[20342] [COLOR=grey3] ($LOCALIZE[20314])[/COLOR]</label>
						<onclick>Skin.ToggleSetting(HomeMenuNoMoviesButton)</onclick>
						<selected>!Skin.HasSetting(HomeMenuNoMoviesButton)</selected>
						<texturefocus>MenuItemFO.png</texturefocus>
						<texturenofocus>MenuItemNF.png</texturenofocus>
						<enable>Library.HasContent(Movies)</enable>
					</control>
					<control type="radiobutton" id="218">
						<description>Hide TV Shows Button</description>
						<width>750</width>
						<height>40</height>
						<font>font13</font>
						<textcolor>grey2</textcolor>
						<focusedcolor>white</focusedcolor>
						<label>$LOCALIZE[31111] - $LOCALIZE[20343] [COLOR=grey3] ($LOCALIZE[20314])[/COLOR]</label>
						<onclick>Skin.ToggleSetting(HomeMenuNoTVShowsButton)</onclick>
						<selected>!Skin.HasSetting(HomeMenuNoTVShowsButton)</selected>
						<texturefocus>MenuItemFO.png</texturefocus>
						<texturenofocus>MenuItemNF.png</texturenofocus>
						<enable>Library.HasContent(TVShows)</enable>
					</control>
					<control type="radiobutton" id="208">
						<description>Hide Music Button</description>
						<width>750</width>
						<height>40</height>
						<font>font13</font>
						<textcolor>grey2</textcolor>
						<focusedcolor>white</focusedcolor>
						<label>$LOCALIZE[31111] - $LOCALIZE[2]</label>
						<onclick>Skin.ToggleSetting(HomeMenuNoMusicButton)</onclick>
						<selected>Skin.HasSetting(HomeMenuNoMusicButton)</selected>
						<texturefocus>MenuItemFO.png</texturefocus>
						<texturenofocus>MenuItemNF.png</texturenofocus>
					</control>
					<control type="radiobutton" id="209">
						<description>Hide Pictures Button</description>
						<width>750</width>
						<height>40</height>
						<font>font13</font>
						<textcolor>grey2</textcolor>
						<focusedcolor>white</focusedcolor>
						<label>$LOCALIZE[31111] - $LOCALIZE[1]</label>
						<onclick>Skin.ToggleSetting(HomeMenuNoPicturesButton)</onclick>
						<selected>Skin.HasSetting(HomeMenuNoPicturesButton)</selected>
						<texturefocus>MenuItemFO.png</texturefocus>
						<texturenofocus>MenuItemNF.png</texturenofocus>
					</control>
					<control type="radiobutton" id="210">
						<description>Hide Programs Button</description>
						<width>750</width>
						<height>40</height>
						<font>font13</font>
						<textcolor>grey2</textcolor>
						<focusedcolor>white</focusedcolor>
						<label>$LOCALIZE[31111] - $LOCALIZE[0]</label>
						<onclick>Skin.ToggleSetting(HomeMenuNoProgramsButton)</onclick>
						<selected>Skin.HasSetting(HomeMenuNoProgramsButton)</selected>
						<texturefocus>MenuItemFO.png</texturefocus>
						<texturenofocus>MenuItemNF.png</texturenofocus>
					</control>
					<control type="radiobutton" id="211">
						<description>Hide Scripts Button</description>
						<width>750</width>
						<height>40</height>
						<font>font13</font>
						<textcolor>grey2</textcolor>
						<focusedcolor>white</focusedcolor>
						<label>$LOCALIZE[31111] - $LOCALIZE[247]</label>
						<onclick>Skin.ToggleSetting(HomeMenuNoScriptsButton)</onclick>
						<selected>Skin.HasSetting(HomeMenuNoScriptsButton)</selected>
						<texturefocus>MenuItemFO.png</texturefocus>
						<texturenofocus>MenuItemNF.png</texturenofocus>
					</control>
					<control type="radiobutton" id="212">
						<description>Hide Weather Button</description>
						<width>750</width>
						<height>40</height>
						<font>font13</font>
						<textcolor>grey2</textcolor>
						<focusedcolor>white</focusedcolor>
						<label>$LOCALIZE[31111] - $LOCALIZE[8]</label>
						<onclick>Skin.ToggleSetting(HomeMenuNoWeatherButton)</onclick>
						<selected>Skin.HasSetting(HomeMenuNoWeatherButton)</selected>
						<texturefocus>MenuItemFO.png</texturefocus>
						<texturenofocus>MenuItemNF.png</texturenofocus>
					</control>
					<control type="radiobutton" id="213">
						<description>Hide Shutdown Button</description>
						<width>750</width>
						<height>40</height>
						<font>font13</font>
						<textcolor>grey2</textcolor>
						<focusedcolor>white</focusedcolor>
						<label>$LOCALIZE[31111] - $LOCALIZE[31008]</label>
						<onclick>Skin.ToggleSetting(HomeMenuNoShutdownButton)</onclick>
						<selected>Skin.HasSetting(HomeMenuNoShutdownButton)</selected>
						<texturefocus>MenuItemFO.png</texturefocus>
						<texturenofocus>MenuItemNF.png</texturenofocus>
					</control>
					<control type="radiobutton" id="214">
						<description>Hide Disc Drive Button</description>
						<width>750</width>
						<height>40</height>
						<font>font13</font>
						<textcolor>grey2</textcolor>
						<focusedcolor>white</focusedcolor>
						<label>$LOCALIZE[31111] - $LOCALIZE[31011]</label>
						<onclick>Skin.ToggleSetting(HomeMenuNoDiscDriveButton)</onclick>
						<selected>Skin.HasSetting(HomeMenuNoDiscDriveButton)</selected>
						<texturefocus>MenuItemFO.png</texturefocus>
						<texturenofocus>MenuItemNF.png</texturenofocus>
					</control>
					<control type="radiobutton" id="216">
						<description>Hide Disc Drive Button If No Media</description>
						<width>750</width>
						<height>40</height>
						<font>font13</font>
						<textcolor>grey2</textcolor>
						<focusedcolor>white</focusedcolor>
						<label> - $LOCALIZE[31125]</label>
						<onclick>Skin.ToggleSetting(HomeDiscDriveButtonDiscOnly)</onclick>
						<selected>Skin.HasSetting(HomeDiscDriveButtonDiscOnly)</selected>
						<texturefocus>MenuItemFO.png</texturefocus>
						<texturenofocus>MenuItemNF.png</texturenofocus>
						<enable>!Skin.HasSetting(HomeMenuNoDiscDriveButton)</enable>
					</control>
				</control>
				<control type="scrollbar" id="60">
					<posx>1060</posx>
					<posy>60</posy>
					<width>25</width>
					<height>530</height>
					<texturesliderbackground border="0,14,0,14">ScrollBarV.png</texturesliderbackground>
					<texturesliderbar border="0,14,0,14">ScrollBarV_bar.png</texturesliderbar>
					<texturesliderbarfocus border="0,14,0,14">ScrollBarV_bar_focus.png</texturesliderbarfocus>
					<textureslidernib>ScrollBarNib.png</textureslidernib>
					<textureslidernibfocus>ScrollBarNib.png</textureslidernibfocus>
					<onleft>9002</onleft>
					<onright>9000</onright>
					<showonepage>false</showonepage>
					<orientation>vertical</orientation>
					<visible>Container(9000).Hasfocus(2)</visible>
				</control>
				<control type="group">
					<posx>290</posx>
					<posy>60</posy>
					<visible>Container(9000).Hasfocus(3)</visible>
					<control type="label">
						<posx>0</posx>
						<posy>0</posy>
						<width>680</width>
						<height>45</height>
						<font>font13caps_title</font>
						<label>31109</label>
						<textcolor>blue</textcolor>
						<shadowcolor>black</shadowcolor>
						<align>left</align>
						<aligny>center</aligny>
					</control>
					<control type="button" id="304">
						<description>Menu Item Next Button</description>
						<posx>670</posx>
						<posy>53</posy>
						<width>33</width>
						<height>22</height>
						<label>-</label>
						<font>-</font>
						<texturenofocus>scroll-down-2.png</texturenofocus>
						<texturefocus>scroll-down-focus-2.png</texturefocus>
						<onclick>Control.Move(9003,1)</onclick>
						<onleft>9000</onleft>
						<onright>305</onright>
						<onup>300</onup>
						<ondown>300</ondown>
					</control>
					<control type="button" id="305">
						<description>Menu Item Prev Button</description>
						<posx>703</posx>
						<posy>53</posy>
						<width>33</width>
						<height>22</height>
						<label>-</label>
						<font>-</font>
						<texturenofocus>scroll-up-2.png</texturenofocus>
						<texturefocus>scroll-up-focus-2.png</texturefocus>
						<onclick>Control.Move(9003,-1)</onclick>
						<onleft>304</onleft>
						<onright>9000</onright>
						<onup>300</onup>
						<ondown>300</ondown>
					</control>
					<control type="list" id="9003">
						<posx>0</posx>
						<posy>45</posy>
						<width>750</width>
						<height>40</height>
						<onleft>9000</onleft>
						<onright>300</onright>
						<onup>9003</onup>
						<ondown>9003</ondown>
						<pagecontrol>-</pagecontrol>
						<scrolltime>0</scrolltime>
						<itemlayout height="1" width="750">
						</itemlayout>
						<focusedlayout height="40" width="750">
							<control type="image">
								<posx>0</posx>
								<posy>0</posy>
								<width>750</width>
								<height>40</height>
								<texture>MenuItemNF.png</texture>
								<visible>![Control.HasFocus(304) | Control.HasFocus(305)]</visible>
							</control>
							<control type="image">
								<posx>0</posx>
								<posy>0</posy>
								<width>750</width>
								<height>40</height>
								<texture>MenuItemFO.png</texture>
								<visible>[Control.HasFocus(304) | Control.HasFocus(305)]</visible>
							</control>
							<control type="label">
								<posx>10</posx>
								<posy>0</posy>
								<width>600</width>
								<height>40</height>
								<font>font13</font>
								<textcolor>grey2</textcolor>
								<align>left</align>
								<aligny>center</aligny>
								<label>$LOCALIZE[31110]</label>
								<visible>![Control.HasFocus(304) | Control.HasFocus(305)]</visible>
							</control>
							<control type="label">
								<posx>10</posx>
								<posy>0</posy>
								<width>600</width>
								<height>40</height>
								<font>font13</font>
								<textcolor>white</textcolor>
								<align>left</align>
								<aligny>center</aligny>
								<label>$LOCALIZE[31110]</label>
								<visible>[Control.HasFocus(304) | Control.HasFocus(305)]</visible>
							</control>
							<control type="label">
								<posx>650</posx>
								<posy>0</posy>
								<width>640</width>
								<height>40</height>
								<font>font13</font>
								<textcolor>grey2</textcolor>
								<align>right</align>
								<aligny>center</aligny>
								<label>$INFO[ListItem.Label]</label>
								<visible>![Control.HasFocus(304) | Control.HasFocus(305)]</visible>
							</control>
							<control type="label">
								<posx>650</posx>
								<posy>0</posy>
								<width>640</width>
								<height>40</height>
								<font>font13</font>
								<textcolor>white</textcolor>
								<align>right</align>
								<aligny>center</aligny>
								<label>$INFO[ListItem.Label]</label>
								<visible>[Control.HasFocus(304) | Control.HasFocus(305)]</visible>
							</control>
						</focusedlayout>
						<content>
							<item id="1">
								<label>3</label>
								<onclick>-</onclick>
								<icon>special://skin/backgrounds/videos.jpg</icon>
								<thumb>$INFO[Skin.String(Home_Custom_Back_Video_Folder)]</thumb>
							</item>
							<item id="10">
								<label>20342</label>
								<onclick>-</onclick>
								<icon>special://skin/backgrounds/videos.jpg</icon>
								<thumb>$INFO[Skin.String(Home_Custom_Back_Movies_Folder)]</thumb>
								<visible>Skin.HasSetting(HomeMenuNoMoviesButton) + Library.HasContent(Movies)</visible>
							</item>
							<item id="11">
								<label>20343</label>
								<onclick>-</onclick>
								<icon>special://skin/backgrounds/videos.jpg</icon>
								<thumb>$INFO[Skin.String(Home_Custom_Back_TVShow_Folder)]</thumb>
								<visible>Skin.HasSetting(HomeMenuNoTVShowsButton) + Library.HasContent(TVShows)</visible>
							</item>
							<item id="2">
								<label>2</label>
								<onclick>-</onclick>
								<icon>special://skin/backgrounds/music.jpg</icon>
								<thumb>$INFO[Skin.String(Home_Custom_Back_Music_Folder)]</thumb>
							</item>
							<item id="3">
								<label>1</label>
								<onclick>-</onclick>
								<icon>special://skin/backgrounds/pictures.jpg</icon>
								<thumb>$INFO[Skin.String(Home_Custom_Back_Pictures_Folder)]</thumb>
							</item>
							<item id="4">
								<label>0</label>
								<onclick>-</onclick>
								<icon>special://skin/backgrounds/programs.jpg</icon>
								<thumb>$INFO[Skin.String(Home_Custom_Back_Programs_Folder)]</thumb>
							</item>
							<item id="5">
								<label>8</label>
								<onclick>-</onclick>
								<icon>special://skin/backgrounds/weather.jpg</icon>
								<thumb>$INFO[Skin.String(Home_Custom_Back_Weather_Folder)]</thumb>
							</item>
							<item id="6">
								<label>247</label>
								<onclick>-</onclick>
								<icon>special://skin/backgrounds/scripts.jpg</icon>
								<thumb>$INFO[Skin.String(Home_Custom_Back_Scripts_Folder)]</thumb>
							</item>
							<item id="7">
								<label>5</label>
								<onclick>-</onclick>
								<icon>special://skin/backgrounds/settings.jpg</icon>
								<thumb>$INFO[Skin.String(Home_Custom_Back_Settings_Folder)]</thumb>
							</item>
							<item id="8">
								<label>31011</label>
								<onclick>-</onclick>
								<icon>special://skin/backgrounds/playdisc.jpg</icon>
								<thumb>$INFO[Skin.String(Home_Custom_Back_PlayDisc_Folder)]</thumb>
							</item>
							<item id="9">
								<label>31008</label>
								<onclick>-</onclick>
								<icon>special://skin/backgrounds/shutdown.jpg</icon>
								<thumb>$INFO[Skin.String(Home_Custom_Back_Shutdown_Folder)]</thumb>
							</item>
						</content>
					</control>
					<control type="image">
						<posx>85</posx>
						<posy>100</posy>
						<width>580</width>
						<height>435</height>
						<texture>black-back.png</texture>
					</control>
					<control type="group">
						<posx>95</posx>
						<posy>110</posy>
						<control type="group">
							<visible>Container(9003).HasFocus(1)</visible>
							<control type="button" id="300">
								<description>Single Image button</description>
								<posx>5</posx>
								<posy>0</posy>
								<width>180</width>
								<height>40</height>
								<label>31113</label>
								<font>font12caps_title</font>
								<textcolor>grey2</textcolor>
								<focusedcolor>white</focusedcolor>
								<align>center</align>
								<texturenofocus border="5">button-nofocus.png</texturenofocus>
								<texturefocus border="5">button-focus.png</texturefocus>
								<onclick>Skin.SetImage(Home_Custom_Back_Video_Folder)</onclick>
								<onleft>302</onleft>
								<onright>301</onright>
								<onup>304</onup>
								<ondown>304</ondown>
							</control>
							<control type="button" id="301">
								<description>Multi Image button</description>
								<posx>190</posx>
								<posy>0</posy>
								<width>180</width>
								<height>40</height>
								<label>31114</label>
								<font>font12caps_title</font>
								<textcolor>grey2</textcolor>
								<focusedcolor>white</focusedcolor>
								<align>center</align>
								<texturenofocus border="5">button-nofocus.png</texturenofocus>
								<texturefocus border="5">button-focus.png</texturefocus>
								<onclick>Skin.SetPath(Home_Custom_Back_Video_Folder)</onclick>
								<onleft>300</onleft>
								<onright>302</onright>
								<onup>304</onup>
								<ondown>304</ondown>
							</control>
							<control type="button" id="302">
								<description>Default Image button</description>
								<posx>375</posx>
								<posy>0</posy>
								<width>180</width>
								<height>40</height>
								<label>571</label>
								<font>font12caps_title</font>
								<textcolor>grey2</textcolor>
								<focusedcolor>white</focusedcolor>
								<align>center</align>
								<texturenofocus border="5">button-nofocus.png</texturenofocus>
								<texturefocus border="5">button-focus.png</texturefocus>
								<onclick>Skin.Reset(Home_Custom_Back_Video_Folder)</onclick>
								<onleft>301</onleft>
								<onright>300</onright>
								<onup>304</onup>
								<ondown>304</ondown>
							</control>
						</control>
						<control type="group">
							<visible>Container(9003).HasFocus(2)</visible>
							<control type="button" id="300">
								<description>Single Image button</description>
								<posx>5</posx>
								<posy>0</posy>
								<width>180</width>
								<height>40</height>
								<label>31113</label>
								<font>font12caps_title</font>
								<textcolor>grey2</textcolor>
								<focusedcolor>white</focusedcolor>
								<align>center</align>
								<texturenofocus border="5">button-nofocus.png</texturenofocus>
								<texturefocus border="5">button-focus.png</texturefocus>
								<onclick>Skin.SetImage(Home_Custom_Back_Music_Folder)</onclick>
								<onleft>302</onleft>
								<onright>301</onright>
								<onup>304</onup>
								<ondown>304</ondown>
							</control>
							<control type="button" id="301">
								<description>Multi Image button</description>
								<posx>190</posx>
								<posy>0</posy>
								<width>180</width>
								<height>40</height>
								<label>31114</label>
								<font>font12caps_title</font>
								<textcolor>grey2</textcolor>
								<focusedcolor>white</focusedcolor>
								<align>center</align>
								<texturenofocus border="5">button-nofocus.png</texturenofocus>
								<texturefocus border="5">button-focus.png</texturefocus>
								<onclick>Skin.SetPath(Home_Custom_Back_Music_Folder)</onclick>
								<onleft>300</onleft>
								<onright>302</onright>
								<onup>304</onup>
								<ondown>304</ondown>
							</control>
							<control type="button" id="302">
								<description>Default Image button</description>
								<posx>375</posx>
								<posy>0</posy>
								<width>180</width>
								<height>40</height>
								<label>571</label>
								<font>font12caps_title</font>
								<textcolor>grey2</textcolor>
								<focusedcolor>white</focusedcolor>
								<align>center</align>
								<texturenofocus border="5">button-nofocus.png</texturenofocus>
								<texturefocus border="5">button-focus.png</texturefocus>
								<onclick>Skin.Reset(Home_Custom_Back_Music_Folder)</onclick>
								<onleft>301</onleft>
								<onright>300</onright>
								<onup>304</onup>
								<ondown>304</ondown>
							</control>
						</control>
						<control type="group">
							<visible>Container(9003).HasFocus(3)</visible>
							<control type="button" id="300">
								<description>Single Image button</description>
								<posx>5</posx>
								<posy>0</posy>
								<width>180</width>
								<height>40</height>
								<label>31113</label>
								<font>font12caps_title</font>
								<textcolor>grey2</textcolor>
								<focusedcolor>white</focusedcolor>
								<align>center</align>
								<texturenofocus border="5">button-nofocus.png</texturenofocus>
								<texturefocus border="5">button-focus.png</texturefocus>
								<onclick>Skin.SetImage(Home_Custom_Back_Pictures_Folder)</onclick>
								<onleft>302</onleft>
								<onright>301</onright>
								<onup>304</onup>
								<ondown>304</ondown>
							</control>
							<control type="button" id="301">
								<description>Multi Image button</description>
								<posx>190</posx>
								<posy>0</posy>
								<width>180</width>
								<height>40</height>
								<label>31114</label>
								<font>font12caps_title</font>
								<textcolor>grey2</textcolor>
								<focusedcolor>white</focusedcolor>
								<align>center</align>
								<texturenofocus border="5">button-nofocus.png</texturenofocus>
								<texturefocus border="5">button-focus.png</texturefocus>
								<onclick>Skin.SetPath(Home_Custom_Back_Pictures_Folder)</onclick>
								<onleft>300</onleft>
								<onright>302</onright>
								<onup>304</onup>
								<ondown>304</ondown>
							</control>
							<control type="button" id="302">
								<description>Default Image button</description>
								<posx>375</posx>
								<posy>0</posy>
								<width>180</width>
								<height>40</height>
								<label>571</label>
								<font>font12caps_title</font>
								<textcolor>grey2</textcolor>
								<focusedcolor>white</focusedcolor>
								<align>center</align>
								<texturenofocus border="5">button-nofocus.png</texturenofocus>
								<texturefocus border="5">button-focus.png</texturefocus>
								<onclick>Skin.Reset(Home_Custom_Back_Pictures_Folder)</onclick>
								<onleft>301</onleft>
								<onright>300</onright>
								<onup>304</onup>
								<ondown>304</ondown>
							</control>
						</control>
						<control type="group">
							<visible>Container(9003).HasFocus(4)</visible>
							<control type="button" id="300">
								<description>Single Image button</description>
								<posx>5</posx>
								<posy>0</posy>
								<width>180</width>
								<height>40</height>
								<label>31113</label>
								<font>font12caps_title</font>
								<textcolor>grey2</textcolor>
								<focusedcolor>white</focusedcolor>
								<align>center</align>
								<texturenofocus border="5">button-nofocus.png</texturenofocus>
								<texturefocus border="5">button-focus.png</texturefocus>
								<onclick>Skin.SetImage(Home_Custom_Back_Programs_Folder)</onclick>
								<onleft>302</onleft>
								<onright>301</onright>
								<onup>304</onup>
								<ondown>304</ondown>
							</control>
							<control type="button" id="301">
								<description>Multi Image button</description>
								<posx>190</posx>
								<posy>0</posy>
								<width>180</width>
								<height>40</height>
								<label>31114</label>
								<font>font12caps_title</font>
								<textcolor>grey2</textcolor>
								<focusedcolor>white</focusedcolor>
								<align>center</align>
								<texturenofocus border="5">button-nofocus.png</texturenofocus>
								<texturefocus border="5">button-focus.png</texturefocus>
								<onclick>Skin.SetPath(Home_Custom_Back_Programs_Folder)</onclick>
								<onleft>300</onleft>
								<onright>302</onright>
								<onup>304</onup>
								<ondown>304</ondown>
							</control>
							<control type="button" id="302">
								<description>Default Image button</description>
								<posx>375</posx>
								<posy>0</posy>
								<width>180</width>
								<height>40</height>
								<label>571</label>
								<font>font12caps_title</font>
								<textcolor>grey2</textcolor>
								<focusedcolor>white</focusedcolor>
								<align>center</align>
								<texturenofocus border="5">button-nofocus.png</texturenofocus>
								<texturefocus border="5">button-focus.png</texturefocus>
								<onclick>Skin.Reset(Home_Custom_Back_Programs_Folder)</onclick>
								<onleft>301</onleft>
								<onright>300</onright>
								<onup>304</onup>
								<ondown>304</ondown>
							</control>
						</control>
						<control type="group">
							<visible>Container(9003).HasFocus(5)</visible>
							<control type="button" id="300">
								<description>Single Image button</description>
								<posx>5</posx>
								<posy>0</posy>
								<width>180</width>
								<height>40</height>
								<label>31113</label>
								<font>font12caps_title</font>
								<textcolor>grey2</textcolor>
								<focusedcolor>white</focusedcolor>
								<align>center</align>
								<texturenofocus border="5">button-nofocus.png</texturenofocus>
								<texturefocus border="5">button-focus.png</texturefocus>
								<onclick>Skin.SetImage(Home_Custom_Back_Weather_Folder)</onclick>
								<onleft>302</onleft>
								<onright>301</onright>
								<onup>304</onup>
								<ondown>304</ondown>
							</control>
							<control type="button" id="301">
								<description>Multi Image button</description>
								<posx>190</posx>
								<posy>0</posy>
								<width>180</width>
								<height>40</height>
								<label>31114</label>
								<font>font12caps_title</font>
								<textcolor>grey2</textcolor>
								<focusedcolor>white</focusedcolor>
								<align>center</align>
								<texturenofocus border="5">button-nofocus.png</texturenofocus>
								<texturefocus border="5">button-focus.png</texturefocus>
								<onclick>Skin.SetPath(Home_Custom_Back_Weather_Folder)</onclick>
								<onleft>300</onleft>
								<onright>302</onright>
								<onup>304</onup>
								<ondown>304</ondown>
							</control>
							<control type="button" id="302">
								<description>Default Image button</description>
								<posx>375</posx>
								<posy>0</posy>
								<width>180</width>
								<height>40</height>
								<label>571</label>
								<font>font12caps_title</font>
								<textcolor>grey2</textcolor>
								<focusedcolor>white</focusedcolor>
								<align>center</align>
								<texturenofocus border="5">button-nofocus.png</texturenofocus>
								<texturefocus border="5">button-focus.png</texturefocus>
								<onclick>Skin.Reset(Home_Custom_Back_Weather_Folder)</onclick>
								<onleft>301</onleft>
								<onright>300</onright>
								<onup>304</onup>
								<ondown>304</ondown>
							</control>
						</control>
						<control type="group">
							<visible>Container(9003).HasFocus(6)</visible>
							<control type="button" id="300">
								<description>Single Image button</description>
								<posx>5</posx>
								<posy>0</posy>
								<width>180</width>
								<height>40</height>
								<label>31113</label>
								<font>font12caps_title</font>
								<textcolor>grey2</textcolor>
								<focusedcolor>white</focusedcolor>
								<align>center</align>
								<texturenofocus border="5">button-nofocus.png</texturenofocus>
								<texturefocus border="5">button-focus.png</texturefocus>
								<onclick>Skin.SetImage(Home_Custom_Back_Scripts_Folder)</onclick>
								<onleft>302</onleft>
								<onright>301</onright>
								<onup>304</onup>
								<ondown>304</ondown>
							</control>
							<control type="button" id="301">
								<description>Multi Image button</description>
								<posx>190</posx>
								<posy>0</posy>
								<width>180</width>
								<height>40</height>
								<label>31114</label>
								<font>font12caps_title</font>
								<textcolor>grey2</textcolor>
								<focusedcolor>white</focusedcolor>
								<align>center</align>
								<texturenofocus border="5">button-nofocus.png</texturenofocus>
								<texturefocus border="5">button-focus.png</texturefocus>
								<onclick>Skin.SetPath(Home_Custom_Back_Scripts_Folder)</onclick>
								<onleft>300</onleft>
								<onright>302</onright>
								<onup>304</onup>
								<ondown>304</ondown>
							</control>
							<control type="button" id="302">
								<description>Default Image button</description>
								<posx>375</posx>
								<posy>0</posy>
								<width>180</width>
								<height>40</height>
								<label>571</label>
								<font>font12caps_title</font>
								<textcolor>grey2</textcolor>
								<focusedcolor>white</focusedcolor>
								<align>center</align>
								<texturenofocus border="5">button-nofocus.png</texturenofocus>
								<texturefocus border="5">button-focus.png</texturefocus>
								<onclick>Skin.Reset(Home_Custom_Back_Scripts_Folder)</onclick>
								<onleft>301</onleft>
								<onright>300</onright>
								<onup>304</onup>
								<ondown>304</ondown>
							</control>
						</control>
						<control type="group">
							<visible>Container(9003).HasFocus(7)</visible>
							<control type="button" id="300">
								<description>Single Image button</description>
								<posx>5</posx>
								<posy>0</posy>
								<width>180</width>
								<height>40</height>
								<label>31113</label>
								<font>font12caps_title</font>
								<textcolor>grey2</textcolor>
								<focusedcolor>white</focusedcolor>
								<align>center</align>
								<texturenofocus border="5">button-nofocus.png</texturenofocus>
								<texturefocus border="5">button-focus.png</texturefocus>
								<onclick>Skin.SetImage(Home_Custom_Back_Settings_Folder)</onclick>
								<onleft>302</onleft>
								<onright>301</onright>
								<onup>304</onup>
								<ondown>304</ondown>
							</control>
							<control type="button" id="301">
								<description>Multi Image button</description>
								<posx>190</posx>
								<posy>0</posy>
								<width>180</width>
								<height>40</height>
								<label>31114</label>
								<font>font12caps_title</font>
								<textcolor>grey2</textcolor>
								<focusedcolor>white</focusedcolor>
								<align>center</align>
								<texturenofocus border="5">button-nofocus.png</texturenofocus>
								<texturefocus border="5">button-focus.png</texturefocus>
								<onclick>Skin.SetPath(Home_Custom_Back_Settings_Folder)</onclick>
								<onleft>300</onleft>
								<onright>302</onright>
								<onup>304</onup>
								<ondown>304</ondown>
							</control>
							<control type="button" id="302">
								<description>Default Image button</description>
								<posx>375</posx>
								<posy>0</posy>
								<width>180</width>
								<height>40</height>
								<label>571</label>
								<font>font12caps_title</font>
								<textcolor>grey2</textcolor>
								<focusedcolor>white</focusedcolor>
								<align>center</align>
								<texturenofocus border="5">button-nofocus.png</texturenofocus>
								<texturefocus border="5">button-focus.png</texturefocus>
								<onclick>Skin.Reset(Home_Custom_Back_Settings_Folder)</onclick>
								<onleft>301</onleft>
								<onright>300</onright>
								<onup>304</onup>
								<ondown>304</ondown>
							</control>
						</control>
						<control type="group">
							<visible>Container(9003).HasFocus(8)</visible>
							<control type="button" id="300">
								<description>Single Image button</description>
								<posx>5</posx>
								<posy>0</posy>
								<width>180</width>
								<height>40</height>
								<label>31113</label>
								<font>font12caps_title</font>
								<textcolor>grey2</textcolor>
								<focusedcolor>white</focusedcolor>
								<align>center</align>
								<texturenofocus border="5">button-nofocus.png</texturenofocus>
								<texturefocus border="5">button-focus.png</texturefocus>
								<onclick>Skin.SetImage(Home_Custom_Back_PlayDisc_Folder)</onclick>
								<onleft>302</onleft>
								<onright>301</onright>
								<onup>304</onup>
								<ondown>304</ondown>
							</control>
							<control type="button" id="301">
								<description>Multi Image button</description>
								<posx>190</posx>
								<posy>0</posy>
								<width>180</width>
								<height>40</height>
								<label>31114</label>
								<font>font12caps_title</font>
								<textcolor>grey2</textcolor>
								<focusedcolor>white</focusedcolor>
								<align>center</align>
								<texturenofocus border="5">button-nofocus.png</texturenofocus>
								<texturefocus border="5">button-focus.png</texturefocus>
								<onclick>Skin.SetPath(Home_Custom_Back_PlayDisc_Folder)</onclick>
								<onleft>300</onleft>
								<onright>302</onright>
								<onup>304</onup>
								<ondown>304</ondown>
							</control>
							<control type="button" id="302">
								<description>Default Image button</description>
								<posx>375</posx>
								<posy>0</posy>
								<width>180</width>
								<height>40</height>
								<label>571</label>
								<font>font12caps_title</font>
								<textcolor>grey2</textcolor>
								<focusedcolor>white</focusedcolor>
								<align>center</align>
								<texturenofocus border="5">button-nofocus.png</texturenofocus>
								<texturefocus border="5">button-focus.png</texturefocus>
								<onclick>Skin.Reset(Home_Custom_Back_PlayDisc_Folder)</onclick>
								<onleft>301</onleft>
								<onright>300</onright>
								<onup>304</onup>
								<ondown>304</ondown>
							</control>
						</control>
						<control type="group">
							<visible>Container(9003).HasFocus(9)</visible>
							<control type="button" id="300">
								<description>Single Image button</description>
								<posx>5</posx>
								<posy>0</posy>
								<width>180</width>
								<height>40</height>
								<label>31113</label>
								<font>font12caps_title</font>
								<textcolor>grey2</textcolor>
								<focusedcolor>white</focusedcolor>
								<align>center</align>
								<texturenofocus border="5">button-nofocus.png</texturenofocus>
								<texturefocus border="5">button-focus.png</texturefocus>
								<onclick>Skin.SetImage(Home_Custom_Back_Shutdown_Folder)</onclick>
								<onleft>302</onleft>
								<onright>301</onright>
								<onup>304</onup>
								<ondown>304</ondown>
							</control>
							<control type="button" id="301">
								<description>Multi Image button</description>
								<posx>190</posx>
								<posy>0</posy>
								<width>180</width>
								<height>40</height>
								<label>31114</label>
								<font>font12caps_title</font>
								<textcolor>grey2</textcolor>
								<focusedcolor>white</focusedcolor>
								<align>center</align>
								<texturenofocus border="5">button-nofocus.png</texturenofocus>
								<texturefocus border="5">button-focus.png</texturefocus>
								<onclick>Skin.SetPath(Home_Custom_Back_Shutdown_Folder)</onclick>
								<onleft>300</onleft>
								<onright>302</onright>
								<onup>304</onup>
								<ondown>304</ondown>
							</control>
							<control type="button" id="302">
								<description>Default Image button</description>
								<posx>375</posx>
								<posy>0</posy>
								<width>180</width>
								<height>40</height>
								<label>571</label>
								<font>font12caps_title</font>
								<textcolor>grey2</textcolor>
								<focusedcolor>white</focusedcolor>
								<align>center</align>
								<texturenofocus border="5">button-nofocus.png</texturenofocus>
								<texturefocus border="5">button-focus.png</texturefocus>
								<onclick>Skin.Reset(Home_Custom_Back_Shutdown_Folder)</onclick>
								<onleft>301</onleft>
								<onright>300</onright>
								<onup>304</onup>
								<ondown>304</ondown>
							</control>
						</control>
						<control type="group">
							<visible>Container(9003).HasFocus(10)</visible>
							<control type="button" id="300">
								<description>Single Image button</description>
								<posx>5</posx>
								<posy>0</posy>
								<width>180</width>
								<height>40</height>
								<label>31113</label>
								<font>font12caps_title</font>
								<textcolor>grey2</textcolor>
								<focusedcolor>white</focusedcolor>
								<align>center</align>
								<texturenofocus border="5">button-nofocus.png</texturenofocus>
								<texturefocus border="5">button-focus.png</texturefocus>
								<onclick>Skin.SetImage(Home_Custom_Back_Movies_Folder)</onclick>
								<onleft>302</onleft>
								<onright>301</onright>
								<onup>304</onup>
								<ondown>304</ondown>
							</control>
							<control type="button" id="301">
								<description>Multi Image button</description>
								<posx>190</posx>
								<posy>0</posy>
								<width>180</width>
								<height>40</height>
								<label>31114</label>
								<font>font12caps_title</font>
								<textcolor>grey2</textcolor>
								<focusedcolor>white</focusedcolor>
								<align>center</align>
								<texturenofocus border="5">button-nofocus.png</texturenofocus>
								<texturefocus border="5">button-focus.png</texturefocus>
								<onclick>Skin.SetPath(Home_Custom_Back_Movies_Folder)</onclick>
								<onleft>300</onleft>
								<onright>302</onright>
								<onup>304</onup>
								<ondown>304</ondown>
							</control>
							<control type="button" id="302">
								<description>Default Image button</description>
								<posx>375</posx>
								<posy>0</posy>
								<width>180</width>
								<height>40</height>
								<label>571</label>
								<font>font12caps_title</font>
								<textcolor>grey2</textcolor>
								<focusedcolor>white</focusedcolor>
								<align>center</align>
								<texturenofocus border="5">button-nofocus.png</texturenofocus>
								<texturefocus border="5">button-focus.png</texturefocus>
								<onclick>Skin.Reset(Home_Custom_Back_Movies_Folder)</onclick>
								<onleft>301</onleft>
								<onright>300</onright>
								<onup>304</onup>
								<ondown>304</ondown>
							</control>
						</control>
						<control type="group">
							<visible>Container(9003).HasFocus(11)</visible>
							<control type="button" id="300">
								<description>Single Image button</description>
								<posx>5</posx>
								<posy>0</posy>
								<width>180</width>
								<height>40</height>
								<label>31113</label>
								<font>font12caps_title</font>
								<textcolor>grey2</textcolor>
								<focusedcolor>white</focusedcolor>
								<align>center</align>
								<texturenofocus border="5">button-nofocus.png</texturenofocus>
								<texturefocus border="5">button-focus.png</texturefocus>
								<onclick>Skin.SetImage(Home_Custom_Back_TVShow_Folder)</onclick>
								<onleft>302</onleft>
								<onright>301</onright>
								<onup>304</onup>
								<ondown>304</ondown>
							</control>
							<control type="button" id="301">
								<description>Multi Image button</description>
								<posx>190</posx>
								<posy>0</posy>
								<width>180</width>
								<height>40</height>
								<label>31114</label>
								<font>font12caps_title</font>
								<textcolor>grey2</textcolor>
								<focusedcolor>white</focusedcolor>
								<align>center</align>
								<texturenofocus border="5">button-nofocus.png</texturenofocus>
								<texturefocus border="5">button-focus.png</texturefocus>
								<onclick>Skin.SetPath(Home_Custom_Back_TVShow_Folder)</onclick>
								<onleft>300</onleft>
								<onright>302</onright>
								<onup>304</onup>
								<ondown>304</ondown>
							</control>
							<control type="button" id="302">
								<description>Default Image button</description>
								<posx>375</posx>
								<posy>0</posy>
								<width>180</width>
								<height>40</height>
								<label>571</label>
								<font>font12caps_title</font>
								<textcolor>grey2</textcolor>
								<focusedcolor>white</focusedcolor>
								<align>center</align>
								<texturenofocus border="5">button-nofocus.png</texturenofocus>
								<texturefocus border="5">button-focus.png</texturefocus>
								<onclick>Skin.Reset(Home_Custom_Back_TVShow_Folder)</onclick>
								<onleft>301</onleft>
								<onright>300</onright>
								<onup>304</onup>
								<ondown>304</ondown>
							</control>
						</control>
					</control>
					<control type="multiimage">
						<posx>95</posx>
						<posy>160</posy>
						<width>560</width>
						<height>335</height>
						<imagepath background="true">$INFO[Container(9003).ListItem.Icon]</imagepath>
						<timeperimage>6000</timeperimage>
						<randomize>true</randomize>
						<fadetime>500</fadetime>
					</control>
					<control type="label">
						<posx>95</posx>
						<posy>505</posy>
						<width>560</width>
						<height>20</height>
						<align>center</align>
						<aligny>center</aligny>
						<font>font11</font>
						<haspath>yes</haspath>
						<label fallback="571">$INFO[Container(9003).ListItem.Thumb]</label>
						<textcolor>white</textcolor>
					</control>
				</control>
				<control type="group">
					<control type="grouplist" id="9004">
						<visible>Container(9000).Hasfocus(4)</visible>
						<posx>290</posx>
						<posy>60</posy>
						<width>750</width>
						<height>530</height>
						<itemgap>-1</itemgap>
						<pagecontrol>61</pagecontrol>
						<onleft>9000</onleft>
						<onright>61</onright>
						<onup>9004</onup>
						<ondown>9004</ondown>
						<control type="label" id="400">
							<width>750</width>
							<height>45</height>
							<font>font13caps_title</font>
							<label>31118</label>
							<textcolor>blue</textcolor>
							<shadowcolor>black</shadowcolor>
							<align>left</align>
							<aligny>center</aligny>
						</control>

						<control type="radiobutton" id="401">
							<width>750</width>
							<height>40</height>
							<font>font13</font>
							<label>$LOCALIZE[31119] [B]1[/B]</label>
							<textcolor>grey2</textcolor>
							<focusedcolor>white</focusedcolor>
							<texturefocus>MenuItemFO.png</texturefocus>
							<texturenofocus>MenuItemNF.png</texturenofocus>
							<onclick>Skin.ToggleSetting(HomeScriptButton1)</onclick>
							<selected>Skin.HasSetting(HomeScriptButton1)</selected>
						</control>
						<control type="button" id="402">
							<width>750</width>
							<height>40</height>
							<font>font12</font>
							<label> - $LOCALIZE[31120]</label>
							<label2>[COLOR=selected]$INFO[Skin.String(HomeScriptButton1_label)][/COLOR]</label2>
							<textcolor>grey2</textcolor>
							<focusedcolor>white</focusedcolor>
							<texturefocus>MenuItemFO.png</texturefocus>
							<texturenofocus>MenuItemNF.png</texturenofocus>
							<onclick>Skin.SetString(HomeScriptButton1_label)</onclick>
							<visible>Skin.HasSetting(HomeScriptButton1)</visible>
						</control>
						<control type="button" id="403">
							<width>750</width>
							<height>40</height>
							<font>font12</font>
							<label> - $LOCALIZE[31121]</label>
							<label2>[COLOR=selected]$INFO[Skin.String(HomeScriptButton1_Path)][/COLOR]</label2>
							<textcolor>grey2</textcolor>
							<focusedcolor>white</focusedcolor>
							<texturefocus>MenuItemFO.png</texturefocus>
							<texturenofocus>MenuItemNF.png</texturenofocus>
							<onclick>Skin.SetFile(HomeScriptButton1_Path,.py)</onclick>
							<visible>Skin.HasSetting(HomeScriptButton1)</visible>
						</control>

						<control type="radiobutton" id="404">
							<width>750</width>
							<height>40</height>
							<font>font13</font>
							<label>$LOCALIZE[31119] [B]2[/B]</label>
							<textcolor>grey2</textcolor>
							<focusedcolor>white</focusedcolor>
							<texturefocus>MenuItemFO.png</texturefocus>
							<texturenofocus>MenuItemNF.png</texturenofocus>
							<onclick>Skin.ToggleSetting(HomeScriptButton2)</onclick>
							<selected>Skin.HasSetting(HomeScriptButton2)</selected>
						</control>
						<control type="button" id="405">
							<width>750</width>
							<height>40</height>
							<font>font12</font>
							<label> - $LOCALIZE[31120]</label>
							<label2>[COLOR=selected]$INFO[Skin.String(HomeScriptButton2_label)][/COLOR]</label2>
							<textcolor>grey2</textcolor>
							<focusedcolor>white</focusedcolor>
							<texturefocus>MenuItemFO.png</texturefocus>
							<texturenofocus>MenuItemNF.png</texturenofocus>
							<onclick>Skin.SetString(HomeScriptButton2_label)</onclick>
							<visible>Skin.HasSetting(HomeScriptButton2)</visible>
						</control>
						<control type="button" id="406">
							<width>750</width>
							<height>40</height>
							<font>font12</font>
							<label> - $LOCALIZE[31121]</label>
							<label2>[COLOR=selected]$INFO[Skin.String(HomeScriptButton2_Path)][/COLOR]</label2>
							<textcolor>grey2</textcolor>
							<focusedcolor>white</focusedcolor>
							<texturefocus>MenuItemFO.png</texturefocus>
							<texturenofocus>MenuItemNF.png</texturenofocus>
							<onclick>Skin.SetFile(HomeScriptButton2_Path,.py)</onclick>
							<visible>Skin.HasSetting(HomeScriptButton2)</visible>
						</control>

						<control type="radiobutton" id="407">
							<width>750</width>
							<height>40</height>
							<font>font13</font>
							<label>$LOCALIZE[31119] [B]3[/B]</label>
							<textcolor>grey2</textcolor>
							<focusedcolor>white</focusedcolor>
							<texturefocus>MenuItemFO.png</texturefocus>
							<texturenofocus>MenuItemNF.png</texturenofocus>
							<onclick>Skin.ToggleSetting(HomeScriptButton3)</onclick>
							<selected>Skin.HasSetting(HomeScriptButton3)</selected>
						</control>
						<control type="button" id="408">
							<width>750</width>
							<height>40</height>
							<font>font12</font>
							<label> - $LOCALIZE[31120]</label>
							<label2>[COLOR=selected]$INFO[Skin.String(HomeScriptButton3_label)][/COLOR]</label2>
							<textcolor>grey2</textcolor>
							<focusedcolor>white</focusedcolor>
							<texturefocus>MenuItemFO.png</texturefocus>
							<texturenofocus>MenuItemNF.png</texturenofocus>
							<onclick>Skin.SetString(HomeScriptButton3_label)</onclick>
							<visible>Skin.HasSetting(HomeScriptButton3)</visible>
						</control>
						<control type="button" id="409">
							<width>750</width>
							<height>40</height>
							<font>font12</font>
							<label> - $LOCALIZE[31121]</label>
							<label2>[COLOR=selected]$INFO[Skin.String(HomeScriptButton3_Path)][/COLOR]</label2>
							<textcolor>grey2</textcolor>
							<focusedcolor>white</focusedcolor>
							<texturefocus>MenuItemFO.png</texturefocus>
							<texturenofocus>MenuItemNF.png</texturenofocus>
							<onclick>Skin.SetFile(HomeScriptButton3_Path,.py)</onclick>
							<visible>Skin.HasSetting(HomeScriptButton3)</visible>
						</control>

						<control type="radiobutton" id="410">
							<width>750</width>
							<height>40</height>
							<font>font13</font>
							<label>$LOCALIZE[31119] [B]4[/B]</label>
							<textcolor>grey2</textcolor>
							<focusedcolor>white</focusedcolor>
							<texturefocus>MenuItemFO.png</texturefocus>
							<texturenofocus>MenuItemNF.png</texturenofocus>
							<onclick>Skin.ToggleSetting(HomeScriptButton4)</onclick>
							<selected>Skin.HasSetting(HomeScriptButton4)</selected>
						</control>
						<control type="button" id="411">
							<width>750</width>
							<height>40</height>
							<font>font12</font>
							<label> - $LOCALIZE[31120]</label>
							<label2>[COLOR=selected]$INFO[Skin.String(HomeScriptButton4_label)][/COLOR]</label2>
							<textcolor>grey2</textcolor>
							<focusedcolor>white</focusedcolor>
							<texturefocus>MenuItemFO.png</texturefocus>
							<texturenofocus>MenuItemNF.png</texturenofocus>
							<onclick>Skin.SetString(HomeScriptButton4_label)</onclick>
							<visible>Skin.HasSetting(HomeScriptButton4)</visible>
						</control>
						<control type="button" id="412">
							<width>750</width>
							<height>40</height>
							<font>font12</font>
							<label> - $LOCALIZE[31121]</label>
							<label2>[COLOR=selected]$INFO[Skin.String(HomeScriptButton4_Path)][/COLOR]</label2>
							<textcolor>grey2</textcolor>
							<focusedcolor>white</focusedcolor>
							<texturefocus>MenuItemFO.png</texturefocus>
							<texturenofocus>MenuItemNF.png</texturenofocus>
							<onclick>Skin.SetFile(HomeScriptButton4_Path,.py)</onclick>
							<visible>Skin.HasSetting(HomeScriptButton4)</visible>
						</control>

						<control type="radiobutton" id="413">
							<width>750</width>
							<height>40</height>
							<font>font13</font>
							<label>$LOCALIZE[31119] [B]5[/B]</label>
							<textcolor>grey2</textcolor>
							<focusedcolor>white</focusedcolor>
							<texturefocus>MenuItemFO.png</texturefocus>
							<texturenofocus>MenuItemNF.png</texturenofocus>
							<onclick>Skin.ToggleSetting(HomeScriptButton5)</onclick>
							<selected>Skin.HasSetting(HomeScriptButton5)</selected>
						</control>
						<control type="button" id="414">
							<width>750</width>
							<height>40</height>
							<font>font12</font>
							<label> - $LOCALIZE[31120]</label>
							<label2>[COLOR=selected]$INFO[Skin.String(HomeScriptButton5_label)][/COLOR]</label2>
							<textcolor>grey2</textcolor>
							<focusedcolor>white</focusedcolor>
							<texturefocus>MenuItemFO.png</texturefocus>
							<texturenofocus>MenuItemNF.png</texturenofocus>
							<onclick>Skin.SetString(HomeScriptButton5_label)</onclick>
							<visible>Skin.HasSetting(HomeScriptButton5)</visible>
						</control>
						<control type="button" id="415">
							<width>750</width>
							<height>40</height>
							<font>font12</font>
							<label> - $LOCALIZE[31121]</label>
							<label2>[COLOR=selected]$INFO[Skin.String(HomeScriptButton5_Path)][/COLOR]</label2>
							<textcolor>grey2</textcolor>
							<focusedcolor>white</focusedcolor>
							<texturefocus>MenuItemFO.png</texturefocus>
							<texturenofocus>MenuItemNF.png</texturenofocus>
							<onclick>Skin.SetFile(HomeScriptButton5_Path,.py)</onclick>
							<visible>Skin.HasSetting(HomeScriptButton5)</visible>
						</control>

						<control type="radiobutton" id="416">
							<width>750</width>
							<height>40</height>
							<font>font13</font>
							<label>$LOCALIZE[31119] [B]6[/B]</label>
							<textcolor>grey2</textcolor>
							<focusedcolor>white</focusedcolor>
							<texturefocus>MenuItemFO.png</texturefocus>
							<texturenofocus>MenuItemNF.png</texturenofocus>
							<onclick>Skin.ToggleSetting(HomeScriptButton6)</onclick>
							<selected>Skin.HasSetting(HomeScriptButton6)</selected>
						</control>
						<control type="button" id="417">
							<width>750</width>
							<height>40</height>
							<font>font12</font>
							<label> - $LOCALIZE[31120]</label>
							<label2>[COLOR=selected]$INFO[Skin.String(HomeScriptButton6_label)][/COLOR]</label2>
							<textcolor>grey2</textcolor>
							<focusedcolor>white</focusedcolor>
							<texturefocus>MenuItemFO.png</texturefocus>
							<texturenofocus>MenuItemNF.png</texturenofocus>
							<onclick>Skin.SetString(HomeScriptButton6_label)</onclick>
							<visible>Skin.HasSetting(HomeScriptButton6)</visible>
						</control>
						<control type="button" id="418">
							<width>750</width>
							<height>40</height>
							<font>font12</font>
							<label> - $LOCALIZE[31121]</label>
							<label2>[COLOR=selected]$INFO[Skin.String(HomeScriptButton6_Path)][/COLOR]</label2>
							<textcolor>grey2</textcolor>
							<focusedcolor>white</focusedcolor>
							<texturefocus>MenuItemFO.png</texturefocus>
							<texturenofocus>MenuItemNF.png</texturenofocus>
							<onclick>Skin.SetFile(HomeScriptButton6_Path,.py)</onclick>
							<visible>Skin.HasSetting(HomeScriptButton6)</visible>
						</control>

						<control type="label" id="419">
							<width>750</width>
							<height>45</height>
							<font>font13caps_title</font>
							<label>31122</label>
							<textcolor>blue</textcolor>
							<shadowcolor>black</shadowcolor>
							<align>left</align>
							<aligny>center</aligny>
						</control>

						<control type="radiobutton" id="420">
							<width>750</width>
							<height>40</height>
							<font>font13</font>
							<label>$LOCALIZE[31119]</label>
							<textcolor>grey2</textcolor>
							<focusedcolor>white</focusedcolor>
							<texturefocus>MenuItemFO.png</texturefocus>
							<texturenofocus>MenuItemNF.png</texturenofocus>
							<onclick>Skin.ToggleSetting(WeatherScript_Enable)</onclick>
							<selected>Skin.HasSetting(WeatherScript_Enable)</selected>
						</control>
						<control type="button" id="421">
							<width>750</width>
							<height>40</height>
							<font>font12</font>
							<label> - $LOCALIZE[31120]</label>
							<label2>[COLOR=selected]$INFO[Skin.String(WeatherScript_Label)][/COLOR]</label2>
							<textcolor>grey2</textcolor>
							<focusedcolor>white</focusedcolor>
							<texturefocus>MenuItemFO.png</texturefocus>
							<texturenofocus>MenuItemNF.png</texturenofocus>
							<onclick>Skin.SetString(WeatherScript_Label)</onclick>
							<visible>Skin.HasSetting(WeatherScript_Enable)</visible>
						</control>
						<control type="button" id="422">
							<width>750</width>
							<height>40</height>
							<font>font12</font>
							<label> - $LOCALIZE[31121]</label>
							<label2>[COLOR=selected]$INFO[Skin.String(WeatherScript_Path)][/COLOR]</label2>
							<textcolor>grey2</textcolor>
							<focusedcolor>white</focusedcolor>
							<texturefocus>MenuItemFO.png</texturefocus>
							<texturenofocus>MenuItemNF.png</texturenofocus>
							<onclick>Skin.SetFile(WeatherScript_Path,.py)</onclick>
							<visible>Skin.HasSetting(WeatherScript_Enable)</visible>
						</control>

						<control type="label" id="423">
							<width>750</width>
							<height>45</height>
							<font>font13caps_title</font>
							<label>31128</label>
							<textcolor>blue</textcolor>
							<shadowcolor>black</shadowcolor>
							<align>left</align>
							<aligny>center</aligny>
						</control>

						<control type="radiobutton" id="424">
							<width>750</width>
							<height>35</height>
							<font>font13</font>
							<label>$LOCALIZE[31126]</label>
							<textcolor>grey2</textcolor>
							<focusedcolor>white</focusedcolor>
							<texturefocus>MenuItemFO.png</texturefocus>
							<texturenofocus>MenuItemNF.png</texturenofocus>
							<onclick>Skin.ToggleSetting(LyricScript_Enable)</onclick>
							<selected>Skin.HasSetting(LyricScript_Enable)</selected>
						</control>
						<control type="button" id="425">
							<width>750</width>
							<height>35</height>
							<font>font12</font>
							<label>- $LOCALIZE[31127]</label>
							<label2>[COLOR=selected]$INFO[Skin.String(LyricScript_Path)][/COLOR]</label2>
							<textcolor>grey2</textcolor>
							<focusedcolor>white</focusedcolor>
							<texturefocus>MenuItemFO.png</texturefocus>
							<texturenofocus>MenuItemNF.png</texturenofocus>
							<onclick>Skin.SetFile(LyricScript_Path,.py)</onclick>
							<visible>Skin.HasSetting(LyricScript_Enable)</visible>
						</control>
					</control>
				</control>
				<control type="scrollbar" id="61">
					<posx>1060</posx>
					<posy>60</posy>
					<width>25</width>
					<height>530</height>
					<texturesliderbackground border="0,14,0,14">ScrollBarV.png</texturesliderbackground>
					<texturesliderbar border="0,14,0,14">ScrollBarV_bar.png</texturesliderbar>
					<texturesliderbarfocus border="0,14,0,14">ScrollBarV_bar_focus.png</texturesliderbarfocus>
					<textureslidernib>ScrollBarNib.png</textureslidernib>
					<textureslidernibfocus>ScrollBarNib.png</textureslidernibfocus>
					<onleft>9004</onleft>
					<onright>9000</onright>
					<showonepage>false</showonepage>
					<orientation>vertical</orientation>
					<visible>Container(9000).Hasfocus(4)</visible>
				</control>
			</control>
		</control>
		<include>BehindDialogFadeOut</include>
		<control type="image">
			<posx>-820</posx>
			<posy>0</posy>
			<width>846</width>
			<height>720</height>
			<texture>HomeBlade.png</texture>
		</control>
		<control type="image">
			<posx>26r</posx>
			<posy>0</posy>
			<width>846</width>
			<height>720</height>
			<texture flipx="true">HomeBlade.png</texture>
		</control>
		<include>Clock</include>
	</controls>
</window>