<window id="0">
	<defaultcontrol always="true">8999</defaultcontrol>
	<allowoverlay>no</allowoverlay>	
	<controls>
<!--		<control type="videowindow">
			<posx>0</posx>
			<posy>0</posy>
			<width>1280</width>
			<height>720</height>
			<visible>Player.HasVideo</visible>
		</control>
-->		<control type="multiimage">
			<posx>0</posx>
			<posy>0</posy>
			<width>1280</width>
			<height>720</height>
			<imagepath background="true">$INFO[Container(9000).ListItem.Icon]</imagepath>
			<timeperimage>8000</timeperimage>
			<randomize>true</randomize>
			<fadetime>1000</fadetime>
		</control>
		<include condition="!Skin.HasSetting(homepageHideRecentlyAdded)">HomeRecentlyAddedInfo</include>
		<!-- weather Info -->
		<control type="group">
			<posx>510r</posx>
			<posy>40</posy>
			<visible>Container(9000).HasFocus(6) + !Skin.HasSetting(homepageWeatherinfo)</visible>
			<animation effect="slide" end="0,-220" time="300" tween="quadratic" easing="out">Hidden</animation>
			<animation effect="slide" start="0,-220" time="300" tween="quadratic" easing="out">Visible</animation>
			<animation effect="slide" end="0,-220" time="300" tween="quadratic" easing="out" condition="Container(9000).HasFocus(6)">WindowClose</animation>
			<animation effect="slide" start="0,-220" time="300" tween="quadratic" easing="out" condition="Container(9000).HasFocus(6)">WindowOpen</animation>
			<animation effect="slide" start="0,0" end="-382,0" time="400" tween="quadratic" easing="out" condition="Window.IsActive(Favourites)">conditional</animation>
			<control type="image">
				<description>background</description>
				<posx>0</posx>
				<posy>0</posy>
				<width>500</width>
				<height>115</height>
				<colordiffuse>DDFFFFFF</colordiffuse>
				<texture border="20">OverlayDialogBackground.png</texture>
			</control>
			<control type="image">
				<description>Weather image</description>
				<posx>20</posx>
				<posy>15</posy>
				<width>90</width>
				<height>85</height>
				<aspectratio>keep</aspectratio>
				<texture>$INFO[Weather.Conditions]</texture>
			</control>
			<control type="fadelabel">
				<description>location label</description>
				<posx>130</posx>
				<posy>15</posy>
				<height>30</height>
				<width>355</width>
				<label>$INFO[Weather.Location]</label>
				<align>left</align>
				<aligny>center</aligny>
				<font>font13caps_title</font>
				<textcolor>white</textcolor>
				<shadowcolor>black</shadowcolor>
				<scrollout>false</scrollout>
				<pauseatend>2000</pauseatend>
			</control>
			<control type="label">
				<description>Conditions Label</description>
				<posx>130</posx>
				<posy>45</posy>
				<height>25</height>
				<width>355</width>
				<label>$INFO[Weather.Conditions]</label>
				<align>left</align>
				<aligny>center</aligny>
				<font>font12</font>
				<textcolor>white</textcolor>
				<shadowcolor>black</shadowcolor>
			</control>
			<control type="label">
				<description>Temp Label</description>
				<posx>130</posx>
				<posy>70</posy>
				<height>30</height>
				<width>355</width>
				<label>[COLOR=grey2]$LOCALIZE[143][/COLOR] [B]$INFO[Weather.Temperature][/B]</label>
				<align>left</align>
				<aligny>center</aligny>
				<font>font13</font>
				<textcolor>white</textcolor>
				<shadowcolor>black</shadowcolor>
			</control>
		</control>
		<!-- Music Info -->
		<control type="group">
			<posx>510r</posx>
			<posy>200r</posy>
			<include>VisibleFadeEffect</include>
			<visible>Player.HasAudio + !Skin.HasSetting(homepageMusicinfo)</visible>
			<animation effect="slide" end="0,30" time="0" condition="!system.getbool(lookandfeel.enablerssfeeds)">conditional</animation>
			<animation effect="slide" end="0,200" time="300" tween="quadratic" easing="out">WindowClose</animation>
			<animation effect="slide" start="0,200" time="300" tween="quadratic" easing="out">WindowOpen</animation>
			<animation effect="slide" start="0,0" end="-382,0" time="400" tween="quadratic" easing="out" condition="Window.IsActive(Favourites)">conditional</animation>
			<include>SmallMusicInfo</include>
		</control>
		<!-- Video Info -->
		<control type="group">
			<posx>510r</posx>
			<posy>200r</posy>
			<include>VisibleFadeEffect</include>
			<visible>Player.HasVideo + !Skin.HasSetting(homepageVideoinfo)</visible>
			<animation effect="slide" end="0,30" time="0" condition="!system.getbool(lookandfeel.enablerssfeeds)">conditional</animation>
			<animation effect="slide" end="0,350" time="300" tween="quadratic" easing="out" condition="Skin.HasSetting(BigVideoInfo)">WindowClose</animation>
			<animation effect="slide" start="0,350" time="300" tween="quadratic" easing="out" condition="Skin.HasSetting(BigVideoInfo)">WindowOpen</animation>
			<animation effect="slide" end="0,200" time="300" tween="quadratic" easing="out" condition="!Skin.HasSetting(BigVideoInfo)">WindowClose</animation>
			<animation effect="slide" start="0,200" time="300" tween="quadratic" easing="out" condition="!Skin.HasSetting(BigVideoInfo)">WindowOpen</animation>
			<include condition="!Skin.HasSetting(BigVideoInfo)">SmallVideoInfo</include>
			<include condition="Skin.HasSetting(BigVideoInfo)">BigVideoInfo</include>
		</control>
		<control type="group">
			<animation effect="slide" end="-370,0" time="500" tween="quadratic" easing="out">WindowClose</animation>
			<animation effect="slide" start="-370,0" time="500" tween="quadratic" easing="out">WindowOpen</animation>
			<control type="group">
				<animation effect="slide" end="-228,0" time="300" tween="quadratic" easing="out">WindowClose</animation>
				<control type="image">
					<posx>379</posx>
					<posy>0</posy>
					<width>1</width>
					<height>720</height>
					<texture>HomeBladeSub_Part1.png</texture>
					<animation effect="zoom" start="379,0,1,720" end="379,0,229,720" time="300" tween="quadratic" easing="out" condition="ControlGroup(9001).HasFocus">Conditional</animation>
				</control>
				<control type="image">
					<posx>380</posx>
					<posy>0</posy>
					<width>12</width>
					<height>720</height>
					<texture>HomeBladeSub_Part2.png</texture>
					<animation effect="slide" end="228,0" time="300" tween="quadratic" easing="out" condition="ControlGroup(9001).HasFocus">Conditional</animation>
				</control>
			</control>
			<control type="group" id="9001">
				<posx>170</posx>
				<posy>0</posy>
				<animation effect="fade" start="100" end="0" time="0" condition="!ControlGroup(9001).HasFocus">conditional</animation>
				<animation effect="fade" start="0" end="100" delay="300" time="200" condition="ControlGroup(9001).HasFocus">conditional</animation>
				<animation effect="fade" start="100" end="0" time="0" condition="ControlGroup(9001).HasFocus">WindowClose</animation>
				<animation effect="slide" end="210,0" time="300" tween="quadratic" easing="out" condition="ControlGroup(9001).HasFocus">conditional</animation>
				<control type="image">
					<posx>105</posx>
					<posy>290</posy>
					<width>120</width>
					<height>50</height>
					<texture>MediaStreamLogo.png</texture>
				</control>
				<control type="grouplist" id="9010">
					<posx>10</posx>
					<posy>355</posy>
					<width>240</width>
					<height>550</height>
					<onleft>9000</onleft>
					<onright>8000</onright>
					<onup>9010</onup>
					<ondown>9010</ondown>
					<itemgap>0</itemgap>
					<visible>Container(9000).HasFocus(2)</visible>
					<control type="button" id="90101">
						<include>ButtonHomeSubCommonValues</include>
						<label>342</label>
						<onclick>ActivateWindow(VideoLibrary,MovieTitles,return)</onclick>
						<visible>Library.HasContent(Movies)</visible>
					</control>
					<control type="button" id="90102">
						<include>ButtonHomeSubCommonValues</include>
						<label>20343</label>
						<onclick>ActivateWindow(VideoLibrary,TvShowTitles,return)</onclick>
						<visible>Library.HasContent(TVShows)</visible>
					</control>
					<control type="button" id="90103">
						<include>ButtonHomeSubCommonValues</include>
						<label>20389</label>
						<onclick>ActivateWindow(VideoLibrary,MusicVideoTitles,return)</onclick>
						<visible>Library.HasContent(MusicVideos)</visible>
					</control>
					<control type="button" id="90104">
						<include>ButtonHomeSubCommonValues</include>
						<label>744</label>
						<onclick>ActivateWindow(VideoFiles)</onclick>
					</control>
					<control type="button" id="90105">
						<include>ButtonHomeSubCommonValues</include>
						<label>14022</label>
						<onclick>ActivateWindow(VideoLibrary)</onclick>
						<visible>Library.HasContent(Videos)</visible>
					</control>
					<control type="button" id="90106">
						<include>ButtonHomeSubCommonValues</include>
						<label>31007</label>
						<onclick>ActivateWindow(VideoLibrary,Plugins)</onclick>
					</control>
				</control>
				<control type="grouplist" id="9011">
					<posx>10</posx>
					<posy>355</posy>
					<width>240</width>
					<height>550</height>
					<onleft>9000</onleft>
					<onright>9001</onright>
					<onup>9011</onup>
					<ondown>9011</ondown>
					<itemgap>0</itemgap>
					<visible>Container(9000).HasFocus(3)</visible>
					<control type="button" id="90111">
						<include>ButtonHomeSubCommonValues</include>
						<label>133</label>
						<onclick>ActivateWindow(MusicLibrary,Artists,return)</onclick>
						<visible>Library.HasContent(Music)</visible>
					</control>
					<control type="button" id="90112">
						<include>ButtonHomeSubCommonValues</include>
						<label>132</label>
						<onclick>ActivateWindow(MusicLibrary,Albums,return)</onclick>
						<visible>Library.HasContent(Music)</visible>
					</control>
					<control type="button" id="90113">
						<include>ButtonHomeSubCommonValues</include>
						<label>134</label>
						<onclick>ActivateWindow(MusicLibrary,Songs,return)</onclick>
						<visible>Library.HasContent(Music)</visible>
					</control>
					<control type="button" id="90114">
						<include>ButtonHomeSubCommonValues</include>
						<label>744</label>
						<onclick>ActivateWindow(MusicFiles)</onclick>
					</control>
					<control type="button" id="90115">
						<include>ButtonHomeSubCommonValues</include>
						<label>14022</label>
						<onclick>ActivateWindow(MusicLibrary)</onclick>
						<visible>Library.HasContent(Music)</visible>
					</control>
					<control type="button" id="90116">
						<include>ButtonHomeSubCommonValues</include>
						<label>31007</label>
						<onclick>ActivateWindow(MusicLibrary,Plugins)</onclick>
					</control>
				</control>
				<control type="grouplist" id="9012">
					<posx>10</posx>
					<posy>355</posy>
					<width>240</width>
					<height>550</height>
					<onleft>9000</onleft>
					<onright>9001</onright>
					<onup>9012</onup>
					<ondown>9012</ondown>
					<itemgap>0</itemgap>
					<visible>Container(9000).HasFocus(9)</visible>
					<control type="button" id="90121">
						<include>ButtonHomeSubCommonValues</include>
						<label>13391</label>
						<onclick>EjectTray()</onclick>
					</control>
					<control type="button" id="90122">
						<include>ButtonHomeSubCommonValues</include>
						<label>208</label>
						<onclick>PlayDVD()</onclick>
					</control>
				</control>
				<control type="grouplist" id="9013">
					<posx>10</posx>
					<posy>355</posy>
					<width>240</width>
					<height>550</height>
					<onleft>9000</onleft>
					<onright>9001</onright>
					<onup>9013</onup>
					<ondown>9013</ondown>
					<itemgap>0</itemgap>
					<visible>Container(9000).HasFocus(7)</visible>
					<control type="button" id="90131">
						<include>ButtonHomeSubCommonValues</include>
						<label>13011</label>
						<onclick>SetFocus(9000)</onclick>
						<onclick>Control.Move(9000,2)</onclick>
						<onclick>XBMC.Suspend()</onclick>
						<visible>System.CanSuspend</visible>
					</control>
					<control type="button" id="90132">
						<include>ButtonHomeSubCommonValues</include>
						<label>13005</label>
						<onclick>XBMC.Shutdown()</onclick>
						<visible>System.CanPowerdown</visible>
					</control>
					<control type="button" id="90133">
						<include>ButtonHomeSubCommonValues</include>
						<label>13010</label>
						<onclick>SetFocus(9000)</onclick>
						<onclick>Control.Move(9000,2)</onclick>
						<onclick>XBMC.Hibernate()</onclick>
						<visible>System.CanHibernate</visible>
					</control>
					<control type="button" id="90134">
						<include>ButtonHomeSubCommonValues</include>
						<label>13013</label>
						<onclick>XBMC.Reset()</onclick>
						<visible>System.CanReboot</visible>
					</control>
					<control type="button" id="90135">
						<include>ButtonHomeSubCommonValues</include>
						<label>20126</label>
						<onclick>system.logoff</onclick>
						<visible>System.HasLoginScreen</visible>
					</control>
					<control type="button" id="90136">
						<include>ButtonHomeSubCommonValues</include>
						<label>13012</label>
						<onclick>XBMC.Quit()</onclick>
					</control>
				</control>
				<control type="grouplist" id="9014">
					<posx>10</posx>
					<posy>355</posy>
					<width>240</width>
					<height>550</height>
					<onleft>9000</onleft>
					<onright>9001</onright>
					<onup>9014</onup>
					<ondown>9014</ondown>
					<itemgap>0</itemgap>
					<visible>Container(9000).HasFocus(5)</visible>
					<control type="button" id="90141">
						<include>ButtonHomeSubCommonValues</include>
						<label>5</label>
						<onclick>ActivateWindow(Settings)</onclick>
					</control>
					<control type="button" id="90142">
						<include>ButtonHomeSubCommonValues</include>
						<label>7</label>
						<onclick>ActivateWindow(FileManager)</onclick>
					</control>
					<control type="button" id="90143">
						<include>ButtonHomeSubCommonValues</include>
						<label>13200</label>
						<onclick>ActivateWindow(Profiles)</onclick>
					</control>
					<control type="button" id="90144">
						<include>ButtonHomeSubCommonValues</include>
						<label>20077</label>
						<onclick>ActivateWindow(1111)</onclick>
					</control>
					<control type="button" id="90145">
						<include>ButtonHomeSubCommonValues</include>
						<label>130</label>
						<onclick>ActivateWindow(SystemInfo)</onclick>
					</control>
					<control type="button" id="90146">
						<include>ButtonHomeSubCommonValues</include>
						<label>Credits</label>
						<onclick>ActivateWindow(Credits)</onclick>
						<visible>False</visible>
					</control>
				</control>
				<control type="grouplist" id="9015">
					<posx>10</posx>
					<posy>355</posy>
					<width>240</width>
					<height>550</height>
					<onleft>9000</onleft>
					<onright>9001</onright>
					<onup>9015</onup>
					<ondown>9015</ondown>
					<itemgap>0</itemgap>
					<visible>Container(9000).HasFocus(8) + [[Skin.HasSetting(HomeScriptButton1) + !IsEmpty(Skin.String(HomeScriptButton1_label))] | [Skin.HasSetting(HomeScriptButton2) + !IsEmpty(Skin.String(HomeScriptButton2_label))] | [Skin.HasSetting(HomeScriptButton3) + !IsEmpty(Skin.String(HomeScriptButton3_label))] | [Skin.HasSetting(HomeScriptButton4) + !IsEmpty(Skin.String(HomeScriptButton4_label))] | [Skin.HasSetting(HomeScriptButton5) + !IsEmpty(Skin.String(HomeScriptButton5_label))] | [Skin.HasSetting(HomeScriptButton6) + !IsEmpty(Skin.String(HomeScriptButton6_label))]]</visible>
					<control type="button" id="90151">
						<description>Button1</description>
						<include>ButtonHomeSubCommonValues</include>
						<label>$INFO[Skin.String(HomeScriptButton1_label)]</label>
						<onclick>Setfocus(9000)</onclick>
						<onclick>XBMC.RunScript($INFO[Skin.String(HomeScriptButton1_Path)])</onclick>
						<visible>Skin.HasSetting(HomeScriptButton1) + !IsEmpty(Skin.String(HomeScriptButton1_label))</visible>
					</control>
					<control type="button" id="90152">
						<description>Button2</description>
						<include>ButtonHomeSubCommonValues</include>
						<label>$INFO[Skin.String(HomeScriptButton2_label)]</label>
						<onclick>Setfocus(9000)</onclick>
						<onclick>XBMC.RunScript($INFO[Skin.String(HomeScriptButton2_Path)])</onclick>
						<visible>Skin.HasSetting(HomeScriptButton2) + !IsEmpty(Skin.String(HomeScriptButton2_label))</visible>
					</control>
					<control type="button" id="90153">
						<description>Button3</description>
						<include>ButtonHomeSubCommonValues</include>
						<label>$INFO[Skin.String(HomeScriptButton3_label)]</label>
						<onclick>Setfocus(9000)</onclick>
						<onclick>XBMC.RunScript($INFO[Skin.String(HomeScriptButton3_Path)])</onclick>
						<visible>Skin.HasSetting(HomeScriptButton3) + !IsEmpty(Skin.String(HomeScriptButton3_label))</visible>
					</control>
					<control type="button" id="90154">
						<description>Button4</description>
						<include>ButtonHomeSubCommonValues</include>
						<label>$INFO[Skin.String(HomeScriptButton4_label)]</label>
						<onclick>Setfocus(9000)</onclick>
						<onclick>XBMC.RunScript($INFO[Skin.String(HomeScriptButton4_Path)])</onclick>
						<visible>Skin.HasSetting(HomeScriptButton4) + !IsEmpty(Skin.String(HomeScriptButton4_label))</visible>
					</control>
					<control type="button" id="90155">
						<description>Button5</description>
						<include>ButtonHomeSubCommonValues</include>
						<label>$INFO[Skin.String(HomeScriptButton5_label)]</label>
						<onclick>Setfocus(9000)</onclick>
						<onclick>XBMC.RunScript($INFO[Skin.String(HomeScriptButton5_Path)])</onclick>
						<visible>Skin.HasSetting(HomeScriptButton5) + !IsEmpty(Skin.String(HomeScriptButton5_label))</visible>
					</control>
					<control type="button" id="90156">
						<description>Button6</description>
						<include>ButtonHomeSubCommonValues</include>
						<label>$INFO[Skin.String(HomeScriptButton6_label)]</label>
						<onclick>Setfocus(9000)</onclick>
						<onclick>XBMC.RunScript($INFO[Skin.String(HomeScriptButton6_Path)])</onclick>
						<visible>Skin.HasSetting(HomeScriptButton6) + !IsEmpty(Skin.String(HomeScriptButton6_label))</visible>
					</control>
				</control>
				<control type="grouplist" id="9016">
					<posx>10</posx>
					<posy>355</posy>
					<width>240</width>
					<height>550</height>
					<onleft>9000</onleft>
					<onright>8000</onright>
					<onup>9016</onup>
					<ondown>9016</ondown>
					<itemgap>0</itemgap>
					<visible>Container(9000).HasFocus(10)</visible>
					<control type="button" id="90161">
						<include>ButtonHomeSubCommonValues</include>
						<label>135</label>
						<onclick>ActivateWindow(VideoLibrary,MovieGenres,return)</onclick>
					</control>
					<control type="button" id="90162">
						<include>ButtonHomeSubCommonValues</include>
						<label>652</label>
						<onclick>ActivateWindow(VideoLibrary,MovieYears,return)</onclick>
					</control>
					<control type="button" id="90163">
						<include>ButtonHomeSubCommonValues</include>
						<label>344</label>
						<onclick>ActivateWindow(VideoLibrary,MovieActors,return)</onclick>
					</control>
					<control type="button" id="90164">
						<include>ButtonHomeSubCommonValues</include>
						<label>20348</label>
						<onclick>ActivateWindow(VideoLibrary,MovieDirectors,return)</onclick>
					</control>
					<control type="button" id="90165">
						<include>ButtonHomeSubCommonValues</include>
						<label>31328</label>
						<onclick>ActivateWindow(VideoLibrary,RecentlyAddedMovies,return)</onclick>
					</control>
				</control>
				<control type="grouplist" id="9017">
					<posx>10</posx>
					<posy>355</posy>
					<width>240</width>
					<height>550</height>
					<onleft>9000</onleft>
					<onright>8000</onright>
					<onup>9017</onup>
					<ondown>9017</ondown>
					<itemgap>0</itemgap>
					<visible>Container(9000).HasFocus(11)</visible>
					<control type="button" id="90171">
						<include>ButtonHomeSubCommonValues</include>
						<label>135</label>
						<onclick>ActivateWindow(VideoLibrary,TVShowGenres,return)</onclick>
					</control>
					<control type="button" id="90172">
						<include>ButtonHomeSubCommonValues</include>
						<label>652</label>
						<onclick>ActivateWindow(VideoLibrary,TVShowYears,return)</onclick>
					</control>
					<control type="button" id="90173">
						<include>ButtonHomeSubCommonValues</include>
						<label>344</label>
						<onclick>ActivateWindow(VideoLibrary,TVShowActors,return)</onclick>
					</control>
					<control type="button" id="90174">
						<include>ButtonHomeSubCommonValues</include>
						<label>31328</label>
						<onclick>ActivateWindow(VideoLibrary,RecentlyAddedEpisodes,return)</onclick>
					</control>
				</control>
			</control>
			<control type="image">
				<posx>-450</posx>
				<posy>0</posy>
				<width>846</width>
				<height>720</height>
				<colordiffuse>DAFFFFFF</colordiffuse>
				<texture>HomeBlade.png</texture>
			</control>
			<control type="button" id="8999">
				<description>Run Recently added</description>
				<posx>-20</posx>
				<posy>-20</posy>
				<width>1</width>
				<height>1</height>
				<label>-</label>
				<font>-</font>
				<onfocus>XBMC.RunScript(special://skin/scripts/RecentlyAdded.py,limit=4)</onfocus>
				<onfocus>SetFocus(9000)</onfocus>
				<texturenofocus>-</texturenofocus>
				<texturefocus>-</texturefocus>
				<visible>!Skin.HasSetting(homepageHideRecentlyAdded)</visible>
			</control>
			<control type="button" id="8999">
				<description>Don't run Recently added</description>
				<posx>-20</posx>
				<posy>-20</posy>
				<width>1</width>
				<height>1</height>
				<label>-</label>
				<font>-</font>
				<onfocus>SetFocus(9000)</onfocus>
				<texturenofocus>-</texturenofocus>
				<texturefocus>-</texturefocus>
				<visible>Skin.HasSetting(homepageHideRecentlyAdded)</visible>
			</control>
			<control type="wraplist" id="9000">
				<posx>-20</posx>
				<posy>0</posy>
				<width>400</width>
				<height>720</height>
				<onleft>10</onleft>
				<onright>9001</onright>
				<onup>9000</onup>
				<ondown>9000</ondown>
				<onfocus>ActivateWindow(Videos)</onfocus>
				<pagecontrol>-</pagecontrol>
				<scrolltime>300</scrolltime>
				<focusposition>2</focusposition>
				<animation effect="fade" start="0" end="100" time="200">Visible</animation>
				<animation effect="fade" start="100" end="15" time="200" condition="Window.IsVisible(1113) | ControlGroup(9001).HasFocus | Control.HasFocus(10)">conditional</animation>
				<itemlayout height="144" width="380">
					<control type="label">
						<posx>380</posx>
						<posy>60</posy>
						<width>380</width>
						<height>40</height>
						<font>font30caps_title</font>
						<textcolor>grey3</textcolor>
						<align>right</align>
						<aligny>center</aligny>
						<label>$INFO[ListItem.Label]</label>
					</control>
				</itemlayout>
				<focusedlayout height="144" width="380">
					<control type="label">
						<posx>380</posx>
						<posy>30</posy>
						<width>870</width>
						<height>35</height>
						<font>font16caps</font>
						<textcolor>white</textcolor>
						<align>right</align>
						<aligny>center</aligny>
						<label>$INFO[ListItem.Label2]</label>
						<visible>!Skin.HasSetting(HideHomeMenuLabel2)</visible>
					</control>
					<control type="label">
						<posx>380</posx>
						<posy>60</posy>
						<width>380</width>
						<height>45</height>
						<font>font50caps_title</font>
						<textcolor>white</textcolor>
						<align>right</align>
						<aligny>center</aligny>
						<label>$INFO[ListItem.Label]</label>
					</control>
					<control type="image">
						<posx>375</posx>
						<posy>105</posy>
						<width>18</width>
						<height>18</height>
						<texture>HomeHasSub.png</texture>
						<visible>Container(9000).HasFocus(2) | Container(9000).HasFocus(3) | Container(9000).HasFocus(5) | Container(9000).HasFocus(7) | Container(9000).HasFocus(9) | [Container(9000).HasFocus(8) + [[Skin.HasSetting(HomeScriptButton1) + !IsEmpty(Skin.String(HomeScriptButton1_label))] | [Skin.HasSetting(HomeScriptButton2) + !IsEmpty(Skin.String(HomeScriptButton2_label))] | [Skin.HasSetting(HomeScriptButton3) + !IsEmpty(Skin.String(HomeScriptButton3_label))] | [Skin.HasSetting(HomeScriptButton4) + !IsEmpty(Skin.String(HomeScriptButton4_label))] | [Skin.HasSetting(HomeScriptButton5) + !IsEmpty(Skin.String(HomeScriptButton5_label))] | [Skin.HasSetting(HomeScriptButton6) + !IsEmpty(Skin.String(HomeScriptButton6_label))]]] | Container(9000).HasFocus(10) | Container(9000).HasFocus(11)</visible>
					</control>
				</focusedlayout>
				<content>
					<item id="7">
						<label>31008</label>
						<label2>31006</label2>
						<onclick>ActivateWindow(ShutdownMenu)</onclick>
						<!-- onclick>SetFocus(9001)</onclick -->
						<icon>special://skin/backgrounds/shutdown.jpg</icon>
						<thumb>$INFO[Skin.String(Home_Custom_Back_Shutdown_Folder)]</thumb>
						<visible>!Skin.HasSetting(HomeMenuNoShutdownButton)</visible>
					</item>
					<item id="6">
						<label>8</label>
						<label2>31004</label2>
						<onclick>ActivateWindow(Weather)</onclick>
						<icon>special://skin/backgrounds/weather.jpg</icon>
						<thumb>$INFO[Skin.String(Home_Custom_Back_Weather_Folder)]</thumb>
						<visible>!Skin.HasSetting(HomeMenuNoWeatherButton)</visible>
						<visible>!Skin.HasSetting(ShowWeatherFanart) | IsEmpty(Skin.String(WeatherFanartDir))</visible>
					</item>
					<item id="6">
						<label>8</label>
						<label2>31004</label2>
						<onclick>ActivateWindow(Weather)</onclick>
						<icon>special://skin/backgrounds/weather.jpg</icon>
						<thumb>$INFO[Skin.String(WeatherFanartDir)]$INFO[Weather.FanartCode]</thumb>
						<visible>!Skin.HasSetting(HomeMenuNoWeatherButton)</visible>
						<visible>Skin.HasSetting(ShowWeatherFanart) + !IsEmpty(Skin.String(WeatherFanartDir))</visible>
					</item>
					<item id="2">
						<label>3</label>
						<label2>31000</label2>
						<onclick>ActivateWindow(Videos)</onclick>
						<icon>special://skin/backgrounds/videos.jpg</icon>
						<thumb>$INFO[Skin.String(Home_Custom_Back_Video_Folder)]</thumb>
						<visible>!Skin.HasSetting(HomeMenuNoVideosButton)</visible>
					</item>
					<item id="10">
						<label>20342</label>
						<label2>31000</label2>
						<onclick>ActivateWindow(VideoLibrary,MovieTitles,return)</onclick>
						<icon>special://skin/backgrounds/videos.jpg</icon>
						<thumb>$INFO[Skin.String(Home_Custom_Back_Movies_Folder)]</thumb>
						<visible>Skin.HasSetting(HomeMenuNoMoviesButton) + Library.HasContent(Movies)</visible>
					</item>
					<item id="11">
						<label>20343</label>
						<label2>31000</label2>
						<onclick>ActivateWindow(VideoLibrary,TVShowTitles,return)</onclick>
						<icon>special://skin/backgrounds/videos.jpg</icon>
						<thumb>$INFO[Skin.String(Home_Custom_Back_TVShow_Folder)]</thumb>
						<visible>Skin.HasSetting(HomeMenuNoTVShowsButton) + Library.HasContent(TVShows)</visible>
					</item>
					<item id="3">
						<label>2</label>
						<label2>31001</label2>
						<onclick>ActivateWindow(Music)</onclick>
						<icon>special://skin/backgrounds/music.jpg</icon>
						<thumb>$INFO[Skin.String(Home_Custom_Back_Music_Folder)]</thumb>
						<visible>!Skin.HasSetting(HomeMenuNoMusicButton)</visible>
					</item>
					<item id="4">
						<label>1</label>
						<label2>31002</label2>
						<onclick>ActivateWindow(Pictures)</onclick>
						<icon>special://skin/backgrounds/pictures.jpg</icon>
						<thumb>$INFO[Skin.String(Home_Custom_Back_Pictures_Folder)]</thumb>
						<visible>!Skin.HasSetting(HomeMenuNoPicturesButton)</visible>
					</item>
					<item id="1">
						<label>0</label>
						<label2>31003</label2>
						<onclick>ActivateWindow(Programs)</onclick>
						<icon>special://skin/backgrounds/programs.jpg</icon>
						<thumb>$INFO[Skin.String(Home_Custom_Back_Programs_Folder)]</thumb>
						<visible>!Skin.HasSetting(HomeMenuNoProgramsButton)</visible>
					</item>
					<item id="8">
						<label>247</label>
						<label2>31003</label2>
						<onclick>ActivateWindow(Scripts)</onclick>
						<icon>special://skin/backgrounds/scripts.jpg</icon>
						<thumb>$INFO[Skin.String(Home_Custom_Back_Scripts_Folder)]</thumb>
						<visible>!Skin.HasSetting(HomeMenuNoScriptsButton)</visible>
					</item>
					<item id="5">
						<label>13000</label>
						<label2>31005</label2>
						<onclick>ActivateWindow(Settings)</onclick>
						<icon>special://skin/backgrounds/settings.jpg</icon>
						<thumb>$INFO[Skin.String(Home_Custom_Back_Settings_Folder)]</thumb>
					</item>
					<item id="9">
						<label>31011</label>
						<label2>31010</label2>
						<onclick>PlayDVD()</onclick>
						<icon>special://skin/backgrounds/playdisc.jpg</icon>
						<thumb>$INFO[Skin.String(Home_Custom_Back_PlayDisc_Folder)]</thumb>
						<visible>System.HasMediaDVD</visible>
						<visible>!Skin.HasSetting(HomeMenuNoDiscDriveButton)</visible>
					</item>
					<item id="9">
						<label>31011</label>
						<label2>31010</label2>
						<onclick>ActivateWindow(1113)</onclick>
						<icon>special://skin/backgrounds/playdisc.jpg</icon>
						<thumb>$INFO[Skin.String(Home_Custom_Back_PlayDisc_Folder)]</thumb>
						<visible>!System.HasMediaDVD + !Skin.HasSetting(HomeDiscDriveButtonDiscOnly)</visible>
						<visible>!Skin.HasSetting(HomeMenuNoDiscDriveButton)</visible>
					</item>
				</content>
			</control>
			<control type="image">
				<posx>-450</posx>
				<posy>0</posy>
				<width>846</width>
				<height>720</height>
				<texture diffuse="HomeMenuDiffuse.png">HomeBlade.png</texture>
			</control>
			<control type="group">
				<posx>75</posx>
				<posy>23</posy>
				<visible>!Control.HasFocus(9000) + Control.HasFocus(10)</visible>
				<animation effect="fade" delay="0" start="100" end="0" time="100">Hidden</animation>
				<animation effect="fade" reversible="false" start="0" end="100" time="500">Visible</animation>
				<control type="label">
					<posx>0</posx>
					<posy>0</posy>
					<width>870</width>
					<height>20</height>
					<font>font10caps</font>
					<textcolor>white</textcolor>
					<align>left</align>
					<aligny>bottom</aligny>
					<label>$LOCALIZE[31009]</label>
					<visible>!Skin.HasSetting(HideHomeMenuLabel2)</visible>
				</control>
				<control type="label">
					<posx>0</posx>
					<posy>15</posy>
					<width>380</width>
					<height>20</height>
					<font>font13caps_title</font>
					<textcolor>white</textcolor>
					<align>left</align>
					<aligny>top</aligny>
					<label>$LOCALIZE[1036]</label>
				</control>
			</control>
			<control type="button" id="10">
				<description>Favourites button</description>
				<posx>20</posx>
				<posy>20</posy>
				<width>45</width>
				<height>45</height>
				<label>-</label>
				<font>-</font>
				<onclick>ActivateWindow(Favourites)</onclick>
				<texturenofocus>MediaSubSetNF.png</texturenofocus>
				<texturefocus>MediaSubSet.png</texturefocus>
				<onleft>10</onleft>
				<onright>9000</onright>
				<onup>10</onup>
				<ondown>9000</ondown>
			</control>
		</control>
		<control type="image">
			<posx>1289</posx>
			<posy>0</posy>
			<width>846</width>
			<height>720</height>
			<texture flipx="true">HomeBlade.png</texture>
			<animation effect="slide" end="-35,0" time="300" tween="quadratic" easing="out">WindowClose</animation>
			<animation effect="slide" start="-35,0" time="300" tween="quadratic" easing="out" condition="!Window.Previous(startup)">WindowOpen</animation>
		</control>
		<control type="group">
			<posx>300</posx>
			<posy>35r</posy>
			<animation effect="slide" end="0,35" time="300" tween="quadratic" easing="out">WindowClose</animation>
			<animation effect="slide" start="0,35" time="300" tween="quadratic" easing="out">WindowOpen</animation>
			<control type="image">
				<description>RSS background</description>
				<posx>0</posx>
				<posy>0</posy>
				<width>980</width>
				<height>35</height>
				<colordiffuse>AAFFFFFF</colordiffuse>
				<texture border="28,3,4,0">Rss_Back.png</texture>
				<visible>system.getbool(lookandfeel.enablerssfeeds)</visible>
			</control>
			<control type="rss">
				<description>RSS feed</description>
				<posx>35</posx>
				<posy>5</posy>
				<height>35</height>
				<width>945</width>
				<font>font12boldcaps</font>
				<urlset>1</urlset>
				<textcolor>blue</textcolor>
				<titlecolor>blue</titlecolor>
				<headlinecolor>white</headlinecolor>
				<visible>system.getbool(lookandfeel.enablerssfeeds)</visible>
			</control>
		</control>
		<include>Clock</include>
	</controls>	
</window>