<includes>
	<include name="OldListViewCommons">
		<control type="panel" id="50">
			<posx>25</posx>
			<posy>85</posy>
			<width>1195</width>
			<height>550</height>
			<onleft>9000</onleft>
			<onright>60</onright>
			<onup>50</onup>
			<ondown>50</ondown>
			<viewtype label="535">list</viewtype>
			<pagecontrol>60</pagecontrol>
			<scrolltime>200</scrolltime>
			<hitrect x="25" y="85" w="615" h="550" />
			<animation effect="slide" start="0,0" end="20,0" time="0" condition="!Control.IsVisible(60)">Conditional</animation>
			<itemlayout height="50" width="615">
				<control type="image">
					<posx>0</posx>
					<posy>0</posy>
					<width>615</width>
					<height>45</height>
					<colordiffuse>FFFFFFFF</colordiffuse>
					<texture>button-nofocus.png</texture>
				</control>
				<control type="image">
					<posx>15</posx>
					<posy>5</posy>
					<width>35</width>
					<height>35</height>
					<info>ListItem.Icon</info>
				</control>
				<control type="label">
					<posx>65</posx>
					<posy>5</posy>
					<width>520</width>
					<height>35</height>
					<font>font13</font>
					<aligny>center</aligny>
					<selectedcolor>red</selectedcolor>
					<align>left</align>
					<info>ListItem.Label</info>
				</control>
				<control type="label">
					<posx>600</posx>
					<posy>5</posy>
					<width>400</width>
					<height>35</height>
					<font>font13</font>
					<aligny>center</aligny>
					<selectedcolor>red</selectedcolor>
					<textcolor>white</textcolor>
					<align>right</align>
					<info>ListItem.Label2</info>
				</control>
			</itemlayout>
			<focusedlayout height="50" width="615">
				<control type="image">
					<posx>0</posx>
					<posy>0</posy>
					<width>615</width>
					<height>45</height>
					<colordiffuse>FFFFFFFF</colordiffuse>
					<visible>!Control.HasFocus(50)</visible>
					<texture>button-nofocus.png</texture>
				</control>
				<control type="image">
					<posx>0</posx>
					<posy>0</posy>
					<width>615</width>
					<height>45</height>
					<colordiffuse>FFFFFFFF</colordiffuse>
					<visible>Control.HasFocus(50)</visible>
					<texture>button-focus.png</texture>
				</control>
				<control type="image">
					<posx>15</posx>
					<posy>5</posy>
					<width>35</width>
					<height>35</height>
					<info>ListItem.Icon</info>
				</control>
				<control type="label">
					<posx>65</posx>
					<posy>5</posy>
					<width>520</width>
					<height>35</height>
					<font>font13</font>
					<aligny>center</aligny>
					<selectedcolor>red</selectedcolor>
					<align>left</align>
					<info>ListItem.Label</info>
				</control>
				<control type="label">
					<posx>600</posx>
					<posy>5</posy>
					<width>400</width>
					<height>35</height>
					<font>font13</font>
					<aligny>center</aligny>
					<selectedcolor>red</selectedcolor>
					<textcolor>white</textcolor>
					<align>right</align>
					<info>ListItem.Label2</info>
				</control>
			</focusedlayout>
		</control>
		<control type="group">
			<posx>690</posx>
			<posy>85</posy>
			<visible>Control.IsVisible(50) + ![Container.Content(Movies) + !IsEmpty(Listitem.Title)]</visible>
			<animation effect="slide" start="0,0" end="-20,0" time="0" condition="!Control.IsVisible(60)">Conditional</animation>
			<control type="image">
				<posx>0</posx>
				<posy>0</posy>
				<width>565</width>
				<height>550</height>
				<colordiffuse>FFFFFFFF</colordiffuse>
				<texture>button-nofocus.png</texture>
			</control>
			<control type="image">
				<posx>20</posx>
				<posy>20</posy>
				<width>525</width>
				<height>510</height>
				<colordiffuse>FFFFFFFF</colordiffuse>
				<aspectratio>keep</aspectratio>
				<info>Listitem.Icon</info>
			</control>
			<control type="image">
				<posx>480</posx>
				<posy>465</posy>
				<width>64</width>
				<height>64</height>
				<colordiffuse>FFFFFFFF</colordiffuse>
				<aspectratio>keep</aspectratio>
				<info>Listitem.Overlay</info>
			</control>
		</control>
		<control type="group">
			<posx>690</posx>
			<posy>85</posy>
			<visible>Control.IsVisible(50) + Container.Content(Movies) + !IsEmpty(Listitem.Title)</visible>
			<animation effect="slide" start="0,0" end="-20,0" time="0" condition="!Control.IsVisible(60)">Conditional</animation>
			<control type="image">
				<posx>0</posx>
				<posy>0</posy>
				<width>565</width>
				<height>550</height>
				<colordiffuse>FFFFFFFF</colordiffuse>
				<texture>button-nofocus.png</texture>
			</control>
			<control type="image">
				<posx>10</posx>
				<posy>60</posy>
				<width>160</width>
				<height>240</height>
				<colordiffuse>FFFFFFFF</colordiffuse>
				<aspectratio>keep</aspectratio>
				<info>Listitem.Icon</info>
			</control>
			<control type="image">
				<posx>130</posx>
				<posy>260</posy>
				<width>40</width>
				<height>40</height>
				<colordiffuse>FFFFFFFF</colordiffuse>
				<aspectratio>keep</aspectratio>
				<info>Listitem.Overlay</info>
			</control>
			<control type="fadelabel">
				<posx>10</posx>
				<posy>10</posy>
				<width>540</width>
				<height>35</height>
				<font>font16</font>
				<align>left</align>
				<aligny>center</aligny>
				<textcolor>white</textcolor>
				<shadowcolor>black</shadowcolor>
				<info>ListItem.title</info>
			</control>
			<control type="label">
				<description>Director Label</description>
				<posx>180</posx>
				<posy>60</posy>
				<width>370</width>
				<height>35</height>
				<font>font13</font>
				<align>left</align>
				<aligy>center</aligy>
				<textcolor>red</textcolor>
				<shadowcolor>black</shadowcolor>
				<label>$LOCALIZE[20339]:</label>
				<visible>!IsEmpty(Listitem.Director)</visible>
			</control>
			<control type="fadelabel">
				<description>Director Value</description>
				<posx>180</posx>
				<posy>90</posy>
				<width>370</width>
				<height>35</height>
				<font>font13</font>
				<align>left</align>
				<aligy>center</aligy>
				<textcolor>white</textcolor>
				<shadowcolor>black</shadowcolor>
				<label>$INFO[ListItem.Director]</label>
			</control>
			<control type="label">
				<description>Studio Label</description>
				<posx>180</posx>
				<posy>60</posy>
				<width>370</width>
				<height>35</height>
				<font>font13</font>
				<align>left</align>
				<aligy>center</aligy>
				<textcolor>red</textcolor>
				<shadowcolor>black</shadowcolor>
				<label>$LOCALIZE[572]:</label>
				<visible>IsEmpty(Listitem.Director) + !IsEmpty(Listitem.Studio)</visible>
			</control>
			<control type="fadelabel">
				<description>Studio Value</description>
				<posx>180</posx>
				<posy>90</posy>
				<width>370</width>
				<height>35</height>
				<font>font13</font>
				<align>left</align>
				<aligy>center</aligy>
				<textcolor>white</textcolor>
				<shadowcolor>black</shadowcolor>
				<label>$INFO[ListItem.Studio]</label>
				<visible>IsEmpty(Listitem.Director)</visible>
			</control>
			<control type="label">
				<description>Genre Label</description>
				<posx>180</posx>
				<posy>120</posy>
				<width>370</width>
				<height>35</height>
				<font>font13</font>
				<align>left</align>
				<aligy>center</aligy>
				<textcolor>red</textcolor>
				<shadowcolor>black</shadowcolor>
				<label>$LOCALIZE[515]:</label>
				<visible>!IsEmpty(Listitem.Genre)</visible>
			</control>
			<control type="fadelabel">
				<description>Genre Value</description>
				<posx>180</posx>
				<posy>150</posy>
				<width>370</width>
				<height>35</height>
				<font>font13</font>
				<align>left</align>
				<aligy>center</aligy>
				<textcolor>white</textcolor>
				<shadowcolor>black</shadowcolor>
				<label>$INFO[ListItem.Genre]</label>
			</control>
			<control type="label">
				<description>MPAA Label</description>
				<posx>180</posx>
				<posy>180</posy>
				<width>370</width>
				<height>35</height>
				<font>font13</font>
				<align>left</align>
				<aligy>center</aligy>
				<textcolor>red</textcolor>
				<shadowcolor>black</shadowcolor>
				<label>$LOCALIZE[20074]:</label>
				<visible>!IsEmpty(Listitem.MPAA)</visible>
			</control>
			<control type="fadelabel">
				<description>MPAA Value</description>
				<posx>180</posx>
				<posy>210</posy>
				<width>370</width>
				<height>35</height>
				<font>font13</font>
				<align>left</align>
				<aligy>center</aligy>
				<textcolor>white</textcolor>
				<shadowcolor>black</shadowcolor>
				<label>$INFO[ListItem.MPAA]</label>
			</control>
			<control type="label">
				<description>Year Label</description>
				<posx>180</posx>
				<posy>240</posy>
				<width>185</width>
				<height>35</height>
				<font>font13</font>
				<align>left</align>
				<aligy>center</aligy>
				<textcolor>red</textcolor>
				<shadowcolor>black</shadowcolor>
				<label>$LOCALIZE[562]:</label>
				<visible>!IsEmpty(Listitem.Year)</visible>
			</control>
			<control type="label">
				<description>Year Value</description>
				<posx>180</posx>
				<posy>270</posy>
				<width>185</width>
				<height>35</height>
				<font>font13</font>
				<align>left</align>
				<aligy>center</aligy>
				<textcolor>white</textcolor>
				<shadowcolor>black</shadowcolor>
				<label>$INFO[ListItem.Year]</label>
			</control>
			<control type="label">
				<description>Rating Label</description>
				<posx>550</posx>
				<posy>240</posy>
				<width>185</width>
				<height>35</height>
				<font>font13</font>
				<align>right</align>
				<aligy>center</aligy>
				<textcolor>red</textcolor>
				<shadowcolor>black</shadowcolor>
				<label>$LOCALIZE[563]:</label>
				<visible>!IsEmpty(Listitem.Rating)</visible>
			</control>
			<control type="label">
				<description>Rating Value</description>
				<posx>550</posx>
				<posy>270</posy>
				<width>185</width>
				<height>35</height>
				<font>font13</font>
				<align>right</align>
				<aligy>center</aligy>
				<textcolor>white</textcolor>
				<shadowcolor>black</shadowcolor>
				<label>$INFO[ListItem.Rating]</label>
			</control>
			<control type="label">
				<description>Plot Label</description>
				<posx>10</posx>
				<posy>310</posy>
				<width>545</width>
				<height>35</height>
				<font>font13</font>
				<align>left</align>
				<aligy>center</aligy>
				<textcolor>red</textcolor>
				<shadowcolor>black</shadowcolor>
				<label>$LOCALIZE[203]:</label>
				<visible>!IsEmpty(Listitem.Plot)</visible>
			</control>
		</control>
		<control type="textbox">
			<description>Common Plot Value for all Content types</description>
			<posx>700</posx>
			<posy>425</posy>
			<width>545</width>
			<height>200</height>
			<font>font13</font>
			<align>justify</align>
			<textcolor>white</textcolor>
			<shadowcolor>black</shadowcolor>
			<pagecontrol>9999999999</pagecontrol>
			<label>$INFO[ListItem.Plot]</label>
			<autoscroll time="2000" delay="3000" repeat="5000">!Skin.HasSetting(AutoScroll)</autoscroll>
			<visible>Control.IsVisible(50) + Container.Content(Movies) + !IsEmpty(Listitem.Title)</visible>
			<animation effect="slide" start="0,0" end="-20,0" time="0" condition="!Control.IsVisible(60)">Conditional</animation>
		</control>
	</include>
	<include name="NewListViewCommons">
		<control type="panel" id="51">
			<posx>30</posx>
			<posy>87</posy>
			<width>1190</width>
			<height>546</height>
			<onleft>9000</onleft>
			<onright>60</onright>
			<onup>51</onup>
			<ondown>51</ondown>
			<viewtype label="$LOCALIZE[535] 2">list</viewtype>
			<pagecontrol>60</pagecontrol>
			<scrolltime>200</scrolltime>
			<orientation>vertical</orientation>
			<animation effect="slide" start="0,0" end="20,0" time="0" condition="!Control.IsVisible(60)">Conditional</animation>
			<itemlayout height="91" width="595">
				<control type="image">
					<posx>0</posx>
					<posy>0</posy>
					<width>590</width>
					<height>86</height>
					<colordiffuse>FFFFFFFF</colordiffuse>
					<texture>button-nofocus.png</texture>
				</control>
				<control type="image">
					<posx>15</posx>
					<posy>5</posy>
					<width>76</width>
					<height>76</height>
					<info>ListItem.Icon</info>
				</control>
				<control type="image">
					<posx>60</posx>
					<posy>49</posy>
					<width>32</width>
					<height>32</height>
					<colordiffuse>FFFFFFFF</colordiffuse>
					<aspectratio>keep</aspectratio>
					<info>Listitem.Overlay</info>
				</control>
				<control type="label">
					<posx>105</posx>
					<posy>5</posy>
					<width>475</width>
					<height>35</height>
					<font>font13</font>
					<aligny>center</aligny>
					<selectedcolor>red</selectedcolor>
					<align>left</align>
					<info>ListItem.Label</info>
				</control>
				<control type="label">
					<posx>105</posx>
					<posy>45</posy>
					<width>475</width>
					<height>35</height>
					<font>font13</font>
					<aligny>center</aligny>
					<selectedcolor>red</selectedcolor>
					<textcolor>white</textcolor>
					<align>left</align>
					<info>ListItem.Label2</info>
				</control>
			</itemlayout>
			<focusedlayout height="91" width="595">
				<control type="image">
					<posx>0</posx>
					<posy>0</posy>
					<width>590</width>
					<height>86</height>
					<colordiffuse>FFFFFFFF</colordiffuse>
					<visible>!Control.HasFocus(51)</visible>
					<texture>button-nofocus.png</texture>
				</control>
				<control type="image">
					<posx>0</posx>
					<posy>0</posy>
					<width>590</width>
					<height>86</height>
					<colordiffuse>FFFFFFFF</colordiffuse>
					<visible>Control.HasFocus(51)</visible>
					<texture>button-focus.png</texture>
				</control>
				<control type="image">
					<posx>15</posx>
					<posy>5</posy>
					<width>76</width>
					<height>76</height>
					<info>ListItem.Icon</info>
				</control>
				<control type="image">
					<posx>60</posx>
					<posy>49</posy>
					<width>32</width>
					<height>32</height>
					<colordiffuse>FFFFFFFF</colordiffuse>
					<aspectratio>keep</aspectratio>
					<info>Listitem.Overlay</info>
				</control>
				<control type="label">
					<posx>105</posx>
					<posy>5</posy>
					<width>475</width>
					<height>35</height>
					<font>font13</font>
					<aligny>center</aligny>
					<selectedcolor>red</selectedcolor>
					<align>left</align>
					<info>ListItem.Label</info>
				</control>
				<control type="label">
					<posx>105</posx>
					<posy>45</posy>
					<width>475</width>
					<height>35</height>
					<font>font13</font>
					<aligny>center</aligny>
					<selectedcolor>red</selectedcolor>
					<textcolor>white</textcolor>
					<align>left</align>
					<info>ListItem.Label2</info>
				</control>
			</focusedlayout>
		</control>
	</include>
	<include name="AllViewCommonThumbSmall">
		<control type="panel" id="52">
			<posx>30</posx>
			<posy>85</posy>
			<width>1188</width>
			<height>549</height>
			<onleft>9000</onleft>
			<onright>60</onright>
			<onup>52</onup>
			<ondown>52</ondown>
			<scrolltime>200</scrolltime>
			<viewtype label="536">icon</viewtype>
			<pagecontrol>60</pagecontrol>
			<orientation>vertical</orientation>
			<animation effect="slide" start="0,0" end="20,0" time="0" condition="!Control.IsVisible(60)">Conditional</animation>
			<itemlayout height="183" width="198">
				<control type="image">
					<posx>0</posx>
					<posy>0</posy>
					<width>193</width>
					<height>178</height>
					<colordiffuse>FFFFFFFF</colordiffuse>
					<texture>button-nofocus.png</texture>
				</control>
				<control type="image">
					<posx>5</posx>
					<posy>5</posy>
					<width>183</width>
					<height>145</height>
					<info>ListItem.Icon</info>
				</control>
				<control type="image">
					<posx>153</posx>
					<posy>120</posy>
					<width>32</width>
					<height>32</height>
					<colordiffuse>FFFFFFFF</colordiffuse>
					<aspectratio>keep</aspectratio>
					<info>Listitem.Overlay</info>
				</control>
				<control type="label">
					<posx>99</posx>
					<posy>150</posy>
					<width>180</width>
					<height>22</height>
					<font>font13</font>
					<selectedcolor>red</selectedcolor>
					<align>center</align>
					<info>ListItem.Label</info>
				</control>
			</itemlayout>
			<focusedlayout height="183" width="198">
				<control type="image">
					<posx>0</posx>
					<posy>0</posy>
					<width>193</width>
					<height>178</height>
					<colordiffuse>FFFFFFFF</colordiffuse>
					<visible>!Control.HasFocus(52)</visible>
					<texture>button-nofocus.png</texture>
				</control>
				<control type="image">
					<posx>0</posx>
					<posy>0</posy>
					<width>193</width>
					<height>178</height>
					<colordiffuse>FFFFFFFF</colordiffuse>
					<visible>Control.HasFocus(52)</visible>
					<texture>button-focus.png</texture>
				</control>
				<control type="image">
					<posx>5</posx>
					<posy>5</posy>
					<width>183</width>
					<height>145</height>
					<info>ListItem.Icon</info>
				</control>
				<control type="image">
					<posx>153</posx>
					<posy>120</posy>
					<width>32</width>
					<height>32</height>
					<colordiffuse>FFFFFFFF</colordiffuse>
					<aspectratio>keep</aspectratio>
					<info>Listitem.Overlay</info>
				</control>
				<control type="label">
					<posx>99</posx>
					<posy>150</posy>
					<width>180</width>
					<height>22</height>
					<font>font13</font>
					<selectedcolor>red</selectedcolor>
					<align>center</align>
					<info>ListItem.Label</info>
				</control>
			</focusedlayout>
		</control>
	</include>
	<include name="AllViewCommonThumbBig">
		<control type="panel" id="53">
			<posx>30</posx>
			<posy>85</posy>
			<width>1188</width>
			<height>550</height>
			<onleft>9000</onleft>
			<onright>60</onright>
			<onup>53</onup>
			<ondown>53</ondown>
			<scrolltime>200</scrolltime>
			<viewtype label="538">icon</viewtype>
			<pagecontrol>60</pagecontrol>
			<orientation>vertical</orientation>
			<animation effect="slide" start="0,0" end="20,0" time="0" condition="!Control.IsVisible(60)">Conditional</animation>
			<itemlayout height="275" width="297">
				<control type="image">
					<posx>0</posx>
					<posy>0</posy>
					<width>294</width>
					<height>270</height>
					<colordiffuse>FFFFFFFF</colordiffuse>
					<texture>button-nofocus.png</texture>
				</control>
				<control type="image">
					<posx>5</posx>
					<posy>5</posy>
					<width>284</width>
					<height>225</height>
					<info>ListItem.Icon</info>
				</control>
				<control type="image">
					<posx>252</posx>
					<posy>198</posy>
					<width>32</width>
					<height>32</height>
					<colordiffuse>FFFFFFFF</colordiffuse>
					<aspectratio>keep</aspectratio>
					<info>Listitem.Overlay</info>
				</control>
				<control type="label">
					<posx>147</posx>
					<posy>235</posy>
					<width>284</width>
					<height>22</height>
					<font>font13</font>
					<selectedcolor>red</selectedcolor>
					<align>center</align>
					<info>ListItem.Label</info>
				</control>
			</itemlayout>
			<focusedlayout height="275" width="297">
				<control type="image">
					<posx>0</posx>
					<posy>0</posy>
					<width>294</width>
					<height>270</height>
					<colordiffuse>FFFFFFFF</colordiffuse>
					<visible>!Control.HasFocus(53)</visible>
					<texture>button-nofocus.png</texture>
				</control>
				<control type="image">
					<posx>0</posx>
					<posy>0</posy>
					<width>294</width>
					<height>270</height>
					<colordiffuse>FFFFFFFF</colordiffuse>
					<visible>Control.HasFocus(53)</visible>
					<texture>button-focus.png</texture>
				</control>
				<control type="image">
					<posx>5</posx>
					<posy>5</posy>
					<width>284</width>
					<height>225</height>
					<info>ListItem.Icon</info>
				</control>
				<control type="image">
					<posx>252</posx>
					<posy>198</posy>
					<width>32</width>
					<height>32</height>
					<colordiffuse>FFFFFFFF</colordiffuse>
					<aspectratio>keep</aspectratio>
					<info>Listitem.Overlay</info>
				</control>
				<control type="label">
					<posx>147</posx>
					<posy>235</posy>
					<width>284</width>
					<height>22</height>
					<font>font13</font>
					<selectedcolor>red</selectedcolor>
					<align>center</align>
					<info>ListItem.Label</info>
				</control>
			</focusedlayout>
		</control>
	</include>
	<include name="DVDThumbView">
		<control type="panel" id="54">
			<posx>30</posx>
			<posy>85</posy>
			<width>1190</width>
			<height>550</height>
			<onleft>9000</onleft>
			<onright>60</onright>
			<onup>54</onup>
			<ondown>54</ondown>
			<scrolltime>200</scrolltime>
			<viewtype label="542">icon</viewtype>
			<pagecontrol>60</pagecontrol>
			<orientation>vertical</orientation>
			<animation effect="slide" start="0,0" end="20,0" time="0" condition="!Control.IsVisible(60)">Conditional</animation>
			<itemlayout condition="!Skin.HasSetting(BigDVDIcons)" height="275" width="198">
				<control type="image">
					<posx>0</posx>
					<posy>0</posy>
					<width>193</width>
					<height>270</height>
					<colordiffuse>FFFFFFFF</colordiffuse>
					<texture>button-nofocus.png</texture>
				</control>
				<control type="image">
					<posx>5</posx>
					<posy>5</posy>
					<width>183</width>
					<height>235</height>
					<info>ListItem.Icon</info>
				</control>
				<control type="image">
					<posx>153</posx>
					<posy>210</posy>
					<width>32</width>
					<height>32</height>
					<colordiffuse>FFFFFFFF</colordiffuse>
					<aspectratio>keep</aspectratio>
					<info>Listitem.Overlay</info>
				</control>
				<control type="label">
					<posx>99</posx>
					<posy>240</posy>
					<width>180</width>
					<height>22</height>
					<font>font13</font>
					<selectedcolor>red</selectedcolor>
					<align>center</align>
					<info>ListItem.Label</info>
				</control>
			</itemlayout>
			<focusedlayout condition="!Skin.HasSetting(BigDVDIcons)" height="275" width="198">
				<control type="image">
					<posx>0</posx>
					<posy>0</posy>
					<width>193</width>
					<height>270</height>
					<colordiffuse>FFFFFFFF</colordiffuse>
					<visible>!Control.HasFocus(54)</visible>
					<texture>button-nofocus.png</texture>
				</control>
				<control type="image">
					<posx>0</posx>
					<posy>0</posy>
					<width>193</width>
					<height>270</height>
					<colordiffuse>FFFFFFFF</colordiffuse>
					<visible>Control.HasFocus(54)</visible>
					<texture>button-focus.png</texture>
				</control>
				<control type="image">
					<posx>5</posx>
					<posy>5</posy>
					<width>183</width>
					<height>235</height>
					<info>ListItem.Icon</info>
				</control>
				<control type="image">
					<posx>153</posx>
					<posy>210</posy>
					<width>32</width>
					<height>32</height>
					<colordiffuse>FFFFFFFF</colordiffuse>
					<aspectratio>keep</aspectratio>
					<info>Listitem.Overlay</info>
				</control>
				<control type="label">
					<posx>99</posx>
					<posy>240</posy>
					<width>180</width>
					<height>22</height>
					<font>font13</font>
					<selectedcolor>red</selectedcolor>
					<align>center</align>
					<info>ListItem.Label</info>
				</control>
			</focusedlayout>
			<itemlayout condition="Skin.HasSetting(BigDVDIcons)" height="550" width="396">
				<control type="image">
					<posx>0</posx>
					<posy>0</posy>
					<width>391</width>
					<height>545</height>
					<colordiffuse>FFFFFFFF</colordiffuse>
					<texture>button-nofocus.png</texture>
				</control>
				<control type="image">
					<posx>5</posx>
					<posy>10</posy>
					<width>381</width>
					<height>495</height>
					<info>ListItem.Icon</info>
				</control>
				<control type="image">
					<posx>153</posx>
					<posy>210</posy>
					<width>32</width>
					<height>32</height>
					<colordiffuse>FFFFFFFF</colordiffuse>
					<aspectratio>keep</aspectratio>
					<info>Listitem.Overlay</info>
				</control>
				<control type="label">
					<posx>195</posx>
					<posy>507</posy>
					<width>381</width>
					<height>22</height>
					<font>font13</font>
					<selectedcolor>red</selectedcolor>
					<align>center</align>
					<info>ListItem.Label</info>
				</control>
			</itemlayout>
			<focusedlayout condition="Skin.HasSetting(BigDVDIcons)" height="550" width="396">
				<control type="image">
					<posx>0</posx>
					<posy>0</posy>
					<width>391</width>
					<height>545</height>
					<colordiffuse>FFFFFFFF</colordiffuse>
					<visible>!Control.HasFocus(54)</visible>
					<texture>button-nofocus.png</texture>
				</control>
				<control type="image">
					<posx>0</posx>
					<posy>0</posy>
					<width>391</width>
					<height>545</height>
					<colordiffuse>FFFFFFFF</colordiffuse>
					<visible>Control.HasFocus(54)</visible>
					<texture>button-focus.png</texture>
				</control>
				<control type="image">
					<posx>5</posx>
					<posy>10</posy>
					<width>381</width>
					<height>495</height>
					<info>ListItem.Icon</info>
				</control>
				<control type="image">
					<posx>153</posx>
					<posy>210</posy>
					<width>32</width>
					<height>32</height>
					<colordiffuse>FFFFFFFF</colordiffuse>
					<aspectratio>keep</aspectratio>
					<info>Listitem.Overlay</info>
				</control>
				<control type="label">
					<posx>195</posx>
					<posy>507</posy>
					<width>381</width>
					<height>22</height>
					<font>font13</font>
					<selectedcolor>red</selectedcolor>
					<align>center</align>
					<info>ListItem.Label</info>
				</control>
			</focusedlayout>
		</control>
	</include>
	<include name="WideIconViewCommons">
		<control type="panel" id="59">
			<posx>30</posx>
			<posy>87</posy>
			<width>1190</width>
			<height>549</height>
			<onleft>9000</onleft>
			<onright>60</onright>
			<onup>59</onup>
			<ondown>59</ondown>
			<viewtype label="$LOCALIZE[539] $LOCALIZE[536]">list</viewtype>
			<pagecontrol>60</pagecontrol>
			<scrolltime>200</scrolltime>
			<orientation>vertical</orientation>
			<animation effect="slide" start="0,0" end="20,0" time="0" condition="!Control.IsVisible(60)">Conditional</animation>
			<itemlayout height="183" width="595">
				<control type="image">
					<posx>0</posx>
					<posy>0</posy>
					<width>590</width>
					<height>178</height>
					<colordiffuse>FFFFFFFF</colordiffuse>
					<texture>button-nofocus.png</texture>
				</control>
				<control type="image">
					<posx>10</posx>
					<posy>5</posy>
					<width>570</width>
					<height>138</height>
					<info>ListItem.Icon</info>
				</control>
				<control type="label">
					<posx>297</posx>
					<posy>148</posy>
					<width>570</width>
					<height>25</height>
					<font>font13</font>
					<align>center</align>
					<aligny>center</aligny>
					<selectedcolor>red</selectedcolor>
					<info>ListItem.Label</info>
				</control>
			</itemlayout>
			<focusedlayout height="183" width="595">
				<control type="image">
					<posx>0</posx>
					<posy>0</posy>
					<width>590</width>
					<height>178</height>
					<colordiffuse>FFFFFFFF</colordiffuse>
					<visible>!Control.HasFocus(59)</visible>
					<texture>button-nofocus.png</texture>
				</control>
				<control type="image">
					<posx>0</posx>
					<posy>0</posy>
					<width>590</width>
					<height>178</height>
					<colordiffuse>FFFFFFFF</colordiffuse>
					<visible>Control.HasFocus(59)</visible>
					<texture>button-focus.png</texture>
				</control>
				<control type="image">
					<posx>10</posx>
					<posy>5</posy>
					<width>570</width>
					<height>138</height>
					<info>ListItem.Icon</info>
				</control>
				<control type="label">
					<posx>297</posx>
					<posy>148</posy>
					<width>570</width>
					<height>25</height>
					<font>font13</font>
					<align>center</align>
					<aligny>center</aligny>
					<selectedcolor>red</selectedcolor>
					<info>ListItem.Label</info>
				</control>
			</focusedlayout>
		</control>
	</include>
	<include name="AllViewCommonPageControls">
		<control type="group">
			<posx>1225</posx>
			<posy>85</posy>
			<animation effect="slide" start="0,0" end="-575,0" time="0" condition="Control.IsVisible(50)">Conditional</animation>
			<animation effect="slide" start="0,0" end="-575,0" time="0" condition="[Window.IsVisible(MyPictures) + Control.IsVisible(54)]">Conditional</animation>
			<animation effect="slide" start="0,0" end="-575,0" time="0" condition="[Window.IsVisible(MyMusicFiles) + Control.IsVisible(54)]">Conditional</animation>
			<animation effect="slide" start="0,0" end="-575,0" time="0" condition="[Window.IsVisible(MusicPlaylist) + Control.IsVisible(54)]">Conditional</animation>
			<animation effect="slide" start="0,0" end="-400,0" time="0" condition="[Window.IsVisible(MyVideoLibrary) + Control.IsVisible(55)]">Conditional</animation>
			<control type="button">
				<posx>0</posx>
				<posy>0</posy>
				<width>30</width>
				<height>30</height>
				<onclick>PageUp(60)</onclick>
				<texturefocus>scrollbar_arrow_up_focus.png</texturefocus>
				<texturenofocus>scrollbar_arrow_up.png</texturenofocus>
				<visible>Control.IsVisible(60)</visible>
			</control>
			<control type="scrollbar" id="60">
				<posx>0</posx>
				<posy>35</posy>
				<width>30</width>
				<height>475</height>
				<texturesliderbackground>button-nofocus.png</texturesliderbackground>
				<texturesliderbar>scrollbar_bar.png</texturesliderbar>
				<texturesliderbarfocus>scrollbar_bar_focus.png</texturesliderbarfocus>
				<textureslidernib>-</textureslidernib>
				<textureslidernibfocus>-</textureslidernibfocus>
				<onleft>50</onleft>
				<onright>9000</onright>
				<showonepage>false</showonepage>
				<orientation>vertical</orientation>
			</control>
			<control type="button">
				<posx>0</posx>
				<posy>515</posy>
				<width>30</width>
				<height>30</height>
				<onclick>PageDown(60)</onclick>
				<texturefocus>scrollbar_arrow_down_focus.png</texturefocus>
				<texturenofocus>scrollbar_arrow_down.png</texturenofocus>
				<visible>Control.IsVisible(60)</visible>
			</control>
		</control>
	</include>
</includes>