<window type="dialog" id="1111">
	<defaultcontrol>9000</defaultcontrol>
	<coordinates>
		<system>1</system>
		<posx>240</posx>
		<posy>100</posy>
	</coordinates>
	<include>dialogeffect</include>
	<controls>
		<control type="image">
			<description>background image</description>
			<posx>0</posx>
			<posy>0</posy>
			<width>800</width>
			<height>510</height>
			<colordiffuse>AAFFFFFF</colordiffuse>
			<texture border="6">dialog_background.png</texture>
		</control>
		<control type="image">
			<description>background image</description>
			<posx>5</posx>
			<posy>5</posy>
			<width>790</width>
			<height>500</height>
			<colordiffuse>EFFFFFFF</colordiffuse>
			<texture>menu_back.png</texture>
			<aspectratio>scale</aspectratio>
		</control>
		<control type="label">
			<description>heading label</description>
			<posx>20</posx>
			<posy>10</posy>
			<width>420</width>
			<align>left</align>
			<font>font16</font>
			<label>20077</label>
			<textcolor>red</textcolor>
			<shadowcolor>black</shadowcolor>
		</control>
		<control type="grouplist" id="9000">
			<posx>15</posx>
			<posy>55</posy>
			<width>770</width>
			<height>400</height>
			<itemgap>5</itemgap>
			<pagecontrol>-</pagecontrol>
			<onleft>-</onleft>
			<onright>-</onright>
			<onup>9000</onup>
			<ondown>9000</ondown>
			<control type="button" id="100">
				<description>Download Themes Button</description>
				<width>770</width>
				<height>45</height>
				<label>31010</label>
				<onclick>XBMC.RunScript(Q:\skin\Basics-101\extras\Get_Themes.py)</onclick>
				<pulseonselect>no</pulseonselect>
			</control>
			<control type="image" id="201">
				<description>separator image</description>
				<width>770</width>
				<height>5</height>
				<colordiffuse>AAFFFFFF</colordiffuse>
				<texture>separator.png</texture>
			</control>
			<control type="radiobutton" id="101">
				<description>Use Advanced Mouse RadioButton</description>
				<width>770</width>
				<height>45</height>
				<label>31009</label>
				<onclick>Skin.ToggleSetting(UseAdvancedMouse)</onclick>
				<selected>Skin.HasSetting(UseAdvancedMouse)</selected>
				<pulseonselect>no</pulseonselect>
			</control>
			<control type="radiobutton" id="102">
				<description>Auto scroll Plot RadioButton</description>
				<width>770</width>
				<height>45</height>
				<label>20189</label>
				<onclick>Skin.ToggleSetting(AutoScroll)</onclick>
				<selected>!Skin.HasSetting(AutoScroll)</selected>
				<pulseonselect>no</pulseonselect>
			</control>
			<control type="radiobutton" id="103">
				<description>Extra Large DVD Icons RadioButton</description>
				<width>770</width>
				<height>45</height>
				<label>31014</label>
				<onclick>Skin.ToggleSetting(BigDVDIcons)</onclick>
				<selected>Skin.HasSetting(BigDVDIcons)</selected>
				<pulseonselect>no</pulseonselect>
			</control>
			<control type="image" id="202">
				<description>separator image</description>
				<width>770</width>
				<height>5</height>
				<colordiffuse>AAFFFFFF</colordiffuse>
				<texture>separator.png</texture>
			</control>
			<control type="radiobutton" id="104">
				<description>Background Visualisation RadioButton</description>
				<width>770</width>
				<height>45</height>
				<label>31011</label>
				<onclick>Skin.ToggleSetting(Back_Vis)</onclick>
				<selected>!Skin.HasSetting(Back_Vis)</selected>
				<pulseonselect>no</pulseonselect>
			</control>
			<control type="radiobutton" id="105">
				<description>Background Video RadioButton</description>
				<width>770</width>
				<height>45</height>
				<label>31012</label>
				<onclick>Skin.ToggleSetting(Back_Video)</onclick>
				<selected>!Skin.HasSetting(Back_Video)</selected>
				<pulseonselect>no</pulseonselect>
			</control>
		</control>
	</controls>
</window>