<window id="136">
	<animation effect="fade" time="100">WindowOpen</animation>
	<animation effect="fade" time="200">WindowClose</animation>
	<coordinates>
		<system>1</system>
		<posx>525</posx>
		<posy>330</posy>
	</coordinates>
	<controls>
		<control type="image">
			<description>background image</description>
			<posx>0</posx>
			<posy>0</posy>
			<width>230</width>
			<height>60</height>
			<colordiffuse>AAFFFFFF</colordiffuse>
			<texture border="6">dialog_background.png</texture>
		</control>
		<control type="image">
			<description>background image</description>
			<posx>5</posx>
			<posy>5</posy>
			<width>220</width>
			<height>50</height>
			<colordiffuse>EFFFFFFF</colordiffuse>
			<texture>menu_back.png</texture>
			<aspectratio>scale</aspectratio>
		</control>
		<control type="label">
			<description>Busy label</description>
			<posx>010</posx>
			<posy>5</posy>
			<width>200</width>
			<height>35</height>
			<align>center</align>
			<aligny>center</aligny>
			<label>31008</label>
			<font>font13</font>
		</control>
		<control type="image">
			<description>background image</description>
			<posx>10</posx>
			<posy>40</posy>
			<width>210</width>
			<height>10</height>
			<colordiffuse>AAFFFFFF</colordiffuse>
			<texture>progress_back.png</texture>
		</control>
		<control type="image">
			<description>Overlay image</description>
			<posx>10</posx>
			<posy>40</posy>
			<width>30</width>
			<height>10</height>
			<animation effect="slide" time="1000" start="0,0" end="180,0" pulse="true" condition="true">Conditional</animation>
			<texture>progress_middle.png</texture>
		</control>
	</controls>
</window>