<window id="2006">
	<defaultcontrol>-</defaultcontrol>
	<allowoverlay>no</allowoverlay>
	<controls>
		<control type="visualisation" id="2">
			<description>visualisation</description>
			<posx>0</posx>
			<posy>0</posy>
			<width>1280</width>
			<height>720</height>
		</control>
		<!-- codec & viz infos -->
		<control type="group" id="0">
			<posx>140</posx>
			<posy>20</posy>
			<visible>Player.ShowCodec + ![Window.IsVisible(script-XBMC_Lyrics-main.xml) | Window.IsVisible(VisualisationSettings) | Window.IsVisible(VisualisationPresetList)]</visible>
			<animation effect="fade" time="200">VisibleChange</animation>
			<animation effect="slide" start="0,0" end="0,110" time="200" condition="Player.ShowInfo">Conditional</animation>
			<control type="image" id="0">
				<posx>0</posx>
				<posy>0</posy>
				<width>1000</width>
				<height>100</height>
				<colordiffuse>AAFFFFFF</colordiffuse>
				<texture border="6">dialog_background.png</texture>
			</control>
			<control type="image" id="0">
				<posx>5</posx>
				<posy>5</posy>
				<width>990</width>
				<height>90</height>
				<colordiffuse>AAFFFFFF</colordiffuse>
				<texture>menu_back.png</texture>
				<aspectratio>scale</aspectratio>
			</control>
			<control type="label" id="0">
				<description>Codecinfo</description>
				<posx>20</posx>
				<posy>5</posy>
				<width>950</width>
				<height>30</height>
				<align>left</align>
				<aligny>center</aligny>
				<font>font12</font>
				<label>Audio | $INFO[musicplayer.Codec,Codec: ,]$INFO[musicplayer.Bitrate, - Bitrate: ,kbps]$INFO[musicplayer.bitspersample, - Bits:,bit]$INFO[musicplayer.Samplerate, - Freq.: ,kHz]$INFO[musicplayer.Channels, - Channels: ]</label>
			</control>
			<control type="label" id="0">
				<description>Presets label</description>
				<posx>20</posx>
				<posy>32</posy>
				<width>950</width>
				<height>30</height>
				<align>left</align>
				<aligny>center</aligny>
				<font>font12</font>
				<label>Visual | fps: $INFO[System.FPS] - $LOCALIZE[250] - $INFO[Visualisation.Name] - $LOCALIZE[20166]</label>
				<visible>Visualisation.Locked</visible>
			</control>
			<control type="label" id="0">
				<description>Presets label</description>
				<posx>20</posx>
				<posy>32</posy>
				<width>950</width>
				<height>30</height>
				<align>left</align>
				<aligny>center</aligny>
				<font>font12</font>
				<label>Visual | fps: $INFO[System.FPS] - $LOCALIZE[250] - $INFO[Visualisation.Name]</label>
				<visible>!Visualisation.Locked</visible>
			</control>
			<control type="label" id="0">
				<description>Presets label</description>
				<posx>20</posx>
				<posy>60</posy>
				<width>950</width>
				<height>30</height>
				<align>left</align>
				<aligny>center</aligny>
				<font>font12</font>
				<label>$LOCALIZE[13388] | $INFO[Visualisation.Preset]</label>
			</control>
		</control>
		<!-- media infos -->
		<control type="group" id="1">
			<posx>140</posx>
			<posy>185</posy>
			<visible>Player.ShowInfo + ![Window.IsVisible(script-XBMC_Lyrics-main.xml) | Window.IsVisible(VisualisationSettings) | Window.IsVisible(VisualisationPresetList)]</visible>
			<animation effect="fade" time="500">VisibleChange</animation>
			<animation effect="slide" start="0,0" end="0,50" time="200" condition="Player.ShowCodec">Conditional</animation>
			<control type="image" id="1">
				<posx>0</posx>
				<posy>0</posy>
				<width>1000</width>
				<height>300</height>
				<colordiffuse>AAFFFFFF</colordiffuse>
				<texture border="6">dialog_background.png</texture>
			</control>
			<control type="image" id="1">
				<posx>5</posx>
				<posy>5</posy>
				<width>990</width>
				<height>290</height>
				<colordiffuse>AAFFFFFF</colordiffuse>
				<texture>menu_back.png</texture>
				<aspectratio>scale</aspectratio>
			</control>
			<control type="image" id="1">
				<posx>0</posx>
				<posy>305</posy>
				<width>1000</width>
				<height>50</height>
				<colordiffuse>AAFFFFFF</colordiffuse>
				<texture border="6">dialog_background.png</texture>
			</control>
			<control type="image" id="1">
				<posx>5</posx>
				<posy>310</posy>
				<width>990</width>
				<height>40</height>
				<colordiffuse>AAFFFFFF</colordiffuse>
				<texture>menu_back.png</texture>
				<aspectratio>scale</aspectratio>
			</control>
			<control type="label" id="1">
				<posx>120</posx>
				<posy>310</posy>
				<width>100</width>
				<height>40</height>
				<font>font13</font>
				<align>right</align>
				<aligny>center</aligny>
				<label>$INFO[musicplayer.Time]</label>
			</control>
			<control type="progress" id="1">
				<description>Progressbar</description>
				<posx>130</posx>
				<posy>326</posy>
				<width>735</width>
				<height>10</height>
				<info>Player.Progress</info>
				<texturebg>progress_back.png</texturebg>
				<lefttexture>-</lefttexture>
				<midtexture border="2">progress_middle.png</midtexture>
				<righttexture>-</righttexture>
				<overlaytexture>-</overlaytexture>
			</control>
			<control type="label" id="1">
				<posx>875</posx>
				<posy>310</posy>
				<width>100</width>
				<height>40</height>
				<font>font13</font>
				<align>left</align>
				<aligny>center</aligny>
				<label>$INFO[musicplayer.Duration]</label>
			</control>
			<control type="image" id="1">
				<description>cover image</description>
				<posx>25</posx>
				<posy>25</posy>
				<width>250</width>
				<height>250</height>
				<info>MusicPlayer.Cover</info>
				<aspectratio>keep</aspectratio>
				<bordertexture>button-focus.png</bordertexture>
				<bordersize>5</bordersize>
			</control>
			<control type="group">
				<posx>300</posx>
				<posy>20</posy>
				<control type="fadelabel" id="1">
					<posx>0</posx>
					<posy>15</posy>
					<width>670</width>
					<height>30</height>
					<font>font16</font>
					<align>left</align>
					<aligny>center</aligny>
					<textcolor>white</textcolor>
					<shadowcolor>black</shadowcolor>
					<info>MusicPlayer.Artist</info>
				</control>
				<control type="fadelabel" id="1">
					<posx>0</posx>
					<posy>50</posy>
					<width>670</width>
					<height>30</height>
					<font>font16b</font>
					<align>left</align>
					<aligny>center</aligny>
					<textcolor>red</textcolor>
					<shadowcolor>black</shadowcolor>
					<info>MusicPlayer.Title</info>
				</control>
				<control type="fadelabel" id="1">
					<posx>0</posx>
					<posy>85</posy>
					<width>670</width>
					<height>30</height>
					<font>font16</font>
					<align>left</align>
					<aligny>center</aligny>
					<textcolor>white</textcolor>
					<shadowcolor>black</shadowcolor>
					<info>MusicPlayer.Album</info>
				</control>
				<control type="label" id="1">
					<posx>0</posx>
					<posy>130</posy>
					<width>670</width>
					<height>30</height>
					<font>font13</font>
					<align>left</align>
					<aligny>center</aligny>
					<textcolor>white</textcolor>
					<shadowcolor>black</shadowcolor>
					<label>$INFO[MusicPlayer.Genre,[COLOR=red]$LOCALIZE[515]: [/COLOR]]</label>
				</control>
				<control type="label" id="1">
					<posx>0</posx>
					<posy>165</posy>
					<width>670</width>
					<height>30</height>
					<font>font13</font>
					<align>left</align>
					<aligny>center</aligny>
					<textcolor>white</textcolor>
					<shadowcolor>black</shadowcolor>
					<label>$INFO[MusicPlayer.Year,[COLOR=red]$LOCALIZE[562]: [/COLOR]]</label>
				</control>
				<control type="label" id="1">
					<description>Song Rating Label</description>
					<posx>0</posx>
					<posy>215</posy>
					<width>670</width>
					<height>30</height>
					<font>font13</font>
					<align>left</align>
					<aligny>center</aligny>
					<textcolor>red</textcolor>
					<shadowcolor>black</shadowcolor>
					<label>$LOCALIZE[563]:</label>
				</control>
				<control type="image" id="1">
					<description>Song Rating Image</description>
					<posx>100</posx>
					<posy>215</posy>
					<height>30</height>
					<width>150</width>
					<info>musicplayer.rating</info>
				</control>
				<control type="label" id="1">
					<description>Playlist Pos No</description>
					<posx>670</posx>
					<posy>215</posy>
					<width>200</width>
					<height>30</height>
					<font>font13</font>
					<align>right</align>
					<aligny>center</aligny>
					<textcolor>white</textcolor>
					<shadowcolor>black</shadowcolor>
					<label>$INFO[musicplayer.Playlistposition,[COLOR=red]$LOCALIZE[554]: [/COLOR]]$INFO[musicplayer.Playlistlength, / ]</label>
					<visible>!MusicPartyMode.Enabled</visible>
				</control>
				<control type="label" id="1">
					<description>PartyMode Enabled</description>
					<posx>670</posx>
					<posy>215</posy>
					<width>200</width>
					<height>30</height>
					<font>font13</font>
					<align>right</align>
					<aligny>center</aligny>
					<textcolor>white</textcolor>
					<shadowcolor>black</shadowcolor>
					<label>589</label>
					<visible>MusicPartyMode.Enabled</visible>
				</control>
			</control>
		</control>
	</controls>
</window>