<window id="2">
	<defaultcontrol always="true">50</defaultcontrol>
	<allowoverlay>no</allowoverlay>
	<controls>
		<include>Common_Background</include>
		<control type="group">
			<include>Window_OpenClose_Animation</include>
			<control type="label">
				<description>Title label</description>
				<posx>50</posx>
				<posy>20</posy>
				<width>600</width>
				<height>60</height>
				<align>left</align>
				<aligny>center</aligny>
				<textcolor>red</textcolor>
				<shadowcolor>black</shadowcolor>
				<label>1</label>
				<font>font40</font>
			</control>
			<include>OldListViewCommons</include>
			<include>NewListViewCommons</include>
			<include>ImagesMediaInfo1</include>
			<include>AllViewCommonThumbSmall</include>
			<include>AllViewCommonThumbBig</include>
			<include>AllViewCommonPageControls</include>
			<include>Common_File_Count</include>
			<control type="group" id="9001">
				<posx>-345</posx>
				<posy>0</posy>
				<animation effect="slide" time="150" end="345,0" condition="ControlGroup(9001).HasFocus">Conditional</animation>
				<control type="button">
					<posx>0</posx>
					<posy>0</posy>
					<width>400</width>
					<height>720</height>
					<onclick>-</onclick>
					<hitrect x="0" y="0" w="360" h="720" />
					<texturefocus>Side_Slideout.png</texturefocus>
					<texturenofocus>Side_Slideout.png</texturenofocus>
				</control>
				<control type="group" id="9000">
					<posx>25</posx>
					<posy>140</posy>
					<control type="button" id="2000">
						<description>View As button</description>
						<posx>0</posx>
						<posy>0</posy>
						<include>ButtonCommonValues</include>
						<label>$LOCALIZE[31015] $INFO[Container.ViewMode]</label>
						<onclick>ActivateWindow(1112)</onclick>
						<onleft>50</onleft>
						<onright>50</onright>
						<onup>9</onup>
						<ondown>3</ondown>
					</control>
					<control type="button" id="3">
						<description>Sort by button</description>
						<posx>0</posx>
						<posy>45</posy>
						<include>ButtonCommonValues</include>
						<label>103</label>
						<onleft>50</onleft>
						<onright>4</onright>
						<onup>2000</onup>
						<ondown>6</ondown>
					</control>
					<control type="togglebutton" id="4">
						<description>Sort asc</description>
						<posx>275</posx>
						<posy>53</posy>
						<label>-</label>
						<texturefocus>scroll-up-focus.png</texturefocus>
						<texturenofocus>scroll-up.png</texturenofocus>
						<alttexturefocus>scroll-down-focus.png</alttexturefocus>
						<alttexturenofocus>scroll-down.png</alttexturenofocus>
						<onleft>3</onleft>
						<onright>50</onright>
						<onup>2000</onup>
						<ondown>6</ondown>
					</control>
					<control type="button" id="6">
						<description>Slideshow button</description>
						<posx>0</posx>
						<posy>90</posy>
						<label>108</label>
						<include>ButtonCommonValues</include>
						<onleft>50</onleft>
						<onright>50</onright>
						<onup>3</onup>
						<ondown>7</ondown>
						<pulseonselect>no</pulseonselect>
					</control>
					<control type="button" id="7">
						<description>Recursive Slideshow Button</description>
						<posx>0</posx>
						<posy>135</posy>
						<include>ButtonCommonValues</include>
						<label>361</label>
						<onleft>50</onleft>
						<onright>50</onright>
						<onup>6</onup>
						<ondown>9</ondown>
						<pulseonselect>no</pulseonselect>
					</control>
					<control type="radiobutton" id="9">
						<description>Randomize Button</description>
						<posx>0</posx>
						<posy>180</posy>
						<include>ButtonCommonValues</include>
						<label>13319</label>
						<onleft>50</onleft>
						<onright>50</onright>
						<onup>7</onup>
						<ondown>2000</ondown>
						<pulseonselect>no</pulseonselect>
					</control>
				</control>
			</control>
			<control type="button" id="9004">
				<posx>342</posx>
				<posy>0</posy>
				<width>595</width>
				<height>3</height>
				<onclick>-</onclick>
				<onfocus>ActivateWindow(1112)</onfocus>
				<colordiffuse>AAFFFFFF</colordiffuse>
				<texturefocus>button-focus.png</texturefocus>
				<texturenofocus>button-nofocus.png</texturenofocus>
				<visible>Skin.HasSetting(UseAdvancedMouse)</visible>
			</control>
		</control>
	</controls>
</window>