<window id="130">
	<defaultcontrol>1</defaultcontrol>
	<coordinates>
		<system>1</system>
		<posx>240</posx>
		<posy>72</posy>
	</coordinates>
	<include>dialogeffect</include>
	<controls>
		<control type="image">
			<description>background image</description>
			<posx>0</posx>
			<posy>0</posy>
			<width>800</width>
			<height>575</height>
			<colordiffuse>AAFFFFFF</colordiffuse>
			<texture border="6">dialog_background.png</texture>
		</control>
		<control type="image">
			<description>background image</description>
			<posx>5</posx>
			<posy>5</posy>
			<width>790</width>
			<height>565</height>
			<colordiffuse>EFFFFFFF</colordiffuse>
			<texture>menu_back.png</texture>
			<aspectratio>scale</aspectratio>
		</control>
		<control type="label" id="1">
			<description>heading label</description>
			<posx>20</posx>
			<posy>10</posy>
			<width>420</width>
			<align>left</align>
			<font>font16</font>
			<label>20067</label>
			<textcolor>red</textcolor>
		</control>
		<control type="image">
			<description>profile image background</description>
			<posx>15</posx>
			<posy>50</posy>
			<width>140</width>
			<height>140</height>
			<align>left</align>
			<texture>button-nofocus.png</texture>
		</control>
		<control type="image" id="2">
			<description>profile image</description>
			<posx>20</posx>
			<posy>55</posy>
			<width>130</width>
			<height>130</height>
			<align>left</align>
			<aspectratio>keep</aspectratio>
			<texture>unknown-user.png</texture>
		</control>
		<control type="label" id="0">
			<description>profile name label</description>
			<posx>175</posx>
			<posy>55</posy>
			<width>615</width>
			<align>left</align>
			<font>font13</font>
			<textcolor>red</textcolor>
			<label>$LOCALIZE[20093]</label>
		</control>
		<control type="label" id="1000">
			<description>profile name label</description>
			<posx>175</posx>
			<posy>85</posy>
			<width>615</width>
			<align>left</align>
			<font>font16b</font>
			<textcolor>white</textcolor>
		</control>
		<control type="label" id="0">
			<description>profile directory label</description>
			<posx>175</posx>
			<posy>120</posy>
			<width>615</width>
			<align>left</align>
			<font>font13</font>
			<textcolor>red</textcolor>
			<label>$LOCALIZE[20070]</label>
		</control>
		<control type="label" id="1001">
			<description>profile directory label</description>
			<posx>175</posx>
			<posy>150</posy>
			<width>615</width>
			<align>left</align>
			<font>font13</font>
			<textcolor>white</textcolor>
		</control>
		<control type="grouplist" id="5">
			<description>control area</description>
			<posx>15</posx>
			<posy>200</posy>
			<width>770</width>
			<height>300</height>
			<itemgap>5</itemgap>
			<pagecontrol>-</pagecontrol>
			<include>homemisc</include>
			<onleft>28</onleft>
			<onright>28</onright>
			<onup>28</onup>
			<ondown>28</ondown>
		</control>
		<control type="button" id="7">
			<description>Default Button</description>
			<posx>0</posx>
			<posy>0</posy>
			<height>45</height>
			<font>font13</font>
			<textcolor>white</textcolor>
			<textoffsetx>7</textoffsetx>
			<texturefocus>button-focus.png</texturefocus>
			<texturenofocus>button-nofocus.png</texturenofocus>
		</control>
		<control type="radiobutton" id="8">
			<description>Default RadioButton</description>
			<posx>0</posx>
			<posy>0</posy>
			<height>45</height>
			<font>font13</font>
			<textcolor>white</textcolor>
			<texturefocus>button-focus.png</texturefocus>
			<texturenofocus>button-nofocus.png</texturenofocus>
			<textoffsetx>7</textoffsetx>
			<textureradiofocus>radiobutton-focus.png</textureradiofocus>
			<textureradionofocus>radiobutton-nofocus.png</textureradionofocus>
		</control>
		<control type="spincontrolex" id="9">
			<description>Default SpinControlex</description>
			<posx>0</posx>
			<posy>0</posy>
			<height>45</height>
			<texturefocus>button-focus.png</texturefocus>
			<texturenofocus>button-nofocus.png</texturenofocus>
			<textureup>scroll-up.png</textureup>
			<texturedown>scroll-down.png</texturedown>
			<textureupfocus>scroll-up-focus.png</textureupfocus>
			<texturedownfocus>scroll-down-focus.png</texturedownfocus>
			<font>font13</font>
			<textcolor>white</textcolor>
			<disabledcolor>disabled</disabledcolor>
			<textoffsetx>7</textoffsetx>
			<aligny>center</aligny>
			<reverse>yes</reverse>
		</control>
		<control type="sliderex" id="10">
			<description>Default Slider</description>
			<posx>530</posx>
			<posy>150</posy>
			<height>45</height>
			<texturefocus>button-focus.png</texturefocus>
			<texturenofocus>button-nofocus.png</texturenofocus>
			<sliderwidth>150</sliderwidth>
			<sliderheight>20</sliderheight>
			<texturesliderbar>osd_slider_bg.png</texturesliderbar>
			<textureslidernib>osd_slider_nibNF.png</textureslidernib>
			<textureslidernibfocus>osd_slider_nib.png</textureslidernibfocus>
			<font>font13</font>
			<textcolor>white</textcolor>
			<disabledcolor>disabled</disabledcolor>
			<textoffsetx>7</textoffsetx>
		</control>
		<control type="image" id="11">
			<description>separator image</description>
			<width>350</width>
			<height>5</height>
			<colordiffuse>AAFFFFFF</colordiffuse>
			<texture>separator.png</texture>
		</control>
		<control type="button" id="28">
			<description>Ok button</description>
			<posx>195</posx>
			<posy>515</posy>
			<width>200</width>
			<height>45</height>
			<label>186</label>
			<font>font13</font>
			<align>center</align>
			<texturefocus>button-focus.png</texturefocus>
			<texturenofocus>button-nofocus.png</texturenofocus>
			<onleft>29</onleft>
			<onright>29</onright>
			<onup>5</onup>
			<ondown>5</ondown>
		</control>
		<control type="button" id="29">
			<description>Cancel button</description>
			<posx>405</posx>
			<posy>515</posy>
			<width>200</width>
			<height>45</height>
			<label>222</label>
			<font>font13</font>
			<align>center</align>
			<texturefocus>button-focus.png</texturefocus>
			<texturenofocus>button-nofocus.png</texturenofocus>
			<onleft>28</onleft>
			<onright>28</onright>
			<onup>5</onup>
			<ondown>5</ondown>
		</control>
	</controls>
</window>