<window id="34">
	<defaultcontrol always="true">2</defaultcontrol>
	<allowoverlay>no</allowoverlay>
	<controls>
		<include>Common_Background</include>
		<control type="group">
			<include>Window_OpenClose_Animation</include>
			<control type="label">
				<description>Title label</description>
				<posx>50</posx>
				<posy>20</posy>
				<width>600</width>
				<height>60</height>
				<align>left</align>
				<aligny>center</aligny>
				<textcolor>red</textcolor>
				<shadowcolor>black</shadowcolor>
				<label>13200</label>
				<font>font40</font>
			</control>
			<control type="panel" id="2">
				<posx>30</posx>
				<posy>87</posy>
				<width>1190</width>
				<height>546</height>
				<onleft>9000</onleft>
				<onright>60</onright>
				<onup>2</onup>
				<ondown>2</ondown>
				<viewtype label="$LOCALIZE[535] 2">list</viewtype>
				<pagecontrol>60</pagecontrol>
				<scrolltime>200</scrolltime>
				<orientation>vertical</orientation>
				<animation effect="slide" start="0,0" end="20,0" time="0" condition="!Control.IsVisible(60)">Conditional</animation>
				<itemlayout height="91" width="595">
					<control type="image">
						<posx>0</posx>
						<posy>0</posy>
						<width>590</width>
						<height>86</height>
						<colordiffuse>FFFFFFFF</colordiffuse>
						<texture>button-nofocus.png</texture>
					</control>
					<control type="image">
						<posx>15</posx>
						<posy>5</posy>
						<width>76</width>
						<height>76</height>
						<info>ListItem.Icon</info>
					</control>
					<control type="image">
						<posx>60</posx>
						<posy>49</posy>
						<width>32</width>
						<height>32</height>
						<colordiffuse>FFFFFFFF</colordiffuse>
						<aspectratio>keep</aspectratio>
						<info>Listitem.Overlay</info>
					</control>
					<control type="label">
						<posx>105</posx>
						<posy>5</posy>
						<width>475</width>
						<height>35</height>
						<font>font13</font>
						<aligny>center</aligny>
						<selectedcolor>red</selectedcolor>
						<align>left</align>
						<info>ListItem.Label</info>
					</control>
					<control type="label">
						<posx>105</posx>
						<posy>45</posy>
						<width>475</width>
						<height>35</height>
						<font>font13</font>
						<aligny>center</aligny>
						<selectedcolor>red</selectedcolor>
						<textcolor>white</textcolor>
						<align>left</align>
						<label>$INFO[ListItem.Label2,Last Login - ]</label>
					</control>
				</itemlayout>
				<focusedlayout height="91" width="595">
					<control type="image">
						<posx>0</posx>
						<posy>0</posy>
						<width>590</width>
						<height>86</height>
						<colordiffuse>FFFFFFFF</colordiffuse>
						<visible>!Control.HasFocus(2)</visible>
						<texture>button-nofocus.png</texture>
					</control>
					<control type="image">
						<posx>0</posx>
						<posy>0</posy>
						<width>590</width>
						<height>86</height>
						<colordiffuse>FFFFFFFF</colordiffuse>
						<visible>Control.HasFocus(2)</visible>
						<texture>button-focus.png</texture>
					</control>
					<control type="image">
						<posx>15</posx>
						<posy>5</posy>
						<width>76</width>
						<height>76</height>
						<info>ListItem.Icon</info>
					</control>
					<control type="image">
						<posx>60</posx>
						<posy>49</posy>
						<width>32</width>
						<height>32</height>
						<colordiffuse>FFFFFFFF</colordiffuse>
						<aspectratio>keep</aspectratio>
						<info>Listitem.Overlay</info>
					</control>
					<control type="label">
						<posx>105</posx>
						<posy>5</posy>
						<width>475</width>
						<height>35</height>
						<font>font13</font>
						<aligny>center</aligny>
						<selectedcolor>red</selectedcolor>
						<align>left</align>
						<info>ListItem.Label</info>
					</control>
					<control type="label">
						<posx>105</posx>
						<posy>45</posy>
						<width>475</width>
						<height>35</height>
						<font>font13</font>
						<aligny>center</aligny>
						<selectedcolor>red</selectedcolor>
						<textcolor>white</textcolor>
						<align>left</align>
						<label>$INFO[ListItem.Label2,Last Login - ]</label>
					</control>
				</focusedlayout>
			</control>
			<include>Common_File_Count</include>
			<control type="group" id="9001">
				<posx>-345</posx>
				<posy>0</posy>
				<animation effect="slide" time="150" end="345,0" condition="ControlGroup(9001).HasFocus">Conditional</animation>
				<control type="button">
					<posx>0</posx>
					<posy>0</posy>
					<width>400</width>
					<height>720</height>
					<onclick>-</onclick>
					<hitrect x="0" y="0" w="360" h="720" />
					<texturefocus>Side_Slideout.png</texturefocus>
					<texturenofocus>Side_Slideout.png</texturenofocus>
				</control>
				<control type="group" id="9000">
					<posx>25</posx>
					<posy>140</posy>
					<control type="radiobutton" id="4">
						<description>enable login screen</description>
						<posx>0</posx>
						<posy>0</posy>
						<include>ButtonCommonValues</include>
						<label>20096</label>
						<onleft>2</onleft>
						<onright>2</onright>
						<onup>4</onup>
						<ondown>4</ondown>
						<pulseonselect>no</pulseonselect>
					</control>
				</control>
			</control>
		</control>
	</controls>
</window>