<window id="2007">
	<defaultcontrol>1</defaultcontrol>
	<controls>
		<!-- media infos -->
		<control type="group" id="1">
			<posx>20</posx>
			<posy>620</posy>
			<visible>Player.ShowInfo + Player.HasMedia</visible>
			<animation effect="fade" time="500">VisibleChange</animation>
			<control type="image">
				<posx>0</posx>
				<posy>0</posy>
				<width>640</width>
				<height>90</height>
				<colordiffuse>AAFFFFFF</colordiffuse>
				<texture border="6">dialog_background.png</texture>
			</control>
			<control type="image">
				<posx>5</posx>
				<posy>5</posy>
				<width>630</width>
				<height>80</height>
				<colordiffuse>AAFFFFFF</colordiffuse>
				<texture>menu_back.png</texture>
				<aspectratio>scale</aspectratio>
			</control>
			<control type="group">
				<control type="image" id="1">
					<description>cover image</description>
					<posx>10</posx>
					<posy>10</posy>
					<width>70</width>
					<height>70</height>
					<info>MusicPlayer.Cover</info>
					<aspectratio>keep</aspectratio>
				</control>
				<control type="label" id="1">
					<posx>90</posx>
					<posy>20</posy>
					<font>font12</font>
					<align>left</align>
					<info>MusicPlayer.Artist</info>
					<width>540</width>
					<aligny>center</aligny>
				</control>
				<control type="label" id="1">
					<posx>90</posx>
					<posy>43</posy>
					<font>font13</font>
					<align>left</align>
					<info>MusicPlayer.Title</info>
					<textcolor>red</textcolor>
					<width>540</width>
					<aligny>center</aligny>
				</control>
				<control type="label" id="1">
					<posx>90</posx>
					<posy>70</posy>
					<font>font12</font>
					<align>left</align>
					<label>$INFO[musicplayer.Time]$INFO[musicplayer.Duration, / ]</label>
					<width>540</width>
					<aligny>center</aligny>
				</control>
			</control>
		</control>
	</controls>
</window>