<window id="2005">
 <defaultcontrol>-</defaultcontrol>
	<controls>
		<control type="group" id="0">
			<posx>140</posx>
			<posy>20</posy>
			<animation effect="fade" time="200">VisibleChange</animation>
			<animation effect="slide" start="0,0" end="0,110" time="200" condition="Player.ShowInfo">Conditional</animation>
			<control type="image" id="0">
				<posx>0</posx>
				<posy>0</posy>
				<width>1000</width>
				<height>100</height>
				<colordiffuse>AAFFFFFF</colordiffuse>
				<texture border="6">dialog_background.png</texture>
			</control>
			<control type="image" id="0">
				<posx>5</posx>
				<posy>5</posy>
				<width>990</width>
				<height>90</height>
				<colordiffuse>AAFFFFFF</colordiffuse>
				<texture>menu_back.png</texture>
				<aspectratio>scale</aspectratio>
			</control>
			<control type="label" id="10">
				<description>row 1 label</description>
				<posx>20</posx>
				<posy>5</posy>
				<width>950</width>
				<height>30</height>
				<align>left</align>
				<aligny>center</aligny>
				<font>font12</font>
				<label>-</label>
			</control>
			<control type="label" id="11">
				<description>row 2 label</description>
				<posx>20</posx>
				<posy>32</posy>
				<width>950</width>
				<height>30</height>
				<align>left</align>
				<aligny>center</aligny>
				<font>font12</font>
				<label>-</label>
			</control>
			<control type="label" id="12">
				<description>row 3 label</description>
				<posx>20</posx>
				<posy>60</posy>
				<width>950</width>
				<height>30</height>
				<align>left</align>
				<aligny>center</aligny>
				<font>font12</font>
				<label>-</label>
			</control>
		</control>
		<!-- media infos -->
		<control type="group" id="1">
			<posx>140</posx>
			<posy>185</posy>
			<visible>Player.ShowInfo + VideoPlayer.HasInfo + !Window.IsVisible(123) + !Window.IsVisible(124) + !Window.IsVisible(125)</visible>
			<animation effect="fade" time="200">VisibleChange</animation>
			<animation effect="slide" start="0,0" end="0,50" time="200" condition="Player.ShowCodec">Conditional</animation>
			<control type="image" id="1">
				<posx>0</posx>
				<posy>0</posy>
				<width>1000</width>
				<height>300</height>
				<colordiffuse>AAFFFFFF</colordiffuse>
				<texture border="6">dialog_background.png</texture>
			</control>
			<control type="image" id="1">
				<posx>5</posx>
				<posy>5</posy>
				<width>990</width>
				<height>290</height>
				<colordiffuse>AAFFFFFF</colordiffuse>
				<texture>menu_back.png</texture>
				<aspectratio>scale</aspectratio>
			</control>
			<control type="image" id="1">
				<posx>0</posx>
				<posy>305</posy>
				<width>1000</width>
				<height>50</height>
				<colordiffuse>AAFFFFFF</colordiffuse>
				<texture border="6">dialog_background.png</texture>
			</control>
			<control type="image" id="1">
				<posx>5</posx>
				<posy>310</posy>
				<width>990</width>
				<height>40</height>
				<colordiffuse>AAFFFFFF</colordiffuse>
				<texture>menu_back.png</texture>
				<aspectratio>scale</aspectratio>
			</control>
			<control type="label" id="1">
				<posx>125</posx>
				<posy>310</posy>
				<width>110</width>
				<height>40</height>
				<font>font13</font>
				<align>right</align>
				<aligny>center</aligny>
				<label>$INFO[VideoPlayer.Time]</label>
			</control>
			<control type="progress" id="1">
				<description>Progressbar</description>
				<posx>135</posx>
				<posy>326</posy>
				<width>730</width>
				<height>10</height>
				<info>Player.Progress</info>
				<texturebg>progress_back.png</texturebg>
				<lefttexture>-</lefttexture>
				<midtexture border="2">progress_middle.png</midtexture>
				<righttexture>-</righttexture>
				<overlaytexture>-</overlaytexture>
			</control>
			<control type="label" id="1">
				<posx>875</posx>
				<posy>310</posy>
				<width>110</width>
				<height>40</height>
				<font>font13</font>
				<align>left</align>
				<aligny>center</aligny>
				<label>$INFO[VideoPlayer.Duration]</label>
			</control>
			<control type="image" id="1">
				<description>cover image</description>
				<posx>25</posx>
				<posy>25</posy>
				<width>250</width>
				<height>250</height>
				<info>VideoPlayer.Cover</info>
				<aspectratio>keep</aspectratio>
				<bordertexture>button-focus.png</bordertexture>
				<bordersize>5</bordersize>
			</control>
			<control type="group" id="1">
				<posx>300</posx>
				<posy>20</posy>
				<visible>!videoplayer.content(episodes) + !videoplayer.content(musicvideos)</visible>
				<control type="fadelabel" id="1">
					<posx>0</posx>
					<posy>10</posy>
					<width>670</width>
					<height>30</height>
					<font>font16</font>
					<align>left</align>
					<aligny>center</aligny>
					<textcolor>white</textcolor>
					<shadowcolor>black</shadowcolor>
					<info>VideoPlayer.Director</info>
					<visible>!IsEmpty(VideoPlayer.Director)</visible>
				</control>
				<control type="fadelabel" id="1">
					<posx>0</posx>
					<posy>10</posy>
					<width>670</width>
					<height>30</height>
					<font>font16</font>
					<align>left</align>
					<aligny>center</aligny>
					<textcolor>white</textcolor>
					<shadowcolor>black</shadowcolor>
					<info>VideoPlayer.Studio</info>
					<visible>IsEmpty(VideoPlayer.Director) + !IsEmpty(VideoPlayer.Studio)</visible>
				</control>
				<control type="fadelabel" id="1">
					<posx>0</posx>
					<posy>45</posy>
					<width>670</width>
					<height>30</height>
					<font>font16b</font>
					<align>left</align>
					<aligny>center</aligny>
					<textcolor>red</textcolor>
					<shadowcolor>black</shadowcolor>
					<info>VideoPlayer.Title</info>
				</control>
				<control type="label" id="1">
					<posx>0</posx>
					<posy>85</posy>
					<width>670</width>
					<height>30</height>
					<font>font13</font>
					<align>left</align>
					<aligny>center</aligny>
					<textcolor>white</textcolor>
					<shadowcolor>black</shadowcolor>
					<label>$INFO[VideoPlayer.Genre,[COLOR=red]$LOCALIZE[515]: [/COLOR]]</label>
				</control>
				<control type="label" id="1">
					<posx>0</posx>
					<posy>120</posy>
					<width>470</width>
					<height>30</height>
					<font>font13</font>
					<align>left</align>
					<aligny>center</aligny>
					<textcolor>white</textcolor>
					<shadowcolor>black</shadowcolor>
					<label>$INFO[VideoPlayer.Year,[COLOR=red]$LOCALIZE[562]: [/COLOR]]</label>
				</control>
				<control type="label" id="1">
					<description>Rating Label</description>
					<posx>670</posx>
					<posy>120</posy>
					<width>200</width>
					<height>30</height>
					<font>font13</font>
					<align>right</align>
					<aligny>center</aligny>
					<textcolor>white</textcolor>
					<shadowcolor>black</shadowcolor>
					<label>$INFO[VideoPlayer.Rating,[COLOR=red]$LOCALIZE[563]: [/COLOR]]</label>
				</control>
				<control type="textbox" id="1">
					<description>Plot Label</description>
					<posx>0</posx>
					<posy>165</posy>
					<width>670</width>
					<height>100</height>
					<font>font13</font>
					<align>left</align>
					<pagecontrol>99999999999999</pagecontrol>
					<textcolor>white</textcolor>
					<shadowcolor>black</shadowcolor>
					<label>$INFO[VideoPlayer.plotoutline,[COLOR=red]$LOCALIZE[203]: [/COLOR]]</label>
				</control>
			</control>
			<control type="group" id="1">
				<posx>300</posx>
				<posy>20</posy>
				<visible>videoplayer.content(episodes)</visible>
				<control type="fadelabel" id="1">
					<posx>0</posx>
					<posy>10</posy>
					<width>670</width>
					<height>30</height>
					<font>font16</font>
					<align>left</align>
					<aligny>center</aligny>
					<textcolor>white</textcolor>
					<shadowcolor>black</shadowcolor>
					<info>VideoPlayer.TVShowTitle</info>
				</control>
				<control type="fadelabel" id="1">
					<posx>0</posx>
					<posy>45</posy>
					<width>670</width>
					<height>30</height>
					<font>font16b</font>
					<align>left</align>
					<aligny>center</aligny>
					<textcolor>red</textcolor>
					<shadowcolor>black</shadowcolor>
					<info>VideoPlayer.Title</info>
				</control>
				<control type="label" id="1">
					<posx>0</posx>
					<posy>85</posy>
					<width>470</width>
					<height>30</height>
					<font>font13</font>
					<align>left</align>
					<aligny>center</aligny>
					<textcolor>white</textcolor>
					<shadowcolor>black</shadowcolor>
					<label>$INFO[VideoPlayer.Season,[COLOR=red]$LOCALIZE[20373]: [/COLOR]] &#32;&#32;&#32; $INFO[VideoPlayer.Episode,[COLOR=red]$LOCALIZE[20359]: [/COLOR]]</label>
				</control>
				<control type="label" id="1">
					<posx>0</posx>
					<posy>120</posy>
					<width>670</width>
					<height>30</height>
					<font>font13</font>
					<align>left</align>
					<aligny>center</aligny>
					<textcolor>white</textcolor>
					<shadowcolor>black</shadowcolor>
					<label>$INFO[VideoPlayer.premiered,[COLOR=red]$LOCALIZE[20416]: [/COLOR]]</label>
				</control>
				<control type="textbox" id="1">
					<description>Plot Label</description>
					<posx>0</posx>
					<posy>165</posy>
					<width>670</width>
					<height>100</height>
					<font>font13</font>
					<align>left</align>
					<pagecontrol>99999999999999</pagecontrol>
					<textcolor>white</textcolor>
					<shadowcolor>black</shadowcolor>
					<label>$INFO[VideoPlayer.plot,[COLOR=red]$LOCALIZE[203]: [/COLOR]]</label>
				</control>
			</control>
			<control type="group" id="1">
				<posx>300</posx>
				<posy>20</posy>
				<visible>videoplayer.content(musicvideos)</visible>
				<control type="fadelabel" id="1">
					<posx>0</posx>
					<posy>15</posy>
					<width>670</width>
					<height>30</height>
					<font>font16</font>
					<align>left</align>
					<aligny>center</aligny>
					<textcolor>white</textcolor>
					<shadowcolor>black</shadowcolor>
					<info>VideoPlayer.Artist</info>
				</control>
				<control type="fadelabel" id="1">
					<posx>0</posx>
					<posy>50</posy>
					<width>670</width>
					<height>30</height>
					<font>font16b</font>
					<align>left</align>
					<aligny>center</aligny>
					<textcolor>red</textcolor>
					<shadowcolor>black</shadowcolor>
					<info>VideoPlayer.Title</info>
				</control>
				<control type="fadelabel" id="1">
					<posx>0</posx>
					<posy>85</posy>
					<width>670</width>
					<height>30</height>
					<font>font16</font>
					<align>left</align>
					<aligny>center</aligny>
					<textcolor>white</textcolor>
					<shadowcolor>black</shadowcolor>
					<info>VideoPlayer.Album</info>
				</control>
				<control type="label" id="1">
					<posx>0</posx>
					<posy>130</posy>
					<width>470</width>
					<height>30</height>
					<font>font13</font>
					<align>left</align>
					<aligny>center</aligny>
					<textcolor>white</textcolor>
					<shadowcolor>black</shadowcolor>
					<label>$INFO[VideoPlayer.Genre,[COLOR=red]$LOCALIZE[515]: [/COLOR]]</label>
				</control>
				<control type="label" id="1">
					<posx>670</posx>
					<posy>130</posy>
					<width>200</width>
					<height>30</height>
					<font>font13</font>
					<align>right</align>
					<aligny>center</aligny>
					<textcolor>white</textcolor>
					<shadowcolor>black</shadowcolor>
					<label>$INFO[VideoPlayer.Year,[COLOR=red]$LOCALIZE[562]: [/COLOR]]</label>
				</control>
				<control type="textbox" id="1">
					<description>Song Plot Label</description>
					<posx>0</posx>
					<posy>165</posy>
					<width>670</width>
					<height>100</height>
					<font>font13</font>
					<align>left</align>
					<pagecontrol>99999999999999</pagecontrol>
					<textcolor>white</textcolor>
					<shadowcolor>black</shadowcolor>
					<label>$INFO[VideoPlayer.plot,[COLOR=red]$LOCALIZE[15053]: [/COLOR]]</label>
				</control>
			</control>
		</control>
		<control type="group" id="1">
			<posx>140</posx>
			<posy>185</posy>
			<visible>Player.ShowInfo + !VideoPlayer.HasInfo + !Window.IsVisible(123) + !Window.IsVisible(124) + !Window.IsVisible(125)</visible>
			<animation effect="fade" time="200">VisibleChange</animation>
			<control type="image" id="1">
				<posx>0</posx>
				<posy>50</posy>
				<width>250</width>
				<height>250</height>
				<colordiffuse>AAFFFFFF</colordiffuse>
				<texture border="6">dialog_background.png</texture>
			</control>
			<control type="image" id="1">
				<posx>5</posx>
				<posy>55</posy>
				<width>240</width>
				<height>240</height>
				<colordiffuse>AAFFFFFF</colordiffuse>
				<texture>menu_back.png</texture>
				<aspectratio>scale</aspectratio>
			</control>
			<control type="image" id="1">
				<posx>0</posx>
				<posy>305</posy>
				<width>1000</width>
				<height>50</height>
				<colordiffuse>AAFFFFFF</colordiffuse>
				<texture border="6">dialog_background.png</texture>
			</control>
			<control type="image" id="1">
				<posx>5</posx>
				<posy>310</posy>
				<width>990</width>
				<height>40</height>
				<colordiffuse>AAFFFFFF</colordiffuse>
				<texture>menu_back.png</texture>
				<aspectratio>scale</aspectratio>
			</control>
			<control type="label" id="1">
				<posx>125</posx>
				<posy>310</posy>
				<width>110</width>
				<height>40</height>
				<font>font13</font>
				<align>right</align>
				<aligny>center</aligny>
				<label>$INFO[VideoPlayer.Time]</label>
			</control>
			<control type="progress" id="1">
				<description>Progressbar</description>
				<posx>135</posx>
				<posy>326</posy>
				<width>730</width>
				<height>10</height>
				<info>Player.Progress</info>
				<texturebg>progress_back.png</texturebg>
				<lefttexture>-</lefttexture>
				<midtexture border="2">progress_middle.png</midtexture>
				<righttexture>-</righttexture>
				<overlaytexture>-</overlaytexture>
			</control>
			<control type="label" id="1">
				<posx>875</posx>
				<posy>310</posy>
				<width>110</width>
				<height>40</height>
				<font>font13</font>
				<align>left</align>
				<aligny>center</aligny>
				<label>$INFO[VideoPlayer.Duration]</label>
			</control>
			<control type="image" id="1">
				<description>cover image</description>
				<posx>15</posx>
				<posy>65</posy>
				<width>220</width>
				<height>220</height>
				<info>VideoPlayer.Cover</info>
				<aspectratio>keep</aspectratio>
			</control>
			<control type="group" id="1">
				<posx>255</posx>
				<posy>250</posy>
				<control type="image" id="1">
					<posx>0</posx>
					<posy>0</posy>
					<width>745</width>
					<height>50</height>
					<colordiffuse>AAFFFFFF</colordiffuse>
					<texture border="6">dialog_background.png</texture>
				</control>
				<control type="image" id="1">
					<posx>5</posx>
					<posy>5</posy>
					<width>735</width>
					<height>40</height>
					<colordiffuse>AAFFFFFF</colordiffuse>
					<texture>menu_back.png</texture>
					<aspectratio>scale</aspectratio>
				</control>
				<control type="fadelabel" id="1">
					<posx>20</posx>
					<posy>5</posy>
					<width>705</width>
					<height>40</height>
					<font>font16b</font>
					<align>left</align>
					<aligny>center</aligny>
					<textcolor>white</textcolor>
					<shadowcolor>black</shadowcolor>
					<info>VideoPlayer.Title</info>
				</control>
			</control>
		</control>
	</controls>
</window>