<sounds>
  <actions>
    <action>
      <name>left</name>
      <file>sound7.wav</file>
    </action>
    <action>
      <name>right</name>
      <file>sound7.wav</file>
    </action>
    <action>
      <name>up</name>
      <file>up.wav</file>
    </action>
    <action>
      <name>down</name>
      <file>down.wav</file>
    </action>
    <action>
      <name>select</name>
      <file>select.wav</file>
    </action>
    <action>
      <name>parentdir</name>
      <file>back.wav</file>
    </action>
    <action>
      <name>previousmenu</name>
      <file>back.wav</file>
    </action>
    <action>
      <name>screenshot</name>
      <file>-</file>
    </action>
	<action>
      <name>ContextMenu</name>
      <file>pop.wav</file>
    </action>
	<action>
      <name>Info</name>
      <file>action.wav</file>
    </action>
	<action>
      <name>Close</name>
      <file>action.wav</file>
    </action>
  </actions>

  <windows>
    <window>
      <name>startup</name>
      <activate>01_-_alpha.wav</activate>
    </window>
    <window>
      <name>0</name>
      <deactivate>-</deactivate>
    </window>
    <window>
      <name>4</name>
      <deactivate>-</deactivate>
    </window>
  </windows>
</sounds>