<includes>
        <!--  Roller for Albums with 4 items ID 56!-->
        <include name="AlbumsRoller">
                <control type="list" id="56">
                        <visible>Container.Content(Albums) | Container.Content(Songs)</visible>
                        <posx>250</posx>
                        <posy>315</posy>
                        <width>430</width>
                        <height>200</height>
                        <onleft>9000</onleft>
                        <onright>82</onright>
                        <onup>56</onup>
                        <ondown>56</ondown>
                        <viewtype label="Roller">list</viewtype>
                        <scrolltime>1</scrolltime>
                        <pagecontrol>-</pagecontrol>
                        <itemlayout height="25">
                                <control type="label">
                                        <posx>8</posx>
                                        <posy>2</posy>
                                        <width>415</width>
                                        <info>ListItem.Label</info>
                                        <include>textcoloralt</include>
                                </control>
                                <control type="label">
                                        <posx>425</posx>
                                        <posy>2</posy>
                                        <width>415</width>
                                        <align>right</align>
                                        <info>ListItem.Label2</info>
                                        <include>textcoloralt</include>
                                </control>
                        </itemlayout>
                        <focusedlayout height="101">
                                <control type="label">
                                        <posx>5</posx>
                                        <posy>2</posy>
                                        <width>360</width>
                                        <scroll>true</scroll>
                                        <info>ListItem.Label</info>
                                        <font>font14</font>
                                        <shadowcolor>80000000</shadowcolor>
                                </control>
                                <control type="label">
                                        <posx>425</posx>
                                        <posy>2</posy>
                                        <width>50</width>
                                        <label>$INFO[ListItem.Duration]</label>
                                        <align>right</align>
                                        <font>font14</font>
                                        <include>textcolorinfo</include>
                                </control>
                                <control type="image">
                                        <posx>330</posx>
                                        <posy>40</posy>
                                        <width>120</width>
                                        <height>20</height>
                                        <info>Listitem.Rating</info>
                                        <aspectratio>keep</aspectratio>
                                </control>
                                <control type="label">
                                        <posx>20</posx>
                                        <posy>35</posy>
                                        <width>360</width>
                                        <label>$INFO[ListItem.Artist]</label>
                                        <font>font14</font>
                                        <include>textcolorinfo</include>
                                </control>
                                <control type="label">
                                        <visible>Container.Content(Albums)</visible>
                                        <posx>20</posx>
                                        <posy>70</posy>
                                        <width>360</width>
                                        <scroll>true</scroll>
                                        <label>$INFO[ListItem.Year,, -] $INFO[ListItem.Genre]</label>
                                        <include>textcoloralt</include>
                                </control>
                                <control type="label">
                                        <visible>Container.Content(Songs)</visible>
                                        <posx>20</posx>
                                        <posy>70</posy>
                                        <width>360</width>
                                        <scroll>true</scroll>
                                        <label>$INFO[ListItem.Album]</label>
                                        <include>textcoloralt</include>
                                </control>
                                <control type="label">
                                        <visible>Container.Content(Songs)</visible>
                                        <posx>425</posx>
                                        <posy>70</posy>
                                        <width>360</width>
                                        <scroll>true</scroll>
                                        <label>$INFO[ListItem.Year,, -] $INFO[ListItem.Genre]</label>
                                        <align>right</align>
                                        <include>textcoloralt</include>
                                </control>
                                <control type="image">
                                        <posx>20</posx>
                                        <posy>100</posy>
                                        <width>430</width>
                                        <height>1</height>
                                        <texture>divline2.png</texture>
                                </control>
                        </focusedlayout>
                </control>
                <!--  Album Plot !-->
                <control type="group">
                        <visible>Control.IsVisible(56)</visible>
                        <control type="button" id="82">
                                <description>SmallInfo button</description>
                                <posx>640</posx>
                                <posy>270</posy>
                                <width>24</width>
                                <height>24</height>
                                <label>-</label>
                                <font>-</font>
                                <aligny>-</aligny>
                                <texturefocus>-</texturefocus>
                                <texturenofocus>-</texturenofocus>
                                <onleft>56</onleft>
                                <onright>56</onright>
                                <onup>82</onup>
                                <ondown>82</ondown>
                        </control>
                </control>

#-------------------------------------------------------------------------------------------
#ROLLING DOWN
#-------------------------------------------------------------------------------------------

       <control type="group">
                        <posx>-925</posx>
                        <posy>0</posy>
                        <control type="image" id="3000">
                                <visible>Control.IsVisible(56) + Container.OnPrevious</visible>
                                <posx>1035</posx>
                                <posy>158</posy>
                                <width>70</width>
                                <height>142</height>
                                <info>Container.Listitem(-2).Thumb</info>
                                <animation effect="zoom" end="1015,170,105,165" time="200">Hidden</animation>
                        </control>
                        <control type="image" id="3000">
                                <visible>Control.IsVisible(56) + Container.OnPrevious</visible>
                                <posx>1020</posx>
                                <posy>152</posy>
                                <width>92</width>
                                <height>159</height>
                                <texture>case-cd2.png</texture>
                                <animation effect="zoom" end="1000,165,130,186" time="200">Hidden</animation>
                        </control>
                        <control type="image" id="3000">
                                <visible>Control.IsVisible(56) + Container.OnPrevious</visible>
                                <posx>1015</posx>
                                <posy>170</posy>
                                <width>105</width>
                                <height>165</height>
                                <aspectratio>stretch</aspectratio>
                                <info>Container.Listitem(-1).Thumb</info>
                                <animation effect="zoom" end="1005,195,136,195" time="200">Hidden</animation>
                        </control>
                        <control type="image" id="3000">
                                <visible>Control.IsVisible(56) + Container.OnPrevious</visible>
                                <posx>1000</posx>
                                <posy>165</posy>
                                <width>130</width>
                                <height>186</height>
                                <texture>case-cd2.png</texture>
                                <animation effect="zoom" start="1000,165,130,186" end="983,190,168,213" time="200">Hidden</animation>
                        </control>
                        <control type="image" id="3000">
                                <visible>Control.IsVisible(56) + Container.OnPrevious</visible>
                                <posx>1005</posx>
                                <posy>290</posy>
                                <width>136</width>
                                <height>195</height>
                                <aspectratio>stretch</aspectratio>
                                <info>Container.Listitem(2).Thumb</info>
                                <animation effect="zoom" end="1015,345,105,165" time="200">Hidden</animation>
                        </control>
                        <control type="image" id="3000">
                                <visible>Control.IsVisible(56) + Container.OnPrevious</visible>
                                <posx>983</posx>
                                <posy>287</posy>
                                <width>168</width>
                                <height>213</height>
                                <texture>case-cd2.png</texture>
                                <animation effect="zoom" end="1000,339,130,186" time="200">Hidden</animation>
                        </control>
                        <control type="image" id="3000">
                                <visible>Control.IsVisible(56) + Container.OnPrevious</visible>
                                <posx>990</posx>
                                <posy>230</posy>
                                <width>165</width>
                                <height>215</height>
                                <info>Container.Listitem(1).Thumb</info>
                                <aspectratio>stretch</aspectratio>
                                <animation effect="zoom" end="1005,290,136,195" time="200">Hidden</animation>
                                <animation effect="fade" start="50" end="80" time="200" condition="true">Conditional</animation>
                        </control>
                        <control type="image" id="3000">
                                <visible>Control.IsVisible(56) + Container.OnPrevious</visible>
                                <posx>970</posx>
                                <posy>223</posy>
                                <width>200</width>
                                <height>240</height>
                                <texture>case-cd2.png</texture>
                                <animation effect="zoom" end="983,287,168,213" time="200">Hidden</animation>
                        </control>
                        <control type="image" id="3000">
                                <visible>Control.IsVisible(56) + Container.OnPrevious</visible>
                                <posx>1005</posx>
                                <posy>195</posy>
                                <width>136</width>
                                <height>195</height>
                                <aspectratio>stretch</aspectratio>
                                <info>Container.Listitem(0).Thumb</info>
                                <animation effect="zoom" end="990,230,165,215" time="200">Hidden</animation>
                        </control>
                        <control type="image" id="3000">
                                <visible>Control.IsVisible(56) + Container.OnPrevious</visible>
                                <posx>983</posx>
                                <posy>190</posy>
                                <width>168</width>
                                <height>213</height>
                                <texture>case-cd2.png</texture>
                                <animation effect="zoom" end="970,223,200,240" time="200">Hidden</animation>
                        </control>


#-------------------------------------------------------------------------------------------
#ROLLING UP
#-------------------------------------------------------------------------------------------

                        <control type="image" id="3001">
                                <visible>Control.IsVisible(56) + Container.OnNext</visible>
                                <posx>1005</posx>
                                <posy>195</posy>
                                <width>136</width>
                                <height>195</height>
                                <aspectratio>stretch</aspectratio>
                                <info>Container.Listitem(-2).Thumb</info>
                                <animation effect="zoom" end="1015,170,105,165" time="200">Hidden</animation>
                        </control>
                        <control type="image" id="3001">
                                <visible>Control.IsVisible(56) + Container.OnNext</visible>
                                <posx>983</posx>
                                <posy>190</posy>
                                <width>168</width>
                                <height>213</height>
                                <texture>case-cd2.png</texture>
                                <animation effect="zoom" end="1000,165,130,186" time="200">Hidden</animation>
                        </control>
                        <control type="image" id="3001">
                                <visible>Control.IsVisible(56) + Container.OnNext</visible>
                                <posx>990</posx>
                                <posy>230</posy>
                                <width>165</width>
                                <height>215</height>
                                <info>Container.Listitem(-1).Thumb</info>
                                <aspectratio>stretch</aspectratio>
                                <animation effect="zoom" end="1005,195,136,195" time="200">Hidden</animation>
                        </control>
                        <control type="image" id="3001">
                                <visible>Control.IsVisible(56) + Container.OnNext</visible>
                                <posx>970</posx>
                                <posy>223</posy>
                                <width>200</width>
                                <height>240</height>
                                <texture>case-cd2.png</texture>
                                <animation effect="zoom" end="983,190,168,213" time="200">Hidden</animation>
                        </control>
                        <control type="image" id="3001">
                                <visible>Control.IsVisible(56) + Container.OnNext</visible>
                                <posx>1035</posx>
                                <posy>393</posy>
                                <width>70</width>
                                <height>142</height>
                                <info>Container.Listitem(2).Thumb</info>
                                <animation effect="zoom" end="1015,345,105,165" time="200">Hidden</animation>
                        </control>
                        <control type="image" id="3001">
                                <visible>Control.IsVisible(56) + Container.OnNext</visible>
                                <posx>1020</posx>
                                <posy>387</posy>
                                <width>92</width>
                                <height>159</height>
                                <texture>case-cd2.png</texture>
                                <animation effect="zoom" end="1000,339,130,186" time="200">Hidden</animation>
                        </control>
                        <control type="image" id="3001">
                                <visible>Control.IsVisible(56) + Container.OnNext</visible>
                                <posx>1015</posx>
                                <posy>345</posy>
                                <width>105</width>
                                <height>165</height>
                                <aspectratio>stretch</aspectratio>
                                <info>Container.Listitem(1).Thumb</info>
                                <animation effect="zoom" end="1005,290,136,195" time="200">Hidden</animation>
                        </control>
                        <control type="image" id="3001">
                                <visible>Control.IsVisible(56) + Container.OnNext</visible>
                                <posx>1000</posx>
                                <posy>339</posy>
                                <width>130</width>
                                <height>186</height>
                                <texture>case-cd2.png</texture>
                                <animation effect="zoom" end="983,287,168,213" time="200">Hidden</animation>
                        </control>
                        <control type="image" id="3001">
                                <visible>Control.IsVisible(56) + Container.OnNext</visible>
                                <posx>1005</posx>
                                <posy>290</posy>
                                <width>136</width>
                                <height>195</height>
                                <aspectratio>stretch</aspectratio>
                                <info>Container.Listitem(0).Thumb</info>
                                <animation effect="zoom" end="990,230,165,215" time="200">Hidden</animation>
                        </control>
                        <control type="image" id="3001">
                                <visible>Control.IsVisible(56) + Container.OnNext</visible>
                                <posx>983</posx>
                                <posy>287</posy>
                                <width>168</width>
                                <height>213</height>
                                <texture>case-cd2.png</texture>
                                <animation effect="zoom" end="970,223,200,240" time="200">Hidden</animation>
                        </control>

#-------------------------------------------------------------------------------------------
#STATIC ICONS
#-------------------------------------------------------------------------------------------

                        <control type="image" id="3002">
                                <posx>1015</posx>
                                <posy>345</posy>
                                <width>105</width>
                                <height>165</height>
                                <aspectratio>stretch</aspectratio>
                                <info>Container.Listitem(2).Thumb</info>
                                <visible>Control.IsVisible(56) + !Control.IsVisible(3001) + !Control.IsVisible(3000)</visible>
                        </control>
                        <control type="image" id="3002">
                                <posx>1000</posx>
                                <posy>339</posy>
                                <width>130</width>
                                <height>186</height>
                                <texture>case-cd2.png</texture>
                                <visible>Control.IsVisible(56) + !Control.IsVisible(3001) + !Control.IsVisible(3000)</visible>
                        </control>
                        <control type="image" id="3002">
                                <posx>1015</posx>
                                <posy>170</posy>
                                <width>105</width>
                                <height>165</height>
                                <aspectratio>stretch</aspectratio>
                                <info>Container.Listitem(-2).Thumb</info>
                                <visible>Control.IsVisible(56) + !Control.IsVisible(3001) + !Control.IsVisible(3000)</visible>
                        </control>
                        <control type="image" id="3002">
                                <posx>1000</posx>
                                <posy>165</posy>
                                <width>130</width>
                                <height>186</height>
                                <texture>case-cd2.png</texture>
                                <visible>Control.IsVisible(56) + !Control.IsVisible(3001) + !Control.IsVisible(3000)</visible>
                        </control>
                        <control type="image" id="3002">
                                <posx>1005</posx>
                                <posy>290</posy>
                                <width>136</width>
                                <height>195</height>
                                <aspectratio>stretch</aspectratio>
                                <info>Container.Listitem(1).Thumb</info>
                                <visible>Control.IsVisible(56) + !Control.IsVisible(3001) + !Control.IsVisible(3000)</visible>
                        </control>
                        <control type="image" id="3002">
                                <posx>983</posx>
                                <posy>287</posy>
                                <width>168</width>
                                <height>213</height>
                                <texture>case-cd2.png</texture>
                                <visible>Control.IsVisible(56) + !Control.IsVisible(3001) + !Control.IsVisible(3000)</visible>
                        </control>
                        <control type="image" id="3002">
                                <posx>1005</posx>
                                <posy>195</posy>
                                <width>136</width>
                                <height>195</height>
                                <aspectratio>stretch</aspectratio>
                                <info>Container.Listitem(-1).Thumb</info>
                                <visible>Control.IsVisible(56) + !Control.IsVisible(3001) + !Control.IsVisible(3000)</visible>
                        </control>
                        <control type="image" id="3002">
                                <posx>983</posx>
                                <posy>190</posy>
                                <width>168</width>
                                <height>213</height>
                                <texture>case-cd2.png</texture>
                                <visible>Control.IsVisible(56) + !Control.IsVisible(3001) + !Control.IsVisible(3000)</visible>
                        </control>
                        <control type="image" id="3002">
                                <posx>970</posx>
                                <posy>223</posy>
                                <width>200</width>
                                <height>240</height>
                                <texture>case-cd2a.png</texture>
                                <visible>Control.IsVisible(56) + !Control.IsVisible(3001) + !Control.IsVisible(3000)</visible>
                        </control>
                        <control type="image" id="3002">
                                <posx>990</posx>
                                <posy>230</posy>
                                <width>165</width>
                                <height>215</height>
                                <aspectratio>stretch</aspectratio>
                                <info>Container.Listitem(0).Thumb</info>
                                <visible>Control.IsVisible(56) + !Control.IsVisible(3001) + !Control.IsVisible(3000)</visible>
                        </control>
                        <control type="image" id="3002">
                                <posx>970</posx>
                                <posy>223</posy>
                                <width>200</width>
                                <height>240</height>
                                <texture>case-cd2.png</texture>
                                <visible>Control.IsVisible(56) + !Control.IsVisible(3001) + !Control.IsVisible(3000)</visible>
                        </control>

#------------------------------------------------------------------------------------------------
</control>
        </include>
</includes>