<includes>
        <!--  List ID 50!-->
        <include name="CommonList">
                <control type="list" id="50">
                        <posx>240</posx>
                        <posy>120</posy>
                        <width>440</width>
                        <height>325</height>
                        <onleft>9000</onleft>
                        <onright>60</onright>
                        <onup>50</onup>
                        <ondown>50</ondown>
                        <viewtype label="List">list</viewtype>
                        <scrolltime>1</scrolltime>
                        <pagecontrol>60</pagecontrol>
                        <itemlayout height="25">
                                <control type="image">
                                        <posx>0</posx>
                                        <posy>0</posy>
                                        <width>440</width>
                                        <height>23</height>
                                        <texture>list-small-nofocus.png</texture>
                                </control>
                                <control type="label">
                                        <posx>8</posx>
                                        <posy>2</posy>
                                        <width>427</width>
                                        <info>ListItem.Label</info>
                                </control>
                                <control type="label">
                                        <posx>435</posx>
                                        <posy>2</posy>
                                        <width>427</width>
                                        <align>right</align>
                                        <info>ListItem.Label2</info>
                                        <include>textcoloralt</include>
                                </control>
                        </itemlayout>
                        <!--  Files !-->
                        <focusedlayout condition="![Window.IsActive(2) | Window.IsActive(25) | Window.IsActive(501) | Window.IsActive(502)]" height="25">
                                <control type="image">
                                        <width>440</width>
                                        <height>23</height>
                                        <posx>0</posx>
                                        <posy>2</posy>
                                        <texture>list-big-focus.png</texture>
                                        <visible>Control.HasFocus(50)</visible>
                                </control>
                                <control type="image">
                                        <width>440</width>
                                        <height>23</height>
                                        <posx>0</posx>
                                        <posy>2</posy>
                                        <texture>list-big-nofocusSEL.png</texture>
                                        <visible>!Control.HasFocus(50)</visible>
                                </control>
                                <control type="label">
                                        <posx>8</posx>
                                        <posy>2</posy>
                                        <width>427</width>
                                        <info>ListItem.Label</info>
                                </control>
                                <control type="label">
                                        <posx>435</posx>
                                        <posy>2</posy>
                                        <width>427</width>
                                        <align>right</align>
                                        <info>ListItem.Label2</info>
                                </control>
                        </focusedlayout>
                        <!--  Pictures !-->
                        <focusedlayout condition="Window.IsActive(2)" height="50">
                                <control type="image">
                                        <width>445</width>
                                        <height>48</height>
                                        <posx>0</posx>
                                        <posy>2</posy>
                                        <texture>list-big-focus.png</texture>
                                        <visible>Control.HasFocus(50)</visible>
                                </control>
                                <control type="image">
                                        <width>445</width>
                                        <height>48</height>
                                        <posx>0</posx>
                                        <posy>2</posy>
                                        <texture>list-big-nofocusSEL.png</texture>
                                        <visible>!Control.HasFocus(50)</visible>
                                </control>
                                <control type="label">
                                        <posx>8</posx>
                                        <posy>2</posy>
                                        <width>427</width>
                                        <scroll>true</scroll>
                                        <info>ListItem.Label</info>
                                </control>
                                <control type="label">
                                        <posx>435</posx>
                                        <posy>2</posy>
                                        <width>427</width>
                                        <align>right</align>
                                        <info>ListItem.Label2</info>
                                </control>
                                <control type="label">
                                        <posx>8</posx>
                                        <posy>24</posy>
                                        <width>427</width>
                                        <scroll>true</scroll>
                                        <label>$INFO[ListItem.Date,, - ]$INFO[ListItem.PictureResolution,, - ]$INFO[ListItem.Size,, ]</label>
                                        <include>textcoloralt</include>
                                </control>
                        </focusedlayout>
                        <!--  Movies !-->
                        <focusedlayout condition="[Container.Content(Movies) | Container.Content(TVShows)  | Container.Content(Episodes)]" height="100">
                                <control type="image">
                                        <width>445</width>
                                        <height>98</height>
                                        <posx>0</posx>
                                        <posy>2</posy>
                                        <texture>list-big-focus.png</texture>
                                        <visible>Control.HasFocus(50)</visible>
                                </control>
                                <control type="image">
                                        <width>445</width>
                                        <height>98</height>
                                        <posx>0</posx>
                                        <posy>2</posy>
                                        <texture>list-big-nofocusSEL.png</texture>
                                        <visible>!Control.HasFocus(50)</visible>
                                </control>
                                <control type="label">
                                        <posx>8</posx>
                                        <posy>0</posy>
                                        <width>348</width>
                                        <scroll>true</scroll>
                                        <info>ListItem.Label</info>
                                        <font>font14</font>
                                </control>
                                <control type="image">
                                        <posx>410</posx>
                                        <posy>7</posy>
                                        <width>23</width>
                                        <height>28</height>
                                        <info>ListItem.Overlay</info>
                                </control>
                                <control type="label">
                                        <posx>435</posx>
                                        <posy>50</posy>
                                        <width>373</width>
                                        <align>right</align>
                                        <info>ListItem.Label2</info>
                                </control>
                                <control type="label">
                                        <visible>Container.Content(Movies)</visible>
                                        <posx>42</posx>
                                        <posy>30</posy>
                                        <width>348</width>
                                        <scroll>true</scroll>
                                        <label>$INFO[ListItem.Director]</label>
                                        <include>textcolorinfo</include>
                                </control>
                                <control type="label">
                                        <visible>Container.Content(TVShows)</visible>
                                        <posx>42</posx>
                                        <posy>30</posy>
                                        <width>348</width>
                                        <scroll>true</scroll>
                                        <label>$INFO[ListItem.Episode,, $LOCALIZE[20360]] ($INFO[ListItem.Property(WatchedEpisodes),, $LOCALIZE[16102]] - $INFO[ListItem.Property(UnWatchedEpisodes), , $LOCALIZE[16101]])</label>
                                        <include>textcolorinfo</include>
                                </control>
                                <control type="label">
                                        <visible>Container.Content(Episodes)</visible>
                                        <posx>42</posx>
                                        <posy>30</posy>
                                        <width>348</width>
                                        <scroll>true</scroll>
                                        <label>$INFO[ListItem.TVShowTitle,, ]$INFO[ListItem.Season ,$LOCALIZE[20373] ]</label>
                                        <include>textcolorinfo</include>
                                </control>
                                <control type="label">
                                        <posx>42</posx>
                                        <posy>50</posy>
                                        <width>330</width>
                                        <label>$INFO[ListItem.Genre]</label>
                                        <include>textcolorinfo</include>
                                </control>
                                <control type="label">
                                        <posx>42</posx>
                                        <posy>70</posy>
                                        <width>330</width>
                                        <label>$INFO[ListItem.Year,, - ]$INFO[ListItem.Duration,, - ]$INFO[ListItem.Rating,, / 10]</label>
                                        <include>textcolorinfo</include>
                                </control>
                                <control type="image">
                                        <posx>340</posx>
                                        <posy>75</posy>
                                        <width>120</width>
                                        <height>20</height>
                                        <info>Listitem.StarRating</info>
                                        <aspectratio>keep</aspectratio>
                                </control>
                        </focusedlayout>
                        <!--  Music !-->
                        <focusedlayout condition="[Container.Content(Albums) | Container.Content(Songs)]" height="100">
                                <control type="image">
                                        <width>445</width>
                                        <height>98</height>
                                        <posx>0</posx>
                                        <posy>2</posy>
                                        <texture>list-big-focus.png</texture>
                                        <visible>Control.HasFocus(50)</visible>
                                </control>
                                <control type="image">
                                        <width>445</width>
                                        <height>98</height>
                                        <posx>0</posx>
                                        <posy>2</posy>
                                        <texture>list-big-nofocusSEL.png</texture>
                                        <visible>!Control.HasFocus(50)</visible>
                                </control>
                                <control type="label">
                                        <posx>8</posx>
                                        <posy>0</posy>
                                        <width>348</width>
                                        <scroll>true</scroll>
                                        <info>ListItem.Label</info>
                                        <font>font14</font>
                                </control>
                                <control type="label">
                                        <posx>435</posx>
                                        <posy>50</posy>
                                        <width>373</width>
                                        <align>right</align>
                                        <info>ListItem.Label2</info>
                                </control>
                                <control type="label">
                                        <posx>42</posx>
                                        <posy>30</posy>
                                        <width>348</width>
                                        <scroll>true</scroll>
                                        <label>$INFO[ListItem.Artist]</label>
                                        <include>textcolorinfo</include>
                                </control>
                                <control type="label">
                                        <posx>42</posx>
                                        <posy>50</posy>
                                        <width>348</width>
                                        <scroll>true</scroll>
                                        <label>$INFO[ListItem.Album]</label>
                                        <include>textcolorinfo</include>
                                </control>
                                <control type="label">
                                        <posx>42</posx>
                                        <posy>70</posy>
                                        <width>330</width>
                                        <label>$INFO[ListItem.Year,, - ]$INFO[ListItem.Genre,,]</label>
                                        <include>textcolorinfo</include>
                                </control>
                                <control type="label">
                                        <posx>435</posx>
                                        <posy>70</posy>
                                        <width>330</width>
                                        <label>$INFO[ListItem.Rating,, / 5]</label>
                                        <align>right</align>
                                        <include>textcolorinfo</include>
                                </control>
                        </focusedlayout>
                </control>
                <control type="group">
                        <visible>Control.IsVisible(50)</visible>
                        <!--  Icon Default !-->
                        <control type="group">
                                <visible>![Container.Content(Albums) | Container.Content(Songs)]</visible>
                                <control type="image">
                                        <posx>40</posx>
                                        <posy>130</posy>
                                        <width>160</width>
                                        <height>320</height>
                                        <aspectratio aligny="top">keep</aspectratio>
                                        <texture>$INFO[ListItem.Icon]</texture>
                                        <bordertexture border="5">folder-nofocus.png</bordertexture>
                                        <bordersize>5</bordersize>
                                </control>
                        </control>
                        <!--  Cover Music and Star Rating !-->
                        <control type="group">
                                <visible>[Container.Content(Albums) | Container.Content(Songs)]</visible>
                                <include>albumcover</include>
                        </control>
                        <include>mediaflags</include>
                </control>
        </include>
        <!--  Wrap for Movies and TVShows ID 53!-->
        <include name="WrapMovies">
                <control type="wraplist" id="53">
                        <visible>Container.Content(Movies) | Container.Content(TVShows)</visible>
                        <posx>45</posx>
                        <posy>40</posy>
                        <width>630</width>
                        <height>456</height>
                        <onleft>53</onleft>
                        <onright>53</onright>
                        <onup>9000</onup>
                        <ondown>9000</ondown>
                        <viewtype label="WrapList">wraplist</viewtype>
                        <scrolltime>200</scrolltime>
                        <focusposition>4</focusposition>
                        <orientation>horizontal</orientation>
                        <pagecontrol>60</pagecontrol>
                        <itemlayout width="90">
                                <control type="image">
                                        <posx>0</posx>
                                        <posy>135</posy>
                                        <width>86</width>
                                        <height>180</height>
                                        <aspectratio>stretch</aspectratio>
                                        <bordertexture border="3">folder-nofocus.png</bordertexture>
                                        <bordersize>3</bordersize>
                                        <texture>$INFO[ListItem.Thumb]</texture>
                                </control>
                                <control type="image">
                                        <posx>0</posx>
                                        <posy>315</posy>
                                        <width>86</width>
                                        <height>180</height>
                                        <aspectratio>stretch</aspectratio>
                                        <bordertexture border="3" flipy="true" diffuse="diffuse_mirror2.png">folder-nofocus.png</bordertexture>
                                        <bordersize>3</bordersize>
                                        <texture flipy="true" diffuse="diffuse_mirror2.png">$INFO[ListItem.Thumb]</texture>
                                </control>
                                <control type="group">
                                        <visible>IsEmpty(ListItem.Thumb)</visible>
                                        <control type="image">
                                                <posx>0</posx>
                                                <posy>135</posy>
                                                <width>86</width>
                                                <height>180</height>
                                                <aspectratio align="right" aligny="bottom">keep</aspectratio>
                                                <texture>$INFO[ListItem.Icon]</texture>
                                        </control>
                                </control>
                        </itemlayout>
                        <focusedlayout width="90">
                                <control type="image">
                                        <posx>-50</posx>
                                        <posy>20</posy>
                                        <width>185</width>
                                        <height>350</height>
                                        <aspectratio>stretch</aspectratio>
                                        <texture>case-dvda.png</texture>
                                        <animation reversible="false" effect="zoom" start="50,50" end="100,100" center="90,175" time="150">Focus</animation>
                                </control>
                                <control type="image">
                                        <posx>-20</posx>
                                        <posy>30</posy>
                                        <width>145</width>
                                        <height>320</height>
                                        <aspectratio>stretch</aspectratio>
                                        <texture>$INFO[ListItem.Thumb]</texture>
                                        <animation reversible="false" effect="zoom" start="50,50" end="100,100" center="90,175" time="150">Focus</animation>
                                </control>
                                <control type="image">
                                        <posx>-50</posx>
                                        <posy>20</posy>
                                        <width>185</width>
                                        <height>350</height>
                                        <aspectratio>stretch</aspectratio>
                                        <texture>case-dvd.png</texture>
                                        <animation reversible="false" effect="zoom" start="50,50" end="100,100" center="90,175" time="150">Focus</animation>
                                </control>
                        </focusedlayout>
                </control>
                <!--  Wrap for Pictures and Albums ID 53!-->
                <control type="fixedlist" id="53">
                        <visible>Container.Content(Albums) | Window.IsActive(MyPictures)</visible>
                        <posx>45</posx>
                        <posy>115</posy>
                        <width>630</width>
                        <height>456</height>
                        <onleft>53</onleft>
                        <onright>53</onright>
                        <onup>9000</onup>
                        <ondown>9000</ondown>
                        <viewtype label="FixedList">wraplist</viewtype>
                        <scrolltime>200</scrolltime>
                        <focusposition>4</focusposition>
                        <orientation>horizontal</orientation>
                        <pagecontrol>60</pagecontrol>
                        <itemlayout width="105">
                                <control type="image">
                                        <posx>0</posx>
                                        <posy>60</posy>
                                        <width>101</width>
                                        <height>140</height>
                                        <texture diffuse="album_mask.png">$INFO[ListItem.Thumb]</texture>
                                        <aspectratio scalediffuse="false">scale</aspectratio>
                                </control>
                                <control type="image">
                                        <posx>0</posx>
                                        <posy>200</posy>
                                        <width>101</width>
                                        <height>140</height>
                                        <texture flipy="true" diffuse="album_mask_reflect.png">$INFO[ListItem.Thumb]</texture>
                                        <aspectratio scalediffuse="false">scale</aspectratio>
                                </control>
                        </itemlayout>
                        <focusedlayout condition="Window.IsActive(MyPictures)" width="105">
                                <control type="image">
                                        <posx>-29</posx>
                                        <posy>13</posy>
                                        <width>162</width>
                                        <height>240</height>
                                        <texture>album_shadow.png</texture>
                                        <aspectratio scalediffuse="false">scale</aspectratio>
                                        <animation reversible="false" effect="zoom" start="50,50" end="100,100" center="85,120" time="150">Focus</animation>
                                </control>
                                <control type="image">
                                        <posx>-23</posx>
                                        <posy>22</posy>
                                        <width>150</width>
                                        <height>222</height>
                                        <texture diffuse="album_mask.png">$INFO[ListItem.Thumb]</texture>
                                        <aspectratio scalediffuse="false">scale</aspectratio>
                                        <animation reversible="false" effect="zoom" start="50,50" end="100,100" center="85,120" time="150">Focus</animation>
                                </control>
                                <control type="image">
                                        <posx>-23</posx>
                                        <posy>246</posy>
                                        <width>150</width>
                                        <height>222</height>
                                        <texture flipy="true" diffuse="album_mask_reflect.png">$INFO[ListItem.Thumb]</texture>
                                        <aspectratio scalediffuse="false">scale</aspectratio>
                                        <animation reversible="false" effect="zoom" start="50,50" end="100,100" center="85,120" time="150">Focus</animation>
                                </control>
                        </focusedlayout>
                        <focusedlayout condition="Container.Content(Albums)" width="105">
                                <control type="image">
                                        <posx>-38</posx>
                                        <posy>20</posy>
                                        <width>175</width>
                                        <height>240</height>
                                        <aspectratio scalediffuse="false">scale</aspectratio>
                                        <texture>case-cd2a.png</texture>
                                        <animation reversible="false" effect="zoom" start="50,50" end="100,100" center="85,120" time="150">Focus</animation>
                                </control>
                                <control type="image">
                                        <posx>-23</posx>
                                        <posy>22</posy>
                                        <width>150</width>
                                        <height>222</height>
                                        <aspectratio scalediffuse="false">scale</aspectratio>
                                        <texture>$INFO[ListItem.Thumb]</texture>
                                        <animation reversible="false" effect="zoom" start="50,50" end="100,100" center="85,120" time="150">Focus</animation>
                                </control>
                                <control type="image">
                                        <posx>-38</posx>
                                        <posy>20</posy>
                                        <width>175</width>
                                        <height>240</height>
                                        <aspectratio scalediffuse="false">scale</aspectratio>
                                        <texture>case-cd2.png</texture>
                                        <animation reversible="false" effect="zoom" start="50,50" end="100,100" center="85,120" time="150">Focus</animation>
                                </control>
                                <control type="image">
                                        <posx>-23</posx>
                                        <posy>255</posy>
                                        <width>150</width>
                                        <height>222</height>
                                        <aspectratio scalediffuse="false">scale</aspectratio>
                                        <texture flipy="true" diffuse="diffuse_mirror2.png">$INFO[ListItem.Thumb]</texture>
                                        <animation reversible="false" effect="zoom" start="50,50" end="100,100" center="85,120" time="150">Focus</animation>
                                </control>
                                <control type="image">
                                        <posx>-38</posx>
                                        <posy>238</posy>
                                        <width>175</width>
                                        <height>240</height>
                                        <aspectratio scalediffuse="false">scale</aspectratio>
                                        <texture flipy="true" diffuse="diffuse_mirror2.png">case-cd2.png</texture>
                                        <animation reversible="false" effect="zoom" start="50,50" end="100,100" center="85,120" time="150">Focus</animation>
                                </control>
                        </focusedlayout>
                </control>
                <!--  Item Info !-->
                <control type="group">
                        <visible>Control.IsVisible(53)</visible>
                        <include>fanartinfopanel</include>
                </control>
        </include>
        <!--  Fanart for Pictures, Movies and Artist ID 54!-->
        <include name="FanartMovies">
                <control type="wraplist" id="54">
                        <visible>Window.IsActive(MyPictures) | Container.Content(Movies)  | Container.Content(TVShows) | Container.Content(Episodes) | Container.Content(Artists) | Container.Content(Albums)</visible>
                        <posx>360</posx>
                        <posy>288</posy>
                        <width>1</width>
                        <height>1</height>
                        <onleft>54</onleft>
                        <onright>54</onright>
                        <onup>9000</onup>
                        <ondown>60</ondown>
                        <viewtype label="FanArt">wraplist</viewtype>
                        <scrolltime>200</scrolltime>
                        <focusposition>0</focusposition>
                        <orientation>horizontal</orientation>
                        <pagecontrol>60</pagecontrol>
                        <itemlayout width="1" height="1">
                                <control type="label">
                                        <posx>0</posx>
                                        <posy>0</posy>
                                        <label>-</label>
                                        <width>1</width>
                                </control>
                        </itemlayout>
                        <focusedlayout width="1" height="1">
                                <control type="label">
                                        <posx>0</posx>
                                        <posy>0</posy>
                                        <label>-</label>
                                        <width>1</width>
                                </control>
                        </focusedlayout>
                </control>
                <!--  Items Info !-->
                <control type="group">
                        <visible>Control.IsVisible(54)</visible>
                        <include>fanartinfopanel</include>
                </control>
        </include>
        <!--  Big Fanart for Movies and TVShows ID 55!-->
        <include name="FanartMoviesBig">
                <control type="wraplist" id="55">
                        <visible>Container.Content(Movies)  | Container.Content(TVShows)</visible>
                        <posx>360</posx>
                        <posy>288</posy>
                        <width>1</width>
                        <height>1</height>
                        <onleft>55</onleft>
                        <onright>55</onright>
                        <onup>9000</onup>
                        <ondown>60</ondown>
                        <viewtype label="Big FanArt">wraplist</viewtype>
                        <scrolltime>200</scrolltime>
                        <focusposition>0</focusposition>
                        <orientation>horizontal</orientation>
                        <pagecontrol>60</pagecontrol>
                        <itemlayout width="1" height="1">
                                <control type="label">
                                        <posx>0</posx>
                                        <posy>0</posy>
                                        <label>-</label>
                                        <width>1</width>
                                </control>
                        </itemlayout>
                        <focusedlayout width="1" height="1">
                                <control type="label">
                                        <posx>0</posx>
                                        <posy>0</posy>
                                        <label>-</label>
                                        <width>1</width>
                                </control>
                        </focusedlayout>
                </control>
                <!--  Items Info !-->
                <control type="group">
                        <visible>Control.IsVisible(55)</visible>
                        <include>fanartinfopanel</include>
                </control>
        </include>
        <!--  Page Controls!-->
        <include name="CommonPageControl">
                <control type="scrollbar" id="60">
                        <visible>[Control.IsVisible(50) | Control.IsVisible(53) | Control.IsVisible(54) | Control.IsVisible(55)]</visible>
                        <posx>40</posx>
                        <posy>477</posy>
                        <width>640</width>
                        <height>10</height>
                        <texturesliderbackground>-</texturesliderbackground>
                        <texturesliderbar>-</texturesliderbar>
                        <texturesliderbarfocus>-</texturesliderbarfocus>
                        <textureslidernib>progress_sliderNF.png</textureslidernib>
                        <textureslidernibfocus>progress_slider.png</textureslidernibfocus>
                        <onup>50</onup>
                        <ondown>50</ondown>
                        <showonepage>false</showonepage>
                        <orientation>horizontal</orientation>
                </control>
        </include>
</includes>