<window type="buttonMenu" id="59">
        <visible>Player.HasAudio + Window.IsActive(59)</visible>
        <defaultcontrol>-</defaultcontrol>
        <include>dialoganimation</include>
        <controls>
                <include>backgroundmedia</include>
                <control type="image">
                        <posx>615</posx>
                        <posy>30</posy>
                        <width>65</width>
                        <height>65</height>
                        <texture>settings-nowmusic-nofocus.png</texture>
                        <aspectratio>keep</aspectratio>
                </control>
                <include>mediaflags</include>
                <control type="group">
                        <control type="image">
                                <posx>420</posx>
                                <posy>130</posy>
                                <width>256</width>
                                <height>256</height>
                                <info>MusicPlayer.Cover</info>
                                <aspectratio>keep</aspectratio>
                                <aspectratio aligny="bottom">keep</aspectratio>
                        </control>
                        <control type="image">
                                <posx>420</posx>
                                <posy>407</posy>
                                <width>256</width>
                                <height>256</height>
                                <info>MusicPlayer.Cover</info>
                                <aspectratio aligny="top">keep</aspectratio>
                                <texture flipy="true" diffuse="diffuse_mirror2.png">-</texture>
                        </control>
                        <control type="image">
                                <visible>!IsEmpty(MusicPlayer.Cover)</visible>
                                <posx>437</posx>
                                <posy>120</posy>
                                <width>215</width>
                                <height>285</height>
                                <texture>case-cd2.png</texture>
                                <aspectratio aligny="bottom">keep</aspectratio>
                        </control>
                        <control type="image">
                                <visible>!IsEmpty(MusicPlayer.Cover)</visible>
                                <posx>437</posx>
                                <posy>390</posy>
                                <width>215</width>
                                <height>285</height>
                                <aspectratio aligny="top">keep</aspectratio>
                                <texture flipy="true" diffuse="diffuse_mirror2.png">case-cd2.png</texture>
                        </control>
                        <control type="label">
                                <description>Title value</description>
                                <posx>415</posx>
                                <posy>200</posy>
                                <label>$INFO[MusicPlayer.Title]</label>
                                <width>375</width>
                                <font>font32</font>
                                <shadowcolor>80000000</shadowcolor>
                                <align>right</align>
                        </control>
                        <control type="label">
                                <description>Artist value</description>
                                <posx>415</posx>
                                <posy>240</posy>
                                <label>$INFO[MusicPlayer.Artist]</label>
                                <width>375</width>
                                <font>font14</font>
                                <include>textcolorinfo</include>
                                <align>right</align>
                        </control>
                        <control type="label">
                                <description>Album value</description>
                                <posx>415</posx>
                                <posy>275</posy>
                                <label>$INFO[MusicPlayer.Album]</label>
                                <width>375</width>
                                <font>font14</font>
                                <include>textcoloralt</include>
                                <align>right</align>
                        </control>
                        <control type="label">
                                <description>Year and Genre value</description>
                                <posx>415</posx>
                                <posy>305</posy>
                                <label>$INFO[MusicPlayer.Year,, - ]$INFO[MusicPlayer.Genre]</label>
                                <width>375</width>
                                <include>textcoloralt</include>
                                <align>right</align>
                        </control>
                        <control type="label">
                                <description>Tracks value</description>
                                <posx>415</posx>
                                <posy>325</posy>
                                <label>$LOCALIZE[554] $INFO[MusicPlayer.Playlistposition,, - ]$INFO[MusicPlayer.Playlistlength]</label>
                                <width>375</width>
                                <include>textcoloralt</include>
                                <align>right</align>
                        </control>
                        <control type="image">
                                <description>Rating</description>
                                <posx>35</posx>
                                <posy>330</posy>
                                <width>220</width>
                                <height>30</height>
                                <info>MusicPlayer.Rating</info>
                                <aspectratio>keep</aspectratio>
                        </control>
                        <control type="label">
                                <description>Play time</description>
                                <posx>80</posx>
                                <posy>360</posy>
                                <label>$INFO[Player.Time]</label>
                                <align>right</align>
                                <font>font14</font>
                        </control>
                        <control type="progress">
                                <posx>95</posx>
                                <posy>370</posy>
                                <width>270</width>
                                <height>11</height>
                                <info>Player.Progress</info>
                                <texturebg>ProgressBack.png</texturebg>
                                <lefttexture>-</lefttexture>
                                <midtexture>ProgressFront.png</midtexture>
                                <righttexture>-</righttexture>
                                <overlaytexture>-</overlaytexture>
                        </control>
                        <control type="label">
                                <description>Duration time</description>
                                <posx>415</posx>
                                <posy>360</posy>
                                <label>$INFO[Player.Duration]</label>
                                <include>textcoloralt</include>
                                <align>right</align>
                                <font>font14</font>
                        </control>
                        <control type="fadelabel">
                                <description>Previous and Next Track</description>
                                <posx>40</posx>
                                <posy>450</posy>
                                <label>$LOCALIZE[210]: $INFO[MusicPlayer.offset(-1).Artist,, - ]$INFO[MusicPlayer.offset(-1).Title] / $LOCALIZE[209]: $INFO[MusicPlayer.offset(1).Artist,, - ]$INFO[MusicPlayer.offset(1).Title]</label>
                                <width>640</width>
                                <include>textcolorrss</include>
                        </control>
                        <control type="label">
                                <description>Bitrate</description>
                                <posx>340</posx>
                                <posy>500</posy>
                                <label>$INFO[musicplayer.Bitrate,, kbps]</label>
                                <width>180</width>
                                <wrapmultiline>true</wrapmultiline>
                                <include>textcolorbox</include>
                        </control>
                        <control type="label">
                                <description>Frequencia</description>
                                <posx>340</posx>
                                <posy>520</posy>
                                <label>$INFO[musicplayer.Samplerate,, kHz]</label>
                                <width>180</width>
                                <wrapmultiline>true</wrapmultiline>
                                <include>textcolorbox</include>
                        </control>
                </control>
        </controls>
</window>