<includes>
        <default type="image">
                <posx>245</posx>
                <posy>460</posy>
                <texture>-</texture>
                <colorkey>0</colorkey>
                <include>textcolornormal</include>
        </default>
        <default type="label">
                <posx>245</posx>
                <posy>50</posy>
                <label>-</label>
                <align>left</align>
                <font>font13</font>
                <include>textcolornormal</include>
        </default>
        <default type="fadelabel">
                <posx>55</posx>
                <posy>530</posy>
                <width>150</width>
                <align>left</align>
                <font>font13</font>
                <include>textcolornormal</include>
        </default>
        <default type="button">
                <posx>40</posx>
                <posy>100</posy>
                <width>160</width>
                <height>37</height>
                <texturefocus>button-focus.png</texturefocus>
                <texturenofocus>button-nofocus.png</texturenofocus>
                <font>font13</font>
                <textoffsetx>10</textoffsetx>
                <textoffsety>0</textoffsety>
                <aligny>center</aligny>
                <include>textcolornormal</include>
        </default>
        <default type="togglebutton">
                <posx>40</posx>
                <posy>440</posy>
                <width>160</width>
                <height>37</height>
                <label>$LOCALIZE[584]</label>
                <altlabel>$LOCALIZE[585]</altlabel>
                <font>font13</font>
                <texturefocus>button-focus.png</texturefocus>
                <texturenofocus>button-nofocus.png</texturenofocus>
                <alttexturefocus>button-focus.png</alttexturefocus>
                <alttexturenofocus>button-nofocus.png</alttexturenofocus>
                <textoffsetx>10</textoffsetx>
                <textoffsety>0</textoffsety>
                <aligny>center</aligny>
                <include>textcolornormal</include>
        </default>
        <default type="radiobutton">
                <posx>40</posx>
                <posy>100</posy>
                <width>160</width>
                <height>37</height>
                <textureradiofocus>check-box.png</textureradiofocus>
                <textureradionofocus>check-boxNF.png</textureradionofocus>
                <texturefocus>button-focus.png</texturefocus>
                <texturenofocus>button-nofocus.png</texturenofocus>
                <label>215</label>
                <font>font13</font>
                <textoffsetx>10</textoffsetx>
                <textoffsety>2</textoffsety>
                <aligny>center</aligny>
                <include>textcolornormal</include>
        </default>
        <default type="selectbutton">
                <posx>40</posx>
                <posy>100</posy>
                <width>160</width>
                <height>37</height>
                <label>457</label>
                <font>font13</font>
                <texturefocus>button-focus.png</texturefocus>
                <texturenofocus>button-nofocus.png</texturenofocus>
                <texturebg>button-focus-bg.png</texturebg>
                <textureleft>scroll-left.png</textureleft>
                <textureleftfocus>scroll-left-focus.png</textureleftfocus>
                <textureright>scroll-right.png</textureright>
                <texturerightfocus>scroll-right-focus.png</texturerightfocus>
                <textoffsetx>10</textoffsetx>
                <textoffsety>2</textoffsety>
                <aligny>center</aligny>
                <include>textcolornormal</include>
        </default>
        <default type="spincontrol">
                <posx>330</posx>
                <posy>126</posy>
                <textureup>scroll-up.png</textureup>
                <texturedown>scroll-down.png</texturedown>
                <textureupfocus>scroll-up-focus.png</textureupfocus>
                <texturedownfocus>scroll-down-focus.png</texturedownfocus>
                <align>right</align>
                <width>22</width>
                <height>27</height>
                <font>font13</font>
                <reverse>yes</reverse>
                <subtype>text</subtype>
                <textoffsetx>0</textoffsetx>
                <textoffsety>0</textoffsety>
                <aligny>-</aligny>
                <include>textcolornormal</include>
        </default>
        <default type="spincontrolex">
                <posx>530</posx>
                <posy>150</posy>
                <width>300</width>
                <height>33</height>
                <spinwidth>22</spinwidth>
                <spinheight>27</spinheight>
                <texturefocus>list-focus.png</texturefocus>
                <texturenofocus>-</texturenofocus>
                <textureup>scroll-up.png</textureup>
                <texturedown>scroll-down.png</texturedown>
                <textureupfocus>scroll-up-focus.png</textureupfocus>
                <texturedownfocus>scroll-down-focus.png</texturedownfocus>
                <font>font13</font>
                <textoffsetx>7</textoffsetx>
                <aligny>center</aligny>
                <reverse>yes</reverse>
                <include>textcolornormal</include>
        </default>
        <default type="listcontrol">
                <posx>235</posx>
                <posy>120</posy>
                <width>440</width>
                <height>370</height>
                <spinwidth>22</spinwidth>
                <spinheight>27</spinheight>
                <spinposx>395</spinposx>
                <spinposy>375</spinposy>
                <spincolor>FFFFFFFF</spincolor>
                <spinfont>font13</spinfont>
                <textureup>scroll-up.png</textureup>
                <texturedown>scroll-down.png</texturedown>
                <textureupfocus>scroll-up-focus.png</textureupfocus>
                <texturedownfocus>scroll-down-focus.png</texturedownfocus>
                <texturefocus>list-focus.png</texturefocus>
                <texturenofocus>list-nofocus.png</texturenofocus>
                <textureheight>26</textureheight>
                <image>defaultFolderBig.png</image>
                <font>font13</font>
                <font2>font13</font2>
                <include>textcolorlist</include>
                <suffix>|</suffix>
                <aligny>center</aligny>
        </default>
        <default type="listcontrolex">
                <posx>274</posx>
                <posy>220</posy>
                <width>440</width>
                <height>260</height>
                <spinwidth>14</spinwidth>
                <spinheight>17</spinheight>
                <spinposx>666</spinposx>
                <spinposy>205</spinposy>
                <spincolor>FFFFFFFF</spincolor>
                <spinfont>font13</spinfont>
                <textureup>scroll-up.png</textureup>
                <texturedown>scroll-down.png</texturedown>
                <textureupfocus>scroll-up-focus.png</textureupfocus>
                <texturedownfocus>scroll-down-focus.png</texturedownfocus>
                <texturefocus>list-focus.png</texturefocus>
                <texturenofocus>list-nofocus.png</texturenofocus>
                <textureheight>26</textureheight>
                <image>defaultFolderBig.png</image>
                <font>font13</font>
                <include>textcolorlist</include>
                <suffix>|</suffix>
                <aligny>center</aligny>
        </default>
        <default type="thumbnailpanel">
                <posx>225</posx>
                <posy>120</posy>
                <width>460</width>
                <height>370</height>
                <spinwidth>22</spinwidth>
                <spinheight>27</spinheight>
                <spinposx>405</spinposx>
                <spinposy>375</spinposy>
                <spincolor>FFFFFFFF</spincolor>
                <spinfont>font13</spinfont>
                <textureup>scroll-up.png</textureup>
                <texturedown>scroll-down.png</texturedown>
                <textureupfocus>scroll-up-focus.png</textureupfocus>
                <texturedownfocus>scroll-down-focus.png</texturedownfocus>
                <itemwidth>110</itemwidth>
                <itemheight>170</itemheight>
                <texturewidth>76</texturewidth>
                <textureheight>144</textureheight>
                <thumbwidth>72</thumbwidth>
                <thumbheight>140</thumbheight>
                <thumbposx>2</thumbposx>
                <thumbposy>2</thumbposy>
                <imagefolder>folder-nofocus-video.png</imagefolder>
                <imagefolderfocus>folder-focus-video.png</imagefolderfocus>
                <itemwidthbig>153</itemwidthbig>
                <itemheightbig>320</itemheightbig>
                <texturewidthbig>148</texturewidthbig>
                <textureheightbig>286</textureheightbig>
                <thumbwidthbig>144</thumbwidthbig>
                <thumbheightbig>280</thumbheightbig>
                <thumbposxbig>2</thumbposxbig>
                <thumbposybig>3</thumbposybig>
                <font>font13</font>
                <include>textcolorlist</include>
                <suffix>|</suffix>
        </default>
        <default type="textbox">
                <posx>235</posx>
                <posy>120</posy>
                <width>440</width>
                <height>370</height>
                <spinwidth>22</spinwidth>
                <spinheight>27</spinheight>
                <spinposx>395</spinposx>
                <spinposy>375</spinposy>
                <spincolor>FFFFFFFF</spincolor>
                <spinfont>font13</spinfont>
                <textureup>scroll-up.png</textureup>
                <texturedown>scroll-down.png</texturedown>
                <textureupfocus>scroll-up-focus.png</textureupfocus>
                <texturedownfocus>scroll-down-focus.png</texturedownfocus>
                <image>icon-folder.png</image>
                <font>font11</font>
                <include>textcolorbox</include>
        </default>
        <default type="rss">
                <posx>0</posx>
                <posy>520</posy>
                <width>720</width>
                <font>font13</font>
                <urlset>1</urlset>
                <include>textcolorrss</include>
        </default>
        <default type="checkmark">
                <posx>245</posx>
                <posy>50</posy>
                <label>167</label>
                <font>font13</font>
                <texturecheckmark>check-box.png</texturecheckmark>
                <texturecheckmarknofocus>check-boxNF.png</texturecheckmarknofocus>
                <markwidth>16</markwidth>
                <markheight>19</markheight>
                <align>left</align>
                <shadow>no</shadow>
                <include>textcolornormal</include>
        </default>
        <default type="progress">
                <posx>100</posx>
                <posy>325</posy>
                <width>345</width>
                <height>12</height>
                <texturebg>progress_back.png</texturebg>
                <lefttexture>progress_left.png</lefttexture>
                <midtexture>progress_mid.png</midtexture>
                <righttexture>progress_right.png</righttexture>
                <overlaytexture>progress_over.png</overlaytexture>
        </default>
        <default type="slider">
                <controloffsetx>60</controloffsetx>
                <controloffsety>0</controloffsety>
                <texturesliderbar>osd_slider_bg.png</texturesliderbar>
                <textureslidernib>osd_slider_nibNF.png</textureslidernib>
                <textureslidernibfocus>osd_slider_nibFO.png</textureslidernibfocus>
        </default>
        <default type="resize">
                <posx>60</posx>
                <posy>192</posy>
                <texturefocus>button-focus.png</texturefocus>
                <texturenofocus>button-nofocus.png</texturenofocus>
        </default>
</includes>