<window type="buttonMenu" id="105">
        <defaultcontrol always="true">3110</defaultcontrol>
        <include>dialoganimation</include>
        <coordinates>
                <system>1</system>
                <posx>400</posx>
                <posy>80</posy>
        </coordinates>
        <controls>
                <control type="image" id="1">
                        <description>Background top image</description>
                        <posx>0</posx>
                        <posy>-17</posy>
                        <width>256</width>
                        <height>18</height>
                        <texture>dialog-context-top.png</texture>
                </control>
                <control type="image" id="1">
                        <description>Background image</description>
                        <posx>0</posx>
                        <posy>0</posy>
                        <width>256</width>
                        <height>350</height>
                        <texture>dialog-context-middle.png</texture>
                </control>
                <control type="image" id="1">
                        <description>Background bottom image</description>
                        <posx>0</posx>
                        <posy>350</posy>
                        <width>256</width>
                        <height>19</height>
                        <texture>dialog-context-bottom.png</texture>
                </control>
                <!--  Buttons!-->
                <control type="button" id="3110">
                        <description>Button 1</description>
                        <posx>25</posx>
                        <posy>15</posy>
                        <width>200</width>
                        <align>center</align>
                        <texturefocus>button-focus-context.png</texturefocus>
                        <texturenofocus>button-nofocus-context.png</texturenofocus>
                        <label>20011</label>
                        <onclick>ActivateWindow(500)</onclick>
                        <onleft>3110</onleft>
                        <onright>3110</onright>
                        <onup>3117</onup>
                        <ondown>3111</ondown>
                </control>
                <control type="button" id="3111">
                        <description>Button 2</description>
                        <posx>25</posx>
                        <posy>55</posy>
                        <width>200</width>
                        <align>center</align>
                        <texturefocus>button-focus-context.png</texturefocus>
                        <texturenofocus>button-nofocus-context.png</texturenofocus>
                        <label>20012</label>
                        <onclick>ActivateWindow(28)</onclick>
                        <onleft>3111</onleft>
                        <onright>3111</onright>
                        <onup>3110</onup>
                        <ondown>3112</ondown>
                </control>
                <control type="button" id="3112">
                        <description>Button 3</description>
                        <posx>25</posx>
                        <posy>95</posy>
                        <width>200</width>
                        <align>center</align>
                        <texturefocus>button-focus-context.png</texturefocus>
                        <texturenofocus>button-nofocus-context.png</texturenofocus>
                        <label>247</label>
                        <onclick>ActivateWindow(Scripts)</onclick>
                        <onleft>3112</onleft>
                        <onright>3112</onright>
                        <onup>3111</onup>
                        <ondown>3113</ondown>
                </control>
                <control type="button" id="3113">
                        <description>Button 4</description>
                        <posx>25</posx>
                        <posy>135</posy>
                        <width>200</width>
                        <align>center</align>
                        <texturefocus>button-focus-context.png</texturefocus>
                        <texturenofocus>button-nofocus-context.png</texturenofocus>
                        <label>-</label>
                        <onclick>-</onclick>
                        <onleft>3113</onleft>
                        <onright>3113</onright>
                        <onup>3112</onup>
                        <ondown>3114</ondown>
                         <visible>no</visible>
                </control>
                <control type="button" id="3114">
                        <description>Button 5</description>
                        <posx>25</posx>
                        <posy>175</posy>
                        <width>200</width>
                        <align>center</align>
                        <texturefocus>button-focus-context.png</texturefocus>
                        <texturenofocus>button-nofocus-context.png</texturenofocus>
                        <label>-</label>
                        <onclick>-</onclick>
                        <onleft>3114</onleft>
                        <onright>3114</onright>
                        <onup>3113</onup>
                        <ondown>3115</ondown>
                        <visible>no</visible>
                </control>
                <control type="button" id="3115">
                        <description>Button 6</description>
                        <posx>25</posx>
                        <posy>215</posy>
                        <width>200</width>
                        <align>center</align>
                        <texturefocus>button-focus-context.png</texturefocus>
                        <texturenofocus>button-nofocus-context.png</texturenofocus>
                        <label>-</label>
                        <onclick>-</onclick>
                        <onleft>3115</onleft>
                        <onright>3115</onright>
                        <onup>3114</onup>
                        <ondown>3116</ondown>
                        <visible>no</visible>
                </control>
                <control type="button" id="3116">
                        <description>Button 7</description>
                        <posx>25</posx>
                        <posy>255</posy>
                        <width>200</width>
                        <align>center</align>
                        <texturefocus>button-focus-context.png</texturefocus>
                        <texturenofocus>button-nofocus-context.png</texturenofocus>
                        <label>-</label>
                        <onclick>-</onclick>
                        <onleft>3116</onleft>
                        <onright>3116</onright>
                        <onup>3115</onup>
                        <ondown>3117</ondown>
                        <visible>no</visible>
                </control>
                <control type="button" id="3117">
                        <description>Button 8</description>
                        <posx>25</posx>
                        <posy>295</posy>
                        <width>200</width>
                        <align>center</align>
                        <texturefocus>button-focus-context.png</texturefocus>
                        <texturenofocus>button-nofocus-context.png</texturenofocus>
                        <label>-</label>
                        <onclick>-</onclick>
                        <onleft>3117</onleft>
                        <onright>3117</onright>
                        <onup>3116</onup>
                        <ondown>3110</ondown>
                        <visible>no</visible>
                </control>
        </controls>
</window>