<window id="101">
        <defaultcontrol>10</defaultcontrol>
        <coordinates>
                <system>1</system>
                <posx>145</posx>
                <posy>150</posy>
        </coordinates>
        <include>dialoganimation</include>
        <controls>
                <control type="image">
                        <description>Dialog background</description>
                        <posx>0</posx>
                        <posy>0</posy>
                        <width>435</width>
                        <height>242</height>
                        <texture>dialog-popup.png</texture>
                </control>
                <control type="label" id="1">
                        <description>Dialog heading</description>
                        <posx>40</posx>
                        <posy>20</posy>
                        <label>-</label>
                        <width>360</width>
                        <font>font14</font>
                        <include>textcolortitle</include>
                </control>
                <control type="label" id="2">
                        <description>Dialog line 1</description>
                        <posx>40</posx>
                        <posy>50</posy>
                        <label>-</label>
                        <haspath>yes</haspath>
                        <width>360</width>
                        <font>font14</font>
                        <include>textcolorinfo</include>
                </control>
                <control type="label" id="3">
                        <description>Dialog line 2</description>
                        <posx>40</posx>
                        <posy>80</posy>
                        <label>-</label>
                        <haspath>yes</haspath>
                        <width>360</width>
                        <font>font14</font>
                        <include>textcolorinfo</include>
                </control>
                <control type="label" id="4">
                        <description>Dialog line 3</description>
                        <posx>40</posx>
                        <posy>110</posy>
                        <label>-</label>
                        <haspath>yes</haspath>
                        <width>360</width>
                        <font>font14</font>
                        <include>textcolorinfo</include>
                </control>
                <control type="progress" id="20">
                        <description>Progress control</description>
                        <posx>40</posx>
                        <posy>145</posy>
                        <width>360</width>
                        <height>8</height>
                        <texturebg>ProgressBack.png</texturebg>
                        <lefttexture>-</lefttexture>
                        <midtexture>ProgressFront.png</midtexture>
                        <righttexture>-</righttexture>
                        <overlaytexture>-</overlaytexture>
                </control>
                <control type="button" id="10">
                        <description>Cancel button</description>
                        <posx>315</posx>
                        <posy>165</posy>
                        <width>80</width>
                        <texturefocus>button-focus-dialog.png</texturefocus>
                        <texturenofocus>button-nofocus-dialog.png</texturenofocus>
                        <label>222</label>
                        <align>center</align>
                        <onleft>10</onleft>
                        <onright>10</onright>
                        <onup>10</onup>
                        <ondown>10</ondown>
                </control>
        </controls>
</window>