<window id="129">
        <defaultcontrol always="true">10</defaultcontrol>
        <include>dialoganimation</include>
        <controls>
                <include>backgroundcustom</include>
                <control type="label" id="2">
                        <description>Heading Label</description>
                        <posx>40</posx>
                        <posy>38</posy>
                        <label>-</label>
                        <font>font18</font>
                        <shadowcolor>80000000</shadowcolor>
                </control>
                <control type="image">
                        <posx>40</posx>
                        <posy>130</posy>
                        <width>160</width>
                        <height>320</height>
                        <aspectratio aligny="top">keep</aspectratio>
                        <texture>$INFO[ListItem.Icon]</texture>
                        <bordertexture border="5">folder-nofocus.png</bordertexture>
                        <bordersize>5</bordersize>
                </control>
                <control type="label" id="1">
                        <description>Path label</description>
                        <posx>225</posx>
                        <posy>120</posy>
                        <width>445</width>
                        <label>1021</label>
                        <include>textcolorinfo</include>
                </control>
                <control type="image">
                        <posx>225</posx>
                        <posy>150</posy>
                        <width>455</width>
                        <height>1</height>
                        <texture>divline.png</texture>
                        <aspectratio>strech</aspectratio>
                </control>
                <control type="list" id="10">
                        <posx>225</posx>
                        <posy>165</posy>
                        <width>455</width>
                        <height>125</height>
                        <onup>10</onup>
                        <onleft>11</onleft>
                        <onright>11</onright>
                        <ondown>10</ondown>
                        <pagecontrol>-</pagecontrol>
                        <scrolltime>200</scrolltime>
                        <itemlayout height="25">
                                <control type="image">
                                        <posx>0</posx>
                                        <posy>0</posy>
                                        <width>455</width>
                                        <height>23</height>
                                        <texture>list-small-nofocus.png</texture>
                                </control>
                                <control type="label">
                                        <posx>8</posx>
                                        <posy>0</posy>
                                        <width>455</width>
                                        <info>ListItem.Label</info>
                                </control>
                        </itemlayout>
                        <focusedlayout height="25">
                                <control type="image">
                                        <posx>0</posx>
                                        <posy>0</posy>
                                        <width>455</width>
                                        <height>23</height>
                                        <texture>list-small-nofocus.png</texture>
                                        <visible>!Control.HasFocus(10)</visible>
                                </control>
                                <control type="image">
                                        <posx>0</posx>
                                        <posy>0</posy>
                                        <width>455</width>
                                        <height>23</height>
                                        <texture>list-big-focus.png</texture>
                                        <visible>Control.HasFocus(10)</visible>
                                </control>
                                <control type="label">
                                        <posx>8</posx>
                                        <posy>0</posy>
                                        <width>455</width>
                                        <info>ListItem.Label</info>
                                </control>
                        </focusedlayout>
                </control>
                <control type="image">
                        <posx>225</posx>
                        <posy>295</posy>
                        <width>455</width>
                        <height>1</height>
                        <texture>divline.png</texture>
                        <aspectratio>strech</aspectratio>
                </control>
                <control type="group" id="9000">
                        <control type="button" id="11">
                                <description>Browse button</description>
                                <posx>270</posx>
                                <posy>320</posy>
                                <width>120</width>
                                <label>1024</label>
                                <textoffsetx>8</textoffsetx>
                                <align>center</align>
                                <onup>10</onup>
                                <ondown>12</ondown>
                                <onleft>14</onleft>
                                <onright>13</onright>
                        </control>
                        <control type="button" id="13">
                                <description>Add Path button</description>
                                <posx>400</posx>
                                <posy>320</posy>
                                <width>120</width>
                                <label>15019</label>
                                <textoffsetx>8</textoffsetx>
                                <align>center</align>
                                <onup>10</onup>
                                <ondown>12</ondown>
                                <onleft>11</onleft>
                                <onright>14</onright>
                        </control>
                        <control type="button" id="14">
                                <description>Remove Path button</description>
                                <posx>530</posx>
                                <posy>320</posy>
                                <width>120</width>
                                <label>1210</label>
                                <textoffsetx>8</textoffsetx>
                                <align>center</align>
                                <onup>10</onup>
                                <ondown>12</ondown>
                                <onleft>13</onleft>
                                <onright>11</onright>
                        </control>
                </control>
                <control type="image" id="1">
                        <posx>225</posx>
                        <posy>380</posy>
                        <width>451</width>
                        <height>1</height>
                        <texture>divline.png</texture>
                        <aspectratio>strech</aspectratio>
                </control>
                <control type="label" id="1">
                        <description>Name label</description>
                        <posx>225</posx>
                        <posy>385</posy>
                        <width>445</width>
                        <label>1022</label>
                        <include>textcolorinfo</include>
                </control>
                <control type="button" id="12">
                        <description>Name button</description>
                        <posx>225</posx>
                        <posy>415</posy>
                        <width>445</width>
                        <height>25</height>
                        <texturefocus>list-big-focus.png</texturefocus>
                        <texturenofocus>-</texturenofocus>
                        <textoffsetx>8</textoffsetx>
                        <label>-</label>
                        <onup>9000</onup>
                        <ondown>9900</ondown>
                        <onleft>12</onleft>
                        <onright>12</onright>
                </control>
                <control type="image" id="1">
                        <posx>225</posx>
                        <posy>455</posy>
                        <width>445</width>
                        <height>1</height>
                        <texture>divline.png</texture>
                        <aspectratio>strech</aspectratio>
                </control>
                <control type="group" id="9900">
                        <control type="button" id="20">
                                <description>Set Content button</description>
                                <posx>270</posx>
                                <posy>470</posy>
                                <width>120</width>
                                <label>20333</label>
                                <textoffsetx>8</textoffsetx>
                                <align>center</align>
                                <onup>12</onup>
                                <onleft>19</onleft>
                                <onright>18</onright>
                                <ondown>10</ondown>
                        </control>
                        <control type="button" id="18">
                                <description>Ok button</description>
                                <posx>400</posx>
                                <posy>470</posy>
                                <width>120</width>
                                <label>186</label>
                                <textoffsetx>8</textoffsetx>
                                <align>center</align>
                                <onup>12</onup>
                                <onleft>20</onleft>
                                <onright>19</onright>
                                <ondown>10</ondown>
                        </control>
                        <control type="button" id="19">
                                <description>Cancel button</description>
                                <posx>530</posx>
                                <posy>470</posy>
                                <width>120</width>
                                <label>222</label>
                                <textoffsetx>8</textoffsetx>
                                <align>center</align>
                                <onup>12</onup>
                                <onleft>18</onleft>
                                <onright>20</onright>
                                <ondown>10</ondown>
                        </control>
                </control>
        </controls>
</window>