<window id="10140">
        <defaultcontrol>2</defaultcontrol>
        <include>dialoganimation</include>
        <controls>
                <include>backgroundcustom</include>
                <control type="label" id="20">
                        <description>Window title</description>
                        <posx>40</posx>
                        <posy>38</posy>
                        <label>-</label>
                        <font>font18</font>
                        <shadowcolor>80000000</shadowcolor>
                </control>
                <control type="image">
                        <posx>40</posx>
                        <posy>130</posy>
                        <width>160</width>
                        <height>320</height>
                        <aspectratio aligny="top">keep</aspectratio>
                        <texture>$INFO[ListItem.ActualIcon]</texture>
                        <bordertexture border="5">folder-nofocus.png</bordertexture>
                        <bordersize>5</bordersize>
                </control>
                <control type="grouplist" id="2">
                        <description>Control Area</description>
                        <posx>225</posx>
                        <posy>130</posy>
                        <width>455</width>
                        <height>275</height>
                        <itemgap>2</itemgap>
                        <onup>2</onup>
                        <ondown>2</ondown>
                        <onleft>10</onleft>
                        <onright>10</onright>
                </control>
                <control type="button" id="3">
                        <description>Default Button</description>
                        <posx>0</posx>
                        <posy>0</posy>
                        <height>23</height>
                        <texturefocus>list-focus.png</texturefocus>
                        <texturenofocus>-</texturenofocus>
                        <textoffsetx>8</textoffsetx>
                </control>
                <control type="radiobutton" id="4">
                        <description>Default RadioButton</description>
                        <posx>0</posx>
                        <posy>0</posy>
                        <height>23</height>
                        <texturefocus>list-focus.png</texturefocus>
                        <texturenofocus>-</texturenofocus>
                        <textoffsetx>8</textoffsetx>
                </control>
                <control type="spincontrolex" id="5">
                        <description>Default SpinControlex</description>
                        <posx>0</posx>
                        <posy>0</posy>
                        <reverse>yes</reverse>
                        <height>30</height>
                </control>
                <control type="image" id="6">
                        <description>Default Seperator</description>
                        <posx>0</posx>
                        <posy>0</posy>
                        <width>455</width>
                        <height>1</height>
                        <texture>divline2.png</texture>
                </control>
                <control type="group" id="9001">
                        <control type="button" id="12">
                                <description>Defaults Button</description>
                                <posx>265</posx>
                                <posy>465</posy>
                                <label>409</label>
                                <width>120</width>
                                <textoffsetx>8</textoffsetx>
                                <align>center</align>
                                <onleft>11</onleft>
                                <onright>10</onright>
                                <onup>2</onup>
                                <ondown>2</ondown>
                        </control>
                        <control type="button" id="10">
                                <description>OK Button</description>
                                <posx>390</posx>
                                <posy>465</posy>
                                <label>186</label>
                                <width>120</width>
                                <textoffsetx>8</textoffsetx>
                                <align>center</align>
                                <onleft>12</onleft>
                                <onright>11</onright>
                                <onup>2</onup>
                                <ondown>2</ondown>
                        </control>
                        <control type="button" id="11">
                                <description>Cancel Button</description>
                                <posx>515</posx>
                                <posy>465</posy>
                                <label>222</label>
                                <width>120</width>
                                <textoffsetx>8</textoffsetx>
                                <align>center</align>
                                <onleft>10</onleft>
                                <onright>12</onright>
                                <onup>2</onup>
                                <ondown>2</ondown>
                        </control>
                </control>
        </controls>
</window>