<window id="135">
        <defaultcontrol always="true">49</defaultcontrol>
        <allowoverlay>no</allowoverlay>
        <include>overlayanimation</include>
        <controls>
                <!--   Background !-->
                <include>backgroundroller</include>
                <control type="group">
                        <control type="image">
                                <posx>0</posx>
                                <posy>235</posy>
                                <width>720</width>
                                <height>341</height>
                                <texture>background.png</texture>
                        </control>
                        <control type="image">
                                <posx>0</posx>
                                <posy>235</posy>
                                <width>720</width>
                                <height>1</height>
                                <texture>divisor.png</texture>
                        </control>
                        <control type="image">
                                <posx>0</posx>
                                <posy>0</posy>
                                <width>720</width>
                                <height>576</height>
                                <texture>background-fanart.png</texture>
                        </control>
                </control>
                <!--  Poster and Icons!-->
                <control type="group">
                        <posx>0</posx>
                        <posy>-25</posy>
                        <include>albumcover</include>
                </control>
                <!--   Flags !-->
                <control type="group">
                        <posx>90</posx>
                        <posy>0</posy>
                        <include>mediaflags</include>
                </control>
                <!--  Infos!-->
                <control type="group" id="9900">
                        <control type="group">
                                <control type="group">
                                        <posx>240</posx>
                                        <posy>35</posy>
                                        <!--  Title and Artist  !-->
                                        <control type="group">
                                                <control type="label">
                                                        <posx>0</posx>
                                                        <posy>215</posy>
                                                        <width>440</width>
                                                        <label>$INFO[ListItem.TrackNumber,, - ]$INFO[ListItem.Title]</label>
                                                        <font>font32</font>
                                                        <shadowcolor>80000000</shadowcolor>
                                                </control>
                                                <control type="label">
                                                        <description>Artist value</description>
                                                        <posx>0</posx>
                                                        <posy>260</posy>
                                                        <label>$INFO[ListItem.Artist]</label>
                                                        <font>font14</font>
                                                        <width>440</width>
                                                        <wrapmultiline>false</wrapmultiline>
                                                        <include>textcolorinfo</include>
                                                </control>
                                                <control type="label">
                                                        <description>Album value</description>
                                                        <posx>0</posx>
                                                        <posy>290</posy>
                                                        <label>$INFO[ListItem.Album]</label>
                                                        <font>font14</font>
                                                        <width>440</width>
                                                        <wrapmultiline>false</wrapmultiline>
                                                        <include>textcolorinfo</include>
                                                </control>
                                                <control type="label">
                                                        <description>Year value</description>
                                                        <posx>0</posx>
                                                        <posy>320</posy>
                                                        <label>$INFO[ListItem.Year]</label>
                                                        <font>font14</font>
                                                        <width>440</width>
                                                        <wrapmultiline>false</wrapmultiline>
                                                        <include>textcolorinfo</include>
                                                </control>
                                        </control>
                                        <!--  Info Panel !-->
                                        <control type="list" id="49">
                                                <posx>-200</posx>
                                                <posy>365</posy>
                                                <width>640</width>
                                                <height>69</height>
                                                <onleft>9000</onleft>
                                                <onright>9000</onright>
                                                <onup>49</onup>
                                                <ondown>49</ondown>
                                                <pagecontrol>-</pagecontrol>
                                                <scrolltime>200</scrolltime>
                                                <itemlayout height="23">
                                                        <control type="label">
                                                                <posx>0</posx>
                                                                <posy>0</posy>
                                                                <width>90</width>
                                                                <info>ListItem.Label</info>
                                                                <include>textcoloralt</include>
                                                        </control>
                                                        <control type="label">
                                                                <posx>100</posx>
                                                                <posy>0</posy>
                                                                <width>530</width>
                                                                <info>ListItem.Label2</info>
                                                                <include>textcolorinfo</include>
                                                        </control>
                                                </itemlayout>
                                                <focusedlayout height="23">
                                                        <control type="label">
                                                                <posx>10</posx>
                                                                <posy>0</posy>
                                                                <width>90</width>
                                                                <info>ListItem.Label</info>
                                                        </control>
                                                        <control type="label">
                                                                <posx>110</posx>
                                                                <posy>0</posy>
                                                                <width>530</width>
                                                                <info>ListItem.Label2</info>
                                                        </control>
                                                </focusedlayout>
                                                <content>
                                                        <item>
                                                                <label>$LOCALIZE[515]</label>
                                                                <label2>$INFO[ListItem.Genre]</label2>
                                                                <onclick>-</onclick>
                                                                <visible>!IsEmpty(ListItem.Genre)</visible>
                                                        </item>
                                                        <item>
                                                                <label>$LOCALIZE[561]</label>
                                                                <label2>$INFO[ListItem.FilenameAndPath]</label2>
                                                                <onclick>-</onclick>
                                                                <visible>!IsEmpty(ListItem.FilenameAndPath)</visible>
                                                        </item>
                                                        <item>
                                                                <label>$LOCALIZE[569]</label>
                                                                <label2>$INFO[ListItem.Comment]</label2>
                                                                <onclick>-</onclick>
                                                                <visible>IsEmpty(ListItem.Comment)</visible>
                                                        </item>
                                                </content>
                                        </control>
                                </control>
                                <!--  Year, Track and Runtime !-->
                                <control type="group">
                                        <posx>40</posx>
                                        <posy>400</posy>
                                        <control type="image">
                                                <description>Line</description>
                                                <posx>0</posx>
                                                <posy>-5</posy>
                                                <width>640</width>
                                                <height>1</height>
                                                <texture>divline2.png</texture>
                                        </control>
                                        <control type="image">
                                                <description>Line</description>
                                                <posx>0</posx>
                                                <posy>75</posy>
                                                <width>640</width>
                                                <height>1</height>
                                                <texture>divline2.png</texture>
                                        </control>
                                        <control type="label">
                                                <description>Year value</description>
                                                <posx>40</posx>
                                                <posy>80</posy>
                                                <label>[UPPERCASE]$LOCALIZE[554][/UPPERCASE] $INFO[ListItem.TrackNumber]</label>
                                                <font>font14</font>
                                                <include>textcoloralt</include>
                                        </control>
                                        <control type="label">
                                                <description>Track value</description>
                                                <posx>40</posx>
                                                <posy>110</posy>
                                                <label>$INFO[ListItem.Duration,, min]</label>
                                                <font>font14</font>
                                                <include>textcoloralt</include>
                                        </control>
                                        <control type="label">
                                                <description>Rating value</description>
                                                <posx>640</posx>
                                                <posy>80</posy>
                                                <label>[UPPERCASE]$LOCALIZE[368][/UPPERCASE] $INFO[ListItem.Rating]</label>
                                                <font>font14</font>
                                                <align>right</align>
                                                <include>textcoloralt</include>
                                        </control>
                                </control>
                        </control>
                </control>
                <!--  Buttons!-->
                <control type="group" id="9000">
                        <include>animationbuttonpanel</include>
                        <include>backgroundbuttonpanel</include>
                        <control type="button" id="12">
                                <description>Album Info button</description>
                                <posy>120</posy>
                                <label>10523</label>
                                <onleft>9900</onleft>
                                <onright>9900</onright>
                                <onup>11</onup>
                                <ondown>13</ondown>
                        </control>
                        <control type="button" id="13">
                                <description>Get Thumb button</description>
                                <posy>160</posy>
                                <label>13405</label>
                                <onleft>9900</onleft>
                                <onright>9900</onright>
                                <onup>12</onup>
                                <ondown>14</ondown>
                        </control>
                        <control type="button" id="14">
                                <description>Decrease Rating</description>
                                <posy>200</posy>
                                <label>- $LOCALIZE[563]</label>
                                <onclick>DecreaseRating</onclick>
                                <onleft>9900</onleft>
                                <onright>9900</onright>
                                <onup>13</onup>
                                <ondown>15</ondown>
                        </control>
                        <control type="button" id="15">
                                <description>Increase Rating</description>
                                <posy>240</posy>
                                <label>+ $LOCALIZE[563]</label>
                                <onclick>IncreaseRating</onclick>
                                <onleft>9900</onleft>
                                <onright>9900</onright>
                                <onup>14</onup>
                                <ondown>10</ondown>
                        </control>
                        <control type="button" id="10">
                                <description>Ok button</description>
                                <posy>280</posy>
                                <label>186</label>
                                <onleft>9900</onleft>
                                <onright>9900</onright>
                                <onup>15</onup>
                                <ondown>11</ondown>
                        </control>
                        <control type="button" id="11">
                                <description>Cancel button</description>
                                <posy>320</posy>
                                <label>222</label>
                                <onleft>9900</onleft>
                                <onright>9900</onright>
                                <onup>10</onup>
                                <ondown>12</ondown>
                        </control>
                </control>
        </controls>
</window>