<window id="109">
        <defaultcontrol always="true">15</defaultcontrol>
        <include>contentpanelanimation</include>
        <controls>
                <include>backgroundinfo</include>
                <control type="label">
                        <description>Window title</description>
                        <posx>40</posx>
                        <posy>30</posy>
                        <label>13164</label>
                        <font>font40</font>
                        <shadowcolor>80000000</shadowcolor>
                </control>
                <control type="label" id="1">
                        <description>Heading Text</description>
                        <posx>670</posx>
                        <posy>65</posy>
                        <label>12325</label>
                        <align>right</align>
                </control>
                <control type="group">
                        <posx>0</posx>
                        <posy>40</posy>
                        <control type="label" id="4">
                                <description>Edit Text</description>
                                <posx>0</posx>
                                <posy>90</posy>
                                <label>12323</label>
                                <width>720</width>
                                <font>font14</font>
                                <textcolor>FFFFFFFF</textcolor>
                                <disabledcolor>70FFFFFF</disabledcolor>
                                <align>center</align>
                        </control>
                        <!--  Fila 1!-->
                        <control type="button" id="11">
                                <description>'1' button</description>
                                <posx>75</posx>
                                <posy>150</posy>
                                <width>40</width>
                                <textoffsetx>0</textoffsetx>
                                <align>center</align>
                                <label>12311</label>
                                <texturenofocus>keyboard-btn.png</texturenofocus>
                                <texturefocus>keyboard-btn-focus.png</texturefocus>
                                <onleft>10</onleft>
                                <onright>12</onright>
                                <onup>11</onup>
                                <ondown>21</ondown>
                        </control>
                        <control type="button" id="12">
                                <description>'2' button</description>
                                <posx>125</posx>
                                <posy>150</posy>
                                <width>40</width>
                                <textoffsetx>0</textoffsetx>
                                <align>center</align>
                                <label>12312</label>
                                <texturenofocus>keyboard-btn.png</texturenofocus>
                                <texturefocus>keyboard-btn-focus.png</texturefocus>
                                <onleft>11</onleft>
                                <onright>13</onright>
                                <onup>12</onup>
                                <ondown>21</ondown>
                        </control>
                        <control type="button" id="13">
                                <description>'3' button</description>
                                <posx>175</posx>
                                <posy>150</posy>
                                <width>40</width>
                                <textoffsetx>0</textoffsetx>
                                <align>center</align>
                                <label>12313</label>
                                <texturenofocus>keyboard-btn.png</texturenofocus>
                                <texturefocus>keyboard-btn-focus.png</texturefocus>
                                <onleft>12</onleft>
                                <onright>14</onright>
                                <onup>13</onup>
                                <ondown>21</ondown>
                        </control>
                        <control type="button" id="14">
                                <description>'4' button</description>
                                <posx>225</posx>
                                <posy>150</posy>
                                <width>40</width>
                                <textoffsetx>0</textoffsetx>
                                <align>center</align>
                                <label>12314</label>
                                <texturenofocus>keyboard-btn.png</texturenofocus>
                                <texturefocus>keyboard-btn-focus.png</texturefocus>
                                <onleft>13</onleft>
                                <onright>15</onright>
                                <onup>14</onup>
                                <ondown>21</ondown>
                        </control>
                        <control type="button" id="15">
                                <description>'5' button</description>
                                <posx>275</posx>
                                <posy>150</posy>
                                <width>40</width>
                                <textoffsetx>0</textoffsetx>
                                <align>center</align>
                                <label>12315</label>
                                <texturenofocus>keyboard-btn.png</texturenofocus>
                                <texturefocus>keyboard-btn-focus.png</texturefocus>
                                <onleft>14</onleft>
                                <onright>16</onright>
                                <onup>15</onup>
                                <ondown>21</ondown>
                        </control>
                        <control type="button" id="16">
                                <description>'6' button</description>
                                <posx>325</posx>
                                <posy>150</posy>
                                <width>40</width>
                                <textoffsetx>0</textoffsetx>
                                <align>center</align>
                                <label>12316</label>
                                <texturenofocus>keyboard-btn.png</texturenofocus>
                                <texturefocus>keyboard-btn-focus.png</texturefocus>
                                <onleft>15</onleft>
                                <onright>17</onright>
                                <onup>16</onup>
                                <ondown>21</ondown>
                        </control>
                        <control type="button" id="17">
                                <description>'7' button</description>
                                <posx>375</posx>
                                <posy>150</posy>
                                <width>40</width>
                                <textoffsetx>0</textoffsetx>
                                <align>center</align>
                                <label>12317</label>
                                <texturenofocus>keyboard-btn.png</texturenofocus>
                                <texturefocus>keyboard-btn-focus.png</texturefocus>
                                <onleft>16</onleft>
                                <onright>18</onright>
                                <onup>17</onup>
                                <ondown>21</ondown>
                        </control>
                        <control type="button" id="18">
                                <description>'8' button</description>
                                <posx>425</posx>
                                <posy>150</posy>
                                <width>40</width>
                                <textoffsetx>0</textoffsetx>
                                <align>center</align>
                                <label>12318</label>
                                <texturenofocus>keyboard-btn.png</texturenofocus>
                                <texturefocus>keyboard-btn-focus.png</texturefocus>
                                <onleft>17</onleft>
                                <onright>19</onright>
                                <onup>18</onup>
                                <ondown>21</ondown>
                        </control>
                        <control type="button" id="19">
                                <description>'9' button</description>
                                <posx>475</posx>
                                <posy>150</posy>
                                <width>40</width>
                                <textoffsetx>0</textoffsetx>
                                <align>center</align>
                                <label>12319</label>
                                <texturenofocus>keyboard-btn.png</texturenofocus>
                                <texturefocus>keyboard-btn-focus.png</texturefocus>
                                <onleft>18</onleft>
                                <onright>10</onright>
                                <onup>19</onup>
                                <ondown>21</ondown>
                        </control>
                        <control type="button" id="10">
                                <description>'0' button</description>
                                <posx>525</posx>
                                <posy>150</posy>
                                <width>40</width>
                                <textoffsetx>0</textoffsetx>
                                <align>center</align>
                                <label>12310</label>
                                <texturenofocus>keyboard-btn.png</texturenofocus>
                                <texturefocus>keyboard-btn-focus.png</texturefocus>
                                <onleft>19</onleft>
                                <onright>11</onright>
                                <onup>10</onup>
                                <ondown>21</ondown>
                        </control>
                        <!--  Fila 2!-->
                        <control type="button" id="20">
                                <description>Previous button</description>
                                <posx>145</posx>
                                <posy>200</posy>
                                <width>80</width>
                                <label>Prev</label>
                                <textoffsetx>0</textoffsetx>
                                <align>center</align>
                                <texturenofocus>keyboard-back-btn.png</texturenofocus>
                                <texturefocus>keyboard-back-btn-focus.png</texturefocus>
                                <onleft>23</onleft>
                                <onright>21</onright>
                                <onup>12</onup>
                                <ondown>20</ondown>
                        </control>
                        <control type="button" id="21">
                                <description>Enter button</description>
                                <posx>235</posx>
                                <posy>200</posy>
                                <width>80</width>
                                <label>ENTER</label>
                                <textoffsetx>0</textoffsetx>
                                <align>center</align>
                                <texturenofocus>keyboard-back-btn.png</texturenofocus>
                                <texturefocus>keyboard-back-btn-focus.png</texturefocus>
                                <onleft>20</onleft>
                                <onright>22</onright>
                                <onup>14</onup>
                                <ondown>21</ondown>
                        </control>
                        <control type="button" id="22">
                                <description>Next button</description>
                                <posx>325</posx>
                                <posy>200</posy>
                                <width>80</width>
                                <label>Next</label>
                                <textoffsetx>0</textoffsetx>
                                <align>center</align>
                                <texturenofocus>keyboard-back-btn.png</texturenofocus>
                                <texturefocus>keyboard-back-btn-focus.png</texturefocus>
                                <onleft>21</onleft>
                                <onright>23</onright>
                                <onup>16</onup>
                                <ondown>22</ondown>
                        </control>
                        <control type="button" id="23">
                                <description>Back button</description>
                                <posx>415</posx>
                                <posy>200</posy>
                                <width>80</width>
                                <label>Back</label>
                                <textoffsetx>0</textoffsetx>
                                <align>center</align>
                                <texturenofocus>keyboard-back-btn.png</texturenofocus>
                                <texturefocus>keyboard-back-btn-focus.png</texturefocus>
                                <onleft>22</onleft>
                                <onright>20</onright>
                                <onup>18</onup>
                                <ondown>23</ondown>
                        </control>
                </control>
        </controls>
</window>