<window id="139">
        <defaultcontrol>5</defaultcontrol>
        <coordinates>
                <system>1</system>
                <posx>0</posx>
                <posy>0</posy>
        </coordinates>
        <include>overlayanimation</include>
        <controls>
                <include>backgroundcustom</include>
                <control type="label">
                        <description>Window title</description>
                        <posx>40</posx>
                        <posy>38</posy>
                        <label>13406</label>
                        <font>font18</font>
                        <shadowcolor>80000000</shadowcolor>
                </control>
                <control type="image">
                        <posx>400</posx>
                        <posy>120</posy>
                        <width>320</width>
                        <height>320</height>
                        <texture>home-photos.png</texture>
                        <colordiffuse>92FFFFFFF</colordiffuse>
                        <aspectratio>keep</aspectratio>
                </control>
                <control type="label">
                        <posx>240</posx>
                        <posy>120</posy>
                        <width>440</width>
                        <label>$INFO[ListItem.Label]</label>
                        <font>font32</font>
                        <shadowcolor>80000000</shadowcolor>
                </control>
                <control type="image">
                        <description>Line</description>
                        <posx>240</posx>
                        <posy>165</posy>
                        <width>440</width>
                        <height>1</height>
                        <texture>divline2.png</texture>
                </control>
                <control type="image">
                        <description>Line</description>
                        <posx>240</posx>
                        <posy>525</posy>
                        <width>440</width>
                        <height>1</height>
                        <texture>divline2.png</texture>
                </control>
                <control type="list" id="5">
                        <posx>240</posx>
                        <posy>170</posy>
                        <width>440</width>
                        <height>350</height>
                        <onleft>5</onleft>
                        <onright>5</onright>
                        <onup>5</onup>
                        <ondown>5</ondown>
                        <pagecontrol>-</pagecontrol>
                        <scrolltime>200</scrolltime>
                        <itemlayout height="25">
                                <control type="label">
                                        <posx>8</posx>
                                        <posy>2</posy>
                                        <width>200</width>
                                        <info>ListItem.Label</info>
                                        <include>textcoloralt</include>
                                </control>
                                <control type="label">
                                        <posx>432</posx>
                                        <posy>2</posy>
                                        <width>330</width>
                                        <align>right</align>
                                        <info>ListItem.Label2</info>
                                        <include>textcolorinfo</include>
                                </control>
                        </itemlayout>
                        <focusedlayout height="25">
                                <control type="image">
                                        <posx>0</posx>
                                        <posy>0</posy>
                                        <width>440</width>
                                        <height>25</height>
                                        <texture>list-big-focus.png</texture>
                                </control>
                                <control type="label">
                                        <posx>8</posx>
                                        <posy>2</posy>
                                        <width>200</width>
                                        <info>ListItem.Label</info>
                                </control>
                                <control type="label">
                                        <posx>432</posx>
                                        <posy>2</posy>
                                        <width>330</width>
                                        <align>right</align>
                                        <info>ListItem.Label2</info>
                                </control>
                        </focusedlayout>
                </control>
                <control type="image">
                        <posx>40</posx>
                        <posy>130</posy>
                        <width>160</width>
                        <height>320</height>
                        <aspectratio aligny="top">keep</aspectratio>
                        <texture>$INFO[ListItem.Icon]</texture>
                        <bordertexture border="5">folder-nofocus.png</bordertexture>
                        <bordersize>5</bordersize>
                </control>
        </controls>
</window>