<window id="107">
        <coordinates>
                <system>1</system>
                <posx>370</posx>
                <posy>480</posy>
        </coordinates>
        <animation effect="slide" time="400" start="350,0" acceleration="-1" condition="true">WindowOpen</animation>
        <animation effect="slide" time="400" end="350,0" acceleration="1" condition="true">WindowClose</animation>
        <controls>
                <control type="image">
                        <description>Popup Kai Dialog Background</description>
                        <posx>0</posx>
                        <posy>0</posy>
                        <width>320</width>
                        <height>80</height>
                        <texture>dialog-seek.png</texture>
                </control>
                <control type="image" id="400">
                        <description>Avatar Logo</description>
                        <id>400</id>
                        <posx>50</posx>
                        <posy>18</posy>
                        <width>30</width>
                        <height>40</height>
                        <texture>infoicon.png</texture>
                </control>
                <control type="label" id="401">
                        <description>Caption Label</description>
                        <posx>90</posx>
                        <posy>15</posy>
                        <width>160</width>
                        <label>Leonardo</label>
                        <align>center</align>
                        <include>textcolortitle</include>
                </control>
                <control type="label" id="402">
                        <description>Description Button</description>
                        <posx>90</posx>
                        <posy>35</posy>
                        <width>160</width>
                        <label>has just signed in</label>
                        <align>center</align>
                        <include>textcolorinfo</include>
                </control>
        </controls>
</window>