<window id="2002">
        <defaultcontrol always="true">10</defaultcontrol>
        <coordinates>
                <system>1</system>
                <posx>145</posx>
                <posy>150</posy>
        </coordinates>
        <include>dialoganimation</include>
        <controls>
                <control type="image">
                        <description>Dialog background</description>
                        <posx>0</posx>
                        <posy>0</posy>
                        <width>435</width>
                        <height>242</height>
                        <texture>dialog-popup.png</texture>
                </control>
                <control type="label" id="1">
                        <description>Dialog heading</description>
                        <posx>40</posx>
                        <posy>20</posy>
                        <label>-</label>
                        <width>360</width>
                        <font>font14</font>
                        <include>textcolortitle</include>
                </control>
                <control type="label" id="2">
                        <description>Dialog line 1</description>
                        <posx>40</posx>
                        <posy>50</posy>
                        <label>-</label>
                        <width>360</width>
                        <font>font14</font>
                        <include>textcolorinfo</include>
                </control>
                <control type="label" id="3">
                        <description>Dialog line 2</description>
                        <posx>40</posx>
                        <posy>80</posy>
                        <label>-</label>
                        <width>360</width>
                        <font>font14</font>
                        <include>textcolorinfo</include>
                </control>
                <control type="label" id="4">
                        <description>Dialog line 3</description>
                        <posx>40</posx>
                        <posy>110</posy>
                        <label>-</label>
                        <width>360</width>
                        <font>font14</font>
                        <include>textcolorinfo</include>
                </control>
                <control type="button" id="10">
                        <description>OK button</description>
                        <posx>175</posx>
                        <posy>165</posy>
                        <width>80</width>
                        <texturefocus>button-focus-dialog.png</texturefocus>
                        <texturenofocus>button-nofocus-dialog.png</texturenofocus>
                        <label>186</label>
                        <align>center</align>
                        <onleft>10</onleft>
                        <onright>10</onright>
                        <onup>10</onup>
                        <ondown>10</ondown>
                </control>
        </controls>
</window>