<window id="112">
        <defaultcontrol>402</defaultcontrol>
        <coordinates>
                <system>1</system>
                <posx>145</posx>
                <posy>150</posy>
        </coordinates>
        <include>dialoganimation</include>
        <controls>
                <control type="image" id="1">
                        <description>Dialog background</description>
                        <posx>0</posx>
                        <posy>0</posy>
                        <width>435</width>
                        <height>242</height>
                        <texture>dialog-popup.png</texture>
                </control>
                <control type="label" id="401">
                        <description>Caption label</description>
                        <posx>40</posx>
                        <posy>20</posy>
                        <label>-</label>
                        <width>360</width>
                        <font>font14</font>
                        <include>textcolortitle</include>
                </control>
                <control type="label" id="402">
                        <description>Dialog line 1</description>
                        <posx>40</posx>
                        <posy>50</posy>
                        <label>-</label>
                        <haspath>yes</haspath>
                        <width>360</width>
                        <font>font14</font>
                        <include>textcolorinfo</include>
                </control>
                <control type="progress" id="403">
                        <description>Progress bar</description>
                        <posx>40</posx>
                        <posy>100</posy>
                        <width>360</width>
                        <height>8</height>
                        <texturebg>ProgressBack.png</texturebg>
                        <lefttexture>-</lefttexture>
                        <midtexture>ProgressFront.png</midtexture>
                        <righttexture>-</righttexture>
                        <overlaytexture>-</overlaytexture>
                </control>
        </controls>
</window>