<window id="2003">
        <defaultcontrol always="true">49</defaultcontrol>
        <allowoverlay>yes</allowoverlay>
        <include>overlayanimation</include>
        <controls>
                <!-- Background !-->
                <include>backgroundroller</include>
                <control type="group">
                        <control type="image">
                                <posx>0</posx>
                                <posy>180</posy>
                                <width>720</width>
                                <height>396</height>
                                <texture>background.png</texture>
                        </control>
                        <control type="image">
                                <posx>0</posx>
                                <posy>180</posy>
                                <width>720</width>
                                <height>1</height>
                                <texture>divisor.png</texture>
                        </control>
                        <control type="image">
                                <posx>0</posx>
                                <posy>0</posy>
                                <width>720</width>
                                <height>576</height>
                                <texture>background-fanart.png</texture>
                        </control>
                </control>
                <!--  Poster !-->
                <control type="group">
                        <visible>!Control.HasFocus(50)</visible>
                        <posx>0</posx>
                        <posy>-75</posy>
                        <include>moviecover</include>
                </control>
                <!--   Flags !-->
                <control type="group">
                        <posx>65</posx>
                        <posy>0</posy>
                        <include>mediaflags</include>
                </control>
                <!--  Infos!-->
                <control type="group" id="9900">
                        <control type="group">
                                <!--  AQUI EMPIEZA LA INFORMACION GENERAL DE LAS PELICULAS  !-->
                                <control type="group">
                                        <posx>240</posx>
                                        <posy>40</posy>
                                        <control type="label">
                                                <visible>Container.Content(Movies) | Container.Content(TVShows) | Container.Content(MusicVideos)</visible>
                                                <posx>0</posx>
                                                <posy>148</posy>
                                                <width>440</width>
                                                <label>$INFO[ListItem.Title]</label>
                                                <font>font32</font>
                                                <shadowcolor>80000000</shadowcolor>
                                        </control>
                                        <control type="label">
                                                <visible>Container.Content(Episodes)</visible>
                                                <posx>0</posx>
                                                <posy>148</posy>
                                                <width>440</width>
                                                <label>$INFO[Listitem.Episode,, - ]$INFO[ListItem.Title]</label>
                                                <font>font32</font>
                                                <shadowcolor>80000000</shadowcolor>
                                        </control>
                                        <control type="image">
                                                <description>Line</description>
                                                <posx>0</posx>
                                                <posy>190</posy>
                                                <width>440</width>
                                                <height>1</height>
                                                <texture>divline2.png</texture>
                                        </control>
                                        <!--  Info Genre or Artist !-->
                                        <control type="label">
                                                <visible>Container.Content(Movies)</visible>
                                                <description>Genre value</description>
                                                <posx>0</posx>
                                                <posy>195</posy>
                                                <label>$INFO[ListItem.genre]</label>
                                                <font>font14</font>
                                                <width>440</width>
                                                <wrapmultiline>false</wrapmultiline>
                                                <include>textcolorinfo</include>
                                        </control>
                                        <control type="label">
                                                <visible>Container.Content(MusicVideos)</visible>
                                                <description>Artist value</description>
                                                <posx>0</posx>
                                                <posy>195</posy>
                                                <label>$INFO[ListItem.Artist]</label>
                                                <font>font14</font>
                                                <width>440</width>
                                                <wrapmultiline>false</wrapmultiline>
                                                <include>textcolorinfo</include>
                                        </control>
                                        <control type="image">
                                                <description>Line</description>
                                                <posx>0</posx>
                                                <posy>250</posy>
                                                <width>440</width>
                                                <height>1</height>
                                                <texture>divline2.png</texture>
                                        </control>
                                        <!--  Info panel!-->
                                        <control type="list" id="49">
                                                <posx>0</posx>
                                                <posy>258</posy>
                                                <width>440</width>
                                                <height>92</height>
                                                <onleft>9000</onleft>
                                                <onright>50</onright>
                                                <onup>49</onup>
                                                <ondown>49</ondown>
                                                <pagecontrol>-</pagecontrol>
                                                <scrolltime>200</scrolltime>
                                                <itemlayout height="23">
                                                        <control type="label">
                                                                <posx>0</posx>
                                                                <posy>0</posy>
                                                                <width>70</width>
                                                                <info>ListItem.Label</info>
                                                                <include>textcoloralt</include>
                                                        </control>
                                                        <control type="label">
                                                                <posx>80</posx>
                                                                <posy>0</posy>
                                                                <width>350</width>
                                                                <info>ListItem.Label2</info>
                                                                <include>textcolorinfo</include>
                                                        </control>
                                                </itemlayout>
                                                <focusedlayout height="23">
                                                        <control type="label">
                                                                <posx>10</posx>
                                                                <posy>0</posy>
                                                                <width>70</width>
                                                                <info>ListItem.Label</info>
                                                        </control>
                                                        <control type="label">
                                                                <posx>90</posx>
                                                                <posy>0</posy>
                                                                <width>350</width>
                                                                <info>ListItem.Label2</info>
                                                        </control>
                                                </focusedlayout>
                                                <content>
                                                        <item>
                                                                <label>$LOCALIZE[558]:</label>
                                                                <label2>$INFO[ListItem.Album]</label2>
                                                                <onclick>-</onclick>
                                                                <visible>!IsEmpty(ListItem.Album)</visible>
                                                        </item>
                                                        <item>
                                                                <label>[UPPERCASE]$LOCALIZE[368][/UPPERCASE]</label>
                                                                <label2>$INFO[ListItem.Rating] / 10</label2>
                                                                <onclick>-</onclick>
                                                                <visible>!IsEmpty(ListItem.Rating)</visible>
                                                        </item>
                                                        <item>
                                                                <label>MPAA</label>
                                                                <label2>$INFO[ListItem.mpaa]</label2>
                                                                <onclick>-</onclick>
                                                                <visible>!IsEmpty(ListItem.mpaa)</visible>
                                                        </item>
                                                        <item>
                                                                <label>$LOCALIZE[20339]</label>
                                                                <label2>$INFO[ListItem.Director]</label2>
                                                                <onclick>-</onclick>
                                                                <visible>!IsEmpty(ListItem.Director)</visible>
                                                        </item>
                                                        <item>
                                                                <label>$LOCALIZE[20417]</label>
                                                                <label2>$INFO[ListItem.Writer]</label2>
                                                                <onclick>-</onclick>
                                                                <visible>!IsEmpty(ListItem.Writer)</visible>
                                                        </item>
                                                        <item>
                                                                <label>$LOCALIZE[572]</label>
                                                                <label2>$INFO[ListItem.Studio]</label2>
                                                                <onclick>-</onclick>
                                                                <visible>!IsEmpty(ListItem.Studio)</visible>
                                                        </item>
                                                        <item>
                                                                <label>$LOCALIZE[202]</label>
                                                                <label2>$INFO[ListItem.TagLine]</label2>
                                                                <onclick>-</onclick>
                                                                <visible>!IsEmpty(ListItem.TagLine)</visible>
                                                        </item>
                                                        <item>
                                                                <label>$LOCALIZE[207]</label>
                                                                <label2>$INFO[ListItem.PlotOutline]</label2>
                                                                <onclick>-</onclick>
                                                                <visible>!IsEmpty(ListItem.PlotOutline)</visible>
                                                        </item>
                                                        <item>
                                                                <label>$LOCALIZE[20416]</label>
                                                                <label2>$INFO[ListItem.Premiered]</label2>
                                                                <onclick>-</onclick>
                                                                <visible>!IsEmpty(ListItem.Premiered)</visible>
                                                        </item>
                                                        <item>
                                                                <label>$LOCALIZE[515]</label>
                                                                <label2>$INFO[ListItem.Genre]</label2>
                                                                <onclick>-</onclick>
                                                                <visible>!IsEmpty(ListItem.Genre)</visible>
                                                        </item>
                                                        <item>
                                                                <label>$LOCALIZE[180]</label>
                                                                <label2>$INFO[ListItem.Duration]</label2>
                                                                <onclick>-</onclick>
                                                                <visible>!IsEmpty(ListItem.Duration)</visible>
                                                        </item>
                                                        <item>
                                                                <label>$LOCALIZE[561]</label>
                                                                <label2>$INFO[ListItem.FilenameAndPath]</label2>
                                                                <onclick>-</onclick>
                                                                <visible>!IsEmpty(ListItem.FilenameAndPath)</visible>
                                                        </item>
                                                </content>
                                        </control>
                                        <!--  AQUI EMPIEZA LA INFORMACION PARTICULAR TVSHOWS  !-->
                                        <control type="group">
                                                <visible>Container.Content(TVShows)</visible>
                                                <control type="label">
                                                        <description>Episodes txt </description>
                                                        <posx>0</posx>
                                                        <posy>195</posy>
                                                        <label>[UPPERCASE]$LOCALIZE[20360][/UPPERCASE]</label>
                                                        <font>font11</font>
                                                        <width>75</width>
                                                        <include>textcoloralt</include>
                                                </control>
                                                <control type="label">
                                                        <description>Episodes value</description>
                                                        <posx>20</posx>
                                                        <posy>215</posy>
                                                        <label>$INFO[ListItem.Episode]</label>
                                                        <font>font14</font>
                                                </control>
                                                <control type="label">
                                                        <description>Episodes view value</description>
                                                        <posx>80</posx>
                                                        <posy>195</posy>
                                                        <label>$INFO[ListItem.Property(WatchedEpisodes),, $LOCALIZE[16102]] - $INFO[ListItem.Property(UnWatchedEpisodes), , $LOCALIZE[16101]]</label>
                                                        <font>font11</font>
                                                        <width>360</width>
                                                        <wrapmultiline>true</wrapmultiline>
                                                        <include>textcolorinfo</include>
                                                </control>
                                        </control>
                                        <!--  AQUI EMPIEZA LA INFORMACION PARTICULAR EPISODES  !-->
                                        <control type="group">
                                                <visible>Container.Content(Episodes)</visible>
                                                <control type="label">
                                                        <description>Season txt </description>
                                                        <posx>0</posx>
                                                        <posy>195</posy>
                                                        <label>[UPPERCASE]$LOCALIZE[20373][/UPPERCASE]</label>
                                                        <font>font11</font>
                                                        <width>75</width>
                                                        <include>textcoloralt</include>
                                                </control>
                                                <control type="label">
                                                        <description>Season value</description>
                                                        <posx>20</posx>
                                                        <posy>215</posy>
                                                        <label>$INFO[ListItem.Season]</label>
                                                        <font>font14</font>
                                                </control>
                                                <control type="label">
                                                        <description>TVShow txt </description>
                                                        <posx>80</posx>
                                                        <posy>195</posy>
                                                        <label>[UPPERCASE]$LOCALIZE[20364][/UPPERCASE]</label>
                                                        <font>font11</font>
                                                        <width>360</width>
                                                        <include>textcoloralt</include>
                                                </control>
                                                <control type="label">
                                                        <description>TVShow value</description>
                                                        <posx>80</posx>
                                                        <posy>215</posy>
                                                        <label>$INFO[ListItem.TVShowTitle]</label>
                                                        <font>font14</font>
                                                        <width>360</width>
                                                </control>
                                        </control>
                                </control>
                        </control>
                        <!--  Plot & Artists!-->
                        <control type="group">
                                <posx>40</posx>
                                <posy>405</posy>
                                <control type="image">
                                        <description>Line</description>
                                        <posx>0</posx>
                                        <posy>-5</posy>
                                        <width>640</width>
                                        <height>1</height>
                                        <texture>divline2.png</texture>
                                </control>
                                <control type="image">
                                        <description>Line</description>
                                        <posx>0</posx>
                                        <posy>75</posy>
                                        <width>640</width>
                                        <height>1</height>
                                        <texture>divline2.png</texture>
                                </control>
                                <control type="textbox" id="4">
                                        <description>Plot Text Area</description>
                                        <posx>0</posx>
                                        <posy>0</posy>
                                        <width>640</width>
                                        <height>65</height>
                                        <pagecontrol>61</pagecontrol>
                                        <align>justify</align>
                                </control>
                                <control type="panel" id="50">
                                        <description>Cast List Container</description>
                                        <posx>0</posx>
                                        <posy>0</posy>
                                        <width>640</width>
                                        <height>61</height>
                                        <onleft>9000</onleft>
                                        <onright>61</onright>
                                        <onup>50</onup>
                                        <ondown>50</ondown>
                                        <pagecontrol>61</pagecontrol>
                                        <scrolltime>200</scrolltime>
                                        <itemlayout width="315" height="20">
                                                <control type="label">
                                                        <posx>0</posx>
                                                        <posy>0</posy>
                                                        <width>300</width>
                                                        <info>ListItem.Label</info>
                                                        <font>font11</font>
                                                        <include>textcoloralt</include>
                                                </control>
                                        </itemlayout>
                                        <focusedlayout width="315" height="20">
                                                <control type="label">
                                                        <posx>5</posx>
                                                        <posy>0</posy>
                                                        <width>300</width>
                                                        <font>font11</font>
                                                        <info>ListItem.Label</info>
                                                </control>
                                        </focusedlayout>
                                </control>
                                <control type="image">
                                        <visible>Control.HasFocus(50)</visible>
                                        <posx>35</posx>
                                        <posy>-205</posy>
                                        <width>100</width>
                                        <height>180</height>
                                        <texture diffuse="movieposter_mask.png">$INFO[Container(50).Listitem.Icon]</texture>
                                        <aspectratio>keep</aspectratio>
                                </control>
                                <control type="scrollbar" id="61">
                                        <posx>0</posx>
                                        <posy>70</posy>
                                        <width>640</width>
                                        <height>10</height>
                                        <texturesliderbackground>-</texturesliderbackground>
                                        <texturesliderbar>-</texturesliderbar>
                                        <texturesliderbarfocus>-</texturesliderbarfocus>
                                        <textureslidernib>progress_sliderNF.png</textureslidernib>
                                        <textureslidernibfocus>progress_slider.png</textureslidernibfocus>
                                        <onup>50</onup>
                                        <ondown>49</ondown>
                                        <showonepage>true</showonepage>
                                        <orientation>horizontal</orientation>
                                </control>
                                <!--  Year and Runtime!-->
                                <control type="label">
                                        <description>Year value</description>
                                        <posx>40</posx>
                                        <posy>80</posy>
                                        <label>$INFO[ListItem.Year]</label>
                                        <font>font14</font>
                                        <include>textcolorinfo</include>
                                </control>
                                <control type="label">
                                        <description>Runtime value</description>
                                        <posx>40</posx>
                                        <posy>110</posy>
                                        <label>$INFO[ListItem.Duration]</label>
                                        <font>font14</font>
                                        <width>150</width>
                                        <include>textcolorinfo</include>
                                </control>
                        </control>
                </control>
                <!--  Buttons!-->
                <control type="group" id="9000">
                        <include>animationbuttonpanel</include>
                        <include>backgroundbuttonpanel</include>
                        <control type="button" id="5">
                                <description>Cast/Plot</description>
                                <posy>120</posy>
                                <label>206</label>
                                <onleft>61</onleft>
                                <onright>61</onright>
                                <onup>11</onup>
                                <ondown>8</ondown>
                        </control>
                        <control type="button" id="8">
                                <description>Play</description>
                                <posy>160</posy>
                                <label>208</label>
                                <onleft>61</onleft>
                                <onright>61</onright>
                                <onup>5</onup>
                                <ondown>9</ondown>
                        </control>
                        <control type="button" id="9">
                                <description>Resume</description>
                                <posy>200</posy>
                                <label>13404</label>
                                <onleft>61</onleft>
                                <onright>61</onright>
                                <onup>8</onup>
                                <ondown>6</ondown>
                        </control>
                        <control type="button" id="6">
                                <description>Refresh</description>
                                <posy>240</posy>
                                <label>184</label>
                                <onleft>61</onleft>
                                <onright>61</onright>
                                <onup>9</onup>
                                <ondown>10</ondown>
                        </control>
                        <control type="button" id="10">
                                <description>Get Thumbnail</description>
                                <posy>280</posy>
                                <label>13405</label>
                                <onleft>61</onleft>
                                <onright>61</onright>
                                <onup>6</onup>
                                <ondown>12</ondown>
                        </control>
                        <control type="button" id="12">
                                <description>Get Fanart</description>
                                <posy>320</posy>
                                <label>20413</label>
                                <onleft>61</onleft>
                                <onright>61</onright>
                                <onup>10</onup>
                                <ondown>11</ondown>
                                <enable>Container.Content(Movies) | Container.Content(TVShows)</enable>
                        </control>
                        <control type="button" id="11">
                                <description>Play Trailer</description>
                                <posy>360</posy>
                                <label>20410</label>
                                <onleft>61</onleft>
                                <onright>61</onright>
                                <onup>12</onup>
                                <ondown>5</ondown>
                                <enable>!IsEmpty(ListItem.Trailer)</enable>
                        </control>
                </control>
        </controls>
</window>