<window type="dialog" id="2000">
        <defaultcontrol always="true">3</defaultcontrol>
        <coordinates>
                <system>1</system>
                <posx>0</posx>
                <posy>0</posy>
        </coordinates>
        <include>dialoganimation</include>
        <controls>
                <include>backgroundcustom</include>
                <control type="label" id="1">
                        <description>Heading Label</description>
                        <posx>40</posx>
                        <posy>38</posy>
                        <label>13406</label>
                        <font>font18</font>
                        <shadowcolor>80000000</shadowcolor>
                </control>
                <control type="image">
                        <posx>40</posx>
                        <posy>130</posy>
                        <width>160</width>
                        <height>320</height>
                        <aspectratio aligny="top">keep</aspectratio>
                        <texture>$INFO[ListItem.Icon]</texture>
                        <bordertexture border="5">folder-nofocus.png</bordertexture>
                        <bordersize>5</bordersize>
                </control>
                <control type="list" id="3">
                        <posx>225</posx>
                        <posy>120</posy>
                        <width>455</width>
                        <height>325</height>
                        <onleft>5</onleft>
                        <onright>5</onright>
                        <onup>3</onup>
                        <ondown>3</ondown>
                        <pagecontrol>-</pagecontrol>
                        <scrolltime>200</scrolltime>
                        <itemlayout height="25">
                                <control type="image">
                                        <posx>0</posx>
                                        <posy>0</posy>
                                        <width>455</width>
                                        <height>23</height>
                                        <texture>list-small-nofocus.png</texture>
                                </control>
                                <control type="label">
                                        <posx>8</posx>
                                        <posy>0</posy>
                                        <width>455</width>
                                        <info>ListItem.Label</info>
                                </control>
                        </itemlayout>
                        <focusedlayout height="25">
                                <control type="image">
                                        <posx>0</posx>
                                        <posy>0</posy>
                                        <width>455</width>
                                        <height>23</height>
                                        <texture>list-small-nofocus.png</texture>
                                        <visible>!Control.HasFocus(3)</visible>
                                </control>
                                <control type="image">
                                        <posx>0</posx>
                                        <posy>0</posy>
                                        <width>455</width>
                                        <height>23</height>
                                        <texture>list-big-focus.png</texture>
                                        <visible>Control.HasFocus(3)</visible>
                                </control>
                                <control type="label">
                                        <posx>8</posx>
                                        <posy>0</posy>
                                        <width>455</width>
                                        <info>ListItem.Label</info>
                                </control>
                        </focusedlayout>
                </control>
                <control type="image">
                        <posx>225</posx>
                        <posy>455</posy>
                        <width>455</width>
                        <height>1</height>
                        <texture>divline.png</texture>
                        <aspectratio>strech</aspectratio>
                </control>
                <control type="label">
                        <description>Number of files/pages in list text label</description>
                        <posx>225</posx>
                        <posy>460</posy>
                        <width>300</width>
                        <scroll>true</scroll>
                        <label>$INFO[Container(3).CurrentPage]/$INFO[Container(3).NumPages] - $INFO[Container(3).NumItems] $LOCALIZE[127]</label>
                        <font>font11</font>
                        <include>textcoloralt</include>
                </control>
                <control type="button" id="5">
                        <description>Manual button</description>
                        <posx>530</posx>
                        <posy>470</posy>
                        <width>120</width>
                        <label>186</label>
                        <textoffsetx>8</textoffsetx>
                        <align>center</align>
                        <onleft>5</onleft>
                        <onright>5</onright>
                        <onup>3</onup>
                        <ondown>3</ondown>
                </control>
        </controls>
</window>