<window type="dialog" id="142">
        <defaultcontrol always="true">1</defaultcontrol>
        <include>overlayanimation</include>
        <controls>
                <control type="group">
                        <posx>0</posx>
                        <posy>0</posy>
                        <control type="group">
                                <include>backgroundfanart</include>
                                <include>systime</include>
                                <control type="image">
                                        <description>Cover image</description>
                                        <posx>20</posx>
                                        <posy>360</posy>
                                        <width>130</width>
                                        <height>190</height>
                                        <aspectratio align="right" aligny="bottom">keep</aspectratio>
                                        <texture>$INFO[VideoPlayer.Cover]</texture>
                                        <bordertexture border="15">postershadow.png</bordertexture>
                                        <bordersize>15</bordersize>
                                </control>
                                <control type="label">
                                        <posx>150</posx>
                                        <posy>380</posy>
                                        <label>$INFO[VideoPlayer.Title]</label>
                                        <width>530</width>
                                        <font>font14</font>
                                </control>
                                <control type="label">
                                        <posx>150</posx>
                                        <posy>410</posy>
                                        <label>$INFO[VideoPlayer.Director]</label>
                                        <width>520</width>
                                        <font>font11</font>
                                        <include>textcoloralt</include>
                                </control>
                                <control type="label">
                                        <posx>150</posx>
                                        <posy>430</posy>
                                        <label>$INFO[VideoPlayer.Genre]</label>
                                        <width>520</width>
                                        <font>font11</font>
                                        <include>textcoloralt</include>
                                </control>
                                <control type="label">
                                        <posx>150</posx>
                                        <posy>450</posy>
                                        <label>$INFO[VideoPlayer.Year]$INFO[VideoPlayer.Studio, - ]</label>
                                        <width>520</width>
                                        <font>font11</font>
                                        <include>textcoloralt</include>
                                </control>
                                <control type="label">
                                        <posx>150</posx>
                                        <posy>490</posy>
                                        <label>$INFO[Player.Time]$INFO[Player.TimeRemaining, / ]</label>
                                        <width>520</width>
                                        <font>font11</font>
                                </control>
                                <control type="label">
                                        <posx>580</posx>
                                        <posy>490</posy>
                                        <label>$INFO[Player.Duration,$LOCALIZE[180]:  ]</label>
                                        <align>right</align>
                                        <font>font11</font>
                                        <include>textcoloralt</include>
                                </control>
                                <control type="progress">
                                        <description>Progress control</description>
                                        <posx>150</posx>
                                        <posy>515</posy>
                                        <width>430</width>
                                        <height>8</height>
                                        <texturebg>ProgressBack.png</texturebg>
                                        <lefttexture>-</lefttexture>
                                        <midtexture>ProgressFront.png</midtexture>
                                        <righttexture>-</righttexture>
                                        <overlaytexture>-</overlaytexture>
                                        <info>Player.Progress</info>
                                </control>
                                <control type="label">
                                        <posx>580</posx>
                                        <posy>525</posy>
                                        <label>$INFO[Player.FinishTime,$LOCALIZE[330] ]</label>
                                        <align>right</align>
                                        <font>font11</font>
                                        <include>textcoloroverlay</include>
                                </control>
                        </control>
                </control>
        </controls>
</window>