<window id="106">
        <defaultcontrol>1000</defaultcontrol>
        <include>dialoganimation</include>
        <coordinates>
                <system>1</system>
                <posx>0</posx>
                <posy>0</posy>
        </coordinates>
        <controls>
                <control type="image" id="997">
                        <description>Background top image</description>
                        <posx>0</posx>
                        <posy>-17</posy>
                        <width>261</width>
                        <height>18</height>
                        <texture>dialog-context-top.png</texture>
                </control>
                <control type="image" id="999">
                        <description>Background image</description>
                        <posx>0</posx>
                        <posy>0</posy>
                        <width>261</width>
                        <texture>dialog-context-middle.png</texture>
                </control>
                <control type="image" id="998">
                        <description>Background bottom image</description>
                        <posx>0</posx>
                        <posy>0</posy>
                        <width>261</width>
                        <height>24</height>
                        <texture>dialog-context-bottom.png</texture>
                </control>
                <control type="button" id="1000">
                        <description>Button template</description>
                        <posx>20</posx>
                        <posy>15</posy>
                        <width>220</width>
                        <height>37</height>
                        <textoffsetx>0</textoffsetx>
                        <texturefocus>button-focus-context.png</texturefocus>
                        <texturenofocus>button-nofocus-context.png</texturenofocus>
                        <font>font11</font>
                        <align>center</align>
                </control>
        </controls>
</window>