<window id="2001">
        <defaultcontrol always="true">49</defaultcontrol>
        <allowoverlay>yes</allowoverlay>
        <include>overlayanimation</include>
        <controls>
                <!-- Background !-->
                <include>backgroundroller</include>
                <control type="group">
                        <visible>Container.Content(Albums)</visible>
                        <control type="image">
                                <posx>0</posx>
                                <posy>200</posy>
                                <width>720</width>
                                <height>356</height>
                                <texture>background.png</texture>
                        </control>
                        <control type="image">
                                <posx>0</posx>
                                <posy>200</posy>
                                <width>720</width>
                                <height>1</height>
                                <texture>divisor.png</texture>
                        </control>
                        <control type="image">
                                <posx>0</posx>
                                <posy>0</posy>
                                <width>720</width>
                                <height>576</height>
                                <texture>background-fanart.png</texture>
                        </control>
                </control>
                <control type="group">
                        <visible>Container.Content(Artists)</visible>
                        <control type="image">
                                <posx>0</posx>
                                <posy>235</posy>
                                <width>720</width>
                                <height>341</height>
                                <texture>background.png</texture>
                        </control>
                        <control type="image">
                                <posx>0</posx>
                                <posy>235</posy>
                                <width>720</width>
                                <height>1</height>
                                <texture>divisor.png</texture>
                        </control>
                        <control type="image">
                                <posx>0</posx>
                                <posy>0</posy>
                                <width>720</width>
                                <height>576</height>
                                <texture>background-fanart.png</texture>
                        </control>
                </control>
                <!--  Poster and Icons !-->
                <control type="group">
                        <visible>Container.Content(Albums)</visible>
                        <posx>0</posx>
                        <posy>-20</posy>
                        <include>albumcover</include>
                </control>
                <control type="group">
                        <visible>Container.Content(Artists)</visible>
                        <control type="image">
                                <visible>!Control.HasFocus(50)</visible>
                                <posx>40</posx>
                                <posy>250</posy>
                                <width>190</width>
                                <height>130</height>
                                <aspectratio aligny="top">keep</aspectratio>
                                <texture>$INFO[ListItem.Icon]</texture>
                                <bordertexture border="3">folder-nofocus.png</bordertexture>
                                <bordersize>3</bordersize>
                        </control>
                </control>
                <!--   Flags !-->
                <control type="group">
                        <posx>90</posx>
                        <posy>0</posy>
                        <include>mediaflags</include>
                </control>
                <!--  Infos !-->
                <control type="group" id="9900">
                        <control type="group">
                                <control type="group">
                                        <posx>240</posx>
                                        <posy>40</posy>
                                        <!--  AQUI EMPIEZA LA INFORMACION GENERAL DEL ALBUM  !-->
                                        <control type="group">
                                                <visible>Container.Content(Albums)</visible>
                                                <control type="label">
                                                        <posx>0</posx>
                                                        <posy>170</posy>
                                                        <width>440</width>
                                                        <label>$INFO[ListItem.Album]</label>
                                                        <font>font32</font>
                                                        <shadowcolor>80000000</shadowcolor>
                                                </control>
                                                <control type="label">
                                                        <description>Artist value</description>
                                                        <posx>0</posx>
                                                        <posy>210</posy>
                                                        <label>$INFO[ListItem.Artist]</label>
                                                        <font>font14</font>
                                                        <width>440</width>
                                                        <wrapmultiline>true</wrapmultiline>
                                                        <include>textcolorinfo</include>
                                                </control>
                                                <control type="image">
                                                        <description>Line</description>
                                                        <posx>0</posx>
                                                        <posy>250</posy>
                                                        <width>440</width>
                                                        <height>1</height>
                                                        <texture>divline2.png</texture>
                                                </control>
                                        </control>
                                        <!--  AQUI EMPIEZA LA INFORMACION GENERAL DEL ARTISTA !-->
                                        <control type="group">
                                                <visible>Container.Content(Artists)</visible>
                                                <control type="label">
                                                        <posx>0</posx>
                                                        <posy>205</posy>
                                                        <width>440</width>
                                                        <label>$INFO[ListItem.Artist]</label>
                                                        <font>font32</font>
                                                        <shadowcolor>80000000</shadowcolor>
                                                </control>
                                                <control type="image">
                                                        <description>Line</description>
                                                        <posx>0</posx>
                                                        <posy>250</posy>
                                                        <width>440</width>
                                                        <height>1</height>
                                                        <texture>divline2.png</texture>
                                                </control>
                                        </control>
                                        <!--  Info panel!-->
                                        <control type="list" id="49">
                                                <posx>0</posx>
                                                <posy>258</posy>
                                                <width>440</width>
                                                <height>92</height>
                                                <onleft>9000</onleft>
                                                <onright>50</onright>
                                                <onup>49</onup>
                                                <ondown>49</ondown>
                                                <pagecontrol>-</pagecontrol>
                                                <scrolltime>200</scrolltime>
                                                <itemlayout height="23">
                                                        <control type="label">
                                                                <posx>0</posx>
                                                                <posy>0</posy>
                                                                <width>70</width>
                                                                <info>ListItem.Label</info>
                                                                <include>textcoloralt</include>
                                                        </control>
                                                        <control type="label">
                                                                <posx>80</posx>
                                                                <posy>0</posy>
                                                                <width>350</width>
                                                                <info>ListItem.Label2</info>
                                                                <include>textcolorinfo</include>
                                                        </control>
                                                </itemlayout>
                                                <focusedlayout height="23">
                                                        <control type="label">
                                                                <posx>10</posx>
                                                                <posy>0</posy>
                                                                <width>70</width>
                                                                <info>ListItem.Label</info>
                                                        </control>
                                                        <control type="label">
                                                                <posx>90</posx>
                                                                <posy>0</posy>
                                                                <width>350</width>
                                                                <info>ListItem.Label2</info>
                                                        </control>
                                                </focusedlayout>
                                                <content>
                                                        <item>
                                                                <label>[UPPERCASE]$LOCALIZE[368][/UPPERCASE]</label>
                                                                <label2>$INFO[ListItem.Rating]</label2>
                                                                <onclick>-</onclick>
                                                                <visible>!IsEmpty(ListItem.Rating) + Container.Content(Albums)</visible>
                                                        </item>
                                                        <item>
                                                                <label>$LOCALIZE[515]</label>
                                                                <label2>$INFO[ListItem.Genre]</label2>
                                                                <onclick>-</onclick>
                                                                <visible>!IsEmpty(ListItem.Genre)</visible>
                                                        </item>
                                                        <!--  Albums!-->
                                                        <item>
                                                                <label>$LOCALIZE[176]</label>
                                                                <label2>$INFO[ListItem.Property(AlbumStyles)]</label2>
                                                                <onclick>-</onclick>
                                                                <visible>!IsEmpty(ListItem.Property(AlbumStyles))</visible>
                                                        </item>
                                                        <item>
                                                                <label>$LOCALIZE[21899]</label>
                                                                <label2>$INFO[ListItem.Property(AlbumLabel)]</label2>
                                                                <onclick>-</onclick>
                                                                <visible>!IsEmpty(ListItem.Property(AlbumLabel))</visible>
                                                        </item>
                                                        <item>
                                                                <label>$LOCALIZE[21895]</label>
                                                                <label2>$INFO[ListItem.Property(AlbumThemes)]</label2>
                                                                <onclick>-</onclick>
                                                                <visible>!IsEmpty(ListItem.Property(AlbumThemes))</visible>
                                                        </item>
                                                        <item>
                                                                <label>$LOCALIZE[175]</label>
                                                                <label2>$INFO[ListItem.Property(AlbumMoods)]</label2>
                                                                <onclick>-</onclick>
                                                                <visible>!IsEmpty(ListItem.Property(AlbumMoods))</visible>
                                                        </item>
                                                        <item>
                                                                <label>$LOCALIZE[146]</label>
                                                                <label2>$INFO[ListItem.Property(AlbumType)]</label2>
                                                                <onclick>-</onclick>
                                                                <visible>!IsEmpty(ListItem.Property(AlbumType))</visible>
                                                        </item>
                                                        <item>
                                                                <label>$LOCALIZE[561]</label>
                                                                <label2>$INFO[ListItem.FilenameAndPath]</label2>
                                                                <onclick>-</onclick>
                                                                <visible>!IsEmpty(ListItem.FilenameAndPath)</visible>
                                                        </item>
                                                        <!--  Artists!-->
                                                        <item>
                                                                <label>$LOCALIZE[21893]</label>
                                                                <label2>$INFO[ListItem.Property(Born)]</label2>
                                                                <onclick>-</onclick>
                                                                <visible>!IsEmpty(ListItem.Property(Born))</visible>
                                                        </item>
                                                        <item>
                                                                <label>$LOCALIZE[21894]</label>
                                                                <label2>$INFO[ListItem.Property(Formed)]</label2>
                                                                <onclick>-</onclick>
                                                                <visible>!IsEmpty(ListItem.Property(Formed))</visible>
                                                        </item>
                                                        <item>
                                                                <label>$LOCALIZE[176]</label>
                                                                <label2>$INFO[ListItem.Property(Styles)]</label2>
                                                                <onclick>-</onclick>
                                                                <visible>!IsEmpty(ListItem.Property(Styles))</visible>
                                                        </item>
                                                        <item>
                                                                <label>$LOCALIZE[175]</label>
                                                                <label2>$INFO[ListItem.Property(Moods)]</label2>
                                                                <onclick>-</onclick>
                                                                <visible>!IsEmpty(ListItem.Property(Moods))</visible>
                                                        </item>
                                                        <item>
                                                                <label>$LOCALIZE[21892]</label>
                                                                <label2>$INFO[ListItem.Property(Instruments)]</label2>
                                                                <onclick>-</onclick>
                                                                <visible>!IsEmpty(ListItem.Property(Instruments))</visible>
                                                        </item>
                                                        <item>
                                                                <label>$LOCALIZE[21897]</label>
                                                                <label2>$INFO[ListItem.Property(Died)]</label2>
                                                                <onclick>-</onclick>
                                                                <visible>!IsEmpty(ListItem.Property(Died))</visible>
                                                        </item>
                                                        <item>
                                                                <label>$LOCALIZE[21896]</label>
                                                                <label2>$INFO[ListItem.Disbanded]</label2>
                                                                <onclick>-</onclick>
                                                                <visible>!IsEmpty(ListItem.Disbanded)</visible>
                                                        </item>
                                                        <item>
                                                                <label>$LOCALIZE[21898]</label>
                                                                <label2>$INFO[ListItem.YearsActive]</label2>
                                                                <onclick>-</onclick>
                                                                <visible>!IsEmpty(ListItem.YearsActive)</visible>
                                                        </item>
                                                </content>
                                        </control>
                                </control>
                        </control>
                        <!--  Plot & Artists!-->
                        <control type="group">
                                <posx>40</posx>
                                <posy>405</posy>
                                <control type="image">
                                        <description>Line</description>
                                        <posx>0</posx>
                                        <posy>-5</posy>
                                        <width>640</width>
                                        <height>1</height>
                                        <texture>divline2.png</texture>
                                </control>
                                <control type="image">
                                        <description>Line</description>
                                        <posx>0</posx>
                                        <posy>75</posy>
                                        <width>640</width>
                                        <height>1</height>
                                        <texture>divline2.png</texture>
                                </control>
                                <control type="textbox" id="4">
                                        <description>Plot Text Area</description>
                                        <posx>0</posx>
                                        <posy>0</posy>
                                        <width>640</width>
                                        <height>65</height>
                                        <pagecontrol>61</pagecontrol>
                                        <align>justify</align>
                                </control>
                                <control type="panel" id="50">
                                        <description>Cast List Container</description>
                                        <posx>0</posx>
                                        <posy>0</posy>
                                        <width>640</width>
                                        <height>61</height>
                                        <onleft>9000</onleft>
                                        <onright>61</onright>
                                        <onup>50</onup>
                                        <ondown>50</ondown>
                                        <pagecontrol>61</pagecontrol>
                                        <scrolltime>200</scrolltime>
                                        <itemlayout condition="Container.Content(Albums)" width="315" height="20">
                                                <control type="label">
                                                        <posx>0</posx>
                                                        <posy>0</posy>
                                                        <width>300</width>
                                                        <label>$INFO[ListItem.TrackNumber] - $INFO[ListItem.Label]</label>
                                                        <font>font11</font>
                                                        <include>textcoloralt</include>
                                                </control>
                                                <control type="label">
                                                        <posx>300</posx>
                                                        <posy>0</posy>
                                                        <font>font11</font>
                                                        <align>right</align>
                                                        <width>300</width>
                                                        <label>$INFO[ListItem.Duration]</label>
                                                        <include>textcoloralt</include>
                                                </control>
                                        </itemlayout>
                                        <focusedlayout condition="Container.Content(Albums)" width="315" height="20">
                                                <control type="label">
                                                        <posx>5</posx>
                                                        <posy>0</posy>
                                                        <width>300</width>
                                                        <font>font11</font>
                                                        <label>$INFO[ListItem.TrackNumber] - $INFO[ListItem.Label] </label>
                                                </control>
                                                <control type="label">
                                                        <posx>300</posx>
                                                        <posy>0</posy>
                                                        <font>font11</font>
                                                        <align>right</align>
                                                        <width>300</width>
                                                        <label>$INFO[ListItem.Duration]</label>
                                                </control>
                                        </focusedlayout>
                                        <itemlayout condition="Container.Content(Artists)" width="640" height="20">
                                                <control type="label">
                                                        <posx>0</posx>
                                                        <posy>0</posy>
                                                        <width>630</width>
                                                        <label>$INFO[ListItem.Label]</label>
                                                        <font>font11</font>
                                                        <include>textcoloralt</include>
                                                </control>
                                        </itemlayout>
                                        <focusedlayout condition="Container.Content(Artists)" width="640" height="20">
                                                <control type="label">
                                                        <posx>5</posx>
                                                        <posy>0</posy>
                                                        <width>630</width>
                                                        <font>font11</font>
                                                        <label>$INFO[ListItem.Label]</label>
                                                </control>
                                        </focusedlayout>
                                </control>
                                <control type="image">
                                        <visible>Control.HasFocus(50)</visible>
                                        <posx>0</posx>
                                        <posy>-160</posy>
                                        <width>140</width>
                                        <height>140</height>
                                        <texture diffuse="album_mask.png">$INFO[Container(50).Listitem.Icon]</texture>
                                        <aspectratio>keep</aspectratio>
                                </control>
                                <control type="scrollbar" id="61">
                                        <posx>0</posx>
                                        <posy>70</posy>
                                        <width>640</width>
                                        <height>10</height>
                                        <texturesliderbackground>-</texturesliderbackground>
                                        <texturesliderbar>-</texturesliderbar>
                                        <texturesliderbarfocus>-</texturesliderbarfocus>
                                        <textureslidernib>progress_sliderNF.png</textureslidernib>
                                        <textureslidernibfocus>progress_slider.png</textureslidernibfocus>
                                        <onup>50</onup>
                                        <ondown>49</ondown>
                                        <showonepage>true</showonepage>
                                        <orientation>horizontal</orientation>
                                </control>
                                <!--  Year!-->
                                <control type="label">
                                        <description>Year value</description>
                                        <posx>40</posx>
                                        <posy>80</posy>
                                        <label>$INFO[ListItem.Year]</label>
                                        <font>font14</font>
                                        <include>textcolorinfo</include>
                                </control>
                        </control>
                </control>
                <!--  Buttons!-->
                <control type="group" id="9000">
                        <include>animationbuttonpanel</include>
                        <include>backgroundbuttonpanel</include>
                        <control type="button" id="5">
                                <description>Tracks/Review</description>
                                <posy>120</posy>
                                <label>206</label>
                                <onleft>61</onleft>
                                <onright>61</onright>
                                <onup>12</onup>
                                <ondown>6</ondown>
                        </control>
                        <control type="button" id="6">
                                <description>Refresh</description>
                                <posy>160</posy>
                                <label>184</label>
                                <onleft>61</onleft>
                                <onright>61</onright>
                                <onup>5</onup>
                                <ondown>10</ondown>
                        </control>
                        <control type="button" id="10">
                                <description>Get thumbnail</description>
                                <posy>200</posy>
                                <label>13405</label>
                                <onleft>61</onleft>
                                <onright>61</onright>
                                <onup>6</onup>
                                <ondown>12</ondown>
                        </control>
                        <control type="button" id="12">
                                <description>Get FanArt</description>
                                <posy>240</posy>
                                <label>20413</label>
                                <onleft>61</onleft>
                                <onright>61</onright>
                                <onup>10</onup>
                                <ondown>5</ondown>
                        </control>
                </control>
        </controls>
</window>