<window id="132">
        <defaultcontrol>3</defaultcontrol>
        <include>dialoganimation</include>
        <controls>
                <include>backgroundcustom</include>
                <control type="label" id="1">
                        <description>Window title</description>
                        <posx>40</posx>
                        <posy>38</posy>
                        <label>20333</label>
                        <font>font18</font>
                        <shadowcolor>80000000</shadowcolor>
                </control>
                <control type="spincontrolex" id="3">
                        <description>Content Picker</description>
                        <posx>225</posx>
                        <posy>120</posy>
                        <width>455</width>
                        <height>25</height>
                        <texturefocus>list-focus.png</texturefocus>
                        <texturenofocus>-</texturenofocus>
                        <label>20344</label>
                        <reverse>yes</reverse>
                        <onup>28</onup>
                        <ondown>4</ondown>
                        <onleft>3</onleft>
                        <onright>3</onright>
                </control>
                <control type="image">
                        <posx>225</posx>
                        <posy>150</posy>
                        <width>455</width>
                        <height>1</height>
                        <texture>divline2.png</texture>
                </control>
                <control type="image">
                        <posx>40</posx>
                        <posy>130</posy>
                        <width>160</width>
                        <height>320</height>
                        <aspectratio aligny="top">keep</aspectratio>
                        <texture>$INFO[ListItem.Icon]</texture>
                        <bordertexture border="5">folder-nofocus.png</bordertexture>
                        <bordersize>5</bordersize>
                </control>
                <control type="list" id="4">
                        <posx>225</posx>
                        <posy>160</posy>
                        <width>455</width>
                        <height>125</height>
                        <onup>3</onup>
                        <onleft>5</onleft>
                        <onright>5</onright>
                        <ondown>5</ondown>
                        <pagecontrol>-</pagecontrol>
                        <scrolltime>200</scrolltime>
                        <itemlayout height="25">
                                <control type="image">
                                        <posx>0</posx>
                                        <posy>0</posy>
                                        <width>455</width>
                                        <height>23</height>
                                        <texture>list-small-nofocus.png</texture>
                                </control>
                                <control type="label">
                                        <posx>8</posx>
                                        <posy>0</posy>
                                        <width>455</width>
                                        <info>ListItem.Label</info>
                                </control>
                        </itemlayout>
                        <focusedlayout height="25">
                                <control type="image">
                                        <posx>0</posx>
                                        <posy>0</posy>
                                        <width>455</width>
                                        <height>23</height>
                                        <texture>list-small-nofocus.png</texture>
                                        <visible>!Control.HasFocus(4)</visible>
                                </control>
                                <control type="image">
                                        <posx>0</posx>
                                        <posy>0</posy>
                                        <width>455</width>
                                        <height>23</height>
                                        <texture>list-big-focus.png</texture>
                                        <visible>Control.HasFocus(4)</visible>
                                </control>
                                <control type="label">
                                        <posx>8</posx>
                                        <posy>0</posy>
                                        <width>455</width>
                                        <info>ListItem.Label</info>
                                </control>
                        </focusedlayout>
                </control>
                <control type="image">
                        <posx>225</posx>
                        <posy>290</posy>
                        <width>455</width>
                        <height>1</height>
                        <texture>divline2.png</texture>
                </control>
                <control type="grouplist" id="5">
                        <description>Control Area</description>
                        <posx>225</posx>
                        <posy>310</posy>
                        <width>455</width>
                        <height>175</height>
                        <itemgap>2</itemgap>
                        <onup>4</onup>
                        <ondown>28</ondown>
                        <onleft>5</onleft>
                        <onright>5</onright>
                </control>
                <control type="button" id="7">
                        <description>Default Button</description>
                        <posx>0</posx>
                        <posy>0</posy>
                        <height>23</height>
                        <texturefocus>list-focus.png</texturefocus>
                        <texturenofocus>-</texturenofocus>
                        <textoffsetx>8</textoffsetx>
                </control>
                <control type="radiobutton" id="8">
                        <description>Default RadioButton</description>
                        <posx>0</posx>
                        <posy>0</posy>
                        <height>23</height>
                        <texturefocus>list-focus.png</texturefocus>
                        <texturenofocus>-</texturenofocus>
                        <textoffsetx>8</textoffsetx>
                </control>
                <control type="image">
                        <posx>225</posx>
                        <posy>445</posy>
                        <width>455</width>
                        <height>1</height>
                        <texture>divline2.png</texture>
                </control>
                <control type="group" id="9001">
                        <control type="button" id="6">
                                <description>Settings Button</description>
                                <posx>265</posx>
                                <posy>465</posy>
                                <label>5</label>
                                <width>120</width>
                                <textoffsetx>8</textoffsetx>
                                <align>center</align>
                                <onleft>29</onleft>
                                <onright>28</onright>
                                <onup>30</onup>
                                <ondown>3</ondown>
                        </control>
                        <control type="button" id="28">
                                <description>OK Button</description>
                                <posx>390</posx>
                                <posy>465</posy>
                                <label>186</label>
                                <width>120</width>
                                <textoffsetx>8</textoffsetx>
                                <align>center</align>
                                <onleft>6</onleft>
                                <onright>29</onright>
                                <onup>30</onup>
                                <ondown>3</ondown>
                        </control>
                        <control type="button" id="29">
                                <description>Cancel Button</description>
                                <posx>515</posx>
                                <posy>465</posy>
                                <label>222</label>
                                <width>120</width>
                                <textoffsetx>8</textoffsetx>
                                <align>center</align>
                                <onleft>28</onleft>
                                <onright>6</onright>
                                <onup>30</onup>
                                <ondown>3</ondown>
                        </control>
                </control>
        </controls>
</window>