<window id="115">
        <defaultcontrol>1</defaultcontrol>
        <visible>Player.Seeking | Player.DisplayAfterSeek | Player.Paused | Player.Forwarding | Player.Rewinding</visible>
        <animation effect="slide" time="400" start="350,0" acceleration="-1" condition="true">WindowOpen</animation>
        <animation effect="slide" time="400" end="350,0" acceleration="1" condition="true">WindowClose</animation>
        <coordinates>
                <system>1</system>
                <posx>370</posx>
                <posy>40</posy>
        </coordinates>
        <controls>
                <control type="image">
                        <description>Popup Seek Dialog Background</description>
                        <posx>0</posx>
                        <posy>0</posy>
                        <width>320</width>
                        <height>80</height>
                        <texture>dialog-seek.png</texture>
                </control>
                <control type="slider" id="23">
                        <description>Progressbar</description>
                        <posx>80</posx>
                        <posy>42</posy>
                        <texturesliderbar>osd_slider_bg.png</texturesliderbar>
                        <textureslidernib>progress_slider.png</textureslidernib>
                        <textureslidernibfocus>progress_slider.png</textureslidernibfocus>
                        <info>Player.Progress</info>
                        <visible>true</visible>
                </control>
                <control type="label" id="22">
                        <description>Elapsed Time Label</description>
                        <posx>100</posx>
                        <posy>25</posy>
                        <info>Player.Time</info>
                        <align>right</align>
                </control>
                <control type="label" id="0">
                        <description>Duration Label</description>
                        <posx>230</posx>
                        <posy>25</posy>
                        <info>Player.Duration</info>
                </control>
                <control type="label">
                        <description>Play label</description>
                        <posx>10</posx>
                        <posy>15</posy>
                        <label>PLAYING</label>
                        <visible>Player.Playing</visible>
                        <align>center</align>
                        <width>300</width>
                        <include>textcolorinfo</include>
                </control>
                <control type="label">
                        <description>Pause label</description>
                        <posx>10</posx>
                        <posy>15</posy>
                        <label>PAUSED</label>
                        <visible>Player.Paused</visible>
                        <align>center</align>
                        <width>300</width>
                        <include>textcolorinfo</include>
                </control>
                <control type="label">
                        <description>Forward label</description>
                        <posx>10</posx>
                        <posy>15</posy>
                        <label>FAST FORWARD</label>
                        <visible>Player.Forwarding</visible>
                        <align>center</align>
                        <width>300</width>
                        <include>textcolorinfo</include>
                </control>
                <control type="label">
                        <description>Rewind label</description>
                        <posx>10</posx>
                        <posy>15</posy>
                        <label>REWIND</label>
                        <visible>Player.Rewinding</visible>
                        <align>center</align>
                        <width>300</width>
                        <include>textcolorinfo</include>
                </control>
        </controls>
</window>