<window id="126">
        <defaultcontrol always="true">450</defaultcontrol>
        <include>dialoganimation</include>
        <controls>
                <include>backgroundcustom</include>
                <control type="label" id="411">
                        <description>Heading Label</description>
                        <posx>40</posx>
                        <posy>38</posy>
                        <label>-</label>
                        <font>font18</font>
                        <shadowcolor>80000000</shadowcolor>
                </control>
                <control type="image">
                        <posx>40</posx>
                        <posy>130</posy>
                        <width>160</width>
                        <height>320</height>
                        <aspectratio aligny="top">keep</aspectratio>
                        <texture>$INFO[ListItem.Icon]</texture>
                        <bordertexture border="5">folder-nofocus.png</bordertexture>
                        <bordersize>5</bordersize>
                </control>
                <control type="label" id="412">
                        <description>Path label</description>
                        <posx>225</posx>
                        <posy>120</posy>
                        <width>445</width>
                        <label>1021</label>
                        <include>textcolorinfo</include>
                </control>
                <control type="image">
                        <posx>225</posx>
                        <posy>150</posy>
                        <width>455</width>
                        <height>1</height>
                        <texture>divline.png</texture>
                        <aspectratio>strech</aspectratio>
                </control>
                <control type="list" id="450">
                        <posx>225</posx>
                        <posy>165</posy>
                        <width>455</width>
                        <height>275</height>
                        <onleft>413</onleft>
                        <onright>413</onright>
                        <onup>450</onup>
                        <ondown>450</ondown>
                        <pagecontrol>-</pagecontrol>
                        <scrolltime>200</scrolltime>
                        <itemlayout height="25">
                                <control type="image">
                                        <posx>0</posx>
                                        <posy>0</posy>
                                        <width>455</width>
                                        <height>23</height>
                                        <texture>list-small-nofocus.png</texture>
                                </control>
                                <control type="label">
                                        <posx>8</posx>
                                        <posy>0</posy>
                                        <width>455</width>
                                        <info>ListItem.Label</info>
                                </control>
                        </itemlayout>
                        <focusedlayout height="25">
                                <control type="image">
                                        <posx>0</posx>
                                        <posy>0</posy>
                                        <width>455</width>
                                        <height>23</height>
                                        <texture>list-small-nofocus.png</texture>
                                        <visible>!Control.HasFocus(450)</visible>
                                </control>
                                <control type="image">
                                        <posx>0</posx>
                                        <posy>0</posy>
                                        <width>455</width>
                                        <height>23</height>
                                        <texture>list-big-focus.png</texture>
                                        <visible>Control.HasFocus(450)</visible>
                                </control>
                                <control type="label">
                                        <posx>8</posx>
                                        <posy>0</posy>
                                        <width>455</width>
                                        <info>ListItem.Label</info>
                                </control>
                        </focusedlayout>
                </control>
                <control type="image">
                        <posx>225</posx>
                        <posy>455</posy>
                        <width>455</width>
                        <height>1</height>
                        <texture>divline.png</texture>
                        <aspectratio>strech</aspectratio>
                </control>
                <control type="button" id="413">
                        <description>OK button</description>
                        <posx>270</posx>
                        <posy>470</posy>
                        <width>120</width>
                        <label>186</label>
                        <textoffsetx>8</textoffsetx>
                        <align>center</align>
                        <onleft>415</onleft>
                        <onright>414</onright>
                        <onup>450</onup>
                        <ondown>450</ondown>
                </control>
                <control type="button" id="414">
                        <description>Cancel button</description>
                        <posx>400</posx>
                        <posy>470</posy>
                        <width>120</width>
                        <label>222</label>
                        <textoffsetx>8</textoffsetx>
                        <align>center</align>
                        <onleft>413</onleft>
                        <onright>415</onright>
                        <onup>450</onup>
                        <ondown>450</ondown>
                </control>
                <control type="button" id="415">
                        <description>Create folder button</description>
                        <posx>530</posx>
                        <posy>470</posy>
                        <width>120</width>
                        <label>119</label>
                        <textoffsetx>8</textoffsetx>
                        <align>center</align>
                        <onleft>414</onleft>
                        <onright>413</onright>
                        <onup>450</onup>
                        <ondown>450</ondown>
                </control>
        </controls>
</window>