<window id="3">
        <defaultcontrol>20</defaultcontrol>
        <allowoverlay>no</allowoverlay>
        <controls>
                <include>backgroundmedia</include>
                <control type="label">
                        <description>Window title</description>
                        <posx>40</posx>
                        <posy>30</posy>
                        <label>7</label>
                        <font>font40</font>
                        <shadowcolor>80000000</shadowcolor>
                </control>
                <control type="image">
                        <posx>615</posx>
                        <posy>30</posy>
                        <width>65</width>
                        <height>65</height>
                        <texture>settings-files-nofocus.png</texture>
                        <aspectratio>keep</aspectratio>
                </control>
                <control type="fadelabel" id="101">
                        <description>Current Directory text label left</description>
                        <posx>40</posx>
                        <posy>110</posy>
                        <width>310</width>
                        <font>font11</font>
                        <include>textcolorinfo</include>
                </control>
                <control type="label" id="12">
                        <description>Number of files in left list text label</description>
                        <posx>342</posx>
                        <posy>490</posy>
                        <label>-</label>
                        <include>textcoloralt</include>
                        <align>right</align>
                        <font>font11</font>
                </control>
                <control type="label" id="1">
                        <description>C drive space</description>
                        <posx>342</posx>
                        <posy>515</posy>
                        <info>System.FreeSpace(C)</info>
                        <align>right</align>
                </control>
                <control type="list" id="20">
                        <description>Left File list</description>
                        <posx>40</posx>
                        <posy>140</posy>
                        <width>310</width>
                        <height>325</height>
                        <onleft>21</onleft>
                        <onright>21</onright>
                        <onup>20</onup>
                        <ondown>20</ondown>
                        <pagecontrol>-</pagecontrol>
                        <scrolltime>200</scrolltime>
                        <itemlayout height="25">
                                <control type="image">
                                        <posx>0</posx>
                                        <posy>0</posy>
                                        <width>310</width>
                                        <height>23</height>
                                        <texture>list-small-nofocus.png</texture>
                                </control>
                                <control type="label">
                                        <posx>8</posx>
                                        <posy>1</posy>
                                        <width>240</width>
                                        <info>ListItem.Label</info>
                                        <include>textcolorinfo</include>
                                </control>
                                <control type="label">
                                        <posx>302</posx>
                                        <posy>1</posy>
                                        <width>240</width>
                                        <align>right</align>
                                        <info>ListItem.Label2</info>
                                        <include>textcoloralt</include>
                                </control>
                        </itemlayout>
                        <focusedlayout height="25">
                                <control type="image">
                                        <posx>0</posx>
                                        <posy>0</posy>
                                        <width>310</width>
                                        <height>23</height>
                                        <texture>list-small-nofocusSEL.png</texture>
                                        <visible>!Control.HasFocus(20)</visible>
                                </control>
                                <control type="image">
                                        <posx>0</posx>
                                        <posy>0</posy>
                                        <width>310</width>
                                        <height>23</height>
                                        <texture>list-small-focus.png</texture>
                                        <visible>Control.HasFocus(20)</visible>
                                </control>
                                <control type="label">
                                        <posx>8</posx>
                                        <posy>1</posy>
                                        <width>240</width>
                                        <info>ListItem.Label</info>
                                </control>
                                <control type="label">
                                        <posx>302</posx>
                                        <posy>1</posy>
                                        <width>240</width>
                                        <align>right</align>
                                        <info>ListItem.Label2</info>
                                        <include>textcolorinfo</include>
                                </control>
                        </focusedlayout>
                </control>
                <control type="fadelabel" id="102">
                        <description>Current Directory text label right</description>
                        <posx>370</posx>
                        <posy>110</posy>
                        <width>320</width>
                        <font>font11</font>
                        <include>textcolorinfo</include>
                </control>
                <control type="label" id="13">
                        <description>Number of files in right list text label</description>
                        <posx>378</posx>
                        <posy>490</posy>
                        <label>-</label>
                        <include>textcoloralt</include>
                        <font>font11</font>
                </control>
                <control type="label" id="1">
                        <description>E drive space</description>
                        <posx>378</posx>
                        <posy>515</posy>
                        <info>System.FreeSpace(E)</info>
                </control>
                <control type="list" id="21">
                        <description>Left File list</description>
                        <posx>370</posx>
                        <posy>140</posy>
                        <width>310</width>
                        <height>325</height>
                        <onleft>20</onleft>
                        <onright>20</onright>
                        <onup>21</onup>
                        <ondown>21</ondown>
                        <pagecontrol>-</pagecontrol>
                        <scrolltime>200</scrolltime>
                        <itemlayout height="25">
                                <control type="image">
                                        <posx>0</posx>
                                        <posy>0</posy>
                                        <width>310</width>
                                        <height>23</height>
                                        <texture>list-small-nofocus.png</texture>
                                </control>
                                <control type="label">
                                        <posx>8</posx>
                                        <posy>1</posy>
                                        <width>240</width>
                                        <info>ListItem.Label</info>
                                        <include>textcolorinfo</include>
                                </control>
                                <control type="label">
                                        <posx>302</posx>
                                        <posy>1</posy>
                                        <width>240</width>
                                        <align>right</align>
                                        <info>ListItem.Label2</info>
                                        <include>textcoloralt</include>
                                </control>
                        </itemlayout>
                        <focusedlayout height="25">
                                <control type="image">
                                        <posx>0</posx>
                                        <posy>0</posy>
                                        <width>310</width>
                                        <height>23</height>
                                        <texture>list-small-nofocusSEL.png</texture>
                                        <visible>!Control.HasFocus(21)</visible>
                                </control>
                                <control type="image">
                                        <posx>0</posx>
                                        <posy>0</posy>
                                        <width>310</width>
                                        <height>23</height>
                                        <texture>list-small-focus.png</texture>
                                        <visible>Control.HasFocus(21)</visible>
                                </control>
                                <control type="label">
                                        <posx>8</posx>
                                        <posy>1</posy>
                                        <width>240</width>
                                        <info>ListItem.Label</info>
                                </control>
                                <control type="label">
                                        <posx>302</posx>
                                        <posy>1</posy>
                                        <width>240</width>
                                        <align>right</align>
                                        <info>ListItem.Label2</info>
                                        <include>textcolorinfo</include>
                                </control>
                        </focusedlayout>
                </control>
        </controls>
</window>