<includes>
        <include file="Defaults.xml"/>
        <include file="Backgrounds.xml"/>
        <include file="CommonViewTypes.xml"/>
        <include file="MoviesRoller.xml"/>
        <include file="AlbumsRoller.xml"/>
        <include file="Movies3D.xml"/>
        <include file="MediaFlags.xml"/>
        <!--  Colors!-->
        <include name="textcolornormal">
                <textcolor>FFFFFFFF</textcolor>
                <disabledcolor>70FFFFFF</disabledcolor>
                <selectedcolor>FFD2FF00</selectedcolor>
                <colordiffuse>FFFFFFFF</colordiffuse>
        </include>
        <include name="textcolortitle">
                <textcolor>FF040507</textcolor>
                <shadowcolor>40000000</shadowcolor>
        </include>
        <include name="textcoloralt">
                <textcolor>60FFFFFF</textcolor>
                <selectedcolor>70D2FF00</selectedcolor>
                <colordiffuse>FFFFFFFF</colordiffuse>
        </include>
        <include name="textcolorrss">
                <titlecolor>FFD2FF00</titlecolor>
                <headlinecolor>90FFFFFF</headlinecolor>
                <textcolor>90FFFFFF</textcolor>
        </include>
        <include name="textcolorinfo">
                <textcolor>C0FFFFFF</textcolor>
                <colordiffuse>FFFFFFFF</colordiffuse>
                <shadowcolor>00000000</shadowcolor>
        </include>
        <include name="textcolorbox">
                <textcolor>50FFFFFF</textcolor>
                <colordiffuse>FFFFFFFF</colordiffuse>
        </include>
        <include name="textcolorlist">
                <textcolor>FFFFFFFF</textcolor>
                <selectedcolor>FFD2FF00</selectedcolor>
                <textcolor2>70FFFFFF</textcolor2>
                <selectedcolor2>70D2FF00</selectedcolor2>
                <colordiffuse>FFFFFFFF</colordiffuse>
        </include>
        <include name="textcolorlistnofocus">
                <textcolor>80FFFFFF</textcolor>
                <selectedcolor>80D2FF00</selectedcolor>
                <colordiffuse>FFFFFFFF</colordiffuse>
        </include>
        <include name="textcoloroverlay">
                <textcolor>FF6D6F6E</textcolor>
                <colordiffuse>FFFFFFFF</colordiffuse>
        </include>
        <!--  Animations!-->
        <include name="buttonpanelanimation">
                <animation effect="slide" time="300" start="-720,0" end="0,0" acceleration="1" condition="true">WindowOpen</animation>
                <animation effect="slide" time="300" start="0,0" end="-720,0" acceleration="1" condition="true">WindowClose</animation>
        </include>
        <include name="contentpanelanimation">
                <animation effect="slide" time="300" start="720,0" end="0,0" acceleration="1" condition="true">WindowOpen</animation>
                <animation effect="slide" time="300" start="0,0" end="720,0" acceleration="1" condition="true">WindowClose</animation>
        </include>
        <include name="overlayanimation">
                <animation effect="slide" time="300" start="0,576" end="0,0" acceleration="-1" condition="true">WindowOpen</animation>
                <animation effect="slide" time="300" start="0,0" end="0,576" acceleration="1" condition="true">WindowClose</animation>
        </include>
        <include name="dialoganimation">
                <animation effect="fade" time="400" condition="true">WindowOpen</animation>
                <animation effect="fade" time="400" condition="true">WindowClose</animation>
        </include>
        <include name="animationbuttonpanel">
                <animation effect="slide" time="300" start="0,0" end="-300,0" acceleration="1" condition="ControlGroup(9900).HasFocus()">-</animation>
                <animation effect="slide" time="300" start="-300,0" end="20,0" acceleration="1" condition="!ControlGroup(9900).HasFocus()">-</animation>
        </include>
        <!--  Scrolls !-->
        <include name="autoscrollmediumleft">
                <align>justify</align>
                <autoscroll time="3000" delay="25000" repeat="8000">true</autoscroll>
        </include>
        <!--  Media flags!-->
        <include name="mediaflagsroller">
                <control type="group">
                        <posx>175</posx>
                        <posy>-425</posy>
                        <include>mediaflagsleft</include>
                </control>
                <control type="group">
                        <posx>240</posx>
                        <posy>-425</posy>
                        <include>mediaflagscenter</include>
                </control>
                <control type="group">
                        <posx>-100</posx>
                        <posy>-425</posy>
                        <include>mediaflagsright</include>
                </control>
        </include>
        <include name="mediaflags">
                <control type="group">
                        <posx>155</posx>
                        <posy>40</posy>
                        <include>mediaflagsleft</include>
                </control>
                <control type="group">
                        <posx>220</posx>
                        <posy>40</posy>
                        <include>mediaflagscenter</include>
                </control>
                <control type="group">
                        <posx>-120</posx>
                        <posy>40</posy>
                        <include>mediaflagsright</include>
                </control>
        </include>
        <!--  Fanart Info Panels !-->
        <include name="fanartinfopanel">
                <!--   Info line # ID 53 !-->
                <control type="group">
                        <visible>Control.IsVisible(53) | Control.IsVisible(55)</visible>
                        <posx>40</posx>
                        <posy>370</posy>
                        <control type="group">
                                <visible>Window.IsActive(VideoFiles)</visible>
                                <control type="label">
                                        <posx>0</posx>
                                        <posy>35</posy>
                                        <width>420</width>
                                        <label>$INFO[ListItem.Label]</label>
                                        <font>font14</font>
                                        <shadowcolor>80000000</shadowcolor>
                                </control>
                                <control type="label">
                                        <posx>0</posx>
                                        <posy>70</posy>
                                        <width>640</width>
                                        <scroll>false</scroll>
                                        <label>$INFO[ListItem.Label2]</label>
                                        <font>font13</font>
                                        <include>textcoloralt</include>
                                </control>
                        </control>
                        <control type="label">
                                <visible>!Window.IsActive(VideoFiles)</visible>
                                <posx>0</posx>
                                <posy>15</posy>
                                <width>420</width>
                                <label>$INFO[ListItem.Label]</label>
                                <font>font14</font>
                                <shadowcolor>80000000</shadowcolor>
                        </control>
                        <control type="group">
                                <visible>Window.IsActive(MyPictures)</visible>
                                <control type="label">
                                        <posx>0</posx>
                                        <posy>50</posy>
                                        <width>640</width>
                                        <scroll>false</scroll>
                                        <label>$LOCALIZE[552]: $INFO[ListItem.Date,, - ]$LOCALIZE[169]: $INFO[ListItem.PictureResolution,, ]</label>
                                        <font>font13</font>
                                        <include>textcoloralt</include>
                                </control>
                                <control type="label">
                                        <posx>0</posx>
                                        <posy>70</posy>
                                        <width>640</width>
                                        <scroll>false</scroll>
                                        <label>$LOCALIZE[289]: $INFO[ListItem.Size]</label>
                                        <font>font13</font>
                                        <include>textcoloralt</include>
                                </control>
                        </control>
                        <control type="group">
                                <visible>Container.Content(Albums)</visible>
                                <control type="label">
                                        <posx>0</posx>
                                        <posy>50</posy>
                                        <width>640</width>
                                        <scroll>true</scroll>
                                        <label>$INFO[ListItem.Artist]</label>
                                        <font>font13</font>
                                        <include>textcoloralt</include>
                                </control>
                                <control type="label">
                                        <posx>0</posx>
                                        <posy>70</posy>
                                        <width>640</width>
                                        <scroll>true</scroll>
                                        <label>$INFO[ListItem.Year,, - ]$INFO[ListItem.Genre]</label>
                                        <font>font13</font>
                                        <include>textcoloralt</include>
                                </control>
                        </control>
                        <control type="group">
                                <visible>Container.Content(Movies) | Container.Content(TVShows)</visible>
                                <control type="label">
                                        <posx>0</posx>
                                        <posy>50</posy>
                                        <width>520</width>
                                        <scroll>true</scroll>
                                        <label>$INFO[ListItem.Genre]</label>
                                        <font>font13</font>
                                        <include>textcoloralt</include>
                                </control>
                                <control type="label">
                                        <visible>Container.Content(Movies)</visible>
                                        <posx>0</posx>
                                        <posy>70</posy>
                                        <width>520</width>
                                        <scroll>true</scroll>
                                        <label>$INFO[ListItem.Year,, - ]$INFO[ListItem.Duration]</label>
                                        <font>font13</font>
                                        <include>textcoloralt</include>
                                </control>
                                <control type="label">
                                        <visible>Container.Content(TVShows) + !Window.IsActive(VideoFiles)</visible>
                                        <posx>0</posx>
                                        <posy>70</posy>
                                        <width>520</width>
                                        <scroll>true</scroll>
                                        <label>$INFO[ListItem.Episode,, $LOCALIZE[20360]] ($INFO[ListItem.Property(WatchedEpisodes),, $LOCALIZE[16102]] - $INFO[ListItem.Property(UnWatchedEpisodes), , $LOCALIZE[16101]])</label>
                                        <font>font13</font>
                                        <include>textcoloralt</include>
                                </control>
                        </control>
                </control>
                <!--   Info line # ID 54 !-->
                <control type="group">
                        <visible>Control.IsVisible(54)</visible>
                        <posx>40</posx>
                        <posy>380</posy>
                        <!--   Movies and TVShows Files !-->
                        <control type="group">
                                <visible>Window.IsActive(VideoFiles)</visible>
                                <control type="label">
                                        <posx>0</posx>
                                        <posy>25</posy>
                                        <width>640</width>
                                        <label>$INFO[ListItem.Label]</label>
                                        <font>font14</font>
                                        <shadowcolor>80000000</shadowcolor>
                                </control>
                                <control type="label">
                                        <posx>0</posx>
                                        <posy>60</posy>
                                        <width>640</width>
                                        <scroll>false</scroll>
                                        <label>$INFO[ListItem.Label2]</label>
                                        <font>font13</font>
                                        <include>textcoloralt</include>
                                </control>
                        </control>
                        <!--   Pictures !-->
                        <control type="group">
                                <visible>Window.IsActive(MyPictures)</visible>
                                <control type="image">
                                        <posx>0</posx>
                                        <posy>-250</posy>
                                        <width>160</width>
                                        <height>240</height>
                                        <aspectratio aligny="top">keep</aspectratio>
                                        <texture>$INFO[ListItem.Icon]</texture>
                                        <bordertexture border="5">folder-nofocus.png</bordertexture>
                                        <bordersize>5</bordersize>
                                </control>
                                <control type="label">
                                        <posx>0</posx>
                                        <posy>5</posy>
                                        <width>640</width>
                                        <label>$INFO[ListItem.Label]</label>
                                        <font>font14</font>
                                        <shadowcolor>80000000</shadowcolor>
                                </control>
                                <control type="label">
                                        <posx>0</posx>
                                        <posy>40</posy>
                                        <width>640</width>
                                        <scroll>false</scroll>
                                        <label>$LOCALIZE[552]: $INFO[ListItem.Date,, - ]$LOCALIZE[169]: $INFO[ListItem.PictureResolution,, ]</label>
                                        <font>font13</font>
                                        <include>textcoloralt</include>
                                </control>
                                <control type="label">
                                        <posx>0</posx>
                                        <posy>60</posy>
                                        <width>640</width>
                                        <scroll>false</scroll>
                                        <label>$LOCALIZE[289]: $INFO[ListItem.Size]</label>
                                        <font>font13</font>
                                        <include>textcoloralt</include>
                                </control>
                        </control>
                        <!--   Artist !-->
                        <control type="group">
                                <visible>Container.Content(Artists)</visible>
                                <control type="image">
                                        <posx>0</posx>
                                        <posy>-250</posy>
                                        <width>160</width>
                                        <height>240</height>
                                        <aspectratio aligny="top">keep</aspectratio>
                                        <texture>$INFO[ListItem.Icon]</texture>
                                        <bordertexture border="5">folder-nofocus.png</bordertexture>
                                        <bordersize>5</bordersize>
                                </control>
                                <control type="label">
                                        <posx>0</posx>
                                        <posy>5</posy>
                                        <width>640</width>
                                        <label>$INFO[ListItem.Artist]</label>
                                        <font>font14</font>
                                        <shadowcolor>80000000</shadowcolor>
                                </control>
                                <control type="label">
                                        <posx>0</posx>
                                        <posy>40</posy>
                                        <width>640</width>
                                        <scroll>false</scroll>
                                        <label>$INFO[ListItem.Property(Style)]</label>
                                        <font>font13</font>
                                        <include>textcoloralt</include>
                                </control>
                                <control type="label">
                                        <posx>0</posx>
                                        <posy>60</posy>
                                        <width>640</width>
                                        <scroll>false</scroll>
                                        <label>$INFO[ListItem.Property(Mood)]</label>
                                        <font>font13</font>
                                        <include>textcoloralt</include>
                                </control>
                        </control>
                        <!--   Episodes !-->
                        <control type="group">
                                <visible>Container.Content(Episodes)</visible>
                                <control type="image">
                                        <posx>0</posx>
                                        <posy>-160</posy>
                                        <width>170</width>
                                        <height>140</height>
                                        <texture>$INFO[ListItem.Thumb]</texture>
                                        <aspectratio>streach</aspectratio>
                                </control>
                                <control type="image">
                                        <visible>!IsEmpty(ListItem.Thumb)</visible>
                                        <posx>0</posx>
                                        <posy>-160</posy>
                                        <width>170</width>
                                        <height>140</height>
                                        <texture>episodeframe.png</texture>
                                        <aspectratio>streach</aspectratio>
                                </control>
                                <control type="label">
                                        <posx>0</posx>
                                        <posy>5</posy>
                                        <width>640</width>
                                        <label>$INFO[ListItem.Episode,, - ] $INFO[ListItem.Title]</label>
                                        <font>font14</font>
                                        <shadowcolor>80000000</shadowcolor>
                                </control>
                                <control type="label">
                                        <posx>0</posx>
                                        <posy>40</posy>
                                        <width>520</width>
                                        <scroll>false</scroll>
                                        <label>$INFO[ListItem.TVShowTitle,, ]$INFO[ListItem.Season ,$LOCALIZE[20373] ]</label>
                                        <font>font13</font>
                                        <include>textcoloralt</include>
                                </control>
                                <control type="label">
                                        <posx>0</posx>
                                        <posy>60</posy>
                                        <width>440</width>
                                        <scroll>false</scroll>
                                        <label>$INFO[ListItem.Premiered ,$LOCALIZE[20416] ]</label>
                                        <font>font13</font>
                                        <include>textcoloralt</include>
                                </control>
                        </control>
                        <!--  Movies and TVShows !-->
                        <control type="group">
                                <visible>Container.Content(Movies) | Container.Content(TVShows)</visible>
                                <control type="image">
                                        <posx>-5</posx>
                                        <posy>-270</posy>
                                        <width>150</width>
                                        <height>270</height>
                                        <texture>case-dvda.png</texture>
                                        <aspectratio>keep</aspectratio>
                                </control>
                                <control type="image">
                                        <posx>20</posx>
                                        <posy>-260</posy>
                                        <width>116</width>
                                        <height>243</height>
                                        <aspectratio>stretch</aspectratio>
                                        <texture>$INFO[ListItem.Thumb]</texture>
                                </control>
                                <control type="image">
                                        <posx>-5</posx>
                                        <posy>-270</posy>
                                        <width>150</width>
                                        <height>270</height>
                                        <texture>case-dvd.png</texture>
                                        <aspectratio>keep</aspectratio>
                                </control>
                                <control type="label">
                                        <posx>0</posx>
                                        <posy>5</posy>
                                        <width>640</width>
                                        <label>$INFO[ListItem.Title]</label>
                                        <font>font14</font>
                                        <shadowcolor>80000000</shadowcolor>
                                </control>
                                <control type="label">
                                        <posx>0</posx>
                                        <posy>40</posy>
                                        <width>520</width>
                                        <scroll>true</scroll>
                                        <label>$INFO[ListItem.Genre]</label>
                                        <font>font13</font>
                                        <include>textcoloralt</include>
                                </control>
                                <control type="label">
                                        <visible>Container.Content(Movies)</visible>
                                        <posx>0</posx>
                                        <posy>60</posy>
                                        <width>520</width>
                                        <scroll>true</scroll>
                                        <label>$INFO[ListItem.Year,, - ]$INFO[ListItem.Duration]</label>
                                        <font>font13</font>
                                        <include>textcoloralt</include>
                                </control>
                                <control type="label">
                                        <visible>Container.Content(TVShows)</visible>
                                        <posx>0</posx>
                                        <posy>60</posy>
                                        <width>520</width>
                                        <scroll>true</scroll>
                                        <label>$INFO[ListItem.Episode,, $LOCALIZE[20360]] ($INFO[ListItem.Property(WatchedEpisodes),, $LOCALIZE[16102]] - $INFO[ListItem.Property(UnWatchedEpisodes), , $LOCALIZE[16101]])</label>
                                        <font>font13</font>
                                        <include>textcoloralt</include>
                                </control>
                        </control>
                        <!--   Albums !-->
                        <control type="group">
                                <visible>Container.Content(Albums)</visible>
                                <control type="image">
                                        <posx>0</posx>
                                        <posy>-200</posy>
                                        <height>188</height>
                                        <width>152</width>
                                        <texture>case-cd2a.png</texture>
                                </control>
                                <control type="image">
                                        <posx>16</posx>
                                        <posy>-198</posy>
                                        <height>175</height>
                                        <width>125</width>
                                        <texture>$INFO[ListItem.Thumb]</texture>
                                </control>
                                <control type="image">
                                        <posx>0</posx>
                                        <posy>-200</posy>
                                        <height>188</height>
                                        <width>152</width>
                                        <texture>case-cd2.png</texture>
                                </control>
                                <control type="label">
                                        <posx>0</posx>
                                        <posy>5</posy>
                                        <width>640</width>
                                        <label>$INFO[ListItem.Album]</label>
                                        <font>font14</font>
                                        <shadowcolor>80000000</shadowcolor>
                                </control>
                                <control type="label">
                                        <posx>0</posx>
                                        <posy>40</posy>
                                        <width>520</width>
                                        <scroll>false</scroll>
                                        <label>$INFO[ListItem.Artist]</label>
                                        <font>font13</font>
                                        <include>textcoloralt</include>
                                </control>
                                <control type="label">
                                        <posx>0</posx>
                                        <posy>60</posy>
                                        <width>440</width>
                                        <scroll>false</scroll>
                                        <label>$INFO[ListItem.Year,, - ]$INFO[ListItem.Genre]</label>
                                        <font>font13</font>
                                        <include>textcoloralt</include>
                                </control>
                        </control>
                </control>
                <!--   Info line # 1b !-->
                <control type="group">
                        <posx>40</posx>
                        <posy>380</posy>
                        <visible>Control.IsVisible(53) | Control.IsVisible(54) | Control.IsVisible(55)</visible>
                        <control type="image">
                                <posx>595</posx>
                                <posy>30</posy>
                                <width>23</width>
                                <height>28</height>
                                <info>ListItem.Overlay</info>
                        </control>
                        <control type="image">
                                <posx>480</posx>
                                <posy>55</posy>
                                <width>220</width>
                                <height>30</height>
                                <info>ListItem.StarRating</info>
                                <aspectratio>keep</aspectratio>
                        </control>
                </control>
        </include>
        <!--  Logos play!-->
        <include name="logosplay">
                <control type="image" id="1">
                        <description>Play logo</description>
                        <posx>5</posx>
                        <posy>433</posy>
                        <width>96</width>
                        <height>96</height>
                        <aspectratio>keep</aspectratio>
                        <texture>logo_play.png</texture>
                        <visible>Player.Playing</visible>
                </control>
                <control type="image" id="1">
                        <description>Pause logo</description>
                        <posx>5</posx>
                        <posy>433</posy>
                        <width>96</width>
                        <height>96</height>
                        <aspectratio>keep</aspectratio>
                        <texture>logo_pause.png</texture>
                        <visible>Player.Paused</visible>
                </control>
                <control type="image" id="1">
                        <description>Rewind logo</description>
                        <posx>5</posx>
                        <posy>433</posy>
                        <width>96</width>
                        <height>96</height>
                        <aspectratio>keep</aspectratio>
                        <texture>logo_rewind.png</texture>
                        <visible>Player.Rewinding</visible>
                </control>
                <control type="image" id="1">
                        <description>Forward logo</description>
                        <posx>5</posx>
                        <posy>433</posy>
                        <width>96</width>
                        <height>96</height>
                        <aspectratio>keep</aspectratio>
                        <texture>logo_forward.png</texture>
                        <visible>Player.Forwarding</visible>
                </control>
                <control type="image" id="1">
                        <description>Record logo</description>
                        <posx>5</posx>
                        <posy>433</posy>
                        <width>96</width>
                        <height>96</height>
                        <aspectratio>keep</aspectratio>
                        <texture>logo_rec.png</texture>
                        <visible>Player.Recording</visible>
                </control>
        </include>
        <!--  Movie Cover !-->
        <include name="moviecover">
                <control type="group">
                        <visible>Container.Content(Movies) | Container.Content(TVShows)</visible>
                        <posx>30</posx>
                        <posy>120</posy>
                        <control type="image">
                                <posx>0</posx>
                                <posy>0</posy>
                                <width>190</width>
                                <height>310</height>
                                <texture>case-dvda.png</texture>
                                <aspectratio>keep</aspectratio>
                        </control>
                        <control type="image">
                                <posx>35</posx>
                                <posy>10</posy>
                                <width>136</width>
                                <height>283</height>
                                <aspectratio>stretch</aspectratio>
                                <texture>$INFO[ListItem.Thumb]</texture>
                        </control>
                        <control type="image">
                                <posx>0</posx>
                                <posy>0</posy>
                                <width>190</width>
                                <height>310</height>
                                <texture>case-dvd.png</texture>
                                <aspectratio>keep</aspectratio>
                        </control>
                        <control type="image">
                                <posx>-15</posx>
                                <posy>310</posy>
                                <width>220</width>
                                <height>30</height>
                                <info>ListItem.StarRating</info>
                                <aspectratio>keep</aspectratio>
                        </control>
                </control>
                <control type="group">
                        <visible>Container.Content(Episodes) + !Window.IsActive(2003)</visible>
                        <posx>40</posx>
                        <posy>140</posy>
                        <control type="image">
                                <posx>0</posx>
                                <posy>0</posy>
                                <width>170</width>
                                <height>140</height>
                                <texture>$INFO[ListItem.Thumb]</texture>
                                <aspectratio>streach</aspectratio>
                        </control>
                        <control type="image">
                                <posx>0</posx>
                                <posy>0</posy>
                                <width>170</width>
                                <height>140</height>
                                <texture>episodeframe.png</texture>
                                <aspectratio>streach</aspectratio>
                        </control>
                        <control type="image">
                                <posx>-25</posx>
                                <posy>155</posy>
                                <width>220</width>
                                <height>30</height>
                                <info>ListItem.StarRating</info>
                                <aspectratio>keep</aspectratio>
                        </control>
                </control>
                <control type="group">
                        <visible>Container.Content(Episodes) + Window.IsActive(2003)</visible>
                        <posx>40</posx>
                        <posy>280</posy>
                        <control type="image">
                                <posx>0</posx>
                                <posy>0</posy>
                                <width>170</width>
                                <height>140</height>
                                <texture>$INFO[ListItem.Thumb]</texture>
                                <aspectratio>streach</aspectratio>
                        </control>
                        <control type="image">
                                <posx>0</posx>
                                <posy>0</posy>
                                <width>170</width>
                                <height>140</height>
                                <texture>episodeframe.png</texture>
                                <aspectratio>streach</aspectratio>
                        </control>
                        <control type="image">
                                <posx>-25</posx>
                                <posy>155</posy>
                                <width>220</width>
                                <height>30</height>
                                <info>ListItem.StarRating</info>
                                <aspectratio>keep</aspectratio>
                        </control>
                </control>
                <control type="group">
                        <visible>Container.Content(MusicVideos)</visible>
                        <posx>40</posx>
                        <posy>280</posy>
                        <control type="image">
                                <posx>0</posx>
                                <posy>0</posy>
                                <width>180</width>
                                <height>180</height>
                                <aspectratio aligny="top">keep</aspectratio>
                                <texture>$INFO[Listitem.Thumb]</texture>
                                <bordertexture border="3">albumframe.png</bordertexture>
                                <bordersize>3</bordersize>
                        </control>
                </control>
        </include>
        <!--  Album Cover !-->
        <include name="albumcover">
                <control type="group">
                        <posx>30</posx>
                        <posy>120</posy>
                        <control type="image">
                                <posx>-20</posx>
                                <posy>10</posy>
                                <width>235</width>
                                <height>245</height>
                                <texture>case-cd2a.png</texture>
                                <aspectratio>keep</aspectratio>
                        </control>
                        <control type="image">
                                <posx>23</posx>
                                <posy>15</posy>
                                <width>156</width>
                                <height>222</height>
                                <aspectratio>stretch</aspectratio>
                                <texture>$INFO[ListItem.Thumb]</texture>
                        </control>
                        <control type="image">
                                <posx>-20</posx>
                                <posy>10</posy>
                                <width>235</width>
                                <height>245</height>
                                <texture>case-cd2.png</texture>
                                <aspectratio>keep</aspectratio>
                        </control>
                        <control type="image">
                                <posx>-10</posx>
                                <posy>260</posy>
                                <width>220</width>
                                <height>30</height>
                                <info>ListItem.Rating</info>
                                <aspectratio>keep</aspectratio>
                        </control>
                </control>
        </include>
        <!--  Movie Info Play !-->
        <include name="videoinfoplay">
                <control type="group">
                        <visible>Player.HasVideo</visible>
                        <posx>160</posx>
                        <posy>100</posy>
                        <control type="group">
                                <control type="image">
                                        <posx>377</posx>
                                        <posy>22</posy>
                                        <height>200</height>
                                        <width>116</width>
                                        <texture>case-dvda.png</texture>
                                        <aspectratio>streach</aspectratio>
                                </control>
                                <control type="image">
                                        <posx>395</posx>
                                        <posy>30</posy>
                                        <height>180</height>
                                        <width>90</width>
                                        <texture>$INFO[VideoPlayer.Cover]</texture>
                                        <aspectratio>streach</aspectratio>
                                </control>
                                <control type="image">
                                        <posx>377</posx>
                                        <posy>22</posy>
                                        <height>200</height>
                                        <width>116</width>
                                        <texture>case-dvd.png</texture>
                                        <aspectratio>streach</aspectratio>
                                </control>
                        </control>
                        <control type="label">
                                <description>Title value</description>
                                <posx>355</posx>
                                <posy>25</posy>
                                <label>$INFO[VideoPlayer.Title]</label>
                                <font>font14</font>
                                <shadowcolor>80000000</shadowcolor>
                                <width>500</width>
                                <align>right</align>
                        </control>
                        <control type="label">
                                <description>Director value</description>
                                <posx>355</posx>
                                <posy>60</posy>
                                <label>$INFO[VideoPlayer.Director]</label>
                                <width>500</width>
                                <align>right</align>
                                <include>textcolorinfo</include>
                        </control>
                        <control type="label">
                                <description>Genre value</description>
                                <posx>355</posx>
                                <posy>80</posy>
                                <label>$INFO[VideoPlayer.Genre]</label>
                                <width>500</width>
                                <align>right</align>
                                <include>textcolorinfo</include>
                        </control>
                        <control type="label">
                                <description>Year and Studio</description>
                                <posx>355</posx>
                                <posy>100</posy>
                                <label>$INFO[VideoPlayer.Year]$INFO[VideoPlayer.Studio, - ]</label>
                                <width>500</width>
                                <align>right</align>
                                <include>textcolorinfo</include>
                        </control>
                        <control type="label">
                                <description>Time and duration</description>
                                <posx>355</posx>
                                <posy>120</posy>
                                <label>$INFO[Player.TimeRemaining] / $INFO[Player.Duration]</label>
                                <width>500</width>
                                <align>right</align>
                                <font>font14</font>
                                <include>textcolorinfo</include>
                        </control>
                </control>
        </include>
        <!--  Music Info Play !-->
        <include name="musicinfoplay">
                <control type="group">
                        <visible>Player.HasAudio</visible>
                        <posx>160</posx>
                        <posy>120</posy>
                        <control type="group">
                                <control type="image">
                                        <posx>372</posx>
                                        <posy>8</posy>
                                        <height>188</height>
                                        <width>152</width>
                                        <texture>case-cd2a.png</texture>
                                </control>
                                <control type="image">
                                        <posx>388</posx>
                                        <posy>10</posy>
                                        <height>175</height>
                                        <width>125</width>
                                        <texture>$INFO[MusicPlayer.Cover]</texture>
                                </control>
                                <control type="image">
                                        <posx>372</posx>
                                        <posy>8</posy>
                                        <height>188</height>
                                        <width>152</width>
                                        <texture>case-cd2.png</texture>
                                </control>
                        </control>
                        <control type="label">
                                <description>Title value</description>
                                <posx>355</posx>
                                <posy>15</posy>
                                <label>$INFO[MusicPlayer.Title]</label>
                                <font>font14</font>
                                <shadowcolor>80000000</shadowcolor>
                                <width>500</width>
                                <align>right</align>
                        </control>
                        <control type="label">
                                <description>Artist value</description>
                                <posx>355</posx>
                                <posy>50</posy>
                                <label>$INFO[MusicPlayer.Artist]</label>
                                <width>500</width>
                                <align>right</align>
                                <include>textcolorinfo</include>
                        </control>
                        <control type="label">
                                <description>Album value</description>
                                <posx>355</posx>
                                <posy>70</posy>
                                <label>$INFO[MusicPlayer.Album]</label>
                                <width>500</width>
                                <align>right</align>
                                <include>textcolorinfo</include>
                        </control>
                        <control type="label">
                                <description>Year and Genre value</description>
                                <posx>355</posx>
                                <posy>90</posy>
                                <label>$INFO[MusicPlayer.Year,, - ]$INFO[MusicPlayer.Genre]</label>
                                <width>500</width>
                                <align>right</align>
                                <include>textcolorinfo</include>
                        </control>
                        <control type="label">
                                <description>Track value</description>
                                <posx>355</posx>
                                <posy>110</posy>
                                <label>$LOCALIZE[554] $INFO[MusicPlayer.Playlistposition,, - ]$INFO[MusicPlayer.Playlistlength]</label>
                                <width>500</width>
                                <align>right</align>
                                <include>textcolorinfo</include>
                        </control>
                        <control type="label">
                                <description>Time and duration</description>
                                <posx>355</posx>
                                <posy>130</posy>
                                <label>$INFO[Player.TimeRemaining] / $INFO[Player.Duration]</label>
                                <width>500</width>
                                <align>right</align>
                                <font>font14</font>
                                <include>textcolorinfo</include>
                        </control>
                        <control type="image">
                                <posx>260</posx>
                                <posy>165</posy>
                                <width>120</width>
                                <height>20</height>
                                <info>MusicPlayer.Rating</info>
                                <aspectratio>keep</aspectratio>
                        </control>
                        <control type="label">
                                <description>Next Track</description>
                                <posx>515</posx>
                                <posy>210</posy>
                                <label>$LOCALIZE[209]: $INFO[MusicPlayer.offset(1).Artist,, - ]$INFO[MusicPlayer.offset(1).Title]</label>
                                <width>500</width>
                                <align>right</align>
                                <visible>MusicPlayer.HasNext</visible>
                                <font>font11</font>
                                <include>textcolorinfo</include>
                        </control>
                </control>
        </include>
</includes>