<window id="131">
	<defaultcontrol>1</defaultcontrol>
 	<include>dialoganimation</include>
 	<visible>Window.IsActive(131)</visible>
 	<coordinates>
   		<system>1</system>
   		<posx>155</posx>
   		<posy>130</posy>
	</coordinates> 
 	<controls>
		<control type="image" id="1">
      		<description>Fade black</description>
			<posx>-300</posx>
			<posy>-300</posy>
			<width>1300</width>
			<height>1300</height>
			<texture>black.png</texture>
			<visible>!Window.IsActive(29)</visible>
      		<animation effect="fade" time="1000">WindowOpen</animation>
 		</control>
		<control type="image" id="1">
			<description>Profile background</description>
			<posx>-25</posx>
			<posy>-11</posy>
			<width>460</width>
			<height>405</height>
			<texture>dialog-panelprofile.png</texture>
		</control>

		<control type="spincontrol" id="60">
      		<description>Next Page Button</description>
      		<posx>350</posx>
      		<posy>320</posy>
      		<subtype>int</subtype>
      		<onleft>60</onleft>
      		<onright>60</onright>
      		<ondown>2</ondown>
    		</control>
		<control type="image" id="5">
     			<description>Control Area</description>
      		<posx>5</posx>
      		<posy>30</posy>
      		<width>408</width>
      		<height>290</height>
      		<texture>-</texture>
    		</control>
		<control type="image" id="6">
      		<description>Control Gap</description>
      		<width>350</width>
      		<height>30</height>
      		<texture>-</texture>
    		</control>
		<control type="button" id="7">
      		<description>Default Button</description>
      		<posx>530</posx>
      		<posy>150</posy>
      		<height>30</height>
      		<texturefocus>list-focus.png</texturefocus>
      		<texturenofocus>-</texturenofocus>
      		<textoffsetx>12</textoffsetx>
    		</control>
		<control type="radiobutton" id="8">
      		<description>Default RadioButton</description>
    			<posx>530</posx>
    			<posy>150</posy>
      		<texturefocus>list-focus.png</texturefocus>
      		<texturenofocus>-</texturenofocus>
    			<textoffsetx>12</textoffsetx>
   	 	</control>
		<control type="spincontrolex" id="9">
      		<description>Default SpinControlex</description>
    			<posx>530</posx>
    			<posy>150</posy>
      		<textoffsetx>12</textoffsetx>
    			<reverse>yes</reverse>
    		</control>
		<control type="sliderex" id="10">
      		<description>Default Slider</description>
      		<posx>530</posx>
      		<posy>150</posy>
      		<width>300</width>
      		<height>31</height>
      		<texturefocus>list-focus.png</texturefocus>
      		<texturenofocus>-</texturenofocus>
      		<sliderwidth>167</sliderwidth>
      		<sliderheight>17</sliderheight>
      		<texturesliderbar>osd_slider_bg.png</texturesliderbar>
      		<textureslidernib>osd_slider_nibNF.png</textureslidernib>
      		<textureslidernibfocus>osd_slider_nibFO.png</textureslidernibfocus>
      		<font>font13</font>
      		<textcolor>FFFFFFFF</textcolor>
      		<colordiffuse>FFFFFFFF</colordiffuse>
      		<disabledcolor>70FFFFFF</disabledcolor>
      		<textoffsetx>10</textoffsetx>
    		</control>
		<control type="image" id="11">
      		<description>Separator Image</description>
      		<width>350</width>
      		<height>5</height>
      		<texture>separator.png</texture>
    		</control>

		<control type="button" id="28">
			<description>OK button</description>
			<posx>230</posx>
			<posy>320</posy>
      		<width>80</width>
      		<texturefocus>button-focus-dialog.png</texturefocus>
      		<texturenofocus>button-nofocus-dialog.png</texturenofocus>
      		<label>186</label>
			<align>center</align>
			<onleft>30</onleft>
			<onright>29</onright>
			<onup>30</onup>
			<ondown>30</ondown>
 		</control>
		<control type="button" id="29">
			<description>Cancel button</description>
			<posx>320</posx>
			<posy>320</posy>
      		<width>80</width>
      		<texturefocus>button-focus-dialog.png</texturefocus>
      		<texturenofocus>button-nofocus-dialog.png</texturenofocus>
      		<label>222</label>
			<align>center</align>
			<onleft>28</onleft>
			<onright>30</onright>
			<onup>30</onup>
			<ondown>30</ondown>
 		</control>
 	</controls>
</window>

