<window id="29">
        <defaultcontrol always="true">52</defaultcontrol>
        <allowoverlay>yes</allowoverlay>
        <visible>!Window.IsActive(130)</visible>
        <coordinates>
                <system>1</system>
                <posx>0</posx>
                <posy>0</posy>
        </coordinates>
        <controls>
                <include>backgroundcustom</include>
                <include>backgroundfanart</include>
                <include>systime</include>
                <control type="label">
                        <description>Window title</description>
                        <posx>40</posx>
                        <posy>30</posy>
                        <label>20096</label>
                        <font>font40</font>
                        <shadowcolor>80000000</shadowcolor>
                </control>
                <control type="label" id="1">
                        <description>System Date</description>
                        <posx>680</posx>
                        <posy>65</posy>
                        <info>System.Date</info>
                        <align>right</align>
                </control>
                <control type="label" id="3">
                        <description>Profile Count Label</description>
                        <posx>680</posx>
                        <posy>487</posy>
                        <label>-</label>
                        <font>font11</font>
                        <align>right</align>
                        <include>textcoloralt</include>
                </control>
                <control type="list" id="52">
                        <posx>135</posx>
                        <posy>120</posy>
                        <width>445</width>
                        <height>360</height>
                        <onleft>98</onleft>
                        <onright>98</onright>
                        <onup>52</onup>
                        <ondown>52</ondown>
                        <scrolltime>200</scrolltime>
                        <itemlayout height="90">
                                <control type="image">
                                        <width>445</width>
                                        <height>75</height>
                                        <posx>0</posx>
                                        <posy>0</posy>
                                        <texture>blue-rectangleNF.png</texture>
                                </control>
                                <control type="image">
                                        <posx>4</posx>
                                        <posy>5</posy>
                                        <width>66</width>
                                        <height>65</height>
                                        <texture>unknown-user.png</texture>
                                        <info>ListItem.Icon</info>
                                </control>
                                <control type="label">
                                        <posx>75</posx>
                                        <posy>10</posy>
                                        <width>325</width>
                                        <font>font14</font>
                                        <scroll>true</scroll>
                                        <info>ListItem.Label</info>
                                        <include>textcoloralt</include>
                                </control>
                                <control type="label">
                                        <posx>435</posx>
                                        <posy>50</posy>
                                        <width>350</width>
                                        <align>right</align>
                                        <info>ListItem.Label2</info>
                                        <include>textcoloralt</include>
                                </control>
                        </itemlayout>
                        <focusedlayout height="90">
                                <control type="image">
                                        <width>445</width>
                                        <height>75</height>
                                        <posx>0</posx>
                                        <posy>0</posy>
                                        <visible>Control.HasFocus(52)</visible>
                                        <texture>blue-rectangle.png</texture>
                                </control>
                                <control type="image">
                                        <width>445</width>
                                        <height>75</height>
                                        <posx>0</posx>
                                        <posy>0</posy>
                                        <visible>!Control.HasFocus(52)</visible>
                                        <texture>blue-rectangleNF.png</texture>
                                </control>
                                <control type="image">
                                        <posx>4</posx>
                                        <posy>5</posy>
                                        <width>66</width>
                                        <height>65</height>
                                        <texture>unknown-user.png</texture>
                                        <info>ListItem.Icon</info>
                                </control>
                                <control type="label">
                                        <posx>75</posx>
                                        <posy>10</posy>
                                        <width>325</width>
                                        <font>font14</font>
                                        <scroll>true</scroll>
                                        <info>ListItem.Label</info>
                                </control>
                                <control type="label">
                                        <posx>435</posx>
                                        <posy>50</posy>
                                        <width>350</width>
                                        <align>right</align>
                                        <info>ListItem.Label2</info>
                                        <include>textcolorinfo</include>
                                </control>
                        </focusedlayout>
                </control>
                <control type="button" id="98">
                        <description>Remote button</description>
                        <posx>335</posx>
                        <posy>485</posy>
                        <width>50</width>
                        <height>70</height>
                        <texturefocus>settings-remote-focus.png</texturefocus>
                        <texturenofocus>settings-remote-nofocus.png</texturenofocus>
                        <label>-</label>
                        <onclick>ActivateWindow(ShutdownMenu)</onclick>
                        <onleft>52</onleft>
                        <onright>52</onright>
                        <onup>52</onup>
                        <ondown>52</ondown>
                </control>
        </controls>
</window>