<includes>
        <!--  Icons 3D Movie with 4 items ID 51!-->
        <include name="Movies3D">
                <control type="wraplist" id="51">
                        <visible>Container.Content(Movies) | Container.Content(TVShows)</visible>
                        <posx>360</posx>
                        <posy>288</posy>
                        <width>1</width>
                        <height>1</height>
                        <onleft>51</onleft>
                        <onright>51</onright>
                        <onup>9000</onup>
                        <ondown>82</ondown>
                        <viewtype label="3D">wraplist</viewtype>
                        <scrolltime>200</scrolltime>
                        <focusposition>0</focusposition>
                        <orientation>horizontal</orientation>
                        <itemlayout width="1" height="1">
                                <control type="label">
                                        <posx>0</posx>
                                        <posy>0</posy>
                                        <label>-</label>
                                        <width>1</width>
                                </control>
                        </itemlayout>
                        <focusedlayout width="1" height="1">
                                <control type="label">
                                        <posx>0</posx>
                                        <posy>0</posy>
                                        <label>-</label>
                                        <width>1</width>
                                </control>
                        </focusedlayout>
                </control>

#-------------------------------------------------------------------------------------------
#ON NEXT 7001
#-------------------------------------------------------------------------------------------

                <control type="group" id="7001">
                        <posx>24</posx>
                        <posy>255</posy>
                        <camera x="360" y="350"/>
                        <visible>Control.IsVisible(51) + Container.OnNext</visible>
                        <animation effect="slide" end="-50,0" time="200" reversible="false">Hidden</animation>
                        <control type="image">
                                <posx>0</posx>
                                <posy>0</posy>
                                <width>144</width>
                                <height>216</height>
                                <texture fallback="defaultmoviebig.png" diffuse="movieposter_mask.png">$INFO[Container.ListItem(-5).Thumb]</texture>
                                <aspectratio aligny="bottom">keep</aspectratio>
                                <animation effect="rotatey" center="-40" start="-60" end="-60" time="0" condition="true">Conditional</animation>
                        </control>
                        <control type="image">
                                <posx>0</posx>
                                <posy>216</posy>
                                <width>144</width>
                                <height>216</height>
                                <texture flipy="true" diffuse="movieposter_mask_reflect.png">$INFO[Container.ListItem(-5).Thumb]</texture>
                                <aspectratio aligny="top">keep</aspectratio>
                                <animation effect="rotatey" center="-40" start="-60" end="-60" time="0" condition="true">Conditional</animation>
                                <colordiffuse>FFFFFFFF</colordiffuse>
                        </control>
                        <control type="image">
                                <posx>50</posx>
                                <posy>0</posy>
                                <width>144</width>
                                <height>216</height>
                                <texture fallback="defaultmoviebig.png" diffuse="movieposter_mask.png">$INFO[Container.ListItem(-4).Thumb]</texture>
                                <aspectratio aligny="bottom">keep</aspectratio>
                                <animation effect="rotatey" center="10" start="-60" end="-60" time="0" condition="true">Conditional</animation>
                        </control>
                        <control type="image">
                                <posx>50</posx>
                                <posy>216</posy>
                                <width>144</width>
                                <height>216</height>
                                <texture flipy="true" diffuse="movieposter_mask_reflect.png">$INFO[Container.ListItem(-4).Thumb]</texture>
                                <aspectratio aligny="top">keep</aspectratio>
                                <animation effect="rotatey" center="10" start="-60" end="-60" time="0" condition="true">Conditional</animation>
                                <colordiffuse>FFFFFFFF</colordiffuse>
                        </control>
                        <control type="image">
                                <posx>100</posx>
                                <posy>0</posy>
                                <width>144</width>
                                <height>216</height>
                                <texture fallback="defaultmoviebig.png" diffuse="movieposter_mask.png">$INFO[Container.ListItem(-3).Thumb]</texture>
                                <aspectratio aligny="bottom">keep</aspectratio>
                                <animation effect="rotatey" center="60" start="-60" end="-60" time="0" condition="true">Conditional</animation>
                        </control>
                        <control type="image">
                                <posx>100</posx>
                                <posy>216</posy>
                                <width>144</width>
                                <height>216</height>
                                <texture flipy="true" diffuse="movieposter_mask_reflect.png">$INFO[Container.ListItem(-3).Thumb]</texture>
                                <aspectratio aligny="top">keep</aspectratio>
                                <animation effect="rotatey" center="60" start="-60" end="-60" time="0" condition="true">Conditional</animation>
                                <colordiffuse>FFFFFFFF</colordiffuse>
                        </control>
                        <control type="image">
                                <posx>150</posx>
                                <posy>0</posy>
                                <width>144</width>
                                <height>216</height>
                                <texture fallback="defaultmoviebig.png" diffuse="movieposter_mask.png">$INFO[Container.ListItem(-2).Thumb]</texture>
                                <aspectratio aligny="bottom">keep</aspectratio>
                                <animation effect="rotatey" center="110" start="-60" end="-60" time="0" condition="true">Conditional</animation>
                        </control>
                        <control type="image">
                                <posx>150</posx>
                                <posy>216</posy>
                                <width>144</width>
                                <height>216</height>
                                <texture flipy="true" diffuse="movieposter_mask_reflect.png">$INFO[Container.ListItem(-2).Thumb]</texture>
                                <aspectratio aligny="top">keep</aspectratio>
                                <animation effect="rotatey" center="110" start="-60" end="-60" time="0" condition="true">Conditional</animation>
                                <colordiffuse>FFFFFFFF</colordiffuse>
                        </control>
                        <control type="image">
                                <posx>570</posx>
                                <posy>0</posy>
                                <width>144</width>
                                <height>216</height>
                                <texture fallback="defaultmoviebig.png" diffuse="movieposter_mask.png">$INFO[Container.ListItem(4).Thumb]</texture>
                                <aspectratio aligny="bottom">keep</aspectratio>
                                <animation effect="rotatey" center="810" start="60" end="60" time="0" condition="true">Conditional</animation>
                        </control>
                        <control type="image">
                                <posx>570</posx>
                                <posy>216</posy>
                                <width>144</width>
                                <height>216</height>
                                <texture flipy="true" diffuse="movieposter_mask_reflect.png">$INFO[Container.ListItem(4).Thumb]</texture>
                                <aspectratio aligny="top">keep</aspectratio>
                                <animation effect="rotatey" center="810" start="60" end="60" time="0" condition="true">Conditional</animation>
                                <colordiffuse>FFFFFFFF</colordiffuse>
                        </control>
                        <control type="image">
                                <posx>520</posx>
                                <posy>0</posy>
                                <width>144</width>
                                <height>216</height>
                                <texture fallback="defaultmoviebig.png" diffuse="movieposter_mask.png">$INFO[Container.ListItem(3).Thumb]</texture>
                                <aspectratio aligny="bottom">keep</aspectratio>
                                <animation effect="rotatey" center="760" start="60" end="60" time="0" condition="true">Conditional</animation>
                        </control>
                        <control type="image">
                                <posx>520</posx>
                                <posy>216</posy>
                                <width>144</width>
                                <height>216</height>
                                <texture flipy="true" diffuse="movieposter_mask_reflect.png">$INFO[Container.ListItem(3).Thumb]</texture>
                                <aspectratio aligny="top">keep</aspectratio>
                                <animation effect="rotatey" center="760" start="60" end="60" time="0" condition="true">Conditional</animation>
                                <colordiffuse>FFFFFFFF</colordiffuse>
                        </control>
                        <control type="image">
                                <posx>470</posx>
                                <posy>0</posy>
                                <width>144</width>
                                <height>216</height>
                                <texture fallback="defaultmoviebig.png" diffuse="movieposter_mask.png">$INFO[Container.ListItem(2).Thumb]</texture>
                                <aspectratio aligny="bottom">keep</aspectratio>
                                <animation effect="rotatey" center="710" start="60" end="60" time="0" condition="true">Conditional</animation>
                        </control>
                        <control type="image">
                                <posx>470</posx>
                                <posy>216</posy>
                                <width>144</width>
                                <height>216</height>
                                <texture flipy="true" diffuse="movieposter_mask_reflect.png">$INFO[Container.ListItem(2).Thumb]</texture>
                                <aspectratio aligny="top">keep</aspectratio>
                                <animation effect="rotatey" center="710" start="60" end="60" time="0" condition="true">Conditional</animation>
                                <colordiffuse>FFFFFFFF</colordiffuse>
                        </control>
                        <control type="image">
                                <posx>420</posx>
                                <posy>0</posy>
                                <width>144</width>
                                <height>216</height>
                                <texture fallback="defaultmoviebig.png" diffuse="movieposter_mask.png">$INFO[Container.ListItem(1).Thumb]</texture>
                                <aspectratio aligny="bottom">keep</aspectratio>
                                <animation effect="rotatey" center="660" start="60" end="60" time="0" condition="true">Conditional</animation>
                        </control>
                        <control type="image">
                                <posx>420</posx>
                                <posy>216</posy>
                                <width>144</width>
                                <height>216</height>
                                <texture flipy="true" diffuse="movieposter_mask_reflect.png">$INFO[Container.ListItem(1).Thumb]</texture>
                                <aspectratio aligny="top">keep</aspectratio>
                                <animation effect="rotatey" center="660" start="60" end="60" time="0" condition="true">Conditional</animation>
                                <colordiffuse>FFFFFFFF</colordiffuse>
                        </control>
                        <control type="group">
                                <visible>Control.IsVisible(51) + Container.OnNext</visible>
                                <animation effect="slide" end="-60,0" time="200" reversible="false">Hidden</animation>
                                <control type="image">
                                        <posx>260</posx>
                                        <posy>0</posy>
                                        <width>144</width>
                                        <height>216</height>
                                        <texture fallback="defaultmoviebig.png" diffuse="movieposter_mask.png">$INFO[Container.ListItem(-1).Thumb]</texture>
                                        <aspectratio aligny="bottom">keep</aspectratio>
                                        <visible>Container.OnNext</visible>
                                        <animation effect="rotatey" center="220" start="0" end="-60" time="200" reversible="false">Hidden</animation>
                                </control>
                                <control type="image">
                                        <posx>260</posx>
                                        <posy>216</posy>
                                        <width>144</width>
                                        <height>216</height>
                                        <texture flipy="true" diffuse="movieposter_mask_reflect.png">$INFO[Container.ListItem(-1).Thumb]</texture>
                                        <aspectratio aligny="top">keep</aspectratio>
                                        <animation effect="rotatey" center="220" start="0" end="-60" time="200" reversible="false">Hidden</animation>
                                        <colordiffuse>FFFFFFFF</colordiffuse>
                                </control>
                                <control type="image">
                                        <posx>370</posx>
                                        <posy>0</posy>
                                        <width>144</width>
                                        <height>216</height>
                                        <texture fallback="defaultmoviebig.png" diffuse="movieposter_mask.png">$INFO[Container.ListItem(0).Thumb]</texture>
                                        <aspectratio aligny="bottom">keep</aspectratio>
                                        <visible>Container.OnNext</visible>
                                        <animation effect="rotatey" center="610" start="0" end="-60" time="200" reversible="false">Hidden</animation>
                                        <animation effect="rotatey" center="610" start="60" end="60" time="200" condition="true">Conditional</animation>
                                </control>
                                <control type="image">
                                        <posx>370</posx>
                                        <posy>216</posy>
                                        <width>144</width>
                                        <height>216</height>
                                        <texture flipy="true" diffuse="movieposter_mask_reflect.png">$INFO[Container.ListItem(0).Thumb]</texture>
                                        <aspectratio aligny="top">keep</aspectratio>
                                        <visible>Container.OnNext</visible>
                                        <animation effect="rotatey" center="610" start="0" end="-60" time="200" reversible="false">Hidden</animation>
                                        <animation effect="rotatey" center="610" start="60" end="60" time="200" condition="true">Conditional</animation>
                                        <colordiffuse>FFFFFFFF</colordiffuse>
                                </control>
                        </control>
                </control>

#-------------------------------------------------------------------------------------------
#ON PREVIOUS 7002
#-------------------------------------------------------------------------------------------

                <control type="group" id="7002">
                        <posx>24</posx>
                        <posy>255</posy>
                        <camera x="360" y="350"/>
                        <visible>Control.IsVisible(51) + Container.OnPrevious</visible>
                        <animation effect="slide" end="50,0" time="200" reversible="false">Hidden</animation>
                        <control type="image">
                                <posx>-50</posx>
                                <posy>0</posy>
                                <width>144</width>
                                <height>216</height>
                                <texture fallback="defaultmoviebig.png" diffuse="movieposter_mask.png">$INFO[Container.ListItem(-4).Thumb]</texture>
                                <aspectratio aligny="bottom">keep</aspectratio>
                                <animation effect="rotatey" center="-90" start="-60" end="-60" time="0" condition="true">Conditional</animation>
                        </control>
                        <control type="image">
                                <posx>-50</posx>
                                <posy>216</posy>
                                <width>144</width>
                                <height>216</height>
                                <texture flipy="true" diffuse="movieposter_mask_reflect.png">$INFO[Container.ListItem(-4).Thumb]</texture>
                                <aspectratio aligny="top">keep</aspectratio>
                                <animation effect="rotatey" center="-90" start="-60" end="-60" time="0" condition="true">Conditional</animation>
                                <colordiffuse>FFFFFFFF</colordiffuse>
                        </control>
                        <control type="image">
                                <posx>0</posx>
                                <posy>0</posy>
                                <width>144</width>
                                <height>216</height>
                                <texture fallback="defaultmoviebig.png" diffuse="movieposter_mask.png">$INFO[Container.ListItem(-3).Thumb]</texture>
                                <aspectratio aligny="bottom">keep</aspectratio>
                                <animation effect="rotatey" center="-40" start="-60" end="-60" time="0" condition="true">Conditional</animation>
                        </control>
                        <control type="image">
                                <posx>0</posx>
                                <posy>216</posy>
                                <width>144</width>
                                <height>216</height>
                                <texture flipy="true" diffuse="movieposter_mask_reflect.png">$INFO[Container.ListItem(-3).Thumb]</texture>
                                <aspectratio aligny="top">keep</aspectratio>
                                <animation effect="rotatey" center="-40" start="-60" end="-60" time="0" condition="true">Conditional</animation>
                                <colordiffuse>FFFFFFFF</colordiffuse>
                        </control>
                        <control type="image">
                                <posx>50</posx>
                                <posy>0</posy>
                                <width>144</width>
                                <height>216</height>
                                <texture fallback="defaultmoviebig.png" diffuse="movieposter_mask.png">$INFO[Container.ListItem(-2).Thumb]</texture>
                                <aspectratio aligny="bottom">keep</aspectratio>
                                <animation effect="rotatey" center="10" start="-60" end="-60" time="0" condition="true">Conditional</animation>
                        </control>
                        <control type="image">
                                <posx>50</posx>
                                <posy>216</posy>
                                <width>144</width>
                                <height>216</height>
                                <texture flipy="true" diffuse="movieposter_mask_reflect.png">$INFO[Container.ListItem(-2).Thumb]</texture>
                                <aspectratio aligny="top">keep</aspectratio>
                                <animation effect="rotatey" center="10" start="-60" end="-60" time="0" condition="true">Conditional</animation>
                                <colordiffuse>FFFFFFFF</colordiffuse>
                        </control>
                        <control type="image">
                                <posx>100</posx>
                                <posy>0</posy>
                                <width>144</width>
                                <height>216</height>
                                <texture fallback="defaultmoviebig.png" diffuse="movieposter_mask.png">$INFO[Container.ListItem(-1).Thumb]</texture>
                                <aspectratio aligny="bottom">keep</aspectratio>
                                <animation effect="rotatey" center="60" start="-60" end="-60" time="0" condition="true">Conditional</animation>
                        </control>
                        <control type="image">
                                <posx>100</posx>
                                <posy>216</posy>
                                <width>144</width>
                                <height>216</height>
                                <texture flipy="true" diffuse="movieposter_mask_reflect.png">$INFO[Container.ListItem(-1).Thumb]</texture>
                                <aspectratio aligny="top">keep</aspectratio>
                                <animation effect="rotatey" center="60" start="-60" end="-60" time="0" condition="true">Conditional</animation>
                                <colordiffuse>FFFFFFFF</colordiffuse>
                        </control>
                        <control type="image">
                                <posx>520</posx>
                                <posy>0</posy>
                                <width>144</width>
                                <height>216</height>
                                <texture fallback="defaultmoviebig.png" diffuse="movieposter_mask.png">$INFO[Container.ListItem(5).Thumb]</texture>
                                <aspectratio aligny="bottom">keep</aspectratio>
                                <animation effect="rotatey" center="760" start="60" end="60" time="0" condition="true">Conditional</animation>
                        </control>
                        <control type="image">
                                <posx>520</posx>
                                <posy>216</posy>
                                <width>144</width>
                                <height>216</height>
                                <texture flipy="true" diffuse="movieposter_mask_reflect.png">$INFO[Container.ListItem(5).Thumb]</texture>
                                <aspectratio aligny="top">keep</aspectratio>
                                <animation effect="rotatey" center="760" start="60" end="60" time="0" condition="true">Conditional</animation>
                                <colordiffuse>FFFFFFFF</colordiffuse>
                        </control>
                        <control type="image">
                                <posx>470</posx>
                                <posy>0</posy>
                                <width>144</width>
                                <height>216</height>
                                <texture fallback="defaultmoviebig.png" diffuse="movieposter_mask.png">$INFO[Container.ListItem(4).Thumb]</texture>
                                <aspectratio aligny="bottom">keep</aspectratio>
                                <animation effect="rotatey" center="710" start="60" end="60" time="0" condition="true">Conditional</animation>
                        </control>
                        <control type="image">
                                <posx>470</posx>
                                <posy>216</posy>
                                <width>144</width>
                                <height>216</height>
                                <texture flipy="true" diffuse="movieposter_mask_reflect.png">$INFO[Container.ListItem(4).Thumb]</texture>
                                <aspectratio aligny="top">keep</aspectratio>
                                <animation effect="rotatey" center="710" start="60" end="60" time="0" condition="true">Conditional</animation>
                                <colordiffuse>FFFFFFFF</colordiffuse>
                        </control>
                        <control type="image">
                                <posx>420</posx>
                                <posy>0</posy>
                                <width>144</width>
                                <height>216</height>
                                <texture fallback="defaultmoviebig.png" diffuse="movieposter_mask.png">$INFO[Container.ListItem(3).Thumb]</texture>
                                <aspectratio aligny="bottom">keep</aspectratio>
                                <animation effect="rotatey" center="660" start="60" end="60" time="0" condition="true">Conditional</animation>
                        </control>
                        <control type="image">
                                <posx>420</posx>
                                <posy>216</posy>
                                <width>144</width>
                                <height>216</height>
                                <texture flipy="true" diffuse="movieposter_mask_reflect.png">$INFO[Container.ListItem(3).Thumb]</texture>
                                <aspectratio aligny="top">keep</aspectratio>
                                <animation effect="rotatey" center="660" start="60" end="60" time="0" condition="true">Conditional</animation>
                                <colordiffuse>FFFFFFFF</colordiffuse>
                        </control>
                        <control type="image">
                                <posx>370</posx>
                                <posy>0</posy>
                                <width>144</width>
                                <height>216</height>
                                <texture fallback="defaultmoviebig.png" diffuse="movieposter_mask.png">$INFO[Container.ListItem(2).Thumb]</texture>
                                <aspectratio aligny="bottom">keep</aspectratio>
                                <animation effect="rotatey" center="610" start="60" end="60" time="0" condition="true">Conditional</animation>
                        </control>
                        <control type="image">
                                <posx>370</posx>
                                <posy>216</posy>
                                <width>144</width>
                                <height>216</height>
                                <texture flipy="true" diffuse="movieposter_mask_reflect.png">$INFO[Container.ListItem(2).Thumb]</texture>
                                <aspectratio aligny="top">keep</aspectratio>
                                <animation effect="rotatey" center="610" start="60" end="60" time="0" condition="true">Conditional</animation>
                                <colordiffuse>FFFFFFFF</colordiffuse>
                        </control>
                        <control type="group">
                                <visible>Control.IsVisible(51) + Container.OnPrevious</visible>
                                <animation effect="slide" end="60,0" time="200" reversible="false">Hidden</animation>
                                <control type="image">
                                        <posx>260</posx>
                                        <posy>0</posy>
                                        <width>144</width>
                                        <height>216</height>
                                        <texture fallback="defaultmoviebig.png" diffuse="movieposter_mask.png">$INFO[Container.ListItem(1).Thumb]</texture>
                                        <aspectratio aligny="bottom">keep</aspectratio>
                                        <visible>Container.OnPrevious</visible>
                                        <animation effect="rotatey" center="500" start="0" end="60" time="200" reversible="false">Hidden</animation>
                                </control>
                                <control type="image">
                                        <posx>260</posx>
                                        <posy>216</posy>
                                        <width>144</width>
                                        <height>216</height>
                                        <texture flipy="true" diffuse="movieposter_mask_reflect.png">$INFO[Container.ListItem(1).Thumb]</texture>
                                        <aspectratio aligny="top">keep</aspectratio>
                                        <visible>Container.OnPrevious</visible>
                                        <animation effect="rotatey" center="500" start="0" end="60" time="200" reversible="false">Hidden</animation>
                                        <colordiffuse>FFFFFFFF</colordiffuse>
                                </control>
                                <control type="image">
                                        <posx>150</posx>
                                        <posy>0</posy>
                                        <width>144</width>
                                        <height>216</height>
                                        <texture fallback="defaultmoviebig.png" diffuse="movieposter_mask.png">$INFO[Container.ListItem(0).Thumb]</texture>
                                        <aspectratio aligny="bottom">keep</aspectratio>
                                        <visible>Container.OnPrevious</visible>
                                        <animation effect="rotatey" center="110" start="0" end="60" time="200" reversible="false">Hidden</animation>
                                        <animation effect="rotatey" center="110" start="-60" end="-60" time="0" condition="true">Conditional</animation>
                                </control>
                                <control type="image">
                                        <posx>150</posx>
                                        <posy>216</posy>
                                        <width>144</width>
                                        <height>216</height>
                                        <texture flipy="true" diffuse="movieposter_mask_reflect.png">$INFO[Container.ListItem(0).Thumb]</texture>
                                        <aspectratio aligny="top">keep</aspectratio>
                                        <visible>Container.OnPrevious</visible>
                                        <animation effect="rotatey" center="110" start="0" end="60" time="200" reversible="false">Hidden</animation>
                                        <animation effect="rotatey" center="110" start="-60" end="-60" time="0" condition="true">Conditional</animation>
                                        <colordiffuse>FFFFFFFF</colordiffuse>
                                </control>
                        </control>
                </control>

#-------------------------------------------------------------------------------------------
#ON NOW 7000
#-------------------------------------------------------------------------------------------

                <control type="group" id="7000">
                        <posx>24</posx>
                        <posy>255</posy>
                        <camera x="360" y="350"/>
                        <visible>Control.IsVisible(51) + !Control.IsVisible(7001)  + !Control.IsVisible(7002)</visible>
                        <control type="image">
                                <posx>0</posx>
                                <posy>0</posy>
                                <width>144</width>
                                <height>216</height>
                                <aspectratio aligny="bottom">keep</aspectratio>
                                <texture fallback="defaultmoviebig.png" diffuse="movieposter_mask.png">$INFO[Container.ListItem(-4).Thumb]</texture>
                                <animation effect="rotatey" center="-40" start="-60" end="-60" time="0" condition="true">Conditional</animation>
                        </control>
                        <control type="image">
                                <posx>0</posx>
                                <posy>216</posy>
                                <width>144</width>
                                <height>216</height>
                                <texture flipy="true" diffuse="movieposter_mask_reflect.png">$INFO[Container.ListItem(-4).Thumb]</texture>
                                <aspectratio aligny="top">keep</aspectratio>
                                <animation effect="rotatey" center="-40" start="-60" end="-60" time="0" condition="true">Conditional</animation>
                                <colordiffuse>FFFFFFFF</colordiffuse>
                        </control>
                        <control type="image">
                                <posx>50</posx>
                                <posy>0</posy>
                                <width>144</width>
                                <height>216</height>
                                <aspectratio aligny="bottom">keep</aspectratio>
                                <texture fallback="defaultmoviebig.png" diffuse="movieposter_mask.png">$INFO[Container.ListItem(-3).Thumb]</texture>
                                <animation effect="rotatey" center="10" start="-60" end="-60" time="0" condition="true">Conditional</animation>
                        </control>
                        <control type="image">
                                <posx>50</posx>
                                <posy>216</posy>
                                <width>144</width>
                                <height>216</height>
                                <texture flipy="true" diffuse="movieposter_mask_reflect.png">$INFO[Container.ListItem(-3).Thumb]</texture>
                                <aspectratio aligny="top">keep</aspectratio>
                                <animation effect="rotatey" center="10" start="-60" end="-60" time="0" condition="true">Conditional</animation>
                                <colordiffuse>FFFFFFFF</colordiffuse>
                        </control>
                        <control type="image">
                                <posx>100</posx>
                                <posy>0</posy>
                                <width>144</width>
                                <height>216</height>
                                <aspectratio aligny="bottom">keep</aspectratio>
                                <texture fallback="defaultmoviebig.png" diffuse="movieposter_mask.png">$INFO[Container.ListItem(-2).Thumb]</texture>
                                <animation effect="rotatey" center="60" start="-60" end="-60" time="0" condition="true">Conditional</animation>
                        </control>
                        <control type="image">
                                <posx>100</posx>
                                <posy>216</posy>
                                <width>144</width>
                                <height>216</height>
                                <texture flipy="true" diffuse="movieposter_mask_reflect.png">$INFO[Container.ListItem(-2).Thumb]</texture>
                                <aspectratio aligny="top">keep</aspectratio>
                                <animation effect="rotatey" center="60" start="-60" end="-60" time="0" condition="true">Conditional</animation>
                                <colordiffuse>FFFFFFFF</colordiffuse>
                        </control>
                        <control type="image">
                                <posx>150</posx>
                                <posy>0</posy>
                                <width>144</width>
                                <height>216</height>
                                <aspectratio aligny="bottom">keep</aspectratio>
                                <texture fallback="defaultmoviebig.png" diffuse="movieposter_mask.png">$INFO[Container.ListItem(-1).Thumb]</texture>
                                <animation effect="rotatey" center="110" start="-60" end="-60" time="0" condition="true">Conditional</animation>
                        </control>
                        <control type="image">
                                <posx>150</posx>
                                <posy>216</posy>
                                <width>144</width>
                                <height>216</height>
                                <texture flipy="true" diffuse="movieposter_mask_reflect.png">$INFO[Container.ListItem(-1).Thumb]</texture>
                                <aspectratio aligny="top">keep</aspectratio>
                                <animation effect="rotatey" center="110" start="-60" end="-60" time="0" condition="true">Conditional</animation>
                                <colordiffuse>FFFFFFFF</colordiffuse>
                        </control>
                        <control type="image">
                                <posx>520</posx>
                                <posy>0</posy>
                                <width>144</width>
                                <height>216</height>
                                <aspectratio aligny="bottom">keep</aspectratio>
                                <texture fallback="defaultmoviebig.png" diffuse="movieposter_mask.png">$INFO[Container.ListItem(4).Thumb]</texture>
                                <animation effect="rotatey" center="760" start="60" end="60" time="0" condition="true">Conditional</animation>
                        </control>
                        <control type="image">
                                <posx>520</posx>
                                <posy>216</posy>
                                <width>144</width>
                                <height>216</height>
                                <texture flipy="true" diffuse="movieposter_mask_reflect.png">$INFO[Container.ListItem(4).Thumb]</texture>
                                <aspectratio aligny="top">keep</aspectratio>
                                <animation effect="rotatey" center="760" start="60" end="60" time="0" condition="true">Conditional</animation>
                                <colordiffuse>FFFFFFFF</colordiffuse>
                        </control>
                        <control type="image">
                                <posx>470</posx>
                                <posy>0</posy>
                                <width>144</width>
                                <height>216</height>
                                <aspectratio aligny="bottom">keep</aspectratio>
                                <texture fallback="defaultmoviebig.png" diffuse="movieposter_mask.png">$INFO[Container.ListItem(3).Thumb]</texture>
                                <animation effect="rotatey" center="710" start="60" end="60" time="0" condition="true">Conditional</animation>
                        </control>
                        <control type="image">
                                <posx>470</posx>
                                <posy>216</posy>
                                <width>144</width>
                                <height>216</height>
                                <texture flipy="true" diffuse="movieposter_mask_reflect.png">$INFO[Container.ListItem(3).Thumb]</texture>
                                <aspectratio aligny="top">keep</aspectratio>
                                <animation effect="rotatey" center="710" start="60" end="60" time="0" condition="true">Conditional</animation>
                                <colordiffuse>FFFFFFFF</colordiffuse>
                        </control>
                        <control type="image">
                                <posx>420</posx>
                                <posy>0</posy>
                                <width>144</width>
                                <height>216</height>
                                <aspectratio aligny="bottom">keep</aspectratio>
                                <texture fallback="defaultmoviebig.png" diffuse="movieposter_mask.png">$INFO[Container.ListItem(2).Thumb]</texture>
                                <animation effect="rotatey" center="660" start="60" end="60" time="0" condition="true">Conditional</animation>
                        </control>
                        <control type="image">
                                <posx>420</posx>
                                <posy>216</posy>
                                <width>144</width>
                                <height>216</height>
                                <texture flipy="true" diffuse="movieposter_mask_reflect.png">$INFO[Container.ListItem(2).Thumb]</texture>
                                <aspectratio aligny="top">keep</aspectratio>
                                <animation effect="rotatey" center="660" start="60" end="60" time="0" condition="true">Conditional</animation>
                                <colordiffuse>FFFFFFFF</colordiffuse>
                        </control>
                        <control type="image">
                                <posx>370</posx>
                                <posy>0</posy>
                                <width>144</width>
                                <height>216</height>
                                <aspectratio aligny="bottom">keep</aspectratio>
                                <texture fallback="defaultmoviebig.png" diffuse="movieposter_mask.png">$INFO[Container.ListItem(1).Thumb]</texture>
                                <animation effect="rotatey" center="610" start="60" end="60" time="0" condition="true">Conditional</animation>
                        </control>
                        <control type="image">
                                <posx>370</posx>
                                <posy>216</posy>
                                <width>144</width>
                                <height>216</height>
                                <texture flipy="true" diffuse="movieposter_mask_reflect.png">$INFO[Container.ListItem(1).Thumb]</texture>
                                <aspectratio aligny="top">keep</aspectratio>
                                <animation effect="rotatey" center="610" start="60" end="60" time="0" condition="true">Conditional</animation>
                                <colordiffuse>FFFFFFFF</colordiffuse>
                        </control>
                        <control type="image">
                                <posx>260</posx>
                                <posy>-8</posy>
                                <width>134</width>
                                <height>238</height>
                                <aspectratio>strech</aspectratio>
                                <texture>case-dvda.png</texture>
                                <visible>!Contol.HasFocus(51)</visible>
                        </control>
                        <control type="image">
                                <posx>280</posx>
                                <posy>0</posy>
                                <width>106</width>
                                <height>216</height>
                                <aspectratio>strech</aspectratio>
                                <texture fallback="defaultmoviebig.png">$INFO[Container.ListItem(0).Thumb]</texture>
                                <visible>!Contol.HasFocus(51)</visible>
                        </control>
                        <control type="image">
                                <posx>260</posx>
                                <posy>-8</posy>
                                <width>134</width>
                                <height>238</height>
                                <aspectratio>strech</aspectratio>
                                <texture>case-dvd.png</texture>
                                <visible>!Contol.HasFocus(51)</visible>
                        </control>
                        <control type="image">
                                <posx>280</posx>
                                <posy>231</posy>
                                <width>106</width>
                                <height>216</height>
                                <aspectratio>strech</aspectratio>
                                <texture flipy="true" diffuse="diffuse_mirror2.png">$INFO[Container.ListItem(0).Thumb]</texture>
                                <visible>!Contol.HasFocus(51)</visible>
                        </control>
                        <control type="image">
                                <posx>260</posx>
                                <posy>218</posy>
                                <width>134</width>
                                <height>238</height>
                                <aspectratio>strech</aspectratio>
                                <texture flipy="true" diffuse="diffuse_mirror2.png">case-dvd.png</texture>
                                <visible>!Contol.HasFocus(51)</visible>
                        </control>
                </control>

#-------------------------------------------------------------------------------------------
#Infos
#-------------------------------------------------------------------------------------------

                <control type="group">
                        <visible>Control.IsVisible(51)</visible>
                        <control type="image">
                                <posx>645</posx>
                                <posy>468</posy>
                                <width>20</width>
                                <height>25</height>
                                <info>ListItem.Overlay</info>
                        </control>
                        <control type="image">
                                <posx>585</posx>
                                <posy>490</posy>
                                <width>120</width>
                                <height>20</height>
                                <info>Listitem.StarRating</info>
                                <aspectratio>keep</aspectratio>
                        </control>
                        <control type="label">
                                <posx>100</posx>
                                <posy>490</posy>
                                <width>520</width>
                                <info>ListItem.Label</info>
                                <font>font14</font>
                                <shadowcolor>80000000</shadowcolor>
                                <align>center</align>
                        </control>
                        <control type="label">
                                <visible>Container.Content(Movies)</visible>
                                <posx>40</posx>
                                <posy>520</posy>
                                <width>640</width>
                                <label>$INFO[ListItem.Duration,, - ]$INFO[ListItem.Genre]</label>
                                <align>center</align>
                                <include>textcoloralt</include>
                        </control>
                        <control type="label">
                                <visible>Container.Content(TVShows)</visible>
                                <posx>40</posx>
                                <posy>520</posy>
                                <width>640</width>
                                <label>$INFO[ListItem.Episode,, $LOCALIZE[20360]] ($INFO[ListItem.Property(WatchedEpisodes),, $LOCALIZE[16102]] - $INFO[ListItem.Property(UnWatchedEpisodes), , $LOCALIZE[16101]])</label>
                                <align>center</align>
                                <include>textcoloralt</include>
                        </control>
                </control>
                <!--  Movie Plot !-->
                <control type="group">
                        <visible>Control.IsVisible(51)</visible>
                        <control type="button" id="82">
                                <description>SmallInfo button</description>
                                <posx>640</posx>
                                <posy>485</posy>
                                <width>24</width>
                                <height>24</height>
                                <label>-</label>
                                <font>-</font>
                                <aligny>-</aligny>
                                <texturefocus>-</texturefocus>
                                <texturenofocus>-</texturenofocus>
                                <onleft>82</onleft>
                                <onright>82</onright>
                                <onup>51</onup>
                                <ondown>51</ondown>
                        </control>
                </control>
        </include>
</includes>