<window id="2006">
        <defaultcontrol>2</defaultcontrol>
        <allowoverlay>no</allowoverlay>
        <controls>
                <control type="visualisation" id="2">
                        <description>Visualisation</description>
                        <posx>0</posx>
                        <posy>0</posy>
                        <width>720</width>
                        <height>576</height>
                </control>
                <!--  Music Info Play !-->
                <control type="group">
                        <visible>Player.ShowInfo</visible>
                        <animation effect="fade" time="400">VisibleChange</animation>
                        <posx>0</posx>
                        <posy>0</posy>
                        <control type="group">
                                <include>backgroundfanart</include>
                                <include>systime</include>
                                <control type="image">
                                        <description>Cover image</description>
                                        <posx>20</posx>
                                        <posy>380</posy>
                                        <width>130</width>
                                        <height>160</height>
                                        <aspectratio align="right" aligny="bottom">keep</aspectratio>
                                        <texture>$INFO[MusicPlayer.Cover]</texture>
                                        <bordertexture border="15">postershadow.png</bordertexture>
                                        <bordersize>15</bordersize>
                                </control>
                                <control type="label">
                                        <posx>150</posx>
                                        <posy>380</posy>
                                        <label>$INFO[MusicPlayer.Title]</label>
                                        <width>530</width>
                                        <font>font14</font>
                                </control>
                                <control type="label">
                                        <posx>150</posx>
                                        <posy>410</posy>
                                        <label>$INFO[MusicPlayer.Artist]</label>
                                        <width>520</width>
                                        <font>font11</font>
                                        <include>textcoloralt</include>
                                </control>
                                <control type="label">
                                        <posx>150</posx>
                                        <posy>430</posy>
                                        <label>$INFO[MusicPlayer.Album]</label>
                                        <width>520</width>
                                        <font>font11</font>
                                        <include>textcoloralt</include>
                                </control>
                                <control type="label">
                                        <posx>150</posx>
                                        <posy>450</posy>
                                        <label>$INFO[MusicPlayer.Year,, - ]$INFO[MusicPlayer.Genre]</label>
                                        <width>520</width>
                                        <font>font11</font>
                                        <include>textcoloralt</include>
                                </control>
                                <control type="label">
                                        <posx>680</posx>
                                        <posy>450</posy>
                                        <label>$LOCALIZE[554] $INFO[MusicPlayer.Playlistposition,, - ]$INFO[MusicPlayer.Playlistlength]</label>
                                        <align>right</align>
                                        <font>font11</font>
                                        <include>textcoloralt</include>
                                </control>
                                <control type="label">
                                        <posx>150</posx>
                                        <posy>490</posy>
                                        <label>$INFO[Player.Time]$INFO[Player.TimeRemaining, / ]</label>
                                        <width>520</width>
                                        <font>font11</font>
                                </control>
                                <control type="label">
                                        <posx>580</posx>
                                        <posy>490</posy>
                                        <label>$INFO[Player.Duration,$LOCALIZE[180]:  ]</label>
                                        <align>right</align>
                                        <font>font11</font>
                                        <include>textcoloralt</include>
                                </control>
                                <control type="progress">
                                        <description>Progress control</description>
                                        <posx>150</posx>
                                        <posy>515</posy>
                                        <width>430</width>
                                        <height>8</height>
                                        <texturebg>ProgressBack.png</texturebg>
                                        <lefttexture>-</lefttexture>
                                        <midtexture>ProgressFront.png</midtexture>
                                        <righttexture>-</righttexture>
                                        <overlaytexture>-</overlaytexture>
                                        <info>Player.Progress</info>
                                </control>
                                <control type="label">
                                        <posx>580</posx>
                                        <posy>525</posy>
                                        <label>$LOCALIZE[209]: $INFO[MusicPlayer.offset(1).Artist,, - ]$INFO[MusicPlayer.offset(1).Title]</label>
                                        <align>right</align>
                                        <font>font11</font>
                                        <include>textcoloroverlay</include>
                                </control>
                        </control>
                </control>
                <!-- Codec & Viz infos -->
                <control type="group">
                        <visible>Player.ShowCodec</visible>
                        <animation effect="fade" time="400">VisibleChange</animation>
                        <posx>0</posx>
                        <posy>50</posy>
                        <control type="image">
                                <description>Media info background image</description>
                                <posx>0</posx>
                                <posy>-10</posy>
                                <width>720</width>
                                <height>110</height>
                                <texture>black-back.png</texture>
                        </control>
                        <control type="label">
                                <description>row 1 label</description>
                                <posx>0</posx>
                                <posy>0</posy>
                                <label>$LOCALIZE[445] | $INFO[musicplayer.Codec,Codec: ,]$INFO[musicplayer.Bitrate, - Bitrate: ,kbps]$INFO[musicplayer.bitspersample, - Bits:,bit]$INFO[musicplayer.Samplerate, - Freq.: ,kHz]$INFO[musicplayer.Channels, - Channels: ]</label>
                                <width>720</width>
                                <align>center</align>
                        </control>
                        <control type="label">
                                <visible>Visualisation.Locked</visible>
                                <description>row 2 label</description>
                                <posx>0</posx>
                                <posy>25</posy>
                                <label>Visual | fps: $INFO[System.FPS] - $LOCALIZE[250] - $INFO[Visualisation.Name] - $LOCALIZE[20166]</label>
                                <width>720</width>
                                <align>center</align>
                        </control>
                        <control type="label">
                                <visible>!Visualisation.Locked</visible>
                                <description>Unlocked row 2 label</description>
                                <posx>0</posx>
                                <posy>25</posy>
                                <label>Visual | fps: $INFO[System.FPS] - $LOCALIZE[250] - $INFO[Visualisation.Name]</label>
                                <width>720</width>
                                <align>center</align>
                        </control>
                        <control type="label">
                                <description>row 3 label</description>
                                <posx>0</posx>
                                <posy>50</posy>
                                <label>$LOCALIZE[13388] | $INFO[Visualisation.Preset]</label>
                                <width>720</width>
                                <align>center</align>
                        </control>
                </control>
        </controls>
</window>