<window id="121">
        <defaultcontrol>2</defaultcontrol>
        <include>dialoganimation</include>
        <coordinates>
                <system>1</system>
                <posx>150</posx>
                <posy>50</posy>
        </coordinates>
        <controls>
                <control type="image" id="1">
                        <description>Background Image</description>
                        <posx>0</posx>
                        <posy>25</posy>
                        <width>420</width>
                        <height>326</height>
                        <texture>panel_osd.png</texture>
                </control>
                <control type="image" id="1">
                        <posx>0</posx>
                        <posy>-5</posy>
                        <width>420</width>
                        <height>31</height>
                        <texture>panel_osd_top.png</texture>
                </control>
                <control type="label" id="2">
                        <description>Settings Label</description>
                        <posx>0</posx>
                        <posy>0</posy>
                        <width>420</width>
                        <align>center</align>
                </control>
                <control type="label" id="3">
                        <description>No Settings Label</description>
                        <posx>0</posx>
                        <posy>170</posy>
                        <width>420</width>
                        <align>center</align>
                        <label>13390</label>
                </control>
                <control type="grouplist" id="5">
                        <description>Control area</description>
                        <posx>5</posx>
                        <posy>30</posy>
                        <width>410</width>
                        <height>315</height>
                        <itemgap>2</itemgap>
                        <pagecontrol>60</pagecontrol>
                        <onleft>5</onleft>
                        <onright>5</onright>
                        <onup>5</onup>
                        <ondown>5</ondown>
                </control>
                <control type="button" id="7">
                        <description>Default Button</description>
                        <width>445</width>
                        <height>33</height>
                        <texturefocus>list-focus.png</texturefocus>
                        <texturenofocus>-</texturenofocus>
                        <textoffsetx>8</textoffsetx>
                </control>
                <control type="radiobutton" id="8">
                        <description>Default RadioButton</description>
                        <width>445</width>
                        <height>33</height>
                        <texturefocus>list-focus.png</texturefocus>
                        <texturenofocus>-</texturenofocus>
                        <textoffsetx>8</textoffsetx>
                </control>
                <control type="spincontrolex" id="9">
                        <description>Default SpinControlex</description>
                        <posx>530</posx>
                        <posy>150</posy>
                        <texturefocus>list-focus.png</texturefocus>
                        <texturenofocus>-</texturenofocus>
                        <height>30</height>
                </control>
        </controls>
</window>