<window id="502">
        <defaultcontrol>50</defaultcontrol>
        <allowoverlay>yes</allowoverlay>
        <controls>
                <!--  Background!-->
                <include>backgroundmedia</include>
                <control type="label">
                        <visible>![Container.Content(Artists) | Container.Content(Albums) | Container.Content(Songs)]</visible>
                        <description>Window title</description>
                        <posx>40</posx>
                        <posy>30</posy>
                        <label>$LOCALIZE[249] - $LOCALIZE[14022]</label>
                        <font>font40</font>
                        <shadowcolor>80000000</shadowcolor>
                </control>
                <control type="label">
                        <visible>Container.Content(Artists)</visible>
                        <description>Window title</description>
                        <posx>40</posx>
                        <posy>30</posy>
                        <label>$LOCALIZE[133] - $LOCALIZE[14022]</label>
                        <font>font40</font>
                        <shadowcolor>80000000</shadowcolor>
                </control>
                <control type="label">
                        <visible>Container.Content(Albums) + [Control.IsVisible(50) | Control.IsVisible(52) | Control.IsVisible(53) | Control.IsVisible(54)]</visible>
                        <description>Window title</description>
                        <posx>40</posx>
                        <posy>30</posy>
                        <label>$LOCALIZE[132] - $LOCALIZE[14022]</label>
                        <font>font40</font>
                        <shadowcolor>80000000</shadowcolor>
                </control>
                <control type="label">
                        <visible>Container.Content(Songs) + [Control.IsVisible(50) | Control.IsVisible(52) | Control.IsVisible(53) | Control.IsVisible(54)]</visible>
                        <description>Window title</description>
                        <posx>40</posx>
                        <posy>30</posy>
                        <label>$LOCALIZE[134] - $LOCALIZE[14022]</label>
                        <font>font40</font>
                        <shadowcolor>80000000</shadowcolor>
                </control>
                <control type="image">
                        <posx>615</posx>
                        <posy>30</posy>
                        <width>65</width>
                        <height>65</height>
                        <texture>settings-music-nofocus.png</texture>
                        <aspectratio>keep</aspectratio>
                </control>
                <!--  List and Thumbnails panels!-->
                <control type="group" id="9900">
                        <include>CommonList</include>
                        <include>WrapMovies</include>
                        <include>FanartMovies</include>
                        <include>AlbumsRoller</include>
                        <include>CommonPageControl</include>
                </control>
                <!--  Buttons!-->
                <control type="group" id="9000">
                        <include>animationbuttonpanel</include>
                        <include>backgroundbuttonpanel</include>
                        <control type="button" id="2">
                                <description>View As Icons button</description>
                                <posy>120</posy>
                                <label>100</label>
                                <onleft>50</onleft>
                                <onright>50</onright>
                                <onup>4</onup>
                                <ondown>3</ondown>
                        </control>
                        <control type="button" id="3">
                                <description>Sort by  button</description>
                                <posy>160</posy>
                                <label>103</label>
                                <onleft>50</onleft>
                                <onright>50</onright>
                                <onup>2</onup>
                                <ondown>99</ondown>
                        </control>
                        <control type="radiobutton" id="99">
                                <description>Library button</description>
                                <posy>200</posy>
                                <label>$LOCALIZE[14022] $LOCALIZE[456]</label>
                                <textureradiofocus>radiobutton-focus.png</textureradiofocus>
                                <textureradionofocus>radiobutton-nofocus.png</textureradionofocus>
                                <onclick>ReplaceWindow(MyMusicFiles)</onclick>
                                <onclick>SetFocus(99)</onclick>
                                <selected>Window.IsVisible(MyMusicLibrary)</selected>
                                <onleft>50</onleft>
                                <onright>50</onright>
                                <onup>3</onup>
                                <ondown>8</ondown>
                        </control>
                        <control type="button" id="8">
                                <description>Search button</description>
                                <posy>240</posy>
                                <label>137</label>
                                <onleft>50</onleft>
                                <onright>50</onright>
                                <onup>99</onup>
                                <ondown>19</ondown>
                        </control>
                        <control type="radiobutton" id="19">
                                <description>Filter</description>
                                <posy>280</posy>
                                <label>587</label>
                                <textureradiofocus>radiobutton-focus.png</textureradiofocus>
                                <textureradionofocus>radiobutton-nofocus.png</textureradionofocus>
                                <onleft>50</onleft>
                                <onright>50</onright>
                                <onup>8</onup>
                                <ondown>16</ondown>
                        </control>
                        <control type="radiobutton" id="16">
                                <description>Party Mode button</description>
                                <posy>320</posy>
                                <label>589</label>
                                <textureradiofocus>radiobutton-focus.png</textureradiofocus>
                                <textureradionofocus>radiobutton-nofocus.png</textureradionofocus>
                                <onleft>50</onleft>
                                <onright>50</onright>
                                <onup>19</onup>
                                <ondown>4</ondown>
                        </control>
                        <control type="label">
                                <posx>40</posx>
                                <posy>410</posy>
                                <label>$LOCALIZE[580]</label>
                        </control>
                        <control type="togglebutton" id="4">
                                <description>Sort asc</description>
                                <onleft>50</onleft>
                                <onright>50</onright>
                                <onup>16</onup>
                                <ondown>2</ondown>
                        </control>
                </control>
        </controls>
</window>