<window id="500">
        <defaultcontrol>50</defaultcontrol>
        <allowoverlay>yes</allowoverlay>
        <controls>
                <!--  Background!-->
                <include>backgroundmedia</include>
                <control type="label">
                        <description>Window title</description>
                        <posx>40</posx>
                        <posy>30</posy>
                        <label>20011</label>
                        <font>font40</font>
                        <shadowcolor>80000000</shadowcolor>
                </control>
                <control type="image">
                        <posx>615</posx>
                        <posy>30</posy>
                        <width>65</width>
                        <height>65</height>
                        <texture>settings-nowplay-nofocus.png</texture>
                        <aspectratio>keep</aspectratio>
                </control>
                <!--  List and Thumbnails panels!-->
                <control type="group" id="9900">
                        <include>CommonList</include>
                        <include>CommonPageControl</include>
                </control>
                <!--  Buttons!-->
                <control type="group" id="9000">
                        <include>animationbuttonpanel</include>
                        <include>backgroundbuttonpanel</include>
                        <control type="button" id="2">
                                <description>View As Icons button</description>
                                <posy>120</posy>
                                <label>100</label>
                                <onleft>50</onleft>
                                <onright>50</onright>
                                <onup>22</onup>
                                <ondown>20</ondown>
                        </control>
                        <control type="radiobutton" id="20">
                                <description>Shuffle button</description>
                                <posy>160</posy>
                                <label>191</label>
                                <textureradiofocus>radiobutton-focus.png</textureradiofocus>
                                <textureradionofocus>radiobutton-nofocus.png</textureradionofocus>
                                <onleft>50</onleft>
                                <onright>50</onright>
                                <onup>2</onup>
                                <ondown>26</ondown>
                        </control>
                        <control type="button" id="26">
                                <description>Repeat button</description>
                                <posy>200</posy>
                                <label>486</label>
                                <onleft>50</onleft>
                                <onright>50</onright>
                                <onup>26</onup>
                                <ondown>21</ondown>
                        </control>
                        <control type="button" id="21">
                                <description>Save button</description>
                                <posy>240</posy>
                                <label>190</label>
                                <onleft>50</onleft>
                                <onright>50</onright>
                                <onup>26</onup>
                                <ondown>22</ondown>
                        </control>
                        <control type="button" id="22">
                                <description>Clear button</description>
                                <posy>280</posy>
                                <label>192</label>
                                <onleft>50</onleft>
                                <onright>50</onright>
                                <onup>21</onup>
                                <ondown>2</ondown>
                        </control>
                </control>
        </controls>
</window>