<window id="2">
        <defaultcontrol>50</defaultcontrol>
        <allowoverlay>yes</allowoverlay>
        <controls>
                <!--  Background!-->
                <include>backgroundmedia</include>
                <control type="label">
                        <description>Window title</description>
                        <posx>40</posx>
                        <posy>30</posy>
                        <label>1213</label>
                        <font>font40</font>
                        <shadowcolor>80000000</shadowcolor>
                </control>
                <control type="image">
                        <posx>615</posx>
                        <posy>30</posy>
                        <width>65</width>
                        <height>65</height>
                        <texture>settings-pictures-nofocus.png</texture>
                        <aspectratio>keep</aspectratio>
                </control>
                <!--  List and Thumbnails panels!-->
                <control type="group" id="9900">
                        <include>CommonList</include>
                        <include>FanartMovies</include>
                        <include>WrapMovies</include>
                        <include>CommonPageControl</include>
                </control>
                <!--  Buttons!-->
                <control type="group" id="9000">
                        <include>animationbuttonpanel</include>
                        <include>backgroundbuttonpanel</include>
                        <control type="button" id="2">
                                <description>View As Icons button</description>
                                <posy>120</posy>
                                <label>100</label>
                                <onleft>50</onleft>
                                <onright>50</onright>
                                <onup>4</onup>
                                <ondown>3</ondown>
                        </control>
                        <control type="button" id="3">
                                <description>Sort by  button</description>
                                <posy>160</posy>
                                <label>103</label>
                                <onleft>50</onleft>
                                <onright>50</onright>
                                <onup>2</onup>
                                <ondown>6</ondown>
                        </control>
                        <control type="button" id="6">
                                <description>SlideShow button</description>
                                <posy>200</posy>
                                <label>108</label>
                                <onleft>50</onleft>
                                <onright>50</onright>
                                <onup>3</onup>
                                <ondown>7</ondown>
                        </control>
                        <control type="button" id="7">
                                <description>Recursive slideshow</description>
                                <posy>240</posy>
                                <label>361</label>
                                <onleft>50</onleft>
                                <onright>50</onright>
                                <onup>6</onup>
                                <ondown>9</ondown>
                        </control>
                        <control type="radiobutton" id="9">
                                <description>Randomize button</description>
                                <posy>280</posy>
                                <label>13319</label>
                                <textureradiofocus>radiobutton-focus.png</textureradiofocus>
                                <textureradionofocus>radiobutton-nofocus.png</textureradionofocus>
                                <onleft>50</onleft>
                                <onright>50</onright>
                                <onup>7</onup>
                                <ondown>4</ondown>
                        </control>
                        <control type="label">
                                <posx>40</posx>
                                <posy>410</posy>
                                <label>$LOCALIZE[580]</label>
                        </control>
                        <control type="togglebutton" id="4">
                                <description>Sort asc</description>
                                <onleft>50</onleft>
                                <onright>50</onright>
                                <onup>9</onup>
                                <ondown>2</ondown>
                        </control>
                </control>
        </controls>
</window>