<window id="20">
        <defaultcontrol>50</defaultcontrol>
        <allowoverlay>yes</allowoverlay>
        <controls>
                <!--  Background!-->
                <include>backgroundmedia</include>
                <control type="label">
                        <description>Window title</description>
                        <posx>40</posx>
                        <posy>30</posy>
                        <label>247</label>
                        <font>font40</font>
                        <shadowcolor>80000000</shadowcolor>
                </control>
                <control type="image">
                        <posx>615</posx>
                        <posy>30</posy>
                        <width>65</width>
                        <height>65</height>
                        <texture>settings-scripts-nofocus.png</texture>
                        <aspectratio>keep</aspectratio>
                </control>
                <!--  List and Thumbnails panels!-->
                <control type="group" id="9900">
                        <include>CommonList</include>
                        <include>CommonPageControl</include>
                </control>
                <!--  Buttons!-->
                <control type="group" id="9000">
                        <include>animationbuttonpanel</include>
                        <include>backgroundbuttonpanel</include>
                        <control type="button" id="2">
                                <description>View As Icons button</description>
                                <posy>120</posy>
                                <label>100</label>
                                <onleft>50</onleft>
                                <onright>50</onright>
                                <onup>4</onup>
                                <ondown>3</ondown>
                        </control>
                        <control type="button" id="3">
                                <description>Sort by  button</description>
                                <posy>160</posy>
                                <label>103</label>
                                <onleft>50</onleft>
                                <onright>50</onright>
                                <onup>2</onup>
                                <ondown>4</ondown>
                        </control>
                        <control type="label">
                                <posx>40</posx>
                                <posy>410</posy>
                                <label>$LOCALIZE[580]</label>
                        </control>
                        <control type="togglebutton" id="4">
                                <description>Sort asc</description>
                                <onleft>50</onleft>
                                <onright>50</onright>
                                <onup>3</onup>
                                <ondown>2</ondown>
                        </control>
                </control>
        </controls>
</window>