<window id="25">
        <defaultcontrol>50</defaultcontrol>
        <allowoverlay>yes</allowoverlay>
        <controls>
                <!--  Background!-->
                <include>backgroundmedia</include>
                <control type="label">
                        <visible>![Container.Content(Movies) | Container.Content(TVShows) | Container.Content(Episodes) | Container.Content(MusicVideos)]</visible>
                        <description>Window title</description>
                        <posx>40</posx>
                        <posy>30</posy>
                        <label>$LOCALIZE[20342]</label>
                        <font>font40</font>
                        <shadowcolor>80000000</shadowcolor>
                </control>
                <control type="label">
                        <visible>Container.Content(Movies) + [Control.IsVisible(50) |  Control.IsVisible(53) | Control.IsVisible(54)]</visible>
                        <description>Window title</description>
                        <posx>40</posx>
                        <posy>30</posy>
                        <label>$LOCALIZE[20342] - $LOCALIZE[14022]</label>
                        <font>font40</font>
                        <shadowcolor>80000000</shadowcolor>
                </control>
                <control type="label">
                        <visible>Container.Content(MusicVideos) + [Control.IsVisible(50) |  Control.IsVisible(53) | Control.IsVisible(54)]</visible>
                        <description>Window title</description>
                        <posx>40</posx>
                        <posy>30</posy>
                        <label>$LOCALIZE[20389] - $LOCALIZE[14022]</label>
                        <font>font40</font>
                        <shadowcolor>80000000</shadowcolor>
                </control>
                <control type="label">
                        <visible>Container.Content(TVShows) + [Control.IsVisible(50) | Control.IsVisible(53) | Control.IsVisible(54)]</visible>
                        <description>Window title</description>
                        <posx>40</posx>
                        <posy>30</posy>
                        <label>$LOCALIZE[20343] - $LOCALIZE[14022]</label>
                        <font>font40</font>
                        <shadowcolor>80000000</shadowcolor>
                </control>
                <control type="label">
                        <visible>Container.Content(Episodes) + [Control.IsVisible(50) | Control.IsVisible(53) | Control.IsVisible(54)]</visible>
                        <description>Window title</description>
                        <posx>40</posx>
                        <posy>30</posy>
                        <label>$LOCALIZE[20360] - $LOCALIZE[14022]</label>
                        <font>font40</font>
                        <shadowcolor>80000000</shadowcolor>
                </control>
                <control type="image">
                        <visible>![Container.Content(TVShows) | Container.Content(Episodes) | Container.Content(MusicVideos)]</visible>
                        <posx>615</posx>
                        <posy>25</posy>
                        <width>65</width>
                        <height>65</height>
                        <texture>settings-movies-nofocus.png</texture>
                        <aspectratio>keep</aspectratio>
                </control>
                <control type="image">
                        <visible>Container.Content(TVShows) | Container.Content(Episodes)</visible>
                        <posx>615</posx>
                        <posy>30</posy>
                        <width>64</width>
                        <height>64</height>
                        <texture>settings-ifilm-nofocus.png</texture>
                        <aspectratio>keep</aspectratio>
                </control>
                <control type="image">
                        <visible>Container.Content(MusicVideos)</visible>
                        <posx>615</posx>
                        <posy>30</posy>
                        <width>64</width>
                        <height>64</height>
                        <texture>settings-movietrailers-nofocus.png</texture>
                        <aspectratio>keep</aspectratio>
                </control>
                <!--  List and Thumbnails panels!-->
                <control type="group" id="9900">
                        <include>CommonList</include>
                        <include>WrapMovies</include>
                        <include>FanartMovies</include>
                        <include>FanartMoviesBig</include>
                        <include>MoviesRoller</include>
                        <include>Movies3D</include>
                        <include>CommonPageControl</include>
                </control>
                <!--  Buttons!-->
                <control type="group" id="9000">
                        <include>animationbuttonpanel</include>
                        <include>backgroundbuttonpanel</include>
                        <control type="button" id="2">
                                <description>View As Icons button</description>
                                <posy>120</posy>
                                <label>100</label>
                                <onleft>50</onleft>
                                <onright>50</onright>
                                <onup>4</onup>
                                <ondown>3</ondown>
                        </control>
                        <control type="button" id="3">
                                <description>Sort by  button</description>
                                <posy>160</posy>
                                <label>103</label>
                                <onleft>50</onleft>
                                <onright>50</onright>
                                <onup>2</onup>
                                <ondown>99</ondown>
                        </control>
                        <control type="radiobutton" id="99">
                                <description>Library button</description>
                                <posy>200</posy>
                                <label>$LOCALIZE[14022] $LOCALIZE[456]</label>
                                <textureradiofocus>radiobutton-focus.png</textureradiofocus>
                                <textureradionofocus>radiobutton-nofocus.png</textureradionofocus>
                                <onclick>ReplaceWindow(MyVideoFiles)</onclick>
                                <onclick>SetFocus(99)</onclick>
                                <selected>Window.IsVisible(MyVideoLibrary)</selected>
                                <onleft>50</onleft>
                                <onright>50</onright>
                                <onup>3</onup>
                                <ondown>10</ondown>
                        </control>
                        <control type="button" id="10">
                                <description>Show Button</description>
                                <posy>240</posy>
                                <label>-</label>
                                <onleft>50</onleft>
                                <onright>50</onright>
                                <onup>99</onup>
                                <ondown>8</ondown>
                        </control>
                        <control type="button" id="8">
                                <description>Search</description>
                                <posy>280</posy>
                                <label>137</label>
                                <onleft>50</onleft>
                                <onright>50</onright>
                                <onup>10</onup>
                                <ondown>19</ondown>
                        </control>
                        <control type="radiobutton" id="19">
                                <description>Filter</description>
                                <posy>320</posy>
                                <label>587</label>
                                <textureradiofocus>radiobutton-focus.png</textureradiofocus>
                                <textureradionofocus>radiobutton-nofocus.png</textureradionofocus>
                                <onleft>50</onleft>
                                <onright>50</onright>
                                <onup>8</onup>
                                <ondown>17</ondown>
                        </control>
                        <control type="radiobutton" id="17">
                                <description>Flatten</description>
                                <posy>360</posy>
                                <label>20411</label>
                                <textureradiofocus>radiobutton-focus.png</textureradiofocus>
                                <textureradionofocus>radiobutton-nofocus.png</textureradionofocus>
                                <onleft>50</onleft>
                                <onright>50</onright>
                                <onup>19</onup>
                                <ondown>11</ondown>
                        </control>
                        <control type="radiobutton" id="11">
                                <description>Unlock Shares</description>
                                <posy>400</posy>
                                <label>20336</label>
                                <textureradiofocus>radiobutton-focus.png</textureradiofocus>
                                <textureradionofocus>radiobutton-nofocus.png</textureradionofocus>
                                <onleft>50</onleft>
                                <onright>50</onright>
                                <onup>17</onup>
                                <ondown>4</ondown>
                                <pulseonselect>no</pulseonselect>
                                <onclick>xbmc.mastermode</onclick>
                                <selected>system.ismaster</selected>
                                <visible>system.haslocks</visible>
                        </control>
                        <control type="label">
                                <posx>40</posx>
                                <posy>410</posy>
                                <label>$LOCALIZE[580]</label>
                        </control>
                        <control type="togglebutton" id="4">
                                <description>Sort asc</description>
                                <onleft>50</onleft>
                                <onright>50</onright>
                                <onup>11</onup>
                                <ondown>2</ondown>
                        </control>
                </control>
        </controls>
</window>