<window type="buttonMenu" id="114">
        <defaultcontrol always="true">403</defaultcontrol>
        <include>dialoganimation</include>
        <visible>Player.HasMedia + Window.IsActive(PlayerControls) + !Window.IsActive(FullscreenVideo)</visible>
        <coordinates>
                <system>1</system>
                <posx>65</posx>
                <posy>240</posy>
        </coordinates>
        <controls>
                <!--  Controles OSD Comunes !-->
                <control type="image">
                        <description>Fade black 1</description>
                        <posx>-65</posx>
                        <posy>-240</posy>
                        <width>720</width>
                        <height>576</height>
                        <texture>black.png</texture>
                        <animation effect="fade" time="200">WindowOpen</animation>
                </control>
                <control type="image">
                        <description>Fade black 2</description>
                        <posx>-65</posx>
                        <posy>-240</posy>
                        <width>720</width>
                        <height>576</height>
                        <texture>black-back.png</texture>
                        <animation effect="fade" time="200">WindowOpen</animation>
                </control>
                <control type="togglebutton" id="400">
                        <posx>0</posx>
                        <posy>20</posy>
                        <width>56</width>
                        <height>80</height>
                        <label>-</label>
                        <altlabel>-</altlabel>
                        <texturefocus>osd_button_rewFO.png</texturefocus>
                        <texturenofocus>osd_button_rew.png</texturenofocus>
                        <usealttexture>Player.Rewinding</usealttexture>
                        <alttexturefocus>osd_button_rewSELFO.png</alttexturefocus>
                        <alttexturenofocus>osd_button_rewSELNF.png</alttexturenofocus>
                        <onleft>421</onleft>
                        <onright>401</onright>
                        <onup>400</onup>
                        <ondown>400</ondown>
                        <onclick>XBMC.PlayerControl(Rewind)</onclick>
                </control>
                <control type="button" id="401">
                        <posx>65</posx>
                        <posy>20</posy>
                        <width>56</width>
                        <height>80</height>
                        <label>-</label>
                        <texturefocus>osd_button_skip_minusFO.png</texturefocus>
                        <texturenofocus>osd_button_skip_minus.png</texturenofocus>
                        <onleft>400</onleft>
                        <onright>402</onright>
                        <onup>401</onup>
                        <ondown>401</ondown>
                        <onclick>XBMC.PlayerControl(Previous)</onclick>
                </control>
                <control type="button" id="402">
                        <posx>130</posx>
                        <posy>20</posy>
                        <width>56</width>
                        <height>80</height>
                        <label>-</label>
                        <texturefocus>osd_button_stopFO.png</texturefocus>
                        <texturenofocus>osd_button_stop.png</texturenofocus>
                        <onleft>401</onleft>
                        <onright>403</onright>
                        <onup>402</onup>
                        <ondown>402</ondown>
                        <onclick>XBMC.PlayerControl(Stop)</onclick>
                </control>
                <control type="togglebutton" id="403">
                        <posx>195</posx>
                        <posy>20</posy>
                        <width>56</width>
                        <height>80</height>
                        <label>-</label>
                        <altlabel>-</altlabel>
                        <texturefocus>osd_button_playFO.png</texturefocus>
                        <texturenofocus>osd_button_play.png</texturenofocus>
                        <usealttexture>Player.Paused | Player.Forwarding | Player.Rewinding</usealttexture>
                        <alttexturefocus>osd_button_pauseFO.png</alttexturefocus>
                        <alttexturenofocus>osd_button_pauseNF.png</alttexturenofocus>
                        <onleft>402</onleft>
                        <onright>404</onright>
                        <onup>403</onup>
                        <ondown>403</ondown>
                        <onclick>XBMC.PlayerControl(Play)</onclick>
                </control>
                <control type="button" id="404">
                        <posx>260</posx>
                        <posy>20</posy>
                        <width>56</width>
                        <height>80</height>
                        <label>-</label>
                        <texturefocus>osd_button_skip_plusFO.png</texturefocus>
                        <texturenofocus>osd_button_skip_plus.png</texturenofocus>
                        <onleft>403</onleft>
                        <onright>405</onright>
                        <onup>404</onup>
                        <ondown>404</ondown>
                        <onclick>XBMC.PlayerControl(Next)</onclick>
                </control>
                <control type="togglebutton" id="405">
                        <posx>325</posx>
                        <posy>20</posy>
                        <width>56</width>
                        <height>80</height>
                        <label>-</label>
                        <altlabel>-</altlabel>
                        <texturefocus>osd_button_ffFO.png</texturefocus>
                        <texturenofocus>osd_button_ff.png</texturenofocus>
                        <usealttexture>Player.Forwarding</usealttexture>
                        <alttexturefocus>osd_button_ffSELFO.png</alttexturefocus>
                        <alttexturenofocus>osd_button_ffSELNF.png</alttexturenofocus>
                        <onleft>404</onleft>
                        <onright>406</onright>
                        <onup>405</onup>
                        <ondown>405</ondown>
                        <onclick>XBMC.PlayerControl(Forward)</onclick>
                </control>
                <control type="togglebutton" id="406">
                        <description>Mute or unmute</description>
                        <posx>390</posx>
                        <posy>20</posy>
                        <width>56</width>
                        <height>80</height>
                        <label>-</label>
                        <altlabel>-</altlabel>
                        <texturefocus>vol_nomute_focus.png</texturefocus>
                        <texturenofocus>vol_nomute.png</texturenofocus>
                        <usealttexture>Player.Muted</usealttexture>
                        <alttexturefocus>vol_mute_focus.png</alttexturefocus>
                        <alttexturenofocus>vol_mute.png</alttexturenofocus>
                        <onleft>405</onleft>
                        <onright>407</onright>
                        <onup>406</onup>
                        <ondown>406</ondown>
                        <onclick>XBMC.Mute</onclick>
                </control>
                <control type="button" id="407">
                        <description>Repeat</description>
                        <posx>455</posx>
                        <posy>20</posy>
                        <width>56</width>
                        <height>80</height>
                        <label>-</label>
                        <texturefocus>-</texturefocus>
                        <texturenofocus>-</texturenofocus>
                        <onleft>406</onleft>
                        <onright>408</onright>
                        <onup>407</onup>
                        <ondown>407</ondown>
                        <onclick>XBMC.PlayerControl(Repeat)</onclick>
                </control>
                <control type="image">
                        <posx>444</posx>
                        <posy>20</posy>
                        <width>80</width>
                        <height>80</height>
                        <texture>osd_button_repeat.png</texture>
                        <visible>!Playlist.IsRepeat + !Playlist.IsRepeatOne</visible>
                        <visible>!Control.HasFocus(407)</visible>
                        <aspectratio>keep</aspectratio>
                </control>
                <control type="image">
                        <posx>444</posx>
                        <posy>20</posy>
                        <width>80</width>
                        <height>80</height>
                        <texture>osd_button_repeatFO.png</texture>
                        <visible>!Playlist.IsRepeat + !Playlist.IsRepeatOne</visible>
                        <visible>Control.HasFocus(407)</visible>
                        <aspectratio>keep</aspectratio>
                </control>
                <control type="image">
                        <posx>444</posx>
                        <posy>20</posy>
                        <width>80</width>
                        <height>80</height>
                        <texture>osd_button_repeatone.png</texture>
                        <visible>Playlist.IsRepeatOne</visible>
                        <visible>!Control.HasFocus(407)</visible>
                        <aspectratio>keep</aspectratio>
                </control>
                <control type="image">
                        <posx>444</posx>
                        <posy>20</posy>
                        <width>80</width>
                        <height>80</height>
                        <texture>osd_button_repeatoneFO.png</texture>
                        <visible>Playlist.IsRepeatOne</visible>
                        <visible>Control.HasFocus(407)</visible>
                        <aspectratio>keep</aspectratio>
                </control>
                <control type="image">
                        <posx>444</posx>
                        <posy>20</posy>
                        <width>80</width>
                        <height>80</height>
                        <texture>osd_button_repeatall.png</texture>
                        <visible>Playlist.IsRepeat</visible>
                        <visible>!Control.HasFocus(407)</visible>
                        <aspectratio>keep</aspectratio>
                </control>
                <control type="image">
                        <posx>444</posx>
                        <posy>20</posy>
                        <width>80</width>
                        <height>80</height>
                        <texture>osd_button_repeatallFO.png</texture>
                        <visible>Playlist.IsRepeat</visible>
                        <visible>Control.HasFocus(407)</visible>
                        <aspectratio>keep</aspectratio>
                </control>
                <control type="togglebutton" id="408">
                        <description>Random</description>
                        <posx>520</posx>
                        <posy>20</posy>
                        <width>56</width>
                        <height>80</height>
                        <label>-</label>
                        <altlabel>-</altlabel>
                        <texturefocus>osd_button_randomFO.png</texturefocus>
                        <texturenofocus>osd_button_random.png</texturenofocus>
                        <usealttexture>Playlist.IsRandom</usealttexture>
                        <alttexturefocus>osd_button_randomSELFO.png</alttexturefocus>
                        <alttexturenofocus>osd_button_randomSELNF.png</alttexturenofocus>
                        <onleft>407</onleft>
                        <onright>420</onright>
                        <onup>408</onup>
                        <ondown>408</ondown>
                        <onclick>XBMC.PlayerControl(Random)</onclick>
                </control>
                <!--  Controles OSD espec�ficos Audio !-->
                <control type="group">
                        <visible>Player.HasAudio</visible>
                        <posy>110</posy>
                        <control type="button" id="420">
                                <description>Full Screen</description>
                                <posx>65</posx>
                                <posy>0</posy>
                                <width>56</width>
                                <height>80</height>
                                <label>-</label>
                                <texturefocus>osd_button_fsFO.png</texturefocus>
                                <texturenofocus>osd_button_fs.png</texturenofocus>
                                <onleft>408</onleft>
                                <onright>421</onright>
                                <onup>420</onup>
                                <ondown>420</ondown>
                                <onclick>Dialog.Close(114,true)</onclick>
                                <onclick>ActivateWindow(2006)</onclick>
                        </control>
                        <control type="button" id="421">
                                <description>Playlist buton</description>
                                <posx>130</posx>
                                <posy>0</posy>
                                <width>56</width>
                                <height>80</height>
                                <label>-</label>
                                <texturefocus>osd_button_playlistFO.png</texturefocus>
                                <texturenofocus>osd_button_playlist.png</texturenofocus>
                                <onleft>420</onleft>
                                <onright>400</onright>
                                <onup>421</onup>
                                <ondown>421</ondown>
                                <onclick>Dialog.Close(114,true)</onclick>
                                <onclick>ActivateWindow(500)</onclick>
                        </control>
                </control>
                <!--  Controles OSD espec�ficos Video !-->
                <control type="group">
                        <visible>Player.HasVideo</visible>
                        <posy>110</posy>
                        <control type="button" id="420">
                                <description>Full Screen</description>
                                <posx>65</posx>
                                <posy>0</posy>
                                <width>56</width>
                                <height>80</height>
                                <label>-</label>
                                <texturefocus>osd_button_fsFO.png</texturefocus>
                                <texturenofocus>osd_button_fs.png</texturenofocus>
                                <onleft>408</onleft>
                                <onright>421</onright>
                                <onup>420</onup>
                                <ondown>420</ondown>
                                <onclick>Dialog.Close(114,true)</onclick>
                                <onclick>FullScreen</onclick>
                        </control>
                        <control type="button" id="421">
                                <description>Playlist buton</description>
                                <posx>130</posx>
                                <posy>0</posy>
                                <width>56</width>
                                <height>80</height>
                                <label>-</label>
                                <texturefocus>osd_button_playlistFO.png</texturefocus>
                                <texturenofocus>osd_button_playlist.png</texturenofocus>
                                <onleft>420</onleft>
                                <onright>400</onright>
                                <onup>421</onup>
                                <ondown>421</ondown>
                                <onclick>Dialog.Close(114,true)</onclick>
                                <onclick>ActivateWindow(28)</onclick>
                        </control>
                </control>
        </controls>
</window>