<window id="7">
        <defaultcontrol>95</defaultcontrol>
        <allowoverlay>no</allowoverlay>
        <controls>
                <include>backgroundcustom</include>
                <control type="label" id="40">
                        <description>Settings Label</description>
                        <posx>40</posx>
                        <posy>30</posy>
                        <label>10007</label>
                        <font>font40</font>
                        <shadowcolor>80000000</shadowcolor>
                </control>
                <control type="image">
                        <posx>400</posx>
                        <posy>120</posy>
                        <width>320</width>
                        <height>320</height>
                        <texture>home-sysinfo.png</texture>
                        <colordiffuse>92FFFFFFF</colordiffuse>
                        <aspectratio>keep</aspectratio>
                </control>
                <!--  Buttons !-->
                <control type="grouplist" id="9000">
                        <posx>40</posx>
                        <posy>120</posy>
                        <itemgap>3</itemgap>
                        <onup>9000</onup>
                        <ondown>9000</ondown>
                        <control type="button" id="95">
                                <description>Button Default Values</description>
                                <texturefocus>button-focus.png</texturefocus>
                                <label>13278</label>
                        </control>
                        <control type="button" id="94">
                                <description>Button Storage</description>
                                <texturefocus>button-focus.png</texturefocus>
                                <label>13277</label>
                        </control>
                        <control type="button" id="92">
                                <description>Button HDD</description>
                                <texturefocus>button-focus.png</texturefocus>
                                <label>13275</label>
                                <visible>System.Platform.Xbox</visible>
                        </control>
                        <control type="button" id="93">
                                <description>Button DVD</description>
                                <label>13276</label>
                                <texturefocus>button-focus.png</texturefocus>
                                <visible>System.Platform.Xbox</visible>
                        </control>
                        <control type="button" id="96">
                                <description>Button Network</description>
                                <label>13279</label>
                                <texturefocus>button-focus.png</texturefocus>
                        </control>
                        <control type="button" id="97">
                                <description>Button Video</description>
                                <label>13280</label>
                                <texturefocus>button-focus.png</texturefocus>
                        </control>
                        <control type="button" id="98">
                                <description>Button Hardware</description>
                                <label>13281</label>
                                <texturefocus>button-focus.png</texturefocus>
                        </control>
                </control>
                <!--  Informations!-->
                <control type="group">
                        <!--  Section Private Infos !-->
                        <control type="image">
                                <description>Line</description>
                                <posx>225</posx>
                                <posy>455</posy>
                                <width>455</width>
                                <height>1</height>
                                <texture>divline.png</texture>
                                <aspectratio>strech</aspectratio>
                        </control>
                        <control type="label" id="50">
                                <description>TIME</description>
                                <posx>225</posx>
                                <posy>460</posy>
                                <label>143</label>
                                <width>455</width>
                                <include>textcoloralt</include>
                        </control>
                        <control type="label" id="52">
                                <description>XBMC XBE BUILD Version</description>
                                <posx>225</posx>
                                <posy>485</posy>
                                <label>144</label>
                                <width>455</width>
                                <font>font13</font>
                                <include>textcoloralt</include>
                        </control>
                        <control type="label" id="53">
                                <description>MPLAYER DLL Version</description>
                                <posx>225</posx>
                                <posy>510</posy>
                                <label>144</label>
                                <width>455</width>
                                <font>font13</font>
                                <include>textcoloralt</include>
                        </control>
                        <!--  Section Infos !-->
                        <control type="group">
                                <posx>225</posx>
                                <posy>120</posy>
                                <control type="label" id="2">
                                        <description>Label 2</description>
                                        <posx>0</posx>
                                        <posy>0</posy>
                                        <width>455</width>
                                        <label>-</label>
                                </control>
                                <control type="label" id="3">
                                        <description>Label 3</description>
                                        <posx>0</posx>
                                        <posy>25</posy>
                                        <width>455</width>
                                        <label>-</label>
                                </control>
                                <control type="label" id="4">
                                        <description>Label 4</description>
                                        <posx>0</posx>
                                        <posy>50</posy>
                                        <width>455</width>
                                        <label>-</label>
                                </control>
                                <control type="label" id="5">
                                        <description>Label 5</description>
                                        <posx>0</posx>
                                        <posy>75</posy>
                                        <width>455</width>
                                        <label>-</label>
                                </control>
                                <control type="label" id="6">
                                        <description>Label 6</description>
                                        <posx>0</posx>
                                        <posy>100</posy>
                                        <width>455</width>
                                        <label>-</label>
                                </control>
                                <control type="label" id="7">
                                        <description>Label 7</description>
                                        <posx>0</posx>
                                        <posy>125</posy>
                                        <width>455</width>
                                        <label>-</label>
                                </control>
                                <control type="label" id="8">
                                        <description>Label 8</description>
                                        <posx>0</posx>
                                        <posy>150</posy>
                                        <width>455</width>
                                        <label>-</label>
                                </control>
                                <control type="label" id="9">
                                        <description>Label 9</description>
                                        <posx>0</posx>
                                        <posy>175</posy>
                                        <width>455</width>
                                        <label>-</label>
                                </control>
                                <control type="label" id="10">
                                        <description>Label 10</description>
                                        <posx>0</posx>
                                        <posy>200</posy>
                                        <width>455</width>
                                        <label>-</label>
                                </control>
                                <control type="label" id="11">
                                        <description>Label 11</description>
                                        <posx>0</posx>
                                        <posy>225</posy>
                                        <width>455</width>
                                        <label>-</label>
                                </control>
                        </control>
                </control>
        </controls>
</window>