<window id="12">
        <defaultcontrol>2</defaultcontrol>
        <allowoverlay>no</allowoverlay>
        <controls>
                <include>backgroundcustom</include>
                <control type="label">
                        <description>Window title</description>
                        <posx>40</posx>
                        <posy>30</posy>
                        <label>5</label>
                        <font>font40</font>
                        <shadowcolor>80000000</shadowcolor>
                </control>
                <control type="label" id="2">
                        <description>Settings Label</description>
                        <posx>680</posx>
                        <posy>38</posy>
                        <label>-</label>
                        <align>right</align>
                        <font>font18</font>
                        <shadowcolor>80000000</shadowcolor>
                </control>
                <control type="grouplist" id="3">
                        <posx>40</posx>
                        <posy>120</posy>
                        <width>180</width>
                        <height>370</height>
                        <itemgap>3</itemgap>
                        <onleft>5</onleft>
                        <onright>5</onright>
                        <onup>3</onup>
                        <ondown>3</ondown>
                </control>
                <control type="grouplist" id="5">
                        <description>Control area</description>
                        <posx>225</posx>
                        <posy>120</posy>
                        <width>455</width>
                        <height>370</height>
                        <itemgap>2</itemgap>
                        <pagecontrol>-</pagecontrol>
                        <onleft>3</onleft>
                        <onright>3</onright>
                        <onup>5</onup>
                        <ondown>5</ondown>
                </control>
                <control type="button" id="7">
                        <description>Default Button</description>
                        <posx>530</posx>
                        <posy>150</posy>
                        <texturefocus>list-focus.png</texturefocus>
                        <texturenofocus>-</texturenofocus>
                        <textoffsetx>7</textoffsetx>
                        <height>30</height>
                </control>
                <control type="radiobutton" id="8">
                        <description>Default RadioButton</description>
                        <posx>530</posx>
                        <posy>150</posy>
                        <texturefocus>list-focus.png</texturefocus>
                        <texturenofocus>-</texturenofocus>
                        <textoffsetx>7</textoffsetx>
                        <height>30</height>
                </control>
                <control type="spincontrolex" id="9">
                        <description>Default SpinControlex</description>
                        <posx>530</posx>
                        <posy>150</posy>
                        <reverse>yes</reverse>
                        <height>30</height>
                </control>
                <control type="button" id="10">
                        <description>Default Category Button</description>
                        <posx>208</posx>
                        <posy>150</posy>
                        <label>224</label>
                        <textoffsetx>10</textoffsetx>
                </control>
                <control type="image" id="11">
                        <description>Separator</description>
                        <width>350</width>
                        <height>1</height>
                        <texture>divline2.png</texture>
                </control>
        </controls>
</window>