<window id="34">
        <defaultcontrol>2</defaultcontrol>
        <allowoverlay>yes</allowoverlay>
        <controls>
                <include>backgroundcustom</include>
                <control type="label">
                        <description>Window title</description>
                        <posx>40</posx>
                        <posy>30</posy>
                        <label>5</label>
                        <font>font40</font>
                        <shadowcolor>80000000</shadowcolor>
                </control>
                <control type="label" id="2">
                        <description>Settings Label</description>
                        <posx>680</posx>
                        <posy>38</posy>
                        <label>13200</label>
                        <align>right</align>
                        <font>font18</font>
                        <shadowcolor>80000000</shadowcolor>
                </control>
                <control type="label" id="3">
                        <description>Last loaded</description>
                        <posx>235</posx>
                        <posy>120</posy>
                        <label>$LOCALIZE[13204] $INFO[system.profilename]</label>
                        <font>font11</font>
                        <include>textcolorinfo</include>
                </control>
                <control type="radiobutton" id="4">
                        <description>Enable login screen</description>
                        <posy>120</posy>
                        <label>20096</label>
                        <onright>2</onright>
                        <onleft>2</onleft>
                        <onup>4</onup>
                        <ondown>4</ondown>
                </control>
                <control type="list" id="2">
                        <posx>235</posx>
                        <posy>150</posy>
                        <width>445</width>
                        <height>360</height>
                        <onleft>4</onleft>
                        <onright>2</onright>
                        <onup>2</onup>
                        <ondown>2</ondown>
                        <scrolltime>200</scrolltime>
                        <itemlayout height="90">
                                <control type="image">
                                        <width>445</width>
                                        <height>75</height>
                                        <posx>0</posx>
                                        <posy>0</posy>
                                        <texture>blue-rectangleNF.png</texture>
                                </control>
                                <control type="image">
                                        <posx>4</posx>
                                        <posy>5</posy>
                                        <width>66</width>
                                        <height>65</height>
                                        <texture>unknown-user.png</texture>
                                        <info>ListItem.Icon</info>
                                </control>
                                <control type="label">
                                        <posx>75</posx>
                                        <posy>10</posy>
                                        <width>325</width>
                                        <font>font14</font>
                                        <scroll>true</scroll>
                                        <info>ListItem.Label</info>
                                        <include>textcoloralt</include>
                                </control>
                                <control type="label">
                                        <posx>435</posx>
                                        <posy>50</posy>
                                        <width>350</width>
                                        <align>right</align>
                                        <info>ListItem.Label2</info>
                                        <include>textcoloralt</include>
                                </control>
                        </itemlayout>
                        <focusedlayout height="90">
                                <control type="image">
                                        <width>445</width>
                                        <height>75</height>
                                        <posx>0</posx>
                                        <posy>0</posy>
                                        <visible>Control.HasFocus(2)</visible>
                                        <texture>blue-rectangle.png</texture>
                                </control>
                                <control type="image">
                                        <width>445</width>
                                        <height>75</height>
                                        <posx>0</posx>
                                        <posy>0</posy>
                                        <visible>!Control.HasFocus(2)</visible>
                                        <texture>blue-rectangleNF.png</texture>
                                </control>
                                <control type="image">
                                        <posx>4</posx>
                                        <posy>5</posy>
                                        <width>66</width>
                                        <height>65</height>
                                        <texture>unknown-user.png</texture>
                                        <info>ListItem.Icon</info>
                                </control>
                                <control type="label">
                                        <posx>75</posx>
                                        <posy>10</posy>
                                        <width>325</width>
                                        <font>font14</font>
                                        <scroll>true</scroll>
                                        <info>ListItem.Label</info>
                                </control>
                                <control type="label">
                                        <posx>435</posx>
                                        <posy>50</posy>
                                        <width>350</width>
                                        <align>right</align>
                                        <info>ListItem.Label2</info>
                                        <include>textcolorinfo</include>
                                </control>
                        </focusedlayout>
                </control>
        </controls>
</window>