<window id="2007">
        <defaultcontrol>2</defaultcontrol>
        <controls>
                <control type="image" id="1">
                        <description>Fade black</description>
                        <posx>0</posx>
                        <posy>0</posy>
                        <width>720</width>
                        <height>576</height>
                        <texture>black.png</texture>
                        <visible>Player.ShowCodec</visible>
                        <animation effect="fade" time="200">VisibleChange</animation>
                </control>
                <control type="label" id="10">
                        <description>Row 1 label</description>
                        <posx>55</posx>
                        <posy>60</posy>
                        <label>-</label>
                        <visible>Player.ShowCodec</visible>
                </control>
                <control type="label" id="11">
                        <description>Row 2 label</description>
                        <posx>55</posx>
                        <posy>80</posy>
                        <label>-</label>
                        <visible>Player.ShowCodec</visible>
                </control>
                <control type="label" id="12">
                        <posx>55</posx>
                        <posy>100</posy>
                        <label>-</label>
                        <visible>Player.ShowCodec</visible>
                </control>
                <!--  Logos play!-->
                <include>logosplay</include>
        </controls>
</window>