<window id="129">
        <defaultcontrol always="true">22</defaultcontrol>
        <controls>
                <include>backgroundcustom</include>
                <control type="label">
                        <description>Window title</description>
                        <posx>40</posx>
                        <posy>30</posy>
                        <label>21432</label>
                        <font>font40</font>
                        <shadowcolor>80000000</shadowcolor>
                </control>
                <control type="image">
                        <posx>615</posx>
                        <posy>30</posy>
                        <width>65</width>
                        <height>65</height>
                        <texture>settings-nowplay-nofocus.png</texture>
                        <aspectratio>keep</aspectratio>
                </control>
                <control type="image">
                        <posx>40</posx>
                        <posy>130</posy>
                        <width>160</width>
                        <height>320</height>
                        <aspectratio aligny="top">keep</aspectratio>
                        <texture>defaultplaylist.png</texture>
                        <bordertexture border="5">folder-nofocus.png</bordertexture>
                        <bordersize>5</bordersize>
                </control>
                <control type="image">
                        <posx>225</posx>
                        <posy>183</posy>
                        <width>455</width>
                        <height>1</height>
                        <texture>divisor.png</texture>
                        <aspectratio>strech</aspectratio>
                </control>
                <control type="image">
                        <posx>225</posx>
                        <posy>470</posy>
                        <width>455</width>
                        <height>1</height>
                        <texture>divisor.png</texture>
                        <aspectratio>strech</aspectratio>
                </control>
                <control type="label" id="0">
                        <description>Name Label</description>
                        <posx>233</posx>
                        <posy>120</posy>
                        <label>21433</label>
                        <include>textcoloralt</include>
                </control>
                <control type="button" id="12">
                        <description>Name Button</description>
                        <posx>225</posx>
                        <posy>145</posy>
                        <width>455</width>
                        <height>35</height>
                        <texturefocus>list-focus.png</texturefocus>
                        <texturenofocus>-</texturenofocus>
                        <label>-</label>
                        <textoffsetx>8</textoffsetx>
                        <onup>9001</onup>
                        <onleft>12</onleft>
                        <onright>12</onright>
                        <ondown>22</ondown>
                        <font>font14</font>
                </control>
                <control type="spincontrolex" id="22">
                        <posx>225</posx>
                        <posy>185</posy>
                        <width>455</width>
                        <height>25</height>
                        <texturefocus>list-focus.png</texturefocus>
                        <texturenofocus>-</texturenofocus>
                        <label>467</label>
                        <onright>22</onright>
                        <onleft>22</onleft>
                        <onup>12</onup>
                        <ondown>10</ondown>
                </control>
                <control type="label">
                        <description>Rules Label</description>
                        <posx>233</posx>
                        <posy>210</posy>
                        <width>455</width>
                        <label>21434</label>
                        <include>textcoloralt</include>
                </control>
                <control type="list" id="10">
                        <description>Rules List Control</description>
                        <posx>225</posx>
                        <posy>235</posy>
                        <width>325</width>
                        <height>125</height>
                        <onup>22</onup>
                        <onleft>9000</onleft>
                        <onright>9000</onright>
                        <ondown>16</ondown>
                        <pagecontrol>-</pagecontrol>
                        <scrolltime>200</scrolltime>
                        <itemlayout height="25">
                                <control type="image">
                                        <posx>0</posx>
                                        <posy>0</posy>
                                        <width>325</width>
                                        <height>23</height>
                                        <texture>list-small-nofocus.png</texture>
                                </control>
                                <control type="label">
                                        <posx>8</posx>
                                        <posy>0</posy>
                                        <width>325</width>
                                        <info>ListItem.Label</info>
                                </control>
                        </itemlayout>
                        <focusedlayout height="25">
                                <control type="image">
                                        <posx>0</posx>
                                        <posy>0</posy>
                                        <width>325</width>
                                        <height>23</height>
                                        <texture>list-small-nofocus.png</texture>
                                        <visible>!Control.HasFocus(10)</visible>
                                </control>
                                <control type="image">
                                        <posx>0</posx>
                                        <posy>0</posy>
                                        <width>325</width>
                                        <height>23</height>
                                        <texture>list-big-focus.png</texture>
                                        <visible>Control.HasFocus(10)</visible>
                                </control>
                                <control type="label">
                                        <posx>8</posx>
                                        <posy>0</posy>
                                        <width>325</width>
                                        <info>ListItem.Label</info>
                                </control>
                        </focusedlayout>
                </control>
                <control type="group" id="9000">
                        <control type="button" id="13">
                                <description>Add Rule Button</description>
                                <posx>560</posx>
                                <posy>235</posy>
                                <label>15019</label>
                                <width>120</width>
                                <textoffsetx>8</textoffsetx>
                                <align>center</align>
                                <onup>17</onup>
                                <onleft>10</onleft>
                                <onright>10</onright>
                                <ondown>14</ondown>
                        </control>
                        <control type="button" id="14">
                                <description>Remove Rule Button</description>
                                <posx>560</posx>
                                <posy>275</posy>
                                <label>1210</label>
                                <width>120</width>
                                <textoffsetx>8</textoffsetx>
                                <align>center</align>
                                <onup>13</onup>
                                <onleft>10</onleft>
                                <onright>10</onright>
                                <ondown>15</ondown>
                        </control>
                        <control type="button" id="15">
                                <description>Edit Rule Button</description>
                                <posx>560</posx>
                                <posy>315</posy>
                                <label>21435</label>
                                <width>120</width>
                                <textoffsetx>8</textoffsetx>
                                <align>center</align>
                                <onup>14</onup>
                                <onleft>10</onleft>
                                <onright>10</onright>
                                <ondown>16</ondown>
                        </control>
                </control>
                <control type="spincontrolex" id="16">
                        <posx>225</posx>
                        <posy>370</posy>
                        <width>455</width>
                        <height>25</height>
                        <texturefocus>list-focus.png</texturefocus>
                        <texturenofocus>-</texturenofocus>
                        <label>21424</label>
                        <onright>16</onright>
                        <onleft>16</onleft>
                        <onup>10</onup>
                        <ondown>17</ondown>
                </control>
                <control type="spincontrolex" id="17">
                        <posx>225</posx>
                        <posy>400</posy>
                        <width>325</width>
                        <height>25</height>
                        <texturefocus>list-focus.png</texturefocus>
                        <texturenofocus>-</texturenofocus>
                        <label>21427</label>
                        <onright>17</onright>
                        <onleft>17</onleft>
                        <onup>16</onup>
                        <ondown>18</ondown>
                </control>
                <control type="spincontrolex" id="18">
                        <posx>225</posx>
                        <posy>430</posy>
                        <width>325</width>
                        <height>25</height>
                        <texturefocus>list-focus.png</texturefocus>
                        <texturenofocus>-</texturenofocus>
                        <label>21429</label>
                        <onright>19</onright>
                        <onleft>19</onleft>
                        <onup>17</onup>
                        <ondown>9001</ondown>
                </control>
                <control type="togglebutton" id="19">
                        <posx>560</posx>
                        <posy>425</posy>
                        <width>120</width>
                        <textoffsetx>8</textoffsetx>
                        <align>center</align>
                        <label>21431</label>
                        <altlabel>21430</altlabel>
                        <onright>18</onright>
                        <onleft>18</onleft>
                        <onup>17</onup>
                        <ondown>9001</ondown>
                </control>
                <control type="group" id="9001">
                        <control type="button" id="20">
                                <description>OK Button</description>
                                <posx>430</posx>
                                <posy>480</posy>
                                <label>186</label>
                                <width>120</width>
                                <textoffsetx>8</textoffsetx>
                                <align>center</align>
                                <onup>18</onup>
                                <onleft>21</onleft>
                                <onright>21</onright>
                                <ondown>12</ondown>
                        </control>
                        <control type="button" id="21">
                                <description>Cancel Button</description>
                                <posx>560</posx>
                                <posy>480</posy>
                                <label>222</label>
                                <width>120</width>
                                <textoffsetx>8</textoffsetx>
                                <align>center</align>
                                <onup>18</onup>
                                <onleft>20</onleft>
                                <onright>20</onright>
                                <ondown>12</ondown>
                        </control>
                </control>
        </controls>
</window>