<window id="129">
        <defaultcontrol>15</defaultcontrol>
        <coordinates>
                <system>1</system>
                <posx>145</posx>
                <posy>150</posy>
        </coordinates>
        <include>dialoganimation</include>
        <controls>
                <control type="image">
                        <description>Dialog background</description>
                        <posx>0</posx>
                        <posy>0</posy>
                        <width>435</width>
                        <height>242</height>
                        <texture>dialog-popup.png</texture>
                </control>
                <control type="label">
                        <description>Heading label</description>
                        <posx>40</posx>
                        <posy>20</posy>
                        <label>21421</label>
                        <width>360</width>
                        <font>font14</font>
                        <include>textcolortitle</include>
                </control>
                <control type="label">
                        <description>Rule match label</description>
                        <posx>40</posx>
                        <posy>50</posy>
                        <label>21422</label>
                        <width>360</width>
                        <include>textcolorinfo</include>
                </control>
                <control type="group" id="9001">
                        <control type="spincontrolex" id="15">
                                <description>Rule Field</description>
                                <posx>40</posx>
                                <posy>75</posy>
                                <width>230</width>
                                <height>25</height>
                                <texturefocus>list-focus.png</texturefocus>
                                <texturenofocus>-</texturenofocus>
                                <onright>16</onright>
                                <onleft>16</onleft>
                                <onup>9000</onup>
                                <ondown>17</ondown>
                        </control>
                        <control type="spincontrolex" id="16">
                                <description>Rule operator</description>
                                <posx>270</posx>
                                <posy>75</posy>
                                <width>140</width>
                                <height>25</height>
                                <texturefocus>list-focus.png</texturefocus>
                                <texturenofocus>-</texturenofocus>
                                <onright>15</onright>
                                <onleft>15</onleft>
                                <onup>9000</onup>
                                <ondown>17</ondown>
                        </control>
                </control>
                <control type="button" id="17">
                        <description>Value Button</description>
                        <posx>40</posx>
                        <posy>110</posy>
                        <width>230</width>
                        <height>25</height>
                        <texturefocus>list-focus.png</texturefocus>
                        <texturenofocus>-</texturenofocus>
                        <label>-</label>
                        <textoffsetx>8</textoffsetx>
                        <onup>9001</onup>
                        <onleft>20</onleft>
                        <onright>20</onright>
                        <ondown>9000</ondown>
                </control>
                <control type="button" id="20">
                        <description>Browse Button</description>
                        <posx>320</posx>
                        <posy>105</posy>
                        <width>80</width>
                        <texturefocus>button-focus-dialog.png</texturefocus>
                        <texturenofocus>button-nofocus-dialog.png</texturenofocus>
                        <label>1024</label>
                        <align>center</align>
                        <onup>9001</onup>
                        <onleft>17</onleft>
                        <onright>17</onright>
                        <ondown>9000</ondown>
                </control>
                <control type="group" id="9000">
                        <control type="button" id="18">
                                <description>Ok Button</description>
                                <posx>125</posx>
                                <posy>165</posy>
                                <width>80</width>
                                <texturefocus>button-focus-dialog.png</texturefocus>
                                <texturenofocus>button-nofocus-dialog.png</texturenofocus>
                                <label>186</label>
                                <align>center</align>
                                <onup>17</onup>
                                <onleft>19</onleft>
                                <onright>19</onright>
                                <ondown>9001</ondown>
                        </control>
                        <control type="button" id="19">
                                <description>Cancel Button</description>
                                <posx>235</posx>
                                <posy>165</posy>
                                <width>80</width>
                                <texturefocus>button-focus-dialog.png</texturefocus>
                                <texturenofocus>button-nofocus-dialog.png</texturenofocus>
                                <label>222</label>
                                <align>center</align>
                                <onup>17</onup>
                                <onleft>18</onleft>
                                <onright>19</onright>
                                <ondown>9001</ondown>
                        </control>
                </control>
        </controls>
</window>