<window id="125">
        <defaultcontrol>2</defaultcontrol>
        <include>dialoganimation</include>
        <coordinates>
                <system>1</system>
                <posx>150</posx>
                <posy>50</posy>
        </coordinates>
        <controls>
                <control type="image">
                        <description>Background Image</description>
                        <posx>0</posx>
                        <posy>25</posy>
                        <width>420</width>
                        <height>326</height>
                        <texture>panel_osd.png</texture>
                </control>
                <control type="image">
                        <posx>0</posx>
                        <posy>-5</posy>
                        <width>420</width>
                        <height>31</height>
                        <texture>panel_osd_top.png</texture>
                </control>
                <control type="label">
                        <posx>0</posx>
                        <posy>2</posy>
                        <width>420</width>
                        <align>center</align>
                        <label>13398</label>
                </control>
                <control type="button" id="2">
                        <description>Create Bookmark button</description>
                        <posx>45</posx>
                        <posy>40</posy>
                        <label>294</label>
                        <textoffsetx>0</textoffsetx>
                        <align>center</align>
                        <onleft>3</onleft>
                        <onright>3</onright>
                        <ondown>11</ondown>
                        <onup>11</onup>
                </control>
                <control type="button" id="3">
                        <description>Clear Bookmarks button</description>
                        <posx>215</posx>
                        <posy>40</posy>
                        <label>296</label>
                        <textoffsetx>0</textoffsetx>
                        <align>center</align>
                        <onleft>2</onleft>
                        <onright>2</onright>
                        <ondown>11</ondown>
                        <onup>11</onup>
                </control>
                <control type="fixedlist" id="11">
                        <posx>15</posx>
                        <posy>120</posy>
                        <width>400</width>
                        <height>300</height>
                        <onleft>11</onleft>
                        <onright>11</onright>
                        <ondown>2</ondown>
                        <onup>2</onup>
                        <scrolltime>200</scrolltime>
                        <viewtype label="WrapList">wraplist</viewtype>
                        <pagecontrol>-</pagecontrol>
                        <orientation>horizontal</orientation>
                        <focusposition>1</focusposition>
                        <itemlayout width="130" height="200">
                                <control type="image">
                                        <posx>0</posx>
                                        <posy>0</posy>
                                        <width>125</width>
                                        <height>125</height>
                                        <info>Listitem.Thumb</info>
                                        <aspectratio align="right" aligny="bottom">keep</aspectratio>
                                </control>
                                <control type="label">
                                        <posx>60</posx>
                                        <posy>135</posy>
                                        <width>130</width>
                                        <align>center</align>
                                        <info>ListItem.Label</info>
                                        <include>textcoloralt</include>
                                </control>
                        </itemlayout>
                        <focusedlayout width="130" height="200">
                                <control type="image">
                                        <posx>0</posx>
                                        <posy>0</posy>
                                        <width>125</width>
                                        <height>125</height>
                                        <aspectratio align="right" aligny="bottom">keep</aspectratio>
                                        <texture>$INFO[Listitem.Thumb]</texture>
                                        <bordertexture border="13">postershadow.png</bordertexture>
                                        <bordersize>13</bordersize>
                                        <animation reversible="false" effect="zoom" start="50,50" end="160,160" center="62,62" time="150">Focus</animation>
                                </control>
                                <control type="label">
                                        <posx>60</posx>
                                        <posy>150</posy>
                                        <width>130</width>
                                        <align>center</align>
                                        <info>ListItem.Label</info>
                                        <font>font14</font>
                                </control>
                        </focusedlayout>
                </control>
        </controls>
</window>