﻿<includes>
  <include name="VideoFlaggingConditions">
    		<control type="image">
			<description>Bluray Image</description>
			<width>90</width>
			<height>35</height>
			<aspectratio>keep</aspectratio>
			<texture>flagging/video/bluray.png</texture>
			<visible>substring(ListItem.filename,bluray) | substring(ListItem.filename,blu-ray) | substring(ListItem.filename,brrip)</visible>
		</control>
		<control type="image">
			<description>HDDVD Image</description>
			<width>90</width>
			<height>40</height>
			<aspectratio>keep</aspectratio>
			<texture>flagging/video/hddvd.png</texture>
			<visible>substring(ListItem.filename,hddvd) | substring(ListItem.filename,hd-dvd)</visible>
		</control>
    		<control type="image">
			<description>DVD Image</description>
			<width>90</width>
			<height>33</height>
			<aspectratio>keep</aspectratio>
			<texture>flagging/video/dvd.png</texture>
			<visible>substring(ListItem.filename,sddvd)</visible>
		</control>
		<control type="image">
			<description>HDTV Image</description>
			<width>90</width>
			<height>33</height>
			<aspectratio>keep</aspectratio>
			<texture>flagging/video/hdtv.png</texture>
			<visible>substring(ListItem.filename,hdtv)</visible>
		</control>
		<control type="image">
			<description>DVDRIP Image</description>
			<width>90</width>
			<height>33</height>
			<aspectratio>keep</aspectratio>
			<texture>flagging/video/dvdrip.png</texture>
			<visible>substring(ListItem.filename,dvdrip)</visible>
		</control>
	 	<control type="image">
			<description>DVDR5 Image</description>
			<width>90</width>
			<height>33</height>
			<aspectratio>keep</aspectratio>
			<texture>flagging/video/dvdr5.png</texture>
			<visible>substring(ListItem.filename,dvdr5) | substring(ListItem.filename,.r5)</visible>
		</control>
		<control type="image">
			<description>DVD SCREENER Image</description>
			<width>90</width>
			<height>33</height>
			<aspectratio>keep</aspectratio>
			<texture>flagging/video/dvdscreener.png</texture>
			<visible>substring(ListItem.filename,dvdscreener) | substring(ListItem.filename,dvdscr) | substring(ListItem.filename,.screener)</visible>
		</control>
		<control type="image">
			<description>TELESYNC Image</description>
			<width>90</width>
			<height>33</height>
			<aspectratio>keep</aspectratio>
			<texture>flagging/video/telesync.png</texture>
			<visible>substring(ListItem.filename,telesync) | substring(ListItem.filename,.ts.)</visible>
		</control>
		<control type="image">
			<description>CAM Image</description>
			<width>90</width>
			<height>33</height>
			<aspectratio>keep</aspectratio>
			<texture>flagging/video/cam.png</texture>
			<visible>substring(ListItem.filename,.CAM)</visible>
		</control>
		<control type="image">
			<description>Video rez Image</description>
			<width>90</width>
			<height>33</height>
			<aspectratio>keep</aspectratio>
			<texture>$INFO[ListItem.VideoResolution,flagging/video/,.png]</texture>
		</control>
		<control type="image">
			<description>Xvid Codec Image</description>
			<width>90</width>
			<height>33</height>
			<aspectratio>keep</aspectratio>
			<texture>flagging/video/xvid.png</texture>
			<visible>substring(ListItem.VideoCodec,xvid)</visible>
		</control>
		<control type="image">
			<description>Divx Codec Image</description>
			<width>90</width>
			<height>33</height>
			<aspectratio>keep</aspectratio>
			<texture>flagging/video/divx.png</texture>
			<visible>substring(ListItem.VideoCodec,divx) | substring(ListItem.VideoCodec,div3) |substring(ListItem.VideoCodec,div4) | substring(ListItem.VideoCodec,div5)</visible>
		</control>
		<control type="image">
			<description>h264 Codec Image</description>
			<width>90</width>
			<height>33</height>
			<aspectratio>keep</aspectratio>
			<texture>flagging/video/h264.png</texture>
			<visible>substring(ListItem.VideoCodec,h264)</visible>
		</control>
		<control type="image">
			<description>avc1 Codec Image</description>
			<width>90</width>
			<height>33</height>
			<aspectratio>keep</aspectratio>
			<texture>flagging/video/avc1.png</texture>
			<visible>substring(ListItem.VideoCodec,avc1)</visible>
		</control>
		<control type="image">
			<description>wvc1 Codec Image</description>
			<width>90</width>
			<height>33</height>
			<aspectratio>keep</aspectratio>
			<texture>flagging/video/wvc1.png</texture>
			<visible>substring(ListItem.VideoCodec,wvc1)</visible>
		</control>
		<control type="image">
			<description>mpeg1video Codec Image</description>
			<width>90</width>
			<height>33</height>
			<aspectratio>keep</aspectratio>
			<texture>flagging/video/mpeg1video.png</texture>
			<visible>substring(ListItem.VideoCodec,mpeg1video)</visible>
		</control>
		<control type="image">
			<description>mpeg2video Codec Image</description>
			<width>90</width>
			<height>33</height>
			<aspectratio>keep</aspectratio>
			<texture>flagging/video/mpeg2video.png</texture>
			<visible>substring(ListItem.VideoCodec,mpeg2video)</visible>
		</control>
		<control type="image">
			<description>Aspectratio Image</description>
			<width>70</width>
			<height>33</height>
			<aspectratio>keep</aspectratio>
			<texture>$INFO[ListItem.VideoAspect,flagging/aspectratio/,.png]</texture>
		</control>
 </include>
  <include name="AudioFlaggingConditions">
    <control type="image">
			<description>mp3 Codec Image</description>
			<width>90</width>
			<height>33</height>
			<aspectratio>keep</aspectratio>
			<texture>flagging/audio/mp3.png</texture>
			<visible>substring(ListItem.AudioCodec,mp3)</visible>
		</control>
		<control type="image">
			<description>dts Codec Image</description>
			<width>90</width>
			<height>33</height>
			<aspectratio>keep</aspectratio>
			<texture>flagging/audio/dts.png</texture>
			<visible>substring(ListItem.AudioCodec,dca)</visible>
		</control>
		<control type="image">
			<description>aac Image</description>
			<width>90</width>
			<height>33</height>
			<aspectratio>keep</aspectratio>
			<texture>flagging/audio/aac.png</texture>
			<visible>substring(ListItem.AudioCodec,aac)</visible>
		</control>
		<control type="image">
			<description>Dolby Digital/AC3 Image</description>
			<width>90</width>
			<height>33</height>
			<aspectratio>keep</aspectratio>
			<texture>flagging/audio/dolbydigital.png</texture>
			<visible>substring(ListItem.AudioCodec,ac3)</visible>
		</control>
		<control type="image">
			<description>WMA Pro Codec Image</description>
			<width>90</width>
			<height>33</height>
			<aspectratio>keep</aspectratio>
			<texture>flagging/audio/wmapro.png</texture>
			<visible>substring(ListItem.AudioCodec,wmapro)</visible>
		</control>
		<control type="image">
			<description>FLAC Codec Image</description>
			<width>90</width>
			<height>33</height>
			<aspectratio>keep</aspectratio>
			<texture>flagging/audio/flac.png</texture>
			<visible>substring(ListItem.AudioCodec,flac)</visible>
		</control>
		<control type="image">
			<description>Audio Channels Image</description>
			<width>70</width>
			<height>33</height>
			<aspectratio>keep</aspectratio>
			<texture>$INFO[ListItem.AudioChannels,flagging/audio/,.png]</texture>
		</control>
  </include>
</includes>
