<window id="121">
	<defaultcontrol>5</defaultcontrol>
	<coordinates>
		<system>1</system>
		<posx>680</posx>
		<posy>0</posy>
	</coordinates>
	<controls>
		<control type="group">
			<animation effect="slide" start="600,0" end="0,0" time="400" tween="quadratic" easing="out" condition="!Player.ShowCodec">WindowOpen</animation>
			<animation effect="slide" start="600,0" end="0,0" time="400" delay="400" tween="quadratic" easing="out" condition="Player.ShowCodec">WindowOpen</animation>
			<animation effect="slide" start="0,0" end="600,0" time="400" tween="quadratic" easing="out">WindowClose</animation>
			<control type="image">
				<description>media info background image</description>
				<posx>0</posx>
				<posy>0</posy>
				<width>600</width>
				<height>720</height>
				<texture border="20,0,0,0" flipx="true">VisOsdPanel.png</texture>
			</control>
			<control type="label">
				<description>header label</description>
				<posx>580</posx>
				<posy>60</posy>
				<width>550</width>
				<height>30</height>
				<font>font30caps_title</font>
				<label>$LOCALIZE[250] - $LOCALIZE[5]</label>
				<align>right</align>
				<aligny>center</aligny>
				<textcolor>white</textcolor>
				<shadowcolor>black</shadowcolor>
			</control>
			<control type="label">
				<description>header label2</description>
				<posx>30</posx>
				<posy>120</posy>
				<width>550</width>
				<height>30</height>
				<font>font13caps_title</font>
				<label>$LOCALIZE[31050][CR]$INFO[Visualisation.Name]</label>
				<align>left</align>
				<aligny>center</aligny>
				<textcolor>white</textcolor>
				<shadowcolor>black</shadowcolor>
			</control>
			<control type="label" id="3">
				<description>No Settings Label</description>
				<posx>20</posx>
				<posy>180</posy>
				<width>550</width>
				<align>center</align>
				<label>13390</label>
				<font>font13caps</font>
			</control>
			<control type="grouplist" id="5">
				<description>control area</description>
				<posx>30</posx>
				<posy>180</posy>
				<width>550</width>
				<height>500</height>
				<itemgap>-1</itemgap>
				<pagecontrol>60</pagecontrol>
				<onleft>5</onleft>
				<onright>5</onright>
				<onup>5</onup>
				<ondown>5</ondown>
			</control>
			<control type="button" id="7">
				<description>Default Button</description>
				<posx>0</posx>
				<posy>0</posy>
				<height>40</height>
				<font>font13</font>
				<textcolor>grey2</textcolor>
				<focusedcolor>white</focusedcolor>
				<texturefocus>MenuItemFO.png</texturefocus>
				<texturenofocus>MenuItemNF.png</texturenofocus>
			</control>
			<control type="radiobutton" id="8">
				<description>Default RadioButton</description>
				<posx>0</posx>
				<posy>0</posy>
				<height>40</height>
				<font>font13</font>
				<textcolor>grey2</textcolor>
				<focusedcolor>white</focusedcolor>
				<texturefocus>MenuItemFO.png</texturefocus>
				<texturenofocus>MenuItemNF.png</texturenofocus>
			</control>
			<control type="spincontrolex" id="9">
				<description>Default SpinControlex</description>
				<posx>0</posx>
				<posy>0</posy>
				<height>40</height>
				<font>font13</font>
				<textcolor>grey2</textcolor>
				<focusedcolor>white</focusedcolor>
				<texturefocus>MenuItemFO.png</texturefocus>
				<texturenofocus>MenuItemNF.png</texturenofocus>
				<aligny>center</aligny>
				<reverse>yes</reverse>
			</control>
		</control>
	</controls>
</window>