<window id="500">
	<defaultcontrol always="true">50</defaultcontrol>
	<allowoverlay>no</allowoverlay>
	<views>50,506,520</views>
	<controls>
		<include>CommonMusicBackground</include>
		<control type="group">
			<include>Window_OpenClose_Animation</include>		
			<control type="image">
				<posx>50</posx>
				<posy>60</posy>
				<width>1180</width>
				<height>600</height>
				<texture border="20">ContentPanel.png</texture>
				<include>VisibleFadeEffect</include>
				<visible>Control.IsVisible(50)</visible>
			</control>
			<control type="image">
				<posx>500r</posx>
				<posy>0</posy>
				<width>500</width>
				<height>720</height>
				<texture border="15,0,0,0" flipx="true">MediaBladeSub.png</texture>
				<visible>Control.IsVisible(520)</visible>
			</control>
			<control type="image">
				<posx>0</posx>
				<posy>-5</posy>
				<width>1280</width>
				<height>725</height>
				<texture border="0.5.0.0">ContentPanel4.png</texture>
				<include>VisibleFadeEffect</include>
				<visible>Control.IsVisible(506)</visible>
			</control>
		</control>
		<control type="group">
			<include>Window_OpenClose_Animation</include>		
			<include>CommonRootView</include> <!-- view id = 50 -->
			<include>MusicInfoListView</include> <!-- view id = 506 -->
			<include>MusicPlaylistBigListView</include> <!-- view id = 520 -->
		</control>
		<include>BehindDialogFadeOut</include>
		<include>ScrollOffsetLabel</include>
		<control type="group">
			<animation effect="slide" start="0,0" end="250,0" time="400" tween="quadratic" easing="out" condition="ControlGroup(9000).HasFocus | [Control.IsVisible(520) + !Window.IsActive(SongInformation)]">Conditional</animation>
			<animation effect="slide" start="0,0" end="-250,0" time="400" tween="quadratic" easing="out" condition="ControlGroup(9000).HasFocus | Control.IsVisible(520)">WindowClose</animation>
			<animation effect="slide" start="-250,0" end="0,0" time="400" tween="quadratic" easing="out" condition="Control.IsVisible(520)">WindowOpen</animation>
			<control type="image">
				<posx>-820</posx>
				<posy>0</posy>
				<width>846</width>
				<height>720</height>
				<texture>HomeBlade.png</texture>
			</control>
			<control type="image">
				<posx>-120</posx>
				<posy>70</posy>
				<width>120</width>
				<height>50</height>
				<texture>MediaStreamLogo.png</texture>
			</control>
			<control type="group" id="9000">
				<posx>-250</posx>
				<posy>130</posy>
				<include>CommonNowPlaying</include>
				<control type="button" id="2">
					<description>View As button</description>
					<posx>0</posx>
					<posy>0</posy>
					<include>ButtonCommonValues</include>
					<label>-</label>
					<onleft>50</onleft>
					<onright>50</onright>
					<onup>611</onup>
					<ondown>20</ondown>
				</control>
				<control type="radiobutton" id="20">
					<description>Shuffle button</description>
					<posx>0</posx>
					<posy>40</posy>
					<include>ButtonCommonValues</include>
					<label>191</label>
					<onleft>50</onleft>
					<onright>50</onright>
					<onup>2</onup>
					<ondown>26</ondown>
				</control>
				<control type="button" id="26">
					<description>Repeat button</description>
					<posx>0</posx>
					<posy>80</posy>
					<include>ButtonCommonValues</include>
					<label>-</label>
					<onleft>50</onleft>
					<onright>50</onright>
					<onup>20</onup>
					<ondown>21</ondown>
				</control>
				<control type="button" id="21">
					<description>Save button</description>
					<posx>0</posx>
					<posy>120</posy>
					<label>190</label>
					<include>ButtonCommonValues</include>
					<onleft>50</onleft>
					<onright>50</onright>
					<onup>26</onup>
					<ondown>22</ondown>
				</control>
				<control type="button" id="22">
					<description>Clear button</description>
					<posx>0</posx>
					<posy>160</posy>
					<label>192</label>
					<onclick>ReplaceWindow(music)</onclick>
					<include>ButtonCommonValues</include>
					<onleft>50</onleft>
					<onright>50</onright>
					<onup>21</onup>
					<ondown>610</ondown>
				</control>
				<control type="button" id="610">
					<description>Fake Button to fix Player Controls Navigation</description>
					<onup>22</onup>
					<ondown>603</ondown>
					<visible>false</visible>
				</control>
				<control type="group">
					<posx>0</posx>
					<posy>260</posy>
					<include>CommonNowPlaying_Controls</include>
				</control>
				<control type="button" id="611">
					<description>Fake Button to fix Player Controls Navigation</description>
					<onup>608</onup>
					<ondown>2</ondown>
					<visible>false</visible>
				</control>
			</control>
		</control>
		<control type="image">
			<posx>26r</posx>
			<posy>0</posy>
			<width>846</width>
			<height>720</height>
			<texture flipx="true">HomeBlade.png</texture>
		</control>
		<control type="group">
			<posx>20</posx>
			<posy>5</posy>
			<animation effect="slide" end="-270,0" time="400" tween="quadratic" easing="out">WindowClose</animation>
			<animation effect="slide" start="-270,0" time="400" tween="quadratic" easing="out">WindowOpen</animation>
			<control type="image">
				<posx>0</posx>
				<posy>0</posy>
				<width>250</width>
				<height>35</height>
				<texture border="0,0,20,0">TitleBG.png</texture>
			</control>
			<control type="label">
				<include>WindowTitleCommons</include>
				<posx>220</posx>
				<label>$LOCALIZE[10517]</label>
			</control>
		</control>
		<include>Clock</include>
	</controls>
</window>
