<window>
	<defaultcontrol>3000</defaultcontrol>
	<allowoverlay>no</allowoverlay>
	<coordinates>
		<system>1</system>
		<posx>0</posx>
		<posy>10</posy>
	</coordinates>
	<include>dialogeffect</include>
	<controls>
		<control type="image">
			<posx>20</posx>
			<posy>20</posy>
			<width>1240</width>
			<height>660</height>
			<texture border="40">DialogBack.png</texture>
		</control>
		<control type="group">
			<control type="label" id="20">
				<description>Title label</description>
				<visible>false</visible>
			</control>
		<!-- ** Required ** Do not change id or type -->
			<control type="label" id="30">
				<description>Category Label</description>
				<posx>50</posx>
				<posy>75</posy>
				<width>600</width>
				<height>20</height>
				<align>left</align>
				<aligny>center</aligny>
				<textcolor>white</textcolor>
				<shadowcolor>black</shadowcolor>
				<font>font13</font>
				<visible>false</visible>
			</control>
			<!-- ** Required ** Do not change id or type -->
			<control type="group" id="3000">
				<control type="group">
					<posx>50</posx>
					<posy>45</posy>
					<control type="image">
						<description>background image</description>
						<posx>0</posx>
						<posy>0</posy>
						<width>360</width>
						<height>35</height>
						<texture border="5">button-focus.png</texture>
						<visible>Control.HasFocus(102)</visible>
					</control>
					<control type="checkmark" id="102">
						<description>Genre</description>
						<posx>5</posx>
						<posy>5</posy>
						<width>350</width>
						<height>24</height>
						<align>right</align>
						<label />
						<font>font13caps_title</font>
						<textcolor>white</textcolor>
						<texturecheckmark>radiobutton-focus.png</texturecheckmark>
						<texturecheckmarknofocus>radiobutton-nofocus.png</texturecheckmarknofocus>
						<markwidth>24</markwidth>
						<markheight>24</markheight>
						<onleft>2000</onleft>
						<onright>112</onright>
						<onup>100</onup>
						<ondown>100</ondown>
					</control>
					<control type="list" id="100">
						<posx>0</posx>
						<posy>45</posy>
						<width>360</width>
						<height>160</height>
						<onleft>122</onleft>
						<onright>101</onright>
						<onup>100</onup>
						<ondown>100</ondown>
						<viewtype label="535">list</viewtype>
						<pagecontrol>101</pagecontrol>
						<scrolltime>200</scrolltime>
						<itemlayout height="40">
							<control type="image">
								<posx>0</posx>
								<posy>1</posy>
								<width>360</width>
								<height>41</height>
								<texture>MenuItemNF.png</texture>
							</control>
							<control type="label">
								<posx>5</posx>
								<posy>0</posy>
								<width>350</width>
								<height>40</height>
								<font>font12</font>
								<aligny>center</aligny>
								<textcolor>white</textcolor>
								<selectedcolor>selected</selectedcolor>
								<align>left</align>
								<info>ListItem.Label</info>
							</control>
						</itemlayout>
						<focusedlayout height="40">
							<control type="image">
								<posx>0</posx>
								<posy>0</posy>
								<width>360</width>
								<height>41</height>
								<visible>Control.HasFocus(100)</visible>
								<texture>MenuItemFO.png</texture>
							</control>
							<control type="image">
								<posx>0</posx>
								<posy>0</posy>
								<width>360</width>
								<height>41</height>
								<visible>!Control.HasFocus(100)</visible>
								<texture>MenuItemNF.png</texture>
							</control>
							<control type="label">
								<posx>5</posx>
								<posy>0</posy>
								<width>350</width>
								<height>40</height>
								<font>font12</font>
								<aligny>center</aligny>
								<textcolor>white</textcolor>
								<selectedcolor>selected</selectedcolor>
								<align>left</align>
								<info>ListItem.Label</info>
							</control>
						</focusedlayout>
					</control>
					<control type="scrollbar" id="101">
						<posx>365</posx>
						<posy>45</posy>
						<width>25</width>
						<height>160</height>
						<texturesliderbackground border="0,14,0,14">ScrollBarV.png</texturesliderbackground>
						<texturesliderbar border="2,16,2,16">ScrollBarV_bar.png</texturesliderbar>
						<texturesliderbarfocus border="2,16,2,16">ScrollBarV_bar_focus.png</texturesliderbarfocus>
						<textureslidernib>ScrollBarNib.png</textureslidernib>
						<textureslidernibfocus>ScrollBarNib.png</textureslidernibfocus>
						<onleft>100</onleft>
						<onright>110</onright>
						<showonepage>true</showonepage>
						<orientation>vertical</orientation>
					</control>
				</control>
				<control type="group">
					<posx>450</posx>
					<posy>45</posy>
					<control type="image">
						<description>background image</description>
						<posx>0</posx>
						<posy>0</posy>
						<width>360</width>
						<height>35</height>
						<texture border="5">button-focus.png</texture>
						<visible>Control.HasFocus(112)</visible>
					</control>
					<control type="checkmark" id="112">
						<description>Genre</description>
						<posx>5</posx>
						<posy>5</posy>
						<width>350</width>
						<height>24</height>
						<align>right</align>
						<label />
						<font>font13caps_title</font>
						<textcolor>white</textcolor>
						<texturecheckmark>radiobutton-focus.png</texturecheckmark>
						<texturecheckmarknofocus>radiobutton-nofocus.png</texturecheckmarknofocus>
						<markwidth>24</markwidth>
						<markheight>24</markheight>
						<onleft>102</onleft>
						<onright>122</onright>
						<onup>110</onup>
						<ondown>110</ondown>
					</control>
					<control type="list" id="110">
						<posx>0</posx>
						<posy>45</posy>
						<width>360</width>
						<height>160</height>
						<onleft>101</onleft>
						<onright>111</onright>
						<onup>110</onup>
						<ondown>110</ondown>
						<viewtype label="535">list</viewtype>
						<pagecontrol>111</pagecontrol>
						<scrolltime>200</scrolltime>
						<itemlayout height="40">
							<control type="image">
								<posx>0</posx>
								<posy>1</posy>
								<width>360</width>
								<height>41</height>
								<texture>MenuItemNF.png</texture>
							</control>
							<control type="label">
								<posx>5</posx>
								<posy>0</posy>
								<width>350</width>
								<height>40</height>
								<font>font12</font>
								<aligny>center</aligny>
								<textcolor>white</textcolor>
								<selectedcolor>selected</selectedcolor>
								<align>left</align>
								<info>ListItem.Label</info>
							</control>
						</itemlayout>
						<focusedlayout height="40">
							<control type="image">
								<posx>0</posx>
								<posy>0</posy>
								<width>360</width>
								<height>41</height>
								<visible>Control.HasFocus(110)</visible>
								<texture>MenuItemFO.png</texture>
							</control>
							<control type="image">
								<posx>0</posx>
								<posy>0</posy>
								<width>360</width>
								<height>41</height>
								<visible>!Control.HasFocus(110)</visible>
								<texture>MenuItemNF.png</texture>
							</control>
							<control type="label">
								<posx>5</posx>
								<posy>0</posy>
								<width>350</width>
								<height>40</height>
								<font>font12</font>
								<aligny>center</aligny>
								<textcolor>white</textcolor>
								<selectedcolor>selected</selectedcolor>
								<align>left</align>
								<info>ListItem.Label</info>
							</control>
						</focusedlayout>
					</control>
					<control type="scrollbar" id="111">
						<posx>365</posx>
						<posy>45</posy>
						<width>25</width>
						<height>160</height>
						<texturesliderbackground border="0,14,0,14">ScrollBarV.png</texturesliderbackground>
						<texturesliderbar border="2,16,2,16">ScrollBarV_bar.png</texturesliderbar>
						<texturesliderbarfocus border="2,16,2,16">ScrollBarV_bar_focus.png</texturesliderbarfocus>
						<textureslidernib>ScrollBarNib.png</textureslidernib>
						<textureslidernibfocus>ScrollBarNib.png</textureslidernibfocus>
						<onleft>110</onleft>
						<onright>120</onright>
						<showonepage>true</showonepage>
						<orientation>vertical</orientation>
					</control>
				</control>
				<control type="group">
					<posx>850</posx>
					<posy>45</posy>
					<control type="image">
						<description>background image</description>
						<posx>0</posx>
						<posy>0</posy>
						<width>360</width>
						<height>35</height>
						<texture border="5">button-focus.png</texture>
						<visible>Control.HasFocus(122)</visible>
					</control>
					<control type="checkmark" id="122">
						<description>Genre</description>
						<posx>5</posx>
						<posy>5</posy>
						<width>350</width>
						<height>24</height>
						<align>right</align>
						<label />
						<font>font13caps_title</font>
						<textcolor>white</textcolor>
						<texturecheckmark>radiobutton-focus.png</texturecheckmark>
						<texturecheckmarknofocus>radiobutton-nofocus.png</texturecheckmarknofocus>
						<markwidth>24</markwidth>
						<markheight>24</markheight>
						<onleft>112</onleft>
						<onright>100</onright>
						<onup>120</onup>
						<ondown>120</ondown>
					</control>
					<control type="list" id="120">
						<posx>0</posx>
						<posy>45</posy>
						<width>360</width>
						<height>160</height>
						<onleft>111</onleft>
						<onright>121</onright>
						<onup>120</onup>
						<ondown>120</ondown>
						<viewtype label="535">list</viewtype>
						<pagecontrol>121</pagecontrol>
						<scrolltime>200</scrolltime>
						<itemlayout height="40">
							<control type="image">
								<posx>0</posx>
								<posy>1</posy>
								<width>360</width>
								<height>41</height>
								<texture>MenuItemNF.png</texture>
							</control>
							<control type="label">
								<posx>5</posx>
								<posy>0</posy>
								<width>350</width>
								<height>40</height>
								<font>font12</font>
								<aligny>center</aligny>
								<textcolor>white</textcolor>
								<selectedcolor>selected</selectedcolor>
								<align>left</align>
								<info>ListItem.Label</info>
							</control>
						</itemlayout>
						<focusedlayout height="40">
							<control type="image">
								<posx>0</posx>
								<posy>0</posy>
								<width>360</width>
								<height>41</height>
								<visible>Control.HasFocus(120)</visible>
								<texture>MenuItemFO.png</texture>
							</control>
							<control type="image">
								<posx>0</posx>
								<posy>0</posy>
								<width>360</width>
								<height>41</height>
								<visible>!Control.HasFocus(120)</visible>
								<texture>MenuItemNF.png</texture>
							</control>
							<control type="label">
								<posx>5</posx>
								<posy>0</posy>
								<width>350</width>
								<height>40</height>
								<font>font12</font>
								<aligny>center</aligny>
								<textcolor>white</textcolor>
								<selectedcolor>selected</selectedcolor>
								<align>left</align>
								<info>ListItem.Label</info>
							</control>
						</focusedlayout>
					</control>
					<control type="scrollbar" id="121">
						<posx>365</posx>
						<posy>45</posy>
						<width>25</width>
						<height>160</height>
						<texturesliderbackground border="0,14,0,14">ScrollBarV.png</texturesliderbackground>
						<texturesliderbar border="2,16,2,16">ScrollBarV_bar.png</texturesliderbar>
						<texturesliderbarfocus border="2,16,2,16">ScrollBarV_bar_focus.png</texturesliderbarfocus>
						<textureslidernib>ScrollBarNib.png</textureslidernib>
						<textureslidernibfocus>ScrollBarNib.png</textureslidernibfocus>
						<onleft>120</onleft>
						<onright>132</onright>
						<showonepage>true</showonepage>
						<orientation>vertical</orientation>
					</control>
				</control>
				<control type="group">
					<posx>50</posx>
					<posy>255</posy>
					<control type="image">
						<description>background image</description>
						<posx>0</posx>
						<posy>0</posy>
						<width>360</width>
						<height>35</height>
						<texture border="5">button-focus.png</texture>
						<visible>Control.HasFocus(132)</visible>
					</control>
					<control type="checkmark" id="132">
						<description>Genre</description>
						<posx>5</posx>
						<posy>5</posy>
						<width>350</width>
						<height>24</height>
						<align>right</align>
						<label />
						<font>font13caps_title</font>
						<textcolor>white</textcolor>
						<texturecheckmark>radiobutton-focus.png</texturecheckmark>
						<texturecheckmarknofocus>radiobutton-nofocus.png</texturecheckmarknofocus>
						<markwidth>24</markwidth>
						<markheight>24</markheight>
						<onleft>121</onleft>
						<onright>142</onright>
						<onup>100</onup>
						<ondown>100</ondown>
					</control>
					<control type="list" id="130">
						<posx>0</posx>
						<posy>45</posy>
						<width>360</width>
						<height>160</height>
						<onleft>152</onleft>
						<onright>131</onright>
						<onup>130</onup>
						<ondown>130</ondown>
						<viewtype label="535">list</viewtype>
						<pagecontrol>131</pagecontrol>
						<scrolltime>200</scrolltime>
						<itemlayout height="40">
							<control type="image">
								<posx>0</posx>
								<posy>1</posy>
								<width>360</width>
								<height>41</height>
								<texture>MenuItemNF.png</texture>
							</control>
							<control type="label">
								<posx>5</posx>
								<posy>0</posy>
								<width>350</width>
								<height>40</height>
								<font>font12</font>
								<aligny>center</aligny>
								<textcolor>white</textcolor>
								<selectedcolor>selected</selectedcolor>
								<align>left</align>
								<info>ListItem.Label</info>
							</control>
						</itemlayout>
						<focusedlayout height="40">
							<control type="image">
								<posx>0</posx>
								<posy>0</posy>
								<width>360</width>
								<height>41</height>
								<visible>Control.HasFocus(130)</visible>
								<texture>MenuItemFO.png</texture>
							</control>
							<control type="image">
								<posx>0</posx>
								<posy>0</posy>
								<width>360</width>
								<height>41</height>
								<visible>!Control.HasFocus(130)</visible>
								<texture>MenuItemNF.png</texture>
							</control>
							<control type="label">
								<posx>5</posx>
								<posy>0</posy>
								<width>350</width>
								<height>40</height>
								<font>font12</font>
								<aligny>center</aligny>
								<textcolor>white</textcolor>
								<selectedcolor>selected</selectedcolor>
								<align>left</align>
								<info>ListItem.Label</info>
							</control>
						</focusedlayout>
					</control>
					<control type="scrollbar" id="131">
						<posx>365</posx>
						<posy>45</posy>
						<width>25</width>
						<height>160</height>
						<texturesliderbackground border="0,14,0,14">ScrollBarV.png</texturesliderbackground>
						<texturesliderbar border="2,16,2,16">ScrollBarV_bar.png</texturesliderbar>
						<texturesliderbarfocus border="2,16,2,16">ScrollBarV_bar_focus.png</texturesliderbarfocus>
						<textureslidernib>ScrollBarNib.png</textureslidernib>
						<textureslidernibfocus>ScrollBarNib.png</textureslidernibfocus>
						<onleft>130</onleft>
						<onright>140</onright>
						<showonepage>true</showonepage>
						<orientation>vertical</orientation>
					</control>
				</control>
				<control type="group">
					<posx>450</posx>
					<posy>255</posy>
					<control type="image">
						<description>background image</description>
						<posx>0</posx>
						<posy>0</posy>
						<width>360</width>
						<height>35</height>
						<texture border="5">button-focus.png</texture>
						<visible>Control.HasFocus(142)</visible>
					</control>
					<control type="checkmark" id="142">
						<description>Genre</description>
						<posx>5</posx>
						<posy>5</posy>
						<width>350</width>
						<height>24</height>
						<align>right</align>
						<label />
						<font>font13caps_title</font>
						<textcolor>white</textcolor>
						<texturecheckmark>radiobutton-focus.png</texturecheckmark>
						<texturecheckmarknofocus>radiobutton-nofocus.png</texturecheckmarknofocus>
						<markwidth>24</markwidth>
						<markheight>24</markheight>
						<onleft>132</onleft>
						<onright>152</onright>
						<onup>140</onup>
						<ondown>140</ondown>
					</control>
					<control type="list" id="140">
						<posx>0</posx>
						<posy>45</posy>
						<width>360</width>
						<height>160</height>
						<onleft>131</onleft>
						<onright>141</onright>
						<onup>140</onup>
						<ondown>140</ondown>
						<viewtype label="535">list</viewtype>
						<pagecontrol>141</pagecontrol>
						<scrolltime>200</scrolltime>
						<itemlayout height="40">
							<control type="image">
								<posx>0</posx>
								<posy>1</posy>
								<width>360</width>
								<height>41</height>
								<texture>MenuItemNF.png</texture>
							</control>
							<control type="label">
								<posx>5</posx>
								<posy>0</posy>
								<width>350</width>
								<height>40</height>
								<font>font12</font>
								<aligny>center</aligny>
								<textcolor>white</textcolor>
								<selectedcolor>selected</selectedcolor>
								<align>left</align>
								<info>ListItem.Label</info>
							</control>
						</itemlayout>
						<focusedlayout height="40">
							<control type="image">
								<posx>0</posx>
								<posy>0</posy>
								<width>360</width>
								<height>41</height>
								<visible>Control.HasFocus(140)</visible>
								<texture>MenuItemFO.png</texture>
							</control>
							<control type="image">
								<posx>0</posx>
								<posy>0</posy>
								<width>360</width>
								<height>41</height>
								<visible>!Control.HasFocus(140)</visible>
								<texture>MenuItemNF.png</texture>
							</control>
							<control type="label">
								<posx>5</posx>
								<posy>0</posy>
								<width>350</width>
								<height>40</height>
								<font>font12</font>
								<aligny>center</aligny>
								<textcolor>white</textcolor>
								<selectedcolor>selected</selectedcolor>
								<align>left</align>
								<info>ListItem.Label</info>
							</control>
						</focusedlayout>
					</control>
					<control type="scrollbar" id="141">
						<posx>365</posx>
						<posy>45</posy>
						<width>25</width>
						<height>160</height>
						<texturesliderbackground border="0,14,0,14">ScrollBarV.png</texturesliderbackground>
						<texturesliderbar border="2,16,2,16">ScrollBarV_bar.png</texturesliderbar>
						<texturesliderbarfocus border="2,16,2,16">ScrollBarV_bar_focus.png</texturesliderbarfocus>
						<textureslidernib>ScrollBarNib.png</textureslidernib>
						<textureslidernibfocus>ScrollBarNib.png</textureslidernibfocus>
						<onleft>140</onleft>
						<onright>150</onright>
						<showonepage>true</showonepage>
						<orientation>vertical</orientation>
					</control>
				</control>
				<control type="group">
					<posx>850</posx>
					<posy>255</posy>
					<control type="image">
						<description>background image</description>
						<posx>0</posx>
						<posy>0</posy>
						<width>360</width>
						<height>35</height>
						<texture border="5">button-focus.png</texture>
						<visible>Control.HasFocus(152)</visible>
					</control>
					<control type="checkmark" id="152">
						<description>Genre</description>
						<posx>5</posx>
						<posy>5</posy>
						<width>350</width>
						<height>24</height>
						<align>right</align>
						<label />
						<font>font13caps_title</font>
						<textcolor>white</textcolor>
						<texturecheckmark>radiobutton-focus.png</texturecheckmark>
						<texturecheckmarknofocus>radiobutton-nofocus.png</texturecheckmarknofocus>
						<markwidth>24</markwidth>
						<markheight>24</markheight>
						<onleft>142</onleft>
						<onright>130</onright>
						<onup>150</onup>
						<ondown>150</ondown>
					</control>
					<control type="list" id="150">
						<posx>0</posx>
						<posy>45</posy>
						<width>360</width>
						<height>160</height>
						<onleft>141</onleft>
						<onright>151</onright>
						<onup>150</onup>
						<ondown>150</ondown>
						<viewtype label="535">list</viewtype>
						<pagecontrol>151</pagecontrol>
						<scrolltime>200</scrolltime>
						<itemlayout height="40">
							<control type="image">
								<posx>0</posx>
								<posy>1</posy>
								<width>360</width>
								<height>41</height>
								<texture>MenuItemNF.png</texture>
							</control>
							<control type="label">
								<posx>5</posx>
								<posy>0</posy>
								<width>350</width>
								<height>40</height>
								<font>font12</font>
								<aligny>center</aligny>
								<textcolor>white</textcolor>
								<selectedcolor>selected</selectedcolor>
								<align>left</align>
								<info>ListItem.Label</info>
							</control>
						</itemlayout>
						<focusedlayout height="40">
							<control type="image">
								<posx>0</posx>
								<posy>0</posy>
								<width>360</width>
								<height>41</height>
								<visible>Control.HasFocus(150)</visible>
								<texture>MenuItemFO.png</texture>
							</control>
							<control type="image">
								<posx>0</posx>
								<posy>0</posy>
								<width>360</width>
								<height>41</height>
								<visible>!Control.HasFocus(150)</visible>
								<texture>MenuItemNF.png</texture>
							</control>
							<control type="label">
								<posx>5</posx>
								<posy>0</posy>
								<width>350</width>
								<height>40</height>
								<font>font12</font>
								<aligny>center</aligny>
								<textcolor>white</textcolor>
								<selectedcolor>selected</selectedcolor>
								<align>left</align>
								<info>ListItem.Label</info>
							</control>
						</focusedlayout>
					</control>
					<control type="scrollbar" id="151">
						<posx>365</posx>
						<posy>45</posy>
						<width>25</width>
						<height>160</height>
						<texturesliderbackground border="0,14,0,14">ScrollBarV.png</texturesliderbackground>
						<texturesliderbar border="2,16,2,16">ScrollBarV_bar.png</texturesliderbar>
						<texturesliderbarfocus border="2,16,2,16">ScrollBarV_bar_focus.png</texturesliderbarfocus>
						<textureslidernib>ScrollBarNib.png</textureslidernib>
						<textureslidernibfocus>ScrollBarNib.png</textureslidernibfocus>
						<onleft>150</onleft>
						<onright>2075</onright>
						<showonepage>true</showonepage>
						<orientation>vertical</orientation>
					</control>
				</control>
			</control>
			<!-- ** Required ** Do not change id's or type's -->
			<control type="group">
				<posx>50</posx>
				<posy>480</posy>
				<control type="image">
					<description>background image</description>
					<posx>0</posx>
					<posy>0</posy>
					<width>895</width>
					<height>140</height>
					<texture border="5">button-nofocus.png</texture>
				</control>
				<!-- ** Required ** Do not change id or type-->
				<control type="textbox" id="75">
					<description>SQL statement</description>
					<posx>10</posx>
					<posy>10</posy>
					<width>875</width>
					<height>120</height>
					<font>font11</font>
					<textcolor>white</textcolor>
					<onup>75</onup>
					<ondown>75</ondown>
					<onleft>151</onleft>
					<onright>2075</onright>
					<pagecontrol>2075</pagecontrol>
				</control>
				<control type="scrollbar" id="2075">
					<posx>900</posx>
					<posy>0</posy>
					<width>20</width>
					<height>140</height>
					<texturesliderbackground border="2,2,2,2">scrollbar_bar_back.png</texturesliderbackground>
					<texturesliderbar border="2,16,2,16">scrollbar_bar.png</texturesliderbar>
					<texturesliderbarfocus border="2,16,2,16">scrollbar_bar_focus.png</texturesliderbarfocus>
					<textureslidernib>scrollbar_nib.png</textureslidernib>
					<textureslidernibfocus>scrollbar_nib.png</textureslidernibfocus>
					<onleft>151</onleft>
					<onright>2000</onright>
					<showonepage>true</showonepage>
					<orientation>vertical</orientation>
				</control>
				<!-- ** Required ** Do not change id or type -->
				<control type="label" id="40">
					<description>SQL run Label</description>
					<posx>0</posx>
					<posy>145</posy>
					<width>895</width>
					<align>left</align>
					<font>font12</font>
					<textcolor>white</textcolor>
					<label />
				</control>
			</control>
			<!-- ** Required ** Do not change id's or type's -->
			<control type="group" id="2000">
				<posx>980</posx>
				<posy>480</posy>
				<control type="button" id="250">
					<description>Ok Button</description>
					<posx>0</posx>
					<posy>0</posy>
					<width>255</width>
					<height>40</height>
					<align>center</align>
					<aligny>center</aligny>
					<label>-</label>
					<font>font12caps_title</font>
					<texturenofocus border="5">MenuItemNF.png</texturenofocus>
					<texturefocus border="5">button-focus.png</texturefocus>
					<onleft>2075</onleft>
					<onright>102</onright>
					<onup>258</onup>
					<ondown>251</ondown>
				</control>
				<control type="button" id="251">
					<description>Cancel Button</description>
					<posx>0</posx>
					<posy>40</posy>
					<width>255</width>
					<height>40</height>
					<align>center</align>
					<aligny>center</aligny>
					<label>-</label>
					<font>font12caps_title</font>
					<texturenofocus border="5">MenuItemNF.png</texturenofocus>
					<texturefocus border="5">button-focus.png</texturefocus>
					<onleft>2075</onleft>
					<onright>102</onright>
					<onup>250</onup>
					<ondown>257</ondown>
				</control>
				<control type="button" id="257">
					<description>Save Button</description>
					<posx>0</posx>
					<posy>80</posy>
					<width>255</width>
					<height>40</height>
					<align>center</align>
					<aligny>center</aligny>
					<label>-</label>
					<font>font12caps_title</font>
					<texturenofocus border="5">MenuItemNF.png</texturenofocus>
					<texturefocus border="5">button-focus.png</texturefocus>
					<onleft>2075</onleft>
					<onright>102</onright>
					<onup>251</onup>
					<ondown>258</ondown>
				</control>
				<control type="button" id="258">
					<description>Clear/Load Button</description>
					<posx>0</posx>
					<posy>120</posy>
					<width>255</width>
					<height>40</height>
					<align>center</align>
					<aligny>center</aligny>
					<label>-</label>
					<font>font12caps_title</font>
					<texturenofocus border="5">MenuItemNF.png</texturenofocus>
					<texturefocus border="5">button-focus.png</texturefocus>
					<onleft>2075</onleft>
					<onright>102</onright>
					<onup>257</onup>
					<ondown>250</ondown>
				</control>
			</control>
		</control>
	</controls>
</window>