﻿<window id="2001">
	<defaultcontrol>5</defaultcontrol>
	<allowoverlay>no</allowoverlay>
	<include>Fade_Window_OpenClose_Animation</include>
	<controls>
		<control type="image" id="1">
			<description>background image</description>
			<posx>0</posx>
			<posy>0</posy>
			<width>720</width>
			<height>576</height>
			<texture>background2.png</texture>
		</control>
		<control type="image" id="1">
			<posx>115</posx>
			<posy>50</posy>
			<height>500</height>
			<width>520</width>
			<texture>bg-music.png</texture>
		</control>
		<control type="label" id="20">
			<description>album value</description>
			<posx>180</posx>
			<posy>45</posy>
			<label>-</label>
			<font>font14</font>
			<textcolor>ffb2d4f5</textcolor>
		</control>
		<control type="label" id="21">
			<description>artist</description>
			<posx>100</posx>
			<posy>95</posy>
			<label>$LOCALIZE[557]:</label>
			<font>font13</font>
			<textcolor>ffffffff</textcolor>
		</control>
		<control type="label" id="1">
			<description>date of release</description>
			<posx>100</posx>
			<posy>120</posy>
			<label>$LOCALIZE[562]:</label>
			<font>font13</font>
			<textcolor>ffffffff</textcolor>
		</control>
		<control type="label" id="1">
			<description>rating</description>
			<posx>100</posx>
			<posy>140</posy>
			<label>$LOCALIZE[563]:</label>
			<font>font13</font>
			<textcolor>ffffffff</textcolor>
		</control>
		<control type="label" id="1">
			<description>genre</description>
			<posx>100</posx>
			<posy>160</posy>
			<label>$LOCALIZE[515]:</label>
			<font>font13</font>
			<textcolor>ffffffff</textcolor>
		</control>
		<control type="label" id="1">
			<description>tones</description>
			<posx>100</posx>
			<posy>180</posy>
			<label>$LOCALIZE[175]:</label>
			<font>font13</font>
			<textcolor>ffffffff</textcolor>
		</control>
		<control type="label" id="1">
			<description>styles</description>
			<posx>100</posx>
			<posy>200</posy>
			<label>$LOCALIZE[176]:</label>
			<font>font13</font>
			<textcolor>ffffffff</textcolor>
		</control>
		<control type="label" id="21">
			<description>artist value</description>
			<posx>220</posx>
			<posy>100</posy>
			<label>-</label>
			<font>font13</font>
			<textcolor>ffb2d4f5</textcolor>
		</control>
		<control type="label" id="22">
			<description>date of release value</description>
			<posx>220</posx>
			<posy>120</posy>
			<label>-</label>
			<font>font13</font>
			<textcolor>ffb2d4f5</textcolor>
		</control>
		<control type="label" id="23">
			<description>rating value</description>
			<posx>220</posx>
			<posy>140</posy>
			<label>-</label>
			<font>font13</font>
			<textcolor>ffb2d4f5</textcolor>
		</control>
		<control type="label" id="24">
			<description>genre value</description>
			<posx>220</posx>
			<posy>160</posy>
			<label>-</label>
			<font>font13</font>
			<textcolor>ffb2d4f5</textcolor>
		</control>
		<control type="fadelabel" id="25">
			<description>tones value</description>
			<posx>220</posx>
			<posy>180</posy>
			<width>410</width>
			<label>-</label>
			<font>font13</font>
			<textcolor>ffb2d4f5</textcolor>
		</control>
		<control type="label" id="26">
			<description>styles value</description>
			<posx>220</posx>
			<posy>200</posy>
			<label>-</label>
			<font>font13</font>
			<textcolor>ffb2d4f5</textcolor>
		</control>
		<control type="image" id="3">
			<description>start logo</description>
			<posx>100</posx>
			<posy>245</posy>
			<width>107</width>
			<height>140</height>
			<texture>-</texture>
		</control>
		<control type="textbox" id="4">
			<description>textarea</description>
			<posx>220</posx>
			<posy>230</posy>
			<width>410</width>
			<height>300</height>
			<onleft>5</onleft>
			<onright>5</onright>
			<onup>5</onup>
			<ondown>5</ondown>
		</control>
		<control type="button" id="5">
			<description>tracks/review</description>
			<posx>100</posx>
			<posy>400</posy>
			<width>107</width>
			<height>32</height>
			<label>182</label>
			<onleft>4</onleft>
			<onright>4</onright>
			<onup>6</onup>
			<ondown>6</ondown>
			<font>font12</font>
			<align>center</align>
		</control>
		<control type="button" id="6">
			<description>refresh</description>
			<posx>100</posx>
			<posy>436</posy>
			<width>107</width>
			<height>32</height>
			<label>184</label>
			<font>font12</font>
			<textcolor>ffffffff</textcolor>
			<colordiffuse>ffffffff</colordiffuse>
			<disabledcolor>60ffffff</disabledcolor>
			<onleft>4</onleft>
			<onright>4</onright>
			<onup>5</onup>
			<ondown>5</ondown>
			<align>center</align>
		</control>
	</controls>
</window>