<fonts>
	<fontset id="Default" unicode="true">
		<font>
			<name>font13</name>
			<filename>Prototype.ttf</filename>
			<size>17</size>
		</font>
		<font>
			<name>font14</name>
			<filename>Prototype.ttf</filename>
			<size>20</size>
		</font>
		<font>
			<name>font64</name>
			<filename>common-font64.xpr</filename>
		</font>
		<font>
			<name>font15</name>
			<filename>Prototype.ttf</filename>
			<size>15</size>
		</font>
		<font>
			<name>font10</name>
			<filename>Prototype.ttf</filename>
			<size>16</size>
		</font>
		<font>
			<name>font12</name>
			<filename>Prototype.ttf</filename>
			<size>16</size>
		</font>
		<font>
			<name>fontKB</name>
			<filename>Prototype.ttf</filename>
			<size>16</size>
		</font>
		<font>
			<name>font101</name>
			<filename>Prototype.ttf</filename>
			<size>14</size>
		</font>
	</fontset>
</fonts>