﻿<window id="29">
	<defaultcontrol always="true">52</defaultcontrol>
	<allowoverlay>no</allowoverlay>
	<coordinates>
		<system>1</system>
		<posx>0</posx>
		<posy>0</posy>
	</coordinates>
	<controls>
		<control type="image" id="1">
			<description>background image</description>
			<posx>0</posx>
			<posy>0</posy>
			<width>720</width>
			<height>576</height>
			<texture>background.png</texture>
			<colorkey>0</colorkey>
		</control>
		<control type="image" id="1">
			<posx>50</posx>
			<posy>50</posy>
			<height>500</height>
			<width>650</width>
			<texture>bg-settings.png</texture>
		</control>
		<control type="image" id="1">
			<description>applications logo</description>
			<posx>585</posx>
			<posy>33</posy>
			<height>90</height>
			<width>90</width>
			<texture>gearssmall.png</texture>
			<colordiffuse>60ffffff</colordiffuse>
		</control>
		<control type="image" id="1">
			<description>start logo</description>
			<posx>55</posx>
			<posy>35</posy>
			<width>224</width>
			<height>75</height>
			<texture>background-login.png</texture>
		</control>
		<control type="label" id="1">
			<description>settings label</description>
			<align>right</align>
			<posx>660</posx>
			<posy>85</posy>
			<label>13200</label>
			<font>font14</font>
			<textcolor>ffb2d4f5</textcolor>
		</control>
		<control type="label" id="2">
			<description>Heading Label</description>
			<posx>180</posx>
			<posy>100</posy>
			<width>420</width>
			<align>left</align>
			<label>-</label>
			<font>font12</font>
			<textcolor>DDced8da</textcolor>
		</control>
		<control type="label" id="3">
			<description>Profile Amount Label</description>
			<posx>180</posx>
			<posy>530</posy>
			<width>420</width>
			<label>Profiles : 1/3</label>
			<font>font12</font>
			<textcolor>DDced8da</textcolor>
		</control>
		<control type="listcontrol" id="52">
			<description>big listcontrol</description>
			<posx>145</posx>
			<posy>130</posy>
			<height>430</height>
			<spinwidth>16</spinwidth>
			<spinheight>16</spinheight>
			<spincolor>ddffffff</spincolor>
			<spinposx>630</spinposx>
			<spinposy>527</spinposy>
			<textureup>scroll-up.png</textureup>
			<texturedown>scroll-down.png</texturedown>
			<textureupfocus>scroll-up-focus.gif</textureupfocus>
			<texturedownfocus>scroll-down-focus.gif</texturedownfocus>
			<texturefocus>blue-rectangle.png</texturefocus>
			<texturenofocus>blue-rectanglenf.png</texturenofocus>
			<font>font14</font>
			<font2>font13</font2>
			<selectedcolor>ffffffff</selectedcolor>
			<textcolor>0xd0ffffff</textcolor>
			<selectedcolor2>0xffffffff</selectedcolor2>
			<textcolor2>0xd0ffffff</textcolor2>
			<colordiffuse>ffffffff</colordiffuse>
			<suffix>|</suffix>
			<textxoff>10</textxoff>
			<textyoff>10</textyoff>
			<textxoff2>443</textxoff2>
			<textyoff2>96</textyoff2>
			<aligny>top</aligny>
			<itemwidth>75</itemwidth>
			<itemheight>110</itemheight>
			<spacebetweenitems>10</spacebetweenitems>
			<textureheight>120</textureheight>
			<onleft>52</onleft>
			<onright>101</onright>
			<onup>52</onup>
			<ondown>52</ondown>
		</control>
		<control type="button" id="101">
			<description>shutdown button</description>
			<posx>620</posx>
			<posy>500</posy>
			<width>38</width>
			<height>48</height>
			<label>-</label>
			<texturefocus>home-button-shutdown.png</texturefocus>
			<texturenofocus>home-button-shutdown-NF.png</texturenofocus>
			<onclick>xbmc.activatewindow(111)</onclick>
			<onleft>52</onleft>
			<onright>101</onright>
			<onup>52</onup>
			<ondown>101</ondown>
			<align>center</align>
		</control>
	</controls>
</window>