<includes>
	<include name="VideoLibraryMediaInfo1">
		<control type="panel" id="50">
			<posx>20</posx>
			<posy>85</posy>
			<width>1195</width>
			<height>550</height>
			<onleft>9000</onleft>
			<onright>60</onright>
			<onup>50</onup>
			<ondown>50</ondown>
			<viewtype label="544">list</viewtype>
			<pagecontrol>60</pagecontrol>
			<scrolltime>200</scrolltime>
			<hitrect x="25" y="85" w="615" h="550" />
			<itemlayout height="42" width="615">
				<control type="image">
					<posx>40</posx>
					<posy>2</posy>
					<width>38</width>
					<height>38</height>
					<info>ListItem.Icon</info>
				</control>
				<control type="label">
					<posx>90</posx>
					<posy>0</posy>
					<width>520</width>
					<height>42</height>
					<font>font13</font>
					<aligny>center</aligny>
					<selectedcolor>red</selectedcolor>
					<align>left</align>
					<info>ListItem.Label</info>
				</control>
				<control type="label">
					<posx>630</posx>
					<posy>0</posy>
					<width>400</width>
					<height>42</height>
					<font>font13</font>
					<aligny>center</aligny>
					<selectedcolor>red</selectedcolor>
					<textcolor>white</textcolor>
					<align>right</align>
					<info>ListItem.Label2</info>
				</control>
			</itemlayout>
			<focusedlayout height="42" width="615">
				<control type="image">
					<posx>-30</posx>
					<posy>0</posy>
					<width>750</width>
					<height>42</height>
					<colordiffuse>FFFFFFFF</colordiffuse>
					<visible>Control.HasFocus(50)</visible>
					<texture>ListItem_Focus.png</texture>
				</control>
				<control type="image">
					<posx>40</posx>
					<posy>2</posy>
					<width>38</width>
					<height>38</height>
					<info>ListItem.Icon</info>
				</control>
				<control type="label">
					<posx>90</posx>
					<posy>0</posy>
					<width>520</width>
					<height>42</height>
					<font>font13</font>
					<aligny>center</aligny>
					<selectedcolor>red</selectedcolor>
					<align>left</align>
					<info>ListItem.Label</info>
				</control>
				<control type="label">
					<posx>630</posx>
					<posy>0</posy>
					<width>400</width>
					<height>42</height>
					<font>font13</font>
					<aligny>center</aligny>
					<selectedcolor>red</selectedcolor>
					<textcolor>white</textcolor>
					<align>right</align>
					<info>ListItem.Label2</info>
				</control>
			</focusedlayout>
		</control>
		<control type="group">
			<posx>690</posx>
			<posy>85</posy>
			<visible>Control.IsVisible(50) + [IsEmpty(Listitem.Title) | ![Container.Content(Movies) | Container.Content(TVShows) | Container.Content(Episodes) | Container.Content(MusicVideos)]]</visible>
			<control type="image">
				<posx>20</posx>
				<posy>20</posy>
				<width>525</width>
				<height>500</height>
				<aspectratio aligny="bottom">keep</aspectratio>
				<info>Listitem.Icon</info>
			</control>
			<control type="image">
				<posx>20</posx>
				<posy>520</posy>
				<width>525</width>
				<height>500</height>
				<info>Listitem.Icon</info>
				<texture flipy="true" diffuse="diffuse_mirror.png" /> 
				<aspectratio aligny="top">keep</aspectratio>
			</control>
			<control type="image">
				<posx>480</posx>
				<posy>465</posy>
				<width>64</width>
				<height>64</height>
				<colordiffuse>FFFFFFFF</colordiffuse>
				<aspectratio>keep</aspectratio>
				<info>Listitem.Overlay</info>
			</control>
		</control>
		<control type="group">
			<posx>690</posx>
			<posy>85</posy>
			<visible>Control.IsVisible(50) + Container.Content(Movies) + !IsEmpty(Listitem.Title)</visible>
			<animation effect="slide" start="0,0" end="-20,0" time="0" condition="!Control.IsVisible(60)">Conditional</animation>
			<control type="image">
				<posx>0</posx>
				<posy>0</posy>
				<width>565</width>
				<height>305</height>
				<colordiffuse>FFFFFFFF</colordiffuse>
				<texture border="10,10,0,10">Info_Panel.png</texture>
			</control>
			<control type="image">
				<posx>0</posx>
				<posy>310</posy>
				<width>565</width>
				<height>245</height>
				<colordiffuse>FFFFFFFF</colordiffuse>
				<texture border="10,10,0,10">Info_Panel.png</texture>
			</control>
			<control type="image">
				<posx>10</posx>
				<posy>60</posy>
				<width>160</width>
				<height>240</height>
				<colordiffuse>FFFFFFFF</colordiffuse>
				<aspectratio>keep</aspectratio>
				<info>Listitem.Icon</info>
			</control>
			<control type="image">
				<posx>130</posx>
				<posy>260</posy>
				<width>40</width>
				<height>40</height>
				<colordiffuse>FFFFFFFF</colordiffuse>
				<aspectratio>keep</aspectratio>
				<info>Listitem.Overlay</info>
			</control>
			<control type="fadelabel">
				<posx>10</posx>
				<posy>10</posy>
				<width>540</width>
				<height>35</height>
				<font>font16</font>
				<align>left</align>
				<aligny>center</aligny>
				<textcolor>white</textcolor>
				<shadowcolor>black</shadowcolor>
				<info>ListItem.title</info>
			</control>
			<control type="label">
				<description>Director Label</description>
				<posx>180</posx>
				<posy>60</posy>
				<width>370</width>
				<height>35</height>
				<font>font13</font>
				<align>left</align>
				<aligy>center</aligy>
				<textcolor>red</textcolor>
				<shadowcolor>black</shadowcolor>
				<label>$LOCALIZE[20339]:</label>
				<visible>!IsEmpty(Listitem.Director)</visible>
			</control>
			<control type="fadelabel">
				<description>Director Value</description>
				<posx>180</posx>
				<posy>90</posy>
				<width>370</width>
				<height>35</height>
				<font>font13</font>
				<align>left</align>
				<aligy>center</aligy>
				<textcolor>white</textcolor>
				<shadowcolor>black</shadowcolor>
				<label>$INFO[ListItem.Director]</label>
			</control>
			<control type="label">
				<description>Studio Label</description>
				<posx>180</posx>
				<posy>60</posy>
				<width>370</width>
				<height>35</height>
				<font>font13</font>
				<align>left</align>
				<aligy>center</aligy>
				<textcolor>red</textcolor>
				<shadowcolor>black</shadowcolor>
				<label>$LOCALIZE[572]:</label>
				<visible>IsEmpty(Listitem.Director) + !IsEmpty(Listitem.Studio)</visible>
			</control>
			<control type="fadelabel">
				<description>Studio Value</description>
				<posx>180</posx>
				<posy>90</posy>
				<width>370</width>
				<height>35</height>
				<font>font13</font>
				<align>left</align>
				<aligy>center</aligy>
				<textcolor>white</textcolor>
				<shadowcolor>black</shadowcolor>
				<label>$INFO[ListItem.Studio]</label>
				<visible>IsEmpty(Listitem.Director)</visible>
			</control>
			<control type="label">
				<description>Genre Label</description>
				<posx>180</posx>
				<posy>120</posy>
				<width>370</width>
				<height>35</height>
				<font>font13</font>
				<align>left</align>
				<aligy>center</aligy>
				<textcolor>red</textcolor>
				<shadowcolor>black</shadowcolor>
				<label>$LOCALIZE[515]:</label>
				<visible>!IsEmpty(Listitem.Genre)</visible>
			</control>
			<control type="fadelabel">
				<description>Genre Value</description>
				<posx>180</posx>
				<posy>150</posy>
				<width>370</width>
				<height>35</height>
				<font>font13</font>
				<align>left</align>
				<aligy>center</aligy>
				<textcolor>white</textcolor>
				<shadowcolor>black</shadowcolor>
				<label>$INFO[ListItem.Genre]</label>
			</control>
			<control type="label">
				<description>MPAA Label</description>
				<posx>180</posx>
				<posy>180</posy>
				<width>370</width>
				<height>35</height>
				<font>font13</font>
				<align>left</align>
				<aligy>center</aligy>
				<textcolor>red</textcolor>
				<shadowcolor>black</shadowcolor>
				<label>$LOCALIZE[20074]:</label>
				<visible>!IsEmpty(Listitem.MPAA)</visible>
			</control>
			<control type="fadelabel">
				<description>MPAA Value</description>
				<posx>180</posx>
				<posy>210</posy>
				<width>370</width>
				<height>35</height>
				<font>font13</font>
				<align>left</align>
				<aligy>center</aligy>
				<textcolor>white</textcolor>
				<shadowcolor>black</shadowcolor>
				<label>$INFO[ListItem.MPAA]</label>
			</control>
			<control type="label">
				<description>Year Label</description>
				<posx>180</posx>
				<posy>240</posy>
				<width>185</width>
				<height>35</height>
				<font>font13</font>
				<align>left</align>
				<aligy>center</aligy>
				<textcolor>red</textcolor>
				<shadowcolor>black</shadowcolor>
				<label>$LOCALIZE[562]:</label>
				<visible>!IsEmpty(Listitem.Year)</visible>
			</control>
			<control type="label">
				<description>Year Value</description>
				<posx>180</posx>
				<posy>270</posy>
				<width>185</width>
				<height>35</height>
				<font>font13</font>
				<align>left</align>
				<aligy>center</aligy>
				<textcolor>white</textcolor>
				<shadowcolor>black</shadowcolor>
				<label>$INFO[ListItem.Year]</label>
			</control>
			<control type="label">
				<description>Rating Label</description>
				<posx>550</posx>
				<posy>240</posy>
				<width>185</width>
				<height>35</height>
				<font>font13</font>
				<align>right</align>
				<aligy>center</aligy>
				<textcolor>red</textcolor>
				<shadowcolor>black</shadowcolor>
				<label>$LOCALIZE[563]:</label>
				<visible>!IsEmpty(Listitem.Rating)</visible>
			</control>
			<control type="label">
				<description>Rating Value</description>
				<posx>550</posx>
				<posy>270</posy>
				<width>185</width>
				<height>35</height>
				<font>font13</font>
				<align>right</align>
				<aligy>center</aligy>
				<textcolor>white</textcolor>
				<shadowcolor>black</shadowcolor>
				<label>$INFO[ListItem.Rating]</label>
			</control>
			<control type="label">
				<description>Plot Label</description>
				<posx>10</posx>
				<posy>310</posy>
				<width>545</width>
				<height>35</height>
				<font>font13</font>
				<align>left</align>
				<aligy>center</aligy>
				<textcolor>red</textcolor>
				<shadowcolor>black</shadowcolor>
				<label>$LOCALIZE[203]:</label>
				<visible>!IsEmpty(Listitem.Plot)</visible>
			</control>
		</control>
		<control type="group">
			<posx>690</posx>
			<posy>85</posy>
			<visible>Control.IsVisible(50) + Container.Content(Episodes) + !IsEmpty(Listitem.Title)</visible>
			<animation effect="slide" start="0,0" end="-20,0" time="0" condition="!Control.IsVisible(60)">Conditional</animation>
			<control type="image">
				<posx>0</posx>
				<posy>0</posy>
				<width>565</width>
				<height>305</height>
				<colordiffuse>FFFFFFFF</colordiffuse>
				<texture border="10,10,0,10">Info_Panel.png</texture>
			</control>
			<control type="image">
				<posx>0</posx>
				<posy>310</posy>
				<width>565</width>
				<height>245</height>
				<colordiffuse>FFFFFFFF</colordiffuse>
				<texture border="10,10,0,10">Info_Panel.png</texture>
			</control>
			<control type="image">
				<posx>10</posx>
				<posy>80</posy>
				<width>240</width>
				<height>210</height>
				<colordiffuse>FFFFFFFF</colordiffuse>
				<aspectratio>keep</aspectratio>
				<info>Listitem.Icon</info>
			</control>
			<control type="image">
				<posx>210</posx>
				<posy>260</posy>
				<width>40</width>
				<height>40</height>
				<colordiffuse>FFFFFFFF</colordiffuse>
				<aspectratio>keep</aspectratio>
				<info>Listitem.Overlay</info>
			</control>
			<control type="fadelabel">
				<posx>10</posx>
				<posy>10</posy>
				<width>540</width>
				<height>35</height>
				<font>font13</font>
				<align>left</align>
				<aligny>center</aligny>
				<textcolor>red</textcolor>
				<shadowcolor>black</shadowcolor>
				<info>ListItem.TVShowTitle</info>
			</control>
			<control type="fadelabel">
				<posx>10</posx>
				<posy>40</posy>
				<width>540</width>
				<height>35</height>
				<font>font16</font>
				<align>left</align>
				<aligny>center</aligny>
				<textcolor>white</textcolor>
				<shadowcolor>black</shadowcolor>
				<info>ListItem.title</info>
			</control>
			<control type="label">
				<description>Season Label</description>
				<posx>260</posx>
				<posy>85</posy>
				<width>290</width>
				<height>35</height>
				<font>font13</font>
				<align>left</align>
				<aligy>center</aligy>
				<textcolor>red</textcolor>
				<shadowcolor>black</shadowcolor>
				<label>$LOCALIZE[20373]:</label>
				<visible>!IsEmpty(Listitem.Season)</visible>
			</control>
			<control type="fadelabel">
				<description>Season Value</description>
				<posx>260</posx>
				<posy>115</posy>
				<width>290</width>
				<height>35</height>
				<font>font13</font>
				<align>left</align>
				<aligy>center</aligy>
				<textcolor>white</textcolor>
				<shadowcolor>black</shadowcolor>
				<label>$INFO[ListItem.Season]</label>
			</control>
			<control type="label">
				<description>Episode Label</description>
				<posx>260</posx>
				<posy>155</posy>
				<width>290</width>
				<height>35</height>
				<font>font13</font>
				<align>left</align>
				<aligy>center</aligy>
				<textcolor>red</textcolor>
				<shadowcolor>black</shadowcolor>
				<label>$LOCALIZE[20359]:</label>
				<visible>!IsEmpty(Listitem.Episode)</visible>
			</control>
			<control type="fadelabel">
				<description>Episode Value</description>
				<posx>260</posx>
				<posy>185</posy>
				<width>290</width>
				<height>35</height>
				<font>font13</font>
				<align>left</align>
				<aligy>center</aligy>
				<textcolor>white</textcolor>
				<shadowcolor>black</shadowcolor>
				<label>$INFO[ListItem.episode]</label>
			</control>
			<control type="label">
				<description>First Aired Label</description>
				<posx>260</posx>
				<posy>225</posy>
				<width>290</width>
				<height>35</height>
				<font>font13</font>
				<align>left</align>
				<aligy>center</aligy>
				<textcolor>red</textcolor>
				<shadowcolor>black</shadowcolor>
				<label>$LOCALIZE[20416]:</label>
				<visible>!IsEmpty(Listitem.premiered)</visible>
			</control>
			<control type="fadelabel">
				<description>First Aired Value</description>
				<posx>260</posx>
				<posy>255</posy>
				<width>290</width>
				<height>35</height>
				<font>font13</font>
				<align>left</align>
				<aligy>center</aligy>
				<textcolor>white</textcolor>
				<shadowcolor>black</shadowcolor>
				<label>$INFO[ListItem.premiered]</label>
			</control>
			<control type="label">
				<description>Plot Label</description>
				<posx>10</posx>
				<posy>310</posy>
				<width>545</width>
				<height>35</height>
				<font>font13</font>
				<align>left</align>
				<aligy>center</aligy>
				<textcolor>red</textcolor>
				<shadowcolor>black</shadowcolor>
				<label>$LOCALIZE[203]:</label>
				<visible>!IsEmpty(Listitem.Plot)</visible>
			</control>
		</control>
		<control type="group">
			<posx>690</posx>
			<posy>85</posy>
			<visible>Control.IsVisible(50) + Container.Content(TVShows) + !IsEmpty(Listitem.Title)</visible>
			<animation effect="slide" start="0,0" end="-20,0" time="0" condition="!Control.IsVisible(60)">Conditional</animation>
			<control type="image">
				<posx>0</posx>
				<posy>0</posy>
				<width>565</width>
				<height>305</height>
				<colordiffuse>FFFFFFFF</colordiffuse>
				<texture border="10,10,0,10">Info_Panel.png</texture>
			</control>
			<control type="image">
				<posx>0</posx>
				<posy>310</posy>
				<width>565</width>
				<height>245</height>
				<colordiffuse>FFFFFFFF</colordiffuse>
				<texture border="10,10,0,10">Info_Panel.png</texture>
			</control>
			<control type="image">
				<posx>10</posx>
				<posy>60</posy>
				<width>540</width>
				<height>100</height>
				<colordiffuse>FFFFFFFF</colordiffuse>
				<aspectratio>keep</aspectratio>
				<info>Listitem.Icon</info>
			</control>
			<control type="fadelabel">
				<posx>10</posx>
				<posy>10</posy>
				<width>540</width>
				<height>35</height>
				<font>font16</font>
				<align>left</align>
				<aligny>center</aligny>
				<textcolor>white</textcolor>
				<shadowcolor>black</shadowcolor>
				<info>ListItem.title</info>
			</control>
			<control type="label">
				<description>Episode Label</description>
				<posx>10</posx>
				<posy>170</posy>
				<width>290</width>
				<height>35</height>
				<font>font13</font>
				<align>left</align>
				<aligy>center</aligy>
				<textcolor>red</textcolor>
				<shadowcolor>black</shadowcolor>
				<label>$LOCALIZE[20360]:</label>
				<visible>!IsEmpty(Listitem.Episode)</visible>
			</control>
			<control type="label">
				<description>Episode Value</description>
				<posx>10</posx>
				<posy>200</posy>
				<width>290</width>
				<height>35</height>
				<font>font13</font>
				<align>left</align>
				<aligy>center</aligy>
				<textcolor>white</textcolor>
				<shadowcolor>black</shadowcolor>
				<label>$INFO[ListItem.episode]</label>
			</control>
			<control type="label">
				<description>First Aired Label</description>
				<posx>545</posx>
				<posy>170</posy>
				<width>290</width>
				<height>35</height>
				<font>font13</font>
				<align>right</align>
				<aligy>center</aligy>
				<textcolor>red</textcolor>
				<shadowcolor>black</shadowcolor>
				<label>$LOCALIZE[20416]:</label>
				<visible>!IsEmpty(Listitem.premiered)</visible>
			</control>
			<control type="label">
				<description>First Aired Value</description>
				<posx>545</posx>
				<posy>200</posy>
				<width>290</width>
				<height>35</height>
				<font>font13</font>
				<align>right</align>
				<aligy>center</aligy>
				<textcolor>white</textcolor>
				<shadowcolor>black</shadowcolor>
				<label>$INFO[ListItem.premiered]</label>
			</control>
			<control type="label">
				<description>Genre Label</description>
				<posx>10</posx>
				<posy>230</posy>
				<width>545</width>
				<height>35</height>
				<font>font13</font>
				<align>left</align>
				<aligy>center</aligy>
				<textcolor>red</textcolor>
				<shadowcolor>black</shadowcolor>
				<label>$LOCALIZE[515]:</label>
				<visible>!IsEmpty(Listitem.Genre)</visible>
			</control>
			<control type="fadelabel">
				<description>Genre Value</description>
				<posx>10</posx>
				<posy>260</posy>
				<width>545</width>
				<height>35</height>
				<font>font13</font>
				<align>left</align>
				<aligy>center</aligy>
				<textcolor>white</textcolor>
				<shadowcolor>black</shadowcolor>
				<label>$INFO[ListItem.Genre]</label>
			</control>
			<control type="label">
				<description>Plot Label</description>
				<posx>10</posx>
				<posy>310</posy>
				<width>545</width>
				<height>35</height>
				<font>font13</font>
				<align>left</align>
				<aligy>center</aligy>
				<textcolor>red</textcolor>
				<shadowcolor>black</shadowcolor>
				<label>$LOCALIZE[203]:</label>
				<visible>!IsEmpty(Listitem.Plot)</visible>
			</control>
		</control>
		<control type="group">
			<posx>690</posx>
			<posy>85</posy>
			<visible>Control.IsVisible(50) + Container.Content(MusicVideos) + !IsEmpty(Listitem.Title)</visible>
			<animation effect="slide" start="0,0" end="-20,0" time="0" condition="!Control.IsVisible(60)">Conditional</animation>
			<control type="image">
				<posx>0</posx>
				<posy>0</posy>
				<width>565</width>
				<height>305</height>
				<colordiffuse>FFFFFFFF</colordiffuse>
				<texture border="10,10,0,10">Info_Panel.png</texture>
			</control>
			<control type="image">
				<posx>0</posx>
				<posy>310</posy>
				<width>565</width>
				<height>245</height>
				<colordiffuse>FFFFFFFF</colordiffuse>
				<texture border="10,10,0,10">Info_Panel.png</texture>
			</control>
			<control type="image">
				<posx>10</posx>
				<posy>80</posy>
				<width>240</width>
				<height>210</height>
				<colordiffuse>FFFFFFFF</colordiffuse>
				<aspectratio>keep</aspectratio>
				<info>Listitem.Icon</info>
			</control>
			<control type="image">
				<posx>210</posx>
				<posy>250</posy>
				<width>40</width>
				<height>40</height>
				<colordiffuse>FFFFFFFF</colordiffuse>
				<aspectratio>keep</aspectratio>
				<info>Listitem.Overlay</info>
			</control>
			<control type="fadelabel">
				<posx>10</posx>
				<posy>10</posy>
				<width>540</width>
				<height>35</height>
				<font>font13</font>
				<align>left</align>
				<aligny>center</aligny>
				<textcolor>red</textcolor>
				<shadowcolor>black</shadowcolor>
				<info>ListItem.Artist</info>
			</control>
			<control type="fadelabel">
				<posx>10</posx>
				<posy>40</posy>
				<width>540</width>
				<height>35</height>
				<font>font16</font>
				<align>left</align>
				<aligny>center</aligny>
				<textcolor>white</textcolor>
				<shadowcolor>black</shadowcolor>
				<info>ListItem.title</info>
			</control>
			<control type="label">
				<description>Album Label</description>
				<posx>260</posx>
				<posy>85</posy>
				<width>290</width>
				<height>35</height>
				<font>font13</font>
				<align>left</align>
				<aligy>center</aligy>
				<textcolor>red</textcolor>
				<shadowcolor>black</shadowcolor>
				<label>$LOCALIZE[558]:</label>
				<visible>!IsEmpty(Listitem.Album)</visible>
			</control>
			<control type="fadelabel">
				<description>Album Value</description>
				<posx>260</posx>
				<posy>115</posy>
				<width>290</width>
				<height>35</height>
				<font>font13</font>
				<align>left</align>
				<aligy>center</aligy>
				<textcolor>white</textcolor>
				<shadowcolor>black</shadowcolor>
				<label>$INFO[ListItem.Album]</label>
			</control>
			<control type="label">
				<description>Genre Label</description>
				<posx>260</posx>
				<posy>155</posy>
				<width>290</width>
				<height>35</height>
				<font>font13</font>
				<align>left</align>
				<aligy>center</aligy>
				<textcolor>red</textcolor>
				<shadowcolor>black</shadowcolor>
				<label>$LOCALIZE[515]:</label>
				<visible>!IsEmpty(Listitem.Genre)</visible>
			</control>
			<control type="fadelabel">
				<description>Genre Value</description>
				<posx>260</posx>
				<posy>185</posy>
				<width>290</width>
				<height>35</height>
				<font>font13</font>
				<align>left</align>
				<aligy>center</aligy>
				<textcolor>white</textcolor>
				<shadowcolor>black</shadowcolor>
				<label>$INFO[ListItem.Genre]</label>
			</control>
			<control type="label">
				<description>Year Label</description>
				<posx>260</posx>
				<posy>225</posy>
				<width>290</width>
				<height>35</height>
				<font>font13</font>
				<align>left</align>
				<aligy>center</aligy>
				<textcolor>red</textcolor>
				<shadowcolor>black</shadowcolor>
				<label>$LOCALIZE[562]:</label>
				<visible>!IsEmpty(Listitem.Year)</visible>
			</control>
			<control type="fadelabel">
				<description>Year Value</description>
				<posx>260</posx>
				<posy>255</posy>
				<width>290</width>
				<height>35</height>
				<font>font13</font>
				<align>left</align>
				<aligy>center</aligy>
				<textcolor>white</textcolor>
				<shadowcolor>black</shadowcolor>
				<label>$INFO[ListItem.Year]</label>
			</control>
			<control type="label">
				<description>Description Label</description>
				<posx>10</posx>
				<posy>310</posy>
				<width>545</width>
				<height>35</height>
				<font>font13</font>
				<align>left</align>
				<aligy>center</aligy>
				<textcolor>red</textcolor>
				<shadowcolor>black</shadowcolor>
				<label>$LOCALIZE[15053]:</label>
				<visible>!IsEmpty(Listitem.Plot)</visible>
			</control>
		</control>
		<control type="textbox">
			<description>Common Plot Value for all Content types</description>
			<posx>700</posx>
			<posy>425</posy>
			<width>545</width>
			<height>200</height>
			<font>font13</font>
			<align>justify</align>
			<textcolor>white</textcolor>
			<shadowcolor>black</shadowcolor>
			<pagecontrol>9999999999</pagecontrol>
			<label>$INFO[ListItem.Plot]</label>
			<autoscroll time="2000" delay="3000" repeat="5000">!Skin.HasSetting(AutoScroll)</autoscroll>
			<visible>Control.IsVisible(50) + [!IsEmpty(Listitem.Title) + [Container.Content(Movies) | Container.Content(TVShows) | Container.Content(Episodes) | Container.Content(MusicVideos)]]</visible>
			<animation effect="slide" start="0,0" end="-20,0" time="0" condition="!Control.IsVisible(60)">Conditional</animation>
		</control>
	</include>
	<include name="VideoLibraryMediaInfo2">
		<control type="panel" id="55">
			<visible>Container.Content(Movies) | Container.Content(TVShows) | Container.Content(Episodes) | Container.Content(MusicVideos)</visible>
			<posx>30</posx>
			<posy>85</posy>
			<width>792</width>
			<height>550</height>
			<onleft>9000</onleft>
			<onright>60</onright>
			<onup>55</onup>
			<ondown>55</ondown>
			<scrolltime>200</scrolltime>
			<viewtype label="$LOCALIZE[544] 2">icon</viewtype>
			<pagecontrol>60</pagecontrol>
			<orientation>vertical</orientation>
			<itemlayout condition="!Container.Content(Movies) + !Container.Content(TVShows) + !Skin.HasSetting(FullIcons)" height="183" width="198">
				<control type="image">
					<posx>4</posx>
					<posy>4</posy>
					<width>190</width>
					<height>145</height>
					<info>ListItem.Icon</info>
				</control>
				<control type="image">
					<posx>153</posx>
					<posy>120</posy>
					<width>32</width>
					<height>32</height>
					<aspectratio>keep</aspectratio>
					<info>Listitem.Overlay</info>
				</control>
				<control type="label">
					<posx>99</posx>
					<posy>150</posy>
					<width>180</width>
					<height>22</height>
					<font>font13</font>
					<textcolor>white2</textcolor>
					<selectedcolor>red</selectedcolor>
					<align>center</align>
					<shadowcolor>black</shadowcolor>
					<info>ListItem.Label</info>
				</control>
			</itemlayout>
			<focusedlayout condition="!Container.Content(Movies) + !Container.Content(TVShows) + !Skin.HasSetting(FullIcons)" height="183" width="198">
				<control type="image">
					<posx>0</posx>
					<posy>0</posy>
					<width>198</width>
					<height>153</height>
					<info>ListItem.Icon</info>
					<bordertexture border="4">folder-focus.png</bordertexture>
					<bordersize>4</bordersize>
				</control>
				<control type="image">
					<posx>153</posx>
					<posy>120</posy>
					<width>32</width>
					<height>32</height>
					<aspectratio>keep</aspectratio>
					<info>Listitem.Overlay</info>
				</control>
				<control type="image">
					<posx>-10</posx>
					<posy>153</posy>
					<width>218</width>
					<height>30</height>
					<texture>folder-focus2.png</texture>
				</control>
				<control type="label">
					<posx>99</posx>
					<posy>150</posy>
					<width>180</width>
					<height>22</height>
					<font>font13</font>
					<selectedcolor>red</selectedcolor>
					<shadowcolor>black</shadowcolor>
					<align>center</align>
					<info>ListItem.Label</info>
				</control>
			</focusedlayout>
			<itemlayout condition="!Container.Content(Movies) + !Container.Content(TVShows) + Skin.HasSetting(FullIcons)" height="183" width="198">
				<control type="image">
					<posx>4</posx>
					<posy>4</posy>
					<width>190</width>
					<height>175</height>
					<info>ListItem.Icon</info>
				</control>
				<control type="image">
					<posx>153</posx>
					<posy>150</posy>
					<width>32</width>
					<height>32</height>
					<aspectratio>keep</aspectratio>
					<info>Listitem.Overlay</info>
				</control>
			</itemlayout>
			<focusedlayout condition="!Container.Content(Movies) + !Container.Content(TVShows) + Skin.HasSetting(FullIcons)" height="183" width="198">
				<control type="image">
					<posx>0</posx>
					<posy>0</posy>
					<width>198</width>
					<height>183</height>
					<info>ListItem.Icon</info>
					<bordertexture border="4">folder-focus.png</bordertexture>
					<bordersize>4</bordersize>
				</control>
				<control type="image">
					<posx>153</posx>
					<posy>150</posy>
					<width>32</width>
					<height>32</height>
					<aspectratio>keep</aspectratio>
					<info>Listitem.Overlay</info>
				</control>
			</focusedlayout>
			<itemlayout condition="Container.Content(Movies) + !Skin.HasSetting(FullIcons)" height="275" width="198">
				<control type="image">
					<posx>4</posx>
					<posy>4</posy>
					<width>190</width>
					<height>232</height>
					<info>ListItem.Icon</info>
				</control>
				<control type="image">
					<posx>153</posx>
					<posy>210</posy>
					<width>32</width>
					<height>32</height>
					<aspectratio>keep</aspectratio>
					<info>Listitem.Overlay</info>
				</control>
				<control type="label">
					<posx>99</posx>
					<posy>240</posy>
					<width>180</width>
					<height>22</height>
					<font>font13</font>
					<selectedcolor>red</selectedcolor>
					<align>center</align>
					<info>ListItem.Label</info>
				</control>
			</itemlayout>
			<focusedlayout condition="Container.Content(Movies) + !Skin.HasSetting(FullIcons)" height="275" width="198">
				<control type="image">
					<posx>0</posx>
					<posy>0</posy>
					<width>198</width>
					<height>240</height>
					<info>ListItem.Icon</info>
					<bordertexture border="4">folder-focus.png</bordertexture>
					<bordersize>4</bordersize>
				</control>
				<control type="image">
					<posx>153</posx>
					<posy>210</posy>
					<width>32</width>
					<height>32</height>
					<aspectratio>keep</aspectratio>
					<info>Listitem.Overlay</info>
				</control>
				<control type="image">
					<posx>-10</posx>
					<posy>240</posy>
					<width>218</width>
					<height>35</height>
					<texture>folder-focus2.png</texture>
				</control>
				<control type="label">
					<posx>99</posx>
					<posy>240</posy>
					<width>180</width>
					<height>22</height>
					<font>font13</font>
					<selectedcolor>red</selectedcolor>
					<align>center</align>
					<info>ListItem.Label</info>
				</control>
			</focusedlayout>
			<itemlayout condition="Container.Content(Movies) + Skin.HasSetting(FullIcons)" height="275" width="198">
				<control type="image">
					<posx>4</posx>
					<posy>4</posy>
					<width>190</width>
					<height>267</height>
					<info>ListItem.Icon</info>
				</control>
				<control type="image">
					<posx>153</posx>
					<posy>240</posy>
					<width>32</width>
					<height>32</height>
					<aspectratio>keep</aspectratio>
					<info>Listitem.Overlay</info>
				</control>
			</itemlayout>
			<focusedlayout condition="Container.Content(Movies) + Skin.HasSetting(FullIcons)" height="275" width="198">
				<control type="image">
					<posx>0</posx>
					<posy>0</posy>
					<width>198</width>
					<height>275</height>
					<info>ListItem.Icon</info>
					<bordertexture border="4">folder-focus.png</bordertexture>
					<bordersize>4</bordersize>
				</control>
				<control type="image">
					<posx>153</posx>
					<posy>240</posy>
					<width>32</width>
					<height>32</height>
					<aspectratio>keep</aspectratio>
					<info>Listitem.Overlay</info>
				</control>
			</focusedlayout>
			<itemlayout condition="Container.Content(TVShows) + !Skin.HasSetting(FullIcons)" height="183" width="787">
				<control type="image">
					<posx>4</posx>
					<posy>4</posy>
					<width>779</width>
					<height>138</height>
					<info>ListItem.Icon</info>
				</control>
				<control type="label">
					<posx>383</posx>
					<posy>149</posy>
					<width>767</width>
					<height>25</height>
					<font>font13</font>
					<align>center</align>
					<aligny>center</aligny>
					<selectedcolor>red</selectedcolor>
					<shadowcolor>black</shadowcolor>
					<label>$INFO[ListItem.Label]$INFO[ListItem.Episode,[COLOR=white2] - (, $LOCALIZE[20360])[/COLOR]]</label>
				</control>
			</itemlayout>
			<focusedlayout condition="Container.Content(TVShows) + !Skin.HasSetting(FullIcons)" height="183" width="787">
				<control type="image">
					<posx>0</posx>
					<posy>0</posy>
					<width>787</width>
					<height>146</height>
					<info>ListItem.Icon</info>
					<bordertexture border="4">folder-focus.png</bordertexture>
					<bordersize>4</bordersize>
				</control>
				<control type="image">
					<posx>-10</posx>
					<posy>146</posy>
					<width>787</width>
					<height>35</height>
					<texture>folder-focus2.png</texture>
				</control>
				<control type="label">
					<posx>383</posx>
					<posy>149</posy>
					<width>767</width>
					<height>25</height>
					<font>font13</font>
					<align>center</align>
					<aligny>center</aligny>
					<selectedcolor>red</selectedcolor>
					<shadowcolor>black</shadowcolor>
					<label>$INFO[ListItem.Label]$INFO[ListItem.Episode,[COLOR=white2] - (, $LOCALIZE[20360])[/COLOR]]</label>
				</control>
			</focusedlayout>
			<itemlayout condition="Container.Content(TVShows) + Skin.HasSetting(FullIcons)" height="183" width="787">
				<control type="image">
					<posx>4</posx>
					<posy>4</posy>
					<width>779</width>
					<height>175</height>
					<info>ListItem.Icon</info>
				</control>
			</itemlayout>
			<focusedlayout condition="Container.Content(TVShows) + Skin.HasSetting(FullIcons)" height="183" width="787">
				<control type="image">
					<posx>0</posx>
					<posy>0</posy>
					<width>787</width>
					<height>183</height>
					<info>ListItem.Icon</info>
					<bordertexture border="4">folder-focus.png</bordertexture>
					<bordersize>4</bordersize>
				</control>
			</focusedlayout>
		</control>
		<control type="group">
			<posx>832</posx>
			<posy>85</posy>
			<control type="image">
				<posx>0</posx>
				<posy>0</posy>
				<width>418</width>
				<height>550</height>
				<texture border="10,10,0,10">Info_Panel.png</texture>
				<visible>Control.IsVisible(55)</visible>
			</control>
			<control type="fadelabel" id="206">
				<description>Title Label</description>
				<posx>10</posx>
				<posy>10</posy>
				<width>400</width>
				<height>35</height>
				<font>font16</font>
				<align>left</align>
				<aligny>center</aligny>
				<textcolor>white</textcolor>
				<shadowcolor>black</shadowcolor>
				<info>ListItem.Title</info>
				<visible>Control.IsVisible(55)</visible>
			</control>
			<control type="label">
				<description>Plot Label</description>
				<posx>10</posx>
				<posy>50</posy>
				<width>400</width>
				<height>35</height>
				<font>font13</font>
				<align>left</align>
				<aligy>center</aligy>
				<textcolor>red</textcolor>
				<shadowcolor>black</shadowcolor>
				<label>$LOCALIZE[203]:</label>
				<visible>!IsEmpty(ListItem.Plot)</visible>
				<visible>Control.IsVisible(55)</visible>
			</control>
			<control type="textbox">
				<description>Plot Value</description>
				<posx>10</posx>
				<posy>80</posy>
				<width>400</width>
				<height>460</height>
				<font>font13</font>
				<align>justify</align>
				<aligy>center</aligy>
				<textcolor>white</textcolor>
				<shadowcolor>black</shadowcolor>
				<pagecontrol>2075</pagecontrol>
				<label>$INFO[ListItem.Plot]</label>
				<visible>Control.IsVisible(55)</visible>
				<autoscroll time="2000" delay="3000" repeat="5000">!Skin.HasSetting(AutoScroll)</autoscroll>
			</control>
		</control>
	</include>
	<include name="VideoLibraryFanArt">
		<control type="group">
			<visible>Control.IsVisible(57)</visible>
			<control type="image" id="1">
				<posx>40</posx>
				<posy>5</posy>
				<width>1200</width>
				<height>40</height>
				<colordiffuse>BBFFFFFF</colordiffuse>
				<texture>volume-panel-bg.png</texture>
			</control>
			<control type="label">
				<posx>40</posx>
				<posy>5</posy>
				<width>1200</width>
				<height>40</height>
				<font>font13</font>
				<aligny>center</aligny>
				<align>center</align>
				<info>ListItem.TVShowTitle</info>
			</control>
			<control type="image">
				<posx>0</posx>
				<posy>510</posy>
				<width>950</width>
				<height>200</height>
				<colordiffuse>FFFFFFFF</colordiffuse>
				<texture border="0,10,10,10" flipx="true">Info_Panel.png</texture>
			</control>
			<control type="image">
				<posx>960</posx>
				<posy>60</posy>
				<width>320</width>
				<height>440</height>
				<colordiffuse>FFFFFFFF</colordiffuse>
				<texture border="10,10,0,10">Info_Panel.png</texture>
			</control>
			<control type="textbox">
				<description>Description Value</description>
				<posx>970</posx>
				<posy>70</posy>
				<width>290</width>
				<height>420</height>
				<font>font12</font>
				<align>justify</align>
				<aligy>center</aligy>
				<textcolor>white</textcolor>
				<shadowcolor>black</shadowcolor>
				<pagecontrol>9999999999</pagecontrol>
				<label>$INFO[ListItem.Plot]</label>
				<autoscroll time="2000" delay="3000" repeat="5000">!Skin.HasSetting(AutoScroll)</autoscroll>
			</control>
			<control type="image">
				<posx>960</posx>
				<posy>510</posy>
				<width>330</width>
				<height>200</height>
				<colordiffuse>FFFFFFFF</colordiffuse>
				<texture border="10,10,0,10">Info_Panel.png</texture>
			</control>
			<control type="image">
				<posx>970</posx>
				<posy>515</posy>
				<width>290</width>
				<height>190</height>
				<aspectratio aligny="center">keep</aspectratio>
				<info>Listitem.Icon</info>
				<bordertexture>button-focus.png</bordertexture>
				<bordersize>0,5,0,5</bordersize>
			</control>
			<control type="image">
				<posx>970</posx>
				<posy>660</posy>
				<width>50</width>
				<height>50</height>
				<colordiffuse>FFFFFFFF</colordiffuse>
				<aspectratio>keep</aspectratio>
				<info>Listitem.Overlay</info>
			</control>
		</control>
		<control type="panel" id="57">
			<visible>Container.Content(Episodes)</visible>
			<posx>0</posx>
			<posy>520</posy>
			<width>950</width>
			<height>180</height>
			<onleft>9000</onleft>
			<onright>60</onright>
			<onup>57</onup>
			<ondown>57</ondown>
			<viewtype label="FanArt">list</viewtype>
			<pagecontrol>60</pagecontrol>
			<scrolltime>200</scrolltime>
			<hitrect x="25" y="85" w="615" h="550" />
			<itemlayout height="36" width="500">
				<control type="label">
					<posx>50</posx>
					<posy>0</posy>
					<width>860</width>
					<height>36</height>
					<font>font13</font>
					<aligny>center</aligny>
					<selectedcolor>red</selectedcolor>
					<shadowcolor>black</shadowcolor>
					<align>left</align>
					<info>ListItem.Label</info>
				</control>
				<control type="label">
					<posx>920</posx>
					<posy>0</posy>
					<width>500</width>
					<height>36</height>
					<font>font13</font>
					<aligny>center</aligny>
					<selectedcolor>red</selectedcolor>
					<shadowcolor>black</shadowcolor>
					<align>right</align>
					<info>ListItem.Label2</info>
				</control>
			</itemlayout>
			<focusedlayout height="36" width="500">
				<control type="image">
					<posx>0</posx>
					<posy>0</posy>
					<width>950</width>
					<height>36</height>
					<colordiffuse>FFFFFFFF</colordiffuse>
					<visible>Control.HasFocus(57)</visible>
					<texture>ListItem_Focus.png</texture>
				</control>
				<control type="label">
					<posx>50</posx>
					<posy>0</posy>
					<width>860</width>
					<height>36</height>
					<font>font13</font>
					<aligny>center</aligny>
					<selectedcolor>red</selectedcolor>
					<shadowcolor>black</shadowcolor>
					<align>left</align>
					<info>ListItem.Label</info>
				</control>
				<control type="label">
					<posx>920</posx>
					<posy>0</posy>
					<width>500</width>
					<height>36</height>
					<font>font13</font>
					<aligny>center</aligny>
					<selectedcolor>red</selectedcolor>
					<shadowcolor>black</shadowcolor>
					<align>right</align>
					<info>ListItem.Label2</info>
				</control>
			</focusedlayout>
		</control>
	</include>
	<include name="MusicLibraryMediaInfo1">
		<control type="panel" id="50">
			<posx>25</posx>
			<posy>85</posy>
			<width>1195</width>
			<height>550</height>
			<onleft>9000</onleft>
			<onright>60</onright>
			<onup>50</onup>
			<ondown>50</ondown>
			<viewtype label="544">list</viewtype>
			<pagecontrol>60</pagecontrol>
			<scrolltime>200</scrolltime>
			<hitrect x="25" y="85" w="615" h="550" />
			<itemlayout height="42" width="615">
				<control type="image">
					<posx>40</posx>
					<posy>2</posy>
					<width>38</width>
					<height>38</height>
					<info>ListItem.Icon</info>
				</control>
				<control type="label">
					<posx>90</posx>
					<posy>0</posy>
					<width>520</width>
					<height>42</height>
					<font>font13</font>
					<aligny>center</aligny>
					<selectedcolor>red</selectedcolor>
					<align>left</align>
					<info>ListItem.Label</info>
				</control>
				<control type="label">
					<posx>630</posx>
					<posy>0</posy>
					<width>400</width>
					<height>42</height>
					<font>font13</font>
					<aligny>center</aligny>
					<selectedcolor>red</selectedcolor>
					<textcolor>white</textcolor>
					<align>right</align>
					<info>ListItem.Label2</info>
				</control>
			</itemlayout>
			<focusedlayout height="42" width="615">
				<control type="image">
					<posx>-30</posx>
					<posy>0</posy>
					<width>750</width>
					<height>42</height>
					<colordiffuse>FFFFFFFF</colordiffuse>
					<visible>Control.HasFocus(50)</visible>
					<texture>ListItem_Focus.png</texture>
				</control>
				<control type="image">
					<posx>40</posx>
					<posy>2</posy>
					<width>38</width>
					<height>38</height>
					<info>ListItem.Icon</info>
				</control>
				<control type="label">
					<posx>90</posx>
					<posy>0</posy>
					<width>520</width>
					<height>42</height>
					<font>font13</font>
					<aligny>center</aligny>
					<selectedcolor>red</selectedcolor>
					<align>left</align>
					<info>ListItem.Label</info>
				</control>
				<control type="label">
					<posx>630</posx>
					<posy>0</posy>
					<width>400</width>
					<height>42</height>
					<font>font13</font>
					<aligny>center</aligny>
					<selectedcolor>red</selectedcolor>
					<textcolor>white</textcolor>
					<align>right</align>
					<info>ListItem.Label2</info>
				</control>
			</focusedlayout>
		</control>
		<control type="group">
			<posx>690</posx>
			<posy>85</posy>
			<visible>Control.IsVisible(50) + [![Container.Content(Songs) + !IsEmpty(Listitem.Title)] + ![Container.Content(MusicVideos) + !IsEmpty(Listitem.Title)]]</visible>
			<control type="image">
				<posx>20</posx>
				<posy>20</posy>
				<width>525</width>
				<height>500</height>
				<aspectratio aligny="bottom">keep</aspectratio>
				<info>Listitem.Icon</info>
			</control>
			<control type="image">
				<posx>20</posx>
				<posy>520</posy>
				<width>525</width>
				<height>500</height>
				<info>Listitem.Icon</info>
				<texture flipy="true" diffuse="diffuse_mirror.png" /> 
				<aspectratio aligny="top">keep</aspectratio>
			</control>
			<control type="image">
				<posx>480</posx>
				<posy>465</posy>
				<width>64</width>
				<height>64</height>
				<colordiffuse>FFFFFFFF</colordiffuse>
				<aspectratio>keep</aspectratio>
				<info>Listitem.Overlay</info>
			</control>
		</control>
		<control type="group">
			<posx>690</posx>
			<posy>85</posy>
			<visible>Control.IsVisible(50) + Container.Content(Songs)  + !IsEmpty(Listitem.Title)</visible>
			<control type="image">
				<posx>0</posx>
				<posy>0</posy>
				<width>565</width>
				<height>295</height>
				<colordiffuse>FFFFFFFF</colordiffuse>
				<texture border="10,10,0,10">Info_Panel.png</texture>
			</control>
			<control type="image">
				<posx>0</posx>
				<posy>300</posy>
				<width>565</width>
				<height>255</height>
				<colordiffuse>FFFFFFFF</colordiffuse>
				<texture border="10,10,0,10">Info_Panel.png</texture>
			</control>
			<control type="image">
				<posx>10</posx>
				<posy>55</posy>
				<width>565</width>
				<height>230</height>
				<colordiffuse>FFFFFFFF</colordiffuse>
				<aspectratio>keep</aspectratio>
				<info>Listitem.Icon</info>
			</control>
			<control type="fadelabel">
				<posx>10</posx>
				<posy>10</posy>
				<width>540</width>
				<height>35</height>
				<font>font16</font>
				<align>left</align>
				<aligny>center</aligny>
				<textcolor>white</textcolor>
				<shadowcolor>black</shadowcolor>
				<info>ListItem.title</info>
			</control>
			<control type="label">
				<description>Artist Label</description>
				<posx>10</posx>
				<posy>300</posy>
				<width>545</width>
				<height>35</height>
				<font>font13</font>
				<align>left</align>
				<aligy>center</aligy>
				<textcolor>red</textcolor>
				<shadowcolor>black</shadowcolor>
				<label>$LOCALIZE[557]:</label>
			</control>
			<control type="fadelabel">
				<description>Artist Value</description>
				<posx>10</posx>
				<posy>330</posy>
				<width>545</width>
				<height>35</height>
				<font>font13</font>
				<align>left</align>
				<aligy>center</aligy>
				<textcolor>white</textcolor>
				<shadowcolor>black</shadowcolor>
				<label>$INFO[ListItem.Artist]</label>
			</control>
			<control type="label">
				<description>Album Label</description>
				<posx>10</posx>
				<posy>360</posy>
				<width>545</width>
				<height>35</height>
				<font>font13</font>
				<align>left</align>
				<aligy>center</aligy>
				<textcolor>red</textcolor>
				<shadowcolor>black</shadowcolor>
				<label>$LOCALIZE[558]:</label>
			</control>
			<control type="fadelabel">
				<description>Album Value</description>
				<posx>10</posx>
				<posy>390</posy>
				<width>545</width>
				<height>35</height>
				<font>font13</font>
				<align>left</align>
				<aligy>center</aligy>
				<textcolor>white</textcolor>
				<shadowcolor>black</shadowcolor>
				<label>$INFO[ListItem.Album]</label>
			</control>
			<control type="label">
				<description>Genre Label</description>
				<posx>10</posx>
				<posy>420</posy>
				<width>445</width>
				<height>35</height>
				<font>font13</font>
				<align>left</align>
				<aligy>center</aligy>
				<textcolor>red</textcolor>
				<shadowcolor>black</shadowcolor>
				<label>$LOCALIZE[515]:</label>
			</control>
			<control type="fadelabel">
				<description>Genre Value</description>
				<posx>10</posx>
				<posy>450</posy>
				<width>445</width>
				<height>35</height>
				<font>font13</font>
				<align>left</align>
				<aligy>center</aligy>
				<textcolor>white</textcolor>
				<shadowcolor>black</shadowcolor>
				<label>$INFO[ListItem.Genre]</label>
			</control>
			<control type="label">
				<description>Runtime Label</description>
				<posx>550</posx>
				<posy>420</posy>
				<width>100</width>
				<height>35</height>
				<font>font13</font>
				<align>right</align>
				<aligy>center</aligy>
				<textcolor>red</textcolor>
				<shadowcolor>black</shadowcolor>
				<label>$LOCALIZE[2050]:</label>
			</control>
			<control type="label">
				<description>Runtime Value</description>
				<posx>550</posx>
				<posy>450</posy>
				<width>100</width>
				<height>35</height>
				<font>font13</font>
				<align>right</align>
				<aligy>center</aligy>
				<textcolor>white</textcolor>
				<shadowcolor>black</shadowcolor>
				<label>$INFO[ListItem.Duration]</label>
			</control>
			<control type="label">
				<description>Year Label</description>
				<posx>550</posx>
				<posy>480</posy>
				<width>100</width>
				<height>35</height>
				<font>font13</font>
				<align>right</align>
				<aligy>center</aligy>
				<textcolor>red</textcolor>
				<shadowcolor>black</shadowcolor>
				<label>$LOCALIZE[562]:</label>
			</control>
			<control type="label">
				<description>Year Value</description>
				<posx>550</posx>
				<posy>510</posy>
				<width>100</width>
				<height>35</height>
				<font>font13</font>
				<align>right</align>
				<aligy>center</aligy>
				<textcolor>white</textcolor>
				<shadowcolor>black</shadowcolor>
				<label>$INFO[ListItem.Year]</label>
			</control>
			<control type="label">
				<description>Rating Label</description>
				<posx>10</posx>
				<posy>480</posy>
				<width>545</width>
				<height>35</height>
				<font>font13</font>
				<align>left</align>
				<aligy>center</aligy>
				<textcolor>red</textcolor>
				<shadowcolor>black</shadowcolor>
				<label>$LOCALIZE[563]:</label>
			</control>
			<control type="image">
				<description>Rating value</description>
				<posx>10</posx>
				<posy>510</posy>
				<width>150</width>
				<height>30</height>
				<info>ListItem.Rating</info>
			</control>
		</control>
		<control type="group">
			<posx>690</posx>
			<posy>85</posy>
			<visible>Control.IsVisible(50) + Container.Content(MusicVideos) + !IsEmpty(Listitem.Title)</visible>
			<control type="image">
				<posx>0</posx>
				<posy>0</posy>
				<width>565</width>
				<height>305</height>
				<colordiffuse>FFFFFFFF</colordiffuse>
				<texture border="10,10,0,10">Info_Panel.png</texture>
			</control>
			<control type="image">
				<posx>0</posx>
				<posy>310</posy>
				<width>565</width>
				<height>245</height>
				<colordiffuse>FFFFFFFF</colordiffuse>
				<texture border="10,10,0,10">Info_Panel.png</texture>
			</control>
			<control type="image">
				<posx>10</posx>
				<posy>80</posy>
				<width>240</width>
				<height>210</height>
				<colordiffuse>FFFFFFFF</colordiffuse>
				<aspectratio>keep</aspectratio>
				<info>Listitem.Icon</info>
			</control>
			<control type="image">
				<posx>210</posx>
				<posy>250</posy>
				<width>40</width>
				<height>40</height>
				<colordiffuse>FFFFFFFF</colordiffuse>
				<aspectratio>keep</aspectratio>
				<info>Listitem.Overlay</info>
			</control>
			<control type="fadelabel">
				<posx>10</posx>
				<posy>10</posy>
				<width>540</width>
				<height>35</height>
				<font>font13</font>
				<align>left</align>
				<aligny>center</aligny>
				<textcolor>red</textcolor>
				<shadowcolor>black</shadowcolor>
				<info>ListItem.Artist</info>
			</control>
			<control type="fadelabel">
				<posx>10</posx>
				<posy>40</posy>
				<width>540</width>
				<height>35</height>
				<font>font16</font>
				<align>left</align>
				<aligny>center</aligny>
				<textcolor>white</textcolor>
				<shadowcolor>black</shadowcolor>
				<info>ListItem.title</info>
			</control>
			<control type="label">
				<description>Album Label</description>
				<posx>260</posx>
				<posy>85</posy>
				<width>290</width>
				<height>35</height>
				<font>font13</font>
				<align>left</align>
				<aligy>center</aligy>
				<textcolor>red</textcolor>
				<shadowcolor>black</shadowcolor>
				<label>$LOCALIZE[558]:</label>
				<visible>!IsEmpty(Listitem.Album)</visible>
			</control>
			<control type="fadelabel">
				<description>Album Value</description>
				<posx>260</posx>
				<posy>115</posy>
				<width>290</width>
				<height>35</height>
				<font>font13</font>
				<align>left</align>
				<aligy>center</aligy>
				<textcolor>white</textcolor>
				<shadowcolor>black</shadowcolor>
				<label>$INFO[ListItem.Album]</label>
			</control>
			<control type="label">
				<description>Genre Label</description>
				<posx>260</posx>
				<posy>155</posy>
				<width>290</width>
				<height>35</height>
				<font>font13</font>
				<align>left</align>
				<aligy>center</aligy>
				<textcolor>red</textcolor>
				<shadowcolor>black</shadowcolor>
				<label>$LOCALIZE[515]:</label>
				<visible>!IsEmpty(Listitem.Genre)</visible>
			</control>
			<control type="fadelabel">
				<description>Genre Value</description>
				<posx>260</posx>
				<posy>185</posy>
				<width>290</width>
				<height>35</height>
				<font>font13</font>
				<align>left</align>
				<aligy>center</aligy>
				<textcolor>white</textcolor>
				<shadowcolor>black</shadowcolor>
				<label>$INFO[ListItem.Genre]</label>
			</control>
			<control type="label">
				<description>Year Label</description>
				<posx>260</posx>
				<posy>225</posy>
				<width>290</width>
				<height>35</height>
				<font>font13</font>
				<align>left</align>
				<aligy>center</aligy>
				<textcolor>red</textcolor>
				<shadowcolor>black</shadowcolor>
				<label>$LOCALIZE[562]:</label>
				<visible>!IsEmpty(Listitem.Year)</visible>
			</control>
			<control type="fadelabel">
				<description>Year Value</description>
				<posx>260</posx>
				<posy>255</posy>
				<width>290</width>
				<height>35</height>
				<font>font13</font>
				<align>left</align>
				<aligy>center</aligy>
				<textcolor>white</textcolor>
				<shadowcolor>black</shadowcolor>
				<label>$INFO[ListItem.Year]</label>
			</control>
			<control type="label">
				<description>Description Label</description>
				<posx>10</posx>
				<posy>310</posy>
				<width>545</width>
				<height>35</height>
				<font>font13</font>
				<align>left</align>
				<aligy>center</aligy>
				<textcolor>red</textcolor>
				<shadowcolor>black</shadowcolor>
				<label>$LOCALIZE[15053]:</label>
				<visible>!IsEmpty(Listitem.Plot)</visible>
			</control>
		</control>
		<control type="textbox">
			<description>Description Value</description>
			<posx>700</posx>
			<posy>425</posy>
			<width>545</width>
			<height>200</height>
			<font>font13</font>
			<align>justify</align>
			<aligy>center</aligy>
			<textcolor>white</textcolor>
			<shadowcolor>black</shadowcolor>
			<pagecontrol>9999999999</pagecontrol>
			<label>$INFO[ListItem.Plot]</label>
			<autoscroll time="2000" delay="3000" repeat="5000">!Skin.HasSetting(AutoScroll)</autoscroll>
			<visible>Control.IsVisible(50) + Container.Content(MusicVideos) + !IsEmpty(Listitem.Title)</visible>
			<animation effect="slide" start="0,0" end="-20,0" time="0" condition="!Control.IsVisible(60)">Conditional</animation>
		</control>
	</include>
	<include name="MusicSongsMediaInfo1">
		<control type="panel" id="54">
			<posx>20</posx>
			<posy>85</posy>
			<width>1195</width>
			<height>550</height>
			<onleft>9000</onleft>
			<onright>60</onright>
			<onup>54</onup>
			<ondown>54</ondown>
			<viewtype label="544">list</viewtype>
			<pagecontrol>60</pagecontrol>
			<scrolltime>200</scrolltime>
			<hitrect x="25" y="85" w="615" h="550" />
			<itemlayout height="42" width="615">
				<control type="image">
					<posx>40</posx>
					<posy>2</posy>
					<width>38</width>
					<height>38</height>
					<info>ListItem.Icon</info>
				</control>
				<control type="label">
					<posx>90</posx>
					<posy>0</posy>
					<width>520</width>
					<height>42</height>
					<font>font13</font>
					<aligny>center</aligny>
					<selectedcolor>red</selectedcolor>
					<align>left</align>
					<info>ListItem.Label</info>
				</control>
				<control type="label">
					<posx>630</posx>
					<posy>0</posy>
					<width>400</width>
					<height>42</height>
					<font>font13</font>
					<aligny>center</aligny>
					<selectedcolor>red</selectedcolor>
					<textcolor>white</textcolor>
					<align>right</align>
					<info>ListItem.Label2</info>
				</control>
			</itemlayout>
			<focusedlayout height="42" width="615">
				<control type="image">
					<posx>-30</posx>
					<posy>0</posy>
					<width>750</width>
					<height>42</height>
					<colordiffuse>FFFFFFFF</colordiffuse>
					<visible>Control.HasFocus(54)</visible>
					<texture>ListItem_Focus.png</texture>
				</control>
				<control type="image">
					<posx>40</posx>
					<posy>2</posy>
					<width>38</width>
					<height>38</height>
					<info>ListItem.Icon</info>
				</control>
				<control type="label">
					<posx>90</posx>
					<posy>0</posy>
					<width>520</width>
					<height>42</height>
					<font>font13</font>
					<aligny>center</aligny>
					<selectedcolor>red</selectedcolor>
					<align>left</align>
					<info>ListItem.Label</info>
				</control>
				<control type="label">
					<posx>630</posx>
					<posy>0</posy>
					<width>400</width>
					<height>42</height>
					<font>font13</font>
					<aligny>center</aligny>
					<selectedcolor>red</selectedcolor>
					<textcolor>white</textcolor>
					<align>right</align>
					<info>ListItem.Label2</info>
				</control>
			</focusedlayout>
		</control>
		<control type="group">
			<posx>690</posx>
			<posy>85</posy>
			<visible>Control.IsVisible(54) + IsEmpty(Listitem.Artist)]</visible>
			<control type="image">
				<posx>20</posx>
				<posy>20</posy>
				<width>525</width>
				<height>500</height>
				<aspectratio aligny="bottom">keep</aspectratio>
				<info>Listitem.Icon</info>
			</control>
			<control type="image">
				<posx>20</posx>
				<posy>520</posy>
				<width>525</width>
				<height>500</height>
				<info>Listitem.Icon</info>
				<texture flipy="true" diffuse="diffuse_mirror.png" /> 
				<aspectratio aligny="top">keep</aspectratio>
			</control>
			<control type="image">
				<posx>480</posx>
				<posy>465</posy>
				<width>64</width>
				<height>64</height>
				<colordiffuse>FFFFFFFF</colordiffuse>
				<aspectratio>keep</aspectratio>
				<info>Listitem.Overlay</info>
			</control>
		</control>
		<control type="group">
			<posx>690</posx>
			<posy>85</posy>
			<visible>Control.IsVisible(54) + !IsEmpty(Listitem.Artist)]</visible>
			<control type="image">
				<posx>0</posx>
				<posy>0</posy>
				<width>565</width>
				<height>295</height>
				<colordiffuse>FFFFFFFF</colordiffuse>
				<texture border="10,10,0,10">Info_Panel.png</texture>
			</control>
			<control type="image">
				<posx>0</posx>
				<posy>300</posy>
				<width>565</width>
				<height>255</height>
				<colordiffuse>FFFFFFFF</colordiffuse>
				<texture border="10,10,0,10">Info_Panel.png</texture>
			</control>
			<control type="image">
				<posx>10</posx>
				<posy>55</posy>
				<width>565</width>
				<height>230</height>
				<colordiffuse>FFFFFFFF</colordiffuse>
				<aspectratio>keep</aspectratio>
				<info>Listitem.Icon</info>
			</control>
			<control type="fadelabel">
				<posx>10</posx>
				<posy>10</posy>
				<width>540</width>
				<height>35</height>
				<font>font16</font>
				<align>left</align>
				<aligny>center</aligny>
				<textcolor>white</textcolor>
				<shadowcolor>black</shadowcolor>
				<info>ListItem.title</info>
			</control>
			<control type="label">
				<description>Artist Label</description>
				<posx>10</posx>
				<posy>300</posy>
				<width>545</width>
				<height>35</height>
				<font>font13</font>
				<align>left</align>
				<aligy>center</aligy>
				<textcolor>red</textcolor>
				<shadowcolor>black</shadowcolor>
				<label>$LOCALIZE[557]:</label>
			</control>
			<control type="fadelabel">
				<description>Artist Value</description>
				<posx>10</posx>
				<posy>330</posy>
				<width>545</width>
				<height>35</height>
				<font>font13</font>
				<align>left</align>
				<aligy>center</aligy>
				<textcolor>white</textcolor>
				<shadowcolor>black</shadowcolor>
				<label>$INFO[ListItem.Artist]</label>
			</control>
			<control type="label">
				<description>Album Label</description>
				<posx>10</posx>
				<posy>360</posy>
				<width>545</width>
				<height>35</height>
				<font>font13</font>
				<align>left</align>
				<aligy>center</aligy>
				<textcolor>red</textcolor>
				<shadowcolor>black</shadowcolor>
				<label>$LOCALIZE[558]:</label>
			</control>
			<control type="fadelabel">
				<description>Album Value</description>
				<posx>10</posx>
				<posy>390</posy>
				<width>545</width>
				<height>35</height>
				<font>font13</font>
				<align>left</align>
				<aligy>center</aligy>
				<textcolor>white</textcolor>
				<shadowcolor>black</shadowcolor>
				<label>$INFO[ListItem.Album]</label>
			</control>
			<control type="label">
				<description>Genre Label</description>
				<posx>10</posx>
				<posy>420</posy>
				<width>445</width>
				<height>35</height>
				<font>font13</font>
				<align>left</align>
				<aligy>center</aligy>
				<textcolor>red</textcolor>
				<shadowcolor>black</shadowcolor>
				<label>$LOCALIZE[515]:</label>
			</control>
			<control type="fadelabel">
				<description>Genre Value</description>
				<posx>10</posx>
				<posy>450</posy>
				<width>445</width>
				<height>35</height>
				<font>font13</font>
				<align>left</align>
				<aligy>center</aligy>
				<textcolor>white</textcolor>
				<shadowcolor>black</shadowcolor>
				<label>$INFO[ListItem.Genre]</label>
			</control>
			<control type="label">
				<description>Runtime Label</description>
				<posx>550</posx>
				<posy>420</posy>
				<width>100</width>
				<height>35</height>
				<font>font13</font>
				<align>right</align>
				<aligy>center</aligy>
				<textcolor>red</textcolor>
				<shadowcolor>black</shadowcolor>
				<label>$LOCALIZE[2050]:</label>
			</control>
			<control type="label">
				<description>Runtime Value</description>
				<posx>550</posx>
				<posy>450</posy>
				<width>100</width>
				<height>35</height>
				<font>font13</font>
				<align>right</align>
				<aligy>center</aligy>
				<textcolor>white</textcolor>
				<shadowcolor>black</shadowcolor>
				<label>$INFO[ListItem.Duration]</label>
			</control>
			<control type="label">
				<description>Year Label</description>
				<posx>550</posx>
				<posy>480</posy>
				<width>100</width>
				<height>35</height>
				<font>font13</font>
				<align>right</align>
				<aligy>center</aligy>
				<textcolor>red</textcolor>
				<shadowcolor>black</shadowcolor>
				<label>$LOCALIZE[562]:</label>
			</control>
			<control type="label">
				<description>Year Value</description>
				<posx>550</posx>
				<posy>510</posy>
				<width>100</width>
				<height>35</height>
				<font>font13</font>
				<align>right</align>
				<aligy>center</aligy>
				<textcolor>white</textcolor>
				<shadowcolor>black</shadowcolor>
				<label>$INFO[ListItem.Year]</label>
			</control>
			<control type="label">
				<description>Rating Label</description>
				<posx>10</posx>
				<posy>480</posy>
				<width>545</width>
				<height>35</height>
				<font>font13</font>
				<align>left</align>
				<aligy>center</aligy>
				<textcolor>red</textcolor>
				<shadowcolor>black</shadowcolor>
				<label>$LOCALIZE[563]:</label>
			</control>
			<control type="image">
				<description>Rating value</description>
				<posx>10</posx>
				<posy>510</posy>
				<width>150</width>
				<height>30</height>
				<info>ListItem.Rating</info>
			</control>
		</control>
	</include>
	<include name="ImagesMediaInfo1">
		<control type="panel" id="54">
			<posx>25</posx>
			<posy>87</posy>
			<width>1195</width>
			<height>546</height>
			<onleft>9000</onleft>
			<onright>60</onright>
			<onup>54</onup>
			<ondown>54</ondown>
			<viewtype label="544">list</viewtype>
			<pagecontrol>60</pagecontrol>
			<scrolltime>200</scrolltime>
			<hitrect x="25" y="85" w="615" h="550" />
			<itemlayout height="91" width="615">
				<control type="image">
					<posx>15</posx>
					<posy>5</posy>
					<width>76</width>
					<height>76</height>
					<info>ListItem.Icon</info>
				</control>
				<control type="image">
					<posx>60</posx>
					<posy>49</posy>
					<width>32</width>
					<height>32</height>
					<colordiffuse>FFFFFFFF</colordiffuse>
					<aspectratio>keep</aspectratio>
					<info>Listitem.Overlay</info>
				</control>
				<control type="label">
					<posx>105</posx>
					<posy>0</posy>
					<width>475</width>
					<height>35</height>
					<font>font13</font>
					<aligny>center</aligny>
					<selectedcolor>red</selectedcolor>
					<align>left</align>
					<info>ListItem.Label</info>
				</control>
				<control type="label">
					<posx>105</posx>
					<posy>30</posy>
					<width>475</width>
					<height>30</height>
					<font>font10</font>
					<aligny>center</aligny>
					<selectedcolor>red</selectedcolor>
					<textcolor>grey</textcolor>
					<align>left</align>
					<label>$INFO[ListItem.PictureDateTime,$LOCALIZE[21820] - ]</label>
				</control>
				<control type="label">
					<posx>105</posx>
					<posy>55</posy>
					<width>475</width>
					<height>30</height>
					<font>font10</font>
					<aligny>center</aligny>
					<selectedcolor>red</selectedcolor>
					<textcolor>grey</textcolor>
					<align>left</align>
					<label>$INFO[ListItem.PictureResolution,$LOCALIZE[21805] - ]</label>
				</control>
			</itemlayout>
			<focusedlayout height="91" width="615">
				<control type="image">
					<posx>0</posx>
					<posy>0</posy>
					<width>615</width>
					<height>86</height>
					<colordiffuse>FFFFFFFF</colordiffuse>
					<visible>Control.HasFocus(54)</visible>
					<texture>button-focus.png</texture>
				</control>
				<control type="image">
					<posx>15</posx>
					<posy>5</posy>
					<width>76</width>
					<height>76</height>
					<info>ListItem.Icon</info>
				</control>
				<control type="image">
					<posx>60</posx>
					<posy>49</posy>
					<width>32</width>
					<height>32</height>
					<colordiffuse>FFFFFFFF</colordiffuse>
					<aspectratio>keep</aspectratio>
					<info>Listitem.Overlay</info>
				</control>
				<control type="label">
					<posx>105</posx>
					<posy>0</posy>
					<width>475</width>
					<height>35</height>
					<font>font13</font>
					<aligny>center</aligny>
					<selectedcolor>red</selectedcolor>
					<align>left</align>
					<info>ListItem.Label</info>
				</control>
				<control type="label">
					<posx>105</posx>
					<posy>30</posy>
					<width>475</width>
					<height>30</height>
					<font>font10</font>
					<aligny>center</aligny>
					<selectedcolor>red</selectedcolor>
					<textcolor>grey</textcolor>
					<align>left</align>
					<label>$INFO[ListItem.PictureDateTime,$LOCALIZE[21820] - ]</label>
				</control>
				<control type="label">
					<posx>105</posx>
					<posy>55</posy>
					<width>475</width>
					<height>30</height>
					<font>font10</font>
					<aligny>center</aligny>
					<selectedcolor>red</selectedcolor>
					<textcolor>grey</textcolor>
					<align>left</align>
					<label>$INFO[ListItem.PictureResolution,$LOCALIZE[21805] - ]</label>
				</control>
			</focusedlayout>
		</control>
		<control type="group">
			<posx>690</posx>
			<posy>87</posy>
			<visible>Control.IsVisible(54)</visible>
			<control type="fadelabel">
				<posx>10</posx>
				<posy>10</posy>
				<width>540</width>
				<height>35</height>
				<font>font16</font>
				<align>left</align>
				<aligny>center</aligny>
				<textcolor>white</textcolor>
				<shadowcolor>black</shadowcolor>
				<info>ListItem.label</info>
			</control>
			<control type="image">
				<description>ListItem Pic</description>
				<posx>20</posx>
				<posy>50</posy>
				<width>525</width>
				<height>450</height>
				<aspectratio aligny="bottom">keep</aspectratio>
				<texture>$INFO[Listitem.Icon]</texture>
			</control>
			<control type="image">
				<posx>20</posx>
				<posy>500</posy>
				<width>525</width>
				<height>470</height>
				<info>Listitem.Icon</info>
				<texture flipy="true" diffuse="diffuse_mirror.png" /> 
				<aspectratio aligny="top">keep</aspectratio>
			</control>
		</control>
	</include>
</includes>
