<window type="dialog" id="1111">
	<defaultcontrol>9000</defaultcontrol>
	<coordinates>
		<system>1</system>
		<posx>40</posx>
		<posy>100</posy>
	</coordinates>
	<include>dialogeffect</include>
	<controls>
		<control type="image">
			<posx>0</posx>
			<posy>0</posy>
			<width>1200</width>
			<height>500</height>
			<texture border="0,45,0,10">Dialog.png</texture>
		</control>
		<control type="image">
			<posx>580</posx>
			<posy>52</posy>
			<width>40</width>
			<height>16</height>
			<texture>Arrow_Up.png</texture>
			<visible>Container(9000).HasPrevious</visible>
		</control>
		<control type="image">
			<posx>580</posx>
			<posy>470</posy>
			<width>40</width>
			<height>16</height>
			<texture>Arrow_Down.png</texture>
			<visible>Container(9000).HasNext</visible>
		</control>
		<control type="label" id="1">
			<description>heading label</description>
			<posx>0</posx>
			<posy>0</posy>
			<width>1200</width>
			<height>40</height>
			<align>center</align>
			<aligny>center</aligny>
			<font>font16</font>
			<label>20077</label>
			<textcolor>red</textcolor>
			<shadowcolor>black</shadowcolor>
		</control>
		<control type="grouplist" id="9000">
			<posx>215</posx>
			<posy>70</posy>
			<width>770</width>
			<height>390</height>
			<itemgap>2</itemgap>
			<pagecontrol>-</pagecontrol>
			<onleft>-</onleft>
			<onright>-</onright>
			<onup>9000</onup>
			<ondown>9000</ondown>
<!--			<control type="button" id="100">
				<description>Download Themes Button</description>
				<width>770</width>
				<height>45</height>
				<label>31010</label>
				<onclick>XBMC.RunScript(Q:\skin\Basics-101\extras\Get_Themes.py)</onclick>
				<pulseonselect>no</pulseonselect>
				<texturenofocus>-</texturenofocus>
			</control>
-->			<control type="radiobutton" id="101">
				<description>Alternate Home RadioButton</description>
				<width>770</width>
				<height>45</height>
				<label>31009</label>
				<onclick>Skin.ToggleSetting(Alternate_Home)</onclick>
				<selected>Skin.HasSetting(Alternate_Home)</selected>
				<pulseonselect>no</pulseonselect>
				<texturefocus border="10,0,10,0">folder-focus2.png</texturefocus>
				<texturenofocus>dialog-button-nofocus.png</texturenofocus>
				<radioposx>720</radioposx>
			</control>
			<control type="radiobutton" id="102">
				<description>Time in Home Circle RadioButton</description>
				<width>770</width>
				<height>45</height>
				<label>31023</label>
				<onclick>Skin.ToggleSetting(TimeInCircle)</onclick>
				<selected>Skin.HasSetting(TimeInCircle)</selected>
				<pulseonselect>no</pulseonselect>
				<texturefocus border="10,0,10,0">folder-focus2.png</texturefocus>
				<texturenofocus>dialog-button-nofocus.png</texturenofocus>
				<radioposx>720</radioposx>
				<enable>!Skin.HasSetting(Alternate_Home)</enable>
			</control>
			<control type="image" id="201">
				<description>separator image</description>
				<width>770</width>
				<height>5</height>
				<colordiffuse>AAFFFFFF</colordiffuse>
				<texture>separator.png</texture>
			</control>
			<control type="radiobutton" id="103">
				<description>Auto scroll Plot RadioButton</description>
				<width>770</width>
				<height>45</height>
				<label>20189</label>
				<onclick>Skin.ToggleSetting(AutoScroll)</onclick>
				<selected>!Skin.HasSetting(AutoScroll)</selected>
				<pulseonselect>no</pulseonselect>
				<texturefocus border="10,0,10,0">folder-focus2.png</texturefocus>
				<texturenofocus>dialog-button-nofocus.png</texturenofocus>
				<radioposx>720</radioposx>
			</control>
			<control type="radiobutton" id="104">
				<description>Extra Large DVD Icons RadioButton</description>
				<width>770</width>
				<height>45</height>
				<label>31014</label>
				<onclick>Skin.ToggleSetting(FullIcons)</onclick>
				<selected>Skin.HasSetting(FullIcons)</selected>
				<pulseonselect>no</pulseonselect>
				<texturefocus border="10,0,10,0">folder-focus2.png</texturefocus>
				<texturenofocus>dialog-button-nofocus.png</texturenofocus>
				<radioposx>720</radioposx>
			</control>
			<control type="image" id="202">
				<description>separator image</description>
				<width>770</width>
				<height>5</height>
				<colordiffuse>AAFFFFFF</colordiffuse>
				<texture>separator.png</texture>
			</control>
			<control type="radiobutton" id="105">
				<description>Background Visualisation RadioButton</description>
				<width>770</width>
				<height>45</height>
				<label>31011</label>
				<onclick>Skin.ToggleSetting(Back_Vis)</onclick>
				<selected>!Skin.HasSetting(Back_Vis)</selected>
				<pulseonselect>no</pulseonselect>
				<texturefocus border="10,0,10,0">folder-focus2.png</texturefocus>
				<texturenofocus>dialog-button-nofocus.png</texturenofocus>
				<radioposx>720</radioposx>
			</control>
			<control type="radiobutton" id="106">
				<description>Background Video RadioButton</description>
				<width>770</width>
				<height>45</height>
				<label>31012</label>
				<onclick>Skin.ToggleSetting(Back_Video)</onclick>
				<selected>!Skin.HasSetting(Back_Video)</selected>
				<pulseonselect>no</pulseonselect>
				<texturefocus border="10,0,10,0">folder-focus2.png</texturefocus>
				<texturenofocus>dialog-button-nofocus.png</texturenofocus>
				<radioposx>720</radioposx>
			</control>
			<control type="image" id="203">
				<description>separator image</description>
				<width>770</width>
				<height>5</height>
				<colordiffuse>AAFFFFFF</colordiffuse>
				<texture>separator.png</texture>
			</control>
			<control type="button" id="107">
				<description>Browse for Custom Background Button</description>
				<width>770</width>
				<height>45</height>
				<label>31024</label>
				<onclick>Skin.SetImage(Custom_Background)</onclick>
				<pulseonselect>no</pulseonselect>
				<texturefocus border="10,0,10,0">folder-focus2.png</texturefocus>
				<texturenofocus>dialog-button-nofocus.png</texturenofocus>
			</control>
			<control type="button" id="108">
				<description>Reset Custom Background Button</description>
				<width>770</width>
				<height>45</height>
				<label>31025</label>
				<onclick>Skin.Reset(Custom_Background)</onclick>
				<onclick>SetFocus(107)</onclick>
				<pulseonselect>no</pulseonselect>
				<texturefocus border="10,0,10,0">folder-focus2.png</texturefocus>
				<texturenofocus>dialog-button-nofocus.png</texturenofocus>
				<enable>Skin.String(Custom_Background)</enable>
			</control>
			<control type="image" id="204">
				<description>separator image</description>
				<width>770</width>
				<height>5</height>
				<colordiffuse>AAFFFFFF</colordiffuse>
				<texture>separator.png</texture>
			</control>
			<control type="radiobutton" id="109">
				<description>Lyrics in OSD RadioButton</description>
				<width>770</width>
				<height>45</height>
				<label>31026</label>
				<onclick>Skin.ToggleSetting(EnableLyricsInOSD)</onclick>
				<selected>Skin.HasSetting(EnableLyricsInOSD)</selected>
				<pulseonselect>no</pulseonselect>
				<texturefocus border="10,0,10,0">folder-focus2.png</texturefocus>
				<texturenofocus>dialog-button-nofocus.png</texturenofocus>
				<radioposx>720</radioposx>
			</control>
		</control>
	</controls>
</window>