<window id="115">
	<defaultcontrol>1</defaultcontrol>
	<visible>Player.Seeking | Player.DisplayAfterSeek | Player.Paused | Player.Forwarding | Player.Rewinding</visible>
	<include>dialogeffect</include>
	<coordinates>
		<system>1</system>
		<posx>278</posx>
		<posy>20</posy>
	</coordinates>
	<controls>
		<control type="group">
			<animation effect="slide" end="0,100" time="100" condition="Window.IsVisible(Home)">Conditional</animation>
			<control type="image">
				<description>Media Overlay Image</description>
				<posx>0</posx>
				<posy>0</posy>
				<width>724</width>
				<height>44</height>
				<texture>volume-panel-bg.png</texture>
			</control>
			<!-- playstate images -->
			<control type="label">
				<description>Playing Label</description>
				<posx>239</posx>
				<posy>0</posy>
				<width>245</width>
				<height>25</height>
				<align>center</align>
				<font>font12</font>
				<textcolor>white</textcolor>
				<label>31018</label>
				<visible>Player.Playing + !Player.Seeking</visible>
			</control>
			<control type="label">
				<description>Paused Label</description>
				<posx>239</posx>
				<posy>0</posy>
				<width>245</width>
				<height>25</height>
				<align>center</align>
				<font>font12</font>
				<textcolor>white</textcolor>
				<label>31019</label>
				<visible>Player.Paused + !Player.Seeking</visible>
			</control>
			<control type="label">
				<description>Seeking Label</description>
				<posx>239</posx>
				<posy>0</posy>
				<width>245</width>
				<height>25</height>
				<align>center</align>
				<font>font12</font>
				<textcolor>white</textcolor>
				<label>773</label>
				<visible>Player.Seeking</visible>
			</control>

			<control type="label">
				<description>RW x2 Label</description>
				<posx>239</posx>
				<posy>0</posy>
				<width>245</width>
				<height>25</height>
				<align>center</align>
				<font>font12</font>
				<textcolor>white</textcolor>
				<label>$LOCALIZE[31021] x2</label>
				<visible>Player.Rewinding2x + !Player.Seeking</visible>
			</control>
			<control type="label">
				<description>RW x4 Label</description>
				<posx>239</posx>
				<posy>0</posy>
				<width>245</width>
				<height>25</height>
				<align>center</align>
				<font>font12</font>
				<textcolor>white</textcolor>
				<label>$LOCALIZE[31021] x4</label>
				<visible>Player.Rewinding4x + !Player.Seeking</visible>
			</control>
			<control type="label">
				<description>RW x8 Label</description>
				<posx>239</posx>
				<posy>0</posy>
				<width>245</width>
				<height>25</height>
				<align>center</align>
				<font>font12</font>
				<textcolor>white</textcolor>
				<label>$LOCALIZE[31021] x8</label>
				<visible>Player.Rewinding8x + !Player.Seeking</visible>
			</control>
			<control type="label">
				<description>RW x16 Label</description>
				<posx>239</posx>
				<posy>0</posy>
				<width>245</width>
				<height>25</height>
				<align>center</align>
				<font>font12</font>
				<textcolor>white</textcolor>
				<label>$LOCALIZE[31021] x16</label>
				<visible>Player.Rewinding16x</visible>
			</control>
			<control type="label">
				<description>RW x32 Label</description>
				<posx>239</posx>
				<posy>0</posy>
				<width>245</width>
				<height>25</height>
				<align>center</align>
				<font>font12</font>
				<textcolor>white</textcolor>
				<label>$LOCALIZE[31021] x32</label>
				<visible>Player.Rewinding32x + !Player.Seeking</visible>
			</control>

			<control type="label">
				<description>FF x2 Label</description>
				<posx>239</posx>
				<posy>0</posy>
				<width>245</width>
				<height>25</height>
				<align>center</align>
				<font>font12</font>
				<textcolor>white</textcolor>
				<label>$LOCALIZE[31020] x2</label>
				<visible>Player.Forwarding2x + !Player.Seeking</visible>
			</control>
			<control type="label">
				<description>FF x4 Label</description>
				<posx>239</posx>
				<posy>0</posy>
				<width>245</width>
				<height>25</height>
				<align>center</align>
				<font>font12</font>
				<textcolor>white</textcolor>
				<label>$LOCALIZE[31020] x4</label>
				<visible>Player.Forwarding4x + !Player.Seeking</visible>
			</control>
			<control type="label">
				<description>FF x8 Label</description>
				<posx>239</posx>
				<posy>0</posy>
				<width>245</width>
				<height>25</height>
				<align>center</align>
				<font>font12</font>
				<textcolor>white</textcolor>
				<label>$LOCALIZE[31020] x8</label>
				<visible>Player.Forwarding8x</visible>
			</control>
			<control type="label">
				<description>FF x16 Label</description>
				<posx>239</posx>
				<posy>0</posy>
				<width>245</width>
				<height>25</height>
				<align>center</align>
				<font>font12</font>
				<textcolor>white</textcolor>
				<label>$LOCALIZE[31020] x16</label>
				<visible>Player.Forwarding16x + !Player.Seeking</visible>
			</control>
			<control type="label">
				<description>FF x32 Label</description>
				<posx>239</posx>
				<posy>0</posy>
				<width>245</width>
				<height>25</height>
				<align>center</align>
				<font>font12</font>
				<textcolor>white</textcolor>
				<label>$LOCALIZE[31020] x32</label>
				<visible>Player.Forwarding32x + !Player.Seeking</visible>
			</control>

			<!-- progressbar dialog -->
			<control type="label" id="22">
				<description>Elapsed Time Label</description>
				<posx>229</posx>
				<posy>6</posy>
				<font>font13</font>
				<align>right</align>
				<info>Player.Time</info>
				<width>110</width>
				<height>16</height>
				<visible>!Player.Seeking</visible>
			</control>
			<control type="label" id="22">
				<description>Seek Time Label</description>
				<posx>229</posx>
				<posy>6</posy>
				<font>font13</font>
				<align>right</align>
				<info>Player.SeekTime</info>
				<width>110</width>
				<height>16</height>
				<visible>Player.Seeking</visible>
			</control>
			<control type="label" id="0">
				<description>Duration Label</description>
				<posx>494</posx>
				<posy>6</posy>
				<label>$INFO[Player.Duration]</label>
				<font>font13</font>
				<align>left</align>
				<width>130</width>
				<height>16</height>
			</control>
			<control type="progress" id="23">
				<description>Progressbar</description>
				<posx>239</posx>
				<posy>27</posy>
				<width>245</width>
				<height>8</height>
				<info>Player.Progress</info>
				<texturebg>progress_back.png</texturebg>
				<lefttexture>-</lefttexture>
				<midtexture border="2">progress_middle.png</midtexture>
				<righttexture>-</righttexture>
				<overlaytexture>-</overlaytexture>
				<visible>true</visible>
			</control>
			<control type="slider" id="401">
				<description>Seek Slider</description>
				<posx>239</posx>
				<posy>25</posy>
				<width>245</width>
				<height>12</height>
				<texturesliderbar>seekslider.png</texturesliderbar>
				<textureslidernib>slider_nibFO.png</textureslidernib>
				<textureslidernibfocus>slider_nibFO.png</textureslidernibfocus>
				<visible>true</visible>
				<onup>1</onup>
				<ondown>1</ondown>
				<onleft>1</onleft>
				<onright>1</onright>
			</control>
		</control>
	</controls>
</window>