<window id="104">
	<defaultcontrol>1</defaultcontrol>
	<include>dialogeffect</include>
	<coordinates>
		<system>1</system>
		<posx>278</posx>
		<posy>650</posy>
	</coordinates>
	<controls>
		<control type="image" id="0">
			<description>popup volume dialog background</description>
			<posx>0</posx>
			<posy>0</posy>
			<width>724</width>
			<height>44</height>
			<texture>volume-panel-bg.png</texture>
		</control>
		<control type="label">
			<description>volume label</description>
			<posx>215</posx>
			<posy>0</posy>
			<width>300</width>
			<height>44</height>
			<font>font12</font>
			<align>right</align>
			<aligny>center</aligny>
			<label>13376</label>
		</control>
		<control type="progress" id="1">
			<description>progress control</description>
			<posx>230</posx>
			<posy>13</posy>
			<width>256</width>
			<height>22</height>
			<reveal>true</reveal>
			<info>Player.Volume</info>
			<texturebg>volume_background.png</texturebg>
			<lefttexture>-</lefttexture>
			<midtexture>volume_middle.png</midtexture>
			<righttexture>-</righttexture>
			<overlaytexture>-</overlaytexture>
		</control>
		<control type="label">
			<description>volume label</description>
			<posx>501</posx>
			<posy>0</posy>
			<width>300</width>
			<height>44</height>
			<font>font12</font>
			<align>left</align>
			<aligny>center</aligny>
			<info>Player.Volume</info>
		</control>
	</controls>
</window>