<window type="dialog" id="2000">
	<defaultcontrol always="true">3</defaultcontrol>
	<coordinates>
		<system>1</system>
		<posx>40</posx>
		<posy>100</posy>
		<origin x="40" y="125">!Control.IsVisible(5)</origin>
	</coordinates>
	<include>dialogeffect</include>
	<controls>
		<control type="image">
			<posx>0</posx>
			<posy>0</posy>
			<width>1200</width>
			<height>500</height>
			<texture border="0,45,0,10">Dialog.png</texture>
			<visible>Control.Isvisible(5)</visible>
		</control>
		<control type="image">
			<posx>0</posx>
			<posy>0</posy>
			<width>1200</width>
			<height>450</height>
			<texture border="0,45,0,10">Dialog.png</texture>
			<visible>!Control.Isvisible(5)</visible>
		</control>
		<control type="image">
			<posx>580</posx>
			<posy>52</posy>
			<width>40</width>
			<height>16</height>
			<texture>Arrow_Up.png</texture>
			<visible>Container(3).HasPrevious</visible>
		</control>
		<control type="image">
			<posx>580</posx>
			<posy>420</posy>
			<width>40</width>
			<height>16</height>
			<texture>Arrow_Down.png</texture>
			<visible>Container(3).HasNext</visible>
		</control>
		<control type="label" id="1">
			<description>heading label</description>
			<posx>0</posx>
			<posy>0</posy>
			<width>1200</width>
			<height>40</height>
			<align>center</align>
			<aligny>center</aligny>
			<font>font16</font>
			<label>-</label>
			<textcolor>red</textcolor>
			<shadowcolor>black</shadowcolor>
		</control>
		<control type="list" id="3">
			<posx>215</posx>
			<posy>70</posy>
			<width>770</width>
			<height>350</height>
			<onleft>5</onleft>
			<onright>5</onright>
			<onup>3</onup>
			<ondown>3</ondown>
			<pagecontrol>-</pagecontrol>
			<scrolltime>200</scrolltime>
			<itemlayout height="50">
				<control type="image">
					<posx>0</posx>
					<posy>0</posy>
					<width>770</width>
					<height>45</height>
					<texture>dialog-button-nofocus.png</texture>
				</control>
				<control type="label">
					<posx>15</posx>
					<posy>5</posy>
					<width>760</width>
					<height>35</height>
					<font>font13</font>
					<aligny>center</aligny>
					<selectedcolor>red</selectedcolor>
					<align>left</align>
					<info>ListItem.Label</info>
				</control>
			</itemlayout>
			<focusedlayout height="50">
				<control type="image">
					<posx>0</posx>
					<posy>0</posy>
					<width>760</width>
					<height>45</height>
					<visible>!Control.HasFocus(3)</visible>
					<texture>dialog-button-nofocus.png</texture>
				</control>
				<control type="image">
					<posx>0</posx>
					<posy>0</posy>
					<width>770</width>
					<height>45</height>
					<visible>Control.HasFocus(3)</visible>
					<texture border="10,0,10,0">folder-focus2.png</texture>
				</control>
				<control type="label">
					<posx>15</posx>
					<posy>5</posy>
					<width>700</width>
					<height>35</height>
					<font>font13</font>
					<aligny>center</aligny>
					<selectedcolor>red</selectedcolor>
					<align>left</align>
					<info>ListItem.Label</info>
				</control>
			</focusedlayout>
		</control>
		<control type="button" id="5">
			<description>OK Button</description>
			<posx>475</posx>
			<posy>445</posy>
			<width>250</width>
			<height>40</height>
			<font>font13</font>
			<align>center</align>
			<texturefocus>button-focus.png</texturefocus>
			<texturenofocus>button-nofocus.png</texturenofocus>
			<label>186</label>
			<onleft>3</onleft>
			<onright>3</onright>
			<onup>3</onup>
			<ondown>3</ondown>
		</control>
	</controls>
</window>