<window id="113">
	<defaultcontrol>-</defaultcontrol>
	<coordinates>
		<system>0</system>
		<posx>920</posx>
		<posy>20</posy>
	</coordinates>
	<controls>
		<control type="image">
			<description>popup volume dialog background</description>
			<posx>0</posx>
			<posy>0</posy>
			<width>360</width>
			<height>44</height>
			<texture>volume-panel-bg.png</texture>
		</control>
		<control type="image">
			<description>Speaker Icon</description>
			<posx>280</posx>
			<posy>6</posy>
			<width>32</width>
			<height>32</height>
			<aspectratio>keep</aspectratio>
			<texture>mute.png</texture>
		</control>
		<control type="label" id="0">
			<description>Label</description>
			<posx>270</posx>
			<posy>5</posy>
			<width>260</width>
			<height>30</height>
			<label>31007</label>
			<font>font13</font>
			<align>right</align>
			<aligny>center</aligny>
		</control>
	</controls>
</window>