<window id="135">
	<defaultcontrol>10</defaultcontrol>
	<coordinates>
		<system>1</system>
		<posx>40</posx>
		<posy>100</posy>
	</coordinates>
	<include>dialogeffect</include>
	<controls>
		<control type="image">
			<posx>0</posx>
			<posy>0</posy>
			<width>1200</width>
			<height>500</height>
			<texture border="0,45,0,10">Dialog.png</texture>
		</control>
		<control type="label">
			<description>heading label</description>
			<posx>0</posx>
			<posy>0</posy>
			<width>1200</width>
			<height>40</height>
			<align>center</align>
			<aligny>center</aligny>
			<font>font16</font>
			<label>$LOCALIZE[658]</label>
			<textcolor>red</textcolor>
			<shadowcolor>black</shadowcolor>
		</control>
		<control type="label">
			<description>Song Title value</description>
			<posx>0</posx>
			<posy>50</posy>
			<width>1200</width>
			<height>40</height>
			<align>center</align>
			<aligny>center</aligny>
			<font>font16b</font>
			<info>ListItem.Title</info>
		</control>
		<control type="image">
			<description>Album Cover image</description>
			<posx>215</posx>
			<posy>95</posy>
			<width>250</width>
			<height>230</height>
			<aspectratio aligny="bottom">keep</aspectratio>
			<info>ListItem.Icon</info>
		</control>
		<control type="image">
			<description>Album Cover image</description>
			<posx>215</posx>
			<posy>325</posy>
			<width>250</width>
			<height>230</height>
			<aspectratio>keep</aspectratio>
			<info>ListItem.Icon</info>
			<texture flipy="true" diffuse="diffuse_mirror.png" /> 
			<aspectratio aligny="top">keep</aspectratio>
		</control>
		<control type="label">
			<description>Artist</description>
			<posx>480</posx>
			<posy>95</posy>
			<width>120</width>
			<font>font13</font>
			<label>$LOCALIZE[557]:</label>
			<textcolor>red</textcolor>
		</control>
		<control type="label">
			<description>Album</description>
			<posx>480</posx>
			<posy>130</posy>
			<width>120</width>
			<font>font13</font>
			<label>$LOCALIZE[558]:</label>
			<textcolor>red</textcolor>
		</control>
		<control type="label">
			<description>Genre</description>
			<posx>480</posx>
			<posy>165</posy>
			<width>120</width>
			<label>$LOCALIZE[515]:</label>
			<font>font13</font>
			<textcolor>red</textcolor>
		</control>
		<control type="label">
			<description>Year</description>
			<posx>480</posx>
			<posy>200</posy>
			<width>120</width>
			<label>$LOCALIZE[562]:</label>
			<font>font13</font>
			<textcolor>red</textcolor>
		</control>
		<control type="label">
			<description>Track Number</description>
			<posx>480</posx>
			<posy>235</posy>
			<width>120</width>
			<label>$LOCALIZE[554]:</label>
			<font>font13</font>
			<textcolor>red</textcolor>
		</control>
		<control type="fadelabel">
			<description>Artist value</description>
			<posx>610</posx>
			<posy>95</posy>
			<width>370</width>
			<font>font13</font>
			<info>ListItem.Artist</info>
		</control>
		<control type="fadelabel">
			<description>Album value</description>
			<posx>610</posx>
			<posy>130</posy>
			<width>370</width>
			<info>ListItem.Album</info>
			<font>font13</font>
		</control>
		<control type="fadelabel">
			<description>Genre value</description>
			<posx>610</posx>
			<posy>165</posy>
			<width>370</width>
			<info>ListItem.Genre</info>
			<font>font13</font>
		</control>
		<control type="fadelabel">
			<description>year value</description>
			<posx>610</posx>
			<posy>200</posy>
			<width>370</width>
			<info>ListItem.Year</info>
			<font>font13</font>
		</control>
		<control type="fadelabel">
			<description>Track Number value</description>
			<posx>610</posx>
			<posy>235</posy>
			<width>370</width>
			<info>ListItem.TrackNumber</info>
			<font>font13</font>
		</control>
		<control type="label">
			<description>Rating</description>
			<posx>480</posx>
			<posy>285</posy>
			<width>120</width>
			<label>$LOCALIZE[563]:</label>
			<font>font13</font>
			<textcolor>red</textcolor>
		</control>
		<control type="image">
			<description>Rating value</description>
			<posx>610</posx>
			<posy>285</posy>
			<width>150</width>
			<height>30</height>
			<info>ListItem.Rating</info>
		</control>
		<control type="button" id="14">
			<description>Decrease Rating</description>
			<posx>770</posx>
			<posy>287</posy>
			<width>20</width>
			<height>20</height>
			<onclick>DecreaseRating</onclick>
			<texturenofocus>scroll-down.png</texturenofocus>
			<texturefocus>scroll-down-focus.png</texturefocus>
			<onleft>15</onleft>
			<onright>15</onright>
			<ondown>9000</ondown>
			<onup>9000</onup>
		</control>
		<control type="button" id="15">
			<description>Increase Rating</description>
			<posx>790</posx>
			<posy>287</posy>
			<width>20</width>
			<height>20</height>
			<onclick>IncreaseRating</onclick>
			<texturenofocus>scroll-up.png</texturenofocus>
			<texturefocus>scroll-up-focus.png</texturefocus>
			<onleft>14</onleft>
			<onright>14</onright>
			<ondown>9000</ondown>
			<onup>9000</onup>
		</control>
		<control type="textbox">
			<description>Comment value</description>
			<posx>216</posx>
			<posy>330</posy>
			<width>770</width>
			<height>110</height>
			<font>font13</font>
			<pagecontrol>999999999</pagecontrol>
			<label>$INFO[ListItem.Comment,$LOCALIZE[569]: ]</label>
		</control>
		<control type="group" id="9000">
			<posx>210</posx>
			<posy>445</posy>
			<control type="button" id="10">
				<description>OK Button</description>
				<posx>0</posx>
				<posy>0</posy>
				<width>250</width>
				<height>40</height>
				<align>center</align>
				<label>186</label>
				<onleft>12</onleft>
				<onright>11</onright>
				<onup>14</onup>
				<ondown>14</ondown>
			</control>
			<control type="button" id="11">
				<description>Cancel Button</description>
				<posx>260</posx>
				<posy>0</posy>
				<width>250</width>
				<height>40</height>
				<align>center</align>
				<label>222</label>
				<onleft>10</onleft>
				<onright>12</onright>
				<onup>14</onup>
				<ondown>14</ondown>
			</control>
			<control type="button" id="12">
				<description>Album Info Button</description>
				<posx>520</posx>
				<posy>0</posy>
				<width>250</width>
				<height>40</height>
				<align>center</align>
				<label>10523</label>
				<onleft>11</onleft>
				<onright>10</onright>
				<onup>14</onup>
				<ondown>14</ondown>
			</control>
		</control>
	</controls>
</window>