<window id="136">
	<animation effect="fade" time="100">WindowOpen</animation>
	<animation effect="fade" time="200">WindowClose</animation>
	<coordinates>
		<system>0</system>
		<posx>920</posx>
		<posy>5</posy>
	</coordinates>
	<controls>
		<control type="image">
			<description>popup volume dialog background</description>
			<posx>0</posx>
			<posy>0</posy>
			<width>360</width>
			<height>64</height>
			<texture>volume-panel-bg.png</texture>
		</control>
		<control type="multiimage">
			<description>Busy animation</description>
			<posx>220</posx>
			<posy>9</posy>
			<width>104</width>
			<height>52</height>
			<imagepath>busy</imagepath>
			<timeperimage>100</timeperimage>
			<fadetime>0</fadetime>
		</control>
		<control type="label">
			<description>Busy label</description>
			<posx>200</posx>
			<posy>5</posy>
			<width>300</width>
			<height>54</height>
			<align>right</align>
			<aligny>center</aligny>
			<label>31008</label>
			<font>font13</font>
		</control>
	</controls>
</window>