<window id="111">
	<defaultcontrol>2000</defaultcontrol>
	<coordinates>
		<system>1</system>
		<posx>880</posx>
		<posy>0</posy>
	</coordinates>
	<animation effect="slide" time="150" start="345,0" condition="!Skin.HasSetting(animated)">WindowOpen</animation>
	<animation effect="slide" time="150" end="345,0" condition="!Skin.HasSetting(animated)">WindowClose</animation>
	<controls>
		<control type="image">
			<posx>0</posx>
			<posy>0</posy>
			<width>400</width>
			<height>720</height>
			<texture flipx="true">Side_Slideout.png</texture>
		</control>
		<control type="list" id="2000">
			<posx>45</posx>
			<posy>140</posy>
			<width>340</width>
			<height>400</height>
			<onleft>Dialog.Close(shutdownmenu)</onleft>
			<onright>2000</onright>
			<onup>2000</onup>
			<ondown>2000</ondown>
			<pagecontrol>60</pagecontrol>
			<scrolltime>200</scrolltime>
			<itemlayout height="45">
				<control type="label">
					<posx>35</posx>
					<posy>5</posy>
					<width>270</width>
					<height>30</height>
					<font>font13</font>
					<aligny>center</aligny>
					<selectedcolor>red</selectedcolor>
					<align>left</align>
					<info>ListItem.Label</info>
				</control>
			</itemlayout>
			<focusedlayout height="45">
				<control type="image">
					<posx>0</posx>
					<posy>0</posy>
					<width>340</width>
					<height>40</height>
					<colordiffuse>FFFFFFFF</colordiffuse>
					<visible>Control.HasFocus(2000)</visible>
					<texture>button-focus.png</texture>
				</control>
				<control type="label">
					<posx>35</posx>
					<posy>5</posy>
					<width>270</width>
					<height>30</height>
					<font>font13</font>
					<aligny>center</aligny>
					<selectedcolor>red</selectedcolor>
					<align>left</align>
					<info>ListItem.Label</info>
				</control>
			</focusedlayout>
			<content>
				<item>
					<label>13005</label>
					<onclick>XBMC.ShutDown()</onclick>
				</item>
				<item>
					<label>1036</label>
					<onclick>Dialog.Close(shutdownmenu)</onclick>
					<onclick>XBMC.ActivateWindow(Favourites)</onclick>
					<visible>System.LoggedOn</visible>
				</item>
				<item>
					<label>$LOCALIZE[13313] XBMC</label>
					<onclick>XBMC.RestartApp()</onclick>
				</item>
				<item>
					<label>130</label>
					<onclick>Dialog.Close(shutdownmenu)</onclick>
					<onclick>XBMC.ActivateWindow(systeminfo)</onclick>
					<visible>System.LoggedOn</visible>
				</item>
				<item>
					<label>20126</label>
					<onclick>Dialog.Close(shutdownmenu)</onclick>
					<onclick>system.logoff</onclick>
					<visible>System.LoggedOn + System.HasLoginScreen</visible>
				</item>
				<item>
					<label>20045</label>
					<onclick>xbmc.mastermode</onclick>
					<visible>!System.IsMaster + System.LoggedOn + System.HasLocks</visible>
				</item>
				<item>
					<label>20046</label>
					<onclick>xbmc.mastermode</onclick>
					<visible>System.IsMaster + System.LoggedOn + System.HasLocks</visible>
				</item>
			</content>
		</control>
	</controls>
</window>