<window id="0">
	<defaultcontrol always="true">2</defaultcontrol>
	<allowoverlay>no</allowoverlay>
	<controls>
		<include>Common_Background</include>
		<control type="group">
			<control type="group">
				<visible>Skin.HasSetting(Alternate_Home)</visible>
				<control type="wraplist" id="2">
					<posx>-85</posx>
					<posy>170</posy>
					<height>576</height>
					<width>1365</width>
					<onup>ActivateWindow(Favourites)</onup>
					<ondown>ActivateWindow(ShutdownMenu)</ondown>
					<onleft>2</onleft>
					<onright>2</onright>
					<focusposition>2</focusposition>
					<orientation>horizontal</orientation>
					<hitrect x="495" y="170" w="290" h="290" />
					<itemlayout height="576" width="290">
					<include>Window_OpenClose_Animation</include>
						<control type="image">
							<posx>0</posx>
							<posy>0</posy>
							<width>288</width>
							<height>288</height>
							<aspectratio>stretch</aspectratio>
							<texture border="5">folder-unfocus.png</texture>
						</control>
						<control type="image">
							<posx>16</posx>
							<posy>16</posy>
							<width>256</width>
							<height>256</height>
							<aspectratio>stretch</aspectratio>
							<texture>$INFO[ListItem.ActualIcon]</texture>
						</control>
						<control type="image">
							<posx>0</posx>
							<posy>288</posy>
							<width>288</width>
							<height>288</height>
							<aspectratio>stretch</aspectratio>
							<texture border="5" flipy="true" diffuse="diffuse_mirror2.png">folder-unfocus.png</texture>
						</control>
						<control type="image">
							<posx>0</posx>
							<posy>304</posy>
							<width>256</width>
							<height>256</height>
							<aspectratio>stretch</aspectratio>
							<texture flipy="true" diffuse="diffuse_mirror3.png">$INFO[ListItem.ActualIcon]</texture>
						</control>
					</itemlayout>
					<focusedlayout height="576" width="290">
						<control type="image">
							<posx>0</posx>
							<posy>0</posy>
							<width>288</width>
							<height>288</height>
							<aspectratio>stretch</aspectratio>
							<texture border="5">folder-focus.png</texture>
						</control>
						<control type="image">
							<posx>16</posx>
							<posy>16</posy>
							<width>256</width>
							<height>256</height>
							<aspectratio>stretch</aspectratio>
							<texture>$INFO[ListItem.ActualIcon]</texture>
						</control>
						<control type="image">
							<posx>0</posx>
							<posy>288</posy>
							<width>288</width>
							<height>288</height>
							<aspectratio>stretch</aspectratio>
							<texture border="5" flipy="true" diffuse="diffuse_mirror2.png">folder-focus.png</texture>
						</control>
						<control type="image">
							<posx>0</posx>
							<posy>304</posy>
							<width>256</width>
							<height>256</height>
							<aspectratio>stretch</aspectratio>
							<texture flipy="true" diffuse="diffuse_mirror3.png">$INFO[ListItem.ActualIcon]</texture>
						</control>
					</focusedlayout>
					<content>
						<item>
							<icon>icon_scripts.png</icon>
							<label>247</label>
							<onclick>ActivateWindow(scripts)</onclick>
						</item>
						<item>
							<icon>icon_music.png</icon>
							<label>1211</label>
							<onclick>ActivateWindow(MyMusic)</onclick>
						</item>
						<item>
							<icon>icon_video.png</icon>
							<label>1212</label>
							<onclick>ActivateWindow(MyVideos)</onclick>
						</item>
						<item>
							<icon>icon_pics.png</icon>
							<label>1213</label>
							<onclick>ActivateWindow(MyPictures)</onclick>
						</item>
						<item>
							<icon>icon_apps.png</icon>
							<label>0</label>
							<onclick>ActivateWindow(MyPrograms)</onclick>
							<visible>!System.Platform.Linux</visible>
						</item>
						<item>
							<icon>icon_files.png</icon>
							<label>7</label>
							<onclick>ActivateWindow(MyFiles)</onclick>
						</item>
						<item>
							<icon>icon_weather.png</icon>
							<label>8</label>
							<onclick>ActivateWindow(Weather)</onclick>
						</item>
						<item>
							<icon>icon_settings.png</icon>
							<label>5</label>
							<onclick>ActivateWindow(Settings)</onclick>
						</item>
						<item>
							<icon>icon_disc.png</icon>
							<label>31016</label>
							<onclick>XBMC.PlayDVD</onclick>
							<visible>System.HasMediaDVD</visible>
						</item>
					</content>
				</control>
				<control type="image">
					<description>background image</description>
					<posx>0</posx>
					<posy>0</posy>
					<width>1280</width>
					<height>720</height>
					<texture diffuse="background_diffuse.png">background.png</texture>
					<visible>!Skin.String(Custom_Background)</visible>
				</control>
				<control type="image">
					<description>background image</description>
					<posx>0</posx>
					<posy>0</posy>
					<width>1280</width>
					<height>720</height>
					<texture diffuse="background_diffuse.png">$INFO[Skin.String(Custom_Background)]</texture>
					<visible>Skin.String(Custom_Background)</visible>
				</control>
				<control type="button" id="11">
					<posx>580</posx>
					<posy>460</posy>
					<width>48</width>
					<height>48</height>
					<label>-</label>
					<texturefocus>Nav_Left.png</texturefocus>
					<texturenofocus>Nav_Left.png</texturenofocus>
					<onleft>601</onleft>
					<onright>401</onright>
					<onup>400</onup>
					<ondown>400</ondown>
					<onclick>Control.Move(2,-1)</onclick>
					<visible>system.getbool(lookandfeel.enablemouse)</visible>
				</control>
				<control type="button" id="12">
					<posx>652</posx>
					<posy>460</posy>
					<width>48</width>
					<height>48</height>
					<label>-</label>
					<texturefocus>Nav_Right.png</texturefocus>
					<texturenofocus>Nav_Right.png</texturenofocus>
					<onleft>601</onleft>
					<onright>401</onright>
					<onup>400</onup>
					<ondown>400</ondown>
					<onclick>Control.Move(2,1)</onclick>
					<visible>system.getbool(lookandfeel.enablemouse)</visible>
				</control>
				<control type="image">
					<description>background image</description>
					<posx>100</posx>
					<posy>500</posy>
					<width>1080</width>
					<height>80</height>
					<texture border="0,15,0,15">osd_panel.png</texture>
				</control>
				<control type="label">
					<posx>100</posx>
					<posy>500</posy>
					<width>1080</width>
					<height>80</height>
					<info>Container(2).ListItem.label</info>
					<align>center</align>
					<aligny>center</aligny>
					<font>font30</font>
					<textcolor>white2</textcolor>
				</control>
			</control>
			<control type="group">
				<include>Window_OpenClose_Animation</include>
				<visible>!Skin.HasSetting(Alternate_Home)</visible>
				<posx>355</posx>
				<posy>350</posy>
				<animation effect="slide" time="150" end="0,100" condition="[Player.HasVideo + !Skin.HasSetting(Back_Video)] | [Player.HasAudio + !Skin.HasSetting(Back_Vis)] | Window.IsVisible(Favourites)">Conditional</animation>
				<control type="group">
					<animation effect="slide" time="150" end="130,0" condition="Control.HasFocus(302)">Conditional</animation>
					<animation effect="slide" time="150" end="-130,0" condition="Control.HasFocus(301)">Conditional</animation>
					<control type="image">
						<posx>0</posx>
						<posy>0</posy>
						<width>570</width>
						<height>180</height>
						<texture>Slider.png</texture>
					</control>
					<control type="image">
						<posx>0</posx>
						<posy>60</posy>
						<width>570</width>
						<height>180</height>
						<texture>Slider_Shadow.png</texture>
						<animation effect="slide" time="150" end="70,0" condition="Control.HasFocus(302)">Conditional</animation>
						<animation effect="slide" time="150" end="-70,0" condition="Control.HasFocus(301)">Conditional</animation>
						<animation effect="slide" time="150" end="0,30" condition="[Player.HasVideo + !Skin.HasSetting(Back_Video)] | [Player.HasAudio + !Skin.HasSetting(Back_Vis)] | Window.IsVisible(Favourites)">Conditional</animation>
					</control>
					<control type="image">
						<description>Arrow Right</description>
						<posx>535</posx>
						<posy>75</posy>
						<width>20</width>
						<height>30</height>
						<texture>Arrow_Right.png</texture>
					</control>
					<control type="label">
						<description>Media label</description>
						<posx>455</posx>
						<posy>90</posy>
						<width>180</width>
						<height>15</height>
						<align>center</align>
						<label>[UPPERCASE]media[/UPPERCASE]</label>
						<font>font12</font>
						<angle>270</angle>
					</control>
					<control type="image">
						<description>Arrow Left</description>
						<posx>15</posx>
						<posy>75</posy>
						<width>20</width>
						<height>30</height>
						<texture>Arrow_Left.png</texture>
					</control>
					<control type="label">
						<description>System label</description>
						<posx>-65</posx>
						<posy>90</posy>
						<width>180</width>
						<height>15</height>
						<align>center</align>
						<label>[UPPERCASE]$LOCALIZE[13000][/UPPERCASE]</label>
						<font>font12</font>
						<angle>90</angle>
					</control>
				</control>
				<control type="image">
					<posx>-85</posx>
					<posy>68</posy>
					<width>285</width>
					<height>44</height>
					<texture>Slider_focus_left.png</texture>
					<visible>Control.HasFocus(301)</visible>
					<animation effect="fade" delay="150" time="100" start="0" end="100">visible</animation>
				</control>
				<control type="image">
					<posx>370</posx>
					<posy>68</posy>
					<width>285</width>
					<height>44</height>
					<texture>Slider_focus_right.png</texture>
					<visible>Control.HasFocus(302)</visible>
					<animation effect="fade" delay="150" time="100" start="0" end="100">visible</animation>
				</control>
				<control type="image">
					<posx>225</posx>
					<posy>30</posy>
					<width>120</width>
					<height>120</height>
					<texture>$INFO[Container(302).ListItem.ActualIcon]</texture>
					<visible>Control.HasFocus(302) + !Player.HasAudio + !Player.HasVideo</visible>
					<animation effect="fade" delay="150" time="100" start="0" end="100">visible</animation>
				</control>
				<control type="image">
					<posx>225</posx>
					<posy>30</posy>
					<width>120</width>
					<height>120</height>
					<texture>$INFO[Container(301).ListItem.ActualIcon]</texture>
					<visible>Control.HasFocus(301) + !Player.HasAudio + !Player.HasVideo</visible>
					<animation effect="fade" delay="150" time="100" start="0" end="100">visible</animation>
				</control>
				<control type="image">
					<description>Now Playing Music Cover</description>
					<posx>215</posx>
					<posy>20</posy>
					<width>140</width>
					<height>140</height>
					<aspectratio scalediffuse="false">keep</aspectratio>
					<texture diffuse="Slider_button_Diffuse.png">$INFO[MusicPlayer.Cover]</texture>
				</control>
				<control type="image">
					<description>Now Playing Video Cover</description>
					<posx>215</posx>
					<posy>20</posy>
					<width>140</width>
					<height>140</height>
					<aspectratio scalediffuse="false">keep</aspectratio>
					<texture diffuse="Slider_button_Diffuse.png">$INFO[VideoPlayer.Cover]</texture>
				</control>
				<control type="button" id="2">
					<posx>195</posx>
					<posy>0</posy>
					<width>180</width>
					<height>180</height>
					<texturefocus>Slider_button.png</texturefocus>
					<texturenofocus>Slider_button.png</texturenofocus>
					<onclick>ActivateWindow(ShutdownMenu)</onclick>
					<onup>ActivateWindow(Favourites)</onup>
					<ondown>2</ondown>
					<onleft>301</onleft>
					<onright>302</onright>
				</control>
				<control type="label">
					<description>Optional Time Label</description>
					<posx>225</posx>
					<posy>30</posy>
					<width>120</width>
					<height>120</height>
					<label>$INFO[System.Time]</label>
					<align>center</align>
					<aligny>center</aligny>
					<font>font16thin</font>
					<textcolor>red</textcolor>
					<include>VisibleFadeEffect</include>
					<visible>Skin.HasSetting(TimeInCircle) + !Control.HasFocus(302) + !Control.HasFocus(301) + !Player.HasAudio + !Player.HasVideo</visible>
				</control>
				<!-- Begin Media menu -->
				<control type="wraplist" id="302">
					<posx>390</posx>
					<posy>22</posy>
					<height>132</height>
					<width>250</width>
					<onup>302</onup>
					<ondown>302</ondown>
					<onleft>2</onleft>
					<onright>302</onright>
					<focusposition>1</focusposition>
					<visible allowhiddenfocus="true">Control.HasFocus(302)</visible>
					<animation effect="fade" delay="150" time="100" start="0" end="100">visible</animation>
					<itemlayout height="44">
						<control type="label">
							<posx>0</posx>
							<posy>0</posy>
							<width>220</width>
							<height>44</height>
							<info>ListItem.label</info>
							<align>left</align>
							<aligny>center</aligny>
							<font>font16</font>
							<textcolor>grey</textcolor>
						</control>
					</itemlayout>
					<focusedlayout height="44">
						<control type="label">
							<posx>0</posx>
							<posy>0</posy>
							<width>220</width>
							<height>44</height>
							<info>ListItem.label</info>
							<align>left</align>
							<aligny>center</aligny>
							<font>font16b</font>
							<textcolor>white</textcolor>
						</control>
					</focusedlayout>
					<content>
						<item>
							<icon>icon_music.png</icon>
							<label>1211</label>
							<onclick>ActivateWindow(MyMusic)</onclick>
						</item>
						<item>
							<icon>icon_video.png</icon>
							<label>1212</label>
							<onclick>ActivateWindow(MyVideos)</onclick>
						</item>
						<item>
							<icon>icon_pics.png</icon>
							<label>1213</label>
							<onclick>ActivateWindow(MyPictures)</onclick>
						</item>
						<item>
							<icon>icon_apps.png</icon>
							<label>0</label>
							<onclick>ActivateWindow(MyPrograms)</onclick>
							<visible>!System.Platform.Linux</visible>
						</item>
						<item>
							<icon>icon_scripts.png</icon>
							<label>247</label>
							<onclick>ActivateWindow(scripts)</onclick>
						</item>
					</content>
				</control>
				<!-- End Media menu -->
				<!-- Begin System menu -->
				<control type="wraplist" id="301">
					<posx>-70</posx>
					<posy>22</posy>
					<height>132</height>
					<width>250</width>
					<onup>301</onup>
					<ondown>301</ondown>
					<onleft>301</onleft>
					<onright>2</onright>
					<focusposition>1</focusposition>
					<visible allowhiddenfocus="true">Control.HasFocus(301)</visible>
					<animation effect="fade" delay="150" time="100" start="0" end="100">visible</animation>
					<itemlayout height="44">
						<control type="label">
							<posx>250</posx>
							<posy>0</posy>
							<width>220</width>
							<height>44</height>
							<info>ListItem.label</info>
							<align>right</align>
							<aligny>center</aligny>
							<font>font16</font>
							<textcolor>grey</textcolor>
						</control>
					</itemlayout>
					<focusedlayout height="44">
						<control type="label">
							<posx>250</posx>
							<posy>0</posy>
							<width>220</width>
							<height>44</height>
							<info>ListItem.label</info>
							<align>right</align>
							<aligny>center</aligny>
							<font>font16b</font>
							<textcolor>white</textcolor>
						</control>
					</focusedlayout>
					<content>
						<item>
							<icon>icon_files.png</icon>
							<label>7</label>
							<onclick>ActivateWindow(MyFiles)</onclick>
						</item>
						<item>
							<icon>icon_weather.png</icon>
							<label>8</label>
							<onclick>ActivateWindow(Weather)</onclick>
						</item>
						<item>
							<icon>icon_settings.png</icon>
							<label>5</label>
							<onclick>ActivateWindow(Settings)</onclick>
						</item>
						<item>
							<icon>icon_disc.png</icon>
							<label>31016</label>
							<onclick>XBMC.PlayDVD</onclick>
							<visible>System.HasMediaDVD</visible>
						</item>
					</content>
				</control>
				<!-- End System menu -->
			</control>
			<control type="group">
				<include>Window_OpenClose_Animation</include>
				<visible>!Window.IsVisible(DialogMusicScan.xml) + !Window.IsVisible(DialogVideoScan.xml)</visible>
				<include>VisibleFadeEffect</include>
				<control type="image">
					<posx>0</posx>
					<posy>0</posy>
					<width>1280</width>
					<height>40</height>
					<texture>ListItem_Focus.png</texture>
				</control>
				<control type="label">
					<description>Time label</description>
					<posx>640</posx>
					<posy>20</posy>
					<align>center</align>
					<aligny>center</aligny>
					<label>$INFO[System.Date] [COLOR=red]-[/COLOR] $INFO[System.Time]</label>
					<font>font13</font>
					<textcolor>white</textcolor>
					<visible>!Skin.HasSetting(TimeInCircle) | Skin.HasSetting(Alternate_Home) | Player.HasMedia</visible>
				</control>
				<control type="label">
					<description>Time label</description>
					<posx>640</posx>
					<posy>20</posy>
					<align>center</align>
					<aligny>center</aligny>
					<label>$INFO[System.Date]</label>
					<font>font13</font>
					<textcolor>white</textcolor>
					<visible>Skin.HasSetting(TimeInCircle) + !Skin.HasSetting(Alternate_Home) + !Player.HasMedia</visible>
				</control>
				<control type="label" id="1">
					<description>Now Playing title</description>
					<posx>10</posx>
					<posy>43</posy>
					<width>1260</width>
					<height>30</height>
					<align>center</align>
					<aligny>center</aligny>
					<textcolor>red</textcolor>
					<shadowcolor>black</shadowcolor>
					<label>$INFO[VideoPlayer.TVShowTitle,, - ]$INFO[VideoPlayer.Season,,x]$INFO[VideoPlayer.Episode,, - ]$INFO[VideoPlayer.Title]</label>
					<font>font13</font>
					<scroll>true</scroll> 
					<visible>Player.HasVideo</visible>
				</control>
				<control type="label" id="1">
					<description>Now Playing title</description>
					<posx>10</posx>
					<posy>43</posy>
					<width>1260</width>
					<height>30</height>
					<align>center</align>
					<aligny>center</aligny>
					<textcolor>red</textcolor>
					<shadowcolor>black</shadowcolor>
					<label>$INFO[MusicPlayer.Artist,, - ]$INFO[MusicPlayer.Album,, - ]$INFO[MusicPlayer.Title]</label>
					<font>font13</font> 
					<scroll>true</scroll> 
					<visible>Player.HasAudio</visible>
				</control>
				<control type="label" id="1">
					<description>Now Playing Times</description>
					<posx>0</posx>
					<posy>75</posy>
					<width>1280</width>
					<height>30</height>
					<align>center</align>
					<aligny>center</aligny>
					<textcolor>white</textcolor>
					<shadowcolor>black</shadowcolor>
					<label>$INFO[Player.Time,, - ]$INFO[Player.Duration]</label>
					<font>font13</font> 
					<visible>Player.HasMedia</visible>
				</control>
			</control>
			<control type="image">
				<posx>300r</posx>
				<posy>650</posy>
				<width>300</width>
				<height>44</height>
				<texture>Slider_focus_left.png</texture>
				<include>Window_OpenClose_Animation</include>
				<visible>system.getbool(lookandfeel.enablerssfeeds)</visible>
			</control>
			<control type="image">
				<posx>0</posx>
				<posy>650</posy>
				<width>300</width>
				<height>44</height>
				<texture>Slider_focus_right.png</texture>
				<include>Window_OpenClose_Animation</include>
				<visible>system.getbool(lookandfeel.enablerssfeeds)</visible>
			</control>
			<control type="rss">
				<description>rss feed</description>
				<posx>0</posx>
				<posy>655</posy>
				<width>1280</width>
				<font>15</font>
				<urlset>1</urlset>
				<textcolor>red</textcolor>
				<titlecolor>red</titlecolor>
				<headlinecolor>white</headlinecolor>
				<shadowcolor>black</shadowcolor>
				<visible>system.getbool(lookandfeel.enablerssfeeds)</visible>
			</control>
		</control>
	</controls>
</window>