<includes>
	<include file="defaults.xml" />
	<include file="CommonViewTypes.xml" />
	<include file="CommonLibraryViewTypes.xml" />
	<include file="Common3d_CoverView.xml" />
	<include file="revision.xml" />
	
	<include name="Window_OpenClose_Animation">
		<animation effect="fade" time="200">WindowOpen</animation>
		<animation effect="fade" time="200">WindowClose</animation>
	</include>
	<include name="dialogeffect">
		<animation effect="fade" time="200">WindowOpen</animation>
		<animation effect="fade" time="200">WindowClose</animation>
	</include>
	<include name="VisibleFadeEffect">
		<animation effect="fade" time="200">Visible</animation>
		<animation effect="fade" time="200">Hidden</animation>
	</include>
	<include name="ButtonCommonValues">
		<height>40</height>
		<focusedcolor>white</focusedcolor>
		<texturefocus>button-focus.png</texturefocus>
		<texturenofocus>-</texturenofocus>
	</include>
	<include name="Common_Background">
		<control type="videowindow">
			<posx>0</posx>
			<posy>0</posy>
			<width>1280</width>
			<height>720</height>
			<visible>Player.HasVideo + !Skin.HasSetting(Back_Video)</visible>
		</control>
		<control type="visualisation">
			<posx>0</posx>
			<posy>0</posy>
			<width>1280</width>
			<height>720</height>
			<visible>Player.HasAudio + !Skin.HasSetting(Back_Vis)</visible>
		</control>
		<control type="image">
			<description>background image</description>
			<posx>0</posx>
			<posy>0</posy>
			<width>1280</width>
			<height>720</height>
			<texture>background.png</texture>
			<visible>!Skin.String(Custom_Background)</visible>
			<animation effect="fade" start="100" end="70" time="0" condition="Player.HasVideo + !Skin.HasSetting(Back_Video)">Conditional</animation>
			<animation effect="fade" start="100" end="85" time="0" condition="Player.HasAudio + !Skin.HasSetting(Back_Vis)">Conditional</animation>
		</control>
		<control type="image">
			<description>background image</description>
			<posx>0</posx>
			<posy>0</posy>
			<width>1280</width>
			<height>720</height>
			<texture>$INFO[Skin.String(Custom_Background)]</texture>
			<visible>Skin.String(Custom_Background)</visible>
			<animation effect="fade" start="100" end="70" time="0" condition="Player.HasVideo + !Skin.HasSetting(Back_Video)">Conditional</animation>
			<animation effect="fade" start="100" end="85" time="0" condition="Player.HasAudio + !Skin.HasSetting(Back_Vis)">Conditional</animation>
		</control>
	</include>
	<include name="Common_Fullscreen_Dialog_Background">
		<control type="image">
			<description>background image</description>
			<posx>0</posx>
			<posy>0</posy>
			<width>1280</width>
			<height>720</height>
			<texture>background.png</texture>
			<visible>!Skin.String(Custom_Background)</visible>
		</control>
		<control type="image">
			<description>background image</description>
			<posx>0</posx>
			<posy>0</posy>
			<width>1280</width>
			<height>720</height>
			<texture>$INFO[Skin.String(Custom_Background)]</texture>
			<visible>Skin.String(Custom_Background)</visible>
		</control>
	</include>
	<include name="Common_File_Count">
		<control type="image">
			<posx>0</posx>
			<posy>650</posy>
			<width>300</width>
			<height>44</height>
			<texture>Slider_focus_right.png</texture>
		</control>
		<control type="label" id="12">
			<description>number of files text label</description>
			<posx>40</posx>
			<posy>655</posy>
			<height>30</height>
			<align>left</align>
			<aligny>center</aligny>
			<label>-</label>
			<textcolor>red</textcolor>
			<shadowcolor>black</shadowcolor>
		</control>
	</include>
	<include name="Common_Now_Playing">
		<control type="group">
			<posx>130r</posx>
			<posy>0</posy>
			<include>Window_OpenClose_Animation</include>
			<visible>!Window.IsVisible(home) + !Window.IsVisible(FileManager) + !Window.IsVisible(MyMusicPlaylistEditor) + !Window.IsVisible(script-Apple_Movie_Trailers-search.xml)</visible>
			<control type="image">
				<description>Media Cover</description>
				<posx>10</posx>
				<posy>0</posy>
				<width>100</width>
				<height>75</height>
				<aspectratio>keep</aspectratio>
				<info>VideoPlayer.Cover</info>
				<visible>Player.HasVideo</visible>
			</control>
			<control type="image">
				<description>Media Cover</description>
				<posx>10</posx>
				<posy>0</posy>
				<width>100</width>
				<height>75</height>
				<aspectratio>keep</aspectratio>
				<info>MusicPlayer.Cover</info>
				<visible>Player.HasAudio</visible>
			</control>
			<control type="label">
				<description>Now Playing title</description>
				<posx>0</posx>
				<posy>2</posy>
				<width>940</width>
				<height>30</height>
				<align>right</align>
				<aligny>center</aligny>
				<textcolor>white</textcolor>
				<shadowcolor>black</shadowcolor>
				<label>$INFO[VideoPlayer.TVShowTitle,, - ]$INFO[VideoPlayer.Season,,x]$INFO[VideoPlayer.Episode,, - ]$INFO[VideoPlayer.Title]</label>
				<font>font13</font>
				<visible>Player.HasVideo</visible>
			</control>
			<control type="label">
				<description>Now Playing title</description>
				<posx>0</posx>
				<posy>2</posy>
				<width>940</width>
				<height>30</height>
				<align>right</align>
				<aligny>center</aligny>
				<textcolor>white</textcolor>
				<shadowcolor>black</shadowcolor>
				<label>$INFO[MusicPlayer.Artist,, - ]$INFO[MusicPlayer.Album,, - ]$INFO[MusicPlayer.Title]</label>
				<font>font12</font> 
				<scroll>false</scroll> 
				<visible>Player.HasAudio</visible>
			</control>
			<control type="label" id="1">
				<description>Now Playing Times</description>
				<posx>0</posx>
				<posy>33</posy>
				<width>300</width>
				<height>30</height>
				<align>right</align>
				<aligny>center</aligny>
				<textcolor>white2</textcolor>
				<shadowcolor>black</shadowcolor>
				<label>$INFO[Player.Time,, - ]$INFO[Player.Duration]</label>
				<font>font16thin</font>
				<visible>Player.HasMedia</visible>
			</control>
		</control>
	</include>
</includes>
