<window id="131">
	<defaultcontrol>5</defaultcontrol>
	<coordinates>
		<system>1</system>
		<posx>40</posx>
		<posy>100</posy>
		<origin x="40" y="125">!Control.IsVisible(5)</origin>
	</coordinates>
	<include>dialogeffect</include>
	<controls>
		<control type="image">
			<posx>0</posx>
			<posy>0</posy>
			<width>1200</width>
			<height>500</height>
			<texture border="0,45,0,10">Dialog.png</texture>
			<visible>Control.Isvisible(5)</visible>
		</control>
		<control type="image">
			<posx>0</posx>
			<posy>0</posy>
			<width>1200</width>
			<height>450</height>
			<texture border="0,45,0,10">Dialog.png</texture>
			<visible>!Control.Isvisible(5)</visible>
		</control>
		<control type="label" id="2">
			<description>heading label</description>
			<posx>0</posx>
			<posy>0</posy>
			<width>1200</width>
			<height>40</height>
			<align>center</align>
			<aligny>center</aligny>
			<font>font16</font>
			<label>13406</label>
			<textcolor>red</textcolor>
			<shadowcolor>black</shadowcolor>
		</control>
		<control type="grouplist" id="5">
			<description>control area</description>
			<posx>220</posx>
			<posy>55</posy>
			<width>760</width>
			<height>360</height>
			<itemgap>5</itemgap>
			<pagecontrol>60</pagecontrol>
			<onleft>28</onleft>
			<onright>60</onright>
			<onup>28</onup>
			<ondown>28</ondown>
		</control>
		<control type="button" id="7">
			<description>Default Button</description>
			<posx>0</posx>
			<posy>0</posy>
			<height>45</height>
			<font>font13</font>
			<textcolor>white</textcolor>
			<textoffsetx>7</textoffsetx>
			<texturefocus border="10,0,10,0">folder-focus2.png</texturefocus>
			<texturenofocus>dialog-button-nofocus.png</texturenofocus>
		</control>
		<control type="radiobutton" id="8">
			<description>Default RadioButton</description>
			<posx>0</posx>
			<posy>0</posy>
			<height>45</height>
			<font>font13</font>
			<textcolor>white</textcolor>
			<texturefocus border="10,0,10,0">folder-focus2.png</texturefocus>
			<texturenofocus>dialog-button-nofocus.png</texturenofocus>
			<textoffsetx>7</textoffsetx>
			<textureradiofocus>radiobutton-focus.png</textureradiofocus>
			<textureradionofocus>radiobutton-nofocus.png</textureradionofocus>
		</control>
		<control type="spincontrolex" id="9">
			<description>Default SpinControlex</description>
			<posx>0</posx>
			<posy>0</posy>
			<height>45</height>
			<texturefocus border="10,0,10,0">folder-focus2.png</texturefocus>
			<texturenofocus>dialog-button-nofocus.png</texturenofocus>
			<textureup>scroll-up.png</textureup>
			<texturedown>scroll-down.png</texturedown>
			<textureupfocus>scroll-up-focus.png</textureupfocus>
			<texturedownfocus>scroll-down-focus.png</texturedownfocus>
			<font>font13</font>
			<textcolor>white</textcolor>
			<disabledcolor>disabled</disabledcolor>
			<textoffsetx>7</textoffsetx>
			<aligny>center</aligny>
			<reverse>yes</reverse>
		</control>
		<control type="image" id="11">
			<description>separator image</description>
			<width>350</width>
			<height>5</height>
			<colordiffuse>AAFFFFFF</colordiffuse>
			<texture>separator.png</texture>
		</control>
		<control type="button" id="28">
			<description>OK button</description>
			<posx>345</posx>
			<posy>445</posy>
			<width>250</width>
			<height>40</height>
			<align>center</align>
			<label>186</label>
			<font>font13</font>
			<texturefocus>folder-focus2.png</texturefocus>
			<texturenofocus>dialog-button-nofocus.png</texturenofocus>
			<onleft>29</onleft>
			<onright>29</onright>
			<onup>5</onup>
			<ondown>5</ondown>
		</control>
		<control type="button" id="29">
			<description>Cancel button</description>
			<posx>605</posx>
			<posy>445</posy>
			<width>250</width>
			<height>40</height>
			<align>center</align>
			<label>222</label>
			<font>font13</font>
			<texturefocus>folder-focus2.png</texturefocus>
			<texturenofocus>dialog-button-nofocus.png</texturenofocus>
			<onleft>28</onleft>
			<onright>28</onright>
			<onup>5</onup>
			<ondown>5</ondown>
		</control>
	</controls>
</window>