<window id="120">
	<defaultcontrol always="true">402</defaultcontrol>
	<include>dialogeffect</include>
	<coordinates>
		<system>1</system>
		<posx>245</posx>
		<posy>555</posy>
	</coordinates>
	<controls>
		<control type="image">
			<description>Media Overlay Image</description>
			<posx>-20</posx>
			<posy>0</posy>
			<width>830</width>
			<height>80</height>
			<texture>osd_panel.png</texture>
		</control>
		<control type="image" id="0">
			<description>popup volume dialog background</description>
			<posx>-50</posx>
			<posy>75</posy>
			<width>890</width>
			<height>44</height>
			<colordiffuse>DDFFFFFF</colordiffuse>
			<texture>volume-panel-bg.png</texture>
		</control>
		<control type="radiobutton" id="600">
			<description>Random button</description>
			<posx>10</posx>
			<posy>80</posy>
			<width>150</width>
			<height>30</height>
			<font>font12</font>
			<label>590</label>
			<focusedcolor>red</focusedcolor>
			<align>center</align>
			<texturefocus>-</texturefocus>
			<texturenofocus>-</texturenofocus>
			<onclick>XBMC.PlayerControl(Random)</onclick>
			<selected>Playlist.IsRandom</selected>
			<pulseonselect>no</pulseonselect>
			<onleft>604</onleft>
			<onright>601</onright>
			<onup>9000</onup>
			<ondown>9000</ondown>
			<animation effect="zoom" end="110" center="auto" time="100">focus</animation>
			<animation effect="zoom" start="110" center="auto" time="100">unfocus</animation>
		</control>
		<control type="button" id="601">
			<description>Repeat Menu</description>
			<posx>165</posx>
			<posy>80</posy>
			<width>150</width>
			<height>30</height>
			<label>$LOCALIZE[486]: $INFO[Playlist.Repeat]</label>
			<focusedcolor>red</focusedcolor>
			<font>font12</font>
			<align>center</align>
			<texturefocus>-</texturefocus>
			<texturenofocus>-</texturenofocus>
			<onclick>XBMC.PlayerControl(Repeat)</onclick>
			<pulseonselect>no</pulseonselect>
			<onleft>600</onleft>
			<onright>602</onright>
			<onup>9000</onup>
			<ondown>9000</ondown>
			<animation effect="zoom" end="110" center="auto" time="100">focus</animation>
			<animation effect="zoom" start="110" center="auto" time="100">unfocus</animation>
		</control>
		<control type="button" id="602">
			<description>Playlist Menu</description>
			<posx>320</posx>
			<posy>80</posy>
			<width>150</width>
			<height>30</height>
			<label>559</label>
			<focusedcolor>red</focusedcolor>
			<font>font12</font>
			<align>center</align>
			<texturefocus>-</texturefocus>
			<texturenofocus>-</texturenofocus>
			<onclick>XBMC.ActivateWindow(MyMusicPlaylist)</onclick>
			<onleft>601</onleft>
			<onright>603</onright>
			<onup>9000</onup>
			<ondown>9000</ondown>
			<animation effect="zoom" end="110" center="auto" time="100">focus</animation>
			<animation effect="zoom" start="110" center="auto" time="100">unfocus</animation>
		</control>
		<control type="button" id="603">
			<description>Vis Options Menu</description>
			<posx>475</posx>
			<posy>80</posy>
			<width>150</width>
			<height>30</height>
			<label>31001</label>
			<focusedcolor>red</focusedcolor>
			<font>font12</font>
			<align>center</align>
			<texturefocus>-</texturefocus>
			<texturenofocus>-</texturenofocus>
			<onclick>XBMC.ActivateWindow(121)</onclick>
			<onleft>602</onleft>
			<onright>604</onright>
			<onup>9000</onup>
			<ondown>9000</ondown>
			<animation effect="zoom" end="110" center="auto" time="100">focus</animation>
			<animation effect="zoom" start="110" center="auto" time="100">unfocus</animation>
		</control>
		<control type="button" id="604">
			<description>Vis Select Menu</description>
			<posx>630</posx>
			<posy>80</posy>
			<width>150</width>
			<height>30</height>
			<label>31002</label>
			<focusedcolor>red</focusedcolor>
			<font>font12</font>
			<align>center</align>
			<texturefocus>-</texturefocus>
			<texturenofocus>-</texturenofocus>
			<onclick>XBMC.ActivateWindow(122)</onclick>
			<onleft>603</onleft>
			<onright>600</onright>
			<onup>9000</onup>
			<ondown>9000</ondown>
			<animation effect="zoom" end="110" center="auto" time="100">focus</animation>
			<animation effect="zoom" start="110" center="auto" time="100">unfocus</animation>
		</control>
		<control type="group" id="9000">
			<posx>220</posx>
			<posy>5</posy>
			<control type="button" id="399">
				<description>Lyrics Button</description>
				<posx>-100</posx>
				<posy>20</posy>
				<width>100</width>
				<height>30</height>
				<label>31027</label>
				<focusedcolor>red</focusedcolor>
				<font>font12</font>
				<align>right</align>
				<texturefocus>-</texturefocus>
				<texturenofocus>-</texturenofocus>
				<onclick>XBMC.RunScript(Q:\scripts\XBMC Lyrics\default.py)</onclick>
				<onleft>406</onleft>
				<onright>400</onright>
				<onup>600</onup>
				<ondown>600</ondown>
				<enable>Skin.HasSetting(EnableLyricsInOSD)</enable>
				<animation effect="zoom" end="110" center="auto" time="100">focus</animation>
				<animation effect="zoom" start="110" center="auto" time="100">unfocus</animation>
			</control>
			<control type="button" id="400">
				<posx>0</posx>
				<posy>20</posy>
				<width>30</width>
				<height>30</height>
				<label>-</label>
				<texturefocus>mediacontrol-skipback.png</texturefocus>
				<texturenofocus>mediacontrol-skipback.png</texturenofocus>
				<onleft>399</onleft>
				<onright>401</onright>
				<onup>600</onup>
				<ondown>600</ondown>
				<onclick>XBMC.PlayerControl(Previous)</onclick>
			</control>
			<control type="button" id="401">
				<posx>78</posx>
				<posy>20</posy>
				<width>30</width>
				<height>30</height>
				<label>-</label>
				<texturefocus>mediacontrol-rewind.png</texturefocus>
				<texturenofocus>mediacontrol-rewind.png</texturenofocus>
				<onleft>400</onleft>
				<onright>402</onright>
				<onup>601</onup>
				<ondown>601</ondown>
				<onclick>XBMC.PlayerControl(Rewind)</onclick>
			</control>
			<control type="togglebutton" id="402">
				<posx>156</posx>
				<posy>15</posy>
				<width>40</width>
				<height>40</height>
				<label>-</label>
				<alttexturefocus>mediacontrol-play.png</alttexturefocus>
				<alttexturenofocus>mediacontrol-play.png</alttexturenofocus>
				<usealttexture>Player.Paused | Player.Forwarding | Player.Rewinding</usealttexture>
				<texturefocus>mediacontrol-pause.png</texturefocus>
				<texturenofocus>mediacontrol-pause.png</texturenofocus>
				<onleft>401</onleft>
				<onright>404</onright>
				<onup>602</onup>
				<ondown>602</ondown>
				<onclick>XBMC.PlayerControl(Play)</onclick>
			</control>
			<control type="button" id="404">
				<posx>245</posx>
				<posy>20</posy>
				<width>30</width>
				<height>30</height>
				<label>-</label>
				<texturefocus>mediacontrol-fastforward.png</texturefocus>
				<texturenofocus>mediacontrol-fastforward.png</texturenofocus>
				<onclick>XBMC.PlayerControl(Forward)</onclick>
				<onleft>402</onleft>
				<onright>405</onright>
				<onup>603</onup>
				<ondown>603</ondown>
			</control>
			<control type="button" id="405">
				<posx>320</posx>
				<posy>20</posy>
				<width>30</width>
				<height>30</height>
				<label>-</label>
				<texturefocus>mediacontrol-skipforward.png</texturefocus>
				<texturenofocus>mediacontrol-skipforward.png</texturenofocus>
				<onclick>XBMC.PlayerControl(Next)</onclick>
				<onleft>404</onleft>
				<onright>406</onright>
				<onup>604</onup>
				<ondown>604</ondown>
			</control>
			<control type="button" id="406">
				<description>Record Button</description>
				<posx>350</posx>
				<posy>20</posy>
				<width>100</width>
				<height>30</height>
				<label>264</label>
				<focusedcolor>red</focusedcolor>
				<font>font12</font>
				<align>left</align>
				<texturefocus>-</texturefocus>
				<texturenofocus>-</texturenofocus>
				<onclick>XBMC.PlayerControl(Record)</onclick>
				<onleft>405</onleft>
				<onright>399</onright>
				<onup>604</onup>
				<ondown>604</ondown>
				<enable>Player.CanRecord</enable>
				<animation effect="zoom" end="110" center="auto" time="100">focus</animation>
				<animation effect="zoom" start="110" center="auto" time="100">unfocus</animation>
			</control>
			<control type="image" id="0">
				<description>Chrome Button Guy</description>
				<posx>135</posx>
				<posy>-5</posy>
				<width>80</width>
				<height>80</height>
				<aspectratio>keep</aspectratio>
				<texture>OSD_Button.png</texture>
				<visible>ControlGroup(9000).HasFocus + ![Control.HasFocus(399) | Control.HasFocus(406)]</visible>
				<animation effect="fade" time="100">VisibleChange</animation>
				<animation effect="slide" end="-160" time="100" condition="Control.HasFocus(400) | Control.HasFocus(399)">Conditional</animation>
				<animation effect="slide" end="-80" time="100" condition="Control.HasFocus(401)">Conditional</animation>
				<animation effect="slide" end="80" time="100" condition="Control.HasFocus(404)">Conditional</animation>
				<animation effect="slide" end="160" time="100" condition="Control.HasFocus(405) | Control.HasFocus(406)">Conditional</animation>
			</control>
		</control>
	</controls>
 </window>