<window id="20">
	<defaultcontrol always="true">50</defaultcontrol>
	<allowoverlay>no</allowoverlay>
	<controls>
		<include>Common_Background</include>
		<control type="group">
			<include>Window_OpenClose_Animation</include>
			<control type="label">
				<description>Title label</description>
				<posx>50</posx>
				<posy>20</posy>
				<width>600</width>
				<height>60</height>
				<align>left</align>
				<aligny>center</aligny>
				<textcolor>red</textcolor>
				<shadowcolor>black</shadowcolor>
				<label>247</label>
				<font>font40</font>
			</control>
			<include>OldListViewCommons</include>
			<include>OldListViewFullCommons</include>
			<include>AllViewCommonThumbSmall</include>
			<include>AllViewCommonThumbBig</include>
			<include>WideIconViewCommons</include>
\			<control type="group" id="9001">
				<posx>-345</posx>
				<posy>0</posy>
				<animation effect="slide" time="150" end="345,0" condition="ControlGroup(9001).HasFocus">Conditional</animation>
				<control type="button">
					<posx>0</posx>
					<posy>0</posy>
					<width>400</width>
					<height>720</height>
					<onclick>-</onclick>
					<hitrect x="0" y="0" w="360" h="720" />
					<texturefocus>Side_Slideout.png</texturefocus>
					<texturenofocus>Side_Slideout.png</texturenofocus>
				</control>
				<control type="group" id="9000">
					<posx>0</posx>
					<posy>140</posy>
					<control type="button" id="2">
						<description>View As button</description>
						<posx>0</posx>
						<posy>0</posy>
						<include>ButtonCommonValues</include>
						<label>-</label>
						<onleft>50</onleft>
						<onright>50</onright>
						<onup>3</onup>
						<ondown>3</ondown>
					</control>
					<control type="button" id="3">
						<description>Sort by button</description>
						<posx>0</posx>
						<posy>45</posy>
						<include>ButtonCommonValues</include>
						<label>103</label>
						<onleft>50</onleft>
						<onright>4</onright>
						<onup>2</onup>
						<ondown>2</ondown>
					</control>
					<control type="togglebutton" id="4">
						<description>Sort asc</description>
						<posx>293</posx>
						<posy>53</posy>
						<label>-</label>
						<texturefocus>scroll-up-focus.png</texturefocus>
						<texturenofocus>scroll-up.png</texturenofocus>
						<alttexturefocus>scroll-down-focus.png</alttexturefocus>
						<alttexturenofocus>scroll-down.png</alttexturenofocus>
						<onleft>3</onleft>
						<onright>50</onright>
						<onup>2</onup>
						<ondown>2</ondown>
					</control>
				</control>
			</control>
			<control type="image">
				<posx>0</posx>
				<posy>0</posy>
				<width>1280</width>
				<height>90</height>
				<texture>Topbar.png</texture>
			</control>
			<control type="label">
				<description>Title label</description>
				<posx>40</posx>
				<posy>20</posy>
				<width>600</width>
				<height>42</height>
				<align>left</align>
				<aligny>center</aligny>
				<textcolor>white</textcolor>
				<shadowcolor>black</shadowcolor>
				<label>247</label>
				<font>font16b</font>
			</control>
			<include>Common_Now_Playing</include>
			<include>Common_File_Count</include>
			<include>AllViewCommonPageControls</include>
		</control>
	</controls>
</window>