<window id="130">
	<defaultcontrol>1</defaultcontrol>
	<coordinates>
		<system>1</system>
		<posx>40</posx>
		<posy>80</posy>
	</coordinates>
	<include>dialogeffect</include>
	<controls>
		<control type="image">
			<posx>0</posx>
			<posy>0</posy>
			<width>1200</width>
			<height>580</height>
			<texture border="0,45,0,10">Dialog.png</texture>
		</control>
		<control type="label" id="1">
			<description>Heading label</description>
			<posx>0</posx>
			<posy>2</posy>
			<width>1200</width>
			<height>40</height>
			<align>center</align>
			<font>font16</font>
			<label>20067</label>
			<textcolor>red</textcolor>
			<shadowcolor>black</shadowcolor>
		</control>
		<control type="image" id="2">
			<description>profile image</description>
			<posx>220</posx>
			<posy>55</posy>
			<width>130</width>
			<height>130</height>
			<align>left</align>
			<aspectratio>stretch</aspectratio>
			<texture>unknown-user.png</texture>
			<bordertexture>button-focus.png</bordertexture>
			<bordersize>5</bordersize>
		</control>
		<control type="label" id="0">
			<description>profile name label</description>
			<posx>375</posx>
			<posy>55</posy>
			<width>605</width>
			<align>left</align>
			<font>font13</font>
			<textcolor>red</textcolor>
			<label>$LOCALIZE[20093]</label>
		</control>
		<control type="label" id="1000">
			<description>profile name label</description>
			<posx>375</posx>
			<posy>85</posy>
			<width>605</width>
			<align>left</align>
			<font>font16b</font>
			<textcolor>white</textcolor>
		</control>
		<control type="label" id="0">
			<description>profile directory label</description>
			<posx>375</posx>
			<posy>120</posy>
			<width>605</width>
			<align>left</align>
			<font>font13</font>
			<textcolor>red</textcolor>
			<label>$LOCALIZE[20070]</label>
		</control>
		<control type="label" id="1001">
			<description>profile directory label</description>
			<posx>375</posx>
			<posy>150</posy>
			<width>605</width>
			<align>left</align>
			<font>font13</font>
			<textcolor>white</textcolor>
		</control>
		<control type="grouplist" id="5">
			<description>control area</description>
			<posx>220</posx>
			<posy>210</posy>
			<width>760</width>
			<height>300</height>
			<itemgap>5</itemgap>
			<pagecontrol>-</pagecontrol>
			<include>homemisc</include>
			<onleft>28</onleft>
			<onright>28</onright>
			<onup>28</onup>
			<ondown>28</ondown>
		</control>
		<control type="button" id="7">
			<description>Default Button</description>
			<posx>0</posx>
			<posy>0</posy>
			<height>45</height>
			<font>font13</font>
			<textcolor>white</textcolor>
			<textoffsetx>7</textoffsetx>
			<texturefocus border="10,0,10,0">folder-focus2.png</texturefocus>
			<texturenofocus>dialog-button-nofocus.png</texturenofocus>
		</control>
		<control type="radiobutton" id="8">
			<description>Default RadioButton</description>
			<posx>0</posx>
			<posy>0</posy>
			<height>45</height>
			<font>font13</font>
			<textcolor>white</textcolor>
			<texturefocus border="10,0,10,0">folder-focus2.png</texturefocus>
			<texturenofocus>dialog-button-nofocus.png</texturenofocus>
			<textoffsetx>7</textoffsetx>
			<textureradiofocus>radiobutton-focus.png</textureradiofocus>
			<textureradionofocus>radiobutton-nofocus.png</textureradionofocus>
		</control>
		<control type="spincontrolex" id="9">
			<description>Default SpinControlex</description>
			<posx>0</posx>
			<posy>0</posy>
			<height>45</height>
			<texturefocus border="10,0,10,0">folder-focus2.png</texturefocus>
			<texturenofocus>dialog-button-nofocus.png</texturenofocus>
			<textureup>scroll-up.png</textureup>
			<texturedown>scroll-down.png</texturedown>
			<textureupfocus>scroll-up-focus.png</textureupfocus>
			<texturedownfocus>scroll-down-focus.png</texturedownfocus>
			<font>font13</font>
			<textcolor>white</textcolor>
			<disabledcolor>disabled</disabledcolor>
			<textoffsetx>7</textoffsetx>
			<aligny>center</aligny>
			<reverse>yes</reverse>
		</control>
		<control type="sliderex" id="10">
			<description>Default Slider</description>
			<posx>530</posx>
			<posy>150</posy>
			<height>45</height>
			<texturefocus border="10,0,10,0">folder-focus2.png</texturefocus>
			<texturenofocus>dialog-button-nofocus.png</texturenofocus>
			<sliderwidth>150</sliderwidth>
			<sliderheight>20</sliderheight>
			<texturesliderbar>osd_slider_bg.png</texturesliderbar>
			<textureslidernib>osd_slider_nibNF.png</textureslidernib>
			<textureslidernibfocus>osd_slider_nib.png</textureslidernibfocus>
			<font>font13</font>
			<textcolor>white</textcolor>
			<disabledcolor>disabled</disabledcolor>
			<textoffsetx>7</textoffsetx>
		</control>
		<control type="image" id="11">
			<description>separator image</description>
			<width>350</width>
			<height>5</height>
			<colordiffuse>AAFFFFFF</colordiffuse>
			<texture>separator.png</texture>
		</control>
		<control type="button" id="28">
			<description>Ok button</description>
			<posx>345</posx>
			<posy>525</posy>
			<width>250</width>
			<height>40</height>
			<label>186</label>
			<font>font13</font>
			<align>center</align>
			<texturefocus>folder-focus2.png</texturefocus>
			<texturenofocus>dialog-button-nofocus.png</texturenofocus>
			<onleft>29</onleft>
			<onright>29</onright>
			<onup>5</onup>
			<ondown>5</ondown>
		</control>
		<control type="button" id="29">
			<description>Cancel button</description>
			<posx>605</posx>
			<posy>525</posy>
			<width>250</width>
			<height>40</height>
			<label>222</label>
			<font>font13</font>
			<align>center</align>
			<texturefocus>folder-focus2.png</texturefocus>
			<texturenofocus>dialog-button-nofocus.png</texturenofocus>
			<onleft>28</onleft>
			<onright>28</onright>
			<onup>5</onup>
			<ondown>5</ondown>
		</control>
	</controls>
</window>