<window>
	<defaultcontrol>3000</defaultcontrol>
	<allowoverlay>no</allowoverlay>
	<controls>
		<include>Common_Fullscreen_Dialog_Background</include>
		<control type="group">
			<include>Window_OpenClose_Animation</include>
		<!-- ** Required ** Do not change id or type -->
			<control type="label" id="30">
				<description>Category Label</description>
				<posx>50</posx>
				<posy>75</posy>
				<width>600</width>
				<height>20</height>
				<align>left</align>
				<aligny>center</aligny>
				<textcolor>red</textcolor>
				<shadowcolor>black</shadowcolor>
				<font>font13</font>
				<visible>false</visible>
			</control>
			<!-- ** Required ** Do not change id or type -->
			<control type="group" id="3000">
				<control type="group">
					<posx>20</posx>
					<posy>85</posy>
					<control type="image">
						<description>background image</description>
						<posx>0</posx>
						<posy>0</posy>
						<width>405</width>
						<height>35</height>
						<texture>folder-focus2.png</texture>
						<visible>Control.HasFocus(102)</visible>
					</control>
					<control type="checkmark" id="102">
						<description>Genre</description>
						<posx>5</posx>
						<posy>7</posy>
						<width>400</width>
						<height>20</height>
						<align>right</align>
						<label />
						<font>font10</font>
						<textcolor>white</textcolor>
						<texturecheckmark>radiobutton-focus.png</texturecheckmark>
						<texturecheckmarknofocus>radiobutton-nofocus.png</texturecheckmarknofocus>
						<markwidth>20</markwidth>
						<markheight>20</markheight>
						<onleft>2000</onleft>
						<onright>112</onright>
						<onup>100</onup>
						<ondown>100</ondown>
					</control>
					<control type="list" id="100">
						<posx>0</posx>
						<posy>45</posy>
						<width>370</width>
						<height>160</height>
						<onleft>122</onleft>
						<onright>101</onright>
						<onup>100</onup>
						<ondown>100</ondown>
						<viewtype label="535">list</viewtype>
						<pagecontrol>101</pagecontrol>
						<scrolltime>200</scrolltime>
						<itemlayout height="40">
							<control type="image">
								<posx>0</posx>
								<posy>1</posy>
								<width>370</width>
								<height>35</height>
								<texture>dialog-button-nofocus.png</texture>
							</control>
							<control type="label">
								<posx>5</posx>
								<posy>0</posy>
								<width>360</width>
								<height>35</height>
								<font>font13</font>
								<aligny>center</aligny>
								<textcolor>white</textcolor>
								<selectedcolor>red</selectedcolor>
								<align>left</align>
								<info>ListItem.Label</info>
							</control>
						</itemlayout>
						<focusedlayout height="40">
							<control type="image">
								<posx>0</posx>
								<posy>0</posy>
								<width>370</width>
								<height>35</height>
								<visible>Control.HasFocus(100)</visible>
								<texture border="10,0,10,0">folder-focus2.png</texture>
							</control>
							<control type="image">
								<posx>0</posx>
								<posy>0</posy>
								<width>370</width>
								<height>35</height>
								<visible>!Control.HasFocus(100)</visible>
								<texture>dialog-button-nofocus.png</texture>
							</control>
							<control type="label">
								<posx>5</posx>
								<posy>0</posy>
								<width>360</width>
								<height>35</height>
								<font>font13</font>
								<aligny>center</aligny>
								<textcolor>white</textcolor>
								<selectedcolor>red</selectedcolor>
								<align>left</align>
								<info>ListItem.Label</info>
							</control>
						</focusedlayout>
					</control>
					<control type="group">
						<posx>375</posx>
						<posy>45</posy>
						<control type="button">
							<posx>0</posx>
							<posy>0</posy>
							<width>30</width>
							<height>15</height>
							<onclick>PageUp(101)</onclick>
							<texturefocus>Arrow_Up.png</texturefocus>
							<texturenofocus>Arrow_Up.png</texturenofocus>
							<visible>Control.IsVisible(101)</visible>
						</control>
						<control type="scrollbar" id="101">
							<posx>0</posx>
							<posy>15</posy>
							<width>30</width>
							<height>125</height>
							<texturesliderbackground border="5">folder-unfocus.png</texturesliderbackground>
							<texturesliderbar border="5">keyboard-alt-unfocus.png</texturesliderbar>
							<texturesliderbarfocus border="5">keyboard-alt-focus.png</texturesliderbarfocus>
							<textureslidernib>-</textureslidernib>
							<textureslidernibfocus>-</textureslidernibfocus>
							<onleft>100</onleft>
							<onright>110</onright>
							<showonepage>true</showonepage>
							<orientation>vertical</orientation>
						</control>
						<control type="button">
							<posx>0</posx>
							<posy>140</posy>
							<width>30</width>
							<height>15</height>
							<onclick>PageDown(101)</onclick>
							<texturefocus>Arrow_Down.png</texturefocus>
							<texturenofocus>Arrow_Down.png</texturenofocus>
							<visible>Control.IsVisible(101)</visible>
						</control>
					</control>
				</control>
				<control type="group">
					<posx>435</posx>
					<posy>85</posy>
					<control type="image">
						<description>background image</description>
						<posx>0</posx>
						<posy>0</posy>
						<width>405</width>
						<height>35</height>
						<texture>folder-focus2.png</texture>
						<visible>Control.HasFocus(112)</visible>
					</control>
					<control type="checkmark" id="112">
						<description>Genre</description>
						<posx>5</posx>
						<posy>7</posy>
						<width>400</width>
						<height>20</height>
						<align>right</align>
						<label />
						<font>font10</font>
						<textcolor>white</textcolor>
						<texturecheckmark>radiobutton-focus.png</texturecheckmark>
						<texturecheckmarknofocus>radiobutton-nofocus.png</texturecheckmarknofocus>
						<markwidth>20</markwidth>
						<markheight>20</markheight>
						<onleft>102</onleft>
						<onright>122</onright>
						<onup>110</onup>
						<ondown>110</ondown>
					</control>
					<control type="list" id="110">
						<posx>0</posx>
						<posy>45</posy>
						<width>370</width>
						<height>160</height>
						<onleft>101</onleft>
						<onright>111</onright>
						<onup>110</onup>
						<ondown>110</ondown>
						<viewtype label="535">list</viewtype>
						<pagecontrol>111</pagecontrol>
						<scrolltime>200</scrolltime>
						<itemlayout height="40">
							<control type="image">
								<posx>0</posx>
								<posy>1</posy>
								<width>370</width>
								<height>35</height>
								<texture>dialog-button-nofocus.png</texture>
							</control>
							<control type="label">
								<posx>5</posx>
								<posy>0</posy>
								<width>360</width>
								<height>35</height>
								<font>font13</font>
								<aligny>center</aligny>
								<textcolor>white</textcolor>
								<selectedcolor>red</selectedcolor>
								<align>left</align>
								<info>ListItem.Label</info>
							</control>
						</itemlayout>
						<focusedlayout height="40">
							<control type="image">
								<posx>0</posx>
								<posy>0</posy>
								<width>370</width>
								<height>35</height>
								<visible>Control.HasFocus(110)</visible>
								<texture border="10,0,10,0">folder-focus2.png</texture>
							</control>
							<control type="image">
								<posx>0</posx>
								<posy>0</posy>
								<width>370</width>
								<height>35</height>
								<visible>!Control.HasFocus(110)</visible>
								<texture>dialog-button-nofocus.png</texture>
							</control>
							<control type="label">
								<posx>5</posx>
								<posy>0</posy>
								<width>360</width>
								<height>35</height>
								<font>font13</font>
								<aligny>center</aligny>
								<textcolor>white</textcolor>
								<selectedcolor>red</selectedcolor>
								<align>left</align>
								<info>ListItem.Label</info>
							</control>
						</focusedlayout>
					</control>
					<control type="group">
						<posx>375</posx>
						<posy>45</posy>
						<control type="button">
							<posx>0</posx>
							<posy>0</posy>
							<width>30</width>
							<height>15</height>
							<onclick>PageUp(111)</onclick>
							<texturefocus>Arrow_Up.png</texturefocus>
							<texturenofocus>Arrow_Up.png</texturenofocus>
							<visible>Control.IsVisible(111)</visible>
						</control>
						<control type="scrollbar" id="111">
							<posx>0</posx>
							<posy>15</posy>
							<width>30</width>
							<height>125</height>
							<texturesliderbackground border="5">folder-unfocus.png</texturesliderbackground>
							<texturesliderbar border="5">keyboard-alt-unfocus.png</texturesliderbar>
							<texturesliderbarfocus border="5">keyboard-alt-focus.png</texturesliderbarfocus>
							<textureslidernib>-</textureslidernib>
							<textureslidernibfocus>-</textureslidernibfocus>
							<onleft>110</onleft>
							<onright>120</onright>
							<showonepage>true</showonepage>
							<orientation>vertical</orientation>
						</control>
						<control type="button">
							<posx>0</posx>
							<posy>140</posy>
							<width>30</width>
							<height>15</height>
							<onclick>PageDown(111)</onclick>
							<texturefocus>Arrow_Down.png</texturefocus>
							<texturenofocus>Arrow_Down.png</texturenofocus>
							<visible>Control.IsVisible(111)</visible>
						</control>
					</control>
				</control>
				<control type="group">
					<posx>850</posx>
					<posy>85</posy>
					<control type="image">
						<description>background image</description>
						<posx>0</posx>
						<posy>0</posy>
						<width>405</width>
						<height>35</height>
						<texture>folder-focus2.png</texture>
						<visible>Control.HasFocus(122)</visible>
					</control>
					<control type="checkmark" id="122">
						<description>Genre</description>
						<posx>5</posx>
						<posy>7</posy>
						<width>400</width>
						<height>20</height>
						<align>right</align>
						<label />
						<font>font10</font>
						<textcolor>white</textcolor>
						<texturecheckmark>radiobutton-focus.png</texturecheckmark>
						<texturecheckmarknofocus>radiobutton-nofocus.png</texturecheckmarknofocus>
						<markwidth>20</markwidth>
						<markheight>20</markheight>
						<onleft>112</onleft>
						<onright>100</onright>
						<onup>120</onup>
						<ondown>120</ondown>
					</control>
					<control type="list" id="120">
						<posx>0</posx>
						<posy>45</posy>
						<width>370</width>
						<height>160</height>
						<onleft>111</onleft>
						<onright>121</onright>
						<onup>120</onup>
						<ondown>120</ondown>
						<viewtype label="535">list</viewtype>
						<pagecontrol>121</pagecontrol>
						<scrolltime>200</scrolltime>
						<itemlayout height="40">
							<control type="image">
								<posx>0</posx>
								<posy>1</posy>
								<width>370</width>
								<height>35</height>
								<texture>dialog-button-nofocus.png</texture>
							</control>
							<control type="label">
								<posx>5</posx>
								<posy>0</posy>
								<width>360</width>
								<height>35</height>
								<font>font13</font>
								<aligny>center</aligny>
								<textcolor>white</textcolor>
								<selectedcolor>red</selectedcolor>
								<align>left</align>
								<info>ListItem.Label</info>
							</control>
						</itemlayout>
						<focusedlayout height="40">
							<control type="image">
								<posx>0</posx>
								<posy>0</posy>
								<width>370</width>
								<height>35</height>
								<visible>Control.HasFocus(120)</visible>
								<texture border="10,0,10,0">folder-focus2.png</texture>
							</control>
							<control type="image">
								<posx>0</posx>
								<posy>0</posy>
								<width>370</width>
								<height>35</height>
								<visible>!Control.HasFocus(120)</visible>
								<texture>dialog-button-nofocus.png</texture>
							</control>
							<control type="label">
								<posx>5</posx>
								<posy>0</posy>
								<width>360</width>
								<height>35</height>
								<font>font13</font>
								<aligny>center</aligny>
								<textcolor>white</textcolor>
								<selectedcolor>red</selectedcolor>
								<align>left</align>
								<info>ListItem.Label</info>
							</control>
						</focusedlayout>
					</control>
					<control type="group">
						<posx>375</posx>
						<posy>45</posy>
						<control type="button">
							<posx>0</posx>
							<posy>0</posy>
							<width>30</width>
							<height>15</height>
							<onclick>PageUp(121)</onclick>
							<texturefocus>Arrow_Up.png</texturefocus>
							<texturenofocus>Arrow_Up.png</texturenofocus>
							<visible>Control.IsVisible(121)</visible>
						</control>
						<control type="scrollbar" id="121">
							<posx>0</posx>
							<posy>15</posy>
							<width>30</width>
							<height>125</height>
							<texturesliderbackground border="5">folder-unfocus.png</texturesliderbackground>
							<texturesliderbar border="5">keyboard-alt-unfocus.png</texturesliderbar>
							<texturesliderbarfocus border="5">keyboard-alt-focus.png</texturesliderbarfocus>
							<textureslidernib>-</textureslidernib>
							<textureslidernibfocus>-</textureslidernibfocus>
							<onleft>120</onleft>
							<onright>132</onright>
							<showonepage>true</showonepage>
							<orientation>vertical</orientation>
						</control>
						<control type="button">
							<posx>0</posx>
							<posy>140</posy>
							<width>30</width>
							<height>15</height>
							<onclick>PageDown(121)</onclick>
							<texturefocus>Arrow_Down.png</texturefocus>
							<texturenofocus>Arrow_Down.png</texturenofocus>
							<visible>Control.IsVisible(121)</visible>
						</control>
					</control>
				</control>
				<control type="group">
					<posx>20</posx>
					<posy>300</posy>
					<control type="image">
						<description>background image</description>
						<posx>0</posx>
						<posy>0</posy>
						<width>405</width>
						<height>35</height>
						<texture>folder-focus2.png</texture>
						<visible>Control.HasFocus(132)</visible>
					</control>
					<control type="checkmark" id="132">
						<description>Genre</description>
						<posx>5</posx>
						<posy>7</posy>
						<width>400</width>
						<height>20</height>
						<align>right</align>
						<label />
						<font>font10</font>
						<textcolor>white</textcolor>
						<texturecheckmark>radiobutton-focus.png</texturecheckmark>
						<texturecheckmarknofocus>radiobutton-nofocus.png</texturecheckmarknofocus>
						<markwidth>20</markwidth>
						<markheight>20</markheight>
						<onleft>121</onleft>
						<onright>142</onright>
						<onup>130</onup>
						<ondown>130</ondown>
					</control>
					<control type="list" id="130">
						<posx>0</posx>
						<posy>45</posy>
						<width>370</width>
						<height>160</height>
						<onleft>152</onleft>
						<onright>131</onright>
						<onup>130</onup>
						<ondown>130</ondown>
						<viewtype label="535">list</viewtype>
						<pagecontrol>131</pagecontrol>
						<scrolltime>200</scrolltime>
						<itemlayout height="40">
							<control type="image">
								<posx>0</posx>
								<posy>1</posy>
								<width>370</width>
								<height>35</height>
								<texture>dialog-button-nofocus.png</texture>
							</control>
							<control type="label">
								<posx>5</posx>
								<posy>0</posy>
								<width>360</width>
								<height>35</height>
								<font>font13</font>
								<aligny>center</aligny>
								<textcolor>white</textcolor>
								<selectedcolor>red</selectedcolor>
								<align>left</align>
								<info>ListItem.Label</info>
							</control>
						</itemlayout>
						<focusedlayout height="40">
							<control type="image">
								<posx>0</posx>
								<posy>0</posy>
								<width>370</width>
								<height>35</height>
								<visible>Control.HasFocus(130)</visible>
								<texture border="10,0,10,0">folder-focus2.png</texture>
							</control>
							<control type="image">
								<posx>0</posx>
								<posy>0</posy>
								<width>370</width>
								<height>35</height>
								<visible>!Control.HasFocus(130)</visible>
								<texture>dialog-button-nofocus.png</texture>
							</control>
							<control type="label">
								<posx>5</posx>
								<posy>0</posy>
								<width>360</width>
								<height>35</height>
								<font>font13</font>
								<aligny>center</aligny>
								<textcolor>white</textcolor>
								<selectedcolor>red</selectedcolor>
								<align>left</align>
								<info>ListItem.Label</info>
							</control>
						</focusedlayout>
					</control>
					<control type="group">
						<posx>375</posx>
						<posy>45</posy>
						<control type="button">
							<posx>0</posx>
							<posy>0</posy>
							<width>30</width>
							<height>15</height>
							<onclick>PageUp(131)</onclick>
							<texturefocus>Arrow_Up.png</texturefocus>
							<texturenofocus>Arrow_Up.png</texturenofocus>
							<visible>Control.IsVisible(131)</visible>
						</control>
						<control type="scrollbar" id="131">
							<posx>0</posx>
							<posy>15</posy>
							<width>30</width>
							<height>125</height>
							<texturesliderbackground border="5">folder-unfocus.png</texturesliderbackground>
							<texturesliderbar border="5">keyboard-alt-unfocus.png</texturesliderbar>
							<texturesliderbarfocus border="5">keyboard-alt-focus.png</texturesliderbarfocus>
							<textureslidernib>-</textureslidernib>
							<textureslidernibfocus>-</textureslidernibfocus>
							<onleft>130</onleft>
							<onright>140</onright>
							<showonepage>true</showonepage>
							<orientation>vertical</orientation>
						</control>
						<control type="button">
							<posx>0</posx>
							<posy>140</posy>
							<width>30</width>
							<height>15</height>
							<onclick>PageDown(131)</onclick>
							<texturefocus>Arrow_Down.png</texturefocus>
							<texturenofocus>Arrow_Down.png</texturenofocus>
							<visible>Control.IsVisible(131)</visible>
						</control>
					</control>
				</control>
				<control type="group">
					<posx>435</posx>
					<posy>300</posy>
					<control type="image">
						<description>background image</description>
						<posx>0</posx>
						<posy>0</posy>
						<width>405</width>
						<height>35</height>
						<texture>folder-focus2.png</texture>
						<visible>Control.HasFocus(142)</visible>
					</control>
					<control type="checkmark" id="142">
						<description>Genre</description>
						<posx>5</posx>
						<posy>7</posy>
						<width>400</width>
						<height>20</height>
						<align>right</align>
						<label />
						<font>font10</font>
						<textcolor>white</textcolor>
						<texturecheckmark>radiobutton-focus.png</texturecheckmark>
						<texturecheckmarknofocus>radiobutton-nofocus.png</texturecheckmarknofocus>
						<markwidth>20</markwidth>
						<markheight>20</markheight>
						<onleft>132</onleft>
						<onright>152</onright>
						<onup>140</onup>
						<ondown>140</ondown>
					</control>
					<control type="list" id="140">
						<posx>0</posx>
						<posy>45</posy>
						<width>370</width>
						<height>160</height>
						<onleft>131</onleft>
						<onright>141</onright>
						<onup>140</onup>
						<ondown>140</ondown>
						<viewtype label="535">list</viewtype>
						<pagecontrol>141</pagecontrol>
						<scrolltime>200</scrolltime>
						<itemlayout height="40">
							<control type="image">
								<posx>0</posx>
								<posy>1</posy>
								<width>370</width>
								<height>35</height>
								<texture>dialog-button-nofocus.png</texture>
							</control>
							<control type="label">
								<posx>5</posx>
								<posy>0</posy>
								<width>360</width>
								<height>35</height>
								<font>font13</font>
								<aligny>center</aligny>
								<textcolor>white</textcolor>
								<selectedcolor>red</selectedcolor>
								<align>left</align>
								<info>ListItem.Label</info>
							</control>
						</itemlayout>
						<focusedlayout height="40">
							<control type="image">
								<posx>0</posx>
								<posy>0</posy>
								<width>370</width>
								<height>35</height>
								<visible>Control.HasFocus(140)</visible>
								<texture border="10,0,10,0">folder-focus2.png</texture>
							</control>
							<control type="image">
								<posx>0</posx>
								<posy>0</posy>
								<width>370</width>
								<height>35</height>
								<visible>!Control.HasFocus(140)</visible>
								<texture>dialog-button-nofocus.png</texture>
							</control>
							<control type="label">
								<posx>5</posx>
								<posy>0</posy>
								<width>360</width>
								<height>35</height>
								<font>font13</font>
								<aligny>center</aligny>
								<textcolor>white</textcolor>
								<selectedcolor>red</selectedcolor>
								<align>left</align>
								<info>ListItem.Label</info>
							</control>
						</focusedlayout>
					</control>
					<control type="group">
						<posx>375</posx>
						<posy>45</posy>
						<control type="button">
							<posx>0</posx>
							<posy>0</posy>
							<width>30</width>
							<height>15</height>
							<onclick>PageUp(141)</onclick>
							<texturefocus>Arrow_Up.png</texturefocus>
							<texturenofocus>Arrow_Up.png</texturenofocus>
							<visible>Control.IsVisible(141)</visible>
						</control>
						<control type="scrollbar" id="141">
							<posx>0</posx>
							<posy>15</posy>
							<width>30</width>
							<height>125</height>
							<texturesliderbackground border="5">folder-unfocus.png</texturesliderbackground>
							<texturesliderbar border="5">keyboard-alt-unfocus.png</texturesliderbar>
							<texturesliderbarfocus border="5">keyboard-alt-focus.png</texturesliderbarfocus>
							<textureslidernib>-</textureslidernib>
							<textureslidernibfocus>-</textureslidernibfocus>
							<onleft>140</onleft>
							<onright>150</onright>
							<showonepage>true</showonepage>
							<orientation>vertical</orientation>
						</control>
						<control type="button">
							<posx>0</posx>
							<posy>140</posy>
							<width>30</width>
							<height>15</height>
							<onclick>PageDown(141)</onclick>
							<texturefocus>Arrow_Down.png</texturefocus>
							<texturenofocus>Arrow_Down.png</texturenofocus>
							<visible>Control.IsVisible(141)</visible>
						</control>
					</control>
				</control>
				<control type="group">
					<posx>850</posx>
					<posy>300</posy>
					<control type="image">
						<description>background image</description>
						<posx>0</posx>
						<posy>0</posy>
						<width>405</width>
						<height>35</height>
						<texture>folder-focus2.png</texture>
						<visible>Control.HasFocus(152)</visible>
					</control>
					<control type="checkmark" id="152">
						<description>Genre</description>
						<posx>5</posx>
						<posy>7</posy>
						<width>400</width>
						<height>20</height>
						<align>right</align>
						<label />
						<font>font10</font>
						<textcolor>white</textcolor>
						<texturecheckmark>radiobutton-focus.png</texturecheckmark>
						<texturecheckmarknofocus>radiobutton-nofocus.png</texturecheckmarknofocus>
						<markwidth>20</markwidth>
						<markheight>20</markheight>
						<onleft>142</onleft>
						<onright>130</onright>
						<onup>150</onup>
						<ondown>150</ondown>
					</control>
					<control type="list" id="150">
						<posx>0</posx>
						<posy>45</posy>
						<width>370</width>
						<height>160</height>
						<width>150</width>
						<height>130</height>
						<onleft>141</onleft>
						<onright>151</onright>
						<onup>150</onup>
						<ondown>150</ondown>
						<viewtype label="535">list</viewtype>
						<pagecontrol>151</pagecontrol>
						<scrolltime>200</scrolltime>
						<itemlayout height="40">
							<control type="image">
								<posx>0</posx>
								<posy>1</posy>
								<width>370</width>
								<height>35</height>
								<texture>dialog-button-nofocus.png</texture>
							</control>
							<control type="label">
								<posx>5</posx>
								<posy>0</posy>
								<width>360</width>
								<height>35</height>
								<font>font13</font>
								<aligny>center</aligny>
								<textcolor>white</textcolor>
								<selectedcolor>red</selectedcolor>
								<align>left</align>
								<info>ListItem.Label</info>
							</control>
						</itemlayout>
						<focusedlayout height="40">
							<control type="image">
								<posx>0</posx>
								<posy>0</posy>
								<width>370</width>
								<height>35</height>
								<visible>Control.HasFocus(150)</visible>
								<texture border="10,0,10,0">folder-focus2.png</texture>
							</control>
							<control type="image">
								<posx>0</posx>
								<posy>0</posy>
								<width>370</width>
								<height>35</height>
								<visible>!Control.HasFocus(150)</visible>
								<texture>dialog-button-nofocus.png</texture>
							</control>
							<control type="label">
								<posx>5</posx>
								<posy>0</posy>
								<width>360</width>
								<height>35</height>
								<font>font13</font>
								<aligny>center</aligny>
								<textcolor>white</textcolor>
								<selectedcolor>red</selectedcolor>
								<align>left</align>
								<info>ListItem.Label</info>
							</control>
						</focusedlayout>
					</control>
					<control type="group">
						<posx>375</posx>
						<posy>45</posy>
						<control type="button">
							<posx>0</posx>
							<posy>0</posy>
							<width>30</width>
							<height>15</height>
							<onclick>PageUp(151)</onclick>
							<texturefocus>Arrow_Up.png</texturefocus>
							<texturenofocus>Arrow_Up.png</texturenofocus>
							<visible>Control.IsVisible(151)</visible>
						</control>
						<control type="scrollbar" id="151">
							<posx>0</posx>
							<posy>15</posy>
							<width>30</width>
							<height>125</height>
							<texturesliderbackground border="5">folder-unfocus.png</texturesliderbackground>
							<texturesliderbar border="5">keyboard-alt-unfocus.png</texturesliderbar>
							<texturesliderbarfocus border="5">keyboard-alt-focus.png</texturesliderbarfocus>
							<textureslidernib>-</textureslidernib>
							<textureslidernibfocus>-</textureslidernibfocus>
							<onleft>150</onleft>
							<onright>2075</onright>
							<showonepage>true</showonepage>
							<orientation>vertical</orientation>
						</control>
						<control type="button">
							<posx>0</posx>
							<posy>140</posy>
							<width>30</width>
							<height>15</height>
							<onclick>PageDown(151)</onclick>
							<texturefocus>Arrow_Down.png</texturefocus>
							<texturenofocus>Arrow_Down.png</texturenofocus>
							<visible>Control.IsVisible(151)</visible>
						</control>
					</control>
				</control>
			</control>
			<!-- ** Required ** Do not change id's or type's -->
			<control type="group">
				<posx>20</posx>
				<posy>515</posy>
				<control type="image">
					<description>background image</description>
					<posx>0</posx>
					<posy>0</posy>
					<width>895</width>
					<height>140</height>
					<texture border="10,10,0,10">Info_Panel.png</texture>
				</control>
				<!-- ** Required ** Do not change id or type-->
				<control type="textbox" id="75">
					<description>SQL statement</description>
					<posx>5</posx>
					<posy>5</posy>
					<width>880</width>
					<height>130</height>
					<font>font12</font>
					<textcolor>red</textcolor>
					<onup>75</onup>
					<ondown>75</ondown>
					<onleft>151</onleft>
					<onright>2075</onright>
					<pagecontrol>2075</pagecontrol>
				</control>
				<control type="group">
					<posx>900</posx>
					<posy>0</posy>
					<control type="button">
						<posx>0</posx>
						<posy>0</posy>
						<width>30</width>
						<height>15</height>
						<onclick>PageUp(2075)</onclick>
						<texturefocus>Arrow_Up.png</texturefocus>
						<texturenofocus>Arrow_Up.png</texturenofocus>
						<visible>Control.IsVisible(2075)</visible>
					</control>
					<control type="scrollbar" id="2075">
						<posx>0</posx>
						<posy>15</posy>
						<width>30</width>
						<height>100</height>
						<texturesliderbackground border="5">folder-unfocus.png</texturesliderbackground>
						<texturesliderbar border="5">keyboard-alt-unfocus.png</texturesliderbar>
						<texturesliderbarfocus border="5">keyboard-alt-focus.png</texturesliderbarfocus>
						<textureslidernib>-</textureslidernib>
						<textureslidernibfocus>-</textureslidernibfocus>
						<onleft>151</onleft>
						<onright>2000</onright>
						<showonepage>true</showonepage>
						<orientation>vertical</orientation>
					</control>
					<control type="button">
						<posx>0</posx>
						<posy>115</posy>
						<width>30</width>
						<height>15</height>
						<onclick>PageDown(2075)</onclick>
						<texturefocus>Arrow_Down.png</texturefocus>
						<texturenofocus>Arrow_Down.png</texturenofocus>
						<visible>Control.IsVisible(2075)</visible>
					</control>
				</control>
				<!-- ** Required ** Do not change id or type -->
				<control type="label" id="40">
					<description>SQL run Label</description>
					<posx>0</posx>
					<posy>140</posy>
					<width>865</width>
					<align>left</align>
					<font>font13</font>
					<textcolor>white</textcolor>
					<label />
				</control>
			</control>
			<!-- ** Required ** Do not change id's or type's -->
			<control type="group" id="2000">
				<posx>955</posx>
				<posy>515</posy>
				<control type="button" id="250">
					<description>Ok Button</description>
					<posx>0</posx>
					<posy>0</posy>
					<height>40</height>
					<align>center</align>
					<aligny>center</aligny>
					<label>-</label>
					<texturefocus>folder-focus2.png</texturefocus>
					<texturenofocus>dialog-button-nofocus.png</texturenofocus>
					<onleft>2075</onleft>
					<onright>102</onright>
					<onup>258</onup>
					<ondown>251</ondown>
				</control>
				<control type="button" id="251">
					<description>Cancel Button</description>
					<posx>0</posx>
					<posy>45</posy>
					<height>40</height>
					<align>center</align>
					<aligny>center</aligny>
					<label>-</label>
					<texturefocus>folder-focus2.png</texturefocus>
					<texturenofocus>dialog-button-nofocus.png</texturenofocus>
					<onleft>2075</onleft>
					<onright>102</onright>
					<onup>250</onup>
					<ondown>257</ondown>
				</control>
				<control type="button" id="257">
					<description>Save Button</description>
					<posx>0</posx>
					<posy>90</posy>
					<height>40</height>
					<align>center</align>
					<aligny>center</aligny>
					<label>-</label>
					<texturefocus>folder-focus2.png</texturefocus>
					<texturenofocus>dialog-button-nofocus.png</texturenofocus>
					<onleft>2075</onleft>
					<onright>102</onright>
					<onup>251</onup>
					<ondown>258</ondown>
				</control>
				<control type="button" id="258">
					<description>Clear/Load Button</description>
					<posx>0</posx>
					<posy>135</posy>
					<height>40</height>
					<align>center</align>
					<aligny>center</aligny>
					<texturefocus>folder-focus2.png</texturefocus>
					<texturenofocus>dialog-button-nofocus.png</texturenofocus>
					<label>-</label>
					<onleft>2075</onleft>
					<onright>102</onright>
					<onup>257</onup>
					<ondown>250</ondown>
				</control>
			</control>
			<control type="image">
				<posx>0</posx>
				<posy>0</posy>
				<width>1280</width>
				<height>90</height>
				<texture>Topbar.png</texture>
			</control>
			<control type="label" id="20">
				<description>Title label</description>
				<posx>40</posx>
				<posy>20</posy>
				<width>600</width>
				<height>42</height>
				<align>left</align>
				<aligny>center</aligny>
				<textcolor>white</textcolor>
				<shadowcolor>black</shadowcolor>
				<label>-</label>
				<font>font16b</font>
			</control>
		</control>
	</controls>
</window>