<window>
	<defaultcontrol always="true">50</defaultcontrol>
	<allowoverlay>no</allowoverlay>
	<controls>
		<include>Common_Background</include>
		<control type="group">
			<include>Window_OpenClose_Animation</include>
			<!-- Trailer list controls -->
			<!-- ** Required ** Do not change id or type-->
			<control type="group" id="3000">
				<control type="list" id="50">
					<posx>25</posx>
					<posy>90</posy>
					<width>950</width>
					<height>336</height>
					<onleft>9000</onleft>
					<onright>2050</onright>
					<onup>50</onup>
					<ondown>50</ondown>
					<viewtype label="544">list</viewtype>
					<pagecontrol>2050</pagecontrol>
					<scrolltime>200</scrolltime>
					<hitrect x="25" y="85" w="615" h="550" />
					<itemlayout height="42" width="950">
						<control type="image">
							<posx>15</posx>
							<posy>2</posy>
							<width>40</width>
							<height>38</height>
							<info>ListItem.Icon</info>
						</control>
						<control type="label">
							<posx>65</posx>
							<posy>0</posy>
							<width>850</width>
							<height>42</height>
							<font>font13</font>
							<aligny>center</aligny>
							<selectedcolor>red</selectedcolor>
							<align>left</align>
							<info>ListItem.Label</info>
						</control>
						<control type="label">
							<posx>930</posx>
							<posy>0</posy>
							<width>400</width>
							<height>42</height>
							<font>font13</font>
							<aligny>center</aligny>
							<selectedcolor>red</selectedcolor>
							<textcolor>white</textcolor>
							<align>right</align>
							<info>ListItem.Label2</info>
						</control>
					</itemlayout>
					<focusedlayout height="42" width="950">
						<control type="image">
							<posx>0</posx>
							<posy>0</posy>
							<width>950</width>
							<height>42</height>
							<colordiffuse>FFFFFFFF</colordiffuse>
							<visible>Control.HasFocus(50)</visible>
							<texture>ListItem_Focus.png</texture>
						</control>
						<control type="image">
							<posx>15</posx>
							<posy>2</posy>
							<width>40</width>
							<height>38</height>
							<info>ListItem.Icon</info>
						</control>
						<control type="label">
							<posx>65</posx>
							<posy>0</posy>
							<width>850</width>
							<height>42</height>
							<font>font13</font>
							<aligny>center</aligny>
							<selectedcolor>red</selectedcolor>
							<align>left</align>
							<info>ListItem.Label</info>
						</control>
						<control type="label">
							<posx>930</posx>
							<posy>0</posy>
							<width>400</width>
							<height>42</height>
							<font>font13</font>
							<aligny>center</aligny>
							<selectedcolor>red</selectedcolor>
							<textcolor>white</textcolor>
							<align>right</align>
							<info>ListItem.Label2</info>
						</control>
					</focusedlayout>
				</control>
				<control type="group">
					<visible>Control.IsVisible(50)</visible>
					<control type="image">
						<posx>980</posx>
						<posy>85</posy>
						<width>270</width>
						<height>350</height>
						<colordiffuse>FFFFFFFF</colordiffuse>
						<aspectratio>keep</aspectratio>
						<info>Listitem.ActualIcon</info>
						<bordertexture border="4">folder-focus.png</bordertexture>
						<bordersize>4</bordersize>
					</control>
					<control type="image">
						<posx>0</posx>
						<posy>650</posy>
						<width>300</width>
						<height>44</height>
						<texture>Slider_focus_right.png</texture>
					</control>
					<control type="image" id="202">
						<description>Trailer Rating</description>
						<posx>40</posx>
						<posy>640</posy>
						<width>100</width>
						<height>60</height>
						<colordiffuse>FFFFFFFF</colordiffuse>
						<aspectratio>keep</aspectratio>
					</control>
					<control type="image" id="203">
						<description>Trailer Favorite Overlay</description>
						<posx>60r</posx>
						<posy>400</posy>
						<width>30</width>
						<height>30</height>
						<colordiffuse>FFFFFFFF</colordiffuse>
						<aspectratio>keep</aspectratio>
						<texture>amt-overlay-favorite.png</texture>
					</control>
					<control type="image" id="204">
						<description>Trailer Watched Overlay</description>
						<posx>60r</posx>
						<posy>400</posy>
						<width>30</width>
						<height>30</height>
						<colordiffuse>FFFFFFFF</colordiffuse>
						<aspectratio>keep</aspectratio>
						<texture>amt-overlay-watched.png</texture>
						<animation effect="slide" start="0,0" end="-30,0" time="0" condition="Control.IsVisible(203)">Conditional</animation>
					</control>
					<control type="image" id="205">
						<description>Trailer Saved Overlay</description>
						<posx>60r</posx>
						<posy>400</posy>
						<width>30</width>
						<height>30</height>
						<colordiffuse>FFFFFFFF</colordiffuse>
						<aspectratio>keep</aspectratio>
						<texture>amt-overlay-saved.png</texture>
						<animation effect="slide" start="0,0" end="-30,0" time="0" condition="Control.IsVisible(203)">Conditional</animation>
						<animation effect="slide" start="0,0" end="-30,0" time="0" condition="Control.IsVisible(204)">Conditional</animation>
					</control>
					<control type="fadelabel" id="206">
						<description>Trailer Label</description>
						<posx>10</posx>
						<posy>10</posy>
						<width>505</width>
						<height>35</height>
						<font>font16</font>
						<align>left</align>
						<aligny>center</aligny>
						<textcolor>white</textcolor>
						<shadowcolor>black</shadowcolor>
						<info>ListItem.Title</info>
						<visible>false</visible>
					</control>
					<control type="textbox" id="75">
						<description>Plot Value</description>
						<posx>25</posx>
						<posy>495</posy>
						<width>1230</width>
						<height>145</height>
						<font>font13</font>
						<align>justify</align>
						<aligy>center</aligy>
						<textcolor>white</textcolor>
						<shadowcolor>black</shadowcolor>
						<pagecontrol>2075</pagecontrol>
						<label>$INFO[ListItem.Plot,[COLOR=red]$LOCALIZE[203]:[/COLOR] ]</label>
						<autoscroll time="3000" delay="3000" repeat="5000">!Control.HasFocus(2075) + !Skin.HasSetting(AutoScroll)</autoscroll>
					</control>
					<control type="group">
						<posx>300r</posx>
						<posy>650</posy>
						<control type="image">
							<posx>0</posx>
							<posy>0</posy>
							<width>300</width>
							<height>44</height>
							<texture>Slider_focus_left.png</texture>
							<visible>Control.IsVisible(2075)</visible>
						</control>
						<control type="spincontrol" id="2075">
							<description>Next page button</description>
							<posx>220</posx>
							<posy>10</posy>
							<subtype>page</subtype>
							<font>font13</font>
							<onleft>2070</onleft>
							<onright>9000</onright>
							<ondown>2075</ondown>
							<onup>2075</onup>
							<textcolor>red</textcolor>
							<showonepage>true</showonepage>
						</control>
					</control>
					<control type="list" id="70">
						<description>Cast List</description>
						<posx>180</posx>
						<posy>60</posy>
						<width>335</width>
						<height>240</height>
						<onleft>2050</onleft>
						<onright>2070</onright>
						<onup>70</onup>
						<ondown>70</ondown>
						<viewtype label="535">list</viewtype>
						<pagecontrol>2070</pagecontrol>
						<scrolltime>200</scrolltime>
						<visible>false</visible>
						<itemlayout height="40" width="335">
							<control type="image">
								<posx>0</posx>
								<posy>0</posy>
								<width>335</width>
								<height>35</height>
								<colordiffuse>FFFFFFFF</colordiffuse>
								<texture>button-nofocus.png</texture>
							</control>
							<control type="label">
								<posx>10</posx>
								<posy>0</posy>
								<width>315</width>
								<height>35</height>
								<font>font13</font>
								<aligny>center</aligny>
								<selectedcolor>red</selectedcolor>
								<align>left</align>
								<info>ListItem.Label</info>
							</control>
						</itemlayout>
						<focusedlayout height="40" width="335">
							<control type="image">
								<posx>0</posx>
								<posy>0</posy>
								<width>335</width>
								<height>35</height>
								<colordiffuse>FFFFFFFF</colordiffuse>
								<visible>!Control.HasFocus(70)</visible>
								<texture>button-nofocus.png</texture>
							</control>
							<control type="image">
								<posx>0</posx>
								<posy>0</posy>
								<width>335</width>
								<height>35</height>
								<colordiffuse>FFFFFFFF</colordiffuse>
								<visible>Control.HasFocus(70)</visible>
								<texture>button-focus.png</texture>
							</control>
							<control type="label">
								<posx>10</posx>
								<posy>0</posy>
								<width>315</width>
								<height>35</height>
								<font>font13</font>
								<aligny>center</aligny>
								<selectedcolor>red</selectedcolor>
								<align>left</align>
								<info>ListItem.Label</info>
							</control>
						</focusedlayout>
					</control>
					<control type="group">
						<posx>535</posx>
						<control type="button">
							<posx>0</posx>
							<posy>0</posy>
							<width>30</width>
							<height>30</height>
							<onclick>PageUp(2070)</onclick>
							<texturefocus>scrollbar_arrow_up_focus.png</texturefocus>
							<texturenofocus>scrollbar_arrow_up.png</texturenofocus>
							<visible>Control.IsVisible(2070)</visible>
						</control>
						<control type="scrollbar" id="2070">
							<posx>0</posx>
							<posy>35</posy>
							<width>30</width>
							<height>230</height>
							<texturesliderbackground>button-nofocus.png</texturesliderbackground>
							<texturesliderbar>scrollbar_bar.png</texturesliderbar>
							<texturesliderbarfocus>scrollbar_bar_focus.png</texturesliderbarfocus>
							<textureslidernib>-</textureslidernib>
							<textureslidernibfocus>-</textureslidernibfocus>
							<onleft>70</onleft>
							<onright>2075</onright>
							<showonepage>false</showonepage>
							<orientation>vertical</orientation>
						</control>
						<control type="button">
							<posx>0</posx>
							<posy>270</posy>
							<width>30</width>
							<height>30</height>
							<onclick>PageDown(2070)</onclick>
							<texturefocus>scrollbar_arrow_down_focus.png</texturefocus>
							<texturenofocus>scrollbar_arrow_down.png</texturenofocus>
							<visible>Control.IsVisible(2070)</visible>
						</control>
					</control>
				</control>
				<control type="panel" id="52">
					<posx>30</posx>
					<posy>85</posy>
					<width>792</width>
					<height>550</height>
					<onleft>9000</onleft>
					<onright>2050</onright>
					<onup>52</onup>
					<ondown>52</ondown>
					<scrolltime>200</scrolltime>
					<viewtype label="$LOCALIZE[544] 2">icon</viewtype>
					<pagecontrol>2050</pagecontrol>
					<orientation>vertical</orientation>
					<itemlayout condition="!Skin.HasSetting(FullIcons)" height="275" width="198">
						<control type="image">
							<posx>4</posx>
							<posy>4</posy>
							<width>190</width>
							<height>232</height>
							<info>ListItem.Icon</info>
						</control>
						<control type="image">
							<posx>153</posx>
							<posy>210</posy>
							<width>32</width>
							<height>32</height>
							<aspectratio>keep</aspectratio>
							<info>Listitem.Overlay</info>
						</control>
						<control type="label">
							<posx>99</posx>
							<posy>240</posy>
							<width>180</width>
							<height>22</height>
							<font>font13</font>
							<selectedcolor>red</selectedcolor>
							<align>center</align>
							<info>ListItem.Label</info>
						</control>
					</itemlayout>
					<focusedlayout condition="!Skin.HasSetting(FullIcons)" height="275" width="198">
						<control type="image">
							<posx>0</posx>
							<posy>0</posy>
							<width>198</width>
							<height>240</height>
							<info>ListItem.Icon</info>
							<bordertexture border="4">folder-focus.png</bordertexture>
							<bordersize>4</bordersize>
						</control>
						<control type="image">
							<posx>153</posx>
							<posy>210</posy>
							<width>32</width>
							<height>32</height>
							<aspectratio>keep</aspectratio>
							<info>Listitem.Overlay</info>
						</control>
						<control type="image">
							<posx>-10</posx>
							<posy>240</posy>
							<width>218</width>
							<height>35</height>
							<texture>folder-focus2.png</texture>
						</control>
						<control type="label">
							<posx>99</posx>
							<posy>240</posy>
							<width>180</width>
							<height>22</height>
							<font>font13</font>
							<selectedcolor>red</selectedcolor>
							<align>center</align>
							<info>ListItem.Label</info>
						</control>
					</focusedlayout>
					<itemlayout condition="Skin.HasSetting(FullIcons)" height="275" width="198">
						<control type="image">
							<posx>4</posx>
							<posy>4</posy>
							<width>190</width>
							<height>267</height>
							<info>ListItem.Icon</info>
						</control>
						<control type="image">
							<posx>153</posx>
							<posy>240</posy>
							<width>32</width>
							<height>32</height>
							<aspectratio>keep</aspectratio>
							<info>Listitem.Overlay</info>
						</control>
					</itemlayout>
					<focusedlayout condition="Skin.HasSetting(FullIcons)" height="275" width="198">
						<control type="image">
							<posx>0</posx>
							<posy>0</posy>
							<width>198</width>
							<height>275</height>
							<info>ListItem.Icon</info>
							<bordertexture border="4">folder-focus.png</bordertexture>
							<bordersize>4</bordersize>
						</control>
						<control type="image">
							<posx>153</posx>
							<posy>240</posy>
							<width>32</width>
							<height>32</height>
							<aspectratio>keep</aspectratio>
							<info>Listitem.Overlay</info>
						</control>
					</focusedlayout>
				</control>
				<control type="group">
					<posx>832</posx>
					<posy>85</posy>
					<control type="image">
						<posx>0</posx>
						<posy>0</posy>
						<width>418</width>
						<height>550</height>
						<texture border="10,10,0,10">Info_Panel.png</texture>
						<visible>Control.IsVisible(52)</visible>
					</control>
					<control type="fadelabel" id="206">
						<description>Title Label</description>
						<posx>10</posx>
						<posy>10</posy>
						<width>400</width>
						<height>35</height>
						<font>font16</font>
						<align>left</align>
						<aligny>center</aligny>
						<textcolor>white</textcolor>
						<shadowcolor>black</shadowcolor>
						<info>ListItem.Title</info>
						<visible>Control.IsVisible(52)</visible>
					</control>
					<control type="label">
						<description>Plot Label</description>
						<posx>10</posx>
						<posy>50</posy>
						<width>400</width>
						<height>35</height>
						<font>font13</font>
						<align>left</align>
						<aligy>center</aligy>
						<textcolor>red</textcolor>
						<shadowcolor>black</shadowcolor>
						<label>$LOCALIZE[203]:</label>
						<visible>!IsEmpty(ListItem.Plot)</visible>
						<visible>Control.IsVisible(52)</visible>
					</control>
					<control type="textbox">
						<description>Plot Value</description>
						<posx>10</posx>
						<posy>80</posy>
						<width>400</width>
						<height>460</height>
						<font>font13</font>
						<align>justify</align>
						<aligy>center</aligy>
						<textcolor>white</textcolor>
						<shadowcolor>black</shadowcolor>
						<pagecontrol>2075</pagecontrol>
						<label>$INFO[ListItem.Plot]</label>
						<visible>Control.IsVisible(52)</visible>
						<autoscroll time="2000" delay="3000" repeat="5000">!Skin.HasSetting(AutoScroll)</autoscroll>
					</control>
				</control>
				<control type="panel" id="54">
					<posx>50</posx>
					<posy>85</posy>
					<width>1190</width>
					<height>550</height>
					<onleft>9000</onleft>
					<onright>2050</onright>
					<onup>54</onup>
					<ondown>54</ondown>
					<scrolltime>200</scrolltime>
					<viewtype label="542">icon</viewtype>
					<pagecontrol>2050</pagecontrol>
					<orientation>vertical</orientation>
					<itemlayout condition="!Skin.HasSetting(FullIcons)" height="275" width="198">
						<control type="image">
							<posx>4</posx>
							<posy>4</posy>
							<width>190</width>
							<height>232</height>
							<info>ListItem.Icon</info>
						</control>
						<control type="image">
							<posx>153</posx>
							<posy>210</posy>
							<width>32</width>
							<height>32</height>
							<aspectratio>keep</aspectratio>
							<info>Listitem.Overlay</info>
						</control>
						<control type="label">
							<posx>99</posx>
							<posy>240</posy>
							<width>180</width>
							<height>22</height>
							<font>font13</font>
							<selectedcolor>red</selectedcolor>
							<align>center</align>
							<info>ListItem.Label</info>
						</control>
					</itemlayout>
					<focusedlayout condition="!Skin.HasSetting(FullIcons)" height="275" width="198">
						<control type="image">
							<posx>0</posx>
							<posy>0</posy>
							<width>198</width>
							<height>240</height>
							<info>ListItem.Icon</info>
							<bordertexture border="4">folder-focus.png</bordertexture>
							<bordersize>4</bordersize>
						</control>
						<control type="image">
							<posx>153</posx>
							<posy>210</posy>
							<width>32</width>
							<height>32</height>
							<aspectratio>keep</aspectratio>
							<info>Listitem.Overlay</info>
						</control>
						<control type="image">
							<posx>-10</posx>
							<posy>240</posy>
							<width>218</width>
							<height>35</height>
							<texture>folder-focus2.png</texture>
						</control>
						<control type="label">
							<posx>99</posx>
							<posy>240</posy>
							<width>180</width>
							<height>22</height>
							<font>font13</font>
							<selectedcolor>red</selectedcolor>
							<align>center</align>
							<info>ListItem.Label</info>
						</control>
					</focusedlayout>
					<itemlayout condition="Skin.HasSetting(FullIcons)" height="275" width="198">
						<control type="image">
							<posx>4</posx>
							<posy>4</posy>
							<width>190</width>
							<height>267</height>
							<info>ListItem.Icon</info>
						</control>
						<control type="image">
							<posx>153</posx>
							<posy>240</posy>
							<width>32</width>
							<height>32</height>
							<aspectratio>keep</aspectratio>
							<info>Listitem.Overlay</info>
						</control>
					</itemlayout>
					<focusedlayout condition="Skin.HasSetting(FullIcons)" height="275" width="198">
						<control type="image">
							<posx>0</posx>
							<posy>0</posy>
							<width>198</width>
							<height>275</height>
							<info>ListItem.Icon</info>
							<bordertexture border="4">folder-focus.png</bordertexture>
							<bordersize>4</bordersize>
						</control>
						<control type="image">
							<posx>153</posx>
							<posy>240</posy>
							<width>32</width>
							<height>32</height>
							<aspectratio>keep</aspectratio>
							<info>Listitem.Overlay</info>
						</control>
					</focusedlayout>
				</control>
				<control type="group">
					<visible>Control.IsVisible(54) + Skin.HasSetting(FullIcons)</visible>
					<control type="image">
						<posx>265</posx>
						<posy>650</posy>
						<width>750</width>
						<height>44</height>
						<colordiffuse>FFFFFFFF</colordiffuse>
						<texture>ListItem_Focus.png</texture>
					</control>
					<control type="label">
						<posx>315</posx>
						<posy>650</posy>
						<width>650</width>
						<height>44</height>
						<font>font13</font>
						<align>center</align>
						<aligny>center</aligny>
						<scroll>true</scroll>
						<shadowcolor>black</shadowcolor>
						<info>ListItem.Label</info>
					</control>
				</control>
				<control type="group">
					<posx>300r</posx>
					<posy>445</posy>
					<animation effect="slide" start="0,0" end="0,205" time="0" condition="Control.IsVisible(52) | Control.IsVisible(54)">Conditional</animation>
					<control type="image">
						<posx>0</posx>
						<posy>0</posy>
						<width>300</width>
						<height>44</height>
						<texture>Slider_focus_left.png</texture>
					</control>
					<control type="spincontrol" id="2050">
						<description>Next page button</description>
						<posx>220</posx>
						<posy>10</posy>
						<subtype>page</subtype>
						<font>font13</font>
						<onleft>50</onleft>
						<onright>70</onright>
						<ondown>2050</ondown>
						<onup>2050</onup>
						<textcolor>red</textcolor>
						<showonepage>true</showonepage>
					</control>
				</control>
				<control type="group">
					<posx>0</posx>
					<posy>445</posy>
					<animation effect="slide" start="0,0" end="0,205" time="0" condition="Control.IsVisible(52) | Control.IsVisible(54)">Conditional</animation>
					<control type="image">
						<description>File Count Background</description>
						<posx>0</posx>
						<posy>0</posy>
						<width>300</width>
						<height>44</height>
						<texture>Slider_focus_right.png</texture>
					</control>
					<control type="label" id="2150">
						<description>number of files text label</description>
						<posx>40</posx>
						<posy>0</posy>
						<height>40</height>
						<align>left</align>
						<aligny>center</aligny>
						<label>-</label>
						<textcolor>red</textcolor>
						<shadowcolor>black</shadowcolor>
					</control>
				</control>
			</control>
				<!-- ** Required ** Do not change id or type-->
			<!-- ** Required ** Do not change id or type-->
			<control type="button" id="175">
				<description>Plot Button</description>
				<visible>false</visible>
			</control>
			<!-- ** Required ** Do not change id or type-->
			<control type="button" id="170">
				<visible>false</visible>
			</control>
		<!-- ** Required ** Do not change <description> or <type> -->
			<control type="group" id="4000">
				<!-- Category list controls -->
				<!-- ** Required ** Do not change <description> or <type> -->
				<control type="list" id="60">
					<posx>285</posx>
					<posy>85</posy>
					<width>710</width>
					<height>550</height>
					<onleft>9000</onleft>
					<onright>2060</onright>
					<onup>60</onup>
					<ondown>60</ondown>
					<viewtype label="544">list</viewtype>
					<pagecontrol>2060</pagecontrol>
					<scrolltime>200</scrolltime>
					<itemlayout height="50" width="710">
						<control type="image">
							<posx>0</posx>
							<posy>0</posy>
							<width>710</width>
							<height>45</height>
							<texture>dialog-button-nofocus.png</texture>
						</control>
						<control type="image">
							<posx>35</posx>
							<posy>5</posy>
							<width>35</width>
							<height>35</height>
							<info>ListItem.Thumb</info>
						</control>
						<control type="label">
							<posx>85</posx>
							<posy>5</posy>
							<width>520</width>
							<height>35</height>
							<font>font13</font>
							<aligny>center</aligny>
							<selectedcolor>red</selectedcolor>
							<align>left</align>
							<info>ListItem.Label</info>
						</control>
						<control type="label">
							<posx>680</posx>
							<posy>5</posy>
							<width>400</width>
							<height>35</height>
							<font>font13</font>
							<aligny>center</aligny>
							<selectedcolor>red</selectedcolor>
							<textcolor>white</textcolor>
							<align>right</align>
							<info>ListItem.Label2</info>
						</control>
					</itemlayout>
					<focusedlayout height="50" width="710">
						<control type="image">
							<posx>0</posx>
							<posy>0</posy>
							<width>710</width>
							<height>45</height>
							<visible>!Control.HasFocus(60)</visible>
							<texture>dialog-button-nofocus.png</texture>
						</control>
						<control type="image">
							<posx>0</posx>
							<posy>0</posy>
							<width>710</width>
							<height>45</height>
							<visible>Control.HasFocus(60)</visible>
							<texture border="10,0,10,0">folder-focus2.png</texture>
						</control>
						<control type="image">
							<posx>35</posx>
							<posy>5</posy>
							<width>35</width>
							<height>35</height>
							<info>ListItem.Thumb</info>
						</control>
						<control type="label">
							<posx>85</posx>
							<posy>5</posy>
							<width>520</width>
							<height>35</height>
							<font>font13</font>
							<aligny>center</aligny>
							<selectedcolor>red</selectedcolor>
							<align>left</align>
							<info>ListItem.Label</info>
						</control>
						<control type="label">
							<posx>680</posx>
							<posy>5</posy>
							<width>400</width>
							<height>35</height>
							<font>font13</font>
							<aligny>center</aligny>
							<selectedcolor>red</selectedcolor>
							<textcolor>white</textcolor>
							<align>right</align>
							<info>ListItem.Label2</info>
						</control>
					</focusedlayout>
				</control>
				<control type="group">
					<posx>300r</posx>
					<posy>650</posy>
					<control type="image">
						<posx>0</posx>
						<posy>0</posy>
						<width>300</width>
						<height>44</height>
						<texture>Slider_focus_left.png</texture>
					</control>
					<control type="spincontrol" id="2060">
						<description>Next page button</description>
						<posx>220</posx>
						<posy>10</posy>
						<subtype>page</subtype>
						<font>font13</font>
						<onleft>60</onleft>
						<onright>9000</onright>
						<ondown>2060</ondown>
						<onup>2060</onup>
						<textcolor>red</textcolor>
						<showonepage>true</showonepage>
					</control>
				</control>
				<control type="image">
					<posx>0</posx>
					<posy>650</posy>
					<width>300</width>
					<height>44</height>
					<texture>Slider_focus_right.png</texture>
				</control>
				<control type="label" id="2160">
					<description>number of files text label</description>
					<posx>40</posx>
					<posy>650</posy>
					<height>40</height>
					<align>left</align>
					<aligny>center</aligny>
					<label>-</label>
					<textcolor>red</textcolor>
					<shadowcolor>black</shadowcolor>
				</control>
			</control>
			<!-- Button Group -->
			<!-- ** Required ** Do not change id or type-->
			<control type="group" id="9001">
				<posx>-345</posx>
				<posy>0</posy>
				<animation effect="slide" time="150" end="345,0" condition="ControlGroup(9001).HasFocus">Conditional</animation>
				<control type="button">
					<posx>0</posx>
					<posy>0</posy>
					<width>400</width>
					<height>720</height>
					<onclick>-</onclick>
					<hitrect x="0" y="0" w="360" h="720" />
					<texturefocus>Side_Slideout.png</texturefocus>
					<texturenofocus>Side_Slideout.png</texturenofocus>
				</control>
				<control type="group" id="9000">
					<posx>0</posx>
					<posy>140</posy>
					<control type="button" id="2">
						<description>View As button</description>
						<posx>0</posx>
						<posy>0</posy>
						<include>ButtonCommonValues</include>
						<label>-</label>
						<onleft>70</onleft>
						<onright>50</onright>
						<onup>109</onup>
						<ondown>100</ondown>
						<enable>!Control.IsVisible(4000)</enable>
					</control>
					<control type="button" id="100">
						<description>Shortcut1 Button</description>
						<posx>0</posx>
						<posy>45</posy>
						<include>ButtonCommonValues</include>
						<label>$INFO[Container.Property(Shortcut1)]</label>
						<onleft>70</onleft>
						<onright>50</onright>
						<onup>2</onup>
						<ondown>101</ondown>
					</control>
					<control type="button" id="101">
						<description>Shortcut2 Button</description>
						<posx>0</posx>
						<posy>90</posy>
						<include>ButtonCommonValues</include>
						<label>$INFO[Container.Property(Shortcut2)]</label>
						<onleft>70</onleft>
						<onright>50</onright>
						<onup>100</onup>
						<ondown>102</ondown>
					</control>
					<control type="button" id="102">
						<description>Shortcut3 Button</description>
						<posx>0</posx>
						<posy>135</posy>
						<include>ButtonCommonValues</include>
						<label>$INFO[Container.Property(Shortcut3)]</label>
						<onleft>70</onleft>
						<onright>50</onright>
						<onup>101</onup>
						<ondown>103</ondown>
					</control>
					<control type="button" id="103">
						<description>Genre Button</description>
						<posx>0</posx>
						<posy>180</posy>
						<include>ButtonCommonValues</include>
						<label>$LOCALIZE[SCRIPT103]</label>
						<onleft>70</onleft>
						<onright>50</onright>
						<onup>102</onup>
						<ondown>104</ondown>
					</control>
					<control type="button" id="104">
						<description>Studio Button</description>
						<posx>0</posx>
						<posy>225</posy>
						<include>ButtonCommonValues</include>
						<label>$LOCALIZE[SCRIPT104]</label>
						<onleft>70</onleft>
						<onright>50</onright>
						<onup>103</onup>
						<ondown>105</ondown>
					</control>
					<control type="button" id="105">
						<description>Actor Button</description>
						<posx>0</posx>
						<posy>270</posy>
						<include>ButtonCommonValues</include>
						<label>$LOCALIZE[SCRIPT105]</label>
						<onleft>70</onleft>
						<onright>50</onright>
						<onup>104</onup>
						<ondown>106</ondown>
					</control>
					<control type="button" id="106">
						<description>Search Button</description>
						<posx>0</posx>
						<posy>315</posy>
						<include>ButtonCommonValues</include>
						<label>$LOCALIZE[SCRIPT106]</label>
						<onleft>70</onleft>
						<onright>50</onright>
						<onup>105</onup>
						<ondown>107</ondown>
					</control>
					<control type="button" id="107">
						<description>Settings Button</description>
						<posx>0</posx>
						<posy>360</posy>
						<include>ButtonCommonValues</include>
						<label>$LOCALIZE[SCRIPT107]</label>
						<onleft>70</onleft>
						<onright>50</onright>
						<onup>106</onup>
						<ondown>108</ondown>
					</control>
					<control type="button" id="108">
						<description>Credits Button</description>
						<posx>0</posx>
						<posy>405</posy>
						<include>ButtonCommonValues</include>
						<label>$LOCALIZE[SCRIPT108]</label>
						<onleft>70</onleft>
						<onright>50</onright>
						<onup>107</onup>
						<ondown>109</ondown>
					</control>
					<control type="button" id="109">
						<description>Update Button</description>
						<posx>0</posx>
						<posy>450</posy>
						<include>ButtonCommonValues</include>
						<label>$LOCALIZE[SCRIPT109]</label>
						<onleft>70</onleft>
						<onright>50</onright>
						<onup>108</onup>
						<ondown>2</ondown>
						<visible>false</visible>
					</control>
				</control>
			</control>
			<control type="image">
				<posx>0</posx>
				<posy>0</posy>
				<width>1280</width>
				<height>90</height>
				<texture>Topbar.png</texture>
			</control>
			<control type="label" id="20">
				<description>Title label</description>
				<posx>40</posx>
				<posy>20</posy>
				<width>600</width>
				<height>42</height>
				<align>left</align>
				<aligny>center</aligny>
				<textcolor>white</textcolor>
				<shadowcolor>black</shadowcolor>
				<label>$LOCALIZE[SCRIPT0]</label>
				<font>font16b</font>
			</control>
			<control type="label" id="30">
				<description>Category Label</description>
				<posx>50</posx>
				<posy>75</posy>
				<width>600</width>
				<height>20</height>
				<label>$INFO[Container.Property(Category)]</label>
				<align>left</align>
				<aligny>center</aligny>
				<textcolor>red</textcolor>
				<shadowcolor>black</shadowcolor>
				<font>font13</font>
				<visible>false</visible>
			</control>
			<include>Common_Now_Playing</include>
		</control>
	</controls>
</window>