<window id="129">
	<defaultcontrol always="true">9001</defaultcontrol>
	<allowoverlay>no</allowoverlay>
	<coordinates>
		<system>1</system>
		<posx>40</posx>
		<posy>220</posy>
	</coordinates>
	<include>dialogeffect</include>
	<controls>
		<control type="image">
			<posx>0</posx>
			<posy>0</posy>
			<width>1200</width>
			<height>275</height>
			<texture border="0,45,0,10">Dialog.png</texture>
		</control>
		<control type="label">
			<description>Heading label</description>
			<posx>0</posx>
			<posy>2</posy>
			<width>1200</width>
			<height>40</height>
			<align>center</align>
			<font>font16</font>
			<label>21421</label>
			<textcolor>red</textcolor>
			<shadowcolor>black</shadowcolor>
		</control>
		<control type="label" id="0">
			<description>Rule match label</description>
			<posx>0</posx>
			<posy>50</posy>
			<width>1200</width>
			<align>center</align>
			<height>40</height>
			<font>font13</font>
			<label>21422</label>
		</control>
		<control type="group" id="9001">
			<control type="spincontrolex" id="15">
				<description>Rule Field</description>
				<posx>220</posx>
				<posy>90</posy>
				<width>380</width>
				<height>45</height>
				<font>font13</font>
				<texturefocus border="10,0,10,0">folder-focus2.png</texturefocus>
				<texturenofocus>dialog-button-nofocus.png</texturenofocus>
				<onright>16</onright>
				<onleft>16</onleft>
				<onup>9000</onup>
				<ondown>17</ondown>
			</control>
			<control type="spincontrolex" id="16">
				<description>Rule operator</description>
				<posx>600</posx>
				<posy>90</posy>
				<width>380</width>
				<height>45</height>
				<font>font13</font>
				<texturefocus border="10,0,10,0">folder-focus2.png</texturefocus>
				<texturenofocus>dialog-button-nofocus.png</texturenofocus>
				<onright>15</onright>
				<onleft>15</onleft>
				<onup>9000</onup>
				<ondown>17</ondown>
			</control>
		</control>
		<control type="button" id="17">
			<description>Value Button</description>
			<posx>220</posx>
			<posy>145</posy>
			<width>560</width>
			<height>45</height>
			<font>font13</font>
			<textoffsetx>12</textoffsetx>
			<textwidth>255</textwidth>
			<aligny>center</aligny>
			<texturefocus border="10,0,10,0">folder-focus2.png</texturefocus>
			<texturenofocus>dialog-button-nofocus.png</texturenofocus>
			<label>-</label>
			<colordiffuse>FFFFFFFF</colordiffuse>
			<onup>9001</onup>
			<onleft>20</onleft>
			<onright>20</onright>
			<ondown>9000</ondown>
		</control>
		<control type="button" id="20">
			<description>Browse Button</description>
			<posx>780</posx>
			<posy>145</posy>
			<width>200</width>
			<height>45</height>
			<align>center</align>
			<aligny>center</aligny>
			<texturefocus border="10,0,10,0">folder-focus2.png</texturefocus>
			<texturenofocus>dialog-button-nofocus.png</texturenofocus>
			<label>1024</label>
			<onup>9001</onup>
			<onleft>17</onleft>
			<onright>17</onright>
			<ondown>9000</ondown>
		</control>
		<control type="group" id="9000">
			<control type="button" id="18">
				<description>Ok Button</description>
				<posx>345</posx>
				<posy>215</posy>
				<width>250</width>
				<height>40</height>
				<align>center</align>
				<aligny>center</aligny>
				<texturefocus>folder-focus2.png</texturefocus>
				<texturenofocus>dialog-button-nofocus.png</texturenofocus>
				<label>186</label>
				<onup>17</onup>
				<onleft>19</onleft>
				<onright>19</onright>
				<ondown>9001</ondown>
			</control>
			<control type="button" id="19">
				<description>Cancel Button</description>
				<posx>605</posx>
				<posy>215</posy>
				<width>250</width>
				<height>40</height>
				<align>center</align>
				<aligny>center</aligny>
				<texturefocus>folder-focus2.png</texturefocus>
				<texturenofocus>dialog-button-nofocus.png</texturenofocus>
				<label>222</label>
				<onup>17</onup>
				<onleft>18</onleft>
				<onright>19</onright>
				<ondown>9001</ondown>
			</control>
		</control>
	</controls>
</window>