<window id="123">
	<defaultcontrol>2</defaultcontrol>
	<coordinates>
		<system>1</system>
		<posx>40</posx>
		<posy>50</posy>
	</coordinates>
	<include>dialogeffect</include>
	<controls>
		<control type="image">
			<posx>0</posx>
			<posy>0</posy>
			<width>1200</width>
			<height>500</height>
			<colordiffuse>BBFFFFFF</colordiffuse>
			<texture border="0,45,0,10">Dialog.png</texture>
		</control>
		<control type="label">
			<description>heading label</description>
			<posx>0</posx>
			<posy>2</posy>
			<width>1200</width>
			<height>40</height>
			<label>13398</label>
			<align>center</align>
			<aligny>center</aligny>
			<font>font16</font>
			<textcolor>red</textcolor>
			<shadowcolor>black</shadowcolor>
		</control>
		<control type="button" id="2">
			<description>Create Bookmark button</description>
			<posx>210</posx>
			<posy>440</posy>
			<width>250</width>
			<height>40</height>
			<label>294</label>
			<font>font13</font>
			<align>center</align>
			<texturefocus>folder-focus2.png</texturefocus>
			<texturenofocus>dialog-button-nofocus.png</texturenofocus>
			<onleft>4</onleft>
			<onright>3</onright>
			<onup>11</onup>
			<ondown>11</ondown>
		</control>
		<control type="button" id="3">
			<description>Clear Bookmarks button</description>
			<posx>470</posx>
			<posy>440</posy>
			<width>250</width>
			<height>40</height>
			<label>296</label>
			<font>font13</font>
			<align>center</align>
			<texturefocus>folder-focus2.png</texturefocus>
			<texturenofocus>dialog-button-nofocus.png</texturenofocus>
			<onleft>2</onleft>
			<onright>4</onright>
			<onup>11</onup>
			<ondown>11</ondown>
		</control>
		<control type="button" id="4">
			<description>Episode Bookmarks button</description>
			<posx>730</posx>
			<posy>440</posy>
			<width>250</width>
			<height>40</height>
			<label>20406</label>
			<font>font13</font>
			<align>center</align>
			<texturefocus>folder-focus2.png</texturefocus>
			<texturenofocus>dialog-button-nofocus.png</texturenofocus>
			<onleft>3</onleft>
			<onright>2</onright>
			<onup>11</onup>
			<ondown>11</ondown>
		</control>
		<control type="panel" id="11">
			<posx>220</posx>
			<posy>50</posy>
			<width>760</width>
			<height>370</height>
			<onleft>11</onleft>
			<onright>11</onright>
			<onup>2</onup>
			<ondown>2</ondown>
			<scrolltime>200</scrolltime>
			<viewtype label="536">icon</viewtype>
			<pagecontrol>60</pagecontrol>
			<orientation>horizontal</orientation>
			<itemlayout height="185" width="190">
				<control type="image">
					<posx>4</posx>
					<posy>4</posy>
					<width>182</width>
					<height>150</height>
					<info>ListItem.Icon</info>
				</control>
				<control type="label">
					<posx>95</posx>
					<posy>155</posy>
					<width>180</width>
					<height>30</height>
					<font>font12</font>
					<selectedcolor>red</selectedcolor>
					<align>center</align>
					<aligny>center</aligny>
					<info>ListItem.Label</info>
				</control>
			</itemlayout>
			<focusedlayout height="185" width="190">
				<control type="image">
					<posx>0</posx>
					<posy>0</posy>
					<width>190</width>
					<height>158</height>
					<info>ListItem.Icon</info>
					<bordertexture border="4">folder-focus.png</bordertexture>
					<bordersize>4</bordersize>
				</control>
				<control type="image">
					<posx>-10</posx>
					<posy>155</posy>
					<width>210</width>
					<height>30</height>
					<visible>Control.HasFocus(11)</visible>
					<texture>folder-focus2.png</texture>
				</control>
				<control type="label">
					<posx>95</posx>
					<posy>155</posy>
					<width>180</width>
					<height>30</height>
					<font>font12</font>
					<selectedcolor>red</selectedcolor>
					<align>center</align>
					<aligny>center</aligny>
					<info>ListItem.Label</info>
				</control>
			</focusedlayout>
		</control>
	</controls>
</window>