<window id="122">
	<defaultcontrol>2</defaultcontrol>
	<coordinates>
		<system>1</system>
		<posx>40</posx>
		<posy>50</posy>
	</coordinates>
	<include>dialogeffect</include>
	<controls>
		<control type="image">
			<posx>0</posx>
			<posy>0</posy>
			<width>1200</width>
			<height>500</height>
			<colordiffuse>BBFFFFFF</colordiffuse>
			<texture border="0,45,0,10">Dialog.png</texture>
		</control>
		<control type="image">
			<posx>580</posx>
			<posy>472</posy>
			<width>40</width>
			<height>16</height>
			<texture>Arrow_Down.png</texture>
			<visible>Container(2).HasNext</visible>
		</control>
		<control type="image">
			<posx>580</posx>
			<posy>52</posy>
			<width>40</width>
			<height>16</height>
			<texture>Arrow_Up.png</texture>
			<visible>Container(2).HasPrevious</visible>
		</control>
		<control type="label" id="3">
			<description>heading label</description>
			<posx>0</posx>
			<posy>2</posy>
			<width>1200</width>
			<height>40</height>
			<align>center</align>
			<aligny>center</aligny>
			<font>font16</font>
			<textcolor>red</textcolor>
			<shadowcolor>black</shadowcolor>
		</control>
		<control type="label" id="4">
			<description>No Presets label</description>
			<posx>0</posx>
			<posy>150</posy>
			<width>1200</width>
			<height>40</height>
			<label>13389</label>
			<align>center</align>
			<font>font16</font>
			<textcolor>white</textcolor>
		</control>
		<control type="list" id="2">
			<posx>220</posx>
			<posy>70</posy>
			<width>760</width>
			<height>400</height>
			<onleft>60</onleft>
			<onright>60</onright>
			<onup>2</onup>
			<ondown>2</ondown>
			<pagecontrol>-</pagecontrol>
			<scrolltime>200</scrolltime>
			<itemlayout height="50">
				<control type="image">
					<posx>0</posx>
					<posy>0</posy>
					<width>760</width>
					<height>45</height>
					<texture>dialog-button-nofocus.png</texture>
				</control>
				<control type="label">
					<posx>365</posx>
					<posy>5</posy>
					<width>740</width>
					<height>35</height>
					<font>font13</font>
					<align>center</align>
					<aligny>center</aligny>
					<selectedcolor>red</selectedcolor>
					<align>left</align>
					<info>ListItem.Label</info>
				</control>
			</itemlayout>
			<focusedlayout height="50">
				<control type="image">
					<posx>0</posx>
					<posy>0</posy>
					<width>730</width>
					<height>45</height>
					<visible>!Control.HasFocus(2)</visible>
					<texture>dialog-button-nofocus.png</texture>
				</control>
				<control type="image">
					<posx>0</posx>
					<posy>0</posy>
					<width>770</width>
					<height>45</height>
					<colordiffuse>FFFFFFFF</colordiffuse>
					<visible>Control.HasFocus(2)</visible>
					<texture border="10,0,10,0">folder-focus2.png</texture>
				</control>
				<control type="label">
					<posx>365</posx>
					<posy>5</posy>
					<width>740</width>
					<height>35</height>
					<font>font13</font>
					<align>center</align>
					<aligny>center</aligny>
					<selectedcolor>red</selectedcolor>
					<align>left</align>
					<info>ListItem.Label</info>
				</control>
			</focusedlayout>
		</control>
	</controls>
</window>