<!-- This file contains the mapping of actions to sounds                    -->

<!-- The <actions> section contains global mapping                          -->

<!-- To map a action to a sound, add a block like this to <actions>:        -->
<!--    <action>                                                            -->
<!--      <name>left</name>                                                 -->
<!--      <file>cursor.wav</file>                                           -->
<!--    </action>                                                           -->
<!-- Where <name> specifies the action to map a sound to and <file> the wav -->
<!-- file to play when the action occurs.                                   -->

<!-- Valid entries for <name> can be found at                               -->
<!-- http://manual.xboxmediacenter.de/wakka.php?wakka=KeyMappingXML&v=6gu   -->


<!-- Also window specific sound can be played                               -->

<!-- To map a sound to a window, add a block like this to <windows>:        -->
<!--    <window>                                                            -->
<!--      <name>infodialog</name>                                           -->
<!--      <activate>notify.wav</activate>                                   -->
<!--      <deactivate>out.wav</deactivate>                                  -->
<!--    </window>                                                           -->
<!-- Where <name> specifies the window to map a sound to                    -->
<!-- <activate> and <deactivate> are the events a sound can be mapped to    -->
<!-- by setting the file to play.                                           -->

<!-- Valid entries for <name> can be found at                               -->
<!-- http://manual.xboxmediacenter.de/wakka.php?wakka=WindowList&v=13k6     -->

<!-- Note: Only wav files are supported                                     -->

<sounds>
  <actions>
    <action>
      <name>left</name>
      <file>actionUpDown.wav</file>
    </action>
    <action>
      <name>right</name>
      <file>actionUpDown.wav</file>
    </action>
    <action>
      <name>up</name>
      <file>actionUpDown.wav</file>
    </action>
    <action>
      <name>down</name>
      <file>actionUpDown.wav</file>
    </action>
    <action>
      <name>select</name>
      <file>actionSelect.wav</file>
    </action>
    <action>
      <name>parentdir</name>
      <file>btn_Back.wav</file>
    </action>
    <action>
      <name>previousmenu</name>
      <file>exit.wav</file>
    </action>
    <action>
      <name>screenshot</name>
      <file>actionScreenshot.wav</file>
    </action>
  </actions>
  
  
<windows>
<!-- Notifications and sound -->
    <window>
      <name>infodialog</name>
      <activate>notifyPopup.wav</activate>
    </window>
	
<!-- Exit Fullscreen -->
    <window>
      <name>1200</name>
      <activate>fullscreen_exit.wav</activate>
    </window>

<!-- Guide sounds -->
    <window>
      <name>shutdownmenu</name>
      <activate>guide_open.wav</activate>
      <deactivate>guide_close.wav</deactivate>
    </window>

    <window>
      <name>yesnodialog</name>
      <activate>guide_open.wav</activate>
      <deactivate>guide_close.wav</deactivate>
    </window>

    <window>
      <name>virtualkeyboard</name>
      <activate>guide_open.wav</activate>
      <deactivate>guide_close.wav</deactivate>
    </window>

    <window>
      <name>numericinput</name>
      <activate>guide_open.wav</activate>
      <deactivate>guide_close.wav</deactivate>
    </window>

    <window>
      <name>PlayerControls</name>
      <activate>HUD_open.wav</activate>
      <deactivate>HUD_open.wav</deactivate>
    </window>

    <window>
      <name>DialogButtonMenu</name>
      <activate>guide_open.wav</activate>
      <deactivate>guide_close.wav</deactivate>
    </window>


<!-- System Blade -->
    <window>
      <name>mypicturessettings</name>
      <activate>none.wav</activate>
      <deactivate>btn_back.wav</deactivate>
    </window>
    <window>
      <name>myprogramssettings</name>
      <activate>none.wav</activate>
      <deactivate>btn_back.wav</deactivate>
    </window>
    <window>
      <name>myweathersettings</name>
      <activate>none.wav</activate>
      <deactivate>btn_back.wav</deactivate>
    </window>
    <window>
      <name>mymusicsettings</name>
      <activate>none.wav</activate>
      <deactivate>btn_back.wav</deactivate>
    </window>
    <window>
      <name>systemsettings</name>
      <activate>none.wav</activate>
      <deactivate>btn_back.wav</deactivate>
    </window>
    <window>
      <name>myvideossettings</name>
      <activate>none.wav</activate>
      <deactivate>btn_back.wav</deactivate>
    </window>
    <window>
      <name>networksettings</name>
      <activate>none.wav</activate>
      <deactivate>btn_back.wav</deactivate>
    </window>
    <window>
      <name>appearancesettings</name>
      <activate>btn_back.wav</activate>
      <deactivate>btn_back.wav</deactivate>
    </window>
    <window>
      <name>7</name>
      <activate>none.wav</activate>
      <deactivate>btn_back.wav</deactivate>
    </window>


	<!-- Startup Sound -->
	<window>
		<name>startup</name>
		<activate>none.wav</activate>
	</window>
</windows>

</sounds>
