﻿<window id="115">
	<defaultcontrol always="true">901</defaultcontrol>
	<allowoverlay>yes</allowoverlay>
	<visible>!Window.IsVisible(fullscreeninfo) + [VideoPlayer.IsFullscreen | Window.IsVisible(visualisation)] + [Player.Seeking 
	| Player.DisplayAfterSeek | Player.Paused | Player.Forwarding | Player.Rewinding]</visible>
	<controls>
		<control type="group">
			<posx>70</posx>
			<posy>620</posy>
			<control type="image">
				<posx>-70</posx>
				<posy>30</posy>
				<width>1280</width>
				<height>120</height>
				<texture border="22">other_textures/black-back.png</texture>
			</control>
			<control type="label">
				<include>DialogID</include>
				<label>DialogSeekbar.xml</label>
			</control>
			<control type="label">
				<posx>10</posx>
				<posy>56</posy>
				<width>1120</width>
				<label>$INFO[Player.Time]</label>
			</control>
			<control type="label">
				<posx>10</posx>
				<posy>56</posy>
				<width>1120</width>
				<align>center</align>
				<label>$LOCALIZE[31000] $INFO[Player.FinishTime]</label>
				<visible>!Player.Forwarding + !Player.Rewinding + !Player.Paused</visible>
			</control>
			<control type="label">
				<posx>10</posx>
				<posy>56</posy>
				<width>1120</width>
				<align>center</align>
				<label>112</label>
				<visible>player.paused</visible>
			</control>
			<control type="label">
				<posx>10</posx>
				<posy>56</posy>
				<width>1120</width>
				<align>center</align>
				<label>FFx2</label>
				<visible>player.forwarding2x</visible>
			</control>
			<control type="label">
				<posx>10</posx>
				<posy>56</posy>
				<width>1120</width>
				<align>center</align>
				<label>FFx4</label>
				<visible>player.forwarding4x</visible>
			</control>
			<control type="label">
				<posx>10</posx>
				<posy>56</posy>
				<width>1120</width>
				<align>center</align>
				<label>FFx8</label>
				<visible>player.forwarding8x</visible>
			</control>
			<control type="label">
				<posx>10</posx>
				<posy>56</posy>
				<width>1120</width>
				<align>center</align>
				<label>FFx16</label>
				<visible>player.forwarding16x</visible>
			</control>
			<control type="label">
				<posx>10</posx>
				<posy>56</posy>
				<width>1120</width>
				<align>center</align>
				<label>FFx32</label>
				<visible>player.forwarding32x</visible>
			</control>
			<control type="label">
				<posx>10</posx>
				<posy>56</posy>
				<width>1120</width>
				<align>center</align>
				<label>RWx2</label>
				<visible>player.rewinding2x</visible>
			</control>
			<control type="label">
				<posx>10</posx>
				<posy>56</posy>
				<width>1120</width>
				<align>center</align>
				<label>RWx7</label>
				<visible>player.rewinding4x</visible>
			</control>
			<control type="label">
				<posx>10</posx>
				<posy>56</posy>
				<width>1120</width>
				<align>center</align>
				<label>RWx8</label>
				<visible>player.rewinding8x</visible>
			</control>
			<control type="label">
				<posx>10</posx>
				<posy>56</posy>
				<width>1120</width>
				<align>center</align>
				<label>RWx16</label>
				<visible>player.rewinding16x</visible>
			</control>
			<control type="label">
				<posx>10</posx>
				<posy>56</posy>
				<width>1120</width>
				<align>center</align>
				<label>RWx32</label>
				<visible>player.rewinding32x</visible>
			</control>
			<control type="label">
				<posx>1130</posx>
				<posy>56</posy>
				<width>1120</width>
				<align>right</align>
				<label>$INFO[Player.Duration]</label>
			</control>
			<control type="progress" id="23">
				<description>Progress Bar</description>
				<posx>10</posx>
				<posy>48</posy>
				<width>1120</width>
				<info>Player.Progress</info>
				<visible>true</visible>
			</control>
			<control type="slider" id="401">
				<description>Seekbar</description>
				<posx>10</posx>
				<posy>48</posy>
				<width>1120</width>
				<visible>Player.Seeking</visible>
			</control>
		</control>
		<include>Debug_Grid</include>
	</controls>
</window>