﻿<window id="106">
	<defaultcontrol always="true">1000</defaultcontrol>
	<allowoverlay>yes</allowoverlay>
	<include>DialogVisibleEffect</include>
	<coordinates>
		<origin x="470" y="100" /> <!-- org 80 -->
	</coordinates>
	<controls>
		<control type="image">
			<posx>-470</posx>
			<posy>-100</posy>
			<width>1280</width>
			<height>720</height>
			<texture border="2">other_textures/black-back.png</texture>
		</control>
		<control type="label">
			<posx>0</posx>
			<posy>-30</posy>
			<include>DialogID</include>
			<label>DialogContextMenu.xml</label>
		</control>
		<control type="button" id="1000">
			<description>Buttons</description>
			<posx>0</posx>
			<posy>0</posy>
			<width>340</width>
		</control>
		<control type="image">
			<posx>-470</posx>
			<posy>-100</posy>
			<width>1280</width>
			<height>720</height>
			<texture>debuggrid720.png</texture>
			<visible>Skin.HasSetting(DebugGrid)</visible>
		</control>
	</controls>
</window>