<window id="107">
	<defaultcontrol always="true">402</defaultcontrol>
	<allowoverlay>yes</allowoverlay>
	<controls>
		<include>GlobalOverlay</include>
		<control type="group">
			<posx>420</posx>
			<posy>588</posy>
			<control type="label">
				<posy>-20</posy>
				<include>DialogID</include>
				<label>DialogKaiToast.xml</label>
			</control>
			<control type="image">
				<description>background image</description>
				<posx>0</posx>
				<posy>0</posy>
				<width>440</width>
				<height>104</height>
				<texture border="20">other_textures/black-back.png</texture>
			</control>
			<control type="image" id="400">
				<description>Image</description>
				<posx>20</posx>
				<posy>20</posy>
				<width>64</width>
				<height>64</height>
				<aspectratio>keep</aspectratio>
				<texture>DefaultFile.png</texture>
			</control>
			<control type="label" id="401">
				<description>heading</description>
				<posx>104</posx>
				<posy>52</posy>
				<width>306</width>
				<height>32</height>
				<label>-</label>
				<scroll>true</scroll>
			</control>
			<control type="label" id="402">
				<description>message</description>
				<posx>104</posx>
				<posy>20</posy>
				<width>306</width>
				<height>32</height>
				<label>-</label>
				<scroll>true</scroll>
			</control>
			<control type="image" id="403">
				<description>Image</description>
				<posx>20</posx>
				<posy>20</posy>
				<width>64</width>
				<height>64</height>
				<aspectratio>keep</aspectratio>
				<visible>false</visible>
				<texture>DefaultIconInfo.png</texture>
			</control>
			<control type="image" id="404">
				<description>Image</description>
				<posx>20</posx>
				<posy>20</posy>
				<width>64</width>
				<height>64</height>
				<aspectratio>keep</aspectratio>
				<visible>false</visible>
				<texture>DefaultIconWarning.png</texture>
			</control>
			<control type="image" id="405">
				<description>Image</description>
				<posx>20</posx>
				<posy>20</posy>
				<width>64</width>
				<height>64</height>
				<aspectratio>keep</aspectratio>
				<visible>false</visible>
				<texture>DefaultIconError.png</texture>
			</control>
		</control>
		<include>Debug_Grid</include>
	</controls>
</window>