<window id="133">
	<defaultcontrol always="true">410</defaultcontrol>
	<allowoverlay>yes</allowoverlay>
	<include>DialogVisibleEffect</include>
	<controls>
		<control type="group">
			<posx>860</posx>
			<posy>20</posy>
			<control type="label">
				<posy>-18</posy>
				<include>DialogID</include>
				<label>DialogVideoScan.xml</label>
			</control>	
			<control type="image">
				<description>background image</description>
				<posx>0</posx>
				<posy>0</posy>
				<width>400</width>
				<height>124</height>
				<texture border="20">other_textures/black-back.png</texture>
			</control>
			<control type="label" id="401">
				<description>heading</description>
				<posx>20</posx>
				<posy>20</posy>
				<width>360</width>
				<height>32</height>
				<label>-</label>
			</control>
			<control type="label" id="405">
				<description>Current Directory Label</description>
				<posx>20</posx>
				<posy>52</posy>
				<width>360</width>
				<height>32</height>
				<label>-</label>
			</control>
			<control type="progress" id="403">
				<description>progress control</description>
				<posx>20</posx>
				<posy>90</posy>
				<width>360</width>
				<height>18</height>
			</control>
			<control type="progress" id="404">
				<description>progress control</description>
				<posx>20</posx>
				<posy>90</posy>
				<width>360</width>
				<height>18</height>
			</control>
			<control type="button" id="410">
				<posx>-10</posx>
				<posy>-10</posy>
				<height>1</height>
				<width>1</width>
				<texturefocus></texturefocus>
				<texturenofocus></texturenofocus>
				<onfocus>Skin.SetBool(LibraryUpdated)</onfocus>
			</control>
		</control>
		<include>Debug_Grid</include>
	</controls>
</window>