﻿<window id="2002">
	<defaultcontrol always="true">10</defaultcontrol>
	<allowoverlay>yes</allowoverlay>
	<include>DialogVisibleEffect</include>
	<controls>
		<include>GlobalOverlay</include>
		<control type="group">
			<posx>380</posx>
			<posy>222</posy>
			<control type="image">
				<posx>-20</posx>
				<posy>-20</posy>
				<width>560</width>
				<height>276</height>
				<texture border="22">other_textures/black-back.png</texture>
			</control>
			<control type="label">
				<posy>-40</posy>
				<include>DialogID</include>
				<label>DialogOk.xml</label>
			</control>
			<control type="label" id="1">
				<description>heading</description>
				<posx>10</posx>
				<width>500</width>
				<label>-</label>
				<font>Medium</font>
				<shadowcolor>black</shadowcolor>
				<align>center</align>
			</control>
			<control type="label" id="2">
				<description>Line 1</description>
				<posx>10</posx>
				<posy>72</posy>
				<width>500</width>
				<label>-</label>
			</control>
			<control type="label" id="3">
				<description>Line 2</description>
				<posx>10</posx>
				<posy>104</posy>
				<width>500</width>
				<label>-</label>
			</control>
			<control type="label" id="4">
				<description>Line 3</description>
				<posx>10</posx>
				<posy>136</posy>
				<width>500</width>
				<label>-</label>
			</control>
			<control type="button" id="10">
				<description>Ok</description>
				<posx>185</posx>
				<posy>170</posy>
				<width>150</width>
				<label>186</label>
				<onleft>10</onleft>
				<onright>10</onright>
				<onup>10</onup>
				<ondown>10</ondown>
			</control>
		</control>
		<include>Debug_Grid</include>
	</controls>
</window>