<window id="10140">
	<defaultcontrol always="true">9</defaultcontrol>
	<allowoverlay>yes</allowoverlay>
	<include>DialogVisibleEffect</include>
	<controls>
		<include>GlobalOverlay</include>
		<control type="group">
			<posx>160</posx>
			<posy>55</posy>
			<control type="image">
				<posx>-20</posx>
				<posy>-20</posy>
				<width>1000</width>
				<height>650</height>
				<texture border="22">other_textures/black-back.png</texture>
			</control>
			<control type="label">
				<include>DialogID</include>
				<label>DialogPluginSettings.xml</label>
			</control>
			<control type="label" id="20">
				<description>Header Label</description>
				<posx>10</posx>
				<align>center</align>
				<font>Medium</font>
				<width>940</width>
				<label>-</label>
			</control>
			<control type="grouplist" id="9">
				<description>button area</description>
				<posx>10</posx>
				<posy>76</posy>
				<width>258</width>
				<height>468</height>
				<itemgap>2</itemgap>
				<onleft>30</onleft>
				<onright>2</onright>
				<onup>9</onup>
				<ondown>9</ondown>
			</control>
			<control type="grouplist" id="2">
				<description>control area</description>
				<posx>305</posx>
				<posy>76</posy>
				<width>646</width>
				<height>460</height>
				<itemgap>2</itemgap>
				<onup>9001</onup>
				<ondown>9001</ondown>
				<onleft>9</onleft>
				<onright>9</onright>
			</control>
			<control type="button" id="13">
				<description>Default Category Button</description>
				<width>258</width>
			</control>
			<control type="button" id="3">
				<description>Default Button</description>
			</control>
			<control type="radiobutton" id="4">
				<description>Default RadioButton</description>
			</control>
			<control type="spincontrolex" id="5">
				<description>Default spincontrolex</description>
				<reverse>yes</reverse>
			</control>
			<control type="label" id="7">
				<label>-</label>
				<textcolor>blue</textcolor>
			</control>
			<control type="image" id="6">
				<description>Default Seperator</description>
				<height>-2</height>
				<texture>-</texture>
			</control>
			<control type="sliderex" id="8">
				<description>Default Slider</description>
				<width>646</width>
			</control>
			<control type="image">
				<posx>10</posx>
				<posy>342</posy>
				<width>255</width>
				<height>255</height>
				<texture fallback="DefaultAddon.png">$INFO[ListItem.Icon]</texture>
				<aspectratio align="center" aligny="bottom">keep</aspectratio>
				<bordertexture border="5">other_textures/ButtonFO.png</bordertexture>
				<bordersize>5</bordersize>
			</control>
			<control type="group" id="9001">
				<posx>305</posx>
				<posy>552</posy>
				<control type="button" id="10">
					<description>OK Button</description>
					<posx>0</posx>
					<posy>0</posy>
					<width>200</width>
					<label>186</label>
					<onleft>12</onleft>
					<onright>11</onright>
					<onup>2</onup>
					<ondown>2</ondown>
				</control>
				<control type="button" id="11">
					<description>Cancel Button</description>
					<posx>223</posx>
					<posy>0</posy>
					<width>200</width>
					<label>222</label>
					<onleft>10</onleft>
					<onright>12</onright>
					<onup>2</onup>
					<ondown>2</ondown>
				</control>
				<control type="button" id="12">
					<description>Defaults Button</description>
					<posx>446</posx>
					<posy>0</posy>
					<width>200</width>
					<label>409</label>
					<onleft>11</onleft>
					<onright>10</onright>
					<onup>2</onup>
					<ondown>2</ondown>
				</control>
			</control>
		</control>
		<include>Debug_Grid</include>
	</controls>
</window>