<window id="136">
	<defaultcontrol always="true">-</defaultcontrol>
	<allowoverlay>yes</allowoverlay>
	<controls>
		<include>GlobalOverlay</include>
		<control type="group">
			<posx>490</posx>
			<posy>324</posy>
			<control type="label">
				<posy>-20</posy>
				<include>DialogID</include>
				<label>DialogBusy.xml</label>
			</control>
			<control type="image">
				<description>background image</description>
				<posx>0</posx>
				<posy>0</posy>
				<width>300</width>
				<height>78</height>
				<texture border="20">other_textures/black-back.png</texture>
			</control>
			<control type="image">
				<description>Busy animation</description>
				<posx>20</posx>
				<posy>20</posy>
				<width>32</width>
				<height>32</height>
				<texture>other_textures/busy.png</texture>
				<aspectratio>keep</aspectratio>
				<animation effect="rotate" start="0" end="360" center="36,36" time="1200" loop="true" condition="true">conditional</animation>
			</control>
			<control type="label">
				<description>Busy label</description>
				<posx>70</posx>
				<posy>20</posy>
				<width>280</width>
				<height>32</height>
				<align>left</align>
				<label>20186</label>
				<font>Medium</font>
			</control>
		</control>
		<include>Debug_Grid</include>
	</controls>
</window>