<window id="129">
	<defaultcontrol always="true">10</defaultcontrol>
	<allowoverlay>yes</allowoverlay>
	<include>DialogVisibleEffect</include>
	<controls>
		<include>GlobalOverlay</include>
		<control type="group">
			<posx>300</posx>
			<posy>80</posy>
			<control type="image">
				<posx>-20</posx>
				<posy>-20</posy>
				<width>720</width>
				<height>600</height>
				<texture border="22">other_textures/black-back.png</texture>
			</control>
			<control type="label">
				<include>DialogID</include>
				<label>DialogMediaSource.xml</label>
			</control>
			<control type="label" id="0">
				<description>Path</description>
				<posx>10</posx>
				<posy>30</posy>
				<width>660</width>
				<align>center</align>
				<font>Medium</font>
				<label>1021</label>
			</control>
			<control type="list" id="10">
				<posx>10</posx>
				<posy>80</posy>
				<width>440</width>
				<height>322</height>
				<onup>19</onup>
				<onleft>9000</onleft>
				<onright>9000</onright>
				<ondown>12</ondown>
				<itemlayout height="46">
					<control type="image">
						<width>440</width>
						<height>44</height>
						<texture border="2">other_textures/ButtonNF.png</texture>
					</control>
					<control type="label">
						<posx>20</posx>
						<width>400</width>
						<info>ListItem.Label</info>
					</control>
				</itemlayout>
				<focusedlayout height="46">
					<control type="image">
						<width>440</width>
						<height>44</height>
						<texture border="5">other_textures/ButtonFO.png</texture>
						<animation effect="fade" start="100" end="50" condition="!Control.HasFocus(10)">Conditional</animation>
					</control>
					<control type="label">
						<posx>20</posx>
						<width>400</width>
						<info>ListItem.Label</info>
					</control>
				</focusedlayout>
			</control>
			<control type="grouplist" id="9000">
				<posx>470</posx>
				<posy>80</posy>
				<width>200</width>
				<itemgap>2</itemgap>
				<orientation>vertical</orientation>
				<onleft>10</onleft>
				<onright>10</onright>
				<control type="button" id="11">
					<description>Browse</description>
					<width>200</width>
					<label>1024</label>
				</control>
				<control type="button" id="13">
					<description>Add</description>
					<width>200</width>
					<label>15019</label>
				</control>
				<control type="button" id="14">
					<description>remove</description>
					<width>200</width>
					<label>1210</label>
				</control>
			</control>
			<control type="label" id="0">
				<description>Name Label</description>
				<posx>10</posx>
				<posy>398</posy>
				<width>660</width>
				<label>1022</label>
			</control>
			<control type="button" id="12">
				<description>Name</description>
				<posx>10</posx>
				<posy>448</posy>
				<label>-</label>
				<width>660</width>
				<align>left</align>
				<textoffsetx>20</textoffsetx>
				<onup>10</onup>
				<onleft>12</onleft>
				<onright>18</onright>
				<ondown>19</ondown>
			</control>
			<control type="button" id="18">
				<description>Ok</description>
				<posx>100</posx>
				<posy>506</posy>
				<width>220</width>
				<label>186</label>
				<onup>12</onup>
				<onleft>20</onleft>
				<onright>19</onright>
				<ondown>10</ondown>
			</control>
			<control type="button" id="19">
				<description>Cancel</description>
				<posx>360</posx>
				<posy>506</posy>
				<width>220</width>
				<label>222</label>
				<onup>12</onup>
				<onleft>18</onleft>
				<onright>20</onright>
				<ondown>10</ondown>
			</control>
		</control>
		<include>Debug_Grid</include>
	</controls>
</window>