﻿<window id="100">
	<defaultcontrol always="true">10</defaultcontrol>
	<allowoverlay>yes</allowoverlay>
	<include>DialogVisibleEffect</include>
	<controls>
		<include>GlobalOverlay</include>
		<control type="group">
			<posx>340</posx>
			<posy>240</posy>
			<control type="image">
				<posx>-20</posx>
				<posy>-20</posy>
				<width>640</width>
				<height>296</height>
				<texture border="22">other_textures/black-back.png</texture>
			</control>
			<control type="label">
				<posy>-40</posy>
				<include>DialogID</include>
				<label>DialogYesNo.xml</label>
			</control>
			<control type="label" id="1">
				<description>Heading</description>
				<posx>10</posx>
				<label>-</label>
				<width>590</width>
				<font>Medium</font>
				<shadowcolor>black</shadowcolor>
				<align>center</align>
			</control>
			<control type="label" id="2">
				<description>Line 1</description>
				<posx>10</posx>
				<posy>72</posy>
				<label>-</label>
				<width>590</width>
				<scroll>true</scroll>
			</control>
			<control type="label" id="3">
				<description>Line 2</description>
				<posx>10</posx>
				<posy>104</posy>
				<label>-</label>
				<width>590</width>
				<scroll>true</scroll>
			</control>
			<control type="label" id="4">
				<description>Line 3</description>
				<posx>10</posx>
				<posy>136</posy>
				<label>-</label>
				<width>590</width>
				<scroll>true</scroll>
			</control>
			<control type="button" id="10">
				<description>No</description>
				<posx>100</posx>
				<posy>190</posy>
				<width>180</width>
				<label>106</label>
				<onleft>11</onleft>
				<onright>11</onright>
				<onup>10</onup>
				<ondown>10</ondown>
			</control>
			<control type="button" id="11">
				<description>Yes</description>
				<posx>320</posx>
				<posy>190</posy>
				<width>180</width>
				<label>107</label>
				<onleft>10</onleft>
				<onright>10</onright>
				<onup>11</onup>
				<ondown>11</ondown>
			</control>
		</control>
		<include>Debug_Grid</include>
	</controls>
</window>