<window id="113">
	<defaultcontrol always="true">901</defaultcontrol>
	<allowoverlay>yes</allowoverlay>
	<controls>
		<control type="group">
			<posx>1222</posx>
			<posy>0</posy>
			<control type="label">
				<posx>48</posx>
				<posy>2</posy>
				<align>right</align>
				<include>DialogID</include>
				<label>DialogMuteBug.xml</label>
			</control>
			<control type="image" id="901">
				<description>Mute Image</description>
				<posx>0</posx>
				<posy>20</posy>
				<width>48</width>
				<height>48</height>
				<texture>other_textures/icon-mute.png</texture>
			</control>
		</control>
		<include>Debug_Grid</include>
	</controls>
</window>