<window id="126">
	<defaultcontrol always="true">450</defaultcontrol>
	<allowoverlay>yes</allowoverlay>
	<controls>
		<include>GlobalOverlay</include>
		<control type="group">
			<posx>300</posx>
			<posy>80</posy>
			<control type="image">
				<posx>-20</posx>
				<posy>-20</posy>
				<width>720</width>
				<height>600</height>
				<texture border="22">other_textures/black-back.png</texture>
			</control>
			<control type="label">
				<include>DialogID</include>
				<label>FileBrowser.xml</label>
			</control>
			<control type="label" id="411">
				<description>Heading</description>
				<posx>10</posx>
				<posy>10</posy>
				<width>660</width>
				<align>center</align>
				<font>Medium</font>
				<label>1023</label>
			</control>
			<control type="label" id="412">
				<description>Path</description>
				<posx>10</posx>
				<posy>38</posy>
				<width>500</width>
				<haspath>true</haspath>
			</control>
			<control type="list" id="450">
				<posx>10</posx>
				<posy>80</posy>
				<width>440</width>
				<height>460</height>
				<onup>450</onup>
				<onleft>9000</onleft>
				<onright>9000</onright>
				<ondown>450</ondown>
				<itemlayout height="92">
					<control type="image">
						<width>440</width>
						<height>90</height>
						<texture border="2">other_textures/ButtonNF.png</texture>
					</control>
					<control type="image">
						<posx>8</posx>
						<posy>8</posy>
						<width>74</width>
						<height>74</height>
						<texture>$INFO[Listitem.Icon]</texture>
					</control>
					<control type="label">
						<posx>100</posx>
						<width>400</width>
						<height>90</height>
						<info>ListItem.Label</info>
					</control>
					<control type="label">
						<posx>420</posx>
						<width>400</width>
						<height>90</height>
						<align>right</align>
						<info>ListItem.Label2</info>
					</control>
				</itemlayout>
				<focusedlayout height="92">
					<control type="image">
						<width>440</width>
						<height>90</height>
						<texture border="5">other_textures/ButtonFO.png</texture>
						<animation effect="fade" start="100" end="50" condition="!Control.HasFocus(450)">Conditional</animation>
					</control>
					<control type="image">
						<posx>8</posx>
						<posy>8</posy>
						<width>74</width>
						<height>74</height>
						<texture>$INFO[Listitem.Icon]</texture>
					</control>
					<control type="label">
						<posx>100</posx>
						<width>400</width>
						<height>90</height>
						<info>ListItem.Label</info>
					</control>
					<control type="label">
						<posx>420</posx>
						<width>400</width>
						<height>90</height>
						<align>right</align>
						<info>ListItem.Label2</info>
					</control>
				</focusedlayout>
			</control>
			<control type="grouplist" id="9000">
				<posx>470</posx>
				<posy>80</posy>
				<itemgap>2</itemgap>
				<orientation>vertical</orientation>
				<onright>450</onright>
				<onleft>450</onleft>
				<control type="button" id="413">
					<description>Ok</description>
					<width>200</width>
					<label>186</label>
				</control>
				<control type="button" id="414">
					<description>Cancel</description>
					<width>200</width>
					<label>222</label>
				</control>
				<control type="button" id="415">
					<description>Create Folder</description>
					<width>200</width>
					<label>119</label>
				</control>
				<control type="radiobutton" id="416">
					<description>Horizontal Flip</description>
					<width>200</width>
					<align>left</align>
					<label>749</label>
				</control>
			</control>
			<control type="image">
				<description>Large Icon Image</description>
				<posx>470</posx>
				<posy>298</posy>
				<width>200</width>
				<height>240</height>
				<texture>$INFO[Container(450).ListItem.Icon]</texture>
				<aspectratio align="center" aligny="bottom">keep</aspectratio>
				<bordertexture border="5">other_textures/ButtonFO.png</bordertexture>
				<bordersize>5</bordersize>
				<visible>!SubString(Control.GetLabel(416),*)</visible>
			</control>
			<control type="image">
				<description>Flipped Large Icon Image</description>
				<posx>470</posx>
				<posy>298</posy>
				<width>200</width>
				<height>240</height>
				<texture flipx="true">$INFO[Container(450).ListItem.Icon]</texture>
				<aspectratio align="center" aligny="bottom">keep</aspectratio>
				<bordertexture border="5">other_textures/ButtonFO.png</bordertexture>
				<bordersize>5</bordersize>
				<visible>SubString(Control.GetLabel(416),*)</visible>
			</control>
		</control>
		<include>Debug_Grid</include>
	</controls>
</window>