<window id="2006">
	<defaultcontrol always="true">-</defaultcontrol>
	<allowoverlay>no</allowoverlay>
	<controls>
		<control type="visualisation" id="2">
			<description>visualisation</description>
			<include>Dimensions_Fullscreen</include>
		</control>
		<control type="label">
			<include>DialogID</include>
			<label>MusicVisualisation.xml</label>
		</control>
		<control type="group">
			<visible>Player.ShowInfo + ![Window.IsVisible(VisualisationSettings) | Window.IsVisible(VisualisationPresetList)]</visible>	
			<control type="image">
				<description>background image</description>
				<posx>0</posx>
				<posy>470</posy>
				<width>1280</width>
				<height>250</height>
				<texture>other_textures\black-back.png</texture>
			</control>
			<control type="image">
				<description>Music cover image</description>
				<posx>30</posx>
				<posy>480</posy>
				<width>120</width>
				<height>120</height>
				<fadetime>200</fadetime>
				<texture background="true">$INFO[MusicPlayer.cover]</texture>
				<aspectratio  align="left" aligny="top">keep</aspectratio>
				<bordertexture border="5">other_textures/ButtonFo.png</bordertexture>
				<bordersize>8</bordersize>
			</control>
			<control type="label">
				<posx>30</posx>
				<posy>610</posy>
				<width>880</width>
				<label>$INFO[MusicPlayer.Album]$INFO[MusicPlayer.Artist, - ]</label>
				<align>left</align>
				<font>Medium</font>
				<shadowcolor>black</shadowcolor>
			</control>
			<control type="label">
				<posx>30</posx>
				<posy>644</posy>
				<width>880</width>
				<label>$INFO[MusicPlayer.Title]</label>
				<scroll>true</scroll>
				<align>left</align>
				<font>Medium</font>
				<shadowcolor>black</shadowcolor>
			</control>
			<control type="label">
				<description>Track Count</description>
				<posx>1250</posx>
				<posy>610</posy>
				<width>300</width>
				<label>$INFO[MusicPlayer.PlaylistPosition,[COLOR=blue]$LOCALIZE[554]:[/COLOR] ]$INFO[MusicPlayer.PlaylistLength, / ]</label>
				<align>right</align>
				<font>Medium</font>
				<shadowcolor>black</shadowcolor>
				<visible>MusicPlayer.ChapterCount</visible>
				<animation effect="slide" end="0,34" condition="!MusicPlayer.Content(Episodes) + !MusicPlayer.Content(MusicVideos)">Conditional</animation>
			</control>
			<control type="label">
				<description>Player Times</description>
				<posx>1250</posx>
				<posy>644</posy>
				<width>500</width>
				<label>$INFO[MusicPlayer.Time]$INFO[MusicPlayer.Duration, / ]</label>
				<align>right</align>
				<font>Medium</font>
				<shadowcolor>black</shadowcolor>
			</control>
			<control type="progress">
				<description>Progressbar</description>
				<posx>30</posx>
				<posy>35r</posy>
				<width>1220</width>
				<height>14</height>
				<info>Player.Progress</info>
			</control>
		</control>
		<include>Debug_Grid</include>
	</controls>
</window>