<window id="2009">
	<controls>
		<control type="karvisualisation" id="1">
			<description>visualisation</description>
			<posx>0</posx>
			<posy>0</posy>
			<width>1280</width>
			<height>720</height>
			<visibility>false</visibility>
		</control>
		<control type="image" id="2">
			<description>fullscreen image</description>
			<posx>0</posx>
			<posy>0</posy>
			<width>1280</width>
			<height>720</height>
			<visibility>false</visibility>
		</control>
		<control type="group">
			<posx>400</posx>
			<posy>0</posy>
			<visible>MusicPlayer.Offset(number).Exists + !IntegerGreaterThan(Player.TimeRemaining,20)</visible>
			<control type="label">
				<posx>20</posx>
				<posy>52</posy>
				<include>DialogID</include>
				<label>MusicKaraokeLyrics.xml</label>
			</control>
			<control type="image">
				<posx>0</posx>
				<posy>-20</posy>
				<width>480</width>
				<height>78</height>
				<texture border="22">other_textures/black-back.png</texture>
			</control>
			<control type="label" id="402">
				<description>Next Song Name</description>
				<posx>20</posx>
				<width>420</width>
				<label>[COLOR=blue]$LOCALIZE[209] :[/COLOR] $INFO[MusicPlayer.offset(1).Title]</label>
			</control>
		</control>
		<include>Debug_Grid</include>
	</controls>
</window>