<window id="2">
	<defaultcontrol always="true">50</defaultcontrol>
	<allowoverlay>yes</allowoverlay>
	<views>50,504,509</views>
	<controls>
		<include>GlobalBackground</include>
		<control type="label">
			<include>WindowID</include>
			<label>MyPics.xml</label>
		</control>
		<include>time_date</include>
		<include>View_50_List</include>
		<include>View_504_Thumb</include>
		<include>View_509_Icon</include>
		<include>PageCountLabel</include>
		<include>ScrollOffsetLabel</include>
		<control type="grouplist" id="9000">
			<posx>-210</posx>
			<posy>140</posy>
			<width>220</width>
			<height>600</height>
			<itemgap>2</itemgap>
			<onleft>50</onleft>
			<onright>50</onright>
			<onup>9000</onup>
			<ondown>9000</ondown>
			<orientation>vertical</orientation>
			<animation type="Conditional" condition="!ControlGroup(9000).HasFocus()">
				<effect type="slide" start="220" end="-50" time="200" />
			</animation>
			<control type="button" id="2">
				<description>View</description>
				<width>220</width>
				<align>left</align>
			</control>
			<control type="button" id="3">
				<description>Sort</description>
				<width>220</width>
				<align>left</align>
			</control>
			<control type="togglebutton" id="4">
				<description>Ascending</description>
				<width>220</width>
				<align>left</align>
				<label>584</label>
				<altlabel>585</altlabel>
			</control>
			<control type="button" id="6">
				<description>Slideshow</description>
				<width>220</width>
				<align>left</align>
				<label>108</label>
				<visible>!ListItem.IsFolder</visible>
			</control>
			<control type="button" id="7">
				<description>Recursive Slideshow</description>
				<width>220</width>
				<align>left</align>
				<label>108</label>
				<visible>ListItem.IsFolder</visible>
			</control>
			<control type="radiobutton" id="9">
				<description>Randomise</description>
				<width>220</width>
				<align>left</align>
				<label>13319</label>
			</control>
			<control type="button" id="98">
				<description>Open Player Controls</description>
				<width>220</width>
				<align>left</align>
				<label>31015</label>
				<onclick>ActivateWindow(playercontrols)</onclick>
				<visible>Player.HasMedia</visible>
			</control>
		</control>
		<include>Debug_Grid</include>
	</controls>
</window>