<window id="20">
	<defaultcontrol always="true">50</defaultcontrol>
	<allowoverlay>yes</allowoverlay>
	<views>50,508</views>
	<controls>
		<include>GlobalBackground</include>
		<control type="label">
			<include>DialogID</include>
			<label>MyScripts.xml</label>
		</control>
		<include>time_date</include>
		<include>View_50_List</include>
		<include>View_508_Cover</include>
		<include>PageCountLabel</include>
		<include>ScrollOffsetLabel</include>
		<control type="grouplist" id="9000">
			<posx>-210</posx>
			<posy>140</posy>
			<width>220</width>
			<height>600</height>
			<itemgap>2</itemgap>
			<onleft>50</onleft>
			<onright>50</onright>
			<onup>9000</onup>
			<ondown>9000</ondown>
			<orientation>vertical</orientation>
			<animation type="Conditional" condition="!ControlGroup(9000).HasFocus()">
				<effect type="slide" start="220" end="-50" time="200" />
			</animation>
			<control type="button" id="2">
				<description>View</description>
				<width>220</width>
				<align>left</align>
			</control>
			<control type="button" id="3">
				<description>Sort</description>
				<width>220</width>
				<align>left</align>
			</control>
			<control type="togglebutton" id="4">
				<description>Ascending/Descending</description>
				<width>220</width>
				<label>584</label>
				<align>left</align>
				<altlabel>585</altlabel>
			</control>
			<control type="button" id="98">
				<description>Open Player Controls</description>
				<width>220</width>
				<align>left</align>
				<label>31015</label>
				<onclick>ActivateWindow(playercontrols)</onclick>
				<visible>Player.HasMedia</visible>
			</control>
		</control>
		<include>Debug_Grid</include>
	</controls>
</window>