<window id="2600">
	<defaultcontrol always="true">9001</defaultcontrol>
	<allowoverlay>yes</allowoverlay>
	<controls>
		<include>GlobalBackground</include>
		<control type="label">
			<include>WindowID</include>
			<label>MyWeather.xml</label>
		</control>
		<include>time_date</include>
		<control type="group">
			<include>ViewVisibleEffect</include>
			<control type="group">
				<posx>122</posx>
				<posy>160</posy>
				<control type="image">
					<posx>0</posx>
					<posy>0</posy>
					<width>256</width>
					<height>426</height>
					<texture border="22">other_textures/ButtonNF.png</texture>
				</control>
				<control type="label">
					<description>Day 0 Label</description>
					<posx>10</posx>
					<posy>10</posy>
					<width>236</width>
					<label>$INFO[Window.Property(Day0.Title)]</label>
					<font>Large</font>
					<align>center</align>
				</control>
				<control type="image">
					<description>Day 0 Icon</description>
					<posx>50</posx>
					<posy>60</posy>
					<height>156</height>
					<width>156</width>
					<texture>$INFO[Window.Property(Day0.OutlookIcon)]</texture>
				</control>
				<control type="label">
					<description>Day 0 High Temp</description>
					<posx>10</posx>
					<posy>250</posy>
					<width>236</width>
					<label>[COLOR=red]$INFO[Window.Property(Day0.HighTemp)]$INFO[System.TemperatureUnits][/COLOR]</label>
					<font>Large</font>
					<align>center</align>
				</control>
				<control type="label">
					<description>Day 0 Low Temp</description>
					<posx>10</posx>
					<posy>300</posy>
					<width>236</width>
					<label>[COLOR=blue]$INFO[Window.Property(Day0.LowTemp)]$INFO[System.TemperatureUnits][/COLOR]</label>
					<font>Large</font>
					<align>center</align>
				</control>
			</control>
			<control type="group">
				<posx>382</posx>
				<posy>160</posy>
				<control type="image">
					<posx>0</posx>
					<posy>0</posy>
					<width>256</width>
					<height>426</height>
					<texture border="22">other_textures/ButtonNF.png</texture>
				</control>
				<control type="label">
					<description>Day 1 Label</description>
					<posx>10</posx>
					<posy>10</posy>
					<width>236</width>
					<label>$INFO[Window.Property(Day1.Title)]</label>
					<font>Large</font>
					<align>center</align>
				</control>
				<control type="image">
					<description>Day 1 Icon</description>
					<posx>50</posx>
					<posy>60</posy>
					<height>156</height>
					<width>156</width>
					<texture>$INFO[Window.Property(Day1.OutlookIcon)]</texture>
				</control>
				<control type="label">
					<description>Day 1 High Temp</description>
					<posx>10</posx>
					<posy>250</posy>
					<width>236</width>
					<label>[COLOR=red]$INFO[Window.Property(Day1.HighTemp)]$INFO[System.TemperatureUnits][/COLOR]</label>
					<font>Large</font>
					<align>center</align>
				</control>
				<control type="label">
					<description>Day 1 Low Temp</description>
					<posx>10</posx>
					<posy>300</posy>
					<width>236</width>
					<label>[COLOR=blue]$INFO[Window.Property(Day1.LowTemp)]$INFO[System.TemperatureUnits][/COLOR]</label>
					<font>Large</font>
					<align>center</align>
				</control>
			</control>
			<control type="group">
				<posx>642</posx>
				<posy>160</posy>
				<control type="image">
					<posx>0</posx>
					<posy>0</posy>
					<width>256</width>
					<height>426</height>
					<texture border="22">other_textures/ButtonNF.png</texture>
				</control>
				<control type="label">
					<description>Day 2 Label</description>
					<posx>10</posx>
					<posy>10</posy>
					<width>236</width>
					<label>$INFO[Window.Property(Day2.Title)]</label>
					<font>Large</font>
					<align>center</align>
				</control>
				<control type="image">
					<description>Day 2 Icon</description>
					<posx>50</posx>
					<posy>60</posy>
					<height>156</height>
					<width>156</width>
					<texture>$INFO[Window.Property(Day2.OutlookIcon)]</texture>
				</control>
				<control type="label">
					<description>Day 2 High Temp</description>
					<posx>10</posx>
					<posy>250</posy>
					<width>236</width>
					<label>[COLOR=red]$INFO[Window.Property(Day2.HighTemp)]$INFO[System.TemperatureUnits][/COLOR]</label>
					<font>Large</font>
					<align>center</align>
				</control>
				<control type="label">
					<description>Day 2 Low Temp</description>
					<posx>10</posx>
					<posy>300</posy>
					<width>236</width>
					<label>[COLOR=blue]$INFO[Window.Property(Day2.LowTemp)]$INFO[System.TemperatureUnits][/COLOR]</label>
					<font>Large</font>
					<align>center</align>
				</control>
			</control>
			<control type="group">
				<posx>902</posx>
				<posy>160</posy>
				<control type="image">
					<posx>0</posx>
					<posy>0</posy>
					<width>256</width>
					<height>426</height>
					<texture border="22">other_textures/ButtonNF.png</texture>
				</control>
				<control type="label">
					<description>Day 3 Label</description>
					<posx>10</posx>
					<posy>10</posy>
					<width>236</width>
					<label>$INFO[Window.Property(Day3.Title)]</label>
					<font>Large</font>
					<align>center</align>
				</control>
				<control type="image">
					<description>Day 3 Icon</description>
					<posx>50</posx>
					<posy>60</posy>
					<height>156</height>
					<width>156</width>
					<texture>$INFO[Window.Property(Day3.OutlookIcon)]</texture>
				</control>
				<control type="label">
					<description>Day 3 High Temp</description>
					<posx>10</posx>
					<posy>250</posy>
					<width>236</width>
					<label>[COLOR=red]$INFO[Window.Property(Day3.HighTemp)]$INFO[System.TemperatureUnits][/COLOR]</label>
					<font>Large</font>
					<align>center</align>
				</control>
				<control type="label">
					<description>Day 3 Low Temp</description>
					<posx>10</posx>
					<posy>300</posy>
					<width>236</width>
					<label>[COLOR=blue]$INFO[Window.Property(Day3.LowTemp)]$INFO[System.TemperatureUnits][/COLOR]</label>
					<font>Large</font>
					<align>center</align>
				</control>
			</control>
		</control>
		<control type="button" id="9001">
			<posx>-20</posx>
			<posy>-20</posy>
			<width>1</width>
			<height>1</height>
			<onleft>9000</onleft>
			<onright>9000</onright>
			<onup>9001</onup>
			<ondown>9001</ondown>
		</control>
		<control type="grouplist" id="9000">
			<posx>-210</posx>
			<posy>160</posy>
			<width>220</width>
			<height>600</height>
			<itemgap>2</itemgap>
			<onleft>9001</onleft>
			<onright>9001</onright>
			<onup>9000</onup>
			<ondown>9000</ondown>
			<orientation>vertical</orientation>
			<animation type="Conditional" condition="!ControlGroup(9000).HasFocus()">
				<effect type="slide" start="220" end="-50" time="200" />
			</animation>
			<control type="button" id="2">
				<description>Refresh</description>
				<label>184</label>
				<width>220</width>
				<align>left</align>
			</control>
			<control type="button" id="4">
				<description>Settings</description>
				<label>5</label>
				<width>220</width>
				<align>left</align>
				<onclick>ActivateWindow(weathersettings)</onclick>
			</control>
			<control type="spincontrolex" id="3">
				<description>Location Select</description>
				<font>-</font>
				<width>220</width>
			</control>
		</control>
		<control type="label">
			<description>Location Label</description>
			<posx>-196</posx>
			<posy>252</posy>
			<width>120</width>
			<label>$INFO[Control.GetLabel(3)]</label>
			<animation type="Conditional" condition="!ControlGroup(9000).HasFocus()">
				<effect type="slide" start="220" end="-50" time="200" />
			</animation>
		</control>
		<include>Debug_Grid</include>
	</controls>
</window>