<window id="34">
	<defaultcontrol always="true">4</defaultcontrol>
	<allowoverlay>yes</allowoverlay>
	<controls>
		<include>GlobalBackground</include>
		<include>time_date</include>
		<control type="group">
			<control type="image">
				<description>Footer Background</description>
				<posx>0</posx>
				<posy>685</posy>
				<width>1280</width>
				<height>35</height>
				<texture border="20,20,20,2">other_textures/black-back.png</texture>
			</control>
			<control type="label">
				<posx>0</posx>
				<posy>694</posy>
				<width>1280</width>
				<height>14</height>
				<font>Small</font>
				<align>center</align>
				<label>[COLOR=blue]$LOCALIZE[31165][/COLOR] $INFO[System.FreeMemory] [COLOR=blue]$LOCALIZE[13271][/COLOR] $INFO[System.CPUUsage] [COLOR=blue]$LOCALIZE[31166][/COLOR] $INFO[System.cputemperature] [COLOR=blue]$LOCALIZE[31167][/COLOR] $INFO[System.gputemperature] [COLOR=blue]$LOCALIZE[31168][/COLOR] $INFO[System.hddtemperature] [COLOR=blue]$LOCALIZE[31169][/COLOR] $INFO[System.FanSpeed]</label>
			</control>
		</control>
		<control type="group">
			<posx>340</posx>
			<posy>140</posy>
			<control type="image">
				<posx>-20</posx>
				<posy>-20</posy>
				<width>640</width>
				<height>496</height>
				<texture border="22">other_textures/black-back.png</texture>
			</control>
			<control type="label">
				<include>DialogID</include>
				<label>SettingsProfile.xml</label>
			</control>
			<control type="radiobutton" id="4">
				<description>Enable Login Screen</description>
				<posx>10</posx>
				<posy>36</posy>
				<width>580</width>
				<label>20096</label>
				<align>left</align>
				<onright>-</onright>
				<onleft>-</onleft>
				<onup>-</onup>
				<ondown>2</ondown>
			</control>
			<control type="list" id="2">
				<posx>10</posx>
				<posy>106</posy>
				<width>580</width>
				<height>322</height>
				<onleft>-</onleft>
				<onright>-</onright>
				<onup>4</onup>
				<ondown>-</ondown>
				<itemlayout height="46">
					<control type="image">
						<width>580</width>
						<height>44</height>
						<texture border="2">other_textures/ButtonNF.png</texture>
					</control>
					<control type="label">
						<posx>15</posx>
						<width>550</width>
						<info>ListItem.Label</info>
					</control>
					<control type="label">
						<posx>565</posx>
						<width>550</width>
						<align>right</align>
						<info>ListItem.Label2</info>
					</control>
				</itemlayout>
				<focusedlayout height="46">
					<control type="image">
						<width>580</width>
						<height>44</height>
						<texture border="5">other_textures/ButtonFO.png</texture>
						<animation effect="fade" start="100" end="50" condition="!Control.HasFocus(2)">Conditional</animation>
					</control>
					<control type="label">
						<posx>15</posx>
						<width>550</width>
						<info>ListItem.Label</info>
					</control>
					<control type="label">
						<posx>565</posx>
						<width>550</width>
						<align>right</align>
						<info>ListItem.Label2</info>
					</control>
				</focusedlayout>
			</control>
		</control>
		<include>Debug_Grid</include>
	</controls>
</window>