<window id="125">
	<defaultcontrol always="true">2</defaultcontrol>
	<allowoverlay>yes</allowoverlay>
	<controls>
		<control type="group">
			<posx>240</posx>
			<posy>180</posy>
			<control type="image">
				<posx>0</posx>
				<posy>0</posy>
				<width>800</width>
				<height>532</height>
				<texture border="22">other_textures/black-back.png</texture>
			</control>
			<control type="label">
				<posy>-30</posy>
				<include>DialogID</include>
				<label>VideoOSDBookmarks.xml</label>
			</control>
			<control type="label">
				<description>header label</description>
				<posx>20</posx>
				<posy>18</posy>
				<width>760</width>
				<align>center</align>
				<label>[UPPERCASE]$LOCALIZE[298][/UPPERCASE] - ($INFO[Container(11).NumItems]) $LOCALIZE[31027] - $LOCALIZE[31028] ($INFO[Container(11).CurrentPage]/$INFO[Container(11).NumPages])</label>
			</control>
			<control type="panel" id="11">
				<posx>40</posx>
				<posy>55</posy>
				<width>720</width>
				<height>390</height>
				<onleft>2</onleft>
				<onright>3</onright>
				<ondown>2</ondown>
				<onup>2</onup>
				<scrolltime>200</scrolltime>
				<viewtype label="536">icon</viewtype>
				<pagecontrol>-</pagecontrol>
				<orientation>horizontal</orientation>
				<itemlayout height="195" width="240">
					<control type="image">
						<posx>2</posx>
						<posy>2</posy>
						<width>230</width>
						<height>160</height>
						<texture border="3">other_textures/ButtonNF.png</texture>
					</control>
					<control type="image">
						<posx>7</posx>
						<posy>7</posy>
						<width>220</width>
						<height>140</height>
						<info>ListItem.Icon</info>
					</control>
					<control type="label">
						<posx>112</posx>
						<posy>170</posy>
						<width>225</width>
						<height>15</height>
						<align>center</align>
						<info>ListItem.Label</info>
					</control>
				</itemlayout>
				<focusedlayout height="195" width="240">
					<control type="image">
						<posx>2</posx>
						<posy>2</posy>
						<width>230</width>
						<height>160</height>
						<texture border="5">other_textures/ButtonFO.png</texture>
					</control>
					<control type="image">
						<posx>7</posx>
						<posy>7</posy>
						<width>220</width>
						<height>140</height>
						<info>ListItem.Icon</info>
					</control>
					<control type="label">
						<posx>112</posx>
						<posy>170</posy>
						<width>225</width>
						<height>15</height>
						<align>center</align>
						<info>ListItem.Label</info>
					</control>
				</focusedlayout>
			</control>
			<control type="grouplist" id="9000">
				<posx>20</posx>
				<posy>455</posy>
				<width>760</width>
				<height>44</height>
				<itemgap>2</itemgap>
				<align>center</align>
				<orientation>horizontal</orientation>
				<onleft>9000</onleft>
				<onright>9000</onright>
				<onup>11</onup>
				<ondown>11</ondown>
				<control type="button" id="2">
					<description>Create Bookmark button</description>
					<label>294</label>
					<width>250</width>
					<include>ButtonInfoDialogsCommonValues</include>
				</control>
				<control type="button" id="3">
					<description>Clear Bookmark button</description>
					<label>296</label>
					<width>250</width>
					<include>ButtonInfoDialogsCommonValues</include>
				</control>
				<control type="button" id="4">
					<description>Clear Bookmark button</description>
					<label>20406</label>
					<width>250</width>
					<include>ButtonInfoDialogsCommonValues</include>
					<visible>videoplayer.content(episodes)</visible>
				</control>
			</control>
		</control>
		<include>Debug_Grid</include>
	</controls>
</window>