<includes>
	<include name="View_509_Icon">
		<description>Icon View (id=509)</description>
		<control type="panel" id="509">
			<posx>192</posx>
			<posy>140</posy>
			<width>896</width>
			<height>384</height>
			<onleft>9000</onleft>
			<onright>69</onright>
			<onup>509</onup>
			<ondown>509</ondown>
			<pagecontrol>69</pagecontrol>
			<scrolltime>200</scrolltime>
			<focusposition>-</focusposition>
			<orientation>-</orientation>
			<preloaditems>2</preloaditems>
			<viewtype label="31204">icon</viewtype>
			<itemlayout width="128" height="128">	
				<control type="image">
					<posx>2</posx>
					<posy>0</posy>
					<width>124</width>
					<height>124</height>
					<texture border="5">other_textures/ButtonNF.png</texture>
				</control>	
				<control type="image">
					<posx>7</posx>
					<posy>5</posy>
					<width>114</width>
					<height>114</height>
					<aspectratio aligny="top">scale</aspectratio>
					<texture fallback="DefaultAddonNone.png" background="true">$INFO[ListItem.Icon]</texture>
					<bordersize>2</bordersize>
				</control>
			</itemlayout>
			<focusedlayout width="128" height="128">
				<control type="image">
					<posx>2</posx>
					<posy>0</posy>
					<width>124</width>
					<height>124</height>
					<texture border="5">other_textures/ButtonFo.png</texture>
					<animation effect="fade" start="100" end="50" condition="!Control.HasFocus(509)">Conditional</animation>
				</control>	
				<control type="image">
					<posx>7</posx>
					<posy>5</posy>
					<width>114</width>
					<height>114</height>
					<aspectratio aligny="top">scale</aspectratio>
					<texture fallback="DefaultAddonNone.png" background="true">$INFO[ListItem.Icon]</texture>
					<bordersize>2</bordersize>
				</control>
			</focusedlayout>
		</control>
		<control type="group">
			<visible>Control.IsVisible(509)</visible>
			<control type="image">
				<posx>66</posx>
				<posy>560</posy>
				<width>24</width>
				<height>24</height>
				<aspectratio>keep</aspectratio>
				<texture>$INFO[ListItem.Overlay]</texture>
			</control>
			<control type="label">
				<posx>100</posx>
				<posy>550</posy>
				<width>840</width>
				<font>Large</font>
				<label>$INFO[ListItem.Label]</label>
			</control>
			<control type="label">
				<posx>100r</posx>
				<posy>550</posy>
				<width>240</width>
				<font>Medium</font>
				<align>right</align>
				<label>$INFO[ListItem.Label2]</label>
			</control>
		</control>
		<control type="scrollbar" id="69">
			<posx>1088</posx>
			<posy>140</posy>
			<height>384</height>
			<onleft>509</onleft>
			<onright>9000</onright>
			<visible allowhiddenfocus="true">Control.IsVisible(509) + [Control.HasFocus(69) | Container.Scrolling]</visible>
			<animation effect="fade" start="0" end="100" time="400" condition="Control.HasFocus(69) | Container.Scrolling">Conditional</animation>
		</control>
	</include>
</includes>