<includes>
	<include name="View_504_Thumb">
		<description>Thumb View (id=504)</description>
		<control type="wraplist" id="504">
			<visible>Container.Content(Episodes) | Container.Content(Artists) | Window.IsVisible(Pictures)</visible>
			<posx>-325</posx>
			<posy>186</posy>
			<width>1930</width>
			<height>222</height>
			<onleft>504</onleft>
			<onright>504</onright>
			<onup>9000</onup>
			<ondown>64</ondown>
			<pagecontrol>64</pagecontrol>
			<scrolltime>200</scrolltime>
			<focusposition>2</focusposition>
			<orientation>horizontal</orientation>
			<preloaditems>2</preloaditems>
			<viewtype label="21371">bigwrap</viewtype>
			<itemlayout width="386" height="222">
				<control type="image">
					<posx>2</posx>
					<posy>0</posy>
					<width>382</width>
					<height>222</height>
					<texture border="5">other_textures/ButtonNF.png</texture>
				</control>
				<control type="image">
					<posx>7</posx>
					<posy>5</posy>
					<width>372</width>
					<height>212</height>
					<aspectratio>keep</aspectratio>
					<texture fallback="DefaultAddonNone.png" background="true">$INFO[ListItem.Icon]</texture>
					<bordersize>2</bordersize>
				</control>
			</itemlayout>
			<focusedlayout width="386" height="222">
				<control type="image">
					<posx>2</posx>
					<posy>0</posy>
					<width>382</width>
					<height>222</height>
					<texture border="5">other_textures/ButtonFo.png</texture>
					<animation effect="fade" start="100" end="50" condition="!Control.HasFocus(504)">Conditional</animation>
				</control>
				<control type="image">
					<posx>7</posx>
					<posy>5</posy>
					<width>372</width>
					<height>212</height>
					<aspectratio>keep</aspectratio>
					<texture fallback="DefaultAddonNone.png" background="true">$INFO[ListItem.Icon]</texture>
					<bordersize>2</bordersize>
				</control>
			</focusedlayout>
		</control>
		<control type="group">
			<visible>Control.IsVisible(504)</visible>
			<control type="image">
				<visible>!IsEmpty(ListItem.Overlay)</visible>
				<posx>66</posx>
				<posy>480</posy>
				<width>24</width>
				<height>24</height>
				<aspectratio>keep</aspectratio>
				<texture>$INFO[ListItem.Overlay]</texture>
			</control>
			<control type="label">
				<posx>100</posx>
				<posy>470</posy>
				<width>920</width>
				<font>Large</font>
				<label>$INFO[ListItem.Label]</label>
			</control>
			<control type="label">
				<posx>100r</posx>
				<posy>470</posy>
				<width>160</width>
				<font>Medium</font>
				<align>right</align>
				<label>$INFO[ListItem.Premiered]</label>
			</control>
			<control type="label">
				<posx>100</posx>
				<posy>500</posy>
				<width>540</width>
				<font>Small</font>
				<label>$INFO[ListItem.TVShowTitle]</label>
			</control>
			<control type="label">
				<posx>100r</posx>
				<posy>500</posy>
				<width>540</width>
				<font>Small</font>
				<align>right</align>
				<label>$LOCALIZE[563] $INFO[ListItem.Rating]</label>
				<visible>!IsEmpty(ListItem.Rating) + Container.Content(Episodes)</visible>
			</control>
			<control type="label">
				<posx>100r</posx>
				<posy>470</posy>
				<width>140</width>
				<font>Medium</font>
				<align>right</align>
				<label>$INFO[ListItem.Label2]</label>
				<visible>Window.IsVisible(Pictures)</visible>
			</control>	
			<control type="textbox">
				<description>Description Value Episodes</description>
				<visible>Container.Content(Episodes) + !Skin.HasSetting(NoPlot)</visible>
				<posx>100</posx>
				<posy>540</posy>
				<width>1080</width>
				<height>110</height>
				<align>justify</align>
				<label>$INFO[ListItem.Plot]</label>
			</control>
		</control>
		<control type="scrollbar" id="64">
			<posx>200</posx>
			<posy>410</posy>
			<height>25</height>
			<width>880</width>
			<onup>504</onup>
			<ondown>9000</ondown>
			<texturesliderbackground border="14,0,14,0">other_textures/ScrollBarH.png</texturesliderbackground>
			<texturesliderbar border="14,0,14,0">other_textures/ScrollBarH_bar.png</texturesliderbar>
			<texturesliderbarfocus border="14,0,14,0">other_textures/ScrollBarH_bar_focus.png</texturesliderbarfocus>
			<textureslidernib>other_textures/ScrollBarNib.png</textureslidernib>
			<textureslidernibfocus>other_textures/ScrollBarNib.png</textureslidernibfocus>
			<orientation>horizontal</orientation>
			<visible allowhiddenfocus="true">Control.IsVisible(504) + [Control.HasFocus(64) | Container.Scrolling]</visible>
			<animation effect="fade" start="0" end="100" time="400" condition="Control.HasFocus(64) | Container.Scrolling">Conditional</animation>
		</control>
	</include>
</includes>