<window id="1113" type="dialog">
	<defaultcontrol always="true">101</defaultcontrol>
	<controls>
		<control type="group">
			<posx>570</posx>
			<posy>215</posy>
			<include>Window_OpenClose_Animation</include>
			<control type="image">
				<posx>0</posx>
				<posy>0</posy>
				<width>600</width>
				<height>290</height>
				<texture border="20">DialogBack.png</texture>
			</control>
			<control type="image">
				<posx>20</posx>
				<posy>10</posy>
				<width>560</width>
				<height>90</height>
				<aspectratio>stretch</aspectratio>
				<texture>GlassTitleBar.png</texture>
			</control>
			<control type="label">
				<description>header label</description>
				<posx>50</posx>
				<posy>18</posy>
				<width>500</width>
				<height>30</height>
				<font>font13caps_title</font>
				<label>$LOCALIZE[31305]</label>
				<align>center</align>
				<aligny>center</aligny>
				<textcolor>white</textcolor>
				<shadowcolor>black</shadowcolor>
			</control>
			<control type="textbox">
				<description>Description</description>
				<posx>50</posx>
				<posy>80</posy>
				<width>500</width>
				<height>190</height>
				<font>font13caps</font>
				<label>31420</label>
				<align>center</align>
				<textcolor>grey2</textcolor>
				<shadowcolor>black</shadowcolor>
			</control>
			<control type="button" id="100">
				<description>Eject button</description>
				<posx>75</posx>
				<posy>230</posy>
				<width>200</width>
				<height>40</height>
				<label>31306</label>
				<font>font12caps_title</font>
				<textcolor>white</textcolor>
				<focusedcolor>white</focusedcolor>
				<align>center</align>
				<onclick>EjectTray()</onclick>
				<onclick>Dialog.Close(1113)</onclick>
				<texturenofocus border="5">MenuItemNF.png</texturenofocus>
				<texturefocus border="5">button-focus.png</texturefocus>
				<onleft>101</onleft>
				<onright>101</onright>
				<onup>100</onup>
				<ondown>100</ondown>
			</control>
			<control type="button" id="101">
				<description>Cancel button</description>
				<posx>325</posx>
				<posy>230</posy>
				<width>200</width>
				<height>40</height>
				<label>222</label>
				<font>font12caps_title</font>
				<textcolor>white</textcolor>
				<focusedcolor>white</focusedcolor>
				<align>center</align>
				<onclick>Dialog.Close(1113)</onclick>
				<texturenofocus border="5">MenuItemNF.png</texturenofocus>
				<texturefocus border="5">button-focus.png</texturefocus>
				<onleft>100</onleft>
				<onright>100</onright>
				<onup>101</onup>
				<ondown>101</ondown>
			</control>
		</control>
	</controls>
</window>