<window id="112">
	<defaultcontrol></defaultcontrol>
		<animation effect="slide" start="0,-70" end="0,0" time="100">WindowOpen</animation>
		<animation effect="slide" start="0,0" end="0,-70" delay="400" time="100">WindowClose</animation>
	<controls>
		<control type="group">
			<posx>720</posx>
			<posy>0</posy>
			<animation effect="slide" end="-400,0" time="200" condition="Window.IsVisible(133)">conditional</animation>
			<animation effect="slide" end="0,-80" time="200" condition="Window.IsVisible(FullscreenVideo) | Window.IsVisible(Visualisation)">conditional</animation>
			<control type="image">
				<posx>0</posx>
				<posy>-10</posy>
				<width>400</width>
				<height>70</height>
				<texture flipy="true" border="20,20,20,2">InfoMessagePanel.png</texture>
			</control>
			<control type="label" id="401">
				<description>Caption Label</description>
				<posx>15</posx>
				<posy>4</posy>
				<width>370</width>
				<height>18</height>
				<font>font10caps_title</font>
				<textcolor>selected</textcolor>
				<align>left</align>
				<aligny>center</aligny>
			</control>
			<control type="label" id="402">
				<description>Current Directory Label</description>
				<posx>15</posx>
				<posy>20</posy>
				<width>370</width>
				<height>20</height>
				<font>font10</font>
				<align>left</align>
				<aligny>center</aligny>
				<haspath>true</haspath>
			</control>
			<control type="progress" id="403">
				<description>progress control</description>
				<posx>15</posx>
				<posy>42</posy>
				<width>370</width>
				<height>8</height>
			</control>
		</control>
	</controls>
</window>