<window type="dialog" id="2000">
	<defaultcontrol always="true">3</defaultcontrol>
	<coordinates>
		<system>1</system>
		<posx>335</posx>
		<posy>35</posy>
	</coordinates>
	<include>dialogeffect</include>
	<controls>
		<control type="image">
			<description>background image</description>
			<posx>0</posx>
			<posy>0</posy>
			<width>610</width>
			<height>650</height>
			<texture border="40">DialogBack.png</texture>
		</control>
		<control type="image">
			<posx>40</posx>
			<posy>10</posy>
			<width>530</width>
			<height>90</height>
			<aspectratio>stretch</aspectratio>
			<texture>GlassTitleBar.png</texture>
		</control>
		<control type="button">
			<description>Close Window button</description>
			<posx>520</posx>
			<posy>9</posy>
			<width>64</width>
			<height>32</height>
			<label>-</label>
			<font>-</font>
			<onclick>PreviousMenu</onclick>
			<texturefocus>DialogCloseButton-focus.png</texturefocus>
			<texturenofocus>DialogCloseButton.png</texturenofocus>
			<onleft>10</onleft>
			<onright>10</onright>
			<onup>10</onup>
			<ondown>10</ondown>
			<visible>system.getbool(input.enablemouse)</visible>
		</control>
		<control type="label" id="1">
			<description>header label</description>
			<posx>20</posx>
			<posy>18</posy>
			<width>570</width>
			<height>30</height>
			<font>font13caps_title</font>
			<label>$LOCALIZE[13406]</label>
			<align>center</align>
			<aligny>center</aligny>
			<textcolor>white</textcolor>
			<shadowcolor>black</shadowcolor>
		</control>
		<control type="list" id="3">
			<posx>20</posx>
			<posy>60</posy>
			<width>570</width>
			<height>520</height>
			<onup>3</onup>
			<ondown>3</ondown>
			<onleft>5</onleft>
			<onright>61</onright>
			<pagecontrol>61</pagecontrol>
			<scrolltime>200</scrolltime>
			<itemlayout height="40" width="570">
				<control type="image">
					<posx>0</posx>
					<posy>0</posy>
					<width>570</width>
					<height>41</height>
					<texture border="0,2,0,2">MenuItemNF.png</texture>
				</control>
				<control type="label">
					<posx>20</posx>
					<posy>0</posy>
					<width>530</width>
					<height>40</height>
					<font>font13</font>
					<textcolor>grey2</textcolor>
					<selectedcolor>selected</selectedcolor>
					<align>left</align>
					<aligny>center</aligny>
					<label>$INFO[ListItem.Label]</label>
				</control>
			</itemlayout>
			<focusedlayout height="40" width="570">
				<control type="image">
					<posx>0</posx>
					<posy>0</posy>
					<width>570</width>
					<height>41</height>
					<texture border="0,2,0,2">MenuItemNF.png</texture>
					<visible>!Control.HasFocus(3)</visible>
					<include>VisibleFadeEffect</include>
				</control>
				<control type="image">
					<posx>0</posx>
					<posy>0</posy>
					<width>570</width>
					<height>41</height>
					<texture border="0,2,0,2">MenuItemFO.png</texture>
					<visible>Control.HasFocus(3)</visible>
					<include>VisibleFadeEffect</include>
				</control>
				<control type="label">
					<posx>20</posx>
					<posy>0</posy>
					<width>530</width>
					<height>40</height>
					<font>font13</font>
					<textcolor>white</textcolor>
					<selectedcolor>selected</selectedcolor>
					<align>left</align>
					<aligny>center</aligny>
					<label>$INFO[ListItem.Label]</label>
				</control>
			</focusedlayout>
		</control>
		<control type="scrollbar" id="61">
			<posx>570</posx>
			<posy>60</posy>
			<width>25</width>
			<height>520</height>
			<texturesliderbackground border="0,14,0,14">ScrollBarV.png</texturesliderbackground>
			<texturesliderbar border="0,14,0,14">ScrollBarV_bar.png</texturesliderbar>
			<texturesliderbarfocus border="0,14,0,14">ScrollBarV_bar_focus.png</texturesliderbarfocus>
			<textureslidernib>ScrollBarNib.png</textureslidernib>
			<textureslidernibfocus>ScrollBarNib.png</textureslidernibfocus>
			<onleft>3</onleft>
			<onright>3</onright>
			<ondown>61</ondown>
			<onup>61</onup>
			<showonepage>true</showonepage>
			<orientation>vertical</orientation>
		</control>
		<control type="label">
			<description>number of files/pages in list text label</description>
			<posx>580</posx>
			<posy>592</posy>
			<width>300</width>
			<height>35</height>
			<font>font12caps</font>
			<align>right</align>
			<aligny>center</aligny>
			<scroll>true</scroll>
			<textcolor>blue</textcolor>
			<label>($INFO[Container(3).NumItems]) $LOCALIZE[31025] - $LOCALIZE[31024] ($INFO[Container(3).CurrentPage]/$INFO[Container(3).NumPages])</label>
		</control>
		<control type="button" id="5">
			<description>Manual button</description>
			<posx>20</posx>
			<posy>590</posy>
			<width>200</width>
			<height>40</height>
			<label>186</label>
			<font>font12caps_title</font>
			<textcolor>white</textcolor>
			<focusedcolor>white</focusedcolor>
			<align>center</align>
			<texturenofocus border="5">MenuItemNF.png</texturenofocus>
			<texturefocus border="5">button-focus.png</texturefocus>
			<onleft>61</onleft>
			<onright>3</onright>
			<onup>3</onup>
			<ondown>3</ondown>
		</control>
	</controls>
</window>