<window id="1000">
	<defaultcontrol always="true">72</defaultcontrol>
	<description>Movie Trailer</description>
	<allowoverlay>no</allowoverlay>
	<coordinates>
		<system>1</system>
		<posx>390</posx>
		<posy>160</posy>
	</coordinates>
	
	<!--
	<include>dialogeffect</include>
	
-->

	
	<fullscreenonmoviestart>false</fullscreenonmoviestart>	
	<controls>
		<!--
		
		<control type="image">
			<description>background image</description>
			<posx>5</posx>
			<posy>15</posy>
			<width>550</width>
			<height>300</height>
			<texture>background-dim.png</texture>			
			<animation effect="fade" start="70" end="70" time="0" condition="Window.IsVisible(slideshow)">Conditional</animation>
		</control>
		<control type="image">
			<description>background image</description>
			<posx>-5</posx>
			<posy>5</posy>
			<width>570</width>
			<height>320</height>
			<texture>dialog-background4.png</texture>									
		</control>
		-->
		<control type="videowindow" id="2">
       			<posx>20</posx>
			<posy>20</posy>
			<width>520</width>
			<height>300</height>
			<aspectratio>stretch</aspectratio>			
		</control>		
		<control type="button" id="72">	
			<ondown>Stop</ondown>			
			<ondown>Dialog.Close(1000)</ondown>			
			<onfocus>XBMC.PlayMedia($INFO[ListItem.Trailer],1,noresume)</onfocus>			
			<texturenofocus>-</texturenofocus>
			<texturefocus>-</texturefocus>			
		</control>		
	</controls>	
</window>