<includes>
<include name="TVMPAAFlaggingConditions">
<control type="image">
			<description>Rated PG</description>
			<width>90</width>
			<aspectratio>keep</aspectratio>
			<texture>TV Rating/tv-pg.png</texture>
			<visible>substring(listitem.mpaa,TV-PG)</visible>
		</control>
		<control type="image">
			<description>Rated Y</description>
			<width>90</width>
			<aspectratio>keep</aspectratio>
			<texture>TV Rating/tv-y.png</texture>
			<visible>substring(listitem.mpaa,TV-Y)</visible>
		</control>
		<control type="image">
			<description>Rated Y7</description>
			<width>90</width>
			<aspectratio>keep</aspectratio>
			<texture>TV Rating/tv-y7.png</texture>
			<visible>substring(listitem.mpaa,TV-Y7)</visible>
		</control>
		<control type="image">
			<description>Rated MA</description>
			<width>90</width>
			<aspectratio>keep</aspectratio>
			<texture>TV Rating/tv-ma.png</texture>
			<visible>substring(listitem.mpaa,TV-MA)</visible>
		</control>
			<control type="image">
			<description>Rated G</description>
			<width>90</width>
			<aspectratio>keep</aspectratio>
			<texture>TV Rating/tv-g.png</texture>
			<visible>substring(listitem.mpaa,TV-G)</visible>
		</control>
			<control type="image">
			<description>Rated 14</description>
			<width>90</width>
			<aspectratio>keep</aspectratio>
			<texture>TV Rating/tv-14.png</texture>
			<visible>substring(listitem.mpaa,TV-14)</visible>
		</control>
</include>
<include name="MPAAFlaggingConditions">
<control type="image">
			<description>Rated G</description>
			<width>190</width>
			<height>103</height>
			<aspectratio>keep</aspectratio>
			<texture>flags/mpaa_general.png</texture>
			<visible>substring(listitem.mpaa,Rated G)</visible>
		</control>
		<control type="image">
			<description>Rated PG</description>
			<width>190</width>
			<height>103</height>
			<aspectratio>keep</aspectratio>
			<texture>flags/mpaa_pg.png</texture>
			<visible>substring(listitem.mpaa,Rated PG f)</visible>
		</control>
		<control type="image">
			<description>Rated PG-13</description>
			<width>190</width>
			<height>103</height>
			<aspectratio>keep</aspectratio>
			<texture>flags/mpaa_pg13.png</texture>
			<visible>substring(listitem.mpaa,Rated PG-13)</visible>
		</control>
		<control type="image">
			<description>Rated R</description>
			<width>190</width>
			<height>103</height>
			<aspectratio>keep</aspectratio>
			<texture>flags/mpaa_restricted.png</texture>
			<visible>substring(Listitem.mpaa,Rated R)</visible>
		</control>
		<control type="image">
			<description>Rated NC-17</description>
			<width>190</width>
			<height>103</height>
			<aspectratio>keep</aspectratio>
			<texture>flags/mpaa_nc17.png</texture>
			<visible>substring(Listitem.mpaa,Rated NC)</visible>
		</control>
</include>
<include name="MPAAFlaggingConditionsSmall">
<control type="image">
			<description>Rated G</description>
			<width>40</width>
			<height>40</height>
			<aspectratio>keep</aspectratio>
			<texture>MPAA RATING/G.png</texture>
			<visible>substring(listitem.mpaa,Rated G)</visible>
		</control>
		<control type="image">
			<description>Rated PG</description>
			<width>40</width>
			<height>40</height>
			<aspectratio>keep</aspectratio>
			<texture>MPAA RATING/PG.png</texture>
			<visible>substring(listitem.mpaa,Rated PG f)</visible>
		</control>
		<control type="image">
			<description>Rated PG-13</description>
			<width>40</width>
			<height>40</height>
			<aspectratio>keep</aspectratio>
			<texture>MPAA RATING/PG13.png</texture>
			<visible>substring(listitem.mpaa,Rated PG-13)</visible>
		</control>
		<control type="image">
			<description>Rated R</description>
			<width>40</width>
			<height>40</height>
			<aspectratio>keep</aspectratio>
			<texture>MPAA RATING/R.png</texture>
			<visible>substring(Listitem.mpaa,Rated R)</visible>
		</control>
</include>
<include name="MPAAFlaggingConditionsBig">
<control type="image">
			<description>Rated G</description>
			<width>190</width>
			<height>100</height>
			<aspectratio>keep</aspectratio>
			<texture>flags/mpaa_general.png</texture>
			<visible>substring(listitem.mpaa,Rated G)</visible>
		</control>
		<control type="image">
			<description>Rated PG</description>
			<width>190</width>
			<height>100</height>
			<aspectratio>keep</aspectratio>
			<texture>flags/mpaa_pg.png</texture>
			<visible>substring(listitem.mpaa,Rated PG f)</visible>
		</control>
		<control type="image">
			<description>Rated PG-13</description>
			<width>190</width>
			<height>100</height>
			<aspectratio>keep</aspectratio>
			<texture>flags/mpaa_pg13.png</texture>
			<visible>substring(listitem.mpaa,Rated PG-13)</visible>
		</control>
		<control type="image">
			<description>Rated R</description>
			<width>190</width>
			<height>100</height>
			<aspectratio>keep</aspectratio>
			<texture>flags/mpaa_restricted.png</texture>
			<visible>substring(Listitem.mpaa,Rated R)</visible>
		</control>
		<control type="image">
			<description>Rated NC-17</description>
			<width>190</width>
			<height>100</height>
			<aspectratio>keep</aspectratio>
			<texture>flags/mpaa_nc17.png</texture>
			<visible>substring(Listitem.mpaa,Rated NC)</visible>
		</control>
</include>
	<include name="VideoCodecFlaggingConditions">
		<control type="image">
			<description>Video rez Image</description>
			<width>90</width>
			<height>33</height>
			<aspectratio>keep</aspectratio>
			<texture>$INFO[ListItem.VideoResolution,flagging/video/,.png]</texture>
		</control>
		<control type="image">
			<description>Xvid Codec Image</description>
			<width>90</width>
			<height>33</height>
			<aspectratio>keep</aspectratio>
			<texture>flagging/video/xvid.png</texture>
			<visible>substring(ListItem.VideoCodec,xvid)</visible>
		</control>
		<control type="image">
			<description>Divx Codec Image</description>
			<width>90</width>
			<height>33</height>
			<aspectratio>keep</aspectratio>
			<texture>flagging/video/divx.png</texture>
			<visible>substring(ListItem.VideoCodec,divx) | substring(ListItem.VideoCodec,div3) |substring(ListItem.VideoCodec,div4) | substring(ListItem.VideoCodec,div5)</visible>
		</control>
		<control type="image">
			<description>h264 Codec Image</description>
			<width>90</width>
			<height>33</height>
			<aspectratio>keep</aspectratio>
			<texture>flagging/video/h264.png</texture>
			<visible>substring(ListItem.VideoCodec,h264)</visible>
		</control>
		<control type="image">
			<description>avc1 Codec Image</description>
			<width>90</width>
			<height>33</height>
			<aspectratio>keep</aspectratio>
			<texture>flagging/video/avc1.png</texture>
			<visible>substring(ListItem.VideoCodec,avc1)</visible>
		</control>
		<control type="image">
			<description>wvc1 Codec Image</description>
			<width>90</width>
			<height>33</height>
			<aspectratio>keep</aspectratio>
			<texture>flagging/video/wvc1.png</texture>
			<visible>substring(ListItem.VideoCodec,wvc1)</visible>
		</control>
		<control type="image">
			<description>mpeg1video Codec Image</description>
			<width>90</width>
			<height>33</height>
			<aspectratio>keep</aspectratio>
			<texture>flagging/video/mpeg1video.png</texture>
			<visible>substring(ListItem.VideoCodec,mpeg1video)</visible>
		</control>
	</include>
	<include name="VideoTypeHackFlaggingConditions">
		<control type="image">
			<description>Bluray Image</description>
			<width>90</width>
			<height>33</height>
			<aspectratio>keep</aspectratio>
			<texture>flagging/video/bluray.png</texture>
			<visible>substring(ListItem.filename,bluray)</visible>
		</control>
		<control type="image">
			<description>HDDVD Image</description>
			<width>90</width>
			<height>33</height>
			<aspectratio>keep</aspectratio>
			<texture>flagging/video/hddvd.png</texture>
			<visible>substring(ListItem.filename,hddvd)</visible>
		</control>
		
	</include>
 <include name="NetworkLogos">
   <control type="group">
    <description>GROUP FOR VISIBILITY FLAGGING</description>
      <control type="image">
		<description>Studio</description>
			<aspectratio>keep</aspectratio>
            <id>88</id>    
			<width>90</width>		
			<texture>special://skin/media/Network/$INFO[ListItem.Studio,,.png]</texture>
  		</control>    
     </control>
    </include>
<include name="StudioFlaggingConditions">
		<control type="group">
    <description>GROUP FOR VISIBILITY FLAGGING</description>
      <control type="image">
		<description>Studio</description>
			<aspectratio>keep</aspectratio>
            <width>105</width>		
			<texture>special://skin/media/Network/$INFO[ListItem.Studio,,.png]</texture>
  		</control>    
     </control>
  </include>
<include name="StudioFlaggingConditionsSmall">
		<control type="group">
    <description>GROUP FOR VISIBILITY FLAGGING</description>
      <control type="image">
		<description>Studio</description>
			<aspectratio>keep</aspectratio>
			<height>40</height>
            <width>80</width>		
			<texture>special://skin/media/Network/$INFO[ListItem.Studio,,.png]</texture>
  		</control>    
     </control>
  </include>
<include name="StudioFlaggingConditionsBig">
		<control type="group">
    <description>GROUP FOR VISIBILITY FLAGGING</description>
      <control type="image">
		<description>Studio</description>
			<aspectratio>keep</aspectratio>
            <width>150</width>		
			<texture>special://skin/media/Network/$INFO[ListItem.Studio,,.png]</texture>
  		</control>    
     </control>
  </include>
	<include name="AudioCodecFlaggingConditions">
		<control type="image">
			<description>mp3 Codec Image</description>
			<width>90</width>
			<height>33</height>
			<aspectratio>keep</aspectratio>
			<texture>flagging/audio/mp3.png</texture>
			<visible>substring(ListItem.AudioCodec,mp3)</visible>
		</control>
		<control type="image">
			<description>dts Codec Image</description>
			<width>90</width>
			<height>33</height>
			<aspectratio>keep</aspectratio>
			<texture>flagging/audio/dts.png</texture>
			<visible>substring(ListItem.AudioCodec,dca)</visible>
		</control>
		<control type="image">
			<description>ac3 Image</description>
			<width>45</width>
			<height>33</height>
			<aspectratio>keep</aspectratio>
			<texture>flagging/audio/ac3.png</texture>
			<visible>substring(ListItem.AudioCodec,ac3) + !substring(ListItem.AudioChannels,6)</visible>
		</control>
		<control type="image">
			<description>aac Image</description>
			<width>45</width>
			<height>33</height>
			<aspectratio>keep</aspectratio>
			<texture>flagging/audio/aac.png</texture>
			<visible>substring(ListItem.AudioCodec,aac)</visible>
		</control>
		<control type="image">
			<description>Dolby Digital Image</description>
			<width>90</width>
			<height>33</height>
			<aspectratio>keep</aspectratio>
			<texture>flagging/audio/dolbydigital.png</texture>
			<visible>substring(ListItem.AudioCodec,ac3) + substring(ListItem.AudioChannels,6)</visible>
		</control>
		<control type="image">
			<description>WMA Pro Codec Image</description>
			<width>90</width>
			<height>33</height>
			<aspectratio>keep</aspectratio>
			<texture>flagging/audio/wmapro.png</texture>
			<visible>substring(ListItem.AudioCodec,wmapro)</visible>
		</control>
		<control type="image">
			<description>Audio Channels Image</description>
			<width>45</width>
			<height>33</height>
			<aspectratio>keep</aspectratio>
			<texture>$INFO[ListItem.AudioChannels,flagging/audio/,.png]</texture>
		</control>
	</include>
	<include name="AspectCodecFlaggingConditions">
		<control type="image">
			<description>Aspectratio Image</description>
			<width>60</width>
			<height>33</height>
			<aspectratio>keep</aspectratio>
			<texture>$INFO[ListItem.VideoAspect,flagging/aspectratio/,.png]</texture>
		</control>
	</include>
</includes>