<window type="dialog" id="2901">
	<defaultcontrol always="true">603</defaultcontrol>
	<controls>
		<control type="group">
			<animation effect="slide" start="0,-135" end="0,0" time="300" tween="quadratic" easing="out">WindowOpen</animation>
			<animation effect="slide" start="0,0" end="0,-135" time="300" delay="150" tween="quadratic" easing="out">WindowClose</animation>
			<animation effect="slide" start="0,0" end="0,-135" time="300" tween="quadratic" easing="out" condition="Window.IsVisible(SliderDialog)">Conditional</animation>
			<control type="image">
				<description>media info background image</description>
				<posx>0</posx>
				<posy>-175</posy>
				<width>1280</width>
				<height>256</height>
				<texture>MediaInfoBackUpper.png</texture>
			</control>
			<control type="group" id="200">
				<posx>215</posx>
				<posy>7</posy>
				<control type="button" id="700">
					<posx>0</posx>
					<posy>2</posy>
					<width>45</width>
					<height>45</height>
					<label>-</label>
					<texturefocus>OSDBookMarksFO.png</texturefocus>
					<texturenofocus>OSDBookMarksNF.png</texturenofocus>
					<onleft>704</onleft>
					<onright>701</onright>
					<onup>700</onup>
					<ondown>700</ondown>
					<onclick>ActivateWindow(125)</onclick>
				</control>
				<control type="button" id="701">
					<posx>50</posx>
					<posy>2</posy>
					<width>45</width>
					<height>45</height>
					<label>-</label>
					<texturefocus>OSDAudioFO.png</texturefocus>
					<texturenofocus>OSDAudioNF.png</texturenofocus>
					<onleft>700</onleft>
					<onright>702</onright>
					<onup>701</onup>
					<ondown>701</ondown>
					<onclick>ActivateWindow(124)</onclick>
				</control>
				<control type="button" id="702">
					<posx>100</posx>
					<posy>2</posy>
					<width>45</width>
					<height>45</height>
					<label>-</label>
					<texturefocus>OSDVideoFO.png</texturefocus>
					<texturenofocus>OSDVideoNF.png</texturenofocus>
					<onleft>701</onleft>
					<onright>600</onright>
					<onup>702</onup>
					<ondown>702</ondown>
					<onclick>ActivateWindow(123)</onclick>
				</control>
				<control type="group" id="100">
					<posx>300</posx>
					<posy>0</posy>
					<control type="button" id="600">
						<posx>0</posx>
						<posy>0</posy>
						<width>50</width>
						<height>50</height>
						<label>-</label>
						<texturefocus>OSDPrevTrackFO.png</texturefocus>
						<texturenofocus>OSDPrevTrackNF.png</texturenofocus>
						<onleft>702</onleft>
						<onright>601</onright>
						<onup>600</onup>
						<ondown>600</ondown>
						<onclick>PlayerControl(Previous)</onclick>
					</control>
					<control type="button" id="601">
						<posx>50</posx>
						<posy>0</posy>
						<width>50</width>
						<height>50</height>
						<label>-</label>
						<texturefocus>OSDRewindFO.png</texturefocus>
						<texturenofocus>OSDRewindNF.png</texturenofocus>
						<onleft>600</onleft>
						<onright>602</onright>
						<onup>601</onup>
						<ondown>601</ondown>
						<onclick>PlayerControl(Rewind)</onclick>
					</control>
					<control type="button" id="602">
						<posx>100</posx>
						<posy>0</posy>
						<width>50</width>
						<height>50</height>
						<label>-</label>
						<texturefocus>OSDStopFO.png</texturefocus>
						<texturenofocus>OSDStopNF.png</texturenofocus>
						<onleft>601</onleft>
						<onright>603</onright>
						<onup>602</onup>
						<ondown>602</ondown>
						<onclick>down</onclick>
						<onclick>PlayerControl(Stop)</onclick>
					</control>
					<control type="togglebutton" id="603">
						<posx>150</posx>
						<posy>0</posy>
						<width>50</width>
						<height>50</height>
						<label>-</label>
						<texturefocus>OSDPauseFO.png</texturefocus>
						<texturenofocus>OSDPauseNF.png</texturenofocus>
						<usealttexture>Player.Paused | Player.Forwarding | Player.Rewinding</usealttexture>
						<alttexturefocus>OSDPlayFO.png</alttexturefocus>
						<alttexturenofocus>OSDPlayNF.png</alttexturenofocus>
						<onleft>602</onleft>
						<onright>604</onright>
						<onup>603</onup>
						<ondown>603</ondown>
						<onclick>PlayerControl(Play)</onclick>
					</control>
					<control type="button" id="604">
						<posx>200</posx>
						<posy>0</posy>
						<width>50</width>
						<height>50</height>
						<label>-</label>
						<texturefocus>OSDForwardFO.png</texturefocus>
						<texturenofocus>OSDForwardNF.png</texturenofocus>
						<onleft>603</onleft>
						<onright>605</onright>
						<onup>604</onup>
						<ondown>604</ondown>
						<onclick>PlayerControl(Forward)</onclick>
					</control>
					<control type="button" id="605">
						<posx>250</posx>
						<posy>0</posy>
						<width>50</width>
						<height>50</height>
						<label>-</label>
						<texturefocus>OSDNextTrackFO.png</texturefocus>
						<texturenofocus>OSDNextTrackNF.png</texturenofocus>
						<onleft>604</onleft>
						<onright>703</onright>
						<onup>605</onup>
						<ondown>605</ondown>
						<onclick>PlayerControl(Next)</onclick>
					</control>
				</control>
				<control type="button" id="703">
					<posx>750</posx>
					<posy>2</posy>
					<width>45</width>
					<height>45</height>
					<label>-</label>
					<texturefocus>OSDDvdFO.png</texturefocus>
					<texturenofocus>OSDDvdNF.png</texturenofocus>
					<onleft>605</onleft>
					<onright>704</onright>
					<onup>703</onup>
					<ondown>703</ondown>
					<onclick>PlayerControl(ShowVideoMenu)</onclick>
					<enable>VideoPlayer.HasMenu</enable>
					<animation effect="fade" start="100" end="30" time="100" condition="!VideoPlayer.HasMenu">Conditional</animation>
				</control>
				<control type="button" id="704">
					<posx>800</posx>
					<posy>2</posy>
					<width>45</width>
					<height>45</height>
					<label>-</label>
					<texturefocus>OSDRecordFO.png</texturefocus>
					<texturenofocus>OSDRecordNF.png</texturenofocus>
					<onleft>703</onleft>
					<onright>700</onright>
					<onup>704</onup>
					<ondown>704</ondown>
					<onclick>XBMC.PlayerControl(record)</onclick>
					<enable>Player.CanRecord</enable>
					<animation effect="fade" start="100" end="30" time="100" condition="!Player.CanRecord">Conditional</animation>
				</control>
			</control>
			<include>Clock</include>
		</control>
	</controls>
</window>