﻿<fonts>
	<fontset id="Default" unicode="false">
		<font>
			<name>font101</name>
			<filename>common-font10-720p.xpr</filename>
		</font>
		<font>
			<name>font10</name>
			<filename>common-font10-720p.xpr</filename>
		</font>
		<font>
			<name>font12</name>
			<filename>common-font12-720p.xpr</filename>
		</font>
		<font>
			<name>font13</name>
			<filename>common-font13-720p.xpr</filename>
		</font>
		<font>
			<name>special12</name>
			<filename>special-normal-720p.xpr</filename>
		</font>
		<font>
			<name>special13</name>
			<filename>special-bold-720p.xpr</filename>
		</font>
	</fontset>
	<fontset id="Arial TTF" unicode="true">
		<font>
			<name>font101</name>
			<filename>Arial.ttf</filename>
			<size>20</size>
		</font>
		<font>
			<name>font10</name>
			<filename>Arial.ttf</filename>
			<size>14</size>
			<style>bold</style>
		</font>
		<font>
			<name>font12</name>
			<filename>Arial.ttf</filename>
			<size>14</size>
			<style>bold</style>
		</font>
		<font>
			<name>font13</name>
			<filename>Arial.ttf</filename>
			<size>19</size>
		</font>
		<font>
			<name>special12</name>
			<filename>Arial.ttf</filename>
			<size>21</size>
		</font>
		<font>
			<name>special13</name>
			<filename>Arial.ttf</filename>
			<size>21</size>
			<style>bold</style>
		</font>
	</fontset>
</fonts>